
██████████████████████████████████████████████████████████████████████████████████████████████████████████████
  📅 天數組合: 45 日  →  輸出檔: q12_45.txt
██████████████████████████████████████████████████████████████████████████████████████████████████████████████

🔁 共執行 45 次，每次區間長度 45 個交易日

══════════════════════════════════════════════════════════════════════════════════════════════════════════════
  🔄 第  1/45 次  2026/07/23 ～ 2026/09/30
══════════════════════════════════════════════════════════════════════════════════════════════════════════════

==========================================================================================================================================================================
📊 累計漲跌停強度排名 (2026/07/23 ~ 2026/09/30)
==========================================================================================================================================================================
    實資排名        累計天數排名  代號        名稱                 累計漲停(元)       累計跌停(元)       強度%  (07/23)開盤      最高      最低      收盤    (09/30)開盤      最高      最低      收盤      賺賠    賺賠率
--------------------------------------------------------------------------------------------------------------------------------------------------------------------------
       1            79  5274      信驊                13250.00      11030.00    26.32%  15575.00 16210.00 15315.00 15540.00    19525.00 19675.00 18680.00 18750.00  +3210.00   +20.66%
       2            11  7856      漢測                 2480.00        480.00    23.71%        --       --       --       --     4340.00  4400.00  4235.00  4250.00        --        --
       3           244  3529      力旺                 3000.00       2320.00     8.06%   2620.00  2710.00  2480.00  2505.00     3450.00  3635.00  3305.00  3305.00   +800.00   +31.94%
       4           251  3081      聯亞                 3025.00       2400.00     7.41%   1720.00  1830.00  1645.00  1830.00     2700.00  2730.00  2665.00  2695.00   +865.00   +47.27%
       5           406  3324      雙鴻                 1347.00        864.00     5.73%    928.00   959.00   922.00   923.00     1620.00  1645.00  1530.00  1530.00   +607.00   +65.76%
       6           347  6683      雍智科技               1597.00       1262.00     3.97%   1220.00  1250.00  1220.00  1235.00     1495.00  1605.00  1490.00  1590.00   +355.00   +28.74%
       7           200  6510      精測                 2830.00       2580.00     2.96%   2720.00  2840.00  2720.00  2760.00     3170.00  3240.00  3065.00  3065.00   +305.00   +11.05%
       8           338  7751      竑騰                 1785.00       1565.00     2.61%   1260.00  1260.00  1155.00  1185.00     1625.00  1650.00  1530.00  1625.00   +440.00   +37.13%
       9           595  7717      萊德光電-KY             526.00        311.50     2.54%    430.50   471.00   429.00   461.00      600.00   618.00   590.00   604.00   +143.00   +31.02%
      10           335  8227      巨有科技                225.00         24.00     2.38%    155.00   155.50   147.00   150.00      370.50   370.50   370.50   370.50   +220.50  +147.00%
      11           498  6538      倉和                  339.50        158.50     2.15%    138.50   147.50   138.50   145.00      360.50   374.50   355.00   356.00   +211.00  +145.52%
      12           682  3105      穩懋                  456.00        285.00     2.03%    361.50   385.00   354.00   364.50      509.00   542.00   509.00   542.00   +177.50   +48.70%
      13           359  3491      昇達科                1367.00       1212.00     1.84%   1300.00  1355.00  1270.00  1300.00     1540.00  1540.00  1480.00  1500.00   +200.00   +15.38%
      14           766  6173      信昌電                 287.50        153.50     1.59%    175.00   183.00   175.00   183.00      301.00   303.50   288.00   288.50   +105.50   +57.65%
      15           564  7792      安葆                  209.00         80.50     1.52%    212.00   216.50   210.50   216.00      420.00   424.00   413.00   424.00   +208.00   +96.30%
      16           477  4979      華星光                 602.00        480.00     1.45%    376.50   416.50   375.50   407.50      576.00   576.00   561.00   569.00   +161.50   +39.63%
      17           334  3498      陽程                  160.00         40.50     1.42%    111.50   115.50   108.50   114.50      234.50   234.50   221.00   229.00   +114.50  +100.00%
      18           728  6291      沛亨                  364.50        253.50     1.32%    385.00   398.00   372.00   374.50      504.00   510.00   494.00   500.00   +125.50   +33.51%
      19           470  8299      群聯                 1305.00       1195.00     1.30%   1940.00  1960.00  1895.00  1920.00     2150.00  2215.00  2140.00  2150.00   +230.00   +11.98%
      20           585  6727      亞泰金屬                424.50        325.50     1.17%    380.00   384.50   365.50   375.00      487.50   499.50   485.00   485.00   +110.00   +29.33%
      21           586  3675      德微                  219.00        122.50     1.14%    268.50   272.50   253.00   263.50      337.00   338.00   328.50   330.00    +66.50   +25.24%
      22           555  4768      晶呈科技                248.50        153.50     1.13%    316.50   332.00   316.50   323.50      365.00   382.00   360.00   380.00    +56.50   +17.47%
      23            17  5904      寶雅                   85.00          0.00     1.01%    631.00   643.00   626.00   635.00       68.90    70.10    68.80    69.70   -565.30   -89.02%
      24           594  4991      環宇-KY               552.50        470.00     0.98%    435.00   454.00   414.00   436.00      485.00   498.00   471.50   488.00    +52.00   +11.93%
      25           132  2221      大甲                   82.00          0.00     0.97%     51.60    51.70    49.75    50.90      178.00   198.00   170.00   197.50   +146.60  +288.02%
      26           227  5432      新門                   79.00          0.00     0.94%    124.50   124.50   119.00   120.50      162.00   162.50   159.50   160.00    +39.50   +32.78%
      27           557  6664      群翊                  175.00         97.50     0.92%    371.00   371.50   359.00   362.00      373.50   387.00   370.50   376.00    +14.00    +3.87%
      28           613  3693      營邦                  378.00        302.50     0.90%    525.00   538.00   497.50   503.00      708.00   713.00   687.00   687.00   +184.00   +36.58%
      29           724  6643      M31                 289.50        217.00     0.86%    433.00   443.50   420.00   420.00      506.00   555.00   500.00   555.00   +135.00   +32.14%
      30           217  7772      耀穎                   86.50         14.50     0.85%     99.00    99.20    96.50    99.20      180.00   180.00   175.00   176.00    +76.80   +77.42%
      31           340  7805      威聯通                 140.00         71.00     0.82%    620.00   621.00   615.00   617.00      498.00   498.00   491.50   494.00   -123.00   -19.94%
      32           434  3264      欣銓                  141.50         73.00     0.81%    220.00   221.00   209.50   218.00      243.50   247.00   238.00   243.50    +25.50   +11.70%
      33           587  7744      崴寶                  300.50        232.50     0.81%    423.50   438.00   420.00   423.00      532.00   540.00   523.00   523.00   +100.00   +23.64%
      34           248  3441      聯一光                  89.20         21.50     0.80%     64.90    70.30    64.50    68.70      184.50   187.00   181.50   184.50   +115.80  +168.56%
      35           438  6274      台燿                 1245.00       1180.00     0.77%   1405.00  1415.00  1325.00  1335.00     1500.00  1550.00  1485.00  1520.00   +185.00   +13.86%
      36           759  4908      前鼎                  183.50        118.50     0.77%    148.00   152.00   142.00   144.00      210.50   212.00   205.50   207.00    +63.00   +43.75%
      37           537  3455      由田                  139.00         75.00     0.76%    204.50   214.50   200.00   201.00      268.50   279.00   260.50   267.00    +66.00   +32.84%
      38           706  6290      良維                  153.50         96.50     0.68%    249.00   251.50   243.50   249.00      272.00   283.50   270.00   280.00    +31.00   +12.45%
      39           274  6811      宏碁資訊                 74.50         19.50     0.65%    248.00   253.00   244.00   245.50      241.00   241.00   237.50   240.50     -5.00    -2.04%
      40           319  6870      騰雲                  147.50         94.00     0.63%    272.50   282.00   266.50   269.00      331.00   331.00   315.00   323.50    +54.50   +20.26%
==========================================================================================================================================================================
✅ 共 40 筆


══════════════════════════════════════════════════════════════════════════════════════════════════════════════
  🔄 第  2/45 次  2026/07/22 ～ 2026/09/29
══════════════════════════════════════════════════════════════════════════════════════════════════════════════

==========================================================================================================================================================================
📊 累計漲跌停強度排名 (2026/07/22 ~ 2026/09/29)
==========================================================================================================================================================================
    實資排名        累計天數排名  代號        名稱                 累計漲停(元)       累計跌停(元)       強度%  (07/22)開盤      最高      最低      收盤    (09/29)開盤      最高      最低      收盤      賺賠    賺賠率
--------------------------------------------------------------------------------------------------------------------------------------------------------------------------
       1            79  5274      信驊                14660.00      10385.00    36.18%  15300.00 15510.00 15085.00 15510.00    20430.00 20430.00 19040.00 19395.00  +3885.00   +25.05%
       2             7  7856      漢測                 2480.00        415.00    17.48%        --       --       --       --     4580.00  4580.00  4255.00  4315.00        --        --
       3           246  3529      力旺                 3235.00       2320.00     7.74%   2450.00  2600.00  2430.00  2600.00     3175.00  3410.00  3145.00  3305.00   +705.00   +27.12%
       4           246  3081      聯亞                 3130.00       2400.00     6.18%   1640.00  1665.00  1620.00  1665.00     2700.00  2735.00  2645.00  2650.00   +985.00   +59.16%
       5           406  3324      雙鴻                 1347.00        782.00     4.78%    937.00   948.00   907.00   908.00     1680.00  1680.00  1595.00  1630.00   +722.00   +79.52%
       6           206  6510      精測                 2895.00       2505.00     3.30%   2745.00  2790.00  2665.00  2710.00     3245.00  3285.00  3055.00  3140.00   +430.00   +15.87%
       7           356  3491      昇達科                1482.00       1202.00     2.37%   1280.00  1300.00  1250.00  1300.00     1595.00  1630.00  1510.00  1510.00   +210.00   +16.15%
       8           359  6683      雍智科技               1532.00       1262.00     2.29%   1200.00  1250.00  1195.00  1220.00     1515.00  1540.00  1450.00  1475.00   +255.00   +20.90%
       9           342  7751      竑騰                 1795.00       1565.00     1.95%   1220.00  1295.00  1210.00  1260.00     1515.00  1560.00  1470.00  1555.00   +295.00   +23.41%
      10           573  7717      萊德光電-KY             514.00        311.50     1.71%    438.50   454.00   424.00   428.50      607.00   612.00   588.00   592.00   +163.50   +38.16%
      11           498  6538      倉和                  339.50        158.50     1.53%    139.50   145.00   132.00   139.00      400.00   417.00   358.50   358.50   +219.50  +157.91%
      12           324  8227      巨有科技                191.50         24.00     1.42%    155.00   159.00   153.00   154.50      313.00   337.00   308.00   337.00   +182.50  +118.12%
      13           434  6274      台燿                 1330.00       1180.00     1.27%   1355.00  1355.00  1355.00  1355.00     1495.00  1515.00  1465.00  1485.00   +130.00    +9.59%
      14           500  4979      華星光                 624.00        480.00     1.22%    375.50   384.00   366.50   379.00      560.00   570.00   556.00   567.00   +188.00   +49.60%
      15           702  3105      穩懋                  426.50        285.00     1.20%    360.00   373.00   356.00   359.00      496.50   498.50   484.50   493.00   +134.00   +37.33%
      16           621  3693      營邦                  425.00        287.50     1.16%    481.50   519.00   480.50   519.00      719.00   734.00   701.00   702.00   +183.00   +35.26%
      17           471  8299      群聯                 1330.00       1195.00     1.14%   1940.00  1995.00  1915.00  1915.00     2105.00  2135.00  2080.00  2115.00   +200.00   +10.44%
      18           766  6173      信昌電                 287.50        153.50     1.13%    192.00   192.50   177.00   178.00      303.00   314.00   296.50   297.50   +119.50   +67.13%
      19           606  6727      亞泰金屬                457.50        325.50     1.12%    343.50   365.50   343.50   365.50      492.50   505.00   481.50   483.00   +117.50   +32.15%
      20           756  6291      沛亨                  383.00        253.50     1.10%    379.00   385.00   370.00   378.00      484.00   501.00   481.00   499.00   +121.00   +32.01%
      21           564  7792      安葆                  209.00         80.50     1.09%    213.00   214.50   210.50   212.00      427.50   430.00   400.00   416.00   +204.00   +96.23%
      22           334  3498      陽程                  160.00         40.50     1.01%    107.50   112.50   106.50   111.50      216.00   235.00   212.00   235.00   +123.50  +110.76%
      23           524  3163      波若威                 652.00        539.00     0.96%    696.00   730.00   694.00   730.00      648.00   656.00   639.00   646.00    -84.00   -11.51%
      24           594  4991      環宇-KY               577.00        470.00     0.91%    405.00   420.50   398.00   420.50      455.00   493.00   455.00   474.50    +54.00   +12.84%
      25           586  3675      德微                  219.00        122.50     0.82%    272.00   281.50   272.00   273.00      337.50   354.50   331.00   334.00    +61.00   +22.34%
      26           596  6664      群翊                  189.00         97.50     0.77%    363.00   372.00   359.50   371.00      358.50   372.00   355.50   370.00     -1.00    -0.27%
      27           574  4768      晶呈科技                243.00        153.50     0.76%    300.50   316.00   300.50   314.00      325.50   357.50   323.00   357.50    +43.50   +13.85%
      28           514  3363      上詮                  621.00        533.00     0.74%    544.00   575.00   544.00   566.00      645.00   666.00   643.00   652.00    +86.00   +15.19%
      29            17  5904      寶雅                   85.00          0.00     0.72%    636.00   642.00   627.00   631.00       69.30    69.40    68.60    68.80   -562.20   -89.10%
      30           227  5432      新門                   79.00          0.00     0.67%    126.00   126.00   123.00   124.50      163.50   164.00   160.00   160.50    +36.00   +28.92%
      31           217  7772      耀穎                   86.50         14.50     0.61%     99.50   100.50    95.40    99.00      176.00   179.50   172.50   176.00    +77.00   +77.78%
      32           340  7805      威聯通                 140.00         71.00     0.58%    633.00   633.00   620.00   624.00      498.00   498.00   489.00   489.00   -135.00   -21.63%
      33           434  3264      欣銓                  141.50         73.00     0.58%    216.00   219.50   214.00   217.00      245.00   245.00   238.00   241.50    +24.50   +11.29%
      34           587  7744      崴寶                  300.50        232.50     0.58%    432.50   435.00   427.50   427.50      531.00   544.00   523.00   523.00    +95.50   +22.34%
      35           248  3441      聯一光                  89.20         21.50     0.57%     65.20    68.00    63.90    64.00      177.50   185.00   176.00   185.00   +121.00  +189.06%
      36           759  4908      前鼎                  183.50        118.50     0.55%    143.00   146.00   142.00   144.50      208.50   212.00   205.00   205.50    +61.00   +42.21%
      37           117  2221      大甲                   64.50          0.00     0.55%     51.10    55.30    48.15    51.60      169.00   180.00   167.50   180.00   +128.40  +248.84%
      38           537  3455      由田                  139.00         75.00     0.54%    199.00   209.50   195.00   201.50      258.50   276.00   256.00   267.00    +65.50   +32.51%
      39           608  4971      IET-KY              591.00        527.50     0.54%    419.50   440.50   417.00   419.00      543.00   555.00   539.00   540.00   +121.00   +28.88%
      40           518  6640      均華                 1049.00        986.00     0.53%    939.00   982.00   930.00   965.00     1000.00  1070.00   995.00  1040.00    +75.00    +7.77%
==========================================================================================================================================================================
✅ 共 40 筆


══════════════════════════════════════════════════════════════════════════════════════════════════════════════
  🔄 第  3/45 次  2026/07/21 ～ 2026/09/24
══════════════════════════════════════════════════════════════════════════════════════════════════════════════

==========================================================================================================================================================================
📊 累計漲跌停強度排名 (2026/07/21 ~ 2026/09/24)
==========================================================================================================================================================================
    實資排名        累計天數排名  代號        名稱                 累計漲停(元)       累計跌停(元)       強度%  (07/21)開盤      最高      最低      收盤    (09/24)開盤      最高      最低      收盤      賺賠    賺賠率
--------------------------------------------------------------------------------------------------------------------------------------------------------------------------
       1            79  5274      信驊                15845.00       9945.00    35.57%  13010.00 14205.00 13010.00 14100.00    20485.00 20505.00 19705.00 19835.00  +5735.00   +40.67%
       2             5  7856      漢測                 2480.00        125.00    14.20%        --       --       --       --     4675.00  4695.00  4530.00  4605.00        --        --
       3           257  3529      力旺                 3225.00       2320.00     5.46%   2340.00  2390.00  2280.00  2365.00     3250.00  3315.00  3160.00  3230.00   +865.00   +36.58%
       4           247  3081      聯亞                 3210.00       2350.00     5.18%   1495.00  1530.00  1430.00  1515.00     2640.00  2710.00  2595.00  2700.00  +1185.00   +78.22%
       5           413  3324      雙鴻                 1415.00        702.00     4.30%    873.00   930.00   870.00   926.00     1595.00  1750.00  1590.00  1710.00   +784.00   +84.67%
       6           212  6510      精測                 2975.00       2335.00     3.86%   2605.00  2675.00  2570.00  2645.00     3460.00  3460.00  3280.00  3310.00   +665.00   +25.14%
       7           363  6683      雍智科技               1597.00       1217.00     2.29%   1120.00  1205.00  1090.00  1170.00     1555.00  1585.00  1495.00  1520.00   +350.00   +29.91%
       8           349  3491      昇達科                1482.00       1192.00     1.75%   1215.00  1215.00  1160.00  1185.00     1545.00  1565.00  1520.00  1555.00   +370.00   +31.22%
       9           419  6274      台燿                 1440.00       1170.00     1.63%   1230.00  1235.00  1230.00  1235.00     1485.00  1530.00  1475.00  1495.00   +260.00   +21.05%
      10           349  7751      竑騰                 1835.00       1565.00     1.63%   1135.00  1180.00  1105.00  1180.00     1435.00  1520.00  1425.00  1515.00   +335.00   +28.39%
      11           453  8299      群聯                 1450.00       1185.00     1.60%   1800.00  1855.00  1775.00  1855.00     2195.00  2195.00  2095.00  2125.00   +270.00   +14.56%
      12           487  6538      倉和                  339.50        119.00     1.33%    141.00   155.00   137.50   137.50      403.00   409.50   389.00   398.00   +260.50  +189.45%
      13           281  7828      創新服務               2075.00       1860.00     1.30%   1800.00  1900.00  1695.00  1870.00     1970.00  2030.00  1945.00  1970.00   +100.00    +5.35%
      14           573  7717      萊德光電-KY             514.00        311.50     1.22%    435.00   444.50   413.50   428.50      602.00   608.00   588.00   594.00   +165.50   +38.62%
      15           640  3693      營邦                  445.50        260.50     1.12%    459.00   472.00   452.50   472.00      732.00   748.00   713.00   729.00   +257.00   +54.45%
      16           727  3105      穩懋                  452.50        285.00     1.01%    322.00   340.00   319.50   339.50      495.50   506.00   482.00   502.00   +162.50   +47.86%
      17           540  4979      華星光                 641.00        480.00     0.97%    348.50   358.50   342.50   357.00      581.00   590.00   559.00   563.00   +206.00   +57.70%
      18           542  3163      波若威                 694.00        539.00     0.93%    631.00   664.00   626.00   664.00      660.00   663.00   645.00   653.00    -11.00    -1.66%
      19           591  6727      亞泰金屬                457.50        303.50     0.93%    330.00   340.00   322.50   332.50      468.00   509.00   464.50   505.00   +172.50   +51.88%
      20           547  7792      安葆                  209.00         61.00     0.89%    206.50   215.00   206.50   212.50      415.00   453.00   415.00   435.50   +223.00  +104.94%
      21           317  8227      巨有科技                161.00         24.00     0.83%    146.00   152.00   144.00   151.00      305.00   309.00   295.00   306.50   +155.50  +102.98%
      22           766  6173      信昌電                 287.50        153.50     0.81%    160.50   175.00   158.00   175.00      303.00   314.00   300.50   306.50   +131.50   +75.14%
      23           592  4991      環宇-KY               600.50        470.00     0.79%    365.00   382.50   358.00   382.50      447.50   464.00   436.00   463.50    +81.00   +21.18%
      24           742  6291      沛亨                  368.00        253.50     0.69%    357.00   368.00   348.00   359.50      486.50   497.00   478.50   484.00   +124.50   +34.63%
      25           609  4971      IET-KY              627.50        515.50     0.68%    382.00   403.50   379.00   403.50      551.00   554.00   536.00   552.00   +148.50   +36.80%
      26           548  3363      上詮                  641.00        533.00     0.65%    512.00   528.00   504.00   523.00      636.00   654.00   629.00   652.00   +129.00   +24.67%
      27            46  5904      寶雅                  107.00          0.00     0.64%    611.00   635.00   611.00   633.00       70.80    70.80    69.30    69.30   -563.70   -89.05%
      28           615  7744      崴寶                  315.00        212.50     0.62%    430.00   432.50   423.00   432.50      534.00   546.00   533.00   543.00   +110.50   +25.55%
      29           324  3498      陽程                  139.00         40.50     0.59%    109.50   113.00   103.50   105.50      198.00   215.00   197.00   214.00   +108.50  +102.84%
      30           555  8358      金居                  461.50        364.00     0.59%    380.00   396.50   372.50   394.50      498.00   511.00   495.00   511.00   +116.50   +29.53%
      31           586  3675      德微                  219.00        122.50     0.58%    274.00   282.00   262.00   267.50      332.00   335.00   320.50   335.00    +67.50   +25.23%
      32           693  3680      家登                  362.50        268.00     0.57%    447.50   481.00   445.50   481.00      531.00   546.00   528.00   542.00    +61.00   +12.68%
      33           370  7805      威聯通                 162.00         71.00     0.55%    603.00   621.00   603.00   621.00      497.50   500.00   497.50   498.00   -123.00   -19.81%
      34           605  3374      精材                  435.00        345.00     0.54%    351.00   380.00   343.50   380.00      462.50   464.50   442.00   449.00    +69.00   +18.16%
      35           482  3264      欣銓                  154.00         73.00     0.49%    201.00   211.50   200.00   210.00      250.00   255.00   244.00   246.00    +36.00   +17.14%
      36           576  6664      群翊                  177.50         97.50     0.48%    359.00   365.00   354.50   357.00      343.00   360.00   342.50   358.50     +1.50    +0.42%
      37           227  5432      新門                   79.00          0.00     0.48%    122.50   122.50   120.50   122.00      163.50   169.00   163.00   167.50    +45.50   +37.30%
      38           217  7772      耀穎                   86.50         14.50     0.43%    100.50   100.50    95.00    96.00      173.00   182.00   170.50   180.00    +84.00   +87.50%
      39           248  3441      聯一光                  89.20         21.50     0.41%     65.00    66.10    63.30    63.70      176.00   181.00   175.00   181.00   +117.30  +184.14%
      40           402  3260      威剛                  155.00         88.50     0.40%    357.00   368.50   354.00   368.50      381.00   381.00   373.50   378.00     +9.50    +2.58%
==========================================================================================================================================================================
✅ 共 40 筆


══════════════════════════════════════════════════════════════════════════════════════════════════════════════
  🔄 第  4/45 次  2026/07/20 ～ 2026/09/23
══════════════════════════════════════════════════════════════════════════════════════════════════════════════

==========================================================================================================================================================================
📊 累計漲跌停強度排名 (2026/07/20 ~ 2026/09/23)
==========================================================================================================================================================================
    實資排名        累計天數排名  代號        名稱                 累計漲停(元)       累計跌停(元)       強度%  (07/20)開盤      最高      最低      收盤    (09/23)開盤      最高      最低      收盤      賺賠    賺賠率
--------------------------------------------------------------------------------------------------------------------------------------------------------------------------
       1            93  5274      信驊                15845.00       9535.00    40.90%  13100.00 13220.00 11880.00 12915.00    20385.00 20620.00 19780.00 20280.00  +7365.00   +57.03%
       2             1  7856      漢測                 2480.00          0.00    16.08%        --       --       --       --     4800.00  4800.00  4520.00  4730.00        --        --
       3           258  3529      力旺                 3225.00       2295.00     6.03%   2315.00  2350.00  2185.00  2300.00     3190.00  3350.00  3020.00  3305.00  +1005.00   +43.70%
       4           246  3081      聯亞                 3190.00       2395.00     5.15%   1510.00  1520.00  1335.00  1435.00     2825.00  2845.00  2585.00  2680.00  +1245.00   +86.76%
       5           237  6510      精測                 2975.00       2190.00     5.09%   2700.00  2700.00  2400.00  2565.00     3735.00  3740.00  3420.00  3475.00   +910.00   +35.48%
       6           417  3324      雙鴻                 1300.00        757.00     3.52%    913.00   918.00   831.00   858.00     1605.00  1630.00  1555.00  1595.00   +737.00   +85.90%
       7           456  8299      群聯                 1450.00       1145.00     1.98%   1800.00  1820.00  1685.00  1735.00     2280.00  2350.00  2200.00  2215.00   +480.00   +27.67%
       8           359  6683      雍智科技               1597.00       1292.00     1.98%   1210.00  1210.00  1095.00  1105.00     1595.00  1605.00  1540.00  1555.00   +450.00   +40.72%
       9           475  6538      倉和                  339.50        106.50     1.51%    137.00   150.50   136.00   141.50      440.00   457.50   405.00   410.50   +269.00  +190.11%
      10           562  7717      萊德光電-KY             514.00        297.50     1.40%    438.00   449.50   397.50   435.00      601.00   631.00   596.00   608.00   +173.00   +39.77%
      11           648  3693      營邦                  455.00        260.50     1.26%    442.50   463.00   432.00   451.50      706.00   738.00   705.00   732.00   +280.50   +62.13%
      12           422  6274      台燿                 1405.00       1215.00     1.23%   1135.00  1175.00  1060.00  1125.00     1440.00  1485.00  1420.00  1460.00   +335.00   +29.78%
      13           571  4979      華星光                 641.00        469.00     1.11%    358.00   362.00   320.50   340.00      612.00   613.00   583.00   590.00   +250.00   +73.53%
      14           336  3491      昇達科                1482.00       1317.00     1.07%   1380.00  1405.00  1220.00  1220.00     1490.00  1575.00  1490.00  1565.00   +345.00   +28.28%
      15           365  7751      竑騰                 1755.00       1595.00     1.04%   1060.00  1150.00  1030.00  1100.00     1420.00  1440.00  1410.00  1435.00   +335.00   +30.45%
      16           758  3105      穩懋                  452.50        304.00     0.96%    325.50   336.00   302.50   313.50      507.00   518.00   486.50   497.00   +183.50   +58.53%
      17           317  8227      巨有科技                161.00         24.00     0.89%    148.50   148.50   136.50   142.50      308.50   310.00   290.00   310.00   +167.50  +117.54%
      18           545  3163      波若威                 694.00        559.00     0.88%    651.00   660.00   587.00   622.00      671.00   671.00   648.00   663.00    +41.00    +6.59%
      19           536  7792      安葆                  189.00         61.00     0.83%    214.00   214.00   200.00   205.50      378.50   415.50   378.00   415.50   +210.00  +102.19%
      20           798  6173      信昌電                 287.50        172.50     0.75%    177.00   177.00   175.00   175.00      306.00   313.00   301.00   302.50   +127.50   +72.86%
      21           609  4971      IET-KY              627.50        515.50     0.73%    380.00   381.00   337.50   367.00      563.00   572.00   541.00   545.00   +178.00   +48.50%
      22           548  3363      上詮                  641.00        533.00     0.70%    492.00   506.00   458.50   503.00      660.00   665.00   631.00   643.00   +140.00   +27.83%
      23            46  5904      寶雅                  107.00          0.00     0.69%    617.00   627.00   601.00   611.00       71.30    71.70    70.60    70.80   -540.20   -88.41%
      24           631  4991      環宇-KY               584.50        482.00     0.66%    358.00   365.50   327.50   348.00      476.50   477.50   439.50   447.50    +99.50   +28.59%
      25           643  3374      精材                  435.00        335.00     0.65%    361.00   362.50   332.00   345.50      486.00   486.00   463.00   472.00   +126.50   +36.61%
      26           775  6291      沛亨                  368.00        272.00     0.62%    380.50   380.50   340.00   355.00      501.00   504.00   485.00   493.00   +138.00   +38.87%
      27           671  7744      崴寶                  315.00        222.50     0.60%    428.00   429.00   410.00   418.00      545.00   546.00   530.00   534.00   +116.00   +27.75%
      28           370  7805      威聯通                 162.00         71.00     0.59%    600.00   600.00   586.00   599.00      504.00   508.00   499.00   500.00    -99.00   -16.53%
      29           311  3498      陽程                  124.00         40.50     0.54%    113.50   115.00   105.50   109.50      205.00   209.50   197.50   199.00    +89.50   +81.74%
      30           227  5432      新門                   79.00          0.00     0.51%    123.50   124.50   118.50   120.50      154.50   166.50   151.50   163.50    +43.00   +35.68%
      31           599  6727      亞泰金屬                417.50        340.00     0.50%    361.00   361.00   331.00   331.00      476.00   486.50   465.00   465.00   +134.00   +40.48%
      32           613  3675      德微                  219.00        143.50     0.49%    281.00   285.00   258.00   264.50      309.00   332.00   307.50   332.00    +67.50   +25.52%
      33           217  7772      耀穎                   86.50         14.50     0.47%     99.50    99.80    89.90    98.00      199.00   199.00   171.00   173.50    +75.50   +77.04%
      34           248  3441      聯一光                  89.20         21.50     0.44%     69.80    69.80    63.30    63.70      180.50   180.50   175.50   177.50   +113.80  +178.65%
      35           559  6664      群翊                  165.00         97.50     0.44%    362.50   366.50   343.00   359.00      350.50   352.00   346.00   346.00    -13.00    -3.62%
      36           759  4908      前鼎                  183.50        118.50     0.42%    140.00   140.00   124.50   135.00      222.50   225.00   207.50   210.00    +75.00   +55.56%
      37           287  6922      宸曜                   90.50         26.00     0.42%    165.00   167.00   160.50   166.00      204.50   208.00   199.50   204.50    +38.50   +23.19%
      38           519  3264      欣銓                  154.00         89.50     0.42%    215.00   215.00   194.50   197.50      273.00   273.50   250.50   252.00    +54.50   +27.59%
      39           561  6640      均華                 1037.00        973.00     0.41%    937.00   944.00   861.00   910.00     1040.00  1070.00  1015.00  1050.00   +140.00   +15.38%
      40           475  3234      光環                  111.80         50.40     0.40%     98.60   100.50    91.00    96.30      174.50   174.50   169.00   170.00    +73.70   +76.53%
==========================================================================================================================================================================
✅ 共 40 筆


══════════════════════════════════════════════════════════════════════════════════════════════════════════════
  🔄 第  5/45 次  2026/07/17 ～ 2026/09/22
══════════════════════════════════════════════════════════════════════════════════════════════════════════════

==========================================================================================================================================================================
📊 累計漲跌停強度排名 (2026/07/17 ~ 2026/09/22)
==========================================================================================================================================================================
    實資排名        累計天數排名  代號        名稱                 累計漲停(元)       累計跌停(元)       強度%  (07/17)開盤      最高      最低      收盤    (09/22)開盤      最高      最低      收盤      賺賠    賺賠率
--------------------------------------------------------------------------------------------------------------------------------------------------------------------------
       1            93  5274      信驊                15845.00       9865.00    62.96%  13625.00 13835.00 12800.00 12950.00    21800.00 21800.00 20625.00 20905.00  +7955.00   +61.43%
       2             1  7856      漢測                 2480.00          0.00    26.11%        --       --       --       --     4400.00  4995.00  4305.00  4730.00        --        --
       3           251  6510      精測                 2975.00       2060.00     9.63%   2635.00  2655.00  2565.00  2585.00     3515.00  3775.00  3460.00  3700.00  +1115.00   +43.13%
       4           251  3081      聯亞                 3190.00       2390.00     8.42%   1515.00  1560.00  1460.00  1480.00     2940.00  2950.00  2825.00  2825.00  +1345.00   +90.88%
       5           263  3529      力旺                 3030.00       2475.00     5.84%   2405.00  2460.00  2335.00  2350.00     2895.00  3110.00  2890.00  3110.00   +760.00   +32.34%
       6           419  3324      雙鴻                 1311.00        757.00     5.83%    879.00   930.00   869.00   913.00     1580.00  1630.00  1545.00  1600.00   +687.00   +75.25%
       7           578  6538      倉和                  339.50         82.50     2.71%    143.50   146.00   134.00   137.00      440.00   468.00   416.50   445.50   +308.50  +225.18%
       8           362  6683      雍智科技               1597.00       1392.00     2.16%   1245.00  1290.00  1215.00  1215.00     1645.00  1655.00  1585.00  1590.00   +375.00   +30.86%
       9           570  7717      萊德光電-KY             501.00        344.50     1.65%    455.00   470.00   436.50   438.00      606.00   621.00   586.00   595.00   +157.00   +35.84%
      10           593  4979      華星光                 641.00        490.00     1.59%    376.50   382.50   353.00   356.00      630.00   637.00   605.00   605.00   +249.00   +69.94%
      11           334  3491      昇達科                1442.00       1317.00     1.32%   1295.00  1430.00  1180.00  1355.00     1550.00  1555.00  1480.00  1480.00   +125.00    +9.23%
      12           674  3693      營邦                  423.00        299.00     1.31%    462.50   473.00   442.00   442.00      719.00   739.00   697.00   700.00   +258.00   +58.37%
      13           405  8227      巨有科技                161.00         39.00     1.28%    157.00   159.00   147.00   148.00      299.50   316.00   295.00   305.00   +157.00  +106.08%
      14           791  3105      穩懋                  452.50        340.50     1.18%    344.50   350.00   332.50   332.50      501.00   515.00   489.00   501.00   +168.50   +50.68%
      15            46  5904      寶雅                  107.00          0.00     1.13%    623.00   632.00   610.00   615.00       71.50    72.00    70.70    70.70   -544.30   -88.50%
      16           627  4971      IET-KY              627.50        534.00     0.98%    410.50   410.50   375.00   375.00      594.00   594.00   565.00   568.00   +193.00   +51.47%
      17           858  6173      信昌電                 287.50        194.00     0.98%    195.00   195.00   194.00   194.00      330.50   331.00   300.00   303.00   +109.00   +56.19%
      18           654  4991      環宇-KY               584.50        496.50     0.93%    382.50   387.50   360.00   360.00      499.00   504.00   470.00   473.00   +113.00   +31.39%
      19           201  7772      耀穎                   86.50          0.00     0.91%    102.00   107.00    98.10    99.60      177.50   188.00   176.00   188.00    +88.40   +88.76%
      20           454  8299      群聯                 1420.00       1340.00     0.84%   1860.00  1870.00  1785.00  1785.00     2195.00  2240.00  2165.00  2185.00   +400.00   +22.41%
      21           663  3374      精材                  435.00        356.50     0.83%    369.00   390.50   355.50   358.50      465.00   487.00   459.00   487.00   +128.50   +35.84%
      22           558  3363      上詮                  641.00        567.00     0.78%    519.00   532.00   504.00   504.00      677.00   684.00   655.00   660.00   +156.00   +30.95%
      23           610  7792      安葆                  151.50         79.00     0.76%    220.00   220.50   204.00   208.50      345.00   378.00   332.00   378.00   +169.50   +81.29%
      24           410  3498      陽程                  124.00         53.00     0.75%    124.50   125.50   117.00   117.00      202.00   210.00   196.50   205.50    +88.50   +75.64%
      25           427  7805      威聯通                 162.00         93.00     0.73%    614.00   614.00   601.00   601.00      500.00   509.00   498.00   505.00    -96.00   -15.97%
      26           206  5432      新門                   69.00          0.00     0.73%    128.00   128.00   117.50   123.00      162.00   162.00   153.50   153.50    +30.50   +24.80%
      27           248  3441      聯一光                  89.20         21.50     0.71%     68.00    70.60    66.50    68.00      175.50   181.50   172.50   181.00   +113.00  +166.18%
      28           720  7744      崴寶                  315.00        247.50     0.71%    445.00   450.00   421.00   428.00      542.00   546.00   523.00   534.00   +106.00   +24.77%
      29           277  6811      宏碁資訊                 85.50         19.50     0.69%    224.00   250.50   224.00   239.50      260.50   260.50   250.00   251.50    +12.00    +5.01%
      30           561  3264      欣銓                  154.00         88.50     0.69%    228.50   228.50   214.00   214.00      289.00   289.50   274.50   276.50    +62.50   +29.21%
      31           287  6922      宸曜                   90.50         26.00     0.68%    169.00   170.50   161.50   164.50      206.00   208.50   203.00   204.00    +39.50   +24.01%
      32           837  4908      前鼎                  183.50        119.50     0.67%    145.00   147.00   136.50   138.00      233.50   234.00   222.50   222.50    +84.50   +61.23%
      33           564  3163      波若威                 694.00        631.00     0.66%    688.00   698.00   652.00   652.00      679.00   685.00   661.00   667.00    +15.00    +2.30%
      34           475  3234      光環                  111.80         50.40     0.65%    104.00   105.50    97.20   100.50      180.50   181.00   172.50   173.00    +72.50   +72.14%
      35           806  6291      沛亨                  368.00        311.00     0.60%    392.00   398.50   372.00   373.50      520.00   520.00   492.50   501.00   +127.50   +34.14%
      36           559  8358      金居                  447.50        391.50     0.59%    415.50   420.00   395.00   398.50      501.00   501.00   490.00   491.50    +93.00   +23.34%
      37           104  2221      大甲                   48.50          0.00     0.51%     58.40    59.30    52.60    52.60      152.00   154.00   147.50   154.00   +101.40  +192.78%
      38           605  6727      亞泰金屬                417.50        370.50     0.49%    367.50   389.50   367.50   367.50      485.00   488.00   463.50   475.00   +107.50   +29.25%
      39           424  6274      台燿                 1385.00       1340.00     0.47%   1195.00  1235.00  1170.00  1170.00     1480.00  1510.00  1395.00  1440.00   +270.00   +23.08%
      40           603  6664      群翊                  165.00        125.00     0.42%    382.00   385.00   361.00   362.50      348.50   348.50   342.00   347.00    -15.50    -4.28%
==========================================================================================================================================================================
✅ 共 40 筆


══════════════════════════════════════════════════════════════════════════════════════════════════════════════
  🔄 第  6/45 次  2026/07/16 ～ 2026/09/21
══════════════════════════════════════════════════════════════════════════════════════════════════════════════

==========================================================================================================================================================================
📊 累計漲跌停強度排名 (2026/07/16 ~ 2026/09/21)
==========================================================================================================================================================================
    實資排名        累計天數排名  代號        名稱                 累計漲停(元)       累計跌停(元)       強度%  (07/16)開盤      最高      最低      收盤    (09/21)開盤      最高      最低      收盤      賺賠    賺賠率
--------------------------------------------------------------------------------------------------------------------------------------------------------------------------
       1            91  5274      信驊                14760.00       9865.00    93.46%  13900.00 14295.00 13550.00 13905.00    19400.00 19820.00 19200.00 19820.00  +5915.00   +42.54%
       2           247  3081      聯亞                 3190.00       2475.00    13.65%   1715.00  1715.00  1615.00  1620.00     2900.00  2910.00  2820.00  2875.00  +1255.00   +77.47%
       3           250  6510      精測                 2760.00       2190.00    10.88%   2810.00  2810.00  2680.00  2680.00     3600.00  3680.00  3365.00  3485.00   +805.00   +30.04%
       4           414  3324      雙鴻                 1231.00        757.00     9.05%    905.00   922.00   885.00   902.00     1500.00  1535.00  1460.00  1520.00   +618.00   +68.51%
       5           329  3491      昇達科                1557.00       1277.00     5.35%   1310.00  1310.00  1255.00  1310.00     1555.00  1580.00  1510.00  1520.00   +210.00   +16.03%
       6           260  3529      力旺                 2750.00       2475.00     5.25%   2590.00  2595.00  2465.00  2530.00     2880.00  2950.00  2820.00  2830.00   +300.00   +11.86%
       7           566  6538      倉和                  320.50         82.50     4.54%    151.50   152.50   146.50   148.00      412.00   426.50   400.00   426.50   +278.50  +188.18%
       8           364  6683      雍智科技               1597.00       1427.00     3.25%   1410.00  1425.00  1345.00  1350.00     1655.00  1740.00  1625.00  1675.00   +325.00   +24.07%
       9           595  4979      華星光                 641.00        495.00     2.79%    401.00   404.00   385.00   392.00      616.00   650.00   609.00   618.00   +226.00   +57.65%
      10           674  3693      營邦                  423.00        299.00     2.37%    484.50   489.50   477.50   480.50      704.00   712.00   691.00   702.00   +221.50   +46.10%
      11           578  7717      萊德光電-KY             501.00        391.50     2.09%    536.00   544.00   481.00   485.00      605.00   622.00   565.00   592.00   +107.00   +22.06%
      12            46  5904      寶雅                  107.00          0.00     2.04%    652.00   658.00   622.00   623.00       72.00    72.10    71.20    71.30   -551.70   -88.56%
      13           614  4971      IET-KY              627.50        521.00     2.03%    422.50   422.50   406.00   416.50      597.00   598.00   575.00   581.00   +164.50   +39.50%
      14           392  8227      巨有科技                143.50         39.00     2.00%    164.50   166.50   160.00   163.00      282.00   287.50   271.50   287.50   +124.50   +76.38%
      15           361  7751      竑騰                 1770.00       1680.00     1.72%   1210.00  1290.00  1200.00  1240.00     1495.00  1495.00  1445.00  1445.00   +205.00   +16.53%
      16           657  4991      環宇-KY               584.50        497.50     1.66%    414.50   415.00   394.50   400.00      480.00   508.00   478.00   498.00    +98.00   +24.50%
      17           788  3105      穩懋                  442.00        357.50     1.61%    380.50   381.00   364.50   369.00      497.00   504.00   486.00   490.50   +121.50   +32.93%
      18           567  6640      均華                 1072.00        991.00     1.55%    972.00  1070.00   957.00  1030.00     1185.00  1185.00  1110.00  1110.00    +80.00    +7.77%
      19           572  3264      欣銓                  167.00         88.50     1.50%    223.50   243.50   219.50   237.50      274.00   284.00   266.00   284.00    +46.50   +19.58%
      20           876  6173      信昌電                 287.50        210.00     1.48%    228.00   233.50   213.00   215.50      311.00   318.50   308.00   308.00    +92.50   +42.92%
      21           816  4908      前鼎                  183.50        110.00     1.40%    152.00   154.00   148.00   151.50      241.50   245.00   231.50   232.00    +80.50   +53.14%
      22           187  7772      耀穎                   69.50          0.00     1.33%    104.50   106.00   103.00   104.00      152.00   171.00   147.00   171.00    +67.00   +64.42%
      23           427  7805      威聯通                 162.00         93.00     1.32%    619.00   627.00   619.00   623.00      500.00   502.00   498.50   498.50   -124.50   -19.98%
      24           206  5432      新門                   69.00          0.00     1.32%    130.50   130.50   128.50   128.50      171.50   171.50   161.00   161.00    +32.50   +25.29%
      25           248  3441      聯一光                  89.20         21.50     1.29%     63.80    71.10    63.70    69.70      190.00   190.00   175.00   177.50   +107.80  +154.66%
      26           277  6811      宏碁資訊                 85.50         19.50     1.26%    219.50   232.00   218.50   228.50      270.00   271.50   254.50   256.50    +28.00   +12.25%
      27           287  6922      宸曜                   90.50         26.00     1.23%    176.00   176.00   170.50   171.50      190.50   206.50   190.00   206.50    +35.00   +20.41%
      28           387  3498      陽程                  114.50         53.00     1.17%    122.00   131.50   119.00   129.50      200.00   203.00   194.00   196.00    +66.50   +51.35%
      29           475  3234      光環                  111.80         50.40     1.17%    110.00   114.50   107.50   108.00      183.50   187.00   178.50   178.50    +70.50   +65.28%
      30           701  7744      崴寶                  304.00        247.50     1.08%    459.00   459.00   450.00   453.00      533.00   533.00   512.00   523.00    +70.00   +15.45%
      31           420  6870      騰雲                  143.50         91.00     1.00%    306.50   334.50   300.00   330.00      310.50   319.00   307.00   312.00    -18.00    -5.45%
      32           282  7828      創新服務               2170.00       2120.00     0.95%   1970.00  2210.00  1945.00  2160.00     2140.00  2145.00  2030.00  2040.00   -120.00    -5.56%
      33           605  6727      亞泰金屬                417.50        370.50     0.90%    411.50   430.50   398.00   408.00      487.00   487.00   463.00   478.00    +70.00   +17.16%
      34           830  6291      沛亨                  368.00        324.50     0.83%    418.00   425.00   407.00   412.50      522.00   522.00   506.00   508.00    +95.50   +23.15%
      35           603  6664      群翊                  165.00        125.00     0.76%    393.50   396.50   383.50   390.00      340.00   341.50   336.00   340.50    -49.50   -12.69%
      36           601  7792      安葆                  117.50         79.00     0.74%    234.50   236.00   226.50   226.50      339.50   352.50   325.00   344.00   +117.50   +51.88%
      37           601  5386      青雲                  213.50        175.50     0.73%    371.00   391.50   365.00   383.00      292.00   295.00   286.50   287.50    -95.50   -24.93%
      38           296  7556      意德士                  52.00         14.00     0.73%    233.00   236.50   230.00   232.50      262.00   265.00   253.50   259.50    +27.00   +11.61%
      39           147  3228      金麗科                  36.50          0.00     0.70%    174.00   174.00   168.00   168.00      167.00   177.50   166.50   174.00     +6.00    +3.57%
      40           260  6617      共信-KY                45.50         10.00     0.68%    108.50   118.50   105.00   115.50      143.00   143.00   139.00   141.00    +25.50   +22.08%
==========================================================================================================================================================================
✅ 共 40 筆


══════════════════════════════════════════════════════════════════════════════════════════════════════════════
  🔄 第  7/45 次  2026/07/14 ～ 2026/09/18
══════════════════════════════════════════════════════════════════════════════════════════════════════════════

==========================================================================================================================================================================
📊 累計漲跌停強度排名 (2026/07/14 ~ 2026/09/18)
==========================================================================================================================================================================
    實資排名        累計天數排名  代號        名稱                 累計漲停(元)       累計跌停(元)       強度%  (07/14)開盤      最高      最低      收盤    (09/18)開盤      最高      最低      收盤      賺賠    賺賠率
--------------------------------------------------------------------------------------------------------------------------------------------------------------------------
       1            91  5274      信驊                14230.00      10400.00   152.86%  13485.00 13485.00 12200.00 12985.00    18890.00 19500.00 18870.00 19290.00  +6305.00   +48.56%
       2           258  3081      聯亞                 3190.00       2540.00    25.94%   1950.00  2040.00  1795.00  1925.00     2780.00  2915.00  2730.00  2880.00   +955.00   +49.61%
       3           251  6510      精測                 2760.00       2230.00    21.15%   2815.00  2815.00  2540.00  2700.00     3330.00  3520.00  3320.00  3520.00   +820.00   +30.37%
       4           427  3324      雙鴻                 1191.00        798.00    15.68%    899.00   904.00   819.00   864.00     1480.00  1515.00  1420.00  1480.00   +616.00   +71.30%
       5           335  3491      昇達科                1557.00       1297.00    10.38%   1255.00  1260.00  1155.00  1195.00     1515.00  1565.00  1475.00  1565.00   +370.00   +30.96%
       6           562  6538      倉和                  282.00         82.50     7.96%    147.00   158.00   135.00   156.00      352.50   388.00   348.50   388.00   +232.00  +148.72%
       7           280  7828      創新服務               2220.00       2035.00     7.38%   1915.00  2045.00  1835.00  2025.00     2010.00  2125.00  2010.00  2125.00   +100.00    +4.94%
       8           252  3529      力旺                 2750.00       2595.00     6.19%   2510.00  2515.00  2295.00  2415.00     2770.00  2890.00  2760.00  2845.00   +430.00   +17.81%
       9           595  4979      華星光                 641.00        495.00     5.83%    420.00   442.00   382.50   403.00      578.00   611.00   571.00   611.00   +208.00   +51.61%
      10           581  7717      萊德光電-KY             534.50        391.50     5.71%    467.50   498.00   419.50   498.00      601.00   624.00   594.00   600.00   +102.00   +20.48%
      11           724  3693      營邦                  423.00        311.50     4.45%    485.50   495.50   462.50   476.50      717.00   721.00   693.00   704.00   +227.50   +47.74%
      12           576  6640      均華                 1072.00        975.00     3.87%    960.00   973.00   873.00   914.00     1140.00  1205.00  1140.00  1180.00   +266.00   +29.10%
      13           457  8227      巨有科技                143.50         48.50     3.79%    175.50   176.00   158.50   166.00      263.00   279.00   252.00   279.00   +113.00   +68.07%
      14            92  5904      寶雅                  107.00         13.00     3.75%    665.00   668.00   645.00   656.00       71.80    72.10    71.10    72.10   -583.90   -89.01%
      15           615  4971      IET-KY              627.50        540.00     3.49%    428.00   439.00   385.50   398.00      566.00   592.00   558.00   592.00   +194.00   +48.74%
      16           799  4908      前鼎                  183.50         98.50     3.39%    159.00   164.00   143.50   154.50      240.00   248.50   232.50   243.50    +89.00   +57.61%
      17           876  6173      信昌電                 287.50        210.00     3.09%    240.50   257.00   224.00   239.00      309.00   314.00   300.00   314.00    +75.00   +31.38%
      18           257  6811      宏碁資訊                 85.50          9.50     3.03%    220.00   220.00   212.00   216.50      250.00   272.50   250.00   266.50    +50.00   +23.09%
      19           790  3105      穩懋                  442.00        372.50     2.77%    401.00   404.50   363.00   378.50      487.50   502.00   467.00   500.00   +121.50   +32.10%
      20           206  5432      新門                   69.00          0.00     2.75%    138.50   138.50   131.00   134.00      146.50   160.00   146.50   160.00    +26.00   +19.40%
      21           248  3441      聯一光                  89.20         21.50     2.70%     73.20    73.80    66.90    67.30      185.00   187.00   177.00   185.50   +118.20  +175.63%
      22           561  3264      欣銓                  151.50         88.50     2.51%    219.00   225.00   206.00   217.50      251.00   268.50   250.50   268.50    +51.00   +23.45%
      23           486  7805      威聯通                 162.00        104.00     2.31%    630.00   630.00   605.00   620.00      501.00   509.00   498.50   499.50   -120.50   -19.44%
      24           701  7744      崴寶                  304.00        247.50     2.25%    451.00   453.00   434.00   449.50      521.00   534.00   512.00   531.00    +81.50   +18.13%
      25           175  7772      耀穎                   54.00          0.00     2.16%    110.00   110.00   101.00   105.00      148.00   160.50   147.00   155.50    +50.50   +48.10%
      26           420  6870      騰雲                  143.50         91.00     2.10%    303.00   303.00   292.00   299.50      327.50   327.50   312.00   312.00    +12.50    +4.17%
      27           535  3234      光環                  111.80         60.90     2.03%    120.00   124.00   109.50   111.00      178.50   185.00   175.00   180.00    +69.00   +62.16%
      28           440  3498      陽程                  114.50         64.50     2.00%    140.00   140.00   118.00   119.50      185.50   200.00   183.00   195.00    +75.50   +63.18%
      29           277  6922      宸曜                   72.00         26.00     1.84%    181.00   183.00   171.50   177.50      189.00   189.50   185.50   188.00    +10.50    +5.92%
      30           122  6620      漢達                   45.50          0.00     1.82%     88.30    90.80    82.80    85.50      147.00   155.00   140.50   149.00    +63.50   +74.27%
      31           469  7714      創泓科技                130.50         89.00     1.66%    190.00   202.00   181.00   202.00      177.00   186.00   174.50   179.50    -22.50   -11.14%
      32           603  6664      群翊                  165.00        125.00     1.60%    392.00   392.00   361.00   383.50      338.00   340.00   333.00   339.50    -44.00   -11.47%
      33           601  7792      安葆                  117.50         79.00     1.54%    241.00   241.00   225.00   231.50      320.00   344.00   320.00   339.00   +107.50   +46.44%
      34           601  5386      青雲                  213.50        175.50     1.52%    357.00   360.50   330.00   347.00      287.00   294.00   286.00   294.00    -53.00   -15.27%
      35           147  3228      金麗科                  36.50          0.00     1.46%    171.00   174.50   161.50   168.00      165.50   168.50   164.50   167.00     -1.00    -0.60%
      36           260  6617      共信-KY                45.50         10.00     1.42%    107.00   109.00    97.00   105.00      143.00   144.50   139.50   143.00    +38.00   +36.19%
      37           657  3374      精材                  391.00        356.50     1.38%    358.00   370.00   337.50   365.50      440.00   444.50   418.50   444.50    +79.00   +21.61%
      38            55  7825      和亞智慧                 60.60         26.50     1.36%        --       --       --       --       82.00    84.80    78.70    79.70        --        --
      39           839  6291      沛亨                  368.00        334.00     1.36%    450.00   455.50   408.50   428.00      523.00   525.00   500.00   524.00    +96.00   +22.43%
      40           566  3265      台星科                  80.50         48.50     1.28%    168.00   171.00   153.00   163.50      173.00   182.00   171.50   180.00    +16.50   +10.09%
==========================================================================================================================================================================
✅ 共 40 筆


══════════════════════════════════════════════════════════════════════════════════════════════════════════════
  🔄 第  8/45 次  2026/07/13 ～ 2026/09/17
══════════════════════════════════════════════════════════════════════════════════════════════════════════════

==========================================================================================================================================================================
📊 累計漲跌停強度排名 (2026/07/13 ~ 2026/09/17)
==========================================================================================================================================================================
    實資排名        累計天數排名  代號        名稱                 累計漲停(元)       累計跌停(元)       強度%  (07/13)開盤      最高      最低      收盤    (09/17)開盤      最高      最低      收盤      賺賠    賺賠率
--------------------------------------------------------------------------------------------------------------------------------------------------------------------------
       1           161  6223      旺矽                 4600.00       6265.00    54.74%   7600.00  7600.00  6640.00  6640.00     5730.00  5860.00  5485.00  5500.00  -1140.00   -17.17%
       2           298  3131      弘塑                 1585.00       2330.00    24.50%   3300.00  3360.00  3190.00  3210.00     2365.00  2465.00  2365.00  2395.00   -815.00   -25.39%
       3           347  7734      印能科技               2430.00       3015.00    19.23%   2845.00  2885.00  2770.00  2770.00     2565.00  2735.00  2555.00  2580.00   -190.00    -6.86%
       4           644  5536      聖暉*                 328.00        850.00    17.16%   1245.00  1255.00  1170.00  1180.00      845.00   858.00   825.00   825.00   -355.00   -30.08%
       5           448  8299      群聯                 1205.00       1635.00    14.14%   2275.00  2275.00  2155.00  2170.00     2000.00  2040.00  1950.00  1970.00   -200.00    -9.22%
       6           432  6274      台燿                 1270.00       1655.00    12.66%   1600.00  1620.00  1525.00  1550.00     1445.00  1460.00  1275.00  1320.00   -230.00   -14.84%
       7           451  5289      宜鼎                  795.00       1170.00    12.33%   1575.00  1595.00  1485.00  1515.00     1310.00  1310.00  1260.00  1260.00   -255.00   -16.83%
       8           474  6488      環球晶                 926.00       1191.00     8.71%   1485.00  1485.00  1485.00  1485.00      942.00   977.00   906.00   912.00   -573.00   -38.59%
       9           701  4749      新應材                 280.00        475.00     6.41%    885.00   885.00   849.00   851.00      722.00   743.00   722.00   740.00   -111.00   -13.04%
      10           463  6187      萬潤                 1037.00       1228.00     6.28%   1110.00  1125.00  1010.00  1035.00     1250.00  1270.00  1210.00  1210.00   +175.00   +16.91%
      11           279  7828      創新服務               2030.00       2175.00     4.77%   2230.00  2280.00  1975.00  1975.00     2050.00  2055.00  1920.00  1935.00    -40.00    -2.03%
      12           369  6683      雍智科技               1502.00       1642.00     4.60%   1740.00  1755.00  1655.00  1675.00     1605.00  1695.00  1530.00  1575.00   -100.00    -5.97%
      13           761  4542      科嶠                  181.00        307.50     4.16%    361.50   368.50   346.00   354.00      258.00   278.50   257.50   278.50    -75.50   -21.33%
      14           603  6584      南俊國際                367.50        485.50     3.88%    667.00   680.00   651.00   666.00      557.00   571.00   550.00   551.00   -115.00   -17.27%
      15           467  6903      巨漢                   60.00        171.00     3.65%    403.00   403.00   385.00   391.00      298.00   305.50   297.50   297.50    -93.50   -23.91%
      16           774  3211      順達                  243.50        349.00     3.47%    490.00   495.00   449.50   457.50      375.50   379.50   360.50   360.50    -97.00   -21.20%
      17           516  6435      大中                   94.00        196.50     3.37%    373.50   375.00   337.50   342.50      243.00   247.00   241.00   241.00   -101.50   -29.64%
      18           606  4760      勤凱                   82.00        181.50     3.27%    320.00   320.00   294.00   300.50      261.00   264.50   256.00   256.50    -44.00   -14.64%
      19           362  7751      竑騰                 1705.00       1800.00     3.12%   1300.00  1320.00  1235.00  1260.00     1430.00  1455.00  1395.00  1420.00   +160.00   +12.70%
      20           556  5439      高技                   52.50        135.50     2.73%    332.50   332.50   309.00   310.50      247.50   251.00   237.00   238.50    -72.00   -23.19%
      21           554  6138      茂達                  118.00        197.50     2.61%    379.00   379.00   340.00   348.00      272.50   275.00   269.00   269.00    -79.00   -22.70%
      22           562  6788      華景電                 103.50        176.50     2.40%    408.00   411.00   394.50   394.50      330.50   336.50   324.50   324.50    -70.00   -17.74%
      23           734  6643      M31                 188.50        259.50     2.33%    449.50   449.50   437.00   440.50      425.00   451.00   425.00   438.00     -2.50    -0.57%
      24           563  8091      翔名                   56.00        125.00     2.27%    298.50   299.00   273.50   277.50      215.00   215.50   212.00   213.50    -64.00   -23.06%
      25           793  6217      中探針                  93.00        159.50     2.19%    254.00   254.00   238.50   242.50      167.00   171.50   162.50   162.50    -80.00   -32.99%
      26           588  6727      亞泰金屬                401.00        464.00     2.07%    515.00   519.00   465.50   465.50      481.50   508.00   463.00   470.50     +5.00    +1.07%
      27           570  8358      金居                  426.50        488.00     2.02%    538.00   543.00   496.00   498.00      506.00   507.00   477.50   478.50    -19.50    -3.92%
      28           654  8027      鈦昇                   69.50        129.50     1.97%    243.50   261.00   235.50   241.00      174.50   183.50   172.00   173.00    -68.00   -28.22%
      29           626  3675      德微                  179.00        239.00     1.97%    388.00   388.00   356.50   356.50      304.00   309.50   283.50   284.00    -72.50   -20.34%
      30           893  4931      新盛力                 134.00        193.50     1.96%    260.50   264.50   233.50   237.00      241.00   243.00   232.00   233.00     -4.00    -1.69%
      31           548  6907      雅特力-KY               89.50        148.00     1.92%    187.00   201.50   185.00   192.50      182.00   183.00   178.50   179.00    -13.50    -7.01%
      32           665  6693      廣閎科                  73.00        131.00     1.91%    240.00   240.50   222.00   232.50      184.00   188.50   180.50   180.50    -52.00   -22.37%
      33           616  8042      金山電                  40.80         96.10     1.82%    176.50   177.00   160.50   160.50      115.50   118.00   110.50   110.50    -50.00   -31.15%
      34           427  6725      矽科宏晟                 60.00        114.50     1.79%    315.00   332.50   313.50   325.50      210.00   218.00   210.00   216.00   -109.50   -33.64%
      35           672  8155      博智                  138.50        191.50     1.74%    358.00   365.00   340.00   342.50      326.00   334.00   315.00   317.50    -25.00    -7.30%
      36           418  6739      竹陞科技               1142.00       1195.00     1.74%   1060.00  1090.00  1000.00  1050.00     1055.00  1100.00  1055.00  1080.00    +30.00    +2.86%
      37           833  6829      千附精密                153.00        205.50     1.73%    228.00   242.00   227.00   233.50      213.00   217.50   211.00   211.50    -22.00    -9.42%
      38           549  7728      光焱科技                268.00        317.00     1.61%    719.00   719.00   663.00   673.00      637.00   637.00   626.00   632.00    -41.00    -6.09%
      39           469  6613      朋億*                  94.00        141.50     1.56%    353.00   353.00   353.00   353.00      264.00   268.00   260.50   261.00    -92.00   -26.06%
      40           457  3526      凡甲                   21.50         68.00     1.53%    317.50   317.50   308.00   315.00      267.50   269.50   265.00   265.00    -50.00   -15.87%
==========================================================================================================================================================================
✅ 共 40 筆


══════════════════════════════════════════════════════════════════════════════════════════════════════════════
  🔄 第  9/45 次  2026/07/09 ～ 2026/09/16
══════════════════════════════════════════════════════════════════════════════════════════════════════════════

==========================================================================================================================================================================
📊 累計漲跌停強度排名 (2026/07/09 ~ 2026/09/16)
==========================================================================================================================================================================
    實資排名        累計天數排名  代號        名稱                 累計漲停(元)       累計跌停(元)       強度%  (07/09)開盤      最高      最低      收盤    (09/16)開盤      最高      最低      收盤      賺賠    賺賠率
--------------------------------------------------------------------------------------------------------------------------------------------------------------------------
       1           160  6223      旺矽                 4600.00       6165.00    51.61%   7000.00  7080.00  6760.00  7080.00     5570.00  5660.00  5490.00  5600.00  -1480.00   -20.90%
       2           353  7734      印能科技               2380.00       3015.00    20.94%   2775.00  2895.00  2775.00  2835.00     2550.00  2585.00  2490.00  2490.00   -345.00   -12.17%
       3           297  3131      弘塑                 1710.00       2330.00    20.45%   3145.00  3420.00  3110.00  3305.00     2365.00  2365.00  2315.00  2325.00   -980.00   -29.65%
       4           637  5536      聖暉*                 328.00        881.00    18.24%   1270.00  1270.00  1205.00  1215.00      842.00   853.00   839.00   839.00   -376.00   -30.95%
       5           435  6274      台燿                 1270.00       1635.00    12.04%   1635.00  1680.00  1565.00  1570.00     1360.00  1460.00  1345.00  1415.00   -155.00    -9.87%
       6           440  8299      群聯                 1285.00       1620.00    11.05%   2190.00  2280.00  2165.00  2220.00     1930.00  1985.00  1910.00  1985.00   -235.00   -10.59%
       7           464  5289      宜鼎                  810.00       1135.00    10.72%   1555.00  1595.00  1520.00  1530.00     1285.00  1310.00  1270.00  1295.00   -235.00   -15.36%
       8           352  7751      竑騰                 1685.00       1925.00     7.91%   1420.00  1425.00  1285.00  1295.00     1390.00  1415.00  1365.00  1400.00   +105.00    +8.11%
       9           716  4749      新應材                 256.00        486.00     7.58%    881.00   887.00   866.00   866.00      712.00   722.00   707.00   716.00   -150.00   -17.32%
      10           766  4542      科嶠                  156.00        333.50     5.85%    399.00   399.00   363.00   365.50      254.50   255.00   251.50   253.50   -112.00   -30.64%
      11           419  6739      竹陞科技               1112.00       1250.00     4.55%   1130.00  1140.00  1050.00  1055.00     1065.00  1085.00  1050.00  1050.00     -5.00    -0.47%
      12           623  6584      南俊國際                367.50        499.50     4.35%    680.00   681.00   663.00   663.00      539.00   558.00   533.00   555.00   -108.00   -16.29%
      13           232  3529      力旺                 2605.00       2725.00     3.96%   2650.00  2680.00  2585.00  2605.00     2650.00  2740.00  2625.00  2700.00    +95.00    +3.65%
      14           467  6488      環球晶                1046.00       1166.00     3.96%   1315.00  1350.00  1275.00  1350.00      927.00   940.00   910.00   937.00   -413.00   -30.59%
      15           537  6435      大中                   94.00        209.50     3.81%    391.00   393.50   372.00   375.00      238.00   245.50   236.50   243.00   -132.00   -35.20%
      16           630  4760      勤凱                   82.00        193.00     3.66%    333.50   335.50   320.00   320.00      262.00   262.00   256.00   260.00    -60.00   -18.75%
      17           738  6643      M31                 170.50        278.50     3.56%    450.00   456.00   440.50   442.00      414.00   426.00   410.50   420.00    -22.00    -4.98%
      18           578  5439      高技                   52.50        148.00     3.15%    340.00   348.00   325.50   325.50      238.50   246.00   238.00   243.50    -82.00   -25.19%
      19           618  3675      德微                  179.00        271.50     3.05%    418.50   423.00   396.00   396.00      270.00   295.50   270.00   295.50   -100.50   -25.38%
      20           600  6727      亞泰金屬                401.00        491.00     2.97%    551.00   554.00   508.00   517.00      472.00   487.00   472.00   477.00    -40.00    -7.74%
      21           447  6187      萬潤                 1132.00       1218.00     2.84%   1015.00  1050.00   998.00  1050.00     1220.00  1255.00  1220.00  1220.00   +170.00   +16.19%
      22           477  6903      巨漢                   87.00        171.00     2.77%    370.50   399.00   369.50   394.00      293.00   298.00   293.00   296.50    -97.50   -24.75%
      23           554  6138      茂達                  118.00        197.50     2.62%    381.50   395.00   370.00   376.00      266.00   275.00   266.00   272.50   -103.50   -27.53%
      24           911  4931      新盛力                 134.00        210.50     2.52%    274.50   275.00   255.00   255.00      226.00   237.50   226.00   236.00    -19.00    -7.45%
      25           562  6788      華景電                 103.50        176.50     2.41%    412.00   413.00   403.50   403.50      320.00   328.00   320.00   326.50    -77.00   -19.08%
      26           764  3211      順達                  270.00        339.50     2.29%    455.00   470.00   433.50   454.00      362.50   377.00   362.50   370.00    -84.00   -18.50%
      27           793  6217      中探針                  93.00        159.50     2.19%    259.00   262.00   250.00   250.00      157.50   166.00   157.50   165.00    -85.00   -34.00%
      28           364  6683      雍智科技               1562.00       1622.00     1.98%   1700.00  1810.00  1700.00  1725.00     1450.00  1595.00  1420.00  1595.00   -130.00    -7.54%
      29           548  6907      雅特力-KY               89.50        148.00     1.93%    195.50   197.00   177.00   195.00      176.50   182.00   176.50   181.50    -13.50    -6.92%
      30           665  6693      廣閎科                  73.00        131.00     1.91%    244.00   257.00   224.50   236.50      173.50   189.00   173.00   184.00    -52.50   -22.20%
      31           630  4966      譜瑞-KY               203.00        258.00     1.81%    663.00   667.00   652.00   655.00      526.00   542.00   525.00   541.00   -114.00   -17.40%
      32           427  6725      矽科宏晟                 60.00        114.50     1.80%    316.00   316.00   305.50   305.50      206.00   210.00   206.00   207.50    -98.00   -32.08%
      33           672  8155      博智                  138.50        191.50     1.75%    352.50   368.50   350.50   351.00      315.00   322.50   313.00   322.50    -28.50    -8.12%
      34           833  6829      千附精密                153.00        205.50     1.73%    225.00   232.00   219.00   222.00      204.00   213.00   204.00   212.50     -9.50    -4.28%
      35           578  8091      翔名                   72.50        125.00     1.73%    281.00   303.50   275.50   295.00      206.00   216.00   206.00   211.00    -84.00   -28.47%
      36           469  6613      朋億*                  94.00        141.50     1.57%    315.00   324.50   312.00   321.00      258.00   266.00   256.00   264.00    -57.00   -17.76%
      37           457  3526      凡甲                   21.50         68.00     1.53%    315.00   319.00   311.00   312.50      263.50   267.50   263.50   266.00    -46.50   -14.88%
      38           176  6732      昇佳電子                 13.00         58.00     1.48%    196.00   204.50   191.50   196.00      146.00   147.00   145.50   146.50    -49.50   -25.26%
      39           717  4991      環宇-KY               517.50        562.50     1.48%    505.00   506.00   461.50   461.50      424.00   438.50   417.00   428.00    -33.50    -7.26%
      40           586  6121      新普                   92.00        135.00     1.42%    441.50   445.50   420.50   420.50      373.00   376.50   370.00   376.50    -44.00   -10.46%
==========================================================================================================================================================================
✅ 共 40 筆


══════════════════════════════════════════════════════════════════════════════════════════════════════════════
  🔄 第 10/45 次  2026/07/08 ～ 2026/09/15
══════════════════════════════════════════════════════════════════════════════════════════════════════════════

==========================================================================================================================================================================
📊 累計漲跌停強度排名 (2026/07/08 ~ 2026/09/15)
==========================================================================================================================================================================
    實資排名        累計天數排名  代號        名稱                 累計漲停(元)       累計跌停(元)       強度%  (07/08)開盤      最高      最低      收盤    (09/15)開盤      最高      最低      收盤      賺賠    賺賠率
--------------------------------------------------------------------------------------------------------------------------------------------------------------------------
       1           160  6223      旺矽                 4590.00       6165.00    28.83%   6500.00  6540.00  6250.00  6460.00     5685.00  5800.00  5430.00  5440.00  -1020.00   -15.79%
       2           300  3131      弘塑                 1710.00       2405.00    12.72%   3140.00  3180.00  3045.00  3110.00     2295.00  2420.00  2295.00  2320.00   -790.00   -25.40%
       3           639  5536      聖暉*                 328.00       1016.00    12.59%   1360.00  1365.00  1260.00  1260.00      841.00   865.00   828.00   837.00   -423.00   -33.57%
       4           366  7734      印能科技               2405.00       2950.00     9.98%   2775.00  2855.00  2650.00  2795.00     2500.00  2585.00  2405.00  2555.00   -240.00    -8.59%
       5           443  5289      宜鼎                  790.00       1210.00     7.69%   1615.00  1635.00  1490.00  1515.00     1295.00  1305.00  1260.00  1275.00   -240.00   -15.84%
       6           431  8299      群聯                 1220.00       1620.00     7.32%   2175.00  2210.00  2080.00  2140.00     1935.00  1960.00  1900.00  1920.00   -220.00   -10.28%
       7           428  6274      台燿                 1295.00       1635.00     6.22%   1630.00  1665.00  1550.00  1645.00     1430.00  1450.00  1370.00  1370.00   -275.00   -16.72%
       8           683  4749      新應材                 245.00        508.00     4.81%    899.00   906.00   876.00   877.00      709.00   715.00   704.00   705.00   -172.00   -19.61%
       9           230  3529      力旺                 2530.00       2785.00     4.67%   2740.00  2760.00  2595.00  2680.00     2720.00  2720.00  2610.00  2625.00    -55.00    -2.05%
      10           344  7751      竑騰                 1700.00       1925.00     4.12%   1380.00  1420.00  1365.00  1420.00     1405.00  1440.00  1360.00  1360.00    -60.00    -4.23%
      11           360  6683      雍智科技               1417.00       1622.00     3.75%   1760.00  1760.00  1630.00  1665.00     1390.00  1465.00  1390.00  1450.00   -215.00   -12.91%
      12           421  6739      竹陞科技               1112.00       1310.00     3.62%   1180.00  1180.00  1075.00  1110.00     1125.00  1125.00  1065.00  1065.00    -45.00    -4.05%
      13           782  4542      科嶠                  156.00        345.50     3.47%    408.00   422.00   382.50   391.50      249.00   266.00   249.00   250.00   -141.50   -36.14%
      14           616  6584      南俊國際                363.50        499.50     2.49%    680.00   685.00   661.00   677.00      554.00   557.00   537.00   537.00   -140.00   -20.68%
      15           556  6435      大中                   94.00        220.50     2.32%    395.00   395.00   364.50   388.00      240.00   245.00   235.50   235.50   -152.50   -39.30%
      16           686  6643      M31                 160.50        278.50     2.16%    466.00   475.50   455.00   461.00      420.50   420.50   410.00   410.00    -51.00   -11.06%
      17           460  6488      環球晶                1048.00       1166.00     2.16%   1205.00  1235.00  1160.00  1230.00      901.00   959.00   895.00   914.00   -316.00   -25.69%
      18           460  6187      萬潤                 1132.00       1237.00     1.92%    990.00   992.00   923.00   955.00     1230.00  1265.00  1210.00  1215.00   +260.00   +27.23%
      19           566  6138      茂達                  118.00        218.50     1.84%    396.00   396.00   370.00   375.00      268.50   271.00   264.00   265.00   -110.00   -29.33%
      20           578  5439      高技                   52.50        148.00     1.75%    333.00   338.50   328.50   338.00      245.00   247.50   237.50   237.50   -100.50   -29.73%
      21           646  4760      勤凱                   99.50        193.00     1.71%    325.00   335.50   320.50   331.50      262.00   269.50   257.00   257.00    -74.50   -22.47%
      22           477  6903      巨漢                   87.00        171.00     1.54%    375.50   381.00   362.00   367.00      291.00   295.00   290.50   290.50    -76.50   -20.84%
      23           582  6788      華景電                 103.50        187.50     1.54%    419.00   423.00   405.00   408.00      326.00   326.50   318.00   318.50    -89.50   -21.94%
      24           610  3675      德微                  187.50        271.50     1.54%    418.50   440.00   384.50   440.00      288.00   291.50   269.00   269.00   -171.00   -38.86%
      25           618  6693      廣閎科                  62.50        131.00     1.25%    248.00   256.50   236.00   244.00      178.00   181.50   173.50   173.50    -70.50   -28.89%
      26           550  5386      青雲                  191.50        255.00     1.16%    434.00   435.50   403.50   412.50      294.50   298.00   279.00   279.50   -133.00   -32.24%
      27           881  4931      新盛力                 147.50        210.50     1.15%    260.00   272.00   259.00   272.00      229.50   233.00   225.00   225.00    -47.00   -17.28%
      28           627  4966      譜瑞-KY               197.00        258.00     1.12%    658.00   663.00   641.00   662.00      538.00   538.00   522.00   523.00   -139.00   -21.00%
      29           484  6613      朋億*                  94.00        155.00     1.12%    326.00   332.50   310.00   315.00      251.00   258.50   249.50   255.00    -60.00   -19.05%
      30           912  6291      沛亨                  308.00        367.00     1.08%    476.00   483.50   446.00   452.50      459.00   467.50   445.00   446.00     -6.50    -1.44%
      31           820  6217      中探針                 103.00        159.50     1.03%    244.50   254.00   239.50   254.00      159.00   169.50   156.00   156.50    -97.50   -38.39%
      32           427  6725      矽科宏晟                 60.00        114.50     1.00%    313.50   313.50   304.50   306.50      205.50   210.00   205.50   207.00    -99.50   -32.46%
      33           672  8155      博智                  138.50        191.50     0.97%    346.00   356.50   345.00   352.50      316.50   324.50   312.00   313.50    -39.00   -11.06%
      34           833  6829      千附精密                153.00        205.50     0.96%    206.00   218.50   202.50   216.00      211.00   213.00   202.50   204.00    -12.00    -5.56%
      35           613  8027      鈦昇                   81.50        129.50     0.88%    216.50   221.00   205.00   220.00      165.00   170.50   164.00   164.00    -56.00   -25.45%
      36           575  8358      金居                  408.50        456.50     0.88%    523.00   534.00   509.00   523.00      515.00   516.00   480.00   482.00    -41.00    -7.84%
      37           457  3526      凡甲                   21.50         68.00     0.85%    312.50   315.50   304.00   310.00      266.00   266.50   262.00   262.00    -48.00   -15.48%
      38           176  6732      昇佳電子                 13.00         58.00     0.82%    207.00   211.50   195.50   198.50      147.00   147.00   145.00   145.00    -53.50   -26.95%
      39           412  3293      鈊象                  146.00        191.00     0.82%    745.00   758.00   732.00   748.00      699.00   701.00   695.00   696.00    -52.00    -6.95%
      40           680  3680      家登                  322.00        366.00     0.81%    509.00   512.00   492.00   502.00      498.00   504.00   488.50   488.50    -13.50    -2.69%
==========================================================================================================================================================================
✅ 共 40 筆


══════════════════════════════════════════════════════════════════════════════════════════════════════════════
  🔄 第 11/45 次  2026/07/07 ～ 2026/09/14
══════════════════════════════════════════════════════════════════════════════════════════════════════════════

==========================================================================================================================================================================
📊 累計漲跌停強度排名 (2026/07/07 ~ 2026/09/14)
==========================================================================================================================================================================
    實資排名        累計天數排名  代號        名稱                 累計漲停(元)       累計跌停(元)       強度%  (07/07)開盤      最高      最低      收盤    (09/14)開盤      最高      最低      收盤      賺賠    賺賠率
--------------------------------------------------------------------------------------------------------------------------------------------------------------------------
       1           159  6223      旺矽                 4590.00       6555.00    24.22%   6855.00  7040.00  6235.00  6310.00     5455.00  5660.00  5370.00  5595.00   -715.00   -11.33%
       2           295  3131      弘塑                 1700.00       2645.00    11.65%   3425.00  3455.00  3160.00  3185.00     2275.00  2345.00  2250.00  2310.00   -875.00   -27.47%
       3           369  7734      印能科技               2335.00       3135.00     9.86%   2955.00  3015.00  2770.00  2770.00     2455.00  2580.00  2445.00  2485.00   -285.00   -10.29%
       4           634  5536      聖暉*                 328.00       1044.00     8.82%   1445.00  1455.00  1365.00  1395.00      833.00   853.00   816.00   849.00   -546.00   -39.14%
       5           411  8299      群聯                 1220.00       1750.00     6.53%   2295.00  2295.00  2135.00  2145.00     1920.00  1960.00  1910.00  1935.00   -210.00    -9.79%
       6           434  5289      宜鼎                  790.00       1250.00     5.67%   1680.00  1700.00  1565.00  1590.00     1265.00  1310.00  1245.00  1290.00   -300.00   -18.87%
       7           435  6274      台燿                 1295.00       1650.00     4.37%   1630.00  1715.00  1560.00  1575.00     1340.00  1440.00  1320.00  1410.00   -165.00   -10.48%
       8           342  7751      竑騰                 1700.00       2020.00     3.94%   1500.00  1555.00  1360.00  1365.00     1305.00  1460.00  1305.00  1405.00    +40.00    +2.93%
       9           359  6683      雍智科技               1302.00       1622.00     3.94%   1770.00  1785.00  1595.00  1660.00     1260.00  1375.00  1235.00  1335.00   -325.00   -19.58%
      10           737  4749      新應材                 245.00        527.00     3.48%    932.00   935.00   895.00   899.00      707.00   727.00   701.00   709.00   -190.00   -21.13%
      11           464  6488      環球晶                1034.00       1296.00     3.23%   1320.00  1320.00  1205.00  1205.00      880.00   907.00   872.00   900.00   -305.00   -25.31%
      12           424  6739      竹陞科技               1112.00       1360.00     3.06%   1315.00  1315.00  1185.00  1185.00     1270.00  1270.00  1145.00  1145.00    -40.00    -3.38%
      13           811  4542      科嶠                  156.00        376.50     2.72%    434.50   434.50   400.00   403.50      256.50   262.00   250.50   252.00   -151.50   -37.55%
      14           239  3529      力旺                 2530.00       2745.00     2.65%   2810.00  2930.00  2725.00  2740.00     2530.00  2770.00  2530.00  2730.00    -10.00    -0.36%
      15           652  6584      南俊國際                363.50        526.50     2.01%    689.00   716.00   663.00   663.00      562.00   567.00   543.00   544.00   -119.00   -17.95%
      16           438  6187      萬潤                 1132.00       1288.00     1.92%   1050.00  1050.00   960.00   974.00     1210.00  1250.00  1185.00  1225.00   +251.00   +25.77%
      17           602  6435      大中                   94.00        241.50     1.82%    439.00   447.50   386.00   399.00      226.50   246.50   226.00   241.00   -158.00   -39.60%
      18           587  6138      茂達                  118.00        262.50     1.78%    434.50   436.00   396.00   396.00      265.50   272.00   261.00   268.50   -127.50   -32.20%
      19           679  6643      M31                 160.50        299.50     1.71%    497.50   505.00   464.50   465.00      402.00   432.00   400.00   420.50    -44.50    -9.57%
      20           629  3675      德微                  187.50        316.50     1.59%    448.00   448.00   405.00   405.00      258.00   284.50   256.00   284.50   -120.50   -29.75%
      21           639  5439      高技                   52.50        165.00     1.39%    349.50   353.00   325.00   331.00      245.50   251.00   240.00   246.50    -84.50   -25.53%
      22           703  4760      勤凱                   99.50        211.00     1.37%    351.00   356.00   311.00   314.00      255.00   259.50   246.50   255.50    -58.50   -18.63%
      23           536  6903      巨漢                   87.00        189.00     1.26%    392.50   393.50   374.50   374.50      292.50   297.00   290.00   292.00    -82.50   -22.03%
      24           645  6788      華景電                 103.50        204.50     1.24%    440.50   441.50   415.00   419.00      323.00   330.50   322.50   326.00    -93.00   -22.20%
      25           570  6640      均華                 1010.00       1110.00     1.23%   1120.00  1125.00  1015.00  1015.00     1140.00  1185.00  1085.00  1130.00   +115.00   +11.33%
      26           652  6693      廣閎科                  62.50        158.50     1.18%    263.00   280.00   249.00   249.00      163.00   184.00   163.00   179.00    -70.00   -28.11%
      27           522  6613      朋億*                  94.00        180.50     1.07%    351.00   358.50   325.00   328.50      254.50   256.50   251.50   253.50    -75.00   -22.83%
      28           913  6291      沛亨                  308.00        389.00     1.00%    526.00   544.00   472.00   475.50      460.50   484.50   440.00   466.50     -9.00    -1.89%
      29           712  8155      博智                  138.50        215.00     0.94%    374.50   377.50   350.00   350.00      323.00   323.00   315.00   316.50    -33.50    -9.57%
      30           955  4931      新盛力                 147.50        224.00     0.94%    270.50   273.00   243.50   247.50      229.00   237.50   223.00   231.50    -16.00    -6.46%
      31           582  7728      光焱科技                286.00        362.00     0.94%    662.00   676.00   635.00   635.00      640.00   666.00   622.00   643.00     +8.00    +1.26%
      32           485  6725      矽科宏晟                 60.00        132.50     0.89%    332.00   334.00   312.00   313.00      211.50   213.00   206.00   206.50   -106.50   -34.03%
      33           655  8027      鈦昇                   81.50        152.50     0.87%    239.00   243.00   215.50   216.00      165.50   169.50   161.00   166.00    -50.00   -23.15%
      34           451  3293      鈊象                  146.00        215.00     0.85%    792.00   795.00   770.00   770.00      692.00   703.00   687.00   699.00    -71.00    -9.22%
      35           905  6217      中探針                 103.00        171.50     0.84%    255.00   264.00   241.00   244.00      162.00   163.50   156.50   161.00    -83.00   -34.02%
      36           692  4991      環宇-KY               520.50        587.50     0.83%    512.00   530.00   469.00   469.00      430.00   451.50   422.00   445.00    -24.00    -5.12%
      37           552  3485      敘豐                   96.00        162.00     0.81%    312.50   315.00   280.50   284.00      189.00   193.00   187.00   190.00    -94.00   -33.10%
      38           512  3526      凡甲                   21.50         86.50     0.80%    332.00   332.00   312.00   312.00      266.50   270.00   264.50   266.00    -46.00   -14.74%
      39           749  6290      良維                  116.00        181.00     0.80%    323.50   326.00   298.00   301.00      253.00   262.00   252.00   260.00    -41.00   -13.62%
      40           799  3211      順達                  308.50        373.00     0.79%    443.00   458.50   388.50   389.00      356.00   372.00   349.00   362.50    -26.50    -6.81%
==========================================================================================================================================================================
✅ 共 40 筆


══════════════════════════════════════════════════════════════════════════════════════════════════════════════
  🔄 第 12/45 次  2026/07/06 ～ 2026/09/11
══════════════════════════════════════════════════════════════════════════════════════════════════════════════

==========================================================================================================================================================================
📊 累計漲跌停強度排名 (2026/07/06 ~ 2026/09/11)
==========================================================================================================================================================================
    實資排名        累計天數排名  代號        名稱                 累計漲停(元)       累計跌停(元)       強度%  (07/06)開盤      最高      最低      收盤    (09/11)開盤      最高      最低      收盤      賺賠    賺賠率
--------------------------------------------------------------------------------------------------------------------------------------------------------------------------
       1           149  6223      旺矽                 4590.00       7055.00    24.23%   7700.00  7700.00  6855.00  6855.00     5600.00  5755.00  5365.00  5620.00  -1235.00   -18.02%
       2           277  3131      弘塑                 1700.00       2990.00    12.68%   3810.00  3815.00  3415.00  3425.00     2405.00  2430.00  2320.00  2325.00  -1100.00   -32.12%
       3           621  5536      聖暉*                 315.00       1044.00     7.17%   1435.00  1450.00  1400.00  1435.00      859.00   859.00   833.00   836.00   -599.00   -41.74%
       4           366  7734      印能科技               2335.00       3040.00     6.93%   3200.00  3220.00  2910.00  2955.00     2620.00  2660.00  2535.00  2580.00   -375.00   -12.69%
       5           438  6274      台燿                 1250.00       1810.00     5.51%   1820.00  1825.00  1615.00  1630.00     1355.00  1395.00  1335.00  1365.00   -265.00   -16.26%
       6           405  8299      群聯                 1220.00       1695.00     4.67%   2345.00  2420.00  2265.00  2290.00     2000.00  2000.00  1920.00  1990.00   -300.00   -13.10%
       7           459  5289      宜鼎                  800.00       1250.00     4.42%   1650.00  1720.00  1625.00  1645.00     1245.00  1310.00  1240.00  1295.00   -350.00   -21.28%
       8           369  6683      雍智科技               1257.00       1647.00     3.83%   1805.00  1805.00  1660.00  1780.00     1265.00  1310.00  1255.00  1290.00   -490.00   -27.53%
       9           245  3529      力旺                 2415.00       2745.00     3.24%   2820.00  2855.00  2665.00  2805.00     2690.00  2720.00  2550.00  2580.00   -225.00    -8.02%
      10           712  4749      新應材                 245.00        515.00     2.65%    942.00   965.00   916.00   918.00      750.00   750.00   720.00   721.00   -197.00   -21.46%
      11           791  4542      科嶠                  156.00        414.50     2.54%    490.00   490.00   434.50   434.50      263.50   271.00   258.50   262.00   -172.50   -39.70%
      12           329  7751      竑騰                 1765.00       2000.00     2.31%   1500.00  1565.00  1445.00  1505.00     1430.00  1485.00  1420.00  1425.00    -80.00    -5.32%
      13           268  7828      創新服務               2150.00       2340.00     1.87%   2210.00  2295.00  1995.00  2035.00     2010.00  2070.00  1955.00  1975.00    -60.00    -2.95%
      14           465  6488      環球晶                1114.00       1296.00     1.79%   1290.00  1380.00  1280.00  1335.00      887.00   912.00   882.00   902.00   -433.00   -32.43%
      15           690  6643      M31                 146.00        314.00     1.65%    521.00   521.00   490.50   496.50      419.00   419.00   406.00   406.00    -90.50   -18.23%
      16           656  6584      南俊國際                363.50        520.50     1.54%    725.00   725.00   688.00   690.00      550.00   569.00   536.00   567.00   -123.00   -17.83%
      17           427  6187      萬潤                 1132.00       1263.00     1.29%   1055.00  1110.00  1025.00  1035.00     1250.00  1275.00  1220.00  1250.00   +215.00   +20.77%
      18           725  4760      勤凱                   99.50        225.50     1.24%    350.00   353.00   331.50   332.00      261.00   270.00   259.50   259.50    -72.50   -21.84%
      19           700  4991      環宇-KY               520.50        644.50     1.22%    578.00   586.00   521.00   521.00      455.00   478.00   448.50   448.50    -72.50   -13.92%
      20           630  3675      德微                  194.50        316.50     1.20%    459.00   459.00   435.00   450.00      263.00   266.00   256.00   259.00   -191.00   -42.44%
      21           567  6903      巨漢                   87.00        200.50     1.12%    405.50   407.50   391.50   392.50      295.00   302.00   292.50   296.50    -96.00   -24.46%
      22           639  5439      高技                   52.50        165.00     1.11%    354.50   363.00   343.50   348.00      253.00   254.00   249.00   249.50    -98.50   -28.30%
      23           595  8358      金居                  375.50        487.50     1.10%    596.00   608.00   560.00   563.00      497.50   505.00   480.50   485.00    -78.00   -13.85%
      24           608  6435      大中                  132.00        241.50     1.08%    418.50   420.00   418.50   420.00      235.00   236.50   232.00   233.50   -186.50   -44.40%
      25           440  6739      竹陞科技               1127.00       1235.00     1.06%   1360.00  1425.00  1305.00  1315.00     1320.00  1370.00  1225.00  1270.00    -45.00    -3.42%
      26           592  6138      茂達                  158.00        262.50     1.03%    416.50   440.00   413.50   440.00      269.00   269.00   265.00   265.00   -175.00   -39.77%
      27           576  7728      光焱科技                259.00        362.00     1.01%    686.00   694.00   672.00   680.00      608.00   618.00   604.00   616.00    -64.00    -9.41%
      28           645  6788      華景電                 103.50        204.50     0.99%    450.00   452.00   434.00   436.00      330.00   331.00   325.50   326.50   -109.50   -25.11%
      29           745  8155      博智                  138.50        226.00     0.86%    387.50   388.50   373.50   373.50      333.00   334.50   325.50   325.50    -48.00   -12.85%
      30           522  6613      朋億*                  94.00        180.50     0.85%    364.00   364.00   350.00   354.00      263.00   265.00   258.00   260.00    -94.00   -26.55%
      31           905  6291      沛亨                  308.00        393.50     0.84%    545.00   545.00   518.00   518.00      486.50   492.50   471.50   478.00    -40.00    -7.72%
      32           930  6217      中探針                 103.00        184.50     0.80%    269.00   269.00   256.00   256.00      166.50   174.00   165.00   165.00    -91.00   -35.55%
      33           647  6693      廣閎科                  77.50        158.50     0.80%    255.00   276.50   255.00   276.50      173.50   177.00   169.00   169.00   -107.50   -38.88%
      34           690  8027      鈦昇                   81.50        162.50     0.80%    254.00   254.00   235.00   239.00      170.50   173.50   167.50   167.50    -71.50   -29.92%
      35           703  8042      金山電                  56.80        135.60     0.77%    210.50   225.50   189.50   189.50      116.00   121.50   112.50   113.00    -76.50   -40.37%
      36           247  6510      精測                 2440.00       2515.00     0.74%   3375.00  3390.00  3055.00  3065.00     3565.00  3685.00  3445.00  3480.00   +415.00   +13.54%
      37           873  5475      德宏                  102.50        176.00     0.72%    243.00   243.00   226.50   226.50      181.00   196.00   175.00   175.00    -51.50   -22.74%
      38           485  6725      矽科宏晟                 60.00        132.50     0.71%    340.00   342.00   331.00   331.00      218.00   222.00   210.50   213.00   -118.00   -35.65%
      39           451  3293      鈊象                  146.00        215.00     0.68%    799.00   805.00   792.00   794.00      703.00   703.00   693.00   693.00   -101.00   -12.72%
      40           552  3485      敘豐                   96.00        162.00     0.65%    321.00   339.00   305.00   311.50      197.50   197.50   192.50   193.00   -118.50   -38.04%
==========================================================================================================================================================================
✅ 共 40 筆


══════════════════════════════════════════════════════════════════════════════════════════════════════════════
  🔄 第 13/45 次  2026/07/02 ～ 2026/09/10
══════════════════════════════════════════════════════════════════════════════════════════════════════════════

==========================================================================================================================================================================
📊 累計漲跌停強度排名 (2026/07/02 ~ 2026/09/10)
==========================================================================================================================================================================
    實資排名        累計天數排名  代號        名稱                 累計漲停(元)       累計跌停(元)       強度%  (07/02)開盤      最高      最低      收盤    (09/10)開盤      最高      最低      收盤      賺賠    賺賠率
--------------------------------------------------------------------------------------------------------------------------------------------------------------------------
       1           151  6223      旺矽                 5150.00       7055.00    37.03%   6725.00  7360.00  6620.00  7255.00     5620.00  5695.00  5505.00  5620.00  -1635.00   -22.54%
       2           275  3131      弘塑                 1915.00       2855.00    18.27%   3770.00  4045.00  3645.00  3905.00     2520.00  2520.00  2430.00  2460.00  -1445.00   -37.00%
       3           608  5536      聖暉*                 405.00       1016.00    11.88%   1320.00  1435.00  1310.00  1430.00      862.00   872.00   844.00   864.00   -566.00   -39.58%
       4           418  6274      台燿                 1250.00       1780.00    10.30%   1620.00  1710.00  1610.00  1690.00     1345.00  1400.00  1330.00  1395.00   -295.00   -17.46%
       5           372  6683      雍智科技               1257.00       1692.00     8.46%   1775.00  1900.00  1775.00  1775.00     1340.00  1345.00  1260.00  1290.00   -485.00   -27.32%
       6           403  8299      群聯                 1220.00       1650.00     8.36%   2160.00  2240.00  2135.00  2240.00     2100.00  2120.00  2065.00  2065.00   -175.00    -7.81%
       7           465  5289      宜鼎                  940.00       1250.00     6.03%   1510.00  1715.00  1505.00  1715.00     1345.00  1345.00  1290.00  1290.00   -425.00   -24.78%
       8           369  7734      印能科技               2500.00       2810.00     6.03%   3020.00  3265.00  2925.00  3250.00     2980.00  2980.00  2730.00  2810.00   -440.00   -13.54%
       9           766  4542      科嶠                  156.00        423.50     5.20%    543.00   543.00   462.00   470.50      282.50   282.50   272.00   276.50   -194.00   -41.23%
      10           721  4749      新應材                 264.00        479.00     4.18%    900.00   927.00   888.00   925.00      760.00   769.00   756.00   757.00   -168.00   -18.16%
      11           327  7751      竑騰                 1765.00       1965.00     3.89%   1420.00  1425.00  1385.00  1410.00     1580.00  1585.00  1500.00  1500.00    +90.00    +6.38%
      12           409  6187      萬潤                 1132.00       1293.00     3.13%   1025.00  1100.00   996.00  1005.00     1340.00  1360.00  1280.00  1280.00   +275.00   +27.36%
      13           262  3529      力旺                 2440.00       2595.00     3.01%   2865.00  3005.00  2865.00  2975.00     2790.00  2835.00  2720.00  2730.00   -245.00    -8.24%
      14           739  4760      勤凱                   99.50        235.00     2.63%    331.00   335.50   323.50   325.50      266.50   271.50   262.00   268.00    -57.50   -17.67%
      15           687  6643      M31                 168.50        296.50     2.49%    470.00   498.50   458.00   498.50      429.50   434.50   423.00   423.50    -75.00   -15.05%
      16           658  6584      南俊國際                395.50        520.50     2.43%    710.00   745.00   679.00   743.00      593.00   593.00   554.00   554.00   -189.00   -25.44%
      17           576  7728      光焱科技                259.00        362.00     2.00%    654.00   660.00   651.00   656.00      629.00   638.00   612.00   612.00    -44.00    -6.71%
      18           697  4991      環宇-KY               520.50        622.00     1.97%    520.00   535.00   518.00   526.00      499.50   511.00   487.00   488.00    -38.00    -7.22%
      19           645  6788      華景電                 103.50        204.50     1.96%    438.00   462.00   434.00   440.00      349.50   349.50   333.00   333.00   -107.00   -24.32%
      20           617  3675      德微                  209.00        306.50     1.90%    381.00   420.00   381.00   407.00      272.00   276.50   269.00   269.00   -138.00   -33.91%
      21           590  8358      金居                  375.50        468.50     1.81%    562.00   592.00   557.00   570.00      518.00   525.00   515.00   521.00    -49.00    -8.60%
      22           522  6613      朋億*                  94.00        180.50     1.68%    356.50   375.50   355.00   375.00      270.50   270.50   264.00   265.00   -110.00   -29.33%
      23           930  6217      中探針                 103.00        184.50     1.58%    255.00   271.00   254.00   265.00      178.00   178.50   170.00   172.00    -93.00   -35.09%
      24           655  5439      高技                   84.00        165.00     1.57%    316.00   348.00   310.00   348.00      263.00   264.50   257.50   258.00    -90.00   -25.86%
      25           690  8027      鈦昇                   81.50        162.50     1.57%    229.00   245.00   229.00   240.50      178.00   178.00   169.00   174.00    -66.50   -27.65%
      26           703  8042      金山電                  56.80        135.60     1.53%    196.50   206.50   195.00   206.50      111.50   123.50   107.50   120.50    -86.00   -41.65%
      27           580  6903      巨漢                  123.00        200.50     1.51%    375.00   417.00   374.00   415.50      316.50   316.50   299.50   300.50   -115.00   -27.68%
      28           420  3293      鈊象                  146.00        223.00     1.50%    816.00   819.00   793.00   800.00      708.00   710.00   702.00   704.00    -96.00   -12.00%
      29           710  8155      博智                  138.50        212.50     1.44%    368.00   387.00   365.50   384.00      341.50   346.00   338.50   339.00    -45.00   -11.72%
      30           622  6435      大中                  167.50        241.50     1.44%    354.00   392.50   346.00   392.50      245.50   245.50   240.00   240.00   -152.50   -38.85%
      31           485  6725      矽科宏晟                 60.00        132.50     1.41%    342.50   347.50   335.50   345.00      223.50   223.50   219.00   222.00   -123.00   -35.65%
      32           863  6173      信昌電                 256.50        326.00     1.35%    330.00   348.00   314.00   319.00      268.50   295.00   265.50   295.00    -24.00    -7.52%
      33           876  6291      沛亨                  308.00        376.50     1.33%    528.00   547.00   526.00   526.00      473.00   503.00   471.00   495.00    -31.00    -5.89%
      34           441  6488      環球晶                1214.00       1281.00     1.30%   1085.00  1205.00  1085.00  1205.00      941.00   941.00   903.00   917.00   -288.00   -23.90%
      35           604  6138      茂達                  196.00        262.50     1.29%    386.50   418.50   385.50   418.50      272.50   273.00   269.50   271.50   -147.00   -35.13%
      36           824  5475      德宏                  102.50        166.50     1.24%    226.00   235.00   224.50   232.00      193.00   194.50   184.00   184.50    -47.50   -20.47%
      37           610  5386      青雲                  214.00        271.50     1.12%    382.50   382.50   382.50   382.50      309.50   311.00   304.00   311.00    -71.50   -18.69%
      38           362  6679      鈺太                   21.00         73.50     1.02%    264.00   273.00   260.50   271.50      200.00   200.00   196.00   196.00    -75.50   -27.81%
      39           618  6693      廣閎科                 100.50        149.00     0.94%    231.00   255.00   231.00   255.00      181.50   182.50   177.00   178.50    -76.50   -30.00%
      40           721  6290      良維                  116.00        164.00     0.93%    306.50   312.00   305.00   312.00      272.00   279.00   267.00   275.00    -37.00   -11.86%
==========================================================================================================================================================================
✅ 共 40 筆


══════════════════════════════════════════════════════════════════════════════════════════════════════════════
  🔄 第 14/45 次  2026/07/01 ～ 2026/09/09
══════════════════════════════════════════════════════════════════════════════════════════════════════════════

==========================================================================================================================================================================
📊 累計漲跌停強度排名 (2026/07/01 ~ 2026/09/09)
==========================================================================================================================================================================
    實資排名        累計天數排名  代號        名稱                 累計漲停(元)       累計跌停(元)       強度%  (07/01)開盤      最高      最低      收盤    (09/09)開盤      最高      最低      收盤      賺賠    賺賠率
--------------------------------------------------------------------------------------------------------------------------------------------------------------------------
       1           153  6223      旺矽                 5755.00       7055.00    50.61%   6400.00  6695.00  6400.00  6695.00     6060.00  6060.00  5540.00  5615.00  -1080.00   -16.13%
       2           281  3131      弘塑                 1975.00       2760.00    30.56%   3640.00  3830.00  3615.00  3690.00     2665.00  2745.00  2500.00  2555.00  -1135.00   -30.76%
       3           452  6274      台燿                 1210.00       1780.00    22.19%   1710.00  1715.00  1595.00  1690.00     1360.00  1405.00  1315.00  1345.00   -345.00   -20.41%
       4           621  5536      聖暉*                 455.00       1016.00    21.84%   1330.00  1395.00  1320.00  1340.00      857.00   881.00   852.00   862.00   -478.00   -35.67%
       5           387  8299      群聯                 1220.00       1745.00    20.44%   2420.00  2420.00  2255.00  2270.00     2100.00  2125.00  2070.00  2085.00   -185.00    -8.15%
       6           466  5289      宜鼎                  940.00       1225.00    11.09%   1645.00  1645.00  1485.00  1575.00     1375.00  1395.00  1345.00  1355.00   -220.00   -13.97%
       7           373  6683      雍智科技               1352.00       1612.00    10.12%   1730.00  1890.00  1720.00  1820.00     1435.00  1505.00  1350.00  1370.00   -450.00   -24.73%
       8           781  4542      科嶠                  200.50        423.50     8.68%    494.00   494.00   494.00   494.00      280.50   290.00   280.50   282.50   -211.50   -42.81%
       9           712  4749      新應材                 295.00        466.00     6.66%    894.00   914.00   880.00   906.00      780.00   797.00   768.00   770.00   -136.00   -15.01%
      10           739  4760      勤凱                   99.50        235.00     5.27%    354.00   356.00   333.00   335.00      276.50   278.00   266.50   266.50    -68.50   -20.45%
      11           606  5386      青雲                  186.00        318.50     5.16%    425.00   425.00   425.00   425.00      283.00   283.00   283.00   283.00   -142.00   -33.41%
      12           656  6584      南俊國際                395.50        524.50     5.02%    750.00   750.00   695.00   698.00      582.00   600.00   582.00   586.00   -112.00   -16.05%
      13           873  6291      沛亨                  293.00        416.50     4.81%    580.00   585.00   535.00   535.00      474.00   506.00   473.50   480.00    -55.00   -10.28%
      14           657  6643      M31                 168.50        287.00     4.61%    484.50   487.00   473.00   476.00      445.50   446.00   432.50   433.00    -43.00    -9.03%
      15           610  8358      金居                  375.50        481.50     4.13%    626.00   639.00   580.00   587.00      534.00   535.00   519.00   526.00    -61.00   -10.39%
      16           577  7728      光焱科技                259.00        359.00     3.89%    664.00   671.00   645.00   654.00      618.00   627.00   611.00   627.00    -27.00    -4.13%
      17           382  7734      印能科技               2550.00       2640.00     3.50%   3100.00  3170.00  3055.00  3085.00     2965.00  3020.00  2910.00  2980.00   -105.00    -3.40%
      18           522  6613      朋億*                  94.00        180.50     3.37%    372.50   381.00   366.00   366.50      260.00   264.50   258.50   264.50   -102.00   -27.83%
      19           645  3675      德微                  223.50        306.50     3.23%    389.00   393.50   389.00   392.50      271.50   278.00   270.50   271.50   -121.00   -30.83%
      20           930  6217      中探針                 103.00        184.50     3.17%    262.00   278.00   258.50   263.00      179.00   186.00   178.00   180.00    -83.00   -31.56%
      21           655  5439      高技                   84.00        165.00     3.15%    315.00   331.50   305.00   316.50      257.50   266.50   257.50   264.50    -52.00   -16.43%
      22           275  3529      力旺                 2465.00       2545.00     3.11%   3000.00  3035.00  2905.00  2950.00     2800.00  2875.00  2680.00  2780.00   -170.00    -5.76%
      23           839  5475      德宏                  102.50        181.00     3.06%    246.50   247.00   230.00   230.00      190.00   203.50   188.50   193.00    -37.00   -16.09%
      24           701  4991      環宇-KY               533.50        611.00     3.02%    532.00   546.00   525.00   543.00      511.00   520.00   495.00   499.00    -44.00    -8.10%
      25           710  8155      博智                  138.50        212.50     2.88%    382.00   395.00   375.00   376.00      344.50   350.00   341.50   348.00    -28.00    -7.45%
      26           653  6788      華景電                 116.50        190.50     2.88%    439.00   448.50   432.00   443.50      343.00   358.50   335.50   347.00    -96.50   -21.76%
      27           622  6435      大中                  167.50        241.50     2.88%    372.50   388.50   352.50   357.00      249.50   253.00   244.00   245.50   -111.50   -31.23%
      28           485  6725      矽科宏晟                 60.00        132.50     2.82%    352.00   360.00   338.50   343.50      223.00   228.00   223.00   226.50   -117.00   -34.06%
      29           872  6173      信昌電                 261.00        326.00     2.53%    334.50   341.50   334.50   341.50      278.00   281.50   267.00   268.50    -73.00   -21.38%
      30           728  8042      金山電                  73.30        135.60     2.43%    198.00   203.00   190.00   202.00      115.00   117.00   112.00   112.50    -89.50   -44.31%
      31           561  6903      巨漢                  123.00        185.00     2.41%    393.00   400.50   378.50   379.50      311.00   319.00   311.00   316.00    -63.50   -16.73%
      32           711  8027      鈦昇                  101.50        162.50     2.37%    229.00   236.50   229.00   236.50      180.00   184.50   177.00   178.00    -58.50   -24.74%
      33           636  6138      茂達                  208.50        262.50     2.10%    380.00   398.00   375.00   380.50      275.50   279.00   272.00   272.50   -108.00   -28.38%
      34           362  6679      鈺太                   21.00         73.50     2.04%    266.00   275.00   264.50   265.50      199.00   200.00   197.00   199.50    -66.00   -24.86%
      35           587  5347      世界                   43.00         92.00     1.91%    219.50   223.00   202.50   204.50      154.00   159.50   152.50   157.00    -47.50   -23.23%
      36           618  6693      廣閎科                 100.50        149.00     1.89%    239.50   249.00   228.00   232.00      185.50   187.50   181.00   182.00    -50.00   -21.55%
      37           721  6290      良維                  116.00        164.00     1.87%    314.00   317.00   307.50   308.00      272.50   284.00   271.00   275.00    -33.00   -10.71%
      38           710  8091      翔名                   94.00        141.50     1.85%    273.50   282.50   269.00   275.50      218.00   222.00   212.00   212.00    -63.50   -23.05%
      39           438  3293      鈊象                  176.00        223.00     1.83%    790.00   819.00   781.00   819.00      711.00   711.00   705.00   708.00   -111.00   -13.55%
      40           691  3357      臺慶科                 105.00        150.50     1.77%    325.00   331.50   300.00   305.50      207.00   210.50   207.00   208.00    -97.50   -31.91%
==========================================================================================================================================================================
✅ 共 40 筆


══════════════════════════════════════════════════════════════════════════════════════════════════════════════
  🔄 第 15/45 次  2026/06/30 ～ 2026/09/08
══════════════════════════════════════════════════════════════════════════════════════════════════════════════

==========================================================================================================================================================================
📊 累計漲跌停強度排名 (2026/06/30 ~ 2026/09/08)
==========================================================================================================================================================================
    實資排名        累計天數排名  代號        名稱                 累計漲停(元)       累計跌停(元)       強度%  (06/30)開盤      最高      最低      收盤    (09/08)開盤      最高      最低      收盤      賺賠    賺賠率
--------------------------------------------------------------------------------------------------------------------------------------------------------------------------
       1            81  5274      信驊                14810.00      10400.00   417.97%  15970.00 16705.00 15675.00 16495.00    19260.00 19795.00 18840.00 19220.00  +2725.00   +16.52%
       2           251  3081      聯亞                 3090.00       2660.00    40.75%   2090.00  2120.00  2020.00  2020.00     3115.00  3150.00  2825.00  2865.00   +845.00   +41.83%
       3           255  7828      創新服務               2560.00       2235.00    30.80%   2000.00  2020.00  1935.00  2015.00     1890.00  2055.00  1890.00  2035.00    +20.00    +0.99%
       4           230  6510      精測                 2630.00       2360.00    25.59%   3090.00  3150.00  2985.00  3035.00     3485.00  3710.00  3405.00  3620.00   +585.00   +19.28%
       5           543  3324      雙鴻                  916.00        728.00    17.82%   1010.00  1035.00  1000.00  1010.00     1425.00  1425.00  1300.00  1340.00   +330.00   +32.67%
       6           588  6538      倉和                  222.00         44.50    16.82%    124.00   131.00   117.00   131.00      307.00   328.00   299.00   321.00   +190.00  +145.04%
       7           440  6488      環球晶                1404.00       1243.00    15.26%    961.00  1005.00   961.00  1005.00      986.00  1010.00   944.00   955.00    -50.00    -4.98%
       8           633  3374      精材                  441.50        304.00    13.03%    295.00   297.00   285.00   286.50      474.00   482.50   456.00   475.00   +188.50   +65.79%
       9           545  6640      均華                 1145.00       1025.00    11.37%   1040.00  1075.00  1025.00  1025.00     1305.00  1320.00  1205.00  1215.00   +190.00   +18.54%
      10           278  5904      寶雅                  184.00         76.00    10.24%    675.00   680.00   653.00   667.00       71.70    72.10    71.10    71.70   -595.30   -89.25%
      11           679  4979      華星光                 549.50        455.50     8.91%    470.50   483.50   464.00   474.00      598.00   630.00   590.00   605.00   +131.00   +27.64%
      12           540  6727      亞泰金屬                510.00        421.50     8.39%    404.00   429.50   404.00   428.50      545.00   570.00   516.00   526.00    +97.50   +22.75%
      13           581  6870      騰雲                  172.50         94.00     7.44%    258.00   267.00   246.00   263.50      305.00   305.00   288.00   291.50    +28.00   +10.63%
      14           712  3693      營邦                  411.50        338.00     6.97%    477.00   507.00   477.00   501.00      689.00   715.00   633.00   669.00   +168.00   +33.53%
      15           553  7714      創泓科技                160.50         89.00     6.78%    151.50   151.50   151.50   151.50      162.00   162.00   155.50   155.50     +4.00    +2.64%
      16           700  7744      崴寶                  276.50        209.00     6.40%    452.00   460.50   450.00   453.00      555.00   555.00   508.00   523.00    +70.00   +15.45%
      17           682  6664      群翊                  200.50        136.00     6.11%    387.00   396.50   385.00   391.00      356.00   367.50   355.00   356.50    -34.50    -8.82%
      18           586  3363      上詮                  654.00        593.00     5.78%    585.00   592.00   563.00   578.00      728.00   749.00   707.00   711.00   +133.00   +23.01%
      19           441  3234      光環                   97.80         36.90     5.77%    124.50   129.00   123.00   127.50      203.50   206.50   195.50   197.00    +69.50   +54.51%
      20           387  3491      昇達科                1387.00       1332.00     5.21%   1360.00  1370.00  1320.00  1335.00     1530.00  1570.00  1460.00  1490.00   +155.00   +11.61%
      21           163  5432      新門                   54.50          0.00     5.17%    166.00   176.00   166.00   166.50      162.50   170.00   160.00   162.00     -4.50    -2.70%
      22           778  4908      前鼎                  152.50        104.00     4.60%    187.00   189.50   185.00   189.00      224.00   235.50   221.00   227.50    +38.50   +20.37%
      23           637  7805      威聯通                 178.00        130.00     4.55%    651.00   663.00   650.00   661.00      509.00   512.00   506.00   508.00   -153.00   -23.15%
      24           257  6811      宏碁資訊                 55.50          9.50     4.36%    210.00   210.00   207.00   208.00      226.50   227.50   222.50   224.00    +16.00    +7.69%
      25           277  6922      宸曜                   72.00         26.00     4.36%    171.50   174.00   171.00   174.00      209.50   209.50   192.50   193.00    +19.00   +10.92%
      26           520  3163      波若威                 785.00        741.00     4.17%    742.00   792.00   725.00   792.00      756.00   763.00   722.00   726.00    -66.00    -8.33%
      27           334  3498      陽程                   87.00         47.50     3.74%    121.00   122.50   118.00   118.50      189.00   192.00   185.50   189.50    +71.00   +59.92%
      28           324  3577      泓格                   75.50         37.00     3.65%    119.00   120.00   118.00   118.50      115.00   115.00   108.50   108.50    -10.00    -8.44%
      29           147  3228      金麗科                  36.50          0.00     3.46%    181.50   181.50   177.00   179.50      179.00   184.50   177.50   177.50     -2.00    -1.11%
      30           371  8064      東捷                   58.00         21.90     3.42%    138.00   146.00   137.50   146.00      134.50   134.50   134.50   134.50    -11.50    -7.88%
      31           476  6983      華洋精機                129.50         96.00     3.18%    351.00   355.50   351.00   354.50      357.00   357.00   343.50   344.00    -10.50    -2.96%
      32           228  6617      共信-KY                43.00         10.00     3.13%     67.50    69.70    66.50    69.70      142.00   146.00   131.00   134.50    +64.80   +92.97%
      33            39  4163      鐿鈦                   29.50          0.00     2.80%    127.50   127.50   120.50   122.00      133.50   134.00   127.50   129.50     +7.50    +6.15%
      34           446  6187      萬潤                 1217.00       1188.00     2.75%   1005.00  1005.00   965.00   998.00     1355.00  1435.00  1350.00  1385.00   +387.00   +38.78%
      35           543  7792      安葆                   91.50         62.50     2.75%    260.00   260.00   255.50   258.50      315.00   323.00   313.50   316.50    +58.00   +22.44%
      36           655  3264      欣銓                  143.00        114.50     2.70%    215.50   228.00   215.50   222.00      234.00   242.00   222.50   225.00     +3.00    +1.35%
      37           697  3680      家登                  346.00        319.50     2.51%    500.00   516.00   493.00   508.00      534.00   551.00   521.00   521.00    +13.00    +2.56%
      38            14  6712      長聖                   26.50          0.00     2.51%    162.50   165.00   158.00   158.50      155.00   156.50   155.00   156.00     -2.50    -1.58%
      39           859  3105      穩懋                  386.00        360.00     2.46%    423.00   434.50   412.50   426.00      457.00   458.00   440.00   441.50    +15.50    +3.64%
      40           549  5483      中美晶                 141.50        115.50     2.46%    169.50   180.00   168.50   180.00      185.00   187.50   179.50   180.00     +0.00    +0.00%
==========================================================================================================================================================================
✅ 共 40 筆


══════════════════════════════════════════════════════════════════════════════════════════════════════════════
  🔄 第 16/45 次  2026/06/29 ～ 2026/09/07
══════════════════════════════════════════════════════════════════════════════════════════════════════════════

==========================================================================================================================================================================
📊 累計漲跌停強度排名 (2026/06/29 ~ 2026/09/07)
==========================================================================================================================================================================
    實資排名        累計天數排名  代號        名稱                 累計漲停(元)       累計跌停(元)       強度%  (06/29)開盤      最高      最低      收盤    (09/07)開盤      最高      最低      收盤      賺賠    賺賠率
--------------------------------------------------------------------------------------------------------------------------------------------------------------------------
       1           170  6223      旺矽                 5480.00       7315.00   317.31%   6580.00  6680.00  5980.00  6060.00     5225.00  5575.00  5165.00  5490.00   -570.00    -9.41%
       2           609  5536      聖暉*                 489.00       1053.00    97.53%   1310.00  1335.00  1220.00  1245.00      858.00   888.00   851.00   874.00   -371.00   -29.80%
       3           365  8299      群聯                 1250.00       1735.00    83.87%   2320.00  2400.00  2300.00  2340.00     2075.00  2115.00  2065.00  2095.00   -245.00   -10.47%
       4           281  3131      弘塑                 2215.00       2680.00    80.41%   3315.00  3640.00  3310.00  3560.00     2400.00  2585.00  2390.00  2555.00  -1005.00   -28.23%
       5           459  6274      台燿                 1335.00       1780.00    76.95%   1575.00  1585.00  1505.00  1555.00     1395.00  1405.00  1345.00  1370.00   -185.00   -11.90%
       6           307  3529      力旺                 2235.00       2525.00    50.15%   2910.00  2935.00  2835.00  2900.00     2435.00  2590.00  2385.00  2570.00   -330.00   -11.38%
       7           863  6291      沛亨                  255.50        494.50    41.33%    630.00   637.00   588.00   588.00      457.00   459.50   440.50   442.50   -145.50   -24.74%
       8           511  5289      宜鼎                  960.00       1185.00    38.91%   1605.00  1615.00  1550.00  1595.00     1415.00  1440.00  1390.00  1405.00   -190.00   -11.91%
       9           597  5386      青雲                  160.50        370.50    36.31%    521.00   539.00   506.00   524.00      260.50   265.00   259.50   259.50   -264.50   -50.48%
      10           385  6683      雍智科技               1407.00       1607.00    34.58%   1700.00  1700.00  1565.00  1670.00     1455.00  1495.00  1395.00  1410.00   -260.00   -15.57%
      11           727  4749      新應材                 295.00        467.00    29.74%    888.00   915.00   852.00   866.00      794.00   825.00   784.00   787.00    -79.00    -9.12%
      12           390  7734      印能科技               2585.00       2755.00    29.40%   2990.00  3050.00  2910.00  2930.00     2925.00  3130.00  2900.00  2915.00    -15.00    -0.51%
      13           781  4542      科嶠                  278.00        410.50    22.91%    390.00   409.00   378.00   409.00      284.50   291.00   278.50   288.00   -121.00   -29.58%
      14           692  6643      M31                 159.00        287.00    22.13%    464.00   474.50   458.00   458.50      415.50   415.50   408.00   411.00    -47.50   -10.36%
      15           769  4760      勤凱                  121.50        235.00    19.63%    318.00   330.50   312.50   322.00      268.00   280.50   264.50   272.50    -49.50   -15.37%
      16           459  6739      竹陞科技               1121.00       1219.00    16.95%   1025.00  1040.00   991.00   996.00     1150.00  1150.00  1075.00  1110.00   +114.00   +11.45%
      17           229  6510      精測                 2480.00       2575.00    16.43%   3300.00  3300.00  2990.00  3035.00     3470.00  3645.00  3350.00  3470.00   +435.00   +14.33%
      18           642  7728      光焱科技                269.00        359.00    15.56%    668.00   668.00   648.00   656.00      621.00   635.00   601.00   622.00    -34.00    -5.18%
      19           672  6584      南俊國際                444.50        531.50    15.04%    708.00   736.00   683.00   685.00      641.00   643.00   618.00   619.00    -66.00    -9.64%
      20           655  5439      高技                   84.00        165.00    14.01%    310.00   317.00   303.00   305.50      262.50   269.00   262.00   262.50    -43.00   -14.08%
      21           439  6187      萬潤                 1202.00       1283.00    14.01%   1065.00  1100.00   970.00   980.00     1320.00  1400.00  1310.00  1370.00   +390.00   +39.80%
      22           530  3147      大綜                   90.00        169.50    13.75%    279.50   279.50   279.50   279.50      226.00   226.50   218.50   221.50    -58.00   -20.75%
      23           979  6217      中探針                 126.00        202.50    13.23%    243.50   250.50   230.00   233.00      191.50   193.00   179.50   181.50    -51.50   -22.10%
      24           892  5475      德宏                  122.50        199.00    13.23%    233.00   237.00   220.00   224.50      192.00   198.00   190.00   194.00    -30.50   -13.59%
      25           634  8358      金居                  429.50        505.50    13.14%    574.00   578.00   538.00   546.00      510.00   524.00   502.00   515.00    -31.00    -5.68%
      26           387  3152      璟德                   65.50        140.00    12.88%        --       --       --       --      238.00   238.00   233.50   233.50        --        --
      27           710  8155      博智                  138.50        212.50    12.80%    367.00   373.50   360.00   368.00      352.50   356.00   346.50   347.00    -21.00    -5.71%
      28           682  3675      德微                  257.50        322.00    11.15%    357.00   368.00   343.50   344.00      283.50   290.00   279.50   282.00    -62.00   -18.02%
      29           627  6788      華景電                 116.50        180.00    10.98%    422.00   433.50   421.00   422.50      356.50   362.00   351.00   358.50    -64.00   -15.15%
      30           550  6613      朋億*                 118.50        180.50    10.72%    334.50   355.00   328.00   340.00      262.00   267.00   261.00   265.00    -75.00   -22.06%
      31           459  6231      系微                   14.50         76.00    10.63%    280.00   293.00   274.50   280.00      214.50   214.50   212.00   214.00    -66.00   -23.57%
      32           801  8042      金山電                  89.80        147.10     9.91%    180.50   186.00   169.00   169.00      113.50   121.50   111.50   121.50    -47.50   -28.11%
      33           647  6147      頎邦                   87.50        143.00     9.60%    214.00   215.50   207.50   211.00      184.50   198.00   182.50   191.00    -20.00    -9.48%
      34           726  4991      環宇-KY               581.00        635.50     9.42%    503.00   520.00   465.50   482.50      520.00   520.00   489.00   494.00    +11.50    +2.38%
      35           768  8027      鈦昇                  121.00        175.50     9.42%    206.00   206.00   189.00   197.00      185.00   186.00   180.00   185.50    -11.50    -5.84%
      36           898  4931      新盛力                 160.00        214.00     9.34%    232.00   246.50   230.50   232.50      254.50   254.50   247.00   247.50    +15.00    +6.45%
      37           362  6679      鈺太                   21.00         73.50     9.08%    267.50   269.50   256.50   258.00      209.00   211.50   206.50   207.00    -51.00   -19.77%
      38           577  6903      巨漢                  133.50        185.00     8.91%    370.00   388.00   368.00   380.00      314.00   316.50   312.00   315.00    -65.00   -17.11%
      39           587  5347      世界                   43.00         92.00     8.47%    206.50   215.50   203.50   208.50      152.50   156.50   151.00   156.00    -52.50   -25.18%
      40           710  8091      翔名                   94.00        141.50     8.21%    258.00   271.50   253.50   263.00      218.50   219.00   214.50   216.50    -46.50   -17.68%
==========================================================================================================================================================================
✅ 共 40 筆


══════════════════════════════════════════════════════════════════════════════════════════════════════════════
  🔄 第 17/45 次  2026/06/26 ～ 2026/09/04
══════════════════════════════════════════════════════════════════════════════════════════════════════════════

==========================================================================================================================================================================
📊 累計漲跌停強度排名 (2026/06/26 ~ 2026/09/04)
==========================================================================================================================================================================
    實資排名        累計天數排名  代號        名稱                 累計漲停(元)       累計跌停(元)       強度%  (06/26)開盤      最高      最低      收盤    (09/04)開盤      最高      最低      收盤      賺賠    賺賠率
--------------------------------------------------------------------------------------------------------------------------------------------------------------------------
       1           169  6223      旺矽                 5145.00       7720.00    31.43%   6800.00  6905.00  6355.00  6500.00     5175.00  5280.00  5090.00  5155.00  -1345.00   -20.69%
       2           281  3131      弘塑                 2045.00       2940.00    10.92%   3510.00  3565.00  3300.00  3310.00     2435.00  2460.00  2345.00  2385.00   -925.00   -27.95%
       3           307  3529      力旺                 2050.00       2845.00     9.70%   3265.00  3265.00  2925.00  2925.00     2420.00  2515.00  2355.00  2385.00   -540.00   -18.46%
       4           367  8299      群聯                 1170.00       1900.00     8.91%   2495.00  2540.00  2305.00  2310.00     2025.00  2050.00  1970.00  2015.00   -295.00   -12.77%
       5           617  5536      聖暉*                 468.00       1098.00     7.69%   1360.00  1390.00  1275.00  1305.00      832.00   855.00   822.00   853.00   -452.00   -34.64%
       6           469  6274      台燿                 1335.00       1900.00     6.90%   1680.00  1750.00  1575.00  1580.00     1390.00  1425.00  1295.00  1365.00   -215.00   -13.61%
       7           378  7734      印能科技               2560.00       3090.00     6.47%   3380.00  3380.00  3045.00  3045.00     2810.00  2900.00  2770.00  2890.00   -155.00    -5.09%
       8           382  6683      雍智科技               1357.00       1792.00     5.31%   1850.00  1945.00  1700.00  1700.00     1420.00  1460.00  1335.00  1360.00   -340.00   -20.00%
       9           510  5289      宜鼎                  915.00       1320.00     4.94%   1715.00  1755.00  1595.00  1605.00     1370.00  1385.00  1320.00  1360.00   -245.00   -15.26%
      10           231  6510      精測                 2360.00       2755.00     4.82%   3385.00  3430.00  3230.00  3250.00     3465.00  3540.00  3320.00  3350.00   +100.00    +3.08%
      11           718  4749      新應材                 284.00        517.00     2.84%    927.00   933.00   874.00   877.00      782.00   813.00   776.00   776.00   -101.00   -11.52%
      12           662  5386      青雲                  160.50        388.50     2.78%    538.00   550.00   518.00   520.00      263.50   266.50   252.00   258.50   -261.50   -50.29%
      13           259  7828      創新服務               2395.00       2610.00     2.62%   2300.00  2320.00  2070.00  2070.00     1810.00  1930.00  1775.00  1930.00   -140.00    -6.76%
      14           465  6187      萬潤                 1137.00       1313.00     2.15%   1100.00  1120.00   998.00  1075.00     1345.00  1360.00  1280.00  1305.00   +230.00   +21.40%
      15           809  4542      科嶠                  278.00        447.50     2.07%    405.00   409.00   368.50   372.00      282.50   290.00   277.00   283.50    -88.50   -23.79%
      16           852  6291      沛亨                  314.50        480.50     2.03%    604.00   653.00   602.00   653.00      470.00   477.00   436.50   456.50   -196.50   -30.09%
      17           721  6643      M31                 159.00        323.00     2.00%    491.00   492.00   460.00   460.00      410.50   413.50   405.50   407.50    -52.50   -11.41%
      18           469  6739      竹陞科技               1121.00       1274.00     1.87%   1115.00  1115.00  1015.00  1030.00     1100.00  1140.00  1080.00  1135.00   +105.00   +10.19%
      19           631  8358      金居                  414.50        565.50     1.84%    628.00   650.00   570.00   570.00      481.00   500.00   469.50   500.00    -70.00   -12.28%
      20           808  4760      勤凱                  121.50        260.50     1.70%    340.50   340.50   312.50   315.00      261.50   270.00   258.00   264.00    -51.00   -16.19%
      21           678  7728      光焱科技                269.00        388.00     1.45%    687.00   687.00   657.00   657.00      640.00   650.00   615.00   618.00    -39.00    -5.94%
      22           560  3147      大綜                   90.00        204.00     1.39%    327.00   327.00   310.50   310.50      216.00   224.00   216.00   223.50    -87.00   -28.02%
      23           744  4991      環宇-KY               581.00        690.50     1.34%    560.00   560.00   506.00   507.00      499.00   505.00   470.00   497.00    -10.00    -1.97%
      24           929  5475      德宏                  122.50        225.50     1.26%    264.50   265.50   242.50   242.50      188.00   190.00   176.00   190.00    -52.50   -21.65%
      25           709  5439      高技                   84.00        185.50     1.24%    323.00   323.00   302.50   302.50      263.00   267.00   255.00   261.50    -41.00   -13.55%
      26          1023  6217      中探針                 126.00        226.50     1.23%    274.00   286.00   250.00   251.00      199.50   203.50   186.00   188.50    -62.50   -24.90%
      27           751  8155      博智                  138.50        237.00     1.20%    390.50   399.50   367.00   367.00      352.50   356.50   339.50   348.50    -18.50    -5.04%
      28           718  6584      南俊國際                444.50        536.50     1.12%    730.00   748.00   702.00   708.00      635.00   644.00   621.00   634.00    -74.00   -10.45%
      29           493  6231      系微                   14.50        106.00     1.12%    309.00   313.50   280.00   281.00      212.50   213.50   208.00   212.00    -69.00   -24.56%
      30           720  3675      德微                  257.50        348.00     1.10%    386.00   387.00   359.50   359.50      281.00   283.50   268.00   282.00    -77.50   -21.56%
      31           828  8042      金山電                  78.80        167.10     1.08%    195.50   195.50   180.50   180.50      104.00   110.50   104.00   110.50    -70.00   -38.78%
      32           680  6788      華景電                 116.50        201.00     1.03%    437.00   453.00   422.00   422.00      361.00   361.00   350.00   352.50    -69.50   -16.47%
      33           606  6613      朋億*                 118.50        200.50     1.00%    358.00   361.50   344.00   344.00      258.00   261.50   253.00   258.50    -85.50   -24.85%
      34           895  6173      信昌電                 263.00        343.50     0.98%    297.50   297.50   276.00   276.00      260.00   265.00   254.50   260.50    -15.50    -5.62%
      35           690  6147      頎邦                   87.50        167.00     0.97%    234.00   236.50   216.50   216.50      198.00   202.50   181.00   182.50    -34.00   -15.70%
      36           938  4931      新盛力                 160.00        239.50     0.97%    255.00   256.50   231.50   231.50      244.50   253.00   241.50   251.00    +19.50    +8.42%
      37           815  8027      鈦昇                  121.00        198.50     0.95%    225.50   226.00   210.00   210.00      178.00   186.50   173.00   181.50    -28.50   -13.57%
      38           387  3152      璟德                   65.50        140.00     0.91%        --       --       --       --      237.50   239.00   233.00   238.00        --        --
      39           419  6679      鈺太                   21.00         93.50     0.88%    285.50   285.50   266.00   266.00      209.00   217.50   204.00   206.00    -60.00   -22.56%
      40           644  6903      巨漢                  133.50        202.50     0.84%    389.00   394.50   369.00   369.50      310.00   314.00   302.00   312.50    -57.00   -15.43%
==========================================================================================================================================================================
✅ 共 40 筆


══════════════════════════════════════════════════════════════════════════════════════════════════════════════
  🔄 第 18/45 次  2026/06/25 ～ 2026/09/03
══════════════════════════════════════════════════════════════════════════════════════════════════════════════

==========================================================================================================================================================================
📊 累計漲跌停強度排名 (2026/06/25 ~ 2026/09/03)
==========================================================================================================================================================================
    實資排名        累計天數排名  代號        名稱                 累計漲停(元)       累計跌停(元)       強度%  (06/25)開盤      最高      最低      收盤    (09/03)開盤      最高      最低      收盤      賺賠    賺賠率
--------------------------------------------------------------------------------------------------------------------------------------------------------------------------
       1           166  6223      旺矽                 5035.00       7990.00    26.85%   7245.00  7250.00  6900.00  6905.00     5370.00  5370.00  5000.00  5045.00  -1860.00   -26.94%
       2           274  3131      弘塑                 2025.00       2965.00     8.54%   3670.00  3680.00  3565.00  3570.00     2440.00  2470.00  2365.00  2365.00  -1205.00   -33.75%
       3           296  3529      力旺                 1995.00       2845.00     7.72%   3265.00  3425.00  3185.00  3245.00     2410.00  2485.00  2330.00  2330.00   -915.00   -28.20%
       4           354  8299      群聯                 1155.00       1925.00     7.00%   2605.00  2640.00  2475.00  2475.00     2085.00  2120.00  1990.00  2000.00   -475.00   -19.19%
       5           450  6274      台燿                 1315.00       1965.00     5.91%   1795.00  1795.00  1650.00  1700.00     1420.00  1430.00  1340.00  1345.00   -355.00   -20.88%
       6           606  5536      聖暉*                 482.00       1098.00     5.60%   1315.00  1390.00  1295.00  1350.00      822.00   847.00   817.00   817.00   -533.00   -39.48%
       7           378  7734      印能科技               2505.00       3090.00     5.32%   3525.00  3525.00  3295.00  3380.00     2805.00  2925.00  2710.00  2710.00   -670.00   -19.82%
       8           487  5289      宜鼎                  900.00       1375.00     4.32%   1860.00  1870.00  1735.00  1740.00     1445.00  1455.00  1345.00  1345.00   -395.00   -22.70%
       9           386  6683      雍智科技               1357.00       1822.00     4.23%   2000.00  2010.00  1840.00  1885.00     1470.00  1475.00  1360.00  1385.00   -500.00   -26.53%
      10           243  6510      精測                 2360.00       2790.00     3.91%   3545.00  3545.00  3365.00  3430.00     3495.00  3585.00  3235.00  3350.00    -80.00    -2.33%
      11           273  7828      創新服務               2220.00       2635.00     3.77%   2350.00  2350.00  2285.00  2300.00     1770.00  1855.00  1720.00  1755.00   -545.00   -23.70%
      12           375  7751      竑騰                 1675.00       1945.00     2.45%   1520.00  1525.00  1365.00  1400.00     1555.00  1590.00  1450.00  1465.00    +65.00    +4.64%
      13           692  4749      新應材                 267.00        517.00     2.27%    934.00   941.00   925.00   927.00      795.00   797.00   758.00   759.00   -168.00   -18.12%
      14           483  6739      竹陞科技               1061.00       1289.00     2.07%   1160.00  1165.00  1110.00  1110.00     1120.00  1150.00  1075.00  1075.00    -35.00    -3.15%
      15           668  5386      青雲                  196.50        388.50     1.74%    519.00   548.00   511.00   538.00      283.00   291.00   257.00   260.00   -278.00   -51.67%
      16           614  8358      金居                  384.50        565.50     1.64%    651.00   651.00   621.00   630.00      513.00   514.00   470.00   470.00   -160.00   -25.40%
      17           721  6643      M31                 159.00        323.00     1.49%    506.00   519.00   495.50   496.00      417.50   423.00   402.50   403.00    -93.00   -18.75%
      18           819  4542      科嶠                  297.00        447.50     1.37%    410.00   410.00   386.00   409.00      297.50   300.50   277.00   279.00   -130.00   -31.78%
      19           386  3491      昇達科                1367.00       1512.00     1.32%   1450.00  1450.00  1340.00  1340.00     1445.00  1485.00  1375.00  1405.00    +65.00    +4.85%
      20           808  4760      勤凱                  121.50        260.50     1.26%    350.00   352.00   332.50   340.50      273.00   275.50   258.00   258.00    -82.50   -24.23%
      21           859  6291      沛亨                  345.50        480.50     1.23%    581.00   603.00   570.00   594.00      453.00   484.00   453.00   458.00   -136.00   -22.90%
      22           470  6187      萬潤                 1182.00       1313.00     1.19%   1040.00  1110.00  1040.00  1105.00     1365.00  1410.00  1300.00  1300.00   +195.00   +17.65%
      23           631  7717      萊德光電-KY             297.50        423.00     1.14%    508.00   512.00   467.00   471.50      425.00   429.50   409.00   409.00    -62.50   -13.26%
      24           711  4991      環宇-KY               568.50        690.50     1.11%    575.00   575.00   557.00   562.00      536.00   560.00   480.50   484.50    -77.50   -13.79%
      25           734  3675      德微                  257.50        375.50     1.07%    421.00   421.00   385.00   385.50      280.50   292.00   275.00   277.00   -108.50   -28.15%
      26           560  3147      大綜                   90.00        204.00     1.04%    338.00   351.00   333.50   345.00      221.00   223.00   215.00   215.00   -130.00   -37.68%
      27           929  5475      德宏                  122.50        225.50     0.94%    276.00   277.00   264.50   269.00      192.00   208.50   181.00   182.50    -86.50   -32.16%
      28           709  5439      高技                   84.00        185.50     0.92%    322.50   331.00   319.50   323.00      269.50   272.00   261.00   261.00    -62.00   -19.20%
      29           870  6173      信昌電                 243.50        343.50     0.91%    306.50   313.00   295.00   306.50      258.50   258.50   237.50   241.00    -65.50   -21.37%
      30           751  8155      博智                  138.50        237.00     0.90%    389.50   397.00   383.00   391.50      366.50   371.00   348.00   348.00    -43.50   -11.11%
      31           787  8042      金山電                  68.80        167.10     0.89%    195.00   200.50   192.50   200.50      113.00   113.50   100.00   100.50   -100.00   -49.88%
      32           674  7728      光焱科技                269.00        367.00     0.89%    700.00   700.00   686.00   686.00      675.00   678.00   636.00   639.00    -47.00    -6.85%
      33           704  6788      華景電                 116.50        214.00     0.89%    458.50   459.50   443.00   443.00      368.50   371.50   355.00   355.00    -88.00   -19.86%
      34           493  6231      系微                   14.50        106.00     0.83%    315.00   323.00   308.00   311.00      218.50   219.50   208.00   208.00   -103.00   -33.12%
      35           901  4931      新盛力                 148.50        239.50     0.83%    261.50   262.50   253.50   257.00      251.50   253.00   239.00   239.50    -17.50    -6.81%
      36          1034  6217      中探針                 144.00        226.50     0.75%    268.00   275.00   251.50   275.00      196.00   210.50   192.50   195.50    -79.50   -28.91%
      37           830  6290      良維                   92.50        175.00     0.75%    310.00   312.50   306.00   311.50      257.00   261.50   245.00   245.50    -66.00   -21.19%
      38           520  3163      波若威                 730.00        812.00     0.75%    845.00   846.00   789.00   800.00      779.00   780.00   720.00   720.00    -80.00   -10.00%
      39           606  6613      朋億*                 118.50        200.50     0.75%    362.00   368.00   360.00   364.00      264.50   265.00   257.00   257.00   -107.00   -29.40%
      40           690  6147      頎邦                   87.50        167.00     0.72%    255.00   255.00   234.00   240.50      183.50   199.50   174.00   189.00    -51.50   -21.41%
==========================================================================================================================================================================
✅ 共 40 筆


══════════════════════════════════════════════════════════════════════════════════════════════════════════════
  🔄 第 19/45 次  2026/06/24 ～ 2026/09/02
══════════════════════════════════════════════════════════════════════════════════════════════════════════════

==========================================================================================================================================================================
📊 累計漲跌停強度排名 (2026/06/24 ~ 2026/09/02)
==========================================================================================================================================================================
    實資排名        累計天數排名  代號        名稱                 累計漲停(元)       累計跌停(元)       強度%  (06/24)開盤      最高      最低      收盤    (09/02)開盤      最高      最低      收盤      賺賠    賺賠率
--------------------------------------------------------------------------------------------------------------------------------------------------------------------------
       1           165  6223      旺矽                 5530.00       7745.00    25.37%   6645.00  7200.00  6430.00  7175.00     5410.00  5535.00  5260.00  5290.00  -1885.00   -26.27%
       2           304  3529      力旺                 1995.00       2795.00     9.16%   3190.00  3220.00  2980.00  3170.00     2595.00  2600.00  2395.00  2395.00   -775.00   -24.45%
       3           260  3131      弘塑                 2125.00       2925.00     9.16%   3475.00  3595.00  3410.00  3595.00     2450.00  2460.00  2395.00  2405.00  -1190.00   -33.10%
       4           375  7734      印能科技               2505.00       3140.00     7.27%   3375.00  3375.00  3170.00  3255.00     2850.00  2850.00  2790.00  2795.00   -460.00   -14.13%
       5           349  8299      群聯                 1225.00       1860.00     7.27%   2385.00  2500.00  2325.00  2500.00     2100.00  2115.00  2060.00  2065.00   -435.00   -17.40%
       6           613  5536      聖暉*                 522.00       1098.00     6.60%   1220.00  1320.00  1215.00  1300.00      880.00   880.00   823.00   823.00   -477.00   -36.69%
       7           449  6274      台燿                 1345.00       1900.00     6.36%   1700.00  1765.00  1670.00  1765.00     1435.00  1460.00  1400.00  1410.00   -355.00   -20.11%
       8           239  6510      精測                 2360.00       2905.00     6.24%   3580.00  3595.00  3385.00  3465.00     3290.00  3435.00  3235.00  3435.00    -30.00    -0.87%
       9           486  5289      宜鼎                  900.00       1390.00     5.61%   1840.00  1865.00  1740.00  1795.00     1450.00  1450.00  1420.00  1420.00   -375.00   -20.89%
      10           277  7828      創新服務               2305.00       2635.00     3.78%   2240.00  2365.00  2240.00  2325.00     1780.00  1810.00  1740.00  1760.00   -565.00   -24.30%
      11           380  6683      雍智科技               1532.00       1747.00     2.46%   1750.00  1940.00  1720.00  1940.00     1405.00  1460.00  1400.00  1460.00   -480.00   -24.74%
      12           683  4749      新應材                 284.00        489.00     2.35%    908.00   939.00   904.00   934.00      805.00   808.00   787.00   787.00   -147.00   -15.74%
      13           456  6187      萬潤                 1182.00       1383.00     2.30%   1120.00  1160.00  1060.00  1060.00     1360.00  1410.00  1335.00  1340.00   +280.00   +26.42%
      14           467  6739      竹陞科技               1061.00       1244.00     2.10%   1085.00  1145.00  1085.00  1125.00     1130.00  1170.00  1120.00  1120.00     -5.00    -0.44%
      15           633  5386      青雲                  196.50        370.50     1.99%    490.00   506.00   486.00   502.00      277.50   284.50   277.00   278.00   -224.00   -44.62%
      16           404  7751      竑騰                 1685.00       1855.00     1.95%   1440.00  1520.00  1425.00  1485.00     1615.00  1685.00  1555.00  1555.00    +70.00    +4.71%
      17           606  8358      金居                  384.50        551.50     1.91%    632.00   640.00   616.00   638.00      515.00   521.00   503.00   503.00   -135.00   -21.16%
      18           743  3675      德微                  257.50        408.00     1.72%    422.00   440.00   403.50   413.00      280.00   280.50   273.50   274.00   -139.00   -33.66%
      19           706  6643      M31                 169.50        310.00     1.61%    482.00   503.00   480.50   501.00      424.00   424.00   413.00   416.00    -85.00   -16.97%
      20           870  6291      沛亨                  347.50        480.50     1.52%    527.00   575.00   520.00   563.00      423.50   465.50   423.50   440.00   -123.00   -21.85%
      21           785  4542      科嶠                  297.00        429.00     1.51%    378.00   390.00   366.00   390.00      295.00   309.00   290.00   297.50    -92.50   -23.72%
      22           767  4760      勤凱                  121.50        246.00     1.43%    341.00   354.50   337.00   346.50      264.00   282.00   264.00   272.50    -74.00   -21.36%
      23           589  7717      萊德光電-KY             297.50        409.00     1.28%    501.00   536.00   501.00   505.00      423.00   434.00   421.00   423.00    -82.00   -16.24%
      24           929  5475      德宏                  122.50        225.50     1.18%    270.00   282.00   268.50   276.00      195.50   204.50   190.00   190.00    -86.00   -31.16%
      25           709  5439      高技                   84.00        185.50     1.16%    317.50   324.00   313.00   320.50      271.50   272.50   267.00   269.50    -51.00   -15.91%
      26           579  3147      大綜                  104.00        204.00     1.15%    330.00   340.00   318.00   340.00      222.00   222.00   218.00   220.50   -119.50   -35.15%
      27          1049  6217      中探針                 144.00        242.50     1.13%    269.00   278.00   252.50   257.00      190.00   207.50   189.50   195.50    -61.50   -23.93%
      28           493  6231      系微                   14.50        106.00     1.05%    302.00   319.50   302.00   311.00      219.00   220.50   215.00   216.00    -95.00   -30.55%
      29           668  7728      光焱科技                269.00        354.00     0.97%    724.00   724.00   692.00   700.00      674.00   688.00   660.00   667.00    -33.00    -4.71%
      30           606  6613      朋億*                 118.50        200.50     0.94%    360.00   360.00   348.00   359.00      272.00   272.00   262.00   264.50    -94.50   -26.32%
      31           849  4931      新盛力                 148.50        229.00     0.92%    258.00   269.50   252.00   257.00      257.00   264.50   250.00   250.00     -7.00    -2.72%
      32           690  6147      頎邦                   87.50        167.00     0.91%    256.00   258.50   243.00   249.00      180.00   186.50   178.50   182.50    -66.50   -26.71%
      33           721  8155      博智                  138.50        216.00     0.89%    379.50   394.00   379.50   386.50      365.00   372.00   364.00   369.00    -17.50    -4.53%
      34           815  8027      鈦昇                  121.00        198.50     0.89%    229.50   237.50   229.50   231.50      186.00   189.00   181.00   182.00    -49.50   -21.38%
      35           387  3152      璟德                   65.50        140.00     0.85%        --       --       --       --      239.00   242.00   239.00   240.00        --        --
      36           752  8042      金山電                  83.30        156.60     0.84%    176.00   192.00   176.00   192.00      106.00   114.00   101.50   111.00    -81.00   -42.19%
      37           419  6679      鈺太                   21.00         93.50     0.83%    284.50   288.50   279.50   283.50      208.50   213.00   204.50   204.50    -79.00   -27.87%
      38           779  6290      良維                   92.50        164.00     0.82%    302.50   308.50   298.50   306.00      259.00   263.00   256.00   256.50    -49.50   -16.18%
      39           729  8091      翔名                   94.00        163.50     0.80%    277.00   288.00   275.00   286.00      220.50   226.50   220.00   220.50    -65.50   -22.90%
      40           644  6903      巨漢                  133.50        202.50     0.79%    377.00   385.00   376.00   384.50      318.00   318.00   310.00   310.00    -74.50   -19.38%
==========================================================================================================================================================================
✅ 共 40 筆


══════════════════════════════════════════════════════════════════════════════════════════════════════════════
  🔄 第 20/45 次  2026/06/23 ～ 2026/09/01
══════════════════════════════════════════════════════════════════════════════════════════════════════════════

==========================================================================================================================================================================
📊 累計漲跌停強度排名 (2026/06/23 ~ 2026/09/01)
==========================================================================================================================================================================
    實資排名        累計天數排名  代號        名稱                 累計漲停(元)       累計跌停(元)       強度%  (06/23)開盤      最高      最低      收盤    (09/01)開盤      最高      最低      收盤      賺賠    賺賠率
--------------------------------------------------------------------------------------------------------------------------------------------------------------------------
       1           164  6223      旺矽                 5785.00       7625.00    16.66%   6485.00  6820.00  6425.00  6680.00     5200.00  5585.00  5090.00  5410.00  -1270.00   -19.01%
       2           263  3131      弘塑                 2125.00       2940.00     7.38%   3585.00  3595.00  3410.00  3495.00     2420.00  2515.00  2400.00  2480.00  -1015.00   -29.04%
       3           346  8299      群聯                 1225.00       1950.00     6.56%   2565.00  2590.00  2430.00  2430.00     2185.00  2185.00  2080.00  2125.00   -305.00   -12.55%
       4           373  7734      印能科技               2505.00       3225.00     6.52%   3560.00  3570.00  3385.00  3390.00     2790.00  2940.00  2790.00  2880.00   -510.00   -15.04%
       5           241  6510      精測                 2190.00       2905.00     6.47%   3595.00  3775.00  3470.00  3665.00     2925.00  3125.00  2925.00  3125.00   -540.00   -14.73%
       6           443  6274      台燿                 1345.00       2025.00     6.16%   1905.00  1905.00  1715.00  1735.00     1435.00  1480.00  1430.00  1450.00   -285.00   -16.43%
       7           303  3529      力旺                 1995.00       2550.00     5.02%   3190.00  3320.00  3180.00  3185.00     2490.00  2640.00  2490.00  2640.00   -545.00   -17.11%
       8           483  5289      宜鼎                  900.00       1445.00     4.93%   1975.00  1985.00  1875.00  1885.00     1465.00  1475.00  1425.00  1450.00   -435.00   -23.08%
       9           641  5536      聖暉*                 522.00       1058.00     4.85%   1300.00  1310.00  1225.00  1260.00      872.00   893.00   870.00   883.00   -377.00   -29.92%
      10           454  6187      萬潤                 1182.00       1438.00     2.32%   1270.00  1270.00  1160.00  1170.00     1350.00  1395.00  1320.00  1375.00   +205.00   +17.52%
      11           676  4749      新應材                 284.00        526.00     2.19%    966.00   967.00   917.00   917.00      780.00   814.00   773.00   799.00   -118.00   -12.87%
      12           464  6739      竹陞科技               1061.00       1284.00     2.02%   1205.00  1245.00  1120.00  1120.00     1200.00  1200.00  1150.00  1150.00    +30.00    +2.68%
      13           660  5386      青雲                  196.50        397.50     1.82%    532.00   534.00   501.00   502.00      284.00   284.50   273.00   277.50   -224.50   -44.72%
      14           875  6291      沛亨                  331.50        528.50     1.78%    598.00   598.00   535.00   543.00      405.00   434.00   405.00   424.00   -119.00   -21.92%
      15           380  6683      雍智科技               1562.00       1747.00     1.67%   1655.00  1765.00  1640.00  1765.00     1330.00  1330.00  1330.00  1330.00   -435.00   -24.65%
      16           609  8358      金居                  384.50        562.50     1.61%    717.00   718.00   650.00   657.00      541.00   564.00   525.00   526.00   -131.00   -19.94%
      17           605  7717      萊德光電-KY             297.50        455.50     1.43%    546.00   547.00   497.50   497.50      430.00   443.50   424.50   429.50    -68.00   -13.67%
      18           788  4760      勤凱                  121.50        278.50     1.42%    382.00   382.00   346.00   349.50      258.00   275.00   258.00   268.00    -81.50   -23.32%
      19           773  6643      M31                 169.50        319.50     1.36%    500.00   509.00   490.00   490.50      412.50   438.00   412.50   422.00    -68.50   -13.97%
      20           831  4542      科嶠                  297.00        444.00     1.33%    405.00   405.00   385.00   385.00      306.00   319.00   302.50   306.00    -79.00   -20.52%
      21           700  7728      光焱科技                255.00        371.00     1.05%    732.00   732.00   712.00   715.00      636.00   686.00   636.00   653.00    -62.00    -8.67%
      22           759  5439      高技                   84.00        200.00     1.05%    339.50   339.50   321.50   321.50      269.00   280.50   263.00   275.00    -46.50   -14.46%
      23           368  3491      昇達科                1442.00       1552.00     1.00%   1450.00  1450.00  1355.00  1355.00     1425.00  1505.00  1390.00  1480.00   +125.00    +9.23%
      24           748  3675      德微                  298.00        408.00     1.00%    445.50   445.50   425.50   445.50      274.00   286.00   274.00   278.50   -167.00   -37.49%
      25           579  3147      大綜                  104.00        204.00     0.91%    321.00   326.00   313.50   326.00      224.00   226.00   219.00   219.00   -107.00   -32.82%
      26          1049  6217      中探針                 144.00        242.50     0.89%    274.50   289.50   272.00   273.00      174.50   189.50   171.50   189.50    -83.50   -30.59%
      27           727  6147      頎邦                   87.50        186.00     0.89%    277.50   278.00   256.50   258.00      178.00   187.00   175.50   183.50    -74.50   -28.88%
      28           760  8155      博智                  138.50        235.00     0.87%    405.00   405.00   385.00   388.50      365.00   374.50   363.50   369.50    -19.00    -4.89%
      29           607  6613      朋億*                 118.50        213.00     0.86%    394.50   394.50   368.00   368.00      279.00   279.00   271.00   274.00    -94.00   -25.54%
      30           904  5475      德宏                  122.50        215.00     0.84%    276.00   286.50   262.00   279.00      206.00   212.50   198.00   200.50    -78.50   -28.14%
      31           493  6231      系微                   14.50        106.00     0.83%    307.50   318.00   301.50   307.50      219.50   224.00   219.00   222.50    -85.00   -27.64%
      32           805  8042      金山電                  83.30        169.60     0.78%    191.00   191.00   177.00   177.50      105.50   114.00   105.50   107.50    -70.00   -39.44%
      33           834  6290      良維                   92.50        176.00     0.76%    318.50   319.00   306.00   306.00      252.00   268.00   251.00   259.50    -46.50   -15.20%
      34           462  3624      光頡                   13.50         95.80     0.74%    172.00   178.00   159.00   159.00       88.50    93.40    88.50    90.20    -68.80   -43.27%
      35           884  6173      信昌電                 263.50        344.50     0.73%    298.00   298.00   285.00   285.00      255.50   270.50   254.00   261.50    -23.50    -8.25%
      36           271  7828      創新服務               2505.00       2585.00     0.72%   2240.00  2240.00  2240.00  2240.00     1800.00  1845.00  1745.00  1810.00   -430.00   -19.20%
      37           448  7751      竑騰                 1685.00       1765.00     0.72%   1470.00  1485.00  1440.00  1475.00     1615.00  1705.00  1570.00  1660.00   +185.00   +12.54%
      38           815  8027      鈦昇                  121.00        198.50     0.70%    245.50   245.50   235.00   237.00      179.50   192.00   179.00   185.00    -52.00   -21.94%
      39           387  3152      璟德                   65.50        140.00     0.67%        --       --       --       --      242.00   247.00   242.00   242.50        --        --
      40           765  3357      臺慶科                 123.00        197.50     0.67%    341.00   341.00   313.00   315.00      216.00   223.50   215.00   215.50    -99.50   -31.59%
==========================================================================================================================================================================
✅ 共 40 筆


══════════════════════════════════════════════════════════════════════════════════════════════════════════════
  🔄 第 21/45 次  2026/06/22 ～ 2026/08/31
══════════════════════════════════════════════════════════════════════════════════════════════════════════════

==========================================================================================================================================================================
📊 累計漲跌停強度排名 (2026/06/22 ~ 2026/08/31)
==========================================================================================================================================================================
    實資排名        累計天數排名  代號        名稱                 累計漲停(元)       累計跌停(元)       強度%  (06/22)開盤      最高      最低      收盤    (08/31)開盤      最高      最低      收盤      賺賠    賺賠率
--------------------------------------------------------------------------------------------------------------------------------------------------------------------------
       1           206  6223      旺矽                 5515.00       7625.00    15.99%   6595.00  6595.00  6275.00  6425.00     4930.00  5130.00  4870.00  5130.00  -1295.00   -20.16%
       2           241  6510      精測                 1910.00       2990.00     8.19%   3640.00  3710.00  3430.00  3525.00     2680.00  2920.00  2605.00  2845.00   -680.00   -19.29%
       3           301  3529      力旺                 1755.00       2640.00     6.71%   3400.00  3450.00  3150.00  3180.00     2500.00  2505.00  2310.00  2400.00   -780.00   -24.53%
       4           367  7734      印能科技               2450.00       3280.00     6.29%   3685.00  3790.00  3345.00  3560.00     2965.00  3015.00  2770.00  2825.00   -735.00   -20.65%
       5           257  3131      弘塑                 2120.00       2940.00     6.22%   3640.00  3815.00  3480.00  3585.00     2450.00  2450.00  2335.00  2410.00  -1175.00   -32.78%
       6            83  5274      信驊                11595.00      12275.00     5.15%  19850.00 19880.00 19120.00 19275.00    15630.00 16140.00 15010.00 16065.00  -3210.00   -16.65%
       7           349  8299      群聯                 1275.00       1910.00     4.81%   2600.00  2670.00  2570.00  2580.00     2130.00  2185.00  2110.00  2165.00   -415.00   -16.09%
       8           410  6274      台燿                 1395.00       2025.00     4.78%   1900.00  1920.00  1835.00  1900.00     1435.00  1485.00  1385.00  1435.00   -465.00   -24.47%
       9           646  5536      聖暉*                 518.00       1058.00     4.09%   1260.00  1305.00  1255.00  1280.00      880.00   898.00   850.00   864.00   -416.00   -32.50%
      10           490  5289      宜鼎                  940.00       1445.00     3.83%   1990.00  2010.00  1940.00  1970.00     1460.00  1480.00  1430.00  1450.00   -520.00   -26.40%
      11           380  6683      雍智科技               1442.00       1792.00     2.65%   1665.00  1700.00  1585.00  1605.00     1180.00  1225.00  1140.00  1210.00   -395.00   -24.61%
      12           362  3491      昇達科                1342.00       1642.00     2.27%   1555.00  1555.00  1470.00  1470.00     1555.00  1555.00  1360.00  1380.00    -90.00    -6.12%
      13           664  4749      新應材                 254.00        551.00     2.25%   1005.00  1010.00   966.00   966.00      793.00   793.00   755.00   769.00   -197.00   -20.39%
      14           452  6187      萬潤                 1177.00       1438.00     1.98%   1290.00  1290.00  1260.00  1260.00     1335.00  1380.00  1280.00  1345.00    +85.00    +6.75%
      15           660  5386      青雲                  196.50        397.50     1.52%    536.00   544.00   523.00   529.00      260.00   282.50   260.00   280.00   -249.00   -47.07%
      16           852  6291      沛亨                  355.50        528.50     1.31%    557.00   598.00   557.00   591.00      391.00   407.00   388.00   405.00   -186.00   -31.47%
      17           603  8358      金居                  384.50        548.50     1.24%    705.00   758.00   683.00   691.00      538.00   549.00   515.00   540.00   -151.00   -21.85%
      18           732  6643      M31                 159.00        319.50     1.22%    508.00   524.00   490.00   500.00      428.00   432.00   411.50   411.50    -88.50   -17.70%
      19           793  4542      科嶠                  284.00        444.00     1.21%    410.00   410.00   395.00   400.00      280.50   308.00   280.00   293.00   -107.00   -26.75%
      20           605  7717      萊德光電-KY             297.50        455.50     1.20%    555.00   555.00   540.00   544.00      443.50   460.00   413.00   427.00   -117.00   -21.51%
      21           788  4760      勤凱                  121.50        278.50     1.19%    376.00   388.00   358.50   382.00      262.00   265.00   248.00   261.00   -121.00   -31.68%
      22           434  7751      竑騰                 1640.00       1765.00     0.95%   1505.00  1575.00  1470.00  1490.00     1790.00  1790.00  1615.00  1615.00   +125.00    +8.39%
      23           463  6739      竹陞科技               1131.00       1254.00     0.93%   1125.00  1210.00  1125.00  1190.00     1120.00  1200.00  1110.00  1180.00    -10.00    -0.84%
      24           702  7728      光焱科技                254.00        371.00     0.89%    775.00   775.00   715.00   732.00      642.00   642.00   627.00   632.00   -100.00   -13.66%
      25           759  5439      高技                   84.00        200.00     0.88%    338.00   340.00   331.50   336.00      265.00   279.50   262.00   267.50    -68.50   -20.39%
      26           499  3163      波若威                 710.00        817.00     0.81%    895.00   895.00   870.00   870.00      731.00   750.00   726.00   741.00   -129.00   -14.83%
      27           865  6173      信昌電                 248.00        355.00     0.81%    303.00   310.00   295.00   305.50      242.50   259.50   235.50   246.00    -59.50   -19.48%
      28           579  3147      大綜                  104.00        204.00     0.76%    335.00   335.00   320.00   320.00      218.00   220.50   215.50   218.00   -102.00   -31.87%
      29           760  8155      博智                  138.50        235.00     0.73%    405.00   409.50   401.00   407.50      367.00   375.00   357.50   365.00    -42.50   -10.43%
      30           607  6613      朋億*                 118.50        213.00     0.72%    383.00   397.00   383.00   390.00      280.50   289.50   271.50   278.50   -111.50   -28.59%
      31          1036  6217      中探針                 151.50        242.50     0.69%    248.50   271.50   245.50   271.50      172.00   176.00   163.50   172.50    -99.00   -36.46%
      32           947  3105      穩懋                  354.50        443.50     0.67%    545.00   550.00   522.00   541.00      434.50   471.00   425.00   447.50    -93.50   -17.28%
      33           805  8042      金山電                  83.30        169.60     0.65%    199.50   199.50   190.00   190.50      107.00   115.00   100.50   105.00    -85.50   -44.88%
      34           264  7828      創新服務               2500.00       2585.00     0.64%   2000.00  2040.00  1950.00  2040.00     1785.00  1920.00  1750.00  1765.00   -275.00   -13.48%
      35           834  6290      良維                   92.50        176.00     0.63%    320.00   321.00   312.00   318.00      247.00   259.00   245.50   253.50    -64.50   -20.28%
      36           399  6488      環球晶                1343.00       1425.00     0.62%   1170.00  1170.00  1110.00  1115.00      951.00   953.00   875.00   912.00   -203.00   -18.21%
      37           574  6725      矽科宏晟                 91.00        172.00     0.61%    367.00   388.50   346.00   346.00      226.50   229.50   220.00   222.00   -124.00   -35.84%
      38           667  6788      華景電                 125.00        204.00     0.60%    443.00   449.00   436.50   443.50      364.50   364.50   353.00   361.00    -82.50   -18.60%
      39           815  8027      鈦昇                  121.00        198.50     0.59%    240.00   248.00   235.00   245.00      182.50   183.00   173.00   179.50    -65.50   -26.73%
      40           387  3152      璟德                   65.50        140.00     0.56%    202.00   208.50   200.00   208.00      243.00   247.50   241.00   241.50    +33.50   +16.11%
==========================================================================================================================================================================
✅ 共 40 筆


══════════════════════════════════════════════════════════════════════════════════════════════════════════════
  🔄 第 22/45 次  2026/06/18 ～ 2026/08/28
══════════════════════════════════════════════════════════════════════════════════════════════════════════════

==========================================================================================================================================================================
📊 累計漲跌停強度排名 (2026/06/18 ~ 2026/08/28)
==========================================================================================================================================================================
    實資排名        累計天數排名  代號        名稱                 累計漲停(元)       累計跌停(元)       強度%  (06/18)開盤      最高      最低      收盤    (08/28)開盤      最高      最低      收盤      賺賠    賺賠率
--------------------------------------------------------------------------------------------------------------------------------------------------------------------------
       1           201  6223      旺矽                 5415.00       7625.00    21.14%   6420.00  6570.00  6325.00  6415.00     5085.00  5085.00  4880.00  5030.00  -1385.00   -21.59%
       2           249  6510      精測                 1815.00       2990.00    11.24%   3520.00  3610.00  3500.00  3610.00     2805.00  2830.00  2670.00  2680.00   -930.00   -25.76%
       3            83  5274      信驊                11635.00      12275.00     6.12%  18600.00 19070.00 18495.00 18960.00    15525.00 15745.00 14815.00 15630.00  -3330.00   -17.56%
       4           305  3529      力旺                 1870.00       2500.00     6.03%   3245.00  3340.00  3190.00  3270.00     2720.00  2720.00  2520.00  2540.00   -730.00   -22.32%
       5           254  3131      弘塑                 2395.00       2865.00     4.50%   3330.00  3565.00  3330.00  3520.00     2565.00  2570.00  2430.00  2485.00  -1035.00   -29.40%
       6           656  5536      聖暉*                 593.00       1058.00     4.45%   1190.00  1270.00  1185.00  1265.00      856.00   880.00   841.00   871.00   -394.00   -31.15%
       7           334  8299      群聯                 1460.00       1910.00     4.31%   2350.00  2535.00  2335.00  2530.00     2170.00  2195.00  2115.00  2150.00   -380.00   -15.02%
       8           409  6274      台燿                 1560.00       1970.00     3.92%   1790.00  1835.00  1770.00  1835.00     1460.00  1515.00  1440.00  1490.00   -345.00   -18.80%
       9           487  5289      宜鼎                 1015.00       1425.00     3.92%   1875.00  1955.00  1840.00  1930.00     1525.00  1535.00  1465.00  1470.00   -460.00   -23.83%
      10           368  7734      印能科技               2715.00       3110.00     3.78%   3350.00  3675.00  3300.00  3615.00     2895.00  3050.00  2800.00  2995.00   -620.00   -17.15%
      11           426  6683      雍智科技               1442.00       1792.00     3.35%   1650.00  1680.00  1620.00  1650.00     1250.00  1250.00  1165.00  1200.00   -450.00   -27.27%
      12           667  4749      新應材                 305.00        530.00     2.15%    959.00   995.00   951.00   991.00      786.00   805.00   782.00   790.00   -201.00   -20.28%
      13           682  5386      青雲                  196.00        397.50     1.93%    507.00   525.00   505.00   521.00      237.00   258.50   237.00   258.50   -262.50   -50.38%
      14           447  6187      萬潤                 1257.00       1418.00     1.54%   1165.00  1245.00  1155.00  1235.00     1420.00  1455.00  1325.00  1365.00   +130.00   +10.53%
      15           421  3491      昇達科                1352.00       1512.00     1.53%   1560.00  1575.00  1520.00  1560.00     1500.00  1515.00  1450.00  1510.00    -50.00    -3.21%
      16           788  4760      勤凱                  121.50        278.50     1.50%    370.00   383.00   370.00   375.00      262.50   272.50   260.00   262.00   -113.00   -30.13%
      17           502  6739      竹陞科技               1106.00       1254.00     1.42%   1105.00  1135.00  1105.00  1120.00     1150.00  1175.00  1100.00  1140.00    +20.00    +1.79%
      18           585  7717      萊德光電-KY             297.50        442.50     1.39%    552.00   552.00   539.00   546.00      446.00   460.00   429.50   440.00   -106.00   -19.41%
      19           871  6291      沛亨                  388.50        528.50     1.34%    517.00   553.00   511.00   548.00      430.00   430.00   394.50   400.50   -147.50   -26.92%
      20           817  4542      科嶠                  313.00        444.00     1.25%    389.00   412.00   389.00   407.00      271.00   288.50   269.00   286.00   -121.00   -29.73%
      21           781  6643      M31                 170.50        294.00     1.18%    488.00   495.50   480.00   494.00      446.00   458.00   437.00   437.00    -57.00   -11.54%
      22           256  7828      創新服務               2500.00       2620.00     1.15%   2100.00  2110.00  1980.00  2000.00     1635.00  1800.00  1635.00  1800.00   -200.00   -10.00%
      23           702  7728      光焱科技                254.00        371.00     1.12%    710.00   712.00   705.00   712.00      650.00   680.00   631.00   636.00    -76.00   -10.67%
      24           759  5439      高技                   84.00        200.00     1.11%    326.00   333.00   324.00   332.50      265.00   270.50   257.00   264.50    -68.00   -20.45%
      25           484  3163      波若威                 710.00        814.00     0.99%    910.00   910.00   871.00   893.00      765.00   784.00   750.00   754.00   -139.00   -15.57%
      26           615  8358      金居                  444.50        548.50     0.99%    657.00   700.00   657.00   700.00      525.00   543.00   505.00   543.00   -157.00   -22.43%
      27           579  3147      大綜                  104.00        204.00     0.96%    330.00   330.50   323.50   327.00      220.50   222.00   217.50   219.00   -108.00   -33.03%
      28           760  8155      博智                  138.50        235.00     0.92%    413.50   413.50   403.50   404.50      372.00   375.00   363.50   372.00    -32.50    -8.03%
      29           910  6173      信昌電                 263.50        355.00     0.88%    307.50   318.00   302.00   316.00      229.00   239.00   229.00   239.00    -77.00   -24.37%
      30           947  3105      穩懋                  354.50        443.50     0.85%    522.00   557.00   521.00   528.00      449.50   461.50   434.50   439.00    -89.00   -16.86%
      31           805  8042      金山電                  83.30        169.60     0.83%    195.00   198.00   189.50   195.00      109.00   114.00   105.50   109.00    -86.00   -44.10%
      32           596  6640      均華                  960.00       1045.00     0.81%   1105.00  1165.00  1105.00  1120.00     1085.00  1100.00  1040.00  1060.00    -60.00    -5.36%
      33           696  4991      環宇-KY               576.50        659.00     0.79%    530.00   566.00   527.00   566.00      538.00   540.00   511.00   520.00    -46.00    -8.13%
      34           667  6788      華景電                 125.00        204.00     0.76%    439.00   440.00   431.50   438.00      373.00   373.50   363.00   368.50    -69.50   -15.87%
      35          1089  6217      中探針                 165.00        242.50     0.74%    238.00   250.50   232.00   247.00      178.00   184.50   170.50   175.00    -72.00   -29.15%
      36           815  8027      鈦昇                  121.00        198.50     0.74%    250.00   250.00   240.00   241.00      183.50   192.00   181.00   185.00    -56.00   -23.24%
      37           387  3152      璟德                   65.50        140.00     0.71%    201.50   206.50   199.50   204.00      253.00   256.00   248.00   248.00    +44.00   +21.57%
      38           612  3324      雙鴻                  561.00        633.00     0.69%   1065.00  1085.00  1055.00  1070.00     1075.00  1155.00  1075.00  1140.00    +70.00    +6.54%
      39           620  3363      上詮                  596.00        667.00     0.68%    684.00   716.00   673.00   712.00      703.00   703.00   678.00   701.00    -11.00    -1.54%
      40           644  6903      巨漢                  133.50        202.50     0.66%    387.00   394.00   386.50   393.00      316.00   319.50   312.00   317.00    -76.00   -19.34%
==========================================================================================================================================================================
✅ 共 40 筆


══════════════════════════════════════════════════════════════════════════════════════════════════════════════
  🔄 第 23/45 次  2026/06/17 ～ 2026/08/27
══════════════════════════════════════════════════════════════════════════════════════════════════════════════

==========================================================================================================================================================================
📊 累計漲跌停強度排名 (2026/06/17 ~ 2026/08/27)
==========================================================================================================================================================================
    實資排名        累計天數排名  代號        名稱                 累計漲停(元)       累計跌停(元)       強度%  (06/17)開盤      最高      最低      收盤    (08/27)開盤      最高      最低      收盤      賺賠    賺賠率
--------------------------------------------------------------------------------------------------------------------------------------------------------------------------
       1           206  6223      旺矽                 5415.00       7590.00    20.77%   6440.00  6465.00  6285.00  6420.00     5100.00  5175.00  4730.00  5090.00  -1330.00   -20.72%
       2           249  6510      精測                 1855.00       2930.00    10.26%   3460.00  3580.00  3450.00  3540.00     2690.00  2815.00  2590.00  2740.00   -800.00   -22.60%
       3            83  5274      信驊                11640.00      12275.00     6.06%  18295.00 18485.00 18050.00 18485.00    15690.00 16125.00 15105.00 15305.00  -3180.00   -17.20%
       4           307  3529      力旺                 1870.00       2435.00     5.39%   3195.00  3235.00  3105.00  3155.00     2605.00  2650.00  2590.00  2650.00   -505.00   -16.01%
       5           257  3131      弘塑                 2395.00       2935.00     5.16%   3300.00  3330.00  3170.00  3245.00     2510.00  2680.00  2460.00  2490.00   -755.00   -23.27%
       6           339  8299      群聯                 1460.00       1955.00     4.73%   2340.00  2355.00  2285.00  2330.00     2145.00  2180.00  2115.00  2155.00   -175.00    -7.51%
       7           478  5289      宜鼎                 1015.00       1505.00     4.68%   1945.00  1945.00  1830.00  1855.00     1480.00  1500.00  1475.00  1490.00   -365.00   -19.68%
       8           659  5536      聖暉*                 591.00       1058.00     4.46%   1170.00  1190.00  1140.00  1190.00      862.00   870.00   852.00   854.00   -336.00   -28.24%
       9           405  6274      台燿                 1575.00       1970.00     3.77%   1585.00  1690.00  1570.00  1670.00     1560.00  1565.00  1420.00  1445.00   -225.00   -13.47%
      10           367  7734      印能科技               2720.00       3110.00     3.72%   3220.00  3470.00  3220.00  3350.00     3105.00  3165.00  2870.00  2870.00   -480.00   -14.33%
      11           421  6683      雍智科技               1442.00       1832.00     3.72%   1705.00  1780.00  1600.00  1640.00     1165.00  1245.00  1130.00  1245.00   -395.00   -24.09%
      12           433  3491      昇達科                1267.00       1532.00     2.53%   1570.00  1625.00  1545.00  1550.00     1350.00  1470.00  1340.00  1425.00   -125.00    -8.06%
      13           500  6739      竹陞科技               1061.00       1289.00     2.18%   1140.00  1140.00  1105.00  1105.00     1010.00  1095.00   998.00  1095.00    -10.00    -0.90%
      14           671  5386      青雲                  172.50        397.50     2.15%    498.00   503.00   489.00   500.00      234.00   237.50   233.00   235.00   -265.00   -53.00%
      15           667  4749      新應材                 305.00        530.00     2.15%    937.00   951.00   925.00   940.00      758.00   790.00   758.00   789.00   -151.00   -16.06%
      16           257  7828      創新服務               2420.00       2620.00     1.91%   1935.00  2070.00  1935.00  2070.00     1615.00  1725.00  1560.00  1650.00   -420.00   -20.29%
      17           800  4760      勤凱                  121.50        300.50     1.71%    381.00   392.00   364.00   368.00      258.00   267.00   256.00   260.50   -107.50   -29.21%
      18           608  8358      金居                  395.50        548.50     1.46%    628.00   640.00   625.00   640.00      454.00   494.00   446.00   494.00   -146.00   -22.81%
      19           867  6291      沛亨                  388.50        541.00     1.46%    544.00   545.00   512.00   515.00      403.50   437.00   392.50   417.00    -98.00   -19.03%
      20           607  3324      雙鴻                  481.00        633.00     1.45%   1035.00  1065.00  1030.00  1050.00     1080.00  1120.00  1055.00  1060.00    +10.00    +0.95%
      21           585  7717      萊德光電-KY             297.50        442.50     1.38%    551.00   562.00   539.00   546.00      420.00   449.00   417.50   434.00   -112.00   -20.51%
      22           812  4542      科嶠                  320.00        444.00     1.18%    360.00   378.00   357.00   378.00      276.00   277.00   267.00   269.00   -109.00   -28.84%
      23           781  6643      M31                 170.50        294.00     1.18%    480.00   484.00   476.50   482.50      432.00   450.00   428.50   442.50    -40.00    -8.29%
      24           594  3147      大綜                  104.00        224.00     1.15%    345.00   350.00   326.50   330.00      221.50   223.50   216.50   217.00   -113.00   -34.24%
      25           702  7728      光焱科技                254.00        371.00     1.12%    705.00   710.00   694.00   707.00      650.00   655.00   623.00   630.00    -77.00   -10.89%
      26           759  5439      高技                   84.00        200.00     1.11%    318.50   328.50   315.50   323.50      248.00   271.00   245.50   262.00    -61.50   -19.01%
      27           925  6173      信昌電                 255.50        355.00     0.95%    282.00   302.50   282.00   300.50      205.00   217.50   196.00   217.50    -83.00   -27.62%
      28           760  8155      博智                  138.50        235.00     0.92%    406.00   414.00   393.50   412.00      363.00   374.50   353.00   364.50    -47.50   -11.53%
      29           631  3363      上詮                  596.00        689.00     0.89%    700.00   706.00   682.00   685.00      656.00   715.00   648.00   704.00    +19.00    +2.77%
      30           694  4991      環宇-KY               576.50        668.00     0.87%    568.00   582.00   550.00   560.00      508.00   538.00   500.00   538.00    -22.00    -3.93%
      31           404  3152      璟德                   65.50        154.00     0.84%    212.00   216.50   199.50   200.50      260.50   262.50   252.00   253.00    +52.50   +26.18%
      32           805  8042      金山電                  83.30        169.60     0.82%    189.50   199.50   181.50   195.50      100.50   107.00    98.10   104.50    -91.00   -46.55%
      33           462  6187      萬潤                 1272.00       1353.00     0.77%   1115.00  1160.00  1115.00  1155.00     1360.00  1430.00  1355.00  1430.00   +275.00   +23.81%
      34           667  6788      華景電                 125.00        204.00     0.75%    422.00   439.00   422.00   435.00      364.50   368.00   357.50   367.00    -68.00   -15.63%
      35          1089  6217      中探針                 165.00        242.50     0.74%    230.00   237.50   228.00   233.50      166.00   177.50   160.00   177.50    -56.00   -23.98%
      36           815  8027      鈦昇                  121.00        198.50     0.74%    242.00   257.50   235.50   247.00      179.50   187.00   176.50   179.00    -68.00   -27.53%
      37           609  6613      朋億*                 136.00        213.00     0.74%    348.50   362.50   347.00   354.50      260.50   274.50   260.50   266.00    -88.50   -24.96%
      38           582  6640      均華                  960.00       1030.00     0.67%   1085.00  1105.00  1080.00  1085.00     1030.00  1095.00  1020.00  1075.00    -10.00    -0.92%
      39           653  4971      IET-KY              486.50        556.00     0.66%    531.00   548.00   520.00   526.00      552.00   570.00   531.00   567.00    +41.00    +7.79%
      40           644  6903      巨漢                  133.50        202.50     0.66%    385.00   392.50   379.50   384.50      315.00   318.00   313.00   314.00    -70.50   -18.34%
==========================================================================================================================================================================
✅ 共 40 筆


══════════════════════════════════════════════════════════════════════════════════════════════════════════════
  🔄 第 24/45 次  2026/06/16 ～ 2026/08/26
══════════════════════════════════════════════════════════════════════════════════════════════════════════════

==========================================================================================================================================================================
📊 累計漲跌停強度排名 (2026/06/16 ~ 2026/08/26)
==========================================================================================================================================================================
    實資排名        累計天數排名  代號        名稱                 累計漲停(元)       累計跌停(元)       強度%  (06/16)開盤      最高      最低      收盤    (08/26)開盤      最高      最低      收盤      賺賠    賺賠率
--------------------------------------------------------------------------------------------------------------------------------------------------------------------------
       1           220  6223      旺矽                 5375.00       7590.00    20.24%   6465.00  6800.00  6290.00  6445.00     5480.00  5590.00  5040.00  5040.00  -1405.00   -21.80%
       2           246  6510      精測                 1735.00       3025.00    11.79%   3650.00  3710.00  3500.00  3500.00     2700.00  2725.00  2580.00  2620.00   -880.00   -25.14%
       3           306  3529      力旺                 1630.00       2435.00     7.36%   3315.00  3315.00  3170.00  3200.00     2170.00  2410.00  2155.00  2410.00   -790.00   -24.69%
       4           661  5536      聖暉*                 591.00       1138.00     5.00%   1255.00  1290.00  1145.00  1175.00      854.00   869.00   836.00   854.00   -321.00   -27.32%
       5           327  8299      群聯                 1485.00       1955.00     4.29%   2350.00  2400.00  2320.00  2375.00     2115.00  2125.00  2070.00  2125.00   -250.00   -10.53%
       6           488  5289      宜鼎                 1050.00       1505.00     4.16%   1980.00  2025.00  1935.00  1955.00     1510.00  1525.00  1490.00  1500.00   -455.00   -23.27%
       7           261  3131      弘塑                 2495.00       2935.00     4.02%   3295.00  3320.00  3230.00  3315.00     2230.00  2485.00  2230.00  2485.00   -830.00   -25.04%
       8           418  6683      雍智科技               1472.00       1832.00     3.29%   1635.00  1740.00  1565.00  1725.00     1130.00  1145.00  1110.00  1135.00   -590.00   -34.20%
       9           250  7828      創新服務               2350.00       2700.00     3.20%   2155.00  2155.00  1930.00  2000.00     1520.00  1595.00  1485.00  1580.00   -420.00   -21.00%
      10           511  6739      竹陞科技                965.00       1304.00     3.10%   1180.00  1180.00  1130.00  1140.00      965.00   999.00   965.00   999.00   -141.00   -12.37%
      11           446  3491      昇達科                1202.00       1532.00     3.02%   1595.00  1670.00  1560.00  1570.00     1270.00  1345.00  1220.00  1345.00   -225.00   -14.33%
      12           671  4749      新應材                 271.00        543.00     2.49%    962.00   963.00   937.00   937.00      770.00   770.00   750.00   755.00   -182.00   -19.42%
      13           411  6274      台燿                 1615.00       1885.00     2.47%   1590.00  1660.00  1580.00  1610.00     1475.00  1560.00  1465.00  1530.00    -80.00    -4.97%
      14           671  5386      青雲                  172.50        397.50     2.06%    501.00   505.00   487.50   499.00      238.50   241.50   234.00   234.00   -265.00   -53.11%
      15           484  6187      萬潤                 1152.00       1353.00     1.84%   1150.00  1180.00  1100.00  1140.00     1245.00  1340.00  1240.00  1300.00   +160.00   +14.04%
      16           594  8358      金居                  351.00        548.50     1.80%    625.00   638.00   615.00   632.00      420.00   456.50   419.00   449.50   -182.50   -28.88%
      17           824  4760      勤凱                  121.50        312.00     1.74%    410.00   414.00   390.00   390.00      248.50   257.50   248.50   255.50   -134.50   -34.49%
      18           565  7717      萊德光電-KY             281.00        464.50     1.68%    581.00   584.00   548.00   551.00      394.00   431.00   394.00   417.50   -133.50   -24.23%
      19           864  6291      沛亨                  371.50        553.00     1.66%    565.00   585.00   543.00   544.00      384.00   407.50   381.00   400.00   -144.00   -26.47%
      20           620  3363      上詮                  542.00        689.00     1.34%    710.00   739.00   698.00   707.00      630.00   654.00   623.00   650.00    -57.00    -8.06%
      21           768  6643      M31                 161.00        303.50     1.30%    497.50   501.00   480.00   483.50      417.50   443.00   415.00   433.00    -50.50   -10.44%
      22           573  6640      均華                  890.00       1030.00     1.28%   1140.00  1155.00  1105.00  1115.00      974.00  1020.00   974.00  1005.00   -110.00    -9.87%
      23           756  5439      高技                   70.00        209.50     1.27%    337.00   338.50   321.00   322.50      242.00   252.00   241.00   248.00    -74.50   -23.10%
      24           603  3324      雙鴻                  481.00        618.00     1.25%   1070.00  1075.00  1050.00  1050.00     1070.00  1085.00  1055.00  1075.00    +25.00    +2.38%
      25           919  6173      信昌電                 236.00        372.00     1.24%    309.50   311.00   287.00   287.00      197.50   201.50   195.00   198.00    -89.00   -31.01%
      26           729  7728      光焱科技                254.00        382.00     1.17%    722.00   722.00   700.00   700.00      598.00   656.00   598.00   633.00    -67.00    -9.57%
      27           812  4542      科嶠                  320.00        444.00     1.13%    365.00   365.00   342.50   354.00      265.00   282.00   258.50   275.50    -78.50   -22.18%
      28           952  3105      穩懋                  340.00        461.50     1.11%    515.00   525.00   493.00   493.00      378.00   405.00   374.00   405.00    -88.00   -17.85%
      29          1076  6217      中探針                 149.00        258.00     1.00%    252.50   252.50   234.00   235.50      154.00   167.50   152.00   161.50    -74.00   -31.42%
      30           673  6788      華景電                 125.00        226.00     0.92%    447.00   447.00   427.00   427.00      351.00   361.50   351.00   359.00    -68.00   -15.93%
      31           607  3147      大綜                  123.00        224.00     0.92%    339.00   350.00   335.50   350.00      220.00   226.00   220.00   221.50   -128.50   -36.71%
      32           689  4991      環宇-KY               571.00        668.00     0.89%    574.00   598.00   574.00   587.00      442.00   489.50   442.00   489.50    -97.50   -16.61%
      33           654  6903      巨漢                  133.50        222.50     0.81%    408.50   411.00   383.00   384.50      308.50   315.00   306.50   313.50    -71.00   -18.47%
      34           404  3152      璟德                   65.50        154.00     0.81%    222.00   231.50   212.00   214.50      260.00   264.50   257.00   260.00    +45.50   +21.21%
      35           805  8042      金山電                  83.30        169.60     0.79%    196.50   206.00   184.00   192.50       99.00   100.50    97.10    99.00    -93.50   -48.57%
      36           622  4971      IET-KY              471.50        556.00     0.77%    564.00   590.00   546.00   547.00      557.00   562.00   538.00   552.00     +5.00    +0.91%
      37           736  8155      博智                  152.50        235.00     0.75%    377.00   408.50   375.50   404.00      324.50   352.00   324.00   350.50    -53.50   -13.24%
      38           815  8027      鈦昇                  121.00        198.50     0.71%    242.00   250.00   230.00   247.00      169.00   182.00   167.50   178.00    -69.00   -27.94%
      39           837  6290      良維                   98.50        176.00     0.71%    308.50   308.50   296.00   296.50      233.00   244.00   232.50   241.00    -55.50   -18.72%
      40           818  3211      順達                  303.00        380.00     0.70%    434.00   453.00   432.50   437.50      331.00   364.00   326.00   364.00    -73.50   -16.80%
==========================================================================================================================================================================
✅ 共 40 筆


══════════════════════════════════════════════════════════════════════════════════════════════════════════════
  🔄 第 25/45 次  2026/06/15 ～ 2026/08/24
══════════════════════════════════════════════════════════════════════════════════════════════════════════════

==========================================================================================================================================================================
📊 累計漲跌停強度排名 (2026/06/15 ~ 2026/08/24)
==========================================================================================================================================================================
    實資排名        累計天數排名  代號        名稱                 累計漲停(元)       累計跌停(元)       強度%  (06/15)開盤      最高      最低      收盤    (08/24)開盤      最高      最低      收盤      賺賠    賺賠率
--------------------------------------------------------------------------------------------------------------------------------------------------------------------------
       1           222  6223      旺矽                 5375.00       7080.00    15.09%   6945.00  6950.00  6355.00  6435.00     5580.00  5675.00  5485.00  5565.00   -870.00   -13.52%
       2           252  6510      精測                 1735.00       2980.00    11.02%   3660.00  3690.00  3565.00  3595.00     2650.00  2735.00  2635.00  2650.00   -945.00   -26.29%
       3           309  3529      力旺                 1525.00       2435.00     8.06%   3210.00  3310.00  3185.00  3200.00     2155.00  2215.00  2140.00  2200.00  -1000.00   -31.25%
       4            82  5274      信驊                11695.00      12525.00     7.35%  19200.00 19200.00 17805.00 17810.00    15350.00 15500.00 14600.00 15115.00  -2695.00   -15.13%
       5           265  3131      弘塑                 2270.00       2950.00     6.02%   3300.00  3385.00  3215.00  3215.00     2305.00  2405.00  2285.00  2335.00   -880.00   -27.37%
       6           442  3491      昇達科                1127.00       1667.00     4.78%   1745.00  1745.00  1555.00  1555.00     1300.00  1355.00  1280.00  1290.00   -265.00   -17.04%
       7           374  8299      群聯                 1455.00       1955.00     4.43%   2395.00  2400.00  2285.00  2320.00     2095.00  2215.00  2070.00  2135.00   -185.00    -7.97%
       8           670  5536      聖暉*                 666.00       1138.00     4.18%   1220.00  1280.00  1200.00  1255.00      881.00   892.00   860.00   860.00   -395.00   -31.47%
       9           509  6739      竹陞科技                926.00       1319.00     3.48%   1220.00  1220.00  1155.00  1155.00      978.00  1015.00   956.00   972.00   -183.00   -15.84%
      10           489  5289      宜鼎                 1165.00       1495.00     2.92%   1850.00  1950.00  1845.00  1920.00     1580.00  1660.00  1570.00  1570.00   -350.00   -18.23%
      11           244  7828      創新服務               2450.00       2700.00     2.21%   1915.00  2105.00  1885.00  2080.00     1610.00  1660.00  1550.00  1550.00   -530.00   -25.48%
      12           688  4749      新應材                 300.00        543.00     2.15%    947.00   955.00   928.00   950.00      761.00   767.00   746.00   746.00   -204.00   -21.47%
      13           549  7717      萊德光電-KY             257.50        485.50     2.02%    614.00   614.00   573.00   573.00      388.00   403.00   385.00   386.00   -187.00   -32.64%
      14           671  5386      青雲                  172.50        397.50     1.99%    499.50   508.00   490.50   494.50      239.00   246.00   238.00   242.00   -252.50   -51.06%
      15           423  6683      雍智科技               1612.00       1832.00     1.95%   1510.00  1585.00  1480.00  1585.00     1090.00  1140.00  1080.00  1090.00   -495.00   -31.23%
      16           608  3363      上詮                  515.00        719.00     1.81%    754.00   757.00   701.00   707.00      601.00   603.00   565.00   567.00   -140.00   -19.80%
      17           482  6187      萬潤                 1167.00       1353.00     1.65%   1100.00  1160.00  1100.00  1130.00     1185.00  1220.00  1165.00  1205.00    +75.00    +6.64%
      18           861  6291      沛亨                  375.00        553.00     1.58%    537.00   587.00   531.00   556.00      388.50   391.50   366.00   366.00   -190.00   -34.17%
      19           407  6274      台燿                 1710.00       1885.00     1.55%   1490.00  1570.00  1490.00  1570.00     1505.00  1540.00  1455.00  1455.00   -115.00    -7.32%
      20           580  8358      金居                  380.50        548.50     1.49%    594.00   625.00   594.00   624.00      430.00   435.00   417.00   417.00   -207.00   -33.17%
      21           845  4760      勤凱                  146.50        312.00     1.47%    393.50   412.00   389.50   401.50      261.50   267.50   256.00   256.00   -145.50   -36.24%
      22           717  7728      光焱科技                219.00        382.00     1.44%    720.00   736.00   707.00   711.00      571.00   581.00   570.00   581.00   -130.00   -18.28%
      23           691  4991      環宇-KY               526.50        678.00     1.34%    570.00   573.00   539.00   544.00      481.00   483.00   435.00   435.00   -109.00   -20.04%
      24           933  3105      穩懋                  314.00        461.50     1.31%    524.00   528.00   499.50   511.00      370.50   372.50   355.00   355.00   -156.00   -30.53%
      25           561  3324      雙鴻                  471.00        618.00     1.30%   1085.00  1090.00  1050.00  1055.00      973.00  1050.00   970.00  1015.00    -40.00    -3.79%
      26           767  6643      M31                 163.50        303.50     1.24%    486.00   498.00   484.00   493.00      416.00   419.00   406.00   406.00    -87.00   -17.65%
      27           756  5439      高技                   70.00        209.50     1.23%    334.50   338.00   328.00   332.00      240.00   247.50   238.00   239.50    -92.50   -27.86%
      28           567  6640      均華                  900.00       1030.00     1.15%   1135.00  1145.00  1085.00  1115.00     1035.00  1040.00   967.00   968.00   -147.00   -13.18%
      29           794  4542      科嶠                  334.00        444.00     0.97%    368.00   368.00   351.00   360.00      251.50   265.00   248.50   250.00   -110.00   -30.56%
      30           938  6173      信昌電                 263.50        372.00     0.96%    298.00   304.00   294.50   304.00      209.50   215.00   203.00   203.00   -101.00   -33.22%
      31           607  3147      大綜                  123.00        224.00     0.89%    338.00   344.50   330.00   331.00      218.00   223.00   216.50   216.50   -114.50   -34.59%
      32           857  3211      順達                  280.50        380.00     0.88%    429.00   440.00   422.00   428.50      349.50   350.00   326.00   326.00   -102.50   -23.92%
      33          1124  6217      中探針                 161.00        258.00     0.86%    243.50   260.00   243.50   251.00      149.00   158.00   148.00   148.00   -103.00   -41.04%
      34           654  6903      巨漢                  133.50        222.50     0.79%    401.00   417.00   400.00   404.50      306.00   312.00   304.50   304.50   -100.00   -24.72%
      35           404  3152      璟德                   65.50        154.00     0.78%    233.00   236.00   218.00   222.50      256.50   257.00   249.00   252.00    +29.50   +13.26%
      36           741  8155      博智                  150.50        235.00     0.75%    360.00   386.50   360.00   376.00      320.50   332.50   318.00   318.00    -58.00   -15.43%
      37           815  8027      鈦昇                  121.00        198.50     0.69%    235.00   248.00   235.00   239.00      169.00   173.00   167.50   167.50    -71.50   -29.92%
      38           837  6290      良維                   98.50        176.00     0.69%    308.00   310.00   301.00   303.00      217.00   232.50   216.50   229.00    -74.00   -24.42%
      39           691  6788      華景電                 153.00        226.00     0.65%    446.00   453.50   438.00   449.00      353.50   362.50   352.50   353.00    -96.00   -21.38%
      40           667  4971      IET-KY              484.50        556.00     0.63%    559.00   565.00   536.00   551.00      575.00   581.00   530.00   530.00    -21.00    -3.81%
==========================================================================================================================================================================
✅ 共 40 筆


══════════════════════════════════════════════════════════════════════════════════════════════════════════════
  🔄 第 26/45 次  2026/06/12 ～ 2026/08/21
══════════════════════════════════════════════════════════════════════════════════════════════════════════════

==========================================================================================================================================================================
📊 累計漲跌停強度排名 (2026/06/12 ~ 2026/08/21)
==========================================================================================================================================================================
    實資排名        累計天數排名  代號        名稱                 累計漲停(元)       累計跌停(元)       強度%  (06/12)開盤      最高      最低      收盤    (08/21)開盤      最高      最低      收盤      賺賠    賺賠率
--------------------------------------------------------------------------------------------------------------------------------------------------------------------------
       1           223  6223      旺矽                 5670.00       7080.00    18.51%   6480.00  6595.00  6320.00  6485.00     5530.00  5680.00  5400.00  5465.00  -1020.00   -15.73%
       2           255  6510      精測                 1955.00       2980.00    13.46%   3465.00  3620.00  3370.00  3610.00     2735.00  2770.00  2650.00  2650.00   -960.00   -26.59%
       3           314  3529      力旺                 1555.00       2435.00    11.55%   3120.00  3160.00  3015.00  3090.00     2220.00  2245.00  2150.00  2155.00   -935.00   -30.26%
       4           487  3491      昇達科                1127.00       1667.00     7.09%   1795.00  1795.00  1675.00  1690.00     1285.00  1345.00  1250.00  1280.00   -410.00   -24.26%
       5           263  3131      弘塑                 2440.00       2950.00     6.70%   3220.00  3310.00  3150.00  3230.00     2300.00  2350.00  2275.00  2310.00   -920.00   -28.48%
       6           377  8299      群聯                 1505.00       1955.00     5.91%   2345.00  2395.00  2305.00  2310.00     2005.00  2075.00  1995.00  2075.00   -235.00   -10.17%
       7           509  6739      竹陞科技                926.00       1319.00     5.16%   1150.00  1185.00  1110.00  1170.00      971.00   988.00   962.00   967.00   -203.00   -17.35%
       8           660  5536      聖暉*                 771.00       1118.00     4.56%   1135.00  1180.00  1120.00  1180.00      882.00   896.00   868.00   880.00   -300.00   -25.42%
       9           483  5289      宜鼎                 1250.00       1495.00     3.22%   1825.00  1830.00  1760.00  1805.00     1515.00  1580.00  1500.00  1560.00   -245.00   -13.57%
      10           671  5386      青雲                  172.50        397.50     2.95%    510.00   516.00   483.00   485.50      233.00   243.50   233.00   236.00   -249.50   -51.39%
      11           522  7717      萊德光電-KY             257.50        475.50     2.86%    627.00   640.00   594.00   594.00      423.00   429.50   396.00   396.00   -198.00   -33.33%
      12           714  4749      新應材                 313.00        528.00     2.82%    962.00   975.00   921.00   921.00      765.00   765.00   755.00   761.00   -160.00   -17.37%
      13           430  6683      雍智科技               1647.00       1832.00     2.43%   1475.00  1495.00  1435.00  1445.00     1135.00  1160.00  1050.00  1070.00   -375.00   -25.95%
      14           399  6274      台燿                 1710.00       1890.00     2.36%   1580.00  1620.00  1430.00  1430.00     1545.00  1580.00  1485.00  1495.00    +65.00    +4.55%
      15           701  7728      光焱科技                209.00        382.00     2.27%    742.00   742.00   709.00   714.00      569.00   571.00   568.00   571.00   -143.00   -20.03%
      16           597  3363      上詮                  515.00        686.00     2.24%    763.00   763.00   733.00   737.00      610.00   616.00   598.00   600.00   -137.00   -18.59%
      17           759  5439      高技                   70.00        228.50     2.08%    356.00   360.00   324.50   327.00      241.50   252.00   237.00   239.50    -87.50   -26.76%
      18           361  7734      印能科技               2950.00       3105.00     2.03%   3250.00  3290.00  2775.00  2780.00     2860.00  3000.00  2810.00  2855.00    +75.00    +2.70%
      19           894  4760      勤凱                  158.50        312.00     2.02%    380.00   389.00   367.50   376.50      255.50   259.00   250.50   255.00   -121.50   -32.27%
      20           480  6187      萬潤                 1212.00       1353.00     1.85%   1100.00  1110.00  1055.00  1085.00     1275.00  1285.00  1150.00  1195.00   +110.00   +10.14%
      21           569  3324      雙鴻                  482.00        618.00     1.79%   1050.00  1065.00  1020.00  1055.00      987.00   991.00   965.00   969.00    -86.00    -8.15%
      22           579  8358      金居                  414.50        529.50     1.51%    579.00   584.00   562.00   574.00      417.00   444.00   404.50   436.00   -138.00   -24.04%
      23           862  6291      沛亨                  416.00        530.50     1.50%    517.00   544.00   517.00   536.00      374.00   394.00   373.00   388.50   -147.50   -27.52%
      24           776  6643      M31                 181.00        293.50     1.48%    479.50   479.50   467.50   472.00      412.00   416.00   408.00   416.00    -56.00   -11.86%
      25           940  3105      穩懋                  337.50        443.50     1.39%    513.00   516.00   496.50   505.00      377.00   385.50   365.50   373.00   -132.00   -26.14%
      26           828  6290      良維                   81.00        176.00     1.25%    309.50   312.50   300.50   301.50      216.00   217.00   210.00   211.50    -90.00   -29.85%
      27          1178  6217      中探針                 172.00        258.00     1.13%    244.00   245.00   232.00   239.00      151.50   155.00   148.00   150.00    -89.00   -37.24%
      28           741  8155      博智                  150.50        235.00     1.11%    363.50   378.00   351.00   351.50      327.00   327.00   311.50   316.50    -35.00    -9.96%
      29           961  6173      信昌電                 288.50        372.00     1.10%    276.50   276.50   267.00   276.50      220.50   227.00   211.50   212.00    -64.50   -23.33%
      30           707  4991      環宇-KY               550.50        632.00     1.07%    577.00   577.00   525.00   554.00      512.00   520.00   481.00   481.00    -73.00   -13.18%
      31           637  3147      大綜                  143.00        224.00     1.06%    334.00   340.00   315.00   338.00      220.00   224.50   217.00   217.00   -121.00   -35.80%
      32           812  4542      科嶠                  364.50        444.00     1.04%    320.50   335.50   317.00   335.50      251.00   260.50   248.00   252.50    -83.00   -24.74%
      33           815  8027      鈦昇                  121.00        198.50     1.02%    240.00   242.50   231.00   232.50      169.50   174.00   167.50   168.50    -64.00   -27.53%
      34           435  3152      璟德                   85.50        154.00     0.90%    210.00   221.00   208.00   221.00      235.00   256.50   234.00   256.50    +35.50   +16.06%
      35           572  6231      系微                   57.00        117.50     0.79%    279.00   279.00   266.00   267.50      217.00   218.00   214.00   214.50    -53.00   -19.81%
      36           243  7828      創新服務               2580.00       2640.00     0.79%   1920.00  1965.00  1850.00  1920.00     1615.00  1630.00  1580.00  1610.00   -310.00   -16.15%
      37           674  6903      巨漢                  162.50        222.50     0.79%    384.50   401.50   378.50   397.00      313.00   313.00   306.50   307.00    -90.00   -22.67%
      38           470  6679      鈺太                   35.00         93.50     0.77%    275.00   275.00   266.50   268.00      200.00   200.50   196.50   198.00    -70.00   -26.12%
      39           800  6147      頎邦                  129.00        186.00     0.75%    244.00   244.00   223.50   224.00      162.00   162.50   155.00   156.50    -67.50   -30.13%
      40           729  6788      華景電                 169.50        226.00     0.74%    422.50   428.00   409.00   421.00      347.00   351.50   346.00   350.50    -70.50   -16.75%
==========================================================================================================================================================================
✅ 共 40 筆


══════════════════════════════════════════════════════════════════════════════════════════════════════════════
  🔄 第 27/45 次  2026/06/11 ～ 2026/08/20
══════════════════════════════════════════════════════════════════════════════════════════════════════════════

==========================================================================================================================================================================
📊 累計漲跌停強度排名 (2026/06/11 ~ 2026/08/20)
==========================================================================================================================================================================
    實資排名        累計天數排名  代號        名稱                 累計漲停(元)       累計跌停(元)       強度%  (06/11)開盤      最高      最低      收盤    (08/20)開盤      最高      最低      收盤      賺賠    賺賠率
--------------------------------------------------------------------------------------------------------------------------------------------------------------------------
       1           223  6223      旺矽                 5990.00       6895.00    13.60%   5915.00  6150.00  5680.00  6090.00     5480.00  5670.00  5265.00  5650.00   -440.00    -7.22%
       2           314  3529      力旺                 1590.00       2380.00    11.88%   2945.00  3025.00  2870.00  3015.00     2320.00  2320.00  2200.00  2210.00   -805.00   -26.70%
       3           255  6510      精測                 2145.00       2870.00    10.90%   3185.00  3395.00  3160.00  3390.00     2730.00  2795.00  2650.00  2760.00   -630.00   -18.58%
       4           249  3131      弘塑                 2440.00       3010.00     8.57%   3105.00  3120.00  2860.00  3035.00     2430.00  2430.00  2290.00  2320.00   -715.00   -23.56%
       5           492  3491      昇達科                1172.00       1667.00     7.44%   1660.00  1720.00  1595.00  1680.00     1260.00  1305.00  1235.00  1285.00   -395.00   -23.51%
       6           379  8299      群聯                 1470.00       1955.00     7.29%   2150.00  2250.00  2060.00  2200.00     2010.00  2080.00  1965.00  1995.00   -205.00    -9.32%
       7           499  6739      竹陞科技                926.00       1373.00     6.72%   1150.00  1180.00  1085.00  1100.00      982.00   998.00   961.00   978.00   -122.00   -11.09%
       8           355  7734      印能科技               2910.00       3345.00     6.54%   3150.00  3340.00  2990.00  3080.00     2995.00  3000.00  2745.00  2815.00   -265.00    -8.60%
       9           480  5289      宜鼎                 1180.00       1580.00     6.01%   1780.00  1815.00  1665.00  1710.00     1525.00  1550.00  1475.00  1490.00   -220.00   -12.87%
      10           683  5536      聖暉*                 771.00       1133.00     5.44%   1110.00  1125.00  1040.00  1075.00      893.00   924.00   856.00   878.00   -197.00   -18.33%
      11           529  7717      萊德光電-KY             257.50        530.50     4.10%    665.00   682.00   589.00   599.00      401.00   405.00   398.00   402.00   -197.00   -32.89%
      12           699  5386      青雲                  172.50        409.50     3.56%    480.50   504.00   466.50   483.00      236.50   238.00   226.50   230.50   -252.50   -52.28%
      13           714  4749      新應材                 313.00        528.00     3.23%    925.00   940.00   878.00   908.00      776.00   779.00   759.00   761.00   -147.00   -16.19%
      14           597  3363      上詮                  515.00        695.00     2.71%    730.00   755.00   694.00   728.00      589.00   612.00   589.00   610.00   -118.00   -16.21%
      15           792  5439      高技                   70.00        238.00     2.53%    362.00   366.00   331.50   346.00      236.50   249.00   233.00   243.50   -102.50   -29.62%
      16           719  7728      光焱科技                220.00        382.00     2.44%    739.00   739.00   680.00   714.00      564.00   575.00   564.00   569.00   -145.00   -20.31%
      17           894  4760      勤凱                  158.50        312.00     2.31%    366.00   382.00   351.00   364.50      254.00   258.50   247.00   254.50   -110.00   -30.18%
      18           593  8358      金居                  392.00        544.50     2.29%    555.00   564.00   510.00   540.00      420.00   428.50   406.00   413.50   -126.50   -23.43%
      19           441  6683      雍智科技               1647.00       1782.00     2.03%   1390.00  1425.00  1295.00  1390.00     1230.00  1235.00  1115.00  1140.00   -250.00   -17.99%
      20           410  6274      台燿                 1710.00       1835.00     1.88%   1520.00  1555.00  1400.00  1475.00     1555.00  1580.00  1510.00  1575.00   +100.00    +6.78%
      21           846  6291      沛亨                  406.00        530.50     1.87%    487.00   505.00   457.00   495.00      385.00   386.00   367.00   378.50   -116.50   -23.54%
      22           806  6643      M31                 181.00        305.00     1.86%    466.00   471.50   437.50   454.50      419.50   419.50   405.00   409.00    -45.50   -10.01%
      23           584  3324      雙鴻                  482.00        606.00     1.86%   1000.00  1030.00   961.00   998.00     1000.00  1005.00   970.00   993.00     -5.00    -0.50%
      24           940  3105      穩懋                  337.50        443.50     1.59%    497.50   503.00   460.50   481.50      370.00   379.00   359.50   379.00   -102.50   -21.29%
      25           486  6187      萬潤                 1212.00       1318.00     1.59%   1065.00  1120.00  1000.00  1030.00     1320.00  1320.00  1240.00  1265.00   +235.00   +22.82%
      26           828  4542      科嶠                  364.50        466.00     1.53%    320.00   323.00   294.50   305.00      258.00   261.00   248.00   251.00    -54.00   -17.70%
      27           596  6640      均華                  869.00        968.00     1.49%   1015.00  1030.00   953.00  1020.00      975.00   994.00   942.00   954.00    -66.00    -6.47%
      28           828  6290      良維                   81.00        176.00     1.43%    290.00   298.50   277.00   296.50      225.50   226.00   212.00   214.50    -82.00   -27.66%
      29           426  3152      璟德                   62.50        154.00     1.38%    206.50   208.00   190.00   201.00      223.50   238.00   221.50   233.50    +32.50   +16.17%
      30          1178  6217      中探針                 172.00        258.00     1.29%    228.00   234.50   215.00   228.00      156.00   157.00   148.50   153.50    -74.50   -32.68%
      31           741  8155      博智                  150.50        235.00     1.27%    355.00   362.50   335.00   347.50      313.50   331.50   311.00   324.50    -23.00    -6.62%
      32           637  3147      大綜                  143.00        224.00     1.22%    352.00   352.00   288.00   318.00      221.50   227.00   218.50   224.00    -94.00   -29.56%
      33           815  8027      鈦昇                  121.00        198.50     1.16%    229.50   244.50   220.00   231.50      173.00   175.50   167.00   170.50    -61.00   -26.35%
      34           747  6788      華景電                 169.50        245.50     1.14%    424.00   426.00   398.50   404.50      356.50   358.00   344.00   348.50    -56.00   -13.84%
      35           601  6231      系微                   57.00        129.00     1.08%    279.00   280.50   260.00   266.50      215.00   218.50   214.00   217.00    -49.50   -18.57%
      36           971  6173      信昌電                 311.00        372.00     0.92%    249.00   251.50   209.00   251.50      219.00   228.00   211.00   221.00    -30.50   -12.13%
      37           674  6903      巨漢                  162.50        222.50     0.90%    365.50   378.00   360.00   368.00      320.50   324.00   310.00   311.50    -56.50   -15.35%
      38           470  6679      鈺太                   35.00         93.50     0.88%    266.00   273.00   255.00   263.50      200.50   201.50   198.00   200.00    -63.50   -24.10%
      39           800  6147      頎邦                  129.00        186.00     0.86%    224.00   228.50   208.50   222.50      163.00   167.00   159.00   163.50    -59.00   -26.52%
      40           876  3211      順達                  300.00        355.50     0.83%    396.00   403.00   382.50   398.50      371.50   380.00   349.00   355.00    -43.50   -10.92%
==========================================================================================================================================================================
✅ 共 40 筆


══════════════════════════════════════════════════════════════════════════════════════════════════════════════
  🔄 第 28/45 次  2026/06/10 ～ 2026/08/19
══════════════════════════════════════════════════════════════════════════════════════════════════════════════

==========================================================================================================================================================================
📊 累計漲跌停強度排名 (2026/06/10 ~ 2026/08/19)
==========================================================================================================================================================================
    實資排名        累計天數排名  代號        名稱                 累計漲停(元)       累計跌停(元)       強度%  (06/10)開盤      最高      最低      收盤    (08/19)開盤      最高      最低      收盤      賺賠    賺賠率
--------------------------------------------------------------------------------------------------------------------------------------------------------------------------
       1           230  6223      旺矽                 5595.00       7010.00    11.82%   6190.00  6235.00  5735.00  5770.00     5000.00  5550.00  5000.00  5255.00   -515.00    -8.93%
       2           256  6510      精測                 2045.00       3060.00     8.48%   3365.00  3375.00  3200.00  3200.00     2665.00  2900.00  2650.00  2660.00   -540.00   -16.88%
       3           318  3529      力旺                 1590.00       2505.00     7.64%   3145.00  3145.00  2945.00  2980.00     2300.00  2380.00  2230.00  2260.00   -720.00   -24.16%
       4           492  3491      昇達科                1112.00       1842.00     6.10%   1750.00  1790.00  1635.00  1635.00     1215.00  1275.00  1210.00  1225.00   -410.00   -25.08%
       5           371  8299      群聯                 1440.00       2160.00     6.01%   2305.00  2375.00  2135.00  2155.00     1920.00  1970.00  1905.00  1965.00   -190.00    -8.82%
       6           262  3131      弘塑                 2440.00       3035.00     4.97%   3080.00  3265.00  3080.00  3105.00     2465.00  2465.00  2340.00  2355.00   -750.00   -24.15%
       7           477  5289      宜鼎                 1180.00       1750.00     4.76%   1950.00  2005.00  1795.00  1795.00     1400.00  1540.00  1390.00  1515.00   -280.00   -15.60%
       8           514  6739      竹陞科技                926.00       1443.00     4.32%   1235.00  1305.00  1165.00  1165.00      954.00  1005.00   954.00   978.00   -187.00   -16.05%
       9           747  5536      聖暉*                 771.00       1148.00     3.15%   1120.00  1160.00  1090.00  1090.00      880.00   921.00   860.00   873.00   -217.00   -19.91%
      10           414  6274      台燿                 1635.00       1950.00     2.63%   1590.00  1705.00  1490.00  1500.00     1455.00  1575.00  1455.00  1500.00     +0.00    +0.00%
      11           725  5386      青雲                  172.50        462.50     2.42%    500.00   542.00   493.50   495.00      224.00   239.00   223.00   230.50   -264.50   -53.43%
      12           598  3363      上詮                  489.00        778.00     2.41%    790.00   802.00   747.00   747.00      569.00   592.00   561.00   584.00   -163.00   -21.82%
      13           730  4749      新應材                 313.00        594.00     2.35%    985.00  1005.00   925.00   925.00      744.00   767.00   744.00   759.00   -166.00   -17.95%
      14           594  3324      雙鴻                  482.00        706.00     1.87%   1070.00  1075.00  1010.00  1010.00      962.00  1005.00   955.00   989.00    -21.00    -2.08%
      15           532  7717      萊德光電-KY             316.50        530.50     1.79%    581.00   654.00   580.00   654.00      417.00   420.50   398.00   398.00   -256.00   -39.14%
      16           355  7734      印能科技               3045.00       3255.00     1.75%   3290.00  3500.00  3215.00  3320.00     2945.00  3020.00  2810.00  2905.00   -415.00   -12.50%
      17           618  8358      金居                  392.00        599.50     1.73%    596.00   605.00   555.00   555.00      398.00   413.50   392.00   410.50   -144.50   -26.04%
      18           733  7728      光焱科技                220.00        423.00     1.70%    737.00   755.00   703.00   703.00      585.00   585.00   585.00   585.00   -118.00   -16.79%
      19           448  6683      雍智科技               1647.00       1832.00     1.55%   1510.00  1545.00  1395.00  1410.00     1200.00  1275.00  1185.00  1190.00   -220.00   -15.60%
      20           870  6291      沛亨                  406.00        585.50     1.50%    547.00   558.00   503.00   503.00      360.50   396.00   360.00   376.00   -127.00   -25.25%
      21           534  3163      波若威                 697.00        875.00     1.49%    923.00   937.00   884.00   884.00      675.00   721.00   675.00   710.00   -174.00   -19.68%
      22           946  4760      勤凱                  158.50        331.00     1.44%    387.50   428.50   373.00   373.50      246.50   257.00   240.50   250.00   -123.50   -33.07%
      23           792  5439      高技                   70.00        238.00     1.40%    355.00   381.00   355.00   355.50      236.00   243.50   233.50   234.50   -121.00   -34.04%
      24           556  7751      竑騰                 1330.00       1495.00     1.38%   1450.00  1455.00  1345.00  1390.00     1435.00  1515.00  1420.00  1435.00    +45.00    +3.24%
      25           841  6643      M31                 181.00        335.00     1.29%    493.00   502.00   466.00   466.00      396.50   417.00   396.50   409.50    -56.50   -12.12%
      26           975  3105      穩懋                  322.00        462.00     1.17%    493.50   524.00   476.00   478.00      353.50   374.00   351.00   363.50   -114.50   -23.95%
      27           708  4991      環宇-KY               517.00        652.00     1.13%    572.00   584.00   539.00   539.00      461.50   495.00   457.50   486.50    -52.50    -9.74%
      28           719  4971      IET-KY              452.50        587.00     1.12%    593.00   594.00   547.00   547.00      524.00   574.00   520.00   528.00    -19.00    -3.47%
      29           499  6187      萬潤                 1212.00       1343.00     1.09%   1120.00  1145.00  1060.00  1065.00     1210.00  1355.00  1205.00  1305.00   +240.00   +22.54%
      30           614  6640      均華                  869.00        996.00     1.06%   1055.00  1095.00  1035.00  1035.00     1015.00  1055.00   966.00   966.00    -69.00    -6.67%
      31           774  6788      華景電                 169.50        292.50     1.03%    453.50   465.00   424.00   424.00      349.50   359.50   340.50   350.00    -74.00   -17.45%
      32           882  4542      科嶠                  364.50        484.50     1.00%    374.00   380.00   323.50   327.00      243.00   255.00   240.50   254.00    -73.00   -22.32%
      33           869  6290      良維                   81.00        200.50     1.00%    314.00   324.50   291.00   293.00      205.00   229.00   204.00   223.50    -69.50   -23.72%
      34          1233  6217      中探針                 172.00        276.50     0.87%    251.50   269.00   231.00   233.00      147.50   164.50   145.00   153.00    -80.00   -34.33%
      35           721  8155      博智                  137.00        235.00     0.82%    354.00   376.50   354.00   355.00      311.00   321.00   307.00   311.00    -44.00   -12.39%
      36           865  8027      鈦昇                  121.00        218.50     0.81%    249.00   273.00   228.00   228.50      166.00   176.50   165.50   169.00    -59.50   -26.04%
      37           657  6231      系微                   57.00        147.00     0.75%    294.00   299.50   278.00   278.00      220.50   223.00   213.00   213.50    -64.50   -23.20%
      38           711  6903      巨漢                  162.50        251.50     0.74%    394.00   410.50   370.00   370.00      317.50   322.50   310.50   316.50    -53.50   -14.46%
      39           763  3485      敘豐                  160.00        244.50     0.71%    325.50   325.50   295.50   295.50      202.00   209.50   201.00   202.00    -93.50   -31.64%
      40           409  3152      璟德                   70.50        154.00     0.70%    190.00   206.50   189.00   206.50      217.50   224.50   217.50   223.00    +16.50    +7.99%
==========================================================================================================================================================================
✅ 共 40 筆


══════════════════════════════════════════════════════════════════════════════════════════════════════════════
  🔄 第 29/45 次  2026/06/09 ～ 2026/08/18
══════════════════════════════════════════════════════════════════════════════════════════════════════════════

==========================================================================================================================================================================
📊 累計漲跌停強度排名 (2026/06/09 ~ 2026/08/18)
==========================================================================================================================================================================
    實資排名        累計天數排名  代號        名稱                 累計漲停(元)       累計跌停(元)       強度%  (06/09)開盤      最高      最低      收盤    (08/18)開盤      最高      最低      收盤      賺賠    賺賠率
--------------------------------------------------------------------------------------------------------------------------------------------------------------------------
       1           253  6510      精測                 2045.00       3130.00    14.60%   3540.00  3650.00  3345.00  3390.00     2955.00  2955.00  2710.00  2765.00   -625.00   -18.44%
       2           213  6223      旺矽                 5965.00       6995.00    13.86%   5890.00  5890.00  5585.00  5885.00     5860.00  5895.00  5220.00  5270.00   -615.00   -10.45%
       3           314  3529      力旺                 1590.00       2470.00    11.84%   3255.00  3270.00  3050.00  3155.00     2440.00  2500.00  2335.00  2340.00   -815.00   -25.83%
       4           508  3491      昇達科                1137.00       1817.00     9.15%   1860.00  1920.00  1765.00  1810.00     1335.00  1370.00  1235.00  1250.00   -560.00   -30.94%
       5           365  8299      群聯                 1550.00       2125.00     7.74%   2320.00  2370.00  2260.00  2360.00     2105.00  2120.00  2000.00  2000.00   -360.00   -15.25%
       6           479  5289      宜鼎                 1305.00       1750.00     5.99%   1850.00  1990.00  1810.00  1990.00     1540.00  1560.00  1450.00  1460.00   -530.00   -26.63%
       7           501  6739      竹陞科技               1001.00       1429.00     5.76%   1180.00  1275.00  1175.00  1235.00     1035.00  1035.00   988.00   992.00   -243.00   -19.68%
       8           264  3131      弘塑                 2575.00       2925.00     4.71%   3120.00  3215.00  3050.00  3165.00     2500.00  2515.00  2435.00  2465.00   -700.00   -22.12%
       9           740  5536      聖暉*                 826.00       1132.00     4.12%   1080.00  1120.00  1055.00  1105.00      909.00   937.00   881.00   889.00   -216.00   -19.55%
      10           598  3363      上詮                  489.00        778.00     3.89%    854.00   854.00   817.00   830.00      620.00   632.00   584.00   586.00   -244.00   -29.40%
      11           740  5386      青雲                  215.50        462.50     3.32%    515.00   554.00   503.00   548.00      238.50   246.00   227.50   228.50   -319.50   -58.30%
      12           717  4749      新應材                 357.00        584.00     3.06%    969.00  1030.00   967.00   991.00      789.00   790.00   769.00   769.00   -222.00   -22.40%
      13           630  3324      雙鴻                  486.00        706.00     2.96%   1120.00  1125.00  1055.00  1110.00     1015.00  1020.00   978.00   978.00   -132.00   -11.89%
      14           411  6274      台燿                 1715.00       1905.00     2.56%   1550.00  1620.00  1480.00  1615.00     1620.00  1640.00  1515.00  1545.00    -70.00    -4.33%
      15           649  8358      金居                  416.00        599.50     2.47%    586.00   613.00   560.00   610.00      425.50   441.00   415.00   416.00   -194.00   -31.80%
      16           870  6291      沛亨                  406.00        585.50     2.42%    550.00   568.00   543.00   558.00      400.50   400.50   374.00   374.50   -183.50   -32.89%
      17           946  4760      勤凱                  158.50        331.00     2.32%    407.50   415.00   392.50   392.50      252.00   257.00   245.00   246.00   -146.50   -37.32%
      18           847  5439      高技                   80.50        238.00     2.12%    356.00   366.00   350.00   363.50      248.00   254.00   242.00   242.00   -121.50   -33.43%
      19           745  7728      光焱科技                266.00        423.00     2.11%    718.00   760.00   718.00   760.00      600.00   600.00   583.00   585.00   -175.00   -23.03%
      20           841  6643      M31                 181.00        335.00     2.07%    509.00   509.00   491.50   496.00      433.00   433.50   410.00   410.50    -85.50   -17.24%
      21           538  7717      萊德光電-KY             351.50        505.50     2.07%    576.00   600.00   566.00   595.00      424.00   432.00   418.50   423.00   -172.00   -28.91%
      22           562  3163      波若威                 724.00        875.00     2.03%    980.00   999.00   946.00   982.00      733.00   733.00   711.00   711.00   -271.00   -27.60%
      23           717  4991      環宇-KY               517.00        666.00     2.01%    620.00   646.00   595.00   598.00      497.00   500.00   482.00   485.00   -113.00   -18.90%
      24           861  6290      良維                   67.00        200.50     1.80%    321.00   325.50   313.50   317.50      218.00   219.50   208.50   209.50   -108.00   -34.02%
      25           508  6187      萬潤                 1217.00       1343.00     1.70%   1125.00  1170.00  1080.00  1130.00     1360.00  1360.00  1250.00  1260.00   +130.00   +11.50%
      26           873  8027      鈦昇                  121.00        234.00     1.52%    269.50   276.00   246.50   248.50      184.00   184.00   168.00   169.50    -79.00   -31.79%
      27           706  4971      IET-KY              452.50        559.00     1.43%    613.00   628.00   584.00   607.00      564.00   580.00   545.00   556.00    -51.00    -8.40%
      28           610  6640      均華                  869.00        972.00     1.39%   1115.00  1125.00  1075.00  1075.00     1070.00  1105.00  1040.00  1065.00    -10.00    -0.93%
      29           486  6683      雍智科技               1662.00       1762.00     1.35%   1520.00  1590.00  1480.00  1510.00     1325.00  1345.00  1255.00  1260.00   -250.00   -16.56%
      30           721  8155      博智                  137.00        235.00     1.32%    363.00   372.50   357.00   364.00      318.50   327.50   314.00   319.00    -45.00   -12.36%
      31           798  6788      華景電                 199.50        292.50     1.25%    453.00   475.00   451.00   471.00      368.00   368.00   352.50   352.50   -118.50   -25.16%
      32           657  6231      系微                   57.00        147.00     1.21%    298.50   310.50   295.00   296.00      224.50   228.00   220.50   221.00    -75.00   -25.34%
      33           856  3693      營邦                  340.00        429.00     1.20%    545.00   548.00   529.00   535.00      523.00   542.00   513.00   523.00    -12.00    -2.24%
      34           905  4542      科嶠                  395.50        484.50     1.20%    345.50   345.50   345.50   345.50      267.50   274.00   251.00   255.50    -90.00   -26.05%
      35           763  3485      敘豐                  160.00        244.50     1.14%    330.00   330.00   310.50   328.00      219.50   219.50   207.00   207.00   -121.00   -36.89%
      36           964  3105      穩懋                  367.00        451.00     1.13%    462.00   496.50   454.50   496.50      400.00   406.00   373.50   374.50   -122.00   -24.57%
      37          1266  6217      中探針                 194.50        276.50     1.10%    242.50   251.50   228.50   251.50      176.50   183.50   155.00   157.00    -94.50   -37.57%
      38           840  6147      頎邦                  129.00        211.00     1.10%    249.50   258.00   239.00   251.00      168.50   171.00   163.00   163.50    -87.50   -34.86%
      39           878  3675      德微                  379.00        458.00     1.06%    346.00   346.00   311.50   311.50      294.00   300.00   272.50   274.00    -37.50   -12.04%
      40           724  3526      凡甲                   66.50        144.00     1.04%    358.00   359.00   334.00   345.00      285.50   286.50   281.00   281.00    -64.00   -18.55%
==========================================================================================================================================================================
✅ 共 40 筆


══════════════════════════════════════════════════════════════════════════════════════════════════════════════
  🔄 第 30/45 次  2026/06/08 ～ 2026/08/17
══════════════════════════════════════════════════════════════════════════════════════════════════════════════

==========================================================================================================================================================================
📊 累計漲跌停強度排名 (2026/06/08 ~ 2026/08/17)
==========================================================================================================================================================================
    實資排名        累計天數排名  代號        名稱                 累計漲停(元)       累計跌停(元)       強度%  (06/08)開盤      最高      最低      收盤    (08/17)開盤      最高      最低      收盤      賺賠    賺賠率
--------------------------------------------------------------------------------------------------------------------------------------------------------------------------
       1           305  3529      力旺                 1590.00       2655.00    11.65%   3095.00  3255.00  3095.00  3200.00     2645.00  2685.00  2390.00  2390.00   -810.00   -25.31%
       2           506  3491      昇達科                1137.00       1887.00     8.20%   1745.00  1820.00  1745.00  1785.00     1375.00  1375.00  1310.00  1330.00   -455.00   -25.49%
       3           213  6223      旺矽                 5965.00       6715.00     8.20%   5190.00  5650.00  5190.00  5515.00     5800.00  5950.00  5800.00  5800.00   +285.00    +5.17%
       4           250  6510      精測                 2310.00       3015.00     7.71%   2975.00  3580.00  2975.00  3565.00     3010.00  3010.00  2790.00  2880.00   -685.00   -19.21%
       5           362  8299      群聯                 1550.00       2240.00     7.55%   2205.00  2270.00  2205.00  2250.00     2110.00  2125.00  2085.00  2085.00   -165.00    -7.33%
       6           502  6739      竹陞科技               1001.00       1456.00     4.98%   1110.00  1175.00  1105.00  1160.00     1005.00  1090.00  1000.00  1025.00   -135.00   -11.64%
       7           257  3131      弘塑                 2575.00       3010.00     4.76%   2835.00  3075.00  2835.00  3030.00     2485.00  2535.00  2410.00  2500.00   -530.00   -17.49%
       8           728  5536      聖暉*                 826.00       1193.00     4.01%   1050.00  1095.00  1030.00  1050.00      925.00   925.00   896.00   908.00   -142.00   -13.52%
       9           596  3363      上詮                  489.00        819.00     3.61%    818.00   845.00   818.00   829.00      593.00   625.00   585.00   624.00   -205.00   -24.73%
      10           473  5289      宜鼎                 1360.00       1680.00     3.50%   1585.00  1820.00  1585.00  1810.00     1485.00  1540.00  1485.00  1530.00   -280.00   -15.47%
      11           706  4749      新應材                 357.00        635.00     3.04%    914.00   960.00   914.00   947.00      786.00   791.00   780.00   786.00   -161.00   -17.00%
      12           699  5386      青雲                  215.50        452.50     2.59%    460.00   515.00   460.00   505.00      260.50   261.00   236.50   238.50   -266.50   -52.77%
      13           412  6274      台燿                 1715.00       1925.00     2.30%   1450.00  1545.00  1450.00  1535.00     1695.00  1695.00  1575.00  1600.00    +65.00    +4.23%
      14           676  3324      雙鴻                  486.00        694.00     2.27%   1000.00  1100.00  1000.00  1095.00     1015.00  1035.00  1000.00  1005.00    -90.00    -8.22%
      15           715  4971      IET-KY              424.50        626.00     2.20%    603.00   621.00   603.00   603.00      487.00   528.00   487.00   528.00    -75.00   -12.44%
      16           874  6291      沛亨                  406.00        606.50     2.19%    546.00   576.00   546.00   566.00      392.00   400.50   384.00   393.50   -172.50   -30.48%
      17           559  7717      萊德光電-KY             351.50        549.50     2.17%    544.00   561.00   544.00   560.00      426.00   426.00   415.50   425.00   -135.00   -24.11%
      18           559  3163      波若威                 724.00        918.00     2.12%    918.00   964.00   918.00   955.00      705.00   733.00   691.00   733.00   -222.00   -23.25%
      19           751  8358      金居                  416.00        609.50     2.12%    537.00   590.00   537.00   586.00      430.50   434.00   418.50   419.50   -166.50   -28.41%
      20           741  4991      環宇-KY               517.00        708.00     2.09%    589.00   618.00   589.00   612.00      478.00   492.00   472.00   488.00   -124.00   -20.26%
      21           732  7728      光焱科技                266.00        454.00     2.06%    688.00   738.00   688.00   714.00      599.00   599.00   572.00   597.00   -117.00   -16.39%
      22           840  6643      M31                 181.00        368.50     2.05%    501.00   501.00   501.00   501.00      439.50   440.00   428.00   432.00    -69.00   -13.77%
      23          1037  4760      勤凱                  158.50        342.00     2.01%    370.00   407.00   370.00   400.00      261.00   261.00   250.00   251.50   -148.50   -37.12%
      24           567  7751      竑騰                 1330.00       1510.00     1.97%   1410.00  1440.00  1395.00  1430.00     1485.00  1580.00  1425.00  1480.00    +50.00    +3.50%
      25           932  5439      高技                   80.50        249.50     1.85%    328.50   354.00   328.50   353.00      248.00   252.50   244.00   247.50   -105.50   -29.89%
      26           890  6290      良維                   67.00        235.50     1.84%    315.50   320.00   315.50   315.50      218.50   221.00   215.00   216.00    -99.50   -31.54%
      27           484  6683      雍智科技               1662.00       1812.00     1.64%   1450.00  1510.00  1450.00  1495.00     1350.00  1370.00  1280.00  1325.00   -170.00   -11.37%
      28           637  6640      均華                  869.00       1012.00     1.56%   1075.00  1155.00  1075.00  1150.00     1085.00  1130.00  1060.00  1070.00    -80.00    -6.96%
      29           873  8027      鈦昇                  121.00        250.50     1.42%    264.00   264.00   264.00   264.00      190.00   191.50   181.50   182.00    -82.00   -31.06%
      30           662  4966      譜瑞-KY               281.00        398.00     1.28%    663.00   663.00   663.00   663.00      567.00   573.00   563.00   565.00    -98.00   -14.78%
      31           809  8155      博智                  137.00        246.50     1.20%    334.00   360.50   334.00   359.50      326.00   326.00   315.50   315.50    -44.00   -12.24%
      32           876  6147      頎邦                  129.00        238.00     1.19%    243.00   243.00   243.00   243.00      158.50   171.00   155.50   168.50    -74.50   -30.66%
      33           713  6231      系微                   57.00        163.50     1.16%    281.00   300.50   281.00   295.50      224.00   227.00   220.00   220.00    -75.50   -25.55%
      34           758  3485      敘豐                  160.00        263.00     1.13%    315.00   323.50   315.00   320.00      210.00   221.00   207.00   218.50   -101.50   -31.72%
      35           704  4768      晶呈科技                166.00        269.00     1.13%    396.00   412.00   396.00   410.00      298.00   311.50   298.00   310.00   -100.00   -24.39%
      36           997  5475      德宏                  138.50        241.00     1.12%    252.50   263.50   252.50   255.50      170.50   170.50   157.50   169.00    -86.50   -33.86%
      37           886  3675      德微                  379.00        476.00     1.06%    346.00   346.00   346.00   346.00      267.50   294.00   265.00   294.00    -52.00   -15.03%
      38           784  3526      凡甲                   66.50        160.00     1.02%    354.00   368.00   348.50   368.00      289.50   289.50   285.50   285.50    -82.50   -22.42%
      39          1276  6217      中探針                 194.50        287.50     1.02%    229.00   229.00   229.00   229.00      172.00   172.00   164.00   171.00    -58.00   -25.33%
      40           977  3105      穩懋                  367.00        459.50     1.01%    435.50   461.50   435.50   451.50      391.00   404.50   388.50   398.00    -53.50   -11.85%
==========================================================================================================================================================================
✅ 共 40 筆


══════════════════════════════════════════════════════════════════════════════════════════════════════════════
  🔄 第 31/45 次  2026/06/05 ～ 2026/08/14
══════════════════════════════════════════════════════════════════════════════════════════════════════════════

==========================================================================================================================================================================
📊 累計漲跌停強度排名 (2026/06/05 ~ 2026/08/14)
==========================================================================================================================================================================
    實資排名        累計天數排名  代號        名稱                 累計漲停(元)       累計跌停(元)       強度%  (06/05)開盤      最高      最低      收盤    (08/14)開盤      最高      最低      收盤      賺賠    賺賠率
--------------------------------------------------------------------------------------------------------------------------------------------------------------------------
       1           308  3529      力旺                 1590.00       2500.00     8.84%   3500.00  3525.00  3385.00  3435.00     2740.00  2825.00  2635.00  2655.00   -780.00   -22.71%
       2           367  8299      群聯                 1550.00       2370.00     7.97%   2550.00  2630.00  2385.00  2450.00     2325.00  2325.00  2065.00  2080.00   -370.00   -15.10%
       3           249  6510      精測                 2310.00       3110.00     7.77%   3535.00  3535.00  3280.00  3300.00     2830.00  3100.00  2810.00  2990.00   -310.00    -9.39%
       4           530  3491      昇達科                1137.00       1857.00     7.00%   1940.00  1950.00  1780.00  1935.00     1385.00  1450.00  1350.00  1375.00   -560.00   -28.94%
       5           474  5289      宜鼎                 1305.00       1830.00     5.10%   1860.00  1860.00  1715.00  1755.00     1565.00  1595.00  1460.00  1475.00   -280.00   -15.95%
       6           498  6739      竹陞科技                986.00       1511.00     5.10%   1275.00  1275.00  1185.00  1220.00     1055.00  1060.00  1010.00  1010.00   -210.00   -17.21%
       7           259  3131      弘塑                 2575.00       3035.00     4.47%   3180.00  3245.00  3060.00  3150.00     2640.00  2675.00  2535.00  2535.00   -615.00   -19.52%
       8           213  6223      旺矽                 5965.00       6380.00     4.03%   6050.00  6050.00  5540.00  5765.00     6515.00  6630.00  6430.00  6440.00   +675.00   +11.71%
       9           734  5536      聖暉*                 836.00       1176.00     3.30%   1115.00  1205.00  1115.00  1130.00      910.00   933.00   895.00   925.00   -205.00   -18.14%
      10           592  3363      上詮                  519.00        819.00     2.91%    830.00   923.00   793.00   908.00      600.00   604.00   580.00   586.00   -322.00   -35.46%
      11           753  4749      新應材                 357.00        645.00     2.80%   1015.00  1025.00   985.00  1015.00      800.00   802.00   786.00   787.00   -228.00   -22.46%
      12           684  3324      雙鴻                  486.00        769.00     2.75%   1165.00  1165.00  1080.00  1110.00     1050.00  1050.00  1005.00  1010.00   -100.00    -9.01%
      13           575  7751      竑騰                 1295.00       1545.00     2.43%   1580.00  1615.00  1525.00  1545.00     1440.00  1445.00  1435.00  1445.00   -100.00    -6.47%
      14           711  4971      IET-KY              376.50        626.00     2.42%    680.00   703.00   640.00   670.00      484.50   487.00   473.00   480.00   -190.00   -28.36%
      15           750  4991      環宇-KY               489.00        736.00     2.40%    682.00   689.00   621.00   654.00      465.00   482.00   460.00   460.00   -194.00   -29.66%
      16           706  5386      青雲                  215.50        460.50     2.38%    530.00   530.00   487.00   511.00      278.50   280.00   260.50   260.50   -250.50   -49.02%
      17           286  3081      聯亞                 2220.00       2460.00     2.33%   2580.00  2750.00  2445.00  2655.00     2700.00  2700.00  2470.00  2540.00   -115.00    -4.33%
      18           414  6274      台燿                 1715.00       1935.00     2.14%   1645.00  1715.00  1530.00  1610.00     1620.00  1730.00  1600.00  1675.00    +65.00    +4.04%
      19           579  7717      萊德光電-KY             351.50        570.50     2.13%    632.00   633.00   589.00   604.00      429.50   439.50   418.50   428.00   -176.00   -29.14%
      20           555  3163      波若威                 723.00        918.00     1.89%    993.00  1055.00   947.00  1020.00      718.00   722.00   688.00   702.00   -318.00   -31.18%
      21           840  6643      M31                 181.00        368.50     1.82%    557.00   569.00   532.00   556.00      450.00   451.00   440.00   440.00   -116.00   -20.86%
      22           884  6291      沛亨                  422.00        606.50     1.79%    603.00   606.00   568.00   606.00      389.50   395.00   383.50   385.00   -221.00   -36.47%
      23           926  6290      良維                   67.00        248.50     1.76%    359.00   359.00   343.00   350.50      225.00   225.50   218.50   218.50   -132.00   -37.66%
      24           747  7728      光焱科技                279.00        454.00     1.70%    766.00   766.00   725.00   757.00      594.00   594.00   584.00   592.00   -165.00   -21.80%
      25           486  6683      雍智科技               1662.00       1837.00     1.70%   1650.00  1660.00  1520.00  1610.00     1445.00  1460.00  1345.00  1370.00   -240.00   -14.91%
      26          1021  4760      勤凱                  158.50        332.50     1.69%    400.00   437.50   383.50   411.00      283.50   289.50   260.00   261.00   -150.00   -36.50%
      27           932  5439      高技                   80.50        249.50     1.64%    359.00   371.00   347.50   364.50      257.00   265.00   247.00   247.00   -117.50   -32.24%
      28           754  8358      金居                  447.00        609.50     1.58%    543.00   596.00   515.00   596.00      427.00   462.00   413.00   428.50   -167.50   -28.10%
      29           529  6187      萬潤                 1107.00       1258.00     1.47%   1110.00  1175.00  1100.00  1120.00     1275.00  1320.00  1250.00  1275.00   +155.00   +13.84%
      30           671  6640      均華                  869.00       1007.00     1.34%   1230.00  1230.00  1170.00  1190.00     1005.00  1090.00   995.00  1085.00   -105.00    -8.82%
      31           683  4966      譜瑞-KY               281.00        418.00     1.33%    742.00   765.00   721.00   736.00      588.00   589.00   569.00   570.00   -166.00   -22.55%
      32           761  3485      敘豐                  148.50        281.00     1.29%    366.00   366.00   332.00   350.00      213.50   215.00   207.00   207.00   -143.00   -40.86%
      33           712  4768      晶呈科技                154.00        286.00     1.28%    450.50   454.00   434.00   440.00      325.50   328.00   296.50   298.00   -142.00   -32.27%
      34           873  8027      鈦昇                  121.00        250.50     1.26%    287.00   293.00   279.50   293.00      190.00   191.00   183.50   186.50   -106.50   -36.35%
      35          1016  5475      德宏                  138.50        263.50     1.21%    291.50   297.00   273.00   280.50      167.00   179.00   166.00   170.50   -110.00   -39.22%
      36           852  8155      博智                  137.00        257.50     1.17%    378.00   379.50   358.00   371.00      320.00   336.00   314.00   320.50    -50.50   -13.61%
      37           854  6147      頎邦                  118.00        238.00     1.17%    265.50   275.50   253.00   270.00      165.00   166.00   157.50   157.50   -112.50   -41.67%
      38           962  3105      穩懋                  347.00        459.50     1.09%    486.50   498.00   451.00   483.50      389.00   389.50   375.00   378.00   -105.50   -21.82%
      39           713  6231      系微                   57.00        163.50     1.03%    317.50   321.50   309.50   312.00      230.50   230.50   223.00   223.00    -89.00   -28.53%
      40          1314  6217      中探針                 194.50        299.50     1.02%    269.50   270.50   246.50   254.00      166.00   172.00   160.00   169.00    -85.00   -33.46%
==========================================================================================================================================================================
✅ 共 40 筆


══════════════════════════════════════════════════════════════════════════════════════════════════════════════
  🔄 第 32/45 次  2026/06/04 ～ 2026/08/13
══════════════════════════════════════════════════════════════════════════════════════════════════════════════

==========================================================================================================================================================================
📊 累計漲跌停強度排名 (2026/06/04 ~ 2026/08/13)
==========================================================================================================================================================================
    實資排名        累計天數排名  代號        名稱                 累計漲停(元)       累計跌停(元)       強度%  (06/04)開盤      最高      最低      收盤    (08/13)開盤      最高      最低      收盤      賺賠    賺賠率
--------------------------------------------------------------------------------------------------------------------------------------------------------------------------
       1           322  3529      力旺                 1590.00       2480.00     8.39%   3510.00  3625.00  3470.00  3545.00     2675.00  2800.00  2630.00  2700.00   -845.00   -23.84%
       2           530  3491      昇達科                1107.00       1927.00     7.73%   1900.00  1970.00  1900.00  1950.00     1360.00  1440.00  1325.00  1345.00   -605.00   -31.03%
       3           249  6510      精測                 2335.00       3110.00     7.30%   3355.00  3555.00  3295.00  3505.00     2895.00  2925.00  2810.00  2820.00   -685.00   -19.54%
       4           369  8299      群聯                 1550.00       2275.00     6.83%   2635.00  2715.00  2580.00  2580.00     2260.00  2280.00  2175.00  2280.00   -300.00   -11.63%
       5           506  6739      竹陞科技                986.00       1506.00     4.90%   1300.00  1305.00  1270.00  1275.00     1065.00  1080.00  1030.00  1045.00   -230.00   -18.04%
       6           477  5289      宜鼎                 1320.00       1770.00     4.24%   1865.00  1945.00  1845.00  1905.00     1560.00  1560.00  1510.00  1535.00   -370.00   -19.42%
       7           572  7751      竑騰                 1165.00       1545.00     3.58%   1550.00  1645.00  1510.00  1580.00     1345.00  1360.00  1285.00  1315.00   -265.00   -16.77%
       8           283  3081      聯亞                 2220.00       2585.00     3.44%   2700.00  2755.00  2560.00  2580.00     2840.00  2845.00  2640.00  2665.00    +85.00    +3.29%
       9           677  3324      雙鴻                  486.00        839.00     3.33%   1265.00  1295.00  1180.00  1185.00     1065.00  1080.00  1025.00  1035.00   -150.00   -12.66%
      10           273  3131      弘塑                 2585.00       2935.00     3.30%   3150.00  3300.00  3100.00  3210.00     2610.00  2730.00  2560.00  2635.00   -575.00   -17.91%
      11           579  3363      上詮                  519.00        849.00     3.11%    860.00   884.00   840.00   840.00      654.00   656.00   598.00   600.00   -240.00   -28.57%
      12           734  4749      新應材                 357.00        679.00     3.03%   1055.00  1070.00  1025.00  1025.00      824.00   824.00   795.00   798.00   -227.00   -22.15%
      13           730  5536      聖暉*                 879.00       1176.00     2.80%   1085.00  1160.00  1075.00  1120.00      928.00   940.00   901.00   903.00   -217.00   -19.38%
      14           409  6274      台燿                 1640.00       1935.00     2.78%   1680.00  1705.00  1640.00  1695.00     1675.00  1675.00  1525.00  1600.00    -95.00    -5.60%
      15           675  6640      均華                  779.00       1072.00     2.76%   1250.00  1250.00  1190.00  1200.00     1020.00  1035.00   995.00   995.00   -205.00   -17.08%
      16           744  4991      環宇-KY               489.00        767.00     2.62%    702.00   708.00   680.00   682.00      503.00   512.00   478.00   478.00   -204.00   -29.91%
      17           698  4971      IET-KY              376.50        652.00     2.60%    688.00   704.00   665.00   676.00      535.00   535.00   489.50   494.00   -182.00   -26.92%
      18           535  3163      波若威                 723.00        998.00     2.59%   1005.00  1035.00   990.00   990.00      740.00   740.00   715.00   717.00   -273.00   -27.58%
      19           603  7717      萊德光電-KY             351.50        593.50     2.28%    648.00   648.00   623.00   625.00      444.50   456.00   428.00   428.00   -197.00   -31.52%
      20           688  5386      青雲                  215.50        443.00     2.14%    541.00   564.00   540.00   541.00      285.00   285.00   278.00   278.00   -263.00   -48.61%
      21           763  8358      金居                  447.00        659.50     2.00%    608.00   626.00   565.00   565.00      445.00   445.00   417.00   421.00   -144.00   -25.49%
      22           907  6291      沛亨                  422.00        631.50     1.97%    603.00   603.00   588.00   590.00      418.00   418.00   387.00   387.00   -203.00   -34.41%
      23           874  6643      M31                 181.00        384.50     1.92%    577.00   578.00   561.00   561.00      456.50   467.00   447.50   447.50   -113.50   -20.23%
      24           775  7728      光焱科技                279.00        473.00     1.83%    763.00   763.00   725.00   744.00      580.00   599.00   580.00   594.00   -150.00   -20.16%
      25           209  6223      旺矽                 6135.00       6325.00     1.79%   5925.00  6070.00  5835.00  6070.00     6800.00  6815.00  6470.00  6495.00   +425.00    +7.00%
      26           488  6683      雍智科技               1662.00       1847.00     1.74%   1690.00  1735.00  1650.00  1680.00     1315.00  1395.00  1315.00  1395.00   -285.00   -16.96%
      27           926  6290      良維                   67.00        248.50     1.71%    361.50   364.00   357.50   363.50      222.50   231.50   220.00   220.50   -143.00   -39.34%
      28           672  4966      譜瑞-KY               281.00        451.00     1.60%    788.00   795.00   741.00   756.00      594.00   601.00   585.00   586.00   -170.00   -22.49%
      29           932  5439      高技                   80.50        249.50     1.59%    374.50   374.50   360.50   366.00      254.00   256.00   245.00   250.00   -116.00   -31.69%
      30          1041  4760      勤凱                  158.50        326.00     1.58%    415.50   419.00   405.00   405.00      265.00   283.00   265.00   283.00   -122.00   -30.12%
      31           790  3485      敘豐                  148.50        299.50     1.42%    366.00   388.00   366.00   368.00      218.00   227.00   214.00   214.00   -154.00   -41.85%
      32           634  6727      亞泰金屬                440.00        588.50     1.40%    521.00   529.00   485.50   489.50      408.00   408.00   390.00   393.00    -96.50   -19.71%
      33           982  3105      穩懋                  347.00        487.00     1.32%    515.00   533.00   486.00   487.50      406.50   417.50   383.00   387.00   -100.50   -20.62%
      34           895  8155      博智                  137.00        270.50     1.26%    391.00   393.50   380.50   382.00      324.50   325.50   316.50   319.00    -63.00   -16.49%
      35           720  4768      晶呈科技                154.00        286.50     1.25%    485.00   485.00   456.50   457.00      326.00   329.00   319.50   325.50   -131.50   -28.77%
      36          1335  6217      中探針                 194.50        325.50     1.23%    285.00   288.00   263.00   266.00      160.00   169.00   160.00   168.50    -97.50   -36.65%
      37           873  8027      鈦昇                  121.00        250.50     1.22%    285.00   295.50   280.00   292.50      193.00   199.50   189.50   190.00   -102.50   -35.04%
      38          1016  5475      德宏                  138.50        263.50     1.18%    319.50   319.50   300.50   303.00      157.50   163.00   148.50   163.00   -140.00   -46.20%
      39           854  6147      頎邦                  118.00        238.00     1.13%    269.00   279.50   256.50   271.00      159.00   171.00   159.00   164.50   -106.50   -39.30%
      40           713  6231      系微                   57.00        163.50     1.00%    310.00   339.00   307.00   319.00      224.00   228.50   222.00   226.50    -92.50   -29.00%
==========================================================================================================================================================================
✅ 共 40 筆


══════════════════════════════════════════════════════════════════════════════════════════════════════════════
  🔄 第 33/45 次  2026/06/03 ～ 2026/08/12
══════════════════════════════════════════════════════════════════════════════════════════════════════════════

==========================================================================================================================================================================
📊 累計漲跌停強度排名 (2026/06/03 ~ 2026/08/12)
==========================================================================================================================================================================
    實資排名        累計天數排名  代號        名稱                 累計漲停(元)       累計跌停(元)       強度%  (06/03)開盤      最高      最低      收盤    (08/12)開盤      最高      最低      收盤      賺賠    賺賠率
--------------------------------------------------------------------------------------------------------------------------------------------------------------------------
       1           363  8299      群聯                 1480.00       2410.00     9.17%   2835.00  2835.00  2685.00  2685.00     2110.00  2245.00  2110.00  2210.00   -475.00   -17.69%
       2           522  3491      昇達科                1082.00       1977.00     8.82%   2030.00  2095.00  2005.00  2020.00     1250.00  1350.00  1250.00  1320.00   -700.00   -34.65%
       3           325  3529      力旺                 1590.00       2480.00     8.77%   3580.00  3605.00  3470.00  3570.00     2660.00  2705.00  2635.00  2660.00   -910.00   -25.49%
       4           256  6510      精測                 2430.00       3110.00     6.70%   3260.00  3365.00  3260.00  3310.00     2855.00  2950.00  2815.00  2825.00   -485.00   -14.65%
       5           270  3131      弘塑                 2505.00       3040.00     5.27%   3325.00  3400.00  3200.00  3200.00     2405.00  2570.00  2405.00  2555.00   -645.00   -20.16%
       6           506  6739      竹陞科技                991.00       1506.00     5.08%   1310.00  1330.00  1290.00  1305.00     1025.00  1070.00  1010.00  1030.00   -275.00   -21.07%
       7           576  7751      竑騰                 1165.00       1640.00     4.68%   1685.00  1685.00  1550.00  1575.00     1230.00  1320.00  1225.00  1315.00   -260.00   -16.51%
       8           488  5289      宜鼎                 1320.00       1770.00     4.44%   1920.00  1980.00  1850.00  1890.00     1480.00  1535.00  1480.00  1520.00   -370.00   -19.58%
       9           494  6683      雍智科技               1537.00       1877.00     3.35%   1760.00  1855.00  1700.00  1715.00     1255.00  1290.00  1240.00  1270.00   -445.00   -25.95%
      10           684  6640      均華                  779.00       1092.00     3.08%   1330.00  1330.00  1265.00  1265.00      938.00  1025.00   938.00  1000.00   -265.00   -20.95%
      11           742  4749      新應材                 377.00        668.00     2.87%   1065.00  1075.00  1055.00  1070.00      806.00   823.00   806.00   809.00   -261.00   -24.39%
      12           698  4971      IET-KY              376.50        652.00     2.72%    741.00   776.00   715.00   716.00      478.00   500.00   475.00   500.00   -216.00   -30.17%
      13           758  4991      環宇-KY               518.00        767.00     2.45%    730.00   763.00   714.00   731.00      486.00   500.00   460.00   484.50   -246.50   -33.72%
      14           603  7717      萊德光電-KY             351.50        593.50     2.39%    647.00   673.00   647.00   648.00      412.50   440.00   412.50   436.50   -211.50   -32.64%
      15           702  5386      青雲                  215.50        455.00     2.36%    560.00   562.00   537.00   547.00      276.00   282.00   276.00   278.00   -269.00   -49.18%
      16           731  5536      聖暉*                 936.00       1161.00     2.22%   1005.00  1065.00   999.00  1055.00      925.00   938.00   900.00   918.00   -137.00   -12.99%
      17           778  8358      金居                  447.00        671.50     2.21%    635.00   654.00   606.00   615.00      402.50   418.50   402.00   418.50   -196.50   -31.95%
      18           674  3324      雙鴻                  601.00        824.00     2.20%   1210.00  1280.00  1190.00  1280.00     1035.00  1070.00  1035.00  1050.00   -230.00   -17.97%
      19           583  3363      上詮                  599.00        819.00     2.17%    860.00   884.00   860.00   884.00      616.00   652.00   612.00   630.00   -254.00   -28.73%
      20           874  6643      M31                 181.00        384.50     2.01%    588.00   596.00   571.00   577.00      451.50   461.00   450.00   456.50   -120.50   -20.88%
      21           901  6291      沛亨                  422.00        616.00     1.91%    629.00   650.00   614.00   615.00      366.50   402.50   366.50   402.50   -212.50   -34.55%
      22           680  4966      譜瑞-KY               281.00        473.00     1.89%    845.00   883.00   803.00   805.00      592.00   600.00   590.00   591.00   -214.00   -26.58%
      23           414  6274      台燿                 1745.00       1935.00     1.87%   1605.00  1730.00  1585.00  1695.00     1580.00  1645.00  1580.00  1600.00    -95.00    -5.60%
      24           926  6290      良維                   67.00        248.50     1.79%    365.50   375.00   361.50   366.50      221.00   225.50   218.50   218.50   -148.00   -40.38%
      25           541  3163      波若威                 820.00        998.00     1.75%   1065.00  1085.00  1065.00  1085.00      685.00   735.00   682.00   718.00   -367.00   -33.82%
      26          1052  4760      勤凱                  151.50        326.00     1.72%    406.00   425.00   396.50   420.50      253.50   263.50   252.00   257.50   -163.00   -38.76%
      27           932  5439      高技                   80.50        249.50     1.67%    380.00   385.00   375.00   375.00      240.50   248.00   240.00   245.50   -129.50   -34.53%
      28           646  6727      亞泰金屬                440.00        602.50     1.60%    531.00   543.00   504.00   522.00      388.00   408.00   388.00   395.00   -127.00   -24.33%
      29           541  6187      萬潤                 1097.00       1258.00     1.59%   1035.00  1075.00  1015.00  1065.00     1060.00  1155.00  1055.00  1155.00    +90.00    +8.45%
      30          1326  6217      中探針                 180.00        338.50     1.56%    322.00   327.00   291.50   292.00      149.00   156.00   149.00   154.00   -138.00   -47.26%
      31          1006  5475      德宏                  124.00        278.50     1.52%    322.00   322.00   300.00   305.00      136.00   148.50   136.00   148.50   -156.50   -51.31%
      32           786  7728      光焱科技                327.00        473.00     1.44%    707.00   765.00   707.00   763.00      618.00   618.00   600.00   600.00   -163.00   -21.36%
      33           862  3693      營邦                  290.00        429.00     1.37%    601.00   606.00   584.00   588.00      492.50   510.00   492.50   502.00    -86.00   -14.63%
      34           895  8155      博智                  137.00        270.50     1.32%    396.50   401.50   389.00   395.00      310.00   329.50   310.00   321.50    -73.50   -18.61%
      35           720  4768      晶呈科技                154.00        286.50     1.31%    508.00   518.00   485.00   485.00      316.50   327.50   316.00   322.00   -163.00   -33.61%
      36           973  3105      穩懋                  347.00        474.00     1.25%    545.00   564.00   508.00   515.00      372.00   408.00   370.50   400.00   -115.00   -22.33%
      37           805  3485      敘豐                  176.00        299.50     1.22%    363.00   390.00   361.00   386.50      207.00   225.50   207.00   217.00   -169.50   -43.86%
      38           854  6147      頎邦                  118.00        238.00     1.18%    295.00   307.00   275.00   275.00      160.50   163.00   156.00   156.50   -118.50   -43.09%
      39           903  8027      鈦昇                  134.50        250.50     1.14%    288.00   293.00   281.00   291.00      187.00   198.50   185.00   192.00    -99.00   -34.02%
      40           889  6584      南俊國際                510.50        625.50     1.13%    661.00   715.00   638.00   660.00      553.00   566.00   539.00   543.00   -117.00   -17.73%
==========================================================================================================================================================================
✅ 共 40 筆


══════════════════════════════════════════════════════════════════════════════════════════════════════════════
  🔄 第 34/45 次  2026/06/02 ～ 2026/08/11
══════════════════════════════════════════════════════════════════════════════════════════════════════════════

==========================================================================================================================================================================
📊 累計漲跌停強度排名 (2026/06/02 ~ 2026/08/11)
==========================================================================================================================================================================
    實資排名        累計天數排名  代號        名稱                 累計漲停(元)       累計跌停(元)       強度%  (06/02)開盤      最高      最低      收盤    (08/11)開盤      最高      最低      收盤      賺賠    賺賠率
--------------------------------------------------------------------------------------------------------------------------------------------------------------------------
       1           515  3491      昇達科                1037.00       2072.00     7.01%   2150.00  2175.00  2000.00  2070.00     1230.00  1275.00  1215.00  1275.00   -795.00   -38.41%
       2           358  8299      群聯                 1410.00       2410.00     6.78%   2810.00  2835.00  2690.00  2820.00     2035.00  2100.00  2015.00  2090.00   -730.00   -25.89%
       3           244  6510      精測                 2405.00       3185.00     5.29%   3365.00  3365.00  3165.00  3215.00     2780.00  2875.00  2770.00  2800.00   -415.00   -12.91%
       4           570  7751      竑騰                 1105.00       1800.00     4.71%   1820.00  1860.00  1650.00  1670.00     1310.00  1310.00  1255.00  1255.00   -415.00   -24.85%
       5           271  3131      弘塑                 2380.00       3040.00     4.47%   3200.00  3315.00  3125.00  3305.00     2470.00  2470.00  2365.00  2390.00   -915.00   -27.69%
       6           326  3529      力旺                 1840.00       2480.00     4.34%   3345.00  3530.00  3345.00  3530.00     2795.00  2820.00  2655.00  2660.00   -870.00   -24.65%
       7           492  5289      宜鼎                 1270.00       1800.00     3.59%   1930.00  1935.00  1820.00  1875.00     1460.00  1485.00  1425.00  1470.00   -405.00   -21.60%
       8           491  6739      竹陞科技                996.00       1506.00     3.46%   1260.00  1300.00  1245.00  1285.00     1095.00  1100.00  1000.00  1005.00   -280.00   -21.79%
       9           285  3081      聯亞                 2230.00       2635.00     2.74%   2795.00  2865.00  2525.00  2575.00     2420.00  2485.00  2415.00  2480.00    -95.00    -3.69%
      10           691  6640      均華                  724.00       1122.00     2.70%   1315.00  1315.00  1265.00  1285.00     1055.00  1105.00   941.00   945.00   -340.00   -26.46%
      11           688  4971      IET-KY              341.50        730.00     2.63%    815.00   833.00   711.00   711.00      478.00   485.00   462.00   465.00   -246.00   -34.60%
      12           479  6683      雍智科技               1542.00       1877.00     2.27%   1725.00  1770.00  1660.00  1745.00     1240.00  1280.00  1195.00  1245.00   -500.00   -28.65%
      13           545  6187      萬潤                  992.00       1318.00     2.21%   1090.00  1095.00   998.00  1010.00     1165.00  1195.00  1035.00  1050.00    +40.00    +3.96%
      14           775  4749      新應材                 377.00        683.00     2.07%   1075.00  1080.00  1035.00  1050.00      786.00   807.00   771.00   803.00   -247.00   -23.52%
      15           419  6274      台燿                 1745.00       2050.00     2.07%   1700.00  1700.00  1565.00  1590.00     1585.00  1605.00  1500.00  1605.00    +15.00    +0.94%
      16           776  8358      金居                  409.00        712.50     2.06%    662.00   687.00   613.00   627.00      346.00   380.50   346.00   380.50   -246.50   -39.31%
      17           607  7717      萊德光電-KY             326.00        616.50     1.97%    675.00   688.00   636.00   646.00      416.00   427.00   406.00   411.00   -235.00   -36.38%
      18           535  3163      波若威                 785.00       1070.00     1.93%   1100.00  1120.00   982.00   988.00      690.00   723.00   673.00   683.00   -305.00   -30.87%
      19           773  4991      環宇-KY               518.00        800.00     1.91%    756.00   773.00   677.00   702.00      491.00   522.00   461.00   481.00   -221.00   -31.48%
      20           728  5386      青雲                  215.50        477.00     1.77%    586.00   596.00   541.00   559.00      273.50   284.50   273.00   274.50   -284.50   -50.89%
      21           904  6291      沛亨                  385.50        644.00     1.75%    650.00   657.00   591.00   620.00      378.00   380.00   356.50   366.00   -254.00   -40.97%
      22           559  3363      上詮                  575.00        819.00     1.65%    829.00   864.00   804.00   804.00      640.00   648.00   603.00   606.00   -198.00   -24.63%
      23           696  4966      譜瑞-KY               281.00        505.00     1.52%    855.00   874.00   816.00   827.00      595.00   601.00   589.00   595.00   -232.00   -28.05%
      24           874  6643      M31                 181.00        384.50     1.38%    588.00   590.00   561.00   577.00      441.00   456.00   440.50   450.00   -127.00   -22.01%
      25           686  3324      雙鴻                  621.00        824.00     1.38%   1155.00  1220.00  1135.00  1165.00     1015.00  1050.00  1000.00  1045.00   -120.00   -10.30%
      26           729  5536      聖暉*                 936.00       1138.00     1.37%   1020.00  1020.00   971.00   998.00      963.00   980.00   941.00   941.00    -57.00    -5.71%
      27          1072  4760      勤凱                  151.50        353.00     1.37%    428.50   428.50   386.50   402.00      245.00   260.00   245.00   256.00   -146.00   -36.32%
      28           899  6584      南俊國際                510.50        698.50     1.27%    731.00   731.00   658.00   658.00      530.00   540.00   520.00   538.00   -120.00   -18.24%
      29           832  3693      營邦                  280.00        463.00     1.24%    655.00   656.00   593.00   598.00      493.00   500.00   481.50   492.00   -106.00   -17.73%
      30           676  6727      亞泰金屬                440.00        622.50     1.24%    550.00   581.00   520.00   536.00      388.50   402.50   381.50   390.50   -145.50   -27.15%
      31           926  6290      良維                   67.00        248.50     1.23%    367.00   368.50   350.00   362.50      212.00   223.50   212.00   220.00   -142.50   -39.31%
      32           808  7728      光焱科技                327.00        498.00     1.16%    744.00   746.00   714.00   715.00      595.00   614.00   585.00   598.00   -117.00   -16.36%
      33           932  5439      高技                   80.50        249.50     1.15%    382.50   386.00   368.00   374.00      233.00   244.00   232.00   240.50   -133.50   -35.70%
      34           994  3105      穩懋                  318.00        485.00     1.13%    538.00   554.00   515.00   519.00      377.50   382.50   361.50   371.00   -148.00   -28.52%
      35           891  4979      華星光                 458.50        618.50     1.08%    671.00   691.00   630.00   630.00      520.00   558.00   506.00   510.00   -120.00   -19.05%
      36          1326  6217      中探針                 180.00        338.50     1.07%    305.00   305.00   295.00   305.00      166.50   166.50   152.00   153.00   -152.00   -49.84%
      37           210  6223      旺矽                 6235.00       6385.00     1.02%   5630.00  5695.00  5435.00  5515.00     6330.00  6380.00  6140.00  6315.00   +800.00   +14.51%
      38           984  5475      德宏                  133.50        278.50     0.98%    301.00   325.00   297.00   320.00      131.50   137.50   131.00   135.00   -185.00   -57.81%
      39           771  3485      敘豐                  164.00        299.50     0.92%    364.00   364.00   351.00   359.00      209.00   210.00   203.00   205.00   -154.00   -42.90%
      40           895  8155      博智                  137.00        270.50     0.90%    403.50   403.50   381.00   393.00      308.00   318.50   306.50   316.00    -77.00   -19.59%
==========================================================================================================================================================================
✅ 共 40 筆


══════════════════════════════════════════════════════════════════════════════════════════════════════════════
  🔄 第 35/45 次  2026/06/01 ～ 2026/08/10
══════════════════════════════════════════════════════════════════════════════════════════════════════════════

==========================================================================================================================================================================
📊 累計漲跌停強度排名 (2026/06/01 ~ 2026/08/10)
==========================================================================================================================================================================
    實資排名        累計天數排名  代號        名稱                 累計漲停(元)       累計跌停(元)       強度%  (06/01)開盤      最高      最低      收盤    (08/10)開盤      最高      最低      收盤      賺賠    賺賠率
--------------------------------------------------------------------------------------------------------------------------------------------------------------------------
       1           522  3491      昇達科                 997.00       2107.00     7.85%   2180.00  2200.00  2085.00  2165.00     1290.00  1290.00  1215.00  1235.00   -930.00   -42.96%
       2           356  8299      群聯                 1555.00       2410.00     6.05%   2655.00  2825.00  2625.00  2770.00     2060.00  2080.00  2030.00  2040.00   -730.00   -26.35%
       3           269  3131      弘塑                 2380.00       3145.00     5.41%   3420.00  3420.00  3235.00  3265.00     2455.00  2570.00  2415.00  2470.00   -795.00   -24.35%
       4           329  3529      力旺                 1840.00       2435.00     4.21%   3480.00  3505.00  3215.00  3280.00     2755.00  2995.00  2705.00  2835.00   -445.00   -13.57%
       5           236  6510      精測                 2555.00       3140.00     4.14%   3150.00  3320.00  3060.00  3290.00     2790.00  2950.00  2785.00  2845.00   -445.00   -13.53%
       6           210  6223      旺矽                 6145.00       6665.00     3.68%   6015.00  6015.00  5645.00  5680.00     6230.00  6695.00  6100.00  6225.00   +545.00    +9.60%
       7           573  7751      竑騰                 1170.00       1665.00     3.50%   1830.00  1940.00  1745.00  1830.00     1395.00  1410.00  1360.00  1390.00   -440.00   -24.04%
       8           504  6739      竹陞科技               1016.00       1461.00     3.15%   1235.00  1280.00  1230.00  1255.00     1025.00  1105.00  1025.00  1050.00   -205.00   -16.33%
       9           449  6274      台燿                 1615.00       2050.00     3.08%   1690.00  1815.00  1650.00  1705.00     1510.00  1510.00  1445.00  1460.00   -245.00   -14.37%
      10           495  5289      宜鼎                 1365.00       1800.00     3.08%   1855.00  1950.00  1830.00  1905.00     1525.00  1530.00  1460.00  1465.00   -440.00   -23.10%
      11           692  6640      均華                  724.00       1112.00     2.75%   1370.00  1370.00  1285.00  1315.00     1005.00  1005.00  1005.00  1005.00   -310.00   -23.57%
      12           540  6187      萬潤                  992.00       1328.00     2.38%   1090.00  1100.00  1040.00  1070.00     1165.00  1220.00  1080.00  1090.00    +20.00    +1.87%
      13           766  4749      新應材                 360.00        683.00     2.29%   1065.00  1080.00  1055.00  1065.00      786.00   800.00   764.00   786.00   -279.00   -26.20%
      14           686  4971      IET-KY              380.50        693.00     2.21%    749.00   789.00   749.00   789.00      479.00   505.00   470.00   502.00   -287.00   -36.38%
      15           475  6683      雍智科技               1577.00       1877.00     2.12%   1660.00  1775.00  1650.00  1715.00     1150.00  1230.00  1150.00  1230.00   -485.00   -28.28%
      16           605  7717      萊德光電-KY             326.00        611.50     2.02%    710.00   710.00   643.00   669.00      435.00   445.00   428.50   437.00   -232.00   -34.68%
      17           282  3081      聯亞                 2300.00       2580.00     1.98%   2620.00  2740.00  2585.00  2685.00     2500.00  2535.00  2420.00  2535.00   -150.00    -5.59%
      18           776  8358      金居                  434.50        712.50     1.97%    637.00   668.00   636.00   668.00      354.50   369.50   342.50   346.00   -322.00   -48.20%
      19           895  6291      沛亨                  385.50        657.50     1.92%    662.00   666.00   647.00   648.00      379.00   388.00   375.50   383.50   -264.50   -40.82%
      20           758  4991      環宇-KY               518.00        770.00     1.78%    730.00   754.00   709.00   735.00      490.00   511.00   489.00   511.00   -224.00   -30.48%
      21          1065  4760      勤凱                  140.50        392.00     1.78%    478.00   510.00   426.00   429.00      236.00   247.00   236.00   245.00   -184.00   -42.89%
      22           731  5386      青雲                  215.50        465.50     1.77%    616.00   619.00   578.00   581.00      280.00   298.00   276.00   298.00   -283.00   -48.71%
      23           529  3163      波若威                 815.00       1047.00     1.64%   1035.00  1100.00  1015.00  1060.00      698.00   735.00   692.00   706.00   -354.00   -33.40%
      24           907  6584      南俊國際                494.50        711.50     1.54%    799.00   818.00   710.00   731.00      570.00   570.00   515.00   522.00   -209.00   -28.59%
      25           689  6727      亞泰金屬                440.00        652.50     1.50%    586.00   596.00   554.00   556.00      399.50   406.50   388.00   388.00   -168.00   -30.22%
      26           874  6643      M31                 181.00        384.50     1.44%    580.00   595.00   572.00   576.00      442.50   450.00   438.00   441.00   -135.00   -23.44%
      27           714  4966      譜瑞-KY               306.00        505.00     1.41%    879.00   902.00   830.00   859.00      595.00   602.00   590.00   600.00   -259.00   -30.15%
      28           585  3363      上詮                  587.00        785.00     1.40%    801.00   833.00   787.00   809.00      604.00   640.00   603.00   640.00   -169.00   -20.89%
      29           792  7728      光焱科技                327.00        518.00     1.35%    752.00   770.00   740.00   740.00      608.00   620.00   600.00   608.00   -132.00   -17.84%
      30           932  5439      高技                   80.50        249.50     1.20%    386.50   389.50   379.50   380.00      242.50   249.50   237.50   241.00   -139.00   -36.58%
      31           949  6290      良維                   87.00        248.50     1.14%    360.50   375.00   358.00   367.00      204.50   219.00   203.50   214.00   -153.00   -41.69%
      32           684  3324      雙鴻                  666.00        824.00     1.12%   1085.00  1165.00  1080.00  1145.00     1025.00  1080.00  1005.00  1010.00   -135.00   -11.79%
      33           971  3105      穩懋                  318.00        470.50     1.08%    528.00   546.00   522.00   530.00      379.00   401.00   374.00   385.50   -144.50   -27.26%
      34           419  7734      印能科技               3095.00       3245.00     1.06%   3595.00  3675.00  3400.00  3415.00     3420.00  3520.00  3305.00  3455.00    +40.00    +1.17%
      35           909  3675      德微                  375.50        516.50     1.00%    413.00   413.00   372.00   372.00      271.00   292.00   271.00   280.50    -91.50   -24.60%
      36           871  6147      頎邦                  118.00        258.00     0.99%    313.00   313.50   284.00   285.50      151.00   158.00   147.00   154.00   -131.50   -46.06%
      37           895  8155      博智                  137.00        270.50     0.94%    397.00   409.50   394.50   398.50      298.00   315.00   298.00   308.50    -90.00   -22.58%
      38           840  3693      營邦                  331.00        463.00     0.93%    588.00   639.00   583.00   632.00      526.00   529.00   499.50   500.00   -132.00   -20.89%
      39          1330  6217      中探針                 195.50        326.50     0.93%    300.00   305.00   295.50   305.00      165.00   173.00   161.00   165.00   -140.00   -45.90%
      40           620  3581      博磊                   40.10        168.50     0.91%    236.50   250.00   233.50   244.00      110.50   116.50   109.00   114.00   -130.00   -53.28%
==========================================================================================================================================================================
✅ 共 40 筆


══════════════════════════════════════════════════════════════════════════════════════════════════════════════
  🔄 第 36/45 次  2026/05/29 ～ 2026/08/07
══════════════════════════════════════════════════════════════════════════════════════════════════════════════

==========================================================================================================================================================================
📊 累計漲跌停強度排名 (2026/05/29 ~ 2026/08/07)
==========================================================================================================================================================================
    實資排名        累計天數排名  代號        名稱                 累計漲停(元)       累計跌停(元)       強度%  (05/29)開盤      最高      最低      收盤    (08/07)開盤      最高      最低      收盤      賺賠    賺賠率
--------------------------------------------------------------------------------------------------------------------------------------------------------------------------
       1           262  3131      弘塑                 2295.00       3330.00     7.46%   3820.00  3865.00  3450.00  3450.00     2385.00  2455.00  2380.00  2385.00  -1065.00   -30.87%
       2           524  3491      昇達科                1197.00       2107.00     6.56%   2120.00  2200.00  2120.00  2200.00     1350.00  1395.00  1230.00  1235.00   -965.00   -43.86%
       3           235  6510      精測                 2405.00       3280.00     6.31%   3380.00  3380.00  3105.00  3140.00     2830.00  2885.00  2695.00  2695.00   -445.00   -14.17%
       4           328  3529      力旺                 1730.00       2495.00     5.51%   3540.00  3545.00  3385.00  3410.00     2700.00  2770.00  2640.00  2725.00   -685.00   -20.09%
       5           335  8299      群聯                 1660.00       2410.00     5.41%   2530.00  2620.00  2525.00  2575.00     2060.00  2075.00  1970.00  2020.00   -555.00   -21.55%
       6           217  6223      旺矽                 6065.00       6665.00     4.33%   6165.00  6200.00  5870.00  5960.00     6345.00  6345.00  6070.00  6100.00   +140.00    +2.35%
       7           287  3081      聯亞                 2070.00       2615.00     3.93%   2680.00  2715.00  2590.00  2615.00     2420.00  2555.00  2275.00  2305.00   -310.00   -11.85%
       8           502  6739      竹陞科技                971.00       1481.00     3.68%   1280.00  1280.00  1225.00  1235.00     1105.00  1115.00  1005.00  1005.00   -230.00   -18.62%
       9           586  7751      竑騰                 1210.00       1665.00     3.28%   1790.00  1840.00  1765.00  1765.00     1450.00  1505.00  1370.00  1385.00   -380.00   -21.53%
      10           706  6640      均華                  662.00       1112.00     3.24%   1405.00  1425.00  1355.00  1365.00      948.00   948.00   909.00   918.00   -447.00   -32.75%
      11           476  6683      雍智科技               1467.00       1912.00     3.21%   1760.00  1760.00  1610.00  1665.00     1160.00  1190.00  1110.00  1120.00   -545.00   -32.73%
      12           541  6187      萬潤                  992.00       1408.00     3.00%   1225.00  1285.00  1120.00  1120.00     1175.00  1185.00  1110.00  1130.00    +10.00    +0.89%
      13           770  4749      新應材                 360.00        680.00     2.31%   1130.00  1130.00  1055.00  1070.00      825.00   828.00   808.00   809.00   -261.00   -24.39%
      14           686  4971      IET-KY              378.00        693.00     2.27%    738.00   750.00   715.00   750.00      499.00   499.00   450.00   460.50   -289.50   -38.60%
      15           428  6274      台燿                 1745.00       2050.00     2.20%   1615.00  1690.00  1610.00  1690.00     1540.00  1540.00  1430.00  1440.00   -250.00   -14.79%
      16           497  5289      宜鼎                 1475.00       1765.00     2.09%   1760.00  1840.00  1735.00  1810.00     1620.00  1680.00  1495.00  1500.00   -310.00   -17.13%
      17           523  3163      波若威                 780.00       1067.00     2.07%   1050.00  1080.00  1015.00  1030.00      702.00   745.00   668.00   671.00   -359.00   -34.85%
      18           587  3363      上詮                  529.00        803.00     1.98%    827.00   827.00   787.00   797.00      604.00   622.00   571.00   582.00   -215.00   -26.98%
      19           765  4991      環宇-KY               497.00        770.00     1.97%    698.00   774.00   685.00   730.00      443.00   478.50   443.00   465.00   -265.00   -36.30%
      20           737  5386      青雲                  206.50        465.50     1.87%    584.00   597.00   576.00   593.00      271.00   273.50   265.00   271.00   -322.00   -54.30%
      21           871  6291      沛亨                  399.50        657.50     1.86%    695.00   718.00   666.00   679.00      383.50   385.50   371.00   372.50   -306.50   -45.14%
      22           584  7717      萊德光電-KY             370.00        611.50     1.74%    638.00   690.00   628.00   690.00      418.50   436.00   417.00   419.00   -271.00   -39.28%
      23           410  7734      印能科技               3015.00       3245.00     1.66%   3845.00  3870.00  3450.00  3675.00     3465.00  3500.00  3280.00  3375.00   -300.00    -8.16%
      24           785  8358      金居                  489.50        712.50     1.61%    579.00   608.00   565.00   608.00      393.00   397.00   350.00   352.00   -256.00   -42.11%
      25           689  6727      亞泰金屬                440.00        652.50     1.53%    604.00   605.00   550.00   586.00      409.50   409.50   377.00   383.00   -203.00   -34.64%
      26           729  4966      譜瑞-KY               306.00        516.00     1.51%    866.00   929.00   810.00   834.00      602.00   613.00   593.00   598.00   -236.00   -28.30%
      27          1077  4760      勤凱                  183.00        392.00     1.51%    468.00   468.00   468.00   468.00      254.50   254.50   236.00   236.50   -231.50   -49.47%
      28           743  7728      光焱科技                317.00        518.00     1.45%    810.00   810.00   765.00   770.00      619.00   625.00   598.00   598.00   -172.00   -22.34%
      29           903  6643      M31                 198.00        384.50     1.34%    575.00   585.00   567.00   580.00      456.50   475.50   432.00   437.00   -143.00   -24.66%
      30           945  3105      穩懋                  298.50        470.50     1.24%    542.00   544.00   516.00   527.00      384.50   394.50   359.50   366.00   -161.00   -30.55%
      31           953  6290      良維                   86.00        248.50     1.17%    347.50   347.50   321.50   347.00      213.00   214.50   200.00   202.00   -145.00   -41.79%
      32           729  4768      晶呈科技                148.00        308.00     1.15%    504.00   504.00   468.00   469.50      301.00   304.00   290.00   292.00   -177.50   -37.81%
      33           967  5439      高技                   93.50        249.50     1.12%    379.00   386.00   371.50   383.00      234.00   246.50   232.50   241.00   -142.00   -37.08%
      34           857  8155      博智                  124.00        270.50     1.06%    406.00   414.50   395.50   399.00      303.50   307.00   292.00   295.50   -103.50   -25.94%
      35           905  4979      華星光                 456.50        592.50     0.98%    610.00   646.00   608.00   624.00      494.00   498.00   473.00   488.00   -136.00   -21.79%
      36           913  6584      南俊國際                548.50        683.50     0.97%    701.00   752.00   690.00   744.00      531.00   550.00   529.00   550.00   -194.00   -26.08%
      37           620  3581      博磊                   40.10        168.50     0.93%    258.00   258.00   233.50   236.50      123.50   124.00   110.50   110.50   -126.00   -53.28%
      38           981  5475      德宏                  150.50        278.50     0.92%    265.00   270.00   246.00   270.00      123.50   134.50   121.00   123.50   -146.50   -54.26%
      39           893  3675      德微                  389.50        516.50     0.92%    399.50   413.00   391.50   413.00      285.50   285.50   265.00   265.50   -147.50   -35.71%
      40          1362  6217      中探針                 210.00        326.50     0.84%    286.00   290.00   280.50   289.50      162.00   172.50   157.00   165.00   -124.50   -43.01%
==========================================================================================================================================================================
✅ 共 40 筆


══════════════════════════════════════════════════════════════════════════════════════════════════════════════
  🔄 第 37/45 次  2026/05/28 ～ 2026/08/05
══════════════════════════════════════════════════════════════════════════════════════════════════════════════

==========================================================================================================================================================================
📊 累計漲跌停強度排名 (2026/05/28 ~ 2026/08/05)
==========================================================================================================================================================================
    實資排名        累計天數排名  代號        名稱                 累計漲停(元)       累計跌停(元)       強度%  (05/28)開盤      最高      最低      收盤    (08/05)開盤      最高      最低      收盤      賺賠    賺賠率
--------------------------------------------------------------------------------------------------------------------------------------------------------------------------
       1           528  3491      昇達科                1197.00       2072.00     6.26%   2125.00  2180.00  1995.00  2000.00     1265.00  1285.00  1225.00  1285.00   -715.00   -35.75%
       2           216  6223      旺矽                 6065.00       6940.00     6.26%   6390.00  6450.00  5855.00  5915.00     6105.00  6390.00  6100.00  6245.00   +330.00    +5.58%
       3           263  3131      弘塑                 2505.00       3330.00     5.91%   3650.00  3765.00  3510.00  3635.00     2670.00  2670.00  2345.00  2345.00  -1290.00   -35.49%
       4           356  8299      群聯                 1660.00       2440.00     5.58%   2475.00  2535.00  2410.00  2450.00     1900.00  1910.00  1845.00  1845.00   -605.00   -24.69%
       5           282  3081      聯亞                 2070.00       2780.00     5.08%   2890.00  2890.00  2600.00  2650.00     2160.00  2160.00  2160.00  2160.00   -490.00   -18.49%
       6           329  3529      力旺                 1840.00       2495.00     4.69%   3420.00  3520.00  3370.00  3470.00     2700.00  2780.00  2600.00  2630.00   -840.00   -24.21%
       7           236  6510      精測                 2490.00       3140.00     4.65%   3250.00  3365.00  3210.00  3280.00     2850.00  2975.00  2755.00  2755.00   -525.00   -16.01%
       8           697  6640      均華                  662.00       1167.00     3.61%   1440.00  1475.00  1330.00  1340.00      933.00   933.00   897.00   910.00   -430.00   -32.09%
       9           476  6683      雍智科技               1467.00       1927.00     3.29%   1780.00  1840.00  1650.00  1700.00     1165.00  1195.00  1165.00  1195.00   -505.00   -29.71%
      10           511  6739      竹陞科技                971.00       1411.00     3.15%   1305.00  1350.00  1250.00  1255.00     1050.00  1070.00  1015.00  1045.00   -210.00   -16.73%
      11           573  7751      竑騰                 1235.00       1645.00     2.93%   1680.00  1765.00  1675.00  1725.00     1395.00  1460.00  1390.00  1405.00   -320.00   -18.55%
      12           386  7734      印能科技               3015.00       3400.00     2.76%   3885.00  4160.00  3535.00  3670.00     3800.00  3875.00  3395.00  3440.00   -230.00    -6.27%
      13           772  4991      環宇-KY               474.00        848.00     2.68%    765.00   766.00   705.00   705.00      469.00   469.00   453.00   469.00   -236.00   -33.48%
      14           763  4749      新應材                 360.00        691.00     2.37%   1135.00  1180.00  1080.00  1090.00      792.00   832.00   792.00   794.00   -296.00   -27.16%
      15           682  4971      IET-KY              378.00        706.50     2.35%    740.00   740.00   695.00   711.00      462.00   462.00   462.00   462.00   -249.00   -35.02%
      16           427  6274      台燿                 1745.00       2050.00     2.18%   1615.00  1695.00  1525.00  1540.00     1470.00  1470.00  1470.00  1470.00    -70.00    -4.55%
      17           523  3163      波若威                 780.00       1078.00     2.13%   1080.00  1085.00  1025.00  1050.00      722.00   722.00   700.00   722.00   -328.00   -31.24%
      18           588  3363      上詮                  529.00        813.00     2.03%    851.00   851.00   802.00   815.00      606.00   618.00   589.00   600.00   -215.00   -26.38%
      19           784  5386      青雲                  206.50        477.50     1.94%    585.00   628.00   568.00   575.00      259.00   265.00   254.00   257.50   -317.50   -55.22%
      20           613  7717      萊德光電-KY             370.00        632.50     1.88%    654.00   673.00   628.00   628.00      423.00   453.00   423.00   440.00   -188.00   -29.94%
      21           533  6187      萬潤                 1102.00       1363.00     1.87%   1180.00  1240.00  1180.00  1240.00     1090.00  1130.00  1065.00  1070.00   -170.00   -13.71%
      22           829  6291      沛亨                  399.50        647.00     1.77%    650.00   697.00   621.00   654.00      388.00   394.00   375.00   380.00   -274.00   -41.90%
      23           676  6727      亞泰金屬                440.00        686.50     1.76%    630.00   645.00   570.00   578.00      390.50   407.00   386.00   407.00   -171.00   -29.58%
      24           753  4966      譜瑞-KY               306.00        541.00     1.68%    897.00   922.00   830.00   845.00      598.00   622.00   597.00   618.00   -227.00   -26.86%
      25           896  6643      M31                 198.00        401.50     1.46%    598.00   611.00   557.00   563.00      418.00   432.00   405.00   414.00   -149.00   -26.47%
      26           771  8358      金居                  489.50        680.50     1.37%    555.00   578.00   550.00   553.00      365.00   375.00   347.50   349.50   -203.50   -36.80%
      27           936  3105      穩懋                  298.50        486.50     1.35%    558.00   582.00   520.00   528.00      376.00   376.00   376.00   376.00   -152.00   -28.79%
      28           911  6584      南俊國際                498.50        683.50     1.32%    704.00   720.00   672.00   690.00      494.00   509.00   480.00   487.00   -203.00   -29.42%
      29           492  5289      宜鼎                 1475.00       1655.00     1.29%   1685.00  1760.00  1655.00  1700.00     1490.00  1505.00  1445.00  1465.00   -235.00   -13.82%
      30           729  5536      聖暉*                 948.00       1126.00     1.27%   1110.00  1110.00  1030.00  1035.00     1030.00  1035.00  1000.00  1020.00    -15.00    -1.45%
      31           770  4768      晶呈科技                148.00        321.00     1.24%    508.00   518.00   482.00   491.00      296.00   301.00   294.50   297.00   -194.00   -39.51%
      32          1003  5439      高技                   93.50        265.00     1.23%    388.50   389.00   368.00   370.00      228.00   233.00   223.00   226.00   -144.00   -38.92%
      33           930  4979      華星光                 456.50        616.50     1.15%    645.00   654.00   594.00   604.00      492.00   492.00   480.00   492.00   -112.00   -18.54%
      34          1050  4760      勤凱                  221.50        379.00     1.13%    390.50   425.50   390.50   425.50      260.50   260.50   243.00   246.00   -179.50   -42.19%
      35           915  6290      良維                   86.00        236.50     1.08%    335.00   361.00   330.50   336.00      222.50   224.00   213.00   213.50   -122.50   -36.46%
      36          1012  5475      德宏                  150.50        298.50     1.06%    285.00   286.00   262.50   266.50      147.00   147.00   124.50   124.50   -142.00   -53.28%
      37           814  8155      博智                  124.00        260.00     0.97%    406.50   414.00   387.00   393.50      296.50   299.50   289.00   291.50   -102.00   -25.92%
      38           731  7728      光焱科技                358.00        492.00     0.96%    748.00   788.00   727.00   778.00      601.00   620.00   596.00   619.00   -159.00   -20.44%
      39           628  3581      博磊                   40.10        168.50     0.92%    244.50   254.00   236.50   240.00      115.00   119.00   111.50   111.50   -128.50   -53.54%
      40          1362  6217      中探針                 210.00        326.50     0.83%    271.00   285.00   271.00   275.00      147.00   147.00   147.00   147.00   -128.00   -46.55%
==========================================================================================================================================================================
✅ 共 40 筆


══════════════════════════════════════════════════════════════════════════════════════════════════════════════
  🔄 第 38/45 次  2026/05/27 ～ 2026/08/04
══════════════════════════════════════════════════════════════════════════════════════════════════════════════

==========================================================================================================================================================================
📊 累計漲跌停強度排名 (2026/05/27 ~ 2026/08/04)
==========================================================================================================================================================================
    實資排名        累計天數排名  代號        名稱                 累計漲停(元)       累計跌停(元)       強度%  (05/27)開盤      最高      最低      收盤    (08/04)開盤      最高      最低      收盤      賺賠    賺賠率
--------------------------------------------------------------------------------------------------------------------------------------------------------------------------
       1           280  3081      聯亞                 1875.00       3055.00     7.68%   3170.00  3215.00  2855.00  2885.00     1965.00  1965.00  1965.00  1965.00   -920.00   -31.89%
       2           218  6223      旺矽                 5870.00       6940.00     6.97%   6400.00  6645.00  6280.00  6390.00     5910.00  6090.00  5805.00  5900.00   -490.00    -7.67%
       3           522  3491      昇達科                1082.00       2072.00     6.45%   2120.00  2130.00  2025.00  2080.00     1170.00  1170.00  1130.00  1170.00   -910.00   -43.75%
       4           323  3529      力旺                 1785.00       2685.00     5.86%   3480.00  3555.00  3270.00  3295.00     2450.00  2620.00  2385.00  2575.00   -720.00   -21.85%
       5           234  6510      精測                 2490.00       3320.00     5.40%   3480.00  3560.00  3185.00  3195.00     2805.00  2865.00  2660.00  2795.00   -400.00   -12.52%
       6           348  8299      群聯                 1635.00       2465.00     5.40%   2700.00  2730.00  2455.00  2480.00     1750.00  1850.00  1725.00  1820.00   -660.00   -26.61%
       7           490  6683      雍智科技               1362.00       1947.00     3.81%   1850.00  1910.00  1725.00  1780.00     1020.00  1110.00  1020.00  1090.00   -690.00   -38.76%
       8           684  6640      均華                  637.00       1202.00     3.68%   1505.00  1505.00  1415.00  1425.00      866.00   898.00   845.00   885.00   -540.00   -37.89%
       9           507  6739      竹陞科技                916.00       1476.00     3.65%   1400.00  1400.00  1280.00  1295.00      887.00   990.00   887.00   990.00   -305.00   -23.55%
      10           564  7751      竑騰                 1195.00       1705.00     3.32%   1815.00  1815.00  1585.00  1700.00     1310.00  1365.00  1300.00  1365.00   -335.00   -19.71%
      11           764  4991      環宇-KY               431.50        935.00     3.28%    880.00   881.00   783.00   783.00      420.00   426.50   420.00   426.50   -356.50   -45.53%
      12           519  3163      波若威                 715.00       1198.00     3.15%   1225.00  1230.00  1100.00  1100.00      640.00   657.00   630.00   657.00   -443.00   -40.27%
      13           688  4971      IET-KY              336.00        727.50     2.55%    779.00   782.00   699.00   744.00      420.00   420.00   416.50   420.00   -324.00   -43.55%
      14           432  6274      台燿                 1665.00       2050.00     2.51%   1640.00  1735.00  1575.00  1630.00     1305.00  1340.00  1245.00  1340.00   -290.00   -17.79%
      15           744  4749      新應材                 344.00        716.00     2.42%   1160.00  1165.00  1105.00  1115.00      780.00   781.00   760.00   778.00   -337.00   -30.22%
      16           581  3363      上詮                  492.00        851.00     2.34%    890.00   900.00   836.00   847.00      542.00   566.00   528.00   563.00   -284.00   -33.53%
      17           601  7717      萊德光電-KY             343.00        669.50     2.13%    702.00   702.00   645.00   649.00      392.50   423.50   392.00   413.00   -236.00   -36.36%
      18           263  3131      弘塑                 2815.00       3135.00     2.08%   3425.00  3425.00  3425.00  3425.00     2460.00  2630.00  2450.00  2540.00   -885.00   -25.84%
      19           677  6727      亞泰金屬                403.00        708.50     1.99%    677.00   684.00   624.00   629.00      336.50   370.00   334.50   370.00   -259.00   -41.18%
      20           544  6187      萬潤                 1102.00       1368.00     1.73%   1170.00  1175.00  1100.00  1130.00     1025.00  1105.00  1025.00  1090.00    -40.00    -3.54%
      21           926  4979      華星光                 412.00        668.50     1.67%    690.00   715.00   620.00   628.00      425.00   447.50   425.00   447.50   -180.50   -28.74%
      22           795  5386      青雲                  244.50        477.50     1.52%    588.00   603.00   564.00   587.00      239.50   256.50   234.50   248.50   -338.50   -57.67%
      23           917  3105      穩懋                  264.50        486.50     1.45%    571.00   588.00   545.00   560.00      320.00   342.00   313.50   342.00   -218.00   -38.93%
      24           921  6643      M31                 198.00        419.50     1.44%    630.00   632.00   589.00   598.00      408.50   421.50   401.00   414.00   -184.00   -30.77%
      25           505  5289      宜鼎                 1435.00       1655.00     1.43%   1790.00  1830.00  1675.00  1700.00     1370.00  1420.00  1340.00  1415.00   -285.00   -16.76%
      26           741  4966      譜瑞-KY               335.00        541.00     1.34%    852.00   870.00   824.00   870.00      578.00   591.00   566.00   584.00   -286.00   -32.87%
      27           797  6291      沛亨                  444.00        647.00     1.32%    645.00   645.00   625.00   645.00      342.50   366.50   338.00   366.50   -278.50   -43.18%
      28           866  6584      南俊國際                487.00        683.50     1.28%    699.00   709.00   685.00   688.00      457.00   485.00   447.50   475.50   -212.50   -30.89%
      29           717  7728      光焱科技                340.00        517.00     1.15%    775.00   794.00   736.00   737.00      588.00   610.00   580.00   601.00   -136.00   -18.45%
      30           770  4768      晶呈科技                148.00        321.00     1.13%    511.00   541.00   499.00   504.00      277.50   296.00   274.00   290.50   -213.50   -42.36%
      31          1003  5439      高技                   93.50        265.00     1.12%    398.50   401.00   380.00   385.50      214.00   229.50   212.50   224.00   -161.50   -41.89%
      32           784  8358      金居                  516.50        680.50     1.07%    540.00   566.00   540.00   560.00      329.50   350.00   318.00   341.00   -219.00   -39.11%
      33          1050  4760      勤凱                  221.50        379.00     1.03%    400.00   414.00   376.00   387.00      226.00   238.00   220.00   237.50   -149.50   -38.63%
      34          1029  5475      德宏                  150.50        307.50     1.02%    311.00   311.50   284.50   286.50      127.00   134.00   121.50   134.00   -152.50   -53.23%
      35           641  3581      博磊                   40.10        196.50     1.02%    279.50   279.50   252.00   252.00      106.00   113.00   102.50   111.50   -140.50   -55.75%
      36           840  8155      博智                  124.00        277.50     1.00%    422.50   424.50   399.00   400.50      284.00   294.00   282.00   288.50   -112.00   -27.97%
      37           915  6290      良維                   86.00        236.50     0.98%    338.00   339.00   323.00   328.50      218.00   218.50   212.50   215.00   -113.50   -34.55%
      38           694  6983      華洋精機                 86.50        234.50     0.96%    497.50   498.00   428.00   430.00      303.00   303.00   298.00   298.50   -131.50   -30.58%
      39           714  5536      聖暉*                 993.00       1126.00     0.87%   1050.00  1130.00  1005.00  1110.00      943.00   999.00   937.00   990.00   -120.00   -10.81%
      40           698  6679      鈺太                   31.50        164.00     0.86%    342.00   345.00   327.00   330.00      204.50   212.00   204.50   210.50   -119.50   -36.21%
==========================================================================================================================================================================
✅ 共 40 筆


══════════════════════════════════════════════════════════════════════════════════════════════════════════════
  🔄 第 39/45 次  2026/05/26 ～ 2026/08/03
══════════════════════════════════════════════════════════════════════════════════════════════════════════════

==========================================================================================================================================================================
📊 累計漲跌停強度排名 (2026/05/26 ~ 2026/08/03)
==========================================================================================================================================================================
    實資排名        累計天數排名  代號        名稱                 累計漲停(元)       累計跌停(元)       強度%  (05/26)開盤      最高      最低      收盤    (08/03)開盤      最高      最低      收盤      賺賠    賺賠率
--------------------------------------------------------------------------------------------------------------------------------------------------------------------------
       1           324  3529      力旺                 1600.00       2910.00     7.90%   3800.00  3800.00  3445.00  3485.00     2410.00  2435.00  2330.00  2390.00  -1095.00   -31.42%
       2           219  6223      旺矽                 5815.00       6940.00     6.78%   6425.00  6425.00  6120.00  6240.00     5475.00  5805.00  5450.00  5805.00   -435.00    -6.97%
       3           279  3081      聯亞                 1935.00       3055.00     6.75%   2960.00  3180.00  2825.00  3160.00     1760.00  1790.00  1750.00  1790.00  -1370.00   -43.35%
       4           524  3491      昇達科                 977.00       2087.00     6.69%   2060.00  2075.00  2005.00  2075.00      950.00  1065.00   950.00  1065.00  -1010.00   -48.67%
       5           235  6510      精測                 2350.00       3360.00     6.09%   3530.00  3530.00  3370.00  3415.00     2595.00  2690.00  2470.00  2655.00   -760.00   -22.25%
       6           353  8299      群聯                 1600.00       2465.00     5.21%   2510.00  2590.00  2440.00  2505.00     1675.00  1800.00  1670.00  1760.00   -745.00   -29.74%
       7           561  7751      竑騰                 1075.00       1755.00     4.10%   1830.00  1830.00  1740.00  1760.00     1240.00  1330.00  1200.00  1245.00   -515.00   -29.26%
       8           489  6683      雍智科技               1287.00       1962.00     4.07%   1890.00  1925.00  1780.00  1800.00      998.00  1015.00   981.00  1015.00   -785.00   -43.61%
       9           497  6739      竹陞科技                826.00       1476.00     3.92%   1390.00  1405.00  1340.00  1360.00      835.00   903.00   822.00   900.00   -460.00   -33.82%
      10           684  6640      均華                  590.00       1212.00     3.75%   1500.00  1510.00  1430.00  1460.00      806.00   868.00   805.00   838.00   -622.00   -42.60%
      11           546  3163      波若威                 666.00       1198.00     3.21%   1215.00  1250.00  1150.00  1220.00      545.00   598.00   545.00   598.00   -622.00   -50.98%
      12           434  6274      台燿                 1545.00       2070.00     3.16%   1640.00  1700.00  1560.00  1580.00     1220.00  1220.00  1220.00  1220.00   -360.00   -22.78%
      13           759  4991      環宇-KY               423.00        935.00     3.09%    850.00   877.00   791.00   870.00      368.00   388.00   368.00   388.00   -482.00   -55.40%
      14           691  4971      IET-KY              318.00        727.50     2.47%    750.00   765.00   716.00   765.00      374.00   382.00   374.00   382.00   -383.00   -50.07%
      15           535  6187      萬潤                 1017.00       1423.00     2.45%   1230.00  1230.00  1140.00  1155.00      937.00  1005.00   937.00  1005.00   -150.00   -12.99%
      16           713  4749      新應材                 331.00        731.00     2.41%   1155.00  1190.00  1130.00  1140.00      720.00   788.00   719.00   765.00   -375.00   -32.89%
      17           576  7717      萊德光電-KY             322.50        709.50     2.33%    730.00   733.00   685.00   686.00      364.50   392.50   357.50   392.50   -293.50   -42.78%
      18           572  3363      上詮                  493.00        851.00     2.16%    850.00   887.00   831.00   885.00      499.00   528.00   492.00   525.00   -360.00   -40.68%
      19           655  6727      亞泰金屬                369.50        708.50     2.04%    697.00   697.00   620.00   651.00      325.00   336.50   316.00   336.50   -314.50   -48.31%
      20           925  4979      華星光                 396.50        668.50     1.64%    665.00   682.00   630.00   680.00      371.50   407.00   371.50   407.00   -273.00   -40.15%
      21           480  5289      宜鼎                 1405.00       1655.00     1.51%   1715.00  1760.00  1685.00  1690.00     1295.00  1420.00  1295.00  1385.00   -305.00   -18.05%
      22           260  3131      弘塑                 2890.00       3135.00     1.48%   3045.00  3205.00  3000.00  3115.00     2370.00  2550.00  2360.00  2420.00   -695.00   -22.31%
      23           919  3105      穩懋                  252.50        486.50     1.41%    551.00   562.00   517.00   562.00      298.50   320.50   298.50   311.00   -251.00   -44.66%
      24           795  5386      青雲                  244.50        477.50     1.40%    557.00   595.00   546.00   549.00      225.50   244.00   224.00   240.00   -309.00   -56.28%
      25           837  6584      南俊國際                463.50        683.50     1.33%    697.00   703.00   683.00   690.00      422.00   461.50   422.00   452.00   -238.00   -34.49%
      26           756  4966      譜瑞-KY               335.00        552.00     1.31%    824.00   824.00   798.00   807.00      550.00   582.00   548.00   576.00   -231.00   -28.62%
      27           964  6643      M31                 208.00        419.50     1.27%    619.00   630.00   596.00   616.00      392.50   415.50   385.00   408.50   -207.50   -33.69%
      28           690  7728      光焱科技                314.00        517.00     1.22%    770.00   775.00   736.00   762.00      567.00   580.00   548.00   575.00   -187.00   -24.54%
      29           757  8358      金居                  503.00        692.50     1.14%    546.00   546.00   517.00   533.00      299.00   327.50   298.00   327.50   -205.50   -38.56%
      30           782  6291      沛亨                  464.00        647.00     1.10%    549.00   587.00   526.00   587.00      313.00   342.50   313.00   333.50   -253.50   -43.19%
      31           954  5439      高技                   83.50        265.00     1.09%    391.00   392.00   381.00   391.00      218.00   218.50   206.00   214.00   -177.00   -45.27%
      32           846  3693      營邦                  325.50        487.00     0.97%    623.00   627.00   588.00   603.00      443.50   489.50   443.50   472.00   -131.00   -21.72%
      33           641  3581      博磊                   40.10        196.50     0.94%    299.50   299.50   267.00   280.00      100.00   108.00    97.50   108.00   -172.00   -61.43%
      34          1039  4760      勤凱                  224.50        379.00     0.93%    412.50   412.50   350.00   395.50      210.00   223.50   208.00   220.00   -175.50   -44.37%
      35           840  8155      博智                  124.00        277.50     0.93%    427.00   430.00   415.00   418.00      272.50   294.00   272.50   286.00   -132.00   -31.58%
      36           739  4768      晶呈科技                169.50        321.00     0.91%    488.00   505.00   463.00   496.50      274.00   291.00   274.00   277.50   -219.00   -44.11%
      37          1013  5475      德宏                  156.00        307.50     0.91%    288.00   306.00   280.00   305.00      116.00   122.00   116.00   122.00   -183.00   -60.00%
      38          1275  6217      中探針                 185.00        326.50     0.85%    294.50   294.50   270.50   277.00      109.50   122.00   109.50   122.00   -155.00   -55.96%
      39           698  6679      鈺太                   31.50        164.00     0.80%    348.00   352.50   334.50   343.00      204.50   212.50   201.00   206.00   -137.00   -39.94%
      40           885  3680      家登                  297.50        422.00     0.75%    603.00   610.00   583.00   589.00      399.00   427.00   398.50   419.50   -169.50   -28.78%
==========================================================================================================================================================================
✅ 共 40 筆


══════════════════════════════════════════════════════════════════════════════════════════════════════════════
  🔄 第 40/45 次  2026/05/25 ～ 2026/07/31
══════════════════════════════════════════════════════════════════════════════════════════════════════════════

==========================================================================================================================================================================
📊 累計漲跌停強度排名 (2026/05/25 ~ 2026/07/31)
==========================================================================================================================================================================
    實資排名        累計天數排名  代號        名稱                 累計漲停(元)       累計跌停(元)       強度%  (05/25)開盤      最高      最低      收盤    (07/31)開盤      最高      最低      收盤      賺賠    賺賠率
--------------------------------------------------------------------------------------------------------------------------------------------------------------------------
       1           220  6223      旺矽                 5455.00       6940.00     8.25%   6240.00  6465.00  6115.00  6200.00     5280.00  5280.00  5280.00  5280.00   -920.00   -14.84%
       2           333  3529      力旺                 1685.00       2825.00     6.33%   3700.00  3790.00  3675.00  3710.00     2515.00  2515.00  2355.00  2475.00  -1235.00   -33.29%
       3           247  6510      精測                 2240.00       3360.00     6.22%   3470.00  3575.00  3435.00  3455.00     2485.00  2495.00  2405.00  2495.00   -960.00   -27.79%
       4           277  3081      聯亞                 1990.00       3055.00     5.91%   2790.00  2980.00  2730.00  2925.00     1630.00  1630.00  1630.00  1630.00  -1295.00   -44.27%
       5           520  3491      昇達科                1041.00       2087.00     5.81%   2035.00  2120.00  1995.00  2090.00      979.00  1010.00   909.00   969.00  -1121.00   -53.64%
       6           364  8299      群聯                 1530.00       2465.00     5.19%   2450.00  2540.00  2320.00  2480.00     1640.00  1640.00  1640.00  1640.00   -840.00   -33.87%
       7           520  7751      竑騰                 1060.00       1755.00     3.86%   1925.00  1925.00  1810.00  1810.00     1200.00  1230.00  1195.00  1230.00   -580.00   -32.04%
       8           497  6739      竹陞科技                822.00       1476.00     3.63%   1310.00  1385.00  1310.00  1355.00      844.00   844.00   800.00   821.00   -534.00   -39.41%
       9           482  6683      雍智科技               1364.00       1962.00     3.32%   1730.00  1815.00  1710.00  1815.00      927.00   927.00   910.00   927.00   -888.00   -48.93%
      10           652  6640      均華                  685.00       1212.00     2.93%   1425.00  1495.00  1410.00  1470.00      810.00   829.00   800.00   823.00   -647.00   -44.01%
      11           548  3163      波若威                 677.00       1198.00     2.89%   1245.00  1255.00  1145.00  1210.00      544.00   544.00   523.00   544.00   -666.00   -55.04%
      12           768  4991      環宇-KY               414.00        935.00     2.89%    865.00   895.00   840.00   840.00      353.00   353.00   350.00   353.00   -487.00   -57.98%
      13           432  6274      台燿                 1580.00       2070.00     2.72%   1600.00  1600.00  1590.00  1600.00     1110.00  1110.00  1110.00  1110.00   -490.00   -30.63%
      14           701  4749      新應材                 288.00        746.00     2.54%   1200.00  1210.00  1150.00  1155.00      739.00   739.00   717.00   722.00   -433.00   -37.49%
      15           726  4971      IET-KY              295.50        727.50     2.40%    766.00   766.00   745.00   745.00      347.50   347.50   340.50   347.50   -397.50   -53.36%
      16           557  3363      上詮                  448.50        851.00     2.24%    887.00   890.00   842.00   846.00      480.50   480.50   473.00   480.50   -365.50   -43.20%
      17           582  7717      萊德光電-KY             316.00        709.50     2.19%    722.00   757.00   711.00   726.00      352.00   367.00   351.00   357.00   -369.00   -50.83%
      18           472  5289      宜鼎                 1315.00       1695.00     2.11%   1700.00  1730.00  1615.00  1685.00     1295.00  1295.00  1295.00  1295.00   -390.00   -23.15%
      19           549  6187      萬潤                 1087.00       1423.00     1.87%   1165.00  1225.00  1145.00  1210.00      929.00   929.00   922.00   929.00   -281.00   -23.22%
      20           648  6727      亞泰金屬                399.00        708.50     1.72%    660.00   660.00   660.00   660.00      306.00   306.00   306.00   306.00   -354.00   -53.64%
      21           937  4979      華星光                 384.50        668.50     1.58%    647.00   658.00   635.00   655.00      380.50   380.50   360.00   370.00   -285.00   -43.51%
      22           811  6584      南俊國際                437.00        683.50     1.37%    694.00   701.00   684.00   687.00      448.00   448.00   420.00   425.50   -261.50   -38.06%
      23           938  3105      穩懋                  248.00        486.50     1.32%    551.00   565.00   538.00   543.00      294.00   294.50   280.00   294.50   -248.50   -45.76%
      24           927  6643      M31                 192.00        419.50     1.26%    609.00   622.00   605.00   606.00      385.00   403.00   383.00   392.50   -213.50   -35.23%
      25           745  4966      譜瑞-KY               344.00        552.00     1.16%    794.00   820.00   784.00   818.00      573.00   580.00   550.00   562.00   -256.00   -31.30%
      26           766  5386      青雲                  281.00        477.50     1.09%    504.00   546.00   481.00   546.00      224.50   227.50   219.00   227.50   -318.50   -58.33%
      27           912  5439      高技                   69.00        265.00     1.09%    396.00   401.50   380.00   385.00      203.00   203.50   197.00   199.50   -185.50   -48.18%
      28           769  8358      金居                  496.50        692.50     1.09%    558.00   558.00   541.00   545.00      298.00   298.00   295.00   298.00   -247.00   -45.32%
      29           255  3131      弘塑                 2940.00       3135.00     1.08%   2910.00  2985.00  2875.00  2920.00     2370.00  2370.00  2265.00  2370.00   -550.00   -18.84%
      30           715  6291      沛亨                  454.50        647.00     1.07%    553.00   568.00   529.00   534.00      327.50   327.50   318.50   324.00   -210.00   -39.33%
      31           688  7728      光焱科技                327.00        517.00     1.06%    735.00   770.00   718.00   764.00      550.00   550.00   521.00   544.00   -220.00   -28.80%
      32           966  5475      德宏                  145.00        317.00     0.96%    297.00   300.50   285.50   287.50      111.00   111.00   110.50   111.00   -176.50   -61.39%
      33           793  8155      博智                  110.50        277.50     0.93%    425.00   432.50   414.00   421.00      272.00   272.50   269.00   272.50   -148.50   -35.27%
      34           842  3693      營邦                  332.50        487.00     0.86%    647.00   647.00   620.00   621.00      435.50   447.00   435.50   447.00   -174.00   -28.02%
      35           739  4768      晶呈科技                169.50        321.00     0.84%    464.00   477.00   453.50   462.00      277.50   281.50   274.00   280.00   -182.00   -39.39%
      36           607  3581      博磊                   55.00        196.50     0.79%    272.50   272.50   272.50   272.50       99.00    99.30    94.30    98.40   -174.10   -63.89%
      37          1270  6217      中探針                 187.50        326.50     0.77%    289.00   298.50   285.00   285.50      111.50   111.50    93.60   111.00   -174.50   -61.12%
      38           956  3455      由田                  109.50        237.50     0.71%    293.50   294.00   268.00   275.50      164.50   165.50   160.00   162.50   -113.00   -41.02%
      39           766  6679      鈺太                   41.50        164.00     0.68%    338.50   350.00   337.00   345.50      206.50   209.00   200.50   205.00   -140.50   -40.67%
      40          1061  4760      勤凱                  258.50        379.00     0.67%    370.00   375.00   367.00   375.00      214.00   216.00   211.00   213.00   -162.00   -43.20%
==========================================================================================================================================================================
✅ 共 40 筆


══════════════════════════════════════════════════════════════════════════════════════════════════════════════
  🔄 第 41/45 次  2026/05/22 ～ 2026/07/30
══════════════════════════════════════════════════════════════════════════════════════════════════════════════

==========================================================================================================================================================================
📊 累計漲跌停強度排名 (2026/05/22 ~ 2026/07/30)
==========================================================================================================================================================================
    實資排名        累計天數排名  代號        名稱                 累計漲停(元)       累計跌停(元)       強度%  (05/22)開盤      最高      最低      收盤    (07/30)開盤      最高      最低      收盤      賺賠    賺賠率
--------------------------------------------------------------------------------------------------------------------------------------------------------------------------
       1           220  6223      旺矽                 5360.00       6940.00     8.09%   5880.00  6035.00  5765.00  6035.00     4660.00  5070.00  4650.00  4800.00  -1235.00   -20.46%
       2           257  6510      精測                 2070.00       3360.00     6.60%   3410.00  3510.00  3300.00  3405.00     2355.00  2420.00  2245.00  2270.00  -1135.00   -33.33%
       3           340  3529      力旺                 1570.00       2825.00     6.42%   3700.00  3765.00  3600.00  3625.00     2080.00  2290.00  2045.00  2290.00  -1335.00   -36.83%
       4           274  3081      聯亞                 2000.00       3055.00     5.40%   2715.00  2790.00  2670.00  2710.00     1495.00  1625.00  1450.00  1485.00  -1225.00   -45.20%
       5           509  3491      昇達科                1075.00       2087.00     5.18%   1850.00  1980.00  1825.00  1930.00      990.00  1005.00   923.00   923.00  -1007.00   -52.18%
       6           365  8299      群聯                 1480.00       2465.00     5.04%   2425.00  2480.00  2400.00  2430.00     1485.00  1640.00  1445.00  1495.00   -935.00   -38.48%
       7           470  6683      雍智科技               1280.00       1997.00     3.67%   1690.00  1760.00  1580.00  1650.00      843.00   900.00   843.00   843.00   -807.00   -48.91%
       8           504  6739      竹陞科技                799.00       1476.00     3.47%   1270.00  1285.00  1230.00  1280.00      774.00   898.00   764.00   768.00   -512.00   -40.00%
       9           512  7751      竑騰                 1115.00       1755.00     3.28%   1760.00  1815.00  1730.00  1815.00     1045.00  1175.00  1000.00  1120.00   -695.00   -38.29%
      10           639  6640      均華                  618.00       1227.00     3.12%   1415.00  1430.00  1355.00  1360.00      757.00   807.00   737.00   756.00   -604.00   -44.41%
      11           510  5289      宜鼎                 1215.00       1695.00     2.46%   1755.00  1810.00  1725.00  1725.00     1130.00  1270.00  1095.00  1180.00   -545.00   -31.59%
      12           755  4991      環宇-KY               456.00        935.00     2.45%    766.00   814.00   750.00   814.00      321.00   352.50   321.00   321.00   -493.00   -60.57%
      13           536  3163      波若威                 728.00       1198.00     2.41%   1135.00  1145.00  1080.00  1145.00      525.00   571.00   486.00   495.00   -650.00   -56.77%
      14           425  6274      台燿                 1610.00       2070.00     2.35%   1455.00  1455.00  1445.00  1455.00      996.00  1120.00   938.00  1010.00   -445.00   -30.58%
      15           747  4971      IET-KY              279.00        727.50     2.30%    758.00   758.00   725.00   733.00      316.00   358.00   316.00   316.00   -417.00   -56.89%
      16           693  4749      新應材                 318.00        746.00     2.19%   1125.00  1195.00  1125.00  1170.00      652.00   693.00   652.00   672.00   -498.00   -42.56%
      17           558  3363      上詮                  439.00        851.00     2.11%    841.00   865.00   835.00   852.00      460.00   491.00   437.00   437.00   -415.00   -48.71%
      18           606  7717      萊德光電-KY             303.00        709.50     2.08%    698.00   712.00   692.00   697.00      340.50   370.50   327.50   334.00   -363.00   -52.08%
      19           397  7734      印能科技               2845.00       3220.00     1.92%   3595.00  3735.00  3370.00  3385.00     2990.00  3360.00  2990.00  3065.00   -320.00    -9.45%
      20           553  6187      萬潤                 1053.00       1423.00     1.89%   1120.00  1170.00  1115.00  1140.00      880.00   910.00   826.00   845.00   -295.00   -25.88%
      21           256  3131      弘塑                 2845.00       3135.00     1.48%   2750.00  2910.00  2735.00  2820.00     2095.00  2230.00  2055.00  2155.00   -665.00   -23.58%
      22           632  6727      亞泰金屬                425.50        708.50     1.45%    600.00   600.00   581.00   600.00      278.50   300.00   278.50   278.50   -321.50   -53.58%
      23           916  4979      華星光                 398.00        668.50     1.38%    625.00   630.00   620.00   630.00      347.00   377.50   346.50   346.50   -283.50   -45.00%
      24           757  6584      南俊國際                419.00        683.50     1.35%    700.00   700.00   676.00   681.00      400.50   444.00   400.00   407.50   -273.50   -40.16%
      25           942  6643      M31                 179.50        419.50     1.23%    598.00   605.00   591.00   601.00      369.00   385.50   362.00   367.00   -234.00   -38.94%
      26           718  4966      譜瑞-KY               314.00        552.00     1.22%    808.00   808.00   780.00   795.00      554.00   571.00   524.00   532.00   -263.00   -33.08%
      27           665  7728      光焱科技                284.00        517.00     1.19%    719.00   737.00   715.00   720.00      478.00   518.00   478.00   501.00   -219.00   -30.42%
      28           921  3105      穩懋                  269.50        486.50     1.11%    506.00   531.00   499.50   531.00      276.50   301.00   262.00   268.00   -263.00   -49.53%
      29           901  5439      高技                   66.00        265.00     1.02%    380.50   394.00   379.00   387.50      192.50   203.00   183.50   185.50   -202.00   -52.13%
      30           768  8358      金居                  493.50        692.50     1.02%    506.00   528.00   505.00   522.00      281.00   299.50   271.00   271.00   -251.00   -48.08%
      31           753  8155      博智                   86.00        277.50     0.98%    417.00   426.00   404.00   413.50      257.50   273.00   244.50   248.00   -165.50   -40.02%
      32           745  5386      青雲                  289.50        477.50     0.96%    472.00   513.00   471.00   497.00      206.00   225.50   201.50   207.00   -290.00   -58.35%
      33           719  3324      雙鴻                  621.00        809.00     0.96%   1035.00  1040.00  1005.00  1010.00      834.00   872.00   810.00   820.00   -190.00   -18.81%
      34           693  4768      晶呈科技                148.50        321.00     0.88%    475.50   490.00   448.00   455.00      265.50   277.50   252.00   259.00   -196.00   -43.08%
      35           937  5475      德宏                  145.00        317.00     0.88%    296.50   315.50   295.00   297.00      105.00   113.50   100.00   101.00   -196.00   -65.99%
      36           696  6291      沛亨                  477.50        647.00     0.87%    520.00   541.00   513.00   541.00      313.50   321.50   295.00   298.00   -243.00   -44.92%
      37           881  3455      由田                   97.50        254.50     0.80%    306.00   306.50   291.50   293.00      145.00   161.00   145.00   150.50   -142.50   -48.63%
      38           834  3693      營邦                  345.00        487.00     0.73%    589.00   589.00   589.00   589.00      426.00   438.00   404.00   406.50   -182.50   -30.98%
      39           808  3675      德微                  383.50        516.50     0.68%    316.50   321.00   305.00   319.50      199.50   218.00   197.00   197.00   -122.50   -38.34%
      40           843  6290      良維                  112.00        236.50     0.64%    277.00   281.50   273.50   278.00      197.00   205.00   186.50   189.50    -88.50   -31.83%
==========================================================================================================================================================================
✅ 共 40 筆


══════════════════════════════════════════════════════════════════════════════════════════════════════════════
  🔄 第 42/45 次  2026/05/21 ～ 2026/07/29
══════════════════════════════════════════════════════════════════════════════════════════════════════════════

==========================================================================================================================================================================
📊 累計漲跌停強度排名 (2026/05/21 ~ 2026/07/29)
==========================================================================================================================================================================
    實資排名        累計天數排名  代號        名稱                 累計漲停(元)       累計跌停(元)       強度%  (05/21)開盤      最高      最低      收盤    (07/29)開盤      最高      最低      收盤      賺賠    賺賠率
--------------------------------------------------------------------------------------------------------------------------------------------------------------------------
       1           217  6223      旺矽                 5350.00       6970.00    10.62%   6160.00  6160.00  5530.00  5650.00     5070.00  5280.00  4650.00  4790.00   -860.00   -15.22%
       2           340  3529      力旺                 1535.00       2825.00     8.45%   3525.00  3660.00  3485.00  3555.00     2245.00  2275.00  1995.00  2085.00  -1470.00   -41.35%
       3           256  6510      精測                 2070.00       3295.00     8.03%   3425.00  3495.00  3350.00  3350.00     2475.00  2500.00  2235.00  2370.00   -980.00   -29.25%
       4           270  3081      聯亞                 2000.00       3025.00     6.72%   2655.00  2660.00  2540.00  2555.00     1720.00  1740.00  1540.00  1540.00  -1015.00   -39.73%
       5           346  8299      群聯                 1550.00       2445.00     5.87%   2380.00  2425.00  2305.00  2335.00     1620.00  1620.00  1485.00  1515.00   -820.00   -35.12%
       6           517  3491      昇達科                1170.00       1985.00     5.34%   1820.00  1865.00  1790.00  1850.00     1100.00  1130.00   996.00  1025.00   -825.00   -44.59%
       7           467  6683      雍智科技               1280.00       1999.00     4.71%   1880.00  1940.00  1620.00  1685.00     1040.00  1040.00   936.00   936.00   -749.00   -44.45%
       8           563  6739      竹陞科技                809.00       1397.00     3.85%   1310.00  1350.00  1250.00  1250.00      940.00   942.00   847.00   847.00   -403.00   -32.24%
       9           512  7751      竑騰                 1215.00       1755.00     3.54%   1630.00  1650.00  1600.00  1650.00     1155.00  1165.00  1070.00  1070.00   -580.00   -35.15%
      10           529  5289      宜鼎                 1230.00       1695.00     3.05%   1760.00  1770.00  1695.00  1710.00     1190.00  1200.00  1090.00  1160.00   -550.00   -32.16%
      11           627  6640      均華                  743.00       1193.00     2.95%   1290.00  1375.00  1290.00  1375.00      872.00   877.00   784.00   790.00   -585.00   -42.55%
      12           760  4991      環宇-KY               496.00        899.50     2.64%    723.00   750.00   720.00   740.00      392.50   401.00   356.50   356.50   -383.50   -51.82%
      13           772  4971      IET-KY              297.00        692.50     2.59%    691.00   719.00   691.00   718.00      397.00   399.00   351.00   351.00   -367.00   -51.11%
      14           638  7717      萊德光電-KY             316.00        680.50     2.39%    696.00   700.00   675.00   687.00      426.00   426.00   360.50   363.00   -324.00   -47.16%
      15           528  3163      波若威                 821.00       1168.00     2.27%    995.00  1045.00   974.00  1045.00      580.00   597.00   525.00   525.00   -520.00   -49.76%
      16           701  4749      新應材                 414.00        746.00     2.18%   1055.00  1090.00  1055.00  1090.00      726.00   730.00   647.00   664.00   -426.00   -39.08%
      17           374  6274      台燿                 1730.00       2060.00     2.16%   1325.00  1325.00  1325.00  1325.00     1125.00  1155.00  1020.00  1020.00   -305.00   -23.02%
      18           543  6187      萬潤                 1053.00       1378.00     2.13%   1105.00  1140.00  1085.00  1090.00      978.00  1005.00   866.00   890.00   -200.00   -18.35%
      19           565  3363      上詮                  480.00        802.50     2.11%    812.00   825.00   798.00   818.00      536.00   544.00   485.50   485.50   -332.50   -40.65%
      20           378  7734      印能科技               2955.00       3195.00     1.57%   3565.00  3660.00  3430.00  3455.00     3205.00  3205.00  2840.00  3090.00   -365.00   -10.56%
      21           923  6643      M31                 204.50        408.50     1.34%    585.00   603.00   583.00   588.00      423.50   426.00   374.50   378.00   -210.00   -35.71%
      22           630  6727      亞泰金屬                475.00        678.00     1.33%    516.00   546.00   511.00   546.00      313.00   313.00   309.00   309.00   -237.00   -43.41%
      23           931  4979      華星光                 429.00        630.50     1.32%    579.00   596.00   574.00   593.00      427.50   433.00   384.50   384.50   -208.50   -35.16%
      24           747  6584      南俊國際                471.00        657.00     1.22%    644.00   688.00   640.00   680.00      457.00   473.00   434.00   434.00   -246.00   -36.18%
      25           679  7728      光焱科技                307.00        487.00     1.18%    712.00   720.00   705.00   718.00      590.00   590.00   531.00   531.00   -187.00   -26.04%
      26           903  5439      高技                   78.00        255.00     1.16%    374.00   383.00   373.00   376.50      212.00   214.00   191.00   195.50   -181.00   -48.07%
      27           722  4966      譜瑞-KY               346.00        523.00     1.16%    785.00   820.00   760.00   789.00      590.00   602.00   549.00   561.00   -228.00   -28.90%
      28           937  5475      德宏                  145.00        317.00     1.13%    283.00   297.50   280.50   287.00      113.00   117.00   108.00   109.00   -178.00   -62.02%
      29           729  8155      博智                  107.00        267.50     1.05%    403.00   416.00   402.00   413.00      280.00   282.00   249.50   258.00   -155.00   -37.53%
      30           916  3105      穩懋                  306.00        463.50     1.03%    459.50   489.00   456.50   483.00      326.50   333.00   291.00   291.00   -192.00   -39.75%
      31           764  5386      青雲                  328.00        477.50     0.98%    447.00   470.00   447.00   468.00      227.00   227.50   201.50   214.00   -254.00   -54.27%
      32           808  3675      德微                  383.50        516.50     0.87%    324.00   332.00   311.00   316.50      220.00   220.00   194.50   202.50   -114.00   -36.02%
      33           910  3455      由田                  123.50        254.50     0.86%    293.00   310.00   290.00   310.00      171.00   173.00   152.00   152.00   -158.00   -50.97%
      34           769  8358      金居                  531.50        662.50     0.86%    485.00   498.00   480.00   498.00      326.00   326.00   301.00   301.00   -197.00   -39.56%
      35           691  6291      沛亨                  506.50        630.00     0.81%    472.00   498.00   472.00   492.00      325.00   336.50   302.50   315.00   -177.00   -35.98%
      36           663  4768      晶呈科技                189.00        309.50     0.79%    446.00   446.00   446.00   446.00      304.00   304.00   267.50   270.50   -175.50   -39.35%
      37          1151  6217      中探針                 202.50        315.50     0.74%    232.50   249.50   216.00   247.50      112.50   112.50   112.50   112.50   -135.00   -54.55%
      38           800  6679      鈺太                   62.50        164.00     0.67%    324.00   337.00   321.50   335.00      209.00   210.00   188.50   195.50   -139.50   -41.64%
      39           863  6290      良維                  122.50        223.50     0.66%    268.00   276.00   267.00   272.50      215.00   217.00   193.50   202.50    -70.00   -25.69%
      40           678  3581      博磊                   98.00        196.50     0.65%    214.00   225.50   214.00   225.50      102.50   103.00    90.90    93.20   -132.30   -58.67%
==========================================================================================================================================================================
✅ 共 40 筆


══════════════════════════════════════════════════════════════════════════════════════════════════════════════
  🔄 第 43/45 次  2026/05/20 ～ 2026/07/28
══════════════════════════════════════════════════════════════════════════════════════════════════════════════

==========================================================================================================================================================================
📊 累計漲跌停強度排名 (2026/05/20 ~ 2026/07/28)
==========================================================================================================================================================================
    實資排名        累計天數排名  代號        名稱                 累計漲停(元)       累計跌停(元)       強度%  (05/20)開盤      最高      最低      收盤    (07/28)開盤      最高      最低      收盤      賺賠    賺賠率
--------------------------------------------------------------------------------------------------------------------------------------------------------------------------
       1           222  6223      旺矽                 5350.00       6645.00    10.64%   5800.00  6015.00  5680.00  5680.00     5295.00  5540.00  5165.00  5165.00   -515.00    -9.07%
       2           251  6510      精測                 2070.00       3260.00     9.78%   3430.00  3515.00  3335.00  3385.00     2510.00  2660.00  2480.00  2480.00   -905.00   -26.74%
       3           337  3529      力旺                 1610.00       2710.00     9.04%   3380.00  3525.00  3335.00  3385.00     2355.00  2355.00  2200.00  2200.00  -1185.00   -35.01%
       4           343  8299      群聯                 1550.00       2510.00     7.89%   2450.00  2480.00  2250.00  2265.00     1680.00  1685.00  1640.00  1650.00   -615.00   -27.15%
       5           269  3081      聯亞                 2090.00       2855.00     6.29%   2460.00  2670.00  2460.00  2580.00     1690.00  1840.00  1645.00  1710.00   -870.00   -33.72%
       6           535  3491      昇達科                1170.00       1930.00     6.25%   1785.00  1880.00  1730.00  1755.00     1115.00  1150.00  1075.00  1090.00   -665.00   -37.89%
       7           508  7751      竑騰                 1215.00       1750.00     4.40%   1615.00  1615.00  1450.00  1500.00     1210.00  1240.00  1155.00  1185.00   -315.00   -21.00%
       8           511  5289      宜鼎                 1230.00       1710.00     3.94%   1745.00  1745.00  1625.00  1675.00     1230.00  1240.00  1200.00  1200.00   -475.00   -28.36%
       9           563  6739      竹陞科技                834.00       1303.00     3.85%   1210.00  1295.00  1205.00  1240.00      999.00  1015.00   941.00   941.00   -299.00   -24.11%
      10           458  6683      雍智科技               1440.00       1895.00     3.74%   1695.00  1780.00  1695.00  1780.00     1050.00  1055.00  1040.00  1040.00   -740.00   -41.57%
      11           621  6640      均華                  743.00       1152.00     3.36%   1325.00  1345.00  1245.00  1250.00      909.00   909.00   865.00   871.00   -379.00   -30.32%
      12           743  4991      環宇-KY               529.00        860.00     2.72%    688.00   700.00   679.00   700.00      400.00   430.50   392.50   396.00   -304.00   -43.43%
      13           611  7717      萊德光電-KY             316.00        643.00     2.69%    708.00   729.00   670.00   674.00      419.00   425.00   400.50   400.50   -273.50   -40.58%
      14           751  4971      IET-KY              352.00        653.50     2.48%    634.00   700.00   634.00   700.00      411.50   425.50   390.00   390.00   -310.00   -44.29%
      15           538  6187      萬潤                 1053.00       1336.00     2.33%   1100.00  1125.00  1070.00  1085.00      990.00  1040.00   958.00   962.00   -123.00   -11.34%
      16           682  4749      新應材                 414.00        692.00     2.28%    989.00  1035.00   981.00   994.00      762.00   762.00   716.00   718.00   -276.00   -27.77%
      17           545  3363      上詮                  480.00        749.00     2.21%    768.00   812.00   768.00   777.00      566.00   584.00   539.00   539.00   -238.00   -30.63%
      18           386  6274      台燿                 1730.00       1970.00     1.97%   1260.00  1300.00  1190.00  1205.00     1180.00  1245.00  1130.00  1130.00    -75.00    -6.22%
      19           515  3163      波若威                 873.00       1110.00     1.95%    904.00   990.00   904.00   952.00      615.00   660.00   580.00   583.00   -369.00   -38.76%
      20           345  7734      印能科技               2965.00       3180.00     1.77%   3320.00  3365.00  3075.00  3345.00     3200.00  3295.00  3105.00  3105.00   -240.00    -7.17%
      21           621  6727      亞泰金屬                475.00        665.50     1.57%    531.00   538.00   468.00   496.50      358.00   358.00   343.00   343.00   -153.50   -30.92%
      22           875  5475      德宏                  145.00        320.50     1.44%    295.00   302.50   273.50   278.00      126.50   126.50   119.50   119.50   -158.50   -57.01%
      23           873  5439      高技                   78.00        253.00     1.44%    379.00   379.00   353.50   364.50      224.00   224.00   212.00   212.00   -152.50   -41.84%
      24           737  6584      南俊國際                471.00        638.00     1.37%    652.00   660.00   628.00   628.00      495.00   500.00   481.00   482.00   -146.00   -23.25%
      25           897  6643      M31                 204.50        370.50     1.36%    561.00   587.00   549.00   563.00      425.50   465.00   415.50   416.00   -147.00   -26.11%
      26           686  8155      博智                  107.00        248.50     1.16%    393.00   401.50   387.50   392.00      291.00   293.00   277.00   277.00   -115.00   -29.34%
      27           919  3105      穩懋                  306.00        441.50     1.11%    459.50   478.00   442.50   446.50      336.00   349.50   322.50   323.00   -123.50   -27.66%
      28           683  4966      譜瑞-KY               375.00        506.00     1.08%    741.00   760.00   703.00   757.00      601.00   601.00   576.00   578.00   -179.00   -23.65%
      29           697  5386      青雲                  337.50        468.00     1.07%    434.50   434.50   413.00   429.50      237.00   238.50   223.50   223.50   -206.00   -47.96%
      30          1090  6217      中探針                 202.50        330.00     1.05%    239.00   239.00   239.00   239.00      124.50   124.50   124.50   124.50   -114.50   -47.91%
      31           662  7728      光焱科技                307.00        428.00     0.99%    695.00   708.00   689.00   695.00      608.00   608.00   572.00   590.00   -105.00   -15.11%
      32           915  4979      華星光                 468.00        588.00     0.99%    523.00   562.00   523.00   562.00      423.00   454.50   422.50   427.00   -135.00   -24.02%
      33           650  4768      晶呈科技                189.00        299.50     0.91%    423.50   423.50   404.50   405.50      300.00   304.50   292.00   297.00   -108.50   -26.76%
      34           629  8027      鈦昇                  128.00        235.00     0.88%    260.00   276.50   239.50   240.00      177.00   192.00   174.50   174.50    -65.50   -27.29%
      35           881  3455      由田                  134.00        238.00     0.85%    274.00   285.50   274.00   284.00      176.00   178.00   168.50   168.50   -115.50   -40.67%
      36           675  3324      雙鴻                  682.00        786.00     0.85%    970.00   972.00   936.00   939.00      878.00   893.00   867.00   870.00    -69.00    -7.35%
      37           654  6291      沛亨                  506.50        609.00     0.84%    472.00   480.00   460.00   463.00      353.50   357.00   334.50   336.00   -127.00   -27.43%
      38           788  3693      營邦                  377.00        476.50     0.82%    532.00   538.00   500.00   504.00      481.00   481.00   445.50   446.00    -58.00   -11.51%
      39           678  3581      博磊                   98.00        196.50     0.81%    214.00   214.00   205.00   205.00      102.50   106.00   101.00   101.00   -104.00   -50.73%
      40           753  3675      德微                  411.50        503.00     0.75%    290.50   311.50   285.50   311.50      227.00   227.00   216.00   216.00    -95.50   -30.66%
==========================================================================================================================================================================
✅ 共 40 筆


══════════════════════════════════════════════════════════════════════════════════════════════════════════════
  🔄 第 44/45 次  2026/05/19 ～ 2026/07/27
══════════════════════════════════════════════════════════════════════════════════════════════════════════════

==========================================================================================================================================================================
📊 累計漲跌停強度排名 (2026/05/19 ~ 2026/07/27)
==========================================================================================================================================================================
    實資排名        累計天數排名  代號        名稱                 累計漲停(元)       累計跌停(元)       強度%  (05/19)開盤      最高      最低      收盤    (07/27)開盤      最高      最低      收盤      賺賠    賺賠率
--------------------------------------------------------------------------------------------------------------------------------------------------------------------------
       1           249  6510      精測                 2070.00       3340.00    13.43%   3720.00  3720.00  3440.00  3460.00     2635.00  2665.00  2535.00  2660.00   -800.00   -23.12%
       2           221  6223      旺矽                 5350.00       6495.00    12.11%   6250.00  6275.00  5695.00  5730.00     5760.00  5815.00  5475.00  5720.00    -10.00    -0.17%
       3           339  8299      群聯                 1550.00       2610.00    11.21%   2605.00  2615.00  2465.00  2465.00     1805.00  1820.00  1730.00  1820.00   -645.00   -26.17%
       4           342  3529      力旺                 1610.00       2620.00    10.68%   3330.00  3380.00  3210.00  3310.00     2500.00  2550.00  2395.00  2430.00   -880.00   -26.59%
       5           261  3081      聯亞                 2090.00       2980.00     9.41%   2650.00  2705.00  2480.00  2490.00     1825.00  1895.00  1740.00  1805.00   -685.00   -27.51%
       6           528  3491      昇達科                1170.00       1955.00     8.30%   1865.00  1930.00  1730.00  1765.00     1205.00  1220.00  1115.00  1155.00   -610.00   -34.56%
       7           499  7751      竑騰                 1215.00       1855.00     6.77%   1795.00  1825.00  1610.00  1610.00     1195.00  1255.00  1145.00  1255.00   -355.00   -22.05%
       8           455  6683      雍智科技               1440.00       1960.00     5.50%   1770.00  1770.00  1620.00  1620.00     1195.00  1195.00  1080.00  1155.00   -465.00   -28.70%
       9           513  5289      宜鼎                 1230.00       1715.00     5.13%   1820.00  1825.00  1680.00  1730.00     1355.00  1355.00  1270.00  1330.00   -400.00   -23.12%
      10           567  6739      竹陞科技                834.00       1239.00     4.28%   1275.00  1285.00  1210.00  1215.00     1055.00  1080.00  1025.00  1045.00   -170.00   -13.99%
      11           645  6640      均華                  743.00       1096.00     3.73%   1315.00  1325.00  1270.00  1290.00      905.00   945.00   882.00   942.00   -348.00   -26.98%
      12           741  4971      IET-KY              352.00        681.50     3.49%    706.00   706.00   645.00   645.00      402.50   440.00   388.50   433.00   -212.00   -32.87%
      13           735  4991      環宇-KY               529.00        853.50     3.43%    675.00   695.00   650.00   667.00      411.00   447.50   404.00   433.50   -233.50   -35.01%
      14           588  7717      萊德光電-KY             333.00        605.00     2.88%    712.00   725.00   668.00   683.00      434.50   446.00   420.00   438.50   -244.50   -35.80%
      15           344  7734      印能科技               2965.00       3225.00     2.75%   3860.00  3905.00  3335.00  3335.00     3460.00  3500.00  3140.00  3430.00    +95.00    +2.85%
      16           691  4749      新應材                 414.00        657.00     2.57%   1020.00  1055.00   980.00   985.00      779.00   789.00   762.00   773.00   -212.00   -21.52%
      17           546  3363      上詮                  480.00        719.00     2.53%    803.00   822.00   763.00   775.00      574.00   598.00   566.00   598.00   -177.00   -22.84%
      18           515  3163      波若威                 873.00       1110.00     2.51%    897.00   930.00   897.00   900.00      708.00   766.00   695.00   743.00   -157.00   -17.44%
      19           554  6187      萬潤                 1053.00       1283.00     2.43%   1130.00  1130.00  1060.00  1115.00      975.00  1035.00   957.00  1035.00    -80.00    -7.17%
      20           860  6643      M31                 204.50        401.00     2.08%    608.00   609.00   559.00   562.00      418.00   439.00   412.00   435.50   -126.50   -22.51%
      21           792  5475      德宏                  145.00        308.00     1.72%    292.00   305.00   285.00   292.00      125.50   133.50   125.00   132.00   -160.00   -54.79%
      22           824  5439      高技                   78.00        231.00     1.62%    385.00   389.50   374.50   379.00      235.50   236.00   223.00   234.00   -145.00   -38.26%
      23           595  6727      亞泰金屬                475.00        627.50     1.61%    519.00   559.00   505.00   518.00      372.50   382.50   370.50   381.00   -137.00   -26.45%
      24           394  6274      台燿                 1730.00       1880.00     1.59%   1250.00  1305.00  1210.00  1225.00     1290.00  1305.00  1205.00  1255.00    +30.00    +2.45%
      25          1036  6217      中探針                 202.50        345.50     1.51%    288.00   288.00   265.50   265.50      138.00   138.00   138.00   138.00   -127.50   -48.02%
      26           680  5386      青雲                  337.50        468.50     1.39%    436.00   445.00   419.00   420.00      256.50   256.50   242.00   248.00   -172.00   -40.95%
      27           891  4979      華星光                 468.00        594.50     1.34%    541.00   550.00   523.00   523.00      434.00   467.50   421.50   448.50    -74.50   -14.24%
      28           692  8155      博智                  107.00        232.50     1.33%    404.50   414.50   395.00   399.50      308.00   310.50   300.00   304.50    -95.00   -23.78%
      29           676  4966      譜瑞-KY               375.00        498.00     1.30%    748.00   767.00   722.00   728.00      613.00   619.00   593.00   615.00   -113.00   -15.52%
      30           708  6584      南俊國際                492.00        601.00     1.15%    665.00   665.00   646.00   657.00      535.00   535.00   500.00   519.00   -138.00   -21.00%
      31           882  3105      穩懋                  306.00        409.50     1.09%    450.50   473.00   446.50   456.50      313.50   368.00   307.50   355.00   -101.50   -22.23%
      32           826  7744      崴寶                  136.50        236.00     1.05%    543.00   545.00   512.00   517.00      418.00   418.00   401.00   408.50   -108.50   -20.99%
      33           614  7728      光焱科技                307.00        404.00     1.03%    698.00   724.00   688.00   694.00      609.00   614.00   592.00   614.00    -80.00   -11.53%
      34           583  4768      晶呈科技                189.00        284.00     1.00%    425.50   441.00   411.00   422.00      328.50   333.00   301.00   312.50   -109.50   -25.95%
      35           650  6291      沛亨                  506.50        596.00     0.95%    482.00   487.00   466.50   472.00      369.50   373.00   353.50   371.00   -101.00   -21.40%
      36           572  8027      鈦昇                  128.00        216.00     0.93%    271.50   290.00   257.00   266.00      198.00   198.00   185.50   193.50    -72.50   -27.26%
      37           585  3581      博磊                   98.00        185.50     0.93%    224.50   230.00   205.00   214.00      114.00   114.00   107.00   112.00   -102.00   -47.66%
      38           817  3455      由田                  134.00        221.00     0.92%    271.00   276.50   271.00   273.50      190.50   190.50   180.00   185.50    -88.00   -32.18%
      39           792  8227      巨有科技                 90.50        168.50     0.83%    211.00   211.00   195.00   195.00      146.00   152.00   145.50   150.50    -44.50   -22.82%
      40           648  6679      鈺太                   62.50        138.50     0.80%    306.50   314.50   305.00   306.50      222.50   224.00   216.50   221.00    -85.50   -27.90%
==========================================================================================================================================================================
✅ 共 40 筆


══════════════════════════════════════════════════════════════════════════════════════════════════════════════
  🔄 第 45/45 次  2026/05/18 ～ 2026/07/24
══════════════════════════════════════════════════════════════════════════════════════════════════════════════

==========================================================================================================================================================================
📊 累計漲跌停強度排名 (2026/05/18 ~ 2026/07/24)
==========================================================================================================================================================================
    實資排名        累計天數排名  代號        名稱                 累計漲停(元)       累計跌停(元)       強度%  (05/18)開盤      最高      最低      收盤    (07/24)開盤      最高      最低      收盤      賺賠    賺賠率
--------------------------------------------------------------------------------------------------------------------------------------------------------------------------
       1           266  6510      精測                 2000.00       3355.00    13.23%   3630.00  3815.00  3600.00  3720.00     2700.00  2760.00  2570.00  2590.00  -1130.00   -30.38%
       2           341  3529      力旺                 1610.00       2960.00    13.18%   3580.00  3650.00  3450.00  3450.00     2475.00  2520.00  2405.00  2470.00   -980.00   -28.41%
       3           344  8299      群聯                 1635.00       2610.00     9.52%   2585.00  2755.00  2570.00  2735.00     1900.00  1970.00  1820.00  1825.00   -910.00   -33.27%
       4           206  6223      旺矽                 5575.00       6495.00     8.98%   6000.00  6245.00  5895.00  6135.00     6085.00  6290.00  5650.00  5705.00   -430.00    -7.01%
       5           266  3081      聯亞                 2100.00       2980.00     8.59%   2550.00  2710.00  2500.00  2710.00     1810.00  2010.00  1745.00  1760.00   -950.00   -35.06%
       6           501  7751      竑騰                 1265.00       1855.00     5.76%   1570.00  1785.00  1555.00  1785.00     1185.00  1200.00  1145.00  1145.00   -640.00   -35.85%
       7           525  3491      昇達科                1335.00       1920.00     5.71%   1695.00  1855.00  1650.00  1855.00     1295.00  1295.00  1190.00  1190.00   -665.00   -35.85%
       8           642  6640      均華                  718.00       1161.00     4.33%   1335.00  1345.00  1285.00  1305.00      953.00   998.00   917.00   917.00   -388.00   -29.73%
       9           454  6683      雍智科技               1505.00       1925.00     4.10%   1610.00  1800.00  1565.00  1800.00     1165.00  1190.00  1125.00  1190.00   -610.00   -33.89%
      10           571  6739      竹陞科技                834.00       1239.00     3.95%   1260.00  1275.00  1225.00  1255.00     1170.00  1185.00  1075.00  1075.00   -180.00   -14.34%
      11           513  5289      宜鼎                 1335.00       1675.00     3.32%   1785.00  1890.00  1750.00  1865.00     1365.00  1455.00  1340.00  1370.00   -495.00   -26.54%
      12           515  3163      波若威                 835.00       1160.00     3.17%    902.00   931.00   865.00   900.00      745.00   817.00   699.00   705.00   -195.00   -21.67%
      13           763  4971      IET-KY              363.00        681.50     3.11%    688.00   737.00   676.00   716.00      410.50   444.50   400.00   402.00   -314.00   -43.85%
      14           578  6187      萬潤                  970.00       1283.00     3.06%   1115.00  1145.00  1080.00  1135.00      999.00  1015.00   940.00   942.00   -193.00   -17.00%
      15           544  3363      上詮                  464.00        756.00     2.85%    820.00   821.00   792.00   804.00      576.00   639.00   570.00   582.00   -222.00   -27.61%
      16           731  4991      環宇-KY               568.50        853.50     2.78%    628.00   698.00   600.00   698.00      428.00   460.00   406.50   417.00   -281.00   -40.26%
      17           342  7734      印能科技               2965.00       3240.00     2.69%   3590.00  3800.00  3375.00  3705.00     3290.00  3530.00  3215.00  3460.00   -245.00    -6.61%
      18           719  4749      新應材                 414.00        667.00     2.47%    996.00  1015.00   963.00  1005.00      794.00   815.00   778.00   778.00   -227.00   -22.59%
      19           595  7717      萊德光電-KY             393.00        605.00     2.07%    642.00   666.00   609.00   666.00      449.50   470.00   432.00   436.50   -229.50   -34.46%
      20           860  6643      M31                 204.50        401.00     1.92%    603.00   617.00   595.00   612.00      423.00   435.00   410.50   425.00   -187.00   -30.56%
      21           400  6274      台燿                 1730.00       1925.00     1.90%   1210.00  1265.00  1200.00  1260.00     1315.00  1330.00  1205.00  1250.00    -10.00    -0.79%
      22           605  6727      亞泰金屬                475.00        665.50     1.86%    539.00   541.00   502.00   519.00      370.00   380.00   366.50   372.50   -146.50   -28.23%
      23           684  4966      譜瑞-KY               375.00        541.00     1.62%    784.00   784.00   750.00   757.00      600.00   617.00   597.00   611.00   -146.00   -19.29%
      24           853  5439      高技                   78.00        241.00     1.59%    390.50   401.00   380.00   381.00      249.00   249.00   234.50   235.50   -145.50   -38.19%
      25           792  5475      德宏                  145.00        308.00     1.59%    288.00   303.00   278.00   298.50      147.50   148.00   135.00   135.00   -163.50   -54.77%
      26           898  4979      華星光                 466.00        594.50     1.25%    506.00   551.00   502.00   551.00      401.00   448.00   397.50   426.50   -124.50   -22.60%
      27          1020  6217      中探針                 202.50        330.50     1.25%    295.00   299.00   281.50   294.50      160.00   163.50   153.00   153.00   -141.50   -48.05%
      28           865  3105      穩懋                  292.50        409.50     1.14%    448.00   461.00   436.00   450.50      354.00   371.50   337.50   341.50   -109.00   -24.20%
      29           712  6584      南俊國際                492.00        606.00     1.11%    648.00   648.00   626.00   636.00      557.00   560.00   536.00   536.00   -100.00   -15.72%
      30           712  8155      博智                  119.00        232.50     1.11%    387.50   416.50   380.00   411.00      318.50   323.00   307.00   308.00   -103.00   -25.06%
      31           692  5386      青雲                  367.50        468.50     0.99%    401.00   449.50   401.00   445.00      253.50   269.50   247.00   254.50   -190.50   -42.81%
      32           826  7744      崴寶                  136.50        236.00     0.97%    521.00   542.00   521.00   542.00      423.00   423.00   406.50   410.50   -131.50   -24.26%
      33           625  7728      光焱科技                307.00        400.00     0.91%    709.00   709.00   670.00   696.00      627.00   631.00   612.00   631.00    -65.00    -9.34%
      34           585  3581      博磊                   98.00        185.50     0.85%    209.00   220.00   192.00   216.00      112.00   117.00   110.50   112.50   -103.50   -47.92%
      35           784  3587      閎康                   78.00        163.50     0.83%    343.50   346.00   328.00   339.00      258.00   271.50   256.00   258.00    -81.00   -23.89%
      36           565  4768      晶呈科技                189.00        270.00     0.79%    411.00   426.50   411.00   424.50      323.50   341.50   322.50   326.50    -98.00   -23.09%
      37           792  8227      巨有科技                 90.50        168.50     0.76%    205.00   208.00   198.00   208.00      148.00   151.50   145.00   146.50    -61.50   -29.57%
      38           648  6679      鈺太                   62.50        138.50     0.74%    303.00   317.50   291.50   312.50      225.50   231.00   220.00   222.50    -90.00   -28.80%
      39           835  3455      由田                  146.50        221.00     0.73%    269.00   277.00   258.00   277.00      195.50   202.00   187.50   188.00    -89.00   -32.13%
      40           727  6290      良維                  122.50        193.00     0.69%    260.00   266.50   258.00   265.50      248.00   250.00   236.00   236.00    -29.50   -11.11%
==========================================================================================================================================================================
✅ 共 40 筆
