
██████████████████████████████████████████████████████████████████████████████████████████████████████████████
  📅 天數組合: 30 日  →  輸出檔: q13_30.txt
██████████████████████████████████████████████████████████████████████████████████████████████████████████████

🔁 共執行 30 次，每次區間長度 31 個交易日

══════════════════════════════════════════════════════════════════════════════════════════════════════════════
  🔄 第  1/30 次  2026/08/14 ～ 2026/09/30
══════════════════════════════════════════════════════════════════════════════════════════════════════════════

==========================================================================================================================================================================
📊 動能效率優先權分數排名 (2026/08/14 ~ 2026/09/30)
==========================================================================================================================================================================
    實資排名          累計天數排名  代號        名稱                 累計漲停(元)       累計跌停(元)       強度%  (08/14)開盤      最高      最低      收盤    (09/30)開盤      最高      最低      收盤      賺賠    賺賠率
--------------------------------------------------------------------------------------------------------------------------------------------------------------------------
       1               3  7772      耀穎                   86.50         14.50   100.00%     95.80    98.90    90.10    90.10      180.00   180.00   175.00   176.00    +85.90   +95.34%
       2               1  2221      大甲                   82.00          0.00    99.36%     53.70    55.00    51.60    52.30      178.00   198.00   170.00   197.50   +145.20  +277.63%
       3               2  8227      巨有科技                200.00         14.00    97.71%    157.50   157.50   151.00   151.50      370.50   370.50   370.50   370.50   +219.00  +144.55%
       4               4  6538      倉和                  286.00        147.00    80.00%    181.50   195.00   177.50   184.00      360.50   374.50   355.00   356.00   +172.00   +93.48%
       5               5  3441      聯一光                  89.20         21.50    78.19%     86.00    88.90    80.00    83.80      184.50   187.00   181.50   184.50   +100.70  +120.17%
       6               9  6945      圓祥生技                 20.20          0.00    66.82%    107.50   109.50   102.50   104.50      140.00   149.00   140.00   148.50    +44.00   +42.11%
       7               6  7792      安葆                  167.00         36.00    66.04%    250.00   260.50   245.50   250.00      420.00   424.00   413.00   424.00   +174.00   +69.60%
       8              15  6207      雷科                   47.00          0.00    57.71%    111.00   111.50   105.50   107.50      141.00   151.00   140.00   151.00    +43.50   +40.47%
       9               7  3498      陽程                  137.50         40.50    57.53%    154.00   158.00   154.00   158.00      234.50   234.50   221.00   229.00    +71.00   +44.94%
      10              17  3624      光頡                   33.00         10.50    56.76%     96.20    99.40    86.60    89.50      140.50   144.00   134.00   137.50    +48.00   +53.63%
      11               8  3234      光環                   80.00         40.50    54.45%    138.00   141.00   134.50   136.50      177.50   179.00   172.50   173.00    +36.50   +26.74%
      12              10  3374      精材                  279.50        169.50    53.27%    327.50   346.50   318.00   325.00      462.00   462.00   452.00   454.50   +129.50   +39.85%
      13              11  8064      東捷                   54.50         11.50    52.65%    105.50   105.50   102.00   102.50      144.00   155.00   144.00   145.50    +43.00   +41.95%
      14              18  6620      漢達                   57.50         22.50    49.72%     81.10    81.10    77.40    77.40      137.50   145.00   133.00   141.00    +63.60   +82.17%
      15              21  6290      良維                  113.50         28.00    47.91%    225.00   225.50   218.50   218.50      272.00   283.50   270.00   280.00    +61.50   +28.15%
      16              19  5355      佳總                    0.00          0.00    46.24%      5.95     5.95     5.62     5.62        7.00     7.09     7.00     7.05     +1.43   +25.44%
      17              83  3664      安瑞-KY                 0.00          0.00    46.06%        --       --       --       --        8.86     8.86     8.86     8.86        --        --
      18              14  3219      倚強科                  30.80          0.00    45.53%     72.70    72.70    70.80    71.10      130.00   134.50   127.50   131.50    +60.40   +84.95%
      19             964  6597      立誠                    0.00          0.00    45.52%        --       --       --       --       65.60    68.70    65.60    68.70        --        --
      20             127  8047      星雲                    0.00          0.00    44.72%     45.60    45.60    42.00    45.10       51.20    51.50    50.20    50.80     +5.70   +12.64%
      21              12  6727      亞泰金屬                286.50        206.00    43.44%    396.00   432.00   382.00   432.00      487.50   499.50   485.00   485.00    +53.00   +12.27%
      22              20  6870      騰雲                  125.50         46.00    43.43%    262.50   267.00   256.50   266.00      331.00   331.00   315.00   323.50    +57.50   +21.62%
      23              16  8431      匯鑽科                   0.00          0.00    42.77%     48.00    48.10    47.30    47.80       65.70    67.10    65.30    66.80    +19.00   +39.75%
      24            1010  6236      中湛                    0.00          0.00    42.41%        --       --       --       --       19.05    19.05    18.50    18.50        --        --
      25             907  4806      桂田文創                  0.00          0.00    41.31%      9.13     9.51     9.05     9.51          --       --       --       --        --        --
      26            1009  7825      和亞智慧                 60.60         26.50    40.19%        --       --       --       --       82.60    86.50    81.40    84.40        --        --
      27             809  9960      邁達康                   0.00          0.00    40.14%     31.10    31.20    30.90    30.90       41.20    41.95    40.40    41.50    +10.60   +34.30%
      28              82  6865      偉康科技                  0.00          0.00    40.03%     25.30    27.60    25.30    26.95       28.00    29.15    27.05    29.15     +2.20    +8.16%
      29             880  8444      綠河-KY                 0.00          0.00    39.54%      5.20     5.20     5.01     5.01        4.35     4.35     4.28     4.35     -0.66   -13.17%
      30              33  4198      欣大健康                  0.00          0.00    39.05%     41.90    42.45    40.70    41.75       49.50    49.50    49.50    49.50     +7.75   +18.56%
      31              45  8147      正淩                   22.00          0.00    38.24%    128.00   128.00   121.00   121.00      149.50   160.50   148.00   158.50    +37.50   +30.99%
      32              26  6532      瑞耘                   20.00          0.00    38.09%     87.00    87.80    85.60    86.50      114.00   118.50   114.00   118.50    +32.00   +36.99%
      33              13  6147      頎邦                   69.50          9.50    37.89%    165.00   166.00   157.50   157.50      211.50   214.50   209.00   209.50    +52.00   +33.02%
      34             419  6210      慶生                    0.00          0.00    37.69%     17.75    17.75    17.75    17.75       17.55    17.95    17.50    17.90     +0.15    +0.85%
      35             186  2924      宏太-KY                 0.00          0.00    36.56%     16.65    16.65    16.55    16.55       18.40    18.40    16.70    18.30     +1.75   +10.57%
      36             922  4192      杏國                    0.00          0.00    36.16%     18.80    18.80    18.75    18.75       18.45    18.65    18.45    18.65     -0.10    -0.53%
      37              27  3354      律勝                    0.00          0.00    36.03%     20.80    21.00    20.00    20.70       29.70    32.15    29.50    32.15    +11.45   +55.31%
      38             927  3115      富榮綱                   0.00          0.00    35.84%        --       --       --       --        8.50     8.69     8.17     8.50        --        --
      39              47  1569      濱川                    0.00          0.00    35.76%     42.10    42.85    41.60    42.35       64.60    66.00    61.30    62.60    +20.25   +47.82%
      40              36  7770      君曜                    0.00          0.00    35.61%     39.75    39.75    39.75    39.75       42.95    42.95    41.50    42.60     +2.85    +7.17%
==========================================================================================================================================================================
✅ 共 40 筆


══════════════════════════════════════════════════════════════════════════════════════════════════════════════
  🔄 第  2/30 次  2026/08/13 ～ 2026/09/29
══════════════════════════════════════════════════════════════════════════════════════════════════════════════

==========================================================================================================================================================================
📊 動能效率優先權分數排名 (2026/08/13 ~ 2026/09/29)
==========================================================================================================================================================================
    實資排名          累計天數排名  代號        名稱                 累計漲停(元)       累計跌停(元)       強度%  (08/13)開盤      最高      最低      收盤    (09/29)開盤      最高      最低      收盤      賺賠    賺賠率
--------------------------------------------------------------------------------------------------------------------------------------------------------------------------
       1               2  7772      耀穎                   86.50         14.50   100.00%     91.10    95.10    91.10    93.60      176.00   179.50   172.50   176.00    +82.40   +88.03%
       2               3  8227      巨有科技                166.50         14.00    92.98%    161.00   163.50   156.50   157.50      313.00   337.00   308.00   337.00   +179.50  +113.97%
       3               1  6538      倉和                  302.00        147.00    90.06%    177.50   177.50   174.00   177.50      400.00   417.00   358.50   358.50   +181.00  +101.97%
       4               5  3441      聯一光                  89.20         21.50    74.42%     87.40    88.70    85.00    85.00      177.50   185.00   176.00   185.00   +100.00  +117.65%
       5               4  2221      大甲                   64.50          0.00    70.49%     50.50    54.00    50.50    53.70      169.00   180.00   167.50   180.00   +126.30  +235.20%
       6               7  7792      安葆                  177.00         36.00    67.52%    255.50   255.50   241.50   242.50      427.50   430.00   400.00   416.00   +173.50   +71.55%
       7               6  3498      陽程                  150.50         40.50    65.62%    144.00   144.00   144.00   144.00      216.00   235.00   212.00   235.00    +91.00   +63.19%
       8              10  6945      圓祥生技                 20.20          0.00    59.96%    105.00   110.00   100.50   110.00      137.50   140.00   135.00   140.00    +30.00   +27.27%
       9              11  3624      光頡                   33.00         10.50    59.38%     88.50    95.10    88.50    95.10      139.00   143.50   138.00   140.00    +44.90   +47.21%
      10               8  3234      光環                   80.00         40.50    56.62%    133.50   146.00   133.50   141.00      180.00   180.00   171.50   174.50    +33.50   +23.76%
      11              12  3374      精材                  279.50        169.50    51.92%    333.50   341.00   324.50   325.00      439.50   457.00   436.50   455.00   +130.00   +40.00%
      12              13  8064      東捷                   54.50         11.50    49.79%    107.00   110.50   104.50   105.50      139.00   148.50   138.00   141.50    +36.00   +34.12%
      13              14  6620      漢達                   57.50         22.50    48.47%     77.20    81.00    77.20    80.80      125.00   136.00   123.50   136.00    +55.20   +68.32%
      14              34  3664      安瑞-KY                 0.00          0.00    48.13%      5.63     6.10     5.63     6.10        8.91     8.91     8.86     8.86     +2.76   +45.25%
      15            1009  6236      中湛                    0.00          0.00    46.07%     13.90    15.25    13.90    15.20       18.45    18.45    18.45    18.45     +3.25   +21.38%
      16             125  8047      星雲                    0.00          0.00    45.47%     44.10    46.00    44.00    45.70       49.20    51.00    49.20    51.00     +5.30   +11.60%
      17              17  5355      佳總                    0.00          0.00    44.57%      6.05     6.05     5.80     5.96        6.98     7.00     6.80     7.00     +1.04   +17.45%
      18              18  6870      騰雲                  125.50         46.00    43.56%    263.50   265.00   255.00   261.50      335.50   335.50   328.50   330.50    +69.00   +26.39%
      19              25  6290      良維                  103.00         28.00    43.49%    222.50   231.50   220.00   220.50      272.50   274.00   267.00   269.50    +49.00   +22.22%
      20              23  6207      雷科                   33.50          0.00    43.01%    113.00   117.00   110.50   111.00      130.50   137.50   127.50   137.50    +26.50   +23.87%
      21             970  6597      立誠                    0.00          0.00    42.05%     69.90    69.90    68.00    68.00       68.60    68.60    68.50    68.50     +0.50    +0.74%
      22              20  3219      倚強科                  30.80          0.00    41.66%     75.80    77.40    72.60    72.80      123.50   125.50   120.50   125.50    +52.70   +72.39%
      23              19  6727      亞泰金屬                286.50        206.00    41.59%    408.00   408.00   390.00   393.00      492.50   505.00   481.50   483.00    +90.00   +22.90%
      24              16  8431      匯鑽科                   0.00          0.00    40.78%     49.10    49.50    48.10    48.10       62.30    68.50    62.30    66.30    +18.20   +37.84%
      25               9  6147      頎邦                   69.50          9.50    39.72%    159.00   171.00   159.00   164.50      211.50   217.00   208.00   208.50    +44.00   +26.75%
      26             917  4806      桂田文創                  0.00          0.00    39.23%      9.95     9.95     9.14     9.53          --       --       --       --        --        --
      27            1010  7825      和亞智慧                 60.60         26.50    39.15%        --       --       --       --       84.50    87.90    83.50    83.60        --        --
      28             828  9960      邁達康                   0.00          0.00    39.08%     31.45    31.45    31.20    31.20       39.35    41.40    38.85    41.20    +10.00   +32.05%
      29              92  6865      偉康科技                  0.00          0.00    38.48%     25.00    25.80    25.00    25.30       28.05    28.05    27.70    28.00     +2.70   +10.67%
      30              29  1569      濱川                    0.00          0.00    38.26%     40.20    42.15    40.20    42.10       65.00    66.30    63.30    65.00    +22.90   +54.39%
      31              24  6693      廣閎科                  62.00         20.00    38.20%    185.00   197.00   184.50   185.00      206.50   220.50   203.50   218.00    +33.00   +17.84%
      32             330  6210      慶生                    0.00          0.00    38.06%     17.00    17.85    16.85    17.70       17.80    17.80    17.25    17.75     +0.05    +0.28%
      33              42  4198      欣大健康                  0.00          0.00    37.85%     42.40    42.40    40.15    41.50       50.00    50.00    48.35    49.90     +8.40   +20.24%
      34              15  6173      信昌電                 198.50         74.00    36.98%    207.50   223.50   203.50   223.50      303.00   314.00   296.50   297.50    +74.00   +33.11%
      35             243  2924      宏太-KY                 0.00          0.00    36.44%     16.95    16.95    16.95    16.95       17.30    18.95    17.30    18.45     +1.50    +8.85%
      36              53  5345      馥鴻                    0.00          0.00    36.10%     21.80    23.70    21.80    23.70       20.30    22.00    20.30    22.00     -1.70    -7.17%
      37             915  4192      杏國                    0.00          0.00    36.06%     18.55    18.85    18.55    18.85       18.45    18.45    17.65    18.45     -0.40    -2.12%
      38             927  8444      綠河-KY                 0.00          0.00    35.83%      5.35     5.35     4.86     4.86        4.40     4.40     4.40     4.40     -0.46    -9.47%
      39              22  6187      萬潤                  705.00        630.00    35.74%   1190.00  1270.00  1185.00  1270.00     1230.00  1310.00  1230.00  1310.00    +40.00    +3.15%
      40              33  7770      君曜                    0.00          0.00    35.69%     39.70    39.95    39.05    39.75       39.50    42.95    39.50    42.95     +3.20    +8.05%
==========================================================================================================================================================================
✅ 共 40 筆


══════════════════════════════════════════════════════════════════════════════════════════════════════════════
  🔄 第  3/30 次  2026/08/12 ～ 2026/09/24
══════════════════════════════════════════════════════════════════════════════════════════════════════════════

==========================================================================================================================================================================
📊 動能效率優先權分數排名 (2026/08/12 ~ 2026/09/24)
==========================================================================================================================================================================
    實資排名          累計天數排名  代號        名稱                 累計漲停(元)       累計跌停(元)       強度%  (08/12)開盤      最高      最低      收盤    (09/24)開盤      最高      最低      收盤      賺賠    賺賠率
--------------------------------------------------------------------------------------------------------------------------------------------------------------------------
       1               1  6538      倉和                  316.50        107.50   100.00%    148.50   161.50   147.00   161.50      403.00   409.50   389.00   398.00   +236.50  +146.44%
       2               2  7772      耀穎                   86.50         14.50    87.20%     88.60    94.00    88.60    92.30      173.00   182.00   170.50   180.00    +87.70   +95.02%
       3               3  3234      光環                   91.50         40.50    69.55%    117.00   133.50   117.00   133.00      163.00   180.00   162.00   178.00    +45.00   +33.83%
       4               4  8227      巨有科技                136.00         14.00    68.71%    162.00   163.50   154.00   159.00      305.00   309.00   295.00   306.50   +147.50   +92.77%
       5               6  7792      安葆                  198.00         16.50    65.90%    232.50   232.50   232.50   232.50      415.00   453.00   415.00   435.50   +203.00   +87.31%
       6               5  3441      聯一光                  89.20         21.50    63.33%     79.30    87.20    79.20    87.20      176.00   181.00   175.00   181.00    +93.80  +107.57%
       7              13  3624      光頡                   33.00         10.50    50.34%     86.20    88.40    83.60    86.50      132.50   144.50   132.00   140.00    +53.50   +61.85%
       8              10  3498      陽程                  129.50         40.50    49.90%    126.00   133.00   124.50   131.00      198.00   215.00   197.00   214.00    +83.00   +63.36%
       9               7  2221      大甲                   48.50          0.00    49.15%     48.95    52.00    47.80    50.20      158.00   164.50   158.00   164.00   +113.80  +226.69%
      10              15  3374      精材                  279.50        169.50    42.40%    332.00   338.00   324.00   330.00      462.50   464.50   442.00   449.00   +119.00   +36.06%
      11              12  8064      東捷                   54.50         11.50    41.59%    102.50   106.00   102.50   105.50      131.00   142.00   130.50   139.00    +33.50   +31.75%
      12               9  6173      信昌電                 217.00         74.00    40.91%    186.50   203.50   182.50   203.50      303.00   314.00   300.50   306.50   +103.00   +50.61%
      13            1009  6236      中湛                    0.00          0.00    39.12%     15.35    18.75    15.35    15.35       17.85    17.85    17.85    17.85     +2.50   +16.29%
      14             107  3664      安瑞-KY                 0.00          0.00    38.96%      6.05     6.05     5.63     5.63        8.88     8.88     8.85     8.86     +3.23   +57.37%
      15              18  5355      佳總                    0.00          0.00    38.57%      5.91     6.26     5.80     6.07        6.71     6.80     6.70     6.80     +0.73   +12.03%
      16              14  6187      萬潤                  695.00        630.00    38.28%   1060.00  1155.00  1055.00  1155.00     1210.00  1210.00  1180.00  1195.00    +40.00    +3.46%
      17             292  8047      星雲                    0.00          0.00    37.49%     45.50    45.50    45.50    45.50       45.60    49.20    45.00    49.20     +3.70    +8.13%
      18              36  6290      良維                  103.00         28.00    37.44%    221.00   225.50   218.50   218.50      270.00   280.50   270.00   274.00    +55.50   +25.40%
      19              16  3455      由田                   96.50         28.50    37.14%    202.00   222.00   201.50   222.00      242.00   265.00   242.00   258.00    +36.00   +16.22%
      20              20  6620      漢達                   45.50         22.50    36.94%     76.70    79.70    76.70    79.50      129.00   129.00   120.00   124.00    +44.50   +55.97%
      21              23  6870      騰雲                  125.50         46.00    36.66%    265.00   265.00   253.00   257.00      336.50   340.00   318.00   336.50    +79.50   +30.93%
      22              19  6727      亞泰金屬                286.50        184.00    36.32%    388.00   408.00   388.00   395.00      468.00   509.00   464.50   505.00   +110.00   +27.85%
      23             976  6597      立誠                    0.00          0.00    35.68%        --       --       --       --       65.60    68.70    65.60    68.70        --        --
      24             880  8444      綠河-KY                 0.00          0.00    35.48%      4.61     5.47     4.61     5.40        4.21     4.40     4.21     4.40     -1.00   -18.52%
      25              17  5475      德宏                   71.50         45.50    34.95%    136.00   148.50   136.00   148.50      175.50   183.00   175.00   181.00    +32.50   +21.89%
      26              26  6488      環球晶                 564.00        440.00    34.54%    844.00   933.00   844.00   933.00      944.00   960.00   930.00   948.00    +15.00    +1.61%
      27              11  6147      頎邦                   69.50          9.50    34.15%    160.50   163.00   156.00   156.50      214.50   215.00   210.50   213.50    +57.00   +36.42%
      28              27  4908      前鼎                  135.50         95.50    34.11%    152.50   166.00   152.50   162.50      209.00   213.00   205.00   210.00    +47.50   +29.23%
      29              39  6945      圓祥生技                 20.20         11.00    33.57%    114.00   114.00   103.50   103.50      135.50   138.00   134.50   138.00    +34.50   +33.33%
      30            1010  7825      和亞智慧                 60.60         26.50    33.34%        --       --       --       --       75.50    82.20    75.50    82.20        --        --
      31              25  3219      倚強科                  19.80          0.00    33.32%     73.60    78.00    73.00    73.60      107.00   114.50   105.50   114.50    +40.90   +55.57%
      32             913  4806      桂田文創                  0.00          0.00    33.19%        --       --       --       --          --       --       --       --        --        --
      33              22  8431      匯鑽科                   0.00          0.00    32.60%     48.75    49.00    47.90    48.80       62.10    64.40    62.10    63.30    +14.50   +29.71%
      34              48  4198      欣大健康                  0.00          0.00    32.45%     41.40    41.95    41.40    41.95       51.10    52.50    48.60    49.80     +7.85   +18.71%
      35              43  1569      濱川                    0.00          0.00    32.27%     41.40    41.80    40.75    41.30       63.80    68.00    62.60    64.70    +23.40   +56.66%
      36             127  6865      偉康科技                  0.00          0.00    32.18%     25.60    25.60    25.25    25.25       28.20    28.20    27.30    28.05     +2.80   +11.09%
      37             485  6210      慶生                    0.00          0.00    32.17%     17.50    17.75    17.20    17.45       18.00    18.00    17.70    17.80     +0.35    +2.01%
      38             868  9960      邁達康                   0.00          0.00    31.62%     32.50    32.50    32.50    32.50       37.05    39.35    36.30    39.35     +6.85   +21.08%
      39              21  8358      金居                  315.50        192.50    31.28%    402.50   418.50   402.00   418.50      498.00   511.00   495.00   511.00    +92.50   +22.10%
      40              29  6693      廣閎科                  73.00         20.00    31.19%    177.00   190.00   176.50   184.50      201.50   212.50   194.00   209.50    +25.00   +13.55%
==========================================================================================================================================================================
✅ 共 40 筆


══════════════════════════════════════════════════════════════════════════════════════════════════════════════
  🔄 第  4/30 次  2026/08/11 ～ 2026/09/23
══════════════════════════════════════════════════════════════════════════════════════════════════════════════

==========================================================================================================================================================================
📊 動能效率優先權分數排名 (2026/08/11 ~ 2026/09/23)
==========================================================================================================================================================================
    實資排名          累計天數排名  代號        名稱                 累計漲停(元)       累計跌停(元)       強度%  (08/11)開盤      最高      最低      收盤    (09/23)開盤      最高      最低      收盤      賺賠    賺賠率
--------------------------------------------------------------------------------------------------------------------------------------------------------------------------
       1               1  6538      倉和                  316.50         95.00   100.00%    143.50   149.50   140.50   147.00      440.00   457.50   405.00   410.50   +263.50  +179.25%
       2               4  7772      耀穎                   86.50         14.50    80.78%     91.70    91.70    88.50    91.60      199.00   199.00   171.00   173.50    +81.90   +89.41%
       3               2  8227      巨有科技                150.00         14.00    78.71%    146.00   158.00   144.50   158.00      308.50   310.00   290.00   310.00   +152.00   +96.20%
       4               5  3234      光環                   91.50         40.50    63.10%    120.00   124.50   114.00   121.50      174.50   174.50   169.00   170.00    +48.50   +39.92%
       5               6  3441      聯一光                  89.20         21.50    59.89%     79.20    82.00    77.90    79.30      180.50   180.50   175.50   177.50    +98.20  +123.83%
       6              10  7792      安葆                  178.00         16.50    56.80%    214.50   217.50   209.50   211.50      378.50   415.50   378.00   415.50   +204.00   +96.45%
       7               3  6173      信昌電                 233.50         74.00    51.16%    168.00   185.00   168.00   185.00      306.00   313.00   301.00   302.50   +117.50   +63.51%
       8              14  3624      光頡                   33.00         10.50    47.01%     82.20    89.40    80.30    85.20      122.00   134.00   122.00   134.00    +48.80   +57.28%
       9              11  2221      大甲                   48.50          0.00    42.98%     48.20    49.10    46.50    49.10      166.00   168.50   149.50   158.50   +109.40  +222.81%
      10              12  3374      精材                  279.50        146.50    42.19%    341.00   351.50   324.00   334.00      486.00   486.00   463.00   472.00   +138.00   +41.32%
      11              19  3498      陽程                  114.50         40.50    41.51%    130.00   131.00   121.50   124.50      205.00   209.50   197.50   199.00    +74.50   +59.84%
      12               9  5475      德宏                   81.50         45.50    39.79%    131.50   137.50   131.00   135.00      183.00   183.50   175.00   177.00    +42.00   +31.11%
      13            1009  6236      中湛                    0.00          0.00    38.26%        --       --       --       --       17.30    17.30    17.30    17.30        --        --
      14             179  3664      安瑞-KY                 0.00          0.00    37.87%      6.16     6.20     6.10     6.10        8.25     9.00     8.25     8.90     +2.80   +45.90%
      15              15  6620      漢達                   45.50         22.50    37.47%     78.20    78.20    74.00    76.70      126.50   132.50   125.00   130.00    +53.30   +69.49%
      16               8  8358      金居                  336.00        192.50    37.14%    346.00   380.50   346.00   380.50      498.00   502.00   490.00   497.00   +116.50   +30.62%
      17              16  5355      佳總                    0.00          0.00    36.91%      6.07     6.07     5.84     5.99        6.80     6.85     6.73     6.80     +0.81   +13.52%
      18              29  6290      良維                  103.00         28.00    36.54%    212.00   223.50   212.00   220.00      277.50   281.50   272.50   274.00    +54.00   +24.55%
      19              17  6870      騰雲                  125.50         46.00    36.37%    252.50   257.00   246.00   257.00      306.50   328.50   298.50   328.50    +71.50   +27.82%
      20               7  6147      頎邦                   69.50          9.50    35.87%    151.00   166.00   146.50   161.50      221.00   227.00   213.50   214.50    +53.00   +32.82%
      21              18  8064      東捷                   54.50         11.50    35.46%    101.50   106.00    99.90   102.50      135.00   137.50   133.00   133.00    +30.50   +29.76%
      22              25  6945      圓祥生技                 20.20         11.00    34.83%    104.50   116.50   102.50   114.50      135.00   137.50   128.00   137.00    +22.50   +19.65%
      23              28  4198      欣大健康                  0.00          0.00    33.92%     40.00    41.95    40.00    41.95       49.10    49.40    47.50    49.40     +7.45   +17.76%
      24              20  6488      環球晶                 564.00        440.00    33.69%    847.00   883.00   823.00   849.00      929.00  1005.00   922.00   950.00   +101.00   +11.90%
      25             979  6597      立誠                    0.00          0.00    33.48%     67.80    67.90    67.80    67.90       66.50    68.00    66.50    68.00     +0.10    +0.15%
      26             821  4806      桂田文創                  0.00          0.00    33.28%      9.91    10.20     9.91    10.20          --       --       --       --        --        --
      27              21  6727      亞泰金屬                246.50        184.00    33.26%    388.50   402.50   381.50   390.50      476.00   486.50   465.00   465.00    +74.50   +19.08%
      28             755  8047      星雲                    0.00          0.00    32.94%     48.15    48.15    45.00    46.05       42.00    45.80    42.00    45.75     -0.30    -0.65%
      29              24  4908      前鼎                  135.50         95.50    32.87%    152.50   157.00   148.50   151.00      222.50   225.00   207.50   210.00    +59.00   +39.07%
      30              27  3467      台灣精材                  0.00          0.00    32.13%     45.10    45.95    44.50    45.90       88.80    88.80    85.00    86.50    +40.60   +88.45%
      31              22  3455      由田                   82.50         28.50    31.65%    202.00   203.00   192.50   202.00      248.00   252.00   244.00   244.00    +42.00   +20.79%
      32             155  6865      偉康科技                  0.00          0.00    31.56%     25.25    25.25    24.70    25.25       27.50    28.20    27.45    28.20     +2.95   +11.68%
      33             457  6210      慶生                    0.00          0.00    31.56%     17.40    17.40    17.30    17.30       17.00    17.40    17.00    17.40     +0.10    +0.58%
      34             919  8444      綠河-KY                 0.00          0.00    31.53%      5.30     5.30     4.99     4.99        4.35     4.44     4.30     4.44     -0.55   -11.02%
      35             593  6929      佑全                    0.00          0.00    31.35%     22.35    23.30    22.20    23.10       22.05    22.05    20.85    22.05     -1.05    -4.55%
      36            1013  7825      和亞智慧                 60.60         26.50    30.76%        --       --       --       --       75.30    76.80    74.80    74.80        --        --
      37              45  1569      濱川                    0.00          0.00    30.53%     42.05    42.45    40.85    41.30       64.20    65.20    63.00    63.30    +22.00   +53.27%
      38              23  8431      匯鑽科                   0.00          0.00    30.42%     50.10    50.10    48.50    48.75       64.00    64.60    62.30    63.20    +14.45   +29.64%
      39              26  3693      營邦                  286.00        105.00    30.00%    493.00   500.00   481.50   492.00      706.00   738.00   705.00   732.00   +240.00   +48.78%
      40             896  4192      杏國                    0.00          0.00    29.77%     19.00    19.00    19.00    19.00       18.15    18.15    18.15    18.15     -0.85    -4.47%
==========================================================================================================================================================================
✅ 共 40 筆


══════════════════════════════════════════════════════════════════════════════════════════════════════════════
  🔄 第  5/30 次  2026/08/10 ～ 2026/09/22
══════════════════════════════════════════════════════════════════════════════════════════════════════════════

==========================================================================================================================================================================
📊 動能效率優先權分數排名 (2026/08/10 ~ 2026/09/22)
==========================================================================================================================================================================
    實資排名          累計天數排名  代號        名稱                 累計漲停(元)       累計跌停(元)       強度%  (08/10)開盤      最高      最低      收盤    (09/22)開盤      最高      最低      收盤      賺賠    賺賠率
--------------------------------------------------------------------------------------------------------------------------------------------------------------------------
       1               1  6538      倉和                  316.50         60.00   100.00%    144.50   151.50   143.50   145.50      440.00   468.00   416.50   445.50   +300.00  +206.19%
       2               3  7772      耀穎                   86.50          0.00    90.52%     93.40    93.80    91.60    93.50      177.50   188.00   176.00   188.00    +94.50  +101.07%
       3               5  3234      光環                  102.00         40.50    74.88%    118.00   118.00   116.00   118.00      180.50   181.00   172.50   173.00    +55.00   +46.61%
       4               4  8227      巨有科技                150.00         14.00    73.84%    141.00   146.00   139.00   144.00      299.50   316.00   295.00   305.00   +161.00  +111.81%
       5               2  6173      信昌電                 244.00         74.00    59.12%    162.00   172.00   161.50   168.50      330.50   331.00   300.00   303.00   +134.50   +79.82%
       6               6  3441      聯一光                  89.20         21.50    56.17%     82.70    84.00    79.00    79.50      175.50   181.50   172.50   181.00   +101.50  +127.67%
       7               9  2221      大甲                   48.50          0.00    47.47%     47.30    49.30    47.10    49.00      152.00   154.00   147.50   154.00   +105.00  +214.29%
       8               8  3374      精材                  310.00        131.50    45.65%    325.50   337.00   325.50   337.00      465.00   487.00   459.00   487.00   +150.00   +44.51%
       9              17  3498      陽程                  114.50         40.50    42.04%    118.50   127.00   118.00   125.00      202.00   210.00   196.50   205.50    +80.50   +64.40%
      10              16  7792      安葆                  140.50         16.50    41.38%    208.00   217.50   208.00   214.50      345.00   378.00   332.00   378.00   +163.50   +76.22%
      11              19  6290      良維                  115.00         28.00    40.94%    204.50   219.00   203.50   214.00      286.00   291.50   275.50   276.00    +62.00   +28.97%
      12              14  3624      光頡                   21.00         10.50    40.50%     76.00    82.20    76.00    82.20      133.50   136.00   122.00   122.00    +39.80   +48.42%
      13              10  3455      由田                   98.00         28.50    39.23%    193.00   208.50   192.00   205.50      257.50   260.50   246.00   247.50    +42.00   +20.44%
      14              11  5475      德宏                   81.50         45.50    38.97%    122.00   130.50   122.00   125.00      188.50   195.00   179.50   181.00    +56.00   +44.80%
      15              15  4908      前鼎                  147.00         83.00    38.20%    149.00   156.50   148.50   155.00      233.50   234.00   222.50   222.50    +67.50   +43.55%
      16              13  5355      佳總                    0.00          0.00    36.67%      5.60     6.09     5.60     6.08        6.99     7.00     6.62     6.95     +0.87   +14.31%
      17               7  6147      頎邦                   69.50          9.50    36.33%    151.00   158.00   147.00   154.00      230.00   233.00   218.00   219.00    +65.00   +42.21%
      18            1012  6236      中湛                    0.00          0.00    35.50%        --       --       --       --       15.75    16.75    15.75    16.75        --        --
      19              18  6945      圓祥生技                 20.20         11.00    34.22%     99.00   109.50    99.00   108.00      130.50   137.50   130.50   135.00    +27.00   +25.00%
      20              20  8064      東捷                   54.50         11.50    33.84%    102.00   105.00    98.10   101.00      139.00   142.00   133.00   134.00    +33.00   +32.67%
      21              12  8358      金居                  336.00        192.50    33.84%    354.50   369.50   342.50   346.00      501.00   501.00   490.00   491.50   +145.50   +42.05%
      22             342  3664      安瑞-KY                 0.00          0.00    32.92%      6.66     6.67     6.66     6.67        8.00     8.50     8.00     8.25     +1.58   +23.69%
      23              23  6620      漢達                   45.50         22.50    31.59%     84.00    84.30    78.60    78.60      137.50   137.50   125.00   126.50    +47.90   +60.94%
      24              33  4198      欣大健康                  0.00          0.00    31.21%     41.40    41.40    41.40    41.40       47.30    49.40    47.10    49.40     +8.00   +19.32%
      25             194  4806      桂田文創                  0.00          0.00    30.78%     10.30    10.30    10.30    10.30        9.48    10.40     9.02    10.40     +0.10    +0.97%
      26              24  3467      台灣精材                  0.00          0.00    30.75%     44.55    45.70    43.65    45.05       77.70    85.00    77.70    84.80    +39.75   +88.24%
      27              28  6727      亞泰金屬                246.50        174.00    30.54%    399.50   406.50   388.00   388.00      485.00   488.00   463.50   475.00    +87.00   +22.42%
      28             982  6597      立誠                    0.00          0.00    30.32%     67.80    67.80    67.50    67.80       69.00    69.00    65.00    69.00     +1.20    +1.77%
      29              25  6870      騰雲                   96.00         46.00    29.64%    265.00   270.00   254.00   254.00      312.00   314.00   299.00   299.00    +45.00   +17.72%
      30             110  6865      偉康科技                  0.00          0.00    29.35%     24.70    26.05    24.70    25.50       26.80    27.50    26.75    27.50     +2.00    +7.84%
      31              22  8431      匯鑽科                   0.00          0.00    28.89%     49.00    51.70    48.85    49.80       65.00    68.40    63.10    64.00    +14.20   +28.51%
      32             942  2724      藝舍-KY                 0.00          0.00    28.83%        --       --       --       --       12.25    12.25    12.25    12.25        --        --
      33             176  6617      共信-KY                45.50          0.00    28.78%     99.40   105.50    91.90   105.50      140.50   142.00   138.00   141.00    +35.50   +33.65%
      34              49  1569      濱川                    0.00          0.00    28.74%     42.55    43.00    42.50    42.80       61.50    66.40    61.00    64.20    +21.40   +50.00%
      35             410  6210      慶生                    0.00          0.00    28.73%     16.90    17.50    16.80    17.05       17.30    17.75    17.30    17.45     +0.40    +2.35%
      36             926  8444      綠河-KY                 0.00          0.00    28.53%      5.50     5.50     5.50     5.50        4.46     4.51     4.46     4.51     -0.99   -18.00%
      37            1013  7825      和亞智慧                 60.60         26.50    28.52%        --       --       --       --       77.40    77.50    74.90    75.50        --        --
      38             790  8047      星雲                    0.00          0.00    28.05%     48.50    49.15    47.00    48.75          --       --       --       --        --        --
      39             896  2948      寶陞                    0.00          0.00    27.84%     32.60    37.85    32.60    37.15       36.65    37.60    36.50    36.65     -0.50    -1.35%
      40             903  4192      杏國                    0.00          0.00    27.75%     18.80    19.25    18.80    19.00       18.00    18.10    17.90    18.10     -0.90    -4.74%
==========================================================================================================================================================================
✅ 共 40 筆


══════════════════════════════════════════════════════════════════════════════════════════════════════════════
  🔄 第  6/30 次  2026/08/07 ～ 2026/09/21
══════════════════════════════════════════════════════════════════════════════════════════════════════════════

==========================================================================================================================================================================
📊 動能效率優先權分數排名 (2026/08/07 ~ 2026/09/21)
==========================================================================================================================================================================
    實資排名          累計天數排名  代號        名稱                 累計漲停(元)       累計跌停(元)       強度%  (08/07)開盤      最高      最低      收盤    (09/21)開盤      最高      最低      收盤      賺賠    賺賠率
--------------------------------------------------------------------------------------------------------------------------------------------------------------------------
       1               1  6538      倉和                  297.50         60.00   100.00%    148.00   158.50   142.50   145.00      412.00   426.50   400.00   426.50   +281.50  +194.14%
       2               3  3234      光環                  102.00         40.50    77.74%    111.00   112.50   103.00   107.50      183.50   187.00   178.50   178.50    +71.00   +66.05%
       3               4  7772      耀穎                   69.50          0.00    76.98%     94.50    94.50    90.60    91.00      152.00   171.00   147.00   171.00    +80.00   +87.91%
       4               2  8227      巨有科技                132.50         14.00    71.76%    148.00   149.00   145.00   145.00      282.00   287.50   271.50   287.50   +142.50   +98.28%
       5               7  3441      聯一光                  89.20         21.50    53.09%     87.00    94.30    84.40    84.40      190.00   190.00   175.00   177.50    +93.10  +110.31%
       6               8  2221      大甲                   34.50          0.00    45.57%     46.80    47.40    45.35    46.95      136.00   140.00   136.00   140.00    +93.05  +198.19%
       7               5  6173      信昌電                 244.00         87.00    44.49%    170.00   172.00   156.00   158.00      311.00   318.50   308.00   308.00   +150.00   +94.94%
       8              13  3624      光頡                   21.00          0.00    43.56%     76.00    76.00    73.20    74.80      130.00   138.00   129.00   132.50    +57.70   +77.14%
       9              12  3498      陽程                  105.00         40.50    41.96%    111.50   121.00   110.50   116.50      200.00   203.00   194.00   196.00    +79.50   +68.24%
      10              10  3455      由田                   98.00         28.50    41.64%    189.50   195.00   186.00   190.00      252.00   263.50   251.00   256.50    +66.50   +35.00%
      11               9  5475      德宏                   81.50         45.50    40.25%    123.50   134.50   121.00   123.50      179.00   179.00   174.50   179.00    +55.50   +44.94%
      12               6  6147      頎邦                   69.50          9.50    39.24%    151.00   151.00   144.50   146.50      230.00   230.00   222.50   224.00    +77.50   +52.90%
      13              11  5355      佳總                    0.00          0.00    37.77%      5.35     6.05     5.11     5.60        6.57     6.99     6.57     6.99     +1.39   +24.82%
      14              17  8064      東捷                   54.50         11.50    36.05%    104.50   107.00   101.00   103.00      137.00   142.00   133.50   138.00    +35.00   +33.98%
      15              16  6620      漢達                   45.50         11.50    34.55%     85.50    87.10    84.50    84.50      151.50   152.00   135.00   137.50    +53.00   +62.72%
      16              81  3664      安瑞-KY                 0.00          0.00    33.95%      6.70     7.28     6.70     7.28        8.44     8.50     8.40     8.50     +1.22   +16.76%
      17              14  3374      精材                  266.00        141.00    33.72%    310.00   330.00   301.00   306.50      451.50   456.00   432.00   443.00   +136.50   +44.54%
      18            1014  6236      中湛                    0.00          0.00    33.10%        --       --       --       --       14.40    17.50    14.40    17.50        --        --
      19              15  6945      圓祥生技                 20.20         11.00    32.67%     97.80   102.50    97.40    99.60      131.00   137.00   124.50   135.00    +35.40   +35.54%
      20              39  6290      良維                  115.00         40.00    30.74%    213.00   214.50   200.00   202.00      280.00   284.50   277.00   281.00    +79.00   +39.11%
      21              51  8047      星雲                    0.00          0.00    30.26%     44.05    48.50    43.35    48.50       45.20    45.80    44.20    45.80     -2.70    -5.57%
      22              74  6617      共信-KY                45.50          0.00    30.07%     88.60    96.30    86.10    96.30      143.00   143.00   139.00   141.00    +44.70   +46.42%
      23             982  6597      立誠                    0.00          0.00    29.98%     64.90    65.70    64.90    65.70       68.00    68.00    68.00    68.00     +2.30    +3.50%
      24              21  6870      騰雲                   96.00         33.00    29.77%    261.50   265.00   256.00   256.00      310.50   319.00   307.00   312.00    +56.00   +21.88%
      25              23  4908      前鼎                  147.00         87.00    29.37%    156.50   161.50   142.00   143.50      241.50   245.00   231.50   232.00    +88.50   +61.67%
      26              26  4198      欣大健康                  0.00          0.00    29.21%     41.70    41.70    41.70    41.70       49.30    49.45    47.60    49.40     +7.70   +18.47%
      27              22  6218      豪勉                    0.00          0.00    28.90%     34.00    34.95    34.00    34.30       66.10    67.70    66.10    67.70    +33.40   +97.38%
      28             942  2724      藝舍-KY                 0.00          0.00    28.76%     10.65    10.90    10.65    10.90       11.90    11.95    11.85    11.85     +0.95    +8.72%
      29            1015  7825      和亞智慧                 60.60         26.50    28.22%        --       --       --       --       79.00    79.00    76.00    76.10        --        --
      30             115  6865      偉康科技                  0.00          0.00    27.76%     24.75    24.75    24.70    24.70       27.50    27.50    27.50    27.50     +2.80   +11.34%
      31             705  6929      佑全                    0.00          0.00    27.65%     23.30    24.00    23.30    23.95          --       --       --       --        --        --
      32             450  6210      慶生                    0.00          0.00    27.61%     17.15    17.50    16.90    17.10       17.30    17.30    17.00    17.25     +0.15    +0.88%
      33              19  8431      匯鑽科                   0.00          0.00    27.48%     49.90    50.50    48.00    48.05       63.00    68.60    61.80    64.40    +16.35   +34.03%
      34             789  4806      桂田文創                  0.00          0.00    27.20%        --       --       --       --        8.86     9.50     8.86     9.50        --        --
      35             893  2948      寶陞                    0.00          0.00    27.11%     38.55    39.80    38.50    38.65       36.65    36.65    36.65    36.65     -2.00    -5.17%
      36             904  4192      杏國                    0.00          0.00    26.47%     19.40    20.00    19.20    19.20       18.50    18.60    18.50    18.60     -0.60    -3.12%
      37             934  8444      綠河-KY                 0.00          0.00    26.34%      5.55     5.55     5.35     5.35          --       --       --       --        --        --
      38              47  4924      欣厚-KY                 0.00          0.00    26.19%     10.15    10.15    10.05    10.10       15.35    17.05    15.30    17.05     +6.95   +68.81%
      39              31  6840      東研信超                  0.00          0.00    26.19%     65.30    67.60    65.00    66.60      108.50   111.50   106.50   106.50    +39.90   +59.91%
      40              27  8906      花王                    0.00          0.00    25.94%     25.95    26.85    25.95    26.55       29.00    30.00    28.95    30.00     +3.45   +12.99%
==========================================================================================================================================================================
✅ 共 40 筆


══════════════════════════════════════════════════════════════════════════════════════════════════════════════
  🔄 第  7/30 次  2026/08/05 ～ 2026/09/18
══════════════════════════════════════════════════════════════════════════════════════════════════════════════

==========================================================================================================================================================================
📊 動能效率優先權分數排名 (2026/08/05 ~ 2026/09/18)
==========================================================================================================================================================================
    實資排名          累計天數排名  代號        名稱                 累計漲停(元)       累計跌停(元)       強度%  (08/05)開盤      最高      最低      收盤    (09/18)開盤      最高      最低      收盤      賺賠    賺賠率
--------------------------------------------------------------------------------------------------------------------------------------------------------------------------
       1               1  6538      倉和                  259.00         60.00   100.00%    162.50   163.00   148.50   156.50      352.50   388.00   348.50   388.00   +231.50  +147.92%
       2               3  3234      光環                  102.00         40.50    83.37%    118.00   122.00   114.00   115.00      178.50   185.00   175.00   180.00    +65.00   +56.52%
       3               2  8227      巨有科技                132.50         14.00    73.50%    152.00   152.00   147.50   150.00      263.00   279.00   252.00   279.00   +129.00   +86.00%
       4               8  3441      聯一光                  89.20         21.50    61.00%     90.30    93.80    85.00    85.40      185.00   187.00   177.00   185.50   +100.10  +117.21%
       5               5  3498      陽程                  114.50         40.50    58.44%    108.00   113.00   106.50   113.00      185.50   200.00   183.00   195.00    +82.00   +72.57%
       6               7  7772      耀穎                   54.00          0.00    54.30%     95.40    96.60    91.50    92.60      148.00   160.50   147.00   155.50    +62.90   +67.93%
       7               4  6147      頎邦                   83.50          9.50    53.93%    156.00   158.50   153.50   158.50      217.00   229.00   213.00   229.00    +70.50   +44.48%
       8               6  6173      信昌電                 244.00         87.00    48.17%    171.00   178.00   161.50   165.00      309.00   314.00   300.00   314.00   +149.00   +90.30%
       9              10  3624      光頡                   21.00          0.00    46.87%     72.60    74.80    70.00    74.80      122.00   126.50   117.00   126.00    +51.20   +68.45%
      10               9  2221      大甲                   22.00          0.00    45.83%     45.30    45.60    44.55    44.75      124.00   127.50   119.00   127.50    +82.75  +184.92%
      11              13  6620      漢達                   45.50          0.00    45.64%     89.00    91.50    88.40    89.30      147.00   155.00   140.50   149.00    +59.70   +66.85%
      12              11  3455      由田                   98.00         28.50    44.03%    189.00   196.00   185.00   186.00      255.00   256.00   243.00   255.50    +69.50   +37.37%
      13              12  5355      佳總                    0.00          0.00    39.61%      5.86     5.99     5.80     5.80        6.93     6.99     6.82     6.99     +1.19   +20.52%
      14              20  8064      東捷                   54.50         11.50    38.73%    106.50   108.50   103.00   104.00      127.50   136.00   125.00   136.00    +32.00   +30.77%
      15             105  3664      安瑞-KY                 0.00          0.00    37.77%      7.00     7.20     7.00     7.00        8.15     8.40     8.15     8.40     +1.40   +20.00%
      16              16  3374      精材                  266.00        141.00    37.69%    324.00   340.00   310.50   313.00      440.00   444.50   418.50   444.50   +131.50   +42.01%
      17              26  4908      前鼎                  162.00         75.50    36.85%    165.50   165.50   165.50   165.50      240.00   248.50   232.50   243.50    +78.00   +47.13%
      18              14  6945      圓祥生技                 20.20         11.00    36.52%     93.60    98.50    93.00    97.40      119.50   132.00   114.00   132.00    +34.60   +35.52%
      19              86  6617      共信-KY                45.50          0.00    36.16%     79.70    80.90    77.90    79.70      143.00   144.50   139.50   143.00    +63.30   +79.42%
      20              45  8047      星雲                    0.00          0.00    34.90%     42.70    44.20    42.00    44.20       46.50    46.50    45.00    45.10     +0.90    +2.04%
      21              17  6870      騰雲                   96.00         33.00    34.26%    247.00   256.00   243.00   253.00      327.50   327.50   312.00   312.00    +59.00   +23.32%
      22             984  6597      立誠                    0.00          0.00    33.96%        --       --       --       --       68.00    70.10    67.00    70.10        --        --
      23              84  6290      良維                  115.00         40.00    33.27%    222.50   224.00   213.00   213.50      274.00   288.00   270.50   282.50    +69.00   +32.32%
      24              19  6840      東研信超                  0.00          0.00    33.20%     63.30    68.60    63.20    68.60      104.00   111.00   101.50   108.00    +39.40   +57.43%
      25              28  4198      欣大健康                  0.00          0.00    33.12%     41.30    41.30    41.30    41.30       49.45    49.45    49.45    49.45     +8.15   +19.73%
      26            1015  7825      和亞智慧                 60.60         26.50    32.92%        --       --       --       --       82.00    84.80    78.70    79.70        --        --
      27             948  2724      藝舍-KY                 0.00          0.00    32.85%     10.60    10.60    10.60    10.60       10.75    11.65    10.75    11.65     +1.05    +9.91%
      28              15  5432      新門                   69.00          0.00    32.75%    112.50   112.50   106.00   108.50      146.50   160.00   146.50   160.00    +51.50   +47.47%
      29              24  6218      豪勉                    0.00          0.00    32.41%     33.50    34.90    33.50    33.80       57.20    61.60    56.10    61.60    +27.80   +82.25%
      30             183  6929      佑全                    0.00          0.00    32.26%     22.90    23.40    22.90    23.40       21.90    22.05    21.90    22.05     -1.35    -5.77%
      31             191  6865      偉康科技                  0.00          0.00    31.78%     24.70    25.35    24.45    24.75       27.10    27.40    26.60    27.00     +2.25    +9.09%
      32             548  6210      慶生                    0.00          0.00    31.32%     17.95    18.35    17.50    17.75       16.80    17.55    16.70    17.55     -0.20    -1.13%
      33              22  5345      馥鴻                    0.00          0.00    31.18%     21.35    24.15    21.35    24.15       21.15    22.10    21.15    22.10     -2.05    -8.49%
      34             879  8444      綠河-KY                 0.00          0.00    30.97%      5.23     5.35     5.22     5.35        4.60     4.60     4.50     4.59     -0.76   -14.21%
      35              42  8093      保銳                    0.00          0.00    30.85%     20.00    21.00    20.00    20.70       25.40    25.40    24.40    25.15     +4.45   +21.50%
      36              35  6727      亞泰金屬                283.50        191.00    30.66%    390.50   407.00   386.00   407.00      483.00   487.00   474.00   487.00    +80.00   +19.66%
      37             916  2948      寶陞                    0.00          0.00    30.66%     38.50    38.50    38.00    38.00       36.95    36.95    36.85    36.85     -1.15    -3.03%
      38              23  8431      匯鑽科                   0.00          0.00    30.64%     51.10    52.20    50.70    50.90       64.50    65.60    62.20    62.50    +11.60   +22.79%
      39            1014  6236      中湛                    0.00          0.00    30.64%        --       --       --       --       16.00    16.00    16.00    16.00        --        --
      40              25  6179      亞通                    0.00          0.00    30.39%     26.15    28.15    26.10    27.65       41.60    41.90    37.75    37.90    +10.25   +37.07%
==========================================================================================================================================================================
✅ 共 40 筆


══════════════════════════════════════════════════════════════════════════════════════════════════════════════
  🔄 第  8/30 次  2026/08/04 ～ 2026/09/17
══════════════════════════════════════════════════════════════════════════════════════════════════════════════

==========================================================================================================================================================================
📊 動能效率優先權分數排名 (2026/08/04 ~ 2026/09/17)
==========================================================================================================================================================================
    實資排名          累計天數排名  代號        名稱                 累計漲停(元)       累計跌停(元)       強度%  (08/04)開盤      最高      最低      收盤    (09/17)開盤      最高      最低      收盤      賺賠    賺賠率
--------------------------------------------------------------------------------------------------------------------------------------------------------------------------
       1               1  6538      倉和                  237.50         60.00   100.00%    137.50   148.50   136.50   148.50      377.00   392.50   344.00   353.00   +204.50  +137.71%
       2               2  3234      光環                  102.00         40.50    80.92%    104.00   114.00   103.00   113.00      180.00   194.00   176.00   177.00    +64.00   +56.64%
       3               3  8227      巨有科技                111.50         14.00    64.65%    142.00   146.00   139.00   146.00      273.00   281.00   258.00   258.00   +112.00   +76.71%
       4               8  3441      聯一光                  89.20         21.50    58.02%     93.50    95.80    85.50    89.60      198.50   201.00   188.50   192.50   +102.90  +114.84%
       5               5  3455      由田                  103.50         28.50    55.67%    167.00   184.00   166.00   182.50      242.50   263.00   239.50   246.00    +63.50   +34.79%
       6               7  3498      陽程                  104.00         40.50    54.79%    100.50   108.00    99.80   103.50      192.50   193.00   180.00   184.50    +81.00   +78.26%
       7               4  6147      頎邦                   64.00          9.50    50.33%    132.50   148.50   130.50   144.50      212.50   219.00   206.00   209.50    +65.00   +44.98%
       8               6  6173      信昌電                 233.50         87.00    48.47%    156.50   169.50   156.50   164.50      315.00   325.00   295.00   303.50   +139.00   +84.50%
       9              10  7772      耀穎                   44.50          0.00    45.91%     87.70    91.10    87.70    89.70      133.00   146.00   133.00   146.00    +56.30   +62.76%
      10              11  3624      光頡                   21.00          0.00    45.66%     64.50    68.60    63.40    68.00      124.50   130.00   115.00   118.00    +50.00   +73.53%
      11              13  6620      漢達                   45.50          0.00    44.90%     84.70    91.30    83.50    87.80      143.00   147.00   143.00   147.00    +59.20   +67.43%
      12               9  2221      大甲                   10.50          0.00    44.29%     43.45    45.90    43.25    44.50      110.50   116.00   108.00   116.00    +71.50  +160.67%
      13              12  5355      佳總                    0.00          0.00    41.76%      5.53     5.86     5.53     5.86        7.09     7.09     6.51     6.93     +1.07   +18.26%
      14              18  4908      前鼎                  171.50         75.50    41.12%    145.00   155.00   141.00   150.50      245.00   262.00   232.50   238.00    +87.50   +58.14%
      15              68  3664      安瑞-KY                 0.00          0.00    40.26%      6.25     6.79     6.25     6.79        8.14     8.15     8.14     8.15     +1.36   +20.03%
      16              14  6727      亞泰金屬                300.50        191.00    39.92%    336.50   370.00   334.50   370.00      481.50   508.00   463.00   470.50   +100.50   +27.16%
      17              91  6617      共信-KY                45.50          0.00    37.59%     78.60    81.90    78.60    79.30      138.00   149.00   137.50   143.00    +63.70   +80.33%
      18              17  6870      騰雲                   96.00         23.00    37.40%    249.50   252.50   240.50   248.00      317.50   322.50   309.00   322.00    +74.00   +29.84%
      19              21  3374      精材                  250.50        141.00    37.05%    324.00   324.00   303.00   309.50      429.00   445.00   423.00   429.00   +119.50   +38.61%
      20              70  8047      星雲                    0.00          0.00    36.92%     44.20    44.20    44.00    44.00       45.25    45.90    45.15    45.15     +1.15    +2.61%
      21              24  8064      東捷                   54.50         11.50    36.14%     97.30   104.00    96.10   104.00      123.00   130.00   123.00   130.00    +26.00   +25.00%
      22              15  8431      匯鑽科                   0.00          0.00    36.13%     46.55    51.50    46.55    51.50       65.00    68.00    63.40    64.80    +13.30   +25.83%
      23              20  6179      亞通                    0.00          0.00    35.86%     24.65    25.90    24.50    25.80       38.00    41.45    37.75    41.45    +15.65   +60.66%
      24              16  6945      圓祥生技                 20.20         11.00    35.43%     88.40    95.80    88.40    94.80      119.50   130.00   118.00   124.00    +29.20   +30.80%
      25              31  7717      萊德光電-KY             389.00        168.50    35.06%    392.50   423.50   392.00   413.00      544.00   579.00   530.00   579.00   +166.00   +40.19%
      26            1015  7825      和亞智慧                 60.60         26.50    34.99%        --       --       --       --       88.60    90.00    83.20    83.90        --        --
      27              23  5475      德宏                   93.50         55.00    34.83%    127.00   134.00   121.50   134.00      183.50   188.50   168.00   171.50    +37.50   +27.99%
      28             168  6929      佑全                    0.00          0.00    34.59%     23.00    23.75    23.00    23.75       22.00    22.00    21.35    21.35     -2.40   -10.11%
      29              22  6291      沛亨                  314.00        164.50    34.44%    342.50   366.50   338.00   366.50      494.50   539.00   494.50   517.00   +150.50   +41.06%
      30              36  4198      欣大健康                  0.00          0.00    34.27%     40.70    40.70    38.80    40.10       49.50    49.95    47.60    49.45     +9.35   +23.32%
      31              27  6840      東研信超                  0.00          0.00    34.10%     61.50    62.70    61.00    62.40       92.90   101.50    92.90   101.50    +39.10   +62.66%
      32              30  7714      創泓科技                 82.50          9.50    33.83%    146.00   155.00   145.00   155.00      180.00   182.00   174.00   174.00    +19.00   +12.26%
      33             384  6865      偉康科技                  0.00          0.00    33.58%     24.70    24.70    24.70    24.70       26.45    26.50    26.10    26.50     +1.80    +7.29%
      34             989  6597      立誠                    0.00          0.00    33.55%     66.60    66.60    57.00    64.00       73.40    73.40    68.00    69.90     +5.90    +9.22%
      35              25  6588      東典光電                 19.50          0.00    33.46%     86.70    95.40    85.80    95.40      115.50   121.00   114.50   118.50    +23.10   +24.21%
      36             920  8444      綠河-KY                 0.00          0.00    32.82%        --       --       --       --        4.30     5.00     4.25     5.00        --        --
      37              28  8906      花王                    0.00          0.00    32.77%     25.60    26.25    25.45    26.25       29.20    29.50    29.00    29.40     +3.15   +12.00%
      38             132  6290      良維                   98.50         40.00    32.57%    218.00   218.50   212.50   215.00      267.50   282.00   266.00   266.00    +51.00   +23.72%
      39             883  4806      桂田文創                  0.00          0.00    32.54%      9.91    10.10     9.91    10.10        8.79     9.16     8.79     9.15     -0.95    -9.41%
      40              33  6218      豪勉                    0.00          0.00    32.48%     32.45    33.70    32.00    33.05       56.00    58.90    53.70    56.00    +22.95   +69.44%
==========================================================================================================================================================================
✅ 共 40 筆


══════════════════════════════════════════════════════════════════════════════════════════════════════════════
  🔄 第  9/30 次  2026/08/03 ～ 2026/09/16
══════════════════════════════════════════════════════════════════════════════════════════════════════════════

==========================================================================================================================================================================
📊 動能效率優先權分數排名 (2026/08/03 ~ 2026/09/16)
==========================================================================================================================================================================
    實資排名          累計天數排名  代號        名稱                 累計漲停(元)       累計跌停(元)       強度%  (08/03)開盤      最高      最低      收盤    (09/16)開盤      最高      最低      收盤      賺賠    賺賠率
--------------------------------------------------------------------------------------------------------------------------------------------------------------------------
       1               1  6538      倉和                  237.50         32.50   100.00%    136.00   140.00   132.00   135.00      370.50   398.50   365.00   380.50   +245.50  +181.85%
       2               2  3234      光環                  102.00         40.50    79.62%     95.70   105.00    95.70   104.00      163.50   179.50   163.50   177.50    +73.50   +70.67%
       3               3  8227      巨有科技                111.50          0.00    66.22%    137.00   144.00   135.00   140.00      250.50   274.00   248.00   272.00   +132.00   +94.29%
       4               7  3441      聯一光                  89.20         21.50    57.97%     87.00    92.40    83.30    92.40      170.00   186.00   170.00   186.00    +93.60  +101.30%
       5               4  6173      信昌電                 248.00         75.50    56.34%    145.50   160.00   145.50   160.00      304.00   323.00   295.00   315.00   +155.00   +96.88%
       6               8  3498      陽程                  104.00         40.50    55.64%     90.80    99.00    88.70    99.00      175.00   190.50   174.00   190.50    +91.50   +92.42%
       7               6  3455      由田                  103.50         28.50    52.79%    157.50   171.00   156.00   167.50      228.50   244.50   228.50   240.50    +73.00   +43.58%
       8               5  6147      頎邦                   64.00          9.50    49.46%    128.00   143.00   128.00   135.50      201.50   207.50   197.50   207.50    +72.00   +53.14%
       9               9  3624      光頡                   21.00          0.00    47.81%     61.00    65.00    61.00    64.40      125.00   127.00   121.00   123.00    +58.60   +90.99%
      10              11  6727      亞泰金屬                331.00        191.00    44.09%    325.00   336.50   316.00   336.50      472.00   487.00   472.00   477.00   +140.50   +41.75%
      11              10  5355      佳總                    0.00          0.00    41.78%      5.02     5.53     5.00     5.53        6.48     7.10     6.46     6.85     +1.32   +23.87%
      12              16  4908      前鼎                  171.50         75.50    40.37%    135.00   143.00   135.00   141.00      226.00   243.00   223.50   240.50    +99.50   +70.57%
      13              13  5475      德宏                  104.50         44.50    39.40%    116.00   122.00   116.00   122.00      171.50   186.00   171.50   182.00    +60.00   +49.18%
      14              14  2221      大甲                    0.00          0.00    39.08%     42.20    43.75    42.20    43.20       96.10   105.50    95.60   105.50    +62.30  +144.21%
      15             610  3664      安瑞-KY                 0.00          0.00    37.10%        --       --       --       --        7.63     8.15     7.63     8.14        --        --
      16              28  6620      漢達                   32.50          0.00    36.97%     87.90    90.00    83.30    84.30      119.00   134.00   118.50   134.00    +49.70   +58.96%
      17              17  3374      精材                  278.00        141.00    36.70%    290.50   304.50   287.50   304.50      417.00   436.00   410.50   424.00   +119.50   +39.24%
      18              22  7717      萊德光電-KY             372.50        168.50    36.02%    364.50   392.50   357.50   392.50      500.00   527.00   492.00   527.00   +134.50   +34.27%
      19              12  8358      金居                  358.00        193.00    35.33%    299.00   327.50   298.00   327.50      495.50   510.00   482.50   510.00   +182.50   +55.73%
      20              18  6217      中探針                  83.50         26.00    34.87%    109.50   122.00   109.50   122.00      157.50   166.00   157.50   165.00    +43.00   +35.25%
      21              15  6291      沛亨                  297.00        164.50    34.76%    313.00   342.50   313.00   333.50      446.00   490.50   446.00   490.50   +157.00   +47.08%
      22              32  7714      創泓科技                 82.50          9.50    34.68%    137.00   147.00   137.00   141.00      183.00   184.00   178.00   181.50    +40.50   +28.72%
      23              99  8047      星雲                    0.00          0.00    34.02%     44.10    44.50    44.10    44.20          --       --       --       --        --        --
      24              19  8431      匯鑽科                   0.00          0.00    33.96%     45.55    47.65    45.55    46.85       60.10    65.80    60.00    65.00    +18.15   +38.74%
      25             174  6929      佑全                    0.00          0.00    33.81%     22.05    23.25    22.05    23.25       21.25    21.75    21.25    21.35     -1.90    -8.17%
      26              20  6683      雍智科技               1288.00        650.00    33.80%    998.00  1015.00   981.00  1015.00     1450.00  1595.00  1420.00  1595.00   +580.00   +57.14%
      27              25  6870      騰雲                   96.00         23.00    33.59%    247.00   255.50   241.50   246.50      326.50   330.00   301.00   316.00    +69.50   +28.19%
      28              21  4931      新盛力                 118.00         82.50    33.05%    176.00   195.00   176.00   191.00      226.00   237.50   226.00   236.00    +45.00   +23.56%
      29            1015  7825      和亞智慧                 60.60         26.50    32.95%        --       --       --       --       78.70    88.40    78.10    88.00        --        --
      30              69  6290      良維                  108.00         40.00    32.75%    207.00   219.50   203.50   217.50      253.00   269.00   253.00   264.00    +46.50   +21.38%
      31              31  4991      環宇-KY               381.00        288.00    31.88%    368.00   388.00   368.00   388.00      424.00   438.50   417.00   428.00    +40.00   +10.31%
      32             986  6597      立誠                    0.00          0.00    31.87%     62.00    62.00    62.00    62.00       70.10    70.10    70.10    70.10     +8.10   +13.06%
      33              30  3147      大綜                   49.50         21.50    31.82%    220.50   238.50   217.00   237.50      228.00   239.50   228.00   233.00     -4.50    -1.89%
      34              24  7828      創新服務               1585.00        895.00    31.64%   1340.00  1470.00  1300.00  1465.00     1860.00  2020.00  1855.00  2005.00   +540.00   +36.86%
      35             156  6617      共信-KY                45.50          0.00    31.61%     74.90    83.50    74.80    79.90      127.50   138.00   126.00   138.00    +58.10   +72.72%
      36              33  6945      圓祥生技                 20.20         11.00    31.57%     87.30    89.80    86.40    89.20      114.50   120.00   110.50   120.00    +30.80   +34.53%
      37              23  3105      穩懋                  327.50        165.50    31.46%    298.50   320.50   298.50   311.00      469.00   473.00   454.00   472.50   +161.50   +51.93%
      38              37  6179      亞通                    0.00          0.00    31.13%     24.10    25.10    23.95    24.65       34.40    38.00    34.40    37.70    +13.05   +52.94%
      39              27  1815      富喬                   11.50         11.00    31.07%     66.00    72.90    65.60    72.90      115.50   121.50   115.50   118.50    +45.60   +62.55%
      40              66  4198      欣大健康                  0.00          0.00    31.06%     40.85    40.85    39.35    40.35       49.90    50.00    47.25    49.40     +9.05   +22.43%
==========================================================================================================================================================================
✅ 共 40 筆


══════════════════════════════════════════════════════════════════════════════════════════════════════════════
  🔄 第 10/30 次  2026/07/31 ～ 2026/09/15
══════════════════════════════════════════════════════════════════════════════════════════════════════════════

==========================================================================================================================================================================
📊 動能效率優先權分數排名 (2026/07/31 ~ 2026/09/15)
==========================================================================================================================================================================
    實資排名          累計天數排名  代號        名稱                 累計漲停(元)       累計跌停(元)       強度%  (07/31)開盤      最高      最低      收盤    (09/15)開盤      最高      最低      收盤      賺賠    賺賠率
--------------------------------------------------------------------------------------------------------------------------------------------------------------------------
       1               1  6538      倉和                  231.50         32.50   100.00%    134.00   140.50   128.00   138.00      372.50   376.00   364.00   365.00   +227.00  +164.49%
       2               4  3234      光環                   88.00         40.50    70.92%     95.60    95.70    95.60    95.70      172.50   173.50   163.00   163.50    +67.80   +70.85%
       3               2  6173      信昌電                 240.50         75.50    59.90%    145.50   145.50   134.00   145.50      299.00   308.00   289.50   294.50   +149.00  +102.41%
       4               6  3455      由田                  100.50         28.50    58.13%    164.50   165.50   160.00   162.50      228.50   233.50   225.50   225.50    +63.00   +38.77%
       5               3  6147      頎邦                   75.50          9.50    56.48%    130.00   130.00   126.00   130.00      194.50   206.50   194.50   200.00    +70.00   +53.85%
       6               5  8227      巨有科技                100.00          0.00    56.18%    142.50   143.00   137.50   141.00      239.00   253.00   239.00   249.50   +108.50   +76.95%
       7              10  3441      聯一光                  72.70         21.50    52.87%     81.70    84.00    78.90    84.00      162.00   176.50   159.00   169.50    +85.50  +101.79%
       8              12  3498      陽程                   87.00         40.50    51.47%     92.10    94.40    89.80    90.00      188.50   190.00   173.50   173.50    +83.50   +92.78%
       9               9  6727      亞泰金屬                358.50        191.00    50.71%    306.00   306.00   306.00   306.00      494.50   504.00   468.00   469.50   +163.50   +53.43%
      10               8  3624      光頡                   21.00          0.00    50.31%     62.50    62.50    56.90    62.50      122.50   129.50   120.00   123.50    +61.00   +97.60%
      11               7  6870      騰雲                  118.00         10.00    44.12%    230.00   246.50   230.00   246.50      306.00   334.50   306.00   329.00    +82.50   +33.47%
      12              18  4908      前鼎                  167.00         75.50    44.01%    132.00   132.00   128.50   132.00      223.00   245.00   218.00   224.00    +92.00   +69.70%
      13              15  7714      創泓科技                 95.00          9.50    43.57%    135.00   137.50   133.00   137.50      184.00   190.00   178.00   178.00    +40.50   +29.45%
      14              14  5475      德宏                  102.50         44.50    43.18%    111.00   111.00   110.50   111.00      173.00   179.50   169.50   170.00    +59.00   +53.15%
      15              13  5355      佳總                    0.00          0.00    43.16%      5.06     5.35     4.66     5.03        6.01     6.54     6.01     6.54     +1.51   +30.02%
      16              20  7717      萊德光電-KY             348.00        168.50    42.16%    352.00   367.00   351.00   357.00      478.50   503.00   472.00   479.50   +122.50   +34.31%
      17              16  3374      精材                  287.50        141.00    40.89%    277.00   277.00   277.00   277.00      429.00   430.50   407.00   408.50   +131.50   +47.47%
      18              17  3147      大綜                   69.50         21.50    40.84%    210.50   222.00   210.50   222.00      229.00   233.50   225.00   227.00     +5.00    +2.25%
      19              11  8358      金居                  357.00        193.00    40.61%    298.00   298.00   295.00   298.00      515.00   516.00   480.00   482.00   +184.00   +61.74%
      20              21  2221      大甲                    0.00          0.00    40.34%     43.15    44.10    42.75    43.30       88.30    98.80    88.20    96.10    +52.80  +121.94%
      21              23  6217      中探針                  93.00         26.00    40.20%    111.50   111.50    93.60   111.00      159.00   169.50   156.00   156.50    +45.50   +40.99%
      22              22  4931      新盛力                 123.00         82.50    39.53%    177.50   177.50   174.50   177.50      229.50   233.00   225.00   225.00    +47.50   +26.76%
      23             820  3664      安瑞-KY                 0.00          0.00    39.32%      6.16     6.16     6.16     6.16        6.98     7.67     6.98     7.67     +1.51   +24.51%
      24              44  8047      星雲                    0.00          0.00    39.31%     42.00    44.20    42.00    44.20       46.70    46.70    46.65    46.70     +2.50    +5.66%
      25              30  4991      環宇-KY               403.00        288.00    38.89%    353.00   353.00   350.00   353.00      445.50   448.00   418.00   418.00    +65.00   +18.41%
      26             982  6597      立誠                    0.00          0.00    38.47%     55.60    61.00    55.60    60.90          --       --       --       --        --        --
      27              26  6894      衛司特                 103.50         40.50    38.31%    315.00   323.50   308.00   323.00      357.00   363.50   351.50   352.50    +29.50    +9.13%
      28              24  3105      穩懋                  335.50        165.50    38.28%    294.00   294.50   280.00   294.50      447.50   476.00   445.50   454.00   +159.50   +54.16%
      29             340  6929      佑全                    0.00          0.00    37.87%     23.40    23.40    23.20    23.30       21.10    22.05    20.50    22.05     -1.25    -5.36%
      30              25  6291      沛亨                  278.50        164.50    37.81%    327.50   327.50   318.50   324.00      459.00   467.50   445.00   446.00   +122.00   +37.65%
      31              28  6683      雍智科技               1227.00        650.00    37.80%    927.00   927.00   910.00   927.00     1390.00  1465.00  1390.00  1450.00   +523.00   +56.42%
      32              40  6829      千附精密                106.50         96.50    37.78%    170.00   172.50   164.50   171.50      211.00   213.00   202.50   204.00    +32.50   +18.95%
      33              29  7828      創新服務               1545.00        895.00    37.45%   1340.00  1340.00  1280.00  1340.00     1910.00  2040.00  1845.00  1845.00   +505.00   +37.69%
      34              19  3693      營邦                  315.00        142.00    37.39%    435.50   447.00   435.50   447.00      680.00   685.00   662.00   666.00   +219.00   +48.99%
      35              59  6290      良維                  116.00         40.00    36.72%    205.00   208.00   200.50   208.00      260.00   265.50   253.50   253.50    +45.50   +21.88%
      36              27  8431      匯鑽科                   0.00          0.00    36.55%     45.75    46.75    44.25    45.90       61.50    63.00    60.00    60.10    +14.20   +30.94%
      37              31  7772      耀穎                   31.50          0.00    35.90%     86.70    88.00    84.10    84.10      126.00   133.00   121.50   130.00    +45.90   +54.58%
      38            1015  7825      和亞智慧                 60.60         26.50    35.73%        --       --       --       --       88.20    88.90    80.60    81.00        --        --
      39             738  6865      偉康科技                  0.00          0.00    35.59%     25.05    25.15    24.35    25.05       27.70    29.55    25.45    26.70     +1.65    +6.59%
      40              33  1815      富喬                   11.50         11.00    35.34%     66.20    66.30    64.50    66.30      119.00   121.50   114.50   114.50    +48.20   +72.70%
==========================================================================================================================================================================
✅ 共 40 筆


══════════════════════════════════════════════════════════════════════════════════════════════════════════════
  🔄 第 11/30 次  2026/07/30 ～ 2026/09/14
══════════════════════════════════════════════════════════════════════════════════════════════════════════════

==========================================================================================================================================================================
📊 動能效率優先權分數排名 (2026/07/30 ~ 2026/09/14)
==========================================================================================================================================================================
    實資排名          累計天數排名  代號        名稱                 累計漲停(元)       累計跌停(元)       強度%  (07/30)開盤      最高      最低      收盤    (09/14)開盤      最高      最低      收盤      賺賠    賺賠率
--------------------------------------------------------------------------------------------------------------------------------------------------------------------------
       1               1  6538      倉和                  231.50         32.50   100.00%    120.50   134.00   117.50   128.50      362.00   379.50   355.00   372.50   +244.00  +189.88%
       2               2  3234      光環                   88.00         30.00    67.34%     83.40    96.00    83.40    87.00      183.00   186.50   173.00   174.00    +87.00  +100.00%
       3               3  3455      由田                  100.50         28.50    51.21%    145.00   161.00   145.00   150.50      230.00   237.00   222.50   230.50    +80.00   +53.16%
       4               4  6147      頎邦                   64.50          9.50    45.29%    119.50   128.50   113.50   118.50      176.00   191.50   171.00   189.00    +70.50   +59.49%
       5               9  3498      陽程                   87.00         23.50    44.08%     91.50    94.10    84.10    86.30      188.00   199.00   186.50   190.50   +104.20  +120.74%
       6               5  6173      信昌電                 240.50         90.00    40.69%    132.50   142.50   132.50   132.50      274.00   304.50   272.50   293.50   +161.00  +121.51%
       7               6  8227      巨有科技                100.00          0.00    39.97%    132.00   137.50   128.00   130.00      240.50   259.00   235.00   241.00   +111.00   +85.38%
       8               8  3624      光頡                   21.00          0.00    39.44%     59.10    62.00    56.10    56.90      122.00   128.50   117.00   124.00    +67.10  +117.93%
       9              15  3441      聯一光                  72.70         21.50    39.14%     84.00    90.50    76.40    76.40      167.00   173.00   157.50   160.50    +84.10  +110.08%
      10              12  4908      前鼎                  167.00         75.50    34.24%    117.00   131.00   117.00   120.00      227.50   235.00   220.00   225.50   +105.50   +87.92%
      11               7  5475      德宏                  102.50         44.50    32.74%    105.00   113.50   100.00   101.00      172.50   181.50   171.00   176.00    +75.00   +74.26%
      12              13  6727      亞泰金屬                358.50        202.50    31.02%    278.50   300.00   278.50   278.50      505.00   509.00   482.00   488.50   +210.00   +75.40%
      13              10  3147      大綜                   69.50         21.50    30.02%    209.00   210.00   199.50   202.00      223.50   232.50   222.00   226.00    +24.00   +11.88%
      14              18  5355      佳總                    0.00          0.00    29.05%      5.44     5.44     5.00     5.02        5.84     5.99     5.84     5.95     +0.93   +18.53%
      15              11  6870      騰雲                   93.50         10.00    28.34%    220.00   229.50   219.00   224.50      308.00   314.50   301.00   304.50    +80.00   +35.63%
      16              24  3374      精材                  287.50        147.50    28.20%    265.00   279.50   252.00   252.00      440.00   447.50   417.50   429.50   +177.50   +70.44%
      17              69  8047      星雲                    0.00          0.00    27.47%     44.20    44.20    42.10    42.10       46.70    46.70    46.70    46.70     +4.60   +10.93%
      18              20  6894      衛司特                 103.50         29.00    27.43%    302.50   310.50   295.00   295.50      354.50   369.00   354.50   364.00    +68.50   +23.18%
      19             978  6597      立誠                    0.00          0.00    27.02%     57.10    57.10    53.80    55.60          --       --       --       --        --        --
      20              25  2221      大甲                    0.00          0.00    26.71%     43.95    44.85    42.10    42.10       92.80    97.80    89.20    89.90    +47.80  +113.54%
      21              16  8358      金居                  357.00        187.00    26.32%    281.00   299.50   271.00   271.00      477.00   530.00   477.00   518.00   +247.00   +91.14%
      22              17  8431      匯鑽科                   0.00          0.00    26.31%     43.60    45.50    43.50    44.15       56.30    62.50    55.20    62.50    +18.35   +41.56%
      23             874  3664      安瑞-KY                 0.00          0.00    26.29%      5.60     5.60     5.60     5.60        6.80     6.98     6.80     6.98     +1.38   +24.64%
      24             330  6929      佑全                    0.00          0.00    25.92%     21.50    21.60    21.50    21.50       21.05    22.40    21.05    22.05     +0.55    +2.56%
      25            1016  7825      和亞智慧                 60.60         15.10    25.83%        --       --       --       --      102.50   102.50    90.00    92.40        --        --
      26             833  6865      偉康科技                  0.00          0.00    25.25%        --       --       --       --       25.80    27.70    25.80    27.70        --        --
      27              21  7714      創泓科技                 95.00         20.50    25.22%    132.50   143.00   125.00   125.00      178.50   189.50   178.50   183.00    +58.00   +46.40%
      28              22  1815      富喬                   11.50         11.00    24.56%     61.50    65.00    59.10    60.30      126.00   127.00   119.50   120.00    +59.70   +99.00%
      29              14  7751      竑騰                 1345.00       1155.00    24.45%   1045.00  1175.00  1000.00  1120.00     1305.00  1460.00  1305.00  1405.00   +285.00   +25.45%
      30              42  3555      博士旺                  71.00         34.00    24.30%    135.00   145.00   128.50   135.00      182.00   192.00   180.00   185.00    +50.00   +37.04%
      31             111  4198      欣大健康                  0.00          0.00    24.19%     41.15    44.50    41.15    43.00       48.00    49.80    48.00    49.80     +6.80   +15.81%
      32             175  3357      臺慶科                  84.00         25.00    24.00%    170.00   193.50   170.00   176.50      197.00   202.00   194.50   199.00    +22.50   +12.75%
      33              47  7717      萊德光電-KY             348.00        197.50    23.82%    340.50   370.50   327.50   334.00      505.00   540.00   485.00   487.00   +153.00   +45.81%
      34              19  5386      青雲                  158.50        107.00    23.79%    206.00   225.50   201.50   207.00      308.00   321.50   299.50   302.00    +95.00   +45.89%
      35            1014  6236      中湛                    0.00          0.00    23.39%        --       --       --       --          --       --       --       --        --        --
      36              30  6532      瑞耘                    0.00          0.00    23.21%     61.30    62.50    59.40    60.20       92.00    95.50    91.80    93.50    +33.30   +55.32%
      37             628  4806      桂田文創                  0.00          0.00    23.18%      9.61     9.89     9.30     9.89        8.70     9.06     8.27     9.03     -0.86    -8.70%
      38              36  5516      雙喜                    0.00          0.00    22.98%     10.60    10.65    10.60    10.65       11.80    12.30    11.70    11.75     +1.10   +10.33%
      39              43  3467      台灣精材                  0.00          0.00    22.97%     44.05    44.60    42.25    43.30       64.40    64.40    64.40    64.40    +21.10   +48.73%
      40             777  4192      杏國                    0.00          0.00    22.89%     19.00    19.00    18.55    19.00       18.20    18.85    18.20    18.85     -0.15    -0.79%
==========================================================================================================================================================================
✅ 共 40 筆


══════════════════════════════════════════════════════════════════════════════════════════════════════════════
  🔄 第 12/30 次  2026/07/29 ～ 2026/09/11
══════════════════════════════════════════════════════════════════════════════════════════════════════════════

==========================================================================================================================================================================
📊 動能效率優先權分數排名 (2026/07/29 ~ 2026/09/11)
==========================================================================================================================================================================
    實資排名          累計天數排名  代號        名稱                 累計漲停(元)       累計跌停(元)       強度%  (07/29)開盤      最高      最低      收盤    (09/11)開盤      最高      最低      收盤      賺賠    賺賠率
--------------------------------------------------------------------------------------------------------------------------------------------------------------------------
       1               1  6538      倉和                  231.50         32.50   100.00%    120.00   123.00   108.50   122.00      337.50   370.00   337.50   368.00   +246.00  +201.64%
       2               3  3441      聯一光                  72.70         21.50    45.04%     77.50    84.90    75.00    84.80      149.50   166.00   147.00   166.00    +81.20   +95.75%
       3              10  3498      陽程                   87.00         23.50    43.18%    101.00   101.00    89.30    93.30      188.00   196.00   184.50   192.00    +98.70  +105.79%
       4               2  3234      光環                   88.00         26.40    41.86%    100.50   101.00    90.00    90.00      187.00   194.50   183.50   187.50    +97.50  +108.33%
       5               8  3624      光頡                   21.00          0.00    38.16%     67.10    67.10    62.30    62.30      108.00   124.50   107.00   124.50    +62.20   +99.84%
       6               6  4908      前鼎                  167.00         63.50    34.57%    134.00   135.50   120.50   125.50      242.50   253.00   235.00   237.50   +112.00   +89.24%
       7               5  6173      信昌電                 240.50        106.00    33.45%    149.50   149.50   147.00   147.00      295.00   321.00   281.00   290.00   +143.00   +97.28%
       8               7  3455      由田                  100.50         45.00    31.30%    171.00   173.00   152.00   152.00      229.00   241.00   222.00   233.50    +81.50   +53.62%
       9            1016  7825      和亞智慧                 60.60          0.00    29.47%        --       --       --       --      101.00   117.50    98.20   107.50        --        --
      10              44  8047      星雲                    0.00          0.00    29.37%     43.20    44.30    42.55    44.20       45.00    49.75    44.95    47.40     +3.20    +7.24%
      11              11  5355      佳總                    0.00          0.00    29.08%      5.71     5.80     5.35     5.49        5.79     5.89     5.71     5.89     +0.40    +7.29%
      12               9  6727      亞泰金屬                358.50        218.00    28.47%    313.00   313.00   309.00   309.00      505.00   524.00   499.00   507.00   +198.00   +64.08%
      13              14  8227      巨有科技                100.00         10.00    28.07%    146.00   146.00   130.00   134.00      235.00   239.00   229.50   239.00   +105.00   +78.36%
      14              12  2221      大甲                    0.00          0.00    27.83%     45.90    46.35    42.65    44.05      103.00   105.50    95.40    95.40    +51.35  +116.57%
      15               4  6147      頎邦                   64.50         23.00    27.82%    139.50   139.50   126.00   126.00      186.50   188.50   180.00   181.00    +55.00   +43.65%
      16             979  6597      立誠                    0.00          0.00    27.64%     61.40    61.40    58.00    59.50          --       --       --       --        --        --
      17              63  6929      佑全                    0.00          0.00    27.31%     21.90    23.00    21.50    23.00       21.75    21.75    21.75    21.75     -1.25    -5.43%
      18              22  3374      精材                  287.50        144.50    27.03%    308.50   308.50   279.50   279.50      472.00   496.00   463.00   463.50   +184.00   +65.83%
      19             752  6865      偉康科技                  0.00          0.00    25.80%     24.40    25.40    23.85    25.40       25.90    25.90    25.20    25.20     -0.20    -0.79%
      20             764  3664      安瑞-KY                 0.00          0.00    25.76%      5.49     5.49     5.20     5.20        7.05     7.05     7.05     7.05     +1.85   +35.58%
      21              29  5475      德宏                  102.50         55.00    25.57%    113.00   117.00   108.00   109.00      181.00   196.00   175.00   175.00    +66.00   +60.55%
      22              13  1815      富喬                   11.50         11.00    24.96%     68.60    68.70    61.20    62.70      125.00   129.00   122.00   127.50    +64.80  +103.35%
      23            1013  6236      中湛                    0.00          0.00    24.67%        --       --       --       --          --       --       --       --        --        --
      24              50  4198      欣大健康                  0.00          0.00    24.61%     41.50    41.50    41.50    41.50       48.30    48.30    48.30    48.30     +6.80   +16.39%
      25              30  3555      博士旺                  71.00         34.00    24.51%    137.00   140.50   127.00   134.00      183.00   186.00   182.00   182.00    +48.00   +35.82%
      26             886  2948      寶陞                    0.00          0.00    24.47%     36.00    37.25    36.00    36.95       37.00    37.55    36.90    37.55     +0.60    +1.62%
      27              71  8093      保銳                    0.00          0.00    24.31%     18.20    18.70    18.20    18.50       26.45    26.45    25.00    25.50     +7.00   +37.84%
      28             941  2235      謚源                    0.00          0.00    24.23%     26.00    26.75    26.00    26.75       28.45    28.80    28.45    28.80     +2.05    +7.66%
      29              16  5516      雙喜                    0.00          0.00    24.13%     10.65    10.65    10.35    10.55       11.75    11.90    11.75    11.75     +1.20   +11.37%
      30              15  8431      匯鑽科                   0.00          0.00    23.90%     46.80    46.80    43.50    44.50       59.40    59.40    56.90    56.90    +12.40   +27.87%
      31              41  7714      創泓科技                 85.50         20.50    23.80%    143.00   143.00   129.00   136.00      154.50   173.50   154.50   173.50    +37.50   +27.57%
      32              17  6240      松崗                    0.00          0.00    23.71%     17.20    17.75    17.20    17.30       22.55    23.20    22.55    22.80     +5.50   +31.79%
      33              23  8906      花王                    0.00          0.00    23.60%     25.70    25.70    24.40    25.30       27.50    28.30    27.50    28.30     +3.00   +11.86%
      34              24  5340      建榮                    0.00          0.00    23.55%     61.60    62.90    56.80    59.30       84.10    88.40    83.30    85.90    +26.60   +44.86%
      35              32  6179      亞通                    0.00          0.00    23.49%     24.00    24.20    22.40    23.10       38.20    38.55    34.90    35.75    +12.65   +54.76%
      36             882  4192      杏國                    0.00          0.00    23.33%        --       --       --       --       18.25    18.25    18.25    18.25        --        --
      37             599  4806      桂田文創                  0.00          0.00    23.25%      9.81     9.81     9.68     9.68        8.81     9.08     8.79     9.07     -0.61    -6.30%
      38             654  3357      臺慶科                  84.00         25.00    23.25%    195.00   197.50   178.00   185.00      203.00   210.00   201.00   201.00    +16.00    +8.65%
      39              39  8937      合騏*                   0.00          0.00    23.25%     23.30    23.60    22.10    22.70       29.20    30.85    29.20    29.50     +6.80   +29.96%
      40              33  1780      立弘                    0.00          0.00    23.16%     23.50    23.80    22.25    23.80       24.25    24.80    24.20    24.35     +0.55    +2.31%
==========================================================================================================================================================================
✅ 共 40 筆


══════════════════════════════════════════════════════════════════════════════════════════════════════════════
  🔄 第 13/30 次  2026/07/28 ～ 2026/09/10
══════════════════════════════════════════════════════════════════════════════════════════════════════════════

==========================================================================================================================================================================
📊 動能效率優先權分數排名 (2026/07/28 ~ 2026/09/10)
==========================================================================================================================================================================
    實資排名          累計天數排名  代號        名稱                 累計漲停(元)       累計跌停(元)       強度%  (07/28)開盤      最高      最低      收盤    (09/10)開盤      最高      最低      收盤      賺賠    賺賠率
--------------------------------------------------------------------------------------------------------------------------------------------------------------------------
       1               1  6538      倉和                  202.00         32.50   100.00%    122.00   122.50   116.00   117.50      338.00   349.00   335.00   338.50   +221.00  +188.09%
       2               3  3441      聯一光                  57.70         21.50    44.02%     67.50    77.70    67.00    77.20      141.50   157.00   137.00   151.00    +73.80   +95.60%
       3               2  3234      光環                   88.00         26.40    43.28%     99.70   104.50    98.70    99.90      196.00   205.50   192.50   195.00    +95.10   +95.20%
       4               6  3498      陽程                   87.00         23.50    42.08%    105.00   106.00    99.20    99.20      189.50   201.00   189.00   191.00    +91.80   +92.54%
       5               4  6173      信昌電                 240.50        124.00    30.62%    163.00   163.00   163.00   163.00      268.50   295.00   265.50   295.00   +132.00   +80.98%
       6              15  4908      前鼎                  167.00         61.50    28.45%    140.00   142.00   133.00   133.50      239.00   265.00   238.00   249.00   +115.50   +86.52%
       7               8  2221      大甲                    0.00          0.00    28.28%     47.50    47.65    45.60    46.35       87.80    96.50    86.30    96.50    +50.15  +108.20%
       8              23  8047      星雲                    0.00          0.00    28.20%     43.00    44.50    42.90    44.50       46.30    50.00    46.15    49.05     +4.55   +10.22%
       9              21  6929      佑全                    0.00          0.00    27.76%     21.70    22.85    21.70    22.85       21.85    21.85    21.35    21.65     -1.20    -5.25%
      10               5  5355      佳總                    0.00          0.00    27.44%      6.02     6.02     5.61     5.92        5.85     5.85     5.72     5.80     -0.12    -2.03%
      11             978  6597      立誠                    0.00          0.00    26.68%        --       --       --       --       69.50    72.50    69.50    72.50        --        --
      12              12  3624      光頡                   10.00          0.00    26.37%     69.20    69.20    69.20    69.20      100.50   113.50   100.00   113.50    +44.30   +64.02%
      13              14  8227      巨有科技                 78.50         10.00    25.34%    145.00   152.00   143.50   144.00      203.00   217.50   201.00   217.50    +73.50   +51.04%
      14            1016  7825      和亞智慧                 60.60          0.00    25.27%        --       --       --       --       91.00   119.50    91.00   109.50        --        --
      15              25  3374      精材                  287.50        154.50    25.00%    313.00   321.50   310.50   310.50      481.00   494.00   476.00   488.00   +177.50   +57.17%
      16             595  6865      偉康科技                  0.00          0.00    24.71%     25.05    25.05    24.55    24.55       25.80    25.80    25.50    25.55     +1.00    +4.07%
      17             558  3664      安瑞-KY                 0.00          0.00    24.47%      5.49     5.49     5.49     5.49        7.58     7.58     7.58     7.58     +2.09   +38.07%
      18               9  6727      亞泰金屬                358.50        242.00    23.95%    358.00   358.00   343.00   343.00      508.00   535.00   503.00   521.00   +178.00   +51.90%
      19              28  8093      保銳                    0.00          0.00    23.90%     18.95    20.10    18.95    19.05          --       --       --       --        --        --
      20              16  6179      亞通                    0.00          0.00    23.69%     23.90    24.15    23.50    24.00       38.65    39.50    36.95    38.20    +14.20   +59.17%
      21            1013  6236      中湛                    0.00          0.00    23.19%        --       --       --       --          --       --       --       --        --        --
      22             255  4198      欣大健康                  0.00          0.00    23.11%        --       --       --       --       49.30    49.30    48.80    48.80        --        --
      23               7  6147      頎邦                   64.50         29.00    23.07%    146.00   150.50   139.50   139.50      193.50   202.50   189.00   190.50    +51.00   +36.56%
      24              13  3455      由田                  100.50         62.00    22.93%    176.00   178.00   168.50   168.50      230.00   243.00   227.50   229.00    +60.50   +35.91%
      25              38  5321      美而快                   0.00          0.00    22.56%     55.30    57.00    52.70    54.00       76.50    83.80    76.50    83.80    +29.80   +55.19%
      26             828  2948      寶陞                    0.00          0.00    22.54%     36.55    36.55    36.55    36.55       38.30    38.30    38.30    38.30     +1.75    +4.79%
      27             174  7770      君曜                    0.00          0.00    22.30%     39.40    40.95    39.40    40.95       37.00    37.80    37.00    37.50     -3.45    -8.42%
      28              11  5516      雙喜                    0.00          0.00    22.16%     10.70    10.70    10.50    10.55       12.10    12.10    12.10    12.10     +1.55   +14.69%
      29             451  6210      慶生                    0.00          0.00    22.13%     18.50    19.10    18.50    19.10       17.50    17.75    17.20    17.75     -1.35    -7.07%
      30             944  2235      謚源                    0.00          0.00    21.83%     27.50    27.50    27.00    27.00          --       --       --       --        --        --
      31             922  5276      達輝-KY                 0.00          0.00    21.65%     18.00    18.40    17.70    18.40       17.65    17.65    17.65    17.65     -0.75    -4.08%
      32              32  8431      匯鑽科                   0.00          0.00    21.62%     49.35    49.35    46.10    46.10       61.20    61.20    57.70    60.20    +14.10   +30.59%
      33             923  4192      杏國                    0.00          0.00    21.61%        --       --       --       --       18.55    18.90    18.40    18.90        --        --
      34              29  1780      立弘                    0.00          0.00    21.52%     23.95    24.15    23.00    24.15       24.25    24.80    23.90    24.80     +0.65    +2.69%
      35              47  5475      德宏                  102.50         58.00    21.39%    126.50   126.50   119.50   119.50      193.00   194.50   184.00   184.50    +65.00   +54.39%
      36              18  7839      達人網                   0.00          0.00    21.39%     45.25    45.30    45.00    45.30       42.90    44.00    42.55    43.95     -1.35    -2.98%
      37             990  3085      新零售                   0.00          0.00    21.25%        --       --       --       --       11.75    11.75    11.60    11.60        --        --
      38              17  1815      富喬                   11.50         11.00    21.11%     72.80    72.80    67.80    67.90      125.00   129.00   124.00   126.00    +58.10   +85.57%
      39              26  8906      花王                    0.00          0.00    21.01%     26.00    26.00    25.80    25.90       28.15    28.55    28.00    28.45     +2.55    +9.85%
      40              41  8937      合騏*                   0.00          0.00    20.94%     23.85    24.00    23.30    23.60       30.45    32.40    29.60    30.50     +6.90   +29.24%
==========================================================================================================================================================================
✅ 共 40 筆


══════════════════════════════════════════════════════════════════════════════════════════════════════════════
  🔄 第 14/30 次  2026/07/27 ～ 2026/09/09
══════════════════════════════════════════════════════════════════════════════════════════════════════════════

==========================================================================================================================================================================
📊 動能效率優先權分數排名 (2026/07/27 ~ 2026/09/09)
==========================================================================================================================================================================
    實資排名          累計天數排名  代號        名稱                 累計漲停(元)       累計跌停(元)       強度%  (07/27)開盤      最高      最低      收盤    (09/09)開盤      最高      最低      收盤      賺賠    賺賠率
--------------------------------------------------------------------------------------------------------------------------------------------------------------------------
       1               1  6538      倉和                  202.00         22.00   100.00%    132.00   134.50   126.00   126.50      320.00   353.00   316.50   349.00   +222.50  +175.89%
       2               2  3234      光環                   88.00         26.40    45.24%    104.50   109.50   103.00   105.50      200.00   206.00   194.00   200.00    +94.50   +89.57%
       3               3  3441      聯一光                  57.70         21.50    44.05%     65.00    70.70    65.00    70.70      132.50   144.00   129.00   143.50    +72.80  +102.97%
       4               6  3498      陽程                   87.00         23.50    42.14%    111.00   112.00   106.50   108.00      190.50   197.50   187.00   191.00    +83.00   +76.85%
       5               4  6173      信昌電                 230.00        124.00    37.23%    159.50   181.00   148.50   181.00      278.00   281.50   267.00   268.50    +87.50   +48.34%
       6               5  5355      佳總                    0.00          0.00    30.35%      5.75     6.03     5.75     6.03        5.76     5.89     5.72     5.89     -0.14    -2.32%
       7              61  6929      佑全                    0.00          0.00    29.34%        --       --       --       --       21.20    22.35    21.00    22.35        --        --
       8              19  4908      前鼎                  167.00         61.50    28.15%    139.50   146.50   138.50   143.00      238.50   243.00   229.50   242.00    +99.00   +69.23%
       9              42  8047      星雲                    0.00          0.00    27.35%     43.85    43.90    43.00    43.00       42.10    46.00    41.30    46.00     +3.00    +6.98%
      10             983  6597      立誠                    0.00          0.00    26.81%     62.60    62.60    62.60    62.60       68.20    73.00    68.20    73.00    +10.40   +16.61%
      11               8  2221      大甲                    0.00          0.00    26.41%     49.30    50.20    48.35    48.50       85.80    90.00    85.60    87.80    +39.30   +81.03%
      12             689  6865      偉康科技                  0.00          0.00    26.30%     25.05    25.05    25.05    25.05       24.45    26.25    24.45    25.80     +0.75    +2.99%
      13              25  3362      先進光                  68.00         49.00    26.14%    153.00   165.50   153.00   165.50      192.00   196.50   187.50   189.50    +24.00   +14.50%
      14              22  5475      德宏                  102.50         58.00    25.98%    125.50   133.50   125.00   132.00      190.00   203.50   188.50   193.00    +61.00   +46.21%
      15             596  3664      安瑞-KY                 0.00          0.00    25.79%      6.10     6.10     6.10     6.10        6.50     7.66     6.50     7.60     +1.50   +24.59%
      16             349  4198      欣大健康                  0.00          0.00    25.39%     40.90    41.90    40.00    41.90       45.30    50.00    45.20    49.95     +8.05   +19.21%
      17              29  8093      保銳                    0.00          0.00    25.23%        --       --       --       --       25.70    26.60    25.55    26.15        --        --
      18               9  6727      亞泰金屬                345.50        242.00    25.07%    372.50   382.50   370.50   381.00      526.00   540.00   499.50   508.00   +127.00   +33.33%
      19              16  6179      亞通                    0.00          0.00    24.95%     24.70    25.00    24.15    24.35       33.05    36.40    32.50    36.40    +12.05   +49.49%
      20               7  6147      頎邦                   64.50         29.00    24.73%    158.00   158.00   142.50   155.00      189.00   203.00   189.00   198.00    +43.00   +27.74%
      21            1013  6236      中湛                    0.00          0.00    24.51%        --       --       --       --          --       --       --       --        --        --
      22             429  6210      慶生                    0.00          0.00    24.33%     18.50    19.35    18.40    19.35       17.50    17.50    17.50    17.50     -1.85    -9.56%
      23             901  2948      寶陞                    0.00          0.00    23.86%        --       --       --       --       36.90    38.35    36.90    38.00        --        --
      24              20  3105      穩懋                  339.00        228.50    23.78%    313.50   368.00   307.50   355.00      462.00   478.00   457.50   464.00   +109.00   +30.70%
      25              18  8431      匯鑽科                   0.00          0.00    23.76%     48.75    51.00    48.00    49.40       63.30    63.60    61.00    61.20    +11.80   +23.89%
      26              15  3455      由田                  100.50         62.00    23.70%    190.50   190.50   180.00   185.50      230.00   236.50   229.00   232.00    +46.50   +25.07%
      27              40  3374      精材                  278.00        174.50    23.63%    365.00   375.00   330.50   345.00      471.00   487.00   471.00   478.50   +133.50   +38.70%
      28              10  5516      雙喜                    0.00          0.00    23.36%     10.80    10.80    10.60    10.75       12.00    12.10    11.85    12.10     +1.35   +12.56%
      29              26  1780      立弘                    0.00          0.00    23.35%     23.20    24.15    23.10    24.15       24.25    24.80    24.00    24.80     +0.65    +2.69%
      30             568  7770      君曜                    0.00          0.00    23.25%        --       --       --       --       34.50    37.10    34.50    37.00        --        --
      31             926  2235      謚源                    0.00          0.00    23.15%     27.80    27.80    27.80    27.80       26.70    28.30    26.55    28.30     +0.50    +1.80%
      32              13  3490      單井                    0.00          0.00    23.01%     27.10    27.80    26.55    27.75       43.55    44.75    43.50    44.20    +16.45   +59.28%
      33              39  8937      合騏*                   0.00          0.00    22.97%     23.95    24.70    23.50    24.60       27.50    30.45    27.50    30.45     +5.85   +23.78%
      34              11  1815      富喬                   11.50         11.00    22.93%     73.30    75.20    72.10    75.20      134.00   135.00   126.00   126.00    +50.80   +67.55%
      35             993  3085      新零售                   0.00          0.00    22.93%        --       --       --       --          --       --       --       --        --        --
      36              88  6264      富裔                    0.00          0.00    22.67%      5.91     6.11     5.91     6.09        5.95     6.00     5.92     6.00     -0.09    -1.48%
      37              27  8906      花王                    0.00          0.00    22.52%     25.95    26.40    25.95    26.40       28.70    28.70    28.55    28.55     +2.15    +8.14%
      38             943  4192      杏國                    0.00          0.00    22.41%        --       --       --       --       18.40    18.70    18.40    18.55        --        --
      39              30  7839      達人網                   0.00          0.00    22.22%     45.30    45.60    45.00    45.60       43.50    43.70    42.25    43.00     -2.60    -5.70%
      40              32  6840      東研信超                  0.00          0.00    22.20%     61.20    62.00    60.00    62.00       93.20    95.60    91.20    95.60    +33.60   +54.19%
==========================================================================================================================================================================
✅ 共 40 筆


══════════════════════════════════════════════════════════════════════════════════════════════════════════════
  🔄 第 15/30 次  2026/07/24 ～ 2026/09/08
══════════════════════════════════════════════════════════════════════════════════════════════════════════════

==========================================================================================================================================================================
📊 動能效率優先權分數排名 (2026/07/24 ~ 2026/09/08)
==========================================================================================================================================================================
    實資排名          累計天數排名  代號        名稱                 累計漲停(元)       累計跌停(元)       強度%  (07/24)開盤      最高      最低      收盤    (09/08)開盤      最高      最低      收盤      賺賠    賺賠率
--------------------------------------------------------------------------------------------------------------------------------------------------------------------------
       1               1  6538      倉和                  174.00         33.50   100.00%    144.00   147.50   132.50   133.50      307.00   328.00   299.00   321.00   +187.50  +140.45%
       2               2  3234      光環                   88.00         26.40    85.62%    104.00   114.50   102.50   107.50      203.50   206.50   195.50   197.00    +89.50   +83.26%
       3               6  3498      陽程                   87.00         23.50    77.15%    113.00   115.00   109.50   111.50      189.00   192.00   185.50   189.50    +78.00   +69.96%
       4               3  3441      聯一光                  46.20         21.50    71.24%     66.80    67.50    62.20    64.30      130.00   134.00   123.50   132.00    +67.70  +105.29%
       5               4  6173      信昌電                 230.00        142.00    58.14%    178.00   184.50   165.00   165.00      285.00   285.00   267.50   273.50   +108.50   +65.76%
       6               5  5355      佳總                    0.00          0.00    55.31%      5.77     6.05     5.75     5.79        5.95     5.95     5.76     5.76     -0.03    -0.52%
       7              51  6929      佑全                    0.00          0.00    55.24%     21.35    23.50    21.35    22.85          --       --       --       --        --        --
       8              23  5432      新門                   54.50          0.00    53.07%    119.00   122.00   115.00   118.50      162.50   170.00   160.00   162.00    +43.50   +36.71%
       9              20  4908      前鼎                  152.50         61.50    50.00%    142.50   154.50   140.50   140.50      224.00   235.50   221.00   227.50    +87.00   +61.92%
      10               7  6727      亞泰金屬                345.50        224.00    48.77%    370.00   380.00   366.50   372.50      545.00   570.00   516.00   526.00   +153.50   +41.21%
      11              32  8047      星雲                    0.00          0.00    47.63%     41.90    43.25    41.90    43.25       42.10    42.10    42.10    42.10     -1.15    -2.66%
      12              13  2221      大甲                    0.00          0.00    46.78%     50.30    51.10    49.25    49.30       87.20    90.90    85.50    85.80    +36.50   +74.04%
      13             877  6865      偉康科技                  0.00          0.00    45.95%        --       --       --       --       25.80    26.50    25.80    26.50        --        --
      14              14  6588      東典光電                  9.50          0.00    45.92%     72.70    81.50    71.60    81.50      118.50   127.00   113.00   113.50    +32.00   +39.26%
      15              33  8093      保銳                    0.00          0.00    45.90%     19.95    20.20    19.85    19.95       26.40    27.20    26.25    26.40     +6.45   +32.33%
      16            1013  6236      中湛                    0.00          0.00    45.47%        --       --       --       --          --       --       --       --        --        --
      17             986  6597      立誠                    0.00          0.00    45.29%     61.50    61.50    60.50    60.50          --       --       --       --        --        --
      18             799  6210      慶生                    0.00          0.00    45.14%        --       --       --       --          --       --       --       --        --        --
      19              15  8431      匯鑽科                   0.00          0.00    44.86%     49.90    50.70    47.65    49.00       66.30    67.30    61.80    63.30    +14.30   +29.18%
      20               8  5516      雙喜                    0.00          0.00    43.65%     10.50    10.70    10.50    10.65       12.20    12.20    12.20    12.20     +1.55   +14.55%
      21              12  1815      富喬                   11.50         11.00    43.10%     77.70    78.20    73.70    73.90      131.00   141.50   123.00   135.00    +61.10   +82.68%
      22              55  5321      美而快                   0.00          0.00    42.84%     55.30    61.00    55.30    58.90       77.50    78.80    76.10    78.40    +19.50   +33.11%
      23             924  2948      寶陞                    0.00          0.00    42.81%     37.15    37.20    37.15    37.20          --       --       --       --        --        --
      24              18  1780      立弘                    0.00          0.00    42.73%     22.85    23.25    22.40    23.10       24.10    24.80    24.05    24.80     +1.70    +7.36%
      25              16  8906      花王                    0.00          0.00    42.54%     26.05    26.35    26.05    26.30       28.50    29.05    28.50    29.05     +2.75   +10.46%
      26             992  3085      新零售                   0.00          0.00    42.54%        --       --       --       --       11.10    11.50    10.90    11.50        --        --
      27              22  7839      達人網                   0.00          0.00    42.51%     45.00    45.60    44.95    45.60       43.50    44.30    42.10    43.95     -1.65    -3.62%
      28              17  6530      創威                    0.00          0.00    42.01%     71.60    77.60    71.60    72.50       94.10   101.50    93.30    98.50    +26.00   +35.86%
      29             811  5276      達輝-KY                 0.00          0.00    41.85%     18.40    19.20    18.40    19.20       17.20    17.20    17.20    17.20     -2.00   -10.42%
      30              57  6264      富裔                    0.00          0.00    41.71%      6.01     6.03     5.91     6.02        5.95     6.00     5.95     6.00     -0.02    -0.33%
      31              10  4979      華星光                 464.50        308.00    41.48%    401.00   448.00   397.50   426.50      598.00   630.00   590.00   605.00   +178.50   +41.85%
      32              11  3490      單井                    0.00          0.00    41.36%     27.40    27.70    27.00    27.10       45.85    46.30    43.40    43.45    +16.35   +60.33%
      33             947  4192      杏國                    0.00          0.00    41.16%     19.20    19.20    19.20    19.20          --       --       --       --        --        --
      34             829  3226      龍鋒                    0.00          0.00    40.72%        --       --       --       --       54.00    55.30    54.00    55.20        --        --
      35             943  8905      裕國                    0.00          0.00    40.52%        --       --       --       --          --       --       --       --        --        --
      36              31  6240      松崗                    0.00          0.00    40.45%     18.20    18.70    18.10    18.30       22.65    23.15    22.50    22.50     +4.20   +22.95%
      37              21  6840      東研信超                  0.00          0.00    40.38%     59.30    60.30    59.00    59.90       92.90   101.00    92.90    93.20    +33.30   +55.59%
      38             933  8444      綠河-KY                 0.00          0.00    40.32%      5.10     5.10     5.07     5.07        5.00     5.00     5.00     5.00     -0.07    -1.38%
      39              80  5475      德宏                  102.50         72.50    40.13%    147.50   148.00   135.00   135.00      195.00   196.00   185.00   190.00    +55.00   +40.74%
      40             742  7770      君曜                    0.00          0.00    39.98%     40.45    40.90    40.45    40.90       34.60    34.90    34.40    34.50     -6.40   -15.65%
==========================================================================================================================================================================
✅ 共 40 筆


══════════════════════════════════════════════════════════════════════════════════════════════════════════════
  🔄 第 16/30 次  2026/07/23 ～ 2026/09/07
══════════════════════════════════════════════════════════════════════════════════════════════════════════════

==========================================================================================================================================================================
📊 動能效率優先權分數排名 (2026/07/23 ~ 2026/09/07)
==========================================================================================================================================================================
    實資排名          累計天數排名  代號        名稱                 累計漲停(元)       累計跌停(元)       強度%  (07/23)開盤      最高      最低      收盤    (09/07)開盤      最高      最低      收盤      賺賠    賺賠率
--------------------------------------------------------------------------------------------------------------------------------------------------------------------------
       1               1  6538      倉和                  158.00         33.50   100.00%    138.50   147.50   138.50   145.00      295.50   315.00   281.50   305.00   +160.00  +110.34%
       2               2  3234      光環                   88.00         26.40    95.40%    108.50   119.00   107.50   107.50      202.00   205.50   196.00   199.50    +92.00   +85.58%
       3               7  3498      陽程                   87.00         23.50    83.31%    111.50   115.50   108.50   114.50      194.00   196.00   188.50   189.50    +75.00   +65.50%
       4               3  3441      聯一光                  46.20         21.50    77.67%     64.90    70.30    64.50    68.70      140.00   141.50   129.00   131.00    +62.30   +90.68%
       5               4  6173      信昌電                 230.00        129.00    67.47%    175.00   183.00   175.00   183.00      273.50   286.50   273.00   286.50   +103.50   +56.56%
       6               6  5355      佳總                    0.00          0.00    60.49%      5.90     5.90     5.61     5.89        5.81     6.00     5.73     6.00     +0.11    +1.87%
       7              14  6929      佑全                    0.00          0.00    58.52%     22.70    22.70    22.60    22.60       22.10    22.65    22.00    22.65     +0.05    +0.22%
       8               5  4979      華星光                 478.00        308.00    57.27%    376.50   416.50   375.50   407.50      630.00   635.00   590.00   590.00   +182.50   +44.79%
       9               8  6727      亞泰金屬                355.00        213.00    56.87%    380.00   384.50   365.50   375.00      543.00   561.00   530.00   537.00   +162.00   +43.20%
      10              32  5432      新門                   54.50          0.00    55.70%    124.50   124.50   119.00   120.50      159.00   170.00   154.00   164.50    +44.00   +36.51%
      11              13  6588      東典光電                  9.50          0.00    52.70%     75.10    79.10    72.60    74.10      109.00   119.00   108.50   118.00    +43.90   +59.24%
      12              30  8047      星雲                    0.00          0.00    50.75%     43.30    43.55    42.80    43.40       41.10    43.95    41.10    42.10     -1.30    -3.00%
      13              12  8431      匯鑽科                   0.00          0.00    50.48%     49.45    51.00    49.10    49.75       69.10    70.30    66.90    67.30    +17.55   +35.28%
      14              40  4908      前鼎                  152.50         61.50    50.10%    148.00   152.00   142.00   144.00      230.50   231.50   220.50   223.00    +79.00   +54.86%
      15              15  2221      大甲                    0.00          0.00    49.86%     51.60    51.70    49.75    50.90       90.00    90.60    83.70    86.70    +35.80   +70.33%
      16             978  6597      立誠                    0.00          0.00    49.84%     57.70    59.50    57.50    59.50       72.50    72.50    72.50    72.50    +13.00   +21.85%
      17             149  6210      慶生                    0.00          0.00    49.41%     19.00    19.55    19.00    19.50       17.50    17.50    17.50    17.50     -2.00   -10.26%
      18             134  8093      保銳                    0.00          0.00    48.78%        --       --       --       --       26.30    26.80    26.25    26.25        --        --
      19            1013  6236      中湛                    0.00          0.00    48.32%        --       --       --       --          --       --       --       --        --        --
      20             869  6865      偉康科技                  0.00          0.00    47.13%     25.15    25.15    25.05    25.05       25.55    25.60    25.55    25.60     +0.55    +2.20%
      21               9  5516      雙喜                    0.00          0.00    46.90%     10.40    10.50    10.40    10.50       12.00    12.15    11.90    11.90     +1.40   +13.33%
      22              10  3490      單井                    0.00          0.00    46.20%     27.70    28.15    27.20    27.40       46.25    47.20    45.10    46.15    +18.75   +68.43%
      23             923  2948      寶陞                    0.00          0.00    45.48%        --       --       --       --       38.30    38.30    36.85    38.05        --        --
      24              59  5321      美而快                   0.00          0.00    45.47%     54.90    55.60    52.90    55.50       81.20    83.40    77.50    77.50    +22.00   +39.64%
      25              21  7839      達人網                   0.00          0.00    45.13%     45.50    45.95    44.00    45.95       44.20    44.50    43.50    44.50     -1.45    -3.16%
      26              24  8240      華宏                    0.00          0.00    45.00%     42.90    43.05    41.50    42.30       51.30    56.60    50.60    56.00    +13.70   +32.39%
      27              19  1780      立弘                    0.00          0.00    44.65%     22.55    22.90    22.30    22.90       24.50    24.50    23.90    24.50     +1.60    +6.99%
      28             805  5276      達輝-KY                 0.00          0.00    44.45%     19.05    19.05    19.05    19.05       18.50    18.50    17.55    17.55     -1.50    -7.87%
      29              17  8906      花王                    0.00          0.00    44.13%     26.05    26.05    25.90    26.05       28.70    29.10    28.70    29.10     +3.05   +11.71%
      30             874  8905      裕國                    0.00          0.00    43.85%     30.05    30.50    30.00    30.50       34.30    34.80    34.30    34.60     +4.10   +13.44%
      31              67  6264      富裔                    0.00          0.00    43.66%      6.03     6.03     6.01     6.01        5.94     6.03     5.93     6.03     +0.02    +0.33%
      32              65  3555      博士旺                  85.50         36.50    43.47%    151.50   160.50   151.50   160.50      193.50   209.50   192.50   207.00    +46.50   +28.97%
      33             914  4192      杏國                    0.00          0.00    43.43%     19.30    19.30    19.15    19.20       18.65    18.85    18.40    18.85     -0.35    -1.82%
      34             911  2235      謚源                    0.00          0.00    43.35%     27.20    27.45    27.20    27.45       28.45    28.45    28.45    28.45     +1.00    +3.64%
      35             996  3085      新零售                   0.00          0.00    43.21%        --       --       --       --       11.50    11.50    11.50    11.50        --        --
      36              16  3713      新晶投控                  0.00          0.00    43.06%     14.30    14.55    14.05    14.55       14.15    14.30    14.00    14.30     -0.25    -1.72%
      37             951  8444      綠河-KY                 0.00          0.00    42.82%        --       --       --       --        5.00     5.00     5.00     5.00        --        --
      38              23  1815      富喬                   11.50         11.00    42.62%     81.10    81.70    78.10    78.90      124.00   130.00   123.50   130.00    +51.10   +64.77%
      39             758  7770      君曜                    0.00          0.00    42.61%     40.45    40.45    40.40    40.45       34.80    34.80    34.55    34.75     -5.70   -14.09%
      40              22  6840      東研信超                  0.00          0.00    42.52%     60.10    60.90    59.80    59.90       93.90    94.30    91.60    92.90    +33.00   +55.09%
==========================================================================================================================================================================
✅ 共 40 筆


══════════════════════════════════════════════════════════════════════════════════════════════════════════════
  🔄 第 17/30 次  2026/07/22 ～ 2026/09/04
══════════════════════════════════════════════════════════════════════════════════════════════════════════════

==========================================================================================================================================================================
📊 動能效率優先權分數排名 (2026/07/22 ~ 2026/09/04)
==========================================================================================================================================================================
    實資排名          累計天數排名  代號        名稱                 累計漲停(元)       累計跌停(元)       強度%  (07/22)開盤      最高      最低      收盤    (09/04)開盤      最高      最低      收盤      賺賠    賺賠率
--------------------------------------------------------------------------------------------------------------------------------------------------------------------------
       1               1  3234      光環                   97.80         26.40   100.00%    104.00   108.50   102.00   108.50      203.00   209.00   190.00   206.00    +97.50   +89.86%
       2               2  6538      倉和                  158.00         33.50    78.40%    139.50   145.00   132.00   139.00      261.50   300.00   257.50   300.00   +161.00  +115.83%
       3               6  3498      陽程                   87.00         23.50    73.81%    107.50   112.50   106.50   111.50      197.50   201.00   185.50   194.00    +82.50   +73.99%
       4               3  3441      聯一光                  46.20          9.50    69.07%     65.20    68.00    63.90    64.00      134.00   143.00   129.50   143.00    +79.00  +123.44%
       5               4  4979      華星光                 500.00        269.00    61.70%    375.50   384.00   366.50   379.00      615.00   629.00   590.00   629.00   +250.00   +65.96%
       6               5  6727      亞泰金屬                388.00        213.00    57.40%    343.50   365.50   343.50   365.50      560.00   569.00   526.00   541.00   +175.50   +48.02%
       7               9  6173      信昌電                 204.00        129.00    50.14%    192.00   192.50   177.00   178.00      260.00   265.00   254.50   260.50    +82.50   +46.35%
       8              16  6929      佑全                    0.00          0.00    48.49%     22.50    24.25    22.50    22.60       22.25    22.60    22.10    22.60     +0.00    +0.00%
       9               7  5355      佳總                    0.00          0.00    48.29%      6.07     6.07     5.81     5.90        5.99     5.99     5.77     5.95     +0.05    +0.85%
      10              21  4908      前鼎                  152.50         61.50    45.66%    143.00   146.00   142.00   144.50      214.00   224.50   199.00   224.50    +80.00   +55.36%
      11              13  2221      大甲                    0.00          0.00    44.39%     51.10    55.30    48.15    51.60       95.70    98.50    90.30    90.80    +39.20   +75.97%
      12              12  8431      匯鑽科                   0.00          0.00    44.31%     48.80    50.00    48.70    49.15       64.80    69.70    64.00    68.80    +19.65   +39.98%
      13              27  8047      星雲                    0.00          0.00    43.34%     42.00    43.30    41.80    43.30       41.90    43.00    41.90    43.00     -0.30    -0.69%
      14             972  6597      立誠                    0.00          0.00    43.14%     58.00    60.50    58.00    59.10       73.00    73.00    70.00    72.90    +13.80   +23.35%
      15              34  5321      美而快                   0.00          0.00    42.82%     52.50    55.20    52.10    54.90       78.00    79.50    75.90    79.40    +24.50   +44.63%
      16             431  3664      安瑞-KY                 0.00          0.00    42.49%      5.80     6.38     5.80     6.37        8.34     8.34     8.19     8.19     +1.82   +28.57%
      17             600  6210      慶生                    0.00          0.00    41.94%        --       --       --       --       17.30    17.75    17.30    17.75        --        --
      18             158  8093      保銳                    0.00          0.00    41.19%     20.90    21.00    19.70    20.75       26.60    26.60    26.20    26.35     +5.60   +26.99%
      19            1011  6236      中湛                    0.00          0.00    41.05%        --       --       --       --          --       --       --       --        --        --
      20              11  5516      雙喜                    0.00          0.00    40.05%     10.55    10.55    10.50    10.50       11.80    12.00    11.80    12.00     +1.50   +14.29%
      21             780  5276      達輝-KY                 0.00          0.00    39.83%     19.05    19.10    18.20    18.90       18.10    18.30    18.10    18.30     -0.60    -3.17%
      22             869  6865      偉康科技                  0.00          0.00    39.72%     25.25    25.25    24.50    25.10       25.00    25.55    24.90    25.55     +0.45    +1.79%
      23              22  7839      達人網                   0.00          0.00    39.63%     45.00    46.50    44.50    46.50       44.00    44.40    43.95    43.95     -2.55    -5.48%
      24            1005  2941      米斯特                   0.00          0.00    39.42%        --       --       --       --       29.70    33.90    29.70    33.90        --        --
      25              18  6240      松崗                    0.00          0.00    39.18%     18.20    18.65    18.20    18.45       27.20    27.70    25.20    25.20     +6.75   +36.59%
      26               8  4991      環宇-KY               473.00        342.00    39.05%    405.00   420.50   398.00   420.50      499.00   505.00   470.00   497.00    +76.50   +18.19%
      27              26  3363      上詮                  557.00        381.00    38.91%    544.00   575.00   544.00   566.00      802.00   808.00   717.00   735.00   +169.00   +29.86%
      28              23  6530      創威                    0.00          0.00    38.79%     71.70    74.00    71.70    72.90       96.20    99.50    94.50    98.20    +25.30   +34.71%
      29              57  3362      先進光                  68.00         41.50    38.58%    156.00   160.50   152.50   156.50      202.50   210.00   196.00   210.00    +53.50   +34.19%
      30              52  6588      東典光電                  0.00          0.00    38.47%     71.60    73.90    71.60    73.60      104.50   109.50   102.50   108.50    +34.90   +47.42%
      31              32  1780      立弘                    0.00          0.00    38.34%     22.55    22.80    22.35    22.70       24.40    24.55    24.20    24.40     +1.70    +7.49%
      32              14  3490      單井                    0.00          0.00    37.84%     28.65    28.70    27.65    27.65       45.65    46.80    45.20    46.00    +18.35   +66.37%
      33             268  4198      欣大健康                  0.00          0.00    37.59%     41.60    43.00    40.00    42.20       46.80    49.00    46.80    48.50     +6.30   +14.93%
      34              15  3523      迎輝                    0.00          0.00    37.35%     13.75    15.40    13.75    15.40       15.00    15.00    15.00    15.00     -0.40    -2.60%
      35             928  2948      寶陞                    0.00          0.00    37.27%     38.70    38.70    37.00    37.20       36.60    38.40    36.60    38.15     +0.95    +2.55%
      36             193  5432      新門                   45.00          0.00    37.23%    126.00   126.00   123.00   124.50      154.00   157.50   153.00   155.00    +30.50   +24.50%
      37              29  3455      由田                  100.50         75.00    37.11%    199.00   209.50   195.00   201.50      248.00   249.00   231.50   236.50    +35.00   +17.37%
      38              30  8906      花王                    0.00          0.00    37.08%     26.00    26.05    26.00    26.05       29.35    29.35    28.95    29.10     +3.05   +11.71%
      39             918  2235      謚源                    0.00          0.00    36.98%     27.60    27.60    27.60    27.60       28.40    28.40    28.25    28.25     +0.65    +2.36%
      40              24  6840      東研信超                  0.00          0.00    36.93%     60.50    61.10    60.20    60.70       90.50    93.40    89.20    92.80    +32.10   +52.88%
==========================================================================================================================================================================
✅ 共 40 筆


══════════════════════════════════════════════════════════════════════════════════════════════════════════════
  🔄 第 18/30 次  2026/07/21 ～ 2026/09/03
══════════════════════════════════════════════════════════════════════════════════════════════════════════════

==========================================================================================================================================================================
📊 動能效率優先權分數排名 (2026/07/21 ~ 2026/09/03)
==========================================================================================================================================================================
    實資排名          累計天數排名  代號        名稱                 累計漲停(元)       累計跌停(元)       強度%  (07/21)開盤      最高      最低      收盤    (09/03)開盤      最高      最低      收盤      賺賠    賺賠率
--------------------------------------------------------------------------------------------------------------------------------------------------------------------------
       1               1  3234      光環                   86.30         26.40   100.00%     98.00    99.80    96.30    98.70      211.00   214.00   193.50   194.50    +95.80   +97.06%
       2               5  3498      陽程                   87.00         23.50    75.23%    109.50   113.00   103.50   105.50      216.00   221.50   191.00   192.00    +86.50   +81.99%
       3               2  4979      華星光                 460.00        269.00    71.72%    348.50   358.50   342.50   357.00      633.00   635.00   572.00   572.00   +215.00   +60.22%
       4               4  3441      聯一光                  33.20          9.50    61.59%     65.00    66.10    63.30    63.70      142.00   144.00   130.00   130.00    +66.30  +104.08%
       5               3  6727      亞泰金屬                388.00        213.00    61.06%    330.00   340.00   322.50   332.50      580.00   598.00   545.00   550.00   +217.50   +65.41%
       6               7  6538      倉和                  131.00         33.50    56.09%    141.00   155.00   137.50   137.50      273.00   273.00   273.00   273.00   +135.50   +98.55%
       7               8  6173      信昌電                 184.50        129.00    54.90%    160.50   175.00   158.00   175.00      258.50   258.50   237.50   241.00    +66.00   +37.71%
       8              12  3363      上詮                  577.00        342.00    50.51%    512.00   528.00   504.00   523.00      798.00   850.00   767.00   774.00   +251.00   +47.99%
       9               9  5355      佳總                    0.00          0.00    48.94%      6.14     6.14     5.85     6.09        5.76     5.99     5.76     5.99     -0.10    -1.64%
      10              32  6929      佑全                    0.00          0.00    47.69%     22.90    22.90    22.45    22.50       22.30    22.40    22.05    22.40     -0.10    -0.44%
      11               6  4991      環宇-KY               495.00        342.00    46.81%    365.00   382.50   358.00   382.50      536.00   560.00   480.50   484.50   +102.00   +26.67%
      12              14  2221      大甲                    0.00          0.00    46.41%     51.70    52.30    49.75    50.60       84.20    91.50    84.20    91.50    +40.90   +80.83%
      13              18  3105      穩懋                  362.00        251.50    45.34%    322.00   340.00   319.50   339.50      478.00   490.00   440.00   446.50   +107.00   +31.52%
      14              13  8431      匯鑽科                   0.00          0.00    44.24%     46.65    49.20    46.25    48.80       59.10    65.70    58.70    63.70    +14.90   +30.53%
      15              19  6240      松崗                    0.00          0.00    43.97%     18.40    18.75    17.85    18.75       27.30    28.25    25.60    27.95     +9.20   +49.07%
      16             508  3664      安瑞-KY                 0.00          0.00    43.92%      5.80     5.80     5.80     5.80        9.05     9.17     8.50     9.10     +3.30   +56.90%
      17             976  6597      立誠                    0.00          0.00    43.83%     63.00    63.00    63.00    63.00       69.40    73.00    69.40    73.00    +10.00   +15.87%
      18             500  6210      慶生                    0.00          0.00    43.56%     18.60    19.50    18.60    19.50       17.70    17.80    17.70    17.80     -1.70    -8.72%
      19             112  8093      保銳                    0.00          0.00    43.02%     19.65    21.00    19.65    20.00       26.65    26.70    26.50    26.55     +6.55   +32.75%
      20              20  7839      達人網                   0.00          0.00    42.81%     42.60    45.00    42.40    45.00       44.45    44.45    44.30    44.30     -0.70    -1.56%
      21              25  3374      精材                  281.00        227.50    42.77%    351.00   380.00   343.50   380.00      420.00   424.00   393.00   400.00    +20.00    +5.26%
      22              46  8047      星雲                    0.00          0.00    42.76%     42.00    42.05    42.00    42.00       44.00    44.00    42.30    42.30     +0.30    +0.71%
      23              36  4908      前鼎                  132.50         61.50    41.72%    139.50   140.00   135.50   138.00      220.00   229.50   200.50   204.50    +66.50   +48.19%
      24              51  5321      美而快                   0.00          0.00    41.67%     53.70    57.40    52.50    52.60       77.00    79.70    75.50    76.40    +23.80   +45.25%
      25            1011  6236      中湛                    0.00          0.00    41.63%        --       --       --       --          --       --       --       --        --        --
      26              11  3147      大綜                   90.00         48.00    41.50%    210.50   228.50   210.50   228.50      221.00   223.00   215.00   215.00    -13.50    -5.91%
      27              29  3693      營邦                  292.50        197.50    41.43%    459.00   472.00   452.50   472.00      650.00   690.00   638.00   648.00   +176.00   +37.29%
      28             795  5276      達輝-KY                 0.00          0.00    40.76%     18.40    18.85    18.40    18.75          --       --       --       --        --        --
      29              24  3455      由田                  100.50         75.00    40.70%    190.50   199.00   186.50   193.00      260.00   273.50   239.00   239.00    +46.00   +23.83%
      30              15  6147      頎邦                   70.00         61.00    40.37%    168.00   174.50   164.50   173.00      183.50   199.50   174.00   189.00    +16.00    +9.25%
      31              16  5516      雙喜                    0.00          0.00    40.05%     10.55    10.60    10.55    10.60       11.65    11.90    11.65    11.80     +1.20   +11.32%
      32              31  6217      中探針                  93.00         94.50    39.79%    163.50   185.00   159.50   169.00      196.00   210.50   192.50   195.50    +26.50   +15.68%
      33              17  3490      單井                    0.00          0.00    39.55%     26.90    28.00    26.90    27.80       46.50    47.45    44.80    44.95    +17.15   +61.69%
      34              22  6532      瑞耘                    0.00          0.00    39.50%     68.50    69.70    68.50    69.60       97.60   103.50    97.60    99.80    +30.20   +43.39%
      35              42  8111      立碁                    0.00          0.00    39.28%     44.95    47.70    44.85    47.00       76.50    82.80    71.90    72.00    +25.00   +53.19%
      36             894  6865      偉康科技                  0.00          0.00    39.27%     25.25    25.25    25.25    25.25       24.60    25.20    24.50    25.10     -0.15    -0.59%
      37              49  3324      雙鴻                  725.00        377.00    39.23%    873.00   930.00   870.00   926.00     1435.00  1455.00  1320.00  1350.00   +424.00   +45.79%
      38              26  3141      晶宏                    0.00          0.00    39.13%     63.00    64.40    62.00    63.90       99.50   105.00    97.50   100.00    +36.10   +56.49%
      39              10  3293      鈊象                  126.00        129.00    38.95%    708.00   721.00   705.00   718.00      705.00   710.00   702.00   703.00    -15.00    -2.09%
      40              28  6530      創威                    0.00          0.00    38.91%     69.00    70.60    68.70    69.80      100.50   102.50    94.10    95.00    +25.20   +36.10%
==========================================================================================================================================================================
✅ 共 40 筆


══════════════════════════════════════════════════════════════════════════════════════════════════════════════
  🔄 第 19/30 次  2026/07/20 ～ 2026/09/02
══════════════════════════════════════════════════════════════════════════════════════════════════════════════

==========================================================================================================================================================================
📊 動能效率優先權分數排名 (2026/07/20 ~ 2026/09/02)
==========================================================================================================================================================================
    實資排名          累計天數排名  代號        名稱                 累計漲停(元)       累計跌停(元)       強度%  (07/20)開盤      最高      最低      收盤    (09/02)開盤      最高      最低      收盤      賺賠    賺賠率
--------------------------------------------------------------------------------------------------------------------------------------------------------------------------
       1               1  3234      光環                   86.30          9.90   100.00%     98.60   100.50    91.00    96.30      199.00   220.00   199.00   211.00   +114.70  +119.11%
       2               2  3498      陽程                   87.00         14.00    78.44%    113.50   115.00   105.50   109.50      203.00   213.00   195.00   201.50    +92.00   +84.02%
       3               3  3441      聯一光                  33.20          0.00    59.53%     69.80    69.80    63.30    63.70      133.00   140.00   130.00   139.50    +75.80  +119.00%
       4               6  6538      倉和                  106.50         33.50    52.28%    137.00   150.50   136.00   141.50      248.50   248.50   248.50   248.50   +107.00   +75.62%
       5               4  4979      華星光                 460.00        233.00    50.41%    358.00   362.00   320.50   340.00      600.00   624.00   600.00   624.00   +284.00   +83.53%
       6               7  6727      亞泰金屬                388.00        219.50    49.29%    361.00   361.00   331.00   331.00      580.00   605.00   570.00   580.00   +249.00   +75.23%
       7               9  3363      上詮                  577.00        342.00    48.59%    492.00   506.00   458.50   503.00      786.00   818.00   757.00   780.00   +277.00   +55.07%
       8               8  6173      信昌電                 184.50        128.50    47.45%    177.00   177.00   175.00   175.00      255.00   263.50   253.50   260.50    +85.50   +48.86%
       9              10  5355      佳總                    0.00          0.00    43.60%      6.00     6.18     5.89     6.16        5.66     6.00     5.66     6.00     -0.16    -2.60%
      10              70  6929      佑全                    0.00          0.00    42.80%        --       --       --       --       22.00    22.75    22.00    22.75        --        --
      11              17  3693      營邦                  302.00        197.50    42.53%    442.50   463.00   432.00   451.50      627.00   654.00   626.00   642.00   +190.50   +42.19%
      12             496  3664      安瑞-KY                 0.00          0.00    42.18%      5.80     6.20     5.80     6.20        8.34     8.34     8.34     8.34     +2.14   +34.52%
      13              22  4908      前鼎                  132.50         48.00    40.90%    140.00   140.00   124.50   135.00      227.00   241.50   215.50   218.00    +83.00   +61.48%
      14              34  8047      星雲                    0.00          0.00    40.03%     41.70    41.70    41.65    41.70       44.00    44.00    44.00    44.00     +2.30    +5.52%
      15              11  4991      環宇-KY               495.00        308.50    39.93%    358.00   365.50   327.50   348.00      524.00   545.00   524.00   530.00   +182.00   +52.30%
      16               5  3293      鈊象                  146.00        129.00    39.44%    691.00   712.00   682.00   706.00      701.00   710.00   700.00   708.00     +2.00    +0.28%
      17             172  8093      保銳                    0.00          0.00    39.42%     19.95    20.25    19.50    20.25       28.40    28.40    27.15    27.15     +6.90   +34.07%
      18              19  7839      達人網                   0.00          0.00    38.67%     42.50    42.60    42.15    42.60       43.90    44.50    43.90    44.20     +1.60    +3.76%
      19             557  6210      慶生                    0.00          0.00    38.42%     18.50    18.80    18.20    18.30       17.85    17.90    17.85    17.90     -0.40    -2.19%
      20             977  6597      立誠                    0.00          0.00    38.38%     59.30    61.00    56.90    61.00       75.90    75.90    71.80    74.80    +13.80   +22.62%
      21              37  5321      美而快                   0.00          0.00    37.61%     53.90    57.50    51.50    53.80       76.30    77.30    72.60    77.00    +23.20   +43.12%
      22              25  3105      穩懋                  362.00        247.50    37.54%    325.50   336.00   302.50   313.50      484.00   492.00   468.00   469.50   +156.00   +49.76%
      23              26  6240      松崗                    0.00          0.00    37.32%     18.55    19.00    17.70    18.05       25.80    27.30    23.50    27.30     +9.25   +51.25%
      24            1011  6236      中湛                    0.00          0.00    37.31%        --       --       --       --          --       --       --       --        --        --
      25              16  8431      匯鑽科                   0.00          0.00    37.13%     45.55    47.50    44.00    46.30       54.30    59.80    54.10    59.80    +13.50   +29.16%
      26              27  2221      大甲                    0.00          0.00    37.08%     51.60    52.00    49.55    50.40       78.50    85.40    78.10    83.20    +32.80   +65.08%
      27              20  6530      創威                    0.00          0.00    36.80%     68.80    70.00    64.00    68.30       93.70   105.00    93.30   101.00    +32.70   +47.88%
      28              65  3228      金麗科                  36.50          0.00    36.59%    164.00   164.00   153.50   158.00      178.00   188.00   175.00   179.00    +21.00   +13.29%
      29              35  4971      IET-KY              509.50        287.50    36.52%    380.00   381.00   337.50   367.00      654.00   726.00   650.00   669.00   +302.00   +82.29%
      30              94  5276      達輝-KY                 0.00          0.00    36.38%     19.25    19.25    19.15    19.20       18.10    18.10    18.10    18.10     -1.10    -5.73%
      31              21  1780      立弘                    0.00          0.00    36.24%     22.00    22.65    21.85    22.65       24.60    24.60    24.15    24.55     +1.90    +8.39%
      32              12  3147      大綜                   90.00         48.00    36.23%    222.00   222.00   195.50   208.00      222.00   222.00   218.00   220.50    +12.50    +6.01%
      33              28  3455      由田                  100.50         67.00    35.93%    201.50   201.50   185.00   190.50      263.50   270.00   255.00   256.50    +66.00   +34.65%
      34              14  3490      單井                    0.00          0.00    35.62%     27.50    27.90    26.30    26.75       46.00    46.45    43.90    46.05    +19.30   +72.15%
      35              13  5516      雙喜                    0.00          0.00    35.48%     10.50    10.55    10.50    10.55       11.70    12.00    11.70    11.85     +1.30   +12.32%
      36              58  3362      先進光                  56.00         29.50    34.74%    156.00   156.50   144.50   148.50      202.50   213.00   201.00   210.00    +61.50   +41.41%
      37              29  3141      晶宏                    0.00          0.00    34.34%     62.90    63.50    58.50    62.30       93.50    99.50    91.60    99.50    +37.20   +59.71%
      38              99  6264      富裔                    0.00          0.00    34.24%      6.04     6.04     6.04     6.04        5.91     6.07     5.91     6.07     +0.03    +0.50%
      39              24  4907      富宇                    0.00          0.00    34.23%     39.85    40.10    39.25    40.10       47.75    47.80    47.00    47.50     +7.40   +18.45%
      40              66  8085      福華                    0.00          0.00    33.94%     11.10    11.40    10.95    11.10       16.00    16.15    15.80    15.80     +4.70   +42.34%
==========================================================================================================================================================================
✅ 共 40 筆


══════════════════════════════════════════════════════════════════════════════════════════════════════════════
  🔄 第 20/30 次  2026/07/17 ～ 2026/09/01
══════════════════════════════════════════════════════════════════════════════════════════════════════════════

==========================================================================================================================================================================
📊 動能效率優先權分數排名 (2026/07/17 ~ 2026/09/01)
==========================================================================================================================================================================
    實資排名          累計天數排名  代號        名稱                 累計漲停(元)       累計跌停(元)       強度%  (07/17)開盤      最高      最低      收盤    (09/01)開盤      最高      最低      收盤      賺賠    賺賠率
--------------------------------------------------------------------------------------------------------------------------------------------------------------------------
       1               1  3234      光環                   75.30          9.90   100.00%    104.00   105.50    97.20   100.50      185.00   203.00   183.50   200.00    +99.50   +99.00%
       2               3  3441      聯一光                  33.20          0.00    57.39%     68.00    70.60    66.50    68.00      137.00   139.00   130.00   133.00    +65.00   +95.59%
       3               2  3498      陽程                   87.00         26.50    55.78%    124.50   125.50   117.00   117.00      215.50   217.00   194.50   203.50    +86.50   +73.93%
       4               5  6727      亞泰金屬                388.00        260.00    50.95%    367.50   389.50   367.50   367.50      530.00   576.00   530.00   576.00   +208.50   +56.73%
       5               7  6173      信昌電                 184.50        150.00    47.74%    195.00   195.00   194.00   194.00      255.50   270.50   254.00   261.50    +67.50   +34.79%
       6              42  8093      保銳                    0.00          0.00    46.21%     19.90    20.00    19.20    19.95       28.60    28.60    28.00    28.00     +8.05   +40.35%
       7              10  8047      星雲                    0.00          0.00    46.16%     41.70    43.20    41.70    43.00          --       --       --       --        --        --
       8             144  6929      佑全                    0.00          0.00    45.91%     23.20    23.20    21.85    23.10       23.90    23.90    23.90    23.90     +0.80    +3.46%
       9              13  6538      倉和                   84.00         44.50    45.69%    143.50   146.00   134.00   137.00      224.00   226.00   224.00   226.00    +89.00   +64.96%
      10               6  5355      佳總                    0.00          0.00    45.13%      6.26     6.28     5.88     6.18        5.74     5.86     5.73     5.86     -0.32    -5.18%
      11              29  4908      前鼎                  132.50         50.00    43.66%    145.00   147.00   136.50   138.00      229.00   229.50   225.00   229.50    +91.50   +66.30%
      12               4  4979      華星光                 436.00        269.00    43.55%    376.50   382.50   353.00   356.00      609.00   613.00   595.00   600.00   +244.00   +68.54%
      13             519  3664      安瑞-KY                 0.00          0.00    42.89%      6.58     6.58     6.02     6.02        7.50     7.59     7.50     7.59     +1.57   +26.08%
      14             967  6597      立誠                    0.00          0.00    42.29%     64.50    64.50    63.00    63.00          --       --       --       --        --        --
      15              17  3363      上詮                  577.00        393.00    42.21%    519.00   532.00   504.00   504.00      742.00   813.00   735.00   786.00   +282.00   +55.95%
      16            1011  6236      中湛                    0.00          0.00    41.50%        --       --       --       --       19.05    19.05    19.05    19.05        --        --
      17             572  6210      慶生                    0.00          0.00    40.97%     19.35    19.35    18.65    18.70          --       --       --       --        --        --
      18              22  5321      美而快                   0.00          0.00    40.75%     54.70    56.90    51.90    54.00       86.10    86.10    78.10    78.20    +24.20   +44.81%
      19              14  7839      達人網                   0.00          0.00    40.70%     44.00    44.00    42.20    42.20       43.90    44.35    43.15    44.20     +2.00    +4.74%
      20             248  5276      達輝-KY                 0.00          0.00    40.42%        --       --       --       --       18.70    18.70    18.30    18.30        --        --
      21              11  1780      立弘                    0.00          0.00    40.25%     22.35    22.35    21.50    22.30       24.20    24.60    23.95    24.60     +2.30   +10.31%
      22              26  3105      穩懋                  362.00        261.50    39.77%    344.50   350.00   332.50   332.50      448.50   492.00   444.00   492.00   +159.50   +47.97%
      23              12  4991      環宇-KY               495.00        334.50    38.94%    382.50   387.50   360.00   360.00      530.00   554.00   511.00   544.00   +184.00   +51.11%
      24              45  6240      松崗                    0.00          0.00    38.91%     18.45    18.80    18.35    18.55       26.05    27.80    25.20    25.80     +7.25   +39.08%
      25               8  5516      雙喜                    0.00          0.00    38.53%     10.60    10.85    10.45    10.55       11.80    11.95    11.75    11.75     +1.20   +11.37%
      26             909  6865      偉康科技                  0.00          0.00    38.51%     25.40    26.80    25.30    25.40       25.90    25.90    25.90    25.90     +0.50    +1.97%
      27              76  3324      雙鴻                  676.00        347.00    38.36%    879.00   930.00   869.00   913.00     1300.00  1375.00  1300.00  1375.00   +462.00   +50.60%
      28             938  2948      寶陞                    0.00          0.00    37.74%     37.00    37.50    37.00    37.50       36.65    38.35    36.65    38.30     +0.80    +2.13%
      29             930  2724      藝舍-KY                 0.00          0.00    37.68%     10.65    11.20    10.65    10.65       10.85    10.90    10.85    10.90     +0.25    +2.35%
      30              20  8906      花王                    0.00          0.00    37.59%     26.20    26.20    25.65    26.20       28.10    28.65    28.10    28.65     +2.45    +9.35%
      31              30  3455      由田                  100.50         85.00    37.59%    212.50   225.00   197.00   200.00      270.00   271.50   253.50   265.00    +65.00   +32.50%
      32             844  8905      裕國                    0.00          0.00    37.54%     29.00    29.00    28.85    29.00       34.60    34.60    34.60    34.60     +5.60   +19.31%
      33              33  8085      福華                    0.00          0.00    37.37%     11.30    11.40    11.05    11.10       16.00    16.30    15.60    16.10     +5.00   +45.05%
      34             192  3228      金麗科                  36.50          0.00    37.34%    167.00   168.50   158.50   159.50      172.00   188.00   169.00   180.00    +20.50   +12.85%
      35              18  4907      富宇                    0.00          0.00    37.30%     40.60    40.70    39.55    39.85       46.75    47.90    46.75    47.80     +7.95   +19.95%
      36             903  2235      謚源                    0.00          0.00    37.11%     27.75    27.80    27.70    27.80       28.45    28.70    28.00    28.30     +0.50    +1.80%
      37              19  3713      新晶投控                  0.00          0.00    36.58%     14.30    14.50    13.45    14.15       14.40    14.75    14.30    14.75     +0.60    +4.24%
      38            1005  3085      新零售                   0.00          0.00    36.56%        --       --       --       --          --       --       --       --        --        --
      39             691  7770      君曜                    0.00          0.00    36.52%     40.85    41.40    39.05    41.40       35.95    36.00    35.95    36.00     -5.40   -13.04%
      40              15  6840      東研信超                  0.00          0.00    36.47%     62.00    62.00    59.50    60.90       93.00    94.60    91.50    92.50    +31.60   +51.89%
==========================================================================================================================================================================
✅ 共 40 筆


══════════════════════════════════════════════════════════════════════════════════════════════════════════════
  🔄 第 21/30 次  2026/07/16 ～ 2026/08/31
══════════════════════════════════════════════════════════════════════════════════════════════════════════════

==========================================================================================================================================================================
📊 動能效率優先權分數排名 (2026/07/16 ~ 2026/08/31)
==========================================================================================================================================================================
    實資排名          累計天數排名  代號        名稱                 累計漲停(元)       累計跌停(元)       強度%  (07/16)開盤      最高      最低      收盤    (08/31)開盤      最高      最低      收盤      賺賠    賺賠率
--------------------------------------------------------------------------------------------------------------------------------------------------------------------------
       1               1  3234      光環                   60.30          9.90   100.00%    110.00   114.50   107.50   108.00      180.00   185.00   170.00   185.00    +77.00   +71.30%
       2               2  3441      聯一光                  33.20          0.00    79.55%     63.80    71.10    63.70    69.70      127.50   137.50   127.50   136.00    +66.30   +95.12%
       3               3  3498      陽程                   87.00         26.50    76.62%    122.00   131.50   119.00   129.50      191.00   208.00   191.00   208.00    +78.50   +60.62%
       4             279  3664      安瑞-KY                 0.00          0.00    55.15%      6.01     6.58     6.01     6.58        6.90     6.90     6.88     6.90     +0.32    +4.86%
       5               4  8047      星雲                    0.00          0.00    54.52%     43.00    43.25    42.15    43.25       44.00    44.00    44.00    44.00     +0.75    +1.73%
       6              39  8093      保銳                    0.00          0.00    54.02%     20.00    20.00    19.15    19.50       27.50    28.45    27.50    28.05     +8.55   +43.85%
       7             228  6929      佑全                    0.00          0.00    53.90%     23.20    23.20    23.20    23.20       21.90    22.40    21.90    22.35     -0.85    -3.66%
       8               9  5321      美而快                   0.00          0.00    53.15%     57.60    58.70    56.20    57.60       83.40    88.10    78.00    86.70    +29.10   +50.52%
       9              10  6727      亞泰金屬                336.00        260.00    52.28%    411.50   430.50   398.00   408.00      531.00   563.00   520.00   524.00   +116.00   +28.43%
      10               5  5355      佳總                    0.00          0.00    51.49%      6.29     6.29     6.06     6.26        5.89     5.97     5.55     5.84     -0.42    -6.71%
      11              18  6538      倉和                   63.50         44.50    51.38%    151.50   152.50   146.50   148.00      197.50   215.00   197.50   205.50    +57.50   +38.85%
      12              56  5432      新門                   45.00          0.00    51.02%    130.50   130.50   128.50   128.50      154.00   157.50   153.00   157.00    +28.50   +22.18%
      13              32  4908      前鼎                  112.00         50.00    50.80%    152.00   154.00   148.00   151.50      187.50   209.00   187.50   209.00    +57.50   +37.95%
      14             147  5276      達輝-KY                 0.00          0.00    50.71%     18.60    19.25    18.60    19.25          --       --       --       --        --        --
      15              12  6173      信昌電                 169.00        166.00    49.77%    228.00   233.50   213.00   215.50      242.50   259.50   235.50   246.00    +30.50   +14.15%
      16             135  6210      慶生                    0.00          0.00    49.58%     19.40    19.90    19.25    19.90       18.00    18.05    17.50    18.00     -1.90    -9.55%
      17            1011  6236      中湛                    0.00          0.00    48.70%        --       --       --       --          --       --       --       --        --        --
      18             958  6597      立誠                    0.00          0.00    48.44%     68.10    68.10    65.00    66.70       72.00    76.00    72.00    75.90     +9.20   +13.79%
      19              15  7839      達人網                   0.00          0.00    47.36%     44.50    44.50    43.00    44.50       44.65    44.65    43.00    44.50     +0.00    +0.00%
      20               6  4979      華星光                 436.00        287.00    47.07%    401.00   404.00   385.00   392.00      606.00   613.00   589.00   609.00   +217.00   +55.36%
      21              36  6240      松崗                    0.00          0.00    46.84%     18.35    18.55    17.85    18.55       23.00    25.30    22.30    25.30     +6.75   +36.39%
      22             932  2724      藝舍-KY                 0.00          0.00    46.21%     10.25    10.85    10.15    10.65       10.80    10.80    10.80    10.80     +0.15    +1.41%
      23               8  5516      雙喜                    0.00          0.00    45.45%     10.55    10.65    10.55    10.55       11.90    12.00    11.65    12.00     +1.45   +13.74%
      24              13  1780      立弘                    0.00          0.00    45.15%     23.15    23.15    22.70    22.70       24.50    24.50    24.05    24.50     +1.80    +7.93%
      25              27  3455      由田                  100.50         85.00    44.65%    220.00   226.00   215.00   218.00      255.00   272.50   245.50   260.50    +42.50   +19.50%
      26             911  6865      偉康科技                  0.00          0.00    44.29%     25.80    25.80    25.15    25.40       25.00    26.70    25.00    26.70     +1.30    +5.12%
      27              11  6840      東研信超                  0.00          0.00    44.15%     61.00    62.80    61.00    62.10       97.70    97.70    92.20    94.00    +31.90   +51.37%
      28             920  8905      裕國                    0.00          0.00    44.04%        --       --       --       --       34.50    34.60    34.50    34.60        --        --
      29             899  2235      謚源                    0.00          0.00    43.95%     27.75    27.90    27.70    27.80          --       --       --       --        --        --
      30            1002  3085      新零售                   0.00          0.00    43.38%     12.00    12.10    12.00    12.10       11.85    11.85    11.10    11.80     -0.30    -2.48%
      31              17  4907      富宇                    0.00          0.00    43.33%     39.75    40.70    39.75    40.35       46.75    47.25    46.40    47.20     +6.85   +16.98%
      32              29  8085      福華                    0.00          0.00    43.22%     11.35    11.45    11.30    11.30       15.55    16.50    15.45    15.85     +4.55   +40.27%
      33              34  7820      立盈                   21.00          0.00    43.20%    113.00   117.00   113.00   115.00      120.00   122.00   118.00   122.00     +7.00    +6.09%
      34              21  8906      花王                    0.00          0.00    42.97%     27.00    27.00    26.85    27.00       28.35    28.40    28.00    28.20     +1.20    +4.44%
      35              24  3191      雲嘉南                   0.00          0.00    42.85%     17.95    18.85    17.95    18.35       17.55    17.95    17.25    17.95     -0.40    -2.18%
      36              92  6264      富裔                    0.00          0.00    42.77%      6.00     6.07     5.99     5.99        6.01     6.08     5.98     6.08     +0.09    +1.50%
      37              14  3523      迎輝                    0.00          0.00    42.53%     15.00    15.40    15.00    15.40       15.00    15.45    14.30    15.45     +0.05    +0.32%
      38             742  7770      君曜                    0.00          0.00    42.49%     41.95    42.20    40.50    41.75       36.10    36.40    35.15    36.20     -5.55   -13.29%
      39              16  3713      新晶投控                  0.00          0.00    42.30%     14.55    14.85    14.35    14.75       14.20    14.75    14.20    14.75     +0.00    +0.00%
      40             955  4530      宏易                    0.00          0.00    42.20%     26.60    26.60    25.70    26.40       29.00    29.00    29.00    29.00     +2.60    +9.85%
==========================================================================================================================================================================
✅ 共 40 筆


══════════════════════════════════════════════════════════════════════════════════════════════════════════════
  🔄 第 22/30 次  2026/07/14 ～ 2026/08/28
══════════════════════════════════════════════════════════════════════════════════════════════════════════════

==========================================================================================================================================================================
📊 動能效率優先權分數排名 (2026/07/14 ~ 2026/08/28)
==========================================================================================================================================================================
    實資排名          累計天數排名  代號        名稱                 累計漲停(元)       累計跌停(元)       強度%  (07/14)開盤      最高      最低      收盤    (08/28)開盤      最高      最低      收盤      賺賠    賺賠率
--------------------------------------------------------------------------------------------------------------------------------------------------------------------------
       1               1  3234      光環                   60.30         20.40   100.00%    120.00   124.00   109.50   111.00      183.00   186.00   181.00   181.50    +70.50   +63.51%
       2               2  3441      聯一光                  33.20          0.00    85.69%     73.20    73.80    66.90    67.30      138.50   140.50   129.50   130.00    +62.70   +93.16%
       3             337  3664      安瑞-KY                 0.00          0.00    84.01%      6.66     7.00     6.66     7.00        6.00     6.28     6.00     6.28     -0.72   -10.29%
       4              37  5276      達輝-KY                 0.00          0.00    77.32%     18.55    19.30    18.55    19.30       18.25    18.70    18.25    18.70     -0.60    -3.11%
       5             265  6929      佑全                    0.00          0.00    76.86%     22.30    22.30    22.30    22.30       22.50    22.50    22.50    22.50     +0.20    +0.90%
       6               3  8047      星雲                    0.00          0.00    76.37%     43.80    43.80    41.05    42.15       43.90    44.00    43.90    44.00     +1.85    +4.39%
       7               5  5355      佳總                    0.00          0.00    75.90%      5.93     5.93     5.91     5.93        5.97     5.99     5.78     5.99     +0.06    +1.01%
       8               8  6538      倉和                   63.50         44.50    75.15%    147.00   158.00   135.00   156.00      219.00   222.50   200.00   200.00    +44.00   +28.21%
       9              34  8093      保銳                    0.00          0.00    75.14%     20.00    20.00    19.50    19.50       27.30    27.80    27.20    27.45     +7.95   +40.77%
      10              97  6210      慶生                    0.00          0.00    73.91%     19.30    19.60    18.10    19.60       18.05    18.05    18.05    18.05     -1.55    -7.91%
      11              13  6727      亞泰金屬                336.00        289.00    73.13%    431.00   446.50   419.00   423.50      529.00   551.00   518.00   537.00   +113.50   +26.80%
      12               7  7839      達人網                   0.00          0.00    72.81%     43.20    44.75    41.50    44.75       44.00    44.90    43.50    44.65     -0.10    -0.22%
      13              11  5321      美而快                   0.00          0.00    72.68%     57.90    59.90    54.00    56.60       84.50    85.80    82.00    85.00    +28.40   +50.18%
      14            1011  6236      中湛                    0.00          0.00    71.56%        --       --       --       --          --       --       --       --        --        --
      15               9  6173      信昌電                 169.00        166.00    71.39%    240.50   257.00   224.00   239.00      229.00   239.00   229.00   239.00     +0.00    +0.00%
      16               4  3498      陽程                   68.50         38.00    69.99%    140.00   140.00   118.00   119.50      200.00   203.00   189.00   189.50    +70.00   +58.58%
      17             945  6597      立誠                    0.00          0.00    69.93%     64.00    66.40    63.00    66.40       73.00    73.60    73.00    73.60     +7.20   +10.84%
      18             929  2724      藝舍-KY                 0.00          0.00    68.27%     11.15    11.15    11.15    11.15       10.65    10.65    10.65    10.65     -0.50    -4.48%
      19              12  6840      東研信超                  0.00          0.00    67.44%     61.20    61.20    59.50    60.40       98.70    99.30    95.10    98.40    +38.00   +62.91%
      20              18  3455      由田                  100.50         85.00    67.21%    217.00   224.50   200.00   224.50      256.50   257.00   247.00   254.00    +29.50   +13.14%
      21              10  5516      雙喜                    0.00          0.00    66.63%     10.50    10.50    10.30    10.50       12.00    12.00    11.70    11.85     +1.35   +12.86%
      22              21  2221      大甲                    0.00          0.00    66.55%     48.40    51.50    48.00    49.85       75.00    82.00    75.00    79.70    +29.85   +59.88%
      23              15  4979      華星光                 436.00        287.00    65.79%    420.00   442.00   382.50   403.00      603.00   621.00   596.00   610.00   +207.00   +51.36%
      24              14  1780      立弘                    0.00          0.00    65.72%     23.35    23.35    22.50    23.00       24.50    24.50    23.95    24.50     +1.50    +6.52%
      25             890  8905      裕國                    0.00          0.00    65.18%     29.15    29.70    29.15    29.15       34.80    34.85    34.60    34.60     +5.45   +18.70%
      26            1003  3085      新零售                   0.00          0.00    64.85%     11.90    11.90    11.90    11.90          --       --       --       --        --        --
      27             125  5432      新門                   45.00          0.00    64.66%    138.50   138.50   131.00   134.00      152.50   154.50   144.50   152.50    +18.50   +13.81%
      28             934  4747      強生                    0.00          0.00    64.06%     49.95    49.95    49.95    49.95          --       --       --       --        --        --
      29              20  8906      花王                    0.00          0.00    63.98%     27.45    27.55    27.00    27.30       28.10    28.35    28.10    28.35     +1.05    +3.85%
      30             646  7770      君曜                    0.00          0.00    63.79%     41.60    42.00    41.30    41.95       36.55    36.55    36.55    36.55     -5.40   -12.87%
      31              53  4139      馬光-KY                 0.00          0.00    63.70%     26.35    28.60    26.35    28.60       39.50    40.10    39.50    40.00    +11.40   +39.86%
      32              16  3523      迎輝                    0.00          0.00    63.66%     15.00    15.90    14.55    15.50       15.50    15.50    15.05    15.40     -0.10    -0.65%
      33              22  6829      千附精密                102.00        127.00    63.46%    229.50   256.50   227.50   256.50      244.50   246.50   230.50   238.00    -18.50    -7.21%
      34              17  4907      富宇                    0.00          0.00    63.45%     40.80    40.80    39.70    40.65       46.65    47.60    46.60    47.25     +6.60   +16.24%
      35               6  3490      單井                    0.00          0.00    63.39%     30.90    31.10    29.05    29.80       54.30    54.80    49.80    50.30    +20.50   +68.79%
      36             954  2948      寶陞                    0.00          0.00    63.16%     38.50    38.80    38.50    38.80       38.45    38.45    38.45    38.45     -0.35    -0.90%
      37             964  4530      宏易                    0.00          0.00    62.98%        --       --       --       --       30.50    30.90    29.90    29.90        --        --
      38              32  6240      松崗                    0.00          0.00    62.92%     18.05    18.40    17.65    18.40       22.25    23.20    22.25    23.00     +4.60   +25.00%
      39              71  6264      富裔                    0.00          0.00    62.45%      6.03     6.14     5.90     6.00        6.00     6.11     6.00     6.06     +0.06    +1.00%
      40             914  6865      偉康科技                  0.00          0.00    62.10%     26.60    27.25    26.50    27.15       25.95    26.00    25.95    26.00     -1.15    -4.24%
==========================================================================================================================================================================
✅ 共 40 筆


══════════════════════════════════════════════════════════════════════════════════════════════════════════════
  🔄 第 23/30 次  2026/07/13 ～ 2026/08/27
══════════════════════════════════════════════════════════════════════════════════════════════════════════════

==========================================================================================================================================================================
📊 動能效率優先權分數排名 (2026/07/13 ~ 2026/08/27)
==========================================================================================================================================================================
    實資排名          累計天數排名  代號        名稱                 累計漲停(元)       累計跌停(元)       強度%  (07/13)開盤      最高      最低      收盤    (08/27)開盤      最高      最低      收盤      賺賠    賺賠率
--------------------------------------------------------------------------------------------------------------------------------------------------------------------------
       1               1  3441      聯一光                  33.20          0.00   100.00%     70.40    74.30    70.20    74.30      133.50   137.50   127.00   137.50    +63.20   +85.06%
       2               2  6538      倉和                   77.00         22.50    95.95%    141.00   149.50   141.00   149.50      211.00   222.50   207.00   222.00    +72.50   +48.49%
       3               3  3234      光環                   60.30         20.40    90.28%    126.50   128.00   117.00   121.50      179.00   186.00   178.50   180.00    +58.50   +48.15%
       4               5  8047      星雲                    0.00          0.00    69.24%     43.00    43.95    42.45    42.55       43.90    43.95    43.80    43.90     +1.35    +3.17%
       5              10  6829      千附精密                113.50        127.00    69.03%    228.00   242.00   227.00   233.50      244.00   255.00   240.50   240.50     +7.00    +3.00%
       6              58  8093      保銳                    0.00          0.00    68.62%     19.70    19.70    19.70    19.70       27.35    27.50    26.95    27.25     +7.55   +38.32%
       7             602  3664      安瑞-KY                 0.00          0.00    68.58%      8.00     8.00     7.32     7.40        5.71     5.71     5.71     5.71     -1.69   -22.84%
       8              48  5276      達輝-KY                 0.00          0.00    68.54%     19.20    19.20    18.90    19.00       18.65    18.65    18.65    18.65     -0.35    -1.84%
       9               7  5355      佳總                    0.00          0.00    67.50%      6.10     6.19     5.91     5.93        5.90     6.00     5.60     6.00     +0.07    +1.18%
      10               4  3498      陽程                   68.50         24.00    67.23%    136.00   139.00   128.50   131.00      208.00   208.00   199.00   203.50    +72.50   +55.34%
      11             158  6210      慶生                    0.00          0.00    66.28%     19.95    19.95    19.50    19.50       17.70    18.05    17.70    18.05     -1.45    -7.44%
      12             393  6929      佑全                    0.00          0.00    65.88%     24.00    24.00    22.40    22.40       22.70    22.80    22.70    22.80     +0.40    +1.79%
      13            1011  6236      中湛                    0.00          0.00    65.71%        --       --       --       --       16.40    17.45    16.40    17.45        --        --
      14             919  2724      藝舍-KY                 0.00          0.00    63.97%     11.00    11.85    11.00    11.20       10.30    10.65    10.30    10.65     -0.55    -4.91%
      15             940  6597      立誠                    0.00          0.00    63.53%     67.30    67.30    67.20    67.20          --       --       --       --        --        --
      16              13  5321      美而快                   0.00          0.00    62.96%     63.00    63.50    60.00    60.00       82.90    85.00    81.50    85.00    +25.00   +41.67%
      17              11  7839      達人網                   0.00          0.00    62.69%     45.20    45.20    43.20    43.20       44.10    45.00    43.90    45.00     +1.80    +4.17%
      18               6  3490      單井                    0.00          0.00    62.61%     31.75    31.90    30.85    31.40       50.60    56.00    49.60    54.00    +22.60   +71.97%
      19               8  5516      雙喜                    0.00          0.00    62.05%     10.50    10.55    10.45    10.50       11.95    12.00    11.80    11.80     +1.30   +12.38%
      20            1002  3085      新零售                   0.00          0.00    62.02%     11.35    11.75    11.35    11.75       11.95    11.95    11.80    11.90     +0.15    +1.28%
      21               9  1780      立弘                    0.00          0.00    61.55%     23.10    24.70    23.10    23.50       24.35    24.85    24.25    24.85     +1.35    +5.74%
      22             850  4747      強生                    0.00          0.00    61.22%     48.30    49.95    48.30    49.95          --       --       --       --        --        --
      23              20  6727      亞泰金屬                319.00        340.50    59.90%    515.00   519.00   465.50   465.50      488.00   528.00   471.00   520.00    +54.50   +11.71%
      24              41  4139      馬光-KY                 0.00          0.00    59.82%     25.20    26.00    24.90    26.00       37.50    38.50    37.50    38.50    +12.50   +48.08%
      25              15  8906      花王                    0.00          0.00    59.76%     27.60    28.40    27.60    28.25       28.25    28.30    28.25    28.30     +0.05    +0.18%
      26              14  6840      東研信超                  0.00          0.00    59.74%     64.90    64.90    62.50    62.70       93.80   100.00    90.30    98.30    +35.60   +56.78%
      27             637  7770      君曜                    0.00          0.00    59.55%     42.60    43.30    41.30    43.20       36.50    36.95    36.25    36.95     -6.25   -14.47%
      28              39  7714      創泓科技                117.50         79.50    59.47%    180.50   189.50   173.00   184.50      182.50   192.50   176.50   184.00     -0.50    -0.27%
      29             957  4530      宏易                    0.00          0.00    59.19%     26.25    26.25    26.25    26.25       28.30    31.00    28.20    30.20     +3.95   +15.05%
      30             917  8905      裕國                    0.00          0.00    58.85%     30.50    30.50    29.90    29.90       35.00    35.00    34.80    34.80     +4.90   +16.39%
      31              12  3523      迎輝                    0.00          0.00    58.43%     15.50    15.65    15.40    15.40       14.90    15.45    14.90    15.40     +0.00    +0.00%
      32             978  2948      寶陞                    0.00          0.00    57.97%        --       --       --       --       37.90    37.95    37.90    37.95        --        --
      33             971  5703      亞都                    0.00          0.00    57.83%     13.90    14.00    13.90    14.00       15.10    15.20    14.60    14.60     +0.60    +4.29%
      34             911  6865      偉康科技                  0.00          0.00    57.52%     26.90    27.15    26.60    27.15       25.50    26.00    25.50    26.00     -1.15    -4.24%
      35             976  8444      綠河-KY                 0.00          0.00    57.49%      5.04     5.54     5.03     5.54        4.50     4.65     4.50     4.63     -0.91   -16.43%
      36            1005  4183      福永生技                  0.00          0.00    57.32%     14.25    14.80    14.25    14.80       13.50    14.00    13.50    14.00     -0.80    -5.41%
      37              19  3191      雲嘉南                   0.00          0.00    57.22%     18.80    18.80    18.40    18.45       17.85    18.15    17.85    17.95     -0.50    -2.71%
      38              32  3259      鑫創                    0.00          0.00    57.19%     15.70    15.70    15.15    15.20       14.20    14.20    14.20    14.20     -1.00    -6.58%
      39             731  2235      謚源                    0.00          0.00    57.14%     30.05    30.90    29.95    30.90       26.80    27.75    26.70    27.75     -3.15   -10.19%
      40              16  6173      信昌電                 147.50        193.50    57.06%    277.00   277.00   247.50   247.50      205.00   217.50   196.00   217.50    -30.00   -12.12%
==========================================================================================================================================================================
✅ 共 40 筆


══════════════════════════════════════════════════════════════════════════════════════════════════════════════
  🔄 第 24/30 次  2026/07/09 ～ 2026/08/26
══════════════════════════════════════════════════════════════════════════════════════════════════════════════

==========================================================================================================================================================================
📊 動能效率優先權分數排名 (2026/07/09 ~ 2026/08/26)
==========================================================================================================================================================================
    實資排名          累計天數排名  代號        名稱                 累計漲停(元)       累計跌停(元)       強度%  (07/09)開盤      最高      最低      收盤    (08/26)開盤      最高      最低      收盤      賺賠    賺賠率
--------------------------------------------------------------------------------------------------------------------------------------------------------------------------
       1               1  6538      倉和                   79.00         22.50   100.00%    133.00   136.00   128.50   136.00      201.00   217.00   198.00   212.00    +76.00   +55.88%
       2               2  3441      聯一光                  20.70          0.00    86.32%     70.20    75.30    67.60    67.60      113.50   125.00   113.00   125.00    +57.40   +84.91%
       3               3  3234      光環                   60.30         20.40    84.23%    131.00   131.00   124.50   126.00      179.50   185.50   174.00   180.50    +54.50   +43.25%
       4             390  3664      安瑞-KY                 0.00          0.00    71.14%      7.48     8.22     7.48     8.00        5.40     5.79     5.38     5.79     -2.21   -27.62%
       5               4  3498      陽程                   68.50         24.00    69.39%    124.00   131.00   124.00   126.50      195.50   205.00   195.50   203.50    +77.00   +60.87%
       6               5  8047      星雲                    0.00          0.00    67.11%     43.90    44.50    43.90    44.00       45.20    45.20    43.40    43.80     -0.20    -0.45%
       7              52  5276      達輝-KY                 0.00          0.00    66.98%     19.10    19.30    18.55    19.30       18.35    18.40    18.35    18.40     -0.90    -4.66%
       8              15  6829      千附精密                113.50        127.00    66.69%    225.00   232.00   219.00   222.00      219.00   239.00   218.00   239.00    +17.00    +7.66%
       9             100  8093      保銳                    0.00          0.00    65.22%     20.40    20.45    20.00    20.00       28.25    28.25    27.05    27.35     +7.35   +36.75%
      10             922  6597      立誠                    0.00          0.00    64.32%     65.00    67.80    65.00    67.80       74.50    74.50    74.50    74.50     +6.70    +9.88%
      11               7  5355      佳總                    0.00          0.00    64.16%      6.14     6.15     5.90     6.15        5.53     5.92     5.53     5.92     -0.23    -3.74%
      12             282  6929      佑全                    0.00          0.00    64.11%     22.25    22.55    22.00    22.50       22.75    23.45    22.75    23.45     +0.95    +4.22%
      13             195  6210      慶生                    0.00          0.00    63.55%     19.50    19.75    19.30    19.75       17.15    17.75    17.10    17.75     -2.00   -10.13%
      14               8  5516      雙喜                    0.00          0.00    60.73%     10.50    10.65    10.45    10.50       11.80    12.40    11.80    11.95     +1.45   +13.81%
      15            1003  3085      新零售                   0.00          0.00    60.13%        --       --       --       --       12.00    12.00    12.00    12.00        --        --
      16              10  7839      達人網                   0.00          0.00    60.08%     44.80    46.00    43.25    45.45       44.05    45.00    43.90    45.00     -0.45    -0.99%
      17              44  7714      創泓科技                133.00         79.50    59.97%    172.50   172.50   172.50   172.50      174.00   185.00   172.50   182.00     +9.50    +5.51%
      18             937  2724      藝舍-KY                 0.00          0.00    59.38%        --       --       --       --        9.82    10.95     9.82    10.90        --        --
      19            1011  6236      中湛                    0.00          0.00    59.01%        --       --       --       --       14.95    15.90    14.95    15.90        --        --
      20             968  8444      綠河-KY                 0.00          0.00    58.90%      5.15     5.56     5.15     5.56        5.00     5.00     4.96     4.96     -0.60   -10.79%
      21             971  5703      亞都                    0.00          0.00    58.51%     13.90    14.00    13.90    14.00       14.90    15.30    14.90    15.30     +1.30    +9.29%
      22               9  1780      立弘                    0.00          0.00    57.94%     24.70    24.70    24.25    24.70       24.85    24.85    24.15    24.85     +0.15    +0.61%
      23              14  8906      花王                    0.00          0.00    57.37%     28.60    28.60    27.90    28.55       28.25    28.25    28.25    28.25     -0.30    -1.05%
      24             828  4747      強生                    0.00          0.00    57.28%     51.30    51.30    50.00    50.00          --       --       --       --        --        --
      25             942  8905      裕國                    0.00          0.00    57.11%        --       --       --       --       34.70    34.90    34.70    34.85        --        --
      26              16  5321      美而快                   0.00          0.00    57.01%     63.00    63.00    60.00    61.20       83.00    83.00    79.50    81.10    +19.90   +32.52%
      27              13  3191      雲嘉南                   0.00          0.00    56.42%     18.35    18.95    18.35    18.80       17.90    18.30    17.80    17.85     -0.95    -5.05%
      28              41  4139      馬光-KY                 0.00          0.00    56.09%     24.80    24.90    24.75    24.90       36.60    37.50    36.60    37.35    +12.45   +50.00%
      29             982  2948      寶陞                    0.00          0.00    55.75%     38.75    38.75    38.75    38.75       38.30    38.30    38.30    38.30     -0.45    -1.16%
      30              11  6574      霈方                   24.00         15.00    55.65%    122.00   132.50   118.50   132.50      119.50   121.00   118.00   121.00    -11.50    -8.68%
      31             962  6856      鑫傳                    0.00          0.00    55.42%     42.70    44.40    41.65    43.40          --       --       --       --        --        --
      32             715  7770      君曜                    0.00          0.00    55.10%     43.50    43.50    42.60    42.60       36.70    36.70    36.25    36.50     -6.10   -14.32%
      33             143  6240      松崗                    0.00          0.00    54.98%     17.75    18.50    17.75    18.50       24.70    24.70    21.80    22.45     +3.95   +21.35%
      34              12  4907      富宇                    0.00          0.00    54.87%     41.60    41.60    40.90    41.35       46.30    47.50    46.30    47.50     +6.15   +14.87%
      35              31  7820      立盈                   21.00          0.00    54.77%    120.00   120.00   118.00   118.50      121.50   123.50   121.50   123.00     +4.50    +3.80%
      36             996  3226      龍鋒                    0.00          0.00    54.58%        --       --       --       --       52.80    52.90    52.70    52.90        --        --
      37               6  3490      單井                    0.00          0.00    54.24%     32.50    32.60    31.80    31.80       52.80    57.00    52.80    53.60    +21.80   +68.55%
      38              30  3259      鑫創                    0.00          0.00    54.19%     15.90    16.00    15.65    15.70       12.95    12.95    12.40    12.95     -2.75   -17.52%
      39             944  6865      偉康科技                  0.00          0.00    54.03%        --       --       --       --       25.45    25.60    25.45    25.50        --        --
      40              22  2756      聯發國際                  0.00          0.00    53.92%     58.70    59.50    58.70    59.50       63.00    63.00    61.80    63.00     +3.50    +5.88%
==========================================================================================================================================================================
✅ 共 40 筆


══════════════════════════════════════════════════════════════════════════════════════════════════════════════
  🔄 第 25/30 次  2026/07/08 ～ 2026/08/24
══════════════════════════════════════════════════════════════════════════════════════════════════════════════

==========================================================================================================================================================================
📊 動能效率優先權分數排名 (2026/07/08 ~ 2026/08/24)
==========================================================================================================================================================================
    實資排名          累計天數排名  代號        名稱                 累計漲停(元)       累計跌停(元)       強度%  (07/08)開盤      最高      最低      收盤    (08/24)開盤      最高      最低      收盤      賺賠    賺賠率
--------------------------------------------------------------------------------------------------------------------------------------------------------------------------
       1               2  6538      倉和                   79.00         22.50   100.00%    127.00   127.50   120.50   124.00      194.50   204.50   193.00   193.00    +69.00   +55.65%
       2               1  3234      光環                   60.30         20.40    98.91%    120.50   130.50   120.50   129.00      150.50   166.00   148.00   166.00    +37.00   +28.68%
       3               7  7714      創泓科技                135.00         79.50    80.82%    144.00   157.00   140.00   157.00      178.00   181.00   173.50   175.00    +18.00   +11.46%
       4             394  3664      安瑞-KY                 0.00          0.00    80.06%      7.14     7.58     7.14     7.48        5.42     5.42     5.36     5.36     -2.12   -28.34%
       5               3  8047      星雲                    0.00          0.00    78.99%     45.85    46.80    43.35    45.25       45.20    45.90    43.20    45.85     +0.60    +1.33%
       6              86  8093      保銳                    0.00          0.00    78.26%     20.35    20.40    20.35    20.40       24.05    27.30    24.00    27.30     +6.90   +33.82%
       7             235  5276      達輝-KY                 0.00          0.00    77.44%        --       --       --       --       19.50    20.40    18.45    19.50        --        --
       8              14  6829      千附精密                 92.00        127.00    75.08%    206.00   218.50   202.50   216.00      206.50   218.00   206.50   215.00     -1.00    -0.46%
       9             939  6597      立誠                    0.00          0.00    74.98%        --       --       --       --          --       --       --       --        --        --
      10               5  3441      聯一光                   9.70          0.00    74.15%     71.00    72.00    66.70    69.30      113.50   117.00   109.00   112.50    +43.20   +62.34%
      11               4  3498      陽程                   68.50         24.00    71.84%    124.00   130.50   116.50   119.50      191.00   200.50   180.00   185.00    +65.50   +54.81%
      12            1002  3085      新零售                   0.00          0.00    71.68%     12.00    12.15    12.00    12.15          --       --       --       --        --        --
      13               9  7839      達人網                   0.00          0.00    71.26%     43.50    44.75    41.80    44.75       44.30    45.10    44.30    45.10     +0.35    +0.78%
      14               6  5516      雙喜                    0.00          0.00    71.21%     10.20    10.30    10.10    10.30       11.95    12.25    11.95    12.00     +1.70   +16.50%
      15             363  6210      慶生                    0.00          0.00    71.08%     19.35    19.60    19.15    19.15       17.50    18.10    17.50    17.70     -1.45    -7.57%
      16             405  6929      佑全                    0.00          0.00    71.01%     23.35    23.35    22.80    22.80       22.85    23.90    22.85    23.80     +1.00    +4.39%
      17              71  6240      松崗                    0.00          0.00    70.88%     18.50    18.55    18.20    18.20       20.55    22.05    20.30    22.05     +3.85   +21.15%
      18             982  8444      綠河-KY                 0.00          0.00    70.14%        --       --       --       --          --       --       --       --        --        --
      19              10  5355      佳總                    0.00          0.00    69.83%      6.15     6.15     6.13     6.14        5.91     5.91     5.53     5.79     -0.35    -5.70%
      20             692  4747      強生                    0.00          0.00    68.55%     48.40    48.80    48.40    48.80          --       --       --       --        --        --
      21              11  1780      立弘                    0.00          0.00    68.36%     24.80    25.20    24.45    24.70       25.00    25.10    24.20    25.10     +0.40    +1.62%
      22              19  5321      美而快                   0.00          0.00    67.73%     62.10    62.10    58.50    60.70       71.20    78.50    71.20    78.50    +17.80   +29.32%
      23             949  6856      鑫傳                    0.00          0.00    67.60%     42.10    43.00    41.60    43.00       42.05    42.05    42.00    42.00     -1.00    -2.33%
      24             971  5703      亞都                    0.00          0.00    67.59%     13.85    13.90    13.85    13.90       15.15    15.50    14.80    15.50     +1.60   +11.51%
      25             938  8905      裕國                    0.00          0.00    67.51%     29.70    29.70    29.70    29.70       34.40    34.85    34.35    34.85     +5.15   +17.34%
      26             673  7770      君曜                    0.00          0.00    66.99%     43.00    43.50    42.60    43.50       37.50    37.50    36.35    37.30     -6.20   -14.25%
      27             986  2948      寶陞                    0.00          0.00    66.46%        --       --       --       --          --       --       --       --        --        --
      28              12  6727      亞泰金屬                318.50        367.50    66.44%    506.00   544.00   481.50   544.00      447.50   463.00   444.00   445.00    -99.00   -18.20%
      29              20  8906      花王                    0.00          0.00    66.26%     28.75    28.75    27.75    28.00       27.45    28.50    27.30    28.40     +0.40    +1.43%
      30              18  3191      雲嘉南                   0.00          0.00    66.22%     18.95    19.00    18.45    18.65       18.10    18.20    17.90    18.10     -0.55    -2.95%
      31              15  6574      霈方                   24.00         15.00    65.91%    121.00   123.00   120.00   122.50      118.50   119.50   118.50   118.50     -4.00    -3.27%
      32              16  3523      迎輝                    0.00          0.00    65.60%     15.20    15.65    15.20    15.50       15.80    15.80    15.10    15.10     -0.40    -2.58%
      33              47  4139      馬光-KY                 0.00          0.00    65.51%     24.60    24.75    24.60    24.65       35.05    37.95    35.00    36.00    +11.35   +46.04%
      34              17  4979      華星光                 417.00        300.50    65.49%    432.00   451.50   424.50   434.50      581.00   605.00   547.00   547.00   +112.50   +25.89%
      35            1013  6236      中湛                    0.00          0.00    65.30%        --       --       --       --          --       --       --       --        --        --
      36             996  3226      龍鋒                    0.00          0.00    65.16%     46.50    46.50    46.50    46.50       51.90    52.70    51.80    52.70     +6.20   +13.33%
      37            1007  2941      米斯特                   0.00          0.00    64.74%     32.20    32.45    32.20    32.45          --       --       --       --        --        --
      38             944  6865      偉康科技                  0.00          0.00    64.61%     27.00    27.00    27.00    27.00       24.85    25.40    24.80    25.00     -2.00    -7.41%
      39              13  4907      富宇                    0.00          0.00    64.45%     41.50    41.90    41.05    41.90       47.80    49.00    47.50    48.70     +6.80   +16.23%
      40              72  6264      富裔                    0.00          0.00    64.39%      6.15     6.18     6.03     6.17        6.03     6.04     6.03     6.03     -0.14    -2.27%
==========================================================================================================================================================================
✅ 共 40 筆


══════════════════════════════════════════════════════════════════════════════════════════════════════════════
  🔄 第 26/30 次  2026/07/07 ～ 2026/08/21
══════════════════════════════════════════════════════════════════════════════════════════════════════════════

==========================================================================================================================================================================
📊 動能效率優先權分數排名 (2026/07/07 ~ 2026/08/21)
==========================================================================================================================================================================
    實資排名          累計天數排名  代號        名稱                 累計漲停(元)       累計跌停(元)       強度%  (07/07)開盤      最高      最低      收盤    (08/21)開盤      最高      最低      收盤      賺賠    賺賠率
--------------------------------------------------------------------------------------------------------------------------------------------------------------------------
       1               1  6538      倉和                   79.00         22.50   100.00%    129.00   130.00   124.50   125.50      207.00   208.00   191.00   196.50    +71.00   +56.57%
       2               2  3234      光環                   45.30         20.40    82.15%    128.00   137.50   122.00   123.00      150.00   152.50   141.50   151.00    +28.00   +22.76%
       3             126  5276      達輝-KY                 0.00          0.00    79.21%     19.30    19.80    19.00    19.75       19.40    20.00    19.00    19.95     +0.20    +1.01%
       4              10  7714      創泓科技                135.00         79.50    78.37%    153.00   153.00   140.00   143.00      180.50   183.50   176.00   179.00    +36.00   +25.17%
       5               3  8047      星雲                    0.00          0.00    77.33%     45.00    45.00    42.40    44.50       45.50    46.80    45.50    46.75     +2.25    +5.06%
       6             997  3085      新零售                   0.00          0.00    75.35%     11.50    12.10    11.45    12.10       11.25    12.00    11.00    12.00     -0.10    -0.83%
       7               4  3498      陽程                   68.50         24.00    74.86%    125.50   136.00   122.50   123.00      185.50   193.00   182.00   192.00    +69.00   +56.10%
       8             821  6597      立誠                    0.00          0.00    73.64%     66.30    66.30    65.00    65.00       68.50    72.40    68.50    72.40     +7.40   +11.38%
       9             598  3664      安瑞-KY                 0.00          0.00    72.70%      8.10     8.10     7.13     7.15        5.56     5.79     5.56     5.79     -1.36   -19.02%
      10               8  5355      佳總                    0.00          0.00    71.08%      6.20     6.20     6.05     6.19        6.00     6.00     5.70     5.98     -0.21    -3.39%
      11               5  3490      單井                    0.00          0.00    70.25%     33.80    33.80    32.50    33.20       50.10    53.90    50.10    53.90    +20.70   +62.35%
      12             961  8444      綠河-KY                 0.00          0.00    70.21%      5.13     5.14     5.13     5.14        5.28     5.28     5.28     5.28     +0.14    +2.72%
      13             916  6856      鑫傳                    0.00          0.00    70.13%     41.50    43.00    41.50    43.00       42.00    42.45    41.80    42.45     -0.55    -1.28%
      14             317  6210      慶生                    0.00          0.00    70.04%     19.25    19.40    19.20    19.20       17.20    17.40    17.20    17.40     -1.80    -9.38%
      15             496  6929      佑全                    0.00          0.00    69.75%     22.40    22.95    22.40    22.95       24.70    24.70    23.50    24.20     +1.25    +5.45%
      16               7  5516      雙喜                    0.00          0.00    69.52%     10.50    10.50    10.00    10.30       11.40    12.15    11.40    12.05     +1.75   +16.99%
      17             166  8093      保銳                    0.00          0.00    68.80%     20.50    20.50    20.50    20.50       23.20    24.85    23.20    24.85     +4.35   +21.22%
      18             931  3629      地心引力                  0.00          0.00    68.78%        --       --       --       --       13.05    13.95    13.05    13.95        --        --
      19               6  1780      立弘                    0.00          0.00    68.68%     24.75    25.20    24.65    25.00       24.80    25.10    24.10    25.10     +0.10    +0.40%
      20             530  7770      君曜                    0.00          0.00    68.38%     43.00    43.70    42.60    43.70       37.85    37.85    37.30    37.60     -6.10   -13.96%
      21             330  4747      強生                    0.00          0.00    68.08%     48.65    48.65    48.40    48.40          --       --       --       --        --        --
      22               9  3441      聯一光                   9.70          0.00    68.01%     79.40    79.40    71.10    71.10      102.00   107.00    95.50   107.00    +35.90   +50.49%
      23              12  7839      達人網                   0.00          0.00    67.80%     44.85    44.85    42.00    43.50       44.60    45.20    44.60    45.20     +1.70    +3.91%
      24             937  8905      裕國                    0.00          0.00    67.42%     29.10    29.50    29.00    29.50       34.55    35.00    34.55    35.00     +5.50   +18.64%
      25             965  5703      亞都                    0.00          0.00    66.86%     13.75    13.95    13.75    13.95       14.95    15.50    14.30    15.15     +1.20    +8.60%
      26             978  2948      寶陞                    0.00          0.00    66.30%     38.35    38.35    38.35    38.35       37.00    38.00    37.00    38.00     -0.35    -0.91%
      27              16  3523      迎輝                    0.00          0.00    66.13%     16.00    16.00    15.10    15.45       14.60    15.50    14.60    15.20     -0.25    -1.62%
      28              15  4979      華星光                 417.00        299.50    66.12%    461.50   488.00   424.00   428.00      570.00   605.00   552.00   577.00   +149.00   +34.81%
      29              73  6240      松崗                    0.00          0.00    65.65%     18.40    18.60    18.15    18.40       21.10    21.15    20.60    20.75     +2.35   +12.77%
      30              11  6574      霈方                   24.00         15.00    65.16%    122.50   123.50   116.00   121.50      122.00   122.50   118.00   118.50     -3.00    -2.47%
      31            1013  6236      中湛                    0.00          0.00    65.12%     17.05    17.05    17.05    17.05       14.65    15.10    14.65    15.10     -1.95   -11.44%
      32              18  6727      亞泰金屬                318.50        367.50    64.70%    509.00   537.00   484.00   495.00      455.00   456.50   432.50   443.00    -52.00   -10.51%
      33            1004  2941      米斯特                   0.00          0.00    64.54%        --       --       --       --       29.80    29.80    29.80    29.80        --        --
      34              39  6264      富裔                    0.00          0.00    64.19%      6.15     6.20     6.00     6.15        5.95     6.04     5.94     6.03     -0.12    -1.95%
      35             760  1259      安心                    0.00          0.00    63.98%     56.40    57.90    56.40    57.80       64.30    65.10    63.70    65.00     +7.20   +12.46%
      36              14  3191      雲嘉南                   0.00          0.00    63.84%     19.20    19.20    18.30    18.60       17.45    17.90    17.45    17.90     -0.70    -3.76%
      37            1000  3226      龍鋒                    0.00          0.00    63.65%     46.70    46.70    46.55    46.55       51.50    52.60    51.50    52.60     +6.05   +13.00%
      38              46  4139      馬光-KY                 0.00          0.00    63.27%     24.80    24.80    24.50    24.75       37.00    37.00    36.00    36.00    +11.25   +45.45%
      39             634  2235      謚源                    0.00          0.00    63.13%     30.30    30.30    30.20    30.20       27.05    27.05    27.05    27.05     -3.15   -10.43%
      40             791  4192      杏國                    0.00          0.00    63.03%     20.10    20.95    19.95    20.95       19.10    20.00    19.00    20.00     -0.95    -4.53%
==========================================================================================================================================================================
✅ 共 40 筆


══════════════════════════════════════════════════════════════════════════════════════════════════════════════
  🔄 第 27/30 次  2026/07/06 ～ 2026/08/20
══════════════════════════════════════════════════════════════════════════════════════════════════════════════

==========================================================================================================================================================================
📊 動能效率優先權分數排名 (2026/07/06 ~ 2026/08/20)
==========================================================================================================================================================================
    實資排名          累計天數排名  代號        名稱                 累計漲停(元)       累計跌停(元)       強度%  (07/06)開盤      最高      最低      收盤    (08/20)開盤      最高      最低      收盤      賺賠    賺賠率
--------------------------------------------------------------------------------------------------------------------------------------------------------------------------
       1               1  6538      倉和                   79.00         22.50   100.00%    133.00   137.00   128.50   129.00      188.00   195.00   175.00   194.00    +65.00   +50.39%
       2               2  3234      光環                   45.30         20.40    75.19%    133.00   133.00   126.00   130.00      153.00   153.00   142.00   151.00    +21.00   +16.15%
       3             211  5276      達輝-KY                 0.00          0.00    73.13%     19.40    19.50    19.20    19.50       19.80    19.90    19.20    19.40     -0.10    -0.51%
       4               8  7714      創泓科技                135.00         79.50    71.07%    160.00   160.00   150.50   151.00      167.00   180.50   165.50   180.50    +29.50   +19.54%
       5               4  5355      佳總                    0.00          0.00    68.60%      6.08     6.34     6.00     6.20        5.65     6.00     5.50     6.00     -0.20    -3.23%
       6               3  8047      星雲                    0.00          0.00    68.11%     46.80    46.80    44.70    44.70       46.50    46.80    45.55    46.80     +2.10    +4.70%
       7             650  6929      佑全                    0.00          0.00    67.17%        --       --       --       --       23.00    24.20    23.00    23.35        --        --
       8             673  3664      安瑞-KY                 0.00          0.00    66.99%      7.47     7.60     7.47     7.60        5.55     5.66     5.55     5.56     -2.04   -26.84%
       9            1002  3085      新零售                   0.00          0.00    66.63%        --       --       --       --       11.30    11.55    11.30    11.55        --        --
      10             924  6856      鑫傳                    0.00          0.00    66.25%     41.95    42.45    41.50    42.45       42.70    42.70    42.00    42.00     -0.45    -1.06%
      11             498  7770      君曜                    0.00          0.00    65.91%     42.55    43.30    41.90    43.15       37.85    38.45    37.10    37.90     -5.25   -12.17%
      12             357  6210      慶生                    0.00          0.00    65.32%     19.50    19.55    19.40    19.50       16.85    17.40    16.85    17.40     -2.10   -10.77%
      13               6  3498      陽程                   68.50         24.00    65.15%    125.50   128.00   124.00   124.00      190.50   190.50   176.00   183.50    +59.50   +47.98%
      14               5  1780      立弘                    0.00          0.00    64.42%     24.60    24.90    24.50    24.75       24.95    25.35    24.70    25.00     +0.25    +1.01%
      15              45  4747      強生                    0.00          0.00    63.92%     49.20    49.20    48.90    48.95          --       --       --       --        --        --
      16             940  3629      地心引力                  0.00          0.00    63.87%     14.10    14.85    14.00    14.85          --       --       --       --        --        --
      17               7  6574      霈方                   24.00         15.00    63.84%    122.00   122.50   118.00   121.00      122.50   123.00   121.50   123.00     +2.00    +1.65%
      18              55  6240      松崗                    0.00          0.00    63.82%     18.20    19.00    18.20    18.40       21.05    21.10    20.40    21.10     +2.70   +14.67%
      19             969  8444      綠河-KY                 0.00          0.00    62.94%      5.41     5.41     5.12     5.14        5.01     5.01     5.01     5.01     -0.13    -2.53%
      20             978  2948      寶陞                    0.00          0.00    62.93%     37.40    38.60    37.40    38.60          --       --       --       --        --        --
      21             962  8905      裕國                    0.00          0.00    62.78%        --       --       --       --          --       --       --       --        --        --
      22              14  6727      亞泰金屬                363.00        350.50    62.76%    489.50   489.50   465.00   489.50      446.50   463.50   440.00   460.00    -29.50    -6.03%
      23              18  4139      馬光-KY                 0.00          0.00    62.50%     24.40    24.75    24.35    24.75       37.00    39.25    37.00    39.25    +14.50   +58.59%
      24             910  6597      立誠                    0.00          0.00    62.44%     69.70    69.80    66.00    66.30       72.00    72.00    68.10    72.00     +5.70    +8.60%
      25             967  5703      亞都                    0.00          0.00    62.22%     13.75    13.75    13.75    13.75       14.95    15.00    14.90    14.90     +1.15    +8.36%
      26             373  8093      保銳                    0.00          0.00    61.91%     19.50    20.90    19.50    20.00       22.20    23.85    22.20    22.60     +2.60   +13.00%
      27             936  6865      偉康科技                  0.00          0.00    61.07%     27.75    28.30    27.75    28.30       24.60    26.60    24.30    26.60     -1.70    -6.01%
      28            1004  2941      米斯特                   0.00          0.00    60.85%     35.10    35.10    35.05    35.05       30.00    30.00    29.60    29.60     -5.45   -15.55%
      29              11  5516      雙喜                    0.00          0.00    60.58%     10.70    10.70    10.50    10.50       11.75    11.75    11.60    11.65     +1.15   +10.95%
      30             607  2235      謚源                    0.00          0.00    60.29%     30.00    30.30    30.00    30.30          --       --       --       --        --        --
      31              42  6264      富裔                    0.00          0.00    60.16%      6.11     6.20     6.09     6.15        5.94     6.04     5.94     6.03     -0.12    -1.95%
      32              10  3490      單井                    0.00          0.00    59.99%     34.35    35.20    33.70    33.70       47.50    49.25    47.15    49.15    +15.45   +45.85%
      33              15  4979      華星光                 417.00        311.00    59.83%    472.00   483.00   451.50   457.00      542.00   570.00   518.00   570.00   +113.00   +24.73%
      34               9  4907      富宇                    0.00          0.00    59.76%     41.50    42.40    41.35    42.15       47.15    47.60    47.00    47.20     +5.05   +11.98%
      35             970  4530      宏易                    0.00          0.00    59.50%     26.65    26.85    26.65    26.85       26.80    26.80    26.60    26.80     -0.05    -0.19%
      36              13  3685      元創精密                  0.00          0.00    59.46%     27.85    30.30    27.00    30.30       36.60    36.65    35.40    35.40     +5.10   +16.83%
      37            1013  6236      中湛                    0.00          0.00    59.44%        --       --       --       --          --       --       --       --        --        --
      38              22  3441      聯一光                   0.00          0.00    59.15%     77.30    80.10    77.30    79.00       93.30    97.30    91.70    97.30    +18.30   +23.16%
      39             227  4198      欣大健康                  0.00          0.00    59.02%     40.75    41.95    39.00    41.80       42.90    42.90    42.90    42.90     +1.10    +2.63%
      40              80  6692      進能服                   0.00          0.00    59.01%     25.35    25.90    25.35    25.40       24.50    24.90    24.15    24.25     -1.15    -4.53%
==========================================================================================================================================================================
✅ 共 40 筆


══════════════════════════════════════════════════════════════════════════════════════════════════════════════
  🔄 第 28/30 次  2026/07/02 ～ 2026/08/19
══════════════════════════════════════════════════════════════════════════════════════════════════════════════

==========================================================================================================================================================================
📊 動能效率優先權分數排名 (2026/07/02 ~ 2026/08/19)
==========================================================================================================================================================================
    實資排名          累計天數排名  代號        名稱                 累計漲停(元)       累計跌停(元)       強度%  (07/02)開盤      最高      最低      收盤    (08/19)開盤      最高      最低      收盤      賺賠    賺賠率
--------------------------------------------------------------------------------------------------------------------------------------------------------------------------
       1               1  6538      倉和                   79.00         22.50   100.00%    140.50   144.00   136.00   137.00      186.00   197.50   185.00   191.50    +54.50   +39.78%
       2               2  3234      光環                   45.30         20.40    88.24%    117.00   129.00   116.00   127.50      138.50   149.50   138.00   147.50    +20.00   +15.69%
       3             153  5276      達輝-KY                 0.00          0.00    80.15%     19.05    19.30    18.80    19.25       19.50    19.70    19.40    19.65     +0.40    +2.08%
       4               3  3498      陽程                   68.50         24.00    78.26%    117.00   127.50   116.00   123.00      170.00   190.50   169.00   190.50    +67.50   +54.88%
       5             928  6856      鑫傳                    0.00          0.00    73.64%     44.95    46.20    44.95    46.20       42.95    44.20    42.95    44.20     -2.00    -4.33%
       6             670  6929      佑全                    0.00          0.00    73.33%     22.95    23.90    22.85    23.90       22.45    22.45    21.95    22.40     -1.50    -6.28%
       7               8  3455      由田                  109.00        123.50    71.96%    231.50   260.00   230.00   260.00      245.00   260.00   243.50   247.00    -13.00    -5.00%
       8               4  8047      星雲                    0.00          0.00    71.69%     48.00    48.00    47.40    47.80       48.00    49.15    46.00    49.15     +1.35    +2.82%
       9              18  6907      雅特力-KY              105.50        128.50    71.43%    142.00   155.00   141.50   155.00      186.00   201.00   182.50   192.50    +37.50   +24.19%
      10             731  3664      安瑞-KY                 0.00          0.00    71.11%      7.74     7.74     7.74     7.74        6.07     6.07     6.00     6.00     -1.74   -22.48%
      11               9  6720      久昌                   13.50          0.00    70.98%    145.00   152.00   143.00   152.00      136.00   137.50   132.00   137.50    -14.50    -9.54%
      12             566  7770      君曜                    0.00          0.00    70.32%     41.10    41.30    41.00    41.30       36.80    37.95    36.80    37.95     -3.35    -8.11%
      13              10  5355      佳總                    0.00          0.00    69.72%      6.00     6.14     5.86     6.10        5.35     5.74     5.35     5.65     -0.45    -7.38%
      14            1004  3085      新零售                   0.00          0.00    69.25%        --       --       --       --       11.50    11.95    11.50    11.95        --        --
      15               7  1780      立弘                    0.00          0.00    68.90%     24.30    24.65    24.05    24.50       24.10    24.80    23.90    24.80     +0.30    +1.22%
      16               6  4747      強生                    0.00          0.00    68.64%     48.55    49.05    48.55    49.05       53.10    58.30    53.00    56.50     +7.45   +15.19%
      17              36  7714      創泓科技                119.00         79.50    67.94%    145.00   153.00   145.00   149.00      167.00   174.00   162.00   164.50    +15.50   +10.40%
      18             932  3629      地心引力                  0.00          0.00    67.84%        --       --       --       --       14.35    14.35    13.85    13.85        --        --
      19              57  6240      松崗                    0.00          0.00    67.42%     18.15    18.35    17.55    18.10       20.85    20.85    20.05    20.75     +2.65   +14.64%
      20             923  8905      裕國                    0.00          0.00    67.15%     29.05    29.25    29.00    29.25       33.95    34.55    33.50    34.55     +5.30   +18.12%
      21             448  6210      慶生                    0.00          0.00    67.06%     20.10    20.10    20.10    20.10       16.90    17.25    16.90    17.10     -3.00   -14.93%
      22             924  6597      立誠                    0.00          0.00    66.84%     64.50    65.50    64.40    65.00       67.20    73.00    67.20    73.00     +8.00   +12.31%
      23             967  2948      寶陞                    0.00          0.00    66.82%        --       --       --       --       37.15    37.35    37.15    37.35        --        --
      24               5  6574      霈方                   24.00         15.00    66.74%    115.50   117.00   113.00   114.50      122.50   124.00   121.00   122.50     +8.00    +6.99%
      25             968  8444      綠河-KY                 0.00          0.00    66.70%      5.60     5.60     5.59     5.59          --       --       --       --        --        --
      26             975  5703      亞都                    0.00          0.00    66.29%        --       --       --       --       14.55    14.95    14.55    14.95        --        --
      27              11  5516      雙喜                    0.00          0.00    65.94%     10.20    10.40    10.20    10.35       11.60    11.90    11.55    11.70     +1.35   +13.04%
      28            1005  2941      米斯特                   0.00          0.00    65.52%        --       --       --       --       30.00    30.00    30.00    30.00        --        --
      29              13  3685      元創精密                  0.00          0.00    65.41%     28.85    29.75    28.50    28.85       37.70    37.70    36.10    36.60     +7.75   +26.86%
      30             603  5348      正能量智能                 0.00          0.00    64.90%     14.95    16.15    14.95    15.80       16.95    16.95    15.70    16.75     +0.95    +6.01%
      31             969  4530      宏易                    0.00          0.00    64.60%     26.20    28.30    26.05    26.75       26.10    26.80    26.00    26.80     +0.05    +0.19%
      32              25  6870      騰雲                   76.00         84.00    64.53%    279.00   318.00   279.00   318.00      248.50   265.00   248.50   261.50    -56.50   -17.77%
      33              16  4707      磐亞                    0.00          0.00    64.44%     27.90    30.90    27.85    30.90       32.00    33.70    31.25    31.40     +0.50    +1.62%
      34             484  8093      保銳                    0.00          0.00    64.40%     20.20    20.20    20.20    20.20       23.20    24.50    22.50    22.95     +2.75   +13.61%
      35             147  4198      欣大健康                  0.00          0.00    64.39%     39.50    40.50    39.50    40.50          --       --       --       --        --        --
      36              20  6727      亞泰金屬                346.50        350.50    64.24%    412.50   423.00   407.50   412.50      414.00   454.00   414.00   443.50    +31.00    +7.52%
      37              55  6264      富裔                    0.00          0.00    64.16%      5.95     6.12     5.95     6.07        6.00     6.02     5.93     6.02     -0.05    -0.82%
      38              69  6692      進能服                   0.00          0.00    64.14%     25.40    25.85    25.40    25.70       24.65    25.20    24.30    24.50     -1.20    -4.67%
      39              15  3191      雲嘉南                   0.00          0.00    63.66%     18.70    18.70    18.45    18.65       18.00    18.40    17.90    18.15     -0.50    -2.68%
      40              17  3441      聯一光                   0.00          0.00    63.61%     75.80    80.70    75.80    80.00       83.60    90.30    82.20    88.50     +8.50   +10.62%
==========================================================================================================================================================================
✅ 共 40 筆


══════════════════════════════════════════════════════════════════════════════════════════════════════════════
  🔄 第 29/30 次  2026/07/01 ～ 2026/08/18
══════════════════════════════════════════════════════════════════════════════════════════════════════════════

==========================================================================================================================================================================
📊 動能效率優先權分數排名 (2026/07/01 ~ 2026/08/18)
==========================================================================================================================================================================
    實資排名          累計天數排名  代號        名稱                 累計漲停(元)       累計跌停(元)       強度%  (07/01)開盤      最高      最低      收盤    (08/18)開盤      最高      最低      收盤      賺賠    賺賠率
--------------------------------------------------------------------------------------------------------------------------------------------------------------------------
       1               1  6538      倉和                   90.00         22.50   100.00%    142.50   144.00   135.00   142.00      186.50   198.50   181.00   192.00    +50.00   +35.21%
       2             112  5276      達輝-KY                 0.00          0.00    82.53%     18.50    19.05    18.40    19.05       18.80    19.90    18.20    19.80     +0.75    +3.94%
       3               4  6870      騰雲                  102.00         84.00    82.44%    264.00   289.50   256.50   289.50      261.00   267.00   256.00   257.50    -32.00   -11.05%
       4             481  3664      安瑞-KY                 0.00          0.00    77.96%      7.19     7.70     7.19     7.70          --       --       --       --        --        --
       5               3  3234      光環                   45.30         20.40    77.35%    128.00   129.50   121.00   121.00      149.00   154.00   141.00   146.00    +25.00   +20.66%
       6             701  6929      佑全                    0.00          0.00    74.46%     24.25    24.25    24.25    24.25          --       --       --       --        --        --
       7             930  6856      鑫傳                    0.00          0.00    73.58%     44.35    45.10    44.20    45.00          --       --       --       --        --        --
       8             915  3629      地心引力                  0.00          0.00    73.10%     14.60    14.95    14.60    14.95       15.30    15.30    15.30    15.30     +0.35    +2.34%
       9              27  6240      松崗                    0.00          0.00    70.66%     17.75    18.40    17.75    18.20       20.80    21.00    20.00    20.85     +2.65   +14.56%
      10             963  2948      寶陞                    0.00          0.00    70.32%     34.65    37.35    34.65    36.00       36.50    37.65    35.90    35.90     -0.10    -0.28%
      11              15  3455      由田                  109.00        112.50    70.21%    244.50   247.50   236.00   236.50      253.00   271.50   251.00   258.00    +21.50    +9.09%
      12               7  6720      久昌                   13.50          0.00    69.69%    140.00   140.00   138.00   138.50      139.50   139.50   131.00   132.00     -6.50    -4.69%
      13               2  6574      霈方                   24.00         15.00    68.49%    114.00   116.00   113.50   115.00      126.00   127.00   123.50   126.00    +11.00    +9.57%
      14             967  8444      綠河-KY                 0.00          0.00    68.47%      5.55     5.60     5.55     5.60        5.00     5.00     5.00     5.00     -0.60   -10.71%
      15               9  3685      元創精密                  0.00          0.00    68.26%     29.00    29.00    27.85    28.85       35.55    38.50    34.90    37.80     +8.95   +31.02%
      16             428  6210      慶生                    0.00          0.00    67.69%     20.00    20.10    19.60    20.10       17.05    17.05    16.90    17.05     -3.05   -15.17%
      17            1007  3085      新零售                   0.00          0.00    67.56%        --       --       --       --          --       --       --       --        --        --
      18               5  8047      星雲                    0.00          0.00    67.48%     52.00    52.00    48.00    49.40       47.30    51.00    45.50    49.15     -0.25    -0.51%
      19              49  7714      創泓科技                119.00         79.50    67.39%    153.00   157.00   146.00   146.00      166.00   176.50   164.00   170.00    +24.00   +16.44%
      20             687  7770      君曜                    0.00          0.00    67.32%     42.20    42.20    41.10    41.10       38.75    38.75    37.95    38.00     -3.10    -7.54%
      21             976  5703      亞都                    0.00          0.00    67.08%     13.35    13.65    13.30    13.65       14.70    14.70    14.70    14.70     +1.05    +7.69%
      22             934  8905      裕國                    0.00          0.00    66.90%     29.60    29.60    29.55    29.55       34.10    34.95    33.90    34.40     +4.85   +16.41%
      23             437  8093      保銳                    0.00          0.00    66.70%     19.85    20.10    19.70    19.95       24.50    24.60    23.35    23.35     +3.40   +17.04%
      24            1004  2941      米斯特                   0.00          0.00    66.67%        --       --       --       --          --       --       --       --        --        --
      25               6  1780      立弘                    0.00          0.00    66.25%     25.35    25.35    24.40    24.75       23.65    24.05    23.60    24.05     -0.70    -2.83%
      26              63  4198      欣大健康                  0.00          0.00    66.11%     38.90    39.20    38.30    39.20       40.45    42.60    40.45    42.00     +2.80    +7.14%
      27              13  6877      鏵友益                  12.00         21.00    65.66%    123.50   134.00   123.50   134.00      122.00   122.00   118.00   118.00    -16.00   -11.94%
      28              86  6907      雅特力-KY              105.50        128.50    65.61%    152.00   152.00   141.50   142.00      173.00   188.00   171.50   188.00    +46.00   +32.39%
      29              91  3577      泓格                   75.50         37.00    65.60%    119.50   130.00   119.50   130.00      126.00   126.50   119.50   120.50     -9.50    -7.31%
      30              58  6692      進能服                   0.00          0.00    65.48%     25.65    25.95    25.55    25.55       24.00    24.45    23.75    24.45     -1.10    -4.31%
      31            1001  4183      福永生技                  0.00          0.00    65.41%     14.60    14.60    14.60    14.60       14.50    14.60    14.50    14.60     +0.00    +0.00%
      32               8  4907      富宇                    0.00          0.00    65.08%     40.90    40.95    40.30    40.80       47.50    47.50    46.75    47.20     +6.40   +15.69%
      33              50  6264      富裔                    0.00          0.00    64.76%      6.07     6.07     6.04     6.04        6.03     6.04     5.99     6.04     +0.00    +0.00%
      34              22  5355      佳總                    0.00          0.00    64.42%      6.21     6.24     5.96     6.00        5.36     5.59     5.23     5.49     -0.51    -8.50%
      35              16  6844      諾貝兒                   0.00          0.00    64.23%     64.70    65.40    64.50    65.40       61.60    61.60    60.50    61.20     -4.20    -6.42%
      36             946  2724      藝舍-KY                 0.00          0.00    64.03%     12.00    12.05    11.85    12.05       10.65    10.65    10.65    10.65     -1.40   -11.62%
      37              14  8941      關中                    0.00          0.00    63.98%     42.10    44.15    42.10    44.15       44.00    44.50    44.00    44.20     +0.05    +0.11%
      38              10  4747      強生                    0.00          0.00    63.91%     49.45    49.45    48.55    48.55       54.20    54.20    52.70    53.00     +4.45    +9.17%
      39             851  1259      安心                    0.00          0.00    63.76%     56.70    56.70    56.70    56.70          --       --       --       --        --        --
      40              18  00785B    富邦金融投等債               0.00          0.00    63.67%     35.25    35.51    35.25    35.49       33.83    33.83    33.75    33.79     -1.70    -4.79%
==========================================================================================================================================================================
✅ 共 40 筆


══════════════════════════════════════════════════════════════════════════════════════════════════════════════
  🔄 第 30/30 次  2026/06/30 ～ 2026/08/17
══════════════════════════════════════════════════════════════════════════════════════════════════════════════

==========================================================================================================================================================================
📊 動能效率優先權分數排名 (2026/06/30 ~ 2026/08/17)
==========================================================================================================================================================================
    實資排名          累計天數排名  代號        名稱                 累計漲停(元)       累計跌停(元)       強度%  (06/30)開盤      最高      最低      收盤    (08/17)開盤      最高      最低      收盤      賺賠    賺賠率
--------------------------------------------------------------------------------------------------------------------------------------------------------------------------
       1               1  6538      倉和                  101.50         22.50   100.00%    124.00   131.00   117.00   131.00      187.00   193.00   181.00   190.50    +59.50   +45.42%
       2               5  6870      騰雲                  121.00         84.00    92.26%    258.00   267.00   246.00   263.50      268.00   268.00   259.00   266.00     +2.50    +0.95%
       3             159  3664      安瑞-KY                 0.00          0.00    76.58%      6.65     7.00     6.65     7.00        6.09     6.09     6.09     6.09     -0.91   -13.00%
       4               2  3234      光環                   45.30         20.40    76.34%    124.50   129.00   123.00   127.50      139.50   150.00   137.50   150.00    +22.50   +17.65%
       5               8  3455      由田                  123.50        112.50    74.33%    221.00   238.00   221.00   235.00      232.00   253.00   227.00   253.00    +18.00    +7.66%
       6             356  5276      達輝-KY                 0.00          0.00    74.00%     18.65    18.70    18.65    18.70       18.50    18.85    18.45    18.85     +0.15    +0.80%
       7               3  6720      久昌                   13.50          0.00    72.67%    139.50   142.00   139.00   140.00      140.00   140.00   137.00   138.00     -2.00    -1.43%
       8             529  6929      佑全                    0.00          0.00    69.20%     23.95    23.95    23.75    23.75       22.45    22.45    22.45    22.45     -1.30    -5.47%
       9             903  6856      鑫傳                    0.00          0.00    68.93%     45.40    45.40    44.10    45.40       42.20    43.30    42.20    43.20     -2.20    -4.85%
      10             962  3629      地心引力                  0.00          0.00    68.47%        --       --       --       --       13.05    13.95    13.05    13.95        --        --
      11             976  2948      寶陞                    0.00          0.00    66.94%        --       --       --       --       36.65    38.50    36.65    38.40        --        --
      12             393  8093      保銳                    0.00          0.00    66.41%     19.60    19.85    19.60    19.85       25.40    25.80    24.70    24.70     +4.85   +24.43%
      13               7  6727      亞泰金屬                375.00        317.00    66.38%    404.00   429.50   404.00   428.50      440.00   475.00   430.00   475.00    +46.50   +10.85%
      14             131  3577      泓格                   75.50         37.00    66.21%    119.00   120.00   118.00   118.50      127.00   129.50   124.00   126.50     +8.00    +6.75%
      15             313  6240      松崗                    0.00          0.00    66.00%        --       --       --       --       20.60    21.10    20.10    20.80        --        --
      16             715  7770      君曜                    0.00          0.00    65.43%     41.65    42.70    41.20    42.35       38.30    38.75    38.10    38.75     -3.60    -8.50%
      17               4  6574      霈方                   24.00         15.00    65.31%    112.00   116.00   112.00   114.00      125.00   127.50   125.00   125.00    +11.00    +9.65%
      18             401  7828      創新服務               1860.00       1880.00    64.62%   2000.00  2020.00  1935.00  2015.00     1680.00  1730.00  1630.00  1725.00   -290.00   -14.39%
      19              34  6877      鏵友益                  12.00         21.00    63.46%    121.00   127.00   115.50   122.00      120.50   123.00   119.50   122.50     +0.50    +0.41%
      20            1005  3085      新零售                   0.00          0.00    63.24%        --       --       --       --          --       --       --       --        --        --
      21             554  6210      慶生                    0.00          0.00    63.20%     20.00    20.05    19.85    19.95       17.10    17.15    17.05    17.05     -2.90   -14.54%
      22              10  6217      中探針                  93.00        170.50    63.06%    230.50   256.00   230.50   256.00      172.00   172.00   164.00   171.00    -85.00   -33.20%
      23            1004  2941      米斯特                   0.00          0.00    62.40%        --       --       --       --       30.40    30.40    30.40    30.40        --        --
      24             980  5703      亞都                    0.00          0.00    62.30%     13.80    13.80    13.65    13.70       14.70    14.70    14.60    14.60     +0.90    +6.57%
      25             965  8905      裕國                    0.00          0.00    62.03%        --       --       --       --       34.00    35.00    34.00    34.90        --        --
      26             728  1259      安心                    0.00          0.00    61.46%     55.50    57.20    55.10    57.00       64.00    66.40    64.00    65.60     +8.60   +15.09%
      27              12  4907      富宇                    0.00          0.00    61.32%     41.00    41.30    40.60    41.00       46.60    47.50    46.05    47.50     +6.50   +15.85%
      28             968  8444      綠河-KY                 0.00          0.00    61.20%      6.22     6.22     5.95     5.95        5.03     5.03     5.00     5.00     -0.95   -15.97%
      29             242  4198      欣大健康                  0.00          0.00    61.06%     38.20    39.20    38.20    39.20       43.35    43.35    40.80    42.80     +3.60    +9.18%
      30              11  1780      立弘                    0.00          0.00    60.74%     25.40    25.40    25.00    25.35       23.35    23.80    23.35    23.70     -1.65    -6.51%
      31               9  4747      強生                    0.00          0.00    60.66%     49.20    49.25    48.10    48.75       54.10    54.20    53.10    53.20     +4.45    +9.13%
      32              15  6844      諾貝兒                   0.00          0.00    60.64%     64.90    65.00    64.70    65.00       61.30    61.30    61.30    61.30     -3.70    -5.69%
      33              57  6264      富裔                    0.00          0.00    60.49%      6.15     6.15     6.05     6.15        5.92     6.05     5.92     6.03     -0.12    -1.95%
      34               6  8047      星雲                    0.00          0.00    60.42%     49.00    49.00    48.00    48.90       44.45    48.20    44.45    48.10     -0.80    -1.64%
      35              17  8941      關中                    0.00          0.00    60.34%     42.50    43.00    42.50    43.00       44.65    44.65    43.90    43.90     +0.90    +2.09%
      36              35  3685      元創精密                  0.00          0.00    60.14%     28.80    30.00    27.95    29.00       36.90    37.05    35.00    35.50     +6.50   +22.41%
      37              16  00785B    富邦金融投等債               0.00          0.00    60.04%     35.63    35.85    35.63    35.84       34.18    34.24    34.10    34.10     -1.74    -4.85%
      38              67  6182      合晶                  101.50         89.40    60.03%    119.50   123.00   118.50   123.00      111.00   122.50   108.50   122.50     -0.50    -0.41%
      39             953  2724      藝舍-KY                 0.00          0.00    59.91%     12.05    12.05    12.00    12.05       10.55    10.65    10.55    10.65     -1.40   -11.62%
      40             988  7716      昱臺國際                  0.00          0.00    59.54%     24.60    25.80    24.60    25.80       24.50    24.80    24.50    24.60     -1.20    -4.65%
==========================================================================================================================================================================
✅ 共 40 筆
