
██████████████████████████████████████████████████████████████████████████████████████████████████████████████
  📅 天數組合: 15 日  →  輸出檔: q13_15.txt
██████████████████████████████████████████████████████████████████████████████████████████████████████████████

🔁 共執行 15 次，每次區間長度 16 個交易日

══════════════════════════════════════════════════════════════════════════════════════════════════════════════
  🔄 第  1/15 次  2026/09/07 ～ 2026/09/30
══════════════════════════════════════════════════════════════════════════════════════════════════════════════

==========================================================================================================================================================================
📊 動能效率優先權分數排名 (2026/09/07 ~ 2026/09/30)
==========================================================================================================================================================================
    實資排名          累計天數排名  代號        名稱                 累計漲停(元)       累計跌停(元)       強度%  (09/07)開盤      最高      最低      收盤    (09/30)開盤      最高      最低      收盤      賺賠    賺賠率
--------------------------------------------------------------------------------------------------------------------------------------------------------------------------
       1               1  8227      巨有科技                200.00         14.00   100.00%    160.50   169.50   158.00   164.00      370.50   370.50   370.50   370.50   +206.50  +125.91%
       2               3  2221      大甲                   82.00          0.00    80.46%     90.00    90.60    83.70    86.70      178.00   198.00   170.00   197.50   +110.80  +127.80%
       3               2  7772      耀穎                   77.00         14.50    78.96%    119.50   119.50   119.50   119.50      180.00   180.00   175.00   176.00    +56.50   +47.28%
       4               4  6945      圓祥生技                 20.20          0.00    67.13%     97.00    97.00    95.20    95.30      140.00   149.00   140.00   148.50    +53.20   +55.82%
       5               5  3624      光頡                   33.00         10.50    50.63%     95.10   102.00    93.80    96.90      140.50   144.00   134.00   137.50    +40.60   +41.90%
       6              11  6207      雷科                   37.00          0.00    38.98%    113.50   115.00   110.00   112.50      141.00   151.00   140.00   151.00    +38.50   +34.22%
       7               8  6538      倉和                  181.50        125.00    37.30%    295.50   315.00   281.50   305.00      360.50   374.50   355.00   356.00    +51.00   +16.72%
       8               9  7792      安葆                  117.50         36.00    36.51%    308.00   319.50   308.00   314.50      420.00   424.00   413.00   424.00   +109.50   +34.82%
       9               7  8064      東捷                   44.50         11.50    36.43%    115.00   123.00   109.00   122.50      144.00   155.00   144.00   145.50    +23.00   +18.78%
      10               6  3529      力旺                 1360.00        440.00    33.82%   2435.00  2590.00  2385.00  2570.00     3450.00  3635.00  3305.00  3305.00   +735.00   +28.60%
      11              16  3441      聯一光                  43.00         12.00    33.66%    140.00   141.50   129.00   131.00      184.50   187.00   181.50   184.50    +53.50   +40.84%
      12              10  3498      陽程                   73.00         17.00    32.68%    194.00   196.00   188.50   189.50      234.50   234.50   221.00   229.00    +39.50   +20.84%
      13              13  6620      漢達                   48.00         22.50    32.61%    114.50   118.00   107.50   113.00      137.50   145.00   133.00   141.00    +28.00   +24.78%
      14              21  3664      安瑞-KY                 0.00          0.00    32.51%      8.10     8.10     7.38     7.38        8.86     8.86     8.86     8.86     +1.48   +20.05%
      15              12  6643      M31                 209.50         60.50    32.41%    415.50   415.50   408.00   411.00      506.00   555.00   500.00   555.00   +144.00   +35.04%
      16             952  7825      和亞智慧                 60.60         26.50    31.80%        --       --       --       --       82.60    86.50    81.40    84.40        --        --
      17              61  8047      星雲                    0.00          0.00    30.97%     41.10    43.95    41.10    42.10       51.20    51.50    50.20    50.80     +8.70   +20.67%
      18              20  3455      由田                   38.50          0.00    29.09%    242.50   242.50   233.00   235.00      268.50   279.00   260.50   267.00    +32.00   +13.62%
      19              15  6693      廣閎科                  50.50          9.50    28.16%    189.50   196.50   183.00   184.50      222.50   223.50   210.00   211.50    +27.00   +14.63%
      20              40  4768      晶呈科技                 93.00         11.00    27.77%    306.00   309.00   300.50   303.00      365.00   382.00   360.00   380.00    +77.00   +25.41%
      21              37  8147      正淩                   22.00          0.00    27.60%    142.00   143.00   134.00   142.00      149.50   160.50   148.00   158.50    +16.50   +11.62%
      22              18  3219      倚強科                  30.80          0.00    27.44%     92.30    95.00    91.40    93.30      130.00   134.50   127.50   131.50    +38.20   +40.94%
      23              36  2924      宏太-KY                 0.00          0.00    27.15%     17.90    17.90    16.15    16.70       18.40    18.40    16.70    18.30     +1.60    +9.58%
      24              44  4174      浩鼎                    0.00          0.00    26.94%     25.10    25.30    24.90    24.95       39.00    39.20    38.55    39.20    +14.25   +57.11%
      25              22  3354      律勝                    0.00          0.00    26.47%     24.10    26.40    23.95    26.40       29.70    32.15    29.50    32.15     +5.75   +21.78%
      26              24  6199      天品                    0.00          0.00    26.23%     96.10    97.20    95.00    96.20      126.00   128.00   125.00   127.50    +31.30   +32.54%
      27              26  8027      鈦昇                   48.00          0.00    26.18%    185.00   186.00   180.00   185.50      222.00   222.00   219.00   222.00    +36.50   +19.68%
      28             984  4806      桂田文創                  0.00          0.00    26.16%      8.81     8.87     8.80     8.87          --       --       --       --        --        --
      29              38  6532      瑞耘                   20.00          0.00    26.02%     98.00    98.40    95.70    98.00      114.00   118.50   114.00   118.50    +20.50   +20.92%
      30              14  6877      鏵友益                  11.00          0.00    25.82%    112.50   121.50   112.50   121.50      129.00   129.00   124.00   126.00     +4.50    +3.70%
      31              43  9960      邁達康                   0.00          0.00    25.64%     30.70    31.35    30.30    30.30       41.20    41.95    40.40    41.50    +11.20   +36.96%
      32              17  6925      意藍                    0.00          0.00    25.44%     50.00    50.00    49.85    49.85       74.80    75.00    72.70    73.80    +23.95   +48.04%
      33              31  5355      佳總                    0.00          0.00    25.19%      5.81     6.00     5.73     6.00        7.00     7.09     7.00     7.05     +1.05   +17.50%
      34              30  7770      君曜                    0.00          0.00    25.01%     34.80    34.80    34.55    34.75       42.95    42.95    41.50    42.60     +7.85   +22.59%
      35            1009  6236      中湛                    0.00          0.00    24.63%        --       --       --       --       19.05    19.05    18.50    18.50        --        --
      36              64  3615      安可                    0.00          0.00    24.33%     36.70    37.30    36.35    36.40       42.20    45.80    42.10    45.80     +9.40   +25.82%
      37             141  3259      鑫創                    0.00          0.00    24.04%     12.15    12.15    11.10    11.10        9.60    10.65     8.90    10.65     -0.45    -4.05%
      38              23  8040      九暘                    0.00          0.00    23.93%     77.50    82.50    74.50    82.50      101.00   102.50    98.00    98.50    +16.00   +19.39%
      39             980  5205      中茂                    0.00          0.00    23.60%     18.45    20.15    18.45    20.15       17.30    18.90    17.30    18.90     -1.25    -6.20%
      40              25  3609      三一東林                  0.00          0.00    23.42%     18.60    19.15    18.25    19.10       23.90    23.90    23.00    23.00     +3.90   +20.42%
==========================================================================================================================================================================
✅ 共 40 筆


══════════════════════════════════════════════════════════════════════════════════════════════════════════════
  🔄 第  2/15 次  2026/09/04 ～ 2026/09/29
══════════════════════════════════════════════════════════════════════════════════════════════════════════════

==========================================================================================================================================================================
📊 動能效率優先權分數排名 (2026/09/04 ~ 2026/09/29)
==========================================================================================================================================================================
    實資排名          累計天數排名  代號        名稱                 累計漲停(元)       累計跌停(元)       強度%  (09/04)開盤      最高      最低      收盤    (09/29)開盤      最高      最低      收盤      賺賠    賺賠率
--------------------------------------------------------------------------------------------------------------------------------------------------------------------------
       1               1  8227      巨有科技                166.50         14.00   100.00%    159.00   160.00   155.00   158.50      313.00   337.00   308.00   337.00   +178.50  +112.62%
       2               2  7772      耀穎                   86.50         14.50    96.26%    109.00   109.00   109.00   109.00      176.00   179.50   172.50   176.00    +67.00   +61.47%
       3               4  6945      圓祥生技                 20.20          0.00    60.52%     95.70    97.00    95.00    95.60      137.50   140.00   135.00   140.00    +44.40   +46.44%
       4               3  6538      倉和                  208.50        125.00    59.56%    261.50   300.00   257.50   300.00      400.00   417.00   358.50   358.50    +58.50   +19.50%
       5               6  3624      光頡                   33.00         10.50    55.74%     87.60    93.20    87.60    93.20      139.00   143.50   138.00   140.00    +46.80   +50.21%
       6               8  2221      大甲                   64.50          0.00    48.54%     95.70    98.50    90.30    90.80      169.00   180.00   167.50   180.00    +89.20   +98.24%
       7               5  8064      東捷                   54.50         11.50    47.20%    104.50   112.00   104.00   112.00      139.00   148.50   138.00   141.50    +29.50   +26.34%
       8               9  3441      聯一光                  56.00         12.00    46.16%    134.00   143.00   129.50   143.00      177.50   185.00   176.00   185.00    +42.00   +29.37%
       9               7  3529      力旺                 1415.00        440.00    41.94%   2420.00  2515.00  2355.00  2385.00     3175.00  3410.00  3145.00  3305.00   +920.00   +38.57%
      10              10  6620      漢達                   57.50         22.50    38.92%    105.00   107.50    97.10   107.50      125.00   136.00   123.50   136.00    +28.50   +26.51%
      11              12  7792      安葆                  117.50         36.00    36.80%    309.50   311.00   296.50   308.00      427.50   430.00   400.00   416.00   +108.00   +35.06%
      12              11  3498      陽程                   73.00         17.00    35.93%    197.50   201.00   185.50   194.00      216.00   235.00   212.00   235.00    +41.00   +21.13%
      13              13  6693      廣閎科                  50.50          9.50    33.86%    183.50   189.50   174.50   181.50      206.50   220.50   203.50   218.00    +36.50   +20.11%
      14              65  8047      星雲                    0.00          0.00    33.51%     41.90    43.00    41.90    43.00       49.20    51.00    49.20    51.00     +8.00   +18.60%
      15              27  3664      安瑞-KY                 0.00          0.00    32.97%      8.34     8.34     8.19     8.19        8.91     8.91     8.86     8.86     +0.67    +8.18%
      16             964  7825      和亞智慧                 60.60         26.50    32.41%        --       --       --       --       84.50    87.90    83.50    83.60        --        --
      17              15  6207      雷科                   23.50          0.00    30.50%    106.50   114.00   106.50   111.00      130.50   137.50   127.50   137.50    +26.50   +23.87%
      18              30  2924      宏太-KY                 0.00          0.00    29.76%     17.40    18.25    16.30    17.90       17.30    18.95    17.30    18.45     +0.55    +3.07%
      19              35  7717      萊德光電-KY             292.00         94.50    29.69%    416.00   449.50   416.00   449.50      607.00   612.00   588.00   592.00   +142.50   +31.70%
      20              25  3455      由田                   38.50          0.00    29.37%    248.00   249.00   231.50   236.50      258.50   276.00   256.00   267.00    +30.50   +12.90%
      21              39  4174      浩鼎                    0.00          0.00    29.13%     24.35    25.50    24.30    25.05       32.65    35.65    32.45    35.65    +10.60   +42.32%
      22              17  3609      三一東林                  0.00          0.00    28.57%     17.70    18.75    17.60    18.75       23.00    23.90    22.90    23.50     +4.75   +25.33%
      23              21  8027      鈦昇                   28.00          0.00    28.24%    178.00   186.50   173.00   181.50      187.00   202.00   185.50   202.00    +20.50   +11.29%
      24              16  6877      鏵友益                  11.00          0.00    28.06%    113.00   113.50   110.00   110.50      122.50   130.00   122.50   128.00    +17.50   +15.84%
      25              34  4768      晶呈科技                 86.00         11.00    28.00%    300.50   308.00   291.00   306.00      325.50   357.50   323.00   357.50    +51.50   +16.83%
      26              28  6199      天品                    0.00          0.00    27.41%     95.20    96.40    94.70    96.10      125.00   127.00   124.50   126.00    +29.90   +31.11%
      27              19  6925      意藍                    0.00          0.00    27.25%     50.00    50.80    50.00    50.00       72.00    75.00    71.00    75.00    +25.00   +50.00%
      28            1010  6236      中湛                    0.00          0.00    27.07%        --       --       --       --       18.45    18.45    18.45    18.45        --        --
      29              22  6643      M31                 159.50         60.50    26.92%    410.50   413.50   405.50   407.50      509.00   534.00   502.00   505.00    +97.50   +23.93%
      30              31  7770      君曜                    0.00          0.00    26.74%     34.90    35.00    34.60    35.00       39.50    42.95    39.50    42.95     +7.95   +22.71%
      31              23  3219      倚強科                  30.80          0.00    26.65%     91.80    92.50    89.20    91.30      123.50   125.50   120.50   125.50    +34.20   +37.46%
      32              50  9960      邁達康                   0.00          0.00    26.63%     30.70    30.70    30.70    30.70       39.35    41.40    38.85    41.20    +10.50   +34.20%
      33             984  4806      桂田文創                  0.00          0.00    26.57%      9.19     9.19     8.80     8.99          --       --       --       --        --        --
      34              26  8040      九暘                    0.00          0.00    26.37%     74.70    76.50    73.70    75.00       93.00   102.50    92.50   100.00    +25.00   +33.33%
      35             890  8444      綠河-KY                 0.00          0.00    26.18%      4.60     4.95     4.60     4.95        4.40     4.40     4.40     4.40     -0.55   -11.11%
      36              38  5355      佳總                    0.00          0.00    25.94%      5.99     5.99     5.77     5.95        6.98     7.00     6.80     7.00     +1.05   +17.65%
      37              24  3374      精材                  154.00        117.50    25.77%    420.00   430.00   403.00   430.00      439.50   457.00   436.50   455.00    +25.00    +5.81%
      38              44  1569      濱川                    0.00          0.00    25.65%     45.80    48.70    45.40    48.70       65.00    66.30    63.30    65.00    +16.30   +33.47%
      39              59  2061      風青                    0.00          0.00    25.63%     53.10    55.70    52.80    54.00       54.40    59.40    54.30    59.40     +5.40   +10.00%
      40             205  4556      旭然                    0.00          0.00    24.80%     66.60    72.90    66.60    72.90       92.10    97.40    92.10    92.40    +19.50   +26.75%
==========================================================================================================================================================================
✅ 共 40 筆


══════════════════════════════════════════════════════════════════════════════════════════════════════════════
  🔄 第  3/15 次  2026/09/03 ～ 2026/09/24
══════════════════════════════════════════════════════════════════════════════════════════════════════════════

==========================================================================================================================================================================
📊 動能效率優先權分數排名 (2026/09/03 ~ 2026/09/24)
==========================================================================================================================================================================
    實資排名          累計天數排名  代號        名稱                 累計漲停(元)       累計跌停(元)       強度%  (09/03)開盤      最高      最低      收盤    (09/24)開盤      最高      最低      收盤      賺賠    賺賠率
--------------------------------------------------------------------------------------------------------------------------------------------------------------------------
       1               1  7772      耀穎                   86.50         14.50   100.00%     91.50    99.50    90.50    99.50      173.00   182.00   170.50   180.00    +80.50   +80.90%
       2               3  8227      巨有科技                136.00         14.00    85.70%    160.50   163.00   156.00   156.50      305.00   309.00   295.00   306.50   +150.00   +95.85%
       3               2  6538      倉和                  233.00         85.50    81.42%    273.00   273.00   273.00   273.00      403.00   409.50   389.00   398.00   +125.00   +45.79%
       4               4  6945      圓祥生技                 20.20          0.00    58.47%     98.20    99.90    93.00    97.40      135.50   138.00   134.50   138.00    +40.60   +41.68%
       5               6  3624      光頡                   33.00         10.50    53.53%     89.50    89.90    84.80    84.80      132.50   144.50   132.00   140.00    +55.20   +65.09%
       6               5  8064      東捷                   54.50         11.50    44.23%    105.50   114.50   101.50   102.00      131.00   142.00   130.50   139.00    +37.00   +36.27%
       7               8  7792      安葆                  117.50         16.50    38.49%    309.50   315.50   305.00   305.00      415.00   453.00   415.00   435.50   +130.50   +42.79%
       8               7  2221      大甲                   48.50          0.00    37.03%     84.20    91.50    84.20    91.50      158.00   164.50   158.00   164.00    +72.50   +79.23%
       9              10  6620      漢達                   45.50         22.50    34.63%     92.90   103.50    92.00    98.00      129.00   129.00   120.00   124.00    +26.00   +26.53%
      10              16  3664      安瑞-KY                 0.00          0.00    33.92%      9.05     9.17     8.50     9.10        8.88     8.88     8.85     8.86     -0.24    -2.64%
      11             981  7825      和亞智慧                 60.60         26.50    33.20%        --       --       --       --       75.50    82.20    75.50    82.20        --        --
      12              33  3441      聯一光                  56.00         21.50    31.30%    142.00   144.00   130.00   130.00      176.00   181.00   175.00   181.00    +51.00   +39.23%
      13             118  8047      星雲                    0.00          0.00    31.06%     44.00    44.00    42.30    42.30       45.60    49.20    45.00    49.20     +6.90   +16.31%
      14               9  3529      力旺                 1340.00        505.00    30.10%   2410.00  2485.00  2330.00  2330.00     3250.00  3315.00  3160.00  3230.00   +900.00   +38.63%
      15              11  6693      廣閎科                  50.50          9.50    29.55%    175.50   187.00   175.50   178.50      201.50   212.50   194.00   209.50    +31.00   +17.37%
      16              12  3609      三一東林                  0.00          0.00    28.24%     18.00    18.20    17.80    18.00       23.80    23.80    23.05    23.05     +5.05   +28.06%
      17             965  4806      桂田文創                  0.00          0.00    28.22%      8.85     9.10     8.80     9.10          --       --       --       --        --        --
      18              15  5355      佳總                    0.00          0.00    27.93%      5.76     5.99     5.76     5.99        6.71     6.80     6.70     6.80     +0.81   +13.52%
      19              19  6199      天品                    0.00          0.00    27.62%     95.20    97.70    94.00    95.20      122.00   125.00   118.50   124.00    +28.80   +30.25%
      20            1011  6236      中湛                    0.00          0.00    27.60%        --       --       --       --       17.85    17.85    17.85    17.85        --        --
      21              30  9960      邁達康                   0.00          0.00    26.87%     29.10    30.25    29.05    30.25       37.05    39.35    36.30    39.35     +9.10   +30.08%
      22             891  8444      綠河-KY                 0.00          0.00    26.72%      4.60     4.60     4.50     4.60        4.21     4.40     4.21     4.40     -0.20    -4.35%
      23              51  2924      宏太-KY                 0.00          0.00    26.30%     17.45    17.45    16.20    16.85       19.00    19.00    19.00    19.00     +2.15   +12.76%
      24              14  6925      意藍                    0.00          0.00    25.75%     50.50    50.50    50.00    50.00       62.60    68.20    62.60    68.20    +18.20   +36.40%
      25             101  7717      萊德光電-KY             292.00        108.50    25.64%    425.00   429.50   409.00   409.00      602.00   608.00   588.00   594.00   +185.00   +45.23%
      26              36  3467      台灣精材                  0.00          0.00    25.58%     49.95    51.90    49.50    51.80       86.10    86.10    81.50    81.50    +29.70   +57.34%
      27             219  6210      慶生                    0.00          0.00    25.38%     17.70    17.80    17.70    17.80       18.00    18.00    17.70    17.80     +0.00    +0.00%
      28             977  6597      立誠                    0.00          0.00    25.17%     69.40    73.00    69.40    73.00       65.60    68.70    65.60    68.70     -4.30    -5.89%
      29              22  6643      M31                 159.50         63.50    24.90%    417.50   423.00   402.50   403.00      471.00   524.00   471.00   515.00   +112.00   +27.79%
      30              84  4174      浩鼎                    0.00          0.00    24.72%     25.45    25.45    24.60    24.60       33.00    34.15    32.05    32.45     +7.85   +31.91%
      31              17  5202      力新                    0.00          0.00    24.69%     12.00    12.00    11.85    11.85       14.40    15.40    14.40    14.60     +2.75   +23.21%
      32              21  6616      特昇-KY                 0.00          0.00    24.68%      8.13     8.29     8.10     8.29        8.09     8.17     7.91     8.17     -0.12    -1.45%
      33              32  8472      夠麻吉                   0.00          0.00    24.33%     67.00    68.00    67.00    68.00       78.00    78.00    77.00    77.00     +9.00   +13.24%
      34              25  6218      豪勉                    0.00          0.00    24.22%     43.75    44.70    41.75    42.60       61.50    63.70    61.50    63.60    +21.00   +49.30%
      35              20  6877      鏵友益                  11.00          0.00    24.17%    112.50   112.50   109.50   110.00      123.00   126.00   122.50   122.50    +12.50   +11.36%
      36              26  3219      倚強科                  19.80          0.00    24.16%     91.60    93.30    89.10    90.50      107.00   114.50   105.50   114.50    +24.00   +26.52%
      37              43  6870      騰雲                   85.50         46.00    24.11%    292.00   296.50   281.00   288.00      336.50   340.00   318.00   336.50    +48.50   +16.84%
      38              73  1569      濱川                    0.00          0.00    24.05%     48.00    48.10    45.15    45.40       63.80    68.00    62.60    64.70    +19.30   +42.51%
      39              24  6865      偉康科技                  0.00          0.00    23.76%     24.60    25.20    24.50    25.10       28.20    28.20    27.30    28.05     +2.95   +11.75%
      40             708  6617      共信-KY                34.00          0.00    23.75%    119.50   119.50   113.50   113.50      139.00   141.00   136.50   137.00    +23.50   +20.70%
==========================================================================================================================================================================
✅ 共 40 筆


══════════════════════════════════════════════════════════════════════════════════════════════════════════════
  🔄 第  4/15 次  2026/09/02 ～ 2026/09/23
══════════════════════════════════════════════════════════════════════════════════════════════════════════════

==========================================================================================================================================================================
📊 動能效率優先權分數排名 (2026/09/02 ~ 2026/09/23)
==========================================================================================================================================================================
    實資排名          累計天數排名  代號        名稱                 累計漲停(元)       累計跌停(元)       強度%  (09/02)開盤      最高      最低      收盤    (09/23)開盤      最高      最低      收盤      賺賠    賺賠率
--------------------------------------------------------------------------------------------------------------------------------------------------------------------------
       1               1  6538      倉和                  255.50         73.00   100.00%    248.50   248.50   248.50   248.50      440.00   457.50   405.00   410.50   +162.00   +65.19%
       2               2  7772      耀穎                   86.50         14.50    95.36%     91.50    92.00    88.80    90.50      199.00   199.00   171.00   173.50    +83.00   +91.71%
       3               3  8227      巨有科技                136.00         14.00    86.81%    161.50   167.00   160.50   160.50      308.50   310.00   290.00   310.00   +149.50   +93.15%
       4               4  6945      圓祥生技                 20.20          0.00    58.71%     96.50    97.90    95.00    97.60      135.00   137.50   128.00   137.00    +39.40   +40.37%
       5               6  3624      光頡                   33.00         10.50    50.65%     89.80    92.90    89.00    89.00      122.00   134.00   122.00   134.00    +45.00   +50.56%
       6               5  6620      漢達                   45.50         22.50    42.42%     87.90    95.40    87.70    95.40      126.50   132.50   125.00   130.00    +34.60   +36.27%
       7               7  8064      東捷                   54.50         11.50    38.69%    105.00   107.00   104.00   104.50      135.00   137.50   133.00   133.00    +28.50   +27.27%
       8              16  3664      安瑞-KY                 0.00          0.00    35.86%      8.34     8.34     8.34     8.34        8.25     9.00     8.25     8.90     +0.56    +6.71%
       9              19  7792      安葆                   97.50         16.50    34.40%    316.50   316.50   305.50   308.00      378.50   415.50   378.00   415.50   +107.50   +34.90%
      10               9  2221      大甲                   48.50          0.00    33.74%     78.50    85.40    78.10    83.20      166.00   168.50   149.50   158.50    +75.30   +90.50%
      11              31  3441      聯一光                  56.00         21.50    33.19%    133.00   140.00   130.00   139.50      180.50   180.50   175.50   177.50    +38.00   +27.24%
      12             991  7825      和亞智慧                 60.60         26.50    32.70%        --       --       --       --       75.30    76.80    74.80    74.80        --        --
      13              10  6870      騰雲                  100.50         46.00    32.17%    275.00   299.00   275.00   292.00      306.50   328.50   298.50   328.50    +36.50   +12.50%
      14              11  5355      佳總                    0.00          0.00    31.59%      5.66     6.00     5.66     6.00        6.80     6.85     6.73     6.80     +0.80   +13.33%
      15              13  3609      三一東林                  0.00          0.00    30.97%     18.15    18.15    17.55    18.00       22.95    24.40    22.90    23.55     +5.55   +30.83%
      16             905  4806      桂田文創                  0.00          0.00    30.65%      8.99     9.13     8.99     9.13          --       --       --       --        --        --
      17              18  3467      台灣精材                  0.00          0.00    29.86%     49.10    50.50    49.10    49.55       88.80    88.80    85.00    86.50    +36.95   +74.57%
      18              15  6199      天品                    0.00          0.00    29.85%     92.70    95.60    92.20    95.20      116.50   122.00   116.00   122.00    +26.80   +28.15%
      19             551  8047      星雲                    0.00          0.00    29.76%     44.00    44.00    44.00    44.00       42.00    45.80    42.00    45.75     +1.75    +3.98%
      20            1011  6236      中湛                    0.00          0.00    29.41%        --       --       --       --       17.30    17.30    17.30    17.30        --        --
      21              14  4198      欣大健康                  0.00          0.00    29.12%     42.50    47.00    42.50    47.00       49.10    49.40    47.50    49.40     +2.40    +5.11%
      22             106  7717      萊德光電-KY             292.00         94.50    28.23%    423.00   434.00   421.00   423.00      601.00   631.00   596.00   608.00   +185.00   +43.74%
      23              65  2924      宏太-KY                 0.00          0.00    28.11%     17.50    17.50    17.50    17.50       19.05    19.05    19.05    19.05     +1.55    +8.86%
      24             596  6617      共信-KY                34.00          0.00    27.98%    120.00   122.00   116.50   120.50      142.00   143.50   136.50   142.00    +21.50   +17.84%
      25             156  6210      慶生                    0.00          0.00    27.73%     17.85    17.90    17.85    17.90       17.00    17.40    17.00    17.40     -0.50    -2.79%
      26              12  6291      沛亨                  157.50         79.00    27.59%    423.50   465.50   423.50   440.00      501.00   504.00   485.00   493.00    +53.00   +12.05%
      27              20  3529      力旺                 1340.00        675.00    27.41%   2595.00  2600.00  2395.00  2395.00     3190.00  3350.00  3020.00  3305.00   +910.00   +38.00%
      28              39  5464      霖宏                    0.00          0.00    26.84%     68.80    70.00    68.00    69.30       90.20    92.50    89.50    91.40    +22.10   +31.89%
      29              29  8472      夠麻吉                   0.00          0.00    26.75%     67.50    67.80    67.50    67.70       78.00    78.30    78.00    78.30    +10.60   +15.66%
      30             113  4174      浩鼎                    0.00          0.00    26.70%     25.30    25.40    24.85    25.00       29.25    32.60    29.00    32.60     +7.60   +30.40%
      31             917  8444      綠河-KY                 0.00          0.00    26.65%      4.52     4.52     4.51     4.51        4.35     4.44     4.30     4.44     -0.07    -1.55%
      32              66  1569      濱川                    0.00          0.00    26.61%     46.35    48.00    45.95    47.90       64.20    65.20    63.00    63.30    +15.40   +32.15%
      33               8  8431      匯鑽科                   0.00          0.00    26.57%     54.30    59.80    54.10    59.80       64.00    64.60    62.30    63.20     +3.40    +5.69%
      34              34  7770      君曜                    0.00          0.00    26.41%     35.05    35.85    34.85    35.85       39.90    40.20    39.20    39.50     +3.65   +10.18%
      35              25  6616      特昇-KY                 0.00          0.00    26.32%      8.24     8.29     8.22     8.29        8.23     8.23     8.00     8.05     -0.24    -2.90%
      36              22  6877      鏵友益                  11.00          0.00    26.29%    113.50   115.50   112.50   113.50      125.00   127.50   123.50   126.50    +13.00   +11.45%
      37             425  6929      佑全                    0.00          0.00    26.24%     22.00    22.75    22.00    22.75       22.05    22.05    20.85    22.05     -0.70    -3.08%
      38              49  9960      邁達康                   0.00          0.00    26.21%     30.10    30.10    30.10    30.10       35.25    38.70    32.75    37.60     +7.50   +24.92%
      39              21  6218      豪勉                    0.00          0.00    26.17%     41.95    45.35    41.95    43.55       63.40    63.50    59.90    61.30    +17.75   +40.76%
      40              26  5202      力新                    0.00          0.00    26.10%     11.95    12.00    11.90    12.00       14.15    14.60    14.00    14.15     +2.15   +17.92%
==========================================================================================================================================================================
✅ 共 40 筆


══════════════════════════════════════════════════════════════════════════════════════════════════════════════
  🔄 第  5/15 次  2026/09/01 ～ 2026/09/22
══════════════════════════════════════════════════════════════════════════════════════════════════════════════

==========================================================================================================================================================================
📊 動能效率優先權分數排名 (2026/09/01 ~ 2026/09/22)
==========================================================================================================================================================================
    實資排名          累計天數排名  代號        名稱                 累計漲停(元)       累計跌停(元)       強度%  (09/01)開盤      最高      最低      收盤    (09/22)開盤      最高      最低      收盤      賺賠    賺賠率
--------------------------------------------------------------------------------------------------------------------------------------------------------------------------
       1               1  6538      倉和                  276.00         38.00   100.00%    224.00   226.00   224.00   226.00      440.00   468.00   416.50   445.50   +219.50   +97.12%
       2               2  7772      耀穎                   86.50          0.00    93.78%     88.50    93.00    88.50    91.00      177.50   188.00   176.00   188.00    +97.00  +106.59%
       3               3  8227      巨有科技                136.00         14.00    68.45%    161.00   172.00   160.00   164.00      299.50   316.00   295.00   305.00   +141.00   +85.98%
       4               4  6945      圓祥生技                 20.20          0.00    42.54%     98.70    99.30    96.00    96.50      130.50   137.50   130.50   135.00    +38.50   +39.90%
       5               9  3624      光頡                   21.00         10.50    32.03%     88.50    93.40    88.50    90.20      133.50   136.00   122.00   122.00    +31.80   +35.25%
       6               6  2221      大甲                   48.50          0.00    32.00%     76.00    80.00    75.70    77.70      152.00   154.00   147.50   154.00    +76.30   +98.20%
       7               8  8064      東捷                   54.50         11.50    29.85%    103.50   108.50   103.50   105.00      139.00   142.00   133.00   134.00    +29.00   +27.62%
       8               5  6870      騰雲                   96.00         46.00    26.88%    259.00   277.00   259.00   277.00      312.00   314.00   299.00   299.00    +22.00    +7.94%
       9              11  6620      漢達                   45.50         22.50    24.51%    102.00   102.00    86.80    86.80      137.50   137.50   125.00   126.50    +39.70   +45.74%
      10               7  6291      沛亨                  176.50         79.00    24.09%    405.00   434.00   405.00   424.00      520.00   520.00   492.50   501.00    +77.00   +18.16%
      11              28  3664      安瑞-KY                 0.00          0.00    23.26%      7.50     7.59     7.50     7.59        8.00     8.50     8.00     8.25     +0.66    +8.70%
      12              46  3441      聯一光                  56.00         21.50    23.19%    137.00   139.00   130.00   133.00      175.50   181.50   172.50   181.00    +48.00   +36.09%
      13            1000  7825      和亞智慧                 60.60         26.50    22.97%        --       --       --       --       77.40    77.50    74.90    75.50        --        --
      14              12  5355      佳總                    0.00          0.00    22.59%      5.74     5.86     5.73     5.86        6.99     7.00     6.62     6.95     +1.09   +18.60%
      15              21  7792      安葆                   73.00         16.50    22.17%    305.50   319.50   302.50   314.00      345.00   378.00   332.00   378.00    +64.00   +20.38%
      16              20  3467      台灣精材                  0.00          0.00    22.10%     47.95    49.20    47.95    49.10       77.70    85.00    77.70    84.80    +35.70   +72.71%
      17             726  8444      綠河-KY                 0.00          0.00    21.70%      4.29     4.89     4.29     4.89        4.46     4.51     4.46     4.51     -0.38    -7.77%
      18              14  3609      三一東林                  0.00          0.00    21.44%     17.55    18.55    17.55    18.05       24.45    25.80    23.50    23.55     +5.50   +30.47%
      19             118  4806      桂田文創                  0.00          0.00    21.09%      9.00     9.00     8.81     9.00        9.48    10.40     9.02    10.40     +1.40   +15.56%
      20              13  3529      力旺                 1385.00        675.00    20.72%   2490.00  2640.00  2490.00  2640.00     2895.00  3110.00  2890.00  3110.00   +470.00   +17.80%
      21            1011  6236      中湛                    0.00          0.00    20.05%     19.05    19.05    19.05    19.05       15.75    16.75    15.75    16.75     -2.30   -12.07%
      22              27  4198      欣大健康                  0.00          0.00    19.60%     43.95    44.00    43.95    43.95       47.30    49.40    47.10    49.40     +5.45   +12.40%
      23              22  6218      豪勉                    0.00          0.00    19.25%     40.60    41.95    40.35    41.60       69.00    69.00    61.00    61.00    +19.40   +46.63%
      24              24  6199      天品                    0.00          0.00    19.21%     92.10    93.90    92.10    93.10      115.00   118.50   114.50   116.50    +23.40   +25.13%
      25             598  6617      共信-KY                34.00          0.00    19.12%    121.00   124.50   119.50   122.00      140.50   142.00   138.00   141.00    +19.00   +15.57%
      26              10  8431      匯鑽科                   0.00          0.00    18.96%     53.00    55.30    53.00    54.40       65.00    68.40    63.10    64.00     +9.60   +17.65%
      27              80  2924      宏太-KY                 0.00          0.00    18.67%     17.70    17.70    16.45    17.55       17.65    19.00    17.65    19.00     +1.45    +8.26%
      28              26  8472      夠麻吉                   0.00          0.00    18.55%     65.00    67.60    65.00    66.70       77.80    78.30    75.30    78.30    +11.60   +17.39%
      29              25  6616      特昇-KY                 0.00          0.00    18.42%      8.14     8.20     8.13     8.20        8.19     8.20     8.16     8.16     -0.04    -0.49%
      30              71  1569      濱川                    0.00          0.00    18.34%     46.10    47.10    46.05    46.35       61.50    66.40    61.00    64.20    +17.85   +38.51%
      31             157  7717      萊德光電-KY             279.00         94.50    18.31%    430.00   443.50   424.50   429.50      606.00   621.00   586.00   595.00   +165.50   +38.53%
      32              31  4924      欣厚-KY                 0.00          0.00    18.05%     10.05    10.05     9.90     9.99       18.75    18.75    18.75    18.75     +8.76   +87.69%
      33              35  7770      君曜                    0.00          0.00    17.90%     35.95    36.00    35.95    36.00       39.00    39.90    39.00    39.90     +3.90   +10.83%
      34             855  6210      慶生                    0.00          0.00    17.85%        --       --       --       --       17.30    17.75    17.30    17.45        --        --
      35              30  6021      美好證                   0.00          0.00    17.39%     38.80    39.35    38.80    39.10       45.40    45.65    44.40    45.10     +6.00   +15.35%
      36             457  6929      佑全                    0.00          0.00    17.38%     23.90    23.90    23.90    23.90       22.00    22.00    22.00    22.00     -1.90    -7.95%
      37             949  8047      星雲                    0.00          0.00    17.36%        --       --       --       --          --       --       --       --        --        --
      38              56  3324      雙鴻                  760.00        410.00    17.25%   1300.00  1375.00  1300.00  1375.00     1580.00  1630.00  1545.00  1600.00   +225.00   +16.36%
      39              29  5202      力新                    0.00          0.00    17.12%     12.05    12.05    12.00    12.00       14.85    14.90    14.25    14.50     +2.50   +20.83%
      40             910  4192      杏國                    0.00          0.00    16.98%     18.55    19.00    18.55    19.00       18.00    18.10    17.90    18.10     -0.90    -4.74%
==========================================================================================================================================================================
✅ 共 40 筆


══════════════════════════════════════════════════════════════════════════════════════════════════════════════
  🔄 第  6/15 次  2026/08/31 ～ 2026/09/21
══════════════════════════════════════════════════════════════════════════════════════════════════════════════

==========================================================================================================================================================================
📊 動能效率優先權分數排名 (2026/08/31 ~ 2026/09/21)
==========================================================================================================================================================================
    實資排名          累計天數排名  代號        名稱                 累計漲停(元)       累計跌停(元)       強度%  (08/31)開盤      最高      最低      收盤    (09/21)開盤      最高      最低      收盤      賺賠    賺賠率
--------------------------------------------------------------------------------------------------------------------------------------------------------------------------
       1               1  6538      倉和                  257.00         38.00   100.00%    197.50   215.00   197.50   205.50      412.00   426.50   400.00   426.50   +221.00  +107.54%
       2               2  7772      耀穎                   69.50          0.00    76.65%     92.00    92.40    87.70    88.50      152.00   171.00   147.00   171.00    +82.50   +93.22%
       3               3  8227      巨有科技                118.50         14.00    65.27%    159.00   160.00   156.00   156.50      282.00   287.50   271.50   287.50   +131.00   +83.71%
       4               5  6945      圓祥生技                 20.20          0.00    36.32%    105.00   105.50    98.00    98.30      131.00   137.00   124.50   135.00    +36.70   +37.33%
       5              12  3624      光頡                   21.00          0.00    34.82%     90.70    94.00    87.30    88.30      130.00   138.00   129.00   132.50    +44.20   +50.06%
       6               9  8064      東捷                   54.50         11.50    31.78%    103.00   103.00    97.90   100.00      137.00   142.00   133.50   138.00    +38.00   +38.00%
       7              13  6620      漢達                   45.50         11.50    28.21%     92.90    92.90    92.90    92.90      151.50   152.00   135.00   137.50    +44.60   +48.01%
       8              16  2221      大甲                   34.50          0.00    27.98%     78.50    79.70    71.90    76.00      136.00   140.00   136.00   140.00    +64.00   +84.21%
       9               4  6870      騰雲                   96.00         33.00    27.86%    251.50   256.50   250.50   252.00      310.50   319.00   307.00   312.00    +60.00   +23.81%
      10               7  6291      沛亨                  176.50         79.00    26.34%    391.00   407.00   388.00   405.00      522.00   522.00   506.00   508.00   +103.00   +25.43%
      11              14  3324      雙鴻                  790.00        410.00    25.04%   1130.00  1250.00  1125.00  1250.00     1500.00  1535.00  1460.00  1520.00   +270.00   +21.60%
      12              33  3441      聯一光                  56.00         21.50    22.84%    127.50   137.50   127.50   136.00      190.00   190.00   175.00   177.50    +41.50   +30.51%
      13            1001  7825      和亞智慧                 60.60         26.50    22.69%        --       --       --       --       79.00    79.00    76.00    76.10        --        --
      14              11  6654      天正國際                 59.00         26.50    22.18%    177.00   194.00   177.00   194.00      199.00   209.00   197.00   208.00    +14.00    +7.22%
      15              21  6218      豪勉                    0.00          0.00    21.79%     41.10    42.80    39.85    40.50       66.10    67.70    66.10    67.70    +27.20   +67.16%
      16              19  5355      佳總                    0.00          0.00    21.65%      5.89     5.97     5.55     5.84        6.57     6.99     6.57     6.99     +1.15   +19.69%
      17              38  3664      安瑞-KY                 0.00          0.00    21.36%      6.90     6.90     6.88     6.90        8.44     8.50     8.40     8.50     +1.60   +23.19%
      18              10  3693      營邦                  176.00         63.00    20.92%    580.00   612.00   578.00   604.00      704.00   712.00   691.00   702.00    +98.00   +16.23%
      19               8  5274      信驊                 6455.00       2270.00    20.91%  15630.00 16140.00 15010.00 16065.00    19400.00 19820.00 19200.00 19820.00  +3755.00   +23.37%
      20               6  6510      精測                 1405.00        600.00    20.83%   2680.00  2920.00  2605.00  2845.00     3600.00  3680.00  3365.00  3485.00   +640.00   +22.50%
      21             813  8444      綠河-KY                 0.00          0.00    20.46%      4.68     4.68     4.68     4.68          --       --       --       --        --        --
      22              15  8431      匯鑽科                   0.00          0.00    20.31%     51.00    55.50    50.90    53.60       63.00    68.60    61.80    64.40    +10.80   +20.15%
      23              24  3609      三一東林                  0.00          0.00    20.09%     18.50    18.60    17.45    17.55       21.90    24.05    21.75    24.05     +6.50   +37.04%
      24              17  6173      信昌電                 118.50         44.00    19.69%    242.50   259.50   235.50   246.00      311.00   318.50   308.00   308.00    +62.00   +25.20%
      25              23  3467      台灣精材                  0.00          0.00    19.42%     47.55    49.35    47.55    49.35       78.00    78.00    75.10    77.40    +28.05   +56.84%
      26              26  4198      欣大健康                  0.00          0.00    18.82%     42.00    44.00    42.00    44.00       49.30    49.45    47.60    49.40     +5.40   +12.27%
      27              22  6683      雍智科技                710.00        235.00    18.75%   1180.00  1225.00  1140.00  1210.00     1655.00  1740.00  1625.00  1675.00   +465.00   +38.43%
      28              30  6616      特昇-KY                 0.00          0.00    18.02%      8.05     8.15     7.85     8.14        8.30     8.40     8.28     8.30     +0.16    +1.97%
      29              20  6147      頎邦                   42.00          9.50    17.70%    176.00   177.50   171.50   175.50      230.00   230.00   222.50   224.00    +48.50   +27.64%
      30              35  6199      天品                    0.00          0.00    17.68%     93.30    93.30    91.80    92.80      112.50   118.50   105.50   114.50    +21.70   +23.38%
      31              43  4908      前鼎                   90.50         60.00    17.64%    187.50   209.00   187.50   209.00      241.50   245.00   231.50   232.00    +23.00   +11.00%
      32              28  5202      力新                    0.00          0.00    17.42%     11.80    12.25    11.80    11.95       15.40    15.90    14.90    15.15     +3.20   +26.78%
      33              25  3374      精材                  146.50         99.00    17.28%    390.50   424.50   388.50   422.50      451.50   456.00   432.00   443.00    +20.50    +4.85%
      34              37  8472      夠麻吉                   0.00          0.00    17.27%     65.30    66.90    64.00    65.00       76.10    80.80    76.10    77.80    +12.80   +19.69%
      35             355  6929      佑全                    0.00          0.00    17.15%     21.90    22.40    21.90    22.35          --       --       --       --        --        --
      36              48  4924      欣厚-KY                 0.00          0.00    17.13%     10.00    10.00     9.95    10.00       15.35    17.05    15.30    17.05     +7.05   +70.50%
      37             685  6617      共信-KY                34.00          0.00    17.05%    123.00   123.00   118.50   120.50      143.00   143.00   139.00   141.00    +20.50   +17.01%
      38            1011  6236      中湛                    0.00          0.00    17.01%        --       --       --       --       14.40    17.50    14.40    17.50        --        --
      39             480  4806      桂田文創                  0.00          0.00    16.93%      9.17     9.17     9.17     9.17        8.86     9.50     8.86     9.50     +0.33    +3.60%
      40             850  6210      慶生                    0.00          0.00    16.63%     18.00    18.05    17.50    18.00       17.30    17.30    17.00    17.25     -0.75    -4.17%
==========================================================================================================================================================================
✅ 共 40 筆


══════════════════════════════════════════════════════════════════════════════════════════════════════════════
  🔄 第  7/15 次  2026/08/28 ～ 2026/09/18
══════════════════════════════════════════════════════════════════════════════════════════════════════════════

==========================================================================================================================================================================
📊 動能效率優先權分數排名 (2026/08/28 ~ 2026/09/18)
==========================================================================================================================================================================
    實資排名          累計天數排名  代號        名稱                 累計漲停(元)       累計跌停(元)       強度%  (08/28)開盤      最高      最低      收盤    (09/18)開盤      最高      最低      收盤      賺賠    賺賠率
--------------------------------------------------------------------------------------------------------------------------------------------------------------------------
       1               1  8227      巨有科技                118.50         14.00   100.00%    161.50   163.50   158.50   161.00      263.00   279.00   252.00   279.00   +118.00   +73.29%
       2               2  6538      倉和                  218.50         60.00    88.36%    219.00   222.50   200.00   200.00      352.50   388.00   348.50   388.00   +188.00   +94.00%
       3               3  7772      耀穎                   54.00          0.00    75.83%     89.00    92.00    89.00    90.00      148.00   160.50   147.00   155.50    +65.50   +72.78%
       4               4  6620      漢達                   45.50          0.00    63.32%     77.10    84.50    77.10    84.50      147.00   155.00   140.50   149.00    +64.50   +76.33%
       5               5  3324      雙鴻                  830.00        410.00    55.29%   1075.00  1155.00  1075.00  1140.00     1480.00  1515.00  1420.00  1480.00   +340.00   +29.82%
       6              10  6945      圓祥生技                 20.20          0.00    52.09%    107.50   107.50   103.50   104.00      119.50   132.00   114.00   132.00    +28.00   +26.92%
       7              14  3624      光頡                   21.00          0.00    52.08%     93.90    98.90    90.50    91.80      122.00   126.50   117.00   126.00    +34.20   +37.25%
       8               8  8064      東捷                   54.50         11.50    49.42%    105.00   107.50   101.50   103.00      127.50   136.00   125.00   136.00    +33.00   +32.04%
       9               7  6870      騰雲                   96.00         33.00    46.47%    249.00   259.50   249.00   255.50      327.50   327.50   312.00   312.00    +56.50   +22.11%
      10              11  3374      精材                  181.50         99.00    45.65%    352.00   386.00   350.00   386.00      440.00   444.50   418.50   444.50    +58.50   +15.16%
      11              15  2221      大甲                   22.00          0.00    42.76%     75.00    82.00    75.00    79.70      124.00   127.50   119.00   127.50    +47.80   +59.97%
      12               6  6173      信昌電                 140.00         44.00    42.40%    229.00   239.00   229.00   239.00      309.00   314.00   300.00   314.00    +75.00   +31.38%
      13              34  3441      聯一光                  56.00         21.50    40.21%    138.50   140.50   129.50   130.00      185.00   187.00   177.00   185.50    +55.50   +42.69%
      14            1009  7825      和亞智慧                 60.60         26.50    38.71%        --       --       --       --       82.00    84.80    78.70    79.70        --        --
      15              12  3693      營邦                  176.00         63.00    38.07%    555.00   599.00   549.00   587.00      717.00   721.00   693.00   704.00   +117.00   +19.93%
      16              13  8431      匯鑽科                   0.00          0.00    37.71%     47.45    52.10    45.60    52.10       64.50    65.60    62.20    62.50    +10.40   +19.96%
      17               9  5274      信驊                 6250.00       2270.00    37.64%  15525.00 15745.00 14815.00 15630.00    18890.00 19500.00 18870.00 19290.00  +3660.00   +23.42%
      18              22  3664      安瑞-KY                 0.00          0.00    37.43%      6.00     6.28     6.00     6.28        8.15     8.40     8.15     8.40     +2.12   +33.76%
      19             151  8444      綠河-KY                 0.00          0.00    35.99%      4.90     5.09     4.89     5.09        4.60     4.60     4.50     4.59     -0.50    -9.82%
      20              17  4198      欣大健康                  0.00          0.00    35.15%     41.00    44.00    40.00    44.00       49.45    49.45    49.45    49.45     +5.45   +12.39%
      21              16  6654      天正國際                 48.50         26.50    34.98%    169.00   182.00   169.00   176.50      200.00   201.50   196.00   197.50    +21.00   +11.90%
      22              19  6218      豪勉                    0.00          0.00    34.34%     41.00    43.50    40.50    40.70       57.20    61.60    56.10    61.60    +20.90   +51.35%
      23              21  6291      沛亨                  176.50         79.50    34.31%    430.00   430.00   394.50   400.50      523.00   525.00   500.00   524.00   +123.50   +30.84%
      24              18  5355      佳總                    0.00          0.00    32.59%      5.97     5.99     5.78     5.99        6.93     6.99     6.82     6.99     +1.00   +16.69%
      25              23  7828      創新服務                930.00        450.00    31.55%   1635.00  1800.00  1635.00  1800.00     2010.00  2125.00  2010.00  2125.00   +325.00   +18.06%
      26              40  6179      亞通                    0.00          0.00    31.33%     27.90    30.40    27.85    30.40       41.60    41.90    37.75    37.90     +7.50   +24.67%
      27              20  6147      頎邦                   42.00          9.50    30.32%    190.00   203.00   180.50   182.50      217.00   229.00   213.00   229.00    +46.50   +25.48%
      28              64  4908      前鼎                   90.50         48.50    30.27%    195.00   199.00   183.00   190.00      240.00   248.50   232.50   243.50    +53.50   +28.16%
      29             484  6617      共信-KY                34.00          0.00    30.12%    126.00   129.50   121.00   122.50      143.00   144.50   139.50   143.00    +20.50   +16.73%
      30              27  5202      力新                    0.00          0.00    29.62%     12.00    12.15    11.90    11.90       13.90    15.40    13.90    15.40     +3.50   +29.41%
      31              25  6811      宏碁資訊                 39.50          0.00    29.52%    227.50   227.50   225.00   225.50      250.00   272.50   250.00   266.50    +41.00   +18.18%
      32              44  3467      台灣精材                  0.00          0.00    29.31%     51.00    51.00    47.70    47.70       76.00    77.40    73.40    77.40    +29.70   +62.26%
      33              31  6894      衛司特                  44.00         24.50    29.24%    335.00   355.50   332.00   350.50      356.50   366.00   356.50   361.50    +11.00    +3.14%
      34              28  6616      特昇-KY                 0.00          0.00    29.24%      8.28     8.28     8.00     8.14        8.36     8.50     8.20     8.50     +0.36    +4.42%
      35              29  6199      天品                    0.00          0.00    29.19%     92.40    93.60    91.90    93.30      105.00   113.00   103.50   113.00    +19.70   +21.11%
      36             125  6929      佑全                    0.00          0.00    28.78%     22.50    22.50    22.50    22.50       21.90    22.05    21.90    22.05     -0.45    -2.00%
      37             863  6210      慶生                    0.00          0.00    28.13%     18.05    18.05    18.05    18.05       16.80    17.55    16.70    17.55     -0.50    -2.77%
      38              32  6021      美好證                   0.00          0.00    28.05%     39.40    39.95    39.40    39.75       45.30    45.80    45.00    45.45     +5.70   +14.34%
      39              69  1569      濱川                    0.00          0.00    28.03%     44.85    46.80    44.65    46.30       52.00    57.00    52.00    55.50     +9.20   +19.87%
      40              39  7770      君曜                    0.00          0.00    27.97%     36.55    36.55    36.55    36.55       38.30    40.50    38.00    40.50     +3.95   +10.81%
==========================================================================================================================================================================
✅ 共 40 筆


══════════════════════════════════════════════════════════════════════════════════════════════════════════════
  🔄 第  8/15 次  2026/08/27 ～ 2026/09/17
══════════════════════════════════════════════════════════════════════════════════════════════════════════════

==========================================================================================================================================================================
📊 動能效率優先權分數排名 (2026/08/27 ~ 2026/09/17)
==========================================================================================================================================================================
    實資排名          累計天數排名  代號        名稱                 累計漲停(元)       累計跌停(元)       強度%  (08/27)開盤      最高      最低      收盤    (09/17)開盤      最高      最低      收盤      賺賠    賺賠率
--------------------------------------------------------------------------------------------------------------------------------------------------------------------------
       1               1  6538      倉和                  193.50         60.00   100.00%    211.00   222.50   207.00   222.00      377.00   392.50   344.00   353.00   +131.00   +59.01%
       2               2  8227      巨有科技                 97.50         14.00    96.59%    168.00   169.00   160.00   160.00      273.00   281.00   258.00   258.00    +98.00   +61.25%
       3               5  6620      漢達                   45.50          0.00    68.36%     75.80    78.20    75.80    76.90      143.00   147.00   143.00   147.00    +70.10   +91.16%
       4               4  3374      精材                  183.50         99.00    67.70%    335.00   362.50   331.00   351.00      429.00   445.00   423.00   429.00    +78.00   +22.22%
       5               6  7772      耀穎                   44.50          0.00    66.90%     90.00    92.00    88.30    89.00      133.00   146.00   133.00   146.00    +57.00   +64.04%
       6               3  6173      信昌電                 149.00         44.00    60.57%    205.00   217.50   196.00   217.50      315.00   325.00   295.00   303.50    +86.00   +39.54%
       7              14  3441      聯一光                  68.50         21.50    55.75%    133.50   137.50   127.00   137.50      198.50   201.00   188.50   192.50    +55.00   +40.00%
       8               7  6870      騰雲                   96.00         23.00    55.01%    263.00   266.00   253.50   253.50      317.50   322.50   309.00   322.00    +68.50   +27.02%
       9              15  3624      光頡                   21.00          0.00    53.11%     91.40    94.30    88.60    90.90      124.50   130.00   115.00   118.00    +27.10   +29.81%
      10               8  8431      匯鑽科                   0.00          0.00    46.30%     46.50    48.90    46.50    47.40       65.00    68.00    63.40    64.80    +17.40   +36.71%
      11              11  2221      大甲                   10.50          0.00    46.26%     71.80    74.70    70.10    74.60      110.50   116.00   108.00   116.00    +41.40   +55.50%
      12              10  6291      沛亨                  193.50         79.50    46.18%    403.50   437.00   392.50   417.00      494.50   539.00   494.50   517.00   +100.00   +23.98%
      13               9  3693      營邦                  176.00         63.00    46.09%    559.00   570.00   551.00   556.00      693.00   725.00   688.00   697.00   +141.00   +25.36%
      14              13  8064      東捷                   54.50         11.50    46.04%    102.00   106.00   102.00   104.50      123.00   130.00   123.00   130.00    +25.50   +24.40%
      15              19  4908      前鼎                  108.00         48.50    45.67%    184.50   195.50   175.00   195.50      245.00   262.00   232.50   238.00    +42.50   +21.74%
      16            1009  7825      和亞智慧                 60.60         26.50    45.56%        --       --       --       --       88.60    90.00    83.20    83.90        --        --
      17             127  8444      綠河-KY                 0.00          0.00    43.30%      4.50     4.65     4.50     4.63        4.30     5.00     4.25     5.00     +0.37    +7.99%
      18              18  6945      圓祥生技                 20.20          0.00    43.19%    103.00   109.00   103.00   107.00      119.50   130.00   118.00   124.00    +17.00   +15.89%
      19              12  6654      天正國際                 48.50         26.50    42.58%    164.50   168.00   164.50   168.00      201.00   202.00   199.00   200.00    +32.00   +19.05%
      20              17  7828      創新服務                810.00        450.00    42.18%   1615.00  1725.00  1560.00  1650.00     2050.00  2055.00  1920.00  1935.00   +285.00   +17.27%
      21              25  3664      安瑞-KY                 0.00          0.00    41.29%      5.71     5.71     5.71     5.71        8.14     8.15     8.14     8.15     +2.44   +42.73%
      22              30  6179      亞通                    0.00          0.00    40.60%     28.10    28.30    27.60    27.65       38.00    41.45    37.75    41.45    +13.80   +49.91%
      23              21  4198      欣大健康                  0.00          0.00    40.56%     40.00    40.00    40.00    40.00       49.50    49.95    47.60    49.45     +9.45   +23.63%
      24              35  3324      雙鴻                  735.00        425.00    39.41%   1080.00  1120.00  1055.00  1060.00     1375.00  1460.00  1335.00  1385.00   +325.00   +30.66%
      25              20  5355      佳總                    0.00          0.00    38.24%      5.90     6.00     5.60     6.00        7.09     7.09     6.51     6.93     +0.93   +15.50%
      26              16  3105      穩懋                  136.00         69.50    38.13%    413.00   445.50   412.00   445.50      482.00   507.00   469.00   471.00    +25.50    +5.72%
      27              63  7717      萊德光電-KY             274.50        107.50    36.62%    420.00   449.00   417.50   434.00      544.00   579.00   530.00   579.00   +145.00   +33.41%
      28              26  6218      豪勉                    0.00          0.00    35.44%     39.80    40.90    39.25    39.95       56.00    58.90    53.70    56.00    +16.05   +40.18%
      29              24  3363      上詮                  175.00        152.00    35.34%    656.00   715.00   648.00   704.00      698.00   699.00   653.00   655.00    -49.00    -6.96%
      30             392  6617      共信-KY                34.00          0.00    35.27%    128.00   129.50   120.00   128.50      138.00   149.00   137.50   143.00    +14.50   +11.28%
      31              29  4971      IET-KY              188.00        181.00    35.20%    552.00   570.00   531.00   567.00      604.00   606.00   555.00   555.00    -12.00    -2.12%
      32              39  3467      台灣精材                  0.00          0.00    34.66%     48.10    50.50    48.10    49.40       72.80    78.70    70.80    73.50    +24.10   +48.79%
      33              23  6683      雍智科技                725.00        280.00    33.86%   1165.00  1245.00  1130.00  1245.00     1605.00  1695.00  1530.00  1575.00   +330.00   +26.51%
      34              42  6588      東典光電                 19.50          0.00    33.86%    113.00   114.50   108.50   110.50      115.50   121.00   114.50   118.50     +8.00    +7.24%
      35             700  8047      星雲                    0.00          0.00    33.47%     43.90    43.95    43.80    43.90       45.25    45.90    45.15    45.15     +1.25    +2.85%
      36             148  6929      佑全                    0.00          0.00    33.44%     22.70    22.80    22.70    22.80       22.00    22.00    21.35    21.35     -1.45    -6.36%
      37              47  2924      宏太-KY                 0.00          0.00    33.34%     15.70    16.40    15.20    16.40       16.85    17.45    16.85    17.45     +1.05    +6.40%
      38              43  6894      衛司特                  44.00         24.50    33.27%    330.00   330.00   327.50   330.00      355.00   361.50   355.00   355.00    +25.00    +7.58%
      39              37  6616      特昇-KY                 0.00          0.00    33.11%      8.20     8.29     8.17     8.20        8.23     8.36     8.09     8.36     +0.16    +1.95%
      40              28  3354      律勝                    0.00          0.00    32.84%     22.90    24.60    22.40    24.60       30.65    31.70    29.25    29.25     +4.65   +18.90%
==========================================================================================================================================================================
✅ 共 40 筆


══════════════════════════════════════════════════════════════════════════════════════════════════════════════
  🔄 第  9/15 次  2026/08/26 ～ 2026/09/16
══════════════════════════════════════════════════════════════════════════════════════════════════════════════

==========================================================================================================================================================================
📊 動能效率優先權分數排名 (2026/08/26 ~ 2026/09/16)
==========================================================================================================================================================================
    實資排名          累計天數排名  代號        名稱                 累計漲停(元)       累計跌停(元)       強度%  (08/26)開盤      最高      最低      收盤    (09/16)開盤      最高      最低      收盤      賺賠    賺賠率
--------------------------------------------------------------------------------------------------------------------------------------------------------------------------
       1               1  6538      倉和                  193.50         32.50   100.00%    201.00   217.00   198.00   212.00      370.50   398.50   365.00   380.50   +168.50   +79.48%
       2               2  8227      巨有科技                 97.50          0.00    95.55%    165.00   173.00   165.00   168.50      250.50   274.00   248.00   272.00   +103.50   +61.42%
       3               3  3374      精材                  206.00         99.00    81.14%    308.00   340.00   305.00   333.50      417.00   436.00   410.50   424.00    +90.50   +27.14%
       4               5  3441      聯一光                  79.50         21.50    71.09%    113.50   125.00   113.00   125.00      170.00   186.00   170.00   186.00    +61.00   +48.80%
       5               9  4908      前鼎                  124.00         48.50    59.48%    163.50   178.00   160.00   178.00      226.00   243.00   223.50   240.50    +62.50   +35.11%
       6               4  6173      信昌電                 149.00         32.50    58.00%    197.50   201.50   195.00   198.00      304.00   323.00   295.00   315.00   +117.00   +59.09%
       7              12  3624      光頡                   21.00          0.00    57.73%     87.50    95.80    86.30    91.20      125.00   127.00   121.00   123.00    +31.80   +34.87%
       8              10  6620      漢達                   32.50          0.00    54.66%     74.60    77.10    74.60    75.80      119.00   134.00   118.50   134.00    +58.20   +76.78%
       9              14  7828      創新服務                870.00        380.00    51.20%   1520.00  1595.00  1485.00  1580.00     1860.00  2020.00  1855.00  2005.00   +425.00   +26.90%
      10               7  3105      穩懋                  162.00         69.50    50.16%    378.00   405.00   374.00   405.00      469.00   473.00   454.00   472.50    +67.50   +16.67%
      11              13  6870      騰雲                   96.00         23.00    46.58%    266.50   266.50   255.00   260.50      326.50   330.00   301.00   316.00    +55.50   +21.31%
      12              11  6291      沛亨                  183.50         79.50    45.59%    384.00   407.50   381.00   400.00      446.00   490.50   446.00   490.50    +90.50   +22.62%
      13               8  8358      金居                  220.00        142.00    44.19%    420.00   456.50   419.00   449.50      495.50   510.00   482.50   510.00    +60.50   +13.46%
      14              21  3363      上詮                  202.00        123.00    43.96%    630.00   654.00   623.00   650.00      647.00   690.00   647.00   684.00    +34.00    +5.23%
      15            1009  7825      和亞智慧                 60.60         26.50    42.64%        --       --       --       --       78.70    88.40    78.10    88.00        --        --
      16              15  8431      匯鑽科                   0.00          0.00    42.49%     45.30    46.30    45.30    46.05       60.10    65.80    60.00    65.00    +18.95   +41.15%
      17               6  6147      頎邦                   39.00          9.50    42.13%    166.00   185.50   166.00   185.50      201.50   207.50   197.50   207.50    +22.00   +11.86%
      18              16  3693      營邦                  160.00         63.00    41.31%    550.00   564.00   547.00   558.00      673.00   685.00   671.00   681.00   +123.00   +22.04%
      19              25  3664      安瑞-KY                 0.00          0.00    40.70%      5.40     5.79     5.38     5.79        7.63     8.15     7.63     8.14     +2.35   +40.59%
      20              38  3324      雙鴻                  720.00        425.00    40.35%   1070.00  1085.00  1055.00  1075.00     1275.00  1375.00  1255.00  1360.00   +285.00   +26.51%
      21              18  5355      佳總                    0.00          0.00    39.13%      5.53     5.92     5.53     5.92        6.48     7.10     6.46     6.85     +0.93   +15.71%
      22              19  2221      大甲                    0.00          0.00    38.90%     68.00    71.60    67.50    71.40       96.10   105.50    95.60   105.50    +34.10   +47.76%
      23              28  6654      天正國際                 48.50         26.50    37.91%    165.00   165.50   162.00   163.00      199.00   205.00   199.00   202.00    +39.00   +23.93%
      24              27  7772      耀穎                   31.50          0.00    37.01%     85.90    91.20    85.20    89.90      135.00   135.00   129.50   133.00    +43.10   +47.94%
      25              20  3354      律勝                    0.00          0.00    36.67%     20.50    22.40    20.50    22.40       28.10    30.50    27.85    30.50     +8.10   +36.16%
      26              23  6640      均華                  405.00        270.00    36.33%    974.00  1020.00   974.00  1005.00     1105.00  1120.00  1095.00  1115.00   +110.00   +10.95%
      27              36  7717      萊德光電-KY             246.00        107.50    36.27%    394.00   431.00   394.00   417.50      500.00   527.00   492.00   527.00   +109.50   +26.23%
      28              24  8064      東捷                   43.00         11.50    35.98%     96.90   105.00    96.20   103.50      109.00   118.50   109.00   118.50    +15.00   +14.49%
      29              33  4198      欣大健康                  0.00          0.00    35.96%     41.60    41.60    40.15    41.20       49.90    50.00    47.25    49.40     +8.20   +19.90%
      30              50  4971      IET-KY              188.00        162.00    35.37%    557.00   562.00   538.00   552.00      530.00   574.00   530.00   574.00    +22.00    +3.99%
      31              34  3555      博士旺                  56.50         38.00    34.27%    160.00   175.00   160.00   175.00      178.00   179.00   171.50   171.50     -3.50    -2.00%
      32              35  5464      霖宏                    0.00          0.00    34.12%     69.90    75.30    68.80    74.00       85.20    93.70    84.10    93.70    +19.70   +26.62%
      33              22  3211      順達                   97.00         56.50    33.91%    331.00   364.00   326.00   364.00      362.50   377.00   362.50   370.00     +6.00    +1.65%
      34              31  6945      圓祥生技                 20.20          0.00    33.70%    100.00   103.00   100.00   101.50      114.50   120.00   110.50   120.00    +18.50   +18.23%
      35             121  6929      佑全                    0.00          0.00    33.20%     22.75    23.45    22.75    23.45       21.25    21.75    21.25    21.35     -2.10    -8.96%
      36              37  3467      台灣精材                  0.00          0.00    33.14%     46.05    48.80    46.05    48.25       71.20    76.50    68.00    71.60    +23.35   +48.39%
      37             111  6617      共信-KY                45.50          0.00    33.09%    116.00   127.00   115.50   127.00      127.50   138.00   126.00   138.00    +11.00    +8.66%
      38              53  6179      亞通                    0.00          0.00    32.72%     27.45    28.15    27.45    27.95       34.40    38.00    34.40    37.70     +9.75   +34.88%
      39              17  3529      力旺                 1415.00        910.00    32.41%   2170.00  2410.00  2155.00  2410.00     2650.00  2740.00  2625.00  2700.00   +290.00   +12.03%
      40              29  6683      雍智科技                725.00        260.00    31.93%   1130.00  1145.00  1110.00  1135.00     1450.00  1595.00  1420.00  1595.00   +460.00   +40.53%
==========================================================================================================================================================================
✅ 共 40 筆


══════════════════════════════════════════════════════════════════════════════════════════════════════════════
  🔄 第 10/15 次  2026/08/24 ～ 2026/09/15
══════════════════════════════════════════════════════════════════════════════════════════════════════════════

==========================================================================================================================================================================
📊 動能效率優先權分數排名 (2026/08/24 ~ 2026/09/15)
==========================================================================================================================================================================
    實資排名          累計天數排名  代號        名稱                 累計漲停(元)       累計跌停(元)       強度%  (08/24)開盤      最高      最低      收盤    (09/15)開盤      最高      最低      收盤      賺賠    賺賠率
--------------------------------------------------------------------------------------------------------------------------------------------------------------------------
       1               1  6538      倉和                  178.00         32.50   100.00%    194.50   204.50   193.00   193.00      372.50   376.00   364.00   365.00   +172.00   +89.12%
       2               2  3374      精材                  190.50         99.00    84.41%    302.00   312.50   299.00   302.50      429.00   430.50   407.00   408.50   +106.00   +35.04%
       3               3  8227      巨有科技                 75.00          0.00    71.79%    155.50   155.50   149.50   150.00      239.00   253.00   239.00   249.50    +99.50   +66.33%
       4               7  3624      光頡                   21.00          0.00    64.09%     86.90    89.10    86.00    86.10      122.50   129.50   120.00   123.50    +37.40   +43.44%
       5              10  3441      聯一光                  63.00         21.50    63.72%    113.50   117.00   109.00   112.50      162.00   176.50   159.00   169.50    +57.00   +50.67%
       6              12  4908      前鼎                  107.50         48.50    56.27%    154.00   156.00   147.00   147.50      223.00   245.00   218.00   224.00    +76.50   +51.86%
       7               5  3693      營邦                  163.00         63.00    56.16%    515.00   547.00   514.00   533.00      680.00   685.00   662.00   666.00   +133.00   +24.95%
       8               4  6173      信昌電                 128.50         32.50    55.66%    209.50   215.00   203.00   203.00      299.00   308.00   289.50   294.50    +91.50   +45.07%
       9               6  6870      騰雲                   96.00         10.00    53.28%    264.50   264.50   257.00   260.50      306.00   334.50   306.00   329.00    +68.50   +26.30%
      10              19  3324      雙鴻                  666.00        425.00    49.37%    973.00  1050.00   970.00  1015.00     1310.00  1365.00  1240.00  1260.00   +245.00   +24.14%
      11              11  7772      耀穎                   31.50          0.00    45.65%     85.30    88.40    84.70    87.90      126.00   133.00   121.50   130.00    +42.10   +47.90%
      12               9  6147      頎邦                   39.00          9.50    42.89%    157.50   162.00   157.00   157.00      194.50   206.50   194.50   200.00    +43.00   +27.39%
      13            1010  7825      和亞智慧                 60.60         26.50    42.57%        --       --       --       --       88.20    88.90    80.60    81.00        --        --
      14               8  3529      力旺                 1385.00        910.00    42.41%   2155.00  2215.00  2140.00  2200.00     2720.00  2720.00  2610.00  2625.00   +425.00   +19.32%
      15              16  6290      良維                   62.00         28.00    41.98%    217.00   232.50   216.50   229.00      260.00   265.50   253.50   253.50    +24.50   +10.70%
      16              15  3234      光環                   52.50         40.50    41.84%    150.50   166.00   148.00   166.00      172.50   173.50   163.00   163.50     -2.50    -1.51%
      17              17  6654      天正國際                 48.50         26.50    41.30%    163.00   165.00   160.00   164.50      202.00   204.00   199.00   199.00    +34.50   +20.97%
      18              14  2221      大甲                    0.00          0.00    41.20%     59.40    63.30    58.50    63.30       88.30    98.80    88.20    96.10    +32.80   +51.82%
      19              13  8431      匯鑽科                   0.00          0.00    40.98%     46.65    47.00    45.50    45.50       61.50    63.00    60.00    60.10    +14.60   +32.09%
      20              27  3664      安瑞-KY                 0.00          0.00    40.64%      5.42     5.42     5.36     5.36        6.98     7.67     6.98     7.67     +2.31   +43.10%
      21              31  3555      博士旺                  56.50         38.00    39.91%    163.00   168.00   161.00   161.00      183.50   185.50   171.00   171.00    +10.00    +6.21%
      22              26  4198      欣大健康                  0.00          0.00    39.79%     41.70    41.70    40.00    41.20       49.50    49.95    49.50    49.90     +8.70   +21.12%
      23              20  5355      佳總                    0.00          0.00    39.07%      5.91     5.91     5.53     5.79        6.01     6.54     6.01     6.54     +0.75   +12.95%
      24              69  6929      佑全                    0.00          0.00    39.00%     22.85    23.90    22.85    23.80       21.10    22.05    20.50    22.05     -1.75    -7.35%
      25              29  3467      台灣精材                  0.00          0.00    37.07%     45.85    46.15    45.80    46.15       70.80    70.80    70.80    70.80    +24.65   +53.41%
      26              23  3354      律勝                    0.00          0.00    36.66%     20.25    20.80    20.25    20.45       27.45    30.20    27.30    27.75     +7.30   +35.70%
      27              18  3131      弘塑                  600.00        515.00    35.26%   2305.00  2405.00  2285.00  2335.00     2295.00  2420.00  2295.00  2320.00    -15.00    -0.64%
      28              37  7828      創新服務                710.00        440.00    35.08%   1610.00  1660.00  1550.00  1550.00     1910.00  2040.00  1845.00  1845.00   +295.00   +19.03%
      29              24  3105      穩懋                  143.50         87.50    34.90%    370.50   372.50   355.00   355.00      447.50   476.00   445.50   454.00    +99.00   +27.89%
      30              78  6739      竹陞科技                490.00        385.00    34.90%    978.00  1015.00   956.00   972.00     1125.00  1125.00  1065.00  1065.00    +93.00    +9.57%
      31              25  6727      亞泰金屬                131.50        123.50    33.90%    447.50   463.00   444.00   445.00      494.50   504.00   468.00   469.50    +24.50    +5.51%
      32             914  8444      綠河-KY                 0.00          0.00    33.87%        --       --       --       --          --       --       --       --        --        --
      33             999  6597      立誠                    0.00          0.00    33.66%        --       --       --       --          --       --       --       --        --        --
      34              21  6187      萬潤                  280.00        330.00    33.37%   1185.00  1220.00  1165.00  1205.00     1230.00  1265.00  1210.00  1215.00    +10.00    +0.83%
      35              47  5464      霖宏                    0.00          0.00    33.25%     68.00    69.90    66.30    68.60       89.40    89.40    85.00    85.20    +16.60   +24.20%
      36              46  6894      衛司特                  44.00         24.50    33.22%    335.00   335.00   326.50   328.00      357.00   363.50   351.50   352.50    +24.50    +7.47%
      37             511  8047      星雲                    0.00          0.00    33.19%     45.20    45.90    43.20    45.85       46.70    46.70    46.65    46.70     +0.85    +1.85%
      38              45  6620      漢達                   20.50          0.00    33.11%     75.00    76.00    74.70    75.80      127.50   132.50   122.00   122.00    +46.20   +60.95%
      39              32  3141      晶宏                    0.00          0.00    33.07%     71.00    75.00    71.00    72.30       88.40    94.10    87.60    91.60    +19.30   +26.69%
      40             336  4806      桂田文創                  0.00          0.00    33.01%      8.80     9.22     8.80     9.22          --       --       --       --        --        --
==========================================================================================================================================================================
✅ 共 40 筆


══════════════════════════════════════════════════════════════════════════════════════════════════════════════
  🔄 第 11/15 次  2026/08/21 ～ 2026/09/14
══════════════════════════════════════════════════════════════════════════════════════════════════════════════

==========================================================================================================================================================================
📊 動能效率優先權分數排名 (2026/08/21 ~ 2026/09/14)
==========================================================================================================================================================================
    實資排名          累計天數排名  代號        名稱                 累計漲停(元)       累計跌停(元)       強度%  (08/21)開盤      最高      最低      收盤    (09/14)開盤      最高      最低      收盤      賺賠    賺賠率
--------------------------------------------------------------------------------------------------------------------------------------------------------------------------
       1               1  6538      倉和                  178.00         32.50   100.00%    207.00   208.00   191.00   196.50      362.00   379.50   355.00   372.50   +176.00   +89.57%
       2               2  3374      精材                  190.50         78.00    88.04%    304.00   316.00   298.50   306.50      440.00   447.50   417.50   429.50   +123.00   +40.13%
       3               3  3441      聯一光                  72.70         21.50    73.12%    102.00   107.00    95.50   107.00      167.00   173.00   157.50   160.50    +53.50   +50.00%
       4               7  3624      光頡                   21.00          0.00    62.68%     85.70    91.70    85.70    87.80      122.00   128.50   117.00   124.00    +36.20   +41.23%
       5               6  8227      巨有科技                 75.00          0.00    61.89%    147.50   160.50   146.00   156.00      240.50   259.00   235.00   241.00    +85.00   +54.49%
       6               4  3693      營邦                  163.00         41.00    57.24%    513.00   518.00   506.00   515.00      656.00   695.00   637.00   688.00   +173.00   +33.59%
       7               5  6173      信昌電                 128.50         32.50    53.86%    220.50   227.00   211.50   212.00      274.00   304.50   272.50   293.50    +81.50   +38.44%
       8              15  4908      前鼎                  107.50         48.50    53.30%    156.00   157.00   152.00   153.00      227.50   235.00   220.00   225.50    +72.50   +47.39%
       9              11  3234      光環                   52.50         30.00    43.73%    150.00   152.50   141.50   151.00      183.00   186.50   173.00   174.00    +23.00   +15.23%
      10            1012  7825      和亞智慧                 60.60         15.10    43.54%        --       --       --       --      102.50   102.50    90.00    92.40        --        --
      11               8  8358      金居                  214.50        125.00    42.21%    417.00   444.00   404.50   436.00      477.00   530.00   477.00   518.00    +82.00   +18.81%
      12               9  8431      匯鑽科                   0.00          0.00    42.12%     45.00    47.50    45.00    46.60       56.30    62.50    55.20    62.50    +15.90   +34.12%
      13              17  6290      良維                   62.00         28.00    41.14%    216.00   217.00   210.00   211.50      253.00   262.00   252.00   260.00    +48.50   +22.93%
      14              27  3555      博士旺                  56.50         24.00    40.87%    168.00   168.50   160.00   163.00      182.00   192.00   180.00   185.00    +22.00   +13.50%
      15              16  6654      天正國際                 48.50         26.50    40.72%    164.00   165.00   164.00   165.00      202.50   205.00   197.00   204.00    +39.00   +23.64%
      16              10  6640      均華                  481.00        317.00    39.31%    966.00  1045.00   960.00  1045.00     1140.00  1185.00  1085.00  1130.00    +85.00    +8.13%
      17              20  6870      騰雲                   71.50         10.00    39.21%    266.00   266.00   259.00   264.50      308.00   314.50   301.00   304.50    +40.00   +15.12%
      18              22  4198      欣大健康                  0.00          0.00    39.10%     39.65    42.90    39.65    40.95       48.00    49.80    48.00    49.80     +8.85   +21.61%
      19              13  2221      大甲                    0.00          0.00    37.54%     54.50    57.90    54.30    57.60       92.80    97.80    89.20    89.90    +32.30   +56.08%
      20              25  6620      漢達                   20.50          0.00    37.52%     75.50    76.60    75.00    75.00      125.00   128.00   120.00   127.00    +52.00   +69.33%
      21              14  6291      沛亨                  149.00         81.50    37.29%    374.00   394.00   373.00   388.50      460.50   484.50   440.00   466.50    +78.00   +20.08%
      22              39  3324      雙鴻                  666.00        404.00    37.23%    987.00   991.00   965.00   969.00     1335.00  1355.00  1280.00  1305.00   +336.00   +34.67%
      23              21  7772      耀穎                   31.50          0.00    37.16%     86.80    87.90    86.00    87.10      125.00   131.50   123.00   126.00    +38.90   +44.66%
      24              12  6147      頎邦                   28.00          9.50    36.11%    162.00   162.50   155.00   156.50      176.00   191.50   171.00   189.00    +32.50   +20.77%
      25              23  3467      台灣精材                  0.00          0.00    35.99%     45.50    46.45    45.50    46.35       64.40    64.40    64.40    64.40    +18.05   +38.94%
      26              32  3664      安瑞-KY                 0.00          0.00    35.56%      5.56     5.79     5.56     5.79        6.80     6.98     6.80     6.98     +1.19   +20.55%
      27             986  6597      立誠                    0.00          0.00    34.54%     68.50    72.40    68.50    72.40          --       --       --       --        --        --
      28             186  6929      佑全                    0.00          0.00    33.47%     24.70    24.70    23.50    24.20       21.05    22.40    21.05    22.05     -2.15    -8.88%
      29              37  5464      霖宏                    0.00          0.00    32.60%     70.00    70.00    66.90    68.70       87.40    91.20    85.60    89.10    +20.40   +29.69%
      30             277  8047      星雲                    0.00          0.00    32.49%     45.50    46.80    45.50    46.75       46.70    46.70    46.70    46.70     -0.05    -0.11%
      31              29  3354      律勝                    0.00          0.00    32.45%     20.90    20.95    20.25    20.30       29.60    30.95    28.00    28.00     +7.70   +37.93%
      32              31  5355      佳總                    0.00          0.00    32.13%      6.00     6.00     5.70     5.98        5.84     5.99     5.84     5.95     -0.03    -0.50%
      33              35  6865      偉康科技                  0.00          0.00    31.95%     25.85    25.85    25.50    25.50       25.80    27.70    25.80    27.70     +2.20    +8.63%
      34             301  8444      綠河-KY                 0.00          0.00    31.71%      5.28     5.28     5.28     5.28        4.88     4.88     4.60     4.60     -0.68   -12.88%
      35              24  3219      倚強科                   0.00          0.00    31.55%     69.40    71.90    69.00    71.60       84.80    87.90    84.50    85.10    +13.50   +18.85%
      36             107  3228      金麗科                  26.50          0.00    31.46%    141.00   141.50   139.00   141.00      166.00   166.00   163.00   165.50    +24.50   +17.38%
      37              26  3105      穩懋                  133.50         87.50    31.27%    377.00   385.50   365.50   373.00      423.00   451.00   420.00   444.00    +71.00   +19.03%
      38              19  3529      力旺                 1385.00        860.00    31.16%   2220.00  2245.00  2150.00  2155.00     2530.00  2770.00  2530.00  2730.00   +575.00   +26.68%
      39              18  3491      昇達科                 510.00        385.00    31.12%   1285.00  1345.00  1250.00  1280.00     1410.00  1460.00  1385.00  1390.00   +110.00    +8.59%
      40              51  6894      衛司特                  44.00         13.00    30.99%    330.50   332.50   323.00   326.00      354.50   369.00   354.50   364.00    +38.00   +11.66%
==========================================================================================================================================================================
✅ 共 40 筆


══════════════════════════════════════════════════════════════════════════════════════════════════════════════
  🔄 第 12/15 次  2026/08/20 ～ 2026/09/11
══════════════════════════════════════════════════════════════════════════════════════════════════════════════

==========================================================================================================================================================================
📊 動能效率優先權分數排名 (2026/08/20 ~ 2026/09/11)
==========================================================================================================================================================================
    實資排名          累計天數排名  代號        名稱                 累計漲停(元)       累計跌停(元)       強度%  (08/20)開盤      最高      最低      收盤    (09/11)開盤      最高      最低      收盤      賺賠    賺賠率
--------------------------------------------------------------------------------------------------------------------------------------------------------------------------
       1               1  6538      倉和                  178.00         32.50   100.00%    188.00   195.00   175.00   194.00      337.50   370.00   337.50   368.00   +174.00   +89.69%
       2               2  3374      精材                  190.50         44.00    90.47%    321.00   328.50   294.50   303.50      472.00   496.00   463.00   463.50   +160.00   +52.72%
       3               3  3441      聯一光                  72.70         21.50    82.95%     93.30    97.30    91.70    97.30      149.50   166.00   147.00   166.00    +68.70   +70.61%
       4               5  8227      巨有科技                 75.00          0.00    61.88%    152.00   153.00   146.50   147.00      235.00   239.00   229.50   239.00    +92.00   +62.59%
       5              10  3624      光頡                   21.00          0.00    59.89%     90.40    92.40    85.40    86.30      108.00   124.50   107.00   124.50    +38.20   +44.26%
       6              11  4908      前鼎                  107.50         36.50    56.71%    152.50   156.50   149.00   154.00      242.50   253.00   235.00   237.50    +83.50   +54.22%
       7               6  3693      營邦                  138.00         41.00    51.75%    514.00   523.00   500.00   516.00      678.00   693.00   660.00   663.00   +147.00   +28.49%
       8            1013  7825      和亞智慧                 60.60          0.00    50.96%        --       --       --       --      101.00   117.50    98.20   107.50        --        --
       9               4  3234      光環                   52.50         16.50    49.53%    153.00   153.00   142.00   151.00      187.00   194.50   183.50   187.50    +36.50   +24.17%
      10               9  6173      信昌電                 128.50         32.50    47.52%    219.00   228.00   211.00   221.00      295.00   321.00   281.00   290.00    +69.00   +31.22%
      11               8  2221      大甲                    0.00          0.00    42.31%     53.20    55.00    53.20    54.30      103.00   105.50    95.40    95.40    +41.10   +75.69%
      12              12  6870      騰雲                   71.50         10.00    42.21%    263.50   265.00   259.00   261.00      291.00   311.50   287.00   306.50    +45.50   +17.43%
      13              13  6654      天正國際                 48.50         26.50    41.68%    167.50   168.00   163.00   166.00      207.00   207.00   199.00   201.00    +35.00   +21.08%
      14              37  3555      博士旺                  56.50         24.00    40.72%    168.50   168.50   162.50   166.50      183.00   186.00   182.00   182.00    +15.50    +9.31%
      15              34  3324      雙鴻                  666.00        349.00    40.31%   1000.00  1005.00   970.00   993.00     1400.00  1405.00  1325.00  1360.00   +367.00   +36.96%
      16               7  3491      昇達科                 570.00        360.00    39.49%   1260.00  1305.00  1235.00  1285.00     1310.00  1440.00  1310.00  1415.00   +130.00   +10.12%
      17              31  4198      欣大健康                  0.00          0.00    39.02%     42.90    42.90    42.90    42.90       48.30    48.30    48.30    48.30     +5.40   +12.59%
      18              16  8431      匯鑽科                   0.00          0.00    38.50%     45.00    45.50    44.85    45.30       59.40    59.40    56.90    56.90    +11.60   +25.61%
      19              30  6290      良維                   62.00         28.00    37.97%    225.50   226.00   212.00   214.50      267.00   268.00   255.00   258.00    +43.50   +20.28%
      20              24  3467      台灣精材                  0.00          0.00    37.66%     45.95    45.95    45.35    45.75       51.70    58.60    51.70    58.60    +12.85   +28.09%
      21              32  6620      漢達                   20.50          0.00    37.56%     74.80    76.70    74.80    75.80      123.50   126.50   123.50   124.00    +48.20   +63.59%
      22              21  8358      金居                  181.50        125.00    37.13%    420.00   428.50   406.00   413.50      497.50   505.00   480.50   485.00    +71.50   +17.29%
      23              18  6291      沛亨                  149.00         70.00    37.12%    385.00   386.00   367.00   378.50      486.50   492.50   471.50   478.00    +99.50   +26.29%
      24              26  7772      耀穎                   31.50          0.00    36.92%     88.00    88.60    86.90    87.30      115.00   132.00   115.00   132.00    +44.70   +51.20%
      25              85  8444      綠河-KY                 0.00          0.00    36.68%      5.01     5.01     5.01     5.01        4.50     4.50     4.50     4.50     -0.51   -10.18%
      26             973  6597      立誠                    0.00          0.00    36.43%     72.00    72.00    68.10    72.00          --       --       --       --        --        --
      27              15  3354      律勝                    0.00          0.00    36.33%     20.80    20.80    20.15    20.45       29.80    30.30    29.00    29.85     +9.40   +45.97%
      28              14  5355      佳總                    0.00          0.00    36.33%      5.65     6.00     5.50     6.00        5.79     5.89     5.71     5.89     -0.11    -1.83%
      29              42  3664      安瑞-KY                 0.00          0.00    36.12%      5.55     5.66     5.55     5.56        7.05     7.05     7.05     7.05     +1.49   +26.80%
      30              17  5345      馥鴻                    0.00          0.00    35.86%     21.20    21.90    20.75    21.90       22.65    22.75    22.00    22.05     +0.15    +0.68%
      31              33  6895      宏碩系統                 14.50          0.00    35.62%    121.50   127.50   120.50   127.50      157.00   157.00   151.00   153.00    +25.50   +20.00%
      32              19  3105      穩懋                  149.00         87.50    35.53%    370.00   379.00   359.50   379.00      449.50   450.00   435.00   437.50    +58.50   +15.44%
      33              39  7828      創新服務                745.00        350.00    34.85%   1640.00  1670.00  1595.00  1650.00     2010.00  2070.00  1955.00  1975.00   +325.00   +19.70%
      34             281  8047      星雲                    0.00          0.00    34.69%     46.50    46.80    45.55    46.80       45.00    49.75    44.95    47.40     +0.60    +1.28%
      35              22  7714      創泓科技                 43.50          9.50    34.46%    167.00   180.50   165.50   180.50      154.50   173.50   154.50   173.50     -7.00    -3.88%
      36              28  6865      偉康科技                  0.00          0.00    34.21%     24.60    26.60    24.30    26.60       25.90    25.90    25.20    25.20     -1.40    -5.26%
      37              23  1815      富喬                   11.50         11.00    33.73%    102.00   107.50   101.50   107.00      125.00   129.00   122.00   127.50    +20.50   +19.16%
      38             320  6929      佑全                    0.00          0.00    33.58%     23.00    24.20    23.00    23.35       21.75    21.75    21.75    21.75     -1.60    -6.85%
      39              38  6640      均華                  481.00        289.00    33.28%    975.00   994.00   942.00   954.00     1195.00  1195.00  1125.00  1170.00   +216.00   +22.64%
      40              29  3219      倚強科                   0.00          0.00    33.27%     69.80    70.20    68.40    69.90       86.00    87.10    84.80    85.60    +15.70   +22.46%
==========================================================================================================================================================================
✅ 共 40 筆


══════════════════════════════════════════════════════════════════════════════════════════════════════════════
  🔄 第 13/15 次  2026/08/19 ～ 2026/09/10
══════════════════════════════════════════════════════════════════════════════════════════════════════════════

==========================================================================================================================================================================
📊 動能效率優先權分數排名 (2026/08/19 ~ 2026/09/10)
==========================================================================================================================================================================
    實資排名          累計天數排名  代號        名稱                 累計漲停(元)       累計跌停(元)       強度%  (08/19)開盤      最高      最低      收盤    (09/10)開盤      最高      最低      收盤      賺賠    賺賠率
--------------------------------------------------------------------------------------------------------------------------------------------------------------------------
       1               1  3374      精材                  190.50         19.50   100.00%    296.00   306.50   294.00   299.00      481.00   494.00   476.00   488.00   +189.00   +63.21%
       2               2  6538      倉和                  148.50         32.50    92.90%    186.00   197.50   185.00   191.50      338.00   349.00   335.00   338.50   +147.00   +76.76%
       3               4  3441      聯一光                  57.70         21.50    77.53%     83.60    90.30    82.20    88.50      141.50   157.00   137.00   151.00    +62.50   +70.62%
       4               3  6173      信昌電                 147.50         32.50    74.18%    190.00   213.50   189.50   213.50      268.50   295.00   265.50   295.00    +81.50   +38.17%
       5               7  4908      前鼎                  107.50         25.00    67.09%    143.50   155.00   143.50   152.50      239.00   265.00   238.00   249.00    +96.50   +63.28%
       6               9  8227      巨有科技                 53.50          0.00    62.02%    148.00   151.00   145.00   148.00      203.00   217.50   201.00   217.50    +69.50   +46.96%
       7               6  6290      良維                   76.00         11.00    60.48%    205.00   229.00   204.00   223.50      272.00   279.00   267.00   275.00    +51.50   +23.04%
       8               5  3234      光環                   52.50         16.50    57.29%    138.50   149.50   138.00   147.50      196.00   205.50   192.50   195.00    +47.50   +32.20%
       9              15  3324      雙鴻                  677.00        269.00    54.00%    962.00  1005.00   955.00   989.00     1355.00  1440.00  1355.00  1440.00   +451.00   +45.60%
      10              11  6654      天正國際                 48.50         26.50    49.73%    162.50   167.50   162.50   167.50      206.00   210.00   203.00   205.00    +37.50   +22.39%
      11               8  2221      大甲                    0.00          0.00    49.47%     53.70    53.70    51.80    52.60       87.80    96.50    86.30    96.50    +43.90   +83.46%
      12            1014  7825      和亞智慧                 60.60          0.00    48.14%        --       --       --       --       91.00   119.50    91.00   109.50        --        --
      13              10  6291      沛亨                  149.00         53.00    45.46%    360.50   396.00   360.00   376.00      473.00   503.00   471.00   495.00   +119.00   +31.65%
      14             949  6597      立誠                    0.00          0.00    45.22%     67.20    73.00    67.20    73.00       69.50    72.50    69.50    72.50     -0.50    -0.68%
      15              13  8358      金居                  181.50         89.00    44.50%    398.00   413.50   392.00   410.50      518.00   525.00   515.00   521.00   +110.50   +26.92%
      16              19  8064      東捷                   32.50          0.00    44.00%     98.50   102.50    96.60    99.20      131.00   132.00   125.50   126.50    +27.30   +27.52%
      17              22  8431      匯鑽科                   0.00          0.00    43.92%     45.25    46.35    44.50    44.50       61.20    61.20    57.70    60.20    +15.70   +35.28%
      18              26  3624      光頡                   10.00          0.00    43.68%     82.50    93.00    82.50    89.70      100.50   113.50   100.00   113.50    +23.80   +26.53%
      19              64  4198      欣大健康                  0.00          0.00    43.01%        --       --       --       --       49.30    49.30    48.80    48.80        --        --
      20              20  5345      馥鴻                    0.00          0.00    42.44%     21.00    21.80    20.55    21.45       20.05    22.65    20.05    22.65     +1.20    +5.59%
      21              12  5355      佳總                    0.00          0.00    42.40%      5.35     5.74     5.35     5.65        5.85     5.85     5.72     5.80     +0.15    +2.65%
      22              17  8042      金山電                  31.00         21.00    42.33%     99.20   111.50    98.50   111.50      111.50   123.50   107.50   120.50     +9.00    +8.07%
      23              25  3693      營邦                  138.00         28.00    42.23%    509.00   522.00   502.00   508.00      700.00   719.00   687.00   691.00   +183.00   +36.02%
      24              16  6870      騰雲                   51.50         10.00    41.74%    248.50   265.00   248.50   261.50      280.00   293.00   280.00   286.50    +25.00    +9.56%
      25             404  8444      綠河-KY                 0.00          0.00    40.57%        --       --       --       --        4.76     5.00     4.76     4.76        --        --
      26              18  6147      頎邦                   28.00          0.00    39.98%    157.00   165.50   156.50   161.50      193.50   202.50   189.00   190.50    +29.00   +17.96%
      27              14  6727      亞泰金屬                148.00         89.00    39.94%    414.00   454.00   414.00   443.50      508.00   535.00   503.00   521.00    +77.50   +17.47%
      28              34  6620      漢達                   20.50          0.00    39.54%     76.50    76.50    74.70    74.80      128.50   129.00   124.00   126.50    +51.70   +69.12%
      29              59  6865      偉康科技                  0.00          0.00    39.53%        --       --       --       --       25.80    25.80    25.50    25.55        --        --
      30              41  6895      宏碩系統                 14.50          0.00    39.44%    126.50   126.50   120.00   120.00      154.50   156.00   154.50   156.00    +36.00   +30.00%
      31              23  1815      富喬                   11.50         11.00    39.41%     93.00    98.80    91.10    98.00      125.00   129.00   124.00   126.00    +28.00   +28.57%
      32              21  3354      律勝                    0.00          0.00    39.41%     20.40    20.40    20.15    20.15       29.15    30.90    29.10    30.45    +10.30   +51.12%
      33              51  3664      安瑞-KY                 0.00          0.00    39.33%      6.07     6.07     6.00     6.00        7.58     7.58     7.58     7.58     +1.58   +26.33%
      34              54  8937      合騏*                   0.00          0.00    38.62%     23.40    25.55    23.20    25.55       30.45    32.40    29.60    30.50     +4.95   +19.37%
      35              32  5701      劍湖山                   0.00          0.00    38.59%      4.02     4.19     3.96     4.19        4.29     4.29     4.20     4.21     +0.02    +0.48%
      36              63  6179      亞通                    0.00          0.00    38.42%     26.60    27.20    26.60    26.85       38.65    39.50    36.95    38.20    +11.35   +42.27%
      37             115  3228      金麗科                  26.50          0.00    38.19%    140.00   142.00   138.00   139.00      172.50   174.00   168.00   169.50    +30.50   +21.94%
      38              24  3219      倚強科                   0.00          0.00    37.61%     68.80    72.00    68.60    69.20       88.30    89.50    87.40    88.30    +19.10   +27.60%
      39             327  6929      佑全                    0.00          0.00    37.21%     22.45    22.45    21.95    22.40       21.85    21.85    21.35    21.65     -0.75    -3.35%
      40              37  8240      華宏                    0.00          0.00    36.92%     42.10    42.10    40.70    41.50       52.80    53.00    51.00    52.00    +10.50   +25.30%
==========================================================================================================================================================================
✅ 共 40 筆


══════════════════════════════════════════════════════════════════════════════════════════════════════════════
  🔄 第 14/15 次  2026/08/18 ～ 2026/09/09
══════════════════════════════════════════════════════════════════════════════════════════════════════════════

==========================================================================================================================================================================
📊 動能效率優先權分數排名 (2026/08/18 ~ 2026/09/09)
==========================================================================================================================================================================
    實資排名          累計天數排名  代號        名稱                 累計漲停(元)       累計跌停(元)       強度%  (08/18)開盤      最高      最低      收盤    (09/09)開盤      最高      最低      收盤      賺賠    賺賠率
--------------------------------------------------------------------------------------------------------------------------------------------------------------------------
       1               1  3374      精材                  195.00         19.50   100.00%    291.00   321.50   288.00   306.50      471.00   487.00   471.00   478.50   +172.00   +56.12%
       2               2  6538      倉和                  148.50         22.00    78.76%    186.50   198.50   181.00   192.00      320.00   353.00   316.50   349.00   +157.00   +81.77%
       3               3  3441      聯一光                  57.70         21.50    57.57%     87.40    90.50    84.60    86.20      132.50   144.00   129.00   143.50    +57.30   +66.47%
       4               4  3234      光環                   52.50         16.50    47.29%    149.00   154.00   141.00   146.00      200.00   206.00   194.00   200.00    +54.00   +36.99%
       5               5  6290      良維                   76.00         11.00    46.88%    218.00   219.50   208.50   209.50      272.50   284.00   271.00   275.00    +65.50   +31.26%
       6               6  8064      東捷                   32.50          0.00    41.19%    103.00   103.00    98.80    99.00      130.00   141.50   121.50   134.00    +35.00   +35.35%
       7             927  6597      立誠                    0.00          0.00    40.52%     62.10    68.70    62.10    68.70       68.20    73.00    68.20    73.00     +4.30    +6.26%
       8              24  4198      欣大健康                  0.00          0.00    37.97%     40.45    42.60    40.45    42.00       45.30    50.00    45.20    49.95     +7.95   +18.93%
       9               8  5355      佳總                    0.00          0.00    36.71%      5.36     5.59     5.23     5.49        5.76     5.89     5.72     5.89     +0.40    +7.29%
      10               7  2221      大甲                    0.00          0.00    36.70%     54.00    54.70    53.20    54.40       85.80    90.00    85.60    87.80    +33.40   +61.40%
      11              12  3693      營邦                  138.00         28.00    36.63%    523.00   542.00   513.00   523.00      675.00   704.00   664.00   700.00   +177.00   +33.84%
      12              28  8227      巨有科技                 34.00          0.00    36.42%    154.50   154.50   149.00   149.50      183.00   198.00   178.50   198.00    +48.50   +32.44%
      13              13  8431      匯鑽科                   0.00          0.00    35.56%     48.20    48.20    46.55    46.55       63.30    63.60    61.00    61.20    +14.65   +31.47%
      14              11  8358      金居                  181.50         89.00    35.45%    425.50   441.00   415.00   416.00      534.00   535.00   519.00   526.00   +110.00   +26.44%
      15              34  3498      陽程                   50.50         23.50    34.55%    158.50   174.00   153.50   174.00      190.50   197.50   187.00   191.00    +17.00    +9.77%
      16              21  6620      漢達                   20.50          0.00    34.29%     77.70    77.70    76.60    76.60      127.50   132.00   127.00   132.00    +55.40   +72.32%
      17              20  6895      宏碩系統                 14.50          0.00    33.97%    117.00   126.00   117.00   122.50      152.00   155.00   150.00   154.50    +32.00   +26.12%
      18               9  6147      頎邦                   28.00          0.00    33.92%    168.50   171.00   163.00   163.50      189.00   203.00   189.00   198.00    +34.50   +21.10%
      19             207  8444      綠河-KY                 0.00          0.00    33.60%      5.00     5.00     5.00     5.00        5.00     5.00     5.00     5.00     +0.00    +0.00%
      20              55  4908      前鼎                  107.50         38.50    33.37%    160.00   165.00   150.00   150.00      238.50   243.00   229.50   242.00    +92.00   +61.33%
      21             248  6865      偉康科技                  0.00          0.00    33.19%        --       --       --       --       24.45    26.25    24.45    25.80        --        --
      22             497  3664      安瑞-KY                 0.00          0.00    32.56%        --       --       --       --        6.50     7.66     6.50     7.60        --        --
      23              66  3324      雙鴻                  622.00        296.00    32.17%   1015.00  1020.00   978.00   978.00     1375.00  1400.00  1320.00  1385.00   +407.00   +41.62%
      24            1009  6236      中湛                    0.00          0.00    31.89%     13.85    14.95    13.85    14.95          --       --       --       --        --        --
      25             314  3228      金麗科                  26.50          0.00    31.83%    147.00   147.00   140.00   140.00      177.50   178.50   173.00   173.50    +33.50   +23.93%
      26              10  6870      騰雲                   51.50         10.00    31.72%    261.00   267.00   256.00   257.50      293.00   298.50   288.50   289.00    +31.50   +12.23%
      27              32  5701      劍湖山                   0.00          0.00    31.67%      4.12     4.12     4.02     4.02        4.24     4.32     4.12     4.30     +0.28    +6.97%
      28              17  6173      信昌電                 121.00         49.00    31.35%    207.50   215.50   191.00   194.50      278.00   281.50   267.00   268.50    +74.00   +38.05%
      29              64  6179      亞通                    0.00          0.00    31.24%     27.95    28.05    27.05    27.30       33.05    36.40    32.50    36.40     +9.10   +33.33%
      30             856  6929      佑全                    0.00          0.00    31.22%        --       --       --       --       21.20    22.35    21.00    22.35        --        --
      31              30  3555      博士旺                  56.50         34.00    30.98%    162.50   175.00   159.00   170.00      199.50   203.00   193.50   193.50    +23.50   +13.82%
      32              15  6588      東典光電                  9.50          0.00    30.96%     90.90    96.80    88.50    94.50      114.50   118.50   111.50   115.00    +20.50   +21.69%
      33              85  8937      合騏*                   0.00          0.00    30.88%     23.75    23.75    22.65    23.25       27.50    30.45    27.50    30.45     +7.20   +30.97%
      34              19  1815      富喬                   11.50         11.00    30.69%     98.50   105.50    94.90    95.30      134.00   135.00   126.00   126.00    +30.70   +32.21%
      35              16  3219      倚強科                   0.00          0.00    30.45%     71.80    72.50    70.80    70.80       90.50    92.80    88.60    88.80    +18.00   +25.42%
      36             879  3115      富榮綱                   0.00          0.00    30.41%        --       --       --       --        9.10     9.10     8.70     8.73        --        --
      37              25  8240      華宏                    0.00          0.00    30.32%     43.00    43.00    41.80    42.15       52.30    53.80    51.40    52.30    +10.15   +24.08%
      38              27  8277      商丞                    0.00          0.00    30.23%      7.99     8.17     7.97     7.99        7.75     8.10     7.75     8.05     +0.06    +0.75%
      39              14  3354      律勝                    0.00          0.00    30.15%     20.70    21.00    20.40    20.55       28.50    29.80    27.85    28.70     +8.15   +39.66%
      40              22  5529      鉅陞                    0.00          0.00    30.01%     20.80    21.05    20.75    20.95       25.00    25.00    24.80    25.00     +4.05   +19.33%
==========================================================================================================================================================================
✅ 共 40 筆


══════════════════════════════════════════════════════════════════════════════════════════════════════════════
  🔄 第 15/15 次  2026/08/17 ～ 2026/09/08
══════════════════════════════════════════════════════════════════════════════════════════════════════════════

==========================================================================================================================================================================
📊 動能效率優先權分數排名 (2026/08/17 ~ 2026/09/08)
==========================================================================================================================================================================
    實資排名          累計天數排名  代號        名稱                 累計漲停(元)       累計跌停(元)       強度%  (08/17)開盤      最高      最低      收盤    (09/08)開盤      最高      最低      收盤      賺賠    賺賠率
--------------------------------------------------------------------------------------------------------------------------------------------------------------------------
       1               1  3234      光環                   66.00         16.50   100.00%    139.50   150.00   137.50   150.00      203.50   206.50   195.50   197.00    +47.00   +31.33%
       2               3  6538      倉和                  120.50         22.00    92.95%    187.00   193.00   181.00   190.50      307.00   328.00   299.00   321.00   +130.50   +68.50%
       3               2  3374      精材                  195.00         52.00    88.25%    299.50   301.00   292.50   292.50      474.00   482.50   456.00   475.00   +182.50   +62.39%
       4               4  3441      聯一光                  46.20         21.50    77.19%     83.00    91.00    82.60    87.40      130.00   134.00   123.50   132.00    +44.60   +51.03%
       5              13  6290      良維                   65.50         11.00    66.09%    218.50   221.00   215.00   216.00      272.00   272.00   262.00   264.50    +48.50   +22.45%
       6               6  5355      佳總                    0.00          0.00    56.43%      5.30     5.78     5.17     5.65        5.95     5.95     5.76     5.76     +0.11    +1.95%
       7              11  8431      匯鑽科                   0.00          0.00    55.05%     47.50    48.80    47.50    48.25       66.30    67.30    61.80    63.30    +15.05   +31.19%
       8             879  6597      立誠                    0.00          0.00    54.67%     68.00    68.70    68.00    68.70          --       --       --       --        --        --
       9               8  4971      IET-KY              248.00        158.00    54.36%    487.00   528.00   487.00   528.00      615.00   638.00   596.00   605.00    +77.00   +14.58%
      10               9  2221      大甲                    0.00          0.00    53.29%     52.70    54.90    51.70    54.00       87.20    90.90    85.50    85.80    +31.80   +58.89%
      11               5  6147      頎邦                   27.50          0.00    51.42%    158.50   171.00   155.50   168.50      191.50   200.00   186.00   186.50    +18.00   +10.68%
      12              12  1815      富喬                   11.50         11.00    51.09%     93.00    96.50    91.50    96.50      131.00   141.50   123.00   135.00    +38.50   +39.90%
      13              15  8064      東捷                   32.50          0.00    51.04%    103.00   105.50   102.00   103.00      134.50   134.50   134.50   134.50    +31.50   +30.58%
      14              19  8358      金居                  181.50         89.00    50.91%    430.50   434.00   418.50   419.50      520.00   528.00   512.00   520.00   +100.50   +23.96%
      15              10  6727      亞泰金屬                178.00        104.50    50.68%    440.00   475.00   430.00   475.00      545.00   570.00   516.00   526.00    +51.00   +10.74%
      16              21  4908      前鼎                   93.00         38.50    50.44%    154.50   165.00   150.00   163.50      224.00   235.50   221.00   227.50    +64.00   +39.14%
      17              17  6173      信昌電                 121.00         49.00    49.68%    210.00   230.00   201.50   211.00      285.00   285.00   267.50   273.50    +62.50   +29.62%
      18              23  3498      陽程                   50.50         23.50    49.14%    159.50   168.50   155.50   158.50      189.00   192.00   185.50   189.50    +31.00   +19.56%
      19               7  5432      新門                   34.00          0.00    48.97%    141.00   149.50   138.00   149.50      162.50   170.00   160.00   162.00    +12.50    +8.36%
      20              16  3555      博士旺                  56.50         34.00    48.26%    159.50   162.00   159.00   162.00      206.50   213.00   194.50   194.50    +32.50   +20.06%
      21              22  6895      宏碩系統                 14.50          0.00    48.14%    114.50   118.00   114.50   117.00      153.00   154.50   151.50   151.50    +34.50   +29.49%
      22             225  8444      綠河-KY                 0.00          0.00    47.94%      5.03     5.03     5.00     5.00        5.00     5.00     5.00     5.00     +0.00    +0.00%
      23              95  3228      金麗科                  26.50          0.00    47.28%    154.00   155.00   145.00   147.00      179.00   184.50   177.50   177.50    +30.50   +20.75%
      24              18  6870      騰雲                   51.50         10.00    46.95%    268.00   268.00   259.00   266.00      305.00   305.00   288.00   291.50    +25.50    +9.59%
      25              52  4198      欣大健康                  0.00          0.00    46.61%     43.35    43.35    40.80    42.80       45.90    47.90    45.90    46.40     +3.60    +8.41%
      26             843  3115      富榮綱                   0.00          0.00    46.45%      8.67     8.67     8.67     8.67        9.19     9.19     9.19     9.19     +0.52    +6.00%
      27              28  6654      天正國際                 48.50         23.00    46.16%    175.50   175.50   175.50   175.50      221.00   226.00   214.00   222.50    +47.00   +26.78%
      28              14  6187      萬潤                  435.00        395.00    45.94%   1275.00  1400.00  1265.00  1385.00     1355.00  1435.00  1350.00  1385.00     +0.00    +0.00%
      29            1010  6236      中湛                    0.00          0.00    45.74%        --       --       --       --          --       --       --       --        --        --
      30              35  5701      劍湖山                   0.00          0.00    45.07%      4.08     4.40     4.08     4.12        4.18     4.31     4.16     4.25     +0.13    +3.16%
      31              25  3219      倚強科                   0.00          0.00    45.00%     72.10    73.50    71.20    72.20       94.30    97.00    85.70    89.00    +16.80   +23.27%
      32              30  8240      華宏                    0.00          0.00    44.71%     42.00    42.95    42.00    42.80       55.90    55.90    52.30    52.30     +9.50   +22.20%
      33              64  3324      雙鴻                  577.00        296.00    44.66%   1015.00  1035.00  1000.00  1005.00     1425.00  1425.00  1300.00  1340.00   +335.00   +33.33%
      34             760  6865      偉康科技                  0.00          0.00    43.66%        --       --       --       --       25.80    26.50    25.80    26.50        --        --
      35              51  7828      創新服務                700.00        355.00    43.46%   1680.00  1730.00  1630.00  1725.00     1890.00  2055.00  1890.00  2035.00   +310.00   +17.97%
      36              26  4924      欣厚-KY                 0.00          0.00    43.26%      9.77     9.77     9.54     9.73       13.85    14.35    13.00    13.00     +3.27   +33.61%
      37              34  3141      晶宏                    0.00          0.00    43.15%     71.80    73.80    70.50    73.10      101.50   102.00    92.90    95.40    +22.30   +30.51%
      38              20  3363      上詮                  230.00        144.00    43.07%    593.00   625.00   585.00   624.00      728.00   749.00   707.00   711.00    +87.00   +13.94%
      39              33  5529      鉅陞                    0.00          0.00    42.65%     20.85    20.95    20.70    20.80       24.50    25.00    23.75    25.00     +4.20   +20.19%
      40              31  3354      律勝                    0.00          0.00    42.52%     20.70    20.95    20.35    20.70       26.40    28.85    26.25    28.30     +7.60   +36.71%
==========================================================================================================================================================================
✅ 共 40 筆
