
██████████████████████████████████████████████████████████████████████████████████████████████████████████████
  📅 天數組合: 45 日  →  輸出檔: s12_45.txt
██████████████████████████████████████████████████████████████████████████████████████████████████████████████

🔁 共執行 45 次，每次區間長度 45 個交易日

══════════════════════════════════════════════════════════════════════════════════════════════════════════════
  🔄 第  1/45 次  2026/07/24 ～ 2026/10/01
══════════════════════════════════════════════════════════════════════════════════════════════════════════════

==========================================================================================================================================================================
📊 累計漲跌停強度排名 (2026/07/24 ~ 2026/10/01)
==========================================================================================================================================================================
    實資排名        累計天數排名  代號        名稱                 累計漲停(元)       累計跌停(元)       強度%  (07/24)開盤      最高      最低      收盤    (10/01)開盤      最高      最低      收盤      賺賠    賺賠率
--------------------------------------------------------------------------------------------------------------------------------------------------------------------------
       1           122  2059      川湖                11055.00       6950.00    19.98%   8005.00  8150.00  7635.00  7735.00    12270.00 12270.00 11760.00 11835.00  +4100.00   +53.01%
       2           311  3443      創意                 6765.00       3785.00    14.50%   4330.00  4475.00  4060.00  4070.00     8040.00  8100.00  7730.00  7900.00  +3830.00   +94.10%
       3           288  3653      健策                 6170.00       3195.00    14.48%   3650.00  3690.00  3365.00  3430.00     6720.00  6895.00  6665.00  6875.00  +3445.00  +100.44%
       4           454  6669      緯穎                 4065.00       2330.00     8.44%   5395.00  5835.00  5375.00  5730.00     2095.00  2115.00  2095.00  2110.00  -3620.00   -63.18%
       5           242  3008      大立光                6170.00       4485.00     8.20%   4070.00  4150.00  3915.00  3920.00     5950.00  6225.00  5740.00  6205.00  +2285.00   +58.29%
       6           393  2454      聯發科                3565.00       2285.00     6.23%   3805.00  4010.00  3750.00  3750.00     4875.00  4980.00  4875.00  4980.00  +1230.00   +32.80%
       7           518  3017      奇鋐                 2850.00       1820.00     5.01%   2375.00  2510.00  2355.00  2380.00     3435.00  3520.00  3300.00  3510.00  +1130.00   +47.48%
       8           642  6805      富世達                2295.00       1540.00     3.67%   1420.00  1475.00  1405.00  1410.00     2475.00  2510.00  2335.00  2390.00   +980.00   +69.50%
       9           580  8996      高力                 1637.00       1217.00     2.04%   1055.00  1105.00  1000.00  1005.00     1515.00  1600.00  1470.00  1565.00   +560.00   +55.72%
      10           830  3406      玉晶光                 951.50        584.50     1.79%    525.00   530.00   504.00   507.00      885.00   973.00   871.00   950.00   +443.00   +87.38%
      11           710  7711      永擎                  649.00        327.50     1.56%    302.50   303.50   295.00   297.00      561.00   616.00   551.00   616.00   +319.00  +107.41%
      12           436  6949      沛爾生醫-創              588.00        271.00     1.54%   1015.00  1065.00   992.00   992.00       50.00    50.80    49.00    49.40   -942.60   -95.02%
      13           762  3037      欣興                  939.00        672.00     1.30%    880.00   892.00   825.00   839.00     1195.00  1230.00  1170.00  1215.00   +376.00   +44.82%
      14           856  1560      中砂                  650.00        394.00     1.25%    695.00   697.00   666.00   672.00      963.00  1015.00   963.00  1000.00   +328.00   +48.81%
      15           782  6933      AMAX-KY             364.00        114.00     1.22%    167.50   173.00   165.00   165.00      370.00   404.50   369.50   394.50   +229.50  +139.09%
      16           395  7610      聯友金屬-創             2160.00       1910.00     1.22%   1655.00  1785.00  1650.00  1660.00     1730.00  1820.00  1705.00  1780.00   +120.00    +7.23%
      17           933  6526      達發                  478.00        264.00     1.04%    577.00   591.00   575.00   587.00      834.00   843.00   818.00   829.00   +242.00   +41.23%
      18           415  6533      晶心科                 227.00         13.50     1.04%    209.00   221.00   209.00   217.00      346.00   366.50   337.00   366.50   +149.50   +68.89%
      19           851  3189      景碩                  808.00        597.00     1.03%    766.00   770.00   707.00   711.00      976.00  1020.00   964.00  1010.00   +299.00   +42.05%
      20          1046  6213      聯茂                  496.50        289.00     1.01%    332.00   337.50   309.50   309.50      623.00   643.00   611.00   642.00   +332.50  +107.43%
      21           818  3167      大量                 1003.00        796.00     1.01%    648.00   663.00   620.00   620.00      908.00   975.00   908.00   975.00   +355.00   +57.26%
      22           459  3665      貿聯-KY              1980.00       1775.00     1.00%   2235.00  2350.00  2190.00  2205.00     2595.00  2625.00  2510.00  2555.00   +350.00   +15.87%
      23           776  2357      華碩                  533.00        352.00     0.88%    760.00   780.00   760.00   771.00      961.00   971.00   960.00   965.00   +194.00   +25.16%
      24           713  2368      金像電                1002.00        834.00     0.82%    925.00   941.00   892.00   901.00     1120.00  1125.00  1085.00  1095.00   +194.00   +21.53%
      25           675  2404      漢唐                  655.00        495.00     0.78%   1160.00  1205.00  1120.00  1120.00     1280.00  1315.00  1270.00  1305.00   +185.00   +16.52%
      26           728  8046      南電                 1218.00       1058.00     0.78%   1215.00  1230.00  1110.00  1110.00     1390.00  1450.00  1370.00  1420.00   +310.00   +27.93%
      27           914  2455      全新                  415.50        257.50     0.77%    335.50   351.50   321.00   333.00      552.00   552.00   530.00   546.00   +213.00   +63.96%
      28           780  6672      騰輝電子-KY             238.00         80.50     0.77%    231.00   243.50   224.00   224.50      376.50   405.50   369.50   405.50   +181.00   +80.62%
      29           922  6426      統新                  280.50        123.00     0.77%    166.00   180.00   160.50   164.00      343.00   345.50   330.00   339.50   +175.50  +107.01%
      30           868  3026      禾伸堂                 882.50        726.50     0.76%    682.00   700.00   628.00   640.00      796.00   870.00   796.00   852.00   +212.00   +33.12%
      31           868  2395      研華                  349.00        194.00     0.75%    585.00   616.00   578.00   581.00      731.00   734.00   718.00   723.00   +142.00   +24.44%
      32           483  3661      世芯-KY              2890.00       2735.00     0.75%   3420.00  3565.00  3380.00  3405.00     3770.00  3820.00  3735.00  3765.00   +360.00   +10.57%
      33           434  6957      裕慶-KY               168.00         23.50     0.70%    243.00   244.50   227.00   240.00      400.00   400.00   364.00   384.00   +144.00   +60.00%
      34           797  6830      汎銓                  419.50        282.50     0.67%    373.00   413.00   363.00   363.50      535.00   542.00   530.00   531.00   +167.50   +46.08%
      35          1057  7795      長廣                  492.50        373.50     0.58%    404.50   405.50   385.00   392.50      490.50   536.00   483.00   536.00   +143.50   +36.56%
      36           697  7799      禾榮科                 300.50        182.00     0.58%    400.00   407.00   392.50   399.50      555.00   574.00   544.00   555.00   +155.50   +38.92%
      37           640  2301      光寶科                 174.50         60.50     0.55%    214.00   229.00   211.50   214.50      278.00   285.00   278.00   284.50    +70.00   +32.63%
      38          1021  6691      洋基工程                339.00        225.00     0.55%    720.00   734.00   709.00   713.00      727.00   748.00   719.00   733.00    +20.00    +2.81%
      39          1069  7788      松川精密                232.50        123.00     0.53%    228.50   229.00   205.50   207.00      299.00   300.00   285.00   290.50    +83.50   +40.34%
      40           985  3563      牧德                  455.00        346.00     0.53%    670.00   694.00   661.00   667.00      820.00   825.00   750.00   754.00    +87.00   +13.04%
==========================================================================================================================================================================
✅ 共 40 筆


══════════════════════════════════════════════════════════════════════════════════════════════════════════════
  🔄 第  2/45 次  2026/07/23 ～ 2026/09/30
══════════════════════════════════════════════════════════════════════════════════════════════════════════════

==========================================================================================================================================================================
📊 累計漲跌停強度排名 (2026/07/23 ~ 2026/09/30)
==========================================================================================================================================================================
    實資排名        累計天數排名  代號        名稱                 累計漲停(元)       累計跌停(元)       強度%  (07/23)開盤      最高      最低      收盤    (09/30)開盤      最高      最低      收盤      賺賠    賺賠率
--------------------------------------------------------------------------------------------------------------------------------------------------------------------------
       1           128  2059      川湖                11130.00       6730.00    21.67%   8300.00  8350.00  8005.00  8200.00    12350.00 12785.00 12055.00 12055.00  +3855.00   +47.01%
       2           339  3443      創意                 6775.00       3645.00    15.41%   4400.00  4420.00  4220.00  4380.00     8090.00  8110.00  7860.00  8040.00  +3660.00   +83.56%
       3           282  3653      健策                 6305.00       3195.00    15.32%   3615.00  3820.00  3600.00  3710.00     6980.00  7080.00  6720.00  6800.00  +3090.00   +83.29%
       4           435  6669      緯穎                 4045.00       2360.00     8.30%   5470.00  5675.00  5410.00  5470.00     2130.00  2145.00  2090.00  2090.00  -3380.00   -61.79%
       5           245  3008      大立光                6050.00       4485.00     7.71%   4025.00  4175.00  3980.00  4140.00     6010.00  6090.00  5945.00  5945.00  +1805.00   +43.60%
       6           400  2454      聯發科                3530.00       2285.00     6.13%   3950.00  4050.00  3850.00  3875.00     5010.00  5100.00  4920.00  4920.00  +1045.00   +26.97%
       7           514  3017      奇鋐                 2950.00       1820.00     5.56%   2350.00  2490.00  2350.00  2440.00     3455.00  3575.00  3405.00  3435.00   +995.00   +40.78%
       8           646  6805      富世達                2355.00       1475.00     4.33%   1415.00  1475.00  1415.00  1455.00     2580.00  2720.00  2440.00  2455.00  +1000.00   +68.73%
       9           571  8996      高力                 1637.00       1177.00     2.27%   1085.00  1150.00  1050.00  1075.00     1600.00  1665.00  1565.00  1605.00   +530.00   +49.30%
      10           454  3665      貿聯-KY              2150.00       1735.00     2.04%   2120.00  2325.00  2105.00  2285.00     2500.00  2685.00  2485.00  2595.00   +310.00   +13.57%
      11           436  6949      沛爾生醫-創              588.00        271.00     1.56%   1050.00  1050.00   992.00  1005.00       49.50    51.50    49.35    50.60   -954.40   -94.97%
      12           820  3406      玉晶光                 891.50        584.50     1.51%    533.00   543.00   525.00   532.00      890.00   921.00   878.00   890.00   +358.00   +67.29%
      13           699  7711      永擎                  593.00        327.50     1.31%    311.00   311.00   303.00   305.50      553.00   566.00   549.00   560.00   +254.50   +83.31%
      14           757  6933      AMAX-KY             340.50        114.00     1.12%    165.00   173.00   165.00   167.50      380.50   392.00   371.00   371.00   +203.50  +121.49%
      15           916  6526      達發                  478.00        253.00     1.11%    595.00   600.00   573.00   588.00      830.00   855.00   819.00   840.00   +252.00   +42.86%
      16           838  1560      中砂                  613.00        394.00     1.08%    714.00   722.00   693.00   702.00      958.00   971.00   953.00   963.00   +261.00   +37.18%
      17           776  3037      欣興                  899.00        683.00     1.06%    915.00   918.00   872.00   896.00     1175.00  1190.00  1155.00  1175.00   +279.00   +31.14%
      18           804  2357      華碩                  545.00        352.00     0.95%    759.00   773.00   759.00   769.00      969.00   973.00   958.00   961.00   +192.00   +24.97%
      19           703  2368      金像電                1002.00        809.00     0.95%    949.00   958.00   930.00   941.00     1115.00  1160.00  1070.00  1120.00   +179.00   +19.02%
      20           933  2455      全新                  436.00        257.50     0.88%    335.50   356.50   329.00   345.00      544.00   555.00   544.00   552.00   +207.00   +60.00%
      21          1027  6213      聯茂                  477.50        312.50     0.81%    373.00   376.00   330.50   343.50      624.00   649.00   622.00   623.00   +279.50   +81.37%
      22           979  3563      牧德                  455.00        293.00     0.80%    675.00   687.00   664.00   674.00      811.00   825.00   784.00   807.00   +133.00   +19.73%
      23           866  3189      景碩                  768.00        608.00     0.79%    802.00   814.00   760.00   785.00      961.00   972.00   937.00   970.00   +185.00   +23.57%
      24           409  6533      晶心科                 194.00         34.00     0.79%    235.00   236.00   212.50   214.00      316.00   333.50   301.00   333.50   +119.50   +55.84%
      25           922  6426      統新                  280.50        123.00     0.78%    170.00   175.50   160.00   164.00      351.50   360.50   342.00   345.00   +181.00  +110.37%
      26           868  2395      研華                  349.00        194.00     0.76%    605.00   607.00   582.00   600.00      731.00   746.00   726.00   726.00   +126.00   +21.00%
      27           797  6830      汎銓                  419.50        282.50     0.67%    380.00   403.00   369.00   376.50      545.00   548.00   531.00   533.00   +156.50   +41.57%
      28           675  2404      漢唐                  640.00        505.00     0.66%   1190.00  1190.00  1165.00  1165.00     1230.00  1300.00  1230.00  1290.00   +125.00   +10.73%
      29           873  3026      禾伸堂                 855.50        726.50     0.64%    670.00   697.00   663.00   697.00      815.00   822.00   790.00   791.00    +94.00   +13.49%
      30           431  6957      裕慶-KY               155.00         33.00     0.60%    253.00   253.00   238.50   243.00      365.00   371.00   356.00   371.00   +128.00   +52.67%
      31           761  6672      騰輝電子-KY             201.50         80.50     0.60%    237.00   239.00   225.00   231.00      337.50   369.00   335.50   369.00   +138.00   +59.74%
      32           640  2301      光寶科                 174.50         60.50     0.56%    220.50   228.00   214.50   218.00      285.00   285.00   279.50   279.50    +61.50   +28.21%
      33           846  3167      大量                  915.00        807.00     0.53%    702.00   709.00   664.00   688.00      902.00   906.00   879.00   887.00   +199.00   +28.92%
      34           637  2360      致茂                 1630.00       1530.00     0.49%   2185.00  2215.00  2105.00  2155.00     2245.00  2280.00  2135.00  2135.00    -20.00    -0.93%
      35          1106  7788      松川精密                232.50        132.50     0.49%    242.50   243.00   229.50   230.00      292.00   296.00   286.50   294.00    +64.00   +27.83%
      36           984  6691      洋基工程                325.00        225.00     0.49%    736.00   736.00   721.00   730.00      666.00   719.00   665.00   719.00    -11.00    -1.51%
      37           786  3006      晶豪科                 219.50        120.50     0.49%    216.00   219.00   206.00   212.50      286.00   290.00   282.00   286.00    +73.50   +34.59%
      38           693  7799      禾榮科                 284.50        193.50     0.45%    408.50   413.50   397.00   398.50      509.00   539.00   503.00   539.00   +140.50   +35.26%
      39           450  6491      晶碩                  116.50         28.00     0.44%    338.00   339.00   333.00   336.00      412.00   418.00   407.50   413.00    +77.00   +22.92%
      40           738  6861      睿生光電                167.00         82.00     0.42%    222.00   222.00   210.00   214.00      294.00   313.50   294.00   313.50    +99.50   +46.50%
==========================================================================================================================================================================
✅ 共 40 筆


══════════════════════════════════════════════════════════════════════════════════════════════════════════════
  🔄 第  3/45 次  2026/07/22 ～ 2026/09/29
══════════════════════════════════════════════════════════════════════════════════════════════════════════════

==========================================================================================================================================================================
📊 累計漲跌停強度排名 (2026/07/22 ~ 2026/09/29)
==========================================================================================================================================================================
    實資排名        累計天數排名  代號        名稱                 累計漲停(元)       累計跌停(元)       強度%  (07/22)開盤      最高      最低      收盤    (09/29)開盤      最高      最低      收盤      賺賠    賺賠率
--------------------------------------------------------------------------------------------------------------------------------------------------------------------------
       1           129  2059      川湖                11280.00       6670.00    20.52%   8370.00  8495.00  8060.00  8125.00    12350.00 12550.00 11900.00 12115.00  +3990.00   +49.11%
       2           339  3443      創意                 6915.00       3645.00    14.56%   4305.00  4450.00  4235.00  4370.00     8410.00  8415.00  7925.00  7925.00  +3555.00   +81.35%
       3           281  3653      健策                 6305.00       3100.00    14.27%   3545.00  3615.00  3405.00  3500.00     7000.00  7160.00  6850.00  6895.00  +3395.00   +97.00%
       4           419  6669      緯穎                 4545.00       2350.00     9.77%   5195.00  5500.00  5145.00  5500.00     2105.00  2125.00  2085.00  2100.00  -3400.00   -61.82%
       5           299  3008      大立光                6065.00       4410.00     7.37%   4050.00  4140.00  3955.00  4000.00     6100.00  6205.00  5940.00  6020.00  +2020.00   +50.50%
       6           367  2454      聯發科                3700.00       2285.00     6.30%   4000.00  4000.00  3830.00  3850.00     5150.00  5195.00  4890.00  4910.00  +1060.00   +27.53%
       7           506  3017      奇鋐                 2915.00       1875.00     4.63%   2385.00  2390.00  2255.00  2265.00     3420.00  3460.00  3285.00  3400.00  +1135.00   +50.11%
       8           650  6805      富世達                2355.00       1435.00     4.10%   1470.00  1470.00  1390.00  1395.00     2455.00  2550.00  2420.00  2515.00  +1120.00   +80.29%
       9           559  8996      高力                 1714.00       1177.00     2.39%   1070.00  1080.00  1030.00  1080.00     1505.00  1625.00  1480.00  1585.00   +505.00   +46.76%
      10           459  3665      貿聯-KY              2115.00       1735.00     1.69%   2060.00  2195.00  2040.00  2115.00     2385.00  2465.00  2375.00  2445.00   +330.00   +15.60%
      11           490  6949      沛爾生醫-創              604.00        271.00     1.48%   1005.00  1020.00   995.00  1010.00       49.85    51.50    48.45    49.20   -960.80   -95.13%
      12           820  3406      玉晶光                 891.50        584.50     1.37%    535.00   542.00   521.00   529.00      890.00   893.00   869.00   882.00   +353.00   +66.73%
      13           750  3037      欣興                  971.00        683.00     1.28%    876.00   907.00   876.00   907.00     1170.00  1185.00  1130.00  1165.00   +258.00   +28.45%
      14           640  2360      致茂                 1740.00       1480.00     1.16%   2065.00  2215.00  2065.00  2125.00     2255.00  2325.00  2160.00  2185.00    +60.00    +2.82%
      15           668  7711      永擎                  579.00        327.50     1.12%    307.00   311.00   304.50   308.50      540.00   553.00   537.00   546.00   +237.50   +76.99%
      16           864  1560      中砂                  644.00        394.00     1.11%    708.00   729.00   699.00   707.00      960.00   977.00   955.00   956.00   +249.00   +35.22%
      17           773  6933      AMAX-KY             340.50        124.00     0.96%    173.00   179.50   165.00   165.00      385.50   395.00   375.50   378.00   +213.00  +129.09%
      18           848  2357      華碩                  566.00        352.00     0.95%    740.00   772.00   740.00   757.00      967.00   969.00   950.00   963.00   +206.00   +27.21%
      19           961  2455      全新                  465.50        257.50     0.93%    308.00   324.50   306.00   324.50      543.00   550.00   540.00   543.00   +218.50   +67.33%
      20           897  6526      達發                  452.00        253.00     0.89%    590.00   604.00   590.00   591.00      825.00   833.00   800.00   814.00   +223.00   +37.73%
      21           852  3189      景碩                  803.00        608.00     0.87%    804.00   819.00   770.00   796.00      960.00   969.00   939.00   955.00   +159.00   +19.97%
      22           897  2395      研華                  378.00        194.00     0.82%    589.00   618.00   584.00   596.00      714.00   754.00   712.00   730.00   +134.00   +22.48%
      23          1094  6213      聯茂                  490.00        312.50     0.79%    373.00   387.50   363.00   367.00      620.00   628.00   588.00   620.00   +253.00   +68.94%
      24           979  3563      牧德                  468.00        293.00     0.78%    665.00   680.00   656.00   670.00      773.00   815.00   773.00   794.00   +124.00   +18.51%
      25           992  6426      統新                  292.00        123.00     0.75%    167.00   168.00   163.50   167.00      381.50   388.50   350.50   354.00   +187.00  +111.98%
      26           835  6830      汎銓                  443.50        282.50     0.72%    362.50   381.00   358.50   370.50      539.00   548.00   532.00   533.00   +162.50   +43.86%
      27           708  2368      金像電                1002.00        849.00     0.68%   1005.00  1010.00   938.00   940.00     1100.00  1125.00  1070.00  1120.00   +180.00   +19.15%
      28           393  6533      晶心科                 164.00         34.00     0.58%    233.50   242.00   233.50   234.50      272.50   303.50   268.00   303.50    +69.00   +29.42%
      29           713  2301      光寶科                 185.50         60.50     0.56%    214.00   221.00   213.00   218.00      282.50   288.50   279.00   281.00    +63.00   +28.90%
      30           835  3006      晶豪科                 237.50        120.50     0.52%    209.00   219.00   209.00   217.50      272.00   286.50   270.00   285.00    +67.50   +31.03%
      31          1182  7788      松川精密                243.00        132.50     0.49%    230.00   244.00   230.00   239.50      290.50   296.00   287.00   287.50    +48.00   +20.04%
      32           883  3026      禾伸堂                 855.50        745.50     0.49%    708.00   708.00   660.00   663.00      804.00   804.00   785.00   796.00   +133.00   +20.06%
      33           883  1519      華城                  309.00        214.00     0.42%    696.00   711.00   696.00   705.00      718.00   720.00   688.00   688.00    -17.00    -2.41%
      34           463  3661      世芯-KY              2910.00       2815.00     0.42%   3645.00  3720.00  3580.00  3590.00     3750.00  3795.00  3675.00  3685.00    +95.00    +2.65%
      35           841  3167      大量                  915.00        821.00     0.42%    745.00   760.00   694.00   699.00      936.00   946.00   895.00   903.00   +204.00   +29.18%
      36           817  2408      南亞科                 456.50        365.00     0.41%    435.00   445.50   431.50   445.50      491.00   507.00   488.00   506.00    +60.50   +13.58%
      37          1035  3450      聯鈞                  588.50        497.00     0.41%    450.00   469.00   448.00   458.50      513.00   535.00   510.00   525.00    +66.50   +14.50%
      38           705  2404      漢唐                  595.00        505.00     0.40%   1170.00  1215.00  1170.00  1175.00     1250.00  1255.00  1180.00  1220.00    +45.00    +3.83%
      39           417  6957      裕慶-KY               121.50         33.00     0.39%    254.00   257.50   252.50   252.50      334.50   337.50   307.50   337.50    +85.00   +33.66%
      40           450  6491      晶碩                  116.50         28.00     0.39%    337.50   345.00   336.00   338.00      402.00   406.00   399.50   406.00    +68.00   +20.12%
==========================================================================================================================================================================
✅ 共 40 筆


══════════════════════════════════════════════════════════════════════════════════════════════════════════════
  🔄 第  4/45 次  2026/07/21 ～ 2026/09/24
══════════════════════════════════════════════════════════════════════════════════════════════════════════════

==========================================================================================================================================================================
📊 累計漲跌停強度排名 (2026/07/21 ~ 2026/09/24)
==========================================================================================================================================================================
    實資排名        累計天數排名  代號        名稱                 累計漲停(元)       累計跌停(元)       強度%  (07/21)開盤      最高      最低      收盤    (09/24)開盤      最高      最低      收盤      賺賠    賺賠率
--------------------------------------------------------------------------------------------------------------------------------------------------------------------------
       1           134  2059      川湖                11505.00       6435.00    16.35%   7700.00  7975.00  7380.00  7975.00    12400.00 12640.00 12185.00 12350.00  +4375.00   +54.86%
       2           342  3443      創意                 7285.00       3045.00    13.68%   3830.00  4115.00  3810.00  4115.00     8300.00  8545.00  8205.00  8525.00  +4410.00  +107.17%
       3           266  3653      健策                 6625.00       3075.00    11.45%   3205.00  3520.00  3205.00  3520.00     6560.00  6920.00  6215.00  6920.00  +3400.00   +96.59%
       4           394  6669      緯穎                 4860.00       2335.00     8.14%   4825.00  5045.00  4825.00  5000.00     2110.00  2140.00  2075.00  2115.00  -2885.00   -57.70%
       5           370  2454      聯發科                4030.00       1910.00     6.84%   3435.00  3670.00  3410.00  3670.00     5105.00  5360.00  5105.00  5285.00  +1615.00   +44.01%
       6           311  3008      大立光                6175.00       4185.00     6.42%   3925.00  3990.00  3795.00  3985.00     6105.00  6310.00  6080.00  6245.00  +2260.00   +56.71%
       7           509  3017      奇鋐                 3100.00       1720.00     4.45%   2190.00  2340.00  2175.00  2320.00     3460.00  3600.00  3455.00  3555.00  +1235.00   +53.23%
       8           634  6805      富世達                2465.00       1420.00     3.37%   1325.00  1425.00  1325.00  1415.00     2570.00  2615.00  2505.00  2530.00  +1115.00   +78.80%
       9           642  2360      致茂                 1920.00       1370.00     1.77%   1870.00  2015.00  1870.00  2015.00     2285.00  2345.00  2270.00  2295.00   +280.00   +13.90%
      10           632  8996      高力                 1671.00       1177.00     1.59%   1000.00  1010.00   955.00   983.00     1555.00  1560.00  1480.00  1530.00   +547.00   +55.65%
      11           469  3665      貿聯-KY              2190.00       1735.00     1.47%   1850.00  2000.00  1825.00  2000.00     2410.00  2470.00  2285.00  2340.00   +340.00   +17.00%
      12           307  2383      台光電                4225.00       3830.00     1.27%   4605.00  4830.00  4560.00  4830.00     5025.00  5170.00  4980.00  5050.00   +220.00    +4.55%
      13           749  3037      欣興                 1046.00        663.00     1.24%    785.00   825.00   775.00   825.00     1155.00  1190.00  1145.00  1185.00   +360.00   +43.64%
      14           838  3406      玉晶光                 922.50        565.50     1.15%    508.00   534.00   504.00   531.00      901.00   911.00   885.00   901.00   +370.00   +69.68%
      15           490  6949      沛爾生醫-創              604.00        271.00     1.07%   1000.00  1060.00   980.00   994.00       49.10    50.30    49.10    50.30   -943.70   -94.94%
      16           467  3661      世芯-KY              3035.00       2730.00     0.98%   3450.00  3550.00  3405.00  3490.00     3730.00  3785.00  3715.00  3770.00   +280.00    +8.02%
      17           879  1560      中砂                  673.00        379.00     0.95%    662.00   686.00   647.00   676.00      950.00   975.00   945.00   971.00   +295.00   +43.64%
      18           876  3189      景碩                  870.00        608.00     0.85%    715.00   746.00   704.00   746.00      938.00   996.00   929.00   962.00   +216.00   +28.95%
      19           917  6526      達發                  488.00        227.00     0.84%    556.00   585.00   556.00   584.00      845.00   862.00   818.00   840.00   +256.00   +43.84%
      20           849  2357      華碩                  604.00        352.00     0.81%    700.00   739.00   698.00   736.00      948.00   961.00   947.00   953.00   +217.00   +29.48%
      21           668  7711      永擎                  579.00        327.50     0.81%    301.00   307.00   300.50   304.00      543.00   548.00   535.00   542.00   +238.00   +78.29%
      22           670  2308      台達電                1270.00       1025.00     0.79%   1735.00  1855.00  1720.00  1835.00     1875.00  1935.00  1875.00  1910.00    +75.00    +4.09%
      23           981  2455      全新                  483.50        246.50     0.76%    283.50   298.50   281.50   295.00      547.00   555.00   542.00   554.00   +259.00   +87.80%
      24           924  2395      研華                  429.00        194.00     0.76%    525.00   567.00   519.00   567.00      703.00   728.00   702.00   722.00   +155.00   +27.34%
      25           852  6933      AMAX-KY             352.00        124.00     0.74%    165.00   175.00   160.50   175.00      367.50   385.00   355.00   385.00   +210.00  +120.00%
      26           975  6426      統新                  292.00         88.00     0.66%    158.00   158.50   153.00   155.50      412.00   412.00   380.00   389.00   +233.50  +150.16%
      27           716  2368      金像電                1040.00        849.00     0.62%    950.00   980.00   939.00   980.00     1135.00  1150.00  1075.00  1105.00   +125.00   +12.76%
      28           874  3026      禾伸堂                 916.50        731.50     0.60%    643.00   683.00   620.00   682.00      768.00   820.00   765.00   810.00   +128.00   +18.77%
      29          1127  6213      聯茂                  497.00        312.50     0.60%    334.00   354.50   334.00   354.50      595.00   595.00   592.00   595.00   +240.50   +67.84%
      30          1011  3563      牧德                  477.00        293.00     0.59%    618.00   646.00   615.00   644.00      760.00   777.00   739.00   769.00   +125.00   +19.41%
      31           755  2404      漢唐                  610.00        440.00     0.55%   1165.00  1190.00  1125.00  1150.00     1255.00  1285.00  1205.00  1285.00   +135.00   +11.74%
      32           835  6830      汎銓                  443.50        282.50     0.52%    348.00   351.50   334.50   346.50      545.00   547.00   530.00   540.00   +193.50   +55.84%
      33           825  3167      大量                  915.00        775.00     0.45%    735.00   791.00   722.00   729.00      889.00   968.00   871.00   949.00   +220.00   +30.18%
      34           784  2301      光寶科                 199.00         60.50     0.45%    194.00   207.50   192.00   207.00      280.00   288.00   278.00   287.00    +80.00   +38.65%
      35           739  6531      愛普*                 997.00        862.00     0.44%    810.00   858.00   805.00   858.00      990.00  1005.00   951.00   993.00   +135.00   +15.73%
      36           896  1519      華城                  333.00        203.00     0.42%    681.00   692.00   672.00   692.00      702.00   704.00   697.00   699.00     +7.00    +1.01%
      37           527  6442      光聖                 1335.00       1215.00     0.39%   1260.00  1280.00  1210.00  1260.00     1510.00  1535.00  1485.00  1530.00   +270.00   +21.43%
      38           830  3044      健鼎                  255.50        136.00     0.39%    396.00   404.50   390.00   404.50      537.00   543.00   533.00   538.00   +133.50   +33.00%
      39           887  3006      晶豪科                 238.50        120.50     0.38%    192.00   199.50   191.00   199.50      272.00   275.50   265.50   275.00    +75.50   +37.84%
      40          1048  3450      聯鈞                  615.00        497.00     0.38%    385.00   427.50   382.50   427.50      516.00   522.00   505.00   513.00    +85.50   +20.00%
==========================================================================================================================================================================
✅ 共 40 筆


══════════════════════════════════════════════════════════════════════════════════════════════════════════════
  🔄 第  5/45 次  2026/07/20 ～ 2026/09/23
══════════════════════════════════════════════════════════════════════════════════════════════════════════════

==========================================================================================================================================================================
📊 累計漲跌停強度排名 (2026/07/20 ~ 2026/09/23)
==========================================================================================================================================================================
    實資排名        累計天數排名  代號        名稱                 累計漲停(元)       累計跌停(元)       強度%  (07/20)開盤      最高      最低      收盤    (09/23)開盤      最高      最低      收盤      賺賠    賺賠率
--------------------------------------------------------------------------------------------------------------------------------------------------------------------------
       1           132  2059      川湖                11505.00       6535.00    17.73%   7970.00  8090.00  7610.00  7750.00    12670.00 12725.00 12320.00 12390.00  +4640.00   +59.87%
       2           346  3443      創意                 7145.00       3135.00    14.31%   3880.00  3880.00  3535.00  3745.00     8325.00  8540.00  8200.00  8385.00  +4640.00  +123.90%
       3           343  3653      健策                 6115.00       3085.00    10.81%   3175.00  3280.00  3060.00  3200.00     6005.00  6410.00  5930.00  6410.00  +3210.00  +100.31%
       4           363  6669      緯穎                 4915.00       2335.00     9.21%   4725.00  4845.00  4635.00  4685.00     2135.00  2140.00  2095.00  2105.00  -2580.00   -55.07%
       5           396  2454      聯發科                3930.00       1940.00     7.10%   3355.00  3435.00  3240.00  3340.00     5220.00  5265.00  5140.00  5185.00  +1845.00   +55.24%
       6           307  3008      大立光                6120.00       4320.00     6.42%   4020.00  4050.00  3800.00  3875.00     6440.00  6470.00  6140.00  6190.00  +2315.00   +59.74%
       7           515  3017      奇鋐                 3015.00       1785.00     4.39%   2210.00  2240.00  2015.00  2135.00     3425.00  3590.00  3410.00  3470.00  +1335.00   +62.53%
       8           651  6805      富世達                2465.00       1390.00     3.84%   1370.00  1370.00  1270.00  1305.00     2490.00  2750.00  2475.00  2600.00  +1295.00   +99.23%
       9           689  2360      致茂                 1920.00       1355.00     2.02%   1870.00  1905.00  1745.00  1835.00     2445.00  2470.00  2305.00  2325.00   +490.00   +26.70%
      10           473  3665      貿聯-KY              2245.00       1735.00     1.82%   1800.00  1860.00  1685.00  1820.00     2290.00  2340.00  2240.00  2340.00   +520.00   +28.57%
      11           632  8996      高力                 1671.00       1211.00     1.64%    932.00   997.00   914.00   971.00     1640.00  1640.00  1515.00  1540.00   +569.00   +58.60%
      12           880  3406      玉晶光                 922.50        584.50     1.21%    524.00   527.00   494.00   500.00      930.00   942.00   904.00   905.00   +405.00   +81.00%
      13           748  3037      欣興                 1021.00        707.00     1.12%    778.00   812.00   747.00   750.00     1120.00  1200.00  1115.00  1160.00   +410.00   +54.67%
      14           512  6949      沛爾生醫-創              604.00        310.00     1.05%   1030.00  1030.00   933.00   991.00       49.25    51.00    49.25    50.30   -940.70   -94.92%
      15           856  1560      中砂                  657.00        379.00     0.99%    656.00   672.00   607.00   647.00      955.00   992.00   947.00   955.00   +308.00   +47.60%
      16           298  2383      台光電                4195.00       3930.00     0.95%   4455.00  4560.00  4180.00  4395.00     4910.00  5110.00  4860.00  5020.00   +625.00   +14.22%
      17           668  7711      永擎                  579.00        327.50     0.90%    298.50   306.00   281.50   298.00      545.00   561.00   538.00   543.00   +245.00   +82.21%
      18           972  6526      達發                  488.00        242.00     0.88%    568.00   569.00   530.00   548.00      777.00   840.00   761.00   840.00   +292.00   +53.28%
      19           917  2357      華碩                  604.00        364.00     0.86%    705.00   711.00   688.00   688.00      953.00   958.00   942.00   958.00   +270.00   +39.24%
      20           981  2455      全新                  483.50        246.50     0.85%    277.50   283.50   255.00   277.00      541.00   552.00   535.00   552.00   +275.00   +99.28%
      21           711  2368      金像電                1040.00        814.00     0.81%    936.00   947.00   875.00   927.00     1085.00  1140.00  1030.00  1140.00   +213.00   +22.98%
      22           905  2395      研華                  408.00        194.00     0.76%    519.00   521.00   493.50   516.00      715.00   721.00   695.00   701.00   +185.00   +35.85%
      23           975  6426      統新                  292.00         88.00     0.73%    160.00   160.00   145.00   153.50      359.00   391.50   357.00   391.50   +238.00  +155.05%
      24           854  6933      AMAX-KY             326.50        124.00     0.72%    156.00   167.50   146.00   163.50      320.00   350.00   320.00   350.00   +186.50  +114.07%
      25           662  2308      台達電                1260.00       1060.00     0.71%   1695.00  1785.00  1665.00  1705.00     1910.00  1920.00  1890.00  1900.00   +195.00   +11.44%
      26           933  3189      景碩                  814.00        622.00     0.69%    693.00   724.00   653.00   679.00      905.00   922.00   881.00   906.00   +227.00   +33.43%
      27           438  3661      世芯-KY              3025.00       2845.00     0.64%   3480.00  3500.00  3245.00  3365.00     3790.00  3845.00  3715.00  3760.00   +395.00   +11.74%
      28          1024  3563      牧德                  461.00        314.00     0.52%    630.00   630.00   589.00   610.00      720.00   774.00   715.00   753.00   +143.00   +23.44%
      29           888  6830      汎銓                  443.50        298.00     0.52%    360.00   361.50   330.50   343.00      548.00   553.00   538.00   545.00   +202.00   +58.89%
      30           777  2330      台積電                 805.00        660.00     0.52%   2300.00  2345.00  2300.00  2320.00     2475.00  2505.00  2475.00  2500.00   +180.00    +7.76%
      31           907  1519      華城                  346.00        203.00     0.51%    672.00   682.00   647.00   668.00      718.00   718.00   704.00   704.00    +36.00    +5.39%
      32           784  2301      光寶科                 199.00         60.50     0.49%    196.00   200.00   187.50   193.50      286.00   287.00   282.00   283.50    +90.00   +46.51%
      33          1119  6213      聯茂                  443.00        312.50     0.47%    332.00   343.00   312.00   322.50      542.00   547.00   525.00   541.00   +218.50   +67.75%
      34           913  2408      南亞科                 480.50        367.50     0.40%    396.00   406.00   380.50   381.00      514.00   526.00   513.00   515.00   +134.00   +35.17%
      35          1182  7788      松川精密                243.00        132.50     0.39%    235.00   240.00   220.00   233.00      292.00   294.50   282.00   290.00    +57.00   +24.46%
      36           775  2404      漢唐                  575.00        465.00     0.39%   1160.00  1185.00  1105.00  1135.00     1160.00  1250.00  1140.00  1250.00   +115.00   +10.13%
      37           978  5269      祥碩                  625.00        515.00     0.39%   1435.00  1515.00  1355.00  1470.00     1490.00  1495.00  1465.00  1480.00    +10.00    +0.68%
      38           911  3044      健鼎                  255.50        145.50     0.39%    399.50   400.50   374.00   388.00      541.00   547.00   525.00   543.00   +155.00   +39.95%
      39           967  3006      晶豪科                 238.50        130.00     0.39%    196.50   199.00   182.50   188.50      282.50   288.00   273.00   274.00    +85.50   +45.36%
      40           735  2379      瑞昱                  295.00        190.00     0.37%    721.00   732.00   689.00   709.00      768.00   794.00   752.00   761.00    +52.00    +7.33%
==========================================================================================================================================================================
✅ 共 40 筆


══════════════════════════════════════════════════════════════════════════════════════════════════════════════
  🔄 第  6/45 次  2026/07/17 ～ 2026/09/22
══════════════════════════════════════════════════════════════════════════════════════════════════════════════

==========================================================================================================================================================================
📊 累計漲跌停強度排名 (2026/07/17 ~ 2026/09/22)
==========================================================================================================================================================================
    實資排名        累計天數排名  代號        名稱                 累計漲停(元)       累計跌停(元)       強度%  (07/17)開盤      最高      最低      收盤    (09/22)開盤      最高      最低      收盤      賺賠    賺賠率
--------------------------------------------------------------------------------------------------------------------------------------------------------------------------
       1           132  2059      川湖                11505.00       7020.00    26.49%   8575.00  8575.00  7835.00  7890.00    12900.00 13305.00 12670.00 12670.00  +4780.00   +60.58%
       2           318  3443      創意                 7135.00       3485.00    21.56%   3950.00  4050.00  3780.00  3835.00     8370.00  8375.00  8370.00  8375.00  +4540.00  +118.38%
       3           354  3653      健策                 5535.00       3270.00    13.38%   3260.00  3350.00  3150.00  3210.00     5985.00  6050.00  5780.00  5830.00  +2620.00   +81.62%
       4           349  6669      緯穎                 4915.00       2820.00    12.38%   4900.00  4995.00  4620.00  4620.00     2155.00  2180.00  2090.00  2115.00  -2505.00   -54.22%
       5           313  3008      大立光                6120.00       4355.00    10.43%   4090.00  4200.00  3985.00  4010.00     6510.00  6750.00  6390.00  6405.00  +2395.00   +59.73%
       6           402  2454      聯發科                3930.00       2270.00     9.81%   3470.00  3570.00  3370.00  3370.00     5280.00  5480.00  5150.00  5180.00  +1810.00   +53.71%
       7           587  3017      奇鋐                 2935.00       1810.00     6.65%   2160.00  2335.00  2145.00  2200.00     3500.00  3505.00  3385.00  3390.00  +1190.00   +54.09%
       8           682  6805      富世達                2365.00       1460.00     5.35%   1350.00  1440.00  1340.00  1345.00     2500.00  2565.00  2470.00  2500.00  +1155.00   +85.87%
       9           701  2360      致茂                 1920.00       1380.00     3.19%   1810.00  1905.00  1810.00  1850.00     2395.00  2540.00  2350.00  2440.00   +590.00   +31.89%
      10           646  8996      高力                 1671.00       1206.00     2.75%   1025.00  1060.00  1015.00  1015.00     1520.00  1655.00  1490.00  1655.00   +640.00   +63.05%
      11           929  3406      玉晶光                 922.50        604.50     1.88%    543.00   547.00   515.00   519.00      962.00   973.00   920.00   923.00   +404.00   +77.84%
      12           777  7711      永擎                  579.00        346.50     1.37%    303.50   308.00   295.00   295.00      552.00   555.00   534.00   537.00   +242.00   +82.03%
      13           476  3665      貿聯-KY              2150.00       1925.00     1.33%   1855.00  1915.00  1765.00  1765.00     2335.00  2345.00  2215.00  2245.00   +480.00   +27.20%
      14          1042  2357      華碩                  604.00        379.00     1.33%    705.00   719.00   700.00   700.00      956.00   956.00   942.00   953.00   +253.00   +36.14%
      15           546  6949      沛爾生醫-創              604.00        385.00     1.29%   1100.00  1120.00  1025.00  1030.00       53.00    53.80    50.60    50.80   -979.20   -95.07%
      16           905  2395      研華                  408.00        194.00     1.26%    518.00   519.00   502.00   513.00      719.00   720.00   702.00   703.00   +190.00   +37.04%
      17          1050  2455      全新                  483.50        277.50     1.22%    295.00   297.50   282.00   282.00      570.00   570.00   537.00   547.00   +265.00   +93.97%
      18           891  1560      中砂                  657.00        451.00     1.22%    688.00   702.00   656.00   656.00      935.00   960.00   929.00   950.00   +294.00   +44.82%
      19           756  3037      欣興                  981.00        795.00     1.10%    809.00   842.00   794.00   794.00     1120.00  1120.00  1105.00  1120.00   +326.00   +41.06%
      20           837  6933      AMAX-KY             295.00        124.00     1.01%    156.00   160.50   153.50   154.00      326.00   330.50   317.00   318.50   +164.50  +106.82%
      21          1097  6426      統新                  256.50        102.00     0.91%    168.00   168.00   154.50   157.00      378.00   379.50   350.50   356.00   +199.00  +126.75%
      22          1119  6213      聯茂                  443.00        312.50     0.77%    312.50   336.00   311.00   319.00      545.00   574.00   539.00   543.00   +224.00   +70.22%
      23           879  2301      光寶科                 199.00         82.00     0.69%    209.00   210.00   196.50   196.50      299.50   299.50   283.00   284.50    +88.00   +44.78%
      24           965  3189      景碩                  814.00        699.00     0.68%    705.00   711.00   693.00   693.00      875.00   909.00   875.00   909.00   +216.00   +31.17%
      25          1008  6526      達發                  412.00        298.00     0.67%    595.00   599.00   561.00   563.00      736.00   796.00   733.00   764.00   +201.00   +35.70%
      26           949  6830      汎銓                  443.50        335.00     0.64%    367.50   383.00   356.00   358.50      565.00   575.00   543.00   547.00   +188.50   +52.58%
      27           969  1519      華城                  346.00        239.00     0.63%    672.00   688.00   655.00   655.00      726.00   726.00   712.00   712.00    +57.00    +8.70%
      28           735  2379      瑞昱                  295.00        190.00     0.62%    699.00   733.00   696.00   718.00      750.00   764.00   746.00   755.00    +37.00    +5.15%
      29          1060  3006      晶豪科                 238.50        152.00     0.51%    209.00   211.00   198.00   198.00      288.50   290.50   278.00   278.50    +80.50   +40.66%
      30           994  3044      健鼎                  255.50        170.00     0.51%    408.00   412.00   394.00   397.50      534.00   545.00   533.00   539.00   +141.50   +35.60%
      31           819  3034      聯詠                  202.50        117.50     0.50%    461.00   473.00   456.00   460.50      553.00   567.00   549.00   557.00    +96.50   +20.96%
      32          1260  7788      松川精密                243.00        158.50     0.50%    250.50   256.50   235.00   235.00      298.00   298.50   288.50   290.50    +55.50   +23.62%
      33           489  6533      晶心科                 132.50         52.00     0.48%    221.00   228.00   210.00   210.00      268.50   278.50   254.50   254.50    +44.50   +21.19%
      34          1191  8039      台虹                  324.50        252.50     0.43%    194.00   201.00   188.00   192.50      270.00   277.00   261.50   262.50    +70.00   +36.36%
      35           766  6278      台表科                  98.50         26.50     0.43%    172.50   172.50   164.50   164.50      202.00   213.50   200.00   213.50    +49.00   +29.79%
      36          1125  6715      嘉基                  451.00        380.50     0.42%    392.00   412.50   385.00   391.00      451.50   469.50   445.00   451.50    +60.50   +15.47%
      37           951  4977      眾達-KY               100.50         35.50     0.38%    137.00   139.50   130.00   130.00      177.00   177.00   168.00   170.50    +40.50   +31.15%
      38           534  6491      晶碩                  116.50         52.50     0.38%    353.00   356.50   333.00   335.00      407.00   410.00   402.00   404.00    +69.00   +20.60%
      39           949  2449      京元電子                178.50        121.00     0.34%    306.00   306.00   286.50   286.50      314.00   330.00   312.00   317.00    +30.50   +10.65%
      40           269  2421      建準                   54.00          0.00     0.32%    131.00   133.50   127.00   127.00      168.50   170.50   167.00   167.00    +40.00   +31.50%
==========================================================================================================================================================================
✅ 共 40 筆


══════════════════════════════════════════════════════════════════════════════════════════════════════════════
  🔄 第  7/45 次  2026/07/16 ～ 2026/09/21
══════════════════════════════════════════════════════════════════════════════════════════════════════════════

==========================================================================================================================================================================
📊 累計漲跌停強度排名 (2026/07/16 ~ 2026/09/21)
==========================================================================================================================================================================
    實資排名        累計天數排名  代號        名稱                 累計漲停(元)       累計跌停(元)       強度%  (07/16)開盤      最高      最低      收盤    (09/21)開盤      最高      最低      收盤      賺賠    賺賠率
--------------------------------------------------------------------------------------------------------------------------------------------------------------------------
       1           134  2059      川湖                11660.00       6890.00    33.90%   8410.00  8900.00  8295.00  8655.00    13000.00 13050.00 12510.00 12800.00  +4145.00   +47.89%
       2           324  3443      創意                 6440.00       3485.00    21.00%   4120.00  4240.00  3990.00  4185.00     7395.00  7755.00  7030.00  7615.00  +3430.00   +81.96%
       3           343  3653      健策                 5610.00       3270.00    16.63%   3260.00  3470.00  3230.00  3395.00     5765.00  5890.00  5700.00  5790.00  +2395.00   +70.54%
       4           364  6669      緯穎                 4935.00       2785.00    15.28%   5090.00  5130.00  5000.00  5115.00     2180.00  2190.00  2110.00  2150.00  -2965.00   -57.97%
       5           314  3008      大立光                6340.00       4355.00    14.11%   4040.00  4350.00  4000.00  4260.00     6465.00  6615.00  6305.00  6400.00  +2140.00   +50.23%
       6           415  2454      聯發科                3760.00       2310.00    10.30%   3735.00  3755.00  3620.00  3700.00     4800.00  5035.00  4780.00  5010.00  +1310.00   +35.41%
       7           587  3017      奇鋐                 2995.00       1785.00     8.60%   2275.00  2290.00  2155.00  2225.00     3480.00  3495.00  3365.00  3415.00  +1190.00   +53.48%
       8           694  6805      富世達                2300.00       1460.00     5.97%   1370.00  1435.00  1370.00  1415.00     2325.00  2445.00  2300.00  2415.00  +1000.00   +70.67%
       9           695  2360      致茂                 1940.00       1380.00     3.98%   1880.00  2015.00  1830.00  1990.00     2515.00  2515.00  2315.00  2375.00   +385.00   +19.35%
      10           923  3406      玉晶光                 922.50        575.50     2.47%    556.00   572.00   548.00   557.00      973.00  1005.00   925.00   952.00   +395.00   +70.92%
      11           483  3665      貿聯-KY              2195.00       1870.00     2.31%   1890.00  1985.00  1815.00  1955.00     2225.00  2320.00  2190.00  2300.00   +345.00   +17.65%
      12           552  6949      沛爾生醫-創              684.00        385.00     2.12%   1020.00  1115.00  1020.00  1105.00       54.00    54.90    53.00    53.80  -1051.20   -95.13%
      13           650  8996      高力                 1521.00       1266.00     1.81%   1165.00  1170.00  1110.00  1125.00     1430.00  1520.00  1405.00  1505.00   +380.00   +33.78%
      14           777  7711      永擎                  579.00        346.50     1.65%    312.50   316.00   310.00   314.00      576.00   576.00   535.00   544.00   +230.00   +73.25%
      15          1043  2455      全新                  483.50        252.50     1.64%    311.00   317.50   303.00   313.00      571.00   590.00   545.00   572.00   +259.00   +82.75%
      16          1042  2357      華碩                  604.00        379.00     1.60%    710.00   715.00   698.00   715.00      973.00   973.00   943.00   946.00   +231.00   +32.31%
      17           905  2395      研華                  408.00        194.00     1.52%    530.00   531.00   520.00   530.00      688.00   712.00   688.00   706.00   +176.00   +33.21%
      18          1085  6426      統新                  256.50         84.00     1.23%    177.00   178.00   170.50   171.00      375.00   376.00   354.50   374.00   +203.00  +118.71%
      19           837  6933      AMAX-KY             295.00        124.00     1.22%    170.00   170.00   161.00   161.50      345.00   348.00   316.00   317.50   +156.00   +96.59%
      20           874  1560      中砂                  621.00        451.00     1.21%    740.00   765.00   715.00   728.00      903.00   916.00   861.00   914.00   +186.00   +25.55%
      21          1174  6213      聯茂                  443.00        322.50     0.86%    336.00   337.00   321.00   325.00      515.00   542.00   510.00   542.00   +217.00   +66.77%
      22           879  2301      光寶科                 199.00         82.00     0.83%    218.00   222.00   211.00   218.00      289.00   294.00   281.50   288.50    +70.50   +32.34%
      23           949  6830      汎銓                  443.50        335.00     0.77%    380.00   404.50   375.50   395.50      576.00   588.00   548.00   553.00   +157.50   +39.82%
      24          1135  6715      嘉基                  488.00        380.50     0.76%    372.00   411.00   358.50   411.00      433.00   475.00   433.00   451.50    +40.50    +9.85%
      25          1213  8039      台虹                  342.50        252.50     0.64%    189.00   199.50   189.00   199.50      270.00   272.00   262.50   265.00    +65.50   +32.83%
      26          1005  1519      華城                  346.00        257.00     0.63%    705.00   705.00   686.00   691.00      726.00   726.00   717.00   718.00    +27.00    +3.91%
      27           819  3034      聯詠                  202.50        117.50     0.60%    471.00   474.00   461.50   471.50      557.00   557.00   545.00   548.00    +76.50   +16.22%
      28          1260  7788      松川精密                243.00        158.50     0.60%    266.00   271.50   260.50   261.00      298.00   302.00   291.00   291.00    +30.00   +11.49%
      29           489  6533      晶心科                 132.50         52.00     0.57%    223.00   247.00   223.00   228.00      269.00   270.50   260.00   263.50    +35.50   +15.57%
      30           966  3044      健鼎                  240.50        170.00     0.50%    427.00   431.50   417.50   422.00      518.00   526.00   511.00   524.00   +102.00   +24.17%
      31          1095  3006      晶豪科                 238.50        171.00     0.48%    233.50   236.00   219.00   220.00      293.00   293.00   279.00   285.00    +65.00   +29.55%
      32           951  4977      眾達-KY               100.50         35.50     0.46%    147.00   147.50   143.00   144.00      175.50   176.00   172.00   174.00    +30.00   +20.83%
      33           534  6491      晶碩                  116.50         52.50     0.45%    367.00   367.00   356.50   359.50      395.00   411.00   394.00   407.00    +47.50   +13.21%
      34           269  2421      建準                   54.00          0.00     0.38%    137.00   138.00   133.50   135.00      170.50   170.50   166.00   166.50    +31.50   +23.33%
      35           221  2207      和泰車                 124.00         70.00     0.38%    483.50   493.00   481.00   493.00      535.00   535.00   523.00   523.00    +30.00    +6.09%
      36           742  6278      台表科                  79.50         26.50     0.38%    177.00   180.00   172.00   177.50      197.00   198.00   193.50   194.50    +17.00    +9.58%
      37           951  2449      京元電子                174.00        121.00     0.38%    307.00   324.00   302.50   318.00      298.00   310.00   296.50   301.50    -16.50    -5.19%
      38          1021  6526      達發                  372.00        322.00     0.36%    646.00   646.00   614.00   619.00      700.00   734.00   688.00   724.00   +105.00   +16.96%
      39           749  2351      順德                  130.50         81.00     0.35%    197.00   197.00   183.00   191.50      243.00   243.50   236.00   236.50    +45.00   +23.50%
      40           582  3231      緯創                   69.00         20.00     0.35%    144.50   148.00   143.00   146.50      188.50   189.50   186.00   186.50    +40.00   +27.30%
==========================================================================================================================================================================
✅ 共 40 筆


══════════════════════════════════════════════════════════════════════════════════════════════════════════════
  🔄 第  8/45 次  2026/07/15 ～ 2026/09/18
══════════════════════════════════════════════════════════════════════════════════════════════════════════════

==========================================================================================================================================================================
📊 累計漲跌停強度排名 (2026/07/15 ~ 2026/09/18)
==========================================================================================================================================================================
    實資排名        累計天數排名  代號        名稱                 累計漲停(元)       累計跌停(元)       強度%  (07/15)開盤      最高      最低      收盤    (09/18)開盤      最高      最低      收盤      賺賠    賺賠率
--------------------------------------------------------------------------------------------------------------------------------------------------------------------------
       1           133  2059      川湖                11860.00       6890.00    28.81%   8050.00  8660.00  8005.00  8500.00    12600.00 12730.00 12230.00 12495.00  +3995.00   +47.00%
       2           333  3443      創意                 6075.00       3485.00    15.01%   4135.00  4185.00  3970.00  4120.00     6600.00  7150.00  6510.00  7150.00  +3030.00   +73.54%
       3           332  6669      緯穎                 5115.00       2785.00    13.51%   4950.00  5160.00  4870.00  5095.00     2195.00  2195.00  2115.00  2140.00  -2955.00   -58.00%
       4           343  3653      健策                 5555.00       3270.00    13.24%   3140.00  3310.00  3085.00  3280.00     5520.00  5650.00  5415.00  5525.00  +2245.00   +68.45%
       5           309  3008      大立光                6340.00       4550.00    10.38%   4370.00  4370.00  3985.00  4040.00     6280.00  6500.00  6150.00  6430.00  +2390.00   +59.16%
       6           597  3017      奇鋐                 3040.00       1770.00     7.36%   2140.00  2200.00  2120.00  2165.00     3345.00  3450.00  3290.00  3430.00  +1265.00   +58.43%
       7           427  2454      聯發科                3540.00       2310.00     7.13%   3790.00  3790.00  3665.00  3740.00     4600.00  4735.00  4545.00  4710.00   +970.00   +25.94%
       8           705  6805      富世達                2255.00       1460.00     4.61%   1355.00  1415.00  1335.00  1395.00     2195.00  2295.00  2155.00  2295.00   +900.00   +64.52%
       9           699  2360      致茂                 1940.00       1380.00     3.25%   1845.00  1930.00  1800.00  1905.00     2135.00  2290.00  2135.00  2290.00   +385.00   +20.21%
      10           564  6949      沛爾生醫-創              774.00        385.00     2.25%    959.00  1025.00   950.00  1025.00       54.50    58.50    53.20    54.50   -970.50   -94.68%
      11           913  3406      玉晶光                 922.50        588.50     1.94%    591.00   594.00   545.00   554.00      996.00   999.00   955.00   972.00   +418.00   +75.45%
      12           768  7711      永擎                  579.00        320.50     1.50%    315.00   321.50   314.50   317.50      566.00   584.00   561.00   570.00   +252.50   +79.53%
      13          1021  2357      華碩                  604.00        365.00     1.39%    705.00   720.00   705.00   712.00      964.00   964.00   947.00   960.00   +248.00   +34.83%
      14           475  3665      貿聯-KY              2105.00       1870.00     1.36%   1805.00  1915.00  1790.00  1910.00     2060.00  2210.00  2045.00  2210.00   +300.00   +15.71%
      15           873  1560      中砂                  670.00        451.00     1.27%    728.00   742.00   715.00   742.00      855.00   896.00   813.00   896.00   +154.00   +20.75%
      16          1017  2455      全新                  467.50        252.50     1.25%    326.00   332.00   312.50   315.50      545.00   563.00   520.00   556.00   +240.50   +76.23%
      17           880  2395      研華                  392.00        194.00     1.15%    530.00   539.00   526.00   533.00      695.00   697.00   682.00   690.00   +157.00   +29.46%
      18           827  6933      AMAX-KY             295.00         99.50     1.13%    164.00   171.50   158.50   170.50      355.00   360.50   332.00   342.00   +171.50  +100.59%
      19           723  8996      高力                 1456.00       1266.00     1.10%   1195.00  1215.00  1160.00  1185.00     1350.00  1430.00  1330.00  1430.00   +245.00   +20.68%
      20          1085  6426      統新                  256.50         84.00     1.00%    179.00   183.50   174.50   180.00      381.50   385.00   365.00   373.50   +193.50  +107.50%
      21           993  6830      汎銓                  454.50        325.00     0.75%    394.00   396.00   383.00   390.00      523.00   563.00   516.00   563.00   +173.00   +44.36%
      22           879  2301      光寶科                 199.00         82.00     0.68%    215.50   221.00   212.00   216.00      284.00   288.50   280.50   282.00    +66.00   +30.56%
      23          1058  1519      華城                  363.00        257.00     0.61%    703.00   710.00   684.00   709.00      713.00   722.00   712.00   721.00    +12.00    +1.69%
      24           795  3034      聯詠                  202.50        107.50     0.55%    473.50   480.50   462.00   472.00      550.00   558.00   544.00   558.00    +86.00   +18.22%
      25          1213  8039      台虹                  342.50        252.50     0.52%    186.00   194.00   180.00   181.50      260.50   271.00   257.00   269.50    +88.00   +48.48%
      26          1116  6715      嘉基                  469.50        380.50     0.52%    367.00   383.50   365.00   374.00      398.00   433.00   394.00   433.00    +59.00   +15.78%
      27          1141  3006      晶豪科                 260.00        171.00     0.52%    225.00   239.00   224.50   239.00      290.00   296.50   285.00   291.00    +52.00   +21.76%
      28          1260  7788      松川精密                243.00        158.50     0.49%    274.50   274.50   260.00   269.50      290.50   304.00   290.50   297.00    +27.50   +10.20%
      29           489  6533      晶心科                 132.50         52.00     0.47%    225.00   234.50   220.50   227.00      255.00   276.00   250.00   270.50    +43.50   +19.16%
      30           966  3044      健鼎                  240.50        170.00     0.41%    428.00   428.50   421.00   426.00      509.00   518.00   505.00   518.00    +92.00   +21.60%
      31          1167  6213      聯茂                  406.00        336.00     0.41%    353.00   357.00   332.50   335.00      503.00   525.00   501.00   505.00   +170.00   +50.75%
      32           201  2207      和泰車                 124.00         56.00     0.39%    482.00   484.00   477.00   480.00      527.00   541.00   527.00   537.00    +57.00   +11.88%
      33           951  4977      眾達-KY               100.50         35.50     0.38%    151.50   151.50   147.00   149.00      175.00   178.00   172.00   175.00    +26.00   +17.45%
      34           986  2408      南亞科                 495.50        434.00     0.36%    460.00   489.50   453.50   481.00      508.00   525.00   508.00   525.00    +44.00    +9.15%
      35           971  2449      京元電子                179.50        121.00     0.34%    299.00   311.00   296.00   307.00      276.50   291.50   274.00   291.50    -15.50    -5.05%
      36           768  3037      欣興                  904.00        849.00     0.32%    882.00   960.00   870.00   936.00      973.00   990.00   971.00   981.00    +45.00    +4.81%
      37           269  2421      建準                   54.00          0.00     0.31%    136.00   140.00   135.00   139.00      164.50   169.00   164.50   167.00    +28.00   +20.14%
      38           742  6278      台表科                  79.50         26.50     0.31%    178.00   180.00   173.00   177.00      187.00   196.00   186.00   196.00    +19.00   +10.73%
      39           792  7799      禾榮科                 236.00        183.00     0.31%    405.50   423.00   393.00   418.50      513.00   524.00   488.00   504.00    +85.50   +20.43%
      40           499  6491      晶碩                  105.50         52.50     0.31%    358.00   365.00   354.50   365.00      401.00   401.00   391.00   396.00    +31.00    +8.49%
==========================================================================================================================================================================
✅ 共 40 筆


══════════════════════════════════════════════════════════════════════════════════════════════════════════════
  🔄 第  9/45 次  2026/07/14 ～ 2026/09/17
══════════════════════════════════════════════════════════════════════════════════════════════════════════════

==========================================================================================================================================================================
📊 累計漲跌停強度排名 (2026/07/14 ~ 2026/09/17)
==========================================================================================================================================================================
    實資排名        累計天數排名  代號        名稱                 累計漲停(元)       累計跌停(元)       強度%  (07/14)開盤      最高      最低      收盤    (09/17)開盤      最高      最低      收盤      賺賠    賺賠率
--------------------------------------------------------------------------------------------------------------------------------------------------------------------------
       1           136  2059      川湖                11660.00       6975.00    62.72%   7915.00  8000.00  7580.00  7995.00    12400.00 12730.00 12215.00 12295.00  +4300.00   +53.78%
       2           352  6669      緯穎                 5115.00       2840.00    30.46%   4930.00  4985.00  4755.00  4905.00     2175.00  2260.00  2135.00  2135.00  -2770.00   -56.47%
       3           337  3653      健策                 5385.00       3395.00    26.64%   3205.00  3250.00  2990.00  3070.00     5400.00  5605.00  5320.00  5355.00  +2285.00   +74.43%
       4           336  3443      創意                 5425.00       3735.00    22.63%   4275.00  4275.00  3845.00  4020.00     6315.00  6610.00  6205.00  6500.00  +2480.00   +61.69%
       5           321  3008      大立光                5930.00       4630.00    17.40%   4485.00  4485.00  4150.00  4265.00     6360.00  6370.00  6020.00  6020.00  +1755.00   +41.15%
       6           601  3017      奇鋐                 2795.00       1875.00    12.32%   2185.00  2220.00  2015.00  2120.00     3285.00  3350.00  3175.00  3185.00  +1065.00   +50.24%
       7           425  2454      聯發科                3330.00       2475.00    11.45%   3830.00  3860.00  3515.00  3660.00     4565.00  4700.00  4500.00  4500.00   +840.00   +22.95%
       8           708  6805      富世達                2050.00       1550.00     6.69%   1375.00  1405.00  1270.00  1320.00     2095.00  2200.00  2080.00  2090.00   +770.00   +58.33%
       9           566  6949      沛爾生醫-創              809.00        385.00     5.68%    899.00   935.00   872.00   935.00       51.60    55.30    51.60    54.40   -880.60   -94.18%
      10           728  2360      致茂                 1735.00       1410.00     4.35%   1885.00  1905.00  1730.00  1820.00     2115.00  2160.00  2085.00  2085.00   +265.00   +14.56%
      11           962  3406      玉晶光                 922.50        610.50     4.18%    614.00   615.00   569.00   587.00     1045.00  1045.00   947.00   965.00   +378.00   +64.40%
      12           768  7711      永擎                  579.00        320.50     3.46%    320.50   324.50   300.00   314.50      560.00   565.00   556.00   565.00   +250.50   +79.65%
      13           953  2357      華碩                  592.00        365.00     3.04%    710.00   710.00   690.00   703.00      943.00   967.00   943.00   948.00   +245.00   +34.85%
      14           880  2395      研華                  392.00        194.00     2.65%    552.00   553.00   508.00   529.00      692.00   700.00   686.00   686.00   +157.00   +29.68%
      15           915  6933      AMAX-KY             295.00        109.50     2.48%    164.50   166.50   156.00   163.00      324.00   345.50   316.50   345.50   +182.50  +111.96%
      16          1039  2455      全新                  445.50        267.00     2.39%    331.00   340.00   300.00   314.50      535.00   566.00   515.00   534.00   +219.50   +69.79%
      17          1004  6426      統新                  246.00         84.00     2.17%    183.00   186.00   164.00   174.50      357.50   363.00   356.00   363.00   +188.50  +108.02%
      18           901  1560      中砂                  589.00        476.00     1.51%    694.00   700.00   648.00   675.00      750.00   815.00   750.00   815.00   +140.00   +20.74%
      19           968  2301      光寶科                 199.00         91.50     1.44%    221.50   222.50   203.50   212.50      282.00   282.50   277.00   278.00    +65.50   +30.82%
      20          1154  8039      台虹                  346.50        252.50     1.26%    173.00   185.50   169.00   185.50      278.00   279.00   256.50   257.00    +71.50   +38.54%
      21          1186  7788      松川精密                247.00        158.50     1.18%    258.00   277.50   255.50   273.00      296.50   299.00   285.00   287.00    +14.00    +5.13%
      22           735  3034      聯詠                  189.50        107.50     1.10%    463.00   469.00   451.00   468.00      553.00   558.00   543.00   545.00    +77.00   +16.45%
      23           449  6533      晶心科                 128.00         52.00     1.02%    216.00   228.00   211.00   225.00      232.00   251.50   232.00   251.50    +26.50   +11.78%
      24           201  2207      和泰車                 124.00         56.00     0.91%    484.50   484.50   477.00   480.00      522.00   532.00   522.00   532.00    +52.00   +10.83%
      25          1161  3006      晶豪科                 247.50        181.50     0.88%    227.00   231.00   205.50   217.50      281.50   285.50   276.50   278.50    +61.00   +28.05%
      26           951  4977      眾達-KY               100.50         35.50     0.87%    150.00   155.00   138.00   147.00      180.50   180.50   171.50   173.00    +26.00   +17.69%
      27          1034  6830      汎銓                  403.50        340.50     0.84%    392.00   396.50   355.50   379.00      541.00   548.00   509.00   512.00   +133.00   +35.09%
      28          1037  1519      華城                  347.00        292.00     0.74%    720.00   727.00   656.00   692.00      711.00   715.00   703.00   705.00    +13.00    +1.88%
      29           269  2421      建準                   54.00          0.00     0.72%    138.50   140.00   128.00   133.50      161.00   166.50   161.00   162.00    +28.50   +21.35%
      30           792  7799      禾榮科                 236.00        183.00     0.71%    402.50   408.00   380.00   396.00      462.50   502.00   461.50   502.00   +106.00   +26.77%
      31           499  6491      晶碩                  105.50         52.50     0.71%    367.50   367.50   350.00   357.50      392.50   401.00   391.00   401.00    +43.50   +12.17%
      32          1088  6715      嘉基                  430.50        380.50     0.67%    367.00   380.00   341.50   367.50      406.00   432.00   391.50   394.00    +26.50    +7.21%
      33           961  2408      南亞科                 483.50        434.00     0.66%    432.00   449.00   415.50   448.00      499.00   504.00   488.00   488.00    +40.00    +8.93%
      34          1160  6213      聯茂                  396.00        347.00     0.66%    358.00   365.00   325.00   348.50      548.00   548.00   495.00   495.00   +146.50   +42.04%
      35           582  3231      緯創                   69.00         20.00     0.66%    144.00   145.00   139.00   142.50      184.00   188.50   184.00   186.50    +44.00   +30.88%
      36           152  6782      視陽                   58.50         10.50     0.64%    202.00   202.50   194.00   198.50      235.00   250.00   232.50   249.00    +50.50   +25.44%
      37           366  6957      裕慶-KY                77.00         33.00     0.59%    216.00   232.00   214.00   230.00      260.00   280.50   260.00   274.00    +44.00   +19.13%
      38           671  6278      台表科                  67.50         26.50     0.55%    177.50   181.00   164.50   172.50      185.50   190.00   183.50   184.00    +11.50    +6.67%
      39           199  6214      精誠                   40.00          0.00     0.54%    141.00   143.00   137.50   140.50      192.00   193.00   190.00   193.00    +52.50   +37.37%
      40           955  5269      祥碩                  625.00        585.00     0.54%   1490.00  1525.00  1445.00  1525.00     1465.00  1505.00  1455.00  1480.00    -45.00    -2.95%
==========================================================================================================================================================================
✅ 共 40 筆


══════════════════════════════════════════════════════════════════════════════════════════════════════════════
  🔄 第 10/45 次  2026/07/13 ～ 2026/09/16
══════════════════════════════════════════════════════════════════════════════════════════════════════════════

==========================================================================================================================================================================
📊 累計漲跌停強度排名 (2026/07/13 ~ 2026/09/16)
==========================================================================================================================================================================
    實資排名        累計天數排名  代號        名稱                 累計漲停(元)       累計跌停(元)       強度%  (07/13)開盤      最高      最低      收盤    (09/16)開盤      最高      最低      收盤      賺賠    賺賠率
--------------------------------------------------------------------------------------------------------------------------------------------------------------------------
       1           136  2059      川湖                11410.00       7145.00    75.85%   8210.00  8340.00  7850.00  8080.00    12040.00 12445.00 11800.00 12045.00  +3965.00   +49.07%
       2           350  6669      緯穎                 5115.00       2890.00    39.57%   5170.00  5230.00  4940.00  4960.00     2305.00  2320.00  2085.00  2165.00  -2795.00   -56.35%
       3           320  3008      大立光                6325.00       4425.00    33.79%   4345.00  4345.00  4345.00  4345.00     6160.00  6415.00  6150.00  6225.00  +1880.00   +43.27%
       4           399  3653      健策                 5270.00       3405.00    33.17%   3200.00  3280.00  3080.00  3195.00     5320.00  5540.00  5210.00  5240.00  +2045.00   +64.01%
       5           347  3443      創意                 5095.00       3805.00    22.94%   4385.00  4415.00  4180.00  4270.00     6070.00  6295.00  6050.00  6170.00  +1900.00   +44.50%
       6           574  3017      奇鋐                 2785.00       2000.00    13.96%   2420.00  2420.00  2210.00  2225.00     3115.00  3225.00  3100.00  3175.00   +950.00   +42.70%
       7           420  2454      聯發科                3330.00       2545.00    13.96%   4095.00  4095.00  3825.00  3825.00     4435.00  4625.00  4435.00  4530.00   +705.00   +18.43%
       8           717  6805      富世達                2005.00       1600.00     7.20%   1465.00  1485.00  1395.00  1410.00     2035.00  2070.00  2010.00  2045.00   +635.00   +45.04%
       9           606  6949      沛爾生醫-創              809.00        410.00     7.10%    931.00   943.00   870.00   900.00       50.50    53.30    50.00    53.10   -846.90   -94.10%
      10           739  2360      致茂                 1765.00       1410.00     6.31%   1840.00  1915.00  1830.00  1850.00     2090.00  2130.00  2070.00  2090.00   +240.00   +12.97%
      11           953  3406      玉晶光                 922.50        570.50     6.26%    634.00   650.00   609.00   609.00      950.00  1005.00   941.00  1005.00   +396.00   +65.02%
      12           972  2357      華碩                  612.00        365.00     4.39%    706.00   725.00   703.00   704.00      928.00   947.00   925.00   939.00   +235.00   +33.38%
      13           799  7711      永擎                  537.50        320.50     3.86%    310.00   323.50   309.00   317.00      472.00   514.00   472.00   514.00   +197.00   +62.15%
      14           880  2395      研華                  392.00        194.00     3.52%    557.00   593.00   535.00   536.00      685.00   695.00   676.00   695.00   +159.00   +29.66%
      15           926  6933      AMAX-KY             279.50        109.50     3.02%    173.00   173.00   173.00   173.00      286.00   314.50   282.50   314.50   +141.50   +81.79%
      16          1023  2455      全新                  426.50        267.00     2.84%    332.00   343.00   323.00   329.00      515.00   534.00   506.00   515.00   +186.00   +56.53%
      17           992  6426      統新                  213.00         84.00     2.29%    190.50   192.00   181.00   182.00      303.00   330.00   303.00   330.00   +148.00   +81.32%
      18          1164  8039      台虹                  361.50        234.00     2.27%    169.00   169.00   169.00   169.00      277.50   278.00   271.00   275.50   +106.50   +63.02%
      19           968  2301      光寶科                 199.00         91.50     1.91%    219.00   232.00   218.50   222.00      273.00   279.00   271.00   277.00    +55.00   +24.77%
      20          1186  7788      松川精密                247.00        158.50     1.57%    258.50   264.50   250.00   259.00      283.50   299.00   279.50   292.00    +33.00   +12.74%
      21          1193  6213      聯茂                  396.00        317.50     1.40%    390.00   407.50   357.00   359.50      525.00   555.00   514.00   550.00   +190.50   +52.99%
      22           456  6533      晶心科                 124.50         52.00     1.29%    210.50   210.50   210.50   210.50      224.50   229.00   224.50   229.00    +18.50    +8.79%
      23           967  5269      祥碩                  655.00        585.00     1.24%   1475.00  1510.00  1460.00  1510.00     1375.00  1480.00  1365.00  1475.00    -35.00    -2.32%
      24          1161  3006      晶豪科                 247.50        181.50     1.17%    238.00   243.50   222.50   228.00      266.00   285.00   265.50   281.00    +53.00   +23.25%
      25           951  4977      眾達-KY               100.50         35.50     1.16%    153.50   154.50   148.50   151.50      163.00   176.50   162.50   176.50    +25.00   +16.50%
      26          1059  6830      汎銓                  403.50        345.50     1.03%    416.00   419.00   390.50   394.50      533.00   567.00   525.00   529.00   +134.50   +34.09%
      27           174  2207      和泰車                 112.00         56.00     1.00%    473.50   483.00   473.00   475.00      535.00   535.00   516.00   520.00    +45.00    +9.47%
      28          1037  1519      華城                  347.00        292.00     0.98%    727.00   730.00   709.00   727.00      698.00   709.00   697.00   706.00    -21.00    -2.89%
      29           269  2421      建準                   54.00          0.00     0.96%    144.00   144.00   137.00   138.00      159.00   161.50   158.00   160.50    +22.50   +16.30%
      30           582  3231      緯創                   69.00         20.00     0.87%    147.00   148.00   142.50   143.50      182.00   185.50   181.00   183.00    +39.50   +27.53%
      31           839  2351      順德                  141.00         97.00     0.78%    213.00   215.00   207.00   210.50      254.00   256.00   231.00   236.00    +25.50   +12.11%
      32           569  6491      晶碩                  105.50         62.00     0.77%    375.00   376.50   362.00   365.50      389.50   396.50   382.50   393.00    +27.50    +7.52%
      33           199  6214      精誠                   40.00          0.00     0.71%    145.50   146.00   140.00   141.00      191.00   193.00   188.50   191.00    +50.00   +35.46%
      34           897  1560      中砂                  515.00        476.00     0.69%    727.00   727.00   695.00   700.00      740.00   754.00   739.00   741.00    +41.00    +5.86%
      35           865  5434      崇越                  217.50        179.50     0.68%    536.00   559.00   527.00   559.00      542.00   553.00   533.00   537.00    -22.00    -3.94%
      36          1018  2408      南亞科                 483.50        446.50     0.66%    466.50   466.50   420.50   423.00      476.00   495.00   475.00   492.50    +69.50   +16.43%
      37           781  3037      欣興                  891.00        857.00     0.60%    921.00   948.00   892.00   903.00      961.00   971.00   940.00   961.00    +58.00    +6.42%
      38           847  2451      創見                  131.00         97.00     0.60%    258.00   258.50   250.50   252.50      273.00   285.00   273.00   282.50    +30.00   +11.88%
      39           119  6924      榮惠-KY創               32.50          0.00     0.58%    124.00   125.00   118.50   125.00      128.00   135.00   128.00   135.00    +10.00    +8.00%
      40          1135  6715      嘉基                  430.50        399.00     0.56%    391.50   396.00   368.00   373.00      354.00   393.00   339.50   393.00    +20.00    +5.36%
==========================================================================================================================================================================
✅ 共 40 筆


══════════════════════════════════════════════════════════════════════════════════════════════════════════════
  🔄 第 11/45 次  2026/07/09 ～ 2026/09/15
══════════════════════════════════════════════════════════════════════════════════════════════════════════════

==========================================================================================================================================================================
📊 累計漲跌停強度排名 (2026/07/09 ~ 2026/09/15)
==========================================================================================================================================================================
    實資排名        累計天數排名  代號        名稱                 累計漲停(元)       累計跌停(元)       強度%  (07/09)開盤      最高      最低      收盤    (09/15)開盤      最高      最低      收盤      賺賠    賺賠率
--------------------------------------------------------------------------------------------------------------------------------------------------------------------------
       1           138  2059      川湖                11235.00       7145.00    84.54%   8255.00  8545.00  8005.00  8250.00    11920.00 12075.00 11665.00 11715.00  +3465.00   +42.00%
       2           381  6669      緯穎                 5115.00       2750.00    48.88%   5020.00  5215.00  4945.00  5040.00     2235.00  2345.00  2235.00  2315.00  -2725.00   -54.07%
       3           396  3653      健策                 5270.00       3335.00    39.99%   3280.00  3290.00  3180.00  3205.00     5735.00  5765.00  5240.00  5310.00  +2105.00   +65.68%
       4           318  3008      大立光                6155.00       4425.00    35.76%   4025.00  4140.00  3950.00  3950.00     6015.00  6195.00  5930.00  6055.00  +2105.00   +53.29%
       5           349  3443      創意                 4960.00       3865.00    22.63%   4380.00  4560.00  4330.00  4340.00     6400.00  6455.00  6035.00  6035.00  +1695.00   +39.06%
       6           581  3017      奇鋐                 2750.00       2000.00    15.50%   2380.00  2435.00  2335.00  2350.00     3265.00  3300.00  3100.00  3115.00   +765.00   +32.55%
       7           418  2454      聯發科                3230.00       2615.00    12.71%   3970.00  4050.00  3925.00  3925.00     4505.00  4575.00  4430.00  4430.00   +505.00   +12.87%
       8           695  6805      富世達                2050.00       1600.00     9.30%   1420.00  1520.00  1385.00  1460.00     2175.00  2195.00  2010.00  2025.00   +565.00   +38.70%
       9           620  6949      沛爾生醫-創              809.00        445.00     7.52%    969.00   972.00   920.00   925.00       54.80    56.00    51.00    51.40   -873.60   -94.44%
      10           700  2360      致茂                 1755.00       1445.00     6.41%   1845.00  1860.00  1790.00  1820.00     2100.00  2155.00  2075.00  2080.00   +260.00   +14.29%
      11           947  3406      玉晶光                 832.50        570.50     5.42%    615.00   634.00   615.00   616.00      944.00   973.00   906.00   915.00   +299.00   +48.54%
      12           925  2357      華碩                  601.00        365.00     4.88%    688.00   699.00   675.00   684.00      930.00   933.00   908.00   928.00   +244.00   +35.67%
      13           830  2395      研華                  382.00        194.00     3.89%    547.00   562.00   537.00   540.00      696.00   705.00   683.00   685.00   +145.00   +26.85%
      14           785  7711      永擎                  491.50        320.50     3.53%    309.50   312.00   307.00   307.50      461.00   473.00   438.00   468.00   +160.50   +52.20%
      15          1023  2455      全新                  426.50        267.00     3.30%    342.00   350.00   330.00   330.50      528.00   536.00   506.00   520.00   +189.50   +57.34%
      16           931  6933      AMAX-KY             265.00        109.50     3.21%    157.50   157.50   157.50   157.50      310.50   312.00   280.50   286.00   +128.50   +81.59%
      17          1192  8039      台虹                  375.50        234.00     2.92%    143.00   154.00   142.00   154.00      273.00   285.00   269.50   270.00   +116.00   +75.32%
      18           968  2301      光寶科                 199.00         91.50     2.22%    216.50   220.00   212.50   213.50      281.00   286.00   273.00   274.00    +60.50   +28.34%
      19           971  6426      統新                  183.00         84.00     2.05%    189.00   197.00   186.00   187.50      306.00   312.00   298.00   300.00   +112.50   +60.00%
      20          1140  7788      松川精密                235.50        158.50     1.59%    256.00   259.50   250.00   250.50      280.00   291.50   279.50   280.50    +30.00   +11.98%
      21           456  6533      晶心科                 124.50         52.00     1.50%    193.00   195.00   191.00   191.50      232.00   234.00   224.00   224.50    +33.00   +17.23%
      22          1150  3006      晶豪科                 252.00        181.50     1.46%    219.00   237.00   219.00   237.00      272.00   274.00   263.00   264.00    +27.00   +11.39%
      23           167  2207      和泰車                 112.00         46.00     1.36%    480.50   481.50   475.50   476.50      538.00   538.00   529.00   530.00    +53.50   +11.23%
      24           833  2351      順德                  141.00         81.50     1.23%    204.50   208.00   198.00   200.00      252.50   256.00   244.00   251.50    +51.50   +25.75%
      25          1059  6830      汎銓                  403.50        345.50     1.20%    417.00   426.00   405.00   416.50      553.00   561.00   532.00   532.00   +115.50   +27.73%
      26           269  2421      建準                   54.00          0.00     1.12%    143.50   144.50   142.00   142.50      163.50   163.50   158.00   158.00    +15.50   +10.88%
      27           927  1560      中砂                  526.00        476.00     1.03%    706.00   736.00   700.00   709.00      746.00   752.00   735.00   735.00    +26.00    +3.67%
      28          1008  2408      南亞科                 496.00        446.50     1.02%    414.00   435.50   412.50   435.50      473.50   476.50   465.50   465.50    +30.00    +6.89%
      29           582  3231      緯創                   69.00         20.00     1.01%    147.00   148.00   144.50   144.50      181.00   184.00   181.00   182.50    +38.00   +26.30%
      30           917  4977      眾達-KY                84.50         35.50     1.01%    157.00   157.00   152.00   152.50      166.00   166.50   160.50   160.50     +8.00    +5.25%
      31          1173  6213      聯茂                  365.00        317.50     0.98%    395.00   404.50   381.50   385.00      514.00   531.00   511.00   519.00   +134.00   +34.81%
      32           569  6491      晶碩                  105.50         62.00     0.90%    381.50   382.00   373.00   375.00      378.00   395.00   376.50   390.00    +15.00    +4.00%
      33           199  6214      精誠                   40.00          0.00     0.83%    142.00   147.00   142.00   143.50      189.00   195.00   186.00   190.00    +46.50   +32.40%
      34           865  5434      崇越                  217.50        179.50     0.79%    514.00   525.00   509.00   509.00      539.00   540.00   530.00   537.00    +28.00    +5.50%
      35           759  3037      欣興                  893.00        857.00     0.74%    890.00   925.00   867.00   875.00      969.00   986.00   951.00   951.00    +76.00    +8.69%
      36           119  6924      榮惠-KY創               32.50          0.00     0.67%    123.50   131.50   121.00   130.00      140.00   140.00   128.00   128.00     -2.00    -1.54%
      37           134  6782      視陽                   41.00         10.50     0.63%    209.50   214.00   206.00   208.00      222.50   234.00   222.50   231.00    +23.00   +11.06%
      38           750  3034      聯詠                  189.50        159.00     0.63%    549.00   549.00   535.00   542.00      556.00   559.00   526.00   541.00     -1.00    -0.18%
      39           348  6579      研揚                   47.00         20.50     0.55%    172.50   172.50   165.50   168.00      150.00   150.50   147.50   147.50    -20.50   -12.20%
      40           565  3617      碩天                   59.00         32.50     0.55%    245.00   247.50   235.00   242.00      240.50   241.50   236.00   236.00     -6.00    -2.48%
==========================================================================================================================================================================
✅ 共 40 筆


══════════════════════════════════════════════════════════════════════════════════════════════════════════════
  🔄 第 12/45 次  2026/07/08 ～ 2026/09/14
══════════════════════════════════════════════════════════════════════════════════════════════════════════════

==========================================================================================================================================================================
📊 累計漲跌停強度排名 (2026/07/08 ~ 2026/09/14)
==========================================================================================================================================================================
    實資排名        累計天數排名  代號        名稱                 累計漲停(元)       累計跌停(元)       強度%  (07/08)開盤      最高      最低      收盤    (09/14)開盤      最高      最低      收盤      賺賠    賺賠率
--------------------------------------------------------------------------------------------------------------------------------------------------------------------------
       1           136  2059      川湖                11235.00       7035.00    56.06%   8415.00  8440.00  7850.00  8095.00    11900.00 12025.00 11785.00 11990.00  +3895.00   +48.12%
       2           395  3653      健策                 5270.00       2825.00    32.64%   3305.00  3340.00  3120.00  3200.00     5580.00  5920.00  5500.00  5820.00  +2620.00   +81.88%
       3           390  6669      緯穎                 5105.00       2750.00    31.43%   5075.00  5085.00  4900.00  5050.00     2315.00  2315.00  2240.00  2270.00  -2780.00   -55.05%
       4           323  3008      大立光                6155.00       4425.00    23.09%   3950.00  4035.00  3870.00  3950.00     6395.00  6420.00  5995.00  5995.00  +2045.00   +51.77%
       5           354  3443      創意                 4960.00       3580.00    18.42%   4500.00  4570.00  4330.00  4400.00     5995.00  6575.00  5850.00  6400.00  +2000.00   +45.45%
       6           577  3017      奇鋐                 2750.00       1930.00    10.95%   2425.00  2440.00  2290.00  2325.00     3255.00  3360.00  3210.00  3310.00   +985.00   +42.37%
       7           423  2454      聯發科                3230.00       2520.00     9.48%   4000.00  4040.00  3955.00  3995.00     4475.00  4650.00  4435.00  4560.00   +565.00   +14.14%
       8           692  6805      富世達                2050.00       1555.00     6.61%   1495.00  1495.00  1345.00  1395.00     2095.00  2210.00  2085.00  2165.00   +770.00   +55.20%
       9           630  6949      沛爾生醫-創              849.00        445.00     5.39%    930.00   978.00   927.00   960.00       50.00    56.90    48.25    55.80   -904.20   -94.19%
      10           929  3406      玉晶光                 832.50        531.50     4.02%    610.00   620.00   598.00   612.00     1015.00  1020.00   954.00   954.00   +342.00   +55.88%
      11           689  2360      致茂                 1755.00       1495.00     3.47%   1845.00  1875.00  1790.00  1855.00     2105.00  2180.00  2080.00  2140.00   +285.00   +15.36%
      12           945  2357      華碩                  625.00        365.00     3.47%    675.00   687.00   670.00   687.00      900.00   936.00   900.00   934.00   +247.00   +35.95%
      13           830  2395      研華                  416.50        194.00     2.97%    546.00   546.00   533.00   546.00      663.00   684.00   653.00   670.00   +124.00   +22.71%
      14          1019  2455      全新                  443.00        252.00     2.55%    319.00   342.00   313.50   335.00      497.00   535.00   493.00   535.00   +200.00   +59.70%
      15           740  7711      永擎                  491.50        310.50     2.42%    310.00   311.50   303.00   307.00      478.00   478.00   478.00   478.00   +171.00   +55.70%
      16           904  6933      AMAX-KY             265.00         90.00     2.34%    145.50   145.50   141.00   143.50      304.50   334.50   294.00   305.50   +162.00  +112.89%
      17          1192  8039      台虹                  375.50        234.00     1.89%    143.50   146.50   137.50   140.00      268.00   280.00   261.00   274.00   +134.00   +95.71%
      18           932  6426      統新                  183.00         72.00     1.48%    184.50   194.00   183.00   189.00      295.50   327.00   293.00   312.00   +123.00   +65.08%
      19           968  2301      光寶科                 199.00         91.50     1.43%    214.00   217.00   209.00   214.00      273.50   281.50   272.00   277.50    +63.50   +29.67%
      20          1181  7788      松川精密                245.50        158.50     1.16%    238.00   244.50   231.00   242.50      275.00   288.00   265.50   282.00    +39.50   +16.29%
      21          1014  3189      景碩                  852.00        773.00     1.05%    714.00   755.00   714.00   755.00      795.00   810.00   784.00   798.00    +43.00    +5.70%
      22           752  3037      欣興                  916.00        838.00     1.04%    856.00   882.00   843.00   863.00      947.00   979.00   932.00   970.00   +107.00   +12.40%
      23           209  2207      和泰車                 121.50         46.00     1.01%    479.50   482.00   476.00   480.50      527.00   539.00   525.00   538.00    +57.50   +11.97%
      24           456  6533      晶心科                 124.50         52.00     0.97%    192.50   194.50   189.50   192.50      230.00   240.00   230.00   232.00    +39.50   +20.52%
      25          1150  3006      晶豪科                 252.00        181.50     0.94%    219.00   225.00   208.50   215.50      280.50   287.50   270.50   270.50    +55.00   +25.52%
      26          1069  6830      汎銓                  403.50        335.00     0.91%    424.50   430.50   405.00   410.50      540.00   584.00   538.00   556.00   +145.50   +35.44%
      27           897  1560      中砂                  526.00        458.00     0.91%    696.00   707.00   680.00   698.00      775.00   776.00   740.00   753.00    +55.00    +7.88%
      28          1207  6213      聯茂                  379.50        317.50     0.83%    390.00   405.50   370.00   393.50      492.00   521.00   482.00   515.00   +121.50   +30.88%
      29           750  3034      聯詠                  202.50        144.00     0.78%    532.00   547.00   528.00   544.00      545.00   561.00   537.00   556.00    +12.00    +2.21%
      30           269  2421      建準                   54.00          0.00     0.72%    145.00   147.00   141.50   143.50      161.00   165.00   161.00   163.00    +19.50   +13.59%
      31          1008  2408      南亞科                 496.00        446.50     0.66%    414.00   422.00   391.00   396.00      477.50   486.00   470.00   473.00    +77.00   +19.44%
      32           874  2351      順德                  141.00         91.50     0.66%    216.50   216.50   199.50   203.50      234.00   257.00   228.50   257.00    +53.50   +26.29%
      33           582  3231      緯創                   69.00         20.00     0.65%    150.00   152.00   145.00   146.50      181.00   183.00   179.50   181.00    +34.50   +23.55%
      34           917  4977      眾達-KY                84.50         35.50     0.65%    152.50   155.00   147.50   153.50      170.00   173.00   167.00   167.00    +13.50    +8.79%
      35           587  3617      碩天                   80.50         32.50     0.64%    230.00   238.00   230.00   238.00      238.00   245.00   237.50   241.00     +3.00    +1.26%
      36           569  6491      晶碩                  105.50         62.00     0.58%    386.50   386.50   371.00   375.00      367.50   381.50   363.50   381.50     +6.50    +1.73%
      37           199  6214      精誠                   40.00          0.00     0.53%    135.00   136.50   133.50   135.00      189.00   190.00   184.50   187.50    +52.50   +38.89%
      38           865  5434      崇越                  217.50        179.50     0.51%    519.00   530.00   501.00   509.00      524.00   547.00   518.00   539.00    +30.00    +5.89%
      39           971  3044      健鼎                  211.00        177.50     0.45%    476.00   480.50   465.00   472.00      495.00   517.00   493.00   510.00    +38.00    +8.05%
      40           119  6924      榮惠-KY創               32.50          0.00     0.43%    120.00   129.50   120.00   127.00      142.00   144.00   136.00   142.50    +15.50   +12.20%
==========================================================================================================================================================================
✅ 共 40 筆


══════════════════════════════════════════════════════════════════════════════════════════════════════════════
  🔄 第 13/45 次  2026/07/07 ～ 2026/09/11
══════════════════════════════════════════════════════════════════════════════════════════════════════════════

==========================================================================================================================================================================
📊 累計漲跌停強度排名 (2026/07/07 ~ 2026/09/11)
==========================================================================================================================================================================
    實資排名        累計天數排名  代號        名稱                 累計漲停(元)       累計跌停(元)       強度%  (07/07)開盤      最高      最低      收盤    (09/11)開盤      最高      最低      收盤      賺賠    賺賠率
--------------------------------------------------------------------------------------------------------------------------------------------------------------------------
       1           131  2059      川湖                11710.00       6945.00   157.07%   8560.00  8560.00  8200.00  8260.00    12300.00 12300.00 11950.00 12080.00  +3820.00   +46.25%
       2           446  6669      緯穎                 5105.00       2730.00    78.29%   5025.00  5235.00  5010.00  5015.00     2290.00  2335.00  2285.00  2310.00  -2705.00   -53.94%
       3           404  3653      健策                 5215.00       2950.00    74.66%   3315.00  3355.00  3170.00  3195.00     5650.00  5875.00  5615.00  5765.00  +2570.00   +80.44%
       4           326  3008      大立光                6155.00       4005.00    70.87%   4150.00  4150.00  3870.00  3890.00     6520.00  6900.00  6420.00  6660.00  +2770.00   +71.21%
       5           364  3443      創意                 4680.00       3705.00    32.14%   4770.00  4830.00  4425.00  4480.00     6200.00  6200.00  5970.00  6120.00  +1640.00   +36.61%
       6           404  2454      聯發科                3230.00       2495.00    24.23%   4200.00  4250.00  3955.00  4030.00     4635.00  4655.00  4535.00  4585.00   +555.00   +13.77%
       7           573  3017      奇鋐                 2750.00       2090.00    21.76%   2670.00  2670.00  2410.00  2450.00     3360.00  3390.00  3300.00  3370.00   +920.00   +37.55%
       8           635  6949      沛爾生醫-創              878.00        445.00    14.27%    899.00   950.00   884.00   920.00       55.90    60.10    53.00    53.00   -867.00   -94.24%
       9           704  6805      富世達                2035.00       1635.00    13.19%   1570.00  1630.00  1470.00  1490.00     2135.00  2230.00  2110.00  2150.00   +660.00   +44.30%
      10           964  3406      玉晶光                 832.50        469.50    11.97%    653.00   660.00   606.00   609.00     1020.00  1140.00  1000.00  1060.00   +451.00   +74.06%
      11          1006  2357      華碩                  615.00        382.00     7.68%    681.00   681.00   661.00   663.00      930.00   930.00   912.00   924.00   +261.00   +39.37%
      12           815  7711      永擎                  491.50        272.50     7.22%    325.50   326.50   309.50   310.00      531.00   531.00   531.00   531.00   +221.00   +71.29%
      13           904  2395      研華                  416.50        212.50     6.72%    519.00   522.00   493.00   496.50      655.00   695.00   650.00   674.00   +177.50   +35.75%
      14           871  6933      AMAX-KY             265.00         75.50     6.25%    151.00   151.50   141.00   143.00      333.00   333.00   315.00   320.00   +177.00  +123.78%
      15          1081  2455      全新                  423.00        271.50     4.99%    342.00   362.00   317.50   318.50      514.00   527.00   499.50   515.00   +196.50   +61.70%
      16          1192  8039      台虹                  375.50        234.00     4.66%    148.50   149.50   140.00   141.00      272.00   280.00   270.50   272.00   +131.00   +92.91%
      17           911  6426      統新                  173.00         72.00     3.33%    190.50   200.00   181.50   183.00      317.50   326.50   295.50   302.00   +119.00   +65.03%
      18          1075  2301      光寶科                 199.00        102.50     3.18%    224.00   228.00   212.00   213.00      283.00   283.00   272.00   277.00    +64.00   +30.05%
      19          1123  3006      晶豪科                 252.00        161.50     2.98%    220.50   232.00   216.50   219.00      304.00   304.50   282.00   290.50    +71.50   +32.65%
      20          1181  7788      松川精密                245.50        158.50     2.87%    240.50   250.50   228.00   232.50      302.00   304.50   286.50   286.50    +54.00   +23.23%
      21           671  6446      藥華藥                1185.00       1100.00     2.80%   1470.00  1540.00  1450.00  1495.00     1300.00  1315.00  1280.00  1280.00   -215.00   -14.38%
      22           209  2207      和泰車                 121.50         46.00     2.49%    473.00   481.00   471.00   471.00      521.00   531.00   521.00   530.00    +59.00   +12.53%
      23           456  6533      晶心科                 124.50         52.00     2.39%    203.50   203.50   191.50   192.00      239.00   239.50   231.00   232.50    +40.50   +21.09%
      24           982  2408      南亞科                 496.00        426.50     2.29%    423.00   437.00   402.00   403.00      498.00   498.00   490.00   493.00    +90.00   +22.33%
      25           671  2360      致茂                 1755.00       1690.00     2.14%   2100.00  2150.00  1965.00  1965.00     2175.00  2235.00  2120.00  2160.00   +195.00    +9.92%
      26           921  1560      中砂                  526.00        466.00     1.98%    745.00   752.00   699.00   700.00      747.00   794.00   744.00   790.00    +90.00   +12.86%
      27           750  3034      聯詠                  202.50        144.00     1.93%    539.00   553.00   531.00   531.00      536.00   547.00   536.00   547.00    +16.00    +3.01%
      28           269  2421      建準                   54.00          0.00     1.78%    149.50   149.50   142.50   144.00      161.00   166.50   160.00   164.50    +20.50   +14.24%
      29          1153  6830      汎銓                  403.50        350.50     1.75%    440.00   479.50   416.50   424.00      579.00   586.00   541.00   551.00   +127.00   +29.95%
      30           582  3231      緯創                   69.00         20.00     1.62%    158.50   159.50   155.50   155.50      182.00   188.00   181.00   185.50    +30.00   +19.29%
      31           917  4977      眾達-KY                84.50         35.50     1.62%    161.50   169.00   147.50   150.00      173.50   176.50   171.50   175.00    +25.00   +16.67%
      32           587  3617      碩天                   80.50         32.50     1.58%    221.00   223.00   216.00   216.50      239.00   243.00   237.00   242.50    +26.00   +12.01%
      33          1287  6213      聯茂                  379.50        334.50     1.48%    392.00   424.50   373.00   379.00      503.00   537.00   501.00   509.00   +130.00   +34.30%
      34           362  6579      研揚                   61.50         20.50     1.35%    173.50   180.50   173.50   179.00      146.00   149.50   145.00   148.00    -31.00   -17.32%
      35           199  6214      精誠                   40.00          0.00     1.32%    136.50   136.50   133.00   133.00      188.00   190.50   187.00   188.50    +55.50   +41.73%
      36           910  2049      上銀                  194.00        157.50     1.20%    364.00   365.00   344.50   344.50      354.50   378.00   346.00   359.00    +14.50    +4.21%
      37           119  6924      榮惠-KY創               32.50          0.00     1.07%    129.50   129.50   121.00   123.50      141.00   141.50   139.00   141.50    +18.00   +14.57%
      38           134  6782      視陽                   41.00         10.50     1.01%    213.00   214.50   209.50   211.00      227.00   227.00   220.50   223.50    +12.50    +5.92%
      39           557  6491      晶碩                   91.50         62.00     0.97%    374.50   387.00   374.50   378.00      366.00   369.00   359.00   367.50    -10.50    -2.78%
      40          1018  3189      景碩                  852.00        825.00     0.89%    761.00   770.00   687.00   687.00      811.00   833.00   806.00   822.00   +135.00   +19.65%
==========================================================================================================================================================================
✅ 共 40 筆


══════════════════════════════════════════════════════════════════════════════════════════════════════════════
  🔄 第 14/45 次  2026/07/06 ～ 2026/09/10
══════════════════════════════════════════════════════════════════════════════════════════════════════════════

==========================================================================================================================================================================
📊 累計漲跌停強度排名 (2026/07/06 ~ 2026/09/10)
==========================================================================================================================================================================
    實資排名        累計天數排名  代號        名稱                 累計漲停(元)       累計跌停(元)       強度%  (07/06)開盤      最高      最低      收盤    (09/10)開盤      最高      最低      收盤      賺賠    賺賠率
--------------------------------------------------------------------------------------------------------------------------------------------------------------------------
       1           136  2059      川湖                11710.00       6640.00   213.27%   8000.00  8000.00  7495.00  7785.00    12680.00 12695.00 12315.00 12600.00  +4815.00   +61.85%
       2           381  3653      健策                 5215.00       3025.00    92.12%   3475.00  3475.00  3320.00  3320.00     5735.00  5885.00  5705.00  5790.00  +2470.00   +74.40%
       3           425  6669      緯穎                 5105.00       2925.00    91.70%   5325.00  5325.00  4995.00  5035.00     2295.00  2380.00  2270.00  2345.00  -2690.00   -53.43%
       4           323  3008      大立光                6155.00       4040.00    88.97%   4210.00  4280.00  4010.00  4135.00     6770.00  6875.00  6680.00  6720.00  +2585.00   +62.52%
       5           413  2454      聯發科                3230.00       2430.00    33.65%   4250.00  4325.00  4110.00  4125.00     4560.00  4730.00  4520.00  4720.00   +595.00   +14.42%
       6           575  3017      奇鋐                 2750.00       2090.00    27.76%   2790.00  2790.00  2615.00  2670.00     3405.00  3470.00  3380.00  3460.00   +790.00   +29.59%
       7           359  3443      創意                 4680.00       4035.00    27.13%   5105.00  5105.00  4555.00  4605.00     5895.00  6275.00  5850.00  6225.00  +1620.00   +35.18%
       8           668  6949      沛爾生醫-創              878.00        470.00    17.16%    890.00   902.00   875.00   891.00       56.80    60.30    55.40    58.80   -832.20   -93.40%
       9           920  3406      玉晶光                 849.50        459.50    16.41%    654.00   672.00   631.00   653.00     1120.00  1125.00  1040.00  1070.00   +417.00   +63.86%
      10           699  6805      富世達                2035.00       1655.00    15.98%   1645.00  1650.00  1560.00  1570.00     2260.00  2310.00  2155.00  2190.00   +620.00   +39.49%
      11           995  2357      華碩                  615.00        317.00    12.54%    681.00   689.00   672.00   680.00      982.00   989.00   972.00   989.00   +309.00   +45.44%
      12           800  7711      永擎                  491.50        213.50    11.69%    328.00   331.00   325.00   325.00      598.00   615.00   583.00   590.00   +265.00   +81.54%
      13           822  6933      AMAX-KY             265.00         59.50     8.64%    153.00   156.00   149.00   149.00      348.00   354.00   331.50   336.00   +187.00  +125.50%
      14           901  2395      研華                  401.50        212.50     7.95%    523.00   528.00   506.00   515.00      647.00   661.00   647.00   659.00   +144.00   +27.96%
      15           649  6446      藥華藥                1235.00       1060.00     7.36%   1410.00  1470.00  1390.00  1445.00     1330.00  1335.00  1300.00  1320.00   -125.00    -8.65%
      16          1072  2455      全新                  423.00        274.50     6.25%    372.50   375.00   337.00   338.00      533.00   545.00   527.00   532.00   +194.00   +57.40%
      17          1192  8039      台虹                  375.50        234.00     5.95%    151.00   160.00   149.50   149.50      287.50   295.00   273.50   275.00   +125.50   +83.95%
      18          1085  3006      晶豪科                 252.00        140.00     4.71%    216.50   227.00   216.50   219.00      305.00   319.00   302.00   312.00    +93.00   +42.47%
      19          1020  2301      光寶科                 199.00         88.50     4.65%    224.00   233.50   222.00   224.00      295.00   298.00   285.00   291.00    +67.00   +29.91%
      20          1142  7788      松川精密                245.50        137.00     4.56%    250.00   252.00   231.00   239.00      324.00   330.00   300.50   308.00    +69.00   +28.87%
      21           917  6426      統新                  173.00         65.00     4.54%    201.00   206.00   188.00   188.00      311.00   328.00   303.00   322.00   +134.00   +71.28%
      22           973  2408      南亞科                 507.00        404.50     4.31%    428.00   443.00   420.50   420.50      517.00   523.00   507.00   515.00    +94.50   +22.47%
      23           400  6533      晶心科                 124.50         38.50     3.62%    201.50   210.50   200.00   200.00      253.50   255.00   245.00   246.00    +46.00   +23.00%
      24          1172  6830      汎銓                  403.50        326.00     3.26%    461.00   461.00   430.00   439.50      581.00   599.00   575.00   591.00   +151.50   +34.47%
      25           209  2207      和泰車                 121.50         46.00     3.18%    472.50   482.00   472.50   476.50      522.00   529.00   521.00   528.00    +51.50   +10.81%
      26           750  3034      聯詠                  202.50        144.00     2.46%    542.00   543.00   531.00   538.00      538.00   551.00   534.00   545.00     +7.00    +1.30%
      27          1221  6213      聯茂                  379.50        324.50     2.31%    409.50   411.00   379.00   396.00      516.00   520.00   507.00   519.00   +123.00   +31.06%
      28           269  2421      建準                   54.00          0.00     2.27%    150.00   152.00   147.50   148.50      166.00   168.50   164.00   165.00    +16.50   +11.11%
      29           937  2049      上銀                  208.00        157.50     2.12%    355.00   370.50   352.00   364.00      368.00   369.00   358.00   363.00     -1.00    -0.27%
      30           582  3231      緯創                   69.00         20.00     2.06%    161.00   162.00   157.50   158.00      190.50   192.00   184.00   185.00    +27.00   +17.09%
      31           917  4977      眾達-KY                84.50         35.50     2.06%    165.00   166.00   158.50   159.00      171.50   178.00   169.00   173.00    +14.00    +8.81%
      32           587  3617      碩天                   80.50         32.50     2.02%    223.00   226.00   219.00   220.00      238.50   240.50   234.00   239.00    +19.00    +8.64%
      33           362  6579      研揚                   61.50         20.50     1.72%    166.00   169.50   164.00   164.50      148.00   149.00   147.00   148.50    -16.00    -9.73%
      34           199  6214      精誠                   40.00          0.00     1.68%    134.50   137.00   134.50   136.50      187.00   188.50   186.50   187.50    +51.00   +37.36%
      35           324  6957      裕慶-KY                67.00         33.00     1.43%    195.00   212.00   195.00   212.00      221.00   226.50   219.50   224.50    +12.50    +5.90%
      36           970  2351      順德                  138.50        106.00     1.37%    216.00   228.00   215.50   228.00      239.00   248.00   232.50   235.50     +7.50    +3.29%
      37           134  6782      視陽                   41.00         10.50     1.28%    213.00   214.50   207.50   208.50      235.00   235.00   227.50   227.50    +19.00    +9.11%
      38           557  6491      晶碩                   91.50         62.00     1.24%    375.00   390.00   373.50   374.00      371.50   373.00   366.50   366.50     -7.50    -2.01%
      39           168  2377      微星                   36.00          9.50     1.11%    144.50   146.00   142.00   142.50      152.00   152.50   146.00   149.00     +6.50    +4.56%
      40           849  5434      崇越                  205.50        179.50     1.09%    527.00   535.00   521.00   522.00      530.00   531.00   523.00   527.00     +5.00    +0.96%
==========================================================================================================================================================================
✅ 共 40 筆


══════════════════════════════════════════════════════════════════════════════════════════════════════════════
  🔄 第 15/45 次  2026/07/02 ～ 2026/09/09
══════════════════════════════════════════════════════════════════════════════════════════════════════════════

==========================================================================================================================================================================
📊 累計漲跌停強度排名 (2026/07/02 ~ 2026/09/09)
==========================================================================================================================================================================
    實資排名        累計天數排名  代號        名稱                 累計漲停(元)       累計跌停(元)       強度%  (07/02)開盤      最高      最低      收盤    (09/09)開盤      最高      最低      收盤      賺賠    賺賠率
--------------------------------------------------------------------------------------------------------------------------------------------------------------------------
       1           138  2059      川湖                11735.00       6640.00    94.09%   7375.00  7880.00  7375.00  7880.00    12440.00 12785.00 12285.00 12400.00  +4520.00   +57.36%
       2           419  6669      緯穎                 5250.00       2925.00    42.94%   4905.00  5200.00  4865.00  5200.00     2355.00  2425.00  2320.00  2325.00  -2875.00   -55.29%
       3           382  3653      健策                 5260.00       3025.00    41.28%   3320.00  3495.00  3245.00  3475.00     5705.00  5845.00  5600.00  5760.00  +2285.00   +65.76%
       4           328  3008      大立光                6155.00       3925.00    41.18%   4260.00  4395.00  4250.00  4295.00     6660.00  6930.00  6550.00  6870.00  +2575.00   +59.95%
       5           467  2454      聯發科                3145.00       2430.00    13.20%   4200.00  4380.00  4150.00  4345.00     4780.00  4780.00  4625.00  4625.00   +280.00    +6.44%
       6           576  3017      奇鋐                 2790.00       2090.00    12.93%   2565.00  2745.00  2525.00  2740.00     3285.00  3395.00  3265.00  3380.00   +640.00   +23.36%
       7           361  3443      創意                 4665.00       4035.00    11.63%   4900.00  5345.00  4845.00  5330.00     5955.00  6075.00  5875.00  5925.00   +595.00   +11.16%
       8           704  6805      富世達                2035.00       1580.00     8.40%   1640.00  1700.00  1615.00  1670.00     2170.00  2325.00  2155.00  2295.00   +625.00   +37.43%
       9           905  3406      玉晶光                 849.50        419.50     7.94%    626.00   652.00   626.00   644.00     1030.00  1110.00   980.00  1110.00   +466.00   +72.36%
      10           685  6949      沛爾生醫-創              878.00        486.00     7.24%    903.00   909.00   873.00   890.00       59.80    60.40    54.40    54.90   -835.10   -93.83%
      11           776  7711      永擎                  491.50        193.50     5.50%    316.50   322.50   314.00   322.50      594.00   617.00   575.00   610.00   +287.50   +89.15%
      12          1036  2357      華碩                  615.00        317.00     5.50%    650.00   667.00   642.00   667.00      966.00   985.00   963.00   979.00   +312.00   +46.78%
      13           648  6446      藥華藥                1270.00       1035.00     4.34%   1345.00  1400.00  1320.00  1395.00     1395.00  1405.00  1340.00  1345.00    -50.00    -3.58%
      14           870  6933      AMAX-KY             279.00         59.50     4.05%    143.00   155.00   140.50   155.00      320.50   338.00   310.50   338.00   +183.00  +118.06%
      15           901  2395      研華                  401.50        212.50     3.49%    493.50   511.00   493.50   510.00      653.00   663.00   645.00   653.00   +143.00   +28.04%
      16          1162  8039      台虹                  375.50        219.50     2.88%    143.50   149.50   143.00   148.00      294.50   299.00   282.00   289.50   +141.50   +95.61%
      17          1096  2455      全新                  423.00        285.00     2.55%    345.00   349.00   338.50   348.00      536.00   552.00   523.00   533.00   +185.00   +53.16%
      18          1108  7788      松川精密                245.50        124.50     2.23%    250.00   255.00   246.50   248.50      304.50   320.50   304.50   320.50    +72.00   +28.97%
      19          1085  3006      晶豪科                 252.00        140.00     2.07%    205.00   218.50   202.00   218.00      300.00   311.00   294.50   306.50    +88.50   +40.60%
      20          1020  2301      光寶科                 199.00         88.50     2.04%    215.00   222.00   214.00   221.50      293.00   298.50   291.00   292.50    +71.00   +32.05%
      21           917  6426      統新                  173.00         65.00     1.99%    177.50   194.50   177.50   192.50      305.50   324.50   288.00   321.00   +128.50   +66.75%
      22           644  2360      致茂                 1755.00       1660.00     1.75%   2175.00  2265.00  2160.00  2210.00     2270.00  2490.00  2265.00  2335.00   +125.00    +5.66%
      23           992  2408      南亞科                 507.00        418.50     1.63%    386.50   412.00   386.50   407.00      535.00   535.00   521.00   523.00   +116.00   +28.50%
      24           400  6533      晶心科                 124.50         38.50     1.59%    195.50   202.00   191.50   202.00      257.50   258.00   253.00   253.50    +51.50   +25.50%
      25           209  2207      和泰車                 121.50         46.00     1.39%    463.50   473.50   462.00   464.50      529.00   531.00   525.00   530.00    +65.50   +14.10%
      26          1158  6830      汎銓                  388.50        326.00     1.15%    452.00   462.00   438.00   448.00      588.00   601.00   573.00   576.00   +128.00   +28.57%
      27           750  3034      聯詠                  202.50        144.00     1.08%    531.00   545.00   528.00   541.00      532.00   552.00   532.00   543.00     +2.00    +0.37%
      28          1221  6213      聯茂                  379.50        324.50     1.02%    357.00   379.50   353.00   358.50      513.00   542.00   512.00   523.00   +164.50   +45.89%
      29           269  2421      建準                   54.00          0.00     1.00%    145.00   148.00   143.00   148.00      165.50   169.00   160.00   167.50    +19.50   +13.18%
      30           937  2049      上銀                  208.00        157.50     0.93%    344.00   361.00   340.00   352.00      352.00   381.50   352.00   370.50    +18.50    +5.26%
      31           582  3231      緯創                   69.00         20.00     0.90%    157.00   160.00   156.00   158.50      185.50   191.00   184.00   189.00    +30.50   +19.24%
      32           917  4977      眾達-KY                84.50         35.50     0.90%    155.50   160.50   155.50   160.50      178.00   183.50   169.00   170.50    +10.00    +6.23%
      33           587  3617      碩天                   80.50         32.50     0.89%    217.00   224.00   216.00   219.50      247.50   247.50   240.00   241.00    +21.50    +9.79%
      34          1059  1519      華城                  348.00        304.00     0.81%    762.00   771.00   758.00   770.00      729.00   745.00   725.00   735.00    -35.00    -4.55%
      35           362  6579      研揚                   61.50         20.50     0.76%    156.00   162.00   154.50   161.50      150.00   150.00   148.00   149.00    -12.50    -7.74%
      36           199  6214      精誠                   40.00          0.00     0.74%    132.00   134.50   132.00   132.00      184.00   187.50   184.00   187.50    +55.50   +42.05%
      37           324  6957      裕慶-KY                67.00         33.00     0.63%    190.00   191.50   188.00   188.00      216.00   221.50   214.00   220.50    +32.50   +17.29%
      38           970  2351      順德                  138.50        106.00     0.60%    204.50   213.50   199.00   213.00      228.00   240.00   225.50   237.50    +24.50   +11.50%
      39           134  6782      視陽                   41.00         10.50     0.56%    195.00   200.00   195.00   199.50      235.50   235.50   228.50   235.00    +35.50   +17.79%
      40           557  6491      晶碩                   91.50         62.00     0.54%    337.50   349.50   337.50   347.00      375.00   375.00   371.00   373.00    +26.00    +7.49%
==========================================================================================================================================================================
✅ 共 40 筆


══════════════════════════════════════════════════════════════════════════════════════════════════════════════
  🔄 第 16/45 次  2026/07/01 ～ 2026/09/08
══════════════════════════════════════════════════════════════════════════════════════════════════════════════

==========================================================================================================================================================================
📊 累計漲跌停強度排名 (2026/07/01 ~ 2026/09/08)
==========================================================================================================================================================================
    實資排名        累計天數排名  代號        名稱                 累計漲停(元)       累計跌停(元)       強度%  (07/01)開盤      最高      最低      收盤    (09/08)開盤      最高      最低      收盤      賺賠    賺賠率
--------------------------------------------------------------------------------------------------------------------------------------------------------------------------
       1           138  2059      川湖                12030.00       6520.00    62.41%   7395.00  7875.00  7300.00  7655.00    14000.00 14200.00 12515.00 12520.00  +4865.00   +63.55%
       2           409  6669      緯穎                 5650.00       2910.00    31.04%   4740.00  5050.00  4655.00  5035.00     2455.00  2485.00  2315.00  2340.00  -2695.00   -53.53%
       3           387  3653      健策                 5050.00       3055.00    22.60%   3540.00  3580.00  3395.00  3400.00     5700.00  5720.00  5480.00  5550.00  +2150.00   +63.24%
       4           350  3008      大立光                5825.00       3925.00    21.52%   4490.00  4560.00  4250.00  4330.00     6430.00  6660.00  6350.00  6500.00  +2170.00   +50.12%
       5           476  2454      聯發科                3235.00       2345.00    10.08%   4315.00  4380.00  4225.00  4335.00     4800.00  4830.00  4685.00  4710.00   +375.00    +8.65%
       6           358  3443      創意                 4865.00       4000.00     9.80%   4865.00  5130.00  4845.00  5045.00     5940.00  6100.00  5730.00  5960.00   +915.00   +18.14%
       7           582  3017      奇鋐                 2790.00       2090.00     7.93%   2615.00  2665.00  2500.00  2620.00     3455.00  3455.00  3245.00  3285.00   +665.00   +25.38%
       8           712  6949      沛爾生醫-創              913.00        486.00     4.84%    879.00   918.00   862.00   906.00       60.40    62.70    60.40    60.40   -845.60   -93.33%
       9           746  6805      富世達                1915.00       1580.00     3.79%   1710.00  1745.00  1680.00  1700.00     2235.00  2235.00  2145.00  2155.00   +455.00   +26.76%
      10           686  6446      藥華藥                1290.00        975.00     3.57%   1380.00  1405.00  1355.00  1360.00     1345.00  1450.00  1345.00  1405.00    +45.00    +3.31%
      11           914  3406      玉晶光                 749.50        437.50     3.53%    673.00   684.00   634.00   641.00      987.00  1050.00   970.00  1010.00   +369.00   +57.57%
      12          1000  2357      華碩                  604.00        317.00     3.25%    658.00   659.00   635.00   657.00      992.00   992.00   956.00   968.00   +311.00   +47.34%
      13           752  7711      永擎                  475.50        193.50     3.19%    323.00   325.00   315.00   316.50      650.00   650.00   594.00   594.00   +277.50   +87.68%
      14           359  7769      鴻勁                 5490.00       5235.00     2.89%   6745.00  7115.00  6695.00  6960.00     6565.00  7160.00  6500.00  6970.00    +10.00    +0.14%
      15           959  2395      研華                  412.50        212.50     2.27%    504.00   507.00   493.00   503.00      681.00   681.00   651.00   657.00   +154.00   +30.62%
      16           848  6933      AMAX-KY             258.50         59.50     2.25%    143.50   144.50   140.00   141.00      322.50   325.00   315.00   317.50   +176.50  +125.18%
      17          1162  8039      台虹                  375.50        219.50     1.77%    149.00   157.50   144.50   145.50      327.50   327.50   294.50   294.50   +149.00  +102.41%
      18           319  7610      聯友金屬-創             2495.00       2350.00     1.64%   2295.00  2450.00  2250.00  2430.00     2000.00  2170.00  2000.00  2065.00   -365.00   -15.02%
      19           646  2360      致茂                 1795.00       1660.00     1.53%   2245.00  2325.00  2175.00  2270.00     2235.00  2340.00  2185.00  2265.00     -5.00    -0.22%
      20          1128  2455      全新                  416.50        285.00     1.49%    359.50   365.00   357.00   358.50      528.00   535.00   506.00   515.00   +156.50   +43.65%
      21          1020  2301      光寶科                 199.00         88.50     1.25%    226.00   229.00   218.00   219.50      300.00   301.50   289.00   291.00    +71.50   +32.57%
      22          1105  3006      晶豪科                 252.00        153.00     1.12%    226.50   228.00   206.00   213.00      298.50   306.00   291.50   298.50    +85.50   +40.14%
      23           582  7750      新代                 1870.00       1775.00     1.08%   2005.00  2050.00  1945.00  2050.00     2390.00  2395.00  2280.00  2315.00   +265.00   +12.93%
      24           888  6426      統新                  159.00         65.00     1.06%    198.00   198.00   186.00   189.50      316.50   325.50   297.50   307.00   +117.50   +62.01%
      25          1092  7788      松川精密                216.50        124.50     1.04%    258.50   262.00   252.00   254.00      300.00   304.50   285.00   291.50    +37.50   +14.76%
      26           400  6533      晶心科                 124.50         38.50     0.97%    197.50   199.00   194.00   195.00      256.50   261.50   252.50   256.00    +61.00   +31.28%
      27           209  2207      和泰車                 121.50         46.00     0.86%    468.50   471.50   463.50   465.00      535.00   538.00   529.00   535.00    +70.00   +15.05%
      28           750  3034      聯詠                  202.50        144.00     0.66%    543.00   551.00   535.00   538.00      543.00   543.00   524.00   534.00     -4.00    -0.74%
      29           997  2408      南亞科                 507.00        450.00     0.65%    455.00   455.00   412.00   421.00      527.00   540.00   524.00   531.00   +110.00   +26.13%
      30           269  2421      建準                   54.00          0.00     0.61%    145.00   148.00   144.50   146.00      172.00   172.00   165.50   168.00    +22.00   +15.07%
      31           951  2049      上銀                  211.00        157.50     0.61%    330.50   355.50   330.50   348.50      367.00   367.00   349.00   350.00     +1.50    +0.43%
      32           582  3231      緯創                   69.00         20.00     0.56%    161.00   162.00   159.00   159.50      189.00   189.00   182.50   186.50    +27.00   +16.93%
      33           587  3617      碩天                   80.50         32.50     0.54%    215.00   221.50   214.00   216.50      252.00   252.50   244.50   245.00    +28.50   +13.16%
      34           362  6579      研揚                   61.50         20.50     0.46%    157.00   158.50   154.50   156.50      152.00   152.50   146.50   147.50     -9.00    -5.75%
      35           199  6214      精誠                   40.00          0.00     0.45%    135.00   135.00   130.00   131.00      185.00   186.00   184.00   185.00    +54.00   +41.22%
      36           762  2464      盟立                  106.50         68.00     0.44%    174.00   190.00   173.00   190.00      206.00   210.00   192.00   194.50     +4.50    +2.37%
      37           943  4977      眾達-KY                84.50         48.00     0.41%    171.50   171.50   157.00   157.00      180.00   180.00   170.00   173.00    +16.00   +10.19%
      38           324  6957      裕慶-KY                67.00         33.00     0.39%    190.50   191.00   189.00   190.00      222.00   222.00   216.00   216.00    +26.00   +13.68%
      39          1225  6213      聯茂                  366.50        335.00     0.36%    379.00   384.00   348.50   360.00      521.00   539.00   500.00   510.00   +150.00   +41.67%
      40           134  6782      視陽                   41.00         10.50     0.35%    196.50   196.50   194.00   195.00      230.00   234.00   228.00   232.50    +37.50   +19.23%
==========================================================================================================================================================================
✅ 共 40 筆


══════════════════════════════════════════════════════════════════════════════════════════════════════════════
  🔄 第 17/45 次  2026/06/30 ～ 2026/09/07
══════════════════════════════════════════════════════════════════════════════════════════════════════════════

==========================================================================================================================================================================
📊 累計漲跌停強度排名 (2026/06/30 ~ 2026/09/07)
==========================================================================================================================================================================
    實資排名        累計天數排名  代號        名稱                 累計漲停(元)       累計跌停(元)       強度%  (06/30)開盤      最高      最低      收盤    (09/07)開盤      最高      最低      收盤      賺賠    賺賠率
--------------------------------------------------------------------------------------------------------------------------------------------------------------------------
       1           140  2059      川湖                12280.00       5135.00    46.55%   7325.00  7425.00  6950.00  7360.00    14015.00 14145.00 13700.00 13905.00  +6545.00   +88.93%
       2           429  6669      緯穎                 5705.00       2760.00    19.19%   4695.00  4720.00  4520.00  4635.00     2525.00  2545.00  2390.00  2490.00  -2145.00   -46.28%
       3           386  3653      健策                 5160.00       2950.00    14.40%   3400.00  3485.00  3370.00  3430.00     6000.00  6000.00  5600.00  5655.00  +2225.00   +64.87%
       4           349  3008      大立光                5825.00       3855.00    12.84%   4250.00  4430.00  4210.00  4290.00     7185.00  7185.00  6660.00  6660.00  +2370.00   +55.24%
       5           464  2454      聯發科                3570.00       2295.00     8.31%   4145.00  4300.00  4060.00  4245.00     4500.00  4855.00  4485.00  4760.00   +515.00   +12.13%
       6           352  3443      創意                 5265.00       4000.00     8.24%   4555.00  4860.00  4445.00  4845.00     6000.00  6030.00  5705.00  5935.00  +1090.00   +22.50%
       7           580  3017      奇鋐                 3015.00       1955.00     6.91%   2380.00  2530.00  2370.00  2525.00     3595.00  3595.00  3410.00  3420.00   +895.00   +35.45%
       8           763  6805      富世達                1970.00       1470.00     3.26%   1570.00  1725.00  1570.00  1680.00     2260.00  2265.00  2210.00  2265.00   +585.00   +34.82%
       9           790  6949      沛爾生醫-創              928.00        486.00     2.88%    870.00   882.00   854.00   871.00       81.90    81.90    67.10    67.10   -803.90   -92.30%
      10           741  7711      永擎                  475.50        127.50     2.27%    318.50   322.00   317.50   320.50      645.00   675.00   621.00   660.00   +339.50  +105.93%
      11           980  2357      華碩                  604.00        286.00     2.07%    705.00   711.00   691.00   700.00     1025.00  1025.00   981.00   999.00   +299.00   +42.71%
      12           701  6446      藥華藥                1280.00        975.00     1.99%   1295.00  1380.00  1285.00  1340.00     1315.00  1350.00  1285.00  1325.00    -15.00    -1.12%
      13           906  3406      玉晶光                 726.50        437.50     1.88%    658.00   671.00   654.00   659.00     1040.00  1040.00   961.00   987.00   +328.00   +49.77%
      14           989  2395      研華                  432.00        189.50     1.58%    481.00   495.50   477.00   492.00      727.00   727.00   677.00   680.00   +188.00   +38.21%
      15           322  7610      聯友金屬-創             2560.00       2350.00     1.37%   2195.00  2230.00  2110.00  2230.00     2000.00  2000.00  2000.00  2000.00   -230.00   -10.31%
      16           461  3661      世芯-KY              3540.00       3340.00     1.30%   4150.00  4325.00  4050.00  4180.00     4175.00  4180.00  4000.00  4040.00   -140.00    -3.35%
      17           848  6933      AMAX-KY             258.50         59.50     1.30%    141.00   142.50   139.50   142.00      319.00   319.00   307.50   313.00   +171.00  +120.42%
      18          1143  8039      台虹                  375.50        187.00     1.23%    140.00   149.00   140.00   149.00      324.00   327.00   306.00   327.00   +178.00  +119.46%
      19           653  2360      致茂                 1840.00       1660.00     1.17%   2140.00  2210.00  2115.00  2160.00     2140.00  2230.00  2100.00  2230.00    +70.00    +3.24%
      20          1209  2455      全新                  412.50        285.00     0.83%    343.50   360.00   340.50   347.00      525.00   525.00   491.00   500.00   +153.00   +44.09%
      21          1113  2301      光寶科                 209.50         88.50     0.79%    214.50   224.50   214.00   222.00      314.00   314.00   297.00   299.00    +77.00   +34.68%
      22          1080  7788      松川精密                216.50        109.50     0.70%    277.00   278.00   257.00   257.00      335.00   335.00   310.00   316.50    +59.50   +23.15%
      23           573  7750      新代                 1870.00       1770.00     0.65%   2105.00  2105.00  2000.00  2010.00     2425.00  2475.00  2360.00  2375.00   +365.00   +18.16%
      24          1105  3006      晶豪科                 252.00        153.00     0.65%    227.00   227.50   217.50   226.00      288.00   304.00   288.00   297.00    +71.00   +31.42%
      25           400  6533      晶心科                 124.50         38.50     0.56%    192.50   197.50   192.50   197.00      255.50   262.00   255.00   257.00    +60.00   +30.46%
      26           873  6426      統新                  148.00         65.00     0.54%    195.00   200.00   190.00   192.00      285.00   296.00   285.00   296.00   +104.00   +54.17%
      27           838  3034      聯詠                  214.50        144.00     0.46%    529.00   542.00   518.00   535.00      534.00   540.00   525.00   540.00     +5.00    +0.93%
      28           916  2049      上銀                  211.00        143.00     0.44%    316.50   330.50   316.50   325.00      371.00   377.50   362.50   364.50    +39.50   +12.15%
      29           221  2207      和泰車                 121.50         59.00     0.41%    481.00   483.50   465.50   465.50      548.00   548.00   533.00   539.00    +73.50   +15.79%
      30           531  3231      緯創                   69.00          9.50     0.39%    157.50   160.00   156.00   158.50      199.50   200.50   192.00   197.00    +38.50   +24.29%
      31          1269  2467      志聖                  578.50        519.00     0.39%    589.00   625.00   589.00   620.00      616.00   635.00   607.00   619.00     -1.00    -0.16%
      32          1271  6213      聯茂                  393.00        335.00     0.38%    357.50   376.00   353.00   370.50      535.00   535.00   505.00   513.00   +142.50   +38.46%
      33          1223  3563      牧德                  532.00        477.00     0.36%    684.00   717.00   672.00   708.00      700.00   714.00   698.00   699.00     -9.00    -1.27%
      34           269  2421      建準                   54.00          0.00     0.35%    139.50   144.50   139.00   142.00      178.00   178.50   169.00   171.50    +29.50   +20.77%
      35           847  2464      盟立                  119.50         68.00     0.34%    161.00   175.00   159.00   173.00      213.00   213.00   202.50   203.00    +30.00   +17.34%
      36           587  3617      碩天                   80.50         32.50     0.31%    218.00   220.50   213.00   213.00      251.00   254.00   247.00   248.50    +35.50   +16.67%
      37           972  3711      日月光投控               491.00        443.00     0.31%    653.00   687.00   650.00   680.00      600.00   628.00   600.00   621.00    -59.00    -8.68%
      38           639  6491      晶碩                  105.50         62.00     0.28%    335.50   345.00   330.00   345.00      388.00   388.00   377.00   379.50    +34.50   +10.00%
      39           985  2408      南亞科                 493.00        450.00     0.28%    465.50   465.50   436.00   452.50      519.00   525.00   508.00   517.00    +64.50   +14.25%
      40           904  6278      台表科                  96.50         55.00     0.27%    199.00   213.00   198.00   213.00      200.00   200.00   194.50   195.00    -18.00    -8.45%
==========================================================================================================================================================================
✅ 共 40 筆


══════════════════════════════════════════════════════════════════════════════════════════════════════════════
  🔄 第 18/45 次  2026/06/29 ～ 2026/09/04
══════════════════════════════════════════════════════════════════════════════════════════════════════════════

==========================================================================================================================================================================
📊 累計漲跌停強度排名 (2026/06/29 ~ 2026/09/04)
==========================================================================================================================================================================
    實資排名        累計天數排名  代號        名稱                 累計漲停(元)       累計跌停(元)       強度%  (06/29)開盤      最高      最低      收盤    (09/04)開盤      最高      最低      收盤      賺賠    賺賠率
--------------------------------------------------------------------------------------------------------------------------------------------------------------------------
       1           129  2059      川湖                12355.00       5135.00    45.75%   7080.00  7275.00  6920.00  7110.00    13890.00 14050.00 13150.00 13860.00  +6750.00   +94.94%
       2           423  6669      緯穎                 6005.00       2685.00    21.04%   4350.00  4705.00  4335.00  4580.00     2505.00  2570.00  2485.00  2565.00  -2015.00   -44.00%
       3           349  3008      大立光                5825.00       3455.00    15.02%   4640.00  4730.00  4315.00  4380.00     7205.00  7450.00  6880.00  7400.00  +3020.00   +68.95%
       4           388  3653      健策                 5160.00       2815.00    14.86%   3470.00  3480.00  3280.00  3320.00     5835.00  5995.00  5725.00  5875.00  +2555.00   +76.96%
       5           592  3017      奇鋐                 3060.00       1805.00     7.95%   2220.00  2315.00  2220.00  2300.00     3465.00  3570.00  3410.00  3570.00  +1270.00   +55.22%
       6           347  3443      創意                 5140.00       4000.00     7.22%   4425.00  4520.00  4355.00  4420.00     5945.00  6000.00  5680.00  5810.00  +1390.00   +31.45%
       7           486  2454      聯發科                3255.00       2295.00     6.08%   3870.00  4000.00  3825.00  3910.00     4435.00  4490.00  4340.00  4415.00   +505.00   +12.92%
       8           462  3661      世芯-KY              3655.00       3160.00     3.14%   3900.00  4015.00  3890.00  3985.00     4155.00  4275.00  4110.00  4220.00   +235.00    +5.90%
       9           790  6949      沛爾生醫-創              928.00        486.00     2.80%    861.00   888.00   847.00   856.00          --       --       --       --        --        --
      10           773  6805      富世達                1905.00       1485.00     2.66%   1660.00  1690.00  1610.00  1625.00     2150.00  2200.00  2080.00  2200.00   +575.00   +35.38%
      11           672  6446      藥華藥                1380.00        975.00     2.57%   1205.00  1270.00  1205.00  1270.00     1360.00  1370.00  1310.00  1310.00    +40.00    +3.15%
      12           963  2357      華碩                  604.00        260.00     2.18%    702.00   710.00   694.00   703.00      988.00  1030.00   986.00  1025.00   +322.00   +45.80%
      13           720  7711      永擎                  447.50        127.50     2.03%    320.50   329.00   319.50   324.00      597.00   632.00   575.00   632.00   +308.00   +95.06%
      14           906  3406      玉晶光                 726.50        412.50     1.99%    702.00   705.00   652.00   657.00     1020.00  1070.00   962.00  1055.00   +398.00   +60.58%
      15          1008  2395      研華                  449.00        158.50     1.84%    463.00   486.00   457.50   472.50      688.00   727.00   685.00   711.00   +238.50   +50.48%
      16           572  7750      新代                 1930.00       1730.00     1.27%   2010.00  2065.00  1985.00  2065.00     2205.00  2420.00  2205.00  2415.00   +350.00   +16.95%
      17           848  6933      AMAX-KY             258.50         59.50     1.26%    139.00   142.00   137.50   139.00      309.00   319.00   299.00   317.00   +178.00  +128.06%
      18          1123  8039      台虹                  346.00        187.00     1.01%    141.50   143.50   135.50   137.50      307.00   321.00   295.50   297.50   +160.00  +116.36%
      19          1218  2455      全新                  412.50        269.00     0.91%    339.00   348.00   333.00   336.00      548.00   548.00   492.50   528.00   +192.00   +57.14%
      20          1098  7788      松川精密                233.50         91.00     0.90%    257.00   269.50   248.50   267.00      319.00   339.50   315.00   335.00    +68.00   +25.47%
      21          1038  5269      祥碩                  675.00        540.00     0.86%   1390.00  1500.00  1385.00  1475.00     1450.00  1465.00  1425.00  1430.00    -45.00    -3.05%
      22           507  3665      貿聯-KY              1950.00       1815.00     0.86%   1855.00  1915.00  1820.00  1880.00     2135.00  2175.00  2115.00  2145.00   +265.00   +14.10%
      23          1160  2301      光寶科                 219.50         88.50     0.83%    203.00   213.50   203.00   211.50      308.00   316.00   302.00   308.00    +96.50   +45.63%
      24           328  7610      聯友金屬-創             2455.00       2350.00     0.67%   2220.00  2220.00  2050.00  2100.00     1820.00  1820.00  1820.00  1820.00   -280.00   -13.33%
      25           400  6533      晶心科                 124.50         38.50     0.54%    193.00   195.50   189.00   191.00      270.00   271.00   262.00   264.00    +73.00   +38.22%
      26          1075  3006      晶豪科                 233.50        153.00     0.51%    228.00   231.50   219.00   223.50      285.00   289.00   263.50   278.50    +55.00   +24.61%
      27           960  2049      上銀                  222.50        143.00     0.50%    310.00   324.00   308.00   318.50      350.00   364.00   342.00   363.00    +44.50   +13.97%
      28           977  5434      崇越                  264.50        195.50     0.44%    507.00   539.00   504.00   539.00      543.00   547.00   528.00   538.00     -1.00    -0.19%
      29           845  3034      聯詠                  212.50        144.00     0.43%    519.00   530.00   514.00   523.00      527.00   530.00   519.00   524.00     +1.00    +0.19%
      30           221  2207      和泰車                 121.50         59.00     0.40%    488.00   490.00   477.00   478.50      521.00   539.00   521.00   539.00    +60.50   +12.64%
      31           531  3231      緯創                   69.00          9.50     0.38%    154.00   158.00   153.50   154.50      195.50   200.00   193.00   198.00    +43.50   +28.16%
      32          1271  6213      聯茂                  393.00        335.00     0.37%    359.50   359.50   335.00   344.00      537.00   545.00   493.50   517.00   +173.00   +50.29%
      33           850  6426      統新                  121.50         65.00     0.36%    195.00   195.00   188.00   190.00      270.00   274.00   251.00   269.50    +79.50   +41.84%
      34          1223  3563      牧德                  532.00        477.00     0.35%    667.00   684.00   653.00   660.00      695.00   704.00   670.00   693.00    +33.00    +5.00%
      35           269  2421      建準                   54.00          0.00     0.34%    138.50   141.50   137.00   138.00      168.50   179.00   166.00   178.00    +40.00   +28.99%
      36           847  2464      盟立                  119.50         68.00     0.33%    158.00   165.50   154.50   160.00      223.50   224.00   203.00   211.00    +51.00   +31.87%
      37           587  3617      碩天                   80.50         32.50     0.30%    210.00   218.50   210.00   213.50      243.50   248.00   242.00   248.00    +34.50   +16.16%
      38          1237  2467      志聖                  562.50        519.00     0.28%    565.00   598.00   556.00   569.00      620.00   622.00   570.00   603.00    +34.00    +5.98%
      39           639  6491      晶碩                  105.50         62.00     0.28%    322.00   332.00   322.00   331.00      388.00   388.50   377.00   385.00    +54.00   +16.31%
      40           904  6278      台表科                  96.50         55.00     0.26%    191.00   201.00   189.50   194.00      196.00   202.00   194.00   200.00     +6.00    +3.09%
==========================================================================================================================================================================
✅ 共 40 筆


══════════════════════════════════════════════════════════════════════════════════════════════════════════════
  🔄 第 19/45 次  2026/06/26 ～ 2026/09/03
══════════════════════════════════════════════════════════════════════════════════════════════════════════════

==========================================================================================================================================================================
📊 累計漲跌停強度排名 (2026/06/26 ~ 2026/09/03)
==========================================================================================================================================================================
    實資排名        累計天數排名  代號        名稱                 累計漲停(元)       累計跌停(元)       強度%  (06/26)開盤      最高      最低      收盤    (09/03)開盤      最高      最低      收盤      賺賠    賺賠率
--------------------------------------------------------------------------------------------------------------------------------------------------------------------------
       1           136  2059      川湖                11945.00       5460.00   178.13%   7205.00  7480.00  6895.00  6990.00    13935.00 14195.00 13255.00 13450.00  +6460.00   +92.42%
       2           420  6669      緯穎                 5915.00       2950.00    81.44%   4485.00  4505.00  4250.00  4280.00     2605.00  2630.00  2475.00  2475.00  -1805.00   -42.17%
       3           388  3653      健策                 4915.00       2815.00    57.68%   3385.00  3525.00  3380.00  3405.00     5770.00  5820.00  5590.00  5615.00  +2210.00   +64.90%
       4           347  3008      大立光                5575.00       3900.00    46.01%   5020.00  5050.00  4710.00  4720.00     7770.00  7825.00  7090.00  7150.00  +2430.00   +51.48%
       5           600  3017      奇鋐                 2790.00       2055.00    20.19%   2475.00  2475.00  2255.00  2255.00     3395.00  3525.00  3290.00  3300.00  +1045.00   +46.34%
       6           276  3443      創意                 5130.00       4430.00    19.23%   4790.00  4875.00  4410.00  4420.00     5895.00  6045.00  5725.00  5800.00  +1380.00   +31.22%
       7           476  2454      聯發科                3180.00       2725.00    12.50%   4150.00  4185.00  3880.00  3880.00     4400.00  4420.00  4290.00  4340.00   +460.00   +11.86%
       8           877  6949      沛爾生醫-創              928.00        503.00    11.67%    870.00   875.00   840.00   862.00          --       --       --       --        --        --
       9           710  6446      藥華藥                1380.00        975.00    11.12%   1185.00  1215.00  1145.00  1155.00     1315.00  1375.00  1315.00  1350.00   +195.00   +16.88%
      10           785  7711      永擎                  390.50        145.50     6.73%    338.50   338.50   320.50   320.50      617.00   617.00   575.00   575.00   +254.50   +79.41%
      11           977  2357      華碩                  550.00        307.00     6.67%    730.00   735.00   700.00   701.00     1020.00  1025.00   962.00   971.00   +270.00   +38.52%
      12          1043  2395      研華                  412.00        183.00     6.29%    469.50   469.50   453.00   455.50      706.00   715.00   673.00   674.00   +218.50   +47.97%
      13           780  6805      富世達                1800.00       1595.00     5.63%   1750.00  1775.00  1630.00  1640.00     2130.00  2170.00  2030.00  2095.00   +455.00   +27.74%
      14           918  3406      玉晶光                 662.50        471.50     5.25%    749.00   760.00   698.00   700.00     1060.00  1070.00   990.00   991.00   +291.00   +41.57%
      15           791  6933      AMAX-KY             243.50         59.50     5.05%    143.00   143.50   135.50   137.50      316.00   322.00   301.50   302.00   +164.50  +119.64%
      16          1123  8039      台虹                  346.00        187.00     4.37%    143.00   146.50   137.50   137.50      316.00   318.50   291.00   293.00   +155.50  +113.09%
      17          1218  2455      全新                  412.50        269.00     3.94%    382.50   382.50   347.50   348.00      541.00   555.00   520.00   525.00   +177.00   +50.86%
      18          1059  7788      松川精密                213.50         91.00     3.36%    252.00   258.00   242.50   250.00      330.00   332.00   297.50   315.00    +65.00   +26.00%
      19          1267  2301      光寶科                 219.50        102.00     3.23%    213.50   213.50   201.00   201.50      321.50   325.50   296.50   299.00    +97.50   +48.39%
      20           529  6533      晶心科                 124.50         49.00     2.07%    201.50   201.50   192.00   192.00      264.00   273.50   263.50   264.00    +72.00   +37.50%
      21          1054  5269      祥碩                  675.00        600.00     2.06%   1420.00  1430.00  1365.00  1365.00     1470.00  1495.00  1430.00  1440.00    +75.00    +5.49%
      22          1185  3006      晶豪科                 233.50        166.00     1.85%    242.00   248.00   225.50   227.00      300.50   309.50   275.00   277.00    +50.00   +22.03%
      23          1271  6213      聯茂                  393.00        335.00     1.59%    353.00   373.00   345.00   346.50      550.00   552.00   509.00   512.00   +165.50   +47.76%
      24           453  3231      緯創                   59.50          9.50     1.37%    159.00   159.00   153.00   153.00      188.00   196.00   186.50   188.50    +35.50   +23.20%
      25           942  2464      盟立                  119.50         71.00     1.33%    167.00   169.00   155.50   155.50      215.00   222.00   214.00   222.00    +66.50   +42.77%
      26           179  2207      和泰車                 103.50         59.00     1.22%    474.50   488.00   474.50   481.00      515.00   526.00   514.00   521.00    +40.00    +8.32%
      27           639  6491      晶碩                  105.50         62.00     1.19%    325.00   325.00   319.00   322.00      396.00   396.00   380.00   380.50    +58.50   +18.17%
      28          1004  5434      崇越                  253.50        210.50     1.18%    505.00   513.00   490.00   490.00      536.00   544.00   527.00   527.00    +37.00    +7.55%
      29           362  6579      研揚                   61.50         20.50     1.13%    156.00   156.00   150.00   150.50      150.00   151.50   142.50   142.50     -8.00    -5.32%
      30           207  2421      建準                   40.50          0.00     1.11%    144.50   145.50   137.00   137.00      168.00   174.00   163.00   164.50    +27.50   +20.07%
      31           199  6214      精誠                   40.00          0.00     1.10%    129.50   131.50   127.50   128.00      183.00   184.50   182.50   183.00    +55.00   +42.97%
      32          1090  7795      長廣                  630.00        590.50     1.08%    425.00   460.50   422.50   460.50      531.00   534.00   489.00   489.00    +28.50    +6.19%
      33          1233  8033      雷虎                  214.50        175.00     1.08%    139.00   143.00   136.50   140.50      183.00   184.50   172.50   173.00    +32.50   +23.13%
      34          1241  1303      南亞                  207.50        169.00     1.06%    154.00   155.00   146.00   148.00      243.00   244.50   219.50   221.00    +73.00   +49.32%
      35           925  6426      統新                  121.50         86.00     0.98%    210.00   211.00   193.00   193.00      260.50   274.00   249.00   265.50    +72.50   +37.56%
      36           324  6957      裕慶-KY                67.00         33.00     0.93%    189.50   193.00   185.00   186.00      218.00   220.50   217.50   217.50    +31.50   +16.94%
      37           973  2049      上銀                  204.00        170.50     0.92%    328.00   329.50   305.00   307.00      353.00   364.50   343.00   344.50    +37.50   +12.21%
      38           673  3617      碩天                   80.50         49.50     0.85%    224.00   224.00   208.50   208.50      250.50   250.50   241.50   241.50    +33.00   +15.83%
      39           134  6782      視陽                   41.00         10.50     0.84%    191.50   192.50   188.50   190.00      240.00   240.00   232.00   235.00    +45.00   +23.68%
      40          1005  6278      台表科                  96.50         69.50     0.74%    202.00   203.00   190.00   190.50      202.50   202.50   191.50   191.50     +1.00    +0.52%
==========================================================================================================================================================================
✅ 共 40 筆


══════════════════════════════════════════════════════════════════════════════════════════════════════════════
  🔄 第 20/45 次  2026/06/25 ～ 2026/09/02
══════════════════════════════════════════════════════════════════════════════════════════════════════════════

==========================================================================================================================================================================
📊 累計漲跌停強度排名 (2026/06/25 ~ 2026/09/02)
==========================================================================================================================================================================
    實資排名        累計天數排名  代號        名稱                 累計漲停(元)       累計跌停(元)       強度%  (06/25)開盤      最高      最低      收盤    (09/02)開盤      最高      最低      收盤      賺賠    賺賠率
--------------------------------------------------------------------------------------------------------------------------------------------------------------------------
       1           137  2059      川湖                11945.00       5235.00    99.46%   7560.00  7795.00  7225.00  7315.00    14220.00 14220.00 13600.00 13865.00  +6550.00   +89.54%
       2           425  6669      緯穎                 5915.00       2875.00    45.06%   4655.00  4745.00  4535.00  4545.00     2790.00  2875.00  2585.00  2610.00  -1935.00   -42.57%
       3           347  3008      大立光                5840.00       3240.00    38.54%   5040.00  5235.00  4875.00  5165.00     7470.00  7955.00  7460.00  7810.00  +2645.00   +51.21%
       4           386  3653      健策                 4915.00       2910.00    29.72%   3685.00  3690.00  3375.00  3390.00     5755.00  5850.00  5660.00  5770.00  +2380.00   +70.21%
       5           281  3443      創意                 5130.00       4365.00    11.34%   5255.00  5330.00  4735.00  4850.00     5955.00  6080.00  5860.00  5895.00  +1045.00   +21.55%
       6           535  3017      奇鋐                 2790.00       2070.00    10.67%   2595.00  2635.00  2485.00  2505.00     3365.00  3490.00  3280.00  3310.00   +805.00   +32.14%
       7           903  6949      沛爾生醫-創              947.00        503.00     6.58%    870.00   900.00   845.00   879.00          --       --       --       --        --        --
       8           494  2454      聯發科                3140.00       2725.00     6.15%   4400.00  4445.00  4215.00  4310.00     4450.00  4565.00  4230.00  4275.00    -35.00    -0.81%
       9           718  6446      藥華藥                1370.00        975.00     5.86%   1165.00  1215.00  1145.00  1195.00     1335.00  1345.00  1280.00  1305.00   +110.00    +9.21%
      10           923  3406      玉晶光                 688.50        412.50     4.09%    740.00   785.00   733.00   759.00      970.00  1070.00   970.00  1050.00   +291.00   +38.34%
      11           793  7711      永擎                  390.50        120.50     4.00%    353.50   353.50   338.00   338.50      570.00   625.00   567.00   610.00   +271.50   +80.21%
      12           970  2357      華碩                  550.00        291.00     3.84%    770.00   773.00   743.00   748.00     1000.00  1020.00   993.00  1010.00   +262.00   +35.03%
      13           994  2395      研華                  412.00        165.00     3.66%    482.00   485.00   472.00   480.00      705.00   709.00   688.00   692.00   +212.00   +44.17%
      14           755  6933      AMAX-KY             243.50         30.50     3.16%    152.00   152.00   144.50   145.00      314.50   331.00   309.00   331.00   +186.00  +128.28%
      15          1079  8039      台虹                  346.00        166.50     2.66%    150.00   153.00   143.50   143.50      319.00   325.00   311.00   313.50   +170.00  +118.47%
      16           730  6805      富世達                1800.00       1635.00     2.45%   1820.00  1865.00  1750.00  1750.00     2240.00  2240.00  2110.00  2110.00   +360.00   +20.57%
      17          1167  2455      全新                  412.50        252.00     2.38%    400.00   400.00   384.50   388.50      515.00   552.00   509.00   542.00   +153.50   +39.51%
      18          1213  2301      光寶科                 219.50         86.00     1.98%    226.00   233.50   215.00   215.00      297.00   328.00   296.50   315.00   +100.00   +46.51%
      19          1067  3189      景碩                  948.00        825.00     1.82%    760.00   812.00   750.00   812.00      850.00   864.00   837.00   847.00    +35.00    +4.31%
      20          1245  6213      聯茂                  423.50        311.00     1.67%    329.00   339.50   329.00   339.50      545.00   566.00   532.00   536.00   +196.50   +57.88%
      21          1097  7788      松川精密                213.50        101.00     1.67%    267.50   267.50   252.50   255.00      315.50   322.00   312.50   316.00    +61.00   +23.92%
      22          1048  5269      祥碩                  685.00        580.00     1.56%   1435.00  1445.00  1415.00  1435.00     1475.00  1485.00  1445.00  1460.00    +25.00    +1.74%
      23           711  8046      南電                 1448.00       1368.00     1.19%    990.00  1045.00   981.00  1045.00     1210.00  1225.00  1170.00  1200.00   +155.00   +14.83%
      24           529  6533      晶心科                 124.50         49.00     1.12%    205.00   211.00   202.00   202.50      260.00   266.50   256.00   263.50    +61.00   +30.12%
      25          1185  3006      晶豪科                 233.50        166.00     1.00%    258.50   264.00   240.00   240.00      276.00   284.50   271.00   281.50    +41.50   +17.29%
      26          1052  7795      長廣                  630.00        564.50     0.97%    401.50   427.50   401.50   419.00      533.00   548.00   513.00   515.00    +96.00   +22.91%
      27          1035  5434      崇越                  269.50        210.50     0.87%    498.00   505.00   490.00   505.00      535.00   540.00   530.00   535.00    +30.00    +5.94%
      28           572  6491      晶碩                  105.50         48.50     0.84%    329.00   330.00   323.00   325.00      399.00   399.50   390.00   394.00    +69.00   +21.23%
      29          1189  1303      南亞                  207.50        152.50     0.82%    160.00   161.00   155.00   155.00      240.00   248.00   232.00   237.50    +82.50   +53.23%
      30           850  3034      聯詠                  230.50        180.00     0.75%    545.00   572.00   543.00   561.00      558.00   563.00   540.00   543.00    -18.00    -3.21%
      31           743  3037      欣興                 1013.00        963.00     0.74%    949.00  1020.00   944.00  1020.00      955.00   988.00   948.00   973.00    -47.00    -4.61%
      32           453  3231      緯創                   59.50          9.50     0.74%    159.50   162.00   156.50   160.00      184.00   192.50   183.00   185.50    +25.50   +15.94%
      33           955  2408      南亞科                 487.00        437.50     0.73%    479.00   483.00   461.50   477.00      509.00   524.00   502.00   518.00    +41.00    +8.60%
      34           710  3617      碩天                   94.00         49.50     0.66%    217.00   227.00   216.00   225.50      251.00   253.50   247.50   249.00    +23.50   +10.42%
      35           179  2207      和泰車                 103.50         59.00     0.66%    475.50   485.50   475.50   480.00      514.00   518.00   511.00   517.00    +37.00    +7.71%
      36          1190  3563      牧德                  515.00        474.00     0.61%    722.00   727.00   706.00   706.00      699.00   733.00   697.00   710.00     +4.00    +0.57%
      37           362  6579      研揚                   61.50         20.50     0.61%    158.50   160.00   156.00   157.00      149.00   150.50   148.50   148.50     -8.50    -5.41%
      38           207  2421      建準                   40.50          0.00     0.60%    150.50   151.50   145.50   145.50      175.00   178.50   166.00   168.00    +22.50   +15.46%
      39           199  6214      精誠                   40.00          0.00     0.59%    131.50   131.50   129.00   129.50      181.50   183.50   181.50   183.00    +53.50   +41.31%
      40          1233  8033      雷虎                  214.50        175.00     0.59%    142.00   143.50   137.50   138.50      185.00   188.50   181.00   181.00    +42.50   +30.69%
==========================================================================================================================================================================
✅ 共 40 筆


══════════════════════════════════════════════════════════════════════════════════════════════════════════════
  🔄 第 21/45 次  2026/06/24 ～ 2026/09/01
══════════════════════════════════════════════════════════════════════════════════════════════════════════════

==========================================================================================================================================================================
📊 累計漲跌停強度排名 (2026/06/24 ~ 2026/09/01)
==========================================================================================================================================================================
    實資排名        累計天數排名  代號        名稱                 累計漲停(元)       累計跌停(元)       強度%  (06/24)開盤      最高      最低      收盤    (09/01)開盤      最高      最低      收盤      賺賠    賺賠率
--------------------------------------------------------------------------------------------------------------------------------------------------------------------------
       1           147  2059      川湖                11975.00       4950.00    90.94%   7620.00  7620.00  7275.00  7505.00    14010.00 14740.00 14005.00 14150.00  +6645.00   +88.54%
       2           433  6669      緯穎                 5915.00       2945.00    38.45%   4600.00  4645.00  4530.00  4605.00     7115.00  7800.00  7050.00  7800.00  +3195.00   +69.38%
       3           352  3008      大立光                5610.00       3340.00    29.39%   4870.00  4985.00  4825.00  4900.00     7655.00  7995.00  7565.00  7580.00  +2680.00   +54.69%
       4           381  3653      健策                 4915.00       2995.00    24.86%   3790.00  3815.00  3555.00  3640.00     6075.00  6095.00  5820.00  5885.00  +2245.00   +61.68%
       5           273  3443      創意                 5285.00       4265.00    13.20%   4725.00  4880.00  4615.00  4880.00     6490.00  6490.00  5925.00  5995.00  +1115.00   +22.85%
       6           529  3017      奇鋐                 2895.00       1970.00    11.97%   2355.00  2590.00  2335.00  2530.00     3435.00  3465.00  3350.00  3410.00   +880.00   +34.78%
       7           919  6949      沛爾生醫-創              974.00        503.00     6.10%    834.00   860.00   809.00   860.00          --       --       --       --        --        --
       8           722  6446      藥華藥                1435.00        975.00     5.96%   1085.00  1180.00  1085.00  1160.00     1375.00  1375.00  1310.00  1310.00   +150.00   +12.93%
       9           736  6805      富世達                1840.00       1460.00     4.92%   1750.00  1830.00  1730.00  1805.00     2305.00  2320.00  2130.00  2285.00   +480.00   +26.59%
      10           985  2395      研華                  412.00        160.00     3.26%    477.50   483.50   466.00   473.50      689.00   715.00   679.00   711.00   +237.50   +50.16%
      11           997  2357      華碩                  550.00        305.00     3.17%    775.00   783.00   764.00   771.00     1000.00  1025.00   987.00  1010.00   +239.00   +31.00%
      12           786  7711      永擎                  355.50        120.50     3.04%    331.00   350.00   331.00   348.50      535.00   580.00   533.00   575.00   +226.50   +64.99%
      13           918  3406      玉晶光                 643.50        412.50     2.99%    735.00   746.00   723.00   733.00     1005.00  1090.00   993.00  1005.00   +272.00   +37.11%
      14           474  2454      聯發科                3140.00       2935.00     2.65%   4480.00  4515.00  4225.00  4285.00     4315.00  4315.00  4315.00  4315.00    +30.00    +0.70%
      15           744  6933      AMAX-KY             227.00         30.50     2.54%    149.00   152.00   148.50   150.00      296.00   314.50   296.00   314.50   +164.50  +109.67%
      16          1079  8039      台虹                  346.00        166.50     2.32%    143.00   151.00   142.50   148.00      328.00   334.50   309.50   319.00   +171.00  +115.54%
      17          1069  3189      景碩                  960.00        798.00     2.10%    749.00   766.00   710.00   739.00      838.00   900.00   835.00   874.00   +135.00   +18.27%
      18           500  3665      貿聯-KY              1905.00       1750.00     2.01%   1995.00  2075.00  1940.00  2005.00     2190.00  2375.00  2165.00  2315.00   +310.00   +15.46%
      19          1216  6213      聯茂                  451.50        297.00     2.00%    309.00   309.00   303.00   309.00      550.00   575.00   545.00   550.00   +241.00   +77.99%
      20           689  8046      南電                 1494.00       1343.00     1.95%    906.00   956.00   887.00   955.00     1260.00  1335.00  1220.00  1225.00   +270.00   +28.27%
      21          1158  2455      全新                  394.50        252.00     1.84%    385.00   397.00   368.00   397.00      490.00   524.00   474.00   524.00   +127.00   +31.99%
      22          1201  2301      光寶科                 205.00         86.00     1.54%    225.50   225.50   213.00   216.50      305.50   307.00   299.00   300.50    +84.00   +38.80%
      23          1002  5269      祥碩                  685.00        570.00     1.49%   1395.00  1430.00  1385.00  1425.00     1420.00  1490.00  1420.00  1470.00    +45.00    +3.16%
      24          1126  7788      松川精密                213.50        114.50     1.28%    275.50   278.50   263.00   265.00      321.00   323.00   302.50   320.50    +55.50   +20.94%
      25           529  6533      晶心科                 124.50         49.00     0.98%    204.00   205.50   201.50   204.50      273.00   282.50   251.00   262.50    +58.00   +28.36%
      26          1021  1560      中砂                  524.00        454.00     0.91%    719.00   770.00   719.00   749.00      681.00   748.00   681.00   744.00     -5.00    -0.67%
      27          1185  3006      晶豪科                 233.50        166.00     0.87%    241.00   254.00   240.00   246.50      298.50   299.00   276.00   278.50    +32.00   +12.98%
      28          1043  7795      長廣                  630.00        563.00     0.87%    420.00   431.50   400.00   410.00      507.00   554.00   498.00   538.00   +128.00   +31.22%
      29          1035  5434      崇越                  269.50        210.50     0.76%    486.50   492.50   478.50   489.00      518.00   545.00   518.00   540.00    +51.00   +10.43%
      30           572  6491      晶碩                  105.50         48.50     0.74%    322.00   327.00   322.00   326.00      392.00   409.50   388.00   396.50    +70.50   +21.63%
      31          1189  1303      南亞                  207.50        152.50     0.71%    145.50   169.50   145.50   156.00      250.00   250.00   231.50   234.50    +78.50   +50.32%
      32          1021  1590      亞德客-KY              770.00        715.00     0.71%   1375.00  1405.00  1355.00  1385.00     1460.00  1460.00  1430.00  1445.00    +60.00    +4.33%
      33           850  3034      聯詠                  230.50        180.00     0.65%    540.00   546.00   525.00   543.00      539.00   554.00   539.00   552.00     +9.00    +1.66%
      34           453  3231      緯創                   59.50          9.50     0.65%    156.50   159.50   155.00   157.50      179.00   182.00   178.00   182.00    +24.50   +15.56%
      35          1190  2467      志聖                  562.50        515.00     0.61%    576.00   594.00   573.00   588.00      620.00   643.00   617.00   624.00    +36.00    +6.12%
      36           710  3617      碩天                   94.00         49.50     0.58%    214.50   217.50   211.00   212.00      254.00   262.50   251.00   251.50    +39.50   +18.63%
      37           179  2207      和泰車                 103.50         59.00     0.58%    485.00   486.50   477.00   477.50      508.00   518.00   505.00   518.00    +40.50    +8.48%
      38          1190  3563      牧德                  515.00        474.00     0.53%    707.00   718.00   699.00   715.00      679.00   716.00   679.00   710.00     -5.00    -0.70%
      39           362  6579      研揚                   61.50         20.50     0.53%    156.50   159.50   156.00   158.50      146.00   150.00   146.00   150.00     -8.50    -5.36%
      40            89  6782      視陽                   41.00          0.00     0.53%    194.00   195.50   192.00   194.50      254.00   256.00   247.00   249.50    +55.00   +28.28%
==========================================================================================================================================================================
✅ 共 40 筆


══════════════════════════════════════════════════════════════════════════════════════════════════════════════
  🔄 第 22/45 次  2026/06/23 ～ 2026/08/31
══════════════════════════════════════════════════════════════════════════════════════════════════════════════

==========================================================================================================================================================================
📊 累計漲跌停強度排名 (2026/06/23 ~ 2026/08/31)
==========================================================================================================================================================================
    實資排名        累計天數排名  代號        名稱                 累計漲停(元)       累計跌停(元)       強度%  (06/23)開盤      最高      最低      收盤    (08/31)開盤      最高      最低      收盤      賺賠    賺賠率
--------------------------------------------------------------------------------------------------------------------------------------------------------------------------
       1           154  2059      川湖                11975.00       4995.00   540.46%   7600.00  7695.00  7220.00  7475.00    14250.00 14310.00 13850.00 14180.00  +6705.00   +89.70%
       2           349  3008      大立光                5610.00       3455.00   166.86%   5165.00  5185.00  4965.00  5000.00     7065.00  7735.00  7025.00  7650.00  +2650.00   +53.00%
       3           434  6669      緯穎                 5210.00       3125.00   161.44%   4930.00  4930.00  4675.00  4675.00     7100.00  7360.00  7035.00  7095.00  +2420.00   +51.76%
       4           379  3653      健策                 4915.00       2890.00   156.79%   3925.00  3965.00  3800.00  3840.00     5710.00  6045.00  5690.00  5990.00  +2150.00   +55.99%
       5           307  3443      創意                 5285.00       4190.00    84.79%   4855.00  4980.00  4650.00  4725.00     5850.00  6100.00  5680.00  6100.00  +1375.00   +29.10%
       6           519  3017      奇鋐                 2895.00       1955.00    72.78%   2455.00  2475.00  2400.00  2425.00     3280.00  3425.00  3250.00  3425.00  +1000.00   +41.24%
       7           719  6446      藥華藥                1435.00        890.00    42.20%   1090.00  1150.00  1090.00  1095.00     1630.00  1645.00  1395.00  1395.00   +300.00   +27.40%
       8           937  6949      沛爾生醫-創              974.00        556.00    32.37%    887.00   889.00   819.00   833.00          --       --       --       --        --        --
       9           744  6805      富世達                1840.00       1495.00    26.71%   1820.00  1840.00  1760.00  1765.00     2360.00  2375.00  2230.00  2305.00   +540.00   +30.59%
      10           938  2357      華碩                  539.00        305.00    18.12%    799.00   819.00   783.00   785.00      962.00  1005.00   951.00   999.00   +214.00   +27.26%
      11          1038  2395      研華                  378.00        172.00    15.95%    505.00   505.00   483.00   487.50      664.00   677.00   656.00   677.00   +189.50   +38.87%
      12           948  3406      玉晶光                 643.50        445.50    15.33%    795.00   795.00   738.00   741.00      916.00  1005.00   915.00  1005.00   +264.00   +35.63%
      13           694  8046      南電                 1539.00       1343.00    15.18%    875.00   945.00   867.00   909.00     1220.00  1325.00  1155.00  1230.00   +321.00   +35.31%
      14          1079  8039      台虹                  346.00        166.50    13.90%    154.00   154.00   144.00   145.50      343.00   347.00   309.50   327.00   +181.50  +124.74%
      15           828  7711      永擎                  315.50        136.50    13.86%    360.00   360.00   340.00   340.00      486.00   535.00   483.00   535.00   +195.00   +57.35%
      16           715  6933      AMAX-KY             198.50         30.50    13.01%    156.50   156.50   150.50   152.50      284.00   286.00   283.00   286.00   +133.50   +87.54%
      17          1253  6213      聯茂                  451.50        324.00     9.87%    304.00   312.00   281.00   281.00      563.00   591.00   534.00   548.00   +267.00   +95.02%
      18          1201  2301      光寶科                 205.00         86.00     9.21%    234.50   241.00   223.50   223.50      311.00   314.50   304.00   305.00    +81.50   +36.47%
      19          1126  7788      松川精密                213.50        114.50     7.67%    283.50   285.00   270.00   278.50      339.00   347.00   307.00   316.00    +37.50   +13.46%
      20          1223  2455      全新                  347.50        263.50     6.50%    408.00   408.00   390.00   398.00      428.00   477.00   428.00   477.00    +79.00   +19.85%
      21          1174  3006      晶豪科                 233.50        152.00     6.31%    263.50   269.00   244.00   245.00      265.50   293.50   263.50   292.50    +47.50   +19.39%
      22           529  6533      晶心科                 124.50         49.00     5.85%    210.00   212.00   205.00   206.50      262.50   262.50   254.00   261.00    +54.50   +26.39%
      23           572  6491      晶碩                  105.50         48.50     4.41%    328.00   329.00   325.00   325.50      375.50   399.50   374.50   399.50    +74.00   +22.73%
      24          1189  1303      南亞                  207.50        152.50     4.26%    157.00   165.00   153.00   154.50      224.00   242.50   223.50   242.50    +88.00   +56.96%
      25           453  3231      緯創                   59.50          9.50     3.87%    163.00   163.50   158.00   158.50      176.00   181.00   174.00   178.00    +19.50   +12.30%
      26          1022  5269      祥碩                  640.00        595.00     3.48%   1460.00  1470.00  1400.00  1425.00     1430.00  1440.00  1405.00  1425.00     +0.00    +0.00%
      27          1169  3450      聯鈞                  637.50        592.50     3.48%    570.00   612.00   558.00   612.00      627.00   646.00   601.00   646.00    +34.00    +5.56%
      28           710  3617      碩天                   94.00         49.50     3.45%    215.00   216.00   212.00   213.50      244.00   254.00   240.00   254.00    +40.50   +18.97%
      29           179  2207      和泰車                 103.50         59.00     3.45%    478.00   493.00   478.00   485.00      521.00   521.00   512.00   513.00    +28.00    +5.77%
      30           362  6579      研揚                   61.50         20.50     3.17%    167.50   167.50   157.00   158.50      147.50   147.50   144.00   146.50    -12.00    -7.57%
      31            89  6782      視陽                   41.00          0.00     3.17%    198.50   198.50   194.00   194.00      241.50   254.50   239.00   254.50    +60.50   +31.19%
      32           207  2421      建準                   40.50          0.00     3.14%    151.00   151.00   145.50   146.50      163.50   179.50   163.00   179.50    +33.00   +22.53%
      33           199  6214      精誠                   40.00          0.00     3.10%    135.00   136.50   129.50   130.00      181.00   184.00   180.50   183.50    +53.50   +41.15%
      34          1233  8033      雷虎                  214.50        175.00     3.06%    147.00   147.00   140.00   141.00      187.50   192.50   187.00   187.00    +46.00   +32.62%
      35          1069  3189      景碩                  905.00        867.00     2.94%    780.00   788.00   727.00   727.00      844.00   899.00   810.00   819.00    +92.00   +12.65%
      36           925  6426      統新                  121.50         86.00     2.75%    217.00   224.50   210.50   217.00      260.50   270.00   254.00   261.00    +44.00   +20.28%
      37           324  6957      裕慶-KY                67.00         33.00     2.63%    190.50   190.50   186.00   187.00      227.00   227.00   218.00   219.50    +32.50   +17.38%
      38           973  2049      上銀                  204.00        170.50     2.59%    346.50   346.50   336.00   339.00      350.00   351.00   340.00   350.00    +11.00    +3.24%
      39           935  2464      盟立                   99.50         71.00     2.21%    174.00   176.50   168.00   172.00      185.00   187.00   175.00   180.00     +8.00    +4.65%
      40            61  6670      復盛應用                 28.00          0.00     2.17%    291.50   291.50   284.50   287.00      274.50   288.00   272.50   287.50     +0.50    +0.17%
==========================================================================================================================================================================
✅ 共 40 筆


══════════════════════════════════════════════════════════════════════════════════════════════════════════════
  🔄 第 23/45 次  2026/06/22 ～ 2026/08/28
══════════════════════════════════════════════════════════════════════════════════════════════════════════════

==========================================================================================================================================================================
📊 累計漲跌停強度排名 (2026/06/22 ~ 2026/08/28)
==========================================================================================================================================================================
    實資排名        累計天數排名  代號        名稱                 累計漲停(元)       累計跌停(元)       強度%  (06/22)開盤      最高      最低      收盤    (08/28)開盤      最高      最低      收盤      賺賠    賺賠率
--------------------------------------------------------------------------------------------------------------------------------------------------------------------------
       1           152  2059      川湖                12660.00       4875.00   159.56%   7050.00  7550.00  7045.00  7550.00    14500.00 14595.00 14005.00 14300.00  +6750.00   +89.40%
       2           429  6669      緯穎                 5210.00       3020.00    44.89%   4985.00  4990.00  4855.00  4855.00     6965.00  7245.00  6835.00  7200.00  +2345.00   +48.30%
       3           378  3653      健策                 4710.00       3015.00    34.74%   4015.00  4030.00  3820.00  3840.00     5750.00  5960.00  5690.00  5785.00  +1945.00   +50.65%
       4           366  3008      大立光                5025.00       3465.00    31.97%   5275.00  5360.00  5125.00  5185.00     7005.00  7270.00  6865.00  7065.00  +1880.00   +36.26%
       5           306  3443      創意                 5200.00       4295.00    18.55%   5000.00  5050.00  4715.00  4755.00     5975.00  6245.00  5910.00  6015.00  +1260.00   +26.50%
       6           558  3017      奇鋐                 2850.00       1955.00    18.34%   2465.00  2490.00  2380.00  2420.00     3360.00  3450.00  3320.00  3360.00   +940.00   +38.84%
       7           742  6446      藥華藥                1470.00        740.00    14.96%   1060.00  1120.00  1015.00  1095.00     1580.00  1615.00  1545.00  1545.00   +450.00   +41.10%
       8           738  6805      富世達                1905.00       1455.00     9.22%   1775.00  1830.00  1750.00  1820.00     2265.00  2435.00  2255.00  2345.00   +525.00   +28.85%
       9           945  6949      沛爾生醫-創              974.00        581.00     8.06%    911.00   915.00   857.00   886.00          --       --       --       --        --        --
      10          1038  2395      研華                  378.00        172.00     4.22%    501.00   511.00   494.50   499.50      680.00   685.00   667.00   669.00   +169.50   +33.93%
      11           928  2357      華碩                  505.00        305.00     4.10%    793.00   806.00   788.00   788.00      975.00   981.00   955.00   965.00   +177.00   +22.46%
      12          1049  8039      台虹                  346.00        150.00     4.02%    146.00   155.50   146.00   153.00      363.50   364.00   335.00   343.50   +190.50  +124.51%
      13           662  8046      南電                 1539.00       1343.00     4.02%    891.00   910.00   862.00   864.00     1300.00  1310.00  1215.00  1240.00   +376.00   +43.52%
      14          1069  3189      景碩                  977.00        787.00     3.89%    740.00   796.00   733.00   796.00      929.00   933.00   867.00   899.00   +103.00   +12.94%
      15          1262  6213      聯茂                  479.50        290.00     3.88%    293.00   308.00   292.00   308.00      573.00   592.00   548.00   582.00   +274.00   +88.96%
      16          1202  2301      光寶科                 226.00         73.50     3.13%    216.00   231.50   215.00   231.50      305.00   322.00   299.00   317.50    +86.00   +37.15%
      17           806  3037      欣興                 1050.00        898.00     3.12%    999.00  1055.00   992.00  1005.00     1200.00  1230.00  1070.00  1110.00   +105.00   +10.45%
      18           703  6933      AMAX-KY             172.50         30.50     2.91%    157.50   161.00   156.00   156.50      260.00   260.00   256.00   260.00   +103.50   +66.13%
      19           986  3406      玉晶光                 576.50        445.50     2.69%    760.00   796.00   734.00   774.00      840.00   917.00   831.00   917.00   +143.00   +18.48%
      20           822  7711      永擎                  267.50        136.50     2.69%    364.50   368.50   355.00   356.00      498.00   503.00   472.00   487.00   +131.00   +36.80%
      21          1081  7795      長廣                  641.00        526.50     2.35%    425.00   451.00   421.00   451.00      562.00   585.00   547.00   564.00   +113.00   +25.06%
      22          1101  7788      松川精密                213.50        113.50     2.05%    305.00   305.50   279.50   281.50      310.00   327.50   305.00   327.50    +46.00   +16.34%
      23           992  3711      日月光投控               493.00        409.00     1.72%    660.00   674.00   652.00   674.00      608.00   630.00   606.00   621.00    -53.00    -7.86%
      24           529  6533      晶心科                 124.50         49.00     1.55%    203.00   209.50   203.00   207.00      271.00   273.00   265.00   265.50    +58.50   +28.26%
      25          1211  3006      晶豪科                 227.00        152.00     1.54%    242.50   258.00   241.00   254.00      275.50   279.50   265.00   269.50    +15.50    +6.10%
      26           998  5269      祥碩                  640.00        570.00     1.43%   1470.00  1480.00  1445.00  1450.00     1480.00  1495.00  1440.00  1450.00     +0.00    +0.00%
      27           850  3034      聯詠                  269.50        203.00     1.36%    529.00   567.00   526.00   567.00      548.00   550.00   539.00   545.00    -22.00    -3.88%
      28          1061  5434      崇越                  275.00        211.00     1.31%    489.00   523.00   487.00   506.00      533.00   540.00   529.00   529.00    +23.00    +4.55%
      29          1018  2408      南亞科                 532.50        474.00     1.20%    484.00   505.00   480.00   505.00      550.00   569.00   531.00   540.00    +35.00    +6.93%
      30          1297  8033      雷虎                  227.00        175.00     1.07%    137.00   142.00   137.00   142.00      202.00   205.50   183.50   189.50    +47.50   +33.45%
      31           453  3231      緯創                   59.50          9.50     1.02%    164.50   166.00   161.50   162.50      182.50   183.50   178.00   178.00    +15.50    +9.54%
      32          1233  1303      南亞                  199.00        152.50     0.95%    152.50   152.50   152.50   152.50      230.50   238.50   219.00   220.50    +68.00   +44.59%
      33           179  2207      和泰車                 103.50         59.00     0.91%    482.50   482.50   475.00   481.00      525.00   526.00   517.00   520.00    +39.00    +8.11%
      34           272  6957      裕慶-KY                67.00         23.50     0.89%    191.50   191.50   188.00   190.00      228.50   233.00   225.00   229.00    +39.00   +20.53%
      35          1216  2455      全新                  304.50        263.50     0.84%    412.00   412.00   400.50   409.50      438.00   442.00   431.50   434.00    +24.50    +5.98%
      36           362  6579      研揚                   61.50         20.50     0.84%    171.00   171.00   165.50   167.50      148.50   149.50   146.00   147.00    -20.50   -12.24%
      37           199  6214      精誠                   40.00          0.00     0.82%    143.00   143.00   139.00   141.00      183.00   183.00   179.50   181.00    +40.00   +28.37%
      38           887  2464      盟立                   99.50         61.00     0.79%    178.00   186.50   172.00   173.00      216.50   216.50   190.00   190.00    +17.00    +9.83%
      39           925  6426      統新                  121.50         86.00     0.73%    208.50   217.50   208.00   217.00      260.00   273.00   256.00   263.50    +46.50   +21.43%
      40           558  6491      晶碩                   83.00         48.50     0.71%    332.00   332.50   323.50   327.00      375.00   378.50   370.00   377.00    +50.00   +15.29%
==========================================================================================================================================================================
✅ 共 40 筆


══════════════════════════════════════════════════════════════════════════════════════════════════════════════
  🔄 第 24/45 次  2026/06/18 ～ 2026/08/27
══════════════════════════════════════════════════════════════════════════════════════════════════════════════

==========================================================================================================================================================================
📊 累計漲跌停強度排名 (2026/06/18 ~ 2026/08/27)
==========================================================================================================================================================================
    實資排名        累計天數排名  代號        名稱                 累計漲停(元)       累計跌停(元)       強度%  (06/18)開盤      最高      最低      收盤    (08/27)開盤      最高      最低      收盤      賺賠    賺賠率
--------------------------------------------------------------------------------------------------------------------------------------------------------------------------
       1           147  2059      川湖                12905.00       4835.00   148.38%   6640.00  6895.00  6620.00  6865.00    14695.00 14815.00 14085.00 14340.00  +7475.00  +108.89%
       2           447  6669      緯穎                 4875.00       3020.00    34.11%   5150.00  5250.00  5085.00  5130.00     6770.00  6960.00  6735.00  6815.00  +1685.00   +32.85%
       3           376  3653      健策                 4570.00       3040.00    28.13%   3990.00  4230.00  3935.00  3965.00     5955.00  5980.00  5595.00  5645.00  +1680.00   +42.37%
       4           379  3008      大立光                4925.00       3465.00    26.84%   5115.00  5295.00  5090.00  5195.00     6615.00  6915.00  6605.00  6915.00  +1720.00   +33.11%
       5           551  3017      奇鋐                 2865.00       1955.00    16.73%   2400.00  2425.00  2365.00  2400.00     3305.00  3440.00  3265.00  3340.00   +940.00   +39.17%
       6           745  6446      藥華藥                1520.00        725.00    14.62%   1020.00  1075.00  1015.00  1060.00     1600.00  1640.00  1560.00  1560.00   +500.00   +47.17%
       7           296  3443      創意                 5105.00       4510.00    10.94%   5160.00  5160.00  4860.00  4860.00     6345.00  6370.00  5880.00  5920.00  +1060.00   +21.81%
       8          1009  6949      沛爾生醫-創              990.00        581.00     7.52%    938.00   968.00   895.00   911.00          --       --       --       --        --        --
       9           750  6805      富世達                1825.00       1455.00     6.80%   1745.00  1765.00  1720.00  1755.00     2090.00  2225.00  2075.00  2225.00   +470.00   +26.78%
      10           671  8046      南電                 1539.00       1299.00     4.41%    900.00   912.00   874.00   874.00     1190.00  1295.00  1175.00  1295.00   +421.00   +48.17%
      11          1112  3189      景碩                  995.00        772.00     4.10%    738.00   738.00   702.00   724.00      920.00   960.00   905.00   914.00   +190.00   +26.24%
      12          1038  2395      研華                  378.00        172.00     3.79%    494.50   504.00   490.00   494.00      698.00   699.00   668.00   675.00   +181.00   +36.64%
      13           809  3037      欣興                 1050.00        848.00     3.71%   1000.00  1005.00   965.00   968.00     1170.00  1205.00  1150.00  1180.00   +212.00   +21.90%
      14          1049  8039      台虹                  346.00        150.00     3.60%    147.00   149.00   143.50   145.50      340.50   352.50   340.00   352.50   +207.00  +142.27%
      15           937  2357      華碩                  505.00        319.00     3.42%    807.00   810.00   789.00   789.00      966.00   977.00   962.00   968.00   +179.00   +22.69%
      16          1312  6213      聯茂                  473.00        290.00     3.36%    274.00   290.00   272.50   280.00      585.00   599.00   556.00   563.00   +283.00  +101.07%
      17          1067  1590      亞德客-KY              815.00        670.00     2.67%   1345.00  1405.00  1340.00  1380.00     1500.00  1505.00  1470.00  1480.00   +100.00    +7.25%
      18          1168  2301      光寶科                 209.50         73.50     2.50%    210.00   215.50   209.50   210.50      308.50   309.00   300.00   301.00    +90.50   +42.99%
      19           822  7711      永擎                  267.50        136.50     2.41%    363.00   368.50   361.00   364.50      493.00   502.00   485.00   493.00   +128.50   +35.25%
      20           677  6933      AMAX-KY             149.00         30.50     2.18%    156.00   159.50   155.00   157.00      236.50   236.50   236.50   236.50    +79.50   +50.64%
      21          1014  5269      祥碩                  670.00        555.00     2.11%   1455.00  1475.00  1425.00  1455.00     1460.00  1485.00  1435.00  1465.00    +10.00    +0.69%
      22          1139  7795      長廣                  632.00        526.50     1.94%    400.00   413.00   395.00   410.00      580.00   588.00   526.00   545.00   +135.00   +32.93%
      23          1141  7788      松川精密                201.00        113.50     1.61%    275.50   299.00   270.50   292.00      276.00   300.00   269.50   298.00     +6.00    +2.05%
      24          1292  3006      晶豪科                 239.50        152.00     1.61%    228.00   237.50   227.50   237.50      274.50   282.50   273.00   274.00    +36.50   +15.37%
      25          1013  3711      日月光投控               495.00        409.00     1.58%    591.00   618.00   591.00   613.00      608.00   608.00   593.00   605.00     -8.00    -1.31%
      26          1057  2408      南亞科                 555.00        474.00     1.49%    443.50   459.50   427.50   459.50      529.00   555.00   528.00   541.00    +81.50   +17.74%
      27           999  3406      玉晶光                 524.50        445.50     1.45%    728.00   762.00   702.00   753.00      793.00   834.00   792.00   834.00    +81.00   +10.76%
      28           529  6533      晶心科                 124.50         49.00     1.39%    201.00   204.50   201.00   201.50      268.50   274.00   266.00   268.50    +67.00   +33.25%
      29           850  3034      聯詠                  269.50        203.00     1.22%    518.00   540.00   514.00   516.00      559.00   560.00   541.00   548.00    +32.00    +6.20%
      30           221  2207      和泰車                 124.00         59.00     1.20%    460.00   482.00   460.00   482.00      523.00   533.00   523.00   527.00    +45.00    +9.34%
      31          1061  5434      崇越                  275.00        211.00     1.18%    485.00   485.00   472.50   475.50      536.00   542.00   530.00   533.00    +57.50   +12.09%
      32          1278  8033      雷虎                  227.00        165.50     1.13%    128.00   130.00   125.50   129.50      193.00   211.50   192.00   199.00    +69.50   +53.67%
      33           878  2464      盟立                   99.50         40.00     1.09%    168.00   175.50   166.50   172.00      194.50   211.00   194.50   211.00    +39.00   +22.67%
      34          1313  1303      南亞                  211.50        152.50     1.08%    139.00   139.00   135.00   139.00      211.00   227.50   206.00   227.50    +88.50   +63.67%
      35           991  6426      統新                  137.00         86.00     0.94%    196.50   214.00   193.50   210.50      270.00   274.50   255.00   259.50    +49.00   +23.28%
      36           621  6491      晶碩                   99.00         48.50     0.93%    315.00   328.50   314.00   327.50      375.50   382.00   373.50   375.00    +47.50   +14.50%
      37           453  3231      緯創                   59.50          9.50     0.92%    162.00   163.50   160.50   161.50      184.50   188.00   179.00   179.50    +18.00   +11.15%
      38          1104  1560      中砂                  489.00        442.00     0.86%    692.00   704.00   689.00   700.00      690.00   697.00   685.00   690.00    -10.00    -1.43%
      39          1268  2351      順德                  181.00        135.00     0.85%    187.50   198.00   184.00   195.00      214.50   240.50   213.00   240.00    +45.00   +23.08%
      40          1058  2049      上銀                  215.00        170.50     0.82%    324.00   336.50   324.00   335.00      354.50   371.50   354.50   359.50    +24.50    +7.31%
==========================================================================================================================================================================
✅ 共 40 筆


══════════════════════════════════════════════════════════════════════════════════════════════════════════════
  🔄 第 25/45 次  2026/06/17 ～ 2026/08/26
══════════════════════════════════════════════════════════════════════════════════════════════════════════════

==========================================================================================================================================================================
📊 累計漲跌停強度排名 (2026/06/17 ~ 2026/08/26)
==========================================================================================================================================================================
    實資排名        累計天數排名  代號        名稱                 累計漲停(元)       累計跌停(元)       強度%  (06/17)開盤      最高      最低      收盤    (08/26)開盤      最高      最低      收盤      賺賠    賺賠率
--------------------------------------------------------------------------------------------------------------------------------------------------------------------------
       1           152  2059      川湖                12905.00       4865.00   143.47%   6520.00  6770.00  6480.00  6620.00    14295.00 14590.00 13855.00 14510.00  +7890.00  +119.18%
       2           434  6669      緯穎                 5045.00       3020.00    36.14%   4880.00  5085.00  4805.00  5080.00     6325.00  6925.00  6300.00  6785.00  +1705.00   +33.56%
       3           373  3653      健策                 4775.00       2960.00    32.39%   3730.00  3990.00  3720.00  3990.00     5155.00  5725.00  5140.00  5725.00  +1735.00   +43.48%
       4           379  3008      大立光                4585.00       3465.00    19.99%   5065.00  5310.00  4960.00  5145.00     5920.00  6290.00  5875.00  6290.00  +1145.00   +22.25%
       5           299  3443      創意                 5260.00       4305.00    17.04%   4900.00  5135.00  4830.00  5075.00     5640.00  6125.00  5570.00  6125.00  +1050.00   +20.69%
       6           772  6446      藥華藥                1539.00        700.00    14.97%    989.00  1020.00   984.00  1010.00     1520.00  1600.00  1515.00  1585.00   +575.00   +56.93%
       7           548  3017      奇鋐                 2680.00       1955.00    12.94%   2365.00  2440.00  2330.00  2365.00     2880.00  3155.00  2850.00  3155.00   +790.00   +33.40%
       8          1017  6949      沛爾生醫-創             1071.00        581.00     8.74%    870.00   895.00   852.00   895.00     1405.00  1490.00  1400.00  1490.00   +595.00   +66.48%
       9          1109  3189      景碩                 1026.00        772.00     4.53%    642.00   706.00   640.00   706.00      820.00   881.00   812.00   881.00   +175.00   +24.79%
      10          1024  2395      研華                  378.00        159.00     3.91%    472.00   488.50   470.50   488.50      666.00   693.00   665.00   688.00   +199.50   +40.84%
      11          1360  6213      聯茂                  482.50        270.00     3.79%    255.00   272.50   253.00   267.50      530.00   583.00   525.00   583.00   +315.50  +117.94%
      12           986  2357      華碩                  517.00        319.00     3.53%    790.00   803.00   782.00   803.00      923.00   980.00   919.00   971.00   +168.00   +20.92%
      13           780  3037      欣興                 1030.00        848.00     3.25%    970.00  1010.00   965.00   988.00     1090.00  1180.00  1080.00  1160.00   +172.00   +17.41%
      14          1034  8039      台虹                  314.00        150.00     2.93%    141.50   150.00   139.00   146.00      302.00   320.50   294.00   320.50   +174.50  +119.52%
      15           763  6805      富世達                1625.00       1465.00     2.86%   1710.00  1760.00  1690.00  1715.00     1830.00  2025.00  1825.00  2025.00   +310.00   +18.08%
      16          1042  1590      亞德客-KY              830.00        670.00     2.86%   1295.00  1320.00  1280.00  1320.00     1460.00  1505.00  1440.00  1470.00   +150.00   +11.36%
      17           976  5269      祥碩                  705.00        555.00     2.68%   1370.00  1435.00  1360.00  1425.00     1430.00  1465.00  1415.00  1455.00    +30.00    +2.11%
      18          1133  7795      長廣                  632.00        491.50     2.51%    395.00   407.50   375.00   400.00      560.00   604.00   560.00   580.00   +180.00   +45.00%
      19          1168  2301      光寶科                 209.50         73.50     2.43%    208.00   210.50   205.00   210.00      295.00   312.50   291.00   307.00    +97.00   +46.19%
      20           822  7711      永擎                  267.50        136.50     2.34%    363.00   364.00   359.00   360.50      510.00   510.00   489.00   493.00   +132.50   +36.75%
      21           677  8046      南電                 1424.00       1316.00     1.93%    895.00   920.00   871.00   885.00     1140.00  1200.00  1125.00  1180.00   +295.00   +33.33%
      22           752  2379      瑞昱                  572.00        471.00     1.80%    677.00   745.00   662.00   745.00      729.00   738.00   722.00   734.00    -11.00    -1.48%
      23           654  6933      AMAX-KY             127.50         30.50     1.73%    153.50   156.00   153.50   155.00      199.00   215.00   197.50   215.00    +60.00   +38.71%
      24          1292  3006      晶豪科                 239.50        152.00     1.56%    221.50   232.50   218.00   225.00      270.00   273.50   265.00   273.50    +48.50   +21.56%
      25           893  3034      聯詠                  284.50        203.00     1.45%    495.50   519.00   492.00   515.00      556.00   567.00   550.00   557.00    +42.00    +8.16%
      26           233  2383      台光電                4895.00       4815.00     1.43%   5105.00  5230.00  4885.00  5200.00     5565.00  5920.00  5555.00  5895.00   +695.00   +13.37%
      27           529  6533      晶心科                 124.50         49.00     1.35%    198.00   202.00   197.50   201.50      251.50   273.00   249.00   269.00    +67.50   +33.50%
      28           972  3711      日月光投控               482.00        409.00     1.30%    584.00   595.00   573.00   595.00      580.00   593.00   575.00   592.00     -3.00    -0.50%
      29          1087  2408      南亞科                 543.00        474.00     1.23%    415.00   437.00   412.00   437.00      510.00   522.00   504.00   517.00    +80.00   +18.31%
      30           221  2207      和泰車                 124.00         59.00     1.16%    461.00   464.50   457.50   461.50      518.00   524.00   516.00   523.00    +61.50   +13.33%
      31          1061  5434      崇越                  275.00        211.00     1.14%    474.50   481.00   463.50   478.00      521.00   537.00   517.00   536.00    +58.00   +12.13%
      32          1122  7788      松川精密                176.50        113.50     1.12%    274.00   287.00   270.00   275.00      256.50   278.00   252.50   273.50     -1.50    -0.55%
      33          1278  8033      雷虎                  227.00        165.50     1.10%    125.00   131.00   124.00   127.50      182.00   196.50   182.00   192.50    +65.00   +50.98%
      34          1255  2455      全新                  327.00        275.50     0.92%    399.00   434.00   399.00   428.00      419.00   430.00   415.00   428.00     +0.00    +0.00%
      35           991  6426      統新                  137.00         86.00     0.91%    197.50   198.50   192.50   195.00      251.00   275.00   250.00   268.00    +73.00   +37.44%
      36           621  6491      晶碩                   99.00         48.50     0.90%    314.00   316.50   310.00   311.50      371.50   379.00   368.50   379.00    +67.50   +21.67%
      37           453  3231      緯創                   59.50          9.50     0.89%    158.50   164.50   158.00   162.50      177.00   182.00   176.00   182.00    +19.50   +12.00%
      38          1337  1303      南亞                  202.50        152.50     0.89%    114.50   126.50   113.50   126.50      186.50   207.00   186.50   207.00    +80.50   +63.64%
      39          1104  1560      中砂                  489.00        442.00     0.84%    679.00   690.00   674.00   687.00      677.00   690.00   677.00   682.00     -5.00    -0.73%
      40          1058  2049      上銀                  215.00        170.50     0.79%    320.00   327.00   319.00   324.00      345.00   354.00   342.00   353.00    +29.00    +8.95%
==========================================================================================================================================================================
✅ 共 40 筆


══════════════════════════════════════════════════════════════════════════════════════════════════════════════
  🔄 第 26/45 次  2026/06/16 ～ 2026/08/24
══════════════════════════════════════════════════════════════════════════════════════════════════════════════

==========================================================================================================================================================================
📊 累計漲跌停強度排名 (2026/06/16 ~ 2026/08/24)
==========================================================================================================================================================================
    實資排名        累計天數排名  代號        名稱                 累計漲停(元)       累計跌停(元)       強度%  (06/16)開盤      最高      最低      收盤    (08/24)開盤      最高      最低      收盤      賺賠    賺賠率
--------------------------------------------------------------------------------------------------------------------------------------------------------------------------
       1           147  2059      川湖                12680.00       5175.00   378.54%   7040.00  7050.00  6605.00  6650.00    13650.00 14720.00 13650.00 14410.00  +7760.00  +116.69%
       2           449  6669      緯穎                 4700.00       3040.00    83.73%   5030.00  5085.00  4880.00  4880.00     6300.00  6410.00  6205.00  6300.00  +1420.00   +29.10%
       3           376  3653      健策                 4255.00       3010.00    62.80%   3940.00  3950.00  3765.00  3785.00     5280.00  5490.00  5110.00  5155.00  +1370.00   +36.20%
       4           379  3008      大立光                4455.00       3465.00    49.93%   4480.00  4860.00  4450.00  4860.00     5620.00  5700.00  5375.00  5385.00   +525.00   +10.80%
       5           776  6446      藥華藥                1483.00        700.00    39.49%    961.00   997.00   952.00   991.00     1420.00  1490.00  1405.00  1475.00   +484.00   +48.84%
       6           302  3443      創意                 4810.00       4305.00    25.47%   5055.00  5055.00  4845.00  4920.00     5635.00  5690.00  5350.00  5365.00   +445.00    +9.04%
       7           551  3017      奇鋐                 2475.00       1995.00    24.21%   2455.00  2470.00  2370.00  2370.00     2865.00  2935.00  2830.00  2855.00   +485.00   +20.46%
       8          1017  6949      沛爾生醫-創             1010.00        581.00    21.64%    748.00   814.00   743.00   814.00     1180.00  1260.00  1165.00  1235.00   +421.00   +51.72%
       9           981  2395      研華                  360.00        159.00    10.14%    493.00   493.00   475.00   480.00      660.00   670.00   652.00   658.00   +178.00   +37.08%
      10           303  7610      聯友金屬-創             2805.00       2605.00    10.09%   1915.00  1915.00  1915.00  1915.00     1770.00  1820.00  1660.00  1710.00   -205.00   -10.70%
      11          1110  3189      景碩                  980.00        790.00     9.58%    660.00   688.00   637.00   642.00      814.00   842.00   791.00   794.00   +152.00   +23.68%
      12          1343  6213      聯茂                  429.50        270.00     8.04%    267.00   270.50   255.00   258.00      509.00   525.00   478.00   482.50   +224.50   +87.02%
      13           817  7711      永擎                  267.50        114.50     7.72%    372.50   376.50   364.50   365.00      462.00   506.00   458.50   497.50   +132.50   +36.30%
      14           967  2357      華碩                  471.00        319.00     7.67%    794.00   800.00   786.00   791.00      919.00   939.00   916.00   923.00   +132.00   +16.69%
      15           767  2379      瑞昱                  616.00        471.00     7.31%    640.00   678.00   631.00   678.00      713.00   725.00   706.00   716.00    +38.00    +5.60%
      16           794  3037      欣興                  986.00        848.00     6.96%    986.00  1005.00   965.00   981.00     1100.00  1120.00  1065.00  1075.00    +94.00    +9.58%
      17          1001  8039      台虹                  285.00        150.00     6.81%    150.00   151.00   141.00   141.50      282.00   295.00   265.00   265.00   +123.50   +87.28%
      18           997  1590      亞德客-KY              820.00        685.00     6.81%   1310.00  1310.00  1240.00  1295.00     1425.00  1450.00  1415.00  1435.00   +140.00   +10.81%
      19           654  8046      南電                 1446.00       1316.00     6.56%    860.00   929.00   858.00   902.00     1135.00  1170.00  1105.00  1135.00   +233.00   +25.83%
      20          1138  7795      長廣                  620.50        491.50     6.51%    381.00   408.00   377.50   393.50      568.00   610.00   565.00   568.00   +174.50   +44.35%
      21          1102  2301      光寶科                 198.50         73.50     6.30%    210.00   211.50   207.50   208.00      263.50   287.00   263.50   287.00    +79.00   +37.98%
      22           952  5269      祥碩                  665.00        555.00     5.55%   1395.00  1400.00  1365.00  1380.00     1430.00  1430.00  1400.00  1400.00    +20.00    +1.45%
      23          1110  2408      南亞科                 572.50        474.00     4.97%    402.50   432.50   396.00   425.00      521.00   538.00   500.00   501.00    +76.00   +17.88%
      24          1274  2455      全新                  363.50        275.50     4.44%    387.00   405.50   387.00   405.50      401.50   405.50   381.50   381.50    -24.00    -5.92%
      25          1292  3006      晶豪科                 239.50        152.00     4.41%    227.00   233.50   221.00   224.50      257.00   282.00   252.50   282.00    +57.50   +25.61%
      26           893  3034      聯詠                  284.50        203.00     4.11%    498.00   504.00   493.00   500.00      530.00   545.00   528.00   542.00    +42.00    +8.40%
      27           613  6933      AMAX-KY             108.00         30.50     3.91%    155.00   158.00   154.00   154.00      185.00   198.00   185.00   194.50    +40.50   +26.30%
      28           972  3711      日月光投控               482.00        409.00     3.68%    600.00   600.00   580.00   592.00      586.00   601.00   585.00   592.00     +0.00    +0.00%
      29          1102  7788      松川精密                179.50        113.50     3.33%    256.50   277.50   248.00   274.00      246.00   259.00   246.00   253.00    -21.00    -7.66%
      30           221  2207      和泰車                 124.00         59.00     3.28%    464.00   468.50   455.00   468.50      518.00   527.00   517.00   522.00    +53.50   +11.42%
      31           482  6533      晶心科                 107.00         49.00     2.93%    209.50   209.50   201.50   201.50      248.50   250.50   245.00   246.50    +45.00   +22.33%
      32           621  6491      晶碩                   99.00         48.50     2.55%    315.50   315.50   307.00   311.00      372.50   372.50   364.00   366.00    +55.00   +17.68%
      33           453  3231      緯創                   59.50          9.50     2.52%    162.00   162.00   158.00   158.00      176.00   177.50   173.50   175.50    +17.50   +11.08%
      34          1007  5434      崇越                  260.00        211.00     2.47%    470.00   480.00   469.50   470.50      513.00   525.00   513.00   521.00    +50.50   +10.73%
      35          1218  8033      雷虎                  213.50        165.50     2.42%    129.00   129.00   124.50   125.00      188.00   188.00   184.50   185.00    +60.00   +48.00%
      36          1058  2049      上銀                  215.00        170.50     2.24%    333.00   333.00   320.50   324.50      350.00   360.50   342.50   343.50    +19.00    +5.86%
      37           272  6957      裕慶-KY                67.00         23.50     2.19%    193.50   194.50   192.00   193.00      217.00   219.00   215.00   215.50    +22.50   +11.66%
      38           901  2464      盟立                   96.50         53.50     2.17%    179.50   179.50   179.50   179.50      177.00   191.00   175.00   187.50     +8.00    +4.46%
      39           362  6579      研揚                   61.50         20.50     2.07%    168.00   168.00   163.00   165.00      147.00   149.50   147.00   147.00    -18.00   -10.91%
      40           199  6214      精誠                   40.00          0.00     2.02%    144.00   144.00   140.00   141.00      179.50   181.00   179.50   179.50    +38.50   +27.30%
==========================================================================================================================================================================
✅ 共 40 筆


══════════════════════════════════════════════════════════════════════════════════════════════════════════════
  🔄 第 27/45 次  2026/06/15 ～ 2026/08/21
══════════════════════════════════════════════════════════════════════════════════════════════════════════════

==========================================================================================================================================================================
📊 累計漲跌停強度排名 (2026/06/15 ~ 2026/08/21)
==========================================================================================================================================================================
    實資排名        累計天數排名  代號        名稱                 累計漲停(元)       累計跌停(元)       強度%  (06/15)開盤      最高      最低      收盤    (08/21)開盤      最高      最低      收盤      賺賠    賺賠率
--------------------------------------------------------------------------------------------------------------------------------------------------------------------------
       1           169  2059      川湖                11705.00       5175.00    93.64%   7095.00  7195.00  6935.00  6960.00    13900.00 14000.00 13310.00 13385.00  +6425.00   +92.31%
       2           469  6669      緯穎                 4705.00       3040.00    23.88%   5010.00  5040.00  4880.00  4900.00     6285.00  6445.00  6230.00  6255.00  +1355.00   +27.65%
       3           380  3653      健策                 4400.00       2770.00    23.37%   3800.00  3970.00  3775.00  3835.00     5530.00  5560.00  5330.00  5395.00  +1560.00   +40.68%
       4           376  3008      大立光                4855.00       3240.00    23.16%   4080.00  4420.00  4035.00  4420.00     5520.00  5750.00  5260.00  5610.00  +1190.00   +26.92%
       5           299  3443      創意                 5245.00       4070.00    16.85%   4720.00  4815.00  4670.00  4815.00     5620.00  5830.00  5425.00  5600.00   +785.00   +16.30%
       6           773  6446      藥華藥                1408.00        700.00    10.15%    964.00   976.00   948.00   952.00     1375.00  1410.00  1360.00  1400.00   +448.00   +47.06%
       7           512  3017      奇鋐                 2475.00       1985.00     7.03%   2475.00  2475.00  2410.00  2410.00     2995.00  3035.00  2850.00  2865.00   +455.00   +18.88%
       8          1054  6949      沛爾生醫-創              953.00        581.00     5.33%    733.00   746.00   705.00   740.00     1140.00  1190.00  1140.00  1155.00   +415.00   +56.08%
       9           296  7610      聯友金屬-創             2935.00       2605.00     4.73%   1700.00  1745.00  1700.00  1745.00     1550.00  1685.00  1490.00  1685.00    -60.00    -3.44%
      10           239  2383      台光電                4885.00       4565.00     4.59%   5000.00  5080.00  4935.00  5030.00     6005.00  6015.00  5650.00  5680.00   +650.00   +12.92%
      11          1108  3189      景碩                 1030.00        773.00     3.69%    631.00   660.00   621.00   660.00      842.00   842.00   792.00   811.00   +151.00   +22.88%
      12          1061  2395      研華                  372.00        159.00     3.05%    486.00   494.00   480.50   485.00      672.00   672.00   643.00   649.00   +164.00   +33.81%
      13           775  3037      欣興                 1044.00        838.00     2.95%    948.00   961.00   920.00   960.00     1120.00  1120.00  1030.00  1085.00   +125.00   +13.02%
      14          1411  6213      聯茂                  440.50        239.50     2.88%    259.50   269.00   259.00   263.50      534.00   555.00   498.50   513.00   +249.50   +94.69%
      15           683  8046      南電                 1487.00       1316.00     2.45%    842.00   865.00   830.00   860.00     1180.00  1200.00  1105.00  1135.00   +275.00   +31.98%
      16           826  2379      瑞昱                  632.00        471.00     2.31%    639.00   644.00   616.00   634.00      703.00   729.00   703.00   714.00    +80.00   +12.62%
      17          1042  1590      亞德客-KY              840.00        685.00     2.22%   1350.00  1370.00  1305.00  1310.00     1420.00  1445.00  1385.00  1435.00   +125.00    +9.54%
      18           974  8039      台虹                  285.00        133.00     2.18%    153.00   153.50   147.50   147.50      274.00   306.00   261.00   282.00   +134.50   +91.19%
      19           967  2357      華碩                  471.00        319.00     2.18%    803.00   804.00   783.00   792.00      913.00   923.00   906.00   921.00   +129.00   +16.29%
      20          1134  2408      南亞科                 594.00        447.00     2.11%    391.00   399.50   382.00   395.50      519.00   534.00   512.00   528.00   +132.50   +33.50%
      21          1308  2455      全新                  380.50        251.00     1.86%    371.00   373.50   355.00   369.00      404.00   411.00   393.50   406.00    +37.00   +10.03%
      22          1138  7795      長廣                  620.50        491.50     1.85%    376.00   382.50   372.50   376.00      552.00   565.00   534.00   565.00   +189.00   +50.27%
      23           920  5269      祥碩                  665.00        540.00     1.79%   1400.00  1415.00  1380.00  1380.00     1425.00  1425.00  1405.00  1415.00    +35.00    +2.54%
      24           811  7711      永擎                  231.50        114.50     1.68%    364.00   376.50   364.00   366.50      452.00   489.00   447.50   461.50    +95.00   +25.92%
      25          1102  2301      光寶科                 172.50         83.00     1.28%    225.00   226.00   207.00   207.50      266.00   269.50   251.00   261.00    +53.50   +25.78%
      26           613  6933      AMAX-KY             108.00         30.50     1.11%    153.50   156.00   153.50   154.00      191.00   193.00   185.00   185.50    +31.50   +20.45%
      27          1138  3450      聯鈞                  625.50        548.50     1.10%    489.00   507.00   489.00   507.00      558.00   578.00   541.00   551.00    +44.00    +8.68%
      28           915  2330      台積電                1020.00        945.00     1.08%   2360.00  2375.00  2345.00  2375.00     2375.00  2410.00  2365.00  2410.00    +35.00    +1.47%
      29          1144  1560      中砂                  540.00        466.00     1.06%    672.00   711.00   670.00   703.00      692.00   694.00   675.00   679.00    -24.00    -3.41%
      30           972  3711      日月光投控               482.00        409.00     1.05%    619.00   623.00   590.00   590.00      589.00   593.00   579.00   587.00     -3.00    -0.51%
      31           874  3034      聯詠                  272.50        203.00     1.00%    500.00   501.00   491.50   495.00      528.00   531.00   526.00   530.00    +35.00    +7.07%
      32           221  2207      和泰車                 124.00         59.00     0.93%    469.50   473.00   460.50   463.50      505.00   519.00   505.00   518.00    +54.50   +11.76%
      33          1280  3006      晶豪科                 214.00        152.00     0.89%    223.00   227.50   219.00   222.50      249.50   260.50   247.00   256.50    +34.00   +15.28%
      34           482  6533      晶心科                 107.00         49.00     0.83%    205.00   209.50   202.50   206.50      245.00   250.00   243.00   250.00    +43.50   +21.07%
      35           966  2464      盟立                  111.00         53.50     0.82%    163.50   163.50   163.50   163.50      181.50   181.50   173.00   179.00    +15.50    +9.48%
      36          1112  7788      松川精密                179.50        123.50     0.80%    274.00   285.00   251.50   256.00      255.50   255.50   246.50   248.50     -7.50    -2.93%
      37          1347  1303      南亞                  194.50        140.50     0.77%    108.50   117.00   106.50   117.00      188.50   193.50   185.00   192.00    +75.00   +64.10%
      38           621  6491      晶碩                   99.00         48.50     0.72%    319.50   320.00   310.00   311.00      374.00   374.50   367.00   372.00    +61.00   +19.61%
      39           453  3231      緯創                   59.50          9.50     0.72%    162.00   166.00   158.50   161.50      178.00   178.00   175.00   175.50    +14.00    +8.67%
      40          1007  5434      崇越                  260.00        211.00     0.70%    476.00   476.00   462.50   468.00      526.00   526.00   511.00   513.00    +45.00    +9.62%
==========================================================================================================================================================================
✅ 共 40 筆


══════════════════════════════════════════════════════════════════════════════════════════════════════════════
  🔄 第 28/45 次  2026/06/12 ～ 2026/08/19
══════════════════════════════════════════════════════════════════════════════════════════════════════════════

==========================================================================================================================================================================
📊 累計漲跌停強度排名 (2026/06/12 ~ 2026/08/19)
==========================================================================================================================================================================
    實資排名        累計天數排名  代號        名稱                 累計漲停(元)       累計跌停(元)       強度%  (06/12)開盤      最高      最低      收盤    (08/19)開盤      最高      最低      收盤      賺賠    賺賠率
--------------------------------------------------------------------------------------------------------------------------------------------------------------------------
       1           170  2059      川湖                12215.00       4635.00    59.55%   6995.00  7040.00  6725.00  6910.00    13895.00 14500.00 13895.00 14095.00  +7185.00  +103.98%
       2           391  3653      健策                 4470.00       2565.00    14.97%   3755.00  3820.00  3495.00  3690.00     4895.00  5540.00  4890.00  5460.00  +1770.00   +47.97%
       3           463  6669      緯穎                 4705.00       3020.00    13.24%   5120.00  5135.00  4845.00  4850.00     6190.00  6425.00  6190.00  6375.00  +1525.00   +31.44%
       4           281  3443      創意                 5520.00       4040.00    11.63%   4390.00  4455.00  4220.00  4380.00     5350.00  5530.00  5230.00  5295.00   +915.00   +20.89%
       5           376  3008      大立光                4760.00       3385.00    10.80%   4300.00  4355.00  4020.00  4020.00     5135.00  5720.00  5110.00  5550.00  +1530.00   +38.06%
       6           818  6446      藥華藥                1398.00        700.00     5.48%    960.00   968.00   926.00   949.00     1410.00  1435.00  1370.00  1400.00   +451.00   +47.52%
       7           521  3017      奇鋐                 2545.00       1865.00     5.34%   2465.00  2480.00  2380.00  2405.00     2915.00  3160.00  2900.00  3095.00   +690.00   +28.69%
       8           511  7750      新代                 1935.00       1565.00     2.91%   2150.00  2270.00  2110.00  2230.00     2475.00  2540.00  2360.00  2515.00   +285.00   +12.78%
       9           238  2383      台光電                4885.00       4525.00     2.83%   5500.00  5500.00  4750.00  4830.00     5855.00  6130.00  5810.00  5880.00  +1050.00   +21.74%
      10          1113  6949      沛爾生醫-創              936.00        581.00     2.79%    707.00   728.00   707.00   717.00     1050.00  1135.00  1045.00  1085.00   +368.00   +51.32%
      11           786  3037      欣興                 1092.00        783.00     2.43%    922.00   930.00   890.00   902.00     1110.00  1165.00  1085.00  1130.00   +228.00   +25.28%
      12          1089  3189      景碩                 1030.00        733.00     2.33%    661.00   664.00   599.00   610.00      834.00   902.00   832.00   849.00   +239.00   +39.18%
      13           740  8046      南電                 1499.00       1256.00     1.91%    850.00   868.00   812.00   819.00     1175.00  1280.00  1150.00  1180.00   +361.00   +44.08%
      14          1035  2395      研華                  372.00        135.00     1.86%    475.00   481.00   469.50   473.00      674.00   704.00   667.00   694.00   +221.00   +46.72%
      15           326  7610      聯友金屬-創             2820.00       2605.00     1.69%   1670.00  1670.00  1490.00  1590.00     1635.00  1725.00  1585.00  1605.00    +15.00    +0.94%
      16          1411  6213      聯茂                  440.50        239.50     1.58%    260.00   263.50   249.50   252.50      466.50   500.00   466.50   484.00   +231.50   +91.68%
      17           903  5269      祥碩                  710.00        530.00     1.41%   1380.00  1395.00  1360.00  1375.00     1340.00  1480.00  1340.00  1460.00    +85.00    +6.18%
      18          1151  2408      南亞科                 617.00        447.00     1.34%    368.50   374.00   365.00   374.00      489.00   494.50   480.00   481.00   +107.00   +28.61%
      19          1035  8039      台虹                  298.50        133.00     1.30%    141.00   149.50   141.00   149.50      270.00   284.00   266.00   271.50   +122.00   +81.61%
      20          1067  1590      亞德客-KY              850.00        685.00     1.30%   1310.00  1325.00  1285.00  1290.00     1435.00  1460.00  1425.00  1455.00   +165.00   +12.79%
      21          1342  2455      全新                  412.50        251.00     1.27%    338.00   352.00   326.50   352.00      385.50   415.00   385.00   396.50    +44.50   +12.64%
      22           967  2357      華碩                  471.00        319.00     1.19%    791.00   805.00   780.00   785.00      896.00   925.00   891.00   925.00   +140.00   +17.83%
      23          1162  7795      長廣                  632.50        491.50     1.11%    377.50   385.00   365.00   375.00      546.00   570.00   544.00   544.00   +169.00   +45.07%
      24           996  3711      日月光投控               528.00        409.00     0.93%    585.00   596.00   577.00   590.00      568.00   596.00   564.00   588.00     -2.00    -0.34%
      25           811  7711      永擎                  231.50        114.50     0.92%    367.50   371.00   359.00   359.00      476.00   490.00   467.00   490.00   +131.00   +36.49%
      26          1151  1560      中砂                  564.00        447.00     0.92%    650.00   662.00   636.00   652.00      696.00   719.00   696.00   707.00    +55.00    +8.44%
      27           818  2379      瑞昱                  621.00        508.00     0.89%    655.00   665.00   616.00   618.00      696.00   746.00   692.00   738.00   +120.00   +19.42%
      28           927  2330      台積電                1045.00        945.00     0.79%   2325.00  2325.00  2290.00  2310.00     2340.00  2355.00  2335.00  2350.00    +40.00    +1.73%
      29           784  6805      富世達                1520.00       1425.00     0.75%   1805.00  1855.00  1745.00  1825.00     1860.00  1935.00  1770.00  1800.00    -25.00    -1.37%
      30           697  6409      旭隼                  807.00        714.00     0.73%    863.00   930.00   861.00   930.00     1050.00  1055.00   993.00  1030.00   +100.00   +10.75%
      31          1102  2301      光寶科                 172.50         83.00     0.70%    219.50   221.00   214.50   217.00      268.00   282.00   265.00   273.50    +56.50   +26.04%
      32          1247  6691      洋基工程                459.00        376.00     0.65%    643.00   699.00   643.00   689.00      699.00   709.00   691.00   706.00    +17.00    +2.47%
      33           613  6933      AMAX-KY             108.00         30.50     0.61%    155.00   155.00   150.00   150.50      186.00   193.00   186.00   190.50    +40.00   +26.58%
      34          1138  3450      聯鈞                  625.50        548.50     0.60%    480.00   482.00   461.00   461.00      533.00   593.00   529.00   567.00   +106.00   +22.99%
      35          1031  5434      崇越                  273.00        198.00     0.59%    467.00   476.50   460.50   466.00      542.00   565.00   528.00   530.00    +64.00   +13.73%
      36          1346  3006      晶豪科                 226.50        152.00     0.59%    217.00   221.50   215.00   217.00      240.00   246.50   236.00   245.50    +28.50   +13.13%
      37           874  3034      聯詠                  272.50        203.00     0.55%    497.00   507.00   488.50   488.50      504.00   535.00   501.00   534.00    +45.50    +9.31%
      38          1174  6715      嘉基                  492.50        425.50     0.53%    388.00   406.00   381.00   391.50      400.00   460.50   395.00   447.50    +56.00   +14.30%
      39          1431  1303      南亞                  204.10        140.50     0.50%    101.00   106.50   101.00   106.50      193.00   197.00   186.00   187.50    +81.00   +76.06%
      40          1024  2049      上銀                  215.00        153.00     0.49%    332.00   332.00   319.50   323.50      360.00   378.00   350.00   367.00    +43.50   +13.45%
==========================================================================================================================================================================
✅ 共 40 筆


══════════════════════════════════════════════════════════════════════════════════════════════════════════════
  🔄 第 29/45 次  2026/06/11 ～ 2026/08/18
══════════════════════════════════════════════════════════════════════════════════════════════════════════════

==========================================================================================================================================================================
📊 累計漲跌停強度排名 (2026/06/11 ~ 2026/08/18)
==========================================================================================================================================================================
    實資排名        累計天數排名  代號        名稱                 累計漲停(元)       累計跌停(元)       強度%  (06/11)開盤      最高      最低      收盤    (08/18)開盤      最高      最低      收盤      賺賠    賺賠率
--------------------------------------------------------------------------------------------------------------------------------------------------------------------------
       1           177  2059      川湖                12245.00       4360.00    55.09%   6090.00  6540.00  6090.00  6400.00    14105.00 15085.00 13965.00 14370.00  +7970.00  +124.53%
       2           282  3443      創意                 5600.00       3800.00    12.58%   4030.00  4250.00  3935.00  4105.00     5845.00  5885.00  5520.00  5535.00  +1430.00   +34.84%
       3           439  6669      緯穎                 4705.00       3160.00    10.80%   5000.00  5040.00  4745.00  4900.00     6595.00  6650.00  6285.00  6400.00  +1500.00   +30.61%
       4           391  3653      健策                 4160.00       2745.00     9.89%   3800.00  3860.00  3420.00  3620.00     5370.00  5485.00  5120.00  5150.00  +1530.00   +42.27%
       5           382  3008      大立光                4535.00       3385.00     8.04%   4000.00  4310.00  4000.00  4165.00     5115.00  5330.00  5055.00  5290.00  +1125.00   +27.01%
       6           240  2383      台光電                5040.00       4200.00     5.87%   4995.00  5130.00  4800.00  5095.00     6350.00  6470.00  6170.00  6205.00  +1110.00   +21.79%
       7           540  3017      奇鋐                 2545.00       1890.00     4.58%   2340.00  2445.00  2260.00  2335.00     3150.00  3180.00  2990.00  3035.00   +700.00   +29.98%
       8           829  6446      藥華藥                1398.00        752.00     4.51%    988.00   988.00   923.00   934.00     1430.00  1430.00  1345.00  1400.00   +466.00   +49.89%
       9          1127  6949      沛爾生醫-創              906.00        602.00     2.12%    732.00   735.00   700.00   704.00     1035.00  1085.00  1035.00  1055.00   +351.00   +49.86%
      10           513  7750      新代                 1910.00       1610.00     2.10%   2135.00  2140.00  1980.00  2090.00     2410.00  2535.00  2405.00  2490.00   +400.00   +19.14%
      11           764  3037      欣興                 1092.00        798.00     2.05%    884.00   906.00   811.00   854.00     1130.00  1200.00  1115.00  1145.00   +291.00   +34.07%
      12          1066  3189      景碩                 1030.00        758.00     1.90%    674.00   693.00   594.00   619.00      917.00   937.00   861.00   865.00   +246.00   +39.74%
      13           744  8046      南電                 1499.00       1231.00     1.87%    845.00   863.00   777.00   807.00     1320.00  1355.00  1245.00  1245.00   +438.00   +54.28%
      14           779  6805      富世達                1520.00       1265.00     1.78%   1700.00  1790.00  1690.00  1750.00     1950.00  1995.00  1900.00  1960.00   +210.00   +12.00%
      15          1018  2395      研華                  357.00        135.00     1.55%    456.00   467.00   449.00   464.00      674.00   682.00   666.00   679.00   +215.00   +46.34%
      16          1132  2408      南亞科                 617.00        413.00     1.43%    336.00   353.50   325.00   340.00      540.00   553.00   511.00   515.00   +175.00   +51.47%
      17          1411  6213      聯茂                  440.50        239.50     1.40%    252.50   260.00   236.50   248.00      486.00   500.00   477.00   488.00   +240.00   +96.77%
      18           322  7610      聯友金屬-創             2820.00       2640.00     1.26%   1605.00  1605.00  1555.00  1555.00     1925.00  1945.00  1740.00  1740.00   +185.00   +11.90%
      19          1063  1590      亞德客-KY              850.00        680.00     1.19%   1320.00  1320.00  1235.00  1265.00     1480.00  1515.00  1465.00  1480.00   +215.00   +17.00%
      20          1139  7795      長廣                  632.50        463.50     1.18%    359.00   366.00   341.00   350.00      546.00   574.00   537.00   572.00   +222.00   +63.43%
      21          1035  8039      台虹                  298.50        133.00     1.16%    127.50   138.00   126.50   136.00      258.00   284.50   258.00   277.50   +141.50  +104.04%
      22          1327  2455      全新                  412.50        265.50     1.03%    343.00   350.00   320.00   320.00      435.00   437.50   409.50   417.50    +97.50   +30.47%
      23          1170  1560      中砂                  583.00        447.00     0.95%    609.00   631.00   588.00   628.00      742.00   743.00   704.00   708.00    +80.00   +12.74%
      24           515  2360      致茂                 1785.00       1650.00     0.94%   2200.00  2240.00  2065.00  2190.00     2350.00  2390.00  2290.00  2305.00   +115.00    +5.25%
      25           907  2330      台積電                1045.00        915.00     0.91%   2240.00  2260.00  2210.00  2250.00     2415.00  2415.00  2375.00  2380.00   +130.00    +5.78%
      26           950  3711      日月光投控               528.00        398.00     0.91%    533.00   552.00   521.00   544.00      630.00   634.00   596.00   599.00    +55.00   +10.11%
      27           679  6409      旭隼                  807.00        679.00     0.89%    855.00   874.00   838.00   846.00      985.00  1080.00   983.00  1065.00   +219.00   +25.89%
      28           984  2357      華碩                  456.00        331.00     0.87%    791.00   802.00   769.00   784.00      930.00   933.00   891.00   910.00   +126.00   +16.07%
      29           811  7711      永擎                  231.50        114.50     0.82%    353.50   365.00   351.00   357.50      480.00   495.00   480.00   492.00   +134.50   +37.62%
      30          1003  5434      崇越                  273.00        175.00     0.68%    454.00   456.50   434.50   453.00      539.00   567.00   523.00   553.00   +100.00   +22.08%
      31           844  2379      瑞昱                  600.00        508.00     0.64%    645.00   655.00   602.00   655.00      710.00   723.00   690.00   707.00    +52.00    +7.94%
      32          1102  2301      光寶科                 172.50         83.00     0.63%    210.50   214.00   201.00   208.50      266.00   279.50   265.00   273.50    +65.00   +31.18%
      33          1247  6691      洋基工程                459.00        376.00     0.58%    635.00   652.00   613.00   637.00      730.00   736.00   707.00   713.00    +76.00   +11.93%
      34           900  5269      祥碩                  610.00        530.00     0.56%   1310.00  1345.00  1275.00  1330.00     1400.00  1400.00  1360.00  1360.00    +30.00    +2.26%
      35           613  6933      AMAX-KY             108.00         30.50     0.54%    147.00   151.00   144.00   148.50      193.00   193.00   186.50   191.50    +43.00   +28.96%
      36          1389  1303      南亞                  204.10        128.00     0.53%     93.20    99.20    93.10    96.90      199.50   204.50   198.00   200.00   +103.10  +106.40%
      37          1346  3006      晶豪科                 226.50        152.00     0.52%    202.00   214.50   198.50   204.50      278.00   279.00   246.50   248.00    +43.50   +21.27%
      38          1117  3450      聯鈞                  625.50        556.00     0.49%    472.00   475.00   426.00   452.50      562.00   600.00   559.00   579.00   +126.50   +27.96%
      39          1141  7788      松川精密                192.00        123.50     0.48%    263.00   280.50   256.50   271.00      279.50   283.50   267.00   278.00     +7.00    +2.58%
      40          1024  2049      上銀                  215.00        153.00     0.43%    320.00   327.00   309.50   318.50      383.00   385.00   366.00   368.00    +49.50   +15.54%
==========================================================================================================================================================================
✅ 共 40 筆


══════════════════════════════════════════════════════════════════════════════════════════════════════════════
  🔄 第 30/45 次  2026/06/10 ～ 2026/08/17
══════════════════════════════════════════════════════════════════════════════════════════════════════════════

==========================================================================================================================================================================
📊 累計漲跌停強度排名 (2026/06/10 ~ 2026/08/17)
==========================================================================================================================================================================
    實資排名        累計天數排名  代號        名稱                 累計漲停(元)       累計跌停(元)       強度%  (06/10)開盤      最高      最低      收盤    (08/17)開盤      最高      最低      收盤      賺賠    賺賠率
--------------------------------------------------------------------------------------------------------------------------------------------------------------------------
       1           178  2059      川湖                11625.00       4785.00    69.68%   6610.00  6875.00  6345.00  6370.00    13750.00 13750.00 13750.00 13750.00  +7380.00  +115.86%
       2           284  3443      創意                 5600.00       3770.00    18.64%   4220.00  4365.00  4000.00  4025.00     5475.00  5990.00  5360.00  5850.00  +1825.00   +45.34%
       3           439  6669      緯穎                 4705.00       3175.00    15.59%   5350.00  5350.00  5020.00  5065.00     6585.00  6740.00  6420.00  6620.00  +1555.00   +30.70%
       4           399  3653      健策                 4160.00       2690.00    14.98%   3800.00  4000.00  3740.00  3800.00     5340.00  5340.00  5340.00  5340.00  +1540.00   +40.53%
       5           381  3008      大立光                4560.00       3385.00    11.97%   4180.00  4270.00  4100.00  4130.00     4670.00  5070.00  4670.00  5070.00   +940.00   +22.76%
       6           247  2383      台光電                5040.00       4180.00     8.76%   5080.00  5245.00  4875.00  4940.00     6165.00  6445.00  6110.00  6350.00  +1410.00   +28.54%
       7           762  6446      藥華藥                1398.00        742.00     6.68%    993.00  1020.00   980.00   986.00     1505.00  1545.00  1405.00  1410.00   +424.00   +43.00%
       8           542  3017      奇鋐                 2545.00       1960.00     5.96%   2490.00  2505.00  2350.00  2360.00     3230.00  3230.00  3115.00  3150.00   +790.00   +33.47%
       9          1134  6949      沛爾生醫-創              927.00        602.00     3.31%    709.00   747.00   709.00   725.00     1105.00  1105.00  1050.00  1055.00   +330.00   +45.52%
      10          1082  3189      景碩                 1030.00        772.00     2.63%    705.00   723.00   650.00   660.00      896.00   932.00   881.00   905.00   +245.00   +37.12%
      11           755  8046      南電                 1499.00       1248.00     2.56%    894.00   912.00   843.00   847.00     1310.00  1380.00  1295.00  1295.00   +448.00   +52.89%
      12          1411  6213      聯茂                  440.50        239.50     2.05%    250.00   272.00   249.50   254.00      475.50   491.50   466.00   481.00   +227.00   +89.37%
      13          1077  2395      研華                  357.00        159.00     2.02%    485.00   493.00   462.00   465.50      659.00   686.00   657.00   674.00   +208.50   +44.79%
      14           775  3037      欣興                 1067.00        883.00     1.87%    938.00   960.00   875.00   884.00     1045.00  1120.00  1035.00  1120.00   +236.00   +26.70%
      15          1187  2408      南亞科                 617.00        443.00     1.77%    351.50   366.50   330.00   333.00      520.00   535.00   513.00   524.00   +191.00   +57.36%
      16          1022  8039      台虹                  280.00        133.00     1.50%    131.50   137.50   128.00   129.00      274.00   286.50   253.00   259.00   +130.00  +100.78%
      17           533  7750      新代                 1825.00       1690.00     1.38%   2215.00  2255.00  2115.00  2135.00     2395.00  2465.00  2340.00  2405.00   +270.00   +12.65%
      18          1113  1590      亞德客-KY              835.00        700.00     1.38%   1345.00  1345.00  1270.00  1285.00     1440.00  1480.00  1440.00  1465.00   +180.00   +14.01%
      19           962  3711      日月光投控               528.00        412.00     1.18%    556.00   564.00   537.00   539.00      626.00   643.00   615.00   615.00    +76.00   +14.10%
      20          1181  7795      長廣                  609.50        495.50     1.16%    377.50   386.50   356.50   358.00      547.00   578.00   529.00   549.00   +191.00   +53.35%
      21          1180  1560      中砂                  583.00        469.00     1.16%    655.00   665.00   602.00   609.00      725.00   749.00   715.00   742.00   +133.00   +21.84%
      22          1371  2455      全新                  412.50        305.00     1.10%    365.50   382.00   355.50   355.50      409.50   417.00   405.00   417.00    +61.50   +17.30%
      23           780  2379      瑞昱                  600.00        498.00     1.04%    635.00   657.00   633.00   645.00      712.00   725.00   706.00   717.00    +72.00   +11.16%
      24           907  2330      台積電                1045.00        945.00     1.02%   2285.00  2300.00  2255.00  2255.00     2410.00  2420.00  2390.00  2400.00   +145.00    +6.43%
      25           322  7610      聯友金屬-創             2820.00       2720.00     1.02%   1950.00  2000.00  1725.00  1725.00     1700.00  1850.00  1700.00  1850.00   +125.00    +7.25%
      26          1207  6691      洋基工程                459.00        359.00     1.02%    653.00   667.00   631.00   632.00      733.00   735.00   718.00   730.00    +98.00   +15.51%
      27           991  2357      華碩                  456.00        357.00     1.01%    820.00   826.00   793.00   796.00      985.00   986.00   921.00   938.00   +142.00   +17.84%
      28          1146  7788      松川精密                215.50        123.50     0.94%    253.00   258.50   251.00   258.50      272.00   283.50   265.50   280.00    +21.50    +8.32%
      29          1421  3006      晶豪科                 226.50        139.50     0.89%    208.50   217.50   201.50   202.00      274.00   275.50   266.50   273.00    +71.00   +35.15%
      30           864  7711      永擎                  214.50        134.00     0.82%    366.50   372.50   352.50   353.00      476.00   476.00   466.50   475.00   +122.00   +34.56%
      31           613  6933      AMAX-KY             108.00         30.50     0.79%    153.50   158.50   150.00   150.00      188.00   193.50   182.00   192.00    +42.00   +28.00%
      32          1389  1303      南亞                  204.10        128.00     0.78%     97.60   101.00    94.60    94.80      213.50   215.00   200.00   200.50   +105.70  +111.50%
      33          1199  2301      光寶科                 162.50         94.00     0.70%    227.00   230.50   212.00   213.00      277.00   286.50   263.50   263.50    +50.50   +23.71%
      34           995  5434      崇越                  236.00        175.00     0.62%    456.00   466.00   443.50   449.50      520.00   525.00   513.00   516.00    +66.50   +14.79%
      35           966  2464      盟立                  111.00         53.50     0.59%    150.00   158.50   145.00   146.00      197.00   208.00   183.50   186.00    +40.00   +27.40%
      36          1044  2049      上銀                  215.00        158.50     0.58%    338.00   341.50   325.50   326.00      370.00   395.00   370.00   381.50    +55.50   +17.02%
      37           202  2207      和泰車                 114.00         59.00     0.56%    481.00   493.00   473.50   487.00      514.00   520.00   513.00   515.00    +28.00    +5.75%
      38           453  3231      緯創                   59.50          9.50     0.51%    162.50   165.00   158.00   158.00      193.50   193.50   184.50   187.00    +29.00   +18.35%
      39           483  3661      世芯-KY              3335.00       3285.00     0.51%   4250.00  4270.00  4015.00  4040.00     4350.00  4490.00  4060.00  4060.00    +20.00    +0.50%
      40           900  3034      聯詠                  253.00        203.00     0.51%    478.00   494.00   477.00   478.50      510.00   513.00   498.50   509.00    +30.50    +6.37%
==========================================================================================================================================================================
✅ 共 40 筆


══════════════════════════════════════════════════════════════════════════════════════════════════════════════
  🔄 第 31/45 次  2026/06/09 ～ 2026/08/14
══════════════════════════════════════════════════════════════════════════════════════════════════════════════

==========================================================================================================================================================================
📊 累計漲跌停強度排名 (2026/06/09 ~ 2026/08/14)
==========================================================================================================================================================================
    實資排名        累計天數排名  代號        名稱                 累計漲停(元)       累計跌停(元)       強度%  (06/09)開盤      最高      最低      收盤    (08/14)開盤      最高      最低      收盤      賺賠    賺賠率
--------------------------------------------------------------------------------------------------------------------------------------------------------------------------
       1           178  2059      川湖                10990.00       4785.00    51.41%   6500.00  6795.00  6285.00  6795.00    12010.00 12670.00 12010.00 12500.00  +5705.00   +83.96%
       2           308  3443      創意                 5270.00       3770.00    12.43%   4300.00  4430.00  4240.00  4310.00     5640.00  5830.00  5420.00  5465.00  +1155.00   +26.80%
       3           484  6669      緯穎                 4545.00       3175.00    11.35%   5310.00  5380.00  5210.00  5300.00     6145.00  6650.00  6140.00  6435.00  +1135.00   +21.42%
       4           409  3653      健策                 3790.00       2690.00     9.11%   3915.00  4060.00  3855.00  3935.00     4695.00  4860.00  4530.00  4855.00   +920.00   +23.38%
       5           381  3008      大立光                4450.00       3385.00     8.82%   3800.00  3885.00  3755.00  3885.00     4700.00  4920.00  4590.00  4610.00   +725.00   +18.66%
       6           246  2383      台光電                5150.00       4180.00     8.04%   4965.00  5065.00  4820.00  5065.00     5790.00  6200.00  5770.00  6165.00  +1100.00   +21.72%
       7           778  6446      藥華藥                1462.00        652.00     6.71%    931.00   994.00   931.00   990.00     1440.00  1525.00  1440.00  1500.00   +510.00   +51.52%
       8           540  3017      奇鋐                 2545.00       1900.00     5.34%   2575.00  2575.00  2440.00  2545.00     3250.00  3320.00  3170.00  3235.00   +690.00   +27.11%
       9           445  2454      聯發科                3355.00       2965.00     3.23%   4180.00  4475.00  4130.00  4475.00     4400.00  4400.00  4205.00  4210.00   -265.00    -5.92%
      10          1165  6949      沛爾生醫-創              954.00        587.00     3.04%    677.00   709.00   677.00   704.00     1045.00  1090.00  1025.00  1070.00   +366.00   +51.99%
      11           745  8046      南電                 1582.00       1238.00     2.85%    852.00   914.00   842.00   914.00     1235.00  1335.00  1205.00  1305.00   +391.00   +42.78%
      12           498  3661      世芯-KY              3415.00       3135.00     2.32%   4185.00  4265.00  4115.00  4250.00     4225.00  4530.00  4180.00  4210.00    -40.00    -0.94%
      13          1135  3189      景碩                 1003.00        772.00     1.91%    705.00   732.00   683.00   714.00      841.00   862.00   840.00   862.00   +148.00   +20.73%
      14          1140  2395      研華                  375.50        159.00     1.79%    473.50   492.00   473.50   489.50      690.00   699.00   676.00   683.00   +193.50   +39.53%
      15          1497  6213      聯茂                  454.00        239.50     1.78%    249.00   259.00   242.00   257.00      463.00   490.00   462.00   480.00   +223.00   +86.77%
      16          1203  2408      南亞科                 628.50        443.00     1.54%    350.50   366.00   342.00   363.00      532.00   542.00   501.00   512.00   +149.00   +41.05%
      17          1002  8039      台虹                  280.00        119.50     1.33%    131.00   134.00   127.50   133.50      259.50   274.00   246.50   272.50   +139.00  +104.12%
      18          1163  1590      亞德客-KY              860.00        700.00     1.33%   1325.00  1335.00  1275.00  1305.00     1495.00  1510.00  1440.00  1460.00   +155.00   +11.88%
      19           807  2379      瑞昱                  655.00        498.00     1.30%    590.00   655.00   586.00   651.00      752.00   759.00   721.00   721.00    +70.00   +10.75%
      20           982  2357      華碩                  456.00        299.00     1.30%    853.00   853.00   834.00   850.00      968.00  1025.00   966.00   996.00   +146.00   +17.18%
      21          1007  3711      日月光投控               557.00        412.00     1.20%    545.00   574.00   544.00   569.00      635.00   635.00   608.00   616.00    +47.00    +8.26%
      22           791  3037      欣興                 1025.00        883.00     1.18%    950.00   972.00   920.00   969.00     1020.00  1025.00   995.00  1020.00    +51.00    +5.26%
      23           320  7610      聯友金屬-創             2855.00       2720.00     1.12%   1895.00  1915.00  1875.00  1915.00     1795.00  1870.00  1730.00  1750.00   -165.00    -8.62%
      24          1197  7795      長廣                  621.50        495.50     1.04%    365.00   390.00   365.00   390.00      559.00   594.00   530.00   536.00   +146.00   +37.44%
      25          1269  6691      洋基工程                479.00        359.00     0.99%    621.00   637.00   618.00   637.00      727.00   728.00   712.00   728.00    +91.00   +14.29%
      26           562  7750      新代                 1805.00       1690.00     0.95%   2195.00  2285.00  2165.00  2215.00     2380.00  2395.00  2330.00  2355.00   +140.00    +6.32%
      27          1220  1560      中砂                  582.00        469.00     0.94%    655.00   674.00   655.00   665.00      720.00   732.00   714.00   725.00    +60.00    +9.02%
      28          1010  2330      台積電                1055.00        945.00     0.91%   2305.00  2320.00  2295.00  2305.00     2435.00  2440.00  2395.00  2395.00    +90.00    +3.90%
      29          1391  2455      全新                  410.50        305.00     0.87%    373.00   395.00   360.00   395.00      385.00   385.00   376.00   379.50    -15.50    -3.92%
      30           755  8996      高力                 1531.00       1431.00     0.83%   1220.00  1330.00  1205.00  1330.00     1325.00  1330.00  1245.00  1280.00    -50.00    -3.76%
      31           806  2404      漢唐                  890.00        800.00     0.75%   1125.00  1195.00  1090.00  1190.00     1135.00  1140.00  1100.00  1125.00    -65.00    -5.46%
      32          1421  3006      晶豪科                 226.50        139.50     0.72%    212.50   214.50   205.50   214.50      282.00   282.00   269.50   273.50    +59.00   +27.51%
      33           864  7711      永擎                  214.50        134.00     0.67%    375.00   375.00   368.00   372.50      499.00   499.00   470.00   472.00    +99.50   +26.71%
      34          1059  5434      崇越                  254.50        175.00     0.66%    442.00   456.00   440.50   456.00      532.00   532.00   521.00   521.00    +65.00   +14.25%
      35           613  6933      AMAX-KY             108.00         30.50     0.64%    157.50   159.00   155.00   158.00      197.50   197.50   186.50   188.50    +30.50   +19.30%
      36          1389  1303      南亞                  204.10        128.00     0.63%    100.00   101.00    96.90    99.20      194.00   207.50   189.50   207.50   +108.30  +109.17%
      37           940  6781      AES-KY              827.00        753.00     0.61%   1085.00  1165.00  1060.00  1145.00     1130.00  1140.00  1115.00  1120.00    -25.00    -2.18%
      38          1119  2049      上銀                  230.50        158.50     0.60%    333.50   345.00   330.00   345.00      387.00   388.50   367.50   373.50    +28.50    +8.26%
      39          1111  7788      松川精密                203.50        134.50     0.57%    250.00   251.50   229.00   235.00      271.50   276.50   263.50   268.00    +33.00   +14.04%
      40          1199  2301      光寶科                 162.50         94.00     0.57%    220.50   225.00   215.50   224.00      274.50   278.00   261.00   267.00    +43.00   +19.20%
==========================================================================================================================================================================
✅ 共 40 筆


══════════════════════════════════════════════════════════════════════════════════════════════════════════════
  🔄 第 32/45 次  2026/06/08 ～ 2026/08/13
══════════════════════════════════════════════════════════════════════════════════════════════════════════════

==========================================================================================================================================================================
📊 累計漲跌停強度排名 (2026/06/08 ~ 2026/08/13)
==========================================================================================================================================================================
    實資排名        累計天數排名  代號        名稱                 累計漲停(元)       累計跌停(元)       強度%  (06/08)開盤      最高      最低      收盤    (08/13)開盤      最高      最低      收盤      賺賠    賺賠率
--------------------------------------------------------------------------------------------------------------------------------------------------------------------------
       1           176  2059      川湖                11285.00       4785.00    90.62%   6000.00  6180.00  6000.00  6180.00    12235.00 12500.00 11840.00 12235.00  +6055.00   +97.98%
       2           305  3443      創意                 5270.00       3695.00    21.96%   4000.00  4315.00  4000.00  4255.00     5260.00  5580.00  5230.00  5540.00  +1285.00   +30.20%
       3           407  3653      健策                 3770.00       2690.00    15.06%   3260.00  3860.00  3260.00  3820.00     4500.00  4670.00  4415.00  4635.00   +815.00   +21.34%
       4           380  3008      大立光                4450.00       3480.00    13.52%   3330.00  3550.00  3325.00  3535.00     4655.00  4825.00  4545.00  4660.00  +1125.00   +31.82%
       5           895  6446      藥華藥                1407.00        663.00    10.37%    907.00   956.00   907.00   926.00     1475.00  1510.00  1430.00  1445.00   +519.00   +56.05%
       6           483  6669      緯穎                 4180.00       3560.00     8.64%   5200.00  5330.00  5135.00  5275.00     6095.00  6195.00  6020.00  6070.00   +795.00   +15.07%
       7           570  3017      奇鋐                 2510.00       1930.00     8.09%   2340.00  2570.00  2340.00  2570.00     3030.00  3200.00  2925.00  3200.00   +630.00   +24.51%
       8           252  2383      台光電                4675.00       4295.00     5.30%   4575.00  4810.00  4530.00  4770.00     5875.00  5875.00  5655.00  5690.00   +920.00   +19.29%
       9          1165  6949      沛爾生醫-創              923.00        587.00     4.68%    610.00   694.00   610.00   677.00     1015.00  1055.00   999.00  1020.00   +343.00   +50.66%
      10           845  8046      南電                 1492.00       1252.00     3.35%    761.00   853.00   761.00   831.00     1295.00  1300.00  1215.00  1215.00   +384.00   +46.21%
      11           322  7610      聯友金屬-創             2885.00       2660.00     3.14%   1575.00  1780.00  1575.00  1780.00     1935.00  1935.00  1790.00  1810.00    +30.00    +1.69%
      12          1169  2395      研華                  375.50        169.00     2.88%    456.00   474.50   456.00   471.00      695.00   709.00   690.00   698.00   +227.00   +48.20%
      13          1212  3189      景碩                  992.00        786.00     2.87%    641.00   698.00   641.00   698.00      866.00   872.00   813.00   851.00   +153.00   +21.92%
      14          1594  6213      聯茂                  443.00        250.50     2.68%    229.50   244.50   229.50   243.50      469.00   470.00   448.00   469.00   +225.50   +92.61%
      15           758  8996      高力                 1616.00       1431.00     2.58%   1015.00  1230.00  1015.00  1210.00     1235.00  1285.00  1195.00  1285.00    +75.00    +6.20%
      16           425  2454      聯發科                3355.00       3180.00     2.44%   3935.00  4090.00  3935.00  4070.00     4130.00  4295.00  4115.00  4225.00   +155.00    +3.81%
      17          1269  2408      南亞科                 628.50        463.50     2.30%    324.00   348.00   324.00   339.50      497.00   530.00   490.00   514.00   +174.50   +51.40%
      18           825  2379      瑞昱                  655.00        508.00     2.05%    579.00   600.00   579.00   596.00      775.00   775.00   750.00   758.00   +162.00   +27.18%
      19           491  3661      世芯-KY              3395.00       3250.00     2.02%   3900.00  4180.00  3895.00  4170.00     4100.00  4225.00  4090.00  4190.00    +20.00    +0.48%
      20          1279  7795      長廣                  621.50        490.50     1.83%    355.00   380.00   343.00   365.00      556.00   556.00   516.00   556.00   +191.00   +52.33%
      21          1152  1590      亞德客-KY              860.00        730.00     1.81%   1240.00  1290.00  1225.00  1280.00     1590.00  1595.00  1455.00  1470.00   +190.00   +14.84%
      22          1127  8039      台虹                  257.00        129.50     1.78%    126.50   131.50   126.50   130.50      228.00   249.50   227.50   249.50   +119.00   +91.19%
      23           997  3711      日月光投控               557.00        439.00     1.65%    520.00   543.00   520.00   540.00      627.00   638.00   623.00   626.00    +86.00   +15.93%
      24           837  3037      欣興                 1005.00        905.00     1.39%    840.00   925.00   840.00   911.00     1045.00  1045.00   976.00  1000.00    +89.00    +9.77%
      25          1322  6691      洋基工程                479.00        384.00     1.32%    590.00   620.00   590.00   617.00      741.00   743.00   726.00   728.00   +111.00   +17.99%
      26          1118  7788      松川精密                225.50        134.50     1.27%    202.00   246.00   202.00   246.00      256.00   278.00   253.00   275.50    +29.50   +11.99%
      27          1019  2330      台積電                1055.00        975.00     1.12%   2230.00  2320.00  2230.00  2295.00     2440.00  2445.00  2425.00  2435.00   +140.00    +6.10%
      28           910  7711      永擎                  214.50        136.50     1.09%    354.00   371.00   354.00   371.00      456.00   492.00   447.50   491.50   +120.50   +32.48%
      29          1515  3006      晶豪科                 226.50        155.00     1.00%    200.50   209.00   200.50   207.00      285.50   285.50   272.50   277.50    +70.50   +34.06%
      30          1426  2455      全新                  410.50        344.50     0.92%    359.50   360.50   359.50   359.50      398.00   398.00   380.00   384.00    +24.50    +6.82%
      31           725  6933      AMAX-KY             108.00         43.00     0.91%    151.50   157.00   151.00   155.00      195.50   201.00   187.50   197.50    +42.50   +27.42%
      32          1532  2493      揚博                  317.00        252.50     0.90%    160.50   166.00   160.50   164.00      243.00   245.00   230.00   236.00    +72.00   +43.90%
      33           909  6472      保瑞                  198.50        139.00     0.83%    363.50   393.50   362.50   391.00      428.00   428.00   421.00   422.00    +31.00    +7.93%
      34          1124  5434      崇越                  254.50        196.00     0.82%    420.00   443.00   419.50   437.50      538.00   539.00   526.00   527.00    +89.50   +20.46%
      35          1373  1303      南亞                  185.60        128.00     0.80%     96.10    98.90    95.20    97.50      191.00   195.00   184.00   189.00    +91.50   +93.85%
      36          1319  2301      光寶科                 162.50        105.50     0.79%    207.00   220.00   207.00   218.50      268.00   281.00   266.50   269.50    +51.00   +23.34%
      37           960  3034      聯詠                  253.00        196.00     0.79%    460.00   475.00   456.00   473.00      542.00   545.00   531.00   538.00    +65.00   +13.74%
      38          1212  2049      上銀                  230.50        174.00     0.79%    316.50   330.50   313.00   329.50      383.00   404.50   377.50   381.00    +51.50   +15.63%
      39           318  2207      和泰車                 124.00         71.00     0.74%    471.00   489.50   470.00   473.00      516.00   529.00   515.00   524.00    +51.00   +10.78%
      40           453  3231      緯創                   59.50          9.50     0.70%    156.00   163.50   156.00   163.50      196.00   199.50   193.50   197.00    +33.50   +20.49%
==========================================================================================================================================================================
✅ 共 40 筆


══════════════════════════════════════════════════════════════════════════════════════════════════════════════
  🔄 第 33/45 次  2026/06/05 ～ 2026/08/12
══════════════════════════════════════════════════════════════════════════════════════════════════════════════

==========================================================================================================================================================================
📊 累計漲跌停強度排名 (2026/06/05 ~ 2026/08/12)
==========================================================================================================================================================================
    實資排名        累計天數排名  代號        名稱                 累計漲停(元)       累計跌停(元)       強度%  (06/05)開盤      最高      最低      收盤    (08/12)開盤      最高      最低      收盤      賺賠    賺賠率
--------------------------------------------------------------------------------------------------------------------------------------------------------------------------
       1           172  2059      川湖                11365.00       4785.00   163.22%   5250.00  5805.00  4945.00  5620.00    12250.00 12295.00 11790.00 12045.00  +6425.00  +114.32%
       2           337  3443      創意                 4870.00       3695.00    29.15%   4335.00  4570.00  4130.00  4410.00     5025.00  5180.00  4945.00  5130.00   +720.00   +16.33%
       3           382  3008      大立光                4450.00       3625.00    20.46%   3750.00  3750.00  3570.00  3680.00     4390.00  4685.00  4355.00  4585.00   +905.00   +24.59%
       4           407  3653      健策                 3605.00       2800.00    19.97%   3550.00  3680.00  3460.00  3620.00     4125.00  4470.00  4125.00  4470.00   +850.00   +23.48%
       5           895  6446      藥華藥                1407.00        663.00    18.46%    958.00   964.00   929.00   937.00     1465.00  1550.00  1415.00  1440.00   +503.00   +53.68%
       6           468  6669      緯穎                 4225.00       3560.00    16.50%   5540.00  5740.00  5305.00  5660.00     5905.00  6140.00  5900.00  6025.00   +365.00    +6.45%
       7           250  2383      台光電                4730.00       4255.00    11.78%   4780.00  5025.00  4545.00  4885.00     5500.00  5730.00  5480.00  5730.00   +845.00   +17.30%
       8          1145  6949      沛爾生醫-創              926.00        587.00     8.41%    645.00   682.00   632.00   658.00      982.00  1020.00   982.00  1010.00   +352.00   +53.50%
       9           333  7610      聯友金屬-創             2905.00       2575.00     8.19%   1730.00  1800.00  1730.00  1750.00     1870.00  1895.00  1790.00  1895.00   +145.00    +8.29%
      10          1181  1590      亞德客-KY              870.00        605.00     6.57%   1280.00  1330.00  1260.00  1320.00     1530.00  1615.00  1530.00  1595.00   +275.00   +20.83%
      11           863  8046      南電                 1492.00       1235.00     6.38%    865.00   875.00   813.00   845.00     1170.00  1265.00  1130.00  1265.00   +420.00   +49.70%
      12          1226  3189      景碩                 1012.00        786.00     5.61%    662.00   725.00   623.00   712.00      847.00   864.00   827.00   858.00   +146.00   +20.51%
      13          1594  6213      聯茂                  443.00        250.50     4.78%    257.50   257.50   240.00   254.50      459.00   475.00   451.50   464.00   +209.50   +82.32%
      14           573  3017      奇鋐                 2220.00       2040.00     4.47%   2680.00  2680.00  2505.00  2600.00     2765.00  2915.00  2755.00  2910.00   +310.00   +11.92%
      15          1159  2395      研華                  363.50        195.00     4.18%    511.00   515.00   493.00   496.00      672.00   699.00   667.00   686.00   +190.00   +38.31%
      16           842  2379      瑞昱                  674.00        508.00     4.12%    629.00   660.00   605.00   643.00      772.00   776.00   760.00   766.00   +123.00   +19.13%
      17          1105  8039      台虹                  234.50        129.50     2.60%    140.00   142.50   132.50   140.50      215.00   231.00   210.50   227.00    +86.50   +61.57%
      18          1043  3711      日月光投控               557.00        455.00     2.53%    581.00   585.00   562.00   577.00      633.00   634.00   619.00   621.00    +44.00    +7.63%
      19          1270  2408      南亞科                 597.00        498.50     2.44%    370.00   374.00   355.50   360.00      497.00   511.00   480.50   482.50   +122.50   +34.03%
      20          1322  6691      洋基工程                479.00        384.00     2.36%    635.00   643.00   629.00   642.00      730.00   739.00   715.00   733.00    +91.00   +14.17%
      21          1108  7788      松川精密                226.00        134.50     2.27%    200.00   224.00   200.00   224.00      241.00   261.50   240.50   256.00    +32.00   +14.29%
      22          1333  7795      長廣                  571.50        500.00     1.77%    389.50   389.50   376.00   380.00      506.00   506.00   506.00   506.00   +126.00   +33.16%
      23           750  8996      高力                 1501.00       1431.00     1.74%   1120.00  1155.00  1065.00  1125.00     1070.00  1170.00  1065.00  1170.00    +45.00    +4.00%
      24           802  6409      旭隼                  781.00        712.00     1.71%    882.00   928.00   875.00   928.00     1010.00  1025.00   994.00   995.00    +67.00    +7.22%
      25          1426  2455      全新                  410.50        344.50     1.64%    390.00   399.00   374.00   399.00      372.00   388.00   372.00   384.50    -14.50    -3.63%
      26           725  6933      AMAX-KY             108.00         43.00     1.61%    170.00   172.00   165.00   167.50      189.50   197.00   184.00   194.00    +26.50   +15.82%
      27          1532  2493      揚博                  317.00        252.50     1.60%    177.00   190.50   171.00   178.00      244.00   248.50   234.50   243.00    +65.00   +36.52%
      28           854  3037      欣興                 1005.00        943.00     1.54%    950.00   969.00   890.00   933.00      999.00  1010.00   990.00  1000.00    +67.00    +7.18%
      29           909  6472      保瑞                  198.50        139.00     1.48%    364.50   377.00   360.50   371.50      430.00   434.00   418.50   424.00    +52.50   +14.13%
      30          1124  5434      崇越                  254.50        196.00     1.45%    465.00   465.00   448.00   458.50      534.00   543.00   525.00   532.00    +73.50   +16.03%
      31          1373  1303      南亞                  185.60        128.00     1.43%    109.00   109.00   100.50   104.50      195.00   197.50   187.00   189.00    +84.50   +80.86%
      32           960  3034      聯詠                  253.00        196.00     1.41%    491.00   492.00   480.00   492.00      538.00   544.00   532.00   537.00    +45.00    +9.15%
      33           453  3231      緯創                   59.50          9.50     1.24%    172.50   174.00   165.50   171.00      189.50   195.00   189.00   193.50    +22.50   +13.16%
      34          1546  3006      晶豪科                 226.50        177.50     1.22%    236.00   238.50   220.50   222.50      275.50   279.00   269.00   274.00    +51.50   +23.15%
      35          1261  1560      中砂                  564.00        515.00     1.22%    715.00   715.00   694.00   698.00      704.00   735.00   680.00   728.00    +30.00    +4.30%
      36          1018  6414      樺漢                  257.00        208.50     1.20%    387.50   387.50   372.50   384.00      447.00   459.50   446.00   455.50    +71.50   +18.62%
      37           917  7711      永擎                  183.50        136.50     1.17%    396.00   405.00   386.50   393.00      445.00   447.50   434.00   447.50    +54.50   +13.87%
      38           599  7750      新代                 1805.00       1760.00     1.12%   2315.00  2315.00  2205.00  2260.00     2360.00  2435.00  2360.00  2390.00   +130.00    +5.75%
      39           272  6957      裕慶-KY                67.00         23.50     1.08%    197.50   197.50   186.00   191.50      217.00   219.00   215.00   218.00    +26.50   +13.84%
      40           551  6579      研揚                   76.00         33.50     1.05%    164.50   165.00   160.00   162.50      158.00   161.50   158.00   160.00     -2.50    -1.54%
==========================================================================================================================================================================
✅ 共 40 筆


══════════════════════════════════════════════════════════════════════════════════════════════════════════════
  🔄 第 34/45 次  2026/06/04 ～ 2026/08/11
══════════════════════════════════════════════════════════════════════════════════════════════════════════════

==========================================================================================================================================================================
📊 累計漲跌停強度排名 (2026/06/04 ~ 2026/08/11)
==========================================================================================================================================================================
    實資排名        累計天數排名  代號        名稱                 累計漲停(元)       累計跌停(元)       強度%  (06/04)開盤      最高      最低      收盤    (08/11)開盤      最高      最低      收盤      賺賠    賺賠率
--------------------------------------------------------------------------------------------------------------------------------------------------------------------------
       1           263  7769      鴻勁                 4125.00       5575.00   225.21%   7480.00  7645.00  7355.00  7385.00     6160.00  6375.00  6160.00  6350.00  -1035.00   -14.01%
       2           385  6515      穎崴                 6680.00       7885.00   187.16%   8150.00  8710.00  8150.00  8650.00     6830.00  6950.00  6765.00  6920.00  -1730.00   -20.00%
       3           581  6442      光聖                 1340.00       2080.00   114.93%   1950.00  2200.00  1950.00  2145.00     1380.00  1470.00  1365.00  1450.00   -695.00   -32.40%
       4           712  2308      台達電                1060.00       1720.00   102.51%   2440.00  2465.00  2405.00  2425.00     1835.00  1865.00  1785.00  1805.00   -620.00   -25.57%
       5           713  3533      嘉澤                 1070.00       1650.00    90.08%   2555.00  2555.00  2380.00  2400.00     1990.00  2030.00  1960.00  1990.00   -410.00   -17.08%
       6           509  2345      智邦                 1730.00       2195.00    72.22%   2525.00  2550.00  2460.00  2510.00     2140.00  2150.00  2075.00  2135.00   -375.00   -14.94%
       7           504  2360      致茂                 1580.00       2005.00    66.01%   2510.00  2670.00  2510.00  2620.00     2025.00  2130.00  1965.00  2080.00   -540.00   -20.61%
       8           484  3661      世芯-KY              3160.00       3560.00    62.13%   4530.00  4555.00  4335.00  4340.00     4000.00  4150.00  3925.00  3955.00   -385.00    -8.87%
       9          1000  8210      勤誠                  809.00       1204.00    61.35%   1440.00  1475.00  1380.00  1420.00     1045.00  1050.00  1000.00  1015.00   -405.00   -28.52%
      10           814  6531      愛普*                 844.00       1218.00    58.09%   1060.00  1150.00  1055.00  1055.00      905.00   920.00   831.00   831.00   -224.00   -21.23%
      11           930  2368      金像電                 730.00       1075.00    53.58%   1350.00  1370.00  1315.00  1350.00      917.00   984.00   915.00   964.00   -386.00   -28.59%
      12           946  3167      大量                  670.00       1003.00    51.72%    950.00   950.00   901.00   901.00      650.00   665.00   635.00   635.00   -266.00   -29.52%
      13          1296  6830      汎銓                  320.50        641.50    49.86%    690.00   733.00   676.00   676.00      417.50   424.50   403.00   408.50   -267.50   -39.57%
      14          1322  6451      訊芯-KY               449.50        741.50    45.35%    700.00   756.00   676.00   680.00      437.00   446.00   420.00   433.00   -247.00   -36.32%
      15           433  2454      聯發科                3145.00       3425.00    43.49%   4600.00  4685.00  4430.00  4430.00     3900.00  4050.00  3810.00  4020.00   -410.00    -9.26%
      16           827  6805      富世達                1375.00       1625.00    38.83%   2020.00  2055.00  1955.00  1985.00     1725.00  1840.00  1725.00  1790.00   -195.00    -9.82%
      17          1160  7822      倍利科                 842.00       1078.00    36.65%   1080.00  1175.00  1040.00  1175.00      873.00   873.00   850.00   854.00   -321.00   -27.32%
      18           581  3665      貿聯-KY              1600.00       1800.00    31.06%   2265.00  2275.00  2130.00  2155.00     2145.00  2205.00  2070.00  2200.00    +45.00    +2.09%
      19           988  2327      國巨*                 870.50       1063.50    29.98%    775.00   788.00   743.00   743.00      568.00   623.00   567.00   617.00   -126.00   -16.96%
      20          1121  7768      頌勝科技                 28.00        210.00    28.27%    428.00   428.00   412.00   415.50      261.50   261.50   250.50   256.50   -159.00   -38.27%
      21          1233  4583      台灣精銳                150.50        328.50    27.65%    679.00   681.00   673.00   675.00      493.00   508.00   485.00   500.00   -175.00   -25.93%
      22          1103  1519      華城                  310.00        458.00    22.99%    946.00   997.00   910.00   910.00      668.00   710.00   666.00   703.00   -207.00   -22.75%
      23          1495  6861      睿生光電                147.00        289.00    22.05%    349.50   363.00   348.00   348.50      219.50   221.50   210.50   218.00   -130.50   -37.45%
      24          1666  2233      宇隆                  146.00        278.00    20.50%    319.00   323.00   310.00   316.50      201.50   205.00   199.00   201.00   -115.50   -36.49%
      25          1297  6715      嘉基                  399.00        527.50    19.96%    476.00   501.00   451.00   455.00      363.00   377.00   355.00   360.50    -94.50   -20.77%
      26           574  3017      奇鋐                 2070.00       2185.00    17.86%   2805.00  2820.00  2675.00  2710.00     2705.00  2800.00  2625.00  2760.00    +50.00    +1.85%
      27          1421  3563      牧德                  472.00        585.00    17.55%    816.00   829.00   807.00   807.00      693.00   693.00   666.00   677.00   -130.00   -16.11%
      28          1197  3450      聯鈞                  549.00        661.00    17.40%    531.00   557.00   520.00   520.00      500.00   507.00   472.00   473.50    -46.50    -8.94%
      29          1217  8021      尖點                  489.00        597.50    16.85%    460.00   460.00   438.50   441.00      424.50   444.00   414.00   439.00     -2.00    -0.45%
      30          1433  6449      鈺邦                  281.00        385.50    16.23%    370.00   388.50   370.00   385.00      239.50   252.00   236.50   238.00   -147.00   -38.18%
      31          1259  8028      昇陽半導體               165.50        269.50    16.15%    341.00   351.00   337.00   341.00      262.00   268.00   257.00   261.00    -80.00   -23.46%
      32          1527  2472      立隆電                 358.50        459.50    15.69%    346.50   350.50   341.00   350.00      237.50   257.50   236.50   244.50   -105.50   -30.14%
      33          1208  2492      華新科                 521.50        617.50    14.91%    392.00   405.00   392.00   392.00      271.00   300.50   270.00   300.50    -91.50   -23.34%
      34           958  2357      華碩                  299.00        394.00    14.75%    916.00   927.00   881.00   892.00      818.00   839.00   812.00   839.00    -53.00    -5.94%
      35          1504  5284      jpp-KY              140.50        235.00    14.68%    426.00   430.50   412.00   416.50      310.00   310.00   300.00   300.50   -116.00   -27.85%
      36          1139  6415      矽力*-KY              461.00        550.50    13.90%    581.00   589.00   565.00   570.00      469.50   488.00   461.50   466.50   -103.50   -18.16%
      37           994  3026      禾伸堂                1041.50       1129.50    13.67%    600.00   632.00   600.00   622.00      617.00   646.00   594.00   646.00    +24.00    +3.86%
      38          1288  2467      志聖                  500.50        588.00    13.59%    615.00   646.00   608.00   626.00      549.00   549.00   529.00   532.00    -94.00   -15.02%
      39          1172  6526      達發                  371.00        456.00    13.20%    706.00   712.00   686.00   687.00      620.00   632.00   612.00   620.00    -67.00    -9.75%
      40          1087  3135      凌航                   51.00        134.50    12.97%    238.50   249.00   238.00   240.50      165.50   169.50   165.00   167.00    -73.50   -30.56%
==========================================================================================================================================================================
✅ 共 40 筆


══════════════════════════════════════════════════════════════════════════════════════════════════════════════
  🔄 第 35/45 次  2026/06/03 ～ 2026/08/10
══════════════════════════════════════════════════════════════════════════════════════════════════════════════

==========================================================================================================================================================================
📊 累計漲跌停強度排名 (2026/06/03 ~ 2026/08/10)
==========================================================================================================================================================================
    實資排名        累計天數排名  代號        名稱                 累計漲停(元)       累計跌停(元)       強度%  (06/03)開盤      最高      最低      收盤    (08/10)開盤      最高      最低      收盤      賺賠    賺賠率
--------------------------------------------------------------------------------------------------------------------------------------------------------------------------
       1           171  2059      川湖                11230.00       4515.00   550.86%   5200.00  5375.00  5045.00  5350.00    12220.00 12220.00 11590.00 11905.00  +6555.00  +122.52%
       2           486  6669      緯穎                 4255.00       3510.00    61.12%   5550.00  5675.00  5420.00  5600.00     6215.00  6225.00  5990.00  6010.00   +410.00    +7.32%
       3           896  6446      藥華藥                1316.00        643.00    55.21%    903.00   906.00   883.00   899.00     1200.00  1360.00  1190.00  1330.00   +431.00   +47.94%
       4           383  3008      大立光                4355.00       3740.00    50.45%   3920.00  4225.00  3820.00  3985.00     4480.00  4565.00  4345.00  4400.00   +415.00   +10.41%
       5           352  3443      創意                 4340.00       3900.00    36.10%   4600.00  4725.00  4510.00  4605.00     4640.00  4815.00  4510.00  4530.00    -75.00    -1.63%
       6           307  7610      聯友金屬-創             2950.00       2520.00    35.27%   1705.00  1705.00  1660.00  1660.00     2035.00  2035.00  1860.00  1950.00   +290.00   +17.47%
       7          1146  6949      沛爾生醫-創              864.00        577.00    23.54%    634.00   636.00   623.00   635.00      943.00   952.00   914.00   948.00   +313.00   +49.29%
       8          1152  1590      亞德客-KY              925.00        655.00    22.15%   1350.00  1380.00  1325.00  1370.00     1510.00  1590.00  1465.00  1570.00   +200.00   +14.60%
       9           652  7750      新代                 1865.00       1640.00    18.46%   2240.00  2320.00  2240.00  2295.00     2390.00  2485.00  2285.00  2485.00   +190.00    +8.28%
      10           815  6409      旭隼                  883.00        667.00    17.72%    746.00   790.00   727.00   768.00     1020.00  1105.00  1005.00  1040.00   +272.00   +35.42%
      11           406  3653      健策                 3200.00       2990.00    17.23%   4040.00  4210.00  3860.00  3905.00     4470.00  4470.00  4050.00  4135.00   +230.00    +5.89%
      12          1195  3189      景碩                  996.00        833.00    13.37%    740.00   749.00   730.00   739.00      823.00   849.00   811.00   836.00    +97.00   +13.13%
      13          1596  6213      聯茂                  406.50        260.00    12.02%    275.00   278.50   268.00   270.00      424.00   427.50   422.00   427.50   +157.50   +58.33%
      14          1124  2395      研華                  338.50        195.00    11.77%    519.00   520.00   500.00   513.00      648.00   695.00   648.00   667.00   +154.00   +30.02%
      15           885  8046      南電                 1399.00       1261.00    11.32%    860.00   920.00   856.00   904.00     1100.00  1180.00  1080.00  1130.00   +226.00   +25.00%
      16           849  2379      瑞昱                  660.00        530.00    10.66%    685.00   689.00   642.00   646.00      752.00   764.00   746.00   758.00   +112.00   +17.34%
      17          1105  3711      日月光投控               585.00        480.00     8.61%    615.00   636.00   614.00   618.00      602.00   641.00   601.00   630.00    +12.00    +1.94%
      18          1090  8039      台虹                  223.50        129.50     7.71%    149.50   157.00   146.50   150.50      250.00   254.00   224.50   226.00    +75.50   +50.17%
      19          1254  2408      南亞科                 597.00        503.50     7.67%    430.00   430.50   400.00   401.50      473.00   502.00   473.00   502.00   +100.50   +25.03%
      20          1114  7788      松川精密                225.00        134.50     7.42%    185.00   200.00   182.00   198.50      238.00   238.00   226.00   234.50    +36.00   +18.14%
      21           680  8454      富邦媒                 265.50        175.50     7.38%    267.00   292.00   265.00   292.00      295.00   295.50   272.50   274.50    -17.50    -5.99%
      22          1391  6691      洋基工程                479.00        394.00     6.97%    651.00   656.00   644.00   645.00      738.00   749.00   732.00   732.00    +87.00   +13.49%
      23          1009  6414      樺漢                  257.00        175.00     6.73%    387.50   389.00   378.00   385.00      476.00   483.50   467.50   482.00    +97.00   +25.19%
      24           995  6781      AES-KY              907.00        833.00     6.07%   1140.00  1230.00  1125.00  1210.00     1160.00  1220.00  1140.00  1195.00    -15.00    -1.24%
      25          1583  2493      揚博                  326.00        252.50     6.03%    150.00   161.50   149.50   161.50      214.00   231.50   214.00   218.00    +56.50   +34.98%
      26          1468  2455      全新                  408.50        339.50     5.66%    413.50   422.00   413.50   414.00      382.00   392.00   376.00   384.50    -29.50    -7.13%
      27          1317  6944      兆聯實業                609.00        548.00     5.00%    908.00   917.00   905.00   914.00      780.00   788.00   751.00   755.00   -159.00   -17.40%
      28           840  2404      漢唐                  965.00        905.00     4.92%   1155.00  1180.00  1130.00  1155.00     1150.00  1180.00  1135.00  1150.00     -5.00    -0.43%
      29           909  6472      保瑞                  198.50        139.00     4.88%    358.00   358.00   349.00   354.00      416.50   436.00   412.00   431.00    +77.00   +21.75%
      30           913  3037      欣興                 1030.00        972.00     4.76%    976.00  1010.00   964.00  1000.00      979.00   995.00   976.00   992.00     -8.00    -0.80%
      31          1373  1303      南亞                  185.60        128.00     4.73%    118.50   118.50   107.00   113.00      188.50   192.00   182.50   185.00    +72.00   +63.72%
      32           385  2207      和泰車                 127.00         71.00     4.59%    479.50   487.50   471.50   485.00      524.00   524.00   514.00   514.00    +29.00    +5.98%
      33           781  6933      AMAX-KY             108.00         55.00     4.35%    185.50   195.00   183.00   186.00      180.50   180.50   180.50   180.50     -5.50    -2.96%
      34          1354  2301      光寶科                 175.00        124.00     4.18%    234.00   250.00   233.00   250.00      256.50   271.50   255.00   271.50    +21.50    +8.60%
      35          1066  5434      崇越                  244.50        196.00     3.98%    476.00   491.00   472.00   473.00      500.00   527.00   500.00   514.00    +41.00    +8.67%
      36           744  8996      高力                 1466.00       1421.00     3.69%   1090.00  1155.00  1085.00  1095.00     1065.00  1110.00  1060.00  1075.00    -20.00    -1.83%
      37           169  6585      鼎基                   44.80          0.00     3.68%    102.50   102.50    99.20    99.20      116.00   119.50   116.00   117.50    +18.30   +18.45%
      38           272  6957      裕慶-KY                67.00         23.50     3.57%    183.00   199.00   183.00   188.00      208.00   215.50   208.00   214.00    +26.00   +13.83%
      39          1011  3034      聯詠                  253.00        210.00     3.53%    511.00   512.00   500.00   503.00      546.00   557.00   541.00   544.00    +41.00    +8.15%
      40           551  6579      研揚                   76.00         33.50     3.49%    172.00   172.00   167.50   167.50      164.50   168.00   158.50   164.50     -3.00    -1.79%
==========================================================================================================================================================================
✅ 共 40 筆


══════════════════════════════════════════════════════════════════════════════════════════════════════════════
  🔄 第 36/45 次  2026/06/02 ～ 2026/08/07
══════════════════════════════════════════════════════════════════════════════════════════════════════════════

==========================================================================================================================================================================
📊 累計漲跌停強度排名 (2026/06/02 ~ 2026/08/07)
==========================================================================================================================================================================
    實資排名        累計天數排名  代號        名稱                 累計漲停(元)       累計跌停(元)       強度%  (06/02)開盤      最高      最低      收盤    (08/07)開盤      最高      最低      收盤      賺賠    賺賠率
--------------------------------------------------------------------------------------------------------------------------------------------------------------------------
       1           377  6515      穎崴                 6660.00       8510.00    45.17%   8655.00  8700.00  7895.00  8080.00     6930.00  7265.00  6695.00  6760.00  -1320.00   -16.34%
       2           253  7769      鴻勁                 4405.00       5875.00    35.89%   7120.00  7480.00  7110.00  7175.00     6635.00  6720.00  6305.00  6320.00   -855.00   -11.92%
       3           518  3661      世芯-KY              2940.00       3840.00    21.97%   4870.00  4870.00  4500.00  4575.00     3665.00  3845.00  3605.00  3715.00   -860.00   -18.80%
       4           707  2308      台達電                 990.00       1770.00    19.04%   2430.00  2455.00  2330.00  2360.00     1700.00  1715.00  1635.00  1650.00   -710.00   -30.08%
       5           699  3533      嘉澤                  990.00       1755.00    18.68%   2655.00  2655.00  2505.00  2615.00     1970.00  1990.00  1900.00  1910.00   -705.00   -26.96%
       6           560  6442      光聖                 1400.00       2080.00    16.60%   1925.00  1960.00  1860.00  1880.00     1405.00  1440.00  1300.00  1325.00   -555.00   -29.52%
       7           506  2360      致茂                 1655.00       2165.00    12.45%   2570.00  2605.00  2390.00  2420.00     2070.00  2140.00  2015.00  2030.00   -390.00   -16.12%
       8           484  2454      聯發科                3045.00       3455.00    10.01%   4970.00  4970.00  4380.00  4525.00     3990.00  4010.00  3825.00  3900.00   -625.00   -13.81%
       9           809  6805      富世達                1325.00       1730.00     9.89%   2150.00  2245.00  2100.00  2190.00     1790.00  1825.00  1645.00  1670.00   -520.00   -23.74%
      10           507  2345      智邦                 1890.00       2200.00     7.57%   2505.00  2520.00  2390.00  2425.00     2395.00  2395.00  2185.00  2215.00   -210.00    -8.66%
      11          1308  6830      汎銓                  347.00        647.50     7.34%    696.00   704.00   660.00   661.00      418.00   425.00   390.50   398.00   -263.00   -39.79%
      12           855  6531      愛普*                 869.00       1148.00     6.81%   1140.00  1155.00  1045.00  1075.00      969.00   975.00   950.00   951.00   -124.00   -11.53%
      13           940  2368      金像電                 802.00       1069.00     6.52%   1330.00  1330.00  1235.00  1275.00      985.00  1015.00   941.00   982.00   -293.00   -22.98%
      14          1158  7822      倍利科                 844.00       1109.00     6.47%   1100.00  1100.00  1030.00  1045.00      867.00   879.00   850.00   850.00   -195.00   -18.66%
      15           240  2383      台光電                4240.00       4495.00     6.23%   5060.00  5075.00  4820.00  4860.00     5400.00  5400.00  5180.00  5240.00   +380.00    +7.82%
      16          1044  8210      勤誠                  889.00       1129.00     5.86%   1410.00  1465.00  1350.00  1375.00     1180.00  1180.00  1115.00  1115.00   -260.00   -18.91%
      17           965  2327      國巨*                 849.50       1089.50     5.86%    771.00   847.00   757.00   846.00      560.00   578.00   531.00   540.00   -306.00   -36.17%
      18          1030  3026      禾伸堂                 930.50       1161.50     5.64%    640.00   650.00   605.00   650.00      595.00   595.00   534.00   535.00   -115.00   -17.69%
      19          1320  6451      訊芯-KY               511.50        718.50     5.05%    656.00   689.00   645.00   659.00      452.00   475.00   419.50   421.00   -238.00   -36.12%
      20          1266  4583      台灣精銳                150.50        354.50     4.98%    714.00   715.00   679.00   689.00      501.00   523.00   499.50   503.00   -186.00   -27.00%
      21          1484  6861      睿生光電                133.50        325.50     4.69%    390.00   395.50   356.50   370.00      209.50   215.00   204.50   207.00   -163.00   -44.05%
      22          1712  2233      宇隆                  146.00        317.00     4.17%    351.50   351.50   319.50   329.00      205.50   212.00   199.00   201.00   -128.00   -38.91%
      23          1152  7768      頌勝科技                 40.00        210.00     4.15%    421.00   440.00   418.50   428.00      260.00   263.50   256.50   257.00   -171.00   -39.95%
      24          1502  3563      牧德                  456.00        603.00     3.59%    828.00   828.00   793.00   807.00      687.00   693.00   653.00   655.00   -152.00   -18.84%
      25          1460  6449      鈺邦                  279.00        424.50     3.55%    402.00   402.00   370.00   372.00      241.00   243.50   221.50   225.50   -146.50   -39.38%
      26          1527  2472      立隆電                 347.50        492.50     3.54%    387.00   387.00   353.00   380.00      238.00   239.50   224.50   229.50   -150.50   -39.61%
      27           950  3167      大量                  804.00        947.00     3.49%    797.00   845.00   784.00   840.00      725.00   725.00   665.00   691.00   -149.00   -17.74%
      28          1283  8021      尖點                  474.50        616.50     3.47%    476.50   476.50   440.00   445.00      420.00   424.00   392.00   395.00    -50.00   -11.24%
      29          1308  2467      志聖                  477.50        619.00     3.45%    637.00   637.00   582.00   588.00      523.00   530.00   498.00   500.00    -88.00   -14.97%
      30          1162  2492      華新科                 512.00        650.50     3.38%    391.00   456.00   374.50   456.00      254.50   259.00   243.50   251.00   -205.00   -44.96%
      31          1101  1519      華城                  345.00        478.00     3.25%    874.00   875.00   839.00   850.00      664.00   671.00   650.00   653.00   -197.00   -23.18%
      32          1351  6715      嘉基                  412.50        543.00     3.19%    443.50   453.00   431.00   437.50      358.50   363.00   332.50   333.50   -104.00   -23.77%
      33          1293  8028      昇陽半導體               165.00        291.00     3.08%    351.00   354.00   333.00   335.00      277.00   277.00   252.50   254.00    -81.00   -24.18%
      34          1480  5284      jpp-KY              130.00        253.50     3.02%    448.00   451.50   420.00   428.00      305.00   309.00   291.50   297.00   -131.00   -30.61%
      35          1171  6415      矽力*-KY              458.50        578.50     2.93%    597.00   598.00   564.00   578.00      446.00   456.50   433.00   441.50   -136.50   -23.62%
      36          1486  3044      健鼎                  202.00        317.00     2.81%    516.00   517.00   497.00   508.00      401.50   403.00   392.50   394.00   -114.00   -22.44%
      37          1173  3450      聯鈞                  502.00        610.50     2.65%    555.00   592.00   540.00   548.00      491.50   527.00   476.00   477.00    -71.00   -12.96%
      38          1312  3030      德律                  116.50        223.50     2.61%    403.00   403.00   368.00   371.00      298.00   301.00   288.00   290.00    -81.00   -21.83%
      39           982  6831      邁科                  860.50        960.50     2.44%    755.00   755.00   686.00   686.00      695.00   695.00   626.00   637.00    -49.00    -7.14%
      40          1494  6285      啟碁                  114.50        211.00     2.36%    315.00   320.50   303.50   306.00      248.50   250.50   230.50   233.00    -73.00   -23.86%
==========================================================================================================================================================================
✅ 共 40 筆


══════════════════════════════════════════════════════════════════════════════════════════════════════════════
  🔄 第 37/45 次  2026/06/01 ～ 2026/08/06
══════════════════════════════════════════════════════════════════════════════════════════════════════════════

==========================================================================================================================================================================
📊 累計漲跌停強度排名 (2026/06/01 ~ 2026/08/06)
==========================================================================================================================================================================
    實資排名        累計天數排名  代號        名稱                 累計漲停(元)       累計跌停(元)       強度%  (06/01)開盤      最高      最低      收盤    (08/06)開盤      最高      最低      收盤      賺賠    賺賠率
--------------------------------------------------------------------------------------------------------------------------------------------------------------------------
       1           248  7769      鴻勁                 4405.00       6465.00   355.82%   8090.00  8165.00  7515.00  7515.00     6415.00  6550.00  6220.00  6475.00  -1040.00   -13.84%
       2           351  6515      穎崴                 6700.00       8495.00   310.04%   8820.00  8895.00  8575.00  8705.00     6800.00  6890.00  6230.00  6775.00  -1930.00   -22.17%
       3           691  2308      台達電                 990.00       1765.00   133.86%   2450.00  2520.00  2410.00  2420.00     1650.00  1700.00  1625.00  1680.00   -740.00   -30.58%
       4           720  3533      嘉澤                 1015.00       1695.00   117.45%   2675.00  2735.00  2605.00  2675.00     1930.00  2025.00  1925.00  1970.00   -705.00   -26.36%
       5           571  6442      光聖                 1440.00       1990.00    95.00%   1855.00  1930.00  1835.00  1885.00     1370.00  1420.00  1335.00  1415.00   -470.00   -24.93%
       6           514  3661      世芯-KY              3325.00       3840.00    88.95%   4485.00  4855.00  4450.00  4855.00     3620.00  3720.00  3580.00  3660.00  -1195.00   -24.61%
       7           514  2360      致茂                 1660.00       2165.00    87.23%   2520.00  2710.00  2500.00  2580.00     1865.00  1990.00  1845.00  1975.00   -605.00   -23.45%
       8           851  6531      愛普*                 818.00       1213.00    68.23%   1240.00  1305.00  1115.00  1125.00      858.00   908.00   858.00   900.00   -225.00   -20.00%
       9          1281  6830      汎銓                  347.00        620.50    47.24%    678.00   685.00   650.00   683.00      404.50   438.00   404.50   425.00   -258.00   -37.77%
      10           940  2368      金像電                 802.00       1069.00    46.12%   1345.00  1350.00  1300.00  1325.00      925.00  1030.00   906.00   985.00   -340.00   -25.66%
      11           233  2383      台光電                4240.00       4480.00    41.45%   5130.00  5280.00  4985.00  5070.00     5200.00  5380.00  5105.00  5305.00   +235.00    +4.64%
      12          1491  6861      睿生光電                133.50        369.50    40.76%    435.00   439.00   396.00   396.00      209.50   214.00   203.50   210.50   -185.50   -46.84%
      13          1159  7822      倍利科                 864.00       1092.00    39.38%   1060.00  1095.00  1045.00  1095.00      862.00   898.00   855.00   867.00   -228.00   -20.82%
      14          1266  4583      台灣精銳                150.50        354.50    35.24%    735.00   735.00   715.00   715.00      508.00   518.00   500.00   505.00   -210.00   -29.37%
      15          1712  2233      宇隆                  146.00        317.00    29.54%    353.00   361.50   344.00   355.00      211.50   213.50   202.00   204.00   -151.00   -42.54%
      16           956  2327      國巨*                 901.50       1059.50    27.29%    765.00   811.00   765.00   790.00      563.00   578.00   536.00   570.00   -220.00   -27.85%
      17           451  2454      聯發科                3290.00       3435.00    25.05%   4440.00  4710.00  4440.00  4555.00     4100.00  4100.00  3905.00  3920.00   -635.00   -13.94%
      18          1046  3026      禾伸堂                 961.50       1103.50    24.53%    671.00   699.00   665.00   672.00      541.00   593.00   525.00   593.00    -79.00   -11.76%
      19          1101  1519      華城                  345.00        478.00    22.97%    870.00   888.00   861.00   870.00      666.00   675.00   656.00   662.00   -208.00   -23.91%
      20          1174  7768      頌勝科技                 77.50        210.00    22.89%    400.00   416.00   400.00   416.00      260.50   263.50   253.00   263.50   -152.50   -36.66%
      21           900  3167      大量                  804.00        933.00    22.28%    809.00   809.00   780.00   786.00      645.00   709.00   645.00   705.00    -81.00   -10.31%
      22           805  6805      富世達                1515.00       1640.00    21.59%   2040.00  2120.00  2040.00  2120.00     1650.00  1760.00  1635.00  1760.00   -360.00   -16.98%
      23          1565  2472      立隆電                 368.50        492.50    21.42%    383.00   408.00   383.00   392.00      240.00   242.50   224.00   238.00   -154.00   -39.29%
      24          1480  5284      jpp-KY              130.00        253.50    21.33%    451.00   454.50   441.00   446.50      310.00   320.00   302.50   303.50   -143.00   -32.03%
      25          1171  6415      矽力*-KY              458.50        578.50    20.73%    600.00   636.00   593.00   606.00      437.00   453.50   426.00   445.00   -161.00   -26.57%
      26          1310  6451      訊芯-KY               568.50        687.50    20.55%    573.00   627.00   573.00   627.00      428.00   468.50   411.50   452.00   -175.00   -27.91%
      27          1199  2492      華新科                 534.00        650.50    20.12%    408.00   433.00   408.00   416.00      256.00   259.50   236.50   256.50   -159.50   -38.34%
      28          1462  6449      鈺邦                  295.00        411.00    20.04%    403.50   434.50   403.50   411.00      226.50   240.00   220.00   239.00   -172.00   -41.85%
      29          1486  3044      健鼎                  202.00        317.00    19.86%    530.00   540.00   512.00   518.00      395.00   405.00   383.50   397.50   -120.50   -23.26%
      30          1481  3563      牧德                  456.00        570.00    19.69%    833.00   833.00   823.00   825.00      684.00   699.00   671.00   688.00   -137.00   -16.61%
      31          1312  3030      德律                  116.50        223.50    18.48%    415.00   417.50   401.00   408.00      297.50   298.50   288.50   295.50   -112.50   -27.57%
      32          1310  8021      尖點                  488.50        594.00    18.22%    466.00   475.00   463.50   464.00      395.50   432.00   384.50   417.50    -46.50   -10.02%
      33          1317  2467      志聖                  495.50        600.00    18.05%    634.00   647.00   625.00   637.00      512.00   522.00   491.50   519.00   -118.00   -18.52%
      34           987  8499      鼎炫-KY                73.50        162.50    15.37%    321.50   322.00   299.00   301.50      249.00   253.50   249.00   250.50    -51.00   -16.92%
      35          1373  6715      嘉基                  429.50        516.50    15.03%    443.00   455.00   428.00   453.00      365.50   373.50   355.00   360.00    -93.00   -20.53%
      36          1134  3135      凌航                   51.00        136.50    14.77%    259.50   266.00   250.00   250.50      176.50   189.00   172.00   186.50    -64.00   -25.55%
      37           652  7750      新代                 1710.00       1795.00    14.68%   2400.00  2425.00  2220.00  2250.00     2465.00  2515.00  2315.00  2365.00   +115.00    +5.11%
      38          1061  8210      勤誠                  924.00       1009.00    14.68%   1395.00  1450.00  1375.00  1400.00     1155.00  1265.00  1155.00  1235.00   -165.00   -11.79%
      39           892  7749      意騰-KY               134.00        219.00    14.68%    510.00   533.00   494.00   499.00      345.50   349.00   342.00   347.50   -151.50   -30.36%
      40          1443  6285      啟碁                  114.50        197.00    14.25%    321.00   321.00   308.50   314.00      256.50   256.50   240.00   247.00    -67.00   -21.34%
==========================================================================================================================================================================
✅ 共 40 筆


══════════════════════════════════════════════════════════════════════════════════════════════════════════════
  🔄 第 38/45 次  2026/05/29 ～ 2026/08/05
══════════════════════════════════════════════════════════════════════════════════════════════════════════════

==========================================================================================================================================================================
📊 累計漲跌停強度排名 (2026/05/29 ~ 2026/08/05)
==========================================================================================================================================================================
    實資排名        累計天數排名  代號        名稱                 累計漲停(元)       累計跌停(元)       強度%  (05/29)開盤      最高      最低      收盤    (08/05)開盤      最高      最低      收盤      賺賠    賺賠率
--------------------------------------------------------------------------------------------------------------------------------------------------------------------------
       1           183  2059      川湖                 9310.00       4655.00  11004.73%   4920.00  5145.00  4825.00  5065.00     9500.00  9575.00  9275.00  9470.00  +4405.00   +86.97%
       2           507  6669      緯穎                 4730.00       3295.00  3392.43%   5130.00  5445.00  5075.00  5445.00     6265.00  6400.00  6130.00  6175.00   +730.00   +13.41%
       3           350  3008      大立光                4715.00       3500.00  2872.34%   3515.00  3600.00  3450.00  3515.00     4410.00  4730.00  4340.00  4575.00  +1060.00   +30.16%
       4           411  3653      健策                 3580.00       2675.00  2139.48%   3580.00  3600.00  3415.00  3545.00     4200.00  4430.00  4180.00  4340.00   +795.00   +22.43%
       5           927  6446      藥華藥                1326.00        608.00  1697.40%    870.00   934.00   868.00   930.00     1245.00  1335.00  1240.00  1335.00   +405.00   +43.55%
       6           315  7610      聯友金屬-創             2935.00       2520.00   981.09%   1470.00  1475.00  1450.00  1475.00     1595.00  1595.00  1580.00  1595.00   +120.00    +8.14%
       7          1158  6949      沛爾生醫-創              845.00        579.00   628.84%    675.00   675.00   643.00   645.00      876.00   961.00   876.00   958.00   +313.00   +48.53%
       8           355  3443      創意                 4265.00       4020.00   579.20%   4440.00  4835.00  4155.00  4670.00     4355.00  4515.00  4285.00  4390.00   -280.00    -6.00%
       9          1140  3189      景碩                 1051.00        834.00   513.00%    707.00   746.00   704.00   729.00      843.00   843.00   812.00   828.00    +99.00   +13.58%
      10           901  2379      瑞昱                  733.00        544.00   446.81%    613.00   615.00   580.00   580.00      762.00   770.00   745.00   751.00   +171.00   +29.48%
      11           850  6409      旭隼                  850.00        667.00   432.62%    711.00   715.00   696.00   709.00      950.00   978.00   950.00   963.00   +254.00   +35.83%
      12           528  3665      貿聯-KY              1795.00       1650.00   342.79%   2315.00  2315.00  2085.00  2085.00     2400.00  2450.00  2330.00  2355.00   +270.00   +12.95%
      13          1016  2357      華碩                  517.00        374.00   338.06%    708.00   761.00   708.00   761.00      813.00   859.00   813.00   838.00    +77.00   +10.12%
      14          1104  2395      研華                  315.50        184.00   310.87%    496.00   515.00   492.00   495.00      590.00   633.00   590.00   633.00   +138.00   +27.88%
      15          1265  2408      南亞科                 633.50        503.50   307.33%    347.50   351.50   338.50   347.00      469.00   470.50   441.50   445.00    +98.00   +28.24%
      16           950  2330      台積電                1120.00        995.00   295.51%   2340.00  2375.00  2330.00  2355.00     2385.00  2415.00  2370.00  2405.00    +50.00    +2.12%
      17           589  3017      奇鋐                 2220.00       2095.00   295.51%   2680.00  2730.00  2615.00  2665.00     2660.00  2775.00  2640.00  2730.00    +65.00    +2.44%
      18           810  8454      富邦媒                 295.50        175.50   283.69%    219.00   231.00   216.00   231.00      258.00   265.50   255.50   261.50    +30.50   +13.20%
      19          1144  1590      亞德客-KY              860.00        760.00   236.41%   1420.00  1420.00  1345.00  1400.00     1455.00  1535.00  1445.00  1510.00   +110.00    +7.86%
      20          1065  6414      樺漢                  272.00        175.00   229.31%    359.00   360.50   355.50   360.50      443.00   478.00   440.50   469.00   +108.50   +30.10%
      21          1062  8039      台虹                  202.00        118.00   198.58%    161.00   168.50   156.00   162.00      214.50   220.00   214.50   220.00    +58.00   +35.80%
      22          1176  7788      松川精密                218.00        134.50   197.40%    187.00   191.50   185.00   191.00      208.00   215.00   205.50   210.00    +19.00    +9.95%
      23           852  8046      南電                 1361.00       1279.00   193.85%    860.00   867.00   825.00   848.00     1140.00  1145.00  1055.00  1060.00   +212.00   +25.00%
      24          1495  2455      全新                  418.50        340.00   185.58%    399.00   422.00   392.00   422.00      388.00   388.00   382.50   388.00    -34.00    -8.06%
      25          1349  6944      兆聯實業                631.00        555.00   179.67%    936.00   952.00   931.00   946.00      803.00   820.00   787.00   787.00   -159.00   -16.81%
      26           439  2207      和泰車                 154.00         80.50   173.76%    458.00   483.00   458.00   483.00      530.00   530.00   509.00   509.00    +26.00    +5.38%
      27          1089  3034      聯詠                  283.00        210.00   172.58%    480.50   485.50   475.00   477.00      540.00   572.00   538.00   550.00    +73.00   +15.30%
      28           833  6933      AMAX-KY             124.50         55.00   164.30%    158.50   172.50   158.50   172.50      170.00   171.50   165.00   165.50     -7.00    -4.06%
      29           548  3231      緯創                   96.50         27.50   163.12%    154.00   158.50   153.00   158.50      198.00   202.50   190.00   193.00    +34.50   +21.77%
      30          1001  6472      保瑞                  205.50        139.00   157.21%    339.00   348.00   337.00   346.00      396.50   425.00   396.00   424.50    +78.50   +22.69%
      31          1609  6213      聯茂                  346.50        282.00   152.48%    270.00   280.00   267.50   268.50      324.00   341.00   320.50   341.00    +72.50   +27.00%
      32          1408  6691      洋基工程                454.00        394.00   141.84%    651.00   655.00   640.00   650.00      696.00   709.00   694.00   698.00    +48.00    +7.38%
      33          1539  2493      揚博                  311.50        252.50   139.48%    163.50   166.00   158.00   160.00      224.50   228.00   205.50   205.50    +45.50   +28.44%
      34           981  5434      崇越                  242.50        186.00   133.57%    464.50   464.50   452.00   453.00      523.00   532.00   509.00   512.00    +59.00   +13.02%
      35           306  6957      裕慶-KY                76.50         23.50   125.30%    166.50   168.00   163.50   167.00      216.50   221.00   212.00   213.50    +46.50   +27.84%
      36          1545  2344      華邦電                 189.00        136.50   124.11%    155.00   158.00   151.00   158.00      167.00   172.50   164.50   169.00    +11.00    +6.96%
      37          1233  2464      盟立                  142.00         93.50   114.66%    175.00   184.50   173.00   184.50      168.50   176.00   165.00   170.00    -14.50    -7.86%
      38          1352  1303      南亞                  176.10        128.00   113.71%     92.00    98.60    91.90    98.10      180.00   184.00   172.50   177.00    +78.90   +80.43%
      39           169  6585      鼎基                   44.80          0.00   105.91%     99.30    99.30    96.20    97.40      123.00   123.00   116.00   121.50    +24.10   +24.74%
      40           551  6579      研揚                   76.00         33.50   100.47%    172.00   175.50   169.50   170.00      166.50   179.50   166.50   179.50     +9.50    +5.59%
==========================================================================================================================================================================
✅ 共 40 筆


══════════════════════════════════════════════════════════════════════════════════════════════════════════════
  🔄 第 39/45 次  2026/05/28 ～ 2026/08/04
══════════════════════════════════════════════════════════════════════════════════════════════════════════════

==========================================================================================================================================================================
📊 累計漲跌停強度排名 (2026/05/28 ~ 2026/08/04)
==========================================================================================================================================================================
    實資排名        累計天數排名  代號        名稱                 累計漲停(元)       累計跌停(元)       強度%  (05/28)開盤      最高      最低      收盤    (08/04)開盤      最高      最低      收盤      賺賠    賺賠率
--------------------------------------------------------------------------------------------------------------------------------------------------------------------------
       1           350  6515      穎崴                 6390.00       9515.00    34.29%  10000.00 10100.00  8935.00  9120.00     6305.00  6595.00  6090.00  6575.00  -2545.00   -27.91%
       2           260  7769      鴻勁                 4625.00       6510.00    20.68%   7945.00  8435.00  7605.00  7700.00     6395.00  6505.00  6140.00  6190.00  -1510.00   -19.61%
       3           651  2308      台達電                 985.00       1895.00     9.98%   2485.00  2520.00  2370.00  2390.00     1530.00  1680.00  1520.00  1620.00   -770.00   -32.22%
       4           505  3661      世芯-KY              3170.00       4040.00     9.55%   4530.00  4575.00  4230.00  4300.00     3265.00  3410.00  3200.00  3390.00   -910.00   -21.16%
       5           558  6442      光聖                 1395.00       2160.00     8.39%   2025.00  2025.00  1890.00  1895.00     1315.00  1395.00  1310.00  1395.00   -500.00   -26.39%
       6           529  2360      致茂                 1570.00       2230.00     7.24%   2560.00  2795.00  2530.00  2570.00     1960.00  2025.00  1890.00  1925.00   -645.00   -25.10%
       7           691  3533      嘉澤                 1165.00       1780.00     6.75%   2630.00  2685.00  2455.00  2485.00     1940.00  2050.00  1930.00  2010.00   -475.00   -19.11%
       8           227  2383      台光電                4140.00       4730.00     6.47%   5300.00  5515.00  5025.00  5055.00     4995.00  5210.00  4875.00  5140.00    +85.00    +1.68%
       9           446  2454      聯發科                3155.00       3685.00     5.82%   4620.00  4685.00  4270.00  4410.00     4095.00  4095.00  3800.00  3865.00   -545.00   -12.36%
      10           354  3443      創意                 4020.00       4530.00     5.60%   5090.00  5320.00  4590.00  4590.00     4200.00  4335.00  4085.00  4145.00   -445.00    -9.69%
      11           961  2368      金像電                 729.00       1139.00     4.50%   1395.00  1420.00  1290.00  1305.00      901.00   903.00   858.00   897.00   -408.00   -31.26%
      12           824  6531      愛普*                 834.00       1213.00     4.16%   1085.00  1185.00  1070.00  1095.00      740.00   806.00   740.00   806.00   -289.00   -26.39%
      13          1181  7822      倍利科                 810.00       1162.00     3.86%   1145.00  1245.00  1110.00  1115.00      761.00   817.00   761.00   813.00   -302.00   -27.09%
      14          1281  6830      汎銓                  326.50        654.50     3.60%    715.00   727.00   679.00   686.00      390.00   415.00   384.00   403.00   -283.00   -41.25%
      15           476  2345      智邦                 1880.00       2190.00     3.40%   2575.00  2580.00  2395.00  2435.00     2355.00  2360.00  2280.00  2320.00   -115.00    -4.72%
      16           913  3167      大量                  686.00        958.00     2.98%    835.00   835.00   784.00   795.00      587.00   587.00   587.00   587.00   -208.00   -26.16%
      17          1554  6861      睿生光電                157.50        415.50     2.83%    463.50   470.00   416.00   416.00      198.00   208.00   198.00   206.00   -210.00   -50.48%
      18           705  7750      新代                 1595.00       1835.00     2.63%   2550.00  2550.00  2300.00  2375.00     2235.00  2415.00  2180.00  2330.00    -45.00    -1.89%
      19          1282  6451      訊芯-KY               507.50        720.50     2.34%    602.00   617.00   563.00   569.00      384.00   398.00   372.00   391.00   -178.00   -31.28%
      20          1290  4583      台灣精銳                153.00        365.50     2.33%    715.00   722.00   683.00   692.00      478.50   498.00   466.50   490.50   -201.50   -29.12%
      21          1160  6415      矽力*-KY              437.50        643.50     2.26%    667.00   680.00   600.00   620.00      416.00   435.00   406.00   424.00   -196.00   -31.61%
      22          1023  3026      禾伸堂                 902.50       1103.50     2.21%    608.00   635.00   585.00   605.00      479.50   505.00   479.50   498.00   -107.00   -17.69%
      23          1038  8210      勤誠                  879.00       1079.00     2.19%   1400.00  1420.00  1315.00  1325.00     1070.00  1180.00  1070.00  1150.00   -175.00   -13.21%
      24           984  6781      AES-KY              762.00        948.00     2.04%   1220.00  1245.00  1150.00  1160.00      958.00  1030.00   956.00  1010.00   -150.00   -12.93%
      25          1726  2233      宇隆                  126.00        310.50     2.02%    365.50   377.00   345.00   351.50      193.50   204.50   192.50   204.00   -147.50   -41.96%
      26          1011  6831      邁科                  821.50        999.50     1.95%    830.00   850.00   779.00   790.00      591.00   621.00   580.00   617.00   -173.00   -21.90%
      27          1562  3563      牧德                  429.00        596.00     1.83%    850.00   866.00   814.00   816.00      625.00   652.00   620.00   648.00   -168.00   -20.59%
      28           721  8996      高力                 1336.00       1496.00     1.76%   1195.00  1205.00  1095.00  1095.00     1000.00  1030.00   990.00  1030.00    -65.00    -5.94%
      29          1284  2467      志聖                  481.50        640.00     1.74%    655.00   660.00   614.00   617.00      493.00   515.00   493.00   503.00   -114.00   -18.48%
      30          1206  7768      頌勝科技                 80.50        226.00     1.60%    381.50   381.50   365.50   365.50      244.00   253.00   244.00   252.00   -113.50   -31.05%
      31          1168  1519      華城                  373.00        510.00     1.50%    889.00   920.00   836.00   846.00      693.00   717.00   690.00   713.00   -133.00   -15.72%
      32          1348  6715      嘉基                  406.50        542.50     1.49%    455.00   458.00   425.50   429.50      342.00   360.00   339.00   348.50    -81.00   -18.86%
      33           881  2327      國巨*                 930.50       1059.50     1.42%    709.00   769.00   709.00   742.00      581.00   583.00   545.00   566.00   -176.00   -23.72%
      34           594  3017      奇鋐                 2090.00       2215.00     1.37%   2740.00  2795.00  2540.00  2580.00     2595.00  2675.00  2560.00  2600.00    +20.00    +0.78%
      35          1555  3044      健鼎                  229.50        347.50     1.29%    533.00   533.00   490.00   493.50      375.00   397.00   371.00   392.00   -101.50   -20.57%
      36          1206  3450      聯鈞                  500.50        616.00     1.27%    510.00   527.00   471.50   481.00      418.00   444.50   411.00   432.00    -49.00   -10.19%
      37          1359  8021      尖點                  499.00        612.00     1.24%    442.50   453.00   418.00   418.00      370.00   390.50   363.50   390.50    -27.50    -6.58%
      38          1234  4958      臻鼎-KY               554.00        664.00     1.21%    521.00   522.00   479.00   486.00      418.00   452.00   417.50   444.00    -42.00    -8.64%
      39          1408  5284      jpp-KY              134.50        244.00     1.20%    478.00   480.00   453.00   460.00      288.50   299.50   285.00   299.50   -160.50   -34.89%
      40           883  3037      欣興                  978.00       1084.00     1.16%   1125.00  1130.00  1000.00  1025.00      878.00   948.00   873.00   924.00   -101.00    -9.85%
==========================================================================================================================================================================
✅ 共 40 筆


══════════════════════════════════════════════════════════════════════════════════════════════════════════════
  🔄 第 40/45 次  2026/05/27 ～ 2026/08/03
══════════════════════════════════════════════════════════════════════════════════════════════════════════════

==========================================================================================================================================================================
📊 累計漲跌停強度排名 (2026/05/27 ~ 2026/08/03)
==========================================================================================================================================================================
    實資排名        累計天數排名  代號        名稱                 累計漲停(元)       累計跌停(元)       強度%  (05/27)開盤      最高      最低      收盤    (08/03)開盤      最高      最低      收盤      賺賠    賺賠率
--------------------------------------------------------------------------------------------------------------------------------------------------------------------------
       1           347  6515      穎崴                 6955.00       9515.00    18.37%   9795.00  9795.00  9795.00  9795.00     5900.00  6375.00  5760.00  6250.00  -3545.00   -36.19%
       2           268  7769      鴻勁                 4625.00       6375.00    12.56%   7855.00  7980.00  7800.00  7800.00     6555.00  6680.00  6325.00  6425.00  -1375.00   -17.63%
       3           503  3661      世芯-KY              3030.00       4180.00     8.25%   4785.00  4845.00  4460.00  4500.00     3070.00  3275.00  3050.00  3250.00  -1250.00   -27.78%
       4           549  6442      光聖                 1270.00       2385.00     8.00%   2280.00  2305.00  2040.00  2040.00     1175.00  1270.00  1175.00  1270.00   -770.00   -37.75%
       5           629  2308      台達電                1115.00       1895.00     5.60%   2490.00  2585.00  2490.00  2520.00     1610.00  1645.00  1560.00  1580.00   -940.00   -37.30%
       6           241  2383      台光電                3995.00       4730.00     5.28%   5500.00  5545.00  5300.00  5305.00     5135.00  5195.00  4930.00  4980.00   -325.00    -6.13%
       7           353  3443      創意                 4020.00       4675.00     4.70%   5350.00  5620.00  5050.00  5100.00     4150.00  4185.00  4030.00  4185.00   -915.00   -17.94%
       8           727  3533      嘉澤                 1165.00       1795.00     4.52%   2660.00  2740.00  2610.00  2625.00     2000.00  2040.00  1955.00  2005.00   -620.00   -23.62%
       9           936  2368      金像電                 704.00       1209.00     3.62%   1450.00  1470.00  1370.00  1375.00      850.00   872.00   841.00   872.00   -503.00   -36.58%
      10           528  2360      致茂                 1695.00       2195.00     3.59%   2550.00  2680.00  2495.00  2625.00     2170.00  2170.00  1890.00  1960.00   -665.00   -25.33%
      11           700  7750      新代                 1500.00       1955.00     3.27%   2655.00  2665.00  2460.00  2510.00     2095.00  2235.00  2095.00  2235.00   -275.00   -10.96%
      12           809  6531      愛普*                 761.00       1213.00     3.24%   1135.00  1145.00  1055.00  1080.00      659.00   733.00   659.00   733.00   -347.00   -32.13%
      13          1169  7822      倍利科                 775.00       1197.00     3.03%   1180.00  1180.00  1125.00  1145.00      778.00   800.00   764.00   778.00   -367.00   -32.05%
      14          1251  6830      汎銓                  304.00        712.50     2.93%    788.00   800.00   710.00   720.00      353.00   380.50   348.50   380.50   -339.50   -47.15%
      15           943  3167      大量                  633.00        969.00     2.41%    835.00   835.00   801.00   820.00      513.00   534.00   513.00   534.00   -286.00   -34.88%
      16          1034  8210      勤誠                  824.00       1124.00     2.15%   1470.00  1470.00  1385.00  1395.00     1025.00  1115.00  1025.00  1095.00   -300.00   -21.51%
      17           469  2345      智邦                 1880.00       2175.00     2.12%   2645.00  2670.00  2570.00  2620.00     2335.00  2335.00  2215.00  2335.00   -285.00   -10.88%
      18           730  8996      高力                 1246.00       1526.00     2.01%   1260.00  1260.00  1175.00  1215.00      889.00   940.00   888.00   940.00   -275.00   -22.63%
      19           976  6781      AES-KY              716.00        988.00     1.95%   1265.00  1300.00  1195.00  1205.00      912.00   983.00   905.00   964.00   -241.00   -20.00%
      20           726  6805      富世達                1415.00       1685.00     1.94%   1805.00  1840.00  1720.00  1740.00     1340.00  1485.00  1340.00  1470.00   -270.00   -15.52%
      21           506  3665      貿聯-KY              1535.00       1800.00     1.90%   2310.00  2335.00  2115.00  2115.00     2100.00  2300.00  2060.00  2095.00    -20.00    -0.95%
      22          1250  6451      訊芯-KY               491.00        750.50     1.86%    634.00   653.00   583.00   602.00      338.00   375.00   338.00   374.50   -227.50   -37.79%
      23          1583  6861      睿生光電                170.00        415.50     1.76%    457.00   483.00   445.00   462.00      200.00   202.00   193.00   198.00   -264.00   -57.14%
      24          1539  3563      牧德                  405.00        644.00     1.72%    900.00   900.00   838.00   842.00      609.00   645.00   609.00   624.00   -218.00   -25.89%
      25           990  6831      邁科                  769.50        999.50     1.65%    850.00   850.00   797.00   820.00      524.00   577.00   524.00   565.00   -255.00   -31.10%
      26          1337  4583      台灣精銳                153.00        377.50     1.61%    730.00   732.00   700.00   713.00      447.50   488.00   441.50   488.00   -225.00   -31.56%
      27          1703  2233      宇隆                  115.50        322.50     1.49%    380.00   381.50   362.00   365.00      197.00   202.50   190.00   193.50   -171.50   -46.99%
      28          1004  3026      禾伸堂                 902.00       1103.50     1.45%    599.00   620.00   596.00   608.00      430.00   480.00   430.00   459.50   -148.50   -24.42%
      29           598  3017      奇鋐                 2040.00       2240.00     1.44%   2800.00  2835.00  2695.00  2700.00     2400.00  2550.00  2400.00  2550.00   -150.00    -5.56%
      30          1356  8021      尖點                  463.50        640.50     1.27%    468.00   468.00   436.00   436.00      331.50   355.00   330.00   355.00    -81.00   -18.58%
      31          1169  6415      矽力*-KY              472.50        643.50     1.23%    640.00   693.00   636.00   665.00      433.00   439.00   417.00   424.50   -240.50   -36.17%
      32          1333  2467      志聖                  481.50        651.00     1.22%    689.00   692.00   650.00   657.00      461.00   504.00   461.00   497.50   -159.50   -24.28%
      33          1193  3450      聯鈞                  477.50        645.00     1.20%    533.00   538.00   496.00   501.00      383.00   409.00   382.00   409.00    -92.00   -18.36%
      34           865  3037      欣興                  919.00       1084.00     1.18%   1105.00  1110.00  1045.00  1080.00      842.00   865.00   842.00   865.00   -215.00   -19.91%
      35           877  5269      祥碩                  690.00        840.00     1.08%   1565.00  1575.00  1485.00  1495.00     1315.00  1380.00  1295.00  1340.00   -155.00   -10.37%
      36          1393  6715      嘉基                  406.50        555.00     1.07%    485.00   485.00   463.00   467.00      300.00   342.00   300.00   342.00   -125.00   -26.77%
      37          1206  7768      頌勝科技                 80.50        226.00     1.04%    385.00   388.50   370.00   381.50      245.50   255.00   241.00   251.50   -130.00   -34.08%
      38          1054  3583      辛耘                  533.00        676.00     1.03%    917.00   917.00   873.00   876.00      629.00   689.00   626.00   670.00   -206.00   -23.52%
      39          1216  6526      達發                  346.00        480.00     0.96%    690.00   715.00   680.00   682.00      523.00   557.00   523.00   552.00   -130.00   -19.06%
      40          1194  4958      臻鼎-KY               531.50        664.00     0.95%    550.00   568.00   522.00   532.00      418.00   443.50   417.00   421.50   -110.50   -20.77%
==========================================================================================================================================================================
✅ 共 40 筆


══════════════════════════════════════════════════════════════════════════════════════════════════════════════
  🔄 第 41/45 次  2026/05/26 ～ 2026/07/31
══════════════════════════════════════════════════════════════════════════════════════════════════════════════

==========================================================================================================================================================================
📊 累計漲跌停強度排名 (2026/05/26 ~ 2026/07/31)
==========================================================================================================================================================================
    實資排名        累計天數排名  代號        名稱                 累計漲停(元)       累計跌停(元)       強度%  (05/26)開盤      最高      最低      收盤    (07/31)開盤      最高      最低      收盤      賺賠    賺賠率
--------------------------------------------------------------------------------------------------------------------------------------------------------------------------
       1           356  6515      穎崴                 6575.00       9515.00    15.00%   8950.00  9075.00  8655.00  8905.00     5815.00  5815.00  5700.00  5815.00  -3090.00   -34.70%
       2           262  7769      鴻勁                 4635.00       6375.00     8.88%   7560.00  8045.00  7560.00  7900.00     6180.00  6180.00  6180.00  6180.00  -1720.00   -21.77%
       3           493  3661      世芯-KY              2840.00       4440.00     8.16%   4945.00  4955.00  4640.00  4640.00     3060.00  3060.00  2945.00  3060.00  -1580.00   -34.05%
       4           236  2383      台光電                3760.00       4945.00     6.04%   5635.00  5635.00  5160.00  5290.00     4745.00  4745.00  4745.00  4745.00   -545.00   -10.30%
       5           360  3443      創意                 3640.00       4700.00     5.41%   5510.00  5510.00  4910.00  5285.00     3805.00  3805.00  3805.00  3805.00  -1480.00   -28.00%
       6           535  6442      光聖                 1360.00       2385.00     5.23%   2115.00  2265.00  1990.00  2265.00     1155.00  1155.00  1120.00  1155.00  -1110.00   -49.01%
       7           725  3533      嘉澤                 1070.00       1795.00     3.70%   2600.00  2670.00  2550.00  2640.00     1855.00  1855.00  1795.00  1855.00   -785.00   -29.73%
       8           634  2308      台達電                1175.00       1835.00     3.37%   2350.00  2410.00  2290.00  2350.00     1680.00  1680.00  1590.00  1640.00   -710.00   -30.21%
       9           948  2368      金像電                 645.00       1209.00     2.88%   1465.00  1495.00  1425.00  1445.00      793.00   793.00   784.00   793.00   -652.00   -45.12%
      10           695  7750      新代                 1395.00       1955.00     2.86%   2570.00  2700.00  2535.00  2630.00     2000.00  2035.00  2000.00  2035.00   -595.00   -22.62%
      11           813  6531      愛普*                 720.00       1213.00     2.51%   1055.00  1125.00  1045.00  1080.00      667.00   667.00   645.00   667.00   -413.00   -38.24%
      12           474  2454      聯發科                3195.00       3640.00     2.27%   4375.00  4440.00  4180.00  4265.00     3555.00  3555.00  3555.00  3555.00   -710.00   -16.65%
      13          1215  6830      汎銓                  269.50        712.50     2.26%    819.00   822.00   765.00   778.00      347.00   347.50   330.00   346.00   -432.00   -55.53%
      14           923  3167      大量                  585.00       1017.00     2.20%    865.00   865.00   826.00   831.00      486.00   486.00   460.50   486.00   -345.00   -41.52%
      15           466  2345      智邦                 1750.00       2175.00     2.17%   2610.00  2695.00  2560.00  2620.00     2125.00  2125.00  2125.00  2125.00   -495.00   -18.89%
      16          1169  7822      倍利科                 775.00       1197.00     2.15%   1165.00  1200.00  1110.00  1180.00      788.00   790.00   756.00   770.00   -410.00   -34.75%
      17           511  3665      貿聯-KY              1535.00       1920.00     1.96%   2410.00  2415.00  2250.00  2265.00     2100.00  2100.00  2035.00  2100.00   -165.00    -7.28%
      18           727  6805      富世達                1335.00       1685.00     1.79%   1750.00  1820.00  1705.00  1785.00     1350.00  1350.00  1335.00  1350.00   -435.00   -24.37%
      19          1007  8210      勤誠                  774.00       1124.00     1.79%   1470.00  1470.00  1410.00  1440.00     1045.00  1045.00  1010.00  1045.00   -395.00   -27.43%
      20           962  6781      AES-KY              668.00       1003.00     1.71%   1270.00  1315.00  1235.00  1245.00      904.00   924.00   901.00   916.00   -329.00   -26.43%
      21           541  2360      致茂                 1735.00       2055.00     1.63%   2550.00  2590.00  2450.00  2500.00     2100.00  2100.00  1980.00  2100.00   -400.00   -16.00%
      22           592  3017      奇鋐                 1960.00       2240.00     1.43%   2590.00  2750.00  2570.00  2725.00     2320.00  2320.00  2275.00  2320.00   -405.00   -14.86%
      23          1306  4583      台灣精銳                110.00        377.50     1.36%    731.00   755.00   719.00   725.00      461.50   478.50   424.00   445.00   -280.00   -38.62%
      24           410  3653      健策                 2685.00       2945.00     1.33%   3830.00  3830.00  3670.00  3670.00     3440.00  3445.00  3330.00  3445.00   -225.00    -6.13%
      25           715  8996      高力                 1271.00       1526.00     1.30%   1170.00  1245.00  1165.00  1245.00      855.00   855.00   855.00   855.00   -390.00   -31.33%
      26          1445  3563      牧德                  395.00        644.00     1.27%    903.00   905.00   883.00   890.00      617.00   617.00   592.00   614.00   -276.00   -31.01%
      27           979  6831      邁科                  757.50        999.50     1.23%    795.00   821.00   790.00   820.00      525.00   525.00   507.00   525.00   -295.00   -35.98%
      28          1222  6451      訊芯-KY               513.50        750.50     1.21%    600.00   633.00   556.00   632.00      354.00   354.00   335.00   341.00   -291.00   -46.04%
      29          1182  6526      達發                  314.00        534.00     1.12%    755.00   755.00   695.00   696.00      535.00   535.00   515.00   520.00   -176.00   -25.29%
      30          1606  6861      睿生光電                197.50        415.50     1.11%    410.50   463.50   403.00   449.50      191.00   191.00   189.50   191.00   -258.50   -57.51%
      31          1314  8021      尖點                  431.50        640.50     1.07%    440.00   464.50   425.00   464.50      323.00   323.00   323.00   323.00   -141.50   -30.46%
      32          1703  2233      宇隆                  115.50        322.50     1.06%    375.00   394.00   367.00   377.00      189.00   190.50   185.00   190.50   -186.50   -49.47%
      33          1278  2467      志聖                  462.50        651.00     0.96%    670.00   692.00   661.00   668.00      487.00   487.00   466.00   478.50   -189.50   -28.37%
      34           810  2327      國巨*                 906.50       1089.50     0.93%    674.00   678.00   631.00   661.00      502.00   502.00   502.00   502.00   -159.00   -24.05%
      35          1180  3450      聯鈞                  469.50        645.00     0.90%    510.00   534.00   485.50   530.00      372.00   372.00   364.50   372.00   -158.00   -29.81%
      36          1144  6415      矽力*-KY              473.00        643.50     0.87%    646.00   651.00   612.00   630.00      413.00   413.00   413.00   413.00   -217.00   -34.44%
      37           892  5269      祥碩                  675.00        840.00     0.84%   1560.00  1575.00  1520.00  1545.00     1375.00  1380.00  1285.00  1315.00   -230.00   -14.89%
      38           921  3026      禾伸堂                 939.50       1103.50     0.84%    523.00   570.00   471.00   570.00      470.00   470.00   416.50   450.00   -120.00   -21.05%
      39          1001  3583      辛耘                  513.00        676.00     0.83%    921.00   932.00   902.00   908.00      653.00   653.00   636.00   650.00   -258.00   -28.41%
      40          1385  6715      嘉基                  395.50        555.00     0.81%    454.50   481.50   450.00   479.50      322.00   322.50   303.00   311.00   -168.50   -35.14%
==========================================================================================================================================================================
✅ 共 40 筆


══════════════════════════════════════════════════════════════════════════════════════════════════════════════
  🔄 第 42/45 次  2026/05/25 ～ 2026/07/30
══════════════════════════════════════════════════════════════════════════════════════════════════════════════

==========================================================================================================================================================================
📊 累計漲跌停強度排名 (2026/05/25 ~ 2026/07/30)
==========================================================================================================================================================================
    實資排名        累計天數排名  代號        名稱                 累計漲停(元)       累計跌停(元)       強度%  (05/25)開盤      最高      最低      收盤    (07/30)開盤      最高      最低      收盤      賺賠    賺賠率
--------------------------------------------------------------------------------------------------------------------------------------------------------------------------
       1           362  6515      穎崴                 6200.00       9515.00    13.74%   9100.00  9110.00  8785.00  8850.00     5260.00  5535.00  5155.00  5290.00  -3560.00   -40.23%
       2           262  7769      鴻勁                 4075.00       6460.00     9.89%   7640.00  7785.00  7535.00  7645.00     5235.00  5620.00  5060.00  5620.00  -2025.00   -26.49%
       3           483  3661      世芯-KY              2565.00       4440.00     7.77%   5020.00  5050.00  4900.00  4900.00     2680.00  2975.00  2630.00  2785.00  -2115.00   -43.16%
       4           361  3443      創意                 3465.00       4700.00     5.12%   5320.00  5560.00  5155.00  5310.00     3175.00  3620.00  3175.00  3460.00  -1850.00   -34.84%
       5           232  2383      台光電                3830.00       4945.00     4.62%   5355.00  5505.00  5205.00  5505.00     4005.00  4510.00  3930.00  4315.00  -1190.00   -21.62%
       6           521  6442      光聖                 1440.00       2385.00     3.92%   1900.00  2060.00  1830.00  2060.00     1010.00  1145.00  1000.00  1050.00  -1010.00   -49.03%
       7           751  3533      嘉澤                  935.00       1795.00     3.56%   2600.00  2630.00  2525.00  2585.00     1725.00  1770.00  1665.00  1690.00   -895.00   -34.62%
       8           689  7750      新代                 1355.00       1955.00     2.49%   2485.00  2580.00  2470.00  2535.00     1905.00  2000.00  1825.00  1850.00   -685.00   -27.02%
       9           619  2308      台達電                1260.00       1835.00     2.38%   2205.00  2300.00  2185.00  2290.00     1505.00  1625.00  1475.00  1530.00   -760.00   -33.19%
      10           472  2345      智邦                 1630.00       2175.00     2.26%   2535.00  2600.00  2505.00  2540.00     1910.00  2050.00  1855.00  1935.00   -605.00   -23.82%
      11           933  2368      金像電                 668.00       1209.00     2.24%   1400.00  1455.00  1360.00  1425.00      717.00   779.00   705.00   721.00   -704.00   -49.40%
      12           712  6805      富世達                1215.00       1735.00     2.16%   1825.00  1825.00  1740.00  1745.00     1240.00  1295.00  1205.00  1230.00   -515.00   -29.51%
      13           794  6531      愛普*                 752.00       1213.00     1.91%   1010.00  1055.00   981.00  1055.00      570.00   672.00   570.00   607.00   -448.00   -42.46%
      14           412  3653      健策                 2485.00       2945.00     1.91%   3750.00  3770.00  3700.00  3770.00     3150.00  3330.00  3100.00  3135.00   -635.00   -16.84%
      15           622  3017      奇鋐                 1780.00       2240.00     1.91%   2625.00  2640.00  2545.00  2575.00     2055.00  2200.00  2030.00  2110.00   -465.00   -18.06%
      16           910  3167      大量                  589.00       1017.00     1.77%    860.00   914.00   845.00   879.00      434.50   472.00   434.50   442.00   -437.00   -49.72%
      17           504  3665      貿聯-KY              1505.00       1920.00     1.72%   2340.00  2430.00  2340.00  2385.00     2070.00  2125.00  1885.00  1910.00   -475.00   -19.92%
      18           526  6669      緯穎                 3510.00       3925.00     1.72%   5755.00  5880.00  5555.00  5610.00     5055.00  5185.00  4865.00  4900.00   -710.00   -12.66%
      19          1178  6830      汎銓                  310.50        712.50     1.67%    735.00   787.00   735.00   787.00      314.00   343.50   307.00   316.00   -471.00   -59.85%
      20           469  2454      聯發科                3260.00       3640.00     1.58%   4245.00  4245.00  4245.00  4245.00     3145.00  3410.00  3060.00  3235.00  -1010.00   -23.79%
      21           695  8996      高力                 1194.00       1561.00     1.52%   1185.00  1210.00  1130.00  1135.00      845.00   875.00   774.00   778.00   -357.00   -31.45%
      22           964  6781      AES-KY              644.00       1003.00     1.49%   1245.00  1290.00  1230.00  1260.00      853.00   886.00   838.00   842.00   -418.00   -33.17%
      23          1136  7822      倍利科                 839.00       1197.00     1.48%   1100.00  1175.00  1100.00  1175.00      768.00   783.00   710.00   729.00   -446.00   -37.96%
      24          1001  8210      勤誠                  770.00       1124.00     1.47%   1400.00  1455.00  1380.00  1435.00      970.00  1010.00   942.00   951.00   -484.00   -33.73%
      25           532  2360      致茂                 1735.00       2055.00     1.33%   2345.00  2460.00  2310.00  2460.00     1800.00  2015.00  1765.00  1910.00   -550.00   -22.36%
      26          1408  3563      牧德                  342.00        644.00     1.25%    910.00   919.00   884.00   892.00      579.00   605.00   552.00   561.00   -331.00   -37.11%
      27           940  6831      邁科                  710.00        999.50     1.20%    790.00   795.00   780.00   792.00      460.00   530.00   460.00   477.50   -314.50   -39.71%
      28          1306  4583      台灣精銳                110.00        377.50     1.11%    735.00   759.00   725.00   731.00      493.00   493.00   438.50   450.50   -280.50   -38.37%
      29          1514  6861      睿生光電                180.50        442.50     1.09%    462.50   467.00   422.00   422.00      181.00   186.00   168.00   174.00   -248.00   -58.77%
      30           794  8046      南電                 1176.00       1401.00     0.93%    940.00   947.00   879.00   884.00      817.00   954.00   792.00   837.00    -47.00    -5.32%
      31          1173  6526      達發                  312.00        534.00     0.92%    745.00   774.00   741.00   750.00      507.00   517.00   485.00   493.00   -257.00   -34.27%
      32          1166  6451      訊芯-KY               546.50        750.50     0.85%    549.00   576.00   544.00   576.00      308.50   351.50   308.50   322.00   -254.00   -44.10%
      33           880  3037      欣興                  885.00       1084.00     0.82%   1020.00  1030.00   978.00   990.00      670.00   756.00   653.00   716.00   -274.00   -27.68%
      34          1290  8021      尖點                  444.50        640.50     0.81%    445.00   464.00   441.00   464.00      290.50   320.00   285.00   294.00   -170.00   -36.64%
      35          1648  2233      宇隆                  133.00        322.50     0.79%    357.00   381.50   345.00   381.50      178.50   184.50   172.00   173.50   -208.00   -54.52%
      36           999  3583      辛耘                  498.00        676.00     0.74%    891.00   957.00   888.00   916.00      580.00   638.00   573.00   594.00   -322.00   -35.15%
      37          1285  6715      嘉基                  379.00        555.00     0.73%    465.50   472.00   456.00   459.50      291.00   323.50   290.00   294.50   -165.00   -35.91%
      38          1161  3450      聯鈞                  477.50        645.00     0.69%    473.50   505.00   464.00   501.00      345.50   377.00   330.00   338.50   -162.50   -32.44%
      39           790  2327      國巨*                 923.00       1089.50     0.69%    679.00   691.00   662.00   691.00      479.50   527.00   456.50   456.50   -234.50   -33.94%
      40           842  7749      意騰-KY               101.00        266.00     0.68%    556.00   558.00   532.00   535.00      312.00   316.00   302.00   305.00   -230.00   -42.99%
==========================================================================================================================================================================
✅ 共 40 筆


══════════════════════════════════════════════════════════════════════════════════════════════════════════════
  🔄 第 43/45 次  2026/05/22 ～ 2026/07/29
══════════════════════════════════════════════════════════════════════════════════════════════════════════════

==========================================================================================================================================================================
📊 累計漲跌停強度排名 (2026/05/22 ~ 2026/07/29)
==========================================================================================================================================================================
    實資排名        累計天數排名  代號        名稱                 累計漲停(元)       累計跌停(元)       強度%  (05/22)開盤      最高      最低      收盤    (07/29)開盤      最高      最低      收盤      賺賠    賺賠率
--------------------------------------------------------------------------------------------------------------------------------------------------------------------------
       1           357  6515      穎崴                 6200.00      10200.00    21.42%   9590.00  9700.00  8615.00  8700.00     6090.00  6090.00  5355.00  5415.00  -3285.00   -37.76%
       2           283  7769      鴻勁                 4130.00       6460.00    12.48%   7750.00  7785.00  7205.00  7730.00     5685.00  5760.00  5175.00  5175.00  -2555.00   -33.05%
       3           450  3661      世芯-KY              2565.00       4430.00     9.99%   4955.00  4960.00  4750.00  4895.00     3000.00  3055.00  2805.00  2805.00  -2090.00   -42.70%
       4           370  3443      創意                 3375.00       4700.00     7.10%   5105.00  5195.00  4955.00  5140.00     3605.00  3685.00  3295.00  3295.00  -1845.00   -35.89%
       5           233  2383      台光電                3930.00       4945.00     5.44%   4925.00  5085.00  4800.00  5005.00     4380.00  4475.00  3985.00  4100.00   -905.00   -18.08%
       6           519  6442      光聖                 1530.00       2325.00     4.26%   1830.00  1930.00  1830.00  1875.00     1230.00  1230.00  1110.00  1110.00   -765.00   -40.80%
       7           766  3533      嘉澤                  965.00       1760.00     4.26%   2600.00  2625.00  2480.00  2555.00     1850.00  1865.00  1655.00  1725.00   -830.00   -32.49%
       8           679  7750      新代                 1355.00       1930.00     3.08%   2380.00  2440.00  2340.00  2390.00     1945.00  1965.00  1800.00  1890.00   -500.00   -20.92%
       9           480  2345      智邦                 1630.00       2185.00     2.97%   2535.00  2535.00  2450.00  2470.00     2040.00  2110.00  1840.00  1910.00   -560.00   -22.67%
      10           629  2308      台達電                1290.00       1835.00     2.92%   2125.00  2125.00  2050.00  2095.00     1560.00  1595.00  1425.00  1495.00   -600.00   -28.64%
      11           696  6805      富世達                1215.00       1715.00     2.68%   1830.00  1845.00  1785.00  1795.00     1365.00  1400.00  1210.00  1265.00   -530.00   -29.53%
      12           958  2368      金像電                 713.00       1209.00     2.66%   1325.00  1365.00  1305.00  1330.00      805.00   813.00   729.00   729.00   -601.00   -45.19%
      13           636  3017      奇鋐                 1815.00       2240.00     2.28%   2550.00  2610.00  2470.00  2545.00     2225.00  2245.00  2020.00  2095.00   -450.00   -17.68%
      14           528  2360      致茂                 1660.00       2055.00     2.12%   2380.00  2380.00  2245.00  2270.00     1940.00  1960.00  1765.00  1835.00   -435.00   -19.16%
      15          1184  6830      汎銓                  333.50        691.50     1.92%    705.00   732.00   702.00   716.00      375.50   375.50   337.00   337.00   -379.00   -52.93%
      16           759  6531      愛普*                 839.00       1193.00     1.90%    919.00   963.00   906.00   963.00      655.00   666.00   627.00   627.00   -336.00   -34.89%
      17          1076  8210      勤誠                  780.00       1094.00     1.68%   1350.00  1380.00  1330.00  1345.00     1030.00  1030.00   957.00   981.00   -364.00   -27.06%
      18           905  3167      大量                  664.00        976.50     1.67%    770.00   831.00   753.00   831.00      536.00   536.00   482.50   482.50   -348.50   -41.94%
      19          1379  3563      牧德                  342.00        654.00     1.67%    935.00   939.00   891.00   896.00      639.00   648.00   572.00   588.00   -308.00   -34.38%
      20          1191  7822      倍利科                 854.00       1158.00     1.63%   1030.00  1100.00  1030.00  1070.00      845.00   849.00   761.00   768.00   -302.00   -28.22%
      21           949  6781      AES-KY              714.00        975.00     1.40%   1160.00  1220.00  1135.00  1210.00      922.00   934.00   840.00   870.00   -340.00   -28.10%
      22           917  6831      邁科                  710.00        966.00     1.37%    769.00   787.00   767.00   786.00      555.00   555.00   511.00   511.00   -275.00   -34.99%
      23          1564  6861      睿生光電                202.00        442.50     1.29%    412.00   470.00   397.00   449.00      189.00   192.50   173.50   181.00   -268.00   -59.69%
      24          1336  4583      台灣精銳                132.00        341.00     1.12%    705.00   743.00   699.00   729.00      560.00   560.00   487.00   487.00   -242.00   -33.20%
      25          1648  2233      宇隆                  133.00        322.50     1.01%    345.00   372.50   338.00   347.00      193.50   199.50   175.50   185.50   -161.50   -46.54%
      26          1162  6526      達發                  333.00        520.00     1.00%    709.00   725.00   695.00   725.00      540.00   541.00   486.00   507.00   -218.00   -30.07%
      27           693  8996      高力                 1299.00       1480.00     0.97%   1110.00  1170.00  1110.00  1170.00      932.00   948.00   830.00   859.00   -311.00   -26.58%
      28          1255  6715      嘉基                  379.00        544.50     0.89%    481.50   492.00   457.50   461.50      378.00   378.00   320.50   320.50   -141.00   -30.55%
      29           514  3665      貿聯-KY              1575.00       1740.00     0.88%   2255.00  2270.00  2200.00  2225.00     2230.00  2275.00  1995.00  2090.00   -135.00    -6.07%
      30          1073  3583      辛耘                  512.00        676.00     0.88%    881.00   916.00   867.00   875.00      688.00   695.00   619.00   624.00   -251.00   -28.69%
      31           889  3037      欣興                  922.00       1084.00     0.87%    932.00   986.00   931.00   970.00      785.00   786.00   688.00   688.00   -282.00   -29.07%
      32          1170  6451      訊芯-KY               571.50        730.00     0.85%    516.00   533.00   502.00   524.00      380.50   385.50   342.50   342.50   -181.50   -34.64%
      33           469  2454      聯發科                3485.00       3640.00     0.83%   3765.00  3880.00  3675.00  3860.00     3315.00  3335.00  2990.00  3150.00   -710.00   -18.39%
      34          1120  6415      矽力*-KY              491.50        643.50     0.81%    564.00   573.00   547.00   562.00      400.00   400.00   364.50   375.50   -186.50   -33.19%
      35          1282  8021      尖點                  482.50        618.00     0.73%    396.50   422.00   396.00   422.00      346.00   349.50   316.50   316.50   -105.50   -25.00%
      36           873  7749      意騰-KY               133.00        266.00     0.71%    520.00   550.00   506.00   544.00      334.50   334.50   300.00   311.50   -232.50   -42.74%
      37          1516  3044      健鼎                  214.50        347.50     0.71%    494.50   497.50   485.00   490.50      360.00   361.00   327.00   339.50   -151.00   -30.78%
      38          1135  7768      頌勝科技                 78.50        210.00     0.70%    373.00   382.00   368.00   378.00      262.00   262.00   237.00   250.00   -128.00   -33.86%
      39          1262  2467      志聖                  505.00        633.00     0.69%    598.00   625.00   591.00   603.00      517.00   520.00   457.50   461.00   -142.00   -23.55%
      40          1284  6139      亞翔                  655.00        779.00     0.66%    808.00   808.00   767.00   769.00      706.00   730.00   641.00   671.00    -98.00   -12.74%
==========================================================================================================================================================================
✅ 共 40 筆


══════════════════════════════════════════════════════════════════════════════════════════════════════════════
  🔄 第 44/45 次  2026/05/21 ～ 2026/07/28
══════════════════════════════════════════════════════════════════════════════════════════════════════════════

==========================================================================================================================================================================
📊 累計漲跌停強度排名 (2026/05/21 ~ 2026/07/28)
==========================================================================================================================================================================
    實資排名        累計天數排名  代號        名稱                 累計漲停(元)       累計跌停(元)       強度%  (05/21)開盤      最高      最低      收盤    (07/28)開盤      最高      最低      收盤      賺賠    賺賠率
--------------------------------------------------------------------------------------------------------------------------------------------------------------------------
       1           359  6515      穎崴                 6630.00       9680.00    62.83%   9405.00  9630.00  9150.00  9510.00     6095.00  6250.00  5905.00  5935.00  -3575.00   -37.59%
       2           452  3661      世芯-KY              2870.00       4120.00    25.75%   5000.00  5050.00  4850.00  4905.00     3255.00  3255.00  3115.00  3115.00  -1790.00   -36.49%
       3           283  7769      鴻勁                 4825.00       5885.00    21.84%   7325.00  7675.00  7325.00  7675.00     5800.00  5960.00  5700.00  5750.00  -1925.00   -25.08%
       4           585  6442      光聖                 1545.00       2205.00    13.60%   1825.00  1830.00  1730.00  1785.00     1250.00  1300.00  1230.00  1230.00   -555.00   -31.09%
       5           622  7750      新代                 1355.00       1995.00    13.18%   2570.00  2570.00  2405.00  2405.00     2020.00  2020.00  1890.00  1915.00   -490.00   -20.37%
       6           765  3533      嘉澤                 1130.00       1650.00    10.71%   2480.00  2570.00  2465.00  2525.00     1875.00  1880.00  1825.00  1835.00   -690.00   -27.33%
       7           369  3443      創意                 3835.00       4335.00    10.30%   4820.00  5065.00  4770.00  5065.00     3795.00  3855.00  3645.00  3660.00  -1405.00   -27.74%
       8           238  2383      台光電                4225.00       4635.00     8.45%   4610.00  4785.00  4555.00  4690.00     4420.00  4690.00  4400.00  4410.00   -280.00    -5.97%
       9           736  6531      愛普*                 839.00       1221.00     7.87%    995.00  1010.00   876.00   876.00      696.00   696.00   696.00   696.00   -180.00   -20.55%
      10           965  2368      金像電                 763.00       1129.00     7.54%   1280.00  1305.00  1260.00  1285.00      851.00   851.00   809.00   809.00   -476.00   -37.04%
      11           627  2308      台達電                1405.00       1750.00     7.11%   2015.00  2060.00  1990.00  2030.00     1635.00  1655.00  1580.00  1580.00   -450.00   -22.17%
      12           691  6805      富世達                1305.00       1640.00     6.90%   1770.00  1810.00  1755.00  1810.00     1350.00  1400.00  1335.00  1340.00   -470.00   -25.97%
      13          1139  6830      汎銓                  333.50        654.50     6.61%    713.00   721.00   678.00   693.00      362.00   392.00   356.50   374.00   -319.00   -46.03%
      14           484  2345      智邦                 1755.00       2055.00     6.18%   2480.00  2530.00  2450.00  2480.00     2165.00  2180.00  2040.00  2040.00   -440.00   -17.74%
      15           876  3167      大量                  664.00        947.00     5.83%    821.00   853.00   755.00   756.00      577.00   577.00   536.00   536.00   -220.00   -29.10%
      16          1064  8210      勤誠                  830.00       1055.00     4.64%   1340.00  1345.00  1295.00  1335.00     1065.00  1080.00  1015.00  1020.00   -315.00   -23.60%
      17          1251  7822      倍利科                 869.00       1081.00     4.37%   1065.00  1090.00  1050.00  1055.00      868.00   895.00   844.00   845.00   -210.00   -19.91%
      18          1520  6861      睿生光電                222.50        431.00     4.30%    420.00   435.00   420.00   427.50      200.00   200.00   191.00   192.50   -235.00   -54.97%
      19          1362  3563      牧德                  426.00        607.00     3.73%    888.00   933.00   868.00   933.00      640.00   659.00   631.00   635.00   -298.00   -31.94%
      20          1737  2233      宇隆                  146.00        322.50     3.64%    346.00   365.00   327.50   345.00      197.50   198.00   191.50   192.00   -153.00   -44.35%
      21           941  6781      AES-KY              764.00        930.00     3.42%   1125.00  1150.00  1120.00  1140.00      961.00   961.00   915.00   915.00   -225.00   -19.74%
      22          1255  6715      嘉基                  379.00        544.50     3.41%    496.00   500.00   474.50   477.00      366.50   376.50   358.50   360.00   -117.00   -24.53%
      23           912  6831      邁科                  771.00        910.00     2.86%    729.00   792.00   727.00   781.00      567.00   577.00   567.00   567.00   -214.00   -27.40%
      24          1368  4583      台灣精銳                152.00        287.00     2.78%    698.00   710.00   691.00   707.00      578.00   578.00   541.00   541.00   -166.00   -23.48%
      25           641  3017      奇鋐                 1970.00       2095.00     2.58%   2445.00  2515.00  2415.00  2495.00     2285.00  2325.00  2225.00  2240.00   -255.00   -10.22%
      26          1034  7768      頌勝科技                 78.50        197.50     2.45%    377.00   377.00   360.50   374.00      270.00   270.00   259.00   262.50   -111.50   -29.81%
      27          1136  6526      達發                  380.00        495.00     2.37%    680.00   712.00   680.00   704.00      559.00   559.00   531.00   532.00   -172.00   -24.43%
      28          1213  6451      訊芯-KY               585.00        692.00     2.20%    495.50   523.00   492.50   499.00      381.00   409.50   380.50   380.50   -118.50   -23.75%
      29           789  4967      十銓                   28.50        134.50     2.18%    269.00   274.00   264.00   266.50      213.00   213.00   205.50   210.00    -56.50   -21.20%
      30          1498  3044      健鼎                  240.00        327.50     1.80%    472.50   492.00   471.00   488.00      377.00   379.00   358.50   359.50   -128.50   -26.33%
      31          1371  5234      達興材料                111.50        197.50     1.77%    412.00   424.00   409.50   414.50      322.00   322.50   305.50   305.50   -109.00   -26.30%
      32          1180  1519      華城                  425.00        510.00     1.75%    787.00   804.00   785.00   800.00      710.00   714.00   667.00   668.00   -132.00   -16.50%
      33           524  2360      致茂                 1865.00       1950.00     1.75%   2210.00  2270.00  2190.00  2270.00     1990.00  2040.00  1920.00  1940.00   -330.00   -14.54%
      34          1036  4977      眾達-KY                38.00        120.50     1.70%    207.50   211.50   204.50   204.50      126.00   132.00   123.50   124.00    -80.50   -39.36%
      35          1292  8021      尖點                  505.50        583.00     1.60%    378.50   389.00   372.50   384.00      360.00   366.00   351.50   351.50    -32.50    -8.46%
      36           844  7749      意騰-KY               169.50        244.50     1.55%    487.00   514.00   487.00   512.00      354.00   354.00   333.00   333.00   -179.00   -34.96%
      37          1098  6415      矽力*-KY              541.50        614.50     1.50%    532.00   557.00   520.00   557.00      422.00   424.50   404.50   404.50   -152.50   -27.38%
      38          1084  7711      永擎                  108.50        179.50     1.46%    366.00   381.00   362.50   375.00      299.50   299.50   285.00   285.00    -90.00   -24.00%
      39           743  8271      宇瞻                   26.00         93.00     1.38%    223.00   224.00   216.50   220.00      208.50   211.50   204.00   205.00    -15.00    -6.82%
      40          1084  3583      辛耘                  547.00        613.00     1.36%    859.00   875.00   848.00   861.00      712.00   732.00   687.00   687.00   -174.00   -20.21%
==========================================================================================================================================================================
✅ 共 40 筆


══════════════════════════════════════════════════════════════════════════════════════════════════════════════
  🔄 第 45/45 次  2026/05/20 ～ 2026/07/27
══════════════════════════════════════════════════════════════════════════════════════════════════════════════

==========================================================================================================================================================================
📊 累計漲跌停強度排名 (2026/05/20 ~ 2026/07/27)
==========================================================================================================================================================================
    實資排名        累計天數排名  代號        名稱                 累計漲停(元)       累計跌停(元)       強度%  (05/20)開盤      最高      最低      收盤    (07/27)開盤      最高      最低      收盤      賺賠    賺賠率
--------------------------------------------------------------------------------------------------------------------------------------------------------------------------
       1           209  2059      川湖                 7650.00       3945.00    86.25%   4600.00  4610.00  4475.00  4500.00     7780.00  8275.00  7675.00  8275.00  +3775.00   +83.89%
       2           545  6669      緯穎                 4145.00       3080.00    24.79%   4890.00  4960.00  4775.00  4910.00     5700.00  5780.00  5480.00  5745.00   +835.00   +17.01%
       3           334  3008      大立光                4425.00       3635.00    18.39%   3330.00  3410.00  3200.00  3200.00     4005.00  4150.00  3905.00  4090.00   +890.00   +27.81%
       4           467  2454      聯發科                3880.00       3110.00    17.93%   3195.00  3350.00  3155.00  3230.00     3655.00  3710.00  3525.00  3680.00   +450.00   +13.93%
       5           954  6446      藥華藥                1096.00        453.00    14.97%    803.00   810.00   775.00   789.00     1155.00  1205.00  1130.00  1195.00   +406.00   +51.46%
       6           396  7610      聯友金屬-創             2790.00       2150.00    14.90%   1020.00  1120.00  1005.00  1120.00     1495.00  1495.00  1495.00  1495.00   +375.00   +33.48%
       7           381  3653      健策                 3115.00       2615.00    11.64%   3010.00  3030.00  2800.00  3030.00     3475.00  3580.00  3420.00  3525.00   +495.00   +16.34%
       8          1098  6949      沛爾生醫-創              759.00        452.00     7.15%    668.00   688.00   662.00   687.00     1000.00  1010.00   983.00   989.00   +302.00   +43.96%
       9          1136  3189      景碩                  993.00        721.00     6.33%    513.00   520.00   481.00   504.00      702.00   718.00   673.00   710.00   +206.00   +40.87%
      10           887  6409      旭隼                  822.00        584.00     5.54%    703.00   703.00   666.00   668.00     1040.00  1040.00   995.00  1000.00   +332.00   +49.70%
      11           814  2379      瑞昱                  692.00        469.00     5.19%    564.00   572.00   556.00   567.00      754.00   783.00   745.00   762.00   +195.00   +34.39%
      12          1146  3711      日月光投控               607.00        388.00     5.10%    465.00   481.50   465.00   476.00      601.00   613.00   590.00   608.00   +132.00   +27.73%
      13          1014  2330      台積電                 970.00        800.00     3.96%   2205.00  2210.00  2185.00  2185.00     2330.00  2365.00  2330.00  2350.00   +165.00    +7.55%
      14           950  2404      漢唐                 1080.00        910.00     3.96%   1030.00  1070.00  1015.00  1025.00     1130.00  1130.00  1085.00  1115.00    +90.00    +8.78%
      15           910  5434      崇越                  306.00        141.50     3.83%    401.00   403.00   396.00   397.00      546.00   555.00   535.00   543.00   +146.00   +36.78%
      16          1184  2408      南亞科                 573.00        410.00     3.79%    279.50   285.00   265.50   275.00      401.50   440.00   387.00   436.00   +161.00   +58.55%
      17           803  8046      南電                 1312.00       1163.00     3.47%    807.00   843.00   783.00   829.00     1090.00  1110.00  1045.00  1075.00   +246.00   +29.67%
      18           775  2327      國巨*                1055.00        921.00     3.12%    514.00   545.00   503.00   520.00      650.00   655.00   590.00   625.00   +105.00   +20.19%
      19          1023  2357      華碩                  455.00        324.00     3.05%    645.00   650.00   636.00   640.00      778.00   778.00   735.00   760.00   +120.00   +18.75%
      20           870  3026      禾伸堂                1075.00        946.00     3.00%    382.00   401.50   381.00   394.50      640.00   640.00   576.00   585.00   +190.50   +48.29%
      21          1074  6414      樺漢                  236.00        108.50     2.97%    333.00   334.50   324.00   331.50      508.00   520.00   458.00   469.00   +137.50   +41.48%
      22           813  8454      富邦媒                 302.50        175.50     2.96%    201.00   201.00   192.50   194.50      240.00   244.50   235.50   244.50    +50.00   +25.71%
      23          1383  8261      富鼎                  319.50        194.50     2.91%    136.50   149.00   135.50   149.00      216.50   219.00   196.00   216.50    +67.50   +45.30%
      24          1207  6196      帆宣                  387.50        268.50     2.77%    405.50   412.00   399.00   404.00      524.00   532.00   494.50   510.00   +106.00   +26.24%
      25          1168  7799      禾榮科                 337.50        224.50     2.63%    303.00   307.00   300.50   307.00      404.00   407.50   394.50   396.00    +89.00   +28.99%
      26          1109  3532      台勝科                 544.00        436.00     2.51%    210.00   210.00   202.50   205.50      372.00   380.50   357.50   379.50   +174.00   +84.67%
      27           729  8039      台虹                  164.50         60.00     2.43%    133.50   134.00   125.50   126.50      235.00   244.00   216.00   216.00    +89.50   +70.75%
      28          1418  6944      兆聯實業                562.00        467.00     2.21%    902.00   914.00   886.00   886.00      805.00   827.00   775.00   786.00   -100.00   -11.29%
      29          1326  1560      中砂                  558.00        467.00     2.12%    640.00   642.00   602.00   609.00      669.00   701.00   664.00   690.00    +81.00   +13.30%
      30          1214  2493      揚博                  283.00        193.50     2.08%    132.00   134.00   128.00   128.50      212.50   220.00   197.50   210.00    +81.50   +63.42%
      31           981  2395      研華                  270.50        181.50     2.07%    462.00   471.00   457.50   465.00      586.00   588.00   557.00   577.00   +112.00   +24.09%
      32           547  2360      致茂                 1875.00       1790.00     1.98%   2090.00  2095.00  2020.00  2065.00     2100.00  2115.00  1980.00  2100.00    +35.00    +1.69%
      33           861  3037      欣興                 1004.00        924.00     1.86%    819.00   830.00   793.00   823.00      850.00   854.00   804.00   848.00    +25.00    +3.04%
      34          1381  2375      凱美                  203.50        124.00     1.85%    101.50   111.50   101.00   111.50      131.50   136.50   127.00   131.00    +19.50   +17.49%
      35          1199  3413      京鼎                  203.50        125.50     1.82%    315.00   325.00   308.00   314.00      324.50   330.00   320.50   329.00    +15.00    +4.78%
      36          1175  2344      華邦電                 176.00        106.00     1.63%    117.50   119.00   112.00   115.50      155.00   161.00   150.00   160.00    +44.50   +38.53%
      37           696  7788      松川精密                191.00        121.00     1.63%    207.00   207.00   187.00   187.00      207.00   213.50   204.00   207.50    +20.50   +10.96%
      38           486  4169      泰宗                  148.00         80.50     1.57%    150.00   152.00   148.50   152.00      223.00   223.00   223.00   223.00    +71.00   +46.71%
      39          1049  1303      南亞                  161.60         95.50     1.54%     82.30    82.80    80.40    80.80      173.50   179.00   166.00   174.00    +93.20  +115.35%
      40          1134  6691      洋基工程                405.00        341.00     1.49%    620.00   625.00   609.00   613.00      726.00   726.00   687.00   696.00    +83.00   +13.54%
==========================================================================================================================================================================
✅ 共 40 筆
