
██████████████████████████████████████████████████████████████████████████████████████████████████████████████
  📅 天數組合: 30 日  →  輸出檔: s13_30.txt
██████████████████████████████████████████████████████████████████████████████████████████████████████████████

🔁 共執行 30 次，每次區間長度 31 個交易日

══════════════════════════════════════════════════════════════════════════════════════════════════════════════
  🔄 第  1/30 次  2026/08/14 ～ 2026/10/01
══════════════════════════════════════════════════════════════════════════════════════════════════════════════

==========================================================================================================================================================================
📊 動能效率優先權分數排名 (2026/08/14 ~ 2026/10/01)
==========================================================================================================================================================================
    實資排名          累計天數排名  代號        名稱                 累計漲停(元)       累計跌停(元)       強度%  (08/14)開盤      最高      最低      收盤    (10/01)開盤      最高      最低      收盤      賺賠    賺賠率
--------------------------------------------------------------------------------------------------------------------------------------------------------------------------
       1               1  3055      蔚華科                  91.50         11.00   100.00%    117.50   119.50   114.00   116.00      208.00   212.00   202.00   210.00    +94.00   +81.03%
       2               2  3016      嘉晶                   62.00          0.00    82.53%    106.00   106.00    99.90   102.50      169.00   169.00   162.50   168.00    +65.50   +63.90%
       3               4  2351      順德                  107.50         28.00    76.69%    174.00   175.50   169.50   171.00      210.00   214.50   207.00   212.50    +41.50   +24.27%
       4               8  6933      AMAX-KY             320.50        103.50    71.28%    197.50   197.50   186.50   188.50      370.00   404.50   369.50   394.50   +206.00  +109.28%
       5               3  6533      晶心科                 174.50         13.50    68.29%    247.00   249.00   242.50   246.50      346.00   366.50   337.00   366.50   +120.00   +48.68%
       6               5  5292      華懋                   52.00         15.50    59.58%    190.50   194.00   186.50   193.00      228.50   240.00   228.50   237.00    +44.00   +22.80%
       7              13  6715      嘉基                  275.50        242.50    58.70%    400.00   408.00   387.00   390.00      445.00   453.00   430.00   453.00    +63.00   +16.15%
       8               6  3532      台勝科                 215.00         62.50    58.20%    343.00   358.00   330.00   356.00      475.00   497.50   465.50   474.00   +118.00   +33.15%
       9               7  8103      瀚荃                   32.50          0.00    58.03%     80.30    81.50    78.50    78.90      122.00   125.00   119.00   124.00    +45.10   +57.16%
      10              22  6706      惠特                   40.50         15.00    56.35%    121.00   122.50   117.50   118.00      152.00   160.50   152.00   154.50    +36.50   +30.93%
      11              10  3406      玉晶光                 758.00        490.00    54.39%    623.00   642.00   608.00   615.00      885.00   973.00   871.00   950.00   +335.00   +54.47%
      12              18  7711      永擎                  444.00        310.50    53.57%    499.00   499.00   470.00   472.00      561.00   616.00   551.00   616.00   +144.00   +30.51%
      13               9  3008      大立光                4770.00       3530.00    51.71%   4700.00  4920.00  4590.00  4610.00     5950.00  6225.00  5740.00  6205.00  +1595.00   +34.60%
      14              19  1709      和益                    0.00          0.00    49.77%     29.90    32.20    29.50    30.35       51.80    53.20    51.60    53.20    +22.85   +75.29%
      15              15  1727      中華化                  10.50          9.50    49.57%     77.30    77.70    74.30    75.10      108.00   116.00   105.50   112.00    +36.90   +49.13%
      16              11  9110      越南控-DR                0.00          0.00    49.53%      3.00     3.11     3.00     3.11        3.08     3.08     2.98     2.98     -0.13    -4.18%
      17              30  2305      全友                    0.00          0.00    49.34%     31.55    31.70    29.10    29.35       65.30    65.30    61.90    61.90    +32.55  +110.90%
      18              14  6672      騰輝電子-KY             163.00         45.00    49.32%    264.50   284.50   258.50   270.00      376.50   405.50   369.50   405.50   +135.50   +50.19%
      19              27  4770      上品                   84.00         10.50    49.23%    224.50   225.00   218.50   218.50      278.50   281.50   273.50   275.00    +56.50   +25.86%
      20              12  911608    明輝-DR                 0.00          0.00    47.96%      2.63     2.63     2.63     2.63        2.70     2.71     2.69     2.70     +0.07    +2.66%
      21              20  7788      松川精密                151.50         89.00    46.12%    271.50   276.50   263.50   268.00      299.00   300.00   285.00   290.50    +22.50    +8.40%
      22              21  2033      佳大                    0.00          0.00    45.44%     20.75    22.65    20.60    22.60       45.10    46.55    44.00    46.55    +23.95  +105.97%
      23              26  3094      聯傑                    0.00          0.00    45.21%     39.40    39.40    37.65    37.75       61.80    67.70    61.70    67.70    +29.95   +79.34%
      24              62  2303      聯電                   24.50          0.00    45.16%    125.00   125.50   120.00   121.00      156.00   161.50   155.50   161.50    +40.50   +33.47%
      25              39  6426      統新                  204.00         98.00    44.99%    224.00   227.00   218.00   219.00      343.00   345.50   330.00   339.50   +120.50   +55.02%
      26              41  6168      宏齊                    0.00          0.00    44.65%     25.40    25.40    24.55    24.65       45.70    47.00    45.70    47.00    +22.35   +90.67%
      27              35  4956      光鋐                    0.00          0.00    43.81%     31.85    31.85    30.00    30.00       46.50    49.60    46.20    47.25    +17.25   +57.50%
      28              25  2241      艾姆勒                   0.00          0.00    43.64%     33.10    33.10    32.50    32.75       46.00    46.20    44.00    44.05    +11.30   +34.50%
      29              17  2404      漢唐                  510.00        310.00    43.53%   1135.00  1140.00  1100.00  1125.00     1280.00  1315.00  1270.00  1305.00   +180.00   +16.00%
      30              16  3296      勝德                    0.00          0.00    43.25%     23.50    23.50    23.30    23.50       28.60    28.60    28.10    28.60     +5.10   +21.70%
      31              31  2254      巨鎧精密-創                0.00          0.00    43.01%     59.70    59.70    58.80    58.80       93.00    94.60    93.00    94.10    +35.30   +60.03%
      32              42  6491      晶碩                   61.50         13.50    42.97%    372.50   378.00   368.00   369.00      413.00   421.50   409.00   421.50    +52.50   +14.23%
      33              24  6278      台表科                  49.00          0.00    42.82%    173.00   181.50   172.00   173.00      218.00   219.50   214.00   216.50    +43.50   +25.14%
      34              38  6141      柏承                    0.00          0.00    41.47%     36.15    36.90    34.55    35.00       51.80    53.40    50.80    52.20    +17.20   +49.14%
      35              29  2030      彰源                    0.00          0.00    41.20%     21.15    21.35    20.45    20.55       37.20    40.00    36.05    37.65    +17.10   +83.21%
      36              40  1560      中砂                  463.00        204.00    41.01%    720.00   732.00   714.00   725.00      963.00  1015.00   963.00  1000.00   +275.00   +37.93%
      37              36  2424      隴華                    0.00          0.00    40.72%      8.96     8.96     8.35     8.86        8.02     8.43     8.02     8.16     -0.70    -7.90%
      38              52  3605      宏致                   53.00         48.50    40.49%    134.00   137.50   128.00   131.50      171.00   179.00   168.50   178.00    +46.50   +35.36%
      39              28  3037      欣興                  621.00        437.00    40.11%   1020.00  1025.00   995.00  1020.00     1195.00  1230.00  1170.00  1215.00   +195.00   +19.12%
      40              37  1468      昶和                    0.00          0.00    39.89%     13.35    13.40    13.05    13.30       13.35    13.55    13.05    13.55     +0.25    +1.88%
==========================================================================================================================================================================
✅ 共 40 筆


══════════════════════════════════════════════════════════════════════════════════════════════════════════════
  🔄 第  2/30 次  2026/08/13 ～ 2026/09/30
══════════════════════════════════════════════════════════════════════════════════════════════════════════════

==========================================================================================================================================================================
📊 動能效率優先權分數排名 (2026/08/13 ~ 2026/09/30)
==========================================================================================================================================================================
    實資排名          累計天數排名  代號        名稱                 累計漲停(元)       累計跌停(元)       強度%  (08/13)開盤      最高      最低      收盤    (09/30)開盤      最高      最低      收盤      賺賠    賺賠率
--------------------------------------------------------------------------------------------------------------------------------------------------------------------------
       1               1  3055      蔚華科                  91.50         11.00   100.00%    119.00   128.00   118.50   118.50      201.00   211.00   195.00   209.50    +91.00   +76.79%
       2               2  3016      嘉晶                   62.00          0.00    84.68%    106.00   111.00   103.50   104.00      170.00   172.50   165.00   169.00    +65.00   +62.50%
       3               8  2351      順德                  107.50         28.00    76.57%    173.00   180.00   173.00   173.00      217.00   217.00   204.00   209.00    +36.00   +20.81%
       4               4  3532      台勝科                 246.00         62.50    70.65%    334.50   343.00   320.50   343.00      459.50   488.50   453.00   471.00   +128.00   +37.32%
       5               3  3406      玉晶光                 749.00        490.00    65.84%    585.00   635.00   572.00   629.00      890.00   921.00   878.00   890.00   +261.00   +41.49%
       6              16  6933      AMAX-KY             297.00        103.50    65.52%    195.50   201.00   187.50   197.50      380.50   392.00   371.00   371.00   +173.50   +87.85%
       7               5  7788      松川精密                171.00         89.00    62.65%    256.00   278.00   253.00   275.50      292.00   296.00   286.50   294.00    +18.50    +6.72%
       8               7  7711      永擎                  432.00        310.50    60.27%    456.00   492.00   447.50   491.50      553.00   566.00   549.00   560.00    +68.50   +13.94%
       9               6  6533      晶心科                 141.50         13.50    57.55%    252.50   254.00   249.00   249.50      316.00   333.50   301.00   333.50    +84.00   +33.67%
      10               9  5292      華懋                   52.00         15.50    57.29%    187.50   192.00   187.50   190.00      216.50   234.00   216.50   230.00    +40.00   +21.05%
      11              18  6715      嘉基                  264.50        242.50    57.06%    400.00   430.00   383.50   390.50      452.00   453.50   441.00   442.00    +51.50   +13.19%
      12              13  2305      全友                    0.00          0.00    56.31%     27.95    30.55    27.95    30.55       70.00    72.50    66.40    68.70    +38.15  +124.88%
      13              10  8103      瀚荃                   32.50          0.00    54.79%     81.30    82.30    80.00    80.10      118.00   124.50   116.00   121.50    +41.40   +51.69%
      14              30  6706      惠特                   40.50         15.00    53.97%    126.00   126.50   121.00   122.50      154.00   158.00   149.50   150.00    +27.50   +22.45%
      15              15  1709      和益                    0.00          0.00    52.25%     28.50    30.80    28.15    30.65       44.10    48.40    44.00    48.40    +17.75   +57.91%
      16              23  4770      上品                   84.00         10.50    51.39%    223.00   228.00   222.00   224.00      288.00   288.50   277.50   282.00    +58.00   +25.89%
      17              11  9110      越南控-DR                0.00          0.00    51.26%      3.08     3.08     3.08     3.08        2.70     2.99     2.70     2.99     -0.09    -2.92%
      18              14  3008      大立光                4510.00       3530.00    49.79%   4655.00  4825.00  4545.00  4660.00     6010.00  6090.00  5945.00  5945.00  +1285.00   +27.58%
      19              21  3605      宏致                   65.00         48.50    49.04%    124.50   132.00   123.00   132.00      183.00   183.50   168.50   170.50    +38.50   +29.17%
      20              12  911608    明輝-DR                 0.00          0.00    47.93%      2.61     2.62     2.60     2.60        2.69     2.70     2.65     2.70     +0.10    +3.85%
      21              22  1727      中華化                  10.50          9.50    46.18%     79.60    80.80    76.20    76.40      117.00   117.00   108.00   109.00    +32.60   +42.67%
      22              19  2241      艾姆勒                   0.00          0.00    45.55%     33.35    34.05    33.10    33.30       43.50    47.90    43.45    46.15    +12.85   +38.59%
      23              42  6957      裕慶-KY               137.00          9.50    44.47%    218.00   220.50   215.50   216.50      365.00   371.00   356.00   371.00   +154.50   +71.36%
      24              31  3653      健策                 4280.00       2140.00    44.30%   4500.00  4670.00  4415.00  4635.00     6980.00  7080.00  6720.00  6800.00  +2165.00   +46.71%
      25              50  6426      統新                  204.00         98.00    44.25%    224.00   224.00   211.00   216.00      351.50   360.50   342.00   345.00   +129.00   +59.72%
      26              17  3296      勝德                    0.00          0.00    43.64%     23.50    23.85    23.30    23.70       27.70    28.40    27.60    28.40     +4.70   +19.83%
      27              46  6168      宏齊                    0.00          0.00    42.91%     25.45    26.00    25.15    25.20       46.55    47.00    44.50    45.25    +20.05   +79.56%
      28              27  3094      聯傑                    0.00          0.00    42.89%     37.15    39.55    36.90    38.80       62.10    62.50    59.00    61.60    +22.80   +58.76%
      29              26  6278      台表科                  49.00          0.00    42.21%    175.00   176.00   167.00   168.00      220.00   223.00   214.00   218.00    +50.00   +29.76%
      30              35  4956      光鋐                    0.00          0.00    42.04%     31.80    32.20    31.10    31.10       46.25    49.80    45.50    46.50    +15.40   +49.52%
      31              41  2033      佳大                    0.00          0.00    41.95%     21.55    22.00    20.60    20.60       38.85    42.35    38.65    42.35    +21.75  +105.58%
      32              37  6141      柏承                    0.00          0.00    41.82%     36.00    37.60    34.90    36.60       53.70    53.70    51.70    51.80    +15.20   +41.53%
      33              28  6672      騰輝電子-KY             126.50         45.00    41.47%    269.50   272.50   260.00   264.50      337.50   369.00   335.50   369.00   +104.50   +39.51%
      34              38  2254      巨鎧精密-創                0.00          0.00    41.21%     60.90    60.90    59.30    59.30       92.20    93.10    92.10    92.60    +33.30   +56.16%
      35              25  2030      彰源                    0.00          0.00    41.10%     21.50    21.80    20.95    21.75       36.60    36.70    36.00    36.70    +14.95   +68.74%
      36              20  2404      漢唐                  495.00        310.00    40.31%   1170.00  1175.00  1115.00  1130.00     1230.00  1300.00  1230.00  1290.00   +160.00   +14.16%
      37             178  2303      聯電                   24.50          0.00    39.91%    125.50   130.50   123.00   124.50      157.50   158.00   154.50   154.50    +30.00   +24.10%
      38              36  2424      隴華                    0.00          0.00    39.81%      8.98     8.98     8.98     8.98        8.12     8.57     8.12     8.30     -0.68    -7.57%
      39              24  6861      睿生光電                136.50         56.00    39.67%    216.00   223.00   213.50   220.50      294.00   313.50   294.00   313.50    +93.00   +42.18%
      40              34  1468      昶和                    0.00          0.00    39.59%     13.35    13.50    12.90    13.50       13.00    13.50    12.85    13.50     +0.00    +0.00%
==========================================================================================================================================================================
✅ 共 40 筆


══════════════════════════════════════════════════════════════════════════════════════════════════════════════
  🔄 第  3/30 次  2026/08/12 ～ 2026/09/29
══════════════════════════════════════════════════════════════════════════════════════════════════════════════

==========================================================================================================================================================================
📊 動能效率優先權分數排名 (2026/08/12 ~ 2026/09/29)
==========================================================================================================================================================================
    實資排名          累計天數排名  代號        名稱                 累計漲停(元)       累計跌停(元)       強度%  (08/12)開盤      最高      最低      收盤    (09/29)開盤      最高      最低      收盤      賺賠    賺賠率
--------------------------------------------------------------------------------------------------------------------------------------------------------------------------
       1               1  3055      蔚華科                 102.00         11.00   100.00%    109.50   117.00   107.00   117.00      196.00   207.50   191.50   203.50    +86.50   +73.93%
       2               5  3016      嘉晶                   62.00          0.00    76.48%    102.50   109.00   102.50   104.00      165.00   176.00   161.50   172.50    +68.50   +65.87%
       3               2  3532      台勝科                 257.00         62.50    75.03%    289.00   312.00   286.50   312.00      450.00   472.00   449.00   454.00   +142.00   +45.51%
       4               3  3406      玉晶光                 789.00        490.00    72.00%    546.00   584.00   535.00   578.00      890.00   893.00   869.00   882.00   +304.00   +52.60%
       5               7  2351      順德                  107.50         28.00    71.54%    169.50   172.50   168.50   172.00      221.00   221.00   214.00   215.50    +43.50   +25.29%
       6               4  7788      松川精密                188.50         89.00    69.39%    241.00   261.50   240.50   256.00      290.50   296.00   287.00   287.50    +31.50   +12.30%
       7               6  6715      嘉基                  300.50        232.50    64.00%    356.00   396.50   356.00   396.50      460.00   468.50   442.00   452.00    +55.50   +14.00%
       8              13  6933      AMAX-KY             297.00        103.50    61.14%    189.50   197.00   184.00   194.00      385.50   395.00   375.50   378.00   +184.00   +94.85%
       9               8  7711      永擎                  458.50        310.50    60.69%    445.00   447.50   434.00   447.50      540.00   553.00   537.00   546.00    +98.50   +22.01%
      10               9  3008      大立光                4740.00       3455.00    53.92%   4390.00  4685.00  4355.00  4585.00     6100.00  6205.00  5940.00  6020.00  +1435.00   +31.30%
      11              17  6706      惠特                   40.50         15.00    52.75%    116.50   126.00   116.50   124.00      142.00   154.50   141.50   151.00    +27.00   +21.77%
      12              10  3653      健策                 4685.00       2045.00    51.96%   4125.00  4470.00  4125.00  4470.00     7000.00  7160.00  6850.00  6895.00  +2425.00   +54.25%
      13              11  2305      全友                    0.00          0.00    51.66%     27.25    28.25    27.00    27.80       61.70    69.10    61.10    69.10    +41.30  +148.56%
      14              15  3605      宏致                   65.00         36.50    50.39%    111.00   120.00   111.00   120.00      182.00   190.50   179.00   182.50    +62.50   +52.08%
      15              12  4770      上品                   84.00         10.50    49.30%    218.50   227.00   218.50   223.50      277.00   295.00   277.00   286.50    +63.00   +28.19%
      16              18  5292      華懋                   40.50         15.50    47.05%    182.00   190.00   182.00   187.00      217.00   219.00   215.50   218.50    +31.50   +16.84%
      17              16  1727      中華化                  10.50          0.00    45.34%     77.00    82.30    76.60    79.30      113.00   122.00   104.00   118.50    +39.20   +49.43%
      18              21  8103      瀚荃                   32.50          0.00    44.24%     80.70    83.80    80.70    81.10      122.50   122.50   117.00   117.00    +35.90   +44.27%
      19              22  6533      晶心科                 111.50         13.50    44.12%    250.00   255.00   245.00   254.50      272.50   303.50   268.00   303.50    +49.00   +19.25%
      20              25  1709      和益                    0.00          0.00    43.51%     27.45    28.30    27.05    28.00       43.50    44.95    43.20    44.00    +16.00   +57.14%
      21              14  911608    明輝-DR                 0.00          0.00    43.07%      2.59     2.61     2.59     2.61        2.62     2.71     2.62     2.70     +0.09    +3.45%
      22              20  9110      越南控-DR                0.00          0.00    41.46%      0.00     0.00     0.00     0.00        2.91     2.91     2.57     2.85        --        --
      23              31  6141      柏承                    0.00          0.00    40.83%     35.35    37.10    35.00    36.90       52.60    53.30    51.30    52.90    +16.00   +43.36%
      24              34  6168      宏齊                    0.00          0.00    40.52%     24.60    25.80    24.60    25.10       44.40    45.55    44.30    45.20    +20.10   +80.08%
      25              23  6278      台表科                  49.00          0.00    40.41%    167.00   172.50   166.00   171.00      209.00   221.50   209.00   216.00    +45.00   +26.32%
      26              56  6426      統新                  204.00         98.00    39.21%    233.00   233.00   220.00   222.00      381.50   388.50   350.50   354.00   +132.00   +59.46%
      27              37  4956      光鋐                    0.00          0.00    38.93%     30.70    31.70    30.70    31.70       43.55    46.20    43.50    46.00    +14.30   +45.11%
      28              19  3296      勝德                    0.00          0.00    38.46%     23.20    23.55    23.15    23.35       28.00    29.60    27.75    27.80     +4.45   +19.06%
      29              67  2303      聯電                   24.50          0.00    38.31%    123.00   125.50   121.00   123.00      151.50   156.00   151.50   153.50    +30.50   +24.80%
      30              35  3094      聯傑                    0.00          0.00    38.25%     37.30    38.00    36.60    36.70       53.00    59.70    52.70    59.70    +23.00   +62.67%
      31              30  6672      騰輝電子-KY             104.00         45.00    37.98%    252.50   270.00   252.00   268.00      330.50   335.50   321.00   335.50    +67.50   +25.19%
      32              40  2241      艾姆勒                   0.00          0.00    37.77%     33.80    33.80    33.05    33.25       43.00    44.50    41.20    44.00    +10.75   +32.33%
      33              27  2030      彰源                    0.00          0.00    37.68%     21.15    21.60    20.55    21.55       33.40    33.40    33.40    33.40    +11.85   +54.99%
      34              60  6957      裕慶-KY               103.50          9.50    37.48%    217.00   219.00   215.00   218.00      334.50   337.50   307.50   337.50   +119.50   +54.82%
      35              44  3031      佰鴻                    0.00          0.00    36.82%     23.00    23.55    22.95    23.30       30.35    31.65    30.30    31.25     +7.95   +34.12%
      36              43  2254      巨鎧精密-創                0.00          0.00    36.63%     61.20    61.20    60.10    60.70       89.20    92.10    89.20    91.80    +31.10   +51.24%
      37              41  2033      佳大                    0.00          0.00    36.57%     20.75    22.00    20.55    22.00       36.80    39.95    36.50    38.50    +16.50   +75.00%
      38              32  2424      隴華                    0.00          0.00    36.57%      8.65     9.13     8.26     8.98        7.85     8.45     7.85     8.12     -0.86    -9.58%
      39              28  3443      創意                 4935.00       2505.00    36.43%   5025.00  5180.00  4945.00  5130.00     8410.00  8415.00  7925.00  7925.00  +2795.00   +54.48%
      40              26  7768      頌勝科技                113.00         33.00    36.30%    259.00   270.00   259.00   270.00      304.50   307.50   297.00   304.00    +34.00   +12.59%
==========================================================================================================================================================================
✅ 共 40 筆


══════════════════════════════════════════════════════════════════════════════════════════════════════════════
  🔄 第  4/30 次  2026/08/11 ～ 2026/09/24
══════════════════════════════════════════════════════════════════════════════════════════════════════════════

==========================================================================================================================================================================
📊 動能效率優先權分數排名 (2026/08/11 ~ 2026/09/24)
==========================================================================================================================================================================
    實資排名          累計天數排名  代號        名稱                 累計漲停(元)       累計跌停(元)       強度%  (08/11)開盤      最高      最低      收盤    (09/24)開盤      最高      最低      收盤      賺賠    賺賠率
--------------------------------------------------------------------------------------------------------------------------------------------------------------------------
       1               1  3055      蔚華科                 102.00         11.00   100.00%    120.00   121.00   103.00   106.50      201.50   208.00   195.50   199.00    +92.50   +86.85%
       2               5  2351      順德                  107.50         28.00    84.22%    166.00   170.50   165.00   169.50      224.00   227.00   217.00   219.50    +50.00   +29.50%
       3               3  3532      台勝科                 257.00         62.50    83.77%    282.50   290.50   265.50   284.00      445.00   453.00   437.00   452.50   +168.50   +59.33%
       4               2  3406      玉晶光                 789.00        471.00    80.84%    546.00   547.00   533.00   538.00      901.00   911.00   885.00   901.00   +363.00   +67.47%
       5               4  7788      松川精密                188.50         89.00    77.37%    247.50   251.50   235.00   238.50      287.00   291.00   285.00   289.50    +51.00   +21.38%
       6               6  6715      嘉基                  300.50        216.00    72.82%    363.00   377.00   355.00   360.50      462.50   472.50   459.00   468.50   +108.00   +29.96%
       7               7  3016      嘉晶                   49.50          0.00    71.85%    106.00   107.50   101.50   101.50      147.50   160.00   147.00   160.00    +58.50   +57.64%
       8               9  6933      AMAX-KY             297.00        103.50    71.18%    186.00   194.50   182.00   188.00      367.50   385.00   355.00   385.00   +197.00  +104.79%
       9              10  7711      永擎                  458.50        310.50    63.66%    445.50   445.50   404.00   407.00      543.00   548.00   535.00   542.00   +135.00   +33.17%
      10              11  8103      瀚荃                   32.50          0.00    57.63%     80.30    82.40    80.10    80.10      122.50   126.00   121.50   123.00    +42.90   +53.56%
      11              13  3605      宏致                   65.00         36.50    56.15%    111.50   119.50   109.50   111.00      179.50   186.50   178.50   183.50    +72.50   +65.32%
      12              17  6706      惠特                   40.50         15.00    55.28%    112.50   124.00   112.50   117.00      143.50   146.00   142.50   143.00    +26.00   +22.22%
      13               8  3443      創意                 5360.00       1905.00    54.29%   4630.00  4980.00  4615.00  4955.00     8300.00  8545.00  8205.00  8525.00  +3570.00   +72.05%
      14              15  5292      華懋                   40.50         15.50    53.18%    176.00   188.00   176.00   179.50      217.00   218.00   215.50   217.50    +38.00   +21.17%
      15              31  6426      統新                  204.00         63.00    51.14%    212.00   219.00   208.00   218.00      412.00   412.00   380.00   389.00   +171.00   +78.44%
      16              12  9110      越南控-DR                0.00          0.00    51.10%      2.90     3.14     2.90     3.14        2.80     2.89     2.66     2.82     -0.32   -10.19%
      17              19  2305      全友                    0.00          0.00    50.21%     28.70    28.80    27.10    27.25       63.30    64.20    62.40    62.90    +35.65  +130.83%
      18              16  4770      上品                   84.00         10.50    49.79%    222.00   222.50   217.50   218.00      285.00   290.00   272.00   281.50    +63.50   +29.13%
      19              23  1709      和益                    0.00          0.00    49.30%     26.75    27.70    26.20    27.40       45.85    46.45    43.50    43.50    +16.10   +58.76%
      20              14  911608    明輝-DR                 0.00          0.00    48.46%      2.51     2.64     2.51     2.60        2.67     2.67     2.67     2.67     +0.07    +2.69%
      21              20  3008      大立光                4740.00       3275.00    48.08%   4355.00  4420.00  4230.00  4355.00     6105.00  6310.00  6080.00  6245.00  +1890.00   +43.40%
      22              21  1727      中華化                  10.50          0.00    46.66%     76.10    77.50    75.00    76.60      114.00   125.00   109.00   115.50    +38.90   +50.78%
      23              22  2357      華碩                  392.00        261.00    45.35%    818.00   839.00   812.00   839.00      948.00   961.00   947.00   953.00   +114.00   +13.59%
      24              24  3653      健策                 4685.00       2090.00    45.27%   4165.00  4170.00  3895.00  4065.00     6560.00  6920.00  6215.00  6920.00  +2855.00   +70.23%
      25              39  6141      柏承                    0.00          0.00    44.57%     35.30    35.30    33.90    34.65       51.70    52.70    50.80    51.80    +17.15   +49.49%
      26              26  6924      榮惠-KY創               32.50          0.00    44.45%    119.00   119.50   113.50   119.50      133.50   136.50   130.00   134.00    +14.50   +12.13%
      27              42  6168      宏齊                    0.00          0.00    43.77%     25.00    25.00    24.05    24.60       41.50    44.00    41.10    44.00    +19.40   +78.86%
      28              18  3296      勝德                    0.00          0.00    43.11%     23.20    23.20    23.00    23.10       27.90    28.00    27.80    27.95     +4.85   +21.00%
      29              25  6805      富世達                1635.00       1040.00    42.24%   1725.00  1840.00  1725.00  1790.00     2570.00  2615.00  2505.00  2530.00   +740.00   +41.34%
      30              36  6672      騰輝電子-KY             104.00         45.00    42.21%    251.50   262.00   247.00   257.00      315.00   337.50   315.00   337.50    +80.50   +31.32%
      31              38  2241      艾姆勒                   0.00          0.00    42.18%     32.60    34.00    32.05    33.35       41.85    44.90    41.85    43.60    +10.25   +30.73%
      32              27  6902      GOGOLOOK             41.00          0.00    41.59%    129.50   132.00   126.00   128.00      170.00   183.00   167.50   176.50    +48.50   +37.89%
      33              30  2030      彰源                    0.00          0.00    41.56%     21.40    21.90    20.65    21.15       28.10    30.40    27.90    30.40     +9.25   +43.74%
      34              72  2303      聯電                   24.50          0.00    41.55%    121.50   124.50   120.00   123.00      157.00   157.00   152.00   154.00    +31.00   +25.20%
      35              35  2033      佳大                    0.00          0.00    41.42%     19.40    20.55    19.05    20.55       37.65    38.30    35.50    36.80    +16.25   +79.08%
      36              32  6213      聯茂                  264.50        187.50    41.08%    427.50   452.00   395.50   452.00      595.00   595.00   592.00   595.00   +143.00   +31.64%
      37              33  2492      華新科                 194.00        129.50    40.75%    271.00   300.50   270.00   300.50      305.00   315.50   302.00   311.50    +11.00    +3.66%
      38              71  6957      裕慶-KY                73.00          9.50    40.11%    217.00   217.00   212.00   215.50      298.50   307.00   287.00   307.00    +91.50   +42.46%
      39              51  4956      光鋐                    0.00          0.00    40.00%     31.35    31.50    30.20    30.70       43.55    47.85    43.20    44.50    +13.80   +44.95%
      40              37  1560      中砂                  467.00        210.00    39.87%    680.00   691.00   668.00   687.00      950.00   975.00   945.00   971.00   +284.00   +41.34%
==========================================================================================================================================================================
✅ 共 40 筆


══════════════════════════════════════════════════════════════════════════════════════════════════════════════
  🔄 第  5/30 次  2026/08/10 ～ 2026/09/23
══════════════════════════════════════════════════════════════════════════════════════════════════════════════

==========================================================================================================================================================================
📊 動能效率優先權分數排名 (2026/08/10 ~ 2026/09/23)
==========================================================================================================================================================================
    實資排名          累計天數排名  代號        名稱                 累計漲停(元)       累計跌停(元)       強度%  (08/10)開盤      最高      最低      收盤    (09/23)開盤      最高      最低      收盤      賺賠    賺賠率
--------------------------------------------------------------------------------------------------------------------------------------------------------------------------
       1               1  3055      蔚華科                 112.00         11.00   100.00%    105.50   113.50   104.00   113.50      206.50   226.00   200.50   203.50    +90.00   +79.30%
       2               2  6715      嘉基                  330.50        216.00    71.59%    335.50   365.50   335.50   363.50      451.00   479.50   440.50   459.50    +96.00   +26.41%
       3               4  2351      順德                  107.50         28.00    69.23%    173.50   174.50   163.50   168.50      240.00   240.00   225.00   226.00    +57.50   +34.12%
       4               3  3406      玉晶光                 789.00        471.00    65.77%    546.00   552.00   525.00   546.00      930.00   942.00   904.00   905.00   +359.00   +65.75%
       5               8  6933      AMAX-KY             278.00        103.50    63.03%    180.50   180.50   180.50   180.50      320.00   350.00   320.00   350.00   +169.50   +93.91%
       6               5  7788      松川精密                188.50         89.00    61.76%    238.00   238.00   226.00   234.50      292.00   294.50   282.00   290.00    +55.50   +23.67%
       7               6  7711      永擎                  488.50        310.50    59.57%    384.50   405.00   376.00   405.00      545.00   561.00   538.00   543.00   +138.00   +34.07%
       8               7  6426      統新                  216.00         63.00    53.53%    209.50   225.00   207.00   217.50      359.00   391.50   357.00   391.50   +174.00   +80.00%
       9               9  8103      瀚荃                   32.50          0.00    46.61%     79.10    80.60    79.10    80.30      123.50   129.00   122.00   123.50    +43.20   +53.80%
      10              18  6706      惠特                   40.50         15.00    46.16%    111.50   119.50   110.50   115.00      150.00   150.50   144.00   144.00    +29.00   +25.22%
      11              10  3016      嘉晶                   35.00          0.00    44.88%    100.50   107.50    99.00   107.00      145.00   145.50   141.50   145.50    +38.50   +35.98%
      12              22  3605      宏致                   65.00         36.50    44.35%    108.50   110.50   103.00   109.00      174.50   188.50   174.50   180.00    +71.00   +65.14%
      13              14  5292      華懋                   40.50         15.50    44.17%    172.50   180.50   172.50   178.50      217.00   219.00   210.00   218.50    +40.00   +22.41%
      14              20  3532      台勝科                 257.00         92.00    43.61%    310.00   312.50   281.50   283.00      442.00   460.00   430.50   445.00   +162.00   +57.24%
      15              19  2492      華新科                 216.50        129.50    41.97%    255.00   273.50   255.00   273.50      314.50   322.50   304.00   306.00    +32.50   +11.88%
      16              24  2305      全友                    0.00          0.00    41.51%     28.50    29.15    27.40    29.05       61.30    65.60    60.40    63.60    +34.55  +118.93%
      17              15  4770      上品                   84.00         10.50    41.50%    221.50   227.00   221.00   221.00      261.50   275.00   256.50   275.00    +54.00   +24.43%
      18              12  9110      越南控-DR                0.00          0.00    41.01%      0.00     0.00     0.00     0.00        2.52     2.92     2.52     2.92        --        --
      19              23  3008      大立光                4700.00       3275.00    40.58%   4480.00  4565.00  4345.00  4400.00     6440.00  6470.00  6140.00  6190.00  +1790.00   +40.68%
      20              27  1709      和益                    0.00          0.00    40.39%     28.30    28.55    27.00    27.30       47.50    50.50    45.50    48.30    +21.00   +76.92%
      21              16  6805      富世達                1720.00        970.00    39.35%   1720.00  1825.00  1680.00  1755.00     2490.00  2750.00  2475.00  2600.00   +845.00   +48.15%
      22              11  911608    明輝-DR                 0.00          0.00    39.25%      2.53     2.69     2.32     2.54        2.70     2.72     2.65     2.72     +0.18    +7.09%
      23              17  1727      中華化                  10.50          0.00    38.22%     73.40    77.00    73.40    76.50      105.00   116.50   103.00   116.50    +40.00   +52.29%
      24              25  2033      佳大                    0.00          0.00    37.90%     17.00    18.70    17.00    18.70       39.70    40.25    36.20    37.30    +18.60   +99.47%
      25              26  6213      聯茂                  249.00        187.50    37.87%    424.00   427.50   422.00   427.50      542.00   547.00   525.00   541.00   +113.50   +26.55%
      26              37  2303      聯電                   24.50          0.00    37.49%    117.00   123.50   117.00   123.00      163.00   163.00   158.00   160.00    +37.00   +30.08%
      27              13  6278      台表科                  64.50          0.00    36.50%    158.50   171.50   158.50   171.50      212.50   218.00   204.50   209.00    +37.50   +21.87%
      28              35  6141      柏承                    0.00          0.00    36.48%     34.10    35.40    34.10    34.70       53.50    54.40    51.00    51.80    +17.10   +49.28%
      29              30  2357      華碩                  392.00        261.00    36.07%    820.00   822.00   808.00   818.00      953.00   958.00   942.00   958.00   +140.00   +17.11%
      30              21  3296      勝德                    0.00          0.00    35.36%     23.00    23.45    22.80    23.45       27.75    28.15    27.40    28.15     +4.70   +20.04%
      31              29  6924      榮惠-KY創               32.50          0.00    35.23%    109.00   110.50   108.50   109.00      135.00   136.00   131.00   136.00    +27.00   +24.77%
      32              28  1560      中砂                  477.00        210.00    34.14%    680.00   704.00   680.00   688.00      955.00   992.00   947.00   955.00   +267.00   +38.81%
      33              32  6672      騰輝電子-KY              96.00         45.00    33.68%    251.50   251.50   243.00   251.50      302.00   310.00   298.00   307.00    +55.50   +22.07%
      34              48  6168      宏齊                    0.00          0.00    33.66%     24.60    25.80    24.45    25.05       43.50    43.50    40.20    41.20    +16.15   +64.47%
      35              36  3443      創意                 5220.00       1920.00    33.17%   4640.00  4815.00  4510.00  4530.00     8325.00  8540.00  8200.00  8385.00  +3855.00   +85.10%
      36              31  8046      南電                  740.00        640.00    32.66%   1100.00  1180.00  1080.00  1130.00     1185.00  1225.00  1150.00  1210.00    +80.00    +7.08%
      37              39  2382      廣達                   49.50         19.50    32.57%    301.00   313.50   300.00   313.50      342.50   343.00   340.00   341.50    +28.00    +8.93%
      38              47  2241      艾姆勒                   0.00          0.00    32.24%     32.70    33.10    31.85    32.60       40.80    44.00    39.40    43.65    +11.05   +33.90%
      39              38  3037      欣興                  583.00        417.00    31.92%    979.00   995.00   976.00   992.00     1120.00  1200.00  1115.00  1160.00   +168.00   +16.94%
      40              41  2603      長榮                   12.50         15.00    31.76%    208.50   215.00   208.00   214.00      241.50   243.00   239.00   243.00    +29.00   +13.55%
==========================================================================================================================================================================
✅ 共 40 筆


══════════════════════════════════════════════════════════════════════════════════════════════════════════════
  🔄 第  6/30 次  2026/08/07 ～ 2026/09/22
══════════════════════════════════════════════════════════════════════════════════════════════════════════════

==========================================================================================================================================================================
📊 動能效率優先權分數排名 (2026/08/07 ~ 2026/09/22)
==========================================================================================================================================================================
    實資排名          累計天數排名  代號        名稱                 累計漲停(元)       累計跌停(元)       強度%  (08/07)開盤      最高      最低      收盤    (09/22)開盤      最高      最低      收盤      賺賠    賺賠率
--------------------------------------------------------------------------------------------------------------------------------------------------------------------------
       1               1  3055      蔚華科                 112.00         11.00   100.00%    113.00   114.00   103.50   103.50      196.00   206.50   189.50   206.50   +103.00   +99.52%
       2               2  7788      松川精密                205.50         89.00    75.35%    223.00   239.50   221.50   235.00      298.00   298.50   288.50   290.50    +55.50   +23.62%
       3               4  2351      順德                  107.50         15.50    72.26%    179.00   182.50   169.50   170.00      238.50   243.50   233.00   238.50    +68.50   +40.29%
       4               3  3406      玉晶光                 789.00        453.00    66.11%    551.00   584.00   542.00   546.00      962.00   973.00   920.00   923.00   +377.00   +69.05%
       5               5  7711      永擎                  502.00        310.50    60.94%    397.50   397.50   370.50   375.00      552.00   555.00   534.00   537.00   +162.00   +43.20%
       6               7  6426      統新                  199.00         63.00    55.79%    191.50   205.50   189.50   205.50      378.00   379.50   350.50   356.00   +150.50   +73.24%
       7              23  6933      AMAX-KY             246.50        103.50    54.02%    168.00   174.00   162.50   164.50      326.00   330.50   317.00   318.50   +154.00   +93.62%
       8              10  6706      惠特                   40.50         15.00    47.41%    112.00   114.00   108.00   109.00      165.50   168.00   148.00   149.00    +40.00   +36.70%
       9               6  6715      嘉基                  330.50        242.50    47.32%    358.50   363.00   332.50   333.50      451.50   469.50   445.00   451.50   +118.00   +35.38%
      10              14  8103      瀚荃                   32.50          0.00    43.19%     84.50    84.50    78.60    78.70      130.50   130.50   121.50   122.50    +43.80   +55.65%
      11              11  5292      華懋                   40.50         15.50    43.04%    171.50   177.00   166.00   172.00      217.00   219.00   215.00   218.00    +46.00   +26.74%
      12              12  6213      聯茂                  263.00        187.50    42.53%    384.50   401.00   366.00   389.00      545.00   574.00   539.00   543.00   +154.00   +39.59%
      13              18  3532      台勝科                 246.50         92.00    41.77%    316.00   316.00   308.00   312.50      447.00   459.50   431.50   434.50   +122.00   +39.04%
      14              15  2492      華新科                 216.50        129.50    41.69%    254.50   259.00   243.50   251.00      318.50   324.00   310.50   311.00    +60.00   +23.90%
      15              21  3605      宏致                   65.00         36.50    41.53%    108.00   113.00   104.50   107.50      177.00   177.00   165.00   171.50    +64.00   +59.53%
      16              16  3016      嘉晶                   22.00          0.00    41.49%    103.50   104.50    97.50    98.00      125.00   132.50   124.50   132.50    +34.50   +35.20%
      17               8  2033      佳大                    0.00          0.00    41.39%     16.10    17.10    16.10    17.00       35.00    37.30    34.60    37.30    +20.30  +119.41%
      18              19  2305      全友                    0.00          0.00    39.10%     26.55    28.55    26.30    26.50       57.50    60.00    56.80    60.00    +33.50  +126.42%
      19              26  1709      和益                    0.00          0.00    38.82%     27.80    28.45    27.35    27.80       43.10    47.40    41.35    45.95    +18.15   +65.29%
      20              13  911608    明輝-DR                 0.00          0.00    38.32%      2.51     2.60     2.51     2.53        2.75     2.75     2.56     2.73     +0.20    +7.91%
      21               9  6278      台表科                  64.50          0.00    37.00%    163.00   164.50   154.00   156.00      202.00   213.50   200.00   213.50    +57.50   +36.86%
      22              31  2303      聯電                   24.50          0.00    36.88%    121.50   121.50   114.00   116.00      161.00   168.50   160.00   160.00    +44.00   +37.93%
      23              25  6141      柏承                    0.00          0.00    36.35%     34.40    35.55    33.65    34.10       49.95    53.80    49.30    50.80    +16.70   +48.97%
      24              22  4770      上品                   59.00         10.50    35.37%    212.50   218.00   212.50   216.50      260.50   262.00   248.00   250.00    +33.50   +15.47%
      25              29  3443      創意                 5275.00       1920.00    34.77%   4505.00  4665.00  4415.00  4545.00     8370.00  8375.00  8370.00  8375.00  +3830.00   +84.27%
      26              24  2357      華碩                  392.00        261.00    34.72%    816.00   825.00   805.00   817.00      956.00   956.00   942.00   953.00   +136.00   +16.65%
      27              30  3008      大立光                4700.00       3300.00    34.54%   4605.00  4625.00  4380.00  4385.00     6510.00  6750.00  6390.00  6405.00  +2020.00   +46.07%
      28              27  9110      越南控-DR                0.00          0.00    34.00%      3.07     3.07     3.07     3.07        2.78     2.78     2.65     2.69     -0.38   -12.38%
      29              35  6168      宏齊                    0.00          0.00    33.68%     24.80    25.00    23.95    24.20       45.00    45.60    42.10    44.00    +19.80   +81.82%
      30              17  3296      勝德                    0.00          0.00    33.43%     23.20    23.25    23.00    23.00       28.55    28.80    27.75    28.10     +5.10   +22.17%
      31              39  6924      榮惠-KY創               32.50          0.00    32.37%    112.00   112.00   110.00   110.00      133.50   139.00   133.00   135.00    +25.00   +22.73%
      32              20  6533      晶心科                  82.00         13.50    31.88%    228.00   256.00   227.50   256.00      268.50   278.50   254.50   254.50     -1.50    -0.59%
      33              34  6672      騰輝電子-KY              96.00         45.00    30.91%    232.50   233.50   225.00   229.00      315.00   315.00   300.00   302.00    +73.00   +31.88%
      34              36  2382      廣達                   49.50         19.50    30.87%    305.00   305.00   295.00   298.00      348.50   349.00   340.00   342.00    +44.00   +14.77%
      35              40  2603      長榮                   12.50         15.00    30.77%    205.50   207.50   204.00   207.50      242.00   243.50   240.00   242.50    +35.00   +16.87%
      36              32  2030      彰源                    0.00          0.00    30.40%     18.00    18.60    18.00    18.60       24.30    27.25    24.30    27.25     +8.65   +46.51%
      37              57  6957      裕慶-KY                61.50          9.50    30.19%    209.00   210.00   208.00   208.00      297.50   312.00   292.00   303.00    +95.00   +45.67%
      38              48  2887Z1    台新新光己特                0.00          0.00    29.98%     19.00    19.00    18.70    18.90       23.00    23.25    23.00    23.25     +4.35   +23.02%
      39              66  6491      晶碩                   61.50         13.50    29.94%    369.50   379.50   369.50   373.00      407.00   410.00   402.00   404.00    +31.00    +8.31%
      40              37  8101      華冠                    0.00          0.00    29.65%      0.00     0.00     0.00     0.00       11.25    11.35    11.25    11.35        --        --
==========================================================================================================================================================================
✅ 共 40 筆


══════════════════════════════════════════════════════════════════════════════════════════════════════════════
  🔄 第  7/30 次  2026/08/06 ～ 2026/09/21
══════════════════════════════════════════════════════════════════════════════════════════════════════════════

==========================================================================================================================================================================
📊 動能效率優先權分數排名 (2026/08/06 ~ 2026/09/21)
==========================================================================================================================================================================
    實資排名          累計天數排名  代號        名稱                 累計漲停(元)       累計跌停(元)       強度%  (08/06)開盤      最高      最低      收盤    (09/21)開盤      最高      最低      收盤      賺賠    賺賠率
--------------------------------------------------------------------------------------------------------------------------------------------------------------------------
       1               1  3055      蔚華科                  93.50         11.00   100.00%    109.00   114.00   109.00   110.50      168.00   188.00   167.00   188.00    +77.50   +70.14%
       2               2  3406      玉晶光                 803.00        424.00    89.06%    530.00   552.00   529.00   547.00      973.00  1005.00   925.00   952.00   +405.00   +74.04%
       3               3  7788      松川精密                205.50         89.00    87.23%    209.50   222.50   206.50   218.00      298.00   302.00   291.00   291.00    +73.00   +33.49%
       4               4  6426      統新                  216.00         45.00    84.60%    172.50   187.00   169.00   187.00      375.00   376.00   354.50   374.00   +187.00  +100.00%
       5               5  2351      順德                  107.50         15.50    80.50%    169.00   175.00   163.00   171.50      243.00   243.50   236.00   236.50    +65.00   +37.90%
       6               6  7711      永擎                  534.50        310.50    73.34%    361.50   361.50   361.50   361.50      576.00   576.00   535.00   544.00   +182.50   +50.48%
       7              19  6933      AMAX-KY             246.50        103.50    61.92%    167.00   170.00   161.50   169.00      345.00   348.00   316.00   317.50   +148.50   +87.87%
       8               7  6213      聯茂                  297.00        187.50    61.10%    341.00   375.00   336.50   375.00      515.00   542.00   510.00   542.00   +167.00   +44.53%
       9               8  8103      瀚荃                   32.50          0.00    61.02%     78.70    85.00    78.10    84.50      129.00   130.50   123.50   128.50    +44.00   +52.07%
      10               9  6706      惠特                   40.50          0.00    59.66%    114.50   115.50   109.00   112.00      150.00   164.00   150.00   164.00    +52.00   +46.43%
      11              14  3532      台勝科                 246.50         92.00    50.25%    301.00   316.50   300.00   316.00      450.50   452.00   432.50   440.00   +124.00   +39.24%
      12              16  3605      宏致                   65.00         36.50    49.75%    102.50   111.50    98.00   108.00      154.00   169.00   151.00   169.00    +61.00   +56.48%
      13              10  5292      華懋                   40.50         15.50    48.29%    163.00   168.50   162.00   168.50      219.50   219.50   215.00   218.00    +49.50   +29.38%
      14              20  2492      華新科                 216.50        129.50    46.82%    256.00   259.50   236.50   256.50      311.50   326.00   307.50   308.50    +52.00   +20.27%
      15              12  6672      騰輝電子-KY             107.00         45.00    46.02%    220.50   233.00   216.00   232.50      306.50   316.00   304.00   310.00    +77.50   +33.33%
      16              15  6715      嘉基                  330.50        254.00    44.20%    365.50   373.50   355.00   360.00      433.00   475.00   433.00   451.50    +91.50   +25.42%
      17              11  2033      佳大                    0.00          0.00    43.95%     15.80    16.35    15.80    16.35       33.05    35.25    32.00    33.95    +17.60  +107.65%
      18              22  3008      大立光                4750.00       3300.00    42.58%   4525.00  4770.00  4515.00  4625.00     6465.00  6615.00  6305.00  6400.00  +1775.00   +38.38%
      19              24  3443      創意                 4605.00       1920.00    42.55%   4395.00  4550.00  4250.00  4480.00     7395.00  7755.00  7030.00  7615.00  +3135.00   +69.98%
      20              21  4770      上品                   59.00         10.50    42.38%    215.00   215.00   211.00   212.50      254.00   263.50   246.00   257.50    +45.00   +21.18%
      21              13  911608    明輝-DR                 0.00          0.00    42.15%      2.60     2.60     2.60     2.60        2.69     2.76     2.62     2.75     +0.15    +5.77%
      22              28  1709      和益                    0.00          0.00    41.94%     26.20    28.30    25.80    27.65       39.20    43.10    39.05    43.10    +15.45   +55.88%
      23              31  2303      聯電                   24.50          0.00    41.03%    121.50   123.50   118.00   121.50      156.50   159.00   153.00   157.00    +35.50   +29.22%
      24              25  2305      全友                    0.00          0.00    40.84%     26.45    26.45    26.45    26.45       59.10    61.90    55.50    58.80    +32.35  +122.31%
      25              17  6533      晶心科                  82.00         13.50    40.61%    231.00   233.50   222.50   233.00      269.00   270.50   260.00   263.50    +30.50   +13.09%
      26              23  9110      越南控-DR                0.00          0.00    40.26%      3.00     3.30     2.97     3.13        3.10     3.10     2.71     2.90     -0.23    -7.35%
      27              29  6141      柏承                    0.00          0.00    39.41%     34.00    35.10    34.00    34.40       49.85    49.85    48.40    49.00    +14.60   +42.44%
      28              18  3296      勝德                    0.00          0.00    37.79%     23.00    23.65    22.60    23.40       29.20    29.25    28.35    28.50     +5.10   +21.79%
      29              27  6805      富世達                1695.00       1060.00    37.60%   1650.00  1760.00  1635.00  1760.00     2325.00  2445.00  2300.00  2415.00   +655.00   +37.22%
      30              36  3016      嘉晶                   10.00          0.00    37.44%    104.00   104.50    98.00   103.50      118.00   123.00   115.50   120.50    +17.00   +16.43%
      31              41  6168      宏齊                    0.00          0.00    36.75%     25.20    25.20    23.95    24.70       41.45    42.70    41.40    42.70    +18.00   +72.87%
      32              35  6924      榮惠-KY創               32.50          0.00    36.06%    107.00   114.00   106.00   114.00      135.50   138.00   132.00   133.50    +19.50   +17.11%
      33              37  2382      廣達                   49.50         19.50    35.57%    301.50   305.00   299.00   302.00      344.00   344.50   339.00   344.50    +42.50   +14.07%
      34              32  3450      聯鈞                  382.50        331.50    35.26%    463.50   499.00   463.50   491.50      544.00   554.00   536.00   545.00    +53.50   +10.89%
      35              71  6782      視陽                   58.50         10.50    35.04%    201.50   207.50   201.50   206.00      241.00   248.00   234.50   248.00    +42.00   +20.39%
      36            1373  2321      東訊                    0.00          0.00    34.44%      0.00     0.00     0.00     0.00       27.60    27.60    26.00    26.00        --        --
      37              33  8996      高力                 1160.00        755.00    34.04%   1055.00  1135.00  1040.00  1135.00     1430.00  1520.00  1405.00  1505.00   +370.00   +32.60%
      38              26  2421      建準                   43.50          0.00    33.77%    142.00   154.50   141.50   154.50      170.50   170.50   166.00   166.50    +12.00    +7.77%
      39              46  3094      聯傑                    0.00          0.00    33.64%     36.05    36.05    34.85    35.60       54.90    56.80    54.50    56.80    +21.20   +59.55%
      40              81  2301      光寶科                 112.50         42.50    33.37%    253.50   262.00   249.00   252.50      289.00   294.00   281.50   288.50    +36.00   +14.26%
==========================================================================================================================================================================
✅ 共 40 筆


══════════════════════════════════════════════════════════════════════════════════════════════════════════════
  🔄 第  8/30 次  2026/08/05 ～ 2026/09/18
══════════════════════════════════════════════════════════════════════════════════════════════════════════════

==========================================================================================================================================================================
📊 動能效率優先權分數排名 (2026/08/05 ~ 2026/09/18)
==========================================================================================================================================================================
    實資排名          累計天數排名  代號        名稱                 累計漲停(元)       累計跌停(元)       強度%  (08/05)開盤      最高      最低      收盤    (09/18)開盤      最高      最低      收盤      賺賠    賺賠率
--------------------------------------------------------------------------------------------------------------------------------------------------------------------------
       1               1  3406      玉晶光                 834.00        404.00   100.00%    512.00   538.00   508.00   533.00      996.00   999.00   955.00   972.00   +439.00   +82.36%
       2               3  7788      松川精密                205.50         89.00    84.35%    208.00   215.00   205.50   210.00      290.50   304.00   290.50   297.00    +87.00   +41.43%
       3               2  3055      蔚華科                  86.50         11.00    83.90%    108.00   112.00   108.00   112.00      166.00   173.50   163.50   171.00    +59.00   +52.68%
       4               5  2351      順德                  107.50         15.50    79.16%    171.00   177.00   167.00   169.00      241.00   243.00   235.50   241.50    +72.50   +42.90%
       5               7  6426      統新                  216.00         45.00    77.94%    179.50   186.50   168.00   170.00      381.50   385.00   365.00   373.50   +203.50  +119.71%
       6               6  7711      永擎                  564.00        284.50    77.12%    329.00   329.00   329.00   329.00      566.00   584.00   561.00   570.00   +241.00   +73.25%
       7               4  6213      聯茂                  291.00        187.50    67.81%    324.00   341.00   320.50   341.00      503.00   525.00   501.00   505.00   +164.00   +48.09%
       8              14  6933      AMAX-KY             246.50         79.00    64.09%    170.00   171.50   165.00   165.50      355.00   360.50   332.00   342.00   +176.50  +106.65%
       9               8  8103      瀚荃                   32.50          0.00    59.38%     77.20    79.90    76.90    78.70      127.00   130.50   122.50   129.50    +50.80   +64.55%
      10              10  3532      台勝科                 271.50         92.00    57.96%    310.00   319.00   300.00   316.50      457.00   461.00   438.50   447.50   +131.00   +41.39%
      11               9  6706      惠特                   36.50          0.00    55.72%    111.00   116.50   109.50   116.50      146.00   150.00   142.50   149.50    +33.00   +28.33%
      12              11  3008      大立光                4970.00       3270.00    47.45%   4410.00  4730.00  4340.00  4575.00     6280.00  6500.00  6150.00  6430.00  +1855.00   +40.55%
      13              13  5292      華懋                   40.50         15.50    45.74%    167.00   169.00   163.00   163.00      216.50   220.00   216.50   220.00    +57.00   +34.97%
      14              16  3605      宏致                   50.00         36.50    45.37%     93.20   101.50    92.00   101.50      149.50   154.00   142.00   154.00    +52.50   +51.72%
      15              22  3443      創意                 4385.00       1920.00    43.54%   4355.00  4515.00  4285.00  4390.00     6600.00  7150.00  6510.00  7150.00  +2760.00   +62.87%
      16              12  6715      嘉基                  335.00        254.00    43.43%    366.50   383.00   357.00   371.50      398.00   433.00   394.00   433.00    +61.50   +16.55%
      17              30  2492      華新科                 216.50        129.50    43.25%    274.00   283.50   254.00   259.50      305.00   311.00   300.00   309.50    +50.00   +19.27%
      18              15  2033      佳大                    0.00          0.00    42.36%     15.55    16.00    15.50    16.00       32.45    33.90    31.50    33.90    +17.90  +111.87%
      19              19  6672      騰輝電子-KY             107.00         45.00    42.33%    227.00   228.00   221.50   221.50      299.50   309.50   297.00   302.00    +80.50   +36.34%
      20              21  9110      越南控-DR                0.00          0.00    41.21%      3.32     3.35     3.09     3.30        2.99     3.00     2.99     3.00     -0.30    -9.09%
      21              18  6533      晶心科                  82.00         13.50    40.81%    231.00   233.50   228.00   228.50      255.00   276.00   250.00   270.50    +42.00   +18.38%
      22              26  6141      柏承                    0.00          0.00    39.53%     34.80    36.70    34.45    35.45       50.00    50.80    49.05    49.85    +14.40   +40.62%
      23              20  4770      上品                   59.00         10.50    39.48%    215.00   217.00   214.00   215.00      242.00   255.50   242.00   251.00    +36.00   +16.74%
      24              17  911608    明輝-DR                 0.00          0.00    39.19%      2.83     2.83     2.79     2.79        2.55     2.74     2.55     2.72     -0.07    -2.51%
      25              28  3450      聯鈞                  425.50        331.50    38.34%    475.00   475.00   475.00   475.00      538.00   565.00   525.00   538.00    +63.00   +13.26%
      26              32  3026      禾伸堂                 709.00        420.00    38.31%    525.00   547.00   520.00   547.00      791.00   811.00   766.00   797.00   +250.00   +45.70%
      27              36  1709      和益                    0.00          0.00    37.67%     25.45    26.80    25.20    26.20       41.85    42.00    38.70    39.20    +13.00   +49.62%
      28              35  6924      榮惠-KY創               32.50          0.00    37.36%    108.00   109.50   107.00   108.00      132.50   136.00   132.50   134.50    +26.50   +24.54%
      29              27  2421      建準                   43.50          0.00    37.35%    138.00   141.00   138.00   140.50      164.50   169.00   164.50   167.00    +26.50   +18.86%
      30              43  2303      聯電                   24.50          0.00    37.08%    129.00   129.00   121.50   122.00      155.00   160.50   153.50   156.00    +34.00   +27.87%
      31              33  3016      嘉晶                   10.00          0.00    36.46%     99.40   104.00    96.20   104.00      116.50   119.00   115.00   116.50    +12.50   +12.02%
      32              23  3296      勝德                    0.00          0.00    36.41%     23.70    23.70    22.70    23.00       25.70    28.30    25.55    28.30     +5.30   +23.04%
      33              47  2305      全友                    0.00          0.00    36.35%     32.00    32.05    29.35    29.35       57.70    59.00    53.80    58.70    +29.35  +100.00%
      34              29  2357      華碩                  424.00        267.00    36.02%    813.00   859.00   813.00   838.00      964.00   964.00   947.00   960.00   +122.00   +14.56%
      35            1373  2321      東訊                    0.00          0.00    35.83%     15.00    15.00    14.80    15.00          --       --       --       --        --        --
      36            1374  6949      沛爾生醫-創              510.00         59.00    35.76%    876.00   961.00   876.00   958.00       54.50    58.50    53.20    54.50   -903.50   -94.31%
      37              34  3017      奇鋐                 2050.00       1260.00    35.09%   2660.00  2775.00  2640.00  2730.00     3345.00  3450.00  3290.00  3430.00   +700.00   +25.64%
      38              41  6168      宏齊                    0.00          0.00    34.79%     25.00    25.80    24.85    25.20       37.15    38.85    35.85    38.85    +13.65   +54.17%
      39              42  2382      廣達                   49.50         19.50    34.12%    306.50   310.50   302.50   304.00      346.50   346.50   340.00   343.00    +39.00   +12.83%
      40              40  6491      晶碩                   64.00         13.50    33.75%    365.50   387.00   365.50   379.00      401.00   401.00   391.00   396.00    +17.00    +4.49%
==========================================================================================================================================================================
✅ 共 40 筆


══════════════════════════════════════════════════════════════════════════════════════════════════════════════
  🔄 第  9/30 次  2026/08/04 ～ 2026/09/17
══════════════════════════════════════════════════════════════════════════════════════════════════════════════

==========================================================================================================================================================================
📊 動能效率優先權分數排名 (2026/08/04 ~ 2026/09/17)
==========================================================================================================================================================================
    實資排名          累計天數排名  代號        名稱                 累計漲停(元)       累計跌停(元)       強度%  (08/04)開盤      最高      最低      收盤    (09/17)開盤      最高      最低      收盤      賺賠    賺賠率
--------------------------------------------------------------------------------------------------------------------------------------------------------------------------
       1               1  3406      玉晶光                 848.00        404.00   100.00%    486.50   507.00   486.00   502.00     1045.00  1045.00   947.00   965.00   +463.00   +92.23%
       2               2  7788      松川精密                206.50         89.00    87.09%    189.00   204.00   188.50   203.50      296.50   299.00   285.00   287.00    +83.50   +41.03%
       3               3  6426      統新                  221.00         45.00    82.31%    161.50   173.50   160.00   173.50      357.50   363.00   356.00   363.00   +189.50  +109.22%
       4               7  6933      AMAX-KY             261.50         79.00    72.00%    151.50   169.00   151.50   169.00      324.00   345.50   316.50   345.50   +176.50  +104.44%
       5               4  6213      聯茂                  302.00        187.50    70.95%    290.00   313.00   289.00   310.00      548.00   548.00   495.00   495.00   +185.00   +59.68%
       6               6  2351      順德                  107.50         15.50    68.46%    156.50   168.00   155.00   165.50      238.50   240.50   235.00   238.00    +72.50   +43.81%
       7               5  3055      蔚華科                  76.50         11.00    67.52%     98.20   102.00    95.70   102.00      168.00   169.50   160.50   161.00    +59.00   +57.84%
       8               8  7711      永擎                  564.00        284.50    65.45%    291.50   300.00   290.50   299.50      560.00   565.00   556.00   565.00   +265.50   +88.65%
       9               9  3532      台勝科                 298.00         92.00    58.07%    284.00   291.50   284.00   291.50      449.00   474.00   432.00   441.50   +150.00   +51.46%
      10              11  8103      瀚荃                   32.50          0.00    47.72%     73.90    75.70    73.00    75.70      120.00   132.00   119.00   132.00    +56.30   +74.37%
      11              10  3008      大立光                4955.00       3270.00    47.37%   4030.00  4355.00  4010.00  4355.00     6360.00  6370.00  6020.00  6020.00  +1665.00   +38.23%
      12              12  6706      惠特                   36.50          0.00    45.70%     98.60   106.00    97.90   106.00      148.00   160.00   140.50   145.00    +39.00   +36.79%
      13              22  2492      華新科                 224.00        129.50    41.97%    251.00   263.00   243.50   259.50      309.00   314.50   295.00   297.00    +37.50   +14.45%
      14              14  3605      宏致                   36.00         36.50    40.12%     83.00    92.60    82.70    92.60      145.00   152.50   137.50   140.00    +47.40   +51.19%
      15              21  3026      禾伸堂                 710.50        420.00    38.65%    479.50   505.00   479.50   498.00      778.00   822.00   758.00   760.00   +262.00   +52.61%
      16              17  5292      華懋                   40.50         15.50    37.79%    159.00   164.00   159.00   163.00      212.00   219.00   211.50   216.50    +53.50   +32.82%
      17              16  3450      聯鈞                  435.50        331.50    37.22%    418.00   444.50   411.00   432.00      558.00   564.00   520.00   525.00    +93.00   +21.53%
      18            1373  6949      沛爾生醫-創              540.00         59.00    36.74%    841.00   884.00   821.00   874.00       51.60    55.30    51.60    54.40   -819.60   -93.78%
      19              18  1709      和益                    0.00          0.00    36.31%     22.95    25.20    22.65    25.20       40.80    42.95    39.10    42.95    +17.75   +70.44%
      20              19  6141      柏承                    0.00          0.00    35.87%     30.40    33.40    30.15    33.40       50.60    51.40    48.50    49.50    +16.10   +48.20%
      21              23  9110      越南控-DR                0.00          0.00    35.62%      3.25     3.43     3.25     3.43        2.96     2.96     2.96     2.96     -0.47   -13.70%
      22              26  6672      騰輝電子-KY             107.00         45.00    35.46%    211.00   221.00   210.50   218.50      306.00   315.00   285.50   293.50    +75.00   +34.32%
      23              15  6271      同欣電                  62.50          9.50    35.38%    168.00   179.50   166.00   179.50      231.00   234.00   225.00   225.00    +45.50   +25.35%
      24              24  2033      佳大                    0.00          0.00    34.55%     15.20    15.75    15.20    15.75       27.95    30.85    27.80    30.85    +15.10   +95.87%
      25              13  3653      健策                 3800.00       2405.00    34.49%   3710.00  4145.00  3710.00  4145.00     5400.00  5605.00  5320.00  5355.00  +1210.00   +29.19%
      26              20  6491      晶碩                   73.50         13.50    34.05%    351.00   371.50   351.00   365.50      392.50   401.00   391.00   401.00    +35.50    +9.71%
      27              25  3016      嘉晶                   10.00          0.00    32.80%     87.00    95.40    86.10    94.80      116.00   122.00   113.50   115.50    +20.70   +21.84%
      28              29  6715      嘉基                  296.00        254.00    32.30%    342.00   360.00   339.00   348.50      406.00   432.00   391.50   394.00    +45.50   +13.06%
      29              31  3017      奇鋐                 1855.00       1260.00    31.53%   2595.00  2675.00  2560.00  2600.00     3285.00  3350.00  3175.00  3185.00   +585.00   +22.50%
      30              40  6924      榮惠-KY創               32.50          0.00    30.80%    101.50   110.00   101.50   108.50      136.00   140.00   131.00   132.00    +23.50   +21.66%
      31              30  2357      華碩                  412.00        267.00    30.72%    781.00   816.00   781.00   806.00      943.00   967.00   943.00   948.00   +142.00   +17.62%
      32              35  6782      視陽                   58.50         10.50    30.51%    186.00   190.00   186.00   190.00      235.00   250.00   232.50   249.00    +59.00   +31.05%
      33              43  2301      光寶科                 135.00         42.50    30.42%    233.50   252.00   233.00   252.00      282.00   282.50   277.00   278.00    +26.00   +10.32%
      34            1372  2321      東訊                    0.00          0.00    30.24%     14.55    16.10    14.55    15.00          --       --       --       --        --        --
      35              39  2305      全友                    0.00          0.00    30.06%     31.65    33.20    31.45    32.60       52.80    54.30    52.80    54.30    +21.70   +66.56%
      36              33  911608    明輝-DR                 0.00          0.00    29.80%      2.80     2.80     2.80     2.80        0.00     0.00     0.00     0.00     -2.80  -100.00%
      37              34  2382      廣達                   49.50         19.50    29.68%    291.00   305.00   291.00   300.50      341.50   346.00   340.00   344.00    +43.50   +14.48%
      38              56  2303      聯電                   24.50          0.00    29.59%    118.50   120.00   115.50   118.50      144.50   149.50   142.50   147.50    +29.00   +24.47%
      39              50  6805      富世達                1500.00       1060.00    29.23%   1490.00  1615.00  1490.00  1590.00     2095.00  2200.00  2080.00  2090.00   +500.00   +31.45%
      40              48  4770      上品                   59.00         10.50    28.99%    213.00   215.50   212.00   212.00      223.50   242.50   223.50   242.00    +30.00   +14.15%
==========================================================================================================================================================================
✅ 共 40 筆


══════════════════════════════════════════════════════════════════════════════════════════════════════════════
  🔄 第 10/30 次  2026/08/03 ～ 2026/09/16
══════════════════════════════════════════════════════════════════════════════════════════════════════════════

==========================================================================================================================================================================
📊 動能效率優先權分數排名 (2026/08/03 ~ 2026/09/16)
==========================================================================================================================================================================
    實資排名          累計天數排名  代號        名稱                 累計漲停(元)       累計跌停(元)       強度%  (08/03)開盤      最高      最低      收盤    (09/16)開盤      最高      最低      收盤      賺賠    賺賠率
--------------------------------------------------------------------------------------------------------------------------------------------------------------------------
       1               1  3406      玉晶光                 848.00        364.00   100.00%    471.00   494.50   466.00   488.00      950.00  1005.00   941.00  1005.00   +517.00  +105.94%
       2               2  2351      順德                  118.50         15.50    86.19%    142.50   159.50   142.50   156.50      254.00   256.00   231.00   236.00    +79.50   +50.80%
       3               4  7788      松川精密                206.50         89.00    85.51%    187.50   200.00   185.00   192.50      283.50   299.00   279.50   292.00    +99.50   +51.69%
       4               3  6213      聯茂                  328.00        132.50    84.06%    289.00   289.00   285.00   289.00      525.00   555.00   514.00   550.00   +261.00   +90.31%
       5               6  6426      統新                  188.00         45.00    78.00%    150.50   165.00   150.50   158.00      303.00   330.00   303.00   330.00   +172.00  +108.86%
       6               5  3055      蔚華科                  76.50         11.00    71.35%     87.80    95.00    87.80    93.10      161.00   167.00   158.00   164.00    +70.90   +76.15%
       7               8  6933      AMAX-KY             230.50         79.00    64.13%    147.00   162.00   144.50   154.00      286.00   314.50   282.50   314.50   +160.50  +104.22%
       8               7  7711      永擎                  513.00        284.50    61.59%    292.00   300.00   289.50   293.50      472.00   514.00   472.00   514.00   +220.50   +75.13%
       9               9  3532      台勝科                 298.00         92.00    57.64%    254.00   276.00   254.00   265.00      409.00   447.00   409.00   440.00   +175.00   +66.04%
      10              13  2492      華新科                 245.50        119.00    50.39%    226.50   239.50   226.50   239.50      304.00   307.50   295.50   307.50    +68.00   +28.39%
      11              15  3026      禾伸堂                 720.00        408.00    47.97%    430.00   480.00   430.00   459.50      740.00   786.00   720.00   772.00   +312.50   +68.01%
      12              17  6706      惠特                   36.50          0.00    47.01%     94.90   103.00    94.80    98.30      143.50   149.00   140.50   147.00    +48.70   +49.54%
      13              12  6672      騰輝電子-KY             120.50         34.50    46.44%    198.00   215.00   196.50   211.50      295.50   306.00   290.00   304.00    +92.50   +43.74%
      14              11  3450      聯鈞                  472.50        315.50    46.28%    383.00   409.00   382.00   409.00      503.00   541.00   498.50   541.00   +132.00   +32.27%
      15              10  6715      嘉基                  327.00        254.00    43.47%    300.00   342.00   300.00   342.00      354.00   393.00   339.50   393.00    +51.00   +14.91%
      16              25  2481      強茂                   40.00          0.00    43.01%    117.00   129.00   116.50   129.00      154.50   168.50   154.00   168.50    +39.50   +30.62%
      17              20  3605      宏致                   36.00         36.50    41.34%     78.60    86.50    78.10    84.20      130.00   140.00   129.00   140.00    +55.80   +66.27%
      18              16  2464      盟立                   66.50         55.00    40.54%    134.50   147.50   134.00   147.50      177.00   184.50   176.00   183.00    +35.50   +24.07%
      19              14  3653      健策                 4010.00       2405.00    40.06%   3695.00  3785.00  3655.00  3770.00     5320.00  5540.00  5210.00  5240.00  +1470.00   +38.99%
      20            1374  6949      沛爾生醫-創              588.00         59.00    38.92%    800.00   856.00   799.00   844.00       50.50    53.30    50.00    53.10   -790.90   -93.71%
      21              23  3017      奇鋐                 2075.00       1260.00    38.59%   2400.00  2550.00  2400.00  2550.00     3115.00  3225.00  3100.00  3175.00   +625.00   +24.51%
      22              29  3008      大立光                4955.00       3140.00    37.61%   3970.00  4030.00  3910.00  3960.00     6160.00  6415.00  6150.00  6225.00  +2265.00   +57.20%
      23              19  6271      同欣電                  62.50          9.50    37.57%    158.00   169.00   157.00   168.00      224.50   228.00   221.00   228.00    +60.00   +35.71%
      24              18  6491      晶碩                  105.50         13.50    37.51%    336.00   356.00   331.00   356.00      389.50   396.50   382.50   393.00    +37.00   +10.39%
      25              24  6805      富世達                1575.00       1060.00    36.59%   1340.00  1485.00  1340.00  1470.00     2035.00  2070.00  2010.00  2045.00   +575.00   +39.12%
      26              21  3016      嘉晶                   10.00          0.00    35.54%     77.50    87.80    77.50    87.80      110.50   116.00   107.50   115.50    +27.70   +31.55%
      27              37  5292      華懋                   40.50         15.50    34.94%    159.50   166.00   155.50   161.00      208.00   216.50   208.00   209.00    +48.00   +29.81%
      28              36  6141      柏承                    0.00          0.00    34.89%     30.10    31.30    29.05    30.40       48.25    50.80    48.20    49.90    +19.50   +64.14%
      29              22  4576      大銀微系統                71.50         51.50    34.23%    176.00   198.50   176.00   197.00      230.00   234.50   228.00   233.00    +36.00   +18.27%
      30              32  8996      高力                 1130.00        755.00    33.93%    889.00   940.00   888.00   940.00     1230.00  1300.00  1230.00  1300.00   +360.00   +38.30%
      31              39  9110      越南控-DR                0.00          0.00    33.61%      0.00     0.00     0.00     0.00        0.00     0.00     0.00     0.00        --        --
      32              27  6781      AES-KY              487.00        411.00    33.20%    912.00   983.00   905.00   964.00     1000.00  1010.00   992.00  1005.00    +41.00    +4.25%
      33              40  8103      瀚荃                   20.50          0.00    33.11%     71.60    75.30    71.60    73.90      114.50   124.00   113.50   120.00    +46.10   +62.38%
      34              30  2478      大毅                   32.50          0.00    33.00%    108.00   119.00   107.50   118.00      118.00   120.00   116.50   120.00     +2.00    +1.69%
      35              42  1709      和益                    0.00          0.00    32.19%     23.20    23.55    22.70    22.95       35.95    39.05    35.90    39.05    +16.10   +70.15%
      36              26  2313      華通                   84.50         34.50    32.16%    170.00   185.50   169.50   185.50      221.50   225.00   216.00   225.00    +39.50   +21.29%
      37            1370  2321      東訊                    0.00          0.00    32.06%     13.25    14.70    13.25    14.70          --       --       --       --        --        --
      38              72  2301      光寶科                 155.50         42.50    31.93%    229.50   229.50   229.50   229.50      273.00   279.00   271.00   277.00    +47.50   +20.70%
      39              65  6924      榮惠-KY創               32.50          0.00    31.92%    103.00   103.00    99.80   100.00      128.00   135.00   128.00   135.00    +35.00   +35.00%
      40              33  2493      揚博                  101.50         69.00    30.20%    184.00   200.00   180.00   200.00      173.00   188.00   170.50   188.00    -12.00    -6.00%
==========================================================================================================================================================================
✅ 共 40 筆


══════════════════════════════════════════════════════════════════════════════════════════════════════════════
  🔄 第 11/30 次  2026/07/31 ～ 2026/09/15
══════════════════════════════════════════════════════════════════════════════════════════════════════════════

==========================================================================================================================================================================
📊 動能效率優先權分數排名 (2026/07/31 ~ 2026/09/15)
==========================================================================================================================================================================
    實資排名          累計天數排名  代號        名稱                 累計漲停(元)       累計跌停(元)       強度%  (07/31)開盤      最高      最低      收盤    (09/15)開盤      最高      最低      收盤      賺賠    賺賠率
--------------------------------------------------------------------------------------------------------------------------------------------------------------------------
       1               1  2351      順德                  130.50          0.00   100.00%    146.50   146.50   141.00   145.50      252.50   256.00   244.00   251.50   +106.00   +72.85%
       2               2  3406      玉晶光                 791.50        364.00    96.72%    480.00   485.00   471.00   481.00      944.00   973.00   906.00   915.00   +434.00   +90.23%
       3               3  7788      松川精密                211.00         89.00    86.32%    190.50   190.50   183.00   189.50      280.00   291.50   279.50   280.50    +91.00   +48.02%
       4               4  6213      聯茂                  320.50        132.50    81.44%    263.00   263.00   263.00   263.00      514.00   531.00   511.00   519.00   +256.00   +97.34%
       5               5  6426      統新                  171.50         45.00    71.80%    151.00   151.00   148.00   151.00      306.00   312.00   298.00   300.00   +149.00   +98.68%
       6               8  6933      AMAX-KY             214.50         79.00    60.10%    150.00   151.00   143.50   150.00      310.50   312.00   280.50   286.00   +136.00   +90.67%
       7               7  3055      蔚華科                  76.50         11.00    57.92%    102.50   102.50    88.10    90.40      161.00   162.50   156.50   157.50    +67.10   +74.23%
       8               6  7711      永擎                  482.00        284.50    54.41%    291.00   293.00   287.00   292.50      461.00   473.00   438.00   468.00   +175.50   +60.00%
       9              10  2492      華新科                 265.00        119.00    51.27%    218.00   218.00   218.00   218.00      305.50   315.50   300.00   300.00    +82.00   +37.61%
      10               9  6672      騰輝電子-KY             124.50         34.50    47.05%    195.00   199.00   191.00   198.00      294.50   303.50   289.50   291.00    +93.00   +46.97%
      11              23  3026      禾伸堂                 696.50        408.00    46.18%    470.00   470.00   416.50   450.00      744.00   749.00   721.00   726.00   +276.00   +61.33%
      12              11  3450      聯鈞                  457.50        315.50    44.85%    372.00   372.00   364.50   372.00      506.00   524.00   492.00   492.50   +120.50   +32.39%
      13              13  2464      盟立                   78.50         55.00    44.23%    134.50   134.50   131.50   134.50      174.00   181.50   173.00   176.00    +41.50   +30.86%
      14              30  3532      台勝科                 265.00         92.00    43.51%    305.00   305.00   269.50   271.50      416.00   444.00   403.00   407.00   +135.50   +49.91%
      15              12  3653      健策                 4320.00       2335.00    42.64%   3440.00  3445.00  3330.00  3445.00     5735.00  5765.00  5240.00  5310.00  +1865.00   +54.14%
      16              17  6271      同欣電                  73.50          9.50    39.84%    163.50   163.50   155.00   160.00      218.50   234.00   218.50   221.00    +61.00   +38.12%
      17              22  6706      惠特                   36.50          0.00    39.71%     96.90    97.30    93.40    97.00      150.50   155.50   141.00   143.50    +46.50   +47.94%
      18              20  3017      奇鋐                 2225.00       1260.00    39.53%   2320.00  2320.00  2275.00  2320.00     3265.00  3300.00  3100.00  3115.00   +795.00   +34.27%
      19              15  6715      嘉基                  308.00        254.00    39.18%    322.00   322.50   303.00   311.00      333.50   380.00   333.50   357.50    +46.50   +14.95%
      20              24  6805      富世達                1675.00       1060.00    38.26%   1350.00  1350.00  1335.00  1350.00     2175.00  2195.00  2010.00  2025.00   +675.00   +50.00%
      21              14  4576      大銀微系統                87.50         51.50    37.82%    178.00   180.50   174.00   180.50      224.00   237.50   223.50   230.50    +50.00   +27.70%
      22              18  3008      大立光                5105.00       3140.00    37.64%   4000.00  4080.00  3880.00  4035.00     6015.00  6195.00  5930.00  6055.00  +2020.00   +50.06%
      23              16  6781      AES-KY              538.00        411.00    36.36%    904.00   924.00   901.00   916.00      998.00  1010.00   982.00   982.00    +66.00    +7.21%
      24              19  2313      華通                   99.50         34.50    34.69%    168.50   169.00   166.50   169.00      218.50   224.00   217.00   218.50    +49.50   +29.29%
      25              57  2481      強茂                   35.50          0.00    34.35%    117.50   117.50   112.50   117.50      158.00   163.50   152.00   153.50    +36.00   +30.64%
      26              27  8996      高力                 1127.00        755.00    34.26%    855.00   855.00   855.00   855.00     1245.00  1260.00  1200.00  1220.00   +365.00   +42.69%
      27              43  3605      宏致                   23.50         36.50    33.66%     84.20    85.20    77.50    79.00      124.50   129.50   122.00   127.50    +48.50   +61.39%
      28              21  2049      上銀                  158.00        100.00    33.03%    303.50   310.50   302.50   304.50      318.00   334.50   313.50   329.00    +24.50    +8.05%
      29              28  6491      晶碩                  105.50         13.50    32.95%    329.00   341.00   324.00   324.00      378.00   395.00   376.50   390.00    +66.00   +20.37%
      30              32  2421      建準                   54.00          0.00    32.55%    127.00   132.00   127.00   131.00      163.50   163.50   158.00   158.00    +27.00   +20.61%
      31              31  9110      越南控-DR                0.00          0.00    32.07%      3.15     3.28     3.15     3.28        0.00     0.00     0.00     0.00     -3.28  -100.00%
      32              35  5292      華懋                   40.50         15.50    32.03%    155.00   160.00   153.50   156.00      212.50   215.00   209.00   209.00    +53.00   +33.97%
      33              40  2059      川湖                 9430.00       4390.00    31.47%   7850.00  7850.00  7760.00  7850.00    11920.00 12075.00 11665.00 11715.00  +3865.00   +49.24%
      34              50  6533      晶心科                  70.00         13.50    30.70%    213.00   222.00   212.00   222.00      232.00   234.00   224.00   224.50     +2.50    +1.13%
      35              26  6669      緯穎                 3750.00       1235.00    30.27%   5390.00  5390.00  5300.00  5390.00     2235.00  2345.00  2235.00  2315.00  -3075.00   -57.05%
      36              77  2301      光寶科                 174.50         42.50    30.24%    209.00   209.00   209.00   209.00      281.00   286.00   273.00   274.00    +65.00   +31.10%
      37              49  6141      柏承                    0.00          0.00    30.23%     31.00    31.00    29.05    30.10       48.80    50.00    48.20    48.35    +18.25   +60.63%
      38            1369  2321      東訊                    0.00          0.00    29.58%     14.40    14.40    14.40    14.40          --       --       --       --        --        --
      39              37  3016      嘉晶                   10.00          0.00    29.38%     81.80    81.80    76.90    79.90      113.00   119.00   107.50   110.00    +30.10   +37.67%
      40            1376  6949      沛爾生醫-創              588.00         59.00    28.88%    866.00   866.00   778.00   796.00       54.80    56.00    51.00    51.40   -744.60   -93.54%
==========================================================================================================================================================================
✅ 共 40 筆


══════════════════════════════════════════════════════════════════════════════════════════════════════════════
  🔄 第 12/30 次  2026/07/30 ～ 2026/09/14
══════════════════════════════════════════════════════════════════════════════════════════════════════════════

==========================================================================================================================================================================
📊 動能效率優先權分數排名 (2026/07/30 ~ 2026/09/14)
==========================================================================================================================================================================
    實資排名          累計天數排名  代號        名稱                 累計漲停(元)       累計跌停(元)       強度%  (07/30)開盤      最高      最低      收盤    (09/14)開盤      最高      最低      收盤      賺賠    賺賠率
--------------------------------------------------------------------------------------------------------------------------------------------------------------------------
       1               1  2351      順德                  130.50          0.00   100.00%    124.00   142.50   124.00   133.50      234.00   257.00   228.50   257.00   +123.50   +92.51%
       2               2  3406      玉晶光                 791.50        344.00    65.17%    459.50   474.00   442.00   447.50     1015.00  1020.00   954.00   954.00   +506.50  +113.18%
       3               3  7711      永擎                  482.00        274.50    51.90%    279.50   284.00   273.00   277.50      478.00   478.00   478.00   478.00   +200.50   +72.25%
       4               4  6672      騰輝電子-KY             124.50         34.50    46.90%    179.50   193.00   178.00   181.00      288.50   297.50   285.00   294.50   +113.50   +62.71%
       5               5  3017      奇鋐                 2240.00       1065.00    46.05%   2055.00  2200.00  2030.00  2110.00     3255.00  3360.00  3210.00  3310.00  +1200.00   +56.87%
       6              10  6426      統新                  171.50         44.00    44.92%    147.50   152.00   135.50   137.50      295.50   327.00   293.00   312.00   +174.50  +126.91%
       7              15  7788      松川精密                211.00        101.50    44.37%    184.50   188.50   171.50   173.50      275.00   288.00   265.50   282.00   +108.50   +62.54%
       8               9  6213      聯茂                  320.50        142.00    44.24%    239.00   266.00   237.00   239.50      492.00   521.00   482.00   515.00   +275.50  +115.03%
       9               7  6706      惠特                   36.50          0.00    43.50%     89.00    94.70    87.80    88.50      135.00   151.00   133.00   151.00    +62.50   +70.62%
      10               6  2464      盟立                   78.50         55.00    42.94%    121.00   135.00   118.50   122.50      184.50   184.50   175.00   175.50    +53.00   +43.27%
      11              11  6271      同欣電                  73.50          9.50    38.26%    146.50   154.50   142.00   149.00      216.00   223.00   214.00   220.00    +71.00   +47.65%
      12               8  3055      蔚華科                  76.50         21.30    38.02%     94.00   103.00    93.20    93.20      149.50   159.50   148.50   159.50    +66.30   +71.14%
      13              36  2481      強茂                   35.50          0.00    36.50%    107.00   115.00   105.50   107.00      148.00   164.00   146.00   159.00    +52.00   +48.60%
      14              23  6933      AMAX-KY             214.50         70.00    36.24%    146.50   148.50   135.00   137.50      304.50   334.50   294.00   305.50   +168.00  +122.18%
      15              18  2421      建準                   54.00          0.00    35.58%    123.50   126.00   119.50   120.50      161.00   165.00   161.00   163.00    +42.50   +35.27%
      16              24  2492      華新科                 265.00        141.00    34.43%    204.00   220.50   198.50   198.50      303.00   309.50   291.00   305.50   +107.00   +53.90%
      17              38  3532      台勝科                 265.00        122.50    33.86%    277.50   294.00   277.50   277.50      410.00   419.00   400.00   416.00   +138.50   +49.91%
      18              12  6924      榮惠-KY創               32.50          0.00    33.00%     97.60    99.40    94.80    97.00      142.00   144.00   136.00   142.50    +45.50   +46.91%
      19              39  6533      晶心科                  70.00         13.50    32.69%    197.50   211.50   194.50   202.00      230.00   240.00   230.00   232.00    +30.00   +14.85%
      20              14  9110      越南控-DR                0.00          0.00    32.47%      3.01     3.15     3.00     3.15        3.03     3.03     3.03     3.03     -0.12    -3.81%
      21              54  2301      光寶科                 174.50         42.50    32.03%    185.00   198.00   179.00   190.00      273.50   281.50   272.00   277.50    +87.50   +46.05%
      22              16  3443      創意                 4160.00       1595.00    31.79%   3175.00  3620.00  3175.00  3460.00     5995.00  6575.00  5850.00  6400.00  +2940.00   +84.97%
      23              26  3450      聯鈞                  457.50        325.00    31.61%    345.50   377.00   330.00   338.50      490.00   535.00   489.00   509.00   +170.50   +50.37%
      24              32  2059      川湖                 9430.00       4115.00    31.56%   7035.00  7410.00  6840.00  7140.00    11900.00 12025.00 11785.00 11990.00  +4850.00   +67.93%
      25              13  3653      健策                 4320.00       2000.00    31.34%   3150.00  3330.00  3100.00  3135.00     5580.00  5920.00  5500.00  5820.00  +2685.00   +85.65%
      26              21  6141      柏承                    0.00          0.00    31.20%     27.70    31.05    27.70    29.25       48.70    49.90    47.80    48.80    +19.55   +66.84%
      27              50  3605      宏致                   23.50         36.50    31.03%     82.00    83.40    77.50    78.30      120.00   127.00   118.00   126.50    +48.20   +61.56%
      28              31  6278      台表科                  58.00          0.00    30.98%    134.00   140.50   128.00   130.50      182.00   187.00   179.50   185.50    +55.00   +42.15%
      29              20  3008      大立光                5045.00       3275.00    30.90%   3865.00  4030.00  3670.00  3715.00     6395.00  6420.00  5995.00  5995.00  +2280.00   +61.37%
      30              29  5292      華懋                   40.50         15.50    30.00%    162.00   162.00   151.00   151.00      226.00   226.00   213.50   215.50    +64.50   +42.72%
      31              25  2049      上銀                  158.00        100.00    29.87%    294.00   299.00   279.00   283.00      349.50   350.00   323.50   323.50    +40.50   +14.31%
      32              17  3016      嘉晶                   10.00          0.00    29.86%     74.90    80.50    72.70    74.40      104.00   117.00   102.00   112.50    +38.10   +51.21%
      33              19  3037      欣興                  634.00        395.00    29.71%    670.00   756.00   653.00   716.00      947.00   979.00   932.00   970.00   +254.00   +35.47%
      34              35  6491      晶碩                  105.50         13.50    29.39%    317.50   324.00   314.00   321.50      367.50   381.50   363.50   381.50    +60.00   +18.66%
      35              64  6805      富世達                1675.00        955.00    29.16%   1240.00  1295.00  1205.00  1230.00     2095.00  2210.00  2085.00  2165.00   +935.00   +76.02%
      36              41  3026      禾伸堂                 696.50        455.00    29.15%    427.50   442.00   427.50   427.50      730.00   757.00   717.00   731.00   +303.50   +70.99%
      37             420  2321      東訊                    0.00          0.00    28.80%     14.80    14.80    14.80    14.80          --       --       --       --        --        --
      38              28  2478      大毅                   32.50          0.00    28.17%    102.50   108.50    97.90    99.90      115.50   121.00   114.00   119.00    +19.10   +19.12%
      39              42  6715      嘉基                  296.50        280.00    26.90%    291.00   323.50   290.00   294.50      313.50   351.00   312.00   346.00    +51.50   +17.49%
      40              34  2033      佳大                    0.00          0.00    26.51%     14.95    15.00    14.65    14.65       28.15    29.90    26.00    26.65    +12.00   +81.91%
==========================================================================================================================================================================
✅ 共 40 筆


══════════════════════════════════════════════════════════════════════════════════════════════════════════════
  🔄 第 13/30 次  2026/07/29 ～ 2026/09/11
══════════════════════════════════════════════════════════════════════════════════════════════════════════════

==========================================================================================================================================================================
📊 動能效率優先權分數排名 (2026/07/29 ~ 2026/09/11)
==========================================================================================================================================================================
    實資排名          累計天數排名  代號        名稱                 累計漲停(元)       累計跌停(元)       強度%  (07/29)開盤      最高      最低      收盤    (09/11)開盤      最高      最低      收盤      賺賠    賺賠率
--------------------------------------------------------------------------------------------------------------------------------------------------------------------------
       1               1  3406      玉晶光                 791.50        254.00   100.00%    491.50   491.50   452.50   466.50     1020.00  1140.00  1000.00  1060.00   +593.50  +127.22%
       2               2  7711      永擎                  482.00        221.50    94.87%    287.50   293.50   270.50   282.00      531.00   531.00   531.00   531.00   +249.00   +88.30%
       3               4  2351      順德                  107.50         14.00    80.76%    145.00   145.50   130.50   130.50      226.50   237.50   226.50   234.00   +103.50   +79.31%
       4               3  2464      盟立                   78.50         42.00    79.39%    131.00   134.00   118.00   123.00      187.00   192.00   183.00   188.50    +65.50   +53.25%
       5              24  6933      AMAX-KY             214.50         55.50    63.51%    159.00   161.50   142.00   148.00      333.00   333.00   315.00   320.00   +172.00  +116.22%
       6              11  2421      建準                   54.00          0.00    61.14%    129.50   130.00   118.50   124.50      161.00   166.50   160.00   164.50    +40.00   +32.13%
       7               5  6924      榮惠-KY創               32.50          0.00    60.82%     99.60    99.80    90.80    99.80      141.00   141.50   139.00   141.50    +41.70   +41.78%
       8               6  9110      越南控-DR                0.00          0.00    60.45%      3.14     3.16     3.04     3.14        2.92     2.95     2.92     2.94     -0.20    -6.37%
       9               8  5292      華懋                   40.50         15.50    58.01%    160.00   160.00   150.00   155.50      216.00   219.00   216.00   217.00    +61.50   +39.55%
      10              30  6533      晶心科                  70.00         13.50    57.76%    206.50   206.50   187.50   198.00      239.00   239.50   231.00   232.50    +34.50   +17.42%
      11              19  6426      統新                  161.50         58.00    57.66%    162.00   167.50   146.50   148.50      317.50   326.50   295.50   302.00   +153.50  +103.37%
      12              44  7788      松川精密                211.00        111.50    57.45%    199.50   199.50   180.00   186.00      302.00   304.50   286.50   286.50   +100.50   +54.03%
      13               7  3017      奇鋐                 2240.00       1150.00    57.14%   2225.00  2245.00  2020.00  2095.00     3360.00  3390.00  3300.00  3370.00  +1275.00   +60.86%
      14              12  3008      大立光                5045.00       2660.00    55.79%   3905.00  4010.00  3685.00  3850.00     6520.00  6900.00  6420.00  6660.00  +2810.00   +72.99%
      15              20  6213      聯茂                  320.50        169.50    55.55%    275.00   277.50   249.00   249.00      503.00   537.00   501.00   509.00   +260.00  +104.42%
      16              15  6141      柏承                    0.00          0.00    55.38%     32.45    32.70    29.25    30.70       53.40    54.30    51.00    51.00    +20.30   +66.12%
      17             437  2301      光寶科                 174.50         42.50    55.26%    194.50   197.50   176.50   185.00      283.00   283.00   272.00   277.00    +92.00   +49.73%
      18              43  3605      宏致                   23.50         36.50    53.83%     86.00    87.40    78.80    82.50      125.00   127.00   122.00   122.50    +40.00   +48.48%
      19              70  2321      東訊                    0.00          0.00    53.77%      0.00     0.00     0.00     0.00          --       --       --       --        --        --
      20              17  6706      惠特                   23.00          0.00    53.30%    102.00   103.00    91.80    94.10      123.50   137.50   122.50   137.50    +43.40   +46.12%
      21              13  2033      佳大                    0.00          0.00    53.24%     14.70    15.00    14.60    15.00       29.50    29.50    27.70    28.40    +13.40   +89.33%
      22              10  911608    明輝-DR                 0.00          0.00    52.68%      2.47     2.70     2.47     2.70        2.66     2.73     2.66     2.72     +0.02    +0.74%
      23              37  2492      華新科                 265.00        165.50    52.01%    234.50   234.50   220.50   220.50      320.50   340.00   310.00   311.50    +91.00   +41.27%
      24              35  3532      台勝科                 265.00        156.50    51.08%    337.00   339.50   308.00   308.00      409.50   423.50   406.50   423.00   +115.00   +37.34%
      25              14  6214      精誠                   40.00          0.00    50.54%    144.50   147.00   140.50   144.00      188.00   190.50   187.00   188.50    +44.50   +30.90%
      26              25  6278      台表科                  58.00          0.00    50.26%    144.50   146.50   130.50   136.50      186.00   189.00   183.50   186.50    +50.00   +36.63%
      27              31  1597      直得                   44.50         13.50    50.02%    116.00   119.50   106.00   109.50      143.50   151.50   142.50   147.00    +37.50   +34.25%
      28              21  6672      騰輝電子-KY             124.50         48.50    49.82%    204.00   204.00   180.00   185.50      291.50   303.00   291.00   292.00   +106.50   +57.41%
      29              40  2395      研華                  287.00        154.00    48.61%    549.00   565.00   529.00   550.00      655.00   695.00   650.00   674.00   +124.00   +22.55%
      30              23  3055      蔚華科                  76.50         32.30    48.31%    113.50   114.50   103.50   103.50      158.50   162.00   148.00   154.50    +51.00   +49.28%
      31              28  6491      晶碩                   91.50         13.50    47.81%    325.00   330.00   309.00   322.00      366.00   369.00   359.00   367.50    +45.50   +14.13%
      32              22  3653      健策                 4265.00       2060.00    47.49%   3360.00  3510.00  3230.00  3310.00     5650.00  5875.00  5615.00  5765.00  +2455.00   +74.17%
      33               9  3229      晟鈦                    0.00          0.00    47.43%     39.00    39.75    37.50    38.25       61.30    67.50    61.20    67.50    +29.25   +76.47%
      34              26  2376      技嘉                   81.50         60.50    47.15%    331.00   336.00   315.50   321.50      343.50   350.50   342.50   349.00    +27.50    +8.55%
      35              41  1709      和益                    0.00          0.00    46.07%     24.45    24.80    23.55    24.00       35.30    36.80    34.70    36.20    +12.20   +50.83%
      36              36  3450      聯鈞                  457.50        365.50    45.23%    405.00   405.50   364.50   364.50      505.00   518.00   505.00   512.00   +147.50   +40.47%
      37              34  4576      大銀微系統                87.50         49.00    45.00%    182.50   189.50   168.00   176.00      234.00   250.00   232.50   242.00    +66.00   +37.50%
      38              46  1519      華城                  238.00        129.00    44.66%    679.00   680.00   640.00   668.00      708.00   713.00   704.00   712.00    +44.00    +6.59%
      39              53  6271      同欣電                  73.50         26.00    44.63%    165.50   165.50   149.00   149.00      222.00   226.00   219.00   220.00    +71.00   +47.65%
      40              45  7740      熙特爾-創                26.50         29.00    44.58%    142.50   147.50   140.00   145.00      123.00   135.00   123.00   129.00    -16.00   -11.03%
==========================================================================================================================================================================
✅ 共 40 筆


══════════════════════════════════════════════════════════════════════════════════════════════════════════════
  🔄 第 14/30 次  2026/07/28 ～ 2026/09/10
══════════════════════════════════════════════════════════════════════════════════════════════════════════════

==========================================================================================================================================================================
📊 動能效率優先權分數排名 (2026/07/28 ~ 2026/09/10)
==========================================================================================================================================================================
    實資排名          累計天數排名  代號        名稱                 累計漲停(元)       累計跌停(元)       強度%  (07/28)開盤      最高      最低      收盤    (09/10)開盤      最高      最低      收盤      賺賠    賺賠率
--------------------------------------------------------------------------------------------------------------------------------------------------------------------------
       1               1  3406      玉晶光                 791.50        278.50   100.00%    501.00   502.00   482.50   482.50     1120.00  1125.00  1040.00  1070.00   +587.50  +121.76%
       2               4  7711      永擎                  482.00        179.50    86.33%    299.50   299.50   285.00   285.00      598.00   615.00   583.00   590.00   +305.00  +107.02%
       3               2  6933      AMAX-KY             214.50         39.50    84.57%    156.00   164.50   153.00   157.00      348.00   354.00   331.50   336.00   +179.00  +114.01%
       4              11  6426      統新                  161.50         38.00    76.83%    161.50   175.50   160.50   162.50      311.00   328.00   303.00   322.00   +159.50   +98.15%
       5               9  6533      晶心科                  70.00          0.00    73.05%    208.50   217.50   202.00   204.50      253.50   255.00   245.00   246.00    +41.50   +20.29%
       6               3  9110      越南控-DR                0.00          0.00    72.99%      3.15     3.15     3.03     3.15        0.00     0.00     0.00     0.00     -3.15  -100.00%
       7               5  6924      榮惠-KY創               20.00          0.00    71.52%    102.50   102.50    98.00   100.00      124.50   130.00   124.00   129.00    +29.00   +29.00%
       8               8  6141      柏承                    0.00          0.00    69.54%     32.70    33.65    31.80    32.50       50.40    55.50    50.40    55.40    +22.90   +70.46%
       9               7  2351      順德                  107.50         30.00    69.41%    152.00   152.50   144.50   144.50      239.00   248.00   232.50   235.50    +91.00   +62.98%
      10              16  5292      華懋                   40.50         15.50    68.71%    163.50   163.50   157.00   160.00      221.50   222.50   218.50   220.00    +60.00   +37.50%
      11              14  2421      建準                   54.00          0.00    66.52%    129.00   129.00   124.00   126.50      166.00   168.50   164.00   165.00    +38.50   +30.43%
      12              10  2033      佳大                    0.00          0.00    65.25%     15.10    15.20    14.70    14.70       27.30    28.15    27.25    27.60    +12.90   +87.76%
      13              25  2321      東訊                    0.00          0.00    65.24%     14.80    15.00    14.80    14.80          --       --       --       --        --        --
      14              21  3605      宏致                   23.50         36.50    63.95%     88.10    88.60    83.90    84.80      128.00   131.00   124.50   128.00    +43.20   +50.94%
      15              15  911608    明輝-DR                 0.00          0.00    62.55%      0.00     0.00     0.00     0.00        2.70     2.70     2.69     2.70        --        --
      16              19  7788      松川精密                211.00        101.50    61.85%    201.50   203.00   195.00   196.00      324.00   330.00   300.50   308.00   +112.00   +57.14%
      17              17  3008      大立光                5045.00       2790.00    61.32%   3930.00  4125.00  3860.00  3900.00     6770.00  6875.00  6680.00  6720.00  +2820.00   +72.31%
      18              13  6214      精誠                   40.00          0.00    61.07%    142.00   144.00   141.50   143.00      187.00   188.50   186.50   187.50    +44.50   +31.12%
      19              27  2492      華新科                 265.00        170.00    58.73%    247.00   247.00   245.00   245.00      316.50   344.00   303.00   334.00    +89.00   +36.33%
      20               6  2464      盟立                   78.50         53.50    58.49%    136.00   137.50   131.00   131.00      199.00   204.50   191.50   193.50    +62.50   +47.71%
      21              18  3017      奇鋐                 2240.00       1220.00    58.02%   2285.00  2325.00  2225.00  2240.00     3405.00  3470.00  3380.00  3460.00  +1220.00   +54.46%
      22              12  3229      晟鈦                    0.00          0.00    54.62%     37.40    40.60    37.00    39.40       62.50    65.80    60.30    61.40    +22.00   +55.84%
      23              28  6213      聯茂                  320.50        190.00    54.52%    288.00   301.00   276.50   276.50      516.00   520.00   507.00   519.00   +242.50   +87.70%
      24              33  1709      和益                    0.00          0.00    54.17%     24.60    25.40    24.30    24.55       36.25    37.55    34.95    35.30    +10.75   +43.79%
      25              30  3055      蔚華科                  76.50         43.80    53.49%    120.00   122.00   113.50   114.50      147.50   164.00   145.00   160.00    +45.50   +39.74%
      26              41  3532      台勝科                 252.00        194.00    53.04%    350.00   355.50   342.00   342.00      417.00   423.00   410.00   410.00    +68.00   +19.88%
      27              24  2207      和泰車                  99.00         46.00    51.94%    498.00   505.00   497.00   500.00      522.00   529.00   521.00   528.00    +28.00    +5.60%
      28              22  3653      健策                 4265.00       2190.00    51.22%   3370.00  3450.00  3300.00  3370.00     5735.00  5885.00  5705.00  5790.00  +2420.00   +71.81%
      29              23  3026      禾伸堂                 696.50        493.50    50.23%    527.00   527.00   527.00   527.00      763.00   826.00   730.00   803.00   +276.00   +52.37%
      30              20  3543      州巧                    0.00          0.00    49.26%     27.85    28.30    27.00    27.00       42.85    43.35    42.15    42.15    +15.15   +56.11%
      31              32  1468      昶和                    0.00          0.00    49.15%     13.10    13.10    13.00    13.10       13.30    13.45    13.00    13.40     +0.30    +2.29%
      32              26  6921      嘉雨思-創                 0.00          0.00    48.98%     62.90    63.20    60.50    61.20       63.00    63.00    63.00    63.00     +1.80    +2.94%
      33              66  7740      熙特爾-創                26.50         29.00    48.80%    146.00   147.00   139.00   140.50      134.00   134.00   129.50   132.00     -8.50    -6.05%
      34              34  3450      聯鈞                  457.50        387.50    48.48%    411.00   429.00   403.50   405.00      516.00   530.00   511.00   523.00   +118.00   +29.14%
      35              36  2357      華碩                  490.00        262.00    48.11%    748.00   763.00   734.00   735.00      982.00   989.00   972.00   989.00   +254.00   +34.56%
      36              29  6431      光麗-KY                 0.00          0.00    48.08%     16.65    16.95    16.50    16.70       18.90    19.00    18.20    18.25     +1.55    +9.28%
      37              38  6805      富世達                1660.00       1105.00    48.00%   1350.00  1400.00  1335.00  1340.00     2260.00  2310.00  2155.00  2190.00   +850.00   +63.43%
      38              37  3016      嘉晶                   10.00          0.00    47.76%     87.80    89.00    84.80    84.80       99.30   110.00    99.30   110.00    +25.20   +29.72%
      39              31  6672      騰輝電子-KY             124.50         70.00    47.49%    213.00   213.00   199.00   199.50      296.00   306.00   294.00   299.00    +99.50   +49.87%
      40              50  2603      長榮                   12.50         15.00    46.53%    203.00   203.00   199.00   200.00      232.50   235.00   228.00   231.00    +31.00   +15.50%
==========================================================================================================================================================================
✅ 共 40 筆


══════════════════════════════════════════════════════════════════════════════════════════════════════════════
  🔄 第 15/30 次  2026/07/27 ～ 2026/09/09
══════════════════════════════════════════════════════════════════════════════════════════════════════════════

==========================================================================================================================================================================
📊 動能效率優先權分數排名 (2026/07/27 ~ 2026/09/09)
==========================================================================================================================================================================
    實資排名          累計天數排名  代號        名稱                 累計漲停(元)       累計跌停(元)       強度%  (07/27)開盤      最高      最低      收盤    (09/09)開盤      最高      最低      收盤      賺賠    賺賠率
--------------------------------------------------------------------------------------------------------------------------------------------------------------------------
       1               1  3406      玉晶光                 801.50        238.50   100.00%    509.00   522.00   508.00   517.00     1030.00  1110.00   980.00  1110.00   +593.00  +114.70%
       2               2  6933      AMAX-KY             214.50         39.50    80.33%    167.00   167.50   160.50   161.00      320.50   338.00   310.50   338.00   +177.00  +109.94%
       3               4  7711      永擎                  482.00        159.50    80.09%    291.00   302.50   290.00   302.00      594.00   617.00   575.00   610.00   +308.00  +101.99%
       4               3  6533      晶心科                  70.00          0.00    71.87%    216.50   217.00   207.00   213.50      257.50   258.00   253.00   253.50    +40.00   +18.74%
       5              19  6426      統新                  161.50         38.00    65.34%    164.00   172.00   158.50   171.50      305.50   324.50   288.00   321.00   +149.50   +87.17%
       6               5  9110      越南控-DR                0.00          0.00    64.68%      3.15     3.15     3.15     3.15        2.82     2.96     2.80     2.96     -0.19    -6.03%
       7               6  2351      順德                  107.50         30.00    63.94%    159.50   164.00   154.00   160.50      228.00   240.00   225.50   237.50    +77.00   +47.98%
       8              13  5292      華懋                   40.50         15.50    62.10%    164.50   167.00   164.00   166.50      215.00   225.00   214.50   223.50    +57.00   +34.23%
       9              12  2421      建準                   54.00          0.00    60.38%    132.00   132.00   128.00   131.50      165.50   169.00   160.00   167.50    +36.00   +27.38%
      10               8  3008      大立光                5215.00       2640.00    59.56%   4005.00  4150.00  3905.00  4090.00     6660.00  6930.00  6550.00  6870.00  +2780.00   +67.97%
      11              17  7788      松川精密                211.00         89.00    58.93%    207.00   213.50   204.00   207.50      304.50   320.50   304.50   320.50   +113.00   +54.46%
      12              11  2321      東訊                    0.00          0.00    58.03%     14.95    15.00    14.95    15.00       14.80    15.10    14.80    15.10     +0.10    +0.67%
      13              23  3605      宏致                   23.50         36.50    57.31%     90.00    92.70    89.60    91.00      123.00   134.50   121.50   129.50    +38.50   +42.31%
      14               9  2033      佳大                    0.00          0.00    57.27%     15.30    15.30    15.10    15.30       25.45    27.85    25.45    27.30    +12.00   +78.43%
      15              15  6924      榮惠-KY創               20.00          0.00    56.86%    103.50   103.50   101.50   102.00      125.50   126.00   123.00   125.50    +23.50   +23.04%
      16              14  911608    明輝-DR                 0.00          0.00    55.48%      0.00     0.00     0.00     0.00        2.70     2.75     2.61     2.70        --        --
      17              10  6214      精誠                   40.00          0.00    54.92%    142.00   146.00   140.00   145.50      184.00   187.50   184.00   187.50    +42.00   +28.87%
      18              21  6141      柏承                    0.00          0.00    54.75%     36.05    37.60    34.80    34.95       49.05    52.90    49.05    50.50    +15.55   +44.49%
      19              16  3017      奇鋐                 2180.00       1220.00    53.88%   2375.00  2420.00  2310.00  2400.00     3285.00  3395.00  3265.00  3380.00   +980.00   +40.83%
      20               7  2464      盟立                   78.50         53.50    53.11%    144.00   145.50   138.00   142.50      194.50   198.00   192.00   197.50    +55.00   +38.60%
      21              33  3532      台勝科                 252.00        180.00    49.35%    372.00   380.50   357.50   379.50      412.00   425.50   401.50   424.00    +44.50   +11.73%
      22              28  6213      聯茂                  320.50        190.00    49.07%    300.50   309.00   290.00   307.00      513.00   542.00   512.00   523.00   +216.00   +70.36%
      23              18  3653      健策                 4330.00       2190.00    49.06%   3475.00  3580.00  3420.00  3525.00     5705.00  5845.00  5600.00  5760.00  +2235.00   +63.40%
      24              24  6805      富世達                1705.00       1000.00    49.05%   1410.00  1455.00  1360.00  1455.00     2170.00  2325.00  2155.00  2295.00   +840.00   +57.73%
      25              36  2492      華新科                 250.50        170.00    49.03%    270.00   272.00   247.00   272.00      319.00   323.00   312.00   319.50    +47.50   +17.46%
      26              34  1709      和益                    0.00          0.00    48.29%     26.55    27.00    25.75    25.95       33.50    36.00    33.50    35.60     +9.65   +37.19%
      27              20  3229      晟鈦                    0.00          0.00    46.82%     40.80    40.80    36.50    38.80       56.00    60.70    55.50    60.70    +21.90   +56.44%
      28              27  3450      聯鈞                  468.50        387.50    46.48%    423.50   442.00   416.00   438.00      538.00   548.00   510.00   520.00    +82.00   +18.72%
      29              37  2059      川湖                 9770.00       4635.00    45.91%   7780.00  8275.00  7675.00  8275.00    12440.00 12785.00 12285.00 12400.00  +4125.00   +49.85%
      30              26  6431      光麗-KY                 0.00          0.00    45.67%     16.65    17.00    16.65    17.00       19.25    19.50    19.00    19.20     +2.20   +12.94%
      31              22  3543      州巧                    0.00          0.00    45.50%     27.55    28.05    26.90    28.00       43.45    44.10    42.80    43.05    +15.05   +53.75%
      32              54  7740      熙特爾-創                26.50         29.00    44.51%    145.00   147.50   141.00   146.00      128.00   133.00   126.50   133.00    -13.00    -8.90%
      33              25  2207      和泰車                  99.00         46.00    44.48%    502.00   503.00   493.00   498.00      529.00   531.00   525.00   530.00    +32.00    +6.43%
      34              32  1468      昶和                    0.00          0.00    43.47%     13.10    13.20    12.85    13.15       13.35    13.45    13.10    13.45     +0.30    +2.28%
      35              30  6921      嘉雨思-創                 0.00          0.00    43.10%     64.90    67.50    64.40    64.40       63.90    63.90    63.90    63.90     -0.50    -0.78%
      36              35  6830      汎銓                  353.50        178.50    42.18%    360.00   386.00   351.50   374.50      588.00   601.00   573.00   576.00   +201.50   +53.81%
      37              47  6269      台郡                    0.00          0.00    42.16%     54.30    55.00    53.00    54.10       66.50    71.00    66.50    69.30    +15.20   +28.10%
      38              44  2887Z1    台新新光己特                0.00          0.00    42.12%     18.55    18.75    18.55    18.75       22.20    22.50    22.20    22.50     +3.75   +20.00%
      39             100  6782      視陽                   41.00         10.50    42.00%    183.50   186.00   182.00   184.50      235.50   235.50   228.50   235.00    +50.50   +27.37%
      40              51  2603      長榮                   12.50         15.00    41.69%    203.50   206.00   202.50   203.50      229.00   234.00   227.00   234.00    +30.50   +14.99%
==========================================================================================================================================================================
✅ 共 40 筆


══════════════════════════════════════════════════════════════════════════════════════════════════════════════
  🔄 第 16/30 次  2026/07/24 ～ 2026/09/08
══════════════════════════════════════════════════════════════════════════════════════════════════════════════

==========================================================================================================================================================================
📊 動能效率優先權分數排名 (2026/07/24 ~ 2026/09/08)
==========================================================================================================================================================================
    實資排名          累計天數排名  代號        名稱                 累計漲停(元)       累計跌停(元)       強度%  (07/24)開盤      最高      最低      收盤    (09/08)開盤      最高      最低      收盤      賺賠    賺賠率
--------------------------------------------------------------------------------------------------------------------------------------------------------------------------
       1               1  3406      玉晶光                 701.50        263.50   100.00%    525.00   530.00   504.00   507.00      987.00  1050.00   970.00  1010.00   +503.00   +99.21%
       2               2  6533      晶心科                  70.00          0.00    97.87%    209.00   221.00   209.00   217.00      256.50   261.50   252.50   256.00    +39.00   +17.97%
       3               3  7711      永擎                  466.00        159.50    94.83%    302.50   303.50   295.00   297.00      650.00   650.00   594.00   594.00   +297.00  +100.00%
       4               9  6933      AMAX-KY             194.00         39.50    86.61%    167.50   173.00   165.00   165.00      322.50   325.00   315.00   317.50   +152.50   +92.42%
       5               4  9110      越南控-DR                0.00          0.00    80.07%      0.00     0.00     0.00     0.00        2.98     2.98     2.98     2.98        --        --
       6               6  2321      東訊                    0.00          0.00    77.31%     14.30    15.00    14.25    15.00       14.10    14.40    13.80    13.80     -1.20    -8.00%
       7              13  5292      華懋                   40.50         15.50    77.17%    164.00   167.50   164.00   165.50      220.00   220.50   215.00   217.50    +52.00   +31.42%
       8               7  2351      順德                   97.50         30.00    75.06%    162.50   168.00   158.00   161.00      233.50   235.00   218.00   227.50    +66.50   +41.30%
       9              16  6426      統新                  147.50         38.00    74.77%    166.00   180.00   160.50   164.00      316.50   325.50   297.50   307.00   +143.00   +87.20%
      10              11  6924      榮惠-KY創               20.00          0.00    74.02%    103.50   103.50   102.50   103.00      127.00   130.00   123.50   125.50    +22.50   +21.84%
      11              14  2421      建準                   54.00          0.00    73.53%    132.50   134.50   129.50   130.00      172.00   172.00   165.50   168.00    +38.00   +29.23%
      12               8  911608    明輝-DR                 0.00          0.00    73.20%      2.73     2.75     2.67     2.75        2.69     2.70     2.58     2.70     -0.05    -1.82%
      13              19  3605      宏致                   23.50         36.50    71.81%     92.00    95.10    89.80    91.00      122.00   132.50   120.00   124.00    +33.00   +36.26%
      14              10  2033      佳大                    0.00          0.00    71.24%     15.20    15.40    15.05    15.40       25.70    26.30    25.00    25.45    +10.05   +65.26%
      15               5  2464      盟立                   78.50         53.50    69.23%    146.00   151.00   143.50   146.50      206.00   210.00   192.00   194.50    +48.00   +32.76%
      16              15  3008      大立光                4845.00       2860.00    68.86%   4070.00  4150.00  3915.00  3920.00     6430.00  6660.00  6350.00  6500.00  +2580.00   +65.82%
      17              12  6214      精誠                   40.00          0.00    67.22%    140.50   142.00   139.00   139.50      185.00   186.00   184.00   185.00    +45.50   +32.62%
      18              22  6141      柏承                    0.00          0.00    66.81%     41.00    41.00    38.65    38.65       51.50    51.60    48.80    49.40    +10.75   +27.81%
      19              27  7788      松川精密                182.00         89.00    65.71%    228.50   229.00   205.50   207.00      300.00   304.50   285.00   291.50    +84.50   +40.82%
      20              18  6431      光麗-KY                 0.00          0.00    63.41%     16.80    17.20    16.80    17.20       19.55    19.55    19.25    19.25     +2.05   +11.92%
      21              21  3017      奇鋐                 2085.00       1280.00    62.73%   2375.00  2510.00  2355.00  2380.00     3455.00  3455.00  3245.00  3285.00   +905.00   +38.03%
      22              20  2207      和泰車                  99.00         46.00    61.34%    485.00   496.00   485.00   493.50      535.00   538.00   529.00   535.00    +41.50    +8.41%
      23              30  6669      緯穎                 3960.00       1990.00    60.36%   5395.00  5835.00  5375.00  5730.00     2455.00  2485.00  2315.00  2340.00  -3390.00   -59.16%
      24              17  3543      州巧                    0.00          0.00    60.10%     28.20    28.40    27.20    27.20       44.35    44.90    43.20    43.35    +16.15   +59.38%
      25              55  2492      華新科                 250.50        196.00    59.96%    291.50   293.00   272.50   274.00      313.00   320.00   309.50   318.50    +44.50   +16.24%
      26              28  3593      力銘                    0.00          0.00    59.01%     13.45    13.85    13.45    13.85       10.35    10.40    10.35    10.40     -3.45   -24.91%
      27              58  1709      和益                    0.00          0.00    58.99%     27.20    28.30    26.15    26.25       33.75    34.10    32.80    33.60     +7.35   +28.00%
      28              23  3653      健策                 4120.00       2470.00    58.75%   3650.00  3690.00  3365.00  3430.00     5700.00  5720.00  5480.00  5550.00  +2120.00   +61.81%
      29              24  6921      嘉雨思-創                 0.00          0.00    58.63%     64.80    64.80    63.50    64.40       64.00    64.00    62.90    62.90     -1.50    -2.33%
      30              29  1468      昶和                    0.00          0.00    58.51%     13.20    13.75    12.90    13.10       13.35    13.50    13.10    13.50     +0.40    +3.05%
      31              77  7740      熙特爾-創                26.50         29.00    58.04%    142.50   145.00   140.50   142.00      130.00   130.00   127.50   129.00    -13.00    -9.15%
      32              60  3532      台勝科                 226.00        222.00    57.88%    405.00   410.00   379.50   379.50      415.00   438.50   397.00   398.00    +18.50    +4.87%
      33              39  3450      聯鈞                  468.50        434.50    57.71%    463.00   490.00   427.00   427.00      585.00   585.00   527.00   527.00   +100.00   +23.42%
      34              31  1470      大統新創                  0.00          0.00    57.60%     22.40    22.75    22.15    22.75       24.85    24.85    23.90    23.90     +1.15    +5.05%
      35             106  6782      視陽                   41.00         10.50    57.38%    185.00   186.50   182.00   183.00      230.00   234.00   228.00   232.50    +49.50   +27.05%
      36              35  9912      偉聯                    0.00          0.00    57.29%     12.50    12.65    12.50    12.65       12.90    12.90    12.75    12.80     +0.15    +1.19%
      37              41  2887Z1    台新新光己特                0.00          0.00    57.26%     18.50    18.55    18.50    18.55       21.70    22.25    21.70    22.20     +3.65   +19.68%
      38              33  2880      華南金                   0.00          0.00    56.72%     40.10    41.35    39.95    40.70       44.50    45.25    44.10    45.15     +4.45   +10.93%
      39              37  6805      富世達                1565.00       1045.00    56.67%   1420.00  1475.00  1405.00  1410.00     2235.00  2235.00  2145.00  2155.00   +745.00   +52.84%
      40              47  2603      長榮                   12.50         15.00    56.42%    205.00   206.00   203.50   206.00      233.00   233.00   228.50   229.00    +23.00   +11.17%
==========================================================================================================================================================================
✅ 共 40 筆


══════════════════════════════════════════════════════════════════════════════════════════════════════════════
  🔄 第 17/30 次  2026/07/23 ～ 2026/09/07
══════════════════════════════════════════════════════════════════════════════════════════════════════════════

==========================================================================================================================================================================
📊 動能效率優先權分數排名 (2026/07/23 ~ 2026/09/07)
==========================================================================================================================================================================
    實資排名          累計天數排名  代號        名稱                 累計漲停(元)       累計跌停(元)       強度%  (07/23)開盤      最高      最低      收盤    (09/07)開盤      最高      最低      收盤      賺賠    賺賠率
--------------------------------------------------------------------------------------------------------------------------------------------------------------------------
       1               1  7711      永擎                  466.00         93.50   100.00%    311.00   311.00   303.00   305.50      645.00   675.00   621.00   660.00   +354.50  +116.04%
       2               2  3406      玉晶光                 678.50        263.50    91.74%    533.00   543.00   525.00   532.00     1040.00  1040.00   961.00   987.00   +455.00   +85.53%
       3               3  6933      AMAX-KY             194.00         39.50    85.78%    165.00   173.00   165.00   167.50      319.00   319.00   307.50   313.00   +145.50   +86.87%
       4               7  2421      建準                   54.00          0.00    76.89%    132.00   135.00   131.00   133.50      178.00   178.50   169.00   171.50    +38.00   +28.46%
       5               4  9110      越南控-DR                0.00          0.00    75.97%      3.15     3.15     3.13     3.15        2.95     2.99     2.95     2.99     -0.16    -5.08%
       6               6  2321      東訊                    0.00          0.00    74.59%      0.00     0.00     0.00     0.00       13.45    14.40    13.45    14.40        --        --
       7              13  5292      華懋                   40.50         15.50    73.30%    171.50   171.50   167.50   168.50      218.00   221.50   217.50   220.00    +51.50   +30.56%
       8              11  6426      統新                  136.50         38.00    73.28%    170.00   175.50   160.00   164.00      285.00   296.00   285.00   296.00   +132.00   +80.49%
       9               9  2351      順德                   97.50         30.00    73.04%    169.00   170.50   161.50   164.00      236.00   244.50   229.00   233.50    +69.50   +42.38%
      10              12  6924      榮惠-KY創               20.00          0.00    71.86%    105.50   106.50   104.00   104.50      123.50   125.00   119.00   125.00    +20.50   +19.62%
      11              15  3008      大立光                4985.00       2700.00    69.72%   4025.00  4175.00  3980.00  4140.00     7185.00  7185.00  6660.00  6660.00  +2520.00   +60.87%
      12              14  911608    明輝-DR                 0.00          0.00    69.52%      2.73     2.73     2.73     2.73        2.67     2.70     2.59     2.70     -0.03    -1.10%
      13              10  3017      奇鋐                 2260.00       1145.00    69.43%   2350.00  2490.00  2350.00  2440.00     3595.00  3595.00  3410.00  3420.00   +980.00   +40.16%
      14               8  2033      佳大                    0.00          0.00    69.17%     15.15    15.35    15.00    15.35       26.10    27.35    25.70    25.70    +10.35   +67.43%
      15               5  2464      盟立                   78.50         53.50    68.83%    151.00   152.00   145.50   148.50      213.00   213.00   202.50   203.00    +54.50   +36.70%
      16              25  3605      宏致                   23.50         36.50    68.67%     93.00    94.50    90.40    94.50      121.50   128.00   117.00   120.50    +26.00   +27.51%
      17              18  6533      晶心科                  70.00         20.50    65.09%    235.00   236.00   212.50   214.00      255.50   262.00   255.00   257.00    +43.00   +20.09%
      18              22  6141      柏承                    0.00          0.00    64.95%     43.85    46.20    39.30    42.90       51.50    52.90    51.30    51.90     +9.00   +20.98%
      19              20  3450      聯鈞                  484.00        376.50    64.63%    461.50   504.00   458.50   474.00      596.00   596.00   569.00   585.00   +111.00   +23.42%
      20              16  6214      精誠                   40.00          0.00    63.35%    143.50   143.50   139.00   141.00      186.00   186.50   184.50   185.00    +44.00   +31.21%
      21              19  6431      光麗-KY                 0.00          0.00    63.08%     16.90    17.35    16.80    17.35       20.10    20.10    19.40    19.55     +2.20   +12.68%
      22              17  3653      健策                 4330.00       2365.00    61.71%   3615.00  3820.00  3600.00  3710.00     6000.00  6000.00  5600.00  5655.00  +1945.00   +52.43%
      23              23  6805      富世達                1625.00        935.00    61.57%   1415.00  1475.00  1415.00  1455.00     2260.00  2265.00  2210.00  2265.00   +810.00   +55.67%
      24              32  7788      松川精密                182.00         73.50    60.44%    242.50   243.00   229.50   230.00      335.00   335.00   310.00   316.50    +86.50   +37.61%
      25              29  2059      川湖                 9845.00       3595.00    60.05%   8300.00  8350.00  8005.00  8200.00    14015.00 14145.00 13700.00 13905.00  +5705.00   +69.57%
      26              26  6921      嘉雨思-創                 0.00          0.00    58.67%     63.40    64.90    63.10    64.90       64.00    65.00    64.00    64.00     -0.90    -1.39%
      27              24  2207      和泰車                  99.00         46.00    58.45%    496.50   496.50   488.50   492.00      548.00   548.00   533.00   539.00    +47.00    +9.55%
      28              55  2492      華新科                 250.50        196.00    58.03%    293.00   300.00   282.00   300.00      310.00   328.00   309.50   323.00    +23.00    +7.67%
      29              27  1470      大統新創                  0.00          0.00    57.96%     22.35    22.50    22.35    22.50       24.25    24.50    24.00    24.50     +2.00    +8.89%
      30              61  8103      瀚荃                   20.50          0.00    57.89%     80.30    80.70    78.50    79.30      125.00   128.00   122.00   123.50    +44.20   +55.74%
      31              28  2357      華碩                  481.00        242.00    57.61%    759.00   773.00   759.00   769.00     1025.00  1025.00   981.00   999.00   +230.00   +29.91%
      32              51  2426      鼎元                   19.20          9.50    57.38%     59.00    63.90    58.00    61.10      106.00   109.50    99.10    99.10    +38.00   +62.19%
      33              21  3543      州巧                    0.00          0.00    57.10%     29.25    29.35    28.20    28.20       45.35    45.50    44.40    44.40    +16.20   +57.45%
      34              30  1468      昶和                    0.00          0.00    56.79%     13.15    13.65    13.05    13.40       12.80    13.60    12.70    13.50     +0.10    +0.75%
      35             155  2301      光寶科                 174.50         46.50    56.78%    220.50   228.00   214.50   218.00      314.00   314.00   297.00   299.00    +81.00   +37.16%
      36              40  6669      緯穎                 3960.00       1870.00    56.18%   5470.00  5675.00  5410.00  5470.00     2525.00  2545.00  2390.00  2490.00  -2980.00   -54.48%
      37              34  4576      大銀微系統                87.50         53.50    56.10%    200.00   201.50   193.50   199.00      250.00   258.00   245.00   247.00    +48.00   +24.12%
      38              31  1435      中福                    0.00          0.00    55.91%     19.05    21.10    19.00    21.10       21.90    22.80    21.60    22.75     +1.65    +7.82%
      39              72  1709      和益                    0.00          0.00    55.32%     28.10    28.50    27.10    27.20       34.50    34.70    33.30    34.20     +7.00   +25.74%
      40              37  9912      偉聯                    0.00          0.00    55.05%     12.65    12.65    12.45    12.50       12.80    13.25    12.75    12.90     +0.40    +3.20%
==========================================================================================================================================================================
✅ 共 40 筆


══════════════════════════════════════════════════════════════════════════════════════════════════════════════
  🔄 第 18/30 次  2026/07/22 ～ 2026/09/04
══════════════════════════════════════════════════════════════════════════════════════════════════════════════

==========================================================================================================================================================================
📊 動能效率優先權分數排名 (2026/07/22 ~ 2026/09/04)
==========================================================================================================================================================================
    實資排名          累計天數排名  代號        名稱                 累計漲停(元)       累計跌停(元)       強度%  (07/22)開盤      最高      最低      收盤    (09/04)開盤      最高      最低      收盤      賺賠    賺賠率
--------------------------------------------------------------------------------------------------------------------------------------------------------------------------
       1               3  7711      永擎                  438.00         93.50   100.00%    307.00   311.00   304.50   308.50      597.00   632.00   575.00   632.00   +323.50  +104.86%
       2               1  3406      玉晶光                 678.50        195.50    99.17%    535.00   542.00   521.00   529.00     1020.00  1070.00   962.00  1055.00   +526.00   +99.43%
       3               4  2421      建準                   54.00          0.00    90.30%    131.00   133.50   130.50   132.00      168.50   179.00   166.00   178.00    +46.00   +34.85%
       4               2  2464      盟立                   89.50         53.50    81.72%    148.50   154.00   146.00   151.00      223.50   224.00   203.00   211.00    +60.00   +39.74%
       5               5  3008      大立光                5000.00       1960.00    80.50%   4050.00  4140.00  3955.00  4000.00     7205.00  7450.00  6880.00  7400.00  +3400.00   +85.00%
       6               6  9110      越南控-DR                0.00          0.00    78.06%      3.15     3.15     3.15     3.15        2.87     3.00     2.82     3.00     -0.15    -4.76%
       7               8  2351      順德                   97.50         30.00    76.84%    169.00   172.50   164.50   168.00      230.00   239.50   226.50   239.50    +71.50   +42.56%
       8               9  5292      華懋                   40.50         15.50    76.13%    168.50   173.50   168.00   171.00      215.50   223.00   215.50   220.50    +49.50   +28.95%
       9              24  3605      宏致                   23.50         36.50    76.08%     85.90    92.80    85.60    92.80      118.50   124.50   113.50   118.00    +25.20   +27.16%
      10              17  6933      AMAX-KY             194.00         49.50    75.93%    173.00   179.50   165.00   165.00      309.00   319.00   299.00   317.00   +152.00   +92.12%
      11               7  2033      佳大                    0.00          0.00    74.15%     14.90    15.30    14.90    15.30       25.15    26.65    24.45    26.05    +10.75   +70.26%
      12              20  6426      統新                  121.50         38.00    74.04%    167.00   168.00   163.50   167.00      270.00   274.00   251.00   269.50   +102.50   +61.38%
      13              14  6924      榮惠-KY創               20.00          0.00    73.08%    105.50   107.50   105.50   106.50      113.00   123.00   112.50   123.00    +16.50   +15.49%
      14              10  2321      東訊                    0.00          0.00    72.46%     16.20    16.20    15.75    15.90       14.50    14.50    14.50    14.50     -1.40    -8.81%
      15              19  3450      聯鈞                  515.00        376.50    72.11%    450.00   469.00   448.00   458.50      574.00   585.00   554.00   580.00   +121.50   +26.50%
      16              25  7788      松川精密                192.50         55.00    71.19%    230.00   244.00   230.00   239.50      319.00   339.50   315.00   335.00    +95.50   +39.87%
      17              12  911608    明輝-DR                 0.00          0.00    70.77%      2.87     2.87     2.83     2.83        2.62     2.71     2.60     2.70     -0.13    -4.59%
      18              26  6141      柏承                    0.00          0.00    70.01%     39.85    42.40    37.50    42.00       54.00    54.00    50.60    52.50    +10.50   +25.00%
      19              27  6669      緯穎                 4460.00       1795.00    68.01%   5195.00  5500.00  5145.00  5500.00     2505.00  2570.00  2485.00  2565.00  -2935.00   -53.36%
      20             105  2301      光寶科                 185.50         46.50    67.69%    214.00   221.00   213.00   218.00      308.00   316.00   302.00   308.00    +90.00   +41.28%
      21              22  3017      奇鋐                 2260.00       1050.00    67.45%   2385.00  2390.00  2255.00  2265.00     3465.00  3570.00  3410.00  3570.00  +1305.00   +57.62%
      22              32  2426      鼎元                   19.20          9.50    67.42%     56.40    60.10    56.00    58.80       98.00   104.50    95.20   104.50    +45.70   +77.72%
      23              16  2357      華碩                  502.00        216.00    67.30%    740.00   772.00   740.00   757.00      988.00  1030.00   986.00  1025.00   +268.00   +35.40%
      24              18  6431      光麗-KY                 0.00          0.00    67.20%     17.35    17.40    16.80    17.40       19.90    20.35    19.65    19.85     +2.45   +14.08%
      25              15  6533      晶心科                  70.00         20.50    67.02%    233.50   242.00   233.50   234.50      270.00   271.00   262.00   264.00    +29.50   +12.58%
      26              11  6214      精誠                   40.00          0.00    66.80%    142.00   143.50   141.50   141.50      183.50   186.00   183.50   185.50    +44.00   +31.10%
      27              13  3653      健策                 4330.00       2145.00    66.79%   3545.00  3615.00  3405.00  3500.00     5835.00  5995.00  5725.00  5875.00  +2375.00   +67.86%
      28              29  3231      緯創                   69.00          9.50    63.62%    154.00   164.00   153.50   164.00      195.50   200.00   193.00   198.00    +34.00   +20.73%
      29              45  8103      瀚荃                   20.50          0.00    63.31%     78.40    81.10    78.30    80.00      123.00   126.00   118.50   122.50    +42.50   +53.12%
      30              21  2207      和泰車                  99.00         46.00    62.74%    490.50   496.00   490.00   492.00      521.00   539.00   521.00   539.00    +47.00    +9.55%
      31              43  2455      全新                  355.50        161.50    62.27%    308.00   324.50   306.00   324.50      548.00   548.00   492.50   528.00   +203.50   +62.71%
      32              41  2059      川湖                 9950.00       3595.00    61.71%   8370.00  8495.00  8060.00  8125.00    13890.00 14050.00 13150.00 13860.00  +5735.00   +70.58%
      33              36  1519      華城                  281.00        160.00    61.69%    696.00   711.00   696.00   705.00      730.00   755.00   724.00   746.00    +41.00    +5.82%
      34              34  4576      大銀微系統                87.50         53.50    60.40%    194.00   203.00   194.00   198.00      236.00   239.50   223.00   238.00    +40.00   +20.20%
      35              30  1470      大統新創                  0.00          0.00    60.17%     22.35    22.55    22.35    22.55       23.70    24.25    23.50    23.90     +1.35    +5.99%
      36              31  6921      嘉雨思-創                 0.00          0.00    60.04%     64.50    64.50    63.10    63.40       63.30    63.60    62.60    63.60     +0.20    +0.32%
      37              40  6830      汎銓                  377.50        176.50    60.00%    362.50   381.00   358.50   370.50      610.00   625.00   574.00   597.00   +226.50   +61.13%
      38              37  2049      上銀                  163.00         82.50    59.93%    307.50   326.50   307.50   320.50      350.00   364.00   342.00   363.00    +42.50   +13.26%
      39              23  3543      州巧                    0.00          0.00    59.86%     29.25    29.35    28.80    28.90       45.95    46.40    44.15    44.70    +15.80   +54.67%
      40              39  6278      台表科                  58.00         13.50    59.57%    170.00   172.50   167.00   167.00      196.00   202.00   194.00   200.00    +33.00   +19.76%
==========================================================================================================================================================================
✅ 共 40 筆


══════════════════════════════════════════════════════════════════════════════════════════════════════════════
  🔄 第 19/30 次  2026/07/21 ～ 2026/09/03
══════════════════════════════════════════════════════════════════════════════════════════════════════════════

==========================================================================================================================================================================
📊 動能效率優先權分數排名 (2026/07/21 ~ 2026/09/03)
==========================================================================================================================================================================
    實資排名          累計天數排名  代號        名稱                 累計漲停(元)       累計跌停(元)       強度%  (07/21)開盤      最高      最低      收盤    (09/03)開盤      最高      最低      收盤      賺賠    賺賠率
--------------------------------------------------------------------------------------------------------------------------------------------------------------------------
       1               1  3406      玉晶光                 645.50        195.50   100.00%    508.00   534.00   504.00   531.00     1060.00  1070.00   990.00   991.00   +460.00   +86.63%
       2               5  7711      永擎                  381.00         93.50    87.73%    301.00   307.00   300.50   304.00      617.00   617.00   575.00   575.00   +271.00   +89.14%
       3               2  2464      盟立                   89.50         42.50    83.22%    138.00   141.50   135.00   140.00      215.00   222.00   214.00   222.00    +82.00   +58.57%
       4               4  3450      聯鈞                  527.50        376.50    82.48%    385.00   427.50   382.50   427.50      598.00   606.00   554.00   554.00   +126.50   +29.59%
       5               6  3008      大立光                4860.00       1960.00    78.91%   3925.00  3990.00  3795.00  3985.00     7770.00  7825.00  7090.00  7150.00  +3165.00   +79.42%
       6              12  3605      宏致                   23.50         36.50    77.28%     78.00    84.40    76.20    84.40      128.00   129.50   114.50   114.50    +30.10   +35.66%
       7               9  6933      AMAX-KY             190.50         49.50    76.62%    165.00   175.00   160.50   175.00      316.00   322.00   301.50   302.00   +127.00   +72.57%
       8               3  3653      健策                 4390.00       2145.00    75.68%   3205.00  3520.00  3205.00  3520.00     5770.00  5820.00  5590.00  5615.00  +2095.00   +59.52%
       9              13  2421      建準                   40.50          0.00    72.35%    126.00   129.00   126.00   128.50      168.00   174.00   163.00   164.50    +36.00   +28.02%
      10              17  6669      緯穎                 4685.00       1795.00    72.28%   4825.00  5045.00  4825.00  5000.00     2605.00  2630.00  2475.00  2475.00  -2525.00   -50.50%
      11              11  9110      越南控-DR                0.00          0.00    72.12%      0.00     0.00     0.00     0.00        0.00     0.00     0.00     0.00        --        --
      12              51  2301      光寶科                 199.00         46.50    72.02%    194.00   207.50   192.00   207.00      321.50   325.50   296.50   299.00    +92.00   +44.44%
      13              27  2455      全新                  373.50        161.50    70.77%    283.50   298.50   281.50   295.00      541.00   555.00   520.00   525.00   +230.00   +77.97%
      14              14  2351      順德                   81.00         30.00    70.40%    157.00   164.00   157.00   163.50      234.00   235.00   222.00   223.00    +59.50   +36.39%
      15               7  2033      佳大                    0.00          0.00    70.27%     14.75    15.15    14.75    15.15       24.45    25.55    24.45    25.55    +10.40   +68.65%
      16              10  3017      奇鋐                 2175.00       1050.00    70.23%   2190.00  2340.00  2175.00  2320.00     3395.00  3525.00  3290.00  3300.00   +980.00   +42.24%
      17               8  2357      華碩                  496.00        216.00    70.09%    700.00   739.00   698.00   736.00     1020.00  1025.00   962.00   971.00   +235.00   +31.93%
      18              24  6426      統新                  121.50         38.00    70.00%    158.00   158.50   153.00   155.50      260.50   274.00   249.00   265.50   +110.00   +70.74%
      19              26  3665      貿聯-KY              1585.00       1370.00    69.17%   1850.00  2000.00  1825.00  2000.00     2170.00  2180.00  2100.00  2100.00   +100.00    +5.00%
      20              16  2321      東訊                    0.00          0.00    69.08%     15.20    15.20    15.20    15.20       15.00    15.40    14.50    14.50     -0.70    -4.61%
      21              19  6141      柏承                    0.00          0.00    68.26%     38.50    38.95    37.35    38.55       55.00    56.20    51.50    51.70    +13.15   +34.11%
      22              25  5292      華懋                   40.50         15.50    67.62%    180.00   180.00   168.00   169.50      229.50   232.00   218.00   219.00    +49.50   +29.20%
      23              15  6533      晶心科                  70.00         20.50    65.97%    238.00   241.50   228.00   234.50      264.00   273.50   263.50   264.00    +29.50   +12.58%
      24              65  6166      凌華                   63.00         55.50    65.43%    120.50   132.00   120.50   132.00      119.50   121.00   113.50   114.00    -18.00   -13.64%
      25              20  8039      台虹                  282.50        187.00    64.85%    196.00   212.00   194.00   212.00      316.00   318.50   291.00   293.00    +81.00   +38.21%
      26              21  911608    明輝-DR                 0.00          0.00    64.62%      2.85     2.85     2.79     2.79        2.71     2.74     2.57     2.72     -0.07    -2.51%
      27              23  6431      光麗-KY                 0.00          0.00    64.06%     17.20    17.20    16.75    17.20       19.30    20.00    19.25    19.80     +2.60   +15.12%
      28              33  2059      川湖                 9765.00       3595.00    62.92%   7700.00  7975.00  7380.00  7975.00    13935.00 14195.00 13255.00 13450.00  +5475.00   +68.65%
      29              36  8114      振樺電                  68.50         62.50    62.59%    185.00   201.00   185.00   201.00      198.50   199.00   189.00   189.00    -12.00    -5.97%
      30              18  6214      精誠                   40.00          0.00    62.34%    138.50   141.50   137.00   141.50      183.00   184.50   182.50   183.00    +41.50   +29.33%
      31              34  6805      富世達                1565.00        955.00    61.64%   1325.00  1425.00  1325.00  1415.00     2130.00  2170.00  2030.00  2095.00   +680.00   +48.06%
      32              52  8103      瀚荃                   20.50          0.00    61.12%     77.10    79.20    76.80    77.60      122.00   123.00   118.00   121.00    +43.40   +55.93%
      33              32  1519      華城                  281.00        160.00    60.93%    681.00   692.00   672.00   692.00      749.00   750.00   722.00   722.00    +30.00    +4.34%
      34              43  7788      松川精密                172.50         55.00    60.66%    236.50   237.50   223.00   229.00      330.00   332.00   297.50   315.00    +86.00   +37.55%
      35              35  2395      研華                  315.00        140.00    60.32%    525.00   567.00   519.00   567.00      706.00   715.00   673.00   674.00   +107.00   +18.87%
      36              30  6921      嘉雨思-創                 0.00          0.00    60.30%     59.30    65.20    59.30    63.30       61.10    63.70    61.10    63.70     +0.40    +0.63%
      37              28  3593      力銘                    0.00          0.00    59.81%     13.70    14.80    13.70    14.70       10.50    10.50    10.00    10.40     -4.30   -29.25%
      38              37  3231      緯創                   59.50          9.50    59.66%    145.00   150.50   144.50   149.50      188.00   196.00   186.50   188.50    +39.00   +26.09%
      39              45  1709      和益                    0.00          0.00    59.25%     26.40    28.60    26.30    28.10       35.15    35.90    33.20    33.45     +5.35   +19.04%
      40              22  2451      創見                  107.50         66.00    58.96%    225.00   240.00   224.50   235.00      298.50   300.00   286.00   286.00    +51.00   +21.70%
==========================================================================================================================================================================
✅ 共 40 筆


══════════════════════════════════════════════════════════════════════════════════════════════════════════════
  🔄 第 20/30 次  2026/07/20 ～ 2026/09/02
══════════════════════════════════════════════════════════════════════════════════════════════════════════════

==========================================================================================================================================================================
📊 動能效率優先權分數排名 (2026/07/20 ~ 2026/09/02)
==========================================================================================================================================================================
    實資排名          累計天數排名  代號        名稱                 累計漲停(元)       累計跌停(元)       強度%  (07/20)開盤      最高      最低      收盤    (09/02)開盤      最高      最低      收盤      賺賠    賺賠率
--------------------------------------------------------------------------------------------------------------------------------------------------------------------------
       1               1  7711      永擎                  381.00         58.50   100.00%    298.50   306.00   281.50   298.00      570.00   625.00   567.00   610.00   +312.00  +104.70%
       2               2  3406      玉晶光                 645.50        155.50    98.29%    524.00   527.00   494.00   500.00      970.00  1070.00   970.00  1050.00   +550.00  +110.00%
       3               3  6933      AMAX-KY             200.00         20.50    96.55%    156.00   167.50   146.00   163.50      314.50   331.00   309.00   331.00   +167.50  +102.45%
       4              17  2301      光寶科                 199.00         30.50    86.52%    196.00   200.00   187.50   193.50      297.00   328.00   296.50   315.00   +121.50   +62.79%
       5               8  6669      緯穎                 4750.00       1660.00    85.12%   4725.00  4845.00  4635.00  4685.00     2790.00  2875.00  2585.00  2610.00  -2075.00   -44.29%
       6               9  3665      貿聯-KY              1640.00       1300.00    84.41%   1800.00  1860.00  1685.00  1820.00     2200.00  2235.00  2165.00  2170.00   +350.00   +19.23%
       7              12  3605      宏致                   23.50         24.00    82.70%     79.30    79.30    72.50    76.80      123.50   134.00   120.00   127.00    +50.20   +65.36%
       8               4  6533      晶心科                  91.00         20.50    81.98%    213.50   231.00   213.00   231.00      260.00   266.50   256.00   263.50    +32.50   +14.07%
       9               6  3008      大立光                4860.00       1435.00    81.61%   4020.00  4050.00  3800.00  3875.00     7470.00  7955.00  7460.00  7810.00  +3935.00  +101.55%
      10               7  9110      越南控-DR                0.00          0.00    80.36%      2.83     3.12     2.83     3.11        3.07     3.07     3.07     3.07     -0.04    -1.29%
      11               5  2464      盟立                   69.50         42.50    80.10%    142.00   143.00   131.00   134.50      181.50   202.00   181.50   202.00    +67.50   +50.19%
      12              10  2421      建準                   40.50          0.00    79.10%    127.00   128.00   120.50   125.50      175.00   178.50   166.00   168.00    +42.50   +33.86%
      13              13  3450      聯鈞                  527.50        371.50    76.69%    416.00   419.50   389.00   389.00      619.00   626.00   601.00   602.00   +213.00   +54.76%
      14              20  2455      全新                  373.50        144.50    76.05%    277.50   283.50   255.00   277.00      515.00   552.00   509.00   542.00   +265.00   +95.67%
      15              14  2321      東訊                    0.00          0.00    73.79%     15.20    15.20    15.20    15.20       14.10    15.20    13.50    15.20     +0.00    +0.00%
      16              16  5292      華懋                   40.50          0.00    73.27%    167.00   168.00   161.00   164.00      237.00   239.00   227.00   234.50    +70.50   +42.99%
      17              15  2033      佳大                    0.00          0.00    71.85%     14.60    14.90    14.45    14.90       23.90    24.90    23.85    24.65     +9.75   +65.44%
      18              55  6166      凌華                   63.00         55.50    71.57%    119.50   123.50   111.50   120.00      117.50   121.00   116.50   117.00     -3.00    -2.50%
      19              11  3653      健策                 4390.00       2000.00    71.41%   3175.00  3280.00  3060.00  3200.00     5755.00  5850.00  5660.00  5770.00  +2570.00   +80.31%
      20              24  6141      柏承                    0.00          0.00    71.31%     40.00    40.50    37.05    37.70       57.80    58.70    54.10    54.80    +17.10   +45.36%
      21              19  8039      台虹                  282.50        166.50    70.94%    199.50   202.00   178.00   193.00      319.00   325.00   311.00   313.50   +120.50   +62.44%
      22              18  1519      華城                  294.00        141.00    69.71%    672.00   682.00   647.00   668.00      749.00   771.00   741.00   741.00    +73.00   +10.93%
      23              45  6426      統新                  121.50         38.00    68.37%    160.00   160.00   145.00   153.50      275.00   285.00   257.00   257.00   +103.50   +67.43%
      24              29  2351      順德                   81.00         46.50    68.16%    167.00   167.00   155.50   156.00      227.00   236.00   222.00   229.00    +73.00   +46.79%
      25              33  7788      松川精密                172.50         55.00    67.66%    235.00   240.00   220.00   233.00      315.50   322.00   312.50   316.00    +83.00   +35.62%
      26              21  911608    明輝-DR                 0.00          0.00    67.56%      2.70     2.71     2.67     2.71        2.60     2.75     2.60     2.72     +0.01    +0.37%
      27              26  3017      奇鋐                 2175.00       1105.00    67.45%   2210.00  2240.00  2015.00  2135.00     3365.00  3490.00  3280.00  3310.00  +1175.00   +55.04%
      28              25  2357      華碩                  496.00        189.00    67.05%    705.00   711.00   688.00   688.00     1000.00  1020.00   993.00  1010.00   +322.00   +46.80%
      29              50  8114      振樺電                  68.50         53.00    66.68%    186.50   188.50   177.50   183.00      197.50   199.00   196.00   198.50    +15.50    +8.47%
      30              32  2395      研華                  315.00        122.00    66.51%    519.00   521.00   493.50   516.00      705.00   709.00   688.00   692.00   +176.00   +34.11%
      31              46  2426      鼎元                    9.70          0.00    65.85%     54.30    55.60    50.60    53.50      108.00   111.00   100.00   104.50    +51.00   +95.33%
      32              37  1709      和益                    0.00          0.00    65.67%     25.80    27.00    25.55    26.20       34.75    35.40    33.85    35.00     +8.80   +33.59%
      33              27  6278      台表科                  67.50         13.50    65.41%    162.50   164.50   153.50   157.50      199.00   203.00   198.50   199.50    +42.00   +26.67%
      34              22  6214      精誠                   40.00          0.00    64.70%    139.00   139.00   134.00   137.50      181.50   183.50   181.50   183.00    +45.50   +33.09%
      35              30  6431      光麗-KY                 0.00          0.00    64.68%     17.75    17.75    16.50    17.45       19.45    19.80    19.40    19.60     +2.15   +12.32%
      36              44  2059      川湖                 9765.00       3320.00    63.99%   7970.00  8090.00  7610.00  7750.00    14220.00 14220.00 13600.00 13865.00  +6115.00   +78.90%
      37              31  4576      大銀微系統                87.50         42.50    63.68%    194.50   195.00   180.00   187.50      229.00   252.00   227.50   242.00    +54.50   +29.07%
      38              54  8103      瀚荃                   20.50          0.00    63.56%     79.20    80.40    75.00    76.50      124.50   125.50   120.50   122.00    +45.50   +59.48%
      39              72  6414      樺漢                  202.50        203.00    63.52%    402.00   414.00   392.50   405.00      391.00   397.50   390.00   391.50    -13.50    -3.33%
      40              36  6491      晶碩                   91.50         14.50    63.02%    335.00   340.00   330.00   335.50      399.00   399.50   390.00   394.00    +58.50   +17.44%
==========================================================================================================================================================================
✅ 共 40 筆


══════════════════════════════════════════════════════════════════════════════════════════════════════════════
  🔄 第 21/30 次  2026/07/17 ～ 2026/09/01
══════════════════════════════════════════════════════════════════════════════════════════════════════════════

==========================================================================================================================================================================
📊 動能效率優先權分數排名 (2026/07/17 ~ 2026/09/01)
==========================================================================================================================================================================
    實資排名          累計天數排名  代號        名稱                 累計漲停(元)       累計跌停(元)       強度%  (07/17)開盤      最高      最低      收盤    (09/01)開盤      最高      最低      收盤      賺賠    賺賠率
--------------------------------------------------------------------------------------------------------------------------------------------------------------------------
       1               3  2421      建準                   40.50          0.00   100.00%    131.00   133.50   127.00   127.00      182.00   184.00   175.00   177.00    +50.00   +39.37%
       2               2  6933      AMAX-KY             183.50         20.50    98.18%    156.00   160.50   153.50   154.00      296.00   314.50   296.00   314.50   +160.50  +104.22%
       3               5  3406      玉晶光                 600.50        193.50    96.77%    543.00   547.00   515.00   519.00     1005.00  1090.00   993.00  1005.00   +486.00   +93.64%
       4               1  9110      越南控-DR                0.00          0.00    93.43%      3.10     3.10     3.10     3.10        2.86     3.00     2.86     3.00     -0.10    -3.23%
       5               7  3605      宏致                   23.50         24.00    91.61%     83.00    84.70    78.70    79.30      128.50   132.00   125.50   125.50    +46.20   +58.26%
       6               4  2321      東訊                    0.00          0.00    89.90%     14.40    16.45    14.20    16.45       14.85    14.85    14.35    14.35     -2.10   -12.77%
       7               9  7711      永擎                  346.00         77.50    88.96%    303.50   308.00   295.00   295.00      535.00   580.00   533.00   575.00   +280.00   +94.92%
       8               8  6669      緯穎                 4750.00       2155.00    87.86%   4900.00  4995.00  4620.00  4620.00     7115.00  7800.00  7050.00  7800.00  +3180.00   +68.83%
       9               6  3008      大立光                4630.00       1685.00    85.78%   4090.00  4200.00  3985.00  4010.00     7655.00  7995.00  7565.00  7580.00  +3570.00   +89.03%
      10              15  5292      華懋                   40.50          0.00    84.96%    173.50   173.50   164.00   167.00      219.50   241.00   219.00   241.00    +74.00   +44.31%
      11              12  3450      聯鈞                  527.50        396.50    84.59%    450.00   457.00   432.00   432.00      648.00   653.00   620.00   625.00   +193.00   +44.68%
      12              11  6141      柏承                    0.00          0.00    84.37%     42.00    44.00    40.60    40.70       58.90    59.90    57.20    58.00    +17.30   +42.51%
      13              14  8039      台虹                  282.50        166.50    83.63%    194.00   201.00   188.00   192.50      328.00   334.50   309.50   319.00   +126.50   +65.71%
      14              55  6166      凌華                   63.00         55.50    80.97%    125.00   126.50   118.00   119.50      115.50   119.00   115.50   117.50     -2.00    -1.67%
      15              10  2033      佳大                    0.00          0.00    80.30%     14.95    14.95    14.55    14.60       24.45    25.45    23.40    23.90     +9.30   +63.70%
      16              21  6426      統新                  121.50         52.00    79.41%    168.00   168.00   154.50   157.00      260.50   272.50   257.00   270.00   +113.00   +71.97%
      17              20  2395      研華                  315.00        103.00    78.84%    518.00   519.00   502.00   513.00      689.00   715.00   679.00   711.00   +198.00   +38.60%
      18              31  2426      鼎元                    9.70          0.00    77.88%     58.50    59.80    55.70    55.70       98.50   107.50    96.20   107.50    +51.80   +93.00%
      19              16  3653      健策                 4390.00       2070.00    77.63%   3260.00  3350.00  3150.00  3210.00     6075.00  6095.00  5820.00  5885.00  +2675.00   +83.33%
      20              23  3017      奇鋐                 2175.00       1030.00    76.67%   2160.00  2335.00  2145.00  2200.00     3435.00  3465.00  3350.00  3410.00  +1210.00   +55.00%
      21              44  8103      瀚荃                   20.50          0.00    76.48%     80.60    82.20    78.20    78.70      120.50   127.50   116.50   126.50    +47.80   +60.74%
      22              13  6533      晶心科                  91.00         38.50    76.25%    221.00   228.00   210.00   210.00      273.00   282.50   251.00   262.50    +52.50   +25.00%
      23              29  6213      聯茂                  352.00        209.50    75.09%    312.50   336.00   311.00   319.00      550.00   575.00   545.00   550.00   +231.00   +72.41%
      24              22  6431      光麗-KY                 0.00          0.00    75.02%     17.50    18.10    16.50    17.50       19.90    19.90    19.60    19.60     +2.10   +12.00%
      25              18  911608    明輝-DR                 0.00          0.00    74.81%      2.76     2.76     2.71     2.71        2.73     2.73     2.65     2.65     -0.06    -2.21%
      26              26  1709      和益                    0.00          0.00    74.68%     26.70    27.90    25.95    26.05       33.80    36.75    33.55    36.40    +10.35   +39.73%
      27              33  3665      貿聯-KY              1640.00       1345.00    74.57%   1855.00  1915.00  1765.00  1765.00     2190.00  2375.00  2165.00  2315.00   +550.00   +31.16%
      28              42  6414      樺漢                  202.50        203.00    74.54%    392.00   415.00   392.00   395.00      390.00   399.00   390.00   396.00     +1.00    +0.25%
      29              38  6782      視陽                   41.00          0.00    73.92%    196.00   198.00   192.00   193.00      254.00   256.00   247.00   249.50    +56.50   +29.27%
      30              17  6214      精誠                   40.00          0.00    73.02%    138.00   139.50   136.00   137.00      182.50   184.00   179.00   182.50    +45.50   +33.21%
      31              19  7788      松川精密                172.50         81.00    72.97%    250.50   256.50   235.00   235.00      321.00   323.00   302.50   320.50    +85.50   +36.38%
      32              30  2357      華碩                  496.00        204.00    72.47%    705.00   719.00   700.00   700.00     1000.00  1025.00   987.00  1010.00   +310.00   +44.29%
      33              28  2351      順德                   81.00         65.50    72.39%    180.00   183.00   172.50   172.50      229.00   231.00   221.00   226.00    +53.50   +31.01%
      34              49  2059      川湖                 9765.00       3800.00    71.08%   8575.00  8575.00  7835.00  7890.00    14010.00 14740.00 14005.00 14150.00  +6260.00   +79.34%
      35              27  1519      華城                  294.00        157.00    70.47%    672.00   688.00   655.00   655.00      730.00   776.00   730.00   761.00   +106.00   +16.18%
      36              70  2301      光寶科                 184.50         52.00    70.07%    209.00   210.00   196.50   196.50      305.50   307.00   299.00   300.50   +104.00   +52.93%
      37              36  6805      富世達                1565.00        875.00    70.01%   1350.00  1440.00  1340.00  1345.00     2305.00  2320.00  2130.00  2285.00   +940.00   +69.89%
      38              66  2455      全新                  355.50        175.50    70.00%    295.00   297.50   282.00   282.00      490.00   524.00   474.00   524.00   +242.00   +85.82%
      39              24  2464      盟立                   69.50         57.00    69.68%    152.00   154.00   142.00   143.00      183.50   188.00   177.00   184.50    +41.50   +29.02%
      40              51  3231      緯創                   59.50          9.50    69.63%    144.00   144.50   139.00   139.00      179.00   182.00   178.00   182.00    +43.00   +30.94%
==========================================================================================================================================================================
✅ 共 40 筆


══════════════════════════════════════════════════════════════════════════════════════════════════════════════
  🔄 第 22/30 次  2026/07/16 ～ 2026/08/31
══════════════════════════════════════════════════════════════════════════════════════════════════════════════

==========================================================================================================================================================================
📊 動能效率優先權分數排名 (2026/07/16 ~ 2026/08/31)
==========================================================================================================================================================================
    實資排名          累計天數排名  代號        名稱                 累計漲停(元)       累計跌停(元)       強度%  (07/16)開盤      最高      最低      收盤    (08/31)開盤      最高      最低      收盤      賺賠    賺賠率
--------------------------------------------------------------------------------------------------------------------------------------------------------------------------
       1               1  2421      建準                   40.50          0.00   100.00%    137.00   138.00   133.50   135.00      163.50   179.50   163.00   179.50    +44.50   +32.96%
       2               2  8039      台虹                  300.50        166.50    94.30%    189.00   199.50   189.00   199.50      343.00   347.00   309.50   327.00   +127.50   +63.91%
       3               6  3406      玉晶光                 600.50        193.50    91.58%    556.00   572.00   548.00   557.00      916.00  1005.00   915.00  1005.00   +448.00   +80.43%
       4               5  3008      大立光                4850.00       1615.00    89.61%   4040.00  4350.00  4000.00  4260.00     7065.00  7735.00  7025.00  7650.00  +3390.00   +79.58%
       5              11  3605      宏致                   23.50         10.50    87.66%     85.40    87.30    84.10    84.90      128.50   141.00   127.50   139.00    +54.10   +63.72%
       6               3  2321      東訊                    0.00          0.00    87.01%     15.55    15.55    15.55    15.55       13.85    15.00    13.85    14.95     -0.60    -3.86%
       7               8  6141      柏承                    0.00          0.00    86.84%     39.60    43.75    38.50    43.75       58.10    59.50    55.10    58.90    +15.15   +34.63%
       8               4  9110      越南控-DR                0.00          0.00    85.53%      3.14     3.14     3.14     3.14        2.99     3.00     2.90     3.00     -0.14    -4.46%
       9              12  3450      聯鈞                  527.50        375.50    84.11%    470.50   494.50   452.00   480.00      627.00   646.00   601.00   646.00   +166.00   +34.58%
      10               7  3653      健策                 4505.00       1965.00    83.74%   3260.00  3470.00  3230.00  3395.00     5710.00  6045.00  5690.00  5990.00  +2595.00   +76.44%
      11              14  6669      緯穎                 4065.00       2155.00    78.71%   5090.00  5130.00  5000.00  5115.00     7100.00  7360.00  7035.00  7095.00  +1980.00   +38.71%
      12               9  6533      晶心科                  91.00         38.50    78.05%    223.00   247.00   223.00   228.00      262.50   262.50   254.00   261.00    +33.00   +14.47%
      13              10  2033      佳大                    0.00          0.00    77.79%     14.90    15.05    14.90    15.00       28.00    28.20    25.95    26.00    +11.00   +73.33%
      14              13  6933      AMAX-KY             155.00         20.50    76.66%    170.00   170.00   161.00   161.50      284.00   286.00   283.00   286.00   +124.50   +77.09%
      15              71  6166      凌華                   63.00         55.50    74.63%    130.00   130.00   125.50   128.00      116.50   116.50   113.00   115.50    -12.50    -9.77%
      16              28  6782      視陽                   41.00          0.00    74.23%    199.00   203.00   198.00   199.00      241.50   254.50   239.00   254.50    +55.50   +27.89%
      17              19  3665      貿聯-KY              1540.00       1345.00    74.18%   1890.00  1985.00  1815.00  1955.00     2230.00  2240.00  2105.00  2170.00   +215.00   +11.00%
      18              26  7711      永擎                  306.00         77.50    74.09%    312.50   316.00   310.00   314.00      486.00   535.00   483.00   535.00   +221.00   +70.38%
      19              21  3017      奇鋐                 2235.00       1015.00    73.24%   2275.00  2290.00  2155.00  2225.00     3280.00  3425.00  3250.00  3425.00  +1200.00   +53.93%
      20              15  911608    明輝-DR                 0.00          0.00    72.66%      2.70     2.70     2.70     2.70        2.68     2.73     2.56     2.73     +0.03    +1.11%
      21              20  6805      富世達                1585.00        855.00    72.07%   1370.00  1435.00  1370.00  1415.00     2360.00  2375.00  2230.00  2305.00   +890.00   +62.90%
      22              41  6414      樺漢                  202.50        203.00    71.35%    388.00   405.00   387.50   400.00      386.00   392.50   380.50   389.50    -10.50    -2.62%
      23              25  2395      研華                  281.00        103.00    71.31%    530.00   531.00   520.00   530.00      664.00   677.00   656.00   677.00   +147.00   +27.74%
      24              22  6431      光麗-KY                 0.00          0.00    69.57%     18.80    18.80    17.70    18.00       20.20    20.20    19.40    20.10     +2.10   +11.67%
      25              35  6426      統新                  121.50         52.00    69.51%    177.00   178.00   170.50   171.00      260.50   270.00   254.00   261.00    +90.00   +52.63%
      26              60  2301      光寶科                 184.50         52.00    69.38%    218.00   222.00   211.00   218.00      311.00   314.50   304.00   305.00    +87.00   +39.91%
      27              18  3543      州巧                    0.00          0.00    69.20%     32.10    32.10    30.80    30.95       53.90    55.30    52.50    53.30    +22.35   +72.21%
      28              24  8271      宇瞻                   70.00         43.00    69.09%    178.50   189.50   177.50   187.50      230.00   234.50   227.00   227.50    +40.00   +21.33%
      29              38  2059      川湖                 9920.00       3770.00    69.06%   8410.00  8900.00  8295.00  8655.00    14250.00 14310.00 13850.00 14180.00  +5525.00   +63.84%
      30              16  6214      精誠                   40.00          0.00    68.69%    141.50   142.00   139.50   140.00      181.00   184.00   180.50   183.50    +43.50   +31.07%
      31              23  2357      華碩                  485.00        204.00    68.32%    710.00   715.00   698.00   715.00      962.00  1005.00   951.00   999.00   +284.00   +39.72%
      32              17  7788      松川精密                172.50         81.00    68.30%    266.00   271.50   260.50   261.00      339.00   347.00   307.00   316.00    +55.00   +21.07%
      33              29  2351      順德                   81.00         65.50    68.00%    197.00   197.00   183.00   191.50      232.50   239.50   222.50   232.50    +41.00   +21.41%
      34              31  6213      聯茂                  352.00        219.50    67.56%    336.00   337.00   321.00   325.00      563.00   591.00   534.00   548.00   +223.00   +68.62%
      35              43  3593      力銘                    0.00          0.00    66.20%     16.15    16.95    15.80    16.95       10.50    10.90    10.45    10.90     -6.05   -35.69%
      36            1174  6949      沛爾生醫-創              684.00        385.00    66.01%   1020.00  1115.00  1020.00  1105.00          --       --       --       --        --        --
      37              45  6921      嘉雨思-創                 0.00          0.00    65.87%     62.40    68.00    62.40    67.80       64.50    64.50    64.50    64.50     -3.30    -4.87%
      38              40  6278      台表科                  67.50         26.50    65.77%    177.00   180.00   172.00   177.50      198.00   203.00   195.00   199.50    +22.00   +12.39%
      39              33  1709      和益                    0.00          0.00    65.77%     27.50    27.85    26.70    27.20       35.85    36.25    33.35    33.45     +6.25   +22.98%
      40              27  2207      和泰車                  94.00         46.00    65.54%    483.50   493.00   481.00   493.00      521.00   521.00   512.00   513.00    +20.00    +4.06%
==========================================================================================================================================================================
✅ 共 40 筆


══════════════════════════════════════════════════════════════════════════════════════════════════════════════
  🔄 第 23/30 次  2026/07/15 ～ 2026/08/28
══════════════════════════════════════════════════════════════════════════════════════════════════════════════

==========================================================================================================================================================================
📊 動能效率優先權分數排名 (2026/07/15 ~ 2026/08/28)
==========================================================================================================================================================================
    實資排名          累計天數排名  代號        名稱                 累計漲停(元)       累計跌停(元)       強度%  (07/15)開盤      最高      最低      收盤    (08/28)開盤      最高      最低      收盤      賺賠    賺賠率
--------------------------------------------------------------------------------------------------------------------------------------------------------------------------
       1               4  8039      台虹                  300.50        150.00   100.00%    186.00   194.00   180.00   181.50      363.50   364.00   335.00   343.50   +162.00   +89.26%
       2               3  6141      柏承                    0.00          0.00    93.97%     36.50    39.80    36.15    39.80       54.00    59.50    53.70    58.20    +18.40   +46.23%
       3               2  3653      健策                 4510.00       1965.00    93.41%   3140.00  3310.00  3085.00  3280.00     5750.00  5960.00  5690.00  5785.00  +2505.00   +76.37%
       4               1  9110      越南控-DR                0.00          0.00    90.68%      3.00     3.15     2.90     3.15        3.00     3.10     3.00     3.10     -0.05    -1.59%
       5               8  6669      緯穎                 4255.00       2050.00    87.15%   4950.00  5160.00  4870.00  5095.00     6965.00  7245.00  6835.00  7200.00  +2105.00   +41.32%
       6              22  6414      樺漢                  219.50        203.00    86.13%    380.00   395.50   377.50   394.50      396.00   401.00   389.00   390.00     -4.50    -1.14%
       7               7  2033      佳大                    0.00          0.00    84.26%     14.90    15.25    14.90    15.00       23.70    25.65    23.45    25.65    +10.65   +71.00%
       8               5  2321      東訊                    0.00          0.00    82.81%     16.00    16.00    15.60    15.60       13.65    13.65    13.65    13.65     -1.95   -12.50%
       9              16  6805      富世達                1660.00        815.00    82.24%   1355.00  1415.00  1335.00  1395.00     2265.00  2435.00  2255.00  2345.00   +950.00   +68.10%
      10              15  3450      聯鈞                  516.50        375.50    81.91%    491.50   493.50   451.50   480.00      586.00   635.00   576.00   635.00   +155.00   +32.29%
      11              20  3665      貿聯-KY              1540.00       1255.00    81.14%   1805.00  1915.00  1790.00  1910.00     2075.00  2260.00  2070.00  2260.00   +350.00   +18.32%
      12              18  3605      宏致                   23.50         10.50    80.96%     87.80    88.40    85.00    85.80      121.00   131.00   118.00   131.00    +45.20   +52.68%
      13               6  6533      晶心科                  91.00         38.50    80.92%    225.00   234.50   220.50   227.00      271.00   273.00   265.00   265.50    +38.50   +16.96%
      14               9  2421      建準                   24.50          0.00    80.30%    136.00   140.00   135.00   139.00      161.50   165.00   157.00   163.50    +24.50   +17.63%
      15              11  3406      玉晶光                 512.50        226.50    79.28%    591.00   594.00   545.00   554.00      840.00   917.00   831.00   917.00   +363.00   +65.52%
      16              10  6933      AMAX-KY             129.00         20.50    79.16%    164.00   171.50   158.50   170.50      260.00   260.00   256.00   260.00    +89.50   +52.49%
      17              21  2059      川湖                10425.00       3650.00    78.17%   8050.00  8660.00  8005.00  8500.00    14500.00 14595.00 14005.00 14300.00  +5800.00   +68.24%
      18             528  6949      沛爾生醫-創              774.00        385.00    76.41%    959.00  1025.00   950.00  1025.00          --       --       --       --        --        --
      19              13  3008      大立光                4265.00       1840.00    75.64%   4370.00  4370.00  3985.00  4040.00     7005.00  7270.00  6865.00  7065.00  +3025.00   +74.88%
      20             146  6166      凌華                   63.00         55.50    75.40%    132.00   133.50   128.50   129.50      117.50   119.00   116.00   116.50    -13.00   -10.04%
      21              12  7788      松川精密                172.50         69.50    74.62%    274.50   274.50   260.00   269.50      310.00   327.50   305.00   327.50    +58.00   +21.52%
      22              59  2301      光寶科                 184.50         39.50    74.02%    215.50   221.00   212.00   216.00      305.00   322.00   299.00   317.50   +101.50   +46.99%
      23              14  7740      熙特爾-創                41.00         29.00    73.51%    152.00   163.00   151.00   163.00      135.50   136.50   134.00   134.00    -29.00   -17.79%
      24              26  3017      奇鋐                 2215.00       1015.00    73.26%   2140.00  2200.00  2120.00  2165.00     3360.00  3450.00  3320.00  3360.00  +1195.00   +55.20%
      25              28  8271      宇瞻                   70.00         43.00    72.75%    176.00   182.50   176.00   181.50      235.50   244.00   232.50   232.50    +51.00   +28.10%
      26              17  911608    明輝-DR                 0.00          0.00    72.64%      2.70     2.70     2.70     2.70        2.61     2.69     2.61     2.68     -0.02    -0.74%
      27              23  6431      光麗-KY                 0.00          0.00    71.46%     18.20    18.40    17.85    18.40       19.70    20.40    19.65    19.65     +1.25    +6.79%
      28              61  6715      嘉基                  281.00        264.50    71.01%    367.00   383.50   365.00   374.00      352.00   355.00   343.50   353.50    -20.50    -5.48%
      29              19  3543      州巧                    0.00          0.00    70.95%     31.70    31.95    30.55    31.80       54.00    54.50    54.00    54.50    +22.70   +71.38%
      30              36  2395      研華                  281.00        103.00    70.59%    530.00   539.00   526.00   533.00      680.00   685.00   667.00   669.00   +136.00   +25.52%
      31              35  6426      統新                  121.50         52.00    70.52%    179.00   183.50   174.50   180.00      260.00   273.00   256.00   263.50    +83.50   +46.39%
      32              25  2351      順德                   81.00         65.50    70.36%    195.50   205.00   195.00   200.50      240.00   247.00   232.00   239.50    +39.00   +19.45%
      33              74  6937      天虹                  139.50        112.00    68.99%    258.00   265.00   254.00   262.50      282.50   297.00   282.50   292.50    +30.00   +11.43%
      34              31  1709      和益                    0.00          0.00    68.97%     28.05    28.10    25.85    27.35       34.50    36.45    34.15    36.15     +8.80   +32.18%
      35              39  3413      京鼎                  105.50        133.50    68.51%    334.50   360.00   333.50   348.00      289.00   289.50   286.00   287.50    -60.50   -17.39%
      36              24  1470      大統新創                  0.00          0.00    68.17%     21.50    23.45    21.50    23.00       24.00    24.00    23.55    23.55     +0.55    +2.39%
      37              29  2207      和泰車                  94.00         46.00    67.75%    482.00   484.00   477.00   480.00      525.00   526.00   517.00   520.00    +40.00    +8.33%
      38              49  6921      嘉雨思-創                 0.00          0.00    67.39%     66.70    68.50    66.10    67.70       66.30    67.00    65.90    65.90     -1.80    -2.66%
      39              37  6213      聯茂                  352.00        199.00    67.18%    353.00   357.00   332.50   335.00      573.00   592.00   548.00   582.00   +247.00   +73.73%
      40              30  2357      華碩                  451.00        204.00    66.35%    705.00   720.00   705.00   712.00      975.00   981.00   955.00   965.00   +253.00   +35.53%
==========================================================================================================================================================================
✅ 共 40 筆


══════════════════════════════════════════════════════════════════════════════════════════════════════════════
  🔄 第 24/30 次  2026/07/14 ～ 2026/08/27
══════════════════════════════════════════════════════════════════════════════════════════════════════════════

==========================================================================================================================================================================
📊 動能效率優先權分數排名 (2026/07/14 ~ 2026/08/27)
==========================================================================================================================================================================
    實資排名          累計天數排名  代號        名稱                 累計漲停(元)       累計跌停(元)       強度%  (07/14)開盤      最高      最低      收盤    (08/27)開盤      最高      最低      收盤      賺賠    賺賠率
--------------------------------------------------------------------------------------------------------------------------------------------------------------------------
       1               1  8039      台虹                  317.00        150.00   100.00%    173.00   185.50   169.00   185.50      340.50   352.50   340.00   352.50   +167.00   +90.03%
       2               2  6533      晶心科                 105.50         38.50    75.84%    216.00   228.00   211.00   225.00      268.50   274.00   266.00   268.50    +43.50   +19.33%
       3               3  9110      越南控-DR                0.00          0.00    73.00%      2.98     3.18     2.98     3.18        3.10     3.14     3.10     3.14     -0.04    -1.26%
       4              37  6949      沛爾生醫-創              809.00        385.00    67.96%    899.00   935.00   872.00   935.00          --       --       --       --        --        --
       5               6  6141      柏承                    0.00          0.00    67.01%     38.20    38.55    34.25    36.20       53.50    55.40    50.00    54.90    +18.70   +51.66%
       6               5  3653      健策                 4370.00       2090.00    62.76%   3205.00  3250.00  2990.00  3070.00     5955.00  5980.00  5595.00  5645.00  +2575.00   +83.88%
       7               4  2321      東訊                    0.00          0.00    62.27%     16.20    16.70    15.55    15.55       14.75    14.75    14.75    14.75     -0.80    -5.14%
       8               8  2033      佳大                    0.00          0.00    60.01%     15.35    15.45    14.90    15.00       22.95    23.90    22.90    23.35     +8.35   +55.67%
       9               9  2421      建準                   24.50          0.00    58.32%    138.50   140.00   128.00   133.50      153.00   166.00   152.00   159.50    +26.00   +19.48%
      10              14  6669      緯穎                 3870.00       2105.00    57.67%   4930.00  4985.00  4755.00  4905.00     6770.00  6960.00  6735.00  6815.00  +1910.00   +38.94%
      11               7  2464      盟立                   69.50         26.00    57.67%    166.00   167.50   152.50   159.00      194.50   211.00   194.50   211.00    +52.00   +32.70%
      12             130  6166      凌華                   63.00         55.50    57.61%    135.00   135.00   125.50   132.50      121.00   121.00   117.00   117.00    -15.50   -11.70%
      13              19  2059      川湖                10425.00       3695.00    56.30%   7915.00  8000.00  7580.00  7995.00    14695.00 14815.00 14085.00 14340.00  +6345.00   +79.36%
      14              16  6431      光麗-KY                 0.00          0.00    54.95%     18.30    18.40    17.50    18.35       19.65    20.30    19.55    20.30     +1.95   +10.63%
      15              21  7740      熙特爾-創                41.00         29.00    54.64%    156.00   156.00   148.50   148.50      135.00   138.00   134.50   136.50    -12.00    -8.08%
      16              12  3008      大立光                4115.00       1920.00    54.39%   4485.00  4485.00  4150.00  4265.00     6615.00  6915.00  6605.00  6915.00  +2650.00   +62.13%
      17              24  3605      宏致                   12.00         10.50    54.35%     89.40    89.90    83.70    86.40      111.50   121.50   111.50   119.50    +33.10   +38.31%
      18              10  7788      松川精密                157.00         69.50    54.31%    258.00   277.50   255.50   273.00      276.00   300.00   269.50   298.00    +25.00    +9.16%
      19              71  6715      嘉基                  281.00        264.50    54.11%    367.00   380.00   341.50   367.50      365.00   370.00   351.50   351.50    -16.00    -4.35%
      20              30  6805      富世達                1540.00        905.00    54.00%   1375.00  1405.00  1270.00  1320.00     2090.00  2225.00  2075.00  2225.00   +905.00   +68.56%
      21              13  3543      州巧                    0.00          0.00    53.47%     31.30    31.45    29.20    31.15       46.55    49.60    46.55    49.60    +18.45   +59.23%
      22              36  3413      京鼎                  105.50        133.50    53.45%    330.50   339.00   313.00   337.50      288.50   291.00   286.50   287.50    -50.00   -14.81%
      23              28  3450      聯鈞                  459.50        414.50    53.42%    503.00   511.00   463.50   476.00      580.00   598.00   567.00   578.00   +102.00   +21.43%
      24              23  3017      奇鋐                 2195.00       1120.00    53.41%   2185.00  2220.00  2015.00  2120.00     3305.00  3440.00  3265.00  3340.00  +1220.00   +57.55%
      25              15  911608    明輝-DR                 0.00          0.00    53.25%      2.74     2.74     2.66     2.69        2.61     2.65     2.61     2.62     -0.07    -2.60%
      26              31  2395      研華                  281.00        103.00    53.17%    552.00   553.00   508.00   529.00      698.00   699.00   668.00   675.00   +146.00   +27.60%
      27              17  1470      大統新創                  0.00          0.00    52.72%     21.55    21.55    21.50    21.50       23.65    24.35    23.65    24.35     +2.85   +13.26%
      28              22  3406      玉晶光                 429.50        248.50    52.35%    614.00   615.00   569.00   587.00      793.00   834.00   792.00   834.00   +247.00   +42.08%
      29              26  6933      AMAX-KY             105.50         30.50    52.12%    164.50   166.50   156.00   163.00      236.50   236.50   236.50   236.50    +73.50   +45.09%
      30              18  2207      和泰車                  94.00         46.00    52.01%    484.50   484.50   477.00   480.00      523.00   533.00   523.00   527.00    +47.00    +9.79%
      31              11  6214      精誠                   40.00          0.00    51.41%    141.00   143.00   137.50   140.50      181.00   183.00   181.00   182.50    +42.00   +29.89%
      32              34  6278      台表科                  67.50         26.50    51.25%    177.50   181.00   164.50   172.50      202.50   210.00   197.50   206.00    +33.50   +19.42%
      33              60  2466      冠西電                  10.50         11.50    51.10%    105.00   105.00   100.00   105.00      105.00   111.00   104.50   105.50     +0.50    +0.48%
      34              54  3231      緯創                   59.50          9.50    50.79%    144.00   145.00   139.00   142.50      184.50   188.00   179.00   179.50    +37.00   +25.96%
      35              42  6921      嘉雨思-創                 0.00          0.00    50.76%     66.60    67.10    65.30    65.70       65.80    67.40    65.80    67.40     +1.70    +2.59%
      36              25  2357      華碩                  451.00        204.00    50.46%    710.00   710.00   690.00   703.00      966.00   977.00   962.00   968.00   +265.00   +37.70%
      37             129  6937      天虹                  128.00        112.00    50.19%    253.00   257.50   233.50   252.00      275.00   283.50   272.00   281.00    +29.00   +11.51%
      38              50  6426      統新                  121.50         52.00    50.06%    183.00   186.00   164.00   174.50      270.00   274.50   255.00   259.50    +85.00   +48.71%
      39              35  1709      和益                    0.00          0.00    49.47%     28.30    28.30    26.80    28.05       37.35    37.70    33.80    34.15     +6.10   +21.75%
      40              29  2351      順德                   81.00         81.50    49.20%    209.50   211.50   189.50   194.50      214.50   240.50   213.00   240.00    +45.50   +23.39%
==========================================================================================================================================================================
✅ 共 40 筆


══════════════════════════════════════════════════════════════════════════════════════════════════════════════
  🔄 第 25/30 次  2026/07/13 ～ 2026/08/26
══════════════════════════════════════════════════════════════════════════════════════════════════════════════

==========================================================================================================================================================================
📊 動能效率優先權分數排名 (2026/07/13 ~ 2026/08/26)
==========================================================================================================================================================================
    實資排名          累計天數排名  代號        名稱                 累計漲停(元)       累計跌停(元)       強度%  (07/13)開盤      最高      最低      收盤    (08/26)開盤      最高      最低      收盤      賺賠    賺賠率
--------------------------------------------------------------------------------------------------------------------------------------------------------------------------
       1               1  8039      台虹                  300.00        150.00   100.00%    169.00   169.00   169.00   169.00      302.00   320.50   294.00   320.50   +151.50   +89.64%
       2               2  6533      晶心科                 124.50         38.50    77.44%    210.50   210.50   210.50   210.50      251.50   273.00   249.00   269.00    +58.50   +27.79%
       3               3  9110      越南控-DR                0.00          0.00    65.86%      3.15     3.15     3.13     3.13        2.88     3.05     2.88     3.05     -0.08    -2.56%
       4               6  6141      柏承                    0.00          0.00    58.49%     39.20    40.50    37.00    38.05       46.00    50.40    45.20    50.40    +12.35   +32.46%
       5               4  2321      東訊                    0.00          0.00    57.86%     14.90    15.20    14.90    15.20       14.75    14.75    14.75    14.75     -0.45    -2.96%
       6               5  3653      健策                 4370.00       2020.00    56.26%   3200.00  3280.00  3080.00  3195.00     5155.00  5725.00  5140.00  5725.00  +2530.00   +79.19%
       7             103  6166      凌華                   63.00         55.50    54.15%    135.50   139.50   131.00   134.50      117.00   120.50   115.50   120.00    -14.50   -10.78%
       8               9  2033      佳大                    0.00          0.00    52.31%     15.80    15.80    15.30    15.30       23.70    24.25    22.75    23.00     +7.70   +50.33%
       9              10  7740      熙特爾-創                41.00         29.00    52.28%    146.50   158.50   146.50   156.00      134.50   138.00   133.00   135.00    -21.00   -13.46%
      10              20  2059      川湖                10425.00       3865.00    50.29%   8210.00  8340.00  7850.00  8080.00    14295.00 14590.00 13855.00 14510.00  +6430.00   +79.58%
      11               8  1709      和益                    0.00          0.00    50.22%     26.30    26.80    25.70    26.80       35.00    37.10    33.15    37.10    +10.30   +38.43%
      12              12  6933      AMAX-KY              99.50         30.50    49.52%    173.00   173.00   173.00   173.00      199.00   215.00   197.50   215.00    +42.00   +24.28%
      13              35  2395      研華                  281.00         90.00    49.36%    557.00   593.00   535.00   536.00      666.00   693.00   665.00   688.00   +152.00   +28.36%
      14              23  3231      緯創                   59.50          9.50    49.08%    147.00   148.00   142.50   143.50      177.00   182.00   176.00   182.00    +38.50   +26.83%
      15              71  6949      沛爾生醫-創              809.00        410.00    48.88%    931.00   943.00   870.00   900.00     1405.00  1490.00  1400.00  1490.00   +590.00   +65.56%
      16              29  3413      京鼎                  105.50        133.50    48.65%    335.00   342.50   329.00   334.00      285.50   288.50   285.00   287.50    -46.50   -13.92%
      17               7  911608    明輝-DR                 0.00          0.00    48.30%      2.75     2.75     2.70     2.75        2.64     2.64     2.60     2.62     -0.13    -4.73%
      18              27  3450      聯鈞                  472.50        414.50    48.19%    516.00   520.00   504.00   515.00      528.00   584.00   527.00   574.00    +59.00   +11.46%
      19              16  2357      華碩                  471.00        204.00    47.82%    706.00   725.00   703.00   704.00      923.00   980.00   919.00   971.00   +267.00   +37.93%
      20              28  6669      緯穎                 3840.00       2185.00    47.58%   5170.00  5230.00  4940.00  4960.00     6325.00  6925.00  6300.00  6785.00  +1825.00   +36.79%
      21              18  6431      光麗-KY                 0.00          0.00    47.22%     18.75    18.90    18.30    18.30       19.05    20.30    19.00    20.30     +2.00   +10.93%
      22              32  6426      統新                  121.50         52.00    46.80%    190.50   192.00   181.00   182.00      251.00   275.00   250.00   268.00    +86.00   +47.25%
      23              11  2207      和泰車                  94.00         46.00    46.73%    473.50   483.00   473.00   475.00      518.00   524.00   516.00   523.00    +48.00   +10.11%
      24              34  1590      亞德客-KY              665.00        445.00    46.35%   1320.00  1340.00  1295.00  1320.00     1460.00  1505.00  1440.00  1470.00   +150.00   +11.36%
      25              19  1470      大統新創                  0.00          0.00    46.29%     21.55    21.55    21.30    21.45       23.45    24.65    23.45    24.50     +3.05   +14.22%
      26              62  6921      嘉雨思-創                 0.00          0.00    46.25%     66.10    68.50    66.00    67.80       67.30    67.30    66.30    66.30     -1.50    -2.21%
      27              17  3008      大立光                3885.00       1920.00    45.75%   4345.00  4345.00  4345.00  4345.00     5920.00  6290.00  5875.00  6290.00  +1945.00   +44.76%
      28              47  2466      冠西電                  10.50         11.50    45.53%    102.00   102.00    99.00   100.50      104.00   109.00   102.50   105.00     +4.50    +4.48%
      29              13  7711      永擎                  267.50         77.50    45.28%    310.00   323.50   309.00   317.00      510.00   510.00   489.00   493.00   +176.00   +55.52%
      30              65  3605      宏致                   12.00         10.50    45.11%     91.20    91.80    88.50    89.70      114.50   115.00   111.00   112.00    +22.30   +24.86%
      31              30  2421      建準                   24.50          0.00    44.75%    144.00   144.00   137.00   138.00      144.00   151.50   143.50   151.50    +13.50    +9.78%
      32              22  2464      盟立                   50.50         26.00    44.57%    164.50   176.00   163.50   166.00      193.00   194.00   187.50   192.00    +26.00   +15.66%
      33              40  3017      奇鋐                 2010.00       1245.00    44.56%   2420.00  2420.00  2210.00  2225.00     2880.00  3155.00  2850.00  3155.00   +930.00   +41.80%
      34              26  3593      力銘                    0.00          0.00    44.48%     15.60    17.45    15.50    17.45       10.95    11.00    10.80    11.00     -6.45   -36.96%
      35              33  9921      巨大                   10.00          0.00    44.21%     74.10    79.90    73.90    79.90      104.50   108.00   103.00   104.50    +24.60   +30.79%
      36              31  2615      萬海                   11.00         11.50    44.08%     79.60    79.90    78.80    79.20      127.00   129.50   114.00   115.00    +35.80   +45.20%
      37              43  2301      光寶科                 168.00         49.00    43.66%    219.00   232.00   218.50   222.00      295.00   312.50   291.00   307.00    +85.00   +38.29%
      38              14  6214      精誠                   40.00          0.00    43.59%    145.50   146.00   140.00   141.00      181.50   184.00   180.50   181.00    +40.00   +28.37%
      39              49  1909      榮成                    0.00          0.00    43.47%     10.25    10.45    10.15    10.25       11.00    11.20    10.90    11.00     +0.75    +7.32%
      40              21  1468      昶和                    0.00          0.00    43.37%     12.15    12.30    12.00    12.15       12.95    13.25    12.70    13.25     +1.10    +9.05%
==========================================================================================================================================================================
✅ 共 40 筆


══════════════════════════════════════════════════════════════════════════════════════════════════════════════
  🔄 第 26/30 次  2026/07/09 ～ 2026/08/24
══════════════════════════════════════════════════════════════════════════════════════════════════════════════

==========================================================================================================================================================================
📊 動能效率優先權分數排名 (2026/07/09 ~ 2026/08/24)
==========================================================================================================================================================================
    實資排名          累計天數排名  代號        名稱                 累計漲停(元)       累計跌停(元)       強度%  (07/09)開盤      最高      最低      收盤    (08/24)開盤      最高      最低      收盤      賺賠    賺賠率
--------------------------------------------------------------------------------------------------------------------------------------------------------------------------
       1               1  8039      台虹                  285.00        150.00   100.00%    143.00   154.00   142.00   154.00      282.00   295.00   265.00   265.00   +111.00   +72.08%
       2               2  6533      晶心科                 107.00         38.50    59.35%    193.00   195.00   191.00   191.50      248.50   250.50   245.00   246.50    +55.00   +28.72%
       3               3  2321      東訊                    0.00          0.00    52.33%     13.30    13.85    13.30    13.85       15.00    15.00    15.00    15.00     +1.15    +8.30%
       4               5  9110      越南控-DR                0.00          0.00    51.31%      3.27     3.27     3.00     3.00        2.91     3.07     2.91     3.07     +0.07    +2.33%
       5               4  6141      柏承                    0.00          0.00    51.10%     35.60    39.05    35.60    39.05       45.80    47.25    43.05    46.05     +7.00   +17.93%
       6               9  2033      佳大                    0.00          0.00    46.71%     15.85    15.90    15.80    15.80       21.90    22.35    21.40    22.00     +6.20   +39.24%
       7              10  7740      熙特爾-創                41.00         29.00    46.05%    145.00   148.50   142.50   147.50      139.50   139.50   137.00   139.00     -8.50    -5.76%
       8             164  6166      凌華                   63.00         55.50    45.63%    135.00   140.50   134.00   134.50      118.50   120.50   118.00   119.00    -15.50   -11.52%
       9               6  3593      力銘                    0.00          0.00    44.37%     14.05    15.95    14.05    15.95       11.00    11.00    10.80    11.00     -4.95   -31.03%
      10              20  2059      川湖                10355.00       3865.00    43.66%   8255.00  8545.00  8005.00  8250.00    13650.00 14720.00 13650.00 14410.00  +6160.00   +74.67%
      11              11  2615      萬海                   11.00          0.00    42.61%     80.00    81.30    79.20    80.40      130.00   130.00   123.00   124.50    +44.10   +54.85%
      12               8  3653      健策                 3850.00       2020.00    42.44%   3280.00  3290.00  3180.00  3205.00     5280.00  5490.00  5110.00  5155.00  +1950.00   +60.84%
      13               7  7711      永擎                  267.50         55.50    42.24%    309.50   312.00   307.00   307.50      462.00   506.00   458.50   497.50   +190.00   +61.79%
      14              16  1709      和益                    0.00          0.00    41.82%     23.95    25.00    23.50    24.40       34.25    36.30    33.55    34.65    +10.25   +42.01%
      15              12  911608    明輝-DR                 0.00          0.00    41.48%      2.76     2.76     2.71     2.71        0.00     0.00     0.00     0.00     -2.71  -100.00%
      16              15  3532      台勝科                 318.50        364.00    41.19%    415.00   450.00   408.50   423.50      344.50   376.50   344.50   376.50    -47.00   -11.10%
      17              45  6921      嘉雨思-創                 0.00          0.00    41.05%     67.60    68.50    67.60    68.00       70.60    70.60    68.60    68.90     +0.90    +1.32%
      18              27  3413      京鼎                  105.50        133.50    40.94%    343.00   347.50   334.50   334.50      285.00   288.50   284.00   284.50    -50.00   -14.95%
      19              25  2466      冠西電                  10.50         11.50    39.45%     97.60    99.00    94.50    98.50      104.50   106.00   101.00   101.00     +2.50    +2.54%
      20              14  2464      盟立                   50.50         26.00    39.42%    160.00   166.50   158.00   161.50      177.00   191.00   175.00   187.50    +26.00   +16.10%
      21              48  2395      研華                  263.00         90.00    39.37%    547.00   562.00   537.00   540.00      660.00   670.00   652.00   658.00   +118.00   +21.85%
      22              17  2207      和泰車                  94.00         46.00    39.31%    480.50   481.50   475.50   476.50      518.00   527.00   517.00   522.00    +45.50    +9.55%
      23              19  1470      大統新創                  0.00          0.00    39.00%     21.10    21.50    21.10    21.50       23.35    23.85    23.25    23.80     +2.30   +10.70%
      24              13  6214      精誠                   40.00          0.00    38.70%    142.00   147.00   142.00   143.50      179.50   181.00   179.50   179.50    +36.00   +25.09%
      25              24  2603      長榮                   12.50          0.00    38.68%    196.50   196.50   193.50   194.50      254.00   256.50   248.50   250.50    +56.00   +28.79%
      26              21  6431      光麗-KY                 0.00          0.00    38.18%     18.20    18.60    18.00    18.25       20.25    20.25    19.60    19.70     +1.45    +7.95%
      27              38  3231      緯創                   59.50          9.50    38.10%    147.00   148.00   144.50   144.50      176.00   177.50   173.50   175.50    +31.00   +21.45%
      28              23  2357      華碩                  425.00        204.00    38.01%    688.00   699.00   675.00   684.00      919.00   939.00   916.00   923.00   +239.00   +34.94%
      29              75  3605      宏致                   12.00         10.50    37.98%     95.70    96.50    90.20    91.20      109.00   119.00   108.50   115.50    +24.30   +26.64%
      30              26  1526      日馳                    0.00          0.00    37.58%     14.45    14.55    14.40    14.40       16.70    16.75    16.55    16.60     +2.20   +15.28%
      31              30  9921      巨大                   10.00          0.00    37.45%     74.10    74.50    72.70    72.70      108.50   109.50   103.50   104.00    +31.30   +43.05%
      32              36  2027      大成鋼                   0.00          0.00    37.03%     40.80    41.00    40.00    40.00       51.00    52.30    50.50    51.00    +11.00   +27.50%
      33              43  1590      亞德客-KY              655.00        510.00    36.89%   1335.00  1365.00  1280.00  1280.00     1425.00  1450.00  1415.00  1435.00   +155.00   +12.11%
      34              34  6933      AMAX-KY              94.00         30.50    36.82%    157.50   157.50   157.50   157.50      185.00   198.00   185.00   194.50    +37.00   +23.49%
      35              22  1468      昶和                    0.00          0.00    36.70%     12.15    12.20    12.00    12.20       13.10    13.25    12.90    13.20     +1.00    +8.20%
      36              40  2008      高興昌                   0.00          0.00    36.58%     29.60    30.15    29.60    29.85       30.60    30.70    30.50    30.50     +0.65    +2.18%
      37              33  3229      晟鈦                    0.00          0.00    36.32%     37.65    38.75    37.35    38.75       61.30    61.40    58.80    59.70    +20.95   +54.06%
      38              49  1909      榮成                    0.00          0.00    36.17%     10.65    10.75    10.15    10.30       11.20    11.30    10.90    10.95     +0.65    +6.31%
      39              31  1439      雋揚                    0.00          0.00    36.15%     24.15    24.20    23.50    23.50       29.65    29.65    29.50    29.55     +6.05   +25.74%
      40              32  2546      根基                    0.00          0.00    36.08%     92.10    92.20    91.40    92.20      114.00   114.00   106.00   107.00    +14.80   +16.05%
==========================================================================================================================================================================
✅ 共 40 筆


══════════════════════════════════════════════════════════════════════════════════════════════════════════════
  🔄 第 27/30 次  2026/07/08 ～ 2026/08/21
══════════════════════════════════════════════════════════════════════════════════════════════════════════════

==========================================================================================================================================================================
📊 動能效率優先權分數排名 (2026/07/08 ~ 2026/08/21)
==========================================================================================================================================================================
    實資排名          累計天數排名  代號        名稱                 累計漲停(元)       累計跌停(元)       強度%  (07/08)開盤      最高      最低      收盤    (08/21)開盤      最高      最低      收盤      賺賠    賺賠率
--------------------------------------------------------------------------------------------------------------------------------------------------------------------------
       1               1  8039      台虹                  285.00        133.00   100.00%    143.50   146.50   137.50   140.00      274.00   306.00   261.00   282.00   +142.00  +101.43%
       2               2  6533      晶心科                 107.00         38.50    58.32%    192.50   194.50   189.50   192.50      245.00   250.00   243.00   250.00    +57.50   +29.87%
       3               4  9110      越南控-DR                0.00          0.00    50.36%      3.06     3.28     3.06     3.27        0.00     0.00     0.00     0.00     -3.27  -100.00%
       4               5  6141      柏承                    0.00          0.00    50.07%     34.90    35.65    34.40    35.50       43.25    46.80    42.30    45.40     +9.90   +27.89%
       5               3  2321      東訊                    0.00          0.00    49.12%     13.10    13.10    12.60    12.60       13.95    15.70    13.95    15.40     +2.80   +22.22%
       6               6  2615      萬海                   11.00          0.00    45.80%     78.00    79.40    77.80    79.40      113.00   124.50   111.50   124.50    +45.10   +56.80%
       7              97  6166      凌華                   63.00         55.50    45.56%    131.00   139.00   128.50   135.50      120.50   121.50   118.50   118.50    -17.00   -12.55%
       8               9  2033      佳大                    0.00          0.00    44.74%     16.05    16.25    15.90    15.90       22.70    22.90    22.00    22.00     +6.10   +38.36%
       9              12  7740      熙特爾-創                41.00         29.00    44.62%    146.00   146.50   144.00   145.00      141.00   141.50   139.00   139.50     -5.50    -3.79%
      10               8  3532      台勝科                 311.00        364.00    43.22%    387.00   420.00   375.50   409.50      350.50   353.00   337.50   342.50    -67.00   -16.36%
      11              14  3593      力銘                    0.00          0.00    42.79%     14.60    14.60    14.00    14.50       11.35    11.35    11.35    11.35     -3.15   -21.72%
      12              17  2466      冠西電                  10.50         11.50    41.74%     92.70    96.90    86.30    96.90       97.90   105.50    96.10   104.00     +7.10    +7.33%
      13              45  6921      嘉雨思-創                 0.00          0.00    40.99%     67.80    67.90    67.10    67.90       70.50    70.50    69.70    69.70     +1.80    +2.65%
      14               7  3653      健策                 3850.00       1780.00    40.95%   3305.00  3340.00  3120.00  3200.00     5530.00  5560.00  5330.00  5395.00  +2195.00   +68.59%
      15              10  911608    明輝-DR                 0.00          0.00    40.30%      2.76     2.76     2.74     2.76        2.53     2.74     2.53     2.74     -0.02    -0.72%
      16              16  2603      長榮                   12.50          0.00    40.15%    190.00   196.00   189.50   196.00      246.50   254.00   246.00   251.50    +55.50   +28.32%
      17              13  2207      和泰車                 103.50         46.00    40.01%    479.50   482.00   476.00   480.50      505.00   519.00   505.00   518.00    +37.50    +7.80%
      18              15  2357      華碩                  449.00        204.00    39.64%    675.00   687.00   670.00   687.00      913.00   923.00   906.00   921.00   +234.00   +34.06%
      19              18  1709      和益                    0.00          0.00    39.08%     24.55    24.75    23.40    23.95       30.80    33.30    30.60    33.30     +9.35   +39.04%
      20              49  8033      雷虎                  138.00        150.50    38.94%    223.00   227.50   213.00   227.50      190.50   190.50   185.00   185.50    -42.00   -18.46%
      21              51  3413      京鼎                  105.50        133.50    38.67%    348.50   351.50   333.00   339.00      286.50   288.00   283.50   284.50    -54.50   -16.08%
      22              25  9921      巨大                   10.00          0.00    38.64%     76.50    76.70    73.60    74.10      110.00   110.00   106.00   107.50    +33.40   +45.07%
      23              48  2395      研華                  312.50         90.00    38.34%    546.00   546.00   533.00   546.00      672.00   672.00   643.00   649.00   +103.00   +18.86%
      24              11  6214      精誠                   40.00          0.00    37.63%    135.00   136.50   133.50   135.00      179.50   180.00   178.50   179.50    +44.50   +32.96%
      25              21  2546      根基                    0.00          0.00    37.47%     92.70    93.60    92.00    92.10      117.00   117.50   112.00   114.50    +22.40   +24.32%
      26              22  1470      大統新創                  0.00          0.00    37.19%     21.75    21.80    21.75    21.80       23.70    23.70    23.70    23.70     +1.90    +8.72%
      27              33  1909      榮成                    0.00          0.00    36.75%     10.75    11.15    10.75    10.90       11.10    11.20    11.00    11.20     +0.30    +2.75%
      28              36  3231      緯創                   59.50          9.50    36.42%    150.00   152.00   145.00   146.50      178.00   178.00   175.00   175.50    +29.00   +19.80%
      29              24  6431      光麗-KY                 0.00          0.00    36.37%     19.05    19.05    18.15    18.20       19.70    20.30    19.20    20.30     +2.10   +11.54%
      30              32  1526      日馳                    0.00          0.00    36.36%     14.60    14.65    14.40    14.45       16.70    16.95    16.65    16.80     +2.35   +16.26%
      31              60  2059      川湖                 9330.00       4030.00    36.30%   8415.00  8440.00  7850.00  8095.00    13900.00 14000.00 13310.00 13385.00  +5290.00   +65.35%
      32              38  3712      永崴投控                  0.00          0.00    36.13%     16.80    17.70    16.70    17.55       20.50    20.70    20.25    20.65     +3.10   +17.66%
      33              23  2609      陽明                    0.00          0.00    36.01%     51.20    52.30    51.20    52.30       60.70    64.60    60.10    64.00    +11.70   +22.37%
      34              19  6598      ABC-KY                0.00          0.00    35.80%     22.65    23.05    22.65    22.75       28.75    28.80    27.80    28.55     +5.80   +25.49%
      35              43  2008      高興昌                   0.00          0.00    35.80%     29.50    29.75    29.50    29.55       30.60    31.00    30.60    31.00     +1.45    +4.91%
      36              26  3543      州巧                    0.00          0.00    35.71%     31.30    32.35    30.20    30.40       43.45    44.00    42.10    44.00    +13.60   +44.74%
      37              27  1468      昶和                    0.00          0.00    35.55%     12.15    12.20    11.85    12.20       13.05    13.25    12.80    13.25     +1.05    +8.61%
      38             147  4764      雙鍵                  185.00        247.50    35.50%    293.00   326.50   267.50   316.00      211.00   231.50   209.50   219.00    -97.00   -30.70%
      39              41  6934      心誠鎂                   0.00          0.00    35.46%     68.70    75.00    68.70    73.60       71.10    72.00    71.10    72.00     -1.60    -2.17%
      40              50  3450      聯鈞                  446.50        370.50    35.45%    515.00   515.00   495.00   510.00      558.00   578.00   541.00   551.00    +41.00    +8.04%
==========================================================================================================================================================================
✅ 共 40 筆


══════════════════════════════════════════════════════════════════════════════════════════════════════════════
  🔄 第 28/30 次  2026/07/07 ～ 2026/08/19
══════════════════════════════════════════════════════════════════════════════════════════════════════════════

==========================================================================================================================================================================
📊 動能效率優先權分數排名 (2026/07/07 ~ 2026/08/19)
==========================================================================================================================================================================
    實資排名          累計天數排名  代號        名稱                 累計漲停(元)       累計跌停(元)       強度%  (07/07)開盤      最高      最低      收盤    (08/19)開盤      最高      最低      收盤      賺賠    賺賠率
--------------------------------------------------------------------------------------------------------------------------------------------------------------------------
       1               1  8039      台虹                  285.00        133.00   100.00%    148.50   149.50   140.00   141.00      270.00   284.00   266.00   271.50   +130.50   +92.55%
       2               3  6533      晶心科                 107.00         38.50    57.66%    203.50   203.50   191.50   192.00      244.00   253.00   244.00   248.50    +56.50   +29.43%
       3               2  9110      越南控-DR                0.00          0.00    54.12%      3.30     3.30     3.06     3.30        3.04     3.05     3.00     3.05     -0.25    -7.58%
       4              15  7827      漢康-KY創               32.00         24.50    50.43%    155.50   171.50   155.50   171.50      155.00   155.00   152.50   153.50    -18.00   -10.50%
       5               7  2033      佳大                    0.00          0.00    49.21%     16.35    16.35    16.00    16.15       21.90    24.15    21.85    22.50     +6.35   +39.32%
       6               4  2321      東訊                    0.00          0.00    48.97%     13.30    13.50    13.30    13.50        0.00     0.00     0.00     0.00    -13.50  -100.00%
       7               8  7740      熙特爾-創                41.00         29.00    48.74%    145.50   151.00   144.00   145.00      142.00   143.00   141.50   142.00     -3.00    -2.07%
       8               5  6141      柏承                    0.00          0.00    48.74%     37.50    38.60    35.00    35.00       39.00    45.35    39.00    44.50     +9.50   +27.14%
       9             114  6166      凌華                   63.00         55.50    48.31%    134.00   135.50   127.00   128.50      121.50   131.00   120.00   123.50     -5.00    -3.89%
      10               9  3593      力銘                    0.00          0.00    48.28%     14.10    14.70    14.05    14.70       10.35    11.00    10.35    11.00     -3.70   -25.17%
      11              12  3413      京鼎                  124.00        133.50    47.95%    338.00   358.00   331.50   344.00      285.00   292.50   284.50   288.50    -55.50   -16.13%
      12              42  6921      嘉雨思-創                 0.00          0.00    44.06%     68.80    69.00    66.60    67.20       70.00    70.00    67.60    68.10     +0.90    +1.34%
      13               6  3653      健策                 3850.00       1700.00    44.01%   3315.00  3355.00  3170.00  3195.00     4895.00  5540.00  4890.00  5460.00  +2265.00   +70.89%
      14              13  9921      巨大                   10.00          0.00    43.39%     77.10    77.10    74.50    75.70       97.30   104.50    96.00   104.00    +28.30   +37.38%
      15              14  2546      根基                    0.00          0.00    41.30%     95.30    95.30    93.50    93.90      107.00   112.50   105.50   111.00    +17.10   +18.21%
      16              16  2603      長榮                   12.50          0.00    41.27%    191.00   191.50   186.50   188.00      236.00   240.50   232.00   240.50    +52.50   +27.93%
      17              27  3231      緯創                   59.50          9.50    40.95%    158.50   159.50   155.50   155.50      177.00   182.00   175.00   182.00    +26.50   +17.04%
      18              18  2207      和泰車                  93.50         46.00    40.78%    473.00   481.00   471.00   471.00      512.00   512.00   505.00   506.00    +35.00    +7.43%
      19              48  2395      研華                  312.50         84.50    40.37%    519.00   522.00   493.00   496.50      674.00   704.00   667.00   694.00   +197.50   +39.78%
      20              25  1909      榮成                    0.00          0.00    40.29%     10.65    10.95    10.55    10.75       10.85    11.40    10.85    11.20     +0.45    +4.19%
      21              17  1470      大統新創                  0.00          0.00    40.12%     21.70    21.70    21.40    21.40       23.10    23.75    22.40    23.75     +2.35   +10.98%
      22              19  911608    明輝-DR                 0.00          0.00    40.10%      2.77     2.78     2.76     2.76        2.83     2.83     2.78     2.78     +0.02    +0.72%
      23              11  6214      精誠                   40.00          0.00    40.05%    136.50   136.50   133.00   133.00      174.50   181.50   174.50   178.50    +45.50   +34.21%
      24              22  6426      統新                  108.50         52.00    39.78%    190.50   200.00   181.50   183.00      220.00   244.00   220.00   231.00    +48.00   +26.23%
      25              43  3450      聯鈞                  446.50        395.50    39.71%    534.00   544.00   493.00   495.00      533.00   593.00   529.00   567.00    +72.00   +14.55%
      26              28  6715      嘉基                  281.00        261.50    39.59%    481.00   481.00   433.00   452.00      400.00   460.50   395.00   447.50     -4.50    -1.00%
      27              10  6598      ABC-KY                0.00          0.00    39.52%     23.00    23.65    22.60    22.95       27.90    28.00    27.45    27.50     +4.55   +19.83%
      28              33  1709      和益                    0.00          0.00    39.46%     24.30    25.15    24.05    24.50       32.00    33.85    31.85    32.55     +8.05   +32.86%
      29              23  2357      華碩                  449.00        221.00    39.36%    681.00   681.00   661.00   663.00      896.00   925.00   891.00   925.00   +262.00   +39.52%
      30              44  3712      永崴投控                  0.00          0.00    39.32%     17.55    18.05    17.55    17.55       20.40    20.70    20.20    20.50     +2.95   +16.81%
      31              26  2615      萬海                    0.00          0.00    39.27%     79.40    79.40    77.00    77.00      102.50   107.00    99.80   106.50    +29.50   +38.31%
      32              85  6949      沛爾生醫-創              633.00        445.00    39.19%    899.00   950.00   884.00   920.00     1050.00  1135.00  1045.00  1085.00   +165.00   +17.93%
      33              65  2059      川湖                 9805.00       3490.00    39.17%   8560.00  8560.00  8200.00  8260.00    13895.00 14500.00 13895.00 14095.00  +5835.00   +70.64%
      34              40  2008      高興昌                   0.00          0.00    38.81%     29.55    30.15    29.50    29.60       30.55    31.00    30.50    30.50     +0.90    +3.04%
      35              36  6934      心誠鎂                   0.00          0.00    38.66%     68.50    70.00    64.20    68.90       72.30    73.00    72.30    73.00     +4.10    +5.95%
      36              32  2027      大成鋼                   0.00          0.00    38.65%     41.25    41.65    40.90    40.90       48.75    50.50    48.20    50.00     +9.10   +22.25%
      37              31  1526      日馳                    0.00          0.00    38.59%     14.90    14.90    14.55    14.55       16.35    17.10    16.30    17.00     +2.45   +16.84%
      38              37  8462      柏文                    9.50          0.00    38.30%    150.50   155.50   149.50   155.00      173.00   178.50   173.00   174.00    +19.00   +12.26%
      39              49  7823      奧義賽博-KY創              0.00          0.00    38.28%     81.00    81.00    80.00    80.00       84.40    84.40    81.30    83.90     +3.90    +4.88%
      40              39  2006      東和鋼鐵                  0.00          0.00    38.25%     69.00    69.20    68.20    68.90       80.30    82.30    79.60    81.30    +12.40   +18.00%
==========================================================================================================================================================================
✅ 共 40 筆


══════════════════════════════════════════════════════════════════════════════════════════════════════════════
  🔄 第 29/30 次  2026/07/06 ～ 2026/08/18
══════════════════════════════════════════════════════════════════════════════════════════════════════════════

==========================================================================================================================================================================
📊 動能效率優先權分數排名 (2026/07/06 ~ 2026/08/18)
==========================================================================================================================================================================
    實資排名          累計天數排名  代號        名稱                 累計漲停(元)       累計跌停(元)       強度%  (07/06)開盤      最高      最低      收盤    (08/18)開盤      最高      最低      收盤      賺賠    賺賠率
--------------------------------------------------------------------------------------------------------------------------------------------------------------------------
       1               1  8039      台虹                  285.00        133.00   100.00%    151.00   160.00   149.50   149.50      258.00   284.50   258.00   277.50   +128.00   +85.62%
       2               2  9110      越南控-DR                0.00          0.00    61.50%      3.00     3.38     2.95     3.36        3.04     3.05     3.04     3.05     -0.31    -9.23%
       3               3  6533      晶心科                 107.00         38.50    57.87%    201.50   210.50   200.00   200.00      244.00   248.50   243.00   245.00    +45.00   +22.50%
       4               4  2321      東訊                    0.00          0.00    53.06%     13.15    13.60    13.15    13.60       14.95    15.00    14.95    15.00     +1.40   +10.29%
       5              23  7827      漢康-KY創               32.00         24.50    52.00%    161.50   161.50   153.00   156.00      156.00   156.00   151.50   156.00     +0.00    +0.00%
       6               6  2033      佳大                    0.00          0.00    50.69%     16.40    16.50    16.30    16.40       22.15    22.30    21.25    22.00     +5.60   +34.15%
       7               7  7740      熙特爾-創                41.00         29.00    49.99%    150.00   152.00   145.00   145.00      143.00   144.50   141.00   141.50     -3.50    -2.41%
       8               9  3413      京鼎                  124.00        133.50    49.71%    329.50   331.50   320.50   325.50      298.00   302.00   288.50   288.50    -37.00   -11.37%
       9              10  6957      裕慶-KY                67.00         23.50    48.60%    195.00   212.00   195.00   212.00      217.50   218.00   213.50   214.00     +2.00    +0.94%
      10             206  6166      凌華                   63.00         55.50    48.59%    135.50   135.50   130.00   130.50      128.50   129.00   121.00   122.50     -8.00    -6.13%
      11              16  3593      力銘                    0.00          0.00    48.16%     14.80    14.80    14.20    14.75       11.20    11.20    10.60    11.00     -3.75   -25.42%
      12              17  6921      嘉雨思-創                 0.00          0.00    48.08%     68.90    69.30    68.90    69.00       71.50    71.50    70.00    71.00     +2.00    +2.90%
      13               8  2207      和泰車                  93.50         46.00    45.05%    472.50   482.00   472.50   476.50      511.00   514.00   509.00   512.00    +35.50    +7.45%
      14              20  6141      柏承                    0.00          0.00    44.95%     37.95    38.65    37.30    37.50       39.20    42.35    39.20    41.25     +3.75   +10.00%
      15              22  2359      所羅門                  64.00         37.00    43.42%    143.00   146.00   142.00   142.50      178.00   183.00   164.50   177.50    +35.00   +24.56%
      16              12  911608    明輝-DR                 0.00          0.00    43.21%      2.85     2.85     2.80     2.81        2.40     2.85     2.40     2.84     +0.03    +1.07%
      17               5  6598      ABC-KY                0.00          0.00    43.19%     23.20    23.70    22.80    23.25       28.80    29.20    27.75    27.75     +4.50   +19.35%
      18              28  3712      永崴投控                  0.00          0.00    42.87%     19.10    19.90    18.95    19.45       22.35    22.35    20.20    20.40     +0.95    +4.88%
      19              13  2546      根基                    0.00          0.00    42.55%     95.10    95.10    94.50    94.90      106.50   107.00   103.50   107.00    +12.10   +12.75%
      20              26  1709      和益                    0.00          0.00    42.40%     24.45    25.45    24.10    24.85       32.55    33.25    30.95    32.70     +7.85   +31.59%
      21              14  2880      華南金                   0.00          0.00    42.32%     37.80    38.50    37.70    38.25       38.90    40.10    38.70    39.70     +1.45    +3.79%
      22              27  1909      榮成                    0.00          0.00    42.28%     10.55    10.90    10.50    10.65       11.15    11.30    10.90    11.10     +0.45    +4.23%
      23              19  2603      長榮                   12.50          0.00    42.26%    197.00   198.50   194.50   195.50      232.00   242.00   231.00   238.00    +42.50   +21.74%
      24              29  2008      高興昌                   0.00          0.00    42.08%     30.50    30.65    30.50    30.65       30.65    30.75    30.65    30.65     +0.00    +0.00%
      25              24  6431      光麗-KY                 0.00          0.00    41.97%     17.85    19.60    17.85    19.60       19.30    20.00    18.50    19.90     +0.30    +1.53%
      26              15  1470      大統新創                  0.00          0.00    41.88%     21.70    21.70    21.70    21.70       23.95    23.95    23.10    23.60     +1.90    +8.76%
      27              30  8462      柏文                    9.50          0.00    41.69%    148.00   151.00   147.50   151.00      176.00   176.00   174.00   174.00    +23.00   +15.23%
      28              31  1341      富林-KY                 0.00          0.00    41.41%     58.50    58.50    57.70    57.70       60.40    60.50    60.40    60.50     +2.80    +4.85%
      29              61  2059      川湖                 9805.00       3430.00    41.41%   8000.00  8000.00  7495.00  7785.00    14105.00 15085.00 13965.00 14370.00  +6585.00   +84.59%
      30              21  2850      新產                   10.50          0.00    41.14%    143.50   147.50   143.50   147.50      161.00   162.00   160.00   161.50    +14.00    +9.49%
      31              18  1468      昶和                    0.00          0.00    41.05%     12.25    12.50    12.15    12.30       13.15    13.35    13.00    13.20     +0.90    +7.32%
      32              49  1413      宏洲                    0.00          0.00    40.91%      9.47     9.56     9.04     9.50        9.26     9.32     9.26     9.32     -0.18    -1.89%
      33              48  1472      三洋實業                  0.00          0.00    40.84%     87.80    88.40    87.70    87.90       89.00    89.10    88.50    88.50     +0.60    +0.68%
      34              35  7823      奧義賽博-KY創              0.00          0.00    40.77%     81.50    81.50    80.00    80.00       84.30    84.40    83.10    83.50     +3.50    +4.38%
      35              34  2027      大成鋼                   0.00          0.00    40.73%     41.15    41.65    41.10    41.30       49.30    50.20    48.80    49.70     +8.40   +20.34%
      36              41  8443      阿瘦                    0.00          0.00    40.68%     11.40    11.45    11.40    11.45       11.45    11.45    11.45    11.45     +0.00    +0.00%
      37              39  910322    康師傅-DR                0.00          0.00    40.61%     22.00    23.45    22.00    23.45       26.90    27.15    26.90    26.90     +3.45   +14.71%
      38              38  2357      華碩                  434.00        221.00    40.54%    681.00   689.00   672.00   680.00      930.00   933.00   891.00   910.00   +230.00   +33.82%
      39              33  2615      萬海                    0.00          0.00    40.50%     80.20    81.50    79.40    80.00       99.90   108.00    98.90   105.00    +25.00   +31.25%
      40              89  9921      巨大                   10.00          0.00    40.42%     77.10    78.70    76.60    77.10       97.00    98.40    95.20    97.40    +20.30   +26.33%
==========================================================================================================================================================================
✅ 共 40 筆


══════════════════════════════════════════════════════════════════════════════════════════════════════════════
  🔄 第 30/30 次  2026/07/02 ～ 2026/08/17
══════════════════════════════════════════════════════════════════════════════════════════════════════════════

==========================================================================================================================================================================
📊 動能效率優先權分數排名 (2026/07/02 ~ 2026/08/17)
==========================================================================================================================================================================
    實資排名          累計天數排名  代號        名稱                 累計漲停(元)       累計跌停(元)       強度%  (07/02)開盤      最高      最低      收盤    (08/17)開盤      最高      最低      收盤      賺賠    賺賠率
--------------------------------------------------------------------------------------------------------------------------------------------------------------------------
       1               2  8039      台虹                  266.50        133.00   100.00%    143.50   149.50   143.00   148.00      274.00   286.50   253.00   259.00   +111.00   +75.00%
       2               1  9110      越南控-DR                0.00          0.00    67.67%      3.06     3.39     3.06     3.39        2.91     3.05     2.91     3.05     -0.34   -10.03%
       3               3  6533      晶心科                 107.00         38.50    59.92%    195.50   202.00   191.50   202.00      246.50   247.00   240.50   243.50    +41.50   +20.54%
       4               5  2359      所羅門                  77.00         37.00    54.07%    132.50   146.50   132.00   146.50      166.50   175.00   165.00   175.00    +28.50   +19.45%
       5               4  2321      東訊                    0.00          0.00    53.37%      0.00     0.00     0.00     0.00       15.00    15.35    15.00    15.30        --        --
       6              74  6166      凌華                   63.00         55.50    53.18%    129.50   135.50   124.00   135.00      132.00   136.00   127.50   128.00     -7.00    -5.19%
       7               7  2033      佳大                    0.00          0.00    51.82%     15.95    16.25    15.65    16.15       23.00    23.60    21.75    21.95     +5.80   +35.91%
       8               8  3413      京鼎                  124.00        133.50    51.71%    325.00   333.00   322.50   330.00      295.50   300.00   294.00   297.00    -33.00   -10.00%
       9              53  7827      漢康-KY創               32.00         24.50    50.70%    168.00   169.00   153.50   162.00      161.00   161.00   154.00   157.00     -5.00    -3.09%
      10              11  7740      熙特爾-創                41.00         29.00    50.34%    150.50   151.00   148.50   149.00      141.50   142.50   140.00   142.00     -7.00    -4.70%
      11              13  6957      裕慶-KY                67.00         23.50    49.38%    190.00   191.50   188.00   188.00      218.50   220.00   215.50   218.00    +30.00   +15.96%
      12              19  3593      力銘                    0.00          0.00    48.96%     14.50    14.90    14.25    14.50       11.50    11.50    11.20    11.20     -3.30   -22.76%
      13              21  6921      嘉雨思-創                 0.00          0.00    48.72%     67.50    68.60    67.50    68.00       75.30    75.30    71.00    71.00     +3.00    +4.41%
      14              12  3712      永崴投控                  0.00          0.00    46.11%     18.20    18.50    17.90    18.10       22.10    23.55    21.60    22.35     +4.25   +23.48%
      15              14  8271      宇瞻                   82.50         63.00    45.78%    174.50   192.50   174.00   192.50      233.50   233.50   227.50   228.00    +35.50   +18.44%
      16               6  6598      ABC-KY                0.00          0.00    44.77%     22.55    22.75    22.35    22.75       27.80    28.80    27.80    28.70     +5.95   +26.15%
      17              22  3605      宏致                   12.00          0.00    44.64%     84.60    92.00    83.20    90.10      131.50   136.50   128.00   131.50    +41.40   +45.95%
      18              10  2207      和泰車                  93.50         46.00    44.64%    463.50   473.50   462.00   464.50      514.00   520.00   513.00   515.00    +50.50   +10.87%
      19              40  2059      川湖                 9410.00       3430.00    44.30%   7375.00  7880.00  7375.00  7880.00    13750.00 13750.00 13750.00 13750.00  +5870.00   +74.49%
      20              16  2357      華碩                  444.00        193.00    44.26%    650.00   667.00   642.00   667.00      985.00   986.00   921.00   938.00   +271.00   +40.63%
      21              15  3653      健策                 3615.00       1610.00    44.25%   3320.00  3495.00  3245.00  3475.00     5340.00  5340.00  5340.00  5340.00  +1865.00   +53.67%
      22              20  1909      榮成                    0.00          0.00    43.74%      9.47     9.85     9.47     9.85       10.55    11.50    10.45    11.45     +1.60   +16.24%
      23              45  3231      緯創                   59.50          9.50    43.17%    157.00   160.00   156.00   158.50      193.50   193.50   184.50   187.00    +28.50   +17.98%
      24              27  1709      和益                    0.00          0.00    43.12%     22.65    23.40    22.60    23.40       30.90    33.35    30.55    32.75     +9.35   +39.96%
      25              33  6669      緯穎                 3650.00       2130.00    42.81%   4905.00  5200.00  4865.00  5200.00     6585.00  6740.00  6420.00  6620.00  +1420.00   +27.31%
      26              24  8462      柏文                    9.50          0.00    42.56%    143.00   146.00   143.00   144.50      173.50   178.50   173.50   177.50    +33.00   +22.84%
      27              17  4576      大銀微系統                86.50         60.00    42.39%    212.00   235.00   210.00   235.00      220.00   233.00   220.00   225.50     -9.50    -4.04%
      28              25  1470      大統新創                  0.00          0.00    41.91%     21.00    21.00    21.00    21.00       23.05    23.35    23.05    23.35     +2.35   +11.19%
      29              23  2546      根基                    0.00          0.00    41.35%     94.60    95.30    93.70    93.80       99.80   107.00    99.50   105.00    +11.20   +11.94%
      30              32  7823      奧義賽博-KY創              0.00          0.00    41.16%     77.80    79.00    77.80    79.00       77.70    84.90    77.70    84.40     +5.40    +6.84%
      31             139  6414      樺漢                  216.50        196.00    41.12%    365.50   374.50   365.50   373.50      408.00   422.00   408.00   417.50    +44.00   +11.78%
      32              41  6934      心誠鎂                   0.00          0.00    41.10%     63.60    66.80    61.60    66.00       70.90    72.80    70.90    72.70     +6.70   +10.15%
      33              26  2880      華南金                   0.00          0.00    41.08%     36.35    36.95    36.35    36.60       38.60    39.25    38.00    39.20     +2.60    +7.10%
      34              88  6141      柏承                    0.00          0.00    41.07%     39.80    39.80    38.55    38.85       35.30    38.50    34.90    38.50     -0.35    -0.90%
      35              34  3055      蔚華科                  88.50        112.80    40.99%    129.00   140.00   129.00   140.00      113.50   117.00   112.50   114.00    -26.00   -18.57%
      36              18  1468      昶和                    0.00          0.00    40.92%     11.90    12.10    11.80    12.10       13.25    13.30    13.00    13.30     +1.20    +9.92%
      37              75  1213      大飲                    0.00          0.00    40.83%      7.90     7.90     7.89     7.90        7.18     7.45     7.18     7.38     -0.52    -6.58%
      38              30  1597      直得                   35.00         34.00    40.83%    141.50   157.00   141.00   157.00      144.50   151.00   144.50   145.00    -12.00    -7.64%
      39              39  2008      高興昌                   0.00          0.00    40.78%     31.25    31.25    30.50    30.80       30.55    31.10    30.55    31.10     +0.30    +0.97%
      40              49  1472      三洋實業                  0.00          0.00    40.72%     86.90    87.60    86.90    87.60       89.00    89.20    89.00    89.20     +1.60    +1.83%
==========================================================================================================================================================================
✅ 共 40 筆
