資料日期,股票代號,股票名稱,20261007成交量,20261006成交量,20261005成交量,20261002成交量,20261001成交量,20260930成交量,20260929成交量,20260924成交量,20260923成交量,20260922成交量,20260921成交量,20260918成交量,20260917成交量,20260916成交量,20260915成交量,20260914成交量,20260911成交量,20260910成交量,20260909成交量,20260908成交量,20260907成交量,20260904成交量,20260903成交量,20260902成交量,20260901成交量,20260831成交量,20260828成交量,20260827成交量,20260826成交量,20260824成交量,近3日平均成交量,最新成交量占個股近3日總量(%),最新成交量占全市場近3日總量(%),近5日平均成交量,最新成交量占個股近5日總量(%),最新成交量占全市場近5日總量(%),近10日平均成交量,最新成交量占個股近10日總量(%),最新成交量占全市場近10日總量(%),近15日平均成交量,最新成交量占個股近15日總量(%),最新成交量占全市場近15日總量(%),近20日平均成交量,最新成交量占個股近20日總量(%),最新成交量占全市場近20日總量(%),近30日平均成交量,最新成交量占個股近30日總量(%),最新成交量占全市場近30日總量(%)
report_date,code,name,volume_20261007,volume_20261006,volume_20261005,volume_20261002,volume_20261001,volume_20260930,volume_20260929,volume_20260924,volume_20260923,volume_20260922,volume_20260921,volume_20260918,volume_20260917,volume_20260916,volume_20260915,volume_20260914,volume_20260911,volume_20260910,volume_20260909,volume_20260908,volume_20260907,volume_20260904,volume_20260903,volume_20260902,volume_20260901,volume_20260831,volume_20260828,volume_20260827,volume_20260826,volume_20260824,avg_volume_3d,stock_volume_share_3d_pct,market_volume_share_3d_pct,avg_volume_5d,stock_volume_share_5d_pct,market_volume_share_5d_pct,avg_volume_10d,stock_volume_share_10d_pct,market_volume_share_10d_pct,avg_volume_15d,stock_volume_share_15d_pct,market_volume_share_15d_pct,avg_volume_20d,stock_volume_share_20d_pct,market_volume_share_20d_pct,avg_volume_30d,stock_volume_share_30d_pct,market_volume_share_30d_pct
20261007,00411A,主動統一前沿科技,20710000.0,11010000.0,13470000.0,9894000.0,21050000.0,15181000.0,7969000.0,8290000.0,14079000.0,35671000.0,30314000.0,89745000.0,16475000.0,5497000.0,5715000.0,20319000.0,11598000.0,10875000.0,25512000.0,16714000.0,11311000.0,21532000.0,13752000.0,19835000.0,12053000.0,29899000.0,26083000.0,29039000.0,67010000.0,,15063333.33,45.8287,0.467295,15226800.0,27.202,0.278175,15732400.0,13.1639,0.155014,20338000.0,6.7886,0.10791,19504400.0,5.3091,0.085302,21400068.97,3.3371,0.058019
20261007,006201,元大富櫃50,101000.0,225000.0,292000.0,188000.0,107000.0,105000.0,94000.0,56000.0,171000.0,361000.0,129000.0,353000.0,251000.0,34000.0,128000.0,105000.0,163000.0,41000.0,94000.0,80000.0,125000.0,198000.0,173000.0,145000.0,241000.0,121000.0,100000.0,119000.0,128000.0,131000.0,206000.0,16.343,0.002279,182600.0,11.0624,0.001357,170000.0,5.9412,0.000756,173000.0,3.8921,0.000526,153900.0,3.2814,0.000416,151966.67,2.2154,0.000283
20261007,00679B,元大美債20年,16180000.0,28931000.0,25215000.0,24784000.0,19274000.0,19354000.0,44924000.0,23958000.0,10718000.0,9786000.0,9862000.0,12033000.0,14890000.0,34000000.0,18466000.0,16372000.0,20309000.0,18308000.0,17810000.0,13408000.0,13789000.0,12233000.0,14902000.0,16432000.0,20611000.0,11882000.0,12614000.0,12443000.0,20781000.0,12302000.0,23442000.0,23.0071,0.365081,22876800.0,14.1453,0.217329,22312400.0,7.2516,0.121107,20825000.0,5.1797,0.084306,19929100.0,4.0594,0.066643,18219033.33,2.9603,0.045328
20261007,00687B,國泰20年美債,14009000.0,21179000.0,16674000.0,26931000.0,15674000.0,9734000.0,32147000.0,25251000.0,10385000.0,5169000.0,10637000.0,12518000.0,10286000.0,11571000.0,12274000.0,9945000.0,12224000.0,10832000.0,9347000.0,17289000.0,9082000.0,9223000.0,11607000.0,24313000.0,15473000.0,10479000.0,7552000.0,9356000.0,9941000.0,28455000.0,17287333.33,27.0121,0.316095,18893400.0,14.8295,0.188168,17715300.0,7.9079,0.104857,15629266.67,5.9755,0.072994,14703800.0,4.7637,0.057701,14318566.67,3.2613,0.039246
20261007,00687C,國泰20年美債+櫃U,36900.0,35000.0,34800.0,25000.0,25000.0,28000.0,26000.0,32100.0,25000.0,25000.0,29800.0,25000.0,25000.0,25000.0,25000.0,25000.0,26000.0,25000.0,25000.0,25000.0,25000.0,25000.0,25000.0,25000.0,26000.0,25000.0,25000.0,25000.0,25000.0,25000.0,35566.67,34.5829,0.000833,31340.0,23.5482,0.000496,29280.0,12.6025,0.000276,28173.33,8.7317,0.000192,27430.0,6.7262,0.000152,26653.33,4.6148,0.000103
20261007,00694B,富邦美債1-3,306000.0,176000.0,1530000.0,2146000.0,88000.0,247000.0,265000.0,834000.0,180000.0,1433000.0,474000.0,1371000.0,121000.0,232000.0,268000.0,183000.0,550000.0,145000.0,371000.0,517000.0,115000.0,226000.0,664000.0,603000.0,80000.0,201000.0,151000.0,107000.0,128000.0,224000.0,670666.67,15.2087,0.006905,849200.0,7.2068,0.00411,720500.0,4.2471,0.00229,644733.33,3.1641,0.001594,571850.0,2.6755,0.00126,464533.33,2.1958,0.000857
20261007,00695B,富邦美債7-10,311000.0,371000.0,340000.0,299000.0,123000.0,237000.0,380000.0,391000.0,332000.0,223000.0,234000.0,441000.0,197000.0,386000.0,368000.0,153000.0,2974000.0,69000.0,111000.0,116000.0,149000.0,221000.0,69000.0,123000.0,137000.0,422000.0,90000.0,430000.0,1791000.0,73000.0,340666.67,30.4305,0.007017,288800.0,21.5374,0.004177,300700.0,10.3425,0.002328,308866.67,6.7127,0.00162,402800.0,3.8605,0.001281,385366.67,2.6901,0.000871
20261007,00696B,富邦美債20年,3199000.0,4762000.0,2206000.0,7817000.0,2363000.0,1915000.0,4532000.0,6999000.0,2132000.0,830000.0,1605000.0,3285000.0,793000.0,1614000.0,3394000.0,859000.0,2035000.0,924000.0,1134000.0,3883000.0,1853000.0,1847000.0,1351000.0,5811000.0,1866000.0,1111000.0,4419000.0,2117000.0,915000.0,1386000.0,3389000.0,31.4645,0.072181,4069400.0,15.7222,0.042969,3675500.0,8.7036,0.023944,3163066.67,6.7424,0.016668,2814050.0,5.684,0.013176,2631900.0,4.0516,0.008962
20261007,00697B,元大美債7-10,499000.0,426000.0,1214000.0,318000.0,792000.0,274000.0,712000.0,500000.0,297000.0,485000.0,266000.0,403000.0,429000.0,403000.0,382000.0,230000.0,922000.0,250000.0,311000.0,202000.0,336000.0,142000.0,114000.0,115000.0,699000.0,670000.0,337000.0,474000.0,219000.0,192000.0,713000.0,23.3287,0.011259,649800.0,15.3586,0.006703,551700.0,9.0448,0.003735,493333.33,6.7432,0.0026,465750.0,5.357,0.002055,420433.33,3.9562,0.001398
20261007,00719B,元大美債1-3,2279000.0,4092000.0,3984000.0,1521000.0,2242000.0,1744000.0,2887000.0,3312000.0,1934000.0,2624000.0,3390000.0,2704000.0,2301000.0,3415000.0,1012000.0,1670000.0,2295000.0,1959000.0,2115000.0,2194000.0,2639000.0,1430000.0,1736000.0,1750000.0,2239000.0,1355000.0,2461000.0,2617000.0,983000.0,2125000.0,3451666.67,22.0087,0.051423,2823600.0,16.1425,0.030611,2661900.0,8.5616,0.017058,2629400.0,5.7783,0.011875,2483700.0,4.5879,0.009387,2300300.0,3.3025,0.006385
20261007,00720B,元大投資級公司債,9232000.0,6620000.0,4876000.0,6092000.0,9692000.0,5709000.0,11966000.0,7937000.0,3990000.0,2254000.0,2198000.0,4567000.0,2957000.0,3364000.0,2594000.0,5517000.0,4462000.0,4047000.0,4083000.0,5411000.0,3315000.0,3984000.0,3019000.0,2875000.0,3148000.0,4499000.0,2330000.0,5120000.0,3677000.0,5072000.0,6909333.33,44.5388,0.208308,7302400.0,25.2848,0.124004,6836800.0,13.5034,0.069101,5603200.0,10.9842,0.048104,5378400.0,8.5825,0.038025,4820233.33,6.3842,0.025863
20261007,00722B,群益投資級電信債,2513000.0,3550000.0,3979000.0,2796000.0,3324000.0,5391000.0,7506000.0,4198000.0,6528000.0,2248000.0,2834000.0,2742000.0,2541000.0,2472000.0,2411000.0,4964000.0,899000.0,2578000.0,5009000.0,2759000.0,2668000.0,3303000.0,4898000.0,2599000.0,3071000.0,2128000.0,2105000.0,4085000.0,5153000.0,10154000.0,3347333.33,25.0249,0.056703,3232400.0,15.5488,0.033754,4203300.0,5.9786,0.01881,3668866.67,4.5664,0.013094,3562100.0,3.5274,0.010351,3713533.33,2.2557,0.00704
20261007,00723B,群益投資級科技債,199000.0,168000.0,196000.0,154000.0,164000.0,101000.0,131000.0,135000.0,359000.0,113000.0,192000.0,118000.0,153000.0,125000.0,103000.0,107000.0,64000.0,103000.0,106000.0,103000.0,270000.0,127000.0,107000.0,143000.0,150000.0,159000.0,180000.0,292000.0,193000.0,314000.0,187666.67,35.3464,0.00449,176200.0,22.588,0.002673,172000.0,11.5698,0.00149,160733.33,8.2538,0.001037,144700.0,6.8763,0.00082,160966.67,4.1209,0.000557
20261007,00724B,群益投資級金融債,3526000.0,3723000.0,4730000.0,3783000.0,3655000.0,4374000.0,4102000.0,4248000.0,4635000.0,3464000.0,3594000.0,4854000.0,3545000.0,3758000.0,4052000.0,4571000.0,3472000.0,3788000.0,4304000.0,3751000.0,3710000.0,5420000.0,2957000.0,3687000.0,3624000.0,4159000.0,3572000.0,3644000.0,5582000.0,5295000.0,3993000.0,29.4348,0.07956,3883400.0,18.1593,0.047361,4024000.0,8.7624,0.026392,4002866.67,5.8725,0.018372,3996450.0,4.4114,0.014523,4052633.33,2.9002,0.009878
20261007,00725B,國泰投資級公司債,6661000.0,6354000.0,3864000.0,3301000.0,3573000.0,3216000.0,6139000.0,3608000.0,2477000.0,1313000.0,1735000.0,2279000.0,2102000.0,2076000.0,1400000.0,1968000.0,3543000.0,5268000.0,1453000.0,2575000.0,2375000.0,1756000.0,2488000.0,4791000.0,3174000.0,2540000.0,1468000.0,3794000.0,3085000.0,2608000.0,5626333.33,39.4632,0.150297,4750600.0,28.0428,0.08947,4050600.0,16.4445,0.049857,3339866.67,13.2959,0.034707,3245250.0,10.2627,0.027436,3099466.67,7.1636,0.018661
20261007,00726B,國泰新興投等債,194000.0,149000.0,153000.0,454000.0,166000.0,143000.0,342000.0,566000.0,111000.0,220000.0,130000.0,393000.0,164000.0,201000.0,494000.0,147000.0,160000.0,146000.0,210000.0,249000.0,97000.0,160000.0,153000.0,148000.0,222000.0,160000.0,129000.0,123000.0,133000.0,115000.0,165333.33,39.1129,0.004377,223200.0,17.3835,0.002606,249800.0,7.7662,0.001452,258666.67,5.0,0.001011,239600.0,4.0484,0.000799,207733.33,3.113,0.000543
20261007,00727B,國泰優選非投等債,120000.0,164000.0,137000.0,163000.0,127000.0,124000.0,129000.0,276000.0,107000.0,130000.0,179000.0,136000.0,126000.0,117000.0,108000.0,126000.0,338000.0,116000.0,125000.0,208000.0,115000.0,117000.0,159000.0,183000.0,138000.0,119000.0,153000.0,107000.0,113000.0,188000.0,140333.33,28.5036,0.002708,142200.0,16.8776,0.001612,147700.0,8.1246,0.000898,142866.67,5.5996,0.000625,152800.0,3.9267,0.000494,148266.67,2.6978,0.000336
20261007,00734B,台新JPM新興債,,130000.0,121000.0,221000.0,21000.0,197000.0,790000.0,236000.0,215000.0,110000.0,114000.0,325000.0,248000.0,125000.0,202000.0,101000.0,307000.0,2000.0,336000.0,4000.0,101000.0,20000.0,302000.0,1000.0,1000.0,100000.0,101000.0,602000.0,31000.0,1000.0,125500.0,,,123250.0,,,226777.78,,,218214.29,,,200263.16,,,174655.17,,
20261007,00740B,富邦全球投等債,2116000.0,2154000.0,1326000.0,3619000.0,1143000.0,1235000.0,1512000.0,4595000.0,1722000.0,1606000.0,1582000.0,2654000.0,1702000.0,1101000.0,1174000.0,2577000.0,1839000.0,2410000.0,2438000.0,1248000.0,1499000.0,869000.0,1810000.0,436000.0,1410000.0,1445000.0,2221000.0,992000.0,2643000.0,716000.0,1865333.33,37.8127,0.047745,2071600.0,20.4287,0.028422,2102800.0,10.0628,0.015838,1949400.0,7.2364,0.011025,1987650.0,5.3229,0.008716,1793133.33,3.9335,0.005928
20261007,00741B,富邦全球非投等債,135000.0,138000.0,206000.0,114000.0,102000.0,118000.0,113000.0,109000.0,193000.0,87000.0,113000.0,104000.0,118000.0,114000.0,119000.0,179000.0,67000.0,120000.0,118000.0,214000.0,133000.0,107000.0,115000.0,107000.0,119000.0,121000.0,73000.0,102000.0,109000.0,116000.0,159666.67,28.1837,0.003046,139000.0,19.4245,0.001813,131500.0,10.2662,0.00101,125533.33,7.1694,0.000703,129050.0,5.2305,0.000556,122766.67,3.6655,0.000378
20261007,00746B,富邦A級公司債,299000.0,712000.0,332000.0,1031000.0,417000.0,233000.0,1468000.0,1083000.0,881000.0,384000.0,338000.0,616000.0,231000.0,585000.0,507000.0,304000.0,824000.0,281000.0,191000.0,581000.0,213000.0,472000.0,227000.0,298000.0,812000.0,609000.0,8000.0,491000.0,102000.0,179000.0,447666.67,22.2636,0.006747,558200.0,10.713,0.004016,684000.0,4.3713,0.002238,607800.0,3.2796,0.001558,564900.0,2.6465,0.001232,490300.0,2.0328,0.000838
20261007,00749B,凱基新興債10+,110000.0,108000.0,101000.0,101000.0,100000.0,103000.0,145000.0,109000.0,102000.0,102000.0,144000.0,123000.0,101000.0,111000.0,106000.0,101000.0,104000.0,101000.0,118000.0,108000.0,121000.0,103000.0,100000.0,120000.0,103000.0,100000.0,100000.0,100000.0,114000.0,192000.0,106333.33,34.4828,0.002482,104000.0,21.1538,0.001478,108100.0,10.1758,0.000823,111066.67,6.6026,0.000573,109900.0,5.0045,0.000453,111700.0,3.2826,0.000308
20261007,00750B,凱基科技債10+,105000.0,100000.0,101000.0,114000.0,100000.0,100000.0,101000.0,109000.0,100000.0,113000.0,100000.0,133000.0,100000.0,101000.0,103000.0,101000.0,102000.0,100000.0,100000.0,100000.0,100000.0,100000.0,299000.0,112000.0,100000.0,100000.0,100000.0,100000.0,103000.0,101000.0,102000.0,34.3137,0.002369,104000.0,20.1923,0.00141,104300.0,10.0671,0.000786,105333.33,6.6456,0.000547,104150.0,5.0408,0.000432,109933.33,3.1837,0.000294
20261007,00751B,元大AAA至A公司債,3301000.0,7543000.0,5979000.0,6069000.0,7252000.0,4528000.0,13883000.0,8447000.0,2017000.0,3933000.0,3142000.0,7174000.0,3791000.0,2668000.0,2265000.0,3872000.0,9563000.0,5107000.0,3966000.0,4361000.0,4991000.0,4027000.0,3517000.0,4612000.0,4300000.0,4026000.0,4530000.0,6081000.0,4123000.0,6934000.0,5607666.67,19.6219,0.074483,6028800.0,10.9508,0.044339,6295200.0,5.2437,0.024708,5466133.33,4.026,0.0172,5443050.0,3.0323,0.013596,5200066.67,2.116,0.009248
20261007,00754B,群益AAA-AA公司債,171000.0,113000.0,147000.0,293000.0,116000.0,116000.0,130000.0,109000.0,114000.0,102000.0,146000.0,105000.0,104000.0,115000.0,106000.0,220000.0,194000.0,101000.0,107000.0,105000.0,100000.0,100000.0,109000.0,115000.0,156000.0,104000.0,108000.0,104000.0,115000.0,153000.0,143666.67,39.6752,0.003858,168000.0,20.3571,0.002297,141100.0,12.1191,0.00128,132466.67,8.6059,0.000891,135700.0,6.3007,0.000704,129266.67,4.4095,0.000479
20261007,00755B,群益投資級公用債,223000.0,137000.0,109000.0,454000.0,112000.0,105000.0,140000.0,104000.0,108000.0,102000.0,101000.0,101000.0,132000.0,104000.0,117000.0,104000.0,52000.0,108000.0,115000.0,109000.0,103000.0,126000.0,130000.0,101000.0,110000.0,105000.0,122000.0,113000.0,149000.0,194000.0,156333.33,47.548,0.005032,207000.0,21.5459,0.002995,159400.0,13.99,0.001669,143266.67,10.3769,0.001162,131850.0,8.4566,0.000919,129666.67,5.7326,0.000625
20261007,00756B,群益投等新興公債,286000.0,254000.0,244000.0,413000.0,236000.0,154000.0,278000.0,222000.0,171000.0,120000.0,108000.0,215000.0,179000.0,153000.0,163000.0,135000.0,77000.0,208000.0,168000.0,229000.0,234000.0,237000.0,120000.0,192000.0,206000.0,314000.0,137000.0,135000.0,124000.0,182000.0,261333.33,36.4796,0.006453,286600.0,19.9581,0.003842,237800.0,12.0269,0.002141,213066.67,8.9487,0.00149,200650.0,7.1268,0.001178,196466.67,4.8524,0.000801
20261007,00758B,復華能源債,107000.0,100000.0,100000.0,100000.0,104000.0,100000.0,100000.0,100000.0,101000.0,100000.0,100000.0,100000.0,100000.0,102000.0,102000.0,103000.0,100000.0,100000.0,100000.0,102000.0,100000.0,100000.0,100000.0,100000.0,100000.0,100000.0,100000.0,100000.0,100000.0,100000.0,102333.33,34.8534,0.002414,102200.0,20.9393,0.001437,101200.0,10.5731,0.000801,101066.67,7.058,0.000558,101050.0,5.2944,0.000441,100700.0,3.5419,0.0003
20261007,00759B,復華製藥債,101000.0,100000.0,100000.0,100000.0,100000.0,100000.0,100000.0,100000.0,100000.0,100000.0,100000.0,100000.0,101000.0,101000.0,101000.0,100000.0,100000.0,100000.0,100000.0,100000.0,100000.0,100000.0,101000.0,100000.0,101000.0,100000.0,100000.0,100000.0,104000.0,100000.0,100333.33,33.5548,0.002279,100200.0,20.1597,0.001357,100100.0,10.0899,0.000756,100266.67,6.7154,0.000526,100200.0,5.0399,0.000416,100333.33,3.3555,0.000283
20261007,00760B,復華新興企業債,106000.0,297000.0,115000.0,108000.0,102000.0,104000.0,106000.0,100000.0,103000.0,104000.0,100000.0,100000.0,120000.0,101000.0,105000.0,102000.0,106000.0,102000.0,102000.0,112000.0,102000.0,102000.0,103000.0,104000.0,107000.0,101000.0,101000.0,110000.0,103000.0,103000.0,172666.67,20.4633,0.002392,145600.0,14.5604,0.001424,124500.0,8.5141,0.000793,118066.67,5.9853,0.000552,114750.0,4.6187,0.000437,111033.33,3.1822,0.000297
20261007,00761B,國泰A級公司債,601000.0,306000.0,195000.0,493000.0,510000.0,168000.0,575000.0,443000.0,220000.0,506000.0,132000.0,676000.0,261000.0,362000.0,312000.0,327000.0,259000.0,229000.0,259000.0,478000.0,284000.0,762000.0,263000.0,253000.0,350000.0,322000.0,439000.0,180000.0,197000.0,152000.0,367333.33,54.5372,0.013561,421000.0,28.5511,0.008073,401700.0,14.9614,0.004498,384000.0,10.434,0.003132,365600.0,8.2194,0.002475,350466.67,5.7162,0.001684
20261007,00764B,群益25年美債,1967000.0,4106000.0,12507000.0,3494000.0,2156000.0,9133000.0,2706000.0,9145000.0,13380000.0,4249000.0,3726000.0,8934000.0,3471000.0,2372000.0,4386000.0,11485000.0,2042000.0,3992000.0,10975000.0,3714000.0,3333000.0,9238000.0,9329000.0,4356000.0,3529000.0,7633000.0,4316000.0,5847000.0,18663000.0,12657000.0,6193333.33,10.5867,0.044383,4846000.0,8.118,0.026421,6284300.0,3.13,0.014723,5715466.67,2.2944,0.010249,5897000.0,1.6678,0.008102,6561366.67,0.9993,0.005511
20261007,00768B,復華20年美債,786000.0,522000.0,2288000.0,447000.0,331000.0,403000.0,740000.0,314000.0,332000.0,340000.0,436000.0,696000.0,1445000.0,178000.0,454000.0,307000.0,231000.0,220000.0,215000.0,245000.0,228000.0,281000.0,351000.0,533000.0,2849000.0,523000.0,233000.0,375000.0,193000.0,233000.0,1198666.67,21.8576,0.017735,874800.0,17.9698,0.010558,650300.0,12.0867,0.005883,647466.67,8.0931,0.004095,546500.0,7.1912,0.003237,557633.33,4.6984,0.002202
20261007,00772B,中信高評級公司債,2416000.0,4021000.0,2692000.0,2615000.0,3450000.0,2303000.0,7667000.0,2853000.0,2141000.0,710000.0,2231000.0,2317000.0,1408000.0,1597000.0,1081000.0,1694000.0,1918000.0,1825000.0,1510000.0,3026000.0,2266000.0,1332000.0,963000.0,1035000.0,1830000.0,1619000.0,1002000.0,740000.0,1487000.0,1107000.0,3043000.0,26.4651,0.054514,3038800.0,15.901,0.032452,3086800.0,7.8269,0.018084,2633466.67,6.1161,0.012589,2473750.0,4.8833,0.009951,2095200.0,3.8437,0.006768
20261007,00773B,中信優先金融債,1808000.0,1934000.0,1338000.0,1495000.0,944000.0,1566000.0,1662000.0,850000.0,529000.0,77000.0,1299000.0,1781000.0,1738000.0,1876000.0,1722000.0,669000.0,956000.0,220000.0,1736000.0,781000.0,1545000.0,1586000.0,1201000.0,1813000.0,1860000.0,230000.0,1953000.0,82000.0,1944000.0,2443000.0,1693333.33,35.5906,0.040795,1503800.0,24.0458,0.024285,1220300.0,14.816,0.013533,1374600.0,8.7686,0.009421,1249050.0,7.2375,0.007447,1321266.67,4.5613,0.005065
20261007,00777B,凱基AAA至A公司債,155000.0,108000.0,111000.0,120000.0,102000.0,100000.0,114000.0,108000.0,100000.0,106000.0,101000.0,115000.0,102000.0,100000.0,115000.0,102000.0,132000.0,147000.0,159000.0,103000.0,101000.0,100000.0,100000.0,100000.0,100000.0,102000.0,100000.0,100000.0,105000.0,103000.0,124666.67,41.4439,0.003497,119200.0,26.0067,0.002082,112400.0,13.79,0.00116,110466.67,9.3543,0.000808,115000.0,6.7391,0.000638,110366.67,4.6814,0.000434
20261007,00778B,凱基金融債20+,100000.0,100000.0,103000.0,100000.0,113000.0,100000.0,102000.0,120000.0,102000.0,100000.0,100000.0,112000.0,102000.0,100000.0,101000.0,101000.0,101000.0,100000.0,101000.0,113000.0,100000.0,100000.0,100000.0,102000.0,100000.0,100000.0,100000.0,100000.0,100000.0,103000.0,101000.0,33.0033,0.002256,103200.0,19.3798,0.001343,104000.0,9.6154,0.000748,103666.67,6.4309,0.000521,103550.0,4.8286,0.000412,102533.33,3.251,0.00028
20261007,00779B,凱基美債25+,423000.0,369000.0,372000.0,345000.0,311000.0,314000.0,355000.0,389000.0,105000.0,316000.0,335000.0,311000.0,318000.0,300000.0,310000.0,311000.0,313000.0,312000.0,323000.0,304000.0,304000.0,304000.0,307000.0,300000.0,301000.0,304000.0,355000.0,300000.0,378000.0,301000.0,388000.0,36.3402,0.009544,364000.0,23.2418,0.005682,329900.0,12.8221,0.003166,324866.67,8.6805,0.002204,321800.0,6.5724,0.001742,319666.67,4.4108,0.001185
20261007,00780B,國泰A級金融債,101000.0,110000.0,110000.0,114000.0,111000.0,115000.0,118000.0,108000.0,103000.0,109000.0,105000.0,136000.0,116000.0,143000.0,105000.0,159000.0,138000.0,102000.0,104000.0,106000.0,159000.0,112000.0,187000.0,237000.0,121000.0,160000.0,114000.0,106000.0,100000.0,117000.0,107000.0,31.4642,0.002279,109200.0,18.4982,0.001357,109900.0,9.1902,0.000756,113600.0,5.9272,0.000526,115650.0,4.3666,0.000416,124200.0,2.7107,0.000283
20261007,00781B,國泰A級科技債,102000.0,154000.0,149000.0,135000.0,166000.0,161000.0,205000.0,354000.0,123000.0,119000.0,152000.0,136000.0,314000.0,128000.0,121000.0,144000.0,249000.0,138000.0,126000.0,151000.0,182000.0,127000.0,143000.0,126000.0,163000.0,236000.0,140000.0,140000.0,185000.0,137000.0,135000.0,25.1852,0.002302,141200.0,14.4476,0.00137,166800.0,6.1151,0.000763,167933.33,4.0492,0.000531,166350.0,3.0658,0.00042,163533.33,2.0791,0.000286
20261007,00782B,國泰A級公用債,126000.0,297000.0,494000.0,199000.0,522000.0,223000.0,317000.0,592000.0,159000.0,130000.0,136000.0,600000.0,320000.0,131000.0,109000.0,323000.0,417000.0,214000.0,137000.0,231000.0,333000.0,183000.0,163000.0,238000.0,199000.0,319000.0,163000.0,120000.0,170000.0,123000.0,305666.67,13.7405,0.002843,327600.0,7.6923,0.001692,305900.0,4.119,0.000943,290333.33,2.8932,0.000657,283850.0,2.2195,0.000519,256266.67,1.6389,0.000353
20261007,00785B,富邦金融投等債,57000.0,54000.0,52000.0,130000.0,91000.0,151000.0,178000.0,151000.0,176000.0,51000.0,51000.0,50000.0,50000.0,64000.0,52000.0,51000.0,51000.0,51000.0,51000.0,52000.0,51000.0,241000.0,52000.0,51000.0,53000.0,51000.0,20000.0,51000.0,52000.0,57000.0,54333.33,34.9693,0.001286,76800.0,14.8438,0.000766,109100.0,5.2246,0.000427,90533.33,4.1973,0.000297,80700.0,3.5316,0.000235,76433.33,2.4858,0.00016
20261007,00786B,元大10年IG銀行債,10000.0,82000.0,68000.0,212000.0,75000.0,11000.0,16000.0,75000.0,16000.0,52000.0,38000.0,17000.0,48000.0,34000.0,24000.0,21000.0,57000.0,10000.0,133000.0,9000.0,22000.0,95000.0,14000.0,38000.0,74000.0,19000.0,33000.0,29000.0,5000.0,78000.0,53333.33,6.25,0.000226,89400.0,2.2371,0.000134,61700.0,1.6207,7.5e-05,51866.67,1.2853,5.2e-05,50400.0,0.9921,4.1e-05,47166.67,0.7067,2.8e-05
20261007,00787B,元大10年IG醫療債,2000.0,13000.0,10000.0,5000.0,4000.0,3000.0,36000.0,44000.0,16000.0,4000.0,13000.0,5000.0,1000.0,6000.0,3000.0,3000.0,7000.0,,8000.0,3000.0,24000.0,15000.0,104000.0,9000.0,4000.0,9000.0,12000.0,1000.0,4000.0,7000.0,8333.33,8.0,4.5e-05,6800.0,5.8824,2.7e-05,13700.0,1.4599,1.5e-05,11000.0,1.2121,1e-05,9789.47,1.0753,8e-06,12931.03,0.5333,6e-06
20261007,00788B,元大10年IG電能債,25000.0,45000.0,8000.0,22000.0,47000.0,42000.0,41000.0,14000.0,5000.0,36000.0,71000.0,16000.0,25000.0,28000.0,33000.0,53000.0,55000.0,10000.0,7000.0,100000.0,2000.0,87000.0,22000.0,4000.0,8000.0,34000.0,66000.0,4000.0,1000.0,36000.0,26000.0,32.0513,0.000564,29400.0,17.0068,0.000336,28500.0,8.7719,0.000187,30533.33,5.4585,0.00013,34150.0,3.6603,0.000103,31566.67,2.6399,7e-05
20261007,00789B,復華公司債A3,115000.0,104000.0,100000.0,181000.0,105000.0,102000.0,109000.0,106000.0,122000.0,101000.0,100000.0,112000.0,100000.0,100000.0,106000.0,100000.0,100000.0,100000.0,111000.0,100000.0,100000.0,111000.0,100000.0,105000.0,112000.0,102000.0,101000.0,100000.0,104000.0,110000.0,106333.33,36.0502,0.002595,121000.0,19.0083,0.001545,114500.0,10.0437,0.000861,110866.67,6.9152,0.000599,108700.0,5.2898,0.000474,107300.0,3.5725,0.000322
20261007,00791B,復華信用債1-5,102000.0,101000.0,100000.0,100000.0,102000.0,106000.0,109000.0,104000.0,103000.0,100000.0,102000.0,102000.0,101000.0,103000.0,129000.0,101000.0,100000.0,110000.0,100000.0,100000.0,103000.0,100000.0,101000.0,100000.0,105000.0,111000.0,101000.0,100000.0,101000.0,101000.0,101000.0,33.6634,0.002302,101000.0,20.198,0.00137,102700.0,9.9318,0.000763,104266.67,6.5217,0.000531,103750.0,4.9157,0.00042,103266.67,3.2924,0.000286
20261007,00792B,群益A級公司債,164000.0,106000.0,138000.0,149000.0,128000.0,104000.0,127000.0,108000.0,53000.0,132000.0,103000.0,300000.0,153000.0,129000.0,143000.0,107000.0,154000.0,123000.0,99000.0,111000.0,167000.0,59000.0,125000.0,126000.0,171000.0,136000.0,112000.0,131000.0,213000.0,246000.0,136000.0,40.1961,0.0037,137000.0,23.9416,0.002203,120900.0,13.5649,0.001228,135800.0,8.0511,0.000855,131550.0,6.2334,0.000675,137233.33,3.9835,0.000459
20261007,00793B,群益AAA-A醫療債,,,,,,,,,,,,,55000.0,120000.0,110000.0,125000.0,91000.0,59000.0,20000.0,80000.0,57000.0,7000.0,452000.0,105000.0,89000.0,111000.0,147000.0,92000.0,93000.0,72000.0,,,,,,,,,,95000.0,,,82500.0,,,104722.22,,
20261007,00795B,中信美國公債20年,8987000.0,6660000.0,6867000.0,12194000.0,9965000.0,7650000.0,9589000.0,9372000.0,6882000.0,5601000.0,4570000.0,3931000.0,6285000.0,5779000.0,4907000.0,2739000.0,5275000.0,2697000.0,7350000.0,6298000.0,7608000.0,2999000.0,2883000.0,10396000.0,5252000.0,6276000.0,1924000.0,2190000.0,6218000.0,4689000.0,7504666.67,39.9174,0.20278,8934600.0,20.1173,0.120713,8376700.0,10.7286,0.067268,7282600.0,8.2269,0.046827,6679900.0,6.7269,0.037016,6134433.33,4.8834,0.025177
20261007,00799B,國泰A級醫療債,178000.0,181000.0,216000.0,199000.0,207000.0,327000.0,357000.0,170000.0,157000.0,212000.0,109000.0,283000.0,120000.0,156000.0,144000.0,214000.0,182000.0,239000.0,235000.0,180000.0,31000.0,408000.0,353000.0,280000.0,222000.0,126000.0,169000.0,195000.0,177000.0,173000.0,191666.67,30.9565,0.004016,196200.0,18.1448,0.002391,220400.0,8.0762,0.001332,201066.67,5.9019,0.000927,203300.0,4.3778,0.000733,206666.67,2.871,0.000499
20261007,00834B,第一金金融債10+,151000.0,133000.0,100000.0,150000.0,120000.0,117000.0,252000.0,100000.0,100000.0,123000.0,100000.0,113000.0,100000.0,113000.0,100000.0,113000.0,100000.0,100000.0,102000.0,111000.0,100000.0,142000.0,120000.0,100000.0,109000.0,100000.0,137000.0,100000.0,100000.0,100000.0,128000.0,39.3229,0.003407,130800.0,23.0887,0.002028,134600.0,11.2184,0.00113,124800.0,8.0662,0.000787,119900.0,6.2969,0.000622,116866.67,4.3069,0.000423
20261007,00836B,永豐10年A公司債,239000.0,5000.0,2000.0,4000.0,2000.0,1000.0,85000.0,58000.0,20000.0,55000.0,15000.0,24000.0,1000.0,1000.0,107000.0,73000.0,114000.0,116000.0,76000.0,71000.0,95000.0,73000.0,121000.0,111000.0,17000.0,1000.0,6000.0,1000.0,12000.0,117000.0,82000.0,97.1545,0.005393,50400.0,94.8413,0.00321,47100.0,50.7431,0.001789,41266.67,38.6107,0.001245,53450.0,22.3573,0.000984,54100.0,14.7258,0.00067
20261007,00840B,凱基IG精選15+,107000.0,100000.0,101000.0,100000.0,100000.0,100000.0,102000.0,208000.0,100000.0,101000.0,100000.0,100000.0,100000.0,100000.0,100000.0,100000.0,102000.0,100000.0,101000.0,100000.0,100000.0,102000.0,100000.0,100000.0,100000.0,100000.0,100000.0,100000.0,100000.0,103000.0,102666.67,34.7403,0.002414,101600.0,21.063,0.001437,111900.0,9.5621,0.000801,107933.33,6.609,0.000558,106100.0,5.0424,0.000441,104233.33,3.4218,0.0003
20261007,00841B,凱基AAA-AA公司債,100000.0,108000.0,102000.0,136000.0,100000.0,105000.0,105000.0,108000.0,100000.0,100000.0,100000.0,100000.0,100000.0,100000.0,100000.0,100000.0,100000.0,100000.0,100000.0,100000.0,100000.0,100000.0,101000.0,101000.0,100000.0,100000.0,100000.0,100000.0,100000.0,100000.0,103333.33,32.2581,0.002256,109200.0,18.315,0.001343,106400.0,9.3985,0.000748,104266.67,6.3939,0.000521,103200.0,4.845,0.000412,102200.0,3.2616,0.00028
20261007,00842B,台新美元銀行債,60000.0,346000.0,309000.0,348000.0,123000.0,331000.0,595000.0,445000.0,178000.0,156000.0,392000.0,310000.0,38000.0,362000.0,344000.0,159000.0,399000.0,262000.0,308000.0,324000.0,161000.0,47000.0,319000.0,76000.0,179000.0,462000.0,267000.0,140000.0,595000.0,103000.0,238333.33,8.3916,0.001354,237200.0,5.059,0.000806,289100.0,2.0754,0.000449,289133.33,1.3834,0.000313,289450.0,1.0364,0.000247,271266.67,0.7373,0.000168
20261007,00844B,台新15年IG金融債,182000.0,86000.0,80000.0,172000.0,107000.0,80000.0,126000.0,80000.0,158000.0,80000.0,81000.0,80000.0,80000.0,80000.0,81000.0,80000.0,82000.0,80000.0,81000.0,80000.0,80000.0,161000.0,1000.0,123000.0,120000.0,81000.0,80000.0,83000.0,160000.0,102000.0,116000.0,52.2989,0.004107,125400.0,29.0271,0.002445,115100.0,15.8123,0.001362,103533.33,11.7193,0.000948,97800.0,9.3047,0.00075,98233.33,6.1758,0.00051
20261007,00845B,富邦新興投等債,193000.0,237000.0,101000.0,125000.0,151000.0,100000.0,164000.0,120000.0,110000.0,141000.0,109000.0,116000.0,101000.0,102000.0,113000.0,121000.0,100000.0,119000.0,147000.0,182000.0,101000.0,351000.0,140000.0,146000.0,104000.0,103000.0,1000.0,100000.0,102000.0,116000.0,177000.0,36.3465,0.004355,161400.0,23.9157,0.002592,144200.0,13.3842,0.001445,132200.0,9.7327,0.001006,132600.0,7.2775,0.000795,130533.33,4.9285,0.000541
20261007,00846B,富邦歐洲銀行債,101000.0,122000.0,104000.0,106000.0,102000.0,102000.0,103000.0,104000.0,102000.0,102000.0,102000.0,106000.0,102000.0,103000.0,102000.0,107000.0,105000.0,102000.0,102000.0,101000.0,105000.0,103000.0,113000.0,101000.0,101000.0,102000.0,1000.0,104000.0,104000.0,102000.0,109000.0,30.8869,0.002279,107000.0,18.8785,0.001357,104800.0,9.6374,0.000756,104200.0,6.4619,0.000526,104000.0,4.8558,0.000416,100533.33,3.3488,0.000283
20261007,00847B,中信美國市政債,,,,259000.0,233000.0,297000.0,320000.0,246000.0,393000.0,423000.0,503000.0,208000.0,623000.0,480000.0,333000.0,608000.0,297000.0,229000.0,469000.0,307000.0,453000.0,302000.0,226000.0,225000.0,201000.0,154000.0,402000.0,500000.0,500000.0,572000.0,,,,246000.0,,,310142.86,,,359833.33,,,366352.94,,,361592.59,,
20261007,00848B,中信新興亞洲債,494000.0,211000.0,204000.0,218000.0,202000.0,211000.0,318000.0,314000.0,306000.0,401000.0,506000.0,247000.0,504000.0,506000.0,322000.0,500000.0,207000.0,200000.0,309000.0,218000.0,300000.0,300000.0,201000.0,205000.0,205000.0,300000.0,330000.0,460000.0,498000.0,481000.0,303000.0,54.3454,0.011146,265800.0,37.1708,0.006635,287900.0,17.1587,0.003698,330933.33,9.9517,0.002574,319900.0,7.7212,0.002035,322600.0,5.1044,0.001384
20261007,00849B,中信EM主權債0-5,221000.0,223000.0,218000.0,210000.0,203000.0,213000.0,309000.0,312000.0,301000.0,407000.0,504000.0,200000.0,515000.0,419000.0,307000.0,514000.0,222000.0,217000.0,319000.0,223000.0,302000.0,341000.0,203000.0,237000.0,204000.0,144000.0,514000.0,503000.0,510000.0,502000.0,220666.67,33.3837,0.004987,215000.0,20.5581,0.002968,261700.0,8.4448,0.001654,304133.33,4.8444,0.001152,302850.0,3.6487,0.00091,317233.33,2.3222,0.000619
20261007,00853B,統一美債10年Aa-A,1034000.0,1028000.0,1043000.0,1053000.0,1504000.0,1073000.0,1247000.0,1105000.0,1097000.0,1262000.0,1455000.0,1087000.0,1178000.0,1230000.0,1097000.0,1008000.0,527000.0,1007000.0,1026000.0,609000.0,1027000.0,1004000.0,1010000.0,1060000.0,1034000.0,1124000.0,1030000.0,1037000.0,1083000.0,1013000.0,1035000.0,33.3011,0.023331,1132400.0,18.2621,0.013889,1144600.0,9.0337,0.007739,1166200.0,5.9109,0.005388,1083500.0,4.7716,0.004259,1069733.33,3.222,0.002897
20261007,00856B,永豐1-3年美公債,,1000.0,10000.0,277000.0,22000.0,3000.0,2000.0,14000.0,1000.0,6000.0,3000.0,1000.0,70000.0,41000.0,1000.0,6000.0,,11000.0,2000.0,59000.0,6000.0,71000.0,41000.0,15000.0,2000.0,4000.0,217000.0,4000.0,14000.0,7000.0,5500.0,,,77500.0,,,37333.33,,,32285.71,,,29444.44,,,32535.71,,
20261007,00857B,永豐20年美公債,1617000.0,1914000.0,1079000.0,2143000.0,702000.0,1091000.0,1910000.0,1159000.0,880000.0,871000.0,1251000.0,1443000.0,647000.0,2394000.0,2223000.0,954000.0,777000.0,615000.0,684000.0,1737000.0,914000.0,291000.0,520000.0,1456000.0,883000.0,1065000.0,731000.0,345000.0,435000.0,941000.0,1536666.67,35.0759,0.036486,1491000.0,21.6901,0.021719,1336600.0,12.0979,0.012103,1421600.0,7.583,0.008425,1304550.0,6.1975,0.00666,1122400.0,4.8022,0.00453
20261007,00858,永豐美國500大,773000.0,571000.0,296000.0,233000.0,660000.0,253000.0,274000.0,138000.0,291000.0,592000.0,370000.0,209000.0,620000.0,377000.0,278000.0,280000.0,612000.0,148000.0,280000.0,200000.0,574000.0,242000.0,199000.0,404000.0,239000.0,353000.0,446000.0,153000.0,273000.0,384000.0,546666.67,47.1341,0.017442,506600.0,30.5172,0.010383,408100.0,18.9414,0.005786,395666.67,13.0244,0.004028,372750.0,10.3689,0.003184,357400.0,7.2095,0.002166
20261007,00859B,群益0-1年美債,3067000.0,2842000.0,3288000.0,3026000.0,2730000.0,2162000.0,3439000.0,3201000.0,2113000.0,3201000.0,3529000.0,2273000.0,3191000.0,3226000.0,3256000.0,3224000.0,2534000.0,1841000.0,2163000.0,3752000.0,3626000.0,1402000.0,1520000.0,2933000.0,3136000.0,2979000.0,2394000.0,2594000.0,2938000.0,2866000.0,3065666.67,33.3478,0.069203,2990600.0,20.5109,0.041196,2906900.0,10.5508,0.022956,2969600.0,6.8853,0.015981,2902900.0,5.2826,0.012633,2814866.67,3.6319,0.008592
20261007,00860B,群益1-5Y投資級債,109000.0,133000.0,128000.0,160000.0,101000.0,106000.0,101000.0,105000.0,71000.0,129000.0,111000.0,109000.0,106000.0,105000.0,100000.0,100000.0,104000.0,101000.0,60000.0,115000.0,122000.0,60000.0,135000.0,100000.0,106000.0,102000.0,137000.0,128000.0,108000.0,140000.0,123333.33,29.4595,0.002459,126200.0,17.2742,0.001464,114300.0,9.5363,0.000816,111600.0,6.5114,0.000568,107700.0,5.0604,0.000449,109733.33,3.3111,0.000305
20261007,00862B,中信投資級公司債,235000.0,224000.0,232000.0,407000.0,267000.0,213000.0,1256000.0,252000.0,416000.0,502000.0,728000.0,242000.0,587000.0,362000.0,387000.0,613000.0,338000.0,290000.0,378000.0,336000.0,377000.0,389000.0,282000.0,293000.0,262000.0,142000.0,328000.0,500000.0,530000.0,508000.0,230333.33,34.0087,0.005302,273000.0,17.2161,0.003157,400400.0,5.8691,0.001759,420666.67,3.7242,0.001224,413250.0,2.8433,0.000968,395866.67,1.9788,0.000658
20261007,00863B,中信全球電信債,210000.0,208000.0,205000.0,256000.0,712000.0,256000.0,232000.0,377000.0,313000.0,584000.0,612000.0,282000.0,502000.0,465000.0,308000.0,512000.0,204000.0,202000.0,399000.0,374000.0,309000.0,407000.0,203000.0,339000.0,257000.0,170000.0,565000.0,509000.0,815000.0,553000.0,207666.67,33.7079,0.004738,318200.0,13.1992,0.002821,335300.0,6.263,0.001572,368133.33,3.803,0.001094,360650.0,2.9114,0.000865,378000.0,1.8519,0.000588
20261007,00864B,中信美國公債0-1,683000.0,772000.0,1587000.0,857000.0,992000.0,908000.0,887000.0,885000.0,638000.0,1393000.0,1534000.0,1206000.0,1484000.0,1392000.0,1222000.0,1178000.0,1144000.0,869000.0,976000.0,888000.0,1326000.0,995000.0,939000.0,616000.0,851000.0,1019000.0,1862000.0,1829000.0,1377000.0,1386000.0,1014000.0,22.4523,0.015411,978200.0,13.9644,0.009174,960200.0,7.1131,0.005112,1096000.0,4.1545,0.003559,1074750.0,3.1775,0.002813,1123166.67,2.027,0.001913
20261007,00867B,台新A-BBB電信債,12000.0,54000.0,1000.0,120000.0,657000.0,61000.0,44000.0,605000.0,901000.0,1200000.0,,3000.0,1000.0,1000.0,3000.0,,2000.0,12000.0,2000.0,10000.0,1000.0,225000.0,,1000.0,1000.0,,24000.0,,6000.0,1000.0,22333.33,17.9104,0.000271,168800.0,1.4218,0.000161,365500.0,0.3283,9e-05,261642.86,0.3276,6.3e-05,204944.44,0.3253,4.9e-05,157920.0,0.304,3.4e-05
20261007,00870B,元大15年EM主權債,71000.0,13000.0,46000.0,191000.0,92000.0,86000.0,349000.0,85000.0,1000.0,1000.0,40000.0,22000.0,2000.0,1000.0,24000.0,5000.0,4000.0,2000.0,1000.0,1000.0,1000.0,1000.0,1000.0,4000.0,6000.0,20000.0,1000.0,1000.0,80000.0,33000.0,43333.33,54.6154,0.001602,82600.0,17.1913,0.000954,93500.0,7.5936,0.000531,68266.67,6.9336,0.00037,51850.0,6.8467,0.000292,39500.0,5.9916,0.000199
20261007,00877,復華中國5G,825000.0,841000.0,1427000.0,1538000.0,1058000.0,2085000.0,6341000.0,1465000.0,1522000.0,2034000.0,1919000.0,2930000.0,1820000.0,1946000.0,1619000.0,1541000.0,1499000.0,1132000.0,1149000.0,2999000.0,2456000.0,1535000.0,1797000.0,1604000.0,2139000.0,1518000.0,1926000.0,3314000.0,2862000.0,4680000.0,1031000.0,26.6731,0.018615,1137800.0,14.5017,0.011081,1913600.0,4.3112,0.006175,1958000.0,2.809,0.004299,1884500.0,2.1889,0.003398,2050700.0,1.341,0.002311
20261007,00884B,中信低碳新興債,255000.0,219000.0,213000.0,214000.0,201000.0,209000.0,282000.0,230000.0,305000.0,404000.0,501000.0,206000.0,528000.0,430000.0,355000.0,486000.0,202000.0,205000.0,310000.0,210000.0,300000.0,341000.0,209000.0,234000.0,200000.0,141000.0,541000.0,440000.0,525000.0,614000.0,229000.0,37.1179,0.005754,220400.0,23.1397,0.003425,253200.0,10.0711,0.001909,303466.67,5.6019,0.001329,298250.0,4.2749,0.00105,317000.0,2.6814,0.000714
20261007,00886,永豐美國科技,22000.0,21000.0,20000.0,21000.0,47000.0,20000.0,21000.0,20000.0,20000.0,27000.0,20000.0,24000.0,20000.0,42000.0,32000.0,30000.0,20000.0,20000.0,22000.0,22000.0,30000.0,21000.0,21000.0,40000.0,6000.0,32000.0,25000.0,22000.0,53000.0,80000.0,21000.0,34.9206,0.000496,26200.0,16.7939,0.000296,23900.0,9.205,0.000165,25133.33,5.8355,0.000115,24550.0,4.4807,9.1e-05,27366.67,2.6797,6.2e-05
20261007,00887,永豐中國科技50大,1775000.0,1745000.0,3131000.0,3533000.0,1976000.0,4675000.0,7574000.0,2766000.0,3429000.0,6708000.0,4524000.0,3800000.0,4068000.0,2471000.0,2946000.0,3272000.0,5770000.0,3401000.0,4060000.0,4615000.0,3218000.0,2137000.0,3294000.0,4267000.0,3611000.0,2904000.0,3148000.0,4508000.0,4297000.0,10029000.0,2217000.0,26.6877,0.040051,2432000.0,14.597,0.023842,3731200.0,4.7572,0.013286,3674733.33,3.2202,0.009249,3811950.0,2.3282,0.007311,3921733.33,1.5087,0.004973
20261007,00888,永豐台灣ESG,6419000.0,7203000.0,9673000.0,11220000.0,5517000.0,4940000.0,4469000.0,3975000.0,4311000.0,12158000.0,8879000.0,11332000.0,7891000.0,2642000.0,3450000.0,3781000.0,6141000.0,3559000.0,5961000.0,6041000.0,18424000.0,3469000.0,4384000.0,5078000.0,10041000.0,4232000.0,9895000.0,3422000.0,5275000.0,4922000.0,7765000.0,27.5553,0.144837,8006400.0,16.0347,0.08622,6988500.0,9.1851,0.048046,6938600.0,6.1674,0.033446,6478100.0,4.9544,0.026439,6623466.67,3.2304,0.017983
20261007,00890B,凱基ESG BBB債15+,165000.0,122000.0,104000.0,104000.0,101000.0,105000.0,112000.0,124000.0,115000.0,110000.0,106000.0,105000.0,106000.0,101000.0,101000.0,101000.0,102000.0,102000.0,101000.0,121000.0,114000.0,110000.0,109000.0,102000.0,100000.0,131000.0,102000.0,100000.0,107000.0,103000.0,130333.33,42.1995,0.003723,119200.0,27.6846,0.002216,116200.0,14.1997,0.001235,112066.67,9.8156,0.00086,110400.0,7.4728,0.00068,109533.33,5.0213,0.000462
20261007,00928,中信上櫃ESG 30,711000.0,464000.0,1073000.0,1138000.0,177000.0,284000.0,201000.0,231000.0,271000.0,674000.0,309000.0,552000.0,820000.0,660000.0,136000.0,308000.0,405000.0,233000.0,794000.0,298000.0,412000.0,581000.0,533000.0,324000.0,822000.0,339000.0,445000.0,264000.0,721000.0,463000.0,749333.33,31.6281,0.016043,712600.0,19.9551,0.00955,522400.0,13.6103,0.005322,513400.0,9.2326,0.003705,486950.0,7.3005,0.002929,488100.0,4.8556,0.001992
20261007,00931B,統一美債20年,2634000.0,2234000.0,3256000.0,3008000.0,3023000.0,2191000.0,3240000.0,2340000.0,3789000.0,1301000.0,1814000.0,3547000.0,3379000.0,3259000.0,3400000.0,1286000.0,2423000.0,2618000.0,3188000.0,1848000.0,3026000.0,3309000.0,2817000.0,2264000.0,1719000.0,2521000.0,2654000.0,2619000.0,1503000.0,2883000.0,2708000.0,32.4225,0.059433,2831000.0,18.6083,0.03538,2701600.0,9.7498,0.019715,2827666.67,6.2101,0.013725,2688900.0,4.8979,0.010849,2636433.33,3.3303,0.007379
20261007,00933B,國泰10Y+金融債,6334000.0,11094000.0,11883000.0,10009000.0,9483000.0,8220000.0,25508000.0,17200000.0,5100000.0,4179000.0,4657000.0,7352000.0,5761000.0,4128000.0,5472000.0,5807000.0,9977000.0,8263000.0,7636000.0,9145000.0,10127000.0,4834000.0,5739000.0,7620000.0,13373000.0,5374000.0,7174000.0,3528000.0,5944000.0,5699000.0,9770333.33,21.6096,0.142919,9760600.0,12.9787,0.085078,10901000.0,5.8105,0.04741,9092000.0,4.6444,0.033003,8860400.0,3.5743,0.026089,8220666.67,2.5683,0.017745
20261007,00937B,群益ESG投等債20+,53189000.0,84001000.0,65129000.0,54167000.0,71969000.0,62645000.0,129995000.0,75772000.0,33052000.0,25849000.0,32608000.0,47088000.0,51920000.0,37771000.0,30470000.0,42545000.0,49096000.0,32038000.0,30378000.0,43465000.0,31641000.0,36755000.0,35984000.0,42088000.0,50258000.0,42242000.0,28760000.0,36260000.0,36006000.0,30527000.0,67439666.67,26.2897,1.200143,65691000.0,16.1937,0.714431,65576800.0,8.1109,0.398119,57041666.67,6.2164,0.277143,52657350.0,5.0505,0.219078,47455600.0,3.7361,0.149008
20261007,00942B,台新美A公司債20+,1172000.0,3114000.0,2169000.0,2647000.0,1754000.0,889000.0,2051000.0,1565000.0,543000.0,708000.0,2832000.0,501000.0,1737000.0,1000000.0,1547000.0,1725000.0,2946000.0,1187000.0,766000.0,2137000.0,1502000.0,1421000.0,487000.0,1840000.0,737000.0,568000.0,1344000.0,216000.0,749000.0,621000.0,2151666.67,18.1565,0.026445,2171200.0,10.7959,0.015742,1661200.0,7.0551,0.008772,1615266.67,4.8372,0.006107,1649500.0,3.5526,0.004827,1415833.33,2.7593,0.003283
20261007,00948B,中信優息投資級債,7909000.0,10108000.0,4544000.0,4443000.0,3688000.0,3901000.0,7116000.0,3495000.0,3915000.0,2709000.0,2305000.0,6724000.0,4659000.0,1350000.0,2554000.0,3966000.0,3249000.0,3809000.0,2104000.0,3279000.0,2988000.0,2910000.0,2697000.0,2139000.0,2778000.0,1569000.0,1583000.0,2618000.0,8275000.0,1963000.0,7520333.33,35.0561,0.178457,6138400.0,25.7689,0.106233,5182800.0,15.2601,0.059199,4628000.0,11.393,0.04121,4291350.0,9.215,0.032576,3844900.0,6.8567,0.022157
20261007,00950B,凱基A級公司債,5563000.0,5878000.0,5070000.0,3637000.0,2559000.0,1880000.0,4646000.0,4326000.0,2908000.0,1523000.0,2826000.0,2868000.0,1027000.0,2401000.0,1387000.0,2649000.0,3760000.0,4492000.0,1850000.0,3400000.0,3985000.0,1947000.0,2640000.0,2858000.0,2637000.0,2241000.0,4734000.0,2764000.0,998000.0,1959000.0,5503666.67,33.6927,0.125522,4541400.0,24.4991,0.074722,3799000.0,14.6433,0.041639,3233266.67,11.4703,0.028986,3232500.0,8.6048,0.022913,3047100.0,6.0856,0.015585
20261007,00955,中信日本商社,1581000.0,2581000.0,2738000.0,1670000.0,2772000.0,1790000.0,3776000.0,1576000.0,1223000.0,2287000.0,2203000.0,5987000.0,3482000.0,2752000.0,5134000.0,5855000.0,3370000.0,3908000.0,4881000.0,7602000.0,4017000.0,3104000.0,14311000.0,2868000.0,8655000.0,2839000.0,3167000.0,1319000.0,2678000.0,3901000.0,2300000.0,22.913,0.035673,2268400.0,13.9393,0.021236,2199400.0,7.1883,0.011834,2770133.33,3.8049,0.008238,3358400.0,2.3538,0.006512,3800900.0,1.3865,0.004429
20261007,00957B,兆豐US優選投等債,128000.0,110000.0,331000.0,219000.0,260000.0,204000.0,683000.0,459000.0,186000.0,194000.0,142000.0,538000.0,53000.0,85000.0,124000.0,281000.0,349000.0,143000.0,89000.0,28000.0,399000.0,76000.0,143000.0,59000.0,75000.0,244000.0,91000.0,356000.0,139000.0,48000.0,189666.67,22.4956,0.002888,209600.0,12.2137,0.001719,277400.0,4.6143,0.000958,247733.33,3.4446,0.000667,230300.0,2.779,0.000527,207866.67,2.0526,0.000359
20261007,00958B,永豐ESG銀行債15+,1592000.0,270000.0,246000.0,1601000.0,461000.0,427000.0,1298000.0,660000.0,556000.0,895000.0,799000.0,777000.0,242000.0,420000.0,658000.0,694000.0,964000.0,1033000.0,961000.0,73000.0,144000.0,52000.0,979000.0,674000.0,738000.0,427000.0,836000.0,33000.0,150000.0,1675000.0,702666.67,75.5218,0.035921,834000.0,38.1775,0.021384,800600.0,19.8851,0.011916,726800.0,14.6028,0.008295,731350.0,10.884,0.006557,677833.33,7.8289,0.00446
20261007,00959B,大華投等美債15Y+,1014000.0,3270000.0,1627000.0,2192000.0,2203000.0,1231000.0,2902000.0,2201000.0,408000.0,480000.0,694000.0,946000.0,1267000.0,1065000.0,461000.0,1296000.0,1567000.0,1062000.0,887000.0,1095000.0,1032000.0,1314000.0,654000.0,1103000.0,1665000.0,1236000.0,635000.0,616000.0,599000.0,1869000.0,1970333.33,17.1545,0.02288,2061200.0,9.8389,0.01362,1752800.0,5.785,0.00759,1464066.67,4.6173,0.005283,1393400.0,3.6386,0.004177,1286366.67,2.6276,0.002841
20261007,00966B,統一ESG投等債15+,1070000.0,631000.0,676000.0,828000.0,958000.0,1434000.0,1805000.0,923000.0,1641000.0,185000.0,946000.0,2200000.0,272000.0,727000.0,272000.0,965000.0,1158000.0,95000.0,1628000.0,710000.0,160000.0,1019000.0,985000.0,1793000.0,399000.0,1606000.0,698000.0,879000.0,451000.0,494000.0,792333.33,45.0147,0.024143,832600.0,25.7026,0.014372,1015100.0,10.5408,0.008009,971200.0,7.3449,0.005575,956200.0,5.5951,0.004407,920266.67,3.8757,0.002998
20261007,00967B,元大優息美債,538000.0,513000.0,687000.0,789000.0,331000.0,250000.0,1126000.0,167000.0,163000.0,116000.0,106000.0,126000.0,732000.0,965000.0,435000.0,1675000.0,604000.0,91000.0,287000.0,152000.0,184000.0,367000.0,158000.0,182000.0,822000.0,1734000.0,844000.0,215000.0,452000.0,502000.0,579333.33,30.9551,0.012139,571600.0,18.8244,0.007226,468000.0,11.4957,0.004027,469600.0,7.6377,0.002803,492650.0,5.4603,0.002216,510433.33,3.5134,0.001507
20261007,00968B,元大優息投等債,1147000.0,1292000.0,973000.0,1496000.0,1028000.0,1398000.0,2798000.0,5600000.0,2180000.0,1353000.0,1470000.0,1497000.0,1513000.0,3270000.0,332000.0,539000.0,984000.0,1024000.0,1104000.0,776000.0,735000.0,296000.0,643000.0,872000.0,1786000.0,944000.0,1208000.0,848000.0,751000.0,494000.0,1137333.33,33.6166,0.025881,1187200.0,19.3228,0.015406,1926500.0,5.9538,0.008585,1823133.33,4.1942,0.005976,1588700.0,3.6099,0.004724,1345033.33,2.8426,0.003213
20261007,00969B,元大零息超長美債,394000.0,1312000.0,636000.0,661000.0,1696000.0,972000.0,2555000.0,537000.0,277000.0,1402000.0,831000.0,491000.0,545000.0,874000.0,1451000.0,841000.0,963000.0,929000.0,549000.0,458000.0,1096000.0,496000.0,630000.0,900000.0,1055000.0,765000.0,384000.0,137000.0,804000.0,1115000.0,780666.67,16.8232,0.00889,939800.0,8.3848,0.005292,1044200.0,3.7732,0.002949,975600.0,2.6924,0.002053,918700.0,2.1443,0.001623,858533.33,1.5297,0.001104
20261007,00970B,台新BBB投等債20+,1828000.0,1745000.0,1657000.0,1901000.0,4204000.0,1722000.0,3543000.0,4116000.0,3048000.0,3802000.0,1301000.0,296000.0,1380000.0,730000.0,1109000.0,1975000.0,1043000.0,670000.0,678000.0,1316000.0,827000.0,1429000.0,640000.0,1344000.0,897000.0,708000.0,5427000.0,1575000.0,2228000.0,1099000.0,1743333.33,34.9522,0.041247,2267000.0,16.127,0.024554,2756600.0,6.6314,0.013683,2158800.0,5.6451,0.009525,1903200.0,4.8024,0.007529,1807933.33,3.3703,0.005121
20261007,009806,台新標普500,205000.0,72000.0,10000.0,6000.0,15000.0,15000.0,203000.0,75000.0,714000.0,641000.0,30000.0,21000.0,9000.0,13000.0,24000.0,3000.0,754000.0,4000.0,34000.0,28000.0,17000.0,18000.0,2000.0,24000.0,14000.0,61000.0,89000.0,66000.0,106000.0,88000.0,95666.67,71.4286,0.004626,61600.0,66.5584,0.002754,195600.0,10.4806,0.001534,136866.67,9.9854,0.001068,143800.0,7.128,0.000844,112033.33,6.0994,0.000574
20261007,009807,台新標普科技精選,4000.0,29000.0,75000.0,13000.0,29000.0,283000.0,22000.0,221000.0,176000.0,49000.0,17000.0,61000.0,6000.0,23000.0,16000.0,6000.0,10000.0,10000.0,24000.0,19000.0,,34000.0,20000.0,6000.0,25000.0,36000.0,103000.0,124000.0,11000.0,101000.0,36000.0,3.7037,9e-05,30000.0,2.6667,5.4e-05,90100.0,0.444,3e-05,68266.67,0.3906,2.1e-05,54650.0,0.366,1.6e-05,53551.72,0.2576,1.1e-05
20261007,00980B,台新特選IG債10+,313000.0,406000.0,365000.0,232000.0,710000.0,816000.0,1911000.0,728000.0,101000.0,142000.0,361000.0,132000.0,882000.0,175000.0,681000.0,2262000.0,163000.0,299000.0,363000.0,125000.0,672000.0,456000.0,387000.0,155000.0,637000.0,11000.0,1727000.0,246000.0,315000.0,440000.0,361333.33,28.8745,0.007062,405200.0,15.4492,0.004204,572400.0,5.4682,0.002343,530333.33,3.9346,0.001631,558350.0,2.8029,0.001289,540433.33,1.9305,0.000877
20261007,00980D,主動聯博投等入息,2008000.0,462000.0,943000.0,219000.0,546000.0,682000.0,2459000.0,542000.0,861000.0,186000.0,320000.0,481000.0,615000.0,354000.0,573000.0,443000.0,412000.0,377000.0,301000.0,1993000.0,736000.0,495000.0,223000.0,1777000.0,449000.0,693000.0,403000.0,138000.0,560000.0,323000.0,1137666.67,58.8339,0.045308,835600.0,48.0613,0.026971,890800.0,22.5415,0.01503,750066.67,17.8473,0.010463,738850.0,13.5887,0.008271,685800.0,9.7599,0.005625
20261007,00980T,平衡凱基美國TOP,763000.0,1017000.0,467000.0,33000.0,257000.0,48000.0,12000.0,156000.0,239000.0,269000.0,139000.0,137000.0,123000.0,124000.0,222000.0,103000.0,78000.0,223000.0,140000.0,1144000.0,26000.0,871000.0,407000.0,79000.0,335000.0,244000.0,325000.0,256000.0,103000.0,44000.0,749000.0,33.9564,0.017216,507400.0,30.0749,0.010249,326100.0,23.3977,0.005711,267066.67,19.0464,0.003976,284700.0,13.4001,0.003143,279466.67,9.1007,0.002138
20261007,009814,富邦標普500,1273000.0,1300000.0,1458000.0,789000.0,1227000.0,646000.0,896000.0,777000.0,395000.0,634000.0,522000.0,347000.0,598000.0,703000.0,325000.0,391000.0,383000.0,589000.0,606000.0,719000.0,1154000.0,495000.0,409000.0,1592000.0,613000.0,1085000.0,548000.0,3019000.0,2014000.0,1745000.0,1343666.67,31.5803,0.028724,1209400.0,21.0518,0.017099,939500.0,13.5498,0.009528,792666.67,10.7065,0.006633,728900.0,8.7323,0.005243,908400.0,4.6712,0.003566
20261007,009815,大華美國MAG7+,1725000.0,1675000.0,1758000.0,1263000.0,3126000.0,1573000.0,2089000.0,937000.0,1672000.0,2944000.0,1810000.0,2167000.0,1417000.0,1340000.0,2031000.0,1229000.0,1153000.0,1531000.0,1161000.0,1571000.0,1142000.0,2498000.0,1331000.0,2695000.0,1412000.0,1946000.0,1630000.0,1224000.0,791000.0,1112000.0,1719333.33,33.4432,0.038922,1909400.0,18.0685,0.02317,1876200.0,9.1941,0.012912,1835133.33,6.2666,0.008988,1708600.0,5.048,0.007105,1665100.0,3.4532,0.004833
20261007,00981B,第一金優選非投債,7861000.0,17182000.0,15492000.0,8129000.0,5191000.0,6877000.0,25288000.0,12688000.0,9569000.0,14297000.0,12935000.0,12155000.0,10633000.0,11923000.0,7801000.0,11649000.0,10138000.0,10017000.0,8267000.0,14668000.0,21265000.0,9055000.0,6718000.0,6496000.0,9302000.0,8713000.0,17387000.0,10666000.0,8379000.0,19120000.0,13511666.67,19.3931,0.177374,10771000.0,14.5966,0.105588,12257400.0,6.4133,0.058839,11868066.67,4.4158,0.04096,11638000.0,3.3773,0.032378,11662033.33,2.2469,0.022022
20261007,00981D,主動中信非投等債,2417000.0,3498000.0,6677000.0,2791000.0,1556000.0,4004000.0,5110000.0,2672000.0,3383000.0,2421000.0,2418000.0,2206000.0,2469000.0,3679000.0,2030000.0,1851000.0,3770000.0,2585000.0,3059000.0,4276000.0,3175000.0,1899000.0,1731000.0,3102000.0,2420000.0,4189000.0,4263000.0,2400000.0,1451000.0,2098000.0,4197333.33,19.1947,0.054537,3387800.0,14.2688,0.032465,3452900.0,6.9999,0.018091,3155400.0,5.1066,0.012594,3143600.0,3.8443,0.009955,2986666.67,2.6975,0.006771
20261007,009822,華南永昌未來金融,368000.0,528000.0,1625000.0,204000.0,258000.0,504000.0,622000.0,230000.0,2390000.0,2136000.0,423000.0,51000.0,100000.0,394000.0,32000.0,727000.0,700000.0,367000.0,603000.0,1026000.0,727000.0,12797000.0,472000.0,355000.0,82000.0,341000.0,442000.0,134000.0,9938000.0,363000.0,840333.33,14.5974,0.008303,596600.0,12.3366,0.004943,886500.0,4.1512,0.002754,657666.67,3.7304,0.001917,664400.0,2.7694,0.001516,1297966.67,0.9451,0.001031
20261007,009823,群益S&P500,3083000.0,3561000.0,4576000.0,2346000.0,4130000.0,2071000.0,2819000.0,1943000.0,4073000.0,5832000.0,3620000.0,3248000.0,2090000.0,1453000.0,2117000.0,1592000.0,1880000.0,2696000.0,2898000.0,2094000.0,3509000.0,3631000.0,1596000.0,6326000.0,3166000.0,3382000.0,1225000.0,1964000.0,1925000.0,2947000.0,3740000.0,27.4777,0.069564,3539200.0,17.422,0.041411,3443400.0,8.9534,0.023076,3130800.0,6.5649,0.016064,2906100.0,5.3044,0.012698,2926433.33,3.5117,0.008637
20261007,009825,聯邦美國金融創新,296000.0,296000.0,340000.0,138000.0,411000.0,179000.0,392000.0,596000.0,1821000.0,668000.0,774000.0,459000.0,273000.0,217000.0,306000.0,21000.0,314000.0,374000.0,990000.0,905000.0,1180000.0,6170000.0,685000.0,549000.0,283000.0,134000.0,433000.0,1393000.0,3751000.0,1417000.0,310666.67,31.7597,0.006679,296200.0,19.9865,0.003976,513700.0,5.7621,0.002216,477733.33,4.1306,0.001542,488500.0,3.0297,0.001219,858833.33,1.1488,0.000829
20261007,00982B,FT投資級債20+,7000.0,51000.0,6000.0,36000.0,18000.0,43000.0,670000.0,12000.0,15000.0,22000.0,5000.0,120000.0,77000.0,4000.0,25000.0,1000.0,31000.0,115000.0,503000.0,12000.0,13000.0,37000.0,1000.0,18000.0,166000.0,50000.0,11000.0,4000.0,,5000.0,21333.33,10.9375,0.000158,23600.0,5.9322,9.4e-05,88000.0,0.7955,5.2e-05,74066.67,0.6301,3.6e-05,88650.0,0.3948,2.9e-05,71655.17,0.3369,2e-05
20261007,00983B,大華優利美公債20,371000.0,923000.0,472000.0,273000.0,665000.0,963000.0,1845000.0,1367000.0,347000.0,97000.0,44000.0,370000.0,227000.0,312000.0,439000.0,1611000.0,541000.0,105000.0,85000.0,262000.0,401000.0,360000.0,571000.0,1270000.0,54000.0,447000.0,144000.0,72000.0,551000.0,110000.0,588666.67,21.0079,0.008371,540800.0,13.7204,0.004983,732300.0,5.0662,0.002777,581000.0,4.257,0.001933,565950.0,3.2777,0.001528,509966.67,2.425,0.001039
20261007,00984B,大華優利美A債15,469000.0,1606000.0,865000.0,1473000.0,1389000.0,491000.0,2318000.0,1144000.0,477000.0,246000.0,822000.0,740000.0,1108000.0,738000.0,1103000.0,1590000.0,1474000.0,520000.0,476000.0,2184000.0,593000.0,1025000.0,533000.0,372000.0,1118000.0,231000.0,387000.0,676000.0,199000.0,484000.0,980000.0,15.9524,0.010582,1160400.0,8.0834,0.0063,1047800.0,4.476,0.00351,999266.67,3.129,0.002444,1061650.0,2.2088,0.001932,895033.33,1.7467,0.001314
20261007,00985D,主動貝萊德優投等,2083000.0,2299000.0,1353000.0,970000.0,669000.0,759000.0,2375000.0,2084000.0,2273000.0,1645000.0,664000.0,1347000.0,994000.0,2189000.0,1595000.0,1181000.0,1593000.0,618000.0,906000.0,855000.0,1056000.0,887000.0,909000.0,1307000.0,1413000.0,838000.0,1007000.0,206000.0,457000.0,655000.0,1911666.67,36.3208,0.047,1474800.0,28.2479,0.027979,1651000.0,12.6166,0.015591,1553266.67,8.9403,0.010854,1422600.0,7.3211,0.00858,1239566.67,5.6014,0.005835
20261007,00986B,FT金融債10+,6000.0,26000.0,27000.0,88000.0,134000.0,12000.0,32000.0,49000.0,86000.0,,44000.0,,38000.0,,31000.0,,57000.0,6000.0,,2000.0,10000.0,8000.0,3000.0,9000.0,504000.0,36000.0,38000.0,3000.0,8000.0,6000.0,19666.67,10.1695,0.000135,56200.0,2.1352,8.1e-05,51111.11,1.3043,4.5e-05,47750.0,1.0471,3.1e-05,42533.33,0.9404,2.5e-05,50520.0,0.4751,1.7e-05
20261007,00986D,主動復華金融債息,1335000.0,616000.0,678000.0,621000.0,464000.0,631000.0,1546000.0,335000.0,294000.0,260000.0,410000.0,154000.0,118000.0,830000.0,991000.0,744000.0,308000.0,238000.0,446000.0,511000.0,692000.0,365000.0,1263000.0,822000.0,234000.0,334000.0,744000.0,231000.0,103000.0,212000.0,876333.33,50.7798,0.030123,742800.0,35.9451,0.017932,678000.0,19.6903,0.009992,618866.67,14.3811,0.006956,576500.0,11.5785,0.005499,551000.0,8.0762,0.00374
20261007,00987B,野村10+澳洲公債,87000.0,552000.0,1732000.0,1203000.0,1717000.0,1667000.0,568000.0,3455000.0,715000.0,262000.0,723000.0,1027000.0,360000.0,507000.0,1177000.0,658000.0,2421000.0,269000.0,706000.0,756000.0,348000.0,321000.0,615000.0,665000.0,447000.0,117000.0,267000.0,557000.0,450000.0,440000.0,790333.33,3.6693,0.001963,1058200.0,1.6443,0.001169,1195800.0,0.7275,0.000651,1050133.33,0.5523,0.000453,1028100.0,0.4231,0.000358,826300.0,0.351,0.000244
20261007,00987D,主動統一美債量化,2541000.0,1095000.0,2815000.0,881000.0,2861000.0,2525000.0,2319000.0,3907000.0,462000.0,1044000.0,1453000.0,2668000.0,998000.0,2331000.0,2643000.0,2921000.0,4211000.0,3115000.0,1401000.0,3401000.0,609000.0,4100000.0,3615000.0,5984000.0,3940000.0,1666000.0,5865000.0,3024000.0,46621000.0,,2150333.33,39.3892,0.057334,2038600.0,24.9289,0.034131,2045000.0,12.4254,0.019019,2036200.0,8.3194,0.01324,2279600.0,5.5733,0.010466,4172965.52,2.0997,0.007119
20261007,00988B,玉山嚴選非投債,2099000.0,1639000.0,1483000.0,1006000.0,1729000.0,1272000.0,2351000.0,1611000.0,680000.0,966000.0,772000.0,722000.0,1103000.0,1612000.0,1470000.0,1680000.0,603000.0,930000.0,1368000.0,2509000.0,2164000.0,937000.0,732000.0,1332000.0,1410000.0,1283000.0,3316000.0,2635000.0,1906000.0,2361000.0,1740333.33,40.203,0.047361,1591200.0,26.3826,0.028194,1483600.0,14.148,0.015711,1367666.67,10.2315,0.010937,1380250.0,7.6037,0.008645,1522700.0,4.5949,0.00588
20261007,00989B,台新美國非投等債,4644000.0,4148000.0,4648000.0,5275000.0,3501000.0,3628000.0,6680000.0,1817000.0,694000.0,944000.0,1148000.0,3109000.0,1526000.0,2296000.0,3098000.0,5049000.0,4966000.0,3397000.0,5637000.0,6326000.0,7361000.0,3681000.0,3399000.0,3152000.0,4635000.0,3232000.0,4063000.0,3369000.0,4142000.0,3627000.0,4480000.0,34.5536,0.104786,4443200.0,20.9039,0.062378,3597900.0,12.9075,0.03476,3143733.33,9.8482,0.024198,3626550.0,6.4028,0.019128,3773066.67,4.1028,0.01301
20261007,00990B,國泰收益非投等債,1982000.0,1560000.0,2302000.0,1739000.0,2125000.0,3521000.0,5105000.0,2097000.0,3032000.0,4231000.0,3595000.0,3323000.0,3029000.0,1532000.0,1732000.0,340000.0,2524000.0,583000.0,1166000.0,1744000.0,1476000.0,856000.0,828000.0,712000.0,803000.0,1191000.0,973000.0,915000.0,3017000.0,1299000.0,1948000.0,33.9151,0.044721,1941600.0,20.4162,0.026622,2769400.0,7.1568,0.014835,2727000.0,4.8454,0.010327,2363100.0,4.1936,0.008164,1977733.33,3.3405,0.005553
20261007,00998A,主動復華金融股息,31617000.0,4096000.0,12979000.0,15978000.0,8118000.0,2339000.0,5272000.0,8083000.0,17153000.0,3299000.0,11764000.0,6953000.0,11308000.0,10850000.0,12353000.0,4609000.0,7302000.0,5666000.0,8865000.0,4616000.0,7439000.0,4622000.0,6153000.0,4622000.0,4196000.0,1029000.0,5538000.0,1904000.0,2345000.0,2355000.0,16230666.67,64.9326,0.713398,14557600.0,43.4371,0.424678,10893400.0,29.024,0.236653,10810800.0,19.4972,0.164741,9661000.0,16.3632,0.130226,7780766.67,13.5449,0.088574
20261007,020001,富邦存股雙十N,,,,,,,,,,,1000.0,,,,,,,1000.0,,,,,,,,,3000.0,,,,,,,,,,,,,1000.0,,,1000.0,,,1666.67,,
20261007,020025,統一亞洲半導體N,5000.0,15000.0,224000.0,,134000.0,88000.0,247000.0,17000.0,20000.0,9000.0,30000.0,20000.0,28000.0,12000.0,2000.0,14000.0,11000.0,14000.0,18000.0,37000.0,96000.0,15000.0,13000.0,17000.0,45000.0,7000.0,60000.0,178000.0,46000.0,1000.0,81333.33,2.0492,0.000113,94500.0,1.3228,6.7e-05,84333.33,0.6588,3.7e-05,60785.71,0.5875,2.6e-05,49736.84,0.5291,2.1e-05,49068.97,0.3514,1.4e-05
20261007,020033,統一恒生科期N,101000.0,118000.0,16000.0,116000.0,1000.0,107000.0,90000.0,134000.0,49000.0,80000.0,61000.0,34000.0,8000.0,,50000.0,15000.0,55000.0,49000.0,12000.0,27000.0,36000.0,15000.0,34000.0,20000.0,32000.0,15000.0,30000.0,17000.0,,45000.0,78333.33,42.9787,0.002279,70400.0,28.6932,0.001357,81200.0,12.4384,0.000756,68928.57,10.4663,0.000526,59105.26,8.9938,0.000416,48821.43,7.3884,0.000283
20261007,020035,元大上櫃ESG高息N,,1000.0,2000.0,2000.0,,,,,,,,,,,,,,,,,,,,,,,2000.0,8000.0,939000.0,1330000.0,1500.0,,,1666.67,,,1666.67,,,1666.67,,,1666.67,,,326285.71,,
20261007,020040,元大上櫃ESG龍頭N,,,,3000.0,,,,,,6000.0,,1000.0,1000.0,,,,,,,,,,,,,,4000.0,,927000.0,884000.0,,,,3000.0,,,4500.0,,,2750.0,,,2750.0,,,260857.14,,
20261007,020041,兆豐半導體氣候N,151000.0,65000.0,127000.0,85000.0,182000.0,72000.0,72000.0,122000.0,114000.0,116000.0,32000.0,10000.0,,5000.0,4000.0,3000.0,24000.0,26000.0,37000.0,6000.0,29000.0,23000.0,8000.0,17000.0,10000.0,17000.0,56000.0,1000.0,124000.0,16000.0,114333.33,44.0233,0.003407,122000.0,24.7541,0.002028,110600.0,13.6528,0.00113,82642.86,13.051,0.000787,65947.37,12.0511,0.000622,53586.21,9.7169,0.000423
20261007,1240,茂生農經,54000.0,31000.0,61000.0,10000.0,16000.0,11000.0,29000.0,17000.0,9000.0,7000.0,,,4000.0,3000.0,3000.0,7000.0,5000.0,5000.0,2000.0,8000.0,5000.0,6000.0,60000.0,43000.0,48000.0,12000.0,11000.0,,5000.0,6000.0,48666.67,36.9863,0.001218,34400.0,31.3953,0.000725,24500.0,22.0408,0.000404,19615.38,21.1765,0.000281,15666.67,19.1489,0.000222,17703.7,11.2971,0.000151
20261007,1259,安心,1000.0,10000.0,,3000.0,15000.0,19000.0,18000.0,39000.0,,21000.0,59000.0,90000.0,17000.0,,,18000.0,8000.0,16000.0,17000.0,23000.0,1000.0,19000.0,2000.0,1000.0,5000.0,14000.0,6000.0,10000.0,,10000.0,5500.0,9.0909,2.3e-05,7250.0,3.4483,1.3e-05,15750.0,0.7937,7e-06,26545.45,0.3425,5e-06,23375.0,0.2674,4e-06,17680.0,0.2262,3e-06
20261007,1264,德麥,17000.0,16000.0,15000.0,13000.0,8000.0,16000.0,5000.0,14000.0,21000.0,34000.0,9000.0,14000.0,11000.0,16000.0,58000.0,27000.0,21000.0,33000.0,8000.0,34000.0,21000.0,12000.0,6000.0,9000.0,21000.0,17000.0,11000.0,30000.0,49000.0,36000.0,16000.0,35.4167,0.000384,13800.0,24.6377,0.000228,15900.0,10.6918,0.000127,17800.0,6.367,8.9e-05,19500.0,4.359,7e-05,20066.67,2.8239,4.8e-05
20261007,1268,漢來美食,9000.0,11000.0,9000.0,16000.0,75000.0,17000.0,25000.0,16000.0,31000.0,7000.0,29000.0,26000.0,20000.0,8000.0,16000.0,36000.0,24000.0,24000.0,15000.0,31000.0,155000.0,102000.0,88000.0,53000.0,31000.0,18000.0,15000.0,13000.0,10000.0,15000.0,9666.67,31.0345,0.000203,24000.0,7.5,0.000121,21600.0,4.1667,6.7e-05,21000.0,2.8571,4.7e-05,22250.0,2.0225,3.7e-05,31500.0,0.9524,2.5e-05
20261007,1294,漢田生技,16000.0,11000.0,32000.0,15000.0,18000.0,20000.0,24000.0,8000.0,17000.0,27000.0,13000.0,7000.0,8000.0,6000.0,8000.0,19000.0,32000.0,8000.0,21000.0,8000.0,23000.0,4000.0,20000.0,12000.0,10000.0,56000.0,16000.0,38000.0,28000.0,37000.0,19666.67,27.1186,0.000361,18400.0,17.3913,0.000215,18800.0,8.5106,0.00012,15333.33,6.9565,8.3e-05,15900.0,5.0314,6.6e-05,18733.33,2.847,4.5e-05
20261007,1295,生合,169000.0,24000.0,53000.0,70000.0,19000.0,28000.0,29000.0,104000.0,29000.0,20000.0,28000.0,34000.0,12000.0,16000.0,4000.0,10000.0,31000.0,14000.0,25000.0,7000.0,18000.0,10000.0,23000.0,17000.0,21000.0,24000.0,24000.0,20000.0,58000.0,29000.0,82000.0,68.6992,0.003813,67000.0,50.4478,0.00227,54500.0,31.0092,0.001265,42600.0,26.4476,0.000881,36300.0,23.2782,0.000696,32333.33,17.4227,0.000473
20261007,1336,台翰,387000.0,335000.0,270000.0,326000.0,848000.0,478000.0,90000.0,80000.0,114000.0,53000.0,309000.0,345000.0,358000.0,109000.0,194000.0,197000.0,1236000.0,151000.0,139000.0,94000.0,155000.0,128000.0,367000.0,217000.0,335000.0,379000.0,346000.0,413000.0,226000.0,278000.0,330666.67,39.0121,0.008732,433200.0,17.867,0.005198,298100.0,12.9822,0.002897,286400.0,9.0084,0.002016,305650.0,6.3308,0.001594,298566.67,4.3206,0.001084
20261007,1565,精華,165000.0,95000.0,124000.0,136000.0,79000.0,59000.0,83000.0,97000.0,66000.0,42000.0,102000.0,236000.0,118000.0,119000.0,129000.0,76000.0,77000.0,53000.0,219000.0,93000.0,128000.0,81000.0,92000.0,164000.0,122000.0,97000.0,125000.0,442000.0,193000.0,71000.0,128000.0,42.9688,0.003723,119800.0,27.5459,0.002216,94600.0,17.4419,0.001235,110000.0,10.0,0.00086,108400.0,7.6107,0.00068,122766.67,4.48,0.000462
20261007,1569,濱川,6248000.0,7641000.0,7438000.0,7021000.0,3382000.0,4423000.0,4337000.0,7507000.0,4405000.0,14351000.0,8774000.0,5164000.0,1355000.0,718000.0,665000.0,923000.0,2860000.0,589000.0,813000.0,657000.0,2022000.0,575000.0,681000.0,644000.0,430000.0,430000.0,867000.0,216000.0,238000.0,483000.0,7109000.0,29.2962,0.140978,6346000.0,19.6911,0.083923,6675300.0,9.3599,0.046766,5561933.33,7.489,0.032555,4463550.0,6.9989,0.025735,3195233.33,6.518,0.017504
20261007,1570,力肯,5000.0,10000.0,12000.0,65000.0,11000.0,50000.0,87000.0,28000.0,50000.0,6000.0,30000.0,45000.0,34000.0,15000.0,17000.0,31000.0,44000.0,57000.0,38000.0,25000.0,50000.0,32000.0,38000.0,35000.0,37000.0,27000.0,12000.0,34000.0,39000.0,26000.0,9000.0,18.5185,0.000113,20600.0,4.8544,6.7e-05,32400.0,1.5432,3.7e-05,31000.0,1.0753,2.6e-05,33000.0,0.7576,2.1e-05,33000.0,0.5051,1.4e-05
20261007,1580,新麥,55000.0,63000.0,98000.0,17000.0,24000.0,52000.0,22000.0,23000.0,10000.0,51000.0,59000.0,136000.0,118000.0,101000.0,215000.0,93000.0,58000.0,158000.0,254000.0,81000.0,281000.0,89000.0,23000.0,129000.0,200000.0,44000.0,75000.0,27000.0,48000.0,49000.0,72000.0,25.463,0.001241,51400.0,21.4008,0.000739,41500.0,13.253,0.000412,69600.0,5.2682,0.000287,84400.0,3.2583,0.000227,88433.33,2.0731,0.000154
20261007,1584,精剛,397000.0,298000.0,647000.0,255000.0,375000.0,1678000.0,494000.0,228000.0,334000.0,256000.0,229000.0,549000.0,359000.0,214000.0,250000.0,314000.0,187000.0,185000.0,251000.0,292000.0,296000.0,394000.0,288000.0,358000.0,371000.0,249000.0,533000.0,713000.0,411000.0,215000.0,447333.33,29.5827,0.008958,394400.0,20.1318,0.005332,496200.0,8.0008,0.002972,437533.33,6.0491,0.002069,389600.0,5.095,0.001635,387333.33,3.4165,0.001112
20261007,1586,和勤,241000.0,263000.0,403000.0,237000.0,174000.0,1235000.0,204000.0,86000.0,152000.0,194000.0,175000.0,315000.0,207000.0,187000.0,328000.0,184000.0,137000.0,90000.0,213000.0,273000.0,221000.0,204000.0,146000.0,77000.0,86000.0,132000.0,120000.0,473000.0,510000.0,522000.0,302333.33,26.5711,0.005438,263600.0,18.2853,0.003237,318900.0,7.5572,0.001804,293400.0,5.476,0.001256,264900.0,4.5489,0.000993,259633.33,3.0941,0.000675
20261007,1591,駿吉-KY,175000.0,191000.0,400000.0,120000.0,224000.0,387000.0,259000.0,172000.0,389000.0,258000.0,306000.0,554000.0,219000.0,261000.0,1209000.0,1074000.0,270000.0,197000.0,860000.0,888000.0,122000.0,125000.0,246000.0,212000.0,120000.0,239000.0,134000.0,168000.0,124000.0,394000.0,255333.33,22.846,0.003949,222000.0,15.7658,0.002351,257500.0,6.7961,0.00131,341600.0,3.4153,0.000912,420650.0,2.0801,0.000721,343233.33,1.6995,0.00049
20261007,1593,祺驊,9000.0,13000.0,15000.0,16000.0,23000.0,10000.0,10000.0,25000.0,9000.0,23000.0,32000.0,28000.0,26000.0,5000.0,6000.0,11000.0,2000.0,9000.0,9000.0,14000.0,15000.0,12000.0,20000.0,7000.0,3000.0,7000.0,33000.0,21000.0,18000.0,6000.0,12333.33,24.3243,0.000203,15200.0,11.8421,0.000121,15300.0,5.8824,6.7e-05,16666.67,3.6,4.7e-05,14750.0,3.0508,3.7e-05,14566.67,2.0595,2.5e-05
20261007,1595,川寶,956000.0,1111000.0,3553000.0,2199000.0,8981000.0,5766000.0,2073000.0,1621000.0,6312000.0,2789000.0,228000.0,247000.0,305000.0,99000.0,94000.0,98000.0,200000.0,141000.0,324000.0,494000.0,324000.0,609000.0,2042000.0,730000.0,360000.0,274000.0,174000.0,173000.0,226000.0,119000.0,1873333.33,17.0107,0.021571,3360000.0,5.6905,0.012841,3536100.0,2.7035,0.007156,2422266.67,2.6311,0.004981,1879550.0,2.5432,0.003938,1420733.33,2.243,0.002678
20261007,1599,宏佳騰,1000.0,17000.0,14000.0,24000.0,30000.0,13000.0,4000.0,5000.0,6000.0,18000.0,16000.0,10000.0,8000.0,23000.0,18000.0,38000.0,54000.0,8000.0,14000.0,9000.0,25000.0,25000.0,13000.0,8000.0,12000.0,37000.0,25000.0,27000.0,17000.0,11000.0,10666.67,3.125,2.3e-05,17200.0,1.1628,1.3e-05,13200.0,0.7576,7e-06,13800.0,0.4831,5e-06,16500.0,0.303,4e-06,17666.67,0.1887,3e-06
20261007,1742,台蠟,84000.0,73000.0,42000.0,73000.0,52000.0,68000.0,15000.0,55000.0,64000.0,144000.0,116000.0,46000.0,13000.0,20000.0,19000.0,49000.0,40000.0,29000.0,13000.0,17000.0,117000.0,58000.0,103000.0,74000.0,111000.0,62000.0,144000.0,62000.0,107000.0,27000.0,66333.33,42.2111,0.001895,64800.0,25.9259,0.001128,67000.0,12.5373,0.000629,58933.33,9.5023,0.000438,51600.0,8.1395,0.000346,63233.33,4.428,0.000235
20261007,1777,生泰,28000.0,102000.0,14000.0,46000.0,23000.0,4000.0,12000.0,12000.0,67000.0,52000.0,17000.0,38000.0,14000.0,44000.0,14000.0,106000.0,97000.0,56000.0,54000.0,59000.0,66000.0,120000.0,39000.0,64000.0,33000.0,56000.0,26000.0,43000.0,7000.0,38000.0,48000.0,19.4444,0.000632,42600.0,13.1455,0.000376,36000.0,7.7778,0.00021,32466.67,5.7495,0.000146,42950.0,3.2596,0.000115,45033.33,2.0725,7.8e-05
20261007,1780,立弘,61000.0,68000.0,50000.0,137000.0,189000.0,127000.0,81000.0,99000.0,95000.0,131000.0,73000.0,53000.0,148000.0,58000.0,16000.0,21000.0,54000.0,100000.0,107000.0,80000.0,92000.0,78000.0,6000.0,35000.0,192000.0,42000.0,218000.0,108000.0,86000.0,95000.0,59666.67,34.0782,0.001376,101000.0,12.0792,0.000819,103800.0,5.8767,0.000457,92400.0,4.4012,0.000318,87400.0,3.4897,0.000251,90000.0,2.2593,0.000171
20261007,1781,合世,10000.0,16000.0,35000.0,24000.0,30000.0,21000.0,18000.0,9000.0,3000.0,15000.0,16000.0,22000.0,12000.0,3000.0,6000.0,6000.0,1000.0,14000.0,17000.0,8000.0,22000.0,17000.0,13000.0,11000.0,27000.0,49000.0,43000.0,18000.0,10000.0,12000.0,20333.33,16.3934,0.000226,23000.0,8.6957,0.000134,18100.0,5.5249,7.5e-05,16000.0,4.1667,5.2e-05,14300.0,3.4965,4.1e-05,16933.33,1.9685,2.8e-05
20261007,1784,訊聯,30000.0,33000.0,82000.0,18000.0,44000.0,76000.0,49000.0,63000.0,194000.0,147000.0,44000.0,61000.0,40000.0,58000.0,5000.0,35000.0,38000.0,55000.0,41000.0,44000.0,66000.0,61000.0,76000.0,55000.0,150000.0,50000.0,58000.0,68000.0,112000.0,36000.0,48333.33,20.6897,0.000677,41400.0,14.4928,0.000403,73600.0,4.0761,0.000225,62933.33,3.178,0.000156,57850.0,2.5929,0.000124,62966.67,1.5881,8.4e-05
20261007,1785,光洋科,20765000.0,43308000.0,5913000.0,7378000.0,5859000.0,8930000.0,4789000.0,2572000.0,4398000.0,3328000.0,4382000.0,4019000.0,6719000.0,2101000.0,2252000.0,3259000.0,4057000.0,6425000.0,1930000.0,2669000.0,2740000.0,2869000.0,4677000.0,3283000.0,2774000.0,4138000.0,3003000.0,3419000.0,3064000.0,2610000.0,23328666.67,29.6702,0.468536,16644600.0,24.951,0.278914,10724000.0,19.3631,0.155426,8447533.33,16.3874,0.108197,7252650.0,14.3155,0.085528,5921000.0,11.69,0.058173
20261007,1788,杏昌,35000.0,31000.0,12000.0,12000.0,12000.0,4000.0,13000.0,11000.0,17000.0,11000.0,13000.0,16000.0,10000.0,18000.0,6000.0,17000.0,14000.0,14000.0,11000.0,24000.0,18000.0,6000.0,7000.0,12000.0,27000.0,8000.0,18000.0,57000.0,11000.0,39000.0,26000.0,44.8718,0.00079,20400.0,34.3137,0.00047,15800.0,22.1519,0.000262,14733.33,15.8371,0.000182,15050.0,11.6279,0.000144,16800.0,6.9444,9.8e-05
20261007,1796,金穎生技,14000.0,6000.0,4000.0,9000.0,61000.0,6000.0,9000.0,4000.0,7000.0,10000.0,8000.0,11000.0,4000.0,5000.0,4000.0,3000.0,12000.0,3000.0,4000.0,1000.0,8000.0,10000.0,2000.0,7000.0,3000.0,4000.0,10000.0,45000.0,71000.0,26000.0,8000.0,58.3333,0.000316,18800.0,14.8936,0.000188,13000.0,10.7692,0.000105,10800.0,8.642,7.3e-05,9250.0,7.5676,5.8e-05,12366.67,3.7736,3.9e-05
20261007,1799,易威,143000.0,253000.0,195000.0,79000.0,73000.0,110000.0,165000.0,52000.0,30000.0,53000.0,101000.0,113000.0,104000.0,104000.0,62000.0,68000.0,117000.0,84000.0,86000.0,191000.0,66000.0,73000.0,168000.0,50000.0,163000.0,126000.0,145000.0,64000.0,136000.0,69000.0,197000.0,24.1963,0.003227,148600.0,19.2463,0.001921,115300.0,12.4024,0.00107,109133.33,8.7355,0.000745,109150.0,6.5506,0.000589,108100.0,4.4095,0.000401
20261007,1813,寶利徠,9000.0,1000.0,3000.0,6000.0,5000.0,5000.0,5000.0,5000.0,4000.0,37000.0,14000.0,6000.0,29000.0,5000.0,6000.0,21000.0,34000.0,52000.0,8000.0,6000.0,15000.0,2000.0,6000.0,9000.0,8000.0,3000.0,8000.0,22000.0,27000.0,35000.0,4333.33,69.2308,0.000203,4800.0,37.5,0.000121,8000.0,11.25,6.7e-05,9333.33,6.4286,4.7e-05,13050.0,3.4483,3.7e-05,13200.0,2.2727,2.5e-05
20261007,1815,富喬,103930000.0,74142000.0,72517000.0,42669000.0,31288000.0,16338000.0,16818000.0,28287000.0,32320000.0,69858000.0,66057000.0,95458000.0,52764000.0,43016000.0,45520000.0,52185000.0,44139000.0,43268000.0,68959000.0,114345000.0,70385000.0,50020000.0,120272000.0,121340000.0,68487000.0,79965000.0,127211000.0,75561000.0,105377000.0,66929000.0,83529666.67,41.4743,2.34505,64909200.0,32.0232,1.395982,48816700.0,21.2898,0.777914,52732133.33,13.1394,0.54153,55693900.0,9.3305,0.428073,66647500.0,5.198,0.291158
20261007,2035,唐榮,6000.0,,,3000.0,1000.0,2000.0,,1000.0,17000.0,2000.0,22000.0,1000.0,15000.0,1000.0,15000.0,,18000.0,11000.0,,1000.0,1000.0,1000.0,2000.0,,7000.0,1000.0,1000.0,,,,6000.0,100.0,0.000135,3333.33,60.0,8.1e-05,4571.43,18.75,4.5e-05,7166.67,6.9767,3.1e-05,7733.33,5.1724,2.5e-05,6142.86,4.6512,1.7e-05
20261007,2061,風青,3555000.0,2695000.0,5388000.0,5226000.0,3244000.0,4798000.0,1905000.0,1618000.0,1591000.0,2029000.0,1955000.0,1967000.0,2753000.0,2191000.0,490000.0,788000.0,988000.0,955000.0,1770000.0,4062000.0,1903000.0,2142000.0,2539000.0,2068000.0,4469000.0,1669000.0,2736000.0,879000.0,1828000.0,1126000.0,3879333.33,30.5465,0.080214,4021600.0,17.6795,0.047751,3204900.0,11.0924,0.026609,2760333.33,8.5859,0.018523,2498400.0,7.1146,0.014643,2377566.67,4.9841,0.009959
20261007,2063,世鎧,39000.0,33000.0,47000.0,72000.0,13000.0,35000.0,56000.0,24000.0,12000.0,26000.0,17000.0,31000.0,19000.0,14000.0,26000.0,4000.0,24000.0,12000.0,25000.0,17000.0,7000.0,109000.0,15000.0,32000.0,18000.0,28000.0,52000.0,10000.0,52000.0,36000.0,39666.67,32.7731,0.00088,40800.0,19.1176,0.000524,35700.0,10.9244,0.000292,30933.33,8.4052,0.000203,27300.0,7.1429,0.000161,30166.67,4.3094,0.000109
20261007,2064,晉椿,4000.0,6000.0,357000.0,2000.0,350000.0,,300000.0,,10000.0,3000.0,5000.0,2000.0,349000.0,314000.0,308000.0,1000.0,,4000.0,,330000.0,275000.0,280000.0,,3000.0,298000.0,,314000.0,310000.0,1000.0,291000.0,122333.33,1.0899,9e-05,143800.0,0.5563,5.4e-05,129000.0,0.3876,3e-05,154615.38,0.199,2.1e-05,146562.5,0.1706,1.6e-05,171541.67,0.0972,1.1e-05
20261007,2065,世豐,96000.0,49000.0,65000.0,53000.0,36000.0,48000.0,33000.0,51000.0,50000.0,86000.0,48000.0,66000.0,53000.0,45000.0,28000.0,17000.0,147000.0,36000.0,54000.0,61000.0,47000.0,36000.0,37000.0,58000.0,24000.0,34000.0,42000.0,30000.0,72000.0,21000.0,70000.0,45.7143,0.002166,59800.0,32.107,0.001289,56700.0,16.9312,0.000719,53800.0,11.8959,0.0005,56100.0,8.5561,0.000395,50766.67,6.3033,0.000269
20261007,2066,世德,15000.0,54000.0,33000.0,7000.0,23000.0,15000.0,17000.0,15000.0,58000.0,25000.0,13000.0,73000.0,31000.0,26000.0,8000.0,44000.0,36000.0,15000.0,15000.0,13000.0,5000.0,24000.0,33000.0,17000.0,53000.0,25000.0,16000.0,19000.0,63000.0,253000.0,34000.0,14.7059,0.000338,26400.0,11.3636,0.000201,26200.0,5.7252,0.000112,27533.33,3.632,7.8e-05,26800.0,2.7985,6.2e-05,34800.0,1.4368,4.2e-05
20261007,2067,嘉鋼,,48000.0,44000.0,109000.0,108000.0,50000.0,10000.0,35000.0,9000.0,14000.0,8000.0,7000.0,49000.0,33000.0,1000.0,15000.0,7000.0,10000.0,31000.0,11000.0,2000.0,14000.0,35000.0,34000.0,22000.0,5000.0,4000.0,10000.0,35000.0,54000.0,46000.0,,,77250.0,,,47444.44,,,37500.0,,,31526.32,,,28068.97,,
20261007,2070,精湛,58000.0,60000.0,89000.0,50000.0,99000.0,69000.0,89000.0,27000.0,70000.0,140000.0,80000.0,76000.0,70000.0,18000.0,39000.0,28000.0,93000.0,73000.0,91000.0,106000.0,114000.0,675000.0,158000.0,174000.0,312000.0,343000.0,303000.0,323000.0,218000.0,325000.0,69000.0,28.0193,0.001309,71200.0,16.2921,0.000779,75100.0,7.723,0.000434,68933.33,5.6093,0.000302,71250.0,4.0702,0.000239,145666.67,1.3272,0.000162
20261007,2073,雄順,4000.0,,2000.0,2000.0,2000.0,3000.0,1000.0,,3000.0,2000.0,5000.0,,,2000.0,1000.0,2000.0,3000.0,6000.0,5000.0,1000.0,3000.0,3000.0,2000.0,,,1000.0,,,1000.0,,3000.0,66.6667,9e-05,2500.0,40.0,5.4e-05,2375.0,21.0526,3e-05,2454.55,14.8148,2.1e-05,2750.0,9.0909,1.6e-05,2571.43,7.4074,1.1e-05
20261007,2221,大甲,618000.0,611000.0,726000.0,985000.0,2216000.0,2795000.0,1993000.0,1597000.0,19970000.0,1697000.0,2924000.0,13517000.0,8366000.0,8981000.0,7201000.0,5239000.0,10136000.0,6394000.0,2759000.0,5753000.0,4198000.0,12640000.0,4812000.0,3198000.0,1540000.0,2576000.0,3107000.0,1938000.0,2012000.0,1174000.0,651666.67,31.6113,0.013944,1031200.0,11.986,0.008301,3320800.0,1.861,0.004626,4946466.67,0.8329,0.00322,5223900.0,0.5915,0.002545,4722433.33,0.4362,0.001731
20261007,2230,泰茂,263000.0,135000.0,127000.0,184000.0,144000.0,65000.0,94000.0,143000.0,280000.0,126000.0,463000.0,219000.0,89000.0,47000.0,56000.0,30000.0,76000.0,28000.0,46000.0,41000.0,48000.0,41000.0,58000.0,76000.0,127000.0,110000.0,120000.0,66000.0,60000.0,124000.0,175000.0,50.0952,0.005934,170600.0,30.8324,0.003533,156100.0,16.8482,0.001969,162333.33,10.8008,0.00137,132800.0,9.9021,0.001083,116200.0,7.5445,0.000737
20261007,2235,謚源,3000.0,8000.0,6000.0,5000.0,,2000.0,,1000.0,,7000.0,1000.0,,8000.0,5000.0,4000.0,9000.0,2000.0,,75000.0,39000.0,1000.0,2000.0,4000.0,1000.0,8000.0,,5000.0,4000.0,2000.0,5000.0,5666.67,17.6471,6.8e-05,5500.0,13.6364,4e-05,4571.43,9.375,2.2e-05,4545.45,6.0,1.6e-05,11666.67,1.7143,1.2e-05,8625.0,1.4493,8e-06
20261007,2596,綠意,24000.0,88000.0,73000.0,32000.0,23000.0,66000.0,11000.0,111000.0,63000.0,82000.0,33000.0,46000.0,165000.0,148000.0,147000.0,333000.0,250000.0,47000.0,298000.0,170000.0,211000.0,60000.0,122000.0,109000.0,94000.0,49000.0,49000.0,150000.0,130000.0,108000.0,61666.67,12.973,0.000542,48000.0,10.0,0.000322,57300.0,4.1885,0.00018,74133.33,2.1583,0.000125,110500.0,1.086,9.9e-05,109733.33,0.729,6.7e-05
20261007,2640,大車隊,25000.0,21000.0,56000.0,8000.0,16000.0,13000.0,23000.0,30000.0,38000.0,107000.0,81000.0,83000.0,191000.0,40000.0,46000.0,13000.0,13000.0,16000.0,8000.0,10000.0,23000.0,9000.0,15000.0,33000.0,56000.0,33000.0,13000.0,20000.0,32000.0,27000.0,34000.0,24.5098,0.000564,25200.0,19.8413,0.000336,33700.0,7.4184,0.000187,51866.67,3.2134,0.00013,41900.0,2.9833,0.000103,36633.33,2.2748,7e-05
20261007,2641,正德,731000.0,1101000.0,1604000.0,802000.0,567000.0,1148000.0,1020000.0,616000.0,986000.0,875000.0,1206000.0,1322000.0,961000.0,802000.0,929000.0,1091000.0,1726000.0,2302000.0,1701000.0,992000.0,1273000.0,2192000.0,3965000.0,1122000.0,1472000.0,2324000.0,2046000.0,1872000.0,6470000.0,12620000.0,1145333.33,21.2747,0.016494,961000.0,15.2133,0.009819,945000.0,7.7354,0.005472,978000.0,4.983,0.003809,1124100.0,3.2515,0.003011,1927933.33,1.2639,0.002048
20261007,2643,捷迅,46000.0,9000.0,10000.0,9000.0,10000.0,7000.0,3000.0,13000.0,1000.0,8000.0,11000.0,3000.0,8000.0,4000.0,3000.0,3000.0,12000.0,32000.0,19000.0,19000.0,9000.0,15000.0,2000.0,7000.0,7000.0,8000.0,8000.0,14000.0,4000.0,11000.0,21666.67,70.7692,0.001038,16800.0,54.7619,0.000618,11600.0,39.6552,0.000344,9666.67,31.7241,0.00024,11500.0,20.0,0.000189,10500.0,14.6032,0.000129
20261007,2718,全心投控,19000.0,26000.0,6000.0,5000.0,19000.0,24000.0,3000.0,12000.0,20000.0,23000.0,24000.0,14000.0,11000.0,14000.0,25000.0,28000.0,23000.0,19000.0,25000.0,4000.0,13000.0,36000.0,26000.0,10000.0,24000.0,37000.0,122000.0,176000.0,179000.0,107000.0,17000.0,37.2549,0.000429,15000.0,25.3333,0.000255,15700.0,12.1019,0.000142,16333.33,7.7551,9.9e-05,17200.0,5.5233,7.8e-05,35800.0,1.7691,5.3e-05
20261007,2719,燦星旅,5000.0,7000.0,5000.0,4000.0,12000.0,1000.0,4000.0,3000.0,6000.0,2000.0,9000.0,14000.0,4000.0,2000.0,,7000.0,42000.0,10000.0,22000.0,41000.0,8000.0,8000.0,18000.0,5000.0,3000.0,5000.0,5000.0,8000.0,16000.0,32000.0,5666.67,29.4118,0.000113,6600.0,15.1515,6.7e-05,4900.0,10.2041,3.7e-05,5571.43,6.4103,2.6e-05,10526.32,2.5,2.1e-05,10620.69,1.6234,1.4e-05
20261007,2724,藝舍-KY,19000.0,,1000.0,3000.0,1000.0,,,2000.0,4000.0,2000.0,3000.0,41000.0,4000.0,9000.0,8000.0,1000.0,,,,1000.0,2000.0,,11000.0,12000.0,5000.0,1000.0,2000.0,2000.0,7000.0,53000.0,10000.0,95.0,0.000429,6000.0,79.1667,0.000255,4571.43,59.375,0.000142,8083.33,19.5876,9.9e-05,7071.43,19.1919,7.8e-05,8434.78,9.7938,5.3e-05
20261007,2726,雅茗-KY,27000.0,2000.0,23000.0,54000.0,7000.0,17000.0,14000.0,16000.0,51000.0,28000.0,21000.0,16000.0,21000.0,2000.0,24000.0,10000.0,26000.0,18000.0,7000.0,49000.0,95000.0,47000.0,8000.0,26000.0,31000.0,181000.0,54000.0,46000.0,60000.0,27000.0,17333.33,51.9231,0.000609,22600.0,23.8938,0.000363,23900.0,11.2971,0.000202,21533.33,8.3591,0.000141,21650.0,6.2356,0.000111,33600.0,2.6786,7.6e-05
20261007,2729,瓦城,8000.0,7000.0,17000.0,6000.0,6000.0,14000.0,2000.0,14000.0,14000.0,38000.0,71000.0,63000.0,36000.0,68000.0,33000.0,7000.0,17000.0,6000.0,10000.0,11000.0,6000.0,11000.0,9000.0,15000.0,9000.0,15000.0,8000.0,13000.0,30000.0,85000.0,10666.67,25.0,0.000181,8800.0,18.1818,0.000107,12600.0,6.3492,6e-05,26466.67,2.0151,4.2e-05,22400.0,1.7857,3.3e-05,21633.33,1.2327,2.2e-05
20261007,2732,六角,49000.0,23000.0,18000.0,28000.0,43000.0,20000.0,8000.0,26000.0,95000.0,17000.0,13000.0,13000.0,12000.0,10000.0,27000.0,42000.0,28000.0,6000.0,17000.0,30000.0,7000.0,17000.0,24000.0,71000.0,25000.0,17000.0,10000.0,15000.0,36000.0,21000.0,30000.0,54.4444,0.001106,32200.0,30.4348,0.000658,32700.0,14.9847,0.000367,26800.0,12.1891,0.000255,26250.0,9.3333,0.000202,25600.0,6.3802,0.000137
20261007,2734,易飛網,41000.0,25000.0,69000.0,30000.0,45000.0,26000.0,38000.0,26000.0,36000.0,51000.0,45000.0,31000.0,25000.0,42000.0,15000.0,42000.0,22000.0,27000.0,42000.0,85000.0,26000.0,9000.0,20000.0,27000.0,10000.0,96000.0,11000.0,54000.0,36000.0,153000.0,45000.0,30.3704,0.000925,42000.0,19.5238,0.000551,38700.0,10.5943,0.000307,36333.33,7.5229,0.000214,38150.0,5.3735,0.000169,40166.67,3.4025,0.000115
20261007,2736,富野,37000.0,37000.0,8000.0,78000.0,17000.0,27000.0,16000.0,20000.0,68000.0,22000.0,45000.0,23000.0,29000.0,25000.0,16000.0,29000.0,35000.0,42000.0,47000.0,12000.0,26000.0,28000.0,63000.0,87000.0,105000.0,54000.0,73000.0,43000.0,97000.0,317000.0,27333.33,45.122,0.000835,35400.0,20.904,0.000497,33000.0,11.2121,0.000277,31200.0,7.906,0.000193,31650.0,5.8452,0.000152,50866.67,2.4246,0.000104
20261007,2740,華軒,2000.0,1000.0,4000.0,7000.0,8000.0,12000.0,3000.0,2000.0,1000.0,1000.0,1000.0,1000.0,1000.0,1000.0,1000.0,5000.0,2000.0,2000.0,2000.0,6000.0,6000.0,6000.0,2000.0,1000.0,1000.0,2000.0,2000.0,1000.0,1000.0,1000.0,2333.33,28.5714,4.5e-05,4400.0,9.0909,2.7e-05,4100.0,4.878,1.5e-05,3066.67,4.3478,1e-05,3150.0,3.1746,8e-06,2866.67,2.3256,6e-06
20261007,2743,山富,56000.0,133000.0,105000.0,31000.0,21000.0,17000.0,21000.0,12000.0,31000.0,21000.0,43000.0,93000.0,46000.0,26000.0,38000.0,47000.0,52000.0,69000.0,111000.0,163000.0,145000.0,32000.0,59000.0,45000.0,59000.0,33000.0,120000.0,64000.0,104000.0,156000.0,98000.0,19.0476,0.001264,69200.0,16.185,0.000752,44800.0,12.5,0.000419,46266.67,8.0692,0.000292,56800.0,4.9296,0.000231,65100.0,2.8674,0.000157
20261007,2745,五福,17000.0,50000.0,38000.0,18000.0,19000.0,26000.0,37000.0,97000.0,87000.0,84000.0,49000.0,40000.0,55000.0,63000.0,65000.0,79000.0,99000.0,68000.0,34000.0,38000.0,38000.0,62000.0,51000.0,26000.0,65000.0,39000.0,97000.0,35000.0,49000.0,70000.0,35000.0,16.1905,0.000384,28400.0,11.9718,0.000228,47300.0,3.5941,0.000127,49666.67,2.2819,8.9e-05,53150.0,1.5992,7e-05,53166.67,1.0658,4.8e-05
20261007,2751,王座,17000.0,13000.0,7000.0,,5000.0,14000.0,4000.0,2000.0,4000.0,4000.0,2000.0,,1000.0,1000.0,4000.0,4000.0,7000.0,9000.0,28000.0,6000.0,1000.0,2000.0,6000.0,10000.0,8000.0,22000.0,22000.0,,13000.0,12000.0,12333.33,45.9459,0.000384,10500.0,40.4762,0.000228,7777.78,24.2857,0.000127,6000.0,21.7949,8.9e-05,7333.33,12.8788,7e-05,8444.44,7.4561,4.8e-05
20261007,2752,豆府,1000.0,6000.0,19000.0,2000.0,17000.0,10000.0,12000.0,1000.0,13000.0,7000.0,3000.0,19000.0,2000.0,1000.0,13000.0,7000.0,10000.0,4000.0,,26000.0,20000.0,3000.0,10000.0,7000.0,9000.0,6000.0,1000.0,4000.0,2000.0,2000.0,8666.67,3.8462,2.3e-05,9000.0,2.2222,1.3e-05,8800.0,1.1364,7e-06,8400.0,0.7937,5e-06,9105.26,0.578,4e-06,8172.41,0.4219,3e-06
20261007,2754,亞洲藏壽司,7000.0,25000.0,56000.0,49000.0,8000.0,18000.0,12000.0,28000.0,21000.0,38000.0,30000.0,23000.0,20000.0,2000.0,6000.0,41000.0,21000.0,54000.0,1000.0,9000.0,31000.0,6000.0,17000.0,2000.0,11000.0,14000.0,41000.0,9000.0,25000.0,9000.0,29333.33,7.9545,0.000158,29000.0,4.8276,9.4e-05,26200.0,2.6718,5.2e-05,22866.67,2.0408,3.6e-05,23450.0,1.4925,2.9e-05,21133.33,1.1041,2e-05
20261007,2755,揚秦,55000.0,67000.0,41000.0,29000.0,22000.0,24000.0,21000.0,10000.0,11000.0,16000.0,15000.0,10000.0,28000.0,43000.0,24000.0,13000.0,28000.0,40000.0,48000.0,48000.0,43000.0,97000.0,4000.0,5000.0,22000.0,14000.0,19000.0,18000.0,12000.0,24000.0,54333.33,33.7423,0.001241,42800.0,25.7009,0.000739,29600.0,18.5811,0.000412,27733.33,13.2212,0.000287,29650.0,9.2749,0.000227,28366.67,6.463,0.000154
20261007,2756,聯發國際,46000.0,19000.0,4000.0,16000.0,10000.0,1000.0,8000.0,25000.0,25000.0,8000.0,7000.0,24000.0,5000.0,52000.0,37000.0,80000.0,58000.0,2000.0,38000.0,25000.0,45000.0,19000.0,9000.0,20000.0,12000.0,9000.0,10000.0,26000.0,15000.0,8000.0,23000.0,66.6667,0.001038,19000.0,48.4211,0.000618,16200.0,28.3951,0.000344,19133.33,16.0279,0.00024,24500.0,9.3878,0.000189,22100.0,6.9382,0.000129
20261007,2916,滿心,10000.0,32000.0,42000.0,17000.0,12000.0,10000.0,7000.0,20000.0,39000.0,18000.0,27000.0,11000.0,12000.0,6000.0,30000.0,62000.0,31000.0,14000.0,22000.0,49000.0,28000.0,39000.0,34000.0,27000.0,23000.0,44000.0,25000.0,32000.0,13000.0,23000.0,28000.0,11.9048,0.000226,22600.0,8.8496,0.000134,20700.0,4.8309,7.5e-05,19533.33,3.413,5.2e-05,23550.0,2.1231,4.1e-05,25300.0,1.3175,2.8e-05
20261007,2924,宏太-KY,1000.0,32000.0,3000.0,9000.0,1000.0,19000.0,8000.0,1000.0,1000.0,8000.0,1000.0,1000.0,3000.0,28000.0,22000.0,1000.0,1000.0,8000.0,8000.0,7000.0,12000.0,11000.0,11000.0,1000.0,7000.0,13000.0,12000.0,10000.0,19000.0,14000.0,12000.0,2.7778,2.3e-05,9200.0,2.1739,1.3e-05,8300.0,1.2048,7e-06,9200.0,0.7246,5e-06,8150.0,0.6135,4e-06,9100.0,0.3663,3e-06
20261007,2926,誠品生活,10000.0,3000.0,8000.0,9000.0,3000.0,12000.0,18000.0,,2000.0,8000.0,,21000.0,2000.0,2000.0,6000.0,2000.0,2000.0,7000.0,3000.0,5000.0,22000.0,5000.0,5000.0,4000.0,5000.0,8000.0,15000.0,17000.0,30000.0,12000.0,7000.0,47.619,0.000226,6600.0,30.303,0.000134,8111.11,13.6986,7.5e-05,8000.0,9.6154,5.2e-05,6833.33,8.1301,4.1e-05,8785.71,4.065,2.8e-05
20261007,2937,集雅社,1000.0,4000.0,,5000.0,,1000.0,5000.0,,,2000.0,2000.0,2000.0,5000.0,3000.0,5000.0,7000.0,4000.0,8000.0,4000.0,18000.0,2000.0,2000.0,1000.0,4000.0,4000.0,28000.0,52000.0,10000.0,2000.0,5000.0,2500.0,20.0,2.3e-05,3333.33,10.0,1.3e-05,3000.0,5.5556,7e-06,3181.82,2.8571,5e-06,4750.0,1.3158,4e-06,7153.85,0.5376,3e-06
20261007,2938,床的世界,55000.0,51000.0,76000.0,72000.0,42000.0,31000.0,26000.0,93000.0,223000.0,40000.0,300000.0,127000.0,361000.0,656000.0,,,,,,,,,,,,,,,,,60666.67,30.2198,0.001241,59200.0,18.5811,0.000739,70900.0,7.7574,0.000412,153785.71,2.5546,0.000287,153785.71,2.5546,0.000227,153785.71,2.5546,0.000154
20261007,2941,米斯特,2000.0,,1000.0,2000.0,6000.0,4000.0,1000.0,1000.0,1000.0,2000.0,1000.0,6000.0,5000.0,8000.0,,4000.0,1000.0,7000.0,3000.0,2000.0,6000.0,8000.0,,,2000.0,,1000.0,1000.0,1000.0,,1500.0,66.6667,4.5e-05,2750.0,18.1818,2.7e-05,2222.22,10.0,1.5e-05,3076.92,5.0,1e-05,3166.67,3.5088,8e-06,3166.67,2.6316,6e-06
20261007,2947,振宇五金,8000.0,22000.0,23000.0,15000.0,9000.0,8000.0,,,3000.0,,9000.0,2000.0,6000.0,3000.0,17000.0,10000.0,51000.0,2000.0,18000.0,7000.0,4000.0,7000.0,25000.0,62000.0,11000.0,8000.0,12000.0,4000.0,11000.0,5000.0,17666.67,15.0943,0.000181,15400.0,10.3896,0.000107,12571.43,9.0909,6e-05,10416.67,6.4,4.2e-05,12529.41,3.7559,3.3e-05,13407.41,2.2099,2.2e-05
20261007,2948,寶陞,1000.0,,4000.0,4000.0,6000.0,1000.0,6000.0,3000.0,13000.0,13000.0,1000.0,3000.0,1000.0,,3000.0,2000.0,5000.0,1000.0,3000.0,,3000.0,6000.0,3000.0,1000.0,9000.0,4000.0,2000.0,2000.0,1000.0,,2500.0,20.0,2.3e-05,3750.0,6.6667,1.3e-05,5666.67,1.9608,7e-06,4538.46,1.6949,5e-06,4117.65,1.4286,4e-06,3884.62,0.9901,3e-06
20261007,2949,欣新網,,,1000.0,1000.0,,12000.0,,5000.0,,,,,,6000.0,3000.0,,,,,3000.0,,,,,1000.0,1000.0,,,,6000.0,1000.0,,,1000.0,,,4750.0,,,4666.67,,,4428.57,,,3900.0,,
20261007,3064,泰偉,1000.0,3000.0,17000.0,3000.0,2000.0,,,,,,2000.0,,,,,,3000.0,,,1000.0,,,,,,,,,3000.0,,7000.0,4.7619,2.3e-05,5200.0,3.8462,1.3e-05,5200.0,3.8462,7e-06,4666.67,3.5714,5e-06,4000.0,3.125,4e-06,3888.89,2.8571,3e-06
20261007,3066,李洲,513000.0,876000.0,1530000.0,978000.0,1576000.0,2394000.0,2761000.0,2118000.0,1457000.0,1505000.0,3277000.0,7953000.0,5345000.0,2071000.0,1017000.0,305000.0,378000.0,394000.0,763000.0,565000.0,673000.0,1074000.0,1813000.0,2077000.0,1280000.0,4594000.0,2900000.0,902000.0,1124000.0,559000.0,973000.0,17.5745,0.011575,1094600.0,9.3733,0.006891,1570800.0,3.2659,0.00384,2358066.67,1.4503,0.002673,1888800.0,1.358,0.002113,1825733.33,0.9366,0.001437
20261007,3067,全域,,,,,,,1000.0,,1000.0,14000.0,,3000.0,,1000.0,,,1000.0,,2000.0,5000.0,23000.0,,1000.0,,,1000.0,1000.0,,1000.0,7000.0,,,,,,,5333.33,,,4000.0,,,3500.0,,,4428.57,,
20261007,3071,協禧,189000.0,142000.0,185000.0,178000.0,143000.0,125000.0,105000.0,164000.0,96000.0,265000.0,125000.0,118000.0,83000.0,50000.0,128000.0,61000.0,206000.0,403000.0,110000.0,169000.0,195000.0,638000.0,176000.0,122000.0,203000.0,72000.0,130000.0,132000.0,145000.0,128000.0,172000.0,36.6279,0.004265,167400.0,22.5806,0.002539,159200.0,11.8719,0.001415,139733.33,9.0172,0.000985,152250.0,6.2069,0.000778,166200.0,3.7906,0.000529
20261007,3073,天方能源,17000.0,12000.0,19000.0,18000.0,8000.0,9000.0,13000.0,7000.0,30000.0,47000.0,83000.0,52000.0,8000.0,14000.0,15000.0,24000.0,34000.0,45000.0,3000.0,53000.0,48000.0,57000.0,40000.0,73000.0,39000.0,6000.0,29000.0,43000.0,39000.0,51000.0,16000.0,35.4167,0.000384,14800.0,22.973,0.000228,18000.0,9.4444,0.000127,23466.67,4.8295,8.9e-05,25550.0,3.3268,7e-05,31200.0,1.8162,4.8e-05
20261007,3078,僑威,334000.0,218000.0,474000.0,388000.0,396000.0,351000.0,281000.0,252000.0,482000.0,616000.0,997000.0,801000.0,486000.0,1075000.0,339000.0,357000.0,639000.0,944000.0,577000.0,654000.0,960000.0,1131000.0,1365000.0,777000.0,888000.0,2595000.0,1019000.0,924000.0,587000.0,811000.0,342000.0,32.5536,0.007536,362000.0,18.453,0.004486,379200.0,8.808,0.0025,499333.33,4.4593,0.00174,533050.0,3.1329,0.001376,723933.33,1.5379,0.000936
20261007,3081,聯亞,5219000.0,2260000.0,6757000.0,4284000.0,1747000.0,1329000.0,1139000.0,1798000.0,4144000.0,2200000.0,2610000.0,3166000.0,4058000.0,5534000.0,2210000.0,2614000.0,2482000.0,2921000.0,4728000.0,3764000.0,3448000.0,5284000.0,3924000.0,3191000.0,2459000.0,3971000.0,3066000.0,6294000.0,6821000.0,3133000.0,4745333.33,36.6606,0.11776,4053400.0,25.7512,0.070101,3087700.0,16.9025,0.039064,3230333.33,10.7708,0.027194,3248200.0,8.0337,0.021496,3551833.33,4.8979,0.014621
20261007,3083,網龍,21000.0,54000.0,29000.0,77000.0,271000.0,59000.0,47000.0,44000.0,18000.0,90000.0,34000.0,55000.0,40000.0,30000.0,120000.0,87000.0,51000.0,16000.0,23000.0,47000.0,51000.0,91000.0,19000.0,30000.0,30000.0,50000.0,12000.0,19000.0,29000.0,50000.0,34666.67,20.1923,0.000474,90400.0,4.646,0.000282,71000.0,2.9577,0.000157,65933.33,2.1234,0.000109,60650.0,1.7312,8.6e-05,53133.33,1.3174,5.9e-05
20261007,3085,新零售,,,,,,4000.0,8000.0,5000.0,8000.0,,2000.0,2000.0,5000.0,1000.0,3000.0,,1000.0,2000.0,,16000.0,1000.0,19000.0,7000.0,4000.0,,9000.0,,8000.0,1000.0,,,,,,,,6250.0,,,4222.22,,,4750.0,,,5578.95,,
20261007,3086,華義*,98000.0,81000.0,99000.0,109000.0,65000.0,95000.0,131000.0,100000.0,48000.0,83000.0,50000.0,73000.0,58000.0,38000.0,73000.0,42000.0,51000.0,41000.0,59000.0,143000.0,190000.0,111000.0,128000.0,339000.0,871000.0,296000.0,149000.0,69000.0,84000.0,78000.0,92666.67,35.2518,0.002211,90400.0,21.6814,0.001316,90900.0,10.7811,0.000734,80066.67,8.1599,0.000511,76850.0,6.3761,0.000404,128400.0,2.5441,0.000275
20261007,3088,艾訊,946000.0,1308000.0,754000.0,431000.0,427000.0,934000.0,1699000.0,442000.0,340000.0,582000.0,818000.0,376000.0,644000.0,271000.0,365000.0,284000.0,537000.0,520000.0,1102000.0,695000.0,817000.0,1551000.0,761000.0,401000.0,958000.0,477000.0,409000.0,558000.0,669000.0,428000.0,1002666.67,31.4495,0.021345,773200.0,24.4697,0.012707,786300.0,12.031,0.007081,689133.33,9.1516,0.004929,673750.0,7.0204,0.003896,683466.67,4.6137,0.00265
20261007,3093,港建*,229000.0,283000.0,281000.0,268000.0,261000.0,208000.0,352000.0,85000.0,138000.0,84000.0,231000.0,146000.0,100000.0,111000.0,170000.0,127000.0,215000.0,242000.0,362000.0,151000.0,216000.0,203000.0,305000.0,372000.0,257000.0,325000.0,495000.0,1107000.0,636000.0,174000.0,264333.33,28.8777,0.005167,264400.0,17.3222,0.003076,218900.0,10.4614,0.001714,196466.67,7.7706,0.001193,202200.0,5.6627,0.000943,271133.33,2.8153,0.000642
20261007,3095,及成,7000.0,4000.0,1000.0,2000.0,5000.0,8000.0,5000.0,65000.0,13000.0,17000.0,9000.0,21000.0,5000.0,1000.0,5000.0,,6000.0,11000.0,3000.0,5000.0,12000.0,1000.0,4000.0,,3000.0,10000.0,10000.0,1000.0,8000.0,1000.0,4000.0,58.3333,0.000158,3800.0,36.8421,9.4e-05,12700.0,5.5118,5.2e-05,11200.0,4.1667,3.6e-05,10157.89,3.6269,2.9e-05,8678.57,2.8807,2e-05
20261007,3105,穩懋,22167000.0,19091000.0,47142000.0,27304000.0,26500000.0,41316000.0,15080000.0,21240000.0,26998000.0,33052000.0,23166000.0,43288000.0,46836000.0,28852000.0,35312000.0,13412000.0,14114000.0,14923000.0,35781000.0,17063000.0,19322000.0,23782000.0,40305000.0,41055000.0,55247000.0,50920000.0,48392000.0,36119000.0,31905000.0,11814000.0,29466666.67,25.0758,0.500171,28440800.0,15.5882,0.297746,27989000.0,7.9199,0.16592,30489600.0,4.8469,0.115502,27631850.0,4.0111,0.091303,30383266.67,2.4319,0.0621
20261007,3114,好德,1223000.0,6943000.0,1914000.0,3572000.0,2976000.0,642000.0,1771000.0,870000.0,169000.0,166000.0,217000.0,180000.0,129000.0,110000.0,88000.0,141000.0,147000.0,188000.0,196000.0,203000.0,189000.0,249000.0,649000.0,538000.0,273000.0,205000.0,211000.0,155000.0,238000.0,371000.0,3360000.0,12.1329,0.027595,3325600.0,7.3551,0.016427,2024600.0,6.0407,0.009154,1398000.0,5.8321,0.006372,1092250.0,5.5985,0.005037,830766.67,4.9071,0.003426
20261007,3115,富榮綱,7000.0,1000.0,2000.0,29000.0,8000.0,23000.0,14000.0,70000.0,33000.0,1000.0,9000.0,54000.0,14000.0,14000.0,8000.0,7000.0,,,9000.0,2000.0,4000.0,2000.0,2000.0,,10000.0,,13000.0,1000.0,3000.0,30000.0,3333.33,70.0,0.000158,9400.0,14.8936,9.4e-05,18800.0,3.7234,5.2e-05,19133.33,2.439,3.6e-05,16944.44,2.2951,2.9e-05,14230.77,1.8919,2e-05
20261007,3118,進階,12000.0,10000.0,15000.0,9000.0,7000.0,48000.0,29000.0,33000.0,,15000.0,8000.0,2000.0,11000.0,11000.0,19000.0,14000.0,23000.0,28000.0,19000.0,9000.0,14000.0,18000.0,29000.0,,44000.0,35000.0,14000.0,18000.0,22000.0,21000.0,12333.33,32.4324,0.000271,10600.0,22.6415,0.000161,19777.78,6.7416,9e-05,16357.14,5.2402,6.3e-05,16947.37,3.7267,4.9e-05,19178.57,2.2346,3.4e-05
20261007,3122,笙泉,40000.0,128000.0,57000.0,34000.0,22000.0,73000.0,38000.0,14000.0,102000.0,56000.0,56000.0,14000.0,34000.0,17000.0,36000.0,18000.0,15000.0,41000.0,32000.0,48000.0,40000.0,41000.0,111000.0,74000.0,71000.0,19000.0,69000.0,47000.0,64000.0,48000.0,75000.0,17.7778,0.000903,56200.0,14.2349,0.000537,56400.0,7.0922,0.000299,48066.67,5.5479,0.000208,43750.0,4.5714,0.000165,48633.33,2.7416,0.000112
20261007,3128,昇銳,27000.0,121000.0,73000.0,46000.0,75000.0,49000.0,39000.0,36000.0,38000.0,142000.0,49000.0,209000.0,124000.0,364000.0,613000.0,170000.0,51000.0,28000.0,21000.0,71000.0,107000.0,113000.0,115000.0,68000.0,176000.0,70000.0,152000.0,88000.0,294000.0,169000.0,73666.67,12.2172,0.000609,68400.0,7.8947,0.000363,64600.0,4.1796,0.000202,133666.67,1.3466,0.000141,117300.0,1.1509,0.000111,123266.67,0.7301,7.6e-05
20261007,3131,弘塑,354000.0,253000.0,478000.0,324000.0,603000.0,720000.0,519000.0,181000.0,224000.0,265000.0,377000.0,203000.0,293000.0,135000.0,231000.0,211000.0,272000.0,386000.0,848000.0,830000.0,650000.0,234000.0,316000.0,266000.0,611000.0,715000.0,559000.0,926000.0,541000.0,211000.0,361666.67,32.6267,0.007988,402400.0,17.5944,0.004755,392100.0,9.0283,0.00265,344000.0,6.8605,0.001845,385350.0,4.5932,0.001458,424533.33,2.7795,0.000992
20261007,3141,晶宏,1855000.0,5382000.0,3506000.0,2432000.0,1452000.0,1053000.0,1533000.0,2472000.0,2479000.0,3936000.0,4878000.0,3298000.0,5378000.0,4430000.0,5136000.0,2225000.0,4213000.0,2881000.0,2813000.0,6222000.0,8308000.0,14635000.0,21248000.0,18047000.0,10308000.0,3453000.0,586000.0,551000.0,1435000.0,741000.0,3581000.0,17.2671,0.041856,2925400.0,12.682,0.024916,2610000.0,7.1073,0.013885,3281333.33,3.7688,0.009666,3378700.0,2.7451,0.00764,4896200.0,1.2629,0.005197
20261007,3147,大綜,1647000.0,3376000.0,1454000.0,2133000.0,1630000.0,524000.0,561000.0,1233000.0,236000.0,585000.0,608000.0,956000.0,632000.0,964000.0,746000.0,1190000.0,349000.0,382000.0,366000.0,152000.0,359000.0,359000.0,339000.0,201000.0,340000.0,220000.0,321000.0,362000.0,340000.0,260000.0,2159000.0,25.4284,0.037162,2048000.0,16.084,0.022122,1337900.0,12.3103,0.012328,1152333.33,9.5285,0.008582,986200.0,8.3502,0.006784,760833.33,7.2158,0.004614
20261007,3152,璟德,150000.0,102000.0,135000.0,53000.0,98000.0,84000.0,87000.0,296000.0,46000.0,54000.0,48000.0,62000.0,90000.0,77000.0,51000.0,49000.0,115000.0,88000.0,113000.0,125000.0,70000.0,100000.0,107000.0,73000.0,110000.0,138000.0,218000.0,651000.0,464000.0,818000.0,129000.0,38.7597,0.003385,107600.0,27.881,0.002015,110500.0,13.5747,0.001123,95533.33,10.4676,0.000782,96150.0,7.8003,0.000618,155733.33,3.2106,0.00042
20261007,3158,嘉實,7000.0,11000.0,10000.0,24000.0,29000.0,20000.0,14000.0,14000.0,5000.0,8000.0,8000.0,21000.0,11000.0,20000.0,19000.0,104000.0,12000.0,5000.0,5000.0,7000.0,15000.0,1000.0,2000.0,8000.0,7000.0,8000.0,3000.0,6000.0,2000.0,8000.0,9333.33,25.0,0.000158,16200.0,8.642,9.4e-05,14200.0,4.9296,5.2e-05,14733.33,3.1674,3.6e-05,17700.0,1.9774,2.9e-05,13800.0,1.6908,2e-05
20261007,3162,精確,1464000.0,2311000.0,2750000.0,4259000.0,7409000.0,7047000.0,4034000.0,647000.0,486000.0,1304000.0,960000.0,2559000.0,870000.0,2279000.0,2056000.0,1121000.0,704000.0,1168000.0,2236000.0,1346000.0,554000.0,1315000.0,4135000.0,558000.0,742000.0,952000.0,1431000.0,3532000.0,6185000.0,225000.0,2175000.0,22.4368,0.033033,3638600.0,8.0471,0.019664,3171100.0,4.6167,0.010958,2695666.67,3.6206,0.007628,2350500.0,3.1142,0.00603,2221300.0,2.1969,0.004101
20261007,3163,波若威,3908000.0,1987000.0,4765000.0,7641000.0,2991000.0,982000.0,947000.0,748000.0,1233000.0,1382000.0,1136000.0,1747000.0,1569000.0,1963000.0,1165000.0,1145000.0,1714000.0,1363000.0,3924000.0,2141000.0,4449000.0,940000.0,906000.0,667000.0,786000.0,947000.0,4842000.0,6552000.0,6492000.0,5314000.0,3553333.33,36.6604,0.088179,4258400.0,18.3543,0.052492,2658400.0,14.7006,0.029251,2277600.0,11.4389,0.020363,2222550.0,8.7917,0.016096,2544866.67,5.1188,0.010948
20261007,3169,亞信,221000.0,227000.0,203000.0,291000.0,467000.0,257000.0,461000.0,1696000.0,673000.0,381000.0,134000.0,78000.0,119000.0,64000.0,76000.0,71000.0,112000.0,67000.0,107000.0,274000.0,616000.0,196000.0,524000.0,2562000.0,260000.0,45000.0,94000.0,67000.0,58000.0,63000.0,217000.0,33.9478,0.004987,281800.0,15.6849,0.002968,487700.0,4.5315,0.001654,356533.33,4.1324,0.001152,298950.0,3.6963,0.00091,348800.0,2.112,0.000619
20261007,3171,炎洲流通,,4000.0,6000.0,40000.0,39000.0,4000.0,7000.0,3000.0,8000.0,22000.0,15000.0,21000.0,1000.0,1000.0,4000.0,39000.0,23000.0,16000.0,83000.0,61000.0,13000.0,30000.0,19000.0,42000.0,19000.0,10000.0,7000.0,8000.0,2000.0,12000.0,5000.0,,,22250.0,,,14777.78,,,12500.0,,,20894.74,,,19275.86,,
20261007,3176,基亞,294000.0,444000.0,444000.0,223000.0,249000.0,287000.0,280000.0,601000.0,241000.0,278000.0,357000.0,1089000.0,1320000.0,688000.0,1015000.0,621000.0,2843000.0,759000.0,485000.0,676000.0,434000.0,449000.0,330000.0,476000.0,1124000.0,1109000.0,1162000.0,2052000.0,2490000.0,703000.0,394000.0,24.8731,0.006634,330800.0,17.7751,0.003949,334100.0,8.7998,0.002201,520666.67,3.7644,0.001532,659700.0,2.2283,0.001211,784100.0,1.2498,0.000824
20261007,3178,公準,145000.0,129000.0,288000.0,518000.0,175000.0,235000.0,141000.0,637000.0,605000.0,2842000.0,2161000.0,1041000.0,59000.0,52000.0,44000.0,69000.0,75000.0,65000.0,438000.0,28000.0,17000.0,47000.0,55000.0,71000.0,74000.0,40000.0,117000.0,26000.0,32000.0,25000.0,187333.33,25.8007,0.003272,251000.0,11.5538,0.001948,571500.0,2.5372,0.001085,604800.0,1.5983,0.000756,487350.0,1.4876,0.000597,341700.0,1.4145,0.000406
20261007,3188,鑫龍騰,279000.0,162000.0,395000.0,159000.0,98000.0,127000.0,22000.0,56000.0,146000.0,81000.0,136000.0,243000.0,136000.0,92000.0,89000.0,73000.0,106000.0,136000.0,68000.0,149000.0,216000.0,253000.0,112000.0,126000.0,122000.0,172000.0,216000.0,249000.0,113000.0,122000.0,278666.67,33.3732,0.006295,218600.0,25.5261,0.003748,152500.0,18.2951,0.002088,148066.67,12.5619,0.001454,137650.0,10.1344,0.001149,148466.67,6.264,0.000782
20261007,3191,雲嘉南,19000.0,3000.0,21000.0,59000.0,45000.0,21000.0,21000.0,13000.0,26000.0,21000.0,14000.0,15000.0,24000.0,13000.0,6000.0,10000.0,5000.0,28000.0,104000.0,45000.0,27000.0,18000.0,7000.0,70000.0,20000.0,29000.0,33000.0,24000.0,30000.0,24000.0,14333.33,44.186,0.000429,29400.0,12.9252,0.000255,24900.0,7.6305,0.000142,21400.0,5.919,9.9e-05,25650.0,3.7037,7.8e-05,26500.0,2.3899,5.3e-05
20261007,3205,佰研,35000.0,11000.0,25000.0,27000.0,18000.0,6000.0,52000.0,9000.0,16000.0,18000.0,32000.0,3000.0,19000.0,24000.0,5000.0,9000.0,38000.0,24000.0,12000.0,18000.0,8000.0,113000.0,75000.0,21000.0,39000.0,62000.0,39000.0,15000.0,8000.0,12000.0,23666.67,49.2958,0.00079,23200.0,30.1724,0.00047,21700.0,16.129,0.000262,20000.0,11.6667,0.000182,20050.0,8.7282,0.000144,26433.33,4.4136,9.8e-05
20261007,3206,志豐,22000.0,17000.0,50000.0,53000.0,14000.0,17000.0,8000.0,19000.0,9000.0,115000.0,52000.0,43000.0,34000.0,11000.0,12000.0,42000.0,8000.0,14000.0,55000.0,84000.0,65000.0,100000.0,28000.0,11000.0,16000.0,42000.0,20000.0,42000.0,19000.0,47000.0,29666.67,24.7191,0.000496,31200.0,14.1026,0.000296,32400.0,6.7901,0.000165,31733.33,4.6218,0.000115,33950.0,3.2401,9.1e-05,35633.33,2.058,6.2e-05
20261007,3207,耀勝,142000.0,241000.0,216000.0,245000.0,306000.0,185000.0,107000.0,17000.0,91000.0,181000.0,165000.0,294000.0,140000.0,81000.0,81000.0,85000.0,307000.0,105000.0,244000.0,168000.0,141000.0,79000.0,157000.0,188000.0,112000.0,112000.0,142000.0,155000.0,55000.0,92000.0,199666.67,23.7062,0.003204,230000.0,12.3478,0.001907,173100.0,8.2034,0.001063,166133.33,5.6982,0.00074,170050.0,4.1752,0.000585,154466.67,3.0643,0.000398
20261007,3211,順達,4348000.0,12159000.0,3636000.0,2846000.0,2343000.0,7930000.0,3903000.0,1163000.0,1762000.0,6065000.0,8625000.0,1570000.0,2265000.0,2578000.0,1875000.0,2313000.0,1692000.0,3851000.0,4826000.0,2289000.0,3200000.0,3296000.0,6072000.0,2717000.0,9549000.0,4505000.0,11113000.0,17210000.0,11121000.0,8264000.0,6714333.33,21.5857,0.098107,5066400.0,17.1641,0.058402,4615500.0,9.4204,0.032545,4204533.33,6.8941,0.022655,3901950.0,5.5716,0.017909,5169533.33,2.8036,0.012181
20261007,3213,茂訊,297000.0,295000.0,315000.0,371000.0,140000.0,120000.0,152000.0,98000.0,65000.0,142000.0,122000.0,76000.0,201000.0,203000.0,97000.0,156000.0,209000.0,360000.0,536000.0,325000.0,716000.0,879000.0,213000.0,190000.0,150000.0,139000.0,207000.0,164000.0,161000.0,137000.0,302333.33,32.7453,0.006701,283600.0,20.945,0.003989,199500.0,14.8872,0.002223,179600.0,11.0245,0.001548,214000.0,6.9393,0.001223,241200.0,4.1045,0.000832
20261007,3217,優群,148000.0,220000.0,245000.0,238000.0,129000.0,277000.0,130000.0,65000.0,133000.0,176000.0,146000.0,237000.0,168000.0,173000.0,157000.0,247000.0,302000.0,312000.0,992000.0,246000.0,295000.0,408000.0,440000.0,342000.0,593000.0,438000.0,222000.0,488000.0,310000.0,315000.0,204333.33,24.1436,0.003339,196000.0,15.102,0.001988,176100.0,8.4043,0.001108,176133.33,5.6018,0.000771,237050.0,3.1217,0.00061,286400.0,1.7225,0.000415
20261007,3218,大學光,94000.0,154000.0,192000.0,105000.0,86000.0,78000.0,84000.0,354000.0,111000.0,125000.0,80000.0,116000.0,112000.0,74000.0,101000.0,79000.0,292000.0,79000.0,112000.0,78000.0,164000.0,112000.0,186000.0,191000.0,335000.0,627000.0,137000.0,198000.0,100000.0,84000.0,146666.67,21.3636,0.002121,126200.0,14.897,0.001263,138300.0,6.7968,0.000704,124400.0,5.0375,0.00049,125300.0,3.751,0.000387,154666.67,2.0259,0.000263
20261007,3219,倚強科,1823000.0,1527000.0,1027000.0,870000.0,1227000.0,6580000.0,1423000.0,2333000.0,5909000.0,2798000.0,2666000.0,581000.0,450000.0,348000.0,363000.0,232000.0,455000.0,352000.0,666000.0,1357000.0,702000.0,590000.0,889000.0,1204000.0,1401000.0,1986000.0,2232000.0,1354000.0,398000.0,674000.0,1459000.0,41.6495,0.041134,1294800.0,28.1588,0.024486,2551700.0,7.1443,0.013645,1995000.0,6.0919,0.009499,1649350.0,5.5264,0.007509,1480566.67,4.1043,0.005107
20261007,3221,台嘉碩,3020000.0,2966000.0,8395000.0,12825000.0,13516000.0,3055000.0,4889000.0,3171000.0,3066000.0,1082000.0,2037000.0,603000.0,916000.0,1036000.0,1186000.0,839000.0,1188000.0,1518000.0,1917000.0,2325000.0,3931000.0,1658000.0,2423000.0,4214000.0,4083000.0,905000.0,1550000.0,2010000.0,3199000.0,1434000.0,4793666.67,20.9999,0.068143,8144400.0,7.4161,0.040564,5598500.0,5.3943,0.022605,4117533.33,4.8897,0.015736,3477500.0,4.3422,0.012439,3165233.33,3.1804,0.00846
20261007,3224,三顧,24000.0,47000.0,63000.0,27000.0,66000.0,18000.0,68000.0,23000.0,32000.0,28000.0,19000.0,112000.0,10000.0,11000.0,4000.0,50000.0,24000.0,29000.0,51000.0,45000.0,31000.0,158000.0,27000.0,17000.0,47000.0,20000.0,28000.0,3000.0,42000.0,12000.0,44666.67,17.9104,0.000542,45400.0,10.5727,0.000322,39600.0,6.0606,0.00018,36800.0,4.3478,0.000125,37550.0,3.1957,9.9e-05,37866.67,2.1127,6.7e-05
20261007,3226,龍鋒,23000.0,17000.0,10000.0,37000.0,148000.0,57000.0,63000.0,34000.0,34000.0,43000.0,66000.0,32000.0,18000.0,30000.0,36000.0,30000.0,34000.0,39000.0,48000.0,25000.0,23000.0,20000.0,13000.0,13000.0,20000.0,13000.0,16000.0,26000.0,24000.0,21000.0,16666.67,46.0,0.000519,47000.0,9.7872,0.000309,46600.0,4.9356,0.000172,43200.0,3.5494,0.00012,41200.0,2.7913,9.5e-05,33766.67,2.2705,6.4e-05
20261007,3227,原相,491000.0,700000.0,934000.0,811000.0,605000.0,699000.0,590000.0,351000.0,567000.0,803000.0,530000.0,598000.0,659000.0,447000.0,518000.0,499000.0,573000.0,488000.0,640000.0,899000.0,684000.0,436000.0,533000.0,429000.0,496000.0,862000.0,582000.0,547000.0,526000.0,699000.0,708333.33,23.1059,0.011079,708200.0,13.8661,0.006595,655100.0,7.495,0.003675,620200.0,5.2779,0.002558,620100.0,3.959,0.002022,606533.33,2.6984,0.001376
20261007,3228,金麗科,460000.0,325000.0,328000.0,426000.0,477000.0,585000.0,906000.0,193000.0,226000.0,332000.0,321000.0,168000.0,150000.0,117000.0,208000.0,129000.0,191000.0,227000.0,279000.0,302000.0,196000.0,227000.0,260000.0,605000.0,827000.0,484000.0,739000.0,508000.0,316000.0,82000.0,371000.0,41.3297,0.010379,403200.0,22.8175,0.006179,425800.0,10.8032,0.003443,348133.33,8.8089,0.002397,317500.0,7.2441,0.001895,353133.33,4.3421,0.001289
20261007,3230,錦明,197000.0,584000.0,574000.0,301000.0,724000.0,307000.0,517000.0,447000.0,373000.0,623000.0,372000.0,260000.0,255000.0,552000.0,203000.0,367000.0,541000.0,226000.0,173000.0,287000.0,248000.0,304000.0,452000.0,364000.0,476000.0,487000.0,3009000.0,1945000.0,599000.0,635000.0,451666.67,14.5387,0.004445,476000.0,8.2773,0.002646,464700.0,4.2393,0.001475,419266.67,3.1325,0.001026,394150.0,2.499,0.000811,546733.33,1.2011,0.000552
20261007,3232,昱捷,25000.0,51000.0,17000.0,36000.0,14000.0,42000.0,57000.0,12000.0,31000.0,35000.0,56000.0,30000.0,71000.0,361000.0,261000.0,17000.0,13000.0,3000.0,20000.0,20000.0,6000.0,5000.0,26000.0,15000.0,14000.0,25000.0,12000.0,11000.0,6000.0,8000.0,31000.0,26.8817,0.000564,28600.0,17.4825,0.000336,32000.0,7.8125,0.000187,73266.67,2.2748,0.00013,58600.0,2.1331,0.000103,43333.33,1.9231,7e-05
20261007,3234,光環,6361000.0,1808000.0,4181000.0,4245000.0,1406000.0,1769000.0,1686000.0,4252000.0,1404000.0,2342000.0,2088000.0,2640000.0,3747000.0,3095000.0,2286000.0,3402000.0,2880000.0,3324000.0,3375000.0,3055000.0,4173000.0,5383000.0,6156000.0,7818000.0,3479000.0,3259000.0,2192000.0,2947000.0,4177000.0,7477000.0,4116666.67,51.5061,0.143528,3600200.0,35.3369,0.085441,2945400.0,21.5964,0.047612,2887333.33,14.6871,0.033144,2967300.0,10.7185,0.0262,3546900.0,5.978,0.01782
20261007,3236,千如,23101000.0,6325000.0,24806000.0,9935000.0,13482000.0,899000.0,1434000.0,2008000.0,1095000.0,3380000.0,956000.0,787000.0,1282000.0,968000.0,1320000.0,1399000.0,2525000.0,1695000.0,1380000.0,2491000.0,5318000.0,3492000.0,1246000.0,1142000.0,3270000.0,3124000.0,6343000.0,2049000.0,1386000.0,921000.0,18077333.33,42.5966,0.521245,15529800.0,29.7505,0.310291,8646500.0,26.7172,0.172911,6118533.33,25.1705,0.120368,5063400.0,22.8117,0.09515,4318633.33,17.8305,0.064717
20261007,3252,海灣,7000.0,13000.0,16000.0,14000.0,8000.0,28000.0,8000.0,2000.0,55000.0,85000.0,70000.0,62000.0,3000.0,14000.0,22000.0,6000.0,12000.0,51000.0,27000.0,20000.0,15000.0,12000.0,1000.0,15000.0,30000.0,,4000.0,10000.0,5000.0,38000.0,12000.0,19.4444,0.000158,11600.0,12.069,9.4e-05,23600.0,2.9661,5.2e-05,27133.33,1.7199,3.6e-05,26150.0,1.3384,2.9e-05,22517.24,1.072,2e-05
20261007,3259,鑫創,14000.0,96000.0,129000.0,80000.0,49000.0,35000.0,16000.0,32000.0,21000.0,22000.0,39000.0,33000.0,1000.0,26000.0,25000.0,10000.0,10000.0,17000.0,45000.0,36000.0,33000.0,88000.0,,19000.0,24000.0,32000.0,204000.0,78000.0,95000.0,132000.0,79666.67,5.8577,0.000316,73600.0,3.8043,0.000188,49400.0,2.834,0.000105,41200.0,2.2654,7.3e-05,36800.0,1.9022,5.8e-05,49689.66,0.9715,3.9e-05
20261007,3260,威剛,7059000.0,5898000.0,4241000.0,3794000.0,2539000.0,3361000.0,2713000.0,4105000.0,3294000.0,4599000.0,4607000.0,6708000.0,3486000.0,3285000.0,5888000.0,4422000.0,5028000.0,4821000.0,7069000.0,12807000.0,6263000.0,4708000.0,9994000.0,3520000.0,3920000.0,4594000.0,6697000.0,5637000.0,7952000.0,31204000.0,5732666.67,41.0455,0.159277,4706200.0,29.9987,0.094816,4160300.0,16.9675,0.052837,4371800.0,10.7644,0.036781,4986200.0,7.0785,0.029075,6140433.33,3.832,0.019776
20261007,3264,欣銓,13726000.0,12966000.0,18954000.0,11557000.0,14614000.0,15292000.0,10352000.0,17975000.0,28819000.0,21876000.0,26820000.0,28853000.0,20984000.0,3470000.0,4528000.0,5193000.0,6468000.0,24809000.0,7212000.0,6342000.0,3079000.0,3077000.0,4168000.0,5024000.0,7787000.0,5877000.0,11444000.0,6068000.0,6713000.0,2424000.0,15215333.33,30.0705,0.30971,14363400.0,19.1125,0.184367,16613100.0,8.2622,0.102739,16719066.67,5.4732,0.07152,15040500.0,4.563,0.056535,11882366.67,3.8505,0.038453
20261007,3265,台星科,2291000.0,5916000.0,1637000.0,1598000.0,1090000.0,2316000.0,682000.0,1072000.0,2455000.0,5273000.0,1827000.0,2613000.0,1248000.0,281000.0,324000.0,717000.0,752000.0,1458000.0,367000.0,1823000.0,814000.0,730000.0,1564000.0,1219000.0,3159000.0,2260000.0,3149000.0,2150000.0,1471000.0,910000.0,3281333.33,23.2731,0.051694,2506400.0,18.2812,0.030773,2433000.0,9.4164,0.017148,2041533.33,7.4813,0.011937,1787000.0,6.4102,0.009436,1772200.0,4.3091,0.006418
20261007,3268,海德威,456000.0,762000.0,1034000.0,81000.0,91000.0,138000.0,432000.0,49000.0,48000.0,228000.0,88000.0,75000.0,96000.0,28000.0,44000.0,31000.0,9000.0,52000.0,24000.0,70000.0,74000.0,43000.0,16000.0,12000.0,105000.0,13000.0,46000.0,51000.0,34000.0,14000.0,750666.67,20.2487,0.010289,484800.0,18.8119,0.006125,331900.0,13.7391,0.003413,243333.33,12.4932,0.002376,191800.0,11.8874,0.001878,141466.67,10.7446,0.001277
20261007,3272,東碩,5000.0,18000.0,13000.0,39000.0,24000.0,21000.0,65000.0,10000.0,10000.0,20000.0,21000.0,15000.0,41000.0,11000.0,22000.0,17000.0,15000.0,44000.0,44000.0,22000.0,36000.0,375000.0,50000.0,8000.0,157000.0,56000.0,11000.0,10000.0,31000.0,20000.0,12000.0,13.8889,0.000113,19800.0,5.0505,6.7e-05,22500.0,2.2222,3.7e-05,22333.33,1.4925,2.6e-05,23850.0,1.0482,2.1e-05,41033.33,0.4062,1.4e-05
20261007,3276,宇環,49000.0,49000.0,51000.0,185000.0,47000.0,57000.0,38000.0,41000.0,38000.0,45000.0,35000.0,20000.0,68000.0,60000.0,141000.0,46000.0,296000.0,36000.0,47000.0,100000.0,162000.0,139000.0,103000.0,81000.0,130000.0,108000.0,192000.0,102000.0,114000.0,123000.0,49666.67,32.8859,0.001106,76200.0,12.8609,0.000658,60000.0,8.1667,0.000367,61600.0,5.303,0.000255,72450.0,3.3816,0.000202,90100.0,1.8128,0.000137
20261007,3284,太普高,665000.0,824000.0,829000.0,140000.0,91000.0,215000.0,95000.0,111000.0,121000.0,145000.0,113000.0,191000.0,117000.0,510000.0,63000.0,51000.0,132000.0,116000.0,129000.0,111000.0,262000.0,107000.0,45000.0,56000.0,82000.0,149000.0,94000.0,148000.0,273000.0,109000.0,772666.67,28.6885,0.015005,509800.0,26.0887,0.008932,323600.0,20.5501,0.004978,282000.0,15.721,0.003465,238450.0,13.9442,0.002739,203133.33,10.9124,0.001863
20261007,3285,微端,27000.0,24000.0,25000.0,16000.0,54000.0,11000.0,41000.0,26000.0,26000.0,70000.0,265000.0,11000.0,7000.0,4000.0,26000.0,,16000.0,29000.0,5000.0,12000.0,4000.0,14000.0,32000.0,18000.0,91000.0,82000.0,48000.0,62000.0,79000.0,10000.0,25333.33,35.5263,0.000609,29200.0,18.4932,0.000363,32000.0,8.4375,0.000202,42200.0,4.2654,0.000141,36578.95,3.8849,0.000111,39137.93,2.3789,7.6e-05
20261007,3287,廣寰科,163000.0,344000.0,498000.0,787000.0,403000.0,912000.0,470000.0,472000.0,982000.0,1432000.0,3684000.0,984000.0,901000.0,74000.0,60000.0,59000.0,151000.0,93000.0,153000.0,382000.0,260000.0,125000.0,242000.0,179000.0,153000.0,315000.0,1000000.0,349000.0,365000.0,547000.0,335000.0,16.2189,0.003678,439000.0,7.426,0.002189,646300.0,2.522,0.00122,811066.67,1.3398,0.000849,650200.0,1.2535,0.000671,551300.0,0.9855,0.000457
20261007,3288,點晶,55000.0,71000.0,16000.0,20000.0,23000.0,23000.0,41000.0,96000.0,84000.0,165000.0,136000.0,27000.0,30000.0,65000.0,46000.0,34000.0,21000.0,18000.0,13000.0,26000.0,20000.0,21000.0,6000.0,22000.0,23000.0,22000.0,39000.0,24000.0,27000.0,41000.0,47333.33,38.7324,0.001241,37000.0,29.7297,0.000739,59400.0,9.2593,0.000412,59866.67,6.1247,0.000287,50500.0,5.4455,0.000227,41833.33,4.3825,0.000154
20261007,3289,宜特,518000.0,477000.0,1096000.0,554000.0,331000.0,1516000.0,453000.0,520000.0,589000.0,1594000.0,246000.0,432000.0,378000.0,305000.0,359000.0,356000.0,1025000.0,222000.0,293000.0,314000.0,485000.0,441000.0,592000.0,871000.0,649000.0,792000.0,470000.0,552000.0,839000.0,285000.0,697000.0,24.7728,0.011688,595200.0,17.4059,0.006958,764800.0,6.773,0.003877,624533.33,5.5295,0.002699,578900.0,4.474,0.002134,585133.33,2.9509,0.001451
20261007,3290,東浦,591000.0,1168000.0,563000.0,451000.0,1355000.0,2585000.0,916000.0,243000.0,721000.0,1427000.0,117000.0,452000.0,417000.0,453000.0,358000.0,253000.0,498000.0,150000.0,409000.0,373000.0,849000.0,1153000.0,838000.0,430000.0,513000.0,1380000.0,570000.0,465000.0,189000.0,769000.0,774000.0,25.4522,0.013335,825600.0,14.3169,0.007938,1002000.0,5.8982,0.004424,787800.0,5.0013,0.003079,675000.0,4.3778,0.002434,688533.33,2.8612,0.001656
20261007,3293,鈊象,544000.0,1389000.0,1230000.0,2872000.0,5228000.0,1828000.0,3229000.0,5224000.0,750000.0,1058000.0,1047000.0,4085000.0,1994000.0,1133000.0,802000.0,743000.0,1589000.0,840000.0,944000.0,1011000.0,1066000.0,882000.0,1229000.0,3850000.0,3708000.0,22982000.0,2709000.0,2810000.0,4392000.0,2721000.0,1054333.33,17.1989,0.012275,2252600.0,4.83,0.007307,2335200.0,2.3296,0.004072,2160866.67,1.6783,0.002835,1877000.0,1.4491,0.002241,2796300.0,0.6485,0.001524
20261007,3294,英濟,279000.0,526000.0,721000.0,528000.0,2035000.0,972000.0,1368000.0,7904000.0,1264000.0,344000.0,274000.0,310000.0,272000.0,182000.0,203000.0,179000.0,215000.0,253000.0,174000.0,243000.0,155000.0,265000.0,477000.0,218000.0,192000.0,169000.0,194000.0,447000.0,180000.0,155000.0,508666.67,18.2831,0.006295,817800.0,6.8232,0.003748,1594100.0,1.7502,0.002088,1145466.67,1.6238,0.001454,912300.0,1.5291,0.001149,689933.33,1.348,0.000782
20261007,3297,杭特,1156000.0,942000.0,239000.0,186000.0,198000.0,169000.0,299000.0,902000.0,601000.0,1412000.0,1070000.0,1076000.0,500000.0,2097000.0,341000.0,383000.0,24000.0,30000.0,18000.0,16000.0,30000.0,56000.0,44000.0,30000.0,39000.0,34000.0,60000.0,36000.0,20000.0,14000.0,779000.0,49.4651,0.026084,544200.0,42.4844,0.015527,610400.0,18.9384,0.008653,745866.67,10.3325,0.006023,582950.0,9.9151,0.004761,400733.33,9.6157,0.003239
20261007,3303,岱稜,327000.0,118000.0,176000.0,135000.0,107000.0,148000.0,165000.0,92000.0,104000.0,144000.0,138000.0,199000.0,110000.0,73000.0,245000.0,212000.0,380000.0,1134000.0,97000.0,130000.0,193000.0,213000.0,220000.0,117000.0,151000.0,203000.0,108000.0,232000.0,127000.0,254000.0,207000.0,52.657,0.007378,172600.0,37.8911,0.004392,151600.0,21.5699,0.002448,152066.67,14.3358,0.001704,211700.0,7.7232,0.001347,201733.33,5.4032,0.000916
20261007,3306,鼎天,58000.0,57000.0,64000.0,38000.0,43000.0,173000.0,265000.0,24000.0,161000.0,74000.0,47000.0,31000.0,36000.0,50000.0,142000.0,86000.0,248000.0,122000.0,59000.0,45000.0,50000.0,64000.0,75000.0,26000.0,33000.0,127000.0,40000.0,52000.0,64000.0,32000.0,59666.67,32.4022,0.001309,52000.0,22.3077,0.000779,95700.0,6.0606,0.000434,84200.0,4.5922,0.000302,91150.0,3.1816,0.000239,79533.33,2.4308,0.000162
20261007,3310,佳穎,31000.0,27000.0,11000.0,9000.0,21000.0,12000.0,10000.0,8000.0,9000.0,33000.0,14000.0,3000.0,24000.0,8000.0,23000.0,11000.0,1000.0,17000.0,12000.0,19000.0,24000.0,14000.0,17000.0,23000.0,28000.0,10000.0,14000.0,9000.0,2000.0,11000.0,23000.0,44.9275,0.000699,19800.0,31.3131,0.000416,17100.0,18.1287,0.000232,16200.0,12.7572,0.000162,15150.0,10.231,0.000128,15166.67,6.8132,8.7e-05
20261007,3313,斐成,73000.0,55000.0,84000.0,69000.0,49000.0,32000.0,7000.0,35000.0,34000.0,98000.0,99000.0,97000.0,85000.0,32000.0,38000.0,26000.0,89000.0,84000.0,119000.0,183000.0,499000.0,64000.0,116000.0,112000.0,81000.0,172000.0,374000.0,1052000.0,518000.0,250000.0,70666.67,34.434,0.001647,66000.0,22.1212,0.000981,53600.0,13.6194,0.000546,59133.33,8.23,0.00038,69400.0,5.2594,0.000301,154200.0,1.578,0.000205
20261007,3317,尼克森,3445000.0,7601000.0,6638000.0,1816000.0,2049000.0,2088000.0,3914000.0,15975000.0,9364000.0,1547000.0,258000.0,359000.0,397000.0,353000.0,209000.0,402000.0,446000.0,505000.0,600000.0,1795000.0,415000.0,428000.0,620000.0,590000.0,641000.0,914000.0,1205000.0,996000.0,1381000.0,387000.0,5894666.67,19.4809,0.077732,4309800.0,15.9868,0.046273,5443700.0,6.3284,0.025786,3734200.0,6.1504,0.01795,2988050.0,5.7646,0.014189,2244600.0,5.116,0.009651
20261007,3322,建舜電,140000.0,161000.0,356000.0,171000.0,465000.0,250000.0,106000.0,123000.0,244000.0,176000.0,177000.0,254000.0,196000.0,117000.0,395000.0,272000.0,398000.0,184000.0,73000.0,181000.0,164000.0,147000.0,172000.0,176000.0,290000.0,469000.0,82000.0,123000.0,251000.0,166000.0,219000.0,21.309,0.003159,258600.0,10.8275,0.00188,219200.0,6.3869,0.001048,222066.67,4.2029,0.000729,221950.0,3.1539,0.000577,215966.67,2.1608,0.000392
20261007,3323,加百裕,229000.0,461000.0,849000.0,673000.0,249000.0,682000.0,1044000.0,99000.0,137000.0,200000.0,317000.0,203000.0,166000.0,110000.0,141000.0,273000.0,307000.0,220000.0,333000.0,387000.0,219000.0,176000.0,389000.0,117000.0,224000.0,280000.0,292000.0,375000.0,323000.0,151000.0,513000.0,14.8798,0.005167,492200.0,9.3052,0.003076,462300.0,4.9535,0.001714,370666.67,4.1187,0.001193,354000.0,3.2345,0.000943,320866.67,2.379,0.000642
20261007,3324,雙鴻,2602000.0,1682000.0,4406000.0,3373000.0,2935000.0,4066000.0,3782000.0,6213000.0,3992000.0,5320000.0,3905000.0,8136000.0,6331000.0,4701000.0,4170000.0,883000.0,990000.0,741000.0,1351000.0,2125000.0,1960000.0,2720000.0,2042000.0,10591000.0,8557000.0,8718000.0,5902000.0,3964000.0,3710000.0,2456000.0,2896666.67,29.9425,0.058711,2999600.0,17.349,0.03495,3837100.0,6.7812,0.019476,4374266.67,3.9656,0.013558,3585200.0,3.6288,0.010717,4077466.67,2.1271,0.007289
20261007,3325,旭品,209000.0,142000.0,110000.0,62000.0,70000.0,59000.0,94000.0,40000.0,159000.0,499000.0,356000.0,80000.0,73000.0,55000.0,99000.0,42000.0,164000.0,68000.0,73000.0,61000.0,41000.0,55000.0,61000.0,120000.0,64000.0,114000.0,112000.0,140000.0,124000.0,43000.0,153666.67,45.3362,0.004716,118600.0,35.2445,0.002807,144400.0,14.4737,0.001564,140466.67,9.9193,0.001089,125750.0,8.3101,0.000861,112966.67,6.167,0.000586
20261007,3332,幸康,11000.0,13000.0,32000.0,18000.0,56000.0,18000.0,,11000.0,1000.0,2000.0,3000.0,1000.0,3000.0,6000.0,6000.0,3000.0,1000.0,10000.0,5000.0,2000.0,7000.0,3000.0,10000.0,11000.0,12000.0,,5000.0,5000.0,2000.0,,18666.67,19.6429,0.000248,26000.0,8.4615,0.000148,18000.0,6.7901,8.2e-05,12928.57,6.0773,5.7e-05,10631.58,5.4455,4.5e-05,9518.52,4.2802,3.1e-05
20261007,3339,泰谷,966000.0,1234000.0,1789000.0,2424000.0,1226000.0,1445000.0,1739000.0,5972000.0,2053000.0,4936000.0,6348000.0,3671000.0,3653000.0,1462000.0,681000.0,1033000.0,881000.0,1342000.0,870000.0,877000.0,1656000.0,2486000.0,3774000.0,4920000.0,6636000.0,9184000.0,3093000.0,3379000.0,6885000.0,738000.0,1329666.67,24.2166,0.021797,1527800.0,12.6456,0.012975,2378400.0,4.0616,0.00723,2639933.33,2.4395,0.005033,2230100.0,2.1658,0.003979,2911766.67,1.1059,0.002706
20261007,3349,寶德,36000.0,64000.0,87000.0,149000.0,127000.0,17000.0,60000.0,48000.0,93000.0,71000.0,66000.0,33000.0,57000.0,26000.0,90000.0,80000.0,88000.0,164000.0,196000.0,406000.0,356000.0,42000.0,78000.0,13000.0,167000.0,55000.0,56000.0,85000.0,180000.0,210000.0,62333.33,19.2513,0.000812,92600.0,7.7754,0.000484,75200.0,4.7872,0.000269,68266.67,3.5156,0.000188,97900.0,1.8386,0.000148,106666.67,1.125,0.000101
20261007,3354,律勝,1656000.0,3209000.0,4267000.0,1624000.0,8907000.0,2561000.0,754000.0,2037000.0,899000.0,1650000.0,2476000.0,872000.0,2550000.0,2194000.0,1543000.0,1731000.0,1573000.0,3674000.0,3542000.0,4373000.0,1391000.0,385000.0,1262000.0,952000.0,341000.0,630000.0,2678000.0,1118000.0,697000.0,32000.0,3044000.0,18.134,0.037366,3932600.0,8.4219,0.022243,2756400.0,6.0078,0.012395,2479933.33,4.4517,0.008629,2604600.0,3.179,0.006821,2052600.0,2.6893,0.004639
20261007,3357,臺慶科,2682000.0,1172000.0,2308000.0,1817000.0,2066000.0,357000.0,419000.0,792000.0,713000.0,1418000.0,1018000.0,2751000.0,510000.0,435000.0,559000.0,669000.0,839000.0,883000.0,492000.0,989000.0,1957000.0,1613000.0,927000.0,1093000.0,1499000.0,1678000.0,3962000.0,1210000.0,744000.0,631000.0,2054000.0,43.5248,0.060516,2009000.0,26.6999,0.036024,1374400.0,19.514,0.020075,1267800.0,14.1032,0.013975,1144450.0,11.7174,0.011047,1273433.33,7.0204,0.007514
20261007,3360,尚立,187000.0,196000.0,286000.0,394000.0,210000.0,332000.0,165000.0,127000.0,208000.0,286000.0,421000.0,232000.0,222000.0,242000.0,290000.0,135000.0,483000.0,340000.0,179000.0,188000.0,167000.0,256000.0,643000.0,312000.0,384000.0,441000.0,669000.0,350000.0,314000.0,350000.0,223000.0,27.9522,0.004219,254600.0,14.6897,0.002512,239100.0,7.821,0.0014,253200.0,4.9236,0.000974,256150.0,3.6502,0.00077,300300.0,2.0757,0.000524
20261007,3362,先進光,5336000.0,10216000.0,7741000.0,1636000.0,1933000.0,631000.0,732000.0,981000.0,830000.0,1356000.0,1080000.0,2659000.0,2892000.0,5710000.0,3491000.0,5212000.0,8597000.0,2778000.0,5390000.0,4629000.0,8845000.0,1388000.0,1196000.0,2301000.0,919000.0,1818000.0,1717000.0,2500000.0,30982000.0,12278000.0,7764333.33,22.9082,0.1204,5372400.0,19.8645,0.071673,3139200.0,16.998,0.03994,3148266.67,11.2993,0.027803,3691500.0,7.2274,0.021978,4592466.67,3.873,0.014949
20261007,3363,上詮,4569000.0,2240000.0,2773000.0,3651000.0,1065000.0,1457000.0,1530000.0,1571000.0,2873000.0,2665000.0,2223000.0,2561000.0,4018000.0,3029000.0,2539000.0,2139000.0,2374000.0,4358000.0,6138000.0,4093000.0,4008000.0,8509000.0,8690000.0,6583000.0,7445000.0,6652000.0,4400000.0,9546000.0,6021000.0,1934000.0,3194000.0,47.6832,0.103094,2859600.0,31.9555,0.061371,2439400.0,18.73,0.034199,2584266.67,11.7867,0.023807,2893300.0,7.8958,0.018819,4055133.33,3.7557,0.0128
20261007,3372,典範,365000.0,375000.0,801000.0,1026000.0,263000.0,638000.0,394000.0,248000.0,457000.0,694000.0,1420000.0,2204000.0,2554000.0,537000.0,302000.0,315000.0,250000.0,254000.0,203000.0,400000.0,375000.0,296000.0,419000.0,261000.0,311000.0,326000.0,364000.0,307000.0,216000.0,275000.0,513666.67,23.6859,0.008236,566000.0,12.8975,0.004903,526100.0,6.9378,0.002732,818533.33,2.9728,0.001902,685000.0,2.6642,0.001503,561666.67,2.1662,0.001023
20261007,3373,熱映,1078000.0,67000.0,38000.0,62000.0,18000.0,55000.0,22000.0,20000.0,22000.0,36000.0,27000.0,30000.0,9000.0,22000.0,18000.0,26000.0,52000.0,47000.0,30000.0,52000.0,219000.0,27000.0,24000.0,24000.0,23000.0,8000.0,47000.0,118000.0,69000.0,46000.0,394333.33,91.1243,0.024324,252600.0,85.3523,0.01448,141800.0,76.0226,0.008069,101600.0,70.7349,0.005617,86550.0,62.2761,0.00444,77866.67,46.1473,0.00302
20261007,3374,精材,8049000.0,21710000.0,3380000.0,1232000.0,644000.0,1120000.0,2002000.0,14226000.0,17529000.0,16778000.0,9732000.0,13489000.0,12866000.0,12851000.0,7868000.0,17313000.0,15121000.0,2996000.0,2339000.0,3377000.0,4538000.0,4668000.0,4513000.0,3650000.0,21935000.0,41562000.0,28788000.0,20845000.0,19617000.0,6313000.0,11046333.33,24.2886,0.181616,7003000.0,22.9873,0.108114,8667000.0,9.287,0.060247,9565066.67,5.61,0.04194,9231100.0,4.3597,0.033153,11368366.67,2.3601,0.022549
20261007,3379,彬台,55000.0,34000.0,40000.0,28000.0,47000.0,39000.0,60000.0,17000.0,46000.0,82000.0,139000.0,43000.0,32000.0,42000.0,40000.0,59000.0,64000.0,114000.0,51000.0,45000.0,85000.0,77000.0,93000.0,20000.0,46000.0,149000.0,123000.0,129000.0,96000.0,86000.0,43000.0,42.6357,0.001241,40800.0,26.9608,0.000739,44800.0,12.2768,0.000412,49600.0,7.3925,0.000287,53850.0,5.1068,0.000227,66033.33,2.7764,0.000154
20261007,3388,崇越電,320000.0,739000.0,553000.0,346000.0,593000.0,942000.0,165000.0,247000.0,280000.0,606000.0,723000.0,206000.0,360000.0,208000.0,254000.0,463000.0,371000.0,421000.0,598000.0,1509000.0,504000.0,681000.0,992000.0,781000.0,915000.0,2057000.0,2826000.0,3746000.0,5382000.0,1908000.0,537333.33,19.8511,0.00722,510200.0,12.5441,0.004298,479100.0,6.6792,0.002395,436133.33,4.8915,0.001667,495200.0,3.231,0.001318,989866.67,1.0776,0.000896
20261007,3390,旭軟,78000.0,148000.0,155000.0,123000.0,103000.0,195000.0,189000.0,85000.0,96000.0,110000.0,320000.0,123000.0,170000.0,66000.0,113000.0,134000.0,131000.0,98000.0,78000.0,200000.0,112000.0,90000.0,199000.0,143000.0,76000.0,148000.0,161000.0,409000.0,103000.0,125000.0,127000.0,20.4724,0.00176,121400.0,12.8501,0.001048,128200.0,6.0842,0.000584,138266.67,3.7608,0.000406,135750.0,2.8729,0.000321,142700.0,1.822,0.000219
20261007,3402,漢科,283000.0,341000.0,727000.0,505000.0,405000.0,1006000.0,308000.0,177000.0,352000.0,150000.0,138000.0,293000.0,126000.0,86000.0,92000.0,80000.0,159000.0,111000.0,323000.0,128000.0,359000.0,163000.0,212000.0,182000.0,171000.0,193000.0,230000.0,162000.0,151000.0,81000.0,450333.33,20.9474,0.006386,452200.0,12.5166,0.003801,425400.0,6.6526,0.002118,332600.0,5.6725,0.001475,289500.0,4.8877,0.001166,256466.67,3.6782,0.000793
20261007,3430,奇鈦科,196000.0,153000.0,290000.0,818000.0,143000.0,183000.0,329000.0,998000.0,115000.0,220000.0,389000.0,206000.0,154000.0,75000.0,179000.0,221000.0,255000.0,180000.0,163000.0,195000.0,575000.0,145000.0,262000.0,168000.0,197000.0,171000.0,246000.0,253000.0,252000.0,239000.0,213000.0,30.6729,0.004422,320000.0,12.25,0.002633,344500.0,5.6894,0.001467,296533.33,4.4065,0.001021,273100.0,3.5884,0.000807,265666.67,2.4592,0.000549
20261007,3434,哲固,52000.0,160000.0,73000.0,55000.0,47000.0,46000.0,56000.0,115000.0,65000.0,210000.0,331000.0,599000.0,324000.0,1198000.0,750000.0,74000.0,50000.0,10000.0,37000.0,27000.0,43000.0,48000.0,63000.0,27000.0,52000.0,22000.0,32000.0,45000.0,19000.0,42000.0,95000.0,18.2456,0.001173,77400.0,13.4367,0.000698,87900.0,5.9158,0.000389,272066.67,1.2742,0.000271,213950.0,1.2152,0.000214,155733.33,1.113,0.000146
20261007,3438,類比科,52000.0,56000.0,66000.0,116000.0,62000.0,84000.0,28000.0,68000.0,55000.0,72000.0,40000.0,75000.0,41000.0,35000.0,42000.0,53000.0,43000.0,69000.0,62000.0,90000.0,64000.0,160000.0,386000.0,255000.0,399000.0,315000.0,111000.0,487000.0,363000.0,17000.0,58000.0,29.8851,0.001173,70400.0,14.7727,0.000698,65900.0,7.8907,0.000389,59466.67,5.8296,0.000271,60450.0,4.3011,0.000214,125533.33,1.3808,0.000146
20261007,3441,聯一光,42373000.0,19574000.0,9599000.0,27832000.0,6182000.0,1054000.0,751000.0,565000.0,696000.0,2104000.0,1873000.0,2828000.0,47398000.0,18981000.0,37659000.0,36125000.0,22967000.0,27586000.0,21508000.0,12595000.0,13589000.0,4705000.0,3173000.0,3875000.0,3180000.0,4530000.0,27256000.0,32034000.0,11877000.0,27905000.0,23848666.67,59.2248,0.956094,21112000.0,40.1412,0.569152,11073000.0,38.267,0.317161,14631266.67,19.3071,0.220786,17012500.0,12.4535,0.174528,15745800.0,8.9702,0.118707
20261007,3444,利機,62000.0,230000.0,417000.0,203000.0,74000.0,233000.0,217000.0,72000.0,111000.0,340000.0,170000.0,362000.0,604000.0,155000.0,70000.0,144000.0,152000.0,108000.0,225000.0,201000.0,255000.0,615000.0,288000.0,279000.0,368000.0,190000.0,417000.0,647000.0,669000.0,1045000.0,236333.33,8.7447,0.001399,197200.0,6.288,0.000833,195900.0,3.1649,0.000464,221333.33,1.8675,0.000323,207500.0,1.494,0.000255,297433.33,0.6948,0.000174
20261007,3455,由田,618000.0,1376000.0,8634000.0,6416000.0,3845000.0,5673000.0,5465000.0,3493000.0,637000.0,1611000.0,2070000.0,2559000.0,4228000.0,1298000.0,768000.0,1409000.0,2830000.0,1254000.0,572000.0,1074000.0,1402000.0,1855000.0,3876000.0,2396000.0,3232000.0,4096000.0,1954000.0,3480000.0,1457000.0,1014000.0,3542666.67,5.8148,0.013944,4177800.0,2.9585,0.008301,3776800.0,1.6363,0.004626,3246066.67,1.2692,0.00322,2791500.0,1.1069,0.002545,2686400.0,0.7668,0.001731
20261007,3465,進泰電子,7000.0,15000.0,16000.0,36000.0,26000.0,11000.0,2000.0,42000.0,80000.0,16000.0,13000.0,9000.0,20000.0,14000.0,4000.0,10000.0,12000.0,16000.0,36000.0,10000.0,15000.0,23000.0,23000.0,12000.0,5000.0,11000.0,11000.0,19000.0,26000.0,30000.0,12666.67,18.4211,0.000158,20000.0,7.0,9.4e-05,25100.0,2.7888,5.2e-05,20733.33,2.2508,3.6e-05,19750.0,1.7722,2.9e-05,19000.0,1.2281,2e-05
20261007,3466,德晉,522000.0,1144000.0,136000.0,129000.0,63000.0,372000.0,74000.0,108000.0,80000.0,251000.0,175000.0,275000.0,116000.0,36000.0,84000.0,159000.0,161000.0,197000.0,161000.0,156000.0,144000.0,96000.0,161000.0,116000.0,110000.0,174000.0,175000.0,59000.0,144000.0,96000.0,600666.67,28.9678,0.011778,398800.0,26.1785,0.007011,287900.0,18.1313,0.003907,237666.67,14.6424,0.00272,219950.0,11.8663,0.00215,189133.33,9.1999,0.001462
20261007,3467,台灣精材,616000.0,250000.0,763000.0,433000.0,792000.0,1015000.0,1564000.0,613000.0,858000.0,1289000.0,776000.0,1068000.0,2766000.0,3278000.0,606000.0,122000.0,155000.0,109000.0,50000.0,48000.0,91000.0,118000.0,175000.0,34000.0,19000.0,31000.0,91000.0,60000.0,79000.0,12000.0,543000.0,37.8146,0.013899,570800.0,21.5837,0.008274,819300.0,7.5186,0.004611,1112466.67,3.6915,0.00321,858550.0,3.5874,0.002537,596033.33,3.445,0.001726
20261007,3479,安勤,397000.0,400000.0,513000.0,395000.0,276000.0,693000.0,1070000.0,1272000.0,379000.0,605000.0,470000.0,416000.0,423000.0,238000.0,372000.0,298000.0,717000.0,1164000.0,1495000.0,276000.0,285000.0,397000.0,411000.0,439000.0,751000.0,478000.0,325000.0,364000.0,400000.0,338000.0,436666.67,30.3053,0.008958,396200.0,20.0404,0.005332,600000.0,6.6167,0.002972,527933.33,5.0133,0.002069,593450.0,3.3448,0.001635,535233.33,2.4724,0.001112
20261007,3483,力致,323000.0,311000.0,1040000.0,564000.0,136000.0,338000.0,219000.0,199000.0,246000.0,518000.0,295000.0,254000.0,125000.0,195000.0,219000.0,124000.0,274000.0,538000.0,530000.0,275000.0,344000.0,466000.0,759000.0,963000.0,337000.0,168000.0,217000.0,239000.0,161000.0,162000.0,558000.0,19.2951,0.007288,474800.0,13.6057,0.004339,389400.0,8.2948,0.002418,332133.33,6.4833,0.001683,336150.0,4.8044,0.00133,351300.0,3.0648,0.000905
20261007,3484,崧騰,179000.0,110000.0,328000.0,300000.0,157000.0,85000.0,127000.0,68000.0,60000.0,64000.0,135000.0,143000.0,111000.0,52000.0,152000.0,143000.0,90000.0,192000.0,218000.0,111000.0,271000.0,280000.0,434000.0,527000.0,209000.0,200000.0,181000.0,173000.0,120000.0,125000.0,205666.67,29.0113,0.004039,214800.0,16.6667,0.002404,147800.0,12.111,0.00134,138066.67,8.6432,0.000933,141250.0,6.3363,0.000737,178166.67,3.3489,0.000501
20261007,3485,敘豐,97000.0,167000.0,121000.0,98000.0,83000.0,131000.0,127000.0,56000.0,46000.0,128000.0,54000.0,48000.0,72000.0,26000.0,59000.0,64000.0,82000.0,114000.0,56000.0,58000.0,99000.0,96000.0,86000.0,78000.0,136000.0,233000.0,166000.0,120000.0,225000.0,176000.0,128333.33,25.1948,0.002189,113200.0,17.1378,0.001303,105400.0,9.203,0.000726,87533.33,7.3877,0.000505,84350.0,5.7499,0.0004,103400.0,3.127,0.000272
20261007,3489,森寶,29000.0,60000.0,87000.0,151000.0,144000.0,90000.0,170000.0,61000.0,180000.0,280000.0,147000.0,83000.0,97000.0,20000.0,78000.0,94000.0,60000.0,89000.0,272000.0,245000.0,167000.0,35000.0,67000.0,190000.0,109000.0,64000.0,148000.0,150000.0,145000.0,325000.0,58666.67,16.4773,0.000654,94200.0,6.1571,0.00039,125200.0,2.3163,0.000217,111800.0,1.7293,0.000151,121850.0,1.19,0.000119,127900.0,0.7558,8.1e-05
20261007,3490,單井,1981000.0,3481000.0,8201000.0,18557000.0,13858000.0,1899000.0,4275000.0,2499000.0,2384000.0,3058000.0,3205000.0,3981000.0,5251000.0,6905000.0,5425000.0,2830000.0,3576000.0,2932000.0,1392000.0,3053000.0,3131000.0,2987000.0,3895000.0,4338000.0,4722000.0,6189000.0,6502000.0,6345000.0,3781000.0,5316000.0,4554333.33,14.499,0.044699,9215600.0,4.2992,0.026609,6019300.0,3.2911,0.014828,5664000.0,2.3317,0.010322,4937150.0,2.0062,0.008159,4864966.67,1.3573,0.00555
20261007,3491,昇達科,1677000.0,4238000.0,2059000.0,561000.0,663000.0,800000.0,1501000.0,835000.0,1805000.0,1278000.0,1264000.0,1520000.0,1968000.0,1292000.0,641000.0,1402000.0,1922000.0,1097000.0,1322000.0,1474000.0,1430000.0,1863000.0,1779000.0,1148000.0,1863000.0,2444000.0,2731000.0,2494000.0,1380000.0,1342000.0,2658000.0,21.0309,0.037839,1839600.0,18.2322,0.022525,1541700.0,10.8776,0.012552,1473466.67,7.5875,0.008738,1465950.0,5.7198,0.006907,1593100.0,3.5089,0.004698
20261007,3492,長盛,5000.0,30000.0,74000.0,19000.0,36000.0,18000.0,8000.0,10000.0,39000.0,13000.0,15000.0,3000.0,15000.0,46000.0,136000.0,5000.0,58000.0,35000.0,34000.0,11000.0,40000.0,14000.0,56000.0,12000.0,25000.0,54000.0,159000.0,290000.0,39000.0,93000.0,36333.33,4.5872,0.000113,32800.0,3.0488,6.7e-05,25200.0,1.9841,3.7e-05,31133.33,1.0707,2.6e-05,30500.0,0.8197,2.1e-05,46400.0,0.3592,1.4e-05
20261007,3498,陽程,1845000.0,6054000.0,4750000.0,2969000.0,3684000.0,6669000.0,4753000.0,3139000.0,2085000.0,3202000.0,1837000.0,2467000.0,3531000.0,2740000.0,3962000.0,2527000.0,3117000.0,2191000.0,2493000.0,1377000.0,1324000.0,3414000.0,6524000.0,3075000.0,4768000.0,1452000.0,1152000.0,393000.0,508000.0,970000.0,4216333.33,14.5861,0.04163,3860400.0,9.5586,0.024782,3915000.0,4.7126,0.01381,3579133.33,3.4366,0.009613,3269600.0,2.8214,0.007599,2965733.33,2.0737,0.005169
20261007,3499,環天科,46000.0,53000.0,118000.0,77000.0,31000.0,42000.0,5000.0,28000.0,26000.0,69000.0,52000.0,49000.0,156000.0,31000.0,29000.0,52000.0,63000.0,109000.0,92000.0,279000.0,647000.0,303000.0,13000.0,34000.0,80000.0,10000.0,32000.0,16000.0,25000.0,17000.0,72333.33,21.1982,0.001038,65000.0,14.1538,0.000618,49500.0,9.2929,0.000344,54133.33,5.665,0.00024,70350.0,3.2694,0.000189,86133.33,1.7802,0.000129
20261007,3508,位速,179000.0,244000.0,426000.0,246000.0,369000.0,506000.0,549000.0,617000.0,696000.0,1903000.0,1512000.0,664000.0,199000.0,217000.0,210000.0,287000.0,89000.0,113000.0,179000.0,180000.0,118000.0,105000.0,186000.0,172000.0,347000.0,214000.0,319000.0,366000.0,387000.0,583000.0,283000.0,21.0836,0.004039,292800.0,12.2268,0.002404,573500.0,3.1212,0.00134,569133.33,2.0968,0.000933,469250.0,1.9073,0.000737,406066.67,1.4694,0.000501
20261007,3511,矽瑪,75000.0,137000.0,296000.0,90000.0,48000.0,99000.0,101000.0,95000.0,90000.0,122000.0,87000.0,103000.0,88000.0,60000.0,148000.0,85000.0,140000.0,140000.0,198000.0,142000.0,101000.0,60000.0,246000.0,52000.0,168000.0,52000.0,90000.0,94000.0,111000.0,115000.0,169333.33,14.7638,0.001692,129200.0,11.6099,0.001007,115300.0,6.5048,0.000561,109266.67,4.576,0.000391,117200.0,3.1997,0.000309,114433.33,2.1847,0.00021
20261007,3512,皇龍,32000.0,43000.0,40000.0,19000.0,20000.0,20000.0,8000.0,18000.0,26000.0,15000.0,25000.0,101000.0,19000.0,50000.0,22000.0,5000.0,13000.0,13000.0,35000.0,12000.0,56000.0,148000.0,12000.0,33000.0,26000.0,11000.0,63000.0,11000.0,27000.0,18000.0,38333.33,27.8261,0.000722,30800.0,20.7792,0.00043,24100.0,13.278,0.00024,30533.33,6.9869,0.000167,26800.0,5.9701,0.000132,31366.67,3.4006,9e-05
20261007,3516,亞帝歐,21000.0,36000.0,74000.0,48000.0,45000.0,14000.0,7000.0,13000.0,4000.0,20000.0,29000.0,19000.0,18000.0,12000.0,1000.0,149000.0,13000.0,33000.0,38000.0,26000.0,122000.0,308000.0,745000.0,77000.0,284000.0,21000.0,442000.0,224000.0,43000.0,13000.0,43666.67,16.0305,0.000474,44800.0,9.375,0.000282,28200.0,7.4468,0.000157,24066.67,5.8172,0.000109,31000.0,3.3871,8.6e-05,96633.33,0.7244,5.9e-05
20261007,3520,華盈,172000.0,304000.0,849000.0,150000.0,159000.0,158000.0,171000.0,48000.0,112000.0,145000.0,66000.0,46000.0,58000.0,71000.0,57000.0,79000.0,106000.0,43000.0,167000.0,108000.0,95000.0,116000.0,91000.0,103000.0,167000.0,203000.0,132000.0,139000.0,155000.0,315000.0,441666.67,12.9811,0.003881,326800.0,10.5263,0.00231,226800.0,7.5838,0.001287,171066.67,6.703,0.000896,153450.0,5.6044,0.000708,152833.33,3.7514,0.000482
20261007,3521,台鋼建設,14000.0,25000.0,109000.0,21000.0,97000.0,20000.0,37000.0,10000.0,50000.0,27000.0,39000.0,16000.0,37000.0,15000.0,13000.0,7000.0,17000.0,121000.0,2000.0,121000.0,142000.0,5000.0,17000.0,29000.0,9000.0,21000.0,94000.0,19000.0,23000.0,13000.0,49333.33,9.4595,0.000316,53200.0,5.2632,0.000188,41000.0,3.4146,0.000105,35333.33,2.6415,7.3e-05,39900.0,1.7544,5.8e-05,39000.0,1.1966,3.9e-05
20261007,3522,御嵿,105000.0,88000.0,53000.0,151000.0,66000.0,109000.0,176000.0,105000.0,100000.0,77000.0,202000.0,160000.0,259000.0,160000.0,133000.0,393000.0,873000.0,152000.0,88000.0,105000.0,108000.0,26000.0,76000.0,100000.0,21000.0,33000.0,90000.0,192000.0,44000.0,46000.0,82000.0,42.6829,0.002369,92600.0,22.6782,0.00141,103000.0,10.1942,0.000786,129600.0,5.4012,0.000547,177750.0,2.9536,0.000432,143033.33,2.447,0.000294
20261007,3523,迎輝,22000.0,11000.0,23000.0,28000.0,33000.0,13000.0,16000.0,16000.0,38000.0,23000.0,17000.0,28000.0,42000.0,58000.0,48000.0,26000.0,32000.0,13000.0,13000.0,13000.0,26000.0,1000.0,1000.0,5000.0,13000.0,12000.0,6000.0,8000.0,3000.0,24000.0,18666.67,39.2857,0.000496,23400.0,18.8034,0.000296,22300.0,9.8655,0.000165,27733.33,5.2885,0.000115,25650.0,4.2885,9.1e-05,20400.0,3.5948,6.2e-05
20261007,3526,凡甲,235000.0,379000.0,144000.0,128000.0,130000.0,86000.0,155000.0,73000.0,143000.0,166000.0,148000.0,185000.0,129000.0,124000.0,228000.0,131000.0,286000.0,286000.0,180000.0,263000.0,144000.0,75000.0,239000.0,107000.0,173000.0,169000.0,229000.0,182000.0,137000.0,191000.0,252666.67,31.0026,0.005302,203200.0,23.1299,0.003157,163900.0,14.338,0.001759,163533.33,9.5801,0.001224,179950.0,6.5296,0.000968,174833.33,4.4805,0.000658
20261007,3527,聚積,45000.0,29000.0,54000.0,36000.0,75000.0,51000.0,41000.0,25000.0,40000.0,173000.0,112000.0,37000.0,69000.0,87000.0,50000.0,26000.0,66000.0,65000.0,28000.0,90000.0,77000.0,33000.0,113000.0,54000.0,76000.0,105000.0,87000.0,73000.0,91000.0,73000.0,42666.67,35.1562,0.001015,47800.0,18.8285,0.000604,56900.0,7.9086,0.000337,61600.0,4.8701,0.000234,59950.0,3.7531,0.000185,66033.33,2.2716,0.000126
20261007,3529,力旺,810000.0,902000.0,927000.0,869000.0,1049000.0,2463000.0,2139000.0,1530000.0,3246000.0,1515000.0,857000.0,1414000.0,1007000.0,523000.0,881000.0,1270000.0,1098000.0,1024000.0,2124000.0,2113000.0,2428000.0,1104000.0,1090000.0,1717000.0,593000.0,7020000.0,1620000.0,506000.0,757000.0,504000.0,879666.67,30.6934,0.018277,911400.0,17.7749,0.01088,1545000.0,5.2427,0.006063,1342133.33,4.0234,0.004221,1388050.0,2.9178,0.003336,1503333.33,1.796,0.002269
20261007,3531,先益,34000.0,1000.0,3000.0,5000.0,1000.0,2000.0,,13000.0,7000.0,9000.0,1000.0,1000.0,5000.0,1000.0,,1000.0,1000.0,4000.0,7000.0,3000.0,3000.0,2000.0,2000.0,14000.0,1000.0,,1000.0,23000.0,2000.0,13000.0,12666.67,89.4737,0.000767,8800.0,77.2727,0.000457,8333.33,45.3333,0.000254,6384.62,40.9639,0.000177,5500.0,34.3434,0.00014,5925.93,21.25,9.5e-05
20261007,3537,堡達,813000.0,199000.0,618000.0,2230000.0,1635000.0,112000.0,67000.0,134000.0,84000.0,177000.0,160000.0,148000.0,118000.0,115000.0,163000.0,120000.0,166000.0,171000.0,214000.0,230000.0,468000.0,583000.0,371000.0,276000.0,371000.0,343000.0,1154000.0,431000.0,341000.0,292000.0,543333.33,49.8773,0.018344,1099000.0,14.7953,0.01092,606900.0,13.3959,0.006085,451533.33,12.0035,0.004236,383700.0,10.5942,0.003349,410133.33,6.6076,0.002278
20261007,3540,曜越,220000.0,478000.0,1593000.0,121000.0,196000.0,155000.0,202000.0,70000.0,107000.0,196000.0,420000.0,264000.0,190000.0,402000.0,433000.0,272000.0,177000.0,217000.0,218000.0,225000.0,203000.0,260000.0,816000.0,700000.0,2270000.0,1911000.0,692000.0,845000.0,793000.0,3097000.0,763666.67,9.6028,0.004964,521600.0,8.4356,0.002955,333800.0,6.5908,0.001647,336466.67,4.359,0.001146,307800.0,3.5737,0.000906,591433.33,1.2399,0.000616
20261007,3541,西柏,52000.0,66000.0,53000.0,52000.0,33000.0,66000.0,82000.0,99000.0,646000.0,773000.0,25000.0,16000.0,7000.0,24000.0,6000.0,49000.0,45000.0,37000.0,56000.0,38000.0,30000.0,5000.0,17000.0,9000.0,24000.0,44000.0,15000.0,63000.0,47000.0,12000.0,57000.0,30.4094,0.001173,51200.0,20.3125,0.000698,192200.0,2.7055,0.000389,133333.33,2.6,0.000271,111250.0,2.3371,0.000214,83033.33,2.0875,0.000146
20261007,3546,宇峻,80000.0,59000.0,117000.0,84000.0,43000.0,53000.0,42000.0,79000.0,108000.0,86000.0,77000.0,114000.0,65000.0,65000.0,51000.0,90000.0,112000.0,396000.0,97000.0,169000.0,221000.0,53000.0,109000.0,91000.0,121000.0,126000.0,76000.0,121000.0,75000.0,84000.0,85333.33,31.25,0.001805,76600.0,20.8877,0.001075,75100.0,10.6525,0.000599,74866.67,7.1238,0.000417,99350.0,4.0262,0.00033,102133.33,2.611,0.000224
20261007,3548,兆利,152000.0,180000.0,510000.0,142000.0,163000.0,165000.0,109000.0,146000.0,153000.0,176000.0,129000.0,155000.0,154000.0,158000.0,98000.0,161000.0,225000.0,846000.0,225000.0,262000.0,168000.0,143000.0,348000.0,224000.0,535000.0,1041000.0,1821000.0,946000.0,204000.0,114000.0,280666.67,18.0523,0.00343,229400.0,13.252,0.002042,189600.0,8.0169,0.001138,172666.67,5.8687,0.000792,215450.0,3.5275,0.000626,328433.33,1.5427,0.000426
20261007,3551,世禾,751000.0,551000.0,1575000.0,2953000.0,1105000.0,904000.0,927000.0,387000.0,1293000.0,767000.0,1863000.0,1455000.0,291000.0,62000.0,86000.0,153000.0,457000.0,144000.0,169000.0,182000.0,277000.0,273000.0,264000.0,209000.0,490000.0,278000.0,589000.0,186000.0,242000.0,124000.0,959000.0,26.1036,0.016945,1387000.0,10.8291,0.010087,1121300.0,6.6976,0.005621,998000.0,5.0167,0.003913,803750.0,4.6719,0.003093,633566.67,3.9512,0.002104
20261007,3552,同致,209000.0,187000.0,468000.0,838000.0,307000.0,399000.0,622000.0,3275000.0,1269000.0,492000.0,1043000.0,2884000.0,84000.0,135000.0,162000.0,91000.0,97000.0,95000.0,151000.0,70000.0,37000.0,45000.0,118000.0,63000.0,86000.0,219000.0,295000.0,237000.0,95000.0,34000.0,288000.0,24.1898,0.004716,401800.0,10.4032,0.002807,806600.0,2.5911,0.001564,824933.33,1.689,0.001089,643900.0,1.6229,0.000861,470233.33,1.4815,0.000586
20261007,3555,博士旺,38000.0,29000.0,35000.0,37000.0,26000.0,40000.0,62000.0,68000.0,33000.0,33000.0,28000.0,62000.0,46000.0,76000.0,60000.0,44000.0,31000.0,45000.0,57000.0,109000.0,185000.0,119000.0,78000.0,240000.0,365000.0,369000.0,164000.0,145000.0,146000.0,23000.0,34000.0,37.2549,0.000857,33000.0,23.0303,0.00051,40100.0,9.4763,0.000284,44866.67,5.6464,0.000198,47950.0,3.9625,0.000157,93100.0,1.3605,0.000106
20261007,3556,禾瑞亞,2021000.0,1205000.0,172000.0,123000.0,225000.0,139000.0,105000.0,71000.0,128000.0,154000.0,90000.0,153000.0,140000.0,103000.0,87000.0,158000.0,197000.0,178000.0,214000.0,316000.0,196000.0,910000.0,194000.0,225000.0,233000.0,166000.0,300000.0,171000.0,143000.0,651000.0,1132666.67,59.4762,0.045601,749200.0,53.9509,0.027146,434300.0,46.5347,0.015127,327733.33,41.1107,0.01053,298950.0,33.8016,0.008324,305600.0,22.0441,0.005662
20261007,3558,神準,486000.0,83000.0,152000.0,296000.0,206000.0,43000.0,52000.0,56000.0,31000.0,65000.0,82000.0,203000.0,70000.0,28000.0,35000.0,33000.0,52000.0,48000.0,60000.0,199000.0,45000.0,45000.0,124000.0,80000.0,43000.0,82000.0,76000.0,130000.0,182000.0,67000.0,240333.33,67.4064,0.010966,244600.0,39.7383,0.006528,147000.0,33.0612,0.003638,125866.67,25.7415,0.002532,114000.0,21.3158,0.002002,105133.33,15.409,0.001362
20261007,3564,其陽,2545000.0,2752000.0,880000.0,1958000.0,208000.0,153000.0,270000.0,332000.0,221000.0,128000.0,284000.0,337000.0,109000.0,100000.0,177000.0,270000.0,85000.0,152000.0,261000.0,483000.0,352000.0,1603000.0,1754000.0,609000.0,69000.0,140000.0,91000.0,46000.0,70000.0,86000.0,2059000.0,41.2012,0.057425,1668600.0,30.5046,0.034184,944700.0,26.9398,0.019049,696933.33,24.3447,0.013261,585250.0,21.7428,0.010482,550833.33,15.4009,0.00713
20261007,3567,逸昌,29000.0,38000.0,54000.0,46000.0,46000.0,124000.0,355000.0,255000.0,57000.0,43000.0,16000.0,22000.0,13000.0,18000.0,19000.0,15000.0,16000.0,27000.0,21000.0,15000.0,16000.0,26000.0,19000.0,19000.0,43000.0,13000.0,14000.0,18000.0,21000.0,21000.0,40333.33,23.9669,0.000654,42600.0,13.615,0.00039,104700.0,2.7698,0.000217,75666.67,2.5551,0.000151,61450.0,2.3596,0.000119,47966.67,2.0153,8.1e-05
20261007,3570,大塚,21000.0,16000.0,10000.0,18000.0,112000.0,18000.0,11000.0,9000.0,14000.0,48000.0,16000.0,57000.0,65000.0,26000.0,17000.0,50000.0,74000.0,4000.0,14000.0,10000.0,12000.0,3000.0,10000.0,24000.0,9000.0,6000.0,7000.0,29000.0,9000.0,11000.0,15666.67,44.6809,0.000474,35400.0,11.8644,0.000282,27700.0,7.5812,0.000157,30533.33,4.5852,0.000109,30500.0,3.4426,8.6e-05,24333.33,2.8767,5.9e-05
20261007,3577,泓格,127000.0,117000.0,320000.0,184000.0,186000.0,614000.0,996000.0,116000.0,115000.0,187000.0,257000.0,331000.0,473000.0,173000.0,109000.0,138000.0,285000.0,546000.0,182000.0,395000.0,117000.0,256000.0,455000.0,320000.0,493000.0,661000.0,190000.0,237000.0,348000.0,202000.0,188000.0,22.5177,0.002866,186800.0,13.5974,0.001706,296200.0,4.2876,0.000951,287000.0,2.9501,0.000662,292550.0,2.1706,0.000523,304333.33,1.391,0.000356
20261007,3580,友威科,582000.0,680000.0,1092000.0,731000.0,1235000.0,4827000.0,3234000.0,1004000.0,1043000.0,1199000.0,1693000.0,1125000.0,2090000.0,1699000.0,1114000.0,134000.0,178000.0,194000.0,151000.0,299000.0,217000.0,301000.0,862000.0,618000.0,380000.0,172000.0,197000.0,214000.0,194000.0,149000.0,784666.67,24.7239,0.013132,864000.0,13.4722,0.007817,1562700.0,3.7243,0.004356,1556533.33,2.4927,0.003033,1215200.0,2.3947,0.002397,920266.67,2.1081,0.00163
20261007,3581,博磊,265000.0,412000.0,725000.0,608000.0,1622000.0,555000.0,213000.0,226000.0,212000.0,246000.0,284000.0,321000.0,186000.0,110000.0,274000.0,178000.0,273000.0,895000.0,363000.0,181000.0,368000.0,294000.0,487000.0,497000.0,687000.0,202000.0,296000.0,418000.0,434000.0,230000.0,467333.33,18.9016,0.005979,726400.0,7.2963,0.003559,508400.0,5.2124,0.001984,417266.67,4.2339,0.001381,407450.0,3.2519,0.001091,402066.67,2.197,0.000742
20261007,3587,閎康,477000.0,1260000.0,1284000.0,486000.0,277000.0,317000.0,283000.0,180000.0,236000.0,234000.0,212000.0,273000.0,219000.0,245000.0,236000.0,232000.0,459000.0,465000.0,539000.0,336000.0,332000.0,307000.0,890000.0,1837000.0,403000.0,278000.0,242000.0,402000.0,635000.0,307000.0,1007000.0,15.7895,0.010763,756800.0,12.6057,0.006407,503400.0,9.4756,0.00357,414600.0,7.67,0.002485,412500.0,5.7818,0.001965,462766.67,3.4359,0.001336
20261007,3594,磐儀,191000.0,167000.0,383000.0,282000.0,373000.0,423000.0,249000.0,113000.0,374000.0,267000.0,393000.0,356000.0,179000.0,170000.0,227000.0,252000.0,369000.0,488000.0,251000.0,441000.0,457000.0,752000.0,1079000.0,1094000.0,2608000.0,596000.0,646000.0,665000.0,342000.0,675000.0,247000.0,25.776,0.00431,279200.0,13.6819,0.002566,282200.0,6.7682,0.00143,276466.67,4.6057,0.000995,297400.0,3.2112,0.000787,495400.0,1.2852,0.000535
20261007,3597,映興,570000.0,600000.0,1208000.0,24000.0,25000.0,71000.0,44000.0,79000.0,278000.0,93000.0,16000.0,10000.0,16000.0,7000.0,2000.0,61000.0,9000.0,30000.0,23000.0,17000.0,82000.0,13000.0,12000.0,5000.0,23000.0,5000.0,17000.0,24000.0,47000.0,26000.0,792666.67,23.9697,0.012861,485400.0,23.4858,0.007656,299200.0,19.0508,0.004266,202866.67,18.7315,0.00297,159150.0,17.9076,0.002348,114566.67,16.5842,0.001597
20261007,3609,三一東林,116000.0,71000.0,93000.0,49000.0,86000.0,27000.0,52000.0,42000.0,108000.0,340000.0,234000.0,146000.0,128000.0,293000.0,379000.0,574000.0,98000.0,86000.0,192000.0,148000.0,94000.0,184000.0,28000.0,102000.0,209000.0,381000.0,207000.0,372000.0,236000.0,81000.0,93333.33,41.4286,0.002617,83000.0,27.9518,0.001558,98400.0,11.7886,0.000868,144266.67,5.3604,0.000604,163100.0,3.5561,0.000478,171866.67,2.2498,0.000325
20261007,3611,鼎翰,17000.0,32000.0,59000.0,21000.0,10000.0,29000.0,23000.0,10000.0,10000.0,17000.0,24000.0,41000.0,73000.0,4000.0,23000.0,24000.0,42000.0,38000.0,18000.0,43000.0,74000.0,26000.0,16000.0,17000.0,55000.0,54000.0,78000.0,44000.0,36000.0,44000.0,36000.0,15.7407,0.000384,27800.0,12.2302,0.000228,22800.0,7.4561,0.000127,26200.0,4.3257,8.9e-05,27900.0,3.0466,7e-05,33400.0,1.6966,4.8e-05
20261007,3615,安可,972000.0,1544000.0,2303000.0,4816000.0,7132000.0,2863000.0,3457000.0,846000.0,2186000.0,742000.0,965000.0,958000.0,1963000.0,277000.0,359000.0,278000.0,620000.0,405000.0,337000.0,290000.0,296000.0,316000.0,519000.0,335000.0,335000.0,323000.0,735000.0,620000.0,865000.0,285000.0,1606333.33,20.1702,0.021932,3353400.0,5.7971,0.013056,2686100.0,3.6186,0.007275,2092200.0,3.0972,0.005065,1665650.0,2.9178,0.004004,1264733.33,2.5618,0.002723
20261007,3623,富晶通,213000.0,168000.0,167000.0,395000.0,326000.0,364000.0,322000.0,146000.0,162000.0,313000.0,283000.0,247000.0,717000.0,562000.0,349000.0,921000.0,983000.0,1196000.0,147000.0,309000.0,126000.0,75000.0,127000.0,22000.0,64000.0,45000.0,103000.0,49000.0,37000.0,12000.0,182666.67,38.8686,0.004806,253800.0,16.7849,0.002861,257600.0,8.2686,0.001594,315600.0,4.4994,0.00111,414500.0,2.5694,0.000877,298333.33,2.3799,0.000597
20261007,3624,光頡,29538000.0,12677000.0,14704000.0,40211000.0,30774000.0,16711000.0,18945000.0,49361000.0,23086000.0,17636000.0,32981000.0,17088000.0,21068000.0,22617000.0,33019000.0,44654000.0,64539000.0,20827000.0,23348000.0,18543000.0,19857000.0,9062000.0,3522000.0,4938000.0,4833000.0,5187000.0,14234000.0,7376000.0,6433000.0,3115000.0,18973000.0,51.8948,0.666488,25580800.0,23.0939,0.396753,25364300.0,11.6455,0.221091,25361066.67,7.7647,0.153909,27616350.0,5.3479,0.121663,21029466.67,4.682,0.08275
20261007,3625,西勝,492000.0,424000.0,1240000.0,297000.0,235000.0,95000.0,520000.0,55000.0,77000.0,129000.0,170000.0,92000.0,225000.0,107000.0,108000.0,136000.0,150000.0,130000.0,139000.0,82000.0,186000.0,204000.0,284000.0,186000.0,447000.0,329000.0,203000.0,237000.0,530000.0,520000.0,718666.67,22.82,0.011101,537600.0,18.3036,0.006609,356400.0,13.8047,0.003683,284400.0,11.5331,0.002564,245150.0,10.0347,0.002026,267633.33,6.1278,0.001378
20261007,3628,盈正,65000.0,46000.0,93000.0,81000.0,45000.0,78000.0,54000.0,48000.0,76000.0,95000.0,78000.0,161000.0,157000.0,103000.0,199000.0,631000.0,622000.0,746000.0,162000.0,82000.0,57000.0,47000.0,49000.0,28000.0,43000.0,26000.0,25000.0,32000.0,25000.0,79000.0,68000.0,31.8627,0.001467,66000.0,19.697,0.000873,68100.0,9.5448,0.000487,91933.33,4.7136,0.000339,181100.0,1.7946,0.000268,134433.33,1.6117,0.000182
20261007,3629,地心引力,6000.0,5000.0,5000.0,8000.0,2000.0,4000.0,1000.0,,,,4000.0,,,3000.0,11000.0,8000.0,1000.0,1000.0,1000.0,1000.0,7000.0,4000.0,2000.0,2000.0,2000.0,25000.0,61000.0,6000.0,7000.0,2000.0,5333.33,37.5,0.000135,5200.0,23.0769,8.1e-05,4428.57,19.3548,4.5e-05,4900.0,12.2449,3.1e-05,4066.67,9.8361,2.5e-05,7160.0,3.352,1.7e-05
20261007,3630,新鉅科,1858000.0,3810000.0,876000.0,517000.0,407000.0,228000.0,332000.0,749000.0,1620000.0,307000.0,295000.0,449000.0,224000.0,364000.0,351000.0,216000.0,321000.0,304000.0,459000.0,622000.0,1200000.0,4072000.0,1378000.0,1816000.0,272000.0,450000.0,603000.0,1440000.0,1434000.0,380000.0,2181333.33,28.3924,0.041923,1493600.0,24.8795,0.024957,1070400.0,17.358,0.013907,825800.0,14.9996,0.009681,715450.0,12.9848,0.007653,911800.0,6.7924,0.005205
20261007,3631,晟楠,627000.0,341000.0,226000.0,208000.0,149000.0,143000.0,64000.0,96000.0,148000.0,156000.0,270000.0,155000.0,240000.0,88000.0,73000.0,99000.0,117000.0,85000.0,152000.0,46000.0,110000.0,142000.0,179000.0,211000.0,390000.0,989000.0,562000.0,336000.0,155000.0,133000.0,398000.0,52.5126,0.014147,310200.0,40.4255,0.008422,215800.0,29.0547,0.004693,198933.33,21.0121,0.003267,174150.0,18.0017,0.002583,223000.0,9.3722,0.001757
20261007,3632,研勤,,97000.0,17000.0,26000.0,6000.0,20000.0,11000.0,16000.0,27000.0,3000.0,3000.0,10000.0,7000.0,6000.0,8000.0,1000.0,3000.0,,21000.0,8000.0,11000.0,,2000.0,2000.0,8000.0,,7000.0,26000.0,4000.0,4000.0,57000.0,,,36500.0,,,24777.78,,,18357.14,,,16111.11,,,13615.38,,
20261007,3646,艾恩特,15000.0,9000.0,1000.0,12000.0,18000.0,18000.0,6000.0,6000.0,16000.0,28000.0,23000.0,22000.0,3000.0,8000.0,10000.0,48000.0,35000.0,3000.0,1000.0,7000.0,24000.0,7000.0,7000.0,5000.0,8000.0,19000.0,9000.0,23000.0,40000.0,24000.0,8333.33,60.0,0.000338,11000.0,27.2727,0.000201,12900.0,11.6279,0.000112,13000.0,7.6923,7.8e-05,14450.0,5.1903,6.2e-05,15166.67,3.2967,4.2e-05
20261007,3663,鑫科,301000.0,418000.0,735000.0,431000.0,1164000.0,2670000.0,546000.0,337000.0,212000.0,393000.0,551000.0,366000.0,1067000.0,872000.0,615000.0,264000.0,285000.0,284000.0,234000.0,565000.0,342000.0,415000.0,854000.0,299000.0,398000.0,292000.0,338000.0,473000.0,357000.0,173000.0,484666.67,20.7015,0.006792,609800.0,9.8721,0.004043,720700.0,4.1765,0.002253,711866.67,2.8189,0.001568,615500.0,2.4452,0.00124,541700.0,1.8522,0.000843
20261007,3664,安瑞-KY,28000.0,23000.0,15000.0,13000.0,41000.0,17000.0,91000.0,97000.0,103000.0,77000.0,49000.0,39000.0,12000.0,89000.0,47000.0,14000.0,1000.0,10000.0,14000.0,25000.0,80000.0,63000.0,232000.0,132000.0,72000.0,96000.0,26000.0,3000.0,43000.0,16000.0,22000.0,42.4242,0.000632,24000.0,23.3333,0.000376,50500.0,5.5446,0.00021,49400.0,3.7787,0.000146,40250.0,3.4783,0.000115,52266.67,1.7857,7.8e-05
20261007,3666,光耀,67000.0,62000.0,95000.0,114000.0,28000.0,38000.0,40000.0,9000.0,23000.0,37000.0,45000.0,23000.0,14000.0,34000.0,3000.0,4000.0,41000.0,13000.0,61000.0,220000.0,15000.0,52000.0,4000.0,68000.0,36000.0,68000.0,57000.0,74000.0,49000.0,23000.0,74666.67,29.9107,0.001512,73200.0,18.306,0.0009,51300.0,13.0604,0.000501,42133.33,10.6013,0.000349,48550.0,6.9001,0.000276,47233.33,4.7283,0.000188
20261007,3672,康聯訊,503000.0,6000.0,8000.0,5000.0,7000.0,9000.0,16000.0,178000.0,13000.0,31000.0,36000.0,3000.0,3000.0,7000.0,17000.0,11000.0,1000.0,13000.0,10000.0,8000.0,56000.0,37000.0,22000.0,17000.0,21000.0,14000.0,12000.0,1000.0,6000.0,10000.0,172333.33,97.2921,0.01135,105800.0,95.0851,0.006756,77600.0,64.8196,0.003765,56133.33,59.7387,0.002621,44250.0,56.8362,0.002072,36033.33,46.531,0.001409
20261007,3675,德微,2286000.0,1458000.0,3146000.0,2875000.0,2817000.0,1302000.0,2712000.0,3514000.0,3228000.0,1770000.0,1010000.0,1445000.0,2669000.0,1584000.0,1961000.0,1823000.0,543000.0,360000.0,323000.0,698000.0,986000.0,871000.0,1335000.0,330000.0,620000.0,531000.0,1759000.0,698000.0,1358000.0,442000.0,2296666.67,33.1785,0.051581,2516400.0,18.1688,0.030705,2510800.0,9.1047,0.017111,2251800.0,6.7679,0.011911,1876200.0,6.0921,0.009416,1548466.67,4.921,0.006404
20261007,3680,家登,909000.0,2671000.0,1957000.0,739000.0,716000.0,1579000.0,1018000.0,1361000.0,791000.0,1665000.0,1925000.0,1417000.0,1980000.0,1273000.0,1315000.0,1157000.0,1626000.0,3515000.0,7513000.0,2094000.0,1196000.0,1043000.0,1811000.0,2502000.0,2838000.0,1306000.0,1662000.0,894000.0,1352000.0,993000.0,1845666.67,16.4168,0.02051,1398400.0,13.0006,0.01221,1340600.0,6.7805,0.006804,1421066.67,4.2644,0.004736,1861050.0,2.4422,0.003744,1760600.0,1.721,0.002547
20261007,3684,榮昌,108000.0,112000.0,29000.0,,49000.0,82000.0,6000.0,2000.0,,21000.0,6000.0,9000.0,22000.0,8000.0,37000.0,161000.0,54000.0,46000.0,8000.0,26000.0,36000.0,35000.0,10000.0,18000.0,4000.0,25000.0,93000.0,10000.0,17000.0,63000.0,83000.0,43.3735,0.002437,74500.0,36.2416,0.001451,51125.0,26.4059,0.000808,37769.23,21.9959,0.000563,43666.67,13.7405,0.000445,39178.57,9.845,0.000303
20261007,3685,元創精密,641000.0,1212000.0,1770000.0,1512000.0,216000.0,292000.0,322000.0,262000.0,187000.0,189000.0,378000.0,630000.0,202000.0,1146000.0,274000.0,408000.0,610000.0,411000.0,253000.0,418000.0,569000.0,1016000.0,392000.0,1100000.0,962000.0,1288000.0,528000.0,486000.0,353000.0,280000.0,1207666.67,17.6925,0.014463,1070200.0,11.9791,0.00861,660300.0,9.7077,0.004798,615533.33,6.9425,0.00334,566650.0,5.656,0.00264,610233.33,3.5014,0.001796
20261007,3687,歐買尬,41000.0,13000.0,37000.0,31000.0,50000.0,28000.0,28000.0,47000.0,42000.0,52000.0,52000.0,27000.0,14000.0,18000.0,25000.0,43000.0,34000.0,139000.0,21000.0,15000.0,33000.0,97000.0,25000.0,47000.0,54000.0,36000.0,37000.0,25000.0,46000.0,63000.0,30333.33,45.0549,0.000925,34400.0,23.8372,0.000551,36900.0,11.1111,0.000307,33666.67,8.1188,0.000214,37850.0,5.4161,0.000169,40666.67,3.3607,0.000115
20261007,3689,湧德,1631000.0,1169000.0,666000.0,589000.0,288000.0,378000.0,262000.0,401000.0,393000.0,521000.0,307000.0,412000.0,385000.0,356000.0,417000.0,525000.0,1149000.0,457000.0,508000.0,991000.0,1564000.0,993000.0,3809000.0,1442000.0,1698000.0,1601000.0,2972000.0,2590000.0,576000.0,386000.0,1155333.33,47.0571,0.036801,868600.0,37.5547,0.021907,629800.0,25.8971,0.012208,545000.0,19.9511,0.008498,590250.0,13.8162,0.006718,981200.0,5.5408,0.004569
20261007,3691,碩禾,340000.0,463000.0,1682000.0,1040000.0,1148000.0,964000.0,1317000.0,5400000.0,1724000.0,2162000.0,1057000.0,203000.0,194000.0,153000.0,139000.0,272000.0,505000.0,235000.0,120000.0,200000.0,187000.0,171000.0,579000.0,575000.0,1020000.0,333000.0,356000.0,294000.0,203000.0,309000.0,828333.33,13.6821,0.007672,934600.0,7.2758,0.004567,1624000.0,2.0936,0.002545,1199066.67,1.8904,0.001772,965900.0,1.76,0.0014,778166.67,1.4564,0.000953
20261007,3693,營邦,1552000.0,2323000.0,1480000.0,816000.0,2685000.0,1198000.0,1265000.0,1903000.0,2335000.0,2044000.0,1022000.0,1836000.0,2791000.0,1074000.0,1868000.0,1836000.0,1281000.0,2054000.0,2530000.0,3667000.0,2280000.0,2029000.0,3104000.0,2060000.0,1788000.0,1548000.0,1771000.0,817000.0,944000.0,891000.0,1785000.0,28.9823,0.035019,1771200.0,17.5248,0.020846,1760100.0,8.8177,0.011617,1746133.33,5.9255,0.008087,1878000.0,4.1321,0.006392,1826400.0,2.8325,0.004348
20261007,3707,漢磊,34346000.0,20681000.0,55680000.0,35462000.0,21159000.0,30327000.0,20438000.0,33362000.0,55452000.0,19606000.0,2295000.0,2541000.0,7086000.0,7055000.0,4058000.0,3436000.0,5159000.0,6674000.0,2049000.0,4869000.0,2232000.0,2418000.0,3199000.0,1990000.0,2660000.0,2777000.0,3668000.0,2087000.0,3672000.0,5546000.0,36902333.33,31.0242,0.774974,33465600.0,20.5262,0.461333,32651300.0,10.519,0.257079,23303200.0,9.8258,0.178961,18586750.0,9.2394,0.141466,13399466.67,8.5441,0.09622
20261007,3709,鑫聯大投控,200000.0,177000.0,310000.0,191000.0,498000.0,358000.0,232000.0,100000.0,138000.0,195000.0,166000.0,162000.0,132000.0,182000.0,291000.0,189000.0,271000.0,206000.0,279000.0,1661000.0,302000.0,351000.0,463000.0,443000.0,298000.0,275000.0,395000.0,332000.0,201000.0,329000.0,229000.0,29.1121,0.004513,275200.0,14.5349,0.002686,239900.0,8.3368,0.001497,222133.33,6.0024,0.001042,296900.0,3.3681,0.000824,310900.0,2.1443,0.00056
20261007,3710,連展投控,274000.0,222000.0,150000.0,193000.0,232000.0,250000.0,401000.0,145000.0,243000.0,276000.0,598000.0,,,,,,,,766000.0,318000.0,235000.0,255000.0,208000.0,355000.0,242000.0,346000.0,241000.0,273000.0,115000.0,324000.0,215333.33,42.4149,0.006182,214200.0,25.5836,0.00368,238600.0,11.4837,0.002051,271272.73,9.1823,0.001428,312923.08,6.7355,0.001129,289652.17,4.1129,0.000768
20261007,3713,新晶投控,67000.0,43000.0,43000.0,18000.0,15000.0,52000.0,45000.0,3000.0,34000.0,44000.0,32000.0,36000.0,29000.0,59000.0,7000.0,36000.0,17000.0,8000.0,40000.0,101000.0,24000.0,12000.0,43000.0,22000.0,25000.0,42000.0,52000.0,7000.0,15000.0,4000.0,51000.0,43.7908,0.001512,37200.0,36.0215,0.0009,36400.0,18.4066,0.000501,35133.33,12.7135,0.000349,36450.0,9.1907,0.000276,32500.0,6.8718,0.000188
20261007,3718,中光電投控,1103000.0,1563000.0,1888000.0,1232000.0,1874000.0,1478000.0,1098000.0,1096000.0,1363000.0,2165000.0,2704000.0,3383000.0,3196000.0,5315000.0,6222000.0,5424000.0,5343000.0,4240000.0,4431000.0,7163000.0,6283000.0,4129000.0,3400000.0,,,,,,,,1518000.0,24.2205,0.024888,1532000.0,14.3995,0.014815,1486000.0,7.4226,0.008256,2378666.67,3.0914,0.005747,3114050.0,1.771,0.004543,3308391.3,1.4495,0.00309
20261007,4102,永日,34000.0,35000.0,39000.0,31000.0,26000.0,31000.0,7000.0,51000.0,19000.0,7000.0,10000.0,29000.0,30000.0,23000.0,16000.0,23000.0,2000.0,41000.0,34000.0,14000.0,20000.0,16000.0,23000.0,16000.0,8000.0,6000.0,48000.0,21000.0,13000.0,45000.0,36000.0,31.4815,0.000767,33000.0,20.6061,0.000457,28000.0,12.1429,0.000254,25866.67,8.7629,0.000177,25100.0,6.7729,0.00014,23933.33,4.7354,9.5e-05
20261007,4105,東洋,1409000.0,668000.0,369000.0,311000.0,444000.0,538000.0,289000.0,198000.0,219000.0,401000.0,598000.0,437000.0,518000.0,326000.0,478000.0,236000.0,569000.0,153000.0,390000.0,245000.0,365000.0,746000.0,321000.0,205000.0,289000.0,385000.0,391000.0,398000.0,334000.0,442000.0,815333.33,57.6043,0.031792,640200.0,44.0175,0.018926,484600.0,29.0755,0.010546,480200.0,19.5613,0.007342,439800.0,16.0186,0.005803,422400.0,11.119,0.003947
20261007,4107,邦特,30000.0,66000.0,51000.0,17000.0,17000.0,25000.0,41000.0,32000.0,49000.0,14000.0,52000.0,30000.0,19000.0,22000.0,25000.0,41000.0,72000.0,37000.0,25000.0,67000.0,24000.0,30000.0,32000.0,18000.0,34000.0,26000.0,28000.0,19000.0,23000.0,60000.0,49000.0,20.4082,0.000677,36200.0,16.5746,0.000403,34200.0,8.7719,0.000225,32666.67,6.1224,0.000156,36600.0,4.0984,0.000124,34200.0,2.924,8.4e-05
20261007,4109,加捷生醫,95000.0,51000.0,129000.0,66000.0,158000.0,51000.0,54000.0,169000.0,145000.0,231000.0,84000.0,56000.0,113000.0,120000.0,83000.0,159000.0,95000.0,76000.0,157000.0,165000.0,163000.0,126000.0,235000.0,131000.0,82000.0,83000.0,256000.0,100000.0,103000.0,105000.0,91666.67,34.5455,0.002144,99800.0,19.0381,0.001276,114900.0,8.2681,0.000711,107000.0,5.919,0.000495,112850.0,4.2091,0.000391,121366.67,2.6092,0.000266
20261007,4111,濟生,16000.0,90000.0,48000.0,64000.0,22000.0,29000.0,17000.0,4000.0,86000.0,38000.0,29000.0,15000.0,25000.0,53000.0,24000.0,87000.0,9000.0,27000.0,47000.0,11000.0,38000.0,44000.0,25000.0,95000.0,31000.0,28000.0,70000.0,44000.0,96000.0,286000.0,51333.33,10.3896,0.000361,48000.0,6.6667,0.000215,41400.0,3.8647,0.00012,37333.33,2.8571,8.3e-05,37050.0,2.1592,6.6e-05,49933.33,1.0681,4.5e-05
20261007,4113,聯上,152000.0,86000.0,822000.0,74000.0,582000.0,304000.0,617000.0,745000.0,76000.0,89000.0,689000.0,660000.0,58000.0,90000.0,145000.0,44000.0,64000.0,63000.0,86000.0,142000.0,102000.0,111000.0,44000.0,197000.0,46000.0,91000.0,28000.0,313000.0,166000.0,76000.0,353333.33,14.3396,0.00343,343200.0,8.8578,0.002042,354700.0,4.2853,0.001138,345933.33,2.9293,0.000792,279400.0,2.7201,0.000626,225400.0,2.2479,0.000426
20261007,4114,健喬,433000.0,507000.0,1321000.0,616000.0,296000.0,464000.0,586000.0,405000.0,323000.0,586000.0,394000.0,809000.0,628000.0,389000.0,471000.0,378000.0,664000.0,373000.0,591000.0,496000.0,566000.0,599000.0,417000.0,426000.0,396000.0,519000.0,501000.0,647000.0,593000.0,728000.0,753666.67,19.1508,0.00977,634600.0,13.6464,0.005816,553700.0,7.8201,0.003241,548533.33,5.2625,0.002256,536500.0,4.0354,0.001783,537400.0,2.6858,0.001213
20261007,4116,明基醫,19000.0,27000.0,39000.0,56000.0,22000.0,17000.0,11000.0,10000.0,13000.0,43000.0,23000.0,16000.0,21000.0,9000.0,30000.0,12000.0,6000.0,35000.0,15000.0,31000.0,20000.0,21000.0,93000.0,12000.0,14000.0,12000.0,27000.0,17000.0,20000.0,39000.0,28333.33,22.3529,0.000429,32600.0,11.6564,0.000255,25700.0,7.393,0.000142,23733.33,5.3371,9.9e-05,22750.0,4.1758,7.8e-05,24333.33,2.6027,5.3e-05
20261007,4120,友華,14000.0,21000.0,28000.0,58000.0,2000.0,7000.0,4000.0,2000.0,43000.0,17000.0,7000.0,21000.0,16000.0,36000.0,18000.0,1000.0,2000.0,15000.0,6000.0,2000.0,6000.0,8000.0,23000.0,38000.0,4000.0,9000.0,26000.0,4000.0,33000.0,42000.0,21000.0,22.2222,0.000316,24600.0,11.3821,0.000188,19600.0,7.1429,0.000105,19600.0,4.7619,7.3e-05,16000.0,4.375,5.8e-05,17100.0,2.729,3.9e-05
20261007,4121,優盛,42000.0,44000.0,23000.0,57000.0,16000.0,73000.0,18000.0,12000.0,24000.0,42000.0,25000.0,15000.0,46000.0,38000.0,19000.0,14000.0,20000.0,18000.0,36000.0,50000.0,64000.0,21000.0,46000.0,43000.0,44000.0,13000.0,32000.0,57000.0,19000.0,8000.0,36333.33,38.5321,0.000948,36400.0,23.0769,0.000564,35100.0,11.9658,0.000314,32933.33,8.502,0.000219,31600.0,6.6456,0.000173,32633.33,4.2901,0.000118
20261007,4123,晟德,1030000.0,1051000.0,1273000.0,1045000.0,873000.0,964000.0,1009000.0,1134000.0,1343000.0,1513000.0,880000.0,1410000.0,1122000.0,1421000.0,1119000.0,889000.0,1051000.0,1732000.0,1961000.0,2538000.0,2243000.0,1820000.0,1970000.0,1491000.0,1648000.0,1586000.0,1707000.0,1764000.0,1615000.0,1675000.0,1118000.0,30.7096,0.023241,1054400.0,19.5372,0.013835,1123500.0,9.1678,0.00771,1145800.0,5.9929,0.005367,1267900.0,4.0618,0.004242,1429233.33,2.4022,0.002886
20261007,4126,太醫,37000.0,75000.0,21000.0,12000.0,25000.0,20000.0,8000.0,12000.0,9000.0,16000.0,30000.0,72000.0,52000.0,8000.0,7000.0,11000.0,49000.0,14000.0,57000.0,13000.0,18000.0,27000.0,23000.0,4000.0,34000.0,50000.0,27000.0,17000.0,14000.0,13000.0,44333.33,27.8195,0.000835,34000.0,21.7647,0.000497,23500.0,15.7447,0.000277,26933.33,9.1584,0.000193,27400.0,6.7518,0.000152,25833.33,4.7742,0.000104
20261007,4127,天良,691000.0,532000.0,496000.0,534000.0,320000.0,418000.0,309000.0,516000.0,629000.0,817000.0,151000.0,122000.0,54000.0,126000.0,131000.0,94000.0,113000.0,359000.0,101000.0,244000.0,251000.0,1517000.0,422000.0,237000.0,299000.0,481000.0,138000.0,216000.0,184000.0,178000.0,573000.0,40.1978,0.015592,514600.0,26.8558,0.009281,526200.0,13.1319,0.005172,389733.33,11.82,0.0036,337850.0,10.2264,0.002846,356000.0,6.47,0.001936
20261007,4128,中天,1119000.0,1453000.0,2377000.0,783000.0,1192000.0,1707000.0,1191000.0,676000.0,753000.0,602000.0,748000.0,4180000.0,497000.0,359000.0,459000.0,560000.0,573000.0,430000.0,438000.0,694000.0,710000.0,759000.0,1301000.0,624000.0,792000.0,815000.0,606000.0,859000.0,857000.0,1561000.0,1649666.67,22.6106,0.025249,1384800.0,16.1612,0.01503,1185300.0,9.4406,0.008376,1206400.0,6.1837,0.005831,1039550.0,5.3821,0.004609,989166.67,3.7709,0.003135
20261007,4129,聯合,161000.0,72000.0,151000.0,61000.0,71000.0,99000.0,124000.0,54000.0,42000.0,131000.0,32000.0,143000.0,86000.0,43000.0,163000.0,113000.0,198000.0,191000.0,232000.0,217000.0,160000.0,162000.0,198000.0,155000.0,251000.0,255000.0,439000.0,1503000.0,2688000.0,71000.0,128000.0,41.9271,0.003633,103200.0,31.2016,0.002163,96600.0,16.6667,0.001205,95533.33,11.2352,0.000839,119200.0,6.7534,0.000663,275533.33,1.9477,0.000451
20261007,4131,浩泰,22000.0,23000.0,53000.0,35000.0,8000.0,47000.0,20000.0,23000.0,12000.0,27000.0,11000.0,14000.0,11000.0,1000.0,1000.0,13000.0,10000.0,1000.0,8000.0,20000.0,216000.0,5000.0,1000.0,14000.0,6000.0,19000.0,30000.0,1000.0,51000.0,4000.0,32666.67,22.449,0.000496,28200.0,15.6028,0.000296,27000.0,8.1481,0.000165,20533.33,7.1429,0.000115,18000.0,6.1111,9.1e-05,23566.67,3.1117,6.2e-05
20261007,4138,曜亞,11000.0,21000.0,34000.0,64000.0,18000.0,74000.0,52000.0,59000.0,38000.0,51000.0,24000.0,6000.0,20000.0,10000.0,40000.0,19000.0,18000.0,27000.0,94000.0,38000.0,53000.0,69000.0,41000.0,14000.0,36000.0,35000.0,66000.0,84000.0,70000.0,59000.0,22000.0,16.6667,0.000248,29600.0,7.4324,0.000148,42200.0,2.6066,8.2e-05,34800.0,2.1073,5.7e-05,35900.0,1.532,4.5e-05,41500.0,0.8835,3.1e-05
20261007,4139,馬光-KY,20000.0,23000.0,66000.0,22000.0,37000.0,65000.0,63000.0,37000.0,32000.0,21000.0,28000.0,36000.0,45000.0,46000.0,24000.0,41000.0,25000.0,25000.0,7000.0,20000.0,16000.0,36000.0,45000.0,43000.0,89000.0,76000.0,33000.0,26000.0,94000.0,62000.0,36333.33,18.3486,0.000451,33600.0,11.9048,0.000269,38600.0,5.1813,0.00015,37666.67,3.5398,0.000104,34150.0,2.9283,8.2e-05,40100.0,1.6625,5.6e-05
20261007,4147,中裕,679000.0,686000.0,1025000.0,560000.0,1008000.0,576000.0,575000.0,1608000.0,1702000.0,1775000.0,1379000.0,1152000.0,741000.0,547000.0,302000.0,491000.0,826000.0,902000.0,1131000.0,1163000.0,610000.0,425000.0,693000.0,510000.0,705000.0,993000.0,2324000.0,1616000.0,1596000.0,839000.0,796666.67,28.41,0.015321,791600.0,17.1551,0.00912,1019400.0,6.6608,0.005082,954333.33,4.7433,0.003538,941400.0,3.6063,0.002797,971300.0,2.3302,0.001902
20261007,4153,鈺緯,27000.0,26000.0,27000.0,18000.0,12000.0,8000.0,4000.0,19000.0,12000.0,2000.0,11000.0,1000.0,5000.0,1000.0,5000.0,1000.0,10000.0,4000.0,11000.0,2000.0,4000.0,4000.0,4000.0,4000.0,20000.0,22000.0,11000.0,16000.0,5000.0,11000.0,26666.67,33.75,0.000609,22000.0,24.5455,0.000363,15500.0,17.4194,0.000202,11866.67,15.1685,0.000141,10300.0,13.1068,0.000111,10233.33,8.7948,7.6e-05
20261007,4154,樂威科-KY,1000.0,1000.0,32000.0,8000.0,10000.0,17000.0,52000.0,14000.0,27000.0,,1000.0,58000.0,4000.0,6000.0,24000.0,7000.0,,,,,,,5000.0,,8000.0,,5000.0,,20000.0,1000.0,11333.33,2.9412,2.3e-05,10400.0,1.9231,1.3e-05,18000.0,0.6173,7e-06,18214.29,0.3922,5e-06,17466.67,0.3817,4e-06,15050.0,0.3322,3e-06
20261007,4157,太景*-KY,827000.0,613000.0,1070000.0,664000.0,479000.0,668000.0,761000.0,391000.0,1123000.0,692000.0,503000.0,722000.0,988000.0,622000.0,702000.0,419000.0,1016000.0,835000.0,602000.0,1057000.0,1913000.0,438000.0,473000.0,541000.0,672000.0,456000.0,828000.0,912000.0,788000.0,1285000.0,836666.67,32.9482,0.01866,730600.0,22.6389,0.011108,728800.0,11.3474,0.00619,721666.67,7.6397,0.004309,737700.0,5.6053,0.003406,768666.67,3.5863,0.002317
20261007,4160,訊聯基因,15000.0,15000.0,32000.0,11000.0,9000.0,47000.0,5000.0,18000.0,67000.0,37000.0,5000.0,4000.0,10000.0,8000.0,4000.0,13000.0,14000.0,25000.0,77000.0,35000.0,22000.0,14000.0,19000.0,26000.0,11000.0,16000.0,25000.0,9000.0,28000.0,26000.0,20666.67,24.1935,0.000338,16400.0,18.2927,0.000201,25600.0,5.8594,0.000112,19133.33,5.2265,7.8e-05,22550.0,3.3259,6.2e-05,21566.67,2.3184,4.2e-05
20261007,4161,聿新科,9000.0,32000.0,28000.0,29000.0,34000.0,46000.0,40000.0,11000.0,30000.0,23000.0,24000.0,21000.0,10000.0,20000.0,10000.0,11000.0,10000.0,8000.0,21000.0,14000.0,33000.0,5000.0,17000.0,2000.0,25000.0,2000.0,19000.0,18000.0,2000.0,8000.0,23000.0,13.0435,0.000203,26400.0,6.8182,0.000121,28200.0,3.1915,6.7e-05,24466.67,2.4523,4.7e-05,21550.0,2.0882,3.7e-05,18733.33,1.6014,2.5e-05
20261007,4162,智擎,187000.0,107000.0,271000.0,104000.0,195000.0,175000.0,110000.0,128000.0,296000.0,308000.0,190000.0,201000.0,337000.0,199000.0,214000.0,198000.0,487000.0,510000.0,293000.0,220000.0,211000.0,272000.0,212000.0,283000.0,200000.0,198000.0,157000.0,195000.0,228000.0,175000.0,188333.33,33.0973,0.004219,172800.0,21.6435,0.002512,188100.0,9.9415,0.0014,201466.67,6.188,0.000974,236500.0,3.9535,0.00077,228700.0,2.7256,0.000524
20261007,4163,鐿鈦,37000.0,34000.0,60000.0,17000.0,9000.0,20000.0,22000.0,13000.0,10000.0,21000.0,8000.0,20000.0,24000.0,16000.0,18000.0,14000.0,49000.0,35000.0,82000.0,265000.0,23000.0,36000.0,44000.0,9000.0,43000.0,23000.0,51000.0,55000.0,95000.0,115000.0,43666.67,28.2443,0.000835,31400.0,23.5669,0.000497,24300.0,15.2263,0.000277,21933.33,11.2462,0.000193,38700.0,4.7804,0.000152,42266.67,2.918,0.000104
20261007,4166,友霖,143000.0,63000.0,58000.0,36000.0,163000.0,47000.0,24000.0,66000.0,54000.0,68000.0,19000.0,50000.0,118000.0,35000.0,35000.0,48000.0,70000.0,64000.0,409000.0,193000.0,57000.0,63000.0,77000.0,62000.0,122000.0,133000.0,54000.0,86000.0,34000.0,72000.0,88000.0,54.1667,0.003227,92600.0,30.8855,0.001921,72200.0,19.8061,0.00107,65266.67,14.6067,0.000745,88150.0,8.1112,0.000589,84100.0,5.6679,0.000401
20261007,4167,松瑞藥,4543000.0,562000.0,453000.0,574000.0,469000.0,832000.0,535000.0,596000.0,628000.0,698000.0,515000.0,987000.0,1145000.0,418000.0,356000.0,457000.0,474000.0,533000.0,865000.0,501000.0,543000.0,852000.0,908000.0,449000.0,896000.0,969000.0,619000.0,580000.0,586000.0,1189000.0,1852666.67,81.738,0.102507,1320200.0,68.8229,0.061021,989000.0,45.9353,0.034004,887400.0,34.1297,0.023671,807050.0,28.1457,0.018712,791066.67,19.1429,0.012727
20261007,4168,醣聯,128000.0,80000.0,167000.0,197000.0,82000.0,188000.0,35000.0,101000.0,75000.0,132000.0,37000.0,108000.0,178000.0,54000.0,48000.0,38000.0,92000.0,108000.0,74000.0,105000.0,95000.0,146000.0,78000.0,67000.0,88000.0,34000.0,43000.0,82000.0,90000.0,60000.0,125000.0,34.1333,0.002888,130800.0,19.5719,0.001719,118500.0,10.8017,0.000958,107333.33,7.9503,0.000667,101350.0,6.3148,0.000527,93666.67,4.5552,0.000359
20261007,4171,瑞基,1022000.0,64000.0,164000.0,31000.0,27000.0,57000.0,31000.0,11000.0,27000.0,15000.0,25000.0,25000.0,24000.0,16000.0,33000.0,54000.0,57000.0,32000.0,151000.0,44000.0,68000.0,67000.0,19000.0,45000.0,48000.0,28000.0,13000.0,52000.0,68000.0,29000.0,416666.67,81.76,0.02306,261600.0,78.1346,0.013727,144900.0,70.5314,0.00765,104800.0,65.0127,0.005325,95500.0,53.5079,0.004209,78233.33,43.545,0.002863
20261007,4173,久裕,39000.0,19000.0,18000.0,14000.0,48000.0,39000.0,50000.0,23000.0,16000.0,29000.0,41000.0,33000.0,16000.0,77000.0,7000.0,58000.0,8000.0,52000.0,27000.0,9000.0,54000.0,49000.0,33000.0,9000.0,36000.0,57000.0,32000.0,22000.0,12000.0,78000.0,25333.33,51.3158,0.00088,27600.0,28.2609,0.000524,29500.0,13.2203,0.000292,31266.67,8.3156,0.000203,31150.0,6.26,0.000161,33500.0,3.8806,0.000109
20261007,4174,浩鼎,2273000.0,3308000.0,1894000.0,5893000.0,1158000.0,1168000.0,1503000.0,3307000.0,2866000.0,2047000.0,1079000.0,3231000.0,674000.0,239000.0,382000.0,375000.0,205000.0,263000.0,595000.0,587000.0,304000.0,545000.0,487000.0,235000.0,461000.0,449000.0,190000.0,163000.0,276000.0,197000.0,2491666.67,30.408,0.051287,2905200.0,15.6478,0.030531,2541700.0,8.9428,0.017013,2068133.33,7.3271,0.011844,1652350.0,6.8781,0.009362,1211800.0,6.2524,0.006368
20261007,4175,杏一,,7000.0,17000.0,,10000.0,11000.0,13000.0,4000.0,9000.0,10000.0,6000.0,3000.0,5000.0,3000.0,6000.0,5000.0,21000.0,10000.0,7000.0,2000.0,10000.0,15000.0,9000.0,13000.0,16000.0,7000.0,11000.0,10000.0,5000.0,6000.0,12000.0,,,11333.33,,,10125.0,,,8000.0,,,8277.78,,,8964.29,,
20261007,4183,福永生技,,,1000.0,3000.0,7000.0,3000.0,7000.0,14000.0,16000.0,20000.0,61000.0,8000.0,2000.0,2000.0,1000.0,3000.0,3000.0,,,,,2000.0,,1000.0,1000.0,,2000.0,19000.0,1000.0,2000.0,1000.0,,,3666.67,,,8875.0,,,11153.85,,,10066.67,,,8136.36,,
20261007,4188,安克,75000.0,62000.0,64000.0,152000.0,249000.0,137000.0,123000.0,460000.0,612000.0,143000.0,85000.0,97000.0,167000.0,69000.0,100000.0,129000.0,326000.0,774000.0,362000.0,271000.0,320000.0,252000.0,141000.0,263000.0,318000.0,660000.0,2162000.0,328000.0,317000.0,605000.0,67000.0,37.3134,0.001692,120400.0,12.4585,0.001007,207700.0,3.611,0.000561,173000.0,2.8902,0.000391,222850.0,1.6827,0.000309,327433.33,0.7635,0.00021
20261007,4192,杏國,42000.0,52000.0,55000.0,,,4000.0,5000.0,,1000.0,11000.0,6000.0,7000.0,28000.0,5000.0,,11000.0,5000.0,27000.0,5000.0,,11000.0,7000.0,48000.0,1000.0,4000.0,3000.0,16000.0,,28000.0,12000.0,49666.67,28.1879,0.000948,49666.67,28.1879,0.000564,24285.71,24.7059,0.000314,19636.36,19.4444,0.000219,17600.0,15.9091,0.000173,16416.67,10.6599,0.000118
20261007,4198,欣大健康,1000.0,5000.0,2000.0,1000.0,1000.0,2000.0,21000.0,8000.0,20000.0,27000.0,6000.0,1000.0,9000.0,11000.0,3000.0,4000.0,1000.0,2000.0,18000.0,3000.0,3000.0,9000.0,24000.0,44000.0,3000.0,8000.0,38000.0,4000.0,4000.0,8000.0,2666.67,12.5,2.3e-05,2000.0,10.0,1.3e-05,8800.0,1.1364,7e-06,7866.67,0.8475,5e-06,7300.0,0.6849,4e-06,9700.0,0.3436,3e-06
20261007,4205,中華食,32000.0,38000.0,87000.0,20000.0,2000.0,24000.0,10000.0,13000.0,26000.0,34000.0,12000.0,20000.0,13000.0,9000.0,10000.0,29000.0,27000.0,52000.0,11000.0,13000.0,12000.0,7000.0,5000.0,16000.0,13000.0,14000.0,7000.0,21000.0,10000.0,52000.0,52333.33,20.3822,0.000722,35800.0,17.8771,0.00043,28600.0,11.1888,0.00024,23333.33,9.1429,0.000167,24100.0,6.639,0.000132,21300.0,5.0078,9e-05
20261007,4207,環泰,74000.0,278000.0,147000.0,52000.0,98000.0,35000.0,168000.0,109000.0,60000.0,41000.0,35000.0,133000.0,51000.0,57000.0,102000.0,118000.0,183000.0,41000.0,56000.0,228000.0,49000.0,55000.0,21000.0,53000.0,65000.0,41000.0,89000.0,70000.0,66000.0,49000.0,166333.33,14.8297,0.00167,129800.0,11.4022,0.000994,106200.0,6.968,0.000554,96000.0,5.1389,0.000386,103300.0,3.5818,0.000305,87466.67,2.8201,0.000207
20261007,4303,信立,407000.0,944000.0,1097000.0,428000.0,829000.0,632000.0,768000.0,1097000.0,402000.0,548000.0,446000.0,772000.0,439000.0,306000.0,414000.0,383000.0,920000.0,1828000.0,968000.0,1102000.0,938000.0,824000.0,1115000.0,1186000.0,1239000.0,1529000.0,6423000.0,2992000.0,3933000.0,2923000.0,816000.0,16.6258,0.009183,741000.0,10.9852,0.005467,715200.0,5.6907,0.003046,635266.67,4.2712,0.002121,736500.0,2.7631,0.001676,1261066.67,1.0758,0.00114
20261007,4304,勝昱,37000.0,31000.0,52000.0,29000.0,15000.0,45000.0,38000.0,81000.0,406000.0,166000.0,171000.0,122000.0,72000.0,107000.0,154000.0,6000.0,117000.0,109000.0,86000.0,91000.0,165000.0,28000.0,16000.0,89000.0,187000.0,98000.0,78000.0,51000.0,70000.0,327000.0,40000.0,30.8333,0.000835,32800.0,22.561,0.000497,90000.0,4.1111,0.000277,101733.33,2.4246,0.000193,96750.0,1.9121,0.000152,101466.67,1.2155,0.000104
20261007,4305,世坤,3000.0,2000.0,,,4000.0,,3000.0,14000.0,,,2000.0,,2000.0,,8000.0,11000.0,,23000.0,2000.0,5000.0,1000.0,1000.0,,,,1000.0,,,3000.0,,2500.0,60.0,6.8e-05,3000.0,33.3333,4e-05,5200.0,11.5385,2.2e-05,4750.0,7.8947,1.6e-05,6583.33,3.7975,1.2e-05,5312.5,3.5294,8e-06
20261007,4401,東隆興,11000.0,60000.0,32000.0,12000.0,22000.0,25000.0,22000.0,93000.0,43000.0,28000.0,25000.0,112000.0,43000.0,50000.0,68000.0,16000.0,132000.0,20000.0,41000.0,18000.0,39000.0,78000.0,33000.0,17000.0,57000.0,31000.0,20000.0,26000.0,80000.0,32000.0,34333.33,10.6796,0.000248,27400.0,8.0292,0.000148,34800.0,3.1609,8.2e-05,43066.67,1.7028,5.7e-05,43650.0,1.26,4.5e-05,42866.67,0.8554,3.1e-05
20261007,4402,郡都開發,2000.0,61000.0,25000.0,15000.0,1000.0,26000.0,12000.0,16000.0,22000.0,27000.0,44000.0,61000.0,1000.0,9000.0,7000.0,3000.0,4000.0,43000.0,52000.0,2000.0,27000.0,14000.0,29000.0,29000.0,6000.0,2000.0,20000.0,7000.0,9000.0,7000.0,29333.33,2.2727,4.5e-05,20800.0,1.9231,2.7e-05,20700.0,0.9662,1.5e-05,21933.33,0.6079,1e-05,21650.0,0.4619,8e-06,19433.33,0.3431,6e-06
20261007,4406,新昕纖,686000.0,22000.0,12000.0,23000.0,11000.0,18000.0,36000.0,11000.0,15000.0,51000.0,153000.0,17000.0,31000.0,121000.0,152000.0,9000.0,132000.0,49000.0,17000.0,75000.0,1000.0,,4000.0,66000.0,46000.0,18000.0,10000.0,30000.0,37000.0,10000.0,240000.0,95.2778,0.015479,150800.0,90.9814,0.009214,88500.0,77.5141,0.005135,90600.0,50.4783,0.003574,82050.0,41.8038,0.002826,64241.38,36.8223,0.001922
20261007,4413,飛寶企業,28000.0,,8000.0,27000.0,6000.0,91000.0,65000.0,48000.0,99000.0,158000.0,32000.0,,17000.0,1000.0,4000.0,,80000.0,7000.0,58000.0,2000.0,4000.0,15000.0,28000.0,48000.0,69000.0,44000.0,67000.0,189000.0,51000.0,39000.0,18000.0,77.7778,0.000632,17250.0,40.5797,0.000376,58888.89,5.283,0.00021,44923.08,4.7945,0.000146,43000.0,3.8304,0.000115,47592.59,2.179,7.8e-05
20261007,4416,三圓,313000.0,380000.0,479000.0,729000.0,869000.0,894000.0,939000.0,1316000.0,2095000.0,5216000.0,2293000.0,4528000.0,1517000.0,1133000.0,2123000.0,1596000.0,771000.0,988000.0,493000.0,625000.0,666000.0,506000.0,604000.0,575000.0,1131000.0,2411000.0,1075000.0,1739000.0,2847000.0,1434000.0,390666.67,26.7065,0.007062,554000.0,11.2996,0.004204,1323000.0,2.3658,0.002343,1654933.33,1.2609,0.001631,1464850.0,1.0684,0.001289,1409500.0,0.7402,0.000877
20261007,4417,金洲,147000.0,43000.0,81000.0,37000.0,33000.0,51000.0,43000.0,24000.0,52000.0,52000.0,31000.0,147000.0,37000.0,61000.0,72000.0,102000.0,792000.0,47000.0,103000.0,14000.0,53000.0,37000.0,47000.0,39000.0,64000.0,36000.0,24000.0,18000.0,20000.0,40000.0,90333.33,54.2435,0.003317,68200.0,43.1085,0.001974,56300.0,26.1101,0.0011,60733.33,16.1361,0.000766,98450.0,7.4657,0.000605,78233.33,6.2633,0.000412
20261007,4419,皇家美食,1000.0,1000.0,1000.0,1000.0,,477000.0,77000.0,11000.0,38000.0,26000.0,3000.0,33000.0,4000.0,1000.0,15000.0,12000.0,,,47000.0,14000.0,3000.0,1000.0,9000.0,7000.0,3000.0,41000.0,10000.0,24000.0,3000.0,7000.0,1000.0,33.3333,2.3e-05,1000.0,25.0,1.3e-05,70333.33,0.158,7e-06,49214.29,0.1451,5e-06,44823.53,0.1312,4e-06,32222.22,0.1149,3e-06
20261007,4420,光明,16000.0,42000.0,46000.0,28000.0,18000.0,34000.0,8000.0,27000.0,18000.0,63000.0,58000.0,35000.0,128000.0,186000.0,54000.0,65000.0,25000.0,48000.0,41000.0,53000.0,44000.0,25000.0,40000.0,55000.0,81000.0,9000.0,13000.0,7000.0,12000.0,14000.0,34666.67,15.3846,0.000361,30000.0,10.6667,0.000215,30000.0,5.3333,0.00012,50733.33,2.1025,8.3e-05,49650.0,1.6113,6.6e-05,43100.0,1.2374,4.5e-05
20261007,4430,耀億,31000.0,41000.0,37000.0,29000.0,28000.0,27000.0,31000.0,17000.0,38000.0,9000.0,10000.0,14000.0,14000.0,13000.0,16000.0,6000.0,56000.0,17000.0,13000.0,15000.0,19000.0,37000.0,19000.0,38000.0,21000.0,1000.0,31000.0,47000.0,42000.0,45000.0,36333.33,28.4404,0.000699,33200.0,18.6747,0.000416,28800.0,10.7639,0.000232,23666.67,8.7324,0.000162,23100.0,6.71,0.000128,25400.0,4.0682,8.7e-05
20261007,4432,銘旺實,55000.0,33000.0,14000.0,21000.0,5000.0,30000.0,31000.0,20000.0,54000.0,30000.0,47000.0,7000.0,17000.0,22000.0,20000.0,10000.0,26000.0,27000.0,23000.0,21000.0,18000.0,12000.0,5000.0,27000.0,11000.0,11000.0,17000.0,37000.0,10000.0,18000.0,34000.0,53.9216,0.001241,25600.0,42.9688,0.000739,29300.0,18.7713,0.000412,27066.67,13.5468,0.000287,25650.0,10.7212,0.000227,22633.33,8.1001,0.000154
20261007,4433,興采,7000.0,67000.0,73000.0,21000.0,32000.0,131000.0,15000.0,24000.0,57000.0,169000.0,62000.0,63000.0,106000.0,31000.0,117000.0,83000.0,50000.0,36000.0,72000.0,21000.0,71000.0,11000.0,14000.0,27000.0,35000.0,30000.0,10000.0,19000.0,77000.0,21000.0,49000.0,4.7619,0.000158,40000.0,3.5,9.4e-05,59600.0,1.1745,5.2e-05,65000.0,0.7179,3.6e-05,61850.0,0.5659,2.9e-05,51733.33,0.451,2e-05
20261007,4442,竣邦-KY,22000.0,13000.0,12000.0,8000.0,19000.0,26000.0,13000.0,10000.0,13000.0,37000.0,20000.0,28000.0,67000.0,52000.0,89000.0,72000.0,811000.0,301000.0,68000.0,32000.0,126000.0,18000.0,18000.0,6000.0,24000.0,23000.0,40000.0,75000.0,23000.0,43000.0,15666.67,46.8085,0.000496,14800.0,29.7297,0.000296,17300.0,12.7168,0.000165,28600.0,5.1282,0.000115,85650.0,1.2843,9.1e-05,70300.0,1.0431,6.2e-05
20261007,4502,健信,9000.0,22000.0,44000.0,4000.0,11000.0,47000.0,5000.0,9000.0,9000.0,5000.0,,14000.0,20000.0,28000.0,20000.0,87000.0,101000.0,9000.0,27000.0,10000.0,17000.0,13000.0,24000.0,29000.0,28000.0,19000.0,29000.0,45000.0,15000.0,2000.0,25000.0,12.0,0.000203,18000.0,10.0,0.000121,16500.0,5.4545,6.7e-05,17642.86,3.6437,4.7e-05,25315.79,1.8711,3.7e-05,24206.9,1.2821,2.5e-05
20261007,4503,金雨,133000.0,108000.0,176000.0,58000.0,81000.0,174000.0,114000.0,147000.0,278000.0,113000.0,68000.0,189000.0,46000.0,57000.0,95000.0,84000.0,120000.0,106000.0,251000.0,162000.0,90000.0,200000.0,323000.0,123000.0,126000.0,180000.0,515000.0,344000.0,132000.0,146000.0,139000.0,31.8945,0.003001,111200.0,23.9209,0.001786,138200.0,9.6237,0.000996,122466.67,7.2401,0.000693,128000.0,5.1953,0.000548,157966.67,2.8065,0.000373
20261007,4506,崇友,86000.0,61000.0,89000.0,71000.0,27000.0,22000.0,40000.0,68000.0,35000.0,62000.0,17000.0,48000.0,94000.0,54000.0,43000.0,79000.0,62000.0,28000.0,38000.0,32000.0,108000.0,54000.0,45000.0,55000.0,52000.0,21000.0,85000.0,25000.0,48000.0,48000.0,78666.67,36.4407,0.00194,66800.0,25.7485,0.001155,56100.0,15.3298,0.000644,54466.67,10.5263,0.000448,52800.0,8.1439,0.000354,53233.33,5.3851,0.000241
20261007,4510,高鋒,360000.0,466000.0,738000.0,612000.0,407000.0,569000.0,294000.0,382000.0,271000.0,442000.0,609000.0,604000.0,1067000.0,220000.0,434000.0,674000.0,892000.0,626000.0,571000.0,1499000.0,2145000.0,6468000.0,9457000.0,1775000.0,732000.0,1069000.0,1558000.0,3689000.0,1947000.0,423000.0,521333.33,23.0179,0.008123,516600.0,13.9373,0.004835,454100.0,7.9278,0.002695,498333.33,4.8161,0.001876,586850.0,3.0672,0.001483,1366666.67,0.878,0.001009
20261007,4513,福裕,181000.0,184000.0,137000.0,110000.0,200000.0,137000.0,183000.0,105000.0,174000.0,454000.0,361000.0,436000.0,126000.0,68000.0,119000.0,199000.0,124000.0,126000.0,123000.0,199000.0,314000.0,172000.0,223000.0,159000.0,225000.0,243000.0,379000.0,193000.0,220000.0,130000.0,167333.33,36.0558,0.004084,162400.0,22.2906,0.002431,186500.0,9.7051,0.001355,198333.33,6.084,0.000943,187300.0,4.8318,0.000746,200133.33,3.0147,0.000507
20261007,4523,永彰,53000.0,49000.0,24000.0,56000.0,40000.0,46000.0,32000.0,14000.0,43000.0,73000.0,83000.0,127000.0,80000.0,65000.0,37000.0,46000.0,99000.0,111000.0,24000.0,28000.0,32000.0,82000.0,44000.0,13000.0,48000.0,52000.0,40000.0,52000.0,93000.0,25000.0,42000.0,42.0635,0.001196,44400.0,23.8739,0.000712,43000.0,12.3256,0.000397,54800.0,6.4477,0.000276,56500.0,4.6903,0.000218,53700.0,3.2899,0.000148
20261007,4527,方土霖,20000.0,,,,,,16000.0,7000.0,12000.0,20000.0,8000.0,13000.0,20000.0,11000.0,20000.0,25000.0,29000.0,26000.0,35000.0,9000.0,2000.0,19000.0,35000.0,35000.0,70000.0,7000.0,6000.0,21000.0,33000.0,11000.0,20000.0,100.0,0.000451,20000.0,100.0,0.000269,15000.0,26.6667,0.00015,14700.0,13.6054,0.000104,18066.67,7.3801,8.2e-05,20400.0,3.9216,5.6e-05
20261007,4528,江興鍛,13000.0,29000.0,19000.0,16000.0,21000.0,4000.0,15000.0,12000.0,3000.0,17000.0,12000.0,42000.0,77000.0,25000.0,19000.0,21000.0,7000.0,8000.0,12000.0,7000.0,17000.0,8000.0,16000.0,9000.0,7000.0,6000.0,15000.0,14000.0,19000.0,19000.0,20333.33,21.3115,0.000293,19600.0,13.2653,0.000175,14900.0,8.7248,9.7e-05,21600.0,4.0123,6.8e-05,18950.0,3.4301,5.4e-05,16966.67,2.554,3.6e-05
20261007,4529,淳紳,4000.0,29000.0,21000.0,4000.0,3000.0,17000.0,5000.0,8000.0,48000.0,61000.0,16000.0,20000.0,20000.0,15000.0,25000.0,26000.0,13000.0,2000.0,35000.0,25000.0,15000.0,52000.0,66000.0,40000.0,60000.0,200000.0,64000.0,61000.0,19000.0,23000.0,18000.0,7.4074,9e-05,12200.0,6.5574,5.4e-05,20000.0,2.0,3e-05,19733.33,1.3514,2.1e-05,19850.0,1.0076,1.6e-05,33233.33,0.4012,1.1e-05
20261007,4530,天意能創,7000.0,10000.0,10000.0,14000.0,3000.0,10000.0,9000.0,1000.0,1000.0,,38000.0,101000.0,96000.0,2000.0,1000.0,1000.0,13000.0,128000.0,14000.0,99000.0,12000.0,7000.0,18000.0,1000.0,9000.0,1000.0,48000.0,95000.0,52000.0,14000.0,9000.0,25.9259,0.000158,8800.0,15.9091,9.4e-05,7222.22,10.7692,5.2e-05,21642.86,2.3102,3.6e-05,29368.42,1.2545,2.9e-05,28103.45,0.8589,2e-05
20261007,4533,協易機,299000.0,488000.0,670000.0,962000.0,337000.0,536000.0,438000.0,590000.0,1094000.0,724000.0,447000.0,525000.0,358000.0,238000.0,408000.0,307000.0,420000.0,415000.0,443000.0,425000.0,443000.0,370000.0,787000.0,537000.0,971000.0,425000.0,667000.0,467000.0,464000.0,477000.0,485666.67,20.5216,0.006747,551200.0,10.8491,0.004016,613800.0,4.8713,0.002238,540933.33,3.685,0.001558,506200.0,2.9534,0.001232,524400.0,1.9006,0.000838
20261007,4534,慶騰,493000.0,555000.0,704000.0,877000.0,459000.0,632000.0,788000.0,480000.0,829000.0,1978000.0,2557000.0,687000.0,338000.0,247000.0,253000.0,232000.0,870000.0,599000.0,338000.0,567000.0,1123000.0,593000.0,697000.0,418000.0,393000.0,476000.0,393000.0,693000.0,680000.0,487000.0,584000.0,28.1393,0.011124,617600.0,15.965,0.006622,779500.0,6.3246,0.00369,791800.0,4.1509,0.002569,724150.0,3.404,0.002031,681200.0,2.4124,0.001381
20261007,4535,至興,1000.0,3000.0,10000.0,43000.0,9000.0,23000.0,14000.0,12000.0,107000.0,10000.0,28000.0,1000.0,5000.0,1000.0,20000.0,14000.0,23000.0,8000.0,5000.0,2000.0,8000.0,8000.0,6000.0,,17000.0,18000.0,6000.0,4000.0,6000.0,13000.0,4666.67,7.1429,2.3e-05,13200.0,1.5152,1.3e-05,23200.0,0.431,7e-06,19133.33,0.3484,5e-06,16950.0,0.295,4e-06,14655.17,0.2353,3e-06
20261007,4538,大詠城,15000.0,18000.0,12000.0,10000.0,11000.0,10000.0,10000.0,13000.0,10000.0,12000.0,14000.0,24000.0,13000.0,21000.0,15000.0,13000.0,9000.0,113000.0,11000.0,10000.0,14000.0,11000.0,13000.0,15000.0,16000.0,10000.0,14000.0,15000.0,12000.0,8000.0,15000.0,33.3333,0.000338,13200.0,22.7273,0.000201,12100.0,12.3967,0.000112,13866.67,7.2115,7.8e-05,18200.0,4.1209,6.2e-05,16400.0,3.0488,4.2e-05
20261007,4541,晟田,469000.0,446000.0,694000.0,839000.0,1330000.0,2165000.0,513000.0,356000.0,952000.0,855000.0,1178000.0,1840000.0,557000.0,546000.0,552000.0,619000.0,1422000.0,1274000.0,1309000.0,828000.0,842000.0,1798000.0,1350000.0,1391000.0,1087000.0,1953000.0,3876000.0,5470000.0,2130000.0,1652000.0,536333.33,29.1485,0.010582,755600.0,12.414,0.0063,861900.0,5.4415,0.00351,886133.33,3.5284,0.002444,937200.0,2.5021,0.001932,1343100.0,1.164,0.001314
20261007,4542,科嶠,683000.0,1278000.0,773000.0,334000.0,400000.0,449000.0,519000.0,2544000.0,2838000.0,3020000.0,1046000.0,1025000.0,745000.0,148000.0,305000.0,234000.0,357000.0,281000.0,317000.0,419000.0,465000.0,469000.0,799000.0,1293000.0,2032000.0,1663000.0,728000.0,481000.0,979000.0,377000.0,911333.33,24.9817,0.015411,693600.0,19.6943,0.009174,1283800.0,5.3201,0.005112,1073800.0,4.2404,0.003559,885750.0,3.8555,0.002813,900033.33,2.5295,0.001913
20261007,4543,萬在,441000.0,71000.0,98000.0,65000.0,165000.0,91000.0,165000.0,31000.0,30000.0,75000.0,81000.0,59000.0,63000.0,65000.0,64000.0,50000.0,66000.0,86000.0,74000.0,147000.0,100000.0,101000.0,55000.0,42000.0,79000.0,70000.0,130000.0,81000.0,100000.0,78000.0,203333.33,72.2951,0.009951,168000.0,52.5,0.005923,123200.0,35.7955,0.003301,104266.67,28.1969,0.002298,99350.0,22.1943,0.001816,94100.0,15.6217,0.001235
20261007,4549,桓達,30000.0,49000.0,61000.0,30000.0,53000.0,67000.0,28000.0,45000.0,36000.0,23000.0,30000.0,23000.0,21000.0,61000.0,44000.0,40000.0,24000.0,87000.0,97000.0,59000.0,79000.0,50000.0,31000.0,20000.0,159000.0,106000.0,182000.0,63000.0,36000.0,61000.0,46666.67,21.4286,0.000677,44600.0,13.4529,0.000403,42200.0,7.109,0.000225,40066.67,4.9917,0.000156,45400.0,3.304,0.000124,56500.0,1.7699,8.4e-05
20261007,4550,長佳,6000.0,18000.0,2000.0,7000.0,4000.0,50000.0,5000.0,2000.0,11000.0,21000.0,14000.0,4000.0,16000.0,1000.0,6000.0,17000.0,16000.0,17000.0,3000.0,12000.0,21000.0,,66000.0,19000.0,8000.0,19000.0,66000.0,10000.0,18000.0,14000.0,8666.67,23.0769,0.000135,7400.0,16.2162,8.1e-05,12600.0,4.7619,4.5e-05,11133.33,3.5928,3.1e-05,11600.0,2.5862,2.5e-05,16310.34,1.2685,1.7e-05
20261007,4554,橙的,11000.0,11000.0,61000.0,16000.0,17000.0,46000.0,21000.0,6000.0,32000.0,15000.0,10000.0,6000.0,6000.0,6000.0,10000.0,8000.0,37000.0,17000.0,21000.0,23000.0,14000.0,20000.0,21000.0,21000.0,33000.0,43000.0,72000.0,65000.0,69000.0,204000.0,27666.67,13.253,0.000248,23200.0,9.4828,0.000148,23600.0,4.661,8.2e-05,18266.67,4.0146,5.7e-05,19000.0,2.8947,4.5e-05,31400.0,1.1677,3.1e-05
20261007,4556,旭然,952000.0,3768000.0,2998000.0,5276000.0,2981000.0,1040000.0,565000.0,1497000.0,1391000.0,914000.0,1348000.0,588000.0,629000.0,994000.0,1476000.0,2388000.0,2985000.0,1067000.0,967000.0,565000.0,375000.0,215000.0,212000.0,129000.0,200000.0,182000.0,237000.0,246000.0,326000.0,119000.0,2572666.67,12.3348,0.021481,3195000.0,5.9593,0.012787,2138200.0,4.4523,0.007126,1761133.33,3.6037,0.00496,1719450.0,2.7683,0.003921,1221000.0,2.599,0.002667
20261007,4558,寶緯,17000.0,28000.0,12000.0,27000.0,56000.0,25000.0,28000.0,23000.0,3000.0,33000.0,41000.0,4000.0,43000.0,16000.0,6000.0,18000.0,8000.0,34000.0,48000.0,37000.0,24000.0,5000.0,25000.0,11000.0,42000.0,135000.0,439000.0,24000.0,51000.0,122000.0,19000.0,29.8246,0.000384,28000.0,12.1429,0.000228,25200.0,6.746,0.000127,24133.33,4.6961,8.9e-05,25350.0,3.3531,7e-05,46166.67,1.2274,4.8e-05
20261007,4561,健椿,163000.0,196000.0,183000.0,145000.0,70000.0,266000.0,66000.0,72000.0,111000.0,182000.0,63000.0,81000.0,70000.0,52000.0,53000.0,97000.0,139000.0,112000.0,114000.0,143000.0,182000.0,197000.0,199000.0,171000.0,160000.0,135000.0,218000.0,235000.0,175000.0,250000.0,180666.67,30.0738,0.003678,151400.0,21.5324,0.002189,145400.0,11.2105,0.00122,118200.0,9.1935,0.000849,118900.0,6.8545,0.000671,143333.33,3.7907,0.000457
20261007,4563,百德,182000.0,299000.0,193000.0,350000.0,509000.0,337000.0,231000.0,282000.0,304000.0,954000.0,133000.0,181000.0,262000.0,134000.0,41000.0,132000.0,133000.0,72000.0,83000.0,113000.0,173000.0,196000.0,254000.0,968000.0,238000.0,41000.0,58000.0,59000.0,163000.0,33000.0,224666.67,27.003,0.004107,306600.0,11.8721,0.002445,364100.0,4.9986,0.001362,292800.0,4.1439,0.000948,246250.0,3.6954,0.00075,236933.33,2.5605,0.00051
20261007,4568,科際精密,8000.0,4000.0,14000.0,3000.0,14000.0,17000.0,4000.0,3000.0,1000.0,9000.0,9000.0,1000.0,8000.0,1000.0,2000.0,4000.0,,5000.0,,7000.0,4000.0,3000.0,5000.0,4000.0,8000.0,,2000.0,7000.0,,14000.0,8666.67,30.7692,0.000181,8600.0,18.6047,0.000107,7700.0,10.3896,6e-05,6533.33,8.1633,4.2e-05,6333.33,7.0175,3.3e-05,6192.31,4.9689,2.2e-05
20261007,4577,達航科技,260000.0,334000.0,417000.0,547000.0,1175000.0,1075000.0,167000.0,124000.0,135000.0,207000.0,297000.0,258000.0,344000.0,186000.0,311000.0,252000.0,399000.0,337000.0,709000.0,1838000.0,526000.0,2132000.0,705000.0,912000.0,593000.0,3040000.0,1115000.0,287000.0,622000.0,187000.0,337000.0,25.7171,0.005867,546600.0,9.5134,0.003492,444100.0,5.8545,0.001946,389133.33,4.4543,0.001355,468600.0,2.7742,0.001071,649700.0,1.3339,0.000728
20261007,4580,捷流閥業,30000.0,32000.0,58000.0,43000.0,158000.0,95000.0,32000.0,125000.0,39000.0,40000.0,29000.0,33000.0,42000.0,69000.0,42000.0,52000.0,61000.0,81000.0,53000.0,92000.0,92000.0,80000.0,113000.0,865000.0,585000.0,66000.0,39000.0,41000.0,42000.0,37000.0,40000.0,25.0,0.000677,64200.0,9.3458,0.000403,65200.0,4.6012,0.000225,57800.0,3.4602,0.000156,60300.0,2.4876,0.000124,105533.33,0.9476,8.4e-05
20261007,4584,君帆,3000.0,7000.0,,6000.0,6000.0,11000.0,,5000.0,,,3000.0,,2000.0,2000.0,10000.0,3000.0,4000.0,8000.0,5000.0,8000.0,2000.0,1000.0,6000.0,,6000.0,,1000.0,3000.0,,1000.0,5000.0,30.0,6.8e-05,5500.0,13.6364,4e-05,6333.33,7.8947,2.2e-05,5500.0,5.4545,1.6e-05,5533.33,3.6145,1.2e-05,4681.82,2.9126,8e-06
20261007,4609,唐鋒,2000.0,1000.0,7000.0,2000.0,2000.0,6000.0,,,11000.0,1000.0,5000.0,7000.0,10000.0,5000.0,1000.0,1000.0,2000.0,15000.0,23000.0,44000.0,6000.0,3000.0,2000.0,37000.0,7000.0,6000.0,10000.0,22000.0,155000.0,,3333.33,20.0,4.5e-05,2800.0,14.2857,2.7e-05,4000.0,6.25,1.5e-05,4615.38,3.3333,1e-05,8055.56,1.3793,8e-06,14555.56,0.5089,6e-06
20261007,4702,中美實,56000.0,43000.0,55000.0,52000.0,68000.0,63000.0,12000.0,52000.0,62000.0,47000.0,70000.0,59000.0,38000.0,27000.0,13000.0,34000.0,115000.0,32000.0,55000.0,135000.0,70000.0,224000.0,190000.0,23000.0,87000.0,32000.0,33000.0,46000.0,50000.0,109000.0,51333.33,36.3636,0.001264,54800.0,20.438,0.000752,51000.0,10.9804,0.000419,47800.0,7.8103,0.000292,54400.0,5.1471,0.000231,65066.67,2.8689,0.000157
20261007,4706,大恭,510000.0,185000.0,22000.0,9000.0,21000.0,2000.0,1000.0,4000.0,3000.0,5000.0,11000.0,5000.0,9000.0,28000.0,20000.0,35000.0,19000.0,15000.0,80000.0,306000.0,116000.0,308000.0,1000.0,1000.0,1000.0,22000.0,2000.0,1000.0,1000.0,26000.0,239000.0,71.1297,0.011508,149400.0,68.2731,0.00685,76200.0,66.9291,0.003817,55666.67,61.0778,0.002657,64500.0,39.5349,0.002101,58966.67,28.8298,0.001429
20261007,4707,磐亞,11954000.0,12464000.0,3926000.0,3027000.0,1829000.0,1476000.0,1435000.0,3453000.0,1934000.0,2359000.0,3899000.0,1483000.0,1568000.0,1596000.0,993000.0,1552000.0,2050000.0,2621000.0,5861000.0,1800000.0,4113000.0,2901000.0,2296000.0,2035000.0,3647000.0,3593000.0,2398000.0,4382000.0,4688000.0,13175000.0,9448000.0,42.1747,0.269727,6640000.0,36.006,0.160565,4385700.0,27.2568,0.089476,3559733.33,22.3874,0.062287,3364000.0,17.7675,0.049237,3683600.0,10.8173,0.033489
20261007,4711,永純,1526000.0,1773000.0,261000.0,85000.0,113000.0,18000.0,47000.0,21000.0,21000.0,31000.0,7000.0,26000.0,10000.0,44000.0,11000.0,44000.0,37000.0,20000.0,25000.0,86000.0,66000.0,92000.0,60000.0,50000.0,33000.0,28000.0,24000.0,36000.0,19000.0,12000.0,1186666.67,42.8652,0.034432,751600.0,40.6067,0.020497,389600.0,39.1684,0.011422,266266.67,38.2073,0.007951,210300.0,36.2815,0.006285,154200.0,32.9875,0.004275
20261007,4714,永捷,825000.0,604000.0,2000000.0,1969000.0,711000.0,622000.0,748000.0,745000.0,1981000.0,5293000.0,4803000.0,4008000.0,2250000.0,1400000.0,1992000.0,2079000.0,3108000.0,2151000.0,1660000.0,649000.0,252000.0,457000.0,514000.0,272000.0,1062000.0,1360000.0,3531000.0,6602000.0,2386000.0,824000.0,1143000.0,24.0595,0.018615,1221800.0,13.5047,0.011081,1549800.0,5.3233,0.006175,1996733.33,2.7545,0.004299,1979900.0,2.0834,0.003398,1895266.67,1.451,0.002311
20261007,4716,大立,11058000.0,1857000.0,5565000.0,3784000.0,876000.0,677000.0,435000.0,526000.0,766000.0,415000.0,498000.0,464000.0,321000.0,192000.0,276000.0,509000.0,659000.0,272000.0,313000.0,463000.0,826000.0,1066000.0,1114000.0,928000.0,4958000.0,8280000.0,5116000.0,952000.0,334000.0,479000.0,6160000.0,59.8377,0.24951,4628000.0,47.7874,0.14853,2595900.0,42.5979,0.082769,1847333.33,39.9062,0.057618,1496300.0,36.9511,0.045546,1799300.0,20.4857,0.030979
20261007,4721,美琪瑪,737000.0,599000.0,552000.0,375000.0,599000.0,1257000.0,897000.0,661000.0,263000.0,255000.0,464000.0,292000.0,185000.0,257000.0,219000.0,133000.0,274000.0,433000.0,286000.0,219000.0,296000.0,450000.0,410000.0,251000.0,314000.0,271000.0,334000.0,492000.0,623000.0,290000.0,629333.33,39.036,0.016629,572400.0,25.7512,0.009899,619500.0,11.8967,0.005516,507466.67,9.6821,0.00384,447850.0,8.2282,0.003036,422933.33,5.8086,0.002065
20261007,4726,永昕,62000.0,122000.0,109000.0,144000.0,170000.0,61000.0,87000.0,123000.0,109000.0,171000.0,54000.0,148000.0,94000.0,90000.0,82000.0,183000.0,242000.0,217000.0,124000.0,199000.0,138000.0,80000.0,73000.0,25000.0,108000.0,80000.0,109000.0,128000.0,79000.0,71000.0,97666.67,21.1604,0.001399,121400.0,10.2142,0.000833,115800.0,5.3541,0.000464,108400.0,3.813,0.000323,129550.0,2.3929,0.000255,116066.67,1.7806,0.000174
20261007,4728,雙美,4000.0,12000.0,20000.0,3000.0,14000.0,1000.0,5000.0,43000.0,1000.0,2000.0,60000.0,24000.0,15000.0,11000.0,6000.0,1000.0,,4000.0,,5000.0,4000.0,3000.0,,,2000.0,3000.0,,1000.0,1000.0,35000.0,12000.0,11.1111,9e-05,10600.0,7.5472,5.4e-05,10500.0,3.8095,3e-05,14733.33,1.81,2.1e-05,12833.33,1.7316,1.6e-05,11200.0,1.4286,1.1e-05
20261007,4729,熒茂,80000.0,144000.0,470000.0,371000.0,899000.0,1063000.0,71000.0,34000.0,63000.0,64000.0,98000.0,73000.0,70000.0,15000.0,31000.0,51000.0,38000.0,63000.0,103000.0,66000.0,57000.0,36000.0,58000.0,43000.0,51000.0,72000.0,179000.0,90000.0,68000.0,148000.0,231333.33,11.5274,0.001805,392800.0,4.0733,0.001075,325900.0,2.4547,0.000599,236400.0,2.2561,0.000417,193350.0,2.0688,0.00033,155633.33,1.7134,0.000224
20261007,4735,豪展,117000.0,301000.0,42000.0,16000.0,29000.0,13000.0,63000.0,17000.0,21000.0,31000.0,21000.0,37000.0,42000.0,8000.0,14000.0,21000.0,29000.0,42000.0,45000.0,25000.0,56000.0,67000.0,45000.0,35000.0,69000.0,120000.0,91000.0,66000.0,31000.0,269000.0,153333.33,25.4348,0.00264,101000.0,23.1683,0.001572,65000.0,18.0,0.000876,51466.67,15.1554,0.00061,46700.0,12.5268,0.000482,59433.33,6.562,0.000328
20261007,4741,泓瀚,61000.0,103000.0,143000.0,178000.0,39000.0,171000.0,183000.0,37000.0,42000.0,66000.0,35000.0,44000.0,43000.0,64000.0,65000.0,93000.0,111000.0,208000.0,50000.0,54000.0,177000.0,71000.0,137000.0,74000.0,125000.0,118000.0,140000.0,64000.0,94000.0,48000.0,102333.33,19.8697,0.001376,104800.0,11.6412,0.000819,102300.0,5.9629,0.000457,84933.33,4.7881,0.000318,89500.0,3.4078,0.000251,94600.0,2.1494,0.000171
20261007,4743,合一,1778000.0,2837000.0,3164000.0,1024000.0,1277000.0,1975000.0,1042000.0,612000.0,1039000.0,692000.0,753000.0,1340000.0,738000.0,532000.0,720000.0,817000.0,1609000.0,603000.0,1306000.0,1620000.0,934000.0,1064000.0,1800000.0,543000.0,484000.0,1227000.0,713000.0,1266000.0,1102000.0,2971000.0,2593000.0,22.8564,0.040118,2016000.0,17.6389,0.023882,1544000.0,11.5155,0.013308,1301533.33,9.1072,0.009264,1273900.0,6.9786,0.007323,1252733.33,4.731,0.004981
20261007,4744,皇將,43000.0,70000.0,15000.0,49000.0,55000.0,101000.0,66000.0,50000.0,37000.0,25000.0,70000.0,86000.0,324000.0,312000.0,65000.0,49000.0,18000.0,34000.0,42000.0,69000.0,38000.0,100000.0,42000.0,48000.0,24000.0,32000.0,93000.0,85000.0,57000.0,17000.0,42666.67,33.5938,0.00097,46400.0,18.5345,0.000578,51100.0,8.4149,0.000322,91200.0,3.1433,0.000224,79000.0,2.7215,0.000177,70533.33,2.0321,0.00012
20261007,4745,合富-KY,9000.0,12000.0,28000.0,9000.0,4000.0,28000.0,98000.0,6000.0,29000.0,29000.0,19000.0,14000.0,3000.0,13000.0,17000.0,8000.0,21000.0,18000.0,4000.0,36000.0,36000.0,5000.0,3000.0,7000.0,19000.0,7000.0,18000.0,16000.0,26000.0,13000.0,16333.33,18.3673,0.000203,12400.0,14.5161,0.000121,25200.0,3.5714,6.7e-05,21200.0,2.8302,4.7e-05,20250.0,2.2222,3.7e-05,18500.0,1.6216,2.5e-05
20261007,4747,強生*,20000.0,50000.0,17000.0,63000.0,33000.0,86000.0,33000.0,36000.0,40000.0,42000.0,63000.0,18000.0,23000.0,80000.0,20000.0,32000.0,108000.0,46000.0,58000.0,54000.0,49000.0,61000.0,78000.0,275000.0,96000.0,134000.0,,,,,29000.0,22.9885,0.000451,36600.0,10.929,0.000269,42000.0,4.7619,0.00015,41600.0,3.2051,0.000104,46100.0,2.1692,8.2e-05,62115.38,1.2384,5.6e-05
20261007,4749,新應材,483000.0,585000.0,1411000.0,1676000.0,641000.0,818000.0,995000.0,398000.0,586000.0,510000.0,460000.0,741000.0,351000.0,263000.0,207000.0,376000.0,868000.0,340000.0,656000.0,703000.0,1072000.0,1261000.0,531000.0,689000.0,582000.0,756000.0,693000.0,673000.0,323000.0,264000.0,826333.33,19.4837,0.010898,959200.0,10.0709,0.006488,810300.0,5.9608,0.003615,675000.0,4.7704,0.002517,653400.0,3.6961,0.001989,663733.33,2.4257,0.001353
20261007,4754,國碳科,26000.0,5000.0,21000.0,27000.0,8000.0,44000.0,23000.0,12000.0,54000.0,29000.0,4000.0,17000.0,10000.0,7000.0,27000.0,8000.0,36000.0,12000.0,99000.0,27000.0,4000.0,12000.0,39000.0,16000.0,45000.0,64000.0,69000.0,23000.0,15000.0,19000.0,17333.33,50.0,0.000587,17400.0,29.8851,0.000349,24900.0,10.4418,0.000195,20933.33,8.2803,0.000135,24800.0,5.2419,0.000107,26733.33,3.2419,7.3e-05
20261007,4760,勤凱,2041000.0,3369000.0,424000.0,792000.0,848000.0,111000.0,231000.0,289000.0,175000.0,496000.0,232000.0,235000.0,224000.0,147000.0,353000.0,306000.0,245000.0,231000.0,496000.0,832000.0,556000.0,427000.0,468000.0,421000.0,445000.0,401000.0,522000.0,345000.0,208000.0,251000.0,1944666.67,34.9846,0.046053,1494800.0,27.308,0.027415,877600.0,23.2566,0.015277,664466.67,20.4776,0.010635,603850.0,16.8999,0.008407,537366.67,12.6605,0.005718
20261007,4767,誠泰科技,17000.0,16000.0,3000.0,44000.0,6000.0,6000.0,69000.0,7000.0,19000.0,3000.0,20000.0,3000.0,1000.0,8000.0,6000.0,16000.0,40000.0,4000.0,19000.0,23000.0,10000.0,30000.0,7000.0,24000.0,9000.0,18000.0,43000.0,6000.0,44000.0,19000.0,12000.0,47.2222,0.000384,17200.0,19.7674,0.000228,19000.0,8.9474,0.000127,15200.0,7.4561,8.9e-05,16500.0,5.1515,7e-05,18000.0,3.1481,4.8e-05
20261007,4768,晶呈科技,807000.0,931000.0,894000.0,1040000.0,1990000.0,2834000.0,1589000.0,603000.0,1010000.0,349000.0,525000.0,375000.0,361000.0,534000.0,225000.0,312000.0,241000.0,243000.0,207000.0,201000.0,233000.0,438000.0,225000.0,314000.0,239000.0,176000.0,460000.0,428000.0,304000.0,440000.0,877333.33,30.6611,0.018209,1132400.0,14.2529,0.01084,1204700.0,6.6988,0.00604,937800.0,5.7368,0.004205,763550.0,5.2845,0.003324,617600.0,4.3556,0.002261
20261007,4772,台特化,823000.0,785000.0,2620000.0,5669000.0,918000.0,2219000.0,2677000.0,356000.0,232000.0,255000.0,340000.0,545000.0,235000.0,162000.0,235000.0,449000.0,474000.0,433000.0,533000.0,288000.0,475000.0,495000.0,814000.0,648000.0,421000.0,630000.0,858000.0,909000.0,347000.0,895000.0,1409333.33,19.4655,0.01857,2163000.0,7.6098,0.011054,1655400.0,4.9716,0.00616,1204733.33,4.5543,0.004288,1012400.0,4.0646,0.00339,891333.33,3.0778,0.002306
20261007,4806,桂田文創,16000.0,213000.0,82000.0,87000.0,,,,,,43000.0,26000.0,4000.0,7000.0,1000.0,,33000.0,18000.0,2000.0,5000.0,15000.0,10000.0,20000.0,21000.0,2000.0,15000.0,1000.0,6000.0,3000.0,1000.0,11000.0,103666.67,5.1447,0.000361,99500.0,4.0201,0.000215,88200.0,3.6281,0.00012,53222.22,3.3403,8.3e-05,39428.57,2.8986,6.6e-05,26750.0,2.4922,4.5e-05
20261007,4903,聯光通,4507000.0,2272000.0,4400000.0,10462000.0,6940000.0,3403000.0,6300000.0,5340000.0,11588000.0,18405000.0,3143000.0,2301000.0,470000.0,544000.0,834000.0,2302000.0,1312000.0,535000.0,493000.0,528000.0,696000.0,1024000.0,1853000.0,2522000.0,1204000.0,406000.0,790000.0,778000.0,693000.0,615000.0,3726333.33,40.3167,0.101695,5716200.0,15.7692,0.060538,7361700.0,6.1222,0.033735,5393933.33,5.5705,0.023484,4303950.0,5.2359,0.018564,3222000.0,4.6627,0.012626
20261007,4905,台聯電,110000.0,190000.0,451000.0,239000.0,215000.0,37000.0,11000.0,15000.0,3000.0,14000.0,25000.0,14000.0,21000.0,52000.0,49000.0,32000.0,49000.0,24000.0,22000.0,12000.0,47000.0,18000.0,45000.0,24000.0,60000.0,66000.0,25000.0,39000.0,32000.0,44000.0,250333.33,14.6471,0.002482,241000.0,9.1286,0.001478,128500.0,8.5603,0.000823,96400.0,7.6072,0.000573,79250.0,6.9401,0.000453,66166.67,5.5416,0.000308
20261007,4907,富宇,41000.0,26000.0,185000.0,98000.0,17000.0,23000.0,14000.0,28000.0,37000.0,34000.0,27000.0,181000.0,11000.0,19000.0,52000.0,79000.0,76000.0,62000.0,190000.0,124000.0,194000.0,26000.0,53000.0,49000.0,61000.0,79000.0,34000.0,137000.0,70000.0,187000.0,84000.0,16.2698,0.000925,73400.0,11.1717,0.000551,50300.0,8.1511,0.000307,52866.67,5.1702,0.000214,66200.0,3.0967,0.000169,73800.0,1.8519,0.000115
20261007,4908,前鼎,13856000.0,2575000.0,9825000.0,2693000.0,1068000.0,1262000.0,1222000.0,2573000.0,3835000.0,3017000.0,4282000.0,7631000.0,10187000.0,10761000.0,7655000.0,4042000.0,6619000.0,14247000.0,2885000.0,1855000.0,1347000.0,1723000.0,2615000.0,17280000.0,1982000.0,8988000.0,11089000.0,11260000.0,10245000.0,827000.0,8752000.0,52.7727,0.312643,6003400.0,46.1605,0.186113,4192600.0,33.0487,0.103712,5496133.33,16.807,0.072197,5604500.0,12.3615,0.057071,5981533.33,7.7215,0.038817
20261007,4909,新復興,247000.0,1175000.0,270000.0,369000.0,193000.0,367000.0,703000.0,94000.0,213000.0,241000.0,372000.0,271000.0,389000.0,212000.0,266000.0,265000.0,278000.0,202000.0,251000.0,383000.0,221000.0,314000.0,470000.0,241000.0,389000.0,702000.0,2175000.0,1010000.0,280000.0,130000.0,564000.0,14.5981,0.005573,450800.0,10.9583,0.003318,387200.0,6.3791,0.001849,358800.0,4.5894,0.001287,338050.0,3.6533,0.001017,423100.0,1.946,0.000692
20261007,4911,德英,11000.0,9000.0,8000.0,17000.0,12000.0,17000.0,11000.0,2000.0,2000.0,8000.0,2000.0,13000.0,17000.0,8000.0,6000.0,7000.0,7000.0,3000.0,31000.0,21000.0,6000.0,6000.0,8000.0,26000.0,39000.0,16000.0,11000.0,16000.0,13000.0,11000.0,9333.33,39.2857,0.000248,11400.0,19.2982,0.000148,9700.0,11.3402,8.2e-05,9533.33,7.6923,5.7e-05,10600.0,5.1887,4.5e-05,12133.33,3.022,3.1e-05
20261007,4923,力士,647000.0,1215000.0,1755000.0,6519000.0,2798000.0,658000.0,939000.0,3058000.0,3464000.0,1416000.0,3154000.0,1855000.0,382000.0,378000.0,263000.0,227000.0,384000.0,622000.0,1341000.0,771000.0,294000.0,139000.0,264000.0,127000.0,273000.0,251000.0,739000.0,1036000.0,364000.0,111000.0,1205666.67,17.8878,0.014599,2586800.0,5.0023,0.00869,2246900.0,2.8795,0.004843,1900066.67,2.2701,0.003371,1592300.0,2.0317,0.002665,1181466.67,1.8254,0.001813
20261007,4924,欣厚-KY,178000.0,243000.0,270000.0,304000.0,592000.0,437000.0,674000.0,527000.0,1722000.0,559000.0,775000.0,582000.0,361000.0,1067000.0,483000.0,251000.0,290000.0,329000.0,210000.0,822000.0,238000.0,436000.0,276000.0,2000.0,19000.0,10000.0,39000.0,42000.0,16000.0,5000.0,230333.33,25.7598,0.004016,317400.0,11.2161,0.002391,550600.0,3.2328,0.001332,584933.33,2.0287,0.000927,533800.0,1.6673,0.000733,391966.67,1.5137,0.000499
20261007,4931,新盛力,5856000.0,8243000.0,3722000.0,3775000.0,2818000.0,8627000.0,6580000.0,1261000.0,1457000.0,5175000.0,4228000.0,2231000.0,2997000.0,2135000.0,1787000.0,2450000.0,2540000.0,3633000.0,6877000.0,3857000.0,2727000.0,3596000.0,4261000.0,4457000.0,5176000.0,12361000.0,13320000.0,11252000.0,10193000.0,8014000.0,5940333.33,32.8601,0.132133,4882800.0,23.9862,0.078657,4751400.0,12.3248,0.043832,4059466.67,9.617,0.030513,4012450.0,7.2973,0.02412,5186866.67,3.7634,0.016405
20261007,4933,友輝,21000.0,42000.0,101000.0,26000.0,51000.0,63000.0,15000.0,31000.0,40000.0,105000.0,101000.0,50000.0,47000.0,41000.0,26000.0,47000.0,68000.0,60000.0,186000.0,64000.0,49000.0,37000.0,53000.0,29000.0,48000.0,66000.0,70000.0,83000.0,122000.0,44000.0,54666.67,12.8049,0.000474,48200.0,8.7137,0.000282,49500.0,4.2424,0.000157,50666.67,2.7632,0.000109,59250.0,1.7722,8.6e-05,59533.33,1.1758,5.9e-05
20261007,4939,亞電,2172000.0,4120000.0,6236000.0,4982000.0,15461000.0,10725000.0,2986000.0,4150000.0,3558000.0,5723000.0,5280000.0,4398000.0,7406000.0,7128000.0,7857000.0,9622000.0,23133000.0,16846000.0,2977000.0,3832000.0,7740000.0,3655000.0,5544000.0,4022000.0,4835000.0,30560000.0,81605000.0,19807000.0,30887000.0,24498000.0,4176000.0,17.3372,0.049008,6594200.0,6.5876,0.029174,6011300.0,3.6132,0.016257,6145466.67,2.3562,0.011317,7429600.0,1.4617,0.008946,12058166.67,0.6004,0.006085
20261007,4946,辣椒,13000.0,4000.0,12000.0,12000.0,9000.0,17000.0,32000.0,25000.0,66000.0,32000.0,16000.0,9000.0,6000.0,26000.0,2000.0,8000.0,13000.0,32000.0,7000.0,28000.0,23000.0,7000.0,11000.0,6000.0,21000.0,7000.0,22000.0,12000.0,4000.0,29000.0,9666.67,44.8276,0.000293,10000.0,26.0,0.000175,22200.0,5.8559,9.7e-05,18733.33,4.6263,6.8e-05,18450.0,3.523,5.4e-05,17033.33,2.544,3.6e-05
20261007,4950,金耘國際,11000.0,5000.0,,13000.0,12000.0,9000.0,4000.0,1000.0,23000.0,16000.0,19000.0,15000.0,30000.0,24000.0,65000.0,8000.0,13000.0,19000.0,17000.0,10000.0,,25000.0,21000.0,5000.0,2000.0,6000.0,14000.0,27000.0,,11000.0,8000.0,68.75,0.000248,10250.0,26.8293,0.000148,10444.44,11.7021,8.2e-05,17642.86,4.4534,5.7e-05,16526.32,3.5032,4.5e-05,15740.74,2.5882,3.1e-05
20261007,4951,精拓科,207000.0,204000.0,219000.0,184000.0,250000.0,534000.0,337000.0,687000.0,1528000.0,4159000.0,258000.0,776000.0,389000.0,119000.0,181000.0,256000.0,534000.0,148000.0,292000.0,149000.0,103000.0,141000.0,163000.0,134000.0,127000.0,373000.0,246000.0,95000.0,140000.0,99000.0,210000.0,32.8571,0.004671,212800.0,19.4549,0.00278,830900.0,2.4913,0.001549,668800.0,2.0634,0.001079,570550.0,1.814,0.000853,434400.0,1.5884,0.00058
20261007,4953,緯致,134000.0,190000.0,212000.0,188000.0,100000.0,144000.0,130000.0,127000.0,280000.0,312000.0,329000.0,299000.0,287000.0,294000.0,700000.0,461000.0,220000.0,155000.0,155000.0,175000.0,196000.0,175000.0,293000.0,173000.0,151000.0,135000.0,289000.0,151000.0,97000.0,97000.0,178666.67,25.0,0.003024,164800.0,16.2621,0.0018,181700.0,7.3748,0.001003,248400.0,3.5963,0.000698,244600.0,2.7392,0.000552,221633.33,2.0153,0.000375
20261007,4966,譜瑞-KY,276000.0,573000.0,386000.0,194000.0,217000.0,308000.0,220000.0,437000.0,730000.0,1100000.0,660000.0,787000.0,856000.0,298000.0,225000.0,255000.0,303000.0,339000.0,326000.0,664000.0,230000.0,230000.0,930000.0,455000.0,626000.0,481000.0,926000.0,675000.0,739000.0,560000.0,411666.67,22.3482,0.006228,329200.0,16.7679,0.003707,444100.0,6.2148,0.002066,484466.67,3.798,0.001438,457700.0,3.0151,0.001137,500200.0,1.8393,0.000773
20261007,4971,IET-KY,3825000.0,3034000.0,3364000.0,1766000.0,663000.0,869000.0,581000.0,677000.0,1166000.0,1214000.0,1573000.0,2134000.0,2995000.0,2213000.0,1399000.0,1378000.0,1562000.0,1612000.0,2392000.0,1885000.0,2012000.0,4905000.0,8356000.0,8383000.0,5343000.0,794000.0,404000.0,681000.0,493000.0,3327000.0,3407666.67,37.4156,0.086306,2530400.0,30.2324,0.051377,1715900.0,22.2915,0.02863,1831533.33,13.9228,0.01993,1815100.0,10.5366,0.015755,2366666.67,5.3873,0.010716
20261007,4972,湯石照明,19000.0,53000.0,43000.0,9000.0,22000.0,13000.0,8000.0,10000.0,32000.0,8000.0,43000.0,29000.0,4000.0,14000.0,7000.0,26000.0,19000.0,5000.0,1000.0,4000.0,37000.0,20000.0,15000.0,8000.0,14000.0,19000.0,18000.0,14000.0,7000.0,17000.0,38333.33,16.5217,0.000429,29200.0,13.0137,0.000255,21700.0,8.7558,0.000142,20933.33,6.051,9.9e-05,18450.0,5.1491,7.8e-05,17933.33,3.5316,5.3e-05
20261007,4973,廣穎,604000.0,403000.0,462000.0,358000.0,332000.0,386000.0,297000.0,481000.0,656000.0,483000.0,490000.0,544000.0,452000.0,380000.0,511000.0,547000.0,1314000.0,695000.0,714000.0,782000.0,633000.0,720000.0,1584000.0,735000.0,683000.0,864000.0,1136000.0,1135000.0,938000.0,2466000.0,489666.67,41.1164,0.013629,431800.0,27.9759,0.008113,446200.0,13.5365,0.004521,455933.33,8.8317,0.003147,544550.0,5.5459,0.002488,726166.67,2.7725,0.001692
20261007,4974,亞泰,65000.0,145000.0,124000.0,71000.0,49000.0,73000.0,41000.0,51000.0,67000.0,70000.0,77000.0,108000.0,64000.0,36000.0,48000.0,61000.0,127000.0,370000.0,658000.0,116000.0,180000.0,215000.0,152000.0,483000.0,80000.0,44000.0,118000.0,126000.0,98000.0,99000.0,111333.33,19.4611,0.001467,90800.0,14.3172,0.000873,75600.0,8.5979,0.000487,72600.0,5.9688,0.000339,121050.0,2.6848,0.000268,133866.67,1.6185,0.000182
20261007,4979,華星光,11884000.0,10807000.0,1214000.0,1240000.0,980000.0,615000.0,921000.0,8532000.0,7144000.0,11366000.0,14408000.0,9561000.0,917000.0,1024000.0,1726000.0,966000.0,1772000.0,8587000.0,15851000.0,12521000.0,15293000.0,18513000.0,2518000.0,2615000.0,2039000.0,2001000.0,2414000.0,28800000.0,26773000.0,13197000.0,7968333.33,49.7134,0.268148,5225000.0,45.489,0.159625,5470300.0,21.7246,0.088952,5489266.67,14.433,0.061922,6101800.0,9.7381,0.048948,7873300.0,5.0314,0.033293
20261007,4991,環宇-KY,8342000.0,4538000.0,9930000.0,8135000.0,2081000.0,5006000.0,4165000.0,3067000.0,5308000.0,5427000.0,8007000.0,7333000.0,3647000.0,4127000.0,2828000.0,3429000.0,4002000.0,784000.0,710000.0,635000.0,543000.0,1118000.0,12932000.0,5659000.0,8989000.0,5904000.0,9170000.0,7838000.0,4931000.0,4340000.0,7603333.33,36.5717,0.188227,6605200.0,25.2589,0.112049,5599900.0,14.8967,0.06244,5462733.33,10.1805,0.043466,4575050.0,9.1168,0.03436,5097500.0,5.455,0.02337
20261007,4995,晶達,36000.0,65000.0,95000.0,57000.0,7000.0,57000.0,50000.0,7000.0,32000.0,5000.0,7000.0,26000.0,21000.0,1000.0,19000.0,76000.0,19000.0,24000.0,13000.0,7000.0,39000.0,27000.0,36000.0,16000.0,18000.0,5000.0,38000.0,9000.0,50000.0,3000.0,65333.33,18.3673,0.000812,52000.0,13.8462,0.000484,41100.0,8.7591,0.000269,32333.33,7.4227,0.000188,31200.0,5.7692,0.000148,28833.33,4.1618,0.000101
20261007,5009,榮剛,949000.0,1042000.0,2116000.0,1052000.0,1851000.0,6137000.0,1480000.0,700000.0,546000.0,918000.0,931000.0,1723000.0,815000.0,626000.0,1410000.0,1883000.0,1270000.0,973000.0,1448000.0,1338000.0,1352000.0,1402000.0,1290000.0,1393000.0,3644000.0,1763000.0,1669000.0,1007000.0,1175000.0,2184000.0,1369000.0,23.1069,0.021413,1402000.0,13.5378,0.012747,1679100.0,5.6518,0.007103,1486400.0,4.2564,0.004945,1460400.0,3.2491,0.003909,1536233.33,2.0591,0.002659
20261007,5011,久陽,4193000.0,3108000.0,1024000.0,1102000.0,115000.0,281000.0,183000.0,142000.0,388000.0,319000.0,126000.0,212000.0,80000.0,90000.0,153000.0,83000.0,101000.0,139000.0,149000.0,339000.0,111000.0,73000.0,137000.0,168000.0,201000.0,430000.0,299000.0,499000.0,543000.0,63000.0,2775000.0,50.3664,0.09461,1908400.0,43.9426,0.05632,1085500.0,38.6274,0.031385,767733.33,36.4102,0.021848,616350.0,34.0148,0.01727,495033.33,28.2338,0.011747
20261007,5013,強新,1582000.0,3715000.0,212000.0,596000.0,422000.0,1214000.0,1125000.0,61000.0,120000.0,243000.0,180000.0,21000.0,24000.0,28000.0,51000.0,25000.0,41000.0,149000.0,14000.0,11000.0,16000.0,47000.0,17000.0,14000.0,7000.0,20000.0,77000.0,18000.0,8000.0,18000.0,1836333.33,28.7166,0.035696,1305400.0,24.2378,0.021249,929000.0,17.0291,0.011841,639600.0,16.4895,0.008243,491700.0,16.087,0.006516,335866.67,15.7007,0.004432
20261007,5014,建錩,140000.0,127000.0,264000.0,170000.0,168000.0,373000.0,540000.0,50000.0,191000.0,141000.0,83000.0,82000.0,111000.0,52000.0,92000.0,193000.0,299000.0,95000.0,303000.0,147000.0,50000.0,109000.0,232000.0,79000.0,197000.0,187000.0,306000.0,115000.0,150000.0,138000.0,177000.0,26.3653,0.003159,173800.0,16.1105,0.00188,216400.0,6.4695,0.001048,172266.67,5.418,0.000729,181050.0,3.8663,0.000577,172800.0,2.7006,0.000392
20261007,5015,華祺,51000.0,64000.0,211000.0,256000.0,31000.0,35000.0,16000.0,10000.0,29000.0,11000.0,2000.0,15000.0,2000.0,24000.0,10000.0,8000.0,1000.0,12000.0,2000.0,31000.0,43000.0,17000.0,10000.0,8000.0,31000.0,12000.0,12000.0,7000.0,55000.0,6000.0,108666.67,15.6442,0.001151,122600.0,8.3197,0.000685,71400.0,7.1429,0.000382,51133.33,6.6493,0.000266,41050.0,6.2119,0.00021,34066.67,4.9902,0.000143
20261007,5016,松和,67000.0,203000.0,369000.0,1300000.0,380000.0,137000.0,5000.0,3000.0,9000.0,10000.0,2000.0,9000.0,2000.0,5000.0,19000.0,10000.0,7000.0,,5000.0,6000.0,3000.0,1000.0,15000.0,10000.0,10000.0,17000.0,10000.0,20000.0,29000.0,3000.0,213000.0,10.4851,0.001512,463800.0,2.8892,0.0009,248300.0,2.6983,0.000501,168000.0,2.6587,0.000349,134105.26,2.6295,0.000276,91931.03,2.5131,0.000188
20261007,5201,凱衛,61000.0,264000.0,38000.0,85000.0,38000.0,119000.0,30000.0,24000.0,184000.0,239000.0,125000.0,15000.0,20000.0,154000.0,184000.0,67000.0,157000.0,205000.0,431000.0,210000.0,150000.0,150000.0,52000.0,34000.0,23000.0,18000.0,71000.0,37000.0,51000.0,17000.0,121000.0,16.8044,0.001376,97200.0,12.5514,0.000819,108200.0,5.6377,0.000457,105333.33,3.8608,0.000318,132500.0,2.3019,0.000251,108433.33,1.8752,0.000171
20261007,5202,力新,1945000.0,2297000.0,444000.0,307000.0,270000.0,622000.0,459000.0,1347000.0,529000.0,1239000.0,3191000.0,4907000.0,1033000.0,4216000.0,1991000.0,1026000.0,340000.0,58000.0,84000.0,64000.0,67000.0,90000.0,69000.0,103000.0,76000.0,93000.0,111000.0,122000.0,148000.0,138000.0,1562000.0,41.5066,0.043886,1052600.0,36.9561,0.026125,945900.0,20.5624,0.014558,1653133.33,7.8437,0.010134,1318450.0,7.3761,0.008011,912866.67,7.1022,0.005449
20261007,5205,中茂,22000.0,52000.0,20000.0,49000.0,7000.0,12000.0,,6000.0,,3000.0,12000.0,,,1000.0,1000.0,4000.0,7000.0,,1000.0,1000.0,5000.0,,4000.0,,1000.0,,1000.0,5000.0,1000.0,1000.0,31333.33,23.4043,0.000496,30000.0,14.6667,0.000296,21375.0,12.8655,0.000165,16818.18,11.8919,0.000115,13200.0,11.1111,9.1e-05,9818.18,10.1852,6.2e-05
20261007,5206,坤悅,116000.0,57000.0,112000.0,43000.0,82000.0,128000.0,95000.0,59000.0,115000.0,290000.0,402000.0,545000.0,174000.0,318000.0,1193000.0,103000.0,115000.0,129000.0,83000.0,130000.0,274000.0,108000.0,160000.0,84000.0,195000.0,411000.0,131000.0,220000.0,368000.0,271000.0,95000.0,40.7018,0.002617,82000.0,28.2927,0.001558,109700.0,10.5743,0.000868,248600.0,3.1108,0.000604,214450.0,2.7046,0.000478,217033.33,1.7816,0.000325
20261007,5209,新鼎,74000.0,42000.0,77000.0,136000.0,104000.0,37000.0,52000.0,75000.0,51000.0,100000.0,192000.0,90000.0,181000.0,120000.0,121000.0,371000.0,560000.0,406000.0,244000.0,74000.0,58000.0,86000.0,73000.0,36000.0,90000.0,41000.0,47000.0,33000.0,66000.0,89000.0,64333.33,38.342,0.00167,86600.0,17.0901,0.000994,74800.0,9.893,0.000554,96800.0,5.0964,0.000386,155350.0,2.3817,0.000305,124200.0,1.986,0.000207
20261007,5210,寶碩,112000.0,146000.0,334000.0,154000.0,148000.0,241000.0,341000.0,149000.0,204000.0,288000.0,174000.0,634000.0,111000.0,28000.0,64000.0,267000.0,337000.0,574000.0,117000.0,154000.0,230000.0,60000.0,168000.0,93000.0,135000.0,60000.0,106000.0,122000.0,241000.0,56000.0,197333.33,18.9189,0.002527,178800.0,12.528,0.001504,211700.0,5.2905,0.000838,208533.33,3.5806,0.000584,228850.0,2.447,0.000461,194933.33,1.9152,0.000314
20261007,5211,蒙恬,34000.0,20000.0,25000.0,24000.0,138000.0,19000.0,2000.0,7000.0,9000.0,17000.0,25000.0,27000.0,21000.0,50000.0,64000.0,26000.0,44000.0,222000.0,519000.0,11000.0,11000.0,3000.0,5000.0,6000.0,17000.0,4000.0,9000.0,45000.0,12000.0,18000.0,26333.33,43.038,0.000767,48200.0,14.1079,0.000457,29500.0,11.5254,0.000254,32133.33,7.0539,0.000177,65200.0,2.6074,0.00014,47800.0,2.371,9.5e-05
20261007,5212,凌網,41000.0,10000.0,12000.0,9000.0,21000.0,20000.0,21000.0,8000.0,7000.0,21000.0,3000.0,36000.0,34000.0,4000.0,14000.0,18000.0,30000.0,5000.0,6000.0,8000.0,14000.0,7000.0,6000.0,9000.0,10000.0,2000.0,15000.0,10000.0,4000.0,10000.0,21000.0,65.0794,0.000925,18600.0,44.086,0.000551,17000.0,24.1176,0.000307,17400.0,15.7088,0.000214,16400.0,12.5,0.000169,13833.33,9.8795,0.000115
20261007,5213,亞昕,183000.0,189000.0,888000.0,97000.0,147000.0,57000.0,108000.0,134000.0,91000.0,103000.0,267000.0,597000.0,122000.0,176000.0,103000.0,190000.0,225000.0,264000.0,216000.0,424000.0,122000.0,81000.0,199000.0,105000.0,277000.0,135000.0,122000.0,131000.0,107000.0,191000.0,420000.0,14.5238,0.004129,300800.0,12.1676,0.002458,199700.0,9.1637,0.00137,217466.67,5.6101,0.000954,229050.0,3.9948,0.000754,201700.0,3.0243,0.000513
20261007,5220,萬達光電,63000.0,283000.0,173000.0,199000.0,830000.0,1471000.0,453000.0,41000.0,54000.0,44000.0,22000.0,14000.0,13000.0,8000.0,18000.0,13000.0,54000.0,7000.0,40000.0,16000.0,21000.0,14000.0,50000.0,1000.0,5000.0,21000.0,8000.0,44000.0,19000.0,18000.0,173000.0,12.1387,0.001422,309600.0,4.0698,0.000846,361100.0,1.7447,0.000472,245733.33,1.7092,0.000328,190800.0,1.6509,0.000259,133900.0,1.5683,0.000176
20261007,5223,安力-KY,8000.0,3000.0,5000.0,8000.0,8000.0,1000.0,3000.0,6000.0,8000.0,7000.0,19000.0,5000.0,6000.0,8000.0,9000.0,13000.0,6000.0,5000.0,29000.0,28000.0,23000.0,6000.0,143000.0,104000.0,18000.0,3000.0,9000.0,1000.0,5000.0,13000.0,5333.33,50.0,0.000181,6400.0,25.0,0.000107,5700.0,14.0351,6e-05,6933.33,7.6923,4.2e-05,9250.0,4.3243,3.3e-05,17000.0,1.5686,2.2e-05
20261007,5227,立凱-KY,206000.0,409000.0,825000.0,575000.0,245000.0,441000.0,243000.0,179000.0,124000.0,262000.0,174000.0,311000.0,604000.0,780000.0,170000.0,154000.0,169000.0,306000.0,394000.0,248000.0,213000.0,223000.0,188000.0,95000.0,197000.0,161000.0,349000.0,243000.0,177000.0,203000.0,480000.0,14.3056,0.004648,452000.0,9.115,0.002767,350900.0,5.8706,0.001542,369866.67,3.713,0.001073,340950.0,3.021,0.000848,295600.0,2.323,0.000577
20261007,5228,鈺鎧,765000.0,3055000.0,3445000.0,2047000.0,631000.0,89000.0,63000.0,87000.0,88000.0,178000.0,135000.0,186000.0,187000.0,130000.0,151000.0,132000.0,197000.0,175000.0,344000.0,344000.0,780000.0,344000.0,223000.0,183000.0,182000.0,311000.0,453000.0,223000.0,160000.0,108000.0,2421666.67,10.5299,0.017261,1988600.0,7.6939,0.010275,1044800.0,7.322,0.005726,749133.33,6.8079,0.003986,621450.0,6.155,0.003151,513200.0,4.9688,0.002143
20261007,5230,雷笛克光學,299000.0,296000.0,527000.0,838000.0,780000.0,1601000.0,1546000.0,2238000.0,2235000.0,1152000.0,2992000.0,2549000.0,141000.0,336000.0,160000.0,143000.0,261000.0,189000.0,738000.0,1791000.0,105000.0,103000.0,96000.0,135000.0,32000.0,63000.0,77000.0,119000.0,269000.0,49000.0,374000.0,26.6488,0.006747,548000.0,10.9124,0.004016,1151200.0,2.5973,0.002238,1179333.33,1.6902,0.001558,1040600.0,1.4367,0.001232,728666.67,1.3678,0.000838
20261007,5245,智晶,181000.0,99000.0,96000.0,108000.0,139000.0,248000.0,56000.0,154000.0,153000.0,167000.0,123000.0,70000.0,132000.0,77000.0,67000.0,11000.0,80000.0,53000.0,36000.0,18000.0,32000.0,33000.0,38000.0,46000.0,38000.0,15000.0,20000.0,32000.0,35000.0,20000.0,125333.33,48.1383,0.004084,124600.0,29.053,0.002431,140100.0,12.9193,0.001355,124666.67,9.6791,0.000943,103400.0,8.7524,0.000746,79233.33,7.6146,0.000507
20261007,5251,天鉞電,668000.0,1181000.0,83000.0,65000.0,82000.0,67000.0,109000.0,243000.0,209000.0,405000.0,741000.0,1421000.0,541000.0,2190000.0,673000.0,415000.0,24000.0,32000.0,36000.0,53000.0,26000.0,38000.0,62000.0,37000.0,26000.0,44000.0,50000.0,36000.0,48000.0,29000.0,644000.0,34.5756,0.015073,415800.0,32.1308,0.008973,311200.0,21.4653,0.005,578533.33,7.6976,0.003481,461900.0,7.231,0.002751,321133.33,6.9338,0.001871
20261007,5263,智崴,181000.0,103000.0,175000.0,91000.0,128000.0,198000.0,231000.0,138000.0,129000.0,94000.0,279000.0,157000.0,166000.0,104000.0,363000.0,234000.0,898000.0,152000.0,223000.0,181000.0,195000.0,738000.0,257000.0,92000.0,156000.0,397000.0,386000.0,851000.0,298000.0,218000.0,153000.0,39.4336,0.004084,135600.0,26.6962,0.002431,146800.0,12.3297,0.001355,169133.33,7.1344,0.000943,211250.0,4.284,0.000746,260433.33,2.3167,0.000507
20261007,5272,笙科,55000.0,68000.0,48000.0,62000.0,135000.0,544000.0,49000.0,30000.0,37000.0,76000.0,119000.0,30000.0,46000.0,65000.0,61000.0,38000.0,34000.0,26000.0,69000.0,81000.0,58000.0,69000.0,31000.0,30000.0,129000.0,45000.0,36000.0,31000.0,34000.0,53000.0,57000.0,32.1637,0.001241,73600.0,14.9457,0.000739,110400.0,4.9819,0.000412,95000.0,3.8596,0.000287,83650.0,3.2875,0.000227,72966.67,2.5126,0.000154
20261007,5274,信驊,369000.0,167000.0,100000.0,122000.0,114000.0,206000.0,229000.0,172000.0,234000.0,328000.0,131000.0,226000.0,167000.0,163000.0,113000.0,208000.0,206000.0,226000.0,399000.0,424000.0,461000.0,219000.0,523000.0,672000.0,434000.0,358000.0,316000.0,295000.0,210000.0,182000.0,212000.0,58.0189,0.008326,174400.0,42.3165,0.004956,204100.0,18.0794,0.002762,189400.0,12.9884,0.001923,215200.0,8.5734,0.00152,265800.0,4.6275,0.001034
20261007,5276,達輝-KY,2000.0,2000.0,1000.0,2000.0,7000.0,10000.0,,2000.0,,1000.0,,3000.0,,1000.0,1000.0,,,1000.0,,1000.0,2000.0,2000.0,,2000.0,4000.0,,7000.0,1000.0,2000.0,68000.0,1666.67,40.0,4.5e-05,2800.0,14.2857,2.7e-05,3375.0,7.4074,1.5e-05,2909.09,6.25,1e-05,2615.38,5.8824,8e-06,5809.52,1.6393,6e-06
20261007,5278,尚凡*,187000.0,59000.0,108000.0,100000.0,98000.0,93000.0,47000.0,59000.0,50000.0,157000.0,37000.0,30000.0,146000.0,196000.0,43000.0,34000.0,25000.0,21000.0,57000.0,63000.0,69000.0,69000.0,27000.0,29000.0,45000.0,56000.0,47000.0,106000.0,247000.0,41000.0,118000.0,52.8249,0.004219,110400.0,33.8768,0.002512,95800.0,19.5198,0.0014,94000.0,13.2624,0.000974,80500.0,11.6149,0.00077,78200.0,7.971,0.000524
20261007,5287,數字,38000.0,35000.0,71000.0,105000.0,116000.0,24000.0,60000.0,31000.0,22000.0,77000.0,44000.0,182000.0,56000.0,15000.0,26000.0,28000.0,49000.0,26000.0,92000.0,47000.0,62000.0,43000.0,44000.0,107000.0,63000.0,68000.0,142000.0,364000.0,182000.0,64000.0,48000.0,26.3889,0.000857,73000.0,10.411,0.00051,57900.0,6.563,0.000284,60133.33,4.2129,0.000198,57200.0,3.3217,0.000157,76100.0,1.6645,0.000106
20261007,5289,宜鼎,1138000.0,1080000.0,967000.0,762000.0,438000.0,815000.0,820000.0,878000.0,1940000.0,874000.0,1107000.0,1206000.0,894000.0,822000.0,912000.0,889000.0,1271000.0,1769000.0,1056000.0,1885000.0,1496000.0,1231000.0,1605000.0,1229000.0,1445000.0,1505000.0,1879000.0,1226000.0,1433000.0,3263000.0,1061666.67,35.73,0.025678,877000.0,25.9521,0.015286,971200.0,11.7175,0.008518,976866.67,7.7663,0.00593,1076150.0,5.2874,0.004687,1261166.67,3.0078,0.003188
20261007,5291,邑昇,463000.0,742000.0,806000.0,266000.0,319000.0,661000.0,210000.0,354000.0,192000.0,188000.0,254000.0,240000.0,551000.0,212000.0,457000.0,437000.0,471000.0,659000.0,1692000.0,553000.0,857000.0,1555000.0,1424000.0,1708000.0,2650000.0,2617000.0,5668000.0,3858000.0,1230000.0,445000.0,670333.33,23.0234,0.010447,519200.0,17.8351,0.006219,420100.0,11.0212,0.003466,394333.33,7.8276,0.002412,486350.0,4.7599,0.001907,1057966.67,1.4588,0.001297
20261007,5299,杰力,278000.0,193000.0,507000.0,355000.0,248000.0,437000.0,150000.0,320000.0,588000.0,138000.0,126000.0,180000.0,163000.0,132000.0,53000.0,144000.0,104000.0,151000.0,125000.0,352000.0,142000.0,110000.0,263000.0,122000.0,113000.0,232000.0,554000.0,361000.0,341000.0,136000.0,326000.0,28.4254,0.006273,316200.0,17.5838,0.003734,321400.0,8.6497,0.002081,257866.67,7.1872,0.001449,237200.0,5.86,0.001145,237266.67,3.9056,0.000779
20261007,5301,寶得利,25000.0,,,,,,25000.0,87000.0,7000.0,52000.0,83000.0,7000.0,78000.0,34000.0,40000.0,29000.0,22000.0,27000.0,14000.0,15000.0,59000.0,31000.0,10000.0,3000.0,7000.0,13000.0,6000.0,23000.0,91000.0,12000.0,25000.0,100.0,0.000564,25000.0,100.0,0.000336,39200.0,12.7551,0.000187,43800.0,5.7078,0.00013,36333.33,4.5872,0.000103,32000.0,3.125,7e-05
20261007,5302,太欣,126000.0,122000.0,245000.0,409000.0,88000.0,159000.0,143000.0,47000.0,243000.0,218000.0,201000.0,137000.0,154000.0,200000.0,184000.0,215000.0,416000.0,551000.0,800000.0,189000.0,231000.0,566000.0,344000.0,174000.0,248000.0,294000.0,210000.0,159000.0,142000.0,209000.0,164333.33,25.5578,0.002843,198000.0,12.7273,0.001692,180000.0,7.0,0.000943,178400.0,4.7085,0.000657,242350.0,2.5995,0.000519,247466.67,1.6972,0.000353
20261007,5309,系統電,6424000.0,7956000.0,13269000.0,14789000.0,16323000.0,21584000.0,12794000.0,1782000.0,535000.0,948000.0,901000.0,837000.0,549000.0,720000.0,516000.0,888000.0,703000.0,790000.0,678000.0,1628000.0,843000.0,786000.0,1135000.0,859000.0,949000.0,857000.0,1580000.0,3630000.0,837000.0,560000.0,9216333.33,23.2341,0.144949,11752200.0,10.9324,0.086287,9640400.0,6.6636,0.048084,6661800.0,6.4287,0.033472,5230700.0,6.1407,0.02646,3888333.33,5.5071,0.017997
20261007,5310,天剛,43000.0,43000.0,52000.0,131000.0,8000.0,40000.0,287000.0,293000.0,49000.0,38000.0,89000.0,17000.0,21000.0,12000.0,9000.0,10000.0,,15000.0,2000.0,12000.0,6000.0,,,1000.0,1000.0,,5000.0,2000.0,6000.0,15000.0,46000.0,31.1594,0.00097,55400.0,15.5235,0.000578,98400.0,4.3699,0.000322,75466.67,3.7986,0.000224,61631.58,3.6721,0.000177,46423.08,3.5626,0.00012
20261007,5312,寶島科,11000.0,14000.0,37000.0,14000.0,18000.0,27000.0,7000.0,7000.0,26000.0,3000.0,19000.0,13000.0,21000.0,10000.0,6000.0,13000.0,20000.0,11000.0,15000.0,16000.0,13000.0,8000.0,4000.0,8000.0,40000.0,18000.0,21000.0,9000.0,24000.0,43000.0,20666.67,17.7419,0.000248,18800.0,11.7021,0.000148,16400.0,6.7073,8.2e-05,15533.33,4.721,5.7e-05,15400.0,3.5714,4.5e-05,16533.33,2.2177,3.1e-05
20261007,5314,世紀*,23441000.0,20256000.0,34669000.0,31279000.0,80735000.0,10014000.0,9198000.0,7882000.0,11929000.0,26665000.0,133941000.0,123120000.0,27762000.0,14628000.0,6682000.0,11039000.0,18969000.0,38015000.0,49416000.0,10137000.0,6644000.0,3534000.0,4315000.0,3888000.0,5256000.0,11603000.0,22104000.0,3103000.0,1455000.0,1336000.0,26122000.0,29.9122,0.528917,38076000.0,12.3127,0.314858,25606800.0,9.1542,0.175456,37480066.67,4.1695,0.12214,34488850.0,3.3983,0.09655,25100500.0,3.113,0.06567
20261007,5315,光聯,62000.0,244000.0,102000.0,114000.0,93000.0,84000.0,129000.0,66000.0,141000.0,339000.0,484000.0,129000.0,458000.0,160000.0,72000.0,156000.0,155000.0,379000.0,380000.0,301000.0,124000.0,275000.0,194000.0,813000.0,103000.0,114000.0,198000.0,357000.0,78000.0,57000.0,136000.0,15.1961,0.001399,123000.0,10.0813,0.000833,137400.0,4.5124,0.000464,178466.67,2.316,0.000323,202400.0,1.5316,0.000255,212033.33,0.9747,0.000174
20261007,5321,美而快,220000.0,232000.0,240000.0,144000.0,503000.0,202000.0,210000.0,163000.0,225000.0,373000.0,332000.0,359000.0,514000.0,972000.0,714000.0,429000.0,1570000.0,1062000.0,375000.0,320000.0,571000.0,349000.0,609000.0,1230000.0,1810000.0,1606000.0,718000.0,852000.0,548000.0,754000.0,230666.67,31.7919,0.004964,267800.0,16.4302,0.002955,251200.0,8.758,0.001647,360200.0,4.0718,0.001146,457950.0,2.402,0.000906,606866.67,1.2084,0.000616
20261007,5324,士開,183000.0,111000.0,87000.0,113000.0,43000.0,175000.0,25000.0,33000.0,69000.0,113000.0,235000.0,114000.0,172000.0,124000.0,238000.0,255000.0,113000.0,200000.0,125000.0,254000.0,188000.0,73000.0,357000.0,167000.0,194000.0,272000.0,267000.0,352000.0,127000.0,258000.0,127000.0,48.0315,0.004129,107400.0,34.0782,0.002458,95200.0,19.2227,0.00137,122333.33,9.9728,0.000954,139100.0,6.578,0.000754,167900.0,3.6331,0.000513
20261007,5328,華容,8419000.0,2605000.0,6852000.0,27223000.0,13572000.0,1682000.0,1707000.0,2472000.0,2244000.0,2700000.0,2185000.0,1682000.0,2104000.0,2858000.0,3684000.0,3268000.0,6312000.0,3101000.0,1968000.0,2232000.0,3339000.0,6351000.0,3299000.0,2555000.0,5099000.0,5295000.0,16123000.0,7178000.0,4068000.0,5100000.0,5958666.67,47.0967,0.189964,11734200.0,14.3495,0.113084,6947600.0,12.1179,0.063016,5465933.33,10.2685,0.043867,4943500.0,8.5152,0.034677,5242566.67,5.353,0.023586
20261007,5340,建榮,9921000.0,3383000.0,5971000.0,1391000.0,768000.0,943000.0,692000.0,737000.0,1296000.0,4317000.0,1578000.0,3629000.0,2328000.0,3299000.0,2657000.0,5649000.0,6425000.0,5236000.0,9074000.0,3306000.0,1574000.0,1631000.0,3306000.0,3508000.0,2532000.0,5862000.0,4600000.0,4567000.0,5013000.0,1565000.0,6425000.0,51.4708,0.223855,4286800.0,46.2863,0.133258,2941900.0,33.7231,0.074259,2860666.67,23.1205,0.051694,3630000.0,13.6653,0.040863,3558600.0,9.293,0.027794
20261007,5344,立衛,291000.0,37000.0,56000.0,73000.0,93000.0,209000.0,48000.0,106000.0,205000.0,53000.0,31000.0,132000.0,25000.0,28000.0,8000.0,21000.0,10000.0,58000.0,22000.0,38000.0,14000.0,47000.0,22000.0,7000.0,24000.0,10000.0,13000.0,19000.0,87000.0,37000.0,128000.0,75.7812,0.006566,110000.0,52.9091,0.003909,117100.0,24.8506,0.002178,93000.0,20.8602,0.001516,77200.0,18.8472,0.001199,60800.0,15.9539,0.000815
20261007,5345,馥鴻,17000.0,16000.0,36000.0,11000.0,10000.0,11000.0,9000.0,,7000.0,1000.0,6000.0,3000.0,3000.0,8000.0,7000.0,22000.0,23000.0,33000.0,4000.0,2000.0,11000.0,3000.0,19000.0,7000.0,2000.0,9000.0,14000.0,20000.0,33000.0,8000.0,23000.0,24.6377,0.000384,18000.0,18.8889,0.000228,13111.11,14.4068,0.000127,10357.14,11.7241,8.9e-05,12052.63,7.4236,7e-05,12241.38,4.7887,4.8e-05
20261007,5347,世界,18327000.0,33208000.0,15110000.0,13690000.0,23227000.0,23437000.0,33705000.0,10707000.0,12571000.0,31910000.0,15804000.0,32000000.0,30492000.0,7070000.0,8697000.0,6639000.0,8798000.0,20342000.0,13750000.0,12514000.0,13776000.0,4754000.0,9756000.0,7328000.0,9438000.0,13236000.0,21592000.0,10776000.0,11276000.0,11935000.0,22215000.0,27.4994,0.413526,20712400.0,17.6966,0.246167,21589200.0,8.489,0.137177,20663666.67,5.9128,0.095493,18599900.0,4.9266,0.075486,16195500.0,3.772,0.051343
20261007,5348,正能量智能,23000.0,25000.0,23000.0,1000.0,2000.0,2000.0,3000.0,6000.0,11000.0,1000.0,1000.0,6000.0,4000.0,9000.0,11000.0,3000.0,1000.0,1000.0,1000.0,1000.0,2000.0,3000.0,1000.0,1000.0,1000.0,4000.0,13000.0,4000.0,1000.0,1000.0,23666.67,32.3944,0.000519,14800.0,31.0811,0.000309,9700.0,23.7113,0.000172,8533.33,17.9688,0.00012,6750.0,17.037,9.5e-05,5533.33,13.8554,6.4e-05
20261007,5351,鈺創,13485000.0,6653000.0,13112000.0,16424000.0,5415000.0,7445000.0,3356000.0,6899000.0,6639000.0,6940000.0,9444000.0,10599000.0,7430000.0,5815000.0,6211000.0,6228000.0,10798000.0,6340000.0,8941000.0,29848000.0,15412000.0,12109000.0,25041000.0,10487000.0,16078000.0,12299000.0,9923000.0,10966000.0,14416000.0,19772000.0,11083333.33,40.5564,0.304272,11017800.0,24.4786,0.18113,8636800.0,15.6134,0.100935,8391133.33,10.7137,0.070264,9401100.0,7.172,0.055543,11150833.33,4.0311,0.037778
20261007,5353,台林,46000.0,53000.0,105000.0,55000.0,34000.0,39000.0,15000.0,17000.0,42000.0,89000.0,148000.0,57000.0,20000.0,31000.0,24000.0,64000.0,38000.0,22000.0,27000.0,17000.0,39000.0,29000.0,59000.0,41000.0,45000.0,18000.0,14000.0,21000.0,43000.0,26000.0,68000.0,22.549,0.001038,58600.0,15.6997,0.000618,49500.0,9.2929,0.000344,51666.67,5.9355,0.00024,47150.0,4.878,0.000189,42600.0,3.5994,0.000129
20261007,5355,佳總,106000.0,147000.0,370000.0,190000.0,76000.0,103000.0,175000.0,48000.0,90000.0,127000.0,88000.0,124000.0,228000.0,499000.0,499000.0,79000.0,40000.0,32000.0,51000.0,107000.0,126000.0,65000.0,72000.0,24000.0,78000.0,174000.0,88000.0,109000.0,59000.0,34000.0,207666.67,17.0144,0.002392,177800.0,11.9235,0.001424,143200.0,7.4022,0.000793,191333.33,3.6934,0.000552,158950.0,3.3344,0.000437,133600.0,2.6447,0.000297
20261007,5356,協益,47000.0,55000.0,31000.0,36000.0,33000.0,30000.0,141000.0,40000.0,58000.0,53000.0,37000.0,56000.0,44000.0,48000.0,20000.0,9000.0,17000.0,37000.0,45000.0,96000.0,67000.0,19000.0,46000.0,15000.0,56000.0,33000.0,50000.0,76000.0,59000.0,37000.0,44333.33,35.3383,0.00106,40400.0,23.2673,0.000631,52400.0,8.9695,0.000352,48600.0,6.4472,0.000245,46650.0,5.0375,0.000194,46366.67,3.3789,0.000132
20261007,5364,力麗店,24000.0,28000.0,34000.0,28000.0,13000.0,10000.0,21000.0,17000.0,109000.0,44000.0,32000.0,31000.0,7000.0,37000.0,50000.0,37000.0,16000.0,30000.0,27000.0,8000.0,45000.0,260000.0,54000.0,15000.0,61000.0,150000.0,41000.0,13000.0,22000.0,35000.0,28666.67,27.907,0.000542,25400.0,18.8976,0.000322,32800.0,7.3171,0.00018,32333.33,4.9485,0.000125,30150.0,3.9801,9.9e-05,43300.0,1.8476,6.7e-05
20261007,5381,光譜,952000.0,795000.0,608000.0,743000.0,409000.0,305000.0,191000.0,240000.0,138000.0,333000.0,480000.0,315000.0,234000.0,177000.0,239000.0,214000.0,634000.0,446000.0,392000.0,621000.0,405000.0,372000.0,594000.0,481000.0,1035000.0,683000.0,2709000.0,1043000.0,486000.0,330000.0,785000.0,40.4246,0.021481,701400.0,27.1457,0.012787,471400.0,20.1952,0.007126,410600.0,15.4571,0.00496,423300.0,11.245,0.003921,553466.67,5.7336,0.002667
20261007,5386,青雲,550000.0,464000.0,616000.0,637000.0,308000.0,706000.0,335000.0,457000.0,608000.0,829000.0,751000.0,933000.0,1497000.0,1244000.0,2239000.0,2709000.0,8779000.0,2883000.0,671000.0,466000.0,558000.0,853000.0,1768000.0,1437000.0,1701000.0,3699000.0,2550000.0,582000.0,571000.0,879000.0,543333.33,33.7423,0.01241,515000.0,21.3592,0.007388,551000.0,9.9819,0.004117,811600.0,4.5178,0.002866,1384100.0,1.9869,0.002265,1409333.33,1.3009,0.001541
20261007,5392,能率,655000.0,685000.0,898000.0,483000.0,698000.0,632000.0,377000.0,479000.0,527000.0,675000.0,542000.0,812000.0,487000.0,453000.0,483000.0,618000.0,509000.0,622000.0,621000.0,1294000.0,1190000.0,1205000.0,2201000.0,1092000.0,1647000.0,2408000.0,3005000.0,4031000.0,3468000.0,935000.0,746000.0,29.2672,0.014779,683800.0,19.1576,0.008798,610900.0,10.7219,0.004903,592400.0,7.3711,0.003413,627500.0,5.2191,0.002698,1124400.0,1.9418,0.001835
20261007,5398,慕康生醫,191000.0,56000.0,69000.0,100000.0,33000.0,26000.0,38000.0,8000.0,3000.0,10000.0,33000.0,81000.0,16000.0,7000.0,15000.0,70000.0,76000.0,127000.0,34000.0,225000.0,258000.0,20000.0,184000.0,30000.0,112000.0,43000.0,27000.0,49000.0,27000.0,12000.0,105333.33,60.443,0.00431,89800.0,42.539,0.002566,53400.0,35.7678,0.00143,45733.33,27.8426,0.000995,60900.0,15.6814,0.000787,66000.0,9.6465,0.000535
20261007,5403,中菲,34000.0,44000.0,67000.0,24000.0,20000.0,33000.0,27000.0,13000.0,7000.0,19000.0,27000.0,15000.0,26000.0,29000.0,31000.0,54000.0,27000.0,32000.0,28000.0,32000.0,52000.0,30000.0,13000.0,33000.0,99000.0,63000.0,22000.0,39000.0,16000.0,27000.0,48333.33,23.4483,0.000767,37800.0,17.9894,0.000457,28800.0,11.8056,0.000254,27733.33,8.1731,0.000177,29450.0,5.7725,0.00014,32766.67,3.4588,9.5e-05
20261007,5410,國眾,107000.0,241000.0,200000.0,188000.0,108000.0,240000.0,113000.0,103000.0,114000.0,307000.0,107000.0,170000.0,117000.0,118000.0,198000.0,475000.0,1473000.0,119000.0,204000.0,216000.0,223000.0,101000.0,175000.0,147000.0,251000.0,176000.0,158000.0,319000.0,225000.0,254000.0,182666.67,19.5255,0.002414,168800.0,12.6777,0.001437,172100.0,6.2173,0.000801,162066.67,4.4015,0.000558,245900.0,2.1757,0.000441,231566.67,1.5402,0.0003
20261007,5425,台半,15439000.0,19303000.0,33037000.0,21594000.0,11965000.0,6999000.0,6511000.0,9955000.0,21118000.0,9070000.0,3155000.0,7140000.0,14436000.0,25123000.0,14639000.0,13189000.0,5502000.0,5352000.0,3554000.0,5507000.0,10655000.0,10310000.0,21301000.0,6004000.0,13265000.0,10039000.0,49158000.0,41549000.0,26209000.0,11105000.0,22593000.0,22.7784,0.348362,20267600.0,15.2352,0.207376,15499100.0,9.9612,0.115561,14632266.67,7.0342,0.080445,12629400.0,6.1123,0.063591,15072766.67,3.4143,0.043252
20261007,5426,振發,2050000.0,486000.0,950000.0,1066000.0,408000.0,300000.0,251000.0,222000.0,245000.0,491000.0,601000.0,564000.0,875000.0,732000.0,254000.0,338000.0,338000.0,333000.0,605000.0,436000.0,472000.0,560000.0,819000.0,1320000.0,2303000.0,3324000.0,923000.0,781000.0,597000.0,1592000.0,1162000.0,58.8067,0.046256,992000.0,41.3306,0.027535,646900.0,31.6896,0.015344,633000.0,21.5903,0.010682,577250.0,17.7566,0.008444,807866.67,8.4585,0.005743
20261007,5432,新門,1299000.0,1126000.0,686000.0,323000.0,257000.0,70000.0,77000.0,368000.0,250000.0,70000.0,364000.0,238000.0,36000.0,39000.0,55000.0,22000.0,62000.0,193000.0,182000.0,173000.0,528000.0,134000.0,172000.0,70000.0,214000.0,282000.0,345000.0,170000.0,59000.0,370000.0,1037000.0,41.7551,0.02931,738200.0,35.1937,0.017448,452600.0,28.7008,0.009723,350533.33,24.7052,0.006768,294500.0,22.0543,0.00535,274466.67,15.7761,0.003639
20261007,5438,東友,47000.0,42000.0,40000.0,19000.0,46000.0,189000.0,54000.0,35000.0,185000.0,32000.0,55000.0,45000.0,37000.0,29000.0,24000.0,46000.0,27000.0,23000.0,38000.0,20000.0,24000.0,31000.0,18000.0,27000.0,18000.0,76000.0,25000.0,44000.0,17000.0,27000.0,43000.0,36.4341,0.00106,38800.0,24.2268,0.000631,68900.0,6.8215,0.000352,58600.0,5.347,0.000245,51650.0,4.5499,0.000194,44666.67,3.5075,0.000132
20261007,5439,高技,1888000.0,2701000.0,2661000.0,925000.0,1555000.0,2547000.0,489000.0,753000.0,1248000.0,1438000.0,913000.0,956000.0,1224000.0,665000.0,922000.0,1065000.0,1522000.0,1502000.0,1361000.0,1137000.0,1871000.0,1593000.0,2076000.0,2471000.0,5236000.0,7265000.0,4726000.0,4882000.0,2038000.0,1316000.0,2416666.67,26.0414,0.0426,1946000.0,19.4039,0.02536,1620500.0,11.6507,0.014132,1392333.33,9.04,0.009837,1373600.0,6.8725,0.007776,2031533.33,3.0978,0.005289
20261007,5443,均豪,956000.0,1260000.0,2159000.0,1629000.0,2944000.0,5723000.0,2039000.0,884000.0,1321000.0,1298000.0,928000.0,1628000.0,2680000.0,757000.0,943000.0,930000.0,1350000.0,1227000.0,3011000.0,5468000.0,7288000.0,2199000.0,2474000.0,3185000.0,6092000.0,3656000.0,3315000.0,1127000.0,798000.0,697000.0,1458333.33,21.8514,0.021571,1789600.0,10.684,0.012841,2021300.0,4.7296,0.007156,1809933.33,3.5213,0.004981,1956750.0,2.4428,0.003938,2332200.0,1.3664,0.002678
20261007,5450,南良,366000.0,128000.0,224000.0,133000.0,152000.0,108000.0,79000.0,54000.0,241000.0,94000.0,137000.0,88000.0,49000.0,49000.0,39000.0,64000.0,98000.0,53000.0,50000.0,67000.0,47000.0,87000.0,61000.0,103000.0,53000.0,62000.0,113000.0,110000.0,33000.0,104000.0,239333.33,50.9749,0.008258,200600.0,36.4905,0.004916,157900.0,23.1792,0.00274,129400.0,18.8563,0.001907,113650.0,16.1021,0.001508,101533.33,12.0158,0.001025
20261007,5452,佶優,3529000.0,6345000.0,3016000.0,602000.0,213000.0,225000.0,175000.0,217000.0,379000.0,381000.0,701000.0,342000.0,218000.0,197000.0,244000.0,198000.0,327000.0,309000.0,476000.0,441000.0,272000.0,268000.0,326000.0,515000.0,381000.0,308000.0,436000.0,339000.0,605000.0,271000.0,4296666.67,27.3778,0.079627,2741000.0,25.7497,0.047401,1508200.0,23.3988,0.026415,1118933.33,21.026,0.018388,926750.0,19.0397,0.014535,741866.67,15.8564,0.009886
20261007,5455,昇益,3000.0,1000.0,9000.0,,,,2000.0,1000.0,1000.0,1000.0,5000.0,7000.0,8000.0,3000.0,3000.0,2000.0,,9000.0,1000.0,16000.0,11000.0,8000.0,1000.0,1000.0,1000.0,5000.0,6000.0,1000.0,5000.0,,4333.33,23.0769,6.8e-05,4333.33,23.0769,4e-05,2571.43,16.6667,2.2e-05,3666.67,6.8182,1.6e-05,4500.0,4.1667,1.2e-05,4440.0,2.7027,8e-06
20261007,5457,宣德,1753000.0,428000.0,507000.0,473000.0,396000.0,544000.0,517000.0,412000.0,485000.0,761000.0,2435000.0,4497000.0,258000.0,408000.0,622000.0,693000.0,711000.0,216000.0,259000.0,380000.0,263000.0,144000.0,260000.0,204000.0,401000.0,255000.0,374000.0,536000.0,283000.0,275000.0,896000.0,65.2158,0.039554,711400.0,49.2831,0.023546,627600.0,27.9318,0.013121,966400.0,12.093,0.009134,837750.0,10.4625,0.00722,658333.33,8.8759,0.004911
20261007,5460,同協,2245000.0,80000.0,188000.0,167000.0,30000.0,60000.0,10000.0,47000.0,38000.0,50000.0,68000.0,103000.0,172000.0,50000.0,19000.0,43000.0,89000.0,76000.0,262000.0,976000.0,35000.0,11000.0,32000.0,27000.0,18000.0,166000.0,43000.0,67000.0,24000.0,36000.0,837666.67,89.3355,0.050656,542000.0,82.8413,0.030155,291500.0,77.0154,0.016804,221800.0,67.4782,0.011698,238650.0,47.0354,0.009247,174400.0,42.909,0.006289
20261007,5464,霖宏,382000.0,417000.0,1395000.0,524000.0,567000.0,470000.0,1016000.0,369000.0,531000.0,387000.0,515000.0,1024000.0,2268000.0,1171000.0,724000.0,966000.0,1127000.0,4380000.0,1659000.0,2246000.0,756000.0,211000.0,375000.0,169000.0,319000.0,237000.0,338000.0,1006000.0,524000.0,546000.0,731333.33,17.4111,0.008619,657000.0,11.6286,0.005131,605800.0,6.3057,0.002859,784000.0,3.2483,0.00199,1106900.0,1.7255,0.001573,887300.0,1.4351,0.00107
20261007,5465,富驊,705000.0,334000.0,543000.0,625000.0,1236000.0,1745000.0,3224000.0,2076000.0,2126000.0,6470000.0,658000.0,465000.0,62000.0,127000.0,40000.0,48000.0,120000.0,40000.0,67000.0,56000.0,30000.0,75000.0,61000.0,35000.0,93000.0,29000.0,51000.0,31000.0,45000.0,19000.0,527333.33,44.5638,0.015907,688600.0,20.4763,0.00947,1908400.0,3.6942,0.005277,1362400.0,3.4498,0.003673,1038350.0,3.3948,0.002904,707866.67,3.3198,0.001975
20261007,5468,凱鈺,78000.0,115000.0,117000.0,125000.0,139000.0,214000.0,192000.0,94000.0,71000.0,204000.0,221000.0,143000.0,113000.0,120000.0,138000.0,229000.0,258000.0,1100000.0,333000.0,126000.0,110000.0,77000.0,150000.0,145000.0,234000.0,291000.0,203000.0,184000.0,201000.0,258000.0,103333.33,25.1613,0.00176,114800.0,13.5889,0.001048,134900.0,5.7821,0.000584,138933.33,3.7428,0.000406,206500.0,1.8886,0.000321,199433.33,1.3037,0.000219
20261007,5474,聰泰,116000.0,221000.0,180000.0,125000.0,161000.0,209000.0,107000.0,123000.0,138000.0,348000.0,580000.0,512000.0,289000.0,88000.0,109000.0,129000.0,132000.0,307000.0,133000.0,214000.0,153000.0,112000.0,147000.0,86000.0,53000.0,75000.0,68000.0,103000.0,144000.0,139000.0,172333.33,22.4371,0.002617,160600.0,14.4458,0.001558,172800.0,6.713,0.000868,220400.0,3.5088,0.000604,211050.0,2.7482,0.000478,176700.0,2.1883,0.000325
20261007,5475,德宏,11057000.0,2141000.0,6359000.0,2710000.0,2202000.0,3866000.0,2480000.0,2770000.0,2280000.0,8701000.0,2252000.0,7812000.0,7461000.0,5394000.0,3566000.0,4592000.0,8126000.0,3837000.0,5675000.0,2998000.0,4316000.0,5443000.0,6874000.0,4974000.0,6204000.0,9008000.0,18108000.0,10967000.0,2123000.0,2138000.0,6519000.0,56.5373,0.249487,4893800.0,45.1878,0.148517,4456600.0,24.8104,0.082761,4736733.33,15.5621,0.057613,4813950.0,11.4843,0.045542,5547800.0,6.6435,0.030976
20261007,5478,智冠,45000.0,34000.0,40000.0,48000.0,23000.0,27000.0,28000.0,25000.0,38000.0,45000.0,46000.0,39000.0,58000.0,29000.0,40000.0,45000.0,29000.0,44000.0,38000.0,102000.0,79000.0,64000.0,70000.0,42000.0,66000.0,58000.0,107000.0,79000.0,49000.0,50000.0,39666.67,37.8151,0.001015,38000.0,23.6842,0.000604,35300.0,12.7479,0.000337,37666.67,7.9646,0.000234,41150.0,5.4678,0.000185,49566.67,3.0262,0.000126
20261007,5481,新華,498000.0,693000.0,65000.0,217000.0,46000.0,419000.0,65000.0,138000.0,148000.0,120000.0,223000.0,128000.0,589000.0,607000.0,178000.0,102000.0,163000.0,51000.0,55000.0,255000.0,215000.0,139000.0,348000.0,261000.0,258000.0,159000.0,315000.0,474000.0,402000.0,284000.0,418666.67,39.6497,0.011237,303800.0,32.7847,0.006689,240900.0,20.6725,0.003728,275600.0,12.0464,0.002595,238000.0,10.4622,0.002051,253833.33,6.5397,0.001395
20261007,5483,中美晶,29082000.0,17235000.0,32246000.0,47109000.0,56653000.0,36608000.0,12956000.0,18361000.0,41028000.0,32636000.0,11238000.0,19121000.0,18401000.0,8853000.0,12020000.0,6937000.0,7384000.0,5043000.0,4633000.0,10331000.0,10637000.0,10727000.0,17401000.0,8396000.0,15884000.0,15309000.0,17749000.0,11550000.0,13444000.0,32784000.0,26187666.67,37.0174,0.656199,36465000.0,15.9506,0.390628,32391400.0,8.9783,0.217678,26236466.67,7.3897,0.151533,21393750.0,6.7968,0.119785,19391866.67,4.999,0.081473
20261007,5487,通泰,160000.0,117000.0,192000.0,31000.0,15000.0,113000.0,9000.0,80000.0,98000.0,56000.0,31000.0,30000.0,13000.0,23000.0,32000.0,8000.0,20000.0,39000.0,92000.0,74000.0,91000.0,171000.0,12000.0,14000.0,34000.0,72000.0,31000.0,93000.0,90000.0,71000.0,156333.33,34.1151,0.00361,103000.0,31.068,0.002149,87100.0,18.3697,0.001198,66666.67,16.0,0.000834,61650.0,12.9765,0.000659,63733.33,8.3682,0.000448
20261007,5488,松普,148000.0,218000.0,426000.0,1131000.0,154000.0,156000.0,104000.0,96000.0,239000.0,285000.0,146000.0,231000.0,502000.0,95000.0,186000.0,161000.0,193000.0,173000.0,585000.0,209000.0,197000.0,198000.0,361000.0,212000.0,645000.0,451000.0,255000.0,180000.0,231000.0,212000.0,264000.0,18.6869,0.003339,415400.0,7.1257,0.001988,295700.0,5.0051,0.001108,274466.67,3.5949,0.000771,271900.0,2.7216,0.00061,279333.33,1.7661,0.000415
20261007,5489,彩富,15000.0,26000.0,36000.0,92000.0,36000.0,34000.0,69000.0,108000.0,63000.0,268000.0,269000.0,21000.0,25000.0,76000.0,47000.0,42000.0,25000.0,10000.0,15000.0,21000.0,19000.0,45000.0,31000.0,43000.0,60000.0,35000.0,37000.0,46000.0,23000.0,96000.0,25666.67,19.4805,0.000338,41000.0,7.3171,0.000201,74700.0,2.008,0.000112,79000.0,1.2658,7.8e-05,64900.0,1.1556,6.2e-05,57766.67,0.8656,4.2e-05
20261007,5490,同亨,163000.0,118000.0,536000.0,163000.0,265000.0,118000.0,213000.0,142000.0,131000.0,358000.0,253000.0,225000.0,159000.0,135000.0,259000.0,242000.0,380000.0,339000.0,321000.0,272000.0,807000.0,532000.0,1543000.0,440000.0,398000.0,571000.0,647000.0,508000.0,392000.0,431000.0,272333.33,19.951,0.003678,249000.0,13.0924,0.002189,220700.0,7.3856,0.00122,215866.67,5.034,0.000849,239600.0,3.4015,0.000671,368700.0,1.4736,0.000457
20261007,5493,三聯,91000.0,88000.0,99000.0,69000.0,101000.0,109000.0,200000.0,353000.0,328000.0,362000.0,391000.0,80000.0,37000.0,16000.0,28000.0,35000.0,77000.0,176000.0,35000.0,41000.0,48000.0,65000.0,111000.0,103000.0,113000.0,377000.0,369000.0,211000.0,110000.0,35000.0,92666.67,32.7338,0.002053,89600.0,20.3125,0.001222,180000.0,5.0556,0.000681,156800.0,3.869,0.000474,135800.0,3.3505,0.000375,141933.33,2.1372,0.000255
20261007,5498,凱崴,2550000.0,2131000.0,7385000.0,3927000.0,871000.0,1041000.0,799000.0,636000.0,966000.0,1242000.0,1442000.0,814000.0,1377000.0,811000.0,667000.0,709000.0,1221000.0,861000.0,1004000.0,1138000.0,3074000.0,1189000.0,2471000.0,1948000.0,3837000.0,7707000.0,6537000.0,2227000.0,4485000.0,1880000.0,4022000.0,21.1338,0.057538,3372800.0,15.121,0.034251,2154800.0,11.834,0.019087,1777266.67,9.5653,0.013287,1579600.0,8.0717,0.010503,2231566.67,3.809,0.007144
20261007,5508,永信建,233000.0,114000.0,319000.0,336000.0,133000.0,224000.0,203000.0,189000.0,296000.0,283000.0,505000.0,2561000.0,557000.0,197000.0,153000.0,266000.0,109000.0,197000.0,130000.0,243000.0,427000.0,341000.0,339000.0,289000.0,178000.0,155000.0,205000.0,190000.0,177000.0,138000.0,222000.0,34.985,0.005257,227000.0,20.5286,0.00313,233000.0,10.0,0.001744,420200.0,3.6967,0.001214,362400.0,3.2147,0.00096,322900.0,2.4053,0.000653
20261007,5511,德昌,62000.0,94000.0,121000.0,44000.0,211000.0,119000.0,87000.0,115000.0,65000.0,89000.0,40000.0,107000.0,69000.0,55000.0,92000.0,50000.0,101000.0,135000.0,121000.0,279000.0,128000.0,143000.0,241000.0,83000.0,77000.0,122000.0,135000.0,29000.0,95000.0,117000.0,92333.33,22.3827,0.001399,106400.0,11.6541,0.000833,100700.0,6.1569,0.000464,91333.33,4.5255,0.000323,102800.0,3.0156,0.000255,107533.33,1.9219,0.000174
20261007,5512,力麒,561000.0,996000.0,1312000.0,553000.0,242000.0,517000.0,482000.0,167000.0,476000.0,628000.0,1317000.0,994000.0,283000.0,256000.0,632000.0,441000.0,290000.0,302000.0,565000.0,936000.0,295000.0,441000.0,918000.0,436000.0,521000.0,475000.0,374000.0,426000.0,792000.0,469000.0,956333.33,19.5539,0.012658,732800.0,15.3111,0.007535,593400.0,9.454,0.004199,627733.33,5.9579,0.002923,597500.0,4.6946,0.002311,569900.0,3.2813,0.001572
20261007,5514,三豐,20000.0,12000.0,,11000.0,13000.0,9000.0,1000.0,3000.0,21000.0,5000.0,2000.0,15000.0,2000.0,2000.0,4000.0,6000.0,11000.0,28000.0,309000.0,14000.0,5000.0,10000.0,16000.0,6000.0,32000.0,281000.0,7000.0,13000.0,9000.0,16000.0,16000.0,62.5,0.000451,14000.0,35.7143,0.000269,10555.56,21.0526,0.00015,8571.43,16.6667,0.000104,25684.21,4.0984,8.2e-05,30448.28,2.265,5.6e-05
20261007,5516,雙喜,21000.0,33000.0,9000.0,1000.0,4000.0,4000.0,3000.0,1000.0,2000.0,4000.0,28000.0,22000.0,14000.0,11000.0,7000.0,42000.0,19000.0,3000.0,6000.0,1000.0,18000.0,8000.0,11000.0,21000.0,19000.0,20000.0,10000.0,6000.0,28000.0,16000.0,21000.0,33.3333,0.000474,13600.0,30.8824,0.000282,8200.0,25.6098,0.000157,10933.33,12.8049,0.000109,11750.0,8.9362,8.6e-05,13066.67,5.3571,5.9e-05
20261007,5520,力泰,3000.0,6000.0,1000.0,1000.0,1000.0,,2000.0,1000.0,1000.0,4000.0,,1000.0,,1000.0,12000.0,4000.0,3000.0,5000.0,,2000.0,19000.0,,,10000.0,8000.0,23000.0,14000.0,2000.0,,1000.0,3333.33,30.0,6.8e-05,2400.0,25.0,4e-05,2222.22,15.0,2.2e-05,2833.33,8.8235,1.6e-05,3000.0,6.25,1.2e-05,5434.78,2.4,8e-06
20261007,5523,豐謙,3000.0,151000.0,43000.0,5000.0,66000.0,24000.0,19000.0,3000.0,60000.0,27000.0,2000.0,6000.0,4000.0,,18000.0,27000.0,2000.0,8000.0,2000.0,,,27000.0,34000.0,26000.0,,4000.0,9000.0,7000.0,23000.0,2000.0,65666.67,1.5228,6.8e-05,53600.0,1.1194,4e-05,40100.0,0.7481,2.2e-05,30785.71,0.6961,1.6e-05,26111.11,0.6383,1.2e-05,23153.85,0.4983,8e-06
20261007,5529,鉅陞,715000.0,59000.0,46000.0,115000.0,82000.0,151000.0,157000.0,62000.0,138000.0,98000.0,81000.0,175000.0,52000.0,94000.0,774000.0,108000.0,93000.0,49000.0,58000.0,82000.0,168000.0,217000.0,248000.0,41000.0,184000.0,95000.0,220000.0,79000.0,173000.0,73000.0,273333.33,87.1951,0.016133,203400.0,70.3048,0.009604,162300.0,44.0542,0.005352,186600.0,25.5448,0.003726,159450.0,22.4208,0.002945,156233.33,15.255,0.002003
20261007,5530,龍巖,230000.0,267000.0,273000.0,169000.0,64000.0,190000.0,157000.0,76000.0,349000.0,187000.0,207000.0,279000.0,61000.0,114000.0,100000.0,110000.0,185000.0,132000.0,205000.0,180000.0,176000.0,150000.0,214000.0,155000.0,301000.0,285000.0,485000.0,201000.0,295000.0,420000.0,256666.67,29.8701,0.00519,200600.0,22.9312,0.003089,196200.0,11.7227,0.001722,181533.33,8.4466,0.001198,176750.0,6.5064,0.000947,207233.33,3.6995,0.000644
20261007,5536,聖暉*,2644000.0,1947000.0,2556000.0,1733000.0,1979000.0,1430000.0,655000.0,692000.0,1246000.0,2103000.0,778000.0,857000.0,343000.0,188000.0,392000.0,231000.0,509000.0,506000.0,547000.0,586000.0,731000.0,524000.0,1112000.0,1230000.0,651000.0,761000.0,803000.0,374000.0,876000.0,550000.0,2382333.33,36.9945,0.059659,2171800.0,24.3485,0.035514,1698500.0,15.5667,0.01979,1302866.67,13.5291,0.013777,1096100.0,12.0609,0.01089,984466.67,8.9524,0.007407
20261007,5543,桓鼎-KY,9000.0,3000.0,9000.0,1000.0,7000.0,9000.0,15000.0,2000.0,9000.0,10000.0,6000.0,19000.0,11000.0,21000.0,13000.0,10000.0,26000.0,6000.0,3000.0,5000.0,15000.0,10000.0,2000.0,4000.0,22000.0,43000.0,158000.0,106000.0,17000.0,4000.0,7000.0,42.8571,0.000203,5800.0,31.0345,0.000121,7400.0,12.1622,6.7e-05,9600.0,6.25,4.7e-05,9700.0,4.6392,3.7e-05,19166.67,1.5652,2.5e-05
20261007,5547,久舜,22000.0,18000.0,14000.0,10000.0,13000.0,27000.0,18000.0,19000.0,28000.0,29000.0,29000.0,23000.0,26000.0,17000.0,10000.0,11000.0,41000.0,24000.0,41000.0,104000.0,12000.0,7000.0,11000.0,27000.0,24000.0,36000.0,4000.0,10000.0,21000.0,10000.0,18000.0,40.7407,0.000496,15400.0,28.5714,0.000296,19800.0,11.1111,0.000165,20200.0,7.2607,0.000115,26200.0,4.1985,9.1e-05,22866.67,3.207,6.2e-05
20261007,5548,安倉,13000.0,29000.0,26000.0,15000.0,74000.0,41000.0,11000.0,15000.0,27000.0,23000.0,32000.0,32000.0,16000.0,18000.0,9000.0,12000.0,1000.0,4000.0,17000.0,16000.0,10000.0,3000.0,6000.0,8000.0,20000.0,9000.0,17000.0,20000.0,9000.0,13000.0,22666.67,19.1176,0.000293,31400.0,8.2803,0.000175,27400.0,4.7445,9.7e-05,25400.0,3.4121,6.8e-05,21550.0,3.0162,5.4e-05,18200.0,2.381,3.6e-05
20261007,5601,台聯櫃,,10000.0,,3000.0,5000.0,,5000.0,5000.0,,25000.0,10000.0,,,26000.0,,10000.0,17000.0,,,15000.0,11000.0,6000.0,16000.0,,,,6000.0,20000.0,13000.0,11000.0,10000.0,,,6000.0,,,8833.33,,,11125.0,,,11909.09,,,11888.89,,
20261007,5603,陸海,117000.0,233000.0,37000.0,46000.0,149000.0,84000.0,41000.0,33000.0,51000.0,37000.0,63000.0,465000.0,77000.0,28000.0,46000.0,85000.0,176000.0,114000.0,55000.0,201000.0,37000.0,107000.0,150000.0,61000.0,46000.0,78000.0,37000.0,52000.0,143000.0,400000.0,129000.0,30.2326,0.00264,116400.0,20.1031,0.001572,82800.0,14.1304,0.000876,100466.67,7.7638,0.00061,106900.0,5.4724,0.000482,108300.0,3.6011,0.000328
20261007,5604,中連,16000.0,12000.0,10000.0,15000.0,2000.0,10000.0,13000.0,9000.0,15000.0,9000.0,17000.0,15000.0,6000.0,1000.0,9000.0,13000.0,6000.0,5000.0,7000.0,7000.0,59000.0,6000.0,7000.0,18000.0,19000.0,32000.0,9000.0,13000.0,2000.0,4000.0,12666.67,42.1053,0.000361,11000.0,29.0909,0.000215,11100.0,14.4144,0.00012,10600.0,10.0629,8.3e-05,9850.0,8.1218,6.6e-05,12200.0,4.3716,4.5e-05
20261007,5609,中菲行,191000.0,246000.0,162000.0,69000.0,62000.0,121000.0,103000.0,34000.0,44000.0,38000.0,93000.0,135000.0,47000.0,23000.0,81000.0,134000.0,142000.0,199000.0,98000.0,119000.0,112000.0,44000.0,75000.0,65000.0,119000.0,74000.0,97000.0,99000.0,183000.0,345000.0,199666.67,31.8865,0.00431,146000.0,26.1644,0.002566,107000.0,17.8505,0.00143,96600.0,13.1815,0.000995,107050.0,8.9211,0.000787,111800.0,5.6947,0.000535
20261007,5701,劍湖山,140000.0,21000.0,116000.0,55000.0,39000.0,76000.0,123000.0,206000.0,186000.0,215000.0,140000.0,41000.0,72000.0,68000.0,121000.0,20000.0,94000.0,43000.0,74000.0,37000.0,51000.0,51000.0,36000.0,72000.0,86000.0,179000.0,575000.0,90000.0,64000.0,132000.0,92333.33,50.5415,0.003159,74200.0,37.7358,0.00188,117700.0,11.8946,0.001048,107933.33,8.6473,0.000729,94350.0,7.4192,0.000577,107433.33,4.3438,0.000392
20261007,5703,亞都,2000.0,1000.0,1000.0,,,3000.0,,,,,2000.0,13000.0,2000.0,1000.0,,,20000.0,16000.0,3000.0,,3000.0,,4000.0,52000.0,31000.0,4000.0,10000.0,7000.0,6000.0,9000.0,1333.33,50.0,4.5e-05,1333.33,50.0,2.7e-05,1750.0,28.5714,1.5e-05,3125.0,8.0,1e-05,5818.18,3.125,8e-06,9500.0,1.0526,6e-06
20261007,5704,老爺知,22000.0,22000.0,49000.0,10000.0,9000.0,85000.0,6000.0,7000.0,9000.0,23000.0,69000.0,17000.0,17000.0,18000.0,28000.0,16000.0,19000.0,25000.0,9000.0,45000.0,57000.0,52000.0,32000.0,41000.0,31000.0,54000.0,79000.0,20000.0,28000.0,108000.0,31000.0,23.6559,0.000496,22400.0,19.6429,0.000296,24200.0,9.0909,0.000165,26066.67,5.6266,0.000115,25250.0,4.3564,9.1e-05,33566.67,2.1847,6.2e-05
20261007,5864,致和證,2592000.0,5006000.0,3157000.0,2438000.0,3329000.0,5176000.0,1763000.0,1935000.0,2279000.0,5955000.0,4818000.0,3022000.0,1957000.0,1326000.0,1842000.0,2357000.0,4772000.0,1723000.0,3170000.0,2892000.0,3071000.0,2138000.0,2585000.0,2374000.0,2569000.0,2668000.0,4109000.0,2696000.0,2125000.0,2668000.0,3585000.0,24.1004,0.058485,3304400.0,15.6882,0.034816,3363000.0,7.7074,0.019401,3106333.33,5.5628,0.013506,3075450.0,4.214,0.010676,2950400.0,2.9284,0.007261
20261007,5878,台名,4000.0,5000.0,17000.0,5000.0,3000.0,5000.0,8000.0,2000.0,4000.0,,,4000.0,,3000.0,3000.0,1000.0,6000.0,2000.0,4000.0,3000.0,7000.0,1000.0,2000.0,9000.0,6000.0,4000.0,7000.0,1000.0,,5000.0,8666.67,15.3846,9e-05,6800.0,11.7647,5.4e-05,5888.89,7.5472,3e-05,5250.0,6.3492,2.1e-05,4647.06,5.0633,1.6e-05,4653.85,3.3058,1.1e-05
20261007,5902,德記,10000.0,415000.0,106000.0,17000.0,9000.0,75000.0,5000.0,81000.0,116000.0,377000.0,27000.0,,11000.0,113000.0,114000.0,191000.0,40000.0,99000.0,136000.0,157000.0,164000.0,2000.0,5000.0,4000.0,4000.0,,2000.0,9000.0,14000.0,12000.0,177000.0,1.8832,0.000226,111400.0,1.7953,0.000134,121100.0,0.8258,7.5e-05,105428.57,0.6775,5.2e-05,110473.68,0.4764,4.1e-05,82678.57,0.432,2.8e-05
20261007,5903,全家,13000.0,9000.0,42000.0,13000.0,15000.0,16000.0,17000.0,42000.0,34000.0,21000.0,22000.0,13000.0,15000.0,9000.0,17000.0,12000.0,8000.0,11000.0,13000.0,14000.0,17000.0,5000.0,30000.0,6000.0,24000.0,10000.0,8000.0,27000.0,11000.0,14000.0,21333.33,20.3125,0.000293,18400.0,14.1304,0.000175,22200.0,5.8559,9.7e-05,19866.67,4.3624,6.8e-05,17800.0,3.6517,5.4e-05,16933.33,2.5591,3.6e-05
20261007,5904,寶雅*,3063000.0,2607000.0,2756000.0,3935000.0,3109000.0,4825000.0,4138000.0,7271000.0,4678000.0,6988000.0,4745000.0,5788000.0,12779000.0,4461000.0,3922000.0,3294000.0,5069000.0,3048000.0,4868000.0,2485000.0,3843000.0,6447000.0,9461000.0,3537000.0,7118000.0,5358000.0,5232000.0,6126000.0,4959000.0,6970000.0,2808666.67,36.3518,0.069113,3094000.0,19.7996,0.041142,4337000.0,7.0625,0.022927,5004333.33,4.0805,0.01596,4691450.0,3.2644,0.012616,5096000.0,2.0035,0.008581
20261007,5905,南仁湖,226000.0,341000.0,236000.0,193000.0,223000.0,354000.0,441000.0,216000.0,330000.0,353000.0,356000.0,227000.0,142000.0,384000.0,207000.0,655000.0,535000.0,660000.0,674000.0,699000.0,446000.0,375000.0,411000.0,268000.0,266000.0,345000.0,923000.0,458000.0,391000.0,264000.0,267666.67,28.1445,0.005099,243800.0,18.5398,0.003036,291300.0,7.7583,0.001692,281933.33,5.3441,0.001178,372600.0,3.0327,0.000931,386633.33,1.9484,0.000633
20261007,6015,宏遠證,1640000.0,1617000.0,2966000.0,1572000.0,2975000.0,2620000.0,1190000.0,1951000.0,2354000.0,3710000.0,5622000.0,3165000.0,2645000.0,1125000.0,1668000.0,1721000.0,2035000.0,1390000.0,5632000.0,5927000.0,2173000.0,2319000.0,2104000.0,908000.0,2370000.0,1594000.0,2381000.0,1508000.0,1049000.0,788000.0,2074333.33,26.3538,0.037005,2154000.0,15.2275,0.022028,2259500.0,7.2582,0.012275,2454666.67,4.4541,0.008545,2676250.0,3.064,0.006755,2357300.0,2.319,0.004594
20261007,6016,康和證,2394000.0,4580000.0,4937000.0,2839000.0,6094000.0,5258000.0,2334000.0,3085000.0,4983000.0,6768000.0,7014000.0,4018000.0,5397000.0,2651000.0,3882000.0,3366000.0,3461000.0,4059000.0,7378000.0,11626000.0,8085000.0,6421000.0,6322000.0,6339000.0,3119000.0,3646000.0,9505000.0,3616000.0,1922000.0,1305000.0,3970333.33,20.0991,0.054018,4168800.0,11.4853,0.032156,4327200.0,5.5324,0.017919,4415600.0,3.6145,0.012474,4806200.0,2.4905,0.009861,4880133.33,1.6352,0.006707
20261007,6020,大展證,6000.0,6000.0,20000.0,12000.0,6000.0,12000.0,3000.0,11000.0,36000.0,27000.0,64000.0,15000.0,91000.0,11000.0,9000.0,15000.0,20000.0,22000.0,8000.0,19000.0,11000.0,26000.0,18000.0,2000.0,18000.0,10000.0,11000.0,2000.0,10000.0,12000.0,10666.67,18.75,0.000135,10000.0,12.0,8.1e-05,13900.0,4.3165,4.5e-05,21933.33,1.8237,3.1e-05,20650.0,1.4528,2.5e-05,17766.67,1.1257,1.7e-05
20261007,6021,美好證,122000.0,295000.0,168000.0,52000.0,92000.0,116000.0,190000.0,182000.0,438000.0,387000.0,522000.0,426000.0,624000.0,515000.0,467000.0,619000.0,387000.0,735000.0,355000.0,740000.0,299000.0,274000.0,104000.0,119000.0,82000.0,152000.0,104000.0,80000.0,196000.0,201000.0,195000.0,20.8547,0.002753,145800.0,16.7353,0.001639,204200.0,5.9745,0.000913,306400.0,2.6545,0.000636,371600.0,1.6416,0.000503,301433.33,1.3491,0.000342
20261007,6023,元大期,250000.0,172000.0,727000.0,355000.0,996000.0,733000.0,434000.0,1165000.0,483000.0,262000.0,601000.0,401000.0,1537000.0,411000.0,315000.0,242000.0,359000.0,1431000.0,1939000.0,861000.0,4104000.0,358000.0,399000.0,336000.0,570000.0,1197000.0,310000.0,335000.0,648000.0,372000.0,383000.0,21.7581,0.005641,500000.0,10.0,0.003358,557700.0,4.4827,0.001871,589466.67,2.8274,0.001303,683700.0,1.8283,0.00103,743433.33,1.1209,0.0007
20261007,6026,福邦證,429000.0,823000.0,850000.0,755000.0,975000.0,1096000.0,612000.0,644000.0,1771000.0,2368000.0,2022000.0,835000.0,1712000.0,811000.0,909000.0,832000.0,810000.0,645000.0,853000.0,1373000.0,1340000.0,947000.0,1358000.0,623000.0,887000.0,837000.0,1369000.0,1719000.0,1006000.0,520000.0,700666.67,20.4091,0.00968,766400.0,11.1952,0.005762,1032300.0,4.1558,0.003211,1107466.67,2.5825,0.002235,1056250.0,2.0308,0.001767,1057700.0,1.352,0.001202
20261007,6028,公勝保經,171000.0,50000.0,35000.0,9000.0,11000.0,7000.0,19000.0,25000.0,33000.0,16000.0,8000.0,1000.0,5000.0,4000.0,12000.0,1000.0,9000.0,5000.0,5000.0,6000.0,4000.0,14000.0,19000.0,19000.0,5000.0,2000.0,11000.0,16000.0,12000.0,143000.0,85333.33,66.7969,0.003858,55200.0,61.9565,0.002297,37600.0,45.4787,0.00128,27066.67,42.1182,0.000891,21600.0,39.5833,0.000704,22566.67,25.2585,0.000479
20261007,6101,寬魚國際,361000.0,166000.0,195000.0,85000.0,197000.0,226000.0,72000.0,59000.0,95000.0,242000.0,253000.0,205000.0,124000.0,59000.0,368000.0,195000.0,116000.0,226000.0,321000.0,330000.0,128000.0,253000.0,313000.0,156000.0,473000.0,101000.0,242000.0,213000.0,345000.0,183000.0,240666.67,50.0,0.008146,200800.0,35.9562,0.004849,169800.0,21.2603,0.002702,180466.67,13.3358,0.001881,194750.0,9.2683,0.001487,210066.67,5.7283,0.001011
20261007,6103,合邦,64000.0,9000.0,20000.0,44000.0,14000.0,131000.0,124000.0,57000.0,57000.0,40000.0,40000.0,146000.0,28000.0,14000.0,12000.0,3000.0,13000.0,13000.0,10000.0,44000.0,42000.0,23000.0,57000.0,39000.0,28000.0,87000.0,207000.0,33000.0,12000.0,13000.0,31000.0,68.8172,0.001444,30200.0,42.3841,0.00086,56000.0,11.4286,0.000479,53333.33,8.0,0.000333,44150.0,7.248,0.000264,47466.67,4.4944,0.000179
20261007,6104,創惟,475000.0,1287000.0,466000.0,233000.0,424000.0,412000.0,264000.0,318000.0,197000.0,357000.0,382000.0,390000.0,298000.0,170000.0,267000.0,239000.0,255000.0,268000.0,273000.0,706000.0,337000.0,275000.0,524000.0,295000.0,372000.0,631000.0,1020000.0,1482000.0,1662000.0,713000.0,742666.67,21.3196,0.010718,577000.0,16.4645,0.00638,443300.0,10.7151,0.003555,396000.0,7.9966,0.002475,384050.0,6.1841,0.001956,499733.33,3.1684,0.001331
20261007,6109,亞元,99000.0,67000.0,54000.0,125000.0,59000.0,131000.0,127000.0,36000.0,97000.0,80000.0,110000.0,65000.0,112000.0,178000.0,156000.0,57000.0,98000.0,142000.0,130000.0,140000.0,113000.0,85000.0,72000.0,94000.0,100000.0,61000.0,61000.0,74000.0,96000.0,65000.0,73333.33,45.0,0.002234,80800.0,24.505,0.00133,87500.0,11.3143,0.000741,99733.33,6.6176,0.000516,103150.0,4.7988,0.000408,96133.33,3.4327,0.000277
20261007,6111,光聚晶電,79000.0,112000.0,126000.0,218000.0,108000.0,231000.0,200000.0,175000.0,104000.0,190000.0,133000.0,374000.0,177000.0,170000.0,139000.0,154000.0,292000.0,59000.0,72000.0,209000.0,70000.0,175000.0,166000.0,127000.0,192000.0,323000.0,131000.0,61000.0,222000.0,107000.0,105666.67,24.9211,0.001783,128600.0,12.2862,0.001061,154300.0,5.1199,0.000591,169066.67,3.1151,0.000412,166100.0,2.3781,0.000325,163200.0,1.6136,0.000221
20261007,6113,亞矽,52000.0,105000.0,206000.0,840000.0,621000.0,72000.0,26000.0,20000.0,43000.0,51000.0,80000.0,112000.0,34000.0,35000.0,38000.0,69000.0,80000.0,69000.0,116000.0,59000.0,158000.0,112000.0,112000.0,134000.0,56000.0,81000.0,48000.0,72000.0,55000.0,87000.0,121000.0,14.3251,0.001173,364800.0,2.8509,0.000698,203600.0,2.554,0.000389,155666.67,2.227,0.000271,136400.0,1.9062,0.000214,121433.33,1.4274,0.000146
20261007,6114,久威,52000.0,54000.0,25000.0,23000.0,,99000.0,16000.0,12000.0,27000.0,86000.0,20000.0,22000.0,4000.0,47000.0,29000.0,9000.0,33000.0,49000.0,14000.0,7000.0,9000.0,11000.0,16000.0,9000.0,10000.0,8000.0,11000.0,17000.0,27000.0,14000.0,43666.67,39.6947,0.001173,38500.0,33.7662,0.000698,43777.78,13.198,0.000389,36857.14,10.0775,0.000271,33052.63,8.2803,0.000214,26206.9,6.8421,0.000146
20261007,6118,建達,206000.0,49000.0,133000.0,207000.0,852000.0,699000.0,656000.0,1118000.0,940000.0,174000.0,165000.0,50000.0,25000.0,98000.0,62000.0,63000.0,109000.0,88000.0,57000.0,49000.0,89000.0,202000.0,87000.0,92000.0,71000.0,35000.0,70000.0,49000.0,92000.0,67000.0,129333.33,53.0928,0.004648,289400.0,14.2364,0.002767,503400.0,4.0922,0.001542,362266.67,3.7909,0.001073,290000.0,3.5517,0.000848,221800.0,3.0959,0.000577
20261007,6121,新普,319000.0,1092000.0,423000.0,348000.0,291000.0,389000.0,307000.0,161000.0,336000.0,551000.0,420000.0,1747000.0,604000.0,498000.0,310000.0,250000.0,617000.0,375000.0,367000.0,665000.0,789000.0,267000.0,477000.0,353000.0,358000.0,389000.0,358000.0,499000.0,533000.0,487000.0,611333.33,17.3937,0.007198,494600.0,12.8993,0.004285,421700.0,7.5646,0.002388,519733.33,4.0918,0.001662,503500.0,3.1678,0.001314,486000.0,2.1879,0.000894
20261007,6122,擎邦,1317000.0,2842000.0,2892000.0,2127000.0,2098000.0,2280000.0,2299000.0,2682000.0,2160000.0,903000.0,410000.0,278000.0,299000.0,185000.0,248000.0,333000.0,256000.0,148000.0,312000.0,160000.0,326000.0,876000.0,2005000.0,137000.0,92000.0,108000.0,153000.0,207000.0,97000.0,264000.0,2350333.33,18.6782,0.029716,2255200.0,11.6797,0.01769,2160000.0,6.0972,0.009858,1534666.67,5.7211,0.006862,1211450.0,5.4356,0.005425,949800.0,4.622,0.00369
20261007,6123,上奇,17000.0,20000.0,42000.0,32000.0,21000.0,87000.0,38000.0,34000.0,32000.0,29000.0,42000.0,13000.0,28000.0,20000.0,63000.0,24000.0,37000.0,23000.0,70000.0,20000.0,33000.0,23000.0,31000.0,30000.0,31000.0,10000.0,27000.0,49000.0,57000.0,18000.0,26333.33,21.519,0.000384,26400.0,12.8788,0.000228,35200.0,4.8295,0.000127,34533.33,3.2819,8.9e-05,34600.0,2.4566,7e-05,33366.67,1.6983,4.8e-05
20261007,6124,業強,4000.0,29000.0,20000.0,25000.0,4000.0,12000.0,1000.0,17000.0,15000.0,15000.0,5000.0,5000.0,6000.0,5000.0,2000.0,3000.0,16000.0,5000.0,33000.0,4000.0,22000.0,25000.0,12000.0,14000.0,15000.0,24000.0,45000.0,22000.0,12000.0,12000.0,17666.67,7.5472,9e-05,16400.0,4.878,5.4e-05,14200.0,2.8169,3e-05,11000.0,2.4242,2.1e-05,11300.0,1.7699,1.6e-05,14300.0,0.9324,1.1e-05
20261007,6125,廣運,460000.0,460000.0,754000.0,943000.0,339000.0,480000.0,327000.0,288000.0,335000.0,502000.0,314000.0,503000.0,362000.0,374000.0,419000.0,421000.0,733000.0,522000.0,584000.0,576000.0,731000.0,1153000.0,3282000.0,1144000.0,628000.0,908000.0,873000.0,1224000.0,871000.0,1598000.0,558000.0,27.4791,0.010379,591200.0,15.5616,0.006179,488800.0,9.4108,0.003443,457333.33,6.7055,0.002397,484800.0,4.7442,0.001895,736933.33,2.0807,0.001289
20261007,6126,信音,437000.0,1252000.0,4561000.0,487000.0,187000.0,282000.0,193000.0,260000.0,289000.0,413000.0,638000.0,1216000.0,2196000.0,580000.0,294000.0,252000.0,241000.0,435000.0,340000.0,453000.0,426000.0,250000.0,595000.0,273000.0,365000.0,229000.0,378000.0,337000.0,200000.0,268000.0,2083333.33,6.992,0.00986,1384800.0,6.3114,0.00587,836100.0,5.2266,0.003271,885666.67,3.2894,0.002277,750300.0,2.9122,0.0018,610900.0,2.3845,0.001224
20261007,6127,九豪,12157000.0,4366000.0,11098000.0,29437000.0,16443000.0,4064000.0,6392000.0,1309000.0,1215000.0,1794000.0,1670000.0,1299000.0,1615000.0,1640000.0,2057000.0,2074000.0,3997000.0,6237000.0,3552000.0,1832000.0,2483000.0,3088000.0,1821000.0,2198000.0,3928000.0,2977000.0,8176000.0,2292000.0,1852000.0,1101000.0,9207000.0,44.0136,0.274307,14700200.0,16.5399,0.163292,8827500.0,13.7717,0.090995,6437066.67,12.5906,0.063344,5712400.0,10.6409,0.050073,4805466.67,8.4328,0.034058
20261007,6129,普誠,261000.0,321000.0,608000.0,500000.0,241000.0,393000.0,123000.0,281000.0,385000.0,466000.0,750000.0,331000.0,954000.0,854000.0,233000.0,638000.0,,,,,,,,549000.0,546000.0,752000.0,400000.0,517000.0,335000.0,759000.0,396666.67,21.9328,0.005889,386200.0,13.5163,0.003506,357900.0,7.2925,0.001954,446733.33,3.8949,0.00136,458687.5,3.5563,0.001075,486826.09,2.331,0.000731
20261007,6130,上亞科技,25000.0,68000.0,581000.0,303000.0,15000.0,155000.0,79000.0,61000.0,52000.0,63000.0,65000.0,97000.0,28000.0,56000.0,499000.0,59000.0,89000.0,46000.0,76000.0,316000.0,62000.0,102000.0,89000.0,75000.0,69000.0,79000.0,161000.0,73000.0,138000.0,68000.0,224666.67,3.7092,0.000564,198400.0,2.5202,0.000336,140200.0,1.7832,0.000187,143133.33,1.1644,0.00013,136650.0,0.9147,0.000103,121633.33,0.6851,7e-05
20261007,6134,萬旭,298000.0,542000.0,1292000.0,149000.0,166000.0,168000.0,52000.0,85000.0,108000.0,280000.0,284000.0,45000.0,150000.0,228000.0,54000.0,79000.0,114000.0,101000.0,176000.0,193000.0,191000.0,246000.0,107000.0,102000.0,108000.0,237000.0,153000.0,152000.0,219000.0,85000.0,710666.67,13.9775,0.006724,489400.0,12.1782,0.004003,314000.0,9.4904,0.002231,260066.67,7.6391,0.001553,228200.0,6.5294,0.001227,205466.67,4.8345,0.000835
20261007,6138,茂達,952000.0,517000.0,1158000.0,719000.0,661000.0,319000.0,386000.0,232000.0,334000.0,459000.0,294000.0,534000.0,312000.0,221000.0,212000.0,302000.0,310000.0,288000.0,361000.0,920000.0,899000.0,215000.0,385000.0,464000.0,505000.0,595000.0,1319000.0,1087000.0,792000.0,553000.0,875666.67,36.2391,0.021481,801400.0,23.7584,0.012787,573700.0,16.594,0.007126,487333.33,13.0233,0.00496,474550.0,10.0306,0.003921,543500.0,5.8387,0.002667
20261007,6140,訊達,948000.0,1009000.0,210000.0,133000.0,212000.0,315000.0,332000.0,549000.0,681000.0,1674000.0,2616000.0,1190000.0,848000.0,1565000.0,326000.0,289000.0,113000.0,65000.0,42000.0,44000.0,40000.0,59000.0,45000.0,50000.0,26000.0,38000.0,54000.0,32000.0,62000.0,122000.0,722333.33,43.7471,0.02139,502400.0,37.7389,0.012733,606300.0,15.6358,0.007096,840533.33,7.519,0.00494,658050.0,7.2031,0.003905,456300.0,6.9253,0.002656
20261007,6143,振曜,391000.0,521000.0,575000.0,173000.0,239000.0,179000.0,167000.0,135000.0,273000.0,233000.0,121000.0,202000.0,212000.0,336000.0,504000.0,211000.0,375000.0,399000.0,329000.0,539000.0,321000.0,340000.0,273000.0,244000.0,314000.0,195000.0,237000.0,293000.0,173000.0,151000.0,495666.67,26.2946,0.008822,379800.0,20.5898,0.005252,288600.0,13.5482,0.002927,284066.67,9.1762,0.002037,305700.0,6.3952,0.00161,288500.0,4.5176,0.001095
20261007,6144,得利影,34000.0,16000.0,55000.0,120000.0,12000.0,5000.0,7000.0,4000.0,5000.0,23000.0,28000.0,20000.0,5000.0,12000.0,13000.0,1000.0,10000.0,13000.0,6000.0,1000.0,3000.0,3000.0,14000.0,18000.0,5000.0,17000.0,5000.0,5000.0,11000.0,30000.0,35000.0,32.381,0.000767,47400.0,14.346,0.000457,28100.0,12.0996,0.000254,23933.33,9.4708,0.000177,19500.0,8.7179,0.00014,16700.0,6.7864,9.5e-05
20261007,6146,耕興,156000.0,158000.0,133000.0,224000.0,211000.0,202000.0,152000.0,174000.0,241000.0,181000.0,126000.0,263000.0,360000.0,697000.0,211000.0,169000.0,195000.0,232000.0,187000.0,169000.0,207000.0,575000.0,388000.0,286000.0,163000.0,138000.0,156000.0,197000.0,193000.0,262000.0,149000.0,34.8993,0.00352,176400.0,17.6871,0.002095,183200.0,8.5153,0.001168,232600.0,4.4712,0.000813,222050.0,3.5127,0.000643,233533.33,2.2267,0.000437
20261007,6147,頎邦,78639000.0,21198000.0,33804000.0,28052000.0,48758000.0,20808000.0,20081000.0,15040000.0,39304000.0,53143000.0,40412000.0,72627000.0,70040000.0,64262000.0,63670000.0,41513000.0,24656000.0,56352000.0,47727000.0,49418000.0,47256000.0,62692000.0,63936000.0,15421000.0,22963000.0,20856000.0,52447000.0,70294000.0,29810000.0,14250000.0,44547000.0,58.8435,1.77439,42090200.0,37.3669,1.056274,35882700.0,21.9156,0.588612,44655866.67,11.74,0.409751,44475200.0,8.8408,0.323903,42980966.67,6.0987,0.220306
20261007,6148,驊宏資,1374000.0,5306000.0,1099000.0,1106000.0,1083000.0,1353000.0,1902000.0,6786000.0,1999000.0,2662000.0,14820000.0,9048000.0,5412000.0,21382000.0,4808000.0,1342000.0,1762000.0,56000.0,69000.0,69000.0,142000.0,163000.0,86000.0,35000.0,33000.0,40000.0,95000.0,117000.0,80000.0,78000.0,2593000.0,17.6629,0.031003,1993600.0,13.7841,0.018455,2467000.0,5.5695,0.010284,5342666.67,1.7145,0.007159,4171900.0,1.6467,0.005659,2810233.33,1.6298,0.003849
20261007,6150,撼訊,208000.0,405000.0,668000.0,1738000.0,3208000.0,340000.0,114000.0,69000.0,292000.0,175000.0,172000.0,160000.0,89000.0,75000.0,147000.0,218000.0,977000.0,308000.0,293000.0,145000.0,133000.0,167000.0,175000.0,390000.0,90000.0,85000.0,130000.0,86000.0,140000.0,297000.0,427000.0,16.2373,0.004693,1245400.0,3.3403,0.002794,721700.0,2.8821,0.001557,524000.0,2.6463,0.001084,490050.0,2.1222,0.000857,383133.33,1.8096,0.000583
20261007,6151,晉倫,137000.0,67000.0,71000.0,78000.0,93000.0,117000.0,102000.0,78000.0,60000.0,123000.0,41000.0,131000.0,65000.0,170000.0,66000.0,89000.0,77000.0,60000.0,88000.0,149000.0,93000.0,65000.0,152000.0,129000.0,132000.0,94000.0,96000.0,76000.0,80000.0,57000.0,91666.67,49.8182,0.003091,89200.0,30.7175,0.00184,92600.0,14.7948,0.001025,93266.67,9.7927,0.000714,93100.0,7.3577,0.000564,94533.33,4.8307,0.000384
20261007,6154,順發,8000.0,5000.0,25000.0,20000.0,40000.0,33000.0,26000.0,42000.0,54000.0,40000.0,17000.0,10000.0,34000.0,21000.0,14000.0,23000.0,32000.0,15000.0,8000.0,19000.0,10000.0,6000.0,12000.0,20000.0,33000.0,8000.0,10000.0,61000.0,7000.0,4000.0,12666.67,21.0526,0.000181,19600.0,8.1633,0.000107,29300.0,2.7304,6e-05,25933.33,2.0566,4.2e-05,24300.0,1.6461,3.3e-05,21900.0,1.2177,2.2e-05
20261007,6156,松上,2039000.0,2698000.0,567000.0,700000.0,767000.0,741000.0,907000.0,196000.0,341000.0,341000.0,420000.0,390000.0,621000.0,328000.0,254000.0,422000.0,1452000.0,315000.0,316000.0,397000.0,200000.0,380000.0,453000.0,430000.0,436000.0,512000.0,514000.0,803000.0,377000.0,369000.0,1768000.0,38.4427,0.046007,1354200.0,30.1137,0.027388,929700.0,21.9318,0.015262,754000.0,18.0283,0.010624,710600.0,14.347,0.008398,622866.67,10.9119,0.005712
20261007,6158,禾昌,35000.0,59000.0,152000.0,447000.0,36000.0,88000.0,14000.0,26000.0,57000.0,19000.0,36000.0,52000.0,93000.0,43000.0,23000.0,44000.0,15000.0,3000.0,32000.0,31000.0,39000.0,43000.0,124000.0,217000.0,50000.0,37000.0,12000.0,38000.0,28000.0,13000.0,82000.0,14.2276,0.00079,145800.0,4.8011,0.00047,93300.0,3.7513,0.000262,78666.67,2.9661,0.000182,65250.0,2.682,0.000144,63533.33,1.8363,9.8e-05
20261007,6160,欣技,58000.0,103000.0,29000.0,57000.0,44000.0,59000.0,39000.0,62000.0,36000.0,37000.0,96000.0,56000.0,37000.0,24000.0,50000.0,28000.0,36000.0,29000.0,24000.0,42000.0,24000.0,46000.0,70000.0,127000.0,47000.0,36000.0,81000.0,59000.0,71000.0,244000.0,63333.33,30.5263,0.001309,58200.0,19.9313,0.000779,52400.0,11.0687,0.000434,52466.67,7.3698,0.000302,47300.0,6.1311,0.000239,58366.67,3.3124,0.000162
20261007,6161,捷波,28000.0,23000.0,59000.0,65000.0,38000.0,203000.0,59000.0,44000.0,131000.0,26000.0,39000.0,85000.0,84000.0,46000.0,62000.0,51000.0,169000.0,478000.0,63000.0,91000.0,78000.0,96000.0,391000.0,26000.0,49000.0,76000.0,98000.0,111000.0,51000.0,113000.0,36666.67,25.4545,0.000632,42600.0,13.1455,0.000376,67600.0,4.142,0.00021,66133.33,2.8226,0.000146,92200.0,1.5184,0.000115,97766.67,0.9547,7.8e-05
20261007,6163,華電網,1063000.0,1139000.0,3909000.0,495000.0,676000.0,1247000.0,476000.0,757000.0,615000.0,459000.0,1203000.0,572000.0,785000.0,771000.0,1546000.0,343000.0,688000.0,196000.0,181000.0,343000.0,267000.0,317000.0,1138000.0,626000.0,440000.0,414000.0,382000.0,601000.0,354000.0,257000.0,2037000.0,17.3949,0.023985,1456400.0,14.5976,0.014278,1083600.0,9.8099,0.007957,1047533.33,6.7651,0.005539,873200.0,6.0868,0.004378,742000.0,4.7754,0.002978
20261007,6167,久正,,194000.0,311000.0,237000.0,182000.0,199000.0,175000.0,229000.0,153000.0,296000.0,164000.0,159000.0,194000.0,114000.0,140000.0,177000.0,346000.0,154000.0,76000.0,158000.0,193000.0,342000.0,329000.0,198000.0,505000.0,536000.0,405000.0,430000.0,144000.0,40000.0,252500.0,,,231000.0,,,219555.56,,,196214.29,,,192526.32,,,233793.1,,
20261007,6169,昱泉,16000.0,2000.0,,12000.0,8000.0,2000.0,10000.0,6000.0,5000.0,18000.0,6000.0,21000.0,4000.0,9000.0,2000.0,9000.0,17000.0,6000.0,,14000.0,6000.0,18000.0,10000.0,6000.0,13000.0,10000.0,3000.0,8000.0,6000.0,6000.0,9000.0,88.8889,0.000361,9500.0,42.1053,0.000215,8777.78,20.2532,0.00012,8642.86,13.2231,8.3e-05,9277.78,9.5808,6.6e-05,9035.71,6.3241,4.5e-05
20261007,6170,統振,115000.0,132000.0,146000.0,114000.0,161000.0,125000.0,195000.0,107000.0,117000.0,82000.0,119000.0,152000.0,148000.0,103000.0,88000.0,101000.0,94000.0,120000.0,468000.0,189000.0,63000.0,127000.0,180000.0,118000.0,158000.0,80000.0,169000.0,170000.0,199000.0,58000.0,131000.0,29.2621,0.002595,133600.0,17.2156,0.001545,129400.0,8.8872,0.000861,126933.33,6.0399,0.000599,143800.0,3.9986,0.000474,139933.33,2.7394,0.000322
20261007,6171,大城地產,178000.0,37000.0,121000.0,339000.0,435000.0,149000.0,90000.0,33000.0,53000.0,58000.0,39000.0,178000.0,69000.0,16000.0,5000.0,57000.0,52000.0,5000.0,45000.0,20000.0,56000.0,45000.0,54000.0,38000.0,35000.0,54000.0,54000.0,139000.0,156000.0,78000.0,112000.0,52.9762,0.004016,222000.0,16.036,0.002391,149300.0,11.9223,0.001332,120000.0,9.8889,0.000927,98950.0,8.9944,0.000733,89600.0,6.622,0.000499
20261007,6173,信昌電,,5379000.0,11506000.0,23916000.0,31024000.0,10697000.0,6830000.0,11387000.0,9998000.0,15447000.0,13283000.0,18216000.0,25894000.0,27771000.0,28887000.0,25410000.0,59199000.0,21350000.0,12343000.0,16950000.0,12170000.0,18224000.0,12412000.0,9462000.0,21704000.0,28268000.0,17292000.0,10757000.0,6116000.0,8336000.0,8442500.0,,,17956250.0,,,14020444.44,,,17159642.86,,,19762473.68,,,17938896.55,,
20261007,6174,安碁,5824000.0,2815000.0,1302000.0,1557000.0,1588000.0,499000.0,1082000.0,529000.0,802000.0,300000.0,759000.0,360000.0,535000.0,1180000.0,586000.0,482000.0,327000.0,369000.0,666000.0,595000.0,691000.0,308000.0,723000.0,387000.0,726000.0,413000.0,667000.0,752000.0,799000.0,942000.0,3313666.67,58.5857,0.131411,2617200.0,44.5056,0.078228,1629800.0,35.7344,0.043593,1314533.33,29.5365,0.030346,1107850.0,26.2851,0.023988,952166.67,20.3886,0.016316
20261007,6175,立敦,3676000.0,1037000.0,2757000.0,4673000.0,5454000.0,504000.0,249000.0,321000.0,474000.0,747000.0,919000.0,418000.0,303000.0,440000.0,337000.0,379000.0,499000.0,718000.0,429000.0,542000.0,765000.0,1248000.0,744000.0,827000.0,999000.0,1048000.0,2410000.0,1457000.0,677000.0,387000.0,2490000.0,49.2102,0.082944,3519400.0,20.8899,0.049376,1989200.0,18.4798,0.027515,1487266.67,16.4777,0.019154,1243800.0,14.7773,0.015141,1181266.67,10.373,0.010298
20261007,6179,亞通,4470000.0,7782000.0,4000000.0,3032000.0,3424000.0,7509000.0,7209000.0,5996000.0,6245000.0,12486000.0,17762000.0,29422000.0,13501000.0,11799000.0,9417000.0,13147000.0,22023000.0,42706000.0,25818000.0,12134000.0,2952000.0,2697000.0,2419000.0,2031000.0,3869000.0,11056000.0,10885000.0,1248000.0,2643000.0,998000.0,5417333.33,27.5043,0.10086,4541600.0,19.6847,0.060041,6215300.0,7.1919,0.033458,9603600.0,3.103,0.023291,12994100.0,1.72,0.018411,10022666.67,1.4866,0.012523
20261007,6180,橘子,625000.0,228000.0,215000.0,201000.0,348000.0,229000.0,231000.0,131000.0,193000.0,218000.0,262000.0,178000.0,132000.0,154000.0,130000.0,111000.0,153000.0,214000.0,251000.0,327000.0,558000.0,563000.0,201000.0,269000.0,480000.0,435000.0,382000.0,506000.0,446000.0,206000.0,356000.0,58.5206,0.014102,323400.0,38.6518,0.008395,261900.0,23.8641,0.004678,231666.67,17.9856,0.003257,226550.0,13.7939,0.002574,285900.0,7.2869,0.001751
20261007,6182,合晶,69646000.0,66645000.0,90831000.0,140842000.0,179477000.0,155900000.0,66064000.0,92271000.0,116114000.0,100848000.0,45511000.0,64336000.0,58463000.0,44614000.0,40338000.0,17900000.0,21136000.0,15488000.0,19606000.0,57957000.0,40054000.0,36225000.0,47543000.0,67164000.0,72007000.0,28469000.0,67776000.0,40964000.0,39884000.0,107775000.0,75707333.33,30.6646,1.571474,109488200.0,12.7221,0.935481,107863800.0,6.4568,0.521299,88793333.33,5.2291,0.362892,73199350.0,4.7573,0.286862,67061600.0,3.4618,0.195112
20261007,6185,幃翔,134000.0,151000.0,166000.0,145000.0,154000.0,101000.0,108000.0,118000.0,300000.0,191000.0,109000.0,46000.0,88000.0,309000.0,328000.0,448000.0,349000.0,118000.0,234000.0,116000.0,73000.0,139000.0,80000.0,197000.0,199000.0,325000.0,185000.0,499000.0,345000.0,217000.0,150333.33,29.7118,0.003024,150000.0,17.8667,0.0018,156800.0,8.5459,0.001003,163200.0,5.4739,0.000698,185650.0,3.6089,0.000552,199066.67,2.2438,0.000375
20261007,6186,新潤,238000.0,331000.0,499000.0,378000.0,169000.0,282000.0,344000.0,554000.0,1023000.0,568000.0,1033000.0,3180000.0,325000.0,171000.0,747000.0,366000.0,476000.0,522000.0,622000.0,649000.0,930000.0,1453000.0,484000.0,299000.0,872000.0,798000.0,538000.0,616000.0,734000.0,518000.0,356000.0,22.2846,0.00537,323000.0,14.7368,0.003197,438600.0,5.4264,0.001781,656133.33,2.4182,0.00124,623850.0,1.9075,0.00098,657300.0,1.207,0.000667
20261007,6187,萬潤,2287000.0,5515000.0,4544000.0,2272000.0,1612000.0,4915000.0,3324000.0,1008000.0,1386000.0,1303000.0,1457000.0,982000.0,1169000.0,993000.0,1084000.0,1907000.0,1567000.0,1829000.0,2844000.0,3519000.0,2297000.0,1920000.0,2927000.0,1902000.0,3103000.0,2698000.0,5986000.0,4797000.0,2614000.0,1487000.0,4115333.33,18.5242,0.051603,3246000.0,14.0912,0.030719,2816600.0,8.1197,0.017118,2256733.33,6.7561,0.011916,2275850.0,5.0245,0.00942,2508266.67,3.0393,0.006407
20261007,6188,廣明,521000.0,454000.0,930000.0,473000.0,331000.0,657000.0,471000.0,313000.0,442000.0,516000.0,464000.0,678000.0,536000.0,693000.0,448000.0,591000.0,550000.0,482000.0,652000.0,1117000.0,653000.0,331000.0,1704000.0,460000.0,359000.0,774000.0,400000.0,888000.0,402000.0,447000.0,635000.0,27.3491,0.011756,541800.0,19.2322,0.006998,510800.0,10.1997,0.0039,528466.67,6.5725,0.002715,565950.0,4.6029,0.002146,591233.33,2.9374,0.00146
20261007,6190,萬泰科,3378000.0,9067000.0,8794000.0,1189000.0,1537000.0,1946000.0,1026000.0,1013000.0,1161000.0,2144000.0,3659000.0,2828000.0,3941000.0,2315000.0,599000.0,932000.0,1040000.0,1994000.0,1716000.0,867000.0,1331000.0,2388000.0,2067000.0,4737000.0,2927000.0,1702000.0,2870000.0,2243000.0,2995000.0,1339000.0,7079666.67,15.9047,0.07622,4793000.0,14.0956,0.045373,3125500.0,10.8079,0.025284,2973133.33,7.5745,0.017601,2557300.0,6.6046,0.013913,2524833.33,4.4597,0.009463
20261007,6194,育富,74000.0,226000.0,8000.0,29000.0,27000.0,42000.0,159000.0,60000.0,42000.0,15000.0,43000.0,40000.0,55000.0,60000.0,72000.0,16000.0,15000.0,23000.0,28000.0,22000.0,16000.0,34000.0,77000.0,18000.0,23000.0,31000.0,18000.0,15000.0,42000.0,21000.0,102666.67,24.026,0.00167,72800.0,20.3297,0.000994,68200.0,10.8504,0.000554,63466.67,7.7731,0.000386,52800.0,7.0076,0.000305,45033.33,5.4774,0.000207
20261007,6195,詩肯,11000.0,17000.0,8000.0,52000.0,8000.0,9000.0,20000.0,14000.0,11000.0,45000.0,17000.0,5000.0,2000.0,93000.0,9000.0,20000.0,,20000.0,34000.0,23000.0,16000.0,43000.0,13000.0,12000.0,10000.0,8000.0,5000.0,2000.0,16000.0,13000.0,12000.0,30.5556,0.000248,19200.0,11.4583,0.000148,19500.0,5.641,8.2e-05,21400.0,3.4268,5.7e-05,22000.0,2.6316,4.5e-05,19172.41,1.9784,3.1e-05
20261007,6198,瑞築,,1000.0,6000.0,1000.0,,1000.0,,3000.0,3000.0,4000.0,,,,6000.0,,3000.0,5000.0,11000.0,,9000.0,2000.0,6000.0,2000.0,46000.0,6000.0,,9000.0,2000.0,3000.0,54000.0,3500.0,,,2666.67,,,2714.29,,,3125.0,,,4416.67,,,8714.29,,
20261007,6199,天品,6479000.0,5067000.0,7650000.0,5822000.0,6604000.0,6632000.0,7887000.0,5871000.0,5040000.0,7291000.0,8092000.0,4218000.0,3489000.0,3767000.0,3079000.0,3116000.0,3134000.0,2128000.0,1367000.0,1234000.0,1582000.0,2686000.0,2043000.0,673000.0,717000.0,412000.0,591000.0,302000.0,1514000.0,700000.0,6398666.67,33.7518,0.14619,6324400.0,20.4889,0.087026,6434300.0,10.0695,0.048495,5799200.0,7.4482,0.033759,4898350.0,6.6135,0.026686,3639566.67,5.9339,0.018151
20261007,6203,海韻電,73000.0,35000.0,37000.0,30000.0,54000.0,87000.0,58000.0,22000.0,31000.0,54000.0,34000.0,64000.0,46000.0,45000.0,39000.0,53000.0,65000.0,44000.0,72000.0,31000.0,32000.0,22000.0,43000.0,116000.0,53000.0,60000.0,42000.0,95000.0,40000.0,73000.0,48333.33,50.3448,0.001647,45800.0,31.8777,0.000981,48100.0,15.1767,0.000546,47266.67,10.2962,0.00038,48700.0,7.4949,0.000301,51666.67,4.7097,0.000205
20261007,6204,艾華,435000.0,417000.0,1185000.0,816000.0,517000.0,345000.0,626000.0,535000.0,361000.0,767000.0,1699000.0,967000.0,638000.0,186000.0,209000.0,214000.0,157000.0,144000.0,77000.0,121000.0,391000.0,328000.0,318000.0,284000.0,383000.0,224000.0,871000.0,393000.0,100000.0,261000.0,679000.0,21.3549,0.009815,674000.0,12.908,0.005843,600400.0,7.2452,0.003256,646866.67,4.4831,0.002267,520800.0,4.1763,0.001792,465633.33,3.114,0.001219
20261007,6207,雷科,11952000.0,11740000.0,17386000.0,25640000.0,37791000.0,20628000.0,23009000.0,11895000.0,2616000.0,5247000.0,8184000.0,5379000.0,7389000.0,4707000.0,1889000.0,2739000.0,4776000.0,3684000.0,8894000.0,18309000.0,5705000.0,9486000.0,8742000.0,4660000.0,2857000.0,2519000.0,5913000.0,7299000.0,3176000.0,1370000.0,13692666.67,29.0959,0.269682,20901800.0,11.4363,0.160539,16790400.0,7.1184,0.089461,13030133.33,6.1151,0.062276,11692700.0,5.1109,0.049229,9519366.67,4.1852,0.033483
20261007,6208,日揚,126000.0,181000.0,229000.0,349000.0,464000.0,111000.0,99000.0,57000.0,122000.0,136000.0,163000.0,120000.0,210000.0,101000.0,111000.0,141000.0,117000.0,148000.0,232000.0,202000.0,156000.0,469000.0,758000.0,190000.0,182000.0,156000.0,212000.0,154000.0,146000.0,108000.0,178666.67,23.5075,0.002843,269800.0,9.3403,0.001692,187400.0,6.7236,0.000943,171933.33,4.8856,0.000657,170950.0,3.6853,0.000519,198333.33,2.1176,0.000353
20261007,6210,慶生,6000.0,18000.0,27000.0,12000.0,12000.0,21000.0,9000.0,21000.0,8000.0,9000.0,13000.0,13000.0,9000.0,12000.0,9000.0,37000.0,1000.0,17000.0,6000.0,,1000.0,5000.0,6000.0,6000.0,,13000.0,1000.0,9000.0,9000.0,11000.0,17000.0,11.7647,0.000135,15000.0,8.0,8.1e-05,14300.0,4.1958,4.5e-05,13266.67,3.0151,3.1e-05,13684.21,2.3077,2.5e-05,11464.29,1.8692,1.7e-05
20261007,6212,理銘,1000.0,1000.0,1000.0,2000.0,1000.0,,4000.0,1000.0,3000.0,1000.0,,6000.0,9000.0,,1000.0,1000.0,,,4000.0,4000.0,6000.0,3000.0,1000.0,,,1000.0,3000.0,2000.0,1000.0,,1000.0,33.3333,2.3e-05,1200.0,16.6667,1.3e-05,1666.67,6.6667,7e-06,2583.33,3.2258,5e-06,2666.67,2.5,4e-06,2590.91,1.7544,3e-06
20261007,6217,中探針,2567000.0,2373000.0,2804000.0,4219000.0,2598000.0,3088000.0,1717000.0,1405000.0,1840000.0,3333000.0,5429000.0,5100000.0,2832000.0,2397000.0,2896000.0,1854000.0,2425000.0,2330000.0,2584000.0,3243000.0,5502000.0,8467000.0,12982000.0,16579000.0,6084000.0,3232000.0,9589000.0,4422000.0,3131000.0,1610000.0,2581333.33,33.1482,0.057921,2912200.0,17.6293,0.03448,2594400.0,9.8944,0.019214,2973200.0,5.7559,0.013375,2851700.0,4.5008,0.010573,4287733.33,1.9956,0.007191
20261007,6218,豪勉,7023000.0,5026000.0,2049000.0,1546000.0,1131000.0,1257000.0,1423000.0,1890000.0,2948000.0,12600000.0,1918000.0,15230000.0,24524000.0,15166000.0,3677000.0,1385000.0,1132000.0,1886000.0,4880000.0,7269000.0,2921000.0,1295000.0,1753000.0,4209000.0,1303000.0,1396000.0,2404000.0,1210000.0,2451000.0,1484000.0,4699333.33,49.8156,0.158465,3355000.0,41.8659,0.094333,3689300.0,19.0361,0.052567,6493866.67,7.2099,0.036594,5698000.0,6.1627,0.028927,4479533.33,5.226,0.019675
20261007,6219,富旺,56000.0,104000.0,52000.0,88000.0,122000.0,82000.0,80000.0,22000.0,107000.0,83000.0,33000.0,71000.0,44000.0,56000.0,25000.0,55000.0,120000.0,31000.0,93000.0,41000.0,24000.0,268000.0,135000.0,39000.0,29000.0,31000.0,104000.0,45000.0,51000.0,96000.0,70666.67,26.4151,0.001264,84400.0,13.2701,0.000752,79600.0,7.0352,0.000419,68333.33,5.4634,0.000292,68250.0,4.1026,0.000231,72900.0,2.5606,0.000157
20261007,6220,岳豐,192000.0,720000.0,203000.0,163000.0,92000.0,71000.0,120000.0,48000.0,52000.0,154000.0,239000.0,173000.0,145000.0,157000.0,97000.0,46000.0,118000.0,48000.0,49000.0,127000.0,116000.0,236000.0,177000.0,91000.0,226000.0,88000.0,259000.0,444000.0,192000.0,154000.0,371666.67,17.2197,0.004332,274000.0,14.0146,0.002579,181500.0,10.5785,0.001437,175066.67,7.3115,0.001,150700.0,6.3703,0.000791,166566.67,3.8423,0.000538
20261007,6221,晉泰,745000.0,2141000.0,1038000.0,923000.0,1561000.0,2236000.0,1142000.0,821000.0,1173000.0,964000.0,3378000.0,1619000.0,1907000.0,7504000.0,1047000.0,308000.0,380000.0,37000.0,72000.0,52000.0,104000.0,80000.0,89000.0,41000.0,121000.0,66000.0,72000.0,113000.0,154000.0,84000.0,1308000.0,18.9857,0.01681,1281600.0,11.6261,0.010007,1274400.0,5.8459,0.005576,1879933.33,2.6419,0.003882,1452400.0,2.5647,0.003069,999066.67,2.4857,0.002087
20261007,6222,立軒,1000.0,7000.0,9000.0,2000.0,,6000.0,1000.0,6000.0,55000.0,43000.0,40000.0,25000.0,12000.0,21000.0,17000.0,5000.0,37000.0,12000.0,6000.0,1000.0,5000.0,15000.0,2000.0,12000.0,19000.0,6000.0,4000.0,17000.0,47000.0,1000.0,5666.67,5.8824,2.3e-05,4750.0,5.2632,1.3e-05,14444.44,0.7692,7e-06,17500.0,0.4082,5e-06,16105.26,0.3268,4e-06,14965.52,0.2304,3e-06
20261007,6223,旺矽,790000.0,827000.0,769000.0,1000000.0,924000.0,897000.0,974000.0,487000.0,949000.0,2040000.0,1007000.0,741000.0,747000.0,397000.0,612000.0,522000.0,682000.0,473000.0,1459000.0,1687000.0,1048000.0,508000.0,1380000.0,911000.0,1474000.0,1134000.0,1610000.0,2355000.0,1549000.0,482000.0,795333.33,33.1098,0.017825,862000.0,18.3295,0.010611,965700.0,8.1806,0.005913,877400.0,6.0026,0.004116,899200.0,4.3928,0.003254,1014500.0,2.5957,0.002213
20261007,6227,茂綸,668000.0,785000.0,2902000.0,1486000.0,1104000.0,918000.0,726000.0,874000.0,781000.0,2094000.0,980000.0,2255000.0,4827000.0,1721000.0,2649000.0,4881000.0,4135000.0,322000.0,406000.0,161000.0,371000.0,242000.0,374000.0,487000.0,419000.0,718000.0,2436000.0,1880000.0,473000.0,244000.0,1451666.67,15.3387,0.015073,1389000.0,9.6184,0.008973,1233800.0,5.4142,0.005,1651333.33,2.6968,0.003481,1733750.0,1.9265,0.002751,1410633.33,1.5785,0.001871
20261007,6228,全譜,8000.0,4000.0,10000.0,14000.0,9000.0,28000.0,57000.0,19000.0,8000.0,,4000.0,5000.0,,1000.0,,,,,,,,,,,,,,3000.0,2000.0,4000.0,7333.33,36.3636,0.000181,9000.0,17.7778,0.000107,17444.44,5.0955,6e-05,13916.67,4.7904,4.2e-05,13916.67,4.7904,3.3e-05,11733.33,4.5455,2.2e-05
20261007,6229,研通,70000.0,53000.0,55000.0,80000.0,77000.0,128000.0,192000.0,69000.0,30000.0,23000.0,58000.0,28000.0,26000.0,34000.0,24000.0,7000.0,54000.0,29000.0,29000.0,13000.0,91000.0,29000.0,38000.0,36000.0,34000.0,18000.0,96000.0,25000.0,41000.0,40000.0,59333.33,39.3258,0.001579,67000.0,20.8955,0.00094,77700.0,9.009,0.000524,63133.33,7.3918,0.000365,53950.0,6.4875,0.000288,50900.0,4.5842,0.000196
20261007,6231,系微,91000.0,170000.0,356000.0,380000.0,181000.0,407000.0,598000.0,611000.0,141000.0,295000.0,282000.0,383000.0,275000.0,224000.0,268000.0,379000.0,438000.0,415000.0,1054000.0,694000.0,106000.0,105000.0,151000.0,156000.0,140000.0,172000.0,230000.0,123000.0,160000.0,173000.0,205666.67,14.7488,0.002053,235600.0,7.725,0.001222,323000.0,2.8173,0.000681,310800.0,1.952,0.000474,382100.0,1.1908,0.000375,305266.67,0.9937,0.000255
20261007,6233,旺玖,633000.0,369000.0,233000.0,268000.0,509000.0,311000.0,113000.0,78000.0,81000.0,100000.0,175000.0,90000.0,103000.0,73000.0,76000.0,57000.0,70000.0,138000.0,54000.0,205000.0,76000.0,92000.0,119000.0,67000.0,98000.0,222000.0,95000.0,164000.0,158000.0,140000.0,411666.67,51.2551,0.014283,402400.0,31.4612,0.008502,269500.0,23.4879,0.004738,214133.33,19.7073,0.003298,186800.0,16.9433,0.002607,165566.67,12.7441,0.001773
20261007,6234,高僑,1565000.0,264000.0,728000.0,964000.0,1196000.0,1409000.0,1012000.0,640000.0,1321000.0,2471000.0,3330000.0,1245000.0,141000.0,188000.0,138000.0,212000.0,398000.0,210000.0,355000.0,347000.0,398000.0,291000.0,177000.0,132000.0,264000.0,164000.0,373000.0,280000.0,310000.0,116000.0,852333.33,61.2045,0.035312,943400.0,33.1779,0.021021,1157000.0,13.5264,0.011714,1107466.67,9.4209,0.008154,906700.0,8.6302,0.006446,687966.67,7.5827,0.004384
20261007,6236,中湛,,,,6000.0,2000.0,2000.0,1000.0,1000.0,2000.0,7000.0,11000.0,7000.0,,,,,,,,,,,,,2000.0,,,15000.0,4000.0,,,,,4000.0,,,3000.0,,,4333.33,,,4333.33,,,5000.0,,
20261007,6237,驊訊,217000.0,175000.0,293000.0,253000.0,762000.0,240000.0,412000.0,2441000.0,972000.0,116000.0,180000.0,183000.0,172000.0,126000.0,77000.0,76000.0,95000.0,130000.0,110000.0,285000.0,126000.0,177000.0,393000.0,688000.0,125000.0,109000.0,176000.0,174000.0,130000.0,85000.0,228333.33,31.6788,0.004896,340000.0,12.7647,0.002915,588100.0,3.6898,0.001624,441266.67,3.2784,0.001131,365750.0,2.9665,0.000894,316600.0,2.2847,0.000608
20261007,6240,松崗,24000.0,16000.0,34000.0,47000.0,23000.0,33000.0,26000.0,66000.0,96000.0,39000.0,110000.0,71000.0,195000.0,174000.0,165000.0,61000.0,15000.0,32000.0,49000.0,41000.0,248000.0,533000.0,322000.0,136000.0,337000.0,115000.0,35000.0,16000.0,128000.0,85000.0,24666.67,32.4324,0.000542,28800.0,16.6667,0.000322,40400.0,5.9406,0.00018,74600.0,2.1448,0.000125,65850.0,1.8223,9.9e-05,109066.67,0.7335,6.7e-05
20261007,6241,鑫永洋,87000.0,77000.0,77000.0,96000.0,35000.0,121000.0,56000.0,85000.0,236000.0,191000.0,30000.0,179000.0,23000.0,15000.0,30000.0,38000.0,155000.0,43000.0,21000.0,117000.0,128000.0,44000.0,71000.0,25000.0,83000.0,149000.0,172000.0,163000.0,82000.0,,80333.33,36.0996,0.001963,74400.0,23.3871,0.001169,106100.0,8.1998,0.000651,89200.0,6.5022,0.000453,85600.0,5.0818,0.000358,90655.17,3.3092,0.000244
20261007,6242,立康,,6000.0,1000.0,5000.0,,6000.0,1000.0,5000.0,1000.0,,4000.0,5000.0,4000.0,4000.0,9000.0,1000.0,1000.0,11000.0,2000.0,3000.0,3000.0,1000.0,3000.0,4000.0,2000.0,,7000.0,,,2000.0,3500.0,,,4000.0,,,3571.43,,,4250.0,,,4058.82,,,3791.67,,
20261007,6244,茂迪,2295000.0,2704000.0,3800000.0,2670000.0,4415000.0,10277000.0,1818000.0,3838000.0,2541000.0,4686000.0,10891000.0,3077000.0,1131000.0,968000.0,1009000.0,1085000.0,1065000.0,860000.0,1150000.0,1607000.0,1040000.0,1452000.0,1778000.0,2181000.0,1377000.0,1439000.0,2017000.0,2229000.0,2145000.0,2100000.0,2933000.0,26.0825,0.051784,3176800.0,14.4485,0.030826,3904400.0,5.878,0.017178,3741333.33,4.0895,0.011958,3094350.0,3.7084,0.009453,2654833.33,2.8815,0.006429
20261007,6245,立端,417000.0,588000.0,797000.0,351000.0,433000.0,975000.0,1214000.0,481000.0,504000.0,1109000.0,2257000.0,702000.0,946000.0,792000.0,2029000.0,3240000.0,764000.0,783000.0,661000.0,614000.0,394000.0,392000.0,863000.0,361000.0,592000.0,949000.0,587000.0,437000.0,445000.0,260000.0,600666.67,23.141,0.009409,517200.0,16.1253,0.005601,686900.0,6.0708,0.003121,906333.33,3.0673,0.002173,982850.0,2.1214,0.001718,831233.33,1.6722,0.001168
20261007,6246,臺龍,10000.0,3000.0,1000.0,20000.0,13000.0,26000.0,12000.0,6000.0,2000.0,13000.0,15000.0,3000.0,15000.0,27000.0,1000.0,7000.0,12000.0,9000.0,11000.0,130000.0,23000.0,20000.0,130000.0,305000.0,31000.0,8000.0,18000.0,21000.0,9000.0,9000.0,4666.67,71.4286,0.000226,9400.0,21.2766,0.000134,10600.0,9.434,7.5e-05,11133.33,5.988,5.2e-05,16800.0,2.9762,4.1e-05,30333.33,1.0989,2.8e-05
20261007,6248,沛波,44000.0,31000.0,62000.0,87000.0,74000.0,82000.0,47000.0,34000.0,66000.0,22000.0,64000.0,37000.0,77000.0,79000.0,29000.0,49000.0,140000.0,33000.0,117000.0,36000.0,39000.0,58000.0,211000.0,57000.0,30000.0,33000.0,47000.0,76000.0,68000.0,216000.0,45666.67,32.1168,0.000993,59600.0,14.7651,0.000591,54900.0,8.0146,0.000329,55666.67,5.2695,0.000229,60500.0,3.6364,0.000181,68166.67,2.1516,0.000123
20261007,6259,百徽,486000.0,227000.0,506000.0,616000.0,815000.0,182000.0,73000.0,49000.0,97000.0,130000.0,215000.0,357000.0,98000.0,102000.0,87000.0,167000.0,148000.0,180000.0,171000.0,167000.0,179000.0,411000.0,349000.0,221000.0,425000.0,412000.0,935000.0,204000.0,235000.0,427000.0,406333.33,39.8687,0.010966,530000.0,18.3396,0.006528,318100.0,15.2782,0.003638,269333.33,12.0297,0.002532,243650.0,9.9733,0.002002,289033.33,5.6049,0.001362
20261007,6261,久元,378000.0,354000.0,424000.0,296000.0,352000.0,356000.0,235000.0,386000.0,447000.0,641000.0,611000.0,750000.0,639000.0,512000.0,386000.0,289000.0,429000.0,595000.0,322000.0,381000.0,399000.0,521000.0,439000.0,569000.0,662000.0,303000.0,250000.0,643000.0,1154000.0,795000.0,385333.33,32.699,0.008529,360800.0,20.9534,0.005077,386900.0,9.77,0.002829,451133.33,5.5859,0.00197,439150.0,4.3038,0.001557,483933.33,2.6037,0.001059
20261007,6263,普萊德,703000.0,673000.0,156000.0,591000.0,157000.0,87000.0,58000.0,43000.0,47000.0,64000.0,80000.0,116000.0,40000.0,41000.0,47000.0,37000.0,101000.0,61000.0,186000.0,368000.0,195000.0,130000.0,250000.0,488000.0,111000.0,78000.0,80000.0,94000.0,129000.0,65000.0,510666.67,45.8877,0.015862,456000.0,30.8333,0.009443,257900.0,27.2586,0.005262,193533.33,24.2163,0.003663,182800.0,19.2287,0.002896,175866.67,13.3245,0.001969
20261007,6264,富裔,26000.0,5000.0,24000.0,20000.0,12000.0,35000.0,81000.0,41000.0,62000.0,25000.0,41000.0,92000.0,43000.0,104000.0,77000.0,74000.0,40000.0,9000.0,37000.0,11000.0,35000.0,27000.0,5000.0,29000.0,17000.0,6000.0,66000.0,31000.0,11000.0,5000.0,18333.33,47.2727,0.000587,17400.0,29.8851,0.000349,33100.0,7.855,0.000195,45866.67,3.7791,0.000135,42950.0,3.0268,0.000107,36366.67,2.3831,7.3e-05
20261007,6265,方土昶,860000.0,756000.0,1977000.0,2539000.0,3039000.0,898000.0,829000.0,964000.0,1088000.0,1559000.0,1132000.0,1073000.0,1168000.0,1127000.0,1869000.0,2064000.0,6679000.0,2154000.0,1970000.0,2086000.0,2581000.0,2738000.0,2914000.0,1786000.0,3002000.0,2942000.0,3339000.0,3862000.0,4980000.0,10750000.0,1197666.67,23.9354,0.019405,1834200.0,9.3774,0.011551,1450900.0,5.9274,0.006437,1391866.67,4.1192,0.004481,1791550.0,2.4002,0.003542,2490833.33,1.1509,0.002409
20261007,6266,泰詠,302000.0,492000.0,2036000.0,2875000.0,71000.0,151000.0,60000.0,68000.0,86000.0,86000.0,118000.0,77000.0,88000.0,94000.0,80000.0,77000.0,67000.0,68000.0,272000.0,98000.0,59000.0,146000.0,97000.0,94000.0,118000.0,80000.0,122000.0,66000.0,133000.0,71000.0,943333.33,10.6714,0.006814,1155200.0,5.2285,0.004056,622700.0,4.8498,0.00226,445600.0,4.5183,0.001574,363300.0,4.1563,0.001244,275066.67,3.6597,0.000846
20261007,6270,倍微,148000.0,175000.0,315000.0,429000.0,336000.0,164000.0,420000.0,167000.0,89000.0,191000.0,227000.0,250000.0,82000.0,69000.0,72000.0,113000.0,150000.0,93000.0,167000.0,219000.0,91000.0,84000.0,240000.0,129000.0,226000.0,122000.0,160000.0,109000.0,92000.0,118000.0,212666.67,23.1975,0.003339,280600.0,10.5488,0.001988,243400.0,6.0805,0.001108,208933.33,4.7224,0.000771,193800.0,3.8184,0.00061,174900.0,2.8207,0.000415
20261007,6274,台燿,11580000.0,16845000.0,11297000.0,11778000.0,4463000.0,5953000.0,5641000.0,10047000.0,6542000.0,11341000.0,11213000.0,9241000.0,21653000.0,6899000.0,6447000.0,7142000.0,4431000.0,4654000.0,8129000.0,4724000.0,5580000.0,5598000.0,4441000.0,3289000.0,4590000.0,7008000.0,4976000.0,8281000.0,5584000.0,3557000.0,13240666.67,29.1526,0.261288,11192600.0,20.6922,0.155542,9548700.0,12.1273,0.086676,10062666.67,7.6719,0.060338,9001000.0,6.4326,0.047696,7764133.33,4.9716,0.032441
20261007,6275,元山,127000.0,163000.0,182000.0,321000.0,226000.0,216000.0,251000.0,75000.0,119000.0,139000.0,170000.0,128000.0,124000.0,77000.0,94000.0,108000.0,102000.0,83000.0,126000.0,193000.0,507000.0,1507000.0,155000.0,140000.0,193000.0,450000.0,276000.0,1118000.0,93000.0,353000.0,157333.33,26.9068,0.002866,203800.0,12.4632,0.001706,181900.0,6.9819,0.000951,160800.0,5.2653,0.000662,151200.0,4.1997,0.000523,260533.33,1.6249,0.000356
20261007,6276,安鈦克,19000.0,10000.0,20000.0,,10000.0,10000.0,49000.0,27000.0,17000.0,15000.0,3000.0,14000.0,11000.0,16000.0,7000.0,16000.0,15000.0,79000.0,38000.0,21000.0,29000.0,17000.0,13000.0,30000.0,27000.0,18000.0,31000.0,28000.0,24000.0,21000.0,16333.33,38.7755,0.000429,14750.0,32.2034,0.000255,19666.67,10.7345,0.000142,16285.71,8.3333,9.9e-05,20894.74,4.7859,7.8e-05,21896.55,2.9921,5.3e-05
20261007,6279,胡連,416000.0,225000.0,405000.0,748000.0,199000.0,328000.0,213000.0,204000.0,146000.0,369000.0,382000.0,481000.0,273000.0,184000.0,233000.0,232000.0,397000.0,353000.0,357000.0,342000.0,1006000.0,460000.0,1274000.0,836000.0,654000.0,490000.0,508000.0,425000.0,332000.0,267000.0,348666.67,39.7706,0.009387,398600.0,20.8731,0.005588,325300.0,12.7882,0.003114,320400.0,8.6558,0.002168,324350.0,6.4128,0.001713,424633.33,3.2656,0.001165
20261007,6284,佳邦,1543000.0,815000.0,3395000.0,2240000.0,3157000.0,1449000.0,730000.0,380000.0,387000.0,404000.0,484000.0,317000.0,426000.0,373000.0,564000.0,713000.0,992000.0,1294000.0,440000.0,638000.0,1109000.0,1053000.0,1257000.0,869000.0,2465000.0,1396000.0,3227000.0,633000.0,944000.0,559000.0,1917666.67,26.8208,0.034816,2230000.0,13.8386,0.020725,1450000.0,10.6414,0.011549,1110933.33,9.2595,0.00804,1037050.0,7.4394,0.006355,1141766.67,4.5047,0.004323
20261007,6290,良維,4133000.0,4398000.0,2979000.0,1720000.0,1763000.0,3313000.0,1622000.0,1970000.0,2229000.0,4359000.0,3117000.0,9008000.0,4382000.0,2852000.0,1629000.0,1464000.0,4913000.0,2807000.0,5089000.0,2209000.0,6022000.0,5921000.0,2604000.0,2401000.0,5294000.0,5374000.0,4794000.0,6949000.0,6158000.0,8522000.0,3836666.67,35.9079,0.093256,2998600.0,27.5662,0.055514,2848600.0,14.5089,0.030935,3298266.67,8.3539,0.021535,3297800.0,6.2663,0.017023,3999833.33,3.4443,0.011579
20261007,6291,沛亨,584000.0,808000.0,668000.0,731000.0,552000.0,897000.0,714000.0,772000.0,887000.0,1455000.0,1156000.0,2372000.0,4828000.0,1669000.0,883000.0,2127000.0,1429000.0,2499000.0,2575000.0,2739000.0,1166000.0,2689000.0,4296000.0,2114000.0,759000.0,530000.0,1329000.0,1319000.0,962000.0,482000.0,686666.67,28.3495,0.013177,668600.0,17.4693,0.007844,806800.0,7.2385,0.004371,1265066.67,3.0776,0.003043,1517250.0,1.9245,0.002405,1533033.33,1.2698,0.001636
20261007,6292,迅德,288000.0,582000.0,875000.0,1056000.0,345000.0,171000.0,172000.0,168000.0,187000.0,356000.0,417000.0,349000.0,421000.0,130000.0,314000.0,766000.0,461000.0,423000.0,405000.0,665000.0,762000.0,144000.0,98000.0,107000.0,128000.0,106000.0,189000.0,89000.0,414000.0,94000.0,581666.67,16.5043,0.006498,629200.0,9.1545,0.003868,420000.0,6.8571,0.002156,388733.33,4.9391,0.001501,427550.0,3.368,0.001186,356066.67,2.6961,0.000807
20261007,6294,智基,2000.0,15000.0,23000.0,8000.0,5000.0,27000.0,9000.0,9000.0,5000.0,3000.0,8000.0,5000.0,12000.0,5000.0,1000.0,6000.0,16000.0,8000.0,11000.0,1000.0,11000.0,4000.0,19000.0,21000.0,13000.0,2000.0,11000.0,6000.0,16000.0,4000.0,13333.33,5.0,4.5e-05,10600.0,3.7736,2.7e-05,10600.0,1.8868,1.5e-05,9133.33,1.4599,1e-05,8950.0,1.1173,8e-06,9533.33,0.6993,6e-06
20261007,6411,晶焱,176000.0,189000.0,278000.0,342000.0,153000.0,191000.0,170000.0,64000.0,163000.0,190000.0,198000.0,175000.0,233000.0,92000.0,156000.0,154000.0,162000.0,159000.0,136000.0,178000.0,110000.0,240000.0,320000.0,429000.0,169000.0,211000.0,281000.0,231000.0,378000.0,189000.0,214333.33,27.3717,0.003971,227600.0,15.4657,0.002364,191600.0,9.1858,0.001317,184666.67,6.3538,0.000917,177950.0,4.9452,0.000725,203900.0,2.8772,0.000493
20261007,6417,韋僑,44000.0,50000.0,125000.0,84000.0,73000.0,68000.0,25000.0,129000.0,30000.0,73000.0,37000.0,43000.0,216000.0,844000.0,75000.0,15000.0,37000.0,34000.0,33000.0,76000.0,30000.0,37000.0,67000.0,26000.0,48000.0,34000.0,31000.0,34000.0,20000.0,21000.0,73000.0,20.0913,0.000993,75200.0,11.7021,0.000591,70100.0,6.2767,0.000329,127733.33,2.2965,0.000229,105550.0,2.0843,0.000181,81966.67,1.7893,0.000123
20261007,6418,詠昇,49000.0,43000.0,204000.0,36000.0,112000.0,81000.0,21000.0,21000.0,26000.0,59000.0,74000.0,40000.0,48000.0,58000.0,64000.0,108000.0,60000.0,152000.0,156000.0,91000.0,192000.0,71000.0,225000.0,103000.0,278000.0,463000.0,1526000.0,632000.0,61000.0,72000.0,98666.67,16.5541,0.001106,88800.0,11.036,0.000658,65200.0,7.5153,0.000367,62400.0,5.235,0.000255,75150.0,3.2601,0.000202,170866.67,0.9559,0.000137
20261007,6419,京晨科,374000.0,593000.0,1473000.0,195000.0,67000.0,268000.0,120000.0,31000.0,40000.0,57000.0,114000.0,116000.0,101000.0,108000.0,139000.0,96000.0,392000.0,315000.0,140000.0,98000.0,136000.0,234000.0,359000.0,177000.0,118000.0,174000.0,237000.0,117000.0,151000.0,231000.0,813333.33,15.3279,0.008439,540400.0,13.8416,0.005024,321800.0,11.6221,0.002799,253066.67,9.8525,0.001949,241850.0,7.7321,0.00154,225700.0,5.5236,0.001048
20261007,6423,億而得,65000.0,113000.0,154000.0,459000.0,340000.0,28000.0,22000.0,30000.0,60000.0,43000.0,99000.0,22000.0,11000.0,13000.0,14000.0,19000.0,35000.0,10000.0,46000.0,152000.0,20000.0,32000.0,155000.0,148000.0,42000.0,12000.0,23000.0,29000.0,49000.0,44000.0,110666.67,19.5783,0.001467,226200.0,5.7471,0.000873,131400.0,4.9467,0.000487,98200.0,4.4128,0.000339,86750.0,3.7464,0.000268,76300.0,2.8397,0.000182
20261007,6425,易發,670000.0,735000.0,1009000.0,1082000.0,5261000.0,4319000.0,1049000.0,590000.0,2952000.0,3471000.0,4075000.0,1711000.0,318000.0,128000.0,143000.0,142000.0,404000.0,334000.0,1005000.0,291000.0,182000.0,230000.0,441000.0,618000.0,2299000.0,1189000.0,393000.0,374000.0,875000.0,135000.0,804666.67,27.7548,0.015118,1751400.0,7.651,0.008999,2113800.0,3.1696,0.005015,1834200.0,2.4352,0.003491,1484450.0,2.2567,0.00276,1214166.67,1.8394,0.001877
20261007,6432,今展科,1757000.0,584000.0,1215000.0,4440000.0,3143000.0,1287000.0,189000.0,314000.0,980000.0,1297000.0,1317000.0,972000.0,218000.0,192000.0,188000.0,300000.0,286000.0,449000.0,372000.0,680000.0,425000.0,592000.0,417000.0,246000.0,390000.0,521000.0,849000.0,521000.0,368000.0,777000.0,1185333.33,49.4094,0.039644,2227800.0,15.7734,0.0236,1520600.0,11.5546,0.013151,1206200.0,9.7109,0.009155,1009000.0,8.7066,0.007237,842866.67,6.9485,0.004922
20261007,6435,大中,734000.0,722000.0,2542000.0,1719000.0,675000.0,284000.0,298000.0,307000.0,469000.0,332000.0,163000.0,186000.0,227000.0,306000.0,198000.0,352000.0,255000.0,223000.0,184000.0,316000.0,343000.0,238000.0,402000.0,188000.0,472000.0,678000.0,1507000.0,661000.0,994000.0,339000.0,1332666.67,18.3592,0.016562,1278400.0,11.4831,0.009859,808200.0,9.0819,0.005494,610800.0,8.0114,0.003825,524600.0,6.9958,0.003023,543800.0,4.4992,0.002056
20261007,6441,廣錠,103000.0,568000.0,363000.0,168000.0,75000.0,118000.0,197000.0,301000.0,244000.0,597000.0,421000.0,334000.0,260000.0,452000.0,195000.0,395000.0,1764000.0,1953000.0,1007000.0,336000.0,167000.0,28000.0,21000.0,6000.0,50000.0,38000.0,29000.0,32000.0,27000.0,11000.0,344666.67,9.9613,0.002324,255400.0,8.0658,0.001383,273400.0,3.7674,0.000771,293066.67,2.343,0.000537,492550.0,1.0456,0.000424,342000.0,1.0039,0.000289
20261007,6461,益得,322000.0,496000.0,279000.0,442000.0,74000.0,61000.0,41000.0,37000.0,107000.0,94000.0,21000.0,56000.0,66000.0,24000.0,51000.0,38000.0,105000.0,268000.0,230000.0,,,,,,129000.0,205000.0,66000.0,89000.0,111000.0,190000.0,365666.67,29.3528,0.007266,322600.0,19.9628,0.004325,195300.0,16.4875,0.00241,144733.33,14.8319,0.001678,148000.0,11.4509,0.001326,144080.0,8.9395,0.000902
20261007,6462,神盾,469000.0,318000.0,585000.0,544000.0,1715000.0,1032000.0,1111000.0,209000.0,379000.0,1086000.0,220000.0,489000.0,423000.0,154000.0,273000.0,321000.0,389000.0,241000.0,300000.0,436000.0,362000.0,496000.0,377000.0,327000.0,379000.0,236000.0,514000.0,391000.0,395000.0,507000.0,457333.33,34.1837,0.010582,726200.0,12.9166,0.0063,744800.0,6.297,0.00351,600466.67,5.2071,0.002444,534700.0,4.3856,0.001932,489266.67,3.1953,0.001314
20261007,6465,威潤,135000.0,220000.0,198000.0,77000.0,48000.0,59000.0,61000.0,75000.0,111000.0,170000.0,106000.0,138000.0,70000.0,75000.0,81000.0,83000.0,126000.0,95000.0,236000.0,243000.0,80000.0,69000.0,96000.0,147000.0,262000.0,150000.0,333000.0,116000.0,88000.0,127000.0,184333.33,24.4123,0.003046,135600.0,19.9115,0.001813,115400.0,11.6984,0.00101,108266.67,8.3128,0.000703,120350.0,5.6086,0.000556,129166.67,3.4839,0.000378
20261007,6469,大樹,388000.0,298000.0,676000.0,198000.0,138000.0,221000.0,247000.0,254000.0,208000.0,268000.0,250000.0,432000.0,399000.0,492000.0,385000.0,230000.0,527000.0,118000.0,170000.0,250000.0,306000.0,174000.0,329000.0,168000.0,502000.0,408000.0,372000.0,174000.0,203000.0,360000.0,454000.0,28.4875,0.008755,339600.0,22.8504,0.005212,289600.0,13.3978,0.002904,323600.0,7.9934,0.002022,307450.0,6.31,0.001598,304833.33,4.2428,0.001087
20261007,6470,宇智,36000.0,23000.0,33000.0,39000.0,13000.0,32000.0,11000.0,11000.0,5000.0,21000.0,13000.0,25000.0,19000.0,39000.0,5000.0,29000.0,14000.0,74000.0,104000.0,6000.0,75000.0,21000.0,31000.0,23000.0,48000.0,32000.0,61000.0,52000.0,55000.0,9000.0,30666.67,39.1304,0.000812,28800.0,25.0,0.000484,22400.0,16.0714,0.000269,21666.67,11.0769,0.000188,27600.0,6.5217,0.000148,31966.67,3.7539,0.000101
20261007,6474,華豫寧,38000.0,26000.0,34000.0,30000.0,87000.0,16000.0,10000.0,24000.0,49000.0,14000.0,13000.0,9000.0,5000.0,15000.0,20000.0,33000.0,48000.0,48000.0,20000.0,12000.0,21000.0,13000.0,24000.0,40000.0,47000.0,81000.0,141000.0,389000.0,168000.0,85000.0,32666.67,38.7755,0.000857,43000.0,17.6744,0.00051,32800.0,11.5854,0.000284,26000.0,9.7436,0.000198,27550.0,6.8966,0.000157,52000.0,2.4359,0.000106
20261007,6482,弘煜科,9000.0,11000.0,11000.0,1000.0,8000.0,4000.0,3000.0,50000.0,30000.0,,12000.0,26000.0,13000.0,11000.0,7000.0,1000.0,18000.0,5000.0,25000.0,1000.0,3000.0,11000.0,17000.0,11000.0,15000.0,24000.0,28000.0,6000.0,20000.0,95000.0,10333.33,29.0323,0.000203,8000.0,22.5,0.000121,14111.11,7.0866,6.7e-05,14000.0,4.5918,4.7e-05,12947.37,3.6585,3.7e-05,16413.79,1.8908,2.5e-05
20261007,6485,點序,1978000.0,842000.0,1563000.0,2924000.0,3540000.0,2135000.0,267000.0,478000.0,543000.0,1562000.0,1240000.0,1262000.0,285000.0,122000.0,111000.0,91000.0,132000.0,127000.0,99000.0,129000.0,135000.0,283000.0,268000.0,206000.0,141000.0,233000.0,334000.0,242000.0,245000.0,123000.0,1461000.0,45.1289,0.044631,2169400.0,18.2355,0.026568,1583200.0,12.4937,0.014805,1256800.0,10.4923,0.010306,971500.0,10.1801,0.008147,721333.33,9.1405,0.005541
20261007,6486,互動,35000.0,40000.0,466000.0,45000.0,55000.0,43000.0,42000.0,35000.0,22000.0,65000.0,56000.0,52000.0,86000.0,62000.0,59000.0,73000.0,71000.0,86000.0,165000.0,181000.0,242000.0,501000.0,2345000.0,576000.0,106000.0,58000.0,41000.0,132000.0,109000.0,49000.0,180333.33,6.4695,0.00079,128200.0,5.4602,0.00047,84800.0,4.1274,0.000262,77533.33,3.0095,0.000182,86950.0,2.0127,0.000144,196600.0,0.5934,9.8e-05
20261007,6488,環球晶,13294000.0,13422000.0,18256000.0,15514000.0,23578000.0,17757000.0,8849000.0,9201000.0,28081000.0,17667000.0,6661000.0,15354000.0,9793000.0,6476000.0,7277000.0,3954000.0,4372000.0,7247000.0,4255000.0,9122000.0,8393000.0,8077000.0,7319000.0,6929000.0,12008000.0,10890000.0,11084000.0,7648000.0,9107000.0,11429000.0,14990666.67,29.5606,0.299962,16812800.0,15.8141,0.178564,16561900.0,8.0269,0.099505,14078666.67,6.2951,0.069269,12006500.0,5.5362,0.054756,11100466.67,3.992,0.037243
20261007,6492,生華科,175000.0,99000.0,174000.0,123000.0,142000.0,191000.0,69000.0,123000.0,183000.0,112000.0,145000.0,200000.0,328000.0,92000.0,174000.0,152000.0,132000.0,168000.0,113000.0,236000.0,415000.0,287000.0,272000.0,160000.0,148000.0,367000.0,287000.0,584000.0,452000.0,475000.0,149333.33,39.0625,0.003949,142600.0,24.5442,0.002351,139100.0,12.5809,0.00131,155333.33,7.5107,0.000912,156550.0,5.5893,0.000721,219266.67,2.6604,0.00049
20261007,6494,九齊,74000.0,95000.0,85000.0,85000.0,106000.0,68000.0,93000.0,63000.0,82000.0,180000.0,141000.0,115000.0,56000.0,78000.0,45000.0,58000.0,71000.0,66000.0,225000.0,92000.0,107000.0,125000.0,188000.0,61000.0,87000.0,65000.0,67000.0,106000.0,155000.0,91000.0,84666.67,29.1339,0.00167,89000.0,16.6292,0.000994,93100.0,7.9484,0.000554,91066.67,5.4173,0.000386,93900.0,3.9404,0.000305,97666.67,2.5256,0.000207
20261007,6496,科懋,188000.0,12000.0,13000.0,6000.0,12000.0,157000.0,,19000.0,22000.0,12000.0,15000.0,9000.0,2000.0,14000.0,2000.0,5000.0,,1000.0,2000.0,,2000.0,,8000.0,9000.0,5000.0,23000.0,2000.0,10000.0,7000.0,1000.0,71000.0,88.2629,0.004242,46200.0,81.3853,0.002525,49000.0,42.6304,0.001407,34500.0,38.9234,0.00098,28882.35,38.2892,0.000774,21461.54,33.6918,0.000527
20261007,6498,久禾光,265000.0,572000.0,93000.0,57000.0,90000.0,78000.0,58000.0,68000.0,57000.0,79000.0,123000.0,102000.0,116000.0,93000.0,110000.0,136000.0,413000.0,155000.0,171000.0,309000.0,262000.0,149000.0,390000.0,381000.0,158000.0,68000.0,199000.0,192000.0,153000.0,68000.0,310000.0,28.4946,0.005979,215400.0,24.6054,0.003559,141700.0,18.7015,0.001984,130733.33,13.5135,0.001381,157250.0,8.4261,0.001091,172166.67,5.1307,0.000742
20261007,6499,益安,195000.0,200000.0,396000.0,271000.0,707000.0,484000.0,139000.0,136000.0,246000.0,313000.0,497000.0,398000.0,203000.0,218000.0,129000.0,165000.0,194000.0,221000.0,204000.0,170000.0,103000.0,252000.0,414000.0,534000.0,667000.0,1127000.0,1115000.0,840000.0,737000.0,123000.0,263666.67,24.6523,0.0044,353800.0,11.0232,0.002619,308700.0,6.3168,0.00146,302133.33,4.3027,0.001016,274300.0,3.5545,0.000803,379933.33,1.7108,0.000546
20261007,6506,雙邦,85000.0,188000.0,67000.0,60000.0,32000.0,51000.0,34000.0,128000.0,20000.0,29000.0,42000.0,35000.0,80000.0,22000.0,37000.0,77000.0,60000.0,29000.0,48000.0,79000.0,57000.0,92000.0,184000.0,44000.0,53000.0,26000.0,32000.0,46000.0,20000.0,40000.0,113333.33,25.0,0.001918,86400.0,19.6759,0.001142,69400.0,12.2478,0.000636,60666.67,9.3407,0.000443,60150.0,7.0657,0.00035,59900.0,4.7301,0.000238
20261007,6508,惠光,28000.0,38000.0,33000.0,37000.0,19000.0,30000.0,24000.0,38000.0,115000.0,372000.0,1197000.0,256000.0,13000.0,7000.0,17000.0,34000.0,44000.0,26000.0,24000.0,34000.0,19000.0,17000.0,4000.0,5000.0,11000.0,25000.0,18000.0,6000.0,18000.0,30000.0,33000.0,28.2828,0.000632,31000.0,18.0645,0.000376,73400.0,3.8147,0.00021,148266.67,1.259,0.000146,119300.0,1.1735,0.000115,84633.33,1.1028,7.8e-05
20261007,6509,聚和,2331000.0,685000.0,1084000.0,1940000.0,644000.0,1798000.0,823000.0,481000.0,478000.0,680000.0,810000.0,794000.0,383000.0,564000.0,738000.0,467000.0,651000.0,355000.0,545000.0,517000.0,540000.0,798000.0,941000.0,954000.0,602000.0,807000.0,860000.0,715000.0,547000.0,869000.0,1366666.67,56.8537,0.052596,1336800.0,34.8743,0.03131,1094400.0,21.2993,0.017447,948866.67,16.3774,0.012146,838400.0,13.9015,0.009601,813366.67,9.5529,0.00653
20261007,6510,精測,352000.0,492000.0,901000.0,526000.0,959000.0,965000.0,692000.0,976000.0,1522000.0,1454000.0,1348000.0,450000.0,639000.0,663000.0,767000.0,830000.0,1060000.0,981000.0,1759000.0,1368000.0,1500000.0,1218000.0,1865000.0,1708000.0,832000.0,906000.0,428000.0,342000.0,398000.0,157000.0,581666.67,20.1719,0.007942,646000.0,10.8978,0.004728,883900.0,3.9824,0.002635,847066.67,2.7703,0.001834,935200.0,1.882,0.00145,935266.67,1.2545,0.000986
20261007,6512,啟發電,2000.0,,2000.0,3000.0,5000.0,3000.0,1000.0,7000.0,4000.0,18000.0,4000.0,,3000.0,4000.0,7000.0,5000.0,12000.0,7000.0,3000.0,8000.0,1000.0,5000.0,5000.0,,6000.0,3000.0,1000.0,5000.0,,2000.0,2000.0,50.0,4.5e-05,3000.0,16.6667,2.7e-05,5000.0,4.4444,1.5e-05,4846.15,3.1746,1e-05,5444.44,2.0408,8e-06,4846.15,1.5873,6e-06
20261007,6516,勤崴國際,47000.0,23000.0,25000.0,40000.0,25000.0,31000.0,40000.0,36000.0,49000.0,27000.0,23000.0,53000.0,52000.0,55000.0,153000.0,28000.0,17000.0,19000.0,34000.0,30000.0,37000.0,40000.0,23000.0,21000.0,30000.0,21000.0,29000.0,98000.0,36000.0,9000.0,31666.67,49.4737,0.00106,32000.0,29.375,0.000631,34300.0,13.7026,0.000352,45266.67,6.9219,0.000245,40350.0,5.824,0.000194,38366.67,4.0834,0.000132
20261007,6517,保勝光學,656000.0,168000.0,404000.0,355000.0,89000.0,89000.0,130000.0,79000.0,145000.0,411000.0,325000.0,356000.0,182000.0,291000.0,174000.0,323000.0,359000.0,214000.0,190000.0,447000.0,528000.0,668000.0,981000.0,1088000.0,588000.0,603000.0,1359000.0,2017000.0,2714000.0,430000.0,409333.33,53.4202,0.014802,334400.0,39.2344,0.008811,252600.0,25.9699,0.00491,256933.33,17.0213,0.003418,269350.0,12.1775,0.002702,545433.33,4.009,0.001838
20261007,6523,達爾膚,24000.0,10000.0,22000.0,20000.0,21000.0,109000.0,35000.0,27000.0,20000.0,21000.0,16000.0,3000.0,4000.0,11000.0,15000.0,20000.0,14000.0,17000.0,12000.0,20000.0,13000.0,27000.0,24000.0,39000.0,9000.0,16000.0,11000.0,11000.0,10000.0,13000.0,18666.67,42.8571,0.000542,19400.0,24.7423,0.000322,30900.0,7.767,0.00018,23866.67,6.7039,0.000125,22050.0,5.4422,9.9e-05,20466.67,3.9088,6.7e-05
20261007,6527,明達醫,13000.0,7000.0,29000.0,33000.0,28000.0,37000.0,10000.0,24000.0,18000.0,26000.0,12000.0,21000.0,11000.0,11000.0,16000.0,18000.0,29000.0,72000.0,119000.0,22000.0,9000.0,10000.0,13000.0,6000.0,17000.0,7000.0,5000.0,11000.0,11000.0,16000.0,16333.33,26.5306,0.000293,22000.0,11.8182,0.000175,22500.0,5.7778,9.7e-05,19733.33,4.3919,6.8e-05,27800.0,2.3381,5.4e-05,22033.33,1.9667,3.6e-05
20261007,6530,創威,2963000.0,1229000.0,1082000.0,1584000.0,1692000.0,3494000.0,1006000.0,1710000.0,1620000.0,1977000.0,2204000.0,3043000.0,5258000.0,1735000.0,1046000.0,604000.0,1038000.0,4013000.0,3847000.0,3805000.0,1541000.0,2612000.0,3938000.0,8610000.0,5684000.0,1182000.0,1455000.0,2660000.0,1933000.0,750000.0,1758000.0,56.1813,0.066856,1710000.0,34.655,0.039799,1835700.0,16.141,0.022178,2109533.33,9.3638,0.015439,2247500.0,6.5918,0.012204,2510500.0,3.9341,0.008301
20261007,6532,瑞耘,1306000.0,807000.0,1583000.0,1529000.0,5816000.0,1499000.0,2166000.0,400000.0,347000.0,495000.0,829000.0,1224000.0,555000.0,278000.0,285000.0,308000.0,820000.0,789000.0,831000.0,540000.0,543000.0,875000.0,1726000.0,766000.0,1878000.0,1391000.0,351000.0,436000.0,390000.0,806000.0,1232000.0,35.3355,0.029468,2208200.0,11.8286,0.017542,1594800.0,8.1891,0.009775,1274600.0,6.8309,0.006805,1120350.0,5.8285,0.005379,1052300.0,4.137,0.003659
20261007,6535,順藥,125000.0,252000.0,400000.0,273000.0,200000.0,241000.0,195000.0,225000.0,373000.0,104000.0,164000.0,356000.0,193000.0,140000.0,112000.0,145000.0,228000.0,276000.0,342000.0,260000.0,169000.0,351000.0,898000.0,469000.0,646000.0,2016000.0,244000.0,404000.0,446000.0,313000.0,259000.0,16.0875,0.00282,250000.0,10.0,0.001679,238800.0,5.2345,0.000936,223533.33,3.728,0.000651,230200.0,2.715,0.000515,352000.0,1.1837,0.00035
20261007,6538,倉和,7708000.0,1342000.0,2228000.0,1880000.0,1571000.0,2075000.0,3524000.0,2460000.0,2771000.0,4188000.0,2485000.0,2382000.0,789000.0,453000.0,168000.0,423000.0,954000.0,757000.0,1132000.0,1002000.0,5836000.0,9472000.0,495000.0,545000.0,821000.0,2987000.0,2804000.0,2469000.0,2444000.0,1519000.0,3759333.33,68.3455,0.173921,2945800.0,52.3321,0.103533,2974700.0,25.9119,0.057694,2401600.0,21.3968,0.040163,2014600.0,19.1303,0.031748,2322800.0,11.0614,0.021594
20261007,6542,隆中,10000.0,2000.0,3000.0,5000.0,4000.0,8000.0,,5000.0,10000.0,8000.0,12000.0,5000.0,24000.0,22000.0,1000.0,10000.0,1000.0,4000.0,,2000.0,9000.0,7000.0,1000.0,12000.0,18000.0,,,68000.0,4000.0,2000.0,5000.0,66.6667,0.000226,4800.0,41.6667,0.000134,6111.11,18.1818,7.5e-05,8500.0,8.4034,5.2e-05,7555.56,7.3529,4.1e-05,9884.62,3.8911,2.8e-05
20261007,6546,正基,163000.0,227000.0,161000.0,169000.0,160000.0,219000.0,374000.0,204000.0,1419000.0,138000.0,164000.0,153000.0,223000.0,87000.0,107000.0,97000.0,129000.0,153000.0,173000.0,150000.0,265000.0,226000.0,255000.0,154000.0,132000.0,115000.0,204000.0,203000.0,174000.0,156000.0,183666.67,29.5826,0.003678,176000.0,18.5227,0.002189,323400.0,5.0402,0.00122,264533.33,4.1079,0.000849,233500.0,3.4904,0.000671,218466.67,2.487,0.000457
20261007,6547,高端疫苗,1952000.0,2906000.0,1635000.0,3098000.0,3053000.0,3686000.0,2826000.0,2506000.0,2922000.0,3566000.0,2606000.0,4709000.0,2311000.0,2486000.0,2531000.0,5796000.0,7604000.0,19245000.0,6563000.0,3048000.0,3575000.0,3208000.0,2906000.0,3293000.0,7875000.0,6832000.0,11885000.0,22608000.0,10171000.0,5174000.0,2164333.33,30.0631,0.044044,2528800.0,15.4382,0.026219,2815000.0,6.9343,0.014611,2852866.67,4.5615,0.010171,4252450.0,2.2951,0.00804,5419200.0,1.2007,0.005468
20261007,6548,長科*,13198000.0,4398000.0,9764000.0,8599000.0,3809000.0,993000.0,854000.0,1346000.0,2436000.0,1532000.0,4416000.0,5357000.0,3226000.0,1078000.0,1707000.0,2806000.0,1224000.0,1448000.0,1688000.0,3047000.0,5425000.0,3519000.0,2166000.0,2874000.0,1689000.0,2423000.0,3095000.0,3721000.0,5122000.0,2496000.0,9120000.0,48.2383,0.297796,7953600.0,33.1875,0.177275,4692900.0,28.1233,0.098787,4180866.67,21.0451,0.068769,3646300.0,18.0978,0.054361,3515200.0,12.5152,0.036974
20261007,6556,勝品,8000.0,11000.0,9000.0,7000.0,7000.0,4000.0,5000.0,4000.0,2000.0,4000.0,2000.0,3000.0,2000.0,4000.0,9000.0,3000.0,23000.0,13000.0,3000.0,3000.0,9000.0,3000.0,9000.0,8000.0,3000.0,11000.0,2000.0,7000.0,6000.0,4000.0,9333.33,28.5714,0.000181,8400.0,19.0476,0.000107,6100.0,13.1148,6e-05,5400.0,9.8765,4.2e-05,6300.0,6.3492,3.3e-05,6266.67,4.2553,2.2e-05
20261007,6560,欣普羅,227000.0,145000.0,41000.0,42000.0,27000.0,19000.0,22000.0,16000.0,16000.0,31000.0,43000.0,54000.0,193000.0,128000.0,108000.0,1000.0,11000.0,16000.0,36000.0,28000.0,14000.0,5000.0,9000.0,13000.0,27000.0,12000.0,27000.0,23000.0,9000.0,,137666.67,54.9637,0.005122,96400.0,47.0954,0.003049,58600.0,38.7372,0.001699,74133.33,20.4137,0.001183,60200.0,18.8538,0.000935,46310.34,16.9025,0.000636
20261007,6561,是方,60000.0,49000.0,49000.0,49000.0,51000.0,93000.0,125000.0,75000.0,66000.0,34000.0,31000.0,25000.0,27000.0,35000.0,102000.0,51000.0,72000.0,55000.0,56000.0,32000.0,53000.0,31000.0,33000.0,52000.0,43000.0,32000.0,29000.0,33000.0,25000.0,24000.0,52666.67,37.9747,0.001354,51600.0,23.2558,0.000806,65100.0,9.2166,0.000449,58066.67,6.8886,0.000313,56850.0,5.277,0.000247,49733.33,4.0214,0.000168
20261007,6568,宏觀,75000.0,116000.0,138000.0,62000.0,53000.0,206000.0,135000.0,91000.0,141000.0,90000.0,73000.0,132000.0,183000.0,178000.0,34000.0,59000.0,113000.0,68000.0,48000.0,57000.0,41000.0,83000.0,153000.0,240000.0,47000.0,41000.0,50000.0,133000.0,61000.0,62000.0,109666.67,22.7964,0.001692,88800.0,16.8919,0.001007,110700.0,6.7751,0.000561,113800.0,4.3937,0.000391,102600.0,3.655,0.000309,98766.67,2.5312,0.00021
20261007,6569,醫揚,27000.0,17000.0,16000.0,7000.0,8000.0,12000.0,36000.0,22000.0,14000.0,19000.0,24000.0,21000.0,12000.0,7000.0,13000.0,23000.0,27000.0,19000.0,69000.0,20000.0,84000.0,27000.0,34000.0,26000.0,31000.0,34000.0,31000.0,43000.0,38000.0,39000.0,20000.0,45.0,0.000609,15000.0,36.0,0.000363,17800.0,15.1685,0.000202,17000.0,10.5882,0.000141,20650.0,6.5375,0.000111,26666.67,3.375,7.6e-05
20261007,6570,維田,41000.0,37000.0,50000.0,70000.0,149000.0,98000.0,117000.0,29000.0,101000.0,70000.0,79000.0,53000.0,80000.0,23000.0,147000.0,40000.0,61000.0,68000.0,50000.0,228000.0,100000.0,94000.0,85000.0,100000.0,86000.0,118000.0,146000.0,88000.0,52000.0,52000.0,42666.67,32.0312,0.000925,69400.0,11.8156,0.000551,76200.0,5.3806,0.000307,76266.67,3.5839,0.000214,79550.0,2.577,0.000169,83733.33,1.6322,0.000115
20261007,6574,霈方,20000.0,27000.0,96000.0,21000.0,9000.0,27000.0,21000.0,18000.0,27000.0,37000.0,40000.0,47000.0,46000.0,16000.0,10000.0,9000.0,26000.0,29000.0,17000.0,10000.0,25000.0,18000.0,29000.0,26000.0,47000.0,18000.0,39000.0,47000.0,38000.0,23000.0,47666.67,13.986,0.000451,34600.0,11.5607,0.000269,30300.0,6.6007,0.00015,30800.0,4.329,0.000104,27650.0,3.6166,8.2e-05,28766.67,2.3175,5.6e-05
20261007,6576,逸達,67000.0,80000.0,179000.0,179000.0,101000.0,56000.0,116000.0,36000.0,37000.0,65000.0,61000.0,391000.0,70000.0,78000.0,63000.0,141000.0,161000.0,129000.0,146000.0,138000.0,349000.0,166000.0,77000.0,67000.0,89000.0,113000.0,95000.0,41000.0,75000.0,109000.0,108666.67,20.5521,0.001512,121200.0,11.0561,0.0009,91600.0,7.3144,0.000501,105266.67,4.2432,0.000349,114700.0,2.9207,0.000276,115833.33,1.9281,0.000188
20261007,6577,勁豐,11000.0,20000.0,10000.0,65000.0,50000.0,26000.0,15000.0,12000.0,36000.0,43000.0,30000.0,44000.0,15000.0,15000.0,18000.0,13000.0,3000.0,28000.0,152000.0,40000.0,31000.0,25000.0,27000.0,9000.0,44000.0,95000.0,22000.0,32000.0,31000.0,84000.0,13666.67,26.8293,0.000248,31200.0,7.0513,0.000148,28800.0,3.8194,8.2e-05,27333.33,2.6829,5.7e-05,32300.0,1.7028,4.5e-05,34866.67,1.0516,3.1e-05
20261007,6578,達邦蛋白,34000.0,38000.0,73000.0,12000.0,9000.0,47000.0,18000.0,183000.0,75000.0,39000.0,63000.0,72000.0,62000.0,44000.0,26000.0,56000.0,22000.0,78000.0,16000.0,104000.0,56000.0,253000.0,127000.0,27000.0,23000.0,9000.0,41000.0,38000.0,14000.0,36000.0,48333.33,23.4483,0.000767,33200.0,20.4819,0.000457,52800.0,6.4394,0.000254,53000.0,4.2767,0.000177,53550.0,3.1746,0.00014,56500.0,2.0059,9.5e-05
20261007,6584,南俊國際,745000.0,654000.0,985000.0,384000.0,259000.0,160000.0,162000.0,218000.0,229000.0,385000.0,326000.0,871000.0,290000.0,249000.0,182000.0,348000.0,470000.0,696000.0,543000.0,386000.0,455000.0,551000.0,810000.0,1221000.0,1402000.0,4121000.0,4602000.0,776000.0,273000.0,452000.0,794666.67,31.25,0.01681,605400.0,24.6118,0.010007,418100.0,17.8187,0.005576,406600.0,12.2151,0.003882,427100.0,8.7216,0.003069,773500.0,3.2105,0.002087
20261007,6588,東典光電,992000.0,664000.0,861000.0,1545000.0,1004000.0,1068000.0,699000.0,588000.0,2229000.0,1650000.0,1167000.0,3914000.0,6703000.0,1127000.0,965000.0,1475000.0,1069000.0,1413000.0,2690000.0,7824000.0,5404000.0,1179000.0,1382000.0,2098000.0,1578000.0,2197000.0,2044000.0,2584000.0,7670000.0,1945000.0,839000.0,39.412,0.022383,1013200.0,19.5815,0.013324,1130000.0,8.7788,0.007425,1678400.0,3.9403,0.005169,1982350.0,2.5021,0.004086,2257600.0,1.4647,0.002779
20261007,6590,普鴻,9000.0,26000.0,19000.0,24000.0,15000.0,25000.0,13000.0,18000.0,33000.0,29000.0,15000.0,54000.0,155000.0,215000.0,148000.0,29000.0,15000.0,18000.0,3000.0,31000.0,42000.0,24000.0,19000.0,5000.0,14000.0,6000.0,19000.0,12000.0,4000.0,4000.0,18000.0,16.6667,0.000203,18600.0,9.6774,0.000121,21100.0,4.2654,6.7e-05,53200.0,1.1278,4.7e-05,44700.0,1.0067,3.7e-05,34766.67,0.8629,2.5e-05
20261007,6593,台灣銘板,19000.0,15000.0,18000.0,17000.0,18000.0,10000.0,21000.0,14000.0,40000.0,4000.0,34000.0,13000.0,3000.0,18000.0,19000.0,12000.0,7000.0,31000.0,21000.0,41000.0,94000.0,80000.0,29000.0,210000.0,105000.0,24000.0,29000.0,8000.0,28000.0,19000.0,17333.33,36.5385,0.000429,17400.0,21.8391,0.000255,17600.0,10.7955,0.000142,17533.33,7.2243,9.9e-05,18750.0,5.0667,7.8e-05,33366.67,1.8981,5.3e-05
20261007,6596,寬宏藝術,113000.0,76000.0,105000.0,58000.0,55000.0,89000.0,60000.0,29000.0,122000.0,76000.0,181000.0,72000.0,97000.0,43000.0,96000.0,83000.0,150000.0,46000.0,47000.0,51000.0,96000.0,50000.0,151000.0,74000.0,50000.0,85000.0,69000.0,82000.0,58000.0,141000.0,98000.0,38.4354,0.00255,81400.0,27.7641,0.001518,78300.0,14.4317,0.000846,84800.0,8.8836,0.000589,82450.0,6.8526,0.000465,83500.0,4.511,0.000317
20261007,6597,立誠,1000.0,,6000.0,10000.0,62000.0,6000.0,2000.0,4000.0,5000.0,18000.0,5000.0,14000.0,11000.0,1000.0,,,,4000.0,7000.0,,1000.0,5000.0,3000.0,4000.0,,26000.0,3000.0,,2000.0,,3500.0,14.2857,2.3e-05,19750.0,1.2658,1.3e-05,12666.67,0.8772,7e-06,11153.85,0.6897,5e-06,10400.0,0.641,4e-06,9090.91,0.5,3e-06
20261007,6603,富強鑫,2318000.0,1755000.0,4572000.0,10819000.0,7449000.0,6951000.0,4568000.0,1072000.0,1477000.0,3884000.0,4185000.0,8914000.0,6344000.0,760000.0,2021000.0,1912000.0,613000.0,574000.0,622000.0,530000.0,661000.0,606000.0,1306000.0,428000.0,763000.0,1026000.0,1049000.0,1400000.0,1113000.0,1643000.0,2881666.67,26.8132,0.052303,5382600.0,8.6129,0.031135,4486500.0,5.1666,0.01735,4472600.0,3.4551,0.012078,3567000.0,3.2492,0.009548,2711166.67,2.8499,0.006494
20261007,6604,儒億,503000.0,1132000.0,,,,,,,,,,,,,,,,,,,,,,,,,,,,,817500.0,30.7645,0.01135,817500.0,30.7645,0.006756,817500.0,30.7645,0.003765,817500.0,30.7645,0.002621,817500.0,30.7645,0.002072,817500.0,30.7645,0.001409
20261007,6609,瀧澤科,43000.0,48000.0,130000.0,78000.0,60000.0,75000.0,60000.0,33000.0,68000.0,73000.0,98000.0,56000.0,154000.0,150000.0,107000.0,55000.0,67000.0,59000.0,144000.0,76000.0,83000.0,106000.0,161000.0,286000.0,141000.0,79000.0,95000.0,124000.0,84000.0,84000.0,73666.67,19.457,0.00097,71800.0,11.9777,0.000578,66800.0,6.4371,0.000322,82200.0,3.4874,0.000224,81700.0,2.6316,0.000177,95900.0,1.4946,0.00012
20261007,6612,奈米醫材,14000.0,43000.0,43000.0,95000.0,117000.0,36000.0,15000.0,31000.0,11000.0,23000.0,9000.0,11000.0,22000.0,31000.0,39000.0,2000.0,82000.0,3000.0,25000.0,27000.0,20000.0,22000.0,28000.0,43000.0,14000.0,29000.0,54000.0,21000.0,48000.0,32000.0,33333.33,14.0,0.000316,62400.0,4.4872,0.000188,42800.0,3.271,0.000105,36000.0,2.5926,7.3e-05,33950.0,2.0619,5.8e-05,33000.0,1.4141,3.9e-05
20261007,6613,朋億*,399000.0,296000.0,312000.0,248000.0,391000.0,206000.0,134000.0,139000.0,168000.0,285000.0,153000.0,323000.0,186000.0,153000.0,175000.0,157000.0,175000.0,262000.0,159000.0,200000.0,302000.0,211000.0,461000.0,531000.0,639000.0,2531000.0,823000.0,731000.0,462000.0,100000.0,335666.67,39.6226,0.009003,329200.0,24.2406,0.005359,257800.0,15.4771,0.002987,237866.67,11.1827,0.002079,226050.0,8.8255,0.001643,377066.67,3.5272,0.001118
20261007,6615,慧智,57000.0,42000.0,51000.0,9000.0,6000.0,3000.0,3000.0,,11000.0,1000.0,,5000.0,4000.0,5000.0,1000.0,3000.0,,12000.0,5000.0,23000.0,9000.0,,2000.0,2000.0,6000.0,4000.0,13000.0,11000.0,2000.0,11000.0,50000.0,38.0,0.001286,33000.0,34.5455,0.000766,20333.33,31.1475,0.000427,15230.77,28.7879,0.000297,14176.47,23.6515,0.000235,11576.92,18.9369,0.00016
20261007,6616,特昇-KY,35000.0,8000.0,20000.0,5000.0,14000.0,7000.0,55000.0,17000.0,57000.0,13000.0,5000.0,17000.0,13000.0,13000.0,10000.0,2000.0,6000.0,2000.0,45000.0,2000.0,12000.0,9000.0,16000.0,10000.0,14000.0,54000.0,26000.0,18000.0,21000.0,7000.0,21000.0,55.5556,0.00079,16400.0,42.6829,0.00047,23100.0,15.1515,0.000262,19266.67,12.1107,0.000182,17300.0,10.1156,0.000144,17766.67,6.5666,9.8e-05
20261007,6617,共信-KY,505000.0,397000.0,629000.0,541000.0,795000.0,688000.0,404000.0,551000.0,1087000.0,655000.0,447000.0,870000.0,3158000.0,1376000.0,827000.0,405000.0,439000.0,745000.0,997000.0,3915000.0,520000.0,1213000.0,1087000.0,1202000.0,970000.0,737000.0,1315000.0,2101000.0,1653000.0,1358000.0,510333.33,32.985,0.011395,573400.0,17.6142,0.006783,625200.0,8.0774,0.00378,862000.0,3.9056,0.002631,971550.0,2.5989,0.00208,1052900.0,1.5988,0.001415
20261007,6620,漢達,2983000.0,4525000.0,4110000.0,3947000.0,9013000.0,7305000.0,2876000.0,2685000.0,2843000.0,5198000.0,6121000.0,9844000.0,2014000.0,2935000.0,1989000.0,1382000.0,1336000.0,2128000.0,2892000.0,5890000.0,9307000.0,6781000.0,3548000.0,2888000.0,4695000.0,650000.0,1182000.0,264000.0,187000.0,159000.0,3872666.67,25.6757,0.067308,4915600.0,12.1369,0.040067,4548500.0,6.5582,0.022328,4559200.0,4.3619,0.015543,4100800.0,3.6371,0.012287,3722566.67,2.6711,0.008357
20261007,6624,萬年清,11000.0,8000.0,1000.0,7000.0,6000.0,10000.0,8000.0,1000.0,2000.0,12000.0,9000.0,13000.0,7000.0,9000.0,11000.0,17000.0,10000.0,1000.0,1000.0,,,1000.0,9000.0,7000.0,1000.0,,3000.0,2000.0,3000.0,1000.0,6666.67,55.0,0.000248,6600.0,33.3333,0.000148,6600.0,16.6667,8.2e-05,7666.67,9.5652,5.7e-05,7578.95,7.6389,4.5e-05,6333.33,6.4327,3.1e-05
20261007,6629,泰金-KY,32000.0,9000.0,4000.0,27000.0,4000.0,4000.0,3000.0,14000.0,8000.0,16000.0,24000.0,9000.0,45000.0,4000.0,7000.0,2000.0,5000.0,157000.0,6000.0,26000.0,29000.0,4000.0,30000.0,14000.0,49000.0,5000.0,12000.0,57000.0,13000.0,24000.0,15000.0,71.1111,0.000722,15200.0,42.1053,0.00043,12100.0,26.4463,0.00024,14000.0,15.2381,0.000167,20300.0,7.8818,0.000132,21433.33,4.9767,9e-05
20261007,6637,醫影,32000.0,18000.0,20000.0,10000.0,27000.0,15000.0,8000.0,17000.0,33000.0,10000.0,9000.0,10000.0,18000.0,19000.0,10000.0,2000.0,13000.0,16000.0,22000.0,74000.0,21000.0,16000.0,16000.0,24000.0,38000.0,50000.0,43000.0,130000.0,105000.0,120000.0,23333.33,45.7143,0.000722,21400.0,29.9065,0.00043,19000.0,16.8421,0.00024,17066.67,12.5,0.000167,19150.0,8.3551,0.000132,31533.33,3.3827,9e-05
20261007,6640,均華,480000.0,597000.0,430000.0,286000.0,684000.0,259000.0,419000.0,301000.0,261000.0,627000.0,298000.0,501000.0,316000.0,119000.0,190000.0,360000.0,368000.0,346000.0,543000.0,681000.0,975000.0,1184000.0,1215000.0,1280000.0,1240000.0,616000.0,214000.0,446000.0,178000.0,291000.0,502333.33,31.8514,0.010831,495400.0,19.3783,0.006447,434400.0,11.0497,0.003593,384533.33,8.3218,0.002501,403300.0,5.9509,0.001977,523500.0,3.0564,0.001345
20261007,6642,富致,213000.0,126000.0,154000.0,237000.0,376000.0,161000.0,316000.0,49000.0,91000.0,116000.0,54000.0,102000.0,51000.0,30000.0,51000.0,46000.0,133000.0,153000.0,110000.0,257000.0,233000.0,259000.0,225000.0,148000.0,264000.0,159000.0,276000.0,315000.0,92000.0,200000.0,164333.33,43.2049,0.004806,221200.0,19.2586,0.002861,183900.0,11.5824,0.001594,141800.0,10.0141,0.00111,141300.0,7.5372,0.000877,166566.67,4.2626,0.000597
20261007,6643,M31,579000.0,445000.0,672000.0,760000.0,2139000.0,2551000.0,1546000.0,3032000.0,905000.0,1787000.0,1044000.0,908000.0,740000.0,169000.0,194000.0,419000.0,368000.0,258000.0,429000.0,981000.0,164000.0,150000.0,279000.0,178000.0,571000.0,1217000.0,241000.0,336000.0,409000.0,94000.0,565333.33,34.1392,0.013064,919000.0,12.6007,0.007777,1441600.0,4.0164,0.004334,1164733.33,3.3141,0.003017,996300.0,2.9058,0.002385,785500.0,2.457,0.001622
20261007,6649,台生材,162000.0,157000.0,205000.0,40000.0,112000.0,3000.0,22000.0,92000.0,6000.0,2000.0,21000.0,1000.0,40000.0,35000.0,23000.0,33000.0,63000.0,82000.0,43000.0,31000.0,31000.0,5000.0,33000.0,,12000.0,20000.0,25000.0,12000.0,24000.0,17000.0,174666.67,30.916,0.003655,135200.0,23.9645,0.002176,80100.0,20.2247,0.001213,61400.0,17.5896,0.000844,58650.0,13.8107,0.000667,46620.69,11.9822,0.000454
20261007,6651,全宇昕,507000.0,254000.0,585000.0,163000.0,78000.0,334000.0,157000.0,313000.0,139000.0,159000.0,475000.0,172000.0,140000.0,95000.0,43000.0,123000.0,144000.0,100000.0,73000.0,231000.0,168000.0,106000.0,131000.0,122000.0,502000.0,133000.0,352000.0,262000.0,557000.0,212000.0,448666.67,37.6672,0.01144,317400.0,31.9471,0.00681,268900.0,18.8546,0.003795,240933.33,14.0288,0.002642,214250.0,11.832,0.002088,227666.67,7.4231,0.00142
20261007,6654,天正國際,112000.0,55000.0,26000.0,94000.0,62000.0,83000.0,21000.0,21000.0,38000.0,38000.0,48000.0,34000.0,9000.0,18000.0,16000.0,21000.0,29000.0,19000.0,72000.0,144000.0,83000.0,143000.0,226000.0,101000.0,196000.0,106000.0,39000.0,10000.0,9000.0,18000.0,64333.33,58.0311,0.002527,69800.0,32.0917,0.001504,55000.0,20.3636,0.000838,45000.0,16.5926,0.000584,48000.0,11.6667,0.000461,63033.33,5.9228,0.000314
20261007,6661,威健生技,2000.0,1000.0,4000.0,,,,19000.0,5000.0,,11000.0,12000.0,6000.0,5000.0,2000.0,6000.0,3000.0,5000.0,4000.0,3000.0,2000.0,7000.0,11000.0,,3000.0,2000.0,4000.0,11000.0,1000.0,7000.0,3000.0,2333.33,28.5714,4.5e-05,2333.33,28.5714,2.7e-05,7000.0,4.7619,1.5e-05,6636.36,2.7397,1e-05,5625.0,2.2222,8e-06,5560.0,1.4388,6e-06
20261007,6662,樂斯科,,2000.0,,16000.0,3000.0,,,,4000.0,2000.0,1000.0,6000.0,9000.0,1000.0,2000.0,2000.0,1000.0,2000.0,5000.0,5000.0,5000.0,1000.0,3000.0,9000.0,,5000.0,2000.0,5000.0,1000.0,,2000.0,,,7000.0,,,5400.0,,,4600.0,,,4066.67,,,4000.0,,
20261007,6664,群翊,243000.0,365000.0,891000.0,420000.0,341000.0,800000.0,552000.0,285000.0,147000.0,223000.0,156000.0,178000.0,263000.0,132000.0,111000.0,238000.0,317000.0,260000.0,376000.0,234000.0,346000.0,719000.0,1290000.0,558000.0,520000.0,428000.0,247000.0,301000.0,319000.0,2075000.0,499666.67,16.2108,0.005483,452000.0,10.7522,0.003264,426700.0,5.6949,0.001819,340466.67,4.7582,0.001266,326600.0,3.7201,0.001001,444500.0,1.8223,0.000681
20261007,6667,信紘科,1745000.0,302000.0,423000.0,215000.0,385000.0,229000.0,243000.0,236000.0,444000.0,795000.0,1395000.0,1457000.0,122000.0,118000.0,173000.0,186000.0,696000.0,236000.0,221000.0,523000.0,1036000.0,837000.0,188000.0,50000.0,174000.0,198000.0,104000.0,129000.0,86000.0,74000.0,823333.33,70.6478,0.039374,614000.0,56.8404,0.023439,501700.0,34.7817,0.013061,552133.33,21.0698,0.009092,507200.0,17.2023,0.007187,434000.0,13.4025,0.004889
20261007,6679,鈺太,138000.0,426000.0,199000.0,257000.0,120000.0,268000.0,375000.0,188000.0,150000.0,167000.0,135000.0,110000.0,247000.0,69000.0,129000.0,131000.0,179000.0,216000.0,181000.0,719000.0,1057000.0,651000.0,254000.0,321000.0,402000.0,200000.0,260000.0,142000.0,151000.0,192000.0,254333.33,18.0865,0.003114,228000.0,12.1053,0.001854,228800.0,6.0315,0.001033,198533.33,4.634,0.000719,220200.0,3.1335,0.000568,267800.0,1.7177,0.000387
20261007,6680,鑫創電子,3000.0,4000.0,10000.0,,12000.0,3000.0,8000.0,4000.0,,9000.0,1000.0,,,1000.0,1000.0,7000.0,7000.0,,4000.0,4000.0,1000.0,5000.0,,,1000.0,5000.0,1000.0,2000.0,2000.0,13000.0,5666.67,17.6471,6.8e-05,7250.0,10.3448,4e-05,6625.0,5.6604,2.2e-05,5090.91,5.3571,1.6e-05,5200.0,3.8462,1.2e-05,4695.65,2.7778,8e-06
20261007,6683,雍智科技,1218000.0,2852000.0,1144000.0,1589000.0,987000.0,1158000.0,724000.0,731000.0,730000.0,1782000.0,2071000.0,2859000.0,2249000.0,2139000.0,2035000.0,691000.0,520000.0,1248000.0,1215000.0,871000.0,1376000.0,1253000.0,1905000.0,716000.0,169000.0,537000.0,1133000.0,588000.0,452000.0,411000.0,1738000.0,23.3602,0.027483,1558000.0,15.6354,0.01636,1291500.0,9.4309,0.009117,1617866.67,5.019,0.006346,1440650.0,4.2273,0.005017,1245100.0,3.2608,0.003412
20261007,6684,安格,94000.0,50000.0,85000.0,61000.0,114000.0,95000.0,192000.0,62000.0,101000.0,299000.0,159000.0,118000.0,311000.0,130000.0,39000.0,41000.0,34000.0,67000.0,48000.0,77000.0,66000.0,35000.0,102000.0,86000.0,54000.0,39000.0,81000.0,44000.0,107000.0,41000.0,76333.33,41.048,0.002121,80800.0,23.2673,0.001263,115300.0,8.1526,0.000704,127333.33,4.9215,0.00049,108850.0,4.3179,0.000387,94400.0,3.3192,0.000263
20261007,6690,安碁資訊,180000.0,177000.0,160000.0,57000.0,100000.0,182000.0,112000.0,105000.0,154000.0,167000.0,329000.0,536000.0,307000.0,744000.0,2249000.0,547000.0,469000.0,27000.0,17000.0,11000.0,19000.0,41000.0,29000.0,32000.0,30000.0,16000.0,43000.0,21000.0,32000.0,26000.0,172333.33,34.8162,0.004061,134800.0,26.7062,0.002418,139400.0,12.9125,0.001347,370600.0,3.238,0.000938,331500.0,2.7149,0.000741,230633.33,2.6015,0.000504
20261007,6692,進能服,21000.0,26000.0,3000.0,12000.0,5000.0,8000.0,19000.0,51000.0,16000.0,42000.0,9000.0,12000.0,11000.0,6000.0,,23000.0,4000.0,12000.0,2000.0,20000.0,12000.0,18000.0,18000.0,1000.0,16000.0,7000.0,30000.0,7000.0,11000.0,12000.0,16666.67,42.0,0.000474,13400.0,31.3433,0.000282,20300.0,10.3448,0.000157,17214.29,8.7137,0.000109,15894.74,6.9536,8.6e-05,14965.52,4.8387,5.9e-05
20261007,6693,廣閎科,1845000.0,1058000.0,2119000.0,1425000.0,1921000.0,2952000.0,3852000.0,7507000.0,2910000.0,568000.0,705000.0,899000.0,1283000.0,1486000.0,778000.0,1419000.0,977000.0,834000.0,959000.0,1586000.0,2385000.0,2030000.0,2402000.0,1164000.0,1401000.0,938000.0,2106000.0,514000.0,569000.0,474000.0,1674000.0,36.7384,0.04163,1673600.0,22.0483,0.024782,2615700.0,7.0536,0.01381,2087200.0,5.8931,0.009613,1854150.0,4.9753,0.007599,1702200.0,3.613,0.005169
20261007,6697,東捷資訊,18000.0,15000.0,15000.0,34000.0,25000.0,33000.0,19000.0,13000.0,25000.0,19000.0,31000.0,31000.0,37000.0,13000.0,80000.0,65000.0,8000.0,6000.0,11000.0,6000.0,5000.0,6000.0,15000.0,25000.0,64000.0,20000.0,37000.0,15000.0,,20000.0,16000.0,37.5,0.000406,21400.0,16.8224,0.000242,21600.0,8.3333,0.000135,27200.0,4.4118,9.4e-05,25200.0,3.5714,7.4e-05,24517.24,2.5316,5e-05
20261007,6703,軒郁,41000.0,12000.0,21000.0,7000.0,11000.0,44000.0,26000.0,8000.0,21000.0,58000.0,8000.0,13000.0,17000.0,15000.0,26000.0,31000.0,14000.0,103000.0,81000.0,91000.0,16000.0,39000.0,21000.0,29000.0,45000.0,17000.0,60000.0,12000.0,16000.0,15000.0,24666.67,55.4054,0.000925,18400.0,44.5652,0.000551,24900.0,16.4659,0.000307,21866.67,12.5,0.000214,32400.0,6.3272,0.000169,30600.0,4.4662,0.000115
20261007,6708,天擎,930000.0,1723000.0,606000.0,827000.0,1490000.0,879000.0,205000.0,343000.0,6000.0,11000.0,74000.0,69000.0,105000.0,11000.0,29000.0,3000.0,10000.0,11000.0,16000.0,7000.0,39000.0,3000.0,2000.0,6000.0,8000.0,23000.0,26000.0,22000.0,34000.0,9000.0,1086333.33,28.5364,0.020984,1115200.0,16.6786,0.012492,702000.0,13.2479,0.006961,487200.0,12.7258,0.004846,367750.0,12.6445,0.003831,250900.0,12.3555,0.002605
20261007,6712,長聖,439000.0,228000.0,384000.0,404000.0,93000.0,172000.0,187000.0,197000.0,281000.0,198000.0,55000.0,169000.0,371000.0,109000.0,107000.0,150000.0,178000.0,239000.0,242000.0,149000.0,261000.0,158000.0,216000.0,194000.0,153000.0,334000.0,361000.0,656000.0,403000.0,1093000.0,350333.33,41.7697,0.009905,309600.0,28.3592,0.005897,258300.0,16.9957,0.003286,226266.67,12.9346,0.002287,217600.0,10.0873,0.001808,272700.0,5.3661,0.00123
20261007,6716,應廣,5442000.0,3813000.0,1112000.0,574000.0,401000.0,195000.0,145000.0,275000.0,257000.0,425000.0,488000.0,411000.0,492000.0,315000.0,573000.0,760000.0,389000.0,389000.0,708000.0,1407000.0,1001000.0,2315000.0,2055000.0,396000.0,272000.0,454000.0,441000.0,608000.0,765000.0,990000.0,3455666.67,52.4935,0.122792,2268400.0,47.981,0.073097,1263900.0,43.0572,0.040733,994533.33,36.4794,0.028356,928550.0,29.3038,0.022415,928933.33,19.5278,0.015246
20261007,6720,久昌,8000.0,169000.0,4000.0,76000.0,14000.0,12000.0,8000.0,5000.0,83000.0,6000.0,13000.0,28000.0,4000.0,2000.0,6000.0,24000.0,,53000.0,17000.0,30000.0,9000.0,29000.0,28000.0,16000.0,24000.0,8000.0,17000.0,35000.0,6000.0,30000.0,60333.33,4.4199,0.000181,54200.0,2.952,0.000107,38500.0,2.0779,6e-05,29200.0,1.8265,4.2e-05,29578.95,1.4235,3.3e-05,26344.83,1.0471,2.2e-05
20261007,6721,信實,33000.0,33000.0,9000.0,,1000.0,9000.0,3000.0,3000.0,5000.0,6000.0,14000.0,1000.0,2000.0,6000.0,7000.0,8000.0,46000.0,4000.0,,5000.0,3000.0,85000.0,26000.0,14000.0,14000.0,5000.0,4000.0,4000.0,12000.0,10000.0,25000.0,44.0,0.000745,19000.0,43.4211,0.000443,11333.33,32.3529,0.000247,9428.57,25.0,0.000172,10833.33,16.9231,0.000136,13285.71,8.871,9.2e-05
20261007,6725,矽科宏晟,47000.0,95000.0,85000.0,53000.0,115000.0,48000.0,50000.0,25000.0,30000.0,48000.0,53000.0,54000.0,127000.0,27000.0,35000.0,76000.0,167000.0,49000.0,43000.0,62000.0,63000.0,89000.0,86000.0,16000.0,61000.0,84000.0,53000.0,134000.0,52000.0,87000.0,75666.67,20.7048,0.00106,79000.0,11.8987,0.000631,59600.0,7.8859,0.000352,59466.67,5.2691,0.000245,64450.0,3.6462,0.000194,67133.33,2.3337,0.000132
20261007,6727,亞泰金屬,1113000.0,1729000.0,1794000.0,1837000.0,637000.0,969000.0,1632000.0,1527000.0,778000.0,1115000.0,1090000.0,793000.0,1521000.0,583000.0,1035000.0,1173000.0,946000.0,1414000.0,1489000.0,1348000.0,1302000.0,1958000.0,2045000.0,2707000.0,2009000.0,2229000.0,2475000.0,2474000.0,2287000.0,739000.0,1545333.33,24.0078,0.025113,1422000.0,15.654,0.01495,1313100.0,8.4761,0.008331,1210200.0,6.1312,0.005799,1226150.0,4.5386,0.004584,1491600.0,2.4873,0.003118
20261007,6728,上洋,27000.0,21000.0,27000.0,29000.0,28000.0,17000.0,31000.0,13000.0,32000.0,11000.0,7000.0,9000.0,23000.0,12000.0,10000.0,17000.0,7000.0,17000.0,38000.0,2000.0,4000.0,11000.0,31000.0,32000.0,5000.0,11000.0,7000.0,7000.0,3000.0,12000.0,25000.0,36.0,0.000609,26400.0,20.4545,0.000363,23600.0,11.4407,0.000202,19800.0,9.0909,0.000141,18900.0,7.1429,0.000111,16700.0,5.3892,7.6e-05
20261007,6730,常廣,3000.0,1000.0,17000.0,21000.0,7000.0,7000.0,6000.0,12000.0,6000.0,7000.0,7000.0,5000.0,4000.0,,3000.0,2000.0,7000.0,3000.0,29000.0,7000.0,18000.0,9000.0,6000.0,14000.0,,5000.0,2000.0,3000.0,10000.0,1000.0,7000.0,14.2857,6.8e-05,9800.0,6.1224,4e-05,8700.0,3.4483,2.2e-05,7571.43,2.8302,1.6e-05,8105.26,1.9481,1.2e-05,7928.57,1.3514,8e-06
20261007,6732,昇佳電子,59000.0,102000.0,129000.0,89000.0,54000.0,70000.0,58000.0,27000.0,41000.0,98000.0,50000.0,67000.0,85000.0,34000.0,45000.0,72000.0,87000.0,94000.0,62000.0,112000.0,53000.0,91000.0,192000.0,139000.0,121000.0,112000.0,163000.0,109000.0,159000.0,50000.0,96666.67,20.3448,0.001331,86600.0,13.6259,0.000792,72700.0,8.1155,0.000442,67200.0,5.8532,0.000307,71750.0,4.1115,0.000243,87466.67,2.2485,0.000165
20261007,6733,博晟生醫,74000.0,64000.0,111000.0,73000.0,22000.0,98000.0,40000.0,46000.0,45000.0,99000.0,53000.0,52000.0,77000.0,14000.0,34000.0,28000.0,79000.0,53000.0,63000.0,56000.0,59000.0,62000.0,114000.0,56000.0,336000.0,108000.0,196000.0,39000.0,110000.0,67000.0,83000.0,29.7189,0.00167,68800.0,21.5116,0.000994,67200.0,11.0119,0.000554,60133.33,8.204,0.000386,59050.0,6.2659,0.000305,77600.0,3.1787,0.000207
20261007,6735,美達科技,100000.0,62000.0,69000.0,47000.0,69000.0,108000.0,103000.0,35000.0,117000.0,60000.0,63000.0,97000.0,60000.0,47000.0,29000.0,54000.0,46000.0,43000.0,101000.0,63000.0,42000.0,88000.0,113000.0,129000.0,262000.0,107000.0,81000.0,128000.0,78000.0,48000.0,77000.0,43.29,0.002256,69400.0,28.8184,0.001343,77000.0,12.987,0.000748,71066.67,9.3809,0.000521,68650.0,7.2833,0.000412,81633.33,4.0833,0.00028
20261007,6739,竹陞科技,98000.0,203000.0,280000.0,337000.0,143000.0,246000.0,171000.0,149000.0,253000.0,194000.0,272000.0,325000.0,248000.0,242000.0,282000.0,501000.0,1656000.0,394000.0,408000.0,214000.0,486000.0,125000.0,129000.0,120000.0,167000.0,267000.0,567000.0,201000.0,61000.0,106000.0,193666.67,16.8675,0.002211,212200.0,9.2366,0.001316,207400.0,4.7252,0.000734,229533.33,2.8464,0.000511,330800.0,1.4813,0.000404,294833.33,1.108,0.000275
20261007,6741,91APP*-KY,90000.0,106000.0,183000.0,149000.0,96000.0,292000.0,96000.0,159000.0,290000.0,128000.0,188000.0,272000.0,64000.0,104000.0,76000.0,83000.0,263000.0,97000.0,95000.0,134000.0,107000.0,118000.0,254000.0,211000.0,190000.0,219000.0,322000.0,378000.0,308000.0,511000.0,126333.33,23.7467,0.002031,124800.0,14.4231,0.001209,158900.0,5.6639,0.000674,152866.67,3.925,0.000469,148250.0,3.0354,0.000371,186100.0,1.612,0.000252
20261007,6751,智聯服務,80000.0,,8000.0,5000.0,4000.0,6000.0,29000.0,8000.0,,8000.0,13000.0,12000.0,4000.0,10000.0,2000.0,4000.0,6000.0,3000.0,7000.0,7000.0,10000.0,1000.0,9000.0,7000.0,18000.0,5000.0,,2000.0,12000.0,9000.0,44000.0,90.9091,0.001805,24250.0,82.4742,0.001075,18500.0,54.0541,0.000599,14538.46,42.328,0.000417,12000.0,37.037,0.00033,10703.7,27.6817,0.000224
20261007,6752,叡揚,3000.0,13000.0,16000.0,7000.0,8000.0,10000.0,12000.0,7000.0,15000.0,18000.0,21000.0,15000.0,28000.0,117000.0,195000.0,37000.0,9000.0,7000.0,1000.0,17000.0,3000.0,7000.0,10000.0,9000.0,,7000.0,1000.0,9000.0,2000.0,10000.0,10666.67,9.375,6.8e-05,9400.0,6.383,4e-05,10900.0,2.7523,2.2e-05,32333.33,0.6186,1.6e-05,27800.0,0.5396,1.2e-05,21172.41,0.4886,8e-06
20261007,6761,穩得,63000.0,103000.0,238000.0,162000.0,143000.0,97000.0,83000.0,92000.0,74000.0,147000.0,88000.0,113000.0,118000.0,52000.0,101000.0,144000.0,286000.0,640000.0,162000.0,245000.0,289000.0,394000.0,413000.0,204000.0,571000.0,284000.0,521000.0,732000.0,402000.0,306000.0,134666.67,15.5941,0.001422,141800.0,8.8858,0.000846,120200.0,5.2413,0.000472,111600.0,3.7634,0.000328,157550.0,1.9994,0.000259,242233.33,0.8669,0.000176
20261007,6762,達亞,,,2000.0,5000.0,2000.0,4000.0,,3000.0,1000.0,,,1000.0,,,,,5000.0,,9000.0,,1000.0,,1000.0,3000.0,,,2000.0,,1000.0,,2000.0,,,3000.0,,,2833.33,,,2571.43,,,3555.56,,,2857.14,,
20261007,6763,綠界科技*,152000.0,107000.0,158000.0,159000.0,86000.0,116000.0,58000.0,86000.0,126000.0,243000.0,138000.0,147000.0,153000.0,73000.0,69000.0,146000.0,158000.0,143000.0,170000.0,136000.0,178000.0,161000.0,190000.0,134000.0,221000.0,127000.0,153000.0,170000.0,139000.0,99000.0,139000.0,36.4508,0.00343,132400.0,22.9607,0.002042,129100.0,11.7738,0.001138,124733.33,8.124,0.000792,131200.0,5.7927,0.000626,139866.67,3.6225,0.000426
20261007,6767,台微醫,12000.0,6000.0,,10000.0,15000.0,3000.0,6000.0,1000.0,2000.0,5000.0,10000.0,35000.0,30000.0,5000.0,1000.0,3000.0,1000.0,2000.0,14000.0,9000.0,7000.0,,,,4000.0,1000.0,4000.0,4000.0,1000.0,2000.0,9000.0,66.6667,0.000271,10750.0,27.907,0.000161,6666.67,20.0,9e-05,10071.43,8.5106,6.3e-05,8947.37,7.0588,4.9e-05,7423.08,6.2176,3.4e-05
20261007,6785,昱展新藥,136000.0,44000.0,43000.0,33000.0,31000.0,66000.0,29000.0,44000.0,21000.0,82000.0,46000.0,226000.0,167000.0,16000.0,27000.0,15000.0,31000.0,37000.0,55000.0,50000.0,44000.0,27000.0,35000.0,45000.0,87000.0,63000.0,43000.0,30000.0,50000.0,18000.0,74333.33,60.9865,0.003069,57400.0,47.3868,0.001827,52900.0,25.7089,0.001018,67400.0,13.452,0.000709,59950.0,11.3428,0.00056,54700.0,8.2876,0.000381
20261007,6788,華景電,683000.0,272000.0,843000.0,422000.0,151000.0,161000.0,185000.0,64000.0,89000.0,175000.0,213000.0,229000.0,187000.0,77000.0,125000.0,95000.0,207000.0,340000.0,756000.0,193000.0,297000.0,289000.0,247000.0,285000.0,724000.0,286000.0,268000.0,258000.0,120000.0,205000.0,599333.33,37.9867,0.015411,474200.0,28.8064,0.009174,304500.0,22.4302,0.005112,258400.0,17.6213,0.003559,273350.0,12.4931,0.002813,281533.33,8.0867,0.001913
20261007,6791,虎門科技,18000.0,23000.0,10000.0,5000.0,4000.0,7000.0,6000.0,5000.0,9000.0,9000.0,11000.0,16000.0,8000.0,14000.0,19000.0,38000.0,17000.0,2000.0,4000.0,11000.0,16000.0,1000.0,4000.0,15000.0,6000.0,11000.0,7000.0,18000.0,7000.0,7000.0,17000.0,35.2941,0.000406,12000.0,30.0,0.000242,9600.0,18.75,0.000135,10933.33,10.9756,9.4e-05,11800.0,7.6271,7.4e-05,10933.33,5.4878,5e-05
20261007,6803,崑鼎,63000.0,84000.0,104000.0,43000.0,37000.0,31000.0,81000.0,20000.0,45000.0,56000.0,56000.0,56000.0,37000.0,15000.0,38000.0,40000.0,60000.0,42000.0,76000.0,43000.0,62000.0,10000.0,48000.0,42000.0,31000.0,39000.0,45000.0,42000.0,28000.0,36000.0,83666.67,25.0996,0.001422,66200.0,19.0332,0.000846,56400.0,11.1702,0.000472,51066.67,8.2245,0.000328,51350.0,6.1344,0.000259,47000.0,4.4681,0.000176
20261007,6804,明係,83000.0,31000.0,46000.0,24000.0,26000.0,53000.0,48000.0,47000.0,36000.0,73000.0,66000.0,81000.0,57000.0,51000.0,53000.0,18000.0,119000.0,27000.0,110000.0,55000.0,74000.0,46000.0,66000.0,68000.0,86000.0,41000.0,40000.0,58000.0,104000.0,60000.0,53333.33,51.875,0.001873,42000.0,39.5238,0.001115,46700.0,17.773,0.000621,51666.67,10.7097,0.000432,55200.0,7.5181,0.000342,58233.33,4.751,0.000233
20261007,6811,宏碁資訊,1182000.0,364000.0,386000.0,172000.0,161000.0,223000.0,328000.0,276000.0,185000.0,429000.0,590000.0,1058000.0,384000.0,708000.0,1323000.0,1006000.0,185000.0,68000.0,50000.0,75000.0,637000.0,39000.0,59000.0,32000.0,39000.0,71000.0,42000.0,57000.0,39000.0,26000.0,644000.0,61.1801,0.02667,453000.0,52.1854,0.015877,370600.0,31.8942,0.008847,517933.33,15.2143,0.006159,457650.0,12.9138,0.004868,339800.0,11.5951,0.003311
20261007,6821,聯寶,187000.0,264000.0,791000.0,615000.0,74000.0,153000.0,41000.0,31000.0,63000.0,98000.0,88000.0,72000.0,48000.0,52000.0,32000.0,87000.0,55000.0,49000.0,155000.0,122000.0,185000.0,94000.0,74000.0,111000.0,132000.0,69000.0,194000.0,202000.0,138000.0,112000.0,414000.0,15.0564,0.004219,386200.0,9.6841,0.002512,231700.0,8.0708,0.0014,173933.33,7.1675,0.000974,153850.0,6.0773,0.00077,146266.67,4.2616,0.000524
20261007,6823,濾能,32000.0,39000.0,34000.0,15000.0,12000.0,88000.0,115000.0,43000.0,48000.0,26000.0,20000.0,10000.0,53000.0,54000.0,56000.0,55000.0,44000.0,26000.0,28000.0,41000.0,92000.0,69000.0,145000.0,101000.0,84000.0,160000.0,336000.0,127000.0,105000.0,48000.0,35000.0,30.4762,0.000722,26400.0,24.2424,0.00043,45200.0,7.0796,0.00024,43000.0,4.9612,0.000167,41950.0,3.8141,0.000132,70200.0,1.5195,9e-05
20261007,6829,千附精密,856000.0,321000.0,424000.0,294000.0,475000.0,464000.0,243000.0,384000.0,672000.0,1173000.0,682000.0,1000000.0,527000.0,622000.0,1228000.0,1008000.0,1099000.0,1493000.0,2006000.0,1112000.0,1666000.0,619000.0,875000.0,1094000.0,1293000.0,1363000.0,1160000.0,2301000.0,1649000.0,594000.0,533666.67,53.4666,0.019315,474000.0,36.1181,0.011498,530600.0,16.1327,0.006407,624333.33,9.1404,0.00446,804150.0,5.3224,0.003526,956566.67,2.9829,0.002398
20261007,6840,東研信超,202000.0,196000.0,292000.0,218000.0,337000.0,209000.0,278000.0,257000.0,269000.0,582000.0,604000.0,1455000.0,1197000.0,225000.0,135000.0,358000.0,264000.0,1194000.0,450000.0,750000.0,179000.0,391000.0,461000.0,488000.0,469000.0,402000.0,703000.0,1350000.0,993000.0,168000.0,230000.0,29.2754,0.004558,249000.0,16.2249,0.002713,284000.0,7.1127,0.001512,430400.0,3.1289,0.001053,473600.0,2.1326,0.000832,502533.33,1.3399,0.000566
20261007,6841,長佳智能,101000.0,87000.0,226000.0,178000.0,602000.0,796000.0,650000.0,136000.0,65000.0,103000.0,91000.0,124000.0,188000.0,75000.0,74000.0,87000.0,288000.0,100000.0,99000.0,98000.0,133000.0,164000.0,279000.0,120000.0,141000.0,132000.0,126000.0,102000.0,298000.0,331000.0,138000.0,24.3961,0.002279,238800.0,8.459,0.001357,294400.0,3.4307,0.000756,233066.67,2.889,0.000526,208400.0,2.4232,0.000416,199800.0,1.685,0.000283
20261007,6843,進典,5000.0,10000.0,29000.0,32000.0,14000.0,3000.0,3000.0,6000.0,8000.0,11000.0,10000.0,8000.0,3000.0,4000.0,12000.0,7000.0,2000.0,3000.0,25000.0,1000.0,5000.0,13000.0,9000.0,16000.0,13000.0,7000.0,1000.0,1000.0,11000.0,1000.0,14666.67,11.3636,0.000113,18000.0,5.5556,6.7e-05,12100.0,4.1322,3.7e-05,10533.33,3.1646,2.6e-05,9800.0,2.551,2.1e-05,9100.0,1.8315,1.4e-05
20261007,6844,諾貝兒,8000.0,8000.0,7000.0,11000.0,11000.0,13000.0,10000.0,9000.0,12000.0,12000.0,36000.0,37000.0,23000.0,18000.0,28000.0,14000.0,16000.0,4000.0,15000.0,5000.0,22000.0,54000.0,19000.0,17000.0,29000.0,25000.0,25000.0,34000.0,25000.0,19000.0,7666.67,34.7826,0.000181,9000.0,17.7778,0.000107,10100.0,7.9208,6e-05,16200.0,3.2922,4.2e-05,14850.0,2.6936,3.3e-05,18866.67,1.4134,2.2e-05
20261007,6846,綠茵,9000.0,2000.0,4000.0,3000.0,6000.0,6000.0,4000.0,1000.0,4000.0,3000.0,15000.0,14000.0,1000.0,2000.0,4000.0,11000.0,11000.0,7000.0,1000.0,1000.0,6000.0,5000.0,2000.0,8000.0,9000.0,9000.0,2000.0,9000.0,1000.0,11000.0,5000.0,60.0,0.000203,4800.0,37.5,0.000121,4200.0,21.4286,6.7e-05,5200.0,11.5385,4.7e-05,5450.0,8.2569,3.7e-05,5700.0,5.2632,2.5e-05
20261007,6855,數泓科,4000.0,6000.0,1000.0,4000.0,,8000.0,,,5000.0,7000.0,3000.0,1000.0,,,7000.0,1000.0,5000.0,5000.0,7000.0,8000.0,1000.0,1000.0,,2000.0,,8000.0,2000.0,,12000.0,16000.0,3666.67,36.3636,9e-05,3750.0,26.6667,5.4e-05,5000.0,11.4286,3e-05,4600.0,8.6957,2.1e-05,4800.0,5.5556,1.6e-05,5181.82,3.5088,1.1e-05
20261007,6856,鑫傳,14000.0,,3000.0,1000.0,10000.0,13000.0,5000.0,12000.0,6000.0,5000.0,9000.0,14000.0,3000.0,7000.0,2000.0,,3000.0,10000.0,2000.0,,1000.0,3000.0,,,,,1000.0,3000.0,,2000.0,8500.0,82.3529,0.000316,7000.0,50.0,0.000188,7666.67,20.2899,0.000105,7428.57,13.4615,7.3e-05,7000.0,11.7647,5.8e-05,5863.64,10.8527,3.9e-05
20261007,6859,伯特光,25000.0,33000.0,49000.0,30000.0,26000.0,21000.0,10000.0,35000.0,98000.0,34000.0,37000.0,22000.0,114000.0,102000.0,8000.0,38000.0,38000.0,79000.0,87000.0,13000.0,31000.0,29000.0,56000.0,107000.0,32000.0,94000.0,10000.0,56000.0,14000.0,71000.0,35666.67,23.3645,0.000564,32600.0,15.3374,0.000336,36100.0,6.9252,0.000187,42933.33,3.882,0.00013,44950.0,2.7809,0.000103,46633.33,1.787,7e-05
20261007,6865,偉康科技,11000.0,12000.0,20000.0,4000.0,21000.0,59000.0,9000.0,33000.0,23000.0,7000.0,2000.0,12000.0,28000.0,33000.0,156000.0,126000.0,7000.0,6000.0,14000.0,6000.0,3000.0,12000.0,18000.0,14000.0,1000.0,5000.0,8000.0,5000.0,6000.0,6000.0,14333.33,25.5814,0.000248,13600.0,16.1765,0.000148,19900.0,5.5276,8.2e-05,28666.67,2.5581,5.7e-05,29450.0,1.8676,4.5e-05,22233.33,1.6492,3.1e-05
20261007,6870,騰雲,84000.0,55000.0,69000.0,82000.0,81000.0,124000.0,49000.0,272000.0,1125000.0,74000.0,98000.0,59000.0,97000.0,458000.0,371000.0,115000.0,212000.0,62000.0,108000.0,53000.0,264000.0,50000.0,89000.0,238000.0,229000.0,20000.0,44000.0,49000.0,36000.0,14000.0,69333.33,40.3846,0.001895,74200.0,22.6415,0.001128,201500.0,4.1687,0.000629,206533.33,2.7114,0.000438,182400.0,2.3026,0.000346,156033.33,1.7945,0.000235
20261007,6872,浩宇生醫,110000.0,56000.0,123000.0,78000.0,174000.0,238000.0,308000.0,203000.0,215000.0,586000.0,358000.0,126000.0,429000.0,267000.0,296000.0,475000.0,572000.0,1959000.0,412000.0,188000.0,237000.0,380000.0,259000.0,97000.0,33000.0,37000.0,185000.0,65000.0,10000.0,12000.0,96333.33,38.0623,0.002482,108200.0,20.3327,0.001478,209100.0,5.2606,0.000823,237800.0,3.0838,0.000573,358650.0,1.5335,0.000453,282933.33,1.2959,0.000308
20261007,6874,倍力,4000.0,21000.0,15000.0,11000.0,13000.0,20000.0,8000.0,16000.0,8000.0,13000.0,13000.0,27000.0,49000.0,26000.0,57000.0,35000.0,12000.0,23000.0,14000.0,39000.0,57000.0,53000.0,128000.0,121000.0,74000.0,22000.0,26000.0,35000.0,30000.0,22000.0,13333.33,10.0,9e-05,12800.0,6.25,5.4e-05,12900.0,3.1008,3e-05,20066.67,1.3289,2.1e-05,21200.0,0.9434,1.6e-05,33066.67,0.4032,1.1e-05
20261007,6875,國邑*,293000.0,255000.0,837000.0,650000.0,252000.0,183000.0,88000.0,125000.0,249000.0,476000.0,615000.0,260000.0,153000.0,147000.0,101000.0,193000.0,222000.0,240000.0,92000.0,88000.0,120000.0,208000.0,179000.0,178000.0,39000.0,52000.0,32000.0,39000.0,25000.0,44000.0,461666.67,21.1552,0.006611,457400.0,12.8115,0.003936,340800.0,8.5974,0.002193,312266.67,6.2553,0.001527,275950.0,5.3089,0.001207,214500.0,4.5532,0.000821
20261007,6877,鏵友益,238000.0,410000.0,881000.0,352000.0,157000.0,64000.0,75000.0,22000.0,103000.0,96000.0,38000.0,37000.0,32000.0,61000.0,49000.0,42000.0,22000.0,23000.0,52000.0,187000.0,96000.0,27000.0,86000.0,37000.0,63000.0,46000.0,37000.0,20000.0,49000.0,41000.0,509666.67,15.5657,0.00537,407600.0,11.6781,0.003197,239800.0,9.9249,0.001781,174333.33,9.1013,0.00124,147050.0,8.0925,0.00098,114766.67,6.9126,0.000667
20261007,6881,潤德,5000.0,3000.0,8000.0,3000.0,6000.0,4000.0,3000.0,1000.0,,,3000.0,8000.0,1000.0,4000.0,3000.0,9000.0,6000.0,,1000.0,,3000.0,2000.0,1000.0,,7000.0,4000.0,,,1000.0,3000.0,5333.33,31.25,0.000113,5000.0,20.0,6.7e-05,4125.0,15.1515,3.7e-05,4000.0,9.6154,2.6e-05,4250.0,7.3529,2.1e-05,3869.57,5.618,1.4e-05
20261007,6884,海柏特,13000.0,5000.0,3000.0,3000.0,7000.0,13000.0,4000.0,5000.0,,,3000.0,6000.0,2000.0,1000.0,8000.0,5000.0,4000.0,10000.0,14000.0,29000.0,4000.0,5000.0,10000.0,4000.0,7000.0,5000.0,6000.0,7000.0,3000.0,4000.0,7000.0,61.9048,0.000293,6200.0,41.9355,0.000175,6625.0,24.5283,9.7e-05,5615.38,17.8082,6.8e-05,7500.0,9.6296,5.4e-05,6785.71,6.8421,3.6e-05
20261007,6894,衛司特,56000.0,64000.0,89000.0,30000.0,28000.0,42000.0,20000.0,45000.0,33000.0,116000.0,127000.0,76000.0,57000.0,20000.0,34000.0,111000.0,58000.0,195000.0,37000.0,54000.0,17000.0,21000.0,28000.0,48000.0,33000.0,194000.0,136000.0,32000.0,21000.0,9000.0,69666.67,26.7943,0.001264,53400.0,20.9738,0.000752,52300.0,10.7075,0.000419,55800.0,6.6906,0.000292,64600.0,4.3344,0.000231,61033.33,3.0584,0.000157
20261007,6895,宏碩系統,9000.0,26000.0,93000.0,16000.0,27000.0,17000.0,8000.0,32000.0,13000.0,11000.0,57000.0,27000.0,19000.0,40000.0,25000.0,20000.0,13000.0,9000.0,11000.0,27000.0,25000.0,47000.0,105000.0,99000.0,189000.0,332000.0,100000.0,61000.0,39000.0,81000.0,42666.67,7.0312,0.000203,34200.0,5.2632,0.000121,25200.0,3.5714,6.7e-05,28000.0,2.1429,4.7e-05,25000.0,1.8,3.7e-05,52600.0,0.5703,2.5e-05
20261007,6899,創為精密,13000.0,20000.0,2000.0,10000.0,11000.0,11000.0,13000.0,5000.0,15000.0,12000.0,39000.0,8000.0,14000.0,2000.0,8000.0,5000.0,10000.0,7000.0,4000.0,9000.0,16000.0,4000.0,9000.0,4000.0,6000.0,15000.0,9000.0,12000.0,16000.0,15000.0,11666.67,37.1429,0.000293,11200.0,23.2143,0.000175,11200.0,11.6071,9.7e-05,12200.0,7.1038,6.8e-05,10900.0,5.9633,5.4e-05,10800.0,4.0123,3.6e-05
20261007,6903,巨漢,249000.0,307000.0,504000.0,214000.0,399000.0,544000.0,205000.0,161000.0,230000.0,155000.0,128000.0,249000.0,142000.0,59000.0,107000.0,131000.0,194000.0,624000.0,191000.0,133000.0,153000.0,218000.0,220000.0,194000.0,268000.0,169000.0,184000.0,172000.0,212000.0,150000.0,353333.33,23.4906,0.005618,334600.0,14.8834,0.003345,296800.0,8.3895,0.001864,243533.33,6.8163,0.001297,246300.0,5.0548,0.001026,228866.67,3.6266,0.000698
20261007,6904,伯鑫,4000.0,2000.0,1000.0,1000.0,,1000.0,1000.0,,1000.0,,1000.0,3000.0,,,4000.0,1000.0,6000.0,,,1000.0,1000.0,,,2000.0,,,1000.0,1000.0,,1000.0,2333.33,57.1429,9e-05,2000.0,50.0,5.4e-05,1571.43,36.3636,3e-05,1900.0,21.0526,2.1e-05,2076.92,14.8148,1.6e-05,1833.33,12.1212,1.1e-05
20261007,6907,雅特力-KY,632000.0,790000.0,2001000.0,2615000.0,2919000.0,739000.0,268000.0,391000.0,617000.0,1624000.0,608000.0,1836000.0,598000.0,489000.0,510000.0,882000.0,1693000.0,1125000.0,3654000.0,7106000.0,3989000.0,718000.0,1516000.0,1198000.0,1560000.0,870000.0,1172000.0,1055000.0,1473000.0,1739000.0,1141000.0,18.4633,0.01426,1791400.0,7.0559,0.008489,1259600.0,5.0175,0.004731,1109133.33,3.7988,0.003293,1554850.0,2.0324,0.002603,1546233.33,1.3625,0.001771
20261007,6910,德鴻,8000.0,14000.0,19000.0,8000.0,27000.0,16000.0,25000.0,20000.0,8000.0,45000.0,38000.0,35000.0,11000.0,8000.0,15000.0,18000.0,25000.0,35000.0,8000.0,21000.0,12000.0,15000.0,15000.0,19000.0,43000.0,8000.0,6000.0,6000.0,19000.0,17000.0,13666.67,19.5122,0.000181,15200.0,10.5263,0.000107,19000.0,4.2105,6e-05,19800.0,2.6936,4.2e-05,20200.0,1.9802,3.3e-05,18800.0,1.4184,2.2e-05
20261007,6913,鴻呈,479000.0,94000.0,163000.0,102000.0,94000.0,71000.0,97000.0,93000.0,204000.0,216000.0,154000.0,184000.0,270000.0,154000.0,225000.0,375000.0,357000.0,257000.0,344000.0,498000.0,1480000.0,820000.0,576000.0,711000.0,962000.0,2365000.0,1819000.0,1298000.0,187000.0,154000.0,245333.33,65.0815,0.010808,186400.0,51.3948,0.006434,161300.0,29.6962,0.003585,173333.33,18.4231,0.002496,221550.0,10.8102,0.001973,493433.33,3.2358,0.001342
20261007,6922,宸曜,140000.0,71000.0,149000.0,187000.0,81000.0,193000.0,480000.0,259000.0,94000.0,166000.0,338000.0,51000.0,77000.0,30000.0,80000.0,63000.0,66000.0,148000.0,94000.0,394000.0,424000.0,132000.0,154000.0,92000.0,126000.0,168000.0,190000.0,186000.0,130000.0,525000.0,120000.0,38.8889,0.003159,125600.0,22.293,0.00188,182000.0,7.6923,0.001048,159733.33,5.8431,0.000729,158050.0,4.429,0.000577,176266.67,2.6475,0.000392
20261007,6925,意藍,297000.0,905000.0,696000.0,492000.0,938000.0,1217000.0,2026000.0,1439000.0,452000.0,116000.0,275000.0,621000.0,236000.0,565000.0,150000.0,105000.0,33000.0,2000.0,13000.0,11000.0,13000.0,6000.0,7000.0,12000.0,54000.0,25000.0,13000.0,12000.0,19000.0,6000.0,632666.67,15.6481,0.006701,665600.0,8.9243,0.003989,857800.0,3.4623,0.002223,695000.0,2.8489,0.001548,529450.0,2.8048,0.001223,358533.33,2.7612,0.000832
20261007,6929,佑全,18000.0,10000.0,9000.0,8000.0,,4000.0,4000.0,,14000.0,3000.0,,3000.0,4000.0,6000.0,11000.0,6000.0,1000.0,7000.0,14000.0,,13000.0,4000.0,8000.0,3000.0,1000.0,3000.0,2000.0,5000.0,6000.0,7000.0,12333.33,48.6486,0.000406,11250.0,40.0,0.000242,8750.0,25.7143,0.000135,7833.33,19.1489,9.4e-05,7625.0,14.7541,7.4e-05,6692.31,10.3448,5e-05
20261007,6945,圓祥生技,787000.0,665000.0,696000.0,610000.0,535000.0,692000.0,314000.0,217000.0,463000.0,613000.0,939000.0,1186000.0,1751000.0,684000.0,805000.0,133000.0,174000.0,130000.0,68000.0,84000.0,120000.0,68000.0,156000.0,113000.0,310000.0,442000.0,164000.0,602000.0,167000.0,230000.0,716000.0,36.6387,0.017758,658600.0,23.8992,0.010571,559200.0,14.0737,0.005891,730466.67,7.1826,0.004101,577300.0,6.8162,0.003242,463933.33,5.6545,0.002205
20261007,6953,家碩,70000.0,123000.0,452000.0,256000.0,97000.0,40000.0,30000.0,4000.0,13000.0,22000.0,86000.0,15000.0,18000.0,14000.0,31000.0,42000.0,55000.0,231000.0,235000.0,22000.0,7000.0,16000.0,10000.0,35000.0,107000.0,30000.0,32000.0,34000.0,50000.0,22000.0,215000.0,10.8527,0.001579,199600.0,7.014,0.00094,110700.0,6.3234,0.000524,84733.33,5.5075,0.000365,92800.0,3.7716,0.000288,73300.0,3.1833,0.000196
20261007,6961,旅天下,19000.0,46000.0,30000.0,34000.0,7000.0,31000.0,34000.0,15000.0,20000.0,23000.0,24000.0,71000.0,40000.0,6000.0,28000.0,6000.0,11000.0,14000.0,35000.0,3000.0,13000.0,12000.0,50000.0,22000.0,16000.0,46000.0,13000.0,5000.0,8000.0,10000.0,31666.67,20.0,0.000429,27200.0,13.9706,0.000255,25900.0,7.3359,0.000142,28533.33,4.4393,9.9e-05,24850.0,3.8229,7.8e-05,23066.67,2.7457,5.3e-05
20261007,6967,汎瑋材料,125000.0,190000.0,104000.0,183000.0,195000.0,277000.0,127000.0,70000.0,46000.0,72000.0,250000.0,61000.0,68000.0,80000.0,76000.0,98000.0,234000.0,500000.0,289000.0,64000.0,29000.0,41000.0,123000.0,31000.0,48000.0,32000.0,64000.0,61000.0,40000.0,26000.0,139666.67,29.8329,0.00282,159400.0,15.6838,0.001679,138900.0,8.9993,0.000936,128266.67,6.4969,0.000651,155450.0,4.0206,0.000515,120133.33,3.4684,0.00035
20261007,6968,萬達寵物,38000.0,31000.0,51000.0,46000.0,45000.0,20000.0,11000.0,18000.0,55000.0,32000.0,63000.0,64000.0,118000.0,52000.0,20000.0,45000.0,61000.0,24000.0,17000.0,39000.0,150000.0,30000.0,59000.0,21000.0,27000.0,30000.0,21000.0,73000.0,38000.0,34000.0,40000.0,31.6667,0.000857,42200.0,18.0095,0.00051,34700.0,10.951,0.000284,44266.67,5.7229,0.000198,42500.0,4.4706,0.000157,44433.33,2.8507,0.000106
20261007,6971,惠民實業,13000.0,17000.0,25000.0,6000.0,8000.0,6000.0,6000.0,9000.0,22000.0,44000.0,64000.0,16000.0,32000.0,20000.0,12000.0,11000.0,43000.0,23000.0,63000.0,186000.0,37000.0,13000.0,21000.0,18000.0,16000.0,36000.0,11000.0,36000.0,43000.0,31000.0,18333.33,23.6364,0.000293,13800.0,18.8406,0.000175,15600.0,8.3333,9.7e-05,20000.0,4.3333,6.8e-05,31300.0,2.0767,5.4e-05,29600.0,1.464,3.6e-05
20261007,6982,大井泵浦,11000.0,10000.0,19000.0,30000.0,21000.0,21000.0,14000.0,14000.0,24000.0,32000.0,19000.0,20000.0,11000.0,16000.0,50000.0,41000.0,30000.0,12000.0,17000.0,29000.0,31000.0,12000.0,9000.0,35000.0,14000.0,10000.0,26000.0,11000.0,13000.0,5000.0,13333.33,27.5,0.000248,18200.0,12.0879,0.000148,19600.0,5.6122,8.2e-05,20800.0,3.5256,5.7e-05,22050.0,2.4943,4.5e-05,20233.33,1.8122,3.1e-05
20261007,6983,華洋精機,530000.0,359000.0,136000.0,13000.0,87000.0,42000.0,32000.0,16000.0,27000.0,47000.0,52000.0,30000.0,12000.0,35000.0,8000.0,32000.0,15000.0,37000.0,72000.0,37000.0,44000.0,43000.0,63000.0,37000.0,53000.0,66000.0,113000.0,160000.0,87000.0,51000.0,341666.67,51.7073,0.011959,225000.0,47.1111,0.007119,128900.0,41.1171,0.003967,95066.67,37.1669,0.002762,80950.0,32.7363,0.002183,77866.67,22.6884,0.001485
20261007,6986,和迅,53000.0,146000.0,86000.0,213000.0,180000.0,148000.0,67000.0,44000.0,127000.0,160000.0,217000.0,104000.0,37000.0,44000.0,21000.0,38000.0,59000.0,48000.0,65000.0,107000.0,63000.0,64000.0,45000.0,37000.0,53000.0,65000.0,76000.0,45000.0,31000.0,31000.0,95000.0,18.5965,0.001196,135600.0,7.8171,0.000712,122400.0,4.3301,0.000397,109800.0,3.218,0.000276,98200.0,2.6986,0.000218,82466.67,2.1423,0.000148
20261007,6996,力領科技,21000.0,23000.0,126000.0,31000.0,16000.0,11000.0,27000.0,11000.0,41000.0,48000.0,22000.0,42000.0,16000.0,25000.0,59000.0,24000.0,56000.0,56000.0,51000.0,314000.0,19000.0,54000.0,125000.0,73000.0,76000.0,31000.0,112000.0,49000.0,67000.0,36000.0,56666.67,12.3529,0.000474,43400.0,9.6774,0.000282,35500.0,5.9155,0.000157,34600.0,4.0462,0.000109,51000.0,2.0588,8.6e-05,55400.0,1.2635,5.9e-05
20261007,6997,博弘,4000.0,9000.0,3000.0,3000.0,,1000.0,5000.0,22000.0,5000.0,6000.0,1000.0,2000.0,2000.0,2000.0,13000.0,,,,4000.0,7000.0,5000.0,,3000.0,1000.0,1000.0,7000.0,1000.0,3000.0,1000.0,1000.0,5333.33,25.0,9e-05,4750.0,21.0526,5.4e-05,6444.44,6.8966,3e-05,5571.43,5.1282,2.1e-05,5562.5,4.4944,1.6e-05,4480.0,3.5714,1.1e-05
20261007,7402,邑錡,154000.0,100000.0,173000.0,107000.0,117000.0,190000.0,173000.0,87000.0,177000.0,129000.0,127000.0,117000.0,131000.0,138000.0,178000.0,227000.0,740000.0,152000.0,141000.0,273000.0,198000.0,295000.0,499000.0,262000.0,321000.0,441000.0,2169000.0,5609000.0,671000.0,151000.0,142333.33,36.0656,0.003475,130200.0,23.6559,0.002069,140700.0,10.9453,0.001153,139866.67,7.3403,0.000802,181550.0,4.2413,0.000634,474900.0,1.0809,0.000431
20261007,7547,碩網,35000.0,117000.0,91000.0,114000.0,239000.0,812000.0,201000.0,269000.0,99000.0,78000.0,25000.0,3000.0,7000.0,29000.0,64000.0,47000.0,3000.0,5000.0,18000.0,3000.0,4000.0,14000.0,2000.0,5000.0,10000.0,11000.0,27000.0,13000.0,27000.0,21000.0,81000.0,14.4033,0.00079,119200.0,5.8725,0.00047,205500.0,1.7032,0.000262,145533.33,1.6033,0.000182,112950.0,1.5494,0.000144,79766.67,1.4626,9.8e-05
20261007,7556,意德士,158000.0,306000.0,344000.0,91000.0,26000.0,72000.0,71000.0,25000.0,15000.0,28000.0,46000.0,97000.0,9000.0,14000.0,18000.0,10000.0,23000.0,33000.0,41000.0,9000.0,13000.0,13000.0,31000.0,22000.0,27000.0,38000.0,64000.0,87000.0,48000.0,29000.0,269333.33,19.5545,0.003565,185000.0,17.0811,0.002122,113600.0,13.9085,0.001183,88000.0,11.9697,0.000823,71800.0,11.0028,0.000651,60266.67,8.7389,0.000443
20261007,7584,樂意,2000.0,11000.0,9000.0,,7000.0,6000.0,4000.0,5000.0,7000.0,7000.0,2000.0,5000.0,4000.0,2000.0,4000.0,15000.0,71000.0,3000.0,7000.0,7000.0,4000.0,2000.0,7000.0,9000.0,2000.0,2000.0,2000.0,,6000.0,1000.0,7333.33,9.0909,4.5e-05,7250.0,6.8966,2.7e-05,6444.44,3.4483,1.5e-05,5357.14,2.6667,1e-05,9368.42,1.1236,8e-06,7607.14,0.939,6e-06
20261007,7642,昶瑞機電,19000.0,94000.0,42000.0,22000.0,8000.0,33000.0,35000.0,16000.0,9000.0,38000.0,48000.0,20000.0,7000.0,39000.0,15000.0,19000.0,38000.0,3000.0,7000.0,15000.0,5000.0,5000.0,8000.0,9000.0,20000.0,5000.0,23000.0,4000.0,22000.0,3000.0,51666.67,12.2581,0.000429,37000.0,10.2703,0.000255,31600.0,6.0127,0.000142,29666.67,4.2697,9.9e-05,26350.0,3.6053,7.8e-05,21033.33,3.0111,5.3e-05
20261007,7703,銳澤,47000.0,18000.0,50000.0,30000.0,87000.0,46000.0,33000.0,105000.0,94000.0,34000.0,48000.0,45000.0,67000.0,29000.0,66000.0,61000.0,66000.0,136000.0,165000.0,62000.0,274000.0,138000.0,137000.0,63000.0,32000.0,39000.0,20000.0,32000.0,118000.0,50000.0,38333.33,40.8696,0.00106,46400.0,20.2586,0.000631,54400.0,8.6397,0.000352,53266.67,5.8824,0.000245,64450.0,3.6462,0.000194,73066.67,2.1442,0.000132
20261007,7704,明遠精密,40000.0,27000.0,45000.0,35000.0,28000.0,73000.0,29000.0,11000.0,17000.0,56000.0,41000.0,43000.0,11000.0,34000.0,8000.0,23000.0,55000.0,69000.0,47000.0,41000.0,45000.0,23000.0,81000.0,26000.0,21000.0,16000.0,48000.0,28000.0,9000.0,15000.0,37333.33,35.7143,0.000903,35000.0,22.8571,0.000537,36100.0,11.0803,0.000299,33200.0,8.0321,0.000208,36650.0,5.457,0.000165,34833.33,3.8278,0.000112
20261007,7708,全家餐飲,4000.0,13000.0,13000.0,6000.0,16000.0,10000.0,27000.0,6000.0,8000.0,19000.0,,6000.0,23000.0,2000.0,8000.0,10000.0,25000.0,7000.0,1000.0,7000.0,3000.0,14000.0,8000.0,5000.0,12000.0,2000.0,6000.0,7000.0,,7000.0,10000.0,13.3333,9e-05,10400.0,7.6923,5.4e-05,12200.0,3.2787,3e-05,11500.0,2.4845,2.1e-05,11105.26,1.8957,1.6e-05,9821.43,1.4545,1.1e-05
20261007,7709,榮田,418000.0,159000.0,182000.0,146000.0,81000.0,105000.0,363000.0,129000.0,118000.0,287000.0,162000.0,90000.0,89000.0,78000.0,135000.0,120000.0,220000.0,206000.0,495000.0,1777000.0,311000.0,199000.0,58000.0,124000.0,220000.0,21000.0,44000.0,39000.0,51000.0,11000.0,253000.0,55.0725,0.009432,197200.0,42.3935,0.005615,198800.0,21.0262,0.003129,169466.67,16.4437,0.002178,268000.0,7.7985,0.001722,214600.0,6.4927,0.001171
20261007,7712,博盛半導體,308000.0,866000.0,750000.0,650000.0,357000.0,176000.0,109000.0,301000.0,715000.0,204000.0,225000.0,227000.0,269000.0,209000.0,59000.0,169000.0,191000.0,373000.0,91000.0,151000.0,175000.0,137000.0,318000.0,112000.0,191000.0,375000.0,847000.0,557000.0,1354000.0,457000.0,641333.33,16.0083,0.00695,586200.0,10.5084,0.004137,443600.0,6.9432,0.002305,361666.67,5.6774,0.001605,320000.0,4.8125,0.001269,364100.0,2.8197,0.000863
20261007,7713,威力德生醫,17000.0,13000.0,5000.0,,2000.0,5000.0,2000.0,5000.0,12000.0,6000.0,4000.0,2000.0,1000.0,,3000.0,2000.0,2000.0,,3000.0,,2000.0,6000.0,20000.0,2000.0,6000.0,,13000.0,4000.0,16000.0,19000.0,11666.67,48.5714,0.000384,9250.0,45.9459,0.000228,7444.44,25.3731,0.000127,5923.08,22.0779,8.9e-05,5250.0,20.2381,7e-05,6880.0,9.8837,4.8e-05
20261007,7714,創泓科技,92000.0,276000.0,102000.0,128000.0,326000.0,557000.0,166000.0,143000.0,197000.0,631000.0,251000.0,446000.0,313000.0,337000.0,1018000.0,1582000.0,642000.0,52000.0,124000.0,161000.0,104000.0,104000.0,275000.0,200000.0,228000.0,224000.0,867000.0,992000.0,678000.0,220000.0,156666.67,19.5745,0.002076,184800.0,9.9567,0.001236,261800.0,3.5141,0.000689,332200.0,1.8463,0.000479,377200.0,1.2195,0.000379,381200.0,0.8045,0.000258
20261007,7715,裕山,204000.0,81000.0,192000.0,30000.0,33000.0,141000.0,33000.0,64000.0,57000.0,154000.0,10000.0,25000.0,16000.0,18000.0,33000.0,62000.0,61000.0,17000.0,18000.0,50000.0,27000.0,34000.0,31000.0,13000.0,17000.0,376000.0,193000.0,128000.0,27000.0,10000.0,159000.0,42.7673,0.004603,108000.0,37.7778,0.00274,98900.0,20.6269,0.001527,72733.33,18.6984,0.001063,64950.0,15.7044,0.00084,71833.33,9.4664,0.000572
20261007,7716,昱臺國際,4000.0,,,1000.0,6000.0,1000.0,5000.0,2000.0,1000.0,7000.0,17000.0,10000.0,19000.0,6000.0,11000.0,2000.0,4000.0,1000.0,3000.0,1000.0,2000.0,6000.0,11000.0,3000.0,1000.0,,,1000.0,3000.0,11000.0,4000.0,100.0,9e-05,3666.67,36.3636,5.4e-05,3375.0,14.8148,3e-05,6923.08,4.4444,2.1e-05,5611.11,3.9604,1.6e-05,5346.15,2.8777,1.1e-05
20261007,7717,萊德光電-KY,1312000.0,3390000.0,1181000.0,613000.0,1068000.0,625000.0,445000.0,555000.0,1524000.0,1165000.0,1392000.0,2049000.0,3258000.0,918000.0,566000.0,1863000.0,1286000.0,1213000.0,1343000.0,1526000.0,533000.0,1126000.0,131000.0,86000.0,185000.0,324000.0,241000.0,194000.0,239000.0,102000.0,1961000.0,22.3015,0.029604,1512800.0,17.3453,0.017623,1187800.0,11.0456,0.00982,1337400.0,6.5401,0.006836,1364600.0,4.8073,0.005404,1015100.0,4.3083,0.003676
20261007,7718,友鋮,18000.0,15000.0,32000.0,1000.0,9000.0,38000.0,4000.0,7000.0,24000.0,44000.0,32000.0,30000.0,12000.0,11000.0,11000.0,15000.0,35000.0,15000.0,15000.0,22000.0,50000.0,21000.0,13000.0,14000.0,31000.0,14000.0,16000.0,28000.0,32000.0,17000.0,21666.67,27.6923,0.000406,15000.0,24.0,0.000242,19200.0,9.375,0.000135,19200.0,6.25,9.4e-05,19500.0,4.6154,7.4e-05,20866.67,2.8754,5e-05
20261007,7723,築間,922000.0,813000.0,92000.0,43000.0,4000.0,43000.0,35000.0,24000.0,60000.0,73000.0,107000.0,14000.0,22000.0,35000.0,24000.0,24000.0,41000.0,346000.0,71000.0,30000.0,37000.0,32000.0,15000.0,74000.0,21000.0,39000.0,25000.0,71000.0,100000.0,70000.0,609000.0,50.4652,0.020804,374800.0,49.1996,0.012384,210900.0,43.7174,0.006901,154066.67,39.8961,0.004804,141150.0,32.6603,0.003798,110233.33,27.8803,0.002583
20261007,7728,光焱科技,23000.0,20000.0,31000.0,41000.0,145000.0,142000.0,34000.0,33000.0,36000.0,98000.0,41000.0,309000.0,19000.0,27000.0,119000.0,61000.0,22000.0,30000.0,12000.0,16000.0,58000.0,40000.0,32000.0,50000.0,48000.0,14000.0,39000.0,30000.0,54000.0,12000.0,24666.67,31.0811,0.000519,52000.0,8.8462,0.000309,60300.0,3.8143,0.000172,74533.33,2.0572,0.00012,62950.0,1.8268,9.5e-05,54533.33,1.4059,6.4e-05
20261007,7734,印能科技,105000.0,146000.0,157000.0,215000.0,378000.0,138000.0,176000.0,217000.0,109000.0,167000.0,218000.0,638000.0,433000.0,150000.0,154000.0,283000.0,462000.0,316000.0,171000.0,179000.0,385000.0,157000.0,163000.0,78000.0,177000.0,313000.0,300000.0,359000.0,277000.0,112000.0,136000.0,25.7353,0.002369,200200.0,10.4895,0.00141,180800.0,5.8075,0.000786,226733.33,3.0873,0.000547,240600.0,2.182,0.000432,237766.67,1.472,0.000294
20261007,7738,東聯互動,16000.0,55000.0,45000.0,23000.0,11000.0,14000.0,7000.0,5000.0,34000.0,17000.0,12000.0,23000.0,19000.0,74000.0,13000.0,32000.0,31000.0,14000.0,32000.0,78000.0,201000.0,142000.0,119000.0,19000.0,36000.0,5000.0,32000.0,11000.0,10000.0,43000.0,38666.67,13.7931,0.000361,30000.0,10.6667,0.000215,22700.0,7.0485,0.00012,24533.33,4.3478,8.3e-05,27750.0,2.8829,6.6e-05,39100.0,1.364,4.5e-05
20261007,7743,金利食安,145000.0,91000.0,158000.0,97000.0,15000.0,49000.0,62000.0,74000.0,53000.0,42000.0,44000.0,61000.0,49000.0,70000.0,94000.0,13000.0,31000.0,75000.0,25000.0,13000.0,54000.0,24000.0,76000.0,7000.0,6000.0,22000.0,25000.0,1000.0,2000.0,3000.0,131333.33,36.802,0.003272,101200.0,28.6561,0.001948,78600.0,18.4478,0.001085,73600.0,13.1341,0.000756,63050.0,11.4988,0.000597,49366.67,9.7907,0.000406
20261007,7744,崴寶,42000.0,50000.0,57000.0,92000.0,68000.0,82000.0,78000.0,102000.0,74000.0,180000.0,74000.0,108000.0,85000.0,29000.0,33000.0,92000.0,118000.0,106000.0,146000.0,468000.0,220000.0,182000.0,122000.0,265000.0,54000.0,113000.0,186000.0,169000.0,76000.0,81000.0,49666.67,28.1879,0.000948,61800.0,13.5922,0.000564,82500.0,5.0909,0.000314,76933.33,3.6395,0.000219,104200.0,2.0154,0.000173,118400.0,1.1824,0.000118
20261007,7747,昕奇雲端,2000.0,,2000.0,300000.0,301000.0,1000.0,2000.0,1000.0,8000.0,7000.0,6000.0,1000.0,,3000.0,5000.0,5000.0,2000.0,2000.0,1000.0,,2000.0,8000.0,2000.0,2000.0,3000.0,2000.0,2000.0,5000.0,3000.0,4000.0,2000.0,50.0,4.5e-05,151250.0,0.3306,2.7e-05,69333.33,0.3205,1.5e-05,49153.85,0.313,1e-05,38176.47,0.3082,8e-06,25259.26,0.2933,6e-06
20261007,7751,竑騰,154000.0,84000.0,122000.0,180000.0,93000.0,326000.0,174000.0,161000.0,46000.0,82000.0,69000.0,455000.0,69000.0,138000.0,125000.0,252000.0,177000.0,245000.0,197000.0,147000.0,327000.0,365000.0,472000.0,412000.0,830000.0,1315000.0,691000.0,533000.0,647000.0,1080000.0,120000.0,42.7778,0.003475,126600.0,24.3286,0.002069,142200.0,10.8298,0.001153,151866.67,6.7603,0.000802,164800.0,4.6723,0.000634,332266.67,1.5449,0.000431
20261007,7753,星亞,11000.0,17000.0,50000.0,38000.0,16000.0,18000.0,21000.0,4000.0,11000.0,6000.0,29000.0,13000.0,15000.0,2000.0,13000.0,15000.0,15000.0,25000.0,4000.0,12000.0,12000.0,6000.0,24000.0,9000.0,6000.0,107000.0,19000.0,10000.0,20000.0,18000.0,26000.0,14.1026,0.000248,26400.0,8.3333,0.000148,19200.0,5.7292,8.2e-05,17600.0,4.1667,5.7e-05,16750.0,3.2836,4.5e-05,18866.67,1.9435,3.1e-05
20261007,7757,金色三麥,3000.0,10000.0,14000.0,19000.0,16000.0,19000.0,20000.0,68000.0,26000.0,4000.0,11000.0,18000.0,6000.0,11000.0,16000.0,6000.0,23000.0,45000.0,6000.0,2000.0,,3000.0,,4000.0,11000.0,7000.0,15000.0,14000.0,3000.0,11000.0,9000.0,11.1111,6.8e-05,12400.0,4.8387,4e-05,19900.0,1.5075,2.2e-05,17400.0,1.1494,1.6e-05,17150.0,0.8746,1.2e-05,14678.57,0.7299,8e-06
20261007,7767,仁大資訊,11000.0,17000.0,15000.0,11000.0,,2000.0,21000.0,16000.0,4000.0,17000.0,30000.0,35000.0,33000.0,27000.0,54000.0,186000.0,52000.0,35000.0,37000.0,4000.0,18000.0,3000.0,10000.0,33000.0,28000.0,4000.0,25000.0,26000.0,5000.0,64000.0,14333.33,25.5814,0.000248,13500.0,20.3704,0.000148,12666.67,9.6491,8.2e-05,20928.57,3.7543,5.7e-05,31947.37,1.8122,4.5e-05,28379.31,1.3366,3.1e-05
20261007,7770,君曜,14000.0,24000.0,22000.0,45000.0,10000.0,21000.0,18000.0,1000.0,22000.0,19000.0,7000.0,24000.0,22000.0,20000.0,9000.0,4000.0,8000.0,36000.0,35000.0,17000.0,9000.0,13000.0,6000.0,17000.0,5000.0,26000.0,1000.0,14000.0,9000.0,13000.0,20000.0,23.3333,0.000316,23000.0,12.1739,0.000188,19600.0,7.1429,0.000105,18533.33,5.036,7.3e-05,18900.0,3.7037,5.8e-05,16366.67,2.8513,3.9e-05
20261007,7772,耀穎,583000.0,1209000.0,1625000.0,172000.0,151000.0,95000.0,129000.0,210000.0,2624000.0,1468000.0,2092000.0,1709000.0,454000.0,103000.0,116000.0,133000.0,192000.0,485000.0,1600000.0,139000.0,75000.0,106000.0,218000.0,53000.0,67000.0,67000.0,29000.0,41000.0,63000.0,70000.0,1139000.0,17.0618,0.013155,748000.0,15.5882,0.007831,826600.0,7.053,0.004364,849333.33,4.5761,0.003038,764450.0,3.8132,0.002401,535933.33,3.6261,0.001633
20261007,7777,能率亞洲,859000.0,3139000.0,2206000.0,2476000.0,2935000.0,2284000.0,1150000.0,558000.0,545000.0,870000.0,1204000.0,2718000.0,967000.0,686000.0,660000.0,880000.0,884000.0,776000.0,674000.0,782000.0,1335000.0,953000.0,1499000.0,1163000.0,1707000.0,3102000.0,2298000.0,9457000.0,6810000.0,2964000.0,2068000.0,13.8459,0.019382,2323000.0,7.3956,0.011538,1702200.0,5.0464,0.00643,1550466.67,3.6935,0.004476,1362650.0,3.1519,0.003538,1951366.67,1.4673,0.002406
20261007,7782,光速火箭,9000.0,24000.0,2000.0,2000.0,1000.0,3000.0,3000.0,,2000.0,7000.0,10000.0,14000.0,8000.0,16000.0,1000.0,,5000.0,3000.0,21000.0,4000.0,3000.0,,25000.0,1000.0,,8000.0,34000.0,9000.0,4000.0,,11666.67,25.7143,0.000203,7600.0,23.6842,0.000121,5888.89,16.9811,6.7e-05,7285.71,8.8235,4.7e-05,7500.0,6.6667,3.7e-05,8760.0,4.1096,2.5e-05
20261007,7792,安葆,1991000.0,651000.0,393000.0,310000.0,359000.0,328000.0,1550000.0,2768000.0,2573000.0,2130000.0,1053000.0,1514000.0,293000.0,204000.0,209000.0,251000.0,316000.0,355000.0,452000.0,479000.0,344000.0,334000.0,194000.0,227000.0,516000.0,307000.0,293000.0,421000.0,891000.0,367000.0,1011666.67,65.6013,0.044924,740800.0,53.7527,0.026743,1305300.0,15.2532,0.014903,1088400.0,12.1953,0.010374,908950.0,10.9522,0.008201,735766.67,9.0201,0.005578
20261007,7794,宏碁智新,97000.0,9000.0,26000.0,42000.0,39000.0,11000.0,6000.0,17000.0,17000.0,32000.0,30000.0,40000.0,24000.0,32000.0,28000.0,12000.0,35000.0,36000.0,87000.0,398000.0,135000.0,10000.0,12000.0,6000.0,28000.0,11000.0,8000.0,8000.0,11000.0,1000.0,44000.0,73.4848,0.002189,42600.0,45.5399,0.001303,29600.0,32.7703,0.000726,30000.0,21.5556,0.000505,50900.0,9.5285,0.0004,41600.0,7.7724,0.000272
20261007,7805,威聯通,16000.0,9000.0,42000.0,15000.0,40000.0,23000.0,48000.0,15000.0,32000.0,52000.0,23000.0,70000.0,17000.0,22000.0,32000.0,26000.0,56000.0,20000.0,38000.0,24000.0,30000.0,42000.0,91000.0,77000.0,36000.0,49000.0,22000.0,49000.0,66000.0,263000.0,22333.33,23.8806,0.000361,24400.0,13.1148,0.000215,29200.0,5.4795,0.00012,30400.0,3.5088,8.3e-05,31000.0,2.5806,6.6e-05,44833.33,1.1896,4.5e-05
20261007,7810,捷創科技,139000.0,161000.0,364000.0,293000.0,214000.0,200000.0,91000.0,202000.0,411000.0,113000.0,35000.0,18000.0,59000.0,43000.0,108000.0,69000.0,134000.0,78000.0,152000.0,107000.0,52000.0,41000.0,76000.0,68000.0,134000.0,248000.0,112000.0,68000.0,145000.0,196000.0,221333.33,20.9337,0.003136,234200.0,11.8702,0.001867,218800.0,6.3528,0.00104,163400.0,5.6712,0.000724,149550.0,4.6473,0.000573,137700.0,3.3648,0.000389
20261007,7811,民盛,13000.0,9000.0,8000.0,8000.0,5000.0,1000.0,11000.0,11000.0,2000.0,11000.0,3000.0,12000.0,2000.0,3000.0,3000.0,7000.0,7000.0,16000.0,33000.0,3000.0,3000.0,11000.0,12000.0,,2000.0,1000.0,2000.0,2000.0,6000.0,3000.0,10000.0,43.3333,0.000293,8600.0,30.2326,0.000175,7900.0,16.4557,9.7e-05,6800.0,12.7451,6.8e-05,8400.0,7.7381,5.4e-05,7241.38,6.1905,3.6e-05
20261007,7814,海昌生技,8000.0,40000.0,14000.0,39000.0,16000.0,17000.0,10000.0,27000.0,27000.0,7000.0,13000.0,3000.0,12000.0,5000.0,7000.0,14000.0,32000.0,11000.0,10000.0,35000.0,28000.0,25000.0,35000.0,36000.0,67000.0,22000.0,47000.0,41000.0,40000.0,23000.0,20666.67,12.9032,0.000181,23400.0,6.8376,0.000107,20500.0,3.9024,6e-05,16333.33,3.2653,4.2e-05,17350.0,2.3055,3.3e-05,23700.0,1.1252,2.2e-05
20261007,7819,精誠金融,7000.0,34000.0,30000.0,9000.0,13000.0,50000.0,8000.0,2000.0,5000.0,32000.0,9000.0,34000.0,7000.0,12000.0,30000.0,24000.0,12000.0,9000.0,37000.0,20000.0,19000.0,37000.0,50000.0,118000.0,69000.0,61000.0,113000.0,27000.0,35000.0,19000.0,23666.67,9.8592,0.000158,18600.0,7.5269,9.4e-05,19000.0,3.6842,5.2e-05,18800.0,2.4823,3.6e-05,19200.0,1.8229,2.9e-05,31066.67,0.7511,2e-05
20261007,7820,立盈,20000.0,10000.0,5000.0,6000.0,10000.0,20000.0,5000.0,19000.0,14000.0,24000.0,6000.0,39000.0,17000.0,7000.0,32000.0,,34000.0,11000.0,2000.0,5000.0,20000.0,45000.0,12000.0,4000.0,4000.0,15000.0,22000.0,23000.0,35000.0,23000.0,11666.67,57.1429,0.000451,10200.0,39.2157,0.000269,13300.0,15.0376,0.00015,15600.0,8.547,0.000104,15052.63,6.993,8.2e-05,16862.07,4.09,5.6e-05
20261007,7825,和亞智慧,124000.0,191000.0,443000.0,506000.0,432000.0,366000.0,544000.0,568000.0,188000.0,356000.0,438000.0,612000.0,524000.0,694000.0,1117000.0,1180000.0,1679000.0,2625000.0,,,,,,,,,,,,,252666.67,16.3588,0.002798,339200.0,7.3113,0.001666,371800.0,3.3351,0.000928,473533.33,1.7457,0.000646,699277.78,0.9851,0.000511,699277.78,0.9851,0.000347
20261007,7828,創新服務,173000.0,104000.0,157000.0,155000.0,118000.0,211000.0,142000.0,131000.0,284000.0,326000.0,271000.0,497000.0,336000.0,257000.0,273000.0,260000.0,248000.0,441000.0,687000.0,701000.0,334000.0,441000.0,200000.0,129000.0,185000.0,453000.0,281000.0,228000.0,83000.0,88000.0,144666.67,39.8618,0.003904,141400.0,24.4696,0.002324,180100.0,9.6058,0.001295,229000.0,5.0364,0.000901,288600.0,2.9972,0.000713,273133.33,2.1113,0.000485
20261007,7839,達人網,6000.0,12000.0,12000.0,6000.0,21000.0,9000.0,9000.0,15000.0,12000.0,8000.0,7000.0,13000.0,7000.0,6000.0,20000.0,8000.0,13000.0,7000.0,10000.0,15000.0,7000.0,4000.0,5000.0,3000.0,10000.0,16000.0,13000.0,14000.0,12000.0,113000.0,10000.0,20.0,0.000135,11400.0,10.5263,8.1e-05,11000.0,5.4545,4.5e-05,10866.67,3.681,3.1e-05,10800.0,2.7778,2.5e-05,13766.67,1.4528,1.7e-05
20261007,7842,天能綠電,1000.0,,10000.0,6000.0,3000.0,14000.0,1000.0,2000.0,10000.0,13000.0,9000.0,3000.0,13000.0,1000.0,17000.0,14000.0,64000.0,9000.0,48000.0,9000.0,24000.0,23000.0,20000.0,33000.0,25000.0,29000.0,50000.0,84000.0,41000.0,39000.0,5500.0,9.0909,2.3e-05,5000.0,5.0,1.3e-05,6666.67,1.6667,7e-06,7357.14,0.9709,5e-06,13000.0,0.4049,4e-06,21206.9,0.1626,3e-06
20261007,7856,漢測,441000.0,294000.0,363000.0,424000.0,494000.0,221000.0,491000.0,250000.0,586000.0,2004000.0,,,,,,,,,,,,,,,,,,,,,366000.0,40.1639,0.009951,403200.0,21.875,0.005923,556800.0,7.9203,0.003301,556800.0,7.9203,0.002298,556800.0,7.9203,0.001816,556800.0,7.9203,0.001235
20261007,8024,佑華,359000.0,39000.0,100000.0,40000.0,51000.0,84000.0,28000.0,43000.0,42000.0,25000.0,55000.0,50000.0,43000.0,44000.0,56000.0,33000.0,56000.0,8000.0,58000.0,66000.0,26000.0,17000.0,53000.0,27000.0,35000.0,18000.0,24000.0,39000.0,40000.0,19000.0,166000.0,72.0884,0.0081,117800.0,60.9508,0.004822,81100.0,44.2663,0.002687,70600.0,33.8999,0.001871,64000.0,28.0469,0.001479,52600.0,22.7503,0.001006
20261007,8027,鈦昇,2165000.0,2343000.0,3826000.0,5264000.0,8948000.0,1773000.0,6192000.0,3342000.0,1426000.0,3220000.0,1843000.0,4010000.0,2630000.0,1962000.0,1073000.0,1374000.0,1500000.0,2039000.0,2525000.0,3972000.0,2261000.0,3883000.0,5860000.0,2213000.0,2992000.0,2242000.0,4581000.0,3186000.0,3053000.0,942000.0,2778000.0,25.9779,0.048851,4509200.0,9.6026,0.02908,3849900.0,5.6235,0.016205,3334466.67,4.3285,0.011281,3071350.0,3.5245,0.008917,3088000.0,2.337,0.006065
20261007,8032,光菱,38000.0,70000.0,25000.0,45000.0,24000.0,47000.0,88000.0,15000.0,19000.0,47000.0,73000.0,22000.0,19000.0,42000.0,41000.0,18000.0,23000.0,47000.0,55000.0,39000.0,12000.0,25000.0,44000.0,73000.0,33000.0,10000.0,49000.0,25000.0,19000.0,13000.0,44333.33,28.5714,0.000857,40400.0,18.8119,0.00051,41800.0,9.0909,0.000284,41000.0,6.1789,0.000198,39850.0,4.7679,0.000157,36666.67,3.4545,0.000106
20261007,8034,榮群,109000.0,93000.0,71000.0,56000.0,69000.0,72000.0,65000.0,117000.0,66000.0,312000.0,166000.0,85000.0,77000.0,49000.0,25000.0,47000.0,51000.0,108000.0,77000.0,288000.0,359000.0,56000.0,47000.0,24000.0,45000.0,65000.0,152000.0,137000.0,380000.0,23000.0,91000.0,39.9267,0.002459,79600.0,27.3869,0.001464,103000.0,10.5825,0.000816,95466.67,7.6117,0.000568,100150.0,5.4418,0.000449,109700.0,3.3121,0.000305
20261007,8038,長園科,153000.0,117000.0,321000.0,160000.0,133000.0,381000.0,89000.0,96000.0,107000.0,238000.0,159000.0,160000.0,142000.0,578000.0,565000.0,93000.0,230000.0,124000.0,79000.0,91000.0,125000.0,114000.0,161000.0,89000.0,163000.0,157000.0,177000.0,193000.0,97000.0,131000.0,197000.0,25.8883,0.003452,176800.0,17.3077,0.002055,179500.0,8.5237,0.001145,226600.0,4.5013,0.000797,200800.0,3.8098,0.00063,180766.67,2.8213,0.000429
20261007,8040,九暘,1799000.0,982000.0,1912000.0,1693000.0,2757000.0,4575000.0,8651000.0,10470000.0,6998000.0,5585000.0,3026000.0,2271000.0,1258000.0,597000.0,431000.0,725000.0,1149000.0,1607000.0,1507000.0,5023000.0,4892000.0,1334000.0,4697000.0,744000.0,251000.0,474000.0,466000.0,252000.0,305000.0,212000.0,1564333.33,38.3337,0.040592,1828600.0,19.6763,0.024164,4542200.0,3.9606,0.013465,3533666.67,3.394,0.009374,3150800.0,2.8548,0.00741,2554766.67,2.3472,0.00504
20261007,8042,金山電,18310000.0,2226000.0,7079000.0,10938000.0,11827000.0,1324000.0,2141000.0,3557000.0,1755000.0,2682000.0,3749000.0,1579000.0,3433000.0,1976000.0,4211000.0,3235000.0,11068000.0,9919000.0,4856000.0,10740000.0,11464000.0,8888000.0,6165000.0,4403000.0,4390000.0,5613000.0,8456000.0,4577000.0,1900000.0,1512000.0,9205000.0,66.3045,0.413142,10076000.0,36.3438,0.245939,6183900.0,29.6091,0.13705,5119133.33,23.8452,0.095405,5830250.0,15.7026,0.075416,5799100.0,10.5246,0.051295
20261007,8043,蜜望實,7688000.0,983000.0,2584000.0,6068000.0,6207000.0,757000.0,598000.0,1149000.0,1092000.0,998000.0,1272000.0,796000.0,1095000.0,870000.0,1457000.0,1014000.0,1932000.0,3141000.0,2849000.0,1563000.0,4931000.0,5760000.0,2194000.0,1329000.0,4770000.0,4634000.0,16493000.0,5016000.0,1458000.0,1771000.0,3751666.67,68.3074,0.17347,4706000.0,32.6732,0.103265,2812400.0,27.3361,0.057545,2240933.33,22.8714,0.040059,2205650.0,17.428,0.031666,3082300.0,8.3141,0.021538
20261007,8044,網家,257000.0,195000.0,436000.0,181000.0,286000.0,195000.0,146000.0,127000.0,192000.0,446000.0,854000.0,4015000.0,435000.0,124000.0,259000.0,269000.0,281000.0,225000.0,267000.0,276000.0,443000.0,419000.0,376000.0,414000.0,621000.0,235000.0,331000.0,641000.0,653000.0,360000.0,296000.0,28.9414,0.005799,271000.0,18.9668,0.003452,246100.0,10.4429,0.001924,543200.0,3.1541,0.001339,473300.0,2.715,0.001059,465300.0,1.8411,0.00072
20261007,8047,星雲,85000.0,66000.0,107000.0,162000.0,204000.0,409000.0,287000.0,97000.0,43000.0,,17000.0,5000.0,6000.0,,14000.0,4000.0,20000.0,179000.0,83000.0,10000.0,28000.0,19000.0,26000.0,34000.0,,5000.0,5000.0,11000.0,5000.0,32000.0,86000.0,32.9457,0.001918,124800.0,13.6218,0.001142,162222.22,5.8219,0.000636,115538.46,5.6591,0.000443,99888.89,4.7275,0.00035,72703.7,4.3301,0.000238
20261007,8048,德勝,241000.0,108000.0,101000.0,93000.0,60000.0,91000.0,85000.0,50000.0,179000.0,102000.0,100000.0,81000.0,118000.0,39000.0,68000.0,39000.0,262000.0,31000.0,81000.0,66000.0,133000.0,57000.0,133000.0,55000.0,127000.0,68000.0,61000.0,59000.0,57000.0,41000.0,150000.0,53.5556,0.005438,120600.0,39.9668,0.003237,111000.0,21.7117,0.001804,101066.67,15.8971,0.001256,99750.0,12.0802,0.000993,92866.67,8.6504,0.000675
20261007,8049,晶采,74000.0,89000.0,195000.0,124000.0,187000.0,118000.0,152000.0,31000.0,82000.0,218000.0,182000.0,47000.0,115000.0,95000.0,96000.0,115000.0,78000.0,75000.0,83000.0,172000.0,178000.0,131000.0,126000.0,98000.0,118000.0,73000.0,120000.0,56000.0,106000.0,123000.0,119333.33,20.6704,0.00167,133800.0,11.0613,0.000994,127000.0,5.8268,0.000554,120333.33,4.0997,0.000386,116400.0,3.1787,0.000305,115233.33,2.1406,0.000207
20261007,8050,廣積,1063000.0,1082000.0,1148000.0,1463000.0,1861000.0,6071000.0,5919000.0,2276000.0,949000.0,971000.0,780000.0,1250000.0,1907000.0,644000.0,1193000.0,765000.0,1373000.0,640000.0,418000.0,621000.0,490000.0,1062000.0,1877000.0,550000.0,675000.0,795000.0,1134000.0,886000.0,751000.0,942000.0,1097666.67,32.2806,0.023985,1323400.0,16.0647,0.014278,2280300.0,4.6617,0.007957,1905133.33,3.7198,0.005539,1619700.0,3.2815,0.004378,1385200.0,2.558,0.002978
20261007,8054,安國,1957000.0,679000.0,1013000.0,749000.0,2163000.0,1030000.0,1160000.0,353000.0,985000.0,4277000.0,651000.0,661000.0,739000.0,294000.0,507000.0,558000.0,667000.0,404000.0,585000.0,1472000.0,298000.0,381000.0,695000.0,802000.0,564000.0,565000.0,795000.0,507000.0,788000.0,590000.0,1216333.33,53.6311,0.044157,1312200.0,29.8278,0.026286,1436600.0,13.6224,0.014648,1147866.67,11.366,0.010197,1045200.0,9.3618,0.008061,896300.0,7.2781,0.005483
20261007,8059,凱碩,41000.0,52000.0,95000.0,110000.0,62000.0,146000.0,115000.0,173000.0,355000.0,483000.0,325000.0,,,,,,,,139000.0,125000.0,139000.0,108000.0,97000.0,181000.0,161000.0,143000.0,199000.0,381000.0,685000.0,161000.0,62666.67,21.8085,0.000925,72000.0,11.3889,0.000551,163200.0,2.5123,0.000307,177909.09,2.095,0.000214,170846.15,1.846,0.000169,194608.7,0.916,0.000115
20261007,8064,東捷,3402000.0,4602000.0,7336000.0,5233000.0,7934000.0,22916000.0,21879000.0,14012000.0,4482000.0,11328000.0,16857000.0,26158000.0,5710000.0,5533000.0,6166000.0,5135000.0,11207000.0,10668000.0,30627000.0,7523000.0,17050000.0,13587000.0,11907000.0,2294000.0,3689000.0,1676000.0,2496000.0,2398000.0,3422000.0,951000.0,5113333.33,22.1773,0.076762,5701400.0,11.9339,0.045695,10312400.0,3.2989,0.025464,10903200.0,2.0801,0.017726,11435400.0,1.4875,0.014012,9605933.33,1.1805,0.009531
20261007,8066,來思達,4000.0,28000.0,10000.0,18000.0,10000.0,7000.0,8000.0,12000.0,6000.0,6000.0,28000.0,27000.0,19000.0,19000.0,22000.0,5000.0,6000.0,12000.0,13000.0,3000.0,7000.0,7000.0,11000.0,,23000.0,6000.0,8000.0,7000.0,13000.0,,14000.0,9.5238,9e-05,14000.0,5.7143,5.4e-05,10900.0,3.6697,3e-05,14933.33,1.7857,2.1e-05,13150.0,1.5209,1.6e-05,12321.43,1.1594,1.1e-05
20261007,8067,志旭,5000.0,6000.0,16000.0,1000.0,3000.0,8000.0,4000.0,10000.0,21000.0,8000.0,5000.0,25000.0,13000.0,21000.0,4000.0,10000.0,5000.0,31000.0,2000.0,4000.0,2000.0,5000.0,16000.0,14000.0,3000.0,17000.0,11000.0,13000.0,1000.0,21000.0,9000.0,18.5185,0.000113,6200.0,16.129,6.7e-05,8200.0,6.0976,3.7e-05,10000.0,3.3333,2.6e-05,10100.0,2.4752,2.1e-05,10166.67,1.6393,1.4e-05
20261007,8068,全達,123000.0,191000.0,113000.0,118000.0,144000.0,128000.0,196000.0,453000.0,1681000.0,449000.0,56000.0,69000.0,98000.0,181000.0,97000.0,70000.0,68000.0,74000.0,73000.0,19000.0,23000.0,95000.0,48000.0,58000.0,59000.0,70000.0,83000.0,70000.0,54000.0,41000.0,142333.33,28.8056,0.002775,137800.0,17.852,0.001652,359600.0,3.4205,0.000921,273133.33,3.0022,0.000641,220050.0,2.7948,0.000507,166733.33,2.459,0.000345
20261007,8069,元太,6351000.0,10645000.0,7373000.0,5644000.0,4026000.0,5385000.0,8380000.0,5361000.0,5691000.0,5602000.0,5219000.0,10014000.0,5033000.0,3873000.0,3738000.0,3958000.0,3445000.0,4183000.0,5587000.0,5109000.0,4511000.0,5249000.0,9256000.0,4865000.0,8265000.0,12172000.0,5122000.0,5997000.0,4098000.0,4109000.0,8123000.0,26.0618,0.143302,6807800.0,18.658,0.085306,6445800.0,9.8529,0.047537,6155666.67,6.8782,0.033092,5730850.0,5.5411,0.026159,5942033.33,3.5628,0.017792
20261007,8071,能率網通,197000.0,322000.0,498000.0,441000.0,303000.0,329000.0,176000.0,180000.0,127000.0,262000.0,165000.0,348000.0,423000.0,170000.0,126000.0,275000.0,193000.0,266000.0,717000.0,315000.0,414000.0,296000.0,619000.0,251000.0,503000.0,335000.0,494000.0,741000.0,1005000.0,571000.0,339000.0,19.3707,0.004445,352200.0,11.1868,0.002646,283500.0,6.9489,0.001475,271133.33,4.8439,0.001026,291650.0,3.3773,0.000811,368733.33,1.7809,0.000552
20261007,8074,鉅橡,1916000.0,917000.0,3403000.0,1439000.0,188000.0,261000.0,148000.0,194000.0,185000.0,360000.0,297000.0,199000.0,298000.0,250000.0,252000.0,246000.0,302000.0,319000.0,315000.0,400000.0,392000.0,283000.0,372000.0,342000.0,408000.0,537000.0,1381000.0,510000.0,829000.0,203000.0,2078666.67,30.7248,0.043232,1572600.0,24.3673,0.025736,901100.0,21.2629,0.014341,687133.33,18.5893,0.009983,594450.0,16.1157,0.007892,571533.33,11.1746,0.005368
20261007,8076,伍豐,434000.0,391000.0,835000.0,453000.0,342000.0,516000.0,444000.0,497000.0,370000.0,334000.0,304000.0,551000.0,510000.0,350000.0,756000.0,415000.0,487000.0,357000.0,423000.0,590000.0,449000.0,569000.0,1152000.0,801000.0,725000.0,494000.0,449000.0,481000.0,1013000.0,390000.0,553333.33,26.1446,0.009793,491000.0,17.6782,0.005829,461600.0,9.4021,0.003248,472466.67,6.1239,0.002261,467950.0,4.6372,0.001788,529400.0,2.7327,0.001216
20261007,8077,洛碁,,2000.0,1000.0,2000.0,1000.0,10000.0,,2000.0,,9000.0,,,13000.0,2000.0,,1000.0,10000.0,,2000.0,1000.0,3000.0,,20000.0,1000.0,1000.0,4000.0,7000.0,12000.0,17000.0,,1500.0,,,1500.0,,,3857.14,,,4666.67,,,4307.69,,,5761.9,,
20261007,8080,泰霖,38000.0,28000.0,20000.0,,4000.0,10000.0,23000.0,8000.0,29000.0,16000.0,15000.0,3000.0,15000.0,16000.0,9000.0,8000.0,7000.0,54000.0,4000.0,11000.0,6000.0,22000.0,32000.0,14000.0,81000.0,38000.0,16000.0,1000.0,8000.0,10000.0,28666.67,44.186,0.000857,22500.0,42.2222,0.00051,19555.56,21.5909,0.000284,16714.29,16.2393,0.000198,16736.84,11.9497,0.000157,18827.59,6.9597,0.000106
20261007,8083,瑞穎,86000.0,96000.0,29000.0,56000.0,91000.0,48000.0,36000.0,25000.0,57000.0,40000.0,33000.0,60000.0,22000.0,35000.0,7000.0,31000.0,36000.0,13000.0,19000.0,38000.0,51000.0,14000.0,40000.0,38000.0,77000.0,69000.0,145000.0,134000.0,83000.0,19000.0,70333.33,40.7583,0.00194,71600.0,24.0223,0.001155,56400.0,15.2482,0.000644,48066.67,11.9279,0.000448,42900.0,10.0233,0.000354,50933.33,5.6283,0.000241
20261007,8084,巨虹,360000.0,91000.0,139000.0,565000.0,2403000.0,1004000.0,519000.0,967000.0,3230000.0,469000.0,575000.0,669000.0,265000.0,331000.0,268000.0,493000.0,389000.0,500000.0,700000.0,653000.0,473000.0,401000.0,465000.0,1337000.0,256000.0,177000.0,223000.0,275000.0,523000.0,480000.0,196666.67,61.0169,0.008123,711600.0,10.118,0.004835,974700.0,3.6934,0.002695,790333.33,3.0367,0.001876,729500.0,2.4674,0.001483,640000.0,1.875,0.001009
20261007,8085,福華,164000.0,232000.0,265000.0,144000.0,141000.0,132000.0,101000.0,121000.0,140000.0,136000.0,135000.0,158000.0,130000.0,159000.0,126000.0,196000.0,233000.0,160000.0,277000.0,258000.0,646000.0,389000.0,878000.0,475000.0,967000.0,813000.0,1600000.0,2752000.0,1198000.0,488000.0,220333.33,24.8109,0.0037,189200.0,17.3362,0.002203,157600.0,10.4061,0.001228,152266.67,7.1804,0.000855,170400.0,4.8122,0.000675,453800.0,1.2046,0.000459
20261007,8086,宏捷科,19349000.0,8911000.0,18622000.0,8429000.0,3834000.0,4687000.0,722000.0,1457000.0,1393000.0,1954000.0,1634000.0,2499000.0,3018000.0,1877000.0,1829000.0,1608000.0,2323000.0,3116000.0,1934000.0,1891000.0,1760000.0,2541000.0,4332000.0,5412000.0,9667000.0,6076000.0,3157000.0,5639000.0,6632000.0,3365000.0,15627333.33,41.2717,0.436586,11829000.0,32.7145,0.259895,6935800.0,27.8973,0.144827,5347666.67,24.1214,0.100818,4554350.0,21.2423,0.079696,4655600.0,13.8536,0.054206
20261007,8087,麗升能源,2000.0,39000.0,4000.0,11000.0,21000.0,20000.0,26000.0,63000.0,2000.0,17000.0,14000.0,44000.0,31000.0,4000.0,18000.0,11000.0,99000.0,11000.0,6000.0,,,5000.0,11000.0,8000.0,6000.0,17000.0,1000.0,5000.0,14000.0,14000.0,15000.0,4.4444,4.5e-05,15400.0,2.5974,2.7e-05,20500.0,0.9756,1.5e-05,21066.67,0.6329,1e-05,23315.79,0.4515,8e-06,18714.29,0.3817,6e-06
20261007,8088,品安,339000.0,183000.0,419000.0,521000.0,747000.0,692000.0,178000.0,220000.0,204000.0,404000.0,310000.0,309000.0,207000.0,321000.0,251000.0,210000.0,366000.0,449000.0,267000.0,453000.0,423000.0,436000.0,706000.0,403000.0,896000.0,387000.0,447000.0,426000.0,402000.0,667000.0,313666.67,36.0255,0.007649,441800.0,15.3463,0.004553,390700.0,8.6767,0.002537,353666.67,6.3902,0.001766,352500.0,4.8085,0.001396,408100.0,2.7689,0.00095
20261007,8089,康全電訊,70000.0,84000.0,157000.0,59000.0,68000.0,129000.0,89000.0,94000.0,119000.0,328000.0,574000.0,238000.0,66000.0,179000.0,66000.0,112000.0,64000.0,248000.0,503000.0,115000.0,186000.0,133000.0,130000.0,50000.0,186000.0,96000.0,104000.0,101000.0,96000.0,96000.0,103666.67,22.508,0.001579,87600.0,15.9817,0.00094,119700.0,5.848,0.000524,154666.67,3.0172,0.000365,168100.0,2.0821,0.000288,151333.33,1.5419,0.000196
20261007,8091,翔名,439000.0,1191000.0,1782000.0,714000.0,139000.0,316000.0,226000.0,139000.0,162000.0,261000.0,194000.0,249000.0,265000.0,477000.0,137000.0,210000.0,415000.0,314000.0,675000.0,167000.0,165000.0,233000.0,271000.0,268000.0,231000.0,312000.0,200000.0,213000.0,254000.0,216000.0,1137333.33,12.8664,0.009905,853000.0,10.2931,0.005897,536900.0,8.1766,0.003286,446066.67,6.5611,0.002287,423600.0,5.1818,0.001808,361166.67,4.0517,0.00123
20261007,8092,建暐,104000.0,73000.0,30000.0,113000.0,28000.0,28000.0,67000.0,34000.0,156000.0,276000.0,28000.0,24000.0,25000.0,17000.0,16000.0,16000.0,1000.0,7000.0,14000.0,17000.0,27000.0,19000.0,49000.0,15000.0,22000.0,36000.0,45000.0,35000.0,154000.0,4000.0,69000.0,50.2415,0.002347,69600.0,29.8851,0.001397,90900.0,11.4411,0.000778,67933.33,10.2061,0.000542,53700.0,9.6834,0.000428,49333.33,7.027,0.000291
20261007,8093,保銳,44000.0,71000.0,64000.0,46000.0,24000.0,32000.0,20000.0,54000.0,2000.0,28000.0,30000.0,22000.0,33000.0,54000.0,53000.0,14000.0,37000.0,,43000.0,39000.0,24000.0,14000.0,49000.0,75000.0,71000.0,46000.0,54000.0,61000.0,105000.0,347000.0,59666.67,24.581,0.000993,49800.0,17.6707,0.000591,38500.0,11.4286,0.000329,38466.67,7.6256,0.000229,37368.42,6.1972,0.000181,53655.17,2.8278,0.000123
20261007,8096,擎亞,1455000.0,2186000.0,2822000.0,2031000.0,2942000.0,3177000.0,4547000.0,2608000.0,3087000.0,4159000.0,2479000.0,2148000.0,3451000.0,3468000.0,4530000.0,7439000.0,3581000.0,6901000.0,4505000.0,2494000.0,1548000.0,1536000.0,4625000.0,1766000.0,2356000.0,1487000.0,2160000.0,3746000.0,3324000.0,1660000.0,2154333.33,22.5128,0.03283,2287200.0,12.723,0.019543,2901400.0,5.0148,0.010891,3006000.0,3.2269,0.007581,3500500.0,2.0783,0.005993,3140600.0,1.5443,0.004076
20261007,8097,常珵,9000.0,39000.0,115000.0,102000.0,105000.0,111000.0,254000.0,51000.0,36000.0,282000.0,388000.0,258000.0,142000.0,85000.0,55000.0,55000.0,100000.0,80000.0,92000.0,48000.0,55000.0,68000.0,31000.0,34000.0,51000.0,128000.0,43000.0,44000.0,13000.0,87000.0,54333.33,5.5215,0.000203,74000.0,2.4324,0.000121,110400.0,0.8152,6.7e-05,135466.67,0.4429,4.7e-05,120350.0,0.3739,3.7e-05,98700.0,0.304,2.5e-05
20261007,8099,大世科,31000.0,77000.0,40000.0,69000.0,89000.0,45000.0,21000.0,22000.0,24000.0,169000.0,44000.0,44000.0,70000.0,31000.0,49000.0,147000.0,194000.0,39000.0,32000.0,28000.0,569000.0,705000.0,383000.0,729000.0,126000.0,286000.0,1344000.0,371000.0,1426000.0,112000.0,49333.33,20.9459,0.000699,61200.0,10.1307,0.000416,58700.0,5.2811,0.000232,55000.0,3.7576,0.000162,63250.0,2.4506,0.000128,243866.67,0.4237,8.7e-05
20261007,8102,傑霖科技,21000.0,21000.0,4000.0,11000.0,2000.0,14000.0,,10000.0,6000.0,3000.0,3000.0,1000.0,9000.0,3000.0,23000.0,,6000.0,5000.0,51000.0,5000.0,2000.0,3000.0,5000.0,3000.0,3000.0,2000.0,2000.0,9000.0,6000.0,,15333.33,45.6522,0.000474,11800.0,35.5932,0.000282,10222.22,22.8261,0.000157,9357.14,16.0305,0.000109,11000.0,10.6061,8.6e-05,8629.63,9.0129,5.9e-05
20261007,8107,大億金茂,17000.0,47000.0,36000.0,51000.0,56000.0,69000.0,16000.0,38000.0,38000.0,34000.0,73000.0,33000.0,26000.0,29000.0,,15000.0,26000.0,41000.0,9000.0,54000.0,12000.0,47000.0,25000.0,16000.0,39000.0,26000.0,79000.0,25000.0,32000.0,36000.0,33333.33,17.0,0.000384,41400.0,8.2126,0.000228,40200.0,4.2289,0.000127,40214.29,3.0195,8.9e-05,37263.16,2.4011,7e-05,36034.48,1.6268,4.8e-05
20261007,8109,博大,377000.0,200000.0,462000.0,629000.0,1355000.0,189000.0,169000.0,294000.0,126000.0,127000.0,126000.0,375000.0,53000.0,206000.0,87000.0,155000.0,151000.0,194000.0,94000.0,131000.0,150000.0,313000.0,818000.0,522000.0,201000.0,180000.0,204000.0,522000.0,705000.0,191000.0,346333.33,36.2849,0.008507,604600.0,12.4711,0.005064,392800.0,9.5978,0.002822,318333.33,7.8953,0.001964,275000.0,6.8545,0.001553,310200.0,4.0511,0.001056
20261007,8111,立碁,22362000.0,39372000.0,37505000.0,23441000.0,5823000.0,8529000.0,12470000.0,6437000.0,7806000.0,22762000.0,35250000.0,22709000.0,11752000.0,12485000.0,6037000.0,4472000.0,5891000.0,10328000.0,11346000.0,5761000.0,17120000.0,15925000.0,37791000.0,45046000.0,34235000.0,13392000.0,4471000.0,7849000.0,8963000.0,10078000.0,33079666.67,22.5335,0.50457,25700600.0,17.4019,0.300365,18650700.0,11.9899,0.167379,18316000.0,8.1393,0.116518,15626900.0,7.155,0.092106,16913600.0,4.4071,0.062647
20261007,8121,越峰,2698000.0,1121000.0,1867000.0,2868000.0,2873000.0,1220000.0,3575000.0,1264000.0,461000.0,592000.0,291000.0,351000.0,294000.0,354000.0,191000.0,230000.0,701000.0,626000.0,393000.0,335000.0,254000.0,346000.0,446000.0,329000.0,374000.0,687000.0,569000.0,490000.0,444000.0,509000.0,1895333.33,47.4499,0.060877,2285400.0,23.6107,0.036239,1853900.0,14.5531,0.020194,1334666.67,13.4765,0.014058,1115250.0,12.0959,0.011113,891766.67,10.0849,0.007558
20261007,8147,正淩,341000.0,326000.0,405000.0,371000.0,984000.0,1203000.0,716000.0,77000.0,157000.0,441000.0,109000.0,106000.0,62000.0,42000.0,50000.0,96000.0,151000.0,119000.0,168000.0,409000.0,924000.0,355000.0,159000.0,86000.0,241000.0,317000.0,119000.0,110000.0,387000.0,81000.0,357333.33,31.8097,0.007694,485400.0,14.0503,0.00458,502100.0,6.7915,0.002552,359333.33,6.3265,0.001777,316650.0,5.3845,0.001405,303733.33,3.7423,0.000955
20261007,8155,博智,691000.0,581000.0,847000.0,707000.0,762000.0,1174000.0,1879000.0,951000.0,649000.0,966000.0,323000.0,228000.0,483000.0,248000.0,387000.0,448000.0,563000.0,333000.0,247000.0,465000.0,387000.0,523000.0,851000.0,501000.0,703000.0,995000.0,1267000.0,2349000.0,1007000.0,602000.0,706333.33,32.6097,0.015592,717600.0,19.2586,0.009281,920700.0,7.5052,0.005172,725066.67,6.3534,0.0036,646600.0,5.3433,0.002846,737233.33,3.1243,0.001936
20261007,8171,天宇,143000.0,131000.0,172000.0,216000.0,74000.0,196000.0,199000.0,94000.0,257000.0,257000.0,119000.0,95000.0,71000.0,71000.0,155000.0,51000.0,174000.0,315000.0,330000.0,89000.0,70000.0,83000.0,132000.0,125000.0,118000.0,187000.0,162000.0,99000.0,244000.0,63000.0,148666.67,32.0628,0.003227,147200.0,19.4293,0.001921,173900.0,8.2231,0.00107,150000.0,6.3556,0.000745,160450.0,4.4562,0.000589,149733.33,3.1834,0.000401
20261007,8176,智捷,126000.0,151000.0,38000.0,60000.0,31000.0,88000.0,91000.0,6000.0,105000.0,101000.0,52000.0,31000.0,177000.0,59000.0,68000.0,115000.0,46000.0,80000.0,14000.0,19000.0,59000.0,68000.0,53000.0,10000.0,24000.0,54000.0,23000.0,34000.0,72000.0,79000.0,105000.0,40.0,0.002843,81200.0,31.0345,0.001692,79700.0,15.8093,0.000943,78933.33,10.6419,0.000657,72900.0,8.642,0.000519,64466.67,6.515,0.000353
20261007,8182,加高,959000.0,1481000.0,4105000.0,7055000.0,3689000.0,702000.0,1563000.0,877000.0,2556000.0,436000.0,608000.0,279000.0,468000.0,332000.0,465000.0,205000.0,403000.0,220000.0,470000.0,343000.0,493000.0,256000.0,683000.0,430000.0,507000.0,477000.0,929000.0,656000.0,675000.0,560000.0,2181666.67,14.6524,0.021639,3457800.0,5.5469,0.012881,2342300.0,4.0943,0.007178,1705000.0,3.7498,0.004997,1360800.0,3.5237,0.00395,1096066.67,2.9165,0.002687
20261007,8183,精星,,,,,,,,,,821000.0,2929000.0,316000.0,150000.0,159000.0,233000.0,251000.0,432000.0,458000.0,567000.0,266000.0,240000.0,665000.0,262000.0,146000.0,141000.0,237000.0,154000.0,240000.0,145000.0,126000.0,,,,,,,821000.0,,,768000.0,,,598363.64,,,425619.05,,
20261007,8227,巨有科技,359000.0,611000.0,569000.0,812000.0,11686000.0,718000.0,2480000.0,936000.0,905000.0,1640000.0,931000.0,1578000.0,3117000.0,2649000.0,1811000.0,19766000.0,5627000.0,7811000.0,7282000.0,1593000.0,582000.0,269000.0,372000.0,375000.0,1321000.0,415000.0,447000.0,991000.0,1667000.0,367000.0,513000.0,23.3268,0.0081,2807400.0,2.5575,0.004822,2071600.0,1.733,0.002687,2053466.67,1.1655,0.001871,3644050.0,0.4926,0.001479,2656233.33,0.4505,0.001006
20261007,8234,新漢,250000.0,199000.0,297000.0,264000.0,279000.0,247000.0,279000.0,183000.0,215000.0,487000.0,172000.0,365000.0,175000.0,235000.0,267000.0,290000.0,267000.0,524000.0,758000.0,784000.0,402000.0,445000.0,782000.0,426000.0,367000.0,323000.0,433000.0,600000.0,505000.0,375000.0,248666.67,33.5121,0.005641,257800.0,19.3949,0.003358,270000.0,9.2593,0.001871,260933.33,6.3873,0.001303,326850.0,3.8244,0.00103,373166.67,2.2331,0.0007
20261007,8240,華宏,518000.0,929000.0,1426000.0,2735000.0,8403000.0,2426000.0,4443000.0,1152000.0,548000.0,1470000.0,322000.0,311000.0,893000.0,360000.0,288000.0,440000.0,499000.0,917000.0,1142000.0,3188000.0,4875000.0,1278000.0,1339000.0,3026000.0,1017000.0,871000.0,387000.0,1190000.0,692000.0,104000.0,957666.67,18.0299,0.011688,2802200.0,3.6971,0.006958,2405000.0,2.1538,0.003877,1748266.67,1.9753,0.002699,1620500.0,1.5983,0.002134,1572966.67,1.0977,0.001451
20261007,8255,朋程,256000.0,335000.0,661000.0,477000.0,325000.0,553000.0,257000.0,340000.0,1005000.0,354000.0,257000.0,161000.0,164000.0,200000.0,161000.0,187000.0,318000.0,231000.0,370000.0,342000.0,253000.0,186000.0,280000.0,257000.0,364000.0,301000.0,736000.0,167000.0,361000.0,146000.0,417333.33,20.4473,0.005776,410800.0,12.4635,0.003439,456300.0,5.6103,0.001916,367066.67,4.6495,0.001334,347700.0,3.6813,0.001054,333500.0,2.5587,0.000717
20261007,8272,全景軟體,5000.0,26000.0,24000.0,8000.0,4000.0,4000.0,1000.0,10000.0,9000.0,13000.0,5000.0,5000.0,6000.0,18000.0,24000.0,50000.0,9000.0,8000.0,10000.0,4000.0,5000.0,5000.0,5000.0,8000.0,7000.0,8000.0,10000.0,24000.0,13000.0,2000.0,18333.33,9.0909,0.000113,13400.0,7.4627,6.7e-05,10400.0,4.8077,3.7e-05,10800.0,3.0864,2.6e-05,12150.0,2.0576,2.1e-05,11000.0,1.5152,1.4e-05
20261007,8277,商丞,53000.0,63000.0,80000.0,99000.0,171000.0,150000.0,108000.0,45000.0,75000.0,337000.0,267000.0,,,,,,,,310000.0,262000.0,210000.0,102000.0,205000.0,541000.0,106000.0,147000.0,124000.0,159000.0,68000.0,57000.0,65333.33,27.0408,0.001196,93200.0,11.3734,0.000712,118100.0,4.4877,0.000397,131636.36,3.6602,0.000276,155384.62,2.6238,0.000218,162565.22,1.4175,0.000148
20261007,8279,生展,23000.0,31000.0,18000.0,20000.0,44000.0,10000.0,31000.0,14000.0,12000.0,55000.0,15000.0,7000.0,7000.0,3000.0,2000.0,10000.0,7000.0,10000.0,26000.0,18000.0,33000.0,129000.0,9000.0,161000.0,185000.0,22000.0,171000.0,71000.0,285000.0,58000.0,24000.0,31.9444,0.000519,27200.0,16.9118,0.000309,25800.0,8.9147,0.000172,19466.67,7.8767,0.00012,18150.0,6.3361,9.5e-05,49566.67,1.5467,6.4e-05
20261007,8284,三竹,5000.0,1000.0,12000.0,7000.0,27000.0,55000.0,13000.0,7000.0,1000.0,5000.0,6000.0,8000.0,20000.0,13000.0,53000.0,19000.0,83000.0,7000.0,4000.0,1000.0,22000.0,12000.0,35000.0,32000.0,33000.0,10000.0,23000.0,1000.0,17000.0,11000.0,6000.0,27.7778,0.000113,10400.0,9.6154,6.7e-05,13300.0,3.7594,3.7e-05,15533.33,2.1459,2.6e-05,17350.0,1.4409,2.1e-05,18100.0,0.9208,1.4e-05
20261007,8289,泰藝,2302000.0,2076000.0,7963000.0,1889000.0,2488000.0,424000.0,710000.0,513000.0,661000.0,287000.0,569000.0,290000.0,321000.0,288000.0,518000.0,261000.0,263000.0,347000.0,264000.0,311000.0,218000.0,217000.0,541000.0,230000.0,444000.0,226000.0,380000.0,378000.0,315000.0,293000.0,4113666.67,18.6533,0.051942,3343600.0,13.7696,0.03092,1931300.0,11.9194,0.01723,1419933.33,10.808,0.011995,1137250.0,10.1209,0.009482,866233.33,8.8583,0.006449
20261007,8291,尚茂,18000.0,31000.0,9000.0,17000.0,20000.0,50000.0,10000.0,1000.0,12000.0,20000.0,17000.0,33000.0,18000.0,27000.0,7000.0,8000.0,10000.0,33000.0,29000.0,23000.0,19000.0,14000.0,5000.0,4000.0,23000.0,3000.0,11000.0,35000.0,26000.0,34000.0,19333.33,31.0345,0.000406,19000.0,18.9474,0.000242,18800.0,9.5745,0.000135,19333.33,6.2069,9.4e-05,19650.0,4.5802,7.4e-05,18900.0,3.1746,5e-05
20261007,8299,群聯,1530000.0,1311000.0,2306000.0,1906000.0,1789000.0,2781000.0,2082000.0,3897000.0,7052000.0,4869000.0,4229000.0,6143000.0,2601000.0,2818000.0,2009000.0,2062000.0,4480000.0,2295000.0,1866000.0,2551000.0,2545000.0,2747000.0,3126000.0,2900000.0,3863000.0,16851000.0,2786000.0,3645000.0,2711000.0,5840000.0,1715666.67,29.7261,0.034523,1768400.0,17.3038,0.020551,2952300.0,5.1824,0.011452,3154866.67,3.2331,0.007972,3028850.0,2.5257,0.006302,3586366.67,1.4221,0.004286
20261007,8342,益張,6000.0,,2000.0,1000.0,4000.0,1000.0,7000.0,1000.0,5000.0,3000.0,3000.0,,6000.0,12000.0,6000.0,1000.0,,3000.0,4000.0,4000.0,2000.0,,,5000.0,,1000.0,2000.0,3000.0,5000.0,,4000.0,75.0,0.000135,3250.0,46.1538,8.1e-05,3333.33,20.0,4.5e-05,4384.62,10.5263,3.1e-05,4058.82,8.6957,2.5e-05,3782.61,6.8966,1.7e-05
20261007,8349,恒耀,230000.0,224000.0,89000.0,55000.0,189000.0,150000.0,136000.0,228000.0,112000.0,209000.0,47000.0,159000.0,81000.0,64000.0,63000.0,42000.0,121000.0,115000.0,136000.0,99000.0,65000.0,58000.0,182000.0,88000.0,138000.0,71000.0,109000.0,105000.0,28000.0,27000.0,181000.0,42.3573,0.00519,157400.0,29.2249,0.003089,162200.0,14.18,0.001722,135733.33,11.2967,0.001198,127450.0,9.0231,0.000947,114000.0,6.7251,0.000644
20261007,8349A,恒耀甲特,5000.0,3000.0,14000.0,1000.0,2000.0,,14000.0,,,2000.0,1000.0,7000.0,3000.0,,1000.0,4000.0,,4000.0,12000.0,4000.0,7000.0,,1000.0,9000.0,3000.0,2000.0,2000.0,1000.0,,,7333.33,22.7273,0.000113,5000.0,20.0,6.7e-05,5857.14,12.1951,3.7e-05,4818.18,9.434,2.6e-05,5133.33,6.4935,2.1e-05,4636.36,4.902,1.4e-05
20261007,8354,冠好,30000.0,18000.0,37000.0,51000.0,92000.0,18000.0,11000.0,20000.0,8000.0,133000.0,25000.0,21000.0,140000.0,20000.0,27000.0,6000.0,56000.0,106000.0,65000.0,43000.0,47000.0,51000.0,252000.0,303000.0,55000.0,33000.0,55000.0,51000.0,111000.0,106000.0,28333.33,35.2941,0.000677,45600.0,13.1579,0.000403,41800.0,7.177,0.000225,43400.0,4.6083,0.000156,46350.0,3.2362,0.000124,66366.67,1.5068,8.4e-05
20261007,8358,金居,20233000.0,25464000.0,40410000.0,19421000.0,17252000.0,8233000.0,13167000.0,2966000.0,1893000.0,2011000.0,2173000.0,4278000.0,29702000.0,19871000.0,26088000.0,33278000.0,13797000.0,3044000.0,3207000.0,3643000.0,3709000.0,4151000.0,7118000.0,5342000.0,30425000.0,48799000.0,39692000.0,37626000.0,31477000.0,13672000.0,28702333.33,23.4975,0.456532,24556000.0,16.4791,0.271768,15105000.0,13.3949,0.151444,15544133.33,8.6777,0.105425,14506550.0,6.9737,0.083337,17071400.0,3.9507,0.056682
20261007,8383,千附,977000.0,1713000.0,1299000.0,545000.0,475000.0,694000.0,552000.0,1045000.0,431000.0,595000.0,913000.0,1908000.0,821000.0,818000.0,593000.0,722000.0,1040000.0,1448000.0,3140000.0,763000.0,893000.0,796000.0,956000.0,936000.0,1390000.0,980000.0,2228000.0,3514000.0,2972000.0,840000.0,1329666.67,24.4924,0.022045,1001800.0,19.5049,0.013123,832600.0,11.7343,0.007313,891933.33,7.3025,0.005091,1024600.0,4.7677,0.004024,1199900.0,2.7141,0.002737
20261007,8390,金益鼎,368000.0,556000.0,679000.0,197000.0,211000.0,177000.0,271000.0,280000.0,193000.0,463000.0,130000.0,198000.0,118000.0,203000.0,186000.0,221000.0,358000.0,1261000.0,300000.0,318000.0,202000.0,373000.0,165000.0,310000.0,229000.0,309000.0,353000.0,471000.0,529000.0,916000.0,534333.33,22.957,0.008303,402200.0,18.2994,0.004943,339500.0,10.8395,0.002754,282000.0,8.6998,0.001917,334400.0,5.5024,0.001516,351500.0,3.4898,0.001031
20261007,8401,白紗科,22000.0,16000.0,20000.0,22000.0,24000.0,11000.0,8000.0,21000.0,35000.0,13000.0,41000.0,8000.0,14000.0,1000.0,29000.0,23000.0,87000.0,42000.0,89000.0,65000.0,18000.0,16000.0,2000.0,33000.0,31000.0,26000.0,19000.0,59000.0,35000.0,7000.0,19333.33,37.931,0.000496,20800.0,21.1538,0.000296,19200.0,11.4583,0.000165,19000.0,7.7193,0.000115,29550.0,3.7225,9.1e-05,27900.0,2.6284,6.2e-05
20261007,8403,盛弘,189000.0,107000.0,49000.0,39000.0,65000.0,136000.0,27000.0,38000.0,81000.0,27000.0,52000.0,31000.0,43000.0,22000.0,35000.0,150000.0,75000.0,51000.0,32000.0,55000.0,79000.0,42000.0,65000.0,67000.0,21000.0,33000.0,60000.0,47000.0,55000.0,205000.0,115000.0,54.7826,0.004265,89800.0,42.0935,0.002539,75800.0,24.934,0.001415,62733.33,20.085,0.000985,65200.0,14.4939,0.000778,65933.33,9.5551,0.000529
20261007,8409,商之器,9000.0,5000.0,9000.0,27000.0,2000.0,6000.0,7000.0,4000.0,6000.0,,3000.0,1000.0,5000.0,2000.0,6000.0,4000.0,2000.0,1000.0,1000.0,10000.0,2000.0,4000.0,11000.0,8000.0,16000.0,4000.0,9000.0,5000.0,5000.0,2000.0,7666.67,39.1304,0.000203,10400.0,17.3077,0.000121,8333.33,12.0,6.7e-05,6571.43,9.7826,4.7e-05,5789.47,8.1818,3.7e-05,6068.97,5.1136,2.5e-05
20261007,8410,森田,92000.0,302000.0,51000.0,28000.0,28000.0,26000.0,29000.0,165000.0,246000.0,81000.0,74000.0,3000.0,13000.0,6000.0,22000.0,25000.0,1000.0,11000.0,1000.0,150000.0,44000.0,7000.0,4000.0,15000.0,12000.0,7000.0,7000.0,13000.0,38000.0,28000.0,148333.33,20.6742,0.002076,100200.0,18.3633,0.001236,104800.0,8.7786,0.000689,77733.33,7.8902,0.000479,67700.0,6.7947,0.000379,50966.67,6.017,0.000258
20261007,8415,大國鋼,198000.0,217000.0,460000.0,211000.0,470000.0,491000.0,581000.0,195000.0,112000.0,277000.0,682000.0,4783000.0,528000.0,724000.0,460000.0,593000.0,634000.0,453000.0,446000.0,205000.0,411000.0,375000.0,518000.0,333000.0,555000.0,968000.0,529000.0,497000.0,593000.0,544000.0,291666.67,22.6286,0.004468,311200.0,12.7249,0.00266,321200.0,6.1644,0.001482,692600.0,1.9059,0.001032,636000.0,1.5566,0.000816,601433.33,1.0974,0.000555
20261007,8416,實威,2000.0,,4000.0,9000.0,3000.0,1000.0,3000.0,9000.0,2000.0,13000.0,6000.0,2000.0,2000.0,1000.0,2000.0,3000.0,1000.0,2000.0,4000.0,2000.0,2000.0,,,3000.0,4000.0,3000.0,2000.0,2000.0,7000.0,19000.0,3000.0,33.3333,4.5e-05,4500.0,11.1111,2.7e-05,5111.11,4.3478,1.5e-05,4214.29,3.3898,1e-05,3736.84,2.8169,8e-06,4185.19,1.7699,6e-06
20261007,8421,旭源,81000.0,26000.0,43000.0,22000.0,113000.0,63000.0,25000.0,36000.0,56000.0,61000.0,106000.0,138000.0,252000.0,173000.0,234000.0,99000.0,102000.0,90000.0,123000.0,170000.0,590000.0,102000.0,213000.0,72000.0,415000.0,39000.0,76000.0,97000.0,38000.0,122000.0,50000.0,54.0,0.001828,57000.0,28.4211,0.001088,52600.0,15.3992,0.000606,95266.67,5.6683,0.000422,100650.0,4.0238,0.000334,125900.0,2.1446,0.000227
20261007,8423,保綠-KY,24000.0,37000.0,14000.0,20000.0,7000.0,9000.0,6000.0,9000.0,21000.0,33000.0,5000.0,7000.0,11000.0,9000.0,15000.0,58000.0,42000.0,46000.0,3000.0,32000.0,18000.0,15000.0,30000.0,46000.0,22000.0,7000.0,14000.0,2000.0,5000.0,2000.0,25000.0,32.0,0.000542,20400.0,23.5294,0.000322,18000.0,13.3333,0.00018,15133.33,10.5727,0.000125,20400.0,5.8824,9.9e-05,18966.67,4.2179,6.7e-05
20261007,8424,惠普,3000.0,2000.0,11000.0,2000.0,,14000.0,9000.0,99000.0,2000.0,7000.0,4000.0,4000.0,2000.0,7000.0,2000.0,12000.0,16000.0,3000.0,2000.0,5000.0,14000.0,3000.0,7000.0,2000.0,7000.0,4000.0,8000.0,25000.0,7000.0,4000.0,5333.33,18.75,6.8e-05,4500.0,16.6667,4e-05,16555.56,2.0134,2.2e-05,12000.0,1.7857,1.6e-05,10842.11,1.4563,1.2e-05,9896.55,1.0453,8e-06
20261007,8426,紅木-KY,32000.0,38000.0,40000.0,13000.0,18000.0,50000.0,42000.0,19000.0,15000.0,13000.0,8000.0,40000.0,4000.0,6000.0,18000.0,3000.0,55000.0,8000.0,9000.0,9000.0,12000.0,34000.0,11000.0,28000.0,1000.0,4000.0,3000.0,39000.0,85000.0,25000.0,36666.67,29.0909,0.000722,28200.0,22.695,0.00043,28000.0,11.4286,0.00024,23733.33,8.9888,0.000167,22000.0,7.2727,0.000132,22733.33,4.6921,9e-05
20261007,8431,匯鑽科,1229000.0,869000.0,847000.0,670000.0,1153000.0,1210000.0,2567000.0,643000.0,1088000.0,3665000.0,4201000.0,1872000.0,3236000.0,3834000.0,2614000.0,2509000.0,896000.0,1991000.0,1870000.0,3556000.0,5306000.0,10612000.0,7618000.0,3177000.0,607000.0,1212000.0,1266000.0,302000.0,68000.0,75000.0,981666.67,41.7317,0.027731,953600.0,25.776,0.016508,1394100.0,8.8157,0.009199,1979866.67,4.1383,0.006404,2026000.0,3.0331,0.005062,2358766.67,1.7368,0.003443
20261007,8432,東生華,113000.0,324000.0,45000.0,38000.0,32000.0,54000.0,68000.0,36000.0,22000.0,16000.0,21000.0,36000.0,18000.0,9000.0,7000.0,15000.0,23000.0,74000.0,13000.0,33000.0,94000.0,146000.0,58000.0,19000.0,16000.0,7000.0,22000.0,27000.0,19000.0,8000.0,160666.67,23.444,0.00255,110400.0,20.471,0.001518,74800.0,15.107,0.000846,55933.33,13.4684,0.000589,49850.0,11.334,0.000465,47100.0,7.9972,0.000317
20261007,8433,弘帆,17000.0,29000.0,15000.0,15000.0,11000.0,6000.0,7000.0,27000.0,15000.0,29000.0,22000.0,24000.0,6000.0,16000.0,5000.0,,15000.0,23000.0,5000.0,10000.0,10000.0,3000.0,17000.0,2000.0,9000.0,6000.0,3000.0,26000.0,7000.0,11000.0,20333.33,27.8689,0.000384,17400.0,19.5402,0.000228,17100.0,9.9415,0.000127,16266.67,6.9672,8.9e-05,15631.58,5.7239,7e-05,13482.76,4.3478,4.8e-05
20261007,8435,鉅邁,61000.0,39000.0,38000.0,11000.0,10000.0,45000.0,14000.0,22000.0,31000.0,9000.0,19000.0,10000.0,45000.0,22000.0,15000.0,16000.0,4000.0,26000.0,20000.0,11000.0,6000.0,4000.0,6000.0,18000.0,37000.0,20000.0,27000.0,10000.0,1000.0,6000.0,46000.0,44.2029,0.001376,31800.0,38.3648,0.000819,28000.0,21.7857,0.000457,26066.67,15.601,0.000318,23400.0,13.0342,0.000251,20100.0,10.1161,0.000171
20261007,8436,大江,302000.0,868000.0,1033000.0,483000.0,218000.0,312000.0,388000.0,375000.0,342000.0,876000.0,341000.0,648000.0,2510000.0,1736000.0,326000.0,280000.0,525000.0,313000.0,783000.0,365000.0,702000.0,1314000.0,784000.0,723000.0,2258000.0,825000.0,810000.0,1014000.0,1094000.0,468000.0,734333.33,13.7086,0.006814,580800.0,10.3994,0.004056,519700.0,5.811,0.00226,717200.0,2.8072,0.001574,651200.0,2.3188,0.001244,767200.0,1.3121,0.000846
20261007,8437,大地-KY,89000.0,172000.0,113000.0,35000.0,51000.0,51000.0,110000.0,280000.0,58000.0,16000.0,11000.0,23000.0,25000.0,10000.0,13000.0,71000.0,25000.0,,6000.0,11000.0,27000.0,11000.0,4000.0,29000.0,12000.0,3000.0,11000.0,10000.0,12000.0,12000.0,124666.67,23.7968,0.002008,92000.0,19.3478,0.001195,97500.0,9.1282,0.000666,70466.67,8.4201,0.000464,61578.95,7.6068,0.000367,44862.07,6.8409,0.000249
20261007,8440,綠電,69000.0,46000.0,19000.0,27000.0,46000.0,76000.0,109000.0,34000.0,45000.0,52000.0,75000.0,39000.0,44000.0,47000.0,43000.0,114000.0,21000.0,37000.0,41000.0,35000.0,89000.0,27000.0,61000.0,44000.0,36000.0,21000.0,37000.0,42000.0,35000.0,111000.0,44666.67,51.4925,0.001557,41400.0,33.3333,0.000927,52300.0,13.1931,0.000516,51400.0,8.9494,0.00036,50950.0,6.7713,0.000284,50733.33,4.5335,0.000193
20261007,8444,綠河-KY,89000.0,,,,,8000.0,2000.0,15000.0,5000.0,4000.0,,28000.0,19000.0,6000.0,,2000.0,1000.0,12000.0,20000.0,5000.0,14000.0,6000.0,4000.0,7000.0,21000.0,8000.0,41000.0,13000.0,18000.0,,89000.0,100.0,0.002008,89000.0,100.0,0.001195,20500.0,72.3577,0.000666,19555.56,50.5682,0.000464,15428.57,41.2037,0.000367,15130.43,25.5747,0.000249
20261007,8446,華研,25000.0,57000.0,41000.0,24000.0,11000.0,48000.0,15000.0,2000.0,24000.0,21000.0,8000.0,48000.0,26000.0,28000.0,38000.0,42000.0,45000.0,46000.0,56000.0,28000.0,50000.0,24000.0,58000.0,35000.0,32000.0,48000.0,28000.0,25000.0,24000.0,42000.0,41000.0,20.3252,0.000564,31600.0,15.8228,0.000336,26800.0,9.3284,0.000187,27733.33,6.0096,0.00013,31650.0,3.9494,0.000103,33300.0,2.5025,7e-05
20261007,8450,霹靂,28000.0,20000.0,14000.0,19000.0,16000.0,24000.0,26000.0,29000.0,22000.0,28000.0,16000.0,31000.0,17000.0,25000.0,18000.0,11000.0,110000.0,9000.0,7000.0,16000.0,14000.0,45000.0,32000.0,2000.0,28000.0,22000.0,10000.0,24000.0,25000.0,13000.0,20666.67,45.1613,0.000632,19400.0,28.866,0.000376,22600.0,12.3894,0.00021,22200.0,8.4084,0.000146,24300.0,5.7613,0.000115,23366.67,3.9943,7.8e-05
20261007,8455,大拓-KY,8000.0,8000.0,14000.0,,3000.0,4000.0,1000.0,7000.0,10000.0,9000.0,3000.0,5000.0,,3000.0,1000.0,1000.0,4000.0,13000.0,2000.0,7000.0,4000.0,16000.0,2000.0,4000.0,4000.0,7000.0,,2000.0,7000.0,3000.0,10000.0,26.6667,0.000181,8250.0,24.2424,0.000107,7111.11,12.5,6e-05,5846.15,10.5263,4.2e-05,5722.22,7.767,3.3e-05,5629.63,5.2632,2.2e-05
20261007,8472,納維康,1000.0,6000.0,10000.0,90000.0,181000.0,21000.0,16000.0,2000.0,4000.0,10000.0,5000.0,6000.0,28000.0,44000.0,13000.0,11000.0,37000.0,7000.0,29000.0,37000.0,84000.0,5000.0,8000.0,7000.0,29000.0,12000.0,10000.0,16000.0,9000.0,1000.0,5666.67,5.8824,2.3e-05,57600.0,0.3472,1.3e-05,34100.0,0.2933,7e-06,29133.33,0.2288,5e-06,27900.0,0.1792,4e-06,24633.33,0.1353,3e-06
20261007,8477,創業家,15000.0,13000.0,20000.0,13000.0,6000.0,12000.0,9000.0,6000.0,32000.0,59000.0,28000.0,6000.0,13000.0,1000.0,5000.0,6000.0,19000.0,9000.0,15000.0,25000.0,24000.0,8000.0,1000.0,5000.0,22000.0,11000.0,6000.0,14000.0,23000.0,15000.0,16000.0,31.25,0.000338,13400.0,22.3881,0.000201,18500.0,8.1081,0.000112,15866.67,6.3025,7.8e-05,15600.0,4.8077,6.2e-05,14700.0,3.4014,4.2e-05
20261007,8489,三貝德,57000.0,53000.0,56000.0,57000.0,41000.0,38000.0,61000.0,30000.0,147000.0,445000.0,41000.0,27000.0,24000.0,23000.0,38000.0,17000.0,9000.0,20000.0,20000.0,29000.0,6000.0,24000.0,45000.0,57000.0,32000.0,15000.0,48000.0,15000.0,50000.0,54000.0,55333.33,34.3373,0.001286,52800.0,21.5909,0.000766,98500.0,5.7868,0.000427,75866.67,5.0088,0.000297,61650.0,4.6229,0.000235,52633.33,3.6099,0.00016
20261007,8905,裕國,2000.0,2000.0,,,4000.0,3000.0,13000.0,2000.0,5000.0,5000.0,12000.0,6000.0,5000.0,9000.0,2000.0,5000.0,,1000.0,3000.0,,6000.0,10000.0,6000.0,17000.0,2000.0,2000.0,26000.0,6000.0,4000.0,6000.0,2000.0,50.0,4.5e-05,2666.67,25.0,2.7e-05,4500.0,5.5556,1.5e-05,5384.62,2.8571,1e-05,4937.5,2.5316,8e-06,6307.69,1.2195,6e-06
20261007,8906,花王,16000.0,11000.0,15000.0,10000.0,1000.0,15000.0,7000.0,15000.0,9000.0,7000.0,5000.0,68000.0,22000.0,13000.0,8000.0,7000.0,2000.0,35000.0,11000.0,2000.0,14000.0,6000.0,62000.0,10000.0,14000.0,25000.0,6000.0,15000.0,5000.0,35000.0,14000.0,38.0952,0.000361,10600.0,30.1887,0.000215,10600.0,15.0943,0.00012,14800.0,7.2072,8.3e-05,13950.0,5.7348,6.6e-05,15700.0,3.397,4.5e-05
20261007,8908,欣雄,54000.0,9000.0,18000.0,30000.0,18000.0,12000.0,45000.0,37000.0,71000.0,38000.0,50000.0,3000.0,37000.0,44000.0,10000.0,46000.0,19000.0,37000.0,17000.0,26000.0,27000.0,30000.0,40000.0,126000.0,73000.0,28000.0,32000.0,22000.0,26000.0,5000.0,27000.0,66.6667,0.001218,25800.0,41.8605,0.000725,33200.0,16.2651,0.000404,31733.33,11.3445,0.000281,31050.0,8.6957,0.000222,34333.33,5.2427,0.000151
20261007,8916,光隆,39000.0,27000.0,37000.0,56000.0,24000.0,27000.0,71000.0,59000.0,20000.0,63000.0,26000.0,57000.0,84000.0,42000.0,73000.0,70000.0,13000.0,70000.0,40000.0,18000.0,133000.0,32000.0,27000.0,74000.0,41000.0,60000.0,64000.0,42000.0,105000.0,48000.0,34333.33,37.8641,0.00088,36600.0,21.3115,0.000524,42300.0,9.2199,0.000292,47000.0,5.5319,0.000203,45800.0,4.2576,0.000161,51400.0,2.5292,0.000109
20261007,8917,欣泰,2000.0,6000.0,1000.0,,,4000.0,5000.0,14000.0,8000.0,9000.0,4000.0,2000.0,,10000.0,5000.0,489000.0,4000.0,4000.0,2000.0,1000.0,5000.0,9000.0,44000.0,,,5000.0,,4000.0,10000.0,,3000.0,22.2222,4.5e-05,3000.0,22.2222,2.7e-05,6125.0,4.0816,1.5e-05,5833.33,2.8571,1e-05,33529.41,0.3509,8e-06,28130.43,0.3091,6e-06
20261007,8921,沈氏,,,,3000.0,,2000.0,,,,2000.0,1000.0,1000.0,12000.0,1000.0,2000.0,3000.0,3000.0,,1000.0,,1000.0,20000.0,2000.0,,17000.0,5000.0,1000.0,,3000.0,3000.0,,,,3000.0,,,2333.33,,,3000.0,,,2818.18,,,4368.42,,
20261007,8923,時報,,,2000.0,,,1000.0,11000.0,,,7000.0,11000.0,,,,55000.0,,39000.0,1000.0,1000.0,2000.0,,,,,8000.0,13000.0,,,4000.0,,2000.0,,,2000.0,,,5250.0,,,14500.0,,,13000.0,,,11923.08,,
20261007,8924,大田,148000.0,31000.0,90000.0,26000.0,35000.0,26000.0,28000.0,55000.0,39000.0,68000.0,63000.0,123000.0,49000.0,84000.0,33000.0,95000.0,62000.0,22000.0,27000.0,19000.0,37000.0,100000.0,96000.0,88000.0,39000.0,40000.0,33000.0,45000.0,54000.0,32000.0,89666.67,55.0186,0.003339,66000.0,44.8485,0.001988,54600.0,27.1062,0.001108,59866.67,16.4811,0.000771,56150.0,13.179,0.00061,56233.33,8.773,0.000415
20261007,8927,北基,91000.0,245000.0,199000.0,46000.0,164000.0,122000.0,72000.0,84000.0,174000.0,129000.0,254000.0,240000.0,86000.0,64000.0,66000.0,67000.0,149000.0,99000.0,180000.0,100000.0,68000.0,61000.0,81000.0,45000.0,207000.0,66000.0,64000.0,88000.0,102000.0,127000.0,178333.33,17.0093,0.002053,149000.0,12.2148,0.001222,132600.0,6.8627,0.000681,135733.33,4.4695,0.000474,131550.0,3.4588,0.000375,118000.0,2.5706,0.000255
20261007,8928,鉅明,9000.0,50000.0,18000.0,4000.0,7000.0,9000.0,16000.0,14000.0,27000.0,6000.0,14000.0,16000.0,16000.0,6000.0,8000.0,7000.0,31000.0,21000.0,42000.0,77000.0,21000.0,29000.0,11000.0,32000.0,9000.0,3000.0,58000.0,39000.0,46000.0,34000.0,25666.67,11.6883,0.000203,17600.0,10.2273,0.000121,16000.0,5.625,6.7e-05,14666.67,4.0909,4.7e-05,19900.0,2.2613,3.7e-05,22666.67,1.3235,2.5e-05
20261007,8929,富堡,6000.0,11000.0,8000.0,1000.0,7000.0,25000.0,5000.0,5000.0,13000.0,15000.0,17000.0,,12000.0,6000.0,5000.0,23000.0,2000.0,5000.0,5000.0,1000.0,27000.0,,3000.0,5000.0,7000.0,6000.0,11000.0,4000.0,8000.0,8000.0,8333.33,24.0,0.000135,6600.0,18.1818,8.1e-05,9600.0,6.25,4.5e-05,9714.29,4.4118,3.1e-05,9052.63,3.4884,2.5e-05,8964.29,2.3904,1.7e-05
20261007,8930,青鋼,31000.0,65000.0,25000.0,29000.0,19000.0,38000.0,20000.0,62000.0,32000.0,74000.0,12000.0,23000.0,30000.0,42000.0,8000.0,15000.0,21000.0,68000.0,66000.0,16000.0,23000.0,45000.0,11000.0,25000.0,25000.0,45000.0,49000.0,64000.0,38000.0,21000.0,40333.33,25.6198,0.000699,33800.0,18.3432,0.000416,39500.0,7.8481,0.000232,34000.0,6.0784,0.000162,34800.0,4.454,0.000128,34733.33,2.975,8.7e-05
20261007,8931,大汽電,25000.0,283000.0,56000.0,13000.0,16000.0,244000.0,80000.0,280000.0,100000.0,35000.0,128000.0,30000.0,78000.0,161000.0,64000.0,421000.0,90000.0,22000.0,77000.0,100000.0,167000.0,47000.0,20000.0,48000.0,43000.0,91000.0,44000.0,33000.0,32000.0,,121333.33,6.8681,0.000564,78600.0,6.3613,0.000336,113200.0,2.2085,0.000187,106200.0,1.5694,0.00013,115150.0,1.0855,0.000103,97517.24,0.884,7e-05
20261007,8932,智通*,472000.0,806000.0,1480000.0,1037000.0,719000.0,822000.0,713000.0,642000.0,1063000.0,1193000.0,2248000.0,2043000.0,1194000.0,2302000.0,2886000.0,1609000.0,1716000.0,1894000.0,2565000.0,1998000.0,1969000.0,2210000.0,1753000.0,1645000.0,2110000.0,3794000.0,8046000.0,9075000.0,6770000.0,1236000.0,919333.33,17.1139,0.01065,902800.0,10.4564,0.00634,894700.0,5.2755,0.003533,1308000.0,2.4057,0.002459,1470100.0,1.6053,0.001944,2267000.0,0.694,0.001322
20261007,8933,愛地雅,81000.0,64000.0,72000.0,41000.0,84000.0,108000.0,42000.0,88000.0,84000.0,204000.0,42000.0,38000.0,19000.0,14000.0,29000.0,51000.0,209000.0,83000.0,133000.0,39000.0,64000.0,20000.0,31000.0,71000.0,87000.0,56000.0,117000.0,155000.0,229000.0,75000.0,72333.33,37.3272,0.001828,68400.0,23.6842,0.001088,86800.0,9.3318,0.000606,67333.33,8.0198,0.000422,76250.0,5.3115,0.000334,81000.0,3.3333,0.000227
20261007,8935,邦泰,78000.0,30000.0,96000.0,81000.0,159000.0,599000.0,251000.0,378000.0,73000.0,81000.0,71000.0,81000.0,108000.0,210000.0,50000.0,93000.0,92000.0,86000.0,77000.0,88000.0,58000.0,105000.0,88000.0,188000.0,87000.0,69000.0,79000.0,96000.0,64000.0,187000.0,68000.0,38.2353,0.00176,88800.0,17.5676,0.001048,182600.0,4.2716,0.000584,156400.0,3.3248,0.000406,139100.0,2.8037,0.000321,126766.67,2.051,0.000219
20261007,8936,國統,799000.0,936000.0,1373000.0,1114000.0,1004000.0,1068000.0,525000.0,549000.0,595000.0,751000.0,832000.0,696000.0,932000.0,836000.0,817000.0,700000.0,537000.0,1044000.0,952000.0,924000.0,822000.0,869000.0,1078000.0,539000.0,590000.0,697000.0,1031000.0,859000.0,752000.0,674000.0,1036000.0,25.7079,0.018028,1045200.0,15.2889,0.010732,871400.0,9.1692,0.005981,855133.33,6.229,0.004163,849200.0,4.7044,0.003291,829833.33,3.2095,0.002238
20261007,8937,合騏*,69000.0,49000.0,127000.0,54000.0,48000.0,339000.0,367000.0,341000.0,89000.0,173000.0,75000.0,66000.0,176000.0,77000.0,306000.0,138000.0,125000.0,398000.0,746000.0,116000.0,179000.0,155000.0,146000.0,802000.0,212000.0,409000.0,266000.0,1404000.0,334000.0,185000.0,81666.67,28.1633,0.001557,69400.0,19.8847,0.000927,165600.0,4.1667,0.000516,157066.67,2.9287,0.00036,193950.0,1.7788,0.000284,265700.0,0.8656,0.000193
20261007,8938,明安,94000.0,36000.0,89000.0,59000.0,46000.0,33000.0,43000.0,25000.0,53000.0,130000.0,82000.0,106000.0,55000.0,38000.0,31000.0,110000.0,73000.0,33000.0,41000.0,33000.0,70000.0,171000.0,102000.0,83000.0,48000.0,251000.0,171000.0,141000.0,28000.0,185000.0,73000.0,42.9224,0.002121,64800.0,29.0123,0.001263,60800.0,15.4605,0.000704,61333.33,10.2174,0.00049,60500.0,7.7686,0.000387,82000.0,3.8211,0.000263
20261007,8941,關中,4000.0,12000.0,8000.0,6000.0,12000.0,5000.0,3000.0,4000.0,3000.0,3000.0,2000.0,5000.0,12000.0,7000.0,2000.0,4000.0,,1000.0,2000.0,2000.0,4000.0,4000.0,2000.0,1000.0,,1000.0,5000.0,11000.0,5000.0,4000.0,8000.0,16.6667,9e-05,8400.0,9.5238,5.4e-05,6000.0,6.6667,3e-05,5866.67,4.5455,2.1e-05,5105.26,4.1237,1.6e-05,4785.71,2.9851,1.1e-05
20261007,8942,森鉅,121000.0,200000.0,262000.0,131000.0,105000.0,143000.0,131000.0,106000.0,118000.0,73000.0,152000.0,195000.0,83000.0,124000.0,90000.0,87000.0,64000.0,85000.0,95000.0,118000.0,186000.0,137000.0,295000.0,112000.0,101000.0,203000.0,173000.0,237000.0,699000.0,244000.0,194333.33,20.7547,0.00273,163800.0,14.7741,0.001625,139000.0,8.705,0.000906,135600.0,5.9489,0.00063,124150.0,4.8731,0.000498,162333.33,2.4846,0.000339
20261007,9949,琉園,9000.0,20000.0,5000.0,10000.0,7000.0,65000.0,9000.0,30000.0,117000.0,53000.0,46000.0,48000.0,7000.0,7000.0,5000.0,6000.0,7000.0,12000.0,26000.0,33000.0,9000.0,28000.0,11000.0,9000.0,32000.0,41000.0,30000.0,28000.0,328000.0,28000.0,11333.33,26.4706,0.000203,10200.0,17.6471,0.000121,32500.0,2.7692,6.7e-05,29200.0,2.0548,4.7e-05,26100.0,1.7241,3.7e-05,35533.33,0.8443,2.5e-05
20261007,9950,萬國通,45000.0,13000.0,33000.0,11000.0,22000.0,23000.0,12000.0,17000.0,16000.0,49000.0,34000.0,5000.0,72000.0,12000.0,33000.0,4000.0,60000.0,15000.0,14000.0,27000.0,29000.0,13000.0,43000.0,46000.0,59000.0,35000.0,18000.0,67000.0,21000.0,13000.0,30333.33,49.4505,0.001015,24800.0,36.2903,0.000604,24100.0,18.6722,0.000337,26466.67,11.335,0.000234,25850.0,8.7041,0.000185,28700.0,5.2265,0.000126
20261007,9951,皇田,42000.0,66000.0,66000.0,68000.0,62000.0,73000.0,134000.0,68000.0,58000.0,16000.0,8000.0,48000.0,41000.0,161000.0,22000.0,16000.0,48000.0,48000.0,143000.0,31000.0,60000.0,57000.0,165000.0,211000.0,141000.0,52000.0,47000.0,23000.0,75000.0,49000.0,58000.0,24.1379,0.000948,60800.0,13.8158,0.000564,65300.0,6.4319,0.000314,62200.0,4.5016,0.000219,60950.0,3.4454,0.000173,69966.67,2.001,0.000118
20261007,9960,邁達康,43000.0,,12000.0,43000.0,152000.0,66000.0,75000.0,189000.0,176000.0,182000.0,64000.0,12000.0,8000.0,5000.0,12000.0,27000.0,66000.0,52000.0,211000.0,22000.0,12000.0,1000.0,3000.0,1000.0,6000.0,10000.0,2000.0,,,,27500.0,78.1818,0.00097,62500.0,17.2,0.000578,104222.22,4.5842,0.000322,74214.29,4.1386,0.000224,74578.95,3.0346,0.000177,55846.15,2.9614,0.00012
20261007,9962,有益,68000.0,112000.0,26000.0,78000.0,101000.0,93000.0,147000.0,76000.0,62000.0,5000.0,52000.0,31000.0,14000.0,9000.0,30000.0,46000.0,65000.0,32000.0,29000.0,67000.0,77000.0,26000.0,35000.0,50000.0,38000.0,10000.0,83000.0,19000.0,17000.0,24000.0,68666.67,33.0097,0.001534,77000.0,17.6623,0.000913,76800.0,8.8542,0.000509,60266.67,7.5221,0.000354,57150.0,5.9493,0.00028,50733.33,4.4678,0.000191
