資料日期,股票代號,股票名稱,20261006成交量,20261005成交量,20261002成交量,20261001成交量,20260930成交量,20260929成交量,20260924成交量,20260923成交量,20260922成交量,20260921成交量,20260918成交量,20260917成交量,20260916成交量,20260915成交量,20260914成交量,20260911成交量,20260910成交量,20260909成交量,20260908成交量,20260907成交量,20260904成交量,20260903成交量,20260902成交量,20260901成交量,20260831成交量,20260828成交量,20260827成交量,20260826成交量,20260824成交量,20260821成交量,近3日平均成交量,最新成交量占個股近3日總量(%),最新成交量占全市場近3日總量(%),近5日平均成交量,最新成交量占個股近5日總量(%),最新成交量占全市場近5日總量(%),近10日平均成交量,最新成交量占個股近10日總量(%),最新成交量占全市場近10日總量(%),近15日平均成交量,最新成交量占個股近15日總量(%),最新成交量占全市場近15日總量(%),近20日平均成交量,最新成交量占個股近20日總量(%),最新成交量占全市場近20日總量(%),近30日平均成交量,最新成交量占個股近30日總量(%),最新成交量占全市場近30日總量(%)
report_date,code,name,volume_20261006,volume_20261005,volume_20261002,volume_20261001,volume_20260930,volume_20260929,volume_20260924,volume_20260923,volume_20260922,volume_20260921,volume_20260918,volume_20260917,volume_20260916,volume_20260915,volume_20260914,volume_20260911,volume_20260910,volume_20260909,volume_20260908,volume_20260907,volume_20260904,volume_20260903,volume_20260902,volume_20260901,volume_20260831,volume_20260828,volume_20260827,volume_20260826,volume_20260824,volume_20260821,avg_volume_3d,stock_volume_share_3d_pct,market_volume_share_3d_pct,avg_volume_5d,stock_volume_share_5d_pct,market_volume_share_5d_pct,avg_volume_10d,stock_volume_share_10d_pct,market_volume_share_10d_pct,avg_volume_15d,stock_volume_share_15d_pct,market_volume_share_15d_pct,avg_volume_20d,stock_volume_share_20d_pct,market_volume_share_20d_pct,avg_volume_30d,stock_volume_share_30d_pct,market_volume_share_30d_pct
20261006,00411A,主動統一前沿科技,11010000.0,13470000.0,9894000.0,21050000.0,15181000.0,7969000.0,8290000.0,14079000.0,35671000.0,30314000.0,89745000.0,16475000.0,5497000.0,5715000.0,20319000.0,11598000.0,10875000.0,25512000.0,16714000.0,11311000.0,21532000.0,13752000.0,19835000.0,12053000.0,29899000.0,26083000.0,29039000.0,67010000.0,,,11458000.0,32.03,0.247027,14121000.0,15.5938,0.153148,16692800.0,6.5957,0.084024,20311933.33,3.6136,0.059073,19034450.0,2.8921,0.046239,21424714.29,1.8353,0.031263
20261006,006201,元大富櫃50,225000.0,292000.0,188000.0,107000.0,105000.0,94000.0,56000.0,171000.0,361000.0,129000.0,353000.0,251000.0,34000.0,128000.0,105000.0,163000.0,41000.0,94000.0,80000.0,125000.0,198000.0,173000.0,145000.0,241000.0,121000.0,100000.0,119000.0,128000.0,131000.0,36000.0,235000.0,31.9149,0.005048,183400.0,24.5365,0.00313,172800.0,13.0208,0.001717,173266.67,8.6572,0.001207,155100.0,7.2534,0.000945,149800.0,5.0067,0.000639
20261006,00679B,元大美債20年,28931000.0,25215000.0,24784000.0,19274000.0,19354000.0,44924000.0,23958000.0,10718000.0,9786000.0,9862000.0,12033000.0,14890000.0,34000000.0,18466000.0,16372000.0,20309000.0,18308000.0,17810000.0,13408000.0,13789000.0,12233000.0,14902000.0,16432000.0,20611000.0,11882000.0,12614000.0,12443000.0,20781000.0,12302000.0,14170000.0,26310000.0,36.654,0.649112,23511600.0,24.61,0.402427,21680600.0,13.3442,0.22079,20837800.0,9.2559,0.155227,19809550.0,7.3023,0.121501,18152033.33,5.3127,0.08215
20261006,00687B,國泰20年美債,21179000.0,16674000.0,26931000.0,15674000.0,9734000.0,32147000.0,25251000.0,10385000.0,5169000.0,10637000.0,12518000.0,10286000.0,11571000.0,12274000.0,9945000.0,12224000.0,10832000.0,9347000.0,17289000.0,9082000.0,9223000.0,11607000.0,24313000.0,15473000.0,10479000.0,7552000.0,9356000.0,9941000.0,28455000.0,21076000.0,21594666.67,32.6917,0.475184,18038400.0,23.4821,0.294598,17378100.0,12.1872,0.161629,15358333.33,9.1933,0.113634,14457450.0,7.3246,0.088945,14554133.33,4.8506,0.060138
20261006,00687C,國泰20年美債+櫃U,35000.0,34800.0,25000.0,25000.0,28000.0,26000.0,32100.0,25000.0,25000.0,29800.0,25000.0,25000.0,25000.0,25000.0,25000.0,26000.0,25000.0,25000.0,25000.0,25000.0,25000.0,25000.0,25000.0,26000.0,25000.0,25000.0,25000.0,25000.0,25000.0,25000.0,31600.0,36.9198,0.000785,29560.0,23.6806,0.000487,28570.0,12.2506,0.000267,27380.0,8.522,0.000188,26835.0,6.5213,0.000147,26256.67,4.4433,9.9e-05
20261006,00694B,富邦美債1-3,176000.0,1530000.0,2146000.0,88000.0,247000.0,265000.0,834000.0,180000.0,1433000.0,474000.0,1371000.0,121000.0,232000.0,268000.0,183000.0,550000.0,145000.0,371000.0,517000.0,115000.0,226000.0,664000.0,603000.0,80000.0,201000.0,151000.0,107000.0,128000.0,224000.0,497000.0,1284000.0,4.5691,0.003949,837400.0,4.2035,0.002448,737300.0,2.3871,0.001343,636533.33,1.8433,0.000944,562300.0,1.565,0.000739,470900.0,1.2458,0.0005
20261006,00695B,富邦美債7-10,371000.0,340000.0,299000.0,123000.0,237000.0,380000.0,391000.0,332000.0,223000.0,234000.0,441000.0,197000.0,386000.0,368000.0,153000.0,2974000.0,69000.0,111000.0,116000.0,149000.0,221000.0,69000.0,123000.0,137000.0,422000.0,90000.0,430000.0,1791000.0,73000.0,209000.0,336666.67,36.7327,0.008324,274000.0,27.0803,0.005161,293000.0,12.6621,0.002831,298333.33,8.2905,0.001991,394700.0,4.6998,0.001558,381966.67,3.2376,0.001053
20261006,00696B,富邦美債20年,4762000.0,2206000.0,7817000.0,2363000.0,1915000.0,4532000.0,6999000.0,2132000.0,830000.0,1605000.0,3285000.0,793000.0,1614000.0,3394000.0,859000.0,2035000.0,924000.0,1134000.0,3883000.0,1853000.0,1847000.0,1351000.0,5811000.0,1866000.0,1111000.0,4419000.0,2117000.0,915000.0,1386000.0,425000.0,4928333.33,32.2083,0.106843,3812600.0,24.9803,0.066239,3516100.0,13.5434,0.036342,3007066.67,10.5574,0.02555,2746750.0,8.6684,0.019999,2539433.33,6.2507,0.013522
20261006,00697B,元大美債7-10,426000.0,1214000.0,318000.0,792000.0,274000.0,712000.0,500000.0,297000.0,485000.0,266000.0,403000.0,429000.0,403000.0,382000.0,230000.0,922000.0,250000.0,311000.0,202000.0,336000.0,142000.0,114000.0,115000.0,699000.0,670000.0,337000.0,474000.0,219000.0,192000.0,529000.0,652666.67,21.7569,0.009558,604800.0,14.0873,0.005926,528400.0,8.0621,0.003251,475400.0,5.9739,0.002286,457600.0,4.6547,0.001789,421433.33,3.3695,0.00121
20261006,00719B,元大美債1-3,4092000.0,3984000.0,1521000.0,2242000.0,1744000.0,2887000.0,3312000.0,1934000.0,2624000.0,3390000.0,2704000.0,2301000.0,3415000.0,1012000.0,1670000.0,2295000.0,1959000.0,2115000.0,2194000.0,2639000.0,1430000.0,1736000.0,1750000.0,2239000.0,1355000.0,2461000.0,2617000.0,983000.0,2125000.0,965000.0,3199000.0,42.6383,0.09181,2716600.0,30.1259,0.056919,2773000.0,14.7566,0.031228,2588800.0,10.5377,0.021955,2501700.0,8.1784,0.017185,2256500.0,6.0448,0.011619
20261006,00720B,元大投資級公司債,6620000.0,4876000.0,6092000.0,9692000.0,5709000.0,11966000.0,7937000.0,3990000.0,2254000.0,2198000.0,4567000.0,2957000.0,3364000.0,2594000.0,5517000.0,4462000.0,4047000.0,4083000.0,5411000.0,3315000.0,3984000.0,3019000.0,2875000.0,3148000.0,4499000.0,2330000.0,5120000.0,3677000.0,5072000.0,2474000.0,5862666.67,37.6393,0.14853,6597800.0,20.0673,0.092083,6133400.0,10.7934,0.050521,5355533.33,8.2407,0.035519,5082550.0,6.5125,0.027802,4594966.67,4.8024,0.018798
20261006,00722B,群益投資級電信債,3550000.0,3979000.0,2796000.0,3324000.0,5391000.0,7506000.0,4198000.0,6528000.0,2248000.0,2834000.0,2742000.0,2541000.0,2472000.0,2411000.0,4964000.0,899000.0,2578000.0,5009000.0,2759000.0,2668000.0,3303000.0,4898000.0,2599000.0,3071000.0,2128000.0,2105000.0,4085000.0,5153000.0,10154000.0,2346000.0,3441666.67,34.3826,0.07965,3808000.0,18.645,0.04938,4235400.0,8.3817,0.027092,3832266.67,6.1756,0.019047,3569850.0,4.9722,0.014909,3707966.67,3.1913,0.01008
20261006,00723B,群益投資級科技債,168000.0,196000.0,154000.0,164000.0,101000.0,131000.0,135000.0,359000.0,113000.0,192000.0,118000.0,153000.0,125000.0,103000.0,107000.0,64000.0,103000.0,106000.0,103000.0,270000.0,127000.0,107000.0,143000.0,150000.0,159000.0,180000.0,292000.0,193000.0,314000.0,153000.0,172666.67,32.4324,0.003769,156600.0,21.4559,0.002337,171300.0,9.8074,0.001282,154600.0,7.2445,0.000901,148250.0,5.6661,0.000706,159433.33,3.5124,0.000477
20261006,00724B,群益投資級金融債,3723000.0,4730000.0,3783000.0,3655000.0,4374000.0,4102000.0,4248000.0,4635000.0,3464000.0,3594000.0,4854000.0,3545000.0,3758000.0,4052000.0,4571000.0,3472000.0,3788000.0,4304000.0,3751000.0,3710000.0,5420000.0,2957000.0,3687000.0,3624000.0,4159000.0,3572000.0,3644000.0,5582000.0,5295000.0,3430000.0,4078666.67,30.4266,0.083531,4053000.0,18.3716,0.051787,4030800.0,9.2364,0.028412,4072533.33,6.0945,0.019975,4005650.0,4.6472,0.015635,4049433.33,3.0646,0.010571
20261006,00725B,國泰投資級公司債,6354000.0,3864000.0,3301000.0,3573000.0,3216000.0,6139000.0,3608000.0,2477000.0,1313000.0,1735000.0,2279000.0,2102000.0,2076000.0,1400000.0,1968000.0,3543000.0,5268000.0,1453000.0,2575000.0,2375000.0,1756000.0,2488000.0,4791000.0,3174000.0,2540000.0,1468000.0,3794000.0,3085000.0,2608000.0,1612000.0,4506333.33,47.0005,0.142562,4061600.0,31.2882,0.088383,3558000.0,17.8583,0.048491,3027000.0,13.9941,0.034092,3030950.0,10.4819,0.026685,2931166.67,7.2258,0.018042
20261006,00726B,國泰新興投等債,149000.0,153000.0,454000.0,166000.0,143000.0,342000.0,566000.0,111000.0,220000.0,130000.0,393000.0,164000.0,201000.0,494000.0,147000.0,160000.0,146000.0,210000.0,249000.0,97000.0,160000.0,153000.0,148000.0,222000.0,160000.0,129000.0,123000.0,133000.0,115000.0,135000.0,252000.0,19.709,0.003343,213000.0,13.9906,0.002073,243400.0,6.1216,0.001137,255533.33,3.8873,0.000799,234750.0,3.1736,0.000626,205766.67,2.4137,0.000423
20261006,00727B,國泰優選非投等債,164000.0,137000.0,163000.0,127000.0,124000.0,129000.0,276000.0,107000.0,130000.0,179000.0,136000.0,126000.0,117000.0,108000.0,126000.0,338000.0,116000.0,125000.0,208000.0,115000.0,117000.0,159000.0,183000.0,138000.0,119000.0,153000.0,107000.0,113000.0,188000.0,203000.0,154666.67,35.3448,0.00368,143000.0,22.9371,0.002281,153600.0,10.6771,0.001252,143266.67,7.6315,0.00088,152550.0,5.3753,0.000689,151033.33,3.6195,0.000466
20261006,00734B,台新JPM新興債,130000.0,121000.0,221000.0,21000.0,197000.0,790000.0,236000.0,215000.0,110000.0,114000.0,325000.0,248000.0,125000.0,202000.0,101000.0,307000.0,2000.0,336000.0,4000.0,101000.0,20000.0,302000.0,1000.0,1000.0,100000.0,101000.0,602000.0,31000.0,1000.0,1000.0,157333.33,27.5424,0.002917,138000.0,18.8406,0.001808,215500.0,6.0325,0.000992,210400.0,4.1191,0.000698,195300.0,3.3282,0.000546,168866.67,2.5661,0.000369
20261006,00740B,富邦全球投等債,2154000.0,1326000.0,3619000.0,1143000.0,1235000.0,1512000.0,4595000.0,1722000.0,1606000.0,1582000.0,2654000.0,1702000.0,1101000.0,1174000.0,2577000.0,1839000.0,2410000.0,2438000.0,1248000.0,1499000.0,869000.0,1810000.0,436000.0,1410000.0,1445000.0,2221000.0,992000.0,2643000.0,716000.0,750000.0,2366333.33,30.3423,0.048328,1895400.0,22.7287,0.029962,2049400.0,10.5104,0.016438,1980133.33,7.252,0.011557,1956800.0,5.5039,0.009046,1747600.0,4.1085,0.006116
20261006,00741B,富邦全球非投等債,138000.0,206000.0,114000.0,102000.0,118000.0,113000.0,109000.0,193000.0,87000.0,113000.0,104000.0,118000.0,114000.0,119000.0,179000.0,67000.0,120000.0,118000.0,214000.0,133000.0,107000.0,115000.0,107000.0,119000.0,121000.0,73000.0,102000.0,109000.0,116000.0,105000.0,152666.67,30.131,0.003096,135600.0,20.354,0.00192,129300.0,10.6729,0.001053,128466.67,7.1614,0.00074,128950.0,5.3509,0.00058,121766.67,3.7777,0.000392
20261006,00746B,富邦A級公司債,712000.0,332000.0,1031000.0,417000.0,233000.0,1468000.0,1083000.0,881000.0,384000.0,338000.0,616000.0,231000.0,585000.0,507000.0,304000.0,824000.0,281000.0,191000.0,581000.0,213000.0,472000.0,227000.0,298000.0,812000.0,609000.0,8000.0,491000.0,102000.0,179000.0,437000.0,691666.67,34.3133,0.015975,545000.0,26.1284,0.009904,687900.0,10.3503,0.005434,608133.33,7.8053,0.00382,560600.0,6.3503,0.00299,494900.0,4.7956,0.002022
20261006,00749B,凱基新興債10+,108000.0,101000.0,101000.0,100000.0,103000.0,145000.0,109000.0,102000.0,102000.0,144000.0,123000.0,101000.0,111000.0,106000.0,101000.0,104000.0,101000.0,118000.0,108000.0,121000.0,103000.0,100000.0,120000.0,103000.0,100000.0,100000.0,100000.0,114000.0,192000.0,156000.0,103333.33,34.8387,0.002423,102600.0,21.0526,0.001502,111500.0,9.6861,0.000824,110466.67,6.5178,0.000579,110450.0,4.8891,0.000454,113233.33,3.1793,0.000307
20261006,00750B,凱基科技債10+,100000.0,101000.0,114000.0,100000.0,100000.0,101000.0,109000.0,100000.0,113000.0,100000.0,133000.0,100000.0,101000.0,103000.0,101000.0,102000.0,100000.0,100000.0,100000.0,100000.0,100000.0,299000.0,112000.0,100000.0,100000.0,100000.0,100000.0,103000.0,101000.0,101000.0,105000.0,31.746,0.002244,103000.0,19.4175,0.001391,103800.0,9.6339,0.000763,105066.67,6.3452,0.000537,103900.0,4.8123,0.00042,109800.0,3.0358,0.000284
20261006,00751B,元大AAA至A公司債,7543000.0,5979000.0,6069000.0,7252000.0,4528000.0,13883000.0,8447000.0,2017000.0,3933000.0,3142000.0,7174000.0,3791000.0,2668000.0,2265000.0,3872000.0,9563000.0,5107000.0,3966000.0,4361000.0,4991000.0,4027000.0,3517000.0,4612000.0,4300000.0,4026000.0,4530000.0,6081000.0,4123000.0,6934000.0,2633000.0,6530333.33,38.5024,0.169239,6274200.0,24.0445,0.104922,6279300.0,12.0125,0.057565,5504200.0,9.1361,0.040471,5527550.0,6.8231,0.031678,5177800.0,4.856,0.021418
20261006,00754B,群益AAA-AA公司債,113000.0,147000.0,293000.0,116000.0,116000.0,130000.0,109000.0,114000.0,102000.0,146000.0,105000.0,104000.0,115000.0,106000.0,220000.0,194000.0,101000.0,107000.0,105000.0,100000.0,100000.0,109000.0,115000.0,156000.0,104000.0,108000.0,104000.0,115000.0,153000.0,114000.0,184333.33,20.434,0.002535,157000.0,14.3949,0.001572,138600.0,8.153,0.000862,135733.33,5.5501,0.000606,132150.0,4.2754,0.000475,127366.67,2.9573,0.000321
20261006,00755B,群益投資級公用債,137000.0,109000.0,454000.0,112000.0,105000.0,140000.0,104000.0,108000.0,102000.0,101000.0,101000.0,132000.0,104000.0,117000.0,104000.0,52000.0,108000.0,115000.0,109000.0,103000.0,126000.0,130000.0,101000.0,110000.0,105000.0,122000.0,113000.0,149000.0,194000.0,104000.0,233333.33,19.5714,0.003074,183400.0,14.94,0.001906,147200.0,9.3071,0.001046,135333.33,6.7488,0.000735,125850.0,5.443,0.000575,125700.0,3.633,0.000389
20261006,00756B,群益投等新興公債,254000.0,244000.0,413000.0,236000.0,154000.0,278000.0,222000.0,171000.0,120000.0,108000.0,215000.0,179000.0,153000.0,163000.0,135000.0,77000.0,208000.0,168000.0,229000.0,234000.0,237000.0,120000.0,192000.0,206000.0,314000.0,137000.0,135000.0,124000.0,182000.0,185000.0,303666.67,27.8814,0.005699,260200.0,19.5234,0.003533,220000.0,11.5455,0.001938,203000.0,8.3415,0.001363,198050.0,6.4125,0.001067,193100.0,4.3846,0.000721
20261006,00758B,復華能源債,100000.0,100000.0,100000.0,104000.0,100000.0,100000.0,100000.0,101000.0,100000.0,100000.0,100000.0,100000.0,102000.0,102000.0,103000.0,100000.0,100000.0,100000.0,102000.0,100000.0,100000.0,100000.0,100000.0,100000.0,100000.0,100000.0,100000.0,100000.0,100000.0,100000.0,100000.0,33.3333,0.002244,100800.0,19.8413,0.001391,100500.0,9.9502,0.000763,100800.0,6.6138,0.000537,100700.0,4.9652,0.00042,100466.67,3.3179,0.000284
20261006,00759B,復華製藥債,100000.0,100000.0,100000.0,100000.0,100000.0,100000.0,100000.0,100000.0,100000.0,100000.0,100000.0,101000.0,101000.0,101000.0,100000.0,100000.0,100000.0,100000.0,100000.0,100000.0,100000.0,101000.0,100000.0,101000.0,100000.0,100000.0,100000.0,104000.0,100000.0,100000.0,100000.0,33.3333,0.002244,100000.0,20.0,0.001391,100000.0,10.0,0.000763,100200.0,6.6534,0.000537,100150.0,4.9925,0.00042,100300.0,3.3234,0.000284
20261006,00760B,復華新興企業債,297000.0,115000.0,108000.0,102000.0,104000.0,106000.0,100000.0,103000.0,104000.0,100000.0,100000.0,120000.0,101000.0,105000.0,102000.0,106000.0,102000.0,102000.0,112000.0,102000.0,102000.0,103000.0,104000.0,107000.0,101000.0,101000.0,110000.0,103000.0,103000.0,103000.0,173333.33,57.1154,0.006664,145200.0,40.9091,0.004131,123900.0,23.9709,0.002267,117800.0,16.8081,0.001594,114550.0,12.9638,0.001247,110933.33,8.9243,0.000843
20261006,00761B,國泰A級公司債,306000.0,195000.0,493000.0,510000.0,168000.0,575000.0,443000.0,220000.0,506000.0,132000.0,676000.0,261000.0,362000.0,312000.0,327000.0,259000.0,229000.0,259000.0,478000.0,284000.0,762000.0,263000.0,253000.0,350000.0,322000.0,439000.0,180000.0,197000.0,152000.0,142000.0,331333.33,30.7847,0.006866,334400.0,18.3014,0.004256,354800.0,8.6246,0.002335,365733.33,5.5778,0.001642,349750.0,4.3746,0.001285,335166.67,3.0433,0.000869
20261006,00764B,群益25年美債,4106000.0,12507000.0,3494000.0,2156000.0,9133000.0,2706000.0,9145000.0,13380000.0,4249000.0,3726000.0,8934000.0,3471000.0,2372000.0,4386000.0,11485000.0,2042000.0,3992000.0,10975000.0,3714000.0,3333000.0,9238000.0,9329000.0,4356000.0,3529000.0,7633000.0,4316000.0,5847000.0,18663000.0,12657000.0,3297000.0,6702333.33,20.4207,0.092125,6279200.0,13.0781,0.057114,6460200.0,6.3558,0.031335,6350000.0,4.3108,0.02203,5965300.0,3.4416,0.017244,6605700.0,2.0719,0.011659
20261006,00768B,復華20年美債,522000.0,2288000.0,447000.0,331000.0,403000.0,740000.0,314000.0,332000.0,340000.0,436000.0,696000.0,1445000.0,178000.0,454000.0,307000.0,231000.0,220000.0,215000.0,245000.0,228000.0,281000.0,351000.0,533000.0,2849000.0,523000.0,233000.0,375000.0,193000.0,233000.0,207000.0,1085666.67,16.027,0.011712,798200.0,13.0794,0.007261,615300.0,8.4837,0.003984,615533.33,5.6536,0.002801,518600.0,5.0328,0.002192,538333.33,3.2322,0.001482
20261006,00772B,中信高評級公司債,4021000.0,2692000.0,2615000.0,3450000.0,2303000.0,7667000.0,2853000.0,2141000.0,710000.0,2231000.0,2317000.0,1408000.0,1597000.0,1081000.0,1694000.0,1918000.0,1825000.0,1510000.0,3026000.0,2266000.0,1332000.0,963000.0,1035000.0,1830000.0,1619000.0,1002000.0,740000.0,1487000.0,1107000.0,1657000.0,3109333.33,43.1068,0.090217,3016200.0,26.6627,0.055932,3068300.0,13.105,0.030687,2585333.33,10.3687,0.021574,2466250.0,8.1521,0.016887,2069900.0,6.4754,0.011418
20261006,00773B,中信優先金融債,1934000.0,1338000.0,1495000.0,944000.0,1566000.0,1662000.0,850000.0,529000.0,77000.0,1299000.0,1781000.0,1738000.0,1876000.0,1722000.0,669000.0,956000.0,220000.0,1736000.0,781000.0,1545000.0,1586000.0,1201000.0,1813000.0,1860000.0,230000.0,1953000.0,82000.0,1944000.0,2443000.0,82000.0,1589000.0,40.5706,0.043392,1455400.0,26.5769,0.026902,1169400.0,16.5384,0.014759,1298666.67,9.9281,0.010377,1235900.0,7.8243,0.008122,1263733.33,5.1013,0.005492
20261006,00777B,凱基AAA至A公司債,108000.0,111000.0,120000.0,102000.0,100000.0,114000.0,108000.0,100000.0,106000.0,101000.0,115000.0,102000.0,100000.0,115000.0,102000.0,132000.0,147000.0,159000.0,103000.0,101000.0,100000.0,100000.0,100000.0,100000.0,102000.0,100000.0,100000.0,105000.0,103000.0,104000.0,113000.0,31.8584,0.002423,108200.0,19.963,0.001502,107000.0,10.0935,0.000824,106933.33,6.7332,0.000579,112300.0,4.8085,0.000454,108666.67,3.3129,0.000307
20261006,00778B,凱基金融債20+,100000.0,103000.0,100000.0,113000.0,100000.0,102000.0,120000.0,102000.0,100000.0,100000.0,112000.0,102000.0,100000.0,101000.0,101000.0,101000.0,100000.0,101000.0,113000.0,100000.0,100000.0,100000.0,102000.0,100000.0,100000.0,100000.0,100000.0,100000.0,103000.0,104000.0,101000.0,33.0033,0.002244,103200.0,19.3798,0.001391,104000.0,9.6154,0.000763,103733.33,6.4267,0.000537,103550.0,4.8286,0.00042,102666.67,3.2468,0.000284
20261006,00779B,凱基美債25+,369000.0,372000.0,345000.0,311000.0,314000.0,355000.0,389000.0,105000.0,316000.0,335000.0,311000.0,318000.0,300000.0,310000.0,311000.0,313000.0,312000.0,323000.0,304000.0,304000.0,304000.0,307000.0,300000.0,301000.0,304000.0,355000.0,300000.0,378000.0,301000.0,300000.0,362000.0,33.9779,0.008279,342200.0,21.5663,0.005133,321100.0,11.4917,0.002816,317400.0,7.7505,0.00198,315850.0,5.8414,0.00155,315566.67,3.8978,0.001048
20261006,00780B,國泰A級金融債,110000.0,110000.0,114000.0,111000.0,115000.0,118000.0,108000.0,103000.0,109000.0,105000.0,136000.0,116000.0,143000.0,105000.0,159000.0,138000.0,102000.0,104000.0,106000.0,159000.0,112000.0,187000.0,237000.0,121000.0,160000.0,114000.0,106000.0,100000.0,117000.0,114000.0,111333.33,32.9341,0.002468,112000.0,19.6429,0.00153,110300.0,9.9728,0.000839,117466.67,6.2429,0.00059,118550.0,4.6394,0.000462,124633.33,2.942,0.000312
20261006,00781B,國泰A級科技債,154000.0,149000.0,135000.0,166000.0,161000.0,205000.0,354000.0,123000.0,119000.0,152000.0,136000.0,314000.0,128000.0,121000.0,144000.0,249000.0,138000.0,126000.0,151000.0,182000.0,127000.0,143000.0,126000.0,163000.0,236000.0,140000.0,140000.0,185000.0,137000.0,191000.0,146000.0,35.1598,0.003455,153000.0,20.1307,0.002142,171800.0,8.9639,0.001175,170733.33,6.0133,0.000826,170350.0,4.5201,0.000647,166500.0,3.0831,0.000437
20261006,00782B,國泰A級公用債,297000.0,494000.0,199000.0,522000.0,223000.0,317000.0,592000.0,159000.0,130000.0,136000.0,600000.0,320000.0,131000.0,109000.0,323000.0,417000.0,214000.0,137000.0,231000.0,333000.0,183000.0,163000.0,238000.0,199000.0,319000.0,163000.0,120000.0,170000.0,123000.0,166000.0,330000.0,30.0,0.006664,347000.0,17.1182,0.004131,306900.0,9.6774,0.002267,303466.67,6.5246,0.001594,294200.0,5.0476,0.001247,257600.0,3.8432,0.000843
20261006,00785B,富邦金融投等債,54000.0,52000.0,130000.0,91000.0,151000.0,178000.0,151000.0,176000.0,51000.0,51000.0,50000.0,50000.0,64000.0,52000.0,51000.0,51000.0,51000.0,51000.0,52000.0,51000.0,241000.0,52000.0,51000.0,53000.0,51000.0,20000.0,51000.0,52000.0,57000.0,51000.0,78666.67,22.8814,0.001212,95600.0,11.2971,0.000751,108500.0,4.977,0.000412,90133.33,3.9941,0.00029,80400.0,3.3582,0.000227,76233.33,2.3612,0.000153
20261006,00786B,元大10年IG銀行債,82000.0,68000.0,212000.0,75000.0,11000.0,16000.0,75000.0,16000.0,52000.0,38000.0,17000.0,48000.0,34000.0,24000.0,21000.0,57000.0,10000.0,133000.0,9000.0,22000.0,95000.0,14000.0,38000.0,74000.0,19000.0,33000.0,29000.0,5000.0,78000.0,9000.0,120666.67,22.6519,0.00184,89600.0,18.3036,0.001141,64500.0,12.7132,0.000626,52600.0,10.3929,0.00044,51000.0,8.0392,0.000344,47133.33,5.7992,0.000233
20261006,00787B,元大10年IG醫療債,13000.0,10000.0,5000.0,4000.0,3000.0,36000.0,44000.0,16000.0,4000.0,13000.0,5000.0,1000.0,6000.0,3000.0,3000.0,7000.0,,8000.0,3000.0,24000.0,15000.0,104000.0,9000.0,4000.0,9000.0,12000.0,1000.0,4000.0,7000.0,51000.0,9333.33,46.4286,0.000292,7000.0,37.1429,0.000181,14800.0,8.7838,9.9e-05,11066.67,7.8313,7e-05,10947.37,6.25,5.5e-05,14620.69,3.066,3.7e-05
20261006,00788B,元大10年IG電能債,45000.0,8000.0,22000.0,47000.0,42000.0,41000.0,14000.0,5000.0,36000.0,71000.0,16000.0,25000.0,28000.0,33000.0,53000.0,55000.0,10000.0,7000.0,100000.0,2000.0,87000.0,22000.0,4000.0,8000.0,34000.0,66000.0,4000.0,1000.0,36000.0,27000.0,25000.0,60.0,0.00101,32800.0,27.439,0.000626,33100.0,13.5952,0.000343,32400.0,9.2593,0.000241,33000.0,6.8182,0.000189,31633.33,4.7418,0.000128
20261006,00789B,復華公司債A3,104000.0,100000.0,181000.0,105000.0,102000.0,109000.0,106000.0,122000.0,101000.0,100000.0,112000.0,100000.0,100000.0,106000.0,100000.0,100000.0,100000.0,111000.0,100000.0,100000.0,111000.0,100000.0,105000.0,112000.0,102000.0,101000.0,100000.0,104000.0,110000.0,112000.0,128333.33,27.013,0.002333,118400.0,17.5676,0.001447,113000.0,9.2035,0.000794,109866.67,6.3107,0.000558,107950.0,4.817,0.000437,107200.0,3.2338,0.000295
20261006,00791B,復華信用債1-5,101000.0,100000.0,100000.0,102000.0,106000.0,109000.0,104000.0,103000.0,100000.0,102000.0,102000.0,101000.0,103000.0,129000.0,101000.0,100000.0,110000.0,100000.0,100000.0,103000.0,100000.0,101000.0,100000.0,105000.0,111000.0,101000.0,100000.0,101000.0,101000.0,100000.0,100333.33,33.5548,0.002266,101800.0,19.8428,0.001405,102700.0,9.8345,0.000771,104200.0,6.4619,0.000542,103800.0,4.8651,0.000424,103200.0,3.2623,0.000287
20261006,00792B,群益A級公司債,106000.0,138000.0,149000.0,128000.0,104000.0,127000.0,108000.0,53000.0,132000.0,103000.0,300000.0,153000.0,129000.0,143000.0,107000.0,154000.0,123000.0,99000.0,111000.0,167000.0,59000.0,125000.0,126000.0,171000.0,136000.0,112000.0,131000.0,213000.0,246000.0,122000.0,131000.0,26.972,0.002378,125000.0,16.96,0.001474,114800.0,9.2334,0.000809,132000.0,5.3535,0.000569,131700.0,4.0243,0.000445,135833.33,2.6012,0.000301
20261006,00793B,群益AAA-A醫療債,,,,,,,,,,,,55000.0,120000.0,110000.0,125000.0,91000.0,59000.0,20000.0,80000.0,57000.0,7000.0,452000.0,105000.0,89000.0,111000.0,147000.0,92000.0,93000.0,72000.0,60000.0,,,,,,,,,,102500.0,,,79666.67,,,102368.42,,
20261006,00795B,中信美國公債20年,6660000.0,6867000.0,12194000.0,9965000.0,7650000.0,9589000.0,9372000.0,6882000.0,5601000.0,4570000.0,3931000.0,6285000.0,5779000.0,4907000.0,2739000.0,5275000.0,2697000.0,7350000.0,6298000.0,7608000.0,2999000.0,2883000.0,10396000.0,5252000.0,6276000.0,1924000.0,2190000.0,6218000.0,4689000.0,1853000.0,8573666.67,25.8932,0.149428,8667200.0,15.3683,0.09264,7935000.0,8.3932,0.050826,6866066.67,6.4666,0.035734,6610950.0,5.0371,0.02797,5896633.33,3.7649,0.018911
20261006,00799B,國泰A級醫療債,181000.0,216000.0,199000.0,207000.0,327000.0,357000.0,170000.0,157000.0,212000.0,109000.0,283000.0,120000.0,156000.0,144000.0,214000.0,182000.0,239000.0,235000.0,180000.0,31000.0,408000.0,353000.0,280000.0,222000.0,126000.0,169000.0,195000.0,177000.0,173000.0,159000.0,198666.67,30.3691,0.004061,226000.0,16.0177,0.002518,213500.0,8.4778,0.001381,203466.67,5.9305,0.000971,195950.0,4.6185,0.00076,206033.33,2.9283,0.000514
20261006,00834B,第一金金融債10+,133000.0,100000.0,150000.0,120000.0,117000.0,252000.0,100000.0,100000.0,123000.0,100000.0,113000.0,100000.0,113000.0,100000.0,113000.0,100000.0,100000.0,102000.0,111000.0,100000.0,142000.0,120000.0,100000.0,109000.0,100000.0,137000.0,100000.0,100000.0,100000.0,102000.0,127666.67,34.7258,0.002984,124000.0,21.4516,0.00185,129500.0,10.2703,0.001015,122266.67,7.2519,0.000714,117350.0,5.6668,0.000559,115233.33,3.8473,0.000378
20261006,00836B,永豐10年A公司債,5000.0,2000.0,4000.0,2000.0,1000.0,85000.0,58000.0,20000.0,55000.0,15000.0,24000.0,1000.0,1000.0,107000.0,73000.0,114000.0,116000.0,76000.0,71000.0,95000.0,73000.0,121000.0,111000.0,17000.0,1000.0,6000.0,1000.0,12000.0,117000.0,,3666.67,45.4545,0.000112,2800.0,35.7143,7e-05,24700.0,2.0243,3.8e-05,30200.0,1.1038,2.7e-05,46250.0,0.5405,2.1e-05,47724.14,0.3613,1.4e-05
20261006,00840B,凱基IG精選15+,100000.0,101000.0,100000.0,100000.0,100000.0,102000.0,208000.0,100000.0,101000.0,100000.0,100000.0,100000.0,100000.0,100000.0,100000.0,102000.0,100000.0,101000.0,100000.0,100000.0,102000.0,100000.0,100000.0,100000.0,100000.0,100000.0,100000.0,100000.0,103000.0,100000.0,100333.33,33.2226,0.002244,100200.0,19.9601,0.001391,111200.0,8.9928,0.000763,107466.67,6.2035,0.000537,105750.0,4.7281,0.00042,104000.0,3.2051,0.000284
20261006,00841B,凱基AAA-AA公司債,108000.0,102000.0,136000.0,100000.0,105000.0,105000.0,108000.0,100000.0,100000.0,100000.0,100000.0,100000.0,100000.0,100000.0,100000.0,100000.0,100000.0,100000.0,100000.0,100000.0,100000.0,101000.0,101000.0,100000.0,100000.0,100000.0,100000.0,100000.0,100000.0,100000.0,115333.33,31.2139,0.002423,110200.0,19.6007,0.001502,106400.0,10.1504,0.000824,104266.67,6.9054,0.000579,103200.0,5.2326,0.000454,102200.0,3.5225,0.000307
20261006,00842B,台新美元銀行債,346000.0,309000.0,348000.0,123000.0,331000.0,595000.0,445000.0,178000.0,156000.0,392000.0,310000.0,38000.0,362000.0,344000.0,159000.0,399000.0,262000.0,308000.0,324000.0,161000.0,47000.0,319000.0,76000.0,179000.0,462000.0,267000.0,140000.0,595000.0,103000.0,63000.0,334333.33,34.4965,0.007763,291400.0,23.7474,0.004813,322300.0,10.7353,0.002641,295733.33,7.7998,0.001856,294500.0,5.8744,0.001453,271366.67,4.2501,0.000982
20261006,00844B,台新15年IG金融債,86000.0,80000.0,172000.0,107000.0,80000.0,126000.0,80000.0,158000.0,80000.0,81000.0,80000.0,80000.0,80000.0,81000.0,80000.0,82000.0,80000.0,81000.0,80000.0,80000.0,161000.0,1000.0,123000.0,120000.0,81000.0,80000.0,83000.0,160000.0,102000.0,81000.0,112666.67,25.4438,0.00193,105000.0,16.381,0.001196,105000.0,8.1905,0.000656,96733.33,5.9269,0.000461,92700.0,4.6386,0.000361,94866.67,3.0218,0.000244
20261006,00845B,富邦新興投等債,237000.0,101000.0,125000.0,151000.0,100000.0,164000.0,120000.0,110000.0,141000.0,109000.0,116000.0,101000.0,102000.0,113000.0,121000.0,100000.0,119000.0,147000.0,182000.0,101000.0,351000.0,140000.0,146000.0,104000.0,103000.0,1000.0,100000.0,102000.0,116000.0,113000.0,154333.33,51.1879,0.005317,142800.0,33.1933,0.003297,135800.0,17.4521,0.001809,127400.0,12.4019,0.001272,128000.0,9.2578,0.000995,127866.67,6.1783,0.000673
20261006,00846B,富邦歐洲銀行債,122000.0,104000.0,106000.0,102000.0,102000.0,103000.0,104000.0,102000.0,102000.0,102000.0,106000.0,102000.0,103000.0,102000.0,107000.0,105000.0,102000.0,102000.0,101000.0,105000.0,103000.0,113000.0,101000.0,101000.0,102000.0,1000.0,104000.0,104000.0,102000.0,174000.0,110666.67,36.747,0.002737,107200.0,22.7612,0.001697,104900.0,11.6301,0.000931,104600.0,7.7757,0.000655,104200.0,5.8541,0.000512,102966.67,3.9495,0.000346
20261006,00847B,中信美國市政債,,,259000.0,233000.0,297000.0,320000.0,246000.0,393000.0,423000.0,503000.0,208000.0,623000.0,480000.0,333000.0,608000.0,297000.0,229000.0,469000.0,307000.0,453000.0,302000.0,226000.0,225000.0,201000.0,154000.0,402000.0,500000.0,500000.0,572000.0,251000.0,259000.0,,,263000.0,,,334250.0,,,378923.08,,,371166.67,,,357642.86,,
20261006,00848B,中信新興亞洲債,211000.0,204000.0,218000.0,202000.0,211000.0,318000.0,314000.0,306000.0,401000.0,506000.0,247000.0,504000.0,506000.0,322000.0,500000.0,207000.0,200000.0,309000.0,218000.0,300000.0,300000.0,201000.0,205000.0,205000.0,300000.0,330000.0,460000.0,498000.0,481000.0,200000.0,211000.0,33.3333,0.004734,209200.0,20.1721,0.002935,289100.0,7.2985,0.00161,331333.33,4.2455,0.001132,310200.0,3.401,0.000886,312800.0,2.2485,0.000599
20261006,00849B,中信EM主權債0-5,223000.0,218000.0,210000.0,203000.0,213000.0,309000.0,312000.0,301000.0,407000.0,504000.0,200000.0,515000.0,419000.0,307000.0,514000.0,222000.0,217000.0,319000.0,223000.0,302000.0,341000.0,203000.0,237000.0,204000.0,144000.0,514000.0,503000.0,510000.0,502000.0,204000.0,217000.0,34.255,0.005003,213400.0,20.8997,0.003102,290000.0,7.6897,0.001702,323666.67,4.5932,0.001196,306900.0,3.6331,0.000937,316666.67,2.3474,0.000633
20261006,00853B,統一美債10年Aa-A,1028000.0,1043000.0,1053000.0,1504000.0,1073000.0,1247000.0,1105000.0,1097000.0,1262000.0,1455000.0,1087000.0,1178000.0,1230000.0,1097000.0,1008000.0,527000.0,1007000.0,1026000.0,609000.0,1027000.0,1004000.0,1010000.0,1060000.0,1034000.0,1124000.0,1030000.0,1037000.0,1083000.0,1013000.0,1009000.0,1041333.33,32.9065,0.023065,1140200.0,18.0319,0.014299,1186700.0,8.6627,0.007845,1164466.67,5.8854,0.005516,1083150.0,4.7454,0.004317,1068900.0,3.2058,0.002919
20261006,00856B,永豐1-3年美公債,1000.0,10000.0,277000.0,22000.0,3000.0,2000.0,14000.0,1000.0,6000.0,3000.0,1000.0,70000.0,41000.0,1000.0,6000.0,,11000.0,2000.0,59000.0,6000.0,71000.0,41000.0,15000.0,2000.0,4000.0,217000.0,4000.0,14000.0,7000.0,,96000.0,0.3472,2.2e-05,62600.0,0.3195,1.4e-05,33900.0,0.295,8e-06,30533.33,0.2183,5e-06,28210.53,0.1866,4e-06,32535.71,0.1098,3e-06
20261006,00857B,永豐20年美公債,1914000.0,1079000.0,2143000.0,702000.0,1091000.0,1910000.0,1159000.0,880000.0,871000.0,1251000.0,1443000.0,647000.0,2394000.0,2223000.0,954000.0,777000.0,615000.0,684000.0,1737000.0,914000.0,291000.0,520000.0,1456000.0,883000.0,1065000.0,731000.0,345000.0,435000.0,941000.0,381000.0,1712000.0,37.2664,0.042944,1385800.0,27.623,0.026624,1300000.0,14.7231,0.014607,1377400.0,9.2638,0.010269,1269400.0,7.539,0.008038,1081200.0,5.9009,0.005435
20261006,00858,永豐美國500大,571000.0,296000.0,233000.0,660000.0,253000.0,274000.0,138000.0,291000.0,592000.0,370000.0,209000.0,620000.0,377000.0,278000.0,280000.0,612000.0,148000.0,280000.0,200000.0,574000.0,242000.0,199000.0,404000.0,239000.0,353000.0,446000.0,153000.0,273000.0,384000.0,460000.0,366666.67,51.9091,0.012811,402600.0,28.3656,0.007943,367800.0,15.5247,0.004358,362800.0,10.4925,0.003064,362800.0,7.8693,0.002398,346966.67,5.4856,0.001621
20261006,00859B,群益0-1年美債,2842000.0,3288000.0,3026000.0,2730000.0,2162000.0,3439000.0,3201000.0,2113000.0,3201000.0,3529000.0,2273000.0,3191000.0,3226000.0,3256000.0,3224000.0,2534000.0,1841000.0,2163000.0,3752000.0,3626000.0,1402000.0,1520000.0,2933000.0,3136000.0,2979000.0,2394000.0,2594000.0,2938000.0,2866000.0,2904000.0,3052000.0,31.0398,0.063765,2809600.0,20.2306,0.039532,2953100.0,9.6238,0.021689,2980066.67,6.3578,0.015249,2930850.0,4.8484,0.011936,2809433.33,3.372,0.00807
20261006,00860B,群益1-5Y投資級債,133000.0,128000.0,160000.0,101000.0,106000.0,101000.0,105000.0,71000.0,129000.0,111000.0,109000.0,106000.0,105000.0,100000.0,100000.0,104000.0,101000.0,60000.0,115000.0,122000.0,60000.0,135000.0,100000.0,106000.0,102000.0,137000.0,128000.0,108000.0,140000.0,118000.0,140333.33,31.5914,0.002984,125600.0,21.1783,0.00185,114500.0,11.6157,0.001015,111000.0,7.988,0.000714,108350.0,6.1375,0.000559,110033.33,4.0291,0.000378
20261006,00862B,中信投資級公司債,224000.0,232000.0,407000.0,267000.0,213000.0,1256000.0,252000.0,416000.0,502000.0,728000.0,242000.0,587000.0,362000.0,387000.0,613000.0,338000.0,290000.0,378000.0,336000.0,377000.0,389000.0,282000.0,293000.0,262000.0,142000.0,328000.0,500000.0,530000.0,508000.0,212000.0,287666.67,25.956,0.005026,268600.0,16.6791,0.003116,449700.0,4.9811,0.001709,445866.67,3.3493,0.001202,420350.0,2.6644,0.000941,395100.0,1.8898,0.000636
20261006,00863B,中信全球電信債,208000.0,205000.0,256000.0,712000.0,256000.0,232000.0,377000.0,313000.0,584000.0,612000.0,282000.0,502000.0,465000.0,308000.0,512000.0,204000.0,202000.0,399000.0,374000.0,309000.0,407000.0,203000.0,339000.0,257000.0,170000.0,565000.0,509000.0,815000.0,553000.0,202000.0,223000.0,31.0912,0.004667,327400.0,12.7062,0.002893,375500.0,5.5393,0.001587,388266.67,3.5714,0.001116,365600.0,2.8446,0.000874,377733.33,1.8355,0.000591
20261006,00864B,中信美國公債0-1,772000.0,1587000.0,857000.0,992000.0,908000.0,887000.0,885000.0,638000.0,1393000.0,1534000.0,1206000.0,1484000.0,1392000.0,1222000.0,1178000.0,1144000.0,869000.0,976000.0,888000.0,1326000.0,995000.0,939000.0,616000.0,851000.0,1019000.0,1862000.0,1829000.0,1377000.0,1386000.0,640000.0,1072000.0,24.005,0.017321,1023200.0,15.0899,0.010738,1045300.0,7.3854,0.005892,1129000.0,4.5586,0.004142,1106900.0,3.4872,0.003242,1121733.33,2.2941,0.002192
20261006,00867B,台新A-BBB電信債,54000.0,1000.0,120000.0,657000.0,61000.0,44000.0,605000.0,901000.0,1200000.0,,3000.0,1000.0,1000.0,3000.0,,2000.0,12000.0,2000.0,10000.0,1000.0,225000.0,,1000.0,1000.0,,24000.0,,6000.0,1000.0,1000.0,58333.33,30.8571,0.001212,178600.0,6.047,0.000751,404777.78,1.4823,0.000412,280846.15,1.479,0.00029,204333.33,1.4682,0.000227,157480.0,1.3716,0.000153
20261006,00870B,元大15年EM主權債,13000.0,46000.0,191000.0,92000.0,86000.0,349000.0,85000.0,1000.0,1000.0,40000.0,22000.0,2000.0,1000.0,24000.0,5000.0,4000.0,2000.0,1000.0,1000.0,1000.0,1000.0,1000.0,4000.0,6000.0,20000.0,1000.0,1000.0,80000.0,33000.0,4000.0,83333.33,5.2,0.000292,85600.0,3.0374,0.000181,90400.0,1.4381,9.9e-05,63866.67,1.357,7e-05,48350.0,1.3444,5.5e-05,37266.67,1.1628,3.7e-05
20261006,00877,復華中國5G,841000.0,1427000.0,1538000.0,1058000.0,2085000.0,6341000.0,1465000.0,1522000.0,2034000.0,1919000.0,2930000.0,1820000.0,1946000.0,1619000.0,1541000.0,1499000.0,1132000.0,1149000.0,2999000.0,2456000.0,1535000.0,1797000.0,1604000.0,2139000.0,1518000.0,1926000.0,3314000.0,2862000.0,4680000.0,2140000.0,1268666.67,22.0967,0.018869,1389800.0,12.1025,0.011698,2023000.0,4.1572,0.006418,2005733.33,2.7953,0.004512,1966050.0,2.1388,0.003532,2094533.33,1.3384,0.002388
20261006,00884B,中信低碳新興債,219000.0,213000.0,214000.0,201000.0,209000.0,282000.0,230000.0,305000.0,404000.0,501000.0,206000.0,528000.0,430000.0,355000.0,486000.0,202000.0,205000.0,310000.0,210000.0,300000.0,341000.0,209000.0,234000.0,200000.0,141000.0,541000.0,440000.0,525000.0,614000.0,223000.0,215333.33,33.9009,0.004914,211200.0,20.7386,0.003046,277800.0,7.8834,0.001671,318866.67,4.5787,0.001175,300500.0,3.6439,0.00092,315933.33,2.3106,0.000622
20261006,00886,永豐美國科技,21000.0,20000.0,21000.0,47000.0,20000.0,21000.0,20000.0,20000.0,27000.0,20000.0,24000.0,20000.0,42000.0,32000.0,30000.0,20000.0,20000.0,22000.0,22000.0,30000.0,21000.0,21000.0,40000.0,6000.0,32000.0,25000.0,22000.0,53000.0,80000.0,32000.0,20666.67,33.871,0.000471,25800.0,16.2791,0.000292,23700.0,8.8608,0.00016,25666.67,5.4545,0.000113,24950.0,4.2084,8.8e-05,27700.0,2.5271,6e-05
20261006,00887,永豐中國科技50大,1745000.0,3131000.0,3533000.0,1976000.0,4675000.0,7574000.0,2766000.0,3429000.0,6708000.0,4524000.0,3800000.0,4068000.0,2471000.0,2946000.0,3272000.0,5770000.0,3401000.0,4060000.0,4615000.0,3218000.0,2137000.0,3294000.0,4267000.0,3611000.0,2904000.0,3148000.0,4508000.0,4297000.0,10029000.0,3789000.0,2803000.0,20.7516,0.039152,3012000.0,11.587,0.024273,4006100.0,4.3559,0.013317,3774533.33,3.0821,0.009363,3884100.0,2.2463,0.007328,3988866.67,1.4582,0.004955
20261006,00888,永豐台灣ESG,7203000.0,9673000.0,11220000.0,5517000.0,4940000.0,4469000.0,3975000.0,4311000.0,12158000.0,8879000.0,11332000.0,7891000.0,2642000.0,3450000.0,3781000.0,6141000.0,3559000.0,5961000.0,6041000.0,18424000.0,3469000.0,4384000.0,5078000.0,10041000.0,4232000.0,9895000.0,3422000.0,5275000.0,4922000.0,2114000.0,9365333.33,25.6371,0.161611,7710600.0,18.6834,0.100193,7234500.0,9.9565,0.05497,6762733.33,7.1007,0.038647,7078350.0,5.0881,0.03025,6479966.67,3.7053,0.020453
20261006,00890B,凱基ESG BBB債15+,122000.0,104000.0,104000.0,101000.0,105000.0,112000.0,124000.0,115000.0,110000.0,106000.0,105000.0,106000.0,101000.0,101000.0,101000.0,102000.0,102000.0,101000.0,121000.0,114000.0,110000.0,109000.0,102000.0,100000.0,131000.0,102000.0,100000.0,107000.0,103000.0,104000.0,110000.0,36.9697,0.002737,107200.0,22.7612,0.001697,110300.0,11.0607,0.000931,107800.0,7.5448,0.000655,107850.0,5.656,0.000512,107500.0,3.7829,0.000346
20261006,00928,中信上櫃ESG 30,464000.0,1073000.0,1138000.0,177000.0,284000.0,201000.0,231000.0,271000.0,674000.0,309000.0,552000.0,820000.0,660000.0,136000.0,308000.0,405000.0,233000.0,794000.0,298000.0,412000.0,581000.0,533000.0,324000.0,822000.0,339000.0,445000.0,264000.0,721000.0,463000.0,428000.0,891666.67,17.3458,0.010411,627200.0,14.7959,0.006454,482200.0,9.6226,0.003541,486533.33,6.3579,0.00249,472000.0,4.9153,0.001949,478666.67,3.2312,0.001318
20261006,00931B,統一美債20年,2234000.0,3256000.0,3008000.0,3023000.0,2191000.0,3240000.0,2340000.0,3789000.0,1301000.0,1814000.0,3547000.0,3379000.0,3259000.0,3400000.0,1286000.0,2423000.0,2618000.0,3188000.0,1848000.0,3026000.0,3309000.0,2817000.0,2264000.0,1719000.0,2521000.0,2654000.0,2619000.0,1503000.0,2883000.0,2505000.0,2832666.67,26.2885,0.050123,2742400.0,16.2923,0.031075,2619600.0,8.528,0.017049,2737800.0,5.4399,0.011986,2708500.0,4.1241,0.009382,2632133.33,2.8291,0.006343
20261006,00933B,國泰10Y+金融債,11094000.0,11883000.0,10009000.0,9483000.0,8220000.0,25508000.0,17200000.0,5100000.0,4179000.0,4657000.0,7352000.0,5761000.0,4128000.0,5472000.0,5807000.0,9977000.0,8263000.0,7636000.0,9145000.0,10127000.0,4834000.0,5739000.0,7620000.0,13373000.0,5374000.0,7174000.0,3528000.0,5944000.0,5699000.0,4586000.0,10995333.33,33.6325,0.248911,10137800.0,21.8864,0.154316,10733300.0,10.3361,0.084665,9056866.67,8.1662,0.059524,9050050.0,6.1292,0.046591,8162400.0,4.5305,0.031502
20261006,00937B,群益ESG投等債20+,84001000.0,65129000.0,54167000.0,71969000.0,62645000.0,129995000.0,75772000.0,33052000.0,25849000.0,32608000.0,47088000.0,51920000.0,37771000.0,30470000.0,42545000.0,49096000.0,32038000.0,30378000.0,43465000.0,31641000.0,36755000.0,35984000.0,42088000.0,50258000.0,42242000.0,28760000.0,36260000.0,36006000.0,30527000.0,26061000.0,67765666.67,41.3194,1.884694,67582200.0,24.8589,1.168445,63518700.0,13.2246,0.641061,56332066.67,9.9412,0.450701,51579950.0,8.1428,0.352778,46551333.33,6.0149,0.238522
20261006,00942B,台新美A公司債20+,3114000.0,2169000.0,2647000.0,1754000.0,889000.0,2051000.0,1565000.0,543000.0,708000.0,2832000.0,501000.0,1737000.0,1000000.0,1547000.0,1725000.0,2946000.0,1187000.0,766000.0,2137000.0,1502000.0,1421000.0,487000.0,1840000.0,737000.0,568000.0,1344000.0,216000.0,749000.0,621000.0,523000.0,2643333.33,39.2686,0.069867,2114600.0,29.4524,0.043315,1827200.0,17.0425,0.023765,1652133.33,12.5656,0.016708,1666000.0,9.3457,0.013078,1394200.0,7.4451,0.008842
20261006,00948B,中信優息投資級債,10108000.0,4544000.0,4443000.0,3688000.0,3901000.0,7116000.0,3495000.0,3915000.0,2709000.0,2305000.0,6724000.0,4659000.0,1350000.0,2554000.0,3966000.0,3249000.0,3809000.0,2104000.0,3279000.0,2988000.0,2910000.0,2697000.0,2139000.0,2778000.0,1569000.0,1583000.0,2618000.0,8275000.0,1963000.0,1473000.0,6365000.0,52.9353,0.226789,5336800.0,37.8804,0.140601,4622400.0,21.8674,0.07714,4365133.33,15.4375,0.054234,4045300.0,12.4935,0.04245,3630366.67,9.281,0.028702
20261006,00950B,凱基A級公司債,5878000.0,5070000.0,3637000.0,2559000.0,1880000.0,4646000.0,4326000.0,2908000.0,1523000.0,2826000.0,2868000.0,1027000.0,2401000.0,1387000.0,2649000.0,3760000.0,4492000.0,1850000.0,3400000.0,3985000.0,1947000.0,2640000.0,2858000.0,2637000.0,2241000.0,4734000.0,2764000.0,998000.0,1959000.0,1989000.0,4861666.67,40.3017,0.131882,3804800.0,30.8978,0.081762,3525300.0,16.6738,0.044858,3039000.0,12.8946,0.031538,3153600.0,9.3195,0.024686,2927966.67,6.6918,0.016691
20261006,00955,中信日本商社,2581000.0,2738000.0,1670000.0,2772000.0,1790000.0,3776000.0,1576000.0,1223000.0,2287000.0,2203000.0,5987000.0,3482000.0,2752000.0,5134000.0,5855000.0,3370000.0,3908000.0,4881000.0,7602000.0,4017000.0,3104000.0,14311000.0,2868000.0,8655000.0,2839000.0,3167000.0,1319000.0,2678000.0,3901000.0,3408000.0,2329666.67,36.9295,0.057909,2310200.0,22.3444,0.035901,2261600.0,11.4123,0.019697,3055066.67,5.6322,0.013848,3480200.0,3.7081,0.010839,3861800.0,2.2278,0.007329
20261006,00957B,兆豐US優選投等債,110000.0,331000.0,219000.0,260000.0,204000.0,683000.0,459000.0,186000.0,194000.0,142000.0,538000.0,53000.0,85000.0,124000.0,281000.0,349000.0,143000.0,89000.0,28000.0,399000.0,76000.0,143000.0,59000.0,75000.0,244000.0,91000.0,356000.0,139000.0,48000.0,60000.0,220000.0,16.6667,0.002468,224800.0,9.7865,0.00153,278800.0,3.9455,0.000839,257933.33,2.8431,0.00059,243850.0,2.2555,0.000462,205600.0,1.7834,0.000312
20261006,00958B,永豐ESG銀行債15+,270000.0,246000.0,1601000.0,461000.0,427000.0,1298000.0,660000.0,556000.0,895000.0,799000.0,777000.0,242000.0,420000.0,658000.0,694000.0,964000.0,1033000.0,961000.0,73000.0,144000.0,52000.0,979000.0,674000.0,738000.0,427000.0,836000.0,33000.0,150000.0,1675000.0,1305000.0,705666.67,12.7539,0.006058,601000.0,8.985,0.003756,721300.0,3.7432,0.002061,666933.33,2.6989,0.001449,658950.0,2.0487,0.001134,668266.67,1.3468,0.000767
20261006,00959B,大華投等美債15Y+,3270000.0,1627000.0,2192000.0,2203000.0,1231000.0,2902000.0,2201000.0,408000.0,480000.0,694000.0,946000.0,1267000.0,1065000.0,461000.0,1296000.0,1567000.0,1062000.0,887000.0,1095000.0,1032000.0,1314000.0,654000.0,1103000.0,1665000.0,1236000.0,635000.0,616000.0,599000.0,1869000.0,870000.0,2363000.0,46.1278,0.073368,2104600.0,31.0748,0.045485,1720800.0,19.0028,0.024955,1482866.67,14.7013,0.017545,1394300.0,11.7263,0.013733,1281566.67,8.5052,0.009285
20261006,00966B,統一ESG投等債15+,631000.0,676000.0,828000.0,958000.0,1434000.0,1805000.0,923000.0,1641000.0,185000.0,946000.0,2200000.0,272000.0,727000.0,272000.0,965000.0,1158000.0,95000.0,1628000.0,710000.0,160000.0,1019000.0,985000.0,1793000.0,399000.0,1606000.0,698000.0,879000.0,451000.0,494000.0,618000.0,711666.67,29.555,0.014157,905400.0,13.9386,0.008777,1002700.0,6.293,0.004816,964200.0,4.3629,0.003386,910700.0,3.4644,0.00265,905200.0,2.3236,0.001792
20261006,00967B,元大優息美債,513000.0,687000.0,789000.0,331000.0,250000.0,1126000.0,167000.0,163000.0,116000.0,106000.0,126000.0,732000.0,965000.0,435000.0,1675000.0,604000.0,91000.0,287000.0,152000.0,184000.0,367000.0,158000.0,182000.0,822000.0,1734000.0,844000.0,215000.0,452000.0,502000.0,388000.0,663000.0,25.7919,0.01151,514000.0,19.9611,0.007136,424800.0,12.0763,0.003915,545400.0,6.2706,0.002752,474950.0,5.4006,0.002154,505433.33,3.3832,0.001457
20261006,00968B,元大優息投等債,1292000.0,973000.0,1496000.0,1028000.0,1398000.0,2798000.0,5600000.0,2180000.0,1353000.0,1470000.0,1497000.0,1513000.0,3270000.0,332000.0,539000.0,984000.0,1024000.0,1104000.0,776000.0,735000.0,296000.0,643000.0,872000.0,1786000.0,944000.0,1208000.0,848000.0,751000.0,494000.0,1883000.0,1253666.67,34.3526,0.028988,1237400.0,20.8825,0.017972,1958800.0,6.5959,0.00986,1782600.0,4.8319,0.006932,1568100.0,4.1196,0.005426,1369566.67,3.1445,0.003669
20261006,00969B,元大零息超長美債,1312000.0,636000.0,661000.0,1696000.0,972000.0,2555000.0,537000.0,277000.0,1402000.0,831000.0,491000.0,545000.0,874000.0,1451000.0,841000.0,963000.0,929000.0,549000.0,458000.0,1096000.0,496000.0,630000.0,900000.0,1055000.0,765000.0,384000.0,137000.0,804000.0,1115000.0,484000.0,869666.67,50.2875,0.029437,1055400.0,24.8626,0.01825,1087900.0,12.0599,0.010013,1005400.0,8.6997,0.007039,953800.0,6.8778,0.00551,861533.33,5.0762,0.003725
20261006,00970B,台新BBB投等債20+,1745000.0,1657000.0,1901000.0,4204000.0,1722000.0,3543000.0,4116000.0,3048000.0,3802000.0,1301000.0,296000.0,1380000.0,730000.0,1109000.0,1975000.0,1043000.0,670000.0,678000.0,1316000.0,827000.0,1429000.0,640000.0,1344000.0,897000.0,708000.0,5427000.0,1575000.0,2228000.0,1099000.0,896000.0,1767666.67,32.9059,0.039152,2245800.0,15.5401,0.024273,2703900.0,6.4536,0.013317,2168600.0,5.3644,0.009363,1853150.0,4.7082,0.007328,1776866.67,3.2736,0.004955
20261006,009806,台新標普500,72000.0,10000.0,6000.0,15000.0,15000.0,203000.0,75000.0,714000.0,641000.0,30000.0,21000.0,9000.0,13000.0,24000.0,3000.0,754000.0,4000.0,34000.0,28000.0,17000.0,18000.0,2000.0,24000.0,14000.0,61000.0,89000.0,66000.0,106000.0,88000.0,185000.0,29333.33,81.8182,0.001615,23600.0,61.0169,0.001002,178100.0,4.0427,0.000549,123400.0,3.8898,0.000386,134400.0,2.6786,0.000302,111366.67,2.155,0.000204
20261006,009807,台新標普科技精選,29000.0,75000.0,13000.0,29000.0,283000.0,22000.0,221000.0,176000.0,49000.0,17000.0,61000.0,6000.0,23000.0,16000.0,6000.0,10000.0,10000.0,24000.0,19000.0,,34000.0,20000.0,6000.0,25000.0,36000.0,103000.0,124000.0,11000.0,101000.0,141000.0,39000.0,24.7863,0.000651,85800.0,6.7599,0.000403,91400.0,3.1729,0.000221,68400.0,2.8265,0.000156,57315.79,2.663,0.000122,58275.86,1.716,8.2e-05
20261006,00980B,台新特選IG債10+,406000.0,365000.0,232000.0,710000.0,816000.0,1911000.0,728000.0,101000.0,142000.0,361000.0,132000.0,882000.0,175000.0,681000.0,2262000.0,163000.0,299000.0,363000.0,125000.0,672000.0,456000.0,387000.0,155000.0,637000.0,11000.0,1727000.0,246000.0,315000.0,440000.0,135000.0,334333.33,40.4786,0.009109,505800.0,16.0538,0.005647,577200.0,7.034,0.003098,660266.67,4.0994,0.002178,576300.0,3.5225,0.001705,534500.0,2.532,0.001153
20261006,00980D,主動聯博投等入息,462000.0,943000.0,219000.0,546000.0,682000.0,2459000.0,542000.0,861000.0,186000.0,320000.0,481000.0,615000.0,354000.0,573000.0,443000.0,412000.0,377000.0,301000.0,1993000.0,736000.0,495000.0,223000.0,1777000.0,449000.0,693000.0,403000.0,138000.0,560000.0,323000.0,303000.0,541333.33,28.4483,0.010366,570400.0,16.1992,0.006426,722000.0,6.3989,0.003526,645733.33,4.7698,0.002479,675250.0,3.421,0.00194,628966.67,2.4485,0.001312
20261006,00980T,平衡凱基美國TOP,1017000.0,467000.0,33000.0,257000.0,48000.0,12000.0,156000.0,239000.0,269000.0,139000.0,137000.0,123000.0,124000.0,222000.0,103000.0,78000.0,223000.0,140000.0,1144000.0,26000.0,871000.0,407000.0,79000.0,335000.0,244000.0,325000.0,256000.0,103000.0,44000.0,23000.0,505666.67,67.0402,0.022818,364400.0,55.8178,0.014146,263700.0,38.5666,0.007761,223066.67,30.3945,0.005457,247850.0,20.5164,0.004271,254800.0,13.3046,0.002888
20261006,009814,富邦標普500,1300000.0,1458000.0,789000.0,1227000.0,646000.0,896000.0,777000.0,395000.0,634000.0,522000.0,347000.0,598000.0,703000.0,325000.0,391000.0,383000.0,589000.0,606000.0,719000.0,1154000.0,495000.0,409000.0,1592000.0,613000.0,1085000.0,548000.0,3019000.0,2014000.0,1745000.0,621000.0,1182333.33,36.6507,0.029168,1084000.0,23.9852,0.018083,864400.0,15.0393,0.009921,733866.67,11.8096,0.006975,722950.0,8.9909,0.00546,886666.67,4.8872,0.003691
20261006,009815,大華美國MAG7+,1675000.0,1758000.0,1263000.0,3126000.0,1573000.0,2089000.0,937000.0,1672000.0,2944000.0,1810000.0,2167000.0,1417000.0,1340000.0,2031000.0,1229000.0,1153000.0,1531000.0,1161000.0,1571000.0,1142000.0,2498000.0,1331000.0,2695000.0,1412000.0,1946000.0,1630000.0,1224000.0,791000.0,1112000.0,752000.0,1565333.33,35.6687,0.037581,1879000.0,17.8286,0.023299,1884700.0,8.8874,0.012783,1802066.67,6.1966,0.008987,1679450.0,4.9868,0.007034,1632666.67,3.4198,0.004756
20261006,00981B,第一金優選非投債,17182000.0,15492000.0,8129000.0,5191000.0,6877000.0,25288000.0,12688000.0,9569000.0,14297000.0,12935000.0,12155000.0,10633000.0,11923000.0,7801000.0,11649000.0,10138000.0,10017000.0,8267000.0,14668000.0,21265000.0,9055000.0,6718000.0,6496000.0,9302000.0,8713000.0,17387000.0,10666000.0,8379000.0,19120000.0,13355000.0,13601000.0,42.1096,0.385505,10574200.0,32.498,0.239,12764800.0,13.4605,0.131126,12120600.0,9.4506,0.092189,12308200.0,6.9799,0.072159,11845166.67,4.8352,0.048788
20261006,00981D,主動中信非投等債,3498000.0,6677000.0,2791000.0,1556000.0,4004000.0,5110000.0,2672000.0,3383000.0,2421000.0,2418000.0,2206000.0,2469000.0,3679000.0,2030000.0,1851000.0,3770000.0,2585000.0,3059000.0,4276000.0,3175000.0,1899000.0,1731000.0,3102000.0,2420000.0,4189000.0,4263000.0,2400000.0,1451000.0,2098000.0,2201000.0,4322000.0,26.9783,0.078483,3705200.0,18.8816,0.048657,3453000.0,10.1303,0.026695,3117666.67,7.48,0.018768,3181500.0,5.4974,0.014691,2979466.67,3.9135,0.009933
20261006,009822,華南永昌未來金融,528000.0,1625000.0,204000.0,258000.0,504000.0,622000.0,230000.0,2390000.0,2136000.0,423000.0,51000.0,100000.0,394000.0,32000.0,727000.0,700000.0,367000.0,603000.0,1026000.0,727000.0,12797000.0,472000.0,355000.0,82000.0,341000.0,442000.0,134000.0,9938000.0,363000.0,1043000.0,785666.67,22.4014,0.011847,623800.0,16.9285,0.007344,892000.0,5.9193,0.004029,681600.0,5.1643,0.002833,682350.0,3.869,0.002217,1320466.67,1.3329,0.001499
20261006,009823,群益S&P500,3561000.0,4576000.0,2346000.0,4130000.0,2071000.0,2819000.0,1943000.0,4073000.0,5832000.0,3620000.0,3248000.0,2090000.0,1453000.0,2117000.0,1592000.0,1880000.0,2696000.0,2898000.0,2094000.0,3509000.0,3631000.0,1596000.0,6326000.0,3166000.0,3382000.0,1225000.0,1964000.0,1925000.0,2947000.0,1992000.0,3494333.33,33.9693,0.079897,3336800.0,21.3438,0.049533,3497100.0,10.1827,0.027176,3031400.0,7.8314,0.019106,2927400.0,6.0822,0.014955,2890066.67,4.1072,0.010111
20261006,009825,聯邦美國金融創新,296000.0,340000.0,138000.0,411000.0,179000.0,392000.0,596000.0,1821000.0,668000.0,774000.0,459000.0,273000.0,217000.0,306000.0,21000.0,314000.0,374000.0,990000.0,905000.0,1180000.0,6170000.0,685000.0,549000.0,283000.0,134000.0,433000.0,1393000.0,3751000.0,1417000.0,689000.0,258000.0,38.2429,0.006641,272800.0,21.7009,0.004117,561500.0,5.2716,0.002259,459400.0,4.2955,0.001588,532700.0,2.7783,0.001243,871933.33,1.1316,0.00084
20261006,00982B,FT投資級債20+,51000.0,6000.0,36000.0,18000.0,43000.0,670000.0,12000.0,15000.0,22000.0,5000.0,120000.0,77000.0,4000.0,25000.0,1000.0,31000.0,115000.0,503000.0,12000.0,13000.0,37000.0,1000.0,18000.0,166000.0,50000.0,11000.0,4000.0,,5000.0,6000.0,31000.0,54.8387,0.001144,30800.0,33.1169,0.000709,87800.0,5.8087,0.000389,73666.67,4.6154,0.000274,88950.0,2.8668,0.000214,71620.69,2.4555,0.000145
20261006,00983B,大華優利美公債20,923000.0,472000.0,273000.0,665000.0,963000.0,1845000.0,1367000.0,347000.0,97000.0,44000.0,370000.0,227000.0,312000.0,439000.0,1611000.0,541000.0,105000.0,85000.0,262000.0,401000.0,360000.0,571000.0,1270000.0,54000.0,447000.0,144000.0,72000.0,551000.0,110000.0,128000.0,556000.0,55.3357,0.020709,659200.0,28.0036,0.012839,699600.0,13.1933,0.007044,663666.67,9.2717,0.004952,567450.0,8.1329,0.003876,501866.67,6.1304,0.002621
20261006,00984B,大華優利美A債15,1606000.0,865000.0,1473000.0,1389000.0,491000.0,2318000.0,1144000.0,477000.0,246000.0,822000.0,740000.0,1108000.0,738000.0,1103000.0,1590000.0,1474000.0,520000.0,476000.0,2184000.0,593000.0,1025000.0,533000.0,372000.0,1118000.0,231000.0,387000.0,676000.0,199000.0,484000.0,648000.0,1314666.67,40.7201,0.036033,1164800.0,27.5755,0.022339,1083100.0,14.8278,0.012256,1074000.0,9.969,0.008617,1067850.0,7.5198,0.006745,901000.0,5.9415,0.00456
20261006,00985D,主動貝萊德優投等,2299000.0,1353000.0,970000.0,669000.0,759000.0,2375000.0,2084000.0,2273000.0,1645000.0,664000.0,1347000.0,994000.0,2189000.0,1595000.0,1181000.0,1593000.0,618000.0,906000.0,855000.0,1056000.0,887000.0,909000.0,1307000.0,1413000.0,838000.0,1007000.0,206000.0,457000.0,655000.0,1087000.0,1540666.67,49.7404,0.051582,1210000.0,38.0,0.031979,1509100.0,15.2342,0.017545,1493133.33,10.2648,0.012335,1371250.0,8.3829,0.009655,1206366.67,6.3524,0.006528
20261006,00986B,FT金融債10+,26000.0,27000.0,88000.0,134000.0,12000.0,32000.0,49000.0,86000.0,,44000.0,,38000.0,,31000.0,,57000.0,6000.0,,2000.0,10000.0,8000.0,3000.0,9000.0,504000.0,36000.0,38000.0,3000.0,8000.0,6000.0,,47000.0,18.4397,0.000583,57400.0,9.0592,0.000362,55333.33,5.2209,0.000198,51545.45,4.5855,0.00014,42800.0,4.0498,0.000109,52375.0,2.0684,7.4e-05
20261006,00986D,主動復華金融債息,616000.0,678000.0,621000.0,464000.0,631000.0,1546000.0,335000.0,294000.0,260000.0,410000.0,154000.0,118000.0,830000.0,991000.0,744000.0,308000.0,238000.0,446000.0,511000.0,692000.0,365000.0,1263000.0,822000.0,234000.0,334000.0,744000.0,231000.0,103000.0,212000.0,339000.0,638333.33,32.1671,0.013821,602000.0,20.4651,0.008568,585500.0,10.5209,0.004701,579466.67,7.087,0.003305,544350.0,5.6581,0.002587,517800.0,3.9655,0.001749
20261006,00987B,野村10+澳洲公債,552000.0,1732000.0,1203000.0,1717000.0,1667000.0,568000.0,3455000.0,715000.0,262000.0,723000.0,1027000.0,360000.0,507000.0,1177000.0,658000.0,2421000.0,269000.0,706000.0,756000.0,348000.0,321000.0,615000.0,665000.0,447000.0,117000.0,267000.0,557000.0,450000.0,440000.0,544000.0,1162333.33,15.8302,0.012385,1374200.0,8.0338,0.007678,1259400.0,4.383,0.004213,1088200.0,3.3817,0.002962,1041150.0,2.6509,0.002318,841533.33,2.1865,0.001567
20261006,00987D,主動統一美債量化,1095000.0,2815000.0,881000.0,2861000.0,2525000.0,2319000.0,3907000.0,462000.0,1044000.0,1453000.0,2668000.0,998000.0,2331000.0,2643000.0,2921000.0,4211000.0,3115000.0,1401000.0,3401000.0,609000.0,4100000.0,3615000.0,5984000.0,3940000.0,1666000.0,5865000.0,3024000.0,46621000.0,,,1597000.0,22.8554,0.024568,2035400.0,10.7596,0.015231,1936200.0,5.6554,0.008357,2061533.33,3.5411,0.005875,2183000.0,2.508,0.004599,4231250.0,0.9242,0.003109
20261006,00988B,玉山嚴選非投債,1639000.0,1483000.0,1006000.0,1729000.0,1272000.0,2351000.0,1611000.0,680000.0,966000.0,772000.0,722000.0,1103000.0,1612000.0,1470000.0,1680000.0,603000.0,930000.0,1368000.0,2509000.0,2164000.0,937000.0,732000.0,1332000.0,1410000.0,1283000.0,3316000.0,2635000.0,1906000.0,2361000.0,1235000.0,1376000.0,39.7045,0.036774,1425800.0,22.9906,0.022798,1350900.0,12.1327,0.012508,1339733.33,8.1559,0.008794,1383500.0,5.9234,0.006883,1493900.0,3.6571,0.004654
20261006,00989B,台新美國非投等債,4148000.0,4648000.0,5275000.0,3501000.0,3628000.0,6680000.0,1817000.0,694000.0,944000.0,1148000.0,3109000.0,1526000.0,2296000.0,3098000.0,5049000.0,4966000.0,3397000.0,5637000.0,6326000.0,7361000.0,3681000.0,3399000.0,3152000.0,4635000.0,3232000.0,4063000.0,3369000.0,4142000.0,3627000.0,1737000.0,4690333.33,29.4791,0.093067,4240000.0,19.566,0.057698,3248300.0,12.7698,0.031656,3170733.33,8.7214,0.022256,3762400.0,5.5124,0.01742,3676166.67,3.7612,0.011778
20261006,00990B,國泰收益非投等債,1560000.0,2302000.0,1739000.0,2125000.0,3521000.0,5105000.0,2097000.0,3032000.0,4231000.0,3595000.0,3323000.0,3029000.0,1532000.0,1732000.0,340000.0,2524000.0,583000.0,1166000.0,1744000.0,1476000.0,856000.0,828000.0,712000.0,803000.0,1191000.0,973000.0,915000.0,3017000.0,1299000.0,1056000.0,1867000.0,27.8522,0.035001,2249400.0,13.8704,0.021699,2930700.0,5.323,0.011905,2617533.33,3.9732,0.00837,2337800.0,3.3365,0.006552,1946866.67,2.671,0.00443
20261006,00998A,主動復華金融股息,4096000.0,12979000.0,15978000.0,8118000.0,2339000.0,5272000.0,8083000.0,17153000.0,3299000.0,11764000.0,6953000.0,11308000.0,10850000.0,12353000.0,4609000.0,7302000.0,5666000.0,8865000.0,4616000.0,7439000.0,4622000.0,6153000.0,4622000.0,4196000.0,1029000.0,5538000.0,1904000.0,2345000.0,2355000.0,2555000.0,11017666.67,12.3922,0.0919,8702000.0,9.4139,0.056975,8908100.0,4.5981,0.031259,9010266.67,3.0306,0.021977,8452100.0,2.4231,0.017202,6812033.33,2.0043,0.011631
20261006,020001,富邦存股雙十N,,,,,,,,,,1000.0,,,,,,,1000.0,,,,,,,,,3000.0,,,,,,,,,,,1000.0,,,1000.0,,,1000.0,,,1666.67,,
20261006,020025,統一亞洲半導體N,15000.0,224000.0,,134000.0,88000.0,247000.0,17000.0,20000.0,9000.0,30000.0,20000.0,28000.0,12000.0,2000.0,14000.0,11000.0,14000.0,18000.0,37000.0,96000.0,15000.0,13000.0,17000.0,45000.0,7000.0,60000.0,178000.0,46000.0,1000.0,65000.0,119500.0,6.2762,0.000337,115250.0,3.2538,0.000209,87111.11,1.9133,0.000114,61428.57,1.7442,8e-05,54526.32,1.4479,6.3e-05,51137.93,1.0115,4.3e-05
20261006,020033,統一恒生科期N,118000.0,16000.0,116000.0,1000.0,107000.0,90000.0,134000.0,49000.0,80000.0,61000.0,34000.0,8000.0,,50000.0,15000.0,55000.0,49000.0,12000.0,27000.0,36000.0,15000.0,34000.0,20000.0,32000.0,15000.0,30000.0,17000.0,,45000.0,98000.0,83333.33,47.2,0.002648,71600.0,32.9609,0.001641,77200.0,15.285,0.000901,62785.71,13.4243,0.000633,55684.21,11.1531,0.000496,48714.29,8.651,0.000335
20261006,020035,元大上櫃ESG高息N,1000.0,2000.0,2000.0,,,,,,,,,,,,,,,,,,,,,,,2000.0,8000.0,939000.0,1330000.0,246000.0,1666.67,20.0,2.2e-05,1666.67,20.0,1.4e-05,1666.67,20.0,8e-06,1666.67,20.0,5e-06,1666.67,20.0,4e-06,316250.0,0.0395,3e-06
20261006,020040,元大上櫃ESG龍頭N,,,3000.0,,,,,,6000.0,,1000.0,1000.0,,,,,,,,,,,,,,4000.0,,927000.0,884000.0,267000.0,3000.0,,,3000.0,,,4500.0,,,2750.0,,,2750.0,,,261625.0,,
20261006,020041,兆豐半導體氣候N,65000.0,127000.0,85000.0,182000.0,72000.0,72000.0,122000.0,114000.0,116000.0,32000.0,10000.0,,5000.0,4000.0,3000.0,24000.0,26000.0,37000.0,6000.0,29000.0,23000.0,8000.0,17000.0,10000.0,17000.0,56000.0,1000.0,124000.0,16000.0,14000.0,92333.33,23.4657,0.001458,106200.0,12.2411,0.000904,98700.0,6.5856,0.000496,72071.43,6.442,0.000349,59526.32,5.7471,0.000273,48862.07,4.5872,0.000185
20261006,1240,茂生農經,31000.0,61000.0,10000.0,16000.0,11000.0,29000.0,17000.0,9000.0,7000.0,,,4000.0,3000.0,3000.0,7000.0,5000.0,5000.0,2000.0,8000.0,5000.0,6000.0,60000.0,43000.0,48000.0,12000.0,11000.0,,5000.0,6000.0,6000.0,34000.0,30.3922,0.000696,25800.0,24.031,0.000431,21222.22,16.2304,0.000237,16000.0,14.9038,0.000166,12944.44,13.3047,0.00013,15925.93,7.2093,8.8e-05
20261006,1259,安心,10000.0,,3000.0,15000.0,19000.0,18000.0,39000.0,,21000.0,59000.0,90000.0,17000.0,,,18000.0,8000.0,16000.0,17000.0,23000.0,1000.0,19000.0,2000.0,1000.0,5000.0,14000.0,6000.0,10000.0,,10000.0,134000.0,6500.0,76.9231,0.000224,11750.0,21.2766,0.000139,23000.0,5.4348,7.6e-05,28090.91,3.2362,5.4e-05,23375.0,2.6738,4.2e-05,23000.0,1.7391,2.8e-05
20261006,1264,德麥,16000.0,15000.0,13000.0,8000.0,16000.0,5000.0,14000.0,21000.0,34000.0,9000.0,14000.0,11000.0,16000.0,58000.0,27000.0,21000.0,33000.0,8000.0,34000.0,21000.0,12000.0,6000.0,9000.0,21000.0,17000.0,11000.0,30000.0,49000.0,36000.0,24000.0,14666.67,36.3636,0.000359,13600.0,23.5294,0.000223,15100.0,10.596,0.000122,18466.67,5.7762,8.6e-05,19700.0,4.0609,6.7e-05,20300.0,2.6273,4.5e-05
20261006,1268,漢來美食,11000.0,9000.0,16000.0,75000.0,17000.0,25000.0,16000.0,31000.0,7000.0,29000.0,26000.0,20000.0,8000.0,16000.0,36000.0,24000.0,24000.0,15000.0,31000.0,155000.0,102000.0,88000.0,53000.0,31000.0,18000.0,15000.0,13000.0,10000.0,15000.0,13000.0,12000.0,30.5556,0.000247,25600.0,8.5938,0.000153,23600.0,4.661,8.4e-05,22800.0,3.2164,5.9e-05,29550.0,1.8613,4.6e-05,31633.33,1.1591,3.1e-05
20261006,1294,漢田生技,11000.0,32000.0,15000.0,18000.0,20000.0,24000.0,8000.0,17000.0,27000.0,13000.0,7000.0,8000.0,6000.0,8000.0,19000.0,32000.0,8000.0,21000.0,8000.0,23000.0,4000.0,20000.0,12000.0,10000.0,56000.0,16000.0,38000.0,28000.0,37000.0,4000.0,19333.33,18.9655,0.000247,19200.0,11.4583,0.000153,18500.0,5.9459,8.4e-05,15533.33,4.721,5.9e-05,16250.0,3.3846,4.6e-05,18333.33,2.0,3.1e-05
20261006,1295,生合,24000.0,53000.0,70000.0,19000.0,28000.0,29000.0,104000.0,29000.0,20000.0,28000.0,34000.0,12000.0,16000.0,4000.0,10000.0,31000.0,14000.0,25000.0,7000.0,18000.0,10000.0,23000.0,17000.0,21000.0,24000.0,24000.0,20000.0,58000.0,29000.0,43000.0,49000.0,16.3265,0.000538,38800.0,12.3711,0.000334,40400.0,5.9406,0.000183,32000.0,5.0,0.000129,28750.0,4.1739,0.000101,28133.33,2.8436,6.8e-05
20261006,1336,台翰,335000.0,270000.0,326000.0,848000.0,478000.0,90000.0,80000.0,114000.0,53000.0,309000.0,345000.0,358000.0,109000.0,194000.0,197000.0,1236000.0,151000.0,139000.0,94000.0,155000.0,128000.0,367000.0,217000.0,335000.0,379000.0,346000.0,413000.0,226000.0,278000.0,237000.0,310333.33,35.9828,0.007516,451400.0,14.8427,0.00466,290300.0,11.5398,0.002557,273733.33,8.1588,0.001797,294050.0,5.6963,0.001407,293566.67,3.8038,0.000951
20261006,1565,精華,95000.0,124000.0,136000.0,79000.0,59000.0,83000.0,97000.0,66000.0,42000.0,102000.0,236000.0,118000.0,119000.0,129000.0,76000.0,77000.0,53000.0,219000.0,93000.0,128000.0,81000.0,92000.0,164000.0,122000.0,97000.0,125000.0,442000.0,193000.0,71000.0,23000.0,118333.33,26.7606,0.002131,98600.0,19.2698,0.001321,88300.0,10.7588,0.000725,104066.67,6.0858,0.00051,106550.0,4.458,0.000399,118033.33,2.6829,0.00027
20261006,1569,濱川,7641000.0,7438000.0,7021000.0,3382000.0,4423000.0,4337000.0,7507000.0,4405000.0,14351000.0,8774000.0,5164000.0,1355000.0,718000.0,665000.0,923000.0,2860000.0,589000.0,813000.0,657000.0,2022000.0,575000.0,681000.0,644000.0,430000.0,430000.0,867000.0,216000.0,238000.0,483000.0,279000.0,7366666.67,34.5747,0.171438,5981000.0,25.5509,0.106285,6927900.0,11.0293,0.058313,5206933.33,9.7831,0.040997,4252250.0,8.9847,0.03209,2996266.67,8.5006,0.021697
20261006,1570,力肯,10000.0,12000.0,65000.0,11000.0,50000.0,87000.0,28000.0,50000.0,6000.0,30000.0,45000.0,34000.0,15000.0,17000.0,31000.0,44000.0,57000.0,38000.0,25000.0,50000.0,32000.0,38000.0,35000.0,37000.0,27000.0,12000.0,34000.0,39000.0,26000.0,12000.0,29000.0,11.4943,0.000224,29600.0,6.7568,0.000139,34900.0,2.8653,7.6e-05,32733.33,2.0367,5.4e-05,35250.0,1.4184,4.2e-05,33233.33,1.003,2.8e-05
20261006,1580,新麥,63000.0,98000.0,17000.0,24000.0,52000.0,22000.0,23000.0,10000.0,51000.0,59000.0,136000.0,118000.0,101000.0,215000.0,93000.0,58000.0,158000.0,254000.0,81000.0,281000.0,89000.0,23000.0,129000.0,200000.0,44000.0,75000.0,27000.0,48000.0,49000.0,41000.0,59333.33,35.3933,0.001414,50800.0,24.8031,0.000876,41900.0,15.0358,0.000481,72133.33,5.8226,0.000338,95700.0,3.2915,0.000265,87966.67,2.3873,0.000179
20261006,1584,精剛,298000.0,647000.0,255000.0,375000.0,1678000.0,494000.0,228000.0,334000.0,256000.0,229000.0,549000.0,359000.0,214000.0,250000.0,314000.0,187000.0,185000.0,251000.0,292000.0,296000.0,394000.0,288000.0,358000.0,371000.0,249000.0,533000.0,713000.0,411000.0,215000.0,245000.0,400000.0,24.8333,0.006686,650600.0,9.1608,0.004145,479400.0,6.2161,0.002274,432000.0,4.5988,0.001599,384550.0,3.8747,0.001252,382266.67,2.5985,0.000846
20261006,1586,和勤,263000.0,403000.0,237000.0,174000.0,1235000.0,204000.0,86000.0,152000.0,194000.0,175000.0,315000.0,207000.0,187000.0,328000.0,184000.0,137000.0,90000.0,213000.0,273000.0,221000.0,204000.0,146000.0,77000.0,86000.0,132000.0,120000.0,473000.0,510000.0,522000.0,313000.0,301000.0,29.1251,0.005901,462400.0,11.3754,0.003658,312300.0,8.4214,0.002007,289600.0,6.0543,0.001411,263900.0,4.9829,0.001105,262033.33,3.3456,0.000747
20261006,1591,駿吉-KY,191000.0,400000.0,120000.0,224000.0,387000.0,259000.0,172000.0,389000.0,258000.0,306000.0,554000.0,219000.0,261000.0,1209000.0,1074000.0,270000.0,197000.0,860000.0,888000.0,122000.0,125000.0,246000.0,212000.0,120000.0,239000.0,134000.0,168000.0,124000.0,394000.0,123000.0,237000.0,26.8636,0.004285,264400.0,14.4478,0.002657,270600.0,7.0584,0.001458,401533.33,3.1712,0.001025,418000.0,2.2847,0.000802,341500.0,1.8643,0.000542
20261006,1593,祺驊,13000.0,15000.0,16000.0,23000.0,10000.0,10000.0,25000.0,9000.0,23000.0,32000.0,28000.0,26000.0,5000.0,6000.0,11000.0,2000.0,9000.0,9000.0,14000.0,15000.0,12000.0,20000.0,7000.0,3000.0,7000.0,33000.0,21000.0,18000.0,6000.0,20000.0,14666.67,29.5455,0.000292,15400.0,16.8831,0.000181,17600.0,7.3864,9.9e-05,16800.0,5.1587,7e-05,15050.0,4.3189,5.5e-05,14933.33,2.9018,3.7e-05
20261006,1595,川寶,1111000.0,3553000.0,2199000.0,8981000.0,5766000.0,2073000.0,1621000.0,6312000.0,2789000.0,228000.0,247000.0,305000.0,99000.0,94000.0,98000.0,200000.0,141000.0,324000.0,494000.0,324000.0,609000.0,2042000.0,730000.0,360000.0,274000.0,174000.0,173000.0,226000.0,119000.0,87000.0,2287666.67,16.1883,0.024927,4322000.0,5.1411,0.015454,3463300.0,3.2079,0.008479,2365066.67,3.1317,0.005961,1847950.0,3.006,0.004666,1391766.67,2.6609,0.003155
20261006,1599,宏佳騰,17000.0,14000.0,24000.0,30000.0,13000.0,4000.0,5000.0,6000.0,18000.0,16000.0,10000.0,8000.0,23000.0,18000.0,38000.0,54000.0,8000.0,14000.0,9000.0,25000.0,25000.0,13000.0,8000.0,12000.0,37000.0,25000.0,27000.0,17000.0,11000.0,21000.0,18333.33,30.9091,0.000381,19600.0,17.3469,0.000236,14700.0,11.5646,0.00013,16266.67,6.9672,9.1e-05,17700.0,4.8023,7.1e-05,18333.33,3.0909,4.8e-05
20261006,1742,台蠟,73000.0,42000.0,73000.0,52000.0,68000.0,15000.0,55000.0,64000.0,144000.0,116000.0,46000.0,13000.0,20000.0,19000.0,49000.0,40000.0,29000.0,13000.0,17000.0,117000.0,58000.0,103000.0,74000.0,111000.0,62000.0,144000.0,62000.0,107000.0,27000.0,99000.0,62666.67,38.8298,0.001638,61600.0,23.7013,0.001015,70200.0,10.3989,0.000557,56600.0,8.5984,0.000392,53250.0,6.8545,0.000307,63733.33,3.818,0.000207
20261006,1777,生泰,102000.0,14000.0,46000.0,23000.0,4000.0,12000.0,12000.0,67000.0,52000.0,17000.0,38000.0,14000.0,44000.0,14000.0,106000.0,97000.0,56000.0,54000.0,59000.0,66000.0,120000.0,39000.0,64000.0,33000.0,56000.0,26000.0,43000.0,7000.0,38000.0,32000.0,54000.0,62.963,0.002289,37800.0,53.9683,0.001419,34900.0,29.2264,0.000778,37666.67,18.0531,0.000547,44850.0,11.3712,0.000428,45166.67,7.5277,0.00029
20261006,1780,立弘,68000.0,50000.0,137000.0,189000.0,127000.0,81000.0,99000.0,95000.0,131000.0,73000.0,53000.0,148000.0,58000.0,16000.0,21000.0,54000.0,100000.0,107000.0,80000.0,92000.0,78000.0,6000.0,35000.0,192000.0,42000.0,218000.0,108000.0,86000.0,95000.0,108000.0,85000.0,26.6667,0.001526,114200.0,11.9089,0.000946,105000.0,6.4762,0.000519,89733.33,5.052,0.000365,88950.0,3.8224,0.000286,91566.67,2.4754,0.000193
20261006,1781,合世,16000.0,35000.0,24000.0,30000.0,21000.0,18000.0,9000.0,3000.0,15000.0,16000.0,22000.0,12000.0,3000.0,6000.0,6000.0,1000.0,14000.0,17000.0,8000.0,22000.0,17000.0,13000.0,11000.0,27000.0,49000.0,43000.0,18000.0,10000.0,12000.0,14000.0,25000.0,21.3333,0.000359,25200.0,12.6984,0.000223,18700.0,8.5561,0.000122,15733.33,6.7797,8.6e-05,14900.0,5.3691,6.7e-05,17066.67,3.125,4.5e-05
20261006,1784,訊聯,33000.0,82000.0,18000.0,44000.0,76000.0,49000.0,63000.0,194000.0,147000.0,44000.0,61000.0,40000.0,58000.0,5000.0,35000.0,38000.0,55000.0,41000.0,44000.0,66000.0,61000.0,76000.0,55000.0,150000.0,50000.0,58000.0,68000.0,112000.0,36000.0,29000.0,44333.33,24.812,0.00074,50600.0,13.0435,0.000459,75000.0,4.4,0.000252,63266.67,3.4773,0.000177,59650.0,2.7661,0.000139,62933.33,1.7479,9.4e-05
20261006,1785,光洋科,43308000.0,5913000.0,7378000.0,5859000.0,8930000.0,4789000.0,2572000.0,4398000.0,3328000.0,4382000.0,4019000.0,6719000.0,2101000.0,2252000.0,3259000.0,4057000.0,6425000.0,1930000.0,2669000.0,2740000.0,2869000.0,4677000.0,3283000.0,2774000.0,4138000.0,3003000.0,3419000.0,3064000.0,2610000.0,2849000.0,18866333.33,76.5173,0.971683,14277600.0,60.6657,0.60241,9085700.0,47.6661,0.330509,7280466.67,39.6568,0.232366,6351400.0,34.0933,0.18188,5323800.0,27.116,0.122973
20261006,1788,杏昌,31000.0,12000.0,12000.0,12000.0,4000.0,13000.0,11000.0,17000.0,11000.0,13000.0,16000.0,10000.0,18000.0,6000.0,17000.0,14000.0,14000.0,11000.0,24000.0,18000.0,6000.0,7000.0,12000.0,27000.0,8000.0,18000.0,57000.0,11000.0,39000.0,7000.0,18333.33,56.3636,0.000696,14200.0,43.662,0.000431,13600.0,22.7941,0.000237,13533.33,15.2709,0.000166,14200.0,10.9155,0.00013,15866.67,6.5126,8.8e-05
20261006,1796,金穎生技,6000.0,4000.0,9000.0,61000.0,6000.0,9000.0,4000.0,7000.0,10000.0,8000.0,11000.0,4000.0,5000.0,4000.0,3000.0,12000.0,3000.0,4000.0,1000.0,8000.0,10000.0,2000.0,7000.0,3000.0,4000.0,10000.0,45000.0,71000.0,26000.0,36000.0,6333.33,31.5789,0.000135,17200.0,6.9767,8.3e-05,12400.0,4.8387,4.6e-05,10066.67,3.9735,3.2e-05,8950.0,3.352,2.5e-05,13100.0,1.5267,1.7e-05
20261006,1799,易威,253000.0,195000.0,79000.0,73000.0,110000.0,165000.0,52000.0,30000.0,53000.0,101000.0,113000.0,104000.0,104000.0,62000.0,68000.0,117000.0,84000.0,86000.0,191000.0,66000.0,73000.0,168000.0,50000.0,163000.0,126000.0,145000.0,64000.0,136000.0,69000.0,57000.0,175666.67,48.0076,0.005676,142000.0,35.6338,0.003519,111100.0,22.7723,0.001931,104133.33,16.1972,0.001357,105300.0,12.0133,0.001063,105233.33,8.0139,0.000718
20261006,1813,寶利徠,1000.0,3000.0,6000.0,5000.0,5000.0,5000.0,5000.0,4000.0,37000.0,14000.0,6000.0,29000.0,5000.0,6000.0,21000.0,34000.0,52000.0,8000.0,6000.0,15000.0,2000.0,6000.0,9000.0,8000.0,3000.0,8000.0,22000.0,27000.0,35000.0,12000.0,3333.33,10.0,2.2e-05,4000.0,5.0,1.4e-05,8500.0,1.1765,8e-06,10133.33,0.6579,5e-06,13350.0,0.3745,4e-06,13300.0,0.2506,3e-06
20261006,1815,富喬,74142000.0,72517000.0,42669000.0,31288000.0,16338000.0,16818000.0,28287000.0,32320000.0,69858000.0,66057000.0,95458000.0,52764000.0,43016000.0,45520000.0,52185000.0,44139000.0,43268000.0,68959000.0,114345000.0,70385000.0,50020000.0,120272000.0,121340000.0,68487000.0,79965000.0,127211000.0,75561000.0,105377000.0,66929000.0,119804000.0,63109333.33,39.1606,1.663492,47390800.0,31.2896,1.031307,45029400.0,16.4652,0.565821,49282466.67,10.0295,0.397804,54016650.0,6.8629,0.311374,67176633.33,3.679,0.210527
20261006,2035,唐榮,,,3000.0,1000.0,2000.0,,1000.0,17000.0,2000.0,22000.0,1000.0,15000.0,1000.0,15000.0,,18000.0,11000.0,,1000.0,1000.0,1000.0,2000.0,,7000.0,1000.0,1000.0,,,,15000.0,3000.0,,,2000.0,,,6857.14,,,7272.73,,,7400.0,,,6571.43,,
20261006,2061,風青,2695000.0,5388000.0,5226000.0,3244000.0,4798000.0,1905000.0,1618000.0,1591000.0,2029000.0,1955000.0,1967000.0,2753000.0,2191000.0,490000.0,788000.0,988000.0,955000.0,1770000.0,4062000.0,1903000.0,2142000.0,2539000.0,2068000.0,4469000.0,1669000.0,2736000.0,879000.0,1828000.0,1126000.0,1691000.0,4436333.33,20.2495,0.060467,4270200.0,12.6224,0.037487,3044900.0,8.8509,0.020567,2575866.67,6.975,0.01446,2415800.0,5.5779,0.011318,2315433.33,3.8798,0.007652
20261006,2063,世鎧,33000.0,47000.0,72000.0,13000.0,35000.0,56000.0,24000.0,12000.0,26000.0,17000.0,31000.0,19000.0,14000.0,26000.0,4000.0,24000.0,12000.0,25000.0,17000.0,7000.0,109000.0,15000.0,32000.0,18000.0,28000.0,52000.0,10000.0,52000.0,36000.0,27000.0,50666.67,21.7105,0.00074,40000.0,16.5,0.000459,33500.0,9.8507,0.000252,28600.0,7.6923,0.000177,25700.0,6.4202,0.000139,29766.67,3.6954,9.4e-05
20261006,2064,晉椿,6000.0,357000.0,2000.0,350000.0,,300000.0,,10000.0,3000.0,5000.0,2000.0,349000.0,314000.0,308000.0,1000.0,,4000.0,,330000.0,275000.0,280000.0,,3000.0,298000.0,,314000.0,310000.0,1000.0,291000.0,1000.0,121666.67,1.6438,0.000135,178750.0,0.8392,8.3e-05,129125.0,0.5808,4.6e-05,154384.62,0.299,3.2e-05,163500.0,0.2294,2.5e-05,171416.67,0.1458,1.7e-05
20261006,2065,世豐,49000.0,65000.0,53000.0,36000.0,48000.0,33000.0,51000.0,50000.0,86000.0,48000.0,66000.0,53000.0,45000.0,28000.0,17000.0,147000.0,36000.0,54000.0,61000.0,47000.0,36000.0,37000.0,58000.0,24000.0,34000.0,42000.0,30000.0,72000.0,21000.0,27000.0,55666.67,29.3413,0.001099,50200.0,19.5219,0.000682,51900.0,9.4412,0.000374,48533.33,6.7308,0.000263,53650.0,4.5666,0.000206,48466.67,3.37,0.000139
20261006,2066,世德,54000.0,33000.0,7000.0,23000.0,15000.0,17000.0,15000.0,58000.0,25000.0,13000.0,73000.0,31000.0,26000.0,8000.0,44000.0,36000.0,15000.0,15000.0,13000.0,5000.0,24000.0,33000.0,17000.0,53000.0,25000.0,16000.0,19000.0,63000.0,253000.0,109000.0,31333.33,57.4468,0.001212,26400.0,40.9091,0.000751,26000.0,20.7692,0.000412,29466.67,12.2172,0.00029,26300.0,10.2662,0.000227,37933.33,4.7452,0.000153
20261006,2067,嘉鋼,48000.0,44000.0,109000.0,108000.0,50000.0,10000.0,35000.0,9000.0,14000.0,8000.0,7000.0,49000.0,33000.0,1000.0,15000.0,7000.0,10000.0,31000.0,11000.0,2000.0,14000.0,35000.0,34000.0,22000.0,5000.0,4000.0,10000.0,35000.0,54000.0,86000.0,67000.0,23.8806,0.001077,71800.0,13.3705,0.000668,43500.0,11.0345,0.000366,36000.0,8.8889,0.000258,30050.0,7.9867,0.000202,30000.0,5.3333,0.000136
20261006,2070,精湛,60000.0,89000.0,50000.0,99000.0,69000.0,89000.0,27000.0,70000.0,140000.0,80000.0,76000.0,70000.0,18000.0,39000.0,28000.0,93000.0,73000.0,91000.0,106000.0,114000.0,675000.0,158000.0,174000.0,312000.0,343000.0,303000.0,323000.0,218000.0,325000.0,360000.0,66333.33,30.1508,0.001346,73400.0,16.3488,0.000835,77300.0,7.762,0.000458,66933.33,5.9761,0.000322,74050.0,4.0513,0.000252,155733.33,1.2842,0.00017
20261006,2073,雄順,,2000.0,2000.0,2000.0,3000.0,1000.0,,3000.0,2000.0,5000.0,,,2000.0,1000.0,2000.0,3000.0,6000.0,5000.0,1000.0,3000.0,3000.0,2000.0,,,1000.0,,,1000.0,,4000.0,2000.0,,,2250.0,,,2500.0,,,2272.73,,,2687.5,,,2571.43,,
20261006,2221,大甲,611000.0,726000.0,985000.0,2216000.0,2795000.0,1993000.0,1597000.0,19970000.0,1697000.0,2924000.0,13517000.0,8366000.0,8981000.0,7201000.0,5239000.0,10136000.0,6394000.0,2759000.0,5753000.0,4198000.0,12640000.0,4812000.0,3198000.0,1540000.0,2576000.0,3107000.0,1938000.0,2012000.0,1174000.0,480000.0,774000.0,26.3135,0.013709,1466600.0,8.3322,0.008499,3551400.0,1.7204,0.004663,5254533.33,0.7752,0.003278,5402900.0,0.5654,0.002566,4717833.33,0.4317,0.001735
20261006,2230,泰茂,135000.0,127000.0,184000.0,144000.0,65000.0,94000.0,143000.0,280000.0,126000.0,463000.0,219000.0,89000.0,47000.0,56000.0,30000.0,76000.0,28000.0,46000.0,41000.0,48000.0,41000.0,58000.0,76000.0,127000.0,110000.0,120000.0,66000.0,60000.0,124000.0,103000.0,148666.67,30.2691,0.003029,131000.0,20.6107,0.001878,176100.0,7.6661,0.00103,146800.0,6.1308,0.000724,122050.0,5.5305,0.000567,110866.67,4.0589,0.000383
20261006,2235,謚源,8000.0,6000.0,5000.0,,2000.0,,1000.0,,7000.0,1000.0,,8000.0,5000.0,4000.0,9000.0,2000.0,,75000.0,39000.0,1000.0,2000.0,4000.0,1000.0,8000.0,,5000.0,4000.0,2000.0,5000.0,2000.0,6333.33,42.1053,0.000179,5250.0,38.0952,0.000111,4285.71,26.6667,6.1e-05,5090.91,14.2857,4.3e-05,11533.33,4.6243,3.4e-05,8583.33,3.8835,2.3e-05
20261006,2596,綠意,88000.0,73000.0,32000.0,23000.0,66000.0,11000.0,111000.0,63000.0,82000.0,33000.0,46000.0,165000.0,148000.0,147000.0,333000.0,250000.0,47000.0,298000.0,170000.0,211000.0,60000.0,122000.0,109000.0,94000.0,49000.0,49000.0,150000.0,130000.0,108000.0,64000.0,64333.33,45.5959,0.001974,56400.0,31.2057,0.001224,58200.0,15.1203,0.000672,94733.33,6.1928,0.000472,119850.0,3.6713,0.00037,111066.67,2.6411,0.00025
20261006,2640,大車隊,21000.0,56000.0,8000.0,16000.0,13000.0,23000.0,30000.0,38000.0,107000.0,81000.0,83000.0,191000.0,40000.0,46000.0,13000.0,13000.0,16000.0,8000.0,10000.0,23000.0,9000.0,15000.0,33000.0,56000.0,33000.0,13000.0,20000.0,32000.0,27000.0,21000.0,28333.33,24.7059,0.000471,22800.0,18.4211,0.000292,39300.0,5.3435,0.00016,51066.67,2.7415,0.000113,41800.0,2.512,8.8e-05,36500.0,1.9178,6e-05
20261006,2641,正德,1101000.0,1604000.0,802000.0,567000.0,1148000.0,1020000.0,616000.0,986000.0,875000.0,1206000.0,1322000.0,961000.0,802000.0,929000.0,1091000.0,1726000.0,2302000.0,1701000.0,992000.0,1273000.0,2192000.0,3965000.0,1122000.0,1472000.0,2324000.0,2046000.0,1872000.0,6470000.0,12620000.0,13882000.0,1169000.0,31.3944,0.024703,1044400.0,21.0839,0.015315,992500.0,11.0932,0.008402,1002000.0,7.3253,0.005907,1151200.0,4.782,0.004624,2366300.0,1.5509,0.003126
20261006,2643,捷迅,9000.0,10000.0,9000.0,10000.0,7000.0,3000.0,13000.0,1000.0,8000.0,11000.0,3000.0,8000.0,4000.0,3000.0,3000.0,12000.0,32000.0,19000.0,19000.0,9000.0,15000.0,2000.0,7000.0,7000.0,8000.0,8000.0,14000.0,4000.0,11000.0,40000.0,9333.33,32.1429,0.000202,9000.0,20.0,0.000125,8100.0,11.1111,6.9e-05,6800.0,8.8235,4.8e-05,9650.0,4.6632,3.8e-05,10300.0,2.9126,2.6e-05
20261006,2718,全心投控,26000.0,6000.0,5000.0,19000.0,24000.0,3000.0,12000.0,20000.0,23000.0,24000.0,14000.0,11000.0,14000.0,25000.0,28000.0,23000.0,19000.0,25000.0,4000.0,13000.0,36000.0,26000.0,10000.0,24000.0,37000.0,122000.0,176000.0,179000.0,107000.0,34000.0,12333.33,70.2703,0.000583,16000.0,32.5,0.000362,16200.0,16.0494,0.000198,16933.33,10.2362,0.00014,16900.0,7.6923,0.000109,36300.0,2.3875,7.4e-05
20261006,2719,燦星旅,7000.0,5000.0,4000.0,12000.0,1000.0,4000.0,3000.0,6000.0,2000.0,9000.0,14000.0,4000.0,2000.0,,7000.0,42000.0,10000.0,22000.0,41000.0,8000.0,8000.0,18000.0,5000.0,3000.0,5000.0,5000.0,8000.0,16000.0,32000.0,57000.0,5333.33,43.75,0.000157,5800.0,24.1379,9.7e-05,5300.0,13.2075,5.3e-05,5714.29,8.75,3.8e-05,10684.21,3.4483,2.9e-05,12413.79,1.9444,2e-05
20261006,2724,藝舍-KY,,1000.0,3000.0,1000.0,,,2000.0,4000.0,2000.0,3000.0,41000.0,4000.0,9000.0,8000.0,1000.0,,,,1000.0,2000.0,,11000.0,12000.0,5000.0,1000.0,2000.0,2000.0,7000.0,53000.0,159000.0,2000.0,,,1666.67,,,2285.71,,,6583.33,,,5857.14,,,14521.74,,
20261006,2726,雅茗-KY,2000.0,23000.0,54000.0,7000.0,17000.0,14000.0,16000.0,51000.0,28000.0,21000.0,16000.0,21000.0,2000.0,24000.0,10000.0,26000.0,18000.0,7000.0,49000.0,95000.0,47000.0,8000.0,26000.0,31000.0,181000.0,54000.0,46000.0,60000.0,27000.0,62000.0,26333.33,2.5316,4.5e-05,20600.0,1.9417,2.8e-05,23300.0,0.8584,1.5e-05,20400.0,0.6536,1.1e-05,25050.0,0.3992,8e-06,34766.67,0.1918,6e-06
20261006,2729,瓦城,7000.0,17000.0,6000.0,6000.0,14000.0,2000.0,14000.0,14000.0,38000.0,71000.0,63000.0,36000.0,68000.0,33000.0,7000.0,17000.0,6000.0,10000.0,11000.0,6000.0,11000.0,9000.0,15000.0,9000.0,15000.0,8000.0,13000.0,30000.0,85000.0,26000.0,10000.0,23.3333,0.000157,10000.0,14.0,9.7e-05,18900.0,3.7037,5.3e-05,26400.0,1.7677,3.8e-05,22300.0,1.5695,2.9e-05,22233.33,1.0495,2e-05
20261006,2732,六角,23000.0,18000.0,28000.0,43000.0,20000.0,8000.0,26000.0,95000.0,17000.0,13000.0,13000.0,12000.0,10000.0,27000.0,42000.0,28000.0,6000.0,17000.0,30000.0,7000.0,17000.0,24000.0,71000.0,25000.0,17000.0,10000.0,15000.0,36000.0,21000.0,10000.0,23000.0,33.3333,0.000516,26400.0,17.4242,0.00032,29100.0,7.9038,0.000176,26333.33,5.8228,0.000123,24150.0,4.7619,9.7e-05,24300.0,3.155,6.5e-05
20261006,2734,易飛網,25000.0,69000.0,30000.0,45000.0,26000.0,38000.0,26000.0,36000.0,51000.0,45000.0,31000.0,25000.0,42000.0,15000.0,42000.0,22000.0,27000.0,42000.0,85000.0,26000.0,9000.0,20000.0,27000.0,10000.0,96000.0,11000.0,54000.0,36000.0,153000.0,64000.0,41333.33,20.1613,0.000561,39000.0,12.8205,0.000348,39100.0,6.3939,0.000191,36400.0,4.5788,0.000134,37400.0,3.3422,0.000105,40933.33,2.0358,7.1e-05
20261006,2736,富野,37000.0,8000.0,78000.0,17000.0,27000.0,16000.0,20000.0,68000.0,22000.0,45000.0,23000.0,29000.0,25000.0,16000.0,29000.0,35000.0,42000.0,47000.0,12000.0,26000.0,28000.0,63000.0,87000.0,105000.0,54000.0,73000.0,43000.0,97000.0,317000.0,406000.0,41000.0,30.0813,0.00083,33400.0,22.1557,0.000515,33800.0,10.9467,0.000282,30666.67,8.0435,0.000199,31100.0,5.9486,0.000155,63166.67,1.9525,0.000105
20261006,2740,華軒,1000.0,4000.0,7000.0,8000.0,12000.0,3000.0,2000.0,1000.0,1000.0,1000.0,1000.0,1000.0,1000.0,1000.0,5000.0,2000.0,2000.0,2000.0,6000.0,6000.0,6000.0,2000.0,1000.0,1000.0,2000.0,2000.0,1000.0,1000.0,1000.0,2000.0,4000.0,8.3333,2.2e-05,6400.0,3.125,1.4e-05,4000.0,2.5,8e-06,3266.67,2.0408,5e-06,3350.0,1.4925,4e-06,2866.67,1.1628,3e-06
20261006,2743,山富,133000.0,105000.0,31000.0,21000.0,17000.0,21000.0,12000.0,31000.0,21000.0,43000.0,93000.0,46000.0,26000.0,38000.0,47000.0,52000.0,69000.0,111000.0,163000.0,145000.0,32000.0,59000.0,45000.0,59000.0,33000.0,120000.0,64000.0,104000.0,156000.0,104000.0,89666.67,49.4424,0.002984,61400.0,43.3225,0.00185,43500.0,30.5747,0.001015,45666.67,19.4161,0.000714,61250.0,10.8571,0.000559,66700.0,6.6467,0.000378
20261006,2745,五福,50000.0,38000.0,18000.0,19000.0,26000.0,37000.0,97000.0,87000.0,84000.0,49000.0,40000.0,55000.0,63000.0,65000.0,79000.0,99000.0,68000.0,34000.0,38000.0,38000.0,62000.0,51000.0,26000.0,65000.0,39000.0,97000.0,35000.0,49000.0,70000.0,184000.0,35333.33,47.1698,0.001122,30200.0,33.1126,0.000695,50500.0,9.901,0.000382,53800.0,6.1958,0.000268,54200.0,4.6125,0.00021,58733.33,2.8377,0.000142
20261006,2751,王座,13000.0,7000.0,,5000.0,14000.0,4000.0,2000.0,4000.0,4000.0,2000.0,,1000.0,1000.0,4000.0,4000.0,7000.0,9000.0,28000.0,6000.0,1000.0,2000.0,6000.0,10000.0,8000.0,22000.0,22000.0,,13000.0,12000.0,2000.0,10000.0,65.0,0.000292,9750.0,33.3333,0.000181,6111.11,23.6364,9.9e-05,5000.0,20.0,7e-05,6444.44,11.2069,5.5e-05,7888.89,6.1033,3.7e-05
20261006,2752,豆府,6000.0,19000.0,2000.0,17000.0,10000.0,12000.0,1000.0,13000.0,7000.0,3000.0,19000.0,2000.0,1000.0,13000.0,7000.0,10000.0,4000.0,,26000.0,20000.0,3000.0,10000.0,7000.0,9000.0,6000.0,1000.0,4000.0,2000.0,2000.0,4000.0,9000.0,22.2222,0.000135,10800.0,11.1111,8.3e-05,9000.0,6.6667,4.6e-05,8800.0,4.5455,3.2e-05,10105.26,3.125,2.5e-05,8275.86,2.5,1.7e-05
20261006,2754,亞洲藏壽司,25000.0,56000.0,49000.0,8000.0,18000.0,12000.0,28000.0,21000.0,38000.0,30000.0,23000.0,20000.0,2000.0,6000.0,41000.0,21000.0,54000.0,1000.0,9000.0,31000.0,6000.0,17000.0,2000.0,11000.0,14000.0,41000.0,9000.0,25000.0,9000.0,28000.0,43333.33,19.2308,0.000561,31200.0,16.0256,0.000348,28500.0,8.7719,0.000191,25133.33,6.6313,0.000134,24650.0,5.071,0.000105,21833.33,3.8168,7.1e-05
20261006,2755,揚秦,67000.0,41000.0,29000.0,22000.0,24000.0,21000.0,10000.0,11000.0,16000.0,15000.0,10000.0,28000.0,43000.0,24000.0,13000.0,28000.0,40000.0,48000.0,48000.0,43000.0,97000.0,4000.0,5000.0,22000.0,14000.0,19000.0,18000.0,12000.0,24000.0,23000.0,45666.67,48.9051,0.001503,36600.0,36.612,0.000932,25600.0,26.1719,0.000511,24933.33,17.9144,0.000359,29050.0,11.5318,0.000281,27300.0,8.1807,0.00019
20261006,2756,聯發國際,19000.0,4000.0,16000.0,10000.0,1000.0,8000.0,25000.0,25000.0,8000.0,7000.0,24000.0,5000.0,52000.0,37000.0,80000.0,58000.0,2000.0,38000.0,25000.0,45000.0,19000.0,9000.0,20000.0,12000.0,9000.0,10000.0,26000.0,15000.0,8000.0,16000.0,13000.0,48.7179,0.000426,10000.0,38.0,0.000264,12300.0,15.4472,0.000145,21400.0,5.919,0.000102,24450.0,3.8855,8e-05,21100.0,3.0016,5.4e-05
20261006,2916,滿心,32000.0,42000.0,17000.0,12000.0,10000.0,7000.0,20000.0,39000.0,18000.0,27000.0,11000.0,12000.0,6000.0,30000.0,62000.0,31000.0,14000.0,22000.0,49000.0,28000.0,39000.0,34000.0,27000.0,23000.0,44000.0,25000.0,32000.0,13000.0,23000.0,4000.0,30333.33,35.1648,0.000718,22600.0,28.3186,0.000445,22400.0,14.2857,0.000244,23000.0,9.2754,0.000172,24450.0,6.544,0.000134,25100.0,4.2497,9.1e-05
20261006,2924,宏太-KY,32000.0,3000.0,9000.0,1000.0,19000.0,8000.0,1000.0,1000.0,8000.0,1000.0,1000.0,3000.0,28000.0,22000.0,1000.0,1000.0,8000.0,8000.0,7000.0,12000.0,11000.0,11000.0,1000.0,7000.0,13000.0,12000.0,10000.0,19000.0,14000.0,1000.0,14666.67,72.7273,0.000718,12800.0,50.0,0.000445,8300.0,38.5542,0.000244,9200.0,23.1884,0.000172,8700.0,18.3908,0.000134,9100.0,11.7216,9.1e-05
20261006,2926,誠品生活,3000.0,8000.0,9000.0,3000.0,12000.0,18000.0,,2000.0,8000.0,,21000.0,2000.0,2000.0,6000.0,2000.0,2000.0,7000.0,3000.0,5000.0,22000.0,5000.0,5000.0,4000.0,5000.0,8000.0,15000.0,17000.0,30000.0,12000.0,10000.0,6666.67,15.0,6.7e-05,7000.0,8.5714,4.2e-05,7875.0,4.7619,2.3e-05,7384.62,3.125,1.6e-05,7500.0,2.2222,1.3e-05,8785.71,1.2195,9e-06
20261006,2937,集雅社,4000.0,,5000.0,,1000.0,5000.0,,,2000.0,2000.0,2000.0,5000.0,3000.0,5000.0,7000.0,4000.0,8000.0,4000.0,18000.0,2000.0,2000.0,1000.0,4000.0,4000.0,28000.0,52000.0,10000.0,2000.0,5000.0,5000.0,4500.0,44.4444,9e-05,3333.33,40.0,5.6e-05,3166.67,21.0526,3.1e-05,3727.27,9.7561,2.1e-05,4812.5,5.1948,1.7e-05,7307.69,2.1053,1.1e-05
20261006,2938,床的世界,51000.0,76000.0,72000.0,42000.0,31000.0,26000.0,93000.0,223000.0,40000.0,300000.0,127000.0,361000.0,656000.0,,,,,,,,,,,,,,,,,,66333.33,25.6281,0.001144,54400.0,18.75,0.000709,95400.0,5.3459,0.000389,161384.62,2.4309,0.000274,161384.62,2.4309,0.000214,161384.62,2.4309,0.000145
20261006,2941,米斯特,,1000.0,2000.0,6000.0,4000.0,1000.0,1000.0,1000.0,2000.0,1000.0,6000.0,5000.0,8000.0,,4000.0,1000.0,7000.0,3000.0,2000.0,6000.0,8000.0,,,2000.0,,1000.0,1000.0,1000.0,,1000.0,1500.0,,,3250.0,,,2111.11,,,3230.77,,,3388.89,,,3125.0,,
20261006,2947,振宇五金,22000.0,23000.0,15000.0,9000.0,8000.0,,,3000.0,,9000.0,2000.0,6000.0,3000.0,17000.0,10000.0,51000.0,2000.0,18000.0,7000.0,4000.0,7000.0,25000.0,62000.0,11000.0,8000.0,12000.0,4000.0,11000.0,5000.0,13000.0,20000.0,36.6667,0.000494,15400.0,28.5714,0.000306,12714.29,24.7191,0.000168,10583.33,17.3228,0.000118,12294.12,10.5263,9.2e-05,13592.59,5.9946,6.2e-05
20261006,2948,寶陞,,4000.0,4000.0,6000.0,1000.0,6000.0,3000.0,13000.0,13000.0,1000.0,3000.0,1000.0,,3000.0,2000.0,5000.0,1000.0,3000.0,,3000.0,6000.0,3000.0,1000.0,9000.0,4000.0,2000.0,2000.0,1000.0,,6000.0,4000.0,,,3750.0,,,5666.67,,,4615.38,,,4235.29,,,4076.92,,
20261006,2949,欣新網,,1000.0,1000.0,,12000.0,,5000.0,,,,,,6000.0,3000.0,,,,,3000.0,,,,,1000.0,1000.0,,,,6000.0,3000.0,1000.0,,,4666.67,,,4750.0,,,4666.67,,,4428.57,,,3818.18,,
20261006,3064,泰偉,3000.0,17000.0,3000.0,2000.0,,,,,,2000.0,,,,,,3000.0,,,1000.0,,,,,,,,,3000.0,,,7666.67,13.0435,6.7e-05,6250.0,12.0,4.2e-05,5400.0,11.1111,2.3e-05,5400.0,11.1111,1.6e-05,4428.57,9.6774,1.3e-05,4250.0,8.8235,9e-06
20261006,3066,李洲,876000.0,1530000.0,978000.0,1576000.0,2394000.0,2761000.0,2118000.0,1457000.0,1505000.0,3277000.0,7953000.0,5345000.0,2071000.0,1017000.0,305000.0,378000.0,394000.0,763000.0,565000.0,673000.0,1074000.0,1813000.0,2077000.0,1280000.0,4594000.0,2900000.0,902000.0,1124000.0,559000.0,340000.0,1128000.0,25.8865,0.019654,1470800.0,11.9119,0.012185,1847200.0,4.7423,0.006685,2344200.0,2.4913,0.0047,1896800.0,2.3092,0.003679,1819966.67,1.6044,0.002487
20261006,3067,全域,,,,,,1000.0,,1000.0,14000.0,,3000.0,,1000.0,,,1000.0,,2000.0,5000.0,23000.0,,1000.0,,,1000.0,1000.0,,1000.0,7000.0,9000.0,,,,,,,5333.33,,,4000.0,,,5666.67,,,4733.33,,
20261006,3071,協禧,142000.0,185000.0,178000.0,143000.0,125000.0,105000.0,164000.0,96000.0,265000.0,125000.0,118000.0,83000.0,50000.0,128000.0,61000.0,206000.0,403000.0,110000.0,169000.0,195000.0,638000.0,176000.0,122000.0,203000.0,72000.0,130000.0,132000.0,145000.0,128000.0,87000.0,168333.33,28.1188,0.003186,154600.0,18.37,0.001975,152800.0,9.2932,0.001084,131200.0,7.2154,0.000762,152550.0,4.6542,0.000596,162800.0,2.9075,0.000403
20261006,3073,天方能源,12000.0,19000.0,18000.0,8000.0,9000.0,13000.0,7000.0,30000.0,47000.0,83000.0,52000.0,8000.0,14000.0,15000.0,24000.0,34000.0,45000.0,3000.0,53000.0,48000.0,57000.0,40000.0,73000.0,39000.0,6000.0,29000.0,43000.0,39000.0,51000.0,21000.0,16333.33,24.4898,0.000269,13200.0,18.1818,0.000167,24600.0,4.878,9.2e-05,23933.33,3.3426,6.4e-05,27100.0,2.214,5e-05,31333.33,1.2766,3.4e-05
20261006,3078,僑威,218000.0,474000.0,388000.0,396000.0,351000.0,281000.0,252000.0,482000.0,616000.0,997000.0,801000.0,486000.0,1075000.0,339000.0,357000.0,639000.0,944000.0,577000.0,654000.0,960000.0,1131000.0,1365000.0,777000.0,888000.0,2595000.0,1019000.0,924000.0,587000.0,811000.0,704000.0,360000.0,20.1852,0.004891,365400.0,11.9321,0.003032,445500.0,4.8934,0.001664,500866.67,2.9016,0.00117,564350.0,1.9314,0.000916,736266.67,0.987,0.000619
20261006,3081,聯亞,2260000.0,6757000.0,4284000.0,1747000.0,1329000.0,1139000.0,1798000.0,4144000.0,2200000.0,2610000.0,3166000.0,4058000.0,5534000.0,2210000.0,2614000.0,2482000.0,2921000.0,4728000.0,3764000.0,3448000.0,5284000.0,3924000.0,3191000.0,2459000.0,3971000.0,3066000.0,6294000.0,6821000.0,3133000.0,4752000.0,4433666.67,16.9912,0.050707,3275400.0,13.7998,0.031436,2826800.0,7.9949,0.017247,3056666.67,4.9291,0.012126,3159650.0,3.5763,0.009491,3536266.67,2.1303,0.006417
20261006,3083,網龍,54000.0,29000.0,77000.0,271000.0,59000.0,47000.0,44000.0,18000.0,90000.0,34000.0,55000.0,40000.0,30000.0,120000.0,87000.0,51000.0,16000.0,23000.0,47000.0,51000.0,91000.0,19000.0,30000.0,30000.0,50000.0,12000.0,19000.0,29000.0,50000.0,25000.0,53333.33,33.75,0.001212,98000.0,11.0204,0.000751,72300.0,7.4689,0.000412,70333.33,5.1185,0.00029,62150.0,4.3443,0.000227,53266.67,3.3792,0.000153
20261006,3085,新零售,,,,,4000.0,8000.0,5000.0,8000.0,,2000.0,2000.0,5000.0,1000.0,3000.0,,1000.0,2000.0,,16000.0,1000.0,19000.0,7000.0,4000.0,,9000.0,,8000.0,1000.0,,11000.0,,,,4000.0,,,5400.0,,,4222.22,,,4461.54,,,5850.0,,
20261006,3086,華義*,81000.0,99000.0,109000.0,65000.0,95000.0,131000.0,100000.0,48000.0,83000.0,50000.0,73000.0,58000.0,38000.0,73000.0,42000.0,51000.0,41000.0,59000.0,143000.0,190000.0,111000.0,128000.0,339000.0,871000.0,296000.0,149000.0,69000.0,84000.0,78000.0,57000.0,96333.33,28.0277,0.001817,89800.0,18.0401,0.001127,86100.0,9.4077,0.000618,76333.33,7.0742,0.000435,81450.0,4.9724,0.00034,127033.33,2.1254,0.00023
20261006,3088,艾訊,1308000.0,754000.0,431000.0,427000.0,934000.0,1699000.0,442000.0,340000.0,582000.0,818000.0,376000.0,644000.0,271000.0,365000.0,284000.0,537000.0,520000.0,1102000.0,695000.0,817000.0,1551000.0,761000.0,401000.0,958000.0,477000.0,409000.0,558000.0,669000.0,428000.0,424000.0,831000.0,52.4669,0.029347,770800.0,33.9388,0.018194,773500.0,16.9101,0.009982,645000.0,13.5194,0.007018,667300.0,9.8007,0.005493,666066.67,6.5459,0.003714
20261006,3093,港建*,283000.0,281000.0,268000.0,261000.0,208000.0,352000.0,85000.0,138000.0,84000.0,231000.0,146000.0,100000.0,111000.0,170000.0,127000.0,215000.0,242000.0,362000.0,151000.0,216000.0,203000.0,305000.0,372000.0,257000.0,325000.0,495000.0,1107000.0,636000.0,174000.0,268000.0,277333.33,34.0144,0.00635,260200.0,21.7525,0.003936,219100.0,12.9165,0.00216,189666.67,9.9473,0.001518,201550.0,7.0206,0.001189,272433.33,3.4626,0.000804
20261006,3095,及成,4000.0,1000.0,2000.0,5000.0,8000.0,5000.0,65000.0,13000.0,17000.0,9000.0,21000.0,5000.0,1000.0,5000.0,,6000.0,11000.0,3000.0,5000.0,12000.0,1000.0,4000.0,,3000.0,10000.0,10000.0,1000.0,8000.0,1000.0,3000.0,2333.33,57.1429,9e-05,4000.0,20.0,5.6e-05,12900.0,3.1008,3.1e-05,11500.0,2.4845,2.1e-05,10421.05,2.0202,1.7e-05,8535.71,1.6736,1.1e-05
20261006,3105,穩懋,19091000.0,47142000.0,27304000.0,26500000.0,41316000.0,15080000.0,21240000.0,26998000.0,33052000.0,23166000.0,43288000.0,46836000.0,28852000.0,35312000.0,13412000.0,14114000.0,14923000.0,35781000.0,17063000.0,19322000.0,23782000.0,40305000.0,41055000.0,55247000.0,50920000.0,48392000.0,36119000.0,31905000.0,11814000.0,21808000.0,31179000.0,20.4101,0.428336,32270600.0,11.8318,0.265554,28088900.0,6.7966,0.145695,29905933.33,4.2558,0.102431,27489600.0,3.4724,0.080176,30371300.0,2.0953,0.054209
20261006,3114,好德,6943000.0,1914000.0,3572000.0,2976000.0,642000.0,1771000.0,870000.0,169000.0,166000.0,217000.0,180000.0,129000.0,110000.0,88000.0,141000.0,147000.0,188000.0,196000.0,203000.0,189000.0,249000.0,649000.0,538000.0,273000.0,205000.0,211000.0,155000.0,238000.0,371000.0,133000.0,4143000.0,55.8613,0.155777,3209400.0,43.2667,0.096576,1924000.0,36.0863,0.052986,1325866.67,34.9105,0.037252,1040550.0,33.3622,0.029158,794433.33,29.1319,0.019715
20261006,3115,富榮綱,1000.0,2000.0,29000.0,8000.0,23000.0,14000.0,70000.0,33000.0,1000.0,9000.0,54000.0,14000.0,14000.0,8000.0,7000.0,,,9000.0,2000.0,4000.0,2000.0,2000.0,,10000.0,,13000.0,1000.0,3000.0,30000.0,8000.0,10666.67,3.125,2.2e-05,12600.0,1.5873,1.4e-05,19000.0,0.5263,8e-06,19133.33,0.3484,5e-06,16777.78,0.3311,4e-06,14269.23,0.2695,3e-06
20261006,3118,進階,10000.0,15000.0,9000.0,7000.0,48000.0,29000.0,33000.0,,15000.0,8000.0,2000.0,11000.0,11000.0,19000.0,14000.0,23000.0,28000.0,19000.0,9000.0,14000.0,18000.0,29000.0,,44000.0,35000.0,14000.0,18000.0,22000.0,21000.0,1000.0,11333.33,29.4118,0.000224,17800.0,11.236,0.000139,19333.33,5.7471,7.6e-05,16500.0,4.329,5.4e-05,17052.63,3.0864,4.2e-05,18785.71,1.9011,2.8e-05
20261006,3122,笙泉,128000.0,57000.0,34000.0,22000.0,73000.0,38000.0,14000.0,102000.0,56000.0,56000.0,14000.0,34000.0,17000.0,36000.0,18000.0,15000.0,41000.0,32000.0,48000.0,40000.0,41000.0,111000.0,74000.0,71000.0,19000.0,69000.0,47000.0,64000.0,48000.0,30000.0,73000.0,58.4475,0.002872,62800.0,40.7643,0.00178,58000.0,22.069,0.000977,46600.0,18.3119,0.000687,43750.0,14.6286,0.000538,48300.0,8.8337,0.000363
20261006,3128,昇銳,121000.0,73000.0,46000.0,75000.0,49000.0,39000.0,36000.0,38000.0,142000.0,49000.0,209000.0,124000.0,364000.0,613000.0,170000.0,51000.0,28000.0,21000.0,71000.0,107000.0,113000.0,115000.0,68000.0,176000.0,70000.0,152000.0,88000.0,294000.0,169000.0,53000.0,80000.0,50.4167,0.002715,72800.0,33.2418,0.001683,66800.0,18.1138,0.000923,143200.0,5.6331,0.000649,121300.0,4.9876,0.000508,124133.33,3.2492,0.000344
20261006,3131,弘塑,253000.0,478000.0,324000.0,603000.0,720000.0,519000.0,181000.0,224000.0,265000.0,377000.0,203000.0,293000.0,135000.0,231000.0,211000.0,272000.0,386000.0,848000.0,830000.0,650000.0,234000.0,316000.0,266000.0,611000.0,715000.0,559000.0,926000.0,541000.0,211000.0,206000.0,351666.67,23.981,0.005676,475600.0,10.6392,0.003519,394400.0,6.4148,0.001931,334466.67,5.0429,0.001357,400150.0,3.1613,0.001063,419600.0,2.0099,0.000718
20261006,3141,晶宏,5382000.0,3506000.0,2432000.0,1452000.0,1053000.0,1533000.0,2472000.0,2479000.0,3936000.0,4878000.0,3298000.0,5378000.0,4430000.0,5136000.0,2225000.0,4213000.0,2881000.0,2813000.0,6222000.0,8308000.0,14635000.0,21248000.0,18047000.0,10308000.0,3453000.0,586000.0,551000.0,1435000.0,741000.0,243000.0,3773333.33,47.5442,0.120754,2765000.0,38.9295,0.074863,2912300.0,18.4802,0.041073,3306000.0,10.853,0.028877,3701350.0,7.2703,0.022603,4842466.67,3.7047,0.015282
20261006,3147,大綜,3376000.0,1454000.0,2133000.0,1630000.0,524000.0,561000.0,1233000.0,236000.0,585000.0,608000.0,956000.0,632000.0,964000.0,746000.0,1190000.0,349000.0,382000.0,366000.0,152000.0,359000.0,359000.0,339000.0,201000.0,340000.0,220000.0,321000.0,362000.0,340000.0,260000.0,451000.0,2321000.0,48.4848,0.075746,1823400.0,37.0297,0.04696,1234000.0,27.3582,0.025764,1121866.67,20.0618,0.018114,921800.0,18.312,0.014178,720966.67,15.6087,0.009586
20261006,3152,璟德,102000.0,135000.0,53000.0,98000.0,84000.0,87000.0,296000.0,46000.0,54000.0,48000.0,62000.0,90000.0,77000.0,51000.0,49000.0,115000.0,88000.0,113000.0,125000.0,70000.0,100000.0,107000.0,73000.0,110000.0,138000.0,218000.0,651000.0,464000.0,818000.0,751000.0,96666.67,35.1724,0.002289,94400.0,21.6102,0.001419,100300.0,10.1695,0.000778,88800.0,7.6577,0.000547,92150.0,5.5345,0.000428,175766.67,1.9344,0.00029
20261006,3158,嘉實,11000.0,10000.0,24000.0,29000.0,20000.0,14000.0,14000.0,5000.0,8000.0,8000.0,21000.0,11000.0,20000.0,19000.0,104000.0,12000.0,5000.0,5000.0,7000.0,15000.0,1000.0,2000.0,8000.0,7000.0,8000.0,3000.0,6000.0,2000.0,8000.0,7000.0,15000.0,24.4444,0.000247,18800.0,11.7021,0.000153,14300.0,7.6923,8.4e-05,21200.0,3.4591,5.9e-05,18100.0,3.0387,4.6e-05,13800.0,2.657,3.1e-05
20261006,3162,精確,2311000.0,2750000.0,4259000.0,7409000.0,7047000.0,4034000.0,647000.0,486000.0,1304000.0,960000.0,2559000.0,870000.0,2279000.0,2056000.0,1121000.0,704000.0,1168000.0,2236000.0,1346000.0,554000.0,1315000.0,4135000.0,558000.0,742000.0,952000.0,1431000.0,3532000.0,6185000.0,225000.0,272000.0,3106666.67,24.7961,0.051851,4755200.0,9.7199,0.032146,3120700.0,7.4054,0.017637,2672800.0,5.7642,0.0124,2305000.0,5.013,0.009705,2181566.67,3.5311,0.006562
20261006,3163,波若威,1987000.0,4765000.0,7641000.0,2991000.0,982000.0,947000.0,748000.0,1233000.0,1382000.0,1136000.0,1747000.0,1569000.0,1963000.0,1165000.0,1145000.0,1714000.0,1363000.0,3924000.0,2141000.0,4449000.0,940000.0,906000.0,667000.0,786000.0,947000.0,4842000.0,6552000.0,6492000.0,5314000.0,2676000.0,4797666.67,13.8053,0.044581,3673200.0,10.8189,0.027639,2381200.0,8.3445,0.015164,2093400.0,6.3278,0.010661,2249600.0,4.4163,0.008345,2503800.0,2.6453,0.005642
20261006,3169,亞信,227000.0,203000.0,291000.0,467000.0,257000.0,461000.0,1696000.0,673000.0,381000.0,134000.0,78000.0,119000.0,64000.0,76000.0,71000.0,112000.0,67000.0,107000.0,274000.0,616000.0,196000.0,524000.0,2562000.0,260000.0,45000.0,94000.0,67000.0,58000.0,63000.0,66000.0,240333.33,31.484,0.005093,289000.0,15.7093,0.003158,479000.0,4.739,0.001732,346533.33,4.3671,0.001218,318700.0,3.5613,0.000953,343633.33,2.202,0.000645
20261006,3171,炎洲流通,4000.0,6000.0,40000.0,39000.0,4000.0,7000.0,3000.0,8000.0,22000.0,15000.0,21000.0,1000.0,1000.0,4000.0,39000.0,23000.0,16000.0,83000.0,61000.0,13000.0,30000.0,19000.0,42000.0,19000.0,10000.0,7000.0,8000.0,2000.0,12000.0,45000.0,16666.67,8.0,9e-05,18600.0,4.3011,5.6e-05,14800.0,2.7027,3.1e-05,14266.67,1.8692,2.1e-05,20500.0,0.9756,1.7e-05,20133.33,0.6623,1.1e-05
20261006,3176,基亞,444000.0,444000.0,223000.0,249000.0,287000.0,280000.0,601000.0,241000.0,278000.0,357000.0,1089000.0,1320000.0,688000.0,1015000.0,621000.0,2843000.0,759000.0,485000.0,676000.0,434000.0,449000.0,330000.0,476000.0,1124000.0,1109000.0,1162000.0,2052000.0,2490000.0,703000.0,1835000.0,370333.33,39.964,0.009962,329400.0,26.9581,0.006176,340400.0,13.0435,0.003388,542466.67,5.4566,0.002382,666700.0,3.3298,0.001865,835466.67,1.7715,0.001261
20261006,3178,公準,129000.0,288000.0,518000.0,175000.0,235000.0,141000.0,637000.0,605000.0,2842000.0,2161000.0,1041000.0,59000.0,52000.0,44000.0,69000.0,75000.0,65000.0,438000.0,28000.0,17000.0,47000.0,55000.0,71000.0,74000.0,40000.0,117000.0,26000.0,32000.0,25000.0,96000.0,311666.67,13.7968,0.002894,269000.0,9.5911,0.001794,773100.0,1.6686,0.000984,599733.33,1.434,0.000692,480950.0,1.3411,0.000542,340066.67,1.2645,0.000366
20261006,3188,鑫龍騰,162000.0,395000.0,159000.0,98000.0,127000.0,22000.0,56000.0,146000.0,81000.0,136000.0,243000.0,136000.0,92000.0,89000.0,73000.0,106000.0,136000.0,68000.0,149000.0,216000.0,253000.0,112000.0,126000.0,122000.0,172000.0,216000.0,249000.0,113000.0,122000.0,152000.0,238666.67,22.6257,0.003635,188200.0,17.2157,0.002253,138200.0,11.7221,0.001236,134333.33,8.0397,0.000869,134500.0,6.0223,0.00068,144233.33,3.7439,0.00046
20261006,3191,雲嘉南,3000.0,21000.0,59000.0,45000.0,21000.0,21000.0,13000.0,26000.0,21000.0,14000.0,15000.0,24000.0,13000.0,6000.0,10000.0,5000.0,28000.0,104000.0,45000.0,27000.0,18000.0,7000.0,70000.0,20000.0,29000.0,33000.0,24000.0,30000.0,24000.0,24000.0,27666.67,3.6145,6.7e-05,29800.0,2.0134,4.2e-05,24400.0,1.2295,2.3e-05,20800.0,0.9615,1.6e-05,26050.0,0.5758,1.3e-05,26666.67,0.375,9e-06
20261006,3205,佰研,11000.0,25000.0,27000.0,18000.0,6000.0,52000.0,9000.0,16000.0,18000.0,32000.0,3000.0,19000.0,24000.0,5000.0,9000.0,38000.0,24000.0,12000.0,18000.0,8000.0,113000.0,75000.0,21000.0,39000.0,62000.0,39000.0,15000.0,8000.0,12000.0,37000.0,21000.0,17.4603,0.000247,17400.0,12.6437,0.000153,21400.0,5.1402,8.4e-05,18266.67,4.0146,5.9e-05,18700.0,2.9412,4.6e-05,26500.0,1.3836,3.1e-05
20261006,3206,志豐,17000.0,50000.0,53000.0,14000.0,17000.0,8000.0,19000.0,9000.0,115000.0,52000.0,43000.0,34000.0,11000.0,12000.0,42000.0,8000.0,14000.0,55000.0,84000.0,65000.0,100000.0,28000.0,11000.0,16000.0,42000.0,20000.0,42000.0,19000.0,47000.0,2000.0,40000.0,14.1667,0.000381,30200.0,11.2583,0.000236,35400.0,4.8023,0.00013,33066.67,3.4274,9.1e-05,36100.0,2.3546,7.1e-05,34966.67,1.6206,4.8e-05
20261006,3207,耀勝,241000.0,216000.0,245000.0,306000.0,185000.0,107000.0,17000.0,91000.0,181000.0,165000.0,294000.0,140000.0,81000.0,81000.0,85000.0,307000.0,105000.0,244000.0,168000.0,141000.0,79000.0,157000.0,188000.0,112000.0,112000.0,142000.0,155000.0,55000.0,92000.0,101000.0,234000.0,34.3305,0.005407,238600.0,20.2012,0.003352,175400.0,13.74,0.001839,162333.33,9.8973,0.001293,170000.0,7.0882,0.001012,153100.0,5.2471,0.000684
20261006,3211,順達,12159000.0,3636000.0,2846000.0,2343000.0,7930000.0,3903000.0,1163000.0,1762000.0,6065000.0,8625000.0,1570000.0,2265000.0,2578000.0,1875000.0,2313000.0,1692000.0,3851000.0,4826000.0,2289000.0,3200000.0,3296000.0,6072000.0,2717000.0,9549000.0,4505000.0,11113000.0,17210000.0,11121000.0,8264000.0,5056000.0,6213666.67,65.2272,0.272806,5782800.0,42.0523,0.16913,5043200.0,24.1097,0.092792,4068866.67,19.922,0.065238,3844550.0,15.8133,0.051064,5193133.33,7.8045,0.034526
20261006,3213,茂訊,295000.0,315000.0,371000.0,140000.0,120000.0,152000.0,98000.0,65000.0,142000.0,122000.0,76000.0,201000.0,203000.0,97000.0,156000.0,209000.0,360000.0,536000.0,325000.0,716000.0,879000.0,213000.0,190000.0,150000.0,139000.0,207000.0,164000.0,161000.0,137000.0,322000.0,327000.0,30.0714,0.006619,248200.0,23.7712,0.004103,182000.0,16.2088,0.002251,170200.0,11.555,0.001583,234950.0,6.2779,0.001239,242033.33,4.0628,0.000838
20261006,3217,優群,220000.0,245000.0,238000.0,129000.0,277000.0,130000.0,65000.0,133000.0,176000.0,146000.0,237000.0,168000.0,173000.0,157000.0,247000.0,302000.0,312000.0,992000.0,246000.0,295000.0,408000.0,440000.0,342000.0,593000.0,438000.0,222000.0,488000.0,310000.0,315000.0,406000.0,234333.33,31.2945,0.004936,221800.0,19.8377,0.00306,175900.0,12.5071,0.001679,182733.33,8.0263,0.00118,244400.0,4.5008,0.000924,295000.0,2.4859,0.000625
20261006,3218,大學光,154000.0,192000.0,105000.0,86000.0,78000.0,84000.0,354000.0,111000.0,125000.0,80000.0,116000.0,112000.0,74000.0,101000.0,79000.0,292000.0,79000.0,112000.0,78000.0,164000.0,112000.0,186000.0,191000.0,335000.0,627000.0,137000.0,198000.0,100000.0,84000.0,129000.0,150333.33,34.1463,0.003455,123000.0,25.0407,0.002142,136900.0,11.2491,0.001175,123400.0,8.3198,0.000826,128800.0,5.9783,0.000647,155833.33,3.2941,0.000437
20261006,3219,倚強科,1527000.0,1027000.0,870000.0,1227000.0,6580000.0,1423000.0,2333000.0,5909000.0,2798000.0,2666000.0,581000.0,450000.0,348000.0,363000.0,232000.0,455000.0,352000.0,666000.0,1357000.0,702000.0,590000.0,889000.0,1204000.0,1401000.0,1986000.0,2232000.0,1354000.0,398000.0,674000.0,199000.0,1141333.33,44.597,0.034261,2246200.0,13.5963,0.02124,2636000.0,5.7929,0.011653,1888933.33,5.3893,0.008193,1593300.0,4.7919,0.006413,1426433.33,3.5683,0.004336
20261006,3221,台嘉碩,2966000.0,8395000.0,12825000.0,13516000.0,3055000.0,4889000.0,3171000.0,3066000.0,1082000.0,2037000.0,603000.0,916000.0,1036000.0,1186000.0,839000.0,1188000.0,1518000.0,1917000.0,2325000.0,3931000.0,1658000.0,2423000.0,4214000.0,4083000.0,905000.0,1550000.0,2010000.0,3199000.0,1434000.0,7204000.0,8062000.0,12.2633,0.066547,8151400.0,7.2773,0.041257,5500200.0,5.3925,0.022635,3972133.33,4.978,0.015914,3523050.0,4.2094,0.012456,3304700.0,2.9917,0.008422
20261006,3224,三顧,47000.0,63000.0,27000.0,66000.0,18000.0,68000.0,23000.0,32000.0,28000.0,19000.0,112000.0,10000.0,11000.0,4000.0,50000.0,24000.0,29000.0,51000.0,45000.0,31000.0,158000.0,27000.0,17000.0,47000.0,20000.0,28000.0,3000.0,42000.0,12000.0,13000.0,45666.67,34.3066,0.001055,44200.0,21.267,0.000654,39100.0,12.0205,0.000359,38533.33,8.1315,0.000252,37900.0,6.2005,0.000197,37500.0,4.1778,0.000133
20261006,3226,龍鋒,17000.0,10000.0,37000.0,148000.0,57000.0,63000.0,34000.0,34000.0,43000.0,66000.0,32000.0,18000.0,30000.0,36000.0,30000.0,34000.0,39000.0,48000.0,25000.0,23000.0,20000.0,13000.0,13000.0,20000.0,13000.0,16000.0,26000.0,24000.0,21000.0,26000.0,21333.33,26.5625,0.000381,53800.0,6.3197,0.000236,50900.0,3.3399,0.00013,43666.67,2.5954,9.1e-05,41200.0,2.0631,7.1e-05,33866.67,1.6732,4.8e-05
20261006,3227,原相,700000.0,934000.0,811000.0,605000.0,699000.0,590000.0,351000.0,567000.0,803000.0,530000.0,598000.0,659000.0,447000.0,518000.0,499000.0,573000.0,488000.0,640000.0,899000.0,684000.0,436000.0,533000.0,429000.0,496000.0,862000.0,582000.0,547000.0,526000.0,699000.0,832000.0,815000.0,28.6299,0.015706,749800.0,18.6716,0.009737,659000.0,10.6222,0.005342,620733.33,7.518,0.003756,629750.0,5.5578,0.00294,617900.0,3.7762,0.001988
20261006,3228,金麗科,325000.0,328000.0,426000.0,477000.0,585000.0,906000.0,193000.0,226000.0,332000.0,321000.0,168000.0,150000.0,117000.0,208000.0,129000.0,191000.0,227000.0,279000.0,302000.0,196000.0,227000.0,260000.0,605000.0,827000.0,484000.0,739000.0,508000.0,316000.0,82000.0,91000.0,359666.67,30.1205,0.007292,428200.0,15.1798,0.004521,411900.0,7.8903,0.00248,326066.67,6.6449,0.001744,304300.0,5.3401,0.001365,340833.33,3.1785,0.000923
20261006,3230,錦明,584000.0,574000.0,301000.0,724000.0,307000.0,517000.0,447000.0,373000.0,623000.0,372000.0,260000.0,255000.0,552000.0,203000.0,367000.0,541000.0,226000.0,173000.0,287000.0,248000.0,304000.0,452000.0,364000.0,476000.0,487000.0,3009000.0,1945000.0,599000.0,635000.0,1415000.0,486333.33,40.0274,0.013103,498000.0,23.4538,0.008123,482200.0,12.1112,0.004457,430600.0,9.0416,0.003133,396700.0,7.3607,0.002453,587333.33,3.3144,0.001658
20261006,3232,昱捷,51000.0,17000.0,36000.0,14000.0,42000.0,57000.0,12000.0,31000.0,35000.0,56000.0,30000.0,71000.0,361000.0,261000.0,17000.0,13000.0,3000.0,20000.0,20000.0,6000.0,5000.0,26000.0,15000.0,14000.0,25000.0,12000.0,11000.0,6000.0,8000.0,4000.0,34666.67,49.0385,0.001144,32000.0,31.875,0.000709,35100.0,14.5299,0.000389,72733.33,4.6746,0.000274,57650.0,4.4232,0.000214,42633.33,3.9875,0.000145
20261006,3234,光環,1808000.0,4181000.0,4245000.0,1406000.0,1769000.0,1686000.0,4252000.0,1404000.0,2342000.0,2088000.0,2640000.0,3747000.0,3095000.0,2286000.0,3402000.0,2880000.0,3324000.0,3375000.0,3055000.0,4173000.0,5383000.0,6156000.0,7818000.0,3479000.0,3259000.0,2192000.0,2947000.0,4177000.0,7477000.0,3609000.0,3411333.33,17.6666,0.040565,2681800.0,13.4835,0.025149,2518100.0,7.18,0.013798,2690066.67,4.4807,0.009701,2857900.0,3.1632,0.007593,3455166.67,1.7442,0.005134
20261006,3236,千如,6325000.0,24806000.0,9935000.0,13482000.0,899000.0,1434000.0,2008000.0,1095000.0,3380000.0,956000.0,787000.0,1282000.0,968000.0,1320000.0,1399000.0,2525000.0,1695000.0,1380000.0,2491000.0,5318000.0,3492000.0,1246000.0,1142000.0,3270000.0,3124000.0,6343000.0,2049000.0,1386000.0,921000.0,1777000.0,13688666.67,15.402,0.141911,11089400.0,11.4073,0.08798,6432000.0,9.8336,0.04827,4671733.33,9.0259,0.033936,4174250.0,7.5762,0.026563,3607833.33,5.8438,0.01796
20261006,3252,海灣,13000.0,16000.0,14000.0,8000.0,28000.0,8000.0,2000.0,55000.0,85000.0,70000.0,62000.0,3000.0,14000.0,22000.0,6000.0,12000.0,51000.0,27000.0,20000.0,15000.0,12000.0,1000.0,15000.0,30000.0,,4000.0,10000.0,5000.0,38000.0,67000.0,14333.33,30.2326,0.000292,15800.0,16.4557,0.000181,29900.0,4.3478,9.9e-05,27066.67,3.202,7e-05,26550.0,2.4482,5.5e-05,24586.21,1.8233,3.7e-05
20261006,3259,鑫創,96000.0,129000.0,80000.0,49000.0,35000.0,16000.0,32000.0,21000.0,22000.0,39000.0,33000.0,1000.0,26000.0,25000.0,10000.0,10000.0,17000.0,45000.0,36000.0,33000.0,88000.0,,19000.0,24000.0,32000.0,204000.0,78000.0,95000.0,132000.0,94000.0,101666.67,31.4754,0.002154,77800.0,24.6787,0.001335,51900.0,18.4971,0.000733,40933.33,15.6352,0.000515,37750.0,12.7152,0.000403,52448.28,6.3116,0.000273
20261006,3260,威剛,5898000.0,4241000.0,3794000.0,2539000.0,3361000.0,2713000.0,4105000.0,3294000.0,4599000.0,4607000.0,6708000.0,3486000.0,3285000.0,5888000.0,4422000.0,5028000.0,4821000.0,7069000.0,12807000.0,6263000.0,4708000.0,9994000.0,3520000.0,3920000.0,4594000.0,6697000.0,5637000.0,7952000.0,31204000.0,20651000.0,4644333.33,42.3312,0.132331,3966600.0,29.7383,0.082041,3915100.0,15.0647,0.045011,4196000.0,9.3708,0.031645,4946400.0,5.9619,0.02477,6593500.0,2.9817,0.016747
20261006,3264,欣銓,12966000.0,18954000.0,11557000.0,14614000.0,15292000.0,10352000.0,17975000.0,28819000.0,21876000.0,26820000.0,28853000.0,20984000.0,3470000.0,4528000.0,5193000.0,6468000.0,24809000.0,7212000.0,6342000.0,3079000.0,3077000.0,4168000.0,5024000.0,7787000.0,5877000.0,11444000.0,6068000.0,6713000.0,2424000.0,2681000.0,14492333.33,29.8227,0.290912,14676600.0,17.6689,0.180356,17922500.0,7.2345,0.098951,16150200.0,5.3523,0.069568,14508150.0,4.4685,0.054453,11514200.0,3.7536,0.036817
20261006,3265,台星科,5916000.0,1637000.0,1598000.0,1090000.0,2316000.0,682000.0,1072000.0,2455000.0,5273000.0,1827000.0,2613000.0,1248000.0,281000.0,324000.0,717000.0,752000.0,1458000.0,367000.0,1823000.0,814000.0,730000.0,1564000.0,1219000.0,3159000.0,2260000.0,3149000.0,2150000.0,1471000.0,910000.0,1788000.0,3050333.33,64.6487,0.132735,2511400.0,47.1132,0.082291,2386600.0,24.7884,0.045148,1936600.0,20.3656,0.031742,1713150.0,17.2664,0.024845,1755433.33,11.2337,0.016799
20261006,3268,海德威,762000.0,1034000.0,81000.0,91000.0,138000.0,432000.0,49000.0,48000.0,228000.0,88000.0,75000.0,96000.0,28000.0,44000.0,31000.0,9000.0,52000.0,24000.0,70000.0,74000.0,43000.0,16000.0,12000.0,105000.0,13000.0,46000.0,51000.0,34000.0,14000.0,35000.0,625666.67,40.5967,0.017097,421200.0,36.1823,0.010599,295100.0,25.8218,0.005815,215000.0,23.6279,0.004088,172700.0,22.0614,0.0032,127433.33,19.932,0.002164
20261006,3272,東碩,18000.0,13000.0,39000.0,24000.0,21000.0,65000.0,10000.0,10000.0,20000.0,21000.0,15000.0,41000.0,11000.0,22000.0,17000.0,15000.0,44000.0,44000.0,22000.0,36000.0,375000.0,50000.0,8000.0,157000.0,56000.0,11000.0,10000.0,31000.0,20000.0,47000.0,23333.33,25.7143,0.000404,23000.0,15.6522,0.00025,24100.0,7.4689,0.000137,23133.33,5.1873,9.7e-05,25400.0,3.5433,7.6e-05,42433.33,1.414,5.1e-05
20261006,3276,宇環,49000.0,51000.0,185000.0,47000.0,57000.0,38000.0,41000.0,38000.0,45000.0,35000.0,20000.0,68000.0,60000.0,141000.0,46000.0,296000.0,36000.0,47000.0,100000.0,162000.0,139000.0,103000.0,81000.0,130000.0,108000.0,192000.0,102000.0,114000.0,123000.0,80000.0,95000.0,17.193,0.001099,77800.0,12.5964,0.000682,58600.0,8.3618,0.000374,61400.0,5.3203,0.000263,78100.0,3.137,0.000206,91133.33,1.7922,0.000139
20261006,3284,太普高,824000.0,829000.0,140000.0,91000.0,215000.0,95000.0,111000.0,121000.0,145000.0,113000.0,191000.0,117000.0,510000.0,63000.0,51000.0,132000.0,116000.0,129000.0,111000.0,262000.0,107000.0,45000.0,56000.0,82000.0,149000.0,94000.0,148000.0,273000.0,109000.0,52000.0,597666.67,45.9565,0.018488,419800.0,39.2568,0.011462,268400.0,30.7004,0.006288,241066.67,22.7876,0.004421,218300.0,18.8731,0.003461,182700.0,15.0338,0.00234
20261006,3285,微端,24000.0,25000.0,16000.0,54000.0,11000.0,41000.0,26000.0,26000.0,70000.0,265000.0,11000.0,7000.0,4000.0,26000.0,,16000.0,29000.0,5000.0,12000.0,4000.0,14000.0,32000.0,18000.0,91000.0,82000.0,48000.0,62000.0,79000.0,10000.0,18000.0,21666.67,36.9231,0.000538,26000.0,18.4615,0.000334,55800.0,4.3011,0.000183,43285.71,3.9604,0.000129,35368.42,3.5714,0.000101,38827.59,2.1314,6.8e-05
20261006,3287,廣寰科,344000.0,498000.0,787000.0,403000.0,912000.0,470000.0,472000.0,982000.0,1432000.0,3684000.0,984000.0,901000.0,74000.0,60000.0,59000.0,151000.0,93000.0,153000.0,382000.0,260000.0,125000.0,242000.0,179000.0,153000.0,315000.0,1000000.0,349000.0,365000.0,547000.0,233000.0,543000.0,21.1172,0.007718,588800.0,11.6848,0.004785,998400.0,3.4455,0.002625,804133.33,2.8519,0.001846,655050.0,2.6258,0.001445,553633.33,2.0712,0.000977
20261006,3288,點晶,71000.0,16000.0,20000.0,23000.0,23000.0,41000.0,96000.0,84000.0,165000.0,136000.0,27000.0,30000.0,65000.0,46000.0,34000.0,21000.0,18000.0,13000.0,26000.0,20000.0,21000.0,6000.0,22000.0,23000.0,22000.0,39000.0,24000.0,27000.0,41000.0,31000.0,35666.67,66.3551,0.001593,30600.0,46.4052,0.000988,67500.0,10.5185,0.000542,58466.67,8.0958,0.000381,48750.0,7.2821,0.000298,41033.33,5.7677,0.000202
20261006,3289,宜特,477000.0,1096000.0,554000.0,331000.0,1516000.0,453000.0,520000.0,589000.0,1594000.0,246000.0,432000.0,378000.0,305000.0,359000.0,356000.0,1025000.0,222000.0,293000.0,314000.0,485000.0,441000.0,592000.0,871000.0,649000.0,792000.0,470000.0,552000.0,839000.0,285000.0,357000.0,709000.0,22.426,0.010702,794800.0,12.003,0.006635,737600.0,6.4669,0.00364,613733.33,5.1814,0.002559,577250.0,4.1317,0.002003,579766.67,2.7425,0.001354
20261006,3290,東浦,1168000.0,563000.0,451000.0,1355000.0,2585000.0,916000.0,243000.0,721000.0,1427000.0,117000.0,452000.0,417000.0,453000.0,358000.0,253000.0,498000.0,150000.0,409000.0,373000.0,849000.0,1153000.0,838000.0,430000.0,513000.0,1380000.0,570000.0,465000.0,189000.0,769000.0,205000.0,727333.33,53.5289,0.026206,1224400.0,19.0787,0.016247,954600.0,12.2355,0.008914,765266.67,10.1751,0.006267,687900.0,8.4896,0.004905,675666.67,5.7622,0.003317
20261006,3293,鈊象,1389000.0,1230000.0,2872000.0,5228000.0,1828000.0,3229000.0,5224000.0,750000.0,1058000.0,1047000.0,4085000.0,1994000.0,1133000.0,802000.0,743000.0,1589000.0,840000.0,944000.0,1011000.0,1066000.0,882000.0,1229000.0,3850000.0,3708000.0,22982000.0,2709000.0,2810000.0,4392000.0,2721000.0,3496000.0,1830333.33,25.2959,0.031164,2509400.0,11.0704,0.019321,2385500.0,5.8227,0.0106,2174133.33,4.2592,0.007453,1903100.0,3.6493,0.005833,2894700.0,1.5995,0.003944
20261006,3294,英濟,526000.0,721000.0,528000.0,2035000.0,972000.0,1368000.0,7904000.0,1264000.0,344000.0,274000.0,310000.0,272000.0,182000.0,203000.0,179000.0,215000.0,253000.0,174000.0,243000.0,155000.0,265000.0,477000.0,218000.0,192000.0,169000.0,194000.0,447000.0,180000.0,155000.0,94000.0,591666.67,29.6338,0.011802,956400.0,10.9996,0.007317,1593600.0,3.3007,0.004014,1138800.0,3.0793,0.002822,906100.0,2.9025,0.002209,683766.67,2.5642,0.001494
20261006,3297,杭特,942000.0,239000.0,186000.0,198000.0,169000.0,299000.0,902000.0,601000.0,1412000.0,1070000.0,1076000.0,500000.0,2097000.0,341000.0,383000.0,24000.0,30000.0,18000.0,16000.0,30000.0,56000.0,44000.0,30000.0,39000.0,34000.0,60000.0,36000.0,20000.0,14000.0,14000.0,455666.67,68.91,0.021135,346800.0,54.3253,0.013103,601800.0,15.653,0.007189,694333.33,9.0446,0.005054,526650.0,8.9433,0.003956,362666.67,8.6581,0.002675
20261006,3303,岱稜,118000.0,176000.0,135000.0,107000.0,148000.0,165000.0,92000.0,104000.0,144000.0,138000.0,199000.0,110000.0,73000.0,245000.0,212000.0,380000.0,1134000.0,97000.0,130000.0,193000.0,213000.0,220000.0,117000.0,151000.0,203000.0,108000.0,232000.0,127000.0,254000.0,224000.0,143000.0,27.5058,0.002648,136800.0,17.2515,0.001641,132700.0,8.8922,0.000901,144400.0,5.4478,0.000633,205000.0,2.878,0.000496,198300.0,1.9835,0.000335
20261006,3306,鼎天,57000.0,64000.0,38000.0,43000.0,173000.0,265000.0,24000.0,161000.0,74000.0,47000.0,31000.0,36000.0,50000.0,142000.0,86000.0,248000.0,122000.0,59000.0,45000.0,50000.0,64000.0,75000.0,26000.0,33000.0,127000.0,40000.0,52000.0,64000.0,32000.0,32000.0,53000.0,35.8491,0.001279,75000.0,15.2,0.000793,94600.0,6.0254,0.000435,86066.67,4.4152,0.000306,90750.0,3.1405,0.000239,78666.67,2.4153,0.000162
20261006,3310,佳穎,27000.0,11000.0,9000.0,21000.0,12000.0,10000.0,8000.0,9000.0,33000.0,14000.0,3000.0,24000.0,8000.0,23000.0,11000.0,1000.0,17000.0,12000.0,19000.0,24000.0,14000.0,17000.0,23000.0,28000.0,10000.0,14000.0,9000.0,2000.0,11000.0,2000.0,15666.67,57.4468,0.000606,16000.0,33.75,0.000376,15400.0,17.5325,0.000206,14866.67,12.1076,0.000145,14800.0,9.1216,0.000113,14200.0,6.338,7.7e-05
20261006,3313,斐成,55000.0,84000.0,69000.0,49000.0,32000.0,7000.0,35000.0,34000.0,98000.0,99000.0,97000.0,85000.0,32000.0,38000.0,26000.0,89000.0,84000.0,119000.0,183000.0,499000.0,64000.0,116000.0,112000.0,81000.0,172000.0,374000.0,1052000.0,518000.0,250000.0,101000.0,69333.33,26.4423,0.001234,57800.0,19.0311,0.000765,56200.0,9.7865,0.00042,56000.0,6.5476,0.000295,90700.0,3.032,0.000231,155133.33,1.1818,0.000156
20261006,3317,尼克森,7601000.0,6638000.0,1816000.0,2049000.0,2088000.0,3914000.0,15975000.0,9364000.0,1547000.0,258000.0,359000.0,397000.0,353000.0,209000.0,402000.0,446000.0,505000.0,600000.0,1795000.0,415000.0,428000.0,620000.0,590000.0,641000.0,914000.0,1205000.0,996000.0,1381000.0,387000.0,400000.0,5351666.67,47.3435,0.17054,4038400.0,37.6436,0.105729,5125000.0,14.8312,0.058008,3531333.33,14.3496,0.040783,2836550.0,13.3983,0.031922,2143100.0,11.8224,0.021583
20261006,3322,建舜電,161000.0,356000.0,171000.0,465000.0,250000.0,106000.0,123000.0,244000.0,176000.0,177000.0,254000.0,196000.0,117000.0,395000.0,272000.0,398000.0,184000.0,73000.0,181000.0,164000.0,147000.0,172000.0,176000.0,290000.0,469000.0,82000.0,123000.0,251000.0,166000.0,162000.0,229333.33,23.4012,0.003612,280600.0,11.4754,0.002239,222900.0,7.223,0.001229,230866.67,4.6491,0.000864,223150.0,3.6074,0.000676,216700.0,2.4765,0.000457
20261006,3323,加百裕,461000.0,849000.0,673000.0,249000.0,682000.0,1044000.0,99000.0,137000.0,200000.0,317000.0,203000.0,166000.0,110000.0,141000.0,273000.0,307000.0,220000.0,333000.0,387000.0,219000.0,176000.0,389000.0,117000.0,224000.0,280000.0,292000.0,375000.0,323000.0,151000.0,95000.0,661000.0,23.2476,0.010343,582800.0,15.8202,0.006412,471100.0,9.7856,0.003518,373600.0,8.2263,0.002473,353500.0,6.5205,0.001936,316400.0,4.8567,0.001309
20261006,3324,雙鴻,1682000.0,4406000.0,3373000.0,2935000.0,4066000.0,3782000.0,6213000.0,3992000.0,5320000.0,3905000.0,8136000.0,6331000.0,4701000.0,4170000.0,883000.0,990000.0,741000.0,1351000.0,2125000.0,1960000.0,2720000.0,2042000.0,10591000.0,8557000.0,8718000.0,5902000.0,3964000.0,3710000.0,2456000.0,1102000.0,3153666.67,17.7782,0.037738,3292400.0,10.2175,0.023396,3967400.0,4.2396,0.012836,4259666.67,2.6324,0.009025,3553100.0,2.3669,0.007064,4027466.67,1.3921,0.004776
20261006,3325,旭品,142000.0,110000.0,62000.0,70000.0,59000.0,94000.0,40000.0,159000.0,499000.0,356000.0,80000.0,73000.0,55000.0,99000.0,42000.0,164000.0,68000.0,73000.0,61000.0,41000.0,55000.0,61000.0,120000.0,64000.0,114000.0,112000.0,140000.0,124000.0,43000.0,102000.0,104666.67,45.2229,0.003186,88600.0,32.0542,0.001975,159100.0,8.9252,0.001084,129333.33,7.3196,0.000762,117350.0,6.0503,0.000596,109400.0,4.3266,0.000403
20261006,3332,幸康,13000.0,32000.0,18000.0,56000.0,18000.0,,11000.0,1000.0,2000.0,3000.0,1000.0,3000.0,6000.0,6000.0,3000.0,1000.0,10000.0,5000.0,2000.0,7000.0,3000.0,10000.0,11000.0,12000.0,,5000.0,5000.0,2000.0,,8000.0,21000.0,20.6349,0.000292,27400.0,9.4891,0.000181,17111.11,8.4416,9.9e-05,12357.14,7.5145,7e-05,10421.05,6.5657,5.5e-05,9407.41,5.1181,3.7e-05
20261006,3339,泰谷,1234000.0,1789000.0,2424000.0,1226000.0,1445000.0,1739000.0,5972000.0,2053000.0,4936000.0,6348000.0,3671000.0,3653000.0,1462000.0,681000.0,1033000.0,881000.0,1342000.0,870000.0,877000.0,1656000.0,2486000.0,3774000.0,4920000.0,6636000.0,9184000.0,3093000.0,3379000.0,6885000.0,738000.0,801000.0,1815666.67,22.6547,0.027687,1623600.0,15.2008,0.017165,2916600.0,4.231,0.009417,2644400.0,3.111,0.006621,2264600.0,2.7245,0.005182,2906266.67,1.4153,0.003504
20261006,3349,寶德,64000.0,87000.0,149000.0,127000.0,17000.0,60000.0,48000.0,93000.0,71000.0,66000.0,33000.0,57000.0,26000.0,90000.0,80000.0,88000.0,164000.0,196000.0,406000.0,356000.0,42000.0,78000.0,13000.0,167000.0,55000.0,56000.0,85000.0,180000.0,210000.0,156000.0,100000.0,21.3333,0.001436,88800.0,14.4144,0.00089,78200.0,8.1841,0.000488,71200.0,5.9925,0.000343,113900.0,2.8095,0.000269,110666.67,1.9277,0.000182
20261006,3354,律勝,3209000.0,4267000.0,1624000.0,8907000.0,2561000.0,754000.0,2037000.0,899000.0,1650000.0,2476000.0,872000.0,2550000.0,2194000.0,1543000.0,1731000.0,1573000.0,3674000.0,3542000.0,4373000.0,1391000.0,385000.0,1262000.0,952000.0,341000.0,630000.0,2678000.0,1118000.0,697000.0,32000.0,57000.0,3033333.33,35.2637,0.071999,4113600.0,15.6019,0.044637,2838400.0,11.3057,0.02449,2484933.33,8.6092,0.017218,2591350.0,6.1918,0.013477,1999300.0,5.3502,0.009112
20261006,3357,臺慶科,1172000.0,2308000.0,1817000.0,2066000.0,357000.0,419000.0,792000.0,713000.0,1418000.0,1018000.0,2751000.0,510000.0,435000.0,559000.0,669000.0,839000.0,883000.0,492000.0,989000.0,1957000.0,1613000.0,927000.0,1093000.0,1499000.0,1678000.0,3962000.0,1210000.0,744000.0,631000.0,773000.0,1765666.67,22.1257,0.026296,1544000.0,15.1813,0.016302,1208000.0,9.702,0.008944,1133600.0,6.8925,0.006288,1108200.0,5.2879,0.004922,1209800.0,3.2292,0.003328
20261006,3360,尚立,196000.0,286000.0,394000.0,210000.0,332000.0,165000.0,127000.0,208000.0,286000.0,421000.0,232000.0,222000.0,242000.0,290000.0,135000.0,483000.0,340000.0,179000.0,188000.0,167000.0,256000.0,643000.0,312000.0,384000.0,441000.0,669000.0,350000.0,314000.0,350000.0,242000.0,292000.0,22.3744,0.004398,283600.0,13.8223,0.002726,262500.0,7.4667,0.001496,249733.33,5.2322,0.001052,255150.0,3.8409,0.000823,302133.33,2.1624,0.000557
20261006,3362,先進光,10216000.0,7741000.0,1636000.0,1933000.0,631000.0,732000.0,981000.0,830000.0,1356000.0,1080000.0,2659000.0,2892000.0,5710000.0,3491000.0,5212000.0,8597000.0,2778000.0,5390000.0,4629000.0,8845000.0,1388000.0,1196000.0,2301000.0,919000.0,1818000.0,1717000.0,2500000.0,30982000.0,12278000.0,9033000.0,6531000.0,52.1411,0.229212,4431400.0,46.1073,0.142103,2713600.0,37.6474,0.077964,3140000.0,21.69,0.054813,3866950.0,13.2094,0.042904,4715700.0,7.2213,0.029008
20261006,3363,上詮,2240000.0,2773000.0,3651000.0,1065000.0,1457000.0,1530000.0,1571000.0,2873000.0,2665000.0,2223000.0,2561000.0,4018000.0,3029000.0,2539000.0,2139000.0,2374000.0,4358000.0,6138000.0,4093000.0,4008000.0,8509000.0,8690000.0,6583000.0,7445000.0,6652000.0,4400000.0,9546000.0,6021000.0,1934000.0,1924000.0,2888000.0,25.8541,0.050258,2237200.0,20.025,0.031158,2204800.0,10.1597,0.017095,2422266.67,6.165,0.012019,2865250.0,3.9089,0.009407,3966966.67,1.8822,0.00636
20261006,3372,典範,375000.0,801000.0,1026000.0,263000.0,638000.0,394000.0,248000.0,457000.0,694000.0,1420000.0,2204000.0,2554000.0,537000.0,302000.0,315000.0,250000.0,254000.0,203000.0,400000.0,375000.0,296000.0,419000.0,261000.0,311000.0,326000.0,364000.0,307000.0,216000.0,275000.0,214000.0,734000.0,17.03,0.008414,620600.0,12.0851,0.005216,631600.0,5.9373,0.002862,815200.0,3.0667,0.002012,685500.0,2.7352,0.001575,556633.33,2.2456,0.001065
20261006,3373,熱映,67000.0,38000.0,62000.0,18000.0,55000.0,22000.0,20000.0,22000.0,36000.0,27000.0,30000.0,9000.0,22000.0,18000.0,26000.0,52000.0,47000.0,30000.0,52000.0,219000.0,27000.0,24000.0,24000.0,23000.0,8000.0,47000.0,118000.0,69000.0,46000.0,16000.0,55666.67,40.1198,0.001503,48000.0,27.9167,0.000932,36700.0,18.2561,0.000511,31466.67,14.1949,0.000359,43600.0,7.6835,0.000281,42466.67,5.259,0.00019
20261006,3374,精材,21710000.0,3380000.0,1232000.0,644000.0,1120000.0,2002000.0,14226000.0,17529000.0,16778000.0,9732000.0,13489000.0,12866000.0,12851000.0,7868000.0,17313000.0,15121000.0,2996000.0,2339000.0,3377000.0,4538000.0,4668000.0,4513000.0,3650000.0,21935000.0,41562000.0,28788000.0,20845000.0,19617000.0,6313000.0,13863000.0,8774000.0,82.4785,0.487098,5617200.0,77.2983,0.301984,8835300.0,24.5719,0.165682,10182666.67,14.2137,0.116483,9055550.0,11.9871,0.091175,11562166.67,6.2589,0.061646
20261006,3379,彬台,34000.0,40000.0,28000.0,47000.0,39000.0,60000.0,17000.0,46000.0,82000.0,139000.0,43000.0,32000.0,42000.0,40000.0,59000.0,64000.0,114000.0,51000.0,45000.0,85000.0,77000.0,93000.0,20000.0,46000.0,149000.0,123000.0,129000.0,96000.0,86000.0,56000.0,34000.0,33.3333,0.000763,37600.0,18.0851,0.000473,53200.0,6.391,0.000259,49866.67,4.5455,0.000182,55350.0,3.0714,0.000143,66066.67,1.7154,9.7e-05
20261006,3388,崇越電,739000.0,553000.0,346000.0,593000.0,942000.0,165000.0,247000.0,280000.0,606000.0,723000.0,206000.0,360000.0,208000.0,254000.0,463000.0,371000.0,421000.0,598000.0,1509000.0,504000.0,681000.0,992000.0,781000.0,915000.0,2057000.0,2826000.0,3746000.0,5382000.0,1908000.0,2161000.0,546000.0,45.116,0.016581,634600.0,23.2903,0.010279,519400.0,14.228,0.00564,445666.67,11.0546,0.003965,504400.0,7.3255,0.003104,1051233.33,2.3433,0.002098
20261006,3390,旭軟,148000.0,155000.0,123000.0,103000.0,195000.0,189000.0,85000.0,96000.0,110000.0,320000.0,123000.0,170000.0,66000.0,113000.0,134000.0,131000.0,98000.0,78000.0,200000.0,112000.0,90000.0,199000.0,143000.0,76000.0,148000.0,161000.0,409000.0,103000.0,125000.0,175000.0,142000.0,34.7418,0.003321,144800.0,20.442,0.002059,152400.0,9.7113,0.001129,142000.0,6.9484,0.000794,137450.0,5.3838,0.000622,145933.33,3.3805,0.00042
20261006,3402,漢科,341000.0,727000.0,505000.0,405000.0,1006000.0,308000.0,177000.0,352000.0,150000.0,138000.0,293000.0,126000.0,86000.0,92000.0,80000.0,159000.0,111000.0,323000.0,128000.0,359000.0,163000.0,212000.0,182000.0,171000.0,193000.0,230000.0,162000.0,151000.0,81000.0,223000.0,524333.33,21.6783,0.007651,596800.0,11.4276,0.004743,410900.0,8.2989,0.002602,319066.67,7.1249,0.00183,293300.0,5.8132,0.001432,254466.67,4.4669,0.000968
20261006,3430,奇鈦科,153000.0,290000.0,818000.0,143000.0,183000.0,329000.0,998000.0,115000.0,220000.0,389000.0,206000.0,154000.0,75000.0,179000.0,221000.0,255000.0,180000.0,163000.0,195000.0,575000.0,145000.0,262000.0,168000.0,197000.0,171000.0,246000.0,253000.0,252000.0,239000.0,464000.0,420333.33,12.1332,0.003433,317400.0,9.6408,0.002128,363800.0,4.2056,0.001168,298200.0,3.4205,0.000821,292050.0,2.6194,0.000643,274600.0,1.8572,0.000434
20261006,3434,哲固,160000.0,73000.0,55000.0,47000.0,46000.0,56000.0,115000.0,65000.0,210000.0,331000.0,599000.0,324000.0,1198000.0,750000.0,74000.0,50000.0,10000.0,37000.0,27000.0,43000.0,48000.0,63000.0,27000.0,52000.0,22000.0,32000.0,45000.0,19000.0,42000.0,43000.0,96000.0,55.5556,0.00359,76200.0,41.9948,0.002226,115800.0,13.8169,0.001221,273533.33,3.8996,0.000858,213500.0,3.7471,0.000672,155433.33,3.4313,0.000454
20261006,3438,類比科,56000.0,66000.0,116000.0,62000.0,84000.0,28000.0,68000.0,55000.0,72000.0,40000.0,75000.0,41000.0,35000.0,42000.0,53000.0,43000.0,69000.0,62000.0,90000.0,64000.0,160000.0,386000.0,255000.0,399000.0,315000.0,111000.0,487000.0,363000.0,17000.0,64000.0,79333.33,23.5294,0.001256,76800.0,14.5833,0.000779,64700.0,8.6553,0.000427,59533.33,6.271,0.0003,61050.0,4.5864,0.000235,125933.33,1.4823,0.000159
20261006,3441,聯一光,19574000.0,9599000.0,27832000.0,6182000.0,1054000.0,751000.0,565000.0,696000.0,2104000.0,1873000.0,2828000.0,47398000.0,18981000.0,37659000.0,36125000.0,22967000.0,27586000.0,21508000.0,12595000.0,13589000.0,4705000.0,3173000.0,3875000.0,3180000.0,4530000.0,27256000.0,32034000.0,11877000.0,27905000.0,48653000.0,19001666.67,34.3373,0.439173,12848200.0,30.4696,0.272272,7023000.0,27.8713,0.149381,14214733.33,9.1801,0.105023,15573300.0,6.2845,0.082205,15955133.33,4.0894,0.055581
20261006,3444,利機,230000.0,417000.0,203000.0,74000.0,233000.0,217000.0,72000.0,111000.0,340000.0,170000.0,362000.0,604000.0,155000.0,70000.0,144000.0,152000.0,108000.0,225000.0,201000.0,255000.0,615000.0,288000.0,279000.0,368000.0,190000.0,417000.0,647000.0,669000.0,1045000.0,219000.0,283333.33,27.0588,0.00516,231400.0,19.879,0.003199,206700.0,11.1272,0.001755,226800.0,6.7607,0.001234,217150.0,5.2959,0.000966,302666.67,2.533,0.000653
20261006,3455,由田,1376000.0,8634000.0,6416000.0,3845000.0,5673000.0,5465000.0,3493000.0,637000.0,1611000.0,2070000.0,2559000.0,4228000.0,1298000.0,768000.0,1409000.0,2830000.0,1254000.0,572000.0,1074000.0,1402000.0,1855000.0,3876000.0,2396000.0,3232000.0,4096000.0,1954000.0,3480000.0,1457000.0,1014000.0,834000.0,5475333.33,8.377,0.030873,5188800.0,5.3037,0.01914,3922000.0,3.5084,0.010501,3298800.0,2.7808,0.007383,2830700.0,2.4305,0.005779,2693600.0,1.7028,0.003907
20261006,3465,進泰電子,15000.0,16000.0,36000.0,26000.0,11000.0,2000.0,42000.0,80000.0,16000.0,13000.0,9000.0,20000.0,14000.0,4000.0,10000.0,12000.0,16000.0,36000.0,10000.0,15000.0,23000.0,23000.0,12000.0,5000.0,11000.0,11000.0,19000.0,26000.0,30000.0,20000.0,22333.33,22.3881,0.000337,20800.0,14.4231,0.000209,25700.0,5.8366,0.000114,20933.33,4.7771,8e-05,20150.0,3.7221,6.3e-05,19433.33,2.5729,4.3e-05
20261006,3466,德晉,1144000.0,136000.0,129000.0,63000.0,372000.0,74000.0,108000.0,80000.0,251000.0,175000.0,275000.0,116000.0,36000.0,84000.0,159000.0,161000.0,197000.0,161000.0,156000.0,144000.0,96000.0,161000.0,116000.0,110000.0,174000.0,175000.0,59000.0,144000.0,96000.0,21000.0,469666.67,81.1923,0.025667,368800.0,62.039,0.015913,253200.0,45.1817,0.008731,213466.67,35.7277,0.006138,201050.0,28.4506,0.004804,172433.33,22.1148,0.003248
20261006,3467,台灣精材,250000.0,763000.0,433000.0,792000.0,1015000.0,1564000.0,613000.0,858000.0,1289000.0,776000.0,1068000.0,2766000.0,3278000.0,606000.0,122000.0,155000.0,109000.0,50000.0,48000.0,91000.0,118000.0,175000.0,34000.0,19000.0,31000.0,91000.0,60000.0,79000.0,12000.0,10000.0,482000.0,17.2891,0.005609,650600.0,7.6852,0.003477,835300.0,2.9929,0.001908,1079533.33,1.5439,0.001341,832300.0,1.5019,0.00105,575833.33,1.4472,0.00071
20261006,3479,安勤,400000.0,513000.0,395000.0,276000.0,693000.0,1070000.0,1272000.0,379000.0,605000.0,470000.0,416000.0,423000.0,238000.0,372000.0,298000.0,717000.0,1164000.0,1495000.0,276000.0,285000.0,397000.0,411000.0,439000.0,751000.0,478000.0,325000.0,364000.0,400000.0,338000.0,424000.0,436000.0,30.581,0.008975,455400.0,17.567,0.005564,607300.0,6.5865,0.003053,521333.33,5.1151,0.002146,587850.0,3.4022,0.00168,536133.33,2.4869,0.001136
20261006,3483,力致,311000.0,1040000.0,564000.0,136000.0,338000.0,219000.0,199000.0,246000.0,518000.0,295000.0,254000.0,125000.0,195000.0,219000.0,124000.0,274000.0,538000.0,530000.0,275000.0,344000.0,466000.0,759000.0,963000.0,337000.0,168000.0,217000.0,239000.0,161000.0,162000.0,339000.0,638333.33,16.2402,0.006978,477800.0,13.018,0.004326,386600.0,8.0445,0.002373,318866.67,6.5022,0.001669,337200.0,4.6115,0.001306,351833.33,2.9465,0.000883
20261006,3484,崧騰,110000.0,328000.0,300000.0,157000.0,85000.0,127000.0,68000.0,60000.0,64000.0,135000.0,143000.0,111000.0,52000.0,152000.0,143000.0,90000.0,192000.0,218000.0,111000.0,271000.0,280000.0,434000.0,527000.0,209000.0,200000.0,181000.0,173000.0,120000.0,125000.0,308000.0,246000.0,14.9051,0.002468,196000.0,11.2245,0.00153,143400.0,7.6709,0.000839,135666.67,5.4054,0.00059,145850.0,3.771,0.000462,182466.67,2.0095,0.000312
20261006,3485,敘豐,167000.0,121000.0,98000.0,83000.0,131000.0,127000.0,56000.0,46000.0,128000.0,54000.0,48000.0,72000.0,26000.0,59000.0,64000.0,82000.0,114000.0,56000.0,58000.0,99000.0,96000.0,86000.0,78000.0,136000.0,233000.0,166000.0,120000.0,225000.0,176000.0,755000.0,128666.67,43.2642,0.003747,120000.0,27.8333,0.002323,101100.0,16.5183,0.001274,85333.33,13.0469,0.000896,84450.0,9.8875,0.000701,125333.33,4.4415,0.000474
20261006,3489,森寶,60000.0,87000.0,151000.0,144000.0,90000.0,170000.0,61000.0,180000.0,280000.0,147000.0,83000.0,97000.0,20000.0,78000.0,94000.0,60000.0,89000.0,272000.0,245000.0,167000.0,35000.0,67000.0,190000.0,109000.0,64000.0,148000.0,150000.0,145000.0,325000.0,304000.0,99333.33,20.1342,0.001346,106400.0,11.2782,0.000835,137000.0,4.3796,0.000458,116133.33,3.4443,0.000322,128750.0,2.3301,0.000252,137066.67,1.4591,0.00017
20261006,3490,單井,3481000.0,8201000.0,18557000.0,13858000.0,1899000.0,4275000.0,2499000.0,2384000.0,3058000.0,3205000.0,3981000.0,5251000.0,6905000.0,5425000.0,2830000.0,3576000.0,2932000.0,1392000.0,3053000.0,3131000.0,2987000.0,3895000.0,4338000.0,4722000.0,6189000.0,6502000.0,6345000.0,3781000.0,5316000.0,3465000.0,10079666.67,11.5116,0.078102,9199200.0,7.568,0.04842,6141700.0,5.6678,0.026566,5720600.0,4.0567,0.018677,4994650.0,3.4847,0.014619,4914433.33,2.3611,0.009884
20261006,3491,昇達科,4238000.0,2059000.0,561000.0,663000.0,800000.0,1501000.0,835000.0,1805000.0,1278000.0,1264000.0,1520000.0,1968000.0,1292000.0,641000.0,1402000.0,1922000.0,1097000.0,1322000.0,1474000.0,1430000.0,1863000.0,1779000.0,1148000.0,1863000.0,2444000.0,2731000.0,2494000.0,1380000.0,1342000.0,1484000.0,2286000.0,61.7964,0.095086,1664200.0,50.9314,0.05895,1500400.0,28.2458,0.032343,1455133.33,19.4163,0.022739,1453600.0,14.5776,0.017798,1586666.67,8.9034,0.012034
20261006,3492,長盛,30000.0,74000.0,19000.0,36000.0,18000.0,8000.0,10000.0,39000.0,13000.0,15000.0,3000.0,15000.0,46000.0,136000.0,5000.0,58000.0,35000.0,34000.0,11000.0,40000.0,14000.0,56000.0,12000.0,25000.0,54000.0,159000.0,290000.0,39000.0,93000.0,88000.0,41000.0,24.3902,0.000673,35400.0,16.9492,0.000417,26200.0,11.4504,0.000229,31133.33,6.424,0.000161,32250.0,4.6512,0.000126,49166.67,2.0339,8.5e-05
20261006,3498,陽程,6054000.0,4750000.0,2969000.0,3684000.0,6669000.0,4753000.0,3139000.0,2085000.0,3202000.0,1837000.0,2467000.0,3531000.0,2740000.0,3962000.0,2527000.0,3117000.0,2191000.0,2493000.0,1377000.0,1324000.0,3414000.0,6524000.0,3075000.0,4768000.0,1452000.0,1152000.0,393000.0,508000.0,970000.0,1582000.0,4591000.0,43.9556,0.135831,4825200.0,25.0933,0.08421,3914200.0,15.4668,0.046202,3624600.0,11.135,0.032482,3243550.0,9.3324,0.025425,2956966.67,6.8246,0.01719
20261006,3499,環天科,53000.0,118000.0,77000.0,31000.0,42000.0,5000.0,28000.0,26000.0,69000.0,52000.0,49000.0,156000.0,31000.0,29000.0,52000.0,63000.0,109000.0,92000.0,279000.0,647000.0,303000.0,13000.0,34000.0,80000.0,10000.0,32000.0,16000.0,25000.0,17000.0,36000.0,82666.67,21.371,0.001189,64200.0,16.5109,0.000737,50100.0,10.5788,0.000404,54533.33,6.4792,0.000284,100400.0,2.6394,0.000223,85800.0,2.0591,0.00015
20261006,3508,位速,244000.0,426000.0,246000.0,369000.0,506000.0,549000.0,617000.0,696000.0,1903000.0,1512000.0,664000.0,199000.0,217000.0,210000.0,287000.0,89000.0,113000.0,179000.0,180000.0,118000.0,105000.0,186000.0,172000.0,347000.0,214000.0,319000.0,366000.0,387000.0,583000.0,940000.0,305333.33,26.6376,0.005475,358200.0,13.6237,0.003394,706800.0,3.4522,0.001862,576333.33,2.8224,0.001309,466200.0,2.6169,0.001025,431433.33,1.8852,0.000693
20261006,3511,矽瑪,137000.0,296000.0,90000.0,48000.0,99000.0,101000.0,95000.0,90000.0,122000.0,87000.0,103000.0,88000.0,60000.0,148000.0,85000.0,140000.0,140000.0,198000.0,142000.0,101000.0,60000.0,246000.0,52000.0,168000.0,52000.0,90000.0,94000.0,111000.0,115000.0,38000.0,174333.33,26.195,0.003074,134000.0,20.4478,0.001906,116500.0,11.7597,0.001046,109933.33,8.3081,0.000735,118500.0,5.7806,0.000575,113200.0,4.0342,0.000389
20261006,3512,皇龍,43000.0,40000.0,19000.0,20000.0,20000.0,8000.0,18000.0,26000.0,15000.0,25000.0,101000.0,19000.0,50000.0,22000.0,5000.0,13000.0,13000.0,35000.0,12000.0,56000.0,148000.0,12000.0,33000.0,26000.0,11000.0,63000.0,11000.0,27000.0,18000.0,14000.0,34000.0,42.1569,0.000965,28400.0,30.2817,0.000598,23400.0,18.3761,0.000328,28733.33,9.9768,0.000231,28000.0,7.6786,0.000181,30766.67,4.6587,0.000122
20261006,3516,亞帝歐,36000.0,74000.0,48000.0,45000.0,14000.0,7000.0,13000.0,4000.0,20000.0,29000.0,19000.0,18000.0,12000.0,1000.0,149000.0,13000.0,33000.0,38000.0,26000.0,122000.0,308000.0,745000.0,77000.0,284000.0,21000.0,442000.0,224000.0,43000.0,13000.0,11000.0,52666.67,22.7848,0.000808,43400.0,16.5899,0.000501,29000.0,12.4138,0.000275,32600.0,7.362,0.000193,36050.0,4.9931,0.000151,96300.0,1.2461,0.000102
20261006,3520,華盈,304000.0,849000.0,150000.0,159000.0,158000.0,171000.0,48000.0,112000.0,145000.0,66000.0,46000.0,58000.0,71000.0,57000.0,79000.0,106000.0,43000.0,167000.0,108000.0,95000.0,116000.0,91000.0,103000.0,167000.0,203000.0,132000.0,139000.0,155000.0,315000.0,294000.0,434333.33,23.3308,0.006821,324000.0,18.7654,0.004229,216200.0,14.0611,0.00232,164866.67,12.2928,0.001631,149600.0,10.1604,0.001277,156900.0,6.4585,0.000863
20261006,3521,台鋼建設,25000.0,109000.0,21000.0,97000.0,20000.0,37000.0,10000.0,50000.0,27000.0,39000.0,16000.0,37000.0,15000.0,13000.0,7000.0,17000.0,121000.0,2000.0,121000.0,142000.0,5000.0,17000.0,29000.0,9000.0,21000.0,94000.0,19000.0,23000.0,13000.0,34000.0,51666.67,16.129,0.000561,54400.0,9.1912,0.000348,43500.0,5.7471,0.000191,34866.67,4.7801,0.000134,46300.0,2.6998,0.000105,39666.67,2.1008,7.1e-05
20261006,3522,御嵿,88000.0,53000.0,151000.0,66000.0,109000.0,176000.0,105000.0,100000.0,77000.0,202000.0,160000.0,259000.0,160000.0,133000.0,393000.0,873000.0,152000.0,88000.0,105000.0,108000.0,26000.0,76000.0,100000.0,21000.0,33000.0,90000.0,192000.0,44000.0,46000.0,21000.0,97333.33,30.137,0.001974,93400.0,18.8437,0.001224,112700.0,7.8083,0.000672,148800.0,3.9427,0.000472,177900.0,2.4733,0.00037,140233.33,2.0918,0.00025
20261006,3523,迎輝,11000.0,23000.0,28000.0,33000.0,13000.0,16000.0,16000.0,38000.0,23000.0,17000.0,28000.0,42000.0,58000.0,48000.0,26000.0,32000.0,13000.0,13000.0,13000.0,26000.0,1000.0,1000.0,5000.0,13000.0,12000.0,6000.0,8000.0,3000.0,24000.0,16000.0,20666.67,17.7419,0.000247,21600.0,10.1852,0.000153,21800.0,5.0459,8.4e-05,28000.0,2.619,5.9e-05,25850.0,2.1277,4.6e-05,20200.0,1.8152,3.1e-05
20261006,3526,凡甲,379000.0,144000.0,128000.0,130000.0,86000.0,155000.0,73000.0,143000.0,166000.0,148000.0,185000.0,129000.0,124000.0,228000.0,131000.0,286000.0,286000.0,180000.0,263000.0,144000.0,75000.0,239000.0,107000.0,173000.0,169000.0,229000.0,182000.0,137000.0,191000.0,141000.0,217000.0,58.2181,0.008503,173400.0,43.714,0.005272,155200.0,24.4201,0.002892,156600.0,16.1345,0.002033,175400.0,10.8039,0.001592,171700.0,7.3578,0.001076
20261006,3527,聚積,29000.0,54000.0,36000.0,75000.0,51000.0,41000.0,25000.0,40000.0,173000.0,112000.0,37000.0,69000.0,87000.0,50000.0,26000.0,66000.0,65000.0,28000.0,90000.0,77000.0,33000.0,113000.0,54000.0,76000.0,105000.0,87000.0,73000.0,91000.0,73000.0,28000.0,39666.67,24.3697,0.000651,49000.0,11.8367,0.000403,63600.0,4.5597,0.000221,60333.33,3.2044,0.000156,61550.0,2.3558,0.000122,65466.67,1.4766,8.2e-05
20261006,3529,力旺,902000.0,927000.0,869000.0,1049000.0,2463000.0,2139000.0,1530000.0,3246000.0,1515000.0,857000.0,1414000.0,1007000.0,523000.0,881000.0,1270000.0,1098000.0,1024000.0,2124000.0,2113000.0,2428000.0,1104000.0,1090000.0,1717000.0,593000.0,7020000.0,1620000.0,506000.0,757000.0,504000.0,793000.0,899333.33,33.4322,0.020238,1242000.0,14.525,0.012547,1549700.0,5.8205,0.006884,1372800.0,4.3803,0.00484,1468950.0,3.0702,0.003788,1502766.67,2.0008,0.002561
20261006,3531,先益,1000.0,3000.0,5000.0,1000.0,2000.0,,13000.0,7000.0,9000.0,1000.0,1000.0,5000.0,1000.0,,1000.0,1000.0,4000.0,7000.0,3000.0,3000.0,2000.0,2000.0,14000.0,1000.0,,1000.0,23000.0,2000.0,13000.0,2000.0,3000.0,11.1111,2.2e-05,2400.0,8.3333,1.4e-05,4666.67,2.381,8e-06,3846.15,2.0,5e-06,3777.78,1.4706,4e-06,4740.74,0.7812,3e-06
20261006,3537,堡達,199000.0,618000.0,2230000.0,1635000.0,112000.0,67000.0,134000.0,84000.0,177000.0,160000.0,148000.0,118000.0,115000.0,163000.0,120000.0,166000.0,171000.0,214000.0,230000.0,468000.0,583000.0,371000.0,276000.0,371000.0,343000.0,1154000.0,431000.0,341000.0,292000.0,341000.0,1015666.67,6.531,0.004465,958800.0,4.151,0.002768,541600.0,3.6743,0.001519,405333.33,3.273,0.001068,366450.0,2.7152,0.000836,394400.0,1.6819,0.000565
20261006,3540,曜越,478000.0,1593000.0,121000.0,196000.0,155000.0,202000.0,70000.0,107000.0,196000.0,420000.0,264000.0,190000.0,402000.0,433000.0,272000.0,177000.0,217000.0,218000.0,225000.0,203000.0,260000.0,816000.0,700000.0,2270000.0,1911000.0,692000.0,845000.0,793000.0,3097000.0,3463000.0,730666.67,21.8066,0.010725,508600.0,18.7967,0.006649,353800.0,13.5105,0.003648,339933.33,9.3744,0.002565,306950.0,7.7863,0.002007,699533.33,2.2777,0.001357
20261006,3541,西柏,66000.0,53000.0,52000.0,33000.0,66000.0,82000.0,99000.0,646000.0,773000.0,25000.0,16000.0,7000.0,24000.0,6000.0,49000.0,45000.0,37000.0,56000.0,38000.0,30000.0,5000.0,17000.0,9000.0,24000.0,44000.0,15000.0,63000.0,47000.0,12000.0,11000.0,57000.0,38.5965,0.001481,54000.0,24.4444,0.000918,189500.0,3.4828,0.000504,133133.33,3.305,0.000354,110150.0,2.9959,0.000277,81666.67,2.6939,0.000187
20261006,3546,宇峻,59000.0,117000.0,84000.0,43000.0,53000.0,42000.0,79000.0,108000.0,86000.0,77000.0,114000.0,65000.0,65000.0,51000.0,90000.0,112000.0,396000.0,97000.0,169000.0,221000.0,53000.0,109000.0,91000.0,121000.0,126000.0,76000.0,121000.0,75000.0,84000.0,97000.0,86666.67,22.6923,0.001324,71200.0,16.573,0.000821,74800.0,7.8877,0.00045,75533.33,5.2074,0.000317,106400.0,2.7726,0.000248,102700.0,1.915,0.000168
20261006,3548,兆利,180000.0,510000.0,142000.0,163000.0,165000.0,109000.0,146000.0,153000.0,176000.0,129000.0,155000.0,154000.0,158000.0,98000.0,161000.0,225000.0,846000.0,225000.0,262000.0,168000.0,143000.0,348000.0,224000.0,535000.0,1041000.0,1821000.0,946000.0,204000.0,114000.0,92000.0,277333.33,21.6346,0.004039,232000.0,15.5172,0.002504,187300.0,9.6103,0.001374,173266.67,6.9257,0.000966,216250.0,4.1618,0.000756,326433.33,1.838,0.000511
20261006,3551,世禾,551000.0,1575000.0,2953000.0,1105000.0,904000.0,927000.0,387000.0,1293000.0,767000.0,1863000.0,1455000.0,291000.0,62000.0,86000.0,153000.0,457000.0,144000.0,169000.0,182000.0,277000.0,273000.0,264000.0,209000.0,490000.0,278000.0,589000.0,186000.0,242000.0,124000.0,103000.0,1693000.0,10.8486,0.012363,1417600.0,7.7737,0.007664,1232500.0,4.4706,0.004205,958133.33,3.8338,0.002956,780050.0,3.5318,0.002314,611966.67,3.0013,0.001565
20261006,3552,同致,187000.0,468000.0,838000.0,307000.0,399000.0,622000.0,3275000.0,1269000.0,492000.0,1043000.0,2884000.0,84000.0,135000.0,162000.0,91000.0,97000.0,95000.0,151000.0,70000.0,37000.0,45000.0,118000.0,63000.0,86000.0,219000.0,295000.0,237000.0,95000.0,34000.0,52000.0,497666.67,12.5251,0.004196,439800.0,8.5039,0.002601,890000.0,2.1011,0.001427,817066.67,1.5258,0.001003,635300.0,1.4717,0.000785,465000.0,1.3405,0.000531
20261006,3555,博士旺,29000.0,35000.0,37000.0,26000.0,40000.0,62000.0,68000.0,33000.0,33000.0,28000.0,62000.0,46000.0,76000.0,60000.0,44000.0,31000.0,45000.0,57000.0,109000.0,185000.0,119000.0,78000.0,240000.0,365000.0,369000.0,164000.0,145000.0,146000.0,23000.0,34000.0,33666.67,28.7129,0.000651,33400.0,17.3653,0.000403,39100.0,7.4169,0.000221,45266.67,4.271,0.000156,55300.0,2.6221,0.000122,92966.67,1.0398,8.2e-05
20261006,3556,禾瑞亞,1205000.0,172000.0,123000.0,225000.0,139000.0,105000.0,71000.0,128000.0,154000.0,90000.0,153000.0,140000.0,103000.0,87000.0,158000.0,197000.0,178000.0,214000.0,316000.0,196000.0,910000.0,194000.0,225000.0,233000.0,166000.0,300000.0,171000.0,143000.0,651000.0,405000.0,500000.0,80.3333,0.027036,372800.0,64.6459,0.016761,241200.0,49.9585,0.009196,203533.33,39.4694,0.006465,207700.0,29.0082,0.005061,251733.33,15.956,0.003422
20261006,3558,神準,83000.0,152000.0,296000.0,206000.0,43000.0,52000.0,56000.0,31000.0,65000.0,82000.0,203000.0,70000.0,28000.0,35000.0,33000.0,52000.0,48000.0,60000.0,199000.0,45000.0,45000.0,124000.0,80000.0,43000.0,82000.0,76000.0,130000.0,182000.0,67000.0,88000.0,177000.0,15.6309,0.001862,156000.0,10.641,0.001155,106600.0,7.7861,0.000633,95666.67,5.784,0.000445,91950.0,4.5133,0.000349,91866.67,3.0116,0.000236
20261006,3564,其陽,2752000.0,880000.0,1958000.0,208000.0,153000.0,270000.0,332000.0,221000.0,128000.0,284000.0,337000.0,109000.0,100000.0,177000.0,270000.0,85000.0,152000.0,261000.0,483000.0,352000.0,1603000.0,1754000.0,609000.0,69000.0,140000.0,91000.0,46000.0,70000.0,86000.0,37000.0,1863333.33,49.2308,0.061745,1190200.0,46.2443,0.03828,718600.0,38.2967,0.021002,545266.67,33.6471,0.014766,475600.0,28.9319,0.011558,467233.33,19.6333,0.007814
20261006,3567,逸昌,38000.0,54000.0,46000.0,46000.0,124000.0,355000.0,255000.0,57000.0,43000.0,16000.0,22000.0,13000.0,18000.0,19000.0,15000.0,16000.0,27000.0,21000.0,15000.0,16000.0,26000.0,19000.0,19000.0,43000.0,13000.0,14000.0,18000.0,21000.0,21000.0,19000.0,46000.0,27.5362,0.000853,61600.0,12.3377,0.000529,103400.0,3.675,0.00029,74733.33,3.3898,0.000204,60800.0,3.125,0.00016,47633.33,2.6592,0.000108
20261006,3570,大塚,16000.0,10000.0,18000.0,112000.0,18000.0,11000.0,9000.0,14000.0,48000.0,16000.0,57000.0,65000.0,26000.0,17000.0,50000.0,74000.0,4000.0,14000.0,10000.0,12000.0,3000.0,10000.0,24000.0,9000.0,6000.0,7000.0,29000.0,9000.0,11000.0,11000.0,14666.67,36.3636,0.000359,34800.0,9.1954,0.000223,27200.0,5.8824,0.000122,32466.67,3.2854,8.6e-05,30050.0,2.6622,6.7e-05,24000.0,2.2222,4.5e-05
20261006,3577,泓格,117000.0,320000.0,184000.0,186000.0,614000.0,996000.0,116000.0,115000.0,187000.0,257000.0,331000.0,473000.0,173000.0,109000.0,138000.0,285000.0,546000.0,182000.0,395000.0,117000.0,256000.0,455000.0,320000.0,493000.0,661000.0,190000.0,237000.0,348000.0,202000.0,220000.0,207000.0,18.8406,0.002625,284200.0,8.2336,0.001627,309200.0,3.784,0.000893,287733.33,2.7108,0.000628,292050.0,2.0031,0.000491,307433.33,1.2686,0.000332
20261006,3580,友威科,680000.0,1092000.0,731000.0,1235000.0,4827000.0,3234000.0,1004000.0,1043000.0,1199000.0,1693000.0,1125000.0,2090000.0,1699000.0,1114000.0,134000.0,178000.0,194000.0,151000.0,299000.0,217000.0,301000.0,862000.0,618000.0,380000.0,172000.0,197000.0,214000.0,194000.0,149000.0,115000.0,834333.33,27.1674,0.015257,1713000.0,7.9393,0.009459,1673800.0,4.0626,0.005189,1526666.67,2.9694,0.003648,1196950.0,2.8406,0.002856,904700.0,2.5054,0.001931
20261006,3581,博磊,412000.0,725000.0,608000.0,1622000.0,555000.0,213000.0,226000.0,212000.0,246000.0,284000.0,321000.0,186000.0,110000.0,274000.0,178000.0,273000.0,895000.0,363000.0,181000.0,368000.0,294000.0,487000.0,497000.0,687000.0,202000.0,296000.0,418000.0,434000.0,230000.0,274000.0,581666.67,23.6103,0.009244,784400.0,10.5048,0.005731,510300.0,8.0737,0.003144,411466.67,6.6753,0.002211,412600.0,4.9927,0.00173,402366.67,3.4131,0.00117
20261006,3587,閎康,1260000.0,1284000.0,486000.0,277000.0,317000.0,283000.0,180000.0,236000.0,234000.0,212000.0,273000.0,219000.0,245000.0,236000.0,232000.0,459000.0,465000.0,539000.0,336000.0,332000.0,307000.0,890000.0,1837000.0,403000.0,278000.0,242000.0,402000.0,635000.0,307000.0,283000.0,1010000.0,41.5842,0.02827,724800.0,34.7682,0.017526,476900.0,26.4206,0.009616,398266.67,21.0914,0.00676,405250.0,15.546,0.005292,456300.0,9.2045,0.003578
20261006,3594,磐儀,167000.0,383000.0,282000.0,373000.0,423000.0,249000.0,113000.0,374000.0,267000.0,393000.0,356000.0,179000.0,170000.0,227000.0,252000.0,369000.0,488000.0,251000.0,441000.0,457000.0,752000.0,1079000.0,1094000.0,2608000.0,596000.0,646000.0,665000.0,342000.0,675000.0,368000.0,277333.33,20.0721,0.003747,325600.0,10.258,0.002323,302400.0,5.5225,0.001274,280533.33,3.9686,0.000896,310700.0,2.6875,0.000701,501300.0,1.1104,0.000474
20261006,3597,映興,600000.0,1208000.0,24000.0,25000.0,71000.0,44000.0,79000.0,278000.0,93000.0,16000.0,10000.0,16000.0,7000.0,2000.0,61000.0,9000.0,30000.0,23000.0,17000.0,82000.0,13000.0,12000.0,5000.0,23000.0,5000.0,17000.0,24000.0,47000.0,26000.0,22000.0,610666.67,32.7511,0.013462,385600.0,31.1203,0.008346,243800.0,24.6103,0.004579,168933.33,23.678,0.003219,134750.0,22.2635,0.00252,96300.0,20.7684,0.001704
20261006,3609,三一東林,71000.0,93000.0,49000.0,86000.0,27000.0,52000.0,42000.0,108000.0,340000.0,234000.0,146000.0,128000.0,293000.0,379000.0,574000.0,98000.0,86000.0,192000.0,148000.0,94000.0,184000.0,28000.0,102000.0,209000.0,381000.0,207000.0,372000.0,236000.0,81000.0,319000.0,71000.0,33.3333,0.001593,65200.0,21.7791,0.000988,110200.0,6.4428,0.000542,174800.0,2.7079,0.000381,162000.0,2.1914,0.000298,178633.33,1.3249,0.000202
20261006,3611,鼎翰,32000.0,59000.0,21000.0,10000.0,29000.0,23000.0,10000.0,10000.0,17000.0,24000.0,41000.0,73000.0,4000.0,23000.0,24000.0,42000.0,38000.0,18000.0,43000.0,74000.0,26000.0,16000.0,17000.0,55000.0,54000.0,78000.0,44000.0,36000.0,44000.0,51000.0,37333.33,28.5714,0.000718,30200.0,21.1921,0.000445,23500.0,13.617,0.000244,26666.67,8.0,0.000172,30750.0,5.2033,0.000134,34533.33,3.0888,9.1e-05
20261006,3615,安可,1544000.0,2303000.0,4816000.0,7132000.0,2863000.0,3457000.0,846000.0,2186000.0,742000.0,965000.0,958000.0,1963000.0,277000.0,359000.0,278000.0,620000.0,405000.0,337000.0,290000.0,296000.0,316000.0,519000.0,335000.0,335000.0,323000.0,735000.0,620000.0,865000.0,285000.0,177000.0,2887666.67,17.8229,0.034642,3731600.0,8.2753,0.021477,2685400.0,5.7496,0.011783,2045933.33,5.0311,0.008284,1631850.0,4.7308,0.006484,1238233.33,4.1565,0.004384
20261006,3623,富晶通,168000.0,167000.0,395000.0,326000.0,364000.0,322000.0,146000.0,162000.0,313000.0,283000.0,247000.0,717000.0,562000.0,349000.0,921000.0,983000.0,1196000.0,147000.0,309000.0,126000.0,75000.0,127000.0,22000.0,64000.0,45000.0,103000.0,49000.0,37000.0,12000.0,48000.0,243333.33,23.0137,0.003769,284000.0,11.831,0.002337,264600.0,6.3492,0.001282,362800.0,3.0871,0.000901,410150.0,2.048,0.000706,292833.33,1.9124,0.000477
20261006,3624,光頡,12677000.0,14704000.0,40211000.0,30774000.0,16711000.0,18945000.0,49361000.0,23086000.0,17636000.0,32981000.0,17088000.0,21068000.0,22617000.0,33019000.0,44654000.0,64539000.0,20827000.0,23348000.0,18543000.0,19857000.0,9062000.0,3522000.0,4938000.0,4833000.0,5187000.0,14234000.0,7376000.0,6433000.0,3115000.0,8009000.0,22530666.67,18.7552,0.284428,23015400.0,11.0161,0.176336,25708600.0,4.931,0.096746,26368800.0,3.2051,0.068018,27132300.0,2.3361,0.053239,20311833.33,2.0804,0.035996
20261006,3625,西勝,424000.0,1240000.0,297000.0,235000.0,95000.0,520000.0,55000.0,77000.0,129000.0,170000.0,92000.0,225000.0,107000.0,108000.0,136000.0,150000.0,130000.0,139000.0,82000.0,186000.0,204000.0,284000.0,186000.0,447000.0,329000.0,203000.0,237000.0,530000.0,520000.0,961000.0,653666.67,21.6216,0.009513,458200.0,18.5072,0.005898,324200.0,13.0783,0.003236,260666.67,10.844,0.002275,229850.0,9.2234,0.001781,283266.67,4.9894,0.001204
20261006,3628,盈正,46000.0,93000.0,81000.0,45000.0,78000.0,54000.0,48000.0,76000.0,95000.0,78000.0,161000.0,157000.0,103000.0,199000.0,631000.0,622000.0,746000.0,162000.0,82000.0,57000.0,47000.0,49000.0,28000.0,43000.0,26000.0,25000.0,32000.0,25000.0,79000.0,61000.0,73333.33,20.9091,0.001032,68600.0,13.4111,0.00064,69400.0,6.6282,0.000351,129666.67,2.365,0.000247,180700.0,1.2728,0.000193,134300.0,1.1417,0.000131
20261006,3629,地心引力,5000.0,5000.0,8000.0,2000.0,4000.0,1000.0,,,,4000.0,,,3000.0,11000.0,8000.0,1000.0,1000.0,1000.0,1000.0,7000.0,4000.0,2000.0,2000.0,2000.0,25000.0,61000.0,6000.0,7000.0,2000.0,2000.0,6000.0,27.7778,0.000112,4800.0,20.8333,7e-05,4142.86,17.2414,3.8e-05,5100.0,9.8039,2.7e-05,4133.33,8.0645,2.1e-05,7000.0,2.8571,1.4e-05
20261006,3630,新鉅科,3810000.0,876000.0,517000.0,407000.0,228000.0,332000.0,749000.0,1620000.0,307000.0,295000.0,449000.0,224000.0,364000.0,351000.0,216000.0,321000.0,304000.0,459000.0,622000.0,1200000.0,4072000.0,1378000.0,1816000.0,272000.0,450000.0,603000.0,1440000.0,1434000.0,380000.0,279000.0,1734333.33,73.227,0.085483,1167600.0,65.2621,0.052997,914100.0,41.6803,0.029076,716333.33,35.4584,0.020442,682550.0,27.91,0.016001,859166.67,14.7818,0.010819
20261006,3631,晟楠,341000.0,226000.0,208000.0,149000.0,143000.0,64000.0,96000.0,148000.0,156000.0,270000.0,155000.0,240000.0,88000.0,73000.0,99000.0,117000.0,85000.0,152000.0,46000.0,110000.0,142000.0,179000.0,211000.0,390000.0,989000.0,562000.0,336000.0,155000.0,133000.0,223000.0,258333.33,44.0,0.007651,213400.0,31.9588,0.004743,180100.0,18.9339,0.002602,163733.33,13.8844,0.00183,148300.0,11.497,0.001432,209533.33,5.4248,0.000968
20261006,3632,研勤,97000.0,17000.0,26000.0,6000.0,20000.0,11000.0,16000.0,27000.0,3000.0,3000.0,10000.0,7000.0,6000.0,8000.0,1000.0,3000.0,,21000.0,8000.0,11000.0,,2000.0,2000.0,8000.0,,7000.0,26000.0,4000.0,4000.0,9000.0,46666.67,69.2857,0.002176,33200.0,58.4337,0.001349,22600.0,42.9204,0.00074,17200.0,37.5969,0.00052,15842.11,32.2259,0.000407,13444.44,26.7218,0.000275
20261006,3646,艾恩特,9000.0,1000.0,12000.0,18000.0,18000.0,6000.0,6000.0,16000.0,28000.0,23000.0,22000.0,3000.0,8000.0,10000.0,48000.0,35000.0,3000.0,1000.0,7000.0,24000.0,7000.0,7000.0,5000.0,8000.0,19000.0,9000.0,23000.0,40000.0,24000.0,56000.0,7333.33,40.9091,0.000202,11600.0,15.5172,0.000125,13700.0,6.5693,6.9e-05,15200.0,3.9474,4.8e-05,14900.0,3.0201,3.8e-05,16533.33,1.8145,2.6e-05
20261006,3663,鑫科,418000.0,735000.0,431000.0,1164000.0,2670000.0,546000.0,337000.0,212000.0,393000.0,551000.0,366000.0,1067000.0,872000.0,615000.0,264000.0,285000.0,284000.0,234000.0,565000.0,342000.0,415000.0,854000.0,299000.0,398000.0,292000.0,338000.0,473000.0,357000.0,173000.0,134000.0,528000.0,26.3889,0.009378,1083600.0,7.715,0.005814,745700.0,5.6055,0.00319,709400.0,3.9282,0.002243,617550.0,3.3843,0.001755,536133.33,2.5989,0.001187
20261006,3664,安瑞-KY,23000.0,15000.0,13000.0,41000.0,17000.0,91000.0,97000.0,103000.0,77000.0,49000.0,39000.0,12000.0,89000.0,47000.0,14000.0,1000.0,10000.0,14000.0,25000.0,80000.0,63000.0,232000.0,132000.0,72000.0,96000.0,26000.0,3000.0,43000.0,16000.0,16000.0,17000.0,45.098,0.000516,21800.0,21.1009,0.00032,52600.0,4.3726,0.000176,48466.67,3.1637,0.000123,42850.0,2.6838,9.7e-05,51866.67,1.4781,6.5e-05
20261006,3666,光耀,62000.0,95000.0,114000.0,28000.0,38000.0,40000.0,9000.0,23000.0,37000.0,45000.0,23000.0,14000.0,34000.0,3000.0,4000.0,41000.0,13000.0,61000.0,220000.0,15000.0,52000.0,4000.0,68000.0,36000.0,68000.0,57000.0,74000.0,49000.0,23000.0,33000.0,90333.33,22.8782,0.001391,67400.0,18.3976,0.000862,49100.0,12.6273,0.000473,37933.33,10.8963,0.000333,45950.0,6.7465,0.00026,46100.0,4.483,0.000176
20261006,3672,康聯訊,6000.0,8000.0,5000.0,7000.0,9000.0,16000.0,178000.0,13000.0,31000.0,36000.0,3000.0,3000.0,7000.0,17000.0,11000.0,1000.0,13000.0,10000.0,8000.0,56000.0,37000.0,22000.0,17000.0,21000.0,14000.0,12000.0,1000.0,6000.0,10000.0,10000.0,6333.33,31.5789,0.000135,7000.0,17.1429,8.3e-05,30900.0,1.9417,4.6e-05,23333.33,1.7143,3.2e-05,21900.0,1.3699,2.5e-05,19600.0,1.0204,1.7e-05
20261006,3675,德微,1458000.0,3146000.0,2875000.0,2817000.0,1302000.0,2712000.0,3514000.0,3228000.0,1770000.0,1010000.0,1445000.0,2669000.0,1584000.0,1961000.0,1823000.0,543000.0,360000.0,323000.0,698000.0,986000.0,871000.0,1335000.0,330000.0,620000.0,531000.0,1759000.0,698000.0,1358000.0,442000.0,525000.0,2493000.0,19.4946,0.032713,2319600.0,12.5711,0.020281,2383200.0,6.1178,0.011127,2220933.33,4.3765,0.007823,1811200.0,4.025,0.006123,1489766.67,3.2623,0.00414
20261006,3680,家登,2671000.0,1957000.0,739000.0,716000.0,1579000.0,1018000.0,1361000.0,791000.0,1665000.0,1925000.0,1417000.0,1980000.0,1273000.0,1315000.0,1157000.0,1626000.0,3515000.0,7513000.0,2094000.0,1196000.0,1043000.0,1811000.0,2502000.0,2838000.0,1306000.0,1662000.0,894000.0,1352000.0,993000.0,771000.0,1789000.0,49.7671,0.059928,1532400.0,34.8603,0.037153,1442200.0,18.5203,0.020384,1437600.0,12.3864,0.014331,1875400.0,7.1211,0.011217,1756000.0,5.0702,0.007584
20261006,3684,榮昌,112000.0,29000.0,,49000.0,82000.0,6000.0,2000.0,,21000.0,6000.0,9000.0,22000.0,8000.0,37000.0,161000.0,54000.0,46000.0,8000.0,26000.0,36000.0,35000.0,10000.0,18000.0,4000.0,25000.0,93000.0,10000.0,17000.0,63000.0,64000.0,70500.0,79.4326,0.002513,68000.0,41.1765,0.001558,38375.0,36.4821,0.000855,41846.15,20.5882,0.000601,39666.67,15.6863,0.00047,37607.14,10.6363,0.000318
20261006,3685,元創精密,1212000.0,1770000.0,1512000.0,216000.0,292000.0,322000.0,262000.0,187000.0,189000.0,378000.0,630000.0,202000.0,1146000.0,274000.0,408000.0,610000.0,411000.0,253000.0,418000.0,569000.0,1016000.0,392000.0,1100000.0,962000.0,1288000.0,528000.0,486000.0,353000.0,280000.0,264000.0,1498000.0,26.9693,0.027193,1000400.0,24.2303,0.016859,634000.0,19.1167,0.009249,600000.0,13.4667,0.006503,563050.0,10.7628,0.00509,597666.67,6.7596,0.003441
20261006,3687,歐買尬,13000.0,37000.0,31000.0,50000.0,28000.0,28000.0,47000.0,42000.0,52000.0,52000.0,27000.0,14000.0,18000.0,25000.0,43000.0,34000.0,139000.0,21000.0,15000.0,33000.0,97000.0,25000.0,47000.0,54000.0,36000.0,37000.0,25000.0,46000.0,63000.0,100000.0,27000.0,16.0494,0.000292,31800.0,8.1761,0.000181,38000.0,3.4211,9.9e-05,33800.0,2.5641,7e-05,37450.0,1.7356,5.5e-05,42633.33,1.0164,3.7e-05
20261006,3689,湧德,1169000.0,666000.0,589000.0,288000.0,378000.0,262000.0,401000.0,393000.0,521000.0,307000.0,412000.0,385000.0,356000.0,417000.0,525000.0,1149000.0,457000.0,508000.0,991000.0,1564000.0,993000.0,3809000.0,1442000.0,1698000.0,1601000.0,2972000.0,2590000.0,576000.0,386000.0,340000.0,808000.0,48.2261,0.026228,618000.0,37.8317,0.016261,497400.0,23.5022,0.008921,471266.67,16.537,0.006272,586900.0,9.9591,0.004909,938166.67,4.1535,0.003319
20261006,3691,碩禾,463000.0,1682000.0,1040000.0,1148000.0,964000.0,1317000.0,5400000.0,1724000.0,2162000.0,1057000.0,203000.0,194000.0,153000.0,139000.0,272000.0,505000.0,235000.0,120000.0,200000.0,187000.0,171000.0,579000.0,575000.0,1020000.0,333000.0,356000.0,294000.0,203000.0,309000.0,215000.0,1061666.67,14.5369,0.010388,1059400.0,8.7408,0.00644,1695700.0,2.7304,0.003533,1194533.33,2.584,0.002484,958250.0,2.4159,0.001944,774000.0,1.994,0.001315
20261006,3693,營邦,2323000.0,1480000.0,816000.0,2685000.0,1198000.0,1265000.0,1903000.0,2335000.0,2044000.0,1022000.0,1836000.0,2791000.0,1074000.0,1868000.0,1836000.0,1281000.0,2054000.0,2530000.0,3667000.0,2280000.0,2029000.0,3104000.0,2060000.0,1788000.0,1548000.0,1771000.0,817000.0,944000.0,891000.0,344000.0,1539666.67,50.2923,0.05212,1700400.0,27.323,0.032313,1707100.0,13.6079,0.017728,1765066.67,8.774,0.012464,1914400.0,6.0672,0.009756,1786133.33,4.3352,0.006596
20261006,3707,漢磊,20681000.0,55680000.0,35462000.0,21159000.0,30327000.0,20438000.0,33362000.0,55452000.0,19606000.0,2295000.0,2541000.0,7086000.0,7055000.0,4058000.0,3436000.0,5159000.0,6674000.0,2049000.0,4869000.0,2232000.0,2418000.0,3199000.0,1990000.0,2660000.0,2777000.0,3668000.0,2087000.0,3672000.0,5546000.0,1871000.0,37274333.33,18.4944,0.464011,32661800.0,12.6637,0.28767,29446200.0,7.0233,0.157829,21242533.33,6.4904,0.110962,16981050.0,6.0894,0.086854,12316966.67,5.5969,0.058724
20261006,3709,鑫聯大投控,177000.0,310000.0,191000.0,498000.0,358000.0,232000.0,100000.0,138000.0,195000.0,166000.0,162000.0,132000.0,182000.0,291000.0,189000.0,271000.0,206000.0,279000.0,1661000.0,302000.0,351000.0,463000.0,443000.0,298000.0,275000.0,395000.0,332000.0,201000.0,329000.0,417000.0,226000.0,26.1062,0.003971,306800.0,11.5385,0.002462,236500.0,7.4841,0.001351,221400.0,5.3297,0.00095,302000.0,2.9305,0.000743,318133.33,1.8546,0.000503
20261006,3710,連展投控,222000.0,150000.0,193000.0,232000.0,250000.0,401000.0,145000.0,243000.0,276000.0,598000.0,,,,,,,,766000.0,318000.0,235000.0,255000.0,208000.0,355000.0,242000.0,346000.0,241000.0,273000.0,115000.0,324000.0,183000.0,188333.33,39.292,0.004981,209400.0,21.2034,0.003088,271000.0,8.1919,0.001694,271000.0,8.1919,0.001191,309923.08,5.5101,0.000932,285695.65,3.3785,0.00063
20261006,3713,新晶投控,43000.0,43000.0,18000.0,15000.0,52000.0,45000.0,3000.0,34000.0,44000.0,32000.0,36000.0,29000.0,59000.0,7000.0,36000.0,17000.0,8000.0,40000.0,101000.0,24000.0,12000.0,43000.0,22000.0,25000.0,42000.0,52000.0,7000.0,15000.0,4000.0,15000.0,34666.67,41.3462,0.000965,34200.0,25.1462,0.000598,32900.0,13.0699,0.000328,33066.67,8.6694,0.000231,34300.0,6.2682,0.000181,30766.67,4.6587,0.000122
20261006,3718,中光電投控,1563000.0,1888000.0,1232000.0,1874000.0,1478000.0,1098000.0,1096000.0,1363000.0,2165000.0,2704000.0,3383000.0,3196000.0,5315000.0,6222000.0,5424000.0,5343000.0,4240000.0,4431000.0,7163000.0,6283000.0,4129000.0,3400000.0,,,,,,,,,1561000.0,33.376,0.035068,1607000.0,19.4524,0.021741,1646100.0,9.4952,0.011928,2666733.33,3.9074,0.008386,3373050.0,2.3169,0.006564,3408636.36,2.0843,0.004438
20261006,4102,永日,35000.0,39000.0,31000.0,26000.0,31000.0,7000.0,51000.0,19000.0,7000.0,10000.0,29000.0,30000.0,23000.0,16000.0,23000.0,2000.0,41000.0,34000.0,14000.0,20000.0,16000.0,23000.0,16000.0,8000.0,6000.0,48000.0,21000.0,13000.0,45000.0,6000.0,35000.0,33.3333,0.000785,32400.0,21.6049,0.000487,25600.0,13.6719,0.000267,25133.33,9.2838,0.000188,24400.0,7.1721,0.000147,23000.0,5.0725,9.9e-05
20261006,4105,東洋,668000.0,369000.0,311000.0,444000.0,538000.0,289000.0,198000.0,219000.0,401000.0,598000.0,437000.0,518000.0,326000.0,478000.0,236000.0,569000.0,153000.0,390000.0,245000.0,365000.0,746000.0,321000.0,205000.0,289000.0,385000.0,391000.0,398000.0,334000.0,442000.0,597000.0,449333.33,49.5549,0.014988,466000.0,28.6695,0.009292,403500.0,16.5551,0.005098,402000.0,11.0779,0.003584,387600.0,8.6171,0.002805,395333.33,5.6324,0.001897
20261006,4107,邦特,66000.0,51000.0,17000.0,17000.0,25000.0,41000.0,32000.0,49000.0,14000.0,52000.0,30000.0,19000.0,22000.0,25000.0,41000.0,72000.0,37000.0,25000.0,67000.0,24000.0,30000.0,32000.0,18000.0,34000.0,26000.0,28000.0,19000.0,23000.0,60000.0,23000.0,44666.67,49.2537,0.001481,35200.0,37.5,0.000918,36400.0,18.1319,0.000504,33400.0,13.1737,0.000354,36300.0,9.0909,0.000277,33966.67,6.4769,0.000187
20261006,4109,加捷生醫,51000.0,129000.0,66000.0,158000.0,51000.0,54000.0,169000.0,145000.0,231000.0,84000.0,56000.0,113000.0,120000.0,83000.0,159000.0,95000.0,76000.0,157000.0,165000.0,163000.0,126000.0,235000.0,131000.0,82000.0,83000.0,256000.0,100000.0,103000.0,105000.0,119000.0,82000.0,20.7317,0.001144,91000.0,11.2088,0.000709,113800.0,4.4815,0.000389,111266.67,3.0557,0.000274,116250.0,2.1935,0.000214,122166.67,1.3915,0.000145
20261006,4111,濟生,90000.0,48000.0,64000.0,22000.0,29000.0,17000.0,4000.0,86000.0,38000.0,29000.0,15000.0,25000.0,53000.0,24000.0,87000.0,9000.0,27000.0,47000.0,11000.0,38000.0,44000.0,25000.0,95000.0,31000.0,28000.0,70000.0,44000.0,96000.0,286000.0,197000.0,67333.33,44.5545,0.002019,50600.0,35.5731,0.001252,42700.0,21.0773,0.000687,42066.67,14.2631,0.000483,38150.0,11.7955,0.000378,55966.67,5.3603,0.000256
20261006,4113,聯上,86000.0,822000.0,74000.0,582000.0,304000.0,617000.0,745000.0,76000.0,89000.0,689000.0,660000.0,58000.0,90000.0,145000.0,44000.0,64000.0,63000.0,86000.0,142000.0,102000.0,111000.0,44000.0,197000.0,46000.0,91000.0,28000.0,313000.0,166000.0,76000.0,30000.0,327333.33,8.7576,0.00193,373600.0,4.6039,0.001196,408400.0,2.1058,0.000656,338733.33,1.6926,0.000461,276900.0,1.5529,0.000361,221333.33,1.2952,0.000244
20261006,4114,健喬,507000.0,1321000.0,616000.0,296000.0,464000.0,586000.0,405000.0,323000.0,586000.0,394000.0,809000.0,628000.0,389000.0,471000.0,378000.0,664000.0,373000.0,591000.0,496000.0,566000.0,599000.0,417000.0,426000.0,396000.0,519000.0,501000.0,647000.0,593000.0,728000.0,1338000.0,814666.67,20.7447,0.011375,640800.0,15.824,0.007052,549800.0,9.2215,0.003869,544866.67,6.2034,0.00272,543150.0,4.6672,0.002129,567566.67,2.9776,0.00144
20261006,4116,明基醫,27000.0,39000.0,56000.0,22000.0,17000.0,11000.0,10000.0,13000.0,43000.0,23000.0,16000.0,21000.0,9000.0,30000.0,12000.0,6000.0,35000.0,15000.0,31000.0,20000.0,21000.0,93000.0,12000.0,14000.0,12000.0,27000.0,17000.0,20000.0,39000.0,34000.0,40666.67,22.1311,0.000606,32200.0,16.7702,0.000376,26100.0,10.3448,0.000206,23266.67,7.7364,0.000145,22800.0,5.9211,0.000113,24833.33,3.6242,7.7e-05
20261006,4120,友華,21000.0,28000.0,58000.0,2000.0,7000.0,4000.0,2000.0,43000.0,17000.0,7000.0,21000.0,16000.0,36000.0,18000.0,1000.0,2000.0,15000.0,6000.0,2000.0,6000.0,8000.0,23000.0,38000.0,4000.0,9000.0,26000.0,4000.0,33000.0,42000.0,7000.0,35666.67,19.6262,0.000471,23200.0,18.1034,0.000292,18900.0,11.1111,0.00016,18733.33,7.4733,0.000113,15600.0,6.7308,8.8e-05,16866.67,4.1502,6e-05
20261006,4121,優盛,44000.0,23000.0,57000.0,16000.0,73000.0,18000.0,12000.0,24000.0,42000.0,25000.0,15000.0,46000.0,38000.0,19000.0,14000.0,20000.0,18000.0,36000.0,50000.0,64000.0,21000.0,46000.0,43000.0,44000.0,13000.0,32000.0,57000.0,19000.0,8000.0,41000.0,41333.33,35.4839,0.000987,42600.0,20.6573,0.000612,33400.0,13.1737,0.000336,31066.67,9.4421,0.000236,32700.0,6.7278,0.000185,32600.0,4.499,0.000125
20261006,4123,晟德,1051000.0,1273000.0,1045000.0,873000.0,964000.0,1009000.0,1134000.0,1343000.0,1513000.0,880000.0,1410000.0,1122000.0,1421000.0,1119000.0,889000.0,1051000.0,1732000.0,1961000.0,2538000.0,2243000.0,1820000.0,1970000.0,1491000.0,1648000.0,1586000.0,1707000.0,1764000.0,1615000.0,1675000.0,1605000.0,1123000.0,31.1962,0.023581,1041200.0,20.1882,0.014619,1108500.0,9.4813,0.008021,1136400.0,6.1657,0.005639,1328550.0,3.9554,0.004414,1448400.0,2.4188,0.002984
20261006,4126,太醫,75000.0,21000.0,12000.0,25000.0,20000.0,8000.0,12000.0,9000.0,16000.0,30000.0,72000.0,52000.0,8000.0,7000.0,11000.0,49000.0,14000.0,57000.0,13000.0,18000.0,27000.0,23000.0,4000.0,34000.0,50000.0,27000.0,17000.0,14000.0,13000.0,22000.0,36000.0,69.4444,0.001683,30600.0,49.0196,0.001043,22800.0,32.8947,0.000572,25200.0,19.8413,0.000402,26450.0,14.1777,0.000315,25333.33,9.8684,0.000213
20261006,4127,天良,532000.0,496000.0,534000.0,320000.0,418000.0,309000.0,516000.0,629000.0,817000.0,151000.0,122000.0,54000.0,126000.0,131000.0,94000.0,113000.0,359000.0,101000.0,244000.0,251000.0,1517000.0,422000.0,237000.0,299000.0,481000.0,138000.0,216000.0,184000.0,178000.0,92000.0,520666.67,34.0589,0.011936,460000.0,23.1304,0.0074,472200.0,11.2664,0.00406,349933.33,10.1353,0.002854,315850.0,8.4217,0.002234,336033.33,5.2773,0.001511
20261006,4128,中天,1453000.0,2377000.0,783000.0,1192000.0,1707000.0,1191000.0,676000.0,753000.0,602000.0,748000.0,4180000.0,497000.0,359000.0,459000.0,560000.0,573000.0,430000.0,438000.0,694000.0,710000.0,759000.0,1301000.0,624000.0,792000.0,815000.0,606000.0,859000.0,857000.0,1561000.0,2613000.0,1537666.67,31.4979,0.0326,1502400.0,19.3424,0.020211,1148200.0,12.6546,0.011089,1169133.33,8.2853,0.007796,1019100.0,7.1288,0.006102,1038966.67,4.6617,0.004126
20261006,4129,聯合,72000.0,151000.0,61000.0,71000.0,99000.0,124000.0,54000.0,42000.0,131000.0,32000.0,143000.0,86000.0,43000.0,163000.0,113000.0,198000.0,191000.0,232000.0,217000.0,160000.0,162000.0,198000.0,155000.0,251000.0,255000.0,439000.0,1503000.0,2688000.0,71000.0,97000.0,94666.67,25.3521,0.001615,90800.0,15.859,0.001002,83700.0,8.6022,0.000549,92333.33,5.1986,0.000386,119150.0,3.0214,0.000302,273400.0,0.8778,0.000204
20261006,4131,浩泰,23000.0,53000.0,35000.0,8000.0,47000.0,20000.0,23000.0,12000.0,27000.0,11000.0,14000.0,11000.0,1000.0,1000.0,13000.0,10000.0,1000.0,8000.0,20000.0,216000.0,5000.0,1000.0,14000.0,6000.0,19000.0,30000.0,1000.0,51000.0,4000.0,3000.0,37000.0,20.7207,0.000516,33200.0,13.8554,0.00032,25900.0,8.8803,0.000176,19933.33,7.6923,0.000123,27700.0,4.1516,9.7e-05,22933.33,3.343,6.5e-05
20261006,4138,曜亞,21000.0,34000.0,64000.0,18000.0,74000.0,52000.0,59000.0,38000.0,51000.0,24000.0,6000.0,20000.0,10000.0,40000.0,19000.0,18000.0,27000.0,94000.0,38000.0,53000.0,69000.0,41000.0,14000.0,36000.0,35000.0,66000.0,84000.0,70000.0,59000.0,9000.0,39666.67,17.6471,0.000471,42200.0,9.9526,0.000292,43500.0,4.8276,0.00016,35333.33,3.9623,0.000113,38000.0,2.7632,8.8e-05,41433.33,1.6895,6e-05
20261006,4139,馬光-KY,23000.0,66000.0,22000.0,37000.0,65000.0,63000.0,37000.0,32000.0,21000.0,28000.0,36000.0,45000.0,46000.0,24000.0,41000.0,25000.0,25000.0,7000.0,20000.0,16000.0,36000.0,45000.0,43000.0,89000.0,76000.0,33000.0,26000.0,94000.0,62000.0,31000.0,37000.0,20.7207,0.000516,42600.0,10.7981,0.00032,39400.0,5.8376,0.000176,39066.67,3.9249,0.000123,33950.0,3.3873,9.7e-05,40466.67,1.8946,6.5e-05
20261006,4147,中裕,686000.0,1025000.0,560000.0,1008000.0,576000.0,575000.0,1608000.0,1702000.0,1775000.0,1379000.0,1152000.0,741000.0,547000.0,302000.0,491000.0,826000.0,902000.0,1131000.0,1163000.0,610000.0,425000.0,693000.0,510000.0,705000.0,993000.0,2324000.0,1616000.0,1596000.0,839000.0,1213000.0,757000.0,30.207,0.015391,771000.0,17.7951,0.009542,1089400.0,6.297,0.005235,941800.0,4.8559,0.003681,937950.0,3.6569,0.002881,989100.0,2.3119,0.001948
20261006,4153,鈺緯,26000.0,27000.0,18000.0,12000.0,8000.0,4000.0,19000.0,12000.0,2000.0,11000.0,1000.0,5000.0,1000.0,5000.0,1000.0,10000.0,4000.0,11000.0,2000.0,4000.0,4000.0,4000.0,4000.0,20000.0,22000.0,11000.0,16000.0,5000.0,11000.0,5000.0,23666.67,36.6197,0.000583,18200.0,28.5714,0.000362,13900.0,18.705,0.000198,10133.33,17.1053,0.00014,9150.0,14.2077,0.000109,9500.0,9.1228,7.4e-05
20261006,4154,樂威科-KY,1000.0,32000.0,8000.0,10000.0,17000.0,52000.0,14000.0,27000.0,,1000.0,58000.0,4000.0,6000.0,24000.0,7000.0,,,,,,,5000.0,,8000.0,,5000.0,,20000.0,1000.0,50000.0,13666.67,2.439,2.2e-05,13600.0,1.4706,1.4e-05,18000.0,0.6173,8e-06,18642.86,0.3831,5e-06,18642.86,0.3831,4e-06,17500.0,0.2857,3e-06
20261006,4157,太景*-KY,613000.0,1070000.0,664000.0,479000.0,668000.0,761000.0,391000.0,1123000.0,692000.0,503000.0,722000.0,988000.0,622000.0,702000.0,419000.0,1016000.0,835000.0,602000.0,1057000.0,1913000.0,438000.0,473000.0,541000.0,672000.0,456000.0,828000.0,912000.0,788000.0,1285000.0,567000.0,782333.33,26.1184,0.013754,698800.0,17.5444,0.008527,696400.0,8.8024,0.004678,694466.67,5.8846,0.003289,792000.0,3.8699,0.002574,760000.0,2.6886,0.001741
20261006,4160,訊聯基因,15000.0,32000.0,11000.0,9000.0,47000.0,5000.0,18000.0,67000.0,37000.0,5000.0,4000.0,10000.0,8000.0,4000.0,13000.0,14000.0,25000.0,77000.0,35000.0,22000.0,14000.0,19000.0,26000.0,11000.0,16000.0,25000.0,9000.0,28000.0,26000.0,25000.0,19333.33,25.8621,0.000337,22800.0,13.1579,0.000209,24600.0,6.0976,0.000114,19000.0,5.2632,8e-05,22900.0,3.2751,6.3e-05,21900.0,2.2831,4.3e-05
20261006,4161,聿新科,32000.0,28000.0,29000.0,34000.0,46000.0,40000.0,11000.0,30000.0,23000.0,24000.0,21000.0,10000.0,20000.0,10000.0,11000.0,10000.0,8000.0,21000.0,14000.0,33000.0,5000.0,17000.0,2000.0,25000.0,2000.0,19000.0,18000.0,2000.0,8000.0,98000.0,29666.67,35.9551,0.000718,33800.0,18.9349,0.000445,29700.0,10.7744,0.000244,24600.0,8.6721,0.000172,22750.0,7.033,0.000134,21700.0,4.9155,9.1e-05
20261006,4162,智擎,107000.0,271000.0,104000.0,195000.0,175000.0,110000.0,128000.0,296000.0,308000.0,190000.0,201000.0,337000.0,199000.0,214000.0,198000.0,487000.0,510000.0,293000.0,220000.0,211000.0,272000.0,212000.0,283000.0,200000.0,198000.0,157000.0,195000.0,228000.0,175000.0,291000.0,160666.67,22.1992,0.002401,170400.0,12.5587,0.001488,188400.0,5.6794,0.000817,202200.0,3.5279,0.000574,237700.0,2.2507,0.000449,232166.67,1.5363,0.000304
20261006,4163,鐿鈦,34000.0,60000.0,17000.0,9000.0,20000.0,22000.0,13000.0,10000.0,21000.0,8000.0,20000.0,24000.0,16000.0,18000.0,14000.0,49000.0,35000.0,82000.0,265000.0,23000.0,36000.0,44000.0,9000.0,43000.0,23000.0,51000.0,55000.0,95000.0,115000.0,58000.0,37000.0,30.6306,0.000763,28000.0,24.2857,0.000473,21400.0,15.8879,0.000259,20400.0,11.1111,0.000182,38000.0,4.4737,0.000143,42966.67,2.6377,9.7e-05
20261006,4166,友霖,63000.0,58000.0,36000.0,163000.0,47000.0,24000.0,66000.0,54000.0,68000.0,19000.0,50000.0,118000.0,35000.0,35000.0,48000.0,70000.0,64000.0,409000.0,193000.0,57000.0,63000.0,77000.0,62000.0,122000.0,133000.0,54000.0,86000.0,34000.0,72000.0,32000.0,52333.33,40.1274,0.001414,73400.0,17.1662,0.000876,59800.0,10.5351,0.000481,58933.33,7.1267,0.000338,83850.0,3.7567,0.000265,80400.0,2.6119,0.000179
20261006,4167,松瑞藥,562000.0,453000.0,574000.0,469000.0,832000.0,535000.0,596000.0,628000.0,698000.0,515000.0,987000.0,1145000.0,418000.0,356000.0,457000.0,474000.0,533000.0,865000.0,501000.0,543000.0,852000.0,908000.0,449000.0,896000.0,969000.0,619000.0,580000.0,586000.0,1189000.0,2233000.0,529666.67,35.3682,0.012609,578000.0,19.4464,0.007817,586200.0,9.5872,0.004289,615000.0,6.0921,0.003015,607050.0,4.6289,0.00236,714066.67,2.6235,0.001596
20261006,4168,醣聯,80000.0,167000.0,197000.0,82000.0,188000.0,35000.0,101000.0,75000.0,132000.0,37000.0,108000.0,178000.0,54000.0,48000.0,38000.0,92000.0,108000.0,74000.0,105000.0,95000.0,146000.0,78000.0,67000.0,88000.0,34000.0,43000.0,82000.0,90000.0,60000.0,71000.0,148000.0,18.018,0.001795,142800.0,11.2045,0.001113,109400.0,7.3126,0.000611,101333.33,5.2632,0.000429,99700.0,4.012,0.000336,91766.67,2.9059,0.000227
20261006,4171,瑞基,64000.0,164000.0,31000.0,27000.0,57000.0,31000.0,11000.0,27000.0,15000.0,25000.0,25000.0,24000.0,16000.0,33000.0,54000.0,57000.0,32000.0,151000.0,44000.0,68000.0,67000.0,19000.0,45000.0,48000.0,28000.0,13000.0,52000.0,68000.0,29000.0,39000.0,86333.33,24.7104,0.001436,68600.0,18.6589,0.00089,45200.0,14.1593,0.000488,40266.67,10.596,0.000343,47800.0,6.6946,0.000269,45466.67,4.6921,0.000182
20261006,4173,久裕,19000.0,18000.0,14000.0,48000.0,39000.0,50000.0,23000.0,16000.0,29000.0,41000.0,33000.0,16000.0,77000.0,7000.0,58000.0,8000.0,52000.0,27000.0,9000.0,54000.0,49000.0,33000.0,9000.0,36000.0,57000.0,32000.0,22000.0,12000.0,78000.0,17000.0,17000.0,37.2549,0.000426,27600.0,13.7681,0.000264,29700.0,6.3973,0.000145,32533.33,3.8934,0.000102,31900.0,2.9781,8e-05,32766.67,1.9329,5.4e-05
20261006,4174,浩鼎,3308000.0,1894000.0,5893000.0,1158000.0,1168000.0,1503000.0,3307000.0,2866000.0,2047000.0,1079000.0,3231000.0,674000.0,239000.0,382000.0,375000.0,205000.0,263000.0,595000.0,587000.0,304000.0,545000.0,487000.0,235000.0,461000.0,449000.0,190000.0,163000.0,276000.0,197000.0,243000.0,3698333.33,29.8152,0.07422,2684200.0,24.6479,0.046014,2422300.0,13.6564,0.025245,1941600.0,11.3583,0.017749,1553900.0,10.6442,0.013893,1144133.33,9.6376,0.009393
20261006,4175,杏一,7000.0,17000.0,,10000.0,11000.0,13000.0,4000.0,9000.0,10000.0,6000.0,3000.0,5000.0,3000.0,6000.0,5000.0,21000.0,10000.0,7000.0,2000.0,10000.0,15000.0,9000.0,13000.0,16000.0,7000.0,11000.0,10000.0,5000.0,6000.0,11000.0,12000.0,29.1667,0.000157,11250.0,15.5556,9.7e-05,9666.67,8.046,5.3e-05,7785.71,6.422,3.8e-05,8368.42,4.4025,2.9e-05,9034.48,2.6718,2e-05
20261006,4183,福永生技,,1000.0,3000.0,7000.0,3000.0,7000.0,14000.0,16000.0,20000.0,61000.0,8000.0,2000.0,2000.0,1000.0,3000.0,3000.0,,,,,2000.0,,1000.0,1000.0,,2000.0,19000.0,1000.0,2000.0,,2000.0,,,3500.0,,,14666.67,,,10571.43,,,10066.67,,,8136.36,,
20261006,4188,安克,62000.0,64000.0,152000.0,249000.0,137000.0,123000.0,460000.0,612000.0,143000.0,85000.0,97000.0,167000.0,69000.0,100000.0,129000.0,326000.0,774000.0,362000.0,271000.0,320000.0,252000.0,141000.0,263000.0,318000.0,660000.0,2162000.0,328000.0,317000.0,605000.0,225000.0,92666.67,22.3022,0.001391,132800.0,9.3373,0.000862,208700.0,2.9708,0.000473,176600.0,2.3405,0.000333,235100.0,1.3186,0.00026,332433.33,0.6217,0.000176
20261006,4192,杏國,52000.0,55000.0,,,4000.0,5000.0,,1000.0,11000.0,6000.0,7000.0,28000.0,5000.0,,11000.0,5000.0,27000.0,5000.0,,11000.0,7000.0,48000.0,1000.0,4000.0,3000.0,16000.0,,28000.0,12000.0,13000.0,53500.0,48.5981,0.001167,37000.0,46.8468,0.000723,19142.86,38.806,0.000397,16818.18,28.1081,0.000279,15533.33,22.3176,0.000218,15208.33,14.2466,0.000148
20261006,4198,欣大健康,5000.0,2000.0,1000.0,1000.0,2000.0,21000.0,8000.0,20000.0,27000.0,6000.0,1000.0,9000.0,11000.0,3000.0,4000.0,1000.0,2000.0,18000.0,3000.0,3000.0,9000.0,24000.0,44000.0,3000.0,8000.0,38000.0,4000.0,4000.0,8000.0,10000.0,2666.67,62.5,0.000112,2200.0,45.4545,7e-05,9300.0,5.3763,3.8e-05,8066.67,4.1322,2.7e-05,7400.0,3.3784,2.1e-05,10000.0,1.6667,1.4e-05
20261006,4205,中華食,38000.0,87000.0,20000.0,2000.0,24000.0,10000.0,13000.0,26000.0,34000.0,12000.0,20000.0,13000.0,9000.0,10000.0,29000.0,27000.0,52000.0,11000.0,13000.0,12000.0,7000.0,5000.0,16000.0,13000.0,14000.0,7000.0,21000.0,10000.0,52000.0,4000.0,48333.33,26.2069,0.000853,34200.0,22.2222,0.000529,26600.0,14.2857,0.00029,23133.33,10.951,0.000204,23100.0,8.2251,0.00016,20366.67,6.2193,0.000108
20261006,4207,環泰,278000.0,147000.0,52000.0,98000.0,35000.0,168000.0,109000.0,60000.0,41000.0,35000.0,133000.0,51000.0,57000.0,102000.0,118000.0,183000.0,41000.0,56000.0,228000.0,49000.0,55000.0,21000.0,53000.0,65000.0,41000.0,89000.0,70000.0,66000.0,49000.0,61000.0,159000.0,58.2809,0.006237,122000.0,45.5738,0.003867,102300.0,27.175,0.002122,98933.33,18.7332,0.001492,102050.0,13.6208,0.001168,87033.33,10.6473,0.000789
20261006,4303,信立,944000.0,1097000.0,428000.0,829000.0,632000.0,768000.0,1097000.0,402000.0,548000.0,446000.0,772000.0,439000.0,306000.0,414000.0,383000.0,920000.0,1828000.0,968000.0,1102000.0,938000.0,824000.0,1115000.0,1186000.0,1239000.0,1529000.0,6423000.0,2992000.0,3933000.0,2923000.0,1187000.0,823000.0,38.2341,0.02118,786000.0,24.0204,0.013131,719100.0,13.1275,0.007204,633666.67,9.9316,0.005065,763050.0,6.1857,0.003965,1287066.67,2.4448,0.00268
20261006,4304,勝昱,31000.0,52000.0,29000.0,15000.0,45000.0,38000.0,81000.0,406000.0,166000.0,171000.0,122000.0,72000.0,107000.0,154000.0,6000.0,117000.0,109000.0,86000.0,91000.0,165000.0,28000.0,16000.0,89000.0,187000.0,98000.0,78000.0,51000.0,70000.0,327000.0,79000.0,37333.33,27.6786,0.000696,34400.0,18.0233,0.000431,103400.0,2.9981,0.000237,99666.67,2.0736,0.000166,103150.0,1.5027,0.00013,102866.67,1.0045,8.8e-05
20261006,4305,世坤,2000.0,,,4000.0,,3000.0,14000.0,,,2000.0,,2000.0,,8000.0,11000.0,,23000.0,2000.0,5000.0,1000.0,1000.0,,,,1000.0,,,3000.0,,,2000.0,100.0,4.5e-05,3000.0,33.3333,2.8e-05,5000.0,8.0,1.5e-05,5750.0,4.3478,1.1e-05,6416.67,2.5974,8e-06,5466.67,2.439,6e-06
20261006,4401,東隆興,60000.0,32000.0,12000.0,22000.0,25000.0,22000.0,93000.0,43000.0,28000.0,25000.0,112000.0,43000.0,50000.0,68000.0,16000.0,132000.0,20000.0,41000.0,18000.0,39000.0,78000.0,33000.0,17000.0,57000.0,31000.0,20000.0,26000.0,80000.0,32000.0,22000.0,34666.67,57.6923,0.001346,30200.0,39.7351,0.000835,36200.0,16.5746,0.000458,43400.0,9.2166,0.000322,45050.0,6.6593,0.000252,43233.33,4.6261,0.00017
20261006,4402,郡都開發,61000.0,25000.0,15000.0,1000.0,26000.0,12000.0,16000.0,22000.0,27000.0,44000.0,61000.0,1000.0,9000.0,7000.0,3000.0,4000.0,43000.0,52000.0,2000.0,27000.0,14000.0,29000.0,29000.0,6000.0,2000.0,20000.0,7000.0,9000.0,7000.0,12000.0,33666.67,60.396,0.001369,25600.0,47.6562,0.000849,24900.0,24.498,0.000466,22000.0,18.4848,0.000327,22900.0,13.3188,0.000256,19766.67,10.2867,0.000173
20261006,4406,新昕纖,22000.0,12000.0,23000.0,11000.0,18000.0,36000.0,11000.0,15000.0,51000.0,153000.0,17000.0,31000.0,121000.0,152000.0,9000.0,132000.0,49000.0,17000.0,75000.0,1000.0,,4000.0,66000.0,46000.0,18000.0,10000.0,30000.0,37000.0,10000.0,14000.0,19000.0,38.5965,0.000494,17200.0,25.5814,0.000306,35200.0,6.25,0.000168,45466.67,3.2258,0.000118,47800.0,2.3013,9.2e-05,41068.97,1.8472,6.2e-05
20261006,4413,飛寶企業,,8000.0,27000.0,6000.0,91000.0,65000.0,48000.0,99000.0,158000.0,32000.0,,17000.0,1000.0,4000.0,,80000.0,7000.0,58000.0,2000.0,4000.0,15000.0,28000.0,48000.0,69000.0,44000.0,67000.0,189000.0,51000.0,39000.0,10000.0,17500.0,,,33000.0,,,59333.33,,,46333.33,,,41588.24,,,46925.93,,
20261006,4416,三圓,380000.0,479000.0,729000.0,869000.0,894000.0,939000.0,1316000.0,2095000.0,5216000.0,2293000.0,4528000.0,1517000.0,1133000.0,2123000.0,1596000.0,771000.0,988000.0,493000.0,625000.0,666000.0,506000.0,604000.0,575000.0,1131000.0,2411000.0,1075000.0,1739000.0,2847000.0,1434000.0,2050000.0,529333.33,23.9295,0.008526,670200.0,11.3399,0.005286,1521000.0,2.4984,0.0029,1740466.67,1.4555,0.002039,1482500.0,1.2816,0.001596,1467400.0,0.8632,0.001079
20261006,4417,金洲,43000.0,81000.0,37000.0,33000.0,51000.0,43000.0,24000.0,52000.0,52000.0,31000.0,147000.0,37000.0,61000.0,72000.0,102000.0,792000.0,47000.0,103000.0,14000.0,53000.0,37000.0,47000.0,39000.0,64000.0,36000.0,24000.0,18000.0,20000.0,40000.0,42000.0,53666.67,26.7081,0.000965,49000.0,17.551,0.000598,44700.0,9.6197,0.000328,57733.33,4.9654,0.000231,93750.0,2.2933,0.000181,74733.33,1.9179,0.000122
20261006,4419,皇家美食,1000.0,1000.0,1000.0,,477000.0,77000.0,11000.0,38000.0,26000.0,3000.0,33000.0,4000.0,1000.0,15000.0,12000.0,,,47000.0,14000.0,3000.0,1000.0,9000.0,7000.0,3000.0,41000.0,10000.0,24000.0,3000.0,7000.0,4000.0,1000.0,33.3333,2.2e-05,120000.0,0.2083,1.4e-05,70555.56,0.1575,8e-06,50000.0,0.1429,5e-06,44941.18,0.1309,4e-06,32333.33,0.1145,3e-06
20261006,4420,光明,42000.0,46000.0,28000.0,18000.0,34000.0,8000.0,27000.0,18000.0,63000.0,58000.0,35000.0,128000.0,186000.0,54000.0,65000.0,25000.0,48000.0,41000.0,53000.0,44000.0,25000.0,40000.0,55000.0,81000.0,9000.0,13000.0,7000.0,12000.0,14000.0,7000.0,38666.67,36.2069,0.000942,33600.0,25.0,0.000584,34200.0,12.2807,0.000321,54000.0,5.1852,0.000225,51050.0,4.1136,0.000176,42800.0,3.271,0.000119
20261006,4430,耀億,41000.0,37000.0,29000.0,28000.0,27000.0,31000.0,17000.0,38000.0,9000.0,10000.0,14000.0,14000.0,13000.0,16000.0,6000.0,56000.0,17000.0,13000.0,15000.0,19000.0,37000.0,19000.0,38000.0,21000.0,1000.0,31000.0,47000.0,42000.0,45000.0,141000.0,35666.67,38.3178,0.00092,32400.0,25.3086,0.00057,26700.0,15.3558,0.000313,22000.0,12.4242,0.00022,22500.0,9.1111,0.000172,29066.67,4.7018,0.000116
20261006,4432,銘旺實,33000.0,14000.0,21000.0,5000.0,30000.0,31000.0,20000.0,54000.0,30000.0,47000.0,7000.0,17000.0,22000.0,20000.0,10000.0,26000.0,27000.0,23000.0,21000.0,18000.0,12000.0,5000.0,27000.0,11000.0,11000.0,17000.0,37000.0,10000.0,18000.0,17000.0,22666.67,48.5294,0.00074,20600.0,32.0388,0.000459,28500.0,11.5789,0.000252,24066.67,9.1413,0.000177,23800.0,6.9328,0.000139,21366.67,5.1482,9.4e-05
20261006,4433,興采,67000.0,73000.0,21000.0,32000.0,131000.0,15000.0,24000.0,57000.0,169000.0,62000.0,63000.0,106000.0,31000.0,117000.0,83000.0,50000.0,36000.0,72000.0,21000.0,71000.0,11000.0,14000.0,27000.0,35000.0,30000.0,10000.0,19000.0,77000.0,21000.0,202000.0,53666.67,41.6149,0.001503,64800.0,20.679,0.000932,65100.0,10.2919,0.000511,70066.67,6.3749,0.000359,65050.0,5.1499,0.000281,58233.33,3.8351,0.00019
20261006,4442,竣邦-KY,13000.0,12000.0,8000.0,19000.0,26000.0,13000.0,10000.0,13000.0,37000.0,20000.0,28000.0,67000.0,52000.0,89000.0,72000.0,811000.0,301000.0,68000.0,32000.0,126000.0,18000.0,18000.0,6000.0,24000.0,23000.0,40000.0,75000.0,23000.0,43000.0,241000.0,11000.0,39.3939,0.000292,15600.0,16.6667,0.000181,17100.0,7.6023,9.9e-05,31933.33,2.714,7e-05,90850.0,0.7155,5.5e-05,77600.0,0.5584,3.7e-05
20261006,4502,健信,22000.0,44000.0,4000.0,11000.0,47000.0,5000.0,9000.0,9000.0,5000.0,,14000.0,20000.0,28000.0,20000.0,87000.0,101000.0,9000.0,27000.0,10000.0,17000.0,13000.0,24000.0,29000.0,28000.0,19000.0,29000.0,45000.0,15000.0,2000.0,40000.0,23333.33,31.4286,0.000494,25600.0,17.1875,0.000306,17333.33,14.1026,0.000168,23214.29,6.7692,0.000118,25736.84,4.499,9.2e-05,25275.86,3.0014,6.2e-05
20261006,4503,金雨,108000.0,176000.0,58000.0,81000.0,174000.0,114000.0,147000.0,278000.0,113000.0,68000.0,189000.0,46000.0,57000.0,95000.0,84000.0,120000.0,106000.0,251000.0,162000.0,90000.0,200000.0,323000.0,123000.0,126000.0,180000.0,515000.0,344000.0,132000.0,146000.0,181000.0,114000.0,31.5789,0.002423,119400.0,18.0905,0.001502,131700.0,8.2005,0.000824,119200.0,6.0403,0.000579,125850.0,4.2908,0.000454,159566.67,2.2561,0.000307
20261006,4506,崇友,61000.0,89000.0,71000.0,27000.0,22000.0,40000.0,68000.0,35000.0,62000.0,17000.0,48000.0,94000.0,54000.0,43000.0,79000.0,62000.0,28000.0,38000.0,32000.0,108000.0,54000.0,45000.0,55000.0,52000.0,21000.0,85000.0,25000.0,48000.0,48000.0,17000.0,73666.67,27.6018,0.001369,54000.0,22.5926,0.000849,49200.0,12.3984,0.000466,54000.0,7.5309,0.000327,53900.0,5.6586,0.000256,50933.33,3.9921,0.000173
20261006,4510,高鋒,466000.0,738000.0,612000.0,407000.0,569000.0,294000.0,382000.0,271000.0,442000.0,609000.0,604000.0,1067000.0,220000.0,434000.0,674000.0,892000.0,626000.0,571000.0,1499000.0,2145000.0,6468000.0,9457000.0,1775000.0,732000.0,1069000.0,1558000.0,3689000.0,1947000.0,423000.0,868000.0,605333.33,25.6608,0.010455,558400.0,16.6905,0.006482,479000.0,9.7286,0.003556,519266.67,5.9828,0.0025,676100.0,3.4462,0.001957,1383600.0,1.1227,0.001323
20261006,4513,福裕,184000.0,137000.0,110000.0,200000.0,137000.0,183000.0,105000.0,174000.0,454000.0,361000.0,436000.0,126000.0,68000.0,119000.0,199000.0,124000.0,126000.0,123000.0,199000.0,314000.0,172000.0,223000.0,159000.0,225000.0,243000.0,379000.0,193000.0,220000.0,130000.0,206000.0,143666.67,42.6914,0.004128,153600.0,23.9583,0.002559,204500.0,8.9976,0.001404,199533.33,6.1477,0.000987,193950.0,4.7435,0.000773,200966.67,3.0519,0.000522
20261006,4523,永彰,49000.0,24000.0,56000.0,40000.0,46000.0,32000.0,14000.0,43000.0,73000.0,83000.0,127000.0,80000.0,65000.0,37000.0,46000.0,99000.0,111000.0,24000.0,28000.0,32000.0,82000.0,44000.0,13000.0,48000.0,52000.0,40000.0,52000.0,93000.0,25000.0,23000.0,43000.0,37.9845,0.001099,43000.0,22.7907,0.000682,46000.0,10.6522,0.000374,54333.33,6.0123,0.000263,55450.0,4.4184,0.000206,52700.0,3.0993,0.000139
20261006,4527,方土霖,,,,,,16000.0,7000.0,12000.0,20000.0,8000.0,13000.0,20000.0,11000.0,20000.0,25000.0,29000.0,26000.0,35000.0,9000.0,2000.0,19000.0,35000.0,35000.0,70000.0,7000.0,6000.0,21000.0,33000.0,11000.0,28000.0,,,,,,,12600.0,,,15200.0,,,16866.67,,,20720.0,,
20261006,4528,江興鍛,29000.0,19000.0,16000.0,21000.0,4000.0,15000.0,12000.0,3000.0,17000.0,12000.0,42000.0,77000.0,25000.0,19000.0,21000.0,7000.0,8000.0,12000.0,7000.0,17000.0,8000.0,16000.0,9000.0,7000.0,6000.0,15000.0,14000.0,19000.0,19000.0,12000.0,21333.33,45.3125,0.000651,17800.0,32.5843,0.000403,14800.0,19.5946,0.000221,22133.33,8.7349,0.000156,19150.0,7.5718,0.000122,16933.33,5.7087,8.2e-05
20261006,4529,淳紳,29000.0,21000.0,4000.0,3000.0,17000.0,5000.0,8000.0,48000.0,61000.0,16000.0,20000.0,20000.0,15000.0,25000.0,26000.0,13000.0,2000.0,35000.0,25000.0,15000.0,52000.0,66000.0,40000.0,60000.0,200000.0,64000.0,61000.0,19000.0,23000.0,28000.0,18000.0,53.7037,0.000651,14800.0,39.1892,0.000403,21200.0,13.6792,0.000221,21200.0,9.1195,0.000156,20400.0,7.1078,0.000122,34033.33,2.8404,8.2e-05
20261006,4530,天意能創,10000.0,10000.0,14000.0,3000.0,10000.0,9000.0,1000.0,1000.0,,38000.0,101000.0,96000.0,2000.0,1000.0,1000.0,13000.0,128000.0,14000.0,99000.0,12000.0,7000.0,18000.0,1000.0,9000.0,1000.0,48000.0,95000.0,52000.0,14000.0,4000.0,11333.33,29.4118,0.000224,9400.0,21.2766,0.000139,10666.67,10.4167,7.6e-05,21214.29,3.367,5.4e-05,29631.58,1.7762,4.2e-05,28000.0,1.2315,2.8e-05
20261006,4533,協易機,488000.0,670000.0,962000.0,337000.0,536000.0,438000.0,590000.0,1094000.0,724000.0,447000.0,525000.0,358000.0,238000.0,408000.0,307000.0,420000.0,415000.0,443000.0,425000.0,443000.0,370000.0,787000.0,537000.0,971000.0,425000.0,667000.0,467000.0,464000.0,477000.0,373000.0,706666.67,23.0189,0.010949,598600.0,16.3047,0.006788,628600.0,7.7633,0.003724,541466.67,6.0084,0.002618,513400.0,4.7526,0.002049,526866.67,3.0874,0.001386
20261006,4534,慶騰,555000.0,704000.0,877000.0,459000.0,632000.0,788000.0,480000.0,829000.0,1978000.0,2557000.0,687000.0,338000.0,247000.0,253000.0,232000.0,870000.0,599000.0,338000.0,567000.0,1123000.0,593000.0,697000.0,418000.0,393000.0,476000.0,393000.0,693000.0,680000.0,487000.0,434000.0,712000.0,25.9831,0.012452,645400.0,17.1986,0.00772,985900.0,5.6294,0.004236,774400.0,4.7779,0.002978,755650.0,3.6723,0.002331,679233.33,2.7237,0.001576
20261006,4535,至興,3000.0,10000.0,43000.0,9000.0,23000.0,14000.0,12000.0,107000.0,10000.0,28000.0,1000.0,5000.0,1000.0,20000.0,14000.0,23000.0,8000.0,5000.0,2000.0,8000.0,8000.0,6000.0,,17000.0,18000.0,6000.0,4000.0,6000.0,13000.0,3000.0,18666.67,5.3571,6.7e-05,17600.0,3.4091,4.2e-05,25900.0,1.1583,2.3e-05,20000.0,1.0,1.6e-05,17300.0,0.8671,1.3e-05,14724.14,0.7026,9e-06
20261006,4538,大詠城,18000.0,12000.0,10000.0,11000.0,10000.0,10000.0,13000.0,10000.0,12000.0,14000.0,24000.0,13000.0,21000.0,15000.0,13000.0,9000.0,113000.0,11000.0,10000.0,14000.0,11000.0,13000.0,15000.0,16000.0,10000.0,14000.0,15000.0,12000.0,8000.0,12000.0,13333.33,45.0,0.000404,12200.0,29.5082,0.00025,12000.0,15.0,0.000137,13733.33,8.7379,9.7e-05,18150.0,4.9587,7.6e-05,16300.0,3.681,5.1e-05
20261006,4541,晟田,446000.0,694000.0,839000.0,1330000.0,2165000.0,513000.0,356000.0,952000.0,855000.0,1178000.0,1840000.0,557000.0,546000.0,552000.0,619000.0,1422000.0,1274000.0,1309000.0,828000.0,842000.0,1798000.0,1350000.0,1391000.0,1087000.0,1953000.0,3876000.0,5470000.0,2130000.0,1652000.0,2222000.0,659666.67,22.5366,0.010007,1094800.0,8.1476,0.006204,932800.0,4.7813,0.003404,896133.33,3.318,0.002393,955850.0,2.333,0.001873,1401533.33,1.0607,0.001266
20261006,4542,科嶠,1278000.0,773000.0,334000.0,400000.0,449000.0,519000.0,2544000.0,2838000.0,3020000.0,1046000.0,1025000.0,745000.0,148000.0,305000.0,234000.0,357000.0,281000.0,317000.0,419000.0,465000.0,469000.0,799000.0,1293000.0,2032000.0,1663000.0,728000.0,481000.0,979000.0,377000.0,392000.0,795000.0,53.5849,0.028674,646800.0,39.5176,0.017777,1320100.0,9.6811,0.009753,1043866.67,8.162,0.006857,874850.0,7.3041,0.005367,890333.33,4.7847,0.003629
20261006,4543,萬在,71000.0,98000.0,65000.0,165000.0,91000.0,165000.0,31000.0,30000.0,75000.0,81000.0,59000.0,63000.0,65000.0,64000.0,50000.0,66000.0,86000.0,74000.0,147000.0,100000.0,101000.0,55000.0,42000.0,79000.0,70000.0,130000.0,81000.0,100000.0,78000.0,59000.0,78000.0,30.3419,0.001593,98000.0,14.4898,0.000988,87200.0,8.1422,0.000542,78200.0,6.0529,0.000381,82300.0,4.3135,0.000298,81366.67,2.9086,0.000202
20261006,4549,桓達,49000.0,61000.0,30000.0,53000.0,67000.0,28000.0,45000.0,36000.0,23000.0,30000.0,23000.0,21000.0,61000.0,44000.0,40000.0,24000.0,87000.0,97000.0,59000.0,79000.0,50000.0,31000.0,20000.0,159000.0,106000.0,182000.0,63000.0,36000.0,61000.0,23000.0,46666.67,35.0,0.001099,52000.0,18.8462,0.000682,42200.0,11.6114,0.000374,40733.33,8.0196,0.000263,47850.0,5.1202,0.000206,56266.67,2.9028,0.000139
20261006,4550,長佳,18000.0,2000.0,7000.0,4000.0,50000.0,5000.0,2000.0,11000.0,21000.0,14000.0,4000.0,16000.0,1000.0,6000.0,17000.0,16000.0,17000.0,3000.0,12000.0,21000.0,,66000.0,19000.0,8000.0,19000.0,66000.0,10000.0,18000.0,14000.0,39000.0,9000.0,66.6667,0.000404,16200.0,22.2222,0.00025,13400.0,13.4328,0.000137,11866.67,10.1124,9.7e-05,12350.0,7.2874,7.6e-05,17448.28,3.5573,5.1e-05
20261006,4554,橙的,11000.0,61000.0,16000.0,17000.0,46000.0,21000.0,6000.0,32000.0,15000.0,10000.0,6000.0,6000.0,6000.0,10000.0,8000.0,37000.0,17000.0,21000.0,23000.0,14000.0,20000.0,21000.0,21000.0,33000.0,43000.0,72000.0,65000.0,69000.0,204000.0,56000.0,29333.33,12.5,0.000247,30200.0,7.2848,0.000153,23500.0,4.6809,8.4e-05,18066.67,4.059,5.9e-05,19150.0,2.8721,4.6e-05,32900.0,1.1145,3.1e-05
20261006,4556,旭然,3768000.0,2998000.0,5276000.0,2981000.0,1040000.0,565000.0,1497000.0,1391000.0,914000.0,1348000.0,588000.0,629000.0,994000.0,1476000.0,2388000.0,2985000.0,1067000.0,967000.0,565000.0,375000.0,215000.0,212000.0,129000.0,200000.0,182000.0,237000.0,246000.0,326000.0,119000.0,205000.0,4014000.0,31.2905,0.084541,3212600.0,23.4576,0.052412,2177800.0,17.3019,0.028756,1856866.67,13.5282,0.020217,1690600.0,11.144,0.015824,1196100.0,10.5008,0.010699
20261006,4558,寶緯,28000.0,12000.0,27000.0,56000.0,25000.0,28000.0,23000.0,3000.0,33000.0,41000.0,4000.0,43000.0,16000.0,6000.0,18000.0,8000.0,34000.0,48000.0,37000.0,24000.0,5000.0,25000.0,11000.0,42000.0,135000.0,439000.0,24000.0,51000.0,122000.0,14000.0,22333.33,41.791,0.000628,29600.0,18.9189,0.000389,27600.0,10.1449,0.000214,24200.0,7.7135,0.00015,25700.0,5.4475,0.000118,46066.67,2.026,8e-05
20261006,4561,健椿,196000.0,183000.0,145000.0,70000.0,266000.0,66000.0,72000.0,111000.0,182000.0,63000.0,81000.0,70000.0,52000.0,53000.0,97000.0,139000.0,112000.0,114000.0,143000.0,182000.0,197000.0,199000.0,171000.0,160000.0,135000.0,218000.0,235000.0,175000.0,250000.0,505000.0,174666.67,37.4046,0.004398,172000.0,22.7907,0.002726,135400.0,14.4756,0.001496,113800.0,11.4821,0.001052,119850.0,8.1769,0.000823,154733.33,4.2223,0.000557
20261006,4563,百德,299000.0,193000.0,350000.0,509000.0,337000.0,231000.0,282000.0,304000.0,954000.0,133000.0,181000.0,262000.0,134000.0,41000.0,132000.0,133000.0,72000.0,83000.0,113000.0,173000.0,196000.0,254000.0,968000.0,238000.0,41000.0,58000.0,59000.0,163000.0,33000.0,35000.0,280666.67,35.5107,0.006709,337600.0,17.7133,0.004159,359200.0,8.3241,0.002282,289466.67,6.8862,0.001604,245800.0,6.0822,0.001256,232033.33,4.2954,0.000849
20261006,4568,科際精密,4000.0,14000.0,3000.0,14000.0,17000.0,4000.0,3000.0,1000.0,9000.0,9000.0,1000.0,8000.0,1000.0,2000.0,4000.0,,5000.0,,7000.0,4000.0,3000.0,5000.0,4000.0,8000.0,,2000.0,7000.0,,14000.0,4000.0,7000.0,19.0476,9e-05,10400.0,7.6923,5.6e-05,7800.0,5.1282,3.1e-05,6266.67,4.2553,2.1e-05,6111.11,3.6364,1.7e-05,6038.46,2.5478,1.1e-05
20261006,4577,達航科技,334000.0,417000.0,547000.0,1175000.0,1075000.0,167000.0,124000.0,135000.0,207000.0,297000.0,258000.0,344000.0,186000.0,311000.0,252000.0,399000.0,337000.0,709000.0,1838000.0,526000.0,2132000.0,705000.0,912000.0,593000.0,3040000.0,1115000.0,287000.0,622000.0,187000.0,178000.0,432666.67,25.7319,0.007494,709600.0,9.4138,0.004646,447800.0,7.4587,0.002549,388600.0,5.73,0.001792,481900.0,3.4654,0.001403,646966.67,1.7209,0.000948
20261006,4580,捷流閥業,32000.0,58000.0,43000.0,158000.0,95000.0,32000.0,125000.0,39000.0,40000.0,29000.0,33000.0,42000.0,69000.0,42000.0,52000.0,61000.0,81000.0,53000.0,92000.0,92000.0,80000.0,113000.0,865000.0,585000.0,66000.0,39000.0,41000.0,42000.0,37000.0,24000.0,44333.33,24.0602,0.000718,77200.0,8.2902,0.000445,65100.0,4.9155,0.000244,59266.67,3.5996,0.000172,63400.0,2.5237,0.000134,105333.33,1.0127,9.1e-05
20261006,4584,君帆,7000.0,,6000.0,6000.0,11000.0,,5000.0,,,3000.0,,2000.0,2000.0,10000.0,3000.0,4000.0,8000.0,5000.0,8000.0,2000.0,1000.0,6000.0,,6000.0,,1000.0,3000.0,,1000.0,2000.0,6500.0,53.8462,0.000157,7500.0,23.3333,9.7e-05,6333.33,18.4211,5.3e-05,5500.0,12.7273,3.8e-05,5466.67,8.5366,2.9e-05,4636.36,6.8627,2e-05
20261006,4609,唐鋒,1000.0,7000.0,2000.0,2000.0,6000.0,,,11000.0,1000.0,5000.0,7000.0,10000.0,5000.0,1000.0,1000.0,2000.0,15000.0,23000.0,44000.0,6000.0,3000.0,2000.0,37000.0,7000.0,6000.0,10000.0,22000.0,155000.0,,1000.0,3333.33,10.0,2.2e-05,3600.0,5.5556,1.4e-05,4375.0,2.8571,8e-06,4538.46,1.6949,5e-06,8277.78,0.6711,4e-06,14518.52,0.2551,3e-06
20261006,4702,中美實,43000.0,55000.0,52000.0,68000.0,63000.0,12000.0,52000.0,62000.0,47000.0,70000.0,59000.0,38000.0,27000.0,13000.0,34000.0,115000.0,32000.0,55000.0,135000.0,70000.0,224000.0,190000.0,23000.0,87000.0,32000.0,33000.0,46000.0,50000.0,109000.0,32000.0,50000.0,28.6667,0.000965,56200.0,15.3025,0.000598,52400.0,8.2061,0.000328,46333.33,6.1871,0.000231,55100.0,3.902,0.000181,64266.67,2.2303,0.000122
20261006,4706,大恭,185000.0,22000.0,9000.0,21000.0,2000.0,1000.0,4000.0,3000.0,5000.0,11000.0,5000.0,9000.0,28000.0,20000.0,35000.0,19000.0,15000.0,80000.0,306000.0,116000.0,308000.0,1000.0,1000.0,1000.0,22000.0,2000.0,1000.0,1000.0,26000.0,97000.0,72000.0,85.6481,0.004151,47800.0,77.4059,0.002573,26300.0,70.3422,0.001412,24000.0,51.3889,0.000993,44800.0,20.6473,0.000777,45200.0,13.6431,0.000525
20261006,4707,磐亞,12464000.0,3926000.0,3027000.0,1829000.0,1476000.0,1435000.0,3453000.0,1934000.0,2359000.0,3899000.0,1483000.0,1568000.0,1596000.0,993000.0,1552000.0,2050000.0,2621000.0,5861000.0,1800000.0,4113000.0,2901000.0,2296000.0,2035000.0,3647000.0,3593000.0,2398000.0,4382000.0,4688000.0,13175000.0,2248000.0,6472333.33,64.1912,0.279649,4544400.0,54.8543,0.173373,3580200.0,34.8137,0.09512,2866266.67,28.9901,0.066875,2971950.0,20.9694,0.052345,3360066.67,12.3648,0.035392
20261006,4711,永純,1773000.0,261000.0,85000.0,113000.0,18000.0,47000.0,21000.0,21000.0,31000.0,7000.0,26000.0,10000.0,44000.0,11000.0,44000.0,37000.0,20000.0,25000.0,86000.0,66000.0,92000.0,60000.0,50000.0,33000.0,28000.0,24000.0,36000.0,19000.0,12000.0,94000.0,706333.33,83.6715,0.03978,450000.0,78.8,0.024662,237700.0,74.5898,0.013531,167466.67,70.5812,0.009513,137300.0,64.5666,0.007446,106466.67,55.5103,0.005034
20261006,4714,永捷,604000.0,2000000.0,1969000.0,711000.0,622000.0,748000.0,745000.0,1981000.0,5293000.0,4803000.0,4008000.0,2250000.0,1400000.0,1992000.0,2079000.0,3108000.0,2151000.0,1660000.0,649000.0,252000.0,457000.0,514000.0,272000.0,1062000.0,1360000.0,3531000.0,6602000.0,2386000.0,824000.0,827000.0,1524333.33,13.208,0.013552,1181200.0,10.2269,0.008402,1947600.0,3.1013,0.004609,2080333.33,1.9356,0.003241,1951250.0,1.5477,0.002537,1895333.33,1.0623,0.001715
20261006,4716,大立,1857000.0,5565000.0,3784000.0,876000.0,677000.0,435000.0,526000.0,766000.0,415000.0,498000.0,464000.0,321000.0,192000.0,276000.0,509000.0,659000.0,272000.0,313000.0,463000.0,826000.0,1066000.0,1114000.0,928000.0,4958000.0,8280000.0,5116000.0,952000.0,334000.0,479000.0,245000.0,3735333.33,16.5715,0.041665,2551800.0,14.5544,0.025831,1539900.0,12.0592,0.014172,1144066.67,10.821,0.009964,984700.0,9.4293,0.007799,1438866.67,4.302,0.005273
20261006,4721,美琪瑪,599000.0,552000.0,375000.0,599000.0,1257000.0,897000.0,661000.0,263000.0,255000.0,464000.0,292000.0,185000.0,257000.0,219000.0,133000.0,274000.0,433000.0,286000.0,219000.0,296000.0,450000.0,410000.0,251000.0,314000.0,271000.0,334000.0,492000.0,623000.0,290000.0,229000.0,508666.67,39.2529,0.01344,676400.0,17.7114,0.008332,592200.0,10.1148,0.004571,467200.0,8.5474,0.003214,425800.0,7.0338,0.002516,406000.0,4.9179,0.001701
20261006,4726,永昕,122000.0,109000.0,144000.0,170000.0,61000.0,87000.0,123000.0,109000.0,171000.0,54000.0,148000.0,94000.0,90000.0,82000.0,183000.0,242000.0,217000.0,124000.0,199000.0,138000.0,80000.0,73000.0,25000.0,108000.0,80000.0,109000.0,128000.0,79000.0,71000.0,50000.0,125000.0,32.5333,0.002737,121200.0,20.132,0.001697,115000.0,10.6087,0.000931,116466.67,6.9834,0.000655,133350.0,4.5744,0.000512,115666.67,3.5159,0.000346
20261006,4728,雙美,12000.0,20000.0,3000.0,14000.0,1000.0,5000.0,43000.0,1000.0,2000.0,60000.0,24000.0,15000.0,11000.0,6000.0,1000.0,,4000.0,,5000.0,4000.0,3000.0,,,2000.0,3000.0,,1000.0,1000.0,35000.0,,11666.67,34.2857,0.000269,10000.0,24.0,0.000167,16100.0,7.4534,9.2e-05,14533.33,5.5046,6.4e-05,12833.33,5.1948,5e-05,11500.0,4.3478,3.4e-05
20261006,4729,熒茂,144000.0,470000.0,371000.0,899000.0,1063000.0,71000.0,34000.0,63000.0,64000.0,98000.0,73000.0,70000.0,15000.0,31000.0,51000.0,38000.0,63000.0,103000.0,66000.0,57000.0,36000.0,58000.0,43000.0,51000.0,72000.0,179000.0,90000.0,68000.0,148000.0,40000.0,328333.33,14.6193,0.003231,589400.0,4.8863,0.002003,327700.0,4.3943,0.001099,234466.67,4.0944,0.000773,192200.0,3.7461,0.000605,154300.0,3.1108,0.000409
20261006,4735,豪展,301000.0,42000.0,16000.0,29000.0,13000.0,63000.0,17000.0,21000.0,31000.0,21000.0,37000.0,42000.0,8000.0,14000.0,21000.0,29000.0,42000.0,45000.0,25000.0,56000.0,67000.0,45000.0,35000.0,69000.0,120000.0,91000.0,66000.0,31000.0,269000.0,109000.0,119666.67,83.844,0.006753,80200.0,75.0623,0.004187,55400.0,54.3321,0.002297,45066.67,44.5266,0.001615,43650.0,34.4788,0.001264,59166.67,16.9577,0.000855
20261006,4741,泓瀚,103000.0,143000.0,178000.0,39000.0,171000.0,183000.0,37000.0,42000.0,66000.0,35000.0,44000.0,43000.0,64000.0,65000.0,93000.0,111000.0,208000.0,50000.0,54000.0,177000.0,71000.0,137000.0,74000.0,125000.0,118000.0,140000.0,64000.0,94000.0,48000.0,50000.0,141333.33,24.2925,0.002311,126800.0,16.2461,0.001433,99700.0,10.331,0.000786,87066.67,7.8867,0.000553,95300.0,5.404,0.000433,94233.33,3.6434,0.000292
20261006,4743,合一,2837000.0,3164000.0,1024000.0,1277000.0,1975000.0,1042000.0,612000.0,1039000.0,692000.0,753000.0,1340000.0,738000.0,532000.0,720000.0,817000.0,1609000.0,603000.0,1306000.0,1620000.0,934000.0,1064000.0,1800000.0,543000.0,484000.0,1227000.0,713000.0,1266000.0,1102000.0,2971000.0,3336000.0,2341666.67,40.3843,0.063653,2055400.0,27.6053,0.039462,1441500.0,19.6809,0.021651,1237466.67,15.2839,0.015222,1231700.0,11.5166,0.011915,1304666.67,7.2483,0.008056
20261006,4744,皇將,70000.0,15000.0,49000.0,55000.0,101000.0,66000.0,50000.0,37000.0,25000.0,70000.0,86000.0,324000.0,312000.0,65000.0,49000.0,18000.0,34000.0,42000.0,69000.0,38000.0,100000.0,42000.0,48000.0,24000.0,32000.0,93000.0,85000.0,57000.0,17000.0,64000.0,44666.67,52.2388,0.001571,58000.0,24.1379,0.000974,53800.0,13.0112,0.000534,91600.0,5.0946,0.000376,78750.0,4.4444,0.000294,71233.33,3.2756,0.000199
20261006,4745,合富-KY,12000.0,28000.0,9000.0,4000.0,28000.0,98000.0,6000.0,29000.0,29000.0,19000.0,14000.0,3000.0,13000.0,17000.0,8000.0,21000.0,18000.0,4000.0,36000.0,36000.0,5000.0,3000.0,7000.0,19000.0,7000.0,18000.0,16000.0,26000.0,13000.0,12000.0,16333.33,24.4898,0.000269,16200.0,14.8148,0.000167,26200.0,4.5802,9.2e-05,21133.33,3.7855,6.4e-05,21600.0,2.7778,5e-05,18600.0,2.1505,3.4e-05
20261006,4747,強生*,50000.0,17000.0,63000.0,33000.0,86000.0,33000.0,36000.0,40000.0,42000.0,63000.0,18000.0,23000.0,80000.0,20000.0,32000.0,108000.0,46000.0,58000.0,54000.0,49000.0,61000.0,78000.0,275000.0,96000.0,134000.0,,,,,,43333.33,38.4615,0.001122,49800.0,20.0803,0.000695,46300.0,10.7991,0.000382,42400.0,7.8616,0.000268,47550.0,5.2576,0.00021,63800.0,3.1348,0.000142
20261006,4749,新應材,585000.0,1411000.0,1676000.0,641000.0,818000.0,995000.0,398000.0,586000.0,510000.0,460000.0,741000.0,351000.0,263000.0,207000.0,376000.0,868000.0,340000.0,656000.0,703000.0,1072000.0,1261000.0,531000.0,689000.0,582000.0,756000.0,693000.0,673000.0,323000.0,264000.0,195000.0,1224000.0,15.9314,0.013125,1026200.0,11.4013,0.008137,808000.0,7.2401,0.004464,667866.67,5.8395,0.003139,682850.0,4.2835,0.002457,654133.33,2.981,0.001661
20261006,4754,國碳科,5000.0,21000.0,27000.0,8000.0,44000.0,23000.0,12000.0,54000.0,29000.0,4000.0,17000.0,10000.0,7000.0,27000.0,8000.0,36000.0,12000.0,99000.0,27000.0,4000.0,12000.0,39000.0,16000.0,45000.0,64000.0,69000.0,23000.0,15000.0,19000.0,16000.0,17666.67,9.434,0.000112,21000.0,4.7619,7e-05,22700.0,2.2026,3.8e-05,19733.33,1.6892,2.7e-05,23700.0,1.0549,2.1e-05,26400.0,0.6313,1.4e-05
20261006,4760,勤凱,3369000.0,424000.0,792000.0,848000.0,111000.0,231000.0,289000.0,175000.0,496000.0,232000.0,235000.0,224000.0,147000.0,353000.0,306000.0,245000.0,231000.0,496000.0,832000.0,556000.0,427000.0,468000.0,421000.0,445000.0,401000.0,522000.0,345000.0,208000.0,251000.0,220000.0,1528333.33,73.4787,0.075589,1108800.0,60.7684,0.046862,696700.0,48.3565,0.025711,548800.0,40.9257,0.018076,529600.0,31.807,0.014149,476666.67,23.5594,0.009566
20261006,4767,誠泰科技,16000.0,3000.0,44000.0,6000.0,6000.0,69000.0,7000.0,19000.0,3000.0,20000.0,3000.0,1000.0,8000.0,6000.0,16000.0,40000.0,4000.0,19000.0,23000.0,10000.0,30000.0,7000.0,24000.0,9000.0,18000.0,43000.0,6000.0,44000.0,19000.0,7000.0,21000.0,25.3968,0.000359,15000.0,21.3333,0.000223,19300.0,8.2902,0.000122,15133.33,7.0485,8.6e-05,16150.0,4.9536,6.7e-05,17666.67,3.0189,4.5e-05
20261006,4768,晶呈科技,931000.0,894000.0,1040000.0,1990000.0,2834000.0,1589000.0,603000.0,1010000.0,349000.0,525000.0,375000.0,361000.0,534000.0,225000.0,312000.0,241000.0,243000.0,207000.0,201000.0,233000.0,438000.0,225000.0,314000.0,239000.0,176000.0,460000.0,428000.0,304000.0,440000.0,949000.0,955000.0,32.4956,0.020888,1537800.0,12.1082,0.01295,1176500.0,7.9133,0.007105,904800.0,6.8597,0.004995,734850.0,6.3346,0.00391,622333.33,4.9866,0.002644
20261006,4772,台特化,785000.0,2620000.0,5669000.0,918000.0,2219000.0,2677000.0,356000.0,232000.0,255000.0,340000.0,545000.0,235000.0,162000.0,235000.0,449000.0,474000.0,433000.0,533000.0,288000.0,475000.0,495000.0,814000.0,648000.0,421000.0,630000.0,858000.0,909000.0,347000.0,895000.0,639000.0,3024666.67,8.6511,0.017613,2442200.0,6.4286,0.010919,1607100.0,4.8846,0.005991,1179800.0,4.4358,0.004212,995000.0,3.9447,0.003297,885200.0,2.956,0.002229
20261006,4806,桂田文創,213000.0,82000.0,87000.0,,,,,,43000.0,26000.0,4000.0,7000.0,1000.0,,33000.0,18000.0,2000.0,5000.0,15000.0,10000.0,20000.0,21000.0,2000.0,15000.0,1000.0,6000.0,3000.0,1000.0,11000.0,18000.0,127333.33,55.7592,0.004779,127333.33,55.7592,0.002963,90200.0,47.2284,0.001626,55111.11,42.9435,0.001143,39000.0,39.011,0.000895,26833.33,33.0745,0.000605
20261006,4903,聯光通,2272000.0,4400000.0,10462000.0,6940000.0,3403000.0,6300000.0,5340000.0,11588000.0,18405000.0,3143000.0,2301000.0,470000.0,544000.0,834000.0,2302000.0,1312000.0,535000.0,493000.0,528000.0,696000.0,1024000.0,1853000.0,2522000.0,1204000.0,406000.0,790000.0,778000.0,693000.0,615000.0,336000.0,5711333.33,13.2602,0.050976,5495400.0,8.2687,0.031603,7225300.0,3.1445,0.017339,5246933.33,2.8868,0.01219,4113400.0,2.7617,0.009542,3082966.67,2.4565,0.006451
20261006,4905,台聯電,190000.0,451000.0,239000.0,215000.0,37000.0,11000.0,15000.0,3000.0,14000.0,25000.0,14000.0,21000.0,52000.0,49000.0,32000.0,49000.0,24000.0,22000.0,12000.0,47000.0,18000.0,45000.0,24000.0,60000.0,66000.0,25000.0,39000.0,32000.0,44000.0,47000.0,293333.33,21.5909,0.004263,226400.0,16.7845,0.002643,120000.0,15.8333,0.00145,91200.0,13.8889,0.001019,76100.0,12.4836,0.000798,64066.67,9.8855,0.00054
20261006,4907,富宇,26000.0,185000.0,98000.0,17000.0,23000.0,14000.0,28000.0,37000.0,34000.0,27000.0,181000.0,11000.0,19000.0,52000.0,79000.0,76000.0,62000.0,190000.0,124000.0,194000.0,26000.0,53000.0,49000.0,61000.0,79000.0,34000.0,137000.0,70000.0,187000.0,93000.0,103000.0,8.4142,0.000583,69800.0,7.4499,0.000362,48900.0,5.317,0.000198,55400.0,3.1288,0.00014,73850.0,1.7603,0.000109,75533.33,1.1474,7.4e-05
20261006,4908,前鼎,2575000.0,9825000.0,2693000.0,1068000.0,1262000.0,1222000.0,2573000.0,3835000.0,3017000.0,4282000.0,7631000.0,10187000.0,10761000.0,7655000.0,4042000.0,6619000.0,14247000.0,2885000.0,1855000.0,1347000.0,1723000.0,2615000.0,17280000.0,1982000.0,8988000.0,11089000.0,11260000.0,10245000.0,827000.0,829000.0,5031000.0,17.0609,0.057774,3484600.0,14.7793,0.035818,3235200.0,7.9593,0.019651,4841866.67,3.5455,0.013816,4979050.0,2.5858,0.010814,5547300.0,1.5473,0.007312
20261006,4909,新復興,1175000.0,270000.0,369000.0,193000.0,367000.0,703000.0,94000.0,213000.0,241000.0,372000.0,271000.0,389000.0,212000.0,266000.0,265000.0,278000.0,202000.0,251000.0,383000.0,221000.0,314000.0,470000.0,241000.0,389000.0,702000.0,2175000.0,1010000.0,280000.0,130000.0,193000.0,604666.67,64.774,0.026363,474800.0,49.4945,0.016344,399700.0,29.397,0.008967,360000.0,21.7593,0.006304,336750.0,17.4462,0.004935,421300.0,9.2966,0.003336
20261006,4911,德英,9000.0,8000.0,17000.0,12000.0,17000.0,11000.0,2000.0,2000.0,8000.0,2000.0,13000.0,17000.0,8000.0,6000.0,7000.0,7000.0,3000.0,31000.0,21000.0,6000.0,6000.0,8000.0,26000.0,39000.0,16000.0,11000.0,16000.0,13000.0,11000.0,35000.0,11333.33,26.4706,0.000202,12600.0,14.2857,0.000125,8800.0,10.2273,6.9e-05,9266.67,6.4748,4.8e-05,10350.0,4.3478,3.8e-05,12933.33,2.3196,2.6e-05
20261006,4923,力士,1215000.0,1755000.0,6519000.0,2798000.0,658000.0,939000.0,3058000.0,3464000.0,1416000.0,3154000.0,1855000.0,382000.0,378000.0,263000.0,227000.0,384000.0,622000.0,1341000.0,771000.0,294000.0,139000.0,264000.0,127000.0,273000.0,251000.0,739000.0,1036000.0,364000.0,111000.0,224000.0,3163000.0,12.8043,0.02726,2589000.0,9.3859,0.016901,2497600.0,4.8647,0.009272,1872066.67,4.3268,0.006519,1574650.0,3.858,0.005103,1167366.67,3.4693,0.00345
20261006,4924,欣厚-KY,243000.0,270000.0,304000.0,592000.0,437000.0,674000.0,527000.0,1722000.0,559000.0,775000.0,582000.0,361000.0,1067000.0,483000.0,251000.0,290000.0,329000.0,210000.0,822000.0,238000.0,436000.0,276000.0,2000.0,19000.0,10000.0,39000.0,42000.0,16000.0,5000.0,28000.0,272333.33,29.743,0.005452,369200.0,13.1636,0.00338,610300.0,3.9816,0.001854,589800.0,2.7467,0.001304,536800.0,2.2634,0.001021,386966.67,2.0932,0.00069
20261006,4931,新盛力,8243000.0,3722000.0,3775000.0,2818000.0,8627000.0,6580000.0,1261000.0,1457000.0,5175000.0,4228000.0,2231000.0,2997000.0,2135000.0,1787000.0,2450000.0,2540000.0,3633000.0,6877000.0,3857000.0,2727000.0,3596000.0,4261000.0,4457000.0,5176000.0,12361000.0,13320000.0,11252000.0,10193000.0,8014000.0,2221000.0,5246666.67,52.3698,0.184945,5437000.0,30.3219,0.114659,4588600.0,17.9641,0.062907,3832400.0,14.3391,0.044227,3856000.0,10.6885,0.034618,5065700.0,5.4241,0.023406
20261006,4933,友輝,42000.0,101000.0,26000.0,51000.0,63000.0,15000.0,31000.0,40000.0,105000.0,101000.0,50000.0,47000.0,41000.0,26000.0,47000.0,68000.0,60000.0,186000.0,64000.0,49000.0,37000.0,53000.0,29000.0,48000.0,66000.0,70000.0,83000.0,122000.0,44000.0,64000.0,56333.33,24.8521,0.000942,56600.0,14.841,0.000584,57500.0,7.3043,0.000321,52400.0,5.3435,0.000225,60650.0,3.4625,0.000176,60966.67,2.2963,0.000119
20261006,4939,亞電,4120000.0,6236000.0,4982000.0,15461000.0,10725000.0,2986000.0,4150000.0,3558000.0,5723000.0,5280000.0,4398000.0,7406000.0,7128000.0,7857000.0,9622000.0,23133000.0,16846000.0,2977000.0,3832000.0,7740000.0,3655000.0,5544000.0,4022000.0,4835000.0,30560000.0,81605000.0,19807000.0,30887000.0,24498000.0,25219000.0,5112666.67,26.8614,0.092439,8304800.0,9.922,0.057309,6322100.0,6.5168,0.031442,6642133.33,4.1352,0.022106,7708000.0,2.6725,0.017303,12826400.0,1.0707,0.011699
20261006,4946,辣椒,4000.0,12000.0,12000.0,9000.0,17000.0,32000.0,25000.0,66000.0,32000.0,16000.0,9000.0,6000.0,26000.0,2000.0,8000.0,13000.0,32000.0,7000.0,28000.0,23000.0,7000.0,11000.0,6000.0,21000.0,7000.0,22000.0,12000.0,4000.0,29000.0,34000.0,9333.33,14.2857,9e-05,10800.0,7.4074,5.6e-05,22500.0,1.7778,3.1e-05,18400.0,1.4493,2.1e-05,18950.0,1.0554,1.7e-05,17733.33,0.7519,1.1e-05
20261006,4950,金耘國際,5000.0,,13000.0,12000.0,9000.0,4000.0,1000.0,23000.0,16000.0,19000.0,15000.0,30000.0,24000.0,65000.0,8000.0,13000.0,19000.0,17000.0,10000.0,,25000.0,21000.0,5000.0,2000.0,6000.0,14000.0,27000.0,,11000.0,11000.0,9000.0,27.7778,0.000112,9750.0,12.8205,7e-05,11333.33,4.902,3.8e-05,17428.57,2.0492,2.7e-05,16833.33,1.6502,2.1e-05,15740.74,1.1765,1.4e-05
20261006,4951,精拓科,204000.0,219000.0,184000.0,250000.0,534000.0,337000.0,687000.0,1528000.0,4159000.0,258000.0,776000.0,389000.0,119000.0,181000.0,256000.0,534000.0,148000.0,292000.0,149000.0,103000.0,141000.0,163000.0,134000.0,127000.0,373000.0,246000.0,95000.0,140000.0,99000.0,85000.0,202333.33,33.6079,0.004577,278200.0,14.6657,0.002838,836000.0,2.4402,0.001557,672066.67,2.0236,0.001095,565350.0,1.8042,0.000857,430333.33,1.5802,0.000579
20261006,4953,緯致,190000.0,212000.0,188000.0,100000.0,144000.0,130000.0,127000.0,280000.0,312000.0,329000.0,299000.0,287000.0,294000.0,700000.0,461000.0,220000.0,155000.0,155000.0,175000.0,196000.0,175000.0,293000.0,173000.0,151000.0,135000.0,289000.0,151000.0,97000.0,97000.0,111000.0,196666.67,32.2034,0.004263,166800.0,22.7818,0.002643,201200.0,9.4433,0.00145,270200.0,4.6879,0.001019,247700.0,3.8353,0.000798,220866.67,2.8675,0.00054
20261006,4966,譜瑞-KY,573000.0,386000.0,194000.0,217000.0,308000.0,220000.0,437000.0,730000.0,1100000.0,660000.0,787000.0,856000.0,298000.0,225000.0,255000.0,303000.0,339000.0,326000.0,664000.0,230000.0,230000.0,930000.0,455000.0,626000.0,481000.0,926000.0,675000.0,739000.0,560000.0,453000.0,384333.33,49.6964,0.012856,335600.0,34.1478,0.00797,482500.0,11.8756,0.004373,483066.67,7.9078,0.003074,455400.0,6.2912,0.002406,506100.0,3.774,0.001627
20261006,4971,IET-KY,3034000.0,3364000.0,1766000.0,663000.0,869000.0,581000.0,677000.0,1166000.0,1214000.0,1573000.0,2134000.0,2995000.0,2213000.0,1399000.0,1378000.0,1562000.0,1612000.0,2392000.0,1885000.0,2012000.0,4905000.0,8356000.0,8383000.0,5343000.0,794000.0,404000.0,681000.0,493000.0,3327000.0,5067000.0,2721333.33,37.1632,0.068073,1939200.0,31.2913,0.042203,1490700.0,20.3529,0.023154,1668400.0,12.1234,0.016279,1724450.0,8.797,0.012742,2408066.67,4.1998,0.008615
20261006,4972,湯石照明,53000.0,43000.0,9000.0,22000.0,13000.0,8000.0,10000.0,32000.0,8000.0,43000.0,29000.0,4000.0,14000.0,7000.0,26000.0,19000.0,5000.0,1000.0,4000.0,37000.0,20000.0,15000.0,8000.0,14000.0,19000.0,18000.0,14000.0,7000.0,17000.0,12000.0,35000.0,50.4762,0.001189,28000.0,37.8571,0.000737,24100.0,21.9917,0.000404,21400.0,16.5109,0.000284,19350.0,13.6951,0.000223,17700.0,9.9812,0.00015
20261006,4973,廣穎,403000.0,462000.0,358000.0,332000.0,386000.0,297000.0,481000.0,656000.0,483000.0,490000.0,544000.0,452000.0,380000.0,511000.0,547000.0,1314000.0,695000.0,714000.0,782000.0,633000.0,720000.0,1584000.0,735000.0,683000.0,864000.0,1136000.0,1135000.0,938000.0,2466000.0,3484000.0,407666.67,32.9518,0.009042,388200.0,20.7625,0.005606,434800.0,9.2686,0.003076,452133.33,5.9422,0.002162,546000.0,3.6905,0.001692,822166.67,1.6339,0.001144
20261006,4974,亞泰,145000.0,124000.0,71000.0,49000.0,73000.0,41000.0,51000.0,67000.0,70000.0,77000.0,108000.0,64000.0,36000.0,48000.0,61000.0,127000.0,370000.0,658000.0,116000.0,180000.0,215000.0,152000.0,483000.0,80000.0,44000.0,118000.0,126000.0,98000.0,99000.0,109000.0,113333.33,42.6471,0.003253,92400.0,31.3853,0.002017,76800.0,18.8802,0.001107,72333.33,13.3641,0.000778,126800.0,5.7177,0.000609,135333.33,3.5714,0.000412
20261006,4979,華星光,10807000.0,1214000.0,1240000.0,980000.0,615000.0,921000.0,8532000.0,7144000.0,11366000.0,14408000.0,9561000.0,917000.0,1024000.0,1726000.0,966000.0,1772000.0,8587000.0,15851000.0,12521000.0,15293000.0,18513000.0,2518000.0,2615000.0,2039000.0,2001000.0,2414000.0,28800000.0,26773000.0,13197000.0,18675000.0,4420333.33,81.4946,0.242472,2971200.0,72.745,0.150324,5722700.0,18.8844,0.082475,4761400.0,15.1314,0.057984,6272250.0,8.6149,0.045386,8099666.67,4.4475,0.030687
20261006,4991,環宇-KY,4538000.0,9930000.0,8135000.0,2081000.0,5006000.0,4165000.0,3067000.0,5308000.0,5427000.0,8007000.0,7333000.0,3647000.0,4127000.0,2828000.0,3429000.0,4002000.0,784000.0,710000.0,635000.0,543000.0,1118000.0,12932000.0,5659000.0,8989000.0,5904000.0,9170000.0,7838000.0,4931000.0,4340000.0,8590000.0,7534333.33,20.077,0.101817,5938000.0,15.2846,0.063123,5566400.0,8.1525,0.034632,5135200.0,5.8914,0.024348,4185100.0,5.4216,0.019058,5105766.67,2.9627,0.012886
20261006,4995,晶達,65000.0,95000.0,57000.0,7000.0,57000.0,50000.0,7000.0,32000.0,5000.0,7000.0,26000.0,21000.0,1000.0,19000.0,76000.0,19000.0,24000.0,13000.0,7000.0,39000.0,27000.0,36000.0,16000.0,18000.0,5000.0,38000.0,9000.0,50000.0,3000.0,23000.0,72333.33,29.9539,0.001458,56200.0,23.1317,0.000904,38200.0,17.0157,0.000496,35000.0,12.381,0.000349,31350.0,10.3668,0.000273,28400.0,7.6291,0.000185
20261006,5009,榮剛,1042000.0,2116000.0,1052000.0,1851000.0,6137000.0,1480000.0,700000.0,546000.0,918000.0,931000.0,1723000.0,815000.0,626000.0,1410000.0,1883000.0,1270000.0,973000.0,1448000.0,1338000.0,1352000.0,1402000.0,1290000.0,1393000.0,3644000.0,1763000.0,1669000.0,1007000.0,1175000.0,2184000.0,4747000.0,1403333.33,24.7506,0.023379,2439600.0,8.5424,0.014494,1677300.0,6.2124,0.007952,1548666.67,4.4856,0.005591,1480550.0,3.519,0.004376,1662833.33,2.0888,0.002959
20261006,5011,久陽,3108000.0,1024000.0,1102000.0,115000.0,281000.0,183000.0,142000.0,388000.0,319000.0,126000.0,212000.0,80000.0,90000.0,153000.0,83000.0,101000.0,139000.0,149000.0,339000.0,111000.0,73000.0,137000.0,168000.0,201000.0,430000.0,299000.0,499000.0,543000.0,63000.0,106000.0,1744666.67,59.381,0.069733,1126000.0,55.2043,0.043232,678800.0,45.7867,0.023719,493733.33,41.966,0.016676,412250.0,37.6956,0.013053,358800.0,28.874,0.008825
20261006,5013,強新,3715000.0,212000.0,596000.0,422000.0,1214000.0,1125000.0,61000.0,120000.0,243000.0,180000.0,21000.0,24000.0,28000.0,51000.0,25000.0,41000.0,149000.0,14000.0,11000.0,16000.0,47000.0,17000.0,14000.0,7000.0,20000.0,77000.0,18000.0,8000.0,18000.0,26000.0,1507666.67,82.1358,0.083352,1231800.0,60.3182,0.051675,788800.0,47.0969,0.028351,535800.0,46.2237,0.019933,413400.0,44.9323,0.015602,284000.0,43.6033,0.010549
20261006,5014,建錩,127000.0,264000.0,170000.0,168000.0,373000.0,540000.0,50000.0,191000.0,141000.0,83000.0,82000.0,111000.0,52000.0,92000.0,193000.0,299000.0,95000.0,303000.0,147000.0,50000.0,109000.0,232000.0,79000.0,197000.0,187000.0,306000.0,115000.0,150000.0,138000.0,222000.0,187000.0,22.6381,0.002849,220400.0,11.5245,0.001767,210700.0,6.0275,0.000969,175800.0,4.8161,0.000681,176550.0,3.5967,0.000533,175533.33,2.4117,0.000361
20261006,5015,華祺,64000.0,211000.0,256000.0,31000.0,35000.0,16000.0,10000.0,29000.0,11000.0,2000.0,15000.0,2000.0,24000.0,10000.0,8000.0,1000.0,12000.0,2000.0,31000.0,43000.0,17000.0,10000.0,8000.0,31000.0,12000.0,12000.0,7000.0,55000.0,6000.0,11000.0,177000.0,12.0527,0.001436,119400.0,10.7203,0.00089,66500.0,9.6241,0.000488,48266.67,8.8398,0.000343,40650.0,7.8721,0.000269,32733.33,6.5173,0.000182
20261006,5016,松和,203000.0,369000.0,1300000.0,380000.0,137000.0,5000.0,3000.0,9000.0,10000.0,2000.0,9000.0,2000.0,5000.0,19000.0,10000.0,7000.0,,5000.0,6000.0,3000.0,1000.0,15000.0,10000.0,10000.0,17000.0,10000.0,20000.0,29000.0,3000.0,3000.0,624000.0,10.844,0.004555,477800.0,8.4973,0.002824,241800.0,8.3954,0.001549,164200.0,8.242,0.001089,130736.84,8.1723,0.000853,89724.14,7.8017,0.000576
20261006,5201,凱衛,264000.0,38000.0,85000.0,38000.0,119000.0,30000.0,24000.0,184000.0,239000.0,125000.0,15000.0,20000.0,154000.0,184000.0,67000.0,157000.0,205000.0,431000.0,210000.0,150000.0,150000.0,52000.0,34000.0,23000.0,18000.0,71000.0,37000.0,51000.0,17000.0,22000.0,129000.0,68.2171,0.005923,108800.0,48.5294,0.003672,114600.0,23.0366,0.002015,105733.33,16.6456,0.001416,136950.0,9.6386,0.001109,107133.33,8.2141,0.00075
20261006,5202,力新,2297000.0,444000.0,307000.0,270000.0,622000.0,459000.0,1347000.0,529000.0,1239000.0,3191000.0,4907000.0,1033000.0,4216000.0,1991000.0,1026000.0,340000.0,58000.0,84000.0,64000.0,67000.0,90000.0,69000.0,103000.0,76000.0,93000.0,111000.0,122000.0,148000.0,138000.0,101000.0,1016000.0,75.3609,0.051537,788000.0,58.2995,0.031951,1070500.0,21.4573,0.01753,1591866.67,9.6197,0.012324,1224550.0,9.379,0.009647,851400.0,8.993,0.006522
20261006,5205,中茂,52000.0,20000.0,49000.0,7000.0,12000.0,,6000.0,,3000.0,12000.0,,,1000.0,1000.0,4000.0,7000.0,,1000.0,1000.0,5000.0,,4000.0,,1000.0,,1000.0,5000.0,1000.0,1000.0,10000.0,40333.33,42.9752,0.001167,28000.0,37.1429,0.000723,20125.0,32.2981,0.000397,15181.82,31.1377,0.000279,12066.67,28.7293,0.000218,9272.73,25.4902,0.000148
20261006,5206,坤悅,57000.0,112000.0,43000.0,82000.0,128000.0,95000.0,59000.0,115000.0,290000.0,402000.0,545000.0,174000.0,318000.0,1193000.0,103000.0,115000.0,129000.0,83000.0,130000.0,274000.0,108000.0,160000.0,84000.0,195000.0,411000.0,131000.0,220000.0,368000.0,271000.0,190000.0,70666.67,26.8868,0.001279,84400.0,13.5071,0.000793,138300.0,4.1215,0.000435,247733.33,1.5339,0.000306,222350.0,1.2818,0.000239,219500.0,0.8656,0.000162
20261006,5209,新鼎,42000.0,77000.0,136000.0,104000.0,37000.0,52000.0,75000.0,51000.0,100000.0,192000.0,90000.0,181000.0,120000.0,121000.0,371000.0,560000.0,406000.0,244000.0,74000.0,58000.0,86000.0,73000.0,36000.0,90000.0,41000.0,47000.0,33000.0,66000.0,89000.0,46000.0,85000.0,16.4706,0.000942,79200.0,10.6061,0.000584,86600.0,4.8499,0.000321,116600.0,2.4014,0.000225,154550.0,1.3588,0.000176,123266.67,1.1357,0.000119
20261006,5210,寶碩,146000.0,334000.0,154000.0,148000.0,241000.0,341000.0,149000.0,204000.0,288000.0,174000.0,634000.0,111000.0,28000.0,64000.0,267000.0,337000.0,574000.0,117000.0,154000.0,230000.0,60000.0,168000.0,93000.0,135000.0,60000.0,106000.0,122000.0,241000.0,56000.0,51000.0,211333.33,23.0284,0.003276,204600.0,14.2717,0.002031,217900.0,6.7003,0.001114,218866.67,4.4472,0.000783,234750.0,3.1097,0.000613,192900.0,2.5229,0.000415
20261006,5211,蒙恬,20000.0,25000.0,24000.0,138000.0,19000.0,2000.0,7000.0,9000.0,17000.0,25000.0,27000.0,21000.0,50000.0,64000.0,26000.0,44000.0,222000.0,519000.0,11000.0,11000.0,3000.0,5000.0,6000.0,17000.0,4000.0,9000.0,45000.0,12000.0,18000.0,15000.0,23000.0,28.9855,0.000449,45200.0,8.8496,0.000278,28600.0,6.993,0.000153,31600.0,4.2194,0.000107,64050.0,1.5613,8.4e-05,47166.67,1.4134,5.7e-05
20261006,5212,凌網,10000.0,12000.0,9000.0,21000.0,20000.0,21000.0,8000.0,7000.0,21000.0,3000.0,36000.0,34000.0,4000.0,14000.0,18000.0,30000.0,5000.0,6000.0,8000.0,14000.0,7000.0,6000.0,9000.0,10000.0,2000.0,15000.0,10000.0,4000.0,10000.0,6000.0,10333.33,32.2581,0.000224,14400.0,13.8889,0.000139,13200.0,7.5758,7.6e-05,15866.67,4.2017,5.4e-05,15050.0,3.3223,4.2e-05,12666.67,2.6316,2.8e-05
20261006,5213,亞昕,189000.0,888000.0,97000.0,147000.0,57000.0,108000.0,134000.0,91000.0,103000.0,267000.0,597000.0,122000.0,176000.0,103000.0,190000.0,225000.0,264000.0,216000.0,424000.0,122000.0,81000.0,199000.0,105000.0,277000.0,135000.0,122000.0,131000.0,107000.0,191000.0,280000.0,391333.33,16.0988,0.004241,275600.0,13.7155,0.002629,208100.0,9.0822,0.001442,217933.33,5.7816,0.001014,226000.0,4.1814,0.000794,204933.33,3.0742,0.000537
20261006,5220,萬達光電,283000.0,173000.0,199000.0,830000.0,1471000.0,453000.0,41000.0,54000.0,44000.0,22000.0,14000.0,13000.0,8000.0,18000.0,13000.0,54000.0,7000.0,40000.0,16000.0,21000.0,14000.0,50000.0,1000.0,5000.0,21000.0,8000.0,44000.0,19000.0,18000.0,15000.0,218333.33,43.2061,0.00635,591200.0,9.5737,0.003936,357000.0,7.9272,0.00216,242400.0,7.7833,0.001518,188700.0,7.4987,0.001189,132300.0,7.1303,0.000804
20261006,5223,安力-KY,3000.0,5000.0,8000.0,8000.0,1000.0,3000.0,6000.0,8000.0,7000.0,19000.0,5000.0,6000.0,8000.0,9000.0,13000.0,6000.0,5000.0,29000.0,28000.0,23000.0,6000.0,143000.0,104000.0,18000.0,3000.0,9000.0,1000.0,5000.0,13000.0,1000.0,5333.33,18.75,6.7e-05,5000.0,12.0,4.2e-05,6800.0,4.4118,2.3e-05,7266.67,2.7523,1.6e-05,10000.0,1.5,1.3e-05,16766.67,0.5964,9e-06
20261006,5227,立凱-KY,409000.0,825000.0,575000.0,245000.0,441000.0,243000.0,179000.0,124000.0,262000.0,174000.0,311000.0,604000.0,780000.0,170000.0,154000.0,169000.0,306000.0,394000.0,248000.0,213000.0,223000.0,188000.0,95000.0,197000.0,161000.0,349000.0,243000.0,177000.0,203000.0,184000.0,603000.0,22.6092,0.009177,499000.0,16.3928,0.005689,347700.0,11.763,0.003121,366400.0,7.4418,0.002194,341300.0,5.9918,0.001718,294866.67,4.6236,0.001161
20261006,5228,鈺鎧,3055000.0,3445000.0,2047000.0,631000.0,89000.0,63000.0,87000.0,88000.0,178000.0,135000.0,186000.0,187000.0,130000.0,151000.0,132000.0,197000.0,175000.0,344000.0,344000.0,780000.0,344000.0,223000.0,183000.0,182000.0,311000.0,453000.0,223000.0,160000.0,108000.0,147000.0,2849000.0,35.7435,0.068544,1853400.0,32.9664,0.042495,981800.0,31.1163,0.023315,706933.33,28.8099,0.016391,622200.0,24.55,0.01283,492600.0,20.6726,0.008675
20261006,5230,雷笛克光學,296000.0,527000.0,838000.0,780000.0,1601000.0,1546000.0,2238000.0,2235000.0,1152000.0,2992000.0,2549000.0,141000.0,336000.0,160000.0,143000.0,261000.0,189000.0,738000.0,1791000.0,105000.0,103000.0,96000.0,135000.0,32000.0,63000.0,77000.0,119000.0,269000.0,49000.0,45000.0,553666.67,17.8206,0.006641,808400.0,7.3231,0.004117,1420500.0,2.0838,0.002259,1168933.33,1.6881,0.001588,1030900.0,1.4356,0.001243,720200.0,1.37,0.00084
20261006,5245,智晶,99000.0,96000.0,108000.0,139000.0,248000.0,56000.0,154000.0,153000.0,167000.0,123000.0,70000.0,132000.0,77000.0,67000.0,11000.0,80000.0,53000.0,36000.0,18000.0,32000.0,33000.0,38000.0,46000.0,38000.0,15000.0,20000.0,32000.0,35000.0,20000.0,11000.0,101000.0,32.6733,0.002221,138000.0,14.3478,0.001377,134300.0,7.3716,0.000756,113333.33,5.8235,0.000531,95950.0,5.1589,0.000416,73566.67,4.4857,0.000281
20261006,5251,天鉞電,1181000.0,83000.0,65000.0,82000.0,67000.0,109000.0,243000.0,209000.0,405000.0,741000.0,1421000.0,541000.0,2190000.0,673000.0,415000.0,24000.0,32000.0,36000.0,53000.0,26000.0,38000.0,62000.0,37000.0,26000.0,44000.0,50000.0,36000.0,48000.0,29000.0,22000.0,443000.0,88.8638,0.026498,295600.0,79.9053,0.016428,318500.0,37.0801,0.009013,561666.67,14.0178,0.006337,429800.0,13.7389,0.00496,299600.0,13.1397,0.003353
20261006,5263,智崴,103000.0,175000.0,91000.0,128000.0,198000.0,231000.0,138000.0,129000.0,94000.0,279000.0,157000.0,166000.0,104000.0,363000.0,234000.0,898000.0,152000.0,223000.0,181000.0,195000.0,738000.0,257000.0,92000.0,156000.0,397000.0,386000.0,851000.0,298000.0,218000.0,687000.0,123000.0,27.9133,0.002311,139000.0,14.8201,0.001433,156600.0,6.5773,0.000786,172666.67,3.9768,0.000553,211950.0,2.4298,0.000433,277300.0,1.2381,0.000292
20261006,5272,笙科,68000.0,48000.0,62000.0,135000.0,544000.0,49000.0,30000.0,37000.0,76000.0,119000.0,30000.0,46000.0,65000.0,61000.0,38000.0,34000.0,26000.0,69000.0,81000.0,58000.0,69000.0,31000.0,30000.0,129000.0,45000.0,36000.0,31000.0,34000.0,53000.0,60000.0,59333.33,38.2022,0.001526,171400.0,7.9347,0.000946,116800.0,5.8219,0.000519,93866.67,4.8295,0.000365,83800.0,4.0573,0.000286,73133.33,3.0994,0.000193
20261006,5274,信驊,167000.0,100000.0,122000.0,114000.0,206000.0,229000.0,172000.0,234000.0,328000.0,131000.0,226000.0,167000.0,163000.0,113000.0,208000.0,206000.0,226000.0,399000.0,424000.0,461000.0,219000.0,523000.0,672000.0,434000.0,358000.0,316000.0,295000.0,210000.0,182000.0,153000.0,129666.67,42.9306,0.003747,141800.0,23.5543,0.002323,180300.0,9.2623,0.001274,178666.67,6.2313,0.000896,219800.0,3.7989,0.000701,258600.0,2.1526,0.000474
20261006,5276,達輝-KY,2000.0,1000.0,2000.0,7000.0,10000.0,,2000.0,,1000.0,,3000.0,,1000.0,1000.0,,,1000.0,,1000.0,2000.0,2000.0,,2000.0,4000.0,,7000.0,1000.0,2000.0,68000.0,34000.0,1666.67,40.0,4.5e-05,4400.0,9.0909,2.8e-05,3571.43,8.0,1.5e-05,3000.0,6.6667,1.1e-05,2615.38,5.8824,8e-06,7333.33,1.2987,6e-06
20261006,5278,尚凡*,59000.0,108000.0,100000.0,98000.0,93000.0,47000.0,59000.0,50000.0,157000.0,37000.0,30000.0,146000.0,196000.0,43000.0,34000.0,25000.0,21000.0,57000.0,63000.0,69000.0,69000.0,27000.0,29000.0,45000.0,56000.0,47000.0,106000.0,247000.0,41000.0,90000.0,89000.0,22.0974,0.001324,91600.0,12.8821,0.000821,80800.0,7.302,0.00045,83800.0,4.6937,0.000317,74600.0,3.9544,0.000248,74966.67,2.6234,0.000168
20261006,5287,數字,35000.0,71000.0,105000.0,116000.0,24000.0,60000.0,31000.0,22000.0,77000.0,44000.0,182000.0,56000.0,15000.0,26000.0,28000.0,49000.0,26000.0,92000.0,47000.0,62000.0,43000.0,44000.0,107000.0,63000.0,68000.0,142000.0,364000.0,182000.0,64000.0,42000.0,70333.33,16.5877,0.000785,70200.0,9.9715,0.000487,58500.0,5.9829,0.000267,59466.67,3.9238,0.000188,58400.0,2.9966,0.000147,76233.33,1.5304,9.9e-05
20261006,5289,宜鼎,1080000.0,967000.0,762000.0,438000.0,815000.0,820000.0,878000.0,1940000.0,874000.0,1107000.0,1206000.0,894000.0,822000.0,912000.0,889000.0,1271000.0,1769000.0,1056000.0,1885000.0,1496000.0,1231000.0,1605000.0,1229000.0,1445000.0,1505000.0,1879000.0,1226000.0,1433000.0,3263000.0,2959000.0,936333.33,38.4478,0.024231,812400.0,26.5879,0.015023,968100.0,11.1559,0.008242,960266.67,7.4979,0.005795,1094050.0,4.9358,0.004536,1321866.67,2.7234,0.003067
20261006,5291,邑昇,742000.0,806000.0,266000.0,319000.0,661000.0,210000.0,354000.0,192000.0,188000.0,254000.0,240000.0,551000.0,212000.0,457000.0,437000.0,471000.0,659000.0,1692000.0,553000.0,857000.0,1555000.0,1424000.0,1708000.0,2650000.0,2617000.0,5668000.0,3858000.0,1230000.0,445000.0,294000.0,604666.67,40.9041,0.016648,558800.0,26.5569,0.010321,399200.0,18.5872,0.005663,392600.0,12.5998,0.003981,506050.0,7.3313,0.003116,1052333.33,2.3503,0.002107
20261006,5299,杰力,193000.0,507000.0,355000.0,248000.0,437000.0,150000.0,320000.0,588000.0,138000.0,126000.0,180000.0,163000.0,132000.0,53000.0,144000.0,104000.0,151000.0,125000.0,352000.0,142000.0,110000.0,263000.0,122000.0,113000.0,232000.0,554000.0,361000.0,341000.0,136000.0,151000.0,351666.67,18.2938,0.00433,348000.0,11.092,0.002685,306200.0,6.3031,0.001473,248933.33,5.1687,0.001036,230400.0,4.1884,0.000811,233033.33,2.7607,0.000548
20261006,5301,寶得利,,,,,,25000.0,87000.0,7000.0,52000.0,83000.0,7000.0,78000.0,34000.0,40000.0,29000.0,22000.0,27000.0,14000.0,15000.0,59000.0,31000.0,10000.0,3000.0,7000.0,13000.0,6000.0,23000.0,91000.0,12000.0,,,,,,,,50800.0,,,44200.0,,,38600.0,,,32291.67,,
20261006,5302,太欣,122000.0,245000.0,409000.0,88000.0,159000.0,143000.0,47000.0,243000.0,218000.0,201000.0,137000.0,154000.0,200000.0,184000.0,215000.0,416000.0,551000.0,800000.0,189000.0,231000.0,566000.0,344000.0,174000.0,248000.0,294000.0,210000.0,159000.0,142000.0,209000.0,240000.0,258666.67,15.7216,0.002737,204600.0,11.9257,0.001697,187500.0,6.5067,0.000931,184333.33,4.4123,0.000655,247600.0,2.4637,0.000512,251266.67,1.6185,0.000346
20261006,5309,系統電,7956000.0,13269000.0,14789000.0,16323000.0,21584000.0,12794000.0,1782000.0,535000.0,948000.0,901000.0,837000.0,549000.0,720000.0,516000.0,888000.0,703000.0,790000.0,678000.0,1628000.0,843000.0,786000.0,1135000.0,859000.0,949000.0,857000.0,1580000.0,3630000.0,837000.0,560000.0,588000.0,12004666.67,22.0914,0.178505,14784200.0,10.7628,0.110667,9088100.0,8.7543,0.060717,6292733.33,8.4288,0.042687,4951650.0,8.0337,0.033413,3693800.0,7.1796,0.022591
20261006,5310,天剛,43000.0,52000.0,131000.0,8000.0,40000.0,287000.0,293000.0,49000.0,38000.0,89000.0,17000.0,21000.0,12000.0,9000.0,10000.0,,15000.0,2000.0,12000.0,6000.0,,,1000.0,1000.0,,5000.0,2000.0,6000.0,15000.0,7000.0,75333.33,19.0265,0.000965,54800.0,15.6934,0.000598,103000.0,4.1748,0.000328,73266.67,3.9126,0.000231,59684.21,3.7919,0.000181,45038.46,3.6721,0.000122
20261006,5312,寶島科,14000.0,37000.0,14000.0,18000.0,27000.0,7000.0,7000.0,26000.0,3000.0,19000.0,13000.0,21000.0,10000.0,6000.0,13000.0,20000.0,11000.0,15000.0,16000.0,13000.0,8000.0,4000.0,8000.0,40000.0,18000.0,21000.0,9000.0,24000.0,43000.0,40000.0,21666.67,21.5385,0.000314,22000.0,12.7273,0.000195,17200.0,8.1395,0.000107,15666.67,5.9574,7.5e-05,15500.0,4.5161,5.9e-05,17500.0,2.6667,4e-05
20261006,5314,世紀*,20256000.0,34669000.0,31279000.0,80735000.0,10014000.0,9198000.0,7882000.0,11929000.0,26665000.0,133941000.0,123120000.0,27762000.0,14628000.0,6682000.0,11039000.0,18969000.0,38015000.0,49416000.0,10137000.0,6644000.0,3534000.0,4315000.0,3888000.0,5256000.0,11603000.0,22104000.0,3103000.0,1455000.0,1336000.0,1841000.0,28734666.67,23.4977,0.454475,35390600.0,11.4471,0.281759,36656800.0,5.5259,0.154585,36653266.67,3.6843,0.108682,33649000.0,3.0099,0.085069,24380500.0,2.7694,0.057517
20261006,5315,光聯,244000.0,102000.0,114000.0,93000.0,84000.0,129000.0,66000.0,141000.0,339000.0,484000.0,129000.0,458000.0,160000.0,72000.0,156000.0,155000.0,379000.0,380000.0,301000.0,124000.0,275000.0,194000.0,813000.0,103000.0,114000.0,198000.0,357000.0,78000.0,57000.0,94000.0,153333.33,53.0435,0.005475,127400.0,38.3046,0.003394,179600.0,13.5857,0.001862,184733.33,8.8055,0.001309,205500.0,5.9367,0.001025,213100.0,3.8167,0.000693
20261006,5321,美而快,232000.0,240000.0,144000.0,503000.0,202000.0,210000.0,163000.0,225000.0,373000.0,332000.0,359000.0,514000.0,972000.0,714000.0,429000.0,1570000.0,1062000.0,375000.0,320000.0,571000.0,349000.0,609000.0,1230000.0,1810000.0,1606000.0,718000.0,852000.0,548000.0,754000.0,1151000.0,205333.33,37.6623,0.005205,264200.0,17.5625,0.003227,262400.0,8.8415,0.001771,374133.33,4.134,0.001245,475500.0,2.4395,0.000974,637900.0,1.2123,0.000659
20261006,5324,士開,111000.0,87000.0,113000.0,43000.0,175000.0,25000.0,33000.0,69000.0,113000.0,235000.0,114000.0,172000.0,124000.0,238000.0,255000.0,113000.0,200000.0,125000.0,254000.0,188000.0,73000.0,357000.0,167000.0,194000.0,272000.0,267000.0,352000.0,127000.0,258000.0,171000.0,103666.67,35.6913,0.00249,105800.0,20.983,0.001544,100400.0,11.0558,0.000847,127133.33,5.8207,0.000596,139350.0,3.9828,0.000466,167500.0,2.209,0.000315
20261006,5328,華容,2605000.0,6852000.0,27223000.0,13572000.0,1682000.0,1707000.0,2472000.0,2244000.0,2700000.0,2185000.0,1682000.0,2104000.0,2858000.0,3684000.0,3268000.0,6312000.0,3101000.0,1968000.0,2232000.0,3339000.0,6351000.0,3299000.0,2555000.0,5099000.0,5295000.0,16123000.0,7178000.0,4068000.0,5100000.0,4566000.0,12226666.67,7.102,0.058447,10386800.0,5.016,0.036235,6324200.0,4.1191,0.01988,5122533.33,3.3902,0.013977,4689500.0,2.7775,0.01094,5114133.33,1.6979,0.007397
20261006,5340,建榮,3383000.0,5971000.0,1391000.0,768000.0,943000.0,692000.0,737000.0,1296000.0,4317000.0,1578000.0,3629000.0,2328000.0,3299000.0,2657000.0,5649000.0,6425000.0,5236000.0,9074000.0,3306000.0,1574000.0,1631000.0,3306000.0,3508000.0,2532000.0,5862000.0,4600000.0,4567000.0,5013000.0,1565000.0,2380000.0,3581666.67,31.4844,0.075903,2491200.0,27.1596,0.047057,2107600.0,16.0514,0.025818,2575866.67,8.7556,0.018151,3212650.0,5.2651,0.014208,3307233.33,3.4097,0.009606
20261006,5344,立衛,37000.0,56000.0,73000.0,93000.0,209000.0,48000.0,106000.0,205000.0,53000.0,31000.0,132000.0,25000.0,28000.0,8000.0,21000.0,10000.0,58000.0,22000.0,38000.0,14000.0,47000.0,22000.0,7000.0,24000.0,10000.0,13000.0,19000.0,87000.0,37000.0,43000.0,55333.33,22.2892,0.00083,93600.0,7.906,0.000515,91100.0,4.0615,0.000282,75000.0,3.2889,0.000199,63350.0,2.9203,0.000155,52533.33,2.3477,0.000105
20261006,5345,馥鴻,16000.0,36000.0,11000.0,10000.0,11000.0,9000.0,,7000.0,1000.0,6000.0,3000.0,3000.0,8000.0,7000.0,22000.0,23000.0,33000.0,4000.0,2000.0,11000.0,3000.0,19000.0,7000.0,2000.0,9000.0,14000.0,20000.0,33000.0,8000.0,22000.0,21000.0,25.3968,0.000359,16800.0,19.0476,0.000223,11888.89,14.9533,0.000122,10714.29,10.6667,8.6e-05,11736.84,7.1749,6.7e-05,12413.79,4.4444,4.5e-05
20261006,5347,世界,33208000.0,15110000.0,13690000.0,23227000.0,23437000.0,33705000.0,10707000.0,12571000.0,31910000.0,15804000.0,32000000.0,30492000.0,7070000.0,8697000.0,6639000.0,8798000.0,20342000.0,13750000.0,12514000.0,13776000.0,4754000.0,9756000.0,7328000.0,9438000.0,13236000.0,21592000.0,10776000.0,11276000.0,11935000.0,4112000.0,20669333.33,53.5544,0.745073,21734400.0,30.558,0.46192,21336900.0,15.5636,0.25343,19884466.67,11.1336,0.178175,18372350.0,9.0375,0.139463,15721666.67,7.0408,0.094294
20261006,5348,正能量智能,25000.0,23000.0,1000.0,2000.0,2000.0,3000.0,6000.0,11000.0,1000.0,1000.0,6000.0,4000.0,9000.0,11000.0,3000.0,1000.0,1000.0,1000.0,1000.0,2000.0,3000.0,1000.0,1000.0,1000.0,4000.0,13000.0,4000.0,1000.0,1000.0,1000.0,16333.33,51.0204,0.000561,10600.0,47.1698,0.000348,7500.0,33.3333,0.000191,7200.0,23.1481,0.000134,5700.0,21.9298,0.000105,4800.0,17.3611,7.1e-05
20261006,5351,鈺創,6653000.0,13112000.0,16424000.0,5415000.0,7445000.0,3356000.0,6899000.0,6639000.0,6940000.0,9444000.0,10599000.0,7430000.0,5815000.0,6211000.0,6228000.0,10798000.0,6340000.0,8941000.0,29848000.0,15412000.0,12109000.0,25041000.0,10487000.0,16078000.0,12299000.0,9923000.0,10966000.0,14416000.0,19772000.0,20168000.0,12063000.0,18.384,0.14927,9809800.0,13.564,0.092543,8232700.0,8.0812,0.050773,7907333.33,5.6091,0.035696,9497450.0,3.5025,0.027941,11373600.0,1.9498,0.018891
20261006,5353,台林,53000.0,105000.0,55000.0,34000.0,39000.0,15000.0,17000.0,42000.0,89000.0,148000.0,57000.0,20000.0,31000.0,24000.0,64000.0,38000.0,22000.0,27000.0,17000.0,39000.0,29000.0,59000.0,41000.0,45000.0,18000.0,14000.0,21000.0,43000.0,26000.0,28000.0,71000.0,24.8826,0.001189,57200.0,18.5315,0.000737,59700.0,8.8777,0.000404,52866.67,6.6835,0.000284,46800.0,5.6624,0.000223,42000.0,4.2063,0.00015
20261006,5355,佳總,147000.0,370000.0,190000.0,76000.0,103000.0,175000.0,48000.0,90000.0,127000.0,88000.0,124000.0,228000.0,499000.0,499000.0,79000.0,40000.0,32000.0,51000.0,107000.0,126000.0,65000.0,72000.0,24000.0,78000.0,174000.0,88000.0,109000.0,59000.0,34000.0,62000.0,235666.67,20.7921,0.003298,177200.0,16.5914,0.002045,141400.0,10.396,0.001122,189533.33,5.1706,0.000789,159950.0,4.5952,0.000617,132133.33,3.7084,0.000417
20261006,5356,協益,55000.0,31000.0,36000.0,33000.0,30000.0,141000.0,40000.0,58000.0,53000.0,37000.0,56000.0,44000.0,48000.0,20000.0,9000.0,17000.0,37000.0,45000.0,96000.0,67000.0,19000.0,46000.0,15000.0,56000.0,33000.0,50000.0,76000.0,59000.0,37000.0,27000.0,40666.67,45.082,0.001234,37000.0,29.7297,0.000765,51400.0,10.7004,0.00042,46066.67,7.9595,0.000295,47650.0,5.7712,0.000231,45700.0,4.0117,0.000156
20261006,5364,力麗店,28000.0,34000.0,28000.0,13000.0,10000.0,21000.0,17000.0,109000.0,44000.0,32000.0,31000.0,7000.0,37000.0,50000.0,37000.0,16000.0,30000.0,27000.0,8000.0,45000.0,260000.0,54000.0,15000.0,61000.0,150000.0,41000.0,13000.0,22000.0,35000.0,52000.0,30000.0,31.1111,0.000628,22600.0,24.7788,0.000389,33600.0,8.3333,0.000214,33200.0,5.6225,0.00015,31200.0,4.4872,0.000118,44233.33,2.11,8e-05
20261006,5371,中光電,,,,,,,,,,,,,,,,,,,,,,,,,,,,,,2078000.0,,,,,,,,,,,,,,,,2078000.0,,
20261006,5381,光譜,795000.0,608000.0,743000.0,409000.0,305000.0,191000.0,240000.0,138000.0,333000.0,480000.0,315000.0,234000.0,177000.0,239000.0,214000.0,634000.0,446000.0,392000.0,621000.0,405000.0,372000.0,594000.0,481000.0,1035000.0,683000.0,2709000.0,1043000.0,486000.0,330000.0,245000.0,715333.33,37.0457,0.017837,572000.0,27.7972,0.011058,424200.0,18.7412,0.006067,361400.0,14.6652,0.004266,395950.0,10.0391,0.003339,529900.0,5.0009,0.002257
20261006,5386,青雲,464000.0,616000.0,637000.0,308000.0,706000.0,335000.0,457000.0,608000.0,829000.0,751000.0,933000.0,1497000.0,1244000.0,2239000.0,2709000.0,8779000.0,2883000.0,671000.0,466000.0,558000.0,853000.0,1768000.0,1437000.0,1701000.0,3699000.0,2550000.0,582000.0,571000.0,879000.0,1374000.0,572333.33,27.0239,0.010411,546200.0,16.9901,0.006454,571100.0,8.1247,0.003541,955533.33,3.2373,0.00249,1384500.0,1.6757,0.001949,1436800.0,1.0765,0.001318
20261006,5392,能率,685000.0,898000.0,483000.0,698000.0,632000.0,377000.0,479000.0,527000.0,675000.0,542000.0,812000.0,487000.0,453000.0,483000.0,618000.0,509000.0,622000.0,621000.0,1294000.0,1190000.0,1205000.0,2201000.0,1092000.0,1647000.0,2408000.0,3005000.0,4031000.0,3468000.0,935000.0,1672000.0,688666.67,33.1559,0.015369,679200.0,20.1708,0.009528,599600.0,11.4243,0.005228,589933.33,7.741,0.003675,654250.0,5.235,0.002877,1158300.0,1.9713,0.001945
20261006,5398,慕康生醫,56000.0,69000.0,100000.0,33000.0,26000.0,38000.0,8000.0,3000.0,10000.0,33000.0,81000.0,16000.0,7000.0,15000.0,70000.0,76000.0,127000.0,34000.0,225000.0,258000.0,20000.0,184000.0,30000.0,112000.0,43000.0,27000.0,49000.0,27000.0,12000.0,112000.0,75000.0,24.8889,0.001256,56800.0,19.7183,0.000779,37600.0,14.8936,0.000427,37666.67,9.9115,0.0003,64250.0,4.358,0.000235,63366.67,2.9458,0.000159
20261006,5403,中菲,44000.0,67000.0,24000.0,20000.0,33000.0,27000.0,13000.0,7000.0,19000.0,27000.0,15000.0,26000.0,29000.0,31000.0,54000.0,27000.0,32000.0,28000.0,32000.0,52000.0,30000.0,13000.0,33000.0,99000.0,63000.0,22000.0,39000.0,16000.0,27000.0,12000.0,45000.0,32.5926,0.000987,37600.0,23.4043,0.000612,28100.0,15.6584,0.000336,29066.67,10.0917,0.000236,30350.0,7.2488,0.000185,32033.33,4.5786,0.000125
20261006,5410,國眾,241000.0,200000.0,188000.0,108000.0,240000.0,113000.0,103000.0,114000.0,307000.0,107000.0,170000.0,117000.0,118000.0,198000.0,475000.0,1473000.0,119000.0,204000.0,216000.0,223000.0,101000.0,175000.0,147000.0,251000.0,176000.0,158000.0,319000.0,225000.0,254000.0,284000.0,209666.67,38.3148,0.005407,195400.0,24.6673,0.003352,172100.0,14.0035,0.001839,186600.0,8.6102,0.001293,251700.0,4.7874,0.001012,237466.67,3.3829,0.000684
20261006,5425,台半,19303000.0,33037000.0,21594000.0,11965000.0,6999000.0,6511000.0,9955000.0,21118000.0,9070000.0,3155000.0,7140000.0,14436000.0,25123000.0,14639000.0,13189000.0,5502000.0,5352000.0,3554000.0,5507000.0,10655000.0,10310000.0,21301000.0,6004000.0,13265000.0,10039000.0,49158000.0,41549000.0,26209000.0,11105000.0,19146000.0,24644666.67,26.1084,0.433093,18579600.0,20.7787,0.268503,14270700.0,13.5263,0.147313,14482266.67,8.8858,0.103569,12390200.0,7.7896,0.081067,15196333.33,4.2341,0.054811
20261006,5426,振發,486000.0,950000.0,1066000.0,408000.0,300000.0,251000.0,222000.0,245000.0,491000.0,601000.0,564000.0,875000.0,732000.0,254000.0,338000.0,338000.0,333000.0,605000.0,436000.0,472000.0,560000.0,819000.0,1320000.0,2303000.0,3324000.0,923000.0,781000.0,597000.0,1592000.0,364000.0,834000.0,19.4245,0.010904,642000.0,15.1402,0.00676,502000.0,9.6813,0.003709,518866.67,6.2444,0.002608,498350.0,4.8761,0.002041,751666.67,2.1552,0.00138
20261006,5432,新門,1126000.0,686000.0,323000.0,257000.0,70000.0,77000.0,368000.0,250000.0,70000.0,364000.0,238000.0,36000.0,39000.0,55000.0,22000.0,62000.0,193000.0,182000.0,173000.0,528000.0,134000.0,172000.0,70000.0,214000.0,282000.0,345000.0,170000.0,59000.0,370000.0,136000.0,711666.67,52.74,0.025264,492400.0,45.7352,0.015663,359100.0,31.3562,0.008593,265400.0,28.2844,0.006041,255950.0,21.9965,0.004729,235700.0,15.9242,0.003197
20261006,5438,東友,42000.0,40000.0,19000.0,46000.0,189000.0,54000.0,35000.0,185000.0,32000.0,55000.0,45000.0,37000.0,29000.0,24000.0,46000.0,27000.0,23000.0,38000.0,20000.0,24000.0,31000.0,18000.0,27000.0,18000.0,76000.0,25000.0,44000.0,17000.0,27000.0,41000.0,33666.67,41.5842,0.000942,67200.0,12.5,0.000584,69700.0,6.0258,0.000321,58533.33,4.7836,0.000225,50500.0,4.1584,0.000176,44466.67,3.1484,0.000119
20261006,5439,高技,2701000.0,2661000.0,925000.0,1555000.0,2547000.0,489000.0,753000.0,1248000.0,1438000.0,913000.0,956000.0,1224000.0,665000.0,922000.0,1065000.0,1522000.0,1502000.0,1361000.0,1137000.0,1871000.0,1593000.0,2076000.0,2471000.0,5236000.0,7265000.0,4726000.0,4882000.0,2038000.0,1316000.0,2565000.0,2095666.67,42.9617,0.060601,2077800.0,25.9987,0.037571,1523000.0,17.7347,0.020613,1337466.67,13.4633,0.014492,1372750.0,9.8379,0.011343,2054100.0,4.3831,0.00767
20261006,5443,均豪,1260000.0,2159000.0,1629000.0,2944000.0,5723000.0,2039000.0,884000.0,1321000.0,1298000.0,928000.0,1628000.0,2680000.0,757000.0,943000.0,930000.0,1350000.0,1227000.0,3011000.0,5468000.0,7288000.0,2199000.0,2474000.0,3185000.0,6092000.0,3656000.0,3315000.0,1127000.0,798000.0,697000.0,444000.0,1682666.67,24.9604,0.02827,2743000.0,9.187,0.017526,2018500.0,6.2423,0.009616,1808200.0,4.6455,0.00676,2273350.0,2.7712,0.005292,2315133.33,1.8142,0.003578
20261006,5450,南良,128000.0,224000.0,133000.0,152000.0,108000.0,79000.0,54000.0,241000.0,94000.0,137000.0,88000.0,49000.0,49000.0,39000.0,64000.0,98000.0,53000.0,50000.0,67000.0,47000.0,87000.0,61000.0,103000.0,53000.0,62000.0,113000.0,110000.0,33000.0,104000.0,59000.0,161666.67,26.3918,0.002872,149000.0,17.1812,0.00178,135000.0,9.4815,0.000977,109266.67,7.8096,0.000687,97700.0,6.5507,0.000538,91300.0,4.6732,0.000363
20261006,5452,佶優,6345000.0,3016000.0,602000.0,213000.0,225000.0,175000.0,217000.0,379000.0,381000.0,701000.0,342000.0,218000.0,197000.0,244000.0,198000.0,327000.0,309000.0,476000.0,441000.0,272000.0,268000.0,326000.0,515000.0,381000.0,308000.0,436000.0,339000.0,605000.0,271000.0,243000.0,3321000.0,63.6856,0.14236,2080200.0,61.0037,0.088258,1225400.0,51.779,0.048422,896866.67,47.1642,0.034044,763900.0,41.5303,0.026647,632333.33,33.4475,0.018017
20261006,5455,昇益,1000.0,9000.0,,,,2000.0,1000.0,1000.0,1000.0,5000.0,7000.0,8000.0,3000.0,3000.0,2000.0,,9000.0,1000.0,16000.0,11000.0,8000.0,1000.0,1000.0,1000.0,5000.0,6000.0,1000.0,5000.0,,3000.0,5000.0,10.0,2.2e-05,5000.0,10.0,1.4e-05,2857.14,5.0,8e-06,3583.33,2.3256,5e-06,5000.0,1.25,4e-06,4440.0,0.9009,3e-06
20261006,5457,宣德,428000.0,507000.0,473000.0,396000.0,544000.0,517000.0,412000.0,485000.0,761000.0,2435000.0,4497000.0,258000.0,408000.0,622000.0,693000.0,711000.0,216000.0,259000.0,380000.0,263000.0,144000.0,260000.0,204000.0,401000.0,255000.0,374000.0,536000.0,283000.0,275000.0,204000.0,469333.33,30.3977,0.009603,469600.0,18.2283,0.005953,695800.0,6.1512,0.003266,895733.33,3.1855,0.002296,763250.0,2.8038,0.001797,606700.0,2.3515,0.001215
20261006,5460,同協,80000.0,188000.0,167000.0,30000.0,60000.0,10000.0,47000.0,38000.0,50000.0,68000.0,103000.0,172000.0,50000.0,19000.0,43000.0,89000.0,76000.0,262000.0,976000.0,35000.0,11000.0,32000.0,27000.0,18000.0,166000.0,43000.0,67000.0,24000.0,36000.0,26000.0,145000.0,18.3908,0.001795,105000.0,15.2381,0.001113,73800.0,10.8401,0.000611,75000.0,7.1111,0.000429,128150.0,3.1213,0.000336,100433.33,2.6552,0.000227
20261006,5464,霖宏,417000.0,1395000.0,524000.0,567000.0,470000.0,1016000.0,369000.0,531000.0,387000.0,515000.0,1024000.0,2268000.0,1171000.0,724000.0,966000.0,1127000.0,4380000.0,1659000.0,2246000.0,756000.0,211000.0,375000.0,169000.0,319000.0,237000.0,338000.0,1006000.0,524000.0,546000.0,392000.0,778666.67,17.851,0.009356,674600.0,12.3629,0.0058,619100.0,6.7356,0.003182,822933.33,3.3782,0.002237,1125600.0,1.8523,0.001751,887633.33,1.566,0.001184
20261006,5465,富驊,334000.0,543000.0,625000.0,1236000.0,1745000.0,3224000.0,2076000.0,2126000.0,6470000.0,658000.0,465000.0,62000.0,127000.0,40000.0,48000.0,120000.0,40000.0,67000.0,56000.0,30000.0,75000.0,61000.0,35000.0,93000.0,29000.0,51000.0,31000.0,45000.0,19000.0,36000.0,500666.67,22.237,0.007494,896600.0,7.4504,0.004646,1903700.0,1.7545,0.002549,1318600.0,1.6887,0.001792,1004600.0,1.6624,0.001403,685566.67,1.624,0.000948
20261006,5468,凱鈺,115000.0,117000.0,125000.0,139000.0,214000.0,192000.0,94000.0,71000.0,204000.0,221000.0,143000.0,113000.0,120000.0,138000.0,229000.0,258000.0,1100000.0,333000.0,126000.0,110000.0,77000.0,150000.0,145000.0,234000.0,291000.0,203000.0,184000.0,201000.0,258000.0,120000.0,119000.0,32.2129,0.00258,142000.0,16.1972,0.0016,149200.0,7.7078,0.000878,149000.0,5.1454,0.000617,208100.0,2.7631,0.000483,200833.33,1.9087,0.000327
20261006,5474,聰泰,221000.0,180000.0,125000.0,161000.0,209000.0,107000.0,123000.0,138000.0,348000.0,580000.0,512000.0,289000.0,88000.0,109000.0,129000.0,132000.0,307000.0,133000.0,214000.0,153000.0,112000.0,147000.0,86000.0,53000.0,75000.0,68000.0,103000.0,144000.0,139000.0,165000.0,175333.33,42.0152,0.004958,179200.0,24.6652,0.003074,219200.0,10.0821,0.001687,221266.67,6.6586,0.001186,212900.0,5.1902,0.000928,178333.33,4.1308,0.000628
20261006,5475,德宏,2141000.0,6359000.0,2710000.0,2202000.0,3866000.0,2480000.0,2770000.0,2280000.0,8701000.0,2252000.0,7812000.0,7461000.0,5394000.0,3566000.0,4592000.0,8126000.0,3837000.0,5675000.0,2998000.0,4316000.0,5443000.0,6874000.0,4974000.0,6204000.0,9008000.0,18108000.0,10967000.0,2123000.0,2138000.0,1378000.0,3736666.67,19.099,0.048037,3455600.0,12.3915,0.029781,3576100.0,5.987,0.016339,4305733.33,3.315,0.011487,4476900.0,2.3912,0.008992,5225166.67,1.3658,0.006079
20261006,5478,智冠,34000.0,40000.0,48000.0,23000.0,27000.0,28000.0,25000.0,38000.0,45000.0,46000.0,39000.0,58000.0,29000.0,40000.0,45000.0,29000.0,44000.0,38000.0,102000.0,79000.0,64000.0,70000.0,42000.0,66000.0,58000.0,107000.0,79000.0,49000.0,50000.0,32000.0,40666.67,27.8689,0.000763,34400.0,19.7674,0.000473,35400.0,9.6045,0.000259,37666.67,6.0177,0.000182,42850.0,3.9673,0.000143,49133.33,2.3066,9.7e-05
20261006,5481,新華,693000.0,65000.0,217000.0,46000.0,419000.0,65000.0,138000.0,148000.0,120000.0,223000.0,128000.0,589000.0,607000.0,178000.0,102000.0,163000.0,51000.0,55000.0,255000.0,215000.0,139000.0,348000.0,261000.0,258000.0,159000.0,315000.0,474000.0,402000.0,284000.0,379000.0,325000.0,71.0769,0.015549,288000.0,48.125,0.00964,213400.0,32.4742,0.005289,249200.0,18.5393,0.003718,223850.0,15.4791,0.00291,249866.67,9.2449,0.001968
20261006,5483,中美晶,17235000.0,32246000.0,47109000.0,56653000.0,36608000.0,12956000.0,18361000.0,41028000.0,32636000.0,11238000.0,19121000.0,18401000.0,8853000.0,12020000.0,6937000.0,7384000.0,5043000.0,4633000.0,10331000.0,10637000.0,10727000.0,17401000.0,8396000.0,15884000.0,15309000.0,17749000.0,11550000.0,13444000.0,32784000.0,25828000.0,32196666.67,17.8435,0.386694,37970200.0,9.0782,0.239737,30607000.0,5.6311,0.13153,24760133.33,4.6405,0.092473,20471500.0,4.2095,0.072382,19283400.0,2.9792,0.048939
20261006,5487,通泰,117000.0,192000.0,31000.0,15000.0,113000.0,9000.0,80000.0,98000.0,56000.0,31000.0,30000.0,13000.0,23000.0,32000.0,8000.0,20000.0,39000.0,92000.0,74000.0,91000.0,171000.0,12000.0,14000.0,34000.0,72000.0,31000.0,93000.0,90000.0,71000.0,93000.0,113333.33,34.4118,0.002625,93600.0,25.0,0.001627,74200.0,15.7682,0.000893,56533.33,13.7972,0.000628,58200.0,10.0515,0.000491,61500.0,6.3415,0.000332
20261006,5488,松普,218000.0,426000.0,1131000.0,154000.0,156000.0,104000.0,96000.0,239000.0,285000.0,146000.0,231000.0,502000.0,95000.0,186000.0,161000.0,193000.0,173000.0,585000.0,209000.0,197000.0,198000.0,361000.0,212000.0,645000.0,451000.0,255000.0,180000.0,231000.0,212000.0,301000.0,591666.67,12.2817,0.004891,417000.0,10.4556,0.003032,295500.0,7.3773,0.001664,275333.33,5.2785,0.00117,274350.0,3.973,0.000916,284433.33,2.5548,0.000619
20261006,5489,彩富,26000.0,36000.0,92000.0,36000.0,34000.0,69000.0,108000.0,63000.0,268000.0,269000.0,21000.0,25000.0,76000.0,47000.0,42000.0,25000.0,10000.0,15000.0,21000.0,19000.0,45000.0,31000.0,43000.0,60000.0,35000.0,37000.0,46000.0,23000.0,96000.0,30000.0,51333.33,16.8831,0.000583,44800.0,11.6071,0.000362,100100.0,2.5974,0.000198,80800.0,2.1452,0.00014,65100.0,1.9969,0.000109,58266.67,1.4874,7.4e-05
20261006,5490,同亨,118000.0,536000.0,163000.0,265000.0,118000.0,213000.0,142000.0,131000.0,358000.0,253000.0,225000.0,159000.0,135000.0,259000.0,242000.0,380000.0,339000.0,321000.0,272000.0,807000.0,532000.0,1543000.0,440000.0,398000.0,571000.0,647000.0,508000.0,392000.0,431000.0,882000.0,272333.33,14.4431,0.002648,240000.0,9.8333,0.001641,229700.0,5.1371,0.000901,221133.33,3.5574,0.000633,271800.0,2.1707,0.000496,392666.67,1.0017,0.000335
20261006,5493,三聯,88000.0,99000.0,69000.0,101000.0,109000.0,200000.0,353000.0,328000.0,362000.0,391000.0,80000.0,37000.0,16000.0,28000.0,35000.0,77000.0,176000.0,35000.0,41000.0,48000.0,65000.0,111000.0,103000.0,113000.0,377000.0,369000.0,211000.0,110000.0,35000.0,39000.0,85333.33,34.375,0.001974,93200.0,18.8841,0.001224,210000.0,4.1905,0.000672,153066.67,3.8328,0.000472,133650.0,3.2922,0.00037,140200.0,2.0922,0.00025
20261006,5498,凱崴,2131000.0,7385000.0,3927000.0,871000.0,1041000.0,799000.0,636000.0,966000.0,1242000.0,1442000.0,814000.0,1377000.0,811000.0,667000.0,709000.0,1221000.0,861000.0,1004000.0,1138000.0,3074000.0,1189000.0,2471000.0,1948000.0,3837000.0,7707000.0,6537000.0,2227000.0,4485000.0,1880000.0,4222000.0,4481000.0,15.8521,0.047812,3071000.0,13.8782,0.029642,2044000.0,10.4256,0.016263,1654533.33,8.5865,0.011434,1605800.0,6.6353,0.00895,2287300.0,3.1056,0.006051
20261006,5508,永信建,114000.0,319000.0,336000.0,133000.0,224000.0,203000.0,189000.0,296000.0,283000.0,505000.0,2561000.0,557000.0,197000.0,153000.0,266000.0,109000.0,197000.0,130000.0,243000.0,427000.0,341000.0,339000.0,289000.0,178000.0,155000.0,205000.0,190000.0,177000.0,138000.0,240000.0,256333.33,14.8244,0.002558,225200.0,10.1243,0.001586,260200.0,4.3812,0.00087,422400.0,1.7992,0.000612,372100.0,1.5318,0.000479,323133.33,1.176,0.000324
20261006,5511,德昌,94000.0,121000.0,44000.0,211000.0,119000.0,87000.0,115000.0,65000.0,89000.0,40000.0,107000.0,69000.0,55000.0,92000.0,50000.0,101000.0,135000.0,121000.0,279000.0,128000.0,143000.0,241000.0,83000.0,77000.0,122000.0,135000.0,29000.0,95000.0,117000.0,157000.0,86333.33,36.2934,0.002109,117800.0,15.9593,0.001308,98500.0,9.5431,0.000717,90533.33,6.9219,0.000504,106100.0,4.4298,0.000395,110700.0,2.8305,0.000267
20261006,5512,力麒,996000.0,1312000.0,553000.0,242000.0,517000.0,482000.0,167000.0,476000.0,628000.0,1317000.0,994000.0,283000.0,256000.0,632000.0,441000.0,290000.0,302000.0,565000.0,936000.0,295000.0,441000.0,918000.0,436000.0,521000.0,475000.0,374000.0,426000.0,792000.0,469000.0,937000.0,953666.67,34.813,0.022347,724000.0,27.5138,0.013854,669000.0,14.8879,0.007601,619733.33,10.7143,0.005344,584200.0,8.5245,0.004183,582433.33,5.7002,0.002828
20261006,5514,三豐,12000.0,,11000.0,13000.0,9000.0,1000.0,3000.0,21000.0,5000.0,2000.0,15000.0,2000.0,2000.0,4000.0,6000.0,11000.0,28000.0,309000.0,14000.0,5000.0,10000.0,16000.0,6000.0,32000.0,281000.0,7000.0,13000.0,9000.0,16000.0,18000.0,11500.0,52.1739,0.000269,11250.0,26.6667,0.000167,8555.56,15.5844,9.2e-05,7571.43,11.3208,6.4e-05,24894.74,2.537,5e-05,30379.31,1.3621,3.4e-05
20261006,5516,雙喜,33000.0,9000.0,1000.0,4000.0,4000.0,3000.0,1000.0,2000.0,4000.0,28000.0,22000.0,14000.0,11000.0,7000.0,42000.0,19000.0,3000.0,6000.0,1000.0,18000.0,8000.0,11000.0,21000.0,19000.0,20000.0,10000.0,6000.0,28000.0,16000.0,76000.0,14333.33,76.7442,0.00074,10200.0,64.7059,0.000459,8900.0,37.0787,0.000252,12333.33,17.8378,0.000177,11600.0,14.2241,0.000139,14900.0,7.3826,9.4e-05
20261006,5520,力泰,6000.0,1000.0,1000.0,1000.0,,2000.0,1000.0,1000.0,4000.0,,1000.0,,1000.0,12000.0,4000.0,3000.0,5000.0,,2000.0,19000.0,,,10000.0,8000.0,23000.0,14000.0,2000.0,,1000.0,3000.0,2666.67,75.0,0.000135,2250.0,66.6667,8.3e-05,2125.0,35.2941,4.6e-05,2916.67,17.1429,3.2e-05,4000.0,9.375,2.5e-05,5434.78,4.8,1.7e-05
20261006,5523,豐謙,151000.0,43000.0,5000.0,66000.0,24000.0,19000.0,3000.0,60000.0,27000.0,2000.0,6000.0,4000.0,,18000.0,27000.0,2000.0,8000.0,2000.0,,,27000.0,34000.0,26000.0,,4000.0,9000.0,7000.0,23000.0,2000.0,12000.0,66333.33,75.8794,0.003388,57800.0,52.2491,0.0021,40000.0,37.75,0.001152,32500.0,33.1868,0.00081,27470.59,32.334,0.000634,23500.0,24.7136,0.000429
20261006,5529,鉅陞,59000.0,46000.0,115000.0,82000.0,151000.0,157000.0,62000.0,138000.0,98000.0,81000.0,175000.0,52000.0,94000.0,774000.0,108000.0,93000.0,49000.0,58000.0,82000.0,168000.0,217000.0,248000.0,41000.0,184000.0,95000.0,220000.0,79000.0,173000.0,73000.0,111000.0,73333.33,26.8182,0.001324,90600.0,13.0243,0.000821,98900.0,5.9656,0.00045,146133.33,2.6916,0.000317,132100.0,2.2332,0.000248,136100.0,1.445,0.000168
20261006,5530,龍巖,267000.0,273000.0,169000.0,64000.0,190000.0,157000.0,76000.0,349000.0,187000.0,207000.0,279000.0,61000.0,114000.0,100000.0,110000.0,185000.0,132000.0,205000.0,180000.0,176000.0,150000.0,214000.0,155000.0,301000.0,285000.0,485000.0,201000.0,295000.0,420000.0,228000.0,236333.33,37.6587,0.005991,192600.0,27.7259,0.003714,193900.0,13.77,0.002038,173533.33,10.2574,0.001433,174050.0,7.6702,0.001121,207166.67,4.2961,0.000758
20261006,5536,聖暉*,1947000.0,2556000.0,1733000.0,1979000.0,1430000.0,655000.0,692000.0,1246000.0,2103000.0,778000.0,857000.0,343000.0,188000.0,392000.0,231000.0,509000.0,506000.0,547000.0,586000.0,731000.0,524000.0,1112000.0,1230000.0,651000.0,761000.0,803000.0,374000.0,876000.0,550000.0,736000.0,2078666.67,31.2219,0.043684,1929000.0,20.1866,0.027083,1511900.0,12.8778,0.014859,1142000.0,11.366,0.010446,1000450.0,9.7306,0.008177,920866.67,7.0477,0.005529
20261006,5543,桓鼎-KY,3000.0,9000.0,1000.0,7000.0,9000.0,15000.0,2000.0,9000.0,10000.0,6000.0,19000.0,11000.0,21000.0,13000.0,10000.0,26000.0,6000.0,3000.0,5000.0,15000.0,10000.0,2000.0,4000.0,22000.0,43000.0,158000.0,106000.0,17000.0,4000.0,4000.0,4333.33,23.0769,6.7e-05,5800.0,10.3448,4.2e-05,7100.0,4.2254,2.3e-05,9666.67,2.069,1.6e-05,10000.0,1.5,1.3e-05,19000.0,0.5263,9e-06
20261006,5547,久舜,18000.0,14000.0,10000.0,13000.0,27000.0,18000.0,19000.0,28000.0,29000.0,29000.0,23000.0,26000.0,17000.0,10000.0,11000.0,41000.0,24000.0,41000.0,104000.0,12000.0,7000.0,11000.0,27000.0,24000.0,36000.0,4000.0,10000.0,21000.0,10000.0,2000.0,14000.0,42.8571,0.000404,16400.0,21.9512,0.00025,20500.0,8.7805,0.000137,19466.67,6.1644,9.7e-05,25700.0,3.5019,7.6e-05,22200.0,2.7027,5.1e-05
20261006,5548,安倉,29000.0,26000.0,15000.0,74000.0,41000.0,11000.0,15000.0,27000.0,23000.0,32000.0,32000.0,16000.0,18000.0,9000.0,12000.0,1000.0,4000.0,17000.0,16000.0,10000.0,3000.0,6000.0,8000.0,20000.0,9000.0,17000.0,20000.0,9000.0,13000.0,6000.0,23333.33,41.4286,0.000651,37000.0,15.6757,0.000403,29300.0,9.8976,0.000221,25333.33,7.6316,0.000156,21400.0,6.7757,0.000122,17966.67,5.3803,8.2e-05
20261006,5601,台聯櫃,10000.0,,3000.0,5000.0,,5000.0,5000.0,,25000.0,10000.0,,,26000.0,,10000.0,17000.0,,,15000.0,11000.0,6000.0,16000.0,,,,6000.0,20000.0,13000.0,11000.0,,6500.0,76.9231,0.000224,6000.0,55.5556,0.000139,9000.0,15.873,7.6e-05,11000.0,10.101,5.4e-05,11833.33,7.0423,4.2e-05,11888.89,4.6729,2.8e-05
20261006,5603,陸海,233000.0,37000.0,46000.0,149000.0,84000.0,41000.0,33000.0,51000.0,37000.0,63000.0,465000.0,77000.0,28000.0,46000.0,85000.0,176000.0,114000.0,55000.0,201000.0,37000.0,107000.0,150000.0,61000.0,46000.0,78000.0,37000.0,52000.0,143000.0,400000.0,698000.0,105333.33,73.7342,0.005228,109800.0,42.4408,0.003241,77400.0,30.1034,0.001778,98333.33,15.7966,0.00125,102900.0,11.3217,0.000979,127666.67,6.0836,0.000662
20261006,5604,中連,12000.0,10000.0,15000.0,2000.0,10000.0,13000.0,9000.0,15000.0,9000.0,17000.0,15000.0,6000.0,1000.0,9000.0,13000.0,6000.0,5000.0,7000.0,7000.0,59000.0,6000.0,7000.0,18000.0,19000.0,32000.0,9000.0,13000.0,2000.0,4000.0,20000.0,12333.33,32.4324,0.000269,9800.0,24.4898,0.000167,11200.0,10.7143,9.2e-05,10400.0,7.6923,6.4e-05,12000.0,5.0,5e-05,12333.33,3.2432,3.4e-05
20261006,5609,中菲行,246000.0,162000.0,69000.0,62000.0,121000.0,103000.0,34000.0,44000.0,38000.0,93000.0,135000.0,47000.0,23000.0,81000.0,134000.0,142000.0,199000.0,98000.0,119000.0,112000.0,44000.0,75000.0,65000.0,119000.0,74000.0,97000.0,99000.0,183000.0,345000.0,388000.0,159000.0,51.5723,0.005519,132000.0,37.2727,0.003422,97200.0,25.3086,0.001877,92800.0,17.6724,0.00132,103100.0,11.9302,0.001033,118366.67,6.9276,0.000699
20261006,5701,劍湖山,21000.0,116000.0,55000.0,39000.0,76000.0,123000.0,206000.0,186000.0,215000.0,140000.0,41000.0,72000.0,68000.0,121000.0,20000.0,94000.0,43000.0,74000.0,37000.0,51000.0,51000.0,36000.0,72000.0,86000.0,179000.0,575000.0,90000.0,64000.0,132000.0,390000.0,64000.0,10.9375,0.000471,61400.0,6.8404,0.000292,117700.0,1.7842,0.00016,99933.33,1.4009,0.000113,89900.0,1.168,8.8e-05,115766.67,0.6047,6e-05
20261006,5703,亞都,1000.0,1000.0,,,3000.0,,,,,2000.0,13000.0,2000.0,1000.0,,,20000.0,16000.0,3000.0,,3000.0,,4000.0,52000.0,31000.0,4000.0,10000.0,7000.0,6000.0,9000.0,9000.0,1000.0,50.0,2.2e-05,1666.67,20.0,1.4e-05,1750.0,14.2857,8e-06,3285.71,4.3478,5e-06,5909.09,1.5385,4e-06,9850.0,0.5076,3e-06
20261006,5704,老爺知,22000.0,49000.0,10000.0,9000.0,85000.0,6000.0,7000.0,9000.0,23000.0,69000.0,17000.0,17000.0,18000.0,28000.0,16000.0,19000.0,25000.0,9000.0,45000.0,57000.0,52000.0,32000.0,41000.0,31000.0,54000.0,79000.0,20000.0,28000.0,108000.0,122000.0,27000.0,27.1605,0.000494,35000.0,12.5714,0.000306,28900.0,7.6125,0.000168,25666.67,5.7143,0.000118,27000.0,4.0741,9.2e-05,36900.0,1.9874,6.2e-05
20261006,5864,致和證,5006000.0,3157000.0,2438000.0,3329000.0,5176000.0,1763000.0,1935000.0,2279000.0,5955000.0,4818000.0,3022000.0,1957000.0,1326000.0,1842000.0,2357000.0,4772000.0,1723000.0,3170000.0,2892000.0,3071000.0,2138000.0,2585000.0,2374000.0,2569000.0,2668000.0,4109000.0,2696000.0,2125000.0,2668000.0,1822000.0,3533666.67,47.222,0.112317,3821200.0,26.2012,0.069633,3585600.0,13.9614,0.038204,3090666.67,10.7981,0.026859,3099400.0,8.0758,0.021024,2924733.33,5.7054,0.014215
20261006,5878,台名,5000.0,17000.0,5000.0,3000.0,5000.0,8000.0,2000.0,4000.0,,,4000.0,,3000.0,3000.0,1000.0,6000.0,2000.0,4000.0,3000.0,7000.0,1000.0,2000.0,9000.0,6000.0,4000.0,7000.0,1000.0,,5000.0,3000.0,9000.0,18.5185,0.000112,7000.0,14.2857,7e-05,6125.0,10.2041,3.8e-05,5000.0,8.3333,2.7e-05,4823.53,6.0976,2.1e-05,4615.38,4.1667,1.4e-05
20261006,5902,德記,415000.0,106000.0,17000.0,9000.0,75000.0,5000.0,81000.0,116000.0,377000.0,27000.0,,11000.0,113000.0,114000.0,191000.0,40000.0,99000.0,136000.0,157000.0,164000.0,2000.0,5000.0,4000.0,4000.0,,2000.0,9000.0,14000.0,12000.0,2000.0,179333.33,77.1375,0.009311,124400.0,66.7203,0.005773,122800.0,33.7948,0.003167,118357.14,25.0453,0.002227,118578.95,18.4199,0.001743,82392.86,17.9887,0.001178
20261006,5903,全家,9000.0,42000.0,13000.0,15000.0,16000.0,17000.0,42000.0,34000.0,21000.0,22000.0,13000.0,15000.0,9000.0,17000.0,12000.0,8000.0,11000.0,13000.0,14000.0,17000.0,5000.0,30000.0,6000.0,24000.0,10000.0,8000.0,27000.0,11000.0,14000.0,11000.0,21333.33,14.0625,0.000202,19000.0,9.4737,0.000125,23100.0,3.8961,6.9e-05,19800.0,3.0303,4.8e-05,18000.0,2.5,3.8e-05,16866.67,1.7787,2.6e-05
20261006,5904,寶雅*,2607000.0,2756000.0,3935000.0,3109000.0,4825000.0,4138000.0,7271000.0,4678000.0,6988000.0,4745000.0,5788000.0,12779000.0,4461000.0,3922000.0,3294000.0,5069000.0,3048000.0,4868000.0,2485000.0,3843000.0,6447000.0,9461000.0,3537000.0,7118000.0,5358000.0,5232000.0,6126000.0,4959000.0,6970000.0,7684000.0,3099333.33,28.0383,0.058492,3446400.0,15.1288,0.036263,4505200.0,5.7866,0.019896,5019733.33,3.4623,0.013988,4730450.0,2.7556,0.010949,5250033.33,1.6552,0.007403
20261006,5905,南仁湖,341000.0,236000.0,193000.0,223000.0,354000.0,441000.0,216000.0,330000.0,353000.0,356000.0,227000.0,142000.0,384000.0,207000.0,655000.0,535000.0,660000.0,674000.0,699000.0,446000.0,375000.0,411000.0,268000.0,266000.0,345000.0,923000.0,458000.0,391000.0,264000.0,223000.0,256666.67,44.2857,0.007651,269400.0,25.3155,0.004743,304300.0,11.206,0.002602,310533.33,7.3207,0.00183,383600.0,4.4447,0.001432,386533.33,2.9407,0.000968
20261006,6015,宏遠證,1617000.0,2966000.0,1572000.0,2975000.0,2620000.0,1190000.0,1951000.0,2354000.0,3710000.0,5622000.0,3165000.0,2645000.0,1125000.0,1668000.0,1721000.0,2035000.0,1390000.0,5632000.0,5927000.0,2173000.0,2319000.0,2104000.0,908000.0,2370000.0,1594000.0,2381000.0,1508000.0,1049000.0,788000.0,870000.0,2051666.67,26.2713,0.03628,2350000.0,13.7617,0.022492,2657700.0,6.0842,0.01234,2460066.67,4.382,0.008676,2702900.0,2.9912,0.006791,2331633.33,2.3117,0.004591
20261006,6016,康和證,4580000.0,4937000.0,2839000.0,6094000.0,5258000.0,2334000.0,3085000.0,4983000.0,6768000.0,7014000.0,4018000.0,5397000.0,2651000.0,3882000.0,3366000.0,3461000.0,4059000.0,7378000.0,11626000.0,8085000.0,6421000.0,6322000.0,6339000.0,3119000.0,3646000.0,9505000.0,3616000.0,1922000.0,1305000.0,1733000.0,4118666.67,37.067,0.102759,4741600.0,19.3184,0.063707,4789200.0,9.5632,0.034953,4480400.0,6.8149,0.024574,5090750.0,4.4984,0.019235,4858100.0,3.1425,0.013005
20261006,6020,大展證,6000.0,20000.0,12000.0,6000.0,12000.0,3000.0,11000.0,36000.0,27000.0,64000.0,15000.0,91000.0,11000.0,9000.0,15000.0,20000.0,22000.0,8000.0,19000.0,11000.0,26000.0,18000.0,2000.0,18000.0,10000.0,11000.0,2000.0,10000.0,12000.0,11000.0,12666.67,15.7895,0.000135,11200.0,10.7143,8.3e-05,19700.0,3.0457,4.6e-05,22533.33,1.7751,3.2e-05,20900.0,1.4354,2.5e-05,17933.33,1.1152,1.7e-05
20261006,6021,美好證,295000.0,168000.0,52000.0,92000.0,116000.0,190000.0,182000.0,438000.0,387000.0,522000.0,426000.0,624000.0,515000.0,467000.0,619000.0,387000.0,735000.0,355000.0,740000.0,299000.0,274000.0,104000.0,119000.0,82000.0,152000.0,104000.0,80000.0,196000.0,201000.0,368000.0,171666.67,57.2816,0.006619,144600.0,40.8022,0.004103,244200.0,12.0803,0.002251,339533.33,5.7923,0.001583,380450.0,3.877,0.001239,309633.33,3.1758,0.000838
20261006,6023,元大期,172000.0,727000.0,355000.0,996000.0,733000.0,434000.0,1165000.0,483000.0,262000.0,601000.0,401000.0,1537000.0,411000.0,315000.0,242000.0,359000.0,1431000.0,1939000.0,861000.0,4104000.0,358000.0,399000.0,336000.0,570000.0,1197000.0,310000.0,335000.0,648000.0,372000.0,634000.0,418000.0,13.7161,0.003859,596600.0,5.766,0.002393,592800.0,2.9015,0.001313,588933.33,1.947,0.000923,876400.0,0.9813,0.000722,756233.33,0.7581,0.000488
20261006,6026,福邦證,823000.0,850000.0,755000.0,975000.0,1096000.0,612000.0,644000.0,1771000.0,2368000.0,2022000.0,835000.0,1712000.0,811000.0,909000.0,832000.0,810000.0,645000.0,853000.0,1373000.0,1340000.0,947000.0,1358000.0,623000.0,887000.0,837000.0,1369000.0,1719000.0,1006000.0,520000.0,574000.0,809333.33,33.8962,0.018465,899800.0,18.293,0.011448,1191600.0,6.9067,0.006281,1134333.33,4.8369,0.004416,1101800.0,3.7348,0.003456,1062533.33,2.5819,0.002337
20261006,6028,公勝保經,50000.0,35000.0,9000.0,11000.0,7000.0,19000.0,25000.0,33000.0,16000.0,8000.0,1000.0,5000.0,4000.0,12000.0,1000.0,9000.0,5000.0,5000.0,6000.0,4000.0,14000.0,19000.0,19000.0,5000.0,2000.0,11000.0,16000.0,12000.0,143000.0,24000.0,31333.33,53.1915,0.001122,22400.0,44.6429,0.000695,21300.0,23.4742,0.000382,15733.33,21.1864,0.000268,13250.0,18.8679,0.00021,17666.67,9.434,0.000142
20261006,6101,寬魚國際,166000.0,195000.0,85000.0,197000.0,226000.0,72000.0,59000.0,95000.0,242000.0,253000.0,205000.0,124000.0,59000.0,368000.0,195000.0,116000.0,226000.0,321000.0,330000.0,128000.0,253000.0,313000.0,156000.0,473000.0,101000.0,242000.0,213000.0,345000.0,183000.0,188000.0,148666.67,37.2197,0.003724,173800.0,19.1024,0.002309,159000.0,10.4403,0.001267,169400.0,6.5329,0.000891,183100.0,4.533,0.000697,204300.0,2.7084,0.000471
20261006,6103,合邦,9000.0,20000.0,44000.0,14000.0,131000.0,124000.0,57000.0,57000.0,40000.0,40000.0,146000.0,28000.0,14000.0,12000.0,3000.0,13000.0,13000.0,10000.0,44000.0,42000.0,23000.0,57000.0,39000.0,28000.0,87000.0,207000.0,33000.0,12000.0,13000.0,10000.0,24333.33,12.3288,0.000202,43600.0,4.1284,0.000125,53600.0,1.6791,6.9e-05,49266.67,1.2179,4.8e-05,43050.0,1.0453,3.8e-05,45666.67,0.6569,2.6e-05
20261006,6104,創惟,1287000.0,466000.0,233000.0,424000.0,412000.0,264000.0,318000.0,197000.0,357000.0,382000.0,390000.0,298000.0,170000.0,267000.0,239000.0,255000.0,268000.0,273000.0,706000.0,337000.0,275000.0,524000.0,295000.0,372000.0,631000.0,1020000.0,1482000.0,1662000.0,713000.0,742000.0,662000.0,64.8036,0.028876,564400.0,45.606,0.017902,434000.0,29.6544,0.009822,380266.67,22.5631,0.006905,377150.0,17.0622,0.005405,508633.33,8.4344,0.003654
20261006,6109,亞元,67000.0,54000.0,125000.0,59000.0,131000.0,127000.0,36000.0,97000.0,80000.0,110000.0,65000.0,112000.0,178000.0,156000.0,57000.0,98000.0,142000.0,130000.0,140000.0,113000.0,85000.0,72000.0,94000.0,100000.0,61000.0,61000.0,74000.0,96000.0,65000.0,186000.0,82000.0,27.2358,0.001503,87200.0,15.367,0.000932,88600.0,7.5621,0.000511,96933.33,4.608,0.000359,103850.0,3.2258,0.000281,99033.33,2.2551,0.00019
20261006,6111,光聚晶電,112000.0,126000.0,218000.0,108000.0,231000.0,200000.0,175000.0,104000.0,190000.0,133000.0,374000.0,177000.0,170000.0,139000.0,154000.0,292000.0,59000.0,72000.0,209000.0,70000.0,175000.0,166000.0,127000.0,192000.0,323000.0,131000.0,61000.0,222000.0,107000.0,32000.0,152000.0,24.5614,0.002513,159000.0,14.0881,0.001558,159700.0,7.0131,0.000855,174066.67,4.2895,0.000601,165650.0,3.3806,0.00047,161633.33,2.3098,0.000318
20261006,6113,亞矽,105000.0,206000.0,840000.0,621000.0,72000.0,26000.0,20000.0,43000.0,51000.0,80000.0,112000.0,34000.0,35000.0,38000.0,69000.0,80000.0,69000.0,116000.0,59000.0,158000.0,112000.0,112000.0,134000.0,56000.0,81000.0,48000.0,72000.0,55000.0,87000.0,73000.0,383666.67,9.1225,0.002356,368800.0,5.6941,0.001461,206400.0,5.0872,0.000801,156800.0,4.4643,0.000563,141700.0,3.705,0.000441,122133.33,2.8657,0.000298
20261006,6114,久威,54000.0,25000.0,23000.0,,99000.0,16000.0,12000.0,27000.0,86000.0,20000.0,22000.0,4000.0,47000.0,29000.0,9000.0,33000.0,49000.0,14000.0,7000.0,9000.0,11000.0,16000.0,9000.0,10000.0,8000.0,11000.0,17000.0,27000.0,14000.0,29000.0,34000.0,52.9412,0.001212,50250.0,26.8657,0.000751,40222.22,14.9171,0.000412,33785.71,11.4165,0.00029,30789.47,9.2308,0.000227,25413.79,7.327,0.000153
20261006,6118,建達,49000.0,133000.0,207000.0,852000.0,699000.0,656000.0,1118000.0,940000.0,174000.0,165000.0,50000.0,25000.0,98000.0,62000.0,63000.0,109000.0,88000.0,57000.0,49000.0,89000.0,202000.0,87000.0,92000.0,71000.0,35000.0,70000.0,49000.0,92000.0,67000.0,46000.0,129666.67,12.5964,0.001099,388000.0,2.5258,0.000682,499300.0,0.9814,0.000374,352733.33,0.9261,0.000263,284150.0,0.8622,0.000206,216466.67,0.7545,0.000139
20261006,6121,新普,1092000.0,423000.0,348000.0,291000.0,389000.0,307000.0,161000.0,336000.0,551000.0,420000.0,1747000.0,604000.0,498000.0,310000.0,250000.0,617000.0,375000.0,367000.0,665000.0,789000.0,267000.0,477000.0,353000.0,358000.0,389000.0,358000.0,499000.0,533000.0,487000.0,564000.0,621000.0,58.6151,0.024501,508600.0,42.9414,0.01519,431800.0,25.2895,0.008334,515133.33,14.1323,0.005859,527000.0,10.3605,0.004586,494166.67,7.3659,0.003101
20261006,6122,擎邦,2842000.0,2892000.0,2127000.0,2098000.0,2280000.0,2299000.0,2682000.0,2160000.0,903000.0,410000.0,278000.0,299000.0,185000.0,248000.0,333000.0,256000.0,148000.0,312000.0,160000.0,326000.0,876000.0,2005000.0,137000.0,92000.0,108000.0,153000.0,207000.0,97000.0,264000.0,81000.0,2620333.33,36.1532,0.063765,2447800.0,23.2209,0.039532,2069300.0,13.7341,0.021689,1469066.67,12.8971,0.015249,1161900.0,12.23,0.011936,908600.0,10.4263,0.00807
20261006,6123,上奇,20000.0,42000.0,32000.0,21000.0,87000.0,38000.0,34000.0,32000.0,29000.0,42000.0,13000.0,28000.0,20000.0,63000.0,24000.0,37000.0,23000.0,70000.0,20000.0,33000.0,23000.0,31000.0,30000.0,31000.0,10000.0,27000.0,49000.0,57000.0,18000.0,24000.0,31333.33,21.2766,0.000449,40400.0,9.901,0.000278,37700.0,5.305,0.000153,35000.0,3.8095,0.000107,35400.0,2.8249,8.4e-05,33600.0,1.9841,5.7e-05
20261006,6124,業強,29000.0,20000.0,25000.0,4000.0,12000.0,1000.0,17000.0,15000.0,15000.0,5000.0,5000.0,6000.0,5000.0,2000.0,3000.0,16000.0,5000.0,33000.0,4000.0,22000.0,25000.0,12000.0,14000.0,15000.0,24000.0,45000.0,22000.0,12000.0,12000.0,4000.0,24666.67,39.1892,0.000651,18000.0,32.2222,0.000403,14300.0,20.2797,0.000221,10933.33,17.6829,0.000156,12200.0,11.8852,0.000122,14300.0,6.7599,8.2e-05
20261006,6125,廣運,460000.0,754000.0,943000.0,339000.0,480000.0,327000.0,288000.0,335000.0,502000.0,314000.0,503000.0,362000.0,374000.0,419000.0,421000.0,733000.0,522000.0,584000.0,576000.0,731000.0,1153000.0,3282000.0,1144000.0,628000.0,908000.0,873000.0,1224000.0,871000.0,1598000.0,2817000.0,719000.0,21.3259,0.010321,595200.0,15.457,0.006399,474200.0,9.7005,0.003511,454733.33,6.7439,0.002468,498350.0,4.6152,0.001932,815500.0,1.8802,0.001306
20261006,6126,信音,1252000.0,4561000.0,487000.0,187000.0,282000.0,193000.0,260000.0,289000.0,413000.0,638000.0,1216000.0,2196000.0,580000.0,294000.0,252000.0,241000.0,435000.0,340000.0,453000.0,426000.0,250000.0,595000.0,273000.0,365000.0,229000.0,378000.0,337000.0,200000.0,268000.0,234000.0,2100000.0,19.873,0.028091,1353800.0,18.4961,0.017415,856200.0,14.6228,0.009555,873333.33,9.5573,0.006718,749750.0,8.3494,0.005258,604133.33,6.908,0.003555
20261006,6127,九豪,4366000.0,11098000.0,29437000.0,16443000.0,4064000.0,6392000.0,1309000.0,1215000.0,1794000.0,1670000.0,1299000.0,1615000.0,1640000.0,2057000.0,2074000.0,3997000.0,6237000.0,3552000.0,1832000.0,2483000.0,3088000.0,1821000.0,2198000.0,3928000.0,2977000.0,8176000.0,2292000.0,1852000.0,1101000.0,1132000.0,14967000.0,9.7236,0.097958,13081600.0,6.675,0.060731,7778800.0,5.6127,0.03332,5764866.67,5.049,0.023425,5228700.0,4.175,0.018336,4437966.67,3.2793,0.012397
20261006,6129,普誠,321000.0,608000.0,500000.0,241000.0,393000.0,123000.0,281000.0,385000.0,466000.0,750000.0,331000.0,954000.0,854000.0,233000.0,638000.0,,,,,,,,549000.0,546000.0,752000.0,400000.0,517000.0,335000.0,759000.0,528000.0,476333.33,22.4633,0.007202,412600.0,15.5599,0.004465,406800.0,7.8909,0.00245,471866.67,4.5352,0.001722,471866.67,4.5352,0.001348,498434.78,2.8001,0.000911
20261006,6130,上亞科技,68000.0,581000.0,303000.0,15000.0,155000.0,79000.0,61000.0,52000.0,63000.0,65000.0,97000.0,28000.0,56000.0,499000.0,59000.0,89000.0,46000.0,76000.0,316000.0,62000.0,102000.0,89000.0,75000.0,69000.0,79000.0,161000.0,73000.0,138000.0,68000.0,95000.0,317333.33,7.1429,0.001526,224400.0,6.0606,0.000946,144200.0,4.7157,0.000519,145400.0,3.1178,0.000365,138500.0,2.4549,0.000286,123966.67,1.8284,0.000193
20261006,6134,萬旭,542000.0,1292000.0,149000.0,166000.0,168000.0,52000.0,85000.0,108000.0,280000.0,284000.0,45000.0,150000.0,228000.0,54000.0,79000.0,114000.0,101000.0,176000.0,193000.0,191000.0,246000.0,107000.0,102000.0,108000.0,237000.0,153000.0,152000.0,219000.0,85000.0,55000.0,661000.0,27.3323,0.012161,463400.0,23.3923,0.007539,312600.0,17.3385,0.004136,245466.67,14.7203,0.002908,222850.0,12.1606,0.002276,197366.67,9.1539,0.001539
20261006,6138,茂達,517000.0,1158000.0,719000.0,661000.0,319000.0,386000.0,232000.0,334000.0,459000.0,294000.0,534000.0,312000.0,221000.0,212000.0,302000.0,310000.0,288000.0,361000.0,920000.0,899000.0,215000.0,385000.0,464000.0,505000.0,595000.0,1319000.0,1087000.0,792000.0,553000.0,519000.0,798000.0,21.5957,0.0116,674800.0,15.3231,0.007191,507900.0,10.1792,0.003946,444000.0,7.7628,0.002774,471900.0,5.4779,0.002171,529066.67,3.2573,0.001468
20261006,6140,訊達,1009000.0,210000.0,133000.0,212000.0,315000.0,332000.0,549000.0,681000.0,1674000.0,2616000.0,1190000.0,848000.0,1565000.0,326000.0,289000.0,113000.0,65000.0,42000.0,44000.0,40000.0,59000.0,45000.0,50000.0,26000.0,38000.0,54000.0,32000.0,62000.0,122000.0,138000.0,450666.67,74.6302,0.022638,375800.0,53.6988,0.014035,773100.0,13.0514,0.0077,796600.0,8.4442,0.005414,612650.0,8.2347,0.004237,429300.0,7.8345,0.002865
20261006,6143,振曜,521000.0,575000.0,173000.0,239000.0,179000.0,167000.0,135000.0,273000.0,233000.0,121000.0,202000.0,212000.0,336000.0,504000.0,211000.0,375000.0,399000.0,329000.0,539000.0,321000.0,340000.0,273000.0,244000.0,314000.0,195000.0,237000.0,293000.0,173000.0,151000.0,224000.0,423000.0,41.0559,0.011689,337400.0,30.8832,0.007247,261600.0,19.9159,0.003976,272066.67,12.7665,0.002795,302200.0,8.6201,0.002188,282933.33,6.1381,0.001479
20261006,6144,得利影,16000.0,55000.0,120000.0,12000.0,5000.0,7000.0,4000.0,5000.0,23000.0,28000.0,20000.0,5000.0,12000.0,13000.0,1000.0,10000.0,13000.0,6000.0,1000.0,3000.0,3000.0,14000.0,18000.0,5000.0,17000.0,5000.0,5000.0,11000.0,30000.0,49000.0,63666.67,8.377,0.000359,41600.0,7.6923,0.000223,27500.0,5.8182,0.000122,21733.33,4.908,8.6e-05,17950.0,4.4568,6.7e-05,17200.0,3.1008,4.5e-05
20261006,6146,耕興,158000.0,133000.0,224000.0,211000.0,202000.0,152000.0,174000.0,241000.0,181000.0,126000.0,263000.0,360000.0,697000.0,211000.0,169000.0,195000.0,232000.0,187000.0,169000.0,207000.0,575000.0,388000.0,286000.0,163000.0,138000.0,156000.0,197000.0,193000.0,262000.0,233000.0,171666.67,30.6796,0.003545,185600.0,17.0259,0.002198,180200.0,8.768,0.001206,233466.67,4.5117,0.000848,224600.0,3.5174,0.000664,236100.0,2.2307,0.000449
20261006,6147,頎邦,21198000.0,33804000.0,28052000.0,48758000.0,20808000.0,20081000.0,15040000.0,39304000.0,53143000.0,40412000.0,72627000.0,70040000.0,64262000.0,63670000.0,41513000.0,24656000.0,56352000.0,47727000.0,49418000.0,47256000.0,62692000.0,63936000.0,15421000.0,22963000.0,20856000.0,52447000.0,70294000.0,29810000.0,14250000.0,14584000.0,27684666.67,25.5232,0.47561,30524000.0,13.8894,0.294862,32060000.0,6.612,0.161774,42180800.0,3.3503,0.113736,42906050.0,2.4703,0.089025,40845800.0,1.7299,0.060192
20261006,6148,驊宏資,5306000.0,1099000.0,1106000.0,1083000.0,1353000.0,1902000.0,6786000.0,1999000.0,2662000.0,14820000.0,9048000.0,5412000.0,21382000.0,4808000.0,1342000.0,1762000.0,56000.0,69000.0,69000.0,142000.0,163000.0,86000.0,35000.0,33000.0,40000.0,95000.0,117000.0,80000.0,78000.0,80000.0,2503666.67,70.6431,0.119048,1989400.0,53.3427,0.073806,3811600.0,13.9207,0.040493,5340533.33,6.6236,0.028469,4110300.0,6.4545,0.022284,2767100.0,6.3918,0.015066
20261006,6150,撼訊,405000.0,668000.0,1738000.0,3208000.0,340000.0,114000.0,69000.0,292000.0,175000.0,172000.0,160000.0,89000.0,75000.0,147000.0,218000.0,977000.0,308000.0,293000.0,145000.0,133000.0,167000.0,175000.0,390000.0,90000.0,85000.0,130000.0,86000.0,140000.0,297000.0,221000.0,937000.0,14.4077,0.009087,1271800.0,6.3689,0.005634,718100.0,5.6399,0.003091,524666.67,5.1461,0.002173,486300.0,4.1641,0.001701,383566.67,3.5196,0.00115
20261006,6151,晉倫,67000.0,71000.0,78000.0,93000.0,117000.0,102000.0,78000.0,60000.0,123000.0,41000.0,131000.0,65000.0,170000.0,66000.0,89000.0,77000.0,60000.0,88000.0,149000.0,93000.0,65000.0,152000.0,129000.0,132000.0,94000.0,96000.0,76000.0,80000.0,57000.0,71000.0,72000.0,31.0185,0.001503,85200.0,15.7277,0.000932,83000.0,8.0723,0.000511,90066.67,4.9593,0.000359,90900.0,3.6854,0.000281,92333.33,2.4188,0.00019
20261006,6154,順發,5000.0,25000.0,20000.0,40000.0,33000.0,26000.0,42000.0,54000.0,40000.0,17000.0,10000.0,34000.0,21000.0,14000.0,23000.0,32000.0,15000.0,8000.0,19000.0,10000.0,6000.0,12000.0,20000.0,33000.0,8000.0,10000.0,61000.0,7000.0,4000.0,41000.0,16666.67,10.0,0.000112,24600.0,4.065,7e-05,30200.0,1.6556,3.8e-05,26933.33,1.2376,2.7e-05,24400.0,1.0246,2.1e-05,23000.0,0.7246,1.4e-05
20261006,6156,松上,2698000.0,567000.0,700000.0,767000.0,741000.0,907000.0,196000.0,341000.0,341000.0,420000.0,390000.0,621000.0,328000.0,254000.0,422000.0,1452000.0,315000.0,316000.0,397000.0,200000.0,380000.0,453000.0,430000.0,436000.0,512000.0,514000.0,803000.0,377000.0,369000.0,314000.0,1321666.67,68.0454,0.060534,1094600.0,49.2965,0.037529,767800.0,35.1394,0.02059,646200.0,27.8345,0.014476,618650.0,21.8055,0.011331,565366.67,15.9071,0.007661
20261006,6158,禾昌,59000.0,152000.0,447000.0,36000.0,88000.0,14000.0,26000.0,57000.0,19000.0,36000.0,52000.0,93000.0,43000.0,23000.0,44000.0,15000.0,3000.0,32000.0,31000.0,39000.0,43000.0,124000.0,217000.0,50000.0,37000.0,12000.0,38000.0,28000.0,13000.0,61000.0,219333.33,8.9666,0.001324,156400.0,7.5448,0.000821,93400.0,6.3169,0.00045,79266.67,4.9622,0.000317,65450.0,4.5073,0.000248,64400.0,3.0538,0.000168
20261006,6160,欣技,103000.0,29000.0,57000.0,44000.0,59000.0,39000.0,62000.0,36000.0,37000.0,96000.0,56000.0,37000.0,24000.0,50000.0,28000.0,36000.0,29000.0,24000.0,42000.0,24000.0,46000.0,70000.0,127000.0,47000.0,36000.0,81000.0,59000.0,71000.0,244000.0,868000.0,63000.0,54.4974,0.002311,58400.0,35.274,0.001433,56200.0,18.3274,0.000786,50466.67,13.6063,0.000553,45600.0,11.2939,0.000433,85366.67,4.0219,0.000292
20261006,6161,捷波,23000.0,59000.0,65000.0,38000.0,203000.0,59000.0,44000.0,131000.0,26000.0,39000.0,85000.0,84000.0,46000.0,62000.0,51000.0,169000.0,478000.0,63000.0,91000.0,78000.0,96000.0,391000.0,26000.0,49000.0,76000.0,98000.0,111000.0,51000.0,113000.0,58000.0,49000.0,15.6463,0.000516,77600.0,5.9278,0.00032,68700.0,3.3479,0.000176,67666.67,2.266,0.000123,94700.0,1.2144,9.7e-05,98766.67,0.7762,6.5e-05
20261006,6163,華電網,1139000.0,3909000.0,495000.0,676000.0,1247000.0,476000.0,757000.0,615000.0,459000.0,1203000.0,572000.0,785000.0,771000.0,1546000.0,343000.0,688000.0,196000.0,181000.0,343000.0,267000.0,317000.0,1138000.0,626000.0,440000.0,414000.0,382000.0,601000.0,354000.0,257000.0,314000.0,1847666.67,20.5484,0.025555,1493200.0,15.2558,0.015843,1097600.0,10.3772,0.008692,999533.33,7.5969,0.006111,833400.0,6.8335,0.004783,717033.33,5.295,0.003234
20261006,6167,久正,194000.0,311000.0,237000.0,182000.0,199000.0,175000.0,229000.0,153000.0,296000.0,164000.0,159000.0,194000.0,114000.0,140000.0,177000.0,346000.0,154000.0,76000.0,158000.0,193000.0,342000.0,329000.0,198000.0,505000.0,536000.0,405000.0,430000.0,144000.0,40000.0,135000.0,247333.33,26.1456,0.004353,224600.0,17.2752,0.002699,214000.0,9.0654,0.001481,194933.33,6.6347,0.001041,192550.0,5.0377,0.000815,230500.0,2.8055,0.000551
20261006,6169,昱泉,2000.0,,12000.0,8000.0,2000.0,10000.0,6000.0,5000.0,18000.0,6000.0,21000.0,4000.0,9000.0,2000.0,9000.0,17000.0,6000.0,,14000.0,6000.0,18000.0,10000.0,6000.0,13000.0,10000.0,3000.0,8000.0,6000.0,6000.0,5000.0,7000.0,14.2857,4.5e-05,6000.0,8.3333,2.8e-05,7666.67,2.8986,1.5e-05,8142.86,1.7544,1.1e-05,8722.22,1.2739,8e-06,8642.86,0.8264,6e-06
20261006,6170,統振,132000.0,146000.0,114000.0,161000.0,125000.0,195000.0,107000.0,117000.0,82000.0,119000.0,152000.0,148000.0,103000.0,88000.0,101000.0,94000.0,120000.0,468000.0,189000.0,63000.0,127000.0,180000.0,118000.0,158000.0,80000.0,169000.0,170000.0,199000.0,58000.0,115000.0,130666.67,33.6735,0.002962,135600.0,19.469,0.001836,129800.0,10.1695,0.001007,126000.0,6.9841,0.000708,141200.0,4.6742,0.000554,139933.33,3.1444,0.000375
20261006,6171,大城地產,37000.0,121000.0,339000.0,435000.0,149000.0,90000.0,33000.0,53000.0,58000.0,39000.0,178000.0,69000.0,16000.0,5000.0,57000.0,52000.0,5000.0,45000.0,20000.0,56000.0,45000.0,54000.0,38000.0,35000.0,54000.0,54000.0,139000.0,156000.0,78000.0,44000.0,165666.67,7.4447,0.00083,216200.0,3.4228,0.000515,135400.0,2.7326,0.000282,111933.33,2.2037,0.000199,92850.0,1.9925,0.000155,85133.33,1.4487,0.000105
20261006,6173,信昌電,5379000.0,11506000.0,23916000.0,31024000.0,10697000.0,6830000.0,11387000.0,9998000.0,15447000.0,13283000.0,18216000.0,25894000.0,27771000.0,28887000.0,25410000.0,59199000.0,21350000.0,12343000.0,16950000.0,12170000.0,18224000.0,12412000.0,9462000.0,21704000.0,28268000.0,17292000.0,10757000.0,6116000.0,8336000.0,20134000.0,13600333.33,13.1835,0.120686,16504400.0,6.5183,0.074821,13946700.0,3.8568,0.04105,17709666.67,2.0249,0.028861,19382850.0,1.3876,0.02259,18012066.67,0.9954,0.015274
20261006,6174,安碁,2815000.0,1302000.0,1557000.0,1588000.0,499000.0,1082000.0,529000.0,802000.0,300000.0,759000.0,360000.0,535000.0,1180000.0,586000.0,482000.0,327000.0,369000.0,666000.0,595000.0,691000.0,308000.0,723000.0,387000.0,726000.0,413000.0,667000.0,752000.0,799000.0,942000.0,3514000.0,1891333.33,49.6123,0.063159,1552200.0,36.2711,0.039156,1123300.0,25.0601,0.021483,958400.0,19.5812,0.015104,851200.0,16.5355,0.011822,875166.67,10.7218,0.007993
20261006,6175,立敦,1037000.0,2757000.0,4673000.0,5454000.0,504000.0,249000.0,321000.0,474000.0,747000.0,919000.0,418000.0,303000.0,440000.0,337000.0,379000.0,499000.0,718000.0,429000.0,542000.0,765000.0,1248000.0,744000.0,827000.0,999000.0,1048000.0,2410000.0,1457000.0,677000.0,387000.0,471000.0,2822333.33,12.2475,0.023267,2885000.0,7.1889,0.014425,1713500.0,6.0519,0.007914,1267466.67,5.4544,0.005564,1098250.0,4.7211,0.004355,1074433.33,3.2172,0.002945
20261006,6179,亞通,7782000.0,4000000.0,3032000.0,3424000.0,7509000.0,7209000.0,5996000.0,6245000.0,12486000.0,17762000.0,29422000.0,13501000.0,11799000.0,9417000.0,13147000.0,22023000.0,42706000.0,25818000.0,12134000.0,2952000.0,2697000.0,2419000.0,2031000.0,3869000.0,11056000.0,10885000.0,1248000.0,2643000.0,998000.0,1649000.0,4938000.0,52.5314,0.174601,5149400.0,30.2249,0.108247,7544500.0,10.3148,0.059389,10182066.67,5.0952,0.041754,12918200.0,3.012,0.032682,9928633.33,2.6126,0.022097
20261006,6180,橘子,228000.0,215000.0,201000.0,348000.0,229000.0,231000.0,131000.0,193000.0,218000.0,262000.0,178000.0,132000.0,154000.0,130000.0,111000.0,153000.0,214000.0,251000.0,327000.0,558000.0,563000.0,201000.0,269000.0,480000.0,435000.0,382000.0,506000.0,446000.0,206000.0,157000.0,214666.67,35.4037,0.005116,244200.0,18.6732,0.003171,225600.0,10.1064,0.00174,197400.0,7.7001,0.001223,223200.0,5.1075,0.000958,270300.0,2.8117,0.000647
20261006,6182,合晶,66645000.0,90831000.0,140842000.0,179477000.0,155900000.0,66064000.0,92271000.0,116114000.0,100848000.0,45511000.0,64336000.0,58463000.0,44614000.0,40338000.0,17900000.0,21136000.0,15488000.0,19606000.0,57957000.0,40054000.0,36225000.0,47543000.0,67164000.0,72007000.0,28469000.0,67776000.0,40964000.0,39884000.0,107775000.0,38486000.0,99439333.33,22.3403,1.495285,126739000.0,10.5169,0.927025,105450300.0,6.32,0.508607,85343600.0,5.206,0.357579,71719750.0,4.6462,0.279888,66022933.33,3.3647,0.189239
20261006,6185,幃翔,151000.0,166000.0,145000.0,154000.0,101000.0,108000.0,118000.0,300000.0,191000.0,109000.0,46000.0,88000.0,309000.0,328000.0,448000.0,349000.0,118000.0,234000.0,116000.0,73000.0,139000.0,80000.0,197000.0,199000.0,325000.0,185000.0,499000.0,345000.0,217000.0,765000.0,154000.0,32.684,0.003388,143400.0,21.06,0.0021,154300.0,9.7861,0.001152,184133.33,5.4671,0.00081,182600.0,4.1347,0.000634,220100.0,2.2868,0.000429
20261006,6186,新潤,331000.0,499000.0,378000.0,169000.0,282000.0,344000.0,554000.0,1023000.0,568000.0,1033000.0,3180000.0,325000.0,171000.0,747000.0,366000.0,476000.0,522000.0,622000.0,649000.0,930000.0,1453000.0,484000.0,299000.0,872000.0,798000.0,538000.0,616000.0,734000.0,518000.0,499000.0,402666.67,27.4007,0.007427,331800.0,19.9518,0.004604,518100.0,6.3887,0.002526,664666.67,3.32,0.001776,658450.0,2.5135,0.00139,666000.0,1.6567,0.00094
20261006,6187,萬潤,5515000.0,4544000.0,2272000.0,1612000.0,4915000.0,3324000.0,1008000.0,1386000.0,1303000.0,1457000.0,982000.0,1169000.0,993000.0,1084000.0,1907000.0,1567000.0,1829000.0,2844000.0,3519000.0,2297000.0,1920000.0,2927000.0,1902000.0,3103000.0,2698000.0,5986000.0,4797000.0,2614000.0,1487000.0,4413000.0,4110333.33,44.7247,0.123738,3771600.0,29.2449,0.076713,2733600.0,20.1749,0.042088,2231400.0,16.477,0.02959,2276350.0,12.1137,0.023161,2579133.33,7.1277,0.01566
20261006,6188,廣明,454000.0,930000.0,473000.0,331000.0,657000.0,471000.0,313000.0,442000.0,516000.0,464000.0,678000.0,536000.0,693000.0,448000.0,591000.0,550000.0,482000.0,652000.0,1117000.0,653000.0,331000.0,1704000.0,460000.0,359000.0,774000.0,400000.0,888000.0,402000.0,447000.0,583000.0,619000.0,24.448,0.010186,569000.0,15.9578,0.006315,505100.0,8.9883,0.003465,533133.33,5.6771,0.002436,572550.0,3.9647,0.001907,593300.0,2.5507,0.001289
20261006,6190,萬泰科,9067000.0,8794000.0,1189000.0,1537000.0,1946000.0,1026000.0,1013000.0,1161000.0,2144000.0,3659000.0,2828000.0,3941000.0,2315000.0,599000.0,932000.0,1040000.0,1994000.0,1716000.0,867000.0,1331000.0,2388000.0,2067000.0,4737000.0,2927000.0,1702000.0,2870000.0,2243000.0,2995000.0,1339000.0,1113000.0,6350000.0,47.5958,0.203432,4506600.0,40.2388,0.126121,3153600.0,28.7513,0.069196,2810066.67,21.5108,0.048648,2454950.0,18.4668,0.038079,2449333.33,12.3394,0.025746
20261006,6194,育富,226000.0,8000.0,29000.0,27000.0,42000.0,159000.0,60000.0,42000.0,15000.0,43000.0,40000.0,55000.0,60000.0,72000.0,16000.0,15000.0,23000.0,28000.0,22000.0,16000.0,34000.0,77000.0,18000.0,23000.0,31000.0,18000.0,15000.0,42000.0,21000.0,13000.0,87666.67,85.9316,0.005071,66400.0,68.0723,0.003144,65100.0,34.7158,0.001725,59600.0,25.2796,0.001213,49900.0,22.6453,0.000949,43000.0,17.5194,0.000642
20261006,6195,詩肯,17000.0,8000.0,52000.0,8000.0,9000.0,20000.0,14000.0,11000.0,45000.0,17000.0,5000.0,2000.0,93000.0,9000.0,20000.0,,20000.0,34000.0,23000.0,16000.0,43000.0,13000.0,12000.0,10000.0,8000.0,5000.0,2000.0,16000.0,13000.0,8000.0,25666.67,22.0779,0.000381,18800.0,18.0851,0.000236,20100.0,8.4577,0.00013,22000.0,5.1515,9.1e-05,22263.16,4.0189,7.1e-05,19068.97,3.0741,4.8e-05
20261006,6198,瑞築,1000.0,6000.0,1000.0,,1000.0,,3000.0,3000.0,4000.0,,,,6000.0,,3000.0,5000.0,11000.0,,9000.0,2000.0,6000.0,2000.0,46000.0,6000.0,,9000.0,2000.0,3000.0,54000.0,169000.0,2666.67,12.5,2.2e-05,2250.0,11.1111,1.4e-05,2714.29,5.2632,8e-06,3111.11,3.5714,5e-06,4230.77,1.8182,4e-06,16000.0,0.2841,3e-06
20261006,6199,天品,5067000.0,7650000.0,5822000.0,6604000.0,6632000.0,7887000.0,5871000.0,5040000.0,7291000.0,8092000.0,4218000.0,3489000.0,3767000.0,3079000.0,3116000.0,3134000.0,2128000.0,1367000.0,1234000.0,1582000.0,2686000.0,2043000.0,673000.0,717000.0,412000.0,591000.0,302000.0,1514000.0,700000.0,723000.0,6179666.67,27.3316,0.113686,6355000.0,15.9465,0.070481,6595600.0,7.6824,0.038669,5575000.0,6.0592,0.027187,4653500.0,5.4443,0.02128,3447700.0,4.8989,0.014388
20261006,6203,海韻電,35000.0,37000.0,30000.0,54000.0,87000.0,58000.0,22000.0,31000.0,54000.0,34000.0,64000.0,46000.0,45000.0,39000.0,53000.0,65000.0,44000.0,72000.0,31000.0,32000.0,22000.0,43000.0,116000.0,53000.0,60000.0,42000.0,95000.0,40000.0,73000.0,53000.0,34000.0,34.3137,0.000785,48600.0,14.4033,0.000487,44200.0,7.9186,0.000267,45933.33,5.0798,0.000188,46650.0,3.7513,0.000147,51000.0,2.2876,9.9e-05
20261006,6204,艾華,417000.0,1185000.0,816000.0,517000.0,345000.0,626000.0,535000.0,361000.0,767000.0,1699000.0,967000.0,638000.0,186000.0,209000.0,214000.0,157000.0,144000.0,77000.0,121000.0,391000.0,328000.0,318000.0,284000.0,383000.0,224000.0,871000.0,393000.0,100000.0,261000.0,255000.0,806000.0,17.2457,0.009356,656000.0,12.7134,0.0058,726800.0,5.7375,0.003182,632133.33,4.3978,0.002237,518600.0,4.0204,0.001751,459633.33,3.0241,0.001184
20261006,6207,雷科,11740000.0,17386000.0,25640000.0,37791000.0,20628000.0,23009000.0,11895000.0,2616000.0,5247000.0,8184000.0,5379000.0,7389000.0,4707000.0,1889000.0,2739000.0,4776000.0,3684000.0,8894000.0,18309000.0,5705000.0,9486000.0,8742000.0,4660000.0,2857000.0,2519000.0,5913000.0,7299000.0,3176000.0,1370000.0,4697000.0,18255333.33,21.4367,0.263405,22637000.0,10.3724,0.163302,16413600.0,7.1526,0.089595,12415933.33,6.3037,0.06299,11380350.0,5.158,0.049304,9277533.33,4.2181,0.033336
20261006,6208,日揚,181000.0,229000.0,349000.0,464000.0,111000.0,99000.0,57000.0,122000.0,136000.0,163000.0,120000.0,210000.0,101000.0,111000.0,141000.0,117000.0,148000.0,232000.0,202000.0,156000.0,469000.0,758000.0,190000.0,182000.0,156000.0,212000.0,154000.0,146000.0,108000.0,201000.0,253000.0,23.8472,0.004061,266800.0,13.5682,0.002518,191100.0,9.4715,0.001381,172933.33,6.9776,0.000971,172450.0,5.2479,0.00076,200833.33,3.0041,0.000514
20261006,6210,慶生,18000.0,27000.0,12000.0,12000.0,21000.0,9000.0,21000.0,8000.0,9000.0,13000.0,13000.0,9000.0,12000.0,9000.0,37000.0,1000.0,17000.0,6000.0,,1000.0,5000.0,6000.0,6000.0,,13000.0,1000.0,9000.0,9000.0,11000.0,6000.0,19000.0,31.5789,0.000404,18000.0,20.0,0.00025,15000.0,12.0,0.000137,15333.33,7.8261,9.7e-05,13421.05,7.0588,7.6e-05,11464.29,5.6075,5.1e-05
20261006,6212,理銘,1000.0,1000.0,2000.0,1000.0,,4000.0,1000.0,3000.0,1000.0,,6000.0,9000.0,,1000.0,1000.0,,,4000.0,4000.0,6000.0,3000.0,1000.0,,,1000.0,3000.0,2000.0,1000.0,,5000.0,1333.33,25.0,2.2e-05,1250.0,20.0,1.4e-05,1750.0,7.1429,8e-06,2583.33,3.2258,5e-06,3000.0,2.2222,4e-06,2772.73,1.6393,3e-06
20261006,6217,中探針,2373000.0,2804000.0,4219000.0,2598000.0,3088000.0,1717000.0,1405000.0,1840000.0,3333000.0,5429000.0,5100000.0,2832000.0,2397000.0,2896000.0,1854000.0,2425000.0,2330000.0,2584000.0,3243000.0,5502000.0,8467000.0,12982000.0,16579000.0,6084000.0,3232000.0,9589000.0,4422000.0,3131000.0,1610000.0,1277000.0,3132000.0,25.2554,0.053242,3016400.0,15.734,0.033008,2880600.0,8.2379,0.01811,2925666.67,5.4073,0.012732,2998450.0,3.957,0.009966,4244733.33,1.8635,0.006738
20261006,6218,豪勉,5026000.0,2049000.0,1546000.0,1131000.0,1257000.0,1423000.0,1890000.0,2948000.0,12600000.0,1918000.0,15230000.0,24524000.0,15166000.0,3677000.0,1385000.0,1132000.0,1886000.0,4880000.0,7269000.0,2921000.0,1295000.0,1753000.0,4209000.0,1303000.0,1396000.0,2404000.0,1210000.0,2451000.0,1484000.0,537000.0,2873666.67,58.2995,0.112766,2201800.0,45.6536,0.069911,3178800.0,15.811,0.038356,6118000.0,5.4767,0.026967,5492900.0,4.575,0.021108,4263333.33,3.9296,0.014271
20261006,6219,富旺,104000.0,52000.0,88000.0,122000.0,82000.0,80000.0,22000.0,107000.0,83000.0,33000.0,71000.0,44000.0,56000.0,25000.0,55000.0,120000.0,31000.0,93000.0,41000.0,24000.0,268000.0,135000.0,39000.0,29000.0,31000.0,104000.0,45000.0,51000.0,96000.0,62000.0,81333.33,42.623,0.002333,89600.0,23.2143,0.001447,77300.0,13.4541,0.000794,68266.67,10.1562,0.000558,66650.0,7.802,0.000437,73100.0,4.7424,0.000295
20261006,6220,岳豐,720000.0,203000.0,163000.0,92000.0,71000.0,120000.0,48000.0,52000.0,154000.0,239000.0,173000.0,145000.0,157000.0,97000.0,46000.0,118000.0,48000.0,49000.0,127000.0,116000.0,236000.0,177000.0,91000.0,226000.0,88000.0,259000.0,444000.0,192000.0,154000.0,124000.0,362000.0,66.2983,0.016154,249800.0,57.6461,0.010015,186200.0,38.6681,0.005495,165333.33,29.0323,0.003863,146900.0,24.5065,0.003024,164300.0,14.6074,0.002044
20261006,6221,晉泰,2141000.0,1038000.0,923000.0,1561000.0,2236000.0,1142000.0,821000.0,1173000.0,964000.0,3378000.0,1619000.0,1907000.0,7504000.0,1047000.0,308000.0,380000.0,37000.0,72000.0,52000.0,104000.0,80000.0,89000.0,41000.0,121000.0,66000.0,72000.0,113000.0,154000.0,84000.0,82000.0,1367333.33,52.1941,0.048037,1579800.0,27.1047,0.029781,1537700.0,13.9234,0.016339,1850800.0,7.712,0.011487,1420350.0,7.5369,0.008992,976966.67,7.3049,0.006079
20261006,6222,立軒,7000.0,9000.0,2000.0,,6000.0,1000.0,6000.0,55000.0,43000.0,40000.0,25000.0,12000.0,21000.0,17000.0,5000.0,37000.0,12000.0,6000.0,1000.0,5000.0,15000.0,2000.0,12000.0,19000.0,6000.0,4000.0,17000.0,47000.0,1000.0,19000.0,6000.0,38.8889,0.000157,6000.0,29.1667,9.7e-05,18777.78,4.142,5.3e-05,17785.71,2.8112,3.8e-05,16315.79,2.2581,2.9e-05,15586.21,1.5487,2e-05
20261006,6223,旺矽,827000.0,769000.0,1000000.0,924000.0,897000.0,974000.0,487000.0,949000.0,2040000.0,1007000.0,741000.0,747000.0,397000.0,612000.0,522000.0,682000.0,473000.0,1459000.0,1687000.0,1048000.0,508000.0,1380000.0,911000.0,1474000.0,1134000.0,1610000.0,2355000.0,1549000.0,482000.0,778000.0,865333.33,31.8567,0.018555,883400.0,18.7231,0.011503,987400.0,8.3755,0.006311,859533.33,6.4143,0.004437,912100.0,4.5335,0.003473,1014100.0,2.7183,0.002348
20261006,6227,茂綸,785000.0,2902000.0,1486000.0,1104000.0,918000.0,726000.0,874000.0,781000.0,2094000.0,980000.0,2255000.0,4827000.0,1721000.0,2649000.0,4881000.0,4135000.0,322000.0,406000.0,161000.0,371000.0,242000.0,374000.0,487000.0,419000.0,718000.0,2436000.0,1880000.0,473000.0,244000.0,170000.0,1724333.33,15.1749,0.017613,1439000.0,10.9104,0.010919,1265000.0,6.2055,0.005991,1932200.0,2.7085,0.004212,1718900.0,2.2834,0.003297,1394033.33,1.877,0.002229
20261006,6228,全譜,4000.0,10000.0,14000.0,9000.0,28000.0,57000.0,19000.0,8000.0,,4000.0,5000.0,,1000.0,,,,,,,,,,,,,,3000.0,2000.0,4000.0,19000.0,9333.33,14.2857,9e-05,13000.0,6.1538,5.6e-05,17000.0,2.6144,3.1e-05,14454.55,2.5157,2.1e-05,14454.55,2.5157,1.7e-05,12466.67,2.139,1.1e-05
20261006,6229,研通,53000.0,55000.0,80000.0,77000.0,128000.0,192000.0,69000.0,30000.0,23000.0,58000.0,28000.0,26000.0,34000.0,24000.0,7000.0,54000.0,29000.0,29000.0,13000.0,91000.0,29000.0,38000.0,36000.0,34000.0,18000.0,96000.0,25000.0,41000.0,40000.0,47000.0,62666.67,28.1915,0.001189,78600.0,13.486,0.000737,76500.0,6.9281,0.000404,58933.33,5.9955,0.000284,55000.0,4.8182,0.000223,50133.33,3.5239,0.00015
20261006,6231,系微,170000.0,356000.0,380000.0,181000.0,407000.0,598000.0,611000.0,141000.0,295000.0,282000.0,383000.0,275000.0,224000.0,268000.0,379000.0,438000.0,415000.0,1054000.0,694000.0,106000.0,105000.0,151000.0,156000.0,140000.0,172000.0,230000.0,123000.0,160000.0,173000.0,105000.0,302000.0,18.7638,0.003814,298800.0,11.3788,0.002365,342100.0,4.9693,0.001297,330000.0,3.4343,0.000912,382850.0,2.2202,0.000714,305733.33,1.8535,0.000483
20261006,6233,旺玖,369000.0,233000.0,268000.0,509000.0,311000.0,113000.0,78000.0,81000.0,100000.0,175000.0,90000.0,103000.0,73000.0,76000.0,57000.0,70000.0,138000.0,54000.0,205000.0,76000.0,92000.0,119000.0,67000.0,98000.0,222000.0,95000.0,164000.0,158000.0,140000.0,120000.0,290000.0,42.4138,0.008279,338000.0,21.8343,0.005133,223700.0,16.4953,0.002816,175733.33,13.9985,0.00198,158950.0,11.6074,0.00155,148466.67,8.2847,0.001048
20261006,6234,高僑,264000.0,728000.0,964000.0,1196000.0,1409000.0,1012000.0,640000.0,1321000.0,2471000.0,3330000.0,1245000.0,141000.0,188000.0,138000.0,212000.0,398000.0,210000.0,355000.0,347000.0,398000.0,291000.0,177000.0,132000.0,264000.0,164000.0,373000.0,280000.0,310000.0,116000.0,214000.0,652000.0,13.4969,0.005923,912200.0,5.7882,0.003672,1333500.0,1.9798,0.002015,1017266.67,1.7301,0.001416,848350.0,1.556,0.001109,642933.33,1.3687,0.00075
20261006,6236,中湛,,,6000.0,2000.0,2000.0,1000.0,1000.0,2000.0,7000.0,11000.0,7000.0,,,,,,,,,,,,,2000.0,,,15000.0,4000.0,,2000.0,6000.0,,,3333.33,,,4000.0,,,4333.33,,,4333.33,,,4769.23,,
20261006,6237,驊訊,175000.0,293000.0,253000.0,762000.0,240000.0,412000.0,2441000.0,972000.0,116000.0,180000.0,183000.0,172000.0,126000.0,77000.0,76000.0,95000.0,130000.0,110000.0,285000.0,126000.0,177000.0,393000.0,688000.0,125000.0,109000.0,176000.0,174000.0,130000.0,85000.0,89000.0,240333.33,24.2718,0.003926,344600.0,10.1567,0.002434,584400.0,2.9945,0.001336,431866.67,2.7015,0.000939,361200.0,2.4225,0.000735,312333.33,1.8677,0.000497
20261006,6240,松崗,16000.0,34000.0,47000.0,23000.0,33000.0,26000.0,66000.0,96000.0,39000.0,110000.0,71000.0,195000.0,174000.0,165000.0,61000.0,15000.0,32000.0,49000.0,41000.0,248000.0,533000.0,322000.0,136000.0,337000.0,115000.0,35000.0,16000.0,128000.0,85000.0,22000.0,32333.33,16.4948,0.000359,30600.0,10.4575,0.000223,49000.0,3.2653,0.000122,77066.67,1.3841,8.6e-05,77050.0,1.0383,6.7e-05,109000.0,0.4893,4.5e-05
20261006,6241,鑫永洋,77000.0,77000.0,96000.0,35000.0,121000.0,56000.0,85000.0,236000.0,191000.0,30000.0,179000.0,23000.0,15000.0,30000.0,38000.0,155000.0,43000.0,21000.0,117000.0,128000.0,44000.0,71000.0,25000.0,83000.0,149000.0,172000.0,163000.0,82000.0,,,83333.33,30.8,0.001728,81200.0,18.9655,0.001071,100400.0,7.6693,0.000588,85933.33,5.9736,0.000413,87650.0,4.3925,0.000323,90785.71,3.0291,0.000219
20261006,6242,立康,6000.0,1000.0,5000.0,,6000.0,1000.0,5000.0,1000.0,,4000.0,5000.0,4000.0,4000.0,9000.0,1000.0,1000.0,11000.0,2000.0,3000.0,3000.0,1000.0,3000.0,4000.0,2000.0,,7000.0,,,2000.0,2000.0,4000.0,50.0,0.000135,4500.0,33.3333,8.3e-05,3625.0,20.6897,4.6e-05,4000.0,11.5385,3.2e-05,4000.0,8.3333,2.5e-05,3720.0,6.4516,1.7e-05
20261006,6244,茂迪,2704000.0,3800000.0,2670000.0,4415000.0,10277000.0,1818000.0,3838000.0,2541000.0,4686000.0,10891000.0,3077000.0,1131000.0,968000.0,1009000.0,1085000.0,1065000.0,860000.0,1150000.0,1607000.0,1040000.0,1452000.0,1778000.0,2181000.0,1377000.0,1439000.0,2017000.0,2229000.0,2145000.0,2100000.0,1332000.0,3058000.0,29.4746,0.060668,4773200.0,11.3299,0.037612,4764000.0,5.6759,0.020636,3660666.67,4.9244,0.014508,3031600.0,4.4597,0.011356,2622733.33,3.4366,0.007678
20261006,6245,立端,588000.0,797000.0,351000.0,433000.0,975000.0,1214000.0,481000.0,504000.0,1109000.0,2257000.0,702000.0,946000.0,792000.0,2029000.0,3240000.0,764000.0,783000.0,661000.0,614000.0,394000.0,392000.0,863000.0,361000.0,592000.0,949000.0,587000.0,437000.0,445000.0,260000.0,415000.0,578666.67,33.871,0.013193,628800.0,18.7023,0.008179,870900.0,6.7516,0.004487,1094533.33,3.5814,0.003155,981700.0,2.9948,0.002469,831166.67,2.3581,0.00167
20261006,6246,臺龍,3000.0,1000.0,20000.0,13000.0,26000.0,12000.0,6000.0,2000.0,13000.0,15000.0,3000.0,15000.0,27000.0,1000.0,7000.0,12000.0,9000.0,11000.0,130000.0,23000.0,20000.0,130000.0,305000.0,31000.0,8000.0,18000.0,21000.0,9000.0,9000.0,12000.0,8000.0,12.5,6.7e-05,12600.0,4.7619,4.2e-05,11100.0,2.7027,2.3e-05,10933.33,1.8293,1.6e-05,17450.0,0.8596,1.3e-05,30400.0,0.3289,9e-06
20261006,6248,沛波,31000.0,62000.0,87000.0,74000.0,82000.0,47000.0,34000.0,66000.0,22000.0,64000.0,37000.0,77000.0,79000.0,29000.0,49000.0,140000.0,33000.0,117000.0,36000.0,39000.0,58000.0,211000.0,57000.0,30000.0,33000.0,47000.0,76000.0,68000.0,216000.0,120000.0,60000.0,17.2222,0.000696,67200.0,9.2262,0.000431,56900.0,5.4482,0.000237,56000.0,3.6905,0.000166,60250.0,2.5726,0.00013,70700.0,1.4616,8.8e-05
20261006,6259,百徽,227000.0,506000.0,616000.0,815000.0,182000.0,73000.0,49000.0,97000.0,130000.0,215000.0,357000.0,98000.0,102000.0,87000.0,167000.0,148000.0,180000.0,171000.0,167000.0,179000.0,411000.0,349000.0,221000.0,425000.0,412000.0,935000.0,204000.0,235000.0,427000.0,397000.0,449666.67,16.8273,0.005093,469200.0,9.676,0.003158,291000.0,7.8007,0.001732,248066.67,6.1005,0.001218,228300.0,4.9715,0.000953,286066.67,2.6451,0.000645
20261006,6261,久元,354000.0,424000.0,296000.0,352000.0,356000.0,235000.0,386000.0,447000.0,641000.0,611000.0,750000.0,639000.0,512000.0,386000.0,289000.0,429000.0,595000.0,322000.0,381000.0,399000.0,521000.0,439000.0,569000.0,662000.0,303000.0,250000.0,643000.0,1154000.0,795000.0,219000.0,358000.0,32.9609,0.007943,356400.0,19.8653,0.004924,410200.0,8.6299,0.002702,445200.0,5.301,0.001899,440200.0,4.0209,0.001487,478633.33,2.4654,0.001005
20261006,6263,普萊德,673000.0,156000.0,591000.0,157000.0,87000.0,58000.0,43000.0,47000.0,64000.0,80000.0,116000.0,40000.0,41000.0,47000.0,37000.0,101000.0,61000.0,186000.0,368000.0,195000.0,130000.0,250000.0,488000.0,111000.0,78000.0,80000.0,94000.0,129000.0,65000.0,73000.0,473333.33,47.3944,0.0151,332800.0,40.4447,0.009361,195600.0,34.407,0.005136,149133.33,30.0849,0.003611,157400.0,21.3787,0.002826,154866.67,14.4856,0.001911
20261006,6264,富裔,5000.0,24000.0,20000.0,12000.0,35000.0,81000.0,41000.0,62000.0,25000.0,41000.0,92000.0,43000.0,104000.0,77000.0,74000.0,40000.0,9000.0,37000.0,11000.0,35000.0,27000.0,5000.0,29000.0,17000.0,6000.0,66000.0,31000.0,11000.0,5000.0,22000.0,16333.33,10.2041,0.000112,19200.0,5.2083,7e-05,34600.0,1.4451,3.8e-05,49066.67,0.6793,2.7e-05,43400.0,0.576,2.1e-05,36233.33,0.46,1.4e-05
20261006,6265,方土昶,756000.0,1977000.0,2539000.0,3039000.0,898000.0,829000.0,964000.0,1088000.0,1559000.0,1132000.0,1073000.0,1168000.0,1127000.0,1869000.0,2064000.0,6679000.0,2154000.0,1970000.0,2086000.0,2581000.0,2738000.0,2914000.0,1786000.0,3002000.0,2942000.0,3339000.0,3862000.0,4980000.0,10750000.0,6913000.0,1757333.33,14.3399,0.016962,1841800.0,8.2094,0.010516,1478100.0,5.1147,0.005769,1472133.33,3.4236,0.004056,1877600.0,2.0132,0.003175,2692600.0,0.9359,0.002147
20261006,6266,泰詠,492000.0,2036000.0,2875000.0,71000.0,151000.0,60000.0,68000.0,86000.0,86000.0,118000.0,77000.0,88000.0,94000.0,80000.0,77000.0,67000.0,68000.0,272000.0,98000.0,59000.0,146000.0,97000.0,94000.0,118000.0,80000.0,122000.0,66000.0,133000.0,71000.0,73000.0,1801000.0,9.1061,0.011039,1125000.0,8.7467,0.006844,604300.0,8.1417,0.003755,430600.0,7.6173,0.00264,351150.0,7.0056,0.002066,267433.33,6.1324,0.001397
20261006,6270,倍微,175000.0,315000.0,429000.0,336000.0,164000.0,420000.0,167000.0,89000.0,191000.0,227000.0,250000.0,82000.0,69000.0,72000.0,113000.0,150000.0,93000.0,167000.0,219000.0,91000.0,84000.0,240000.0,129000.0,226000.0,122000.0,160000.0,109000.0,92000.0,118000.0,152000.0,306333.33,19.0424,0.003926,283800.0,12.3326,0.002434,251300.0,6.9638,0.001336,206600.0,5.647,0.000939,190950.0,4.5824,0.000735,175033.33,3.3327,0.000497
20261006,6274,台燿,16845000.0,11297000.0,11778000.0,4463000.0,5953000.0,5641000.0,10047000.0,6542000.0,11341000.0,11213000.0,9241000.0,21653000.0,6899000.0,6447000.0,7142000.0,4431000.0,4654000.0,8129000.0,4724000.0,5580000.0,5598000.0,4441000.0,3289000.0,4590000.0,7008000.0,4976000.0,8281000.0,5584000.0,3557000.0,5278000.0,13306666.67,42.1969,0.377944,10067200.0,33.4651,0.234312,9512000.0,17.7092,0.128554,9766800.0,11.4981,0.090381,8701000.0,9.6799,0.070744,7554066.67,7.4331,0.047832
20261006,6275,元山,163000.0,182000.0,321000.0,226000.0,216000.0,251000.0,75000.0,119000.0,139000.0,170000.0,128000.0,124000.0,77000.0,94000.0,108000.0,102000.0,83000.0,126000.0,193000.0,507000.0,1507000.0,155000.0,140000.0,193000.0,450000.0,276000.0,1118000.0,93000.0,353000.0,134000.0,222000.0,24.4745,0.003657,221600.0,14.7112,0.002267,186200.0,8.754,0.001244,159533.33,6.8115,0.000875,170200.0,4.7885,0.000685,260766.67,2.0836,0.000463
20261006,6276,安鈦克,10000.0,20000.0,,10000.0,10000.0,49000.0,27000.0,17000.0,15000.0,3000.0,14000.0,11000.0,16000.0,7000.0,16000.0,15000.0,79000.0,38000.0,21000.0,29000.0,17000.0,13000.0,30000.0,27000.0,18000.0,31000.0,28000.0,24000.0,21000.0,28000.0,15000.0,33.3333,0.000224,12500.0,20.0,0.000139,17888.89,6.2112,7.6e-05,16071.43,4.4444,5.4e-05,21421.05,2.457,4.2e-05,22206.9,1.5528,2.8e-05
20261006,6279,胡連,225000.0,405000.0,748000.0,199000.0,328000.0,213000.0,204000.0,146000.0,369000.0,382000.0,481000.0,273000.0,184000.0,233000.0,232000.0,397000.0,353000.0,357000.0,342000.0,1006000.0,460000.0,1274000.0,836000.0,654000.0,490000.0,508000.0,425000.0,332000.0,267000.0,381000.0,459333.33,16.328,0.005048,381000.0,11.811,0.00313,321900.0,6.9897,0.001717,308133.33,4.868,0.001207,353850.0,3.1793,0.000945,423466.67,1.7711,0.000639
20261006,6284,佳邦,815000.0,3395000.0,2240000.0,3157000.0,1449000.0,730000.0,380000.0,387000.0,404000.0,484000.0,317000.0,426000.0,373000.0,564000.0,713000.0,992000.0,1294000.0,440000.0,638000.0,1109000.0,1053000.0,1257000.0,869000.0,2465000.0,1396000.0,3227000.0,633000.0,944000.0,559000.0,476000.0,2150000.0,12.6357,0.018286,2211200.0,7.3716,0.011337,1344100.0,6.0635,0.00622,1055600.0,5.1472,0.004373,1015350.0,4.0134,0.003423,1106200.0,2.4559,0.002314
20261006,6290,良維,4398000.0,2979000.0,1720000.0,1763000.0,3313000.0,1622000.0,1970000.0,2229000.0,4359000.0,3117000.0,9008000.0,4382000.0,2852000.0,1629000.0,1464000.0,4913000.0,2807000.0,5089000.0,2209000.0,6022000.0,5921000.0,2604000.0,2401000.0,5294000.0,5374000.0,4794000.0,6949000.0,6158000.0,8522000.0,1126000.0,3032333.33,48.3456,0.098676,2834600.0,31.0308,0.061176,2747000.0,16.0102,0.033564,3120333.33,9.3964,0.023597,3392250.0,6.4824,0.01847,3899600.0,3.7594,0.012488
20261006,6291,沛亨,808000.0,668000.0,731000.0,552000.0,897000.0,714000.0,772000.0,887000.0,1455000.0,1156000.0,2372000.0,4828000.0,1669000.0,883000.0,2127000.0,1429000.0,2499000.0,2575000.0,2739000.0,1166000.0,2689000.0,4296000.0,2114000.0,759000.0,530000.0,1329000.0,1319000.0,962000.0,482000.0,443000.0,735666.67,36.6108,0.018129,731200.0,22.1007,0.011239,864000.0,9.3519,0.006166,1367933.33,3.9378,0.004335,1546350.0,2.6126,0.003393,1528333.33,1.7623,0.002294
20261006,6292,迅德,582000.0,875000.0,1056000.0,345000.0,171000.0,172000.0,168000.0,187000.0,356000.0,417000.0,349000.0,421000.0,130000.0,314000.0,766000.0,461000.0,423000.0,405000.0,665000.0,762000.0,144000.0,98000.0,107000.0,128000.0,106000.0,189000.0,89000.0,414000.0,94000.0,107000.0,837666.67,23.1596,0.013058,605800.0,19.2143,0.008096,432900.0,13.4442,0.004442,420600.0,9.2249,0.003123,451250.0,6.4488,0.002444,350033.33,5.5423,0.001653
20261006,6294,智基,15000.0,23000.0,8000.0,5000.0,27000.0,9000.0,9000.0,5000.0,3000.0,8000.0,5000.0,12000.0,5000.0,1000.0,6000.0,16000.0,8000.0,11000.0,1000.0,11000.0,4000.0,19000.0,21000.0,13000.0,2000.0,11000.0,6000.0,16000.0,4000.0,6000.0,15333.33,32.6087,0.000337,15600.0,19.2308,0.000209,11200.0,13.3929,0.000114,9400.0,10.6383,8e-05,9400.0,7.9787,6.3e-05,9666.67,5.1724,4.3e-05
20261006,6411,晶焱,189000.0,278000.0,342000.0,153000.0,191000.0,170000.0,64000.0,163000.0,190000.0,198000.0,175000.0,233000.0,92000.0,156000.0,154000.0,162000.0,159000.0,136000.0,178000.0,110000.0,240000.0,320000.0,429000.0,169000.0,211000.0,281000.0,231000.0,378000.0,189000.0,160000.0,269666.67,23.3622,0.004241,230600.0,16.392,0.002629,193800.0,9.7523,0.001442,183200.0,6.8777,0.001014,174650.0,5.4108,0.000794,203366.67,3.0979,0.000537
20261006,6417,韋僑,50000.0,125000.0,84000.0,73000.0,68000.0,25000.0,129000.0,30000.0,73000.0,37000.0,43000.0,216000.0,844000.0,75000.0,15000.0,37000.0,34000.0,33000.0,76000.0,30000.0,37000.0,67000.0,26000.0,48000.0,34000.0,31000.0,34000.0,20000.0,21000.0,17000.0,86333.33,19.305,0.001122,80000.0,12.5,0.000695,69400.0,7.2046,0.000382,125800.0,2.6497,0.000268,104850.0,2.3844,0.00021,81066.67,2.0559,0.000142
20261006,6418,詠昇,43000.0,204000.0,36000.0,112000.0,81000.0,21000.0,21000.0,26000.0,59000.0,74000.0,40000.0,48000.0,58000.0,64000.0,108000.0,60000.0,152000.0,156000.0,91000.0,192000.0,71000.0,225000.0,103000.0,278000.0,463000.0,1526000.0,632000.0,61000.0,72000.0,58000.0,94333.33,15.1943,0.000965,95200.0,9.0336,0.000598,67700.0,6.3516,0.000328,66333.33,4.3216,0.000231,82300.0,2.6124,0.000181,171166.67,0.8374,0.000122
20261006,6419,京晨科,593000.0,1473000.0,195000.0,67000.0,268000.0,120000.0,31000.0,40000.0,57000.0,114000.0,116000.0,101000.0,108000.0,139000.0,96000.0,392000.0,315000.0,140000.0,98000.0,136000.0,234000.0,359000.0,177000.0,118000.0,174000.0,237000.0,117000.0,151000.0,231000.0,259000.0,753666.67,26.2273,0.013305,519200.0,22.8428,0.008249,295800.0,20.0473,0.004526,234533.33,16.8562,0.003182,229950.0,12.8941,0.00249,221866.67,8.9093,0.001684
20261006,6423,億而得,113000.0,154000.0,459000.0,340000.0,28000.0,22000.0,30000.0,60000.0,43000.0,99000.0,22000.0,11000.0,13000.0,14000.0,19000.0,35000.0,10000.0,46000.0,152000.0,20000.0,32000.0,155000.0,148000.0,42000.0,12000.0,23000.0,29000.0,49000.0,44000.0,20000.0,242000.0,15.5647,0.002535,218800.0,10.3291,0.001572,134800.0,8.3828,0.000862,95133.33,7.9187,0.000606,84500.0,6.6864,0.000475,74800.0,5.0357,0.000321
20261006,6425,易發,735000.0,1009000.0,1082000.0,5261000.0,4319000.0,1049000.0,590000.0,2952000.0,3471000.0,4075000.0,1711000.0,318000.0,128000.0,143000.0,142000.0,404000.0,334000.0,1005000.0,291000.0,182000.0,230000.0,441000.0,618000.0,2299000.0,1189000.0,393000.0,374000.0,875000.0,135000.0,169000.0,942000.0,26.0085,0.016491,2481200.0,5.9246,0.010224,2454300.0,2.9947,0.005609,1799000.0,2.7237,0.003944,1460050.0,2.517,0.003087,1197466.67,2.046,0.002087
20261006,6432,今展科,584000.0,1215000.0,4440000.0,3143000.0,1287000.0,189000.0,314000.0,980000.0,1297000.0,1317000.0,972000.0,218000.0,192000.0,188000.0,300000.0,286000.0,449000.0,372000.0,680000.0,425000.0,592000.0,417000.0,246000.0,390000.0,521000.0,849000.0,521000.0,368000.0,777000.0,332000.0,2079666.67,9.3605,0.013103,2133800.0,5.4738,0.008123,1476600.0,3.955,0.004457,1109066.67,3.5105,0.003133,942400.0,3.0985,0.002453,795366.67,2.4475,0.001658
20261006,6435,大中,722000.0,2542000.0,1719000.0,675000.0,284000.0,298000.0,307000.0,469000.0,332000.0,163000.0,186000.0,227000.0,306000.0,198000.0,352000.0,255000.0,223000.0,184000.0,316000.0,343000.0,238000.0,402000.0,188000.0,472000.0,678000.0,1507000.0,661000.0,994000.0,339000.0,233000.0,1661000.0,14.4893,0.016199,1188400.0,12.1508,0.010043,751100.0,9.6126,0.00551,585333.33,8.2232,0.003874,505050.0,7.1478,0.003032,527100.0,4.5659,0.00205
20261006,6441,廣錠,568000.0,363000.0,168000.0,75000.0,118000.0,197000.0,301000.0,244000.0,597000.0,421000.0,334000.0,260000.0,452000.0,195000.0,395000.0,1764000.0,1953000.0,1007000.0,336000.0,167000.0,28000.0,21000.0,6000.0,50000.0,38000.0,29000.0,32000.0,27000.0,11000.0,19000.0,366333.33,51.6833,0.012744,258400.0,43.9628,0.007901,305200.0,18.6107,0.004335,312533.33,12.116,0.003048,495750.0,5.7287,0.002385,339200.0,5.5818,0.001613
20261006,6461,益得,496000.0,279000.0,442000.0,74000.0,61000.0,41000.0,37000.0,107000.0,94000.0,21000.0,56000.0,66000.0,24000.0,51000.0,38000.0,105000.0,268000.0,230000.0,,,,,,129000.0,205000.0,66000.0,89000.0,111000.0,190000.0,221000.0,405666.67,40.756,0.011129,270400.0,36.6864,0.006899,165200.0,30.0242,0.003785,125800.0,26.2851,0.002661,138333.33,19.9197,0.002083,140040.0,14.1674,0.001408
20261006,6462,神盾,318000.0,585000.0,544000.0,1715000.0,1032000.0,1111000.0,209000.0,379000.0,1086000.0,220000.0,489000.0,423000.0,154000.0,273000.0,321000.0,389000.0,241000.0,300000.0,436000.0,362000.0,496000.0,377000.0,327000.0,379000.0,236000.0,514000.0,391000.0,395000.0,507000.0,350000.0,482333.33,21.9765,0.007135,838800.0,7.5823,0.004423,719900.0,4.4173,0.002427,590600.0,3.5896,0.001706,529350.0,3.0037,0.001336,485300.0,2.1842,0.000903
20261006,6465,威潤,220000.0,198000.0,77000.0,48000.0,59000.0,61000.0,75000.0,111000.0,170000.0,106000.0,138000.0,70000.0,75000.0,81000.0,83000.0,126000.0,95000.0,236000.0,243000.0,80000.0,69000.0,96000.0,147000.0,262000.0,150000.0,333000.0,116000.0,88000.0,127000.0,30000.0,165000.0,44.4444,0.004936,120400.0,36.5449,0.00306,112500.0,19.5556,0.001679,104800.0,13.9949,0.00118,117600.0,9.3537,0.000924,125666.67,5.8355,0.000625
20261006,6469,大樹,298000.0,676000.0,198000.0,138000.0,221000.0,247000.0,254000.0,208000.0,268000.0,250000.0,432000.0,399000.0,492000.0,385000.0,230000.0,527000.0,118000.0,170000.0,250000.0,306000.0,174000.0,329000.0,168000.0,502000.0,408000.0,372000.0,174000.0,203000.0,360000.0,626000.0,390666.67,25.4266,0.006686,306200.0,19.4644,0.004145,275800.0,10.8049,0.002274,313066.67,6.3458,0.001599,303350.0,4.9118,0.001252,312766.67,3.176,0.000846
20261006,6470,宇智,23000.0,33000.0,39000.0,13000.0,32000.0,11000.0,11000.0,5000.0,21000.0,13000.0,25000.0,19000.0,39000.0,5000.0,29000.0,14000.0,74000.0,104000.0,6000.0,75000.0,21000.0,31000.0,23000.0,48000.0,32000.0,61000.0,52000.0,55000.0,9000.0,10000.0,31666.67,24.2105,0.000516,28000.0,16.4286,0.00032,20100.0,11.4428,0.000176,21200.0,7.2327,0.000123,29550.0,3.8917,9.7e-05,31100.0,2.4652,6.5e-05
20261006,6474,華豫寧,26000.0,34000.0,30000.0,87000.0,16000.0,10000.0,24000.0,49000.0,14000.0,13000.0,9000.0,5000.0,15000.0,20000.0,33000.0,48000.0,48000.0,20000.0,12000.0,21000.0,13000.0,24000.0,40000.0,47000.0,81000.0,141000.0,389000.0,168000.0,85000.0,53000.0,30000.0,28.8889,0.000583,38600.0,13.4715,0.000362,30300.0,8.5809,0.000198,25666.67,6.7532,0.00014,26700.0,4.8689,0.000109,52500.0,1.6508,7.4e-05
20261006,6482,弘煜科,11000.0,11000.0,1000.0,8000.0,4000.0,3000.0,50000.0,30000.0,,12000.0,26000.0,13000.0,11000.0,7000.0,1000.0,18000.0,5000.0,25000.0,1000.0,3000.0,11000.0,17000.0,11000.0,15000.0,24000.0,28000.0,6000.0,20000.0,95000.0,31000.0,7666.67,47.8261,0.000247,7000.0,31.4286,0.000153,14444.44,8.4615,8.4e-05,13428.57,5.8511,5.9e-05,12631.58,4.5833,4.6e-05,17172.41,2.2088,3.1e-05
20261006,6485,點序,842000.0,1563000.0,2924000.0,3540000.0,2135000.0,267000.0,478000.0,543000.0,1562000.0,1240000.0,1262000.0,285000.0,122000.0,111000.0,91000.0,132000.0,127000.0,99000.0,129000.0,135000.0,283000.0,268000.0,206000.0,141000.0,233000.0,334000.0,242000.0,245000.0,123000.0,78000.0,1776333.33,15.8003,0.018892,2200800.0,7.6518,0.011712,1509400.0,5.5784,0.006426,1131000.0,4.9632,0.004518,879350.0,4.7876,0.003536,658000.0,4.2655,0.002391
20261006,6486,互動,40000.0,466000.0,45000.0,55000.0,43000.0,42000.0,35000.0,22000.0,65000.0,56000.0,52000.0,86000.0,62000.0,59000.0,73000.0,71000.0,86000.0,165000.0,181000.0,242000.0,501000.0,2345000.0,576000.0,106000.0,58000.0,41000.0,132000.0,109000.0,49000.0,37000.0,183666.67,7.2595,0.000897,129800.0,6.1633,0.000556,86900.0,4.603,0.000305,80066.67,3.3306,0.000215,97300.0,2.0555,0.000168,196666.67,0.678,0.000114
20261006,6488,環球晶,13422000.0,18256000.0,15514000.0,23578000.0,17757000.0,8849000.0,9201000.0,28081000.0,17667000.0,6661000.0,15354000.0,9793000.0,6476000.0,7277000.0,3954000.0,4372000.0,7247000.0,4255000.0,9122000.0,8393000.0,8077000.0,7319000.0,6929000.0,12008000.0,10890000.0,11084000.0,7648000.0,9107000.0,11429000.0,7461000.0,15730666.67,28.4413,0.301144,17705400.0,15.1615,0.186699,15898600.0,8.4423,0.102431,13456000.0,6.6498,0.072015,11761450.0,5.7059,0.056368,10906033.33,4.1023,0.038112
20261006,6492,生華科,99000.0,174000.0,123000.0,142000.0,191000.0,69000.0,123000.0,183000.0,112000.0,145000.0,200000.0,328000.0,92000.0,174000.0,152000.0,132000.0,168000.0,113000.0,236000.0,415000.0,287000.0,272000.0,160000.0,148000.0,367000.0,287000.0,584000.0,452000.0,475000.0,2112000.0,132000.0,25.0,0.002221,145800.0,13.5802,0.001377,136100.0,7.2741,0.000756,153800.0,4.2913,0.000531,168550.0,2.9368,0.000416,283833.33,1.1627,0.000281
20261006,6494,九齊,95000.0,85000.0,85000.0,106000.0,68000.0,93000.0,63000.0,82000.0,180000.0,141000.0,115000.0,56000.0,78000.0,45000.0,58000.0,71000.0,66000.0,225000.0,92000.0,107000.0,125000.0,188000.0,61000.0,87000.0,65000.0,67000.0,106000.0,155000.0,91000.0,71000.0,88333.33,35.8491,0.002131,87800.0,21.6401,0.001321,99800.0,9.519,0.000725,90000.0,7.037,0.00051,95550.0,4.9712,0.000399,97566.67,3.2456,0.00027
20261006,6496,科懋,12000.0,13000.0,6000.0,12000.0,157000.0,,19000.0,22000.0,12000.0,15000.0,9000.0,2000.0,14000.0,2000.0,5000.0,,1000.0,2000.0,,2000.0,,8000.0,9000.0,5000.0,23000.0,2000.0,10000.0,7000.0,1000.0,12000.0,10333.33,38.7097,0.000269,40000.0,6.0,0.000167,29777.78,4.4776,9.2e-05,21428.57,4.0,6.4e-05,17941.18,3.9344,5e-05,14692.31,3.1414,3.4e-05
20261006,6498,久禾光,572000.0,93000.0,57000.0,90000.0,78000.0,58000.0,68000.0,57000.0,79000.0,123000.0,102000.0,116000.0,93000.0,110000.0,136000.0,413000.0,155000.0,171000.0,309000.0,262000.0,149000.0,390000.0,381000.0,158000.0,68000.0,199000.0,192000.0,153000.0,68000.0,65000.0,240666.67,79.2244,0.012834,178000.0,64.2697,0.007956,127500.0,44.8627,0.004365,122133.33,31.2227,0.003069,157100.0,18.205,0.002402,165500.0,11.5206,0.001624
20261006,6499,益安,200000.0,396000.0,271000.0,707000.0,484000.0,139000.0,136000.0,246000.0,313000.0,497000.0,398000.0,203000.0,218000.0,129000.0,165000.0,194000.0,221000.0,204000.0,170000.0,103000.0,252000.0,414000.0,534000.0,667000.0,1127000.0,1115000.0,840000.0,737000.0,123000.0,503000.0,289000.0,23.0681,0.004487,411600.0,9.7182,0.002782,338900.0,5.9014,0.001526,300133.33,4.4425,0.001073,269700.0,3.7078,0.00084,390200.0,1.7085,0.000568
20261006,6506,雙邦,188000.0,67000.0,60000.0,32000.0,51000.0,34000.0,128000.0,20000.0,29000.0,42000.0,35000.0,80000.0,22000.0,37000.0,77000.0,60000.0,29000.0,48000.0,79000.0,57000.0,92000.0,184000.0,44000.0,53000.0,26000.0,32000.0,46000.0,20000.0,40000.0,96000.0,105000.0,59.6825,0.004218,79600.0,47.2362,0.002615,65100.0,28.8786,0.001435,60133.33,20.8426,0.001009,58750.0,16.0,0.00079,60266.67,10.3982,0.000534
20261006,6508,惠光,38000.0,33000.0,37000.0,19000.0,30000.0,24000.0,38000.0,115000.0,372000.0,1197000.0,256000.0,13000.0,7000.0,17000.0,34000.0,44000.0,26000.0,24000.0,34000.0,19000.0,17000.0,4000.0,5000.0,11000.0,25000.0,18000.0,6000.0,18000.0,30000.0,24000.0,36000.0,35.1852,0.000853,31400.0,24.2038,0.000529,190300.0,1.9968,0.00029,148666.67,1.704,0.000204,118850.0,1.5987,0.00016,84500.0,1.499,0.000108
20261006,6509,聚和,685000.0,1084000.0,1940000.0,644000.0,1798000.0,823000.0,481000.0,478000.0,680000.0,810000.0,794000.0,383000.0,564000.0,738000.0,467000.0,651000.0,355000.0,545000.0,517000.0,540000.0,798000.0,941000.0,954000.0,602000.0,807000.0,860000.0,715000.0,547000.0,869000.0,727000.0,1236333.33,18.4686,0.015369,1230200.0,11.1364,0.009528,942300.0,7.2694,0.005228,824600.0,5.538,0.003675,748850.0,4.5737,0.002877,759900.0,3.0048,0.001945
20261006,6510,精測,492000.0,901000.0,526000.0,959000.0,965000.0,692000.0,976000.0,1522000.0,1454000.0,1348000.0,450000.0,639000.0,663000.0,767000.0,830000.0,1060000.0,981000.0,1759000.0,1368000.0,1500000.0,1218000.0,1865000.0,1708000.0,832000.0,906000.0,428000.0,342000.0,398000.0,157000.0,290000.0,639666.67,25.6384,0.011039,768600.0,12.8025,0.006844,983500.0,5.0025,0.003755,878933.33,3.7318,0.00264,992600.0,2.4783,0.002066,933200.0,1.7574,0.001397
20261006,6512,啟發電,,2000.0,3000.0,5000.0,3000.0,1000.0,7000.0,4000.0,18000.0,4000.0,,3000.0,4000.0,7000.0,5000.0,12000.0,7000.0,3000.0,8000.0,1000.0,5000.0,5000.0,,6000.0,3000.0,1000.0,5000.0,,2000.0,4000.0,2500.0,,,3250.0,,,5222.22,,,5076.92,,,5388.89,,,4923.08,,
20261006,6516,勤崴國際,23000.0,25000.0,40000.0,25000.0,31000.0,40000.0,36000.0,49000.0,27000.0,23000.0,53000.0,52000.0,55000.0,153000.0,28000.0,17000.0,19000.0,34000.0,30000.0,37000.0,40000.0,23000.0,21000.0,30000.0,21000.0,29000.0,98000.0,36000.0,9000.0,19000.0,29333.33,26.1364,0.000516,28800.0,15.9722,0.00032,31900.0,7.21,0.000176,44000.0,3.4848,0.000123,39850.0,2.8858,9.7e-05,37433.33,2.0481,6.5e-05
20261006,6517,保勝光學,168000.0,404000.0,355000.0,89000.0,89000.0,130000.0,79000.0,145000.0,411000.0,325000.0,356000.0,182000.0,291000.0,174000.0,323000.0,359000.0,214000.0,190000.0,447000.0,528000.0,668000.0,981000.0,1088000.0,588000.0,603000.0,1359000.0,2017000.0,2714000.0,430000.0,523000.0,309000.0,18.123,0.003769,221000.0,15.2036,0.002337,219500.0,7.6538,0.001282,234733.33,4.7714,0.000901,262950.0,3.1945,0.000706,541000.0,1.0351,0.000477
20261006,6523,達爾膚,10000.0,22000.0,20000.0,21000.0,109000.0,35000.0,27000.0,20000.0,21000.0,16000.0,3000.0,4000.0,11000.0,15000.0,20000.0,14000.0,17000.0,12000.0,20000.0,13000.0,27000.0,24000.0,39000.0,9000.0,16000.0,11000.0,11000.0,10000.0,13000.0,21000.0,17333.33,19.2308,0.000224,36400.0,5.4945,0.000139,30100.0,3.3223,7.6e-05,23600.0,2.8249,5.4e-05,21500.0,2.3256,4.2e-05,20366.67,1.6367,2.8e-05
20261006,6527,明達醫,7000.0,29000.0,33000.0,28000.0,37000.0,10000.0,24000.0,18000.0,26000.0,12000.0,21000.0,11000.0,11000.0,16000.0,18000.0,29000.0,72000.0,119000.0,22000.0,9000.0,10000.0,13000.0,6000.0,17000.0,7000.0,5000.0,11000.0,11000.0,16000.0,15000.0,23000.0,10.1449,0.000157,26800.0,5.2239,9.7e-05,22400.0,3.125,5.3e-05,20066.67,2.3256,3.8e-05,27600.0,1.2681,2.9e-05,22100.0,1.0558,2e-05
20261006,6530,創威,1229000.0,1082000.0,1584000.0,1692000.0,3494000.0,1006000.0,1710000.0,1620000.0,1977000.0,2204000.0,3043000.0,5258000.0,1735000.0,1046000.0,604000.0,1038000.0,4013000.0,3847000.0,3805000.0,1541000.0,2612000.0,3938000.0,8610000.0,5684000.0,1182000.0,1455000.0,2660000.0,1933000.0,750000.0,682000.0,1298333.33,31.5533,0.027575,1816200.0,13.5338,0.017095,1759800.0,6.9837,0.009379,1952266.67,4.1968,0.006594,2176400.0,2.8235,0.005161,2434466.67,1.6828,0.00349
20261006,6532,瑞耘,807000.0,1583000.0,1529000.0,5816000.0,1499000.0,2166000.0,400000.0,347000.0,495000.0,829000.0,1224000.0,555000.0,278000.0,285000.0,308000.0,820000.0,789000.0,831000.0,540000.0,543000.0,875000.0,1726000.0,766000.0,1878000.0,1391000.0,351000.0,436000.0,390000.0,806000.0,365000.0,1306333.33,20.592,0.018106,2246800.0,7.1835,0.011225,1547100.0,5.2162,0.006159,1208066.67,4.4534,0.00433,1082200.0,3.7285,0.003389,1020933.33,2.6348,0.002291
20261006,6535,順藥,252000.0,400000.0,273000.0,200000.0,241000.0,195000.0,225000.0,373000.0,104000.0,164000.0,356000.0,193000.0,140000.0,112000.0,145000.0,228000.0,276000.0,342000.0,260000.0,169000.0,351000.0,898000.0,469000.0,646000.0,2016000.0,244000.0,404000.0,446000.0,313000.0,185000.0,308333.33,27.2432,0.005654,273200.0,18.448,0.003505,242700.0,10.3832,0.001923,224866.67,7.4711,0.001352,232400.0,5.4217,0.001058,354000.0,2.3729,0.000716
20261006,6538,倉和,1342000.0,2228000.0,1880000.0,1571000.0,2075000.0,3524000.0,2460000.0,2771000.0,4188000.0,2485000.0,2382000.0,789000.0,453000.0,168000.0,423000.0,954000.0,757000.0,1132000.0,1002000.0,5836000.0,9472000.0,495000.0,545000.0,821000.0,2987000.0,2804000.0,2469000.0,2444000.0,1519000.0,4033000.0,1816666.67,24.6239,0.03011,1819200.0,14.7537,0.018667,2452400.0,5.4722,0.010242,1915933.33,4.6696,0.0072,1921000.0,3.493,0.005636,2200300.0,2.0331,0.003811
20261006,6542,隆中,2000.0,3000.0,5000.0,4000.0,8000.0,,5000.0,10000.0,8000.0,12000.0,5000.0,24000.0,22000.0,1000.0,10000.0,1000.0,4000.0,,2000.0,9000.0,7000.0,1000.0,12000.0,18000.0,,,68000.0,4000.0,2000.0,2000.0,3333.33,20.0,4.5e-05,4400.0,9.0909,2.8e-05,6333.33,3.5088,1.5e-05,8500.0,1.6807,1.1e-05,7500.0,1.4815,8e-06,9576.92,0.8032,6e-06
20261006,6546,正基,227000.0,161000.0,169000.0,160000.0,219000.0,374000.0,204000.0,1419000.0,138000.0,164000.0,153000.0,223000.0,87000.0,107000.0,97000.0,129000.0,153000.0,173000.0,150000.0,265000.0,226000.0,255000.0,154000.0,132000.0,115000.0,204000.0,203000.0,174000.0,156000.0,116000.0,185666.67,40.754,0.005093,187200.0,24.2521,0.003158,323500.0,7.017,0.001732,260133.33,5.8175,0.001218,238600.0,4.7569,0.000953,216900.0,3.4886,0.000645
20261006,6547,高端疫苗,2906000.0,1635000.0,3098000.0,3053000.0,3686000.0,2826000.0,2506000.0,2922000.0,3566000.0,2606000.0,4709000.0,2311000.0,2486000.0,2531000.0,5796000.0,7604000.0,19245000.0,6563000.0,3048000.0,3575000.0,3208000.0,2906000.0,3293000.0,7875000.0,6832000.0,11885000.0,22608000.0,10171000.0,5174000.0,6327000.0,2546333.33,38.0416,0.065201,2875600.0,20.2114,0.040422,2880400.0,10.0889,0.022177,3109133.33,6.2311,0.015592,4333600.0,3.3529,0.012204,5565033.33,1.7406,0.008252
20261006,6548,長科*,4398000.0,9764000.0,8599000.0,3809000.0,993000.0,854000.0,1346000.0,2436000.0,1532000.0,4416000.0,5357000.0,3226000.0,1078000.0,1707000.0,2806000.0,1224000.0,1448000.0,1688000.0,3047000.0,5425000.0,3519000.0,2166000.0,2874000.0,1689000.0,2423000.0,3095000.0,3721000.0,5122000.0,2496000.0,932000.0,7587000.0,19.3225,0.098676,5512600.0,15.9562,0.061176,3814700.0,11.5291,0.033564,3488066.67,8.4058,0.023597,3257650.0,6.7503,0.01847,3106333.33,4.7194,0.012488
20261006,6556,勝品,11000.0,9000.0,7000.0,7000.0,4000.0,5000.0,4000.0,2000.0,4000.0,2000.0,3000.0,2000.0,4000.0,9000.0,3000.0,23000.0,13000.0,3000.0,3000.0,9000.0,3000.0,9000.0,8000.0,3000.0,11000.0,2000.0,7000.0,6000.0,4000.0,5000.0,9000.0,40.7407,0.000247,7600.0,28.9474,0.000153,5500.0,20.0,8.4e-05,5066.67,14.4737,5.9e-05,6350.0,8.6614,4.6e-05,6166.67,5.9459,3.1e-05
20261006,6560,欣普羅,145000.0,41000.0,42000.0,27000.0,19000.0,22000.0,16000.0,16000.0,31000.0,43000.0,54000.0,193000.0,128000.0,108000.0,1000.0,11000.0,16000.0,36000.0,28000.0,14000.0,5000.0,9000.0,13000.0,27000.0,12000.0,27000.0,23000.0,9000.0,,23000.0,76000.0,63.5965,0.003253,54800.0,52.9197,0.002017,40200.0,36.0697,0.001107,59066.67,16.3657,0.000778,49550.0,14.6317,0.000609,39275.86,12.7305,0.000412
20261006,6561,是方,49000.0,49000.0,49000.0,51000.0,93000.0,125000.0,75000.0,66000.0,34000.0,31000.0,25000.0,27000.0,35000.0,102000.0,51000.0,72000.0,55000.0,56000.0,32000.0,53000.0,31000.0,33000.0,52000.0,43000.0,32000.0,29000.0,33000.0,25000.0,24000.0,13000.0,49000.0,33.3333,0.001099,58200.0,16.8385,0.000682,62200.0,7.8778,0.000374,57466.67,5.6845,0.000263,56500.0,4.3363,0.000206,48166.67,3.391,0.000139
20261006,6568,宏觀,116000.0,138000.0,62000.0,53000.0,206000.0,135000.0,91000.0,141000.0,90000.0,73000.0,132000.0,183000.0,178000.0,34000.0,59000.0,113000.0,68000.0,48000.0,57000.0,41000.0,83000.0,153000.0,240000.0,47000.0,41000.0,50000.0,133000.0,61000.0,62000.0,31000.0,105333.33,36.7089,0.002603,115000.0,20.1739,0.001614,110500.0,10.4977,0.000885,112733.33,6.8598,0.000622,100900.0,5.7483,0.000487,97300.0,3.974,0.000329
20261006,6569,醫揚,17000.0,16000.0,7000.0,8000.0,12000.0,36000.0,22000.0,14000.0,19000.0,24000.0,21000.0,12000.0,7000.0,13000.0,23000.0,27000.0,19000.0,69000.0,20000.0,84000.0,27000.0,34000.0,26000.0,31000.0,34000.0,31000.0,43000.0,38000.0,39000.0,28000.0,13333.33,42.5,0.000381,12000.0,28.3333,0.000236,17500.0,9.7143,0.00013,16733.33,6.7729,9.1e-05,23500.0,3.617,7.1e-05,26700.0,2.1223,4.8e-05
20261006,6570,維田,37000.0,50000.0,70000.0,149000.0,98000.0,117000.0,29000.0,101000.0,70000.0,79000.0,53000.0,80000.0,23000.0,147000.0,40000.0,61000.0,68000.0,50000.0,228000.0,100000.0,94000.0,85000.0,100000.0,86000.0,118000.0,146000.0,88000.0,52000.0,52000.0,160000.0,52333.33,23.5669,0.00083,80800.0,9.1584,0.000515,80000.0,4.625,0.000282,76200.0,3.2371,0.000199,82500.0,2.2424,0.000155,87700.0,1.4063,0.000105
20261006,6574,霈方,27000.0,96000.0,21000.0,9000.0,27000.0,21000.0,18000.0,27000.0,37000.0,40000.0,47000.0,46000.0,16000.0,10000.0,9000.0,26000.0,29000.0,17000.0,10000.0,25000.0,18000.0,29000.0,26000.0,47000.0,18000.0,39000.0,47000.0,38000.0,23000.0,77000.0,48000.0,18.75,0.000606,36000.0,15.0,0.000376,32300.0,8.3591,0.000206,30066.67,5.9867,0.000145,27900.0,4.8387,0.000113,30666.67,2.9348,7.7e-05
20261006,6576,逸達,80000.0,179000.0,179000.0,101000.0,56000.0,116000.0,36000.0,37000.0,65000.0,61000.0,391000.0,70000.0,78000.0,63000.0,141000.0,161000.0,129000.0,146000.0,138000.0,349000.0,166000.0,77000.0,67000.0,89000.0,113000.0,95000.0,41000.0,75000.0,109000.0,78000.0,146000.0,18.2648,0.001795,119000.0,13.4454,0.001113,91000.0,8.7912,0.000611,110200.0,4.8397,0.000429,128800.0,3.1056,0.000336,116200.0,2.2949,0.000227
20261006,6577,勁豐,20000.0,10000.0,65000.0,50000.0,26000.0,15000.0,12000.0,36000.0,43000.0,30000.0,44000.0,15000.0,15000.0,18000.0,13000.0,3000.0,28000.0,152000.0,40000.0,31000.0,25000.0,27000.0,9000.0,44000.0,95000.0,22000.0,32000.0,31000.0,84000.0,23000.0,31666.67,21.0526,0.000449,34200.0,11.6959,0.000278,30700.0,6.5147,0.000153,27466.67,4.8544,0.000107,33300.0,3.003,8.4e-05,35266.67,1.8904,5.7e-05
20261006,6578,達邦蛋白,38000.0,73000.0,12000.0,9000.0,47000.0,18000.0,183000.0,75000.0,39000.0,63000.0,72000.0,62000.0,44000.0,26000.0,56000.0,22000.0,78000.0,16000.0,104000.0,56000.0,253000.0,127000.0,27000.0,23000.0,9000.0,41000.0,38000.0,14000.0,36000.0,51000.0,41000.0,30.8943,0.000853,35800.0,21.2291,0.000529,55700.0,6.8223,0.00029,54466.67,4.6512,0.000204,54650.0,3.4767,0.00016,57066.67,2.2196,0.000108
20261006,6584,南俊國際,654000.0,985000.0,384000.0,259000.0,160000.0,162000.0,218000.0,229000.0,385000.0,326000.0,871000.0,290000.0,249000.0,182000.0,348000.0,470000.0,696000.0,543000.0,386000.0,455000.0,551000.0,810000.0,1221000.0,1402000.0,4121000.0,4602000.0,776000.0,273000.0,452000.0,318000.0,674333.33,32.3282,0.014674,488400.0,26.7813,0.009097,376200.0,17.3844,0.004991,380133.33,11.4697,0.003509,412600.0,7.9254,0.002747,759266.67,2.8712,0.001857
20261006,6588,東典光電,664000.0,861000.0,1545000.0,1004000.0,1068000.0,699000.0,588000.0,2229000.0,1650000.0,1167000.0,3914000.0,6703000.0,1127000.0,965000.0,1475000.0,1069000.0,1413000.0,2690000.0,7824000.0,5404000.0,1179000.0,1382000.0,2098000.0,1578000.0,2197000.0,2044000.0,2584000.0,7670000.0,1945000.0,4483000.0,1023333.33,21.6287,0.014898,1028400.0,12.9133,0.009236,1147500.0,5.7865,0.005067,1710600.0,2.5878,0.003563,2202950.0,1.5071,0.002789,2373966.67,0.9323,0.001885
20261006,6590,普鴻,26000.0,19000.0,24000.0,15000.0,25000.0,13000.0,18000.0,33000.0,29000.0,15000.0,54000.0,155000.0,215000.0,148000.0,29000.0,15000.0,18000.0,3000.0,31000.0,42000.0,24000.0,19000.0,5000.0,14000.0,6000.0,19000.0,12000.0,4000.0,4000.0,7000.0,23000.0,37.6812,0.000583,21800.0,23.8532,0.000362,21700.0,11.9816,0.000198,54533.33,3.1785,0.00014,46350.0,2.8047,0.000109,34700.0,2.4976,7.4e-05
20261006,6593,台灣銘板,15000.0,18000.0,17000.0,18000.0,10000.0,21000.0,14000.0,40000.0,4000.0,34000.0,13000.0,3000.0,18000.0,19000.0,12000.0,7000.0,31000.0,21000.0,41000.0,94000.0,80000.0,29000.0,210000.0,105000.0,24000.0,29000.0,8000.0,28000.0,19000.0,21000.0,16666.67,30.0,0.000337,15600.0,19.2308,0.000209,19100.0,7.8534,0.000114,17066.67,5.8594,8e-05,22500.0,3.3333,6.3e-05,33433.33,1.4955,4.3e-05
20261006,6596,寬宏藝術,76000.0,105000.0,58000.0,55000.0,89000.0,60000.0,29000.0,122000.0,76000.0,181000.0,72000.0,97000.0,43000.0,96000.0,83000.0,150000.0,46000.0,47000.0,51000.0,96000.0,50000.0,151000.0,74000.0,50000.0,85000.0,69000.0,82000.0,58000.0,141000.0,192000.0,79666.67,31.7992,0.001705,76600.0,19.8433,0.001057,85100.0,8.9307,0.00058,82800.0,6.1192,0.000408,81600.0,4.6569,0.000319,86133.33,2.9412,0.000216
20261006,6597,立誠,,6000.0,10000.0,62000.0,6000.0,2000.0,4000.0,5000.0,18000.0,5000.0,14000.0,11000.0,1000.0,,,,4000.0,7000.0,,1000.0,5000.0,3000.0,4000.0,,26000.0,3000.0,,2000.0,,13000.0,8000.0,,,21000.0,,,13111.11,,,12000.0,,,10400.0,,,9636.36,,
20261006,6603,富強鑫,1755000.0,4572000.0,10819000.0,7449000.0,6951000.0,4568000.0,1072000.0,1477000.0,3884000.0,4185000.0,8914000.0,6344000.0,760000.0,2021000.0,1912000.0,613000.0,574000.0,622000.0,530000.0,661000.0,606000.0,1306000.0,428000.0,763000.0,1026000.0,1049000.0,1400000.0,1113000.0,1643000.0,847000.0,5715333.33,10.2356,0.039376,6309200.0,5.5633,0.024412,4673200.0,3.7555,0.013393,4445533.33,2.6319,0.009416,3484150.0,2.5185,0.00737,2662133.33,2.1975,0.004983
20261006,6604,儒億,1132000.0,,,,,,,,,,,,,,,,,,,,,,,,,,,,,,1132000.0,100.0,0.025398,1132000.0,100.0,0.015746,1132000.0,100.0,0.008639,1132000.0,100.0,0.006074,1132000.0,100.0,0.004754,1132000.0,100.0,0.003214
20261006,6609,瀧澤科,48000.0,130000.0,78000.0,60000.0,75000.0,60000.0,33000.0,68000.0,73000.0,98000.0,56000.0,154000.0,150000.0,107000.0,55000.0,67000.0,59000.0,144000.0,76000.0,83000.0,106000.0,161000.0,286000.0,141000.0,79000.0,95000.0,124000.0,84000.0,84000.0,80000.0,85333.33,18.75,0.001077,78200.0,12.2762,0.000668,72300.0,6.639,0.000366,83000.0,3.8554,0.000258,83700.0,2.8674,0.000202,97133.33,1.6472,0.000136
20261006,6612,奈米醫材,43000.0,43000.0,95000.0,117000.0,36000.0,15000.0,31000.0,11000.0,23000.0,9000.0,11000.0,22000.0,31000.0,39000.0,2000.0,82000.0,3000.0,25000.0,27000.0,20000.0,22000.0,28000.0,43000.0,14000.0,29000.0,54000.0,21000.0,48000.0,32000.0,41000.0,60333.33,23.7569,0.000965,66800.0,12.8743,0.000598,42300.0,10.1655,0.000328,35200.0,8.1439,0.000231,34250.0,6.2774,0.000181,33900.0,4.2281,0.000122
20261006,6613,朋億*,296000.0,312000.0,248000.0,391000.0,206000.0,134000.0,139000.0,168000.0,285000.0,153000.0,323000.0,186000.0,153000.0,175000.0,157000.0,175000.0,262000.0,159000.0,200000.0,302000.0,211000.0,461000.0,531000.0,639000.0,2531000.0,823000.0,731000.0,462000.0,100000.0,121000.0,285333.33,34.5794,0.006641,290600.0,20.3716,0.004117,233200.0,12.693,0.002259,221733.33,8.8996,0.001588,221200.0,6.6908,0.001243,367800.0,2.6826,0.00084
20261006,6615,慧智,42000.0,51000.0,9000.0,6000.0,3000.0,3000.0,,11000.0,1000.0,,5000.0,4000.0,5000.0,1000.0,3000.0,,12000.0,5000.0,23000.0,9000.0,,2000.0,2000.0,6000.0,4000.0,13000.0,11000.0,2000.0,11000.0,14000.0,34000.0,41.1765,0.000942,22200.0,37.8378,0.000584,15750.0,33.3333,0.000321,11076.92,29.1667,0.000225,11352.94,21.7617,0.000176,9923.08,16.2791,0.000119
20261006,6616,特昇-KY,8000.0,20000.0,5000.0,14000.0,7000.0,55000.0,17000.0,57000.0,13000.0,5000.0,17000.0,13000.0,13000.0,10000.0,2000.0,6000.0,2000.0,45000.0,2000.0,12000.0,9000.0,16000.0,10000.0,14000.0,54000.0,26000.0,18000.0,21000.0,7000.0,25000.0,11000.0,24.2424,0.000179,10800.0,14.8148,0.000111,20100.0,3.9801,6.1e-05,17066.67,3.125,4.3e-05,16150.0,2.4768,3.4e-05,17433.33,1.5296,2.3e-05
20261006,6617,共信-KY,397000.0,629000.0,541000.0,795000.0,688000.0,404000.0,551000.0,1087000.0,655000.0,447000.0,870000.0,3158000.0,1376000.0,827000.0,405000.0,439000.0,745000.0,997000.0,3915000.0,520000.0,1213000.0,1087000.0,1202000.0,970000.0,737000.0,1315000.0,2101000.0,1653000.0,1358000.0,1617000.0,522333.33,25.335,0.008907,610000.0,13.0164,0.005522,619400.0,6.4094,0.00303,855333.33,3.0943,0.00213,972300.0,2.0416,0.001667,1089966.67,1.2141,0.001127
20261006,6620,漢達,4525000.0,4110000.0,3947000.0,9013000.0,7305000.0,2876000.0,2685000.0,2843000.0,5198000.0,6121000.0,9844000.0,2014000.0,2935000.0,1989000.0,1382000.0,1336000.0,2128000.0,2892000.0,5890000.0,9307000.0,6781000.0,3548000.0,2888000.0,4695000.0,650000.0,1182000.0,264000.0,187000.0,159000.0,212000.0,4194000.0,35.9641,0.101525,5780000.0,15.6574,0.062942,4862300.0,9.3063,0.034533,4452466.67,6.7753,0.024279,4417000.0,5.1223,0.019004,3630200.0,4.155,0.012849
20261006,6624,萬年清,8000.0,1000.0,7000.0,6000.0,10000.0,8000.0,1000.0,2000.0,12000.0,9000.0,13000.0,7000.0,9000.0,11000.0,17000.0,10000.0,1000.0,1000.0,,,1000.0,9000.0,7000.0,1000.0,,3000.0,2000.0,3000.0,1000.0,15000.0,5333.33,50.0,0.000179,6400.0,25.0,0.000111,6400.0,12.5,6.1e-05,8066.67,6.6116,4.3e-05,7388.89,6.015,3.4e-05,6481.48,4.5714,2.3e-05
20261006,6629,泰金-KY,9000.0,4000.0,27000.0,4000.0,4000.0,3000.0,14000.0,8000.0,16000.0,24000.0,9000.0,45000.0,4000.0,7000.0,2000.0,5000.0,157000.0,6000.0,26000.0,29000.0,4000.0,30000.0,14000.0,49000.0,5000.0,12000.0,57000.0,13000.0,24000.0,2000.0,13333.33,22.5,0.000202,9600.0,18.75,0.000125,11300.0,7.9646,6.9e-05,12000.0,5.0,4.8e-05,20150.0,2.2333,3.8e-05,20433.33,1.4682,2.6e-05
20261006,6637,醫影,18000.0,20000.0,10000.0,27000.0,15000.0,8000.0,17000.0,33000.0,10000.0,9000.0,10000.0,18000.0,19000.0,10000.0,2000.0,13000.0,16000.0,22000.0,74000.0,21000.0,16000.0,16000.0,24000.0,38000.0,50000.0,43000.0,130000.0,105000.0,120000.0,35000.0,16000.0,37.5,0.000404,18000.0,20.0,0.00025,16700.0,10.7784,0.000137,15066.67,7.9646,9.7e-05,18600.0,4.8387,7.6e-05,31633.33,1.8967,5.1e-05
20261006,6640,均華,597000.0,430000.0,286000.0,684000.0,259000.0,419000.0,301000.0,261000.0,627000.0,298000.0,501000.0,316000.0,119000.0,190000.0,360000.0,368000.0,346000.0,543000.0,681000.0,975000.0,1184000.0,1215000.0,1280000.0,1240000.0,616000.0,214000.0,446000.0,178000.0,291000.0,338000.0,437666.67,45.4684,0.013395,451200.0,26.4628,0.008304,416200.0,14.3441,0.004556,376533.33,10.5701,0.003203,428050.0,6.9735,0.002507,518766.67,3.836,0.001695
20261006,6642,富致,126000.0,154000.0,237000.0,376000.0,161000.0,316000.0,49000.0,91000.0,116000.0,54000.0,102000.0,51000.0,30000.0,51000.0,46000.0,133000.0,153000.0,110000.0,257000.0,233000.0,259000.0,225000.0,148000.0,264000.0,159000.0,276000.0,315000.0,92000.0,200000.0,101000.0,172333.33,24.3714,0.002827,210800.0,11.9545,0.001753,168000.0,7.5,0.000962,130666.67,6.4286,0.000676,142300.0,4.4273,0.000529,162833.33,2.5793,0.000358
20261006,6643,M31,445000.0,672000.0,760000.0,2139000.0,2551000.0,1546000.0,3032000.0,905000.0,1787000.0,1044000.0,908000.0,740000.0,169000.0,194000.0,419000.0,368000.0,258000.0,429000.0,981000.0,164000.0,150000.0,279000.0,178000.0,571000.0,1217000.0,241000.0,336000.0,409000.0,94000.0,109000.0,625666.67,23.708,0.009984,1313400.0,6.7763,0.00619,1488100.0,2.9904,0.003396,1154066.67,2.5706,0.002388,975550.0,2.2808,0.001869,769833.33,1.9268,0.001264
20261006,6649,台生材,157000.0,205000.0,40000.0,112000.0,3000.0,22000.0,92000.0,6000.0,2000.0,21000.0,1000.0,40000.0,35000.0,23000.0,33000.0,63000.0,82000.0,43000.0,31000.0,31000.0,5000.0,33000.0,,12000.0,20000.0,25000.0,12000.0,24000.0,17000.0,47000.0,134000.0,39.0547,0.003523,103400.0,30.3675,0.002184,66000.0,23.7879,0.001198,52800.0,19.8232,0.000842,52100.0,15.0672,0.000659,42655.17,12.692,0.000446
20261006,6651,全宇昕,254000.0,585000.0,163000.0,78000.0,334000.0,157000.0,313000.0,139000.0,159000.0,475000.0,172000.0,140000.0,95000.0,43000.0,123000.0,144000.0,100000.0,73000.0,231000.0,168000.0,106000.0,131000.0,122000.0,502000.0,133000.0,352000.0,262000.0,557000.0,212000.0,431000.0,334000.0,25.3493,0.005699,282800.0,17.9632,0.003533,265700.0,9.5597,0.001938,215333.33,7.8638,0.001363,197300.0,6.4369,0.001067,225133.33,3.7607,0.000721
20261006,6654,天正國際,55000.0,26000.0,94000.0,62000.0,83000.0,21000.0,21000.0,38000.0,38000.0,48000.0,34000.0,9000.0,18000.0,16000.0,21000.0,29000.0,19000.0,72000.0,144000.0,83000.0,143000.0,226000.0,101000.0,196000.0,106000.0,39000.0,10000.0,9000.0,18000.0,3000.0,58333.33,31.4286,0.001234,64000.0,17.1875,0.000765,48600.0,11.3169,0.00042,38933.33,9.4178,0.000295,46550.0,5.9076,0.000231,59400.0,3.0864,0.000156
20261006,6661,威健生技,1000.0,4000.0,,,,19000.0,5000.0,,11000.0,12000.0,6000.0,5000.0,2000.0,6000.0,3000.0,5000.0,4000.0,3000.0,2000.0,7000.0,11000.0,,3000.0,2000.0,4000.0,11000.0,1000.0,7000.0,3000.0,2000.0,2500.0,20.0,2.2e-05,2500.0,20.0,1.4e-05,8666.67,1.9231,8e-06,6727.27,1.3514,5e-06,5937.5,1.0526,4e-06,5560.0,0.7194,3e-06
20261006,6662,樂斯科,2000.0,,16000.0,3000.0,,,,4000.0,2000.0,1000.0,6000.0,9000.0,1000.0,2000.0,2000.0,1000.0,2000.0,5000.0,5000.0,5000.0,1000.0,3000.0,9000.0,,5000.0,2000.0,5000.0,1000.0,,,9000.0,11.1111,4.5e-05,7000.0,9.5238,2.8e-05,4666.67,7.1429,1.5e-05,4363.64,4.1667,1.1e-05,4125.0,3.0303,8e-06,4000.0,2.1739,6e-06
20261006,6664,群翊,365000.0,891000.0,420000.0,341000.0,800000.0,552000.0,285000.0,147000.0,223000.0,156000.0,178000.0,263000.0,132000.0,111000.0,238000.0,317000.0,260000.0,376000.0,234000.0,346000.0,719000.0,1290000.0,558000.0,520000.0,428000.0,247000.0,301000.0,319000.0,2075000.0,973000.0,558666.67,21.778,0.008189,563400.0,12.957,0.005077,418000.0,8.7321,0.002786,340133.33,7.1541,0.001958,331750.0,5.5011,0.001533,468833.33,2.5951,0.001036
20261006,6667,信紘科,302000.0,423000.0,215000.0,385000.0,229000.0,243000.0,236000.0,444000.0,795000.0,1395000.0,1457000.0,122000.0,118000.0,173000.0,186000.0,696000.0,236000.0,221000.0,523000.0,1036000.0,837000.0,188000.0,50000.0,174000.0,198000.0,104000.0,129000.0,86000.0,74000.0,158000.0,313333.33,32.1277,0.006776,310800.0,19.4337,0.004201,466700.0,6.471,0.002305,448200.0,4.492,0.00162,471750.0,3.2008,0.001268,381100.0,2.6415,0.000858
20261006,6679,鈺太,426000.0,199000.0,257000.0,120000.0,268000.0,375000.0,188000.0,150000.0,167000.0,135000.0,110000.0,247000.0,69000.0,129000.0,131000.0,179000.0,216000.0,181000.0,719000.0,1057000.0,651000.0,254000.0,321000.0,402000.0,200000.0,260000.0,142000.0,151000.0,192000.0,169000.0,294000.0,48.2993,0.009558,254000.0,33.5433,0.005926,228500.0,18.6433,0.003251,198066.67,14.3386,0.002286,266150.0,8.003,0.001789,268833.33,5.2821,0.00121
20261006,6680,鑫創電子,4000.0,10000.0,,12000.0,3000.0,8000.0,4000.0,,9000.0,1000.0,,,1000.0,1000.0,7000.0,7000.0,,4000.0,4000.0,1000.0,5000.0,,,1000.0,5000.0,1000.0,2000.0,2000.0,13000.0,,7000.0,28.5714,9e-05,7250.0,13.7931,5.6e-05,6375.0,7.8431,3.1e-05,5454.55,6.6667,2.1e-05,5066.67,5.2632,1.7e-05,4772.73,3.8095,1.1e-05
20261006,6683,雍智科技,2852000.0,1144000.0,1589000.0,987000.0,1158000.0,724000.0,731000.0,730000.0,1782000.0,2071000.0,2859000.0,2249000.0,2139000.0,2035000.0,691000.0,520000.0,1248000.0,1215000.0,871000.0,1376000.0,1253000.0,1905000.0,716000.0,169000.0,537000.0,1133000.0,588000.0,452000.0,411000.0,831000.0,1861666.67,51.0654,0.063989,1546000.0,36.8952,0.039671,1376800.0,20.7147,0.021765,1582733.33,12.013,0.015302,1448550.0,9.8443,0.011978,1232200.0,7.7152,0.008098
20261006,6684,安格,50000.0,85000.0,61000.0,114000.0,95000.0,192000.0,62000.0,101000.0,299000.0,159000.0,118000.0,311000.0,130000.0,39000.0,41000.0,34000.0,67000.0,48000.0,77000.0,66000.0,35000.0,102000.0,86000.0,54000.0,39000.0,81000.0,44000.0,107000.0,41000.0,41000.0,65333.33,25.5102,0.001122,81000.0,12.3457,0.000695,121800.0,4.1051,0.000382,123800.0,2.6925,0.000268,107450.0,2.3267,0.00021,92633.33,1.7992,0.000142
20261006,6690,安碁資訊,177000.0,160000.0,57000.0,100000.0,182000.0,112000.0,105000.0,154000.0,167000.0,329000.0,536000.0,307000.0,744000.0,2249000.0,547000.0,469000.0,27000.0,17000.0,11000.0,19000.0,41000.0,29000.0,32000.0,30000.0,16000.0,43000.0,21000.0,32000.0,26000.0,16000.0,131333.33,44.9239,0.003971,135200.0,26.1834,0.002462,154300.0,11.4712,0.001351,395066.67,2.9868,0.00095,323450.0,2.7361,0.000743,225166.67,2.6203,0.000503
20261006,6692,進能服,26000.0,3000.0,12000.0,5000.0,8000.0,19000.0,51000.0,16000.0,42000.0,9000.0,12000.0,11000.0,6000.0,,23000.0,4000.0,12000.0,2000.0,20000.0,12000.0,18000.0,18000.0,1000.0,16000.0,7000.0,30000.0,7000.0,11000.0,12000.0,16000.0,13666.67,63.4146,0.000583,10800.0,48.1481,0.000362,19100.0,13.6126,0.000198,17357.14,10.6996,0.00014,15421.05,8.8737,0.000109,14793.1,6.0606,7.4e-05
20261006,6693,廣閎科,1058000.0,2119000.0,1425000.0,1921000.0,2952000.0,3852000.0,7507000.0,2910000.0,568000.0,705000.0,899000.0,1283000.0,1486000.0,778000.0,1419000.0,977000.0,834000.0,959000.0,1586000.0,2385000.0,2030000.0,2402000.0,1164000.0,1401000.0,938000.0,2106000.0,514000.0,569000.0,474000.0,646000.0,1534000.0,22.99,0.023738,1895000.0,11.1662,0.014717,2501700.0,4.2291,0.008074,2058800.0,3.4259,0.005677,1881150.0,2.8121,0.004443,1662233.33,2.1216,0.003004
20261006,6697,東捷資訊,15000.0,15000.0,34000.0,25000.0,33000.0,19000.0,13000.0,25000.0,19000.0,31000.0,31000.0,37000.0,13000.0,80000.0,65000.0,8000.0,6000.0,11000.0,6000.0,5000.0,6000.0,15000.0,25000.0,64000.0,20000.0,37000.0,15000.0,,20000.0,11000.0,21333.33,23.4375,0.000337,24400.0,12.2951,0.000209,22900.0,6.5502,0.000114,30333.33,3.2967,8e-05,24550.0,3.055,6.3e-05,24275.86,2.1307,4.3e-05
20261006,6703,軒郁,12000.0,21000.0,7000.0,11000.0,44000.0,26000.0,8000.0,21000.0,58000.0,8000.0,13000.0,17000.0,15000.0,26000.0,31000.0,14000.0,103000.0,81000.0,91000.0,16000.0,39000.0,21000.0,29000.0,45000.0,17000.0,60000.0,12000.0,16000.0,15000.0,16000.0,13333.33,30.0,0.000269,19000.0,12.6316,0.000167,21600.0,5.5556,9.2e-05,21200.0,3.7736,6.4e-05,31150.0,1.9262,5e-05,29766.67,1.3438,3.4e-05
20261006,6708,天擎,1723000.0,606000.0,827000.0,1490000.0,879000.0,205000.0,343000.0,6000.0,11000.0,74000.0,69000.0,105000.0,11000.0,29000.0,3000.0,10000.0,11000.0,16000.0,7000.0,39000.0,3000.0,2000.0,6000.0,8000.0,23000.0,26000.0,22000.0,34000.0,9000.0,18000.0,1052000.0,54.5944,0.038658,1105000.0,31.1855,0.023967,616400.0,27.9526,0.013149,425400.0,27.002,0.009245,323200.0,26.6553,0.007236,220500.0,26.0469,0.004892
20261006,6712,長聖,228000.0,384000.0,404000.0,93000.0,172000.0,187000.0,197000.0,281000.0,198000.0,55000.0,169000.0,371000.0,109000.0,107000.0,150000.0,178000.0,239000.0,242000.0,149000.0,261000.0,158000.0,216000.0,194000.0,153000.0,334000.0,361000.0,656000.0,403000.0,1093000.0,262000.0,338666.67,22.4409,0.005116,256200.0,17.7986,0.003171,219900.0,10.3683,0.00174,207000.0,7.343,0.001223,208700.0,5.4624,0.000958,266800.0,2.8486,0.000647
20261006,6716,應廣,3813000.0,1112000.0,574000.0,401000.0,195000.0,145000.0,275000.0,257000.0,425000.0,488000.0,411000.0,492000.0,315000.0,573000.0,760000.0,389000.0,389000.0,708000.0,1407000.0,1001000.0,2315000.0,2055000.0,396000.0,272000.0,454000.0,441000.0,608000.0,765000.0,990000.0,659000.0,1833000.0,69.3399,0.085551,1219000.0,62.5595,0.053038,768500.0,49.6161,0.029099,682400.0,37.2509,0.020458,706500.0,26.9851,0.016013,769500.0,16.5172,0.010827
20261006,6720,久昌,169000.0,4000.0,76000.0,14000.0,12000.0,8000.0,5000.0,83000.0,6000.0,13000.0,28000.0,4000.0,2000.0,6000.0,24000.0,,53000.0,17000.0,30000.0,9000.0,29000.0,28000.0,16000.0,24000.0,8000.0,17000.0,35000.0,6000.0,30000.0,4000.0,83000.0,67.8715,0.003792,55000.0,61.4545,0.002351,39000.0,43.3333,0.00129,30266.67,37.2247,0.000907,29631.58,30.0178,0.00071,26206.9,22.2368,0.00048
20261006,6721,信實,33000.0,9000.0,,1000.0,9000.0,3000.0,3000.0,5000.0,6000.0,14000.0,1000.0,2000.0,6000.0,7000.0,8000.0,46000.0,4000.0,,5000.0,3000.0,85000.0,26000.0,14000.0,14000.0,5000.0,4000.0,4000.0,12000.0,10000.0,11000.0,21000.0,78.5714,0.00074,13000.0,63.4615,0.000459,9222.22,39.759,0.000252,7642.86,30.8411,0.000177,9166.67,20.0,0.000139,12500.0,9.4286,9.4e-05
20261006,6725,矽科宏晟,95000.0,85000.0,53000.0,115000.0,48000.0,50000.0,25000.0,30000.0,48000.0,53000.0,54000.0,127000.0,27000.0,35000.0,76000.0,167000.0,49000.0,43000.0,62000.0,63000.0,89000.0,86000.0,16000.0,61000.0,84000.0,53000.0,134000.0,52000.0,87000.0,63000.0,77666.67,40.7725,0.002131,79200.0,23.9899,0.001321,60200.0,15.7807,0.000725,61400.0,10.3149,0.00051,65250.0,7.2797,0.000399,67666.67,4.6798,0.00027
20261006,6727,亞泰金屬,1729000.0,1794000.0,1837000.0,637000.0,969000.0,1632000.0,1527000.0,778000.0,1115000.0,1090000.0,793000.0,1521000.0,583000.0,1035000.0,1173000.0,946000.0,1414000.0,1489000.0,1348000.0,1302000.0,1958000.0,2045000.0,2707000.0,2009000.0,2229000.0,2475000.0,2474000.0,2287000.0,739000.0,943000.0,1786666.67,32.2575,0.038793,1393200.0,24.8206,0.02405,1310800.0,13.1904,0.013195,1214200.0,9.4932,0.009277,1235600.0,6.9966,0.007261,1485933.33,3.8786,0.00491
20261006,6728,上洋,21000.0,27000.0,29000.0,28000.0,17000.0,31000.0,13000.0,32000.0,11000.0,7000.0,9000.0,23000.0,12000.0,10000.0,17000.0,7000.0,17000.0,38000.0,2000.0,4000.0,11000.0,31000.0,32000.0,5000.0,11000.0,7000.0,7000.0,3000.0,12000.0,36000.0,25666.67,27.2727,0.000471,24400.0,17.2131,0.000292,21600.0,9.7222,0.00016,19133.33,7.3171,0.000113,17750.0,5.9155,8.8e-05,17000.0,4.1176,6e-05
20261006,6730,常廣,1000.0,17000.0,21000.0,7000.0,7000.0,6000.0,12000.0,6000.0,7000.0,7000.0,5000.0,4000.0,,3000.0,2000.0,7000.0,3000.0,29000.0,7000.0,18000.0,9000.0,6000.0,14000.0,,5000.0,2000.0,3000.0,10000.0,1000.0,5000.0,13000.0,2.5641,2.2e-05,10600.0,1.8868,1.4e-05,9100.0,1.0989,8e-06,7500.0,0.9524,5e-06,8894.74,0.5917,4e-06,8000.0,0.4464,3e-06
20261006,6732,昇佳電子,102000.0,129000.0,89000.0,54000.0,70000.0,58000.0,27000.0,41000.0,98000.0,50000.0,67000.0,85000.0,34000.0,45000.0,72000.0,87000.0,94000.0,62000.0,112000.0,53000.0,91000.0,192000.0,139000.0,121000.0,112000.0,163000.0,109000.0,159000.0,50000.0,72000.0,106666.67,31.875,0.002289,88800.0,22.973,0.001419,71800.0,14.2061,0.000778,68066.67,9.9902,0.000547,71450.0,7.1379,0.000428,87900.0,3.868,0.00029
20261006,6733,博晟生醫,64000.0,111000.0,73000.0,22000.0,98000.0,40000.0,46000.0,45000.0,99000.0,53000.0,52000.0,77000.0,14000.0,34000.0,28000.0,79000.0,53000.0,63000.0,56000.0,59000.0,62000.0,114000.0,56000.0,336000.0,108000.0,196000.0,39000.0,110000.0,67000.0,52000.0,82666.67,25.8065,0.001436,73600.0,17.3913,0.00089,65100.0,9.831,0.000488,57066.67,7.4766,0.000343,58300.0,5.4889,0.000269,76866.67,2.7754,0.000182
20261006,6735,美達科技,62000.0,69000.0,47000.0,69000.0,108000.0,103000.0,35000.0,117000.0,60000.0,63000.0,97000.0,60000.0,47000.0,29000.0,54000.0,46000.0,43000.0,101000.0,63000.0,42000.0,88000.0,113000.0,129000.0,262000.0,107000.0,81000.0,128000.0,78000.0,48000.0,37000.0,59333.33,34.8315,0.001391,71000.0,17.4648,0.000862,73300.0,8.4584,0.000473,68000.0,6.0784,0.000333,65750.0,4.7148,0.00026,79533.33,2.5985,0.000176
20261006,6739,竹陞科技,203000.0,280000.0,337000.0,143000.0,246000.0,171000.0,149000.0,253000.0,194000.0,272000.0,325000.0,248000.0,242000.0,282000.0,501000.0,1656000.0,394000.0,408000.0,214000.0,486000.0,125000.0,129000.0,120000.0,167000.0,267000.0,567000.0,201000.0,61000.0,106000.0,78000.0,273333.33,24.7561,0.004555,241800.0,16.7907,0.002824,224800.0,9.0302,0.001549,256400.0,5.2782,0.001089,350200.0,2.8983,0.000853,294166.67,2.3003,0.000576
20261006,6741,91APP*-KY,106000.0,183000.0,149000.0,96000.0,292000.0,96000.0,159000.0,290000.0,128000.0,188000.0,272000.0,64000.0,104000.0,76000.0,83000.0,263000.0,97000.0,95000.0,134000.0,107000.0,118000.0,254000.0,211000.0,190000.0,219000.0,322000.0,378000.0,308000.0,511000.0,414000.0,146000.0,24.2009,0.002378,165200.0,12.8329,0.001474,168700.0,6.2833,0.000809,152400.0,4.6369,0.000569,149100.0,3.5547,0.000445,196900.0,1.7945,0.000301
20261006,6751,智聯服務,,8000.0,5000.0,4000.0,6000.0,29000.0,8000.0,,8000.0,13000.0,12000.0,4000.0,10000.0,2000.0,4000.0,6000.0,3000.0,7000.0,7000.0,10000.0,1000.0,9000.0,7000.0,18000.0,5000.0,,2000.0,12000.0,9000.0,1000.0,6500.0,,,5750.0,,,10125.0,,,8692.31,,,8111.11,,,7777.78,,
20261006,6752,叡揚,13000.0,16000.0,7000.0,8000.0,10000.0,12000.0,7000.0,15000.0,18000.0,21000.0,15000.0,28000.0,117000.0,195000.0,37000.0,9000.0,7000.0,1000.0,17000.0,3000.0,7000.0,10000.0,9000.0,,7000.0,1000.0,9000.0,2000.0,10000.0,17000.0,12000.0,36.1111,0.000292,10800.0,24.0741,0.000181,12700.0,10.2362,9.9e-05,34600.0,2.5048,7e-05,27800.0,2.3381,5.5e-05,21655.17,2.0701,3.7e-05
20261006,6761,穩得,103000.0,238000.0,162000.0,143000.0,97000.0,83000.0,92000.0,74000.0,147000.0,88000.0,113000.0,118000.0,52000.0,101000.0,144000.0,286000.0,640000.0,162000.0,245000.0,289000.0,394000.0,413000.0,204000.0,571000.0,284000.0,521000.0,732000.0,402000.0,306000.0,629000.0,167666.67,20.4771,0.002311,148600.0,13.8627,0.001433,122700.0,8.3945,0.000786,117000.0,5.8689,0.000553,168850.0,3.05,0.000433,261100.0,1.3149,0.000292
20261006,6762,達亞,,2000.0,5000.0,2000.0,4000.0,,3000.0,1000.0,,,1000.0,,,,,5000.0,,9000.0,,1000.0,,1000.0,3000.0,,,2000.0,,1000.0,,,3500.0,,,3250.0,,,2833.33,,,2571.43,,,3300.0,,,2857.14,,
20261006,6763,綠界科技*,107000.0,158000.0,159000.0,86000.0,116000.0,58000.0,86000.0,126000.0,243000.0,138000.0,147000.0,153000.0,73000.0,69000.0,146000.0,158000.0,143000.0,170000.0,136000.0,178000.0,161000.0,190000.0,134000.0,221000.0,127000.0,153000.0,170000.0,139000.0,99000.0,73000.0,141333.33,25.2358,0.002401,125200.0,17.0927,0.001488,127700.0,8.379,0.000817,124333.33,5.7373,0.000574,132500.0,4.0377,0.000449,137233.33,2.599,0.000304
20261006,6767,台微醫,6000.0,,10000.0,15000.0,3000.0,6000.0,1000.0,2000.0,5000.0,10000.0,35000.0,30000.0,5000.0,1000.0,3000.0,1000.0,2000.0,14000.0,9000.0,7000.0,,,,4000.0,1000.0,4000.0,4000.0,1000.0,2000.0,12000.0,8000.0,37.5,0.000135,8500.0,17.6471,8.3e-05,6444.44,10.3448,4.6e-05,9428.57,4.5455,3.2e-05,8684.21,3.6364,2.5e-05,7423.08,3.1088,1.7e-05
20261006,6785,昱展新藥,44000.0,43000.0,33000.0,31000.0,66000.0,29000.0,44000.0,21000.0,82000.0,46000.0,226000.0,167000.0,16000.0,27000.0,15000.0,31000.0,37000.0,55000.0,50000.0,44000.0,27000.0,35000.0,45000.0,87000.0,63000.0,43000.0,30000.0,50000.0,18000.0,178000.0,40000.0,36.6667,0.000987,43400.0,20.2765,0.000612,43900.0,10.0228,0.000336,59333.33,4.9438,0.000236,55350.0,3.9747,0.000185,56100.0,2.6144,0.000125
20261006,6788,華景電,272000.0,843000.0,422000.0,151000.0,161000.0,185000.0,64000.0,89000.0,175000.0,213000.0,229000.0,187000.0,77000.0,125000.0,95000.0,207000.0,340000.0,756000.0,193000.0,297000.0,289000.0,247000.0,285000.0,724000.0,286000.0,268000.0,258000.0,120000.0,205000.0,72000.0,512333.33,17.6968,0.006103,369800.0,14.7107,0.003783,257500.0,10.5631,0.002076,219200.0,8.2725,0.001459,254050.0,5.3533,0.001142,261166.67,3.4716,0.000772
20261006,6791,虎門科技,23000.0,10000.0,5000.0,4000.0,7000.0,6000.0,5000.0,9000.0,9000.0,11000.0,16000.0,8000.0,14000.0,19000.0,38000.0,17000.0,2000.0,4000.0,11000.0,16000.0,1000.0,4000.0,15000.0,6000.0,11000.0,7000.0,18000.0,7000.0,7000.0,3000.0,12666.67,60.5263,0.000516,9800.0,46.9388,0.00032,8900.0,25.8427,0.000176,12266.67,12.5,0.000123,11700.0,9.8291,9.7e-05,10433.33,7.3482,6.5e-05
20261006,6803,崑鼎,84000.0,104000.0,43000.0,37000.0,31000.0,81000.0,20000.0,45000.0,56000.0,56000.0,56000.0,37000.0,15000.0,38000.0,40000.0,60000.0,42000.0,76000.0,43000.0,62000.0,10000.0,48000.0,42000.0,31000.0,39000.0,45000.0,42000.0,28000.0,36000.0,68000.0,77000.0,36.3636,0.001885,59800.0,28.0936,0.001168,55700.0,15.0808,0.000641,49533.33,11.3055,0.000451,51300.0,8.1871,0.000353,47166.67,5.9364,0.000239
20261006,6804,明係,31000.0,46000.0,24000.0,26000.0,53000.0,48000.0,47000.0,36000.0,73000.0,66000.0,81000.0,57000.0,51000.0,53000.0,18000.0,119000.0,27000.0,110000.0,55000.0,74000.0,46000.0,66000.0,68000.0,86000.0,41000.0,40000.0,58000.0,104000.0,60000.0,76000.0,33666.67,30.6931,0.000696,36000.0,17.2222,0.000431,45000.0,6.8889,0.000237,47333.33,4.3662,0.000166,54750.0,2.8311,0.00013,58000.0,1.7816,8.8e-05
20261006,6811,宏碁資訊,364000.0,386000.0,172000.0,161000.0,223000.0,328000.0,276000.0,185000.0,429000.0,590000.0,1058000.0,384000.0,708000.0,1323000.0,1006000.0,185000.0,68000.0,50000.0,75000.0,637000.0,39000.0,59000.0,32000.0,39000.0,71000.0,42000.0,57000.0,39000.0,26000.0,59000.0,307333.33,39.4794,0.008167,261200.0,27.8714,0.005063,311400.0,11.6891,0.002778,506200.0,4.7939,0.001953,430400.0,4.2286,0.001529,302366.67,4.0128,0.001034
20261006,6821,聯寶,264000.0,791000.0,615000.0,74000.0,153000.0,41000.0,31000.0,63000.0,98000.0,88000.0,72000.0,48000.0,52000.0,32000.0,87000.0,55000.0,49000.0,155000.0,122000.0,185000.0,94000.0,74000.0,111000.0,132000.0,69000.0,194000.0,202000.0,138000.0,112000.0,95000.0,556666.67,15.8084,0.005923,379400.0,13.9167,0.003672,221800.0,11.9026,0.002015,167266.67,10.5221,0.001416,153750.0,8.5854,0.001109,143200.0,6.1453,0.00075
20261006,6823,濾能,39000.0,34000.0,15000.0,12000.0,88000.0,115000.0,43000.0,48000.0,26000.0,20000.0,10000.0,53000.0,54000.0,56000.0,55000.0,44000.0,26000.0,28000.0,41000.0,92000.0,69000.0,145000.0,101000.0,84000.0,160000.0,336000.0,127000.0,105000.0,48000.0,42000.0,29333.33,44.3182,0.000875,37600.0,20.7447,0.000542,44000.0,8.8636,0.000298,44533.33,5.8383,0.000209,44950.0,4.3382,0.000164,70533.33,1.8431,0.000111
20261006,6829,千附精密,321000.0,424000.0,294000.0,475000.0,464000.0,243000.0,384000.0,672000.0,1173000.0,682000.0,1000000.0,527000.0,622000.0,1228000.0,1008000.0,1099000.0,1493000.0,2006000.0,1112000.0,1666000.0,619000.0,875000.0,1094000.0,1293000.0,1363000.0,1160000.0,2301000.0,1649000.0,594000.0,454000.0,346333.33,30.8951,0.007202,395600.0,16.2285,0.004465,513200.0,6.2549,0.00245,634466.67,3.3729,0.001722,844650.0,1.9002,0.001348,943166.67,1.1345,0.000911
20261006,6840,東研信超,196000.0,292000.0,218000.0,337000.0,209000.0,278000.0,257000.0,269000.0,582000.0,604000.0,1455000.0,1197000.0,225000.0,135000.0,358000.0,264000.0,1194000.0,450000.0,750000.0,179000.0,391000.0,461000.0,488000.0,469000.0,402000.0,703000.0,1350000.0,993000.0,168000.0,324000.0,235333.33,27.762,0.004398,250400.0,15.655,0.002726,324200.0,6.0457,0.001496,440800.0,2.9643,0.001052,472450.0,2.0743,0.000823,506600.0,1.2896,0.000557
20261006,6841,長佳智能,87000.0,226000.0,178000.0,602000.0,796000.0,650000.0,136000.0,65000.0,103000.0,91000.0,124000.0,188000.0,75000.0,74000.0,87000.0,288000.0,100000.0,99000.0,98000.0,133000.0,164000.0,279000.0,120000.0,141000.0,132000.0,126000.0,102000.0,298000.0,331000.0,115000.0,163666.67,17.7189,0.001952,377800.0,4.6056,0.00121,293400.0,2.9652,0.000664,232133.33,2.4986,0.000467,210000.0,2.0714,0.000365,200266.67,1.4481,0.000247
20261006,6843,進典,10000.0,29000.0,32000.0,14000.0,3000.0,3000.0,6000.0,8000.0,11000.0,10000.0,8000.0,3000.0,4000.0,12000.0,7000.0,2000.0,3000.0,25000.0,1000.0,5000.0,13000.0,9000.0,16000.0,13000.0,7000.0,1000.0,1000.0,11000.0,1000.0,26000.0,23666.67,14.0845,0.000224,17600.0,11.3636,0.000139,12600.0,7.9365,7.6e-05,10666.67,6.25,5.4e-05,9800.0,5.102,4.2e-05,9800.0,3.4014,2.8e-05
20261006,6844,諾貝兒,8000.0,7000.0,11000.0,11000.0,13000.0,10000.0,9000.0,12000.0,12000.0,36000.0,37000.0,23000.0,18000.0,28000.0,14000.0,16000.0,4000.0,15000.0,5000.0,22000.0,54000.0,19000.0,17000.0,29000.0,25000.0,25000.0,34000.0,25000.0,19000.0,12000.0,8666.67,30.7692,0.000179,10000.0,16.0,0.000111,12900.0,6.2016,6.1e-05,16600.0,3.2129,4.3e-05,15550.0,2.5723,3.4e-05,19000.0,1.4035,2.3e-05
20261006,6846,綠茵,2000.0,4000.0,3000.0,6000.0,6000.0,4000.0,1000.0,4000.0,3000.0,15000.0,14000.0,1000.0,2000.0,4000.0,11000.0,11000.0,7000.0,1000.0,1000.0,6000.0,5000.0,2000.0,8000.0,9000.0,9000.0,2000.0,9000.0,1000.0,11000.0,6000.0,3000.0,22.2222,4.5e-05,4200.0,9.5238,2.8e-05,4800.0,4.1667,1.5e-05,5333.33,2.5,1.1e-05,5300.0,1.8868,8e-06,5600.0,1.1905,6e-06
20261006,6855,數泓科,6000.0,1000.0,4000.0,,8000.0,,,5000.0,7000.0,3000.0,1000.0,,,7000.0,1000.0,5000.0,5000.0,7000.0,8000.0,1000.0,1000.0,,2000.0,,8000.0,2000.0,,12000.0,16000.0,5000.0,3666.67,54.5455,0.000135,4750.0,31.5789,8.3e-05,4857.14,17.6471,4.6e-05,4300.0,13.9535,3.2e-05,4600.0,8.6957,2.5e-05,5227.27,5.2174,1.7e-05
20261006,6856,鑫傳,,3000.0,1000.0,10000.0,13000.0,5000.0,12000.0,6000.0,5000.0,9000.0,14000.0,3000.0,7000.0,2000.0,,3000.0,10000.0,2000.0,,1000.0,3000.0,,,,,1000.0,3000.0,,2000.0,9000.0,2000.0,,,6750.0,,,7111.11,,,6923.08,,,6235.29,,,5636.36,,
20261006,6859,伯特光,33000.0,49000.0,30000.0,26000.0,21000.0,10000.0,35000.0,98000.0,34000.0,37000.0,22000.0,114000.0,102000.0,8000.0,38000.0,38000.0,79000.0,87000.0,13000.0,31000.0,29000.0,56000.0,107000.0,32000.0,94000.0,10000.0,56000.0,14000.0,71000.0,27000.0,37333.33,29.4643,0.00074,31800.0,20.7547,0.000459,37300.0,8.8472,0.000252,43800.0,5.0228,0.000177,45250.0,3.6464,0.000139,46700.0,2.3555,9.4e-05
20261006,6865,偉康科技,12000.0,20000.0,4000.0,21000.0,59000.0,9000.0,33000.0,23000.0,7000.0,2000.0,12000.0,28000.0,33000.0,156000.0,126000.0,7000.0,6000.0,14000.0,6000.0,3000.0,12000.0,18000.0,14000.0,1000.0,5000.0,8000.0,5000.0,6000.0,6000.0,6000.0,12000.0,33.3333,0.000269,23200.0,10.3448,0.000167,19000.0,6.3158,9.2e-05,36333.33,2.2018,6.4e-05,29050.0,2.0654,5e-05,22066.67,1.8127,3.4e-05
20261006,6870,騰雲,55000.0,69000.0,82000.0,81000.0,124000.0,49000.0,272000.0,1125000.0,74000.0,98000.0,59000.0,97000.0,458000.0,371000.0,115000.0,212000.0,62000.0,108000.0,53000.0,264000.0,50000.0,89000.0,238000.0,229000.0,20000.0,44000.0,49000.0,36000.0,14000.0,11000.0,68666.67,26.699,0.001234,82200.0,13.382,0.000765,202900.0,2.7107,0.00042,208600.0,1.7578,0.000295,191400.0,1.4368,0.000231,153600.0,1.1936,0.000156
20261006,6872,浩宇生醫,56000.0,123000.0,78000.0,174000.0,238000.0,308000.0,203000.0,215000.0,586000.0,358000.0,126000.0,429000.0,267000.0,296000.0,475000.0,572000.0,1959000.0,412000.0,188000.0,237000.0,380000.0,259000.0,97000.0,33000.0,37000.0,185000.0,65000.0,10000.0,12000.0,5000.0,85666.67,21.7899,0.001256,133800.0,8.3707,0.000779,233900.0,2.3942,0.000427,262133.33,1.4242,0.0003,365000.0,0.7671,0.000235,279433.33,0.668,0.000159
20261006,6874,倍力,21000.0,15000.0,11000.0,13000.0,20000.0,8000.0,16000.0,8000.0,13000.0,13000.0,27000.0,49000.0,26000.0,57000.0,35000.0,12000.0,23000.0,14000.0,39000.0,57000.0,53000.0,128000.0,121000.0,74000.0,22000.0,26000.0,35000.0,30000.0,22000.0,10000.0,15666.67,44.6809,0.000471,16000.0,26.25,0.000292,13800.0,15.2174,0.00016,22133.33,6.3253,0.000113,23850.0,4.4025,8.8e-05,33266.67,2.1042,6e-05
20261006,6875,國邑*,255000.0,837000.0,650000.0,252000.0,183000.0,88000.0,125000.0,249000.0,476000.0,615000.0,260000.0,153000.0,147000.0,101000.0,193000.0,222000.0,240000.0,92000.0,88000.0,120000.0,208000.0,179000.0,178000.0,39000.0,52000.0,32000.0,39000.0,25000.0,44000.0,24000.0,580666.67,14.6383,0.005721,435400.0,11.7134,0.003547,373000.0,6.8365,0.001946,305600.0,5.5628,0.001368,267300.0,4.7699,0.001071,205533.33,4.1356,0.000724
20261006,6877,鏵友益,410000.0,881000.0,352000.0,157000.0,64000.0,75000.0,22000.0,103000.0,96000.0,38000.0,37000.0,32000.0,61000.0,49000.0,42000.0,22000.0,23000.0,52000.0,187000.0,96000.0,27000.0,86000.0,37000.0,63000.0,46000.0,37000.0,20000.0,49000.0,41000.0,26000.0,547666.67,24.9544,0.009199,372800.0,21.9957,0.005703,219800.0,18.6533,0.003129,161266.67,16.9492,0.0022,139950.0,14.6481,0.001722,107700.0,12.6896,0.001164
20261006,6881,潤德,3000.0,8000.0,3000.0,6000.0,4000.0,3000.0,1000.0,,,3000.0,8000.0,1000.0,4000.0,3000.0,9000.0,6000.0,,1000.0,,3000.0,2000.0,1000.0,,7000.0,4000.0,,,1000.0,3000.0,17000.0,4666.67,21.4286,6.7e-05,4800.0,12.5,4.2e-05,3875.0,9.6774,2.3e-05,4307.69,5.3571,1.6e-05,4125.0,4.5455,1.3e-05,4391.3,2.9703,9e-06
20261006,6884,海柏特,5000.0,3000.0,3000.0,7000.0,13000.0,4000.0,5000.0,,,3000.0,6000.0,2000.0,1000.0,8000.0,5000.0,4000.0,10000.0,14000.0,29000.0,4000.0,5000.0,10000.0,4000.0,7000.0,5000.0,6000.0,7000.0,3000.0,4000.0,7000.0,3666.67,45.4545,0.000112,6200.0,16.129,7e-05,5375.0,11.6279,3.8e-05,5000.0,7.6923,2.7e-05,7000.0,3.9683,2.1e-05,6571.43,2.7174,1.4e-05
20261006,6894,衛司特,64000.0,89000.0,30000.0,28000.0,42000.0,20000.0,45000.0,33000.0,116000.0,127000.0,76000.0,57000.0,20000.0,34000.0,111000.0,58000.0,195000.0,37000.0,54000.0,17000.0,21000.0,28000.0,48000.0,33000.0,194000.0,136000.0,32000.0,21000.0,9000.0,28000.0,61000.0,34.9727,0.001436,50600.0,25.2964,0.00089,59400.0,10.7744,0.000488,59466.67,7.1749,0.000343,62650.0,5.1077,0.000269,60100.0,3.5496,0.000182
20261006,6895,宏碩系統,26000.0,93000.0,16000.0,27000.0,17000.0,8000.0,32000.0,13000.0,11000.0,57000.0,27000.0,19000.0,40000.0,25000.0,20000.0,13000.0,9000.0,11000.0,27000.0,25000.0,47000.0,105000.0,99000.0,189000.0,332000.0,100000.0,61000.0,39000.0,81000.0,107000.0,45000.0,19.2593,0.000583,35800.0,14.5251,0.000362,30000.0,8.6667,0.000198,28733.33,6.0325,0.00014,25800.0,5.0388,0.000109,55866.67,1.5513,7.4e-05
20261006,6899,創為精密,20000.0,2000.0,10000.0,11000.0,11000.0,13000.0,5000.0,15000.0,12000.0,39000.0,8000.0,14000.0,2000.0,8000.0,5000.0,10000.0,7000.0,4000.0,9000.0,16000.0,4000.0,9000.0,4000.0,6000.0,15000.0,9000.0,12000.0,16000.0,15000.0,17000.0,10666.67,62.5,0.000449,10800.0,37.037,0.000278,13800.0,14.4928,0.000153,11666.67,11.4286,0.000107,11050.0,9.0498,8.4e-05,10933.33,6.0976,5.7e-05
20261006,6903,巨漢,307000.0,504000.0,214000.0,399000.0,544000.0,205000.0,161000.0,230000.0,155000.0,128000.0,249000.0,142000.0,59000.0,107000.0,131000.0,194000.0,624000.0,191000.0,133000.0,153000.0,218000.0,220000.0,194000.0,268000.0,169000.0,184000.0,172000.0,212000.0,150000.0,235000.0,341666.67,29.9512,0.006888,393600.0,15.5996,0.00427,284700.0,10.7833,0.002343,235666.67,8.6846,0.001647,241500.0,6.3561,0.001289,228400.0,4.4804,0.000872
20261006,6904,伯鑫,2000.0,1000.0,1000.0,,1000.0,1000.0,,1000.0,,1000.0,3000.0,,,4000.0,1000.0,6000.0,,,1000.0,1000.0,,,2000.0,,,1000.0,1000.0,,1000.0,1000.0,1333.33,50.0,4.5e-05,1250.0,40.0,2.8e-05,1142.86,25.0,1.5e-05,1600.0,12.5,1.1e-05,1846.15,8.3333,8e-06,1666.67,6.6667,6e-06
20261006,6907,雅特力-KY,790000.0,2001000.0,2615000.0,2919000.0,739000.0,268000.0,391000.0,617000.0,1624000.0,608000.0,1836000.0,598000.0,489000.0,510000.0,882000.0,1693000.0,1125000.0,3654000.0,7106000.0,3989000.0,718000.0,1516000.0,1198000.0,1560000.0,870000.0,1172000.0,1055000.0,1473000.0,1739000.0,1571000.0,1802000.0,14.6134,0.017725,1812800.0,8.7158,0.010989,1257200.0,6.2838,0.006029,1125800.0,4.6782,0.004239,1722700.0,2.2929,0.003318,1577533.33,1.6693,0.002243
20261006,6910,德鴻,14000.0,19000.0,8000.0,27000.0,16000.0,25000.0,20000.0,8000.0,45000.0,38000.0,35000.0,11000.0,8000.0,15000.0,18000.0,25000.0,35000.0,8000.0,21000.0,12000.0,15000.0,15000.0,19000.0,43000.0,8000.0,6000.0,6000.0,19000.0,17000.0,16000.0,13666.67,34.1463,0.000314,16800.0,16.6667,0.000195,22000.0,6.3636,0.000107,20466.67,4.5603,7.5e-05,20400.0,3.4314,5.9e-05,19066.67,2.4476,4e-05
20261006,6913,鴻呈,94000.0,163000.0,102000.0,94000.0,71000.0,97000.0,93000.0,204000.0,216000.0,154000.0,184000.0,270000.0,154000.0,225000.0,375000.0,357000.0,257000.0,344000.0,498000.0,1480000.0,820000.0,576000.0,711000.0,962000.0,2365000.0,1819000.0,1298000.0,187000.0,154000.0,311000.0,119666.67,26.1838,0.002109,104800.0,17.9389,0.001308,128800.0,7.2981,0.000717,166400.0,3.766,0.000504,271600.0,1.7305,0.000395,487833.33,0.6423,0.000267
20261006,6922,宸曜,71000.0,149000.0,187000.0,81000.0,193000.0,480000.0,259000.0,94000.0,166000.0,338000.0,51000.0,77000.0,30000.0,80000.0,63000.0,66000.0,148000.0,94000.0,394000.0,424000.0,132000.0,154000.0,92000.0,126000.0,168000.0,190000.0,186000.0,130000.0,525000.0,403000.0,135666.67,17.4447,0.001593,136200.0,10.4258,0.000988,201800.0,3.5183,0.000542,154600.0,3.0617,0.000381,172250.0,2.061,0.000298,185033.33,1.279,0.000202
20261006,6925,意藍,905000.0,696000.0,492000.0,938000.0,1217000.0,2026000.0,1439000.0,452000.0,116000.0,275000.0,621000.0,236000.0,565000.0,150000.0,105000.0,33000.0,2000.0,13000.0,11000.0,13000.0,6000.0,7000.0,12000.0,54000.0,25000.0,13000.0,12000.0,19000.0,6000.0,5000.0,697666.67,43.2394,0.020305,849600.0,21.3041,0.012588,855600.0,10.5774,0.006907,682200.0,8.8439,0.004856,515250.0,8.7821,0.003801,348800.0,8.6487,0.00257
20261006,6929,佑全,10000.0,9000.0,8000.0,,4000.0,4000.0,,14000.0,3000.0,,3000.0,4000.0,6000.0,11000.0,6000.0,1000.0,7000.0,14000.0,,13000.0,4000.0,8000.0,3000.0,1000.0,3000.0,2000.0,5000.0,6000.0,7000.0,6000.0,9000.0,37.037,0.000224,7750.0,32.2581,0.000139,7428.57,19.2308,7.6e-05,6833.33,12.1951,5.4e-05,7312.5,8.547,4.2e-05,6230.77,6.1728,2.8e-05
20261006,6945,圓祥生技,665000.0,696000.0,610000.0,535000.0,692000.0,314000.0,217000.0,463000.0,613000.0,939000.0,1186000.0,1751000.0,684000.0,805000.0,133000.0,174000.0,130000.0,68000.0,84000.0,120000.0,68000.0,156000.0,113000.0,310000.0,442000.0,164000.0,602000.0,167000.0,230000.0,213000.0,657000.0,33.7392,0.01492,639600.0,20.7942,0.00925,574400.0,11.5773,0.005075,686866.67,6.4544,0.003568,543950.0,6.1127,0.002793,444800.0,4.9835,0.001888
20261006,6953,家碩,123000.0,452000.0,256000.0,97000.0,40000.0,30000.0,4000.0,13000.0,22000.0,86000.0,15000.0,18000.0,14000.0,31000.0,42000.0,55000.0,231000.0,235000.0,22000.0,7000.0,16000.0,10000.0,35000.0,107000.0,30000.0,32000.0,34000.0,50000.0,22000.0,19000.0,277000.0,14.8014,0.00276,193600.0,12.7066,0.001711,112300.0,10.9528,0.000939,82866.67,9.8954,0.00066,89650.0,6.86,0.000517,71600.0,5.7263,0.000349
20261006,6961,旅天下,46000.0,30000.0,34000.0,7000.0,31000.0,34000.0,15000.0,20000.0,23000.0,24000.0,71000.0,40000.0,6000.0,28000.0,6000.0,11000.0,14000.0,35000.0,3000.0,13000.0,12000.0,50000.0,22000.0,16000.0,46000.0,13000.0,5000.0,8000.0,10000.0,31000.0,36666.67,41.8182,0.001032,29600.0,31.0811,0.00064,26400.0,17.4242,0.000351,27666.67,11.0843,0.000247,24550.0,9.3686,0.000193,23466.67,6.5341,0.000131
20261006,6967,汎瑋材料,190000.0,104000.0,183000.0,195000.0,277000.0,127000.0,70000.0,46000.0,72000.0,250000.0,61000.0,68000.0,80000.0,76000.0,98000.0,234000.0,500000.0,289000.0,64000.0,29000.0,41000.0,123000.0,31000.0,48000.0,32000.0,64000.0,61000.0,40000.0,26000.0,45000.0,159000.0,39.8323,0.004263,189800.0,20.0211,0.002643,151400.0,12.5495,0.00145,126466.67,10.0158,0.001019,150650.0,6.306,0.000798,117466.67,5.3916,0.00054
20261006,6968,萬達寵物,31000.0,51000.0,46000.0,45000.0,20000.0,11000.0,18000.0,55000.0,32000.0,63000.0,64000.0,118000.0,52000.0,20000.0,45000.0,61000.0,24000.0,17000.0,39000.0,150000.0,30000.0,59000.0,21000.0,27000.0,30000.0,21000.0,73000.0,38000.0,34000.0,22000.0,42666.67,24.2188,0.000696,38600.0,16.0622,0.000431,37200.0,8.3333,0.000237,44733.33,4.62,0.000166,48100.0,3.2225,0.00013,43900.0,2.3538,8.8e-05
20261006,6971,惠民實業,17000.0,25000.0,6000.0,8000.0,6000.0,6000.0,9000.0,22000.0,44000.0,64000.0,16000.0,32000.0,20000.0,12000.0,11000.0,43000.0,23000.0,63000.0,186000.0,37000.0,13000.0,21000.0,18000.0,16000.0,36000.0,11000.0,36000.0,43000.0,31000.0,24000.0,16000.0,35.4167,0.000381,12400.0,27.4194,0.000236,20700.0,8.2126,0.00013,19866.67,5.7047,9.1e-05,32500.0,2.6154,7.1e-05,29966.67,1.891,4.8e-05
20261006,6982,大井泵浦,10000.0,19000.0,30000.0,21000.0,21000.0,14000.0,14000.0,24000.0,32000.0,19000.0,20000.0,11000.0,16000.0,50000.0,41000.0,30000.0,12000.0,17000.0,29000.0,31000.0,12000.0,9000.0,35000.0,14000.0,10000.0,26000.0,11000.0,13000.0,5000.0,28000.0,19666.67,16.9492,0.000224,20200.0,9.901,0.000139,20400.0,4.902,7.6e-05,22800.0,2.924,5.4e-05,23050.0,2.1692,4.2e-05,20800.0,1.6026,2.8e-05
20261006,6983,華洋精機,359000.0,136000.0,13000.0,87000.0,42000.0,32000.0,16000.0,27000.0,47000.0,52000.0,30000.0,12000.0,35000.0,8000.0,32000.0,15000.0,37000.0,72000.0,37000.0,44000.0,43000.0,63000.0,37000.0,53000.0,66000.0,113000.0,160000.0,87000.0,51000.0,58000.0,169333.33,70.6693,0.008055,127400.0,56.3579,0.004994,81100.0,44.2663,0.00274,61866.67,38.6853,0.001926,56650.0,31.6858,0.001508,62133.33,19.2597,0.001019
20261006,6986,和迅,146000.0,86000.0,213000.0,180000.0,148000.0,67000.0,44000.0,127000.0,160000.0,217000.0,104000.0,37000.0,44000.0,21000.0,38000.0,59000.0,48000.0,65000.0,107000.0,63000.0,64000.0,45000.0,37000.0,53000.0,65000.0,76000.0,45000.0,31000.0,31000.0,40000.0,148333.33,32.809,0.003276,154600.0,18.8875,0.002031,138800.0,10.5187,0.001114,108800.0,8.9461,0.000783,98700.0,7.3961,0.000613,82033.33,5.9325,0.000415
20261006,6996,力領科技,23000.0,126000.0,31000.0,16000.0,11000.0,27000.0,11000.0,41000.0,48000.0,22000.0,42000.0,16000.0,25000.0,59000.0,24000.0,56000.0,56000.0,51000.0,314000.0,19000.0,54000.0,125000.0,73000.0,76000.0,31000.0,112000.0,49000.0,67000.0,36000.0,68000.0,60000.0,12.7778,0.000516,41400.0,11.1111,0.00032,35600.0,6.4607,0.000176,34800.0,4.4061,0.000123,50900.0,2.2593,9.7e-05,56966.67,1.3458,6.5e-05
20261006,6997,博弘,9000.0,3000.0,3000.0,,1000.0,5000.0,22000.0,5000.0,6000.0,1000.0,2000.0,2000.0,2000.0,13000.0,,,,4000.0,7000.0,5000.0,,3000.0,1000.0,1000.0,7000.0,1000.0,3000.0,1000.0,1000.0,1000.0,5000.0,60.0,0.000202,4000.0,56.25,0.000125,6111.11,16.3636,6.9e-05,5692.31,12.1622,4.8e-05,5625.0,10.0,3.8e-05,4360.0,8.2569,2.6e-05
20261006,7402,邑錡,100000.0,173000.0,107000.0,117000.0,190000.0,173000.0,87000.0,177000.0,129000.0,127000.0,117000.0,131000.0,138000.0,178000.0,227000.0,740000.0,152000.0,141000.0,273000.0,198000.0,295000.0,499000.0,262000.0,321000.0,441000.0,2169000.0,5609000.0,671000.0,151000.0,260000.0,126666.67,26.3158,0.002244,137400.0,14.556,0.001391,138000.0,7.2464,0.000763,144733.33,4.6062,0.000537,183750.0,2.7211,0.00042,478433.33,0.6967,0.000284
20261006,7547,碩網,117000.0,91000.0,114000.0,239000.0,812000.0,201000.0,269000.0,99000.0,78000.0,25000.0,3000.0,7000.0,29000.0,64000.0,47000.0,3000.0,5000.0,18000.0,3000.0,4000.0,14000.0,2000.0,5000.0,10000.0,11000.0,27000.0,13000.0,27000.0,21000.0,9000.0,107333.33,36.3354,0.002625,274600.0,8.5215,0.001627,204500.0,5.7213,0.000893,146333.33,5.3303,0.000628,111400.0,5.2513,0.000491,78900.0,4.943,0.000332
20261006,7556,意德士,306000.0,344000.0,91000.0,26000.0,72000.0,71000.0,25000.0,15000.0,28000.0,46000.0,97000.0,9000.0,14000.0,18000.0,10000.0,23000.0,33000.0,41000.0,9000.0,13000.0,13000.0,31000.0,22000.0,27000.0,38000.0,64000.0,87000.0,48000.0,29000.0,25000.0,247000.0,41.2955,0.006866,167800.0,36.472,0.004256,102400.0,29.8828,0.002335,78133.33,26.1092,0.001642,64550.0,23.7026,0.001285,55833.33,18.2687,0.000869
20261006,7584,樂意,11000.0,9000.0,,7000.0,6000.0,4000.0,5000.0,7000.0,7000.0,2000.0,5000.0,4000.0,2000.0,4000.0,15000.0,71000.0,3000.0,7000.0,7000.0,4000.0,2000.0,7000.0,9000.0,2000.0,2000.0,2000.0,,6000.0,1000.0,2000.0,10000.0,55.0,0.000247,8250.0,33.3333,0.000153,6444.44,18.9655,8.4e-05,6285.71,12.5,5.9e-05,9473.68,6.1111,4.6e-05,7607.14,5.1643,3.1e-05
20261006,7642,昶瑞機電,94000.0,42000.0,22000.0,8000.0,33000.0,35000.0,16000.0,9000.0,38000.0,48000.0,20000.0,7000.0,39000.0,15000.0,19000.0,38000.0,3000.0,7000.0,15000.0,5000.0,5000.0,8000.0,9000.0,20000.0,5000.0,23000.0,4000.0,22000.0,3000.0,6000.0,52666.67,59.4937,0.002109,39800.0,47.2362,0.001308,34500.0,27.2464,0.000717,29666.67,21.1236,0.000504,25650.0,18.3236,0.000395,20600.0,15.2104,0.000267
20261006,7703,銳澤,18000.0,50000.0,30000.0,87000.0,46000.0,33000.0,105000.0,94000.0,34000.0,48000.0,45000.0,67000.0,29000.0,66000.0,61000.0,66000.0,136000.0,165000.0,62000.0,274000.0,138000.0,137000.0,63000.0,32000.0,39000.0,20000.0,32000.0,118000.0,50000.0,22000.0,32666.67,18.3673,0.000404,46200.0,7.7922,0.00025,54500.0,3.3028,0.000137,54200.0,2.214,9.7e-05,75800.0,1.1873,7.6e-05,72233.33,0.8306,5.1e-05
20261006,7704,明遠精密,27000.0,45000.0,35000.0,28000.0,73000.0,29000.0,11000.0,17000.0,56000.0,41000.0,43000.0,11000.0,34000.0,8000.0,23000.0,55000.0,69000.0,47000.0,41000.0,45000.0,23000.0,81000.0,26000.0,21000.0,16000.0,48000.0,28000.0,9000.0,15000.0,25000.0,35666.67,25.2336,0.000606,41600.0,12.9808,0.000376,36200.0,7.4586,0.000206,32066.67,5.6133,0.000145,36900.0,3.6585,0.000113,34333.33,2.6214,7.7e-05
20261006,7708,全家餐飲,13000.0,13000.0,6000.0,16000.0,10000.0,27000.0,6000.0,8000.0,19000.0,,6000.0,23000.0,2000.0,8000.0,10000.0,25000.0,7000.0,1000.0,7000.0,3000.0,14000.0,8000.0,5000.0,12000.0,2000.0,6000.0,7000.0,,7000.0,9000.0,10666.67,40.625,0.000292,11600.0,22.4138,0.000181,13111.11,11.0169,9.9e-05,11928.57,7.7844,7e-05,11052.63,6.1905,5.5e-05,10000.0,4.6429,3.7e-05
20261006,7709,榮田,159000.0,182000.0,146000.0,81000.0,105000.0,363000.0,129000.0,118000.0,287000.0,162000.0,90000.0,89000.0,78000.0,135000.0,120000.0,220000.0,206000.0,495000.0,1777000.0,311000.0,199000.0,58000.0,124000.0,220000.0,21000.0,44000.0,39000.0,51000.0,11000.0,14000.0,162333.33,32.6489,0.003567,134600.0,23.6256,0.002212,173200.0,9.1801,0.001213,149600.0,7.0856,0.000853,262650.0,3.0268,0.000668,201133.33,2.6351,0.000451
20261006,7712,博盛半導體,866000.0,750000.0,650000.0,357000.0,176000.0,109000.0,301000.0,715000.0,204000.0,225000.0,227000.0,269000.0,209000.0,59000.0,169000.0,191000.0,373000.0,91000.0,151000.0,175000.0,137000.0,318000.0,112000.0,191000.0,375000.0,847000.0,557000.0,1354000.0,457000.0,110000.0,755333.33,38.2171,0.01943,559800.0,30.9396,0.012046,435300.0,19.8943,0.006609,352400.0,16.3829,0.004646,313350.0,13.8184,0.003637,357500.0,8.0746,0.002459
20261006,7713,威力德生醫,13000.0,5000.0,,2000.0,5000.0,2000.0,5000.0,12000.0,6000.0,4000.0,2000.0,1000.0,,3000.0,2000.0,2000.0,,3000.0,,2000.0,6000.0,20000.0,2000.0,6000.0,,13000.0,4000.0,16000.0,19000.0,62000.0,9000.0,72.2222,0.000292,6250.0,52.0,0.000181,6000.0,24.0741,9.9e-05,4769.23,20.9677,7e-05,4312.5,18.8406,5.5e-05,8680.0,5.9908,3.7e-05
20261006,7714,創泓科技,276000.0,102000.0,128000.0,326000.0,557000.0,166000.0,143000.0,197000.0,631000.0,251000.0,446000.0,313000.0,337000.0,1018000.0,1582000.0,642000.0,52000.0,124000.0,161000.0,104000.0,104000.0,275000.0,200000.0,228000.0,224000.0,867000.0,992000.0,678000.0,220000.0,908000.0,168666.67,54.5455,0.006192,277800.0,19.8704,0.003839,277700.0,9.9388,0.002106,431533.33,4.2639,0.001481,377800.0,3.6527,0.001159,408400.0,2.2527,0.000784
20261006,7715,裕山,81000.0,192000.0,30000.0,33000.0,141000.0,33000.0,64000.0,57000.0,154000.0,10000.0,25000.0,16000.0,18000.0,33000.0,62000.0,61000.0,17000.0,18000.0,50000.0,27000.0,34000.0,31000.0,13000.0,17000.0,376000.0,193000.0,128000.0,27000.0,10000.0,107000.0,101000.0,26.7327,0.001817,95400.0,16.9811,0.001127,79500.0,10.1887,0.000618,63266.67,8.5353,0.000435,56100.0,7.2193,0.00034,68600.0,3.9359,0.00023
20261006,7716,昱臺國際,,,1000.0,6000.0,1000.0,5000.0,2000.0,1000.0,7000.0,17000.0,10000.0,19000.0,6000.0,11000.0,2000.0,4000.0,1000.0,3000.0,1000.0,2000.0,6000.0,11000.0,3000.0,1000.0,,,1000.0,3000.0,11000.0,13000.0,1000.0,,,2666.67,,,5000.0,,,6769.23,,,5500.0,,,5692.31,,
20261006,7717,萊德光電-KY,3390000.0,1181000.0,613000.0,1068000.0,625000.0,445000.0,555000.0,1524000.0,1165000.0,1392000.0,2049000.0,3258000.0,918000.0,566000.0,1863000.0,1286000.0,1213000.0,1343000.0,1526000.0,533000.0,1126000.0,131000.0,86000.0,185000.0,324000.0,241000.0,194000.0,239000.0,102000.0,131000.0,1728000.0,65.3935,0.07606,1375400.0,49.2948,0.047155,1195800.0,28.3492,0.025871,1374133.33,16.4467,0.018189,1325650.0,12.7862,0.014237,975733.33,11.581,0.009626
20261006,7718,友鋮,15000.0,32000.0,1000.0,9000.0,38000.0,4000.0,7000.0,24000.0,44000.0,32000.0,30000.0,12000.0,11000.0,11000.0,15000.0,35000.0,15000.0,15000.0,22000.0,50000.0,21000.0,13000.0,14000.0,31000.0,14000.0,16000.0,28000.0,32000.0,17000.0,14000.0,16000.0,31.25,0.000337,19000.0,15.7895,0.000209,20600.0,7.2816,0.000114,19000.0,5.2632,8e-05,21100.0,3.5545,6.3e-05,20733.33,2.4116,4.3e-05
20261006,7723,築間,813000.0,92000.0,43000.0,4000.0,43000.0,35000.0,24000.0,60000.0,73000.0,107000.0,14000.0,22000.0,35000.0,24000.0,24000.0,41000.0,346000.0,71000.0,30000.0,37000.0,32000.0,15000.0,74000.0,21000.0,39000.0,25000.0,71000.0,100000.0,70000.0,61000.0,316000.0,85.7595,0.018241,199000.0,81.7085,0.011309,129400.0,62.8284,0.006204,94200.0,57.5372,0.004362,96900.0,41.9505,0.003414,81533.33,33.2379,0.002309
20261006,7728,光焱科技,20000.0,31000.0,41000.0,145000.0,142000.0,34000.0,33000.0,36000.0,98000.0,41000.0,309000.0,19000.0,27000.0,119000.0,61000.0,22000.0,30000.0,12000.0,16000.0,58000.0,40000.0,32000.0,50000.0,48000.0,14000.0,39000.0,30000.0,54000.0,12000.0,10000.0,30666.67,21.7391,0.000449,75800.0,5.277,0.000278,62100.0,3.2206,0.000153,77066.67,1.7301,0.000107,64700.0,1.5456,8.4e-05,54100.0,1.2323,5.7e-05
20261006,7734,印能科技,146000.0,157000.0,215000.0,378000.0,138000.0,176000.0,217000.0,109000.0,167000.0,218000.0,638000.0,433000.0,150000.0,154000.0,283000.0,462000.0,316000.0,171000.0,179000.0,385000.0,157000.0,163000.0,78000.0,177000.0,313000.0,300000.0,359000.0,277000.0,112000.0,225000.0,172666.67,28.1853,0.003276,206800.0,14.1199,0.002031,192100.0,7.6002,0.001114,238600.0,4.0794,0.000783,254600.0,2.8672,0.000613,241766.67,2.013,0.000415
20261006,7738,東聯互動,55000.0,45000.0,23000.0,11000.0,14000.0,7000.0,5000.0,34000.0,17000.0,12000.0,23000.0,19000.0,74000.0,13000.0,32000.0,31000.0,14000.0,32000.0,78000.0,201000.0,142000.0,119000.0,19000.0,36000.0,5000.0,32000.0,11000.0,10000.0,43000.0,11000.0,41000.0,44.7154,0.001234,29600.0,37.1622,0.000765,22300.0,24.6637,0.00042,25600.0,14.3229,0.000295,37000.0,7.4324,0.000231,38933.33,4.7089,0.000156
20261006,7743,金利食安,91000.0,158000.0,97000.0,15000.0,49000.0,62000.0,74000.0,53000.0,42000.0,44000.0,61000.0,49000.0,70000.0,94000.0,13000.0,31000.0,75000.0,25000.0,13000.0,54000.0,24000.0,76000.0,7000.0,6000.0,22000.0,25000.0,1000.0,2000.0,3000.0,16000.0,115333.33,26.3006,0.002042,82000.0,22.1951,0.001266,68500.0,13.2847,0.000694,64800.0,9.3621,0.000488,58500.0,7.7778,0.000382,45066.67,6.7308,0.000258
20261006,7744,崴寶,50000.0,57000.0,92000.0,68000.0,82000.0,78000.0,102000.0,74000.0,180000.0,74000.0,108000.0,85000.0,29000.0,33000.0,92000.0,118000.0,106000.0,146000.0,468000.0,220000.0,182000.0,122000.0,265000.0,54000.0,113000.0,186000.0,169000.0,76000.0,81000.0,177000.0,66333.33,25.1256,0.001122,69800.0,14.3266,0.000695,85700.0,5.8343,0.000382,80266.67,4.1528,0.000268,113100.0,2.2104,0.00021,122900.0,1.3561,0.000142
20261006,7747,昕奇雲端,,2000.0,300000.0,301000.0,1000.0,2000.0,1000.0,8000.0,7000.0,6000.0,1000.0,,3000.0,5000.0,5000.0,2000.0,2000.0,1000.0,,2000.0,8000.0,2000.0,2000.0,3000.0,2000.0,2000.0,5000.0,3000.0,4000.0,6000.0,151000.0,,,151000.0,,,69777.78,,,49384.62,,,38176.47,,,25407.41,,
20261006,7751,竑騰,84000.0,122000.0,180000.0,93000.0,326000.0,174000.0,161000.0,46000.0,82000.0,69000.0,455000.0,69000.0,138000.0,125000.0,252000.0,177000.0,245000.0,197000.0,147000.0,327000.0,365000.0,472000.0,412000.0,830000.0,1315000.0,691000.0,533000.0,647000.0,1080000.0,205000.0,128666.67,21.7617,0.001885,161000.0,10.4348,0.001168,133700.0,6.2827,0.000641,158400.0,3.5354,0.000451,173450.0,2.4214,0.000353,333966.67,0.8384,0.000239
20261006,7753,星亞,17000.0,50000.0,38000.0,16000.0,18000.0,21000.0,4000.0,11000.0,6000.0,29000.0,13000.0,15000.0,2000.0,13000.0,15000.0,15000.0,25000.0,4000.0,12000.0,12000.0,6000.0,24000.0,9000.0,6000.0,107000.0,19000.0,10000.0,20000.0,18000.0,12000.0,35000.0,16.1905,0.000381,27800.0,12.2302,0.000236,21000.0,8.0952,0.00013,17866.67,6.3433,9.1e-05,16800.0,5.0595,7.1e-05,18900.0,2.9982,4.8e-05
20261006,7757,金色三麥,10000.0,14000.0,19000.0,16000.0,19000.0,20000.0,68000.0,26000.0,4000.0,11000.0,18000.0,6000.0,11000.0,16000.0,6000.0,23000.0,45000.0,6000.0,2000.0,,3000.0,,4000.0,11000.0,7000.0,15000.0,14000.0,3000.0,11000.0,7000.0,14333.33,23.2558,0.000224,15600.0,12.8205,0.000139,20700.0,4.8309,7.6e-05,17600.0,3.7879,5.4e-05,17894.74,2.9412,4.2e-05,14821.43,2.4096,2.8e-05
20261006,7767,仁大資訊,17000.0,15000.0,11000.0,,2000.0,21000.0,16000.0,4000.0,17000.0,30000.0,35000.0,33000.0,27000.0,54000.0,186000.0,52000.0,35000.0,37000.0,4000.0,18000.0,3000.0,10000.0,33000.0,28000.0,4000.0,25000.0,26000.0,5000.0,64000.0,60000.0,14333.33,39.5349,0.000381,11250.0,37.7778,0.000236,14777.78,12.782,0.00013,33428.57,3.6325,9.1e-05,32315.79,2.7687,7.1e-05,30068.97,1.9495,4.8e-05
20261006,7770,君曜,24000.0,22000.0,45000.0,10000.0,21000.0,18000.0,1000.0,22000.0,19000.0,7000.0,24000.0,22000.0,20000.0,9000.0,4000.0,8000.0,36000.0,35000.0,17000.0,9000.0,13000.0,6000.0,17000.0,5000.0,26000.0,1000.0,14000.0,9000.0,13000.0,5000.0,30333.33,26.3736,0.000538,24400.0,19.6721,0.000334,18900.0,12.6984,0.000183,17866.67,8.9552,0.000129,18650.0,6.4343,0.000101,16066.67,4.9793,6.8e-05
20261006,7772,耀穎,1209000.0,1625000.0,172000.0,151000.0,95000.0,129000.0,210000.0,2624000.0,1468000.0,2092000.0,1709000.0,454000.0,103000.0,116000.0,133000.0,192000.0,485000.0,1600000.0,139000.0,75000.0,106000.0,218000.0,53000.0,67000.0,67000.0,29000.0,41000.0,63000.0,70000.0,36000.0,1002000.0,40.2196,0.027126,650400.0,37.1771,0.016817,977500.0,12.3683,0.009227,819333.33,9.8373,0.006487,739050.0,8.1794,0.005077,517700.0,7.7844,0.003433
20261006,7777,能率亞洲,3139000.0,2206000.0,2476000.0,2935000.0,2284000.0,1150000.0,558000.0,545000.0,870000.0,1204000.0,2718000.0,967000.0,686000.0,660000.0,880000.0,884000.0,776000.0,674000.0,782000.0,1335000.0,953000.0,1499000.0,1163000.0,1707000.0,3102000.0,2298000.0,9457000.0,6810000.0,2964000.0,3887000.0,2607000.0,40.1355,0.070428,2608000.0,24.0721,0.043663,1736700.0,18.0745,0.023956,1551866.67,13.4848,0.016842,1386450.0,11.3203,0.013183,2052300.0,5.0983,0.008913
20261006,7782,光速火箭,24000.0,2000.0,2000.0,1000.0,3000.0,3000.0,,2000.0,7000.0,10000.0,14000.0,8000.0,16000.0,1000.0,,5000.0,3000.0,21000.0,4000.0,3000.0,,25000.0,1000.0,,8000.0,34000.0,9000.0,4000.0,,1000.0,9333.33,85.7143,0.000538,6400.0,75.0,0.000334,6000.0,44.4444,0.000183,7153.85,25.8065,0.000129,7166.67,18.6047,0.000101,8440.0,11.3744,6.8e-05
20261006,7792,安葆,651000.0,393000.0,310000.0,359000.0,328000.0,1550000.0,2768000.0,2573000.0,2130000.0,1053000.0,1514000.0,293000.0,204000.0,209000.0,251000.0,316000.0,355000.0,452000.0,479000.0,344000.0,334000.0,194000.0,227000.0,516000.0,307000.0,293000.0,421000.0,891000.0,367000.0,488000.0,451333.33,48.0798,0.014606,408200.0,31.8961,0.009055,1211500.0,5.3735,0.004968,972400.0,4.4632,0.003493,826600.0,3.9378,0.002734,685666.67,3.1648,0.001849
20261006,7794,宏碁智新,9000.0,26000.0,42000.0,39000.0,11000.0,6000.0,17000.0,17000.0,32000.0,30000.0,40000.0,24000.0,32000.0,28000.0,12000.0,35000.0,36000.0,87000.0,398000.0,135000.0,10000.0,12000.0,6000.0,28000.0,11000.0,8000.0,8000.0,11000.0,1000.0,5000.0,25666.67,11.6883,0.000202,25400.0,7.0866,0.000125,22900.0,3.9301,6.9e-05,24333.33,2.4658,4.8e-05,52800.0,0.8523,3.8e-05,38533.33,0.7785,2.6e-05
20261006,7805,威聯通,9000.0,42000.0,15000.0,40000.0,23000.0,48000.0,15000.0,32000.0,52000.0,23000.0,70000.0,17000.0,22000.0,32000.0,26000.0,56000.0,20000.0,38000.0,24000.0,30000.0,42000.0,91000.0,77000.0,36000.0,49000.0,22000.0,49000.0,66000.0,263000.0,207000.0,22000.0,13.6364,0.000202,25800.0,6.9767,0.000125,29900.0,3.01,6.9e-05,31066.67,1.9313,4.8e-05,31700.0,1.4196,3.8e-05,51200.0,0.5859,2.6e-05
20261006,7810,捷創科技,161000.0,364000.0,293000.0,214000.0,200000.0,91000.0,202000.0,411000.0,113000.0,35000.0,18000.0,59000.0,43000.0,108000.0,69000.0,134000.0,78000.0,152000.0,107000.0,52000.0,41000.0,76000.0,68000.0,134000.0,248000.0,112000.0,68000.0,145000.0,196000.0,141000.0,272666.67,19.6822,0.003612,246400.0,13.0682,0.002239,208400.0,7.7255,0.001229,158733.33,6.7619,0.000864,145200.0,5.5441,0.000676,137766.67,3.8955,0.000457
20261006,7811,民盛,9000.0,8000.0,8000.0,5000.0,1000.0,11000.0,11000.0,2000.0,11000.0,3000.0,12000.0,2000.0,3000.0,3000.0,7000.0,7000.0,16000.0,33000.0,3000.0,3000.0,11000.0,12000.0,,2000.0,1000.0,2000.0,2000.0,6000.0,3000.0,4000.0,8333.33,36.0,0.000202,6200.0,29.0323,0.000125,6900.0,13.0435,6.9e-05,6400.0,9.375,4.8e-05,7900.0,5.6962,3.8e-05,6931.03,4.4776,2.6e-05
20261006,7814,海昌生技,40000.0,14000.0,39000.0,16000.0,17000.0,10000.0,27000.0,27000.0,7000.0,13000.0,3000.0,12000.0,5000.0,7000.0,14000.0,32000.0,11000.0,10000.0,35000.0,28000.0,25000.0,35000.0,36000.0,67000.0,22000.0,47000.0,41000.0,40000.0,23000.0,17000.0,31000.0,43.0108,0.000897,25200.0,31.746,0.000556,21000.0,19.0476,0.000305,16733.33,15.9363,0.000215,18350.0,10.8992,0.000168,24000.0,5.5556,0.000114
20261006,7819,精誠金融,34000.0,30000.0,9000.0,13000.0,50000.0,8000.0,2000.0,5000.0,32000.0,9000.0,34000.0,7000.0,12000.0,30000.0,24000.0,12000.0,9000.0,37000.0,20000.0,19000.0,37000.0,50000.0,118000.0,69000.0,61000.0,113000.0,27000.0,35000.0,19000.0,13000.0,24333.33,46.5753,0.000763,27200.0,25.0,0.000473,19200.0,17.7083,0.000259,19933.33,11.3712,0.000182,19800.0,8.5859,0.000143,31266.67,3.6247,9.7e-05
20261006,7820,立盈,10000.0,5000.0,6000.0,10000.0,20000.0,5000.0,19000.0,14000.0,24000.0,6000.0,39000.0,17000.0,7000.0,32000.0,,34000.0,11000.0,2000.0,5000.0,20000.0,45000.0,12000.0,4000.0,4000.0,15000.0,22000.0,23000.0,35000.0,23000.0,15000.0,7000.0,47.619,0.000224,10200.0,19.6078,0.000139,11900.0,8.4034,7.6e-05,15285.71,4.6729,5.4e-05,15052.63,3.4965,4.2e-05,16689.66,2.0661,2.8e-05
20261006,7825,和亞智慧,191000.0,443000.0,506000.0,432000.0,366000.0,544000.0,568000.0,188000.0,356000.0,438000.0,612000.0,524000.0,694000.0,1117000.0,1180000.0,1679000.0,2625000.0,,,,,,,,,,,,,,380000.0,16.7544,0.004285,387600.0,9.8555,0.002657,403200.0,4.7371,0.001458,543933.33,2.341,0.001025,733117.65,1.5325,0.000802,733117.65,1.5325,0.000542
20261006,7828,創新服務,104000.0,157000.0,155000.0,118000.0,211000.0,142000.0,131000.0,284000.0,326000.0,271000.0,497000.0,336000.0,257000.0,273000.0,260000.0,248000.0,441000.0,687000.0,701000.0,334000.0,441000.0,200000.0,129000.0,185000.0,453000.0,281000.0,228000.0,83000.0,88000.0,59000.0,138666.67,25.0,0.002333,149000.0,13.9597,0.001447,189900.0,5.4766,0.000794,234800.0,2.9529,0.000558,296650.0,1.7529,0.000437,269333.33,1.2871,0.000295
20261006,7839,達人網,12000.0,12000.0,6000.0,21000.0,9000.0,9000.0,15000.0,12000.0,8000.0,7000.0,13000.0,7000.0,6000.0,20000.0,8000.0,13000.0,7000.0,10000.0,15000.0,7000.0,4000.0,5000.0,3000.0,10000.0,16000.0,13000.0,14000.0,12000.0,113000.0,12000.0,10000.0,40.0,0.000269,12000.0,20.0,0.000167,11100.0,10.8108,9.2e-05,11000.0,7.2727,6.4e-05,10850.0,5.53,5e-05,13966.67,2.864,3.4e-05
20261006,7842,天能綠電,,10000.0,6000.0,3000.0,14000.0,1000.0,2000.0,10000.0,13000.0,9000.0,3000.0,13000.0,1000.0,17000.0,14000.0,64000.0,9000.0,48000.0,9000.0,24000.0,23000.0,20000.0,33000.0,25000.0,29000.0,50000.0,84000.0,41000.0,39000.0,89000.0,8000.0,,,8250.0,,,7555.56,,,8285.71,,,14210.53,,,24241.38,,
20261006,7856,漢測,294000.0,363000.0,424000.0,494000.0,221000.0,491000.0,250000.0,586000.0,2004000.0,,,,,,,,,,,,,,,,,,,,,,360333.33,27.197,0.006596,359200.0,16.3697,0.00409,569666.67,5.7343,0.002244,569666.67,5.7343,0.001577,569666.67,5.7343,0.001235,569666.67,5.7343,0.000835
20261006,8024,佑華,39000.0,100000.0,40000.0,51000.0,84000.0,28000.0,43000.0,42000.0,25000.0,55000.0,50000.0,43000.0,44000.0,56000.0,33000.0,56000.0,8000.0,58000.0,66000.0,26000.0,17000.0,53000.0,27000.0,35000.0,18000.0,24000.0,39000.0,40000.0,19000.0,24000.0,59666.67,21.7877,0.000875,62800.0,12.4204,0.000542,50700.0,7.6923,0.000298,48866.67,5.3206,0.000209,47350.0,4.1183,0.000164,41433.33,3.1376,0.000111
20261006,8027,鈦昇,2343000.0,3826000.0,5264000.0,8948000.0,1773000.0,6192000.0,3342000.0,1426000.0,3220000.0,1843000.0,4010000.0,2630000.0,1962000.0,1073000.0,1374000.0,1500000.0,2039000.0,2525000.0,3972000.0,2261000.0,3883000.0,5860000.0,2213000.0,2992000.0,2242000.0,4581000.0,3186000.0,3053000.0,942000.0,954000.0,3811000.0,20.4933,0.052569,4430800.0,10.576,0.032591,3817700.0,6.1372,0.017881,3281733.33,4.7597,0.012571,3076150.0,3.8083,0.00984,3047633.33,2.5626,0.006653
20261006,8032,光菱,70000.0,25000.0,45000.0,24000.0,47000.0,88000.0,15000.0,19000.0,47000.0,73000.0,22000.0,19000.0,42000.0,41000.0,18000.0,23000.0,47000.0,55000.0,39000.0,12000.0,25000.0,44000.0,73000.0,33000.0,10000.0,49000.0,25000.0,19000.0,13000.0,23000.0,46666.67,50.0,0.001571,42200.0,33.1754,0.000974,45300.0,15.4525,0.000534,39666.67,11.7647,0.000376,38550.0,9.0791,0.000294,36166.67,6.4516,0.000199
20261006,8034,榮群,93000.0,71000.0,56000.0,69000.0,72000.0,65000.0,117000.0,66000.0,312000.0,166000.0,85000.0,77000.0,49000.0,25000.0,47000.0,51000.0,108000.0,77000.0,288000.0,359000.0,56000.0,47000.0,24000.0,45000.0,65000.0,152000.0,137000.0,380000.0,23000.0,52000.0,73333.33,42.2727,0.002087,72200.0,25.7618,0.001294,108700.0,8.5557,0.00071,91333.33,6.7883,0.000499,112650.0,4.1278,0.000391,107800.0,2.8757,0.000264
20261006,8038,長園科,117000.0,321000.0,160000.0,133000.0,381000.0,89000.0,96000.0,107000.0,238000.0,159000.0,160000.0,142000.0,578000.0,565000.0,93000.0,230000.0,124000.0,79000.0,91000.0,125000.0,114000.0,161000.0,89000.0,163000.0,157000.0,177000.0,193000.0,97000.0,131000.0,94000.0,199333.33,19.5652,0.002625,222400.0,10.5216,0.001627,180100.0,6.4964,0.000893,222600.0,3.504,0.000628,199400.0,2.9338,0.000491,178800.0,2.1812,0.000332
20261006,8040,九暘,982000.0,1912000.0,1693000.0,2757000.0,4575000.0,8651000.0,10470000.0,6998000.0,5585000.0,3026000.0,2271000.0,1258000.0,597000.0,431000.0,725000.0,1149000.0,1607000.0,1507000.0,5023000.0,4892000.0,1334000.0,4697000.0,744000.0,251000.0,474000.0,466000.0,252000.0,305000.0,212000.0,277000.0,1529000.0,21.4083,0.022033,2383800.0,8.2389,0.01366,4664900.0,2.1051,0.007494,3462066.67,1.891,0.005269,3305450.0,1.4854,0.004124,2504033.33,1.3072,0.002788
20261006,8042,金山電,2226000.0,7079000.0,10938000.0,11827000.0,1324000.0,2141000.0,3557000.0,1755000.0,2682000.0,3749000.0,1579000.0,3433000.0,1976000.0,4211000.0,3235000.0,11068000.0,9919000.0,4856000.0,10740000.0,11464000.0,8888000.0,6165000.0,4403000.0,4390000.0,5613000.0,8456000.0,4577000.0,1900000.0,1512000.0,2616000.0,6747666.67,10.9964,0.049944,6678800.0,6.6659,0.030963,4727800.0,4.7083,0.016988,4114133.33,3.6071,0.011943,5487950.0,2.0281,0.009349,5275966.67,1.4064,0.006321
20261006,8043,蜜望實,983000.0,2584000.0,6068000.0,6207000.0,757000.0,598000.0,1149000.0,1092000.0,998000.0,1272000.0,796000.0,1095000.0,870000.0,1457000.0,1014000.0,1932000.0,3141000.0,2849000.0,1563000.0,4931000.0,5760000.0,2194000.0,1329000.0,4770000.0,4634000.0,16493000.0,5016000.0,1458000.0,1771000.0,2649000.0,3211666.67,10.2024,0.022055,3319800.0,5.922,0.013673,2170800.0,4.5283,0.007502,1796000.0,3.6488,0.005274,2067800.0,2.3769,0.004128,2914333.33,1.1243,0.002791
20261006,8044,網家,195000.0,436000.0,181000.0,286000.0,195000.0,146000.0,127000.0,192000.0,446000.0,854000.0,4015000.0,435000.0,124000.0,259000.0,269000.0,281000.0,225000.0,267000.0,276000.0,443000.0,419000.0,376000.0,414000.0,621000.0,235000.0,331000.0,641000.0,653000.0,360000.0,325000.0,270666.67,24.0148,0.004375,258600.0,15.0812,0.002712,305800.0,6.3767,0.001488,544000.0,2.3897,0.001046,482600.0,2.0203,0.000819,467566.67,1.3902,0.000554
20261006,8047,星雲,66000.0,107000.0,162000.0,204000.0,409000.0,287000.0,97000.0,43000.0,,17000.0,5000.0,6000.0,,14000.0,4000.0,20000.0,179000.0,83000.0,10000.0,28000.0,19000.0,26000.0,34000.0,,5000.0,5000.0,11000.0,5000.0,32000.0,4000.0,111666.67,19.7015,0.001481,189600.0,6.962,0.000918,154666.67,4.7414,0.000504,109307.69,4.6446,0.000354,96722.22,3.7909,0.000277,69703.7,3.5069,0.000187
20261006,8048,德勝,108000.0,101000.0,93000.0,60000.0,91000.0,85000.0,50000.0,179000.0,102000.0,100000.0,81000.0,118000.0,39000.0,68000.0,39000.0,262000.0,31000.0,81000.0,66000.0,133000.0,57000.0,133000.0,55000.0,127000.0,68000.0,61000.0,59000.0,57000.0,41000.0,29000.0,100666.67,35.7616,0.002423,90600.0,23.8411,0.001502,96900.0,11.1455,0.000824,87600.0,8.2192,0.000579,94350.0,5.7234,0.000454,85800.0,4.1958,0.000307
20261006,8049,晶采,89000.0,195000.0,124000.0,187000.0,118000.0,152000.0,31000.0,82000.0,218000.0,182000.0,47000.0,115000.0,95000.0,96000.0,115000.0,78000.0,75000.0,83000.0,172000.0,178000.0,131000.0,126000.0,98000.0,118000.0,73000.0,120000.0,56000.0,106000.0,123000.0,93000.0,136000.0,21.8137,0.001997,142600.0,12.4825,0.001238,137800.0,6.4586,0.000679,123066.67,4.8212,0.000478,121600.0,3.6595,0.000374,115866.67,2.5604,0.000253
20261006,8050,廣積,1082000.0,1148000.0,1463000.0,1861000.0,6071000.0,5919000.0,2276000.0,949000.0,971000.0,780000.0,1250000.0,1907000.0,644000.0,1193000.0,765000.0,1373000.0,640000.0,418000.0,621000.0,490000.0,1062000.0,1877000.0,550000.0,675000.0,795000.0,1134000.0,886000.0,751000.0,942000.0,735000.0,1231000.0,29.2987,0.024276,2325000.0,9.3075,0.015051,2252000.0,4.8046,0.008257,1885266.67,3.8262,0.005805,1591050.0,3.4003,0.004544,1374266.67,2.6244,0.003072
20261006,8054,安國,679000.0,1013000.0,749000.0,2163000.0,1030000.0,1160000.0,353000.0,985000.0,4277000.0,651000.0,661000.0,739000.0,294000.0,507000.0,558000.0,667000.0,404000.0,585000.0,1472000.0,298000.0,381000.0,695000.0,802000.0,564000.0,565000.0,795000.0,507000.0,788000.0,590000.0,334000.0,813666.67,27.8165,0.015234,1126800.0,12.0518,0.009445,1306000.0,5.1991,0.005182,1054600.0,4.2923,0.003643,962250.0,3.5282,0.002852,842200.0,2.6874,0.001928
20261006,8059,凱碩,52000.0,95000.0,110000.0,62000.0,146000.0,115000.0,173000.0,355000.0,483000.0,325000.0,,,,,,,,139000.0,125000.0,139000.0,108000.0,97000.0,181000.0,161000.0,143000.0,199000.0,381000.0,685000.0,161000.0,137000.0,85666.67,20.2335,0.001167,93000.0,11.1828,0.000723,191600.0,2.714,0.000397,191600.0,2.714,0.000279,178384.62,2.2423,0.000218,198782.61,1.1374,0.000148
20261006,8064,東捷,4602000.0,7336000.0,5233000.0,7934000.0,22916000.0,21879000.0,14012000.0,4482000.0,11328000.0,16857000.0,26158000.0,5710000.0,5533000.0,6166000.0,5135000.0,11207000.0,10668000.0,30627000.0,7523000.0,17050000.0,13587000.0,11907000.0,2294000.0,3689000.0,1676000.0,2496000.0,2398000.0,3422000.0,951000.0,1318000.0,5723666.67,26.801,0.103253,9604200.0,9.5833,0.064013,11657900.0,3.9475,0.035121,11018733.33,2.7843,0.024692,12117800.0,1.8989,0.019327,9536466.67,1.6086,0.013067
20261006,8066,來思達,28000.0,10000.0,18000.0,10000.0,7000.0,8000.0,12000.0,6000.0,6000.0,28000.0,27000.0,19000.0,19000.0,22000.0,5000.0,6000.0,12000.0,13000.0,3000.0,7000.0,7000.0,11000.0,,23000.0,6000.0,8000.0,7000.0,13000.0,,8000.0,18666.67,50.0,0.000628,14600.0,38.3562,0.000389,13300.0,21.0526,0.000214,15000.0,12.4444,0.00015,13300.0,10.5263,0.000118,12464.29,8.0229,8e-05
20261006,8067,志旭,6000.0,16000.0,1000.0,3000.0,8000.0,4000.0,10000.0,21000.0,8000.0,5000.0,25000.0,13000.0,21000.0,4000.0,10000.0,5000.0,31000.0,2000.0,4000.0,2000.0,5000.0,16000.0,14000.0,3000.0,17000.0,11000.0,13000.0,1000.0,21000.0,7000.0,7666.67,26.087,0.000135,6800.0,17.6471,8.3e-05,8200.0,7.3171,4.6e-05,10333.33,3.871,3.2e-05,9950.0,3.0151,2.5e-05,10233.33,1.9544,1.7e-05
20261006,8068,全達,191000.0,113000.0,118000.0,144000.0,128000.0,196000.0,453000.0,1681000.0,449000.0,56000.0,69000.0,98000.0,181000.0,97000.0,70000.0,68000.0,74000.0,73000.0,19000.0,23000.0,95000.0,48000.0,58000.0,59000.0,70000.0,83000.0,70000.0,54000.0,41000.0,100000.0,140666.67,45.2607,0.004285,138800.0,27.5216,0.002657,352900.0,5.4123,0.001458,269600.0,4.723,0.001025,215050.0,4.4408,0.000802,165966.67,3.8361,0.000542
20261006,8069,元太,10645000.0,7373000.0,5644000.0,4026000.0,5385000.0,8380000.0,5361000.0,5691000.0,5602000.0,5219000.0,10014000.0,5033000.0,3873000.0,3738000.0,3958000.0,3445000.0,4183000.0,5587000.0,5109000.0,4511000.0,5249000.0,9256000.0,4865000.0,8265000.0,12172000.0,5122000.0,5997000.0,4098000.0,4109000.0,4891000.0,7887333.33,44.9877,0.238837,6614600.0,32.1864,0.148071,6332600.0,16.8098,0.081238,5996133.33,11.8354,0.057115,5638850.0,9.439,0.044706,5893366.67,6.0209,0.030227
20261006,8071,能率網通,322000.0,498000.0,441000.0,303000.0,329000.0,176000.0,180000.0,127000.0,262000.0,165000.0,348000.0,423000.0,170000.0,126000.0,275000.0,193000.0,266000.0,717000.0,315000.0,414000.0,296000.0,619000.0,251000.0,503000.0,335000.0,494000.0,741000.0,1005000.0,571000.0,606000.0,420333.33,25.5353,0.007225,378600.0,17.01,0.004479,280300.0,11.4877,0.002457,276333.33,7.7684,0.001728,302500.0,5.3223,0.001352,382366.67,2.8071,0.000914
20261006,8074,鉅橡,917000.0,3403000.0,1439000.0,188000.0,261000.0,148000.0,194000.0,185000.0,360000.0,297000.0,199000.0,298000.0,250000.0,252000.0,246000.0,302000.0,319000.0,315000.0,400000.0,392000.0,283000.0,372000.0,342000.0,408000.0,537000.0,1381000.0,510000.0,829000.0,203000.0,245000.0,1919666.67,15.9229,0.020574,1241600.0,14.7713,0.012755,739200.0,12.4053,0.006998,575800.0,10.6171,0.00492,518250.0,8.8471,0.003851,515833.33,5.9257,0.002604
20261006,8076,伍豐,391000.0,835000.0,453000.0,342000.0,516000.0,444000.0,497000.0,370000.0,334000.0,304000.0,551000.0,510000.0,350000.0,756000.0,415000.0,487000.0,357000.0,423000.0,590000.0,449000.0,569000.0,1152000.0,801000.0,725000.0,494000.0,449000.0,481000.0,1013000.0,390000.0,259000.0,559666.67,23.2877,0.008773,507400.0,15.4119,0.005439,448600.0,8.716,0.002984,471200.0,5.532,0.002098,468700.0,4.1711,0.001642,523566.67,2.4893,0.00111
20261006,8077,洛碁,2000.0,1000.0,2000.0,1000.0,10000.0,,2000.0,,9000.0,,,13000.0,2000.0,,1000.0,10000.0,,2000.0,1000.0,3000.0,,20000.0,1000.0,1000.0,4000.0,7000.0,12000.0,17000.0,,4000.0,1666.67,40.0,4.5e-05,3200.0,12.5,2.8e-05,3857.14,7.4074,1.5e-05,4300.0,4.6512,1.1e-05,4214.29,3.3898,8e-06,5681.82,1.6,6e-06
20261006,8080,泰霖,28000.0,20000.0,,4000.0,10000.0,23000.0,8000.0,29000.0,16000.0,15000.0,3000.0,15000.0,16000.0,9000.0,8000.0,7000.0,54000.0,4000.0,11000.0,6000.0,22000.0,32000.0,14000.0,81000.0,38000.0,16000.0,1000.0,8000.0,10000.0,23000.0,24000.0,58.3333,0.000628,15500.0,45.1613,0.000389,17000.0,18.3007,0.000214,14571.43,13.7255,0.00015,15052.63,9.7902,0.000118,18310.34,5.2731,8e-05
20261006,8083,瑞穎,96000.0,29000.0,56000.0,91000.0,48000.0,36000.0,25000.0,57000.0,40000.0,33000.0,60000.0,22000.0,35000.0,7000.0,31000.0,36000.0,13000.0,19000.0,38000.0,51000.0,14000.0,40000.0,38000.0,77000.0,69000.0,145000.0,134000.0,83000.0,19000.0,53000.0,60333.33,53.0387,0.002154,64000.0,30.0,0.001335,51100.0,18.7867,0.000733,44400.0,14.4144,0.000515,41150.0,11.6646,0.000403,49833.33,6.4214,0.000273
20261006,8084,巨虹,91000.0,139000.0,565000.0,2403000.0,1004000.0,519000.0,967000.0,3230000.0,469000.0,575000.0,669000.0,265000.0,331000.0,268000.0,493000.0,389000.0,500000.0,700000.0,653000.0,473000.0,401000.0,465000.0,1337000.0,256000.0,177000.0,223000.0,275000.0,523000.0,480000.0,269000.0,265000.0,11.4465,0.002042,840400.0,2.1656,0.001266,996200.0,0.9135,0.000694,799200.0,0.7591,0.000488,735150.0,0.6189,0.000382,636966.67,0.4762,0.000258
20261006,8085,福華,232000.0,265000.0,144000.0,141000.0,132000.0,101000.0,121000.0,140000.0,136000.0,135000.0,158000.0,130000.0,159000.0,126000.0,196000.0,233000.0,160000.0,277000.0,258000.0,646000.0,389000.0,878000.0,475000.0,967000.0,813000.0,1600000.0,2752000.0,1198000.0,488000.0,247000.0,213666.67,36.1934,0.005205,182800.0,25.3829,0.003227,154700.0,14.9968,0.001771,154400.0,10.0173,0.001245,194500.0,5.964,0.000974,456566.67,1.6938,0.000659
20261006,8086,宏捷科,8911000.0,18622000.0,8429000.0,3834000.0,4687000.0,722000.0,1457000.0,1393000.0,1954000.0,1634000.0,2499000.0,3018000.0,1877000.0,1829000.0,1608000.0,2323000.0,3116000.0,1934000.0,1891000.0,1760000.0,2541000.0,4332000.0,5412000.0,9667000.0,6076000.0,3157000.0,5639000.0,6632000.0,3365000.0,3987000.0,11987333.33,24.7789,0.199932,8896600.0,20.0324,0.123951,5164300.0,17.255,0.068005,4164933.33,14.2635,0.047811,3674900.0,12.1241,0.037423,4143533.33,7.1686,0.025303
20261006,8087,麗升能源,39000.0,4000.0,11000.0,21000.0,20000.0,26000.0,63000.0,2000.0,17000.0,14000.0,44000.0,31000.0,4000.0,18000.0,11000.0,99000.0,11000.0,6000.0,,,5000.0,11000.0,8000.0,6000.0,17000.0,1000.0,5000.0,14000.0,14000.0,5000.0,18000.0,72.2222,0.000875,19000.0,41.0526,0.000542,21700.0,17.9724,0.000298,21666.67,12.0,0.000209,24500.0,8.8435,0.000164,18821.43,7.4004,0.000111
20261006,8088,品安,183000.0,419000.0,521000.0,747000.0,692000.0,178000.0,220000.0,204000.0,404000.0,310000.0,309000.0,207000.0,321000.0,251000.0,210000.0,366000.0,449000.0,267000.0,453000.0,423000.0,436000.0,706000.0,403000.0,896000.0,387000.0,447000.0,426000.0,402000.0,667000.0,509000.0,374333.33,16.2956,0.004106,512400.0,7.1429,0.002546,387800.0,4.7189,0.001397,345066.67,3.5355,0.000982,356700.0,2.5652,0.000769,413766.67,1.4743,0.00052
20261006,8089,康全電訊,84000.0,157000.0,59000.0,68000.0,129000.0,89000.0,94000.0,119000.0,328000.0,574000.0,238000.0,66000.0,179000.0,66000.0,112000.0,64000.0,248000.0,503000.0,115000.0,186000.0,133000.0,130000.0,50000.0,186000.0,96000.0,104000.0,101000.0,96000.0,96000.0,40000.0,100000.0,28.0,0.001885,99400.0,16.9014,0.001168,170100.0,4.9383,0.000641,157466.67,3.5563,0.000451,173900.0,2.4152,0.000353,150333.33,1.8625,0.000239
20261006,8091,翔名,1191000.0,1782000.0,714000.0,139000.0,316000.0,226000.0,139000.0,162000.0,261000.0,194000.0,249000.0,265000.0,477000.0,137000.0,210000.0,415000.0,314000.0,675000.0,167000.0,165000.0,233000.0,271000.0,268000.0,231000.0,312000.0,200000.0,213000.0,254000.0,216000.0,176000.0,1229000.0,32.3027,0.026722,828400.0,28.7542,0.016567,512400.0,23.2436,0.009089,430800.0,18.4308,0.00639,409900.0,14.5279,0.005002,352400.0,11.2656,0.003382
20261006,8092,建暐,73000.0,30000.0,113000.0,28000.0,28000.0,67000.0,34000.0,156000.0,276000.0,28000.0,24000.0,25000.0,17000.0,16000.0,16000.0,1000.0,7000.0,14000.0,17000.0,27000.0,19000.0,49000.0,15000.0,22000.0,36000.0,45000.0,35000.0,154000.0,4000.0,9000.0,72000.0,33.7963,0.001638,54400.0,26.8382,0.001015,83300.0,8.7635,0.000557,62066.67,7.841,0.000392,49850.0,7.322,0.000307,46166.67,5.2708,0.000207
20261006,8093,保銳,71000.0,64000.0,46000.0,24000.0,32000.0,20000.0,54000.0,2000.0,28000.0,30000.0,22000.0,33000.0,54000.0,53000.0,14000.0,37000.0,,43000.0,39000.0,24000.0,14000.0,49000.0,75000.0,71000.0,46000.0,54000.0,61000.0,105000.0,347000.0,216000.0,60333.33,39.2265,0.001593,47400.0,29.9578,0.000988,37100.0,19.1375,0.000542,36466.67,12.9799,0.000381,36315.79,10.2899,0.000298,59586.21,4.1088,0.000202
20261006,8096,擎亞,2186000.0,2822000.0,2031000.0,2942000.0,3177000.0,4547000.0,2608000.0,3087000.0,4159000.0,2479000.0,2148000.0,3451000.0,3468000.0,4530000.0,7439000.0,3581000.0,6901000.0,4505000.0,2494000.0,1548000.0,1536000.0,4625000.0,1766000.0,2356000.0,1487000.0,2160000.0,3746000.0,3324000.0,1660000.0,1917000.0,2346333.33,31.0555,0.049046,2631600.0,16.6135,0.030407,3003800.0,7.2774,0.016683,3404933.33,4.2801,0.011729,3505150.0,3.1183,0.009181,3156000.0,2.3088,0.006207
20261006,8097,常珵,39000.0,115000.0,102000.0,105000.0,111000.0,254000.0,51000.0,36000.0,282000.0,388000.0,258000.0,142000.0,85000.0,55000.0,55000.0,100000.0,80000.0,92000.0,48000.0,55000.0,68000.0,31000.0,34000.0,51000.0,128000.0,43000.0,44000.0,13000.0,87000.0,189000.0,85333.33,15.2344,0.000875,94400.0,8.2627,0.000542,148300.0,2.6298,0.000298,138533.33,1.8768,0.000209,122650.0,1.5899,0.000164,104700.0,1.2416,0.000111
20261006,8099,大世科,77000.0,40000.0,69000.0,89000.0,45000.0,21000.0,22000.0,24000.0,169000.0,44000.0,44000.0,70000.0,31000.0,49000.0,147000.0,194000.0,39000.0,32000.0,28000.0,569000.0,705000.0,383000.0,729000.0,126000.0,286000.0,1344000.0,371000.0,1426000.0,112000.0,81000.0,62000.0,41.3978,0.001728,64000.0,24.0625,0.001071,60000.0,12.8333,0.000588,62733.33,8.1828,0.000413,90150.0,4.2707,0.000323,245533.33,1.0453,0.000219
20261006,8102,傑霖科技,21000.0,4000.0,11000.0,2000.0,14000.0,,10000.0,6000.0,3000.0,3000.0,1000.0,9000.0,3000.0,23000.0,,6000.0,5000.0,51000.0,5000.0,2000.0,3000.0,5000.0,3000.0,3000.0,2000.0,2000.0,9000.0,6000.0,,17000.0,12000.0,58.3333,0.000471,10400.0,40.3846,0.000292,8222.22,28.3784,0.00016,8461.54,19.0909,0.000113,9944.44,11.7318,8.8e-05,8481.48,9.1703,6e-05
20261006,8107,大億金茂,47000.0,36000.0,51000.0,56000.0,69000.0,16000.0,38000.0,38000.0,34000.0,73000.0,33000.0,26000.0,29000.0,,15000.0,26000.0,41000.0,9000.0,54000.0,12000.0,47000.0,25000.0,16000.0,39000.0,26000.0,79000.0,25000.0,32000.0,36000.0,31000.0,44666.67,35.0746,0.001055,51800.0,18.1467,0.000654,45800.0,10.262,0.000359,40071.43,8.3779,0.000252,37000.0,6.6856,0.000197,36517.24,4.4381,0.000133
20261006,8109,博大,200000.0,462000.0,629000.0,1355000.0,189000.0,169000.0,294000.0,126000.0,127000.0,126000.0,375000.0,53000.0,206000.0,87000.0,155000.0,151000.0,194000.0,94000.0,131000.0,150000.0,313000.0,818000.0,522000.0,201000.0,180000.0,204000.0,522000.0,705000.0,191000.0,359000.0,430333.33,15.4919,0.004487,567000.0,7.0547,0.002782,367700.0,5.4392,0.001526,303533.33,4.3927,0.001073,263650.0,3.7929,0.00084,309600.0,2.1533,0.000568
20261006,8111,立碁,39372000.0,37505000.0,23441000.0,5823000.0,8529000.0,12470000.0,6437000.0,7806000.0,22762000.0,35250000.0,22709000.0,11752000.0,12485000.0,6037000.0,4472000.0,5891000.0,10328000.0,11346000.0,5761000.0,17120000.0,15925000.0,37791000.0,45046000.0,34235000.0,13392000.0,4471000.0,7849000.0,8963000.0,10078000.0,18084000.0,33439333.33,39.2472,0.883372,22934000.0,34.335,0.54766,19939500.0,19.7457,0.300471,17123333.33,15.3288,0.211248,15364800.0,12.8124,0.16535,16771000.0,7.8254,0.111797
20261006,8121,越峰,1121000.0,1867000.0,2868000.0,2873000.0,1220000.0,3575000.0,1264000.0,461000.0,592000.0,291000.0,351000.0,294000.0,354000.0,191000.0,230000.0,701000.0,626000.0,393000.0,335000.0,254000.0,346000.0,446000.0,329000.0,374000.0,687000.0,569000.0,490000.0,444000.0,509000.0,440000.0,1952000.0,19.1428,0.025151,1989800.0,11.2675,0.015593,1613200.0,6.9489,0.008555,1170133.33,6.3867,0.006015,993050.0,5.6442,0.004708,816500.0,4.5764,0.003183
20261006,8147,正淩,326000.0,405000.0,371000.0,984000.0,1203000.0,716000.0,77000.0,157000.0,441000.0,109000.0,106000.0,62000.0,42000.0,50000.0,96000.0,151000.0,119000.0,168000.0,409000.0,924000.0,355000.0,159000.0,86000.0,241000.0,317000.0,119000.0,110000.0,387000.0,81000.0,48000.0,367333.33,29.5826,0.007314,657800.0,9.9118,0.004535,478900.0,6.8073,0.002488,343000.0,6.3362,0.001749,345800.0,4.7137,0.001369,293966.67,3.6966,0.000926
20261006,8155,博智,581000.0,847000.0,707000.0,762000.0,1174000.0,1879000.0,951000.0,649000.0,966000.0,323000.0,228000.0,483000.0,248000.0,387000.0,448000.0,563000.0,333000.0,247000.0,465000.0,387000.0,523000.0,851000.0,501000.0,703000.0,995000.0,1267000.0,2349000.0,1007000.0,602000.0,567000.0,711666.67,27.2131,0.013036,814200.0,14.2717,0.008082,883900.0,6.5731,0.004434,708866.67,5.4641,0.003117,631400.0,4.6009,0.00244,733100.0,2.6417,0.00165
20261006,8171,天宇,131000.0,172000.0,216000.0,74000.0,196000.0,199000.0,94000.0,257000.0,257000.0,119000.0,95000.0,71000.0,71000.0,155000.0,51000.0,174000.0,315000.0,330000.0,89000.0,70000.0,83000.0,132000.0,125000.0,118000.0,187000.0,162000.0,99000.0,244000.0,63000.0,38000.0,173000.0,25.2408,0.002939,157800.0,16.6033,0.001822,171500.0,7.6385,0.001,143866.67,6.0704,0.000703,156800.0,4.1773,0.00055,146233.33,2.9861,0.000372
20261006,8176,智捷,151000.0,38000.0,60000.0,31000.0,88000.0,91000.0,6000.0,105000.0,101000.0,52000.0,31000.0,177000.0,59000.0,68000.0,115000.0,46000.0,80000.0,14000.0,19000.0,59000.0,68000.0,53000.0,10000.0,24000.0,54000.0,23000.0,34000.0,72000.0,79000.0,75000.0,83000.0,60.6426,0.003388,73600.0,41.0326,0.0021,72300.0,20.8852,0.001152,78200.0,12.873,0.00081,69550.0,10.8555,0.000634,62766.67,8.0191,0.000429
20261006,8182,加高,1481000.0,4105000.0,7055000.0,3689000.0,702000.0,1563000.0,877000.0,2556000.0,436000.0,608000.0,279000.0,468000.0,332000.0,465000.0,205000.0,403000.0,220000.0,470000.0,343000.0,493000.0,256000.0,683000.0,430000.0,507000.0,477000.0,929000.0,656000.0,675000.0,560000.0,3093000.0,4213666.67,11.7158,0.033229,3406400.0,8.6954,0.020601,2307200.0,6.419,0.011302,1654733.33,5.9667,0.007946,1337500.0,5.5364,0.00622,1167200.0,4.2295,0.004205
20261006,8183,精星,,,,,,,,,821000.0,2929000.0,316000.0,150000.0,159000.0,233000.0,251000.0,432000.0,458000.0,567000.0,266000.0,240000.0,665000.0,262000.0,146000.0,141000.0,237000.0,154000.0,240000.0,145000.0,126000.0,120000.0,,,,,,,1875000.0,,,694142.86,,,568500.0,,,411727.27,,
20261006,8227,巨有科技,611000.0,569000.0,812000.0,11686000.0,718000.0,2480000.0,936000.0,905000.0,1640000.0,931000.0,1578000.0,3117000.0,2649000.0,1811000.0,19766000.0,5627000.0,7811000.0,7282000.0,1593000.0,582000.0,269000.0,372000.0,375000.0,1321000.0,415000.0,447000.0,991000.0,1667000.0,367000.0,649000.0,664000.0,30.6727,0.013709,2879200.0,4.2442,0.008499,2128800.0,2.8702,0.004663,3347266.67,1.2169,0.003278,3655200.0,0.8358,0.002566,2665900.0,0.764,0.001735
20261006,8234,新漢,199000.0,297000.0,264000.0,279000.0,247000.0,279000.0,183000.0,215000.0,487000.0,172000.0,365000.0,175000.0,235000.0,267000.0,290000.0,267000.0,524000.0,758000.0,784000.0,402000.0,445000.0,782000.0,426000.0,367000.0,323000.0,433000.0,600000.0,505000.0,375000.0,617000.0,253333.33,26.1842,0.004465,257200.0,15.4743,0.002768,262200.0,7.5896,0.001519,263600.0,5.0329,0.001068,334450.0,2.975,0.000836,385400.0,1.7212,0.000565
20261006,8240,華宏,929000.0,1426000.0,2735000.0,8403000.0,2426000.0,4443000.0,1152000.0,548000.0,1470000.0,322000.0,311000.0,893000.0,360000.0,288000.0,440000.0,499000.0,917000.0,1142000.0,3188000.0,4875000.0,1278000.0,1339000.0,3026000.0,1017000.0,871000.0,387000.0,1190000.0,692000.0,104000.0,57000.0,1696666.67,18.2515,0.020844,3183800.0,5.8358,0.012922,2385400.0,3.8945,0.00709,1743066.67,3.5531,0.004984,1838350.0,2.5267,0.003902,1557600.0,1.9881,0.002638
20261006,8255,朋程,335000.0,661000.0,477000.0,325000.0,553000.0,257000.0,340000.0,1005000.0,354000.0,257000.0,161000.0,164000.0,200000.0,161000.0,187000.0,318000.0,231000.0,370000.0,342000.0,253000.0,186000.0,280000.0,257000.0,364000.0,301000.0,736000.0,167000.0,361000.0,146000.0,272000.0,491000.0,22.7427,0.007516,470200.0,14.2493,0.00466,456400.0,7.3401,0.002557,362466.67,6.1615,0.001797,347550.0,4.8195,0.001407,334033.33,3.343,0.000951
20261006,8272,全景軟體,26000.0,24000.0,8000.0,4000.0,4000.0,1000.0,10000.0,9000.0,13000.0,5000.0,5000.0,6000.0,18000.0,24000.0,50000.0,9000.0,8000.0,10000.0,4000.0,5000.0,5000.0,5000.0,8000.0,7000.0,8000.0,10000.0,24000.0,13000.0,2000.0,2000.0,19333.33,44.8276,0.000583,13200.0,39.3939,0.000362,10400.0,25.0,0.000198,13800.0,12.5604,0.00014,12150.0,10.6996,0.000109,10900.0,7.9511,7.4e-05
20261006,8277,商丞,63000.0,80000.0,99000.0,171000.0,150000.0,108000.0,45000.0,75000.0,337000.0,267000.0,,,,,,,,310000.0,262000.0,210000.0,102000.0,205000.0,541000.0,106000.0,147000.0,124000.0,159000.0,68000.0,57000.0,80000.0,80666.67,26.0331,0.001414,112600.0,11.1901,0.000876,139500.0,4.5161,0.000481,139500.0,4.5161,0.000338,167461.54,2.8939,0.000265,163739.13,1.6729,0.000179
20261006,8279,生展,31000.0,18000.0,20000.0,44000.0,10000.0,31000.0,14000.0,12000.0,55000.0,15000.0,7000.0,7000.0,3000.0,2000.0,10000.0,7000.0,10000.0,26000.0,18000.0,33000.0,129000.0,9000.0,161000.0,185000.0,22000.0,171000.0,71000.0,285000.0,58000.0,40000.0,23000.0,44.9275,0.000696,24600.0,25.2033,0.000431,25000.0,12.4,0.000237,18600.0,11.1111,0.000166,18650.0,8.311,0.00013,50133.33,2.0612,8.8e-05
20261006,8284,三竹,1000.0,12000.0,7000.0,27000.0,55000.0,13000.0,7000.0,1000.0,5000.0,6000.0,8000.0,20000.0,13000.0,53000.0,19000.0,83000.0,7000.0,4000.0,1000.0,22000.0,12000.0,35000.0,32000.0,33000.0,10000.0,23000.0,1000.0,17000.0,11000.0,391000.0,6666.67,5.0,2.2e-05,20400.0,0.9804,1.4e-05,13400.0,0.7463,8e-06,16466.67,0.4049,5e-06,18200.0,0.2747,4e-06,30966.67,0.1076,3e-06
20261006,8289,泰藝,2076000.0,7963000.0,1889000.0,2488000.0,424000.0,710000.0,513000.0,661000.0,287000.0,569000.0,290000.0,321000.0,288000.0,518000.0,261000.0,263000.0,347000.0,264000.0,311000.0,218000.0,217000.0,541000.0,230000.0,444000.0,226000.0,380000.0,378000.0,315000.0,293000.0,822000.0,3976000.0,17.4044,0.046578,2968000.0,13.9892,0.028877,1758000.0,11.8089,0.015843,1283866.67,10.7799,0.011139,1033050.0,10.0479,0.008719,816900.0,8.471,0.005895
20261006,8291,尚茂,31000.0,9000.0,17000.0,20000.0,50000.0,10000.0,1000.0,12000.0,20000.0,17000.0,33000.0,18000.0,27000.0,7000.0,8000.0,10000.0,33000.0,29000.0,23000.0,19000.0,14000.0,5000.0,4000.0,23000.0,3000.0,11000.0,35000.0,26000.0,34000.0,21000.0,19000.0,54.386,0.000696,25400.0,24.4094,0.000431,18700.0,16.5775,0.000237,18666.67,11.0714,0.000166,19700.0,7.868,0.00013,19000.0,5.4386,8.8e-05
20261006,8299,群聯,1311000.0,2306000.0,1906000.0,1789000.0,2781000.0,2082000.0,3897000.0,7052000.0,4869000.0,4229000.0,6143000.0,2601000.0,2818000.0,2009000.0,2062000.0,4480000.0,2295000.0,1866000.0,2551000.0,2545000.0,2747000.0,3126000.0,2900000.0,3863000.0,16851000.0,2786000.0,3645000.0,2711000.0,5840000.0,3154000.0,1841000.0,23.7371,0.029414,2018600.0,12.9892,0.018236,3222200.0,4.0686,0.010005,3190333.33,2.7395,0.007034,3079600.0,2.1285,0.005506,3640500.0,1.2004,0.003723
20261006,8342,益張,,2000.0,1000.0,4000.0,1000.0,7000.0,1000.0,5000.0,3000.0,3000.0,,6000.0,12000.0,6000.0,1000.0,,3000.0,4000.0,4000.0,2000.0,,,5000.0,,1000.0,2000.0,3000.0,5000.0,,2000.0,1500.0,,,2000.0,,,3000.0,,,4000.0,,,3823.53,,,3608.7,,
20261006,8349,恒耀,224000.0,89000.0,55000.0,189000.0,150000.0,136000.0,228000.0,112000.0,209000.0,47000.0,159000.0,81000.0,64000.0,63000.0,42000.0,121000.0,115000.0,136000.0,99000.0,65000.0,58000.0,182000.0,88000.0,138000.0,71000.0,109000.0,105000.0,28000.0,27000.0,40000.0,122666.67,60.8696,0.005026,141400.0,31.6832,0.003116,143900.0,15.5664,0.001709,123200.0,12.1212,0.001202,119200.0,9.396,0.000941,107666.67,6.935,0.000636
20261006,8349A,恒耀甲特,3000.0,14000.0,1000.0,2000.0,,14000.0,,,2000.0,1000.0,7000.0,3000.0,,1000.0,4000.0,,4000.0,12000.0,4000.0,7000.0,,1000.0,9000.0,3000.0,2000.0,2000.0,1000.0,,,6000.0,6000.0,16.6667,6.7e-05,5000.0,15.0,4.2e-05,5285.71,8.1081,2.3e-05,4727.27,5.7692,1.6e-05,5266.67,3.7975,1.3e-05,4681.82,2.9126,9e-06
20261006,8354,冠好,18000.0,37000.0,51000.0,92000.0,18000.0,11000.0,20000.0,8000.0,133000.0,25000.0,21000.0,140000.0,20000.0,27000.0,6000.0,56000.0,106000.0,65000.0,43000.0,47000.0,51000.0,252000.0,303000.0,55000.0,33000.0,55000.0,51000.0,111000.0,106000.0,46000.0,35333.33,16.9811,0.000404,43200.0,8.3333,0.00025,41300.0,4.3584,0.000137,41800.0,2.8708,9.7e-05,47200.0,1.9068,7.6e-05,66900.0,0.8969,5.1e-05
20261006,8358,金居,25464000.0,40410000.0,19421000.0,17252000.0,8233000.0,13167000.0,2966000.0,1893000.0,2011000.0,2173000.0,4278000.0,29702000.0,19871000.0,26088000.0,33278000.0,13797000.0,3044000.0,3207000.0,3643000.0,3709000.0,4151000.0,7118000.0,5342000.0,30425000.0,48799000.0,39692000.0,37626000.0,31477000.0,13672000.0,30234000.0,28431666.67,29.854,0.571325,22156000.0,22.9861,0.354201,13299000.0,19.1473,0.194331,16413800.0,10.3425,0.136625,13680350.0,9.3068,0.106941,17404766.67,4.8768,0.072305
20261006,8383,千附,1713000.0,1299000.0,545000.0,475000.0,694000.0,552000.0,1045000.0,431000.0,595000.0,913000.0,1908000.0,821000.0,818000.0,593000.0,722000.0,1040000.0,1448000.0,3140000.0,763000.0,893000.0,796000.0,956000.0,936000.0,1390000.0,980000.0,2228000.0,3514000.0,2972000.0,840000.0,1183000.0,1185666.67,48.1586,0.038434,945200.0,36.2463,0.023828,826200.0,20.7335,0.013073,874933.33,13.0524,0.009191,1020400.0,8.3938,0.007194,1206766.67,4.7317,0.004864
20261006,8390,金益鼎,556000.0,679000.0,197000.0,211000.0,177000.0,271000.0,280000.0,193000.0,463000.0,130000.0,198000.0,118000.0,203000.0,186000.0,221000.0,358000.0,1261000.0,300000.0,318000.0,202000.0,373000.0,165000.0,310000.0,229000.0,309000.0,353000.0,471000.0,529000.0,916000.0,365000.0,477333.33,38.8268,0.012475,364000.0,30.5495,0.007734,315700.0,17.6117,0.004243,272200.0,13.6174,0.002983,326100.0,8.525,0.002335,351400.0,5.2741,0.001579
20261006,8401,白紗科,16000.0,20000.0,22000.0,24000.0,11000.0,8000.0,21000.0,35000.0,13000.0,41000.0,8000.0,14000.0,1000.0,29000.0,23000.0,87000.0,42000.0,89000.0,65000.0,18000.0,16000.0,2000.0,33000.0,31000.0,26000.0,19000.0,59000.0,35000.0,7000.0,15000.0,19333.33,27.5862,0.000359,18600.0,17.2043,0.000223,21100.0,7.5829,0.000122,19066.67,5.5944,8.6e-05,29350.0,2.7257,6.7e-05,27666.67,1.9277,4.5e-05
20261006,8403,盛弘,107000.0,49000.0,39000.0,65000.0,136000.0,27000.0,38000.0,81000.0,27000.0,52000.0,31000.0,43000.0,22000.0,35000.0,150000.0,75000.0,51000.0,32000.0,55000.0,79000.0,42000.0,65000.0,67000.0,21000.0,33000.0,60000.0,47000.0,55000.0,205000.0,124000.0,65000.0,54.8718,0.002401,79200.0,27.0202,0.001488,62100.0,17.2303,0.000817,60133.33,11.8625,0.000574,59700.0,8.9615,0.000449,63766.67,5.5933,0.000304
20261006,8409,商之器,5000.0,9000.0,27000.0,2000.0,6000.0,7000.0,4000.0,6000.0,,3000.0,1000.0,5000.0,2000.0,6000.0,4000.0,2000.0,1000.0,1000.0,10000.0,2000.0,4000.0,11000.0,8000.0,16000.0,4000.0,9000.0,5000.0,5000.0,2000.0,3000.0,13666.67,12.1951,0.000112,9800.0,10.2041,7e-05,7666.67,7.2464,3.8e-05,6214.29,5.7471,2.7e-05,5421.05,4.8544,2.1e-05,5862.07,2.9412,1.4e-05
20261006,8410,森田,302000.0,51000.0,28000.0,28000.0,26000.0,29000.0,165000.0,246000.0,81000.0,74000.0,3000.0,13000.0,6000.0,22000.0,25000.0,1000.0,11000.0,1000.0,150000.0,44000.0,7000.0,4000.0,15000.0,12000.0,7000.0,7000.0,13000.0,38000.0,28000.0,35000.0,127000.0,79.2651,0.006776,87000.0,69.4253,0.004201,103000.0,29.3204,0.002305,73266.67,27.4795,0.00162,65300.0,23.124,0.001268,49066.67,20.5163,0.000858
20261006,8415,大國鋼,217000.0,460000.0,211000.0,470000.0,491000.0,581000.0,195000.0,112000.0,277000.0,682000.0,4783000.0,528000.0,724000.0,460000.0,593000.0,634000.0,453000.0,446000.0,205000.0,411000.0,375000.0,518000.0,333000.0,555000.0,968000.0,529000.0,497000.0,593000.0,544000.0,240000.0,296000.0,24.4369,0.004869,369800.0,11.7361,0.003018,369600.0,5.8712,0.001656,718933.33,2.0122,0.001164,646650.0,1.6779,0.000911,602833.33,1.1999,0.000616
20261006,8416,實威,,4000.0,9000.0,3000.0,1000.0,3000.0,9000.0,2000.0,13000.0,6000.0,2000.0,2000.0,1000.0,2000.0,3000.0,1000.0,2000.0,4000.0,2000.0,2000.0,,,3000.0,4000.0,3000.0,2000.0,2000.0,7000.0,19000.0,3000.0,6500.0,,,4250.0,,,5555.56,,,4285.71,,,3736.84,,,4222.22,,
20261006,8421,旭源,26000.0,43000.0,22000.0,113000.0,63000.0,25000.0,36000.0,56000.0,61000.0,106000.0,138000.0,252000.0,173000.0,234000.0,99000.0,102000.0,90000.0,123000.0,170000.0,590000.0,102000.0,213000.0,72000.0,415000.0,39000.0,76000.0,97000.0,38000.0,122000.0,100000.0,30333.33,28.5714,0.000583,53400.0,9.7378,0.000362,55100.0,4.7187,0.000198,96466.67,1.7968,0.00014,126100.0,1.0309,0.000109,126533.33,0.6849,7.4e-05
20261006,8423,保綠-KY,37000.0,14000.0,20000.0,7000.0,9000.0,6000.0,9000.0,21000.0,33000.0,5000.0,7000.0,11000.0,9000.0,15000.0,58000.0,42000.0,46000.0,3000.0,32000.0,18000.0,15000.0,30000.0,46000.0,22000.0,7000.0,14000.0,2000.0,5000.0,2000.0,26000.0,23666.67,52.1127,0.00083,17400.0,42.5287,0.000515,16100.0,22.9814,0.000282,17400.0,14.1762,0.000199,20100.0,9.204,0.000155,19033.33,6.4799,0.000105
20261006,8424,惠普,2000.0,11000.0,2000.0,,14000.0,9000.0,99000.0,2000.0,7000.0,4000.0,4000.0,2000.0,7000.0,2000.0,12000.0,16000.0,3000.0,2000.0,5000.0,14000.0,3000.0,7000.0,2000.0,7000.0,4000.0,8000.0,25000.0,7000.0,4000.0,1000.0,5000.0,13.3333,4.5e-05,7250.0,6.8966,2.8e-05,16666.67,1.3333,1.5e-05,12642.86,1.1299,1.1e-05,11421.05,0.9217,8e-06,9827.59,0.7018,6e-06
20261006,8426,紅木-KY,38000.0,40000.0,13000.0,18000.0,50000.0,42000.0,19000.0,15000.0,13000.0,8000.0,40000.0,4000.0,6000.0,18000.0,3000.0,55000.0,8000.0,9000.0,9000.0,12000.0,34000.0,11000.0,28000.0,1000.0,4000.0,3000.0,39000.0,85000.0,25000.0,15000.0,30333.33,41.7582,0.000853,31800.0,23.8994,0.000529,25600.0,14.8438,0.00029,21800.0,11.6208,0.000204,21000.0,9.0476,0.00016,22166.67,5.7143,0.000108
20261006,8431,匯鑽科,869000.0,847000.0,670000.0,1153000.0,1210000.0,2567000.0,643000.0,1088000.0,3665000.0,4201000.0,1872000.0,3236000.0,3834000.0,2614000.0,2509000.0,896000.0,1991000.0,1870000.0,3556000.0,5306000.0,10612000.0,7618000.0,3177000.0,607000.0,1212000.0,1266000.0,302000.0,68000.0,75000.0,228000.0,795333.33,36.4208,0.019497,949800.0,18.2986,0.012088,1691300.0,5.1381,0.006632,2065200.0,2.8052,0.004663,2229850.0,1.9486,0.00365,2325400.0,1.2457,0.002468
20261006,8432,東生華,324000.0,45000.0,38000.0,32000.0,54000.0,68000.0,36000.0,22000.0,16000.0,21000.0,36000.0,18000.0,9000.0,7000.0,15000.0,23000.0,74000.0,13000.0,33000.0,94000.0,146000.0,58000.0,19000.0,16000.0,7000.0,22000.0,27000.0,19000.0,8000.0,9000.0,135666.67,79.6069,0.007269,98600.0,65.7201,0.004507,65600.0,49.3902,0.002473,49400.0,43.7247,0.001738,48900.0,33.1288,0.001361,43633.33,24.7517,0.00092
20261006,8433,弘帆,29000.0,15000.0,15000.0,11000.0,6000.0,7000.0,27000.0,15000.0,29000.0,22000.0,24000.0,6000.0,16000.0,5000.0,,15000.0,23000.0,5000.0,10000.0,10000.0,3000.0,17000.0,2000.0,9000.0,6000.0,3000.0,26000.0,7000.0,11000.0,50000.0,19666.67,49.1525,0.000651,15200.0,38.1579,0.000403,17600.0,16.4773,0.000221,16214.29,12.7753,0.000156,15263.16,10.0,0.000122,14620.69,6.8396,8.2e-05
20261006,8435,鉅邁,39000.0,38000.0,11000.0,10000.0,45000.0,14000.0,22000.0,31000.0,9000.0,19000.0,10000.0,45000.0,22000.0,15000.0,16000.0,4000.0,26000.0,20000.0,11000.0,6000.0,4000.0,6000.0,18000.0,37000.0,20000.0,27000.0,10000.0,1000.0,6000.0,13000.0,29333.33,44.3182,0.000875,28600.0,27.2727,0.000542,23800.0,16.3866,0.000298,23066.67,11.2717,0.000209,20650.0,9.4431,0.000164,18500.0,7.027,0.000111
20261006,8436,大江,868000.0,1033000.0,483000.0,218000.0,312000.0,388000.0,375000.0,342000.0,876000.0,341000.0,648000.0,2510000.0,1736000.0,326000.0,280000.0,525000.0,313000.0,783000.0,365000.0,702000.0,1314000.0,784000.0,723000.0,2258000.0,825000.0,810000.0,1014000.0,1094000.0,468000.0,1044000.0,794666.67,36.4094,0.019475,582800.0,29.7872,0.012074,523600.0,16.5775,0.006624,715733.33,8.0849,0.004657,671200.0,6.466,0.003645,791933.33,3.6535,0.002465
20261006,8437,大地-KY,172000.0,113000.0,35000.0,51000.0,51000.0,110000.0,280000.0,58000.0,16000.0,11000.0,23000.0,25000.0,10000.0,13000.0,71000.0,25000.0,,6000.0,11000.0,27000.0,11000.0,4000.0,29000.0,12000.0,3000.0,11000.0,10000.0,12000.0,12000.0,15000.0,106666.67,53.75,0.003859,84400.0,40.7583,0.002393,89700.0,19.175,0.001313,69266.67,16.5544,0.000923,58315.79,15.5235,0.000722,42310.34,14.0179,0.000488
20261006,8440,綠電,46000.0,19000.0,27000.0,46000.0,76000.0,109000.0,34000.0,45000.0,52000.0,75000.0,39000.0,44000.0,47000.0,43000.0,114000.0,21000.0,37000.0,41000.0,35000.0,89000.0,27000.0,61000.0,44000.0,36000.0,21000.0,37000.0,42000.0,35000.0,111000.0,67000.0,30666.67,50.0,0.001032,42800.0,21.4953,0.00064,52900.0,8.6957,0.000351,54400.0,5.6373,0.000247,51950.0,4.4273,0.000193,50666.67,3.0263,0.000131
20261006,8444,綠河-KY,,,,,8000.0,2000.0,15000.0,5000.0,4000.0,,28000.0,19000.0,6000.0,,2000.0,1000.0,12000.0,20000.0,5000.0,14000.0,6000.0,4000.0,7000.0,21000.0,8000.0,41000.0,13000.0,18000.0,,2000.0,,,,8000.0,,,6800.0,,,9888.89,,,10071.43,,,11347.83,,
20261006,8446,華研,57000.0,41000.0,24000.0,11000.0,48000.0,15000.0,2000.0,24000.0,21000.0,8000.0,48000.0,26000.0,28000.0,38000.0,42000.0,45000.0,46000.0,56000.0,28000.0,50000.0,24000.0,58000.0,35000.0,32000.0,48000.0,28000.0,25000.0,24000.0,42000.0,42000.0,40666.67,46.7213,0.001279,36200.0,31.4917,0.000793,25100.0,22.7092,0.000435,28866.67,13.164,0.000306,32900.0,8.6626,0.000239,33866.67,5.6102,0.000162
20261006,8450,霹靂,20000.0,14000.0,19000.0,16000.0,24000.0,26000.0,29000.0,22000.0,28000.0,16000.0,31000.0,17000.0,25000.0,18000.0,11000.0,110000.0,9000.0,7000.0,16000.0,14000.0,45000.0,32000.0,2000.0,28000.0,22000.0,10000.0,24000.0,25000.0,13000.0,18000.0,17666.67,37.7358,0.000449,18600.0,21.5054,0.000278,21400.0,9.3458,0.000153,21066.67,6.3291,0.000107,23600.0,4.2373,8.4e-05,23033.33,2.8944,5.7e-05
20261006,8455,大拓-KY,8000.0,14000.0,,3000.0,4000.0,1000.0,7000.0,10000.0,9000.0,3000.0,5000.0,,3000.0,1000.0,1000.0,4000.0,13000.0,2000.0,7000.0,4000.0,16000.0,2000.0,4000.0,4000.0,7000.0,,2000.0,7000.0,3000.0,11000.0,11000.0,36.3636,0.000179,7250.0,27.5862,0.000111,6555.56,13.5593,6.1e-05,5307.69,11.5942,4.3e-05,5500.0,8.0808,3.4e-05,5740.74,5.1613,2.3e-05
20261006,8472,納維康,6000.0,10000.0,90000.0,181000.0,21000.0,16000.0,2000.0,4000.0,10000.0,5000.0,6000.0,28000.0,44000.0,13000.0,11000.0,37000.0,7000.0,29000.0,37000.0,84000.0,5000.0,8000.0,7000.0,29000.0,12000.0,10000.0,16000.0,9000.0,1000.0,6000.0,35333.33,5.6604,0.000135,61600.0,1.9481,8.3e-05,34500.0,1.7391,4.6e-05,29800.0,1.3423,3.2e-05,32050.0,0.936,2.5e-05,24800.0,0.8065,1.7e-05
20261006,8477,創業家,13000.0,20000.0,13000.0,6000.0,12000.0,9000.0,6000.0,32000.0,59000.0,28000.0,6000.0,13000.0,1000.0,5000.0,6000.0,19000.0,9000.0,15000.0,25000.0,24000.0,8000.0,1000.0,5000.0,22000.0,11000.0,6000.0,14000.0,23000.0,15000.0,17000.0,15333.33,28.2609,0.000292,12800.0,20.3125,0.000181,19800.0,6.5657,9.9e-05,15266.67,5.6769,7e-05,16050.0,4.0498,5.5e-05,14766.67,2.9345,3.7e-05
20261006,8489,三貝德,53000.0,56000.0,57000.0,41000.0,38000.0,61000.0,30000.0,147000.0,445000.0,41000.0,27000.0,24000.0,23000.0,38000.0,17000.0,9000.0,20000.0,20000.0,29000.0,6000.0,24000.0,45000.0,57000.0,32000.0,15000.0,48000.0,15000.0,50000.0,54000.0,34000.0,55333.33,31.9277,0.001189,49000.0,21.6327,0.000737,96900.0,5.4696,0.000404,73200.0,4.827,0.000284,59100.0,4.4839,0.000223,51866.67,3.4062,0.00015
20261006,8905,裕國,2000.0,,,4000.0,3000.0,13000.0,2000.0,5000.0,5000.0,12000.0,6000.0,5000.0,9000.0,2000.0,5000.0,,1000.0,3000.0,,6000.0,10000.0,6000.0,17000.0,2000.0,2000.0,26000.0,6000.0,4000.0,6000.0,12000.0,2000.0,100.0,4.5e-05,3000.0,22.2222,2.8e-05,5750.0,4.3478,1.5e-05,5615.38,2.7397,1.1e-05,5187.5,2.4096,8e-06,6692.31,1.1494,6e-06
20261006,8906,花王,11000.0,15000.0,10000.0,1000.0,15000.0,7000.0,15000.0,9000.0,7000.0,5000.0,68000.0,22000.0,13000.0,8000.0,7000.0,2000.0,35000.0,11000.0,2000.0,14000.0,6000.0,62000.0,10000.0,14000.0,25000.0,6000.0,15000.0,5000.0,35000.0,5000.0,12000.0,30.5556,0.000247,10400.0,21.1538,0.000153,9500.0,11.5789,8.4e-05,14200.0,5.1643,5.9e-05,13850.0,3.9711,4.6e-05,15333.33,2.3913,3.1e-05
20261006,8908,欣雄,9000.0,18000.0,30000.0,18000.0,12000.0,45000.0,37000.0,71000.0,38000.0,50000.0,3000.0,37000.0,44000.0,10000.0,46000.0,19000.0,37000.0,17000.0,26000.0,27000.0,30000.0,40000.0,126000.0,73000.0,28000.0,32000.0,22000.0,26000.0,5000.0,9000.0,19000.0,15.7895,0.000202,17400.0,10.3448,0.000125,32800.0,2.7439,6.9e-05,31200.0,1.9231,4.8e-05,29700.0,1.5152,3.8e-05,32833.33,0.9137,2.6e-05
20261006,8916,光隆,27000.0,37000.0,56000.0,24000.0,27000.0,71000.0,59000.0,20000.0,63000.0,26000.0,57000.0,84000.0,42000.0,73000.0,70000.0,13000.0,70000.0,40000.0,18000.0,133000.0,32000.0,27000.0,74000.0,41000.0,60000.0,64000.0,42000.0,105000.0,48000.0,81000.0,40000.0,22.5,0.000606,34200.0,15.7895,0.000376,41000.0,6.5854,0.000206,49066.67,3.6685,0.000145,50500.0,2.6733,0.000113,52800.0,1.7045,7.7e-05
20261006,8917,欣泰,6000.0,1000.0,,,4000.0,5000.0,14000.0,8000.0,9000.0,4000.0,2000.0,,10000.0,5000.0,489000.0,4000.0,4000.0,2000.0,1000.0,5000.0,9000.0,44000.0,,,5000.0,,4000.0,10000.0,,13000.0,3500.0,85.7143,0.000135,3666.67,54.5455,8.3e-05,6375.0,11.7647,4.6e-05,46416.67,1.0772,3.2e-05,33705.88,1.0471,2.5e-05,28608.7,0.9119,1.7e-05
20261006,8921,沈氏,,,3000.0,,2000.0,,,,2000.0,1000.0,1000.0,12000.0,1000.0,2000.0,3000.0,3000.0,,1000.0,,1000.0,20000.0,2000.0,,17000.0,5000.0,1000.0,,3000.0,3000.0,3000.0,3000.0,,,2500.0,,,2000.0,,,3000.0,,,2666.67,,,4300.0,,
20261006,8923,時報,,2000.0,,,1000.0,11000.0,,,7000.0,11000.0,,,,55000.0,,39000.0,1000.0,1000.0,2000.0,,,,,8000.0,13000.0,,,4000.0,,3000.0,2000.0,,,1500.0,,,6400.0,,,14500.0,,,13000.0,,,11285.71,,
20261006,8924,大田,31000.0,90000.0,26000.0,35000.0,26000.0,28000.0,55000.0,39000.0,68000.0,63000.0,123000.0,49000.0,84000.0,33000.0,95000.0,62000.0,22000.0,27000.0,19000.0,37000.0,100000.0,96000.0,88000.0,39000.0,40000.0,33000.0,45000.0,54000.0,32000.0,44000.0,49000.0,21.0884,0.000696,41600.0,14.9038,0.000431,46100.0,6.7245,0.000237,56333.33,3.6686,0.000166,50600.0,3.0632,0.00013,52766.67,1.9583,8.8e-05
20261006,8927,北基,245000.0,199000.0,46000.0,164000.0,122000.0,72000.0,84000.0,174000.0,129000.0,254000.0,240000.0,86000.0,64000.0,66000.0,67000.0,149000.0,99000.0,180000.0,100000.0,68000.0,61000.0,81000.0,45000.0,207000.0,66000.0,64000.0,88000.0,102000.0,127000.0,233000.0,163333.33,50.0,0.005497,155200.0,31.5722,0.003408,148900.0,16.454,0.00187,134133.33,12.1769,0.001315,130400.0,9.3942,0.001029,122733.33,6.654,0.000696
20261006,8928,鉅明,50000.0,18000.0,4000.0,7000.0,9000.0,16000.0,14000.0,27000.0,6000.0,14000.0,16000.0,16000.0,6000.0,8000.0,7000.0,31000.0,21000.0,42000.0,77000.0,21000.0,29000.0,11000.0,32000.0,9000.0,3000.0,58000.0,39000.0,46000.0,34000.0,22000.0,24000.0,69.4444,0.001122,17600.0,56.8182,0.000695,16500.0,30.303,0.000382,14533.33,22.9358,0.000268,20500.0,12.1951,0.00021,23100.0,7.215,0.000142
20261006,8929,富堡,11000.0,8000.0,1000.0,7000.0,25000.0,5000.0,5000.0,13000.0,15000.0,17000.0,,12000.0,6000.0,5000.0,23000.0,2000.0,5000.0,5000.0,1000.0,27000.0,,3000.0,5000.0,7000.0,6000.0,11000.0,4000.0,8000.0,8000.0,10000.0,6666.67,55.0,0.000247,10400.0,21.1538,0.000153,10700.0,10.2804,8.4e-05,10928.57,7.1895,5.9e-05,10157.89,5.6995,4.6e-05,9107.14,4.3137,3.1e-05
20261006,8930,青鋼,65000.0,25000.0,29000.0,19000.0,38000.0,20000.0,62000.0,32000.0,74000.0,12000.0,23000.0,30000.0,42000.0,8000.0,15000.0,21000.0,68000.0,66000.0,16000.0,23000.0,45000.0,11000.0,25000.0,25000.0,45000.0,49000.0,64000.0,38000.0,21000.0,23000.0,39666.67,54.6218,0.001458,35200.0,36.9318,0.000904,37600.0,17.2872,0.000496,32933.33,13.1579,0.000349,34400.0,9.4477,0.000273,34466.67,6.2863,0.000185
20261006,8931,大汽電,283000.0,56000.0,13000.0,16000.0,244000.0,80000.0,280000.0,100000.0,35000.0,128000.0,30000.0,78000.0,161000.0,64000.0,421000.0,90000.0,22000.0,77000.0,100000.0,167000.0,47000.0,20000.0,48000.0,43000.0,91000.0,44000.0,33000.0,32000.0,,1000.0,117333.33,80.3977,0.00635,122400.0,46.2418,0.003936,123500.0,22.915,0.00216,132600.0,14.2283,0.001518,122250.0,11.5746,0.001189,96689.66,10.0927,0.000804
20261006,8932,智通*,806000.0,1480000.0,1037000.0,719000.0,822000.0,713000.0,642000.0,1063000.0,1193000.0,2248000.0,2043000.0,1194000.0,2302000.0,2886000.0,1609000.0,1716000.0,1894000.0,2565000.0,1998000.0,1969000.0,2210000.0,1753000.0,1645000.0,2110000.0,3794000.0,8046000.0,9075000.0,6770000.0,1236000.0,3513000.0,1107666.67,24.2552,0.018084,972800.0,16.5707,0.011211,1072300.0,7.5166,0.006151,1383800.0,3.883,0.004325,1544950.0,2.6085,0.003385,2368366.67,1.1344,0.002289
20261006,8933,愛地雅,64000.0,72000.0,41000.0,84000.0,108000.0,42000.0,88000.0,84000.0,204000.0,42000.0,38000.0,19000.0,14000.0,29000.0,51000.0,209000.0,83000.0,133000.0,39000.0,64000.0,20000.0,31000.0,71000.0,87000.0,56000.0,117000.0,155000.0,229000.0,75000.0,42000.0,59000.0,36.1582,0.001436,73800.0,17.3442,0.00089,82900.0,7.7201,0.000488,65333.33,6.5306,0.000343,75400.0,4.244,0.000269,79700.0,2.6767,0.000182
20261006,8935,邦泰,30000.0,96000.0,81000.0,159000.0,599000.0,251000.0,378000.0,73000.0,81000.0,71000.0,81000.0,108000.0,210000.0,50000.0,93000.0,92000.0,86000.0,77000.0,88000.0,58000.0,105000.0,88000.0,188000.0,87000.0,69000.0,79000.0,96000.0,64000.0,187000.0,84000.0,69000.0,14.4928,0.000673,193000.0,3.1088,0.000417,181900.0,1.6493,0.000229,157400.0,1.2706,0.000161,138100.0,1.0862,0.000126,126966.67,0.7876,8.5e-05
20261006,8936,國統,936000.0,1373000.0,1114000.0,1004000.0,1068000.0,525000.0,549000.0,595000.0,751000.0,832000.0,696000.0,932000.0,836000.0,817000.0,700000.0,537000.0,1044000.0,952000.0,924000.0,822000.0,869000.0,1078000.0,539000.0,590000.0,697000.0,1031000.0,859000.0,752000.0,674000.0,681000.0,1141000.0,27.3444,0.021001,1099000.0,17.0337,0.01302,874700.0,10.7008,0.007143,848533.33,7.3539,0.005022,850350.0,5.5036,0.003931,825900.0,3.7777,0.002658
20261006,8937,合騏*,49000.0,127000.0,54000.0,48000.0,339000.0,367000.0,341000.0,89000.0,173000.0,75000.0,66000.0,176000.0,77000.0,306000.0,138000.0,125000.0,398000.0,746000.0,116000.0,179000.0,155000.0,146000.0,802000.0,212000.0,409000.0,266000.0,1404000.0,334000.0,185000.0,134000.0,76666.67,21.3043,0.001099,123400.0,7.9417,0.000682,166200.0,2.9483,0.000374,161666.67,2.0206,0.000263,199450.0,1.2284,0.000206,267866.67,0.6098,0.000139
20261006,8938,明安,36000.0,89000.0,59000.0,46000.0,33000.0,43000.0,25000.0,53000.0,130000.0,82000.0,106000.0,55000.0,38000.0,31000.0,110000.0,73000.0,33000.0,41000.0,33000.0,70000.0,171000.0,102000.0,83000.0,48000.0,251000.0,171000.0,141000.0,28000.0,185000.0,158000.0,61333.33,19.5652,0.000808,52600.0,13.6882,0.000501,59600.0,6.0403,0.000275,62400.0,3.8462,0.000193,59300.0,3.0354,0.000151,84133.33,1.4263,0.000102
20261006,8941,關中,12000.0,8000.0,6000.0,12000.0,5000.0,3000.0,4000.0,3000.0,3000.0,2000.0,5000.0,12000.0,7000.0,2000.0,4000.0,,1000.0,2000.0,2000.0,4000.0,4000.0,2000.0,1000.0,,1000.0,5000.0,11000.0,5000.0,4000.0,13000.0,8666.67,46.1538,0.000269,8600.0,27.907,0.000167,5800.0,20.6897,9.2e-05,5866.67,13.6364,6.4e-05,5105.26,12.3711,5e-05,5107.14,8.3916,3.4e-05
20261006,8942,森鉅,200000.0,262000.0,131000.0,105000.0,143000.0,131000.0,106000.0,118000.0,73000.0,152000.0,195000.0,83000.0,124000.0,90000.0,87000.0,64000.0,85000.0,95000.0,118000.0,186000.0,137000.0,295000.0,112000.0,101000.0,203000.0,173000.0,237000.0,699000.0,244000.0,245000.0,197666.67,33.7268,0.004487,168200.0,23.7812,0.002782,142100.0,14.0746,0.001526,133333.33,10.0,0.001073,127400.0,7.8493,0.00084,166466.67,4.0048,0.000568
20261006,9949,琉園,20000.0,5000.0,10000.0,7000.0,65000.0,9000.0,30000.0,117000.0,53000.0,46000.0,48000.0,7000.0,7000.0,5000.0,6000.0,7000.0,12000.0,26000.0,33000.0,9000.0,28000.0,11000.0,9000.0,32000.0,41000.0,30000.0,28000.0,328000.0,28000.0,9000.0,11666.67,57.1429,0.000449,21400.0,18.6916,0.000278,36200.0,5.5249,0.000153,29000.0,4.5977,0.000107,26100.0,3.8314,8.4e-05,35533.33,1.8762,5.7e-05
20261006,9950,萬國通,13000.0,33000.0,11000.0,22000.0,23000.0,12000.0,17000.0,16000.0,49000.0,34000.0,5000.0,72000.0,12000.0,33000.0,4000.0,60000.0,15000.0,14000.0,27000.0,29000.0,13000.0,43000.0,46000.0,59000.0,35000.0,18000.0,67000.0,21000.0,13000.0,21000.0,19000.0,22.807,0.000292,20400.0,12.7451,0.000181,23000.0,5.6522,9.9e-05,23733.33,3.6517,7e-05,25050.0,2.5948,5.5e-05,27900.0,1.5532,3.7e-05
20261006,9951,皇田,66000.0,66000.0,68000.0,62000.0,73000.0,134000.0,68000.0,58000.0,16000.0,8000.0,48000.0,41000.0,161000.0,22000.0,16000.0,48000.0,48000.0,143000.0,31000.0,60000.0,57000.0,165000.0,211000.0,141000.0,52000.0,47000.0,23000.0,75000.0,49000.0,42000.0,66666.67,33.0,0.001481,67000.0,19.7015,0.000918,61900.0,10.6624,0.000504,60466.67,7.2767,0.000354,61850.0,5.3355,0.000277,69966.67,3.1444,0.000187
20261006,9960,邁達康,,12000.0,43000.0,152000.0,66000.0,75000.0,189000.0,176000.0,182000.0,64000.0,12000.0,8000.0,5000.0,12000.0,27000.0,66000.0,52000.0,211000.0,22000.0,12000.0,1000.0,3000.0,1000.0,6000.0,10000.0,2000.0,,,,3000.0,27500.0,,,68250.0,,,106555.56,,,73071.43,,,72947.37,,,54307.69,,
20261006,9962,有益,112000.0,26000.0,78000.0,101000.0,93000.0,147000.0,76000.0,62000.0,5000.0,52000.0,31000.0,14000.0,9000.0,30000.0,46000.0,65000.0,32000.0,29000.0,67000.0,77000.0,26000.0,35000.0,50000.0,38000.0,10000.0,83000.0,19000.0,17000.0,24000.0,42000.0,72000.0,51.8519,0.002513,82000.0,27.3171,0.001558,75200.0,14.8936,0.000855,58800.0,12.6984,0.000601,57600.0,9.7222,0.00047,49866.67,7.4866,0.000318
