
██████████████████████████████████████████████████████████████████████████████████████████████████████████████
  📅 天數組合: 15 日  →  輸出檔: q12_15.txt
██████████████████████████████████████████████████████████████████████████████████████████████████████████████

🔁 共執行 15 次，每次區間長度 15 個交易日

══════════════════════════════════════════════════════════════════════════════════════════════════════════════
  🔄 第  1/15 次  2026/09/11 ～ 2026/10/06
══════════════════════════════════════════════════════════════════════════════════════════════════════════════

==========================================================================================================================================================================
📊 累計漲跌停強度排名 (2026/09/11 ~ 2026/10/06)
==========================================================================================================================================================================
    實資排名        累計天數排名  代號        名稱                 累計漲停(元)       累計跌停(元)       強度%  (09/11)開盤      最高      最低      收盤    (10/06)開盤      最高      最低      收盤      賺賠    賺賠率
--------------------------------------------------------------------------------------------------------------------------------------------------------------------------
       1            27  7856      漢測                 2615.00        675.00    33.41%        --       --       --       --     4275.00  4275.00  4130.00  4190.00        --        --
       2            94  3529      力旺                  920.00        535.00     6.63%   2690.00  2720.00  2550.00  2580.00     3160.00  3175.00  3050.00  3115.00   +535.00   +20.74%
       3           123  3491      昇達科                 585.00        220.00     6.29%   1310.00  1440.00  1310.00  1415.00     1710.00  1755.00  1645.00  1715.00   +300.00   +21.20%
       4           147  6274      台燿                  555.00        200.00     6.11%   1355.00  1395.00  1335.00  1365.00     1775.00  1775.00  1680.00  1755.00   +390.00   +28.57%
       5           150  6488      環球晶                 379.00         84.00     5.08%    887.00   912.00   882.00   902.00     1175.00  1260.00  1145.00  1205.00   +303.00   +33.59%
       6            26  5274      信驊                 4450.00       4165.00     4.91%  17805.00 18245.00 17730.00 17885.00    19520.00 19895.00 18855.00 18985.00  +1100.00    +6.15%
       7           195  6187      萬潤                  415.00        165.00     4.31%   1250.00  1275.00  1220.00  1250.00     1500.00  1590.00  1445.00  1535.00   +285.00   +22.80%
       8            79  6683      雍智科技                580.00        370.00     3.62%   1265.00  1310.00  1255.00  1290.00     1575.00  1580.00  1495.00  1505.00   +215.00   +16.67%
       9           170  3105      穩懋                  194.00         56.50     2.37%    449.50   450.00   435.00   437.50      615.00   623.00   588.00   592.00   +154.50   +35.31%
      10           105  8227      巨有科技                146.50         14.00     2.28%    235.00   239.00   229.50   239.00      366.00   377.00   350.00   370.00   +131.00   +54.81%
      11           156  7717      萊德光電-KY             217.00         97.00     2.07%    470.00   528.00   463.00   517.00      606.00   651.00   593.00   593.00    +76.00   +14.70%
      12           139  5536      聖暉*                 196.00         77.00     2.05%    859.00   859.00   833.00   836.00      955.00   994.00   950.00   994.00   +158.00   +18.90%
      13           142  7792      安葆                  144.00         36.00     1.86%    316.50   320.00   305.50   305.50      450.00   461.50   438.50   451.50   +146.00   +47.79%
      14            90  3324      雙鴻                  500.00        400.00     1.72%   1400.00  1405.00  1325.00  1360.00     1540.00  1560.00  1515.00  1530.00   +170.00   +12.50%
      15           260  6643      M31                 182.50         85.00     1.68%    419.00   419.00   406.00   406.00      509.00   518.00   507.00   508.00   +102.00   +25.12%
      16           106  3081      聯亞                  695.00        600.00     1.64%   2800.00  2825.00  2735.00  2810.00     3015.00  3055.00  2915.00  2920.00   +110.00    +3.91%
      17            79  3441      聯一光                  93.50          0.00     1.61%    149.50   166.00   147.00   166.00      238.00   255.00   238.00   255.00    +89.00   +53.61%
      18           166  7751      竑騰                  345.00        260.00     1.46%   1430.00  1485.00  1420.00  1425.00     1620.00  1625.00  1560.00  1590.00   +165.00   +11.58%
      19           190  3675      德微                  121.00         46.00     1.29%    263.00   266.00   256.00   259.00      349.00   354.00   334.00   335.50    +76.50   +29.54%
      20            62  4760      勤凱                   86.00         13.50     1.25%    261.00   270.00   259.50   259.50      335.00   356.00   320.00   335.00    +75.50   +29.09%
      21           138  4749      新應材                 120.00         48.00     1.24%    750.00   750.00   720.00   721.00      810.00   810.00   793.00   801.00    +80.00   +11.10%
      22           194  3498      陽程                   94.50         26.50     1.17%    188.00   196.00   184.50   192.00      248.50   257.00   230.50   234.50    +42.50   +22.14%
      23           100  3131      弘塑                  460.00        395.00     1.12%   2405.00  2430.00  2320.00  2325.00     2550.00  2580.00  2510.00  2530.00   +205.00    +8.82%
      24           144  2221      大甲                   82.00         18.50     1.09%    103.00   105.50    95.40    95.40      186.50   188.00   180.00   186.00    +90.60   +94.97%
      25           113  3147      大綜                   61.50          0.00     1.06%    220.50   226.50   219.50   221.00      282.00   300.00   278.00   292.00    +71.00   +32.13%
      26           124  4768      晶呈科技                 93.00         33.50     1.02%    302.50   304.00   295.50   296.00      366.50   382.50   361.00   370.00    +74.00   +25.00%
      27           119  3455      由田                   58.50          0.00     1.01%    229.00   241.00   222.00   233.50      284.00   284.00   276.00   277.50    +44.00   +18.84%
      28           152  3293      鈊象                  105.00         48.00     0.98%    703.00   703.00   693.00   693.00      794.00   794.00   772.00   780.00    +87.00   +12.55%
      29           102  5432      新門                   55.50          0.00     0.96%    151.00   151.00   147.00   149.00      192.00   195.50   185.50   195.50    +46.50   +31.21%
      30           158  4542      科嶠                  115.00         60.50     0.94%    263.50   271.00   258.50   262.00      348.50   352.00   335.00   338.00    +76.00   +29.01%
      31            88  7556      意德士                  52.00          0.00     0.90%    242.00   244.00   240.00   243.00      309.00   314.00   288.00   295.50    +52.50   +21.60%
      32            39  6223      旺矽                 1375.00       1325.00     0.86%   5600.00  5755.00  5365.00  5620.00     5530.00  5725.00  5425.00  5670.00    +50.00    +0.89%
      33            85  6788      華景電                  47.00          0.00     0.81%    330.00   331.00   325.50   326.50      376.50   380.00   367.50   370.50    +44.00   +13.48%
      34            79  3219      倚強科                  43.30          0.00     0.75%     86.00    87.10    84.80    85.60      131.50   140.50   130.00   140.50    +54.90   +64.14%
      35           215  6693      廣閎科                  60.00         19.00     0.71%    173.50   177.00   169.00   169.00      215.50   215.50   206.00   206.00    +37.00   +21.89%
      36            30  4772      台特化                  39.50          0.00     0.68%    239.50   239.50   233.50   234.00      278.00   279.00   274.00   276.00    +42.00   +17.95%
      37            56  6207      雷科                   37.00          0.00     0.64%    110.00   116.00   109.00   112.00      153.00   153.00   143.50   143.50    +31.50   +28.12%
      38           104  6147      頎邦                   46.50          9.50     0.64%    186.50   188.50   180.00   181.00      218.50   220.00   211.00   216.50    +35.50   +19.61%
      39            80  7728      光焱科技                112.00         76.00     0.62%    608.00   618.00   604.00   616.00      642.00   642.00   633.00   638.00    +22.00    +3.57%
      40             6  6983      華洋精機                 35.50          0.00     0.61%    350.00   350.00   344.50   345.50      375.50   395.00   360.50   395.00    +49.50   +14.33%
==========================================================================================================================================================================
✅ 共 40 筆


══════════════════════════════════════════════════════════════════════════════════════════════════════════════
  🔄 第  2/15 次  2026/09/10 ～ 2026/10/05
══════════════════════════════════════════════════════════════════════════════════════════════════════════════

==========================================================================================================================================================================
📊 累計漲跌停強度排名 (2026/09/10 ~ 2026/10/05)
==========================================================================================================================================================================
    實資排名        累計天數排名  代號        名稱                 累計漲停(元)       累計跌停(元)       強度%  (09/10)開盤      最高      最低      收盤    (10/05)開盤      最高      最低      收盤      賺賠    賺賠率
--------------------------------------------------------------------------------------------------------------------------------------------------------------------------
       1            25  7856      漢測                 2615.00        585.00    33.97%        --       --       --       --     4335.00  4390.00  4210.00  4280.00        --        --
       2            27  5274      信驊                 4545.00       3630.00    15.31%  18280.00 18865.00 17900.00 18700.00    19100.00 19770.00 19100.00 19520.00   +820.00    +4.39%
       3           142  6274      台燿                  605.00        175.00     7.20%   1345.00  1400.00  1330.00  1395.00     1695.00  1780.00  1680.00  1780.00   +385.00   +27.60%
       4            96  3529      力旺                  920.00        545.00     6.28%   2790.00  2835.00  2720.00  2730.00     3220.00  3250.00  3145.00  3155.00   +425.00   +15.57%
       5           152  6488      環球晶                 354.00        122.00     3.88%    941.00   941.00   903.00   917.00     1220.00  1235.00  1175.00  1180.00   +263.00   +28.68%
       6           124  3491      昇達科                 500.00        320.00     3.01%   1425.00  1425.00  1350.00  1355.00     1530.00  1630.00  1515.00  1630.00   +275.00   +20.30%
       7            80  3324      雙鴻                  555.00        380.00     2.93%   1355.00  1440.00  1355.00  1440.00     1515.00  1575.00  1490.00  1550.00   +110.00    +7.64%
       8           157  3105      穩懋                  194.00         33.50     2.69%    462.50   465.00   452.00   461.50      614.00   630.00   604.00   615.00   +153.50   +33.26%
       9           199  6187      萬潤                  370.00        215.00     2.59%   1340.00  1360.00  1280.00  1280.00     1400.00  1490.00  1390.00  1490.00   +210.00   +16.41%
      10           119  3081      聯亞                  695.00        540.00     2.59%   2820.00  2930.00  2755.00  2830.00     3000.00  3105.00  2900.00  3000.00   +170.00    +6.01%
      11           115  8227      巨有科技                166.00         14.00     2.54%    203.00   217.50   201.00   217.50      372.00   372.00   361.50   366.00   +148.50   +68.28%
      12           170  7717      萊德光電-KY             217.00        119.50     1.63%    515.00   519.00   483.00   486.50      570.00   611.00   566.00   592.00   +105.50   +21.69%
      13           129  7792      安葆                  131.00         36.00     1.59%    322.50   324.00   315.00   322.00      425.00   440.00   425.00   438.50   +116.50   +36.18%
      14           166  3675      德微                  121.00         32.50     1.48%    272.00   276.50   269.00   269.00      363.50   377.00   348.00   349.00    +80.00   +29.74%
      15           290  6643      M31                 182.50         94.50     1.47%    429.50   434.50   423.00   423.50      513.00   521.00   505.00   508.00    +84.50   +19.95%
      16            37  4760      勤凱                   86.00          0.00     1.44%    266.50   271.50   262.00   268.00      348.50   348.50   348.50   348.50    +80.50   +30.04%
      17           134  5536      聖暉*                 156.00         77.00     1.32%    862.00   872.00   844.00   864.00      975.00   977.00   946.00   954.00    +90.00   +10.42%
      18           142  4542      科嶠                  115.00         40.50     1.25%    282.50   282.50   272.00   276.50      348.00   365.00   340.00   358.00    +81.50   +29.48%
      19           130  3293      鈊象                  105.00         34.00     1.19%    708.00   710.00   702.00   704.00      797.00   798.00   787.00   794.00    +90.00   +12.78%
      20            70  3441      聯一光                  70.50          0.00     1.18%    141.50   157.00   137.00   151.00      215.00   232.00   215.00   232.00    +81.00   +53.64%
      21           194  3498      陽程                   94.50         26.50     1.14%    189.50   201.00   189.00   191.00      215.00   236.50   214.00   236.50    +45.50   +23.82%
      22            81  6683      雍智科技                515.00        450.00     1.09%   1340.00  1345.00  1260.00  1290.00     1500.00  1500.00  1435.00  1440.00   +150.00   +11.63%
      23           144  2221      大甲                   82.00         18.50     1.06%     87.80    96.50    86.30    96.50      189.00   191.00   181.00   186.00    +89.50   +92.75%
      24           124  4768      晶呈科技                 93.00         33.50     1.00%    308.00   309.50   297.00   307.00      378.00   383.00   364.50   365.00    +58.00   +18.89%
      25           163  4749      新應材                 120.00         61.00     0.99%    760.00   769.00   756.00   757.00      803.00   812.00   788.00   806.00    +49.00    +6.47%
      26           119  3455      由田                   58.50          0.00     0.98%    230.00   243.00   227.50   229.00      286.00   295.50   274.00   283.50    +54.50   +23.80%
      27           182  8358      金居                  171.00        116.50     0.91%    518.00   525.00   515.00   521.00      534.00   570.00   526.00   570.00    +49.00    +9.40%
      28            88  7556      意德士                  52.00          0.00     0.87%    259.00   259.00   245.50   246.00      275.50   300.00   275.50   300.00    +54.00   +21.95%
      29           182  6693      廣閎科                  60.00          9.50     0.85%    181.50   182.50   177.00   178.50      209.00   217.00   208.00   215.50    +37.00   +20.73%
      30           127  6173      信昌電                  71.50         22.50     0.82%    268.50   295.00   265.50   295.00      314.50   314.50   292.00   292.00     -3.00    -1.02%
      31           102  3147      大綜                   44.50          0.00     0.74%    226.50   231.00   223.50   223.50      264.50   275.00   257.00   275.00    +51.50   +23.04%
      32            30  4772      台特化                  39.50          0.00     0.66%    246.00   247.00   240.50   242.00      290.00   290.00   277.50   278.00    +36.00   +14.88%
      33            38  6870      騰雲                   74.00         36.00     0.64%    280.00   293.00   280.00   286.50      312.50   323.00   310.50   320.00    +33.50   +11.69%
      34            92  5432      新門                   38.00          0.00     0.64%    157.50   163.00   153.00   153.00      170.00   179.00   164.50   178.00    +25.00   +16.34%
      35            56  6207      雷科                   37.00          0.00     0.62%    115.00   115.00   111.00   112.00      150.50   152.50   145.50   152.00    +40.00   +35.71%
      36           104  6147      頎邦                   46.50          9.50     0.62%    193.50   202.50   189.00   190.50      227.50   228.00   215.50   216.00    +25.50   +13.39%
      37            76  3624      光頡                   46.50         10.50     0.60%    100.50   113.50   100.00   113.50      151.00   154.50   145.50   145.50    +32.00   +28.19%
      38            96  8027      鈦昇                   48.00         12.50     0.59%    178.00   178.00   169.00   174.00      218.00   218.00   208.50   209.50    +35.50   +20.40%
      39            55  7825      和亞智慧                 60.60         26.50     0.57%     91.00   119.50    91.00   109.50       83.60    83.60    80.50    80.60    -28.90   -26.39%
      40           108  6788      華景電                  47.00         14.00     0.55%    349.50   349.50   333.00   333.00      367.00   389.50   360.00   376.50    +43.50   +13.06%
==========================================================================================================================================================================
✅ 共 40 筆


══════════════════════════════════════════════════════════════════════════════════════════════════════════════
  🔄 第  3/15 次  2026/09/09 ～ 2026/10/02
══════════════════════════════════════════════════════════════════════════════════════════════════════════════

==========================================================================================================================================================================
📊 累計漲跌停強度排名 (2026/09/09 ~ 2026/10/02)
==========================================================================================================================================================================
    實資排名        累計天數排名  代號        名稱                 累計漲停(元)       累計跌停(元)       強度%  (09/09)開盤      最高      最低      收盤    (10/02)開盤      最高      最低      收盤      賺賠    賺賠率
--------------------------------------------------------------------------------------------------------------------------------------------------------------------------
       1            18  7856      漢測                 2530.00        585.00    55.60%        --       --       --       --     4330.00  4470.00  4160.00  4195.00        --        --
       2            95  3529      力旺                  920.00        575.00     9.86%   2800.00  2875.00  2680.00  2780.00     3245.00  3290.00  3160.00  3170.00   +390.00   +14.03%
       3           139  6274      台燿                  445.00        175.00     7.72%   1360.00  1405.00  1315.00  1345.00     1540.00  1685.00  1530.00  1620.00   +275.00   +20.45%
       4           142  6488      環球晶                 354.00        112.00     6.92%    961.00   965.00   946.00   955.00     1090.00  1190.00  1075.00  1190.00   +235.00   +24.61%
       5            74  3324      雙鴻                  555.00        380.00     5.00%   1375.00  1400.00  1320.00  1385.00     1540.00  1560.00  1490.00  1505.00   +120.00    +8.66%
       6           127  8227      巨有科技                184.00         14.00     4.86%    183.00   198.00   178.50   198.00      363.50   370.00   351.00   370.00   +172.00   +86.87%
       7           150  3105      穩懋                  192.50         33.50     4.55%    462.00   478.00   457.50   464.00      574.00   591.00   572.00   591.00   +127.00   +27.37%
       8           162  7717      萊德光電-KY             229.00        119.50     3.13%    476.00   512.00   472.00   509.00      553.00   581.00   550.00   561.00    +52.00   +10.22%
       9           159  3675      德微                  121.00         21.50     2.84%    271.50   278.00   270.50   271.50      359.00   378.50   352.50   360.00    +88.50   +32.60%
      10           156  5536      聖暉*                 167.00         77.00     2.57%    857.00   881.00   852.00   862.00      964.00   975.00   938.00   956.00    +94.00   +10.90%
      11           290  6643      M31                 182.50         94.50     2.52%    445.50   446.00   432.50   433.00      520.00   524.00   513.00   516.00    +83.00   +19.17%
      12           100  7792      安葆                  117.50         36.00     2.33%    317.00   328.50   312.50   322.50      429.00   429.00   414.00   425.00   +102.50   +31.78%
      13            87  6683      雍智科技                515.00        435.00     2.29%   1435.00  1505.00  1350.00  1370.00     1595.00  1650.00  1480.00  1490.00   +120.00    +8.76%
      14           130  3293      鈊象                  105.00         34.00     2.03%    711.00   711.00   705.00   708.00      819.00   819.00   778.00   791.00    +83.00   +11.72%
      15           112  4768      晶呈科技                 93.00         24.00     1.97%    301.00   304.00   296.50   303.00      374.00   389.00   372.50   374.50    +71.50   +23.60%
      16           122  3081      聯亞                  620.00        555.00     1.86%   3085.00  3150.00  2820.00  2850.00     2780.00  2925.00  2735.00  2925.00    +75.00    +2.63%
      17           144  2221      大甲                   82.00         18.50     1.82%     85.80    90.00    85.60    87.80      182.00   188.00   177.50   188.00   +100.20  +114.12%
      18            68  3441      聯一光                  61.00          0.00     1.74%    132.50   144.00   129.00   143.50      210.00   222.50   207.00   211.00    +67.50   +47.04%
      19           119  6173      信昌電                  71.50         11.50     1.72%    278.00   281.50   267.00   268.50      300.00   322.50   299.00   303.00    +34.50   +12.85%
      20           119  3455      由田                   58.50          0.00     1.67%    230.00   236.50   229.00   232.00      287.00   295.00   277.00   280.00    +48.00   +20.69%
      21            24  4760      勤凱                   54.50          0.00     1.56%    276.50   278.00   266.50   266.50      302.00   317.00   302.00   317.00    +50.50   +18.95%
      22           166  6538      倉和                  179.00        125.00     1.54%    320.00   353.00   316.50   349.00      369.50   382.00   352.00   372.50    +23.50    +6.73%
      23           122  4542      科嶠                   93.50         40.50     1.52%    280.50   290.00   280.50   282.50      334.00   336.50   325.00   336.50    +54.00   +19.12%
      24           124  6147      頎邦                   58.00          9.50     1.39%    189.00   203.00   189.00   198.00      224.50   227.00   221.00   223.00    +25.00   +12.63%
      25           175  3498      陽程                   73.00         26.50     1.33%    190.50   197.50   187.00   191.00      221.00   226.00   212.00   215.00    +24.00   +12.57%
      26           166  6291      沛亨                  117.50         76.00     1.19%    474.00   506.00   473.50   480.00      492.00   504.00   489.00   493.00    +13.00    +2.71%
      27           144  6693      廣閎科                  50.50          9.50     1.17%    185.50   187.50   181.00   182.00      213.50   214.00   205.00   206.00    +24.00   +13.19%
      28           124  7772      耀穎                   55.00         14.50     1.16%    144.00   144.00   122.00   130.00      183.00   188.50   183.00   186.00    +56.00   +43.08%
      29           122  7751      竑騰                  395.00        355.00     1.14%   1585.00  1640.00  1585.00  1610.00     1650.00  1675.00  1590.00  1590.00    -20.00    -1.24%
      30            30  4772      台特化                  39.50          0.00     1.13%    253.00   253.00   244.50   246.00      272.00   290.50   271.50   281.50    +35.50   +14.43%
      31           213  4991      環宇-KY               166.00        128.00     1.09%    511.00   520.00   495.00   499.00      509.00   534.00   498.50   534.00    +35.00    +7.01%
      32            38  6870      騰雲                   74.00         36.00     1.09%    293.00   298.50   288.50   289.00      314.00   321.50   309.50   312.00    +23.00    +7.96%
      33            56  6207      雷科                   37.00          0.00     1.06%    115.50   119.50   112.00   116.00      145.00   152.50   141.50   148.00    +32.00   +27.59%
      34           149  5386      青雲                   75.50         38.50     1.06%    283.00   283.00   283.00   283.00      292.50   297.50   291.00   292.50     +9.50    +3.36%
      35            76  3624      光頡                   46.50         10.50     1.03%    102.00   106.00    99.80   103.50      151.00   157.50   147.00   148.50    +45.00   +43.48%
      36            96  8027      鈦昇                   48.00         12.50     1.01%    180.00   184.50   177.00   178.00      210.00   217.00   207.00   213.50    +35.50   +19.94%
      37            55  7825      和亞智慧                 60.60         26.50     0.97%        --       --       --       --       86.90    88.90    84.00    84.90        --        --
      38            67  3147      大綜                   34.00          0.00     0.97%    222.50   227.50   221.00   226.50      266.00   273.00   255.00   264.50    +38.00   +16.78%
      39            26  6922      宸曜                   31.50          0.00     0.90%    196.00   198.50   193.00   196.50      221.50   221.50   212.50   212.50    +16.00    +8.14%
      40           161  6290      良維                   48.00         17.00     0.89%    272.50   284.00   271.00   275.00      279.00   280.00   276.00   277.00     +2.00    +0.73%
==========================================================================================================================================================================
✅ 共 40 筆


══════════════════════════════════════════════════════════════════════════════════════════════════════════════
  🔄 第  4/15 次  2026/09/08 ～ 2026/10/01
══════════════════════════════════════════════════════════════════════════════════════════════════════════════

==========================================================================================================================================================================
📊 累計漲跌停強度排名 (2026/09/08 ~ 2026/10/01)
==========================================================================================================================================================================
    實資排名        累計天數排名  代號        名稱                 累計漲停(元)       累計跌停(元)       強度%  (09/08)開盤      最高      最低      收盤    (10/01)開盤      最高      最低      收盤      賺賠    賺賠率
--------------------------------------------------------------------------------------------------------------------------------------------------------------------------
       1            16  7856      漢測                 2530.00        480.00    73.36%        --       --       --       --     4240.00  4470.00  4115.00  4300.00        --        --
       2            93  3529      力旺                 1175.00        500.00    24.15%   2640.00  2825.00  2555.00  2825.00     3305.00  3345.00  3215.00  3245.00   +420.00   +14.87%
       3           138  8227      巨有科技                200.00         14.00     6.66%    166.00   180.00   163.00   180.00      379.50   384.50   342.00   363.50   +183.50  +101.94%
       4            84  6683      雍智科技                515.00        350.00     5.90%   1400.00  1470.00  1395.00  1405.00     1600.00  1640.00  1550.00  1575.00   +170.00   +12.10%
       5           144  6274      台燿                  360.00        200.00     5.73%   1405.00  1430.00  1335.00  1345.00     1530.00  1540.00  1500.00  1535.00   +190.00   +14.13%
       6           153  6488      環球晶                 249.00        128.00     4.33%    986.00  1010.00   944.00   955.00     1055.00  1135.00  1045.00  1085.00   +130.00   +13.61%
       7           297  6643      M31                 209.50         94.50     4.12%    418.50   451.50   414.50   438.00      555.00   557.00   518.00   521.00    +83.00   +18.95%
       8           141  3105      穩懋                  139.50         33.50     3.79%    457.00   458.00   440.00   441.50      546.00   546.00   529.00   538.00    +96.50   +21.86%
       9           159  3675      德微                  121.00         21.50     3.56%    285.50   287.00   274.00   274.00      330.00   360.00   328.00   359.00    +85.00   +31.02%
      10            68  3324      雙鴻                  555.00        460.00     3.40%   1425.00  1425.00  1300.00  1340.00     1530.00  1535.00  1480.00  1525.00   +185.00   +13.81%
      11           123  3293      鈊象                  105.00         11.00     3.36%    714.00   714.00   704.00   708.00      786.00   814.00   785.00   814.00   +106.00   +14.97%
      12           100  7792      安葆                  117.50         36.00     2.92%    315.00   323.00   313.50   316.50      416.00   430.50   410.00   421.00   +104.50   +33.02%
      13           139  7717      萊德光電-KY             219.00        147.50     2.56%    493.50   510.00   456.00   466.00      599.00   600.00   547.00   551.00    +85.00   +18.24%
      14           176  6538      倉和                  195.00        125.00     2.50%    307.00   328.00   299.00   321.00      356.00   370.00   351.00   369.50    +48.50   +15.11%
      15           112  4768      晶呈科技                 93.00         24.00     2.47%    303.50   306.00   300.50   301.00      392.50   403.50   366.00   367.00    +66.00   +21.93%
      16           166  5536      聖暉*                 167.00        100.00     2.40%    885.00   885.00   848.00   851.00      929.00   970.00   919.00   959.00   +108.00   +12.69%
      17           144  2221      大甲                   82.00         18.50     2.27%     87.20    90.90    85.50    85.80      190.50   193.00   178.00   179.00    +93.20  +108.62%
      18           175  6291      沛亨                  138.50         76.00     2.24%    458.00   483.00   458.00   463.50      501.00   507.00   489.00   489.00    +25.50    +5.50%
      19            68  3441      聯一光                  61.00          0.00     2.18%    130.00   134.00   123.50   132.00      189.00   202.50   189.00   202.50    +70.50   +53.41%
      20           119  3455      由田                   58.50          0.00     2.09%    235.00   236.50   227.50   229.50      266.00   292.00   258.00   287.00    +57.50   +25.05%
      21           139  7772      耀穎                   66.50         14.50     1.86%    131.00   131.00   131.00   131.00      181.00   184.00   176.00   184.00    +53.00   +40.46%
      22           124  6147      頎邦                   58.00          9.50     1.74%    191.50   200.00   186.00   186.50      212.00   227.00   212.00   225.50    +39.00   +20.91%
      23           138  6173      信昌電                  71.50         24.50     1.68%    285.00   285.00   267.50   273.50      287.00   316.00   280.50   302.50    +29.00   +10.60%
      24           175  3498      陽程                   73.00         26.50     1.66%    189.00   192.00   185.50   189.50      225.00   228.00   214.00   219.50    +30.00   +15.83%
      25           144  6693      廣閎科                  50.50          9.50     1.47%    185.50   189.00   176.00   187.50      210.00   219.50   205.00   212.50    +25.00   +13.33%
      26           140  4542      科嶠                   93.50         53.50     1.43%    288.00   293.50   275.00   275.00      343.00   343.00   328.00   328.00    +53.00   +19.27%
      27            56  6207      雷科                   37.00          0.00     1.32%    113.50   123.00   113.00   116.50      153.00   158.00   139.50   145.00    +28.50   +24.46%
      28           149  5386      青雲                   75.50         38.50     1.32%    259.50   264.50   257.50   257.50      290.00   290.00   286.00   288.50    +31.00   +12.04%
      29            76  3624      光頡                   46.50         10.50     1.29%     99.70   103.00    96.20    96.60      138.00   151.00   138.00   151.00    +54.40   +56.31%
      30            96  8027      鈦昇                   48.00         12.50     1.27%    181.50   187.00   175.50   177.00      225.00   225.00   207.00   209.50    +32.50   +18.36%
      31           121  7751      竑騰                  395.00        360.00     1.25%   1610.00  1620.00  1545.00  1545.00     1615.00  1650.00  1570.00  1630.00    +85.00    +5.50%
      32            55  7825      和亞智慧                 60.60         26.50     1.22%        --       --       --       --       84.60    88.00    83.50    85.60        --        --
      33            67  3147      大綜                   34.00          0.00     1.22%    222.00   222.50   218.00   218.00      242.00   267.50   240.00   267.50    +49.50   +22.71%
      34           137  6231      系微                   41.50          9.50     1.15%    211.50   235.00   211.00   235.00      235.00   240.00   235.00   237.00     +2.00    +0.85%
      35           161  6290      良維                   48.00         17.00     1.11%    272.00   272.00   262.00   264.50      280.00   281.50   276.00   277.50    +13.00    +4.91%
      36            65  3219      倚強科                  30.80          0.00     1.10%     94.30    97.00    85.70    89.00      132.50   134.00   128.50   131.50    +42.50   +47.75%
      37            67  6811      宏碁資訊                 39.50         10.00     1.06%    226.50   227.50   222.50   224.00      240.50   244.00   238.00   243.50    +19.50    +8.71%
      38            65  6870      騰雲                   74.00         46.00     1.00%    305.00   305.00   288.00   291.50      324.00   324.50   314.50   314.50    +23.00    +7.89%
      39            21  6690      安碁資訊                 27.50          0.00     0.98%    162.00   162.50   162.00   162.00      177.00   177.50   175.00   177.00    +15.00    +9.26%
      40           107  3264      欣銓                   61.00         34.00     0.97%    234.00   242.00   222.50   225.00      243.50   245.50   238.50   245.50    +20.50    +9.11%
==========================================================================================================================================================================
✅ 共 40 筆


══════════════════════════════════════════════════════════════════════════════════════════════════════════════
  🔄 第  5/15 次  2026/09/07 ～ 2026/09/30
══════════════════════════════════════════════════════════════════════════════════════════════════════════════

==========================================================================================================================================================================
📊 累計漲跌停強度排名 (2026/09/07 ~ 2026/09/30)
==========================================================================================================================================================================
    實資排名        累計天數排名  代號        名稱                 累計漲停(元)       累計跌停(元)       強度%  (09/07)開盤      最高      最低      收盤    (09/30)開盤      最高      最低      收盤      賺賠    賺賠率
--------------------------------------------------------------------------------------------------------------------------------------------------------------------------
       1            11  7856      漢測                 2480.00        480.00    36.56%        --       --       --       --     4340.00  4400.00  4235.00  4250.00        --        --
       2            26  5274      信驊                 5320.00       4045.00    23.31%  19215.00 19215.00 18700.00 19215.00    19525.00 19675.00 18680.00 18750.00   -465.00    -2.42%
       3            92  3529      力旺                 1360.00        440.00    16.82%   2435.00  2590.00  2385.00  2570.00     3450.00  3635.00  3305.00  3305.00   +735.00   +28.60%
       4            78  6683      雍智科技                565.00        335.00     4.20%   1455.00  1495.00  1395.00  1410.00     1495.00  1605.00  1490.00  1590.00   +180.00   +12.77%
       5           138  8227      巨有科技                200.00         14.00     3.40%    160.50   169.50   158.00   164.00      370.50   370.50   370.50   370.50   +206.50  +125.91%
       6           145  7717      萊德光電-KY             263.50         94.50     3.09%    492.50   494.00   492.00   494.00      600.00   618.00   590.00   604.00   +110.00   +22.27%
       7           288  6643      M31                 209.50         60.50     2.72%    415.50   415.50   408.00   411.00      506.00   555.00   500.00   555.00   +144.00   +35.04%
       8           130  6274      台燿                  345.00        200.00     2.65%   1395.00  1405.00  1345.00  1370.00     1500.00  1550.00  1485.00  1520.00   +150.00   +10.95%
       9           188  8299      群聯                  425.00        290.00     2.47%   2075.00  2115.00  2065.00  2095.00     2150.00  2215.00  2140.00  2150.00    +55.00    +2.63%
      10            98  3131      弘塑                  560.00        425.00     2.47%   2400.00  2585.00  2390.00  2555.00     2505.00  2590.00  2435.00  2525.00    -30.00    -1.17%
      11           141  3105      穩懋                  139.50         33.50     1.94%    453.50   463.00   446.50   450.50      509.00   542.00   509.00   542.00    +91.50   +20.31%
      12            95  4768      晶呈科技                 93.00         11.00     1.50%    306.00   309.00   300.50   303.00      365.00   382.00   360.00   380.00    +77.00   +25.41%
      13           132  2221      大甲                   82.00          0.00     1.50%     90.00    90.60    83.70    86.70      178.00   198.00   170.00   197.50   +110.80  +127.80%
      14           100  7792      安葆                  117.50         36.00     1.49%    308.00   319.50   308.00   314.50      420.00   424.00   413.00   424.00   +109.50   +34.82%
      15           152  3675      德微                   92.00         21.50     1.29%    283.50   290.00   279.50   282.00      337.00   338.00   328.50   330.00    +48.00   +17.02%
      16           115  3293      鈊象                   79.00         11.00     1.24%    714.00   714.00   707.00   710.00      781.00   791.00   777.00   788.00    +78.00   +10.99%
      17           171  7772      耀穎                   77.00         14.50     1.14%    119.50   119.50   119.50   119.50      180.00   180.00   175.00   176.00    +56.50   +47.28%
      18           165  6488      環球晶                 199.00        138.00     1.12%    990.00  1015.00   966.00   971.00      966.00  1035.00   953.00  1035.00    +64.00    +6.59%
      19           167  6291      沛亨                  138.50         79.00     1.09%    457.00   459.50   440.50   442.50      504.00   510.00   494.00   500.00    +57.50   +12.99%
      20           136  6173      信昌電                  83.50         24.50     1.08%    273.50   286.50   273.00   286.50      301.00   303.50   288.00   288.50     +2.00    +0.70%
      21           158  6538      倉和                  181.50        125.00     1.03%    295.50   315.00   281.50   305.00      360.50   374.50   355.00   356.00    +51.00   +16.72%
      22           152  3498      陽程                   73.00         17.00     1.02%    194.00   196.00   188.50   189.50      234.50   234.50   221.00   229.00    +39.50   +20.84%
      23           126  4542      科嶠                   93.50         37.50     1.02%    284.50   291.00   278.50   288.00      345.00   347.00   338.00   344.00    +56.00   +19.44%
      24            71  3324      雙鴻                  555.00        505.00     0.91%   1505.00  1505.00  1425.00  1440.00     1620.00  1645.00  1530.00  1530.00    +90.00    +6.25%
      25            78  8027      鈦昇                   48.00          0.00     0.88%    185.00   186.00   180.00   185.50      222.00   222.00   219.00   222.00    +36.50   +19.68%
      26           175  5536      聖暉*                 148.00        100.00     0.88%    858.00   888.00   851.00   874.00      908.00   935.00   908.00   919.00    +45.00    +5.15%
      27           144  6693      廣閎科                  50.50          9.50     0.75%    189.50   196.50   183.00   184.50      222.50   223.50   210.00   211.50    +27.00   +14.63%
      28            92  6870      騰雲                   85.50         46.00     0.72%    291.00   315.00   284.50   301.50      331.00   331.00   315.00   323.50    +22.00    +7.30%
      29            87  7728      光焱科技                112.00         73.00     0.71%    621.00   635.00   601.00   622.00      615.00   667.00   615.00   667.00    +45.00    +7.23%
      30            49  6667      信紘科                  39.00          0.00     0.71%    245.50   261.50   245.50   255.00      261.00   263.50   259.50   262.00     +7.00    +2.75%
      31           108  3455      由田                   38.50          0.00     0.70%    242.50   242.50   233.00   235.00      268.50   279.00   260.50   267.00    +32.00   +13.62%
      32            56  6207      雷科                   37.00          0.00     0.68%    113.50   115.00   110.00   112.50      141.00   151.00   140.00   151.00    +38.50   +34.22%
      33           149  5386      青雲                   75.50         38.50     0.68%    260.50   265.00   259.50   259.50      290.50   291.50   285.50   290.00    +30.50   +11.75%
      34            55  7825      和亞智慧                 60.60         26.50     0.62%        --       --       --       --       82.60    86.50    81.40    84.40        --        --
      35            98  5432      新門                   34.00          0.00     0.62%    159.00   170.00   154.00   164.50      162.00   162.50   159.50   160.00     -4.50    -2.74%
      36           165  3693      營邦                  138.00        105.00     0.60%    669.00   700.00   665.00   682.00      708.00   713.00   687.00   687.00     +5.00    +0.73%
      37           158  8064      東捷                   44.50         11.50     0.60%    115.00   123.00   109.00   122.50      144.00   155.00   144.00   145.50    +23.00   +18.78%
      38           111  6147      頎邦                   42.00          9.50     0.59%    184.50   198.00   182.50   191.00      211.50   214.50   209.00   209.50    +18.50    +9.69%
      39           137  6231      系微                   41.50          9.50     0.58%    214.50   214.50   212.00   214.00      240.50   243.00   234.50   235.00    +21.00    +9.81%
      40            70  3441      聯一光                  43.00         12.00     0.57%    140.00   141.50   129.00   131.00      184.50   187.00   181.50   184.50    +53.50   +40.84%
==========================================================================================================================================================================
✅ 共 40 筆


══════════════════════════════════════════════════════════════════════════════════════════════════════════════
  🔄 第  6/15 次  2026/09/04 ～ 2026/09/29
══════════════════════════════════════════════════════════════════════════════════════════════════════════════

==========================================================================================================================================================================
📊 累計漲跌停強度排名 (2026/09/04 ~ 2026/09/29)
==========================================================================================================================================================================
    實資排名        累計天數排名  代號        名稱                 累計漲停(元)       累計跌停(元)       強度%  (09/04)開盤      最高      最低      收盤    (09/29)開盤      最高      最低      收盤      賺賠    賺賠率
--------------------------------------------------------------------------------------------------------------------------------------------------------------------------
       1             7  7856      漢測                 2480.00        415.00    29.93%        --       --       --       --     4580.00  4580.00  4255.00  4315.00        --        --
       2            26  5274      信驊                 5320.00       3780.00    22.32%  18490.00 18490.00 17410.00 17470.00    20430.00 20430.00 19040.00 19395.00  +1925.00   +11.02%
       3           103  3529      力旺                 1415.00        440.00    14.13%   2420.00  2515.00  2355.00  2385.00     3175.00  3410.00  3145.00  3305.00   +920.00   +38.57%
       4            73  3324      雙鴻                  690.00        405.00     4.13%   1465.00  1485.00  1410.00  1485.00     1680.00  1680.00  1595.00  1630.00   +145.00    +9.76%
       5           137  7717      萊德光電-KY             292.00         94.50     2.86%    416.00   449.50   416.00   449.50      607.00   612.00   588.00   592.00   +142.50   +31.70%
       6           127  8227      巨有科技                166.50         14.00     2.21%    159.00   160.00   155.00   158.50      313.00   337.00   308.00   337.00   +178.50  +112.62%
       7            78  7828      創新服務                785.00        640.00     2.10%   1810.00  1930.00  1775.00  1930.00     1980.00  1980.00  1900.00  1900.00    -30.00    -1.55%
       8            38  6223      旺矽                 1485.00       1350.00     1.96%   5175.00  5280.00  5090.00  5155.00     5400.00  5400.00  5140.00  5185.00    +30.00    +0.58%
       9           145  6274      台燿                  330.00        200.00     1.88%   1390.00  1425.00  1295.00  1365.00     1495.00  1515.00  1465.00  1485.00   +120.00    +8.79%
      10           208  8299      群聯                  405.00        290.00     1.67%   2025.00  2050.00  1970.00  2015.00     2105.00  2135.00  2080.00  2115.00   +100.00    +4.96%
      11           115  3131      弘塑                  530.00        425.00     1.52%   2435.00  2460.00  2345.00  2385.00     2420.00  2550.00  2420.00  2475.00    +90.00    +3.77%
      12           113  3491      昇達科                 455.00        355.00     1.45%   1465.00  1520.00  1425.00  1505.00     1595.00  1630.00  1510.00  1510.00     +5.00    +0.33%
      13           282  6643      M31                 159.50         60.50     1.43%    410.50   413.50   405.50   407.50      509.00   534.00   502.00   505.00    +97.50   +23.93%
      14           129  7751      竑騰                  470.00        380.00     1.30%   1510.00  1610.00  1465.00  1610.00     1515.00  1560.00  1470.00  1555.00    -55.00    -3.42%
      15            80  6683      雍智科技                450.00        360.00     1.30%   1420.00  1460.00  1335.00  1360.00     1515.00  1540.00  1450.00  1475.00   +115.00    +8.46%
      16           176  6538      倉和                  208.50        125.00     1.21%    261.50   300.00   257.50   300.00      400.00   417.00   358.50   358.50    +58.50   +19.50%
      17           100  7792      安葆                  117.50         36.00     1.18%    309.50   311.00   296.50   308.00      427.50   430.00   400.00   416.00   +108.00   +35.06%
      18           161  6173      信昌電                 103.00         24.50     1.14%    260.00   265.00   254.50   260.50      303.00   314.00   296.50   297.50    +37.00   +14.20%
      19           110  4768      晶呈科技                 86.00         11.00     1.09%    300.50   308.00   291.00   306.00      325.50   357.50   323.00   357.50    +51.50   +16.83%
      20           217  7772      耀穎                   86.50         14.50     1.04%    109.00   109.00   109.00   109.00      176.00   179.50   172.50   176.00    +67.00   +61.47%
      21           152  3675      德微                   92.00         21.50     1.02%    281.00   283.50   268.00   282.00      337.50   354.50   331.00   334.00    +52.00   +18.44%
      22           115  3293      鈊象                   79.00         11.00     0.99%    710.00   710.00   703.00   709.00      774.00   796.00   766.00   779.00    +70.00    +9.87%
      23           174  5536      聖暉*                 167.00        100.00     0.97%    832.00   855.00   822.00   853.00      902.00   907.00   886.00   902.00    +49.00    +5.74%
      24           117  2221      大甲                   64.50          0.00     0.93%     95.70    98.50    90.30    90.80      169.00   180.00   167.50   180.00    +89.20   +98.24%
      25           187  3693      營邦                  153.00         90.00     0.91%    669.00   678.00   644.00   663.00      719.00   734.00   701.00   702.00    +39.00    +5.88%
      26            70  6667      信紘科                  60.50          0.00     0.88%    231.00   239.50   230.50   239.50      260.50   264.00   258.50   259.00    +19.50    +8.14%
      27           167  6291      沛亨                  138.50         79.00     0.86%    470.00   477.00   436.50   456.50      484.00   501.00   481.00   499.00    +42.50    +9.31%
      28           134  3105      穩懋                   90.50         33.50     0.83%    465.00   465.00   438.50   449.50      496.50   498.50   484.50   493.00    +43.50    +9.68%
      29           152  3498      陽程                   73.00         17.00     0.81%    197.50   201.00   185.50   194.00      216.00   235.00   212.00   235.00    +41.00   +21.13%
      30           126  4542      科嶠                   93.50         37.50     0.81%    282.50   290.00   277.00   283.50      329.00   342.00   329.00   339.00    +55.50   +19.58%
      31           108  6739      竹陞科技                435.00        385.00     0.72%   1100.00  1140.00  1080.00  1135.00     1100.00  1135.00  1090.00  1125.00    -10.00    -0.88%
      32           155  6290      良維                   62.00         17.00     0.65%    248.50   270.00   247.50   270.00      272.50   274.00   267.00   269.50     -0.50    -0.19%
      33           101  3441      聯一光                  56.00         12.00     0.64%    134.00   143.00   129.50   143.00      177.50   185.00   176.00   185.00    +42.00   +29.37%
      34           200  8064      東捷                   54.50         11.50     0.62%    104.50   112.00   104.00   112.00      139.00   148.50   138.00   141.50    +29.50   +26.34%
      35           144  6693      廣閎科                  50.50          9.50     0.59%    183.50   189.50   174.50   181.50      206.50   220.50   203.50   218.00    +36.50   +20.11%
      36            92  6870      騰雲                   85.50         46.00     0.57%    295.50   295.50   283.00   290.00      335.50   335.50   328.50   330.50    +40.50   +13.97%
      37           108  3455      由田                   38.50          0.00     0.56%    248.00   249.00   231.50   236.50      258.50   276.00   256.00   267.00    +30.50   +12.90%
      38           149  5386      青雲                   75.50         38.50     0.54%    263.50   266.50   252.00   258.50      285.50   287.00   281.00   285.00    +26.50   +10.25%
      39           199  3374      精材                  154.00        117.50     0.53%    420.00   430.00   403.00   430.00      439.50   457.00   436.50   455.00    +25.00    +5.81%
      40           175  6620      漢達                   57.50         22.50     0.51%    105.00   107.50    97.10   107.50      125.00   136.00   123.50   136.00    +28.50   +26.51%
==========================================================================================================================================================================
✅ 共 40 筆


══════════════════════════════════════════════════════════════════════════════════════════════════════════════
  🔄 第  7/15 次  2026/09/03 ～ 2026/09/24
══════════════════════════════════════════════════════════════════════════════════════════════════════════════

==========================================================================================================================================================================
📊 累計漲跌停強度排名 (2026/09/03 ~ 2026/09/24)
==========================================================================================================================================================================
    實資排名        累計天數排名  代號        名稱                 累計漲停(元)       累計跌停(元)       強度%  (09/03)開盤      最高      最低      收盤    (09/24)開盤      最高      最低      收盤      賺賠    賺賠率
--------------------------------------------------------------------------------------------------------------------------------------------------------------------------
       1             5  7856      漢測                 2480.00        125.00    39.87%        --       --       --       --     4675.00  4695.00  4530.00  4605.00        --        --
       2            26  5274      信驊                 5445.00       3340.00    35.64%  17735.00 18790.00 17360.00 17850.00    20485.00 20505.00 19705.00 19835.00  +1985.00   +11.12%
       3           110  3529      力旺                 1340.00        505.00    14.14%   2410.00  2485.00  2330.00  2330.00     3250.00  3315.00  3160.00  3230.00   +900.00   +38.63%
       4            72  3324      雙鴻                  690.00        410.00     4.74%   1435.00  1455.00  1320.00  1350.00     1595.00  1750.00  1590.00  1710.00   +360.00   +26.67%
       5            71  7828      創新服務                785.00        570.00     3.64%   1770.00  1855.00  1720.00  1755.00     1970.00  2030.00  1945.00  1970.00   +215.00   +12.25%
       6           179  7717      萊德光電-KY             292.00        108.50     3.11%    425.00   429.50   409.00   409.00      602.00   608.00   588.00   594.00   +185.00   +45.23%
       7           167  6538      倉和                  233.00         85.50     2.50%    273.00   273.00   273.00   273.00      403.00   409.50   389.00   398.00   +125.00   +45.79%
       8           120  8227      巨有科技                136.00         14.00     2.07%    160.50   163.00   156.00   156.50      305.00   309.00   295.00   306.50   +150.00   +95.85%
       9            37  6223      旺矽                 1485.00       1365.00     2.03%   5370.00  5370.00  5000.00  5045.00     5555.00  5625.00  5370.00  5415.00   +370.00    +7.33%
      10           122  3491      昇達科                 455.00        350.00     1.78%   1445.00  1485.00  1375.00  1405.00     1545.00  1565.00  1520.00  1555.00   +150.00   +10.68%
      11            83  7792      安葆                  117.50         16.50     1.71%    309.50   315.50   305.00   305.00      415.00   453.00   415.00   435.50   +130.50   +42.79%
      12           306  6643      M31                 159.50         63.50     1.63%    417.50   423.00   402.50   403.00      471.00   524.00   471.00   515.00   +112.00   +27.79%
      13           174  3693      營邦                  153.00         63.00     1.52%    650.00   690.00   638.00   648.00      732.00   748.00   713.00   729.00    +81.00   +12.50%
      14           135  6274      台燿                  330.00        255.00     1.27%   1420.00  1430.00  1340.00  1345.00     1485.00  1530.00  1475.00  1495.00   +150.00   +11.15%
      15           217  7772      耀穎                   86.50         14.50     1.22%     91.50    99.50    90.50    99.50      173.00   182.00   170.50   180.00    +80.50   +80.90%
      16           152  3675      德微                   92.00         21.50     1.19%    280.50   292.00   275.00   277.00      332.00   335.00   320.50   335.00    +58.00   +20.94%
      17           174  5536      聖暉*                 167.00        100.00     1.13%    822.00   847.00   817.00   817.00      890.00   905.00   881.00   902.00    +85.00   +10.40%
      18           156  6291      沛亨                  141.50         79.00     1.06%    453.00   484.00   453.00   458.00      486.50   497.00   478.50   484.00    +26.00    +5.68%
      19            70  6667      信紘科                  60.50          0.00     1.02%    216.50   221.50   216.00   218.00      260.00   264.00   256.50   261.50    +43.50   +19.95%
      20           197  8299      群聯                  405.00        345.00     1.02%   2085.00  2120.00  1990.00  2000.00     2195.00  2195.00  2095.00  2125.00   +125.00    +6.25%
      21            78  6683      雍智科技                450.00        390.00     1.02%   1470.00  1475.00  1360.00  1385.00     1555.00  1585.00  1495.00  1520.00   +135.00    +9.75%
      22           193  6173      信昌電                 103.00         44.00     1.00%    258.50   258.50   237.50   241.00      303.00   314.00   300.50   306.50    +65.50   +27.18%
      23           104  3293      鈊象                   61.00         11.00     0.85%    705.00   710.00   702.00   703.00      734.00   774.00   734.00   761.00    +58.00    +8.25%
      24           104  2221      大甲                   48.50          0.00     0.82%     84.20    91.50    84.20    91.50      158.00   164.50   158.00   164.00    +72.50   +79.23%
      25           200  8064      東捷                   54.50         11.50     0.73%    105.50   114.50   101.50   102.00      131.00   142.00   130.50   139.00    +37.00   +36.27%
      26           104  4768      晶呈科技                 53.50         11.00     0.72%    301.00   305.00   290.50   290.50      325.00   328.00   315.00   325.00    +34.50   +11.88%
      27           144  6693      廣閎科                  50.50          9.50     0.69%    175.50   187.00   175.50   178.50      201.50   212.50   194.00   209.50    +31.00   +17.37%
      28            92  6870      騰雲                   85.50         46.00     0.67%    292.00   296.50   281.00   288.00      336.50   340.00   318.00   336.50    +48.50   +16.84%
      29           155  3441      聯一光                  56.00         21.50     0.58%    142.00   144.00   130.00   130.00      176.00   181.00   175.00   181.00    +51.00   +39.23%
      30            55  7825      和亞智慧                 60.60         26.50     0.58%        --       --       --       --       75.50    82.20    75.50    82.20        --        --
      31           206  6290      良維                   62.00         28.00     0.58%    257.00   261.50   245.00   245.50      270.00   280.50   270.00   274.00    +28.50   +11.61%
      32            98  5432      新門                   34.00          0.00     0.58%    152.00   155.00   147.00   153.00      163.50   169.00   163.00   167.50    +14.50    +9.48%
      33           106  6617      共信-KY                34.00          0.00     0.58%    119.50   119.50   113.50   113.50      139.00   141.00   136.50   137.00    +23.50   +20.70%
      34           161  3105      穩懋                   90.50         56.50     0.58%    478.00   490.00   440.00   446.50      495.50   506.00   482.00   502.00    +55.50   +12.43%
      35           111  6147      頎邦                   42.00          9.50     0.55%    183.50   199.50   174.00   189.00      214.50   215.00   210.50   213.50    +24.50   +12.96%
      36           137  6231      系微                   41.50          9.50     0.54%    218.50   219.50   208.00   208.00      229.00   237.50   223.00   235.00    +27.00   +12.98%
      37            67  6811      宏碁資訊                 39.50         10.00     0.50%    224.50   225.00   219.50   220.00      249.00   250.50   242.50   244.50    +24.50   +11.14%
      38           196  3680      家登                  123.50         94.50     0.49%    530.00   544.00   512.00   512.00      531.00   546.00   528.00   542.00    +30.00    +5.86%
      39            21  6690      安碁資訊                 27.50          0.00     0.47%    166.50   166.50   162.50   162.50      180.00   181.00   177.50   179.00    +16.50   +10.15%
      40           107  3264      欣銓                   61.00         34.00     0.46%    237.00   237.00   226.00   226.00      250.00   255.00   244.00   246.00    +20.00    +8.85%
==========================================================================================================================================================================
✅ 共 40 筆


══════════════════════════════════════════════════════════════════════════════════════════════════════════════
  🔄 第  8/15 次  2026/09/02 ～ 2026/09/23
══════════════════════════════════════════════════════════════════════════════════════════════════════════════

==========================================================================================================================================================================
📊 累計漲跌停強度排名 (2026/09/02 ~ 2026/09/23)
==========================================================================================================================================================================
    實資排名        累計天數排名  代號        名稱                 累計漲停(元)       累計跌停(元)       強度%  (09/02)開盤      最高      最低      收盤    (09/23)開盤      最高      最低      收盤      賺賠    賺賠率
--------------------------------------------------------------------------------------------------------------------------------------------------------------------------
       1            26  5274      信驊                 6050.00       2895.00    48.00%  17120.00 18395.00 17120.00 17725.00    20385.00 20620.00 19780.00 20280.00  +2555.00   +14.41%
       2             1  7856      漢測                 2480.00          0.00    37.73%        --       --       --       --     4800.00  4800.00  4520.00  4730.00        --        --
       3           105  3529      力旺                 1340.00        675.00    10.12%   2595.00  2600.00  2395.00  2395.00     3190.00  3350.00  3020.00  3305.00   +910.00   +38.00%
       4            68  6510      精測                 1175.00        825.00     5.32%   3290.00  3435.00  3235.00  3435.00     3735.00  3740.00  3420.00  3475.00    +40.00    +1.16%
       5            73  6683      雍智科技                580.00        355.00     3.42%   1405.00  1460.00  1400.00  1460.00     1595.00  1605.00  1540.00  1555.00    +95.00    +6.51%
       6            75  3324      雙鴻                  635.00        410.00     3.42%   1375.00  1465.00  1370.00  1435.00     1605.00  1630.00  1555.00  1595.00   +160.00   +11.15%
       7            37  6223      旺矽                 1485.00       1280.00     3.12%   5410.00  5535.00  5260.00  5290.00     5445.00  5625.00  5335.00  5620.00   +330.00    +6.24%
       8           168  7717      萊德光電-KY             292.00         94.50     3.00%    423.00   434.00   421.00   423.00      601.00   631.00   596.00   608.00   +185.00   +43.74%
       9           163  6538      倉和                  255.50         73.00     2.78%    248.50   248.50   248.50   248.50      440.00   457.50   405.00   410.50   +162.00   +65.19%
      10            79  7828      創新服務                785.00        620.00     2.51%   1780.00  1810.00  1740.00  1760.00     1940.00  2025.00  1910.00  1970.00   +210.00   +11.93%
      11           120  8227      巨有科技                136.00         14.00     1.86%    161.50   167.00   160.50   160.50      308.50   310.00   290.00   310.00   +149.50   +93.15%
      12           183  3693      營邦                  171.00         63.00     1.64%    627.00   654.00   626.00   642.00      706.00   738.00   705.00   732.00    +90.00   +14.02%
      13           199  8299      群聯                  405.00        315.00     1.37%   2100.00  2115.00  2060.00  2065.00     2280.00  2350.00  2200.00  2215.00   +150.00    +7.26%
      14            72  7792      安葆                   97.50         16.50     1.23%    316.50   316.50   305.50   308.00      378.50   415.50   378.00   415.50   +107.50   +34.90%
      15           116  3491      昇達科                 455.00        375.00     1.22%   1445.00  1465.00  1405.00  1445.00     1490.00  1575.00  1490.00  1565.00   +120.00    +8.30%
      16           166  6291      沛亨                  157.50         79.00     1.19%    423.50   465.50   423.50   440.00      501.00   504.00   485.00   493.00    +53.00   +12.05%
      17           217  7772      耀穎                   86.50         14.50     1.10%     91.50    92.00    88.80    90.50      199.00   199.00   171.00   173.50    +83.00   +91.71%
      18           152  3675      德微                   92.00         21.50     1.07%    280.00   280.50   273.50   274.00      309.00   332.00   307.50   332.00    +58.00   +21.17%
      19            70  6667      信紘科                  60.50          0.00     0.92%    216.50   217.00   215.00   217.00      263.50   268.50   257.50   261.50    +44.50   +20.51%
      20           193  6173      信昌電                 103.00         44.00     0.90%    255.00   263.50   253.50   260.50      306.00   313.00   301.00   302.50    +42.00   +16.12%
      21           299  6643      M31                 121.00         63.50     0.87%    424.00   424.00   413.00   416.00      497.00   501.00   475.00   476.50    +60.50   +14.54%
      22           103  6870      騰雲                  100.50         46.00     0.83%    275.00   299.00   275.00   292.00      306.50   328.50   298.50   328.50    +36.50   +12.50%
      23           104  2221      大甲                   48.50          0.00     0.74%     78.50    85.40    78.10    83.20      166.00   168.50   149.50   158.50    +75.30   +90.50%
      24           200  8064      東捷                   54.50         11.50     0.65%    105.00   107.00   104.00   104.50      135.00   137.50   133.00   133.00    +28.50   +27.27%
      25           220  3374      精材                  154.00        114.00     0.61%    418.00   430.00   413.00   419.50      486.00   486.00   463.00   472.00    +52.50   +12.51%
      26           155  3441      聯一光                  56.00         21.50     0.52%    133.00   140.00   130.00   139.50      180.50   180.50   175.50   177.50    +38.00   +27.24%
      27            55  7825      和亞智慧                 60.60         26.50     0.52%        --       --       --       --       75.30    76.80    74.80    74.80        --        --
      28           206  6290      良維                   62.00         28.00     0.52%    259.00   263.00   256.00   256.50      277.50   281.50   272.50   274.00    +17.50    +6.82%
      29            98  5432      新門                   34.00          0.00     0.52%    151.50   152.50   147.50   149.00      154.50   166.50   151.50   163.50    +14.50    +9.73%
      30           106  6617      共信-KY                34.00          0.00     0.52%    120.00   122.00   116.50   120.50      142.00   143.50   136.50   142.00    +21.50   +17.84%
      31           133  4768      晶呈科技                 53.50         20.50     0.50%    307.00   307.50   298.00   298.00      319.00   337.00   311.00   329.00    +31.00   +10.40%
      32           111  6147      頎邦                   42.00          9.50     0.49%    180.00   186.50   178.50   182.50      221.00   227.00   213.50   214.50    +32.00   +17.53%
      33            67  6811      宏碁資訊                 39.50         10.00     0.45%    223.50   225.00   223.50   224.50      253.00   253.00   247.00   248.50    +24.00   +10.69%
      34            21  6690      安碁資訊                 27.50          0.00     0.42%    164.00   165.50   163.00   165.50      178.50   179.00   177.00   178.50    +13.00    +7.85%
      35           107  3264      欣銓                   61.00         34.00     0.41%    234.00   239.50   232.00   233.50      273.00   273.50   250.50   252.00    +18.50    +7.92%
      36           215  7744      崴寶                  132.00        105.50     0.40%    501.00   540.00   490.00   540.00      545.00   546.00   530.00   534.00     -6.00    -1.11%
      37           137  4542      科嶠                   82.50         56.00     0.40%    295.00   309.00   290.00   297.50      325.50   335.00   317.00   331.50    +34.00   +11.43%
      38           157  6620      漢達                   45.50         22.50     0.35%     87.90    95.40    87.70    95.40      126.50   132.50   125.00   130.00    +34.60   +36.27%
      39            59  3624      光頡                   33.00         10.50     0.34%     89.80    92.90    89.00    89.00      122.00   134.00   122.00   134.00    +45.00   +50.56%
      40           115  6231      系微                   31.50          9.50     0.33%    219.00   220.50   215.00   216.00      224.50   226.00   221.50   225.00     +9.00    +4.17%
==========================================================================================================================================================================
✅ 共 40 筆


══════════════════════════════════════════════════════════════════════════════════════════════════════════════
  🔄 第  9/15 次  2026/09/01 ～ 2026/09/22
══════════════════════════════════════════════════════════════════════════════════════════════════════════════

==========================================================================================================================================================================
📊 累計漲跌停強度排名 (2026/09/01 ~ 2026/09/22)
==========================================================================================================================================================================
    實資排名        累計天數排名  代號        名稱                 累計漲停(元)       累計跌停(元)       強度%  (09/01)開盤      最高      最低      收盤    (09/22)開盤      最高      最低      收盤      賺賠    賺賠率
--------------------------------------------------------------------------------------------------------------------------------------------------------------------------
       1            26  5274      信驊                 7105.00       2270.00    48.26%  16210.00 17670.00 16000.00 17120.00    21800.00 21800.00 20625.00 20905.00  +3785.00   +22.11%
       2             1  7856      漢測                 2480.00          0.00    24.75%        --       --       --       --     4400.00  4995.00  4305.00  4730.00        --        --
       3            69  6510      精測                 1455.00        600.00     8.53%   2925.00  3125.00  2925.00  3125.00     3515.00  3775.00  3460.00  3700.00   +575.00   +18.40%
       4           107  3529      力旺                 1385.00        675.00     7.09%   2490.00  2640.00  2490.00  2640.00     2895.00  3110.00  2890.00  3110.00   +470.00   +17.80%
       5            73  6683      雍智科技                700.00        320.00     3.79%   1330.00  1330.00  1330.00  1330.00     1645.00  1655.00  1585.00  1590.00   +260.00   +19.55%
       6            80  3324      雙鴻                  760.00        410.00     3.49%   1300.00  1375.00  1300.00  1375.00     1580.00  1630.00  1545.00  1600.00   +225.00   +16.36%
       7           182  6538      倉和                  276.00         38.00     2.38%    224.00   226.00   224.00   226.00      440.00   468.00   416.50   445.50   +219.50   +97.12%
       8            38  6223      旺矽                 1490.00       1280.00     2.10%   5200.00  5585.00  5090.00  5410.00     5615.00  5735.00  5090.00  5345.00    -65.00    -1.20%
       9           152  7717      萊德光電-KY             279.00         94.50     1.84%    430.00   443.50   424.50   429.50      606.00   621.00   586.00   595.00   +165.50   +38.53%
      10            90  7828      創新服務                780.00        620.00     1.60%   1800.00  1845.00  1745.00  1810.00     2110.00  2110.00  1920.00  1920.00   +110.00    +6.08%
      11           120  8227      巨有科技                136.00         14.00     1.22%    161.00   172.00   160.00   164.00      299.50   316.00   295.00   305.00   +141.00   +85.98%
      12           195  6291      沛亨                  176.50         79.00     0.97%    405.00   434.00   405.00   424.00      520.00   520.00   492.50   501.00    +77.00   +18.16%
      13           203  3693      營邦                  159.00         63.00     0.96%    610.00   644.00   600.00   624.00      719.00   739.00   697.00   700.00    +76.00   +12.18%
      14           120  3491      昇達科                 470.00        375.00     0.95%   1425.00  1505.00  1390.00  1480.00     1550.00  1555.00  1480.00  1480.00     +0.00    +0.00%
      15           201  7772      耀穎                   86.50          0.00     0.86%     88.50    93.00    88.50    91.00      177.50   188.00   176.00   188.00    +97.00  +106.59%
      16           323  6643      M31                 131.50         50.50     0.81%    412.50   438.00   412.50   422.00      482.50   520.00   482.00   489.50    +67.50   +16.00%
      17           228  6173      信昌電                 118.50         44.00     0.74%    255.50   270.50   254.00   261.50      330.50   331.00   300.00   303.00    +41.50   +15.87%
      18           208  6488      環球晶                 245.00        184.00     0.61%    908.00   998.00   908.00   994.00      950.00  1010.00   950.00   971.00    -23.00    -2.31%
      19           142  3264      欣銓                   70.50          9.50     0.61%    233.00   239.00   232.50   237.50      289.00   289.50   274.50   276.50    +39.00   +16.42%
      20            70  6667      信紘科                  60.50          0.00     0.60%    217.50   217.50   214.00   217.50      260.50   268.00   259.50   263.50    +46.00   +21.15%
      21           106  7792      安葆                   73.00         16.50     0.56%    305.50   319.50   302.50   314.00      345.00   378.00   332.00   378.00    +64.00   +20.38%
      22           194  3105      穩懋                  135.00         79.00     0.56%    448.50   492.00   444.00   492.00      501.00   515.00   489.00   501.00     +9.00    +1.83%
      23           206  3374      精材                  154.00         99.00     0.55%    422.50   431.00   412.00   421.50      465.00   487.00   459.00   487.00    +65.50   +15.54%
      24           191  3680      家登                  158.50        106.50     0.52%    517.00   542.00   514.00   542.00      552.00   556.00   538.00   538.00     -4.00    -0.74%
      25           115  6870      騰雲                   96.00         46.00     0.50%    259.00   277.00   259.00   277.00      312.00   314.00   299.00   299.00    +22.00    +7.94%
      26           104  2221      大甲                   48.50          0.00     0.48%     76.00    80.00    75.70    77.70      152.00   154.00   147.50   154.00    +76.30   +98.20%
      27           200  8064      東捷                   54.50         11.50     0.43%    103.50   108.50   103.50   105.00      139.00   142.00   133.00   134.00    +29.00   +27.62%
      28           145  3675      德微                   62.00         21.50     0.40%    274.00   286.00   274.00   278.50      304.00   308.00   295.50   302.00    +23.50    +8.44%
      29           175  4542      科嶠                   95.50         56.00     0.39%    306.00   319.00   302.50   306.00      318.00   332.50   310.00   332.50    +26.50    +8.66%
      30           155  3441      聯一光                  56.00         21.50     0.34%    137.00   139.00   130.00   133.00      175.50   181.50   172.50   181.00    +48.00   +36.09%
      31            55  7825      和亞智慧                 60.60         26.50     0.34%        --       --       --       --       77.40    77.50    74.90    75.50        --        --
      32           206  6290      良維                   62.00         28.00     0.34%    252.00   268.00   251.00   259.50      286.00   291.50   275.50   276.00    +16.50    +6.36%
      33           106  6617      共信-KY                34.00          0.00     0.34%    121.00   124.50   119.50   122.00      140.50   142.00   138.00   141.00    +19.00   +15.57%
      34            73  6217      中探針                  33.00          0.00     0.33%    174.50   189.50   171.50   189.50      180.00   180.00   169.00   170.50    -19.00   -10.03%
      35           111  6147      頎邦                   42.00          9.50     0.32%    178.00   187.00   175.50   183.50      230.00   233.00   218.00   219.00    +35.50   +19.35%
      36            67  6811      宏碁資訊                 39.50         10.00     0.29%    226.50   226.50   224.50   226.50      260.50   260.50   250.00   251.50    +25.00   +11.04%
      37            21  6690      安碁資訊                 27.50          0.00     0.27%    165.00   165.50   164.00   164.00      180.00   181.50   178.00   180.00    +16.00    +9.76%
      38           215  7744      崴寶                  132.00        105.50     0.26%    505.00   509.00   495.00   500.00      542.00   546.00   523.00   534.00    +34.00    +6.80%
      39           208  5536      聖暉*                 186.00        160.00     0.26%    872.00   893.00   870.00   883.00      876.00   905.00   869.00   888.00     +5.00    +0.57%
      40            77  5432      新門                   24.00          0.00     0.24%    157.50   158.00   151.50   151.50      162.00   162.00   153.50   153.50     +2.00    +1.32%
==========================================================================================================================================================================
✅ 共 40 筆


══════════════════════════════════════════════════════════════════════════════════════════════════════════════
  🔄 第 10/15 次  2026/08/31 ～ 2026/09/21
══════════════════════════════════════════════════════════════════════════════════════════════════════════════

==========================================================================================================================================================================
📊 累計漲跌停強度排名 (2026/08/31 ~ 2026/09/21)
==========================================================================================================================================================================
    實資排名        累計天數排名  代號        名稱                 累計漲停(元)       累計跌停(元)       強度%  (08/31)開盤      最高      最低      收盤    (09/21)開盤      最高      最低      收盤      賺賠    賺賠率
--------------------------------------------------------------------------------------------------------------------------------------------------------------------------
       1            25  5274      信驊                 6455.00       2270.00    62.70%  15630.00 16140.00 15010.00 16065.00    19400.00 19820.00 19200.00 19820.00  +3755.00   +23.37%
       2            68  6510      精測                 1405.00        600.00    12.06%   2680.00  2920.00  2605.00  2845.00     3600.00  3680.00  3365.00  3485.00   +640.00   +22.50%
       3            91  6683      雍智科技                710.00        235.00     7.12%   1180.00  1225.00  1140.00  1210.00     1655.00  1740.00  1625.00  1675.00   +465.00   +38.43%
       4            42  6223      旺矽                 1590.00       1130.00     6.89%   4930.00  5130.00  4870.00  5130.00     5845.00  5850.00  5410.00  5495.00   +365.00    +7.12%
       5            79  3324      雙鴻                  790.00        410.00     5.69%   1130.00  1250.00  1125.00  1250.00     1500.00  1535.00  1460.00  1520.00   +270.00   +21.60%
       6           107  3529      力旺                 1105.00        815.00     4.35%   2500.00  2505.00  2310.00  2400.00     2880.00  2950.00  2820.00  2830.00   +430.00   +17.92%
       7            97  7828      創新服務                780.00        535.00     3.67%   1785.00  1920.00  1750.00  1765.00     2140.00  2145.00  2030.00  2040.00   +275.00   +15.58%
       8           170  6538      倉和                  257.00         38.00     3.28%    197.50   215.00   197.50   205.50      412.00   426.50   400.00   426.50   +221.00  +107.54%
       9           172  7717      萊德光電-KY             279.00        107.50     2.57%    443.50   460.00   413.00   427.00      605.00   622.00   565.00   592.00   +165.00   +38.64%
      10           221  3693      營邦                  176.00         63.00     1.69%    580.00   612.00   578.00   604.00      704.00   712.00   691.00   702.00    +98.00   +16.23%
      11           107  8227      巨有科技                118.50         14.00     1.57%    159.00   160.00   156.00   156.50      282.00   287.50   271.50   287.50   +131.00   +83.71%
      12           195  6291      沛亨                  176.50         79.00     1.46%    391.00   407.00   388.00   405.00      522.00   522.00   506.00   508.00   +103.00   +25.43%
      13           228  6173      信昌電                 118.50         44.00     1.12%    242.50   259.50   235.50   246.00      311.00   318.50   308.00   308.00    +62.00   +25.20%
      14           187  7772      耀穎                   69.50          0.00     1.04%     92.00    92.40    87.70    88.50      152.00   171.00   147.00   171.00    +82.50   +93.22%
      15           100  6870      騰雲                   96.00         33.00     0.94%    251.50   256.50   250.50   252.00      310.50   319.00   307.00   312.00    +60.00   +23.81%
      16           172  3680      家登                  158.50         96.50     0.93%    500.00   516.00   484.50   493.00      536.00   553.00   531.00   548.00    +55.00   +11.16%
      17           142  3264      欣銓                   70.50          9.50     0.91%    230.00   230.50   220.50   228.00      274.00   284.00   266.00   284.00    +56.00   +24.56%
      18            70  6667      信紘科                  60.50          0.00     0.91%    226.50   226.50   216.00   217.50      264.00   269.50   258.00   259.50    +42.00   +19.31%
      19           209  3374      精材                  146.50         99.00     0.71%    390.50   424.50   388.50   422.50      451.50   456.00   432.00   443.00    +20.50    +4.85%
      20           174  3105      穩懋                  124.50         79.00     0.68%    434.50   471.00   425.00   447.50      497.00   504.00   486.00   490.50    +43.00    +9.61%
      21           174  6640      均華                  370.00        325.00     0.67%   1030.00  1165.00  1030.00  1140.00     1185.00  1185.00  1110.00  1110.00    -30.00    -2.63%
      22           315  6643      M31                 120.00         76.00     0.66%    428.00   432.00   411.50   411.50      461.00   486.00   457.00   478.00    +66.50   +16.16%
      23           200  8064      東捷                   54.50         11.50     0.64%    103.00   103.00    97.90   100.00      137.00   142.00   133.50   138.00    +38.00   +38.00%
      24           145  3675      德微                   62.00         21.50     0.61%    277.00   279.00   266.50   272.50      296.50   303.00   287.50   294.50    +22.00    +8.07%
      25           196  5386      青雲                   97.00         56.50     0.61%    260.00   282.50   260.00   280.00      292.00   295.00   286.50   287.50     +7.50    +2.68%
      26            87  2221      大甲                   34.50          0.00     0.52%     78.50    79.70    71.90    76.00      136.00   140.00   136.00   140.00    +64.00   +84.21%
      27           155  3441      聯一光                  56.00         21.50     0.52%    127.50   137.50   127.50   136.00      190.00   190.00   175.00   177.50    +41.50   +30.51%
      28            55  7825      和亞智慧                 60.60         26.50     0.51%        --       --       --       --       79.00    79.00    76.00    76.10        --        --
      29           206  6290      良維                   62.00         28.00     0.51%    247.00   259.00   245.50   253.50      280.00   284.50   277.00   281.00    +27.50   +10.85%
      30           140  6620      漢達                   45.50         11.50     0.51%     92.90    92.90    92.90    92.90      151.50   152.00   135.00   137.50    +44.60   +48.01%
      31           106  6617      共信-KY                34.00          0.00     0.51%    123.00   123.00   118.50   120.50      143.00   143.00   139.00   141.00    +20.50   +17.01%
      32            73  6217      中探針                  33.00          0.00     0.49%    172.00   176.00   163.50   172.50      180.00   181.50   173.50   175.50     +3.00    +1.74%
      33           105  6654      天正國際                 59.00         26.50     0.49%    177.00   194.00   177.00   194.00      199.00   209.00   197.00   208.00    +14.00    +7.22%
      34           111  6147      頎邦                   42.00          9.50     0.49%    176.00   177.50   171.50   175.50      230.00   230.00   222.50   224.00    +48.50   +27.64%
      35           252  4908      前鼎                   90.50         60.00     0.46%    187.50   209.00   187.50   209.00      241.50   245.00   231.50   232.00    +23.00   +11.00%
      36            67  6811      宏碁資訊                 39.50         10.00     0.44%    224.00   226.00   222.50   223.50      270.00   271.50   254.50   256.50    +33.00   +14.77%
      37            21  6690      安碁資訊                 27.50          0.00     0.41%    164.50   165.00   164.00   164.50      186.00   186.00   176.50   180.50    +16.00    +9.73%
      38            21  7714      創泓科技                 25.00          0.00     0.37%    174.00   175.50   168.50   169.00      178.00   179.00   172.00   174.50     +5.50    +3.25%
      39            77  5432      新門                   24.00          0.00     0.36%    154.00   157.50   153.00   157.00      171.50   171.50   161.00   161.00     +4.00    +2.55%
      40            97  7792      安葆                   39.00         16.50     0.34%    305.00   312.00   296.50   301.00      339.50   352.50   325.00   344.00    +43.00   +14.29%
==========================================================================================================================================================================
✅ 共 40 筆


══════════════════════════════════════════════════════════════════════════════════════════════════════════════
  🔄 第 11/15 次  2026/08/28 ～ 2026/09/18
══════════════════════════════════════════════════════════════════════════════════════════════════════════════

==========================================================================================================================================================================
📊 累計漲跌停強度排名 (2026/08/28 ~ 2026/09/18)
==========================================================================================================================================================================
    實資排名        累計天數排名  代號        名稱                 累計漲停(元)       累計跌停(元)       強度%  (08/28)開盤      最高      最低      收盤    (09/18)開盤      最高      最低      收盤      賺賠    賺賠率
--------------------------------------------------------------------------------------------------------------------------------------------------------------------------
       1            25  5274      信驊                 6250.00       2270.00    55.58%  15525.00 15745.00 14815.00 15630.00    18890.00 19500.00 18870.00 19290.00  +3660.00   +23.42%
       2            66  6510      精測                 1405.00        625.00    10.89%   2805.00  2830.00  2670.00  2680.00     3330.00  3520.00  3320.00  3520.00   +840.00   +31.34%
       3            46  6223      旺矽                 1590.00        885.00     9.85%   5085.00  5085.00  4880.00  5030.00     5625.00  5840.00  5620.00  5800.00   +770.00   +15.31%
       4            96  7828      創新服務                930.00        450.00     6.70%   1635.00  1800.00  1635.00  1800.00     2010.00  2125.00  2010.00  2125.00   +325.00   +18.06%
       5            98  6683      雍智科技                710.00        280.00     6.00%   1250.00  1250.00  1165.00  1200.00     1600.00  1670.00  1570.00  1670.00   +470.00   +39.17%
       6            81  3324      雙鴻                  830.00        410.00     5.87%   1075.00  1155.00  1075.00  1140.00     1480.00  1515.00  1420.00  1480.00   +340.00   +29.82%
       7            95  3529      力旺                 1105.00        910.00     2.72%   2720.00  2720.00  2520.00  2540.00     2770.00  2890.00  2760.00  2845.00   +305.00   +12.01%
       8           172  7717      萊德光電-KY             279.00        107.50     2.39%    446.00   460.00   429.50   440.00      601.00   624.00   594.00   600.00   +160.00   +36.36%
       9           175  6538      倉和                  218.50         60.00     2.21%    219.00   222.50   200.00   200.00      352.50   388.00   348.50   388.00   +188.00   +94.00%
      10           115  3491      昇達科                 555.00        420.00     1.89%   1500.00  1515.00  1450.00  1510.00     1515.00  1565.00  1475.00  1565.00    +55.00    +3.64%
      11           221  3693      營邦                  176.00         63.00     1.58%    555.00   599.00   549.00   587.00      717.00   721.00   693.00   704.00   +117.00   +19.93%
      12           107  8227      巨有科技                118.50         14.00     1.46%    161.50   163.50   158.50   161.00      263.00   279.00   252.00   279.00   +118.00   +73.29%
      13           184  6640      均華                  370.00        270.00     1.40%   1085.00  1100.00  1040.00  1060.00     1140.00  1205.00  1140.00  1180.00   +120.00   +11.32%
      14           195  6291      沛亨                  176.50         79.50     1.35%    430.00   430.00   394.50   400.50      523.00   525.00   500.00   524.00   +123.50   +30.84%
      15           240  6173      信昌電                 140.00         44.00     1.34%    229.00   239.00   229.00   239.00      309.00   314.00   300.00   314.00    +75.00   +31.38%
      16           219  3374      精材                  181.50         99.00     1.15%    352.00   386.00   350.00   386.00      440.00   444.50   418.50   444.50    +58.50   +15.16%
      17           207  5386      青雲                  120.50         56.50     0.89%    237.00   258.50   237.00   258.50      287.00   294.00   286.00   294.00    +35.50   +13.73%
      18           100  6870      騰雲                   96.00         33.00     0.88%    249.00   259.50   249.00   255.50      327.50   327.50   312.00   312.00    +56.50   +22.11%
      19           148  3264      欣銓                   70.50          9.50     0.85%    223.00   237.50   222.00   235.00      251.00   268.50   250.50   268.50    +33.50   +14.26%
      20            70  6667      信紘科                  60.50          0.00     0.84%    223.00   223.00   220.50   221.00      242.00   262.00   242.00   262.00    +41.00   +18.55%
      21           183  3680      家登                  153.00         96.50     0.79%    495.00   515.00   493.00   500.00      530.00   536.00   523.00   533.00    +33.00    +6.60%
      22           111  6739      竹陞科技                455.00        400.00     0.77%   1150.00  1175.00  1100.00  1140.00     1125.00  1180.00  1080.00  1150.00    +10.00    +0.88%
      23           153  3105      穩懋                  124.50         69.50     0.77%    449.50   461.50   434.50   439.00      487.50   502.00   467.00   500.00    +61.00   +13.90%
      24           175  7772      耀穎                   54.00          0.00     0.75%     89.00    92.00    89.00    90.00      148.00   160.50   147.00   155.50    +65.50   +72.78%
      25           122  6620      漢達                   45.50          0.00     0.64%     77.10    84.50    77.10    84.50      147.00   155.00   140.50   149.00    +64.50   +76.33%
      26           200  8064      東捷                   54.50         11.50     0.60%    105.00   107.50   101.50   103.00      127.50   136.00   125.00   136.00    +33.00   +32.04%
      27           203  5536      聖暉*                 180.00        137.00     0.60%    856.00   880.00   841.00   871.00      831.00   888.00   831.00   888.00    +17.00    +1.95%
      28           235  4908      前鼎                   90.50         48.50     0.59%    195.00   199.00   183.00   190.00      240.00   248.50   232.50   243.50    +53.50   +28.16%
      29           145  3675      德微                   62.00         21.50     0.57%    280.00   297.50   277.50   277.50      291.00   300.00   287.00   294.00    +16.50    +5.95%
      30            47  6811      宏碁資訊                 39.50          0.00     0.55%    227.50   227.50   225.00   225.50      250.00   272.50   250.00   266.50    +41.00   +18.18%
      31           155  3441      聯一光                  56.00         21.50     0.48%    138.50   140.50   129.50   130.00      185.00   187.00   177.00   185.50    +55.50   +42.69%
      32            55  7825      和亞智慧                 60.60         26.50     0.48%        --       --       --       --       82.00    84.80    78.70    79.70        --        --
      33           206  6290      良維                   62.00         28.00     0.47%    252.00   252.50   243.00   248.00      274.00   288.00   270.50   282.50    +34.50   +13.91%
      34           106  6617      共信-KY                34.00          0.00     0.47%    126.00   129.50   121.00   122.50      143.00   144.50   139.50   143.00    +20.50   +16.73%
      35            73  6217      中探針                  33.00          0.00     0.46%    178.00   184.50   170.50   175.00      165.00   178.50   165.00   178.50     +3.50    +2.00%
      36           111  6147      頎邦                   42.00          9.50     0.45%    190.00   203.00   180.50   182.50      217.00   229.00   213.00   229.00    +46.50   +25.48%
      37           174  4971      IET-KY              210.00        181.00     0.40%    560.00   573.00   545.00   568.00      566.00   592.00   558.00   592.00    +24.00    +4.23%
      38            21  6690      安碁資訊                 27.50          0.00     0.38%    165.00   166.50   163.50   165.00      179.00   190.00   178.50   186.50    +21.50   +13.03%
      39           307  6643      M31                 100.00         76.00     0.34%    446.00   458.00   437.00   437.00      450.00   458.00   439.50   458.00    +21.00    +4.81%
      40            77  5432      新門                   24.00          0.00     0.34%    152.50   154.50   144.50   152.50      146.50   160.00   146.50   160.00     +7.50    +4.92%
==========================================================================================================================================================================
✅ 共 40 筆


══════════════════════════════════════════════════════════════════════════════════════════════════════════════
  🔄 第 12/15 次  2026/08/27 ～ 2026/09/17
══════════════════════════════════════════════════════════════════════════════════════════════════════════════

==========================================================================================================================================================================
📊 累計漲跌停強度排名 (2026/08/27 ~ 2026/09/17)
==========================================================================================================================================================================
    實資排名        累計天數排名  代號        名稱                 累計漲停(元)       累計跌停(元)       強度%  (08/27)開盤      最高      最低      收盤    (09/17)開盤      最高      最低      收盤      賺賠    賺賠率
--------------------------------------------------------------------------------------------------------------------------------------------------------------------------
       1            25  5274      信驊                 5235.00       2655.00    57.06%  15690.00 16125.00 15105.00 15305.00    18250.00 18800.00 18225.00 18275.00  +2970.00   +19.41%
       2            68  6510      精測                 1205.00        625.00    12.83%   2690.00  2815.00  2590.00  2740.00     3260.00  3355.00  3165.00  3200.00   +460.00   +16.79%
       3            55  6223      旺矽                 1340.00        885.00    10.06%   5100.00  5175.00  4730.00  5090.00     5730.00  5860.00  5485.00  5500.00   +410.00    +8.06%
       4            95  6683      雍智科技                725.00        280.00     9.84%   1165.00  1245.00  1130.00  1245.00     1605.00  1695.00  1530.00  1575.00   +330.00   +26.51%
       5           102  7828      創新服務                810.00        450.00     7.96%   1615.00  1725.00  1560.00  1650.00     2050.00  2055.00  1920.00  1935.00   +285.00   +17.27%
       6            77  3324      雙鴻                  735.00        425.00     6.86%   1080.00  1120.00  1055.00  1060.00     1375.00  1460.00  1335.00  1385.00   +325.00   +30.66%
       7            89  3529      力旺                 1210.00        910.00     6.64%   2605.00  2650.00  2590.00  2650.00     2735.00  2810.00  2660.00  2710.00    +60.00    +2.26%
       8           167  7717      萊德光電-KY             274.50        107.50     3.69%    420.00   449.00   417.50   434.00      544.00   579.00   530.00   579.00   +145.00   +33.41%
       9           112  3491      昇達科                 555.00        420.00     2.99%   1350.00  1470.00  1340.00  1425.00     1465.00  1540.00  1435.00  1485.00    +60.00    +4.21%
      10           193  6538      倉和                  193.50         60.00     2.95%    211.00   222.50   207.00   222.00      377.00   392.50   344.00   353.00   +131.00   +59.01%
      11           221  6291      沛亨                  193.50         79.50     2.52%    403.50   437.00   392.50   417.00      494.50   539.00   494.50   517.00   +100.00   +23.98%
      12           221  3693      營邦                  176.00         63.00     2.50%    559.00   570.00   551.00   556.00      693.00   725.00   688.00   697.00   +141.00   +25.36%
      13           178  6640      均華                  380.00        270.00     2.43%   1030.00  1095.00  1020.00  1075.00     1120.00  1200.00  1115.00  1120.00    +45.00    +4.19%
      14           205  6173      信昌電                 149.00         44.00     2.32%    205.00   217.50   196.00   217.50      315.00   325.00   295.00   303.50    +86.00   +39.54%
      15           201  3374      精材                  183.50         99.00     1.87%    335.00   362.50   331.00   351.00      429.00   445.00   423.00   429.00    +78.00   +22.22%
      16            74  8227      巨有科技                 97.50         14.00     1.85%    168.00   169.00   160.00   160.00      273.00   281.00   258.00   258.00    +98.00   +61.25%
      17           106  6739      竹陞科技                481.00        400.00     1.79%   1010.00  1095.00   998.00  1095.00     1055.00  1100.00  1055.00  1080.00    -15.00    -1.37%
      18            98  6870      騰雲                   96.00         23.00     1.61%    263.00   266.00   253.50   253.50      317.50   322.50   309.00   322.00    +68.50   +27.02%
      19           143  3105      穩懋                  136.00         69.50     1.47%    413.00   445.50   412.00   445.50      482.00   507.00   469.00   471.00    +25.50    +5.72%
      20           260  4908      前鼎                  108.00         48.50     1.32%    184.50   195.50   175.00   195.50      245.00   262.00   232.50   238.00    +42.50   +21.74%
      21           183  3680      家登                  153.00         96.50     1.25%    488.00   496.00   484.00   490.50      508.00   535.00   506.00   527.00    +36.50    +7.44%
      22           153  5386      青雲                  110.00         56.50     1.18%    234.00   237.50   233.00   235.00      291.50   297.00   281.00   283.50    +48.50   +20.64%
      23           192  3441      聯一光                  68.50         21.50     1.04%    133.50   137.50   127.00   137.50      198.50   201.00   188.50   192.50    +55.00   +40.00%
      24           122  6620      漢達                   45.50          0.00     1.01%     75.80    78.20    75.80    76.90      143.00   147.00   143.00   147.00    +70.10   +91.16%
      25           114  7772      耀穎                   44.50          0.00     0.98%     90.00    92.00    88.30    89.00      133.00   146.00   133.00   146.00    +57.00   +64.04%
      26           200  8064      東捷                   54.50         11.50     0.95%    102.00   106.00   102.00   104.50      123.00   130.00   123.00   130.00    +25.50   +24.40%
      27           119  3264      欣銓                   46.50          9.50     0.82%    219.00   224.50   213.50   219.50      229.50   245.00   229.50   244.50    +25.00   +11.39%
      28            40  6667      信紘科                  37.00          0.00     0.82%    222.00   224.50   222.00   222.50      239.00   244.00   238.00   238.50    +16.00    +7.19%
      29            74  6983      華洋精機                 46.00         10.00     0.80%    319.50   346.00   317.50   337.50      351.00   352.00   346.00   350.00    +12.50    +3.70%
      30            55  7825      和亞智慧                 60.60         26.50     0.75%        --       --       --       --       88.60    90.00    83.20    83.90        --        --
      31           106  6617      共信-KY                34.00          0.00     0.75%    128.00   129.50   120.00   128.50      138.00   149.00   137.50   143.00    +14.50   +11.28%
      32            60  6217      中探針                  33.00          0.00     0.73%    166.00   177.50   160.00   177.50      167.00   171.50   162.50   162.50    -15.00    -8.45%
      33            87  3675      德微                   52.00         21.50     0.67%    283.00   286.00   276.00   278.50      304.00   309.50   283.50   284.00     +5.50    +1.97%
      34            21  6690      安碁資訊                 27.50          0.00     0.61%    165.00   165.00   164.50   165.00      179.50   180.00   174.00   178.00    +13.00    +7.88%
      35           210  6290      良維                   55.00         28.00     0.60%    241.50   256.00   239.00   250.50      267.50   282.00   266.00   266.00    +15.50    +6.19%
      36           159  8358      金居                  199.50        173.50     0.58%    454.00   494.00   446.00   494.00      506.00   507.00   477.50   478.50    -15.50    -3.14%
      37           129  3363      上詮                  175.00        152.00     0.51%    656.00   715.00   648.00   704.00      698.00   699.00   653.00   655.00    -49.00    -6.96%
      38             9  6811      宏碁資訊                 22.50          0.00     0.50%    228.00   228.00   225.50   225.50      246.00   254.50   246.00   249.50    +24.00   +10.64%
      39            90  6654      天正國際                 48.50         26.50     0.49%    164.50   168.00   164.50   168.00      201.00   202.00   199.00   200.00    +32.00   +19.05%
      40           111  3293      鈊象                   52.00         30.00     0.49%    699.00   713.00   698.00   704.00      712.00   725.00   708.00   725.00    +21.00    +2.98%
==========================================================================================================================================================================
✅ 共 40 筆


══════════════════════════════════════════════════════════════════════════════════════════════════════════════
  🔄 第 13/15 次  2026/08/26 ～ 2026/09/16
══════════════════════════════════════════════════════════════════════════════════════════════════════════════

==========================================================================================================================================================================
📊 累計漲跌停強度排名 (2026/08/26 ~ 2026/09/16)
==========================================================================================================================================================================
    實資排名        累計天數排名  代號        名稱                 累計漲停(元)       累計跌停(元)       強度%  (08/26)開盤      最高      最低      收盤    (09/16)開盤      最高      最低      收盤      賺賠    賺賠率
--------------------------------------------------------------------------------------------------------------------------------------------------------------------------
       1            18  5274      信驊                 5500.00       2655.00    46.93%  15820.00 16050.00 14950.00 15690.00    17965.00 18420.00 17485.00 18250.00  +2560.00   +16.32%
       2            63  6510      精測                 1205.00        655.00     9.07%   2700.00  2725.00  2580.00  2620.00     3285.00  3325.00  3200.00  3230.00   +610.00   +23.28%
       3            69  3529      力旺                 1415.00        910.00     8.33%   2170.00  2410.00  2155.00  2410.00     2650.00  2740.00  2625.00  2700.00   +290.00   +12.03%
       4           105  7828      創新服務                870.00        380.00     8.08%   1520.00  1595.00  1485.00  1580.00     1860.00  2020.00  1855.00  2005.00   +425.00   +26.90%
       5            84  6683      雍智科技                725.00        260.00     7.67%   1130.00  1145.00  1110.00  1135.00     1450.00  1595.00  1420.00  1595.00   +460.00   +40.53%
       6           112  3324      雙鴻                  720.00        425.00     4.87%   1070.00  1085.00  1055.00  1075.00     1275.00  1375.00  1255.00  1360.00   +285.00   +26.51%
       7           114  3491      昇達科                 585.00        420.00     2.72%   1270.00  1345.00  1220.00  1345.00     1410.00  1445.00  1380.00  1440.00    +95.00    +7.06%
       8           184  6538      倉和                  193.50         32.50     2.66%    201.00   217.00   198.00   212.00      370.50   398.50   365.00   380.50   +168.50   +79.48%
       9           185  7717      萊德光電-KY             246.00        107.50     2.28%    394.00   431.00   394.00   417.50      500.00   527.00   492.00   527.00   +109.50   +26.23%
      10           198  6640      均華                  405.00        270.00     2.23%    974.00  1020.00   974.00  1005.00     1105.00  1120.00  1095.00  1115.00   +110.00   +10.95%
      11           188  6173      信昌電                 149.00         32.50     1.92%    197.50   201.50   195.00   198.00      304.00   323.00   295.00   315.00   +117.00   +59.09%
      12           223  3374      精材                  206.00         99.00     1.77%    308.00   340.00   305.00   333.50      417.00   436.00   410.50   424.00    +90.50   +27.14%
      13           244  6291      沛亨                  183.50         79.50     1.72%    384.00   407.50   381.00   400.00      446.00   490.50   446.00   490.50    +90.50   +22.62%
      14            59  8227      巨有科技                 97.50          0.00     1.61%    165.00   173.00   165.00   168.50      250.50   274.00   248.00   272.00   +103.50   +61.42%
      15           204  3693      營邦                  160.00         63.00     1.60%    550.00   564.00   547.00   558.00      673.00   685.00   671.00   681.00   +123.00   +22.04%
      16           162  3105      穩懋                  162.00         69.50     1.53%    378.00   405.00   374.00   405.00      469.00   473.00   454.00   472.50    +67.50   +16.67%
      17           112  6739      竹陞科技                490.00        400.00     1.48%    965.00   999.00   965.00   999.00     1065.00  1085.00  1050.00  1050.00    +51.00    +5.11%
      18           137  3363      上詮                  202.00        123.00     1.30%    630.00   654.00   623.00   650.00      647.00   690.00   647.00   684.00    +34.00    +5.23%
      19           177  8358      金居                  220.00        142.00     1.29%    420.00   456.50   419.00   449.50      495.50   510.00   482.50   510.00    +60.50   +13.46%
      20           290  4908      前鼎                  124.00         48.50     1.25%    163.50   178.00   160.00   178.00      226.00   243.00   223.50   240.50    +62.50   +35.11%
      21            98  6870      騰雲                   96.00         23.00     1.20%    266.50   266.50   255.00   260.50      326.50   330.00   301.00   316.00    +55.50   +21.31%
      22           184  3680      家登                  163.50         96.50     1.11%    466.00   491.50   462.50   488.00      489.00   514.00   489.00   511.00    +23.00    +4.71%
      23            89  6983      華洋精機                 75.00         10.00     1.07%    302.50   319.50   299.00   319.50      349.50   356.50   349.50   351.50    +32.00   +10.02%
      24           110  3131      弘塑                  575.00        515.00     0.99%   2230.00  2485.00  2230.00  2485.00     2365.00  2365.00  2315.00  2325.00   -160.00    -6.44%
      25           231  3441      聯一光                  79.50         21.50     0.96%    113.50   125.00   113.00   125.00      170.00   186.00   170.00   186.00    +61.00   +48.80%
      26           103  3675      德微                   67.00         10.00     0.94%    271.00   287.00   265.00   283.00      270.00   295.50   270.00   295.50    +12.50    +4.42%
      27           153  5386      青雲                  110.00         56.50     0.88%    238.50   241.50   234.00   234.00      285.00   293.00   284.00   291.00    +57.00   +24.36%
      28           144  6617      共信-KY                45.50          0.00     0.75%    116.00   127.00   115.50   127.00      127.50   138.00   126.00   138.00    +11.00    +8.66%
      29           205  3211      順達                   97.00         56.50     0.67%    331.00   364.00   326.00   364.00      362.50   377.00   362.50   370.00     +6.00    +1.65%
      30            40  6667      信紘科                  37.00          0.00     0.61%    220.00   222.00   219.50   221.00      236.50   239.00   234.00   236.50    +15.50    +7.01%
      31            55  7825      和亞智慧                 60.60         26.50     0.56%        --       --       --       --       78.70    88.40    78.10    88.00        --        --
      32           101  7728      光焱科技                 97.00         64.00     0.54%    598.00   656.00   598.00   633.00      643.00   647.00   629.00   635.00     +2.00    +0.32%
      33            60  6217      中探針                  33.00          0.00     0.54%    154.00   167.50   152.00   161.50      157.50   166.00   157.50   165.00     +3.50    +2.17%
      34           102  6620      漢達                   32.50          0.00     0.54%     74.60    77.10    74.60    75.80      119.00   134.00   118.50   134.00    +58.20   +76.78%
      35            93  7772      耀穎                   31.50          0.00     0.52%     85.90    91.20    85.20    89.90      135.00   135.00   129.50   133.00    +43.10   +47.94%
      36           178  8064      東捷                   43.00         11.50     0.52%     96.90   105.00    96.20   103.50      109.00   118.50   109.00   118.50    +15.00   +14.49%
      37           103  6147      頎邦                   39.00          9.50     0.49%    166.00   185.50   166.00   185.50      201.50   207.50   197.50   207.50    +22.00   +11.86%
      38            21  6690      安碁資訊                 27.50          0.00     0.45%    165.00   165.00   163.50   164.00      184.50   187.00   179.00   181.00    +17.00   +10.37%
      39            75  7714      創泓科技                 37.00          9.50     0.45%    174.00   185.00   172.50   182.00      183.00   184.00   178.00   181.50     -0.50    -0.27%
      40           210  6290      良維                   55.00         28.00     0.45%    233.00   244.00   232.50   241.00      253.00   269.00   253.00   264.00    +23.00    +9.54%
==========================================================================================================================================================================
✅ 共 40 筆


══════════════════════════════════════════════════════════════════════════════════════════════════════════════
  🔄 第 14/15 次  2026/08/24 ～ 2026/09/15
══════════════════════════════════════════════════════════════════════════════════════════════════════════════

==========================================================================================================================================================================
📊 累計漲跌停強度排名 (2026/08/24 ~ 2026/09/15)
==========================================================================================================================================================================
    實資排名        累計天數排名  代號        名稱                 累計漲停(元)       累計跌停(元)       強度%  (08/24)開盤      最高      最低      收盤    (09/15)開盤      最高      最低      收盤      賺賠    賺賠率
--------------------------------------------------------------------------------------------------------------------------------------------------------------------------
       1            18  5274      信驊                 4770.00       2890.00    63.73%  15350.00 15500.00 14600.00 15115.00    17980.00 18160.00 17405.00 17520.00  +2405.00   +15.91%
       2            61  6510      精測                 1205.00        630.00    19.49%   2650.00  2735.00  2635.00  2650.00     3325.00  3390.00  3215.00  3255.00   +605.00   +22.83%
       3            66  3529      力旺                 1385.00        910.00    16.10%   2155.00  2215.00  2140.00  2200.00     2720.00  2720.00  2610.00  2625.00   +425.00   +19.32%
       4            87  6683      雍智科技                600.00        260.00    11.53%   1090.00  1140.00  1080.00  1090.00     1390.00  1465.00  1390.00  1450.00   +360.00   +33.03%
       5           108  7828      創新服務                710.00        440.00     9.15%   1610.00  1660.00  1550.00  1550.00     1910.00  2040.00  1845.00  1845.00   +295.00   +19.03%
       6           110  3324      雙鴻                  666.00        425.00     8.17%    973.00  1050.00   970.00  1015.00     1310.00  1365.00  1240.00  1260.00   +245.00   +24.14%
       7           151  6538      倉和                  178.00         32.50     4.93%    194.50   204.50   193.00   193.00      372.50   376.00   364.00   365.00   +172.00   +89.12%
       8           109  6739      竹陞科技                490.00        385.00     3.56%    978.00  1015.00   956.00   972.00     1125.00  1125.00  1065.00  1065.00    +93.00    +9.57%
       9           177  3693      營邦                  163.00         63.00     3.39%    515.00   547.00   514.00   533.00      680.00   685.00   662.00   666.00   +133.00   +24.95%
      10           164  6173      信昌電                 128.50         32.50     3.25%    209.50   215.00   203.00   203.00      299.00   308.00   289.50   294.50    +91.50   +45.07%
      11           191  3374      精材                  190.50         99.00     3.10%    302.00   312.50   299.00   302.50      429.00   430.50   407.00   408.50   +106.00   +35.04%
      12           120  3491      昇達科                 510.00        420.00     3.05%   1300.00  1355.00  1280.00  1290.00     1390.00  1410.00  1340.00  1355.00    +65.00    +5.04%
      13            94  6870      騰雲                   96.00         10.00     2.92%    264.50   264.50   257.00   260.50      306.00   334.50   306.00   329.00    +68.50   +26.30%
      14           116  3131      弘塑                  600.00        515.00     2.88%   2305.00  2405.00  2285.00  2335.00     2295.00  2420.00  2295.00  2320.00    -15.00    -0.64%
      15           201  7717      萊德光電-KY             198.50        117.50     2.75%    388.00   403.00   385.00   386.00      478.50   503.00   472.00   479.50    +93.50   +24.22%
      16            37  8227      巨有科技                 75.00          0.00     2.54%    155.50   155.50   149.50   150.00      239.00   253.00   239.00   249.50    +99.50   +66.33%
      17            89  6983      華洋精機                 75.00         10.00     2.20%    291.00   297.50   286.50   288.00      346.00   350.00   343.50   349.50    +61.50   +21.35%
      18           259  4908      前鼎                  107.50         48.50     2.00%    154.00   156.00   147.00   147.50      223.00   245.00   218.00   224.00    +76.50   +51.86%
      19           155  3105      穩懋                  143.50         87.50     1.90%    370.50   372.50   355.00   355.00      447.50   476.00   445.50   454.00    +99.00   +27.89%
      20           163  3680      家登                  141.00         96.50     1.51%    472.00   488.00   464.00   464.00      498.00   504.00   488.50   488.50    +24.50    +5.28%
      21           117  7728      光焱科技                107.00         64.00     1.46%    571.00   581.00   570.00   581.00      679.00   696.00   635.00   635.00    +54.00    +9.29%
      22           165  6640      均華                  390.00        347.00     1.46%   1035.00  1040.00   967.00   968.00     1140.00  1155.00  1100.00  1100.00   +132.00   +13.64%
      23           111  5386      青雲                   98.50         56.50     1.42%    239.00   246.00   238.00   242.00      294.50   298.00   279.00   279.50    +37.50   +15.50%
      24           201  3441      聯一光                  63.00         21.50     1.41%    113.50   117.00   109.00   112.50      162.00   176.50   159.00   169.50    +57.00   +50.67%
      25           246  6291      沛亨                  139.00        102.00     1.25%    388.50   391.50   366.00   366.00      459.00   467.50   445.00   446.00    +80.00   +21.86%
      26            40  6667      信紘科                  37.00          0.00     1.25%    222.50   222.50   217.50   218.50      245.50   246.50   236.00   236.00    +17.50    +8.01%
      27            55  7825      和亞智慧                 60.60         26.50     1.16%        --       --       --       --       88.20    88.90    80.60    81.00        --        --
      28           173  6290      良維                   62.00         28.00     1.15%    217.00   232.50   216.50   229.00      260.00   265.50   253.50   253.50    +24.50   +10.70%
      29            60  6217      中探針                  33.00          0.00     1.12%    149.00   158.00   148.00   148.00      159.00   169.50   156.00   156.50     +8.50    +5.74%
      30           106  6617      共信-KY                33.00          0.00     1.12%    105.50   116.00   102.50   111.00      128.00   135.00   125.50   125.50    +14.50   +13.06%
      31            93  7772      耀穎                   31.50          0.00     1.07%     85.30    88.40    84.70    87.90      126.00   133.00   121.50   130.00    +42.10   +47.90%
      32           177  8358      金居                  192.00        161.00     1.05%    430.00   435.00   417.00   417.00      515.00   516.00   480.00   482.00    +65.00   +15.59%
      33            84  3675      德微                   40.50         10.00     1.03%    265.00   272.50   262.00   265.00      288.00   291.50   269.00   269.00     +4.00    +1.51%
      34           103  6147      頎邦                   39.00          9.50     1.00%    157.50   162.00   157.00   157.00      194.50   206.50   194.50   200.00    +43.00   +27.39%
      35            21  6690      安碁資訊                 27.50          0.00     0.93%    166.00   166.00   164.00   164.50      201.00   201.00   182.50   183.50    +19.00   +11.55%
      36            75  7714      創泓科技                 37.00          9.50     0.93%    178.00   181.00   173.50   175.00      184.00   190.00   178.00   178.00     +3.00    +1.71%
      37            53  3228      金麗科                  26.50          0.00     0.90%    144.00   144.00   139.50   139.50      164.00   164.50   160.00   160.50    +21.00   +15.05%
      38             9  6811      宏碁資訊                 22.50          0.00     0.76%    225.00   226.00   225.00   225.00      255.50   255.50   242.50   251.00    +26.00   +11.56%
      39            90  6654      天正國際                 48.50         26.50     0.75%    163.00   165.00   160.00   164.50      202.00   204.00   199.00   199.00    +34.50   +20.97%
      40           129  8064      東捷                   32.50         11.50     0.71%     97.30    99.60    96.70    97.00      113.00   115.50   108.00   108.00    +11.00   +11.34%
==========================================================================================================================================================================
✅ 共 40 筆


══════════════════════════════════════════════════════════════════════════════════════════════════════════════
  🔄 第 15/15 次  2026/08/21 ～ 2026/09/14
══════════════════════════════════════════════════════════════════════════════════════════════════════════════

==========================================================================================================================================================================
📊 累計漲跌停強度排名 (2026/08/21 ~ 2026/09/14)
==========================================================================================================================================================================
    實資排名        累計天數排名  代號        名稱                 累計漲停(元)       累計跌停(元)       強度%  (08/21)開盤      最高      最低      收盤    (09/14)開盤      最高      最低      收盤      賺賠    賺賠率
--------------------------------------------------------------------------------------------------------------------------------------------------------------------------
       1            18  5274      信驊                 4770.00       2830.00    48.60%  15585.00 16120.00 15205.00 15350.00    17765.00 18035.00 17170.00 17980.00  +2630.00   +17.13%
       2            61  6510      精測                 1205.00        620.00    14.66%   2735.00  2770.00  2650.00  2650.00     3400.00  3520.00  3370.00  3375.00   +725.00   +27.36%
       3            69  3529      力旺                 1385.00        860.00    13.15%   2220.00  2245.00  2150.00  2155.00     2530.00  2770.00  2530.00  2730.00   +575.00   +26.68%
       4           112  7828      創新服務                710.00        375.00     8.39%   1615.00  1630.00  1580.00  1610.00     1970.00  1975.00  1875.00  1950.00   +340.00   +21.12%
       5           114  3324      雙鴻                  666.00        404.00     6.56%    987.00   991.00   965.00   969.00     1335.00  1355.00  1280.00  1305.00   +336.00   +34.67%
       6           119  6739      竹陞科技                490.00        316.00     4.36%    971.00   988.00   962.00   967.00     1270.00  1270.00  1145.00  1145.00   +178.00   +18.41%
       7           154  6640      均華                  481.00        317.00     4.11%    966.00  1045.00   960.00  1045.00     1140.00  1185.00  1085.00  1130.00    +85.00    +8.13%
       8            92  6683      雍智科技                485.00        330.00     3.88%   1135.00  1160.00  1050.00  1070.00     1260.00  1375.00  1235.00  1335.00   +265.00   +24.77%
       9           151  6538      倉和                  178.00         32.50     3.65%    207.00   208.00   191.00   196.50      362.00   379.50   355.00   372.50   +176.00   +89.57%
      10           107  3491      昇達科                 510.00        385.00     3.13%   1285.00  1345.00  1250.00  1280.00     1410.00  1460.00  1385.00  1390.00   +110.00    +8.59%
      11           159  3693      營邦                  163.00         41.00     3.06%    513.00   518.00   506.00   515.00      656.00   695.00   637.00   688.00   +173.00   +33.59%
      12           171  3374      精材                  190.50         78.00     2.82%    304.00   316.00   298.50   306.50      440.00   447.50   417.50   429.50   +123.00   +40.13%
      13           164  6173      信昌電                 128.50         32.50     2.40%    220.50   227.00   211.50   212.00      274.00   304.50   272.50   293.50    +81.50   +38.44%
      14           176  8358      金居                  214.50        125.00     2.24%    417.00   444.00   404.50   436.00      477.00   530.00   477.00   518.00    +82.00   +18.81%
      15           201  7717      萊德光電-KY             198.50        117.50     2.03%    423.00   429.50   396.00   396.00      505.00   540.00   485.00   487.00    +91.00   +22.98%
      16            37  8227      巨有科技                 75.00          0.00     1.88%    147.50   160.50   146.00   156.00      240.50   259.00   235.00   241.00    +85.00   +54.49%
      17           241  6291      沛亨                  149.00         81.50     1.69%    374.00   394.00   373.00   388.50      460.50   484.50   440.00   466.50    +78.00   +20.08%
      18           127  3131      弘塑                  590.00        525.00     1.63%   2300.00  2350.00  2275.00  2310.00     2275.00  2345.00  2250.00  2310.00     +0.00    +0.00%
      19            94  5386      青雲                   98.50         34.00     1.62%    233.00   243.50   233.00   236.00      308.00   321.50   299.50   302.00    +66.00   +27.97%
      20           140  3680      家登                  141.00         78.00     1.58%    473.00   479.00   463.00   471.00      500.00   516.00   492.00   507.00    +36.00    +7.64%
      21            91  6870      騰雲                   71.50         10.00     1.54%    266.00   266.00   259.00   264.50      308.00   314.50   301.00   304.50    +40.00   +15.12%
      22           259  4908      前鼎                  107.50         48.50     1.48%    156.00   157.00   152.00   153.00      227.50   235.00   220.00   225.50    +72.50   +47.39%
      23           218  3441      聯一光                  72.70         21.50     1.28%    102.00   107.00    95.50   107.00      167.00   173.00   157.50   160.50    +53.50   +50.00%
      24           103  6983      華洋精機                 75.00         27.00     1.20%    309.00   316.00   292.00   292.00      345.50   353.00   340.50   349.00    +57.00   +19.52%
      25           149  3105      穩懋                  133.50         87.50     1.15%    377.00   385.50   365.50   373.00      423.00   451.00   420.00   444.00    +71.00   +19.03%
      26            23  7825      和亞智慧                 60.60         15.10     1.14%        --       --       --       --      102.50   102.50    90.00    92.40        --        --
      27           117  7728      光焱科技                107.00         64.00     1.08%    569.00   571.00   568.00   571.00      640.00   666.00   622.00   643.00    +72.00   +12.61%
      28            40  6667      信紘科                  37.00          0.00     0.93%    222.50   222.50   218.00   219.50      244.50   249.00   238.50   245.00    +25.50   +11.62%
      29           173  6290      良維                   62.00         28.00     0.85%    216.00   217.00   210.00   211.50      253.00   262.00   252.00   260.00    +48.50   +22.93%
      30            60  6217      中探針                  33.00          0.00     0.83%    151.50   155.00   148.00   150.00      162.00   163.50   156.50   161.00    +11.00    +7.33%
      31           106  6617      共信-KY                33.00          0.00     0.83%    114.50   114.50   106.50   107.50      130.00   130.00   125.50   125.50    +18.00   +16.74%
      32           161  3555      博士旺                  56.50         24.00     0.81%    168.00   168.50   160.00   163.00      182.00   192.00   180.00   185.00    +22.00   +13.50%
      33            93  7772      耀穎                   31.50          0.00     0.79%     86.80    87.90    86.00    87.10      125.00   131.50   123.00   126.00    +38.90   +44.66%
      34            84  3260      威剛                   49.00         17.50     0.79%    400.50   422.50   399.00   422.50      400.00   401.50   394.00   398.00    -24.50    -5.80%
      35            42  6894      衛司特                  44.00         13.00     0.78%    330.50   332.50   323.00   326.00      354.50   369.00   354.50   364.00    +38.00   +11.66%
      36            84  3675      德微                   40.50         10.00     0.76%    269.00   270.00   258.50   260.00      258.00   284.50   256.00   284.50    +24.50    +9.42%
      37            21  6690      安碁資訊                 27.50          0.00     0.69%    163.00   165.00   163.00   164.00      181.00   188.00   181.00   188.00    +24.00   +14.63%
      38            75  7714      創泓科技                 37.00          9.50     0.69%    180.50   183.50   176.00   179.00      178.50   189.50   178.50   183.00     +4.00    +2.23%
      39           136  3363      上詮                  166.00        139.00     0.68%    610.00   616.00   598.00   600.00      660.00   685.00   656.00   675.00    +75.00   +12.50%
      40            53  3228      金麗科                  26.50          0.00     0.66%    141.00   141.50   139.00   141.00      166.00   166.00   163.00   165.50    +24.50   +17.38%
==========================================================================================================================================================================
✅ 共 40 筆
