
██████████████████████████████████████████████████████████████████████████████████████████████████████████████
  📅 天數組合: 45 日  →  輸出檔: s13_45.txt
██████████████████████████████████████████████████████████████████████████████████████████████████████████████

🔁 共執行 45 次，每次區間長度 46 個交易日

══════════════════════════════════════════════════════════════════════════════════════════════════════════════
  🔄 第  1/45 次  2026/07/29 ～ 2026/10/06
══════════════════════════════════════════════════════════════════════════════════════════════════════════════

==========================================================================================================================================================================
📊 動能效率優先權分數排名 (2026/07/29 ~ 2026/10/06)
==========================================================================================================================================================================
    實資排名          累計天數排名  代號        名稱                 累計漲停(元)       累計跌停(元)       強度%  (07/29)開盤      最高      最低      收盤    (10/06)開盤      最高      最低      收盤      賺賠    賺賠率
--------------------------------------------------------------------------------------------------------------------------------------------------------------------------
       1               1  6533      晶心科                 227.00         44.00   100.00%    206.50   206.50   187.50   198.00      336.00   348.00   326.00   345.00   +147.00   +74.24%
       2               3  3016      嘉晶                   74.50          0.00    89.95%     83.60    83.70    76.40    77.30      186.00   189.50   181.50   188.00   +110.70  +143.21%
       3               2  7711      永擎                  673.00        324.50    86.83%    287.50   293.50   270.50   282.00      640.00   655.00   612.00   620.00   +338.00  +119.86%
       4               5  3406      玉晶光                1046.50        535.00    75.19%    491.50   491.50   452.50   466.50     1085.00  1095.00  1020.00  1045.00   +578.50  +124.01%
       5               4  6672      騰輝電子-KY             283.50         59.00    74.61%    204.00   204.00   180.00   185.50      456.00   459.50   435.00   459.50   +274.00  +147.71%
       6               6  6278      台表科                 103.00          0.00    70.82%    144.50   146.50   130.50   136.50      230.00   237.50   217.50   234.00    +97.50   +71.43%
       7               8  6213      聯茂                  641.50        224.50    64.23%    275.00   277.50   249.00   249.00      797.00   818.00   762.00   787.00   +538.00  +216.06%
       8              13  6706      惠特                   51.00         15.00    64.23%    102.00   103.00    91.80    94.10      151.50   155.50   148.00   148.00    +53.90   +57.28%
       9               9  3055      蔚華科                 122.00         32.30    62.99%    113.50   114.50   103.50   103.50      222.50   222.50   213.00   213.50   +110.00  +106.28%
      10              22  7788      松川精密                307.50        111.50    61.73%    199.50   199.50   180.00   186.00      339.50   365.50   335.00   365.50   +179.50   +96.51%
      11              12  2466      冠西電                  53.00          0.00    61.30%     94.10    95.40    86.40    89.80      160.00   170.50   157.50   170.50    +80.70   +89.87%
      12              10  2464      盟立                   96.00         55.00    60.81%    131.00   134.00   118.00   123.00      192.50   197.00   182.50   182.50    +59.50   +48.37%
      13              16  2351      順德                  141.00         42.00    60.77%    145.00   145.50   130.50   130.50      226.00   226.00   216.00   218.50    +88.00   +67.43%
      14              20  6933      AMAX-KY             364.00        139.00    60.73%    159.00   161.50   142.00   148.00      385.50   386.50   371.00   374.50   +226.50  +153.04%
      15              11  5292      華懋                   52.00         15.50    60.08%    160.00   160.00   150.00   155.50      248.50   252.50   245.00   249.00    +93.50   +60.13%
      16               7  9110      越南控-DR                0.00          0.00    58.72%      3.14     3.16     3.04     3.14        2.98     3.24     2.94     3.24     +0.10    +3.18%
      17              14  6715      嘉基                  443.50        306.50    56.86%    378.00   378.00   320.50   320.50      485.50   492.50   450.00   482.50   +162.00   +50.55%
      18              31  3605      宏致                   65.00         48.50    55.96%     86.00    87.40    78.80    82.50      168.00   173.00   160.00   172.00    +89.50  +108.48%
      19              19  6491      晶碩                  116.50         34.50    55.41%    325.00   330.00   309.00   322.00      404.00   404.00   393.50   396.50    +74.50   +23.14%
      20              15  2033      佳大                    0.00          0.00    54.94%     14.70    15.00    14.60    15.00       51.60    53.50    48.80    52.80    +37.80  +252.00%
      21              25  1709      和益                    0.00          0.00    53.56%     24.45    24.80    23.55    24.00       66.20    66.30    58.20    63.30    +39.30  +163.75%
      22              18  6924      榮惠-KY創               32.50          0.00    51.60%     99.60    99.80    90.80    99.80      130.50   138.00   129.00   136.50    +36.70   +36.77%
      23              17  911608    明輝-DR                 0.00          0.00    50.15%      2.47     2.70     2.47     2.70        2.67     2.68     2.61     2.67     -0.03    -1.11%
      24              45  2492      華新科                 360.50        185.50    49.55%    234.50   234.50   220.50   220.50      370.00   395.00   362.50   389.50   +169.00   +76.64%
      25              27  6426      統新                  302.50        123.00    49.50%    162.00   167.50   146.50   148.50      362.00   375.00   350.00   351.00   +202.50  +136.36%
      26              40  2421      建準                   54.00          0.00    49.43%    129.50   130.00   118.50   124.50      171.50   176.00   167.50   173.00    +48.50   +38.96%
      27              23  3017      奇鋐                 3075.00       1670.00    48.21%   2225.00  2245.00  2020.00  2095.00     3650.00  3700.00  3515.00  3685.00  +1590.00   +75.89%
      28              32  2424      隴華                    0.00          0.00    48.18%      7.71     7.71     7.30     7.65        8.15     9.07     8.15     8.65     +1.00   +13.07%
      29             509  2301      光寶科                 191.00         42.50    46.92%    194.50   197.50   176.50   185.00      298.00   303.00   292.50   299.00   +114.00   +61.62%
      30              26  3008      大立光                6650.00       4075.00    46.90%   3905.00  4010.00  3685.00  3850.00     6800.00  6915.00  6705.00  6855.00  +3005.00   +78.05%
      31              24  3653      健策                 6480.00       2960.00    46.59%   3360.00  3510.00  3230.00  3310.00     7185.00  7280.00  7050.00  7080.00  +3770.00  +113.90%
      32              33  8103      瀚荃                   32.50          0.00    46.36%     72.40    74.10    66.50    69.10      124.00   124.50   118.50   119.50    +50.40   +72.94%
      33              58  2305      全友                    0.00          0.00    45.41%     30.50    30.80    27.45    27.45       58.60    63.50    57.20    58.30    +30.85  +112.39%
      34              42  3443      創意                 7465.00       3290.00    45.39%   3605.00  3685.00  3295.00  3295.00     8680.00  8710.00  8110.00  8375.00  +5080.00  +154.17%
      35              48  1727      中華化                  21.50         21.00    45.15%     71.10    71.50    64.00    65.40      115.50   115.50   106.00   106.00    +40.60   +62.08%
      36              53  3094      聯傑                    0.00          0.00    45.07%     33.45    33.45    29.60    30.75       69.40    71.80    68.50    69.20    +38.45  +125.04%
      37              21  2404      漢唐                  705.00        365.00    44.98%   1025.00  1075.00   975.00  1015.00     1320.00  1355.00  1305.00  1335.00   +320.00   +31.53%
      38              35  2241      艾姆勒                   0.00          0.00    44.87%     32.65    32.65    29.50    30.50       46.50    48.45    46.25    47.35    +16.85   +55.25%
      39              43  6141      柏承                    0.00          0.00    44.78%     32.45    32.70    29.25    30.70       52.00    52.10    50.80    51.20    +20.50   +66.78%
      40              56  3532      台勝科                 325.50        156.50    44.69%    337.00   339.50   308.00   308.00      475.00   484.00   460.50   467.00   +159.00   +51.62%
==========================================================================================================================================================================
✅ 共 40 筆


══════════════════════════════════════════════════════════════════════════════════════════════════════════════
  🔄 第  2/45 次  2026/07/28 ～ 2026/10/05
══════════════════════════════════════════════════════════════════════════════════════════════════════════════

==========================================================================================================================================================================
📊 動能效率優先權分數排名 (2026/07/28 ~ 2026/10/05)
==========================================================================================================================================================================
    實資排名          累計天數排名  代號        名稱                 累計漲停(元)       累計跌停(元)       強度%  (07/28)開盤      最高      最低      收盤    (10/05)開盤      最高      最低      收盤      賺賠    賺賠率
--------------------------------------------------------------------------------------------------------------------------------------------------------------------------
       1               1  6533      晶心科                 227.00         44.00   100.00%    208.50   217.50   202.00   204.50      351.00   351.50   332.00   336.00   +131.50   +64.30%
       2               2  3016      嘉晶                   74.50          0.00    88.72%     87.80    89.00    84.80    84.80      186.00   189.50   178.00   181.50    +96.70  +114.03%
       3               4  7711      永擎                  673.00        327.50    72.37%    299.50   299.50   285.00   285.00      615.00   665.00   609.00   634.00   +349.00  +122.46%
       4               3  3406      玉晶光                1046.50        559.50    68.08%    501.00   502.00   482.50   482.50      971.00  1055.00   971.00  1055.00   +572.50  +118.65%
       5              11  6706      惠特                   51.00         15.00    66.67%    105.00   105.00   100.50   102.00      156.00   156.50   151.50   151.50    +49.50   +48.53%
       6               7  6933      AMAX-KY             364.00        129.50    64.13%    156.00   164.50   153.00   157.00      379.00   396.00   370.00   384.00   +227.00  +144.59%
       7               5  6672      騰輝電子-KY             283.50         80.50    62.43%    213.00   213.00   199.00   199.50      444.00   457.50   435.00   451.00   +251.50  +126.07%
       8               8  5292      華懋                   52.00         15.50    60.23%    163.50   163.50   157.00   160.00      240.00   251.00   240.00   247.00    +87.00   +54.37%
       9              13  3055      蔚華科                 122.00         43.80    58.68%    120.00   122.00   113.50   114.50      221.00   222.00   213.00   216.50   +102.00   +89.08%
      10              12  6213      聯茂                  605.50        255.00    57.56%    288.00   301.00   276.50   276.50      690.00   751.00   682.00   751.00   +474.50  +171.61%
      11               6  9110      越南控-DR                0.00          0.00    56.46%      3.15     3.15     3.03     3.15        2.99     2.99     2.80     2.95     -0.20    -6.35%
      12              16  1709      和益                    0.00          0.00    55.83%     24.60    25.40    24.30    24.55       63.80    64.30    63.60    64.30    +39.75  +161.91%
      13              17  3605      宏致                   65.00         48.50    54.33%     88.10    88.60    83.90    84.80      171.50   172.00   164.50   168.00    +83.20   +98.11%
      14               9  6715      嘉基                  443.50        344.50    54.32%    366.50   376.50   358.50   360.00      453.50   485.00   444.50   480.50   +120.50   +33.47%
      15              10  2033      佳大                    0.00          0.00    53.87%     15.10    15.20    14.70    14.70       56.30    56.30    49.80    51.00    +36.30  +246.94%
      16              19  6426      統新                  302.50        123.00    52.62%    161.50   175.50   160.50   162.50      362.00   371.00   353.00   357.50   +195.00  +120.00%
      17              28  2466      冠西電                  37.50          0.00    51.43%     91.50    95.70    90.40    94.60      150.00   155.00   145.00   155.00    +60.40   +63.85%
      18              14  911608    明輝-DR                 0.00          0.00    50.66%      0.00     0.00     0.00     0.00        2.65     2.65     2.62     2.65        --        --
      19              30  8103      瀚荃                   32.50          0.00    49.99%     77.20    77.20    72.90    72.90      122.00   126.50   119.50   121.50    +48.60   +66.67%
      20              20  2351      順德                  141.00         58.00    49.39%    152.00   152.50   144.50   144.50      213.50   226.50   212.50   222.00    +77.50   +53.63%
      21              24  7788      松川精密                274.50        123.00    48.60%    201.50   203.00   195.00   196.00      313.00   335.00   311.50   332.50   +136.50   +69.64%
      22              26  2421      建準                   54.00          0.00    47.52%    129.00   129.00   124.00   126.50      167.00   172.00   167.00   169.50    +43.00   +33.99%
      23              36  1727      中華化                  21.50          9.50    47.36%     73.20    73.20    69.70    71.10      128.00   130.00   116.00   117.50    +46.40   +65.26%
      24              32  6278      台表科                  89.00         13.50    46.22%    150.00   152.00   143.00   143.50      218.50   222.00   211.50   220.00    +76.50   +53.31%
      25              57  2305      全友                    0.00          0.00    45.70%     30.60    31.80    29.90    30.50       59.80    60.70    56.60    57.80    +27.30   +89.51%
      26              25  6141      柏承                    0.00          0.00    45.31%     32.70    33.65    31.80    32.50       51.50    52.70    51.00    51.20    +18.70   +57.54%
      27              35  2424      隴華                    0.00          0.00    45.18%      8.01     8.10     7.78     7.78        8.28     8.88     8.27     8.60     +0.82   +10.54%
      28              60  4770      上品                   84.00         10.50    44.61%    217.00   220.50   213.50   217.00      278.50   282.00   269.00   274.50    +57.50   +26.50%
      29              18  6924      榮惠-KY創               32.50          0.00    44.38%    102.50   102.50    98.00   100.00      132.50   135.00   132.00   132.50    +32.50   +32.50%
      30              21  3653      健策                 6480.00       2990.00    44.09%   3370.00  3450.00  3300.00  3370.00     6800.00  7440.00  6760.00  7205.00  +3835.00  +113.80%
      31              77  3094      聯傑                    0.00          0.00    44.00%     34.05    34.70    32.80    32.80       70.40    73.50    68.70    69.00    +36.20  +110.37%
      32              27  3008      大立光                6525.00       4265.00    43.96%   3930.00  4125.00  3860.00  3900.00     6490.00  6850.00  6460.00  6730.00  +2830.00   +72.56%
      33            1355  2321      東訊                    0.00          0.00    43.78%     14.80    15.00    14.80    14.80       25.50    25.50    25.35    25.35    +10.55   +71.28%
      34              22  3543      州巧                    0.00          0.00    43.74%     27.85    28.30    27.00    27.00       51.70    54.60    51.70    54.00    +27.00  +100.00%
      35              44  2492      華新科                 339.50        212.50    43.48%    247.00   247.00   245.00   245.00      377.50   396.00   365.00   368.50   +123.50   +50.41%
      36              39  3443      創意                 7465.00       3455.00    43.15%   3795.00  3855.00  3645.00  3660.00     8150.00  8690.00  8150.00  8600.00  +4940.00  +134.97%
      37              59  6957      裕慶-KY               201.00         23.50    43.14%    231.00   233.00   226.50   230.00      386.00   413.00   380.50   410.00   +180.00   +78.26%
      38              23  6214      精誠                   40.00          0.00    43.11%    142.00   144.00   141.50   143.00      189.00   189.50   188.50   188.50    +45.50   +31.82%
      39              51  6491      晶碩                  116.50         49.00    42.55%    329.00   335.00   321.00   323.50      421.50   423.00   399.50   403.00    +79.50   +24.57%
      40              48  3532      台勝科                 325.50        194.00    42.26%    350.00   355.50   342.00   342.00      487.00   492.50   468.50   469.50   +127.50   +37.28%
==========================================================================================================================================================================
✅ 共 40 筆


══════════════════════════════════════════════════════════════════════════════════════════════════════════════
  🔄 第  3/45 次  2026/07/27 ～ 2026/10/02
══════════════════════════════════════════════════════════════════════════════════════════════════════════════

==========================================================================================================================================================================
📊 動能效率優先權分數排名 (2026/07/27 ~ 2026/10/02)
==========================================================================================================================================================================
    實資排名          累計天數排名  代號        名稱                 累計漲停(元)       累計跌停(元)       強度%  (07/27)開盤      最高      最低      收盤    (10/02)開盤      最高      最低      收盤      賺賠    賺賠率
--------------------------------------------------------------------------------------------------------------------------------------------------------------------------
       1               1  6533      晶心科                 227.00         28.00   100.00%    216.50   217.00   207.00   213.50      366.50   366.50   350.50   352.00   +138.50   +64.87%
       2               2  3016      嘉晶                   74.50          0.00    91.24%     94.50    95.80    90.50    94.20      169.50   182.00   169.50   180.50    +86.30   +91.61%
       3               4  7711      永擎                  649.00        327.50    68.29%    291.00   302.50   290.00   302.00      616.00   620.00   602.00   610.00   +308.00  +101.99%
       4               7  6706      惠特                   51.00         15.00    66.83%    105.50   109.50   104.00   107.50      155.50   160.00   153.00   154.50    +47.00   +43.72%
       5               3  3406      玉晶光                 962.50        559.50    65.68%    509.00   522.00   508.00   517.00      941.00   974.00   929.00   961.00   +444.00   +85.88%
       6               9  6933      AMAX-KY             364.00        129.50    58.63%    167.00   167.50   160.50   161.00      394.00   413.00   378.00   379.00   +218.00  +135.40%
       7               8  6672      騰輝電子-KY             271.50         80.50    57.13%    225.50   228.00   217.00   221.00      413.00   439.00   404.00   439.00   +218.00   +98.64%
       8              10  5292      華懋                   52.00         15.50    55.45%    164.50   167.00   164.00   166.50      236.00   244.00   234.00   240.00    +73.50   +44.14%
       9               6  2033      佳大                    0.00          0.00    54.37%     15.30    15.30    15.10    15.30       51.20    51.20    51.20    51.20    +35.90  +234.64%
      10               5  9110      越南控-DR                0.00          0.00    53.95%      3.15     3.15     3.15     3.15        2.99     2.99     2.98     2.98     -0.17    -5.40%
      11              14  3605      宏致                   65.00         48.50    52.68%     90.00    92.70    89.60    91.00      176.50   182.00   169.00   170.50    +79.50   +87.36%
      12              13  6426      統新                  302.50        123.00    52.34%    164.00   172.00   158.50   171.50      350.50   373.00   344.50   361.50   +190.00  +110.79%
      13              18  1709      和益                    0.00          0.00    51.72%     26.55    27.00    25.75    25.95       55.50    58.50    54.70    58.50    +32.55  +125.43%
      14              16  3055      蔚華科                 122.00         53.30    51.21%    129.00   134.50   122.00   126.00      216.00   217.00   212.50   216.00    +90.00   +71.43%
      15              25  1727      中華化                  21.50          9.50    49.15%     75.80    76.60    73.10    76.00      111.00   123.00   111.00   123.00    +47.00   +61.84%
      16              22  6213      聯茂                  537.50        255.00    48.82%    300.50   309.00   290.00   307.00      646.00   700.00   639.00   683.00   +376.00  +122.48%
      17              12  911608    明輝-DR                 0.00          0.00    47.76%      0.00     0.00     0.00     0.00        2.64     2.69     2.64     2.65        --        --
      18              27  8103      瀚荃                   32.50          0.00    47.29%     79.40    79.70    77.00    78.50      123.00   124.00   121.00   121.00    +42.50   +54.14%
      19              21  6715      嘉基                  412.00        371.00    45.06%    415.00   418.50   388.00   398.00      442.50   468.00   436.00   449.00    +51.00   +12.81%
      20              48  8150      南茂                   21.50          0.00    44.54%     90.00    90.80    85.80    89.90      116.00   127.00   114.50   127.00    +37.10   +41.27%
      21              26  2351      順德                  130.50         58.00    43.82%    159.50   164.00   154.00   160.50      213.00   216.00   210.50   211.50    +51.00   +31.78%
      22              52  2305      全友                    0.00          0.00    43.61%     32.30    32.65    30.15    31.85       59.70    61.60    55.80    60.20    +28.35   +89.01%
      23              37  6491      晶碩                  116.50         28.00    43.42%    334.50   338.50   332.00   338.00      421.50   428.00   415.50   424.00    +86.00   +25.44%
      24              43  2466      冠西電                  23.50          0.00    43.18%     95.00   104.00    89.00    93.90      130.50   141.00   130.50   141.00    +47.10   +50.16%
      25              30  2424      隴華                    0.00          0.00    43.02%      7.86     8.50     7.86     8.30        8.20     8.85     8.20     8.42     +0.12    +1.45%
      26              20  3008      大立光                6255.00       4265.00    42.63%   4005.00  4150.00  3905.00  4090.00     6205.00  6395.00  6090.00  6290.00  +2200.00   +53.79%
      27              38  3532      台勝科                 325.50        194.00    42.61%    372.00   380.50   357.50   379.50      470.00   492.50   463.00   475.50    +96.00   +25.30%
      28              55  4770      上品                   84.00         10.50    42.44%    229.00   229.00   221.00   223.00      275.00   280.50   274.50   278.00    +55.00   +24.66%
      29              41  2492      華新科                 339.50        212.50    41.99%    270.00   272.00   247.00   272.00      335.00   361.50   329.00   361.50    +89.50   +32.90%
      30              34  6278      台表科                  89.00         13.50    41.94%    159.50   161.00   154.50   157.00      217.00   218.50   213.00   217.00    +60.00   +38.22%
      31              35  2421      建準                   54.00          0.00    41.78%    132.00   132.00   128.00   131.50      163.50   168.00   161.50   166.00    +34.50   +26.24%
      32              32  7788      松川精密                249.00        123.00    41.75%    207.00   213.50   204.00   207.50      289.00   309.50   289.00   307.00    +99.50   +47.95%
      33              15  3653      健策                 6170.00       2990.00    41.70%   3475.00  3580.00  3420.00  3525.00     6790.00  7065.00  6760.00  6800.00  +3275.00   +92.91%
      34              17  6214      精誠                   40.00          0.00    41.65%    142.00   146.00   140.00   145.50      188.50   189.50   188.00   188.50    +43.00   +29.55%
      35              28  6141      柏承                    0.00          0.00    41.60%     36.05    37.60    34.80    34.95       52.20    52.70    50.50    51.00    +16.05   +45.92%
      36            1354  2321      東訊                    0.00          0.00    41.35%     14.95    15.00    14.95    15.00       25.65    25.85    25.65    25.85    +10.85   +72.33%
      37              19  6924      榮惠-KY創               32.50          0.00    41.06%    103.50   103.50   101.50   102.00      135.00   136.50   133.50   133.50    +31.50   +30.88%
      38              23  3017      奇鋐                 2850.00       1830.00    40.72%   2375.00  2420.00  2310.00  2400.00     3570.00  3570.00  3385.00  3440.00  +1040.00   +43.33%
      39              91  3094      聯傑                    0.00          0.00    40.65%     36.85    36.85    35.00    35.55       69.20    73.00    67.90    70.30    +34.75   +97.75%
      40              11  2464      盟立                   96.00         66.50    40.53%    144.00   145.50   138.00   142.50      194.50   199.00   190.50   195.50    +53.00   +37.19%
==========================================================================================================================================================================
✅ 共 40 筆


══════════════════════════════════════════════════════════════════════════════════════════════════════════════
  🔄 第  4/45 次  2026/07/24 ～ 2026/10/01
══════════════════════════════════════════════════════════════════════════════════════════════════════════════

==========================================================================================================================================================================
📊 動能效率優先權分數排名 (2026/07/24 ~ 2026/10/01)
==========================================================================================================================================================================
    實資排名          累計天數排名  代號        名稱                 累計漲停(元)       累計跌停(元)       強度%  (07/24)開盤      最高      最低      收盤    (10/01)開盤      最高      最低      收盤      賺賠    賺賠率
--------------------------------------------------------------------------------------------------------------------------------------------------------------------------
       1               1  6533      晶心科                 227.00         13.50   100.00%    209.00   221.00   209.00   217.00      346.00   366.50   337.00   366.50   +149.50   +68.89%
       2               3  3016      嘉晶                   62.00          0.00    69.66%    100.50   101.00    95.10    95.30      169.00   169.00   162.50   168.00    +72.70   +76.29%
       3               2  7711      永擎                  649.00        327.50    65.81%    302.50   303.50   295.00   297.00      561.00   616.00   551.00   616.00   +319.00  +107.41%
       4               7  6706      惠特                   51.00         15.00    64.46%    111.00   115.00   108.00   109.00      152.00   160.50   152.00   154.50    +45.50   +41.74%
       5               8  6933      AMAX-KY             364.00        114.00    59.40%    167.50   173.00   165.00   165.00      370.00   404.50   369.50   394.50   +229.50  +139.09%
       6               6  3406      玉晶光                 951.50        584.50    55.78%    525.00   530.00   504.00   507.00      885.00   973.00   871.00   950.00   +443.00   +87.38%
       7               5  2033      佳大                    0.00          0.00    53.89%     15.20    15.40    15.05    15.40       45.10    46.55    44.00    46.55    +31.15  +202.27%
       8               9  5292      華懋                   52.00         15.50    53.61%    164.00   167.50   164.00   165.50      228.50   240.00   228.50   237.00    +71.50   +43.20%
       9               4  9110      越南控-DR                0.00          0.00    53.19%      0.00     0.00     0.00     0.00        3.08     3.08     2.98     2.98        --        --
      10              14  3605      宏致                   65.00         48.50    52.93%     92.00    95.10    89.80    91.00      171.00   179.00   168.50   178.00    +87.00   +95.60%
      11              10  6672      騰輝電子-KY             238.00         80.50    50.18%    231.00   243.50   224.00   224.50      376.50   405.50   369.50   405.50   +181.00   +80.62%
      12              18  8103      瀚荃                   32.50          0.00    49.25%     78.70    80.50    78.20    78.60      122.00   125.00   119.00   124.00    +45.40   +57.76%
      13              13  6426      統新                  280.50        123.00    49.08%    166.00   180.00   160.50   164.00      343.00   345.50   330.00   339.50   +175.50  +107.01%
      14              19  1709      和益                    0.00          0.00    48.19%     27.20    28.30    26.15    26.25       51.80    53.20    51.60    53.20    +26.95  +102.67%
      15              12  911608    明輝-DR                 0.00          0.00    47.70%      2.73     2.75     2.67     2.75        2.70     2.71     2.69     2.70     -0.05    -1.82%
      16              22  3055      蔚華科                 122.00         68.30    46.97%    137.50   144.50   135.50   135.50      208.00   212.00   202.00   210.00    +74.50   +54.98%
      17              17  6715      嘉基                  412.00        371.00    44.88%    421.00   463.00   410.50   424.50      445.00   453.00   430.00   453.00    +28.50    +6.71%
      18              20  2351      順德                  130.50         58.00    44.19%    162.50   168.00   158.00   161.00      210.00   214.50   207.00   212.50    +51.50   +31.99%
      19            1340  2321      東訊                    0.00          0.00    43.23%     14.30    15.00    14.25    15.00       23.65    23.65    23.50    23.50     +8.50   +56.67%
      20              31  6491      晶碩                  116.50         28.00    43.06%    333.00   337.00   330.00   331.50      413.00   421.50   409.00   421.50    +90.00   +27.15%
      21              15  6924      榮惠-KY創               32.50          0.00    42.93%    103.50   103.50   102.50   103.00      133.00   136.00   132.00   134.00    +31.00   +30.10%
      22              37  1727      中華化                  10.50          9.50    42.59%     78.20    80.20    76.00    76.00      108.00   116.00   105.50   112.00    +36.00   +47.37%
      23              23  2424      隴華                    0.00          0.00    42.23%      8.50     8.50     8.40     8.43        8.02     8.43     8.02     8.16     -0.27    -3.20%
      24              55  4770      上品                   84.00         10.50    42.15%    225.00   231.50   225.00   227.50      278.50   281.50   273.50   275.00    +47.50   +20.88%
      25              75  2305      全友                    0.00          0.00    41.99%     34.00    34.45    31.30    32.30       65.30    65.30    61.90    61.90    +29.60   +91.64%
      26              16  6214      精誠                   40.00          0.00    41.92%    140.50   142.00   139.00   139.50      188.00   189.50   188.00   189.00    +49.50   +35.48%
      27              34  6278      台表科                  89.00         13.50    41.71%    163.00   165.50   159.00   159.50      218.00   219.50   214.00   216.50    +57.00   +35.74%
      28              11  2464      盟立                   96.00         66.50    41.07%    146.00   151.00   143.50   146.50      193.50   195.50   189.50   193.50    +47.00   +32.08%
      29              28  6141      柏承                    0.00          0.00    40.99%     41.00    41.00    38.65    38.65       51.80    53.40    50.80    52.20    +13.55   +35.06%
      30              35  2254      巨鎧精密-創                0.00          0.00    40.73%     59.40    60.60    59.20    60.60       93.00    94.60    93.00    94.10    +33.50   +55.28%
      31             105  3094      聯傑                    0.00          0.00    40.66%     36.30    37.95    36.00    36.20       61.80    67.70    61.70    67.70    +31.50   +87.02%
      32              42  2030      彰源                    0.00          0.00    39.97%     17.55    17.75    17.35    17.50       37.20    40.00    36.05    37.65    +20.15  +115.14%
      33              43  6213      聯茂                  496.50        289.00    39.91%    332.00   337.50   309.50   309.50      623.00   643.00   611.00   642.00   +332.50  +107.43%
      34              27  1468      昶和                    0.00          0.00    39.79%     13.20    13.75    12.90    13.10       13.35    13.55    13.05    13.55     +0.45    +3.44%
      35              21  3543      州巧                    0.00          0.00    39.66%     28.20    28.40    27.20    27.20       51.30    51.80    50.50    51.10    +23.90   +87.87%
      36              54  6168      宏齊                    0.00          0.00    39.47%     23.80    24.40    23.55    23.80       45.70    47.00    45.70    47.00    +23.20   +97.48%
      37              26  3008      大立光                6170.00       4485.00    39.40%   4070.00  4150.00  3915.00  3920.00     5950.00  6225.00  5740.00  6205.00  +2285.00   +58.29%
      38              25  3017      奇鋐                 2850.00       1820.00    39.21%   2375.00  2510.00  2355.00  2380.00     3435.00  3520.00  3300.00  3510.00  +1130.00   +47.48%
      39              40  2421      建準                   54.00          0.00    39.15%    132.50   134.50   129.50   130.00      162.00   164.50   160.50   164.00    +34.00   +26.15%
      40              50  3532      台勝科                 325.50        236.00    38.84%    405.00   410.00   379.50   379.50      475.00   497.50   465.50   474.00    +94.50   +24.90%
==========================================================================================================================================================================
✅ 共 40 筆


══════════════════════════════════════════════════════════════════════════════════════════════════════════════
  🔄 第  5/45 次  2026/07/23 ～ 2026/09/30
══════════════════════════════════════════════════════════════════════════════════════════════════════════════

==========================================================================================================================================================================
📊 動能效率優先權分數排名 (2026/07/23 ~ 2026/09/30)
==========================================================================================================================================================================
    實資排名          累計天數排名  代號        名稱                 累計漲停(元)       累計跌停(元)       強度%  (07/23)開盤      最高      最低      收盤    (09/30)開盤      最高      最低      收盤      賺賠    賺賠率
--------------------------------------------------------------------------------------------------------------------------------------------------------------------------
       1               2  3016      嘉晶                   62.00          0.00   100.00%    106.50   111.50   100.00   103.00      170.00   172.50   165.00   169.00    +66.00   +64.08%
       2               1  6533      晶心科                 194.00         34.00    90.62%    235.00   236.00   212.50   214.00      316.00   333.50   301.00   333.50   +119.50   +55.84%
       3               8  6706      惠特                   51.00         15.00    88.16%    118.50   122.00   112.00   112.50      154.00   158.00   149.50   150.00    +37.50   +33.33%
       4               5  7711      永擎                  593.00        327.50    85.22%    311.00   311.00   303.00   305.50      553.00   566.00   549.00   560.00   +254.50   +83.31%
       5              11  6933      AMAX-KY             340.50        114.00    78.41%    165.00   173.00   165.00   167.50      380.50   392.00   371.00   371.00   +203.50  +121.49%
       6               3  9110      越南控-DR                0.00          0.00    77.86%      3.15     3.15     3.13     3.15        2.70     2.99     2.70     2.99     -0.16    -5.08%
       7               4  2033      佳大                    0.00          0.00    76.46%     15.15    15.35    15.00    15.35       38.85    42.35    38.65    42.35    +27.00  +175.90%
       8               6  3406      玉晶光                 891.50        584.50    76.33%    533.00   543.00   525.00   532.00      890.00   921.00   878.00   890.00   +358.00   +67.29%
       9              14  3605      宏致                   65.00         48.50    74.43%     93.00    94.50    90.40    94.50      183.00   183.50   168.50   170.50    +76.00   +80.42%
      10               7  5292      華懋                   52.00         15.50    72.65%    171.50   171.50   167.50   168.50      216.50   234.00   216.50   230.00    +61.50   +36.50%
      11              10  6715      嘉基                  439.50        371.00    69.81%    399.00   425.50   380.50   425.50      452.00   453.50   441.00   442.00    +16.50    +3.88%
      12              12  6426      統新                  280.50        123.00    69.77%    170.00   175.50   160.00   164.00      351.50   360.50   342.00   345.00   +181.00  +110.37%
      13               9  911608    明輝-DR                 0.00          0.00    68.50%      2.73     2.73     2.73     2.73        2.69     2.70     2.65     2.70     -0.03    -1.10%
      14              19  8103      瀚荃                   32.50          0.00    67.07%     80.30    80.70    78.50    79.30      118.00   124.50   116.00   121.50    +42.20   +53.22%
      15              22  1709      和益                    0.00          0.00    66.44%     28.10    28.50    27.10    27.20       44.10    48.40    44.00    48.40    +21.20   +77.94%
      16              40  2305      全友                    0.00          0.00    64.40%     33.20    34.40    31.75    34.35       70.00    72.50    66.40    68.70    +34.35  +100.00%
      17              15  6672      騰輝電子-KY             201.50         80.50    63.07%    237.00   239.00   225.00   231.00      337.50   369.00   335.50   369.00   +138.00   +59.74%
      18              37  4770      上品                   84.00         10.50    62.64%    228.00   232.50   225.00   229.50      288.00   288.50   277.50   282.00    +52.50   +22.88%
      19            1338  2321      東訊                    0.00          0.00    62.42%      0.00     0.00     0.00     0.00       24.30    24.30    24.30    24.30        --        --
      20              29  3055      蔚華科                 122.00         83.30    61.19%    165.00   165.00   149.50   150.50      201.00   211.00   195.00   209.50    +59.00   +39.20%
      21              31  2351      順德                  130.50         58.00    61.11%    169.00   170.50   161.50   164.00      217.00   217.00   204.00   209.00    +45.00   +27.44%
      22              18  3017      奇鋐                 2950.00       1820.00    60.64%   2350.00  2490.00  2350.00  2440.00     3455.00  3575.00  3405.00  3435.00   +995.00   +40.78%
      23              27  6278      台表科                  89.00         13.50    60.11%    169.50   170.50   164.00   166.00      220.00   223.00   214.00   218.00    +52.00   +31.33%
      24              26  2424      隴華                    0.00          0.00    59.92%      8.54     8.55     8.35     8.55        8.12     8.57     8.12     8.30     -0.25    -2.92%
      25              16  6924      榮惠-KY創               32.50          0.00    59.83%    105.50   106.50   104.00   104.50      135.50   135.50   131.50   135.00    +30.50   +29.19%
      26              24  6805      富世達                2355.00       1475.00    59.51%   1415.00  1475.00  1415.00  1455.00     2580.00  2720.00  2440.00  2455.00  +1000.00   +68.73%
      27              43  6491      晶碩                  116.50         28.00    59.03%    338.00   339.00   333.00   336.00      412.00   418.00   407.50   413.00    +77.00   +22.92%
      28              50  1727      中華化                  10.50          9.50    58.66%     80.60    82.10    78.10    79.20      117.00   117.00   108.00   109.00    +29.80   +37.63%
      29              17  6214      精誠                   40.00          0.00    58.44%    143.50   143.50   139.00   141.00      188.00   189.50   183.00   188.00    +47.00   +33.33%
      30              20  3008      大立光                6050.00       4485.00    58.37%   4025.00  4175.00  3980.00  4140.00     6010.00  6090.00  5945.00  5945.00  +1805.00   +43.60%
      31              13  2464      盟立                   96.00         66.50    58.26%    151.00   152.00   145.50   148.50      194.00   197.50   191.50   192.50    +44.00   +29.63%
      32              36  2254      巨鎧精密-創                0.00          0.00    57.68%     60.90    60.90    58.90    60.50       92.20    93.10    92.10    92.60    +32.10   +53.06%
      33              33  6141      柏承                    0.00          0.00    57.54%     43.85    46.20    39.30    42.90       53.70    53.70    51.70    51.80     +8.90   +20.75%
      34              21  3653      健策                 6305.00       3195.00    57.43%   3615.00  3820.00  3600.00  3710.00     6980.00  7080.00  6720.00  6800.00  +3090.00   +83.29%
      35              23  1468      昶和                    0.00          0.00    57.40%     13.15    13.65    13.05    13.40       13.00    13.50    12.85    13.50     +0.10    +0.75%
      36              41  2030      彰源                    0.00          0.00    56.76%     17.55    17.70    17.35    17.50       36.60    36.70    36.00    36.70    +19.20  +109.71%
      37              38  3296      勝德                    0.00          0.00    56.10%     25.50    27.25    25.50    27.25       27.70    28.40    27.60    28.40     +1.15    +4.22%
      38              25  3543      州巧                    0.00          0.00    55.52%     29.25    29.35    28.20    28.20       49.70    51.90    49.00    51.20    +23.00   +81.56%
      39              66  2241      艾姆勒                   0.00          0.00    55.26%     35.10    35.50    33.85    34.20       43.50    47.90    43.45    46.15    +11.95   +34.94%
      40             100  6782      視陽                   58.50         21.00    54.76%    188.50   189.00   184.50   185.00      237.00   243.00   236.50   242.00    +57.00   +30.81%
==========================================================================================================================================================================
✅ 共 40 筆


══════════════════════════════════════════════════════════════════════════════════════════════════════════════
  🔄 第  6/45 次  2026/07/22 ～ 2026/09/29
══════════════════════════════════════════════════════════════════════════════════════════════════════════════

==========================================================================================================================================================================
📊 動能效率優先權分數排名 (2026/07/22 ~ 2026/09/29)
==========================================================================================================================================================================
    實資排名          累計天數排名  代號        名稱                 累計漲停(元)       累計跌停(元)       強度%  (07/22)開盤      最高      最低      收盤    (09/29)開盤      最高      最低      收盤      賺賠    賺賠率
--------------------------------------------------------------------------------------------------------------------------------------------------------------------------
       1               1  3016      嘉晶                   62.00          0.00   100.00%    102.50   111.50   102.50   105.00      165.00   176.00   161.50   172.50    +67.50   +64.29%
       2               3  6706      惠特                   51.00         15.00    90.38%    112.50   120.00   112.50   116.50      142.00   154.50   141.50   151.00    +34.50   +29.61%
       3               7  7711      永擎                  579.00        327.50    82.22%    307.00   311.00   304.50   308.50      540.00   553.00   537.00   546.00   +237.50   +76.99%
       4               2  6533      晶心科                 164.00         34.00    80.05%    233.50   242.00   233.50   234.50      272.50   303.50   268.00   303.50    +69.00   +29.42%
       5               8  3605      宏致                   65.00         36.50    79.89%     85.90    92.80    85.60    92.80      182.00   190.50   179.00   182.50    +89.70   +96.66%
       6               9  3406      玉晶光                 891.50        584.50    73.87%    535.00   542.00   521.00   529.00      890.00   893.00   869.00   882.00   +353.00   +66.73%
       7              10  6426      統新                  292.00        123.00    73.03%    167.00   168.00   163.50   167.00      381.50   388.50   350.50   354.00   +187.00  +111.98%
       8               4  2033      佳大                    0.00          0.00    71.64%     14.90    15.30    14.90    15.30       36.80    39.95    36.50    38.50    +23.20  +151.63%
       9               5  9110      越南控-DR                0.00          0.00    71.00%      3.15     3.15     3.15     3.15        2.91     2.91     2.57     2.85     -0.30    -9.52%
      10              12  6715      嘉基                  439.50        361.00    67.78%    400.00   413.50   372.00   387.00      460.00   468.50   442.00   452.00    +65.00   +16.80%
      11              11  911608    明輝-DR                 0.00          0.00    65.99%      2.87     2.87     2.83     2.83        2.62     2.71     2.62     2.70     -0.13    -4.59%
      12              13  5292      華懋                   40.50         15.50    65.83%    168.50   173.50   168.00   171.00      217.00   219.00   215.50   218.50    +47.50   +27.78%
      13              22  6933      AMAX-KY             340.50        124.00    65.58%    173.00   179.50   165.00   165.00      385.50   395.00   375.50   378.00   +213.00  +129.09%
      14              18  4770      上品                   84.00         10.50    64.76%    223.50   234.00   222.00   227.50      277.00   295.00   277.00   286.50    +59.00   +25.93%
      15              26  2305      全友                    0.00          0.00    64.69%     33.00    35.00    32.05    33.75       61.70    69.10    61.10    69.10    +35.35  +104.74%
      16              24  2351      順德                  130.50         58.00    62.37%    169.00   172.50   164.50   168.00      221.00   221.00   214.00   215.50    +47.50   +28.27%
      17               6  2464      盟立                  107.00         66.50    62.19%    148.50   154.00   146.00   151.00      194.50   200.00   192.00   192.00    +41.00   +27.15%
      18              40  1709      和益                    0.00          0.00    60.96%     27.55    28.30    27.25    27.90       43.50    44.95    43.20    44.00    +16.10   +57.71%
      19              36  8103      瀚荃                   32.50          0.00    60.96%     78.40    81.10    78.30    80.00      122.50   122.50   117.00   117.00    +37.00   +46.25%
      20              19  6141      柏承                    0.00          0.00    60.22%     39.85    42.40    37.50    42.00       52.60    53.30    51.30    52.90    +10.90   +25.95%
      21            1341  2321      東訊                    0.00          0.00    60.06%     16.20    16.20    15.75    15.90       25.00    25.00    25.00    25.00     +9.10   +57.23%
      22              14  6924      榮惠-KY創               32.50          0.00    59.50%    105.50   107.50   105.50   106.50      136.00   137.00   134.00   135.00    +28.50   +26.76%
      23              20  6278      台表科                  89.00         13.50    59.31%    170.00   172.50   167.00   167.00      209.00   221.50   209.00   216.00    +49.00   +29.34%
      24              41  1727      中華化                  10.50          0.00    59.21%     82.40    83.80    80.20    80.30      113.00   122.00   104.00   118.50    +38.20   +47.57%
      25              16  3008      大立光                6065.00       4410.00    58.92%   4050.00  4140.00  3955.00  4000.00     6100.00  6205.00  5940.00  6020.00  +2020.00   +50.50%
      26              31  2421      建準                   54.00          0.00    58.54%    131.00   133.50   130.50   132.00      165.50   165.50   161.00   163.50    +31.50   +23.86%
      27              43  6491      晶碩                  116.50         28.00    57.40%    337.50   345.00   336.00   338.00      402.00   406.00   399.50   406.00    +68.00   +20.12%
      28              25  2424      隴華                    0.00          0.00    57.22%      8.60     8.60     8.50     8.55        7.85     8.45     7.85     8.12     -0.43    -5.03%
      29              15  6214      精誠                   40.00          0.00    56.89%    142.00   143.50   141.50   141.50      190.50   190.50   188.00   189.00    +47.50   +33.57%
      30              17  3653      健策                 6305.00       3100.00    56.87%   3545.00  3615.00  3405.00  3500.00     7000.00  7160.00  6850.00  6895.00  +3395.00   +97.00%
      31              32  2254      巨鎧精密-創                0.00          0.00    56.12%     60.50    60.50    60.50    60.50       89.20    92.10    89.20    91.80    +31.30   +51.74%
      32              21  2357      華碩                  566.00        352.00    56.07%    740.00   772.00   740.00   757.00      967.00   969.00   950.00   963.00   +206.00   +27.21%
      33              42  6805      富世達                2355.00       1435.00    55.82%   1470.00  1470.00  1390.00  1395.00     2455.00  2550.00  2420.00  2515.00  +1120.00   +80.29%
      34              39  2030      彰源                    0.00          0.00    55.43%     17.35    17.55    17.30    17.40       33.40    33.40    33.40    33.40    +16.00   +91.95%
      35              47  3055      蔚華科                 122.00         83.30    54.50%    175.50   176.00   165.50   165.50      196.00   207.50   191.50   203.50    +38.00   +22.96%
      36              65  6168      宏齊                    0.00          0.00    54.23%     24.70    25.50    24.40    25.10       44.40    45.55    44.30    45.20    +20.10   +80.08%
      37              63  4956      光鋐                    0.00          0.00    53.71%     29.00    31.45    29.00    30.40       43.55    46.20    43.50    46.00    +15.60   +51.32%
      38              30  6902      GOGOLOOK             41.00         14.00    53.63%    119.00   123.00   119.00   122.00      173.00   175.00   162.00   162.50    +40.50   +33.20%
      39              51  3665      貿聯-KY              2115.00       1735.00    53.51%   2060.00  2195.00  2040.00  2115.00     2385.00  2465.00  2375.00  2445.00   +330.00   +15.60%
      40              50  3296      勝德                    0.00          0.00    53.29%     25.70    25.75    25.10    25.50       28.00    29.60    27.75    27.80     +2.30    +9.02%
==========================================================================================================================================================================
✅ 共 40 筆


══════════════════════════════════════════════════════════════════════════════════════════════════════════════
  🔄 第  7/45 次  2026/07/21 ～ 2026/09/24
══════════════════════════════════════════════════════════════════════════════════════════════════════════════

==========================================================================================================================================================================
📊 動能效率優先權分數排名 (2026/07/21 ~ 2026/09/24)
==========================================================================================================================================================================
    實資排名          累計天數排名  代號        名稱                 累計漲停(元)       累計跌停(元)       強度%  (07/21)開盤      最高      最低      收盤    (09/24)開盤      最高      最低      收盤      賺賠    賺賠率
--------------------------------------------------------------------------------------------------------------------------------------------------------------------------
       1               1  3016      嘉晶                   49.50          0.00   100.00%    102.50   103.50    97.60   101.50      147.50   160.00   147.00   160.00    +58.50   +57.64%
       2               3  3605      宏致                   65.00         36.50    95.64%     78.00    84.40    76.20    84.40      179.50   186.50   178.50   183.50    +99.10  +117.42%
       3               5  6706      惠特                   51.00         15.00    95.41%    109.50   111.00   107.00   109.50      143.50   146.00   142.50   143.00    +33.50   +30.59%
       4              10  7711      永擎                  579.00        327.50    93.84%    301.00   307.00   300.50   304.00      543.00   548.00   535.00   542.00   +238.00   +78.29%
       5               2  3406      玉晶光                 922.50        565.50    92.63%    508.00   534.00   504.00   531.00      901.00   911.00   885.00   901.00   +370.00   +69.68%
       6               4  6426      統新                  292.00         88.00    90.86%    158.00   158.50   153.00   155.50      412.00   412.00   380.00   389.00   +233.50  +150.16%
       7              12  6933      AMAX-KY             352.00        124.00    85.25%    165.00   175.00   160.50   175.00      367.50   385.00   355.00   385.00   +210.00  +120.00%
       8              11  6715      嘉基                  451.00        344.50    84.06%    375.00   407.50   371.50   386.50      462.50   472.50   459.00   468.50    +82.00   +21.22%
       9               7  9110      越南控-DR                0.00          0.00    82.48%      0.00     0.00     0.00     0.00        2.80     2.89     2.66     2.82        --        --
      10               9  2033      佳大                    0.00          0.00    81.15%     14.75    15.15    14.75    15.15       37.65    38.30    35.50    36.80    +21.65  +142.90%
      11              21  8103      瀚荃                   32.50          0.00    79.55%     77.10    79.20    76.80    77.60      122.50   126.00   121.50   123.00    +45.40   +58.51%
      12               8  3653      健策                 6625.00       3075.00    78.17%   3205.00  3520.00  3205.00  3520.00     6560.00  6920.00  6215.00  6920.00  +3400.00   +96.59%
      13              22  2351      順德                  130.50         58.00    75.98%    157.00   164.00   157.00   163.50      224.00   227.00   217.00   219.50    +56.00   +34.25%
      14              14  2357      華碩                  604.00        352.00    73.83%    700.00   739.00   698.00   736.00      948.00   961.00   947.00   953.00   +217.00   +29.48%
      15              56  6166      凌華                   74.00         55.50    73.41%    120.50   132.00   120.50   132.00      126.50   133.00   125.00   132.00     +0.00    +0.00%
      16              13  6533      晶心科                 136.50         34.00    73.32%    238.00   241.50   228.00   234.50      251.00   276.00   250.00   276.00    +41.50   +17.70%
      17              15  911608    明輝-DR                 0.00          0.00    72.99%      2.85     2.85     2.79     2.79        2.67     2.67     2.67     2.67     -0.12    -4.30%
      18               6  2464      盟立                  107.00         66.50    72.94%    138.00   141.50   135.00   140.00      196.00   200.50   192.50   195.50    +55.50   +39.64%
      19              23  3665      貿聯-KY              2190.00       1735.00    72.80%   1850.00  2000.00  1825.00  2000.00     2410.00  2470.00  2285.00  2340.00   +340.00   +17.00%
      20              32  1709      和益                    0.00          0.00    72.64%     26.40    28.60    26.30    28.10       45.85    46.45    43.50    43.50    +15.40   +54.80%
      21              18  3008      大立光                6175.00       4185.00    72.23%   3925.00  3990.00  3795.00  3985.00     6105.00  6310.00  6080.00  6245.00  +2260.00   +56.71%
      22              20  5292      華懋                   40.50         15.50    71.92%    180.00   180.00   168.00   169.50      217.00   218.00   215.50   217.50    +48.00   +28.32%
      23              26  3450      聯鈞                  615.00        497.00    71.86%    385.00   427.50   382.50   427.50      516.00   522.00   505.00   513.00    +85.50   +20.00%
      24              31  2421      建準                   54.00          0.00    71.28%    126.00   129.00   126.00   128.50      163.00   168.00   161.50   167.00    +38.50   +29.96%
      25              16  6924      榮惠-KY創               32.50          0.00    70.49%    104.00   109.00   104.00   105.50      133.50   136.50   130.00   134.00    +28.50   +27.01%
      26              27  6805      富世達                2465.00       1420.00    70.39%   1325.00  1425.00  1325.00  1415.00     2570.00  2615.00  2505.00  2530.00  +1115.00   +78.80%
      27              19  3017      奇鋐                 3100.00       1720.00    68.98%   2190.00  2340.00  2175.00  2320.00     3460.00  3600.00  3455.00  3555.00  +1235.00   +53.23%
      28            1352  2321      東訊                    0.00          0.00    68.87%     15.20    15.20    15.20    15.20        0.00     0.00     0.00     0.00    -15.20  -100.00%
      29              25  6141      柏承                    0.00          0.00    68.82%     38.50    38.95    37.35    38.55       51.70    52.70    50.80    51.80    +13.25   +34.37%
      30              42  2455      全新                  483.50        246.50    68.75%    283.50   298.50   281.50   295.00      547.00   555.00   542.00   554.00   +259.00   +87.80%
      31              36  4770      上品                   84.00         10.50    68.22%    223.50   227.00   218.00   220.50      285.00   290.00   272.00   281.50    +61.00   +27.66%
      32              17  6214      精誠                   40.00          0.00    67.99%    138.50   141.50   137.00   141.50      190.00   191.50   189.00   190.50    +49.00   +34.63%
      33              30  3443      創意                 7285.00       3045.00    67.67%   3830.00  4115.00  3810.00  4115.00     8300.00  8545.00  8205.00  8525.00  +4410.00  +107.17%
      34              28  6902      GOGOLOOK             41.00          0.00    66.94%    122.50   122.50   116.50   120.50      170.00   183.00   167.50   176.50    +56.00   +46.47%
      35              61  2305      全友                    0.00          0.00    65.32%     33.60    33.60    31.40    31.90       63.30    64.20    62.40    62.90    +31.00   +97.18%
      36              49  6669      緯穎                 4860.00       2335.00    65.01%   4825.00  5045.00  4825.00  5000.00     2110.00  2140.00  2075.00  2115.00  -2885.00   -57.70%
      37              46  1727      中華化                  10.50          0.00    64.89%     78.20    81.60    77.80    81.30      114.00   125.00   109.00   115.50    +34.20   +42.07%
      38              52  6491      晶碩                  116.50         28.00    64.36%    335.50   338.00   333.00   335.00      407.50   407.50   402.00   402.00    +67.00   +20.00%
      39              37  6278      台表科                  98.50         13.50    63.99%    162.50   168.50   157.00   167.00      207.50   214.50   204.50   212.00    +45.00   +26.95%
      40              39  2424      隴華                    0.00          0.00    63.70%      8.62     8.62     8.47     8.60        7.90     8.40     7.90     8.20     -0.40    -4.65%
==========================================================================================================================================================================
✅ 共 40 筆


══════════════════════════════════════════════════════════════════════════════════════════════════════════════
  🔄 第  8/45 次  2026/07/20 ～ 2026/09/23
══════════════════════════════════════════════════════════════════════════════════════════════════════════════

==========================================================================================================================================================================
📊 動能效率優先權分數排名 (2026/07/20 ~ 2026/09/23)
==========================================================================================================================================================================
    實資排名          累計天數排名  代號        名稱                 累計漲停(元)       累計跌停(元)       強度%  (07/20)開盤      最高      最低      收盤    (09/23)開盤      最高      最低      收盤      賺賠    賺賠率
--------------------------------------------------------------------------------------------------------------------------------------------------------------------------
       1               2  6426      統新                  292.00         88.00   100.00%    160.00   160.00   145.00   153.50      359.00   391.50   357.00   391.50   +238.00  +155.05%
       2               3  7711      永擎                  579.00        327.50    98.04%    298.50   306.00   281.50   298.00      545.00   561.00   538.00   543.00   +245.00   +82.21%
       3               8  6706      惠特                   51.00         15.00    97.42%    112.50   112.50   102.00   107.00      150.00   150.50   144.00   144.00    +37.00   +34.58%
       4               6  3605      宏致                   65.00         36.50    96.33%     79.30    79.30    72.50    76.80      174.50   188.50   174.50   180.00   +103.20  +134.38%
       5               5  6933      AMAX-KY             326.50        124.00    93.51%    156.00   167.50   146.00   163.50      320.00   350.00   320.00   350.00   +186.50  +114.07%
       6               1  9110      越南控-DR                0.00          0.00    91.09%      2.83     3.12     2.83     3.11        2.52     2.92     2.52     2.92     -0.19    -6.11%
       7              12  3665      貿聯-KY              2245.00       1735.00    88.53%   1800.00  1860.00  1685.00  1820.00     2290.00  2340.00  2240.00  2340.00   +520.00   +28.57%
       8               4  2033      佳大                    0.00          0.00    87.07%     14.60    14.90    14.45    14.90       39.70    40.25    36.20    37.30    +22.40  +150.34%
       9              10  3406      玉晶光                 922.50        584.50    86.56%    524.00   527.00   494.00   500.00      930.00   942.00   904.00   905.00   +405.00   +81.00%
      10              14  3016      嘉晶                   35.00          0.00    81.46%    101.00   105.50    95.50   101.00      145.00   145.50   141.50   145.50    +44.50   +44.06%
      11              20  8103      瀚荃                   32.50          0.00    80.34%     79.20    80.40    75.00    76.50      123.50   129.00   122.00   123.50    +47.00   +61.44%
      12              19  1709      和益                    0.00          0.00    79.48%     25.80    27.00    25.55    26.20       47.50    50.50    45.50    48.30    +22.10   +84.35%
      13              13  6715      嘉基                  451.00        360.50    78.13%    391.00   399.00   361.50   375.00      451.00   479.50   440.50   459.50    +84.50   +22.53%
      14              11  911608    明輝-DR                 0.00          0.00    76.43%      2.70     2.71     2.67     2.71        2.70     2.72     2.65     2.72     +0.01    +0.37%
      15              22  4770      上品                   84.00         10.50    74.63%    214.50   221.00   210.50   220.00      261.50   275.00   256.50   275.00    +55.00   +25.00%
      16              17  5292      華懋                   40.50         15.50    73.95%    167.00   168.00   161.00   164.00      217.00   219.00   210.00   218.50    +54.50   +33.23%
      17               7  6533      晶心科                 132.50         34.00    73.77%    213.50   231.00   213.00   231.00      259.00   264.00   249.50   251.00    +20.00    +8.66%
      18              25  6669      緯穎                 4915.00       2335.00    73.68%   4725.00  4845.00  4635.00  4685.00     2135.00  2140.00  2095.00  2105.00  -2580.00   -55.07%
      19              72  6166      凌華                   74.00         55.50    73.60%    119.50   123.50   111.50   120.00      128.00   135.00   126.50   126.50     +6.50    +5.42%
      20               9  2464      盟立                  107.00         66.50    73.51%    142.00   143.00   131.00   134.50      192.00   200.50   186.00   195.00    +60.50   +44.98%
      21            1339  2321      東訊                    0.00          0.00    71.93%     15.20    15.20    15.20    15.20       23.80    26.25    23.80    25.00     +9.80   +64.47%
      22              35  2455      全新                  483.50        246.50    70.65%    277.50   283.50   255.00   277.00      541.00   552.00   535.00   552.00   +275.00   +99.28%
      23              15  6214      精誠                   40.00          0.00    69.86%    139.00   139.00   134.00   137.50      190.50   190.50   187.00   190.00    +52.50   +38.18%
      24              16  6924      榮惠-KY創               32.50          0.00    69.65%    111.00   111.50   102.00   104.50      135.00   136.00   131.00   136.00    +31.50   +30.14%
      25              38  2351      順德                  130.50         74.50    69.52%    167.00   167.00   155.50   156.00      240.00   240.00   225.00   226.00    +70.00   +44.87%
      26              32  6491      晶碩                  116.50         28.00    69.26%    335.00   340.00   330.00   335.50      405.00   407.50   400.00   407.50    +72.00   +21.46%
      27              21  3593      力銘                    0.00          0.00    69.11%     15.30    15.30    13.85    14.95        8.80     9.68     8.80     9.50     -5.45   -36.45%
      28              18  3653      健策                 6115.00       3085.00    69.06%   3175.00  3280.00  3060.00  3200.00     6005.00  6410.00  5930.00  6410.00  +3210.00  +100.31%
      29              28  6141      柏承                    0.00          0.00    68.67%     40.00    40.50    37.05    37.70       53.50    54.40    51.00    51.80    +14.10   +37.40%
      30              46  2305      全友                    0.00          0.00    68.66%     32.30    33.00    30.00    32.35       61.30    65.60    60.40    63.60    +31.25   +96.60%
      31              23  3008      大立光                6120.00       4320.00    67.51%   4020.00  4050.00  3800.00  3875.00     6440.00  6470.00  6140.00  6190.00  +2315.00   +59.74%
      32              34  6805      富世達                2465.00       1390.00    67.46%   1370.00  1370.00  1270.00  1305.00     2490.00  2750.00  2475.00  2600.00  +1295.00   +99.23%
      33              44  2421      建準                   54.00          0.00    67.17%    127.00   128.00   120.50   125.50      168.50   169.00   163.00   163.00    +37.50   +29.88%
      34              29  2357      華碩                  604.00        364.00    66.53%    705.00   711.00   688.00   688.00      953.00   958.00   942.00   958.00   +270.00   +39.24%
      35              27  2254      巨鎧精密-創                0.00          0.00    66.50%     58.90    63.70    58.90    61.20       82.30    87.10    82.10    86.60    +25.40   +41.50%
      36              26  8101      華冠                    0.00          0.00    64.53%     13.40    13.40    13.40    13.40       11.45    11.45    11.45    11.45     -1.95   -14.55%
      37              42  3055      蔚華科                 122.00         83.30    64.18%    163.50   167.00   150.00   161.50      206.50   226.00   200.50   203.50    +42.00   +26.01%
      38              36  6921      嘉雨思-創                 0.00          0.00    63.33%     64.80    64.80    60.10    63.00       64.50    67.50    61.20    64.90     +1.90    +3.02%
      39              53  3443      創意                 7145.00       3135.00    63.10%   3880.00  3880.00  3535.00  3745.00     8325.00  8540.00  8200.00  8385.00  +4640.00  +123.90%
      40              33  3017      奇鋐                 3015.00       1785.00    63.06%   2210.00  2240.00  2015.00  2135.00     3425.00  3590.00  3410.00  3470.00  +1335.00   +62.53%
==========================================================================================================================================================================
✅ 共 40 筆


══════════════════════════════════════════════════════════════════════════════════════════════════════════════
  🔄 第  9/45 次  2026/07/17 ～ 2026/09/22
══════════════════════════════════════════════════════════════════════════════════════════════════════════════

==========================================================================================================================================================================
📊 動能效率優先權分數排名 (2026/07/17 ~ 2026/09/22)
==========================================================================================================================================================================
    實資排名          累計天數排名  代號        名稱                 累計漲停(元)       累計跌停(元)       強度%  (07/17)開盤      最高      最低      收盤    (09/22)開盤      最高      最低      收盤      賺賠    賺賠率
--------------------------------------------------------------------------------------------------------------------------------------------------------------------------
       1               3  3605      宏致                   65.00         36.50   100.00%     83.00    84.70    78.70    79.30      177.00   177.00   165.00   171.50    +92.20  +116.27%
       2               1  2033      佳大                    0.00          0.00    97.47%     14.95    14.95    14.55    14.60       35.00    37.30    34.60    37.30    +22.70  +155.48%
       3               8  7711      永擎                  579.00        346.50    93.05%    303.50   308.00   295.00   295.00      552.00   555.00   534.00   537.00   +242.00   +82.03%
       4               2  9110      越南控-DR                0.00          0.00    90.20%      3.10     3.10     3.10     3.10        2.78     2.78     2.65     2.69     -0.41   -13.23%
       5              11  6933      AMAX-KY             295.00        124.00    89.70%    156.00   160.50   153.50   154.00      326.00   330.50   317.00   318.50   +164.50  +106.82%
       6               4  3406      玉晶光                 922.50        604.50    88.76%    543.00   547.00   515.00   519.00      962.00   973.00   920.00   923.00   +404.00   +77.84%
       7              28  8103      瀚荃                   32.50          0.00    86.41%     80.60    82.20    78.20    78.70      130.50   130.50   121.50   122.50    +43.80   +55.65%
       8               6  6426      統新                  256.50        102.00    84.84%    168.00   168.00   154.50   157.00      378.00   379.50   350.50   356.00   +199.00  +126.75%
       9              12  1709      和益                    0.00          0.00    84.40%     26.70    27.90    25.95    26.05       43.10    47.40    41.35    45.95    +19.90   +76.39%
      10            1270  2321      東訊                    0.00          0.00    84.02%     14.40    16.45    14.20    16.45       26.00    26.00    23.70    23.90     +7.45   +45.29%
      11               5  911608    明輝-DR                 0.00          0.00    81.96%      2.76     2.76     2.71     2.71        2.75     2.75     2.56     2.73     +0.02    +0.74%
      12              16  2421      建準                   54.00          0.00    81.19%    131.00   133.50   127.00   127.00      168.50   170.50   167.00   167.00    +40.00   +31.50%
      13              13  6715      嘉基                  451.00        380.50    80.13%    392.00   412.50   385.00   391.00      451.50   469.50   445.00   451.50    +60.50   +15.47%
      14              72  6166      凌華                   74.00         55.50    78.70%    125.00   126.50   118.00   119.50      126.50   133.00   125.00   127.00     +7.50    +6.28%
      15              21  5292      華懋                   40.50         15.50    77.89%    173.50   173.50   164.00   167.00      217.00   219.00   215.00   218.00    +51.00   +30.54%
      16               9  6706      惠特                   51.00         26.50    76.72%    117.00   118.00   110.00   110.50      165.50   168.00   148.00   149.00    +38.50   +34.84%
      17              10  6214      精誠                   40.00          0.00    76.42%    138.00   139.50   136.00   137.00      191.50   192.00   189.50   190.50    +53.50   +39.05%
      18              15  6141      柏承                    0.00          0.00    74.96%     42.00    44.00    40.60    40.70       49.95    53.80    49.30    50.80    +10.10   +24.82%
      19               7  6924      榮惠-KY創               32.50          0.00    73.95%    113.50   113.50   112.00   113.00      133.50   139.00   133.00   135.00    +22.00   +19.47%
      20              18  2351      順德                  130.50         81.00    73.38%    180.00   183.00   172.50   172.50      238.50   243.50   233.00   238.50    +66.00   +38.26%
      21              20  3008      大立光                6120.00       4355.00    72.65%   4090.00  4200.00  3985.00  4010.00     6510.00  6750.00  6390.00  6405.00  +2395.00   +59.73%
      22              30  3665      貿聯-KY              2150.00       1925.00    71.49%   1855.00  1915.00  1765.00  1765.00     2335.00  2345.00  2215.00  2245.00   +480.00   +27.20%
      23              17  6533      晶心科                 132.50         52.00    70.93%    221.00   228.00   210.00   210.00      268.50   278.50   254.50   254.50    +44.50   +21.19%
      24              14  1468      昶和                    0.00          0.00    70.84%     12.60    13.80    12.35    13.60       13.10    13.25    12.85    13.00     -0.60    -4.41%
      25              22  8101      華冠                    0.00          0.00    70.34%     13.40    13.40    13.40    13.40       11.25    11.35    11.25    11.35     -2.05   -15.30%
      26              33  2305      全友                    0.00          0.00    69.73%     33.80    34.10    31.70    32.15       57.50    60.00    56.80    60.00    +27.85   +86.63%
      27              26  3055      蔚華科                 122.00        100.30    69.34%    168.00   174.50   162.00   163.00      196.00   206.50   189.50   206.50    +43.50   +26.69%
      28              24  2880      華南金                   0.00          0.00    68.88%     39.30    40.25    39.05    40.15       47.35    47.35    46.35    46.55     +6.40   +15.94%
      29              19  2207      和泰車                 111.00         70.00    68.26%    493.00   507.00   486.00   486.00      530.00   530.00   521.00   521.00    +35.00    +7.20%
      30              29  2887Z1    台新新光己特                0.00          0.00    67.95%     18.25    18.40    18.20    18.30       23.00    23.25    23.00    23.25     +4.95   +27.05%
      31              25  2254      巨鎧精密-創                0.00          0.00    67.90%     60.10    60.20    58.00    58.60       79.10    82.10    79.10    82.10    +23.50   +40.10%
      32              27  3016      嘉晶                   22.00         11.50    67.67%    108.00   111.00   104.50   104.50      125.00   132.50   124.50   132.50    +28.00   +26.79%
      33              54  2395      研華                  408.00        194.00    67.62%    518.00   519.00   502.00   513.00      719.00   720.00   702.00   703.00   +190.00   +37.04%
      34              38  2357      華碩                  604.00        379.00    67.60%    705.00   719.00   700.00   700.00      956.00   956.00   942.00   953.00   +253.00   +36.14%
      35              31  6805      富世達                2365.00       1460.00    67.23%   1350.00  1440.00  1340.00  1345.00     2500.00  2565.00  2470.00  2500.00  +1155.00   +85.87%
      36              35  2603      長榮                   12.50         15.00    67.02%    200.00   202.50   198.00   198.00      242.00   243.50   240.00   242.50    +44.50   +22.47%
      37              46  6431      光麗-KY                 0.00          0.00    66.77%     17.50    18.10    16.50    17.50       17.30    17.55    17.25    17.40     -0.10    -0.57%
      38             145  6782      視陽                   58.50         21.00    66.68%    196.00   198.00   192.00   193.00      248.00   248.00   237.50   237.50    +44.50   +23.06%
      39              36  4190      佐登-KY                 0.00          0.00    66.28%     25.55    25.55    24.90    25.25       24.90    25.40    24.55    25.20     -0.05    -0.20%
      40              73  6669      緯穎                 4915.00       2820.00    66.07%   4900.00  4995.00  4620.00  4620.00     2155.00  2180.00  2090.00  2115.00  -2505.00   -54.22%
==========================================================================================================================================================================
✅ 共 40 筆


══════════════════════════════════════════════════════════════════════════════════════════════════════════════
  🔄 第 10/45 次  2026/07/16 ～ 2026/09/21
══════════════════════════════════════════════════════════════════════════════════════════════════════════════

==========================================================================================================================================================================
📊 動能效率優先權分數排名 (2026/07/16 ~ 2026/09/21)
==========================================================================================================================================================================
    實資排名          累計天數排名  代號        名稱                 累計漲停(元)       累計跌停(元)       強度%  (07/16)開盤      最高      最低      收盤    (09/21)開盤      最高      最低      收盤      賺賠    賺賠率
--------------------------------------------------------------------------------------------------------------------------------------------------------------------------
       1               3  3605      宏致                   65.00         36.50   100.00%     85.40    87.30    84.10    84.90      154.00   169.00   151.00   169.00    +84.10   +99.06%
       2              13  8103      瀚荃                   32.50          0.00    97.19%     85.50    85.90    83.30    83.40      129.00   130.50   123.50   128.50    +45.10   +54.08%
       3               9  7711      永擎                  579.00        346.50    93.39%    312.50   316.00   310.00   314.00      576.00   576.00   535.00   544.00   +230.00   +73.25%
       4               1  2033      佳大                    0.00          0.00    91.56%     14.90    15.05    14.90    15.00       33.05    35.25    32.00    33.95    +18.95  +126.33%
       5               4  6715      嘉基                  488.00        380.50    91.35%    372.00   411.00   358.50   411.00      433.00   475.00   433.00   451.50    +40.50    +9.85%
       6               2  9110      越南控-DR                0.00          0.00    89.77%      3.14     3.14     3.14     3.14        3.10     3.10     2.71     2.90     -0.24    -7.64%
       7               5  3406      玉晶光                 922.50        575.50    89.07%    556.00   572.00   548.00   557.00      973.00  1005.00   925.00   952.00   +395.00   +70.92%
       8               7  6426      統新                  256.50         84.00    87.43%    177.00   178.00   170.50   171.00      375.00   376.00   354.50   374.00   +203.00  +118.71%
       9              18  6933      AMAX-KY             295.00        124.00    87.11%    170.00   170.00   161.00   161.50      345.00   348.00   316.00   317.50   +156.00   +96.59%
      10            1185  2321      東訊                    0.00          0.00    86.51%     15.55    15.55    15.55    15.55       27.60    27.60    26.00    26.00    +10.45   +67.20%
      11               6  6706      惠特                   51.00         11.50    82.91%    125.00   125.50   121.50   122.00      150.00   164.00   150.00   164.00    +42.00   +34.43%
      12              21  2421      建準                   54.00          0.00    80.68%    137.00   138.00   133.50   135.00      170.50   170.50   166.00   166.50    +31.50   +23.33%
      13               8  911608    明輝-DR                 0.00          0.00    80.09%      2.70     2.70     2.70     2.70        2.69     2.76     2.62     2.75     +0.05    +1.85%
      14              17  3665      貿聯-KY              2195.00       1870.00    79.93%   1890.00  1985.00  1815.00  1955.00     2225.00  2320.00  2190.00  2300.00   +345.00   +17.65%
      15              12  3008      大立光                6340.00       4355.00    78.94%   4040.00  4350.00  4000.00  4260.00     6465.00  6615.00  6305.00  6400.00  +2140.00   +50.23%
      16              15  6141      柏承                    0.00          0.00    77.92%     39.60    43.75    38.50    43.75       49.85    49.85    48.40    49.00     +5.25   +12.00%
      17              22  1709      和益                    0.00          0.00    77.51%     27.50    27.85    26.70    27.20       39.20    43.10    39.05    43.10    +15.90   +58.46%
      18              10  6533      晶心科                 132.50         52.00    76.24%    223.00   247.00   223.00   228.00      269.00   270.50   260.00   263.50    +35.50   +15.57%
      19              24  5292      華懋                   40.50         15.50    75.90%    172.50   179.00   172.00   174.50      219.50   219.50   215.00   218.00    +43.50   +24.93%
      20              85  6166      凌華                   74.00         55.50    75.19%    130.00   130.00   125.50   128.00      115.00   125.50   114.50   125.50     -2.50    -1.95%
      21              11  6214      精誠                   40.00          0.00    74.77%    141.50   142.00   139.50   140.00      193.50   194.00   191.00   191.50    +51.50   +36.79%
      22              14  2207      和泰車                 124.00         70.00    74.59%    483.50   493.00   481.00   493.00      535.00   535.00   523.00   523.00    +30.00    +6.09%
      23              19  3653      健策                 5610.00       3270.00    72.99%   3260.00  3470.00  3230.00  3395.00     5765.00  5890.00  5700.00  5790.00  +2395.00   +70.54%
      24              26  6805      富世達                2300.00       1460.00    70.13%   1370.00  1435.00  1370.00  1415.00     2325.00  2445.00  2300.00  2415.00  +1000.00   +70.67%
      25              27  2351      順德                  130.50         81.00    69.49%    197.00   197.00   183.00   191.50      243.00   243.50   236.00   236.50    +45.00   +23.50%
      26              33  6921      嘉雨思-創                 0.00          0.00    69.31%     62.40    68.00    62.40    67.80       65.00    69.80    64.00    69.80     +2.00    +2.95%
      27              20  1468      昶和                    0.00          0.00    69.08%     12.65    12.70    12.30    12.65       13.20    13.30    13.05    13.10     +0.45    +3.56%
      28             110  6782      視陽                   58.50         10.50    68.69%    199.00   203.00   198.00   199.00      241.00   248.00   234.50   248.00    +49.00   +24.62%
      29              25  2880      華南金                   0.00          0.00    68.52%     38.85    39.75    38.70    39.40       47.15    47.55    46.60    46.65     +7.25   +18.40%
      30              47  6669      緯穎                 4935.00       2785.00    67.78%   5090.00  5130.00  5000.00  5115.00     2180.00  2190.00  2110.00  2150.00  -2965.00   -57.97%
      31              40  2395      研華                  408.00        194.00    67.59%    530.00   531.00   520.00   530.00      688.00   712.00   688.00   706.00   +176.00   +33.21%
      32              28  8101      華冠                    0.00          0.00    67.59%     13.40    13.40    13.40    13.40       11.25    11.25    11.25    11.25     -2.15   -16.04%
      33              16  6924      榮惠-KY創               32.50          0.00    67.55%    119.00   119.00   114.00   116.00      135.50   138.00   132.00   133.50    +17.50   +15.09%
      34              44  3450      聯鈞                  615.00        569.00    66.15%    470.50   494.50   452.00   480.00      544.00   554.00   536.00   545.00    +65.00   +13.54%
      35              35  2357      華碩                  604.00        379.00    66.09%    710.00   715.00   698.00   715.00      973.00   973.00   943.00   946.00   +231.00   +32.31%
      36              81  3231      緯創                   69.00         20.00    66.08%    144.50   148.00   143.00   146.50      188.50   189.50   186.00   186.50    +40.00   +27.30%
      37              31  2887Z1    台新新光己特                0.00          0.00    65.60%     18.05    18.30    18.05    18.20       23.00    23.30    22.90    23.15     +4.95   +27.20%
      38              41  3593      力銘                    0.00          0.00    65.55%     16.15    16.95    15.80    16.95        9.48     9.49     9.07     9.07     -7.88   -46.49%
      39              56  8039      台虹                  342.50        252.50    65.44%    189.00   199.50   189.00   199.50      270.00   272.00   262.50   265.00    +65.50   +32.83%
      40              54  2305      全友                    0.00          0.00    65.37%     34.15    35.85    33.80    34.40       59.10    61.90    55.50    58.80    +24.40   +70.93%
==========================================================================================================================================================================
✅ 共 40 筆


══════════════════════════════════════════════════════════════════════════════════════════════════════════════
  🔄 第 11/45 次  2026/07/15 ～ 2026/09/18
══════════════════════════════════════════════════════════════════════════════════════════════════════════════

==========================================================================================================================================================================
📊 動能效率優先權分數排名 (2026/07/15 ~ 2026/09/18)
==========================================================================================================================================================================
    實資排名          累計天數排名  代號        名稱                 累計漲停(元)       累計跌停(元)       強度%  (07/15)開盤      最高      最低      收盤    (09/18)開盤      最高      最低      收盤      賺賠    賺賠率
--------------------------------------------------------------------------------------------------------------------------------------------------------------------------
       1               3  6933      AMAX-KY             295.00         99.50   100.00%    164.00   171.50   158.50   170.50      355.00   360.50   332.00   342.00   +171.50  +100.59%
       2               7  7711      永擎                  579.00        320.50    99.87%    315.00   321.50   314.50   317.50      566.00   584.00   561.00   570.00   +252.50   +79.53%
       3              14  8103      瀚荃                   32.50          0.00    99.87%     84.80    86.60    84.40    85.80      127.00   130.50   122.50   129.50    +43.70   +50.93%
       4               1  9110      越南控-DR                0.00          0.00    97.59%      3.00     3.15     2.90     3.15        2.99     3.00     2.99     3.00     -0.15    -4.76%
       5               2  2033      佳大                    0.00          0.00    91.24%     14.90    15.25    14.90    15.00       32.45    33.90    31.50    33.90    +18.90  +126.00%
       6               8  3605      宏致                   50.00         36.50    90.85%     87.80    88.40    85.00    85.80      149.50   154.00   142.00   154.00    +68.20   +79.49%
       7              13  6715      嘉基                  469.50        380.50    90.03%    367.00   383.50   365.00   374.00      398.00   433.00   394.00   433.00    +59.00   +15.78%
       8               9  2421      建準                   54.00          0.00    89.82%    136.00   140.00   135.00   139.00      164.50   169.00   164.50   167.00    +28.00   +20.14%
       9            1215  2321      東訊                    0.00          0.00    89.32%     16.00    16.00    15.60    15.60          --       --       --       --        --        --
      10               5  6426      統新                  256.50         84.00    88.97%    179.00   183.50   174.50   180.00      381.50   385.00   365.00   373.50   +193.50  +107.50%
      11               6  6141      柏承                    0.00          0.00    85.08%     36.50    39.80    36.15    39.80       50.00    50.80    49.05    49.85    +10.05   +25.25%
      12              15  3406      玉晶光                 922.50        588.50    84.73%    591.00   594.00   545.00   554.00      996.00   999.00   955.00   972.00   +418.00   +75.45%
      13               4  3653      健策                 5555.00       3270.00    84.13%   3140.00  3310.00  3085.00  3280.00     5520.00  5650.00  5415.00  5525.00  +2245.00   +68.45%
      14              20  3665      貿聯-KY              2105.00       1870.00    81.49%   1805.00  1915.00  1790.00  1910.00     2060.00  2210.00  2045.00  2210.00   +300.00   +15.71%
      15              10  6533      晶心科                 132.50         52.00    79.87%    225.00   234.50   220.50   227.00      255.00   276.00   250.00   270.50    +43.50   +19.16%
      16              11  911608    明輝-DR                 0.00          0.00    79.44%      2.70     2.70     2.70     2.70        2.55     2.74     2.55     2.72     +0.02    +0.74%
      17              50  6414      樺漢                  233.50        227.00    78.97%    380.00   395.50   377.50   394.50      373.00   376.50   372.50   372.50    -22.00    -5.58%
      18              21  5292      華懋                   40.50         15.50    78.17%    174.50   178.50   171.00   177.50      216.50   220.00   216.50   220.00    +42.50   +23.94%
      19              17  2207      和泰車                 124.00         56.00    77.10%    482.00   484.00   477.00   480.00      527.00   541.00   527.00   537.00    +57.00   +11.88%
      20              16  6214      精誠                   40.00          0.00    77.02%    143.00   143.00   140.00   141.00      193.50   194.50   192.00   194.50    +53.50   +37.94%
      21              33  6669      緯穎                 5115.00       2785.00    75.26%   4950.00  5160.00  4870.00  5095.00     2195.00  2195.00  2115.00  2140.00  -2955.00   -58.00%
      22              27  6805      富世達                2255.00       1460.00    74.39%   1355.00  1415.00  1335.00  1395.00     2195.00  2295.00  2155.00  2295.00   +900.00   +64.52%
      23              22  2351      順德                  130.50         81.00    73.95%    195.50   205.00   195.00   200.50      241.00   243.00   235.50   241.50    +41.00   +20.45%
      24              12  6924      榮惠-KY創               32.50          0.00    72.61%    116.50   119.50   115.00   118.50      132.50   136.00   132.50   134.50    +16.00   +13.50%
      25              25  3008      大立光                6340.00       4550.00    72.55%   4370.00  4370.00  3985.00  4040.00     6280.00  6500.00  6150.00  6430.00  +2390.00   +59.16%
      26              18  7740      熙特爾-創                41.00         29.00    72.54%    152.00   163.00   151.00   163.00      122.00   127.00   121.00   124.50    -38.50   -23.62%
      27              19  3229      晟鈦                    0.00          0.00    71.65%     37.00    37.05    36.35    36.80       59.50    64.40    59.30    64.40    +27.60   +75.00%
      28              32  1709      和益                    0.00          0.00    70.61%     28.05    28.10    25.85    27.35       41.85    42.00    38.70    39.20    +11.85   +43.33%
      29              29  2357      華碩                  604.00        365.00    69.46%    705.00   720.00   705.00   712.00      964.00   964.00   947.00   960.00   +248.00   +34.83%
      30              26  2880      華南金                   0.00          0.00    69.24%     39.10    39.65    38.40    38.85       47.55    48.00    46.25    47.65     +8.80   +22.65%
      31              23  6706      惠特                   36.50         11.50    68.82%    130.00   130.00   126.00   128.50      146.00   150.00   142.50   149.50    +21.00   +16.34%
      32              92  3231      緯創                   69.00         20.00    68.62%    144.00   146.50   142.50   145.50      189.50   190.50   186.50   186.50    +41.00   +28.18%
      33              35  3017      奇鋐                 3040.00       1770.00    68.60%   2140.00  2200.00  2120.00  2165.00     3345.00  3450.00  3290.00  3430.00  +1265.00   +58.43%
      34              28  8101      華冠                    0.00          0.00    68.26%     13.35    13.40    13.35    13.40       11.80    11.80    11.80    11.80     -1.60   -11.94%
      35              42  3593      力銘                    0.00          0.00    68.03%     16.50    16.50    15.75    16.35        9.80     9.86     9.40     9.75     -6.60   -40.37%
      36              24  1468      昶和                    0.00          0.00    67.52%     13.35    13.35    12.40    12.80       13.00    13.30    12.90    13.25     +0.45    +3.52%
      37             485  6166      凌華                   63.00         55.50    66.89%    132.00   133.50   128.50   129.50      113.50   114.50   112.00   114.50    -15.00   -11.58%
      38              38  2603      長榮                   12.50         15.00    66.68%    194.50   200.00   194.00   199.50      242.00   245.50   238.50   240.50    +41.00   +20.55%
      39              57  6921      嘉雨思-創                 0.00          0.00    66.22%     66.70    68.50    66.10    67.70       63.80    63.80    63.60    63.60     -4.10    -6.06%
      40              72  2395      研華                  392.00        194.00    65.79%    530.00   539.00   526.00   533.00      695.00   697.00   682.00   690.00   +157.00   +29.46%
==========================================================================================================================================================================
✅ 共 40 筆


══════════════════════════════════════════════════════════════════════════════════════════════════════════════
  🔄 第 12/45 次  2026/07/14 ～ 2026/09/17
══════════════════════════════════════════════════════════════════════════════════════════════════════════════

==========================================================================================================================================================================
📊 動能效率優先權分數排名 (2026/07/14 ~ 2026/09/17)
==========================================================================================================================================================================
    實資排名          累計天數排名  代號        名稱                 累計漲停(元)       累計跌停(元)       強度%  (07/14)開盤      最高      最低      收盤    (09/17)開盤      最高      最低      收盤      賺賠    賺賠率
--------------------------------------------------------------------------------------------------------------------------------------------------------------------------
       1               1  9110      越南控-DR                0.00          0.00   100.00%      2.98     3.18     2.98     3.18        2.96     2.96     2.96     2.96     -0.22    -6.92%
       2               4  7711      永擎                  579.00        320.50    96.65%    320.50   324.50   300.00   314.50      560.00   565.00   556.00   565.00   +250.50   +79.65%
       3              19  8103      瀚荃                   32.50          0.00    90.05%     89.40    89.60    80.30    83.80      120.00   132.00   119.00   132.00    +48.20   +57.52%
       4               3  6426      統新                  246.00         84.00    87.85%    183.00   186.00   164.00   174.50      357.50   363.00   356.00   363.00   +188.50  +108.02%
       5               9  6933      AMAX-KY             295.00        109.50    87.12%    164.50   166.50   156.00   163.00      324.00   345.50   316.50   345.50   +182.50  +111.96%
       6               2  2033      佳大                    0.00          0.00    85.98%     15.35    15.45    14.90    15.00       27.95    30.85    27.80    30.85    +15.85  +105.67%
       7             875  2321      東訊                    0.00          0.00    85.73%     16.20    16.70    15.55    15.55          --       --       --       --        --        --
       8               5  3605      宏致                   36.00         36.50    85.38%     89.40    89.90    83.70    86.40      145.00   152.50   137.50   140.00    +53.60   +62.04%
       9              18  6715      嘉基                  430.50        380.50    82.35%    367.00   380.00   341.50   367.50      406.00   432.00   391.50   394.00    +26.50    +7.21%
      10               8  6533      晶心科                 128.00         52.00    82.12%    216.00   228.00   211.00   225.00      232.00   251.50   232.00   251.50    +26.50   +11.78%
      11              15  2421      建準                   54.00          0.00    81.94%    138.50   140.00   128.00   133.50      161.00   166.50   161.00   162.00    +28.50   +21.35%
      12               7  6141      柏承                    0.00          0.00    81.02%     38.20    38.55    34.25    36.20       50.60    51.40    48.50    49.50    +13.30   +36.74%
      13               6  3406      玉晶光                 922.50        610.50    80.58%    614.00   615.00   569.00   587.00     1045.00  1045.00   947.00   965.00   +378.00   +64.40%
      14              43  8039      台虹                  346.50        252.50    77.94%    173.00   185.50   169.00   185.50      278.00   279.00   256.50   257.00    +71.50   +38.54%
      15              10  6214      精誠                   40.00          0.00    74.61%    141.00   143.00   137.50   140.50      192.00   193.00   190.00   193.00    +52.50   +37.37%
      16              13  911608    明輝-DR                 0.00          0.00    73.38%      2.74     2.74     2.66     2.69        0.00     0.00     0.00     0.00     -2.69  -100.00%
      17              12  2207      和泰車                 124.00         56.00    73.32%    484.50   484.50   477.00   480.00      522.00   532.00   522.00   532.00    +52.00   +10.83%
      18              17  1709      和益                    0.00          0.00    73.00%     28.30    28.30    26.80    28.05       40.80    42.95    39.10    42.95    +14.90   +53.12%
      19              27  5292      華懋                   40.50         15.50    72.51%    183.50   183.50   167.50   173.50      212.00   219.00   211.50   216.50    +43.00   +24.78%
      20              16  3653      健策                 5385.00       3395.00    71.76%   3205.00  3250.00  2990.00  3070.00     5400.00  5605.00  5320.00  5355.00  +2285.00   +74.43%
      21              14  1468      昶和                    0.00          0.00    71.46%     12.15    13.35    12.15    13.35       12.90    13.10    12.70    13.10     -0.25    -1.87%
      22            1365  6949      沛爾生醫-創              809.00        385.00    71.14%    899.00   935.00   872.00   935.00       51.60    55.30    51.60    54.40   -880.60   -94.18%
      23              73  6782      視陽                   58.50         10.50    69.69%    202.00   202.50   194.00   198.50      235.00   250.00   232.50   249.00    +50.50   +25.44%
      24              61  3231      緯創                   69.00         20.00    69.40%    144.00   145.00   139.00   142.50      184.00   188.50   184.00   186.50    +44.00   +30.88%
      25              33  6957      裕慶-KY                77.00         33.00    69.12%    216.00   232.00   214.00   230.00      260.00   280.50   260.00   274.00    +44.00   +19.13%
      26              28  2357      華碩                  592.00        365.00    68.42%    710.00   710.00   690.00   703.00      943.00   967.00   943.00   948.00   +245.00   +34.85%
      27              20  2880      華南金                   0.00          0.00    68.30%     39.25    39.30    38.35    39.25       47.25    48.30    46.95    47.90     +8.65   +22.04%
      28              40  6669      緯穎                 5115.00       2840.00    67.58%   4930.00  4985.00  4755.00  4905.00     2175.00  2260.00  2135.00  2135.00  -2770.00   -56.47%
      29              31  7740      熙特爾-創                41.00         29.00    67.19%    156.00   156.00   148.50   148.50      123.00   124.50   121.00   121.00    -27.50   -18.52%
      30              24  8101      華冠                    0.00          0.00    67.02%     13.15    13.20    13.05    13.05       11.35    12.30    11.35    12.30     -0.75    -5.75%
      31              29  2351      順德                  130.50         97.00    66.59%    209.50   211.50   189.50   194.50      238.50   240.50   235.00   238.00    +43.50   +22.37%
      32              30  3008      大立光                5930.00       4630.00    66.28%   4485.00  4485.00  4150.00  4265.00     6360.00  6370.00  6020.00  6020.00  +1755.00   +41.15%
      33              35  2603      長榮                   12.50         15.00    65.68%    196.50   197.50   192.00   194.50      236.50   242.50   236.00   242.50    +48.00   +24.68%
      34              26  3055      蔚華科                 106.50        113.30    65.63%    166.00   175.50   157.50   175.50      168.00   169.50   160.50   161.00    -14.50    -8.26%
      35              11  6924      榮惠-KY創               32.50          0.00    65.22%    122.00   122.00   112.50   116.00      136.00   140.00   131.00   132.00    +16.00   +13.79%
      36              32  2887Z1    台新新光己特                0.00          0.00    65.00%     17.95    18.00    17.95    17.95       22.70    23.30    22.65    23.30     +5.35   +29.81%
      37              55  6921      嘉雨思-創                 0.00          0.00    64.85%     66.60    67.10    65.30    65.70       59.80    60.60    59.40    60.60     -5.10    -7.76%
      38              25  2892      第一金                   0.00          0.00    64.78%     33.85    33.85    33.10    33.55       40.00    40.95    39.85    40.75     +7.20   +21.46%
      39              21  5906      台南-KY                 0.00          0.00    64.69%      0.00     0.00     0.00     0.00       39.00    39.00    39.00    39.00        --        --
      40             502  6166      凌華                   63.00         55.50    64.40%    135.00   135.00   125.50   132.50      111.50   114.00   111.50   112.00    -20.50   -15.47%
==========================================================================================================================================================================
✅ 共 40 筆


══════════════════════════════════════════════════════════════════════════════════════════════════════════════
  🔄 第 13/45 次  2026/07/13 ～ 2026/09/16
══════════════════════════════════════════════════════════════════════════════════════════════════════════════

==========================================================================================================================================================================
📊 動能效率優先權分數排名 (2026/07/13 ~ 2026/09/16)
==========================================================================================================================================================================
    實資排名          累計天數排名  代號        名稱                 累計漲停(元)       累計跌停(元)       強度%  (07/13)開盤      最高      最低      收盤    (09/16)開盤      最高      最低      收盤      賺賠    賺賠率
--------------------------------------------------------------------------------------------------------------------------------------------------------------------------
       1               2  7711      永擎                  537.50        320.50   100.00%    310.00   323.50   309.00   317.00      472.00   514.00   472.00   514.00   +197.00   +62.15%
       2               1  9110      越南控-DR                0.00          0.00    98.98%      3.15     3.15     3.13     3.13        0.00     0.00     0.00     0.00     -3.13  -100.00%
       3              18  8039      台虹                  361.50        234.00    94.15%    169.00   169.00   169.00   169.00      277.50   278.00   271.00   275.50   +106.50   +63.02%
       4             523  2321      東訊                    0.00          0.00    86.38%     14.90    15.20    14.90    15.20          --       --       --       --        --        --
       5               7  3605      宏致                   36.00         36.50    85.91%     91.20    91.80    88.50    89.70      130.00   140.00   129.00   140.00    +50.30   +56.08%
       6               3  6426      統新                  213.00         84.00    82.73%    190.50   192.00   181.00   182.00      303.00   330.00   303.00   330.00   +148.00   +81.32%
       7               8  3406      玉晶光                 922.50        570.50    82.52%    634.00   650.00   609.00   609.00      950.00  1005.00   941.00  1005.00   +396.00   +65.02%
       8               6  6933      AMAX-KY             279.50        109.50    82.41%    173.00   173.00   173.00   173.00      286.00   314.50   282.50   314.50   +141.50   +81.79%
       9               5  6141      柏承                    0.00          0.00    80.08%     39.20    40.50    37.00    38.05       48.25    50.80    48.20    49.90    +11.85   +31.14%
      10              15  6533      晶心科                 124.50         52.00    78.43%    210.50   210.50   210.50   210.50      224.50   229.00   224.50   229.00    +18.50    +8.79%
      11               9  2033      佳大                    0.00          0.00    77.46%     15.80    15.80    15.30    15.30       26.00    28.05    25.80    28.05    +12.75   +83.33%
      12              21  2421      建準                   54.00          0.00    77.15%    144.00   144.00   137.00   138.00      159.00   161.50   158.00   160.50    +22.50   +16.30%
      13              23  6715      嘉基                  430.50        399.00    73.59%    391.50   396.00   368.00   373.00      354.00   393.00   339.50   393.00    +20.00    +5.36%
      14              13  911608    明輝-DR                 0.00          0.00    72.94%      2.75     2.75     2.70     2.75        2.74     2.76     2.69     2.69     -0.06    -2.18%
      15               4  6924      榮惠-KY創               32.50          0.00    72.25%    124.00   125.00   118.50   125.00      128.00   135.00   128.00   135.00    +10.00    +8.00%
      16              20  7740      熙特爾-創                41.00         29.00    71.89%    146.50   158.50   146.50   156.00      124.00   126.00   120.50   122.50    -33.50   -21.47%
      17              11  6214      精誠                   40.00          0.00    71.11%    145.50   146.00   140.00   141.00      191.00   193.00   188.50   191.00    +50.00   +35.46%
      18              10  2207      和泰車                 112.00         56.00    70.81%    473.50   483.00   473.00   475.00      535.00   535.00   516.00   520.00    +45.00    +9.47%
      19              16  1709      和益                    0.00          0.00    70.58%     26.30    26.80    25.70    26.80       35.95    39.05    35.90    39.05    +12.25   +45.71%
      20              17  3593      力銘                    0.00          0.00    70.38%     15.60    17.45    15.50    17.45       10.00    10.00     9.55     9.90     -7.55   -43.27%
      21              27  2357      華碩                  612.00        365.00    70.26%    706.00   725.00   703.00   704.00      928.00   947.00   925.00   939.00   +235.00   +33.38%
      22              12  1468      昶和                    0.00          0.00    70.12%     12.15    12.30    12.00    12.15       12.90    12.90    12.65    12.85     +0.70    +5.76%
      23              26  3008      大立光                6325.00       4425.00    68.74%   4345.00  4345.00  4345.00  4345.00     6160.00  6415.00  6150.00  6225.00  +1880.00   +43.27%
      24              19  3055      蔚華科                 106.50        113.30    68.62%    160.50   163.00   153.00   163.00      161.00   167.00   158.00   164.00     +1.00    +0.61%
      25              24  3653      健策                 5270.00       3405.00    67.51%   3200.00  3280.00  3080.00  3195.00     5320.00  5540.00  5210.00  5240.00  +2045.00   +64.01%
      26              22  2880      華南金                   0.00          0.00    67.32%     38.85    39.45    38.75    39.00       46.95    47.70    46.50    47.35     +8.35   +21.41%
      27              14  3532      台勝科                 429.50        414.00    66.85%    465.50   465.50   465.50   465.50      409.00   447.00   409.00   440.00    -25.50    -5.48%
      28              62  3231      緯創                   69.00         20.00    65.72%    147.00   148.00   142.50   143.50      182.00   185.50   181.00   183.00    +39.50   +27.53%
      29              30  2351      順德                  141.00         97.00    65.32%    213.00   215.00   207.00   210.50      254.00   256.00   231.00   236.00    +25.50   +12.11%
      30              60  6921      嘉雨思-創                 0.00          0.00    65.21%     66.10    68.50    66.00    67.80       59.70    59.70    59.40    59.70     -8.10   -11.95%
      31              74  8103      瀚荃                   20.50          0.00    65.01%     90.60    92.10    87.60    89.20      114.50   124.00   113.50   120.00    +30.80   +34.53%
      32              25  5906      台南-KY                 0.00          0.00    64.64%     36.80    37.00    36.80    37.00       39.00    39.00    39.00    39.00     +2.00    +5.41%
      33              38  6957      裕慶-KY                61.50         33.00    64.24%    210.50   215.50   210.00   211.50      246.00   260.00   246.00   258.50    +47.00   +22.22%
      34              32  2603      長榮                   12.50         15.00    64.11%    194.00   196.50   191.50   195.00      234.00   241.00   233.00   239.00    +44.00   +22.56%
      35              56  3413      京鼎                  105.50        133.50    63.49%    335.00   342.50   329.00   334.00      276.00   277.50   274.50   276.50    -57.50   -17.22%
      36             591  6166      凌華                   63.00         55.50    63.28%    135.50   139.50   131.00   134.50      110.50   110.50   107.50   109.50    -25.00   -18.59%
      37              33  2887Z1    台新新光己特                0.00          0.00    63.23%     17.90    17.95    17.90    17.95       22.60    22.65    22.50    22.65     +4.70   +26.18%
      38              40  4190      佐登-KY                 0.00          0.00    63.04%     25.40    26.00    25.20    25.55       25.05    25.85    25.05    25.60     +0.05    +0.20%
      39              53  6669      緯穎                 5115.00       2890.00    62.96%   5170.00  5230.00  4940.00  4960.00     2305.00  2320.00  2085.00  2165.00  -2795.00   -56.35%
      40              29  5876      上海商銀                  0.00          0.00    62.77%     43.20    44.40    43.15    44.15       49.90    50.00    49.15    49.75     +5.60   +12.68%
==========================================================================================================================================================================
✅ 共 40 筆


══════════════════════════════════════════════════════════════════════════════════════════════════════════════
  🔄 第 14/45 次  2026/07/09 ～ 2026/09/15
══════════════════════════════════════════════════════════════════════════════════════════════════════════════

==========================================================================================================================================================================
📊 動能效率優先權分數排名 (2026/07/09 ~ 2026/09/15)
==========================================================================================================================================================================
    實資排名          累計天數排名  代號        名稱                 累計漲停(元)       累計跌停(元)       強度%  (07/09)開盤      最高      最低      收盤    (09/15)開盤      最高      最低      收盤      賺賠    賺賠率
--------------------------------------------------------------------------------------------------------------------------------------------------------------------------
       1               5  8039      台虹                  375.50        234.00   100.00%    143.00   154.00   142.00   154.00      273.00   285.00   269.50   270.00   +116.00   +75.32%
       2               1  9110      越南控-DR                0.00          0.00    81.59%      3.27     3.27     3.00     3.00        0.00     0.00     0.00     0.00     -3.00  -100.00%
       3               3  7711      永擎                  491.50        320.50    78.90%    309.50   312.00   307.00   307.50      461.00   473.00   438.00   468.00   +160.50   +52.20%
       4             116  2321      東訊                    0.00          0.00    76.95%     13.30    13.85    13.30    13.85          --       --       --       --        --        --
       5               2  6141      柏承                    0.00          0.00    72.54%     35.60    39.05    35.60    39.05       48.80    50.00    48.20    48.35     +9.30   +23.82%
       6               4  3593      力銘                    0.00          0.00    68.32%     14.05    15.95    14.05    15.95        9.51     9.95     9.51     9.95     -6.00   -37.62%
       7               8  3406      玉晶光                 832.50        570.50    68.20%    615.00   634.00   615.00   616.00      944.00   973.00   906.00   915.00   +299.00   +48.54%
       8              16  3605      宏致                   23.50         36.50    68.03%     95.70    96.50    90.20    91.20      124.50   129.50   122.00   127.50    +36.30   +39.80%
       9              18  6533      晶心科                 124.50         52.00    65.41%    193.00   195.00   191.00   191.50      232.00   234.00   224.00   224.50    +33.00   +17.23%
      10              23  2421      建準                   54.00          0.00    63.97%    143.50   144.50   142.00   142.50      163.50   163.50   158.00   158.00    +15.50   +10.88%
      11              14  7740      熙特爾-創                41.00         29.00    63.88%    145.00   148.50   142.50   147.50      126.00   126.00   121.50   123.50    -24.00   -16.27%
      12              19  6933      AMAX-KY             265.00        109.50    63.64%    157.50   157.50   157.50   157.50      310.50   312.00   280.50   286.00   +128.50   +81.59%
      13               6  2207      和泰車                 112.00         46.00    63.31%    480.50   481.50   475.50   476.50      538.00   538.00   529.00   530.00    +53.50   +11.23%
      14               9  911608    明輝-DR                 0.00          0.00    63.08%      2.76     2.76     2.71     2.71        2.71     2.71     2.71     2.71     +0.00    +0.00%
      15              13  2033      佳大                    0.00          0.00    62.80%     15.85    15.90    15.80    15.80       26.70    27.05    25.45    25.50     +9.70   +61.39%
      16              11  6426      統新                  183.00         84.00    62.04%    189.00   197.00   186.00   187.50      306.00   312.00   298.00   300.00   +112.50   +60.00%
      17               7  6214      精誠                   40.00          0.00    62.02%    142.00   147.00   142.00   143.50      189.00   195.00   186.00   190.00    +46.50   +32.40%
      18              10  1468      昶和                    0.00          0.00    61.02%     12.15    12.20    12.00    12.20       13.00    13.10    12.75    13.10     +0.90    +7.38%
      19              12  2351      順德                  141.00         81.50    60.49%    204.50   208.00   198.00   200.00      252.50   256.00   244.00   251.50    +51.50   +25.75%
      20              25  2357      華碩                  601.00        365.00    59.51%    688.00   699.00   675.00   684.00      930.00   933.00   908.00   928.00   +244.00   +35.67%
      21              20  3653      健策                 5270.00       3335.00    57.88%   3280.00  3290.00  3180.00  3205.00     5735.00  5765.00  5240.00  5310.00  +2105.00   +65.68%
      22              17  3532      台勝科                 410.50        414.00    57.82%    415.00   450.00   408.50   423.50      416.00   444.00   403.00   407.00    -16.50    -3.90%
      23              28  3008      大立光                6155.00       4425.00    57.77%   4025.00  4140.00  3950.00  3950.00     6015.00  6195.00  5930.00  6055.00  +2105.00   +53.29%
      24              27  1709      和益                    0.00          0.00    57.54%     23.95    25.00    23.50    24.40       36.00    36.35    34.30    35.50    +11.10   +45.49%
      25              24  2880      華南金                   0.00          0.00    56.61%     39.70    39.90    38.85    38.85       46.30    47.25    46.30    46.90     +8.05   +20.72%
      26              56  6921      嘉雨思-創                 0.00          0.00    56.61%     67.60    68.50    67.60    68.00       61.20    61.40    59.90    59.90     -8.10   -11.91%
      27              22  5906      台南-KY                 0.00          0.00    55.81%     36.80    36.80    36.80    36.80        0.00     0.00     0.00     0.00    -36.80  -100.00%
      28              37  6669      緯穎                 5115.00       2750.00    55.58%   5020.00  5215.00  4945.00  5040.00     2235.00  2345.00  2235.00  2315.00  -2725.00   -54.07%
      29              70  3231      緯創                   69.00         20.00    55.22%    147.00   148.00   144.50   144.50      181.00   184.00   181.00   182.50    +38.00   +26.30%
      30              29  1470      大統新創                  0.00          0.00    55.05%     21.10    21.50    21.10    21.50       23.70    23.90    23.70    23.85     +2.35   +10.93%
      31             668  6166      凌華                   63.00         55.50    54.99%    135.00   140.50   134.00   134.50      112.00   112.00   108.00   109.00    -25.50   -18.96%
      32              26  5876      上海商銀                  0.00          0.00    54.69%     42.50    42.95    42.30    42.80       49.85    50.00    49.30    49.80     +7.00   +16.36%
      33              30  2887Z1    台新新光己特                0.00          0.00    54.61%     17.80    17.90    17.80    17.85       22.55    22.55    22.30    22.40     +4.55   +25.49%
      34              21  8101      華冠                    0.00          0.00    54.44%     12.70    13.10    12.70    13.10       11.50    11.85    11.50    11.80     -1.30    -9.92%
      35              40  2008      高興昌                   0.00          0.00    54.04%     29.60    30.15    29.60    29.85       30.50    30.55    30.50    30.50     +0.65    +2.18%
      36              15  6924      榮惠-KY創               32.50          0.00    53.91%    123.50   131.50   121.00   130.00      140.00   140.00   128.00   128.00     -2.00    -1.54%
      37              33  2603      長榮                   12.50         15.00    53.72%    196.50   196.50   193.50   194.50      235.00   237.00   231.50   233.50    +39.00   +20.05%
      38              34  2849      安泰銀                   0.00          0.00    53.59%     14.40    14.60    14.25    14.60       15.70    15.85    15.55    15.75     +1.15    +7.88%
      39              64  3413      京鼎                  105.50        133.50    53.46%    343.00   347.50   334.50   334.50      276.00   277.50   274.00   274.00    -60.50   -18.09%
      40              59  6805      富世達                2050.00       1600.00    53.28%   1420.00  1520.00  1385.00  1460.00     2175.00  2195.00  2010.00  2025.00   +565.00   +38.70%
==========================================================================================================================================================================
✅ 共 40 筆


══════════════════════════════════════════════════════════════════════════════════════════════════════════════
  🔄 第 15/45 次  2026/07/08 ～ 2026/09/14
══════════════════════════════════════════════════════════════════════════════════════════════════════════════

==========================================================================================================================================================================
📊 動能效率優先權分數排名 (2026/07/08 ~ 2026/09/14)
==========================================================================================================================================================================
    實資排名          累計天數排名  代號        名稱                 累計漲停(元)       累計跌停(元)       強度%  (07/08)開盤      最高      最低      收盤    (09/14)開盤      最高      最低      收盤      賺賠    賺賠率
--------------------------------------------------------------------------------------------------------------------------------------------------------------------------
       1              18  8039      台虹                  375.50        234.00   100.00%    143.50   146.50   137.50   140.00      268.00   280.00   261.00   274.00   +134.00   +95.71%
       2               1  9110      越南控-DR                0.00          0.00    85.68%      3.06     3.28     3.06     3.27        3.03     3.03     3.03     3.03     -0.24    -7.34%
       3               5  7711      永擎                  491.50        310.50    77.82%    310.00   311.50   303.00   307.00      478.00   478.00   478.00   478.00   +171.00   +55.70%
       4              34  2321      東訊                    0.00          0.00    75.63%     13.10    13.10    12.60    12.60          --       --       --       --        --        --
       5               2  6924      榮惠-KY創               32.50          0.00    75.22%    120.00   129.50   120.00   127.00      142.00   144.00   136.00   142.50    +15.50   +12.20%
       6               3  6141      柏承                    0.00          0.00    74.55%     34.90    35.65    34.40    35.50       48.70    49.90    47.80    48.80    +13.30   +37.46%
       7               9  2421      建準                   54.00          0.00    72.76%    145.00   147.00   141.50   143.50      161.00   165.00   161.00   163.00    +19.50   +13.59%
       8              10  6933      AMAX-KY             265.00         90.00    71.73%    145.50   145.50   141.00   143.50      304.50   334.50   294.00   305.50   +162.00  +112.89%
       9               8  3406      玉晶光                 832.50        531.50    70.73%    610.00   620.00   598.00   612.00     1015.00  1020.00   954.00   954.00   +342.00   +55.88%
      10               4  2207      和泰車                 121.50         46.00    70.55%    479.50   482.00   476.00   480.50      527.00   539.00   525.00   538.00    +57.50   +11.97%
      11               6  3532      台勝科                 437.00        414.00    70.05%    387.00   420.00   375.50   409.50      410.00   419.00   400.00   416.00     +6.50    +1.59%
      12              21  6533      晶心科                 124.50         52.00    69.43%    192.50   194.50   189.50   192.50      230.00   240.00   230.00   232.00    +39.50   +20.52%
      13              14  3605      宏致                   23.50         36.50    68.54%     89.50    92.00    88.50    90.80      120.00   127.00   118.00   126.50    +35.70   +39.32%
      14              15  3593      力銘                    0.00          0.00    66.30%     14.60    14.60    14.00    14.50        9.73    10.15     9.73    10.15     -4.35   -30.00%
      15               7  6426      統新                  183.00         72.00    65.89%    184.50   194.00   183.00   189.00      295.50   327.00   293.00   312.00   +123.00   +65.08%
      16              19  7740      熙特爾-創                41.00         29.00    65.61%    146.00   146.50   144.00   145.00      126.00   128.00   124.00   124.00    -21.00   -14.48%
      17              13  2033      佳大                    0.00          0.00    65.36%     16.05    16.25    15.90    15.90       28.15    29.90    26.00    26.65    +10.75   +67.61%
      18              20  2357      華碩                  625.00        365.00    64.39%    675.00   687.00   670.00   687.00      900.00   936.00   900.00   934.00   +247.00   +35.95%
      19              12  911608    明輝-DR                 0.00          0.00    63.81%      2.76     2.76     2.74     2.76        2.71     2.72     2.67     2.72     -0.04    -1.45%
      20              11  6214      精誠                   40.00          0.00    61.68%    135.00   136.50   133.50   135.00      189.00   190.00   184.50   187.50    +52.50   +38.89%
      21              17  1468      昶和                    0.00          0.00    61.59%     12.15    12.20    11.85    12.20       13.00    13.25    12.70    13.25     +1.05    +8.61%
      22              23  3653      健策                 5270.00       2825.00    60.82%   3305.00  3340.00  3120.00  3200.00     5580.00  5920.00  5500.00  5820.00  +2620.00   +81.88%
      23              16  5906      台南-KY                 0.00          0.00    59.98%     33.30    35.50    33.30    35.50       37.15    38.50    37.15    38.50     +3.00    +8.45%
      24             324  6166      凌華                   63.00         55.50    59.19%    131.00   139.00   128.50   135.50      110.50   112.50   108.00   110.50    -25.00   -18.45%
      25              22  2351      順德                  141.00         91.50    58.89%    216.50   216.50   199.50   203.50      234.00   257.00   228.50   257.00    +53.50   +26.29%
      26              58  6921      嘉雨思-創                 0.00          0.00    58.56%     67.80    67.90    67.10    67.90       61.00    61.40    61.00    61.00     -6.90   -10.16%
      27              30  1709      和益                    0.00          0.00    57.77%     24.55    24.75    23.40    23.95       36.20    36.70    35.30    36.05    +12.10   +50.52%
      28              25  2880      華南金                   0.00          0.00    57.52%     39.10    39.70    38.80    39.70       46.00    46.40    45.10    46.30     +6.60   +16.62%
      29              28  3008      大立光                6155.00       4425.00    56.51%   3950.00  4035.00  3870.00  3950.00     6395.00  6420.00  5995.00  5995.00  +2045.00   +51.77%
      30              31  2603      長榮                   12.50         15.00    56.47%    190.00   196.00   189.50   196.00      235.00   237.00   230.50   237.00    +41.00   +20.92%
      31              32  2887Z1    台新新光己特                0.00          0.00    56.34%     17.50    17.70    17.50    17.70       22.25    22.70    22.25    22.65     +4.95   +27.97%
      32              27  2892      第一金                   0.00          0.00    56.16%     33.25    34.10    33.20    34.10       38.55    40.00    38.55    39.85     +5.75   +16.86%
      33              29  5876      上海商銀                  0.00          0.00    55.73%     42.40    42.55    42.10    42.55       48.25    49.95    48.25    49.90     +7.35   +17.27%
      34              24  6706      惠特                   36.50         11.50    55.71%    139.50   143.00   136.50   142.00      135.00   151.00   133.00   151.00     +9.00    +6.34%
      35              36  1470      大統新創                  0.00          0.00    55.64%     21.75    21.80    21.75    21.80       23.85    23.85    23.80    23.80     +2.00    +9.17%
      36              42  2466      冠西電                  10.50         11.50    55.39%     92.70    96.90    86.30    96.90      104.00   107.50   103.00   103.00     +6.10    +6.30%
      37              40  2008      高興昌                   0.00          0.00    54.94%     29.50    29.75    29.50    29.55       30.55    30.55    30.50    30.50     +0.95    +3.21%
      38              43  6669      緯穎                 5105.00       2750.00    54.83%   5075.00  5085.00  4900.00  5050.00     2315.00  2315.00  2240.00  2270.00  -2780.00   -55.05%
      39              33  3229      晟鈦                    0.00          0.00    54.41%     39.15    39.15    37.00    37.65       68.60    72.90    66.40    66.90    +29.25   +77.69%
      40              26  8101      華冠                    0.00          0.00    53.91%     13.15    13.15    13.10    13.15       12.55    12.55    12.55    12.55     -0.60    -4.56%
==========================================================================================================================================================================
✅ 共 40 筆


══════════════════════════════════════════════════════════════════════════════════════════════════════════════
  🔄 第 16/45 次  2026/07/07 ～ 2026/09/11
══════════════════════════════════════════════════════════════════════════════════════════════════════════════

==========================================================================================================================================================================
📊 動能效率優先權分數排名 (2026/07/07 ~ 2026/09/11)
==========================================================================================================================================================================
    實資排名          累計天數排名  代號        名稱                 累計漲停(元)       累計跌停(元)       強度%  (07/07)開盤      最高      最低      收盤    (09/11)開盤      最高      最低      收盤      賺賠    賺賠率
--------------------------------------------------------------------------------------------------------------------------------------------------------------------------
       1              23  8039      台虹                  375.50        234.00   100.00%    148.50   149.50   140.00   141.00      272.00   280.00   270.50   272.00   +131.00   +92.91%
       2               1  9110      越南控-DR                0.00          0.00    89.26%      3.30     3.30     3.06     3.30        2.92     2.95     2.92     2.94     -0.36   -10.91%
       3              17  2321      東訊                    0.00          0.00    79.38%     13.30    13.50    13.30    13.50          --       --       --       --        --        --
       4               2  6924      榮惠-KY創               32.50          0.00    74.85%    129.50   129.50   121.00   123.50      141.00   141.50   139.00   141.50    +18.00   +14.57%
       5               3  6141      柏承                    0.00          0.00    73.68%     37.50    38.60    35.00    35.00       53.40    54.30    51.00    51.00    +16.00   +45.71%
       6               5  3406      玉晶光                 832.50        469.50    73.46%    653.00   660.00   606.00   609.00     1020.00  1140.00  1000.00  1060.00   +451.00   +74.06%
       7               6  7711      永擎                  491.50        272.50    71.81%    325.50   326.50   309.50   310.00      531.00   531.00   531.00   531.00   +221.00   +71.29%
       8               9  6933      AMAX-KY             265.00         75.50    71.13%    151.00   151.50   141.00   143.00      333.00   333.00   315.00   320.00   +177.00  +123.78%
       9              14  2421      建準                   54.00          0.00    70.13%    149.50   149.50   142.50   144.00      161.00   166.50   160.00   164.50    +20.50   +14.24%
      10               4  2207      和泰車                 121.50         46.00    69.91%    473.00   481.00   471.00   471.00      521.00   531.00   521.00   530.00    +59.00   +12.53%
      11               7  2033      佳大                    0.00          0.00    69.87%     16.35    16.35    16.00    16.15       29.50    29.50    27.70    28.40    +12.25   +75.85%
      12              11  7740      熙特爾-創                41.00         29.00    68.86%    145.50   151.00   144.00   145.00      123.00   135.00   123.00   129.00    -16.00   -11.03%
      13              13  3593      力銘                    0.00          0.00    68.60%     14.10    14.70    14.05    14.70       10.00    10.35    10.00    10.35     -4.35   -29.59%
      14              33  7827      漢康-KY創               32.00         24.50    68.27%    155.50   171.50   155.50   171.50      152.00   152.50   151.50   152.50    -19.00   -11.08%
      15              20  6533      晶心科                 124.50         52.00    67.95%    203.50   203.50   191.50   192.00      239.00   239.50   231.00   232.50    +40.50   +21.09%
      16              18  3605      宏致                   23.50         36.50    65.73%     90.00    95.70    84.30    84.90      125.00   127.00   122.00   122.50    +37.60   +44.29%
      17              10  911608    明輝-DR                 0.00          0.00    65.59%      2.77     2.78     2.76     2.76        2.66     2.73     2.66     2.72     -0.04    -1.45%
      18               8  6214      精誠                   40.00          0.00    64.05%    136.50   136.50   133.00   133.00      188.00   190.50   187.00   188.50    +55.50   +41.73%
      19              12  1468      昶和                    0.00          0.00    61.92%     12.30    12.35    12.00    12.15       13.25    13.25    12.90    13.15     +1.00    +8.23%
      20              21  3008      大立光                6155.00       4005.00    61.17%   4150.00  4150.00  3870.00  3890.00     6520.00  6900.00  6420.00  6660.00  +2770.00   +71.21%
      21              44  3413      京鼎                  124.00        133.50    61.04%    338.00   358.00   331.50   344.00      280.00   281.50   276.00   279.50    -64.50   -18.75%
      22              19  2880      華南金                   0.00          0.00    60.30%     38.00    39.00    38.00    38.95       44.75    45.90    44.60    45.85     +6.90   +17.72%
      23              24  1709      和益                    0.00          0.00    60.24%     24.30    25.15    24.05    24.50       35.30    36.80    34.70    36.20    +11.70   +47.76%
      24              26  6426      統新                  173.00         72.00    59.49%    190.50   200.00   181.50   183.00      317.50   326.50   295.50   302.00   +119.00   +65.03%
      25              15  5906      台南-KY                 0.00          0.00    59.32%     35.55    35.80    34.40    35.15       33.80    37.35    33.80    37.30     +2.15    +6.12%
      26              62  6921      嘉雨思-創                 0.00          0.00    59.14%     68.80    69.00    66.60    67.20       62.20    62.20    61.00    61.00     -6.20    -9.23%
      27             442  6166      凌華                   63.00         55.50    58.84%    134.00   135.50   127.00   128.50      110.00   114.00   110.00   112.50    -16.00   -12.45%
      28              34  2357      華碩                  615.00        382.00    58.78%    681.00   681.00   661.00   663.00      930.00   930.00   912.00   924.00   +261.00   +39.37%
      29              30  3653      健策                 5215.00       2950.00    58.17%   3315.00  3355.00  3170.00  3195.00     5650.00  5875.00  5615.00  5765.00  +2570.00   +80.44%
      30              16  3532      台勝科                 437.00        437.00    57.65%    410.50   429.00   376.00   383.00      409.50   423.50   406.50   423.00    +40.00   +10.44%
      31              31  2887Z1    台新新光己特                0.00          0.00    57.06%     17.50    17.85    17.45    17.50       21.95    22.40    21.90    22.30     +4.80   +27.43%
      32              32  2603      長榮                   12.50         15.00    56.86%    191.00   191.50   186.50   188.00      229.00   235.50   228.50   234.50    +46.50   +24.73%
      33              38  2008      高興昌                   0.00          0.00    56.73%     29.55    30.15    29.50    29.60       30.60    30.60    30.50    30.55     +0.95    +3.21%
      34              35  1470      大統新創                  0.00          0.00    56.66%     21.70    21.70    21.40    21.40       24.80    24.80    23.80    23.95     +2.55   +11.92%
      35              29  5876      上海商銀                  0.00          0.00    56.44%     41.70    42.60    41.70    42.40       47.10    48.75    47.10    48.65     +6.25   +14.74%
      36              27  2892      第一金                   0.00          0.00    56.43%     33.05    33.65    33.05    33.30       37.70    39.05    37.70    38.90     +5.60   +16.82%
      37              46  6669      緯穎                 5105.00       2730.00    55.97%   5025.00  5235.00  5010.00  5015.00     2290.00  2335.00  2285.00  2310.00  -2705.00   -53.94%
      38              22  8101      華冠                    0.00          0.00    55.46%     12.85    12.85    12.80    12.85       11.45    12.15    11.40    12.15     -0.70    -5.45%
      39              41  2884      玉山金                   0.00          0.00    55.04%     34.30    34.65    34.30    34.50       44.70    46.30    44.35    46.30    +11.80   +34.20%
      40              39  6655      科定                    0.00          0.00    54.94%    119.50   121.00   119.00   121.00      121.50   122.50   121.50   122.50     +1.50    +1.24%
==========================================================================================================================================================================
✅ 共 40 筆


══════════════════════════════════════════════════════════════════════════════════════════════════════════════
  🔄 第 17/45 次  2026/07/06 ～ 2026/09/10
══════════════════════════════════════════════════════════════════════════════════════════════════════════════

==========================================================================================================================================================================
📊 動能效率優先權分數排名 (2026/07/06 ~ 2026/09/10)
==========================================================================================================================================================================
    實資排名          累計天數排名  代號        名稱                 累計漲停(元)       累計跌停(元)       強度%  (07/06)開盤      最高      最低      收盤    (09/10)開盤      最高      最低      收盤      賺賠    賺賠率
--------------------------------------------------------------------------------------------------------------------------------------------------------------------------
       1              24  8039      台虹                  375.50        234.00   100.00%    151.00   160.00   149.50   149.50      287.50   295.00   273.50   275.00   +125.50   +83.95%
       2               1  9110      越南控-DR                0.00          0.00    95.94%      3.00     3.38     2.95     3.36        0.00     0.00     0.00     0.00     -3.36  -100.00%
       3               5  2321      東訊                    0.00          0.00    81.73%     13.15    13.60    13.15    13.60          --       --       --       --        --        --
       4               3  6141      柏承                    0.00          0.00    75.95%     37.95    38.65    37.30    37.50       50.40    55.50    50.40    55.40    +17.90   +47.73%
       5               4  6933      AMAX-KY             265.00         59.50    75.84%    153.00   156.00   149.00   149.00      348.00   354.00   331.50   336.00   +187.00  +125.50%
       6               2  6924      榮惠-KY創               20.00          0.00    74.12%    130.50   133.50   124.00   129.50      124.50   130.00   124.00   129.00     -0.50    -0.39%
       7               6  2033      佳大                    0.00          0.00    72.35%     16.40    16.50    16.30    16.40       27.30    28.15    27.25    27.60    +11.20   +68.29%
       8               9  7711      永擎                  491.50        213.50    71.78%    328.00   331.00   325.00   325.00      598.00   615.00   583.00   590.00   +265.00   +81.54%
       9              13  6533      晶心科                 124.50         38.50    70.95%    201.50   210.50   200.00   200.00      253.50   255.00   245.00   246.00    +46.00   +23.00%
      10              10  3406      玉晶光                 849.50        459.50    68.98%    654.00   672.00   631.00   653.00     1120.00  1125.00  1040.00  1070.00   +417.00   +63.86%
      11               7  2207      和泰車                 121.50         46.00    68.31%    472.50   482.00   472.50   476.50      522.00   529.00   521.00   528.00    +51.50   +10.81%
      12              18  3593      力銘                    0.00          0.00    66.96%     14.80    14.80    14.20    14.75       10.30    10.30    10.30    10.30     -4.45   -30.17%
      13              44  7827      漢康-KY創               32.00         24.50    66.68%    161.50   161.50   153.00   156.00      150.00   154.00   150.00   153.00     -3.00    -1.92%
      14              16  3605      宏致                   23.50         36.50    65.42%     90.30    91.50    85.80    87.70      128.00   131.00   124.50   128.00    +40.30   +45.95%
      15               8  6214      精誠                   40.00          0.00    64.72%    134.50   137.00   134.50   136.50      187.00   188.50   186.50   187.50    +51.00   +37.36%
      16              31  2421      建準                   54.00          0.00    64.12%    150.00   152.00   147.50   148.50      166.00   168.50   164.00   165.00    +16.50   +11.11%
      17              11  911608    明輝-DR                 0.00          0.00    64.04%      2.85     2.85     2.80     2.81        2.70     2.70     2.69     2.70     -0.11    -3.91%
      18              19  7740      熙特爾-創                41.00         29.00    63.95%    150.00   152.00   145.00   145.00      134.00   134.00   129.50   132.00    -13.00    -8.97%
      19              12  1468      昶和                    0.00          0.00    62.98%     12.25    12.50    12.15    12.30       13.30    13.45    13.00    13.40     +1.10    +8.94%
      20              14  6426      統新                  173.00         65.00    62.21%    201.00   206.00   188.00   188.00      311.00   328.00   303.00   322.00   +134.00   +71.28%
      21              26  6957      裕慶-KY                67.00         33.00    61.93%    195.00   212.00   195.00   212.00      221.00   226.50   219.50   224.50    +12.50    +5.90%
      22              39  3413      京鼎                  124.00        133.50    60.88%    329.50   331.50   320.50   325.50      283.00   285.50   279.00   283.50    -42.00   -12.90%
      23              53  6921      嘉雨思-創                 0.00          0.00    60.69%     68.90    69.30    68.90    69.00       63.00    63.00    63.00    63.00     -6.00    -8.70%
      24              20  1709      和益                    0.00          0.00    60.17%     24.45    25.45    24.10    24.85       36.25    37.55    34.95    35.30    +10.45   +42.05%
      25              17  2880      華南金                   0.00          0.00    60.04%     37.80    38.50    37.70    38.25       44.35    45.60    44.20    44.80     +6.55   +17.12%
      26              21  3008      大立光                6155.00       4040.00    59.79%   4210.00  4280.00  4010.00  4135.00     6770.00  6875.00  6680.00  6720.00  +2585.00   +62.52%
      27              28  2357      華碩                  615.00        317.00    59.59%    681.00   689.00   672.00   680.00      982.00   989.00   972.00   989.00   +309.00   +45.44%
      28              22  1470      大統新創                  0.00          0.00    58.94%     21.70    21.70    21.70    21.70       23.95    23.95    23.90    23.90     +2.20   +10.14%
      29              34  2008      高興昌                   0.00          0.00    57.50%     30.50    30.65    30.50    30.65       30.60    30.80    30.55    30.80     +0.15    +0.49%
      30              32  6431      光麗-KY                 0.00          0.00    57.24%     17.85    19.60    17.85    19.60       18.90    19.00    18.20    18.25     -1.35    -6.89%
      31              30  2887Z1    台新新光己特                0.00          0.00    56.61%     17.50    17.55    17.45    17.50       22.50    22.55    21.80    22.05     +4.55   +26.00%
      32              27  2892      第一金                   0.00          0.00    56.29%     32.35    33.10    32.35    33.05       37.40    38.25    37.35    38.00     +4.95   +14.98%
      33              23  3055      蔚華科                 122.00        123.80    55.77%    163.00   163.00   150.50   160.50      147.50   164.00   145.00   160.00     -0.50    -0.31%
      34             676  6166      凌華                   63.00         55.50    55.76%    135.50   135.50   130.00   130.50      114.50   114.50   112.00   112.50    -18.00   -13.79%
      35              29  2603      長榮                   12.50         15.00    55.56%    197.00   198.50   194.50   195.50      232.50   235.00   228.00   231.00    +35.50   +18.16%
      36              38  3653      健策                 5215.00       3025.00    55.16%   3475.00  3475.00  3320.00  3320.00     5735.00  5885.00  5705.00  5790.00  +2470.00   +74.40%
      37              50  1909      榮成                    0.00          0.00    55.00%     10.55    10.90    10.50    10.65       10.70    10.80    10.65    10.65     +0.00    +0.00%
      38              54  4190      佐登-KY                 0.00          0.00    54.90%     25.30    26.05    25.30    26.05       25.85    26.05    25.85    25.95     -0.10    -0.38%
      39              37  5876      上海商銀                  0.00          0.00    54.68%     42.00    42.20    41.70    41.70       46.90    48.05    46.90    47.90     +6.20   +14.87%
      40              41  2884      玉山金                   0.00          0.00    54.63%     33.75    34.45    33.75    34.45       45.00    45.75    44.30    44.95    +10.50   +30.48%
==========================================================================================================================================================================
✅ 共 40 筆


══════════════════════════════════════════════════════════════════════════════════════════════════════════════
  🔄 第 18/45 次  2026/07/02 ～ 2026/09/09
══════════════════════════════════════════════════════════════════════════════════════════════════════════════

==========================================================================================================================================================================
📊 動能效率優先權分數排名 (2026/07/02 ~ 2026/09/09)
==========================================================================================================================================================================
    實資排名          累計天數排名  代號        名稱                 累計漲停(元)       累計跌停(元)       強度%  (07/02)開盤      最高      最低      收盤    (09/09)開盤      最高      最低      收盤      賺賠    賺賠率
--------------------------------------------------------------------------------------------------------------------------------------------------------------------------
       1              11  8039      台虹                  375.50        219.50   100.00%    143.50   149.50   143.00   148.00      294.50   299.00   282.00   289.50   +141.50   +95.61%
       2               1  9110      越南控-DR                0.00          0.00    96.89%      3.06     3.39     3.06     3.39        2.82     2.96     2.80     2.96     -0.43   -12.68%
       3               2  6933      AMAX-KY             279.00         59.50    85.58%    143.00   155.00   140.50   155.00      320.50   338.00   310.50   338.00   +183.00  +118.06%
       4               3  2321      東訊                    0.00          0.00    77.84%      0.00     0.00     0.00     0.00       14.80    15.10    14.80    15.10        --        --
       5               4  6533      晶心科                 124.50         38.50    73.42%    195.50   202.00   191.50   202.00      257.50   258.00   253.00   253.50    +51.50   +25.50%
       6               7  7711      永擎                  491.50        193.50    70.69%    316.50   322.50   314.00   322.50      594.00   617.00   575.00   610.00   +287.50   +89.15%
       7               5  3406      玉晶光                 849.50        419.50    70.16%    626.00   652.00   626.00   644.00     1030.00  1110.00   980.00  1110.00   +466.00   +72.36%
       8               8  2033      佳大                    0.00          0.00    69.03%     15.95    16.25    15.65    16.15       25.45    27.85    25.45    27.30    +11.15   +69.04%
       9               6  6924      榮惠-KY創               20.00          0.00    66.83%    114.00   120.50   114.00   118.00      125.50   126.00   123.00   125.50     +7.50    +6.36%
      10              12  6141      柏承                    0.00          0.00    65.99%     39.80    39.80    38.55    38.85       49.05    52.90    49.05    50.50    +11.65   +29.99%
      11              15  3605      宏致                   23.50         36.50    65.74%     84.60    92.00    83.20    90.10      123.00   134.50   121.50   129.50    +39.40   +43.73%
      12              25  3593      力銘                    0.00          0.00    63.83%     14.50    14.90    14.25    14.50       10.55    10.55    10.40    10.40     -4.10   -28.28%
      13              24  2421      建準                   54.00          0.00    63.76%    145.00   148.00   143.00   148.00      165.50   169.00   160.00   167.50    +19.50   +13.18%
      14               9  2207      和泰車                 121.50         46.00    63.64%    463.50   473.50   462.00   464.50      529.00   531.00   525.00   530.00    +65.50   +14.10%
      15              29  7740      熙特爾-創                41.00         29.00    61.49%    150.50   151.00   148.50   149.00      128.00   133.00   126.50   133.00    -16.00   -10.74%
      16              14  911608    明輝-DR                 0.00          0.00    61.43%      2.82     2.84     2.68     2.84        2.70     2.75     2.61     2.70     -0.14    -4.93%
      17              10  6214      精誠                   40.00          0.00    61.16%    132.00   134.50   132.00   132.00      184.00   187.50   184.00   187.50    +55.50   +42.05%
      18              84  7827      漢康-KY創               32.00         24.50    60.69%    168.00   169.00   153.50   162.00      150.50   153.00   149.50   151.50    -10.50    -6.48%
      19              13  1468      昶和                    0.00          0.00    60.54%     11.90    12.10    11.80    12.10       13.35    13.45    13.10    13.45     +1.35   +11.16%
      20              16  1709      和益                    0.00          0.00    60.46%     22.65    23.40    22.60    23.40       33.50    36.00    33.50    35.60    +12.20   +52.14%
      21              21  2357      華碩                  615.00        317.00    60.43%    650.00   667.00   642.00   667.00      966.00   985.00   963.00   979.00   +312.00   +46.78%
      22              17  6426      統新                  173.00         65.00    60.04%    177.50   194.50   177.50   192.50      305.50   324.50   288.00   321.00   +128.50   +66.75%
      23              18  3055      蔚華科                 124.00        123.80    59.49%    129.00   140.00   129.00   140.00      155.00   159.00   143.00   149.50     +9.50    +6.79%
      24              40  3413      京鼎                  124.00        133.50    58.79%    325.00   333.00   322.50   330.00      284.00   285.00   281.50   282.00    -48.00   -14.55%
      25              52  6921      嘉雨思-創                 0.00          0.00    58.27%     67.50    68.60    67.50    68.00       63.90    63.90    63.90    63.90     -4.10    -6.03%
      26              39  6957      裕慶-KY                67.00         33.00    57.50%    190.00   191.50   188.00   188.00      216.00   221.50   214.00   220.50    +32.50   +17.29%
      27              26  3008      大立光                6155.00       3925.00    57.37%   4260.00  4395.00  4250.00  4295.00     6660.00  6930.00  6550.00  6870.00  +2575.00   +59.95%
      28              22  2880      華南金                   0.00          0.00    57.10%     36.35    36.95    36.35    36.60       44.85    45.25    44.05    44.35     +7.75   +21.17%
      29              20  6431      光麗-KY                 0.00          0.00    56.97%     18.00    18.20    17.75    18.20       19.25    19.50    19.00    19.20     +1.00    +5.49%
      30             469  6166      凌華                   63.00         55.50    56.49%    129.50   135.50   124.00   135.00      114.00   115.50   114.00   115.50    -19.50   -14.44%
      31              28  1470      大統新創                  0.00          0.00    56.34%     21.00    21.00    21.00    21.00       24.35    24.40    23.90    24.20     +3.20   +15.24%
      32              32  3653      健策                 5260.00       3025.00    56.16%   3320.00  3495.00  3245.00  3475.00     5705.00  5845.00  5600.00  5760.00  +2285.00   +65.76%
      33              23  8101      華冠                    0.00          0.00    55.20%     12.25    13.40    12.25    13.40       11.65    11.75    11.65    11.75     -1.65   -12.31%
      34              47  6669      緯穎                 5250.00       2925.00    54.94%   4905.00  5200.00  4865.00  5200.00     2355.00  2425.00  2320.00  2325.00  -2875.00   -55.29%
      35              30  2887Z1    台新新光己特                0.00          0.00    54.91%     17.90    17.95    17.80    17.85       22.20    22.50    22.20    22.50     +4.65   +26.05%
      36              42  1909      榮成                    0.00          0.00    54.80%      9.47     9.85     9.47     9.85       10.70    10.75    10.60    10.70     +0.85    +8.63%
      37              44  2008      高興昌                   0.00          0.00    53.78%     31.25    31.25    30.50    30.80       30.55    31.00    30.55    30.70     -0.10    -0.32%
      38              36  2884      玉山金                   0.00          0.00    53.62%     32.80    33.70    32.80    33.70       46.00    46.05    43.80    44.25    +10.55   +31.31%
      39              31  2603      長榮                   12.50         15.00    53.35%    185.50   187.00   183.50   185.50      229.00   234.00   227.00   234.00    +48.50   +26.15%
      40              87  3231      緯創                   69.00         20.00    52.96%    157.00   160.00   156.00   158.50      185.50   191.00   184.00   189.00    +30.50   +19.24%
==========================================================================================================================================================================
✅ 共 40 筆


══════════════════════════════════════════════════════════════════════════════════════════════════════════════
  🔄 第 19/45 次  2026/07/01 ～ 2026/09/08
══════════════════════════════════════════════════════════════════════════════════════════════════════════════

==========================================================================================================================================================================
📊 動能效率優先權分數排名 (2026/07/01 ~ 2026/09/08)
==========================================================================================================================================================================
    實資排名          累計天數排名  代號        名稱                 累計漲停(元)       累計跌停(元)       強度%  (07/01)開盤      最高      最低      收盤    (09/08)開盤      最高      最低      收盤      賺賠    賺賠率
--------------------------------------------------------------------------------------------------------------------------------------------------------------------------
       1               8  8039      台虹                  375.50        219.50   100.00%    149.00   157.50   144.50   145.50      327.50   327.50   294.50   294.50   +149.00  +102.41%
       2               1  9110      越南控-DR                0.00          0.00    92.37%      3.49     3.49     3.37     3.37        2.98     2.98     2.98     2.98     -0.39   -11.57%
       3               2  2321      東訊                    0.00          0.00    76.52%      0.00     0.00     0.00     0.00       14.10    14.40    13.80    13.80        --        --
       4               4  6933      AMAX-KY             258.50         59.50    74.80%    143.50   144.50   140.00   141.00      322.50   325.00   315.00   317.50   +176.50  +125.18%
       5               3  6533      晶心科                 124.50         38.50    74.63%    197.50   199.00   194.00   195.00      256.50   261.50   252.50   256.00    +61.00   +31.28%
       6              10  3593      力銘                    0.00          0.00    67.72%     14.15    15.30    14.15    15.10       10.35    10.40    10.35    10.40     -4.70   -31.13%
       7              14  3055      蔚華科                 135.50        123.80    67.41%    127.50   127.50   126.00   127.50      135.50   146.00   135.50   146.00    +18.50   +14.51%
       8              11  3605      宏致                   23.50         36.50    67.34%     79.50    85.60    78.70    85.60      122.00   132.50   120.00   124.00    +38.40   +44.86%
       9               9  7711      永擎                  475.50        193.50    66.36%    323.00   325.00   315.00   316.50      650.00   650.00   594.00   594.00   +277.50   +87.68%
      10               7  2033      佳大                    0.00          0.00    65.27%     15.90    16.10    15.85    16.00       25.70    26.30    25.00    25.45     +9.45   +59.06%
      11              17  6669      緯穎                 5650.00       2910.00    64.05%   4740.00  5050.00  4655.00  5035.00     2455.00  2485.00  2315.00  2340.00  -2695.00   -53.53%
      12              15  6141      柏承                    0.00          0.00    63.74%     39.60    39.60    38.50    39.30       51.50    51.60    48.80    49.40    +10.10   +25.70%
      13               6  6924      榮惠-KY創               20.00          0.00    63.71%    120.50   120.50   113.50   114.00      127.00   130.00   123.50   125.50    +11.50   +10.09%
      14               5  2207      和泰車                 121.50         46.00    62.65%    468.50   471.50   463.50   465.00      535.00   538.00   529.00   535.00    +70.00   +15.05%
      15              16  3406      玉晶光                 749.50        437.50    62.45%    673.00   684.00   634.00   641.00      987.00  1050.00   970.00  1010.00   +369.00   +57.57%
      16              13  911608    明輝-DR                 0.00          0.00    61.26%      2.84     2.93     2.82     2.85        2.69     2.70     2.58     2.70     -0.15    -5.26%
      17              30  2421      建準                   54.00          0.00    60.64%    145.00   148.00   144.50   146.00      172.00   172.00   165.50   168.00    +22.00   +15.07%
      18              12  1468      昶和                    0.00          0.00    60.01%     11.95    12.00    11.80    12.00       13.35    13.50    13.10    13.50     +1.50   +12.50%
      19              19  1709      和益                    0.00          0.00    59.06%     22.25    23.90    22.10    23.20       33.75    34.10    32.80    33.60    +10.40   +44.83%
      20              23  2357      華碩                  604.00        317.00    58.99%    658.00   659.00   635.00   657.00      992.00   992.00   956.00   968.00   +311.00   +47.34%
      21              41  3413      京鼎                  124.00        133.50    58.48%    333.50   345.00   330.50   332.00      285.00   286.00   281.00   281.50    -50.50   -15.21%
      22              36  7740      熙特爾-創                41.00         29.00    58.26%    151.50   153.00   147.50   151.00      130.00   130.00   127.50   129.00    -22.00   -14.57%
      23              20  1470      大統新創                  0.00          0.00    58.18%     20.55    21.35    20.55    21.30       24.85    24.85    23.90    23.90     +2.60   +12.21%
      24             120  7827      漢康-KY創               32.00         24.50    57.66%    178.50   178.50   170.50   170.50      154.00   154.00   151.00   151.00    -19.50   -11.44%
      25              39  6921      嘉雨思-創                 0.00          0.00    57.60%     68.90    69.00    68.20    68.50       64.00    64.00    62.90    62.90     -5.60    -8.18%
      26              21  6431      光麗-KY                 0.00          0.00    56.73%     18.20    18.20    17.65    18.20       19.55    19.55    19.25    19.25     +1.05    +5.77%
      27              22  2880      華南金                   0.00          0.00    55.72%     37.85    38.40    36.70    36.70       44.50    45.25    44.10    45.15     +8.45   +23.02%
      28              56  6957      裕慶-KY                67.00         33.00    55.63%    190.50   191.00   189.00   190.00      222.00   222.00   216.00   216.00    +26.00   +13.68%
      29              18  6214      精誠                   40.00          0.00    55.31%    135.00   135.00   130.00   131.00      185.00   186.00   184.00   185.00    +54.00   +41.22%
      30              65  8464      億豐                   64.00         69.50    55.31%    346.00   359.00   344.50   357.00      362.00   372.00   360.00   371.50    +14.50    +4.06%
      31              25  2884      玉山金                   0.00          0.00    55.12%     32.95    33.30    32.80    32.90       43.55    45.65    43.40    45.55    +12.65   +38.45%
      32              34  1909      榮成                    0.00          0.00    54.63%      9.53     9.70     9.53     9.57       10.85    10.90    10.75    10.75     +1.18   +12.33%
      33              24  8101      華冠                    0.00          0.00    54.37%     12.75    12.75    12.75    12.75       11.25    11.95    11.25    11.95     -0.80    -6.27%
      34              42  2466      冠西電                  10.50         11.50    54.32%     64.60    71.30    62.50    71.30      101.00   102.00    98.60    98.60    +27.30   +38.29%
      35             126  1303      南亞                  192.50        169.00    54.06%    177.50   183.00   177.50   183.00      236.00   239.50   229.00   235.00    +52.00   +28.42%
      36              26  2887Z1    台新新光己特                0.00          0.00    53.67%     17.90    17.90    17.80    17.85       21.70    22.25    21.70    22.20     +4.35   +24.37%
      37              37  2008      高興昌                   0.00          0.00    52.80%     31.00    31.00    30.50    30.80       30.70    31.25    30.70    30.75     -0.05    -0.16%
      38              40  1341      富林-KY                 0.00          0.00    52.46%     58.00    60.40    58.00    60.40       59.80    59.80    59.80    59.80     -0.60    -0.99%
      39              35  6655      科定                    0.00          0.00    52.45%    118.00   119.00   118.00   118.00      121.00   123.00   121.00   122.50     +4.50    +3.81%
      40              49  6426      統新                  159.00         65.00    52.17%    198.00   198.00   186.00   189.50      316.50   325.50   297.50   307.00   +117.50   +62.01%
==========================================================================================================================================================================
✅ 共 40 筆


══════════════════════════════════════════════════════════════════════════════════════════════════════════════
  🔄 第 20/45 次  2026/06/30 ～ 2026/09/07
══════════════════════════════════════════════════════════════════════════════════════════════════════════════

==========================================================================================================================================================================
📊 動能效率優先權分數排名 (2026/06/30 ~ 2026/09/07)
==========================================================================================================================================================================
    實資排名          累計天數排名  代號        名稱                 累計漲停(元)       累計跌停(元)       強度%  (06/30)開盤      最高      最低      收盤    (09/07)開盤      最高      最低      收盤      賺賠    賺賠率
--------------------------------------------------------------------------------------------------------------------------------------------------------------------------
       1               2  8039      台虹                  375.50        187.00   100.00%    140.00   149.00   140.00   149.00      324.00   327.00   306.00   327.00   +178.00  +119.46%
       2               1  9110      越南控-DR                0.00          0.00    83.12%      3.29     3.29     3.26     3.29        2.95     2.99     2.95     2.99     -0.30    -9.12%
       3               6  6933      AMAX-KY             258.50         59.50    70.16%    141.00   142.50   139.50   142.00      319.00   319.00   307.50   313.00   +171.00  +120.42%
       4               4  2321      東訊                    0.00          0.00    70.05%     13.90    14.00    13.90    13.90       13.45    14.40    13.45    14.40     +0.50    +3.60%
       5               3  6533      晶心科                 124.50         38.50    68.71%    192.50   197.50   192.50   197.00      255.50   262.00   255.00   257.00    +60.00   +30.46%
       6               5  7711      永擎                  475.50        127.50    68.30%    318.50   322.00   317.50   320.50      645.00   675.00   621.00   660.00   +339.50  +105.93%
       7              12  6669      緯穎                 5705.00       2760.00    64.32%   4695.00  4720.00  4520.00  4635.00     2525.00  2545.00  2390.00  2490.00  -2145.00   -46.28%
       8              26  3055      蔚華科                 134.50        123.80    62.48%    116.00   116.00   116.00   116.00      133.50   144.00   133.00   134.50    +18.50   +15.95%
       9              16  3593      力銘                    0.00          0.00    61.19%     15.40    15.60    15.00    15.45       10.50    10.50    10.20    10.50     -4.95   -32.04%
      10              14  2421      建準                   54.00          0.00    61.17%    139.50   144.50   139.00   142.00      178.00   178.50   169.00   171.50    +29.50   +20.77%
      11               8  6141      柏承                    0.00          0.00    60.34%     38.00    38.60    38.00    38.60       51.50    52.90    51.30    51.90    +13.30   +34.46%
      12              42  1303      南亞                  207.50        169.00    60.31%    157.00   166.50   157.00   166.50      232.00   240.00   229.50   230.50    +64.00   +38.44%
      13              19  3605      宏致                   23.50         36.50    60.06%     78.40    79.50    77.50    77.90      121.50   128.00   117.00   120.50    +42.60   +54.69%
      14               9  2033      佳大                    0.00          0.00    59.97%     16.00    16.15    15.90    16.15       26.10    27.35    25.70    25.70     +9.55   +59.13%
      15              29  3413      京鼎                  140.50        133.50    59.93%    324.50   342.00   324.00   330.50      286.50   286.50   282.00   284.00    -46.50   -14.07%
      16              11  6924      榮惠-KY創               20.00          0.00    57.85%    124.50   129.50   119.50   120.50      123.50   125.00   119.00   125.00     +4.50    +3.73%
      17              50  2059      川湖                12280.00       5135.00    56.26%   7325.00  7425.00  6950.00  7360.00    14015.00 14145.00 13700.00 13905.00  +6545.00   +88.93%
      18              10  911608    明輝-DR                 0.00          0.00    56.02%      2.80     2.85     2.80     2.84        2.67     2.70     2.59     2.70     -0.14    -4.93%
      19              20  3406      玉晶光                 726.50        437.50    55.37%    658.00   671.00   654.00   659.00     1040.00  1040.00   961.00   987.00   +328.00   +49.77%
      20              18  8033      雷虎                  200.50        175.00    55.09%    156.00   169.50   153.00   169.50      177.50   178.00   173.50   177.00     +7.50    +4.42%
      21              24  2357      華碩                  604.00        286.00    54.71%    705.00   711.00   691.00   700.00     1025.00  1025.00   981.00   999.00   +299.00   +42.71%
      22              22  1709      和益                    0.00          0.00    54.65%     21.55    22.00    21.35    21.95       34.50    34.70    33.30    34.20    +12.25   +55.81%
      23              23  2466      冠西電                  10.50         11.50    54.57%     59.60    64.90    58.30    64.90       99.50   103.50    98.00   100.50    +35.60   +54.85%
      24              13  1468      昶和                    0.00          0.00    54.49%     11.85    12.00    11.75    12.00       12.80    13.60    12.70    13.50     +1.50   +12.50%
      25              91  7827      漢康-KY創               32.00         24.50    53.78%    171.00   173.00   168.50   173.00      152.50   154.50   151.00   154.00    -19.00   -10.98%
      26              31  6921      嘉雨思-創                 0.00          0.00    53.42%     68.00    69.00    67.80    68.50       64.00    65.00    64.00    64.00     -4.50    -6.57%
      27              49  7740      熙特爾-創                41.00         29.00    53.35%    151.50   157.50   149.50   151.50      131.00   131.00   127.50   128.00    -23.50   -15.51%
      28              21  1470      大統新創                  0.00          0.00    53.30%     21.90    21.90    21.20    21.30       24.25    24.50    24.00    24.50     +3.20   +15.02%
      29              17  6431      光麗-KY                 0.00          0.00    52.48%     17.95    18.20    17.90    18.05       20.10    20.10    19.40    19.55     +1.50    +8.31%
      30              77  6957      裕慶-KY                67.00         33.00    52.34%    189.00   191.50   186.50   190.00      219.50   222.50   218.50   221.00    +31.00   +16.32%
      31              28  3017      奇鋐                 3015.00       1955.00    52.00%   2380.00  2530.00  2370.00  2525.00     3595.00  3595.00  3410.00  3420.00   +895.00   +35.45%
      32              15  6214      精誠                   40.00          0.00    51.67%    130.00   136.00   130.00   134.00      186.00   186.50   184.50   185.00    +51.00   +38.06%
      33               7  2464      盟立                  119.50         68.00    50.98%    161.00   175.00   159.00   173.00      213.00   213.00   202.50   203.00    +30.00   +17.34%
      34              34  1909      榮成                    0.00          0.00    50.77%      9.41     9.55     9.40     9.55       11.05    11.10    10.80    10.85     +1.30   +13.61%
      35              25  2880      華南金                   0.00          0.00    50.75%     37.35    38.15    37.20    38.00       44.70    44.70    43.95    44.35     +6.35   +16.71%
      36              69  4576      大銀微系統               124.50         86.00    49.64%    209.00   211.50   206.50   211.00      250.00   258.00   245.00   247.00    +36.00   +17.06%
      37             108  8464      億豐                   53.50         69.50    49.51%    344.00   350.00   344.00   346.00      380.00   380.00   361.00   361.00    +15.00    +4.34%
      38              38  6426      統新                  148.00         65.00    49.30%    195.00   200.00   190.00   192.00      285.00   296.00   285.00   296.00   +104.00   +54.17%
      39              39  3653      健策                 5160.00       2950.00    48.93%   3400.00  3485.00  3370.00  3430.00     6000.00  6000.00  5600.00  5655.00  +2225.00   +64.87%
      40              41  4190      佐登-KY                 0.00          0.00    48.78%     24.35    26.40    24.30    25.40       25.90    26.10    25.90    26.00     +0.60    +2.36%
==========================================================================================================================================================================
✅ 共 40 筆


══════════════════════════════════════════════════════════════════════════════════════════════════════════════
  🔄 第 21/45 次  2026/06/29 ～ 2026/09/04
══════════════════════════════════════════════════════════════════════════════════════════════════════════════

==========================================================================================================================================================================
📊 動能效率優先權分數排名 (2026/06/29 ~ 2026/09/04)
==========================================================================================================================================================================
    實資排名          累計天數排名  代號        名稱                 累計漲停(元)       累計跌停(元)       強度%  (06/29)開盤      最高      最低      收盤    (09/04)開盤      最高      最低      收盤      賺賠    賺賠率
--------------------------------------------------------------------------------------------------------------------------------------------------------------------------
       1               3  8039      台虹                  346.00        187.00   100.00%    141.50   143.50   135.50   137.50      307.00   321.00   295.50   297.50   +160.00  +116.36%
       2               1  9110      越南控-DR                0.00          0.00    84.56%      3.30     3.30     3.26     3.26        2.87     3.00     2.82     3.00     -0.26    -7.98%
       3              11  3055      蔚華科                 144.00        123.80    79.42%     96.00   105.50    93.60   105.50      133.00   136.00   128.00   132.50    +27.00   +25.59%
       4               6  6669      緯穎                 6005.00       2685.00    77.37%   4350.00  4705.00  4335.00  4580.00     2505.00  2570.00  2485.00  2565.00  -2015.00   -44.00%
       5               2  6933      AMAX-KY             258.50         59.50    75.90%    139.00   142.00   137.50   139.00      309.00   319.00   299.00   317.00   +178.00  +128.06%
       6              20  3413      京鼎                  155.50        133.50    73.12%    300.50   324.50   300.00   314.00      282.00   284.50   279.00   282.50    -31.50   -10.03%
       7               8  2421      建準                   54.00          0.00    72.53%    138.50   141.50   137.00   138.00      168.50   179.00   166.00   178.00    +40.00   +28.99%
       8               9  8033      雷虎                  214.50        175.00    70.92%    146.00   154.50   144.50   154.50      176.50   177.50   171.50   176.00    +21.50   +13.92%
       9               4  6533      晶心科                 124.50         38.50    70.68%    193.00   195.50   189.00   191.00      270.00   271.00   262.00   264.00    +73.00   +38.22%
      10               5  2321      東訊                    0.00          0.00    69.99%      0.00     0.00     0.00     0.00       14.50    14.50    14.50    14.50        --        --
      11               7  7711      永擎                  447.50        127.50    69.57%    320.50   329.00   319.50   324.00      597.00   632.00   575.00   632.00   +308.00   +95.06%
      12              17  3605      宏致                   23.50         36.50    66.26%     73.90    80.60    73.70    78.00      118.50   124.50   113.50   118.00    +40.00   +51.28%
      13              51  1303      南亞                  207.50        169.00    66.08%    145.00   154.50   145.00   151.50      226.50   229.00   218.00   225.50    +74.00   +48.84%
      14              19  3593      力銘                    0.00          0.00    65.18%     15.50    15.70    14.95    15.70       10.85    10.85    10.75    10.75     -4.95   -31.53%
      15              12  2033      佳大                    0.00          0.00    65.09%     15.75    16.10    15.75    16.10       25.15    26.65    24.45    26.05     +9.95   +61.80%
      16              21  3017      奇鋐                 3060.00       1805.00    64.34%   2220.00  2315.00  2220.00  2300.00     3465.00  3570.00  3410.00  3570.00  +1270.00   +55.22%
      17              42  2059      川湖                12355.00       5135.00    64.26%   7080.00  7275.00  6920.00  7110.00    13890.00 14050.00 13150.00 13860.00  +6750.00   +94.94%
      18              13  6141      柏承                    0.00          0.00    63.32%     38.35    40.00    38.00    38.25       54.00    54.00    50.60    52.50    +14.25   +37.25%
      19              30  7740      熙特爾-創                41.00         29.00    60.43%    143.00   153.00   141.00   149.50      129.00   135.00   128.00   132.00    -17.50   -11.71%
      20              25  2357      華碩                  604.00        260.00    60.08%    702.00   710.00   694.00   703.00      988.00  1030.00   986.00  1025.00   +322.00   +45.80%
      21              16  6924      榮惠-KY創               20.00          0.00    59.96%    125.00   125.50   123.00   125.50      113.00   123.00   112.50   123.00     -2.50    -1.99%
      22              22  3406      玉晶光                 726.50        412.50    59.49%    702.00   705.00   652.00   657.00     1020.00  1070.00   962.00  1055.00   +398.00   +60.58%
      23              24  1709      和益                    0.00          0.00    59.12%     21.10    21.40    21.10    21.30       34.10    34.90    33.80    34.00    +12.70   +59.62%
      24              10  2464      盟立                  119.50         68.00    58.47%    158.00   165.50   154.50   160.00      223.50   224.00   203.00   211.00    +51.00   +31.87%
      25              18  911608    明輝-DR                 0.00          0.00    58.20%      2.86     2.86     2.80     2.80        2.62     2.71     2.60     2.70     -0.10    -3.57%
      26              15  6431      光麗-KY                 0.00          0.00    58.19%     17.65    18.00    17.20    17.95       19.90    20.35    19.65    19.85     +1.90   +10.58%
      27              39  2466      冠西電                  10.50         11.50    57.94%     58.80    60.80    58.00    59.00       95.10    98.50    95.10    97.20    +38.20   +64.75%
      28              36  6921      嘉雨思-創                 0.00          0.00    57.52%     68.40    69.00    68.40    69.00       63.30    63.60    62.60    63.60     -5.40    -7.83%
      29             474  3661      世芯-KY              3655.00       3160.00    57.32%   3900.00  4015.00  3890.00  3985.00     4155.00  4275.00  4110.00  4220.00   +235.00    +5.90%
      30              89  6957      裕慶-KY                67.00         33.00    56.79%    185.50   190.50   185.50   190.00      218.00   221.00   216.00   219.50    +29.50   +15.53%
      31              14  6214      精誠                   40.00          0.00    56.40%    129.00   132.00   129.00   129.00      183.50   186.00   183.50   185.50    +56.50   +43.80%
      32            1363  6949      沛爾生醫-創              928.00        486.00    56.05%    861.00   888.00   847.00   856.00          --       --       --       --        --        --
      33              23  1468      昶和                    0.00          0.00    55.92%     11.80    11.90    11.65    11.85       12.75    13.00    12.55    13.00     +1.15    +9.70%
      34             143  7827      漢康-KY創               32.00         24.50    55.90%    176.00   178.00   168.00   171.50      151.50   153.00   145.00   151.00    -20.50   -11.95%
      35              31  1909      榮成                    0.00          0.00    55.57%      9.42     9.57     9.38     9.46       11.10    11.20    10.85    11.00     +1.54   +16.28%
      36              26  1470      大統新創                  0.00          0.00    55.46%     22.25    22.25    21.70    21.70       23.70    24.25    23.50    23.90     +2.20   +10.14%
      37              67  4576      大銀微系統               124.50         86.00    55.18%    200.00   208.50   200.00   204.50      236.00   239.50   223.00   238.00    +33.50   +16.38%
      38              96  3665      貿聯-KY              1950.00       1815.00    54.92%   1855.00  1915.00  1820.00  1880.00     2135.00  2175.00  2115.00  2145.00   +265.00   +14.10%
      39              88  2395      研華                  449.00        158.50    54.88%    463.00   486.00   457.50   472.50      688.00   727.00   685.00   711.00   +238.50   +50.48%
      40              27  2880      華南金                   0.00          0.00    54.62%     37.55    37.80    37.00    37.30       43.75    44.00    43.15    44.00     +6.70   +17.96%
==========================================================================================================================================================================
✅ 共 40 筆


══════════════════════════════════════════════════════════════════════════════════════════════════════════════
  🔄 第 22/45 次  2026/06/26 ～ 2026/09/03
══════════════════════════════════════════════════════════════════════════════════════════════════════════════

==========================================================================================================================================================================
📊 動能效率優先權分數排名 (2026/06/26 ~ 2026/09/03)
==========================================================================================================================================================================
    實資排名          累計天數排名  代號        名稱                 累計漲停(元)       累計跌停(元)       強度%  (06/26)開盤      最高      最低      收盤    (09/03)開盤      最高      最低      收盤      賺賠    賺賠率
--------------------------------------------------------------------------------------------------------------------------------------------------------------------------
       1               3  8039      台虹                  346.00        187.00   100.00%    143.00   146.50   137.50   137.50      316.00   318.50   291.00   293.00   +155.50  +113.09%
       2               1  9110      越南控-DR                0.00          0.00    82.75%      0.00     0.00     0.00     0.00        0.00     0.00     0.00     0.00        --        --
       3              10  3055      蔚華科                 144.00        123.80    78.64%     99.00   103.50    95.30    96.00      143.00   144.50   130.50   131.00    +35.00   +36.46%
       4               7  8033      雷虎                  214.50        175.00    72.17%    139.00   143.00   136.50   140.50      183.00   184.50   172.50   173.00    +32.50   +23.13%
       5               4  6933      AMAX-KY             243.50         59.50    71.17%    143.00   143.50   135.50   137.50      316.00   322.00   301.50   302.00   +164.50  +119.64%
       6               2  2321      東訊                    0.00          0.00    70.67%      0.00     0.00     0.00     0.00       15.00    15.40    14.50    14.50        --        --
       7               8  3593      力銘                    0.00          0.00    66.16%     15.90    15.90    15.00    15.80       10.50    10.50    10.00    10.40     -5.40   -34.18%
       8               9  7795      長廣                  630.00        590.50    65.76%    425.00   460.50   422.50   460.50      531.00   534.00   489.00   489.00    +28.50    +6.19%
       9              16  3605      宏致                   23.50         36.50    65.49%     77.10    78.10    73.90    74.00      128.00   129.50   114.50   114.50    +40.50   +54.73%
      10              57  1303      南亞                  207.50        169.00    65.46%    154.00   155.00   146.00   148.00      243.00   244.50   219.50   221.00    +73.00   +49.32%
      11               6  2033      佳大                    0.00          0.00    64.03%     16.35    16.35    15.75    16.20       24.45    25.55    24.45    25.55     +9.35   +57.72%
      12              18  6669      緯穎                 5915.00       2950.00    63.19%   4485.00  4505.00  4250.00  4280.00     2605.00  2630.00  2475.00  2475.00  -1805.00   -42.17%
      13               5  6533      晶心科                 124.50         49.00    62.83%    201.50   201.50   192.00   192.00      264.00   273.50   263.50   264.00    +72.00   +37.50%
      14              12  6141      柏承                    0.00          0.00    61.51%     42.95    42.95    39.00    39.00       55.00    56.20    51.50    51.70    +12.70   +32.56%
      15              13  7711      永擎                  390.50        145.50    60.20%    338.50   338.50   320.50   320.50      617.00   617.00   575.00   575.00   +254.50   +79.41%
      16              21  1709      和益                    0.00          0.00    60.02%     21.20    21.50    21.00    21.05       35.15    35.90    33.20    33.45    +12.40   +58.91%
      17              47  7827      漢康-KY創               32.00         24.50    58.90%    168.00   178.00   166.50   174.50      152.00   152.50   148.50   151.50    -23.00   -13.18%
      18              29  2421      建準                   40.50          0.00    58.86%    144.50   145.50   137.00   137.00      168.00   174.00   163.00   164.50    +27.50   +20.07%
      19              17  6431      光麗-KY                 0.00          0.00    58.73%     18.50    18.50    17.60    18.20       19.30    20.00    19.25    19.80     +1.60    +8.79%
      20              30  2466      冠西電                  10.50         11.50    58.20%     57.90    62.10    57.00    58.00      104.00   105.00    94.70    94.70    +36.70   +63.28%
      21              11  2464      盟立                  119.50         71.00    57.80%    167.00   169.00   155.50   155.50      215.00   222.00   214.00   222.00    +66.50   +42.77%
      22              32  6921      嘉雨思-創                 0.00          0.00    57.60%     69.70    69.70    68.10    68.30       61.10    63.70    61.10    63.70     -4.60    -6.73%
      23              23  3406      玉晶光                 662.50        471.50    57.22%    749.00   760.00   698.00   700.00     1060.00  1070.00   990.00   991.00   +291.00   +41.57%
      24              24  1909      榮成                    0.00          0.00    57.22%      9.46     9.55     9.45     9.47       11.30    11.45    11.15    11.15     +1.68   +17.74%
      25              63  6957      裕慶-KY                67.00         33.00    56.81%    189.50   193.00   185.00   186.00      218.00   220.50   217.50   217.50    +31.50   +16.94%
      26              19  1470      大統新創                  0.00          0.00    56.51%     21.75    21.90    21.70    21.85        0.00     0.00     0.00     0.00    -21.85  -100.00%
      27              15  1468      昶和                    0.00          0.00    56.29%     11.85    11.85    11.70    11.85       12.60    12.90    12.50    12.90     +1.05    +8.86%
      28              20  911608    明輝-DR                 0.00          0.00    56.16%      2.99     2.99     2.85     2.86        2.71     2.74     2.57     2.72     -0.14    -4.90%
      29              97  2059      川湖                11945.00       5460.00    55.96%   7205.00  7480.00  6895.00  6990.00    13935.00 14195.00 13255.00 13450.00  +6460.00   +92.42%
      30              22  2880      華南金                   0.00          0.00    55.62%     36.90    37.75    36.90    36.90       42.90    43.75    42.65    43.45     +6.55   +17.75%
      31              14  6214      精誠                   40.00          0.00    55.23%    129.50   131.50   127.50   128.00      183.00   184.50   182.50   183.00    +55.00   +42.97%
      32              36  2357      華碩                  550.00        307.00    55.01%    730.00   735.00   700.00   701.00     1020.00  1025.00   962.00   971.00   +270.00   +38.52%
      33             103  8464      億豐                   53.50         57.00    54.41%    350.00   351.50   344.50   350.50      374.00   374.00   367.50   367.50    +17.00    +4.85%
      34              56  3653      健策                 4915.00       2815.00    54.14%   3385.00  3525.00  3380.00  3405.00     5770.00  5820.00  5590.00  5615.00  +2210.00   +64.90%
      35            1362  6949      沛爾生醫-創              928.00        503.00    53.97%    870.00   875.00   840.00   862.00          --       --       --       --        --        --
      36              67  3413      京鼎                  155.50        143.50    53.84%    309.00   314.50   299.00   299.00      287.00   287.00   280.00   280.00    -19.00    -6.35%
      37              35  1413      宏洲                    0.00          0.00    53.53%      9.05     9.37     9.05     9.31        9.11     9.20     9.08     9.08     -0.23    -2.47%
      38              27  2887Z1    台新新光己特                0.00          0.00    53.16%     18.20    18.20    18.10    18.10       21.20    22.00    21.20    21.75     +3.65   +20.17%
      39              46  911622    泰聚亨-DR                0.00          0.00    52.92%      3.76     3.77     3.72     3.72        0.00     0.00     0.00     0.00     -3.72  -100.00%
      40              25  2603      長榮                   12.50         15.00    52.81%    184.50   185.00   180.50   181.00      234.50   239.50   232.50   239.00    +58.00   +32.04%
==========================================================================================================================================================================
✅ 共 40 筆


══════════════════════════════════════════════════════════════════════════════════════════════════════════════
  🔄 第 23/45 次  2026/06/25 ～ 2026/09/02
══════════════════════════════════════════════════════════════════════════════════════════════════════════════

==========================================================================================================================================================================
📊 動能效率優先權分數排名 (2026/06/25 ~ 2026/09/02)
==========================================================================================================================================================================
    實資排名          累計天數排名  代號        名稱                 累計漲停(元)       累計跌停(元)       強度%  (06/25)開盤      最高      最低      收盤    (09/02)開盤      最高      最低      收盤      賺賠    賺賠率
--------------------------------------------------------------------------------------------------------------------------------------------------------------------------
       1               2  8039      台虹                  346.00        166.50   100.00%    150.00   153.00   143.50   143.50      319.00   325.00   311.00   313.50   +170.00  +118.47%
       2               1  9110      越南控-DR                0.00          0.00    80.56%      3.29     3.30     3.10     3.30        3.07     3.07     3.07     3.07     -0.23    -6.97%
       3               7  3055      蔚華科                 144.00        112.80    79.75%    104.00   104.50    95.40   102.00      127.00   142.00   127.00   142.00    +40.00   +39.22%
       4               4  6933      AMAX-KY             243.50         30.50    72.85%    152.00   152.00   144.50   145.00      314.50   331.00   309.00   331.00   +186.00  +128.28%
       5               6  8033      雷虎                  214.50        175.00    72.03%    142.00   143.50   137.50   138.50      185.00   188.50   181.00   181.00    +42.50   +30.69%
       6               3  2321      東訊                    0.00          0.00    70.16%     13.90    13.90    13.90    13.90       14.10    15.20    13.50    15.20     +1.30    +9.35%
       7               5  7795      長廣                  630.00        564.50    69.45%    401.50   427.50   401.50   419.00      533.00   548.00   513.00   515.00    +96.00   +22.91%
       8              11  3605      宏致                   23.50         24.00    67.05%     77.50    77.60    74.50    77.50      123.50   134.00   120.00   127.00    +49.50   +63.87%
       9              30  1303      南亞                  207.50        152.50    66.83%    160.00   161.00   155.00   155.00      240.00   248.00   232.00   237.50    +82.50   +53.23%
      10              10  3593      力銘                    0.00          0.00    65.10%     15.50    15.60    15.50    15.60       10.50    10.60    10.50    10.50     -5.10   -32.69%
      11               9  6141      柏承                    0.00          0.00    63.28%     41.45    42.60    39.30    42.30       57.80    58.70    54.10    54.80    +12.50   +29.55%
      12              14  1709      和益                    0.00          0.00    60.91%     21.20    21.70    21.20    21.40       34.75    35.40    33.85    35.00    +13.60   +63.55%
      13               8  6533      晶心科                 124.50         49.00    60.74%    205.00   211.00   202.00   202.50      260.00   266.50   256.00   263.50    +61.00   +30.12%
      14              12  2033      佳大                    0.00          0.00    60.55%     16.40    16.45    16.25    16.40       23.90    24.90    23.85    24.65     +8.25   +50.30%
      15              13  7711      永擎                  390.50        120.50    60.07%    353.50   353.50   338.00   338.50      570.00   625.00   567.00   610.00   +271.50   +80.21%
      16              39  7827      漢康-KY創               32.00         24.50    59.77%    160.50   173.50   160.50   169.00      153.00   153.00   151.00   152.00    -17.00   -10.06%
      17              20  6669      緯穎                 5915.00       2875.00    59.71%   4655.00  4745.00  4535.00  4545.00     2790.00  2875.00  2585.00  2610.00  -1935.00   -42.57%
      18              25  2421      建準                   40.50          0.00    59.47%    150.50   151.50   145.50   145.50      175.00   178.50   166.00   168.00    +22.50   +15.46%
      19              22  2466      冠西電                  10.50         11.50    58.83%     60.40    60.50    56.10    58.00      100.50   108.50    99.50   104.00    +46.00   +79.31%
      20              17  3406      玉晶光                 688.50        412.50    58.09%    740.00   785.00   733.00   759.00      970.00  1070.00   970.00  1050.00   +291.00   +38.34%
      21              53  6957      裕慶-KY                67.00         33.00    56.42%    190.00   197.50   189.50   194.00      220.50   222.00   218.00   218.00    +24.00   +12.37%
      22              19  6431      光麗-KY                 0.00          0.00    56.22%     18.25    18.25    18.10    18.25       19.45    19.80    19.40    19.60     +1.35    +7.40%
      23              27  1909      榮成                    0.00          0.00    56.12%      9.62     9.72     9.53     9.56       10.90    11.40    10.90    11.35     +1.79   +18.72%
      24              18  2880      華南金                   0.00          0.00    55.40%     36.55    38.00    36.50    38.00       41.95    43.00    41.50    43.00     +5.00   +13.16%
      25              21  1470      大統新創                  0.00          0.00    55.16%      0.00     0.00     0.00     0.00       23.75    24.30    23.70    24.30        --        --
      26              26  3008      大立光                5840.00       3240.00    54.38%   5040.00  5235.00  4875.00  5165.00     7470.00  7955.00  7460.00  7810.00  +2645.00   +51.21%
      27              34  2357      華碩                  550.00        291.00    54.31%    770.00   773.00   743.00   748.00     1000.00  1020.00   993.00  1010.00   +262.00   +35.03%
      28              16  1468      昶和                    0.00          0.00    54.31%     11.85    12.00    11.75    11.95       12.85    12.90    12.50    12.90     +0.95    +7.95%
      29            1345  6949      沛爾生醫-創              947.00        503.00    54.29%    870.00   900.00   845.00   879.00          --       --       --       --        --        --
      30              89  8464      億豐                   53.50         57.00    54.11%    352.00   363.50   349.50   355.50      369.00   374.50   369.00   372.50    +17.00    +4.78%
      31              24  911608    明輝-DR                 0.00          0.00    53.98%      3.00     3.01     2.92     2.95        2.60     2.75     2.60     2.72     -0.23    -7.80%
      32              64  6921      嘉雨思-創                 0.00          0.00    53.70%     71.00    75.00    69.00    69.70       63.20    63.90    63.00    63.90     -5.80    -8.32%
      33              32  8101      華冠                    0.00          0.00    53.67%     13.25    14.30    13.25    14.30       12.35    12.35    12.35    12.35     -1.95   -13.64%
      34              15  6214      精誠                   40.00          0.00    53.30%    131.50   131.50   129.00   129.50      181.50   183.50   181.50   183.00    +53.50   +41.31%
      35              91  2059      川湖                11945.00       5235.00    53.20%   7560.00  7795.00  7225.00  7315.00    14220.00 14220.00 13600.00 13865.00  +6550.00   +89.54%
      36              38  6934      心誠鎂                   0.00          0.00    53.13%     65.60    67.00    65.30    66.90       76.90    76.90    74.50    76.10     +9.20   +13.75%
      37              23  2464      盟立                   99.50         71.00    52.98%    175.50   175.50   167.00   169.50      181.50   202.00   181.50   202.00    +32.50   +19.17%
      38              67  3413      京鼎                  155.50        143.50    52.83%    314.00   314.00   307.00   309.00      284.00   289.50   283.50   285.50    -23.50    -7.61%
      39              42  1413      宏洲                    0.00          0.00    52.46%      9.36     9.38     9.36     9.37        9.15     9.15     8.95     9.08     -0.29    -3.09%
      40              28  5906      台南-KY                 0.00          0.00    52.39%     35.60    38.25    35.60    38.25       38.00    38.00    38.00    38.00     -0.25    -0.65%
==========================================================================================================================================================================
✅ 共 40 筆


══════════════════════════════════════════════════════════════════════════════════════════════════════════════
  🔄 第 24/45 次  2026/06/24 ～ 2026/09/01
══════════════════════════════════════════════════════════════════════════════════════════════════════════════

==========================================================================================================================================================================
📊 動能效率優先權分數排名 (2026/06/24 ~ 2026/09/01)
==========================================================================================================================================================================
    實資排名          累計天數排名  代號        名稱                 累計漲停(元)       累計跌停(元)       強度%  (06/24)開盤      最高      最低      收盤    (09/01)開盤      最高      最低      收盤      賺賠    賺賠率
--------------------------------------------------------------------------------------------------------------------------------------------------------------------------
       1               2  8039      台虹                  346.00        166.50   100.00%    143.00   151.00   142.50   148.00      328.00   334.50   309.50   319.00   +171.00  +115.54%
       2               1  9110      越南控-DR                0.00          0.00    80.62%      3.20     3.30     2.90     3.30        2.86     3.00     2.86     3.00     -0.30    -9.09%
       3               8  3055      蔚華科                 131.50        112.80    77.44%     89.10    99.90    88.50    99.90      119.00   132.50   119.00   129.50    +29.60   +29.63%
       4               4  8033      雷虎                  214.50        175.00    72.80%    139.00   144.00   137.50   140.00      187.00   187.00   183.00   185.50    +45.50   +32.50%
       5              16  1303      南亞                  207.50        152.50    69.92%    145.50   169.50   145.50   156.00      250.00   250.00   231.50   234.50    +78.50   +50.32%
       6               3  6141      柏承                    0.00          0.00    69.43%     35.00    38.75    35.00    38.75       58.90    59.90    57.20    58.00    +19.25   +49.68%
       7               6  2421      建準                   40.50          0.00    67.25%    145.00   150.00   144.00   150.00      182.00   184.00   175.00   177.00    +27.00   +18.00%
       8               5  2321      東訊                    0.00          0.00    66.76%     13.90    13.90    13.90    13.90       14.85    14.85    14.35    14.35     +0.45    +3.24%
       9               7  3593      力銘                    0.00          0.00    66.57%     15.00    15.60    15.00    15.60        0.00     0.00     0.00     0.00    -15.60  -100.00%
      10              11  3605      宏致                   23.50         24.00    65.09%     78.00    78.50    75.90    76.60      128.50   132.00   125.50   125.50    +48.90   +63.84%
      11               9  6933      AMAX-KY             227.00         30.50    64.98%    149.00   152.00   148.50   150.00      296.00   314.50   296.00   314.50   +164.50  +109.67%
      12              13  1709      和益                    0.00          0.00    61.69%     20.85    21.45    20.85    21.30       33.80    36.75    33.55    36.40    +15.10   +70.89%
      13              14  6669      緯穎                 5915.00       2945.00    61.04%   4600.00  4645.00  4530.00  4605.00     7115.00  7800.00  7050.00  7800.00  +3195.00   +69.38%
      14              43  7827      漢康-KY創               32.00         24.50    60.09%    161.00   162.50   158.00   160.00      153.00   155.00   152.00   154.00     -6.00    -3.75%
      15              12  2033      佳大                    0.00          0.00    60.07%     16.45    16.75    16.35    16.65       24.45    25.45    23.40    23.90     +7.25   +43.54%
      16              10  6533      晶心科                 124.50         49.00    60.04%    204.00   205.50   201.50   204.50      273.00   282.50   251.00   262.50    +58.00   +28.36%
      17              18  2466      冠西電                  10.50         11.50    59.14%     57.10    59.50    55.30    59.00       99.80   102.50    99.00    99.50    +40.50   +68.64%
      18            1216  6949      沛爾生醫-創              974.00        503.00    58.44%    834.00   860.00   809.00   860.00          --       --       --       --        --        --
      19              52  6957      裕慶-KY                67.00         33.00    57.91%    187.00   190.00   184.50   189.00      217.00   229.00   217.00   220.50    +31.50   +16.67%
      20              15  7711      永擎                  355.50        120.50    57.68%    331.00   350.00   331.00   348.50      535.00   580.00   533.00   575.00   +226.50   +64.99%
      21              19  6431      光麗-KY                 0.00          0.00    56.27%     18.35    18.90    18.25    18.25       19.90    19.90    19.60    19.60     +1.35    +7.40%
      22              25  8101      華冠                    0.00          0.00    56.23%     13.55    14.20    13.50    14.20       11.95    11.95    11.80    11.95     -2.25   -15.85%
      23              39  3017      奇鋐                 2895.00       1970.00    56.23%   2355.00  2590.00  2335.00  2530.00     3435.00  3465.00  3350.00  3410.00   +880.00   +34.78%
      24              23  1909      榮成                    0.00          0.00    55.91%      9.52     9.72     9.49     9.72       11.05    11.30    10.95    11.00     +1.28   +13.17%
      25              86  8464      億豐                   53.50         57.00    55.08%    343.50   353.00   341.00   348.50      370.00   375.00   370.00   372.50    +24.00    +6.89%
      26              21  1470      大統新創                  0.00          0.00    54.90%     22.20    22.20    22.20    22.20       24.85    24.85    24.85    24.85     +2.65   +11.94%
      27              22  2880      華南金                   0.00          0.00    54.85%     37.20    37.35    36.25    37.00       40.80    42.20    40.80    41.95     +4.95   +13.38%
      28              20  1468      昶和                    0.00          0.00    54.84%     11.85    11.90    11.75    11.85       13.00    13.05    12.75    13.00     +1.15    +9.70%
      29              31  3406      玉晶光                 643.50        412.50    54.83%    735.00   746.00   723.00   733.00     1005.00  1090.00   993.00  1005.00   +272.00   +37.11%
      30              54  6921      嘉雨思-創                 0.00          0.00    54.55%     70.00    74.90    68.70    71.00       63.60    64.50    63.60    64.50     -6.50    -9.15%
      31              89  2059      川湖                11975.00       4950.00    54.18%   7620.00  7620.00  7275.00  7505.00    14010.00 14740.00 14005.00 14150.00  +6645.00   +88.54%
      32              36  6934      心誠鎂                   0.00          0.00    54.18%     67.20    67.20    66.30    67.00       75.00    78.50    74.30    74.80     +7.80   +11.64%
      33              63  3413      京鼎                  155.50        143.50    53.93%    307.00   313.50   305.00   311.00      279.50   286.50   279.50   284.00    -27.00    -8.68%
      34              29  1413      宏洲                    0.00          0.00    53.86%      9.31     9.57     9.29     9.38        9.17     9.41     9.17     9.24     -0.14    -1.49%
      35              37  2008      高興昌                   0.00          0.00    53.73%     30.50    31.00    30.50    31.00       30.55    31.20    30.55    31.20     +0.20    +0.65%
      36              47  2357      華碩                  550.00        305.00    53.45%    775.00   783.00   764.00   771.00     1000.00  1025.00   987.00  1010.00   +239.00   +31.00%
      37              70  6782      視陽                   41.00          0.00    53.35%    194.00   195.50   192.00   194.50      254.00   256.00   247.00   249.50    +55.00   +28.28%
      38              44  3712      永崴投控                  0.00          0.00    53.27%     17.90    18.35    17.70    17.95       20.75    21.95    20.75    21.60     +3.65   +20.33%
      39              17  6214      精誠                   40.00          0.00    53.23%    129.50   131.00   127.50   131.00      182.50   184.00   179.00   182.50    +51.50   +39.31%
      40              35  3008      大立光                5610.00       3340.00    53.05%   4870.00  4985.00  4825.00  4900.00     7655.00  7995.00  7565.00  7580.00  +2680.00   +54.69%
==========================================================================================================================================================================
✅ 共 40 筆


══════════════════════════════════════════════════════════════════════════════════════════════════════════════
  🔄 第 25/45 次  2026/06/23 ～ 2026/08/31
══════════════════════════════════════════════════════════════════════════════════════════════════════════════

==========================================================================================================================================================================
📊 動能效率優先權分數排名 (2026/06/23 ~ 2026/08/31)
==========================================================================================================================================================================
    實資排名          累計天數排名  代號        名稱                 累計漲停(元)       累計跌停(元)       強度%  (06/23)開盤      最高      最低      收盤    (08/31)開盤      最高      最低      收盤      賺賠    賺賠率
--------------------------------------------------------------------------------------------------------------------------------------------------------------------------
       1               2  8039      台虹                  346.00        166.50   100.00%    154.00   154.00   144.00   145.50      343.00   347.00   309.50   327.00   +181.50  +124.74%
       2               1  9110      越南控-DR                0.00          0.00    78.64%      0.00     0.00     0.00     0.00        2.99     3.00     2.90     3.00        --        --
       3              12  3055      蔚華科                 131.50        112.80    72.46%     92.60    92.60    88.10    90.90      127.50   130.00   117.50   120.50    +29.60   +32.56%
       4               9  1303      南亞                  207.50        152.50    72.10%    157.00   165.00   153.00   154.50      224.00   242.50   223.50   242.50    +88.00   +56.96%
       5               6  8033      雷虎                  214.50        175.00    71.38%    147.00   147.00   140.00   141.00      187.50   192.50   187.00   187.00    +46.00   +32.62%
       6               4  2421      建準                   40.50          0.00    70.04%    151.00   151.00   145.50   146.50      163.50   179.50   163.00   179.50    +33.00   +22.53%
       7               3  2321      東訊                    0.00          0.00    67.74%     13.90    13.90    13.90    13.90       13.85    15.00    13.85    14.95     +1.05    +7.55%
       8               5  6141      柏承                    0.00          0.00    67.60%     37.30    37.30    34.70    35.25       58.10    59.50    55.10    58.90    +23.65   +67.09%
       9               8  3593      力銘                    0.00          0.00    66.60%     15.85    16.00    15.00    16.00       10.50    10.90    10.45    10.90     -5.10   -31.87%
      10              10  3605      宏致                   23.50         10.50    64.67%     81.00    82.40    78.00    79.00      128.50   141.00   127.50   139.00    +60.00   +75.95%
      11               7  6533      晶心科                 124.50         49.00    61.93%    210.00   212.00   205.00   206.50      262.50   262.50   254.00   261.00    +54.50   +26.39%
      12              11  2033      佳大                    0.00          0.00    59.91%     17.00    17.00    16.20    16.75       28.00    28.20    25.95    26.00     +9.25   +55.22%
      13              49  7827      漢康-KY創               32.00         24.50    58.89%    163.00   164.00   156.00   161.00      157.00   157.00   151.00   154.50     -6.50    -4.04%
      14              18  8046      南電                 1539.00       1343.00    58.30%    875.00   945.00   867.00   909.00     1220.00  1325.00  1155.00  1230.00   +321.00   +35.31%
      15              17  1709      和益                    0.00          0.00    57.62%     21.50    21.50    20.90    21.15       35.85    36.25    33.35    33.45    +12.30   +58.16%
      16              19  2466      冠西電                  10.50         11.50    56.49%     59.80    59.80    54.90    56.30      105.50   106.00    99.00    99.00    +42.70   +75.84%
      17              13  6431      光麗-KY                 0.00          0.00    56.43%     18.90    18.95    18.20    18.95       20.20    20.20    19.40    20.10     +1.15    +6.07%
      18              22  8101      華冠                    0.00          0.00    55.98%     13.65    13.75    13.65    13.75       12.40    12.40    12.40    12.40     -1.35    -9.82%
      19              67  6957      裕慶-KY                67.00         33.00    55.91%    190.50   190.50   186.00   187.00      227.00   227.00   218.00   219.50    +32.50   +17.38%
      20              27  3017      奇鋐                 2895.00       1955.00    55.55%   2455.00  2475.00  2400.00  2425.00     3280.00  3425.00  3250.00  3425.00  +1000.00   +41.24%
      21              15  1470      大統新創                  0.00          0.00    55.13%     22.20    22.65    22.20    22.65       23.75    24.05    23.45    24.05     +1.40    +6.18%
      22              31  6933      AMAX-KY             198.50         30.50    55.08%    156.50   156.50   150.50   152.50      284.00   286.00   283.00   286.00   +133.50   +87.54%
      23              24  3450      聯鈞                  637.50        592.50    54.86%    570.00   612.00   558.00   612.00      627.00   646.00   601.00   646.00    +34.00    +5.56%
      24              41  6782      視陽                   41.00          0.00    54.64%    198.50   198.50   194.00   194.00      241.50   254.50   239.00   254.50    +60.50   +31.19%
      25              14  1468      昶和                    0.00          0.00    54.61%     11.85    11.95    11.75    11.95       13.10    13.20    12.80    13.15     +1.20   +10.04%
      26              25  1909      榮成                    0.00          0.00    54.52%      9.90     9.94     9.56     9.64       10.75    11.30    10.75    11.10     +1.46   +15.15%
      27              87  8464      億豐                   53.50         57.00    54.31%    343.50   351.50   338.50   343.50      365.50   375.00   362.50   374.00    +30.50    +8.88%
      28              26  1413      宏洲                    0.00          0.00    54.09%      9.09     9.62     9.09     9.35        9.10     9.30     9.10     9.30     -0.05    -0.53%
      29              36  6669      緯穎                 5210.00       3125.00    53.83%   4930.00  4930.00  4675.00  4675.00     7100.00  7360.00  7035.00  7095.00  +2420.00   +51.76%
      30              21  2880      華南金                   0.00          0.00    53.55%     37.20    38.00    36.95    37.55       40.25    41.40    40.20    41.35     +3.80   +10.12%
      31              51  6921      嘉雨思-創                 0.00          0.00    53.32%     70.20    71.50    70.00    70.00       64.50    64.50    64.50    64.50     -5.50    -7.86%
      32            1168  6949      沛爾生醫-創              974.00        556.00    53.29%    887.00   889.00   819.00   833.00          --       --       --       --        --        --
      33              37  6934      心誠鎂                   0.00          0.00    53.08%     68.30    69.70    67.10    67.20       72.80    76.00    72.80    74.30     +7.10   +10.57%
      34              38  2008      高興昌                   0.00          0.00    52.83%     30.50    30.95    30.50    30.90       30.55    30.60    30.50    30.55     -0.35    -1.13%
      35              32  3406      玉晶光                 643.50        445.50    52.80%    795.00   795.00   738.00   741.00      916.00  1005.00   915.00  1005.00   +264.00   +35.63%
      36              30  8443      阿瘦                    0.00          0.00    52.76%     11.25    11.50    11.25    11.50       11.30    11.35    11.25    11.35     -0.15    -1.30%
      37              45  4190      佐登-KY                 0.00          0.00    52.52%     24.40    24.40    23.95    24.10       25.15    26.30    25.15    25.95     +1.85    +7.68%
      38              20  911608    明輝-DR                 0.00          0.00    52.41%      2.88     2.91     2.86     2.86        2.68     2.73     2.56     2.73     -0.13    -4.55%
      39              34  5906      台南-KY                 0.00          0.00    52.36%     38.25    38.80    35.75    38.50       37.00    38.00    37.00    38.00     -0.50    -1.30%
      40              90  2059      川湖                11975.00       4995.00    52.19%   7600.00  7695.00  7220.00  7475.00    14250.00 14310.00 13850.00 14180.00  +6705.00   +89.70%
==========================================================================================================================================================================
✅ 共 40 筆


══════════════════════════════════════════════════════════════════════════════════════════════════════════════
  🔄 第 26/45 次  2026/06/22 ～ 2026/08/28
══════════════════════════════════════════════════════════════════════════════════════════════════════════════

==========================================================================================================================================================================
📊 動能效率優先權分數排名 (2026/06/22 ~ 2026/08/28)
==========================================================================================================================================================================
    實資排名          累計天數排名  代號        名稱                 累計漲停(元)       累計跌停(元)       強度%  (06/22)開盤      最高      最低      收盤    (08/28)開盤      最高      最低      收盤      賺賠    賺賠率
--------------------------------------------------------------------------------------------------------------------------------------------------------------------------
       1               1  8039      台虹                  346.00        150.00   100.00%    146.00   155.50   146.00   153.00      363.50   364.00   335.00   343.50   +190.50  +124.51%
       2               3  8033      雷虎                  227.00        175.00    77.50%    137.00   142.00   137.00   142.00      202.00   205.50   183.50   189.50    +47.50   +33.45%
       3               2  9110      越南控-DR                0.00          0.00    75.06%      3.20     3.50     3.20     3.20        3.00     3.10     3.00     3.10     -0.10    -3.13%
       4              10  1303      南亞                  199.00        152.50    73.07%    152.50   152.50   152.50   152.50      230.50   238.50   219.00   220.50    +68.00   +44.59%
       5              23  3055      蔚華科                 131.50        112.80    70.81%     94.50    97.20    91.50    92.00      125.50   130.00   123.50   127.50    +35.50   +38.59%
       6               5  6141      柏承                    0.00          0.00    63.67%     36.20    37.15    35.35    35.60       54.00    59.50    53.70    58.20    +22.60   +63.48%
       7               7  2033      佳大                    0.00          0.00    62.24%     16.00    17.00    15.85    16.90       23.70    25.65    23.45    25.65     +8.75   +51.78%
       8               4  2321      東訊                    0.00          0.00    62.00%     13.90    13.95    13.80    13.90       13.65    13.65    13.65    13.65     -0.25    -1.80%
       9               8  3593      力銘                    0.00          0.00    61.78%     16.30    16.30    15.55    16.00       10.85    11.00    10.35    11.00     -5.00   -31.25%
      10               6  6533      晶心科                 124.50         49.00    60.59%    203.00   209.50   203.00   207.00      271.00   273.00   265.00   265.50    +58.50   +28.26%
      11              11  2466      冠西電                  10.50         11.50    59.55%     51.00    55.10    51.00    55.10      107.00   109.00   104.00   104.50    +49.40   +89.66%
      12              16  1709      和益                    0.00          0.00    56.78%     22.15    22.15    21.25    21.50       34.50    36.45    34.15    36.15    +14.65   +68.14%
      13              13  3605      宏致                   23.50         10.50    56.55%     82.40    83.50    80.00    80.20      121.00   131.00   118.00   131.00    +50.80   +63.34%
      14              48  7827      漢康-KY創               32.00         24.50    56.27%    163.00   164.00   148.50   159.00      161.00   161.50   152.50   159.50     +0.50    +0.31%
      15              20  2059      川湖                12660.00       4875.00    55.34%   7050.00  7550.00  7045.00  7550.00    14500.00 14595.00 14005.00 14300.00  +6750.00   +89.40%
      16              59  6957      裕慶-KY                67.00         23.50    55.01%    191.50   191.50   188.00   190.00      228.50   233.00   225.00   229.00    +39.00   +20.53%
      17              12  6431      光麗-KY                 0.00          0.00    54.45%     19.00    19.00    18.15    19.00       19.70    20.40    19.65    19.65     +0.65    +3.42%
      18              24  8101      華冠                    0.00          0.00    54.40%     13.55    14.45    13.55    13.75       12.45    12.45    12.40    12.40     -1.35    -9.82%
      19               9  2421      建準                   24.50          0.00    53.34%    147.50   150.50   145.50   150.00      161.50   165.00   157.00   163.50    +13.50    +9.00%
      20              14  1468      昶和                    0.00          0.00    52.58%     11.90    12.00    11.75    11.95       13.15    13.30    12.95    13.30     +1.35   +11.30%
      21              15  1470      大統新創                  0.00          0.00    52.42%     22.50    22.60    22.35    22.40       24.00    24.00    23.55    23.55     +1.15    +5.13%
      22              18  4169      泰宗                  133.00        140.50    52.13%    169.00   184.50   168.00   184.50      157.50   157.50   154.00   154.00    -30.50   -16.53%
      23              26  6933      AMAX-KY             172.50         30.50    51.93%    157.50   161.00   156.00   156.50      260.00   260.00   256.00   260.00   +103.50   +66.13%
      24              52  3017      奇鋐                 2850.00       1955.00    51.39%   2465.00  2490.00  2380.00  2420.00     3360.00  3450.00  3320.00  3360.00   +940.00   +38.84%
      25              17  6226      光鼎                    0.00          0.00    51.18%     12.50    12.70    12.30    12.50       33.90    34.00    33.75    34.00    +21.50  +172.00%
      26              29  1413      宏洲                    0.00          0.00    51.11%      9.42     9.44     9.28     9.38        9.32     9.33     9.18     9.31     -0.07    -0.75%
      27              38  6669      緯穎                 5210.00       3020.00    50.90%   4985.00  4990.00  4855.00  4855.00     6965.00  7245.00  6835.00  7200.00  +2345.00   +48.30%
      28              55  6921      嘉雨思-創                 0.00          0.00    50.68%     71.50    71.60    70.00    70.20       66.30    67.00    65.90    65.90     -4.30    -6.13%
      29              31  8443      阿瘦                    0.00          0.00    50.66%     11.40    11.50    11.40    11.40       11.35    11.35    11.25    11.25     -0.15    -1.32%
      30              84  6672      騰輝電子-KY             157.00        158.00    50.63%    260.00   263.50   244.50   255.50      283.50   294.50   282.00   289.50    +34.00   +13.31%
      31              34  1909      榮成                    0.00          0.00    50.56%     10.15    10.20     9.91     9.95       10.85    10.95    10.75    10.85     +0.90    +9.05%
      32              32  3450      聯鈞                  626.50        592.50    50.55%    573.00   600.00   549.00   557.00      586.00   635.00   576.00   635.00    +78.00   +14.00%
      33              44  2008      高興昌                   0.00          0.00    50.07%     31.50    31.50    30.55    30.80       30.50    30.55    30.50    30.55     -0.25    -0.81%
      34              28  2880      華南金                   0.00          0.00    49.75%     38.45    38.50    37.05    37.60       39.35    41.20    39.35    40.25     +2.65    +7.05%
      35              75  3413      京鼎                  155.50        143.50    49.68%    327.50   331.00   319.00   321.00      289.00   289.50   286.00   287.50    -33.50   -10.44%
      36              27  7795      長廣                  641.00        526.50    49.67%    425.00   451.00   421.00   451.00      562.00   585.00   547.00   564.00   +113.00   +25.06%
      37            1097  6949      沛爾生醫-創              974.00        581.00    49.62%    911.00   915.00   857.00   886.00          --       --       --       --        --        --
      38              19  911608    明輝-DR                 0.00          0.00    49.56%      2.93     2.93     2.91     2.91        2.61     2.69     2.61     2.68     -0.23    -7.90%
      39              42  3712      永崴投控                  0.00          0.00    49.24%     17.60    18.30    17.60    18.05       21.85    21.85    20.55    20.75     +2.70   +14.96%
      40              46  911622    泰聚亨-DR                0.00          0.00    49.19%      3.76     3.85     3.76     3.85        3.62     3.62     3.62     3.62     -0.23    -5.97%
==========================================================================================================================================================================
✅ 共 40 筆


══════════════════════════════════════════════════════════════════════════════════════════════════════════════
  🔄 第 27/45 次  2026/06/18 ～ 2026/08/27
══════════════════════════════════════════════════════════════════════════════════════════════════════════════

==========================================================================================================================================================================
📊 動能效率優先權分數排名 (2026/06/18 ~ 2026/08/27)
==========================================================================================================================================================================
    實資排名          累計天數排名  代號        名稱                 累計漲停(元)       累計跌停(元)       強度%  (06/18)開盤      最高      最低      收盤    (08/27)開盤      最高      最低      收盤      賺賠    賺賠率
--------------------------------------------------------------------------------------------------------------------------------------------------------------------------
       1               1  8039      台虹                  346.00        150.00   100.00%    147.00   149.00   143.50   145.50      340.50   352.50   340.00   352.50   +207.00  +142.27%
       2               6  1303      南亞                  211.50        152.50    79.39%    139.00   139.00   135.00   139.00      211.00   227.50   206.00   227.50    +88.50   +63.67%
       3               3  8033      雷虎                  227.00        165.50    77.17%    128.00   130.00   125.50   129.50      193.00   211.50   192.00   199.00    +69.50   +53.67%
       4               2  9110      越南控-DR                0.00          0.00    69.94%      3.40     3.40     3.30     3.40        3.10     3.14     3.10     3.14     -0.26    -7.65%
       5              34  3055      蔚華科                 131.50        112.80    66.70%     89.80    95.00    86.80    91.10      131.00   131.50   122.00   124.50    +33.40   +36.66%
       6               8  4169      泰宗                  148.00        140.50    60.04%    156.00   168.00   156.00   168.00      157.00   158.00   156.50   156.50    -11.50    -6.85%
       7               9  3593      力銘                    0.00          0.00    59.15%     15.25    16.05    15.25    16.05       11.00    11.20    10.85    11.20     -4.85   -30.22%
       8               4  2321      東訊                    0.00          0.00    58.62%     13.80    14.05    13.80    14.05       14.75    14.75    14.75    14.75     +0.70    +4.98%
       9               5  6533      晶心科                 124.50         49.00    58.12%    201.00   204.50   201.00   201.50      268.50   274.00   266.00   268.50    +67.00   +33.25%
      10              15  2059      川湖                12905.00       4835.00    56.78%   6640.00  6895.00  6620.00  6865.00    14695.00 14815.00 14085.00 14340.00  +7475.00  +108.89%
      11              12  2466      冠西電                  10.50         11.50    56.77%     49.50    50.20    49.30    50.10      105.00   111.00   104.50   105.50    +55.40  +110.58%
      12               7  6141      柏承                    0.00          0.00    56.48%     35.10    35.50    34.20    34.85       53.50    55.40    50.00    54.90    +20.05   +57.53%
      13              11  2033      佳大                    0.00          0.00    55.47%     15.60    15.75    15.55    15.75       22.95    23.90    22.90    23.35     +7.60   +48.25%
      14              50  7827      漢康-KY創               32.00         24.50    52.37%    165.00   168.00   161.00   164.50      159.00   164.50   156.00   162.00     -2.50    -1.52%
      15              33  6672      騰輝電子-KY             176.00        158.00    51.82%    231.50   249.00   231.50   245.50      279.00   285.50   275.00   281.50    +36.00   +14.66%
      16              13  6431      光麗-KY                 0.00          0.00    51.07%     19.00    19.35    18.15    19.35       19.65    20.30    19.55    20.30     +0.95    +4.91%
      17              24  8101      華冠                    0.00          0.00    51.03%     14.20    14.45    14.20    14.45       12.80    12.80    12.80    12.80     -1.65   -11.42%
      18              23  1709      和益                    0.00          0.00    50.95%     21.20    21.55    20.95    21.25       37.35    37.70    33.80    34.15    +12.90   +60.71%
      19              38  6446      藥華藥                1520.00        725.00    50.75%   1020.00  1075.00  1015.00  1060.00     1600.00  1640.00  1560.00  1560.00   +500.00   +47.17%
      20              65  6957      裕慶-KY                67.00         23.50    50.52%    190.50   190.50   186.50   189.50      220.50   227.50   218.50   225.00    +35.50   +18.73%
      21              10  2464      盟立                   99.50         40.00    50.38%    168.00   175.50   166.50   172.00      194.50   211.00   194.50   211.00    +39.00   +22.67%
      22              25  7795      長廣                  632.00        526.50    50.26%    400.00   413.00   395.00   410.00      580.00   588.00   526.00   545.00   +135.00   +32.93%
      23              26  3605      宏致                   12.00         10.50    49.33%     77.30    82.60    77.30    80.50      111.50   121.50   111.50   119.50    +39.00   +48.45%
      24              17  1470      大統新創                  0.00          0.00    48.92%      0.00     0.00     0.00     0.00       23.65    24.35    23.65    24.35        --        --
      25              27  3450      聯鈞                  620.50        592.50    48.52%    521.00   565.00   520.00   565.00      580.00   598.00   567.00   578.00    +13.00    +2.30%
      26              19  1468      昶和                    0.00          0.00    48.27%     11.90    12.00    11.70    12.00       13.10    13.35    12.95    13.30     +1.30   +10.83%
      27              29  6933      AMAX-KY             149.00         30.50    47.96%    156.00   159.50   155.00   157.00      236.50   236.50   236.50   236.50    +79.50   +50.64%
      28              39  3017      奇鋐                 2865.00       1955.00    47.84%   2400.00  2425.00  2365.00  2400.00     3305.00  3440.00  3265.00  3340.00   +940.00   +39.17%
      29              14  2421      建準                   24.50          0.00    47.77%    145.00   146.00   144.00   145.00      153.00   166.00   152.00   159.50    +14.50   +10.00%
      30              49  6921      嘉雨思-創                 0.00          0.00    47.48%     70.00    71.50    70.00    71.50       65.80    67.40    65.80    67.40     -4.10    -5.73%
      31              37  1413      宏洲                    0.00          0.00    47.09%      9.40     9.45     9.38     9.44        9.36     9.36     9.32     9.32     -0.12    -1.27%
      32              30  1909      榮成                    0.00          0.00    47.07%     10.00    10.25     9.95    10.20       10.95    11.05    10.85    10.90     +0.70    +6.86%
      33              36  8443      阿瘦                    0.00          0.00    46.93%     11.35    11.40    11.35    11.40       11.40    11.40    11.40    11.40     +0.00    +0.00%
      34              21  6226      光鼎                    0.00          0.00    46.70%     12.45    12.60    12.30    12.40       30.95    30.95    29.45    30.95    +18.55  +149.60%
      35              16  2207      和泰車                 124.00         59.00    46.60%    460.00   482.00   460.00   482.00      523.00   533.00   523.00   527.00    +45.00    +9.34%
      36              46  3712      永崴投控                  0.00          0.00    46.15%     18.00    18.05    17.65    17.65       21.50    22.10    21.20    21.65     +4.00   +22.66%
      37              41  2008      高興昌                   0.00          0.00    46.14%     30.50    30.80    30.50    30.80       30.55    30.95    30.50    30.50     -0.30    -0.97%
      38              58  3413      京鼎                  155.50        143.50    45.90%    322.00   328.50   320.50   324.50      288.50   291.00   286.50   287.50    -37.00   -11.40%
      39              48  6934      心誠鎂                   0.00          0.00    45.80%     68.30    74.80    68.00    71.30       71.80    74.50    71.80    72.40     +1.10    +1.54%
      40              47  8462      柏文                    9.50          0.00    45.74%    138.00   140.00   137.50   139.00      176.00   176.00   173.00   174.00    +35.00   +25.18%
==========================================================================================================================================================================
✅ 共 40 筆


══════════════════════════════════════════════════════════════════════════════════════════════════════════════
  🔄 第 28/45 次  2026/06/17 ～ 2026/08/26
══════════════════════════════════════════════════════════════════════════════════════════════════════════════

==========================================================================================================================================================================
📊 動能效率優先權分數排名 (2026/06/17 ~ 2026/08/26)
==========================================================================================================================================================================
    實資排名          累計天數排名  代號        名稱                 累計漲停(元)       累計跌停(元)       強度%  (06/17)開盤      最高      最低      收盤    (08/26)開盤      最高      最低      收盤      賺賠    賺賠率
--------------------------------------------------------------------------------------------------------------------------------------------------------------------------
       1               1  8039      台虹                  314.00        150.00   100.00%    141.50   150.00   139.00   146.00      302.00   320.50   294.00   320.50   +174.50  +119.52%
       2               3  1303      南亞                  202.50        152.50    92.08%    114.50   126.50   113.50   126.50      186.50   207.00   186.50   207.00    +80.50   +63.64%
       3               4  8033      雷虎                  227.00        165.50    76.48%    125.00   131.00   124.00   127.50      182.00   196.50   182.00   192.50    +65.00   +50.98%
       4              20  3055      蔚華科                 131.50        112.80    69.70%     84.90    87.50    83.20    86.80      118.50   127.00   115.50   127.00    +40.20   +46.31%
       5               2  9110      越南控-DR                0.00          0.00    69.39%      3.50     3.50     3.34     3.50        2.88     3.05     2.88     3.05     -0.45   -12.86%
       6               8  4169      泰宗                  148.00        140.50    59.79%    152.50   154.00   152.00   153.00      156.50   158.50   156.00   156.00     +3.00    +1.96%
       7              14  6446      藥華藥                1539.00        700.00    59.19%    989.00  1020.00   984.00  1010.00     1520.00  1600.00  1515.00  1585.00   +575.00   +56.93%
       8               5  2321      東訊                    0.00          0.00    58.62%     13.30    13.85    13.20    13.50       14.75    14.75    14.75    14.75     +1.25    +9.26%
       9               6  6533      晶心科                 124.50         49.00    58.20%    198.00   202.00   197.50   201.50      251.50   273.00   249.00   269.00    +67.50   +33.50%
      10              10  3593      力銘                    0.00          0.00    57.52%     16.25    16.25    15.80    16.10       10.95    11.00    10.80    11.00     -5.10   -31.68%
      11               9  2466      冠西電                  10.50         11.50    57.22%     47.70    51.00    47.50    49.30      104.00   109.00   102.50   105.00    +55.70  +112.98%
      12               7  6141      柏承                    0.00          0.00    55.73%     34.25    36.40    33.55    35.10       46.00    50.40    45.20    50.40    +15.30   +43.59%
      13              11  2033      佳大                    0.00          0.00    54.31%     15.55    15.65    15.45    15.65       23.70    24.25    22.75    23.00     +7.35   +46.96%
      14              12  1709      和益                    0.00          0.00    53.63%     20.80    20.95    20.65    20.95       35.00    37.10    33.15    37.10    +16.15   +77.09%
      15              17  7795      長廣                  632.00        491.50    52.52%    395.00   407.50   375.00   400.00      560.00   604.00   560.00   580.00   +180.00   +45.00%
      16              25  2059      川湖                12905.00       4865.00    52.29%   6520.00  6770.00  6480.00  6620.00    14295.00 14590.00 13855.00 14510.00  +7890.00  +119.18%
      17              13  2379      瑞昱                  572.00        471.00    51.77%    677.00   745.00   662.00   745.00      729.00   738.00   722.00   734.00    -11.00    -1.48%
      18              34  6672      騰輝電子-KY             176.00        158.00    51.46%    221.00   229.00   221.00   226.50      272.00   281.50   270.00   276.50    +50.00   +22.08%
      19              29  8101      華冠                    0.00          0.00    50.09%     14.20    14.20    14.20    14.20       13.20    13.25    12.70    12.70     -1.50   -10.56%
      20              76  7827      漢康-KY創               32.00         24.50    49.94%    170.00   174.50   166.50   166.50      160.00   164.50   160.00   164.00     -2.50    -1.50%
      21              47  8016      矽創                  168.50        151.00    49.31%    277.50   297.00   277.50   295.50      295.00   296.50   291.00   296.00     +0.50    +0.17%
      22              16  6431      光麗-KY                 0.00          0.00    48.53%     19.50    19.50    18.80    19.35       19.05    20.30    19.00    20.30     +0.95    +4.91%
      23              26  3450      聯鈞                  620.50        592.50    48.45%    503.00   525.00   492.00   514.00      528.00   584.00   527.00   574.00    +60.00   +11.67%
      24              30  3605      宏致                   12.00         10.50    48.16%     72.20    78.30    71.80    77.10      114.50   115.00   111.00   112.00    +34.90   +45.27%
      25             108  6957      裕慶-KY                67.00         23.50    47.92%    192.50   193.50   190.50   191.00      221.00   222.00   217.00   218.50    +27.50   +14.40%
      26              91  4764      雙鍵                  272.00        342.00    47.80%    296.00   322.50   292.50   316.00      212.00   233.00   210.50   233.00    -83.00   -26.27%
      27              18  1470      大統新創                  0.00          0.00    47.68%     22.30    22.85    22.30    22.85       23.45    24.65    23.45    24.50     +1.65    +7.22%
      28              15  3653      健策                 4775.00       2960.00    47.41%   3730.00  3990.00  3720.00  3990.00     5155.00  5725.00  5140.00  5725.00  +1735.00   +43.48%
      29              28  6933      AMAX-KY             127.50         30.50    47.25%    153.50   156.00   153.50   155.00      199.00   215.00   197.50   215.00    +60.00   +38.71%
      30              21  1468      昶和                    0.00          0.00    46.92%     11.90    12.00    11.75    12.00       12.95    13.25    12.70    13.25     +1.25   +10.42%
      31              22  6226      光鼎                    0.00          0.00    46.69%     12.05    12.75    12.00    12.40       27.80    28.15    27.70    28.15    +15.75  +127.02%
      32              44  3017      奇鋐                 2680.00       1955.00    46.22%   2365.00  2440.00  2330.00  2365.00     2880.00  3155.00  2850.00  3155.00   +790.00   +33.40%
      33              39  1413      宏洲                    0.00          0.00    46.00%      9.43     9.43     9.36     9.40        9.30     9.48     9.25     9.41     +0.01    +0.11%
      34              35  1909      榮成                    0.00          0.00    45.93%     10.10    10.25    10.00    10.05       11.00    11.20    10.90    11.00     +0.95    +9.45%
      35              38  8443      阿瘦                    0.00          0.00    45.79%     11.40    11.45    11.40    11.40       11.30    11.40    11.30    11.40     +0.00    +0.00%
      36              64  6921      嘉雨思-創                 0.00          0.00    45.42%     70.00    70.00    69.10    70.00       67.30    67.30    66.30    66.30     -3.70    -5.29%
      37              32  2880      華南金                   0.00          0.00    45.28%     36.95    38.60    36.95    38.10       39.60    40.10    39.25    39.60     +1.50    +3.94%
      38              33  3034      聯詠                  284.50        203.00    45.24%    495.50   519.00   492.00   515.00      556.00   567.00   550.00   557.00    +42.00    +8.16%
      39              41  8462      柏文                    9.50          0.00    45.16%    145.50   146.00   144.00   144.50      174.50   177.00   174.00   175.50    +31.00   +21.45%
      40              42  2008      高興昌                   0.00          0.00    45.03%     30.50    31.00    30.50    30.50       30.50    31.15    30.50    31.10     +0.60    +1.97%
==========================================================================================================================================================================
✅ 共 40 筆


══════════════════════════════════════════════════════════════════════════════════════════════════════════════
  🔄 第 29/45 次  2026/06/16 ～ 2026/08/24
══════════════════════════════════════════════════════════════════════════════════════════════════════════════

==========================================================================================================================================================================
📊 動能效率優先權分數排名 (2026/06/16 ~ 2026/08/24)
==========================================================================================================================================================================
    實資排名          累計天數排名  代號        名稱                 累計漲停(元)       累計跌停(元)       強度%  (06/16)開盤      最高      最低      收盤    (08/24)開盤      最高      最低      收盤      賺賠    賺賠率
--------------------------------------------------------------------------------------------------------------------------------------------------------------------------
       1               1  8039      台虹                  285.00        150.00   100.00%    150.00   151.00   141.00   141.50      282.00   295.00   265.00   265.00   +123.50   +87.28%
       2              13  1303      南亞                  184.00        152.50    91.04%    120.50   123.00   114.00   115.00      189.00   190.00   179.00   180.00    +65.00   +56.52%
       3               5  8033      雷虎                  213.50        165.50    78.69%    129.00   129.00   124.50   125.00      188.00   188.00   184.50   185.00    +60.00   +48.00%
       4               2  9110      越南控-DR                0.00          0.00    73.28%      3.55     3.55     3.31     3.50        2.91     3.07     2.91     3.07     -0.43   -12.29%
       5               7  6446      藥華藥                1483.00        700.00    73.09%    961.00   997.00   952.00   991.00     1420.00  1490.00  1405.00  1475.00   +484.00   +48.84%
       6              33  3055      蔚華科                 120.00        112.80    73.04%     85.20    87.40    83.20    85.10      109.50   111.50   107.00   109.50    +24.40   +28.67%
       7               4  2379      瑞昱                  616.00        471.00    69.65%    640.00   678.00   631.00   678.00      713.00   725.00   706.00   716.00    +38.00    +5.60%
       8              12  4169      泰宗                  148.00        140.50    65.74%    156.50   156.50   151.50   152.50      158.50   161.00   156.50   157.00     +4.50    +2.95%
       9               3  2321      東訊                    0.00          0.00    65.43%     13.70    13.70    13.70    13.70       15.00    15.00    15.00    15.00     +1.30    +9.49%
      10               6  7795      長廣                  620.50        491.50    64.96%    381.00   408.00   377.50   393.50      568.00   610.00   565.00   568.00   +174.50   +44.35%
      11              10  3593      力銘                    0.00          0.00    63.68%     16.00    16.40    15.80    15.80       11.00    11.00    10.80    11.00     -4.80   -30.38%
      12              11  2466      冠西電                  10.50         11.50    63.23%     48.40    48.90    47.50    47.85      104.50   106.00   101.00   101.00    +53.15  +111.08%
      13              40  4764      雙鍵                  278.50        342.00    62.43%    284.00   305.50   279.50   305.50      217.00   220.00   206.50   206.50    -99.00   -32.41%
      14               9  2033      佳大                    0.00          0.00    61.45%     16.00    16.00    15.60    15.65       21.90    22.35    21.40    22.00     +6.35   +40.58%
      15              16  8101      華冠                    0.00          0.00    58.56%     14.95    15.00    14.95    15.00       14.20    14.20    14.00    14.20     -0.80    -5.33%
      16               8  6533      晶心科                 107.00         49.00    58.15%    209.50   209.50   201.50   201.50      248.50   250.50   245.00   246.50    +45.00   +22.33%
      17              14  1709      和益                    0.00          0.00    57.51%     21.15    21.50    20.70    20.80       34.25    36.30    33.55    34.65    +13.85   +66.59%
      18              49  7827      漢康-KY創               32.00         24.50    56.79%    165.50   172.00   162.00   169.50      161.50   161.50   155.50   159.00    -10.50    -6.19%
      19              57  8016      矽創                  168.50        151.00    56.10%    278.00   281.00   270.00   278.50      295.50   299.00   293.50   295.50    +17.00    +6.10%
      20              15  6141      柏承                    0.00          0.00    55.72%     38.75    38.75    35.50    35.60       45.80    47.25    43.05    46.05    +10.45   +29.35%
      21              73  6957      裕慶-KY                67.00         23.50    55.45%    193.50   194.50   192.00   193.00      217.00   219.00   215.00   215.50    +22.50   +11.66%
      22              37  2059      川湖                12680.00       5175.00    54.84%   7040.00  7050.00  6605.00  6650.00    13650.00 14720.00 13650.00 14410.00  +7760.00  +116.69%
      23              32  3605      宏致                   12.00         10.50    54.65%     74.70    74.90    72.30    72.30      109.00   119.00   108.50   115.50    +43.20   +59.75%
      24              27  1909      榮成                    0.00          0.00    53.43%      9.90    10.30     9.82    10.05       11.20    11.30    10.90    10.95     +0.90    +8.96%
      25              48  6921      嘉雨思-創                 0.00          0.00    53.25%     69.40    70.00    69.20    70.00       70.60    70.60    68.60    68.90     -1.10    -1.57%
      26              22  2880      華南金                   0.00          0.00    52.99%     36.70    37.60    36.55    37.45       39.50    40.25    39.15    39.25     +1.80    +4.81%
      27              23  6431      光麗-KY                 0.00          0.00    52.99%     19.40    19.45    18.85    19.45       20.25    20.25    19.60    19.70     +0.25    +1.29%
      28              21  1468      昶和                    0.00          0.00    52.94%     11.95    12.00    11.80    11.95       13.10    13.25    12.90    13.20     +1.25   +10.46%
      29              25  1470      大統新創                  0.00          0.00    52.68%     23.00    23.00    22.90    22.90       23.35    23.85    23.25    23.80     +0.90    +3.93%
      30              28  8443      阿瘦                    0.00          0.00    52.36%     11.40    11.45    11.40    11.40       11.30    11.35    11.30    11.35     -0.05    -0.44%
      31              61  6949      沛爾生醫-創             1010.00        581.00    52.33%    748.00   814.00   743.00   814.00     1180.00  1260.00  1165.00  1235.00   +421.00   +51.72%
      32              26  6226      光鼎                    0.00          0.00    52.32%     12.30    12.35    12.05    12.05       21.20    23.30    21.00    23.30    +11.25   +93.36%
      33              30  3034      聯詠                  284.50        203.00    52.18%    498.00   504.00   493.00   500.00      530.00   545.00   528.00   542.00    +42.00    +8.40%
      34              39  911622    泰聚亨-DR                0.00          0.00    52.11%      3.70     3.75     3.70     3.75        3.65     3.69     3.59     3.65     -0.10    -2.67%
      35              38  1413      宏洲                    0.00          0.00    51.66%      9.63     9.67     9.43     9.43        9.39     9.39     9.39     9.39     -0.04    -0.42%
      36              47  3413      京鼎                  155.50        143.50    51.52%    323.00   327.00   318.00   326.50      285.00   288.50   284.00   284.50    -42.00   -12.86%
      37              31  8462      柏文                    9.50          0.00    51.51%    146.50   147.00   144.50   146.00      175.50   175.50   173.50   175.50    +29.50   +20.21%
      38              19  2207      和泰車                 124.00         59.00    51.44%    464.00   468.50   455.00   468.50      518.00   527.00   517.00   522.00    +53.50   +11.42%
      39              36  2008      高興昌                   0.00          0.00    51.25%     30.80    30.85    30.35    30.85       30.60    30.70    30.50    30.50     -0.35    -1.13%
      40              51  6934      心誠鎂                   0.00          0.00    50.93%     68.80    70.00    67.60    67.60       72.00    75.00    72.00    73.10     +5.50    +8.14%
==========================================================================================================================================================================
✅ 共 40 筆


══════════════════════════════════════════════════════════════════════════════════════════════════════════════
  🔄 第 30/45 次  2026/06/15 ～ 2026/08/21
══════════════════════════════════════════════════════════════════════════════════════════════════════════════

==========================================================================================================================================================================
📊 動能效率優先權分數排名 (2026/06/15 ~ 2026/08/21)
==========================================================================================================================================================================
    實資排名          累計天數排名  代號        名稱                 累計漲停(元)       累計跌停(元)       強度%  (06/15)開盤      最高      最低      收盤    (08/21)開盤      最高      最低      收盤      賺賠    賺賠率
--------------------------------------------------------------------------------------------------------------------------------------------------------------------------
       1               2  1303      南亞                  194.50        140.50   100.00%    108.50   117.00   106.50   117.00      188.50   193.50   185.00   192.00    +75.00   +64.10%
       2               1  8039      台虹                  285.00        133.00    93.70%    153.00   153.50   147.50   147.50      274.00   306.00   261.00   282.00   +134.50   +91.19%
       3               6  8033      雷虎                  213.50        165.50    72.88%    131.00   131.00   128.00   129.00      190.50   190.50   185.00   185.50    +56.50   +43.80%
       4               5  2379      瑞昱                  632.00        471.00    71.93%    639.00   644.00   616.00   634.00      703.00   729.00   703.00   714.00    +80.00   +12.62%
       5              18  4764      雙鍵                  293.50        329.50    68.69%    271.50   284.50   267.50   278.00      211.00   231.50   209.50   219.00    -59.00   -21.22%
       6              39  3055      蔚華科                 120.00        112.80    67.07%     84.60    85.40    82.80    83.10      110.50   112.50   108.00   108.50    +25.40   +30.57%
       7               3  9110      越南控-DR                0.00          0.00    66.01%      3.55     3.55     3.54     3.55        0.00     0.00     0.00     0.00     -3.55  -100.00%
       8              22  6446      藥華藥                1408.00        700.00    65.35%    964.00   976.00   948.00   952.00     1375.00  1410.00  1360.00  1400.00   +448.00   +47.06%
       9              16  4169      泰宗                  148.00        140.50    61.27%    153.50   153.50   151.50   152.00      164.00   174.00   163.00   163.00    +11.00    +7.24%
      10               4  2321      東訊                    0.00          0.00    60.72%     13.70    13.70    13.60    13.60       13.95    15.70    13.95    15.40     +1.80   +13.24%
      11               9  3593      力銘                    0.00          0.00    60.70%     16.05    16.65    15.75    16.65       11.35    11.35    11.35    11.35     -5.30   -31.83%
      12              11  7795      長廣                  620.50        491.50    60.55%    376.00   382.50   372.50   376.00      552.00   565.00   534.00   565.00   +189.00   +50.27%
      13              10  2466      冠西電                  10.50         11.50    60.14%     48.00    49.00    47.30    47.95       97.90   105.50    96.10   104.00    +56.05  +116.89%
      14              12  2033      佳大                    0.00          0.00    56.98%     15.95    15.95    15.65    15.80       22.70    22.90    22.00    22.00     +6.20   +39.24%
      15               7  3008      大立光                4855.00       3240.00    56.67%   4080.00  4420.00  4035.00  4420.00     5520.00  5750.00  5260.00  5610.00  +1190.00   +26.92%
      16               8  6533      晶心科                 107.00         49.00    55.28%    205.00   209.50   202.50   206.50      245.00   250.00   243.00   250.00    +43.50   +21.07%
      17              19  8101      華冠                    0.00          0.00    54.80%     15.05    15.05    15.00    15.00       11.80    13.25    11.80    13.15     -1.85   -12.33%
      18              40  7827      漢康-KY創               32.00         24.50    54.52%    160.50   165.50   159.00   163.50      159.50   165.50   158.00   161.00     -2.50    -1.53%
      19              21  3450      聯鈞                  625.50        548.50    54.37%    489.00   507.00   489.00   507.00      558.00   578.00   541.00   551.00    +44.00    +8.68%
      20              25  2408      南亞科                 594.00        447.00    53.30%    391.00   399.50   382.00   395.50      519.00   534.00   512.00   528.00   +132.50   +33.50%
      21              17  1709      和益                    0.00          0.00    53.04%     21.50    21.55    21.00    21.15       30.80    33.30    30.60    33.30    +12.15   +57.45%
      22              66  6957      裕慶-KY                67.00         23.50    53.01%    190.00   194.00   189.50   192.50      217.50   219.00   215.00   216.00    +23.50   +12.21%
      23              14  6431      光麗-KY                 0.00          0.00    52.39%     18.70    19.50    17.90    19.50       19.70    20.30    19.20    20.30     +0.80    +4.10%
      24              13  6141      柏承                    0.00          0.00    52.23%     35.25    35.25    35.25    35.25       43.25    46.80    42.30    45.40    +10.15   +28.79%
      25              90  8016      矽創                  168.50        151.00    52.20%    278.50   287.00   274.00   274.00      292.00   299.50   289.50   296.00    +22.00    +8.03%
      26              24  1909      榮成                    0.00          0.00    51.15%      9.87    10.05     9.87     9.87       11.10    11.20    11.00    11.20     +1.33   +13.48%
      27              29  3413      京鼎                  170.00        143.50    50.71%    314.50   329.50   310.50   322.00      286.50   288.00   283.50   284.50    -37.50   -11.65%
      28              88  6949      沛爾生醫-創              953.00        581.00    50.31%    733.00   746.00   705.00   740.00     1140.00  1190.00  1140.00  1155.00   +415.00   +56.08%
      29              23  1468      昶和                    0.00          0.00    50.27%     11.85    12.05    11.70    12.05       13.05    13.25    12.80    13.25     +1.20    +9.96%
      30              64  6921      嘉雨思-創                 0.00          0.00    49.85%     71.00    71.70    68.50    68.50       70.50    70.50    69.70    69.70     +1.20    +1.75%
      31              30  2880      華南金                   0.00          0.00    49.49%     37.50    37.50    36.10    36.70       38.65    39.80    38.60    39.60     +2.90    +7.90%
      32              33  3712      永崴投控                  0.00          0.00    49.49%     17.35    17.95    17.35    17.95       20.50    20.70    20.25    20.65     +2.70   +15.04%
      33              51  3605      宏致                   12.00         10.50    49.39%     74.30    75.90    73.50    74.20      109.00   111.00   106.50   108.50    +34.30   +46.23%
      34              15  2615      萬海                   11.00          0.00    49.39%     87.40    87.80    83.50    83.50      113.00   124.50   111.50   124.50    +41.00   +49.10%
      35              32  8443      阿瘦                    0.00          0.00    49.30%     11.40    11.45    11.40    11.40       11.35    11.40    11.30    11.40     +0.00    +0.00%
      36              28  1470      大統新創                  0.00          0.00    49.08%      0.00     0.00     0.00     0.00       23.70    23.70    23.70    23.70        --        --
      37              41  1413      宏洲                    0.00          0.00    48.58%      9.65     9.65     9.51     9.58        9.22     9.38     9.20     9.37     -0.21    -2.19%
      38             308  2493      揚博                  287.00        293.00    48.50%    227.50   227.50   227.50   227.50      183.50   183.50   176.50   176.50    -51.00   -22.42%
      39              61  911622    泰聚亨-DR                0.00          0.00    48.27%      3.90     3.90     3.74     3.79        3.54     3.69     3.54     3.69     -0.10    -2.64%
      40              36  8462      柏文                    9.50          0.00    48.24%    147.00   147.00   144.50   145.00      175.00   176.00   173.50   175.50    +30.50   +21.03%
==========================================================================================================================================================================
✅ 共 40 筆


══════════════════════════════════════════════════════════════════════════════════════════════════════════════
  🔄 第 31/45 次  2026/06/12 ～ 2026/08/19
══════════════════════════════════════════════════════════════════════════════════════════════════════════════

==========================================================================================================================================================================
📊 動能效率優先權分數排名 (2026/06/12 ~ 2026/08/19)
==========================================================================================================================================================================
    實資排名          累計天數排名  代號        名稱                 累計漲停(元)       累計跌停(元)       強度%  (06/12)開盤      最高      最低      收盤    (08/19)開盤      最高      最低      收盤      賺賠    賺賠率
--------------------------------------------------------------------------------------------------------------------------------------------------------------------------
       1               2  1303      南亞                  204.10        140.50   100.00%    101.00   106.50   101.00   106.50      193.00   197.00   186.00   187.50    +81.00   +76.06%
       2               1  8039      台虹                  298.50        133.00    87.82%    141.00   149.50   141.00   149.50      270.00   284.00   266.00   271.50   +122.00   +81.61%
       3               5  8033      雷虎                  213.50        165.50    65.18%    129.00   131.50   128.00   129.50      181.00   185.00   176.50   185.00    +55.50   +42.86%
       4              20  6446      藥華藥                1398.00        700.00    61.94%    960.00   968.00   926.00   949.00     1410.00  1435.00  1370.00  1400.00   +451.00   +47.52%
       5               3  9110      越南控-DR                0.00          0.00    58.75%      3.42     3.50     3.42     3.50        3.04     3.05     3.00     3.05     -0.45   -12.86%
       6              48  3055      蔚華科                 120.00        112.80    58.56%     82.70    82.80    79.90    79.90      113.50   121.50   112.00   115.00    +35.10   +43.93%
       7             147  4764      雙鍵                  293.50        329.50    57.18%    283.00   283.00   261.50   263.00      202.00   210.00   200.50   203.00    -60.00   -22.81%
       8               8  7795      長廣                  632.50        491.50    56.64%    377.50   385.00   365.00   375.00      546.00   570.00   544.00   544.00   +169.00   +45.07%
       9              10  4169      泰宗                  148.00        140.50    54.85%    150.00   155.00   150.00   153.50      148.00   150.50   148.00   149.00     -4.50    -2.93%
      10               9  3593      力銘                    0.00          0.00    53.12%     17.15    17.40    16.00    16.95       10.35    11.00    10.35    11.00     -5.95   -35.10%
      11               4  2321      東訊                    0.00          0.00    53.00%     12.50    13.60    12.50    13.60        0.00     0.00     0.00     0.00    -13.60  -100.00%
      12               6  2033      佳大                    0.00          0.00    51.73%     15.40    15.70    15.40    15.70       21.90    24.15    21.85    22.50     +6.80   +43.31%
      13              11  2466      冠西電                  10.50         11.50    51.20%     46.85    47.50    46.35    46.95       94.20   102.50    94.20    99.00    +52.05  +110.86%
      14              14  2408      南亞科                 617.00        447.00    50.85%    368.50   374.00   365.00   374.00      489.00   494.50   480.00   481.00   +107.00   +28.61%
      15              35  7827      漢康-KY創               32.00         24.50    48.30%    157.50   162.00   154.50   160.00      155.00   155.00   152.50   153.50     -6.50    -4.06%
      16              17  6715      嘉基                  492.50        425.50    48.18%    388.00   406.00   381.00   391.50      400.00   460.50   395.00   447.50    +56.00   +14.30%
      17              63  6957      裕慶-KY                67.00         23.50    47.45%    187.50   190.50   187.50   189.50      211.00   216.50   211.00   213.50    +24.00   +12.66%
      18              28  3450      聯鈞                  625.50        548.50    47.22%    480.00   482.00   461.00   461.00      533.00   593.00   529.00   567.00   +106.00   +22.99%
      19               7  6533      晶心科                 107.00         49.00    47.21%    204.50   205.00   201.00   201.00      244.00   253.00   244.00   248.50    +47.50   +23.63%
      20              18  3413      京鼎                  185.00        143.50    47.20%    301.50   315.00   301.00   307.50      285.00   292.50   284.50   288.50    -19.00    -6.18%
      21              81  6949      沛爾生醫-創              936.00        581.00    47.16%    707.00   728.00   707.00   717.00     1050.00  1135.00  1045.00  1085.00   +368.00   +51.32%
      22              40  4722      國精化                 228.00        197.50    46.72%    217.00   226.50   210.50   226.50      199.50   216.50   199.50   203.00    -23.50   -10.38%
      23             236  2493      揚博                  305.50        293.00    46.68%    207.00   207.00   207.00   207.00      178.50   187.50   176.00   183.00    -24.00   -11.59%
      24              32  8101      華冠                    0.00          0.00    45.99%     14.55    15.05    14.55    15.05        9.89    11.00     9.89    11.00     -4.05   -26.91%
      25              12  6431      光麗-KY                 0.00          0.00    45.76%     18.45    18.75    17.60    18.70       19.10    20.00    18.75    20.00     +1.30    +6.95%
      26              58  2379      瑞昱                  621.00        508.00    45.52%    655.00   665.00   616.00   618.00      696.00   746.00   692.00   738.00   +120.00   +19.42%
      27              19  1909      榮成                    0.00          0.00    45.29%      9.75     9.96     9.75     9.87       10.85    11.40    10.85    11.20     +1.33   +13.48%
      28             129  8016      矽創                  168.50        151.00    45.22%    293.00   298.00   287.00   289.50      283.00   298.00   282.50   296.00     +6.50    +2.25%
      29             178  8261      富鼎                  291.00        269.50    44.95%    166.00   173.50   163.00   173.50      181.00   202.00   179.50   183.50    +10.00    +5.76%
      30              16  1468      昶和                    0.00          0.00    44.87%     11.55    11.95    11.40    11.90       13.05    13.10    12.65    13.05     +1.15    +9.66%
      31              26  3090      日電貿                 227.50        252.00    44.79%    247.50   256.00   241.00   256.00      158.00   177.50   158.00   177.50    -78.50   -30.66%
      32              25  1709      和益                    0.00          0.00    44.64%     21.20    21.70    21.20    21.35       32.00    33.85    31.85    32.55    +11.20   +52.46%
      33              52  6921      嘉雨思-創                 0.00          0.00    44.27%     70.00    70.00    69.30    69.70       70.00    70.00    67.60    68.10     -1.60    -2.30%
      34              15  6141      柏承                    0.00          0.00    44.25%     32.50    33.00    31.50    32.05       39.00    45.35    39.00    44.50    +12.45   +38.85%
      35             431  7799      禾榮科                 227.50        234.50    44.09%    335.50   348.00   335.50   346.00      350.50   353.00   345.00   345.00     -1.00    -0.29%
      36              46  3605      宏致                   12.00         10.50    43.68%     73.60    74.30    72.20    73.30      120.00   122.50   116.50   119.00    +45.70   +62.35%
      37              79  8464      億豐                   65.00         58.00    43.61%    337.50   348.50   337.50   348.50      371.00   372.00   360.00   369.00    +20.50    +5.88%
      38              22  1470      大統新創                  0.00          0.00    43.39%      0.00     0.00     0.00     0.00       23.10    23.75    22.40    23.75        --        --
      39              31  8443      阿瘦                    0.00          0.00    43.33%     11.45    11.45    11.40    11.40       11.40    11.45    11.30    11.45     +0.05    +0.44%
      40              23  9921      巨大                   10.00          0.00    43.31%     76.40    77.50    75.20    75.40       97.30   104.50    96.00   104.00    +28.60   +37.93%
==========================================================================================================================================================================
✅ 共 40 筆


══════════════════════════════════════════════════════════════════════════════════════════════════════════════
  🔄 第 32/45 次  2026/06/11 ～ 2026/08/18
══════════════════════════════════════════════════════════════════════════════════════════════════════════════

==========================================================================================================================================================================
📊 動能效率優先權分數排名 (2026/06/11 ~ 2026/08/18)
==========================================================================================================================================================================
    實資排名          累計天數排名  代號        名稱                 累計漲停(元)       累計跌停(元)       強度%  (06/11)開盤      最高      最低      收盤    (08/18)開盤      最高      最低      收盤      賺賠    賺賠率
--------------------------------------------------------------------------------------------------------------------------------------------------------------------------
       1               2  1303      南亞                  204.10        128.00   100.00%     93.20    99.20    93.10    96.90      199.50   204.50   198.00   200.00   +103.10  +106.40%
       2               1  8039      台虹                  298.50        133.00    87.34%    127.50   138.00   126.50   136.00      258.00   284.50   258.00   277.50   +141.50  +104.04%
       3               5  8033      雷虎                  213.50        165.50    62.72%    127.50   129.00   126.00   126.50      185.00   195.00   185.00   186.00    +59.50   +47.04%
       4               3  9110      越南控-DR                0.00          0.00    57.82%      3.40     3.55     3.30     3.44        3.04     3.05     3.04     3.05     -0.39   -11.34%
       5              49  3055      蔚華科                 120.00        112.80    56.73%     80.20    82.90    78.30    79.50      113.00   122.00   112.00   117.50    +38.00   +47.80%
       6             120  4764      雙鍵                  293.50        329.50    55.85%    258.00   270.00   238.00   257.50      227.00   227.50   203.00   206.00    -51.50   -20.00%
       7               8  7795      長廣                  632.50        463.50    54.93%    359.00   366.00   341.00   350.00      546.00   574.00   537.00   572.00   +222.00   +63.43%
       8              13  4169      泰宗                  148.00        140.50    53.76%    149.00   150.00   146.00   150.00      149.50   150.50   148.00   148.50     -1.50    -1.00%
       9               4  2321      東訊                    0.00          0.00    52.00%     13.20    13.20    13.20    13.20       14.95    15.00    14.95    15.00     +1.80   +13.64%
      10              11  2408      南亞科                 617.00        413.00    50.86%    336.00   353.50   325.00   340.00      540.00   553.00   511.00   515.00   +175.00   +51.47%
      11              12  3593      力銘                    0.00          0.00    50.82%     16.90    17.20    16.80    17.20       11.20    11.20    10.60    11.00     -6.20   -36.05%
      12               6  2033      佳大                    0.00          0.00    50.73%     15.20    15.60    15.20    15.60       22.15    22.30    21.25    22.00     +6.40   +41.03%
      13              14  2466      冠西電                  10.50         11.50    49.99%     44.00    46.40    44.00    45.85       91.90    99.20    91.90    97.00    +51.15  +111.56%
      14              17  7827      漢康-KY創               32.00         24.50    48.47%    153.00   158.50   153.00   157.00      156.00   156.00   151.50   156.00     -1.00    -0.64%
      15               7  3532      台勝科                 504.50        456.00    47.49%    268.00   297.00   266.00   297.00      360.00   402.50   360.00   369.00    +72.00   +24.24%
      16              10  6431      光麗-KY                 0.00          0.00    47.36%     16.50    18.65    16.35    18.65       19.30    20.00    18.50    19.90     +1.25    +6.70%
      17              35  3090      日電貿                 232.50        252.00    47.27%    220.50   233.00   204.50   233.00      167.00   168.50   161.00   161.50    -71.50   -30.69%
      18               9  6533      晶心科                 107.00         49.00    45.68%    195.00   198.50   191.00   196.50      244.00   248.50   243.00   245.00    +48.50   +24.68%
      19             337  2493      揚博                  305.50        293.00    45.50%    186.50   192.00   168.00   188.50      194.50   195.00   180.50   181.50     -7.00    -3.71%
      20              72  2379      瑞昱                  600.00        508.00    45.35%    645.00   655.00   602.00   655.00      710.00   723.00   690.00   707.00    +52.00    +7.94%
      21              20  2359      所羅門                  77.00         37.00    45.32%    134.50   137.00   129.00   133.50      178.00   183.00   164.50   177.50    +44.00   +32.96%
      22              88  6957      裕慶-KY                67.00         23.50    45.31%    190.50   190.50   183.00   185.50      217.50   218.00   213.50   214.00    +28.50   +15.36%
      23              19  3413      京鼎                  185.00        143.50    45.23%    300.50   301.50   286.00   292.50      298.00   302.00   288.50   288.50     -4.00    -1.37%
      24              28  6921      嘉雨思-創                 0.00          0.00    44.99%     68.00    69.60    67.10    69.60       71.50    71.50    70.00    71.00     +1.40    +2.01%
      25              25  3605      宏致                   12.00         10.50    44.95%     68.70    73.00    67.60    72.90      133.00   133.00   119.00   121.00    +48.10   +65.98%
      26              80  6715      嘉基                  464.00        425.50    44.61%    360.00   380.00   349.00   371.00      405.00   428.00   393.00   419.00    +48.00   +12.94%
      27              15  1468      昶和                    0.00          0.00    44.37%     11.50    11.60    11.35    11.60       13.15    13.35    13.00    13.20     +1.60   +13.79%
      28             365  6446      藥華藥                1398.00        752.00    44.32%    988.00   988.00   923.00   934.00     1430.00  1430.00  1345.00  1400.00   +466.00   +49.89%
      29              38  2059      川湖                12245.00       4360.00    43.88%   6090.00  6540.00  6090.00  6400.00    14105.00 15085.00 13965.00 14370.00  +7970.00  +124.53%
      30             491  8261      富鼎                  291.00        269.50    43.86%    157.50   159.00   150.00   158.00      196.50   210.50   185.00   186.50    +28.50   +18.04%
      31              18  1909      榮成                    0.00          0.00    43.51%      9.78     9.87     9.64     9.75       11.15    11.30    10.90    11.10     +1.35   +13.85%
      32             480  7799      禾榮科                 227.50        234.50    43.16%    340.50   342.00   329.00   334.50      351.50   352.50   347.00   351.00    +16.50    +4.93%
      33              22  8443      阿瘦                    0.00          0.00    43.13%     11.20    11.45    11.20    11.45       11.45    11.45    11.45    11.45     +0.00    +0.00%
      34              21  2880      華南金                   0.00          0.00    43.13%     35.25    36.30    34.70    35.65       38.90    40.10    38.70    39.70     +4.05   +11.36%
      35              29  1709      和益                    0.00          0.00    42.99%     21.15    21.15    20.55    20.85       32.55    33.25    30.95    32.70    +11.85   +56.83%
      36              78  8464      億豐                   65.00         58.00    42.83%    339.50   341.00   329.50   337.00      371.00   372.00   364.50   371.00    +34.00   +10.09%
      37             300  8016      矽創                  168.50        151.00    42.59%    288.00   294.50   283.00   286.50      301.50   305.00   288.00   288.00     +1.50    +0.52%
      38              23  1341      富林-KY                 0.00          0.00    42.18%     61.70    62.40    61.70    62.10       60.40    60.50    60.40    60.50     -1.60    -2.58%
      39              24  1470      大統新創                  0.00          0.00    42.07%     22.55    22.70    22.55    22.70       23.95    23.95    23.10    23.60     +0.90    +3.96%
      40              27  8462      柏文                    9.50          0.00    41.98%    143.50   145.50   141.00   144.00      176.00   176.00   174.00   174.00    +30.00   +20.83%
==========================================================================================================================================================================
✅ 共 40 筆


══════════════════════════════════════════════════════════════════════════════════════════════════════════════
  🔄 第 33/45 次  2026/06/10 ～ 2026/08/17
══════════════════════════════════════════════════════════════════════════════════════════════════════════════

==========================================================================================================================================================================
📊 動能效率優先權分數排名 (2026/06/10 ~ 2026/08/17)
==========================================================================================================================================================================
    實資排名          累計天數排名  代號        名稱                 累計漲停(元)       累計跌停(元)       強度%  (06/10)開盤      最高      最低      收盤    (08/17)開盤      最高      最低      收盤      賺賠    賺賠率
--------------------------------------------------------------------------------------------------------------------------------------------------------------------------
       1               1  1303      南亞                  204.10        128.00   100.00%     97.60   101.00    94.60    94.80      213.50   215.00   200.00   200.50   +105.70  +111.50%
       2               2  8039      台虹                  280.00        133.00    83.28%    131.50   137.50   128.00   129.00      274.00   286.50   253.00   259.00   +130.00  +100.78%
       3               6  8033      雷虎                  213.50        165.50    62.18%    133.50   133.50   129.00   129.00      206.50   213.50   188.00   191.50    +62.50   +48.45%
       4              21  2493      揚博                  317.00        282.50    55.97%    166.00   185.50   163.50   180.50      200.50   210.00   191.50   192.00    +11.50    +6.37%
       5               4  9110      越南控-DR                0.00          0.00    55.70%      3.74     3.74     3.40     3.40        2.91     3.05     2.91     3.05     -0.35   -10.29%
       6               7  4169      泰宗                  148.00        140.50    54.17%    151.00   152.50   149.00   149.00      153.00   155.00   148.50   149.00     +0.00    +0.00%
       7             282  3055      蔚華科                 120.00        112.80    54.15%     87.80    90.70    81.60    82.00      113.50   117.00   112.50   114.00    +32.00   +39.02%
       8               3  2321      東訊                    0.00          0.00    52.46%     13.20    13.20    13.20    13.20       15.00    15.35    15.00    15.30     +2.10   +15.91%
       9               8  3593      力銘                    0.00          0.00    51.64%     17.95    17.95    15.85    17.80       11.50    11.50    11.20    11.20     -6.60   -37.08%
      10               5  2033      佳大                    0.00          0.00    51.48%     15.65    15.65    15.40    15.65       23.00    23.60    21.75    21.95     +6.30   +40.26%
      11              13  2466      冠西電                  10.50         11.50    49.26%     43.50    45.00    43.50    44.00       89.70    93.00    87.40    90.20    +46.20  +105.00%
      12              18  7827      漢康-KY創               32.00         24.50    48.90%    156.00   158.00   153.00   155.50      161.00   161.00   154.00   157.00     +1.50    +0.96%
      13               9  6431      光麗-KY                 0.00          0.00    46.82%     17.50    17.50    17.05    17.40       18.80    20.15    18.75    19.10     +1.70    +9.77%
      14              19  3605      宏致                   12.00          0.00    46.80%     71.50    73.00    68.40    68.40      131.50   136.50   128.00   131.50    +63.10   +92.25%
      15              57  6957      裕慶-KY                67.00         23.50    46.58%    189.00   193.50   188.00   189.00      218.50   220.00   215.50   218.00    +29.00   +15.34%
      16              28  8101      華冠                    0.00          0.00    46.57%     14.70    16.60    14.70    16.60       12.05    12.05    10.90    10.90     -5.70   -34.34%
      17              31  2379      瑞昱                  600.00        498.00    46.46%    635.00   657.00   633.00   645.00      712.00   725.00   706.00   717.00    +72.00   +11.16%
      18             242  6446      藥華藥                1398.00        742.00    45.42%    993.00  1020.00   980.00   986.00     1505.00  1545.00  1405.00  1410.00   +424.00   +43.00%
      19             352  8261      富鼎                  291.00        269.50    45.29%    160.00   168.00   156.50   156.50      187.00   197.50   180.50   195.50    +39.00   +24.92%
      20              10  1468      昶和                    0.00          0.00    45.13%     11.50    11.75    11.40    11.65       13.25    13.30    13.00    13.30     +1.65   +14.16%
      21              12  1909      榮成                    0.00          0.00    44.91%      9.54    10.10     9.54     9.80       10.55    11.50    10.45    11.45     +1.65   +16.84%
      22             562  4764      雙鍵                  293.50        324.00    44.49%    271.00   278.00   255.50   258.00      234.50   238.00   224.50   225.00    -33.00   -12.79%
      23              15  8443      阿瘦                    0.00          0.00    44.40%     11.00    11.30    11.00    11.30       11.20    11.40    11.20    11.40     +0.10    +0.88%
      24              37  6921      嘉雨思-創                 0.00          0.00    44.31%     73.00    73.00    69.30    69.50       75.30    75.30    71.00    71.00     +1.50    +2.16%
      25              26  1709      和益                    0.00          0.00    44.11%     20.60    21.70    20.50    21.15       30.90    33.35    30.55    32.75    +11.60   +54.85%
      26             125  8016      矽創                  168.50        136.00    43.92%    295.00   302.00   286.00   286.50      306.00   308.00   300.00   303.00    +16.50    +5.76%
      27              39  7795      長廣                  609.50        495.50    43.82%    377.50   386.50   356.50   358.00      547.00   578.00   529.00   549.00   +191.00   +53.35%
      28              68  8464      億豐                   65.00         58.00    43.79%    332.00   342.50   326.00   337.50      378.00   378.00   367.00   371.50    +34.00   +10.07%
      29              43  2359      所羅門                  77.00         37.00    43.61%    147.50   150.00   135.00   135.50      166.50   175.00   165.00   175.00    +39.50   +29.15%
      30              17  8462      柏文                    9.50          0.00    43.53%    140.00   143.00   140.00   142.00      173.50   178.50   173.50   177.50    +35.50   +25.00%
      31              16  1470      大統新創                  0.00          0.00    43.49%     22.20    22.65    22.20    22.60       23.05    23.35    23.05    23.35     +0.75    +3.32%
      32              20  2880      華南金                   0.00          0.00    43.48%     34.80    35.90    34.55    35.35       38.60    39.25    38.00    39.20     +3.85   +10.89%
      33              11  6533      晶心科                 107.00         59.00    43.33%    207.00   208.00   199.50   199.50      246.50   247.00   240.50   243.50    +44.00   +22.06%
      34              23  3712      永崴投控                  0.00          0.00    43.28%     18.35    18.65    17.80    18.00       22.10    23.55    21.60    22.35     +4.35   +24.17%
      35              22  1341      富林-KY                 0.00          0.00    43.14%     60.50    62.00    60.50    61.60       60.00    61.00    60.00    60.40     -1.20    -1.95%
      36              82  1736      喬山                   23.00          0.00    42.49%    108.50   117.00   107.50   112.00      134.00   134.00   130.50   131.50    +19.50   +17.41%
      37              86  2059      川湖                11625.00       4785.00    42.47%   6610.00  6875.00  6345.00  6370.00    13750.00 13750.00 13750.00 13750.00  +7380.00  +115.86%
      38              25  3008      大立光                4560.00       3385.00    42.47%   4180.00  4270.00  4100.00  4130.00     4670.00  5070.00  4670.00  5070.00   +940.00   +22.76%
      39              35  1413      宏洲                    0.00          0.00    42.20%      9.40     9.50     9.39     9.50        9.44     9.44     9.40     9.40     -0.10    -1.05%
      40              14  2546      根基                    0.00          0.00    42.03%     90.10    91.70    89.20    90.90       99.80   107.00    99.50   105.00    +14.10   +15.51%
==========================================================================================================================================================================
✅ 共 40 筆


══════════════════════════════════════════════════════════════════════════════════════════════════════════════
  🔄 第 34/45 次  2026/06/09 ～ 2026/08/14
══════════════════════════════════════════════════════════════════════════════════════════════════════════════

==========================================================================================================================================================================
📊 動能效率優先權分數排名 (2026/06/09 ~ 2026/08/14)
==========================================================================================================================================================================
    實資排名          累計天數排名  代號        名稱                 累計漲停(元)       累計跌停(元)       強度%  (06/09)開盤      最高      最低      收盤    (08/14)開盤      最高      最低      收盤      賺賠    賺賠率
--------------------------------------------------------------------------------------------------------------------------------------------------------------------------
       1               1  1303      南亞                  204.10        128.00   100.00%    100.00   101.00    96.90    99.20      194.00   207.50   189.50   207.50   +108.30  +109.17%
       2               2  8039      台虹                  280.00        119.50    84.47%    131.00   134.00   127.50   133.50      259.50   274.00   246.50   272.50   +139.00  +104.12%
       3               3  8033      雷虎                  213.50        155.50    64.19%    129.00   136.00   129.00   132.50      182.00   201.50   182.00   201.50    +69.00   +52.08%
       4              16  2493      揚博                  317.00        262.00    56.60%    165.00   171.50   155.00   169.00      212.50   218.00   212.50   212.50    +43.50   +25.74%
       5               4  9110      越南控-DR                0.00          0.00    54.32%      3.58     3.79     3.58     3.74        3.00     3.11     3.00     3.11     -0.63   -16.84%
       6               8  2379      瑞昱                  655.00        498.00    53.71%    590.00   655.00   586.00   651.00      752.00   759.00   721.00   721.00    +70.00   +10.75%
       7               9  4169      泰宗                  148.00        140.50    53.12%    153.50   153.50   150.00   150.00      150.00   156.00   150.00   152.50     +2.50    +1.67%
       8              15  6446      藥華藥                1462.00        652.00    52.13%    931.00   994.00   931.00   990.00     1440.00  1525.00  1440.00  1500.00   +510.00   +51.52%
       9               7  3593      力銘                    0.00          0.00    52.00%     16.00    16.45    16.00    16.45       12.45    12.45    11.55    11.60     -4.85   -29.48%
      10             335  3055      蔚華科                 120.00        112.80    51.80%     91.00    91.00    85.50    87.80      117.50   119.50   114.00   116.00    +28.20   +32.12%
      11               6  2033      佳大                    0.00          0.00    51.78%     15.55    15.85    15.55    15.65       20.75    22.65    20.60    22.60     +6.95   +44.41%
      12               5  2321      東訊                    0.00          0.00    50.73%      0.00     0.00     0.00     0.00       15.00    15.65    15.00    15.65        --        --
      13              13  7827      漢康-KY創               32.00         24.50    49.08%    155.00   158.50   148.50   158.00      159.50   164.00   154.00   161.00     +3.00    +1.90%
      14              14  8101      華冠                    0.00          0.00    48.25%     15.85    15.85    15.85    15.85       12.30    12.30    11.50    11.50     -4.35   -27.44%
      15              27  2466      冠西電                  10.50         11.50    47.73%     44.50    44.50    43.00    44.00       93.10    93.50    88.50    89.70    +45.70  +103.86%
      16              11  7795      長廣                  621.50        495.50    47.68%    365.00   390.00   365.00   390.00      559.00   594.00   530.00   536.00   +146.00   +37.44%
      17              52  8016      矽創                  179.00        136.00    47.25%    289.00   303.00   289.00   295.50      316.50   317.50   304.00   306.00    +10.50    +3.55%
      18              55  6957      裕慶-KY                67.00         23.50    45.71%    192.00   196.00   191.00   192.00      218.00   219.00   214.50   218.00    +26.00   +13.54%
      19              20  3605      宏致                   12.00          0.00    45.71%     73.00    73.80    71.50    72.70      134.00   137.50   128.00   131.50    +58.80   +80.88%
      20              82  6949      沛爾生醫-創              954.00        587.00    45.67%    677.00   709.00   677.00   704.00     1045.00  1090.00  1025.00  1070.00   +366.00   +51.99%
      21              23  6921      嘉雨思-創                 0.00          0.00    45.23%     71.70    72.30    71.20    72.30       69.10    75.30    69.10    75.30     +3.00    +4.15%
      22              18  6431      光麗-KY                 0.00          0.00    44.92%     17.90    17.90    16.90    17.60       18.75    20.30    18.65    18.95     +1.35    +7.67%
      23             503  4764      雙鍵                  293.50        324.00    44.72%    271.50   281.00   266.50   271.50      241.00   250.00   223.00   232.00    -39.50   -14.55%
      24              12  1468      昶和                    0.00          0.00    44.45%     11.70    11.85    11.55    11.85       13.35    13.40    13.05    13.30     +1.45   +12.24%
      25              39  2059      川湖                10990.00       4785.00    44.19%   6500.00  6795.00  6285.00  6795.00    12010.00 12670.00 12010.00 12500.00  +5705.00   +83.96%
      26             621  8261      富鼎                  280.50        269.50    44.15%    158.00   165.00   152.00   164.50      202.50   202.50   185.00   185.00    +20.50   +12.46%
      27              17  2880      華南金                   0.00          0.00    43.93%     33.35    35.60    33.35    35.45       39.00    39.00    38.00    38.95     +3.50    +9.87%
      28              57  8464      億豐                   65.00         58.00    43.90%    327.00   334.00   327.00   333.00      368.50   380.00   368.50   377.00    +44.00   +13.21%
      29              10  6533      晶心科                 107.00         59.00    43.69%    204.00   210.00   202.00   209.50      247.00   249.00   242.50   246.50    +37.00   +17.66%
      30              25  8443      阿瘦                    0.00          0.00    43.50%     11.20    11.40    11.20    11.40       11.40    11.50    11.40    11.50     +0.10    +0.88%
      31              35  1736      喬山                   23.00          0.00    43.47%    107.00   108.50   105.00   108.00      142.50   142.50   134.00   136.00    +28.00   +25.93%
      32              26  3413      京鼎                  200.00        157.00    43.34%    300.00   312.50   297.00   312.50      304.00   304.00   293.50   295.50    -17.00    -5.44%
      33              19  1341      富林-KY                 0.00          0.00    43.05%     60.80    62.90    60.80    62.90       59.90    60.60    59.70    60.60     -2.30    -3.66%
      34              21  1470      大統新創                  0.00          0.00    42.88%     22.15    22.65    22.15    22.65       23.30    23.30    23.30    23.30     +0.65    +2.87%
      35              32  2408      南亞科                 628.50        443.00    42.60%    350.50   366.00   342.00   363.00      532.00   542.00   501.00   512.00   +149.00   +41.05%
      36              24  3712      永崴投控                  0.00          0.00    42.56%     18.15    18.65    17.95    18.45       22.35    22.85    21.25    22.20     +3.75   +20.33%
      37              28  8462      柏文                    9.50          0.00    42.08%    138.00   141.50   138.00   141.50      179.50   179.50   175.50   176.00    +34.50   +24.38%
      38              46  1909      榮成                    0.00          0.00    42.03%      9.50     9.76     9.50     9.64       10.15    10.60    10.15    10.60     +0.96    +9.96%
      39              40  3008      大立光                4450.00       3385.00    41.98%   3800.00  3885.00  3755.00  3885.00     4700.00  4920.00  4590.00  4610.00   +725.00   +18.66%
      40              22  2207      和泰車                 124.00         59.00    41.83%    470.50   488.00   470.50   483.00      522.00   524.00   512.00   514.00    +31.00    +6.42%
==========================================================================================================================================================================
✅ 共 40 筆


══════════════════════════════════════════════════════════════════════════════════════════════════════════════
  🔄 第 35/45 次  2026/06/08 ～ 2026/08/13
══════════════════════════════════════════════════════════════════════════════════════════════════════════════

==========================================================================================================================================================================
📊 動能效率優先權分數排名 (2026/06/08 ~ 2026/08/13)
==========================================================================================================================================================================
    實資排名          累計天數排名  代號        名稱                 累計漲停(元)       累計跌停(元)       強度%  (06/08)開盤      最高      最低      收盤    (08/13)開盤      最高      最低      收盤      賺賠    賺賠率
--------------------------------------------------------------------------------------------------------------------------------------------------------------------------
       1               1  1303      南亞                  185.60        128.00   100.00%     96.10    98.90    95.20    97.50      191.00   195.00   184.00   189.00    +91.50   +93.85%
       2               8  8033      雷虎                  195.50        155.50    61.33%    123.00   129.50   123.00   129.00      174.00   183.50   173.50   183.50    +54.50   +42.25%
       3               2  8039      台虹                  257.00        129.50    60.12%    126.50   131.50   126.50   130.50      228.00   249.50   227.50   249.50   +119.00   +91.19%
       4               3  9110      越南控-DR                0.00          0.00    54.62%      3.60     3.88     3.60     3.80        3.08     3.08     3.08     3.08     -0.72   -18.95%
       5               4  3593      力銘                    0.00          0.00    53.80%     16.00    16.10    15.95    16.10       12.10    12.10    12.00    12.00     -4.10   -25.47%
       6              30  6949      沛爾生醫-創              923.00        587.00    52.87%    610.00   694.00   610.00   677.00     1015.00  1055.00   999.00  1020.00   +343.00   +50.66%
       7               6  4169      泰宗                  148.00        140.50    52.50%    149.50   152.50   146.50   151.00      152.00   153.50   150.00   150.00     -1.00    -0.66%
       8             318  3055      蔚華科                 120.00        112.80    52.23%     89.60    92.90    89.60    91.00      119.00   128.00   118.50   118.50    +27.50   +30.22%
       9              12  2466      冠西電                  10.50         11.50    50.93%     40.15    45.55    40.15    44.00       94.20    95.30    92.60    92.60    +48.60  +110.45%
      10              11  8101      華冠                    0.00          0.00    50.07%     15.00    15.30    15.00    15.30       11.30    11.30    11.30    11.30     -4.00   -26.14%
      11               7  2033      佳大                    0.00          0.00    49.22%     15.65    15.95    15.10    15.95       21.55    22.00    20.60    20.60     +4.65   +29.15%
      12               5  2321      東訊                    0.00          0.00    48.88%      0.00     0.00     0.00     0.00       15.50    15.90    15.50    15.85        --        --
      13              14  1736      喬山                   23.00          0.00    48.23%    102.50   110.00   102.00   108.50      139.50   141.50   134.50   140.50    +32.00   +29.49%
      14              17  7827      漢康-KY創               32.00         24.50    48.03%    157.00   157.00   147.00   156.50      162.00   163.50   159.00   159.00     +2.50    +1.60%
      15               9  3605      宏致                   12.00          0.00    47.98%     67.50    72.70    67.50    72.20      124.50   132.00   123.00   132.00    +59.80   +82.83%
      16              37  6957      裕慶-KY                67.00         23.50    46.34%    182.00   195.00   182.00   191.50      218.00   220.50   215.50   216.50    +25.00   +13.05%
      17              21  2379      瑞昱                  655.00        508.00    45.11%    579.00   600.00   579.00   596.00      775.00   775.00   750.00   758.00   +162.00   +27.18%
      18              19  2059      川湖                11285.00       4785.00    44.29%   6000.00  6180.00  6000.00  6180.00    12235.00 12500.00 11840.00 12235.00  +6055.00   +97.98%
      19              13  3712      永崴投控                  0.00          0.00    44.18%     16.80    18.50    16.80    18.25       23.25    23.25    21.70    22.20     +3.95   +21.64%
      20              18  6431      光麗-KY                 0.00          0.00    43.85%     17.90    18.20    17.50    18.05       18.30    19.35    18.30    19.35     +1.30    +7.20%
      21              15  1468      昶和                    0.00          0.00    43.40%     11.90    11.90    11.70    11.85       13.35    13.50    12.90    13.50     +1.65   +13.92%
      22             223  6446      藥華藥                1407.00        663.00    42.98%    907.00   956.00   907.00   926.00     1475.00  1510.00  1430.00  1445.00   +519.00   +56.05%
      23              40  7795      長廣                  621.50        490.50    42.88%    355.00   380.00   343.00   365.00      556.00   556.00   516.00   556.00   +191.00   +52.33%
      24              10  3231      緯創                   59.50          9.50    42.73%    156.00   163.50   156.00   163.50      196.00   199.50   193.50   197.00    +33.50   +20.49%
      25              67  8464      億豐                   65.00         58.00    42.69%    321.50   331.00   312.00   327.50      379.50   379.50   359.50   368.00    +40.50   +12.37%
      26              20  6921      嘉雨思-創                 0.00          0.00    42.55%     70.40    72.70    68.80    72.70       65.40    68.50    65.40    68.50     -4.20    -5.78%
      27              31  3653      健策                 3770.00       2690.00    42.44%   3260.00  3860.00  3260.00  3820.00     4500.00  4670.00  4415.00  4635.00   +815.00   +21.34%
      28              22  2880      華南金                   0.00          0.00    42.37%     34.10    34.45    33.00    33.50       41.50    41.55    38.30    39.10     +5.60   +16.72%
      29              26  8462      柏文                    9.50          0.00    42.14%    138.50   139.00   135.00   139.00      178.50   181.00   177.00   179.50    +40.50   +29.14%
      30              28  8443      阿瘦                    0.00          0.00    42.13%     11.35    11.35    11.35    11.35       11.40    11.55    11.30    11.50     +0.15    +1.32%
      31              63  8021      尖點                  472.00        580.50    42.02%    412.50   460.00   412.50   460.00      439.00   446.50   427.50   429.00    -31.00    -6.74%
      32              24  1470      大統新創                  0.00          0.00    42.00%     22.40    22.60    22.25    22.60       24.25    24.25    23.25    24.00     +1.40    +6.19%
      33              35  9921      巨大                   10.00          0.00    41.63%     68.80    71.50    67.90    70.60      111.00   111.50   102.50   105.00    +34.40   +48.73%
      34              38  8996      高力                 1616.00       1431.00    41.40%   1015.00  1230.00  1015.00  1210.00     1235.00  1285.00  1195.00  1285.00    +75.00    +6.20%
      35              27  1341      富林-KY                 0.00          0.00    41.37%     63.10    63.10    61.40    62.70       58.80    60.80    58.80    60.70     -2.00    -3.19%
      36             238  4764      雙鍵                  293.50        322.50    41.31%    254.00   278.00   254.00   270.50      252.50   256.50   243.50   245.00    -25.50    -9.43%
      37             330  2243      宏旭-KY                 0.00          0.00    41.27%     25.25    27.95    25.25    27.75       41.60    41.60    39.50    39.70    +11.95   +43.06%
      38              23  2006      東和鋼鐵                  0.00          0.00    41.17%     63.70    65.90    63.50    65.40       83.90    85.50    83.10    85.40    +20.00   +30.58%
      39              16  6533      晶心科                 107.00         78.00    41.11%    199.50   205.00   199.50   202.50      252.50   254.00   249.00   249.50    +47.00   +23.21%
      40              29  6598      ABC-KY                0.00          0.00    41.04%     23.20    24.95    23.20    24.50       27.65    28.15    27.50    27.75     +3.25   +13.27%
==========================================================================================================================================================================
✅ 共 40 筆


══════════════════════════════════════════════════════════════════════════════════════════════════════════════
  🔄 第 36/45 次  2026/06/05 ～ 2026/08/12
══════════════════════════════════════════════════════════════════════════════════════════════════════════════

==========================================================================================================================================================================
📊 動能效率優先權分數排名 (2026/06/05 ~ 2026/08/12)
==========================================================================================================================================================================
    實資排名          累計天數排名  代號        名稱                 累計漲停(元)       累計跌停(元)       強度%  (06/05)開盤      最高      最低      收盤    (08/12)開盤      最高      最低      收盤      賺賠    賺賠率
--------------------------------------------------------------------------------------------------------------------------------------------------------------------------
       1               1  1303      南亞                  185.60        128.00   100.00%    109.00   109.00   100.50   104.50      195.00   197.50   187.00   189.00    +84.50   +80.86%
       2              21  6949      沛爾生醫-創              926.00        587.00    60.46%    645.00   682.00   632.00   658.00      982.00  1020.00   982.00  1010.00   +352.00   +53.50%
       3               8  8033      雷虎                  185.00        155.50    59.74%    134.50   135.50   131.50   134.50      185.00   185.00   172.50   173.00    +38.50   +28.62%
       4               3  3593      力銘                    0.00          0.00    56.49%     15.55    16.45    15.55    16.45       12.00    12.30    12.00    12.25     -4.20   -25.53%
       5               5  8039      台虹                  234.50        129.50    55.90%    140.00   142.50   132.50   140.50      215.00   231.00   210.50   227.00    +86.50   +61.57%
       6               2  9110      越南控-DR                0.00          0.00    55.33%      3.95     3.95     3.57     3.95        0.00     0.00     0.00     0.00     -3.95  -100.00%
       7              24  8021      尖點                  489.00        580.50    52.93%    430.00   458.00   415.00   458.00      439.50   441.00   421.00   427.00    -31.00    -6.77%
       8               6  4169      泰宗                  148.00        140.50    52.70%    159.00   159.00   152.50   154.00      151.50   155.50   150.00   152.00     -2.00    -1.30%
       9             359  3055      蔚華科                 120.00        112.80    52.20%    102.50   103.50    98.00    99.50      109.50   117.00   107.00   117.00    +17.50   +17.59%
      10              16  2466      冠西電                  10.50         11.50    51.84%     45.05    45.15    44.00    44.60       91.80    94.80    91.80    94.00    +49.40  +110.76%
      11              11  2379      瑞昱                  674.00        508.00    51.81%    629.00   660.00   605.00   643.00      772.00   776.00   760.00   766.00   +123.00   +19.13%
      12               9  2059      川湖                11365.00       4785.00    51.46%   5250.00  5805.00  4945.00  5620.00    12250.00 12295.00 11790.00 12045.00  +6425.00  +114.32%
      13              12  8101      華冠                    0.00          0.00    51.44%     15.85    16.20    15.85    16.20       11.25    11.70    11.20    11.70     -4.50   -27.78%
      14               4  2033      佳大                    0.00          0.00    51.15%     15.65    15.70    15.40    15.60       20.75    22.00    20.55    22.00     +6.40   +41.03%
      15             128  2478      大毅                  159.00        194.50    49.68%    134.50   150.00   126.00   150.00      123.00   133.00   121.00   128.50    -21.50   -14.33%
      16              26  8454      富邦媒                 210.00        175.50    49.36%    333.00   353.00   294.50   353.00      272.00   272.50   267.00   267.50    -85.50   -24.22%
      17              17  7827      漢康-KY創               32.00         24.50    48.92%    161.50   162.00   155.00   159.50      160.00   164.50   159.50   162.00     +2.50    +1.57%
      18               7  2321      東訊                    0.00          0.00    48.48%     14.00    14.00    13.80    13.80       15.30    15.35    15.30    15.35     +1.55   +11.23%
      19              19  1736      喬山                   23.00          0.00    48.02%    111.50   111.50   108.50   110.50      148.00   148.00   138.50   139.00    +28.50   +25.79%
      20              62  7788      松川精密                226.00        134.50    47.90%    200.00   224.00   200.00   224.00      241.00   261.50   240.50   256.00    +32.00   +14.29%
      21              10  3712      永崴投控                  0.00          0.00    46.83%     17.95    18.50    17.90    18.30       22.40    23.95    22.25    22.80     +4.50   +24.59%
      22              41  6957      裕慶-KY                67.00         23.50    46.48%    197.50   197.50   186.00   191.50      217.00   219.00   215.00   218.00    +26.50   +13.84%
      23              14  9921      巨大                   10.00          0.00    45.84%     70.20    71.20    69.20    70.80      111.50   113.50   104.50   109.00    +38.20   +53.95%
      24              20  3605      宏致                    0.00          0.00    44.55%     76.30    76.30    73.70    75.00      111.00   120.00   111.00   120.00    +45.00   +60.00%
      25              53  8464      億豐                   65.00         35.00    44.04%    331.50   334.50   327.00   328.50      398.00   404.50   388.50   391.00    +62.50   +19.03%
      26             303  2243      宏旭-KY                 0.00          0.00    43.90%     27.55    29.10    27.55    28.05       41.00    41.00    40.10    41.00    +12.95   +46.17%
      27              18  1468      昶和                    0.00          0.00    43.90%     12.00    12.10    11.80    12.05       13.35    13.40    13.15    13.40     +1.35   +11.20%
      28             210  6446      藥華藥                1407.00        663.00    43.89%    958.00   964.00   929.00   937.00     1465.00  1550.00  1415.00  1440.00   +503.00   +53.68%
      29              34  6431      光麗-KY                 0.00          0.00    43.08%     18.35    18.60    18.00    18.50       18.35    18.95    18.00    18.80     +0.30    +1.62%
      30              23  1470      大統新創                  0.00          0.00    43.01%     22.40    22.40    22.40    22.40       23.10    23.95    23.10    23.45     +1.05    +4.69%
      31              22  2880      華南金                   0.00          0.00    42.91%     37.15    37.25    34.50    34.80       43.90    43.95    42.85    43.20     +8.40   +24.14%
      32             209  4764      雙鍵                  293.50        322.50    42.91%    282.00   286.00   261.00   282.00      240.50   258.00   240.50   249.50    -32.50   -11.52%
      33              30  1475      業旺                    0.00          0.00    42.86%     25.55    26.20    25.50    25.95       26.85    27.15    26.85    27.10     +1.15    +4.43%
      34              64  6890      來億-KY                45.50        126.00    42.86%    231.50   249.00   230.50   242.50      174.50   182.00   174.50   179.50    -63.00   -25.98%
      35              13  3231      緯創                   59.50          9.50    42.71%    172.50   174.00   165.50   171.00      189.50   195.00   189.00   193.50    +22.50   +13.16%
      36              25  8443      阿瘦                    0.00          0.00    42.70%     11.35    11.40    11.30    11.40       11.40    11.40    11.40    11.40     +0.00    +0.00%
      37             127  2493      揚博                  317.00        252.50    42.49%    177.00   190.50   171.00   178.00      244.00   248.50   234.50   243.00    +65.00   +36.52%
      38              47  1443      立益物流                  0.00          0.00    42.21%     26.55    27.10    26.10    27.00       25.75    25.90    25.60    25.75     -1.25    -4.63%
      39              27  8462      柏文                    9.50          0.00    42.18%    141.00   141.00   139.00   139.50      171.50   181.00   171.50   179.00    +39.50   +28.32%
      40              48  6166      凌華                  101.00         77.50    42.18%    133.00   134.00   127.50   133.00      134.00   139.00   134.00   137.00     +4.00    +3.01%
==========================================================================================================================================================================
✅ 共 40 筆


══════════════════════════════════════════════════════════════════════════════════════════════════════════════
  🔄 第 37/45 次  2026/06/04 ～ 2026/08/11
══════════════════════════════════════════════════════════════════════════════════════════════════════════════

==========================================================================================================================================================================
📊 動能效率優先權分數排名 (2026/06/04 ~ 2026/08/11)
==========================================================================================================================================================================
    實資排名          累計天數排名  代號        名稱                 累計漲停(元)       累計跌停(元)       強度%  (06/04)開盤      最高      最低      收盤    (08/11)開盤      最高      最低      收盤      賺賠    賺賠率
--------------------------------------------------------------------------------------------------------------------------------------------------------------------------
       1               1  1303      南亞                  185.60        128.00   100.00%    111.00   117.00   110.50   111.00      183.00   191.00   172.50   190.00    +79.00   +71.17%
       2              10  6949      沛爾生醫-創              936.00        577.00    66.18%    629.00   650.00   625.00   645.00      955.00  1025.00   949.00  1020.00   +375.00   +58.14%
       3               7  8033      雷虎                  185.00        139.50    60.81%    135.50   135.50   132.50   133.00      170.00   189.00   162.50   189.00    +56.00   +42.11%
       4              14  8454      富邦媒                 239.00        175.50    59.65%    302.00   321.00   300.00   321.00      272.00   275.50   266.50   271.00    -50.00   -15.58%
       5               2  9110      越南控-DR                0.00          0.00    55.29%      3.86     3.96     3.86     3.96        2.90     3.14     2.90     3.14     -0.82   -20.71%
       6               3  3593      力銘                    0.00          0.00    54.35%     16.85    16.85    16.00    16.45       12.05    12.45    12.05    12.40     -4.05   -24.62%
       7              11  6890      來億-KY                66.50        126.00    53.44%    208.50   231.50   207.50   231.50      174.50   177.00   172.50   174.50    -57.00   -24.62%
       8               4  4169      泰宗                  148.00        140.50    52.59%    155.00   160.00   155.00   159.00      153.50   155.00   149.50   153.50     -5.50    -3.46%
       9               8  1736      喬山                   23.00          0.00    51.83%    115.00   115.00   111.00   111.50      139.50   146.00   137.00   145.00    +33.50   +30.04%
      10               9  2059      川湖                11365.00       4515.00    51.51%   5350.00  5475.00  5150.00  5350.00    11700.00 12540.00 11615.00 12315.00  +6965.00  +130.19%
      11              13  2493      揚博                  333.00        252.50    51.37%    161.00   177.50   159.00   177.50      222.50   239.50   222.50   239.50    +62.00   +34.93%
      12             538  3055      蔚華科                 109.50        112.80    50.25%    100.00   105.50    99.50   103.50      120.00   121.00   103.00   106.50     +3.00    +2.90%
      13              25  2466      冠西電                  10.50         11.50    49.34%     46.65    46.65    44.70    45.00       95.00    95.20    87.40    92.00    +47.00  +104.44%
      14              20  8101      華冠                    0.00          0.00    49.15%     16.20    16.20    16.00    16.00       11.75    11.75    11.25    11.35     -4.65   -29.06%
      15             113  2478      大毅                  159.00        194.50    48.82%    133.50   140.00   130.00   137.50      120.00   131.00   119.50   121.00    -16.50   -12.00%
      16              46  6446      藥華藥                1446.00        643.00    48.76%    892.00   945.00   885.00   938.00     1330.00  1460.00  1330.00  1460.00   +522.00   +55.65%
      17               5  2033      佳大                    0.00          0.00    48.54%     16.00    16.00    15.65    15.95       19.40    20.55    19.05    20.55     +4.60   +28.84%
      18              15  7827      漢康-KY創               32.00         24.50    48.41%    158.50   167.00   157.00   161.50      159.00   162.50   158.50   161.00     -0.50    -0.31%
      19               6  2321      東訊                    0.00          0.00    47.69%     14.65    14.65    14.65    14.65       15.40    15.95    15.05    15.60     +0.95    +6.48%
      20              59  8996      高力                 1421.00       1431.00    46.66%   1065.00  1170.00  1065.00  1120.00     1060.00  1080.00  1045.00  1065.00    -55.00    -4.91%
      21              12  9921      巨大                   10.00          0.00    46.43%     70.80    71.40    68.60    70.60       99.90   111.50    99.80   111.50    +40.90   +57.93%
      22              39  6957      裕慶-KY                67.00         23.50    46.37%    189.00   197.50   188.00   194.00      217.00   217.00   212.00   215.50    +21.50   +11.08%
      23              97  7788      松川精密                208.50        134.50    45.28%    201.50   218.00   195.00   204.00      247.50   251.50   235.00   238.50    +34.50   +16.91%
      24             124  2243      宏旭-KY                 0.00          0.00    45.02%     28.00    29.70    27.25    29.65       39.65    40.60    39.35    40.30    +10.65   +35.92%
      25              27  2379      瑞昱                  674.00        530.00    44.84%    640.00   645.00   624.00   624.00      758.00   780.00   758.00   772.00   +148.00   +23.72%
      26              18  8039      台虹                  223.50        139.50    44.62%    147.50   150.00   140.50   140.50      226.00   229.00   215.00   216.00    +75.50   +53.74%
      27              31  7799      禾榮科                 294.00        267.00    44.38%    325.50   355.50   325.50   355.50      355.50   360.00   347.00   359.00     +3.50    +0.98%
      28              49  8464      億豐                   65.00         35.00    44.38%    328.00   332.00   323.00   331.50      381.50   398.50   377.50   398.00    +66.50   +20.06%
      29              16  2880      華南金                   0.00          0.00    44.17%     36.00    38.60    35.50    37.70       43.60    44.20    43.40    43.65     +5.95   +15.78%
      30              17  3712      永崴投控                  0.00          0.00    44.04%     19.55    19.70    18.50    18.50       21.00    22.45    21.00    22.40     +3.90   +21.08%
      31              19  1468      昶和                    0.00          0.00    43.53%     12.00    12.15    11.80    12.15       13.45    13.45    13.15    13.40     +1.25   +10.29%
      32              28  1475      業旺                    0.00          0.00    42.98%     25.20    26.05    25.15    26.05       27.20    27.20    26.90    27.15     +1.10    +4.22%
      33              37  1443      立益物流                  0.00          0.00    42.67%     25.50    26.45    25.30    26.40        0.00     0.00     0.00     0.00    -26.40  -100.00%
      34              26  8443      阿瘦                    0.00          0.00    42.37%     11.25    11.35    11.25    11.35       11.30    11.50    11.10    11.50     +0.15    +1.32%
      35              30  911622    泰聚亨-DR                0.00          0.00    42.32%      3.73     4.10     3.73     4.10        0.00     0.00     0.00     0.00     -4.10  -100.00%
      36              38  1909      榮成                    0.00          0.00    41.83%      9.54    10.20     9.49     9.93       10.10    10.20    10.00    10.10     +0.17    +1.71%
      37              32  1470      大統新創                  0.00          0.00    41.63%     22.45    22.45    22.20    22.20       23.35    23.50    23.35    23.40     +1.20    +5.41%
      38              40  6431      光麗-KY                 0.00          0.00    41.51%     18.50    18.50    18.15    18.35       18.35    19.35    18.25    19.00     +0.65    +3.54%
      39              93  6409      旭隼                  857.00        697.00    41.41%    778.00   844.00   777.00   844.00     1020.00  1035.00   975.00  1010.00   +166.00   +19.67%
      40              22  2006      東和鋼鐵                  0.00          0.00    41.31%     66.80    67.50    66.50    67.40       86.40    86.50    84.10    85.50    +18.10   +26.85%
==========================================================================================================================================================================
✅ 共 40 筆


══════════════════════════════════════════════════════════════════════════════════════════════════════════════
  🔄 第 38/45 次  2026/06/03 ～ 2026/08/10
══════════════════════════════════════════════════════════════════════════════════════════════════════════════

==========================================================================================================================================================================
📊 動能效率優先權分數排名 (2026/06/03 ~ 2026/08/10)
==========================================================================================================================================================================
    實資排名          累計天數排名  代號        名稱                 累計漲停(元)       累計跌停(元)       強度%  (06/03)開盤      最高      最低      收盤    (08/10)開盤      最高      最低      收盤      賺賠    賺賠率
--------------------------------------------------------------------------------------------------------------------------------------------------------------------------
       1               1  1303      南亞                  185.60        128.00   100.00%    118.50   118.50   107.00   113.00      188.50   192.00   182.50   185.00    +72.00   +63.72%
       2               2  8454      富邦媒                 265.50        175.50    76.58%    267.00   292.00   265.00   292.00      295.00   295.50   272.50   274.50    -17.50    -5.99%
       3               7  6890      來億-KY                85.50        126.00    66.93%    201.00   210.50   198.00   210.50      175.50   175.50   172.00   174.50    -36.00   -17.10%
       4              29  6949      沛爾生醫-創              864.00        577.00    65.19%    634.00   636.00   623.00   635.00      943.00   952.00   914.00   948.00   +313.00   +49.29%
       5               8  2493      揚博                  326.00        252.50    61.48%    150.00   161.50   149.50   161.50      214.00   231.50   214.00   218.00    +56.50   +34.98%
       6              15  7788      松川精密                225.00        134.50    61.08%    185.00   200.00   182.00   198.50      238.00   238.00   226.00   234.50    +36.00   +18.14%
       7              13  8033      雷虎                  168.00        139.50    57.73%    136.00   136.50   134.00   134.50      177.50   182.50   170.00   172.00    +37.50   +27.88%
       8               9  2059      川湖                11230.00       4515.00    56.77%   5200.00  5375.00  5045.00  5350.00    12220.00 12220.00 11590.00 11905.00  +6555.00  +122.52%
       9              53  8996      高力                 1466.00       1421.00    56.26%   1090.00  1155.00  1085.00  1095.00     1065.00  1110.00  1060.00  1075.00    -20.00    -1.83%
      10               5  3593      力銘                    0.00          0.00    55.71%     16.70    17.00    16.50    16.85       12.40    12.90    11.70    12.90     -3.95   -23.44%
      11               3  9110      越南控-DR                0.00          0.00    55.64%      3.50     3.63     3.35     3.60        0.00     0.00     0.00     0.00     -3.60  -100.00%
      12             276  3055      蔚華科                 109.50        112.80    54.93%    102.50   109.50   100.50   100.50      105.50   113.50   104.00   113.50    +13.00   +12.94%
      13               4  4169      泰宗                  148.00        140.50    54.13%    157.00   157.00   154.00   155.00      157.00   160.00   153.00   153.50     -1.50    -0.97%
      14              18  2466      冠西電                  10.50         11.50    52.82%     46.00    47.95    45.70    47.05       91.40    99.50    89.90    97.10    +50.05  +106.38%
      15              12  8101      華冠                    0.00          0.00    52.58%     16.00    16.45    14.35    16.30       11.55    11.80    11.55    11.75     -4.55   -27.91%
      16               6  2033      佳大                    0.00          0.00    50.03%     15.25    16.00    15.20    16.00       17.00    18.70    17.00    18.70     +2.70   +16.87%
      17             499  2478      大毅                  159.00        194.50    49.35%    142.00   143.00   136.50   137.00      117.50   124.00   117.50   122.00    -15.00   -10.95%
      18              21  6957      裕慶-KY                67.00         23.50    49.29%    183.00   199.00   183.00   188.00      208.00   215.50   208.00   214.00    +26.00   +13.83%
      19              17  1736      喬山                   23.00          0.00    49.11%    120.00   120.50   115.50   116.00      137.00   141.00   134.00   139.50    +23.50   +20.26%
      20              38  6409      旭隼                  883.00        667.00    49.01%    746.00   790.00   727.00   768.00     1020.00  1105.00  1005.00  1040.00   +272.00   +35.42%
      21              27  3406      玉晶光                 478.50        498.50    48.57%    608.00   625.00   600.00   606.00      546.00   552.00   525.00   546.00    -60.00    -9.90%
      22              14  8039      台虹                  223.50        129.50    48.39%    149.50   157.00   146.50   150.50      250.00   254.00   224.50   226.00    +75.50   +50.17%
      23              26  7827      漢康-KY創               32.00         24.50    48.27%    167.50   170.00   155.00   159.00      156.00   160.50   153.50   160.00     +1.00    +0.63%
      24              11  2880      華南金                   0.00          0.00    47.81%     34.15    36.50    33.70    36.40       44.70    44.85    43.35    44.00     +7.60   +20.88%
      25              10  2321      東訊                    0.00          0.00    47.43%     14.90    15.00    14.05    14.10        0.00     0.00     0.00     0.00    -14.10  -100.00%
      26              79  7799      禾榮科                 294.00        267.00    45.79%    324.00   333.00   319.50   323.50      358.00   365.50   355.00   358.00    +34.50   +10.66%
      27             265  6446      藥華藥                1316.00        643.00    45.78%    903.00   906.00   883.00   899.00     1200.00  1360.00  1190.00  1330.00   +431.00   +47.94%
      28              16  1468      昶和                    0.00          0.00    45.68%     12.00    12.15    11.80    12.15       13.50    13.55    13.15    13.55     +1.40   +11.52%
      29              22  1475      業旺                    0.00          0.00    45.59%     25.00    25.85    24.95    25.75       27.20    27.20    27.10    27.15     +1.40    +5.44%
      30              23  911622    泰聚亨-DR                0.00          0.00    45.30%      3.57     3.75     3.57     3.73        3.77     3.77     3.68     3.74     +0.01    +0.27%
      31             419  2243      宏旭-KY                 0.00          0.00    45.18%     27.95    28.10    26.35    27.00       40.05    41.70    39.70    40.60    +13.60   +50.37%
      32              20  2207      和泰車                 127.00         71.00    44.94%    479.50   487.50   471.50   485.00      524.00   524.00   514.00   514.00    +29.00    +5.98%
      33              19  3712      永崴投控                  0.00          0.00    44.63%     19.10    19.75    18.80    19.70       20.35    21.15    20.25    21.15     +1.45    +7.36%
      34              31  1909      榮成                    0.00          0.00    44.47%      9.05     9.43     9.05     9.36       10.00    10.20     9.97    10.15     +0.79    +8.44%
      35              76  8464      億豐                   46.00         35.00    44.45%    323.50   327.50   318.50   324.00      386.00   386.00   373.00   379.00    +55.00   +16.98%
      36              93  2379      瑞昱                  660.00        530.00    44.00%    685.00   689.00   642.00   646.00      752.00   764.00   746.00   758.00   +112.00   +17.34%
      37             111  8021      尖點                  514.00        597.50    43.78%    461.50   470.00   458.00   470.00      408.50   434.50   408.50   434.50    -35.50    -7.55%
      38              36  8443      阿瘦                    0.00          0.00    43.44%     11.25    11.25    11.20    11.25       11.40    11.45    11.40    11.40     +0.15    +1.33%
      39              60  1443      立益物流                  0.00          0.00    43.35%     26.00    26.00    24.85    25.20       25.30    26.05    25.30    26.05     +0.85    +3.37%
      40              30  2892      第一金                   0.00          0.00    43.28%     28.40    29.30    28.10    29.00       35.70    35.70    34.90    34.95     +5.95   +20.52%
==========================================================================================================================================================================
✅ 共 40 筆


══════════════════════════════════════════════════════════════════════════════════════════════════════════════
  🔄 第 39/45 次  2026/06/02 ～ 2026/08/07
══════════════════════════════════════════════════════════════════════════════════════════════════════════════

==========================================================================================================================================================================
📊 動能效率優先權分數排名 (2026/06/02 ~ 2026/08/07)
==========================================================================================================================================================================
    實資排名          累計天數排名  代號        名稱                 累計漲停(元)       累計跌停(元)       強度%  (06/02)開盤      最高      最低      收盤    (08/07)開盤      最高      最低      收盤      賺賠    賺賠率
--------------------------------------------------------------------------------------------------------------------------------------------------------------------------
       1               1  1303      南亞                  185.60        128.00   100.00%    110.00   118.00   108.50   112.50      189.00   193.00   178.50   188.00    +75.50   +67.11%
       2               2  8454      富邦媒                 289.50        175.50    96.73%    237.00   265.50   231.00   265.50      262.00   283.50   261.00   283.50    +18.00    +6.78%
       3               3  6890      來億-KY               102.50        126.00    80.94%    177.50   191.50   175.50   191.50      170.00   177.00   170.00   173.00    -18.50    -9.66%
       4              16  7788      松川精密                225.00        134.50    59.90%    190.00   190.00   178.00   182.00      223.00   239.50   221.50   235.00    +53.00   +29.12%
       5              14  2493      揚博                  326.00        252.50    58.98%    154.00   156.50   146.00   147.00      218.00   224.50   211.00   215.00    +68.00   +46.26%
       6              12  8033      雷虎                  168.00        126.50    57.62%    140.50   140.50   134.50   136.00      190.00   190.00   184.50   185.00    +49.00   +36.03%
       7               7  7827      漢康-KY創               44.50         24.50    57.10%    151.50   167.50   151.50   166.00      156.00   156.50   151.00   156.00    -10.00    -6.02%
       8              13  6957      裕慶-KY                76.50         23.50    56.40%    174.00   181.00   174.00   181.00      209.00   210.00   208.00   208.00    +27.00   +14.92%
       9              71  8996      高力                 1436.00       1421.00    55.62%   1050.00  1080.00  1030.00  1050.00     1080.00  1135.00  1040.00  1045.00     -5.00    -0.48%
      10               4  4169      泰宗                  148.00        140.50    55.35%    156.00   162.00   154.00   160.00      160.00   160.00   153.00   157.00     -3.00    -1.88%
      11               5  9110      越南控-DR                0.00          0.00    55.23%      3.31     3.34     3.18     3.30        3.07     3.07     3.07     3.07     -0.23    -6.97%
      12              21  6409      旭隼                  887.00        667.00    55.19%    712.00   759.00   702.00   742.00     1015.00  1040.00   999.00  1015.00   +273.00   +36.79%
      13               6  3593      力銘                    0.00          0.00    54.20%     16.70    16.70    16.10    16.70       12.05    12.50    12.05    12.50     -4.20   -25.15%
      14              15  8101      華冠                    0.00          0.00    51.73%     15.05    15.10    14.30    15.00        0.00     0.00     0.00     0.00    -15.00  -100.00%
      15             685  3055      蔚華科                  99.50        112.80    51.00%    107.00   107.00    98.20   102.00      113.00   114.00   103.50   103.50     +1.50    +1.47%
      16              10  8039      台虹                  223.50        118.00    50.90%    156.50   160.50   143.00   147.00      230.50   237.50   230.50   237.50    +90.50   +61.56%
      17              27  2466      冠西電                  10.50         11.50    49.91%     47.00    47.00    45.60    45.70       97.30    98.50    91.30    91.40    +45.70  +100.00%
      18               8  2880      華南金                   0.00          0.00    49.58%     32.50    34.40    32.40    34.05       44.15    44.60    43.15    44.40    +10.35   +30.40%
      19              22  2059      川湖                10435.00       4655.00    48.56%   5130.00  5205.00  4985.00  5075.00    11110.00 11110.00 11110.00 11110.00  +6035.00  +118.92%
      20              24  2379      瑞昱                  704.00        530.00    48.35%    612.00   653.00   602.00   653.00      737.00   764.00   733.00   750.00    +97.00   +14.85%
      21             411  2478      大毅                  159.00        194.50    48.11%    144.00   145.00   130.00   143.00      120.00   122.50   113.50   114.00    -29.00   -20.28%
      22              38  3406      玉晶光                 478.50        498.50    48.05%    603.00   609.00   582.00   595.00      551.00   584.00   542.00   546.00    -49.00    -8.24%
      23             308  6949      沛爾生醫-創              864.00        590.00    47.98%    659.00   659.00   626.00   631.00      998.00   999.00   921.00   943.00   +312.00   +49.45%
      24              19  1736      喬山                   23.00          0.00    47.35%    118.00   122.00   117.00   118.00      140.50   141.50   135.00   137.00    +19.00   +16.10%
      25               9  2321      東訊                    0.00          0.00    47.34%     14.95    14.95    14.95    14.95       14.75    15.30    14.60    15.30     +0.35    +2.34%
      26              11  2033      佳大                    0.00          0.00    46.72%     15.30    15.30    15.10    15.20       16.10    17.10    16.10    17.00     +1.80   +11.84%
      27              17  2207      和泰車                 127.00         71.00    46.16%    472.00   479.50   466.50   471.50      514.00   520.00   511.00   516.00    +44.50    +9.44%
      28              20  1468      昶和                    0.00          0.00    45.77%     12.00    12.10    11.80    12.10       13.40    13.55    13.15    13.55     +1.45   +11.98%
      29              28  1475      業旺                    0.00          0.00    45.54%     25.05    25.05    24.85    25.00       27.40    27.40    27.00    27.30     +2.30    +9.20%
      30              29  911622    泰聚亨-DR                0.00          0.00    45.50%      3.64     3.70     3.57     3.64        3.71     3.76     3.70     3.76     +0.12    +3.30%
      31             105  7799      禾榮科                 294.00        267.00    45.30%    331.00   340.50   320.50   326.00      361.00   363.00   353.50   355.00    +29.00    +8.90%
      32              59  8464      億豐                   46.00         35.00    44.85%    323.50   324.50   317.50   322.00      381.00   383.50   373.00   381.00    +59.00   +18.32%
      33              26  2892      第一金                   0.00          0.00    44.36%     27.75    28.20    27.70    28.15       35.85    35.85    35.30    35.55     +7.40   +26.29%
      34              36  1909      榮成                    0.00          0.00    44.28%      9.00     9.09     8.97     9.08       10.00    10.20     9.99    10.00     +0.92   +10.13%
      35              30  8443      阿瘦                    0.00          0.00    44.00%     11.00    11.30    11.00    11.20       11.30    11.40    11.30    11.40     +0.20    +1.79%
      36              33  2886      兆豐金                   0.00          0.00    43.80%     41.20    42.40    41.05    41.70       51.20    51.20    50.40    50.90     +9.20   +22.06%
      37              25  2006      東和鋼鐵                  0.00          0.00    43.66%     67.50    67.60    65.80    66.50       85.60    88.50    85.30    88.50    +22.00   +33.08%
      38             642  2243      宏旭-KY                 0.00          0.00    43.38%     29.35    29.45    27.10    28.00       43.55    43.55    39.30    40.05    +12.05   +43.04%
      39              35  2887      台新新光金                 0.00          0.00    42.91%     24.45    26.10    24.30    26.10       35.40    35.50    34.80    35.15     +9.05   +34.67%
      40              82  2923      鼎固-KY                 0.00          0.00    42.86%     25.40    26.60    25.00    26.20       28.50    28.50    27.00    27.20     +1.00    +3.82%
==========================================================================================================================================================================
✅ 共 40 筆


══════════════════════════════════════════════════════════════════════════════════════════════════════════════
  🔄 第 40/45 次  2026/06/01 ～ 2026/08/06
══════════════════════════════════════════════════════════════════════════════════════════════════════════════

==========================================================================================================================================================================
📊 動能效率優先權分數排名 (2026/06/01 ~ 2026/08/06)
==========================================================================================================================================================================
    實資排名          累計天數排名  代號        名稱                 累計漲停(元)       累計跌停(元)       強度%  (06/01)開盤      最高      最低      收盤    (08/06)開盤      最高      最低      收盤      賺賠    賺賠率
--------------------------------------------------------------------------------------------------------------------------------------------------------------------------
       1               2  8454      富邦媒                 274.50        175.50   100.00%    240.00   254.00   236.50   241.50      258.50   261.50   255.00   258.00    +16.50    +6.83%
       2               1  1303      南亞                  176.10        128.00    94.20%     98.70   107.50    97.50   107.50      174.00   182.00   169.50   178.50    +71.00   +66.05%
       3               6  6890      來億-KY               102.50        126.00    74.39%    169.00   177.00   169.00   174.50      169.00   171.50   167.00   170.50     -4.00    -2.29%
       4               3  7827      漢康-KY創               61.00         24.50    64.93%    137.00   155.00   135.00   153.50      156.00   157.50   151.00   156.50     +3.00    +1.95%
       5              22  2493      揚博                  326.00        252.50    53.19%    159.00   159.00   150.00   153.00      208.50   223.50   201.00   220.00    +67.00   +43.79%
       6               7  8033      雷虎                  168.00        126.50    52.66%    146.00   147.50   139.50   141.00      187.50   191.00   184.00   190.00    +49.00   +34.75%
       7              15  6957      裕慶-KY                76.50         23.50    52.22%    168.00   172.50   166.00   171.50      212.00   212.00   204.00   210.00    +38.50   +22.45%
       8             106  7788      松川精密                208.00        134.50    52.01%    195.00   195.00   187.50   189.50      209.50   222.50   206.50   218.00    +28.50   +15.04%
       9               4  4169      泰宗                  148.00        140.50    50.74%    160.00   160.50   156.50   158.50      163.00   163.00   159.50   161.00     +2.50    +1.58%
      10               5  9110      越南控-DR                0.00          0.00    50.68%      3.00     3.04     2.99     3.04        3.00     3.30     2.97     3.13     +0.09    +2.96%
      11              28  6409      旭隼                  887.00        667.00    50.28%    713.00   718.00   697.00   713.00      962.00  1025.00   939.00  1010.00   +297.00   +41.65%
      12              10  8101      華冠                    0.00          0.00    49.76%     13.25    14.55    13.25    14.55       13.20    13.20    12.40    12.50     -2.05   -14.09%
      13               9  3593      力銘                    0.00          0.00    48.67%     16.65    16.85    16.00    16.85       12.50    12.50    12.50    12.50     -4.35   -25.82%
      14             168  3055      蔚華科                  99.50        112.80    48.36%    109.00   113.50   107.00   108.50      109.00   114.00   109.00   110.50     +2.00    +1.84%
      15              23  7799      禾榮科                 306.00        267.00    47.83%    318.00   341.00   307.50   330.00      360.50   364.50   354.00   357.00    +27.00    +8.18%
      16              14  2379      瑞昱                  733.00        530.00    47.02%    595.00   610.00   583.00   609.00      746.00   751.00   730.00   744.00   +135.00   +22.17%
      17               8  2880      華南金                   0.00          0.00    47.01%     30.55    33.45    30.55    32.85       43.20    44.60    43.20    44.05    +11.20   +34.09%
      18              13  2466      冠西電                  10.50         11.50    46.59%     47.85    48.35    46.65    47.00       96.00    99.50    95.20    95.50    +48.50  +103.19%
      19              17  2059      川湖                 9575.00       4655.00    45.71%   5285.00  5345.00  5110.00  5215.00     9555.00 10100.00  9510.00 10100.00  +4885.00   +93.67%
      20             102  2478      大毅                  159.00        194.50    45.51%    140.50   152.50   140.50   144.00      118.00   123.00   112.00   121.50    -22.50   -15.62%
      21             100  6949      沛爾生醫-創              864.00        556.00    44.91%    667.00   667.00   607.00   644.00      958.00   978.00   935.00   977.00   +333.00   +51.71%
      22              11  1736      喬山                   23.00          0.00    44.65%    120.50   123.00   116.00   118.50      136.00   147.50   134.50   142.50    +24.00   +20.25%
      23              81  2243      宏旭-KY                 0.00          0.00    44.24%     27.30    30.00    27.20    29.95       43.30    43.45    41.90    42.90    +12.95   +43.24%
      24              45  3406      玉晶光                 478.50        498.50    43.70%    609.00   628.00   598.00   603.00      530.00   552.00   529.00   547.00    -56.00    -9.29%
      25              18  8039      台虹                  202.00        118.00    43.44%    161.50   161.50   149.00   153.00      222.50   229.50   214.00   216.00    +63.00   +41.18%
      26              27  1475      業旺                    0.00          0.00    42.05%     24.60    25.20    24.50    25.10       26.75    27.10    26.75    27.10     +2.00    +7.97%
      27              29  911622    泰聚亨-DR                0.00          0.00    42.00%      3.50     3.65     3.50     3.63        3.72     3.79     3.65     3.79     +0.16    +4.41%
      28              12  2321      東訊                    0.00          0.00    41.94%     15.00    15.00    14.95    14.95        0.00     0.00     0.00     0.00    -14.95  -100.00%
      29              62  6670      復盛應用                 33.50         13.00    41.85%    262.50   274.00   261.50   272.00      256.50   263.50   256.00   263.50     -8.50    -3.12%
      30              37  6414      樺漢                  272.00        175.00    41.69%    364.00   379.50   362.00   375.50      469.00   494.50   463.00   468.00    +92.50   +24.63%
      31              19  1468      昶和                    0.00          0.00    41.64%     11.95    12.10    11.75    12.10       13.75    13.75    13.25    13.45     +1.35   +11.16%
      32              21  2033      佳大                    0.00          0.00    41.13%     15.25    15.40    15.10    15.35       15.80    16.35    15.80    16.35     +1.00    +6.51%
      33              64  8464      億豐                   46.00         35.00    41.01%    321.00   325.50   318.00   324.00      373.50   385.00   373.50   382.00    +58.00   +17.90%
      34              53  2923      鼎固-KY                 0.00          0.00    40.88%     25.05    26.25    24.30    25.70       28.70    29.10    27.40    28.20     +2.50    +9.73%
      35              25  2892      第一金                   0.00          0.00    40.83%     27.45    27.85    27.30    27.75       35.80    36.30    35.50    35.50     +7.75   +27.93%
      36              26  2886      兆豐金                   0.00          0.00    40.80%     40.20    41.45    40.10    41.45       50.50    51.90    50.30    50.30     +8.85   +21.35%
      37              35  1909      榮成                    0.00          0.00    40.69%      8.89     9.07     8.88     9.04        9.94    10.10     9.94    10.05     +1.01   +11.17%
      38              34  2887      台新新光金                 0.00          0.00    40.63%     23.35    24.70    23.25    24.60       35.30    35.65    34.50    34.50     +9.90   +40.24%
      39              30  7760      享溫馨                   0.00          0.00    40.40%     30.30    32.80    30.30    32.30       33.15    33.65    32.80    33.65     +1.35    +4.18%
      40             131  3018      隆銘綠能                  0.00          0.00    40.29%      9.42     9.56     9.40     9.54       14.10    14.50    14.10    14.50     +4.96   +51.99%
==========================================================================================================================================================================
✅ 共 40 筆


══════════════════════════════════════════════════════════════════════════════════════════════════════════════
  🔄 第 41/45 次  2026/05/29 ～ 2026/08/05
══════════════════════════════════════════════════════════════════════════════════════════════════════════════

==========================================================================================================================================================================
📊 動能效率優先權分數排名 (2026/05/29 ~ 2026/08/05)
==========================================================================================================================================================================
    實資排名          累計天數排名  代號        名稱                 累計漲停(元)       累計跌停(元)       強度%  (05/29)開盤      最高      最低      收盤    (08/05)開盤      最高      最低      收盤      賺賠    賺賠率
--------------------------------------------------------------------------------------------------------------------------------------------------------------------------
       1               1  8454      富邦媒                 295.50        175.50   100.00%    219.00   231.00   216.00   231.00      258.00   265.50   255.50   261.50    +30.50   +13.20%
       2               2  1303      南亞                  176.10        128.00    80.89%     92.00    98.60    91.90    98.10      180.00   184.00   172.50   177.00    +78.90   +80.43%
       3               7  6890      來億-KY               102.50        126.00    62.48%    171.00   171.00   167.00   167.50      165.00   172.00   164.00   171.50     +4.00    +2.39%
       4               3  7827      漢康-KY創               61.00         24.50    54.21%    141.00   150.00   136.00   137.00      156.00   157.00   152.00   156.00    +19.00   +13.87%
       5              81  7788      松川精密                218.00        134.50    50.10%    187.00   191.50   185.00   191.00      208.00   215.00   205.50   210.00    +19.00    +9.95%
       6              27  6409      旭隼                  850.00        667.00    45.24%    711.00   715.00   696.00   709.00      950.00   978.00   950.00   963.00   +254.00   +35.83%
       7               6  8033      雷虎                  168.00        126.50    44.61%    139.00   145.50   139.00   143.00      190.50   190.50   185.00   189.00    +46.00   +32.17%
       8              10  6957      裕慶-KY                76.50         23.50    44.54%    166.50   168.00   163.50   167.00      216.50   221.00   212.00   213.50    +46.50   +27.84%
       9              67  2478      大毅                  171.00        194.50    44.48%    139.00   139.00   130.50   139.00      126.50   128.00   119.00   120.00    -19.00   -13.67%
      10               4  4169      泰宗                  148.00        140.50    43.46%    154.50   157.50   154.00   157.00      164.50   164.50   161.50   162.00     +5.00    +3.18%
      11               8  8101      華冠                    0.00          0.00    43.42%     13.10    13.30    13.10    13.25        0.00     0.00     0.00     0.00    -13.25  -100.00%
      12              73  2493      揚博                  311.50        252.50    42.80%    163.50   166.00   158.00   160.00      224.50   228.00   205.50   205.50    +45.50   +28.44%
      13               5  9110      越南控-DR                0.00          0.00    42.55%      2.70     2.80     2.70     2.80        3.32     3.35     3.09     3.30     +0.50   +17.86%
      14              14  3406      玉晶光                 495.50        498.50    41.56%    580.00   614.00   577.00   603.00      512.00   538.00   508.00   533.00    -70.00   -11.61%
      15              11  3593      力銘                    0.00          0.00    40.55%     16.95    17.10    16.50    16.65       12.60    12.60    12.10    12.50     -4.15   -24.92%
      16             131  3055      蔚華科                  99.50        112.80    40.29%    108.50   110.50   105.00   108.00      108.00   112.00   108.00   112.00     +4.00    +3.70%
      17              30  7799      禾榮科                 306.00        267.00    40.02%    323.50   324.50   318.00   318.00      360.00   364.00   356.50   361.50    +43.50   +13.68%
      18              35  2243      宏旭-KY                 0.00          0.00    39.67%     24.85    27.30    24.85    27.30       44.00    44.50    42.60    43.40    +16.10   +58.97%
      19               9  2880      華南金                   0.00          0.00    39.50%     29.95    31.20    29.80    30.50       43.30    44.40    43.20    43.80    +13.30   +43.61%
      20              19  2059      川湖                 9310.00       4655.00    39.26%   4920.00  5145.00  4825.00  5065.00     9500.00  9575.00  9275.00  9470.00  +4405.00   +86.97%
      21              13  2466      冠西電                  10.50         11.50    39.09%     48.00    48.00    46.50    47.60       96.50    99.10    95.70    96.30    +48.70  +102.31%
      22              17  8039      台虹                  202.00        118.00    37.71%    161.00   168.50   156.00   162.00      214.50   220.00   214.50   220.00    +58.00   +35.80%
      23              36  2382      廣達                  132.50        117.50    37.10%    315.50   339.00   315.50   339.00      306.50   310.50   302.50   304.00    -35.00   -10.32%
      24              15  1468      昶和                    0.00          0.00    35.71%     11.90    12.10    11.70    12.05       13.95    14.00    13.50    13.85     +1.80   +14.94%
      25              37  6446      藥華藥                1326.00        608.00    35.61%    870.00   934.00   868.00   930.00     1245.00  1335.00  1240.00  1335.00   +405.00   +43.55%
      26              12  2321      東訊                    0.00          0.00    35.39%     14.95    15.10    14.95    15.10       15.00    15.00    14.80    15.00     -0.10    -0.66%
      27              26  911622    泰聚亨-DR                0.00          0.00    35.22%      3.57     3.64     3.55     3.64        3.68     3.79     3.68     3.79     +0.15    +4.12%
      28              28  2923      鼎固-KY                 0.00          0.00    35.21%     25.00    26.15    24.65    25.60       29.10    30.40    28.50    29.30     +3.70   +14.45%
      29              42  6414      樺漢                  272.00        175.00    35.10%    359.00   360.50   355.50   360.50      443.00   478.00   440.50   469.00   +108.50   +30.10%
      30              34  1475      業旺                    0.00          0.00    34.94%     24.90    25.00    24.75    24.90       26.95    27.20    26.80    26.85     +1.95    +7.83%
      31              18  1736      喬山                   23.00          0.00    34.83%    116.00   119.50   113.50   119.50      123.00   134.50   121.00   134.50    +15.00   +12.55%
      32              52  2379      瑞昱                  733.00        544.00    34.80%    613.00   615.00   580.00   580.00      762.00   770.00   745.00   751.00   +171.00   +29.48%
      33              29  2887      台新新光金                 0.00          0.00    34.65%     23.25    23.45    23.00    23.35       36.00    36.30    35.50    35.70    +12.35   +52.89%
      34              16  3712      永崴投控                  0.00          0.00    34.60%     16.60    18.25    16.50    18.25       18.90    20.35    18.80    20.30     +2.05   +11.23%
      35              20  2892      第一金                   0.00          0.00    34.52%     27.30    27.50    27.20    27.45       35.30    36.10    35.20    35.90     +8.45   +30.78%
      36              63  8464      億豐                   46.00         35.00    34.19%    312.50   321.50   311.00   317.50      375.50   381.00   372.00   375.50    +58.00   +18.27%
      37             101  6670      復盛應用                 33.50         13.00    34.16%    257.50   266.00   257.50   261.50      258.00   261.00   256.50   258.50     -3.00    -1.15%
      38              25  2033      佳大                    0.00          0.00    34.10%     15.15    15.45    15.10    15.45       15.55    16.00    15.50    16.00     +0.55    +3.56%
      39              22  3008      大立光                4715.00       3500.00    34.04%   3515.00  3600.00  3450.00  3515.00     4410.00  4730.00  4340.00  4575.00  +1060.00   +30.16%
      40              24  2886      兆豐金                   0.00          0.00    34.00%     40.45    40.85    40.00    40.00       50.70    51.50    50.20    51.20    +11.20   +28.00%
==========================================================================================================================================================================
✅ 共 40 筆


══════════════════════════════════════════════════════════════════════════════════════════════════════════════
  🔄 第 42/45 次  2026/05/28 ～ 2026/08/04
══════════════════════════════════════════════════════════════════════════════════════════════════════════════

==========================================================================================================================================================================
📊 動能效率優先權分數排名 (2026/05/28 ~ 2026/08/04)
==========================================================================================================================================================================
    實資排名          累計天數排名  代號        名稱                 累計漲停(元)       累計跌停(元)       強度%  (05/28)開盤      最高      最低      收盤    (08/04)開盤      最高      最低      收盤      賺賠    賺賠率
--------------------------------------------------------------------------------------------------------------------------------------------------------------------------
       1               1  8454      富邦媒                 314.50        175.50   100.00%    193.50   210.00   193.50   210.00      243.00   254.00   241.50   253.50    +43.50   +20.71%
       2               2  1303      南亞                  176.10        128.00    68.75%     96.00    96.00    89.80    90.50      165.00   179.00   164.50   170.50    +80.00   +88.40%
       3              13  6890      來億-KY               102.50        126.00    52.71%    171.50   172.50   167.00   169.50      163.00   166.00   160.50   163.50     -6.00    -3.54%
       4               4  7827      漢康-KY創               61.00         24.50    46.70%        --       --       --       --      149.00   154.50   149.00   153.50        --        --
       5             205  7788      松川精密                218.00        134.50    42.03%    190.00   194.50   180.50   181.00      189.00   204.00   188.50   203.50    +22.50   +12.43%
       6              21  2478      大毅                  171.00        194.50    40.75%    118.50   129.50   118.50   127.00      116.00   125.00   112.00   121.50     -5.50    -4.33%
       7              23  2493      揚博                  311.50        238.00    38.99%    162.50   173.50   162.00   163.00      201.50   220.00   199.00   220.00    +57.00   +34.97%
       8               6  8033      雷虎                  157.50        126.50    38.79%    135.00   138.00   134.50   135.00      175.50   180.00   175.50   178.50    +43.50   +32.22%
       9              11  6957      裕慶-KY                76.50         23.50    38.68%    166.50   169.50   163.50   163.50      214.00   214.50   210.50   210.50    +47.00   +28.75%
      10               7  8101      華冠                    0.00          0.00    38.37%     13.25    13.80    13.25    13.80       13.10    13.10    13.10    13.10     -0.70    -5.07%
      11              44  6409      旭隼                  828.00        667.00    38.20%    718.00   731.00   692.00   699.00      921.00   950.00   917.00   941.00   +242.00   +34.62%
      12               3  4169      泰宗                  148.00        140.50    37.53%    157.50   157.50   152.00   154.50      160.50   165.50   160.00   162.00     +7.50    +4.85%
      13               8  3593      力銘                    0.00          0.00    35.68%     16.60    17.40    16.60    16.95       12.65    12.65    12.35    12.60     -4.35   -25.66%
      14               5  9110      越南控-DR                0.00          0.00    35.48%      2.92     2.92     2.70     2.71        3.25     3.43     3.25     3.43     +0.72   +26.57%
      15              25  2243      宏旭-KY                 0.00          0.00    35.29%     24.05    25.95    24.05    24.85       43.35    45.20    42.40    43.30    +18.45   +74.25%
      16              31  7799      禾榮科                 306.00        267.00    34.28%    326.00   335.00   318.00   321.00      343.50   358.00   342.50   355.00    +34.00   +10.59%
      17              10  2880      華南金                   0.00          0.00    33.64%     30.10    30.30    29.60    29.60       42.00    44.10    42.00    43.25    +13.65   +46.11%
      18              15  2466      冠西電                  10.50         11.50    33.48%     47.80    48.00    46.70    46.80       97.10    98.90    93.40    95.10    +48.30  +103.21%
      19             321  3055      蔚華科                  89.50        112.80    32.97%    112.50   112.50   103.50   105.50       98.20   102.00    95.70   102.00     -3.50    -3.32%
      20              24  2492      華新科                 563.00        650.50    32.79%    355.00   397.00   355.00   390.00      251.00   263.00   243.50   259.50   -130.50   -33.46%
      21              56  2382      廣達                  132.50        117.50    32.06%    312.50   319.00   308.50   308.50      291.00   305.00   291.00   300.50     -8.00    -2.59%
      22               9  2408      南亞科                 645.50        503.50    32.01%    310.00   339.00   306.00   324.00      400.00   436.00   400.00   436.00   +112.00   +34.57%
      23              14  1468      昶和                    0.00          0.00    31.21%     11.95    12.00    11.60    12.00       13.95    14.10    13.55    14.00     +2.00   +16.67%
      24              28  8039      台虹                  182.00        118.00    30.81%    162.00   162.00   150.00   153.50      191.50   203.50   190.50   200.00    +46.50   +30.29%
      25              12  2321      東訊                    0.00          0.00    30.65%     15.00    15.00    14.95    14.95       14.55    16.10    14.55    15.00     +0.05    +0.33%
      26              45  2059      川湖                 9310.00       4850.00    30.39%   4930.00  5120.00  4615.00  4700.00     8720.00  9495.00  8720.00  9495.00  +4795.00  +102.02%
      27              26  1475      業旺                    0.00          0.00    30.36%     24.90    25.00    24.50    24.85       26.90    27.35    26.65    27.00     +2.15    +8.65%
      28              37  911622    泰聚亨-DR                0.00          0.00    29.92%      3.66     3.66     3.59     3.65        3.58     3.68     3.58     3.68     +0.03    +0.82%
      29              32  2887      台新新光金                 0.00          0.00    29.91%     23.40    23.55    23.00    23.00       34.75    35.90    34.75    35.55    +12.55   +54.57%
      30              27  1909      榮成                    0.00          0.00    29.68%      8.81     8.99     8.80     8.91        9.95    10.20     9.91    10.10     +1.19   +13.36%
      31              61  8464      億豐                   46.00         35.00    29.53%    311.00   311.00   302.50   308.50      372.50   379.50   371.50   375.50    +67.00   +21.72%
      32             203  2483      百容                    0.00          0.00    29.48%     25.50    26.05    25.30    25.50       36.30    40.10    36.30    39.60    +14.10   +55.29%
      33             248  7610      聯友金屬-創             2905.00       2520.00    29.48%   1225.00  1345.00  1225.00  1345.00     1450.00  1450.00  1450.00  1450.00   +105.00    +7.81%
      34              49  2923      鼎固-KY                 0.00          0.00    29.46%     25.00    25.00    23.35    23.80       31.80    32.00    29.70    29.75     +5.95   +25.00%
      35              20  2892      第一金                   0.00          0.00    29.38%     27.60    27.65    27.25    27.25       35.40    36.25    35.15    35.30     +8.05   +29.54%
      36              18  3231      緯創                   96.50         27.50    29.36%    146.00   149.00   143.00   144.50      186.50   198.00   183.00   195.00    +50.50   +34.95%
      37              17  2886      兆豐金                   0.00          0.00    29.34%     39.80    40.25    39.50    39.80       50.60    51.60    50.50    50.70    +10.90   +27.39%
      38              16  6598      ABC-KY                0.00          0.00    29.33%     25.00    25.30    24.70    24.75       31.35    31.60    30.25    31.50     +6.75   +27.27%
      39             137  6670      復盛應用                 33.50         13.00    29.29%    262.00   262.00   257.00   258.00      256.00   259.50   254.50   258.00     +0.00    +0.00%
      40              29  2033      佳大                    0.00          0.00    29.24%     15.10    15.25    15.00    15.25       15.20    15.75    15.20    15.75     +0.50    +3.28%
==========================================================================================================================================================================
✅ 共 40 筆


══════════════════════════════════════════════════════════════════════════════════════════════════════════════
  🔄 第 43/45 次  2026/05/27 ～ 2026/08/03
══════════════════════════════════════════════════════════════════════════════════════════════════════════════

==========================================================================================================================================================================
📊 動能效率優先權分數排名 (2026/05/27 ~ 2026/08/03)
==========================================================================================================================================================================
    實資排名          累計天數排名  代號        名稱                 累計漲停(元)       累計跌停(元)       強度%  (05/27)開盤      最高      最低      收盤    (08/03)開盤      最高      最低      收盤      賺賠    賺賠率
--------------------------------------------------------------------------------------------------------------------------------------------------------------------------
       1               1  8454      富邦媒                 314.50        175.50   100.00%    190.00   191.00   186.50   191.00      242.00   250.00   236.50   247.50    +56.50   +29.58%
       2               2  1303      南亞                  176.10        128.00    69.63%     93.60    96.40    92.30    95.50      166.00   175.00   162.00   165.00    +69.50   +72.77%
       3              14  6890      來億-KY               102.50        126.00    54.26%    171.50   173.00   168.50   170.50      167.00   171.00   166.00   166.00     -4.50    -2.64%
       4               3  6957      裕慶-KY                86.00         23.50    48.85%    160.00   169.00   159.50   169.00      210.50   217.00   210.50   213.00    +44.00   +26.04%
       5              12  7827      漢康-KY創               61.00         24.50    47.51%        --       --       --       --      144.50   152.00   144.50   150.50        --        --
       6              34  6409      旭隼                  839.00        667.00    43.01%    703.00   732.00   699.00   707.00      952.00   970.00   927.00   934.00   +227.00   +32.11%
       7              32  2478      大毅                  171.00        194.50    41.67%    121.00   123.50   113.50   120.00      108.00   119.00   107.50   118.00     -2.00    -1.67%
       8               5  8101      華冠                    0.00          0.00    41.43%     12.95    13.70    12.95    13.70       13.10    13.10    13.10    13.10     -0.60    -4.38%
       9             692  7788      松川精密                207.00        134.50    41.25%    196.00   197.00   185.00   188.50      187.50   200.00   185.00   192.50     +4.00    +2.12%
      10              10  2492      華新科                 575.50        650.50    40.74%    345.00   361.00   345.00   361.00      226.50   239.50   226.50   239.50   -121.50   -33.66%
      11               8  8033      雷虎                  157.50        126.50    39.87%    137.50   138.00   134.50   135.00      169.50   175.50   167.50   172.50    +37.50   +27.78%
      12               4  4169      泰宗                  148.00        140.50    38.93%    155.00   155.00   152.00   152.50      158.00   167.50   157.00   160.50     +8.00    +5.25%
      13               6  9110      越南控-DR                0.00          0.00    37.84%      2.50     2.70     2.50     2.69        0.00     0.00     0.00     0.00     -2.69  -100.00%
      14               7  3593      力銘                    0.00          0.00    37.59%     17.40    17.40    16.25    17.30       12.50    12.80    12.50    12.75     -4.55   -26.30%
      15             108  2493      揚博                  291.50        238.00    37.20%    171.00   171.50   151.00   158.00      184.00   200.00   180.00   200.00    +42.00   +26.58%
      16              29  2243      宏旭-KY                 0.00          0.00    37.15%     23.90    24.20    23.50    23.75       41.85    44.20    41.55    43.20    +19.45   +81.89%
      17              50  7799      禾榮科                 306.00        267.00    35.27%    329.50   336.50   322.00   322.00      352.50   355.50   339.00   352.00    +30.00    +9.32%
      18              15  2466      冠西電                  10.50         11.50    35.21%     49.35    50.50    47.50    47.70       88.60    98.90    88.50    97.40    +49.70  +104.19%
      19              11  2880      華南金                   0.00          0.00    34.78%     30.35    30.55    29.95    29.95       42.95    43.85    42.15    43.05    +13.10   +43.74%
      20              17  2923      鼎固-KY                 0.00          0.00    33.50%     23.10    24.75    22.40    23.95       35.00    35.35    32.00    33.00     +9.05   +37.79%
      21              13  1468      昶和                    0.00          0.00    33.32%     11.95    12.10    11.75    12.05       14.00    14.10    13.70    14.00     +1.95   +16.18%
      22             149  2327      國巨*                 956.50       1059.50    33.19%    683.00   727.00   683.00   701.00      534.00   552.00   526.00   552.00   -149.00   -21.26%
      23               9  2321      東訊                    0.00          0.00    33.02%     14.30    15.50    14.25    15.00       13.25    14.70    13.25    14.70     -0.30    -2.00%
      24             116  2382      廣達                  132.50        117.50    32.88%    322.00   323.50   312.00   312.00      287.50   300.00   284.00   296.50    -15.50    -4.97%
      25             705  3055      蔚華科                  89.50        112.80    32.74%    122.50   122.50   111.00   112.50       87.80    95.00    87.80    93.10    -19.40   -17.24%
      26              21  1475      業旺                    0.00          0.00    32.31%     25.00    25.20    24.55    25.00       26.55    27.15    26.55    27.15     +2.15    +8.60%
      27              33  4807      日成-KY                 0.00          0.00    32.02%     24.00    25.65    23.35    25.05       37.40    39.00    37.35    39.00    +13.95   +55.69%
      28              36  8039      台虹                  172.50        118.00    31.76%    158.00   166.50   153.00   160.00      170.50   190.50   168.50   190.50    +30.50   +19.06%
      29             103  6670      復盛應用                 33.50         13.00    31.56%    255.00   262.00   252.50   262.00      255.50   260.00   251.50   259.50     -2.50    -0.95%
      30              18  2892      第一金                   0.00          0.00    31.41%     27.70    27.80    27.55    27.60       36.30    36.45    35.65    35.95     +8.35   +30.25%
      31              27  1909      榮成                    0.00          0.00    31.39%      8.91     8.94     8.81     8.90        9.85    10.05     9.75    10.05     +1.15   +12.92%
      32              39  911622    泰聚亨-DR                0.00          0.00    31.35%      3.67     3.67     3.59     3.66        3.65     3.66     3.50     3.62     -0.04    -1.09%
      33              19  2886      兆豐金                   0.00          0.00    31.26%     39.60    39.95    39.40    39.45       52.30    52.90    51.00    51.60    +12.15   +30.80%
      34              16  6598      ABC-KY                0.00          0.00    31.24%     25.00    25.85    24.70    24.95       30.10    31.65    29.45    31.35     +6.40   +25.65%
      35              37  2887      台新新光金                 0.00          0.00    31.16%     23.70    23.80    23.30    23.30       35.50    35.80    34.75    35.30    +12.00   +51.50%
      36              93  7631      聚賢研發-創               36.00         17.00    31.13%    126.00   127.00   125.50   126.00      128.50   137.00   128.50   132.50     +6.50    +5.16%
      37              31  7760      享溫馨                   0.00          0.00    30.97%     33.00    33.00    32.70    32.75       33.20    33.80    32.70    33.80     +1.05    +3.21%
      38              62  2379      瑞昱                  701.00        555.00    30.80%    595.00   624.00   595.00   605.00      666.00   719.00   656.00   704.00    +99.00   +16.36%
      39              28  8443      阿瘦                    0.00          0.00    30.77%     11.15    11.30    11.15    11.25       11.35    11.50    11.35    11.50     +0.25    +2.22%
      40             230  3018      隆銘綠能                  0.00          0.00    30.73%      9.51     9.60     9.50     9.60       14.65    14.75    14.00    14.35     +4.75   +49.48%
==========================================================================================================================================================================
✅ 共 40 筆


══════════════════════════════════════════════════════════════════════════════════════════════════════════════
  🔄 第 44/45 次  2026/05/26 ～ 2026/07/31
══════════════════════════════════════════════════════════════════════════════════════════════════════════════

==========================================================================================================================================================================
📊 動能效率優先權分數排名 (2026/05/26 ~ 2026/07/31)
==========================================================================================================================================================================
    實資排名          累計天數排名  代號        名稱                 累計漲停(元)       累計跌停(元)       強度%  (05/26)開盤      最高      最低      收盤    (07/31)開盤      最高      最低      收盤      賺賠    賺賠率
--------------------------------------------------------------------------------------------------------------------------------------------------------------------------
       1               1  8454      富邦媒                 314.50        175.50   100.00%    188.00   190.00   188.00   188.00      252.00   260.50   244.00   245.50    +57.50   +30.59%
       2               2  1303      南亞                  176.10        128.00    71.29%     87.80    94.40    87.80    90.80      159.50   159.50   159.50   159.50    +68.70   +75.66%
       3              11  6890      來億-KY               102.50        126.00    55.10%    170.50   173.00   168.00   169.00      173.00   175.00   168.00   168.00     -1.00    -0.59%
       4               4  6957      裕慶-KY                86.00         23.50    49.18%    160.00   160.00   157.00   159.50      223.00   226.00   216.00   226.00    +66.50   +41.69%
       5              87  7827      漢康-KY創               61.00         24.50    47.10%        --       --       --       --      142.00   144.00   140.00   142.50        --        --
       6               5  8101      華冠                    0.00          0.00    42.40%     13.30    13.30    13.30    13.30       12.80    12.80    12.80    12.80     -0.50    -3.76%
       7               9  2492      華新科                 554.00        650.50    42.36%    303.00   330.00   289.50   328.50      218.00   218.00   218.00   218.00   -110.50   -33.64%
       8             825  7788      松川精密                207.00        134.50    41.27%    194.00   194.00   187.50   190.50      190.50   190.50   183.00   189.50     -1.00    -0.52%
       9              75  2478      大毅                  161.50        194.50    40.93%    120.00   121.50   112.00   119.00      109.50   109.50   104.00   108.50    -10.50    -8.82%
      10              98  2493      揚博                  288.00        238.00    40.16%    155.50   163.50   153.00   163.50      182.00   182.00   174.00   182.00    +18.50   +11.31%
      11               8  8033      雷虎                  157.50        126.50    39.96%    139.50   140.50   135.50   136.50      165.00   165.00   160.00   165.00    +28.50   +20.88%
      12               3  4169      泰宗                  148.00        140.50    39.14%    158.50   158.50   155.00   155.00      156.00   165.00   147.00   165.00    +10.00    +6.45%
      13               6  9110      越南控-DR                0.00          0.00    38.61%      2.61     2.61     2.53     2.58        3.15     3.28     3.15     3.28     +0.70   +27.13%
      14               7  3593      力銘                    0.00          0.00    38.43%     17.20    17.40    16.55    17.40       12.55    12.90    12.55    12.90     -4.50   -25.86%
      15              37  2243      宏旭-KY                 0.00          0.00    37.48%     23.55    24.00    23.00    23.50       40.45    42.55    40.45    41.55    +18.05   +76.81%
      16              14  2923      鼎固-KY                 0.00          0.00    35.47%     23.20    23.25    22.55    23.00       35.00    36.20    33.25    35.10    +12.10   +52.61%
      17              13  2880      華南金                   0.00          0.00    35.30%     30.85    31.45    30.15    30.15       42.20    45.15    42.20    43.70    +13.55   +44.94%
      18              12  1468      昶和                    0.00          0.00    34.42%     11.95    12.00    11.75    12.00       13.65    14.05    13.65    14.05     +2.05   +17.08%
      19              10  2321      東訊                    0.00          0.00    33.95%     12.95    14.30    12.95    14.30       14.40    14.40    14.40    14.40     +0.10    +0.70%
      20              32  2466      冠西電                  10.50         11.50    33.81%     49.85    49.85    48.25    48.65       98.70   101.50    91.00    91.10    +42.45   +87.26%
      21             410  6409      旭隼                  839.00        663.00    33.13%    721.00   724.00   695.00   696.00      976.00   976.00   940.00   957.00   +261.00   +37.50%
      22             288  2382      廣達                  132.50        117.50    33.04%    322.00   327.00   316.50   316.50      299.00   299.00   285.00   291.50    -25.00    -7.90%
      23             745  3055      蔚華科                  89.50        112.80    32.99%    118.00   121.50   114.00   119.00      102.50   102.50    88.10    90.40    -28.60   -24.03%
      24              20  1475      業旺                    0.00          0.00    32.82%     25.10    25.20    24.70    25.00       27.10    27.20    26.50    27.20     +2.20    +8.80%
      25              16  2892      第一金                   0.00          0.00    32.74%     27.55    27.80    27.50    27.70       35.55    36.90    35.40    36.75     +9.05   +32.67%
      26              15  2207      和泰車                 154.00         55.00    32.73%    460.00   465.50   459.50   462.00      547.00   573.00   540.00   558.00    +96.00   +20.78%
      27              23  2247      汎德永業                 33.00          0.00    32.71%    205.50   206.00   204.50   205.00      232.00   234.50   229.00   230.00    +25.00   +12.20%
      28              17  2886      兆豐金                   0.00          0.00    32.51%     39.50    40.05    39.40    39.40       51.50    53.70    51.00    53.10    +13.70   +34.77%
      29              21  2887      台新新光金                 0.00          0.00    32.47%     23.40    24.10    23.40    23.60       33.95    36.00    33.75    35.95    +12.35   +52.33%
      30              27  911622    泰聚亨-DR                0.00          0.00    32.39%      3.70     3.70     3.59     3.67        3.65     3.65     3.63     3.65     -0.02    -0.54%
      31             117  3018      隆銘綠能                  0.00          0.00    32.26%      9.49     9.53     9.49     9.53       16.05    16.05    14.45    15.50     +5.97   +62.64%
      32              24  1909      榮成                    0.00          0.00    31.99%      8.93     8.96     8.82     8.91       10.00    10.25     9.85     9.85     +0.94   +10.55%
      33             188  6670      復盛應用                 33.50         13.00    31.75%    257.50   257.50   254.00   254.50      265.00   270.00   253.50   254.00     -0.50    -0.20%
      34              18  6598      ABC-KY                0.00          0.00    31.74%     24.50    25.10    24.40    24.85       28.75    30.50    28.75    30.10     +5.25   +21.13%
      35              19  8443      阿瘦                    0.00          0.00    31.73%     11.20    11.30    11.20    11.30       11.50    11.55    11.30    11.50     +0.20    +1.77%
      36              34  7760      享溫馨                   0.00          0.00    31.40%     33.50    33.50    32.80    33.05       33.45    34.00    33.30    34.00     +0.95    +2.87%
      37              79  4807      日成-KY                 0.00          0.00    31.34%     24.45    25.65    23.05    23.35       40.65    40.65    37.25    37.25    +13.90   +59.53%
      38              40  8411      福貞-KY                 0.00          0.00    31.23%     12.10    12.10    11.95    12.00       12.95    13.30    12.80    13.30     +1.30   +10.83%
      39             181  7631      聚賢研發-創               36.00         17.00    31.18%    126.00   127.50   125.00   127.50      138.00   138.00   127.00   135.00     +7.50    +5.88%
      40              26  2884      玉山金                   0.00          0.00    31.03%     30.90    31.50    30.90    31.15       37.75    39.10    37.55    38.65     +7.50   +24.08%
==========================================================================================================================================================================
✅ 共 40 筆


══════════════════════════════════════════════════════════════════════════════════════════════════════════════
  🔄 第 45/45 次  2026/05/25 ～ 2026/07/30
══════════════════════════════════════════════════════════════════════════════════════════════════════════════

==========================================================================================================================================================================
📊 動能效率優先權分數排名 (2026/05/25 ~ 2026/07/30)
==========================================================================================================================================================================
    實資排名          累計天數排名  代號        名稱                 累計漲停(元)       累計跌停(元)       強度%  (05/25)開盤      最高      最低      收盤    (07/30)開盤      最高      最低      收盤      賺賠    賺賠率
--------------------------------------------------------------------------------------------------------------------------------------------------------------------------
       1               2  8454      富邦媒                 314.50        175.50   100.00%    194.00   194.00   187.50   188.00      251.00   251.50   230.00   246.50    +58.50   +31.12%
       2               1  1303      南亞                  161.60        128.00    71.49%     87.40    89.20    86.40    87.10      135.50   155.50   135.50   145.00    +57.90   +66.48%
       3              12  6890      來億-KY               102.50        126.00    55.96%    171.00   171.00   167.00   169.50      176.00   176.00   165.50   168.00     -1.50    -0.88%
       4               4  2492      華新科                 563.50        650.50    52.06%    306.00   321.50   306.00   321.50      204.00   220.50   198.50   198.50   -123.00   -38.26%
       5               6  6957      裕慶-KY                68.00         23.50    49.11%    160.00   160.00   157.50   160.00      222.00   222.00   207.00   208.00    +48.00   +30.00%
       6             744  7827      漢康-KY創               61.00         24.50    47.55%        --       --       --       --      138.00   141.00   136.00   140.00        --        --
       7              15  2493      揚博                  283.00        238.00    46.31%    139.50   151.00   138.50   149.00      161.50   184.00   161.50   165.50    +16.50   +11.07%
       8               3  8101      華冠                    0.00          0.00    44.61%     12.85    14.10    12.75    13.90       12.80    12.80    12.80    12.80     -1.10    -7.91%
       9             830  7788      松川精密                191.00        134.50    41.58%    198.00   206.00   193.50   193.50      184.50   188.50   171.50   173.50    -20.00   -10.34%
      10               8  8033      雷虎                  142.50        126.50    40.55%    139.00   141.00   136.50   138.50      145.00   158.00   145.00   150.00    +11.50    +8.30%
      11             445  2478      大毅                  161.50        194.50    39.69%    134.00   134.00   119.00   120.00      102.50   108.50    97.90    99.90    -20.10   -16.75%
      12               5  4169      泰宗                  148.00        140.50    38.86%    156.00   159.00   152.00   158.50      163.00   180.00   163.00   163.00     +4.50    +2.84%
      13               9  3593      力銘                    0.00          0.00    38.56%     17.45    17.45    17.05    17.45       12.45    12.90    12.45    12.85     -4.60   -26.36%
      14               7  9110      越南控-DR                0.00          0.00    38.56%      2.59     2.67     2.48     2.60        3.01     3.15     3.00     3.15     +0.55   +21.15%
      15              52  2243      宏旭-KY                 0.00          0.00    38.23%     22.80    23.50    22.15    23.50       45.30    45.90    39.85    39.85    +16.35   +69.57%
      16              64  6409      旭隼                  808.00        663.00    37.05%    689.00   722.00   683.00   715.00      928.00   942.00   869.00   888.00   +173.00   +24.20%
      17              11  2923      鼎固-KY                 0.00          0.00    36.89%     21.65    22.90    21.05    22.50       42.50    44.15    36.90    36.90    +14.40   +64.00%
      18              10  2321      東訊                    0.00          0.00    35.62%     12.40    13.00    12.40    13.00       14.80    14.80    14.80    14.80     +1.80   +13.85%
      19              14  2466      冠西電                  10.50         11.50    35.59%     51.00    51.90    49.10    49.85       91.30    97.10    89.10    92.70    +42.85   +85.96%
      20             406  3055      蔚華科                  89.50        112.80    35.23%    120.00   126.00   117.50   118.00       94.00   103.00    93.20    93.20    -24.80   -21.02%
      21              13  1468      昶和                    0.00          0.00    34.82%     11.95    12.15    11.70    12.10       13.45    13.85    13.25    13.70     +1.60   +13.22%
      22              18  2880      華南金                   0.00          0.00    34.45%     32.00    32.00    30.55    30.55       41.90    42.65    41.15    42.65    +12.10   +39.61%
      23              53  3018      隆銘綠能                  0.00          0.00    34.11%      9.28     9.49     9.27     9.49       17.00    18.90    15.55    16.00     +6.51   +68.60%
      24              20  2247      汎德永業                 33.00          0.00    33.94%    207.50   210.00   204.50   205.50      229.00   234.00   226.00   230.50    +25.00   +12.17%
      25             327  2382      廣達                  120.00        117.50    33.87%    322.00   325.00   316.50   316.50      288.00   288.00   279.00   279.00    -37.50   -11.85%
      26              29  4807      日成-KY                 0.00          0.00    33.84%     23.70    24.00    22.95    23.85       37.25    37.65    36.60    37.00    +13.15   +55.14%
      27              24  911622    泰聚亨-DR                0.00          0.00    33.67%      3.60     3.76     3.52     3.70        0.00     0.00     0.00     0.00     -3.70  -100.00%
      28              69  6670      復盛應用                 33.50         13.00    33.67%    262.00   262.00   256.00   256.00      267.50   269.00   261.00   261.50     +5.50    +2.15%
      29              23  1475      業旺                    0.00          0.00    33.61%     24.95    25.25    24.70    25.10       27.15    27.15    26.50    27.10     +2.00    +7.97%
      30              41  2379      瑞昱                  680.00        541.00    33.29%    584.00   594.00   578.00   583.00      730.00   745.00   686.00   697.00   +114.00   +19.55%
      31              26  1909      榮成                    0.00          0.00    33.01%      8.92     8.94     8.81     8.91        9.83    10.10     9.83    10.05     +1.14   +12.79%
      32              19  2892      第一金                   0.00          0.00    32.83%     27.60    27.60    27.20    27.60       34.85    35.65    34.45    35.50     +7.90   +28.62%
      33              93  7799      禾榮科                 316.00        277.00    32.73%    329.50   346.50   327.00   338.50      343.50   353.00   335.00   340.00     +1.50    +0.44%
      34              95  7631      聚賢研發-創               36.00         17.00    32.71%    126.00   126.00   123.50   125.50      130.00   133.50   121.50   129.50     +4.00    +3.19%
      35              16  2207      和泰車                 154.00         55.00    32.63%    462.00   464.00   459.00   460.50      523.00   555.00   518.00   551.00    +90.50   +19.65%
      36              92  6414      樺漢                  220.00        175.00    32.59%    356.50   368.00   355.00   363.50      428.00   428.00   393.00   403.00    +39.50   +10.87%
      37             286  3026      禾伸堂                 963.50       1103.50    32.49%    522.00   524.00   522.00   523.00      427.50   442.00   427.50   427.50    -95.50   -18.26%
      38              22  2886      兆豐金                   0.00          0.00    32.46%     39.90    39.90    39.50    39.50       50.10    51.70    49.40    51.50    +12.00   +30.38%
      39              28  8443      阿瘦                    0.00          0.00    32.23%     11.30    11.30    11.15    11.15       11.25    11.45    11.25    11.45     +0.30    +2.69%
      40              46  7760      享溫馨                   0.00          0.00    31.84%     33.30    33.50    32.75    33.30       35.00    35.00    33.30    34.00     +0.70    +2.10%
==========================================================================================================================================================================
✅ 共 40 筆
