資料日期,股票代號,股票名稱,20261002成交量,20261001成交量,20260930成交量,20260929成交量,20260924成交量,20260923成交量,20260922成交量,20260921成交量,20260918成交量,20260917成交量,20260916成交量,20260915成交量,20260914成交量,20260911成交量,20260910成交量,20260909成交量,20260908成交量,20260907成交量,20260904成交量,20260903成交量,20260902成交量,20260901成交量,20260831成交量,20260828成交量,20260827成交量,20260826成交量,20260824成交量,20260821成交量,20260820成交量,20260819成交量,近3日平均成交量,最新成交量占個股近3日總量(%),最新成交量占全市場近3日總量(%),近5日平均成交量,最新成交量占個股近5日總量(%),最新成交量占全市場近5日總量(%),近10日平均成交量,最新成交量占個股近10日總量(%),最新成交量占全市場近10日總量(%),近15日平均成交量,最新成交量占個股近15日總量(%),最新成交量占全市場近15日總量(%),近20日平均成交量,最新成交量占個股近20日總量(%),最新成交量占全市場近20日總量(%),近30日平均成交量,最新成交量占個股近30日總量(%),最新成交量占全市場近30日總量(%)
report_date,code,name,volume_20261002,volume_20261001,volume_20260930,volume_20260929,volume_20260924,volume_20260923,volume_20260922,volume_20260921,volume_20260918,volume_20260917,volume_20260916,volume_20260915,volume_20260914,volume_20260911,volume_20260910,volume_20260909,volume_20260908,volume_20260907,volume_20260904,volume_20260903,volume_20260902,volume_20260901,volume_20260831,volume_20260828,volume_20260827,volume_20260826,volume_20260824,volume_20260821,volume_20260820,volume_20260819,avg_volume_3d,stock_volume_share_3d_pct,market_volume_share_3d_pct,avg_volume_5d,stock_volume_share_5d_pct,market_volume_share_5d_pct,avg_volume_10d,stock_volume_share_10d_pct,market_volume_share_10d_pct,avg_volume_15d,stock_volume_share_15d_pct,market_volume_share_15d_pct,avg_volume_20d,stock_volume_share_20d_pct,market_volume_share_20d_pct,avg_volume_30d,stock_volume_share_30d_pct,market_volume_share_30d_pct
20261002,00411A,主動統一前沿科技,9894000.0,21050000.0,15181000.0,7969000.0,8290000.0,14079000.0,35671000.0,30314000.0,89745000.0,16475000.0,5497000.0,5715000.0,20319000.0,11598000.0,10875000.0,25512000.0,16714000.0,11311000.0,21532000.0,13752000.0,19835000.0,12053000.0,29899000.0,26083000.0,29039000.0,67010000.0,,,,,15375000.0,21.4504,0.233736,12476800.0,15.8598,0.151277,24866800.0,3.9788,0.07688,20178133.33,3.2689,0.055867,19574650.0,2.5272,0.043035,22131230.77,1.7195,0.028821
20261002,006201,元大富櫃50,188000.0,107000.0,105000.0,94000.0,56000.0,171000.0,361000.0,129000.0,353000.0,251000.0,34000.0,128000.0,105000.0,163000.0,41000.0,94000.0,80000.0,125000.0,198000.0,173000.0,145000.0,241000.0,121000.0,100000.0,119000.0,128000.0,131000.0,36000.0,197000.0,191000.0,133333.33,47.0,0.004441,110000.0,34.1818,0.002874,181500.0,10.3581,0.001461,152400.0,8.224,0.001062,147800.0,6.3599,0.000818,145500.0,4.307,0.000548
20261002,00679B,元大美債20年,24784000.0,19274000.0,19354000.0,44924000.0,23958000.0,10718000.0,9786000.0,9862000.0,12033000.0,14890000.0,34000000.0,18466000.0,16372000.0,20309000.0,18308000.0,17810000.0,13408000.0,13789000.0,12233000.0,14902000.0,16432000.0,20611000.0,11882000.0,12614000.0,12443000.0,20781000.0,12302000.0,14170000.0,24166000.0,29125000.0,21137333.33,39.0841,0.585497,26458800.0,18.734,0.378943,18958300.0,13.0729,0.192582,19802533.33,8.3437,0.139945,18459000.0,6.7133,0.107801,18123533.33,4.5583,0.072195
20261002,00687B,國泰20年美債,26931000.0,15674000.0,9734000.0,32147000.0,25251000.0,10385000.0,5169000.0,10637000.0,12518000.0,10286000.0,11571000.0,12274000.0,9945000.0,12224000.0,10832000.0,9347000.0,17289000.0,9082000.0,9223000.0,11607000.0,24313000.0,15473000.0,10479000.0,7552000.0,9356000.0,9941000.0,28455000.0,21076000.0,13182000.0,14856000.0,17446333.33,51.4549,0.636217,21947400.0,24.5414,0.41177,15873200.0,16.9663,0.209265,14371866.67,12.4925,0.152068,13606300.0,9.8965,0.11714,14226966.67,6.3098,0.078449
20261002,00687C,國泰20年美債+櫃U,25000.0,25000.0,28000.0,26000.0,32100.0,25000.0,25000.0,29800.0,25000.0,25000.0,25000.0,25000.0,25000.0,26000.0,25000.0,25000.0,25000.0,25000.0,25000.0,25000.0,25000.0,26000.0,25000.0,25000.0,25000.0,25000.0,25000.0,25000.0,25000.0,25000.0,26000.0,32.0513,0.000591,27220.0,18.3688,0.000382,26590.0,9.402,0.000194,26126.67,6.3792,0.000141,25845.0,4.8365,0.000109,25596.67,3.2556,7.3e-05
20261002,00694B,富邦美債1-3,2146000.0,88000.0,247000.0,265000.0,834000.0,180000.0,1433000.0,474000.0,1371000.0,121000.0,232000.0,268000.0,183000.0,550000.0,145000.0,371000.0,517000.0,115000.0,226000.0,664000.0,603000.0,80000.0,201000.0,151000.0,107000.0,128000.0,224000.0,497000.0,219000.0,240000.0,827000.0,86.4974,0.050697,716000.0,59.9441,0.032812,715900.0,29.9763,0.016675,569133.33,25.1376,0.012118,521500.0,20.5753,0.009334,429333.33,16.6615,0.006251
20261002,00695B,富邦美債7-10,299000.0,123000.0,237000.0,380000.0,391000.0,332000.0,223000.0,234000.0,441000.0,197000.0,386000.0,368000.0,153000.0,2974000.0,69000.0,111000.0,116000.0,149000.0,221000.0,69000.0,123000.0,137000.0,422000.0,90000.0,430000.0,1791000.0,73000.0,209000.0,164000.0,137000.0,219666.67,45.3718,0.007064,286000.0,20.9091,0.004572,285700.0,10.4655,0.002323,453800.0,4.3925,0.001688,373650.0,4.0011,0.001301,368300.0,2.7061,0.000871
20261002,00696B,富邦美債20年,7817000.0,2363000.0,1915000.0,4532000.0,6999000.0,2132000.0,830000.0,1605000.0,3285000.0,793000.0,1614000.0,3394000.0,859000.0,2035000.0,924000.0,1134000.0,3883000.0,1853000.0,1847000.0,1351000.0,5811000.0,1866000.0,1111000.0,4419000.0,2117000.0,915000.0,1386000.0,425000.0,1850000.0,1949000.0,4031666.67,64.63,0.184669,4725200.0,33.0864,0.11952,3227100.0,24.223,0.060741,2739800.0,19.0209,0.044139,2558250.0,15.278,0.034001,2433800.0,10.7062,0.022771
20261002,00697B,元大美債7-10,318000.0,792000.0,274000.0,712000.0,500000.0,297000.0,485000.0,266000.0,403000.0,429000.0,403000.0,382000.0,230000.0,922000.0,250000.0,311000.0,202000.0,336000.0,142000.0,114000.0,115000.0,699000.0,670000.0,337000.0,474000.0,219000.0,192000.0,529000.0,504000.0,317000.0,461333.33,22.9769,0.007512,519200.0,12.2496,0.004862,447600.0,7.1046,0.002471,444200.0,4.7726,0.001796,388400.0,4.0937,0.001383,394133.33,2.6894,0.000926
20261002,00719B,元大美債1-3,1521000.0,2242000.0,1744000.0,2887000.0,3312000.0,1934000.0,2624000.0,3390000.0,2704000.0,2301000.0,3415000.0,1012000.0,1670000.0,2295000.0,1959000.0,2115000.0,2194000.0,2639000.0,1430000.0,1736000.0,1750000.0,2239000.0,1355000.0,2461000.0,2617000.0,983000.0,2125000.0,965000.0,2217000.0,1962000.0,1835666.67,27.6194,0.035932,2341200.0,12.9933,0.023256,2465900.0,6.1681,0.011819,2334000.0,4.3445,0.008588,2256200.0,3.3707,0.006616,2126600.0,2.3841,0.004431
20261002,00720B,元大投資級公司債,6092000.0,9692000.0,5709000.0,11966000.0,7937000.0,3990000.0,2254000.0,2198000.0,4567000.0,2957000.0,3364000.0,2594000.0,5517000.0,4462000.0,4047000.0,4083000.0,5411000.0,3315000.0,3984000.0,3019000.0,2875000.0,3148000.0,4499000.0,2330000.0,5120000.0,3677000.0,5072000.0,2474000.0,5152000.0,5039000.0,7164333.33,28.3441,0.143917,8279200.0,14.7164,0.093146,5736200.0,10.6203,0.047337,5156400.0,7.8763,0.034399,4857900.0,6.2702,0.026498,4551466.67,4.4616,0.017746
20261002,00722B,群益投資級電信債,2796000.0,3324000.0,5391000.0,7506000.0,4198000.0,6528000.0,2248000.0,2834000.0,2742000.0,2541000.0,2472000.0,2411000.0,4964000.0,899000.0,2578000.0,5009000.0,2759000.0,2668000.0,3303000.0,4898000.0,2599000.0,3071000.0,2128000.0,2105000.0,4085000.0,5153000.0,10154000.0,2346000.0,2711000.0,2468000.0,3837000.0,24.2898,0.066053,4643000.0,12.0439,0.04275,4010800.0,6.9712,0.021726,3562133.33,5.2328,0.015788,3603450.0,3.8796,0.012162,3629633.33,2.5678,0.008145
20261002,00723B,群益投資級科技債,154000.0,164000.0,101000.0,131000.0,135000.0,359000.0,113000.0,192000.0,118000.0,153000.0,125000.0,103000.0,107000.0,64000.0,103000.0,106000.0,103000.0,270000.0,127000.0,107000.0,143000.0,150000.0,159000.0,180000.0,292000.0,193000.0,314000.0,153000.0,157000.0,444000.0,139666.67,36.7542,0.003638,137000.0,22.4818,0.002355,162000.0,9.5062,0.001197,141466.67,7.2573,0.00087,141750.0,5.4321,0.00067,167333.33,3.0677,0.000449
20261002,00724B,群益投資級金融債,3783000.0,3655000.0,4374000.0,4102000.0,4248000.0,4635000.0,3464000.0,3594000.0,4854000.0,3545000.0,3758000.0,4052000.0,4571000.0,3472000.0,3788000.0,4304000.0,3751000.0,3710000.0,5420000.0,2957000.0,3687000.0,3624000.0,4159000.0,3572000.0,3644000.0,5582000.0,5295000.0,3430000.0,3658000.0,5013000.0,3937333.33,32.0268,0.089369,4032400.0,18.763,0.057841,4025400.0,9.3978,0.029395,3993000.0,6.3161,0.021361,4001850.0,4.7266,0.016455,4056700.0,3.1084,0.01102
20261002,00725B,國泰投資級公司債,3301000.0,3573000.0,3216000.0,6139000.0,3608000.0,2477000.0,1313000.0,1735000.0,2279000.0,2102000.0,2076000.0,1400000.0,1968000.0,3543000.0,5268000.0,1453000.0,2575000.0,2375000.0,1756000.0,2488000.0,4791000.0,3174000.0,2540000.0,1468000.0,3794000.0,3085000.0,2608000.0,1612000.0,1949000.0,2213000.0,3363333.33,32.7156,0.077983,3967400.0,16.6406,0.050472,2974300.0,11.0984,0.02565,2933200.0,7.5026,0.018639,2732250.0,6.0408,0.014358,2729300.0,4.0316,0.009616
20261002,00726B,國泰新興投等債,454000.0,166000.0,143000.0,342000.0,566000.0,111000.0,220000.0,130000.0,393000.0,164000.0,201000.0,494000.0,147000.0,160000.0,146000.0,210000.0,249000.0,97000.0,160000.0,153000.0,148000.0,222000.0,160000.0,129000.0,123000.0,133000.0,115000.0,135000.0,116000.0,241000.0,254333.33,59.502,0.010725,334200.0,27.1694,0.006942,268900.0,16.8836,0.003528,255800.0,11.8322,0.002564,235300.0,9.6473,0.001975,207600.0,7.2897,0.001322
20261002,00727B,國泰優選非投等債,163000.0,127000.0,124000.0,129000.0,276000.0,107000.0,130000.0,179000.0,136000.0,126000.0,117000.0,108000.0,126000.0,338000.0,116000.0,125000.0,208000.0,115000.0,117000.0,159000.0,183000.0,138000.0,119000.0,153000.0,107000.0,113000.0,188000.0,203000.0,205000.0,242000.0,138000.0,39.372,0.003851,163800.0,19.9023,0.002492,149700.0,10.8884,0.001267,153466.67,7.0808,0.00092,151300.0,5.3866,0.000709,155900.0,3.4851,0.000475
20261002,00734B,台新JPM新興債,221000.0,21000.0,197000.0,790000.0,236000.0,215000.0,110000.0,114000.0,325000.0,248000.0,125000.0,202000.0,101000.0,307000.0,2000.0,336000.0,4000.0,101000.0,20000.0,302000.0,1000.0,1000.0,100000.0,101000.0,602000.0,31000.0,1000.0,1000.0,1000.0,201000.0,146333.33,50.3417,0.005221,293000.0,15.0853,0.003379,247700.0,8.9221,0.001717,214266.67,6.8762,0.001248,198850.0,5.557,0.000961,167233.33,4.405,0.000644
20261002,00740B,富邦全球投等債,3619000.0,1143000.0,1235000.0,1512000.0,4595000.0,1722000.0,1606000.0,1582000.0,2654000.0,1702000.0,1101000.0,1174000.0,2577000.0,1839000.0,2410000.0,2438000.0,1248000.0,1499000.0,869000.0,1810000.0,436000.0,1410000.0,1445000.0,2221000.0,992000.0,2643000.0,716000.0,750000.0,831000.0,2460000.0,1999000.0,60.3468,0.085495,2420800.0,29.8992,0.055334,2137000.0,16.935,0.028121,2031400.0,11.8769,0.020435,1916750.0,9.4405,0.015741,1741300.0,6.9278,0.010542
20261002,00741B,富邦全球非投等債,114000.0,102000.0,118000.0,113000.0,109000.0,193000.0,87000.0,113000.0,104000.0,118000.0,114000.0,119000.0,179000.0,67000.0,120000.0,118000.0,214000.0,133000.0,107000.0,115000.0,107000.0,119000.0,121000.0,73000.0,102000.0,109000.0,116000.0,105000.0,107000.0,101000.0,111333.33,34.1317,0.002693,111200.0,20.5036,0.001743,117100.0,9.7353,0.000886,118000.0,6.4407,0.000644,122850.0,4.6398,0.000496,117233.33,3.2414,0.000332
20261002,00746B,富邦A級公司債,1031000.0,417000.0,233000.0,1468000.0,1083000.0,881000.0,384000.0,338000.0,616000.0,231000.0,585000.0,507000.0,304000.0,824000.0,281000.0,191000.0,581000.0,213000.0,472000.0,227000.0,298000.0,812000.0,609000.0,8000.0,491000.0,102000.0,179000.0,437000.0,136000.0,128000.0,560333.33,61.3325,0.024356,846400.0,24.362,0.015764,668200.0,15.4295,0.008011,612200.0,11.2273,0.005822,543350.0,9.4874,0.004484,468900.0,7.3292,0.003003
20261002,00749B,凱基新興債10+,101000.0,100000.0,103000.0,145000.0,109000.0,102000.0,102000.0,144000.0,123000.0,101000.0,111000.0,106000.0,101000.0,104000.0,101000.0,118000.0,108000.0,121000.0,103000.0,100000.0,120000.0,103000.0,100000.0,100000.0,100000.0,114000.0,192000.0,156000.0,101000.0,144000.0,101333.33,33.2237,0.002386,111600.0,18.1004,0.001544,113000.0,8.9381,0.000785,110200.0,6.1101,0.00057,110150.0,4.5847,0.000439,114433.33,2.942,0.000294
20261002,00750B,凱基科技債10+,114000.0,100000.0,100000.0,101000.0,109000.0,100000.0,113000.0,100000.0,133000.0,100000.0,101000.0,103000.0,101000.0,102000.0,100000.0,100000.0,100000.0,100000.0,100000.0,299000.0,112000.0,100000.0,100000.0,100000.0,100000.0,103000.0,101000.0,101000.0,160000.0,101000.0,104666.67,36.3057,0.002693,104800.0,21.7557,0.001743,107000.0,10.6542,0.000886,105133.33,7.2289,0.000644,113800.0,5.0088,0.000496,111800.0,3.3989,0.000332
20261002,00751B,元大AAA至A公司債,6069000.0,7252000.0,4528000.0,13883000.0,8447000.0,2017000.0,3933000.0,3142000.0,7174000.0,3791000.0,2668000.0,2265000.0,3872000.0,9563000.0,5107000.0,3966000.0,4361000.0,4991000.0,4027000.0,3517000.0,4612000.0,4300000.0,4026000.0,4530000.0,6081000.0,4123000.0,6934000.0,2633000.0,4541000.0,3962000.0,5949666.67,34.0019,0.143374,8035800.0,15.1049,0.092794,6023600.0,10.0754,0.047159,5580733.33,7.2499,0.034269,5228650.0,5.8036,0.026398,5010500.0,4.0375,0.017679
20261002,00754B,群益AAA-AA公司債,293000.0,116000.0,116000.0,130000.0,109000.0,114000.0,102000.0,146000.0,105000.0,104000.0,115000.0,106000.0,220000.0,194000.0,101000.0,107000.0,105000.0,100000.0,100000.0,109000.0,115000.0,156000.0,104000.0,108000.0,104000.0,115000.0,153000.0,114000.0,183000.0,113000.0,175000.0,55.8095,0.006922,152800.0,38.3508,0.00448,133500.0,21.9476,0.002277,138066.67,14.1478,0.001654,129600.0,11.304,0.001274,128566.67,7.5966,0.000854
20261002,00755B,群益投資級公用債,454000.0,112000.0,105000.0,140000.0,104000.0,108000.0,102000.0,101000.0,101000.0,132000.0,104000.0,117000.0,104000.0,52000.0,108000.0,115000.0,109000.0,103000.0,126000.0,130000.0,101000.0,110000.0,105000.0,122000.0,113000.0,149000.0,194000.0,104000.0,115000.0,110000.0,223666.67,67.6602,0.010725,183000.0,49.6175,0.006942,145900.0,31.1172,0.003528,129600.0,23.3539,0.002564,126350.0,17.966,0.001975,125000.0,12.1067,0.001322
20261002,00756B,群益投等新興公債,413000.0,236000.0,154000.0,278000.0,222000.0,171000.0,120000.0,108000.0,215000.0,179000.0,153000.0,163000.0,135000.0,77000.0,208000.0,168000.0,229000.0,234000.0,237000.0,120000.0,192000.0,206000.0,314000.0,137000.0,135000.0,124000.0,182000.0,185000.0,126000.0,224000.0,267666.67,51.4321,0.009757,260600.0,31.6961,0.006315,209600.0,19.7042,0.003209,188800.0,14.5833,0.002332,191000.0,10.8115,0.001796,188166.67,7.3162,0.001203
20261002,00758B,復華能源債,100000.0,104000.0,100000.0,100000.0,100000.0,101000.0,100000.0,100000.0,100000.0,100000.0,102000.0,102000.0,103000.0,100000.0,100000.0,100000.0,102000.0,100000.0,100000.0,100000.0,100000.0,100000.0,100000.0,100000.0,100000.0,100000.0,100000.0,100000.0,100000.0,100000.0,101333.33,32.8947,0.002362,100800.0,19.8413,0.001529,100500.0,9.9502,0.000777,100800.0,6.6138,0.000565,100700.0,4.9652,0.000435,100466.67,3.3179,0.000291
20261002,00759B,復華製藥債,100000.0,100000.0,100000.0,100000.0,100000.0,100000.0,100000.0,100000.0,100000.0,101000.0,101000.0,101000.0,100000.0,100000.0,100000.0,100000.0,100000.0,100000.0,100000.0,101000.0,100000.0,101000.0,100000.0,100000.0,100000.0,104000.0,100000.0,100000.0,101000.0,101000.0,100000.0,33.3333,0.002362,100000.0,20.0,0.001529,100100.0,9.99,0.000777,100200.0,6.6534,0.000565,100200.0,4.99,0.000435,100366.67,3.3212,0.000291
20261002,00760B,復華新興企業債,108000.0,102000.0,104000.0,106000.0,100000.0,103000.0,104000.0,100000.0,100000.0,120000.0,101000.0,105000.0,102000.0,106000.0,102000.0,102000.0,112000.0,102000.0,102000.0,103000.0,104000.0,107000.0,101000.0,101000.0,110000.0,103000.0,103000.0,103000.0,102000.0,107000.0,104666.67,34.3949,0.002551,104000.0,20.7692,0.001651,104700.0,10.3152,0.000839,104200.0,6.9098,0.00061,104200.0,5.1823,0.00047,104166.67,3.456,0.000315
20261002,00761B,國泰A級公司債,493000.0,510000.0,168000.0,575000.0,443000.0,220000.0,506000.0,132000.0,676000.0,261000.0,362000.0,312000.0,327000.0,259000.0,229000.0,259000.0,478000.0,284000.0,762000.0,263000.0,253000.0,350000.0,322000.0,439000.0,180000.0,197000.0,152000.0,142000.0,116000.0,220000.0,390333.33,42.1008,0.011647,437800.0,22.5217,0.007538,398400.0,12.3745,0.003831,364866.67,9.0079,0.002784,375950.0,6.5567,0.002144,329666.67,4.9848,0.001436
20261002,00764B,群益25年美債,3494000.0,2156000.0,9133000.0,2706000.0,9145000.0,13380000.0,4249000.0,3726000.0,8934000.0,3471000.0,2372000.0,4386000.0,11485000.0,2042000.0,3992000.0,10975000.0,3714000.0,3333000.0,9238000.0,9329000.0,4356000.0,3529000.0,7633000.0,4316000.0,5847000.0,18663000.0,12657000.0,3297000.0,4166000.0,3515000.0,4927666.67,23.6353,0.082542,5326800.0,13.1186,0.053423,6039400.0,5.7853,0.02715,5644733.33,4.1266,0.019729,6063000.0,2.8814,0.015198,6307966.67,1.8463,0.010178
20261002,00768B,復華20年美債,447000.0,331000.0,403000.0,740000.0,314000.0,332000.0,340000.0,436000.0,696000.0,1445000.0,178000.0,454000.0,307000.0,231000.0,220000.0,215000.0,245000.0,228000.0,281000.0,351000.0,533000.0,2849000.0,523000.0,233000.0,375000.0,193000.0,233000.0,207000.0,485000.0,484000.0,393666.67,37.8493,0.01056,447000.0,20.0,0.006835,548400.0,8.151,0.003473,458266.67,6.5028,0.002524,409700.0,5.4552,0.001944,476966.67,3.1239,0.001302
20261002,00772B,中信高評級公司債,2615000.0,3450000.0,2303000.0,7667000.0,2853000.0,2141000.0,710000.0,2231000.0,2317000.0,1408000.0,1597000.0,1081000.0,1694000.0,1918000.0,1825000.0,1510000.0,3026000.0,2266000.0,1332000.0,963000.0,1035000.0,1830000.0,1619000.0,1002000.0,740000.0,1487000.0,1107000.0,1657000.0,2292000.0,1757000.0,2789333.33,31.25,0.061777,3777600.0,13.8448,0.039983,2769500.0,9.4421,0.02032,2387333.33,7.3024,0.014766,2245350.0,5.8231,0.011374,1981100.0,4.3999,0.007617
20261002,00773B,中信優先金融債,1495000.0,944000.0,1566000.0,1662000.0,850000.0,529000.0,77000.0,1299000.0,1781000.0,1738000.0,1876000.0,1722000.0,669000.0,956000.0,220000.0,1736000.0,781000.0,1545000.0,1586000.0,1201000.0,1813000.0,1860000.0,230000.0,1953000.0,82000.0,1944000.0,2443000.0,82000.0,1523000.0,567000.0,1335000.0,37.3283,0.035318,1303400.0,22.94,0.022858,1194100.0,12.5199,0.011617,1158933.33,8.5999,0.008442,1211650.0,6.1693,0.006503,1224333.33,4.0702,0.004355
20261002,00777B,凱基AAA至A公司債,120000.0,102000.0,100000.0,114000.0,108000.0,100000.0,106000.0,101000.0,115000.0,102000.0,100000.0,115000.0,102000.0,132000.0,147000.0,159000.0,103000.0,101000.0,100000.0,100000.0,100000.0,100000.0,102000.0,100000.0,100000.0,105000.0,103000.0,104000.0,179000.0,116000.0,107333.33,37.2671,0.002835,108800.0,22.0588,0.001835,106800.0,11.236,0.000932,110933.33,7.2115,0.000678,111350.0,5.3884,0.000522,111200.0,3.5971,0.00035
20261002,00778B,凱基金融債20+,100000.0,113000.0,100000.0,102000.0,120000.0,102000.0,100000.0,100000.0,112000.0,102000.0,100000.0,101000.0,101000.0,101000.0,100000.0,101000.0,113000.0,100000.0,100000.0,100000.0,102000.0,100000.0,100000.0,100000.0,100000.0,100000.0,103000.0,104000.0,107000.0,100000.0,104333.33,31.9489,0.002362,107000.0,18.6916,0.001529,105100.0,9.5147,0.000777,103600.0,6.435,0.000565,103400.0,4.8356,0.000435,102800.0,3.2425,0.000291
20261002,00779B,凱基美債25+,345000.0,311000.0,314000.0,355000.0,389000.0,105000.0,316000.0,335000.0,311000.0,318000.0,300000.0,310000.0,311000.0,313000.0,312000.0,323000.0,304000.0,304000.0,304000.0,307000.0,300000.0,301000.0,304000.0,355000.0,300000.0,378000.0,301000.0,300000.0,316000.0,354000.0,323333.33,35.567,0.00815,342800.0,20.1284,0.005275,309900.0,11.1326,0.002681,309666.67,7.4273,0.001948,309350.0,5.5762,0.001501,313200.0,3.6718,0.001005
20261002,00780B,國泰A級金融債,114000.0,111000.0,115000.0,118000.0,108000.0,103000.0,109000.0,105000.0,136000.0,116000.0,143000.0,105000.0,159000.0,138000.0,102000.0,104000.0,106000.0,159000.0,112000.0,187000.0,237000.0,121000.0,160000.0,114000.0,106000.0,100000.0,117000.0,114000.0,112000.0,101000.0,113333.33,33.5294,0.002693,113200.0,20.1413,0.001743,113500.0,10.0441,0.000886,118800.0,6.3973,0.000644,122500.0,4.6531,0.000496,124400.0,3.0547,0.000332
20261002,00781B,國泰A級科技債,135000.0,166000.0,161000.0,205000.0,354000.0,123000.0,119000.0,152000.0,136000.0,314000.0,128000.0,121000.0,144000.0,249000.0,138000.0,126000.0,151000.0,182000.0,127000.0,143000.0,126000.0,163000.0,236000.0,140000.0,140000.0,185000.0,137000.0,191000.0,125000.0,185000.0,154000.0,29.2208,0.003189,204200.0,13.2223,0.002064,186500.0,7.2386,0.001049,176333.33,5.104,0.000762,168700.0,4.0012,0.000587,166733.33,2.6989,0.000393
20261002,00782B,國泰A級公用債,199000.0,522000.0,223000.0,317000.0,592000.0,159000.0,130000.0,136000.0,600000.0,320000.0,131000.0,109000.0,323000.0,417000.0,214000.0,137000.0,231000.0,333000.0,183000.0,163000.0,238000.0,199000.0,319000.0,163000.0,120000.0,170000.0,123000.0,166000.0,398000.0,246000.0,314666.67,21.0805,0.004701,370600.0,10.7393,0.003043,319800.0,6.2226,0.001546,292800.0,4.531,0.001124,271950.0,3.6588,0.000866,252700.0,2.625,0.00058
20261002,00785B,富邦金融投等債,130000.0,91000.0,151000.0,178000.0,151000.0,176000.0,51000.0,51000.0,50000.0,50000.0,64000.0,52000.0,51000.0,51000.0,51000.0,51000.0,52000.0,51000.0,241000.0,52000.0,51000.0,53000.0,51000.0,20000.0,51000.0,52000.0,57000.0,51000.0,83000.0,51000.0,124000.0,34.9462,0.003071,140200.0,18.5449,0.001988,107900.0,12.0482,0.00101,89866.67,9.6439,0.000734,89750.0,7.2423,0.000565,77166.67,5.6156,0.000379
20261002,00786B,元大10年IG銀行債,212000.0,75000.0,11000.0,16000.0,75000.0,16000.0,52000.0,38000.0,17000.0,48000.0,34000.0,24000.0,21000.0,57000.0,10000.0,133000.0,9000.0,22000.0,95000.0,14000.0,38000.0,74000.0,19000.0,33000.0,29000.0,5000.0,78000.0,9000.0,15000.0,14000.0,99333.33,71.1409,0.005008,77800.0,54.4987,0.003241,56000.0,37.8571,0.001647,47066.67,30.0283,0.001197,48950.0,21.6547,0.000922,43100.0,16.396,0.000618
20261002,00787B,元大10年IG醫療債,5000.0,4000.0,3000.0,36000.0,44000.0,16000.0,4000.0,13000.0,5000.0,1000.0,6000.0,3000.0,3000.0,7000.0,,8000.0,3000.0,24000.0,15000.0,104000.0,9000.0,4000.0,9000.0,12000.0,1000.0,4000.0,7000.0,51000.0,1000.0,2000.0,4000.0,41.6667,0.000118,18400.0,5.4348,7.6e-05,13100.0,3.8168,3.9e-05,10714.29,3.3333,2.8e-05,16000.0,1.6447,2.2e-05,13931.03,1.2376,1.5e-05
20261002,00788B,元大10年IG電能債,22000.0,47000.0,42000.0,41000.0,14000.0,5000.0,36000.0,71000.0,16000.0,25000.0,28000.0,33000.0,53000.0,55000.0,10000.0,7000.0,100000.0,2000.0,87000.0,22000.0,4000.0,8000.0,34000.0,66000.0,4000.0,1000.0,36000.0,27000.0,38000.0,42000.0,37000.0,19.8198,0.00052,33200.0,13.253,0.000336,31900.0,6.8966,0.000171,33200.0,4.4177,0.000124,35800.0,3.0726,9.6e-05,32533.33,2.2541,6.4e-05
20261002,00789B,復華公司債A3,181000.0,105000.0,102000.0,109000.0,106000.0,122000.0,101000.0,100000.0,112000.0,100000.0,100000.0,106000.0,100000.0,100000.0,100000.0,111000.0,100000.0,100000.0,111000.0,100000.0,105000.0,112000.0,102000.0,101000.0,100000.0,104000.0,110000.0,112000.0,123000.0,103000.0,129333.33,46.6495,0.004276,120600.0,30.0166,0.002767,113800.0,15.9051,0.001406,109600.0,11.0097,0.001022,108300.0,8.3564,0.000787,107933.33,5.5899,0.000527
20261002,00791B,復華信用債1-5,100000.0,102000.0,106000.0,109000.0,104000.0,103000.0,100000.0,102000.0,102000.0,101000.0,103000.0,129000.0,101000.0,100000.0,110000.0,100000.0,100000.0,103000.0,100000.0,101000.0,100000.0,105000.0,111000.0,101000.0,100000.0,101000.0,101000.0,100000.0,104000.0,115000.0,102666.67,32.4675,0.002362,104200.0,19.1939,0.001529,102900.0,9.7182,0.000777,104800.0,6.3613,0.000565,103800.0,4.817,0.000435,103800.0,3.2113,0.000291
20261002,00792B,群益A級公司債,149000.0,128000.0,104000.0,127000.0,108000.0,53000.0,132000.0,103000.0,300000.0,153000.0,129000.0,143000.0,107000.0,154000.0,123000.0,99000.0,111000.0,167000.0,59000.0,125000.0,126000.0,171000.0,136000.0,112000.0,131000.0,213000.0,246000.0,122000.0,125000.0,115000.0,127000.0,39.1076,0.00352,123200.0,24.1883,0.002278,135700.0,10.9801,0.001158,134200.0,7.4019,0.000841,128700.0,5.7887,0.000648,135700.0,3.66,0.000434
20261002,00793B,群益AAA-A醫療債,,,,,,,,,,55000.0,120000.0,110000.0,125000.0,91000.0,59000.0,20000.0,80000.0,57000.0,7000.0,452000.0,105000.0,89000.0,111000.0,147000.0,92000.0,93000.0,72000.0,60000.0,85000.0,60000.0,,,,,,,55000.0,,,93333.33,,,106909.09,,,99523.81,,
20261002,00795B,中信美國公債20年,12194000.0,9965000.0,7650000.0,9589000.0,9372000.0,6882000.0,5601000.0,4570000.0,3931000.0,6285000.0,5779000.0,4907000.0,2739000.0,5275000.0,2697000.0,7350000.0,6298000.0,7608000.0,2999000.0,2883000.0,10396000.0,5252000.0,6276000.0,1924000.0,2190000.0,6218000.0,4689000.0,1853000.0,8188000.0,3436000.0,9936333.33,40.9071,0.288071,9754000.0,25.0031,0.186444,7603900.0,16.0365,0.094752,6495733.33,12.5149,0.068855,6228700.0,9.7886,0.053039,5833200.0,6.9682,0.035521
20261002,00799B,國泰A級醫療債,199000.0,207000.0,327000.0,357000.0,170000.0,157000.0,212000.0,109000.0,283000.0,120000.0,156000.0,144000.0,214000.0,182000.0,239000.0,235000.0,180000.0,31000.0,408000.0,353000.0,280000.0,222000.0,126000.0,169000.0,195000.0,177000.0,173000.0,159000.0,278000.0,428000.0,244333.33,27.1487,0.004701,252000.0,15.7937,0.003043,214100.0,9.2947,0.001546,205066.67,6.4694,0.001124,214150.0,4.6463,0.000866,216333.33,3.0663,0.00058
20261002,00834B,第一金金融債10+,150000.0,120000.0,117000.0,252000.0,100000.0,100000.0,123000.0,100000.0,113000.0,100000.0,113000.0,100000.0,113000.0,100000.0,100000.0,102000.0,111000.0,100000.0,142000.0,120000.0,100000.0,109000.0,100000.0,137000.0,100000.0,100000.0,100000.0,102000.0,101000.0,100000.0,129000.0,38.7597,0.003544,147800.0,20.2977,0.002293,127500.0,11.7647,0.001166,120066.67,8.3287,0.000847,118800.0,6.3131,0.000652,114166.67,4.3796,0.000437
20261002,00836B,永豐10年A公司債,4000.0,2000.0,1000.0,85000.0,58000.0,20000.0,55000.0,15000.0,24000.0,1000.0,1000.0,107000.0,73000.0,114000.0,116000.0,76000.0,71000.0,95000.0,73000.0,121000.0,111000.0,17000.0,1000.0,6000.0,1000.0,12000.0,117000.0,,68000.0,2000.0,2333.33,57.1429,9.4e-05,30000.0,2.6667,6.1e-05,26500.0,1.5094,3.1e-05,45066.67,0.5917,2.3e-05,55600.0,0.3597,1.7e-05,49896.55,0.2764,1.2e-05
20261002,00840B,凱基IG精選15+,100000.0,100000.0,100000.0,102000.0,208000.0,100000.0,101000.0,100000.0,100000.0,100000.0,100000.0,100000.0,100000.0,102000.0,100000.0,101000.0,100000.0,100000.0,102000.0,100000.0,100000.0,100000.0,100000.0,100000.0,100000.0,100000.0,103000.0,100000.0,101000.0,100000.0,100000.0,33.3333,0.002362,122000.0,16.3934,0.001529,111100.0,9.0009,0.000777,107533.33,6.1996,0.000565,105800.0,4.7259,0.000435,104000.0,3.2051,0.000291
20261002,00841B,凱基AAA-AA公司債,136000.0,100000.0,105000.0,105000.0,108000.0,100000.0,100000.0,100000.0,100000.0,100000.0,100000.0,100000.0,100000.0,100000.0,100000.0,100000.0,100000.0,100000.0,100000.0,101000.0,101000.0,100000.0,100000.0,100000.0,100000.0,100000.0,100000.0,100000.0,101000.0,100000.0,113666.67,39.8827,0.003213,110800.0,24.5487,0.002079,105400.0,12.9032,0.001057,103600.0,8.7516,0.000768,102750.0,6.618,0.000592,101900.0,4.4488,0.000396
20261002,00842B,台新美元銀行債,348000.0,123000.0,331000.0,595000.0,445000.0,178000.0,156000.0,392000.0,310000.0,38000.0,362000.0,344000.0,159000.0,399000.0,262000.0,308000.0,324000.0,161000.0,47000.0,319000.0,76000.0,179000.0,462000.0,267000.0,140000.0,595000.0,103000.0,63000.0,149000.0,320000.0,267333.33,43.3915,0.008221,368400.0,18.8925,0.005321,291600.0,11.9342,0.002704,296133.33,7.8343,0.001965,280050.0,6.2132,0.001514,265166.67,4.3746,0.001014
20261002,00844B,台新15年IG金融債,172000.0,107000.0,80000.0,126000.0,80000.0,158000.0,80000.0,81000.0,80000.0,80000.0,80000.0,81000.0,80000.0,82000.0,80000.0,81000.0,80000.0,80000.0,161000.0,1000.0,123000.0,120000.0,81000.0,80000.0,83000.0,160000.0,102000.0,81000.0,130000.0,190000.0,119666.67,47.9109,0.004063,113000.0,30.4425,0.00263,104400.0,16.4751,0.001337,96466.67,11.8867,0.000971,92500.0,9.2973,0.000748,100000.0,5.7333,0.000501
20261002,00845B,富邦新興投等債,125000.0,151000.0,100000.0,164000.0,120000.0,110000.0,141000.0,109000.0,116000.0,101000.0,102000.0,113000.0,121000.0,100000.0,119000.0,147000.0,182000.0,101000.0,351000.0,140000.0,146000.0,104000.0,103000.0,1000.0,100000.0,102000.0,116000.0,113000.0,153000.0,159000.0,125333.33,33.2447,0.002953,132000.0,18.9394,0.001911,123700.0,10.1051,0.000971,119466.67,6.9754,0.000706,135650.0,4.6074,0.000544,127000.0,3.2808,0.000364
20261002,00846B,富邦歐洲銀行債,106000.0,102000.0,102000.0,103000.0,104000.0,102000.0,102000.0,102000.0,106000.0,102000.0,103000.0,102000.0,107000.0,105000.0,102000.0,102000.0,101000.0,105000.0,103000.0,113000.0,101000.0,101000.0,102000.0,1000.0,104000.0,104000.0,102000.0,174000.0,115000.0,101000.0,103333.33,34.1935,0.002504,103400.0,20.5029,0.001621,103100.0,10.2813,0.000824,103333.33,6.8387,0.000599,103700.0,5.1109,0.000461,102633.33,3.4427,0.000309
20261002,00847B,中信美國市政債,259000.0,233000.0,297000.0,320000.0,246000.0,393000.0,423000.0,503000.0,208000.0,623000.0,480000.0,333000.0,608000.0,297000.0,229000.0,469000.0,307000.0,453000.0,302000.0,226000.0,225000.0,201000.0,154000.0,402000.0,500000.0,500000.0,572000.0,251000.0,520000.0,203000.0,263000.0,32.8264,0.006119,271000.0,19.1144,0.00396,350500.0,7.3894,0.002013,363466.67,4.7506,0.001462,360450.0,3.5927,0.001127,357900.0,2.4122,0.000754
20261002,00848B,中信新興亞洲債,218000.0,202000.0,211000.0,318000.0,314000.0,306000.0,401000.0,506000.0,247000.0,504000.0,506000.0,322000.0,500000.0,207000.0,200000.0,309000.0,218000.0,300000.0,300000.0,201000.0,205000.0,205000.0,300000.0,330000.0,460000.0,498000.0,481000.0,200000.0,530000.0,220000.0,210333.33,34.5483,0.00515,252600.0,17.2605,0.003333,322700.0,6.7555,0.001694,330800.0,4.3934,0.001231,314500.0,3.4658,0.000948,323966.67,2.243,0.000635
20261002,00849B,中信EM主權債0-5,210000.0,203000.0,213000.0,309000.0,312000.0,301000.0,407000.0,504000.0,200000.0,515000.0,419000.0,307000.0,514000.0,222000.0,217000.0,319000.0,223000.0,302000.0,341000.0,203000.0,237000.0,204000.0,144000.0,514000.0,503000.0,510000.0,502000.0,204000.0,507000.0,216000.0,208666.67,33.5463,0.004961,249400.0,16.8404,0.003211,317400.0,6.6163,0.001632,323533.33,4.3272,0.001186,312050.0,3.3648,0.000913,326066.67,2.1468,0.000612
20261002,00853B,統一美債10年Aa-A,1053000.0,1504000.0,1073000.0,1247000.0,1105000.0,1097000.0,1262000.0,1455000.0,1087000.0,1178000.0,1230000.0,1097000.0,1008000.0,527000.0,1007000.0,1026000.0,609000.0,1027000.0,1004000.0,1010000.0,1060000.0,1034000.0,1124000.0,1030000.0,1037000.0,1083000.0,1013000.0,1009000.0,1032000.0,1014000.0,1210000.0,29.0083,0.024876,1196400.0,17.6028,0.0161,1206100.0,8.7306,0.008182,1128666.67,6.2197,0.005946,1080300.0,4.8736,0.00458,1068066.67,3.2863,0.003067
20261002,00856B,永豐1-3年美公債,277000.0,22000.0,3000.0,2000.0,14000.0,1000.0,6000.0,3000.0,1000.0,70000.0,41000.0,1000.0,6000.0,,11000.0,2000.0,59000.0,6000.0,71000.0,41000.0,15000.0,2000.0,4000.0,217000.0,4000.0,14000.0,7000.0,,21000.0,30000.0,100666.67,91.7219,0.006544,63600.0,87.1069,0.004235,39900.0,69.4236,0.002152,32714.29,60.4803,0.001564,33526.32,43.4851,0.001205,33964.29,29.1272,0.000807
20261002,00857B,永豐20年美公債,2143000.0,702000.0,1091000.0,1910000.0,1159000.0,880000.0,871000.0,1251000.0,1443000.0,647000.0,2394000.0,2223000.0,954000.0,777000.0,615000.0,684000.0,1737000.0,914000.0,291000.0,520000.0,1456000.0,883000.0,1065000.0,731000.0,345000.0,435000.0,941000.0,381000.0,1215000.0,423000.0,1312000.0,54.4461,0.050626,1401000.0,30.5924,0.032766,1209700.0,17.7151,0.016652,1270666.67,11.2434,0.012101,1160300.0,9.2347,0.009321,1036033.33,6.8949,0.006243
20261002,00858,永豐美國500大,233000.0,660000.0,253000.0,274000.0,138000.0,291000.0,592000.0,370000.0,209000.0,620000.0,377000.0,278000.0,280000.0,612000.0,148000.0,280000.0,200000.0,574000.0,242000.0,199000.0,404000.0,239000.0,353000.0,446000.0,153000.0,273000.0,384000.0,460000.0,365000.0,321000.0,382000.0,20.3316,0.005504,311600.0,14.9551,0.003563,364000.0,6.4011,0.001811,355666.67,4.3674,0.001316,341500.0,3.4114,0.001013,340933.33,2.2781,0.000679
20261002,00859B,群益0-1年美債,3026000.0,2730000.0,2162000.0,3439000.0,3201000.0,2113000.0,3201000.0,3529000.0,2273000.0,3191000.0,3226000.0,3256000.0,3224000.0,2534000.0,1841000.0,2163000.0,3752000.0,3626000.0,1402000.0,1520000.0,2933000.0,3136000.0,2979000.0,2394000.0,2594000.0,2938000.0,2866000.0,2904000.0,3094000.0,2936000.0,2639333.33,38.2167,0.071486,2911600.0,20.7858,0.046267,2886500.0,10.4833,0.023513,2863066.67,7.0461,0.017087,2770450.0,5.4612,0.013162,2806100.0,3.5945,0.008815
20261002,00860B,群益1-5Y投資級債,160000.0,101000.0,106000.0,101000.0,105000.0,71000.0,129000.0,111000.0,109000.0,106000.0,105000.0,100000.0,100000.0,104000.0,101000.0,60000.0,115000.0,122000.0,60000.0,135000.0,100000.0,106000.0,102000.0,137000.0,128000.0,108000.0,140000.0,118000.0,100000.0,125000.0,122333.33,43.5967,0.00378,114600.0,27.9232,0.002446,109900.0,14.5587,0.001243,107266.67,9.9441,0.000903,105050.0,7.6154,0.000696,108833.33,4.9005,0.000466
20261002,00862B,中信投資級公司債,407000.0,267000.0,213000.0,1256000.0,252000.0,416000.0,502000.0,728000.0,242000.0,587000.0,362000.0,387000.0,613000.0,338000.0,290000.0,378000.0,336000.0,377000.0,389000.0,282000.0,293000.0,262000.0,142000.0,328000.0,500000.0,530000.0,508000.0,212000.0,532000.0,209000.0,295666.67,45.885,0.009615,479000.0,16.9937,0.006223,487000.0,8.3573,0.003163,457333.33,5.9329,0.002298,431100.0,4.7205,0.00177,404600.0,3.3531,0.001186
20261002,00863B,中信全球電信債,256000.0,712000.0,256000.0,232000.0,377000.0,313000.0,584000.0,612000.0,282000.0,502000.0,465000.0,308000.0,512000.0,204000.0,202000.0,399000.0,374000.0,309000.0,407000.0,203000.0,339000.0,257000.0,170000.0,565000.0,509000.0,815000.0,553000.0,202000.0,502000.0,200000.0,408000.0,20.915,0.006048,366600.0,13.9662,0.003914,412600.0,6.2046,0.001989,387800.0,4.4009,0.001446,375450.0,3.4092,0.001114,387366.67,2.2029,0.000746
20261002,00864B,中信美國公債0-1,857000.0,992000.0,908000.0,887000.0,885000.0,638000.0,1393000.0,1534000.0,1206000.0,1484000.0,1392000.0,1222000.0,1178000.0,1144000.0,869000.0,976000.0,888000.0,1326000.0,995000.0,939000.0,616000.0,851000.0,1019000.0,1862000.0,1829000.0,1377000.0,1386000.0,640000.0,708000.0,1050000.0,919000.0,31.0845,0.020246,905800.0,18.9225,0.013103,1078400.0,7.947,0.006659,1105933.33,5.1661,0.004839,1085650.0,3.9469,0.003728,1101700.0,2.593,0.002496
20261002,00867B,台新A-BBB電信債,120000.0,657000.0,61000.0,44000.0,605000.0,901000.0,1200000.0,,3000.0,1000.0,1000.0,3000.0,,2000.0,12000.0,2000.0,10000.0,1000.0,225000.0,,1000.0,1000.0,,24000.0,,6000.0,1000.0,1000.0,276000.0,32000.0,279333.33,14.3198,0.002835,297400.0,8.0699,0.001835,399111.11,3.3408,0.000932,277692.31,3.3241,0.000678,226352.94,3.1185,0.000522,167600.0,2.864,0.00035
20261002,00870B,元大15年EM主權債,191000.0,92000.0,86000.0,349000.0,85000.0,1000.0,1000.0,40000.0,22000.0,2000.0,1000.0,24000.0,5000.0,4000.0,2000.0,1000.0,1000.0,1000.0,1000.0,1000.0,4000.0,6000.0,20000.0,1000.0,1000.0,80000.0,33000.0,4000.0,80000.0,1000.0,123000.0,51.7615,0.004512,160600.0,23.7858,0.00292,86900.0,21.9793,0.001484,60333.33,21.105,0.001078,45500.0,20.989,0.000831,38000.0,16.7544,0.000556
20261002,00877,復華中國5G,1538000.0,1058000.0,2085000.0,6341000.0,1465000.0,1522000.0,2034000.0,1919000.0,2930000.0,1820000.0,1946000.0,1619000.0,1541000.0,1499000.0,1132000.0,1149000.0,2999000.0,2456000.0,1535000.0,1797000.0,1604000.0,2139000.0,1518000.0,1926000.0,3314000.0,2862000.0,4680000.0,2140000.0,2261000.0,5364000.0,1560333.33,32.8562,0.036334,2497400.0,12.3168,0.023516,2271200.0,6.7718,0.011951,2029933.33,5.0511,0.008684,2019250.0,3.8083,0.00669,2273100.0,2.2554,0.00448
20261002,00884B,中信低碳新興債,214000.0,201000.0,209000.0,282000.0,230000.0,305000.0,404000.0,501000.0,206000.0,528000.0,430000.0,355000.0,486000.0,202000.0,205000.0,310000.0,210000.0,300000.0,341000.0,209000.0,234000.0,200000.0,141000.0,541000.0,440000.0,525000.0,614000.0,223000.0,505000.0,200000.0,208000.0,34.2949,0.005056,227200.0,18.838,0.003272,308000.0,6.9481,0.001663,317200.0,4.4977,0.001208,306400.0,3.4922,0.000931,325033.33,2.1946,0.000623
20261002,00886,永豐美國科技,21000.0,47000.0,20000.0,21000.0,20000.0,20000.0,27000.0,20000.0,24000.0,20000.0,42000.0,32000.0,30000.0,20000.0,20000.0,22000.0,22000.0,30000.0,21000.0,21000.0,40000.0,6000.0,32000.0,25000.0,22000.0,53000.0,80000.0,32000.0,4000.0,2000.0,29333.33,23.8636,0.000496,25800.0,16.2791,0.000321,24000.0,8.75,0.000163,25600.0,5.4688,0.000119,25000.0,4.2,9.1e-05,26533.33,2.6382,6.1e-05
20261002,00887,永豐中國科技50大,3533000.0,1976000.0,4675000.0,7574000.0,2766000.0,3429000.0,6708000.0,4524000.0,3800000.0,4068000.0,2471000.0,2946000.0,3272000.0,5770000.0,3401000.0,4060000.0,4615000.0,3218000.0,2137000.0,3294000.0,4267000.0,3611000.0,2904000.0,3148000.0,4508000.0,4297000.0,10029000.0,3789000.0,4813000.0,10660000.0,3394666.67,34.6917,0.083464,4104800.0,17.214,0.054019,4305300.0,8.2062,0.027453,4060866.67,5.8001,0.019949,3911850.0,4.5158,0.015367,4342100.0,2.7122,0.010292
20261002,00888,永豐台灣ESG,11220000.0,5517000.0,4940000.0,4469000.0,3975000.0,4311000.0,12158000.0,8879000.0,11332000.0,7891000.0,2642000.0,3450000.0,3781000.0,6141000.0,3559000.0,5961000.0,6041000.0,18424000.0,3469000.0,4384000.0,5078000.0,10041000.0,4232000.0,9895000.0,3422000.0,5275000.0,4922000.0,2114000.0,3282000.0,5144000.0,7225666.67,51.7599,0.265061,6024200.0,37.2498,0.171552,7469200.0,15.0217,0.087184,6284333.33,11.9026,0.063355,6627200.0,8.4651,0.048803,6198300.0,6.0339,0.032684
20261002,00890B,凱基ESG BBB債15+,104000.0,101000.0,105000.0,112000.0,124000.0,115000.0,110000.0,106000.0,105000.0,106000.0,101000.0,101000.0,101000.0,102000.0,102000.0,101000.0,121000.0,114000.0,110000.0,109000.0,102000.0,100000.0,131000.0,102000.0,100000.0,107000.0,103000.0,104000.0,103000.0,118000.0,103333.33,33.5484,0.002457,109200.0,19.0476,0.00159,108800.0,9.5588,0.000808,106333.33,6.5204,0.000587,107500.0,4.8372,0.000452,107333.33,3.2298,0.000303
20261002,00928,中信上櫃ESG 30,1138000.0,177000.0,284000.0,201000.0,231000.0,271000.0,674000.0,309000.0,552000.0,820000.0,660000.0,136000.0,308000.0,405000.0,233000.0,794000.0,298000.0,412000.0,581000.0,533000.0,324000.0,822000.0,339000.0,445000.0,264000.0,721000.0,463000.0,428000.0,798000.0,378000.0,533000.0,71.1695,0.026884,406200.0,56.0315,0.0174,465700.0,24.4363,0.008843,426600.0,17.784,0.006426,450850.0,12.6206,0.00495,466633.33,8.1292,0.003315
20261002,00931B,統一美債20年,3008000.0,3023000.0,2191000.0,3240000.0,2340000.0,3789000.0,1301000.0,1814000.0,3547000.0,3379000.0,3259000.0,3400000.0,1286000.0,2423000.0,2618000.0,3188000.0,1848000.0,3026000.0,3309000.0,2817000.0,2264000.0,1719000.0,2521000.0,2654000.0,2619000.0,1503000.0,2883000.0,2505000.0,4391000.0,2454000.0,2740666.67,36.5848,0.071061,2760400.0,21.7939,0.045992,2763200.0,10.8859,0.023373,2707866.67,7.4056,0.016985,2740300.0,5.4885,0.013084,2677300.0,3.7451,0.008762
20261002,00933B,國泰10Y+金融債,10009000.0,9483000.0,8220000.0,25508000.0,17200000.0,5100000.0,4179000.0,4657000.0,7352000.0,5761000.0,4128000.0,5472000.0,5807000.0,9977000.0,8263000.0,7636000.0,9145000.0,10127000.0,4834000.0,5739000.0,7620000.0,13373000.0,5374000.0,7174000.0,3528000.0,5944000.0,5699000.0,4586000.0,4402000.0,7790000.0,9237333.33,36.1179,0.236452,14084000.0,14.2133,0.153036,9746900.0,10.2689,0.077774,8741066.67,7.6337,0.056517,8429850.0,5.9366,0.043535,7802900.0,4.2758,0.029156
20261002,00937B,群益ESG投等債20+,54167000.0,71969000.0,62645000.0,129995000.0,75772000.0,33052000.0,25849000.0,32608000.0,47088000.0,51920000.0,37771000.0,30470000.0,42545000.0,49096000.0,32038000.0,30378000.0,43465000.0,31641000.0,36755000.0,35984000.0,42088000.0,50258000.0,42242000.0,28760000.0,36260000.0,36006000.0,30527000.0,26061000.0,47821000.0,39797000.0,62927000.0,28.693,1.27964,78909600.0,13.7289,0.828203,58506500.0,9.2583,0.4209,51799000.0,6.9714,0.305859,47760400.0,5.6707,0.235606,44500933.33,4.0574,0.157787
20261002,00942B,台新美A公司債20+,2647000.0,1754000.0,889000.0,2051000.0,1565000.0,543000.0,708000.0,2832000.0,501000.0,1737000.0,1000000.0,1547000.0,1725000.0,2946000.0,1187000.0,766000.0,2137000.0,1502000.0,1421000.0,487000.0,1840000.0,737000.0,568000.0,1344000.0,216000.0,749000.0,621000.0,523000.0,606000.0,177000.0,1763333.33,50.0378,0.062533,1781200.0,29.7215,0.040472,1522700.0,17.3836,0.020568,1575466.67,11.2009,0.014947,1497250.0,8.8395,0.011513,1244200.0,7.0916,0.007711
20261002,00948B,中信優息投資級債,4443000.0,3688000.0,3901000.0,7116000.0,3495000.0,3915000.0,2709000.0,2305000.0,6724000.0,4659000.0,1350000.0,2554000.0,3966000.0,3249000.0,3809000.0,2104000.0,3279000.0,2988000.0,2910000.0,2697000.0,2139000.0,2778000.0,1569000.0,1583000.0,2618000.0,8275000.0,1963000.0,1473000.0,2695000.0,2447000.0,4010666.67,36.9265,0.104961,4528600.0,19.622,0.067933,4295500.0,10.3434,0.034524,3858866.67,7.6758,0.025088,3593050.0,6.1828,0.019325,3313366.67,4.4698,0.012942
20261002,00950B,凱基A級公司債,3637000.0,2559000.0,1880000.0,4646000.0,4326000.0,2908000.0,1523000.0,2826000.0,2868000.0,1027000.0,2401000.0,1387000.0,2649000.0,3760000.0,4492000.0,1850000.0,3400000.0,3985000.0,1947000.0,2640000.0,2858000.0,2637000.0,2241000.0,4734000.0,2764000.0,998000.0,1959000.0,1989000.0,1935000.0,1693000.0,2692000.0,45.0347,0.08592,3409600.0,21.3339,0.055609,2820000.0,12.8972,0.028261,2859266.67,8.48,0.020537,2835550.0,6.4132,0.01582,2683966.67,4.5169,0.010594
20261002,00955,中信日本商社,1670000.0,2772000.0,1790000.0,3776000.0,1576000.0,1223000.0,2287000.0,2203000.0,5987000.0,3482000.0,2752000.0,5134000.0,5855000.0,3370000.0,3908000.0,4881000.0,7602000.0,4017000.0,3104000.0,14311000.0,2868000.0,8655000.0,2839000.0,3167000.0,1319000.0,2678000.0,3901000.0,3408000.0,4108000.0,5915000.0,2077333.33,26.7972,0.039452,2316800.0,14.4164,0.025534,2676600.0,6.2393,0.012977,3185666.67,3.4948,0.00943,4085000.0,2.0441,0.007264,4018600.0,1.3852,0.004865
20261002,00957B,兆豐US優選投等債,219000.0,260000.0,204000.0,683000.0,459000.0,186000.0,194000.0,142000.0,538000.0,53000.0,85000.0,124000.0,281000.0,349000.0,143000.0,89000.0,28000.0,399000.0,76000.0,143000.0,59000.0,75000.0,244000.0,91000.0,356000.0,139000.0,48000.0,60000.0,153000.0,274000.0,227666.67,32.0644,0.005174,365000.0,12.0,0.003348,293800.0,7.4541,0.001702,261333.33,5.5867,0.001237,232750.0,4.7046,0.000953,205133.33,3.5587,0.000638
20261002,00958B,永豐ESG銀行債15+,1601000.0,461000.0,427000.0,1298000.0,660000.0,556000.0,895000.0,799000.0,777000.0,242000.0,420000.0,658000.0,694000.0,964000.0,1033000.0,961000.0,73000.0,144000.0,52000.0,979000.0,674000.0,738000.0,427000.0,836000.0,33000.0,150000.0,1675000.0,1305000.0,49000.0,1682000.0,829666.67,64.323,0.037822,889400.0,36.0018,0.024479,771600.0,20.7491,0.01244,765666.67,13.9399,0.00904,684700.0,11.6913,0.006964,708766.67,7.5295,0.004664
20261002,00959B,大華投等美債15Y+,2192000.0,2203000.0,1231000.0,2902000.0,2201000.0,408000.0,480000.0,694000.0,946000.0,1267000.0,1065000.0,461000.0,1296000.0,1567000.0,1062000.0,887000.0,1095000.0,1032000.0,1314000.0,654000.0,1103000.0,1665000.0,1236000.0,635000.0,616000.0,599000.0,1869000.0,870000.0,1512000.0,1137000.0,1875333.33,38.962,0.051784,2145800.0,20.4306,0.033515,1452400.0,15.0923,0.017033,1331666.67,10.9737,0.012377,1247850.0,8.7831,0.009534,1206633.33,6.0554,0.006385
20261002,00966B,統一ESG投等債15+,828000.0,958000.0,1434000.0,1805000.0,923000.0,1641000.0,185000.0,946000.0,2200000.0,272000.0,727000.0,272000.0,965000.0,1158000.0,95000.0,1628000.0,710000.0,160000.0,1019000.0,985000.0,1793000.0,399000.0,1606000.0,698000.0,879000.0,451000.0,494000.0,618000.0,1738000.0,338000.0,1073333.33,25.7143,0.019561,1189600.0,13.9206,0.01266,1119200.0,7.3981,0.006434,960600.0,5.7464,0.004675,945550.0,4.3784,0.003601,930833.33,2.9651,0.002412
20261002,00967B,元大優息美債,789000.0,331000.0,250000.0,1126000.0,167000.0,163000.0,116000.0,106000.0,126000.0,732000.0,965000.0,435000.0,1675000.0,604000.0,91000.0,287000.0,152000.0,184000.0,367000.0,158000.0,182000.0,822000.0,1734000.0,844000.0,215000.0,452000.0,502000.0,388000.0,352000.0,157000.0,456666.67,57.5912,0.018639,532600.0,29.6282,0.012064,390600.0,20.1997,0.006131,511733.33,10.2788,0.004455,441200.0,8.9415,0.003432,482400.0,5.4519,0.002298
20261002,00968B,元大優息投等債,1496000.0,1028000.0,1398000.0,2798000.0,5600000.0,2180000.0,1353000.0,1470000.0,1497000.0,1513000.0,3270000.0,332000.0,539000.0,984000.0,1024000.0,1104000.0,776000.0,735000.0,296000.0,643000.0,872000.0,1786000.0,944000.0,1208000.0,848000.0,751000.0,494000.0,1883000.0,2022000.0,2081000.0,1307333.33,38.1438,0.035341,2464000.0,12.1429,0.022874,2033300.0,7.3575,0.011625,1765466.67,5.6491,0.008447,1501800.0,4.9807,0.006507,1430833.33,3.4851,0.004358
20261002,00969B,元大零息超長美債,661000.0,1696000.0,972000.0,2555000.0,537000.0,277000.0,1402000.0,831000.0,491000.0,545000.0,874000.0,1451000.0,841000.0,963000.0,929000.0,549000.0,458000.0,1096000.0,496000.0,630000.0,900000.0,1055000.0,765000.0,384000.0,137000.0,804000.0,1115000.0,484000.0,1065000.0,1027000.0,1109666.67,19.8558,0.015615,1284200.0,10.2943,0.010107,996700.0,6.6319,0.005136,1001666.67,4.3993,0.003732,912700.0,3.6211,0.002875,866333.33,2.5433,0.001925
20261002,00970B,台新BBB投等債20+,1901000.0,4204000.0,1722000.0,3543000.0,4116000.0,3048000.0,3802000.0,1301000.0,296000.0,1380000.0,730000.0,1109000.0,1975000.0,1043000.0,670000.0,678000.0,1316000.0,827000.0,1429000.0,640000.0,1344000.0,897000.0,708000.0,5427000.0,1575000.0,2228000.0,1099000.0,896000.0,838000.0,1011000.0,2609000.0,24.2877,0.044909,3097200.0,12.2756,0.029066,2531300.0,7.51,0.014772,2056000.0,6.1641,0.010734,1786500.0,5.3205,0.008269,1725100.0,3.6732,0.005538
20261002,009806,台新標普500,6000.0,15000.0,15000.0,203000.0,75000.0,714000.0,641000.0,30000.0,21000.0,9000.0,13000.0,24000.0,3000.0,754000.0,4000.0,34000.0,28000.0,17000.0,18000.0,2000.0,24000.0,14000.0,61000.0,89000.0,66000.0,106000.0,88000.0,185000.0,4000.0,90000.0,12000.0,16.6667,0.000142,62800.0,1.9108,9.2e-05,172900.0,0.347,4.7e-05,168466.67,0.2374,3.4e-05,131300.0,0.2285,2.6e-05,111766.67,0.1789,1.7e-05
20261002,009807,台新標普科技精選,13000.0,29000.0,283000.0,22000.0,221000.0,176000.0,49000.0,17000.0,61000.0,6000.0,23000.0,16000.0,6000.0,10000.0,10000.0,24000.0,19000.0,,34000.0,20000.0,6000.0,25000.0,36000.0,103000.0,124000.0,11000.0,101000.0,141000.0,105000.0,45000.0,108333.33,4.0,0.000307,113600.0,2.2887,0.000199,87700.0,1.4823,0.000101,62800.0,1.38,7.3e-05,54684.21,1.2512,5.7e-05,59862.07,0.7488,3.8e-05
20261002,00980B,台新特選IG債10+,232000.0,710000.0,816000.0,1911000.0,728000.0,101000.0,142000.0,361000.0,132000.0,882000.0,175000.0,681000.0,2262000.0,163000.0,299000.0,363000.0,125000.0,672000.0,456000.0,387000.0,155000.0,637000.0,11000.0,1727000.0,246000.0,315000.0,440000.0,135000.0,44000.0,357000.0,586000.0,13.1968,0.005481,879400.0,5.2763,0.003547,601500.0,3.857,0.001803,639666.67,2.4179,0.00131,579900.0,2.0003,0.001009,522166.67,1.481,0.000676
20261002,00980D,主動聯博投等入息,219000.0,546000.0,682000.0,2459000.0,542000.0,861000.0,186000.0,320000.0,481000.0,615000.0,354000.0,573000.0,443000.0,412000.0,377000.0,301000.0,1993000.0,736000.0,495000.0,223000.0,1777000.0,449000.0,693000.0,403000.0,138000.0,560000.0,323000.0,303000.0,520000.0,187000.0,482333.33,15.1348,0.005174,889600.0,4.9236,0.003348,691100.0,3.1689,0.001702,604666.67,2.4146,0.001237,640900.0,1.7085,0.000953,605700.0,1.2052,0.000638
20261002,00980T,平衡凱基美國TOP,33000.0,257000.0,48000.0,12000.0,156000.0,239000.0,269000.0,139000.0,137000.0,123000.0,124000.0,222000.0,103000.0,78000.0,223000.0,140000.0,1144000.0,26000.0,871000.0,407000.0,79000.0,335000.0,244000.0,325000.0,256000.0,103000.0,44000.0,23000.0,22000.0,43000.0,112666.67,9.7633,0.00078,101200.0,6.5217,0.000505,141300.0,2.3355,0.000256,144200.0,1.5257,0.000186,237550.0,0.6946,0.000144,207500.0,0.5301,9.6e-05
20261002,009814,富邦標普500,789000.0,1227000.0,646000.0,896000.0,777000.0,395000.0,634000.0,522000.0,347000.0,598000.0,703000.0,325000.0,391000.0,383000.0,589000.0,606000.0,719000.0,1154000.0,495000.0,409000.0,1592000.0,613000.0,1085000.0,548000.0,3019000.0,2014000.0,1745000.0,621000.0,196000.0,1408000.0,887333.33,29.6394,0.018639,867000.0,18.2007,0.012064,683100.0,11.5503,0.006131,614800.0,8.5556,0.004455,630250.0,6.2594,0.003432,848200.0,3.1007,0.002298
20261002,009815,大華美國MAG7+,1263000.0,3126000.0,1573000.0,2089000.0,937000.0,1672000.0,2944000.0,1810000.0,2167000.0,1417000.0,1340000.0,2031000.0,1229000.0,1153000.0,1531000.0,1161000.0,1571000.0,1142000.0,2498000.0,1331000.0,2695000.0,1412000.0,1946000.0,1630000.0,1224000.0,791000.0,1112000.0,752000.0,931000.0,2442000.0,1987333.33,21.1842,0.029837,1797600.0,14.0521,0.019311,1899800.0,6.6481,0.009814,1752133.33,4.8056,0.007132,1699250.0,3.7163,0.005494,1630666.67,2.5818,0.003679
20261002,00981B,第一金優選非投債,8129000.0,5191000.0,6877000.0,25288000.0,12688000.0,9569000.0,14297000.0,12935000.0,12155000.0,10633000.0,11923000.0,7801000.0,11649000.0,10138000.0,10017000.0,8267000.0,14668000.0,21265000.0,9055000.0,6718000.0,6496000.0,9302000.0,8713000.0,17387000.0,10666000.0,8379000.0,19120000.0,13355000.0,14488000.0,18975000.0,6732333.33,40.2486,0.192039,11634600.0,13.9738,0.124291,11776200.0,6.9029,0.063166,11286000.0,4.8018,0.045901,11463150.0,3.5457,0.035358,11871466.67,2.2825,0.02368
20261002,00981D,主動中信非投等債,2791000.0,1556000.0,4004000.0,5110000.0,2672000.0,3383000.0,2421000.0,2418000.0,2206000.0,2469000.0,3679000.0,2030000.0,1851000.0,3770000.0,2585000.0,3059000.0,4276000.0,3175000.0,1899000.0,1731000.0,3102000.0,2420000.0,4189000.0,4263000.0,2400000.0,1451000.0,2098000.0,2201000.0,3870000.0,2074000.0,2783666.67,33.4211,0.065935,3226600.0,17.2999,0.042674,2903000.0,9.6142,0.021687,2863000.0,6.499,0.01576,2854250.0,4.8892,0.01214,2838433.33,3.2776,0.00813
20261002,009822,華南永昌未來金融,204000.0,258000.0,504000.0,622000.0,230000.0,2390000.0,2136000.0,423000.0,51000.0,100000.0,394000.0,32000.0,727000.0,700000.0,367000.0,603000.0,1026000.0,727000.0,12797000.0,472000.0,355000.0,82000.0,341000.0,442000.0,134000.0,9938000.0,363000.0,1043000.0,845000.0,323000.0,322000.0,21.118,0.004819,363600.0,11.2211,0.003119,691800.0,2.9488,0.001585,609200.0,2.2324,0.001152,1238150.0,0.8238,0.000887,1287633.33,0.5281,0.000594
20261002,009823,群益S&P500,2346000.0,4130000.0,2071000.0,2819000.0,1943000.0,4073000.0,5832000.0,3620000.0,3248000.0,2090000.0,1453000.0,2117000.0,1592000.0,1880000.0,2696000.0,2898000.0,2094000.0,3509000.0,3631000.0,1596000.0,6326000.0,3166000.0,3382000.0,1225000.0,1964000.0,1925000.0,2947000.0,1992000.0,1735000.0,2210000.0,2849000.0,27.4482,0.055422,2661800.0,17.6272,0.03587,3217200.0,7.2921,0.018229,2794000.0,5.5977,0.013247,2781900.0,4.2165,0.010204,2750333.33,2.8433,0.006834
20261002,009825,聯邦美國金融創新,138000.0,411000.0,179000.0,392000.0,596000.0,1821000.0,668000.0,774000.0,459000.0,273000.0,217000.0,306000.0,21000.0,314000.0,374000.0,990000.0,905000.0,1180000.0,6170000.0,685000.0,549000.0,283000.0,134000.0,433000.0,1393000.0,3751000.0,1417000.0,689000.0,1508000.0,260000.0,242666.67,18.956,0.00326,343200.0,8.042,0.00211,571100.0,2.4164,0.001072,462866.67,1.9876,0.000779,843650.0,0.8179,0.0006,909666.67,0.5057,0.000402
20261002,00982B,FT投資級債20+,36000.0,18000.0,43000.0,670000.0,12000.0,15000.0,22000.0,5000.0,120000.0,77000.0,4000.0,25000.0,1000.0,31000.0,115000.0,503000.0,12000.0,13000.0,37000.0,1000.0,18000.0,166000.0,50000.0,11000.0,4000.0,,5000.0,6000.0,3000.0,48000.0,32333.33,37.1134,0.00085,155800.0,4.6213,0.00055,101800.0,3.5363,0.00028,79600.0,3.0151,0.000203,88000.0,2.0455,0.000157,71413.79,1.7383,0.000105
20261002,00983B,大華優利美公債20,273000.0,665000.0,963000.0,1845000.0,1367000.0,347000.0,97000.0,44000.0,370000.0,227000.0,312000.0,439000.0,1611000.0,541000.0,105000.0,85000.0,262000.0,401000.0,360000.0,571000.0,1270000.0,54000.0,447000.0,144000.0,72000.0,551000.0,110000.0,128000.0,30000.0,131000.0,633666.67,14.3609,0.006449,1022600.0,5.3393,0.004174,619800.0,4.4046,0.002121,613733.33,2.9655,0.001542,544250.0,2.508,0.001187,460733.33,1.9751,0.000795
20261002,00984B,大華優利美A債15,1473000.0,1389000.0,491000.0,2318000.0,1144000.0,477000.0,246000.0,822000.0,740000.0,1108000.0,738000.0,1103000.0,1590000.0,1474000.0,520000.0,476000.0,2184000.0,593000.0,1025000.0,533000.0,372000.0,1118000.0,231000.0,387000.0,676000.0,199000.0,484000.0,648000.0,1097000.0,1535000.0,1117666.67,43.9308,0.034798,1363000.0,21.6141,0.022522,1020800.0,14.4299,0.011446,1042200.0,9.4224,0.008317,1022200.0,7.205,0.006407,906366.67,5.4172,0.004291
20261002,00985D,主動貝萊德優投等,970000.0,669000.0,759000.0,2375000.0,2084000.0,2273000.0,1645000.0,664000.0,1347000.0,994000.0,2189000.0,1595000.0,1181000.0,1593000.0,618000.0,906000.0,855000.0,1056000.0,887000.0,909000.0,1307000.0,1413000.0,838000.0,1007000.0,206000.0,457000.0,655000.0,1087000.0,1182000.0,1037000.0,799333.33,40.4504,0.022915,1371400.0,14.1461,0.014831,1378000.0,7.0392,0.007537,1397066.67,4.6287,0.005477,1278450.0,3.7937,0.004219,1158600.0,2.7907,0.002826
20261002,00986B,FT金融債10+,88000.0,134000.0,12000.0,32000.0,49000.0,86000.0,,44000.0,,38000.0,,31000.0,,57000.0,6000.0,,2000.0,10000.0,8000.0,3000.0,9000.0,504000.0,36000.0,38000.0,3000.0,8000.0,6000.0,,1000.0,17000.0,78000.0,37.6068,0.002079,63000.0,27.9365,0.001346,60375.0,18.2195,0.000684,52454.55,15.2513,0.000497,40000.0,14.6667,0.000383,50916.67,7.2013,0.000256
20261002,00986D,主動復華金融債息,621000.0,464000.0,631000.0,1546000.0,335000.0,294000.0,260000.0,410000.0,154000.0,118000.0,830000.0,991000.0,744000.0,308000.0,238000.0,446000.0,511000.0,692000.0,365000.0,1263000.0,822000.0,234000.0,334000.0,744000.0,231000.0,103000.0,212000.0,339000.0,564000.0,270000.0,572000.0,36.1888,0.01467,719400.0,17.2644,0.009495,483300.0,12.8492,0.004825,529600.0,7.8172,0.003507,561050.0,5.5343,0.002701,502466.67,4.1197,0.001809
20261002,00987B,野村10+澳洲公債,1203000.0,1717000.0,1667000.0,568000.0,3455000.0,715000.0,262000.0,723000.0,1027000.0,360000.0,507000.0,1177000.0,658000.0,2421000.0,269000.0,706000.0,756000.0,348000.0,321000.0,615000.0,665000.0,447000.0,117000.0,267000.0,557000.0,450000.0,440000.0,544000.0,2123000.0,870000.0,1529000.0,26.2263,0.02842,1722000.0,13.9721,0.018394,1169700.0,10.2847,0.009348,1115266.67,7.1911,0.006793,973750.0,6.1772,0.005233,865166.67,4.6349,0.003504
20261002,00987D,主動統一美債量化,881000.0,2861000.0,2525000.0,2319000.0,3907000.0,462000.0,1044000.0,1453000.0,2668000.0,998000.0,2331000.0,2643000.0,2921000.0,4211000.0,3115000.0,1401000.0,3401000.0,609000.0,4100000.0,3615000.0,5984000.0,3940000.0,1666000.0,5865000.0,3024000.0,46621000.0,,,,,2089000.0,14.0578,0.020813,2498600.0,7.0519,0.01347,1911800.0,4.6082,0.006846,2289266.67,2.5656,0.004975,2373250.0,1.8561,0.003832,4406346.15,0.769,0.002566
20261002,00988B,玉山嚴選非投債,1006000.0,1729000.0,1272000.0,2351000.0,1611000.0,680000.0,966000.0,772000.0,722000.0,1103000.0,1612000.0,1470000.0,1680000.0,603000.0,930000.0,1368000.0,2509000.0,2164000.0,937000.0,732000.0,1332000.0,1410000.0,1283000.0,3316000.0,2635000.0,1906000.0,2361000.0,1235000.0,1595000.0,2347000.0,1335666.67,25.1061,0.023766,1593800.0,12.6239,0.015382,1221200.0,8.2378,0.007817,1233800.0,5.4358,0.00568,1310850.0,3.8372,0.004376,1521233.33,2.2044,0.00293
20261002,00989B,台新美國非投等債,5275000.0,3501000.0,3628000.0,6680000.0,1817000.0,694000.0,944000.0,1148000.0,3109000.0,1526000.0,2296000.0,3098000.0,5049000.0,4966000.0,3397000.0,5637000.0,6326000.0,7361000.0,3681000.0,3399000.0,3152000.0,4635000.0,3232000.0,4063000.0,3369000.0,4142000.0,3627000.0,1737000.0,600000.0,2248000.0,4134666.67,42.5266,0.124616,4180200.0,25.238,0.080654,2832200.0,18.6251,0.040989,3141866.67,11.1929,0.029786,3676600.0,7.1737,0.022944,3477900.0,5.0557,0.015366
20261002,00990B,國泰收益非投等債,1739000.0,2125000.0,3521000.0,5105000.0,2097000.0,3032000.0,4231000.0,3595000.0,3323000.0,3029000.0,1532000.0,1732000.0,340000.0,2524000.0,583000.0,1166000.0,1744000.0,1476000.0,856000.0,828000.0,712000.0,803000.0,1191000.0,973000.0,915000.0,3017000.0,1299000.0,1056000.0,1101000.0,2157000.0,2461666.67,23.5477,0.041082,2917400.0,11.9216,0.026589,3179700.0,5.4691,0.013513,2567200.0,4.5159,0.009819,2228900.0,3.901,0.007564,1926733.33,3.0085,0.005066
20261002,00998A,主動復華金融股息,15978000.0,8118000.0,2339000.0,5272000.0,8083000.0,17153000.0,3299000.0,11764000.0,6953000.0,11308000.0,10850000.0,12353000.0,4609000.0,7302000.0,5666000.0,8865000.0,4616000.0,7439000.0,4622000.0,6153000.0,4622000.0,4196000.0,1029000.0,5538000.0,1904000.0,2345000.0,2355000.0,2555000.0,4516000.0,2924000.0,8811666.67,60.4426,0.377464,7958000.0,40.1558,0.244301,9026700.0,17.7008,0.124156,8736466.67,12.1926,0.090221,8137100.0,9.818,0.069498,6490866.67,8.2054,0.046544
20261002,020001,富邦存股雙十N,,,,,,,,1000.0,,,,,,,1000.0,,,,,,,,,3000.0,,,,,,,,,,,,,1000.0,,,1000.0,,,1000.0,,,1666.67,,
20261002,020025,統一亞洲半導體N,,134000.0,88000.0,247000.0,17000.0,20000.0,9000.0,30000.0,20000.0,28000.0,12000.0,2000.0,14000.0,11000.0,14000.0,18000.0,37000.0,96000.0,15000.0,13000.0,17000.0,45000.0,7000.0,60000.0,178000.0,46000.0,1000.0,65000.0,9000.0,5000.0,111000.0,,,121500.0,,,65888.89,,,46142.86,,,43421.05,,,43379.31,,
20261002,020033,統一恒生科期N,116000.0,1000.0,107000.0,90000.0,134000.0,49000.0,80000.0,61000.0,34000.0,8000.0,,50000.0,15000.0,55000.0,49000.0,12000.0,27000.0,36000.0,15000.0,34000.0,20000.0,32000.0,15000.0,30000.0,17000.0,,45000.0,98000.0,10000.0,83000.0,74666.67,51.7857,0.00274,89600.0,25.8929,0.001774,68000.0,17.0588,0.000901,60642.86,13.6631,0.000655,51210.53,11.9219,0.000505,47250.0,8.768,0.000338
20261002,020035,元大上櫃ESG高息N,2000.0,,,,,,,,,,,,,,,,,,,,,,,2000.0,8000.0,939000.0,1330000.0,246000.0,1702000.0,865000.0,2000.0,100.0,4.7e-05,2000.0,100.0,3.1e-05,2000.0,100.0,1.6e-05,2000.0,100.0,1.1e-05,2000.0,100.0,9e-06,636750.0,0.0393,6e-06
20261002,020040,元大上櫃ESG龍頭N,3000.0,,,,,,6000.0,,1000.0,1000.0,,,,,,,,,,,,,,4000.0,,927000.0,884000.0,267000.0,1002000.0,741000.0,3000.0,100.0,7.1e-05,3000.0,100.0,4.6e-05,2750.0,27.2727,2.3e-05,2750.0,27.2727,1.7e-05,2750.0,27.2727,1.3e-05,383600.0,0.0782,9e-06
20261002,020041,兆豐半導體氣候N,85000.0,182000.0,72000.0,72000.0,122000.0,114000.0,116000.0,32000.0,10000.0,,5000.0,4000.0,3000.0,24000.0,26000.0,37000.0,6000.0,29000.0,23000.0,8000.0,17000.0,10000.0,17000.0,56000.0,1000.0,124000.0,16000.0,14000.0,11000.0,31000.0,113000.0,25.0737,0.002008,106600.0,15.9475,0.0013,89444.44,10.559,0.00066,61928.57,9.8039,0.00048,51052.63,8.7629,0.00037,43689.66,6.7088,0.000248
20261002,1240,茂生農經,10000.0,16000.0,11000.0,29000.0,17000.0,9000.0,7000.0,,,4000.0,3000.0,3000.0,7000.0,5000.0,5000.0,2000.0,8000.0,5000.0,6000.0,60000.0,43000.0,48000.0,12000.0,11000.0,,5000.0,6000.0,6000.0,3000.0,2000.0,12333.33,27.027,0.000236,16600.0,12.0482,0.000153,12875.0,9.7087,7.8e-05,9692.31,7.9365,5.6e-05,11500.0,4.8309,4.3e-05,12703.7,2.9155,2.9e-05
20261002,1259,安心,3000.0,15000.0,19000.0,18000.0,39000.0,,21000.0,59000.0,90000.0,17000.0,,,18000.0,8000.0,16000.0,17000.0,23000.0,1000.0,19000.0,2000.0,1000.0,5000.0,14000.0,6000.0,10000.0,,10000.0,134000.0,129000.0,,12333.33,8.1081,7.1e-05,18800.0,3.1915,4.6e-05,31222.22,1.0676,2.3e-05,26916.67,0.9288,1.7e-05,22647.06,0.7792,1.3e-05,27760.0,0.4323,9e-06
20261002,1264,德麥,13000.0,8000.0,16000.0,5000.0,14000.0,21000.0,34000.0,9000.0,14000.0,11000.0,16000.0,58000.0,27000.0,21000.0,33000.0,8000.0,34000.0,21000.0,12000.0,6000.0,9000.0,21000.0,17000.0,11000.0,30000.0,49000.0,36000.0,24000.0,28000.0,35000.0,12333.33,35.1351,0.000307,11200.0,23.2143,0.000199,14500.0,8.9655,0.000101,20000.0,4.3333,7.3e-05,19050.0,3.4121,5.7e-05,21366.67,2.0281,3.8e-05
20261002,1268,漢來美食,16000.0,75000.0,17000.0,25000.0,16000.0,31000.0,7000.0,29000.0,26000.0,20000.0,8000.0,16000.0,36000.0,24000.0,24000.0,15000.0,31000.0,155000.0,102000.0,88000.0,53000.0,31000.0,18000.0,15000.0,13000.0,10000.0,15000.0,13000.0,27000.0,74000.0,36000.0,14.8148,0.000378,29800.0,10.7383,0.000245,26200.0,6.1069,0.000124,24666.67,4.3243,9e-05,38050.0,2.1025,7e-05,34333.33,1.5534,4.7e-05
20261002,1294,漢田生技,15000.0,18000.0,20000.0,24000.0,8000.0,17000.0,27000.0,13000.0,7000.0,8000.0,6000.0,8000.0,19000.0,32000.0,8000.0,21000.0,8000.0,23000.0,4000.0,20000.0,12000.0,10000.0,56000.0,16000.0,38000.0,28000.0,37000.0,4000.0,23000.0,15000.0,17666.67,28.3019,0.000354,17000.0,17.6471,0.000229,15700.0,9.5541,0.000117,15333.33,6.5217,8.5e-05,15300.0,4.902,6.5e-05,18166.67,2.7523,4.4e-05
20261002,1295,生合,70000.0,19000.0,28000.0,29000.0,104000.0,29000.0,20000.0,28000.0,34000.0,12000.0,16000.0,4000.0,10000.0,31000.0,14000.0,25000.0,7000.0,18000.0,10000.0,23000.0,17000.0,21000.0,24000.0,24000.0,20000.0,58000.0,29000.0,43000.0,41000.0,39000.0,39000.0,59.8291,0.001654,50000.0,28.0,0.00107,37300.0,18.7668,0.000544,29866.67,15.625,0.000395,26550.0,13.1827,0.000304,28233.33,8.2645,0.000204
20261002,1336,台翰,326000.0,848000.0,478000.0,90000.0,80000.0,114000.0,53000.0,309000.0,345000.0,358000.0,109000.0,194000.0,197000.0,1236000.0,151000.0,139000.0,94000.0,155000.0,128000.0,367000.0,217000.0,335000.0,379000.0,346000.0,413000.0,226000.0,278000.0,237000.0,274000.0,341000.0,550666.67,19.7337,0.007701,364400.0,17.8924,0.004984,300100.0,10.863,0.002533,325866.67,6.6694,0.001841,288550.0,5.6489,0.001418,293900.0,3.6974,0.00095
20261002,1565,精華,136000.0,79000.0,59000.0,83000.0,97000.0,66000.0,42000.0,102000.0,236000.0,118000.0,119000.0,129000.0,76000.0,77000.0,53000.0,219000.0,93000.0,128000.0,81000.0,92000.0,164000.0,122000.0,97000.0,125000.0,442000.0,193000.0,71000.0,23000.0,46000.0,69000.0,91333.33,49.635,0.003213,90800.0,29.9559,0.002079,101800.0,13.3595,0.001057,98133.33,9.2391,0.000768,104250.0,6.5228,0.000592,114566.67,3.9569,0.000396
20261002,1569,濱川,7021000.0,3382000.0,4423000.0,4337000.0,7507000.0,4405000.0,14351000.0,8774000.0,5164000.0,1355000.0,718000.0,665000.0,923000.0,2860000.0,589000.0,813000.0,657000.0,2022000.0,575000.0,681000.0,644000.0,430000.0,430000.0,867000.0,216000.0,238000.0,483000.0,279000.0,591000.0,259000.0,4942000.0,47.356,0.165864,5334000.0,26.3255,0.10735,6071900.0,11.5631,0.054556,4431600.0,10.562,0.039645,3561100.0,9.8579,0.030539,2521966.67,9.2798,0.020452
20261002,1570,力肯,65000.0,11000.0,50000.0,87000.0,28000.0,50000.0,6000.0,30000.0,45000.0,34000.0,15000.0,17000.0,31000.0,44000.0,57000.0,38000.0,25000.0,50000.0,32000.0,38000.0,35000.0,37000.0,27000.0,12000.0,34000.0,39000.0,26000.0,12000.0,40000.0,33000.0,42000.0,51.5873,0.001536,48200.0,26.971,0.000994,40600.0,16.0099,0.000505,38000.0,11.4035,0.000367,37650.0,8.6321,0.000283,34933.33,6.2023,0.000189
20261002,1580,新麥,17000.0,24000.0,52000.0,22000.0,23000.0,10000.0,51000.0,59000.0,136000.0,118000.0,101000.0,215000.0,93000.0,58000.0,158000.0,254000.0,81000.0,281000.0,89000.0,23000.0,129000.0,200000.0,44000.0,75000.0,27000.0,48000.0,49000.0,41000.0,67000.0,63000.0,31000.0,18.2796,0.000402,27600.0,12.3188,0.00026,51200.0,3.3203,0.000132,75800.0,1.4952,9.6e-05,93250.0,0.9115,7.4e-05,86933.33,0.6518,5e-05
20261002,1584,精剛,255000.0,375000.0,1678000.0,494000.0,228000.0,334000.0,256000.0,229000.0,549000.0,359000.0,214000.0,250000.0,314000.0,187000.0,185000.0,251000.0,292000.0,296000.0,394000.0,288000.0,358000.0,371000.0,249000.0,533000.0,713000.0,411000.0,215000.0,245000.0,292000.0,237000.0,769333.33,11.0485,0.006024,606000.0,8.4158,0.003899,475700.0,5.3605,0.001981,393800.0,4.3169,0.00144,371400.0,3.433,0.001109,368400.0,2.3073,0.000743
20261002,1586,和勤,237000.0,174000.0,1235000.0,204000.0,86000.0,152000.0,194000.0,175000.0,315000.0,207000.0,187000.0,328000.0,184000.0,137000.0,90000.0,213000.0,273000.0,221000.0,204000.0,146000.0,77000.0,86000.0,132000.0,120000.0,473000.0,510000.0,522000.0,313000.0,470000.0,1114000.0,548666.67,14.3985,0.005599,387200.0,12.2417,0.003624,297900.0,7.9557,0.001842,260333.33,6.0691,0.001338,248100.0,4.7763,0.001031,292633.33,2.6996,0.00069
20261002,1591,駿吉-KY,120000.0,224000.0,387000.0,259000.0,172000.0,389000.0,258000.0,306000.0,554000.0,219000.0,261000.0,1209000.0,1074000.0,270000.0,197000.0,860000.0,888000.0,122000.0,125000.0,246000.0,212000.0,120000.0,239000.0,134000.0,168000.0,124000.0,394000.0,123000.0,257000.0,140000.0,243666.67,16.4159,0.002835,232400.0,10.327,0.001835,288800.0,4.1551,0.000932,393266.67,2.0342,0.000678,407000.0,1.4742,0.000522,335033.33,1.1939,0.00035
20261002,1593,祺驊,16000.0,23000.0,10000.0,10000.0,25000.0,9000.0,23000.0,32000.0,28000.0,26000.0,5000.0,6000.0,11000.0,2000.0,9000.0,9000.0,14000.0,15000.0,12000.0,20000.0,7000.0,3000.0,7000.0,33000.0,21000.0,18000.0,6000.0,20000.0,39000.0,3000.0,16333.33,32.6531,0.000378,16800.0,19.0476,0.000245,20200.0,7.9208,0.000124,15666.67,6.8085,9e-05,15250.0,5.2459,7e-05,15400.0,3.4632,4.7e-05
20261002,1595,川寶,2199000.0,8981000.0,5766000.0,2073000.0,1621000.0,6312000.0,2789000.0,228000.0,247000.0,305000.0,99000.0,94000.0,98000.0,200000.0,141000.0,324000.0,494000.0,324000.0,609000.0,2042000.0,730000.0,360000.0,274000.0,174000.0,173000.0,226000.0,119000.0,87000.0,157000.0,122000.0,5648666.67,12.9765,0.051949,4128000.0,10.6541,0.033622,3052100.0,7.2049,0.017087,2076866.67,7.0587,0.012417,1747300.0,6.2926,0.009565,1245600.0,5.8847,0.006406
20261002,1599,宏佳騰,24000.0,30000.0,13000.0,4000.0,5000.0,6000.0,18000.0,16000.0,10000.0,8000.0,23000.0,18000.0,38000.0,54000.0,8000.0,14000.0,9000.0,25000.0,25000.0,13000.0,8000.0,12000.0,37000.0,25000.0,27000.0,17000.0,11000.0,21000.0,18000.0,23000.0,22333.33,35.8209,0.000567,15200.0,31.5789,0.000367,13400.0,17.9104,0.000186,18333.33,8.7273,0.000136,18050.0,6.6482,0.000104,18666.67,4.2857,7e-05
20261002,1742,台蠟,73000.0,52000.0,68000.0,15000.0,55000.0,64000.0,144000.0,116000.0,46000.0,13000.0,20000.0,19000.0,49000.0,40000.0,29000.0,13000.0,17000.0,117000.0,58000.0,103000.0,74000.0,111000.0,62000.0,144000.0,62000.0,107000.0,27000.0,99000.0,202000.0,129000.0,64333.33,37.8238,0.001725,52600.0,27.7567,0.001116,64600.0,11.3003,0.000567,53533.33,9.0909,0.000412,55550.0,6.5707,0.000318,70933.33,3.4305,0.000213
20261002,1777,生泰,46000.0,23000.0,4000.0,12000.0,12000.0,67000.0,52000.0,17000.0,38000.0,14000.0,44000.0,14000.0,106000.0,97000.0,56000.0,54000.0,59000.0,66000.0,120000.0,39000.0,64000.0,33000.0,56000.0,26000.0,43000.0,7000.0,38000.0,32000.0,29000.0,6000.0,24333.33,63.0137,0.001087,19400.0,47.4227,0.000703,28500.0,16.1404,0.000357,40133.33,7.6412,0.00026,47000.0,4.8936,0.0002,42466.67,3.6107,0.000134
20261002,1780,立弘,137000.0,189000.0,127000.0,81000.0,99000.0,95000.0,131000.0,73000.0,53000.0,148000.0,58000.0,16000.0,21000.0,54000.0,100000.0,107000.0,80000.0,92000.0,78000.0,6000.0,35000.0,192000.0,42000.0,218000.0,108000.0,86000.0,95000.0,108000.0,101000.0,65000.0,151000.0,30.2428,0.003236,126600.0,21.643,0.002095,113300.0,12.0918,0.001065,92133.33,9.9132,0.000774,87250.0,7.851,0.000596,93166.67,4.9016,0.000399
20261002,1781,合世,24000.0,30000.0,21000.0,18000.0,9000.0,3000.0,15000.0,16000.0,22000.0,12000.0,3000.0,6000.0,6000.0,1000.0,14000.0,17000.0,8000.0,22000.0,17000.0,13000.0,11000.0,27000.0,49000.0,43000.0,18000.0,10000.0,12000.0,14000.0,10000.0,,25000.0,32.0,0.000567,20400.0,23.5294,0.000367,17000.0,14.1176,0.000186,13333.33,12.0,0.000136,13850.0,8.6643,0.000104,16241.38,5.0955,7e-05
20261002,1784,訊聯,18000.0,44000.0,76000.0,49000.0,63000.0,194000.0,147000.0,44000.0,61000.0,40000.0,58000.0,5000.0,35000.0,38000.0,55000.0,41000.0,44000.0,66000.0,61000.0,76000.0,55000.0,150000.0,50000.0,58000.0,68000.0,112000.0,36000.0,29000.0,58000.0,42000.0,46000.0,13.0435,0.000425,50000.0,7.2,0.000275,73600.0,2.4457,0.00014,61800.0,1.9417,0.000102,60750.0,1.4815,7.8e-05,62433.33,0.961,5.2e-05
20261002,1785,光洋科,7378000.0,5859000.0,8930000.0,4789000.0,2572000.0,4398000.0,3328000.0,4382000.0,4019000.0,6719000.0,2101000.0,2252000.0,3259000.0,4057000.0,6425000.0,1930000.0,2669000.0,2740000.0,2869000.0,4677000.0,3283000.0,2774000.0,4138000.0,3003000.0,3419000.0,3064000.0,2610000.0,2849000.0,6150000.0,7822000.0,7389000.0,33.2837,0.174298,5905600.0,24.9865,0.112808,5237400.0,14.0871,0.05733,4697866.67,10.47,0.041661,4267650.0,8.6441,0.032091,4148833.33,5.9278,0.021492
20261002,1788,杏昌,12000.0,12000.0,4000.0,13000.0,11000.0,17000.0,11000.0,13000.0,16000.0,10000.0,18000.0,6000.0,17000.0,14000.0,14000.0,11000.0,24000.0,18000.0,6000.0,7000.0,12000.0,27000.0,8000.0,18000.0,57000.0,11000.0,39000.0,7000.0,10000.0,5000.0,9333.33,42.8571,0.000283,10400.0,23.0769,0.000183,11900.0,10.084,9.3e-05,12533.33,6.383,6.8e-05,12700.0,4.7244,5.2e-05,14933.33,2.6786,3.5e-05
20261002,1796,金穎生技,9000.0,61000.0,6000.0,9000.0,4000.0,7000.0,10000.0,8000.0,11000.0,4000.0,5000.0,4000.0,3000.0,12000.0,3000.0,4000.0,1000.0,8000.0,10000.0,2000.0,7000.0,3000.0,4000.0,10000.0,45000.0,71000.0,26000.0,36000.0,14000.0,8000.0,25333.33,11.8421,0.000213,17800.0,10.1124,0.000138,12900.0,6.9767,7e-05,10400.0,5.7692,5.1e-05,9050.0,4.9724,3.9e-05,13500.0,2.2222,2.6e-05
20261002,1799,易威,79000.0,73000.0,110000.0,165000.0,52000.0,30000.0,53000.0,101000.0,113000.0,104000.0,104000.0,62000.0,68000.0,117000.0,84000.0,86000.0,191000.0,66000.0,73000.0,168000.0,50000.0,163000.0,126000.0,145000.0,64000.0,136000.0,69000.0,57000.0,66000.0,72000.0,87333.33,30.1527,0.001866,95800.0,16.4927,0.001208,88000.0,8.9773,0.000614,87666.67,6.0076,0.000446,94950.0,4.1601,0.000344,94900.0,2.7749,0.00023
20261002,1813,寶利徠,6000.0,5000.0,5000.0,5000.0,5000.0,4000.0,37000.0,14000.0,6000.0,29000.0,5000.0,6000.0,21000.0,34000.0,52000.0,8000.0,6000.0,15000.0,2000.0,6000.0,9000.0,8000.0,3000.0,8000.0,22000.0,27000.0,35000.0,12000.0,11000.0,,5333.33,37.5,0.000142,5200.0,23.0769,9.2e-05,11600.0,5.1724,4.7e-05,15600.0,2.5641,3.4e-05,13550.0,2.214,2.6e-05,14000.0,1.4778,1.7e-05
20261002,1815,富喬,42669000.0,31288000.0,16338000.0,16818000.0,28287000.0,32320000.0,69858000.0,66057000.0,95458000.0,52764000.0,43016000.0,45520000.0,52185000.0,44139000.0,43268000.0,68959000.0,114345000.0,70385000.0,50020000.0,120272000.0,121340000.0,68487000.0,79965000.0,127211000.0,75561000.0,105377000.0,66929000.0,119804000.0,132860000.0,42567000.0,30098333.33,47.2551,1.008011,27080000.0,31.5133,0.652401,45185700.0,9.443,0.331556,45332333.33,6.275,0.240934,55198300.0,3.8651,0.185594,68135566.67,2.0875,0.124294
20261002,2035,唐榮,3000.0,1000.0,2000.0,,1000.0,17000.0,2000.0,22000.0,1000.0,15000.0,1000.0,15000.0,,18000.0,11000.0,,1000.0,1000.0,1000.0,2000.0,,7000.0,1000.0,1000.0,,,,15000.0,,17000.0,2000.0,50.0,7.1e-05,1750.0,42.8571,4.6e-05,7111.11,4.6875,2.3e-05,8384.62,2.7523,1.7e-05,6705.88,2.6316,1.3e-05,7045.45,1.9355,9e-06
20261002,2061,風青,5226000.0,3244000.0,4798000.0,1905000.0,1618000.0,1591000.0,2029000.0,1955000.0,1967000.0,2753000.0,2191000.0,490000.0,788000.0,988000.0,955000.0,1770000.0,4062000.0,1903000.0,2142000.0,2539000.0,2068000.0,4469000.0,1669000.0,2736000.0,879000.0,1828000.0,1126000.0,1691000.0,1128000.0,1438000.0,4422666.67,39.388,0.123459,3358200.0,31.1238,0.079905,2708600.0,19.2941,0.040608,2166533.33,16.081,0.029509,2245700.0,11.6356,0.022731,2131533.33,8.1725,0.015223
20261002,2063,世鎧,72000.0,13000.0,35000.0,56000.0,24000.0,12000.0,26000.0,17000.0,31000.0,19000.0,14000.0,26000.0,4000.0,24000.0,12000.0,25000.0,17000.0,7000.0,109000.0,15000.0,32000.0,18000.0,28000.0,52000.0,10000.0,52000.0,36000.0,27000.0,35000.0,35000.0,40000.0,60.0,0.001701,40000.0,36.0,0.001101,30500.0,23.6066,0.000559,25666.67,18.7013,0.000407,27900.0,12.9032,0.000313,29433.33,8.154,0.00021
20261002,2064,晉椿,2000.0,350000.0,,300000.0,,10000.0,3000.0,5000.0,2000.0,349000.0,314000.0,308000.0,1000.0,,4000.0,,330000.0,275000.0,280000.0,,3000.0,298000.0,,314000.0,310000.0,1000.0,291000.0,1000.0,,272000.0,176000.0,0.5682,4.7e-05,217333.33,0.3067,3.1e-05,127625.0,0.1959,1.6e-05,137333.33,0.1214,1.1e-05,168866.67,0.079,9e-06,174913.04,0.0497,6e-06
20261002,2065,世豐,53000.0,36000.0,48000.0,33000.0,51000.0,50000.0,86000.0,48000.0,66000.0,53000.0,45000.0,28000.0,17000.0,147000.0,36000.0,54000.0,61000.0,47000.0,36000.0,37000.0,58000.0,24000.0,34000.0,42000.0,30000.0,72000.0,21000.0,27000.0,67000.0,49000.0,45666.67,38.6861,0.001252,44200.0,23.9819,0.00081,52400.0,10.1145,0.000412,53133.33,6.6499,0.000299,51600.0,5.1357,0.000231,48533.33,3.6401,0.000154
20261002,2066,世德,7000.0,23000.0,15000.0,17000.0,15000.0,58000.0,25000.0,13000.0,73000.0,31000.0,26000.0,8000.0,44000.0,36000.0,15000.0,15000.0,13000.0,5000.0,24000.0,33000.0,17000.0,53000.0,25000.0,16000.0,19000.0,63000.0,253000.0,109000.0,194000.0,123000.0,15000.0,15.5556,0.000165,15400.0,9.0909,0.000107,27700.0,2.5271,5.4e-05,27066.67,1.7241,4e-05,24800.0,1.4113,3e-05,45600.0,0.5117,2e-05
20261002,2067,嘉鋼,109000.0,108000.0,50000.0,10000.0,35000.0,9000.0,14000.0,8000.0,7000.0,49000.0,33000.0,1000.0,15000.0,7000.0,10000.0,31000.0,11000.0,2000.0,14000.0,35000.0,34000.0,22000.0,5000.0,4000.0,10000.0,35000.0,54000.0,86000.0,12000.0,21000.0,89000.0,40.824,0.002575,62400.0,34.9359,0.001667,39900.0,27.3183,0.000847,31000.0,23.4409,0.000615,27900.0,19.5341,0.000474,28033.33,12.9608,0.000318
20261002,2070,精湛,50000.0,99000.0,69000.0,89000.0,27000.0,70000.0,140000.0,80000.0,76000.0,70000.0,18000.0,39000.0,28000.0,93000.0,73000.0,91000.0,106000.0,114000.0,675000.0,158000.0,174000.0,312000.0,343000.0,303000.0,323000.0,218000.0,325000.0,360000.0,792000.0,1277000.0,72666.67,22.9358,0.001181,66800.0,14.9701,0.000764,77000.0,6.4935,0.000389,68066.67,4.8972,0.000282,108250.0,2.3095,0.000217,219733.33,0.7585,0.000146
20261002,2073,雄順,2000.0,2000.0,3000.0,1000.0,,3000.0,2000.0,5000.0,,,2000.0,1000.0,2000.0,3000.0,6000.0,5000.0,1000.0,3000.0,3000.0,2000.0,,,1000.0,,,1000.0,,4000.0,2000.0,,2333.33,28.5714,4.7e-05,2000.0,25.0,3.1e-05,2571.43,11.1111,1.6e-05,2666.67,6.25,1.1e-05,2705.88,4.3478,9e-06,2571.43,3.7037,6e-06
20261002,2221,大甲,985000.0,2216000.0,2795000.0,1993000.0,1597000.0,19970000.0,1697000.0,2924000.0,13517000.0,8366000.0,8981000.0,7201000.0,5239000.0,10136000.0,6394000.0,2759000.0,5753000.0,4198000.0,12640000.0,4812000.0,3198000.0,1540000.0,2576000.0,3107000.0,1938000.0,2012000.0,1174000.0,480000.0,320000.0,264000.0,1998666.67,16.4276,0.02327,1917200.0,10.2754,0.01506,5606000.0,1.757,0.007654,6267400.0,1.0477,0.005562,6208650.0,0.7932,0.004284,4692733.33,0.6997,0.002869
20261002,2230,泰茂,184000.0,144000.0,65000.0,94000.0,143000.0,280000.0,126000.0,463000.0,219000.0,89000.0,47000.0,56000.0,30000.0,76000.0,28000.0,46000.0,41000.0,48000.0,41000.0,58000.0,76000.0,127000.0,110000.0,120000.0,66000.0,60000.0,124000.0,103000.0,27000.0,55000.0,131000.0,46.8193,0.004347,126000.0,29.2063,0.002813,180700.0,10.1826,0.00143,136266.67,9.002,0.001039,113900.0,8.0773,0.0008,104866.67,5.8487,0.000536
20261002,2235,謚源,5000.0,,2000.0,,1000.0,,7000.0,1000.0,,8000.0,5000.0,4000.0,9000.0,2000.0,,75000.0,39000.0,1000.0,2000.0,4000.0,1000.0,8000.0,,5000.0,4000.0,2000.0,5000.0,2000.0,,6000.0,3500.0,71.4286,0.000118,2666.67,62.5,7.6e-05,4000.0,20.8333,3.9e-05,4400.0,11.3636,2.8e-05,11000.0,3.0303,2.2e-05,8608.7,2.5253,1.5e-05
20261002,2596,綠意,32000.0,23000.0,66000.0,11000.0,111000.0,63000.0,82000.0,33000.0,46000.0,165000.0,148000.0,147000.0,333000.0,250000.0,47000.0,298000.0,170000.0,211000.0,60000.0,122000.0,109000.0,94000.0,49000.0,49000.0,150000.0,130000.0,108000.0,64000.0,64000.0,64000.0,40333.33,26.4463,0.000756,48600.0,13.1687,0.000489,63200.0,5.0633,0.000249,103800.0,2.0552,0.000181,120900.0,1.3234,0.000139,109966.67,0.97,9.3e-05
20261002,2640,大車隊,8000.0,16000.0,13000.0,23000.0,30000.0,38000.0,107000.0,81000.0,83000.0,191000.0,40000.0,46000.0,13000.0,13000.0,16000.0,8000.0,10000.0,23000.0,9000.0,15000.0,33000.0,56000.0,33000.0,13000.0,20000.0,32000.0,27000.0,21000.0,28000.0,18000.0,12333.33,21.6216,0.000189,18000.0,8.8889,0.000122,59000.0,1.3559,6.2e-05,47866.67,1.1142,4.5e-05,39150.0,1.0217,3.5e-05,35466.67,0.7519,2.3e-05
20261002,2641,正德,802000.0,567000.0,1148000.0,1020000.0,616000.0,986000.0,875000.0,1206000.0,1322000.0,961000.0,802000.0,929000.0,1091000.0,1726000.0,2302000.0,1701000.0,992000.0,1273000.0,2192000.0,3965000.0,1122000.0,1472000.0,2324000.0,2046000.0,1872000.0,6470000.0,12620000.0,13882000.0,5195000.0,6121000.0,839000.0,31.8633,0.018946,830600.0,19.3113,0.012262,950300.0,8.4394,0.006232,1090200.0,4.9043,0.004529,1323800.0,3.0292,0.003488,2653333.33,1.0075,0.002336
20261002,2643,捷迅,9000.0,10000.0,7000.0,3000.0,13000.0,1000.0,8000.0,11000.0,3000.0,8000.0,4000.0,3000.0,3000.0,12000.0,32000.0,19000.0,19000.0,9000.0,15000.0,2000.0,7000.0,7000.0,8000.0,8000.0,14000.0,4000.0,11000.0,40000.0,11000.0,12000.0,8666.67,34.6154,0.000213,8400.0,21.4286,0.000138,7300.0,12.3288,7e-05,8466.67,7.0866,5.1e-05,9550.0,4.712,3.9e-05,10433.33,2.8754,2.6e-05
20261002,2718,全心投控,5000.0,19000.0,24000.0,3000.0,12000.0,20000.0,23000.0,24000.0,14000.0,11000.0,14000.0,25000.0,28000.0,23000.0,19000.0,25000.0,4000.0,13000.0,36000.0,26000.0,10000.0,24000.0,37000.0,122000.0,176000.0,179000.0,107000.0,34000.0,153000.0,32000.0,16000.0,10.4167,0.000118,12600.0,7.9365,7.6e-05,15500.0,3.2258,3.9e-05,17600.0,1.8939,2.8e-05,18400.0,1.3587,2.2e-05,41400.0,0.4026,1.5e-05
20261002,2719,燦星旅,4000.0,12000.0,1000.0,4000.0,3000.0,6000.0,2000.0,9000.0,14000.0,4000.0,2000.0,,7000.0,42000.0,10000.0,22000.0,41000.0,8000.0,8000.0,18000.0,5000.0,3000.0,5000.0,5000.0,8000.0,16000.0,32000.0,57000.0,3000.0,5000.0,5666.67,23.5294,9.4e-05,4800.0,16.6667,6.1e-05,5900.0,6.7797,3.1e-05,8571.43,3.3333,2.3e-05,11421.05,1.8433,1.7e-05,12275.86,1.1236,1.2e-05
20261002,2724,藝舍-KY,3000.0,1000.0,,,2000.0,4000.0,2000.0,3000.0,41000.0,4000.0,9000.0,8000.0,1000.0,,,,1000.0,2000.0,,11000.0,12000.0,5000.0,1000.0,2000.0,2000.0,7000.0,53000.0,159000.0,1000.0,103000.0,2000.0,75.0,7.1e-05,2000.0,50.0,4.6e-05,7500.0,5.0,2.3e-05,7090.91,3.8462,1.7e-05,6571.43,3.2609,1.3e-05,18208.33,0.6865,9e-06
20261002,2726,雅茗-KY,54000.0,7000.0,17000.0,14000.0,16000.0,51000.0,28000.0,21000.0,16000.0,21000.0,2000.0,24000.0,10000.0,26000.0,18000.0,7000.0,49000.0,95000.0,47000.0,8000.0,26000.0,31000.0,181000.0,54000.0,46000.0,60000.0,27000.0,62000.0,39000.0,44000.0,26000.0,69.2308,0.001276,21600.0,50.0,0.000826,24500.0,22.0408,0.00042,21666.67,16.6154,0.000305,26550.0,10.1695,0.000235,36700.0,4.9046,0.000157
20261002,2729,瓦城,6000.0,6000.0,14000.0,2000.0,14000.0,14000.0,38000.0,71000.0,63000.0,36000.0,68000.0,33000.0,7000.0,17000.0,6000.0,10000.0,11000.0,6000.0,11000.0,9000.0,15000.0,9000.0,15000.0,8000.0,13000.0,30000.0,85000.0,26000.0,12000.0,11000.0,8666.67,23.0769,0.000142,8400.0,14.2857,9.2e-05,26400.0,2.2727,4.7e-05,26333.33,1.519,3.4e-05,22100.0,1.3575,2.6e-05,22200.0,0.9009,1.7e-05
20261002,2732,六角,28000.0,43000.0,20000.0,8000.0,26000.0,95000.0,17000.0,13000.0,13000.0,12000.0,10000.0,27000.0,42000.0,28000.0,6000.0,17000.0,30000.0,7000.0,17000.0,24000.0,71000.0,25000.0,17000.0,10000.0,15000.0,36000.0,21000.0,10000.0,4000.0,21000.0,30333.33,30.7692,0.000661,25000.0,22.4,0.000428,27500.0,10.1818,0.000218,25866.67,7.2165,0.000158,24150.0,5.7971,0.000122,23766.67,3.9271,8.2e-05
20261002,2734,易飛網,30000.0,45000.0,26000.0,38000.0,26000.0,36000.0,51000.0,45000.0,31000.0,25000.0,42000.0,15000.0,42000.0,22000.0,27000.0,42000.0,85000.0,26000.0,9000.0,20000.0,27000.0,10000.0,96000.0,11000.0,54000.0,36000.0,153000.0,64000.0,12000.0,37000.0,33666.67,29.703,0.000709,33000.0,18.1818,0.000459,35300.0,8.4986,0.000233,33400.0,5.988,0.000169,34150.0,4.3924,0.00013,39433.33,2.5359,8.7e-05
20261002,2736,富野,78000.0,17000.0,27000.0,16000.0,20000.0,68000.0,22000.0,45000.0,23000.0,29000.0,25000.0,16000.0,29000.0,35000.0,42000.0,47000.0,12000.0,26000.0,28000.0,63000.0,87000.0,105000.0,54000.0,73000.0,43000.0,97000.0,317000.0,406000.0,8000.0,28000.0,40666.67,63.9344,0.001843,31600.0,49.3671,0.001193,34500.0,22.6087,0.000606,32800.0,15.8537,0.00044,33400.0,11.6766,0.000339,62866.67,4.1357,0.000227
20261002,2740,華軒,7000.0,8000.0,12000.0,3000.0,2000.0,1000.0,1000.0,1000.0,1000.0,1000.0,1000.0,1000.0,5000.0,2000.0,2000.0,2000.0,6000.0,6000.0,6000.0,2000.0,1000.0,1000.0,2000.0,2000.0,1000.0,1000.0,1000.0,2000.0,1000.0,1000.0,9000.0,25.9259,0.000165,6400.0,21.875,0.000107,3700.0,18.9189,5.4e-05,3200.0,14.5833,4e-05,3500.0,10.0,3e-05,2766.67,8.4337,2e-05
20261002,2743,山富,31000.0,21000.0,17000.0,21000.0,12000.0,31000.0,21000.0,43000.0,93000.0,46000.0,26000.0,38000.0,47000.0,52000.0,69000.0,111000.0,163000.0,145000.0,32000.0,59000.0,45000.0,59000.0,33000.0,120000.0,64000.0,104000.0,156000.0,104000.0,32000.0,58000.0,23000.0,44.9275,0.000732,20400.0,30.3922,0.000474,33600.0,9.2262,0.000241,37866.67,5.4577,0.000175,53900.0,2.8757,0.000135,61766.67,1.673,9e-05
20261002,2745,五福,18000.0,19000.0,26000.0,37000.0,97000.0,87000.0,84000.0,49000.0,40000.0,55000.0,63000.0,65000.0,79000.0,99000.0,68000.0,34000.0,38000.0,38000.0,62000.0,51000.0,26000.0,65000.0,39000.0,97000.0,35000.0,49000.0,70000.0,184000.0,102000.0,43000.0,21000.0,28.5714,0.000425,39400.0,9.1371,0.000275,51200.0,3.5156,0.00014,59066.67,2.0316,0.000102,55450.0,1.6231,7.8e-05,60633.33,0.9896,5.2e-05
20261002,2751,王座,,5000.0,14000.0,4000.0,2000.0,4000.0,4000.0,2000.0,,1000.0,1000.0,4000.0,4000.0,7000.0,9000.0,28000.0,6000.0,1000.0,2000.0,6000.0,10000.0,8000.0,22000.0,22000.0,,13000.0,12000.0,2000.0,3000.0,1000.0,9500.0,,,6250.0,,,4500.0,,,4692.31,,,5777.78,,,7296.3,,
20261002,2752,豆府,2000.0,17000.0,10000.0,12000.0,1000.0,13000.0,7000.0,3000.0,19000.0,2000.0,1000.0,13000.0,7000.0,10000.0,4000.0,,26000.0,20000.0,3000.0,10000.0,7000.0,9000.0,6000.0,1000.0,4000.0,2000.0,2000.0,4000.0,,1000.0,9666.67,6.8966,4.7e-05,8400.0,4.7619,3.1e-05,8600.0,2.3256,1.6e-05,8066.67,1.6529,1.1e-05,9473.68,1.1111,9e-06,7714.29,0.9259,6e-06
20261002,2754,亞洲藏壽司,49000.0,8000.0,18000.0,12000.0,28000.0,21000.0,38000.0,30000.0,23000.0,20000.0,2000.0,6000.0,41000.0,21000.0,54000.0,1000.0,9000.0,31000.0,6000.0,17000.0,2000.0,11000.0,14000.0,41000.0,9000.0,25000.0,9000.0,28000.0,17000.0,19000.0,25000.0,65.3333,0.001158,23000.0,42.6087,0.000749,24700.0,19.8381,0.000381,24733.33,13.2075,0.000277,21750.0,11.2644,0.000213,20333.33,8.0328,0.000143
20261002,2755,揚秦,29000.0,22000.0,24000.0,21000.0,10000.0,11000.0,16000.0,15000.0,10000.0,28000.0,43000.0,24000.0,13000.0,28000.0,40000.0,48000.0,48000.0,43000.0,97000.0,4000.0,5000.0,22000.0,14000.0,19000.0,18000.0,12000.0,24000.0,23000.0,45000.0,12000.0,25000.0,38.6667,0.000685,21200.0,27.3585,0.000443,18600.0,15.5914,0.000225,22266.67,8.6826,0.000164,28700.0,5.0523,0.000126,25600.0,3.776,8.4e-05
20261002,2756,聯發國際,16000.0,10000.0,1000.0,8000.0,25000.0,25000.0,8000.0,7000.0,24000.0,5000.0,52000.0,37000.0,80000.0,58000.0,2000.0,38000.0,25000.0,45000.0,19000.0,9000.0,20000.0,12000.0,9000.0,10000.0,26000.0,15000.0,8000.0,16000.0,8000.0,54000.0,9000.0,59.2593,0.000378,12000.0,26.6667,0.000245,12900.0,12.4031,0.000124,23866.67,4.4693,9e-05,24700.0,3.2389,7e-05,22400.0,2.381,4.7e-05
20261002,2916,滿心,17000.0,12000.0,10000.0,7000.0,20000.0,39000.0,18000.0,27000.0,11000.0,12000.0,6000.0,30000.0,62000.0,31000.0,14000.0,22000.0,49000.0,28000.0,39000.0,34000.0,27000.0,23000.0,44000.0,25000.0,32000.0,13000.0,23000.0,4000.0,10000.0,32000.0,13000.0,43.5897,0.000402,13200.0,25.7576,0.00026,17300.0,9.8266,0.000132,21066.67,5.3797,9.6e-05,24400.0,3.4836,7.4e-05,24033.33,2.3578,5e-05
20261002,2924,宏太-KY,9000.0,1000.0,19000.0,8000.0,1000.0,1000.0,8000.0,1000.0,1000.0,3000.0,28000.0,22000.0,1000.0,1000.0,8000.0,8000.0,7000.0,12000.0,11000.0,11000.0,1000.0,7000.0,13000.0,12000.0,10000.0,19000.0,14000.0,1000.0,,1000.0,9666.67,31.0345,0.000213,7600.0,23.6842,0.000138,5200.0,17.3077,7e-05,7466.67,8.0357,5.1e-05,8050.0,5.5901,3.9e-05,8241.38,3.7657,2.6e-05
20261002,2926,誠品生活,9000.0,3000.0,12000.0,18000.0,,2000.0,8000.0,,21000.0,2000.0,2000.0,6000.0,2000.0,2000.0,7000.0,3000.0,5000.0,22000.0,5000.0,5000.0,4000.0,5000.0,8000.0,15000.0,17000.0,30000.0,12000.0,10000.0,18000.0,7000.0,8000.0,37.5,0.000213,10500.0,21.4286,0.000138,9375.0,12.0,7e-05,7230.77,9.5745,5.1e-05,7444.44,6.7164,3.9e-05,9285.71,3.4615,2.6e-05
20261002,2937,集雅社,5000.0,,1000.0,5000.0,,,2000.0,2000.0,2000.0,5000.0,3000.0,5000.0,7000.0,4000.0,8000.0,4000.0,18000.0,2000.0,2000.0,1000.0,4000.0,4000.0,28000.0,52000.0,10000.0,2000.0,5000.0,5000.0,10000.0,6000.0,3000.0,83.3333,0.000118,3666.67,45.4545,7.6e-05,3142.86,22.7273,3.9e-05,4083.33,10.2041,2.8e-05,4470.59,6.5789,2.2e-05,7481.48,2.4752,1.5e-05
20261002,2938,床的世界,72000.0,42000.0,31000.0,26000.0,93000.0,223000.0,40000.0,300000.0,127000.0,361000.0,656000.0,,,,,,,,,,,,,,,,,,,,48333.33,49.6552,0.001701,52800.0,27.2727,0.001101,131500.0,5.4753,0.000559,179181.82,3.653,0.000407,179181.82,3.653,0.000313,179181.82,3.653,0.00021
20261002,2941,米斯特,2000.0,6000.0,4000.0,1000.0,1000.0,1000.0,2000.0,1000.0,6000.0,5000.0,8000.0,,4000.0,1000.0,7000.0,3000.0,2000.0,6000.0,8000.0,,,2000.0,,1000.0,1000.0,1000.0,,1000.0,2000.0,9000.0,4000.0,16.6667,4.7e-05,2800.0,14.2857,3.1e-05,2900.0,6.8966,1.6e-05,3500.0,4.0816,1.1e-05,3777.78,2.9412,9e-06,3400.0,2.3529,6e-06
20261002,2947,振宇五金,15000.0,9000.0,8000.0,,,3000.0,,9000.0,2000.0,6000.0,3000.0,17000.0,10000.0,51000.0,2000.0,18000.0,7000.0,4000.0,7000.0,25000.0,62000.0,11000.0,8000.0,12000.0,4000.0,11000.0,5000.0,13000.0,3000.0,,10666.67,46.875,0.000354,10666.67,46.875,0.000229,7428.57,28.8462,0.000117,11250.0,11.1111,8.5e-05,11529.41,7.6531,6.5e-05,12500.0,4.6154,4.4e-05
20261002,2948,寶陞,4000.0,6000.0,1000.0,6000.0,3000.0,13000.0,13000.0,1000.0,3000.0,1000.0,,3000.0,2000.0,5000.0,1000.0,3000.0,,3000.0,6000.0,3000.0,1000.0,9000.0,4000.0,2000.0,2000.0,1000.0,,6000.0,,2000.0,3666.67,36.3636,9.4e-05,4000.0,20.0,6.1e-05,5100.0,7.8431,3.1e-05,4428.57,6.4516,2.3e-05,4277.78,5.1948,1.7e-05,4000.0,3.8462,1.2e-05
20261002,2949,欣新網,1000.0,,12000.0,,5000.0,,,,,,6000.0,3000.0,,,,,3000.0,,,,,1000.0,1000.0,,,,6000.0,3000.0,,2000.0,6500.0,7.6923,2.4e-05,6000.0,5.5556,1.5e-05,6000.0,5.5556,8e-06,5400.0,3.7037,6e-06,5000.0,3.3333,4e-06,3909.09,2.3256,3e-06
20261002,3064,泰偉,3000.0,2000.0,,,,,,2000.0,,,,,,3000.0,,,1000.0,,,,,,,,,3000.0,,,,,2500.0,60.0,7.1e-05,2500.0,60.0,4.6e-05,2333.33,42.8571,2.3e-05,2500.0,30.0,1.7e-05,2200.0,27.2727,1.3e-05,2333.33,21.4286,9e-06
20261002,3066,李洲,978000.0,1576000.0,2394000.0,2761000.0,2118000.0,1457000.0,1505000.0,3277000.0,7953000.0,5345000.0,2071000.0,1017000.0,305000.0,378000.0,394000.0,763000.0,565000.0,673000.0,1074000.0,1813000.0,2077000.0,1280000.0,4594000.0,2900000.0,902000.0,1124000.0,559000.0,340000.0,1058000.0,252000.0,1649333.33,19.7656,0.023104,1965400.0,9.9522,0.014953,2936400.0,3.3306,0.007599,2235266.67,2.9169,0.005522,1920850.0,2.5457,0.004254,1783433.33,1.8279,0.002849
20261002,3067,全域,,,,1000.0,,1000.0,14000.0,,3000.0,,1000.0,,,1000.0,,2000.0,5000.0,23000.0,,1000.0,,,1000.0,1000.0,,1000.0,7000.0,9000.0,,1000.0,,,,1000.0,,,4750.0,,,3500.0,,,5200.0,,,4500.0,,
20261002,3071,協禧,178000.0,143000.0,125000.0,105000.0,164000.0,96000.0,265000.0,125000.0,118000.0,83000.0,50000.0,128000.0,61000.0,206000.0,403000.0,110000.0,169000.0,195000.0,638000.0,176000.0,122000.0,203000.0,72000.0,130000.0,132000.0,145000.0,128000.0,87000.0,120000.0,108000.0,148666.67,39.9103,0.004205,143000.0,24.8951,0.002722,140200.0,12.6961,0.001383,150000.0,7.9111,0.001005,176900.0,5.0311,0.000774,159500.0,3.72,0.000519
20261002,3073,天方能源,18000.0,8000.0,9000.0,13000.0,7000.0,30000.0,47000.0,83000.0,52000.0,8000.0,14000.0,15000.0,24000.0,34000.0,45000.0,3000.0,53000.0,48000.0,57000.0,40000.0,73000.0,39000.0,6000.0,29000.0,43000.0,39000.0,51000.0,21000.0,26000.0,47000.0,11666.67,51.4286,0.000425,11000.0,32.7273,0.000275,27500.0,6.5455,0.00014,27133.33,4.4226,0.000102,30400.0,2.9605,7.8e-05,32733.33,1.833,5.2e-05
20261002,3078,僑威,388000.0,396000.0,351000.0,281000.0,252000.0,482000.0,616000.0,997000.0,801000.0,486000.0,1075000.0,339000.0,357000.0,639000.0,944000.0,577000.0,654000.0,960000.0,1131000.0,1365000.0,777000.0,888000.0,2595000.0,1019000.0,924000.0,587000.0,811000.0,704000.0,416000.0,461000.0,378333.33,34.185,0.009166,333600.0,23.2614,0.005932,505000.0,7.6832,0.003015,560266.67,4.6168,0.002191,654550.0,2.9639,0.001688,742433.33,1.742,0.00113
20261002,3081,聯亞,4284000.0,1747000.0,1329000.0,1139000.0,1798000.0,4144000.0,2200000.0,2610000.0,3166000.0,4058000.0,5534000.0,2210000.0,2614000.0,2482000.0,2921000.0,4728000.0,3764000.0,3448000.0,5284000.0,3924000.0,3191000.0,2459000.0,3971000.0,3066000.0,6294000.0,6821000.0,3133000.0,4752000.0,4519000.0,5057000.0,2453333.33,58.2065,0.101205,2059400.0,41.6044,0.065502,2647500.0,16.1813,0.033288,2815733.33,10.143,0.02419,3169200.0,6.7588,0.018634,3554900.0,4.017,0.012479
20261002,3083,網龍,77000.0,271000.0,59000.0,47000.0,44000.0,18000.0,90000.0,34000.0,55000.0,40000.0,30000.0,120000.0,87000.0,51000.0,16000.0,23000.0,47000.0,51000.0,91000.0,19000.0,30000.0,30000.0,50000.0,12000.0,19000.0,29000.0,50000.0,25000.0,43000.0,55000.0,135666.67,18.9189,0.001819,99600.0,15.4618,0.001177,73500.0,10.4762,0.000598,69266.67,7.411,0.000435,63500.0,6.063,0.000335,53766.67,4.7737,0.000224
20261002,3085,新零售,,,4000.0,8000.0,5000.0,8000.0,,2000.0,2000.0,5000.0,1000.0,3000.0,,1000.0,2000.0,,16000.0,1000.0,19000.0,7000.0,4000.0,,9000.0,,8000.0,1000.0,,11000.0,2000.0,5000.0,4000.0,,,5666.67,,,4857.14,,,3727.27,,,5600.0,,,5636.36,,
20261002,3086,華義*,109000.0,65000.0,95000.0,131000.0,100000.0,48000.0,83000.0,50000.0,73000.0,58000.0,38000.0,73000.0,42000.0,51000.0,41000.0,59000.0,143000.0,190000.0,111000.0,128000.0,339000.0,871000.0,296000.0,149000.0,69000.0,84000.0,78000.0,57000.0,104000.0,128000.0,89666.67,40.5204,0.002575,100000.0,21.8,0.001667,81200.0,13.4236,0.000847,70466.67,10.3122,0.000615,84400.0,6.4573,0.000474,128766.67,2.8216,0.000318
20261002,3088,艾訊,431000.0,427000.0,934000.0,1699000.0,442000.0,340000.0,582000.0,818000.0,376000.0,644000.0,271000.0,365000.0,284000.0,537000.0,520000.0,1102000.0,695000.0,817000.0,1551000.0,761000.0,401000.0,958000.0,477000.0,409000.0,558000.0,669000.0,428000.0,424000.0,591000.0,621000.0,597333.33,24.0513,0.010182,786600.0,10.9586,0.00659,669300.0,6.4396,0.003349,578000.0,4.9712,0.002434,679800.0,3.1701,0.001875,637733.33,2.2528,0.001255
20261002,3093,港建*,268000.0,261000.0,208000.0,352000.0,85000.0,138000.0,84000.0,231000.0,146000.0,100000.0,111000.0,170000.0,127000.0,215000.0,242000.0,362000.0,151000.0,216000.0,203000.0,305000.0,372000.0,257000.0,325000.0,495000.0,1107000.0,636000.0,174000.0,268000.0,264000.0,499000.0,245666.67,36.3636,0.006331,234800.0,22.8279,0.004098,187300.0,14.3086,0.002082,182533.33,9.7882,0.001513,198750.0,6.7421,0.001166,279066.67,3.2011,0.000781
20261002,3095,及成,2000.0,5000.0,8000.0,5000.0,65000.0,13000.0,17000.0,9000.0,21000.0,5000.0,1000.0,5000.0,,6000.0,11000.0,3000.0,5000.0,12000.0,1000.0,4000.0,,3000.0,10000.0,10000.0,1000.0,8000.0,1000.0,3000.0,4000.0,7000.0,5000.0,13.3333,4.7e-05,17000.0,2.3529,3.1e-05,15000.0,1.3333,1.6e-05,12357.14,1.1561,1.1e-05,10421.05,1.0101,9e-06,8750.0,0.8163,6e-06
20261002,3105,穩懋,27304000.0,26500000.0,41316000.0,15080000.0,21240000.0,26998000.0,33052000.0,23166000.0,43288000.0,46836000.0,28852000.0,35312000.0,13412000.0,14114000.0,14923000.0,35781000.0,17063000.0,19322000.0,23782000.0,40305000.0,41055000.0,55247000.0,50920000.0,48392000.0,36119000.0,31905000.0,11814000.0,21808000.0,15615000.0,17582000.0,31706666.67,28.7048,0.645029,26288000.0,20.773,0.417473,30478000.0,8.9586,0.212163,27426200.0,6.637,0.154175,27382300.0,4.9857,0.118762,29270100.0,3.1094,0.079536
20261002,3114,好德,3572000.0,2976000.0,642000.0,1771000.0,870000.0,169000.0,166000.0,217000.0,180000.0,129000.0,110000.0,88000.0,141000.0,147000.0,188000.0,196000.0,203000.0,189000.0,249000.0,649000.0,538000.0,273000.0,205000.0,211000.0,155000.0,238000.0,371000.0,133000.0,188000.0,137000.0,2396666.67,49.6801,0.084385,1966200.0,36.334,0.054615,1069200.0,33.4082,0.027756,757733.33,31.4271,0.02017,642600.0,27.7933,0.015537,510033.33,23.3449,0.010405
20261002,3115,富榮綱,29000.0,8000.0,23000.0,14000.0,70000.0,33000.0,1000.0,9000.0,54000.0,14000.0,14000.0,8000.0,7000.0,,,9000.0,2000.0,4000.0,2000.0,2000.0,,10000.0,,13000.0,1000.0,3000.0,30000.0,8000.0,4000.0,6000.0,20000.0,48.3333,0.000685,28800.0,20.1389,0.000443,25500.0,11.3725,0.000225,21846.15,10.2113,0.000164,16833.33,9.571,0.000126,14538.46,7.672,8.4e-05
20261002,3118,進階,9000.0,7000.0,48000.0,29000.0,33000.0,,15000.0,8000.0,2000.0,11000.0,11000.0,19000.0,14000.0,23000.0,28000.0,19000.0,9000.0,14000.0,18000.0,29000.0,,44000.0,35000.0,14000.0,18000.0,22000.0,21000.0,1000.0,17000.0,13000.0,21333.33,14.0625,0.000213,25200.0,7.1429,0.000138,18000.0,5.5556,7e-05,18357.14,3.5019,5.1e-05,18210.53,2.6012,3.9e-05,18964.29,1.6949,2.6e-05
20261002,3122,笙泉,34000.0,22000.0,73000.0,38000.0,14000.0,102000.0,56000.0,56000.0,14000.0,34000.0,17000.0,36000.0,18000.0,15000.0,41000.0,32000.0,48000.0,40000.0,41000.0,111000.0,74000.0,71000.0,19000.0,69000.0,47000.0,64000.0,48000.0,30000.0,25000.0,43000.0,43000.0,26.3566,0.000803,36200.0,18.7845,0.00052,44300.0,7.6749,0.000264,38000.0,5.9649,0.000192,42100.0,4.038,0.000148,44400.0,2.5526,9.9e-05
20261002,3128,昇銳,46000.0,75000.0,49000.0,39000.0,36000.0,38000.0,142000.0,49000.0,209000.0,124000.0,364000.0,613000.0,170000.0,51000.0,28000.0,21000.0,71000.0,107000.0,113000.0,115000.0,68000.0,176000.0,70000.0,152000.0,88000.0,294000.0,169000.0,53000.0,77000.0,195000.0,56666.67,27.0588,0.001087,49000.0,18.7755,0.000703,80700.0,5.7001,0.000357,135533.33,2.2627,0.00026,123000.0,1.8699,0.0002,126733.33,1.2099,0.000134
20261002,3131,弘塑,324000.0,603000.0,720000.0,519000.0,181000.0,224000.0,265000.0,377000.0,203000.0,293000.0,135000.0,231000.0,211000.0,272000.0,386000.0,848000.0,830000.0,650000.0,234000.0,316000.0,266000.0,611000.0,715000.0,559000.0,926000.0,541000.0,211000.0,206000.0,224000.0,323000.0,549000.0,19.6721,0.007654,469400.0,13.8049,0.004954,370900.0,8.7355,0.002518,329600.0,6.5534,0.001829,391100.0,4.1422,0.001409,413466.67,2.6121,0.000944
20261002,3141,晶宏,2432000.0,1452000.0,1053000.0,1533000.0,2472000.0,2479000.0,3936000.0,4878000.0,3298000.0,5378000.0,4430000.0,5136000.0,2225000.0,4213000.0,2881000.0,2813000.0,6222000.0,8308000.0,14635000.0,21248000.0,18047000.0,10308000.0,3453000.0,586000.0,551000.0,1435000.0,741000.0,243000.0,258000.0,374000.0,1645666.67,49.2607,0.057454,1788400.0,27.1975,0.037185,2891100.0,8.412,0.018898,3186400.0,5.0883,0.013733,5051100.0,2.4074,0.010578,4567266.67,1.7749,0.007084
20261002,3147,大綜,2133000.0,1630000.0,524000.0,561000.0,1233000.0,236000.0,585000.0,608000.0,956000.0,632000.0,964000.0,746000.0,1190000.0,349000.0,382000.0,366000.0,152000.0,359000.0,359000.0,339000.0,201000.0,340000.0,220000.0,321000.0,362000.0,340000.0,260000.0,451000.0,566000.0,340000.0,1429000.0,49.7551,0.05039,1216200.0,35.0765,0.032613,909800.0,23.4447,0.016574,848600.0,16.757,0.012044,715200.0,14.9119,0.009278,590166.67,12.0474,0.006213
20261002,3152,璟德,53000.0,98000.0,84000.0,87000.0,296000.0,46000.0,54000.0,48000.0,62000.0,90000.0,77000.0,51000.0,49000.0,115000.0,88000.0,113000.0,125000.0,70000.0,100000.0,107000.0,73000.0,110000.0,138000.0,218000.0,651000.0,464000.0,818000.0,751000.0,200000.0,80000.0,78333.33,22.5532,0.001252,123600.0,8.5761,0.00081,91800.0,5.7734,0.000412,86533.33,4.0832,0.000299,90650.0,2.9233,0.000231,177200.0,0.997,0.000154
20261002,3158,嘉實,24000.0,29000.0,20000.0,14000.0,14000.0,5000.0,8000.0,8000.0,21000.0,11000.0,20000.0,19000.0,104000.0,12000.0,5000.0,5000.0,7000.0,15000.0,1000.0,2000.0,8000.0,7000.0,8000.0,3000.0,6000.0,2000.0,8000.0,7000.0,,3000.0,24333.33,32.8767,0.000567,20200.0,23.7624,0.000367,15400.0,15.5844,0.000186,20933.33,7.6433,0.000136,17200.0,6.9767,0.000104,13655.17,6.0606,7e-05
20261002,3162,精確,4259000.0,7409000.0,7047000.0,4034000.0,647000.0,486000.0,1304000.0,960000.0,2559000.0,870000.0,2279000.0,2056000.0,1121000.0,704000.0,1168000.0,2236000.0,1346000.0,554000.0,1315000.0,4135000.0,558000.0,742000.0,952000.0,1431000.0,3532000.0,6185000.0,225000.0,272000.0,298000.0,546000.0,6238333.33,22.7571,0.100615,4679200.0,18.204,0.065119,2957500.0,14.4007,0.033094,2460200.0,11.5411,0.024049,2324450.0,9.1613,0.018525,2041000.0,6.9557,0.012406
20261002,3163,波若威,7641000.0,2991000.0,982000.0,947000.0,748000.0,1233000.0,1382000.0,1136000.0,1747000.0,1569000.0,1963000.0,1165000.0,1145000.0,1714000.0,1363000.0,3924000.0,2141000.0,4449000.0,940000.0,906000.0,667000.0,786000.0,947000.0,4842000.0,6552000.0,6492000.0,5314000.0,2676000.0,1014000.0,805000.0,3871333.33,65.7913,0.180511,2661800.0,57.4123,0.116829,2037600.0,37.5,0.059374,1848400.0,27.559,0.043146,2004300.0,19.0615,0.033235,2339366.67,10.8876,0.022258
20261002,3169,亞信,291000.0,467000.0,257000.0,461000.0,1696000.0,673000.0,381000.0,134000.0,78000.0,119000.0,64000.0,76000.0,71000.0,112000.0,67000.0,107000.0,274000.0,616000.0,196000.0,524000.0,2562000.0,260000.0,45000.0,94000.0,67000.0,58000.0,63000.0,66000.0,48000.0,76000.0,338333.33,28.67,0.006875,634400.0,9.174,0.004449,455700.0,6.3858,0.002261,329800.0,5.8824,0.001643,333200.0,4.3667,0.001266,333433.33,2.9091,0.000848
20261002,3171,炎洲流通,40000.0,39000.0,4000.0,7000.0,3000.0,8000.0,22000.0,15000.0,21000.0,1000.0,1000.0,4000.0,39000.0,23000.0,16000.0,83000.0,61000.0,13000.0,30000.0,19000.0,42000.0,19000.0,10000.0,7000.0,8000.0,2000.0,12000.0,45000.0,36000.0,10000.0,27666.67,48.1928,0.000945,18600.0,43.0108,0.000612,16000.0,25.0,0.000311,16200.0,16.4609,0.000226,22450.0,8.9087,0.000174,21333.33,6.25,0.000117
20261002,3176,基亞,223000.0,249000.0,287000.0,280000.0,601000.0,241000.0,278000.0,357000.0,1089000.0,1320000.0,688000.0,1015000.0,621000.0,2843000.0,759000.0,485000.0,676000.0,434000.0,449000.0,330000.0,476000.0,1124000.0,1109000.0,1162000.0,2052000.0,2490000.0,703000.0,1835000.0,870000.0,310000.0,253000.0,29.3808,0.005268,328000.0,13.5976,0.00341,492500.0,4.5279,0.001733,723400.0,2.0551,0.001259,661250.0,1.6862,0.00097,845200.0,0.8795,0.00065
20261002,3178,公準,518000.0,175000.0,235000.0,141000.0,637000.0,605000.0,2842000.0,2161000.0,1041000.0,59000.0,52000.0,44000.0,69000.0,75000.0,65000.0,438000.0,28000.0,17000.0,47000.0,55000.0,71000.0,74000.0,40000.0,117000.0,26000.0,32000.0,25000.0,96000.0,25000.0,30000.0,309333.33,55.819,0.012237,341200.0,30.3634,0.00792,841400.0,6.1564,0.004025,581266.67,5.941,0.002925,465200.0,5.5675,0.002253,328000.0,5.2642,0.001509
20261002,3188,鑫龍騰,159000.0,98000.0,127000.0,22000.0,56000.0,146000.0,81000.0,136000.0,243000.0,136000.0,92000.0,89000.0,73000.0,106000.0,136000.0,68000.0,149000.0,216000.0,253000.0,112000.0,126000.0,122000.0,172000.0,216000.0,249000.0,113000.0,122000.0,152000.0,221000.0,187000.0,128000.0,41.4062,0.003756,92400.0,34.4156,0.002431,120400.0,13.206,0.001235,113333.33,9.3529,0.000898,124900.0,6.3651,0.000692,139266.67,3.8056,0.000463
20261002,3191,雲嘉南,59000.0,45000.0,21000.0,21000.0,13000.0,26000.0,21000.0,14000.0,15000.0,24000.0,13000.0,6000.0,10000.0,5000.0,28000.0,104000.0,45000.0,27000.0,18000.0,7000.0,70000.0,20000.0,29000.0,33000.0,24000.0,30000.0,24000.0,24000.0,2000.0,7000.0,41666.67,47.2,0.001394,31800.0,37.1069,0.000902,25900.0,22.7799,0.000458,21400.0,18.3801,0.000333,26100.0,11.3027,0.000257,26166.67,7.5159,0.000172
20261002,3205,佰研,27000.0,18000.0,6000.0,52000.0,9000.0,16000.0,18000.0,32000.0,3000.0,19000.0,24000.0,5000.0,9000.0,38000.0,24000.0,12000.0,18000.0,8000.0,113000.0,75000.0,21000.0,39000.0,62000.0,39000.0,15000.0,8000.0,12000.0,37000.0,7000.0,17000.0,17000.0,52.9412,0.000638,22400.0,24.1071,0.000413,20000.0,13.5,0.00021,20000.0,9.0,0.000152,26300.0,5.1331,0.000117,26100.0,3.4483,7.9e-05
20261002,3206,志豐,53000.0,14000.0,17000.0,8000.0,19000.0,9000.0,115000.0,52000.0,43000.0,34000.0,11000.0,12000.0,42000.0,8000.0,14000.0,55000.0,84000.0,65000.0,100000.0,28000.0,11000.0,16000.0,42000.0,20000.0,42000.0,19000.0,47000.0,2000.0,68000.0,48000.0,28000.0,63.0952,0.001252,22200.0,47.7477,0.00081,36400.0,14.5604,0.000412,30066.67,11.7517,0.000299,39150.0,6.7688,0.000231,36600.0,4.827,0.000154
20261002,3207,耀勝,245000.0,306000.0,185000.0,107000.0,17000.0,91000.0,181000.0,165000.0,294000.0,140000.0,81000.0,81000.0,85000.0,307000.0,105000.0,244000.0,168000.0,141000.0,79000.0,157000.0,188000.0,112000.0,112000.0,142000.0,155000.0,55000.0,92000.0,101000.0,158000.0,226000.0,245333.33,33.288,0.005788,172000.0,28.4884,0.003746,173100.0,14.1537,0.001904,159333.33,10.251,0.001383,158950.0,7.7068,0.001066,150666.67,5.4204,0.000714
20261002,3211,順達,2846000.0,2343000.0,7930000.0,3903000.0,1163000.0,1762000.0,6065000.0,8625000.0,1570000.0,2265000.0,2578000.0,1875000.0,2313000.0,1692000.0,3851000.0,4826000.0,2289000.0,3200000.0,3296000.0,6072000.0,2717000.0,9549000.0,4505000.0,11113000.0,17210000.0,11121000.0,8264000.0,5056000.0,7324000.0,2861000.0,4373000.0,21.6937,0.067234,3637000.0,15.6503,0.043515,3847200.0,7.3976,0.022115,3385400.0,5.6045,0.01607,3523200.0,4.0389,0.012379,5006133.33,1.895,0.00829
20261002,3213,茂訊,371000.0,140000.0,120000.0,152000.0,98000.0,65000.0,142000.0,122000.0,76000.0,201000.0,203000.0,97000.0,156000.0,209000.0,360000.0,536000.0,325000.0,716000.0,879000.0,213000.0,190000.0,150000.0,139000.0,207000.0,164000.0,161000.0,137000.0,322000.0,292000.0,200000.0,210333.33,58.7956,0.008764,176200.0,42.1112,0.005673,148700.0,24.9496,0.002883,167466.67,14.7691,0.002095,259050.0,7.1608,0.001614,238100.0,5.1939,0.001081
20261002,3217,優群,238000.0,129000.0,277000.0,130000.0,65000.0,133000.0,176000.0,146000.0,237000.0,168000.0,173000.0,157000.0,247000.0,302000.0,312000.0,992000.0,246000.0,295000.0,408000.0,440000.0,342000.0,593000.0,438000.0,222000.0,488000.0,310000.0,315000.0,406000.0,382000.0,328000.0,214666.67,36.9565,0.005623,167800.0,28.3671,0.003639,169900.0,14.0082,0.001849,192666.67,8.2353,0.001344,263550.0,4.5153,0.001035,303166.67,2.6168,0.000693
20261002,3218,大學光,105000.0,86000.0,78000.0,84000.0,354000.0,111000.0,125000.0,80000.0,116000.0,112000.0,74000.0,101000.0,79000.0,292000.0,79000.0,112000.0,78000.0,164000.0,112000.0,186000.0,191000.0,335000.0,627000.0,137000.0,198000.0,100000.0,84000.0,129000.0,255000.0,144000.0,89666.67,39.0335,0.002481,141400.0,14.8515,0.001605,125100.0,8.3933,0.000816,125066.67,5.597,0.000593,126400.0,4.1535,0.000457,157600.0,2.2208,0.000306
20261002,3219,倚強科,870000.0,1227000.0,6580000.0,1423000.0,2333000.0,5909000.0,2798000.0,2666000.0,581000.0,450000.0,348000.0,363000.0,232000.0,455000.0,352000.0,666000.0,1357000.0,702000.0,590000.0,889000.0,1204000.0,1401000.0,1986000.0,2232000.0,1354000.0,398000.0,674000.0,199000.0,161000.0,248000.0,2892333.33,10.0265,0.020553,2486600.0,6.9975,0.013302,2483700.0,3.5028,0.00676,1772466.67,3.2723,0.004913,1539550.0,2.8255,0.003784,1354933.33,2.1403,0.002534
20261002,3221,台嘉碩,12825000.0,13516000.0,3055000.0,4889000.0,3171000.0,3066000.0,1082000.0,2037000.0,603000.0,916000.0,1036000.0,1186000.0,839000.0,1188000.0,1518000.0,1917000.0,2325000.0,3931000.0,1658000.0,2423000.0,4214000.0,4083000.0,905000.0,1550000.0,2010000.0,3199000.0,1434000.0,7204000.0,2018000.0,1892000.0,9798666.67,43.6284,0.302977,7491200.0,34.2402,0.196092,4516000.0,28.399,0.099656,3395133.33,25.1831,0.072418,3159050.0,20.2988,0.055784,3056333.33,13.9873,0.037359
20261002,3224,三顧,27000.0,66000.0,18000.0,68000.0,23000.0,32000.0,28000.0,19000.0,112000.0,10000.0,11000.0,4000.0,50000.0,24000.0,29000.0,51000.0,45000.0,31000.0,158000.0,27000.0,17000.0,47000.0,20000.0,28000.0,3000.0,42000.0,12000.0,13000.0,30000.0,78000.0,37000.0,24.3243,0.000638,40400.0,13.3663,0.000413,40300.0,6.6998,0.00021,34733.33,5.1823,0.000152,41650.0,3.2413,0.000117,37433.33,2.4043,7.9e-05
20261002,3226,龍鋒,37000.0,148000.0,57000.0,63000.0,34000.0,34000.0,43000.0,66000.0,32000.0,18000.0,30000.0,36000.0,30000.0,34000.0,39000.0,48000.0,25000.0,23000.0,20000.0,13000.0,13000.0,20000.0,13000.0,16000.0,26000.0,24000.0,21000.0,26000.0,12000.0,18000.0,80666.67,15.2893,0.000874,67800.0,10.9145,0.000566,53200.0,6.9549,0.000288,46733.33,5.2782,0.000209,41500.0,4.4578,0.000161,33966.67,3.631,0.000108
20261002,3227,原相,811000.0,605000.0,699000.0,590000.0,351000.0,567000.0,803000.0,530000.0,598000.0,659000.0,447000.0,518000.0,499000.0,573000.0,488000.0,640000.0,899000.0,684000.0,436000.0,533000.0,429000.0,496000.0,862000.0,582000.0,547000.0,526000.0,699000.0,832000.0,827000.0,585000.0,705000.0,38.3452,0.019159,611200.0,26.538,0.0124,621300.0,13.0533,0.006302,582533.33,9.2813,0.004579,596500.0,6.798,0.003528,610500.0,4.4281,0.002362
20261002,3228,金麗科,426000.0,477000.0,585000.0,906000.0,193000.0,226000.0,332000.0,321000.0,168000.0,150000.0,117000.0,208000.0,129000.0,191000.0,227000.0,279000.0,302000.0,196000.0,227000.0,260000.0,605000.0,827000.0,484000.0,739000.0,508000.0,316000.0,82000.0,91000.0,76000.0,123000.0,496000.0,28.629,0.010064,517400.0,16.467,0.006513,378400.0,11.2579,0.00331,310400.0,9.1495,0.002405,296000.0,7.1959,0.001853,325700.0,4.3598,0.001241
20261002,3230,錦明,301000.0,724000.0,307000.0,517000.0,447000.0,373000.0,623000.0,372000.0,260000.0,255000.0,552000.0,203000.0,367000.0,541000.0,226000.0,173000.0,287000.0,248000.0,304000.0,452000.0,364000.0,476000.0,487000.0,3009000.0,1945000.0,599000.0,635000.0,1415000.0,559000.0,559000.0,444000.0,22.5976,0.007111,459200.0,13.1098,0.004602,417900.0,7.2027,0.002339,404533.33,4.9604,0.0017,376600.0,3.9963,0.001309,586000.0,1.7122,0.000877
20261002,3232,昱捷,36000.0,14000.0,42000.0,57000.0,12000.0,31000.0,35000.0,56000.0,30000.0,71000.0,361000.0,261000.0,17000.0,13000.0,3000.0,20000.0,20000.0,6000.0,5000.0,26000.0,15000.0,14000.0,25000.0,12000.0,11000.0,6000.0,8000.0,4000.0,27000.0,6000.0,30666.67,39.1304,0.00085,32200.0,22.3602,0.00055,38400.0,9.375,0.00028,69266.67,3.4649,0.000203,55800.0,3.2258,0.000157,41466.67,2.8939,0.000105
20261002,3234,光環,4245000.0,1406000.0,1769000.0,1686000.0,4252000.0,1404000.0,2342000.0,2088000.0,2640000.0,3747000.0,3095000.0,2286000.0,3402000.0,2880000.0,3324000.0,3375000.0,3055000.0,4173000.0,5383000.0,6156000.0,7818000.0,3479000.0,3259000.0,2192000.0,2947000.0,4177000.0,7477000.0,3609000.0,4023000.0,3352000.0,2473333.33,57.2102,0.100284,2671600.0,31.7787,0.064905,2557900.0,16.5956,0.032985,2704400.0,10.4644,0.02397,3135400.0,6.7695,0.018464,3501366.67,4.0413,0.012366
20261002,3236,千如,9935000.0,13482000.0,899000.0,1434000.0,2008000.0,1095000.0,3380000.0,956000.0,787000.0,1282000.0,968000.0,1320000.0,1399000.0,2525000.0,1695000.0,1380000.0,2491000.0,5318000.0,3492000.0,1246000.0,1142000.0,3270000.0,3124000.0,6343000.0,2049000.0,1386000.0,921000.0,1777000.0,4835000.0,7025000.0,8105333.33,40.8579,0.234704,5551600.0,35.7915,0.151904,3525800.0,28.178,0.077199,2877666.67,23.0163,0.056099,2854600.0,17.4017,0.043213,2965466.67,11.1674,0.02894
20261002,3252,海灣,14000.0,8000.0,28000.0,8000.0,2000.0,55000.0,85000.0,70000.0,62000.0,3000.0,14000.0,22000.0,6000.0,12000.0,51000.0,27000.0,20000.0,15000.0,12000.0,1000.0,15000.0,30000.0,,4000.0,10000.0,5000.0,38000.0,67000.0,11000.0,34000.0,16666.67,28.0,0.000331,12000.0,23.3333,0.000214,33500.0,4.1791,0.000109,29333.33,3.1818,7.9e-05,25750.0,2.7184,6.1e-05,25137.93,1.9204,4.1e-05
20261002,3259,鑫創,80000.0,49000.0,35000.0,16000.0,32000.0,21000.0,22000.0,39000.0,33000.0,1000.0,26000.0,25000.0,10000.0,10000.0,17000.0,45000.0,36000.0,33000.0,88000.0,,19000.0,24000.0,32000.0,204000.0,78000.0,95000.0,132000.0,94000.0,299000.0,47000.0,54666.67,48.7805,0.00189,42400.0,37.7358,0.001223,32800.0,24.3902,0.000622,27733.33,19.2308,0.000452,32526.32,12.945,0.000348,56620.69,4.8721,0.000233
20261002,3260,威剛,3794000.0,2539000.0,3361000.0,2713000.0,4105000.0,3294000.0,4599000.0,4607000.0,6708000.0,3486000.0,3285000.0,5888000.0,4422000.0,5028000.0,4821000.0,7069000.0,12807000.0,6263000.0,4708000.0,9994000.0,3520000.0,3920000.0,4594000.0,6697000.0,5637000.0,7952000.0,31204000.0,20651000.0,6363000.0,6156000.0,3231333.33,39.1376,0.089629,3302400.0,22.9772,0.05801,3920600.0,9.6771,0.029481,4176666.67,6.0559,0.021423,5174550.0,3.666,0.016502,6672833.33,1.8952,0.011052
20261002,3264,欣銓,11557000.0,14614000.0,15292000.0,10352000.0,17975000.0,28819000.0,21876000.0,26820000.0,28853000.0,20984000.0,3470000.0,4528000.0,5193000.0,6468000.0,24809000.0,7212000.0,6342000.0,3079000.0,3077000.0,4168000.0,5024000.0,7787000.0,5877000.0,11444000.0,6068000.0,6713000.0,2424000.0,2681000.0,2302000.0,2908000.0,13821000.0,27.873,0.273022,13958000.0,16.5597,0.176704,19714200.0,5.8623,0.089803,16107333.33,4.7833,0.065258,13274400.0,4.3531,0.050269,10623866.67,3.6261,0.033665
20261002,3265,台星科,1598000.0,1090000.0,2316000.0,682000.0,1072000.0,2455000.0,5273000.0,1827000.0,2613000.0,1248000.0,281000.0,324000.0,717000.0,752000.0,1458000.0,367000.0,1823000.0,814000.0,730000.0,1564000.0,1219000.0,3159000.0,2260000.0,3149000.0,2150000.0,1471000.0,910000.0,1788000.0,4003000.0,5747000.0,1668000.0,31.9345,0.037751,1351600.0,23.646,0.024433,2017400.0,7.9211,0.012417,1580400.0,6.7409,0.009023,1450200.0,5.5096,0.006951,1828666.67,2.9129,0.004655
20261002,3268,海德威,81000.0,91000.0,138000.0,432000.0,49000.0,48000.0,228000.0,88000.0,75000.0,96000.0,28000.0,44000.0,31000.0,9000.0,52000.0,24000.0,70000.0,74000.0,43000.0,16000.0,12000.0,105000.0,13000.0,46000.0,51000.0,34000.0,14000.0,35000.0,93000.0,25000.0,103333.33,26.129,0.001914,158200.0,10.2402,0.001238,132600.0,6.1086,0.000629,99333.33,5.4362,0.000457,85850.0,4.7175,0.000352,71500.0,3.7762,0.000236
20261002,3272,東碩,39000.0,24000.0,21000.0,65000.0,10000.0,10000.0,20000.0,21000.0,15000.0,41000.0,11000.0,22000.0,17000.0,15000.0,44000.0,44000.0,22000.0,36000.0,375000.0,50000.0,8000.0,157000.0,56000.0,11000.0,10000.0,31000.0,20000.0,47000.0,38000.0,50000.0,28000.0,46.4286,0.000921,31800.0,24.5283,0.000596,26600.0,14.6617,0.000303,25000.0,10.4,0.00022,45100.0,4.3237,0.00017,44333.33,2.9323,0.000114
20261002,3276,宇環,185000.0,47000.0,57000.0,38000.0,41000.0,38000.0,45000.0,35000.0,20000.0,68000.0,60000.0,141000.0,46000.0,296000.0,36000.0,47000.0,100000.0,162000.0,139000.0,103000.0,81000.0,130000.0,108000.0,192000.0,102000.0,114000.0,123000.0,80000.0,49000.0,52000.0,96333.33,64.0138,0.00437,73600.0,50.2717,0.002829,57400.0,32.23,0.001438,76866.67,16.0451,0.001045,85200.0,10.8568,0.000805,91166.67,6.7642,0.000539
20261002,3284,太普高,140000.0,91000.0,215000.0,95000.0,111000.0,121000.0,145000.0,113000.0,191000.0,117000.0,510000.0,63000.0,51000.0,132000.0,116000.0,129000.0,111000.0,262000.0,107000.0,45000.0,56000.0,82000.0,149000.0,94000.0,148000.0,273000.0,109000.0,52000.0,53000.0,106000.0,148666.67,31.3901,0.003307,130400.0,21.4724,0.002141,133900.0,10.4556,0.001088,147400.0,6.332,0.000791,143250.0,4.8866,0.000609,132900.0,3.5114,0.000408
20261002,3285,微端,16000.0,54000.0,11000.0,41000.0,26000.0,26000.0,70000.0,265000.0,11000.0,7000.0,4000.0,26000.0,,16000.0,29000.0,5000.0,12000.0,4000.0,14000.0,32000.0,18000.0,91000.0,82000.0,48000.0,62000.0,79000.0,10000.0,18000.0,24000.0,42000.0,27000.0,19.7531,0.000378,29600.0,10.8108,0.000245,52700.0,3.0361,0.000124,43000.0,2.6578,9e-05,35210.53,2.3916,7e-05,39413.79,1.3998,4.7e-05
20261002,3287,廣寰科,787000.0,403000.0,912000.0,470000.0,472000.0,982000.0,1432000.0,3684000.0,984000.0,901000.0,74000.0,60000.0,59000.0,151000.0,93000.0,153000.0,382000.0,260000.0,125000.0,242000.0,179000.0,153000.0,315000.0,1000000.0,349000.0,365000.0,547000.0,233000.0,417000.0,661000.0,700666.67,37.4405,0.018592,608800.0,25.8541,0.012033,1102700.0,7.137,0.006115,764266.67,6.865,0.004444,631300.0,6.2332,0.003423,561500.0,4.672,0.002293
20261002,3288,點晶,20000.0,23000.0,23000.0,41000.0,96000.0,84000.0,165000.0,136000.0,27000.0,30000.0,65000.0,46000.0,34000.0,21000.0,18000.0,13000.0,26000.0,20000.0,21000.0,6000.0,22000.0,23000.0,22000.0,39000.0,24000.0,27000.0,41000.0,31000.0,73000.0,46000.0,22000.0,30.303,0.000472,40600.0,9.8522,0.000306,64500.0,3.1008,0.000155,55266.67,2.4125,0.000113,45750.0,2.1858,8.7e-05,42100.0,1.5835,5.8e-05
20261002,3289,宜特,554000.0,331000.0,1516000.0,453000.0,520000.0,589000.0,1594000.0,246000.0,432000.0,378000.0,305000.0,359000.0,356000.0,1025000.0,222000.0,293000.0,314000.0,485000.0,441000.0,592000.0,871000.0,649000.0,792000.0,470000.0,552000.0,839000.0,285000.0,357000.0,350000.0,424000.0,800333.33,23.0737,0.013088,674800.0,16.4197,0.008471,661300.0,8.3774,0.004305,592000.0,6.2387,0.003128,550250.0,5.0341,0.00241,553133.33,3.3386,0.001614
20261002,3290,東浦,451000.0,1355000.0,2585000.0,916000.0,243000.0,721000.0,1427000.0,117000.0,452000.0,417000.0,453000.0,358000.0,253000.0,498000.0,150000.0,409000.0,373000.0,849000.0,1153000.0,838000.0,430000.0,513000.0,1380000.0,570000.0,465000.0,189000.0,769000.0,205000.0,472000.0,426000.0,1463666.67,10.271,0.010654,1110000.0,8.1261,0.006896,868400.0,5.1935,0.003504,693066.67,4.3382,0.002547,700900.0,3.2173,0.001962,647900.0,2.3203,0.001314
20261002,3293,鈊象,2872000.0,5228000.0,1828000.0,3229000.0,5224000.0,750000.0,1058000.0,1047000.0,4085000.0,1994000.0,1133000.0,802000.0,743000.0,1589000.0,840000.0,944000.0,1011000.0,1066000.0,882000.0,1229000.0,3850000.0,3708000.0,22982000.0,2709000.0,2810000.0,4392000.0,2721000.0,3496000.0,2569000.0,2153000.0,3309333.33,28.9283,0.067848,3676200.0,15.6248,0.043912,2731500.0,10.5144,0.022317,2161466.67,8.8582,0.016217,1877700.0,7.6477,0.012492,2964800.0,3.229,0.008366
20261002,3294,英濟,528000.0,2035000.0,972000.0,1368000.0,7904000.0,1264000.0,344000.0,274000.0,310000.0,272000.0,182000.0,203000.0,179000.0,215000.0,253000.0,174000.0,243000.0,155000.0,265000.0,477000.0,218000.0,192000.0,169000.0,194000.0,447000.0,180000.0,155000.0,94000.0,276000.0,205000.0,1178333.33,14.9364,0.012473,2561400.0,4.1227,0.008073,1527100.0,3.4575,0.004103,1086866.67,3.2387,0.002981,880850.0,2.9971,0.002297,658233.33,2.6738,0.001538
20261002,3297,杭特,186000.0,198000.0,169000.0,299000.0,902000.0,601000.0,1412000.0,1070000.0,1076000.0,500000.0,2097000.0,341000.0,383000.0,24000.0,30000.0,18000.0,16000.0,30000.0,56000.0,44000.0,30000.0,39000.0,34000.0,60000.0,36000.0,20000.0,14000.0,14000.0,21000.0,16000.0,184333.33,33.6347,0.004394,350800.0,10.6043,0.002844,641300.0,2.9004,0.001445,619200.0,2.0026,0.00105,472600.0,1.9678,0.000809,324533.33,1.9104,0.000542
20261002,3303,岱稜,135000.0,107000.0,148000.0,165000.0,92000.0,104000.0,144000.0,138000.0,199000.0,110000.0,73000.0,245000.0,212000.0,380000.0,1134000.0,97000.0,130000.0,193000.0,213000.0,220000.0,117000.0,151000.0,203000.0,108000.0,232000.0,127000.0,254000.0,224000.0,532000.0,141000.0,130000.0,34.6154,0.003189,129400.0,20.8655,0.002064,134200.0,10.0596,0.001049,225733.33,3.987,0.000762,211950.0,3.1847,0.000587,210933.33,2.1334,0.000393
20261002,3306,鼎天,38000.0,43000.0,173000.0,265000.0,24000.0,161000.0,74000.0,47000.0,31000.0,36000.0,50000.0,142000.0,86000.0,248000.0,122000.0,59000.0,45000.0,50000.0,64000.0,75000.0,26000.0,33000.0,127000.0,40000.0,52000.0,64000.0,32000.0,32000.0,93000.0,50000.0,84666.67,14.9606,0.000898,108600.0,6.9982,0.000581,89200.0,4.2601,0.000295,102666.67,2.4675,0.000215,91650.0,2.0731,0.000165,79400.0,1.5953,0.000111
20261002,3310,佳穎,9000.0,21000.0,12000.0,10000.0,8000.0,9000.0,33000.0,14000.0,3000.0,24000.0,8000.0,23000.0,11000.0,1000.0,17000.0,12000.0,19000.0,24000.0,14000.0,17000.0,23000.0,28000.0,10000.0,14000.0,9000.0,2000.0,11000.0,2000.0,25000.0,11000.0,14000.0,21.4286,0.000213,12000.0,15.0,0.000138,14300.0,6.2937,7e-05,13533.33,4.4335,5.1e-05,14450.0,3.1142,3.9e-05,14133.33,2.1226,2.6e-05
20261002,3313,斐成,69000.0,49000.0,32000.0,7000.0,35000.0,34000.0,98000.0,99000.0,97000.0,85000.0,32000.0,38000.0,26000.0,89000.0,84000.0,119000.0,183000.0,499000.0,64000.0,116000.0,112000.0,81000.0,172000.0,374000.0,1052000.0,518000.0,250000.0,101000.0,48000.0,71000.0,50000.0,46.0,0.00163,38400.0,35.9375,0.001055,60500.0,11.405,0.000536,58266.67,7.8947,0.00039,92750.0,3.7197,0.0003,154466.67,1.489,0.000201
20261002,3317,尼克森,1816000.0,2049000.0,2088000.0,3914000.0,15975000.0,9364000.0,1547000.0,258000.0,359000.0,397000.0,353000.0,209000.0,402000.0,446000.0,505000.0,600000.0,1795000.0,415000.0,428000.0,620000.0,590000.0,641000.0,914000.0,1205000.0,996000.0,1381000.0,387000.0,400000.0,360000.0,918000.0,1984333.33,30.5056,0.042901,5168400.0,7.0273,0.027766,3776700.0,4.8084,0.014111,2645466.67,4.5764,0.010254,2177000.0,4.1709,0.007899,1711066.67,3.5378,0.00529
20261002,3322,建舜電,171000.0,465000.0,250000.0,106000.0,123000.0,244000.0,176000.0,177000.0,254000.0,196000.0,117000.0,395000.0,272000.0,398000.0,184000.0,73000.0,181000.0,164000.0,147000.0,172000.0,176000.0,290000.0,469000.0,82000.0,123000.0,251000.0,166000.0,162000.0,110000.0,165000.0,295333.33,19.3002,0.00404,223000.0,15.3363,0.002615,216200.0,7.9093,0.001329,235200.0,4.8469,0.000966,213250.0,4.0094,0.000744,208633.33,2.7321,0.000498
20261002,3323,加百裕,673000.0,249000.0,682000.0,1044000.0,99000.0,137000.0,200000.0,317000.0,203000.0,166000.0,110000.0,141000.0,273000.0,307000.0,220000.0,333000.0,387000.0,219000.0,176000.0,389000.0,117000.0,224000.0,280000.0,292000.0,375000.0,323000.0,151000.0,95000.0,267000.0,300000.0,534666.67,41.9576,0.015899,549400.0,24.4995,0.01029,377000.0,17.8515,0.005229,321400.0,13.9598,0.0038,316250.0,10.6403,0.002927,291633.33,7.6923,0.00196
20261002,3324,雙鴻,3373000.0,2935000.0,4066000.0,3782000.0,6213000.0,3992000.0,5320000.0,3905000.0,8136000.0,6331000.0,4701000.0,4170000.0,883000.0,990000.0,741000.0,1351000.0,2125000.0,1960000.0,2720000.0,2042000.0,10591000.0,8557000.0,8718000.0,5902000.0,3964000.0,3710000.0,2456000.0,1102000.0,1191000.0,1457000.0,3458000.0,32.514,0.079684,4073800.0,16.5595,0.051573,4805300.0,7.0193,0.02621,3969200.0,5.6653,0.019046,3486800.0,4.8368,0.014671,3912800.0,2.8735,0.009825
20261002,3325,旭品,62000.0,70000.0,59000.0,94000.0,40000.0,159000.0,499000.0,356000.0,80000.0,73000.0,55000.0,99000.0,42000.0,164000.0,68000.0,73000.0,61000.0,41000.0,55000.0,61000.0,120000.0,64000.0,114000.0,112000.0,140000.0,124000.0,43000.0,102000.0,75000.0,92000.0,63666.67,32.4607,0.001465,65000.0,19.0769,0.000948,149200.0,4.1555,0.000482,128000.0,3.2292,0.00035,110550.0,2.8042,0.00027,106566.67,1.9393,0.000181
20261002,3332,幸康,18000.0,56000.0,18000.0,,11000.0,1000.0,2000.0,3000.0,1000.0,3000.0,6000.0,6000.0,3000.0,1000.0,10000.0,5000.0,2000.0,7000.0,3000.0,10000.0,11000.0,12000.0,,5000.0,5000.0,2000.0,,8000.0,,3000.0,30666.67,19.5652,0.000425,25750.0,17.4757,0.000275,12555.56,15.9292,0.00014,9928.57,12.9496,0.000102,8736.84,10.8434,7.8e-05,8153.85,8.4906,5.2e-05
20261002,3339,泰谷,2424000.0,1226000.0,1445000.0,1739000.0,5972000.0,2053000.0,4936000.0,6348000.0,3671000.0,3653000.0,1462000.0,681000.0,1033000.0,881000.0,1342000.0,870000.0,877000.0,1656000.0,2486000.0,3774000.0,4920000.0,6636000.0,9184000.0,3093000.0,3379000.0,6885000.0,738000.0,801000.0,427000.0,690000.0,1698333.33,47.5761,0.057265,2561200.0,18.9286,0.037062,3346700.0,7.243,0.018835,2591066.67,6.2368,0.013687,2426450.0,4.995,0.010543,2842733.33,2.8423,0.007061
20261002,3349,寶德,149000.0,127000.0,17000.0,60000.0,48000.0,93000.0,71000.0,66000.0,33000.0,57000.0,26000.0,90000.0,80000.0,88000.0,164000.0,196000.0,406000.0,356000.0,42000.0,78000.0,13000.0,167000.0,55000.0,56000.0,85000.0,180000.0,210000.0,156000.0,70000.0,111000.0,97666.67,50.8532,0.00352,80200.0,37.1571,0.002278,72100.0,20.6657,0.001158,77933.33,12.7459,0.000841,112350.0,6.6311,0.000648,111666.67,4.4478,0.000434
20261002,3354,律勝,1624000.0,8907000.0,2561000.0,754000.0,2037000.0,899000.0,1650000.0,2476000.0,872000.0,2550000.0,2194000.0,1543000.0,1731000.0,1573000.0,3674000.0,3542000.0,4373000.0,1391000.0,385000.0,1262000.0,952000.0,341000.0,630000.0,2678000.0,1118000.0,697000.0,32000.0,57000.0,71000.0,64000.0,4364000.0,12.4045,0.038365,3176600.0,10.2248,0.024831,2433000.0,6.6749,0.012619,2336333.33,4.634,0.00917,2299900.0,3.5306,0.007064,1754600.0,3.0852,0.004731
20261002,3357,臺慶科,1817000.0,2066000.0,357000.0,419000.0,792000.0,713000.0,1418000.0,1018000.0,2751000.0,510000.0,435000.0,559000.0,669000.0,839000.0,883000.0,492000.0,989000.0,1957000.0,1613000.0,927000.0,1093000.0,1499000.0,1678000.0,3962000.0,1210000.0,744000.0,631000.0,773000.0,1217000.0,2414000.0,1413333.33,42.8538,0.042925,1090200.0,33.3333,0.027782,1186100.0,15.3191,0.014119,1016400.0,11.9179,0.01026,1061200.0,8.5611,0.007903,1214833.33,4.9856,0.005293
20261002,3360,尚立,394000.0,210000.0,332000.0,165000.0,127000.0,208000.0,286000.0,421000.0,232000.0,222000.0,242000.0,290000.0,135000.0,483000.0,340000.0,179000.0,188000.0,167000.0,256000.0,643000.0,312000.0,384000.0,441000.0,669000.0,350000.0,314000.0,350000.0,242000.0,460000.0,540000.0,312000.0,42.094,0.009308,245600.0,32.0847,0.006024,259700.0,15.1714,0.003062,272466.67,9.6403,0.002225,276000.0,7.1377,0.001714,319400.0,4.1119,0.001148
20261002,3362,先進光,1636000.0,1933000.0,631000.0,732000.0,981000.0,830000.0,1356000.0,1080000.0,2659000.0,2892000.0,5710000.0,3491000.0,5212000.0,8597000.0,2778000.0,5390000.0,4629000.0,8845000.0,1388000.0,1196000.0,2301000.0,919000.0,1818000.0,1717000.0,2500000.0,30982000.0,12278000.0,9033000.0,12262000.0,3958000.0,1400000.0,38.9524,0.038649,1182600.0,27.6679,0.025014,1473000.0,11.1066,0.012712,2701200.0,4.0377,0.009238,3098300.0,2.6402,0.007116,4657800.0,1.1708,0.004766
20261002,3363,上詮,3651000.0,1065000.0,1457000.0,1530000.0,1571000.0,2873000.0,2665000.0,2223000.0,2561000.0,4018000.0,3029000.0,2539000.0,2139000.0,2374000.0,4358000.0,6138000.0,4093000.0,4008000.0,8509000.0,8690000.0,6583000.0,7445000.0,6652000.0,4400000.0,9546000.0,6021000.0,1934000.0,1924000.0,2889000.0,1992000.0,2057666.67,59.1447,0.086251,1854800.0,39.3681,0.055823,2361400.0,15.4612,0.02837,2536866.67,9.5945,0.020616,3474550.0,5.2539,0.01588,3962566.67,3.0712,0.010635
20261002,3372,典範,1026000.0,263000.0,638000.0,394000.0,248000.0,457000.0,694000.0,1420000.0,2204000.0,2554000.0,537000.0,302000.0,315000.0,250000.0,254000.0,203000.0,400000.0,375000.0,296000.0,419000.0,261000.0,311000.0,326000.0,364000.0,307000.0,216000.0,275000.0,214000.0,194000.0,247000.0,642333.33,53.2434,0.024238,513800.0,39.9377,0.015687,989800.0,10.3657,0.007972,770400.0,8.8785,0.005793,662450.0,7.744,0.004463,532133.33,6.427,0.002989
20261002,3373,熱映,62000.0,18000.0,55000.0,22000.0,20000.0,22000.0,36000.0,27000.0,30000.0,9000.0,22000.0,18000.0,26000.0,52000.0,47000.0,30000.0,52000.0,219000.0,27000.0,24000.0,24000.0,23000.0,8000.0,47000.0,118000.0,69000.0,46000.0,16000.0,60000.0,33000.0,45000.0,45.9259,0.001465,35400.0,35.0282,0.000948,30100.0,20.598,0.000482,31066.67,13.3047,0.00035,40900.0,7.5795,0.00027,42066.67,4.9128,0.000181
20261002,3374,精材,1232000.0,644000.0,1120000.0,2002000.0,14226000.0,17529000.0,16778000.0,9732000.0,13489000.0,12866000.0,12851000.0,7868000.0,17313000.0,15121000.0,2996000.0,2339000.0,3377000.0,4538000.0,4668000.0,4513000.0,3650000.0,21935000.0,41562000.0,28788000.0,20845000.0,19617000.0,6313000.0,13863000.0,27857000.0,11572000.0,998666.67,41.1215,0.029105,3844800.0,6.4087,0.018837,8961800.0,1.3747,0.009573,9717800.0,0.8452,0.006957,8260100.0,0.7458,0.005359,12040133.33,0.3411,0.003589
20261002,3379,彬台,28000.0,47000.0,39000.0,60000.0,17000.0,46000.0,82000.0,139000.0,43000.0,32000.0,42000.0,40000.0,59000.0,64000.0,114000.0,51000.0,45000.0,85000.0,77000.0,93000.0,20000.0,46000.0,149000.0,123000.0,129000.0,96000.0,86000.0,56000.0,89000.0,130000.0,38000.0,24.5614,0.000661,38200.0,14.6597,0.000428,53300.0,5.2533,0.000218,56800.0,3.2864,0.000158,60150.0,2.3275,0.000122,70900.0,1.3164,8.2e-05
20261002,3388,崇越電,346000.0,593000.0,942000.0,165000.0,247000.0,280000.0,606000.0,723000.0,206000.0,360000.0,208000.0,254000.0,463000.0,371000.0,421000.0,598000.0,1509000.0,504000.0,681000.0,992000.0,781000.0,915000.0,2057000.0,2826000.0,3746000.0,5382000.0,1908000.0,2161000.0,5417000.0,8306000.0,627000.0,18.3945,0.008174,458600.0,15.0894,0.00529,446800.0,7.744,0.002689,412333.33,5.5942,0.001954,523450.0,3.305,0.001505,1465600.0,0.7869,0.001008
20261002,3390,旭軟,123000.0,103000.0,195000.0,189000.0,85000.0,96000.0,110000.0,320000.0,123000.0,170000.0,66000.0,113000.0,134000.0,131000.0,98000.0,78000.0,200000.0,112000.0,90000.0,199000.0,143000.0,76000.0,148000.0,161000.0,409000.0,103000.0,125000.0,175000.0,164000.0,141000.0,140333.33,29.2162,0.002906,139000.0,17.6978,0.001881,151400.0,8.1242,0.000956,137066.67,5.9825,0.000695,136750.0,4.4973,0.000535,146000.0,2.8082,0.000358
20261002,3402,漢科,505000.0,405000.0,1006000.0,308000.0,177000.0,352000.0,150000.0,138000.0,293000.0,126000.0,86000.0,92000.0,80000.0,159000.0,111000.0,323000.0,128000.0,359000.0,163000.0,212000.0,182000.0,171000.0,193000.0,230000.0,162000.0,151000.0,81000.0,223000.0,157000.0,214000.0,638666.67,26.357,0.01193,480200.0,21.0329,0.007721,346000.0,14.5954,0.003924,265866.67,12.663,0.002852,258650.0,9.7622,0.002197,231233.33,7.2798,0.001471
20261002,3430,奇鈦科,818000.0,143000.0,183000.0,329000.0,998000.0,115000.0,220000.0,389000.0,206000.0,154000.0,75000.0,179000.0,221000.0,255000.0,180000.0,163000.0,195000.0,575000.0,145000.0,262000.0,168000.0,197000.0,171000.0,246000.0,253000.0,252000.0,239000.0,464000.0,971000.0,874000.0,381333.33,71.5035,0.019324,494200.0,33.104,0.012507,355500.0,23.0098,0.006356,297666.67,18.3203,0.004619,290250.0,14.0913,0.003558,321333.33,8.4855,0.002383
20261002,3434,哲固,55000.0,47000.0,46000.0,56000.0,115000.0,65000.0,210000.0,331000.0,599000.0,324000.0,1198000.0,750000.0,74000.0,50000.0,10000.0,37000.0,27000.0,43000.0,48000.0,63000.0,27000.0,52000.0,22000.0,32000.0,45000.0,19000.0,42000.0,43000.0,79000.0,28000.0,49333.33,37.1622,0.001299,63800.0,17.2414,0.000841,184800.0,2.9762,0.000427,262000.0,1.3995,0.000311,207400.0,1.3259,0.000239,151233.33,1.2123,0.00016
20261002,3438,類比科,116000.0,62000.0,84000.0,28000.0,68000.0,55000.0,72000.0,40000.0,75000.0,41000.0,35000.0,42000.0,53000.0,43000.0,69000.0,62000.0,90000.0,64000.0,160000.0,386000.0,255000.0,399000.0,315000.0,111000.0,487000.0,363000.0,17000.0,64000.0,33000.0,60000.0,87333.33,44.2748,0.00274,71600.0,32.4022,0.001774,64100.0,18.0967,0.000901,58866.67,13.137,0.000655,82250.0,7.0517,0.000505,124966.67,3.0942,0.000338
20261002,3441,聯一光,27832000.0,6182000.0,1054000.0,751000.0,565000.0,696000.0,2104000.0,1873000.0,2828000.0,47398000.0,18981000.0,37659000.0,36125000.0,22967000.0,27586000.0,21508000.0,12595000.0,13589000.0,4705000.0,3173000.0,3875000.0,3180000.0,4530000.0,27256000.0,32034000.0,11877000.0,27905000.0,48653000.0,17226000.0,9559000.0,11689333.33,79.3658,0.657502,7276800.0,76.4952,0.425546,9128300.0,30.4898,0.216266,15640066.67,11.8635,0.157156,14508550.0,9.5916,0.121059,15875533.33,5.8438,0.081074
20261002,3444,利機,203000.0,74000.0,233000.0,217000.0,72000.0,111000.0,340000.0,170000.0,362000.0,604000.0,155000.0,70000.0,144000.0,152000.0,108000.0,225000.0,201000.0,255000.0,615000.0,288000.0,279000.0,368000.0,190000.0,417000.0,647000.0,669000.0,1045000.0,219000.0,275000.0,237000.0,170000.0,39.8039,0.004796,159800.0,25.4068,0.003104,238600.0,8.508,0.001577,201000.0,6.733,0.001146,229950.0,4.414,0.000883,298166.67,2.2694,0.000591
20261002,3455,由田,6416000.0,3845000.0,5673000.0,5465000.0,3493000.0,637000.0,1611000.0,2070000.0,2559000.0,4228000.0,1298000.0,768000.0,1409000.0,2830000.0,1254000.0,572000.0,1074000.0,1402000.0,1855000.0,3876000.0,2396000.0,3232000.0,4096000.0,1954000.0,3480000.0,1457000.0,1014000.0,834000.0,1824000.0,3339000.0,5311333.33,40.2661,0.151571,4978400.0,25.7753,0.098099,3599700.0,17.8237,0.049855,2903733.33,14.7305,0.036229,2616750.0,12.2595,0.027907,2532033.33,8.4464,0.01869
20261002,3465,進泰電子,36000.0,26000.0,11000.0,2000.0,42000.0,80000.0,16000.0,13000.0,9000.0,20000.0,14000.0,4000.0,10000.0,12000.0,16000.0,36000.0,10000.0,15000.0,23000.0,23000.0,12000.0,5000.0,11000.0,11000.0,19000.0,26000.0,30000.0,20000.0,16000.0,21000.0,24333.33,49.3151,0.00085,23400.0,30.7692,0.00055,25500.0,14.1176,0.00028,20733.33,11.5756,0.000203,20900.0,8.6124,0.000157,19633.33,6.1121,0.000105
20261002,3466,德晉,129000.0,63000.0,372000.0,74000.0,108000.0,80000.0,251000.0,175000.0,275000.0,116000.0,36000.0,84000.0,159000.0,161000.0,197000.0,161000.0,156000.0,144000.0,96000.0,161000.0,116000.0,110000.0,174000.0,175000.0,59000.0,144000.0,96000.0,21000.0,99000.0,36000.0,188000.0,22.8723,0.003047,149200.0,17.2922,0.001972,164300.0,7.8515,0.001002,152000.0,5.6579,0.000728,149900.0,4.3029,0.000561,134266.67,3.2026,0.000376
20261002,3467,台灣精材,433000.0,792000.0,1015000.0,1564000.0,613000.0,858000.0,1289000.0,776000.0,1068000.0,2766000.0,3278000.0,606000.0,122000.0,155000.0,109000.0,50000.0,48000.0,91000.0,118000.0,175000.0,34000.0,19000.0,31000.0,91000.0,60000.0,79000.0,12000.0,10000.0,11000.0,15000.0,746666.67,19.3304,0.010229,883400.0,9.803,0.00662,1117400.0,3.8751,0.003365,1029600.0,2.8037,0.002445,796300.0,2.7188,0.001883,542933.33,2.6584,0.001261
20261002,3479,安勤,395000.0,276000.0,693000.0,1070000.0,1272000.0,379000.0,605000.0,470000.0,416000.0,423000.0,238000.0,372000.0,298000.0,717000.0,1164000.0,1495000.0,276000.0,285000.0,397000.0,411000.0,439000.0,751000.0,478000.0,325000.0,364000.0,400000.0,338000.0,424000.0,434000.0,392000.0,454666.67,28.9589,0.009331,741200.0,10.6584,0.006039,599900.0,6.5844,0.003069,585866.67,4.4948,0.00223,582600.0,3.39,0.001718,533233.33,2.4692,0.001151
20261002,3483,力致,564000.0,136000.0,338000.0,219000.0,199000.0,246000.0,518000.0,295000.0,254000.0,125000.0,195000.0,219000.0,124000.0,274000.0,538000.0,530000.0,275000.0,344000.0,466000.0,759000.0,963000.0,337000.0,168000.0,217000.0,239000.0,161000.0,162000.0,339000.0,145000.0,293000.0,346000.0,54.3353,0.013324,291200.0,38.7363,0.008623,289400.0,19.4886,0.004383,282933.33,13.2893,0.003185,330900.0,8.5222,0.002453,321400.0,5.8494,0.001643
20261002,3484,崧騰,300000.0,157000.0,85000.0,127000.0,68000.0,60000.0,64000.0,135000.0,143000.0,111000.0,52000.0,152000.0,143000.0,90000.0,192000.0,218000.0,111000.0,271000.0,280000.0,434000.0,527000.0,209000.0,200000.0,181000.0,173000.0,120000.0,125000.0,308000.0,226000.0,230000.0,180666.67,55.3506,0.007087,147400.0,40.7056,0.004587,125000.0,24.0,0.002331,125266.67,15.9659,0.001694,159650.0,9.3956,0.001305,183066.67,5.4625,0.000874
20261002,3485,敘豐,98000.0,83000.0,131000.0,127000.0,56000.0,46000.0,128000.0,54000.0,48000.0,72000.0,26000.0,59000.0,64000.0,82000.0,114000.0,56000.0,58000.0,99000.0,96000.0,86000.0,78000.0,136000.0,233000.0,166000.0,120000.0,225000.0,176000.0,755000.0,167000.0,61000.0,104000.0,31.4103,0.002315,99000.0,19.798,0.001498,84300.0,11.6251,0.000762,79200.0,8.2492,0.000553,79150.0,6.1908,0.000426,123333.33,2.6486,0.000285
20261002,3489,森寶,151000.0,144000.0,90000.0,170000.0,61000.0,180000.0,280000.0,147000.0,83000.0,97000.0,20000.0,78000.0,94000.0,60000.0,89000.0,272000.0,245000.0,167000.0,35000.0,67000.0,190000.0,109000.0,64000.0,148000.0,150000.0,145000.0,325000.0,304000.0,1016000.0,121000.0,128333.33,39.2208,0.003567,123200.0,24.513,0.002309,140300.0,10.7627,0.001173,116266.67,8.6583,0.000853,126500.0,5.9684,0.000657,170066.67,2.9596,0.00044
20261002,3490,單井,18557000.0,13858000.0,1899000.0,4275000.0,2499000.0,2384000.0,3058000.0,3205000.0,3981000.0,5251000.0,6905000.0,5425000.0,2830000.0,3576000.0,2932000.0,1392000.0,3053000.0,3131000.0,2987000.0,3895000.0,4338000.0,4722000.0,6189000.0,6502000.0,6345000.0,3781000.0,5316000.0,3465000.0,3502000.0,11824000.0,11438000.0,54.08,0.43839,8217600.0,45.164,0.283733,5896700.0,31.4701,0.144196,5375666.67,23.0136,0.104784,4754650.0,19.5146,0.080716,5035900.0,12.2831,0.054056
20261002,3491,昇達科,561000.0,663000.0,800000.0,1501000.0,835000.0,1805000.0,1278000.0,1264000.0,1520000.0,1968000.0,1292000.0,641000.0,1402000.0,1922000.0,1097000.0,1322000.0,1474000.0,1430000.0,1863000.0,1779000.0,1148000.0,1863000.0,2444000.0,2731000.0,2494000.0,1380000.0,1342000.0,1484000.0,978000.0,813000.0,674666.67,27.7174,0.013253,872000.0,12.867,0.008578,1219500.0,4.6002,0.004359,1236600.0,3.0244,0.003168,1320850.0,2.1236,0.00244,1436466.67,1.3018,0.001634
20261002,3492,長盛,19000.0,36000.0,18000.0,8000.0,10000.0,39000.0,13000.0,15000.0,3000.0,15000.0,46000.0,136000.0,5000.0,58000.0,35000.0,34000.0,11000.0,40000.0,14000.0,56000.0,12000.0,25000.0,54000.0,159000.0,290000.0,39000.0,93000.0,88000.0,85000.0,128000.0,24333.33,26.0274,0.000449,18200.0,20.8791,0.000291,17600.0,10.7955,0.000148,30400.0,4.1667,0.000107,30550.0,3.1097,8.3e-05,52800.0,1.1995,5.5e-05
20261002,3498,陽程,2969000.0,3684000.0,6669000.0,4753000.0,3139000.0,2085000.0,3202000.0,1837000.0,2467000.0,3531000.0,2740000.0,3962000.0,2527000.0,3117000.0,2191000.0,2493000.0,1377000.0,1324000.0,3414000.0,6524000.0,3075000.0,4768000.0,1452000.0,1152000.0,393000.0,508000.0,970000.0,1582000.0,2137000.0,3043000.0,4440666.67,22.2864,0.07014,4242800.0,13.9955,0.045395,3433600.0,8.6469,0.02307,3258200.0,6.0749,0.016765,3200250.0,4.6387,0.012914,2769500.0,3.5734,0.008649
20261002,3499,環天科,77000.0,31000.0,42000.0,5000.0,28000.0,26000.0,69000.0,52000.0,49000.0,156000.0,31000.0,29000.0,52000.0,63000.0,109000.0,92000.0,279000.0,647000.0,303000.0,13000.0,34000.0,80000.0,10000.0,32000.0,16000.0,25000.0,17000.0,36000.0,13000.0,38000.0,50000.0,51.3333,0.001819,36600.0,42.0765,0.001177,53500.0,14.3925,0.000598,54600.0,9.4017,0.000435,107650.0,3.5764,0.000335,81800.0,3.1377,0.000224
20261002,3508,位速,246000.0,369000.0,506000.0,549000.0,617000.0,696000.0,1903000.0,1512000.0,664000.0,199000.0,217000.0,210000.0,287000.0,89000.0,113000.0,179000.0,180000.0,118000.0,105000.0,186000.0,172000.0,347000.0,214000.0,319000.0,366000.0,387000.0,583000.0,940000.0,1880000.0,1061000.0,373666.67,21.9447,0.005811,457400.0,10.7564,0.003761,726100.0,3.388,0.001912,545133.33,3.0084,0.001389,447250.0,2.7501,0.00107,507133.33,1.6169,0.000717
20261002,3511,矽瑪,90000.0,48000.0,99000.0,101000.0,95000.0,90000.0,122000.0,87000.0,103000.0,88000.0,60000.0,148000.0,85000.0,140000.0,140000.0,198000.0,142000.0,101000.0,60000.0,246000.0,52000.0,168000.0,52000.0,90000.0,94000.0,111000.0,115000.0,38000.0,99000.0,187000.0,79000.0,37.9747,0.002126,86600.0,20.7852,0.001376,92300.0,9.7508,0.000699,99733.33,6.016,0.000508,112150.0,4.0125,0.000391,108300.0,2.7701,0.000262
20261002,3512,皇龍,19000.0,20000.0,20000.0,8000.0,18000.0,26000.0,15000.0,25000.0,101000.0,19000.0,50000.0,22000.0,5000.0,13000.0,13000.0,35000.0,12000.0,56000.0,148000.0,12000.0,33000.0,26000.0,11000.0,63000.0,11000.0,27000.0,18000.0,14000.0,7000.0,30000.0,19666.67,32.2034,0.000449,17000.0,22.3529,0.000291,27100.0,7.0111,0.000148,24933.33,5.0802,0.000107,31850.0,2.9827,8.3e-05,29233.33,2.1665,5.5e-05
20261002,3516,亞帝歐,48000.0,45000.0,14000.0,7000.0,13000.0,4000.0,20000.0,29000.0,19000.0,18000.0,12000.0,1000.0,149000.0,13000.0,33000.0,38000.0,26000.0,122000.0,308000.0,745000.0,77000.0,284000.0,21000.0,442000.0,224000.0,43000.0,13000.0,11000.0,9000.0,7000.0,35666.67,44.8598,0.001134,25400.0,37.7953,0.000734,21700.0,22.1198,0.000373,28333.33,11.2941,0.000271,83200.0,2.8846,0.000209,93166.67,1.7174,0.00014
20261002,3520,華盈,150000.0,159000.0,158000.0,171000.0,48000.0,112000.0,145000.0,66000.0,46000.0,58000.0,71000.0,57000.0,79000.0,106000.0,43000.0,167000.0,108000.0,95000.0,116000.0,91000.0,103000.0,167000.0,203000.0,132000.0,139000.0,155000.0,315000.0,294000.0,456000.0,340000.0,155666.67,32.1199,0.003544,137200.0,21.8659,0.002293,111300.0,13.4771,0.001166,97933.33,10.211,0.000847,102300.0,7.3314,0.000652,145000.0,3.4483,0.000437
20261002,3521,台鋼建設,21000.0,97000.0,20000.0,37000.0,10000.0,50000.0,27000.0,39000.0,16000.0,37000.0,15000.0,13000.0,7000.0,17000.0,121000.0,2000.0,121000.0,142000.0,5000.0,17000.0,29000.0,9000.0,21000.0,94000.0,19000.0,23000.0,13000.0,34000.0,14000.0,36000.0,46000.0,15.2174,0.000496,37000.0,11.3514,0.000321,35400.0,5.9322,0.000163,35133.33,3.9848,0.000119,40700.0,2.5799,9.1e-05,36866.67,1.8987,6.1e-05
20261002,3522,御嵿,151000.0,66000.0,109000.0,176000.0,105000.0,100000.0,77000.0,202000.0,160000.0,259000.0,160000.0,133000.0,393000.0,873000.0,152000.0,88000.0,105000.0,108000.0,26000.0,76000.0,100000.0,21000.0,33000.0,90000.0,192000.0,44000.0,46000.0,21000.0,41000.0,46000.0,108666.67,46.319,0.003567,121400.0,24.8764,0.002309,140500.0,10.7473,0.001173,207733.33,4.846,0.000853,175950.0,4.291,0.000657,138433.33,3.6359,0.00044
20261002,3523,迎輝,28000.0,33000.0,13000.0,16000.0,16000.0,38000.0,23000.0,17000.0,28000.0,42000.0,58000.0,48000.0,26000.0,32000.0,13000.0,13000.0,13000.0,26000.0,1000.0,1000.0,5000.0,13000.0,12000.0,6000.0,8000.0,3000.0,24000.0,16000.0,25000.0,7000.0,24666.67,37.8378,0.000661,21200.0,26.4151,0.000428,25400.0,11.0236,0.000218,28733.33,6.4965,0.000158,24250.0,5.7732,0.000122,20133.33,4.6358,8.2e-05
20261002,3526,凡甲,128000.0,130000.0,86000.0,155000.0,73000.0,143000.0,166000.0,148000.0,185000.0,129000.0,124000.0,228000.0,131000.0,286000.0,286000.0,180000.0,263000.0,144000.0,75000.0,239000.0,107000.0,173000.0,169000.0,229000.0,182000.0,137000.0,191000.0,141000.0,208000.0,235000.0,114666.67,37.2093,0.003024,114400.0,22.3776,0.001957,134300.0,9.5309,0.000995,159866.67,5.3378,0.000723,164950.0,3.88,0.000557,169033.33,2.5242,0.000373
20261002,3527,聚積,36000.0,75000.0,51000.0,41000.0,25000.0,40000.0,173000.0,112000.0,37000.0,69000.0,87000.0,50000.0,26000.0,66000.0,65000.0,28000.0,90000.0,77000.0,33000.0,113000.0,54000.0,76000.0,105000.0,87000.0,73000.0,91000.0,73000.0,28000.0,35000.0,63000.0,54000.0,22.2222,0.00085,45600.0,15.7895,0.00055,65900.0,5.4628,0.00028,63533.33,3.7775,0.000203,64700.0,2.7821,0.000157,65966.67,1.8191,0.000105
20261002,3529,力旺,869000.0,1049000.0,2463000.0,2139000.0,1530000.0,3246000.0,1515000.0,857000.0,1414000.0,1007000.0,523000.0,881000.0,1270000.0,1098000.0,1024000.0,2124000.0,2113000.0,2428000.0,1104000.0,1090000.0,1717000.0,593000.0,7020000.0,1620000.0,506000.0,757000.0,504000.0,793000.0,525000.0,1025000.0,1460333.33,19.8357,0.020529,1610000.0,10.795,0.013287,1608900.0,5.4012,0.006752,1392333.33,4.1609,0.004907,1487200.0,2.9216,0.00378,1493466.67,1.9396,0.002531
20261002,3531,先益,5000.0,1000.0,2000.0,,13000.0,7000.0,9000.0,1000.0,1000.0,5000.0,1000.0,,1000.0,1000.0,4000.0,7000.0,3000.0,3000.0,2000.0,2000.0,14000.0,1000.0,,1000.0,23000.0,2000.0,13000.0,2000.0,12000.0,1000.0,2666.67,62.5,0.000118,5250.0,23.8095,7.6e-05,4888.89,11.3636,3.9e-05,3923.08,9.8039,2.8e-05,3777.78,7.3529,2.2e-05,5074.07,3.6496,1.5e-05
20261002,3537,堡達,2230000.0,1635000.0,112000.0,67000.0,134000.0,84000.0,177000.0,160000.0,148000.0,118000.0,115000.0,163000.0,120000.0,166000.0,171000.0,214000.0,230000.0,468000.0,583000.0,371000.0,276000.0,371000.0,343000.0,1154000.0,431000.0,341000.0,292000.0,341000.0,671000.0,1202000.0,1325666.67,56.0724,0.052681,835600.0,53.3748,0.034096,486500.0,45.8376,0.017328,373333.33,39.8214,0.012592,373300.0,29.8687,0.0097,429600.0,17.3029,0.006496
20261002,3540,曜越,121000.0,196000.0,155000.0,202000.0,70000.0,107000.0,196000.0,420000.0,264000.0,190000.0,402000.0,433000.0,272000.0,177000.0,217000.0,218000.0,225000.0,203000.0,260000.0,816000.0,700000.0,2270000.0,1911000.0,692000.0,845000.0,793000.0,3097000.0,3463000.0,1341000.0,151000.0,157333.33,25.6356,0.002859,148800.0,16.2634,0.00185,192100.0,6.2988,0.00094,228133.33,3.5359,0.000683,257200.0,2.3523,0.000526,680233.33,0.5929,0.000352
20261002,3541,西柏,52000.0,33000.0,66000.0,82000.0,99000.0,646000.0,773000.0,25000.0,16000.0,7000.0,24000.0,6000.0,49000.0,45000.0,37000.0,56000.0,38000.0,30000.0,5000.0,17000.0,9000.0,24000.0,44000.0,15000.0,63000.0,47000.0,12000.0,11000.0,24000.0,7000.0,50333.33,34.4371,0.001228,66400.0,15.6627,0.000795,179900.0,2.8905,0.000404,130666.67,2.6531,0.000294,105300.0,2.4691,0.000226,78733.33,2.2015,0.000151
20261002,3546,宇峻,84000.0,43000.0,53000.0,42000.0,79000.0,108000.0,86000.0,77000.0,114000.0,65000.0,65000.0,51000.0,90000.0,112000.0,396000.0,97000.0,169000.0,221000.0,53000.0,109000.0,91000.0,121000.0,126000.0,76000.0,121000.0,75000.0,84000.0,97000.0,77000.0,114000.0,60000.0,46.6667,0.001984,60200.0,27.907,0.001284,75100.0,11.1851,0.000653,97666.67,5.7338,0.000474,105700.0,3.9735,0.000365,103200.0,2.7132,0.000245
20261002,3548,兆利,142000.0,163000.0,165000.0,109000.0,146000.0,153000.0,176000.0,129000.0,155000.0,154000.0,158000.0,98000.0,161000.0,225000.0,846000.0,225000.0,262000.0,168000.0,143000.0,348000.0,224000.0,535000.0,1041000.0,1821000.0,946000.0,204000.0,114000.0,92000.0,91000.0,142000.0,156666.67,30.2128,0.003355,145000.0,19.5862,0.002171,149200.0,9.5174,0.001103,198666.67,4.7651,0.000802,206300.0,3.4416,0.000618,311200.0,1.521,0.000414
20261002,3551,世禾,2953000.0,1105000.0,904000.0,927000.0,387000.0,1293000.0,767000.0,1863000.0,1455000.0,291000.0,62000.0,86000.0,153000.0,457000.0,144000.0,169000.0,182000.0,277000.0,273000.0,264000.0,209000.0,490000.0,278000.0,589000.0,186000.0,242000.0,124000.0,103000.0,232000.0,178000.0,1654000.0,59.5123,0.069762,1255200.0,47.0523,0.045151,1194500.0,24.7216,0.022946,856466.67,22.9859,0.016674,700600.0,21.0748,0.012844,554766.67,17.7432,0.008602
20261002,3552,同致,838000.0,307000.0,399000.0,622000.0,3275000.0,1269000.0,492000.0,1043000.0,2884000.0,84000.0,135000.0,162000.0,91000.0,97000.0,95000.0,151000.0,70000.0,37000.0,45000.0,118000.0,63000.0,86000.0,219000.0,295000.0,237000.0,95000.0,34000.0,52000.0,78000.0,222000.0,514666.67,54.2746,0.019797,1088200.0,15.4016,0.012813,1121300.0,7.4735,0.006512,786200.0,7.1059,0.004732,610700.0,6.861,0.003645,453166.67,6.164,0.002441
20261002,3555,博士旺,37000.0,26000.0,40000.0,62000.0,68000.0,33000.0,33000.0,28000.0,62000.0,46000.0,76000.0,60000.0,44000.0,31000.0,45000.0,57000.0,109000.0,185000.0,119000.0,78000.0,240000.0,365000.0,369000.0,164000.0,145000.0,146000.0,23000.0,34000.0,32000.0,74000.0,34333.33,35.9223,0.000874,46600.0,15.8798,0.000566,43500.0,8.5057,0.000288,46066.67,5.3546,0.000209,61950.0,2.9863,0.000161,94366.67,1.307,0.000108
20261002,3556,禾瑞亞,123000.0,225000.0,139000.0,105000.0,71000.0,128000.0,154000.0,90000.0,153000.0,140000.0,103000.0,87000.0,158000.0,197000.0,178000.0,214000.0,316000.0,196000.0,910000.0,194000.0,225000.0,233000.0,166000.0,300000.0,171000.0,143000.0,651000.0,405000.0,617000.0,152000.0,162333.33,25.2567,0.002906,132600.0,18.552,0.001881,132800.0,9.262,0.000956,136733.33,5.9971,0.000695,194050.0,3.1693,0.000535,231466.67,1.7713,0.000358
20261002,3558,神準,296000.0,206000.0,43000.0,52000.0,56000.0,31000.0,65000.0,82000.0,203000.0,70000.0,28000.0,35000.0,33000.0,52000.0,48000.0,60000.0,199000.0,45000.0,45000.0,124000.0,80000.0,43000.0,82000.0,76000.0,130000.0,182000.0,67000.0,88000.0,60000.0,76000.0,181666.67,54.3119,0.006993,130600.0,45.3292,0.004526,110400.0,26.8116,0.0023,86666.67,22.7692,0.001671,88650.0,16.6949,0.001287,88566.67,11.1404,0.000862
20261002,3564,其陽,1958000.0,208000.0,153000.0,270000.0,332000.0,221000.0,128000.0,284000.0,337000.0,109000.0,100000.0,177000.0,270000.0,85000.0,152000.0,261000.0,483000.0,352000.0,1603000.0,1754000.0,609000.0,69000.0,140000.0,91000.0,46000.0,70000.0,86000.0,37000.0,51000.0,77000.0,773000.0,84.4329,0.046256,584200.0,67.0318,0.029937,400000.0,48.95,0.015214,318933.33,40.9281,0.011056,461850.0,21.1974,0.008517,350433.33,18.6246,0.005704
20261002,3567,逸昌,46000.0,46000.0,124000.0,355000.0,255000.0,57000.0,43000.0,16000.0,22000.0,13000.0,18000.0,19000.0,15000.0,16000.0,27000.0,21000.0,15000.0,16000.0,26000.0,19000.0,19000.0,43000.0,13000.0,14000.0,18000.0,21000.0,21000.0,19000.0,9000.0,35000.0,72000.0,21.2963,0.001087,165200.0,5.569,0.000703,97700.0,4.7083,0.000357,71466.67,4.291,0.00026,58450.0,3.935,0.0002,46033.33,3.3309,0.000134
20261002,3570,大塚,18000.0,112000.0,18000.0,11000.0,9000.0,14000.0,48000.0,16000.0,57000.0,65000.0,26000.0,17000.0,50000.0,74000.0,4000.0,14000.0,10000.0,12000.0,3000.0,10000.0,24000.0,9000.0,6000.0,7000.0,29000.0,9000.0,11000.0,11000.0,14000.0,8000.0,49333.33,12.1622,0.000425,33600.0,10.7143,0.000275,36800.0,4.8913,0.00014,35933.33,3.3395,0.000102,29400.0,3.0612,7.8e-05,23866.67,2.514,5.2e-05
20261002,3577,泓格,184000.0,186000.0,614000.0,996000.0,116000.0,115000.0,187000.0,257000.0,331000.0,473000.0,173000.0,109000.0,138000.0,285000.0,546000.0,182000.0,395000.0,117000.0,256000.0,455000.0,320000.0,493000.0,661000.0,190000.0,237000.0,348000.0,202000.0,220000.0,475000.0,467000.0,328000.0,18.6992,0.004347,419200.0,8.7786,0.002813,345900.0,5.3195,0.00143,314000.0,3.9066,0.001039,305750.0,3.009,0.0008,324266.67,1.8914,0.000536
20261002,3580,友威科,731000.0,1235000.0,4827000.0,3234000.0,1004000.0,1043000.0,1199000.0,1693000.0,1125000.0,2090000.0,1699000.0,1114000.0,134000.0,178000.0,194000.0,151000.0,299000.0,217000.0,301000.0,862000.0,618000.0,380000.0,172000.0,197000.0,214000.0,194000.0,149000.0,115000.0,118000.0,177000.0,2264333.33,10.7611,0.017269,2206200.0,6.6268,0.011177,1818100.0,4.0207,0.00568,1433333.33,3.4,0.004128,1166500.0,3.1333,0.00318,855466.67,2.8483,0.002129
20261002,3581,博磊,608000.0,1622000.0,555000.0,213000.0,226000.0,212000.0,246000.0,284000.0,321000.0,186000.0,110000.0,274000.0,178000.0,273000.0,895000.0,363000.0,181000.0,368000.0,294000.0,487000.0,497000.0,687000.0,202000.0,296000.0,418000.0,434000.0,230000.0,274000.0,250000.0,290000.0,928333.33,21.8312,0.014363,644800.0,18.8586,0.009296,447300.0,13.5927,0.004724,413533.33,9.8017,0.003433,394800.0,7.7001,0.002645,382466.67,5.2989,0.001771
20261002,3587,閎康,486000.0,277000.0,317000.0,283000.0,180000.0,236000.0,234000.0,212000.0,273000.0,219000.0,245000.0,236000.0,232000.0,459000.0,465000.0,539000.0,336000.0,332000.0,307000.0,890000.0,1837000.0,403000.0,278000.0,242000.0,402000.0,635000.0,307000.0,283000.0,554000.0,623000.0,360000.0,45.0,0.011481,308600.0,31.4971,0.007431,271700.0,17.8874,0.003776,290266.67,11.1621,0.002744,337900.0,7.1915,0.002114,410733.33,3.9442,0.001416
20261002,3594,磐儀,282000.0,373000.0,423000.0,249000.0,113000.0,374000.0,267000.0,393000.0,356000.0,179000.0,170000.0,227000.0,252000.0,369000.0,488000.0,251000.0,441000.0,457000.0,752000.0,1079000.0,1094000.0,2608000.0,596000.0,646000.0,665000.0,342000.0,675000.0,368000.0,716000.0,572000.0,359333.33,26.1596,0.006662,288000.0,19.5833,0.004312,300900.0,9.3719,0.002191,301000.0,6.2458,0.001592,374750.0,3.7625,0.001227,525900.0,1.7874,0.000821
20261002,3597,映興,24000.0,25000.0,71000.0,44000.0,79000.0,278000.0,93000.0,16000.0,10000.0,16000.0,7000.0,2000.0,61000.0,9000.0,30000.0,23000.0,17000.0,82000.0,13000.0,12000.0,5000.0,23000.0,5000.0,17000.0,24000.0,47000.0,26000.0,22000.0,31000.0,11000.0,40000.0,20.0,0.000567,48600.0,9.8765,0.000367,65600.0,3.6585,0.000186,51000.0,3.1373,0.000136,45600.0,2.6316,0.000104,37433.33,2.1371,7e-05
20261002,3609,三一東林,49000.0,86000.0,27000.0,52000.0,42000.0,108000.0,340000.0,234000.0,146000.0,128000.0,293000.0,379000.0,574000.0,98000.0,86000.0,192000.0,148000.0,94000.0,184000.0,28000.0,102000.0,209000.0,381000.0,207000.0,372000.0,236000.0,81000.0,319000.0,114000.0,120000.0,54000.0,30.2469,0.001158,51200.0,19.1406,0.000749,121200.0,4.0429,0.000381,176133.33,1.8547,0.000277,164400.0,1.4903,0.000213,180966.67,0.9026,0.000143
20261002,3611,鼎翰,21000.0,10000.0,29000.0,23000.0,10000.0,10000.0,17000.0,24000.0,41000.0,73000.0,4000.0,23000.0,24000.0,42000.0,38000.0,18000.0,43000.0,74000.0,26000.0,16000.0,17000.0,55000.0,54000.0,78000.0,44000.0,36000.0,44000.0,51000.0,24000.0,14000.0,20000.0,35.0,0.000496,18600.0,22.5806,0.000321,25800.0,8.1395,0.000163,25933.33,5.3985,0.000119,28300.0,3.7102,9.1e-05,32766.67,2.1363,6.1e-05
20261002,3615,安可,4816000.0,7132000.0,2863000.0,3457000.0,846000.0,2186000.0,742000.0,965000.0,958000.0,1963000.0,277000.0,359000.0,278000.0,620000.0,405000.0,337000.0,290000.0,296000.0,316000.0,519000.0,335000.0,335000.0,323000.0,735000.0,620000.0,865000.0,285000.0,177000.0,347000.0,368000.0,4937000.0,32.5164,0.113773,3822800.0,25.1962,0.073636,2592800.0,18.5745,0.037422,1857800.0,17.2821,0.027194,1481250.0,16.2565,0.020948,1133833.33,14.1585,0.014029
20261002,3623,富晶通,395000.0,326000.0,364000.0,322000.0,146000.0,162000.0,313000.0,283000.0,247000.0,717000.0,562000.0,349000.0,921000.0,983000.0,1196000.0,147000.0,309000.0,126000.0,75000.0,127000.0,22000.0,64000.0,45000.0,103000.0,49000.0,37000.0,12000.0,48000.0,15000.0,34000.0,361666.67,36.4055,0.009331,310600.0,25.4346,0.006039,327500.0,12.0611,0.003069,485733.33,5.4214,0.00223,403500.0,4.8947,0.001718,283300.0,4.6476,0.001151
20261002,3624,光頡,40211000.0,30774000.0,16711000.0,18945000.0,49361000.0,23086000.0,17636000.0,32981000.0,17088000.0,21068000.0,22617000.0,33019000.0,44654000.0,64539000.0,20827000.0,23348000.0,18543000.0,19857000.0,9062000.0,3522000.0,4938000.0,4833000.0,5187000.0,14234000.0,7376000.0,6433000.0,3115000.0,8009000.0,6404000.0,10443000.0,29232000.0,45.8527,0.949944,31200400.0,25.776,0.614819,26786100.0,15.0119,0.312456,30234466.67,8.8665,0.227055,26392450.0,7.6179,0.174903,19960700.0,6.715,0.117134
20261002,3625,西勝,297000.0,235000.0,95000.0,520000.0,55000.0,77000.0,129000.0,170000.0,92000.0,225000.0,107000.0,108000.0,136000.0,150000.0,130000.0,139000.0,82000.0,186000.0,204000.0,284000.0,186000.0,447000.0,329000.0,203000.0,237000.0,530000.0,520000.0,961000.0,3473000.0,197000.0,209000.0,47.3684,0.007016,240400.0,24.7088,0.004541,189500.0,15.6728,0.002308,168400.0,11.7577,0.001677,171050.0,8.6817,0.001292,350133.33,2.8275,0.000865
20261002,3628,盈正,81000.0,45000.0,78000.0,54000.0,48000.0,76000.0,95000.0,78000.0,161000.0,157000.0,103000.0,199000.0,631000.0,622000.0,746000.0,162000.0,82000.0,57000.0,47000.0,49000.0,28000.0,43000.0,26000.0,25000.0,32000.0,25000.0,79000.0,61000.0,36000.0,48000.0,68000.0,39.7059,0.001914,61200.0,26.4706,0.001238,87300.0,9.2784,0.000629,211600.0,2.552,0.000457,178550.0,2.2683,0.000352,132466.67,2.0382,0.000236
20261002,3629,地心引力,8000.0,2000.0,4000.0,1000.0,,,,4000.0,,,3000.0,11000.0,8000.0,1000.0,1000.0,1000.0,1000.0,7000.0,4000.0,2000.0,2000.0,2000.0,25000.0,61000.0,6000.0,7000.0,2000.0,2000.0,,5000.0,4666.67,57.1429,0.000189,3750.0,53.3333,0.000122,3800.0,42.1053,6.2e-05,4300.0,18.6047,4.5e-05,3866.67,13.7931,3.5e-05,7083.33,4.7059,2.3e-05
20261002,3630,新鉅科,517000.0,407000.0,228000.0,332000.0,749000.0,1620000.0,307000.0,295000.0,449000.0,224000.0,364000.0,351000.0,216000.0,321000.0,304000.0,459000.0,622000.0,1200000.0,4072000.0,1378000.0,1816000.0,272000.0,450000.0,603000.0,1440000.0,1434000.0,380000.0,279000.0,661000.0,354000.0,384000.0,44.8785,0.012214,446600.0,23.1527,0.007905,512800.0,10.0819,0.004017,445600.0,7.7349,0.002919,720750.0,3.5865,0.002249,736800.0,2.3389,0.001506
20261002,3631,晟楠,208000.0,149000.0,143000.0,64000.0,96000.0,148000.0,156000.0,270000.0,155000.0,240000.0,88000.0,73000.0,99000.0,117000.0,85000.0,152000.0,46000.0,110000.0,142000.0,179000.0,211000.0,390000.0,989000.0,562000.0,336000.0,155000.0,133000.0,223000.0,472000.0,650000.0,166666.67,41.6,0.004914,132000.0,31.5152,0.00318,162900.0,12.7686,0.001616,139400.0,9.9474,0.001174,136000.0,7.6471,0.000905,228033.33,3.0405,0.000606
20261002,3632,研勤,26000.0,6000.0,20000.0,11000.0,16000.0,27000.0,3000.0,3000.0,10000.0,7000.0,6000.0,8000.0,1000.0,3000.0,,21000.0,8000.0,11000.0,,2000.0,2000.0,8000.0,,7000.0,26000.0,4000.0,4000.0,9000.0,5000.0,18000.0,17333.33,50.0,0.000614,15800.0,32.9114,0.000398,12900.0,20.155,0.000202,10500.0,17.6871,0.000147,10500.0,13.7566,0.000113,10074.07,9.5588,7.6e-05
20261002,3646,艾恩特,12000.0,18000.0,18000.0,6000.0,6000.0,16000.0,28000.0,23000.0,22000.0,3000.0,8000.0,10000.0,48000.0,35000.0,3000.0,1000.0,7000.0,24000.0,7000.0,7000.0,5000.0,8000.0,19000.0,9000.0,23000.0,40000.0,24000.0,56000.0,30000.0,29000.0,16000.0,25.0,0.000283,12000.0,20.0,0.000183,15200.0,7.8947,9.3e-05,17066.67,4.6875,6.8e-05,15100.0,3.9735,5.2e-05,18166.67,2.2018,3.5e-05
20261002,3663,鑫科,431000.0,1164000.0,2670000.0,546000.0,337000.0,212000.0,393000.0,551000.0,366000.0,1067000.0,872000.0,615000.0,264000.0,285000.0,284000.0,234000.0,565000.0,342000.0,415000.0,854000.0,299000.0,398000.0,292000.0,338000.0,473000.0,357000.0,173000.0,134000.0,214000.0,250000.0,1421666.67,10.1055,0.010182,1029600.0,8.3722,0.00659,773700.0,5.5706,0.003349,670466.67,4.2856,0.002434,623350.0,3.4571,0.001875,513166.67,2.7996,0.001255
20261002,3664,安瑞-KY,13000.0,41000.0,17000.0,91000.0,97000.0,103000.0,77000.0,49000.0,39000.0,12000.0,89000.0,47000.0,14000.0,1000.0,10000.0,14000.0,25000.0,80000.0,63000.0,232000.0,132000.0,72000.0,96000.0,26000.0,3000.0,43000.0,16000.0,16000.0,14000.0,8000.0,23666.67,18.3099,0.000307,51800.0,5.0193,0.000199,53900.0,2.4119,0.000101,46666.67,1.8571,7.3e-05,55700.0,1.167,5.7e-05,51333.33,0.8442,3.8e-05
20261002,3666,光耀,114000.0,28000.0,38000.0,40000.0,9000.0,23000.0,37000.0,45000.0,23000.0,14000.0,34000.0,3000.0,4000.0,41000.0,13000.0,61000.0,220000.0,15000.0,52000.0,4000.0,68000.0,36000.0,68000.0,57000.0,74000.0,49000.0,23000.0,33000.0,10000.0,1000.0,60000.0,63.3333,0.002693,45800.0,49.7817,0.001743,37100.0,30.7278,0.000886,31066.67,24.4635,0.000644,40900.0,13.9364,0.000496,41233.33,9.2158,0.000332
20261002,3672,康聯訊,5000.0,7000.0,9000.0,16000.0,178000.0,13000.0,31000.0,36000.0,3000.0,3000.0,7000.0,17000.0,11000.0,1000.0,13000.0,10000.0,8000.0,56000.0,37000.0,22000.0,17000.0,21000.0,14000.0,12000.0,1000.0,6000.0,10000.0,10000.0,7000.0,18000.0,7000.0,23.8095,0.000118,43000.0,2.3256,7.6e-05,30100.0,1.6611,3.9e-05,23333.33,1.4286,2.8e-05,24150.0,1.0352,2.2e-05,19966.67,0.8347,1.5e-05
20261002,3675,德微,2875000.0,2817000.0,1302000.0,2712000.0,3514000.0,3228000.0,1770000.0,1010000.0,1445000.0,2669000.0,1584000.0,1961000.0,1823000.0,543000.0,360000.0,323000.0,698000.0,986000.0,871000.0,1335000.0,330000.0,620000.0,531000.0,1759000.0,698000.0,1358000.0,442000.0,525000.0,983000.0,2002000.0,2331333.33,41.1067,0.067919,2644000.0,21.7474,0.043958,2334200.0,12.3169,0.02234,1974200.0,9.7086,0.016234,1691300.0,8.4994,0.012505,1435800.0,6.6746,0.008375
20261002,3680,家登,739000.0,716000.0,1579000.0,1018000.0,1361000.0,791000.0,1665000.0,1925000.0,1417000.0,1980000.0,1273000.0,1315000.0,1157000.0,1626000.0,3515000.0,7513000.0,2094000.0,1196000.0,1043000.0,1811000.0,2502000.0,2838000.0,1306000.0,1662000.0,894000.0,1352000.0,993000.0,771000.0,519000.0,999000.0,1011333.33,24.3573,0.017458,1082600.0,13.6523,0.011299,1319100.0,5.6023,0.005742,1471800.0,3.3474,0.004173,1786700.0,2.0681,0.003214,1652333.33,1.4908,0.002153
20261002,3684,榮昌,,49000.0,82000.0,6000.0,2000.0,,21000.0,6000.0,9000.0,22000.0,8000.0,37000.0,161000.0,54000.0,46000.0,8000.0,26000.0,36000.0,35000.0,10000.0,18000.0,4000.0,25000.0,93000.0,10000.0,17000.0,63000.0,64000.0,16000.0,,65500.0,,,34750.0,,,24625.0,,,38692.31,,,34333.33,,,34370.37,,
20261002,3685,元創精密,1512000.0,216000.0,292000.0,322000.0,262000.0,187000.0,189000.0,378000.0,630000.0,202000.0,1146000.0,274000.0,408000.0,610000.0,411000.0,253000.0,418000.0,569000.0,1016000.0,392000.0,1100000.0,962000.0,1288000.0,528000.0,486000.0,353000.0,280000.0,264000.0,218000.0,376000.0,673333.33,74.8515,0.035719,520800.0,58.0645,0.023118,419000.0,36.0859,0.011749,469266.67,21.4803,0.008538,484350.0,15.6085,0.006577,518066.67,9.7285,0.004404
20261002,3687,歐買尬,31000.0,50000.0,28000.0,28000.0,47000.0,42000.0,52000.0,52000.0,27000.0,14000.0,18000.0,25000.0,43000.0,34000.0,139000.0,21000.0,15000.0,33000.0,97000.0,25000.0,47000.0,54000.0,36000.0,37000.0,25000.0,46000.0,63000.0,100000.0,33000.0,37000.0,36333.33,28.4404,0.000732,36800.0,16.8478,0.000474,37100.0,8.3558,0.000241,42000.0,4.9206,0.000175,41050.0,3.7759,0.000135,43300.0,2.3865,9e-05
20261002,3689,湧德,589000.0,288000.0,378000.0,262000.0,401000.0,393000.0,521000.0,307000.0,412000.0,385000.0,356000.0,417000.0,525000.0,1149000.0,457000.0,508000.0,991000.0,1564000.0,993000.0,3809000.0,1442000.0,1698000.0,1601000.0,2972000.0,2590000.0,576000.0,386000.0,340000.0,518000.0,615000.0,418333.33,46.9323,0.013915,383600.0,30.7091,0.009006,393600.0,14.9644,0.004577,456000.0,8.6111,0.003326,735250.0,4.0054,0.002562,914766.67,2.1463,0.001716
20261002,3691,碩禾,1040000.0,1148000.0,964000.0,1317000.0,5400000.0,1724000.0,2162000.0,1057000.0,203000.0,194000.0,153000.0,139000.0,272000.0,505000.0,235000.0,120000.0,200000.0,187000.0,171000.0,579000.0,575000.0,1020000.0,333000.0,356000.0,294000.0,203000.0,309000.0,215000.0,234000.0,276000.0,1050666.67,32.9949,0.024569,1973800.0,10.538,0.015901,1520900.0,6.8381,0.008081,1100866.67,6.2981,0.005872,888500.0,5.8526,0.004524,719500.0,4.8182,0.003029
20261002,3693,營邦,816000.0,2685000.0,1198000.0,1265000.0,1903000.0,2335000.0,2044000.0,1022000.0,1836000.0,2791000.0,1074000.0,1868000.0,1836000.0,1281000.0,2054000.0,2530000.0,3667000.0,2280000.0,2029000.0,3104000.0,2060000.0,1788000.0,1548000.0,1771000.0,817000.0,944000.0,891000.0,344000.0,498000.0,608000.0,1566333.33,17.3654,0.019277,1573400.0,10.3724,0.012476,1789500.0,4.5599,0.006341,1733866.67,3.1375,0.004608,1980900.0,2.0597,0.003549,1696233.33,1.6036,0.002377
20261002,3707,漢磊,35462000.0,21159000.0,30327000.0,20438000.0,33362000.0,55452000.0,19606000.0,2295000.0,2541000.0,7086000.0,7055000.0,4058000.0,3436000.0,5159000.0,6674000.0,2049000.0,4869000.0,2232000.0,2418000.0,3199000.0,1990000.0,2660000.0,2777000.0,3668000.0,2087000.0,3672000.0,5546000.0,1871000.0,2207000.0,2956000.0,28982666.67,40.7853,0.837753,28149600.0,25.1954,0.542207,22772800.0,15.5721,0.275554,16940666.67,13.9554,0.200239,13443850.0,13.1889,0.154246,9943700.0,11.8876,0.1033
20261002,3709,鑫聯大投控,191000.0,498000.0,358000.0,232000.0,100000.0,138000.0,195000.0,166000.0,162000.0,132000.0,182000.0,291000.0,189000.0,271000.0,206000.0,279000.0,1661000.0,302000.0,351000.0,463000.0,443000.0,298000.0,275000.0,395000.0,332000.0,201000.0,329000.0,417000.0,324000.0,291000.0,349000.0,18.2426,0.004512,275800.0,13.8506,0.00292,217200.0,8.7937,0.001484,220733.33,5.7686,0.001078,318350.0,2.9998,0.000831,322400.0,1.9748,0.000556
20261002,3710,連展投控,193000.0,232000.0,250000.0,401000.0,145000.0,243000.0,276000.0,598000.0,,,,,,,,766000.0,318000.0,235000.0,255000.0,208000.0,355000.0,242000.0,346000.0,241000.0,273000.0,115000.0,324000.0,183000.0,93000.0,95000.0,225000.0,28.5926,0.004559,244200.0,15.8067,0.002951,292250.0,8.2549,0.0015,292250.0,8.2549,0.00109,316923.08,4.6845,0.000839,277695.65,3.0218,0.000562
20261002,3713,新晶投控,18000.0,15000.0,52000.0,45000.0,3000.0,34000.0,44000.0,32000.0,36000.0,29000.0,59000.0,7000.0,36000.0,17000.0,8000.0,40000.0,101000.0,24000.0,12000.0,43000.0,22000.0,25000.0,42000.0,52000.0,7000.0,15000.0,4000.0,15000.0,11000.0,7000.0,28333.33,21.1765,0.000425,26600.0,13.5338,0.000275,30800.0,5.8442,0.00014,29000.0,4.1379,0.000102,32750.0,2.7481,7.8e-05,28500.0,2.1053,5.2e-05
20261002,3718,中光電投控,1232000.0,1874000.0,1478000.0,1098000.0,1096000.0,1363000.0,2165000.0,2704000.0,3383000.0,3196000.0,5315000.0,6222000.0,5424000.0,5343000.0,4240000.0,4431000.0,7163000.0,6283000.0,4129000.0,3400000.0,,,,,,,,,,,1528000.0,26.8761,0.029105,1355600.0,18.1765,0.018837,1958900.0,6.2892,0.009573,3075533.33,2.6705,0.006957,3576950.0,1.7221,0.005359,3576950.0,1.7221,0.003589
20261002,4102,永日,31000.0,26000.0,31000.0,7000.0,51000.0,19000.0,7000.0,10000.0,29000.0,30000.0,23000.0,16000.0,23000.0,2000.0,41000.0,34000.0,14000.0,20000.0,16000.0,23000.0,16000.0,8000.0,6000.0,48000.0,21000.0,13000.0,45000.0,6000.0,7000.0,18000.0,29333.33,35.2273,0.000732,29200.0,21.2329,0.000474,24100.0,12.8631,0.000241,23066.67,8.9595,0.000175,22650.0,6.8433,0.000135,21366.67,4.8362,9e-05
20261002,4105,東洋,311000.0,444000.0,538000.0,289000.0,198000.0,219000.0,401000.0,598000.0,437000.0,518000.0,326000.0,478000.0,236000.0,569000.0,153000.0,390000.0,245000.0,365000.0,746000.0,321000.0,205000.0,289000.0,385000.0,391000.0,398000.0,334000.0,442000.0,597000.0,1975000.0,308000.0,431000.0,24.0526,0.007347,356000.0,17.4719,0.004755,395300.0,7.8674,0.002417,381000.0,5.4418,0.001756,389100.0,3.9964,0.001353,436866.67,2.373,0.000906
20261002,4107,邦特,17000.0,17000.0,25000.0,41000.0,32000.0,49000.0,14000.0,52000.0,30000.0,19000.0,22000.0,25000.0,41000.0,72000.0,37000.0,25000.0,67000.0,24000.0,30000.0,32000.0,18000.0,34000.0,26000.0,28000.0,19000.0,23000.0,60000.0,23000.0,48000.0,37000.0,19666.67,28.8136,0.000402,26400.0,12.8788,0.00026,29600.0,5.7432,0.000132,32866.67,3.4483,9.6e-05,33550.0,2.5335,7.4e-05,32900.0,1.7224,5e-05
20261002,4109,加捷生醫,66000.0,158000.0,51000.0,54000.0,169000.0,145000.0,231000.0,84000.0,56000.0,113000.0,120000.0,83000.0,159000.0,95000.0,76000.0,157000.0,165000.0,163000.0,126000.0,235000.0,131000.0,82000.0,83000.0,256000.0,100000.0,103000.0,105000.0,119000.0,69000.0,114000.0,91666.67,24.0,0.001559,99600.0,13.253,0.001009,112700.0,5.8563,0.000513,110666.67,3.9759,0.000373,125300.0,2.6337,0.000287,122266.67,1.7993,0.000192
20261002,4111,濟生,64000.0,22000.0,29000.0,17000.0,4000.0,86000.0,38000.0,29000.0,15000.0,25000.0,53000.0,24000.0,87000.0,9000.0,27000.0,47000.0,11000.0,38000.0,44000.0,25000.0,95000.0,31000.0,28000.0,70000.0,44000.0,96000.0,286000.0,197000.0,95000.0,215000.0,38333.33,55.6522,0.001512,27200.0,47.0588,0.000979,32900.0,19.4529,0.000497,35266.67,12.0983,0.000361,34700.0,9.2219,0.000278,61700.0,3.4576,0.000186
20261002,4113,聯上,74000.0,582000.0,304000.0,617000.0,745000.0,76000.0,89000.0,689000.0,660000.0,58000.0,90000.0,145000.0,44000.0,64000.0,63000.0,86000.0,142000.0,102000.0,111000.0,44000.0,197000.0,46000.0,91000.0,28000.0,313000.0,166000.0,76000.0,30000.0,114000.0,385000.0,320000.0,7.7083,0.001748,464400.0,3.1869,0.001131,389400.0,1.9004,0.000575,286666.67,1.7209,0.000418,239250.0,1.5465,0.000322,207700.0,1.1876,0.000216
20261002,4114,健喬,616000.0,296000.0,464000.0,586000.0,405000.0,323000.0,586000.0,394000.0,809000.0,628000.0,389000.0,471000.0,378000.0,664000.0,373000.0,591000.0,496000.0,566000.0,599000.0,417000.0,426000.0,396000.0,519000.0,501000.0,647000.0,593000.0,728000.0,1338000.0,2990000.0,1146000.0,458666.67,44.7674,0.014552,473400.0,26.0245,0.009419,510700.0,12.0619,0.004787,492133.33,8.3446,0.003478,502550.0,6.1287,0.002679,644500.0,3.1859,0.001794
20261002,4116,明基醫,56000.0,22000.0,17000.0,11000.0,10000.0,13000.0,43000.0,23000.0,16000.0,21000.0,9000.0,30000.0,12000.0,6000.0,35000.0,15000.0,31000.0,20000.0,21000.0,93000.0,12000.0,14000.0,12000.0,27000.0,17000.0,20000.0,39000.0,34000.0,51000.0,11000.0,31666.67,58.9474,0.001323,23200.0,48.2759,0.000856,23200.0,24.1379,0.000435,21600.0,17.284,0.000316,25200.0,11.1111,0.000244,24700.0,7.5574,0.000163
20261002,4120,友華,58000.0,2000.0,7000.0,4000.0,2000.0,43000.0,17000.0,7000.0,21000.0,16000.0,36000.0,18000.0,1000.0,2000.0,15000.0,6000.0,2000.0,6000.0,8000.0,23000.0,38000.0,4000.0,9000.0,26000.0,4000.0,33000.0,42000.0,7000.0,20000.0,15000.0,22333.33,86.5672,0.00137,14600.0,79.4521,0.000887,17700.0,32.7684,0.000451,16600.0,23.2932,0.000328,14700.0,19.7279,0.000252,16400.0,11.7886,0.000169
20261002,4121,優盛,57000.0,16000.0,73000.0,18000.0,12000.0,24000.0,42000.0,25000.0,15000.0,46000.0,38000.0,19000.0,14000.0,20000.0,18000.0,36000.0,50000.0,64000.0,21000.0,46000.0,43000.0,44000.0,13000.0,32000.0,57000.0,19000.0,8000.0,41000.0,12000.0,29000.0,48666.67,39.0411,0.001347,35200.0,32.3864,0.000872,32800.0,17.378,0.000443,29133.33,13.0435,0.000322,32700.0,8.7156,0.000248,31733.33,5.9874,0.000166
20261002,4123,晟德,1045000.0,873000.0,964000.0,1009000.0,1134000.0,1343000.0,1513000.0,880000.0,1410000.0,1122000.0,1421000.0,1119000.0,889000.0,1051000.0,1732000.0,1961000.0,2538000.0,2243000.0,1820000.0,1970000.0,1491000.0,1648000.0,1586000.0,1707000.0,1764000.0,1615000.0,1675000.0,1605000.0,1289000.0,1847000.0,960666.67,36.2595,0.024687,1005000.0,20.796,0.015978,1129300.0,9.2535,0.00812,1167000.0,5.9697,0.005901,1401850.0,3.7272,0.004545,1475466.67,2.3608,0.003044
20261002,4126,太醫,12000.0,25000.0,20000.0,8000.0,12000.0,9000.0,16000.0,30000.0,72000.0,52000.0,8000.0,7000.0,11000.0,49000.0,14000.0,57000.0,13000.0,18000.0,27000.0,23000.0,4000.0,34000.0,50000.0,27000.0,17000.0,14000.0,13000.0,22000.0,53000.0,28000.0,19000.0,21.0526,0.000283,15400.0,15.5844,0.000183,25600.0,4.6875,9.3e-05,23000.0,3.4783,6.8e-05,24150.0,2.4845,5.2e-05,24833.33,1.6107,3.5e-05
20261002,4127,天良,534000.0,320000.0,418000.0,309000.0,516000.0,629000.0,817000.0,151000.0,122000.0,54000.0,126000.0,131000.0,94000.0,113000.0,359000.0,101000.0,244000.0,251000.0,1517000.0,422000.0,237000.0,299000.0,481000.0,138000.0,216000.0,184000.0,178000.0,92000.0,213000.0,284000.0,424000.0,41.9811,0.012615,419400.0,25.4649,0.008165,387000.0,13.7984,0.004149,312866.67,11.3786,0.003015,361400.0,7.3879,0.002323,318333.33,5.5916,0.001556
20261002,4128,中天,783000.0,1192000.0,1707000.0,1191000.0,676000.0,753000.0,602000.0,748000.0,4180000.0,497000.0,359000.0,459000.0,560000.0,573000.0,430000.0,438000.0,694000.0,710000.0,759000.0,1301000.0,624000.0,792000.0,815000.0,606000.0,859000.0,857000.0,1561000.0,2613000.0,1773000.0,914000.0,1227333.33,21.2656,0.018498,1109800.0,14.1107,0.011972,1232900.0,6.3509,0.006084,980666.67,5.3229,0.004421,930600.0,4.207,0.003406,1000866.67,2.6077,0.002281
20261002,4129,聯合,61000.0,71000.0,99000.0,124000.0,54000.0,42000.0,131000.0,32000.0,143000.0,86000.0,43000.0,163000.0,113000.0,198000.0,191000.0,232000.0,217000.0,160000.0,162000.0,198000.0,155000.0,251000.0,255000.0,439000.0,1503000.0,2688000.0,71000.0,97000.0,143000.0,196000.0,77000.0,26.4069,0.001441,81800.0,14.9144,0.000933,84300.0,7.2361,0.000474,103400.0,3.9329,0.000344,126000.0,2.4206,0.000265,277266.67,0.7333,0.000178
20261002,4131,浩泰,35000.0,8000.0,47000.0,20000.0,23000.0,12000.0,27000.0,11000.0,14000.0,11000.0,1000.0,1000.0,13000.0,10000.0,1000.0,8000.0,20000.0,216000.0,5000.0,1000.0,14000.0,6000.0,19000.0,30000.0,1000.0,51000.0,4000.0,3000.0,11000.0,3000.0,30000.0,38.8889,0.000827,26600.0,26.3158,0.000535,20800.0,16.8269,0.000272,15600.0,14.9573,0.000198,24200.0,7.2314,0.000152,20866.67,5.5911,0.000102
20261002,4138,曜亞,64000.0,18000.0,74000.0,52000.0,59000.0,38000.0,51000.0,24000.0,6000.0,20000.0,10000.0,40000.0,19000.0,18000.0,27000.0,94000.0,38000.0,53000.0,69000.0,41000.0,14000.0,36000.0,35000.0,66000.0,84000.0,70000.0,59000.0,9000.0,11000.0,8000.0,52000.0,41.0256,0.001512,53400.0,23.97,0.000979,40600.0,15.7635,0.000497,34666.67,12.3077,0.000361,40750.0,7.8528,0.000278,40233.33,5.3024,0.000186
20261002,4139,馬光-KY,22000.0,37000.0,65000.0,63000.0,37000.0,32000.0,21000.0,28000.0,36000.0,45000.0,46000.0,24000.0,41000.0,25000.0,25000.0,7000.0,20000.0,16000.0,36000.0,45000.0,43000.0,89000.0,76000.0,33000.0,26000.0,94000.0,62000.0,31000.0,5000.0,2000.0,41333.33,17.7419,0.00052,44800.0,9.8214,0.000336,38600.0,5.6995,0.000171,36466.67,4.0219,0.000124,33550.0,3.2787,9.6e-05,37733.33,1.9435,6.4e-05
20261002,4147,中裕,560000.0,1008000.0,576000.0,575000.0,1608000.0,1702000.0,1775000.0,1379000.0,1152000.0,741000.0,547000.0,302000.0,491000.0,826000.0,902000.0,1131000.0,1163000.0,610000.0,425000.0,693000.0,510000.0,705000.0,993000.0,2324000.0,1616000.0,1596000.0,839000.0,1213000.0,1016000.0,441000.0,714666.67,26.1194,0.013229,865400.0,12.942,0.008562,1107600.0,5.056,0.004351,942933.33,3.9593,0.003162,908300.0,3.0827,0.002436,980633.33,1.9035,0.001631
20261002,4153,鈺緯,18000.0,12000.0,8000.0,4000.0,19000.0,12000.0,2000.0,11000.0,1000.0,5000.0,1000.0,5000.0,1000.0,10000.0,4000.0,11000.0,2000.0,4000.0,4000.0,4000.0,4000.0,20000.0,22000.0,11000.0,16000.0,5000.0,11000.0,5000.0,11000.0,6000.0,12666.67,47.3684,0.000425,12200.0,29.5082,0.000275,9200.0,19.5652,0.00014,7533.33,15.9292,0.000102,6900.0,13.0435,7.8e-05,8300.0,7.2289,5.2e-05
20261002,4154,樂威科-KY,8000.0,10000.0,17000.0,52000.0,14000.0,27000.0,,1000.0,58000.0,4000.0,6000.0,24000.0,7000.0,,,,,,,5000.0,,8000.0,,5000.0,,20000.0,1000.0,50000.0,12000.0,,11666.67,22.8571,0.000189,20200.0,7.9208,0.000122,21222.22,4.1885,6.2e-05,19000.0,3.5088,4.5e-05,17923.08,3.4335,3.5e-05,17315.79,2.4316,2.3e-05
20261002,4157,太景*-KY,664000.0,479000.0,668000.0,761000.0,391000.0,1123000.0,692000.0,503000.0,722000.0,988000.0,622000.0,702000.0,419000.0,1016000.0,835000.0,602000.0,1057000.0,1913000.0,438000.0,473000.0,541000.0,672000.0,456000.0,828000.0,912000.0,788000.0,1285000.0,567000.0,696000.0,264000.0,603666.67,36.6648,0.015686,592600.0,22.4097,0.010152,699100.0,9.4979,0.00516,705666.67,6.273,0.003749,753400.0,4.4067,0.002888,735900.0,3.0077,0.001934
20261002,4160,訊聯基因,11000.0,9000.0,47000.0,5000.0,18000.0,67000.0,37000.0,5000.0,4000.0,10000.0,8000.0,4000.0,13000.0,14000.0,25000.0,77000.0,35000.0,22000.0,14000.0,19000.0,26000.0,11000.0,16000.0,25000.0,9000.0,28000.0,26000.0,25000.0,76000.0,5000.0,22333.33,16.4179,0.00026,18000.0,12.2222,0.000168,21300.0,5.1643,8.5e-05,18466.67,3.9711,6.2e-05,22200.0,2.4775,4.8e-05,23033.33,1.5919,3.2e-05
20261002,4161,聿新科,29000.0,34000.0,46000.0,40000.0,11000.0,30000.0,23000.0,24000.0,21000.0,10000.0,20000.0,10000.0,11000.0,10000.0,8000.0,21000.0,14000.0,33000.0,5000.0,17000.0,2000.0,25000.0,2000.0,19000.0,18000.0,2000.0,8000.0,98000.0,13000.0,15000.0,36333.33,26.6055,0.000685,32000.0,18.125,0.000443,26800.0,10.8209,0.000225,21800.0,8.8685,0.000164,20850.0,6.9544,0.000126,20633.33,4.685,8.4e-05
20261002,4162,智擎,104000.0,195000.0,175000.0,110000.0,128000.0,296000.0,308000.0,190000.0,201000.0,337000.0,199000.0,214000.0,198000.0,487000.0,510000.0,293000.0,220000.0,211000.0,272000.0,212000.0,283000.0,200000.0,198000.0,157000.0,195000.0,228000.0,175000.0,291000.0,260000.0,237000.0,158000.0,21.9409,0.002457,142400.0,14.6067,0.00159,204400.0,5.0881,0.000808,243466.67,2.8478,0.000587,243000.0,2.1399,0.000452,236133.33,1.4681,0.000303
20261002,4163,鐿鈦,17000.0,9000.0,20000.0,22000.0,13000.0,10000.0,21000.0,8000.0,20000.0,24000.0,16000.0,18000.0,14000.0,49000.0,35000.0,82000.0,265000.0,23000.0,36000.0,44000.0,9000.0,43000.0,23000.0,51000.0,55000.0,95000.0,115000.0,58000.0,131000.0,42000.0,15333.33,36.9565,0.000402,16200.0,20.9877,0.00026,16400.0,10.3659,0.000132,19733.33,5.7432,9.6e-05,37300.0,2.2788,7.4e-05,45600.0,1.2427,5e-05
20261002,4166,友霖,36000.0,163000.0,47000.0,24000.0,66000.0,54000.0,68000.0,19000.0,50000.0,118000.0,35000.0,35000.0,48000.0,70000.0,64000.0,409000.0,193000.0,57000.0,63000.0,77000.0,62000.0,122000.0,133000.0,54000.0,86000.0,34000.0,72000.0,32000.0,49000.0,160000.0,82000.0,14.6341,0.00085,67200.0,10.7143,0.00055,64500.0,5.5814,0.00028,59800.0,4.0134,0.000203,84800.0,2.1226,0.000157,83333.33,1.44,0.000105
20261002,4167,松瑞藥,574000.0,469000.0,832000.0,535000.0,596000.0,628000.0,698000.0,515000.0,987000.0,1145000.0,418000.0,356000.0,457000.0,474000.0,533000.0,865000.0,501000.0,543000.0,852000.0,908000.0,449000.0,896000.0,969000.0,619000.0,580000.0,586000.0,1189000.0,2233000.0,3199000.0,1036000.0,625000.0,30.6133,0.01356,601200.0,19.0951,0.008776,697900.0,8.2247,0.00446,614466.67,6.2276,0.003241,644300.0,4.4544,0.002497,821400.0,2.3294,0.001672
20261002,4168,醣聯,197000.0,82000.0,188000.0,35000.0,101000.0,75000.0,132000.0,37000.0,108000.0,178000.0,54000.0,48000.0,38000.0,92000.0,108000.0,74000.0,105000.0,95000.0,146000.0,78000.0,67000.0,88000.0,34000.0,43000.0,82000.0,90000.0,60000.0,71000.0,90000.0,99000.0,155666.67,42.1842,0.004654,120600.0,32.67,0.003012,113300.0,17.3875,0.001531,98200.0,13.3741,0.001112,98550.0,9.9949,0.000857,89833.33,7.3098,0.000574
20261002,4171,瑞基,31000.0,27000.0,57000.0,31000.0,11000.0,27000.0,15000.0,25000.0,25000.0,24000.0,16000.0,33000.0,54000.0,57000.0,32000.0,151000.0,44000.0,68000.0,67000.0,19000.0,45000.0,48000.0,28000.0,13000.0,52000.0,68000.0,29000.0,39000.0,56000.0,72000.0,38333.33,26.9565,0.000732,31400.0,19.7452,0.000474,27300.0,11.3553,0.000241,31000.0,6.6667,0.000175,40700.0,3.8084,0.000135,42133.33,2.4525,9e-05
20261002,4173,久裕,14000.0,48000.0,39000.0,50000.0,23000.0,16000.0,29000.0,41000.0,33000.0,16000.0,77000.0,7000.0,58000.0,8000.0,52000.0,27000.0,9000.0,54000.0,49000.0,33000.0,9000.0,36000.0,57000.0,32000.0,22000.0,12000.0,78000.0,17000.0,37000.0,35000.0,33666.67,13.8614,0.000331,34800.0,8.046,0.000214,30900.0,4.5307,0.000109,34066.67,2.7397,7.9e-05,34150.0,2.0498,6.1e-05,33933.33,1.3752,4.1e-05
20261002,4174,浩鼎,5893000.0,1158000.0,1168000.0,1503000.0,3307000.0,2866000.0,2047000.0,1079000.0,3231000.0,674000.0,239000.0,382000.0,375000.0,205000.0,263000.0,595000.0,587000.0,304000.0,545000.0,487000.0,235000.0,461000.0,449000.0,190000.0,163000.0,276000.0,197000.0,243000.0,562000.0,117000.0,2739666.67,71.6997,0.139216,2605800.0,45.2299,0.090103,2292600.0,25.7044,0.045791,1626000.0,24.1615,0.033275,1345400.0,21.9006,0.025632,993366.67,19.7745,0.017166
20261002,4175,杏一,,10000.0,11000.0,13000.0,4000.0,9000.0,10000.0,6000.0,3000.0,5000.0,3000.0,6000.0,5000.0,21000.0,10000.0,7000.0,2000.0,10000.0,15000.0,9000.0,13000.0,16000.0,7000.0,11000.0,10000.0,5000.0,6000.0,11000.0,11000.0,7000.0,10500.0,,,9500.0,,,7888.89,,,8285.71,,,8368.42,,,8827.59,,
20261002,4183,福永生技,3000.0,7000.0,3000.0,7000.0,14000.0,16000.0,20000.0,61000.0,8000.0,2000.0,2000.0,1000.0,3000.0,3000.0,,,,,2000.0,,1000.0,1000.0,,2000.0,19000.0,1000.0,2000.0,,11000.0,11000.0,4333.33,23.0769,7.1e-05,6800.0,8.8235,4.6e-05,14100.0,2.1277,2.3e-05,10714.29,2.0,1.7e-05,10133.33,1.9737,1.3e-05,8695.65,1.5,9e-06
20261002,4188,安克,152000.0,249000.0,137000.0,123000.0,460000.0,612000.0,143000.0,85000.0,97000.0,167000.0,69000.0,100000.0,129000.0,326000.0,774000.0,362000.0,271000.0,320000.0,252000.0,141000.0,263000.0,318000.0,660000.0,2162000.0,328000.0,317000.0,605000.0,225000.0,12000.0,13000.0,179333.33,28.2528,0.003591,224200.0,13.5593,0.002324,222500.0,6.8315,0.001181,241533.33,4.1954,0.000858,248450.0,3.059,0.000661,329066.67,1.5397,0.000443
20261002,4192,杏國,,,4000.0,5000.0,,1000.0,11000.0,6000.0,7000.0,28000.0,5000.0,,11000.0,5000.0,27000.0,5000.0,,11000.0,7000.0,48000.0,1000.0,4000.0,3000.0,16000.0,,28000.0,12000.0,13000.0,11000.0,,4000.0,,,4500.0,,,8857.14,,,10000.0,,,12066.67,,,11695.65,,
20261002,4198,欣大健康,1000.0,1000.0,2000.0,21000.0,8000.0,20000.0,27000.0,6000.0,1000.0,9000.0,11000.0,3000.0,4000.0,1000.0,2000.0,18000.0,3000.0,3000.0,9000.0,24000.0,44000.0,3000.0,8000.0,38000.0,4000.0,4000.0,8000.0,10000.0,1000.0,,1333.33,25.0,2.4e-05,6600.0,3.0303,1.5e-05,9600.0,1.0417,8e-06,7800.0,0.8547,6e-06,8700.0,0.5747,4e-06,10137.93,0.3401,3e-06
20261002,4205,中華食,20000.0,2000.0,24000.0,10000.0,13000.0,26000.0,34000.0,12000.0,20000.0,13000.0,9000.0,10000.0,29000.0,27000.0,52000.0,11000.0,13000.0,12000.0,7000.0,5000.0,16000.0,13000.0,14000.0,7000.0,21000.0,10000.0,52000.0,4000.0,8000.0,32000.0,15333.33,43.4783,0.000472,13800.0,28.9855,0.000306,17400.0,11.4943,0.000155,20066.67,6.6445,0.000113,17450.0,5.7307,8.7e-05,17533.33,3.8023,5.8e-05
20261002,4207,環泰,52000.0,98000.0,35000.0,168000.0,109000.0,60000.0,41000.0,35000.0,133000.0,51000.0,57000.0,102000.0,118000.0,183000.0,41000.0,56000.0,228000.0,49000.0,55000.0,21000.0,53000.0,65000.0,41000.0,89000.0,70000.0,66000.0,49000.0,61000.0,98000.0,213000.0,61666.67,28.1081,0.001228,92400.0,11.2554,0.000795,78200.0,6.6496,0.000404,85533.33,4.053,0.000294,84600.0,3.0733,0.000226,83233.33,2.0825,0.000151
20261002,4303,信立,428000.0,829000.0,632000.0,768000.0,1097000.0,402000.0,548000.0,446000.0,772000.0,439000.0,306000.0,414000.0,383000.0,920000.0,1828000.0,968000.0,1102000.0,938000.0,824000.0,1115000.0,1186000.0,1239000.0,1529000.0,6423000.0,2992000.0,3933000.0,2923000.0,1187000.0,1622000.0,497000.0,629666.67,22.6575,0.010111,750800.0,11.4012,0.006544,636100.0,6.7285,0.003326,680800.0,4.1911,0.002417,757950.0,2.8234,0.001862,1289666.67,1.1062,0.001247
20261002,4304,勝昱,29000.0,15000.0,45000.0,38000.0,81000.0,406000.0,166000.0,171000.0,122000.0,72000.0,107000.0,154000.0,6000.0,117000.0,109000.0,86000.0,91000.0,165000.0,28000.0,16000.0,89000.0,187000.0,98000.0,78000.0,51000.0,70000.0,327000.0,79000.0,80000.0,46000.0,29666.67,32.5843,0.000685,41600.0,13.9423,0.000443,114500.0,2.5328,0.000225,109200.0,1.7705,0.000164,101200.0,1.4328,0.000126,104300.0,0.9268,8.4e-05
20261002,4305,世坤,,4000.0,,3000.0,14000.0,,,2000.0,,2000.0,,8000.0,11000.0,,23000.0,2000.0,5000.0,1000.0,1000.0,,,,1000.0,,,3000.0,,,2000.0,1000.0,4000.0,,,7000.0,,,5000.0,,,8375.0,,,6333.33,,,5187.5,,
20261002,4401,東隆興,12000.0,22000.0,25000.0,22000.0,93000.0,43000.0,28000.0,25000.0,112000.0,43000.0,50000.0,68000.0,16000.0,132000.0,20000.0,41000.0,18000.0,39000.0,78000.0,33000.0,17000.0,57000.0,31000.0,20000.0,26000.0,80000.0,32000.0,22000.0,24000.0,12000.0,19666.67,20.339,0.000283,34800.0,6.8966,0.000183,42500.0,2.8235,9.3e-05,47400.0,1.6878,6.8e-05,46000.0,1.3043,5.2e-05,41366.67,0.967,3.5e-05
20261002,4402,郡都開發,15000.0,1000.0,26000.0,12000.0,16000.0,22000.0,27000.0,44000.0,61000.0,1000.0,9000.0,7000.0,3000.0,4000.0,43000.0,52000.0,2000.0,27000.0,14000.0,29000.0,29000.0,6000.0,2000.0,20000.0,7000.0,9000.0,7000.0,12000.0,27000.0,4000.0,14000.0,35.7143,0.000354,14000.0,21.4286,0.000229,22500.0,6.6667,0.000117,19400.0,5.1546,8.5e-05,20750.0,3.6145,6.5e-05,17933.33,2.7881,4.4e-05
20261002,4406,新昕纖,23000.0,11000.0,18000.0,36000.0,11000.0,15000.0,51000.0,153000.0,17000.0,31000.0,121000.0,152000.0,9000.0,132000.0,49000.0,17000.0,75000.0,1000.0,,4000.0,66000.0,46000.0,18000.0,10000.0,30000.0,37000.0,10000.0,14000.0,6000.0,13000.0,17333.33,44.2308,0.000543,19800.0,23.2323,0.000352,36600.0,6.2842,0.000179,55266.67,2.7744,0.00013,48736.84,2.4838,0.0001,40551.72,1.9558,6.7e-05
20261002,4413,飛寶企業,27000.0,6000.0,91000.0,65000.0,48000.0,99000.0,158000.0,32000.0,,17000.0,1000.0,4000.0,,80000.0,7000.0,58000.0,2000.0,4000.0,15000.0,28000.0,48000.0,69000.0,44000.0,67000.0,189000.0,51000.0,39000.0,10000.0,31000.0,21000.0,41333.33,21.7742,0.000638,47400.0,11.3924,0.000413,60333.33,4.9724,0.00021,48846.15,4.252,0.000152,41222.22,3.6388,0.000117,46821.43,2.0595,7.9e-05
20261002,4416,三圓,729000.0,869000.0,894000.0,939000.0,1316000.0,2095000.0,5216000.0,2293000.0,4528000.0,1517000.0,1133000.0,2123000.0,1596000.0,771000.0,988000.0,493000.0,625000.0,666000.0,506000.0,604000.0,575000.0,1131000.0,2411000.0,1075000.0,1739000.0,2847000.0,1434000.0,2050000.0,1140000.0,3341000.0,830666.67,29.2536,0.017222,949400.0,15.3571,0.011146,2039600.0,3.5742,0.005665,1800466.67,2.6993,0.004116,1495050.0,2.438,0.003171,1588133.33,1.5301,0.002124
20261002,4417,金洲,37000.0,33000.0,51000.0,43000.0,24000.0,52000.0,52000.0,31000.0,147000.0,37000.0,61000.0,72000.0,102000.0,792000.0,47000.0,103000.0,14000.0,53000.0,37000.0,47000.0,39000.0,64000.0,36000.0,24000.0,18000.0,20000.0,40000.0,42000.0,49000.0,17000.0,40333.33,30.5785,0.000874,37600.0,19.6809,0.000566,50700.0,7.2978,0.000288,105400.0,2.3403,0.000209,91750.0,2.0163,0.000161,72800.0,1.6941,0.000108
20261002,4419,皇家美食,1000.0,,477000.0,77000.0,11000.0,38000.0,26000.0,3000.0,33000.0,4000.0,1000.0,15000.0,12000.0,,,47000.0,14000.0,3000.0,1000.0,9000.0,7000.0,3000.0,41000.0,10000.0,24000.0,3000.0,7000.0,4000.0,2000.0,2000.0,239000.0,0.2092,2.4e-05,141500.0,0.1767,1.5e-05,74444.44,0.1493,8e-06,58166.67,0.1433,6e-06,45411.76,0.1295,4e-06,32407.41,0.1143,3e-06
20261002,4420,光明,28000.0,18000.0,34000.0,8000.0,27000.0,18000.0,63000.0,58000.0,35000.0,128000.0,186000.0,54000.0,65000.0,25000.0,48000.0,41000.0,53000.0,44000.0,25000.0,40000.0,55000.0,81000.0,9000.0,13000.0,7000.0,12000.0,14000.0,7000.0,13000.0,14000.0,26666.67,35.0,0.000661,23000.0,24.3478,0.000428,41700.0,6.7146,0.000218,53000.0,3.522,0.000158,49900.0,2.8056,0.000122,40766.67,2.2895,8.2e-05
20261002,4430,耀億,29000.0,28000.0,27000.0,31000.0,17000.0,38000.0,9000.0,10000.0,14000.0,14000.0,13000.0,16000.0,6000.0,56000.0,17000.0,13000.0,15000.0,19000.0,37000.0,19000.0,38000.0,21000.0,1000.0,31000.0,47000.0,42000.0,45000.0,141000.0,175000.0,297000.0,28000.0,34.5238,0.000685,26400.0,21.9697,0.000443,21700.0,13.3641,0.000225,21666.67,8.9231,0.000164,21400.0,6.7757,0.000126,42200.0,2.2907,8.4e-05
20261002,4432,銘旺實,21000.0,5000.0,30000.0,31000.0,20000.0,54000.0,30000.0,47000.0,7000.0,17000.0,22000.0,20000.0,10000.0,26000.0,27000.0,23000.0,21000.0,18000.0,12000.0,5000.0,27000.0,11000.0,11000.0,17000.0,37000.0,10000.0,18000.0,17000.0,7000.0,42000.0,18666.67,37.5,0.000496,21400.0,19.6262,0.000321,26200.0,8.0153,0.000163,24466.67,5.7221,0.000119,22300.0,4.7085,9.1e-05,21433.33,3.2659,6.1e-05
20261002,4433,興采,21000.0,32000.0,131000.0,15000.0,24000.0,57000.0,169000.0,62000.0,63000.0,106000.0,31000.0,117000.0,83000.0,50000.0,36000.0,72000.0,21000.0,71000.0,11000.0,14000.0,27000.0,35000.0,30000.0,10000.0,19000.0,77000.0,21000.0,202000.0,83000.0,38000.0,61333.33,11.413,0.000496,44600.0,9.417,0.000321,68000.0,3.0882,0.000163,66466.67,2.1063,0.000119,59300.0,1.7707,9.1e-05,57600.0,1.2153,6.1e-05
20261002,4442,竣邦-KY,8000.0,19000.0,26000.0,13000.0,10000.0,13000.0,37000.0,20000.0,28000.0,67000.0,52000.0,89000.0,72000.0,811000.0,301000.0,68000.0,32000.0,126000.0,18000.0,18000.0,6000.0,24000.0,23000.0,40000.0,75000.0,23000.0,43000.0,241000.0,76000.0,44000.0,17666.67,15.0943,0.000189,15200.0,10.5263,0.000122,24100.0,3.3195,6.2e-05,104400.0,0.5109,4.5e-05,91400.0,0.4376,3.5e-05,80766.67,0.3302,2.3e-05
20261002,4502,健信,4000.0,11000.0,47000.0,5000.0,9000.0,9000.0,5000.0,,14000.0,20000.0,28000.0,20000.0,87000.0,101000.0,9000.0,27000.0,10000.0,17000.0,13000.0,24000.0,29000.0,28000.0,19000.0,29000.0,45000.0,15000.0,2000.0,40000.0,32000.0,2000.0,20666.67,6.4516,9.4e-05,15200.0,5.2632,6.1e-05,13777.78,3.2258,3.1e-05,26357.14,1.084,2.3e-05,24210.53,0.8696,1.7e-05,24172.41,0.5706,1.2e-05
20261002,4503,金雨,58000.0,81000.0,174000.0,114000.0,147000.0,278000.0,113000.0,68000.0,189000.0,46000.0,57000.0,95000.0,84000.0,120000.0,106000.0,251000.0,162000.0,90000.0,200000.0,323000.0,123000.0,126000.0,180000.0,515000.0,344000.0,132000.0,146000.0,181000.0,173000.0,317000.0,104333.33,18.5304,0.00137,114800.0,10.1045,0.000887,126800.0,4.5741,0.000451,115333.33,3.3526,0.000328,137800.0,2.1045,0.000252,166433.33,1.1616,0.000169
20261002,4506,崇友,71000.0,27000.0,22000.0,40000.0,68000.0,35000.0,62000.0,17000.0,48000.0,94000.0,54000.0,43000.0,79000.0,62000.0,28000.0,38000.0,32000.0,108000.0,54000.0,45000.0,55000.0,52000.0,21000.0,85000.0,25000.0,48000.0,48000.0,17000.0,39000.0,53000.0,40000.0,59.1667,0.001677,45600.0,31.1404,0.001086,48400.0,14.6694,0.000552,50000.0,9.4667,0.000401,51350.0,6.9133,0.000309,49000.0,4.8299,0.000207
20261002,4510,高鋒,612000.0,407000.0,569000.0,294000.0,382000.0,271000.0,442000.0,609000.0,604000.0,1067000.0,220000.0,434000.0,674000.0,892000.0,626000.0,571000.0,1499000.0,2145000.0,6468000.0,9457000.0,1775000.0,732000.0,1069000.0,1558000.0,3689000.0,1947000.0,423000.0,868000.0,1724000.0,2294000.0,529333.33,38.539,0.014458,452800.0,27.0318,0.009357,525700.0,11.6416,0.004755,540200.0,7.5528,0.003456,1412150.0,2.1669,0.002662,1477400.0,1.3808,0.001783
20261002,4513,福裕,110000.0,200000.0,137000.0,183000.0,105000.0,174000.0,454000.0,361000.0,436000.0,126000.0,68000.0,119000.0,199000.0,124000.0,126000.0,123000.0,199000.0,314000.0,172000.0,223000.0,159000.0,225000.0,243000.0,379000.0,193000.0,220000.0,130000.0,206000.0,334000.0,615000.0,149000.0,24.6085,0.002599,147000.0,14.966,0.001682,228600.0,4.8119,0.000855,194800.0,3.7645,0.000621,197650.0,2.7827,0.000478,221900.0,1.6524,0.00032
20261002,4523,永彰,56000.0,40000.0,46000.0,32000.0,14000.0,43000.0,73000.0,83000.0,127000.0,80000.0,65000.0,37000.0,46000.0,99000.0,111000.0,24000.0,28000.0,32000.0,82000.0,44000.0,13000.0,48000.0,52000.0,40000.0,52000.0,93000.0,25000.0,23000.0,24000.0,40000.0,47333.33,39.4366,0.001323,37600.0,29.7872,0.000856,59400.0,9.4276,0.000435,63466.67,5.8824,0.000316,58100.0,4.8193,0.000244,52400.0,3.5623,0.000163
20261002,4527,方土霖,,,,16000.0,7000.0,12000.0,20000.0,8000.0,13000.0,20000.0,11000.0,20000.0,25000.0,29000.0,26000.0,35000.0,9000.0,2000.0,19000.0,35000.0,35000.0,70000.0,7000.0,6000.0,21000.0,33000.0,11000.0,28000.0,18000.0,7000.0,,,,11500.0,,,13714.29,,,17250.0,,,18058.82,,,20111.11,,
20261002,4528,江興鍛,16000.0,21000.0,4000.0,15000.0,12000.0,3000.0,17000.0,12000.0,42000.0,77000.0,25000.0,19000.0,21000.0,7000.0,8000.0,12000.0,7000.0,17000.0,8000.0,16000.0,9000.0,7000.0,6000.0,15000.0,14000.0,19000.0,19000.0,12000.0,7000.0,8000.0,13666.67,39.0244,0.000378,13600.0,23.5294,0.000245,21900.0,7.3059,0.000124,19933.33,5.3512,9e-05,17950.0,4.4568,7e-05,15833.33,3.3684,4.7e-05
20261002,4529,淳紳,4000.0,3000.0,17000.0,5000.0,8000.0,48000.0,61000.0,16000.0,20000.0,20000.0,15000.0,25000.0,26000.0,13000.0,2000.0,35000.0,25000.0,15000.0,52000.0,66000.0,40000.0,60000.0,200000.0,64000.0,61000.0,19000.0,23000.0,28000.0,25000.0,35000.0,8000.0,16.6667,9.4e-05,7400.0,10.8108,6.1e-05,20200.0,1.9802,3.1e-05,18866.67,1.4134,2.3e-05,23800.0,0.8403,1.7e-05,34366.67,0.388,1.2e-05
20261002,4530,天意能創,14000.0,3000.0,10000.0,9000.0,1000.0,1000.0,,38000.0,101000.0,96000.0,2000.0,1000.0,1000.0,13000.0,128000.0,14000.0,99000.0,12000.0,7000.0,18000.0,1000.0,9000.0,1000.0,48000.0,95000.0,52000.0,14000.0,4000.0,26000.0,26000.0,9000.0,51.8519,0.000331,7400.0,37.8378,0.000214,30333.33,5.1282,0.000109,29857.14,3.3493,7.9e-05,29894.74,2.4648,6.1e-05,29103.45,1.6588,4.1e-05
20261002,4533,協易機,962000.0,337000.0,536000.0,438000.0,590000.0,1094000.0,724000.0,447000.0,525000.0,358000.0,238000.0,408000.0,307000.0,420000.0,415000.0,443000.0,425000.0,443000.0,370000.0,787000.0,537000.0,971000.0,425000.0,667000.0,467000.0,464000.0,477000.0,373000.0,411000.0,792000.0,611666.67,52.4251,0.022726,572600.0,33.6011,0.014709,601100.0,16.004,0.007475,519933.33,12.3349,0.005432,513350.0,9.3698,0.004184,528366.67,6.069,0.002802
20261002,4534,慶騰,877000.0,459000.0,632000.0,788000.0,480000.0,829000.0,1978000.0,2557000.0,687000.0,338000.0,247000.0,253000.0,232000.0,870000.0,599000.0,338000.0,567000.0,1123000.0,593000.0,697000.0,418000.0,393000.0,476000.0,393000.0,693000.0,680000.0,487000.0,434000.0,366000.0,579000.0,656000.0,44.563,0.020718,647200.0,27.1014,0.013409,962500.0,9.1117,0.006815,788400.0,7.4159,0.004952,757200.0,5.7911,0.003815,668766.67,4.3712,0.002555
20261002,4535,至興,43000.0,9000.0,23000.0,14000.0,12000.0,107000.0,10000.0,28000.0,1000.0,5000.0,1000.0,20000.0,14000.0,23000.0,8000.0,5000.0,2000.0,8000.0,8000.0,6000.0,,17000.0,18000.0,6000.0,4000.0,6000.0,13000.0,3000.0,4000.0,3000.0,25000.0,57.3333,0.001016,20200.0,42.5743,0.000657,25200.0,17.0635,0.000334,21200.0,13.522,0.000243,17350.0,12.3919,0.000187,14517.24,10.2138,0.000125
20261002,4538,大詠城,10000.0,11000.0,10000.0,10000.0,13000.0,10000.0,12000.0,14000.0,24000.0,13000.0,21000.0,15000.0,13000.0,9000.0,113000.0,11000.0,10000.0,14000.0,11000.0,13000.0,15000.0,16000.0,10000.0,14000.0,15000.0,12000.0,8000.0,12000.0,12000.0,11000.0,10333.33,32.2581,0.000236,10800.0,18.5185,0.000153,12700.0,7.874,7.8e-05,19866.67,3.3557,5.6e-05,17850.0,2.8011,4.3e-05,16066.67,2.0747,2.9e-05
20261002,4541,晟田,839000.0,1330000.0,2165000.0,513000.0,356000.0,952000.0,855000.0,1178000.0,1840000.0,557000.0,546000.0,552000.0,619000.0,1422000.0,1274000.0,1309000.0,828000.0,842000.0,1798000.0,1350000.0,1391000.0,1087000.0,1953000.0,3876000.0,5470000.0,2130000.0,1652000.0,2222000.0,5547000.0,3794000.0,1444666.67,19.3586,0.019821,1040600.0,16.1253,0.012828,1058500.0,7.9263,0.006519,999866.67,5.5941,0.004737,1056250.0,3.9716,0.003649,1674900.0,1.6698,0.002444
20261002,4542,科嶠,334000.0,400000.0,449000.0,519000.0,2544000.0,2838000.0,3020000.0,1046000.0,1025000.0,745000.0,148000.0,305000.0,234000.0,357000.0,281000.0,317000.0,419000.0,465000.0,469000.0,799000.0,1293000.0,2032000.0,1663000.0,728000.0,481000.0,979000.0,377000.0,392000.0,466000.0,435000.0,394333.33,28.2333,0.00789,849200.0,7.8662,0.005107,1292000.0,2.5851,0.002595,949666.67,2.3447,0.001886,835700.0,1.9983,0.001453,852000.0,1.3067,0.000973
20261002,4543,萬在,65000.0,165000.0,91000.0,165000.0,31000.0,30000.0,75000.0,81000.0,59000.0,63000.0,65000.0,64000.0,50000.0,66000.0,86000.0,74000.0,147000.0,100000.0,101000.0,55000.0,42000.0,79000.0,70000.0,130000.0,81000.0,100000.0,78000.0,59000.0,33000.0,60000.0,107000.0,20.2492,0.001536,103400.0,12.5725,0.000994,82500.0,7.8788,0.000505,77066.67,5.6228,0.000367,81650.0,3.9804,0.000283,78833.33,2.7484,0.000189
20261002,4549,桓達,30000.0,53000.0,67000.0,28000.0,45000.0,36000.0,23000.0,30000.0,23000.0,21000.0,61000.0,44000.0,40000.0,24000.0,87000.0,97000.0,59000.0,79000.0,50000.0,31000.0,20000.0,159000.0,106000.0,182000.0,63000.0,36000.0,61000.0,23000.0,66000.0,58000.0,50000.0,20.0,0.000709,44600.0,13.4529,0.000459,35600.0,8.427,0.000233,40800.0,4.902,0.000169,46400.0,3.2328,0.00013,56733.33,1.7626,8.7e-05
20261002,4550,長佳,7000.0,4000.0,50000.0,5000.0,2000.0,11000.0,21000.0,14000.0,4000.0,16000.0,1000.0,6000.0,17000.0,16000.0,17000.0,3000.0,12000.0,21000.0,,66000.0,19000.0,8000.0,19000.0,66000.0,10000.0,18000.0,14000.0,39000.0,45000.0,84000.0,20333.33,11.4754,0.000165,13600.0,10.2941,0.000107,13400.0,5.2239,5.4e-05,12733.33,3.6649,4e-05,15421.05,2.3891,3e-05,21206.9,1.1382,2e-05
20261002,4554,橙的,16000.0,17000.0,46000.0,21000.0,6000.0,32000.0,15000.0,10000.0,6000.0,6000.0,6000.0,10000.0,8000.0,37000.0,17000.0,21000.0,23000.0,14000.0,20000.0,21000.0,21000.0,33000.0,43000.0,72000.0,65000.0,69000.0,204000.0,56000.0,44000.0,29000.0,26333.33,20.2532,0.000378,21200.0,15.0943,0.000245,17500.0,9.1429,0.000124,16866.67,6.3241,9e-05,17600.0,4.5455,7e-05,32933.33,1.6194,4.7e-05
20261002,4556,旭然,5276000.0,2981000.0,1040000.0,565000.0,1497000.0,1391000.0,914000.0,1348000.0,588000.0,629000.0,994000.0,1476000.0,2388000.0,2985000.0,1067000.0,967000.0,565000.0,375000.0,215000.0,212000.0,129000.0,200000.0,182000.0,237000.0,246000.0,326000.0,119000.0,205000.0,273000.0,325000.0,3099000.0,56.7495,0.12464,2271800.0,46.4478,0.080669,1622900.0,32.5097,0.040997,1675933.33,20.9873,0.029791,1373650.0,19.2043,0.022949,990500.0,17.7553,0.015369
20261002,4558,寶緯,27000.0,56000.0,25000.0,28000.0,23000.0,3000.0,33000.0,41000.0,4000.0,43000.0,16000.0,6000.0,18000.0,8000.0,34000.0,48000.0,37000.0,24000.0,5000.0,25000.0,11000.0,42000.0,135000.0,439000.0,24000.0,51000.0,122000.0,14000.0,31000.0,32000.0,36000.0,25.0,0.000638,31800.0,16.9811,0.000413,28300.0,9.5406,0.00021,24333.33,7.3973,0.000152,25200.0,5.3571,0.000117,46833.33,1.9217,7.9e-05
20261002,4561,健椿,145000.0,70000.0,266000.0,66000.0,72000.0,111000.0,182000.0,63000.0,81000.0,70000.0,52000.0,53000.0,97000.0,139000.0,112000.0,114000.0,143000.0,182000.0,197000.0,199000.0,171000.0,160000.0,135000.0,218000.0,235000.0,175000.0,250000.0,505000.0,662000.0,1926000.0,160333.33,30.1455,0.003425,123800.0,23.4249,0.002217,112600.0,12.8774,0.001127,105266.67,9.183,0.000819,120700.0,6.0066,0.000631,228366.67,2.1165,0.000422
20261002,4563,百德,350000.0,509000.0,337000.0,231000.0,282000.0,304000.0,954000.0,133000.0,181000.0,262000.0,134000.0,41000.0,132000.0,133000.0,72000.0,83000.0,113000.0,173000.0,196000.0,254000.0,968000.0,238000.0,41000.0,58000.0,59000.0,163000.0,33000.0,35000.0,27000.0,80000.0,398666.67,29.2642,0.008268,341800.0,20.4798,0.005351,354300.0,9.8786,0.00272,270333.33,8.6313,0.001976,243700.0,7.181,0.001522,219200.0,5.3224,0.00102
20261002,4568,科際精密,3000.0,14000.0,17000.0,4000.0,3000.0,1000.0,9000.0,9000.0,1000.0,8000.0,1000.0,2000.0,4000.0,,5000.0,,7000.0,4000.0,3000.0,5000.0,4000.0,8000.0,,2000.0,7000.0,,14000.0,4000.0,3000.0,6000.0,11333.33,8.8235,7.1e-05,8200.0,7.3171,4.6e-05,6900.0,4.3478,2.3e-05,5785.71,3.7037,1.7e-05,5555.56,3.0,1.3e-05,5692.31,2.027,9e-06
20261002,4577,達航科技,547000.0,1175000.0,1075000.0,167000.0,124000.0,135000.0,207000.0,297000.0,258000.0,344000.0,186000.0,311000.0,252000.0,399000.0,337000.0,709000.0,1838000.0,526000.0,2132000.0,705000.0,912000.0,593000.0,3040000.0,1115000.0,287000.0,622000.0,187000.0,178000.0,223000.0,276000.0,932333.33,19.5567,0.012922,617600.0,17.7137,0.008364,432900.0,12.6357,0.00425,387600.0,9.4083,0.003089,586200.0,4.6656,0.002379,638566.67,2.8554,0.001593
20261002,4580,捷流閥業,43000.0,158000.0,95000.0,32000.0,125000.0,39000.0,40000.0,29000.0,33000.0,42000.0,69000.0,42000.0,52000.0,61000.0,81000.0,53000.0,92000.0,92000.0,80000.0,113000.0,865000.0,585000.0,66000.0,39000.0,41000.0,42000.0,37000.0,24000.0,33000.0,51000.0,98666.67,14.527,0.001016,90600.0,9.4923,0.000657,63600.0,6.761,0.000334,62733.33,4.5696,0.000243,68550.0,3.1364,0.000187,105133.33,1.3633,0.000125
20261002,4584,君帆,6000.0,6000.0,11000.0,,5000.0,,,3000.0,,2000.0,2000.0,10000.0,3000.0,4000.0,8000.0,5000.0,8000.0,2000.0,1000.0,6000.0,,6000.0,,1000.0,3000.0,,1000.0,2000.0,4000.0,4000.0,7666.67,26.087,0.000142,7000.0,21.4286,9.2e-05,5500.0,18.1818,4.7e-05,5454.55,10.0,3.4e-05,5125.0,7.3171,2.6e-05,4478.26,5.8252,1.7e-05
20261002,4609,唐鋒,2000.0,2000.0,6000.0,,,11000.0,1000.0,5000.0,7000.0,10000.0,5000.0,1000.0,1000.0,2000.0,15000.0,23000.0,44000.0,6000.0,3000.0,2000.0,37000.0,7000.0,6000.0,10000.0,22000.0,155000.0,,1000.0,9000.0,4000.0,3333.33,20.0,4.7e-05,3333.33,20.0,3.1e-05,5500.0,4.5455,1.6e-05,5230.77,2.9412,1.1e-05,8111.11,1.3699,9e-06,14703.7,0.5038,6e-06
20261002,4702,中美實,52000.0,68000.0,63000.0,12000.0,52000.0,62000.0,47000.0,70000.0,59000.0,38000.0,27000.0,13000.0,34000.0,115000.0,32000.0,55000.0,135000.0,70000.0,224000.0,190000.0,23000.0,87000.0,32000.0,33000.0,46000.0,50000.0,109000.0,32000.0,81000.0,118000.0,61000.0,28.4153,0.001228,49400.0,21.0526,0.000795,52300.0,9.9426,0.000404,49600.0,6.9892,0.000294,70900.0,3.6671,0.000226,67633.33,2.5628,0.000151
20261002,4706,大恭,9000.0,21000.0,2000.0,1000.0,4000.0,3000.0,5000.0,11000.0,5000.0,9000.0,28000.0,20000.0,35000.0,19000.0,15000.0,80000.0,306000.0,116000.0,308000.0,1000.0,1000.0,1000.0,22000.0,2000.0,1000.0,1000.0,26000.0,97000.0,9000.0,1000.0,10666.67,28.125,0.000213,7400.0,24.3243,0.000138,7000.0,12.8571,7e-05,12466.67,4.8128,5.1e-05,49900.0,0.9018,3.9e-05,38633.33,0.7765,2.6e-05
20261002,4707,磐亞,3027000.0,1829000.0,1476000.0,1435000.0,3453000.0,1934000.0,2359000.0,3899000.0,1483000.0,1568000.0,1596000.0,993000.0,1552000.0,2050000.0,2621000.0,5861000.0,1800000.0,4113000.0,2901000.0,2296000.0,2035000.0,3647000.0,3593000.0,2398000.0,4382000.0,4688000.0,13175000.0,2248000.0,1737000.0,3027000.0,2110666.67,47.8048,0.07151,2244000.0,26.9786,0.046282,2246300.0,13.4755,0.023521,2085000.0,9.6787,0.017092,2412300.0,6.2741,0.013166,2972533.33,3.3944,0.008818
20261002,4711,永純,85000.0,113000.0,18000.0,47000.0,21000.0,21000.0,31000.0,7000.0,26000.0,10000.0,44000.0,11000.0,44000.0,37000.0,20000.0,25000.0,86000.0,66000.0,92000.0,60000.0,50000.0,33000.0,28000.0,24000.0,36000.0,19000.0,12000.0,94000.0,44000.0,30000.0,72000.0,39.3519,0.002008,56800.0,29.9296,0.0013,37900.0,22.4274,0.00066,35666.67,15.8879,0.00048,43200.0,9.838,0.00037,41133.33,6.8882,0.000248
20261002,4714,永捷,1969000.0,711000.0,622000.0,748000.0,745000.0,1981000.0,5293000.0,4803000.0,4008000.0,2250000.0,1400000.0,1992000.0,2079000.0,3108000.0,2151000.0,1660000.0,649000.0,252000.0,457000.0,514000.0,272000.0,1062000.0,1360000.0,3531000.0,6602000.0,2386000.0,824000.0,827000.0,426000.0,443000.0,1100666.67,59.6305,0.046516,959000.0,41.0636,0.030106,2313000.0,8.5128,0.0153,2257333.33,5.8151,0.011118,1869600.0,5.2658,0.008564,1837500.0,3.5719,0.005736
20261002,4716,大立,3784000.0,876000.0,677000.0,435000.0,526000.0,766000.0,415000.0,498000.0,464000.0,321000.0,192000.0,276000.0,509000.0,659000.0,272000.0,313000.0,463000.0,826000.0,1066000.0,1114000.0,928000.0,4958000.0,8280000.0,5116000.0,952000.0,334000.0,479000.0,245000.0,591000.0,435000.0,1779000.0,70.9013,0.089393,1259600.0,60.0826,0.057857,876200.0,43.1865,0.029403,711333.33,35.4639,0.021367,722600.0,26.1832,0.016459,1225666.67,10.291,0.011023
20261002,4721,美琪瑪,375000.0,599000.0,1257000.0,897000.0,661000.0,263000.0,255000.0,464000.0,292000.0,185000.0,257000.0,219000.0,133000.0,274000.0,433000.0,286000.0,219000.0,296000.0,450000.0,410000.0,251000.0,314000.0,271000.0,334000.0,492000.0,623000.0,290000.0,229000.0,255000.0,310000.0,743666.67,16.8086,0.008859,757800.0,9.8971,0.005734,524800.0,7.1456,0.002914,437600.0,5.713,0.002117,411250.0,4.5593,0.001631,386466.67,3.2344,0.001092
20261002,4726,永昕,144000.0,170000.0,61000.0,87000.0,123000.0,109000.0,171000.0,54000.0,148000.0,94000.0,90000.0,82000.0,183000.0,242000.0,217000.0,124000.0,199000.0,138000.0,80000.0,73000.0,25000.0,108000.0,80000.0,109000.0,128000.0,79000.0,71000.0,50000.0,150000.0,113000.0,125000.0,38.4,0.003402,117000.0,24.6154,0.002202,116100.0,12.4031,0.001119,131666.67,7.2911,0.000813,129450.0,5.562,0.000626,116733.33,4.1119,0.000419
20261002,4728,雙美,3000.0,14000.0,1000.0,5000.0,43000.0,1000.0,2000.0,60000.0,24000.0,15000.0,11000.0,6000.0,1000.0,,4000.0,,5000.0,4000.0,3000.0,,,2000.0,3000.0,,1000.0,1000.0,35000.0,,,1000.0,6000.0,16.6667,7.1e-05,13200.0,4.5455,4.6e-05,16800.0,1.7857,2.3e-05,13571.43,1.5789,1.7e-05,11882.35,1.4851,1.3e-05,10652.17,1.2245,9e-06
20261002,4729,熒茂,371000.0,899000.0,1063000.0,71000.0,34000.0,63000.0,64000.0,98000.0,73000.0,70000.0,15000.0,31000.0,51000.0,38000.0,63000.0,103000.0,66000.0,57000.0,36000.0,58000.0,43000.0,51000.0,72000.0,179000.0,90000.0,68000.0,148000.0,40000.0,118000.0,76000.0,777666.67,15.9023,0.008764,487600.0,15.2174,0.005673,280600.0,13.2217,0.002883,200266.67,12.3502,0.002095,166200.0,11.1613,0.001614,140300.0,8.8144,0.001081
20261002,4735,豪展,16000.0,29000.0,13000.0,63000.0,17000.0,21000.0,31000.0,21000.0,37000.0,42000.0,8000.0,14000.0,21000.0,29000.0,42000.0,45000.0,25000.0,56000.0,67000.0,45000.0,35000.0,69000.0,120000.0,91000.0,66000.0,31000.0,269000.0,109000.0,353000.0,297000.0,19333.33,27.5862,0.000378,27600.0,11.5942,0.000245,29000.0,5.5172,0.000124,26933.33,3.9604,9e-05,32100.0,2.4922,7e-05,69400.0,0.7685,4.7e-05
20261002,4741,泓瀚,178000.0,39000.0,171000.0,183000.0,37000.0,42000.0,66000.0,35000.0,44000.0,43000.0,64000.0,65000.0,93000.0,111000.0,208000.0,50000.0,54000.0,177000.0,71000.0,137000.0,74000.0,125000.0,118000.0,140000.0,64000.0,94000.0,48000.0,50000.0,53000.0,42000.0,129333.33,45.8763,0.004205,121600.0,29.2763,0.002722,83800.0,21.2411,0.001383,91933.33,12.9079,0.001005,93400.0,9.5289,0.000774,89200.0,6.6517,0.000519
20261002,4743,合一,1024000.0,1277000.0,1975000.0,1042000.0,612000.0,1039000.0,692000.0,753000.0,1340000.0,738000.0,532000.0,720000.0,817000.0,1609000.0,603000.0,1306000.0,1620000.0,934000.0,1064000.0,1800000.0,543000.0,484000.0,1227000.0,713000.0,1266000.0,1102000.0,2971000.0,3336000.0,2265000.0,1014000.0,1425333.33,23.9476,0.024191,1186000.0,17.2681,0.015657,1049200.0,9.7598,0.007957,984866.67,6.9316,0.005782,1074850.0,4.7635,0.004454,1213933.33,2.8118,0.002983
20261002,4744,皇將,49000.0,55000.0,101000.0,66000.0,50000.0,37000.0,25000.0,70000.0,86000.0,324000.0,312000.0,65000.0,49000.0,18000.0,34000.0,42000.0,69000.0,38000.0,100000.0,42000.0,48000.0,24000.0,32000.0,93000.0,85000.0,57000.0,17000.0,64000.0,45000.0,40000.0,68333.33,23.9024,0.001158,64200.0,15.2648,0.000749,86300.0,5.6779,0.000381,89400.0,3.654,0.000277,81600.0,3.0025,0.000213,71233.33,2.2929,0.000143
20261002,4745,合富-KY,9000.0,4000.0,28000.0,98000.0,6000.0,29000.0,29000.0,19000.0,14000.0,3000.0,13000.0,17000.0,8000.0,21000.0,18000.0,4000.0,36000.0,36000.0,5000.0,3000.0,7000.0,19000.0,7000.0,18000.0,16000.0,26000.0,13000.0,12000.0,22000.0,48000.0,13666.67,21.9512,0.000213,29000.0,6.2069,0.000138,23900.0,3.7657,7e-05,21066.67,2.8481,5.1e-05,20000.0,2.25,3.9e-05,19600.0,1.5306,2.6e-05
20261002,4747,強生*,63000.0,33000.0,86000.0,33000.0,36000.0,40000.0,42000.0,63000.0,18000.0,23000.0,80000.0,20000.0,32000.0,108000.0,46000.0,58000.0,54000.0,49000.0,61000.0,78000.0,275000.0,96000.0,134000.0,,,,,,,156000.0,60666.67,34.6154,0.001488,50200.0,25.0996,0.000963,43700.0,14.4165,0.00049,48200.0,8.7137,0.000356,51150.0,6.1584,0.000274,70166.67,3.7411,0.000184
20261002,4749,新應材,1676000.0,641000.0,818000.0,995000.0,398000.0,586000.0,510000.0,460000.0,741000.0,351000.0,263000.0,207000.0,376000.0,868000.0,340000.0,656000.0,703000.0,1072000.0,1261000.0,531000.0,689000.0,582000.0,756000.0,693000.0,673000.0,323000.0,264000.0,195000.0,283000.0,322000.0,1045000.0,53.4609,0.039594,905600.0,37.0141,0.025626,717600.0,23.3556,0.013023,615333.33,18.1582,0.009464,672650.0,12.4582,0.00729,607766.67,9.1921,0.004882
20261002,4754,國碳科,27000.0,8000.0,44000.0,23000.0,12000.0,54000.0,29000.0,4000.0,17000.0,10000.0,7000.0,27000.0,8000.0,36000.0,12000.0,99000.0,27000.0,4000.0,12000.0,39000.0,16000.0,45000.0,64000.0,69000.0,23000.0,15000.0,19000.0,16000.0,17000.0,37000.0,26333.33,34.1772,0.000638,22800.0,23.6842,0.000413,22800.0,11.8421,0.00021,21200.0,8.4906,0.000152,24950.0,5.4108,0.000117,27333.33,3.2927,7.9e-05
20261002,4760,勤凱,792000.0,848000.0,111000.0,231000.0,289000.0,175000.0,496000.0,232000.0,235000.0,224000.0,147000.0,353000.0,306000.0,245000.0,231000.0,496000.0,832000.0,556000.0,427000.0,468000.0,421000.0,445000.0,401000.0,522000.0,345000.0,208000.0,251000.0,220000.0,234000.0,546000.0,583666.67,45.2313,0.01871,454200.0,34.8745,0.01211,363300.0,21.8002,0.006154,327666.67,16.1139,0.004472,384700.0,10.2937,0.003445,376233.33,7.0169,0.002307
20261002,4767,誠泰科技,44000.0,6000.0,6000.0,69000.0,7000.0,19000.0,3000.0,20000.0,3000.0,1000.0,8000.0,6000.0,16000.0,40000.0,4000.0,19000.0,23000.0,10000.0,30000.0,7000.0,24000.0,9000.0,18000.0,43000.0,6000.0,44000.0,19000.0,7000.0,5000.0,12000.0,18666.67,78.5714,0.001039,26400.0,33.3333,0.000673,17800.0,24.7191,0.000342,16800.0,17.4603,0.000248,17050.0,12.9032,0.000191,17600.0,8.3333,0.000128
20261002,4768,晶呈科技,1040000.0,1990000.0,2834000.0,1589000.0,603000.0,1010000.0,349000.0,525000.0,375000.0,361000.0,534000.0,225000.0,312000.0,241000.0,243000.0,207000.0,201000.0,233000.0,438000.0,225000.0,314000.0,239000.0,176000.0,460000.0,428000.0,304000.0,440000.0,949000.0,326000.0,150000.0,1954666.67,17.7353,0.024569,1611200.0,12.9096,0.015901,1067600.0,9.7415,0.008081,815400.0,8.503,0.005872,676750.0,7.6838,0.004524,577366.67,6.0043,0.003029
20261002,4772,台特化,5669000.0,918000.0,2219000.0,2677000.0,356000.0,232000.0,255000.0,340000.0,545000.0,235000.0,162000.0,235000.0,449000.0,474000.0,433000.0,533000.0,288000.0,475000.0,495000.0,814000.0,648000.0,421000.0,630000.0,858000.0,909000.0,347000.0,895000.0,639000.0,311000.0,467000.0,2935333.33,64.3766,0.133924,2367800.0,47.8841,0.086678,1344600.0,42.1612,0.04405,1013266.67,37.2985,0.032011,890200.0,31.8412,0.024658,797633.33,23.6909,0.016514
20261002,4806,桂田文創,87000.0,,,,,,43000.0,26000.0,4000.0,7000.0,1000.0,,33000.0,18000.0,2000.0,5000.0,15000.0,10000.0,20000.0,21000.0,2000.0,15000.0,1000.0,6000.0,3000.0,1000.0,11000.0,18000.0,1000.0,1000.0,87000.0,100.0,0.002055,87000.0,100.0,0.00133,33400.0,52.0958,0.000676,24555.56,39.3665,0.000491,20857.14,29.7945,0.000378,14625.0,24.7863,0.000253
20261002,4903,聯光通,10462000.0,6940000.0,3403000.0,6300000.0,5340000.0,11588000.0,18405000.0,3143000.0,2301000.0,470000.0,544000.0,834000.0,2302000.0,1312000.0,535000.0,493000.0,528000.0,696000.0,1024000.0,1853000.0,2522000.0,1204000.0,406000.0,790000.0,778000.0,693000.0,615000.0,336000.0,338000.0,413000.0,6935000.0,50.286,0.247154,6489000.0,32.2453,0.159962,6835200.0,15.3061,0.081294,4925266.67,14.161,0.059075,3923650.0,13.332,0.045506,2885600.0,12.0853,0.030476
20261002,4905,台聯電,239000.0,215000.0,37000.0,11000.0,15000.0,3000.0,14000.0,25000.0,14000.0,21000.0,52000.0,49000.0,32000.0,49000.0,24000.0,22000.0,12000.0,47000.0,18000.0,45000.0,24000.0,60000.0,66000.0,25000.0,39000.0,32000.0,44000.0,47000.0,120000.0,192000.0,163666.67,48.6762,0.005646,103400.0,46.2282,0.003654,59400.0,40.2357,0.001857,53333.33,29.875,0.00135,47200.0,25.3178,0.00104,53100.0,15.0031,0.000696
20261002,4907,富宇,98000.0,17000.0,23000.0,14000.0,28000.0,37000.0,34000.0,27000.0,181000.0,11000.0,19000.0,52000.0,79000.0,76000.0,62000.0,190000.0,124000.0,194000.0,26000.0,53000.0,49000.0,61000.0,79000.0,34000.0,137000.0,70000.0,187000.0,93000.0,51000.0,40000.0,46000.0,71.0145,0.002315,36000.0,54.4444,0.001498,47000.0,20.8511,0.000762,50533.33,12.9288,0.000553,67250.0,7.2862,0.000426,71533.33,4.5666,0.000285
20261002,4908,前鼎,2693000.0,1068000.0,1262000.0,1222000.0,2573000.0,3835000.0,3017000.0,4282000.0,7631000.0,10187000.0,10761000.0,7655000.0,4042000.0,6619000.0,14247000.0,2885000.0,1855000.0,1347000.0,1723000.0,2615000.0,17280000.0,1982000.0,8988000.0,11089000.0,11260000.0,10245000.0,827000.0,829000.0,785000.0,894000.0,1674333.33,53.6134,0.063619,1763600.0,30.5398,0.041175,3777000.0,7.13,0.020926,5406266.67,3.3208,0.015206,4575950.0,2.9426,0.011714,5189933.33,1.7296,0.007845
20261002,4909,新復興,369000.0,193000.0,367000.0,703000.0,94000.0,213000.0,241000.0,372000.0,271000.0,389000.0,212000.0,266000.0,265000.0,278000.0,202000.0,251000.0,383000.0,221000.0,314000.0,470000.0,241000.0,389000.0,702000.0,2175000.0,1010000.0,280000.0,130000.0,193000.0,377000.0,444000.0,309666.67,39.7201,0.008717,345200.0,21.3789,0.005642,321200.0,11.4882,0.002867,295666.67,8.3202,0.002084,303700.0,6.0751,0.001605,400500.0,3.0712,0.001075
20261002,4911,德英,17000.0,12000.0,17000.0,11000.0,2000.0,2000.0,8000.0,2000.0,13000.0,17000.0,8000.0,6000.0,7000.0,7000.0,3000.0,31000.0,21000.0,6000.0,6000.0,8000.0,26000.0,39000.0,16000.0,11000.0,16000.0,13000.0,11000.0,35000.0,52000.0,32000.0,15333.33,36.9565,0.000402,11800.0,28.8136,0.00026,10100.0,16.8317,0.000132,8800.0,12.8788,9.6e-05,10200.0,8.3333,7.4e-05,15166.67,3.7363,5e-05
20261002,4923,力士,6519000.0,2798000.0,658000.0,939000.0,3058000.0,3464000.0,1416000.0,3154000.0,1855000.0,382000.0,378000.0,263000.0,227000.0,384000.0,622000.0,1341000.0,771000.0,294000.0,139000.0,264000.0,127000.0,273000.0,251000.0,739000.0,1036000.0,364000.0,111000.0,224000.0,204000.0,639000.0,3325000.0,65.3534,0.154005,2794400.0,46.6576,0.099674,2424300.0,26.8902,0.050655,1741133.33,24.9608,0.03681,1446300.0,22.5368,0.028355,1096466.67,19.8182,0.01899
20261002,4924,欣厚-KY,304000.0,592000.0,437000.0,674000.0,527000.0,1722000.0,559000.0,775000.0,582000.0,361000.0,1067000.0,483000.0,251000.0,290000.0,329000.0,210000.0,822000.0,238000.0,436000.0,276000.0,2000.0,19000.0,10000.0,39000.0,42000.0,16000.0,5000.0,28000.0,4000.0,20000.0,444333.33,22.8057,0.007182,506800.0,11.9968,0.004648,653300.0,4.6533,0.002362,596866.67,3.3955,0.001717,546750.0,2.7801,0.001322,370666.67,2.7338,0.000886
20261002,4931,新盛力,3775000.0,2818000.0,8627000.0,6580000.0,1261000.0,1457000.0,5175000.0,4228000.0,2231000.0,2997000.0,2135000.0,1787000.0,2450000.0,2540000.0,3633000.0,6877000.0,3857000.0,2727000.0,3596000.0,4261000.0,4457000.0,5176000.0,12361000.0,13320000.0,11252000.0,10193000.0,8014000.0,2221000.0,1997000.0,2009000.0,5073333.33,24.8029,0.089181,4612200.0,16.3696,0.057719,3914900.0,9.6426,0.029333,3446266.67,7.3026,0.021316,3650600.0,5.1704,0.01642,4800400.0,2.6213,0.010996
20261002,4933,友輝,26000.0,51000.0,63000.0,15000.0,31000.0,40000.0,105000.0,101000.0,50000.0,47000.0,41000.0,26000.0,47000.0,68000.0,60000.0,186000.0,64000.0,49000.0,37000.0,53000.0,29000.0,48000.0,66000.0,70000.0,83000.0,122000.0,44000.0,64000.0,25000.0,39000.0,46666.67,18.5714,0.000614,37200.0,13.9785,0.000398,52900.0,4.9149,0.000202,51400.0,3.3722,0.000147,58000.0,2.2414,0.000113,58333.33,1.4857,7.6e-05
20261002,4939,亞電,4982000.0,15461000.0,10725000.0,2986000.0,4150000.0,3558000.0,5723000.0,5280000.0,4398000.0,7406000.0,7128000.0,7857000.0,9622000.0,23133000.0,16846000.0,2977000.0,3832000.0,7740000.0,3655000.0,5544000.0,4022000.0,4835000.0,30560000.0,81605000.0,19807000.0,30887000.0,24498000.0,25219000.0,21786000.0,7892000.0,10389333.33,15.9843,0.117695,7660800.0,13.0065,0.076174,6466900.0,7.7038,0.038712,8617000.0,3.8544,0.028131,7650150.0,3.2561,0.02167,13470466.67,1.2328,0.014512
20261002,4946,辣椒,12000.0,9000.0,17000.0,32000.0,25000.0,66000.0,32000.0,16000.0,9000.0,6000.0,26000.0,2000.0,8000.0,13000.0,32000.0,7000.0,28000.0,23000.0,7000.0,11000.0,6000.0,21000.0,7000.0,22000.0,12000.0,4000.0,29000.0,34000.0,53000.0,55000.0,12666.67,31.5789,0.000283,19000.0,12.6316,0.000183,22400.0,5.3571,9.3e-05,20333.33,3.9344,6.8e-05,19050.0,3.1496,5.2e-05,20800.0,1.9231,3.5e-05
20261002,4950,金耘國際,13000.0,12000.0,9000.0,4000.0,1000.0,23000.0,16000.0,19000.0,15000.0,30000.0,24000.0,65000.0,8000.0,13000.0,19000.0,17000.0,10000.0,,25000.0,21000.0,5000.0,2000.0,6000.0,14000.0,27000.0,,11000.0,11000.0,7000.0,21000.0,11333.33,38.2353,0.000307,7800.0,33.3333,0.000199,14200.0,9.1549,0.000101,18066.67,4.797,7.3e-05,18105.26,3.7791,5.7e-05,16000.0,2.9018,3.8e-05
20261002,4951,精拓科,184000.0,250000.0,534000.0,337000.0,687000.0,1528000.0,4159000.0,258000.0,776000.0,389000.0,119000.0,181000.0,256000.0,534000.0,148000.0,292000.0,149000.0,103000.0,141000.0,163000.0,134000.0,127000.0,373000.0,246000.0,95000.0,140000.0,99000.0,85000.0,83000.0,244000.0,322666.67,19.0083,0.004347,398400.0,9.2369,0.002813,910200.0,2.0215,0.00143,689333.33,1.7795,0.001039,559400.0,1.6446,0.0008,427133.33,1.4359,0.000536
20261002,4953,緯致,188000.0,100000.0,144000.0,130000.0,127000.0,280000.0,312000.0,329000.0,299000.0,287000.0,294000.0,700000.0,461000.0,220000.0,155000.0,155000.0,175000.0,196000.0,175000.0,293000.0,173000.0,151000.0,135000.0,289000.0,151000.0,97000.0,97000.0,111000.0,76000.0,176000.0,144000.0,43.5185,0.004441,137800.0,27.2859,0.002874,219600.0,8.561,0.001461,268400.0,4.6696,0.001062,251000.0,3.745,0.000818,215866.67,2.903,0.000548
20261002,4966,譜瑞-KY,194000.0,217000.0,308000.0,220000.0,437000.0,730000.0,1100000.0,660000.0,787000.0,856000.0,298000.0,225000.0,255000.0,303000.0,339000.0,326000.0,664000.0,230000.0,230000.0,930000.0,455000.0,626000.0,481000.0,926000.0,675000.0,739000.0,560000.0,453000.0,973000.0,1516000.0,239666.67,26.9819,0.004583,275200.0,14.0988,0.002966,550900.0,3.5215,0.001507,461933.33,2.7998,0.001095,465450.0,2.084,0.000844,557100.0,1.1608,0.000565
20261002,4971,IET-KY,1766000.0,663000.0,869000.0,581000.0,677000.0,1166000.0,1214000.0,1573000.0,2134000.0,2995000.0,2213000.0,1399000.0,1378000.0,1562000.0,1612000.0,2392000.0,1885000.0,2012000.0,4905000.0,8356000.0,8383000.0,5343000.0,794000.0,404000.0,681000.0,493000.0,3327000.0,5067000.0,4969000.0,4193000.0,1099333.33,53.5476,0.04172,911200.0,38.7621,0.027002,1363800.0,12.9491,0.013723,1453466.67,8.1002,0.009972,2067600.0,4.2707,0.007681,2500200.0,2.3545,0.005144
20261002,4972,湯石照明,9000.0,22000.0,13000.0,8000.0,10000.0,32000.0,8000.0,43000.0,29000.0,4000.0,14000.0,7000.0,26000.0,19000.0,5000.0,1000.0,4000.0,37000.0,20000.0,15000.0,8000.0,14000.0,19000.0,18000.0,14000.0,7000.0,17000.0,12000.0,6000.0,10000.0,14666.67,20.4545,0.000213,12400.0,14.5161,0.000138,17800.0,5.0562,7e-05,16600.0,3.6145,5.1e-05,16300.0,2.7607,3.9e-05,15033.33,1.9956,2.6e-05
20261002,4973,廣穎,358000.0,332000.0,386000.0,297000.0,481000.0,656000.0,483000.0,490000.0,544000.0,452000.0,380000.0,511000.0,547000.0,1314000.0,695000.0,714000.0,782000.0,633000.0,720000.0,1584000.0,735000.0,683000.0,864000.0,1136000.0,1135000.0,938000.0,2466000.0,3484000.0,1213000.0,916000.0,358666.67,33.2714,0.008457,370800.0,19.3096,0.005474,447900.0,7.9929,0.002782,528400.0,4.5168,0.002021,617950.0,2.8967,0.001557,864300.0,1.3807,0.001043
20261002,4974,亞泰,71000.0,49000.0,73000.0,41000.0,51000.0,67000.0,70000.0,77000.0,108000.0,64000.0,36000.0,48000.0,61000.0,127000.0,370000.0,658000.0,116000.0,180000.0,215000.0,152000.0,483000.0,80000.0,44000.0,118000.0,126000.0,98000.0,99000.0,109000.0,131000.0,81000.0,64333.33,36.7876,0.001677,57000.0,24.9123,0.001086,67100.0,10.5812,0.000552,87533.33,5.4075,0.000401,131700.0,2.6955,0.000309,133433.33,1.7737,0.000207
20261002,4979,華星光,1240000.0,980000.0,615000.0,921000.0,8532000.0,7144000.0,11366000.0,14408000.0,9561000.0,917000.0,1024000.0,1726000.0,966000.0,1772000.0,8587000.0,15851000.0,12521000.0,15293000.0,18513000.0,2518000.0,2615000.0,2039000.0,2001000.0,2414000.0,28800000.0,26773000.0,13197000.0,18675000.0,1486000.0,1266000.0,945000.0,43.739,0.029294,2457600.0,10.0911,0.018959,5568400.0,2.2269,0.009635,4650600.0,1.7775,0.007002,6722750.0,0.9222,0.005394,7790700.0,0.5305,0.003612
20261002,4991,環宇-KY,8135000.0,2081000.0,5006000.0,4165000.0,3067000.0,5308000.0,5427000.0,8007000.0,7333000.0,3647000.0,4127000.0,2828000.0,3429000.0,4002000.0,784000.0,710000.0,635000.0,543000.0,1118000.0,12932000.0,5659000.0,8989000.0,5904000.0,9170000.0,7838000.0,4931000.0,4340000.0,8590000.0,1346000.0,941000.0,5074000.0,53.4424,0.192181,4490800.0,36.2296,0.124383,5217600.0,15.5915,0.063212,4489733.33,12.0794,0.045935,4164200.0,9.7678,0.035384,4699733.33,5.7698,0.023697
20261002,4995,晶達,57000.0,7000.0,57000.0,50000.0,7000.0,32000.0,5000.0,7000.0,26000.0,21000.0,1000.0,19000.0,76000.0,19000.0,24000.0,13000.0,7000.0,39000.0,27000.0,36000.0,16000.0,18000.0,5000.0,38000.0,9000.0,50000.0,3000.0,23000.0,10000.0,1000.0,40333.33,47.1074,0.001347,35600.0,32.0225,0.000872,26900.0,21.1896,0.000443,27200.0,13.9706,0.000322,26500.0,10.7547,0.000248,23433.33,8.1081,0.000166
20261002,5009,榮剛,1052000.0,1851000.0,6137000.0,1480000.0,700000.0,546000.0,918000.0,931000.0,1723000.0,815000.0,626000.0,1410000.0,1883000.0,1270000.0,973000.0,1448000.0,1338000.0,1352000.0,1402000.0,1290000.0,1393000.0,3644000.0,1763000.0,1669000.0,1007000.0,1175000.0,2184000.0,4747000.0,4308000.0,1089000.0,3013333.33,11.6372,0.024852,2244000.0,9.3761,0.016085,1615300.0,6.5127,0.008174,1487666.67,4.7143,0.00594,1457250.0,3.6095,0.004576,1737466.67,2.0183,0.003064
20261002,5011,久陽,1102000.0,115000.0,281000.0,183000.0,142000.0,388000.0,319000.0,126000.0,212000.0,80000.0,90000.0,153000.0,83000.0,101000.0,139000.0,149000.0,339000.0,111000.0,73000.0,137000.0,168000.0,201000.0,430000.0,299000.0,499000.0,543000.0,63000.0,106000.0,44000.0,131000.0,499333.33,73.5648,0.026034,364600.0,60.4498,0.016849,294800.0,37.3813,0.008563,234266.67,31.3603,0.006223,216150.0,25.4916,0.004793,226900.0,16.1892,0.00321
20261002,5013,強新,596000.0,422000.0,1214000.0,1125000.0,61000.0,120000.0,243000.0,180000.0,21000.0,24000.0,28000.0,51000.0,25000.0,41000.0,149000.0,14000.0,11000.0,16000.0,47000.0,17000.0,14000.0,7000.0,20000.0,77000.0,18000.0,8000.0,18000.0,26000.0,37000.0,97000.0,744000.0,26.7025,0.01408,683600.0,17.4371,0.009113,400600.0,14.8777,0.004631,286666.67,13.8605,0.003365,220250.0,13.5301,0.002592,157566.67,12.6084,0.001736
20261002,5014,建錩,170000.0,168000.0,373000.0,540000.0,50000.0,191000.0,141000.0,83000.0,82000.0,111000.0,52000.0,92000.0,193000.0,299000.0,95000.0,303000.0,147000.0,50000.0,109000.0,232000.0,79000.0,197000.0,187000.0,306000.0,115000.0,150000.0,138000.0,222000.0,129000.0,151000.0,237000.0,23.91,0.004016,260200.0,13.0669,0.002599,190900.0,8.9052,0.001321,176000.0,6.4394,0.00096,174050.0,4.8837,0.000739,171833.33,3.2978,0.000495
20261002,5015,華祺,256000.0,31000.0,35000.0,16000.0,10000.0,29000.0,11000.0,2000.0,15000.0,2000.0,24000.0,10000.0,8000.0,1000.0,12000.0,2000.0,31000.0,43000.0,17000.0,10000.0,8000.0,31000.0,12000.0,12000.0,7000.0,55000.0,6000.0,11000.0,2000.0,5000.0,107333.33,79.5031,0.006048,69600.0,73.5632,0.003914,40700.0,62.8993,0.001989,30800.0,55.4113,0.001446,28250.0,45.3097,0.001114,23800.0,35.8543,0.000746
20261002,5016,松和,1300000.0,380000.0,137000.0,5000.0,3000.0,9000.0,10000.0,2000.0,9000.0,2000.0,5000.0,19000.0,10000.0,7000.0,,5000.0,6000.0,3000.0,1000.0,15000.0,10000.0,10000.0,17000.0,10000.0,20000.0,29000.0,3000.0,3000.0,17000.0,16000.0,605666.67,71.5465,0.030711,365000.0,71.2329,0.019877,185700.0,70.0054,0.010102,135571.43,68.4932,0.007341,101473.68,67.4274,0.005655,71137.93,63.015,0.003787
20261002,5201,凱衛,85000.0,38000.0,119000.0,30000.0,24000.0,184000.0,239000.0,125000.0,15000.0,20000.0,154000.0,184000.0,67000.0,157000.0,205000.0,431000.0,210000.0,150000.0,150000.0,52000.0,34000.0,23000.0,18000.0,71000.0,37000.0,51000.0,17000.0,22000.0,51000.0,49000.0,80666.67,35.124,0.002008,59200.0,28.7162,0.0013,87900.0,9.6701,0.00066,109733.33,5.164,0.00048,131950.0,3.2209,0.00037,100400.0,2.822,0.000248
20261002,5202,力新,307000.0,270000.0,622000.0,459000.0,1347000.0,529000.0,1239000.0,3191000.0,4907000.0,1033000.0,4216000.0,1991000.0,1026000.0,340000.0,58000.0,84000.0,64000.0,67000.0,90000.0,69000.0,103000.0,76000.0,93000.0,111000.0,122000.0,148000.0,138000.0,101000.0,90000.0,142000.0,399666.67,25.6047,0.007253,601000.0,10.2163,0.004694,1390400.0,2.208,0.002386,1435666.67,1.4256,0.001734,1095450.0,1.4013,0.001335,767766.67,1.3329,0.000894
20261002,5205,中茂,49000.0,7000.0,12000.0,,6000.0,,3000.0,12000.0,,,1000.0,1000.0,4000.0,7000.0,,1000.0,1000.0,5000.0,,4000.0,,1000.0,,1000.0,5000.0,1000.0,1000.0,10000.0,1000.0,6000.0,22666.67,72.0588,0.001158,18500.0,66.2162,0.000749,14833.33,55.0562,0.000381,10200.0,48.0392,0.000277,8071.43,43.3628,0.000213,6318.18,35.2518,0.000143
20261002,5206,坤悅,43000.0,82000.0,128000.0,95000.0,59000.0,115000.0,290000.0,402000.0,545000.0,174000.0,318000.0,1193000.0,103000.0,115000.0,129000.0,83000.0,130000.0,274000.0,108000.0,160000.0,84000.0,195000.0,411000.0,131000.0,220000.0,368000.0,271000.0,190000.0,329000.0,52000.0,84333.33,16.996,0.001016,81400.0,10.5651,0.000657,193300.0,2.2245,0.000334,252733.33,1.1343,0.000243,227300.0,0.9459,0.000187,226566.67,0.6326,0.000125
20261002,5209,新鼎,136000.0,104000.0,37000.0,52000.0,75000.0,51000.0,100000.0,192000.0,90000.0,181000.0,120000.0,121000.0,371000.0,560000.0,406000.0,244000.0,74000.0,58000.0,86000.0,73000.0,36000.0,90000.0,41000.0,47000.0,33000.0,66000.0,89000.0,46000.0,60000.0,23000.0,92333.33,49.0975,0.003213,80800.0,33.6634,0.002079,101800.0,13.3595,0.001057,173066.67,5.2388,0.000768,156550.0,4.3437,0.000592,122066.67,3.7138,0.000396
20261002,5210,寶碩,154000.0,148000.0,241000.0,341000.0,149000.0,204000.0,288000.0,174000.0,634000.0,111000.0,28000.0,64000.0,267000.0,337000.0,574000.0,117000.0,154000.0,230000.0,60000.0,168000.0,93000.0,135000.0,60000.0,106000.0,122000.0,241000.0,56000.0,51000.0,146000.0,78000.0,181000.0,28.361,0.003638,206600.0,14.908,0.002355,244400.0,6.3011,0.001197,247600.0,4.1465,0.00087,222150.0,3.4661,0.00067,184366.67,2.7843,0.000449
20261002,5211,蒙恬,24000.0,138000.0,19000.0,2000.0,7000.0,9000.0,17000.0,25000.0,27000.0,21000.0,50000.0,64000.0,26000.0,44000.0,222000.0,519000.0,11000.0,11000.0,3000.0,5000.0,6000.0,17000.0,4000.0,9000.0,45000.0,12000.0,18000.0,15000.0,16000.0,16000.0,60333.33,13.2597,0.000567,38000.0,12.6316,0.000367,28900.0,8.3045,0.000186,46333.33,3.4532,0.000136,62200.0,1.9293,0.000104,46733.33,1.7118,7e-05
20261002,5212,凌網,9000.0,21000.0,20000.0,21000.0,8000.0,7000.0,21000.0,3000.0,36000.0,34000.0,4000.0,14000.0,18000.0,30000.0,5000.0,6000.0,8000.0,14000.0,7000.0,6000.0,9000.0,10000.0,2000.0,15000.0,10000.0,4000.0,10000.0,6000.0,3000.0,,16666.67,18.0,0.000213,15800.0,11.3924,0.000138,18000.0,5.0,7e-05,16733.33,3.5857,5.1e-05,14600.0,3.0822,3.9e-05,12448.28,2.4931,2.6e-05
20261002,5213,亞昕,97000.0,147000.0,57000.0,108000.0,134000.0,91000.0,103000.0,267000.0,597000.0,122000.0,176000.0,103000.0,190000.0,225000.0,264000.0,216000.0,424000.0,122000.0,81000.0,199000.0,105000.0,277000.0,135000.0,122000.0,131000.0,107000.0,191000.0,280000.0,170000.0,271000.0,100333.33,32.2259,0.002292,108600.0,17.8637,0.001483,172300.0,5.6297,0.000754,178733.33,3.6181,0.000548,186150.0,2.6054,0.000422,183733.33,1.7598,0.000283
20261002,5220,萬達光電,199000.0,830000.0,1471000.0,453000.0,41000.0,54000.0,44000.0,22000.0,14000.0,13000.0,8000.0,18000.0,13000.0,54000.0,7000.0,40000.0,16000.0,21000.0,14000.0,50000.0,1000.0,5000.0,21000.0,8000.0,44000.0,19000.0,18000.0,15000.0,8000.0,16000.0,833333.33,7.96,0.004701,598800.0,6.6466,0.003043,314100.0,6.3356,0.001546,216066.67,6.1401,0.001124,169100.0,5.8841,0.000866,117900.0,5.6262,0.00058
20261002,5223,安力-KY,8000.0,8000.0,1000.0,3000.0,6000.0,8000.0,7000.0,19000.0,5000.0,6000.0,8000.0,9000.0,13000.0,6000.0,5000.0,29000.0,28000.0,23000.0,6000.0,143000.0,104000.0,18000.0,3000.0,9000.0,1000.0,5000.0,13000.0,1000.0,6000.0,12000.0,5666.67,47.0588,0.000189,5200.0,30.7692,0.000122,7100.0,11.2676,6.2e-05,7466.67,7.1429,4.5e-05,17050.0,2.346,3.5e-05,17100.0,1.5595,2.3e-05
20261002,5227,立凱-KY,575000.0,245000.0,441000.0,243000.0,179000.0,124000.0,262000.0,174000.0,311000.0,604000.0,780000.0,170000.0,154000.0,169000.0,306000.0,394000.0,248000.0,213000.0,223000.0,188000.0,95000.0,197000.0,161000.0,349000.0,243000.0,177000.0,203000.0,184000.0,458000.0,632000.0,420333.33,45.5987,0.013584,336600.0,34.1652,0.008792,315800.0,18.2077,0.004468,315800.0,12.1385,0.003247,300150.0,9.5785,0.002501,290066.67,6.6077,0.001675
20261002,5228,鈺鎧,2047000.0,631000.0,89000.0,63000.0,87000.0,88000.0,178000.0,135000.0,186000.0,187000.0,130000.0,151000.0,132000.0,197000.0,175000.0,344000.0,344000.0,780000.0,344000.0,223000.0,183000.0,182000.0,311000.0,453000.0,223000.0,160000.0,108000.0,147000.0,259000.0,336000.0,922333.33,73.979,0.048358,583400.0,70.1748,0.031298,369100.0,55.4592,0.015906,298400.0,45.7328,0.011559,325550.0,31.4391,0.008904,295766.67,23.07,0.005963
20261002,5230,雷笛克光學,838000.0,780000.0,1601000.0,1546000.0,2238000.0,2235000.0,1152000.0,2992000.0,2549000.0,141000.0,336000.0,160000.0,143000.0,261000.0,189000.0,738000.0,1791000.0,105000.0,103000.0,96000.0,135000.0,32000.0,63000.0,77000.0,119000.0,269000.0,49000.0,45000.0,74000.0,78000.0,1073000.0,26.0329,0.019797,1400600.0,11.9663,0.012813,1607200.0,5.214,0.006512,1144066.67,4.8832,0.004732,999700.0,4.1913,0.003645,697833.33,4.0029,0.002441
20261002,5245,智晶,108000.0,139000.0,248000.0,56000.0,154000.0,153000.0,167000.0,123000.0,70000.0,132000.0,77000.0,67000.0,11000.0,80000.0,53000.0,36000.0,18000.0,32000.0,33000.0,38000.0,46000.0,38000.0,15000.0,20000.0,32000.0,35000.0,20000.0,11000.0,17000.0,,165000.0,21.8182,0.002551,141000.0,15.3191,0.001651,135000.0,8.0,0.000839,109200.0,6.5934,0.00061,89750.0,6.0167,0.00047,69965.52,5.3228,0.000315
20261002,5251,天鉞電,65000.0,82000.0,67000.0,109000.0,243000.0,209000.0,405000.0,741000.0,1421000.0,541000.0,2190000.0,673000.0,415000.0,24000.0,32000.0,36000.0,53000.0,26000.0,38000.0,62000.0,37000.0,26000.0,44000.0,50000.0,36000.0,48000.0,29000.0,22000.0,21000.0,15000.0,71333.33,30.3738,0.001536,113200.0,11.4841,0.000994,388300.0,1.674,0.000505,481133.33,0.9007,0.000367,371600.0,0.8746,0.000283,258666.67,0.8376,0.000189
20261002,5263,智崴,91000.0,128000.0,198000.0,231000.0,138000.0,129000.0,94000.0,279000.0,157000.0,166000.0,104000.0,363000.0,234000.0,898000.0,152000.0,223000.0,181000.0,195000.0,738000.0,257000.0,92000.0,156000.0,397000.0,386000.0,851000.0,298000.0,218000.0,687000.0,121000.0,120000.0,139000.0,21.8225,0.00215,157200.0,11.5776,0.001391,161100.0,5.6487,0.000707,224133.33,2.7067,0.000514,247800.0,1.8362,0.000396,276066.67,1.0988,0.000265
20261002,5272,笙科,62000.0,135000.0,544000.0,49000.0,30000.0,37000.0,76000.0,119000.0,30000.0,46000.0,65000.0,61000.0,38000.0,34000.0,26000.0,69000.0,81000.0,58000.0,69000.0,31000.0,30000.0,129000.0,45000.0,36000.0,31000.0,34000.0,53000.0,60000.0,93000.0,39000.0,247000.0,8.3671,0.001465,164000.0,7.561,0.000948,112800.0,5.4965,0.000482,90133.33,4.5858,0.00035,83000.0,3.7349,0.00027,73666.67,2.8054,0.000181
20261002,5274,信驊,122000.0,114000.0,206000.0,229000.0,172000.0,234000.0,328000.0,131000.0,226000.0,167000.0,163000.0,113000.0,208000.0,206000.0,226000.0,399000.0,424000.0,461000.0,219000.0,523000.0,672000.0,434000.0,358000.0,316000.0,295000.0,210000.0,182000.0,153000.0,233000.0,424000.0,147333.33,27.6018,0.002882,168600.0,14.4721,0.001865,192900.0,6.3245,0.000948,189666.67,4.2882,0.000689,243550.0,2.5046,0.000531,271600.0,1.4973,0.000355
20261002,5276,達輝-KY,2000.0,7000.0,10000.0,,2000.0,,1000.0,,3000.0,,1000.0,1000.0,,,1000.0,,1000.0,2000.0,2000.0,,2000.0,4000.0,,7000.0,1000.0,2000.0,68000.0,34000.0,23000.0,13000.0,6333.33,10.5263,4.7e-05,5250.0,9.5238,3.1e-05,4166.67,8.0,1.6e-05,3111.11,7.1429,1.1e-05,2750.0,6.0606,9e-06,8904.76,1.0695,6e-06
20261002,5278,尚凡*,100000.0,98000.0,93000.0,47000.0,59000.0,50000.0,157000.0,37000.0,30000.0,146000.0,196000.0,43000.0,34000.0,25000.0,21000.0,57000.0,63000.0,69000.0,69000.0,27000.0,29000.0,45000.0,56000.0,47000.0,106000.0,247000.0,41000.0,90000.0,19000.0,67000.0,97000.0,34.3643,0.002362,79400.0,25.1889,0.001529,81700.0,12.2399,0.000777,75733.33,8.8028,0.000565,71050.0,7.0373,0.000435,72266.67,4.6125,0.000291
20261002,5287,數字,105000.0,116000.0,24000.0,60000.0,31000.0,22000.0,77000.0,44000.0,182000.0,56000.0,15000.0,26000.0,28000.0,49000.0,26000.0,92000.0,47000.0,62000.0,43000.0,44000.0,107000.0,63000.0,68000.0,142000.0,364000.0,182000.0,64000.0,42000.0,61000.0,38000.0,81666.67,42.8571,0.002481,67200.0,31.25,0.001605,71700.0,14.6444,0.000816,57400.0,12.1951,0.000593,57450.0,9.1384,0.000457,76000.0,4.6053,0.000306
20261002,5289,宜鼎,762000.0,438000.0,815000.0,820000.0,878000.0,1940000.0,874000.0,1107000.0,1206000.0,894000.0,822000.0,912000.0,889000.0,1271000.0,1769000.0,1056000.0,1885000.0,1496000.0,1231000.0,1605000.0,1229000.0,1445000.0,1505000.0,1879000.0,1226000.0,1433000.0,3263000.0,2959000.0,1946000.0,2096000.0,671666.67,37.8164,0.018001,742600.0,20.5225,0.011651,973400.0,7.8282,0.005921,1026466.67,4.949,0.004303,1133500.0,3.3613,0.003314,1388366.67,1.8295,0.00222
20261002,5291,邑昇,266000.0,319000.0,661000.0,210000.0,354000.0,192000.0,188000.0,254000.0,240000.0,551000.0,212000.0,457000.0,437000.0,471000.0,659000.0,1692000.0,553000.0,857000.0,1555000.0,1424000.0,1708000.0,2650000.0,2617000.0,5668000.0,3858000.0,1230000.0,445000.0,294000.0,786000.0,599000.0,415333.33,21.3483,0.006284,362000.0,14.6961,0.004067,323500.0,8.2226,0.002067,364733.33,4.862,0.001502,577600.0,2.3026,0.001157,1046900.0,0.8469,0.000775
20261002,5299,杰力,355000.0,248000.0,437000.0,150000.0,320000.0,588000.0,138000.0,126000.0,180000.0,163000.0,132000.0,53000.0,144000.0,104000.0,151000.0,125000.0,352000.0,142000.0,110000.0,263000.0,122000.0,113000.0,232000.0,554000.0,361000.0,341000.0,136000.0,151000.0,263000.0,653000.0,346666.67,34.1346,0.008387,302000.0,23.5099,0.005428,270500.0,13.1238,0.002758,219266.67,10.7936,0.002005,214050.0,8.2925,0.001544,240233.33,4.9258,0.001034
20261002,5301,寶得利,,,,25000.0,87000.0,7000.0,52000.0,83000.0,7000.0,78000.0,34000.0,40000.0,29000.0,22000.0,27000.0,14000.0,15000.0,59000.0,31000.0,10000.0,3000.0,7000.0,13000.0,6000.0,23000.0,91000.0,12000.0,,,19000.0,,,,56000.0,,,48428.57,,,40916.67,,,36470.59,,,31760.0,,
20261002,5302,太欣,409000.0,88000.0,159000.0,143000.0,47000.0,243000.0,218000.0,201000.0,137000.0,154000.0,200000.0,184000.0,215000.0,416000.0,551000.0,800000.0,189000.0,231000.0,566000.0,344000.0,174000.0,248000.0,294000.0,210000.0,159000.0,142000.0,209000.0,240000.0,394000.0,324000.0,218666.67,62.3476,0.009662,169200.0,48.3452,0.006254,179900.0,22.7349,0.003178,224333.33,12.1545,0.002309,274750.0,7.4431,0.001779,262966.67,5.1844,0.001191
20261002,5309,系統電,14789000.0,16323000.0,21584000.0,12794000.0,1782000.0,535000.0,948000.0,901000.0,837000.0,549000.0,720000.0,516000.0,888000.0,703000.0,790000.0,678000.0,1628000.0,843000.0,786000.0,1135000.0,859000.0,949000.0,857000.0,1580000.0,3630000.0,837000.0,560000.0,588000.0,732000.0,1451000.0,17565333.33,28.0647,0.349375,13454400.0,21.9839,0.226121,7104200.0,20.8173,0.114917,4977266.67,19.8087,0.083507,3986450.0,18.5491,0.064327,3059066.67,16.1149,0.04308
20261002,5310,天剛,131000.0,8000.0,40000.0,287000.0,293000.0,49000.0,38000.0,89000.0,17000.0,21000.0,12000.0,9000.0,10000.0,,15000.0,2000.0,12000.0,6000.0,,,1000.0,1000.0,,5000.0,2000.0,6000.0,15000.0,7000.0,15000.0,11000.0,59666.67,73.1844,0.003095,151800.0,17.2596,0.002003,97300.0,13.4635,0.001018,72785.71,12.8557,0.00074,61117.65,12.6083,0.00057,42384.62,11.8875,0.000382
20261002,5312,寶島科,14000.0,18000.0,27000.0,7000.0,7000.0,26000.0,3000.0,19000.0,13000.0,21000.0,10000.0,6000.0,13000.0,20000.0,11000.0,15000.0,16000.0,13000.0,8000.0,4000.0,8000.0,40000.0,18000.0,21000.0,9000.0,24000.0,43000.0,40000.0,47000.0,63000.0,19666.67,23.7288,0.000331,14600.0,19.1781,0.000214,15500.0,9.0323,0.000109,14333.33,6.5116,7.9e-05,13550.0,5.1661,6.1e-05,19466.67,2.3973,4.1e-05
20261002,5314,世紀*,31279000.0,80735000.0,10014000.0,9198000.0,7882000.0,11929000.0,26665000.0,133941000.0,123120000.0,27762000.0,14628000.0,6682000.0,11039000.0,18969000.0,38015000.0,49416000.0,10137000.0,6644000.0,3534000.0,4315000.0,3888000.0,5256000.0,11603000.0,22104000.0,3103000.0,1455000.0,1336000.0,1841000.0,4007000.0,11013000.0,40676000.0,25.6326,0.738934,27821600.0,22.4854,0.47825,46252500.0,6.7627,0.243051,36790533.33,5.6679,0.17662,31295200.0,4.9974,0.136052,23050333.33,4.5233,0.091115
20261002,5315,光聯,114000.0,93000.0,84000.0,129000.0,66000.0,141000.0,339000.0,484000.0,129000.0,458000.0,160000.0,72000.0,156000.0,155000.0,379000.0,380000.0,301000.0,124000.0,275000.0,194000.0,813000.0,103000.0,114000.0,198000.0,357000.0,78000.0,57000.0,94000.0,148000.0,189000.0,97000.0,39.1753,0.002693,97200.0,23.4568,0.001743,203700.0,5.5965,0.000886,197266.67,3.8527,0.000644,211650.0,2.6931,0.000496,212800.0,1.7857,0.000332
20261002,5321,美而快,144000.0,503000.0,202000.0,210000.0,163000.0,225000.0,373000.0,332000.0,359000.0,514000.0,972000.0,714000.0,429000.0,1570000.0,1062000.0,375000.0,320000.0,571000.0,349000.0,609000.0,1230000.0,1810000.0,1606000.0,718000.0,852000.0,548000.0,754000.0,1151000.0,660000.0,760000.0,283000.0,16.9611,0.003402,244400.0,11.784,0.002202,302500.0,4.7603,0.001119,518133.33,1.8528,0.000813,499800.0,1.4406,0.000626,669500.0,0.717,0.000419
20261002,5324,士開,113000.0,43000.0,175000.0,25000.0,33000.0,69000.0,113000.0,235000.0,114000.0,172000.0,124000.0,238000.0,255000.0,113000.0,200000.0,125000.0,254000.0,188000.0,73000.0,357000.0,167000.0,194000.0,272000.0,267000.0,352000.0,127000.0,258000.0,171000.0,188000.0,406000.0,110333.33,34.139,0.00267,77800.0,29.0488,0.001728,109200.0,10.348,0.000878,134800.0,5.5885,0.000638,150950.0,3.743,0.000492,180700.0,2.0845,0.000329
20261002,5328,華容,27223000.0,13572000.0,1682000.0,1707000.0,2472000.0,2244000.0,2700000.0,2185000.0,1682000.0,2104000.0,2858000.0,3684000.0,3268000.0,6312000.0,3101000.0,1968000.0,2232000.0,3339000.0,6351000.0,3299000.0,2555000.0,5099000.0,5295000.0,16123000.0,7178000.0,4068000.0,5100000.0,4566000.0,8034000.0,12628000.0,14159000.0,64.0888,0.643115,9331200.0,58.3483,0.416234,5757100.0,47.286,0.211534,5119600.0,35.4494,0.153717,4699150.0,28.9659,0.11841,5487633.33,16.536,0.0793
20261002,5340,建榮,1391000.0,768000.0,943000.0,692000.0,737000.0,1296000.0,4317000.0,1578000.0,3629000.0,2328000.0,3299000.0,2657000.0,5649000.0,6425000.0,5236000.0,9074000.0,3306000.0,1574000.0,1631000.0,3306000.0,3508000.0,2532000.0,5862000.0,4600000.0,4567000.0,5013000.0,1565000.0,2380000.0,4118000.0,1255000.0,1034000.0,44.842,0.032861,906200.0,30.6996,0.021268,1767900.0,7.8681,0.010809,2729666.67,3.3972,0.007854,2991800.0,2.3247,0.00605,3174533.33,1.4606,0.004052
20261002,5344,立衛,73000.0,93000.0,209000.0,48000.0,106000.0,205000.0,53000.0,31000.0,132000.0,25000.0,28000.0,8000.0,21000.0,10000.0,58000.0,22000.0,38000.0,14000.0,47000.0,22000.0,7000.0,24000.0,10000.0,13000.0,19000.0,87000.0,37000.0,43000.0,28000.0,2000.0,125000.0,19.4667,0.001725,105800.0,13.7996,0.001116,97500.0,7.4872,0.000567,73333.33,6.6364,0.000412,62150.0,5.8729,0.000318,50433.33,4.8249,0.000213
20261002,5345,馥鴻,11000.0,10000.0,11000.0,9000.0,,7000.0,1000.0,6000.0,3000.0,3000.0,8000.0,7000.0,22000.0,23000.0,33000.0,4000.0,2000.0,11000.0,3000.0,19000.0,7000.0,2000.0,9000.0,14000.0,20000.0,33000.0,8000.0,22000.0,12000.0,17000.0,10666.67,34.375,0.00026,10250.0,26.8293,0.000168,6777.78,18.0328,8.5e-05,11000.0,7.1429,6.2e-05,10157.89,5.6995,4.8e-05,11620.69,3.2641,3.2e-05
20261002,5347,世界,13690000.0,23227000.0,23437000.0,33705000.0,10707000.0,12571000.0,31910000.0,15804000.0,32000000.0,30492000.0,7070000.0,8697000.0,6639000.0,8798000.0,20342000.0,13750000.0,12514000.0,13776000.0,4754000.0,9756000.0,7328000.0,9438000.0,13236000.0,21592000.0,10776000.0,11276000.0,11935000.0,4112000.0,9032000.0,20632000.0,20118000.0,22.6828,0.323412,20953200.0,13.0672,0.209317,22754300.0,6.0164,0.106377,18605933.33,4.9052,0.077302,16681950.0,4.1032,0.059546,15099866.67,3.0221,0.039879
20261002,5348,正能量智能,1000.0,2000.0,2000.0,3000.0,6000.0,11000.0,1000.0,1000.0,6000.0,4000.0,9000.0,11000.0,3000.0,1000.0,1000.0,1000.0,1000.0,2000.0,3000.0,1000.0,1000.0,1000.0,4000.0,13000.0,4000.0,1000.0,1000.0,1000.0,2000.0,4000.0,1666.67,20.0,2.4e-05,2800.0,7.1429,1.5e-05,3700.0,2.7027,8e-06,4133.33,1.6129,6e-06,3500.0,1.4286,4e-06,3400.0,0.9804,3e-06
20261002,5351,鈺創,16424000.0,5415000.0,7445000.0,3356000.0,6899000.0,6639000.0,6940000.0,9444000.0,10599000.0,7430000.0,5815000.0,6211000.0,6228000.0,10798000.0,6340000.0,8941000.0,29848000.0,15412000.0,12109000.0,25041000.0,10487000.0,16078000.0,12299000.0,9923000.0,10966000.0,14416000.0,19772000.0,20168000.0,29029000.0,33687000.0,9761333.33,56.0852,0.388,7907800.0,41.5387,0.25112,8059100.0,20.3794,0.127621,7732200.0,14.1607,0.09274,10366700.0,7.9215,0.071438,12805300.0,4.2753,0.047843
20261002,5353,台林,55000.0,34000.0,39000.0,15000.0,17000.0,42000.0,89000.0,148000.0,57000.0,20000.0,31000.0,24000.0,64000.0,38000.0,22000.0,27000.0,17000.0,39000.0,29000.0,59000.0,41000.0,45000.0,18000.0,14000.0,21000.0,43000.0,26000.0,28000.0,13000.0,21000.0,42666.67,42.9688,0.001299,32000.0,34.375,0.000841,51600.0,10.6589,0.000427,46333.33,7.9137,0.000311,43300.0,6.351,0.000239,37866.67,4.8415,0.00016
20261002,5355,佳總,190000.0,76000.0,103000.0,175000.0,48000.0,90000.0,127000.0,88000.0,124000.0,228000.0,499000.0,499000.0,79000.0,40000.0,32000.0,51000.0,107000.0,126000.0,65000.0,72000.0,24000.0,78000.0,174000.0,88000.0,109000.0,59000.0,34000.0,62000.0,71000.0,34000.0,123000.0,51.4905,0.004489,118400.0,32.0946,0.002905,124900.0,15.2122,0.001476,159866.67,7.9233,0.001073,140950.0,6.74,0.000826,118400.0,5.3491,0.000553
20261002,5356,協益,36000.0,33000.0,30000.0,141000.0,40000.0,58000.0,53000.0,37000.0,56000.0,44000.0,48000.0,20000.0,9000.0,17000.0,37000.0,45000.0,96000.0,67000.0,19000.0,46000.0,15000.0,56000.0,33000.0,50000.0,76000.0,59000.0,37000.0,27000.0,15000.0,38000.0,33000.0,36.3636,0.00085,56000.0,12.8571,0.00055,52800.0,6.8182,0.00028,43933.33,5.4628,0.000203,46600.0,3.8627,0.000157,44600.0,2.6906,0.000105
20261002,5364,力麗店,28000.0,13000.0,10000.0,21000.0,17000.0,109000.0,44000.0,32000.0,31000.0,7000.0,37000.0,50000.0,37000.0,16000.0,30000.0,27000.0,8000.0,45000.0,260000.0,54000.0,15000.0,61000.0,150000.0,41000.0,13000.0,22000.0,35000.0,52000.0,37000.0,22000.0,17000.0,54.902,0.000661,17800.0,31.4607,0.000428,31200.0,8.9744,0.000218,32133.33,5.8091,0.000158,43800.0,3.1963,0.000122,44133.33,2.1148,8.2e-05
20261002,5371,中光電,,,,,,,,,,,,,,,,,,,,,,,,,,,,2078000.0,4316000.0,7822000.0,,,,,,,,,,,,,,,,4738666.67,,
20261002,5381,光譜,743000.0,409000.0,305000.0,191000.0,240000.0,138000.0,333000.0,480000.0,315000.0,234000.0,177000.0,239000.0,214000.0,634000.0,446000.0,392000.0,621000.0,405000.0,372000.0,594000.0,481000.0,1035000.0,683000.0,2709000.0,1043000.0,486000.0,330000.0,245000.0,281000.0,275000.0,485666.67,50.9952,0.017553,377600.0,39.3538,0.01136,338800.0,21.9303,0.005773,339866.67,14.5743,0.004195,374100.0,9.9305,0.003232,501666.67,4.9369,0.002164
20261002,5386,青雲,637000.0,308000.0,706000.0,335000.0,457000.0,608000.0,829000.0,751000.0,933000.0,1497000.0,1244000.0,2239000.0,2709000.0,8779000.0,2883000.0,671000.0,466000.0,558000.0,853000.0,1768000.0,1437000.0,1701000.0,3699000.0,2550000.0,582000.0,571000.0,879000.0,1374000.0,627000.0,833000.0,550333.33,38.5827,0.015048,488600.0,26.0745,0.00974,706100.0,9.0214,0.00495,1661000.0,2.5567,0.003597,1461550.0,2.1792,0.002771,1449466.67,1.4649,0.001856
20261002,5392,能率,483000.0,698000.0,632000.0,377000.0,479000.0,527000.0,675000.0,542000.0,812000.0,487000.0,453000.0,483000.0,618000.0,509000.0,622000.0,621000.0,1294000.0,1190000.0,1205000.0,2201000.0,1092000.0,1647000.0,2408000.0,3005000.0,4031000.0,3468000.0,935000.0,1672000.0,1666000.0,3284000.0,604333.33,26.6409,0.01141,533800.0,18.0967,0.007385,571200.0,8.4559,0.003753,559800.0,5.7521,0.002727,745400.0,3.2399,0.002101,1270533.33,1.2672,0.001407
20261002,5398,慕康生醫,100000.0,33000.0,26000.0,38000.0,8000.0,3000.0,10000.0,33000.0,81000.0,16000.0,7000.0,15000.0,70000.0,76000.0,127000.0,34000.0,225000.0,258000.0,20000.0,184000.0,30000.0,112000.0,43000.0,27000.0,49000.0,27000.0,12000.0,112000.0,125000.0,86000.0,53000.0,62.8931,0.002362,41000.0,48.7805,0.001529,34800.0,28.7356,0.000777,42866.67,15.5521,0.000565,68200.0,7.3314,0.000435,66233.33,5.0327,0.000291
20261002,5403,中菲,24000.0,20000.0,33000.0,27000.0,13000.0,7000.0,19000.0,27000.0,15000.0,26000.0,29000.0,31000.0,54000.0,27000.0,32000.0,28000.0,32000.0,52000.0,30000.0,13000.0,33000.0,99000.0,63000.0,22000.0,39000.0,16000.0,27000.0,12000.0,21000.0,17000.0,25666.67,31.1688,0.000567,23400.0,20.5128,0.000367,21100.0,11.3744,0.000186,25600.0,6.25,0.000136,26950.0,4.4527,0.000104,29600.0,2.7027,7e-05
20261002,5410,國眾,188000.0,108000.0,240000.0,113000.0,103000.0,114000.0,307000.0,107000.0,170000.0,117000.0,118000.0,198000.0,475000.0,1473000.0,119000.0,204000.0,216000.0,223000.0,101000.0,175000.0,147000.0,251000.0,176000.0,158000.0,319000.0,225000.0,254000.0,284000.0,167000.0,146000.0,178666.67,35.0746,0.004441,150400.0,25.0,0.002874,156700.0,11.9974,0.001461,263333.33,4.7595,0.001062,243450.0,3.8612,0.000818,233200.0,2.6872,0.000548
20261002,5425,台半,21594000.0,11965000.0,6999000.0,6511000.0,9955000.0,21118000.0,9070000.0,3155000.0,7140000.0,14436000.0,25123000.0,14639000.0,13189000.0,5502000.0,5352000.0,3554000.0,5507000.0,10655000.0,10310000.0,21301000.0,6004000.0,13265000.0,10039000.0,49158000.0,41549000.0,26209000.0,11105000.0,19146000.0,27915000.0,43941000.0,13519333.33,53.2423,0.510136,11404800.0,37.8683,0.330168,11194300.0,19.2902,0.167794,11716533.33,12.2869,0.121932,11353750.0,9.5096,0.093926,15846866.67,4.5422,0.062903
20261002,5426,振發,1066000.0,408000.0,300000.0,251000.0,222000.0,245000.0,491000.0,601000.0,564000.0,875000.0,732000.0,254000.0,338000.0,338000.0,333000.0,605000.0,436000.0,472000.0,560000.0,819000.0,1320000.0,2303000.0,3324000.0,923000.0,781000.0,597000.0,1592000.0,364000.0,263000.0,309000.0,591333.33,60.0902,0.025183,449400.0,47.441,0.016299,502300.0,21.2224,0.008283,467866.67,15.1895,0.006019,495500.0,10.7568,0.004637,722866.67,4.9156,0.003105
20261002,5432,新門,323000.0,257000.0,70000.0,77000.0,368000.0,250000.0,70000.0,364000.0,238000.0,36000.0,39000.0,55000.0,22000.0,62000.0,193000.0,182000.0,173000.0,528000.0,134000.0,172000.0,70000.0,214000.0,282000.0,345000.0,170000.0,59000.0,370000.0,136000.0,202000.0,332000.0,216666.67,49.6923,0.007631,219000.0,29.4977,0.004939,205300.0,15.7331,0.00251,161600.0,13.3251,0.001824,180650.0,8.9399,0.001405,193100.0,5.5757,0.000941
20261002,5438,東友,19000.0,46000.0,189000.0,54000.0,35000.0,185000.0,32000.0,55000.0,45000.0,37000.0,29000.0,24000.0,46000.0,27000.0,23000.0,38000.0,20000.0,24000.0,31000.0,18000.0,27000.0,18000.0,76000.0,25000.0,44000.0,17000.0,27000.0,41000.0,26000.0,58000.0,84666.67,7.4803,0.000449,68600.0,5.5394,0.000291,69700.0,2.726,0.000148,56400.0,2.2459,0.000107,48850.0,1.9447,8.3e-05,44533.33,1.4222,5.5e-05
20261002,5439,高技,925000.0,1555000.0,2547000.0,489000.0,753000.0,1248000.0,1438000.0,913000.0,956000.0,1224000.0,665000.0,922000.0,1065000.0,1522000.0,1502000.0,1361000.0,1137000.0,1871000.0,1593000.0,2076000.0,2471000.0,5236000.0,7265000.0,4726000.0,4882000.0,2038000.0,1316000.0,2565000.0,2887000.0,1344000.0,1675666.67,18.4006,0.021852,1253800.0,14.7551,0.014143,1204800.0,7.6776,0.007188,1181600.0,5.2189,0.005223,1288100.0,3.5906,0.004023,2016400.0,1.5291,0.002695
20261002,5443,均豪,1629000.0,2944000.0,5723000.0,2039000.0,884000.0,1321000.0,1298000.0,928000.0,1628000.0,2680000.0,757000.0,943000.0,930000.0,1350000.0,1227000.0,3011000.0,5468000.0,7288000.0,2199000.0,2474000.0,3185000.0,6092000.0,3656000.0,3315000.0,1127000.0,798000.0,697000.0,444000.0,702000.0,933000.0,3432000.0,15.8217,0.038483,2643800.0,12.3232,0.024907,2107400.0,7.7299,0.012658,1752066.67,6.1984,0.009198,2336050.0,3.4867,0.007086,2255666.67,2.4073,0.004745
20261002,5450,南良,133000.0,152000.0,108000.0,79000.0,54000.0,241000.0,94000.0,137000.0,88000.0,49000.0,49000.0,39000.0,64000.0,98000.0,53000.0,50000.0,67000.0,47000.0,87000.0,61000.0,103000.0,53000.0,62000.0,113000.0,110000.0,33000.0,104000.0,59000.0,26000.0,175000.0,131000.0,33.8422,0.003142,105200.0,25.2852,0.002034,113500.0,11.7181,0.001033,95866.67,9.249,0.000751,87500.0,7.6,0.000578,86266.67,5.1391,0.000387
20261002,5452,佶優,602000.0,213000.0,225000.0,175000.0,217000.0,379000.0,381000.0,701000.0,342000.0,218000.0,197000.0,244000.0,198000.0,327000.0,309000.0,476000.0,441000.0,272000.0,268000.0,326000.0,515000.0,381000.0,308000.0,436000.0,339000.0,605000.0,271000.0,243000.0,192000.0,278000.0,346666.67,57.8846,0.014222,286400.0,42.0391,0.009204,345300.0,17.4341,0.004678,315200.0,12.7327,0.003399,325550.0,9.2459,0.002618,335966.67,5.9728,0.001754
20261002,5455,昇益,,,,2000.0,1000.0,1000.0,1000.0,5000.0,7000.0,8000.0,3000.0,3000.0,2000.0,,9000.0,1000.0,16000.0,11000.0,8000.0,1000.0,1000.0,1000.0,5000.0,6000.0,1000.0,5000.0,,3000.0,1000.0,3000.0,,,,1500.0,,,3571.43,,,3818.18,,,4937.5,,,4200.0,,
20261002,5457,宣德,473000.0,396000.0,544000.0,517000.0,412000.0,485000.0,761000.0,2435000.0,4497000.0,258000.0,408000.0,622000.0,693000.0,711000.0,216000.0,259000.0,380000.0,263000.0,144000.0,260000.0,204000.0,401000.0,255000.0,374000.0,536000.0,283000.0,275000.0,204000.0,179000.0,311000.0,471000.0,33.4749,0.011174,468400.0,20.1964,0.007232,1077800.0,4.3886,0.003675,895200.0,3.5225,0.002671,736700.0,3.2103,0.002057,591866.67,2.6639,0.001378
20261002,5460,同協,167000.0,30000.0,60000.0,10000.0,47000.0,38000.0,50000.0,68000.0,103000.0,172000.0,50000.0,19000.0,43000.0,89000.0,76000.0,262000.0,976000.0,35000.0,11000.0,32000.0,27000.0,18000.0,166000.0,43000.0,67000.0,24000.0,36000.0,26000.0,15000.0,37000.0,85666.67,64.9805,0.003945,62800.0,53.1847,0.002553,74500.0,22.4161,0.001298,68133.33,16.3405,0.000943,116900.0,7.1429,0.000726,93233.33,5.9707,0.000486
20261002,5464,霖宏,524000.0,567000.0,470000.0,1016000.0,369000.0,531000.0,387000.0,515000.0,1024000.0,2268000.0,1171000.0,724000.0,966000.0,1127000.0,4380000.0,1659000.0,2246000.0,756000.0,211000.0,375000.0,169000.0,319000.0,237000.0,338000.0,1006000.0,524000.0,546000.0,392000.0,325000.0,301000.0,520333.33,33.5682,0.012379,589200.0,17.7868,0.008012,767100.0,6.8309,0.004072,1069266.67,3.267,0.002959,1064300.0,2.4617,0.002279,848100.0,2.0595,0.001526
20261002,5465,富驊,625000.0,1236000.0,1745000.0,3224000.0,2076000.0,2126000.0,6470000.0,658000.0,465000.0,62000.0,127000.0,40000.0,48000.0,120000.0,40000.0,67000.0,56000.0,30000.0,75000.0,61000.0,35000.0,93000.0,29000.0,51000.0,31000.0,45000.0,19000.0,36000.0,51000.0,84000.0,1202000.0,17.3322,0.014765,1781200.0,7.0177,0.009556,1868700.0,3.3446,0.004857,1270800.0,3.2788,0.003529,967550.0,3.2298,0.002719,660833.33,3.1526,0.001821
20261002,5468,凱鈺,125000.0,139000.0,214000.0,192000.0,94000.0,71000.0,204000.0,221000.0,143000.0,113000.0,120000.0,138000.0,229000.0,258000.0,1100000.0,333000.0,126000.0,110000.0,77000.0,150000.0,145000.0,234000.0,291000.0,203000.0,184000.0,201000.0,258000.0,120000.0,251000.0,418000.0,159333.33,26.1506,0.002953,152800.0,16.3613,0.001911,151600.0,8.2454,0.000971,224066.67,3.7191,0.000706,207850.0,3.007,0.000544,215400.0,1.9344,0.000364
20261002,5474,聰泰,125000.0,161000.0,209000.0,107000.0,123000.0,138000.0,348000.0,580000.0,512000.0,289000.0,88000.0,109000.0,129000.0,132000.0,307000.0,133000.0,214000.0,153000.0,112000.0,147000.0,86000.0,53000.0,75000.0,68000.0,103000.0,144000.0,139000.0,165000.0,171000.0,606000.0,165000.0,25.2525,0.002953,145000.0,17.2414,0.001911,259200.0,4.8225,0.000971,223800.0,3.7236,0.000706,205800.0,3.0369,0.000544,190866.67,2.183,0.000364
20261002,5475,德宏,2710000.0,2202000.0,3866000.0,2480000.0,2770000.0,2280000.0,8701000.0,2252000.0,7812000.0,7461000.0,5394000.0,3566000.0,4592000.0,8126000.0,3837000.0,5675000.0,2998000.0,4316000.0,5443000.0,6874000.0,4974000.0,6204000.0,9008000.0,18108000.0,10967000.0,2123000.0,2138000.0,1378000.0,1353000.0,2410000.0,2926000.0,30.8726,0.064021,2805600.0,19.3185,0.041435,4253400.0,6.3714,0.021058,4536600.0,3.9824,0.015302,4667750.0,2.9029,0.011787,5067266.67,1.7827,0.007894
20261002,5478,智冠,48000.0,23000.0,27000.0,28000.0,25000.0,38000.0,45000.0,46000.0,39000.0,58000.0,29000.0,40000.0,45000.0,29000.0,44000.0,38000.0,102000.0,79000.0,64000.0,70000.0,42000.0,66000.0,58000.0,107000.0,79000.0,49000.0,50000.0,32000.0,42000.0,86000.0,32666.67,48.9796,0.001134,30200.0,31.7881,0.000734,37700.0,12.7321,0.000373,37600.0,8.5106,0.000271,45850.0,5.2345,0.000209,50933.33,3.1414,0.00014
20261002,5481,新華,217000.0,46000.0,419000.0,65000.0,138000.0,148000.0,120000.0,223000.0,128000.0,589000.0,607000.0,178000.0,102000.0,163000.0,51000.0,55000.0,255000.0,215000.0,139000.0,348000.0,261000.0,258000.0,159000.0,315000.0,474000.0,402000.0,284000.0,379000.0,485000.0,370000.0,227333.33,31.8182,0.005126,177000.0,24.5198,0.003318,209300.0,10.3679,0.001686,212933.33,6.794,0.001225,210300.0,5.1593,0.000944,253100.0,2.8579,0.000632
20261002,5483,中美晶,47109000.0,56653000.0,36608000.0,12956000.0,18361000.0,41028000.0,32636000.0,11238000.0,19121000.0,18401000.0,8853000.0,12020000.0,6937000.0,7384000.0,5043000.0,4633000.0,10331000.0,10637000.0,10727000.0,17401000.0,8396000.0,15884000.0,15309000.0,17749000.0,11550000.0,13444000.0,32784000.0,25828000.0,16998000.0,17758000.0,46790000.0,33.5606,1.112902,34337400.0,27.4389,0.720288,29411100.0,16.0174,0.366057,22289866.67,14.0898,0.266005,19403850.0,12.1391,0.204906,18792566.67,8.356,0.137227
20261002,5487,通泰,31000.0,15000.0,113000.0,9000.0,80000.0,98000.0,56000.0,31000.0,30000.0,13000.0,23000.0,32000.0,8000.0,20000.0,39000.0,92000.0,74000.0,91000.0,171000.0,12000.0,14000.0,34000.0,72000.0,31000.0,93000.0,90000.0,71000.0,93000.0,89000.0,75000.0,53000.0,19.4969,0.000732,49600.0,12.5,0.000474,47600.0,6.5126,0.000241,39866.67,5.1839,0.000175,51900.0,2.9865,0.000135,56666.67,1.8235,9e-05
20261002,5488,松普,1131000.0,154000.0,156000.0,104000.0,96000.0,239000.0,285000.0,146000.0,231000.0,502000.0,95000.0,186000.0,161000.0,193000.0,173000.0,585000.0,209000.0,197000.0,198000.0,361000.0,212000.0,645000.0,451000.0,255000.0,180000.0,231000.0,212000.0,301000.0,284000.0,356000.0,480333.33,78.4872,0.026719,328200.0,68.9214,0.017293,304400.0,37.1551,0.008788,256800.0,29.3614,0.006386,270100.0,20.9367,0.004919,284300.0,13.2606,0.003295
20261002,5489,彩富,92000.0,36000.0,34000.0,69000.0,108000.0,63000.0,268000.0,269000.0,21000.0,25000.0,76000.0,47000.0,42000.0,25000.0,10000.0,15000.0,21000.0,19000.0,45000.0,31000.0,43000.0,60000.0,35000.0,37000.0,46000.0,23000.0,96000.0,30000.0,49000.0,104000.0,54000.0,56.7901,0.002173,67800.0,27.1386,0.001407,98500.0,9.3401,0.000715,79000.0,7.7637,0.000519,65800.0,6.9909,0.0004,61300.0,5.0027,0.000268
20261002,5490,同亨,163000.0,265000.0,118000.0,213000.0,142000.0,131000.0,358000.0,253000.0,225000.0,159000.0,135000.0,259000.0,242000.0,380000.0,339000.0,321000.0,272000.0,807000.0,532000.0,1543000.0,440000.0,398000.0,571000.0,647000.0,508000.0,392000.0,431000.0,882000.0,659000.0,572000.0,182000.0,29.8535,0.003851,180200.0,18.091,0.002492,202700.0,8.0414,0.001267,225466.67,4.8196,0.00092,342850.0,2.3771,0.000709,411900.0,1.3191,0.000475
20261002,5493,三聯,69000.0,101000.0,109000.0,200000.0,353000.0,328000.0,362000.0,391000.0,80000.0,37000.0,16000.0,28000.0,35000.0,77000.0,176000.0,35000.0,41000.0,48000.0,65000.0,111000.0,103000.0,113000.0,377000.0,369000.0,211000.0,110000.0,35000.0,39000.0,28000.0,33000.0,93000.0,24.7312,0.00163,166400.0,8.2933,0.001055,203000.0,3.399,0.000536,157466.67,2.9213,0.00039,133100.0,2.592,0.0003,136000.0,1.6912,0.000201
20261002,5498,凱崴,3927000.0,871000.0,1041000.0,799000.0,636000.0,966000.0,1242000.0,1442000.0,814000.0,1377000.0,811000.0,667000.0,709000.0,1221000.0,861000.0,1004000.0,1138000.0,3074000.0,1189000.0,2471000.0,1948000.0,3837000.0,7707000.0,6537000.0,2227000.0,4485000.0,1880000.0,4222000.0,1617000.0,1174000.0,1946333.33,67.2547,0.092771,1454800.0,53.9868,0.060043,1311500.0,29.9428,0.030514,1158933.33,22.5897,0.022174,1313000.0,14.9543,0.017081,2063133.33,6.3447,0.011439
20261002,5508,永信建,336000.0,133000.0,224000.0,203000.0,189000.0,296000.0,283000.0,505000.0,2561000.0,557000.0,197000.0,153000.0,266000.0,109000.0,197000.0,130000.0,243000.0,427000.0,341000.0,339000.0,289000.0,178000.0,155000.0,205000.0,190000.0,177000.0,138000.0,240000.0,295000.0,202000.0,231000.0,48.4848,0.007938,217000.0,30.9677,0.005137,528700.0,6.3552,0.002611,413933.33,5.4115,0.001897,384450.0,4.3699,0.001461,325266.67,3.4433,0.000979
20261002,5511,德昌,44000.0,211000.0,119000.0,87000.0,115000.0,65000.0,89000.0,40000.0,107000.0,69000.0,55000.0,92000.0,50000.0,101000.0,135000.0,121000.0,279000.0,128000.0,143000.0,241000.0,83000.0,77000.0,122000.0,135000.0,29000.0,95000.0,117000.0,157000.0,228000.0,139000.0,124666.67,11.7647,0.001039,115200.0,7.6389,0.000673,94600.0,4.6512,0.000342,91933.33,3.1907,0.000248,114550.0,1.9206,0.000191,115766.67,1.2669,0.000128
20261002,5512,力麒,553000.0,242000.0,517000.0,482000.0,167000.0,476000.0,628000.0,1317000.0,994000.0,283000.0,256000.0,632000.0,441000.0,290000.0,302000.0,565000.0,936000.0,295000.0,441000.0,918000.0,436000.0,521000.0,475000.0,374000.0,426000.0,792000.0,469000.0,937000.0,370000.0,193000.0,437333.33,42.1494,0.013064,392200.0,28.1999,0.008455,565900.0,9.772,0.004297,505333.33,7.2955,0.003123,536750.0,5.1514,0.002405,524266.67,3.516,0.001611
20261002,5514,三豐,11000.0,13000.0,9000.0,1000.0,3000.0,21000.0,5000.0,2000.0,15000.0,2000.0,2000.0,4000.0,6000.0,11000.0,28000.0,309000.0,14000.0,5000.0,10000.0,16000.0,6000.0,32000.0,281000.0,7000.0,13000.0,9000.0,16000.0,18000.0,20000.0,26000.0,11000.0,33.3333,0.00026,7400.0,29.7297,0.000168,8200.0,13.4146,8.5e-05,8866.67,8.2707,6.2e-05,24350.0,2.2587,4.8e-05,30500.0,1.2022,3.2e-05
20261002,5516,雙喜,1000.0,4000.0,4000.0,3000.0,1000.0,2000.0,4000.0,28000.0,22000.0,14000.0,11000.0,7000.0,42000.0,19000.0,3000.0,6000.0,1000.0,18000.0,8000.0,11000.0,21000.0,19000.0,20000.0,10000.0,6000.0,28000.0,16000.0,76000.0,29000.0,54000.0,3000.0,11.1111,2.4e-05,2600.0,7.6923,1.5e-05,8300.0,1.2048,8e-06,11000.0,0.6061,6e-06,10450.0,0.4785,4e-06,16266.67,0.2049,3e-06
20261002,5520,力泰,1000.0,1000.0,,2000.0,1000.0,1000.0,4000.0,,1000.0,,1000.0,12000.0,4000.0,3000.0,5000.0,,2000.0,19000.0,,,10000.0,8000.0,23000.0,14000.0,2000.0,,1000.0,3000.0,2000.0,,1000.0,50.0,2.4e-05,1250.0,20.0,1.5e-05,1571.43,9.0909,8e-06,3000.0,2.7778,6e-06,4071.43,1.7544,4e-06,5454.55,0.8333,3e-06
20261002,5523,豐謙,5000.0,66000.0,24000.0,19000.0,3000.0,60000.0,27000.0,2000.0,6000.0,4000.0,,18000.0,27000.0,2000.0,8000.0,2000.0,,,27000.0,34000.0,26000.0,,4000.0,9000.0,7000.0,23000.0,2000.0,12000.0,7000.0,,31666.67,5.2632,0.000118,23400.0,4.2735,7.6e-05,21600.0,2.3148,3.9e-05,19357.14,1.845,2.8e-05,19647.06,1.497,2.2e-05,16960.0,1.1792,1.5e-05
20261002,5529,鉅陞,115000.0,82000.0,151000.0,157000.0,62000.0,138000.0,98000.0,81000.0,175000.0,52000.0,94000.0,774000.0,108000.0,93000.0,49000.0,58000.0,82000.0,168000.0,217000.0,248000.0,41000.0,184000.0,95000.0,220000.0,79000.0,173000.0,73000.0,111000.0,142000.0,30000.0,116000.0,33.046,0.002717,113400.0,20.2822,0.001758,111100.0,10.351,0.000894,148600.0,5.1593,0.000649,150100.0,3.8308,0.0005,138333.33,2.7711,0.000335
20261002,5530,龍巖,169000.0,64000.0,190000.0,157000.0,76000.0,349000.0,187000.0,207000.0,279000.0,61000.0,114000.0,100000.0,110000.0,185000.0,132000.0,205000.0,180000.0,176000.0,150000.0,214000.0,155000.0,301000.0,285000.0,485000.0,201000.0,295000.0,420000.0,228000.0,371000.0,311000.0,141000.0,39.9527,0.003992,131200.0,25.7622,0.002584,173900.0,9.7182,0.001313,158666.67,7.1008,0.000954,165250.0,5.1135,0.000735,211900.0,2.6585,0.000492
20261002,5536,聖暉*,1733000.0,1979000.0,1430000.0,655000.0,692000.0,1246000.0,2103000.0,778000.0,857000.0,343000.0,188000.0,392000.0,231000.0,509000.0,506000.0,547000.0,586000.0,731000.0,524000.0,1112000.0,1230000.0,651000.0,761000.0,803000.0,374000.0,876000.0,550000.0,736000.0,3437000.0,2219000.0,1714000.0,33.7028,0.04094,1297800.0,26.7067,0.026497,1181600.0,14.6666,0.013466,909466.67,12.7034,0.009786,857100.0,10.1097,0.007538,959300.0,6.0218,0.005048
20261002,5543,桓鼎-KY,1000.0,7000.0,9000.0,15000.0,2000.0,9000.0,10000.0,6000.0,19000.0,11000.0,21000.0,13000.0,10000.0,26000.0,6000.0,3000.0,5000.0,15000.0,10000.0,2000.0,4000.0,22000.0,43000.0,158000.0,106000.0,17000.0,4000.0,4000.0,8000.0,4000.0,5666.67,5.8824,2.4e-05,6800.0,2.9412,1.5e-05,8900.0,1.1236,8e-06,11000.0,0.6061,6e-06,10000.0,0.5,4e-06,19000.0,0.1754,3e-06
20261002,5547,久舜,10000.0,13000.0,27000.0,18000.0,19000.0,28000.0,29000.0,29000.0,23000.0,26000.0,17000.0,10000.0,11000.0,41000.0,24000.0,41000.0,104000.0,12000.0,7000.0,11000.0,27000.0,24000.0,36000.0,4000.0,10000.0,21000.0,10000.0,2000.0,33000.0,8000.0,16666.67,20.0,0.000236,17400.0,11.4943,0.000153,22200.0,4.5045,7.8e-05,21666.67,3.0769,5.6e-05,25000.0,2.0,4.3e-05,22500.0,1.4815,2.9e-05
20261002,5548,安倉,15000.0,74000.0,41000.0,11000.0,15000.0,27000.0,23000.0,32000.0,32000.0,16000.0,18000.0,9000.0,12000.0,1000.0,4000.0,17000.0,16000.0,10000.0,3000.0,6000.0,8000.0,20000.0,9000.0,17000.0,20000.0,9000.0,13000.0,6000.0,4000.0,4000.0,43333.33,11.5385,0.000354,31200.0,9.6154,0.000229,28600.0,5.2448,0.000117,22000.0,4.5455,8.5e-05,19100.0,3.9267,6.5e-05,16400.0,3.0488,4.4e-05
20261002,5601,台聯櫃,3000.0,5000.0,,5000.0,5000.0,,25000.0,10000.0,,,26000.0,,10000.0,17000.0,,,15000.0,11000.0,6000.0,16000.0,,,,6000.0,20000.0,13000.0,11000.0,,4000.0,11000.0,4000.0,37.5,7.1e-05,4500.0,16.6667,4.6e-05,8833.33,5.6604,2.3e-05,11777.78,2.8302,1.7e-05,11846.15,1.9481,1.3e-05,11526.32,1.3699,9e-06
20261002,5603,陸海,46000.0,149000.0,84000.0,41000.0,33000.0,51000.0,37000.0,63000.0,465000.0,77000.0,28000.0,46000.0,85000.0,176000.0,114000.0,55000.0,201000.0,37000.0,107000.0,150000.0,61000.0,46000.0,78000.0,37000.0,52000.0,143000.0,400000.0,698000.0,106000.0,81000.0,93000.0,16.4875,0.001087,70600.0,13.0312,0.000703,104600.0,4.3977,0.000357,99666.67,3.0769,0.00026,102250.0,2.2494,0.0002,124900.0,1.2276,0.000134
20261002,5604,中連,15000.0,2000.0,10000.0,13000.0,9000.0,15000.0,9000.0,17000.0,15000.0,6000.0,1000.0,9000.0,13000.0,6000.0,5000.0,7000.0,7000.0,59000.0,6000.0,7000.0,18000.0,19000.0,32000.0,9000.0,13000.0,2000.0,4000.0,20000.0,4000.0,6000.0,9000.0,55.5556,0.000354,9800.0,30.6122,0.000229,11100.0,13.5135,0.000117,9666.67,10.3448,8.5e-05,11550.0,6.4935,6.5e-05,11933.33,4.1899,4.4e-05
20261002,5609,中菲行,69000.0,62000.0,121000.0,103000.0,34000.0,44000.0,38000.0,93000.0,135000.0,47000.0,23000.0,81000.0,134000.0,142000.0,199000.0,98000.0,119000.0,112000.0,44000.0,75000.0,65000.0,119000.0,74000.0,97000.0,99000.0,183000.0,345000.0,388000.0,144000.0,193000.0,84000.0,27.381,0.00163,77800.0,17.7378,0.001055,74600.0,9.2493,0.000536,88333.33,5.2075,0.00039,88650.0,3.8917,0.0003,116000.0,1.9828,0.000201
20261002,5701,劍湖山,55000.0,39000.0,76000.0,123000.0,206000.0,186000.0,215000.0,140000.0,41000.0,72000.0,68000.0,121000.0,20000.0,94000.0,43000.0,74000.0,37000.0,51000.0,51000.0,36000.0,72000.0,86000.0,179000.0,575000.0,90000.0,64000.0,132000.0,390000.0,95000.0,48000.0,56666.67,32.3529,0.001299,99800.0,11.022,0.000841,115300.0,4.7702,0.000427,99933.33,3.6691,0.000311,87400.0,3.1465,0.000239,115966.67,1.5809,0.00016
20261002,5703,亞都,,,3000.0,,,,,2000.0,13000.0,2000.0,1000.0,,,20000.0,16000.0,3000.0,,3000.0,,4000.0,52000.0,31000.0,4000.0,10000.0,7000.0,6000.0,9000.0,9000.0,8000.0,4000.0,3000.0,,,3000.0,,,5000.0,,,8142.86,,,6700.0,,,10350.0,,
20261002,5704,老爺知,10000.0,9000.0,85000.0,6000.0,7000.0,9000.0,23000.0,69000.0,17000.0,17000.0,18000.0,28000.0,16000.0,19000.0,25000.0,9000.0,45000.0,57000.0,52000.0,32000.0,41000.0,31000.0,54000.0,79000.0,20000.0,28000.0,108000.0,122000.0,192000.0,165000.0,34666.67,9.6154,0.000236,23400.0,8.547,0.000153,25200.0,3.9683,7.8e-05,23866.67,2.7933,5.6e-05,27650.0,1.8083,4.3e-05,46433.33,0.7179,2.9e-05
20261002,5864,致和證,2438000.0,3329000.0,5176000.0,1763000.0,1935000.0,2279000.0,5955000.0,4818000.0,3022000.0,1957000.0,1326000.0,1842000.0,2357000.0,4772000.0,1723000.0,3170000.0,2892000.0,3071000.0,2138000.0,2585000.0,2374000.0,2569000.0,2668000.0,4109000.0,2696000.0,2125000.0,2668000.0,1822000.0,2122000.0,2505000.0,3647666.67,22.2791,0.057595,2928200.0,16.6519,0.037277,3267200.0,7.462,0.018944,2979466.67,5.4551,0.013766,2927400.0,4.1641,0.010604,2806866.67,2.8953,0.007102
20261002,5878,台名,5000.0,3000.0,5000.0,8000.0,2000.0,4000.0,,,4000.0,,3000.0,3000.0,1000.0,6000.0,2000.0,4000.0,3000.0,7000.0,1000.0,2000.0,9000.0,6000.0,4000.0,7000.0,1000.0,,5000.0,3000.0,5000.0,1000.0,4333.33,38.4615,0.000118,4600.0,21.7391,7.6e-05,4428.57,16.129,3.9e-05,3833.33,10.8696,2.8e-05,3705.88,7.9365,2.2e-05,4000.0,4.8077,1.5e-05
20261002,5902,德記,17000.0,9000.0,75000.0,5000.0,81000.0,116000.0,377000.0,27000.0,,11000.0,113000.0,114000.0,191000.0,40000.0,99000.0,136000.0,157000.0,164000.0,2000.0,5000.0,4000.0,4000.0,,2000.0,9000.0,14000.0,12000.0,2000.0,5000.0,6000.0,33666.67,16.8317,0.000402,37400.0,9.0909,0.00026,79777.78,2.3677,0.000132,91071.43,1.3333,9.6e-05,91526.32,0.9776,7.4e-05,64178.57,0.946,5e-05
20261002,5903,全家,13000.0,15000.0,16000.0,17000.0,42000.0,34000.0,21000.0,22000.0,13000.0,15000.0,9000.0,17000.0,12000.0,8000.0,11000.0,13000.0,14000.0,17000.0,5000.0,30000.0,6000.0,24000.0,10000.0,8000.0,27000.0,11000.0,14000.0,11000.0,10000.0,20000.0,14666.67,29.5455,0.000307,20600.0,12.6214,0.000199,20800.0,6.25,0.000101,17666.67,4.9057,7.3e-05,17200.0,3.7791,5.7e-05,16166.67,2.6804,3.8e-05
20261002,5904,寶雅*,3935000.0,3109000.0,4825000.0,4138000.0,7271000.0,4678000.0,6988000.0,4745000.0,5788000.0,12779000.0,4461000.0,3922000.0,3294000.0,5069000.0,3048000.0,4868000.0,2485000.0,3843000.0,6447000.0,9461000.0,3537000.0,7118000.0,5358000.0,5232000.0,6126000.0,4959000.0,6970000.0,7684000.0,10479000.0,21984000.0,3956333.33,33.1536,0.09296,4655600.0,16.9044,0.060165,5825600.0,6.7547,0.030577,5203333.33,5.0416,0.022219,5257700.0,3.7421,0.017116,6153366.67,2.1316,0.011463
20261002,5905,南仁湖,193000.0,223000.0,354000.0,441000.0,216000.0,330000.0,353000.0,356000.0,227000.0,142000.0,384000.0,207000.0,655000.0,535000.0,660000.0,674000.0,699000.0,446000.0,375000.0,411000.0,268000.0,266000.0,345000.0,923000.0,458000.0,391000.0,264000.0,223000.0,289000.0,230000.0,256666.67,25.0649,0.004559,285400.0,13.5249,0.002951,283500.0,6.8078,0.0015,351733.33,3.6581,0.00109,394050.0,2.4489,0.000839,384600.0,1.6727,0.000562
20261002,6015,宏遠證,1572000.0,2975000.0,2620000.0,1190000.0,1951000.0,2354000.0,3710000.0,5622000.0,3165000.0,2645000.0,1125000.0,1668000.0,1721000.0,2035000.0,1390000.0,5632000.0,5927000.0,2173000.0,2319000.0,2104000.0,908000.0,2370000.0,1594000.0,2381000.0,1508000.0,1049000.0,788000.0,870000.0,1138000.0,1004000.0,2389000.0,21.9339,0.037137,2061600.0,15.2503,0.024036,2780400.0,5.6539,0.012215,2382866.67,4.3981,0.008876,2694900.0,2.9166,0.006838,2250266.67,2.3286,0.004579
20261002,6016,康和證,2839000.0,6094000.0,5258000.0,2334000.0,3085000.0,4983000.0,6768000.0,7014000.0,4018000.0,5397000.0,2651000.0,3882000.0,3366000.0,3461000.0,4059000.0,7378000.0,11626000.0,8085000.0,6421000.0,6322000.0,6339000.0,3119000.0,3646000.0,9505000.0,3616000.0,1922000.0,1305000.0,1733000.0,2228000.0,1422000.0,4730333.33,20.0056,0.067068,3922000.0,14.4773,0.043408,4779000.0,5.9406,0.02206,4347266.67,4.3537,0.016031,5252050.0,2.7028,0.012349,4662533.33,2.0297,0.00827
20261002,6020,大展證,12000.0,6000.0,12000.0,3000.0,11000.0,36000.0,27000.0,64000.0,15000.0,91000.0,11000.0,9000.0,15000.0,20000.0,22000.0,8000.0,19000.0,11000.0,26000.0,18000.0,2000.0,18000.0,10000.0,11000.0,2000.0,10000.0,12000.0,11000.0,7000.0,8000.0,10000.0,40.0,0.000283,8800.0,27.2727,0.000183,27700.0,4.3321,9.3e-05,23600.0,3.3898,6.8e-05,21800.0,2.7523,5.2e-05,17566.67,2.277,3.5e-05
20261002,6021,美好證,52000.0,92000.0,116000.0,190000.0,182000.0,438000.0,387000.0,522000.0,426000.0,624000.0,515000.0,467000.0,619000.0,387000.0,735000.0,355000.0,740000.0,299000.0,274000.0,104000.0,119000.0,82000.0,152000.0,104000.0,80000.0,196000.0,201000.0,368000.0,82000.0,38000.0,86666.67,20.0,0.001228,126400.0,8.2278,0.000795,302900.0,1.7167,0.000404,383466.67,0.904,0.000294,376200.0,0.6911,0.000226,298200.0,0.5813,0.000151
20261002,6023,元大期,355000.0,996000.0,733000.0,434000.0,1165000.0,483000.0,262000.0,601000.0,401000.0,1537000.0,411000.0,315000.0,242000.0,359000.0,1431000.0,1939000.0,861000.0,4104000.0,358000.0,399000.0,336000.0,570000.0,1197000.0,310000.0,335000.0,648000.0,372000.0,634000.0,671000.0,283000.0,694666.67,17.0345,0.008387,736600.0,9.6389,0.005428,696700.0,5.0954,0.002758,648333.33,3.6504,0.002005,869300.0,2.0419,0.001544,758066.67,1.561,0.001034
20261002,6026,福邦證,755000.0,975000.0,1096000.0,612000.0,644000.0,1771000.0,2368000.0,2022000.0,835000.0,1712000.0,811000.0,909000.0,832000.0,810000.0,645000.0,853000.0,1373000.0,1340000.0,947000.0,1358000.0,623000.0,887000.0,837000.0,1369000.0,1719000.0,1006000.0,520000.0,574000.0,571000.0,595000.0,942000.0,26.7162,0.017836,816400.0,18.4958,0.011544,1279000.0,5.903,0.005867,1119800.0,4.4949,0.004263,1133400.0,3.3307,0.003284,1045633.33,2.4068,0.002199
20261002,6028,公勝保經,9000.0,11000.0,7000.0,19000.0,25000.0,33000.0,16000.0,8000.0,1000.0,5000.0,4000.0,12000.0,1000.0,9000.0,5000.0,5000.0,6000.0,4000.0,14000.0,19000.0,19000.0,5000.0,2000.0,11000.0,16000.0,12000.0,143000.0,24000.0,27000.0,20000.0,9000.0,33.3333,0.000213,14200.0,12.6761,0.000138,13400.0,6.7164,7e-05,11000.0,5.4545,5.1e-05,10650.0,4.2254,3.9e-05,16400.0,1.8293,2.6e-05
20261002,6101,寬魚國際,85000.0,197000.0,226000.0,72000.0,59000.0,95000.0,242000.0,253000.0,205000.0,124000.0,59000.0,368000.0,195000.0,116000.0,226000.0,321000.0,330000.0,128000.0,253000.0,313000.0,156000.0,473000.0,101000.0,242000.0,213000.0,345000.0,183000.0,188000.0,202000.0,348000.0,169333.33,16.7323,0.002008,127800.0,13.302,0.0013,155800.0,5.4557,0.00066,168133.33,3.3703,0.00048,193350.0,2.1981,0.00037,210600.0,1.3454,0.000248
20261002,6103,合邦,44000.0,14000.0,131000.0,124000.0,57000.0,57000.0,40000.0,40000.0,146000.0,28000.0,14000.0,12000.0,3000.0,13000.0,13000.0,10000.0,44000.0,42000.0,23000.0,57000.0,39000.0,28000.0,87000.0,207000.0,33000.0,12000.0,13000.0,10000.0,9000.0,,63000.0,23.2804,0.001039,74000.0,11.8919,0.000673,68100.0,6.4611,0.000342,49066.67,5.9783,0.000248,45600.0,4.8246,0.000191,46551.72,3.2593,0.000128
20261002,6104,創惟,233000.0,424000.0,412000.0,264000.0,318000.0,197000.0,357000.0,382000.0,390000.0,298000.0,170000.0,267000.0,239000.0,255000.0,268000.0,273000.0,706000.0,337000.0,275000.0,524000.0,295000.0,372000.0,631000.0,1020000.0,1482000.0,1662000.0,713000.0,742000.0,498000.0,421000.0,356333.33,21.7961,0.005504,330200.0,14.1127,0.003563,327500.0,7.1145,0.001811,298266.67,5.2079,0.001316,329450.0,3.5362,0.001013,480833.33,1.6153,0.000679
20261002,6109,亞元,125000.0,59000.0,131000.0,127000.0,36000.0,97000.0,80000.0,110000.0,65000.0,112000.0,178000.0,156000.0,57000.0,98000.0,142000.0,130000.0,140000.0,113000.0,85000.0,72000.0,94000.0,100000.0,61000.0,61000.0,74000.0,96000.0,65000.0,186000.0,39000.0,48000.0,105000.0,39.6825,0.002953,95600.0,26.1506,0.001911,94200.0,13.2696,0.000971,104866.67,7.9466,0.000706,105650.0,5.9158,0.000544,97900.0,4.256,0.000364
20261002,6111,光聚晶電,218000.0,108000.0,231000.0,200000.0,175000.0,104000.0,190000.0,133000.0,374000.0,177000.0,170000.0,139000.0,154000.0,292000.0,59000.0,72000.0,209000.0,70000.0,175000.0,166000.0,127000.0,192000.0,323000.0,131000.0,61000.0,222000.0,107000.0,32000.0,150000.0,232000.0,185666.67,39.1382,0.00515,186400.0,23.3906,0.003333,191000.0,11.4136,0.001694,181600.0,8.0029,0.001231,170800.0,6.3817,0.000948,166433.33,4.3661,0.000635
20261002,6113,亞矽,840000.0,621000.0,72000.0,26000.0,20000.0,43000.0,51000.0,80000.0,112000.0,34000.0,35000.0,38000.0,69000.0,80000.0,69000.0,116000.0,59000.0,158000.0,112000.0,112000.0,134000.0,56000.0,81000.0,48000.0,72000.0,55000.0,87000.0,73000.0,42000.0,104000.0,511000.0,54.7945,0.019844,315800.0,53.1982,0.012843,189900.0,44.2338,0.006527,146000.0,38.3562,0.004743,137350.0,30.5788,0.003654,116633.33,24.0069,0.002447
20261002,6114,久威,23000.0,,99000.0,16000.0,12000.0,27000.0,86000.0,20000.0,22000.0,4000.0,47000.0,29000.0,9000.0,33000.0,49000.0,14000.0,7000.0,9000.0,11000.0,16000.0,9000.0,10000.0,8000.0,11000.0,17000.0,27000.0,14000.0,29000.0,37000.0,291000.0,61000.0,18.8525,0.000543,37500.0,15.3333,0.000352,34333.33,7.4434,0.000179,34000.0,4.8319,0.00013,28052.63,4.3152,0.0001,34000.0,2.3327,6.7e-05
20261002,6118,建達,207000.0,852000.0,699000.0,656000.0,1118000.0,940000.0,174000.0,165000.0,50000.0,25000.0,98000.0,62000.0,63000.0,109000.0,88000.0,57000.0,49000.0,89000.0,202000.0,87000.0,92000.0,71000.0,35000.0,70000.0,49000.0,92000.0,67000.0,46000.0,122000.0,105000.0,586000.0,11.7747,0.00489,706400.0,5.8607,0.003165,488600.0,4.2366,0.001608,353733.33,3.9012,0.001169,289500.0,3.5751,0.0009,217966.67,3.1656,0.000603
20261002,6121,新普,348000.0,291000.0,389000.0,307000.0,161000.0,336000.0,551000.0,420000.0,1747000.0,604000.0,498000.0,310000.0,250000.0,617000.0,375000.0,367000.0,665000.0,789000.0,267000.0,477000.0,353000.0,358000.0,389000.0,358000.0,499000.0,533000.0,487000.0,564000.0,737000.0,681000.0,342666.67,33.8521,0.008221,299200.0,23.262,0.005321,515400.0,6.752,0.002704,480266.67,4.8306,0.001965,488450.0,3.5623,0.001514,490933.33,2.3628,0.001014
20261002,6122,擎邦,2127000.0,2098000.0,2280000.0,2299000.0,2682000.0,2160000.0,903000.0,410000.0,278000.0,299000.0,185000.0,248000.0,333000.0,256000.0,148000.0,312000.0,160000.0,326000.0,876000.0,2005000.0,137000.0,92000.0,108000.0,153000.0,207000.0,97000.0,264000.0,81000.0,135000.0,168000.0,2168333.33,32.6979,0.050248,2297200.0,18.5182,0.032521,1553600.0,13.6908,0.016528,1113733.33,12.732,0.01201,1019250.0,10.4341,0.009252,727566.67,9.7448,0.006196
20261002,6123,上奇,32000.0,21000.0,87000.0,38000.0,34000.0,32000.0,29000.0,42000.0,13000.0,28000.0,20000.0,63000.0,24000.0,37000.0,23000.0,70000.0,20000.0,33000.0,23000.0,31000.0,30000.0,31000.0,10000.0,27000.0,49000.0,57000.0,18000.0,24000.0,36000.0,13000.0,46666.67,22.8571,0.000756,42400.0,15.0943,0.000489,35600.0,8.9888,0.000249,34866.67,6.1185,0.000181,35000.0,4.5714,0.000139,33166.67,3.2161,9.3e-05
20261002,6124,業強,25000.0,4000.0,12000.0,1000.0,17000.0,15000.0,15000.0,5000.0,5000.0,6000.0,5000.0,2000.0,3000.0,16000.0,5000.0,33000.0,4000.0,22000.0,25000.0,12000.0,14000.0,15000.0,24000.0,45000.0,22000.0,12000.0,12000.0,4000.0,4000.0,3000.0,13666.67,60.9756,0.000591,11800.0,42.3729,0.000382,10500.0,23.8095,0.000194,9066.67,18.3824,0.000141,11600.0,10.7759,0.000109,12900.0,6.4599,7.3e-05
20261002,6125,廣運,943000.0,339000.0,480000.0,327000.0,288000.0,335000.0,502000.0,314000.0,503000.0,362000.0,374000.0,419000.0,421000.0,733000.0,522000.0,584000.0,576000.0,731000.0,1153000.0,3282000.0,1144000.0,628000.0,908000.0,873000.0,1224000.0,871000.0,1598000.0,2817000.0,7279000.0,4579000.0,587333.33,53.5187,0.022277,475400.0,39.6719,0.014418,439300.0,21.466,0.007328,457466.67,13.7423,0.005325,659400.0,7.1504,0.004102,1170300.0,2.6859,0.002747
20261002,6126,信音,487000.0,187000.0,282000.0,193000.0,260000.0,289000.0,413000.0,638000.0,1216000.0,2196000.0,580000.0,294000.0,252000.0,241000.0,435000.0,340000.0,453000.0,426000.0,250000.0,595000.0,273000.0,365000.0,229000.0,378000.0,337000.0,200000.0,268000.0,234000.0,312000.0,434000.0,318666.67,50.9414,0.011505,281800.0,34.5635,0.007446,616100.0,7.9046,0.003784,530866.67,6.1158,0.00275,501350.0,4.8569,0.002118,435233.33,3.7298,0.001419
20261002,6127,九豪,29437000.0,16443000.0,4064000.0,6392000.0,1309000.0,1215000.0,1794000.0,1670000.0,1299000.0,1615000.0,1640000.0,2057000.0,2074000.0,3997000.0,6237000.0,3552000.0,1832000.0,2483000.0,3088000.0,1821000.0,2198000.0,3928000.0,2977000.0,8176000.0,2292000.0,1852000.0,1101000.0,1132000.0,2100000.0,4124000.0,16648000.0,58.94,0.695419,11529000.0,51.066,0.450086,6523800.0,45.1225,0.228738,5416200.0,36.2333,0.166219,4700950.0,31.3096,0.12804,4129966.67,23.7589,0.085749
20261002,6129,普誠,500000.0,241000.0,393000.0,123000.0,281000.0,385000.0,466000.0,750000.0,331000.0,954000.0,854000.0,233000.0,638000.0,,,,,,,,549000.0,546000.0,752000.0,400000.0,517000.0,335000.0,759000.0,528000.0,225000.0,187000.0,378000.0,44.0917,0.011812,307600.0,32.5098,0.007645,442400.0,11.302,0.003885,473000.0,8.1314,0.002823,473000.0,8.1314,0.002175,475956.52,4.5675,0.001456
20261002,6130,上亞科技,303000.0,15000.0,155000.0,79000.0,61000.0,52000.0,63000.0,65000.0,97000.0,28000.0,56000.0,499000.0,59000.0,89000.0,46000.0,76000.0,316000.0,62000.0,102000.0,89000.0,75000.0,69000.0,79000.0,161000.0,73000.0,138000.0,68000.0,95000.0,145000.0,40000.0,157666.67,64.0592,0.007158,122600.0,49.429,0.004633,91800.0,33.0065,0.002354,111133.33,18.1764,0.001711,115600.0,13.1055,0.001318,108500.0,9.3088,0.000883
20261002,6134,萬旭,149000.0,166000.0,168000.0,52000.0,85000.0,108000.0,280000.0,284000.0,45000.0,150000.0,228000.0,54000.0,79000.0,114000.0,101000.0,176000.0,193000.0,191000.0,246000.0,107000.0,102000.0,108000.0,237000.0,153000.0,152000.0,219000.0,85000.0,55000.0,39000.0,116000.0,161000.0,30.8489,0.00352,124000.0,24.0323,0.002278,148700.0,10.0202,0.001158,137533.33,7.2225,0.000841,148800.0,5.0067,0.000648,141400.0,3.5125,0.000434
20261002,6138,茂達,719000.0,661000.0,319000.0,386000.0,232000.0,334000.0,459000.0,294000.0,534000.0,312000.0,221000.0,212000.0,302000.0,310000.0,288000.0,361000.0,920000.0,899000.0,215000.0,385000.0,464000.0,505000.0,595000.0,1319000.0,1087000.0,792000.0,553000.0,519000.0,750000.0,1148000.0,566333.33,42.319,0.016986,463400.0,31.0315,0.010993,425000.0,16.9176,0.005587,372200.0,12.8784,0.00406,418150.0,8.5974,0.003127,536500.0,4.4672,0.002094
20261002,6140,訊達,133000.0,212000.0,315000.0,332000.0,549000.0,681000.0,1674000.0,2616000.0,1190000.0,848000.0,1565000.0,326000.0,289000.0,113000.0,65000.0,42000.0,44000.0,40000.0,59000.0,45000.0,50000.0,26000.0,38000.0,54000.0,32000.0,62000.0,122000.0,138000.0,63000.0,64000.0,220000.0,20.1515,0.003142,308200.0,8.6308,0.002034,855000.0,1.5556,0.001033,727200.0,1.2193,0.000751,556900.0,1.1941,0.000578,392900.0,1.1284,0.000387
20261002,6143,振曜,173000.0,239000.0,179000.0,167000.0,135000.0,273000.0,233000.0,121000.0,202000.0,212000.0,336000.0,504000.0,211000.0,375000.0,399000.0,329000.0,539000.0,321000.0,340000.0,273000.0,244000.0,314000.0,195000.0,237000.0,293000.0,173000.0,151000.0,224000.0,198000.0,260000.0,197000.0,29.2724,0.004087,178600.0,19.3729,0.002645,193400.0,8.9452,0.001344,250600.0,4.6023,0.000977,278050.0,3.111,0.000752,261666.67,2.2038,0.000504
20261002,6144,得利影,120000.0,12000.0,5000.0,7000.0,4000.0,5000.0,23000.0,28000.0,20000.0,5000.0,12000.0,13000.0,1000.0,10000.0,13000.0,6000.0,1000.0,3000.0,3000.0,14000.0,18000.0,5000.0,17000.0,5000.0,5000.0,11000.0,30000.0,49000.0,8000.0,1000.0,45666.67,87.5912,0.002835,29600.0,81.0811,0.001835,22900.0,52.4017,0.000932,18533.33,43.1655,0.000678,15250.0,39.3443,0.000522,15133.33,26.4317,0.00035
20261002,6146,耕興,224000.0,211000.0,202000.0,152000.0,174000.0,241000.0,181000.0,126000.0,263000.0,360000.0,697000.0,211000.0,169000.0,195000.0,232000.0,187000.0,169000.0,207000.0,575000.0,388000.0,286000.0,163000.0,138000.0,156000.0,197000.0,193000.0,262000.0,233000.0,255000.0,275000.0,212333.33,35.1648,0.005292,192600.0,23.2606,0.003425,213400.0,10.4967,0.001741,242533.33,6.1572,0.001265,258200.0,4.3377,0.000974,244066.67,3.0593,0.000653
20261002,6147,頎邦,28052000.0,48758000.0,20808000.0,20081000.0,15040000.0,39304000.0,53143000.0,40412000.0,72627000.0,70040000.0,64262000.0,63670000.0,41513000.0,24656000.0,56352000.0,47727000.0,49418000.0,47256000.0,62692000.0,63936000.0,15421000.0,22963000.0,20856000.0,52447000.0,70294000.0,29810000.0,14250000.0,14584000.0,14878000.0,17100000.0,32539333.33,28.7365,0.6627,26547800.0,21.1332,0.42891,40826500.0,6.871,0.217976,43914533.33,4.2586,0.158398,46487350.0,3.0172,0.122016,40078333.33,2.3331,0.081715
20261002,6148,驊宏資,1106000.0,1083000.0,1353000.0,1902000.0,6786000.0,1999000.0,2662000.0,14820000.0,9048000.0,5412000.0,21382000.0,4808000.0,1342000.0,1762000.0,56000.0,69000.0,69000.0,142000.0,163000.0,86000.0,35000.0,33000.0,40000.0,95000.0,117000.0,80000.0,78000.0,80000.0,78000.0,72000.0,1180666.67,31.2253,0.026128,2446000.0,9.0433,0.016911,4617100.0,2.3954,0.008594,5034733.33,1.4645,0.006245,3802500.0,1.4543,0.004811,2558600.0,1.4409,0.003222
20261002,6150,撼訊,1738000.0,3208000.0,340000.0,114000.0,69000.0,292000.0,175000.0,172000.0,160000.0,89000.0,75000.0,147000.0,218000.0,977000.0,308000.0,293000.0,145000.0,133000.0,167000.0,175000.0,390000.0,90000.0,85000.0,130000.0,86000.0,140000.0,297000.0,221000.0,70000.0,64000.0,1762000.0,32.8793,0.041058,1093800.0,31.7791,0.026574,635700.0,27.3399,0.013505,538800.0,21.5046,0.009814,449750.0,19.3218,0.00756,352266.67,16.4459,0.005063
20261002,6151,晉倫,78000.0,93000.0,117000.0,102000.0,78000.0,60000.0,123000.0,41000.0,131000.0,65000.0,170000.0,66000.0,89000.0,77000.0,60000.0,88000.0,149000.0,93000.0,65000.0,152000.0,129000.0,132000.0,94000.0,96000.0,76000.0,80000.0,57000.0,71000.0,140000.0,154000.0,96000.0,27.0833,0.001843,93600.0,16.6667,0.001193,88800.0,8.7838,0.000606,90000.0,5.7778,0.00044,94850.0,4.1118,0.000339,97533.33,2.6658,0.000227
20261002,6154,順發,20000.0,40000.0,33000.0,26000.0,42000.0,54000.0,40000.0,17000.0,10000.0,34000.0,21000.0,14000.0,23000.0,32000.0,15000.0,8000.0,19000.0,10000.0,6000.0,12000.0,20000.0,33000.0,8000.0,10000.0,61000.0,7000.0,4000.0,41000.0,19000.0,19000.0,31000.0,21.5054,0.000472,32200.0,12.4224,0.000306,31600.0,6.3291,0.000155,28066.67,4.7506,0.000113,23800.0,4.2017,8.7e-05,23266.67,2.8653,5.8e-05
20261002,6156,松上,700000.0,767000.0,741000.0,907000.0,196000.0,341000.0,341000.0,420000.0,390000.0,621000.0,328000.0,254000.0,422000.0,1452000.0,315000.0,316000.0,397000.0,200000.0,380000.0,453000.0,430000.0,436000.0,512000.0,514000.0,803000.0,377000.0,369000.0,314000.0,254000.0,364000.0,736000.0,31.7029,0.016537,662200.0,21.1416,0.010703,542400.0,12.9056,0.005439,546333.33,8.5418,0.003953,497050.0,7.0415,0.003045,477133.33,4.8903,0.002039
20261002,6158,禾昌,447000.0,36000.0,88000.0,14000.0,26000.0,57000.0,19000.0,36000.0,52000.0,93000.0,43000.0,23000.0,44000.0,15000.0,3000.0,32000.0,31000.0,39000.0,43000.0,124000.0,217000.0,50000.0,37000.0,12000.0,38000.0,28000.0,13000.0,61000.0,17000.0,21000.0,190333.33,78.2837,0.01056,122200.0,73.1588,0.006835,86800.0,51.4977,0.003473,66400.0,44.8795,0.002524,63250.0,35.336,0.001944,58633.33,25.4122,0.001302
20261002,6160,欣技,57000.0,44000.0,59000.0,39000.0,62000.0,36000.0,37000.0,96000.0,56000.0,37000.0,24000.0,50000.0,28000.0,36000.0,29000.0,24000.0,42000.0,24000.0,46000.0,70000.0,127000.0,47000.0,36000.0,81000.0,59000.0,71000.0,244000.0,868000.0,360000.0,30000.0,53333.33,35.625,0.001347,52200.0,21.8391,0.000872,52300.0,10.8987,0.000443,46000.0,8.2609,0.000322,44800.0,6.3616,0.000248,93966.67,2.022,0.000166
20261002,6161,捷波,65000.0,38000.0,203000.0,59000.0,44000.0,131000.0,26000.0,39000.0,85000.0,84000.0,46000.0,62000.0,51000.0,169000.0,478000.0,63000.0,91000.0,78000.0,96000.0,391000.0,26000.0,49000.0,76000.0,98000.0,111000.0,51000.0,113000.0,58000.0,64000.0,37000.0,102000.0,21.2418,0.001536,81800.0,15.8924,0.000994,77400.0,8.3979,0.000505,105333.33,4.1139,0.000367,114950.0,2.8273,0.000283,99400.0,2.1797,0.000189
20261002,6163,華電網,495000.0,676000.0,1247000.0,476000.0,757000.0,615000.0,459000.0,1203000.0,572000.0,785000.0,771000.0,1546000.0,343000.0,688000.0,196000.0,181000.0,343000.0,267000.0,317000.0,1138000.0,626000.0,440000.0,414000.0,382000.0,601000.0,354000.0,257000.0,314000.0,357000.0,962000.0,806000.0,20.4715,0.011694,730200.0,13.5579,0.007568,728500.0,6.7948,0.003846,721933.33,4.5711,0.002795,653750.0,3.7859,0.002153,592733.33,2.7837,0.001442
20261002,6167,久正,237000.0,182000.0,199000.0,175000.0,229000.0,153000.0,296000.0,164000.0,159000.0,194000.0,114000.0,140000.0,177000.0,346000.0,154000.0,76000.0,158000.0,193000.0,342000.0,329000.0,198000.0,505000.0,536000.0,405000.0,430000.0,144000.0,40000.0,135000.0,114000.0,175000.0,206000.0,38.3495,0.005599,204400.0,23.1898,0.003624,198800.0,11.9215,0.001842,194600.0,8.1192,0.001338,200850.0,5.8999,0.001031,223300.0,3.5378,0.00069
20261002,6169,昱泉,12000.0,8000.0,2000.0,10000.0,6000.0,5000.0,18000.0,6000.0,21000.0,4000.0,9000.0,2000.0,9000.0,17000.0,6000.0,,14000.0,6000.0,18000.0,10000.0,6000.0,13000.0,10000.0,3000.0,8000.0,6000.0,6000.0,5000.0,8000.0,5000.0,7333.33,54.5455,0.000283,7600.0,31.5789,0.000183,9200.0,13.0435,9.3e-05,9000.0,8.8889,6.8e-05,9631.58,6.5574,5.2e-05,8724.14,4.7431,3.5e-05
20261002,6170,統振,114000.0,161000.0,125000.0,195000.0,107000.0,117000.0,82000.0,119000.0,152000.0,148000.0,103000.0,88000.0,101000.0,94000.0,120000.0,468000.0,189000.0,63000.0,127000.0,180000.0,118000.0,158000.0,80000.0,169000.0,170000.0,199000.0,58000.0,115000.0,88000.0,150000.0,133333.33,28.5,0.002693,140400.0,16.2393,0.001743,132000.0,8.6364,0.000886,121733.33,6.2432,0.000644,142650.0,3.9958,0.000496,138600.0,2.7417,0.000332
20261002,6171,大城地產,339000.0,435000.0,149000.0,90000.0,33000.0,53000.0,58000.0,39000.0,178000.0,69000.0,16000.0,5000.0,57000.0,52000.0,5000.0,45000.0,20000.0,56000.0,45000.0,54000.0,38000.0,35000.0,54000.0,54000.0,139000.0,156000.0,78000.0,44000.0,25000.0,24000.0,307666.67,36.7281,0.008009,209200.0,32.4092,0.005183,144300.0,23.4927,0.002634,105200.0,21.4829,0.001914,89900.0,18.8543,0.001475,81500.0,13.865,0.000987
20261002,6173,信昌電,23916000.0,31024000.0,10697000.0,6830000.0,11387000.0,9998000.0,15447000.0,13283000.0,18216000.0,25894000.0,27771000.0,28887000.0,25410000.0,59199000.0,21350000.0,12343000.0,16950000.0,12170000.0,18224000.0,12412000.0,9462000.0,21704000.0,28268000.0,17292000.0,10757000.0,6116000.0,8336000.0,20134000.0,39655000.0,9789000.0,21879000.0,36.4368,0.564991,16770800.0,28.521,0.365671,16669200.0,14.3474,0.185837,21953933.33,7.2625,0.135044,20070400.0,5.958,0.104025,19097366.67,4.1744,0.069667
20261002,6174,安碁,1557000.0,1588000.0,499000.0,1082000.0,529000.0,802000.0,300000.0,759000.0,360000.0,535000.0,1180000.0,586000.0,482000.0,327000.0,369000.0,666000.0,595000.0,691000.0,308000.0,723000.0,387000.0,726000.0,413000.0,667000.0,752000.0,799000.0,942000.0,3514000.0,1044000.0,797000.0,1214666.67,42.7278,0.036783,1051000.0,29.6289,0.023806,801100.0,19.4358,0.012099,730333.33,14.2127,0.008792,696900.0,11.1709,0.006772,799300.0,6.4932,0.004536
20261002,6175,立敦,4673000.0,5454000.0,504000.0,249000.0,321000.0,474000.0,747000.0,919000.0,418000.0,303000.0,440000.0,337000.0,379000.0,499000.0,718000.0,429000.0,542000.0,765000.0,1248000.0,744000.0,827000.0,999000.0,1048000.0,2410000.0,1457000.0,677000.0,387000.0,471000.0,611000.0,958000.0,3543666.67,43.9564,0.110395,2240200.0,41.7195,0.071449,1406200.0,33.2314,0.036311,1095666.67,28.4332,0.026387,1008150.0,23.1761,0.020326,1000266.67,15.5725,0.013612
20261002,6179,亞通,3032000.0,3424000.0,7509000.0,7209000.0,5996000.0,6245000.0,12486000.0,17762000.0,29422000.0,13501000.0,11799000.0,9417000.0,13147000.0,22023000.0,42706000.0,25818000.0,12134000.0,2952000.0,2697000.0,2419000.0,2031000.0,3869000.0,11056000.0,10885000.0,1248000.0,2643000.0,998000.0,1649000.0,850000.0,781000.0,4655000.0,21.7114,0.071628,5434000.0,11.1594,0.046359,10658600.0,2.8447,0.02356,13711866.67,1.4741,0.01712,12584900.0,1.2046,0.013188,9590266.67,1.0538,0.008832
20261002,6180,橘子,201000.0,348000.0,229000.0,231000.0,131000.0,193000.0,218000.0,262000.0,178000.0,132000.0,154000.0,130000.0,111000.0,153000.0,214000.0,251000.0,327000.0,558000.0,563000.0,201000.0,269000.0,480000.0,435000.0,382000.0,506000.0,446000.0,206000.0,157000.0,194000.0,166000.0,259333.33,25.8355,0.004748,228000.0,17.6316,0.003073,212300.0,9.4677,0.001562,192333.33,6.9671,0.001135,239250.0,4.2006,0.000874,267533.33,2.5044,0.000586
20261002,6182,合晶,140842000.0,179477000.0,155900000.0,66064000.0,92271000.0,116114000.0,100848000.0,45511000.0,64336000.0,58463000.0,44614000.0,40338000.0,17900000.0,21136000.0,15488000.0,19606000.0,57957000.0,40054000.0,36225000.0,47543000.0,67164000.0,72007000.0,28469000.0,67776000.0,40964000.0,39884000.0,107775000.0,38486000.0,56477000.0,75213000.0,158739666.67,29.575,3.327248,126910800.0,22.1954,2.153447,101982600.0,13.8104,1.094401,77286800.0,12.1489,0.795277,68034350.0,10.3508,0.612609,65163400.0,7.2046,0.410269
20261002,6185,幃翔,145000.0,154000.0,101000.0,108000.0,118000.0,300000.0,191000.0,109000.0,46000.0,88000.0,309000.0,328000.0,448000.0,349000.0,118000.0,234000.0,116000.0,73000.0,139000.0,80000.0,197000.0,199000.0,325000.0,185000.0,499000.0,345000.0,217000.0,765000.0,353000.0,107000.0,133333.33,36.25,0.003425,125200.0,23.1629,0.002217,136000.0,10.6618,0.001127,194133.33,4.9794,0.000819,177700.0,4.0799,0.000631,224866.67,2.1494,0.000422
20261002,6186,新潤,378000.0,169000.0,282000.0,344000.0,554000.0,1023000.0,568000.0,1033000.0,3180000.0,325000.0,171000.0,747000.0,366000.0,476000.0,522000.0,622000.0,649000.0,930000.0,1453000.0,484000.0,299000.0,872000.0,798000.0,538000.0,616000.0,734000.0,518000.0,499000.0,779000.0,780000.0,276333.33,45.5971,0.00893,345400.0,21.8877,0.00578,785600.0,4.8116,0.002937,675866.67,3.7285,0.002134,713800.0,2.6478,0.001644,690300.0,1.8253,0.001101
20261002,6187,萬潤,2272000.0,1612000.0,4915000.0,3324000.0,1008000.0,1386000.0,1303000.0,1457000.0,982000.0,1169000.0,993000.0,1084000.0,1907000.0,1567000.0,1829000.0,2844000.0,3519000.0,2297000.0,1920000.0,2927000.0,1902000.0,3103000.0,2698000.0,5986000.0,4797000.0,2614000.0,1487000.0,4413000.0,3110000.0,4731000.0,2933000.0,25.8211,0.053674,2626200.0,17.3026,0.034738,1942800.0,11.6945,0.017654,1787200.0,8.4751,0.012829,2015750.0,5.6356,0.009882,2505200.0,3.023,0.006618
20261002,6188,廣明,473000.0,331000.0,657000.0,471000.0,313000.0,442000.0,516000.0,464000.0,678000.0,536000.0,693000.0,448000.0,591000.0,550000.0,482000.0,652000.0,1117000.0,653000.0,331000.0,1704000.0,460000.0,359000.0,774000.0,400000.0,888000.0,402000.0,447000.0,583000.0,407000.0,730000.0,487000.0,32.3751,0.011174,449000.0,21.069,0.007232,488100.0,9.6906,0.003675,509666.67,6.1871,0.002671,605100.0,3.9084,0.002057,585066.67,2.6948,0.001378
20261002,6190,萬泰科,1189000.0,1537000.0,1946000.0,1026000.0,1013000.0,1161000.0,2144000.0,3659000.0,2828000.0,3941000.0,2315000.0,599000.0,932000.0,1040000.0,1994000.0,1716000.0,867000.0,1331000.0,2388000.0,2067000.0,4737000.0,2927000.0,1702000.0,2870000.0,2243000.0,2995000.0,1339000.0,1113000.0,953000.0,736000.0,1557333.33,25.4495,0.028089,1342200.0,17.7172,0.01818,2044400.0,5.8159,0.009239,1821600.0,4.3515,0.006714,1784650.0,3.3312,0.005172,1910266.67,2.0748,0.003464
20261002,6194,育富,29000.0,27000.0,42000.0,159000.0,60000.0,42000.0,15000.0,43000.0,40000.0,55000.0,60000.0,72000.0,16000.0,15000.0,23000.0,28000.0,22000.0,16000.0,34000.0,77000.0,18000.0,23000.0,31000.0,18000.0,15000.0,42000.0,21000.0,13000.0,9000.0,55000.0,32666.67,29.5918,0.000685,63400.0,9.1483,0.000443,51200.0,5.6641,0.000225,46533.33,4.1547,0.000164,43750.0,3.3143,0.000126,37333.33,2.5893,8.4e-05
20261002,6195,詩肯,52000.0,8000.0,9000.0,20000.0,14000.0,11000.0,45000.0,17000.0,5000.0,2000.0,93000.0,9000.0,20000.0,,20000.0,34000.0,23000.0,16000.0,43000.0,13000.0,12000.0,10000.0,8000.0,5000.0,2000.0,16000.0,13000.0,8000.0,9000.0,,23000.0,75.3623,0.001228,20600.0,50.4854,0.000795,18300.0,28.4153,0.000404,23214.29,16.0,0.000294,23894.74,11.4537,0.000226,19178.57,9.6834,0.000151
20261002,6198,瑞築,1000.0,,1000.0,,3000.0,3000.0,4000.0,,,,6000.0,,3000.0,5000.0,11000.0,,9000.0,2000.0,6000.0,2000.0,46000.0,6000.0,,9000.0,2000.0,3000.0,54000.0,169000.0,14000.0,64000.0,1000.0,50.0,2.4e-05,1666.67,20.0,1.5e-05,2400.0,8.3333,8e-06,4111.11,2.7027,6e-06,4307.69,1.7857,4e-06,19227.27,0.2364,3e-06
20261002,6199,天品,5822000.0,6604000.0,6632000.0,7887000.0,5871000.0,5040000.0,7291000.0,8092000.0,4218000.0,3489000.0,3767000.0,3079000.0,3116000.0,3134000.0,2128000.0,1367000.0,1234000.0,1582000.0,2686000.0,2043000.0,673000.0,717000.0,412000.0,591000.0,302000.0,1514000.0,700000.0,723000.0,329000.0,1508000.0,6352666.67,30.5489,0.137539,6563200.0,17.7413,0.089017,6094600.0,9.5527,0.045239,5078000.0,7.6434,0.032874,4254100.0,6.8428,0.025323,3085033.33,6.2906,0.016959
20261002,6203,海韻電,30000.0,54000.0,87000.0,58000.0,22000.0,31000.0,54000.0,34000.0,64000.0,46000.0,45000.0,39000.0,53000.0,65000.0,44000.0,72000.0,31000.0,32000.0,22000.0,43000.0,116000.0,53000.0,60000.0,42000.0,95000.0,40000.0,73000.0,53000.0,50000.0,56000.0,57000.0,17.5439,0.000709,50200.0,11.9522,0.000459,48000.0,6.25,0.000233,48400.0,4.1322,0.000169,46300.0,3.2397,0.00013,52133.33,1.9182,8.7e-05
20261002,6204,艾華,816000.0,517000.0,345000.0,626000.0,535000.0,361000.0,767000.0,1699000.0,967000.0,638000.0,186000.0,209000.0,214000.0,157000.0,144000.0,77000.0,121000.0,391000.0,328000.0,318000.0,284000.0,383000.0,224000.0,871000.0,393000.0,100000.0,261000.0,255000.0,322000.0,334000.0,559333.33,48.6293,0.019277,567800.0,28.7425,0.012476,727100.0,11.2227,0.006341,545400.0,9.9743,0.004608,470800.0,8.6661,0.003549,428100.0,6.3537,0.002377
20261002,6207,雷科,25640000.0,37791000.0,20628000.0,23009000.0,11895000.0,2616000.0,5247000.0,8184000.0,5379000.0,7389000.0,4707000.0,1889000.0,2739000.0,4776000.0,3684000.0,8894000.0,18309000.0,5705000.0,9486000.0,8742000.0,4660000.0,2857000.0,2519000.0,5913000.0,7299000.0,3176000.0,1370000.0,4697000.0,1415000.0,2957000.0,28019666.67,30.5024,0.605719,23792600.0,21.5529,0.392031,14777800.0,17.3503,0.199233,11038200.0,15.4856,0.144779,10835450.0,11.8315,0.111524,8452400.0,10.1115,0.074689
20261002,6208,日揚,349000.0,464000.0,111000.0,99000.0,57000.0,122000.0,136000.0,163000.0,120000.0,210000.0,101000.0,111000.0,141000.0,117000.0,148000.0,232000.0,202000.0,156000.0,469000.0,758000.0,190000.0,182000.0,156000.0,212000.0,154000.0,146000.0,108000.0,201000.0,260000.0,178000.0,308000.0,37.7706,0.008245,216000.0,32.3148,0.005336,183100.0,19.0606,0.002712,163266.67,14.2507,0.001971,213300.0,8.181,0.001518,201766.67,5.7657,0.001017
20261002,6210,慶生,12000.0,12000.0,21000.0,9000.0,21000.0,8000.0,9000.0,13000.0,13000.0,9000.0,12000.0,9000.0,37000.0,1000.0,17000.0,6000.0,,1000.0,5000.0,6000.0,6000.0,,13000.0,1000.0,9000.0,9000.0,11000.0,6000.0,2000.0,4000.0,15000.0,26.6667,0.000283,15000.0,16.0,0.000183,12700.0,9.4488,9.3e-05,13533.33,5.9113,6.8e-05,11631.58,5.4299,5.2e-05,10071.43,4.2553,3.5e-05
20261002,6212,理銘,2000.0,1000.0,,4000.0,1000.0,3000.0,1000.0,,6000.0,9000.0,,1000.0,1000.0,,,4000.0,4000.0,6000.0,3000.0,1000.0,,,1000.0,3000.0,2000.0,1000.0,,5000.0,1000.0,,1500.0,66.6667,4.7e-05,2000.0,25.0,3.1e-05,3375.0,7.4074,1.6e-05,2900.0,6.8966,1.1e-05,3133.33,4.2553,9e-06,2857.14,3.3333,6e-06
20261002,6217,中探針,4219000.0,2598000.0,3088000.0,1717000.0,1405000.0,1840000.0,3333000.0,5429000.0,5100000.0,2832000.0,2397000.0,2896000.0,1854000.0,2425000.0,2330000.0,2584000.0,3243000.0,5502000.0,8467000.0,12982000.0,16579000.0,6084000.0,3232000.0,9589000.0,4422000.0,3131000.0,1610000.0,1277000.0,1778000.0,2763000.0,3301666.67,42.5946,0.09967,2605400.0,32.3866,0.064508,3156100.0,13.3678,0.032783,2897533.33,9.7071,0.023823,3812050.0,5.5338,0.018351,4223533.33,3.3298,0.01229
20261002,6218,豪勉,1546000.0,1131000.0,1257000.0,1423000.0,1890000.0,2948000.0,12600000.0,1918000.0,15230000.0,24524000.0,15166000.0,3677000.0,1385000.0,1132000.0,1886000.0,4880000.0,7269000.0,2921000.0,1295000.0,1753000.0,4209000.0,1303000.0,1396000.0,2404000.0,1210000.0,2451000.0,1484000.0,537000.0,548000.0,1430000.0,1311333.33,39.2984,0.036523,1449400.0,21.333,0.023638,6446700.0,2.3981,0.012013,5847533.33,1.7626,0.00873,5291550.0,1.4608,0.006725,4093433.33,1.2589,0.004503
20261002,6219,富旺,88000.0,122000.0,82000.0,80000.0,22000.0,107000.0,83000.0,33000.0,71000.0,44000.0,56000.0,25000.0,55000.0,120000.0,31000.0,93000.0,41000.0,24000.0,268000.0,135000.0,39000.0,29000.0,31000.0,104000.0,45000.0,51000.0,96000.0,62000.0,82000.0,68000.0,97333.33,30.137,0.002079,78800.0,22.335,0.001346,73200.0,12.0219,0.000684,67933.33,8.6359,0.000497,79000.0,5.5696,0.000383,72900.0,4.0238,0.000256
20261002,6220,岳豐,163000.0,92000.0,71000.0,120000.0,48000.0,52000.0,154000.0,239000.0,173000.0,145000.0,157000.0,97000.0,46000.0,118000.0,48000.0,49000.0,127000.0,116000.0,236000.0,177000.0,91000.0,226000.0,88000.0,259000.0,444000.0,192000.0,154000.0,124000.0,90000.0,101000.0,108666.67,50.0,0.003851,98800.0,32.996,0.002492,125700.0,12.9674,0.001267,114866.67,9.4602,0.00092,121400.0,6.7133,0.000709,139900.0,3.8837,0.000475
20261002,6221,晉泰,923000.0,1561000.0,2236000.0,1142000.0,821000.0,1173000.0,964000.0,3378000.0,1619000.0,1907000.0,7504000.0,1047000.0,308000.0,380000.0,37000.0,72000.0,52000.0,104000.0,80000.0,89000.0,41000.0,121000.0,66000.0,72000.0,113000.0,154000.0,84000.0,82000.0,217000.0,17000.0,1573333.33,19.5551,0.021805,1336600.0,13.8112,0.014112,1572400.0,5.87,0.007172,1666666.67,3.692,0.005212,1269850.0,3.6343,0.004015,878800.0,3.501,0.002689
20261002,6222,立軒,2000.0,,6000.0,1000.0,6000.0,55000.0,43000.0,40000.0,25000.0,12000.0,21000.0,17000.0,5000.0,37000.0,12000.0,6000.0,1000.0,5000.0,15000.0,2000.0,12000.0,19000.0,6000.0,4000.0,17000.0,47000.0,1000.0,19000.0,11000.0,,4000.0,25.0,4.7e-05,3750.0,13.3333,3.1e-05,21111.11,1.0526,1.6e-05,20142.86,0.7092,1.1e-05,16368.42,0.6431,9e-06,15964.29,0.4474,6e-06
20261002,6223,旺矽,1000000.0,924000.0,897000.0,974000.0,487000.0,949000.0,2040000.0,1007000.0,741000.0,747000.0,397000.0,612000.0,522000.0,682000.0,473000.0,1459000.0,1687000.0,1048000.0,508000.0,1380000.0,911000.0,1474000.0,1134000.0,1610000.0,2355000.0,1549000.0,482000.0,778000.0,883000.0,1042000.0,940333.33,35.4484,0.023624,856400.0,23.3536,0.01529,976600.0,10.2396,0.00777,830133.33,8.0308,0.005647,926700.0,5.3955,0.00435,1025066.67,3.2518,0.002913
20261002,6227,茂綸,1486000.0,1104000.0,918000.0,726000.0,874000.0,781000.0,2094000.0,980000.0,2255000.0,4827000.0,1721000.0,2649000.0,4881000.0,4135000.0,322000.0,406000.0,161000.0,371000.0,242000.0,374000.0,487000.0,419000.0,718000.0,2436000.0,1880000.0,473000.0,244000.0,170000.0,266000.0,343000.0,1169333.33,42.3603,0.035105,1021600.0,29.0916,0.022721,1604500.0,9.2615,0.011547,1983533.33,4.9945,0.008391,1565350.0,4.7465,0.006464,1291433.33,3.8355,0.004329
20261002,6228,全譜,14000.0,9000.0,28000.0,57000.0,19000.0,8000.0,,4000.0,5000.0,,1000.0,,,,,,,,,,,,,,3000.0,2000.0,4000.0,19000.0,1000.0,2000.0,17000.0,27.451,0.000331,25400.0,11.0236,0.000214,18000.0,9.7222,0.000109,16111.11,9.6552,7.9e-05,16111.11,9.6552,6.1e-05,11733.33,7.9545,4.1e-05
20261002,6229,研通,80000.0,77000.0,128000.0,192000.0,69000.0,30000.0,23000.0,58000.0,28000.0,26000.0,34000.0,24000.0,7000.0,54000.0,29000.0,29000.0,13000.0,91000.0,29000.0,38000.0,36000.0,34000.0,18000.0,96000.0,25000.0,41000.0,40000.0,47000.0,35000.0,49000.0,95000.0,28.0702,0.00189,109200.0,14.652,0.001223,71100.0,11.2518,0.000622,57266.67,9.3132,0.000452,52950.0,7.5543,0.000348,49333.33,5.4054,0.000233
20261002,6231,系微,380000.0,181000.0,407000.0,598000.0,611000.0,141000.0,295000.0,282000.0,383000.0,275000.0,224000.0,268000.0,379000.0,438000.0,415000.0,1054000.0,694000.0,106000.0,105000.0,151000.0,156000.0,140000.0,172000.0,230000.0,123000.0,160000.0,173000.0,105000.0,140000.0,199000.0,322666.67,39.2562,0.008977,435400.0,17.4552,0.00581,355300.0,10.6952,0.002953,351800.0,7.2011,0.002146,369350.0,5.1442,0.001653,299500.0,4.2293,0.001107
20261002,6233,旺玖,268000.0,509000.0,311000.0,113000.0,78000.0,81000.0,100000.0,175000.0,90000.0,103000.0,73000.0,76000.0,57000.0,70000.0,138000.0,54000.0,205000.0,76000.0,92000.0,119000.0,67000.0,98000.0,222000.0,95000.0,164000.0,158000.0,140000.0,120000.0,53000.0,112000.0,362666.67,24.6324,0.006331,255800.0,20.9539,0.004098,182800.0,14.6608,0.002082,149466.67,11.9536,0.001513,139400.0,9.6126,0.001166,133900.0,6.6716,0.000781
20261002,6234,高僑,964000.0,1196000.0,1409000.0,1012000.0,640000.0,1321000.0,2471000.0,3330000.0,1245000.0,141000.0,188000.0,138000.0,212000.0,398000.0,210000.0,355000.0,347000.0,398000.0,291000.0,177000.0,132000.0,264000.0,164000.0,373000.0,280000.0,310000.0,116000.0,214000.0,156000.0,196000.0,1189666.67,27.0104,0.022774,1044200.0,18.4639,0.014739,1372900.0,7.0216,0.007491,991666.67,6.4807,0.005443,822150.0,5.8627,0.004193,621600.0,5.1695,0.002808
20261002,6236,中湛,6000.0,2000.0,2000.0,1000.0,1000.0,2000.0,7000.0,11000.0,7000.0,,,,,,,,,,,,,2000.0,,,15000.0,4000.0,,2000.0,,,3333.33,60.0,0.000142,2400.0,50.0,9.2e-05,4333.33,15.3846,4.7e-05,4333.33,15.3846,3.4e-05,4333.33,15.3846,2.6e-05,4769.23,9.6774,1.7e-05
20261002,6237,驊訊,253000.0,762000.0,240000.0,412000.0,2441000.0,972000.0,116000.0,180000.0,183000.0,172000.0,126000.0,77000.0,76000.0,95000.0,130000.0,110000.0,285000.0,126000.0,177000.0,393000.0,688000.0,125000.0,109000.0,176000.0,174000.0,130000.0,85000.0,89000.0,87000.0,108000.0,418333.33,20.1594,0.005977,821600.0,6.1587,0.003868,573100.0,4.4146,0.001966,415666.67,4.0577,0.001429,366300.0,3.4535,0.0011,303233.33,2.7811,0.000737
20261002,6240,松崗,47000.0,23000.0,33000.0,26000.0,66000.0,96000.0,39000.0,110000.0,71000.0,195000.0,174000.0,165000.0,61000.0,15000.0,32000.0,49000.0,41000.0,248000.0,533000.0,322000.0,136000.0,337000.0,115000.0,35000.0,16000.0,128000.0,85000.0,22000.0,75000.0,35000.0,34333.33,45.6311,0.00111,39000.0,24.1026,0.000719,70600.0,6.6572,0.000365,76866.67,4.0763,0.000265,117300.0,2.0034,0.000204,111000.0,1.4114,0.000137
20261002,6241,鑫永洋,96000.0,35000.0,121000.0,56000.0,85000.0,236000.0,191000.0,30000.0,179000.0,23000.0,15000.0,30000.0,38000.0,155000.0,43000.0,21000.0,117000.0,128000.0,44000.0,71000.0,25000.0,83000.0,149000.0,172000.0,163000.0,82000.0,,,,,84000.0,38.0952,0.002268,78600.0,24.4275,0.001468,105200.0,9.1255,0.000746,88866.67,7.2018,0.000542,85700.0,5.6009,0.000418,91846.15,4.0201,0.00028
20261002,6242,立康,5000.0,,6000.0,1000.0,5000.0,1000.0,,4000.0,5000.0,4000.0,4000.0,9000.0,1000.0,1000.0,11000.0,2000.0,3000.0,3000.0,1000.0,3000.0,4000.0,2000.0,,7000.0,,,2000.0,2000.0,1000.0,8000.0,5500.0,45.4545,0.000118,4250.0,29.4118,7.6e-05,3875.0,16.129,3.9e-05,4384.62,8.7719,2.8e-05,3833.33,7.2464,2.2e-05,3800.0,5.2632,1.5e-05
20261002,6244,茂迪,2670000.0,4415000.0,10277000.0,1818000.0,3838000.0,2541000.0,4686000.0,10891000.0,3077000.0,1131000.0,968000.0,1009000.0,1085000.0,1065000.0,860000.0,1150000.0,1607000.0,1040000.0,1452000.0,1778000.0,2181000.0,1377000.0,1439000.0,2017000.0,2229000.0,2145000.0,2100000.0,1332000.0,1129000.0,1427000.0,5787333.33,15.3784,0.063076,4603600.0,11.5996,0.040824,4534400.0,5.8883,0.020747,3355400.0,5.3049,0.015076,2867900.0,4.655,0.011613,2491133.33,3.5727,0.007778
20261002,6245,立端,351000.0,433000.0,975000.0,1214000.0,481000.0,504000.0,1109000.0,2257000.0,702000.0,946000.0,792000.0,2029000.0,3240000.0,764000.0,783000.0,661000.0,614000.0,394000.0,392000.0,863000.0,361000.0,592000.0,949000.0,587000.0,437000.0,445000.0,260000.0,415000.0,387000.0,577000.0,586333.33,19.9545,0.008292,690800.0,10.1621,0.005367,897200.0,3.9122,0.002727,1105333.33,2.117,0.001982,975200.0,1.7996,0.001527,817133.33,1.4318,0.001022
20261002,6246,臺龍,20000.0,13000.0,26000.0,12000.0,6000.0,2000.0,13000.0,15000.0,3000.0,15000.0,27000.0,1000.0,7000.0,12000.0,9000.0,11000.0,130000.0,23000.0,20000.0,130000.0,305000.0,31000.0,8000.0,18000.0,21000.0,9000.0,9000.0,12000.0,11000.0,79000.0,19666.67,33.8983,0.000472,15400.0,25.974,0.000306,12500.0,16.0,0.000155,12066.67,11.0497,0.000113,24750.0,4.0404,8.7e-05,33266.67,2.004,5.8e-05
20261002,6248,沛波,87000.0,74000.0,82000.0,47000.0,34000.0,66000.0,22000.0,64000.0,37000.0,77000.0,79000.0,29000.0,49000.0,140000.0,33000.0,117000.0,36000.0,39000.0,58000.0,211000.0,57000.0,30000.0,33000.0,47000.0,76000.0,68000.0,216000.0,120000.0,101000.0,32000.0,81000.0,35.8025,0.002055,64800.0,26.8519,0.00133,59000.0,14.7458,0.000676,61333.33,9.4565,0.000491,69050.0,6.2998,0.000378,72033.33,4.0259,0.000253
20261002,6259,百徽,616000.0,815000.0,182000.0,73000.0,49000.0,97000.0,130000.0,215000.0,357000.0,98000.0,102000.0,87000.0,167000.0,148000.0,180000.0,171000.0,167000.0,179000.0,411000.0,349000.0,221000.0,425000.0,412000.0,935000.0,204000.0,235000.0,427000.0,397000.0,460000.0,391000.0,537666.67,38.1897,0.014552,347000.0,35.5043,0.009419,263200.0,23.4043,0.004787,221066.67,18.5766,0.003478,229650.0,13.4117,0.002679,290000.0,7.0805,0.001794
20261002,6261,久元,296000.0,352000.0,356000.0,235000.0,386000.0,447000.0,641000.0,611000.0,750000.0,639000.0,512000.0,386000.0,289000.0,429000.0,595000.0,322000.0,381000.0,399000.0,521000.0,439000.0,569000.0,662000.0,303000.0,250000.0,643000.0,1154000.0,795000.0,219000.0,254000.0,378000.0,334666.67,29.4821,0.006993,325000.0,18.2154,0.004526,471300.0,6.2805,0.0023,461600.0,4.275,0.001671,449300.0,3.294,0.001287,473766.67,2.0826,0.000862
20261002,6263,普萊德,591000.0,157000.0,87000.0,58000.0,43000.0,47000.0,64000.0,80000.0,116000.0,40000.0,41000.0,47000.0,37000.0,101000.0,61000.0,186000.0,368000.0,195000.0,130000.0,250000.0,488000.0,111000.0,78000.0,80000.0,94000.0,129000.0,65000.0,73000.0,85000.0,71000.0,278333.33,70.7784,0.013962,187200.0,63.141,0.009036,128300.0,46.0639,0.004592,104666.67,37.6433,0.003337,134950.0,21.897,0.002571,132433.33,14.8754,0.001722
20261002,6264,富裔,20000.0,12000.0,35000.0,81000.0,41000.0,62000.0,25000.0,41000.0,92000.0,43000.0,104000.0,77000.0,74000.0,40000.0,9000.0,37000.0,11000.0,35000.0,27000.0,5000.0,29000.0,17000.0,6000.0,66000.0,31000.0,11000.0,5000.0,22000.0,15000.0,4000.0,22333.33,29.8507,0.000472,37800.0,10.582,0.000306,45200.0,4.4248,0.000155,50400.0,2.6455,0.000113,43550.0,2.2962,8.7e-05,35900.0,1.857,5.8e-05
20261002,6265,方土昶,2539000.0,3039000.0,898000.0,829000.0,964000.0,1088000.0,1559000.0,1132000.0,1073000.0,1168000.0,1127000.0,1869000.0,2064000.0,6679000.0,2154000.0,1970000.0,2086000.0,2581000.0,2738000.0,2914000.0,1786000.0,3002000.0,2942000.0,3339000.0,3862000.0,4980000.0,10750000.0,6913000.0,11477000.0,6160000.0,2158666.67,39.2063,0.059981,1653800.0,30.705,0.038821,1428900.0,17.7689,0.019729,1878800.0,9.0093,0.014337,2023550.0,6.2736,0.011044,3189400.0,2.6536,0.007396
20261002,6266,泰詠,2875000.0,71000.0,151000.0,60000.0,68000.0,86000.0,86000.0,118000.0,77000.0,88000.0,94000.0,80000.0,77000.0,67000.0,68000.0,272000.0,98000.0,59000.0,146000.0,97000.0,94000.0,118000.0,80000.0,122000.0,66000.0,133000.0,71000.0,73000.0,67000.0,106000.0,1032333.33,92.8318,0.067919,645000.0,89.1473,0.043958,368000.0,78.125,0.02234,271066.67,70.7083,0.016234,236900.0,60.6796,0.012505,188933.33,50.7234,0.008375
20261002,6270,倍微,429000.0,336000.0,164000.0,420000.0,167000.0,89000.0,191000.0,227000.0,250000.0,82000.0,69000.0,72000.0,113000.0,150000.0,93000.0,167000.0,219000.0,91000.0,84000.0,240000.0,129000.0,226000.0,122000.0,160000.0,109000.0,92000.0,118000.0,152000.0,155000.0,121000.0,309666.67,46.1787,0.010135,303200.0,28.2982,0.006559,235500.0,18.2166,0.003334,190133.33,15.0421,0.002422,182650.0,11.7438,0.001866,167900.0,8.517,0.00125
20261002,6274,台燿,11778000.0,4463000.0,5953000.0,5641000.0,10047000.0,6542000.0,11341000.0,11213000.0,9241000.0,21653000.0,6899000.0,6447000.0,7142000.0,4431000.0,4654000.0,8129000.0,4724000.0,5580000.0,5598000.0,4441000.0,3289000.0,4590000.0,7008000.0,4976000.0,8281000.0,5584000.0,3557000.0,5278000.0,4500000.0,5428000.0,7398000.0,53.0684,0.278243,7576400.0,31.0913,0.180083,9787200.0,12.0341,0.09152,8496333.33,9.2416,0.066506,7795850.0,7.554,0.05123,6946933.33,5.6514,0.034309
20261002,6275,元山,321000.0,226000.0,216000.0,251000.0,75000.0,119000.0,139000.0,170000.0,128000.0,124000.0,77000.0,94000.0,108000.0,102000.0,83000.0,126000.0,193000.0,507000.0,1507000.0,155000.0,140000.0,193000.0,450000.0,276000.0,1118000.0,93000.0,353000.0,134000.0,240000.0,864000.0,254333.33,42.0708,0.007583,217800.0,29.4766,0.004908,176900.0,18.1458,0.002494,148866.67,14.3753,0.001813,236050.0,6.7994,0.001396,286066.67,3.7404,0.000935
20261002,6276,安鈦克,,10000.0,10000.0,49000.0,27000.0,17000.0,15000.0,3000.0,14000.0,11000.0,16000.0,7000.0,16000.0,15000.0,79000.0,38000.0,21000.0,29000.0,17000.0,13000.0,30000.0,27000.0,18000.0,31000.0,28000.0,24000.0,21000.0,28000.0,22000.0,16000.0,10000.0,,,24000.0,,,17333.33,,,20642.86,,,21421.05,,,22482.76,,
20261002,6279,胡連,748000.0,199000.0,328000.0,213000.0,204000.0,146000.0,369000.0,382000.0,481000.0,273000.0,184000.0,233000.0,232000.0,397000.0,353000.0,357000.0,342000.0,1006000.0,460000.0,1274000.0,836000.0,654000.0,490000.0,508000.0,425000.0,332000.0,267000.0,381000.0,312000.0,385000.0,425000.0,58.6667,0.017671,338400.0,44.208,0.011437,334300.0,22.3751,0.005812,316133.33,15.7739,0.004224,409050.0,9.1431,0.003254,425700.0,5.857,0.002179
20261002,6284,佳邦,2240000.0,3157000.0,1449000.0,730000.0,380000.0,387000.0,404000.0,484000.0,317000.0,426000.0,373000.0,564000.0,713000.0,992000.0,1294000.0,440000.0,638000.0,1109000.0,1053000.0,1257000.0,869000.0,2465000.0,1396000.0,3227000.0,633000.0,944000.0,559000.0,476000.0,735000.0,1486000.0,2282000.0,32.7198,0.052918,1591200.0,28.1549,0.034249,997400.0,22.4584,0.017406,927333.33,16.1035,0.012648,920350.0,12.1693,0.009743,1039900.0,7.1802,0.006525
20261002,6290,良維,1720000.0,1763000.0,3313000.0,1622000.0,1970000.0,2229000.0,4359000.0,3117000.0,9008000.0,4382000.0,2852000.0,1629000.0,1464000.0,4913000.0,2807000.0,5089000.0,2209000.0,6022000.0,5921000.0,2604000.0,2401000.0,5294000.0,5374000.0,4794000.0,6949000.0,6158000.0,8522000.0,1126000.0,4037000.0,4546000.0,2265333.33,25.309,0.040633,2077600.0,16.5576,0.026298,3348300.0,5.1369,0.013365,3143200.0,3.6481,0.009712,3449650.0,2.493,0.007481,3939800.0,1.4552,0.00501
20261002,6291,沛亨,731000.0,552000.0,897000.0,714000.0,772000.0,887000.0,1455000.0,1156000.0,2372000.0,4828000.0,1669000.0,883000.0,2127000.0,1429000.0,2499000.0,2575000.0,2739000.0,1166000.0,2689000.0,4296000.0,2114000.0,759000.0,530000.0,1329000.0,1319000.0,962000.0,482000.0,443000.0,294000.0,477000.0,726666.67,33.5321,0.017269,733200.0,19.94,0.011177,1436400.0,5.0891,0.00568,1531400.0,3.1823,0.004128,1821800.0,2.0063,0.00318,1504833.33,1.6192,0.002129
20261002,6292,迅德,1056000.0,345000.0,171000.0,172000.0,168000.0,187000.0,356000.0,417000.0,349000.0,421000.0,130000.0,314000.0,766000.0,461000.0,423000.0,405000.0,665000.0,762000.0,144000.0,98000.0,107000.0,128000.0,106000.0,189000.0,89000.0,414000.0,94000.0,107000.0,127000.0,152000.0,524000.0,67.1756,0.024947,382400.0,55.2301,0.016146,364200.0,28.9951,0.008206,382400.0,18.41,0.005963,390500.0,13.5211,0.004593,310766.67,11.3268,0.003076
20261002,6294,智基,8000.0,5000.0,27000.0,9000.0,9000.0,5000.0,3000.0,8000.0,5000.0,12000.0,5000.0,1000.0,6000.0,16000.0,8000.0,11000.0,1000.0,11000.0,4000.0,19000.0,21000.0,13000.0,2000.0,11000.0,6000.0,16000.0,4000.0,6000.0,16000.0,36000.0,13333.33,20.0,0.000189,11600.0,13.7931,0.000122,9100.0,8.7912,6.2e-05,8466.67,6.2992,4.5e-05,8650.0,4.6243,3.5e-05,10133.33,2.6316,2.3e-05
20261002,6411,晶焱,342000.0,153000.0,191000.0,170000.0,64000.0,163000.0,190000.0,198000.0,175000.0,233000.0,92000.0,156000.0,154000.0,162000.0,159000.0,136000.0,178000.0,110000.0,240000.0,320000.0,429000.0,169000.0,211000.0,281000.0,231000.0,378000.0,189000.0,160000.0,229000.0,430000.0,228666.67,49.8542,0.008079,184000.0,37.1739,0.005229,187900.0,18.2012,0.002657,173466.67,13.1437,0.001931,179300.0,9.5371,0.001488,209766.67,5.4346,0.000996
20261002,6417,韋僑,84000.0,73000.0,68000.0,25000.0,129000.0,30000.0,73000.0,37000.0,43000.0,216000.0,844000.0,75000.0,15000.0,37000.0,34000.0,33000.0,76000.0,30000.0,37000.0,67000.0,26000.0,48000.0,34000.0,31000.0,34000.0,20000.0,21000.0,17000.0,44000.0,61000.0,75000.0,37.3333,0.001984,75800.0,22.1636,0.001284,77800.0,10.7969,0.000653,118866.67,4.7112,0.000474,101300.0,4.1461,0.000365,78733.33,3.5563,0.000245
20261002,6418,詠昇,36000.0,112000.0,81000.0,21000.0,21000.0,26000.0,59000.0,74000.0,40000.0,48000.0,58000.0,64000.0,108000.0,60000.0,152000.0,156000.0,91000.0,192000.0,71000.0,225000.0,103000.0,278000.0,463000.0,1526000.0,632000.0,61000.0,72000.0,58000.0,55000.0,36000.0,76333.33,15.7205,0.00085,54200.0,13.2841,0.00055,51800.0,6.9498,0.00028,64000.0,3.75,0.000203,84750.0,2.1239,0.000157,165966.67,0.723,0.000105
20261002,6419,京晨科,195000.0,67000.0,268000.0,120000.0,31000.0,40000.0,57000.0,114000.0,116000.0,101000.0,108000.0,139000.0,96000.0,392000.0,315000.0,140000.0,98000.0,136000.0,234000.0,359000.0,177000.0,118000.0,174000.0,237000.0,117000.0,151000.0,231000.0,259000.0,286000.0,425000.0,176666.67,36.7925,0.004607,136200.0,28.6344,0.002982,110900.0,17.5834,0.001515,143933.33,9.032,0.001101,156300.0,6.238,0.000848,176700.0,3.6786,0.000568
20261002,6423,億而得,459000.0,340000.0,28000.0,22000.0,30000.0,60000.0,43000.0,99000.0,22000.0,11000.0,13000.0,14000.0,19000.0,35000.0,10000.0,46000.0,152000.0,20000.0,32000.0,155000.0,148000.0,42000.0,12000.0,23000.0,29000.0,49000.0,44000.0,20000.0,12000.0,42000.0,275666.67,55.5018,0.010843,175800.0,52.2184,0.007018,111400.0,41.2029,0.003567,80333.33,38.0913,0.002592,80500.0,28.5093,0.001996,67700.0,22.5997,0.001337
20261002,6425,易發,1082000.0,5261000.0,4319000.0,1049000.0,590000.0,2952000.0,3471000.0,4075000.0,1711000.0,318000.0,128000.0,143000.0,142000.0,404000.0,334000.0,1005000.0,291000.0,182000.0,230000.0,441000.0,618000.0,2299000.0,1189000.0,393000.0,374000.0,875000.0,135000.0,169000.0,130000.0,191000.0,3554000.0,10.1482,0.025561,2460200.0,8.796,0.016544,2482800.0,4.358,0.008408,1731933.33,4.1649,0.00611,1406400.0,3.8467,0.004706,1150033.33,3.1361,0.003152
20261002,6432,今展科,4440000.0,3143000.0,1287000.0,189000.0,314000.0,980000.0,1297000.0,1317000.0,972000.0,218000.0,192000.0,188000.0,300000.0,286000.0,449000.0,372000.0,680000.0,425000.0,592000.0,417000.0,246000.0,390000.0,521000.0,849000.0,521000.0,368000.0,777000.0,332000.0,532000.0,566000.0,2956666.67,50.0564,0.10489,1874600.0,47.3701,0.067887,1415700.0,31.3626,0.034501,1038133.33,28.5127,0.025071,902900.0,24.5874,0.019312,772000.0,19.171,0.012934
20261002,6435,大中,1719000.0,675000.0,284000.0,298000.0,307000.0,469000.0,332000.0,163000.0,186000.0,227000.0,306000.0,198000.0,352000.0,255000.0,223000.0,184000.0,316000.0,343000.0,238000.0,402000.0,188000.0,472000.0,678000.0,1507000.0,661000.0,994000.0,339000.0,233000.0,509000.0,904000.0,892666.67,64.1897,0.04061,656600.0,52.3606,0.026283,466000.0,36.8884,0.013357,399600.0,28.6787,0.009706,373850.0,22.9905,0.007477,465400.0,12.312,0.005007
20261002,6441,廣錠,168000.0,75000.0,118000.0,197000.0,301000.0,244000.0,597000.0,421000.0,334000.0,260000.0,452000.0,195000.0,395000.0,1764000.0,1953000.0,1007000.0,336000.0,167000.0,28000.0,21000.0,6000.0,50000.0,38000.0,29000.0,32000.0,27000.0,11000.0,19000.0,58000.0,35000.0,120333.33,46.5374,0.003969,171800.0,19.5576,0.002569,271500.0,6.1878,0.001305,498266.67,2.2478,0.000949,451650.0,1.8598,0.000731,311266.67,1.7991,0.000489
20261002,6461,益得,442000.0,74000.0,61000.0,41000.0,37000.0,107000.0,94000.0,21000.0,56000.0,66000.0,24000.0,51000.0,38000.0,105000.0,268000.0,230000.0,,,,,,129000.0,205000.0,66000.0,89000.0,111000.0,190000.0,221000.0,107000.0,40000.0,192333.33,76.6031,0.010442,131000.0,67.4809,0.006758,99900.0,44.2442,0.003435,99000.0,29.7643,0.002496,107187.5,25.7726,0.001923,114920.0,15.3846,0.001288
20261002,6462,神盾,544000.0,1715000.0,1032000.0,1111000.0,209000.0,379000.0,1086000.0,220000.0,489000.0,423000.0,154000.0,273000.0,321000.0,389000.0,241000.0,300000.0,436000.0,362000.0,496000.0,377000.0,327000.0,379000.0,236000.0,514000.0,391000.0,395000.0,507000.0,350000.0,314000.0,365000.0,1097000.0,16.5299,0.012851,922200.0,11.7979,0.008318,720800.0,7.5472,0.004227,572400.0,6.3359,0.003072,527850.0,5.153,0.002366,477833.33,3.7949,0.001585
20261002,6465,威潤,77000.0,48000.0,59000.0,61000.0,75000.0,111000.0,170000.0,106000.0,138000.0,70000.0,75000.0,81000.0,83000.0,126000.0,95000.0,236000.0,243000.0,80000.0,69000.0,96000.0,147000.0,262000.0,150000.0,333000.0,116000.0,88000.0,127000.0,30000.0,106000.0,98000.0,61333.33,41.8478,0.001819,64000.0,24.0625,0.001177,91500.0,8.4153,0.000598,91666.67,5.6,0.000435,104950.0,3.6684,0.000335,118533.33,2.1654,0.000224
20261002,6469,大樹,198000.0,138000.0,221000.0,247000.0,254000.0,208000.0,268000.0,250000.0,432000.0,399000.0,492000.0,385000.0,230000.0,527000.0,118000.0,170000.0,250000.0,306000.0,174000.0,329000.0,168000.0,502000.0,408000.0,372000.0,174000.0,203000.0,360000.0,626000.0,322000.0,439000.0,185666.67,35.5476,0.004678,211600.0,18.7146,0.003027,261500.0,7.5717,0.001539,291133.33,4.534,0.001118,279800.0,3.5382,0.000861,305666.67,2.1592,0.000577
20261002,6470,宇智,39000.0,13000.0,32000.0,11000.0,11000.0,5000.0,21000.0,13000.0,25000.0,19000.0,39000.0,5000.0,29000.0,14000.0,74000.0,104000.0,6000.0,75000.0,21000.0,31000.0,23000.0,48000.0,32000.0,61000.0,52000.0,55000.0,9000.0,10000.0,13000.0,24000.0,28000.0,46.4286,0.000921,21200.0,36.7925,0.000596,18900.0,20.6349,0.000303,23333.33,11.1429,0.00022,29350.0,6.644,0.00017,30466.67,4.267,0.000114
20261002,6474,華豫寧,30000.0,87000.0,16000.0,10000.0,24000.0,49000.0,14000.0,13000.0,9000.0,5000.0,15000.0,20000.0,33000.0,48000.0,48000.0,20000.0,12000.0,21000.0,13000.0,24000.0,40000.0,47000.0,81000.0,141000.0,389000.0,168000.0,85000.0,53000.0,95000.0,127000.0,44333.33,22.5564,0.000709,33400.0,17.9641,0.000459,25700.0,11.6732,0.000233,28066.67,7.1259,0.000169,25550.0,5.8708,0.00013,57900.0,1.7271,8.7e-05
20261002,6482,弘煜科,1000.0,8000.0,4000.0,3000.0,50000.0,30000.0,,12000.0,26000.0,13000.0,11000.0,7000.0,1000.0,18000.0,5000.0,25000.0,1000.0,3000.0,11000.0,17000.0,11000.0,15000.0,24000.0,28000.0,6000.0,20000.0,95000.0,31000.0,19000.0,7000.0,4333.33,7.6923,2.4e-05,13200.0,1.5152,1.5e-05,16333.33,0.6803,8e-06,13500.0,0.5291,6e-06,12947.37,0.4065,4e-06,17310.34,0.1992,3e-06
20261002,6485,點序,2924000.0,3540000.0,2135000.0,267000.0,478000.0,543000.0,1562000.0,1240000.0,1262000.0,285000.0,122000.0,111000.0,91000.0,132000.0,127000.0,99000.0,129000.0,135000.0,283000.0,268000.0,206000.0,141000.0,233000.0,334000.0,242000.0,245000.0,123000.0,78000.0,167000.0,255000.0,2866333.33,34.004,0.069077,1868800.0,31.2928,0.044707,1423600.0,20.5395,0.022721,987933.33,19.7314,0.016511,786650.0,18.5851,0.012718,591900.0,16.4667,0.008518
20261002,6486,互動,45000.0,55000.0,43000.0,42000.0,35000.0,22000.0,65000.0,56000.0,52000.0,86000.0,62000.0,59000.0,73000.0,71000.0,86000.0,165000.0,181000.0,242000.0,501000.0,2345000.0,576000.0,106000.0,58000.0,41000.0,132000.0,109000.0,49000.0,37000.0,41000.0,64000.0,47666.67,31.4685,0.001063,44000.0,20.4545,0.000688,50100.0,8.982,0.00035,56800.0,5.2817,0.000254,214300.0,1.0499,0.000196,183300.0,0.8183,0.000131
20261002,6488,環球晶,15514000.0,23578000.0,17757000.0,8849000.0,9201000.0,28081000.0,17667000.0,6661000.0,15354000.0,9793000.0,6476000.0,7277000.0,3954000.0,4372000.0,7247000.0,4255000.0,9122000.0,8393000.0,8077000.0,7319000.0,6929000.0,12008000.0,10890000.0,11084000.0,7648000.0,9107000.0,11429000.0,7461000.0,8902000.0,10429000.0,18949666.67,27.2898,0.366502,14979800.0,20.7132,0.237206,15245500.0,10.1761,0.12055,12118733.33,8.5344,0.087601,10947350.0,7.0857,0.06748,10494466.67,4.9277,0.045192
20261002,6492,生華科,123000.0,142000.0,191000.0,69000.0,123000.0,183000.0,112000.0,145000.0,200000.0,328000.0,92000.0,174000.0,152000.0,132000.0,168000.0,113000.0,236000.0,415000.0,287000.0,272000.0,160000.0,148000.0,367000.0,287000.0,584000.0,452000.0,475000.0,2112000.0,158000.0,132000.0,152000.0,26.9737,0.002906,129600.0,18.9815,0.001881,161600.0,7.6114,0.000956,155600.0,5.2699,0.000695,182850.0,3.3634,0.000535,284400.0,1.4416,0.000358
20261002,6494,九齊,85000.0,106000.0,68000.0,93000.0,63000.0,82000.0,180000.0,141000.0,115000.0,56000.0,78000.0,45000.0,58000.0,71000.0,66000.0,225000.0,92000.0,107000.0,125000.0,188000.0,61000.0,87000.0,65000.0,67000.0,106000.0,155000.0,91000.0,71000.0,106000.0,228000.0,86333.33,32.8185,0.002008,83000.0,20.4819,0.0013,98900.0,8.5945,0.00066,87133.33,6.5034,0.00048,102200.0,4.1585,0.00037,102700.0,2.7588,0.000248
20261002,6496,科懋,6000.0,12000.0,157000.0,,19000.0,22000.0,12000.0,15000.0,9000.0,2000.0,14000.0,2000.0,5000.0,,1000.0,2000.0,,2000.0,,8000.0,9000.0,5000.0,23000.0,2000.0,10000.0,7000.0,1000.0,12000.0,,16000.0,58333.33,3.4286,0.000142,48500.0,3.0928,9.2e-05,28222.22,2.3622,4.7e-05,21230.77,2.1739,3.4e-05,18000.0,2.0833,2.6e-05,14920.0,1.6086,1.7e-05
20261002,6498,久禾光,57000.0,90000.0,78000.0,58000.0,68000.0,57000.0,79000.0,123000.0,102000.0,116000.0,93000.0,110000.0,136000.0,413000.0,155000.0,171000.0,309000.0,262000.0,149000.0,390000.0,381000.0,158000.0,68000.0,199000.0,192000.0,153000.0,68000.0,65000.0,30000.0,65000.0,75000.0,25.3333,0.001347,70200.0,16.2393,0.000872,82800.0,6.8841,0.000443,115666.67,3.2853,0.000322,150800.0,1.8899,0.000248,146500.0,1.2969,0.000166
20261002,6499,益安,271000.0,707000.0,484000.0,139000.0,136000.0,246000.0,313000.0,497000.0,398000.0,203000.0,218000.0,129000.0,165000.0,194000.0,221000.0,204000.0,170000.0,103000.0,252000.0,414000.0,534000.0,667000.0,1127000.0,1115000.0,840000.0,737000.0,123000.0,503000.0,655000.0,102000.0,487333.33,18.5363,0.006402,347400.0,15.6016,0.004144,339400.0,7.9847,0.002106,288066.67,6.2717,0.00153,273200.0,4.9597,0.001179,395566.67,2.2836,0.000789
20261002,6506,雙邦,60000.0,32000.0,51000.0,34000.0,128000.0,20000.0,29000.0,42000.0,35000.0,80000.0,22000.0,37000.0,77000.0,60000.0,29000.0,48000.0,79000.0,57000.0,92000.0,184000.0,44000.0,53000.0,26000.0,32000.0,46000.0,20000.0,40000.0,96000.0,40000.0,90000.0,47666.67,41.958,0.001417,61000.0,19.6721,0.000917,51100.0,11.7417,0.000466,49066.67,8.1522,0.000339,59800.0,5.0167,0.000261,56100.0,3.5651,0.000175
20261002,6508,惠光,37000.0,19000.0,30000.0,24000.0,38000.0,115000.0,372000.0,1197000.0,256000.0,13000.0,7000.0,17000.0,34000.0,44000.0,26000.0,24000.0,34000.0,19000.0,17000.0,4000.0,5000.0,11000.0,25000.0,18000.0,6000.0,18000.0,30000.0,24000.0,76000.0,9000.0,28666.67,43.0233,0.000874,29600.0,25.0,0.000566,210100.0,1.7611,0.000288,148600.0,1.6599,0.000209,116350.0,1.59,0.000161,84966.67,1.4515,0.000108
20261002,6509,聚和,1940000.0,644000.0,1798000.0,823000.0,481000.0,478000.0,680000.0,810000.0,794000.0,383000.0,564000.0,738000.0,467000.0,651000.0,355000.0,545000.0,517000.0,540000.0,798000.0,941000.0,954000.0,602000.0,807000.0,860000.0,715000.0,547000.0,869000.0,727000.0,863000.0,429000.0,1460666.67,44.272,0.045831,1137200.0,34.1189,0.029662,883100.0,21.9681,0.015075,773733.33,16.7155,0.010954,747350.0,12.9792,0.008438,744000.0,8.6918,0.005651
20261002,6510,精測,526000.0,959000.0,965000.0,692000.0,976000.0,1522000.0,1454000.0,1348000.0,450000.0,639000.0,663000.0,767000.0,830000.0,1060000.0,981000.0,1759000.0,1368000.0,1500000.0,1218000.0,1865000.0,1708000.0,832000.0,906000.0,428000.0,342000.0,398000.0,157000.0,290000.0,411000.0,382000.0,816666.67,21.4694,0.012426,823600.0,12.7732,0.008042,953100.0,5.5188,0.004087,922133.33,3.8028,0.00297,1077100.0,2.4417,0.002288,913200.0,1.92,0.001532
20261002,6512,啟發電,3000.0,5000.0,3000.0,1000.0,7000.0,4000.0,18000.0,4000.0,,3000.0,4000.0,7000.0,5000.0,12000.0,7000.0,3000.0,8000.0,1000.0,5000.0,5000.0,,6000.0,3000.0,1000.0,5000.0,,2000.0,4000.0,13000.0,2000.0,3666.67,27.2727,7.1e-05,3800.0,15.7895,4.6e-05,5333.33,6.25,2.3e-05,5928.57,3.6145,1.7e-05,5526.32,2.8571,1.3e-05,5222.22,2.1277,9e-06
20261002,6516,勤崴國際,40000.0,25000.0,31000.0,40000.0,36000.0,49000.0,27000.0,23000.0,53000.0,52000.0,55000.0,153000.0,28000.0,17000.0,19000.0,34000.0,30000.0,37000.0,40000.0,23000.0,21000.0,30000.0,21000.0,29000.0,98000.0,36000.0,9000.0,19000.0,22000.0,57000.0,32000.0,41.6667,0.000945,34400.0,23.2558,0.000612,37600.0,10.6383,0.000311,43200.0,6.1728,0.000226,40600.0,4.9261,0.000174,38466.67,3.4662,0.000117
20261002,6517,保勝光學,355000.0,89000.0,89000.0,130000.0,79000.0,145000.0,411000.0,325000.0,356000.0,182000.0,291000.0,174000.0,323000.0,359000.0,214000.0,190000.0,447000.0,528000.0,668000.0,981000.0,1088000.0,588000.0,603000.0,1359000.0,2017000.0,2714000.0,430000.0,523000.0,618000.0,1782000.0,177666.67,66.6041,0.008387,148400.0,47.8437,0.005428,216100.0,16.4276,0.002758,234800.0,10.0795,0.002005,316800.0,5.6029,0.001544,601933.33,1.9659,0.001034
20261002,6523,達爾膚,20000.0,21000.0,109000.0,35000.0,27000.0,20000.0,21000.0,16000.0,3000.0,4000.0,11000.0,15000.0,20000.0,14000.0,17000.0,12000.0,20000.0,13000.0,27000.0,24000.0,39000.0,9000.0,16000.0,11000.0,11000.0,10000.0,13000.0,21000.0,35000.0,27000.0,50000.0,13.3333,0.000472,42400.0,9.434,0.000306,27600.0,7.2464,0.000155,23533.33,5.6657,0.000113,22450.0,4.4543,8.7e-05,21366.67,3.1201,5.8e-05
20261002,6527,明達醫,33000.0,28000.0,37000.0,10000.0,24000.0,18000.0,26000.0,12000.0,21000.0,11000.0,11000.0,16000.0,18000.0,29000.0,72000.0,119000.0,22000.0,9000.0,10000.0,13000.0,6000.0,17000.0,7000.0,5000.0,11000.0,11000.0,16000.0,15000.0,7000.0,10000.0,32666.67,33.6735,0.00078,26400.0,25.0,0.000505,22000.0,15.0,0.000256,24400.0,9.0164,0.000186,26950.0,6.1224,0.000144,21466.67,5.1242,9.6e-05
20261002,6530,創威,1584000.0,1692000.0,3494000.0,1006000.0,1710000.0,1620000.0,1977000.0,2204000.0,3043000.0,5258000.0,1735000.0,1046000.0,604000.0,1038000.0,4013000.0,3847000.0,3805000.0,1541000.0,2612000.0,3938000.0,8610000.0,5684000.0,1182000.0,1455000.0,2660000.0,1933000.0,750000.0,682000.0,696000.0,459000.0,2256666.67,23.3973,0.03742,1897200.0,16.6983,0.024219,2358800.0,6.7153,0.012308,2134933.33,4.9463,0.008944,2388350.0,3.3161,0.00689,2395933.33,2.2037,0.004614
20261002,6532,瑞耘,1529000.0,5816000.0,1499000.0,2166000.0,400000.0,347000.0,495000.0,829000.0,1224000.0,555000.0,278000.0,285000.0,308000.0,820000.0,789000.0,831000.0,540000.0,543000.0,875000.0,1726000.0,766000.0,1878000.0,1391000.0,351000.0,436000.0,390000.0,806000.0,365000.0,938000.0,1041000.0,2948000.0,17.2886,0.036121,2282000.0,13.4005,0.023378,1486000.0,10.2894,0.011881,1156000.0,8.8178,0.008634,1092750.0,6.9961,0.006651,1007233.33,5.0601,0.004454
20261002,6535,順藥,273000.0,200000.0,241000.0,195000.0,225000.0,373000.0,104000.0,164000.0,356000.0,193000.0,140000.0,112000.0,145000.0,228000.0,276000.0,342000.0,260000.0,169000.0,351000.0,898000.0,469000.0,646000.0,2016000.0,244000.0,404000.0,446000.0,313000.0,185000.0,210000.0,366000.0,238000.0,38.2353,0.006449,226800.0,24.0741,0.004174,232400.0,11.747,0.002121,215000.0,8.4651,0.001542,262250.0,5.205,0.001187,351466.67,2.5892,0.000795
20261002,6538,倉和,1880000.0,1571000.0,2075000.0,3524000.0,2460000.0,2771000.0,4188000.0,2485000.0,2382000.0,789000.0,453000.0,168000.0,423000.0,954000.0,757000.0,1132000.0,1002000.0,5836000.0,9472000.0,495000.0,545000.0,821000.0,2987000.0,2804000.0,2469000.0,2444000.0,1519000.0,4033000.0,3281000.0,2353000.0,1842000.0,34.021,0.044413,2302000.0,16.3336,0.028745,2412500.0,7.7927,0.014608,1792000.0,6.994,0.010616,2240850.0,4.1948,0.008177,2269100.0,2.7617,0.005476
20261002,6542,隆中,5000.0,4000.0,8000.0,,5000.0,10000.0,8000.0,12000.0,5000.0,24000.0,22000.0,1000.0,10000.0,1000.0,4000.0,,2000.0,9000.0,7000.0,1000.0,12000.0,18000.0,,,68000.0,4000.0,2000.0,2000.0,10000.0,2000.0,5666.67,29.4118,0.000118,5500.0,22.7273,7.6e-05,9000.0,6.1728,3.9e-05,8500.0,4.2017,2.8e-05,7666.67,3.6232,2.2e-05,9846.15,1.9531,1.5e-05
20261002,6546,正基,169000.0,160000.0,219000.0,374000.0,204000.0,1419000.0,138000.0,164000.0,153000.0,223000.0,87000.0,107000.0,97000.0,129000.0,153000.0,173000.0,150000.0,265000.0,226000.0,255000.0,154000.0,132000.0,115000.0,204000.0,203000.0,174000.0,156000.0,116000.0,179000.0,138000.0,182666.67,30.8394,0.003992,225200.0,15.0089,0.002584,322300.0,5.2436,0.001313,253066.67,4.4521,0.000954,243250.0,3.4738,0.000735,214533.33,2.6259,0.000492
20261002,6547,高端疫苗,3098000.0,3053000.0,3686000.0,2826000.0,2506000.0,2922000.0,3566000.0,2606000.0,4709000.0,2311000.0,2486000.0,2531000.0,5796000.0,7604000.0,19245000.0,6563000.0,3048000.0,3575000.0,3208000.0,2906000.0,3293000.0,7875000.0,6832000.0,11885000.0,22608000.0,10171000.0,5174000.0,6327000.0,4462000.0,2811000.0,3279000.0,31.4933,0.073187,3033800.0,20.4232,0.047368,3128300.0,9.9031,0.024073,4596333.33,4.4934,0.017493,4412250.0,3.5107,0.013475,5656100.0,1.8258,0.009024
20261002,6548,長科*,8599000.0,3809000.0,993000.0,854000.0,1346000.0,2436000.0,1532000.0,4416000.0,5357000.0,3226000.0,1078000.0,1707000.0,2806000.0,1224000.0,1448000.0,1688000.0,3047000.0,5425000.0,3519000.0,2166000.0,2874000.0,1689000.0,2423000.0,3095000.0,3721000.0,5122000.0,2496000.0,932000.0,1897000.0,2199000.0,4467000.0,64.1669,0.203143,3120200.0,55.1183,0.131477,3256800.0,26.4032,0.066818,2722066.67,21.06,0.048555,2833800.0,15.1722,0.037402,2770800.0,10.3448,0.025049
20261002,6556,勝品,7000.0,7000.0,4000.0,5000.0,4000.0,2000.0,4000.0,2000.0,3000.0,2000.0,4000.0,9000.0,3000.0,23000.0,13000.0,3000.0,3000.0,9000.0,3000.0,9000.0,8000.0,3000.0,11000.0,2000.0,7000.0,6000.0,4000.0,5000.0,15000.0,12000.0,6000.0,38.8889,0.000165,5400.0,25.9259,0.000107,4000.0,17.5,5.4e-05,6133.33,7.6087,4e-05,5950.0,5.8824,3e-05,6400.0,3.6458,2e-05
20261002,6560,欣普羅,42000.0,27000.0,19000.0,22000.0,16000.0,16000.0,31000.0,43000.0,54000.0,193000.0,128000.0,108000.0,1000.0,11000.0,16000.0,36000.0,28000.0,14000.0,5000.0,9000.0,13000.0,27000.0,12000.0,27000.0,23000.0,9000.0,,23000.0,4000.0,13000.0,29333.33,47.7273,0.000992,25200.0,33.3333,0.000642,46300.0,9.0713,0.000326,48466.67,5.7772,0.000237,40950.0,5.1282,0.000183,33448.28,4.3299,0.000122
20261002,6561,是方,49000.0,51000.0,93000.0,125000.0,75000.0,66000.0,34000.0,31000.0,25000.0,27000.0,35000.0,102000.0,51000.0,72000.0,55000.0,56000.0,32000.0,53000.0,31000.0,33000.0,52000.0,43000.0,32000.0,29000.0,33000.0,25000.0,24000.0,13000.0,37000.0,33000.0,64333.33,25.3886,0.001158,78600.0,12.4682,0.000749,57600.0,8.5069,0.000381,59400.0,5.4994,0.000277,54800.0,4.4708,0.000213,47233.33,3.458,0.000143
20261002,6568,宏觀,62000.0,53000.0,206000.0,135000.0,91000.0,141000.0,90000.0,73000.0,132000.0,183000.0,178000.0,34000.0,59000.0,113000.0,68000.0,48000.0,57000.0,41000.0,83000.0,153000.0,240000.0,47000.0,41000.0,50000.0,133000.0,61000.0,62000.0,31000.0,57000.0,79000.0,107000.0,19.3146,0.001465,109400.0,11.3346,0.000948,116600.0,5.3173,0.000482,107866.67,3.8319,0.00035,100000.0,3.1,0.00027,93366.67,2.2135,0.000181
20261002,6569,醫揚,7000.0,8000.0,12000.0,36000.0,22000.0,14000.0,19000.0,24000.0,21000.0,12000.0,7000.0,13000.0,23000.0,27000.0,19000.0,69000.0,20000.0,84000.0,27000.0,34000.0,26000.0,31000.0,34000.0,31000.0,43000.0,38000.0,39000.0,28000.0,60000.0,79000.0,9000.0,25.9259,0.000165,17000.0,8.2353,0.000107,17500.0,4.0,5.4e-05,17600.0,2.6515,4e-05,24900.0,1.4056,3e-05,30233.33,0.7718,2e-05
20261002,6570,維田,70000.0,149000.0,98000.0,117000.0,29000.0,101000.0,70000.0,79000.0,53000.0,80000.0,23000.0,147000.0,40000.0,61000.0,68000.0,50000.0,228000.0,100000.0,94000.0,85000.0,100000.0,86000.0,118000.0,146000.0,88000.0,52000.0,52000.0,160000.0,149000.0,70000.0,105666.67,22.082,0.001654,92600.0,15.1188,0.00107,84600.0,8.2742,0.000544,79000.0,5.9072,0.000395,87100.0,4.0184,0.000304,92100.0,2.5335,0.000204
20261002,6574,霈方,21000.0,9000.0,27000.0,21000.0,18000.0,27000.0,37000.0,40000.0,47000.0,46000.0,16000.0,10000.0,9000.0,26000.0,29000.0,17000.0,10000.0,25000.0,18000.0,29000.0,26000.0,47000.0,18000.0,39000.0,47000.0,38000.0,23000.0,77000.0,27000.0,22000.0,19000.0,36.8421,0.000496,19200.0,21.875,0.000321,29300.0,7.1672,0.000163,25533.33,5.483,0.000119,24100.0,4.3568,9.1e-05,28200.0,2.4823,6.1e-05
20261002,6576,逸達,179000.0,101000.0,56000.0,116000.0,36000.0,37000.0,65000.0,61000.0,391000.0,70000.0,78000.0,63000.0,141000.0,161000.0,129000.0,146000.0,138000.0,349000.0,166000.0,77000.0,67000.0,89000.0,113000.0,95000.0,41000.0,75000.0,109000.0,78000.0,86000.0,41000.0,112000.0,53.2738,0.004229,97600.0,36.6803,0.002737,111200.0,16.0971,0.001391,112266.67,10.6295,0.001011,128000.0,6.9922,0.000779,111800.0,5.3369,0.000521
20261002,6577,勁豐,65000.0,50000.0,26000.0,15000.0,12000.0,36000.0,43000.0,30000.0,44000.0,15000.0,15000.0,18000.0,13000.0,3000.0,28000.0,152000.0,40000.0,31000.0,25000.0,27000.0,9000.0,44000.0,95000.0,22000.0,32000.0,31000.0,84000.0,23000.0,23000.0,37000.0,47000.0,46.0993,0.001536,33600.0,38.6905,0.000994,33600.0,19.3452,0.000505,27533.33,15.7385,0.000367,34400.0,9.4477,0.000283,36266.67,5.9743,0.000189
20261002,6578,達邦蛋白,12000.0,9000.0,47000.0,18000.0,183000.0,75000.0,39000.0,63000.0,72000.0,62000.0,44000.0,26000.0,56000.0,22000.0,78000.0,16000.0,104000.0,56000.0,253000.0,127000.0,27000.0,23000.0,9000.0,41000.0,38000.0,14000.0,36000.0,51000.0,35000.0,12000.0,22666.67,17.6471,0.000283,53800.0,4.461,0.000183,58000.0,2.069,9.3e-05,53733.33,1.4888,6.8e-05,68100.0,0.8811,5.2e-05,54933.33,0.7282,3.5e-05
20261002,6584,南俊國際,384000.0,259000.0,160000.0,162000.0,218000.0,229000.0,385000.0,326000.0,871000.0,290000.0,249000.0,182000.0,348000.0,470000.0,696000.0,543000.0,386000.0,455000.0,551000.0,810000.0,1221000.0,1402000.0,4121000.0,4602000.0,776000.0,273000.0,452000.0,318000.0,567000.0,698000.0,267666.67,47.8207,0.009072,236600.0,32.4598,0.005871,328400.0,11.6931,0.002984,348600.0,7.3437,0.002168,398700.0,4.8157,0.00167,746800.0,1.714,0.001119
20261002,6588,東典光電,1545000.0,1004000.0,1068000.0,699000.0,588000.0,2229000.0,1650000.0,1167000.0,3914000.0,6703000.0,1127000.0,965000.0,1475000.0,1069000.0,1413000.0,2690000.0,7824000.0,5404000.0,1179000.0,1382000.0,2098000.0,1578000.0,2197000.0,2044000.0,2584000.0,7670000.0,1945000.0,4483000.0,4582000.0,1906000.0,1205666.67,42.715,0.036499,980800.0,31.5049,0.023623,2056700.0,7.512,0.012005,1774400.0,5.8048,0.008724,2254750.0,3.4261,0.00672,2539400.0,2.028,0.004501
20261002,6590,普鴻,24000.0,15000.0,25000.0,13000.0,18000.0,33000.0,29000.0,15000.0,54000.0,155000.0,215000.0,148000.0,29000.0,15000.0,18000.0,3000.0,31000.0,42000.0,24000.0,19000.0,5000.0,14000.0,6000.0,19000.0,12000.0,4000.0,4000.0,7000.0,1000.0,4000.0,21333.33,37.5,0.000567,19000.0,25.2632,0.000367,38100.0,6.2992,0.000186,53733.33,2.9777,0.000136,46250.0,2.5946,0.000104,33366.67,2.3976,7e-05
20261002,6593,台灣銘板,17000.0,18000.0,10000.0,21000.0,14000.0,40000.0,4000.0,34000.0,13000.0,3000.0,18000.0,19000.0,12000.0,7000.0,31000.0,21000.0,41000.0,94000.0,80000.0,29000.0,210000.0,105000.0,24000.0,29000.0,8000.0,28000.0,19000.0,21000.0,6000.0,24000.0,15000.0,37.7778,0.000402,16000.0,21.25,0.00026,17400.0,9.7701,0.000132,17400.0,6.5134,9.6e-05,26300.0,3.2319,7.4e-05,33333.33,1.7,5e-05
20261002,6596,寬宏藝術,58000.0,55000.0,89000.0,60000.0,29000.0,122000.0,76000.0,181000.0,72000.0,97000.0,43000.0,96000.0,83000.0,150000.0,46000.0,47000.0,51000.0,96000.0,50000.0,151000.0,74000.0,50000.0,85000.0,69000.0,82000.0,58000.0,141000.0,192000.0,99000.0,192000.0,67333.33,28.7129,0.00137,58200.0,19.9313,0.000887,83900.0,6.913,0.000451,83800.0,4.6142,0.000328,82600.0,3.5109,0.000252,89800.0,2.1529,0.000169
20261002,6597,立誠,10000.0,62000.0,6000.0,2000.0,4000.0,5000.0,18000.0,5000.0,14000.0,11000.0,1000.0,,,,4000.0,7000.0,,1000.0,5000.0,3000.0,4000.0,,26000.0,3000.0,,2000.0,,13000.0,14000.0,63000.0,26000.0,12.8205,0.000236,16800.0,11.9048,0.000153,13700.0,7.2993,7.8e-05,11833.33,7.0423,5.6e-05,9875.0,6.3291,4.3e-05,12304.35,3.5336,2.9e-05
20261002,6603,富強鑫,10819000.0,7449000.0,6951000.0,4568000.0,1072000.0,1477000.0,3884000.0,4185000.0,8914000.0,6344000.0,760000.0,2021000.0,1912000.0,613000.0,574000.0,622000.0,530000.0,661000.0,606000.0,1306000.0,428000.0,763000.0,1026000.0,1049000.0,1400000.0,1113000.0,1643000.0,847000.0,1301000.0,1703000.0,8406333.33,42.9002,0.255588,6171800.0,35.0595,0.16542,5566300.0,19.4366,0.084068,4102866.67,17.5796,0.06109,3263400.0,16.5763,0.047059,2551366.67,14.1349,0.031515
20261002,6609,瀧澤科,78000.0,60000.0,75000.0,60000.0,33000.0,68000.0,73000.0,98000.0,56000.0,154000.0,150000.0,107000.0,55000.0,67000.0,59000.0,144000.0,76000.0,83000.0,106000.0,161000.0,286000.0,141000.0,79000.0,95000.0,124000.0,84000.0,84000.0,80000.0,107000.0,89000.0,71000.0,36.6197,0.001843,61200.0,25.4902,0.001193,75500.0,10.3311,0.000606,79533.33,6.5381,0.00044,88150.0,4.4243,0.000339,97733.33,2.6603,0.000227
20261002,6612,奈米醫材,95000.0,117000.0,36000.0,15000.0,31000.0,11000.0,23000.0,9000.0,11000.0,22000.0,31000.0,39000.0,2000.0,82000.0,3000.0,25000.0,27000.0,20000.0,22000.0,28000.0,43000.0,14000.0,29000.0,54000.0,21000.0,48000.0,32000.0,41000.0,42000.0,34000.0,82666.67,38.3065,0.002244,58800.0,32.3129,0.001453,37000.0,25.6757,0.000738,35133.33,18.0266,0.000536,32450.0,14.6379,0.000413,33566.67,9.434,0.000277
20261002,6613,朋億*,248000.0,391000.0,206000.0,134000.0,139000.0,168000.0,285000.0,153000.0,323000.0,186000.0,153000.0,175000.0,157000.0,175000.0,262000.0,159000.0,200000.0,302000.0,211000.0,461000.0,531000.0,639000.0,2531000.0,823000.0,731000.0,462000.0,100000.0,121000.0,207000.0,194000.0,281666.67,29.3491,0.005859,223600.0,22.1825,0.003792,223300.0,11.1061,0.001927,210333.33,7.8605,0.0014,224400.0,5.5258,0.001079,360900.0,2.2906,0.000722
20261002,6615,慧智,9000.0,6000.0,3000.0,3000.0,,11000.0,1000.0,,5000.0,4000.0,5000.0,1000.0,3000.0,,12000.0,5000.0,23000.0,9000.0,,2000.0,2000.0,6000.0,4000.0,13000.0,11000.0,2000.0,11000.0,14000.0,3000.0,2000.0,6000.0,50.0,0.000213,5250.0,42.8571,0.000138,5250.0,21.4286,7e-05,5250.0,14.2857,5.1e-05,6375.0,8.8235,3.9e-05,6538.46,5.2941,2.6e-05
20261002,6616,特昇-KY,5000.0,14000.0,7000.0,55000.0,17000.0,57000.0,13000.0,5000.0,17000.0,13000.0,13000.0,10000.0,2000.0,6000.0,2000.0,45000.0,2000.0,12000.0,9000.0,16000.0,10000.0,14000.0,54000.0,26000.0,18000.0,21000.0,7000.0,25000.0,34000.0,7000.0,8666.67,19.2308,0.000118,19600.0,5.102,7.6e-05,20300.0,2.4631,3.9e-05,15733.33,2.1186,2.8e-05,16000.0,1.5625,2.2e-05,17866.67,0.9328,1.5e-05
20261002,6617,共信-KY,541000.0,795000.0,688000.0,404000.0,551000.0,1087000.0,655000.0,447000.0,870000.0,3158000.0,1376000.0,827000.0,405000.0,439000.0,745000.0,997000.0,3915000.0,520000.0,1213000.0,1087000.0,1202000.0,970000.0,737000.0,1315000.0,2101000.0,1653000.0,1358000.0,1617000.0,292000.0,254000.0,674666.67,26.7292,0.012781,595800.0,18.1605,0.008272,919600.0,5.883,0.004204,865866.67,4.1654,0.003055,1036000.0,2.611,0.002353,1073966.67,1.6791,0.001576
20261002,6620,漢達,3947000.0,9013000.0,7305000.0,2876000.0,2685000.0,2843000.0,5198000.0,6121000.0,9844000.0,2014000.0,2935000.0,1989000.0,1382000.0,1336000.0,2128000.0,2892000.0,5890000.0,9307000.0,6781000.0,3548000.0,2888000.0,4695000.0,650000.0,1182000.0,264000.0,187000.0,159000.0,212000.0,184000.0,283000.0,6755000.0,19.4769,0.093244,5165200.0,15.283,0.060349,5184600.0,7.6129,0.03067,4107733.33,6.4058,0.022287,4501700.0,4.3839,0.017168,3357933.33,3.9181,0.011498
20261002,6624,萬年清,7000.0,6000.0,10000.0,8000.0,1000.0,2000.0,12000.0,9000.0,13000.0,7000.0,9000.0,11000.0,17000.0,10000.0,1000.0,1000.0,,,1000.0,9000.0,7000.0,1000.0,,3000.0,2000.0,3000.0,1000.0,15000.0,2000.0,1000.0,7666.67,30.4348,0.000165,6400.0,21.875,0.000107,7500.0,9.3333,5.4e-05,8200.0,5.6911,4e-05,7444.44,5.2239,3e-05,6259.26,4.142,2e-05
20261002,6629,泰金-KY,27000.0,4000.0,4000.0,3000.0,14000.0,8000.0,16000.0,24000.0,9000.0,45000.0,4000.0,7000.0,2000.0,5000.0,157000.0,6000.0,26000.0,29000.0,4000.0,30000.0,14000.0,49000.0,5000.0,12000.0,57000.0,13000.0,24000.0,2000.0,46000.0,8000.0,11666.67,77.1429,0.000638,10400.0,51.9231,0.000413,15400.0,17.5325,0.00021,21933.33,8.2067,0.000152,21200.0,6.3679,0.000117,21800.0,4.1284,7.9e-05
20261002,6637,醫影,10000.0,27000.0,15000.0,8000.0,17000.0,33000.0,10000.0,9000.0,10000.0,18000.0,19000.0,10000.0,2000.0,13000.0,16000.0,22000.0,74000.0,21000.0,16000.0,16000.0,24000.0,38000.0,50000.0,43000.0,130000.0,105000.0,120000.0,35000.0,84000.0,75000.0,17333.33,19.2308,0.000236,15400.0,12.987,0.000153,15700.0,6.3694,7.8e-05,14466.67,4.6083,5.6e-05,18300.0,2.7322,4.3e-05,35666.67,0.9346,2.9e-05
20261002,6640,均華,286000.0,684000.0,259000.0,419000.0,301000.0,261000.0,627000.0,298000.0,501000.0,316000.0,119000.0,190000.0,360000.0,368000.0,346000.0,543000.0,681000.0,975000.0,1184000.0,1215000.0,1280000.0,1240000.0,616000.0,214000.0,446000.0,178000.0,291000.0,338000.0,178000.0,266000.0,409666.67,23.271,0.006756,389800.0,14.6742,0.004373,395200.0,7.2368,0.002222,355666.67,5.3608,0.001615,496650.0,2.8793,0.001244,499333.33,1.9092,0.000833
20261002,6642,富致,237000.0,376000.0,161000.0,316000.0,49000.0,91000.0,116000.0,54000.0,102000.0,51000.0,30000.0,51000.0,46000.0,133000.0,153000.0,110000.0,257000.0,233000.0,259000.0,225000.0,148000.0,264000.0,159000.0,276000.0,315000.0,92000.0,200000.0,101000.0,394000.0,199000.0,258000.0,30.6202,0.005599,227800.0,20.8077,0.003624,155300.0,15.2608,0.001842,131066.67,12.0549,0.001338,152500.0,7.7705,0.001031,173266.67,4.5594,0.00069
20261002,6643,M31,760000.0,2139000.0,2551000.0,1546000.0,3032000.0,905000.0,1787000.0,1044000.0,908000.0,740000.0,169000.0,194000.0,419000.0,368000.0,258000.0,429000.0,981000.0,164000.0,150000.0,279000.0,178000.0,571000.0,1217000.0,241000.0,336000.0,409000.0,94000.0,109000.0,133000.0,224000.0,1816666.67,13.945,0.017954,2005600.0,7.5788,0.01162,1541200.0,4.9312,0.005906,1121333.33,4.5184,0.004291,941150.0,4.0376,0.003306,744500.0,3.4027,0.002214
20261002,6649,台生材,40000.0,112000.0,3000.0,22000.0,92000.0,6000.0,2000.0,21000.0,1000.0,40000.0,35000.0,23000.0,33000.0,63000.0,82000.0,43000.0,31000.0,31000.0,5000.0,33000.0,,12000.0,20000.0,25000.0,12000.0,24000.0,17000.0,47000.0,53000.0,40000.0,51666.67,25.8065,0.000945,53800.0,14.8699,0.000612,33900.0,11.7994,0.000311,38333.33,6.9565,0.000226,35900.0,5.571,0.000174,33379.31,4.1322,0.000117
20261002,6651,全宇昕,163000.0,78000.0,334000.0,157000.0,313000.0,139000.0,159000.0,475000.0,172000.0,140000.0,95000.0,43000.0,123000.0,144000.0,100000.0,73000.0,231000.0,168000.0,106000.0,131000.0,122000.0,502000.0,133000.0,352000.0,262000.0,557000.0,212000.0,431000.0,128000.0,205000.0,191666.67,28.3478,0.003851,209000.0,15.5981,0.002492,213000.0,7.6526,0.001267,175666.67,6.186,0.00092,167200.0,4.8744,0.000709,208266.67,2.6088,0.000475
20261002,6654,天正國際,94000.0,62000.0,83000.0,21000.0,21000.0,38000.0,38000.0,48000.0,34000.0,9000.0,18000.0,16000.0,21000.0,29000.0,19000.0,72000.0,144000.0,83000.0,143000.0,226000.0,101000.0,196000.0,106000.0,39000.0,10000.0,9000.0,18000.0,3000.0,16000.0,14000.0,79666.67,39.3305,0.002221,56200.0,33.452,0.001437,44800.0,20.9821,0.00073,36733.33,17.0599,0.000531,60950.0,7.7112,0.000409,57700.0,5.4304,0.000274
20261002,6661,威健生技,,,,19000.0,5000.0,,11000.0,12000.0,6000.0,5000.0,2000.0,6000.0,3000.0,5000.0,4000.0,3000.0,2000.0,7000.0,11000.0,,3000.0,2000.0,4000.0,11000.0,1000.0,7000.0,3000.0,2000.0,4000.0,3000.0,,,,12000.0,,,9666.67,,,7090.91,,,6733.33,,,5640.0,,
20261002,6662,樂斯科,16000.0,3000.0,,,,4000.0,2000.0,1000.0,6000.0,9000.0,1000.0,2000.0,2000.0,1000.0,2000.0,5000.0,5000.0,5000.0,1000.0,3000.0,9000.0,,5000.0,2000.0,5000.0,1000.0,,,1000.0,,9500.0,84.2105,0.000378,9500.0,84.2105,0.000245,5857.14,39.0244,0.000124,4083.33,32.6531,9e-05,4000.0,23.5294,7e-05,3956.52,17.5824,4.7e-05
20261002,6664,群翊,420000.0,341000.0,800000.0,552000.0,285000.0,147000.0,223000.0,156000.0,178000.0,263000.0,132000.0,111000.0,238000.0,317000.0,260000.0,376000.0,234000.0,346000.0,719000.0,1290000.0,558000.0,520000.0,428000.0,247000.0,301000.0,319000.0,2075000.0,973000.0,120000.0,130000.0,520333.33,26.9058,0.009922,479600.0,17.5146,0.006422,336500.0,12.4814,0.003264,294866.67,9.4958,0.002372,369400.0,5.6849,0.001827,435300.0,3.2162,0.001223
20261002,6667,信紘科,215000.0,385000.0,229000.0,243000.0,236000.0,444000.0,795000.0,1395000.0,1457000.0,122000.0,118000.0,173000.0,186000.0,696000.0,236000.0,221000.0,523000.0,1036000.0,837000.0,188000.0,50000.0,174000.0,198000.0,104000.0,129000.0,86000.0,74000.0,158000.0,67000.0,78000.0,276333.33,25.9349,0.005079,261600.0,16.4373,0.003287,552100.0,3.8942,0.001671,462000.0,3.1025,0.001214,486750.0,2.2085,0.000935,361766.67,1.981,0.000626
20261002,6679,鈺太,257000.0,120000.0,268000.0,375000.0,188000.0,150000.0,167000.0,135000.0,110000.0,247000.0,69000.0,129000.0,131000.0,179000.0,216000.0,181000.0,719000.0,1057000.0,651000.0,254000.0,321000.0,402000.0,200000.0,260000.0,142000.0,151000.0,192000.0,169000.0,177000.0,150000.0,215000.0,39.845,0.006071,241600.0,21.2748,0.003929,201700.0,12.7417,0.001997,182733.33,9.3761,0.001451,280150.0,4.5868,0.001118,258900.0,3.3089,0.000749
20261002,6680,鑫創電子,,12000.0,3000.0,8000.0,4000.0,,9000.0,1000.0,,,1000.0,1000.0,7000.0,7000.0,,4000.0,4000.0,1000.0,5000.0,,,1000.0,5000.0,1000.0,2000.0,2000.0,13000.0,,7000.0,3000.0,7500.0,,,6750.0,,,6166.67,,,5300.0,,,4785.71,,,4590.91,,
20261002,6683,雍智科技,1589000.0,987000.0,1158000.0,724000.0,731000.0,730000.0,1782000.0,2071000.0,2859000.0,2249000.0,2139000.0,2035000.0,691000.0,520000.0,1248000.0,1215000.0,871000.0,1376000.0,1253000.0,1905000.0,716000.0,169000.0,537000.0,1133000.0,588000.0,452000.0,411000.0,831000.0,858000.0,433000.0,1244666.67,42.5549,0.037538,1037800.0,30.6225,0.024296,1488000.0,10.6788,0.012347,1434200.0,7.3862,0.008972,1406650.0,5.6482,0.006912,1142033.33,4.6379,0.004629
20261002,6684,安格,61000.0,114000.0,95000.0,192000.0,62000.0,101000.0,299000.0,159000.0,118000.0,311000.0,130000.0,39000.0,41000.0,34000.0,67000.0,48000.0,77000.0,66000.0,35000.0,102000.0,86000.0,54000.0,39000.0,81000.0,44000.0,107000.0,41000.0,41000.0,57000.0,46000.0,90000.0,22.5926,0.001441,104800.0,11.6412,0.000933,151200.0,4.0344,0.000474,121533.33,3.3461,0.000344,107550.0,2.8359,0.000265,91566.67,2.2206,0.000178
20261002,6690,安碁資訊,57000.0,100000.0,182000.0,112000.0,105000.0,154000.0,167000.0,329000.0,536000.0,307000.0,744000.0,2249000.0,547000.0,469000.0,27000.0,17000.0,11000.0,19000.0,41000.0,29000.0,32000.0,30000.0,16000.0,43000.0,21000.0,32000.0,26000.0,16000.0,26000.0,12000.0,113000.0,16.8142,0.001347,111200.0,10.2518,0.000872,204900.0,2.7818,0.000443,405666.67,0.9367,0.000322,310100.0,0.9191,0.000248,215200.0,0.8829,0.000166
20261002,6692,進能服,12000.0,5000.0,8000.0,19000.0,51000.0,16000.0,42000.0,9000.0,12000.0,11000.0,6000.0,,23000.0,4000.0,12000.0,2000.0,20000.0,12000.0,18000.0,18000.0,1000.0,16000.0,7000.0,30000.0,7000.0,11000.0,12000.0,16000.0,24000.0,35000.0,8333.33,48.0,0.000283,19000.0,12.6316,0.000183,18500.0,6.4865,9.3e-05,16428.57,5.2174,6.8e-05,15789.47,4.0,5.2e-05,15827.59,2.6144,3.5e-05
20261002,6693,廣閎科,1425000.0,1921000.0,2952000.0,3852000.0,7507000.0,2910000.0,568000.0,705000.0,899000.0,1283000.0,1486000.0,778000.0,1419000.0,977000.0,834000.0,959000.0,1586000.0,2385000.0,2030000.0,2402000.0,1164000.0,1401000.0,938000.0,2106000.0,514000.0,569000.0,474000.0,646000.0,944000.0,1136000.0,2099333.33,22.6262,0.033664,3531400.0,8.0705,0.021788,2402200.0,5.9321,0.011073,1967733.33,4.8279,0.008046,1943900.0,3.6653,0.006198,1625666.67,2.9219,0.004151
20261002,6697,東捷資訊,34000.0,25000.0,33000.0,19000.0,13000.0,25000.0,19000.0,31000.0,31000.0,37000.0,13000.0,80000.0,65000.0,8000.0,6000.0,11000.0,6000.0,5000.0,6000.0,15000.0,25000.0,64000.0,20000.0,37000.0,15000.0,,20000.0,11000.0,7000.0,7000.0,30666.67,36.9565,0.000803,24800.0,27.4194,0.00052,26700.0,12.7341,0.000264,29266.67,7.7449,0.000192,24100.0,7.0539,0.000148,23724.14,4.9419,9.9e-05
20261002,6703,軒郁,7000.0,11000.0,44000.0,26000.0,8000.0,21000.0,58000.0,8000.0,13000.0,17000.0,15000.0,26000.0,31000.0,14000.0,103000.0,81000.0,91000.0,16000.0,39000.0,21000.0,29000.0,45000.0,17000.0,60000.0,12000.0,16000.0,15000.0,16000.0,15000.0,23000.0,20666.67,11.2903,0.000165,19200.0,7.2917,0.000107,21300.0,3.2864,5.4e-05,26800.0,1.7413,4e-05,32500.0,1.0769,3e-05,29933.33,0.7795,2e-05
20261002,6708,天擎,827000.0,1490000.0,879000.0,205000.0,343000.0,6000.0,11000.0,74000.0,69000.0,105000.0,11000.0,29000.0,3000.0,10000.0,11000.0,16000.0,7000.0,39000.0,3000.0,2000.0,6000.0,8000.0,23000.0,26000.0,22000.0,34000.0,9000.0,18000.0,15000.0,5000.0,1065333.33,25.8761,0.019537,748800.0,22.0887,0.012645,400900.0,20.6286,0.006426,271533.33,20.3044,0.00467,207000.0,19.9758,0.003597,143533.33,19.2058,0.002409
20261002,6712,長聖,404000.0,93000.0,172000.0,187000.0,197000.0,281000.0,198000.0,55000.0,169000.0,371000.0,109000.0,107000.0,150000.0,178000.0,239000.0,242000.0,149000.0,261000.0,158000.0,216000.0,194000.0,153000.0,334000.0,361000.0,656000.0,403000.0,1093000.0,262000.0,304000.0,101000.0,223000.0,60.3886,0.009544,210600.0,38.3666,0.006177,212700.0,18.9939,0.003139,194000.0,13.8832,0.002281,196800.0,10.2642,0.001757,259900.0,5.1815,0.001177
20261002,6716,應廣,574000.0,401000.0,195000.0,145000.0,275000.0,257000.0,425000.0,488000.0,411000.0,492000.0,315000.0,573000.0,760000.0,389000.0,389000.0,708000.0,1407000.0,1001000.0,2315000.0,2055000.0,396000.0,272000.0,454000.0,441000.0,608000.0,765000.0,990000.0,659000.0,485000.0,407000.0,390000.0,49.0598,0.01356,318000.0,36.1006,0.008776,366300.0,15.6702,0.00446,405933.33,9.4268,0.003241,678750.0,4.2284,0.002497,635066.67,3.0128,0.001672
20261002,6720,久昌,76000.0,14000.0,12000.0,8000.0,5000.0,83000.0,6000.0,13000.0,28000.0,4000.0,2000.0,6000.0,24000.0,,53000.0,17000.0,30000.0,9000.0,29000.0,28000.0,16000.0,24000.0,8000.0,17000.0,35000.0,6000.0,30000.0,4000.0,33000.0,14000.0,34000.0,74.5098,0.001795,23000.0,66.087,0.001162,24900.0,30.5221,0.000591,23857.14,22.7545,0.000429,23526.32,17.0022,0.000331,21862.07,11.9874,0.000221
20261002,6721,信實,,1000.0,9000.0,3000.0,3000.0,5000.0,6000.0,14000.0,1000.0,2000.0,6000.0,7000.0,8000.0,46000.0,4000.0,,5000.0,3000.0,85000.0,26000.0,14000.0,14000.0,5000.0,4000.0,4000.0,12000.0,10000.0,11000.0,11000.0,1000.0,5000.0,,,4000.0,,,4888.89,,,8214.29,,,13000.0,,,11428.57,,
20261002,6725,矽科宏晟,53000.0,115000.0,48000.0,50000.0,25000.0,30000.0,48000.0,53000.0,54000.0,127000.0,27000.0,35000.0,76000.0,167000.0,49000.0,43000.0,62000.0,63000.0,89000.0,86000.0,16000.0,61000.0,84000.0,53000.0,134000.0,52000.0,87000.0,63000.0,63000.0,96000.0,72000.0,24.537,0.001252,58200.0,18.2131,0.00081,60300.0,8.7894,0.000412,63800.0,5.5381,0.000299,65000.0,4.0769,0.000231,66966.67,2.6381,0.000154
20261002,6727,亞泰金屬,1837000.0,637000.0,969000.0,1632000.0,1527000.0,778000.0,1115000.0,1090000.0,793000.0,1521000.0,583000.0,1035000.0,1173000.0,946000.0,1414000.0,1489000.0,1348000.0,1302000.0,1958000.0,2045000.0,2707000.0,2009000.0,2229000.0,2475000.0,2474000.0,2287000.0,739000.0,943000.0,1625000.0,1220000.0,1147666.67,53.3546,0.043397,1320400.0,27.8249,0.028087,1189900.0,15.4383,0.014274,1136666.67,10.7742,0.010373,1259600.0,7.292,0.00799,1463333.33,4.1845,0.005351
20261002,6728,上洋,29000.0,28000.0,17000.0,31000.0,13000.0,32000.0,11000.0,7000.0,9000.0,23000.0,12000.0,10000.0,17000.0,7000.0,17000.0,38000.0,2000.0,4000.0,11000.0,31000.0,32000.0,5000.0,11000.0,7000.0,7000.0,3000.0,12000.0,36000.0,23000.0,9000.0,24666.67,39.1892,0.000685,23600.0,24.5763,0.000443,20000.0,14.5,0.000225,17533.33,11.0266,0.000164,17450.0,8.3095,0.000126,16466.67,5.8704,8.4e-05
20261002,6730,常廣,21000.0,7000.0,7000.0,6000.0,12000.0,6000.0,7000.0,7000.0,5000.0,4000.0,,3000.0,2000.0,7000.0,3000.0,29000.0,7000.0,18000.0,9000.0,6000.0,14000.0,,5000.0,2000.0,3000.0,10000.0,1000.0,5000.0,22000.0,14000.0,11666.67,60.0,0.000496,10600.0,39.6226,0.000321,8200.0,25.6098,0.000163,6928.57,21.6495,0.000119,8736.84,12.6506,9.1e-05,8642.86,8.6777,6.1e-05
20261002,6732,昇佳電子,89000.0,54000.0,70000.0,58000.0,27000.0,41000.0,98000.0,50000.0,67000.0,85000.0,34000.0,45000.0,72000.0,87000.0,94000.0,62000.0,112000.0,53000.0,91000.0,192000.0,139000.0,121000.0,112000.0,163000.0,109000.0,159000.0,50000.0,72000.0,94000.0,136000.0,71000.0,41.784,0.002103,59600.0,29.8658,0.001361,63900.0,13.928,0.000692,64733.33,9.1658,0.000503,74050.0,6.0095,0.000387,87866.67,3.3763,0.000259
20261002,6733,博晟生醫,73000.0,22000.0,98000.0,40000.0,46000.0,45000.0,99000.0,53000.0,52000.0,77000.0,14000.0,34000.0,28000.0,79000.0,53000.0,63000.0,56000.0,59000.0,62000.0,114000.0,56000.0,336000.0,108000.0,196000.0,39000.0,110000.0,67000.0,52000.0,83000.0,55000.0,64333.33,37.8238,0.001725,55800.0,26.1649,0.001116,60500.0,12.0661,0.000567,54200.0,8.9791,0.000412,58350.0,6.2554,0.000318,75633.33,3.2173,0.000213
20261002,6735,美達科技,47000.0,69000.0,108000.0,103000.0,35000.0,117000.0,60000.0,63000.0,97000.0,60000.0,47000.0,29000.0,54000.0,46000.0,43000.0,101000.0,63000.0,42000.0,88000.0,113000.0,129000.0,262000.0,107000.0,81000.0,128000.0,78000.0,48000.0,37000.0,73000.0,66000.0,74666.67,20.9821,0.00111,72400.0,12.9834,0.000719,75900.0,6.1924,0.000365,65200.0,4.8057,0.000265,69250.0,3.3935,0.000204,79800.0,1.9632,0.000137
20261002,6739,竹陞科技,337000.0,143000.0,246000.0,171000.0,149000.0,253000.0,194000.0,272000.0,325000.0,248000.0,242000.0,282000.0,501000.0,1656000.0,394000.0,408000.0,214000.0,486000.0,125000.0,129000.0,120000.0,167000.0,267000.0,567000.0,201000.0,61000.0,106000.0,78000.0,86000.0,83000.0,242000.0,46.4187,0.007961,209200.0,32.218,0.005153,233800.0,14.414,0.002619,360866.67,6.2258,0.001903,338750.0,4.9742,0.001466,283700.0,3.9596,0.000982
20261002,6741,91APP*-KY,149000.0,96000.0,292000.0,96000.0,159000.0,290000.0,128000.0,188000.0,272000.0,64000.0,104000.0,76000.0,83000.0,263000.0,97000.0,95000.0,134000.0,107000.0,118000.0,254000.0,211000.0,190000.0,219000.0,322000.0,378000.0,308000.0,511000.0,414000.0,496000.0,126000.0,179000.0,27.7467,0.00352,158400.0,18.8131,0.002278,173400.0,8.5928,0.001158,157133.33,6.3216,0.000841,153250.0,4.8613,0.000648,208000.0,2.3878,0.000434
20261002,6751,智聯服務,5000.0,4000.0,6000.0,29000.0,8000.0,,8000.0,13000.0,12000.0,4000.0,10000.0,2000.0,4000.0,6000.0,3000.0,7000.0,7000.0,10000.0,1000.0,9000.0,7000.0,18000.0,5000.0,,2000.0,12000.0,9000.0,1000.0,14000.0,3000.0,5000.0,33.3333,0.000118,10400.0,9.6154,7.6e-05,9888.89,5.618,3.9e-05,8142.86,4.386,2.8e-05,7789.47,3.3784,2.2e-05,7821.43,2.2831,1.5e-05
20261002,6752,叡揚,7000.0,8000.0,10000.0,12000.0,7000.0,15000.0,18000.0,21000.0,15000.0,28000.0,117000.0,195000.0,37000.0,9000.0,7000.0,1000.0,17000.0,3000.0,7000.0,10000.0,9000.0,,7000.0,1000.0,9000.0,2000.0,10000.0,17000.0,11000.0,31000.0,8333.33,28.0,0.000165,8800.0,15.9091,0.000107,14100.0,4.9645,5.4e-05,33733.33,1.3834,4e-05,27200.0,1.2868,3e-05,22103.45,1.092,2e-05
20261002,6761,穩得,162000.0,143000.0,97000.0,83000.0,92000.0,74000.0,147000.0,88000.0,113000.0,118000.0,52000.0,101000.0,144000.0,286000.0,640000.0,162000.0,245000.0,289000.0,394000.0,413000.0,204000.0,571000.0,284000.0,521000.0,732000.0,402000.0,306000.0,629000.0,855000.0,321000.0,134000.0,40.2985,0.003827,115400.0,28.0763,0.002477,111700.0,14.5031,0.001259,156000.0,6.9231,0.000915,192150.0,4.2155,0.000705,288933.33,1.8689,0.000472
20261002,6762,達亞,5000.0,2000.0,4000.0,,3000.0,1000.0,,,1000.0,,,,,5000.0,,9000.0,,1000.0,,1000.0,3000.0,,,2000.0,,1000.0,,,,,3666.67,45.4545,0.000118,3500.0,35.7143,7.6e-05,2666.67,31.25,3.9e-05,3000.0,23.8095,2.8e-05,3200.0,15.625,2.2e-05,2923.08,13.1579,1.5e-05
20261002,6763,綠界科技*,159000.0,86000.0,116000.0,58000.0,86000.0,126000.0,243000.0,138000.0,147000.0,153000.0,73000.0,69000.0,146000.0,158000.0,143000.0,170000.0,136000.0,178000.0,161000.0,190000.0,134000.0,221000.0,127000.0,153000.0,170000.0,139000.0,99000.0,73000.0,106000.0,97000.0,120333.33,44.0443,0.003756,101000.0,31.4851,0.002431,131200.0,12.1189,0.001235,126733.33,8.364,0.000898,136800.0,5.8114,0.000692,135166.67,3.9211,0.000463
20261002,6767,台微醫,10000.0,15000.0,3000.0,6000.0,1000.0,2000.0,5000.0,10000.0,35000.0,30000.0,5000.0,1000.0,3000.0,1000.0,2000.0,14000.0,9000.0,7000.0,,,,4000.0,1000.0,4000.0,4000.0,1000.0,2000.0,12000.0,3000.0,3000.0,9333.33,35.7143,0.000236,7000.0,28.5714,0.000153,11700.0,8.547,7.8e-05,8600.0,7.7519,5.6e-05,8833.33,6.2893,4.3e-05,7148.15,5.1813,2.9e-05
20261002,6785,昱展新藥,33000.0,31000.0,66000.0,29000.0,44000.0,21000.0,82000.0,46000.0,226000.0,167000.0,16000.0,27000.0,15000.0,31000.0,37000.0,55000.0,50000.0,44000.0,27000.0,35000.0,45000.0,87000.0,63000.0,43000.0,30000.0,50000.0,18000.0,178000.0,71000.0,46000.0,43333.33,25.3846,0.00078,40600.0,16.2562,0.000505,74500.0,4.4295,0.000256,58066.67,3.7887,0.000186,54100.0,3.0499,0.000144,57100.0,1.9264,9.6e-05
20261002,6788,華景電,422000.0,151000.0,161000.0,185000.0,64000.0,89000.0,175000.0,213000.0,229000.0,187000.0,77000.0,125000.0,95000.0,207000.0,340000.0,756000.0,193000.0,297000.0,289000.0,247000.0,285000.0,724000.0,286000.0,268000.0,258000.0,120000.0,205000.0,72000.0,158000.0,162000.0,244666.67,57.4932,0.009969,196600.0,42.9298,0.006452,187600.0,22.4947,0.003279,181333.33,15.5147,0.002383,225100.0,9.3736,0.001836,234666.67,5.9943,0.001229
20261002,6791,虎門科技,5000.0,4000.0,7000.0,6000.0,5000.0,9000.0,9000.0,11000.0,16000.0,8000.0,14000.0,19000.0,38000.0,17000.0,2000.0,4000.0,11000.0,16000.0,1000.0,4000.0,15000.0,6000.0,11000.0,7000.0,18000.0,7000.0,7000.0,3000.0,3000.0,7000.0,5333.33,31.25,0.000118,5400.0,18.5185,7.6e-05,8000.0,6.25,3.9e-05,11333.33,2.9412,2.8e-05,10300.0,2.4272,2.2e-05,9666.67,1.7241,1.5e-05
20261002,6803,崑鼎,43000.0,37000.0,31000.0,81000.0,20000.0,45000.0,56000.0,56000.0,56000.0,37000.0,15000.0,38000.0,40000.0,60000.0,42000.0,76000.0,43000.0,62000.0,10000.0,48000.0,42000.0,31000.0,39000.0,45000.0,42000.0,28000.0,36000.0,68000.0,37000.0,28000.0,37000.0,38.7387,0.001016,42400.0,20.283,0.000657,46200.0,9.3074,0.000334,43800.0,6.5449,0.000243,44800.0,4.7991,0.000187,43066.67,3.3282,0.000125
20261002,6804,明係,24000.0,26000.0,53000.0,48000.0,47000.0,36000.0,73000.0,66000.0,81000.0,57000.0,51000.0,53000.0,18000.0,119000.0,27000.0,110000.0,55000.0,74000.0,46000.0,66000.0,68000.0,86000.0,41000.0,40000.0,58000.0,104000.0,60000.0,76000.0,45000.0,97000.0,34333.33,23.301,0.000567,39600.0,12.1212,0.000367,51100.0,4.6967,0.000186,51933.33,3.0809,0.000136,56500.0,2.1239,0.000104,60166.67,1.3296,7e-05
20261002,6811,宏碁資訊,172000.0,161000.0,223000.0,328000.0,276000.0,185000.0,429000.0,590000.0,1058000.0,384000.0,708000.0,1323000.0,1006000.0,185000.0,68000.0,50000.0,75000.0,637000.0,39000.0,59000.0,32000.0,39000.0,71000.0,42000.0,57000.0,39000.0,26000.0,59000.0,33000.0,110000.0,185333.33,30.9353,0.004063,232000.0,14.8276,0.00263,380600.0,4.5192,0.001337,473066.67,2.4239,0.000971,397800.0,2.1619,0.000748,282133.33,2.0321,0.000501
20261002,6821,聯寶,615000.0,74000.0,153000.0,41000.0,31000.0,63000.0,98000.0,88000.0,72000.0,48000.0,52000.0,32000.0,87000.0,55000.0,49000.0,155000.0,122000.0,185000.0,94000.0,74000.0,111000.0,132000.0,69000.0,194000.0,202000.0,138000.0,112000.0,95000.0,67000.0,93000.0,280666.67,73.0404,0.014529,182800.0,67.2867,0.009403,128300.0,47.9345,0.004779,103866.67,39.4737,0.003473,109400.0,28.1079,0.002675,113366.67,18.0829,0.001791
20261002,6823,濾能,15000.0,12000.0,88000.0,115000.0,43000.0,48000.0,26000.0,20000.0,10000.0,53000.0,54000.0,56000.0,55000.0,44000.0,26000.0,28000.0,41000.0,92000.0,69000.0,145000.0,101000.0,84000.0,160000.0,336000.0,127000.0,105000.0,48000.0,42000.0,234000.0,54000.0,38333.33,13.0435,0.000354,54600.0,5.4945,0.000229,43000.0,3.4884,0.000117,44333.33,2.2556,8.5e-05,52000.0,1.4423,6.5e-05,77700.0,0.6435,4.4e-05
20261002,6829,千附精密,294000.0,475000.0,464000.0,243000.0,384000.0,672000.0,1173000.0,682000.0,1000000.0,527000.0,622000.0,1228000.0,1008000.0,1099000.0,1493000.0,2006000.0,1112000.0,1666000.0,619000.0,875000.0,1094000.0,1293000.0,1363000.0,1160000.0,2301000.0,1649000.0,594000.0,454000.0,662000.0,700000.0,411000.0,23.8443,0.006945,372000.0,15.8065,0.004495,591400.0,4.9713,0.002285,757600.0,2.5871,0.00166,882100.0,1.6665,0.001279,963733.33,1.0169,0.000856
20261002,6840,東研信超,218000.0,337000.0,209000.0,278000.0,257000.0,269000.0,582000.0,604000.0,1455000.0,1197000.0,225000.0,135000.0,358000.0,264000.0,1194000.0,450000.0,750000.0,179000.0,391000.0,461000.0,488000.0,469000.0,402000.0,703000.0,1350000.0,993000.0,168000.0,324000.0,447000.0,230000.0,254666.67,28.534,0.00515,259800.0,16.7821,0.003333,540600.0,4.0326,0.001694,505466.67,2.8752,0.001231,490650.0,2.2215,0.000948,512900.0,1.4168,0.000635
20261002,6841,長佳智能,178000.0,602000.0,796000.0,650000.0,136000.0,65000.0,103000.0,91000.0,124000.0,188000.0,75000.0,74000.0,87000.0,288000.0,100000.0,99000.0,98000.0,133000.0,164000.0,279000.0,120000.0,141000.0,132000.0,126000.0,102000.0,298000.0,331000.0,115000.0,140000.0,180000.0,525333.33,11.2944,0.004205,472400.0,7.536,0.002722,293300.0,6.0689,0.001383,237133.33,5.0042,0.001005,216500.0,4.1109,0.000774,200500.0,2.9593,0.000519
20261002,6843,進典,32000.0,14000.0,3000.0,3000.0,6000.0,8000.0,11000.0,10000.0,8000.0,3000.0,4000.0,12000.0,7000.0,2000.0,3000.0,25000.0,1000.0,5000.0,13000.0,9000.0,16000.0,13000.0,7000.0,1000.0,1000.0,11000.0,1000.0,26000.0,2000.0,6000.0,16333.33,65.3061,0.000756,11600.0,55.1724,0.000489,9800.0,32.6531,0.000249,8400.0,25.3968,0.000181,8950.0,17.8771,0.000139,8766.67,12.1673,9.3e-05
20261002,6844,諾貝兒,11000.0,11000.0,13000.0,10000.0,9000.0,12000.0,12000.0,36000.0,37000.0,23000.0,18000.0,28000.0,14000.0,16000.0,4000.0,15000.0,5000.0,22000.0,54000.0,19000.0,17000.0,29000.0,25000.0,25000.0,34000.0,25000.0,19000.0,12000.0,24000.0,16000.0,11666.67,31.4286,0.00026,10800.0,20.3704,0.000168,17400.0,6.3218,8.5e-05,16933.33,4.3307,6.2e-05,18450.0,2.981,4.8e-05,19833.33,1.8487,3.2e-05
20261002,6846,綠茵,3000.0,6000.0,6000.0,4000.0,1000.0,4000.0,3000.0,15000.0,14000.0,1000.0,2000.0,4000.0,11000.0,11000.0,7000.0,1000.0,1000.0,6000.0,5000.0,2000.0,8000.0,9000.0,9000.0,2000.0,9000.0,1000.0,11000.0,6000.0,10000.0,9000.0,5000.0,20.0,7.1e-05,4000.0,15.0,4.6e-05,5700.0,5.2632,2.3e-05,6133.33,3.2609,1.7e-05,5350.0,2.8037,1.3e-05,6033.33,1.6575,9e-06
20261002,6855,數泓科,4000.0,,8000.0,,,5000.0,7000.0,3000.0,1000.0,,,7000.0,1000.0,5000.0,5000.0,7000.0,8000.0,1000.0,1000.0,,2000.0,,8000.0,2000.0,,12000.0,16000.0,5000.0,9000.0,4000.0,6000.0,33.3333,9.4e-05,6000.0,33.3333,6.1e-05,4666.67,14.2857,3.1e-05,4600.0,8.6957,2.3e-05,4500.0,6.3492,1.7e-05,5500.0,3.3058,1.2e-05
20261002,6856,鑫傳,1000.0,10000.0,13000.0,5000.0,12000.0,6000.0,5000.0,9000.0,14000.0,3000.0,7000.0,2000.0,,3000.0,10000.0,2000.0,,1000.0,3000.0,,,,,1000.0,3000.0,,2000.0,9000.0,27000.0,3000.0,8000.0,4.1667,2.4e-05,8200.0,2.439,1.5e-05,7800.0,1.2821,8e-06,7142.86,1.0,6e-06,6235.29,0.9434,4e-06,6565.22,0.6623,3e-06
20261002,6859,伯特光,30000.0,26000.0,21000.0,10000.0,35000.0,98000.0,34000.0,37000.0,22000.0,114000.0,102000.0,8000.0,38000.0,38000.0,79000.0,87000.0,13000.0,31000.0,29000.0,56000.0,107000.0,32000.0,94000.0,10000.0,56000.0,14000.0,71000.0,27000.0,42000.0,115000.0,25666.67,38.961,0.000709,24400.0,24.5902,0.000459,42700.0,7.0258,0.000233,46133.33,4.3353,0.000169,45400.0,3.304,0.00013,49200.0,2.0325,8.7e-05
20261002,6865,偉康科技,4000.0,21000.0,59000.0,9000.0,33000.0,23000.0,7000.0,2000.0,12000.0,28000.0,33000.0,156000.0,126000.0,7000.0,6000.0,14000.0,6000.0,3000.0,12000.0,18000.0,14000.0,1000.0,5000.0,8000.0,5000.0,6000.0,6000.0,6000.0,35000.0,,28000.0,4.7619,9.4e-05,25200.0,3.1746,6.1e-05,19800.0,2.0202,3.1e-05,35066.67,0.7605,2.3e-05,28950.0,0.6908,1.7e-05,22931.03,0.6015,1.2e-05
20261002,6870,騰雲,82000.0,81000.0,124000.0,49000.0,272000.0,1125000.0,74000.0,98000.0,59000.0,97000.0,458000.0,371000.0,115000.0,212000.0,62000.0,108000.0,53000.0,264000.0,50000.0,89000.0,238000.0,229000.0,20000.0,44000.0,49000.0,36000.0,14000.0,11000.0,19000.0,28000.0,95666.67,28.5714,0.001937,121600.0,13.4868,0.001254,206100.0,3.9787,0.000637,218600.0,2.5008,0.000463,192150.0,2.1337,0.000357,151033.33,1.8098,0.000239
20261002,6872,浩宇生醫,78000.0,174000.0,238000.0,308000.0,203000.0,215000.0,586000.0,358000.0,126000.0,429000.0,267000.0,296000.0,475000.0,572000.0,1959000.0,412000.0,188000.0,237000.0,380000.0,259000.0,97000.0,33000.0,37000.0,185000.0,65000.0,10000.0,12000.0,5000.0,27000.0,10000.0,163333.33,15.9184,0.001843,200200.0,7.7922,0.001193,271500.0,2.8729,0.000606,418933.33,1.2412,0.00044,388000.0,1.0052,0.000339,274700.0,0.9465,0.000227
20261002,6874,倍力,11000.0,13000.0,20000.0,8000.0,16000.0,8000.0,13000.0,13000.0,27000.0,49000.0,26000.0,57000.0,35000.0,12000.0,23000.0,14000.0,39000.0,57000.0,53000.0,128000.0,121000.0,74000.0,22000.0,26000.0,35000.0,30000.0,22000.0,10000.0,30000.0,21000.0,14666.67,25.0,0.00026,13600.0,16.1765,0.000168,17800.0,6.1798,8.5e-05,22066.67,3.3233,6.2e-05,31100.0,1.7685,4.8e-05,33766.67,1.0859,3.2e-05
20261002,6875,國邑*,650000.0,252000.0,183000.0,88000.0,125000.0,249000.0,476000.0,615000.0,260000.0,153000.0,147000.0,101000.0,193000.0,222000.0,240000.0,92000.0,88000.0,120000.0,208000.0,179000.0,178000.0,39000.0,52000.0,32000.0,39000.0,25000.0,44000.0,24000.0,67000.0,28000.0,361666.67,59.9078,0.015356,259600.0,50.077,0.009938,305100.0,21.3045,0.005051,263600.0,16.439,0.00367,232050.0,14.0056,0.002827,172300.0,12.575,0.001893
20261002,6877,鏵友益,352000.0,157000.0,64000.0,75000.0,22000.0,103000.0,96000.0,38000.0,37000.0,32000.0,61000.0,49000.0,42000.0,22000.0,23000.0,52000.0,187000.0,96000.0,27000.0,86000.0,37000.0,63000.0,46000.0,37000.0,20000.0,49000.0,41000.0,26000.0,53000.0,27000.0,191000.0,61.4311,0.008316,134000.0,52.5373,0.005382,97600.0,36.0656,0.002735,78200.0,30.0085,0.001988,81050.0,21.715,0.001531,67333.33,17.4257,0.001025
20261002,6881,潤德,3000.0,6000.0,4000.0,3000.0,1000.0,,,3000.0,8000.0,1000.0,4000.0,3000.0,9000.0,6000.0,,1000.0,,3000.0,2000.0,1000.0,,7000.0,4000.0,,,1000.0,3000.0,17000.0,8000.0,9000.0,4333.33,23.0769,7.1e-05,3400.0,17.6471,4.6e-05,3625.0,10.3448,2.3e-05,4250.0,5.8824,1.7e-05,3625.0,5.1724,1.3e-05,4652.17,2.8037,9e-06
20261002,6884,海柏特,3000.0,7000.0,13000.0,4000.0,5000.0,,,3000.0,6000.0,2000.0,1000.0,8000.0,5000.0,4000.0,10000.0,14000.0,29000.0,4000.0,5000.0,10000.0,4000.0,7000.0,5000.0,6000.0,7000.0,3000.0,4000.0,7000.0,8000.0,5000.0,7666.67,13.0435,7.1e-05,6400.0,9.375,4.6e-05,5375.0,6.9767,2.3e-05,5461.54,4.2254,1.7e-05,7388.89,2.2556,1.3e-05,6750.0,1.5873,9e-06
20261002,6894,衛司特,30000.0,28000.0,42000.0,20000.0,45000.0,33000.0,116000.0,127000.0,76000.0,57000.0,20000.0,34000.0,111000.0,58000.0,195000.0,37000.0,54000.0,17000.0,21000.0,28000.0,48000.0,33000.0,194000.0,136000.0,32000.0,21000.0,9000.0,28000.0,26000.0,25000.0,33333.33,30.0,0.000709,33000.0,18.1818,0.000459,57400.0,5.2265,0.000233,66133.33,3.0242,0.000169,57450.0,2.611,0.00013,56700.0,1.7637,8.7e-05
20261002,6895,宏碩系統,16000.0,27000.0,17000.0,8000.0,32000.0,13000.0,11000.0,57000.0,27000.0,19000.0,40000.0,25000.0,20000.0,13000.0,9000.0,11000.0,27000.0,25000.0,47000.0,105000.0,99000.0,189000.0,332000.0,100000.0,61000.0,39000.0,81000.0,107000.0,54000.0,33000.0,20000.0,26.6667,0.000378,20000.0,16.0,0.000245,22700.0,7.0485,0.000124,22266.67,4.7904,9e-05,27450.0,2.9144,7e-05,54800.0,0.9732,4.7e-05
20261002,6899,創為精密,10000.0,11000.0,11000.0,13000.0,5000.0,15000.0,12000.0,39000.0,8000.0,14000.0,2000.0,8000.0,5000.0,10000.0,7000.0,4000.0,9000.0,16000.0,4000.0,9000.0,4000.0,6000.0,15000.0,9000.0,12000.0,16000.0,15000.0,17000.0,3000.0,6000.0,10666.67,31.25,0.000236,10000.0,20.0,0.000153,13800.0,7.2464,7.8e-05,11333.33,5.8824,5.6e-05,10600.0,4.717,4.3e-05,10500.0,3.1746,2.9e-05
20261002,6903,巨漢,214000.0,399000.0,544000.0,205000.0,161000.0,230000.0,155000.0,128000.0,249000.0,142000.0,59000.0,107000.0,131000.0,194000.0,624000.0,191000.0,133000.0,153000.0,218000.0,220000.0,194000.0,268000.0,169000.0,184000.0,172000.0,212000.0,150000.0,235000.0,329000.0,382000.0,385666.67,18.4961,0.005056,304600.0,14.0512,0.003272,242700.0,8.8175,0.001663,236133.33,6.0418,0.001208,222850.0,4.8014,0.000931,225066.67,3.1694,0.000623
20261002,6904,伯鑫,1000.0,,1000.0,1000.0,,1000.0,,1000.0,3000.0,,,4000.0,1000.0,6000.0,,,1000.0,1000.0,,,2000.0,,,1000.0,1000.0,,1000.0,1000.0,4000.0,,1000.0,50.0,2.4e-05,1000.0,33.3333,1.5e-05,1333.33,12.5,8e-06,2111.11,5.2632,6e-06,1909.09,4.7619,4e-06,1823.53,3.2258,3e-06
20261002,6907,雅特力-KY,2615000.0,2919000.0,739000.0,268000.0,391000.0,617000.0,1624000.0,608000.0,1836000.0,598000.0,489000.0,510000.0,882000.0,1693000.0,1125000.0,3654000.0,7106000.0,3989000.0,718000.0,1516000.0,1198000.0,1560000.0,870000.0,1172000.0,1055000.0,1473000.0,1739000.0,1571000.0,4248000.0,8769000.0,2091000.0,41.6866,0.061777,1386400.0,37.7236,0.039983,1221500.0,21.4081,0.02032,1127600.0,15.4606,0.014766,1694850.0,7.7145,0.011374,1918400.0,4.5437,0.007617
20261002,6910,德鴻,8000.0,27000.0,16000.0,25000.0,20000.0,8000.0,45000.0,38000.0,35000.0,11000.0,8000.0,15000.0,18000.0,25000.0,35000.0,8000.0,21000.0,12000.0,15000.0,15000.0,19000.0,43000.0,8000.0,6000.0,6000.0,19000.0,17000.0,16000.0,6000.0,13000.0,17000.0,15.6863,0.000189,19200.0,8.3333,0.000122,23300.0,3.4335,6.2e-05,22266.67,2.3952,4.5e-05,20250.0,1.9753,3.5e-05,18600.0,1.4337,2.3e-05
20261002,6913,鴻呈,102000.0,94000.0,71000.0,97000.0,93000.0,204000.0,216000.0,154000.0,184000.0,270000.0,154000.0,225000.0,375000.0,357000.0,257000.0,344000.0,498000.0,1480000.0,820000.0,576000.0,711000.0,962000.0,2365000.0,1819000.0,1298000.0,187000.0,154000.0,311000.0,171000.0,397000.0,89000.0,38.2022,0.00241,91400.0,22.3195,0.00156,148500.0,6.8687,0.000793,190200.0,3.5752,0.000576,328550.0,1.5523,0.000444,498200.0,0.6825,0.000297
20261002,6922,宸曜,187000.0,81000.0,193000.0,480000.0,259000.0,94000.0,166000.0,338000.0,51000.0,77000.0,30000.0,80000.0,63000.0,66000.0,148000.0,94000.0,394000.0,424000.0,132000.0,154000.0,92000.0,126000.0,168000.0,190000.0,186000.0,130000.0,525000.0,403000.0,298000.0,414000.0,153666.67,40.564,0.004418,240000.0,15.5833,0.002859,192600.0,9.7092,0.001453,154200.0,8.0847,0.001056,175550.0,5.3261,0.000813,201433.33,3.0945,0.000545
20261002,6925,意藍,492000.0,938000.0,1217000.0,2026000.0,1439000.0,452000.0,116000.0,275000.0,621000.0,236000.0,565000.0,150000.0,105000.0,33000.0,2000.0,13000.0,11000.0,13000.0,6000.0,7000.0,12000.0,54000.0,25000.0,13000.0,12000.0,19000.0,6000.0,5000.0,11000.0,16000.0,882333.33,18.5871,0.011623,1222400.0,8.0497,0.007523,781200.0,6.298,0.003823,577800.0,5.6767,0.002778,435850.0,5.6441,0.00214,296333.33,5.5343,0.001433
20261002,6929,佑全,8000.0,,4000.0,4000.0,,14000.0,3000.0,,3000.0,4000.0,6000.0,11000.0,6000.0,1000.0,7000.0,14000.0,,13000.0,4000.0,8000.0,3000.0,1000.0,3000.0,2000.0,5000.0,6000.0,7000.0,6000.0,4000.0,10000.0,6000.0,66.6667,0.000189,5333.33,50.0,0.000122,5714.29,20.0,6.2e-05,5916.67,11.2676,4.5e-05,6875.0,7.2727,3.5e-05,6038.46,5.0955,2.3e-05
20261002,6945,圓祥生技,610000.0,535000.0,692000.0,314000.0,217000.0,463000.0,613000.0,939000.0,1186000.0,1751000.0,684000.0,805000.0,133000.0,174000.0,130000.0,68000.0,84000.0,120000.0,68000.0,156000.0,113000.0,310000.0,442000.0,164000.0,602000.0,167000.0,230000.0,213000.0,131000.0,148000.0,612333.33,33.2063,0.014411,473600.0,25.7601,0.009327,732000.0,8.3333,0.00474,616400.0,6.5974,0.003444,487100.0,6.2615,0.002653,408733.33,4.9747,0.001777
20261002,6953,家碩,256000.0,97000.0,40000.0,30000.0,4000.0,13000.0,22000.0,86000.0,15000.0,18000.0,14000.0,31000.0,42000.0,55000.0,231000.0,235000.0,22000.0,7000.0,16000.0,10000.0,35000.0,107000.0,30000.0,32000.0,34000.0,50000.0,22000.0,19000.0,8000.0,44000.0,131000.0,65.1399,0.006048,85400.0,59.9532,0.003914,58100.0,44.062,0.001989,63600.0,26.8344,0.001446,62200.0,20.5788,0.001114,54166.67,15.7538,0.000746
20261002,6961,旅天下,34000.0,7000.0,31000.0,34000.0,15000.0,20000.0,23000.0,24000.0,71000.0,40000.0,6000.0,28000.0,6000.0,11000.0,14000.0,35000.0,3000.0,13000.0,12000.0,50000.0,22000.0,16000.0,46000.0,13000.0,5000.0,8000.0,10000.0,31000.0,18000.0,9000.0,24000.0,47.2222,0.000803,24200.0,28.0992,0.00052,29900.0,11.3712,0.000264,24266.67,9.3407,0.000192,23850.0,7.1279,0.000148,21833.33,5.1908,9.9e-05
20261002,6967,汎瑋材料,183000.0,195000.0,277000.0,127000.0,70000.0,46000.0,72000.0,250000.0,61000.0,68000.0,80000.0,76000.0,98000.0,234000.0,500000.0,289000.0,64000.0,29000.0,41000.0,123000.0,31000.0,48000.0,32000.0,64000.0,61000.0,40000.0,26000.0,45000.0,109000.0,118000.0,218333.33,27.9389,0.004323,170400.0,21.4789,0.002798,134900.0,13.5656,0.001422,155800.0,7.8306,0.001033,144150.0,6.3476,0.000796,115233.33,5.2936,0.000533
20261002,6968,萬達寵物,46000.0,45000.0,20000.0,11000.0,18000.0,55000.0,32000.0,63000.0,64000.0,118000.0,52000.0,20000.0,45000.0,61000.0,24000.0,17000.0,39000.0,150000.0,30000.0,59000.0,21000.0,27000.0,30000.0,21000.0,73000.0,38000.0,34000.0,22000.0,42000.0,20000.0,37000.0,41.4414,0.001087,28000.0,32.8571,0.000703,47200.0,9.7458,0.000357,44933.33,6.8249,0.00026,48450.0,4.7472,0.0002,43233.33,3.5466,0.000134
20261002,6971,惠民實業,6000.0,8000.0,6000.0,6000.0,9000.0,22000.0,44000.0,64000.0,16000.0,32000.0,20000.0,12000.0,11000.0,43000.0,23000.0,63000.0,186000.0,37000.0,13000.0,21000.0,18000.0,16000.0,36000.0,11000.0,36000.0,43000.0,31000.0,24000.0,18000.0,38000.0,6666.67,30.0,0.000142,7000.0,17.1429,9.2e-05,21300.0,2.8169,4.7e-05,21466.67,1.8634,3.4e-05,32100.0,0.9346,2.6e-05,30433.33,0.6572,1.7e-05
20261002,6982,大井泵浦,30000.0,21000.0,21000.0,14000.0,14000.0,24000.0,32000.0,19000.0,20000.0,11000.0,16000.0,50000.0,41000.0,30000.0,12000.0,17000.0,29000.0,31000.0,12000.0,9000.0,35000.0,14000.0,10000.0,26000.0,11000.0,13000.0,5000.0,28000.0,14000.0,7000.0,24000.0,41.6667,0.000709,20000.0,30.0,0.000459,20600.0,14.5631,0.000233,23666.67,8.4507,0.000169,22650.0,6.6225,0.00013,20533.33,4.8701,8.7e-05
20261002,6983,華洋精機,13000.0,87000.0,42000.0,32000.0,16000.0,27000.0,47000.0,52000.0,30000.0,12000.0,35000.0,8000.0,32000.0,15000.0,37000.0,72000.0,37000.0,44000.0,43000.0,63000.0,37000.0,53000.0,66000.0,113000.0,160000.0,87000.0,51000.0,58000.0,35000.0,44000.0,47333.33,9.1549,0.000307,38000.0,6.8421,0.000199,35800.0,3.6313,0.000101,32333.33,2.6804,7.3e-05,37200.0,1.7473,5.7e-05,48266.67,0.8978,3.8e-05
20261002,6986,和迅,213000.0,180000.0,148000.0,67000.0,44000.0,127000.0,160000.0,217000.0,104000.0,37000.0,44000.0,21000.0,38000.0,59000.0,48000.0,65000.0,107000.0,63000.0,64000.0,45000.0,37000.0,53000.0,65000.0,76000.0,45000.0,31000.0,31000.0,40000.0,59000.0,24000.0,180333.33,39.3715,0.005032,130400.0,32.6687,0.003257,129700.0,16.4225,0.001655,100466.67,14.134,0.001203,92550.0,11.5073,0.000926,77066.67,9.2128,0.00062
20261002,6996,力領科技,31000.0,16000.0,11000.0,27000.0,11000.0,41000.0,48000.0,22000.0,42000.0,16000.0,25000.0,59000.0,24000.0,56000.0,56000.0,51000.0,314000.0,19000.0,54000.0,125000.0,73000.0,76000.0,31000.0,112000.0,49000.0,67000.0,36000.0,68000.0,42000.0,24000.0,19333.33,53.4483,0.000732,19200.0,32.2917,0.000474,26500.0,11.6981,0.000241,32333.33,6.3918,0.000175,52400.0,2.958,0.000135,54200.0,1.9065,9e-05
20261002,6997,博弘,3000.0,,1000.0,5000.0,22000.0,5000.0,6000.0,1000.0,2000.0,2000.0,2000.0,13000.0,,,,4000.0,7000.0,5000.0,,3000.0,1000.0,1000.0,7000.0,1000.0,3000.0,1000.0,1000.0,1000.0,2000.0,1000.0,2000.0,75.0,7.1e-05,7750.0,9.6774,4.6e-05,5222.22,6.383,2.3e-05,5636.36,4.8387,1.7e-05,5400.0,3.7037,1.3e-05,4000.0,3.0,9e-06
20261002,7402,邑錡,107000.0,117000.0,190000.0,173000.0,87000.0,177000.0,129000.0,127000.0,117000.0,131000.0,138000.0,178000.0,227000.0,740000.0,152000.0,141000.0,273000.0,198000.0,295000.0,499000.0,262000.0,321000.0,441000.0,2169000.0,5609000.0,671000.0,151000.0,260000.0,967000.0,538000.0,138000.0,25.8454,0.002528,134800.0,15.8754,0.001636,135500.0,7.8967,0.000831,186000.0,3.8351,0.000604,209800.0,2.55,0.000465,519500.0,0.6866,0.000312
20261002,7547,碩網,114000.0,239000.0,812000.0,201000.0,269000.0,99000.0,78000.0,25000.0,3000.0,7000.0,29000.0,64000.0,47000.0,3000.0,5000.0,18000.0,3000.0,4000.0,14000.0,2000.0,5000.0,10000.0,11000.0,27000.0,13000.0,27000.0,21000.0,9000.0,11000.0,3000.0,388333.33,9.7854,0.002693,327000.0,6.9725,0.001743,184700.0,6.1722,0.000886,133000.0,5.7143,0.000644,101800.0,5.5992,0.000496,72433.33,5.2462,0.000332
20261002,7556,意德士,91000.0,26000.0,72000.0,71000.0,25000.0,15000.0,28000.0,46000.0,97000.0,9000.0,14000.0,18000.0,10000.0,23000.0,33000.0,41000.0,9000.0,13000.0,13000.0,31000.0,22000.0,27000.0,38000.0,64000.0,87000.0,48000.0,29000.0,25000.0,37000.0,39000.0,63000.0,48.1481,0.00215,57000.0,31.9298,0.001391,48000.0,18.9583,0.000707,38533.33,15.7439,0.000514,34250.0,13.2847,0.000396,36700.0,8.2652,0.000265
20261002,7584,樂意,,7000.0,6000.0,4000.0,5000.0,7000.0,7000.0,2000.0,5000.0,4000.0,2000.0,4000.0,15000.0,71000.0,3000.0,7000.0,7000.0,4000.0,2000.0,7000.0,9000.0,2000.0,2000.0,2000.0,,6000.0,1000.0,2000.0,2000.0,1000.0,6500.0,,,5500.0,,,5222.22,,,10142.86,,,8894.74,,,7000.0,,
20261002,7642,昶瑞機電,22000.0,8000.0,33000.0,35000.0,16000.0,9000.0,38000.0,48000.0,20000.0,7000.0,39000.0,15000.0,19000.0,38000.0,3000.0,7000.0,15000.0,5000.0,5000.0,8000.0,9000.0,20000.0,5000.0,23000.0,4000.0,22000.0,3000.0,6000.0,9000.0,9000.0,21000.0,34.9206,0.00052,22800.0,19.2982,0.000336,23600.0,9.322,0.000171,23333.33,6.2857,0.000124,19500.0,5.641,9.6e-05,16666.67,4.4,6.4e-05
20261002,7703,銳澤,30000.0,87000.0,46000.0,33000.0,105000.0,94000.0,34000.0,48000.0,45000.0,67000.0,29000.0,66000.0,61000.0,66000.0,136000.0,165000.0,62000.0,274000.0,138000.0,137000.0,63000.0,32000.0,39000.0,20000.0,32000.0,118000.0,50000.0,22000.0,56000.0,35000.0,54333.33,18.4049,0.000709,60200.0,9.9668,0.000459,58900.0,5.0934,0.000233,63133.33,3.1679,0.000169,86150.0,1.7411,0.00013,73000.0,1.3699,8.7e-05
20261002,7704,明遠精密,35000.0,28000.0,73000.0,29000.0,11000.0,17000.0,56000.0,41000.0,43000.0,11000.0,34000.0,8000.0,23000.0,55000.0,69000.0,47000.0,41000.0,45000.0,23000.0,81000.0,26000.0,21000.0,16000.0,48000.0,28000.0,9000.0,15000.0,25000.0,27000.0,18000.0,45333.33,25.7353,0.000827,35200.0,19.8864,0.000535,34400.0,10.1744,0.000272,35533.33,6.5666,0.000198,38500.0,4.5455,0.000152,33433.33,3.4895,0.000102
20261002,7708,全家餐飲,6000.0,16000.0,10000.0,27000.0,6000.0,8000.0,19000.0,,6000.0,23000.0,2000.0,8000.0,10000.0,25000.0,7000.0,1000.0,7000.0,3000.0,14000.0,8000.0,5000.0,12000.0,2000.0,6000.0,7000.0,,7000.0,9000.0,4000.0,13000.0,10666.67,18.75,0.000142,13000.0,9.2308,9.2e-05,13444.44,4.9587,4.7e-05,12357.14,3.4682,3.4e-05,10842.11,2.9126,2.6e-05,9678.57,2.214,1.7e-05
20261002,7709,榮田,146000.0,81000.0,105000.0,363000.0,129000.0,118000.0,287000.0,162000.0,90000.0,89000.0,78000.0,135000.0,120000.0,220000.0,206000.0,495000.0,1777000.0,311000.0,199000.0,58000.0,124000.0,220000.0,21000.0,44000.0,39000.0,51000.0,11000.0,14000.0,23000.0,12000.0,110666.67,43.9759,0.003449,164800.0,17.7184,0.002232,157000.0,9.2994,0.001134,155266.67,6.2688,0.000824,258450.0,2.8245,0.000635,190933.33,2.5489,0.000425
20261002,7712,博盛半導體,650000.0,357000.0,176000.0,109000.0,301000.0,715000.0,204000.0,225000.0,227000.0,269000.0,209000.0,59000.0,169000.0,191000.0,373000.0,91000.0,151000.0,175000.0,137000.0,318000.0,112000.0,191000.0,375000.0,847000.0,557000.0,1354000.0,457000.0,110000.0,91000.0,160000.0,394333.33,54.9451,0.015356,318600.0,40.8035,0.009938,323300.0,20.1052,0.005051,282266.67,15.3519,0.00367,255300.0,12.7301,0.002827,312000.0,6.9444,0.001893
20261002,7713,威力德生醫,,2000.0,5000.0,2000.0,5000.0,12000.0,6000.0,4000.0,2000.0,1000.0,,3000.0,2000.0,2000.0,,3000.0,,2000.0,6000.0,20000.0,2000.0,6000.0,,13000.0,4000.0,16000.0,19000.0,62000.0,2000.0,2000.0,3500.0,,,3500.0,,,4333.33,,,3833.33,,,4812.5,,,8120.0,,
20261002,7714,創泓科技,128000.0,326000.0,557000.0,166000.0,143000.0,197000.0,631000.0,251000.0,446000.0,313000.0,337000.0,1018000.0,1582000.0,642000.0,52000.0,124000.0,161000.0,104000.0,104000.0,275000.0,200000.0,228000.0,224000.0,867000.0,992000.0,678000.0,220000.0,908000.0,751000.0,336000.0,337000.0,12.6607,0.003024,264000.0,9.697,0.001957,315800.0,4.0532,0.000995,452600.0,1.8854,0.000723,377850.0,1.6938,0.000557,432033.33,0.9876,0.000373
20261002,7715,裕山,30000.0,33000.0,141000.0,33000.0,64000.0,57000.0,154000.0,10000.0,25000.0,16000.0,18000.0,33000.0,62000.0,61000.0,17000.0,18000.0,50000.0,27000.0,34000.0,31000.0,13000.0,17000.0,376000.0,193000.0,128000.0,27000.0,10000.0,107000.0,15000.0,30000.0,68000.0,14.7059,0.000709,60200.0,9.9668,0.000459,56300.0,5.3286,0.000233,50266.67,3.9788,0.000169,45700.0,3.2823,0.00013,61000.0,1.6393,8.7e-05
20261002,7716,昱臺國際,1000.0,6000.0,1000.0,5000.0,2000.0,1000.0,7000.0,17000.0,10000.0,19000.0,6000.0,11000.0,2000.0,4000.0,1000.0,3000.0,1000.0,2000.0,6000.0,11000.0,3000.0,1000.0,,,1000.0,3000.0,11000.0,13000.0,1000.0,,2666.67,12.5,2.4e-05,3000.0,6.6667,1.5e-05,6900.0,1.4493,8e-06,6200.0,1.0753,6e-06,5800.0,0.8621,4e-06,5518.52,0.6711,3e-06
20261002,7717,萊德光電-KY,613000.0,1068000.0,625000.0,445000.0,555000.0,1524000.0,1165000.0,1392000.0,2049000.0,3258000.0,918000.0,566000.0,1863000.0,1286000.0,1213000.0,1343000.0,1526000.0,533000.0,1126000.0,131000.0,86000.0,185000.0,324000.0,241000.0,194000.0,239000.0,102000.0,131000.0,65000.0,157000.0,768666.67,26.5828,0.014481,661200.0,18.542,0.009373,1269400.0,4.8291,0.004763,1236000.0,3.3064,0.003461,1159950.0,2.6424,0.002666,830766.67,2.4596,0.001786
20261002,7718,友鋮,1000.0,9000.0,38000.0,4000.0,7000.0,24000.0,44000.0,32000.0,30000.0,12000.0,11000.0,11000.0,15000.0,35000.0,15000.0,15000.0,22000.0,50000.0,21000.0,13000.0,14000.0,31000.0,14000.0,16000.0,28000.0,32000.0,17000.0,14000.0,30000.0,45000.0,16000.0,2.0833,2.4e-05,11800.0,1.6949,1.5e-05,20100.0,0.4975,8e-06,19200.0,0.3472,6e-06,20450.0,0.2445,4e-06,21666.67,0.1538,3e-06
20261002,7723,築間,43000.0,4000.0,43000.0,35000.0,24000.0,60000.0,73000.0,107000.0,14000.0,22000.0,35000.0,24000.0,24000.0,41000.0,346000.0,71000.0,30000.0,37000.0,32000.0,15000.0,74000.0,21000.0,39000.0,25000.0,71000.0,100000.0,70000.0,61000.0,63000.0,76000.0,30000.0,47.7778,0.001016,29800.0,28.8591,0.000657,42500.0,10.1176,0.000334,59666.67,4.8045,0.000243,54000.0,3.9815,0.000187,56000.0,2.5595,0.000125
20261002,7728,光焱科技,41000.0,145000.0,142000.0,34000.0,33000.0,36000.0,98000.0,41000.0,309000.0,19000.0,27000.0,119000.0,61000.0,22000.0,30000.0,12000.0,16000.0,58000.0,40000.0,32000.0,50000.0,48000.0,14000.0,39000.0,30000.0,54000.0,12000.0,10000.0,5000.0,1000.0,109333.33,12.5,0.000969,79000.0,10.3797,0.000627,89800.0,4.5657,0.000319,77133.33,3.5436,0.000232,65750.0,3.1179,0.000178,52600.0,2.5982,0.000119
20261002,7734,印能科技,215000.0,378000.0,138000.0,176000.0,217000.0,109000.0,167000.0,218000.0,638000.0,433000.0,150000.0,154000.0,283000.0,462000.0,316000.0,171000.0,179000.0,385000.0,157000.0,163000.0,78000.0,177000.0,313000.0,300000.0,359000.0,277000.0,112000.0,225000.0,237000.0,196000.0,243666.67,29.4118,0.005079,224800.0,19.1281,0.003287,268900.0,7.9955,0.001671,270266.67,5.3034,0.001214,255450.0,4.2083,0.000935,246100.0,2.9121,0.000626
20261002,7738,東聯互動,23000.0,11000.0,14000.0,7000.0,5000.0,34000.0,17000.0,12000.0,23000.0,19000.0,74000.0,13000.0,32000.0,31000.0,14000.0,32000.0,78000.0,201000.0,142000.0,119000.0,19000.0,36000.0,5000.0,32000.0,11000.0,10000.0,43000.0,11000.0,3000.0,5000.0,16000.0,47.9167,0.000543,12000.0,38.3333,0.000352,16500.0,13.9394,0.000179,21933.33,6.9909,0.00013,45050.0,2.5527,0.0001,35866.67,2.1375,6.7e-05
20261002,7743,金利食安,97000.0,15000.0,49000.0,62000.0,74000.0,53000.0,42000.0,44000.0,61000.0,49000.0,70000.0,94000.0,13000.0,31000.0,75000.0,25000.0,13000.0,54000.0,24000.0,76000.0,7000.0,6000.0,22000.0,25000.0,1000.0,2000.0,3000.0,16000.0,,2000.0,53666.67,60.2484,0.002292,59400.0,32.6599,0.001483,54600.0,17.7656,0.000754,55266.67,11.7008,0.000548,51050.0,9.5005,0.000422,38103.45,8.7783,0.000283
20261002,7744,崴寶,92000.0,68000.0,82000.0,78000.0,102000.0,74000.0,180000.0,74000.0,108000.0,85000.0,29000.0,33000.0,92000.0,118000.0,106000.0,146000.0,468000.0,220000.0,182000.0,122000.0,265000.0,54000.0,113000.0,186000.0,169000.0,76000.0,81000.0,177000.0,139000.0,188000.0,80666.67,38.0165,0.002173,84400.0,21.8009,0.001407,94300.0,9.7561,0.000715,88066.67,6.9644,0.000519,122950.0,3.7414,0.0004,130233.33,2.3547,0.000268
20261002,7747,昕奇雲端,300000.0,301000.0,1000.0,2000.0,1000.0,8000.0,7000.0,6000.0,1000.0,,3000.0,5000.0,5000.0,2000.0,2000.0,1000.0,,2000.0,8000.0,2000.0,2000.0,3000.0,2000.0,2000.0,5000.0,3000.0,4000.0,6000.0,1000.0,5000.0,200666.67,49.8339,0.007087,121000.0,49.5868,0.004587,69666.67,47.8469,0.002331,46000.0,46.5839,0.001694,36500.0,45.6621,0.001305,24642.86,43.4783,0.000874
20261002,7751,竑騰,180000.0,93000.0,326000.0,174000.0,161000.0,46000.0,82000.0,69000.0,455000.0,69000.0,138000.0,125000.0,252000.0,177000.0,245000.0,197000.0,147000.0,327000.0,365000.0,472000.0,412000.0,830000.0,1315000.0,691000.0,533000.0,647000.0,1080000.0,205000.0,654000.0,489000.0,199666.67,30.0501,0.004252,186800.0,19.2719,0.002752,165500.0,10.8761,0.001399,172800.0,6.9444,0.001016,205000.0,4.3902,0.000783,365200.0,1.6429,0.000524
20261002,7753,星亞,38000.0,16000.0,18000.0,21000.0,4000.0,11000.0,6000.0,29000.0,13000.0,15000.0,2000.0,13000.0,15000.0,15000.0,25000.0,4000.0,12000.0,12000.0,6000.0,24000.0,9000.0,6000.0,107000.0,19000.0,10000.0,20000.0,18000.0,12000.0,13000.0,7000.0,24000.0,52.7778,0.000898,19400.0,39.1753,0.000581,17100.0,22.2222,0.000295,16066.67,15.7676,0.000215,14950.0,12.709,0.000165,17333.33,7.3077,0.000111
20261002,7757,金色三麥,19000.0,16000.0,19000.0,20000.0,68000.0,26000.0,4000.0,11000.0,18000.0,6000.0,11000.0,16000.0,6000.0,23000.0,45000.0,6000.0,2000.0,,3000.0,,4000.0,11000.0,7000.0,15000.0,14000.0,3000.0,11000.0,7000.0,3000.0,3000.0,18000.0,35.1852,0.000449,28400.0,13.3803,0.000291,20700.0,9.1787,0.000148,20533.33,6.1688,0.000107,17722.22,5.9561,8.3e-05,14178.57,4.7859,5.5e-05
20261002,7767,仁大資訊,11000.0,,2000.0,21000.0,16000.0,4000.0,17000.0,30000.0,35000.0,33000.0,27000.0,54000.0,186000.0,52000.0,35000.0,37000.0,4000.0,18000.0,3000.0,10000.0,33000.0,28000.0,4000.0,25000.0,26000.0,5000.0,64000.0,60000.0,87000.0,36000.0,6500.0,84.6154,0.00026,12500.0,22.0,0.000168,18777.78,6.5089,8.5e-05,37357.14,2.1033,6.2e-05,31315.79,1.8487,4.8e-05,33206.9,1.1423,3.2e-05
20261002,7770,君曜,45000.0,10000.0,21000.0,18000.0,1000.0,22000.0,19000.0,7000.0,24000.0,22000.0,20000.0,9000.0,4000.0,8000.0,36000.0,35000.0,17000.0,9000.0,13000.0,6000.0,17000.0,5000.0,26000.0,1000.0,14000.0,9000.0,13000.0,5000.0,10000.0,3000.0,25333.33,59.2105,0.001063,19000.0,47.3684,0.000688,18900.0,23.8095,0.00035,17733.33,16.9173,0.000254,17300.0,13.0058,0.000196,14966.67,10.0223,0.000131
20261002,7772,耀穎,172000.0,151000.0,95000.0,129000.0,210000.0,2624000.0,1468000.0,2092000.0,1709000.0,454000.0,103000.0,116000.0,133000.0,192000.0,485000.0,1600000.0,139000.0,75000.0,106000.0,218000.0,53000.0,67000.0,67000.0,29000.0,41000.0,63000.0,70000.0,36000.0,35000.0,46000.0,139333.33,41.1483,0.004063,151400.0,22.7213,0.00263,910400.0,1.8893,0.001337,675533.33,1.6974,0.000971,613550.0,1.4017,0.000748,425933.33,1.3461,0.000501
20261002,7777,能率亞洲,2476000.0,2935000.0,2284000.0,1150000.0,558000.0,545000.0,870000.0,1204000.0,2718000.0,967000.0,686000.0,660000.0,880000.0,884000.0,776000.0,674000.0,782000.0,1335000.0,953000.0,1499000.0,1163000.0,1707000.0,3102000.0,2298000.0,9457000.0,6810000.0,2964000.0,3887000.0,854000.0,1093000.0,2565000.0,32.1767,0.058493,1880600.0,26.332,0.037858,1570700.0,15.7637,0.01924,1306200.0,12.6372,0.013981,1241800.0,9.9694,0.01077,1939033.33,4.2564,0.007213
20261002,7782,光速火箭,2000.0,1000.0,3000.0,3000.0,,2000.0,7000.0,10000.0,14000.0,8000.0,16000.0,1000.0,,5000.0,3000.0,21000.0,4000.0,3000.0,,25000.0,1000.0,,8000.0,34000.0,9000.0,4000.0,,1000.0,5000.0,73000.0,2000.0,33.3333,4.7e-05,2250.0,22.2222,3.1e-05,5555.56,4.0,1.6e-05,5769.23,2.6667,1.1e-05,7529.41,1.5625,9e-06,10520.0,0.7605,6e-06
20261002,7792,安葆,310000.0,359000.0,328000.0,1550000.0,2768000.0,2573000.0,2130000.0,1053000.0,1514000.0,293000.0,204000.0,209000.0,251000.0,316000.0,355000.0,452000.0,479000.0,344000.0,334000.0,194000.0,227000.0,516000.0,307000.0,293000.0,421000.0,891000.0,367000.0,488000.0,1886000.0,591000.0,332333.33,31.0933,0.007323,1063000.0,5.8325,0.00474,1287800.0,2.4072,0.002409,947533.33,2.1811,0.00175,800800.0,1.9356,0.001348,733433.33,1.4089,0.000903
20261002,7794,宏碁智新,42000.0,39000.0,11000.0,6000.0,17000.0,17000.0,32000.0,30000.0,40000.0,24000.0,32000.0,28000.0,12000.0,35000.0,36000.0,87000.0,398000.0,135000.0,10000.0,12000.0,6000.0,28000.0,11000.0,8000.0,8000.0,11000.0,1000.0,5000.0,16000.0,19000.0,30666.67,45.6522,0.000992,23000.0,36.5217,0.000642,25800.0,16.2791,0.000326,26733.33,10.4738,0.000237,52150.0,4.0268,0.000183,38533.33,3.6332,0.000122
20261002,7805,威聯通,15000.0,40000.0,23000.0,48000.0,15000.0,32000.0,52000.0,23000.0,70000.0,17000.0,22000.0,32000.0,26000.0,56000.0,20000.0,38000.0,24000.0,30000.0,42000.0,91000.0,77000.0,36000.0,49000.0,22000.0,49000.0,66000.0,263000.0,207000.0,66000.0,66000.0,26000.0,19.2308,0.000354,28200.0,10.6383,0.000229,33500.0,4.4776,0.000117,32733.33,3.055,8.5e-05,35800.0,2.095,6.5e-05,53900.0,0.9276,4.4e-05
20261002,7810,捷創科技,293000.0,214000.0,200000.0,91000.0,202000.0,411000.0,113000.0,35000.0,18000.0,59000.0,43000.0,108000.0,69000.0,134000.0,78000.0,152000.0,107000.0,52000.0,41000.0,76000.0,68000.0,134000.0,248000.0,112000.0,68000.0,145000.0,196000.0,141000.0,22000.0,11000.0,235666.67,41.4427,0.006922,200000.0,29.3,0.00448,163600.0,17.9095,0.002277,137866.67,14.1683,0.001654,124800.0,11.7388,0.001274,121366.67,8.0472,0.000854
20261002,7811,民盛,8000.0,5000.0,1000.0,11000.0,11000.0,2000.0,11000.0,3000.0,12000.0,2000.0,3000.0,3000.0,7000.0,7000.0,16000.0,33000.0,3000.0,3000.0,11000.0,12000.0,,2000.0,1000.0,2000.0,2000.0,6000.0,3000.0,4000.0,4000.0,3000.0,4666.67,57.1429,0.000189,7200.0,22.2222,0.000122,6600.0,12.1212,6.2e-05,6800.0,7.8431,4.5e-05,8200.0,4.878,3.5e-05,6586.21,4.1885,2.3e-05
20261002,7814,海昌生技,39000.0,16000.0,17000.0,10000.0,27000.0,27000.0,7000.0,13000.0,3000.0,12000.0,5000.0,7000.0,14000.0,32000.0,11000.0,10000.0,35000.0,28000.0,25000.0,35000.0,36000.0,67000.0,22000.0,47000.0,41000.0,40000.0,23000.0,17000.0,34000.0,42000.0,24000.0,54.1667,0.000921,21800.0,35.7798,0.000596,17100.0,22.807,0.000303,16000.0,16.25,0.00022,18650.0,10.4558,0.00017,24733.33,5.2561,0.000114
20261002,7819,精誠金融,9000.0,13000.0,50000.0,8000.0,2000.0,5000.0,32000.0,9000.0,34000.0,7000.0,12000.0,30000.0,24000.0,12000.0,9000.0,37000.0,20000.0,19000.0,37000.0,50000.0,118000.0,69000.0,61000.0,113000.0,27000.0,35000.0,19000.0,13000.0,31000.0,39000.0,24000.0,12.5,0.000213,16400.0,10.9756,0.000138,16900.0,5.3254,7e-05,17066.67,3.5156,5.1e-05,20950.0,2.148,3.9e-05,31466.67,0.9534,2.6e-05
20261002,7820,立盈,6000.0,10000.0,20000.0,5000.0,19000.0,14000.0,24000.0,6000.0,39000.0,17000.0,7000.0,32000.0,,34000.0,11000.0,2000.0,5000.0,20000.0,45000.0,12000.0,4000.0,4000.0,15000.0,22000.0,23000.0,35000.0,23000.0,15000.0,21000.0,15000.0,12000.0,16.6667,0.000142,12000.0,10.0,9.2e-05,16000.0,3.75,4.7e-05,17428.57,2.459,3.4e-05,17263.16,1.8293,2.6e-05,17413.79,1.1881,1.7e-05
20261002,7825,和亞智慧,506000.0,432000.0,366000.0,544000.0,568000.0,188000.0,356000.0,438000.0,612000.0,524000.0,694000.0,1117000.0,1180000.0,1679000.0,2625000.0,,,,,,,,,,,,,,,,434666.67,38.8037,0.011954,483200.0,20.9437,0.007737,453400.0,11.1601,0.003932,788600.0,4.2776,0.002857,788600.0,4.2776,0.002201,788600.0,4.2776,0.001474
20261002,7828,創新服務,155000.0,118000.0,211000.0,142000.0,131000.0,284000.0,326000.0,271000.0,497000.0,336000.0,257000.0,273000.0,260000.0,248000.0,441000.0,687000.0,701000.0,334000.0,441000.0,200000.0,129000.0,185000.0,453000.0,281000.0,228000.0,83000.0,88000.0,59000.0,80000.0,169000.0,161333.33,32.0248,0.003662,151400.0,20.4756,0.00237,247100.0,6.2728,0.001204,263333.33,3.9241,0.000875,315650.0,2.4553,0.000674,268933.33,1.9212,0.000452
20261002,7839,達人網,6000.0,21000.0,9000.0,9000.0,15000.0,12000.0,8000.0,7000.0,13000.0,7000.0,6000.0,20000.0,8000.0,13000.0,7000.0,10000.0,15000.0,7000.0,4000.0,5000.0,3000.0,10000.0,16000.0,13000.0,14000.0,12000.0,113000.0,12000.0,13000.0,12000.0,12000.0,16.6667,0.000142,12000.0,10.0,9.2e-05,10700.0,5.6075,4.7e-05,10733.33,3.7267,3.4e-05,10100.0,2.9703,2.6e-05,14000.0,1.4286,1.7e-05
20261002,7842,天能綠電,6000.0,3000.0,14000.0,1000.0,2000.0,10000.0,13000.0,9000.0,3000.0,13000.0,1000.0,17000.0,14000.0,64000.0,9000.0,48000.0,9000.0,24000.0,23000.0,20000.0,33000.0,25000.0,29000.0,50000.0,84000.0,41000.0,39000.0,89000.0,55000.0,166000.0,7666.67,26.087,0.000142,5200.0,23.0769,9.2e-05,7400.0,8.1081,4.7e-05,11933.33,3.352,3.4e-05,15150.0,1.9802,2.6e-05,30466.67,0.6565,1.7e-05
20261002,7856,漢測,424000.0,494000.0,221000.0,491000.0,250000.0,586000.0,2004000.0,,,,,,,,,,,,,,,,,,,,,,,,379666.67,37.2256,0.010017,376000.0,22.5532,0.006483,638571.43,9.4855,0.003295,638571.43,9.4855,0.002394,638571.43,9.4855,0.001844,638571.43,9.4855,0.001235
20261002,8024,佑華,40000.0,51000.0,84000.0,28000.0,43000.0,42000.0,25000.0,55000.0,50000.0,43000.0,44000.0,56000.0,33000.0,56000.0,8000.0,58000.0,66000.0,26000.0,17000.0,53000.0,27000.0,35000.0,18000.0,24000.0,39000.0,40000.0,19000.0,24000.0,42000.0,9000.0,58333.33,22.8571,0.000945,49200.0,16.2602,0.000612,46100.0,8.6768,0.000311,43866.67,6.079,0.000226,43900.0,4.5558,0.000174,38500.0,3.4632,0.000117
20261002,8027,鈦昇,5264000.0,8948000.0,1773000.0,6192000.0,3342000.0,1426000.0,3220000.0,1843000.0,4010000.0,2630000.0,1962000.0,1073000.0,1374000.0,1500000.0,2039000.0,2525000.0,3972000.0,2261000.0,3883000.0,5860000.0,2213000.0,2992000.0,2242000.0,4581000.0,3186000.0,3053000.0,942000.0,954000.0,1375000.0,1730000.0,5328333.33,32.9309,0.124357,5103800.0,20.6278,0.080486,3864800.0,13.6204,0.040903,3106400.0,11.2971,0.029724,3254850.0,8.0864,0.022896,2945500.0,5.9571,0.015334
20261002,8032,光菱,45000.0,24000.0,47000.0,88000.0,15000.0,19000.0,47000.0,73000.0,22000.0,19000.0,42000.0,41000.0,18000.0,23000.0,47000.0,55000.0,39000.0,12000.0,25000.0,44000.0,73000.0,33000.0,10000.0,49000.0,25000.0,19000.0,13000.0,23000.0,14000.0,36000.0,38666.67,38.7931,0.001063,43800.0,20.5479,0.000688,39900.0,11.2782,0.00035,38000.0,7.8947,0.000254,37250.0,6.0403,0.000196,34666.67,4.3269,0.000131
20261002,8034,榮群,56000.0,69000.0,72000.0,65000.0,117000.0,66000.0,312000.0,166000.0,85000.0,77000.0,49000.0,25000.0,47000.0,51000.0,108000.0,77000.0,288000.0,359000.0,56000.0,47000.0,24000.0,45000.0,65000.0,152000.0,137000.0,380000.0,23000.0,52000.0,31000.0,39000.0,65666.67,28.4264,0.001323,75800.0,14.7757,0.000856,108500.0,5.1613,0.000435,91000.0,4.1026,0.000316,109600.0,2.5547,0.000244,104666.67,1.7834,0.000163
20261002,8038,長園科,160000.0,133000.0,381000.0,89000.0,96000.0,107000.0,238000.0,159000.0,160000.0,142000.0,578000.0,565000.0,93000.0,230000.0,124000.0,79000.0,91000.0,125000.0,114000.0,161000.0,89000.0,163000.0,157000.0,177000.0,193000.0,97000.0,131000.0,94000.0,102000.0,119000.0,224666.67,23.7389,0.00378,171800.0,18.6263,0.002446,166500.0,9.6096,0.001243,217000.0,4.9155,0.000903,191250.0,4.183,0.000696,171566.67,3.1086,0.000466
20261002,8040,九暘,1693000.0,2757000.0,4575000.0,8651000.0,10470000.0,6998000.0,5585000.0,3026000.0,2271000.0,1258000.0,597000.0,431000.0,725000.0,1149000.0,1607000.0,1507000.0,5023000.0,4892000.0,1334000.0,4697000.0,744000.0,251000.0,474000.0,466000.0,252000.0,305000.0,212000.0,277000.0,245000.0,267000.0,3008333.33,18.759,0.039995,5629200.0,6.0151,0.025886,4728400.0,3.5805,0.013155,3452866.67,3.2688,0.00956,3462300.0,2.4449,0.007364,2424633.33,2.3275,0.004932
20261002,8042,金山電,10938000.0,11827000.0,1324000.0,2141000.0,3557000.0,1755000.0,2682000.0,3749000.0,1579000.0,3433000.0,1976000.0,4211000.0,3235000.0,11068000.0,9919000.0,4856000.0,10740000.0,11464000.0,8888000.0,6165000.0,4403000.0,4390000.0,5613000.0,8456000.0,4577000.0,1900000.0,1512000.0,2616000.0,8503000.0,5692000.0,8029666.67,45.4066,0.258399,5957400.0,36.7207,0.16724,4298500.0,25.4461,0.084993,4892933.33,14.9031,0.061762,5775350.0,9.4696,0.047576,5438966.67,6.7035,0.031862
20261002,8043,蜜望實,6068000.0,6207000.0,757000.0,598000.0,1149000.0,1092000.0,998000.0,1272000.0,796000.0,1095000.0,870000.0,1457000.0,1014000.0,1932000.0,3141000.0,2849000.0,1563000.0,4931000.0,5760000.0,2194000.0,1329000.0,4770000.0,4634000.0,16493000.0,5016000.0,1458000.0,1771000.0,2649000.0,2541000.0,6029000.0,4344000.0,46.5623,0.14335,2955800.0,41.0583,0.092779,2003200.0,30.2915,0.047151,1896400.0,21.3316,0.034264,2287150.0,13.2654,0.026393,3081100.0,6.5648,0.017676
20261002,8044,網家,181000.0,286000.0,195000.0,146000.0,127000.0,192000.0,446000.0,854000.0,4015000.0,435000.0,124000.0,259000.0,269000.0,281000.0,225000.0,267000.0,276000.0,443000.0,419000.0,376000.0,414000.0,621000.0,235000.0,331000.0,641000.0,653000.0,360000.0,325000.0,305000.0,278000.0,220666.67,27.3414,0.004276,187000.0,19.3583,0.002767,687700.0,2.632,0.001406,535666.67,2.2526,0.001022,490800.0,1.8439,0.000787,465966.67,1.2948,0.000527
20261002,8047,星雲,162000.0,204000.0,409000.0,287000.0,97000.0,43000.0,,17000.0,5000.0,6000.0,,14000.0,4000.0,20000.0,179000.0,83000.0,10000.0,28000.0,19000.0,26000.0,34000.0,,5000.0,5000.0,11000.0,5000.0,32000.0,4000.0,16000.0,22000.0,258333.33,20.9032,0.003827,231800.0,13.9776,0.002477,136666.67,13.1707,0.001259,111307.69,11.1956,0.000915,89611.11,10.0434,0.000705,64703.7,9.273,0.000472
20261002,8048,德勝,93000.0,60000.0,91000.0,85000.0,50000.0,179000.0,102000.0,100000.0,81000.0,118000.0,39000.0,68000.0,39000.0,262000.0,31000.0,81000.0,66000.0,133000.0,57000.0,133000.0,55000.0,127000.0,68000.0,61000.0,59000.0,57000.0,41000.0,29000.0,42000.0,62000.0,81333.33,38.1148,0.002197,75800.0,24.5383,0.001422,95900.0,9.6976,0.000723,93200.0,6.6524,0.000525,93400.0,4.9786,0.000405,82300.0,3.7667,0.000271
20261002,8049,晶采,124000.0,187000.0,118000.0,152000.0,31000.0,82000.0,218000.0,182000.0,47000.0,115000.0,95000.0,96000.0,115000.0,78000.0,75000.0,83000.0,172000.0,178000.0,131000.0,126000.0,98000.0,118000.0,73000.0,120000.0,56000.0,106000.0,123000.0,93000.0,75000.0,149000.0,143000.0,28.9044,0.002929,122400.0,20.2614,0.001896,125600.0,9.8726,0.000964,114333.33,7.2303,0.0007,120250.0,5.1559,0.000539,113866.67,3.63,0.000361
20261002,8050,廣積,1463000.0,1861000.0,6071000.0,5919000.0,2276000.0,949000.0,971000.0,780000.0,1250000.0,1907000.0,644000.0,1193000.0,765000.0,1373000.0,640000.0,418000.0,621000.0,490000.0,1062000.0,1877000.0,550000.0,675000.0,795000.0,1134000.0,886000.0,751000.0,942000.0,735000.0,896000.0,1233000.0,3131666.67,15.5721,0.034562,3518000.0,8.3172,0.022369,2344700.0,6.2396,0.011368,1870800.0,5.2135,0.008261,1626500.0,4.4974,0.006363,1370900.0,3.5573,0.004262
20261002,8054,安國,749000.0,2163000.0,1030000.0,1160000.0,353000.0,985000.0,4277000.0,651000.0,661000.0,739000.0,294000.0,507000.0,558000.0,667000.0,404000.0,585000.0,1472000.0,298000.0,381000.0,695000.0,802000.0,564000.0,565000.0,795000.0,507000.0,788000.0,590000.0,334000.0,590000.0,541000.0,1314000.0,19.0005,0.017694,1091000.0,13.7305,0.011452,1276800.0,5.8662,0.00582,1013200.0,4.9283,0.004229,931450.0,4.0206,0.003258,823500.0,3.0318,0.002182
20261002,8059,凱碩,110000.0,62000.0,146000.0,115000.0,173000.0,355000.0,483000.0,325000.0,,,,,,,,139000.0,125000.0,139000.0,108000.0,97000.0,181000.0,161000.0,143000.0,199000.0,381000.0,685000.0,161000.0,137000.0,73000.0,99000.0,106000.0,34.5912,0.002599,121200.0,18.1518,0.001682,221125.0,6.2182,0.000855,221125.0,6.2182,0.000621,182846.15,4.6277,0.000478,199869.57,2.3929,0.00032
20261002,8064,東捷,5233000.0,7934000.0,22916000.0,21879000.0,14012000.0,4482000.0,11328000.0,16857000.0,26158000.0,5710000.0,5533000.0,6166000.0,5135000.0,11207000.0,10668000.0,30627000.0,7523000.0,17050000.0,13587000.0,11907000.0,2294000.0,3689000.0,1676000.0,2496000.0,2398000.0,3422000.0,951000.0,1318000.0,1404000.0,1475000.0,12027666.67,14.5027,0.123624,14394800.0,7.2707,0.080012,13650900.0,3.8334,0.040663,11681200.0,2.9866,0.029549,12795600.0,2.0448,0.022762,9234500.0,1.8889,0.015244
20261002,8066,來思達,18000.0,10000.0,7000.0,8000.0,12000.0,6000.0,6000.0,28000.0,27000.0,19000.0,19000.0,22000.0,5000.0,6000.0,12000.0,13000.0,3000.0,7000.0,7000.0,11000.0,,23000.0,6000.0,8000.0,7000.0,13000.0,,8000.0,2000.0,22000.0,11666.67,51.4286,0.000425,11000.0,32.7273,0.000275,14100.0,12.766,0.00014,13666.67,8.7805,0.000102,12300.0,7.3171,7.8e-05,11964.29,5.3731,5.2e-05
20261002,8067,志旭,1000.0,3000.0,8000.0,4000.0,10000.0,21000.0,8000.0,5000.0,25000.0,13000.0,21000.0,4000.0,10000.0,5000.0,31000.0,2000.0,4000.0,2000.0,5000.0,16000.0,14000.0,3000.0,17000.0,11000.0,13000.0,1000.0,21000.0,7000.0,2000.0,29000.0,4000.0,8.3333,2.4e-05,5200.0,3.8462,1.5e-05,9800.0,1.0204,8e-06,11266.67,0.5917,6e-06,9900.0,0.5051,4e-06,10533.33,0.3165,3e-06
20261002,8068,全達,118000.0,144000.0,128000.0,196000.0,453000.0,1681000.0,449000.0,56000.0,69000.0,98000.0,181000.0,97000.0,70000.0,68000.0,74000.0,73000.0,19000.0,23000.0,95000.0,48000.0,58000.0,59000.0,70000.0,83000.0,70000.0,54000.0,41000.0,100000.0,42000.0,35000.0,130000.0,30.2564,0.002788,207800.0,11.3571,0.001804,339200.0,3.4788,0.000917,258800.0,3.0397,0.000666,207000.0,2.8502,0.000513,158400.0,2.4832,0.000344
20261002,8069,元太,5644000.0,4026000.0,5385000.0,8380000.0,5361000.0,5691000.0,5602000.0,5219000.0,10014000.0,5033000.0,3873000.0,3738000.0,3958000.0,3445000.0,4183000.0,5587000.0,5109000.0,4511000.0,5249000.0,9256000.0,4865000.0,8265000.0,12172000.0,5122000.0,5997000.0,4098000.0,4109000.0,4891000.0,7860000.0,8508000.0,5018333.33,37.4892,0.133334,5759200.0,19.5999,0.086296,6035500.0,9.3513,0.043856,5303466.67,7.0947,0.031869,5463200.0,5.1655,0.024549,5838366.67,3.2224,0.016441
20261002,8071,能率網通,441000.0,303000.0,329000.0,176000.0,180000.0,127000.0,262000.0,165000.0,348000.0,423000.0,170000.0,126000.0,275000.0,193000.0,266000.0,717000.0,315000.0,414000.0,296000.0,619000.0,251000.0,503000.0,335000.0,494000.0,741000.0,1005000.0,571000.0,606000.0,466000.0,963000.0,357666.67,41.0997,0.010418,285800.0,30.8607,0.006743,275400.0,16.0131,0.003427,252266.67,11.6543,0.00249,307250.0,7.1766,0.001918,402666.67,3.6507,0.001285
20261002,8074,鉅橡,1439000.0,188000.0,261000.0,148000.0,194000.0,185000.0,360000.0,297000.0,199000.0,298000.0,250000.0,252000.0,246000.0,302000.0,319000.0,315000.0,400000.0,392000.0,283000.0,372000.0,342000.0,408000.0,537000.0,1381000.0,510000.0,829000.0,203000.0,245000.0,195000.0,290000.0,629333.33,76.2182,0.033995,446000.0,64.5291,0.022002,356900.0,40.3194,0.011182,329200.0,29.1414,0.008125,335000.0,21.4776,0.006259,388000.0,12.3625,0.004192
20261002,8076,伍豐,453000.0,342000.0,516000.0,444000.0,497000.0,370000.0,334000.0,304000.0,551000.0,510000.0,350000.0,756000.0,415000.0,487000.0,357000.0,423000.0,590000.0,449000.0,569000.0,1152000.0,801000.0,725000.0,494000.0,449000.0,481000.0,1013000.0,390000.0,259000.0,588000.0,298000.0,437000.0,34.5538,0.010702,450400.0,20.1155,0.006926,432100.0,10.4837,0.00352,445733.33,6.7754,0.002558,493450.0,4.5901,0.00197,512233.33,2.9479,0.00132
20261002,8077,洛碁,2000.0,1000.0,10000.0,,2000.0,,9000.0,,,13000.0,2000.0,,1000.0,10000.0,,2000.0,1000.0,3000.0,,20000.0,1000.0,1000.0,4000.0,7000.0,12000.0,17000.0,,4000.0,14000.0,4000.0,4333.33,15.3846,4.7e-05,3750.0,13.3333,3.1e-05,6166.67,5.4054,1.6e-05,5555.56,4.0,1.1e-05,5846.15,2.6316,9e-06,6363.64,1.4286,6e-06
20261002,8080,泰霖,,4000.0,10000.0,23000.0,8000.0,29000.0,16000.0,15000.0,3000.0,15000.0,16000.0,9000.0,8000.0,7000.0,54000.0,4000.0,11000.0,6000.0,22000.0,32000.0,14000.0,81000.0,38000.0,16000.0,1000.0,8000.0,10000.0,23000.0,8000.0,23000.0,7000.0,,,11250.0,,,13666.67,,,15500.0,,,15368.42,,,17724.14,,
20261002,8083,瑞穎,56000.0,91000.0,48000.0,36000.0,25000.0,57000.0,40000.0,33000.0,60000.0,22000.0,35000.0,7000.0,31000.0,36000.0,13000.0,19000.0,38000.0,51000.0,14000.0,40000.0,38000.0,77000.0,69000.0,145000.0,134000.0,83000.0,19000.0,53000.0,125000.0,119000.0,65000.0,28.7179,0.001323,51200.0,21.875,0.000856,46800.0,11.9658,0.000435,39333.33,9.4915,0.000316,37600.0,7.4468,0.000244,53800.0,3.4696,0.000163
20261002,8084,巨虹,565000.0,2403000.0,1004000.0,519000.0,967000.0,3230000.0,469000.0,575000.0,669000.0,265000.0,331000.0,268000.0,493000.0,389000.0,500000.0,700000.0,653000.0,473000.0,401000.0,465000.0,1337000.0,256000.0,177000.0,223000.0,275000.0,523000.0,480000.0,269000.0,493000.0,175000.0,1324000.0,14.2246,0.013348,1091600.0,10.3518,0.008639,1066600.0,5.2972,0.00439,843133.33,4.4675,0.00319,766950.0,3.6834,0.002458,651566.67,2.8905,0.001646
20261002,8085,福華,144000.0,141000.0,132000.0,101000.0,121000.0,140000.0,136000.0,135000.0,158000.0,130000.0,159000.0,126000.0,196000.0,233000.0,160000.0,277000.0,258000.0,646000.0,389000.0,878000.0,475000.0,967000.0,813000.0,1600000.0,2752000.0,1198000.0,488000.0,247000.0,456000.0,1042000.0,139000.0,34.5324,0.003402,127800.0,22.5352,0.002202,133800.0,10.7623,0.001119,147466.67,6.5099,0.000813,233000.0,3.0901,0.000626,489933.33,0.9797,0.000419
20261002,8086,宏捷科,8429000.0,3834000.0,4687000.0,722000.0,1457000.0,1393000.0,1954000.0,1634000.0,2499000.0,3018000.0,1877000.0,1829000.0,1608000.0,2323000.0,3116000.0,1934000.0,1891000.0,1760000.0,2541000.0,4332000.0,5412000.0,9667000.0,6076000.0,3157000.0,5639000.0,6632000.0,3365000.0,3987000.0,3938000.0,4650000.0,5650000.0,49.7286,0.199126,3825800.0,44.064,0.128878,2962700.0,28.4504,0.065497,2692000.0,20.8742,0.047595,2641900.0,15.9525,0.036663,3512033.33,8.0001,0.024553
20261002,8087,麗升能源,11000.0,21000.0,20000.0,26000.0,63000.0,2000.0,17000.0,14000.0,44000.0,31000.0,4000.0,18000.0,11000.0,99000.0,11000.0,6000.0,,,5000.0,11000.0,8000.0,6000.0,17000.0,1000.0,5000.0,14000.0,14000.0,5000.0,84000.0,4000.0,17333.33,21.1538,0.00026,28200.0,7.8014,0.000168,24900.0,4.4177,8.5e-05,26133.33,2.8061,6.2e-05,23000.0,2.657,4.8e-05,20428.57,1.9231,3.2e-05
20261002,8088,品安,521000.0,747000.0,692000.0,178000.0,220000.0,204000.0,404000.0,310000.0,309000.0,207000.0,321000.0,251000.0,210000.0,366000.0,449000.0,267000.0,453000.0,423000.0,436000.0,706000.0,403000.0,896000.0,387000.0,447000.0,426000.0,402000.0,667000.0,509000.0,549000.0,465000.0,653333.33,26.5816,0.012308,471600.0,22.095,0.007966,379200.0,13.7395,0.004048,359266.67,9.6678,0.002942,383700.0,6.7892,0.002266,427500.0,4.0624,0.001518
20261002,8089,康全電訊,59000.0,68000.0,129000.0,89000.0,94000.0,119000.0,328000.0,574000.0,238000.0,66000.0,179000.0,66000.0,112000.0,64000.0,248000.0,503000.0,115000.0,186000.0,133000.0,130000.0,50000.0,186000.0,96000.0,104000.0,101000.0,96000.0,96000.0,40000.0,70000.0,94000.0,85333.33,23.0469,0.001394,87800.0,13.4396,0.000902,176400.0,3.3447,0.000458,162200.0,2.425,0.000333,175000.0,1.6857,0.000257,147766.67,1.3309,0.000172
20261002,8091,翔名,714000.0,139000.0,316000.0,226000.0,139000.0,162000.0,261000.0,194000.0,249000.0,265000.0,477000.0,137000.0,210000.0,415000.0,314000.0,675000.0,167000.0,165000.0,233000.0,271000.0,268000.0,231000.0,312000.0,200000.0,213000.0,254000.0,216000.0,176000.0,163000.0,298000.0,389666.67,61.0778,0.016868,306800.0,46.545,0.010917,266500.0,26.7917,0.005548,281200.0,16.9275,0.004032,286450.0,12.4629,0.003106,268666.67,8.8586,0.00208
20261002,8092,建暐,113000.0,28000.0,28000.0,67000.0,34000.0,156000.0,276000.0,28000.0,24000.0,25000.0,17000.0,16000.0,16000.0,1000.0,7000.0,14000.0,17000.0,27000.0,19000.0,49000.0,15000.0,22000.0,36000.0,45000.0,35000.0,154000.0,4000.0,9000.0,34000.0,16000.0,56333.33,66.8639,0.00267,54000.0,41.8519,0.001728,77900.0,14.5058,0.000878,55733.33,13.5167,0.000638,48100.0,11.7464,0.000492,44400.0,8.4835,0.000329
20261002,8093,保銳,46000.0,24000.0,32000.0,20000.0,54000.0,2000.0,28000.0,30000.0,22000.0,33000.0,54000.0,53000.0,14000.0,37000.0,,43000.0,39000.0,24000.0,14000.0,49000.0,75000.0,71000.0,46000.0,54000.0,61000.0,105000.0,347000.0,216000.0,19000.0,70000.0,34000.0,45.098,0.001087,35200.0,26.1364,0.000703,29100.0,15.8076,0.000357,32071.43,10.245,0.00026,32526.32,7.4434,0.0002,58000.0,2.7348,0.000134
20261002,8096,擎亞,2031000.0,2942000.0,3177000.0,4547000.0,2608000.0,3087000.0,4159000.0,2479000.0,2148000.0,3451000.0,3468000.0,4530000.0,7439000.0,3581000.0,6901000.0,4505000.0,2494000.0,1548000.0,1536000.0,4625000.0,1766000.0,2356000.0,1487000.0,2160000.0,3746000.0,3324000.0,1660000.0,1917000.0,2591000.0,2983000.0,2716666.67,24.9202,0.04798,3061000.0,13.2702,0.031054,3062900.0,6.631,0.015782,3769866.67,3.5916,0.011468,3562800.0,2.8503,0.008834,3174866.67,2.1324,0.005916
20261002,8097,常珵,102000.0,105000.0,111000.0,254000.0,51000.0,36000.0,282000.0,388000.0,258000.0,142000.0,85000.0,55000.0,55000.0,100000.0,80000.0,92000.0,48000.0,55000.0,68000.0,31000.0,34000.0,51000.0,128000.0,43000.0,44000.0,13000.0,87000.0,189000.0,121000.0,95000.0,106000.0,32.0755,0.00241,124600.0,16.3724,0.00156,172900.0,5.8994,0.000793,140266.67,4.8479,0.000576,119900.0,4.2535,0.000444,106766.67,3.1845,0.000297
20261002,8099,大世科,69000.0,89000.0,45000.0,21000.0,22000.0,24000.0,169000.0,44000.0,44000.0,70000.0,31000.0,49000.0,147000.0,194000.0,39000.0,32000.0,28000.0,569000.0,705000.0,383000.0,729000.0,126000.0,286000.0,1344000.0,371000.0,1426000.0,112000.0,81000.0,70000.0,412000.0,67666.67,33.9901,0.00163,49200.0,28.0488,0.001055,59700.0,11.5578,0.000536,70466.67,6.5279,0.00039,138700.0,2.4874,0.0003,257700.0,0.8925,0.000201
20261002,8102,傑霖科技,11000.0,2000.0,14000.0,,10000.0,6000.0,3000.0,3000.0,1000.0,9000.0,3000.0,23000.0,,6000.0,5000.0,51000.0,5000.0,2000.0,3000.0,5000.0,3000.0,3000.0,2000.0,2000.0,9000.0,6000.0,,17000.0,50000.0,4000.0,9000.0,40.7407,0.00026,9250.0,29.7297,0.000168,6555.56,18.6441,8.5e-05,7384.62,11.4583,6.2e-05,9000.0,6.7901,4.8e-05,9555.56,4.2636,3.2e-05
20261002,8107,大億金茂,51000.0,56000.0,69000.0,16000.0,38000.0,38000.0,34000.0,73000.0,33000.0,26000.0,29000.0,,15000.0,26000.0,41000.0,9000.0,54000.0,12000.0,47000.0,25000.0,16000.0,39000.0,26000.0,79000.0,25000.0,32000.0,36000.0,31000.0,14000.0,26000.0,58666.67,28.9773,0.001205,46000.0,22.1739,0.00078,43400.0,11.7512,0.000396,38928.57,9.3578,0.000288,36421.05,7.3699,0.000222,35034.48,5.0197,0.000149
20261002,8109,博大,629000.0,1355000.0,189000.0,169000.0,294000.0,126000.0,127000.0,126000.0,375000.0,53000.0,206000.0,87000.0,155000.0,151000.0,194000.0,94000.0,131000.0,150000.0,313000.0,818000.0,522000.0,201000.0,180000.0,204000.0,522000.0,705000.0,191000.0,359000.0,760000.0,2085000.0,724333.33,28.9462,0.014859,527200.0,23.8619,0.009617,344300.0,18.269,0.004888,282400.0,14.8489,0.003552,287100.0,10.9544,0.002736,382366.67,5.4834,0.001832
20261002,8111,立碁,23441000.0,5823000.0,8529000.0,12470000.0,6437000.0,7806000.0,22762000.0,35250000.0,22709000.0,11752000.0,12485000.0,6037000.0,4472000.0,5891000.0,10328000.0,11346000.0,5761000.0,17120000.0,15925000.0,37791000.0,45046000.0,34235000.0,13392000.0,4471000.0,7849000.0,8963000.0,10078000.0,18084000.0,4761000.0,850000.0,12597666.67,62.0247,0.55377,11340000.0,41.3422,0.358408,15697900.0,14.9326,0.182146,13079466.67,11.948,0.132362,14206750.0,8.25,0.101959,14395466.67,5.4279,0.068283
20261002,8121,越峰,2868000.0,2873000.0,1220000.0,3575000.0,1264000.0,461000.0,592000.0,291000.0,351000.0,294000.0,354000.0,191000.0,230000.0,701000.0,626000.0,393000.0,335000.0,254000.0,346000.0,446000.0,329000.0,374000.0,687000.0,569000.0,490000.0,444000.0,509000.0,440000.0,408000.0,617000.0,2320333.33,41.201,0.067754,2360000.0,24.3051,0.043851,1378900.0,20.7992,0.022286,1059400.0,18.048,0.016194,883250.0,16.2355,0.012475,751066.67,12.7286,0.008354
20261002,8147,正淩,371000.0,984000.0,1203000.0,716000.0,77000.0,157000.0,441000.0,109000.0,106000.0,62000.0,42000.0,50000.0,96000.0,151000.0,119000.0,168000.0,409000.0,924000.0,355000.0,159000.0,86000.0,241000.0,317000.0,119000.0,110000.0,387000.0,81000.0,48000.0,57000.0,59000.0,852666.67,14.5035,0.008764,670200.0,11.0713,0.005673,422600.0,8.779,0.002883,312266.67,7.9206,0.002095,334950.0,5.5381,0.001614,273466.67,4.5222,0.001081
20261002,8155,博智,707000.0,762000.0,1174000.0,1879000.0,951000.0,649000.0,966000.0,323000.0,228000.0,483000.0,248000.0,387000.0,448000.0,563000.0,333000.0,247000.0,465000.0,387000.0,523000.0,851000.0,501000.0,703000.0,995000.0,1267000.0,2349000.0,1007000.0,602000.0,567000.0,590000.0,562000.0,881000.0,26.7499,0.016702,1094600.0,12.918,0.01081,812200.0,8.7048,0.005494,673400.0,6.9993,0.003992,628700.0,5.6227,0.003075,723900.0,3.2555,0.002059
20261002,8171,天宇,216000.0,74000.0,196000.0,199000.0,94000.0,257000.0,257000.0,119000.0,95000.0,71000.0,71000.0,155000.0,51000.0,174000.0,315000.0,330000.0,89000.0,70000.0,83000.0,132000.0,125000.0,118000.0,187000.0,162000.0,99000.0,244000.0,63000.0,38000.0,43000.0,79000.0,162000.0,44.4444,0.005103,155800.0,27.7279,0.003303,157800.0,13.6882,0.001678,156266.67,9.215,0.00122,152400.0,7.0866,0.00094,140200.0,5.1355,0.000629
20261002,8176,智捷,60000.0,31000.0,88000.0,91000.0,6000.0,105000.0,101000.0,52000.0,31000.0,177000.0,59000.0,68000.0,115000.0,46000.0,80000.0,14000.0,19000.0,59000.0,68000.0,53000.0,10000.0,24000.0,54000.0,23000.0,34000.0,72000.0,79000.0,75000.0,83000.0,45000.0,59666.67,33.5196,0.001417,55200.0,21.7391,0.000917,74200.0,8.0863,0.000466,74000.0,5.4054,0.000339,66150.0,4.5351,0.000261,60733.33,3.2931,0.000175
20261002,8182,加高,7055000.0,3689000.0,702000.0,1563000.0,877000.0,2556000.0,436000.0,608000.0,279000.0,468000.0,332000.0,465000.0,205000.0,403000.0,220000.0,470000.0,343000.0,493000.0,256000.0,683000.0,430000.0,507000.0,477000.0,929000.0,656000.0,675000.0,560000.0,3093000.0,769000.0,747000.0,3815333.33,61.6373,0.166667,2777200.0,50.8066,0.10787,1823300.0,38.6936,0.05482,1323866.67,35.5272,0.039837,1105150.0,31.9187,0.030687,1031533.33,22.7978,0.020551
20261002,8183,精星,,,,,,,821000.0,2929000.0,316000.0,150000.0,159000.0,233000.0,251000.0,432000.0,458000.0,567000.0,266000.0,240000.0,665000.0,262000.0,146000.0,141000.0,237000.0,154000.0,240000.0,145000.0,126000.0,120000.0,135000.0,307000.0,,,,,,,1054000.0,,,638777.78,,,553500.0,,,395833.33,,
20261002,8227,巨有科技,812000.0,11686000.0,718000.0,2480000.0,936000.0,905000.0,1640000.0,931000.0,1578000.0,3117000.0,2649000.0,1811000.0,19766000.0,5627000.0,7811000.0,7282000.0,1593000.0,582000.0,269000.0,372000.0,375000.0,1321000.0,415000.0,447000.0,991000.0,1667000.0,367000.0,649000.0,247000.0,225000.0,4405333.33,6.1441,0.019183,3326400.0,4.8822,0.012415,2480300.0,3.2738,0.00631,4164466.67,1.2999,0.004585,3628250.0,1.119,0.003532,2642300.0,1.0244,0.002365
20261002,8234,新漢,264000.0,279000.0,247000.0,279000.0,183000.0,215000.0,487000.0,172000.0,365000.0,175000.0,235000.0,267000.0,290000.0,267000.0,524000.0,758000.0,784000.0,402000.0,445000.0,782000.0,426000.0,367000.0,323000.0,433000.0,600000.0,505000.0,375000.0,617000.0,2072000.0,1141000.0,263333.33,33.4177,0.006237,250400.0,21.0863,0.004037,266600.0,9.9025,0.002051,283266.67,6.2132,0.001491,371000.0,3.558,0.001148,475966.67,1.8489,0.000769
20261002,8240,華宏,2735000.0,8403000.0,2426000.0,4443000.0,1152000.0,548000.0,1470000.0,322000.0,311000.0,893000.0,360000.0,288000.0,440000.0,499000.0,917000.0,1142000.0,3188000.0,4875000.0,1278000.0,1339000.0,3026000.0,1017000.0,871000.0,387000.0,1190000.0,692000.0,104000.0,57000.0,96000.0,78000.0,4521333.33,20.1637,0.064612,3831800.0,14.2753,0.041818,2270300.0,12.0469,0.021252,1680466.67,10.8502,0.015443,1851450.0,7.3861,0.011896,1484900.0,6.1396,0.007967
20261002,8255,朋程,477000.0,325000.0,553000.0,257000.0,340000.0,1005000.0,354000.0,257000.0,161000.0,164000.0,200000.0,161000.0,187000.0,318000.0,231000.0,370000.0,342000.0,253000.0,186000.0,280000.0,257000.0,364000.0,301000.0,736000.0,167000.0,361000.0,146000.0,272000.0,249000.0,556000.0,451666.67,35.203,0.011269,390400.0,24.4365,0.007293,389300.0,12.2528,0.003706,332666.67,9.5591,0.002693,321050.0,7.4287,0.002075,327666.67,4.8525,0.001389
20261002,8272,全景軟體,8000.0,4000.0,4000.0,1000.0,10000.0,9000.0,13000.0,5000.0,5000.0,6000.0,18000.0,24000.0,50000.0,9000.0,8000.0,10000.0,4000.0,5000.0,5000.0,5000.0,8000.0,7000.0,8000.0,10000.0,24000.0,13000.0,2000.0,2000.0,42000.0,7000.0,5333.33,50.0,0.000189,5400.0,29.6296,0.000122,6500.0,12.3077,6.2e-05,11600.0,4.5977,4.5e-05,10150.0,3.9409,3.5e-05,10866.67,2.454,2.3e-05
20261002,8277,商丞,99000.0,171000.0,150000.0,108000.0,45000.0,75000.0,337000.0,267000.0,,,,,,,,310000.0,262000.0,210000.0,102000.0,205000.0,541000.0,106000.0,147000.0,124000.0,159000.0,68000.0,57000.0,80000.0,57000.0,31000.0,140000.0,23.5714,0.002339,114600.0,17.2775,0.001514,156500.0,7.9073,0.000769,156500.0,7.9073,0.000559,180076.92,4.229,0.000431,161347.83,2.6677,0.000288
20261002,8279,生展,20000.0,44000.0,10000.0,31000.0,14000.0,12000.0,55000.0,15000.0,7000.0,7000.0,3000.0,2000.0,10000.0,7000.0,10000.0,26000.0,18000.0,33000.0,129000.0,9000.0,161000.0,185000.0,22000.0,171000.0,71000.0,285000.0,58000.0,40000.0,127000.0,36000.0,24666.67,27.027,0.000472,23800.0,16.8067,0.000306,21500.0,9.3023,0.000155,16466.67,8.0972,0.000113,23100.0,4.329,8.7e-05,53933.33,1.2361,5.8e-05
20261002,8284,三竹,7000.0,27000.0,55000.0,13000.0,7000.0,1000.0,5000.0,6000.0,8000.0,20000.0,13000.0,53000.0,19000.0,83000.0,7000.0,4000.0,1000.0,22000.0,12000.0,35000.0,32000.0,33000.0,10000.0,23000.0,1000.0,17000.0,11000.0,391000.0,16000.0,22000.0,29666.67,7.8652,0.000165,21800.0,6.422,0.000107,14900.0,4.698,5.4e-05,21600.0,2.1605,4e-05,19900.0,1.7588,3e-05,31800.0,0.7338,2e-05
20261002,8289,泰藝,1889000.0,2488000.0,424000.0,710000.0,513000.0,661000.0,287000.0,569000.0,290000.0,321000.0,288000.0,518000.0,261000.0,263000.0,347000.0,264000.0,311000.0,218000.0,217000.0,541000.0,230000.0,444000.0,226000.0,380000.0,378000.0,315000.0,293000.0,822000.0,239000.0,436000.0,1600333.33,39.346,0.044626,1204800.0,31.3579,0.028882,815200.0,23.1722,0.014678,655266.67,19.2186,0.010666,569000.0,16.5993,0.008216,504766.67,12.4744,0.005503
20261002,8291,尚茂,17000.0,20000.0,50000.0,10000.0,1000.0,12000.0,20000.0,17000.0,33000.0,18000.0,27000.0,7000.0,8000.0,10000.0,33000.0,29000.0,23000.0,19000.0,14000.0,5000.0,4000.0,23000.0,3000.0,11000.0,35000.0,26000.0,34000.0,21000.0,15000.0,28000.0,29000.0,19.5402,0.000402,19600.0,17.3469,0.00026,19800.0,8.5859,0.000132,18866.67,6.0071,9.6e-05,18650.0,4.5576,7.4e-05,19100.0,2.9668,5e-05
20261002,8299,群聯,1906000.0,1789000.0,2781000.0,2082000.0,3897000.0,7052000.0,4869000.0,4229000.0,6143000.0,2601000.0,2818000.0,2009000.0,2062000.0,4480000.0,2295000.0,1866000.0,2551000.0,2545000.0,2747000.0,3126000.0,2900000.0,3863000.0,16851000.0,2786000.0,3645000.0,2711000.0,5840000.0,3154000.0,3715000.0,4356000.0,2158666.67,29.4317,0.045027,2491000.0,15.3031,0.029142,3734900.0,5.1032,0.01481,3400866.67,3.7363,0.010762,3192400.0,2.9852,0.00829,3788966.67,1.6768,0.005552
20261002,8342,益張,1000.0,4000.0,1000.0,7000.0,1000.0,5000.0,3000.0,3000.0,,6000.0,12000.0,6000.0,1000.0,,3000.0,4000.0,4000.0,2000.0,,,5000.0,,1000.0,2000.0,3000.0,5000.0,,2000.0,3000.0,5000.0,2000.0,16.6667,2.4e-05,2800.0,7.1429,1.5e-05,3444.44,3.2258,8e-06,4076.92,1.8868,6e-06,3937.5,1.5873,4e-06,3708.33,1.1236,3e-06
20261002,8349,恒耀,55000.0,189000.0,150000.0,136000.0,228000.0,112000.0,209000.0,47000.0,159000.0,81000.0,64000.0,63000.0,42000.0,121000.0,115000.0,136000.0,99000.0,65000.0,58000.0,182000.0,88000.0,138000.0,71000.0,109000.0,105000.0,28000.0,27000.0,40000.0,146000.0,80000.0,131333.33,13.9594,0.001299,151600.0,7.2559,0.000841,136600.0,4.0264,0.000427,118066.67,3.1056,0.000311,115550.0,2.3799,0.000239,104766.67,1.7499,0.00016
20261002,8349A,恒耀甲特,1000.0,2000.0,,14000.0,,,2000.0,1000.0,7000.0,3000.0,,1000.0,4000.0,,4000.0,12000.0,4000.0,7000.0,,1000.0,9000.0,3000.0,2000.0,2000.0,1000.0,,,6000.0,1000.0,1000.0,1500.0,33.3333,2.4e-05,5666.67,5.8824,1.5e-05,4285.71,3.3333,8e-06,3900.0,2.5641,6e-06,4500.0,1.5873,4e-06,4000.0,1.1364,3e-06
20261002,8354,冠好,51000.0,92000.0,18000.0,11000.0,20000.0,8000.0,133000.0,25000.0,21000.0,140000.0,20000.0,27000.0,6000.0,56000.0,106000.0,65000.0,43000.0,47000.0,51000.0,252000.0,303000.0,55000.0,33000.0,55000.0,51000.0,111000.0,106000.0,46000.0,60000.0,42000.0,53666.67,31.677,0.001205,38400.0,26.5625,0.00078,51900.0,9.8266,0.000396,48933.33,6.9482,0.000288,59600.0,4.2785,0.000222,68466.67,2.483,0.000149
20261002,8358,金居,19421000.0,17252000.0,8233000.0,13167000.0,2966000.0,1893000.0,2011000.0,2173000.0,4278000.0,29702000.0,19871000.0,26088000.0,33278000.0,13797000.0,3044000.0,3207000.0,3643000.0,3709000.0,4151000.0,7118000.0,5342000.0,30425000.0,48799000.0,39692000.0,37626000.0,31477000.0,13672000.0,30234000.0,18281000.0,14975000.0,14968666.67,43.2481,0.458801,12207800.0,31.8174,0.296943,10109600.0,19.2105,0.150909,13144933.33,9.8497,0.109662,10950100.0,8.868,0.084474,16317500.0,3.9673,0.056573
20261002,8383,千附,545000.0,475000.0,694000.0,552000.0,1045000.0,431000.0,595000.0,913000.0,1908000.0,821000.0,818000.0,593000.0,722000.0,1040000.0,1448000.0,3140000.0,763000.0,893000.0,796000.0,956000.0,936000.0,1390000.0,980000.0,2228000.0,3514000.0,2972000.0,840000.0,1183000.0,2177000.0,1596000.0,571333.33,31.797,0.012875,662200.0,16.4603,0.008333,797900.0,6.8304,0.004235,840000.0,4.3254,0.003077,957400.0,2.8463,0.002371,1232133.33,1.4744,0.001588
20261002,8390,金益鼎,197000.0,211000.0,177000.0,271000.0,280000.0,193000.0,463000.0,130000.0,198000.0,118000.0,203000.0,186000.0,221000.0,358000.0,1261000.0,300000.0,318000.0,202000.0,373000.0,165000.0,310000.0,229000.0,309000.0,353000.0,471000.0,529000.0,916000.0,365000.0,399000.0,345000.0,195000.0,33.6752,0.004654,227200.0,17.3415,0.003012,223800.0,8.8025,0.001531,297800.0,4.4101,0.001112,291250.0,3.382,0.000857,335033.33,1.96,0.000574
20261002,8401,白紗科,22000.0,24000.0,11000.0,8000.0,21000.0,35000.0,13000.0,41000.0,8000.0,14000.0,1000.0,29000.0,23000.0,87000.0,42000.0,89000.0,65000.0,18000.0,16000.0,2000.0,33000.0,31000.0,26000.0,19000.0,59000.0,35000.0,7000.0,15000.0,2000.0,23000.0,19000.0,38.5965,0.00052,17200.0,25.5814,0.000336,19700.0,11.1675,0.000171,25266.67,5.8047,0.000124,28450.0,3.8664,9.6e-05,27300.0,2.6862,6.4e-05
20261002,8403,盛弘,39000.0,65000.0,136000.0,27000.0,38000.0,81000.0,27000.0,52000.0,31000.0,43000.0,22000.0,35000.0,150000.0,75000.0,51000.0,32000.0,55000.0,79000.0,42000.0,65000.0,67000.0,21000.0,33000.0,60000.0,47000.0,55000.0,205000.0,124000.0,219000.0,60000.0,80000.0,16.25,0.000921,61000.0,12.7869,0.000596,53900.0,7.2356,0.000303,58133.33,4.4725,0.00022,57250.0,3.4061,0.00017,67866.67,1.9155,0.000114
20261002,8409,商之器,27000.0,2000.0,6000.0,7000.0,4000.0,6000.0,,3000.0,1000.0,5000.0,2000.0,6000.0,4000.0,2000.0,1000.0,1000.0,10000.0,2000.0,4000.0,11000.0,8000.0,16000.0,4000.0,9000.0,5000.0,5000.0,2000.0,3000.0,24000.0,,11666.67,77.1429,0.000638,9200.0,58.6957,0.000413,6777.78,44.2623,0.00021,5428.57,35.5263,0.000152,5473.68,25.9615,0.000117,6428.57,15.0,7.9e-05
20261002,8410,森田,28000.0,28000.0,26000.0,29000.0,165000.0,246000.0,81000.0,74000.0,3000.0,13000.0,6000.0,22000.0,25000.0,1000.0,11000.0,1000.0,150000.0,44000.0,7000.0,4000.0,15000.0,12000.0,7000.0,7000.0,13000.0,38000.0,28000.0,35000.0,65000.0,4000.0,27333.33,34.1463,0.000661,55200.0,10.1449,0.000428,69300.0,4.0404,0.000218,50533.33,3.6939,0.000158,48200.0,2.9046,0.000122,39600.0,2.3569,8.2e-05
20261002,8415,大國鋼,211000.0,470000.0,491000.0,581000.0,195000.0,112000.0,277000.0,682000.0,4783000.0,528000.0,724000.0,460000.0,593000.0,634000.0,453000.0,446000.0,205000.0,411000.0,375000.0,518000.0,333000.0,555000.0,968000.0,529000.0,497000.0,593000.0,544000.0,240000.0,523000.0,371000.0,390666.67,18.0034,0.004985,389600.0,10.8316,0.003226,833000.0,2.533,0.00164,746266.67,1.8849,0.001191,657450.0,1.6047,0.000918,610066.67,1.1529,0.000615
20261002,8416,實威,9000.0,3000.0,1000.0,3000.0,9000.0,2000.0,13000.0,6000.0,2000.0,2000.0,1000.0,2000.0,3000.0,1000.0,2000.0,4000.0,2000.0,2000.0,,,3000.0,4000.0,3000.0,2000.0,2000.0,7000.0,19000.0,3000.0,3000.0,3000.0,4333.33,69.2308,0.000213,5000.0,36.0,0.000138,5000.0,18.0,7e-05,3933.33,15.2542,5.1e-05,3722.22,13.4328,3.9e-05,4142.86,7.7586,2.6e-05
20261002,8421,旭源,22000.0,113000.0,63000.0,25000.0,36000.0,56000.0,61000.0,106000.0,138000.0,252000.0,173000.0,234000.0,99000.0,102000.0,90000.0,123000.0,170000.0,590000.0,102000.0,213000.0,72000.0,415000.0,39000.0,76000.0,97000.0,38000.0,122000.0,100000.0,91000.0,44000.0,66000.0,11.1111,0.00052,51800.0,8.4942,0.000336,87200.0,2.5229,0.000171,104666.67,1.4013,0.000124,138400.0,0.7948,9.6e-05,128733.33,0.5697,6.4e-05
20261002,8423,保綠-KY,20000.0,7000.0,9000.0,6000.0,9000.0,21000.0,33000.0,5000.0,7000.0,11000.0,9000.0,15000.0,58000.0,42000.0,46000.0,3000.0,32000.0,18000.0,15000.0,30000.0,46000.0,22000.0,7000.0,14000.0,2000.0,5000.0,2000.0,26000.0,34000.0,7000.0,12000.0,55.5556,0.000472,10200.0,39.2157,0.000306,12800.0,15.625,0.000155,19866.67,6.7114,0.000113,19800.0,5.0505,8.7e-05,18700.0,3.5651,5.8e-05
20261002,8424,惠普,2000.0,,14000.0,9000.0,99000.0,2000.0,7000.0,4000.0,4000.0,2000.0,7000.0,2000.0,12000.0,16000.0,3000.0,2000.0,5000.0,14000.0,3000.0,7000.0,2000.0,7000.0,4000.0,8000.0,25000.0,7000.0,4000.0,1000.0,9000.0,5000.0,8000.0,12.5,4.7e-05,31000.0,1.6129,3.1e-05,15888.89,1.3986,1.6e-05,13071.43,1.0929,1.1e-05,11263.16,0.9346,9e-06,9862.07,0.6993,6e-06
20261002,8426,紅木-KY,13000.0,18000.0,50000.0,42000.0,19000.0,15000.0,13000.0,8000.0,40000.0,4000.0,6000.0,18000.0,3000.0,55000.0,8000.0,9000.0,9000.0,12000.0,34000.0,11000.0,28000.0,1000.0,4000.0,3000.0,39000.0,85000.0,25000.0,15000.0,10000.0,6000.0,27000.0,16.0494,0.000307,28400.0,9.1549,0.000199,22200.0,5.8559,0.000101,20800.0,4.1667,7.3e-05,19350.0,3.3592,5.7e-05,20100.0,2.1559,3.8e-05
20261002,8431,匯鑽科,670000.0,1153000.0,1210000.0,2567000.0,643000.0,1088000.0,3665000.0,4201000.0,1872000.0,3236000.0,3834000.0,2614000.0,2509000.0,896000.0,1991000.0,1870000.0,3556000.0,5306000.0,10612000.0,7618000.0,3177000.0,607000.0,1212000.0,1266000.0,302000.0,68000.0,75000.0,228000.0,127000.0,346000.0,1011000.0,22.0903,0.015828,1248600.0,10.732,0.010244,2030500.0,3.2997,0.005206,2143266.67,2.084,0.003783,3055550.0,1.0964,0.002914,2283966.67,0.9778,0.001952
20261002,8432,東生華,38000.0,32000.0,54000.0,68000.0,36000.0,22000.0,16000.0,21000.0,36000.0,18000.0,9000.0,7000.0,15000.0,23000.0,74000.0,13000.0,33000.0,94000.0,146000.0,58000.0,19000.0,16000.0,7000.0,22000.0,27000.0,19000.0,8000.0,9000.0,42000.0,6000.0,41333.33,30.6452,0.000898,45600.0,16.6667,0.000581,34100.0,11.1437,0.000295,31266.67,8.1023,0.000215,40650.0,4.674,0.000165,32933.33,3.8462,0.000111
20261002,8433,弘帆,15000.0,11000.0,6000.0,7000.0,27000.0,15000.0,29000.0,22000.0,24000.0,6000.0,16000.0,5000.0,,15000.0,23000.0,5000.0,10000.0,10000.0,3000.0,17000.0,2000.0,9000.0,6000.0,3000.0,26000.0,7000.0,11000.0,50000.0,8000.0,15000.0,10666.67,46.875,0.000354,13200.0,22.7273,0.000229,16200.0,9.2593,0.000117,15785.71,6.7873,8.5e-05,14000.0,5.6391,6.5e-05,13896.55,3.7221,4.4e-05
20261002,8435,鉅邁,11000.0,10000.0,45000.0,14000.0,22000.0,31000.0,9000.0,19000.0,10000.0,45000.0,22000.0,15000.0,16000.0,4000.0,26000.0,20000.0,11000.0,6000.0,4000.0,6000.0,18000.0,37000.0,20000.0,27000.0,10000.0,1000.0,6000.0,13000.0,21000.0,22000.0,22000.0,16.6667,0.00026,20400.0,10.7843,0.000168,21600.0,5.0926,8.5e-05,19933.33,3.6789,6.2e-05,17300.0,3.1792,4.8e-05,17366.67,2.1113,3.2e-05
20261002,8436,大江,483000.0,218000.0,312000.0,388000.0,375000.0,342000.0,876000.0,341000.0,648000.0,2510000.0,1736000.0,326000.0,280000.0,525000.0,313000.0,783000.0,365000.0,702000.0,1314000.0,784000.0,723000.0,2258000.0,825000.0,810000.0,1014000.0,1094000.0,468000.0,1044000.0,995000.0,470000.0,337666.67,47.6802,0.01141,355200.0,27.1959,0.007385,649300.0,7.4388,0.003753,644866.67,4.9933,0.002727,681050.0,3.546,0.002101,777400.0,2.071,0.001407
20261002,8437,大地-KY,35000.0,51000.0,51000.0,110000.0,280000.0,58000.0,16000.0,11000.0,23000.0,25000.0,10000.0,13000.0,71000.0,25000.0,,6000.0,11000.0,27000.0,11000.0,4000.0,29000.0,12000.0,3000.0,11000.0,10000.0,12000.0,12000.0,15000.0,12000.0,10000.0,45666.67,25.5474,0.000827,105400.0,6.6414,0.000535,66000.0,5.303,0.000272,55642.86,4.4929,0.000198,44105.26,4.1766,0.000152,33241.38,3.6307,0.000102
20261002,8440,綠電,27000.0,46000.0,76000.0,109000.0,34000.0,45000.0,52000.0,75000.0,39000.0,44000.0,47000.0,43000.0,114000.0,21000.0,37000.0,41000.0,35000.0,89000.0,27000.0,61000.0,44000.0,36000.0,21000.0,37000.0,42000.0,35000.0,111000.0,67000.0,58000.0,52000.0,49666.67,18.1208,0.000638,58400.0,9.2466,0.000413,54700.0,4.936,0.00021,53933.33,3.3375,0.000152,53100.0,2.5424,0.000117,52166.67,1.7252,7.9e-05
20261002,8444,綠河-KY,,,8000.0,2000.0,15000.0,5000.0,4000.0,,28000.0,19000.0,6000.0,,2000.0,1000.0,12000.0,20000.0,5000.0,14000.0,6000.0,4000.0,7000.0,21000.0,8000.0,41000.0,13000.0,18000.0,,2000.0,1000.0,,8000.0,,,8333.33,,,11571.43,,,9272.73,,,9437.5,,,10916.67,,
20261002,8446,華研,24000.0,11000.0,48000.0,15000.0,2000.0,24000.0,21000.0,8000.0,48000.0,26000.0,28000.0,38000.0,42000.0,45000.0,46000.0,56000.0,28000.0,50000.0,24000.0,58000.0,35000.0,32000.0,48000.0,28000.0,25000.0,24000.0,42000.0,42000.0,83000.0,50000.0,27666.67,28.9157,0.000567,20000.0,24.0,0.000367,22700.0,10.5727,0.000186,28400.0,5.6338,0.000136,32100.0,3.7383,0.000104,35033.33,2.2835,7e-05
20261002,8450,霹靂,19000.0,16000.0,24000.0,26000.0,29000.0,22000.0,28000.0,16000.0,31000.0,17000.0,25000.0,18000.0,11000.0,110000.0,9000.0,7000.0,16000.0,14000.0,45000.0,32000.0,2000.0,28000.0,22000.0,10000.0,24000.0,25000.0,13000.0,18000.0,4000.0,7000.0,19666.67,32.2034,0.000449,22800.0,16.6667,0.000291,22800.0,8.3333,0.000148,26733.33,4.7382,0.000107,25750.0,3.6893,8.3e-05,22266.67,2.8443,5.5e-05
20261002,8455,大拓-KY,,3000.0,4000.0,1000.0,7000.0,10000.0,9000.0,3000.0,5000.0,,3000.0,1000.0,1000.0,4000.0,13000.0,2000.0,7000.0,4000.0,16000.0,2000.0,4000.0,4000.0,7000.0,,2000.0,7000.0,3000.0,11000.0,3000.0,6000.0,3500.0,,,3750.0,,,5250.0,,,4923.08,,,5277.78,,,5259.26,,
20261002,8472,納維康,90000.0,181000.0,21000.0,16000.0,2000.0,4000.0,10000.0,5000.0,6000.0,28000.0,44000.0,13000.0,11000.0,37000.0,7000.0,29000.0,37000.0,84000.0,5000.0,8000.0,7000.0,29000.0,12000.0,10000.0,16000.0,9000.0,1000.0,6000.0,3000.0,3000.0,97333.33,30.8219,0.002126,62000.0,29.0323,0.001376,36300.0,24.7934,0.000699,31666.67,18.9474,0.000508,31900.0,14.1066,0.000391,24466.67,12.2616,0.000262
20261002,8477,創業家,13000.0,6000.0,12000.0,9000.0,6000.0,32000.0,59000.0,28000.0,6000.0,13000.0,1000.0,5000.0,6000.0,19000.0,9000.0,15000.0,25000.0,24000.0,8000.0,1000.0,5000.0,22000.0,11000.0,6000.0,14000.0,23000.0,15000.0,17000.0,24000.0,5000.0,10333.33,41.9355,0.000307,9200.0,28.2609,0.000199,18400.0,7.0652,0.000101,14933.33,5.8036,7.3e-05,14850.0,4.3771,5.7e-05,14633.33,2.9613,3.8e-05
20261002,8489,三貝德,57000.0,41000.0,38000.0,61000.0,30000.0,147000.0,445000.0,41000.0,27000.0,24000.0,23000.0,38000.0,17000.0,9000.0,20000.0,20000.0,29000.0,6000.0,24000.0,45000.0,57000.0,32000.0,15000.0,48000.0,15000.0,50000.0,54000.0,34000.0,7000.0,26000.0,45333.33,41.9118,0.001347,45400.0,25.1101,0.000872,91100.0,6.2569,0.000443,67866.67,5.5992,0.000322,57100.0,4.9912,0.000248,49333.33,3.8514,0.000166
20261002,8905,裕國,,4000.0,3000.0,13000.0,2000.0,5000.0,5000.0,12000.0,6000.0,5000.0,9000.0,2000.0,5000.0,,1000.0,3000.0,,6000.0,10000.0,6000.0,17000.0,2000.0,2000.0,26000.0,6000.0,4000.0,6000.0,12000.0,,6000.0,3500.0,,,5500.0,,,6111.11,,,5538.46,,,5705.88,,,6846.15,,
20261002,8906,花王,10000.0,1000.0,15000.0,7000.0,15000.0,9000.0,7000.0,5000.0,68000.0,22000.0,13000.0,8000.0,7000.0,2000.0,35000.0,11000.0,2000.0,14000.0,6000.0,62000.0,10000.0,14000.0,25000.0,6000.0,15000.0,5000.0,35000.0,5000.0,22000.0,20000.0,8666.67,38.4615,0.000236,9600.0,20.8333,0.000153,15900.0,6.2893,7.8e-05,14933.33,4.4643,5.6e-05,15950.0,3.1348,4.3e-05,15866.67,2.1008,2.9e-05
20261002,8908,欣雄,30000.0,18000.0,12000.0,45000.0,37000.0,71000.0,38000.0,50000.0,3000.0,37000.0,44000.0,10000.0,46000.0,19000.0,37000.0,17000.0,26000.0,27000.0,30000.0,40000.0,126000.0,73000.0,28000.0,32000.0,22000.0,26000.0,5000.0,9000.0,22000.0,21000.0,20000.0,50.0,0.000709,28400.0,21.1268,0.000459,34100.0,8.7977,0.000233,33133.33,6.0362,0.000169,31850.0,4.7096,0.00013,33366.67,2.997,8.7e-05
20261002,8916,光隆,56000.0,24000.0,27000.0,71000.0,59000.0,20000.0,63000.0,26000.0,57000.0,84000.0,42000.0,73000.0,70000.0,13000.0,70000.0,40000.0,18000.0,133000.0,32000.0,27000.0,74000.0,41000.0,60000.0,64000.0,42000.0,105000.0,48000.0,81000.0,44000.0,61000.0,35666.67,52.3364,0.001323,47400.0,23.6287,0.000856,48700.0,11.499,0.000435,50333.33,7.4172,0.000316,50250.0,5.5721,0.000244,54166.67,3.4462,0.000163
20261002,8917,欣泰,,,4000.0,5000.0,14000.0,8000.0,9000.0,4000.0,2000.0,,10000.0,5000.0,489000.0,4000.0,4000.0,2000.0,1000.0,5000.0,9000.0,44000.0,,,5000.0,,4000.0,10000.0,,13000.0,1000.0,1000.0,4000.0,,,7666.67,,,6571.43,,,46500.0,,,36411.76,,,28391.3,,
20261002,8921,沈氏,3000.0,,2000.0,,,,2000.0,1000.0,1000.0,12000.0,1000.0,2000.0,3000.0,3000.0,,1000.0,,1000.0,20000.0,2000.0,,17000.0,5000.0,1000.0,,3000.0,3000.0,3000.0,1000.0,6000.0,2500.0,60.0,7.1e-05,2500.0,60.0,4.6e-05,3500.0,14.2857,2.3e-05,3000.0,10.0,1.7e-05,3857.14,5.5556,1.3e-05,4227.27,3.2258,9e-06
20261002,8923,時報,,,1000.0,11000.0,,,7000.0,11000.0,,,,55000.0,,39000.0,1000.0,1000.0,2000.0,,,,,8000.0,13000.0,,,4000.0,,3000.0,,10000.0,1000.0,,,6000.0,,,7500.0,,,17857.14,,,14222.22,,,11857.14,,
20261002,8924,大田,26000.0,35000.0,26000.0,28000.0,55000.0,39000.0,68000.0,63000.0,123000.0,49000.0,84000.0,33000.0,95000.0,62000.0,22000.0,27000.0,19000.0,37000.0,100000.0,96000.0,88000.0,39000.0,40000.0,33000.0,45000.0,54000.0,32000.0,44000.0,41000.0,37000.0,29000.0,29.8851,0.000614,34000.0,15.2941,0.000398,51200.0,5.0781,0.000202,53866.67,3.2178,0.000147,54350.0,2.3919,0.000113,51333.33,1.6883,7.6e-05
20261002,8927,北基,46000.0,164000.0,122000.0,72000.0,84000.0,174000.0,129000.0,254000.0,240000.0,86000.0,64000.0,66000.0,67000.0,149000.0,99000.0,180000.0,100000.0,68000.0,61000.0,81000.0,45000.0,207000.0,66000.0,64000.0,88000.0,102000.0,127000.0,233000.0,65000.0,50000.0,110666.67,13.8554,0.001087,97600.0,9.4262,0.000703,137100.0,3.3552,0.000357,121066.67,2.533,0.00026,115300.0,1.9948,0.0002,111766.67,1.3719,0.000134
20261002,8928,鉅明,4000.0,7000.0,9000.0,16000.0,14000.0,27000.0,6000.0,14000.0,16000.0,16000.0,6000.0,8000.0,7000.0,31000.0,21000.0,42000.0,77000.0,21000.0,29000.0,11000.0,32000.0,9000.0,3000.0,58000.0,39000.0,46000.0,34000.0,22000.0,11000.0,14000.0,6666.67,20.0,9.4e-05,10000.0,8.0,6.1e-05,12900.0,3.1008,3.1e-05,13466.67,1.9802,2.3e-05,19100.0,1.0471,1.7e-05,21666.67,0.6154,1.2e-05
20261002,8929,富堡,1000.0,7000.0,25000.0,5000.0,5000.0,13000.0,15000.0,17000.0,,12000.0,6000.0,5000.0,23000.0,2000.0,5000.0,5000.0,1000.0,27000.0,,3000.0,5000.0,7000.0,6000.0,11000.0,4000.0,8000.0,8000.0,10000.0,27000.0,14000.0,11000.0,3.0303,2.4e-05,8600.0,2.3256,1.5e-05,11111.11,1.0,8e-06,10071.43,0.7092,6e-06,9833.33,0.565,4e-06,9892.86,0.361,3e-06
20261002,8930,青鋼,29000.0,19000.0,38000.0,20000.0,62000.0,32000.0,74000.0,12000.0,23000.0,30000.0,42000.0,8000.0,15000.0,21000.0,68000.0,66000.0,16000.0,23000.0,45000.0,11000.0,25000.0,25000.0,45000.0,49000.0,64000.0,38000.0,21000.0,23000.0,20000.0,23000.0,28666.67,33.7209,0.000685,33600.0,17.2619,0.000443,33900.0,8.5546,0.000225,32866.67,5.8824,0.000164,32700.0,4.4343,0.000126,32900.0,2.9382,8.4e-05
20261002,8931,大汽電,13000.0,16000.0,244000.0,80000.0,280000.0,100000.0,35000.0,128000.0,30000.0,78000.0,161000.0,64000.0,421000.0,90000.0,22000.0,77000.0,100000.0,167000.0,47000.0,20000.0,48000.0,43000.0,91000.0,44000.0,33000.0,32000.0,,1000.0,20000.0,12000.0,91000.0,4.7619,0.000307,126600.0,2.0537,0.000199,100400.0,1.2948,0.000101,117466.67,0.7378,7.3e-05,108650.0,0.5983,5.7e-05,86103.45,0.5206,3.8e-05
20261002,8932,智通*,1037000.0,719000.0,822000.0,713000.0,642000.0,1063000.0,1193000.0,2248000.0,2043000.0,1194000.0,2302000.0,2886000.0,1609000.0,1716000.0,1894000.0,2565000.0,1998000.0,1969000.0,2210000.0,1753000.0,1645000.0,2110000.0,3794000.0,8046000.0,9075000.0,6770000.0,1236000.0,3513000.0,3141000.0,3116000.0,859333.33,40.225,0.024498,786600.0,26.3666,0.015856,1167400.0,8.883,0.008058,1472066.67,4.6963,0.005856,1628800.0,3.1833,0.004511,2500733.33,1.3823,0.003021
20261002,8933,愛地雅,41000.0,84000.0,108000.0,42000.0,88000.0,84000.0,204000.0,42000.0,38000.0,19000.0,14000.0,29000.0,51000.0,209000.0,83000.0,133000.0,39000.0,64000.0,20000.0,31000.0,71000.0,87000.0,56000.0,117000.0,155000.0,229000.0,75000.0,42000.0,63000.0,94000.0,77666.67,17.5966,0.000969,72600.0,11.2948,0.000627,75000.0,5.4667,0.000319,75733.33,3.6092,0.000232,71150.0,2.8812,0.000178,80400.0,1.6998,0.000119
20261002,8935,邦泰,81000.0,159000.0,599000.0,251000.0,378000.0,73000.0,81000.0,71000.0,81000.0,108000.0,210000.0,50000.0,93000.0,92000.0,86000.0,77000.0,88000.0,58000.0,105000.0,88000.0,188000.0,87000.0,69000.0,79000.0,96000.0,64000.0,187000.0,84000.0,128000.0,196000.0,279666.67,9.6544,0.001914,293600.0,5.5177,0.001238,188200.0,4.3039,0.000629,160866.67,3.3568,0.000457,141450.0,2.8632,0.000352,133566.67,2.0215,0.000236
20261002,8936,國統,1114000.0,1004000.0,1068000.0,525000.0,549000.0,595000.0,751000.0,832000.0,696000.0,932000.0,836000.0,817000.0,700000.0,537000.0,1044000.0,952000.0,924000.0,822000.0,869000.0,1078000.0,539000.0,590000.0,697000.0,1031000.0,859000.0,752000.0,674000.0,681000.0,1059000.0,983000.0,1062000.0,34.9655,0.026317,852000.0,26.1502,0.017033,806600.0,13.8111,0.008656,800000.0,9.2833,0.00629,832250.0,6.6927,0.004845,817000.0,4.5451,0.003245
20261002,8937,合騏*,54000.0,48000.0,339000.0,367000.0,341000.0,89000.0,173000.0,75000.0,66000.0,176000.0,77000.0,306000.0,138000.0,125000.0,398000.0,746000.0,116000.0,179000.0,155000.0,146000.0,802000.0,212000.0,409000.0,266000.0,1404000.0,334000.0,185000.0,134000.0,265000.0,338000.0,147000.0,12.2449,0.001276,229800.0,4.6997,0.000826,172800.0,3.125,0.00042,184800.0,1.9481,0.000305,205700.0,1.3126,0.000235,282100.0,0.6381,0.000157
20261002,8938,明安,59000.0,46000.0,33000.0,43000.0,25000.0,53000.0,130000.0,82000.0,106000.0,55000.0,38000.0,31000.0,110000.0,73000.0,33000.0,41000.0,33000.0,70000.0,171000.0,102000.0,83000.0,48000.0,251000.0,171000.0,141000.0,28000.0,185000.0,158000.0,54000.0,46000.0,46000.0,42.7536,0.001394,41200.0,28.6408,0.000902,63200.0,9.3354,0.000458,61133.33,6.434,0.000333,66700.0,4.4228,0.000257,83300.0,2.3609,0.000172
20261002,8941,關中,6000.0,12000.0,5000.0,3000.0,4000.0,3000.0,3000.0,2000.0,5000.0,12000.0,7000.0,2000.0,4000.0,,1000.0,2000.0,2000.0,4000.0,4000.0,2000.0,1000.0,,1000.0,5000.0,11000.0,5000.0,4000.0,13000.0,5000.0,25000.0,7666.67,26.087,0.000142,6000.0,20.0,9.2e-05,5500.0,10.9091,4.7e-05,4928.57,8.6957,3.4e-05,4368.42,7.2289,2.6e-05,5464.29,3.9216,1.7e-05
20261002,8942,森鉅,131000.0,105000.0,143000.0,131000.0,106000.0,118000.0,73000.0,152000.0,195000.0,83000.0,124000.0,90000.0,87000.0,64000.0,85000.0,95000.0,118000.0,186000.0,137000.0,295000.0,112000.0,101000.0,203000.0,173000.0,237000.0,699000.0,244000.0,245000.0,192000.0,150000.0,126333.33,34.5646,0.003095,123200.0,21.2662,0.002003,123700.0,10.5901,0.001018,112466.67,7.7653,0.00074,125900.0,5.2025,0.00057,162466.67,2.6877,0.000382
20261002,9949,琉園,10000.0,7000.0,65000.0,9000.0,30000.0,117000.0,53000.0,46000.0,48000.0,7000.0,7000.0,5000.0,6000.0,7000.0,12000.0,26000.0,33000.0,9000.0,28000.0,11000.0,9000.0,32000.0,41000.0,30000.0,28000.0,328000.0,28000.0,9000.0,8000.0,37000.0,27333.33,12.1951,0.000236,24200.0,8.2645,0.000153,39200.0,2.551,7.8e-05,28600.0,2.331,5.6e-05,26800.0,1.8657,4.3e-05,36200.0,0.9208,2.9e-05
20261002,9950,萬國通,11000.0,22000.0,23000.0,12000.0,17000.0,16000.0,49000.0,34000.0,5000.0,72000.0,12000.0,33000.0,4000.0,60000.0,15000.0,14000.0,27000.0,29000.0,13000.0,43000.0,46000.0,59000.0,35000.0,18000.0,67000.0,21000.0,13000.0,21000.0,13000.0,51000.0,18666.67,19.6429,0.00026,17000.0,12.9412,0.000168,26100.0,4.2146,8.5e-05,25666.67,2.8571,6.2e-05,25550.0,2.1526,4.8e-05,28500.0,1.2865,3.2e-05
20261002,9951,皇田,68000.0,62000.0,73000.0,134000.0,68000.0,58000.0,16000.0,8000.0,48000.0,41000.0,161000.0,22000.0,16000.0,48000.0,48000.0,143000.0,31000.0,60000.0,57000.0,165000.0,211000.0,141000.0,52000.0,47000.0,23000.0,75000.0,49000.0,42000.0,53000.0,78000.0,67666.67,33.4975,0.001606,81000.0,16.7901,0.00104,57600.0,11.8056,0.000528,58066.67,7.8071,0.000384,66350.0,5.1243,0.000296,69933.33,3.2412,0.000198
20261002,9960,邁達康,43000.0,152000.0,66000.0,75000.0,189000.0,176000.0,182000.0,64000.0,12000.0,8000.0,5000.0,12000.0,27000.0,66000.0,52000.0,211000.0,22000.0,12000.0,1000.0,3000.0,1000.0,6000.0,10000.0,2000.0,,,,3000.0,1000.0,24000.0,87000.0,16.4751,0.001016,105000.0,8.1905,0.000657,96700.0,4.4467,0.000334,75266.67,3.8087,0.000243,68900.0,3.1205,0.000187,52777.78,3.0175,0.000125
20261002,9962,有益,78000.0,101000.0,93000.0,147000.0,76000.0,62000.0,5000.0,52000.0,31000.0,14000.0,9000.0,30000.0,46000.0,65000.0,32000.0,29000.0,67000.0,77000.0,26000.0,35000.0,50000.0,38000.0,10000.0,83000.0,19000.0,17000.0,24000.0,42000.0,61000.0,39000.0,90666.67,28.6765,0.001843,99000.0,15.7576,0.001193,65900.0,11.8361,0.000606,56066.67,9.2747,0.00044,53750.0,7.2558,0.000339,48600.0,5.3498,0.000227
