
██████████████████████████████████████████████████████████████████████████████████████████████████████████████
  📅 天數組合: 15 日  →  輸出檔: q14_15.txt
██████████████████████████████████████████████████████████████████████████████████████████████████████████████

🔁 共執行 15 次，每次區間長度 16 個交易日

══════════════════════════════════════════════════════════════════════════════════════════════════════════════
  🔄 第  1/15 次  2026/09/09 ～ 2026/10/02
══════════════════════════════════════════════════════════════════════════════════════════════════════════════

==========================================================================================================================================================================
📊 ROI 每日報酬率累計排名 (2026/09/09 ~ 2026/10/02)
==========================================================================================================================================================================
    實資排名          累計天數排名  代號        名稱                 累計漲停(元)       累計跌停(元)       強度%  (09/09)開盤      最高      最低      收盤    (10/02)開盤      最高      最低      收盤      賺賠    賺賠率
--------------------------------------------------------------------------------------------------------------------------------------------------------------------------
       1              22  2221      大甲                   82.00         18.50   100.00%     85.80    90.00    85.60    87.80      182.00   188.00   177.50   188.00   +100.20  +114.12%
       2              28  8227      巨有科技                166.00         14.00    89.83%    183.00   198.00   178.50   198.00      363.50   370.00   351.00   370.00   +172.00   +86.87%
       3              89  5013      強新                    0.00          0.00    81.96%     28.30    28.30    27.60    28.15       46.85    46.85    46.85    46.85    +18.70   +66.43%
       4              72  6708      天擎                    0.00          0.00    81.26%     38.00    38.00    37.25    37.80       62.00    62.40    59.90    62.40    +24.60   +65.08%
       5             130  4174      浩鼎                    0.00          0.00    78.75%     26.35    27.00    26.15    26.45       45.60    45.60    40.10    42.00    +15.55   +58.79%
       6             139  4556      旭然                   10.00          0.00    73.58%     77.50    83.70    75.10    78.20      111.50   122.50   109.50   114.50    +36.30   +46.42%
       7              71  3441      聯一光                  49.50          0.00    73.31%    132.50   144.00   129.00   143.50      210.00   222.50   207.00   211.00    +67.50   +47.04%
       8             432  3219      倚強科                  30.80          0.00    72.55%     90.50    92.80    88.60    88.80      132.50   132.50   126.50   128.50    +39.70   +44.71%
       9             220  3624      光頡                   46.50         10.50    72.08%    102.00   106.00    99.80   103.50      151.00   157.50   147.00   148.50    +45.00   +43.48%
      10              74  7772      耀穎                   55.00         14.50    71.90%    144.00   144.00   122.00   130.00      183.00   188.50   183.00   186.00    +56.00   +43.08%
      11              41  2061      風青                    0.00          0.00    71.61%     47.50    47.90    46.65    47.10       60.80    67.80    60.00    67.80    +20.70   +43.95%
      12             115  6221      晉泰                    0.00          0.00    71.57%     21.10    21.30    21.00    21.15       30.90    30.95    30.10    30.25     +9.10   +43.03%
      13              75  3467      台灣精材                  0.00          0.00    71.17%     51.70    52.00    51.10    51.70       72.50    74.30    70.80    73.20    +21.50   +41.59%
      14              30  6945      圓祥生技                 20.20          0.00    70.95%     97.20    97.20    95.40    95.40      140.50   142.00   132.00   136.00    +40.60   +42.56%
      15              43  3707      漢磊                    0.00          0.00    70.50%     60.00    60.60    59.80    60.10       77.50    85.20    76.30    85.20    +25.10   +41.76%
      16             430  6925      意藍                    0.00          0.00    70.16%     49.35    49.40    49.25    49.25       72.10    72.10    68.50    68.50    +19.25   +39.09%
      17              91  6218      豪勉                    0.00          0.00    69.13%     46.70    48.95    46.15    46.90       63.20    64.90    62.80    64.40    +17.50   +37.31%
      18             329  6485      點序                    0.00          0.00    68.86%     60.40    61.40    60.10    60.80       85.10    86.20    80.00    83.60    +22.80   +37.50%
      19              81  5465      富驊                    0.00          0.00    67.69%     24.10    24.50    24.10    24.40       33.85    33.85    32.85    33.10     +8.70   +35.66%
      20             541  6148      驊宏資                   0.00          0.00    67.39%     27.55    28.55    27.55    28.35       38.45    38.90    37.45    38.10     +9.75   +34.39%
      21              16  6199      天品                    0.00          0.00    67.10%     96.50    97.70    96.10    97.10      128.00   134.00   128.00   132.00    +34.90   +35.94%
      22              50  1569      濱川                    0.00          0.00    66.94%     48.30    50.10    47.65    49.35       64.00    68.60    63.10    66.50    +17.15   +34.75%
      23               8  2724      藝舍-KY                 0.00          0.00    66.54%        --       --       --       --       12.70    12.70    12.65    12.70        --        --
      24             189  3675      德微                  121.00         21.50    66.50%    271.50   278.00   270.50   271.50      359.00   378.50   352.50   360.00    +88.50   +32.60%
      25              87  7792      安葆                  117.50         36.00    65.76%    317.00   328.50   312.50   322.50      429.00   429.00   414.00   425.00   +102.50   +31.78%
      26              79  3114      好德                    0.00          0.00    65.55%     30.00    30.25    29.80    30.05       36.75    39.65    35.35    39.65     +9.60   +31.95%
      27             167  7547      碩網                    0.00          0.00    64.60%     49.50    49.50    48.55    49.25       64.50    65.50    64.10    64.10    +14.85   +30.15%
      28             118  6877      鏵友益                  26.00          0.00    64.41%    118.00   119.00   116.00   117.50      152.00   152.00   150.00   152.00    +34.50   +29.36%
      29              80  8289      泰藝                    0.00          0.00    64.25%     43.75    44.50    43.25    43.35       53.80    56.10    53.50    56.10    +12.75   +29.41%
      30             458  4924      欣厚-KY                 0.00          0.00    63.86%     13.20    13.20    12.55    12.65       15.75    16.60    15.75    15.90     +3.25   +25.69%
      31             207  6207      雷科                   37.00          0.00    63.79%    115.50   119.50   112.00   116.00      145.00   152.50   141.50   148.00    +32.00   +27.59%
      32              94  5309      系統電                   0.00          0.00    63.64%     51.20    51.60    50.60    51.10       63.00    68.00    62.30    65.70    +14.60   +28.57%
      33             100  6174      安碁                    0.00          0.00    63.62%     44.00    45.00    42.75    43.00       54.90    55.00    54.10    55.00    +12.00   +27.91%
      34             161  3105      穩懋                  170.00         33.50    63.35%    462.00   478.00   457.50   464.00      574.00   591.00   572.00   591.00   +127.00   +27.37%
      35             150  6204      艾華                   19.50          0.00    63.18%     88.50    89.70    87.00    87.00      105.50   114.00   105.00   110.00    +23.00   +26.44%
      36             143  3615      安可                    0.00          0.00    62.80%     35.90    36.80    35.70    35.70       43.25    46.80    43.05    45.00     +9.30   +26.05%
      37             154  8121      越峰                    0.00          0.00    62.77%     27.35    27.35    26.85    26.95       34.65    35.75    33.45    34.10     +7.15   +26.53%
      38             477  6140      訊達                    0.00          0.00    62.48%     16.40    16.40    16.10    16.20       20.40    20.40    20.00    20.10     +3.90   +24.07%
      39              36  6122      擎邦                    0.00          0.00    62.23%     50.80    51.00    49.50    50.50       62.50    63.90    60.80    63.90    +13.40   +26.53%
      40             182  3580      友威科                   0.00          0.00    62.13%     86.40    87.00    85.40    86.40      108.00   110.00   107.50   108.50    +22.10   +25.58%
==========================================================================================================================================================================
✅ 共 40 筆


══════════════════════════════════════════════════════════════════════════════════════════════════════════════
  🔄 第  2/15 次  2026/09/08 ～ 2026/10/01
══════════════════════════════════════════════════════════════════════════════════════════════════════════════

==========================================================================================================================================================================
📊 ROI 每日報酬率累計排名 (2026/09/08 ~ 2026/10/01)
==========================================================================================================================================================================
    實資排名          累計天數排名  代號        名稱                 累計漲停(元)       累計跌停(元)       強度%  (09/08)開盤      最高      最低      收盤    (10/01)開盤      最高      最低      收盤      賺賠    賺賠率
--------------------------------------------------------------------------------------------------------------------------------------------------------------------------
       1              21  2221      大甲                   82.00         18.50   100.00%     87.20    90.90    85.50    85.80      190.50   193.00   178.00   179.00    +93.20  +108.62%
       2              26  8227      巨有科技                184.00         14.00    96.79%    166.00   180.00   163.00   180.00      379.50   384.50   342.00   363.50   +183.50  +101.94%
       3              70  4174      浩鼎                    0.00          0.00    81.83%     25.35    26.35    25.00    26.00       43.10    43.10    43.10    43.10    +17.10   +65.77%
       4              92  3624      光頡                   46.50         10.50    77.82%     99.70   103.00    96.20    96.60      138.00   151.00   138.00   151.00    +54.40   +56.31%
       5              69  3441      聯一光                  61.00          0.00    76.06%    130.00   134.00   123.50   132.00      189.00   202.50   189.00   202.50    +70.50   +53.41%
       6             108  5013      強新                    0.00          0.00    75.40%     28.05    28.05    26.55    28.00       42.60    42.60    42.60    42.60    +14.60   +52.14%
       7             126  6708      天擎                    0.00          0.00    73.94%     38.30    38.30    37.00    38.00       56.80    56.80    54.90    56.80    +18.80   +49.47%
       8             306  3219      倚強科                  30.80          0.00    73.44%     94.30    97.00    85.70    89.00      132.50   134.00   128.50   131.50    +42.50   +47.75%
       9              28  6945      圓祥生技                 20.20          0.00    73.44%     94.60    96.70    94.60    95.80      147.50   148.00   142.50   143.00    +47.20   +49.27%
      10             333  6925      意藍                    0.00          0.00    72.60%     49.20    50.00    49.20    49.50       73.80    80.00    72.10    72.10    +22.60   +45.66%
      11              80  6221      晉泰                    0.00          0.00    72.52%     21.30    21.35    21.15    21.15       31.05    32.75    30.50    30.95     +9.80   +46.34%
      12             161  4556      旭然                   10.00          0.00    71.78%     71.10    77.50    70.60    77.50      108.00   111.50    98.30   111.50    +34.00   +43.87%
      13              77  3467      台灣精材                  0.00          0.00    70.41%     50.50    51.50    50.50    51.30       73.60    74.70    69.60    72.60    +21.30   +41.52%
      14             112  7772      耀穎                   55.00         14.50    69.90%    131.00   131.00   131.00   131.00      181.00   184.00   176.00   184.00    +53.00   +40.46%
      15             177  6485      點序                    0.00          0.00    69.34%     61.80    61.80    60.40    60.40       80.70    84.70    77.50    84.70    +24.30   +40.23%
      16              45  5465      富驊                    0.00          0.00    68.69%     24.20    24.45    24.00    24.25       32.90    35.00    32.00    33.85     +9.60   +39.59%
      17             102  6218      豪勉                    0.00          0.00    66.67%     44.55    49.00    43.90    46.70       62.00    63.20    61.60    62.80    +16.10   +34.48%
      18             540  6148      驊宏資                   0.00          0.00    66.22%     28.30    28.35    27.95    28.35       38.15    38.65    37.85    38.05     +9.70   +34.22%
      19              79  7792      安葆                  117.50         36.00    65.22%    315.00   323.00   313.50   316.50      416.00   430.50   410.00   421.00   +104.50   +33.02%
      20             267  3675      德微                  121.00         21.50    64.47%    285.50   287.00   274.00   274.00      330.00   360.00   328.00   359.00    +85.00   +31.02%
      21              19  6199      天品                    0.00          0.00    64.18%     96.20    97.10    95.30    96.50      127.50   128.50   127.00   128.00    +31.50   +32.64%
      22              51  2061      風青                    0.00          0.00    63.60%     47.10    49.85    47.10    47.20       60.00    65.00    60.00    61.70    +14.50   +30.72%
      23             151  6425      易發                    0.00          0.00    63.44%     63.20    65.40    62.50    62.60       80.00    84.30    78.40    81.30    +18.70   +29.87%
      24              52  1569      濱川                    0.00          0.00    63.42%     49.85    50.20    48.20    48.90       62.70    64.80    61.70    63.80    +14.90   +30.47%
      25             196  7547      碩網                    0.00          0.00    62.89%     50.30    50.30    49.50    49.50       65.10    68.00    64.00    64.10    +14.60   +29.49%
      26              44  3707      漢磊                    0.00          0.00    62.63%     61.80    63.20    60.00    60.00       76.00    78.50    75.60    77.50    +17.50   +29.17%
      27             111  8121      越峰                    0.00          0.00    62.28%     27.65    27.65    27.00    27.00       31.50    34.65    31.00    34.65     +7.65   +28.33%
      28             198  1595      川寶                    0.00          0.00    61.74%     67.50    67.60    65.40    65.40       86.00    91.00    81.40    83.30    +17.90   +27.37%
      29             104  3580      友威科                   0.00          0.00    61.66%     88.00    89.80    85.40    85.50      112.00   112.00   107.50   109.00    +23.50   +27.49%
      30             199  3664      安瑞-KY                 0.00          0.00    61.29%      6.80     7.18     6.67     7.02        8.86     8.87     8.85     8.85     +1.83   +26.07%
      31             253  3162      精確                    0.00          0.00    61.16%     71.00    73.90    69.50    69.60       86.00    92.00    86.00    87.50    +17.90   +25.72%
      32              54  9960      邁達康                   0.00          0.00    60.86%     30.30    31.00    29.45    30.00       39.70    41.05    37.35    37.50     +7.50   +25.00%
      33             344  6207      雷科                   37.00          0.00    60.56%    113.50   123.00   113.00   116.50      153.00   158.00   139.50   145.00    +28.50   +24.46%
      34             137  6532      瑞耘                   20.00          0.00    60.51%    100.00   100.00    96.90    97.90      121.00   127.00   115.50   122.50    +24.60   +25.13%
      35             610  4924      欣厚-KY                 0.00          0.00    60.50%     13.85    14.35    13.00    13.00       16.90    17.05    15.90    15.90     +2.90   +22.31%
      36              38  8047      星雲                    0.00          0.00    60.50%     42.10    42.10    42.10    42.10       51.00    51.10    50.60    51.00     +8.90   +21.14%
      37             114  4903      聯光通                   0.00          0.00    60.50%     36.55    36.60    35.50    35.50       42.65    44.40    41.60    44.35     +8.85   +24.93%
      38             124  3455      由田                   58.50          0.00    60.21%    235.00   236.50   227.50   229.50      266.00   292.00   258.00   287.00    +57.50   +25.05%
      39             656  6140      訊達                    0.00          0.00    59.88%     16.40    16.45    16.20    16.40       20.15    20.50    19.95    20.05     +3.65   +22.26%
      40               6  2724      藝舍-KY                 0.00          0.00    59.85%     10.70    10.70    10.70    10.70       11.80    11.80    11.80    11.80     +1.10   +10.28%
==========================================================================================================================================================================
✅ 共 40 筆


══════════════════════════════════════════════════════════════════════════════════════════════════════════════
  🔄 第  3/15 次  2026/09/07 ～ 2026/09/30
══════════════════════════════════════════════════════════════════════════════════════════════════════════════

==========================================================================================================================================================================
📊 ROI 每日報酬率累計排名 (2026/09/07 ~ 2026/09/30)
==========================================================================================================================================================================
    實資排名          累計天數排名  代號        名稱                 累計漲停(元)       累計跌停(元)       強度%  (09/07)開盤      最高      最低      收盤    (09/30)開盤      最高      最低      收盤      賺賠    賺賠率
--------------------------------------------------------------------------------------------------------------------------------------------------------------------------
       1              19  2221      大甲                   82.00          0.00   100.00%     90.00    90.60    83.70    86.70      178.00   198.00   170.00   197.50   +110.80  +127.80%
       2              13  8227      巨有科技                200.00         14.00    99.18%    160.50   169.50   158.00   164.00      370.50   370.50   370.50   370.50   +206.50  +125.91%
       3              62  4174      浩鼎                    0.00          0.00    71.36%     25.10    25.30    24.90    24.95       39.00    39.20    38.55    39.20    +14.25   +57.11%
       4              18  6945      圓祥生技                 20.20          0.00    70.18%     97.00    97.00    95.20    95.30      140.00   149.00   140.00   148.50    +53.20   +55.82%
       5             227  6925      意藍                    0.00          0.00    67.41%     50.00    50.00    49.85    49.85       74.80    75.00    72.70    73.80    +23.95   +48.04%
       6             103  7772      耀穎                   66.50         14.50    67.23%    119.50   119.50   119.50   119.50      180.00   180.00   175.00   176.00    +56.50   +47.28%
       7              44  3467      台灣精材                  0.00          0.00    66.28%     51.00    51.20    50.00    50.50       74.60    77.70    73.60    73.70    +23.20   +45.94%
       8             149  4556      旭然                    0.00          0.00    65.47%     73.20    73.80    70.50    70.50       93.70   101.50    93.70   101.50    +31.00   +43.97%
       9              83  6221      晉泰                    0.00          0.00    65.42%     21.45    21.45    21.30    21.40       31.75    32.90    30.55    31.00     +9.60   +44.86%
      10             138  3624      光頡                   33.00         10.50    64.10%     95.10   102.00    93.80    96.90      140.50   144.00   134.00   137.50    +40.60   +41.90%
      11             519  3219      倚強科                  30.80          0.00    63.72%     92.30    95.00    91.40    93.30      130.00   134.50   127.50   131.50    +38.20   +40.94%
      12              70  3441      聯一光                  43.00          0.00    63.15%    140.00   141.50   129.00   131.00      184.50   187.00   181.50   184.50    +53.50   +40.84%
      13              91  6218      豪勉                    0.00          0.00    62.72%     43.20    45.50    42.70    44.55       63.30    63.30    61.60    61.90    +17.35   +38.95%
      14             193  5013      強新                    0.00          0.00    61.02%     29.60    29.60    28.30    28.30       38.50    38.75    38.05    38.75    +10.45   +36.93%
      15              45  9960      邁達康                   0.00          0.00    60.71%     30.70    31.35    30.30    30.30       41.20    41.95    40.40    41.50    +11.20   +36.96%
      16              57  5465      富驊                    0.00          0.00    60.37%     24.55    24.55    24.20    24.30       32.80    34.35    32.80    33.05     +8.75   +36.01%
      17             112  6643      M31                 209.50         60.50    59.83%    415.50   415.50   408.00   411.00      506.00   555.00   500.00   555.00   +144.00   +35.04%
      18              49  7792      安葆                  117.50         36.00    59.77%    308.00   319.50   308.00   314.50      420.00   424.00   413.00   424.00   +109.50   +34.82%
      19             558  6148      驊宏資                   0.00          0.00    59.64%     29.40    29.40    28.00    28.45       37.95    39.40    37.90    38.10     +9.65   +33.92%
      20             136  6207      雷科                   37.00          0.00    59.60%    113.50   115.00   110.00   112.50      141.00   151.00   140.00   151.00    +38.50   +34.22%
      21             219  6708      天擎                    0.00          0.00    59.42%     39.30    39.30    37.15    38.50       51.70    51.70    51.70    51.70    +13.20   +34.29%
      22              21  6199      天品                    0.00          0.00    57.68%     96.10    97.20    95.00    96.20      126.00   128.00   125.00   127.50    +31.30   +32.54%
      23              72  5230      雷笛克光學                 0.00          0.00    57.53%     17.80    18.35    17.50    17.80       22.45    24.10    21.70    23.35     +5.55   +31.18%
      24             301  3529      力旺                 1175.00        440.00    56.37%   2435.00  2590.00  2385.00  2570.00     3450.00  3635.00  3305.00  3305.00   +735.00   +28.60%
      25             490  4924      欣厚-KY                 0.00          0.00    56.13%     12.80    13.10    12.55    13.10       15.40    16.50    15.35    16.50     +3.40   +25.95%
      26             172  7547      碩網                    0.00          0.00    56.07%     50.00    50.30    50.00    50.30       64.40    66.30    62.80    64.80    +14.50   +28.83%
      27             164  6620      漢達                   48.00         22.50    55.14%    114.50   118.00   107.50   113.00      137.50   145.00   133.00   141.00    +28.00   +24.78%
      28              95  3580      友威科                   0.00          0.00    55.09%     88.80    88.90    86.00    86.80      112.00   116.00   108.00   110.50    +23.70   +27.30%
      29             415  6140      訊達                    0.00          0.00    54.61%     16.50    16.70    16.25    16.25       20.75    20.95    20.10    20.20     +3.95   +24.31%
      30             160  3615      安可                    0.00          0.00    54.54%     36.70    37.30    36.35    36.40       42.20    45.80    42.10    45.80     +9.40   +25.82%
      31             213  6425      易發                    0.00          0.00    54.51%     62.90    63.50    62.50    62.90       74.20    79.80    74.20    79.00    +16.10   +25.60%
      32             145  4768      晶呈科技                 93.00         11.00    54.17%    306.00   309.00   300.50   303.00      365.00   382.00   360.00   380.00    +77.00   +25.41%
      33             406  6485      點序                    0.00          0.00    53.97%     62.10    62.30    61.30    61.80       70.60    77.00    70.60    77.00    +15.20   +24.60%
      34              39  8047      星雲                    0.00          0.00    53.74%     41.10    43.95    41.10    42.10       51.20    51.50    50.20    50.80     +8.70   +20.67%
      35               8  2724      藝舍-KY                 0.00          0.00    53.71%     10.20    10.65    10.20    10.65          --       --       --       --        --        --
      36              89  1569      濱川                    0.00          0.00    53.68%     50.60    51.20    48.20    50.20       64.60    66.00    61.30    62.60    +12.40   +24.70%
      37             187  1595      川寶                    0.00          0.00    53.68%     68.80    70.70    68.10    68.50       79.40    85.30    76.20    85.30    +16.80   +24.53%
      38              78  3707      漢磊                    0.00          0.00    53.00%     62.80    63.10    61.10    61.20       72.50    77.30    71.70    75.70    +14.50   +23.69%
      39             249  7717      萊德光電-KY             219.00         94.50    52.94%    492.50   494.00   492.00   494.00      600.00   618.00   590.00   604.00   +110.00   +22.27%
      40             168  3508      位速                    0.00          0.00    52.70%     20.80    21.15    20.70    21.10       25.90    26.90    25.65    25.90     +4.80   +22.75%
==========================================================================================================================================================================
✅ 共 40 筆


══════════════════════════════════════════════════════════════════════════════════════════════════════════════
  🔄 第  4/15 次  2026/09/04 ～ 2026/09/29
══════════════════════════════════════════════════════════════════════════════════════════════════════════════

==========================================================================================================================================================================
📊 ROI 每日報酬率累計排名 (2026/09/04 ~ 2026/09/29)
==========================================================================================================================================================================
    實資排名          累計天數排名  代號        名稱                 累計漲停(元)       累計跌停(元)       強度%  (09/04)開盤      最高      最低      收盤    (09/29)開盤      最高      最低      收盤      賺賠    賺賠率
--------------------------------------------------------------------------------------------------------------------------------------------------------------------------
       1              12  8227      巨有科技                166.50         14.00   100.00%    159.00   160.00   155.00   158.50      313.00   337.00   308.00   337.00   +178.50  +112.62%
       2              27  2221      大甲                   64.50          0.00    94.43%     95.70    98.50    90.30    90.80      169.00   180.00   167.50   180.00    +89.20   +98.24%
       3              63  7772      耀穎                   77.00         14.50    76.93%    109.00   109.00   109.00   109.00      176.00   179.50   172.50   176.00    +67.00   +61.47%
       4              60  6221      晉泰                    0.00          0.00    71.32%     21.50    21.55    21.30    21.45       33.90    33.90    32.60    32.85    +11.40   +53.15%
       5             146  6925      意藍                    0.00          0.00    70.17%     50.00    50.80    50.00    50.00       72.00    75.00    71.00    75.00    +25.00   +50.00%
       6              66  3624      光頡                   33.00         10.50    70.11%     87.60    93.20    87.60    93.20      139.00   143.50   138.00   140.00    +46.80   +50.21%
       7              54  6218      豪勉                    0.00          0.00    70.00%     43.25    43.75    41.50    42.25       64.90    64.90    61.80    63.20    +20.95   +49.59%
       8              43  3467      台灣精材                  0.00          0.00    67.82%     52.80    52.80    50.90    51.10       78.40    80.00    73.40    74.60    +23.50   +45.99%
       9              21  6945      圓祥生技                 20.20          0.00    66.91%     95.70    97.00    95.00    95.60      137.50   140.00   135.00   140.00    +44.40   +46.44%
      10              46  5465      富驊                    0.00          0.00    65.01%     24.45    24.60    24.20    24.30       35.35    36.95    34.25    34.70    +10.40   +42.80%
      11              98  4174      浩鼎                    0.00          0.00    64.93%     24.35    25.50    24.30    25.05       32.65    35.65    32.45    35.65    +10.60   +42.32%
      12             171  3529      力旺                 1360.00        440.00    62.95%   2420.00  2515.00  2355.00  2385.00     3175.00  3410.00  3145.00  3305.00   +920.00   +38.57%
      13             540  3219      倚強科                  30.80          0.00    62.69%     91.80    92.50    89.20    91.30      123.50   125.50   120.50   125.50    +34.20   +37.46%
      14              56  7792      安葆                  117.50         36.00    60.50%    309.50   311.00   296.50   308.00      427.50   430.00   400.00   416.00   +108.00   +35.06%
      15             480  6148      驊宏資                   0.00          0.00    60.47%     27.75    28.80    27.75    28.65       39.20    39.80    38.20    38.50     +9.85   +34.38%
      16              59  9960      邁達康                   0.00          0.00    59.72%     30.70    30.70    30.70    30.70       39.35    41.40    38.85    41.20    +10.50   +34.20%
      17             224  7717      萊德光電-KY             251.50         94.50    59.12%    416.00   449.50   416.00   449.50      607.00   612.00   588.00   592.00   +142.50   +31.70%
      18              53  8040      九暘                    0.00          0.00    59.10%     74.70    76.50    73.70    75.00       93.00   102.50    92.50   100.00    +25.00   +33.33%
      19              52  1569      濱川                    0.00          0.00    59.04%     45.80    48.70    45.40    48.70       65.00    66.30    63.30    65.00    +16.30   +33.47%
      20             135  6872      浩宇生醫                  0.00          0.00    58.68%     18.55    18.55    18.50    18.55       24.50    24.50    23.30    24.00     +5.45   +29.38%
      21              83  3441      聯一光                  43.00         12.00    57.41%    134.00   143.00   129.50   143.00      177.50   185.00   176.00   185.00    +42.00   +29.37%
      22             219  5464      霖宏                    0.00          0.00    57.26%     69.30    70.20    68.30    69.50       89.50    95.50    89.10    90.00    +20.50   +29.50%
      23              18  6199      天品                    0.00          0.00    57.05%     95.20    96.40    94.70    96.10      125.00   127.00   124.50   126.00    +29.90   +31.11%
      24             162  6620      漢達                   48.00         22.50    56.25%    105.00   107.50    97.10   107.50      125.00   136.00   123.50   136.00    +28.50   +26.51%
      25             144  6179      亞通                    0.00          0.00    55.94%     29.40    30.00    29.05    29.60       36.60    37.90    36.20    37.45     +7.85   +26.52%
      26             160  7547      碩網                    0.00          0.00    55.93%     50.70    50.80    49.60    50.80       65.30    65.30    65.30    65.30    +14.50   +28.54%
      27             498  4924      欣厚-KY                 0.00          0.00    55.86%     11.20    11.95    10.90    11.95       16.30    16.85    15.00    15.00     +3.05   +25.52%
      28             369  4556      旭然                    0.00          0.00    55.86%     66.60    72.90    66.60    72.90       92.10    97.40    92.10    92.40    +19.50   +26.75%
      29             250  8064      東捷                   44.50         11.50    55.82%    104.50   112.00   104.00   112.00      139.00   148.50   138.00   141.50    +29.50   +26.34%
      30             391  6140      訊達                    0.00          0.00    54.41%     16.55    16.85    16.50    16.70       21.10    21.20    20.70    20.75     +4.05   +24.25%
      31              95  3580      友威科                   0.00          0.00    54.13%     85.70    89.80    85.70    88.10      102.50   111.50   100.50   111.00    +22.90   +25.99%
      32             153  3609      三一東林                  0.00          0.00    54.07%     17.70    18.75    17.60    18.75       23.00    23.90    22.90    23.50     +4.75   +25.33%
      33              84  5230      雷笛克光學                 0.00          0.00    53.72%     17.80    17.80    17.30    17.70       23.30    23.60    22.05    22.15     +4.45   +25.14%
      34               9  2724      藝舍-KY                 0.00          0.00    53.41%        --       --       --       --          --       --       --       --        --        --
      35             145  6207      雷科                   23.50          0.00    53.06%    106.50   114.00   106.50   111.00      130.50   137.50   127.50   137.50    +26.50   +23.87%
      36             110  3508      位速                    0.00          0.00    53.02%     21.20    21.50    20.70    20.95       25.30    26.70    25.00    25.95     +5.00   +23.87%
      37             133  6643      M31                 159.50         60.50    52.84%    410.50   413.50   405.50   407.50      509.00   534.00   502.00   505.00    +97.50   +23.93%
      38             156  3268      海德威                   0.00          0.00    52.42%     17.40    17.40    17.00    17.40       21.90    21.90    21.05    21.50     +4.10   +23.56%
      39             481  3354      律勝                    0.00          0.00    52.31%     24.65    24.65    23.70    24.00       29.70    29.95    29.00    29.25     +5.25   +21.88%
      40              47  8047      星雲                    0.00          0.00    52.02%     41.90    43.00    41.90    43.00       49.20    51.00    49.20    51.00     +8.00   +18.60%
==========================================================================================================================================================================
✅ 共 40 筆


══════════════════════════════════════════════════════════════════════════════════════════════════════════════
  🔄 第  5/15 次  2026/09/03 ～ 2026/09/24
══════════════════════════════════════════════════════════════════════════════════════════════════════════════

==========================================================================================================================================================================
📊 ROI 每日報酬率累計排名 (2026/09/03 ~ 2026/09/24)
==========================================================================================================================================================================
    實資排名          累計天數排名  代號        名稱                 累計漲停(元)       累計跌停(元)       強度%  (09/03)開盤      最高      最低      收盤    (09/24)開盤      最高      最低      收盤      賺賠    賺賠率
--------------------------------------------------------------------------------------------------------------------------------------------------------------------------
       1              16  8227      巨有科技                136.00         14.00   100.00%    160.50   163.00   156.00   156.50      305.00   309.00   295.00   306.50   +150.00   +95.85%
       2              38  7772      耀穎                   86.50         14.50    93.19%     91.50    99.50    90.50    99.50      173.00   182.00   170.50   180.00    +80.50   +80.90%
       3              44  2221      大甲                   48.50          0.00    91.88%     84.20    91.50    84.20    91.50      158.00   164.50   158.00   164.00    +72.50   +79.23%
       4              55  3624      光頡                   33.00         10.50    83.62%     89.50    89.90    84.80    84.80      132.50   144.50   132.00   140.00    +55.20   +65.09%
       5              39  3467      台灣精材                  0.00          0.00    78.34%     49.95    51.90    49.50    51.80       86.10    86.10    81.50    81.50    +29.70   +57.34%
       6              60  6218      豪勉                    0.00          0.00    73.85%     43.75    44.70    41.75    42.60       61.50    63.70    61.50    63.60    +21.00   +49.30%
       7             193  4924      欣厚-KY                 0.00          0.00    73.63%      9.97    10.90     9.97    10.90       16.45    17.40    16.10    16.10     +5.20   +47.71%
       8              89  6221      晉泰                    0.00          0.00    73.39%     21.55    21.70    21.50    21.50       31.90    32.80    31.90    32.20    +10.70   +49.77%
       9              72  6538      倉和                  208.50         85.50    71.90%    273.00   273.00   273.00   273.00      403.00   409.50   389.00   398.00   +125.00   +45.79%
      10             129  7717      萊德光電-KY             292.00         94.50    71.40%    425.00   429.50   409.00   409.00      602.00   608.00   588.00   594.00   +185.00   +45.23%
      11              33  7792      安葆                  117.50         16.50    68.41%    309.50   315.50   305.00   305.00      415.00   453.00   415.00   435.50   +130.50   +42.79%
      12              40  1569      濱川                    0.00          0.00    68.03%     48.00    48.10    45.15    45.40       63.80    68.00    62.60    64.70    +19.30   +42.51%
      13             234  6148      驊宏資                   0.00          0.00    67.96%     28.00    28.25    27.75    27.75       38.60    41.05    38.60    39.20    +11.45   +41.26%
      14              28  6945      圓祥生技                 20.20          0.00    67.35%     98.20    99.90    93.00    97.40      135.50   138.00   134.50   138.00    +40.60   +41.68%
      15              78  3441      聯一光                  56.00         12.00    67.10%    142.00   144.00   130.00   130.00      176.00   181.00   175.00   181.00    +51.00   +39.23%
      16             271  4556      旭然                    0.00          0.00    67.09%     70.40    70.40    66.00    66.30       95.40    96.90    90.60    92.10    +25.80   +38.91%
      17              67  5465      富驊                    0.00          0.00    66.35%     24.85    24.90    24.45    24.45       31.55    34.20    31.05    34.20     +9.75   +39.88%
      18             178  3529      力旺                 1340.00        440.00    66.02%   2410.00  2485.00  2330.00  2330.00     3250.00  3315.00  3160.00  3230.00   +900.00   +38.63%
      19             212  8064      東捷                   54.50         11.50    65.49%    105.50   114.50   101.50   102.00      131.00   142.00   130.50   139.00    +37.00   +36.27%
      20             302  6925      意藍                    0.00          0.00    64.69%     50.50    50.50    50.00    50.00       62.60    68.20    62.60    68.20    +18.20   +36.40%
      21             135  6872      浩宇生醫                  0.00          0.00    63.38%     16.50    16.90    16.30    16.90       22.80    23.20    22.00    22.35     +5.45   +32.25%
      22             116  4174      浩鼎                    0.00          0.00    60.57%     25.45    25.45    24.60    24.60       33.00    34.15    32.05    32.45     +7.85   +31.91%
      23              76  5230      雷笛克光學                 0.00          0.00    59.62%     17.80    18.30    17.65    17.80       22.40    23.50    22.00    23.30     +5.50   +30.90%
      24              69  9960      邁達康                   0.00          0.00    59.23%     29.10    30.25    29.05    30.25       37.05    39.35    36.30    39.35     +9.10   +30.08%
      25             230  6140      訊達                    0.00          0.00    59.13%     16.75    16.75    16.55    16.55       20.80    22.50    20.80    21.20     +4.65   +28.10%
      26             266  5464      霖宏                    0.00          0.00    59.00%     69.70    71.90    68.00    69.00       91.80    92.30    88.50    88.90    +19.90   +28.84%
      27              20  6199      天品                    0.00          0.00    58.60%     95.20    97.70    94.00    95.20      122.00   125.00   118.50   124.00    +28.80   +30.25%
      28             161  6620      漢達                   45.50         22.50    58.35%     92.90   103.50    92.00    98.00      129.00   129.00   120.00   124.00    +26.00   +26.53%
      29              93  3297      杭特                    0.00          0.00    58.08%     27.65    27.90    26.85    26.90       33.90    36.05    33.50    34.35     +7.45   +27.70%
      30             142  3609      三一東林                  0.00          0.00    57.96%     18.00    18.20    17.80    18.00       23.80    23.80    23.05    23.05     +5.05   +28.06%
      31             243  6173      信昌電                 103.00         24.50    57.54%    258.50   258.50   237.50   241.00      303.00   314.00   300.50   306.50    +65.50   +27.18%
      32             120  3324      雙鴻                  690.00        325.00    57.52%   1435.00  1455.00  1320.00  1350.00     1595.00  1750.00  1590.00  1710.00   +360.00   +26.67%
      33              74  3508      位速                    0.00          0.00    57.41%     21.55    21.60    20.55    20.55       24.95    27.10    24.65    26.20     +5.65   +27.49%
      34              90  4923      力士                    0.00          0.00    57.40%     53.90    53.90    50.00    50.40       66.70    67.40    63.30    64.00    +13.60   +26.98%
      35              84  6643      M31                 159.50         50.50    57.36%    417.50   423.00   402.50   403.00      471.00   524.00   471.00   515.00   +112.00   +27.79%
      36             706  3219      倚強科                  19.80          0.00    57.35%     91.60    93.30    89.10    90.50      107.00   114.50   105.50   114.50    +24.00   +26.52%
      37             175  6179      亞通                    0.00          0.00    57.07%     30.00    30.10    29.10    29.20       35.10    36.65    35.10    36.60     +7.40   +25.34%
      38              65  8040      九暘                    0.00          0.00    56.40%     85.90    85.90    74.70    74.70       92.30    97.60    92.30    94.50    +19.80   +26.51%
      39             647  7709      榮田                    0.00          0.00    56.04%     75.20    75.20    70.30    70.30       88.00    90.20    85.10    87.70    +17.40   +24.75%
      40             417  3354      律勝                    0.00          0.00    55.63%     26.25    26.60    24.15    24.15       28.05    30.15    28.00    30.00     +5.85   +24.22%
==========================================================================================================================================================================
✅ 共 40 筆


══════════════════════════════════════════════════════════════════════════════════════════════════════════════
  🔄 第  6/15 次  2026/09/02 ～ 2026/09/23
══════════════════════════════════════════════════════════════════════════════════════════════════════════════

==========================================================================================================================================================================
📊 ROI 每日報酬率累計排名 (2026/09/02 ~ 2026/09/23)
==========================================================================================================================================================================
    實資排名          累計天數排名  代號        名稱                 累計漲停(元)       累計跌停(元)       強度%  (09/02)開盤      最高      最低      收盤    (09/23)開盤      最高      最低      收盤      賺賠    賺賠率
--------------------------------------------------------------------------------------------------------------------------------------------------------------------------
       1              36  7772      耀穎                   86.50         14.50   100.00%     91.50    92.00    88.80    90.50      199.00   199.00   171.00   173.50    +83.00   +91.71%
       2              19  8227      巨有科技                136.00         14.00    99.58%    161.50   167.00   160.50   160.50      308.50   310.00   290.00   310.00   +149.50   +93.15%
       3              42  2221      大甲                   48.50          0.00    98.98%     78.50    85.40    78.10    83.20      166.00   168.50   149.50   158.50    +75.30   +90.50%
       4              26  3467      台灣精材                  0.00          0.00    89.10%     49.10    50.50    49.10    49.55       88.80    88.80    85.00    86.50    +36.95   +74.57%
       5              82  4924      欣厚-KY                 0.00          0.00    88.49%     10.10    10.10     9.92     9.92       18.40    18.40    16.90    16.90     +6.98   +70.36%
       6              38  6538      倉和                  233.00         73.00    85.14%    248.50   248.50   248.50   248.50      440.00   457.50   405.00   410.50   +162.00   +65.19%
       7              67  6872      浩宇生醫                  0.00          0.00    77.10%     14.45    15.40    14.35    15.40       24.05    24.45    23.00    23.20     +7.80   +50.65%
       8              95  3624      光頡                   33.00         10.50    75.75%     89.80    92.90    89.00    89.00      122.00   134.00   122.00   134.00    +45.00   +50.56%
       9             121  6221      晉泰                    0.00          0.00    72.06%     21.50    21.70    21.50    21.60       31.50    32.70    30.45    31.60    +10.00   +46.30%
      10             114  7717      萊德光電-KY             292.00         94.50    71.36%    423.00   434.00   421.00   423.00      601.00   631.00   596.00   608.00   +185.00   +43.74%
      11              89  6218      豪勉                    0.00          0.00    69.11%     41.95    45.35    41.95    43.55       63.40    63.50    59.90    61.30    +17.75   +40.76%
      12              31  6945      圓祥生技                 20.20          0.00    67.39%     96.50    97.90    95.00    97.60      135.00   137.50   128.00   137.00    +39.40   +40.37%
      13             139  3529      力旺                 1340.00        430.00    66.53%   2595.00  2600.00  2395.00  2395.00     3190.00  3350.00  3020.00  3305.00   +910.00   +38.00%
      14              75  6620      漢達                   45.50         22.50    66.29%     87.90    95.40    87.70    95.40      126.50   132.50   125.00   130.00    +34.60   +36.27%
      15             290  4556      旭然                    0.00          0.00    64.50%     71.70    72.40    70.00    70.00       85.20    93.60    85.20    93.60    +23.60   +33.71%
      16              47  7792      安葆                   97.50         16.50    63.81%    316.50   316.50   305.50   308.00      378.50   415.50   378.00   415.50   +107.50   +34.90%
      17             415  6148      驊宏資                   0.00          0.00    63.31%     28.00    28.10    27.70    28.00       39.65    39.95    36.85    37.35     +9.35   +33.39%
      18             145  5464      霖宏                    0.00          0.00    62.14%     68.80    70.00    68.00    69.30       90.20    92.50    89.50    91.40    +22.10   +31.89%
      19              69  1569      濱川                    0.00          0.00    61.86%     46.35    48.00    45.95    47.90       64.20    65.20    63.00    63.30    +15.40   +32.15%
      20              85  3609      三一東林                  0.00          0.00    60.92%     18.15    18.15    17.55    18.00       22.95    24.40    22.90    23.55     +5.55   +30.83%
      21             113  4174      浩鼎                    0.00          0.00    60.42%     25.30    25.40    24.85    25.00       29.25    32.60    29.00    32.60     +7.60   +30.40%
      22             477  8064      東捷                   54.50         11.50    59.84%    105.00   107.00   104.00   104.50      135.00   137.50   133.00   133.00    +28.50   +27.27%
      23             141  3441      聯一光                  56.00         21.50    59.65%    133.00   140.00   130.00   139.50      180.50   180.50   175.50   177.50    +38.00   +27.24%
      24              98  5465      富驊                    0.00          0.00    59.53%     24.70    24.90    24.70    24.80       31.45    33.15    30.85    32.05     +7.25   +29.23%
      25             246  6140      訊達                    0.00          0.00    59.15%     16.90    16.90    16.70    16.75       22.30    22.40    20.30    21.25     +4.50   +26.87%
      26              91  4923      力士                    0.00          0.00    58.04%     53.90    54.10    52.60    52.70       61.40    67.40    60.90    66.70    +14.00   +26.57%
      27              22  6199      天品                    0.00          0.00    57.98%     92.70    95.60    92.20    95.20      116.50   122.00   116.00   122.00    +26.80   +28.15%
      28              72  9960      邁達康                   0.00          0.00    56.20%     30.10    30.10    30.10    30.10       35.25    38.70    32.75    37.60     +7.50   +24.92%
      29             566  6925      意藍                    0.00          0.00    54.95%     50.50    50.60    50.30    50.60       56.80    62.00    56.70    62.00    +11.40   +22.53%
      30             155  3297      杭特                    0.00          0.00    54.76%     28.80    28.80    27.60    27.60       34.25    35.45    33.15    33.70     +6.10   +22.10%
      31              97  5230      雷笛克光學                 0.00          0.00    54.19%     17.80    17.85    17.50    17.85       21.75    22.90    21.35    21.90     +4.05   +22.69%
      32             223  3675      德微                   92.00         21.50    53.92%    280.00   280.50   273.50   274.00      309.00   332.00   307.50   332.00    +58.00   +21.17%
      33             222  6667      信紘科                  60.50          0.00    52.83%    216.50   217.00   215.00   217.00      263.50   268.50   257.50   261.50    +44.50   +20.51%
      34             204  3691      碩禾                   21.00          0.00    52.19%    105.50   107.00   101.50   101.50      118.50   121.50   117.00   121.50    +20.00   +19.70%
      35             349  6179      亞通                    0.00          0.00    52.17%     30.20    30.50    29.35    29.75       36.10    36.10    34.70    35.10     +5.35   +17.98%
      36             240  3623      富晶通                   0.00          0.00    51.32%     22.85    23.30    22.85    23.30       28.35    28.45    27.70    27.70     +4.40   +18.88%
      37             354  6617      共信-KY                34.00          0.00    51.03%    120.00   122.00   116.50   120.50      142.00   143.50   136.50   142.00    +21.50   +17.84%
      38             657  5202      力新                    0.00          0.00    51.02%     11.95    12.00    11.90    12.00       14.15    14.60    14.00    14.15     +2.15   +17.92%
      39              81  4951      精拓科                   0.00          0.00    51.00%     79.20    81.00    78.50    79.40       93.80    99.70    93.10    93.80    +14.40   +18.14%
      40             397  6147      頎邦                   42.00          9.50    50.64%    180.00   186.50   178.50   182.50      221.00   227.00   213.50   214.50    +32.00   +17.53%
==========================================================================================================================================================================
✅ 共 40 筆


══════════════════════════════════════════════════════════════════════════════════════════════════════════════
  🔄 第  7/15 次  2026/09/01 ～ 2026/09/22
══════════════════════════════════════════════════════════════════════════════════════════════════════════════

==========================================================================================================================================================================
📊 ROI 每日報酬率累計排名 (2026/09/01 ~ 2026/09/22)
==========================================================================================================================================================================
    實資排名          累計天數排名  代號        名稱                 累計漲停(元)       累計跌停(元)       強度%  (09/01)開盤      最高      最低      收盤    (09/22)開盤      最高      最低      收盤      賺賠    賺賠率
--------------------------------------------------------------------------------------------------------------------------------------------------------------------------
       1              30  7772      耀穎                   86.50          0.00   100.00%     88.50    93.00    88.50    91.00      177.50   188.00   176.00   188.00    +97.00  +106.59%
       2              43  2221      大甲                   48.50          0.00    96.33%     76.00    80.00    75.70    77.70      152.00   154.00   147.50   154.00    +76.30   +98.20%
       3              23  6538      倉和                  255.50         38.00    95.56%    224.00   226.00   224.00   226.00      440.00   468.00   416.50   445.50   +219.50   +97.12%
       4              66  4924      欣厚-KY                 0.00          0.00    90.94%     10.05    10.05     9.90     9.99       18.75    18.75    18.75    18.75     +8.76   +87.69%
       5              27  8227      巨有科技                136.00         14.00    89.75%    161.00   172.00   160.00   164.00      299.50   316.00   295.00   305.00   +141.00   +85.98%
       6              39  6872      浩宇生醫                  0.00          0.00    83.21%     13.80    14.15    13.80    14.00       23.20    25.00    22.45    23.80     +9.80   +70.00%
       7              25  3467      台灣精材                  0.00          0.00    82.28%     47.95    49.20    47.95    49.10       77.70    85.00    77.70    84.80    +35.70   +72.71%
       8              80  6218      豪勉                    0.00          0.00    68.17%     40.60    41.95    40.35    41.60       69.00    69.00    61.00    61.00    +19.40   +46.63%
       9              74  6620      漢達                   45.50         22.50    68.17%    102.00   102.00    86.80    86.80      137.50   137.50   125.00   126.50    +39.70   +45.74%
      10             150  6221      晉泰                    0.00          0.00    64.29%     21.70    21.70    21.55    21.55       30.45    30.95    30.00    30.55     +9.00   +41.76%
      11             237  7717      萊德光電-KY             279.00         94.50    63.18%    430.00   443.50   424.50   429.50      606.00   621.00   586.00   595.00   +165.50   +38.53%
      12              34  6945      圓祥生技                 20.20          0.00    62.46%     98.70    99.30    96.00    96.50      130.50   137.50   130.50   135.00    +38.50   +39.90%
      13             214  6148      驊宏資                   0.00          0.00    62.17%     28.00    28.15    27.90    28.00       39.95    40.20    38.65    38.75    +10.75   +38.39%
      14              44  1569      濱川                    0.00          0.00    61.83%     46.10    47.10    46.05    46.35       61.50    66.40    61.00    64.20    +17.85   +38.51%
      15              78  3441      聯一光                  56.00         21.50    61.61%    137.00   139.00   130.00   133.00      175.50   181.50   172.50   181.00    +48.00   +36.09%
      16             190  3624      光頡                   21.00         10.50    60.60%     88.50    93.40    88.50    90.20      133.50   136.00   122.00   122.00    +31.80   +35.25%
      17             118  5464      霖宏                    0.00          0.00    58.11%     74.30    74.30    69.00    69.00       91.00    92.40    90.10    91.30    +22.30   +32.32%
      18             192  6140      訊達                    0.00          0.00    57.40%     16.95    17.00    16.95    16.95       23.50    23.50    21.95    22.10     +5.15   +30.38%
      19              94  3609      三一東林                  0.00          0.00    56.42%     17.55    18.55    17.55    18.05       24.45    25.80    23.50    23.55     +5.50   +30.47%
      20             420  8064      東捷                   54.50         11.50    55.88%    103.50   108.50   103.50   105.00      139.00   142.00   133.00   134.00    +29.00   +27.62%
      21             102  5465      富驊                    0.00          0.00    55.01%     24.40    24.80    24.40    24.70       32.25    32.25    30.70    31.80     +7.10   +28.74%
      22              19  6199      天品                    0.00          0.00    51.67%     92.10    93.90    92.10    93.10      115.00   118.50   114.50   116.50    +23.40   +25.13%
      23             508  3354      律勝                    0.00          0.00    51.04%     24.05    24.65    23.70    23.70       30.35    30.40    28.30    28.80     +5.10   +21.52%
      24             153  3297      杭特                    0.00          0.00    51.00%     27.65    28.15    27.65    27.80       38.90    38.90    34.00    34.00     +6.20   +22.30%
      25             580  4556      旭然                    0.00          0.00    50.29%     70.10    72.10    70.00    70.60       87.30    89.60    84.30    85.10    +14.50   +20.54%
      26             456  3219      倚強科                   9.80          0.00    50.20%     92.50    94.50    88.10    89.20      104.50   108.50    99.70   108.50    +19.30   +21.64%
      27              89  5274      信驊                 6050.00       2270.00    50.14%  16210.00 17670.00 16000.00 17120.00    21800.00 21800.00 20625.00 20905.00  +3785.00   +22.11%
      28              96  3580      友威科                   0.00          0.00    49.88%     81.00    84.00    81.00    83.20      101.50   104.00    99.50   101.50    +18.30   +22.00%
      29             670  7709      榮田                    0.00          0.00    49.52%     68.60    77.40    68.60    72.50       87.50    90.00    85.00    87.00    +14.50   +20.00%
      30             177  6667      信紘科                  60.50          0.00    49.50%    217.50   217.50   214.00   217.50      260.50   268.00   259.50   263.50    +46.00   +21.15%
      31             450  5202      力新                    0.00          0.00    49.50%     12.05    12.05    12.00    12.00       14.85    14.90    14.25    14.50     +2.50   +20.83%
      32             122  5230      雷笛克光學                 0.00          0.00    49.44%     18.05    18.10    17.80    17.90       21.50    21.75    20.60    21.75     +3.85   +21.51%
      33             421  6683      雍智科技                580.00        320.00    49.05%   1330.00  1330.00  1330.00  1330.00     1645.00  1655.00  1585.00  1590.00   +260.00   +19.55%
      34             287  6179      亞通                    0.00          0.00    48.95%     30.45    30.60    29.55    30.20       37.70    37.70    35.60    35.85     +5.65   +18.71%
      35              84  7792      安葆                   60.00         16.50    48.74%    305.50   319.50   302.50   314.00      345.00   378.00   332.00   378.00    +64.00   +20.38%
      36             155  3623      富晶通                   0.00          0.00    48.57%     22.70    23.30    22.55    23.30       28.40    29.10    28.00    28.00     +4.70   +20.17%
      37             270  6147      頎邦                   42.00          9.50    48.32%    178.00   187.00   175.50   183.50      230.00   233.00   218.00   219.00    +35.50   +19.35%
      38             132  3508      位速                    0.00          0.00    48.18%     20.65    22.50    20.50    22.20       26.70    27.70    25.95    26.50     +4.30   +19.37%
      39             424  3529      力旺                 1145.00        675.00    47.95%   2490.00  2640.00  2490.00  2640.00     2895.00  3110.00  2890.00  3110.00   +470.00   +17.80%
      40             785  8431      匯鑽科                   0.00          0.00    47.87%     53.00    55.30    53.00    54.40       65.00    68.40    63.10    64.00     +9.60   +17.65%
==========================================================================================================================================================================
✅ 共 40 筆


══════════════════════════════════════════════════════════════════════════════════════════════════════════════
  🔄 第  8/15 次  2026/08/31 ～ 2026/09/21
══════════════════════════════════════════════════════════════════════════════════════════════════════════════

==========================================================================================================================================================================
📊 ROI 每日報酬率累計排名 (2026/08/31 ~ 2026/09/21)
==========================================================================================================================================================================
    實資排名          累計天數排名  代號        名稱                 累計漲停(元)       累計跌停(元)       強度%  (08/31)開盤      最高      最低      收盤    (09/21)開盤      最高      最低      收盤      賺賠    賺賠率
--------------------------------------------------------------------------------------------------------------------------------------------------------------------------
       1              20  6538      倉和                  257.00         38.00   100.00%    197.50   215.00   197.50   205.50      412.00   426.50   400.00   426.50   +221.00  +107.54%
       2              34  7772      耀穎                   69.50          0.00    93.04%     92.00    92.40    87.70    88.50      152.00   171.00   147.00   171.00    +82.50   +93.22%
       3              51  2221      大甲                   34.50          0.00    88.78%     78.50    79.70    71.90    76.00      136.00   140.00   136.00   140.00    +64.00   +84.21%
       4              25  8227      巨有科技                118.50         14.00    88.03%    159.00   160.00   156.00   156.50      282.00   287.50   271.50   287.50   +131.00   +83.71%
       5             103  4924      欣厚-KY                 0.00          0.00    81.30%     10.00    10.00     9.95    10.00       15.35    17.05    15.30    17.05     +7.05   +70.50%
       6              60  6872      浩宇生醫                  0.00          0.00    79.36%     14.05    14.15    14.00    14.15       21.45    23.20    21.15    23.20     +9.05   +63.96%
       7              48  6218      豪勉                    0.00          0.00    78.96%     41.10    42.80    39.85    40.50       66.10    67.70    66.10    67.70    +27.20   +67.16%
       8              37  3467      台灣精材                  0.00          0.00    72.63%     47.55    49.35    47.55    49.35       78.00    78.00    75.10    77.40    +28.05   +56.84%
       9              95  3624      光頡                   21.00          0.00    69.09%     90.70    94.00    87.30    88.30      130.00   138.00   129.00   132.50    +44.20   +50.06%
      10              71  6620      漢達                   45.50         11.50    68.87%     92.90    92.90    92.90    92.90      151.50   152.00   135.00   137.50    +44.60   +48.01%
      11             135  6221      晉泰                    0.00          0.00    64.59%     21.70    22.00    21.60    21.65       28.65    31.00    28.35    31.00     +9.35   +43.19%
      12             143  6148      驊宏資                   0.00          0.00    64.39%     27.75    28.30    27.75    28.00       41.95    42.10    39.15    40.00    +12.00   +42.86%
      13             138  6140      訊達                    0.00          0.00    63.49%     17.10    17.20    16.95    17.00       23.95    23.95    23.05    23.95     +6.95   +40.88%
      14             254  7717      萊德光電-KY             279.00         94.50    62.66%    443.50   460.00   413.00   427.00      605.00   622.00   565.00   592.00   +165.00   +38.64%
      15             154  8064      東捷                   54.50         11.50    62.40%    103.00   103.00    97.90   100.00      137.00   142.00   133.50   138.00    +38.00   +38.00%
      16             144  6683      雍智科技                700.00        235.00    61.96%   1180.00  1225.00  1140.00  1210.00     1655.00  1740.00  1625.00  1675.00   +465.00   +38.43%
      17              55  3609      三一東林                  0.00          0.00    60.25%     18.50    18.60    17.45    17.55       21.90    24.05    21.75    24.05     +6.50   +37.04%
      18              49  6945      圓祥生技                 20.20          0.00    60.21%    105.00   105.50    98.00    98.30      131.00   137.00   124.50   135.00    +36.70   +37.33%
      19              52  1569      濱川                    0.00          0.00    57.57%     46.30    46.95    45.40    45.80       61.00    61.00    57.60    61.00    +15.20   +33.19%
      20             147  3441      聯一光                  56.00         21.50    57.24%    127.50   137.50   127.50   136.00      190.00   190.00   175.00   177.50    +41.50   +30.51%
      21              91  3297      杭特                    0.00          0.00    56.81%     27.70    28.05    27.65    27.65       35.35    36.40    34.55    36.40     +8.75   +31.65%
      22             251  3354      律勝                    0.00          0.00    55.36%     24.30    24.90    23.30    23.65       29.70    31.50    28.80    30.40     +6.75   +28.54%
      23             260  5464      霖宏                    0.00          0.00    54.51%     72.90    72.90    70.00    70.80       92.70    93.50    90.50    90.60    +19.80   +27.97%
      24             291  7709      榮田                    0.00          0.00    54.49%     68.80    71.10    68.80    70.40       82.50    89.90    82.10    89.90    +19.50   +27.70%
      25             116  6204      艾華                   10.00          0.00    54.37%     88.40    88.40    84.00    84.00      113.50   120.00   107.00   108.00    +24.00   +28.57%
      26             126  6147      頎邦                   42.00          9.50    53.82%    176.00   177.50   171.50   175.50      230.00   230.00   222.50   224.00    +48.50   +27.64%
      27             209  5202      力新                    0.00          0.00    53.12%     11.80    12.25    11.80    11.95       15.40    15.90    14.90    15.15     +3.20   +26.78%
      28              56  4951      精拓科                   0.00          0.00    53.10%     79.10    81.20    78.20    78.40       99.70    99.70    99.70    99.70    +21.30   +27.17%
      29             273  4556      旭然                    0.00          0.00    52.97%     72.80    72.80    68.50    69.80       84.00    91.50    83.20    87.30    +17.50   +25.07%
      30             231  6173      信昌電                 118.50         44.00    52.75%    242.50   259.50   235.50   246.00      311.00   318.50   308.00   308.00    +62.00   +25.20%
      31             163  3664      安瑞-KY                 0.00          0.00    52.67%      6.90     6.90     6.88     6.90        8.44     8.50     8.40     8.50     +1.60   +23.19%
      32             141  6291      沛亨                  176.50         79.00    52.14%    391.00   407.00   388.00   405.00      522.00   522.00   506.00   508.00   +103.00   +25.43%
      33              93  3178      公準                    0.00          0.00    51.96%     60.60    62.50    60.10    60.60       70.80    75.90    69.60    75.90    +15.30   +25.25%
      34             132  3508      位速                    0.00          0.00    51.78%     20.70    21.70    20.10    20.90       23.75    26.10    23.35    26.10     +5.20   +24.88%
      35             194  3264      欣銓                   70.50          9.50    51.57%    230.00   230.50   220.50   228.00      274.00   284.00   266.00   284.00    +56.00   +24.56%
      36             111  3623      富晶通                   0.00          0.00    51.52%     22.20    22.65    21.95    22.45       28.60    29.15    27.60    28.05     +5.60   +24.94%
      37              94  3580      友威科                   0.00          0.00    51.38%     82.10    82.20    79.50    80.50       98.00   103.00    96.20   100.50    +20.00   +24.84%
      38             236  6179      亞通                    0.00          0.00    51.06%     30.40    32.95    29.65    30.50       38.50    39.90    37.35    37.35     +6.85   +22.46%
      39             307  6870      騰雲                   96.00         33.00    51.02%    251.50   256.50   250.50   252.00      310.50   319.00   307.00   312.00    +60.00   +23.81%
      40              84  5274      信驊                 6020.00       2270.00    50.50%  15630.00 16140.00 15010.00 16065.00    19400.00 19820.00 19200.00 19820.00  +3755.00   +23.37%
==========================================================================================================================================================================
✅ 共 40 筆


══════════════════════════════════════════════════════════════════════════════════════════════════════════════
  🔄 第  9/15 次  2026/08/28 ～ 2026/09/18
══════════════════════════════════════════════════════════════════════════════════════════════════════════════

==========================================================================================================================================================================
📊 ROI 每日報酬率累計排名 (2026/08/28 ~ 2026/09/18)
==========================================================================================================================================================================
    實資排名          累計天數排名  代號        名稱                 累計漲停(元)       累計跌停(元)       強度%  (08/28)開盤      最高      最低      收盤    (09/18)開盤      最高      最低      收盤      賺賠    賺賠率
--------------------------------------------------------------------------------------------------------------------------------------------------------------------------
       1              18  6538      倉和                  218.50         38.00   100.00%    219.00   222.50   200.00   200.00      352.50   388.00   348.50   388.00   +188.00   +94.00%
       2              40  6620      漢達                   45.50          0.00    90.45%     77.10    84.50    77.10    84.50      147.00   155.00   140.50   149.00    +64.50   +76.33%
       3              41  8227      巨有科技                118.50         14.00    88.22%    161.50   163.50   158.50   161.00      263.00   279.00   252.00   279.00   +118.00   +73.29%
       4              50  7772      耀穎                   54.00          0.00    87.99%     89.00    92.00    89.00    90.00      148.00   160.50   147.00   155.50    +65.50   +72.78%
       5              25  3467      台灣精材                  0.00          0.00    80.55%     51.00    51.00    47.70    47.70       76.00    77.40    73.40    77.40    +29.70   +62.26%
       6              81  2221      大甲                   22.00          0.00    80.55%     75.00    82.00    75.00    79.70      124.00   127.50   119.00   127.50    +47.80   +59.97%
       7             216  4924      欣厚-KY                 0.00          0.00    74.35%     10.10    10.25     9.90    10.25       13.80    15.65    13.80    15.50     +5.25   +51.22%
       8              62  6218      豪勉                    0.00          0.00    73.80%     41.00    43.50    40.50    40.70       57.20    61.60    56.10    61.60    +20.90   +51.35%
       9              96  6872      浩宇生醫                  0.00          0.00    73.30%     14.90    14.90    14.00    14.35       22.10    22.10    21.00    21.10     +6.75   +47.04%
      10              92  6221      晉泰                    0.00          0.00    69.68%     21.65    21.70    21.60    21.70       31.30    31.50    30.50    31.50     +9.80   +45.16%
      11              70  3441      聯一光                  56.00         21.50    69.11%    138.50   140.50   129.50   130.00      185.00   187.00   177.00   185.50    +55.50   +42.69%
      12             186  6148      驊宏資                   0.00          0.00    66.71%     28.80    28.80    28.25    28.30       36.25    39.85    35.90    39.85    +11.55   +40.81%
      13             116  6683      雍智科技                710.00        235.00    65.99%   1250.00  1250.00  1165.00  1200.00     1600.00  1670.00  1570.00  1670.00   +470.00   +39.17%
      14             280  7717      萊德光電-KY             279.00        107.50    64.63%    446.00   460.00   429.50   440.00      601.00   624.00   594.00   600.00   +160.00   +36.36%
      15             191  3624      光頡                   21.00          0.00    64.41%     93.90    98.90    90.50    91.80      122.00   126.50   117.00   126.00    +34.20   +37.25%
      16             133  3664      安瑞-KY                 0.00          0.00    63.88%      6.00     6.28     6.00     6.28        8.15     8.40     8.15     8.40     +2.12   +33.76%
      17             340  8064      東捷                   54.50         11.50    61.62%    105.00   107.50   101.50   103.00      127.50   136.00   125.00   136.00    +33.00   +32.04%
      18             106  6173      信昌電                 118.50         44.00    60.17%    229.00   239.00   229.00   239.00      309.00   314.00   300.00   314.00    +75.00   +31.38%
      19             343  6510      精測                 1405.00        565.00    59.90%   2805.00  2830.00  2670.00  2680.00     3330.00  3520.00  3320.00  3520.00   +840.00   +31.34%
      20             144  3324      雙鴻                  750.00        410.00    59.65%   1075.00  1155.00  1075.00  1140.00     1480.00  1515.00  1420.00  1480.00   +340.00   +29.82%
      21              72  6291      沛亨                  176.50         63.00    58.84%    430.00   430.00   394.50   400.50      523.00   525.00   500.00   524.00   +123.50   +30.84%
      22             193  4908      前鼎                   90.50         48.50    57.94%    195.00   199.00   183.00   190.00      240.00   248.50   232.50   243.50    +53.50   +28.16%
      23             111  5202      力新                    0.00          0.00    57.81%     12.00    12.15    11.90    11.90       13.90    15.40    13.90    15.40     +3.50   +29.41%
      24             231  6140      訊達                    0.00          0.00    56.83%     17.10    17.45    17.05    17.10       20.25    21.80    20.00    21.80     +4.70   +27.49%
      25             270  5464      霖宏                    0.00          0.00    56.44%     71.20    76.00    71.10    73.10       91.00    95.90    90.10    92.70    +19.60   +26.81%
      26              77  6945      圓祥生技                 20.20          0.00    55.90%    107.50   107.50   103.50   104.00      119.50   132.00   114.00   132.00    +28.00   +26.92%
      27             132  6179      亞通                    0.00          0.00    55.30%     27.90    30.40    27.85    30.40       41.60    41.90    37.75    37.90     +7.50   +24.67%
      28             142  8111      立碁                    0.00          0.00    54.98%     64.90    65.60    61.30    62.40       74.80    79.60    73.70    78.00    +15.60   +25.00%
      29             124  6147      頎邦                   42.00          9.50    54.93%    190.00   203.00   180.50   182.50      217.00   229.00   213.00   229.00    +46.50   +25.48%
      30              93  3623      富晶通                   0.00          0.00    54.09%     22.20    22.85    21.95    22.20       28.65    28.65    27.75    27.75     +5.55   +25.00%
      31             118  6204      艾華                   10.00          0.00    54.05%     90.00    95.00    88.40    88.40      107.00   110.00   101.50   110.00    +21.60   +24.43%
      32             224  3141      晶宏                    0.00          0.00    53.70%     77.20    78.50    75.60    75.70       95.40    95.90    92.90    93.70    +18.00   +23.78%
      33              82  5274      信驊                 5925.00       2270.00    52.96%  15525.00 15745.00 14815.00 15630.00    18890.00 19500.00 18870.00 19290.00  +3660.00   +23.42%
      34             414  6870      騰雲                   96.00         33.00    52.15%    249.00   259.50   249.00   255.50      327.50   327.50   312.00   312.00    +56.50   +22.11%
      35              69  5251      天鉞電                   0.00          0.00    51.59%     26.55    26.60    25.50    25.95       30.25    32.60    29.70    31.70     +5.75   +22.16%
      36             634  8431      匯鑽科                   0.00          0.00    51.29%     47.45    52.10    45.60    52.10       64.50    65.60    62.20    62.50    +10.40   +19.96%
      37              27  6199      天品                    0.00          0.00    50.29%     92.40    93.60    91.90    93.30      105.00   113.00   103.50   113.00    +19.70   +21.11%
      38             103  3297      杭特                    0.00          0.00    50.18%     27.65    30.15    27.60    27.60       30.75    33.10    30.25    33.10     +5.50   +19.93%
      39              73  1569      濱川                    0.00          0.00    49.82%     44.85    46.80    44.65    46.30       52.00    57.00    52.00    55.50     +9.20   +19.87%
      40             569  4556      旭然                    0.00          0.00    49.65%     73.20    74.30    70.60    70.60       84.40    88.30    82.60    83.20    +12.60   +17.85%
==========================================================================================================================================================================
✅ 共 40 筆


══════════════════════════════════════════════════════════════════════════════════════════════════════════════
  🔄 第 10/15 次  2026/08/27 ～ 2026/09/17
══════════════════════════════════════════════════════════════════════════════════════════════════════════════

==========================================================================================================================================================================
📊 ROI 每日報酬率累計排名 (2026/08/27 ~ 2026/09/17)
==========================================================================================================================================================================
    實資排名          累計天數排名  代號        名稱                 累計漲停(元)       累計跌停(元)       強度%  (08/27)開盤      最高      最低      收盤    (09/17)開盤      最高      最低      收盤      賺賠    賺賠率
--------------------------------------------------------------------------------------------------------------------------------------------------------------------------
       1              27  6620      漢達                   45.50          0.00   100.00%     75.80    78.20    75.80    76.90      143.00   147.00   143.00   147.00    +70.10   +91.16%
       2              59  7772      耀穎                   44.50          0.00    85.12%     90.00    92.00    88.30    89.00      133.00   146.00   133.00   146.00    +57.00   +64.04%
       3              46  8227      巨有科技                 97.50         14.00    83.40%    168.00   169.00   160.00   160.00      273.00   281.00   258.00   258.00    +98.00   +61.25%
       4              37  6538      倉和                  183.50         60.00    83.06%    211.00   222.50   207.00   222.00      377.00   392.50   344.00   353.00   +131.00   +59.01%
       5              87  2221      大甲                   10.50          0.00    80.38%     71.80    74.70    70.10    74.60      110.50   116.00   108.00   116.00    +41.40   +55.50%
       6              66  6179      亞通                    0.00          0.00    76.75%     28.10    28.30    27.60    27.65       38.00    41.45    37.75    41.45    +13.80   +49.91%
       7              48  3467      台灣精材                  0.00          0.00    75.24%     48.10    50.50    48.10    49.40       72.80    78.70    70.80    73.50    +24.10   +48.79%
       8             115  3664      安瑞-KY                 0.00          0.00    74.12%      5.71     5.71     5.71     5.71        8.14     8.15     8.14     8.15     +2.44   +42.73%
       9             143  6872      浩宇生醫                  0.00          0.00    72.73%     15.45    15.45    14.80    14.90       23.00    23.40    21.00    21.00     +6.10   +40.94%
      10              75  3441      聯一光                  56.00         21.50    71.01%    133.50   137.50   127.00   137.50      198.50   201.00   188.50   192.50    +55.00   +40.00%
      11             101  6173      信昌電                 129.50         44.00    70.27%    205.00   217.50   196.00   217.50      315.00   325.00   295.00   303.50    +86.00   +39.54%
      12              69  6218      豪勉                    0.00          0.00    69.60%     39.80    40.90    39.25    39.95       56.00    58.90    53.70    56.00    +16.05   +40.18%
      13             429  4924      欣厚-KY                 0.00          0.00    69.07%      9.77    10.35     9.77    10.30       14.80    14.80    13.55    14.25     +3.95   +38.35%
      14             262  8431      匯鑽科                   0.00          0.00    68.50%     46.50    48.90    46.50    47.40       65.00    68.00    63.40    64.80    +17.40   +36.71%
      15             291  7717      萊德光電-KY             258.00        107.50    66.50%    420.00   449.00   417.50   434.00      544.00   579.00   530.00   579.00   +145.00   +33.41%
      16             142  3324      雙鴻                  735.00        410.00    64.58%   1080.00  1120.00  1055.00  1060.00     1375.00  1460.00  1335.00  1385.00   +325.00   +30.66%
      17             134  6221      晉泰                    0.00          0.00    64.15%     21.80    21.85    21.50    21.70       29.60    29.60    28.10    28.65     +6.95   +32.03%
      18             237  3624      光頡                   21.00          0.00    63.09%     91.40    94.30    88.60    90.90      124.50   130.00   115.00   118.00    +27.10   +29.81%
      19              61  3623      富晶通                   0.00          0.00    61.96%     22.25    22.25    21.70    21.95       29.25    29.50    28.15    28.40     +6.45   +29.38%
      20             278  6148      驊宏資                   0.00          0.00    61.60%     28.50    28.50    28.10    28.25       37.00    38.45    35.95    36.25     +8.00   +28.32%
      21             251  5464      霖宏                    0.00          0.00    61.08%     69.70    72.00    68.30    71.00       99.00    99.80    89.60    90.10    +19.10   +26.90%
      22             293  6683      雍智科技                615.00        280.00    61.04%   1165.00  1245.00  1130.00  1245.00     1605.00  1695.00  1530.00  1575.00   +330.00   +26.51%
      23             187  6870      騰雲                   96.00         23.00    60.60%    263.00   266.00   253.50   253.50      317.50   322.50   309.00   322.00    +68.50   +27.02%
      24             663  8064      東捷                   54.50         11.50    60.28%    102.00   106.00   102.00   104.50      123.00   130.00   123.00   130.00    +25.50   +24.40%
      25              41  3693      營邦                  176.00         63.00    58.80%    559.00   570.00   551.00   556.00      693.00   725.00   688.00   697.00   +141.00   +25.36%
      26             116  6291      沛亨                  176.50         79.50    58.40%    403.50   437.00   392.50   417.00      494.50   539.00   494.50   517.00   +100.00   +23.98%
      27             216  4198      欣大健康                  0.00          0.00    57.94%     40.00    40.00    40.00    40.00       49.50    49.95    47.60    49.45     +9.45   +23.63%
      28             114  3374      精材                  166.00         99.00    57.92%    335.00   362.50   331.00   351.00      429.00   445.00   423.00   429.00    +78.00   +22.22%
      29             230  3141      晶宏                    0.00          0.00    57.75%     77.80    78.40    76.40    76.90       93.40    97.50    93.20    94.40    +17.50   +22.76%
      30             483  4908      前鼎                   90.50         48.50    57.74%    184.50   195.50   175.00   195.50      245.00   262.00   232.50   238.00    +42.50   +21.74%
      31             350  5386      青雲                  110.00         56.50    56.92%    234.00   237.50   233.00   235.00      291.50   297.00   281.00   283.50    +48.50   +20.64%
      32             351  3354      律勝                    0.00          0.00    55.76%     22.90    24.60    22.40    24.60       30.65    31.70    29.25    29.25     +4.65   +18.90%
      33             260  6654      天正國際                 48.50         26.50    55.04%    164.50   168.00   164.50   168.00      201.00   202.00   199.00   200.00    +32.00   +19.05%
      34             104  5529      鉅陞                    0.00          0.00    54.74%     21.35    21.35    21.25    21.25       24.50    25.50    24.50    25.50     +4.25   +20.00%
      35              88  5274      信驊                 5235.00       2270.00    54.70%  15690.00 16125.00 15105.00 15305.00    18250.00 18800.00 18225.00 18275.00  +2970.00   +19.41%
      36             684  7828      創新服務                740.00        450.00    53.94%   1615.00  1725.00  1560.00  1650.00     2050.00  2055.00  1920.00  1935.00   +285.00   +17.27%
      37             710  6510      精測                 1085.00        625.00    53.14%   2690.00  2815.00  2590.00  2740.00     3260.00  3355.00  3165.00  3200.00   +460.00   +16.79%
      38             162  3580      友威科                   0.00          0.00    52.68%     82.00    82.00    80.00    80.90       90.80    99.50    90.80    94.60    +13.70   +16.93%
      39             373  6140      訊達                    0.00          0.00    52.46%     17.10    17.25    17.05    17.10       20.45    20.90    19.60    19.85     +2.75   +16.08%
      40             243  5202      力新                    0.00          0.00    52.45%     12.05    12.20    12.00    12.00       13.60    14.05    13.55    14.00     +2.00   +16.67%
==========================================================================================================================================================================
✅ 共 40 筆


══════════════════════════════════════════════════════════════════════════════════════════════════════════════
  🔄 第 11/15 次  2026/08/26 ～ 2026/09/16
══════════════════════════════════════════════════════════════════════════════════════════════════════════════

==========================================================================================================================================================================
📊 ROI 每日報酬率累計排名 (2026/08/26 ~ 2026/09/16)
==========================================================================================================================================================================
    實資排名          累計天數排名  代號        名稱                 累計漲停(元)       累計跌停(元)       強度%  (08/26)開盤      最高      最低      收盤    (09/16)開盤      最高      最低      收盤      賺賠    賺賠率
--------------------------------------------------------------------------------------------------------------------------------------------------------------------------
       1              18  6538      倉和                  193.50         32.50   100.00%    201.00   217.00   198.00   212.00      370.50   398.50   365.00   380.50   +168.50   +79.48%
       2              34  6620      漢達                   32.50          0.00    98.73%     74.60    77.10    74.60    75.80      119.00   134.00   118.50   134.00    +58.20   +76.78%
       3              44  8227      巨有科技                 97.50          0.00    90.41%    165.00   173.00   165.00   168.50      250.50   274.00   248.00   272.00   +103.50   +61.42%
       4              54  6173      信昌電                 149.00         32.50    89.50%    197.50   201.50   195.00   198.00      304.00   323.00   295.00   315.00   +117.00   +59.09%
       5             129  6872      浩宇生醫                  0.00          0.00    87.25%     15.25    15.25    15.05    15.05       22.90    23.65    22.50    23.10     +8.05   +53.49%
       6              70  3441      聯一光                  68.50         21.50    84.34%    113.50   125.00   113.00   125.00      170.00   186.00   170.00   186.00    +61.00   +48.80%
       7              87  2221      大甲                    0.00          0.00    82.96%     68.00    71.60    67.50    71.40       96.10   105.50    95.60   105.50    +34.10   +47.76%
       8              96  7772      耀穎                   31.50          0.00    82.90%     85.90    91.20    85.20    89.90      135.00   135.00   129.50   133.00    +43.10   +47.94%
       9              47  3467      台灣精材                  0.00          0.00    82.57%     46.05    48.80    46.05    48.25       71.20    76.50    68.00    71.60    +23.35   +48.39%
      10             170  4924      欣厚-KY                 0.00          0.00    81.67%      9.91     9.98     9.74     9.93       14.85    14.85    14.00    14.50     +4.57   +46.02%
      11             156  3664      安瑞-KY                 0.00          0.00    80.51%      5.40     5.79     5.38     5.79        7.63     8.15     7.63     8.14     +2.35   +40.59%
      12             132  8431      匯鑽科                   0.00          0.00    79.29%     45.30    46.30    45.30    46.05       60.10    65.80    60.00    65.00    +18.95   +41.15%
      13             119  6683      雍智科技                725.00        260.00    78.86%   1130.00  1145.00  1110.00  1135.00     1450.00  1595.00  1420.00  1595.00   +460.00   +40.53%
      14             125  3354      律勝                    0.00          0.00    76.48%     20.50    22.40    20.50    22.40       28.10    30.50    27.85    30.50     +8.10   +36.16%
      15             181  4908      前鼎                  108.00         48.50    75.76%    163.50   178.00   160.00   178.00      226.00   243.00   223.50   240.50    +62.50   +35.11%
      16              75  6218      豪勉                    0.00          0.00    75.40%     40.25    41.40    39.60    39.60       50.20    54.10    48.50    54.10    +14.50   +36.62%
      17             118  6179      亞通                    0.00          0.00    74.98%     27.45    28.15    27.45    27.95       34.40    38.00    34.40    37.70     +9.75   +34.88%
      18             177  3624      光頡                   21.00          0.00    74.72%     87.50    95.80    86.30    91.20      125.00   127.00   121.00   123.00    +31.80   +34.87%
      19             194  6148      驊宏資                   0.00          0.00    71.14%     27.15    28.25    27.15    28.25       37.60    38.90    36.35    36.65     +8.40   +29.73%
      20              45  3623      富晶通                   0.00          0.00    71.13%     21.60    21.85    21.60    21.80       26.15    28.65    25.60    28.40     +6.60   +30.28%
      21             338  3324      雙鴻                  710.00        425.00    70.27%   1070.00  1085.00  1055.00  1075.00     1275.00  1375.00  1255.00  1360.00   +285.00   +26.51%
      22             101  3374      精材                  183.50         99.00    70.24%    308.00   340.00   305.00   333.50      417.00   436.00   410.50   424.00    +90.50   +27.14%
      23             321  7717      萊德光電-KY             222.50        107.50    69.80%    394.00   431.00   394.00   417.50      500.00   527.00   492.00   527.00   +109.50   +26.23%
      24             324  7828      創新服務                810.00        380.00    69.79%   1520.00  1595.00  1485.00  1580.00     1860.00  2020.00  1855.00  2005.00   +425.00   +26.90%
      25             247  5464      霖宏                    0.00          0.00    69.57%     69.90    75.30    68.80    74.00       85.20    93.70    84.10    93.70    +19.70   +26.62%
      26             140  6221      晉泰                    0.00          0.00    68.97%     23.45    23.45    22.90    23.05       30.95    30.95    28.80    29.10     +6.05   +26.25%
      27             175  5386      青雲                  110.00         56.50    68.42%    238.50   241.50   234.00   234.00      285.00   293.00   284.00   291.00    +57.00   +24.36%
      28             117  6654      天正國際                 48.50         26.50    67.57%    165.00   165.50   162.00   163.00      199.00   205.00   199.00   202.00    +39.00   +23.93%
      29             408  6510      精測                 1205.00        595.00    67.03%   2700.00  2725.00  2580.00  2620.00     3285.00  3325.00  3200.00  3230.00   +610.00   +23.28%
      30             333  6140      訊達                    0.00          0.00    66.34%     17.00    17.35    17.00    17.30       22.00    22.00    20.55    21.25     +3.95   +22.83%
      31             122  6291      沛亨                  167.00         79.50    66.31%    384.00   407.50   381.00   400.00      446.00   490.50   446.00   490.50    +90.50   +22.62%
      32             457  6870      騰雲                   96.00         23.00    65.47%    266.50   266.50   255.00   260.50      326.50   330.00   301.00   316.00    +55.50   +21.31%
      33              66  3693      營邦                  160.00         63.00    65.38%    550.00   564.00   547.00   558.00      673.00   685.00   671.00   681.00   +123.00   +22.04%
      34             512  3141      晶宏                    0.00          0.00    64.37%     73.00    78.90    73.00    77.70       91.40    95.50    91.10    92.80    +15.10   +19.43%
      35             332  4198      欣大健康                  0.00          0.00    64.33%     41.60    41.60    40.15    41.20       49.90    50.00    47.25    49.40     +8.20   +19.90%
      36             248  7709      榮田                    0.00          0.00    63.55%     69.30    69.60    68.10    69.20       81.00    83.00    80.50    81.80    +12.60   +18.21%
      37             155  6945      圓祥生技                 20.20          0.00    63.23%    100.00   103.00   100.00   101.50      114.50   120.00   110.50   120.00    +18.50   +18.23%
      38              78  8472      夠麻吉                   0.00          0.00    62.68%     67.00    68.80    66.90    66.90       77.40    81.70    77.40    78.90    +12.00   +17.94%
      39              55  5251      天鉞電                   0.00          0.00    62.66%     25.15    25.50    25.15    25.50       31.20    32.05    29.60    30.15     +4.65   +18.24%
      40             169  3105      穩懋                  136.00         69.50    62.35%    378.00   405.00   374.00   405.00      469.00   473.00   454.00   472.50    +67.50   +16.67%
==========================================================================================================================================================================
✅ 共 40 筆


══════════════════════════════════════════════════════════════════════════════════════════════════════════════
  🔄 第 12/15 次  2026/08/24 ～ 2026/09/15
══════════════════════════════════════════════════════════════════════════════════════════════════════════════

==========================================================================================================================================================================
📊 ROI 每日報酬率累計排名 (2026/08/24 ~ 2026/09/15)
==========================================================================================================================================================================
    實資排名          累計天數排名  代號        名稱                 累計漲停(元)       累計跌停(元)       強度%  (08/24)開盤      最高      最低      收盤    (09/15)開盤      最高      最低      收盤      賺賠    賺賠率
--------------------------------------------------------------------------------------------------------------------------------------------------------------------------
       1              21  6538      倉和                  178.00         32.50   100.00%    194.50   204.50   193.00   193.00      372.50   376.00   364.00   365.00   +172.00   +89.12%
       2              45  8227      巨有科技                 75.00          0.00    88.42%    155.50   155.50   149.50   150.00      239.00   253.00   239.00   249.50    +99.50   +66.33%
       3              53  6620      漢達                   20.50          0.00    85.72%     75.00    76.00    74.70    75.80      127.50   132.50   122.00   122.00    +46.20   +60.95%
       4             180  4908      前鼎                  107.50         48.50    82.09%    154.00   156.00   147.00   147.50      223.00   245.00   218.00   224.00    +76.50   +51.86%
       5              66  3441      聯一光                  63.00         21.50    80.67%    113.50   117.00   109.00   112.50      162.00   176.50   159.00   169.50    +57.00   +50.67%
       6              92  2221      大甲                    0.00          0.00    80.67%     59.40    63.30    58.50    63.30       88.30    98.80    88.20    96.10    +32.80   +51.82%
       7              41  3467      台灣精材                  0.00          0.00    80.62%     45.85    46.15    45.80    46.15       70.80    70.80    70.80    70.80    +24.65   +53.41%
       8             227  6872      浩宇生醫                  0.00          0.00    80.07%     15.30    16.10    15.30    15.35       22.00    23.10    22.00    22.90     +7.55   +49.19%
       9             106  7772      耀穎                   31.50          0.00    78.04%     85.30    88.40    84.70    87.90      126.00   133.00   121.50   130.00    +42.10   +47.90%
      10              84  3629      地心引力                  0.00          0.00    77.60%     14.50    14.50    13.55    13.55       17.00    19.60    17.00    19.60     +6.05   +44.65%
      11             164  3664      安瑞-KY                 0.00          0.00    77.25%      5.42     5.42     5.36     5.36        6.98     7.67     6.98     7.67     +2.31   +43.10%
      12             101  6173      信昌電                 128.50         32.50    76.78%    209.50   215.00   203.00   203.00      299.00   308.00   289.50   294.50    +91.50   +45.07%
      13              98  3624      光頡                   21.00          0.00    75.16%     86.90    89.10    86.00    86.10      122.50   129.50   120.00   123.50    +37.40   +43.44%
      14             230  4924      欣厚-KY                 0.00          0.00    72.24%      9.58     9.74     9.58     9.74       13.50    13.50    13.50    13.50     +3.76   +38.60%
      15             133  3354      律勝                    0.00          0.00    71.29%     20.25    20.80    20.25    20.45       27.45    30.20    27.30    27.75     +7.30   +35.70%
      16             102  3374      精材                  190.50         99.00    70.75%    302.00   312.50   299.00   302.50      429.00   430.50   407.00   408.50   +106.00   +35.04%
      17             100  6148      驊宏資                   0.00          0.00    70.74%     27.60    27.60    27.35    27.40       37.50    37.50    35.70    37.50    +10.10   +36.86%
      18             141  6683      雍智科技                580.00        260.00    69.05%   1090.00  1140.00  1080.00  1090.00     1390.00  1465.00  1390.00  1450.00   +360.00   +33.03%
      19             194  8431      匯鑽科                   0.00          0.00    68.58%     46.65    47.00    45.50    45.50       61.50    63.00    60.00    60.10    +14.60   +32.09%
      20             138  6179      亞通                    0.00          0.00    66.33%     27.00    27.60    26.95    26.95       33.90    35.40    33.15    34.85     +7.90   +29.31%
      21             161  3105      穩懋                  143.50         69.50    65.80%    370.50   372.50   355.00   355.00      447.50   476.00   445.50   454.00    +99.00   +27.89%
      22             288  6147      頎邦                   39.00          9.50    65.61%    157.50   162.00   157.00   157.00      194.50   206.50   194.50   200.00    +43.00   +27.39%
      23             422  3141      晶宏                    0.00          0.00    64.59%     71.00    75.00    71.00    72.30       88.40    94.10    87.60    91.60    +19.30   +26.69%
      24              93  6218      豪勉                    0.00          0.00    64.40%     38.40    39.65    37.85    38.60       44.75    49.25    44.15    49.25    +10.65   +27.59%
      25             405  5314      世紀*                   0.00          0.00    64.06%     28.60    28.60    28.60    28.60       34.20    34.20    34.20    34.20     +5.60   +19.58%
      26             354  6870      騰雲                   96.00         10.00    63.84%    264.50   264.50   257.00   260.50      306.00   334.50   306.00   329.00    +68.50   +26.30%
      27             386  3324      雙鴻                  620.00        425.00    63.64%    973.00  1050.00   970.00  1015.00     1310.00  1365.00  1240.00  1260.00   +245.00   +24.14%
      28             366  7717      萊德光電-KY             198.50        107.50    63.40%    388.00   403.00   385.00   386.00      478.50   503.00   472.00   479.50    +93.50   +24.22%
      29             286  5464      霖宏                    0.00          0.00    62.87%     68.00    69.90    66.30    68.60       89.40    89.40    85.00    85.20    +16.60   +24.20%
      30              57  3693      營邦                  145.00         63.00    62.48%    515.00   547.00   514.00   533.00      680.00   685.00   662.00   666.00   +133.00   +24.95%
      31             204  6221      晉泰                    0.00          0.00    62.12%     23.00    23.00    22.70    22.80       28.15    28.15    28.15    28.15     +5.35   +23.46%
      32             415  6510      精測                 1205.00        630.00    61.78%   2650.00  2735.00  2635.00  2650.00     3325.00  3390.00  3215.00  3255.00   +605.00   +22.83%
      33             512  4939      亞電                    0.00          0.00    61.71%     67.00    69.70    65.20    65.20       80.20    82.80    77.70    78.00    +12.80   +19.63%
      34             132  6291      沛亨                  139.00         79.50    60.78%    388.50   391.50   366.00   366.00      459.00   467.50   445.00   446.00    +80.00   +21.86%
      35             651  3529      力旺                 1340.00        910.00    60.70%   2155.00  2215.00  2140.00  2200.00     2720.00  2720.00  2610.00  2625.00   +425.00   +19.32%
      36             210  6654      天正國際                 48.50         26.50    60.59%    163.00   165.00   160.00   164.50      202.00   204.00   199.00   199.00    +34.50   +20.97%
      37             259  4198      欣大健康                  0.00          0.00    60.21%     41.70    41.70    40.00    41.20       49.50    49.95    49.50    49.90     +8.70   +21.12%
      38             156  6983      華洋精機                 75.00         10.00    60.20%    291.00   297.50   286.50   288.00      346.00   350.00   343.50   349.50    +61.50   +21.35%
      39             840  4188      安克                    0.00          0.00    60.08%     12.10    12.10    11.75    12.10       14.60    14.60    14.00    14.20     +2.10   +17.36%
      40             235  6925      意藍                    0.00          0.00    59.58%     50.80    50.80    50.10    50.40       60.70    60.70    60.70    60.70    +10.30   +20.44%
==========================================================================================================================================================================
✅ 共 40 筆


══════════════════════════════════════════════════════════════════════════════════════════════════════════════
  🔄 第 13/15 次  2026/08/21 ～ 2026/09/14
══════════════════════════════════════════════════════════════════════════════════════════════════════════════

==========================================================================================================================================================================
📊 ROI 每日報酬率累計排名 (2026/08/21 ~ 2026/09/14)
==========================================================================================================================================================================
    實資排名          累計天數排名  代號        名稱                 累計漲停(元)       累計跌停(元)       強度%  (08/21)開盤      最高      最低      收盤    (09/14)開盤      最高      最低      收盤      賺賠    賺賠率
--------------------------------------------------------------------------------------------------------------------------------------------------------------------------
       1              21  6538      倉和                  178.00         32.50   100.00%    207.00   208.00   191.00   196.50      362.00   379.50   355.00   372.50   +176.00   +89.57%
       2              35  6620      漢達                   20.50          0.00    88.44%     75.50    76.60    75.00    75.00      125.00   128.00   120.00   127.00    +52.00   +69.33%
       3              91  2221      大甲                    0.00          0.00    80.84%     54.50    57.90    54.30    57.60       92.80    97.80    89.20    89.90    +32.30   +56.08%
       4              83  8227      巨有科技                 75.00          0.00    79.74%    147.50   160.50   146.00   156.00      240.50   259.00   235.00   241.00    +85.00   +54.49%
       5             140  5314      世紀*                   0.00          0.00    78.16%     26.00    26.00    26.00    26.00       37.95    37.95    37.95    37.95    +11.95   +45.96%
       6              74  3441      聯一光                  63.00         21.50    77.56%    102.00   107.00    95.50   107.00      167.00   173.00   157.50   160.50    +53.50   +50.00%
       7             268  4908      前鼎                  107.50         48.50    76.82%    156.00   157.00   152.00   153.00      227.50   235.00   220.00   225.50    +72.50   +47.39%
       8             523  6872      浩宇生醫                  0.00          0.00    73.52%     15.80    15.80    15.20    15.70       22.65    23.50    22.40    22.50     +6.80   +43.31%
       9             118  7772      耀穎                   31.50          0.00    72.90%     86.80    87.90    86.00    87.10      125.00   131.50   123.00   126.00    +38.90   +44.66%
      10             128  3624      光頡                   21.00          0.00    70.34%     85.70    91.70    85.70    87.80      122.00   128.50   117.00   124.00    +36.20   +41.23%
      11              92  3374      精材                  190.50         78.00    70.22%    304.00   316.00   298.50   306.50      440.00   447.50   417.50   429.50   +123.00   +40.13%
      12             202  6173      信昌電                 128.50         32.50    69.27%    220.50   227.00   211.50   212.00      274.00   304.50   272.50   293.50    +81.50   +38.44%
      13              99  3354      律勝                    0.00          0.00    68.98%     20.90    20.95    20.25    20.30       29.60    30.95    28.00    28.00     +7.70   +37.93%
      14              63  3467      台灣精材                  0.00          0.00    68.10%     45.50    46.45    45.50    46.35       64.40    64.40    64.40    64.40    +18.05   +38.94%
      15             562  4188      安克                    0.00          0.00    66.89%     10.80    11.00    10.60    11.00       14.70    15.15    14.30    14.60     +3.60   +32.73%
      16             144  3324      雙鴻                  666.00        380.00    66.59%    987.00   991.00   965.00   969.00     1335.00  1355.00  1280.00  1305.00   +336.00   +34.67%
      17             194  8431      匯鑽科                   0.00          0.00    65.79%     45.00    47.50    45.00    46.60       56.30    62.50    55.20    62.50    +15.90   +34.12%
      18              36  3693      營邦                  163.00         41.00    63.86%    513.00   518.00   506.00   515.00      656.00   695.00   637.00   688.00   +173.00   +33.59%
      19             187  3629      地心引力                  0.00          0.00    63.38%     13.05    13.95    13.05    13.95       18.50    18.50    18.00    18.00     +4.05   +29.03%
      20             177  5464      霖宏                    0.00          0.00    61.96%     70.00    70.00    66.90    68.70       87.40    91.20    85.60    89.10    +20.40   +29.69%
      21             290  3529      力旺                 1385.00        805.00    61.14%   2220.00  2245.00  2150.00  2155.00     2530.00  2770.00  2530.00  2730.00   +575.00   +26.68%
      22             158  3259      鑫創                    0.00          0.00    61.11%     10.25    10.35     9.81     9.81       11.00    11.00    11.00    11.00     +1.19   +12.13%
      23             180  5386      青雲                   98.50         34.00    61.09%    233.00   243.50   233.00   236.00      308.00   321.50   299.50   302.00    +66.00   +27.97%
      24             247  4924      欣厚-KY                 0.00          0.00    60.73%      9.60     9.62     9.59     9.59       12.75    13.25    12.30    12.30     +2.71   +28.26%
      25             224  6510      精測                 1205.00        510.00    60.09%   2735.00  2770.00  2650.00  2650.00     3400.00  3520.00  3370.00  3375.00   +725.00   +27.36%
      26             263  6179      亞通                    0.00          0.00    59.73%     26.80    27.60    26.50    27.20       35.50    36.10    32.85    34.40     +7.20   +26.47%
      27             395  3141      晶宏                    0.00          0.00    59.54%     71.00    71.50    70.00    70.50       87.40    91.50    87.00    89.00    +18.50   +26.24%
      28             152  6683      雍智科技                485.00        260.00    58.51%   1135.00  1160.00  1050.00  1070.00     1260.00  1375.00  1235.00  1335.00   +265.00   +24.77%
      29             458  4939      亞電                    0.00          0.00    57.84%     62.70    68.50    60.80    66.50       82.40    83.80    80.40    80.60    +14.10   +21.20%
      30             464  3664      安瑞-KY                 0.00          0.00    57.73%      5.56     5.79     5.56     5.79        6.80     6.98     6.80     6.98     +1.19   +20.55%
      31             393  7717      萊德光電-KY             198.50        117.50    57.61%    423.00   429.50   396.00   396.00      505.00   540.00   485.00   487.00    +91.00   +22.98%
      32             154  6654      天正國際                 48.50         26.50    57.42%    164.00   165.00   164.00   165.00      202.50   205.00   197.00   204.00    +39.00   +23.64%
      33             165  6148      驊宏資                   0.00          0.00    57.01%     27.80    27.80    27.45    27.50       33.30    34.10    33.30    34.10     +6.60   +24.00%
      34              50  3623      富晶通                   0.00          0.00    56.94%     21.90    21.90    21.05    21.70       27.20    28.85    27.00    27.00     +5.30   +24.42%
      35             111  6290      良維                   62.00         28.00    56.58%    216.00   217.00   210.00   211.50      253.00   262.00   252.00   260.00    +48.50   +22.93%
      36             565  4556      旭然                    0.00          0.00    56.52%     74.00    74.80    73.10    74.20      104.00   104.00    90.00    90.40    +16.20   +21.83%
      37             356  6147      頎邦                   28.00          9.50    55.82%    162.00   162.50   155.00   156.50      176.00   191.50   171.00   189.00    +32.50   +20.77%
      38             420  7828      創新服務                710.00        335.00    55.37%   1615.00  1630.00  1580.00  1610.00     1970.00  1975.00  1875.00  1950.00   +340.00   +21.12%
      39             241  4198      欣大健康                  0.00          0.00    55.34%     39.65    42.90    39.65    40.95       48.00    49.80    48.00    49.80     +8.85   +21.61%
      40             429  3105      穩懋                  133.50         87.50    54.54%    377.00   385.50   365.50   373.00      423.00   451.00   420.00   444.00    +71.00   +19.03%
==========================================================================================================================================================================
✅ 共 40 筆


══════════════════════════════════════════════════════════════════════════════════════════════════════════════
  🔄 第 14/15 次  2026/08/20 ～ 2026/09/11
══════════════════════════════════════════════════════════════════════════════════════════════════════════════

==========================================================================================================================================================================
📊 ROI 每日報酬率累計排名 (2026/08/20 ~ 2026/09/11)
==========================================================================================================================================================================
    實資排名          累計天數排名  代號        名稱                 累計漲停(元)       累計跌停(元)       強度%  (08/20)開盤      最高      最低      收盤    (09/11)開盤      最高      最低      收盤      賺賠    賺賠率
--------------------------------------------------------------------------------------------------------------------------------------------------------------------------
       1              23  6538      倉和                  178.00         32.50   100.00%    188.00   195.00   175.00   194.00      337.50   370.00   337.50   368.00   +174.00   +89.69%
       2              70  5314      世紀*                   0.00          0.00    96.81%     23.65    23.65    23.65    23.65       42.15    42.15    42.15    42.15    +18.50   +78.22%
       3              50  2221      大甲                    0.00          0.00    91.58%     53.20    55.00    53.20    54.30      103.00   105.50    95.40    95.40    +41.10   +75.69%
       4              42  3441      聯一光                  72.70         21.50    89.56%     93.30    97.30    91.70    97.30      149.50   166.00   147.00   166.00    +68.70   +70.61%
       5              57  6620      漢達                   20.50          0.00    84.27%     74.80    76.70    74.80    75.80      123.50   126.50   123.50   124.00    +48.20   +63.59%
       6             208  6872      浩宇生醫                  0.00          0.00    84.09%     15.30    15.95    15.20    15.30       25.70    25.70    24.50    24.85     +9.55   +62.42%
       7              82  8227      巨有科技                 75.00          0.00    83.86%    152.00   153.00   146.50   147.00      235.00   239.00   229.50   239.00    +92.00   +62.59%
       8             197  4908      前鼎                  107.50         36.50    79.90%    152.50   156.50   149.00   154.00      242.50   253.00   235.00   237.50    +83.50   +54.22%
       9              59  3374      精材                  190.50         44.00    76.87%    321.00   328.50   294.50   303.50      472.00   496.00   463.00   463.50   +160.00   +52.72%
      10             258  4188      安克                    0.00          0.00    76.05%     10.05    10.05     9.93    10.00       15.60    15.90    14.75    14.75     +4.75   +47.50%
      11              94  7772      耀穎                   31.50          0.00    75.68%     88.00    88.60    86.90    87.30      115.00   132.00   115.00   132.00    +44.70   +51.20%
      12              83  3354      律勝                    0.00          0.00    72.70%     20.80    20.80    20.15    20.45       29.80    30.30    29.00    29.85     +9.40   +45.97%
      13              84  3629      地心引力                  0.00          0.00    71.11%        --       --       --       --       19.95    19.95    19.95    19.95        --        --
      14              95  3624      光頡                   21.00          0.00    70.80%     90.40    92.40    85.40    86.30      108.00   124.50   107.00   124.50    +38.20   +44.26%
      15             150  3324      雙鴻                  666.00        349.00    66.34%   1000.00  1005.00   970.00   993.00     1400.00  1405.00  1325.00  1360.00   +367.00   +36.96%
      16              90  5386      青雲                   98.50         18.00    66.33%    236.50   238.00   226.50   230.50      327.50   339.00   312.00   318.00    +87.50   +37.96%
      17             122  6179      亞通                    0.00          0.00    64.09%     27.15    27.45    26.40    26.45       38.20    38.55    34.90    35.75     +9.30   +35.16%
      18             186  4939      亞電                    0.00          0.00    63.74%     60.80    66.40    60.80    62.70       80.10    86.50    80.10    82.40    +19.70   +31.42%
      19             444  6173      信昌電                 128.50         32.50    62.25%    219.00   228.00   211.00   221.00      295.00   321.00   281.00   290.00    +69.00   +31.22%
      20             221  3664      安瑞-KY                 0.00          0.00    60.50%      5.55     5.66     5.55     5.56        7.05     7.05     7.05     7.05     +1.49   +26.80%
      21             158  6739      竹陞科技                490.00        191.00    59.83%    982.00   998.00   961.00   978.00     1320.00  1370.00  1225.00  1270.00   +292.00   +29.86%
      22             345  7717      萊德光電-KY             198.50         87.50    59.55%    401.00   405.00   398.00   402.00      470.00   528.00   463.00   517.00   +115.00   +28.61%
      23             322  3141      晶宏                    0.00          0.00    58.56%     71.20    72.50    70.50    71.00       91.50    95.50    90.50    90.80    +19.80   +27.89%
      24             263  4924      欣厚-KY                 0.00          0.00    58.39%      9.72     9.76     9.72     9.76       12.60    13.45    12.45    12.50     +2.74   +28.07%
      25              51  3693      營邦                  138.00         41.00    57.86%    514.00   523.00   500.00   516.00      678.00   693.00   660.00   663.00   +147.00   +28.49%
      26             436  4556      旭然                    0.00          0.00    57.74%     76.80    78.10    74.10    74.80       85.50    94.60    85.50    94.60    +19.80   +26.47%
      27              72  3467      台灣精材                  0.00          0.00    57.72%     45.95    45.95    45.35    45.75       51.70    58.60    51.70    58.60    +12.85   +28.09%
      28             275  5464      霖宏                    0.00          0.00    57.14%     71.50    71.50    68.00    70.60       88.00    89.80    86.70    89.10    +18.50   +26.20%
      29             194  8431      匯鑽科                   0.00          0.00    56.89%     45.00    45.50    44.85    45.30       59.40    59.40    56.90    56.90    +11.60   +25.61%
      30             238  6510      精測                 1205.00        515.00    56.89%   2730.00  2795.00  2650.00  2760.00     3565.00  3685.00  3445.00  3480.00   +720.00   +26.09%
      31              79  6291      沛亨                  149.00         70.00    56.77%    385.00   386.00   367.00   378.50      486.50   492.50   471.50   478.00    +99.50   +26.29%
      32             214  6617      共信-KY                33.00          0.00    56.07%    104.50   104.50   104.50   104.50      130.00   132.00   128.50   130.00    +25.50   +24.40%
      33              39  3623      富晶通                   0.00          0.00    55.78%     21.35    21.55    21.30    21.55       27.10    27.35    26.30    27.15     +5.60   +25.99%
      34             171  3234      光環                   52.50         16.50    55.68%    153.00   153.00   142.00   151.00      187.00   194.50   183.50   187.50    +36.50   +24.17%
      35             278  6640      均華                  481.00        277.00    54.62%    975.00   994.00   942.00   954.00     1195.00  1195.00  1125.00  1170.00   +216.00   +22.64%
      36             114  3219      倚強科                   0.00          0.00    53.42%     69.80    70.20    68.40    69.90       86.00    87.10    84.80    85.60    +15.70   +22.46%
      37             268  6654      天正國際                 48.50         26.50    52.94%    167.50   168.00   163.00   166.00      207.00   207.00   199.00   201.00    +35.00   +21.08%
      38             157  7709      榮田                    0.00          0.00    52.82%     71.00    71.00    69.20    69.40       85.90    86.90    81.50    84.00    +14.60   +21.04%
      39             328  8240      華宏                    0.00          0.00    52.10%     41.60    42.35    41.50    42.10       51.60    51.80    50.30    50.50     +8.40   +19.95%
      40             191  6290      良維                   62.00         28.00    51.98%    225.50   226.00   212.00   214.50      267.00   268.00   255.00   258.00    +43.50   +20.28%
==========================================================================================================================================================================
✅ 共 40 筆


══════════════════════════════════════════════════════════════════════════════════════════════════════════════
  🔄 第 15/15 次  2026/08/19 ～ 2026/09/10
══════════════════════════════════════════════════════════════════════════════════════════════════════════════

==========================================================================================================================================================================
📊 ROI 每日報酬率累計排名 (2026/08/19 ~ 2026/09/10)
==========================================================================================================================================================================
    實資排名          累計天數排名  代號        名稱                 累計漲停(元)       累計跌停(元)       強度%  (08/19)開盤      最高      最低      收盤    (09/10)開盤      最高      最低      收盤      賺賠    賺賠率
--------------------------------------------------------------------------------------------------------------------------------------------------------------------------
       1              35  5314      世紀*                   0.00          0.00   100.00%     21.50    21.50    21.50    21.50       45.35    46.80    45.35    46.80    +25.30  +117.67%
       2              32  2221      大甲                    0.00          0.00    82.44%     53.70    53.70    51.80    52.60       87.80    96.50    86.30    96.50    +43.90   +83.46%
       3              97  6872      浩宇生醫                  0.00          0.00    79.82%     15.25    15.40    15.05    15.05       27.05    27.05    24.95    26.75    +11.70   +77.74%
       4              21  6538      倉和                  148.50         32.50    79.60%    186.00   197.50   185.00   191.50      338.00   349.00   335.00   338.50   +147.00   +76.76%
       5              43  3441      聯一光                  57.70         21.50    77.05%     83.60    90.30    82.20    88.50      141.50   157.00   137.00   151.00    +62.50   +70.62%
       6              40  6620      漢達                   20.50          0.00    75.37%     76.50    76.50    74.70    74.80      128.50   129.00   124.00   126.50    +51.70   +69.12%
       7             116  4908      前鼎                  107.50         25.00    73.61%    143.50   155.00   143.50   152.50      239.00   265.00   238.00   249.00    +96.50   +63.28%
       8              29  3374      精材                  190.50         19.50    71.83%    296.00   306.50   294.00   299.00      481.00   494.00   476.00   488.00   +189.00   +63.21%
       9             227  4188      安克                    0.00          0.00    68.62%     10.15    10.15     9.89    10.10       14.00    15.45    13.45    15.45     +5.35   +52.97%
      10              63  3354      律勝                    0.00          0.00    65.72%     20.40    20.40    20.15    20.15       29.15    30.90    29.10    30.45    +10.30   +51.12%
      11             140  8227      巨有科技                 53.50          0.00    63.31%    148.00   151.00   145.00   148.00      203.00   217.50   201.00   217.50    +69.50   +46.96%
      12              94  3324      雙鴻                  666.00        269.00    62.47%    962.00  1005.00   955.00   989.00     1355.00  1440.00  1355.00  1440.00   +451.00   +45.60%
      13              68  3629      地心引力                  0.00          0.00    61.46%     14.35    14.35    13.85    13.85       19.95    19.95    19.95    19.95     +6.10   +44.04%
      14             106  6179      亞通                    0.00          0.00    59.69%     26.60    27.20    26.60    26.85       38.65    39.50    36.95    38.20    +11.35   +42.27%
      15             234  6173      信昌電                 128.50         32.50    58.38%    190.00   213.50   189.50   213.50      268.50   295.00   265.50   295.00    +81.50   +38.17%
      16             156  4939      亞電                    0.00          0.00    58.30%     60.20    63.10    60.10    60.50       87.50    92.40    81.90    82.40    +21.90   +36.20%
      17             187  7772      耀穎                   31.50          0.00    57.52%     88.00    92.00    88.00    89.00      125.00   136.50   121.00   123.00    +34.00   +38.20%
      18             152  6617      共信-KY                33.00          0.00    57.34%     97.00    97.00    94.50    95.20      131.00   132.00   128.00   130.50    +35.30   +37.08%
      19              98  6510      精測                 1305.00        325.00    57.00%   2665.00  2900.00  2650.00  2660.00     3605.00  3740.00  3575.00  3670.00  +1010.00   +37.97%
      20              95  8431      匯鑽科                   0.00          0.00    55.60%     45.25    46.35    44.50    44.50       61.20    61.20    57.70    60.20    +15.70   +35.28%
      21             133  5386      青雲                   98.50         18.00    55.52%    224.00   239.00   223.00   230.50      309.50   311.00   304.00   311.00    +80.50   +34.92%
      22             127  4924      欣厚-KY                 0.00          0.00    55.19%      9.84     9.84     9.52     9.55       12.50    13.85    12.50    12.90     +3.35   +35.08%
      23             122  6739      竹陞科技                490.00        141.00    55.14%    954.00  1005.00   954.00   978.00     1320.00  1320.00  1320.00  1320.00   +342.00   +34.97%
      24              26  3693      營邦                  138.00         13.00    55.03%    509.00   522.00   502.00   508.00      700.00   719.00   687.00   691.00   +183.00   +36.02%
      25              87  3234      光環                   52.50         16.50    53.68%    138.50   149.50   138.00   147.50      196.00   205.50   192.50   195.00    +47.50   +32.20%
      26              64  6291      沛亨                  149.00         53.00    52.81%    360.50   396.00   360.00   376.00      473.00   503.00   471.00   495.00   +119.00   +31.65%
      27             218  3664      安瑞-KY                 0.00          0.00    52.21%      6.07     6.07     6.00     6.00        7.58     7.58     7.58     7.58     +1.58   +26.33%
      28             313  3141      晶宏                    0.00          0.00    51.93%     68.20    71.20    67.80    71.10       93.80    96.30    92.10    92.10    +21.00   +29.54%
      29             214  8111      立碁                    0.00          0.00    51.90%     54.50    56.20    54.20    55.20       71.10    73.50    70.80    71.20    +16.00   +28.99%
      30              96  1815      富喬                   11.50         11.00    51.81%     93.00    98.80    91.10    98.00      125.00   129.00   124.00   126.00    +28.00   +28.57%
      31              59  6895      宏碩系統                 14.50          0.00    51.68%    126.50   126.50   120.00   120.00      154.50   156.00   154.50   156.00    +36.00   +30.00%
      32             323  3105      穩懋                  149.00         63.50    50.73%    353.50   374.00   351.00   363.50      462.50   465.00   452.00   461.50    +98.00   +26.96%
      33             554  8064      東捷                   32.50          0.00    50.63%     98.50   102.50    96.60    99.20      131.00   132.00   125.50   126.50    +27.30   +27.52%
      34             153  8358      金居                  181.50         89.00    50.36%    398.00   413.50   392.00   410.50      518.00   525.00   515.00   521.00   +110.50   +26.92%
      35             207  7828      創新服務                745.00        270.00    50.21%   1575.00  1675.00  1575.00  1615.00     2090.00  2175.00  1965.00  2055.00   +440.00   +27.24%
      36             335  5464      霖宏                    0.00          0.00    50.01%     71.20    73.10    70.30    70.70       82.80    91.00    82.70    89.60    +18.90   +26.73%
      37              71  3219      倚強科                   0.00          0.00    49.96%     68.80    72.00    68.60    69.20       88.30    89.50    87.40    88.30    +19.10   +27.60%
      38             198  3624      光頡                   10.00          0.00    49.81%     82.50    93.00    82.50    89.70      100.50   113.50   100.00   113.50    +23.80   +26.53%
      39             261  6640      均華                  481.00        249.00    49.28%   1015.00  1055.00   966.00   966.00     1190.00  1210.00  1145.00  1210.00   +244.00   +25.26%
      40             358  6103      合邦                    0.00          0.00    49.20%        --       --       --       --       33.45    33.45    31.50    32.30        --        --
==========================================================================================================================================================================
✅ 共 40 筆
