資料日期,股票代號,股票名稱,20261002成交量,20261001成交量,20260930成交量,20260929成交量,20260924成交量,20260923成交量,20260922成交量,20260921成交量,20260918成交量,20260917成交量,20260916成交量,20260915成交量,20260914成交量,20260911成交量,20260910成交量,20260909成交量,20260908成交量,20260907成交量,20260904成交量,20260903成交量,20260902成交量,20260901成交量,20260831成交量,20260828成交量,20260827成交量,20260826成交量,20260824成交量,20260821成交量,20260819成交量,20260818成交量,近3日平均成交量,最新成交量占個股近3日總量(%),最新成交量占全市場近3日總量(%),近5日平均成交量,最新成交量占個股近5日總量(%),最新成交量占全市場近5日總量(%),近10日平均成交量,最新成交量占個股近10日總量(%),最新成交量占全市場近10日總量(%),近15日平均成交量,最新成交量占個股近15日總量(%),最新成交量占全市場近15日總量(%),近20日平均成交量,最新成交量占個股近20日總量(%),最新成交量占全市場近20日總量(%),近30日平均成交量,最新成交量占個股近30日總量(%),最新成交量占全市場近30日總量(%)
report_date,code,name,volume_20261002,volume_20261001,volume_20260930,volume_20260929,volume_20260924,volume_20260923,volume_20260922,volume_20260921,volume_20260918,volume_20260917,volume_20260916,volume_20260915,volume_20260914,volume_20260911,volume_20260910,volume_20260909,volume_20260908,volume_20260907,volume_20260904,volume_20260903,volume_20260902,volume_20260901,volume_20260831,volume_20260828,volume_20260827,volume_20260826,volume_20260824,volume_20260821,volume_20260819,volume_20260818,avg_volume_3d,stock_volume_share_3d_pct,market_volume_share_3d_pct,avg_volume_5d,stock_volume_share_5d_pct,market_volume_share_5d_pct,avg_volume_10d,stock_volume_share_10d_pct,market_volume_share_10d_pct,avg_volume_15d,stock_volume_share_15d_pct,market_volume_share_15d_pct,avg_volume_20d,stock_volume_share_20d_pct,market_volume_share_20d_pct,avg_volume_30d,stock_volume_share_30d_pct,market_volume_share_30d_pct
20261002,00400A,主動國泰動能高息,25080047.0,25716586.0,25570681.0,27827686.0,22871974.0,27029269.0,55410323.0,33792335.0,36138014.0,28176494.0,25701200.0,30253882.0,30886201.0,39736424.0,20052638.0,24471019.0,27893443.0,40033236.0,40967762.0,39392538.0,31680837.0,58845340.0,36629630.0,41461478.0,33861278.0,28771914.0,24880375.0,37141690.0,38690696.0,47181464.0,25455771.33,32.8413,0.109252,25413394.8,19.7377,0.070365,30761340.9,8.1531,0.032451,30282916.93,5.5213,0.023295,31350087.6,4.0,0.017452,33538215.13,2.4927,0.011471
20261002,00401A,主動摩根台灣鑫收,4966863.0,4678108.0,3180459.0,7543890.0,6473480.0,5109082.0,7135135.0,5092787.0,5191049.0,5406284.0,5094639.0,3943004.0,6642835.0,11514410.0,7896350.0,5830847.0,5784695.0,5436206.0,5626685.0,4704700.0,5565312.0,15393022.0,2005860.0,3028373.0,4760843.0,6353979.0,4622512.0,2863858.0,12545008.0,6381035.0,4275143.33,38.7267,0.021636,5368560.0,18.5035,0.013935,5477713.7,9.0674,0.006427,5991225.0,5.5268,0.004613,5862575.4,4.2361,0.003456,6025710.33,2.7476,0.002272
20261002,00402A,主動安聯美國科技,11355933.0,29956985.0,9630088.0,1904311.0,9443820.0,34722831.0,31960471.0,6855807.0,6392489.0,3172779.0,2069178.0,4199319.0,2277914.0,4089062.0,3816393.0,4056618.0,3950583.0,2756565.0,1845411.0,2973797.0,3843812.0,4157999.0,2133900.0,2986392.0,3115621.0,6100263.0,3533310.0,2770270.0,4318078.0,6241080.0,16981002.0,22.2914,0.049468,12458227.4,18.2304,0.03186,14539551.4,7.8104,0.014693,10789825.33,7.0164,0.010548,8871517.7,6.4002,0.007902,7221035.97,5.2421,0.005194
20261002,00403A,主動統一升級50,313967760.0,202851174.0,144635371.0,114515969.0,285018846.0,358500381.0,581738788.0,375973644.0,316017832.0,170319377.0,82286919.0,130139135.0,147353056.0,133779380.0,97190172.0,186828705.0,112048474.0,301191388.0,134610878.0,140341986.0,137652008.0,442224242.0,212128589.0,429927703.0,259650324.0,248628961.0,105562721.0,100144786.0,194875891.0,181249394.0,220484768.33,47.4663,1.367689,212197824.0,29.592,0.880872,286353914.2,10.9643,0.406241,230285853.6,9.0892,0.291619,216465461.75,7.2521,0.218473,221378461.8,4.7275,0.143606
20261002,00404A,主動聯博動能50,7476772.0,5864249.0,9762463.0,9243482.0,5943021.0,6420945.0,21072980.0,15292629.0,14109627.0,11321851.0,8404951.0,30000271.0,21546204.0,27927924.0,26845920.0,18108356.0,34321150.0,17452957.0,11639856.0,16800189.0,19353372.0,9757580.0,2697682.0,5640304.0,3730592.0,1788268.0,2889418.0,2464521.0,5497943.0,4537337.0,7701161.33,32.3621,0.03257,7657997.4,19.5267,0.020977,10650801.9,7.0199,0.009674,14748885.93,3.3796,0.006945,15977789.85,2.3397,0.005203,12597093.8,1.9784,0.00342
20261002,00405A,主動富邦台灣龍耀,82480848.0,38274544.0,55732051.0,39732866.0,71028949.0,113516234.0,191030167.0,81170182.0,111809132.0,62814728.0,26646985.0,49122906.0,38463675.0,48228481.0,29693816.0,59393657.0,45687519.0,67081135.0,38522995.0,55835409.0,51461959.0,115863054.0,69916459.0,76541823.0,63810044.0,69525510.0,50531460.0,77853539.0,93901339.0,84522077.0,58829147.67,46.7347,0.359298,57449851.6,28.714,0.231409,84758970.1,9.7312,0.106721,69316370.93,7.9328,0.07661,65313313.95,6.3142,0.057394,68673118.1,4.0035,0.037726
20261002,00406A,主動中信台灣收益,378437176.0,308261323.0,343691070.0,667138285.0,234727738.0,188142199.0,273137945.0,219274887.0,202589259.0,480086185.0,200946349.0,172774482.0,193984876.0,275295563.0,141193856.0,107012185.0,123874950.0,127487858.0,125639325.0,202872481.0,227374632.0,297314824.0,431531602.0,176496160.0,185415195.0,198117948.0,203403349.0,186617968.0,207370569.0,228310626.0,343463189.67,36.7276,1.648527,386451118.4,19.5853,1.061748,329548606.7,11.4835,0.489657,285312079.53,8.8426,0.3515,248328399.6,7.6197,0.263334,243617362.17,5.178,0.173093
20261002,00407A,主動凱基台灣,61140767.0,26761080.0,43173000.0,28803246.0,52283944.0,65855866.0,156104241.0,48583239.0,51795274.0,28098431.0,13001499.0,21526541.0,21301053.0,29328757.0,26305842.0,32659805.0,23616132.0,39171838.0,28833124.0,34228110.0,28949825.0,133025168.0,42937739.0,94839471.0,56521248.0,41405838.0,15127284.0,30523750.0,43634450.0,57972697.0,43691615.67,46.6457,0.266338,42432407.4,28.818,0.171537,56259908.8,10.8676,0.07911,44937518.67,9.0705,0.056789,41628589.45,7.3436,0.042545,45916975.3,4.4385,0.027965
20261002,00408A,主動第一金優股息,2785060.0,1120688.0,1061078.0,729320.0,1467653.0,2131296.0,1314490.0,1014344.0,1854224.0,2082345.0,729804.0,545154.0,2760136.0,1219488.0,2468417.0,1153282.0,1697661.0,1227598.0,3071603.0,921561.0,1315385.0,4110585.0,1622532.0,2297150.0,960231.0,1575688.0,919226.0,1167623.0,1583207.0,1439174.0,1655608.67,56.0732,0.012132,1432759.8,38.8769,0.007814,1556049.8,17.8983,0.003604,1552233.13,11.9615,0.002587,1567760.1,8.8823,0.001938,1611533.43,5.7607,0.001274
20261002,00409A,主動復華全球50,28158527.0,56865796.0,31256502.0,17961043.0,29277390.0,49003982.0,178677662.0,27144839.0,22181158.0,13483008.0,12815224.0,9957771.0,14936158.0,21678025.0,19364854.0,21428727.0,21887061.0,35744024.0,56501502.0,41059344.0,109449365.0,,,,,,,,,,38760275.0,24.216,0.122663,32703851.6,17.2203,0.079002,45400990.7,6.2022,0.036434,35517462.6,5.2854,0.026154,35469129.85,3.9694,0.019594,38991998.19,3.4389,0.012879
20261002,00410A,主動永豐科技趨勢,3140845.0,1874100.0,2963354.0,2192426.0,2646396.0,6387931.0,5918496.0,3979622.0,7071566.0,4414845.0,4487609.0,4935015.0,4672597.0,7294535.0,5357912.0,6603408.0,7836020.0,8990693.0,10194523.0,14494245.0,9437113.0,11703046.0,13999372.0,12496747.0,16392070.0,7774516.0,2779389.0,3798250.0,5238311.0,7523211.0,2659433.0,39.3674,0.013682,2563424.2,24.5051,0.008812,4058958.1,7.7381,0.004064,4489149.93,4.6644,0.002917,5772806.9,2.7204,0.002186,6886605.43,1.5203,0.001437
20261002,0050,元大台灣50,68967747.0,55443347.0,60951975.0,110505674.0,70487939.0,58059253.0,84309564.0,119595084.0,86731065.0,49931752.0,72446738.0,63373313.0,91951392.0,102009319.0,45765227.0,46101333.0,75243156.0,108677081.0,46705557.0,48818422.0,67681102.0,111066980.0,69132826.0,78158934.0,76015854.0,88919251.0,44713618.0,41340817.0,100818593.0,65621402.0,61787689.67,37.2068,0.300433,73271336.4,18.8253,0.193497,76498340.0,9.0156,0.089237,76035292.6,6.047,0.064059,73303746.9,4.7042,0.047991,73651477.17,3.1214,0.031545
20261002,0051,元大中型100,69587.0,50930.0,61482.0,51182.0,61682.0,45452.0,38534.0,42193.0,68992.0,26976.0,41229.0,120538.0,69675.0,87923.0,26241.0,21805.0,28386.0,101235.0,40803.0,60773.0,24449.0,71603.0,38041.0,34272.0,35361.0,50980.0,35134.0,25425.0,26714.0,47464.0,60666.33,38.2348,0.000303,58972.6,23.5998,0.000195,51701.0,13.4595,9e-05,57507.73,8.067,6.5e-05,55780.9,6.2375,4.8e-05,50168.7,4.6235,3.2e-05
20261002,0052,富邦科技,19649076.0,17530841.0,17975548.0,13497237.0,10067500.0,13691258.0,16648532.0,18938854.0,16624775.0,11729608.0,12286071.0,10671485.0,11505257.0,15639739.0,8098786.0,12013949.0,22549037.0,22956706.0,10899217.0,9151448.0,11415151.0,23461774.0,12930069.0,15230150.0,13607099.0,12160814.0,7949916.0,9079497.0,12817722.0,15282196.0,18385155.0,35.6249,0.085594,15744040.4,24.9607,0.055128,15635322.9,12.5671,0.025424,14303637.8,9.1581,0.01825,14606246.2,6.7263,0.013673,14201977.07,4.6118,0.008987
20261002,0053,元大電子,169069.0,162099.0,209342.0,182328.0,148520.0,164985.0,161080.0,157983.0,91819.0,50722.0,73112.0,281948.0,121405.0,397223.0,135410.0,50793.0,32805.0,38527.0,26407.0,62568.0,89257.0,70797.0,40282.0,44722.0,49349.0,34159.0,96068.0,37640.0,68493.0,32298.0,180170.0,31.2795,0.000736,174271.6,19.4029,0.000474,149794.7,11.2867,0.000219,167136.33,6.7438,0.000157,135907.25,6.22,0.000118,109373.67,5.1526,7.7e-05
20261002,0055,元大MSCI金融,842305.0,1854543.0,1341348.0,1008809.0,608620.0,1234229.0,841439.0,895029.0,1767396.0,1570608.0,585811.0,1206727.0,1254556.0,691788.0,519275.0,929912.0,481438.0,958278.0,984778.0,1557817.0,469063.0,379980.0,427929.0,310242.0,156287.0,414454.0,146576.0,394510.0,152549.0,168177.0,1346065.33,20.8584,0.003669,1131125.0,14.8932,0.002363,1196432.6,7.0401,0.00109,1081498.87,5.1922,0.000782,1056735.3,3.9854,0.000586,805149.1,3.4872,0.000385
20261002,0056,元大高股息,59502313.0,42084968.0,31983738.0,37937287.0,23158669.0,26385848.0,38810100.0,21847416.0,19305390.0,26260542.0,17447308.0,25385973.0,18893508.0,24559073.0,14562045.0,15853609.0,17306149.0,24363427.0,22979939.0,26524720.0,33462140.0,28455930.0,56468445.0,19255570.0,37361681.0,31139381.0,15507700.0,13677478.0,29889911.0,30911033.0,44523673.0,44.5473,0.259201,38933395.0,30.5662,0.16694,32727627.1,18.1811,0.07699,28541611.87,13.8984,0.055267,26757601.1,11.1188,0.041404,27709376.37,7.1579,0.027216
20261002,0057,富邦摩台,11803.0,6682.0,14480.0,36296.0,33417.0,13959.0,30189.0,16745.0,44703.0,40794.0,26098.0,15926.0,18306.0,16513.0,8652.0,33019.0,35830.0,17690.0,30924.0,7922.0,28270.0,18839.0,27614.0,12554.0,9776.0,15055.0,23091.0,20782.0,30730.0,15731.0,10988.33,35.8046,5.1e-05,20535.6,11.4952,3.3e-05,24906.8,4.7389,1.5e-05,22304.2,3.5279,1.1e-05,22997.4,2.5662,8e-06,22079.67,1.7819,5e-06
20261002,0061,元大寶滬深,102944.0,29974.0,83401.0,300497.0,93351.0,44701.0,54013.0,108505.0,81819.0,38630.0,106113.0,64399.0,35584.0,114165.0,102027.0,78447.0,82466.0,51190.0,148246.0,95185.0,118180.0,68351.0,61266.0,51361.0,86220.0,136385.0,209974.0,67962.0,163566.0,51959.0,72106.33,47.589,0.000448,122033.4,16.8714,0.000289,93783.5,10.9768,0.000133,90674.87,7.5687,9.6e-05,90782.85,5.6698,7.2e-05,94362.7,3.6365,4.7e-05
20261002,006203,元大MSCI台灣,4939.0,8134.0,13490.0,5621.0,6855.0,26472.0,8960.0,23723.0,21463.0,8869.0,3130.0,25871.0,21404.0,22112.0,14968.0,16104.0,9886.0,27277.0,9841.0,12106.0,11989.0,8488.0,9409.0,12442.0,12647.0,11949.0,8838.0,6445.0,60270.0,37274.0,8854.33,18.5935,2.2e-05,7807.8,12.6515,1.4e-05,12852.6,3.8428,6e-06,14400.73,2.2865,5e-06,14561.25,1.6959,3e-06,15699.2,1.0487,2e-06
20261002,006204,永豐臺灣加權,43098.0,3213.0,23040.0,33986.0,22313.0,25324.0,22235.0,22669.0,22268.0,2377.0,25073.0,25179.0,24822.0,42169.0,3056.0,42440.0,5415.0,23239.0,2187.0,62513.0,2613.0,4892.0,23086.0,24754.0,24930.0,105137.0,4457.0,4182.0,43471.0,8307.0,23117.0,62.1447,0.000188,25130.0,34.3,0.000121,22052.3,19.5435,5.6e-05,22721.47,12.6453,4e-05,23830.8,9.0425,3e-05,24081.5,5.9656,2e-05
20261002,006205,富邦上証,420604.0,47985.0,561935.0,412878.0,161238.0,51294.0,66117.0,132975.0,159827.0,208345.0,167089.0,74924.0,171176.0,180577.0,467475.0,112919.0,187855.0,183909.0,371144.0,237496.0,137685.0,61051.0,176513.0,95798.0,101276.0,204504.0,295654.0,427520.0,428646.0,169783.0,343508.0,40.8146,0.001832,320928.0,26.2117,0.00118,222319.8,18.9189,0.000544,218962.6,12.806,0.000391,218888.1,9.6077,0.000293,215873.07,6.4946,0.000192
20261002,006206,元大上證50,178451.0,13952.0,35399.0,320640.0,9192.0,6480.0,12286.0,60029.0,16933.0,21341.0,13648.0,27531.0,12061.0,30682.0,53271.0,11429.0,21310.0,22117.0,114751.0,45170.0,8464.0,61606.0,67812.0,7195.0,68431.0,63311.0,10939.0,62049.0,151348.0,36202.0,75934.0,78.336,0.000777,111526.8,32.0015,0.000501,67470.3,26.4488,0.000231,54126.4,21.9795,0.000166,51333.65,17.3815,0.000124,52134.33,11.4097,8.2e-05
20261002,006207,復華滬深,153475.0,106075.0,119439.0,618589.0,148187.0,306022.0,117222.0,142728.0,214166.0,171853.0,111764.0,105315.0,118834.0,303125.0,141440.0,106364.0,284274.0,129375.0,117730.0,122228.0,171202.0,122493.0,206239.0,105705.0,108686.0,140871.0,237803.0,214334.0,192509.0,119330.0,126329.67,40.4959,0.000669,229153.0,13.395,0.000431,209775.6,7.3162,0.000199,191882.27,5.3323,0.000143,181910.25,4.2184,0.000107,175245.9,2.9192,7e-05
20261002,006208,富邦台50,2246225.0,1576398.0,2160643.0,3048438.0,978191.0,1317974.0,2343443.0,2458921.0,3712651.0,1395225.0,2095492.0,1901072.0,1997029.0,2896092.0,1760544.0,1771790.0,2323306.0,3867826.0,1594212.0,1674640.0,2185554.0,3065991.0,2373079.0,2087772.0,1869493.0,1939774.0,1246769.0,1003341.0,2859041.0,2426837.0,1994422.0,37.5418,0.009785,2001979.0,22.44,0.006302,2123810.9,10.5764,0.002906,2125889.2,7.044,0.002086,2156005.6,5.2092,0.001563,2139258.77,3.5,0.001027
20261002,00625K,富邦上証+R,0.0,0.0,0.0,0.0,0.0,0.0,0.0,0.0,0.0,0.0,10000.0,0.0,0.0,10000.0,0.0,0.0,0.0,0.0,0.0,0.0,0.0,0.0,0.0,0.0,0.0,0.0,0.0,0.0,0.0,0.0,0.0,,0.0,0.0,,0.0,0.0,,0.0,1333.33,0.0,0.0,1000.0,0.0,0.0,666.67,0.0,0.0
20261002,00631L,元大台灣50正2,99743650.0,104514650.0,137367770.0,114394888.0,99591291.0,137784001.0,219738712.0,216961504.0,196288375.0,184977599.0,99378742.0,100717095.0,169333509.0,272198255.0,114214871.0,130034284.0,139853861.0,252885652.0,149757483.0,138859967.0,187809624.0,271660582.0,175429487.0,129529441.0,195673969.0,176717583.0,96025881.0,114459743.0,193543865.0,167876262.0,113875356.67,29.1967,0.434498,111122449.8,17.952,0.279842,151136244.0,6.5996,0.129058,151146994.13,4.3994,0.092644,153929807.95,3.2399,0.069406,159577419.87,2.0835,0.045622
20261002,00632R,元大台灣50反1,51289487.0,71656895.0,92757064.0,84288708.0,65314473.0,68319307.0,132363608.0,133548763.0,133872609.0,132100063.0,85375001.0,89060360.0,134596423.0,227442284.0,87493463.0,74528410.0,79737481.0,165834044.0,113182173.0,107552530.0,172149375.0,244679976.0,159663327.0,111539659.0,191897291.0,192975076.0,101334234.0,145234111.0,206165341.0,125082838.0,71901148.67,23.7778,0.223424,73061325.4,14.0401,0.143898,96551097.7,5.3122,0.066363,105965233.87,3.2268,0.047639,106515657.3,2.4076,0.03569,126034479.13,1.3565,0.023459
20261002,00633L,富邦上証正2,1318619.0,720335.0,1816054.0,4533197.0,2531667.0,1048632.0,2294621.0,520632.0,1556349.0,1445305.0,4623770.0,4042976.0,564870.0,2669468.0,1144305.0,1248742.0,1195043.0,1745601.0,1393172.0,1225597.0,2464440.0,1844701.0,1940606.0,917761.0,578301.0,1602479.0,2534543.0,2917400.0,5435851.0,1439562.0,1285002.67,34.2054,0.005744,2183974.4,12.0754,0.0037,1778541.1,7.414,0.001706,2055386.67,4.277,0.001225,1881947.75,3.5033,0.000918,1977153.3,2.2231,0.000603
20261002,00634R,富邦上証反1,218000.0,74000.0,64000.0,363099.0,38598.0,417000.0,470902.0,7000.0,12901.0,98008.0,160208.0,209000.0,74200.0,22030.0,30000.0,143000.0,3000.0,103300.0,25848.0,33700.0,414160.0,43559.0,717000.0,14200.0,179310.0,38010.0,1738920.0,838202.0,2684700.0,451150.0,118666.67,61.236,0.00095,151539.4,28.7714,0.000612,176350.8,12.3617,0.000282,150596.4,9.6505,0.000202,128389.7,8.4898,0.000152,322900.17,2.2504,0.0001
20261002,00635U,期元大S&P黃金,1623418.0,1562005.0,2104417.0,7799076.0,3043168.0,1169796.0,2738395.0,2202061.0,2623875.0,3436419.0,1769460.0,1432851.0,2300637.0,6034471.0,1588978.0,2455795.0,2107589.0,2735885.0,2939587.0,4041771.0,6993874.0,3506208.0,9071624.0,3564275.0,3749388.0,5331065.0,9620402.0,4618793.0,1762689.0,2579306.0,1763280.0,30.6894,0.007072,3226416.8,10.0633,0.004555,2830263.0,5.7359,0.002101,2761935.13,3.9186,0.001508,2785482.7,2.9141,0.00113,3550242.6,1.5242,0.000743
20261002,00636,國泰中國A50,231003.0,194232.0,686564.0,798462.0,407047.0,518800.0,231182.0,82517.0,180147.0,450673.0,1009147.0,164587.0,313402.0,533879.0,261472.0,56688.0,288094.0,213827.0,244769.0,142533.0,184673.0,269665.0,225889.0,656610.0,209247.0,232528.0,285798.0,426902.0,919055.0,141843.0,370599.67,20.7774,0.001006,463461.6,9.9686,0.000648,378062.7,6.1102,0.000299,404207.6,3.81,0.000215,350451.25,3.2958,0.000161,352041.17,2.1873,0.000106
20261002,00636K,國泰中國A50+U,1300.0,100.0,1100.0,300.0,200.0,200.0,700.0,200.0,200.0,200.0,200.0,200.0,200.0,200.0,200.0,200.0,200.0,200.0,200.0,200.0,200.0,200.0,200.0,200.0,200.0,200.0,200.0,200.0,200.0,200.0,833.33,52.0,6e-06,600.0,43.3333,4e-06,450.0,28.8889,2e-06,366.67,23.6364,1e-06,325.0,20.0,1e-06,283.33,15.2941,1e-06
20261002,00637L,元大滬深300正2,20439444.0,3815447.0,11406223.0,32467511.0,24689148.0,15395812.0,22655739.0,11306077.0,15220643.0,11656697.0,33230448.0,22168646.0,11838306.0,23868743.0,13701553.0,11151156.0,10868025.0,10718316.0,16116742.0,11233026.0,23865438.0,13185977.0,20198587.0,8061421.0,15540503.0,21095979.0,21285615.0,12350072.0,25796273.0,8266939.0,11887038.0,57.3158,0.089037,18563554.6,22.021,0.057345,16905274.1,12.0906,0.026446,18257362.47,7.4635,0.018985,16697385.1,6.1206,0.014223,16786483.53,4.0587,0.009349
20261002,00638R,元大滬深300反1,75670.0,25000.0,107000.0,334200.0,49022.0,34000.0,62451.0,20000.0,239500.0,16008.0,120484.0,41000.0,259000.0,151040.0,38000.0,20000.0,0.0,39150.0,45699.0,12000.0,84000.0,42510.0,65000.0,18000.0,138500.0,53500.0,133005.0,44009.0,666389.0,131876.0,69223.33,36.4376,0.00033,118178.4,12.8061,0.000212,96285.1,7.859,9.8e-05,104825.0,4.8125,7e-05,84461.2,4.4796,5.3e-05,102200.43,2.468,3.5e-05
20261002,00639,富邦深100,345756.0,401929.0,473226.0,1196846.0,770678.0,149181.0,357025.0,266615.0,237860.0,577304.0,857477.0,584185.0,444936.0,693292.0,748780.0,346670.0,297059.0,645823.0,769670.0,166174.0,983446.0,243242.0,488992.0,242874.0,164359.0,629389.0,1044461.0,939398.0,1199645.0,855355.0,406970.33,28.3195,0.001506,637687.0,10.8441,0.00097,477642.0,7.2388,0.000447,540339.33,4.2659,0.000321,516524.3,3.3469,0.000241,570721.57,2.0194,0.000158
20261002,00640L,富邦日本正2,29289.0,58977.0,101504.0,83022.0,108551.0,86085.0,71681.0,11082.0,32580.0,65238.0,35747.0,78537.0,113916.0,122155.0,61701.0,169899.0,43431.0,38954.0,73329.0,107866.0,129519.0,72997.0,65237.0,72460.0,23942.0,39238.0,226281.0,37427.0,394793.0,29676.0,63256.67,15.4339,0.000128,76268.6,7.6805,8.2e-05,64800.9,4.5198,3.8e-05,70671.0,2.7629,2.7e-05,74677.2,1.961,2e-05,86170.47,1.133,1.3e-05
20261002,00641R,富邦日本反1,1015200.0,1173243.0,433061.0,637000.0,1391000.0,237065.0,467537.0,385000.0,2810900.0,656885.0,821060.0,364000.0,477900.0,841909.0,625999.0,710000.0,889160.0,4201036.0,323098.0,598190.0,2557200.0,2576248.0,569634.0,1205230.0,1119228.0,1425071.0,766100.0,1062902.0,2749240.0,1337102.0,873834.67,38.7259,0.004422,929900.8,21.8346,0.002848,920689.1,11.0265,0.001314,822517.27,8.2284,0.000943,952962.15,5.3265,0.000706,1147573.27,2.9488,0.000464
20261002,00642U,期元大S&P石油,1510789.0,997563.0,1720291.0,1631307.0,1228665.0,1671783.0,2888209.0,1940220.0,1829340.0,2126601.0,1720394.0,2015240.0,2911969.0,7942773.0,1969776.0,1548518.0,1561596.0,1699550.0,3122901.0,2151161.0,5670720.0,1385375.0,2205469.0,1211671.0,1431877.0,4855877.0,1918229.0,2987628.0,2543867.0,2740944.0,1409547.67,35.7275,0.006581,1417723.0,21.3129,0.004239,1754476.8,8.6111,0.001955,2273661.33,4.4298,0.001403,2209432.3,3.419,0.001051,2371343.43,2.1237,0.000691
20261002,00643,群益深証中小,2430710.0,2194505.0,2293362.0,3751384.0,1751477.0,2131031.0,2927007.0,2265600.0,2242791.0,2257929.0,3411276.0,2365593.0,2200390.0,2266887.0,2392277.0,1485870.0,2255083.0,2747287.0,1701391.0,2253553.0,2264481.0,3049358.0,3245495.0,2528157.0,2717017.0,2447920.0,2630295.0,2539318.0,2677671.0,2828070.0,2306192.33,35.1331,0.010589,2484287.6,19.5687,0.00682,2424579.6,10.0253,0.003145,2458814.6,6.5905,0.002258,2366270.15,5.1362,0.001691,2475106.17,3.2735,0.001112
20261002,00643K,群益深証中小+R,0.0,0.0,0.0,30000.0,0.0,0.0,10000.0,0.0,10000.0,0.0,10000.0,5000.0,25000.0,20000.0,0.0,0.0,0.0,0.0,5000.0,0.0,15000.0,5000.0,25000.0,0.0,5000.0,10000.0,0.0,5000.0,39000.0,0.0,0.0,,0.0,6000.0,0.0,0.0,5000.0,0.0,0.0,7333.33,0.0,0.0,5750.0,0.0,0.0,7300.0,0.0,0.0
20261002,00645,富邦日本,143893.0,168620.0,86931.0,593253.0,170343.0,79967.0,59785.0,288683.0,139717.0,46435.0,120317.0,97901.0,138867.0,83434.0,146584.0,162627.0,192843.0,203553.0,112772.0,155828.0,86463.0,712618.0,69102.0,71730.0,142391.0,68309.0,50150.0,51684.0,189405.0,61060.0,133148.0,36.0233,0.000627,232608.0,12.3721,0.000404,177762.7,8.0947,0.000186,157648.67,6.085,0.000134,159617.65,4.5074,0.0001,156508.83,3.0646,6.6e-05
20261002,00646,元大S&P500,1530242.0,1614704.0,938153.0,3892041.0,1553705.0,2649820.0,5343832.0,1746667.0,2086029.0,1377766.0,2607512.0,1452783.0,1404725.0,1741735.0,1515175.0,2607532.0,3698242.0,4262369.0,6044591.0,4260130.0,4019736.0,2084259.0,2535583.0,4054678.0,2739969.0,3053784.0,1780817.0,2331919.0,2725872.0,3936241.0,1361033.0,37.4775,0.006666,1905769.0,16.0591,0.004293,2273295.9,6.7314,0.00198,2096992.6,4.8649,0.001421,2616387.65,2.9243,0.001065,2719687.03,1.8755,0.0007
20261002,00647L,元大S&P500正2,20236.0,22360.0,14167.0,26327.0,3597.0,15054.0,97298.0,53742.0,27030.0,40548.0,38054.0,11034.0,16758.0,41884.0,79763.0,45938.0,21378.0,76792.0,125162.0,187943.0,77756.0,21131.0,21641.0,23407.0,9398.0,17097.0,34994.0,54693.0,24120.0,68469.0,18921.0,35.65,8.8e-05,17337.4,23.3438,5.7e-05,32035.9,6.3167,2.6e-05,33856.8,3.9846,1.9e-05,48253.25,2.0969,1.4e-05,43925.7,1.5356,9e-06
20261002,00648R,元大S&P500反1,427001.0,506000.0,303383.0,111010.0,237371.0,148900.0,424420.0,511702.0,617491.0,355008.0,665000.0,174040.0,1334500.0,604430.0,407709.0,84000.0,1044150.0,295990.0,1106836.0,213090.0,349687.0,251090.0,197080.0,1579120.0,1149587.0,857391.0,914200.0,1387290.0,2075123.0,1796008.0,412128.0,34.5363,0.00186,316953.0,26.9441,0.001198,364228.6,11.7234,0.000552,455197.67,6.2537,0.000397,478601.55,4.4609,0.000297,670953.57,2.1214,0.000195
20261002,00650L,復華香港正2,5414469.0,148571.0,1413810.0,1390932.0,972065.0,2582143.0,2198456.0,1254948.0,1424128.0,4298550.0,1194193.0,764888.0,696386.0,2308776.0,2448156.0,1154454.0,2321890.0,2069560.0,4244947.0,2191142.0,1729955.0,1621943.0,2202133.0,1590655.0,1150669.0,1142262.0,1744417.0,1414625.0,1542580.0,1116188.0,2325616.67,77.6062,0.023586,1867969.4,57.9717,0.015191,2109807.2,25.6633,0.007006,1900698.07,18.9912,0.005029,2024623.2,13.3715,0.003768,1858263.03,9.7124,0.002477
20261002,00651R,復華香港反1,288979.0,189998.0,130148.0,240248.0,221498.0,16998.0,84599.0,51998.0,421598.0,376006.0,181148.0,52048.0,62798.0,284098.0,204098.0,54998.0,37986.0,213744.0,224810.0,109888.0,45489.0,131298.0,45879.0,104799.0,183529.0,372199.0,342825.0,398155.0,280504.0,145799.0,203041.67,47.4417,0.001259,214174.2,26.9854,0.000811,202207.0,14.2912,0.000374,187084.0,10.2977,0.000268,172384.3,8.3818,0.000201,183272.07,5.2559,0.000132
20261002,00652,富邦印度,63390.0,139748.0,312760.0,340570.0,176412.0,125404.0,144200.0,138097.0,173003.0,52369.0,323539.0,116489.0,117994.0,252392.0,101190.0,591962.0,367222.0,157034.0,69546.0,416599.0,367734.0,198964.0,82562.0,121176.0,241297.0,109339.0,145438.0,82210.0,177384.0,91102.0,171966.0,12.2873,0.000276,206576.0,6.1372,0.000178,166595.3,3.805,8.2e-05,171837.13,2.4593,5.9e-05,208996.0,1.5165,4.4e-05,193237.53,1.0935,2.9e-05
20261002,00653L,富邦印度正2,228886.0,699169.0,396035.0,1040002.0,83129.0,104280.0,95207.0,27718.0,56156.0,64230.0,188382.0,612928.0,166886.0,220767.0,147927.0,153369.0,343492.0,240131.0,30787.0,244468.0,133339.0,99825.0,67621.0,46056.0,95984.0,136231.0,58470.0,45474.0,55661.0,27637.0,441363.33,17.2863,0.000997,489444.2,9.3529,0.000642,279481.2,8.1897,0.000296,275446.8,5.5398,0.000213,257197.45,4.4496,0.000159,197008.23,3.8727,0.000105
20261002,00654R,富邦印度反1,3000.0,8000.0,30087.0,112216.0,134162.0,8000.0,123140.0,13000.0,23150.0,23000.0,209074.0,21344.0,20892.0,82000.0,32000.0,42000.0,57350.0,9000.0,92000.0,26010.0,24014.0,27006.0,1199.0,63003.0,6000.0,47166.0,7000.0,7010.0,1000.0,12000.0,13695.67,7.3016,1.3e-05,57493.0,1.0436,8e-06,47775.5,0.6279,4e-06,56204.33,0.3558,3e-06,53471.25,0.2805,2e-06,42160.77,0.2372,1e-06
20261002,00655L,國泰中國A50正2,1071745.0,201166.0,409781.0,2236795.0,684407.0,471903.0,685532.0,504270.0,364660.0,183119.0,1156637.0,787415.0,272802.0,1367383.0,761650.0,623726.0,713610.0,670822.0,483744.0,651705.0,1670576.0,746107.0,1010637.0,392648.0,339395.0,806910.0,1581766.0,691284.0,1500118.0,1126126.0,560897.33,63.6923,0.004669,920778.8,23.2791,0.003007,681337.8,15.73,0.001387,743951.0,9.6041,0.000995,715143.6,7.4932,0.000746,805614.63,4.4345,0.00049
20261002,00656R,國泰中國A50反1,257200.0,211000.0,8100.0,56736.0,15014.0,234000.0,6508.0,500.0,13980.0,152000.0,16050.0,2200.0,5000.0,132040.0,219060.0,10000.0,636.0,36150.0,12824.0,2017.0,311397.0,23539.0,758065.0,1149516.0,544002.0,2252540.0,1159000.0,129004.0,657210.0,263500.0,158766.67,53.9996,0.00112,109610.0,46.93,0.000722,95503.8,26.9309,0.000333,88625.87,19.3472,0.000239,69550.75,18.4901,0.000179,287959.6,2.9773,0.000118
20261002,00657,國泰日經225,231481.0,370367.0,60051.0,455707.0,4173.0,22300.0,10051.0,171343.0,166362.0,54964.0,161226.0,86560.0,226492.0,92106.0,15157.0,398941.0,174561.0,70736.0,24787.0,270684.0,79715.0,12624.0,22214.0,36853.0,19252.0,135962.0,5148.0,233883.0,26623.0,14143.0,220633.0,34.9723,0.001008,224355.8,20.6352,0.000649,154679.9,14.9652,0.0003,141889.33,10.8761,0.000215,153402.45,7.5449,0.000161,121815.53,6.3342,0.000106
20261002,00657K,國泰日經225+U,200.0,500.0,200.0,200.0,200.0,200.0,200.0,200.0,200.0,200.0,200.0,200.0,200.0,200.0,200.0,200.0,200.0,200.0,200.0,200.0,200.0,200.0,200.0,200.0,200.0,200.0,200.0,200.0,200.0,200.0,300.0,22.2222,1e-06,260.0,15.3846,1e-06,230.0,8.6957,0.0,220.0,6.0606,0.0,215.0,4.6512,0.0,210.0,3.1746,0.0
20261002,00660,元大歐洲50,27988.0,27795.0,16383.0,6198.0,2664.0,7912.0,5543.0,16912.0,31855.0,5154.0,4628.0,6402.0,6574.0,8199.0,7010.0,6434.0,15603.0,9645.0,4134.0,4183.0,129851.0,7466.0,5103.0,8015.0,7915.0,18091.0,9142.0,4425.0,60759.0,22855.0,24055.33,38.7828,0.000122,16205.6,34.5411,7.9e-05,14840.4,18.8593,3.6e-05,12081.13,15.4445,2.6e-05,11060.8,12.6519,1.9e-05,16494.6,5.656,1.3e-05
20261002,00661,元大日經225,20547.0,128086.0,135622.0,429420.0,43371.0,43701.0,894092.0,51437.0,111039.0,45725.0,197335.0,285739.0,38476.0,92594.0,59709.0,56873.0,39728.0,77906.0,37681.0,83553.0,72775.0,25981.0,34302.0,35494.0,41893.0,96417.0,27522.0,47183.0,386701.0,49839.0,94751.67,7.2284,9e-05,151409.2,2.7141,5.8e-05,190304.0,1.0797,2.7e-05,171792.87,0.7974,1.9e-05,143631.7,0.7153,1.4e-05,123024.7,0.5567,9e-06
20261002,00662,富邦NASDAQ,3563648.0,2162883.0,2286303.0,4070950.0,2728646.0,2853221.0,3749271.0,3990493.0,3871078.0,1645919.0,3923579.0,1962635.0,2213112.0,3327392.0,2042355.0,2366140.0,2251635.0,3854601.0,1734089.0,2204367.0,5221847.0,2807215.0,3419314.0,2155189.0,1775654.0,3535980.0,2362767.0,1908091.0,4333981.0,5947382.0,2670944.67,44.4743,0.015524,2962486.0,24.0585,0.009998,3092241.2,11.5245,0.004611,2959432.33,8.0278,0.00331,2840115.85,6.2738,0.00248,3008991.23,3.9478,0.00163
20261002,00663L,國泰臺灣加權正2,2700782.0,2626393.0,5011119.0,4069264.0,3712466.0,3902497.0,8836458.0,6207912.0,5615308.0,5569808.0,4468342.0,3572643.0,5389499.0,8321794.0,4084378.0,4093663.0,3583578.0,9330917.0,4246769.0,4928840.0,5858534.0,8564714.0,5770055.0,5250524.0,7242271.0,6423058.0,3135773.0,4518364.0,6306229.0,6046604.0,3446098.0,26.1241,0.011765,3624004.8,14.905,0.007577,4825200.7,5.5972,0.003495,4939244.2,3.6453,0.002509,5013621.5,2.6934,0.001879,5312951.87,1.6945,0.001235
20261002,00664R,國泰臺灣加權反1,15562673.0,6713184.0,15354569.0,9789294.0,13079030.0,15410235.0,19612897.0,18018541.0,25902818.0,25789693.0,12020493.0,13601652.0,22660745.0,22347335.0,10610038.0,15465547.0,17726157.0,22575176.0,10522218.0,21910392.0,16210924.0,35655730.0,13668894.0,20320571.0,21739086.0,31110382.0,20897888.0,39748093.0,52471833.0,40362501.0,12543475.33,41.3566,0.067793,12099750.0,25.724,0.043663,16523293.4,9.4186,0.020136,16431546.47,6.3141,0.014455,16733634.35,4.6501,0.010829,20895286.3,2.4826,0.007118
20261002,00665L,富邦恒生國企正2,19841907.0,1183948.0,8112958.0,10216958.0,3939686.0,5332542.0,14742327.0,8942394.0,7332451.0,13200442.0,6054214.0,3905447.0,7873620.0,9441573.0,12291479.0,8791902.0,6404741.0,11692532.0,14509570.0,11916207.0,7648210.0,6985588.0,10958443.0,12325218.0,7522119.0,10357792.0,11691027.0,5637087.0,13182603.0,9938848.0,9712937.67,68.0944,0.086434,8659091.4,45.8291,0.055669,9284561.3,21.3709,0.025673,8827463.07,14.985,0.01843,9286344.9,10.6834,0.013807,9399127.77,7.0368,0.009075
20261002,00666R,富邦恒生國企反1,343000.0,0.0,2000.0,20000.0,31142.0,101002.0,108330.0,281320.0,16110.0,428370.0,155000.0,55000.0,34000.0,391427.0,169450.0,64330.0,6020.0,37650.0,542150.0,8550.0,18320.0,26730.0,551020.0,1602.0,1421130.0,53432.0,63245.0,13252.0,60283.0,26000.0,115000.0,99.4203,0.001494,79228.4,86.5851,0.000962,133127.4,25.7648,0.000444,142410.07,16.0569,0.000319,139742.55,12.2726,0.000239,167662.17,6.8193,0.000157
20261002,00668,國泰美國道瓊,45329.0,102048.0,122679.0,26017.0,25001.0,300035.0,32078.0,78242.0,388875.0,13004.0,278923.0,13081.0,23583.0,14789.0,7080.0,414045.0,109382.0,24654.0,41042.0,167861.0,19542.0,8937.0,30180.0,8007.0,105773.0,10046.0,111337.0,32061.0,264489.0,384241.0,90018.67,16.785,0.000197,64214.8,14.1179,0.000127,113330.8,3.9997,5.9e-05,98050.93,3.082,4.2e-05,111387.4,2.0347,3.2e-05,106745.37,1.4155,2.1e-05
20261002,00668K,國泰美國道瓊+U,200.0,500.0,200.0,200.0,200.0,200.0,200.0,200.0,200.0,200.0,200.0,200.0,200.0,200.0,200.0,200.0,200.0,200.0,200.0,200.0,200.0,200.0,200.0,200.0,200.0,200.0,200.0,200.0,200.0,200.0,300.0,22.2222,1e-06,260.0,15.3846,1e-06,230.0,8.6957,0.0,220.0,6.0606,0.0,215.0,4.6512,0.0,210.0,3.1746,0.0
20261002,00669R,國泰美國道瓊反1,362120.0,1362288.0,852000.0,105000.0,620500.0,260001.0,733614.0,469743.0,1351000.0,1310357.0,273046.0,588005.0,615949.0,710660.0,679687.0,455000.0,571100.0,638250.0,482266.0,129800.0,671425.0,620916.0,498840.0,346011.0,226971.0,359615.0,356740.0,763790.0,571000.0,1289520.0,858802.67,14.0552,0.001577,660381.6,10.967,0.001016,742662.3,4.876,0.000469,686264.67,3.5178,0.000336,628519.3,2.8807,0.000252,609173.8,1.9815,0.000166
20261002,00670L,富邦NASDAQ正2,618472.0,608131.0,376194.0,458779.0,822113.0,827955.0,1171314.0,437034.0,444844.0,385997.0,305884.0,467003.0,413357.0,748799.0,318638.0,396740.0,470449.0,606513.0,562287.0,1197245.0,713198.0,530686.0,543540.0,522674.0,496850.0,514241.0,321293.0,644535.0,774084.0,797592.0,534265.67,38.587,0.002694,576737.8,21.4473,0.001735,615083.3,10.0551,0.0008,560300.93,7.3588,0.000574,581887.4,5.3144,0.00043,583214.7,3.5348,0.000283
20261002,00671R,富邦NASDAQ反1,808652.0,1197333.0,536671.0,11458435.0,1951410.0,2515719.0,9683534.0,12859894.0,10421998.0,2318269.0,2484317.0,2333110.0,2695196.0,3476172.0,4626600.0,3127429.0,1186514.0,1618616.0,5432213.0,4084279.0,7033331.0,1298847.0,3005578.0,14083312.0,2713364.0,3734131.0,1512745.0,1870501.0,4449162.0,3679143.0,847552.0,31.8034,0.003523,3190500.2,5.0691,0.002269,5375191.5,1.5044,0.001046,4624487.33,1.1658,0.000751,4240818.05,0.9534,0.000563,4273215.83,0.6308,0.00037
20261002,00673R,期元大S&P原油反1,35952293.0,16461067.0,34957965.0,29178000.0,24270775.0,46335311.0,39644652.0,28340316.0,25136743.0,37172883.0,49178945.0,24682706.0,53916463.0,122989010.0,47449040.0,31172327.0,46226798.0,42060884.0,67217771.0,33798336.0,73457881.0,39137324.0,26946537.0,13129616.0,9211349.0,30799307.0,13917650.0,34195374.0,10172802.0,22450481.0,29123775.0,41.1488,0.156613,28164020.0,25.5307,0.100868,31745000.5,11.3253,0.046518,41044411.27,5.8396,0.033393,41807114.25,4.2998,0.025017,36985353.53,3.2402,0.016444
20261002,00674R,期元大S&P黃金反1,36411.0,43273.0,122336.0,172607.0,103290.0,176492.0,35113.0,17397.0,193358.0,227012.0,81956.0,152773.0,118169.0,439584.0,226339.0,142786.0,91695.0,128736.0,103167.0,234712.0,418844.0,53758.0,386800.0,165353.0,249436.0,198988.0,422994.0,376359.0,264277.0,196029.0,67340.0,18.0235,0.000159,95583.4,7.6187,0.000102,112728.9,3.23,4.7e-05,143074.0,1.6966,3.4e-05,142360.3,1.2788,2.5e-05,186001.47,0.6525,1.7e-05
20261002,00675L,富邦臺灣加權正2,481570.0,485185.0,1056287.0,617583.0,538580.0,839828.0,1390576.0,1112304.0,1365469.0,984159.0,580600.0,468288.0,975100.0,1954488.0,865656.0,700204.0,798337.0,1753112.0,1196569.0,1103328.0,1222861.0,1542524.0,1089579.0,685232.0,1007256.0,1146028.0,497302.0,1059775.0,1195778.0,1597445.0,674347.33,23.8043,0.002098,635841.0,15.1475,0.001351,887154.1,5.4283,0.000623,914378.2,3.5111,0.000447,963361.15,2.4994,0.000335,1010366.77,1.5888,0.00022
20261002,00676R,富邦臺灣加權反1,4754742.0,4795819.0,5208493.0,2762867.0,3366523.0,2801737.0,7081230.0,3619182.0,13904692.0,6850110.0,5724773.0,3218655.0,6489164.0,7788840.0,5834017.0,3124504.0,2355195.0,11684841.0,7649150.0,4926599.0,5633241.0,11061342.0,4730042.0,3941808.0,9866728.0,8799913.0,3584563.0,6793559.0,11861631.0,7825782.0,4919684.67,32.2158,0.020712,4177688.8,22.7625,0.01334,5514539.5,8.6222,0.006152,5613389.6,5.6469,0.004416,5697056.65,4.173,0.003309,6267991.4,2.5286,0.002175
20261002,00678,群益那斯達克生技,408861.0,442685.0,256497.0,276507.0,348598.0,330393.0,303349.0,418025.0,458569.0,426550.0,547656.0,496151.0,477468.0,172079.0,442537.0,278192.0,690815.0,243236.0,438840.0,253132.0,470280.0,550311.0,565337.0,325582.0,424999.0,528809.0,913141.0,446574.0,439412.0,421940.0,369347.67,36.8994,0.001781,346629.6,23.5907,0.001147,367003.4,11.1405,0.000529,387061.67,7.0421,0.00038,385507.0,5.3029,0.000285,426550.83,3.1951,0.000187
20261002,00680L,元大美債20正2,9794343.0,28045497.0,12311796.0,35781090.0,21653843.0,6080933.0,5699477.0,5573007.0,9714444.0,13433974.0,11014172.0,14139896.0,11626933.0,37170010.0,7598420.0,4504399.0,6318668.0,3248371.0,9368617.0,15797345.0,5273064.0,11373096.0,5487858.0,4020271.0,6408417.0,9366135.0,4761214.0,7808140.0,10666444.0,15526327.0,16717212.0,19.5295,0.042666,21517313.8,9.1037,0.027479,14808840.4,6.6138,0.012673,15309189.0,4.2651,0.009097,13443761.75,3.6427,0.006815,11652206.7,2.8019,0.00448
20261002,00681R,元大美債20反1,550000.0,876100.0,162308.0,650090.0,78740.0,5140.0,6000.0,5000.0,3140.0,12000.0,2135.0,16000.0,155000.0,205406.0,6000.0,5000.0,60140.0,64000.0,195000.0,2410.0,9000.0,3000.0,1016.0,2001.0,1000.0,602140.0,1000.0,1101.0,1001.0,12052.0,529469.33,34.6259,0.002396,463447.6,23.7352,0.001543,234851.8,23.419,0.000712,182203.93,20.124,0.000511,152980.45,17.9762,0.000383,123097.33,14.8934,0.000252
20261002,00682U,期元大美元指數,3138.0,43000.0,2000.0,22000.0,2001.0,999.0,6000.0,1291.0,0.0,4065.0,150.0,0.0,0.0,7002.0,1332.0,1352.0,750.0,7.0,2152.0,0.0,2902.0,9300.0,0.0,3000.0,1000.0,0.0,1190.0,2.0,2012.0,7003.0,16046.0,6.5188,1.4e-05,14427.8,4.3499,9e-06,8449.4,3.7139,4e-06,6198.53,3.375,3e-06,4861.95,3.2271,2e-06,4121.6,2.5378,1e-06
20261002,00683L,期元大美元指正2,17600.0,93002.0,38000.0,153905.0,23260.0,57000.0,135642.0,52000.0,22447.0,241026.0,15035.0,132254.0,183350.0,144205.0,30065.0,13508.0,88190.0,48189.0,11171.0,63192.0,63800.0,20049.0,56126.0,175.0,7000.0,2010.0,7000.0,3000.0,50000.0,21.0,49534.0,11.8437,7.7e-05,65153.4,5.4026,4.9e-05,83388.2,2.1106,2.3e-05,89252.73,1.3146,1.6e-05,78152.05,1.126,1.2e-05,59074.07,0.9931,8e-06
20261002,00684R,期元大美元指反1,10200.0,50000.0,0.0,17330.0,1000.0,51000.0,60991.0,1000.0,2200.0,117000.0,0.0,122000.0,118000.0,117000.0,0.0,0.0,51000.0,22.0,21.0,52022.0,10020.0,2200.0,5199.0,0.0,0.0,0.0,5000.0,2000.0,4005.0,1.0,20066.67,16.9435,4.4e-05,15706.0,12.9887,2.9e-05,31072.1,3.2827,1.3e-05,44514.73,1.5276,9e-06,38539.3,1.3233,7e-06,26640.37,1.2763,5e-06
20261002,00685L,群益臺灣加權正2,133566588.0,123358626.0,176435813.0,171560342.0,136663568.0,154231115.0,277228713.0,247810120.0,266450607.0,248983442.0,110449849.0,142156318.0,214692879.0,395907712.0,170390966.0,154934988.0,159664310.0,301014748.0,211518705.0,179920274.0,263568299.0,350087875.0,224529778.0,166817365.0,252976774.0,227436835.0,119090439.0,159563674.0,242585558.0,215840691.0,144453675.67,30.8211,0.581835,148316987.4,18.011,0.374736,193628893.4,6.8981,0.172821,197992443.87,4.4974,0.124059,198846984.15,3.3585,0.092942,206647899.03,2.1545,0.061092
20261002,00686R,群益臺灣加權反1,3179587.0,3238185.0,9519336.0,4432666.0,4285600.0,2952244.0,6838188.0,4666502.0,18804515.0,4647608.0,9194868.0,2118372.0,10738399.0,7218733.0,4506934.0,2953934.0,7352221.0,8851938.0,6266737.0,3510484.0,3618280.0,17551474.0,8567222.0,7459384.0,8588955.0,11219309.0,5135695.0,3695890.0,11850505.0,24269993.0,5312369.33,19.9508,0.013851,4931074.8,12.8961,0.008921,6256443.1,5.0821,0.004114,6422782.47,3.3003,0.002953,6263852.55,2.538,0.002213,7574458.6,1.3993,0.001454
20261002,00688L,國泰20年美債正2,3487997.0,8413394.0,5272275.0,19581016.0,9604028.0,1627574.0,2424109.0,1790371.0,4138440.0,2497240.0,1932119.0,4315652.0,4600619.0,9482352.0,2478198.0,1168413.0,2737780.0,2833699.0,3196509.0,3909050.0,4094583.0,2753961.0,2416625.0,1630719.0,2041003.0,5987749.0,1594987.0,2426206.0,5174773.0,7605554.0,5724555.33,20.3101,0.015194,9271742.0,7.5239,0.009786,5883644.4,5.9283,0.004513,5443025.6,4.2721,0.00324,4774541.75,3.6527,0.002427,4373899.83,2.6582,0.001595
20261002,00689R,國泰20年美債反1,104000.0,119000.0,100000.0,103300.0,110000.0,113130.0,102000.0,100000.0,1131.0,3000.0,122000.0,109815.0,457100.0,164190.0,7000.0,2000.0,101132.0,303000.0,205131.0,2130.0,6000.0,2020.0,106018.0,101000.0,101065.0,115185.0,22030.0,1.0,5725.0,5024.0,107666.67,32.1981,0.000453,107260.0,19.3921,0.000292,85556.1,12.1558,0.000135,114377.73,6.0618,9.7e-05,116452.95,4.4653,7.2e-05,93104.23,3.7234,4.8e-05
20261002,00690,兆豐藍籌30,181707.0,138457.0,164001.0,543555.0,252492.0,163948.0,523147.0,542239.0,677017.0,232100.0,279755.0,410759.0,255112.0,408172.0,242763.0,169764.0,329961.0,419787.0,294434.0,205960.0,394903.0,1031890.0,278985.0,359536.0,224668.0,162977.0,116637.0,150145.0,360029.0,450149.0,161388.33,37.53,0.000792,256042.4,14.1935,0.00051,341866.3,5.3151,0.000235,334348.27,3.6231,0.000169,321756.5,2.8237,0.000126,332168.3,1.8234,8.3e-05
20261002,00692,富邦公司治理,296851.0,517017.0,1481681.0,749212.0,595942.0,898942.0,732561.0,607152.0,1110897.0,459161.0,1079545.0,589641.0,536240.0,414809.0,276314.0,512444.0,809042.0,1024879.0,523566.0,1050125.0,206361.0,927577.0,508064.0,435350.0,358684.0,876048.0,339173.0,316031.0,923788.0,257147.0,765183.0,12.9316,0.001293,728140.6,8.1537,0.000833,744941.6,3.9849,0.000384,689731.0,2.8692,0.000276,713301.05,2.0808,0.000207,647141.47,1.529,0.000136
20261002,00693U,期街口S&P黃豆,1421951.0,950564.0,698891.0,2135567.0,413826.0,626576.0,926146.0,1163377.0,1133893.0,999148.0,889403.0,987602.0,1794858.0,765636.0,619917.0,474277.0,925242.0,966626.0,1746893.0,1171191.0,1905842.0,3288600.0,1616741.0,1328849.0,2691946.0,950358.0,1225222.0,1305960.0,671927.0,729415.0,1023802.0,46.2964,0.006194,1124159.8,25.298,0.003989,1046993.9,13.5813,0.00184,1035157.0,9.1577,0.001321,1040579.2,6.8325,0.000989,1217548.13,3.8929,0.00065
20261002,00700,富邦恒生國企,95619.0,52388.0,49910.0,136868.0,121924.0,216466.0,119069.0,77016.0,137887.0,162805.0,38697.0,68095.0,117718.0,111817.0,583468.0,183512.0,263353.0,112524.0,181391.0,112696.0,182199.0,76076.0,199966.0,181723.0,86647.0,80670.0,167535.0,268594.0,59699.0,83205.0,65972.33,48.3127,0.000417,91341.8,20.9365,0.000268,116995.2,8.1729,0.000124,139316.47,4.5756,8.9e-05,147161.15,3.2488,6.7e-05,144317.9,2.2085,4.4e-05
20261002,00701,國泰股利精選30,216184.0,226073.0,279284.0,334023.0,329246.0,331494.0,433389.0,555710.0,684191.0,853262.0,465429.0,1628574.0,480985.0,751117.0,540493.0,721059.0,1320271.0,1019242.0,777460.0,679777.0,526729.0,1988815.0,1203226.0,644359.0,273585.0,549526.0,345854.0,540016.0,309302.0,646713.0,240513.67,29.9614,0.000942,276962.0,15.6111,0.000607,424285.6,5.0952,0.00028,540630.27,2.6658,0.000201,631363.15,1.712,0.00015,655179.6,1.0999,9.9e-05
20261002,00702,國泰標普低波高息,9402.0,383558.0,115907.0,108872.0,111943.0,217466.0,143045.0,120231.0,135855.0,6026.0,61010.0,109822.0,103248.0,105746.0,14357.0,116820.0,12606.0,108089.0,102193.0,113013.0,116024.0,116075.0,110944.0,46067.0,106017.0,104849.0,108859.0,114622.0,26943.0,23239.0,169622.33,1.8476,4.1e-05,145936.4,1.2885,2.6e-05,135230.5,0.6953,1.2e-05,116432.53,0.5383,9e-06,109960.45,0.4275,7e-06,102428.27,0.306,4e-06
20261002,00703,台新MSCI中國,25235.0,7168.0,13484.0,24103.0,30556.0,37928.0,107856.0,17185.0,5173.0,6585.0,50579.0,43985.0,19392.0,11611.0,7118.0,29065.0,78805.0,36936.0,37006.0,39255.0,39113.0,9307.0,12255.0,67256.0,49762.0,49614.0,33535.0,18128.0,47000.0,12432.0,15295.67,54.9938,0.00011,20109.2,25.098,7.1e-05,27527.3,9.1673,3.3e-05,27197.2,6.1857,2.3e-05,31451.25,4.0118,1.8e-05,32247.57,2.6085,1.2e-05
20261002,00706L,期元大S&P日圓正2,671500.0,441117.0,762730.0,1066142.0,395559.0,1003170.0,582771.0,734265.0,2184691.0,556370.0,420631.0,624401.0,1820828.0,1233107.0,1008788.0,995432.0,3827515.0,1329942.0,4018432.0,2829449.0,565205.0,421952.0,751537.0,720578.0,329346.0,254056.0,512997.0,265654.0,191648.0,436239.0,625115.67,35.8067,0.002925,667409.6,20.1226,0.001884,839831.5,7.9957,0.000869,900404.67,4.9718,0.000624,1325342.0,2.5333,0.000467,1031868.4,2.1692,0.000307
20261002,00707R,期元大S&P日圓反1,0.0,0.0,0.0,0.0,2000.0,0.0,1020.0,0.0,52000.0,0.0,1000.0,2000.0,18000.0,38010.0,20.0,4000.0,90.0,0.0,1000.0,0.0,0.0,0.0,0.0,0.0,0.0,0.0,0.0,0.0,0.0,0.0,0.0,,0.0,400.0,0.0,0.0,5502.0,0.0,0.0,7603.33,0.0,0.0,5957.0,0.0,0.0,3971.33,0.0,0.0
20261002,00708L,期元大S&P黃金正2,3096080.0,2482848.0,4659810.0,12042832.0,5375874.0,1778546.0,3942947.0,2910529.0,4694785.0,5087519.0,3202634.0,3535918.0,3376748.0,8001855.0,2717278.0,3400573.0,3246356.0,4421636.0,4938548.0,6396113.0,10461068.0,4832755.0,13361568.0,5163303.0,4913309.0,4928407.0,9606763.0,5353106.0,3527551.0,3785578.0,3412912.67,30.2389,0.013487,5531488.8,11.1944,0.008686,4607177.0,6.7201,0.004006,4460413.53,4.6275,0.002876,4465471.45,3.4667,0.002154,5174761.23,1.9943,0.001416
20261002,00709,富邦歐洲,43671.0,19713.0,24563.0,26111.0,9938.0,86210.0,31790.0,24966.0,52706.0,18494.0,18755.0,15728.0,19013.0,17055.0,13985.0,16030.0,12284.0,19215.0,5222.0,32340.0,89638.0,55504.0,66720.0,42609.0,83380.0,14154.0,127276.0,188060.0,378961.0,22309.0,29315.67,49.656,0.00019,24799.2,35.2197,0.000123,33816.2,12.9142,5.7e-05,28179.87,10.3315,4.1e-05,25389.45,8.6002,3e-05,52546.67,2.7703,2e-05
20261002,00710B,復華彭博非投等債,278815.0,269072.0,327078.0,214408.0,273800.0,96062.0,242472.0,240302.0,281821.0,169956.0,333849.0,257198.0,197309.0,216912.0,169007.0,158434.0,214060.0,207989.0,180258.0,208364.0,282763.0,304520.0,223222.0,254941.0,223790.0,175345.0,163403.0,160786.0,527361.0,337700.0,291655.0,31.8658,0.001215,272634.6,20.4534,0.000782,239378.6,11.6474,0.000361,237870.73,7.8142,0.000259,226858.3,6.1451,0.000194,239699.9,3.8773,0.000128
20261002,00711B,復華彭博新興債,413939.0,234063.0,183419.0,140867.0,122020.0,118110.0,114778.0,125656.0,130074.0,110095.0,109782.0,127812.0,105364.0,104115.0,103096.0,103600.0,103439.0,108551.0,114792.0,109129.0,106673.0,107977.0,108384.0,106589.0,102960.0,134762.0,104586.0,102988.0,104442.0,105674.0,277140.33,49.7869,0.001803,218861.6,37.8266,0.001161,169302.1,24.4497,0.000536,149546.0,18.4531,0.000384,139135.05,14.8754,0.000288,128924.53,10.7024,0.000189
20261002,00712,復華富時不動產,77903826.0,118917492.0,72962505.0,140675204.0,98378353.0,35385350.0,60582091.0,122713510.0,112088993.0,139079235.0,153401470.0,59203742.0,75779311.0,134477619.0,71632691.0,70577710.0,34526997.0,21627649.0,20471502.0,38907745.0,74446623.0,52597462.0,30865330.0,34686711.0,64204248.0,20739884.0,14467927.0,9096950.0,8478286.0,11324195.0,89927941.0,28.8764,0.33936,101767476.0,15.3102,0.218568,97868655.9,7.96,0.100799,98212092.8,5.2881,0.072359,82964649.75,4.695,0.054209,66006687.03,3.9341,0.035632
20261002,00713,元大台灣高息低波,2450041.0,3399132.0,8779001.0,9362562.0,4273408.0,5283386.0,5409079.0,7049546.0,7560837.0,4431446.0,3346015.0,2437498.0,4473487.0,5922546.0,4051568.0,3338042.0,7443679.0,5686034.0,4445604.0,4101987.0,5163364.0,4518106.0,3030069.0,2253218.0,4412512.0,5793258.0,6304054.0,4071259.0,7184419.0,2414887.0,4876058.0,16.7488,0.010673,5652828.8,8.6684,0.006874,5799843.8,4.2243,0.00317,5215303.47,3.1319,0.002276,5162244.9,2.373,0.001705,4946334.8,1.6511,0.001121
20261002,00714,群益道瓊美國地產,114982.0,211167.0,842940.0,107097.0,209028.0,159581.0,660037.0,119010.0,115460.0,147691.0,205185.0,135691.0,1747879.0,185413.0,487034.0,149443.0,116972.0,20444.0,147290.0,136359.0,146116.0,112465.0,109004.0,82879.0,470839.0,102761.0,112680.0,107136.0,110690.0,126225.0,389696.33,9.8352,0.000501,297042.8,7.7418,0.000323,268699.3,4.2792,0.000149,363213.0,2.1105,0.000107,300935.15,1.9104,8e-05,249983.27,1.5332,5.3e-05
20261002,00715L,期街口布蘭特正2,7564313.0,2662123.0,3198688.0,4362758.0,3561250.0,5562559.0,3972579.0,4892461.0,3898670.0,3343600.0,3760624.0,3840419.0,8910708.0,14497230.0,5464797.0,4381413.0,3248014.0,5185442.0,4524464.0,4035325.0,13411775.0,3361263.0,6071768.0,4227141.0,5092711.0,11022201.0,7837148.0,8085242.0,5819550.0,6786626.0,4475041.33,56.3445,0.032951,4269826.4,35.4315,0.021223,4301900.1,17.5837,0.009787,5299518.6,9.5157,0.007026,5043371.85,7.4993,0.005264,5752762.07,4.383,0.00346
20261002,00717,富邦美國特別股,1137728.0,144508.0,215000.0,62988.0,88204.0,9044.0,129464.0,549922.0,193455.0,193181.0,238875.0,439152.0,162975.0,77477.0,315610.0,53969.0,26446.0,48901.0,166564.0,158437.0,33133.0,48461.0,28152.0,40770.0,213579.0,41521.0,80791.0,19505.0,79264.0,40455.0,499078.67,75.9886,0.004956,329685.6,69.019,0.003192,272349.4,41.7746,0.001472,263838.87,28.7481,0.001057,220595.0,25.7877,0.000792,167917.7,22.585,0.00052
20261002,00728,第一金工業30,72267.0,69415.0,102052.0,84625.0,81421.0,88343.0,130691.0,139724.0,404915.0,166929.0,54891.0,97221.0,189076.0,96885.0,87662.0,147256.0,401451.0,147809.0,232388.0,210289.0,166918.0,676678.0,1245558.0,793122.0,1177224.0,250247.0,104594.0,80484.0,161865.0,262652.0,81244.67,29.6499,0.000315,81956.0,17.6356,0.000203,134038.2,5.3915,9.4e-05,124407.8,3.8726,6.7e-05,150265.5,2.4046,5e-05,264155.07,0.9119,3.3e-05
20261002,00730,富邦臺灣優質高息,80051.0,105151.0,291212.0,105083.0,295382.0,264082.0,210274.0,86618.0,209115.0,127659.0,91242.0,183731.0,57314.0,136081.0,60543.0,131620.0,124462.0,141610.0,76271.0,169977.0,45262.0,103172.0,141428.0,51223.0,42101.0,136680.0,57301.0,23335.0,62657.0,125570.0,158804.67,16.8028,0.000349,175375.8,9.1291,0.000225,177462.7,4.5109,0.000104,153569.2,3.4751,7.4e-05,147373.9,2.7159,5.6e-05,124540.23,2.1426,3.7e-05
20261002,00731,復華富時高息低波,632319.0,525894.0,578942.0,608853.0,507069.0,515852.0,542165.0,560457.0,2163518.0,533398.0,537723.0,569498.0,1062471.0,735971.0,523127.0,553389.0,528023.0,632943.0,605279.0,623113.0,599675.0,628069.0,637883.0,603870.0,682109.0,659874.0,549340.0,638079.0,608436.0,709848.0,579051.67,36.3997,0.002754,570615.4,22.1627,0.001774,716846.7,8.8208,0.000818,706483.8,5.9668,0.000587,677000.2,4.67,0.00044,661906.23,3.1843,0.000289
20261002,00733,富邦臺灣中小,710904.0,537959.0,488301.0,217270.0,532767.0,208335.0,557863.0,274131.0,389789.0,272721.0,342098.0,252515.0,205512.0,238041.0,132912.0,218863.0,321745.0,478506.0,1102185.0,500191.0,96606.0,249155.0,203687.0,188347.0,340746.0,271178.0,132543.0,236741.0,331800.0,374708.0,579054.67,40.9233,0.003097,497440.2,28.5825,0.001995,419004.0,16.9665,0.00092,357407.87,13.2604,0.00066,399130.4,8.9057,0.000495,346937.3,6.8303,0.000325
20261002,00735,國泰臺韓科技,1732191.0,899903.0,1467540.0,965068.0,720931.0,809765.0,2770550.0,1320608.0,988875.0,884018.0,502933.0,955540.0,1137928.0,1607708.0,908683.0,1519022.0,2216304.0,2614569.0,1616183.0,1704721.0,1120893.0,2219627.0,1793985.0,1762687.0,1768099.0,1846449.0,1451038.0,2442499.0,2784744.0,2820758.0,1366544.67,42.2523,0.007546,1157126.6,29.9395,0.00486,1255944.9,13.7919,0.002241,1178149.4,9.8018,0.001609,1367152.0,6.335,0.001205,1578460.63,3.658,0.000792
20261002,00736,國泰新興市場,102455.0,101889.0,102257.0,104031.0,106951.0,101188.0,102158.0,214425.0,347992.0,102997.0,101816.0,102219.0,103289.0,4312.0,104393.0,54012.0,51437.0,54563.0,159071.0,202262.0,103932.0,246906.0,106002.0,105063.0,102743.0,116550.0,102977.0,110392.0,102282.0,101744.0,102200.33,33.4164,0.000446,103516.6,19.7949,0.000287,138634.3,7.3903,0.000133,120158.13,5.6845,9.5e-05,116185.85,4.4091,7.1e-05,117410.27,2.9087,4.7e-05
20261002,00737,國泰AI機器人,102304.0,120440.0,35229.0,166808.0,39247.0,51949.0,182835.0,44449.0,224545.0,54693.0,95620.0,52051.0,89902.0,31334.0,85473.0,104068.0,89456.0,74450.0,126547.0,181835.0,110034.0,47901.0,81706.0,522205.0,45114.0,83937.0,79522.0,37620.0,97876.0,162553.0,85991.0,39.6569,0.000446,92805.6,22.0469,0.000287,102249.9,10.0053,0.000132,91791.93,7.4301,9.5e-05,97661.75,5.2377,7.1e-05,107390.1,3.1755,4.7e-05
20261002,00738U,期元大道瓊白銀,2790471.0,1481865.0,2673211.0,7123423.0,2760364.0,1631415.0,1511636.0,1341565.0,3489958.0,3186960.0,1636255.0,1087748.0,1987268.0,7704605.0,6141813.0,1212976.0,1758106.0,2019939.0,2290311.0,3502941.0,5195995.0,2418208.0,5988340.0,2510471.0,2116593.0,3720283.0,5463540.0,7253048.0,3133165.0,3028532.0,2315182.33,40.1764,0.012156,3365866.8,16.581,0.007829,2799086.8,9.9692,0.003611,3103237.13,5.9948,0.002592,2866641.5,4.8671,0.001942,3272033.5,2.8427,0.001276
20261002,00739,元大MSCI A股,21287.0,2988.0,84756.0,323102.0,92963.0,54387.0,47020.0,18834.0,27335.0,20828.0,18173.0,13539.0,10658.0,20949.0,15177.0,20028.0,18836.0,26158.0,96615.0,328777.0,50286.0,48168.0,12623.0,46284.0,18795.0,46826.0,42064.0,83063.0,84949.0,20843.0,36343.67,19.5238,9.3e-05,105019.2,4.0539,6e-05,69350.0,3.0695,2.8e-05,51466.4,2.7574,2e-05,63120.5,1.6862,1.5e-05,57210.37,1.2403,1e-05
20261002,00752,中信中國50,1825137.0,487429.0,566124.0,1018116.0,715966.0,976505.0,1464303.0,478084.0,532800.0,785440.0,1066299.0,517142.0,359277.0,705849.0,794124.0,1074644.0,857884.0,932788.0,863885.0,340596.0,916672.0,920448.0,523033.0,871847.0,537939.0,598157.0,1061897.0,1675767.0,591011.0,948639.0,959563.33,63.4017,0.007951,922554.4,39.567,0.005121,884990.4,20.6232,0.002362,819506.33,14.8475,0.001695,818119.6,11.1545,0.00127,833593.4,7.2983,0.000835
20261002,00753L,中信中國50正2,20225059.0,3996293.0,8487013.0,19098563.0,13907137.0,13861433.0,15483926.0,10253638.0,9920956.0,10774851.0,14371273.0,7163610.0,4317468.0,9042734.0,8156617.0,7112477.0,5506770.0,7273747.0,11996940.0,8161802.0,9958853.0,5454272.0,5385351.0,5479974.0,6102425.0,7188119.0,12193524.0,4751741.0,5785692.0,7628478.0,10902788.33,61.8345,0.088103,13142813.0,30.7774,0.056744,12600886.9,16.0505,0.026169,11270704.73,11.9632,0.018785,10455615.35,9.6719,0.014074,9301357.87,7.2481,0.009251
20261002,00757,統一FANG+,524830.0,813576.0,298849.0,619117.0,590577.0,1463775.0,1069448.0,689195.0,1440893.0,869798.0,1026949.0,1930267.0,507787.0,411667.0,498700.0,737260.0,1440022.0,615612.0,735304.0,355428.0,680029.0,340882.0,575855.0,1525410.0,462681.0,566620.0,1321571.0,1231899.0,3429942.0,2594741.0,545751.67,32.0555,0.002286,569389.8,18.4348,0.001472,838005.8,6.2628,0.000679,850361.87,4.1146,0.000487,831952.7,3.1542,0.000365,978956.13,1.787,0.00024
20261002,00762,元大全球AI,193649.0,179280.0,164402.0,214332.0,99182.0,211609.0,475493.0,178269.0,156211.0,51238.0,140588.0,120824.0,328226.0,125128.0,92752.0,89440.0,100750.0,213555.0,439017.0,102162.0,62412.0,68298.0,283845.0,218624.0,228181.0,192369.0,167652.0,16516.0,280669.0,379665.0,179110.33,36.0391,0.000844,170169.0,22.7596,0.000543,192366.5,10.0667,0.000251,182078.87,7.0903,0.00018,183805.35,5.2678,0.000135,185811.27,3.4739,8.9e-05
20261002,00763U,期街口道瓊銅,407464.0,131047.0,196495.0,443508.0,310226.0,611476.0,742261.0,341159.0,286196.0,401518.0,560722.0,331209.0,459678.0,1126974.0,655343.0,235466.0,606264.0,180978.0,352821.0,392351.0,513037.0,75654.0,311461.0,215991.0,472721.0,1006367.0,255820.0,276914.0,382675.0,406145.0,245002.0,55.4368,0.001775,297748.0,27.3697,0.001143,387135.0,10.5251,0.000527,467018.4,5.8165,0.000378,438657.8,4.6444,0.000284,422998.03,3.2109,0.000186
20261002,00770,國泰北美科技,401728.0,454344.0,224667.0,401453.0,309576.0,687402.0,623500.0,731754.0,834544.0,817471.0,1772742.0,4666434.0,3001353.0,1727422.0,727806.0,1207892.0,1467432.0,981526.0,967694.0,1035914.0,1000122.0,380471.0,247535.0,80702.0,251815.0,177251.0,146939.0,74686.0,209886.0,147973.0,360246.33,37.1716,0.00175,358353.6,22.4208,0.001127,548643.9,7.3222,0.00052,1158813.07,2.3111,0.000373,1152132.7,1.7434,0.00028,858667.8,1.5595,0.000184
20261002,00771,元大US高息特別股,14652.0,8512.0,35290.0,15257.0,11169.0,16893.0,31397.0,5753.0,12550.0,2375.0,15228.0,45055.0,17960.0,3030.0,9611.0,18365.0,31119.0,23410.0,18986.0,33253.0,9864.0,5964.0,41734.0,32603.0,2236.0,17721.0,37915.0,69631.0,58289.0,22407.0,19484.67,25.0659,6.4e-05,16976.0,17.262,4.1e-05,15384.8,9.5237,1.9e-05,16315.47,5.987,1.4e-05,18493.25,3.9614,1e-05,22274.3,2.1927,7e-06
20261002,00775B,台新投等債15+,180281.0,83397.0,81132.0,81097.0,80000.0,82422.0,81205.0,80000.0,80000.0,80940.0,81000.0,80000.0,81935.0,82133.0,81208.0,81827.0,81559.0,81000.0,160033.0,1033.0,131047.0,81341.0,80000.0,80000.0,80000.0,181968.0,106246.0,81000.0,161084.0,18154.0,114936.67,52.2842,0.000785,101181.4,35.6352,0.000506,91047.4,19.8008,0.000233,87783.33,13.6914,0.000167,86110.1,10.4681,0.000125,90768.07,6.6206,8.2e-05
20261002,00783,富邦中証500,9440.0,3726.0,3860.0,68765.0,79934.0,59976.0,60856.0,79231.0,317298.0,63962.0,62871.0,9371.0,14066.0,39131.0,31330.0,46470.0,17779.0,6444.0,59594.0,3316.0,233401.0,10694.0,33270.0,53877.0,32723.0,143430.0,73076.0,182837.0,140501.0,4246.0,5675.33,55.4446,4.1e-05,33145.0,5.6962,2.6e-05,74704.8,1.2636,1.2e-05,60254.47,1.0445,9e-06,51871.0,0.9099,7e-06,64849.17,0.4852,4e-06
20261002,00830,國泰費城半導體,6822277.0,9753830.0,7131175.0,5527818.0,7034798.0,9868227.0,15571605.0,8815950.0,7428945.0,4082298.0,5264326.0,12678858.0,4143313.0,4552082.0,4182410.0,5021257.0,5665209.0,8894035.0,5222790.0,5557063.0,12078559.0,6177938.0,10381815.0,6948251.0,7822630.0,8701580.0,6869052.0,3287529.0,10228871.0,4124556.0,7902427.33,28.7771,0.029719,7253979.6,18.8097,0.019141,8203692.3,8.3161,0.008827,7523860.8,6.045,0.006337,7160913.3,4.7636,0.004747,7327968.23,3.1033,0.00312
20261002,00850,元大臺灣ESG永續,256661.0,536447.0,704073.0,508927.0,285976.0,289097.0,747771.0,652912.0,573749.0,366068.0,377214.0,544177.0,419629.0,384709.0,387299.0,292559.0,326327.0,809017.0,1018796.0,1195184.0,435894.0,1873606.0,433753.0,539345.0,877986.0,912715.0,403393.0,623324.0,652378.0,955745.0,499060.33,17.143,0.001118,458416.8,11.1977,0.00072,492168.1,5.2149,0.000332,468980.6,3.6485,0.000238,533829.6,2.404,0.000179,612824.37,1.3961,0.000117
20261002,00851,台新全球AI,49179.0,59325.0,43693.0,46217.0,45078.0,79489.0,50503.0,50309.0,25271.0,41414.0,45181.0,46826.0,44122.0,45024.0,44539.0,44884.0,46313.0,7224.0,45858.0,43156.0,87910.0,4643.0,57209.0,43163.0,45289.0,44185.0,43255.0,3850.0,1837.0,4319.0,50732.33,32.3127,0.000214,48698.4,20.1974,0.000138,49047.8,10.0267,6.4e-05,47744.67,6.8669,4.6e-05,45180.25,5.4425,3.4e-05,41308.83,3.9684,2.2e-05
20261002,00852L,國泰美國道瓊正2,404691.0,310327.0,121253.0,65033.0,347110.0,336433.0,241572.0,239970.0,1194533.0,259815.0,224325.0,203593.0,818652.0,84131.0,209860.0,87069.0,45248.0,295808.0,406503.0,26004.0,51940.0,14494.0,17304.0,8000.0,23605.0,118250.0,125200.0,149584.0,9214.0,37400.0,278757.0,48.3923,0.001763,249682.8,32.4164,0.001135,352073.7,11.4945,0.000524,337419.87,7.9958,0.000376,296096.5,6.8338,0.000282,215897.37,6.2482,0.000185
20261002,00861,元大全球未來通訊,140142.0,199051.0,132354.0,148351.0,40412.0,75934.0,385413.0,220370.0,71243.0,22568.0,61272.0,24002.0,108359.0,51561.0,72619.0,23646.0,33651.0,76071.0,45835.0,46346.0,88061.0,196310.0,52016.0,50808.0,101858.0,45184.0,53435.0,33663.0,41573.0,85769.0,157182.33,29.7196,0.00061,132062.0,21.2237,0.000393,143583.8,9.7603,0.000181,116910.07,7.9914,0.00013,98960.0,7.0807,9.8e-05,90929.23,5.1374,6.4e-05
20261002,00865B,國泰US短期公債,4639521.0,2099422.0,2756639.0,2408777.0,2854547.0,2701681.0,3053108.0,2811338.0,2680713.0,3040820.0,2542308.0,2715985.0,1896060.0,2428453.0,2024450.0,2195835.0,3348053.0,2811347.0,2092693.0,3115262.0,1599848.0,2262672.0,2511323.0,2962742.0,4140827.0,1574710.0,4327728.0,2902493.0,1553899.0,3987592.0,3165194.0,48.8598,0.02021,2951781.2,31.4354,0.013017,2904656.6,15.9727,0.006003,2710254.8,11.4123,0.004309,2710850.6,8.5573,0.003228,2734694.87,5.6551,0.002122
20261002,00875,國泰網路資安,420967.0,148633.0,208053.0,361794.0,193800.0,222408.0,348175.0,163783.0,442435.0,575990.0,592992.0,913385.0,738577.0,112909.0,30252.0,333846.0,93395.0,63490.0,100223.0,105061.0,118269.0,67890.0,69015.0,302595.0,102236.0,483851.0,214962.0,374079.0,67467.0,752216.0,259217.67,54.133,0.001834,266649.4,31.5746,0.001181,308603.8,13.641,0.000545,364943.53,7.6901,0.000391,308508.4,6.8226,0.000293,290758.27,4.8261,0.000193
20261002,00876,元大全球5G,216903.0,361343.0,302106.0,107814.0,102067.0,176552.0,593467.0,211817.0,269828.0,48627.0,111626.0,73380.0,434900.0,449816.0,76395.0,197918.0,287941.0,250399.0,151616.0,99005.0,63281.0,279293.0,75292.0,145616.0,353022.0,143894.0,361757.0,203563.0,238840.0,162232.0,293450.67,24.6382,0.000945,218046.6,19.8951,0.000609,239052.4,9.0735,0.000281,235776.07,6.133,0.000201,226176.0,4.795,0.000151,218343.67,3.3113,9.9e-05
20261002,00878,國泰永續高股息,21389295.0,34467088.0,23859788.0,31335571.0,35768976.0,26437407.0,24760011.0,28262880.0,29777735.0,26931022.0,24618843.0,41758073.0,36558295.0,36780067.0,24828573.0,23655731.0,35251328.0,47066801.0,58017725.0,48730945.0,34938216.0,74969201.0,36850440.0,34448306.0,27062007.0,26684547.0,20117025.0,17103330.0,39841825.0,87657286.0,26572057.0,26.8318,0.093175,29364143.6,14.5683,0.06001,28298977.3,7.5583,0.027675,29835574.93,4.7794,0.019867,33012807.7,3.2395,0.014884,35330944.57,2.018,0.009783
20261002,00881,國泰台灣科技龍頭,12172946.0,8913190.0,10067003.0,12488489.0,10441856.0,9424909.0,18248814.0,18511057.0,17931884.0,12185062.0,13176632.0,21742653.0,25643823.0,26333751.0,12042714.0,9972222.0,12176154.0,24715389.0,16314746.0,14833937.0,22190767.0,36305074.0,20463391.0,22249486.0,18101727.0,19665326.0,29783555.0,17948024.0,47412727.0,90126783.0,10384379.67,39.0745,0.053027,10816696.8,22.5077,0.034153,13038521.0,9.3361,0.01575,15288318.87,5.3082,0.011306,15366861.55,3.9608,0.00847,21052803.03,1.9274,0.005568
20261002,00882,中信中國高股息,3408185.0,1961420.0,3605821.0,3572319.0,2561025.0,2649491.0,3527177.0,3843324.0,2895075.0,3098338.0,2998472.0,2639818.0,3119929.0,4263292.0,3855655.0,2543634.0,3845894.0,5152729.0,5421339.0,4767703.0,4408758.0,1772131.0,2130384.0,3108291.0,4483979.0,2502063.0,2380687.0,2326043.0,4238490.0,2652233.0,2991808.67,37.9724,0.014847,3021754.0,22.5577,0.009562,3112217.5,10.951,0.00441,3199956.07,7.1005,0.003166,3486532.0,4.8876,0.002372,3324456.63,3.4173,0.001559
20261002,00885,富邦越南,2508509.0,1348285.0,945548.0,1264647.0,1664304.0,1147079.0,2387734.0,2009957.0,5369862.0,1532802.0,699417.0,1474641.0,1647427.0,1926940.0,1288918.0,2300230.0,1084309.0,3856715.0,4581590.0,1407043.0,1294311.0,1181380.0,1575961.0,2004740.0,3456791.0,1711159.0,4441873.0,854447.0,1071965.0,1760089.0,1600780.67,52.2351,0.010927,1546258.6,32.4462,0.007038,2017872.7,12.4315,0.003246,1814404.67,9.217,0.00233,2022297.85,6.2021,0.001746,1993289.1,4.1949,0.001147
20261002,00891,中信關鍵半導體,7880421.0,7469760.0,7905312.0,16982775.0,11363016.0,13144046.0,21903256.0,19016421.0,21919037.0,13631699.0,6951615.0,11757872.0,12269979.0,16096420.0,9638764.0,12998112.0,17898920.0,28733354.0,7513202.0,9612870.0,14090007.0,26853991.0,11933481.0,8851852.0,8471364.0,11588943.0,7119636.0,6987487.0,22218612.0,31948615.0,7751831.0,33.8863,0.034328,10320256.8,15.2718,0.022109,14121574.3,5.5804,0.010196,13195359.53,3.9814,0.007319,13734342.55,2.8689,0.005484,14158361.3,1.8553,0.003604
20261002,00892,富邦台灣半導體,3680607.0,3837891.0,3149361.0,6717661.0,4463227.0,4043526.0,5476262.0,3591018.0,3771342.0,3878071.0,3583937.0,3211336.0,4308515.0,5798044.0,2689848.0,4687638.0,5710252.0,5509974.0,3403649.0,3358831.0,4160537.0,9296952.0,3849103.0,3239463.0,3602272.0,2675372.0,2682654.0,3322104.0,3128614.0,3618983.0,3555953.0,34.5018,0.016033,4369749.4,16.8458,0.010326,4260896.6,8.6381,0.004762,4146709.73,5.9173,0.003419,4243549.5,4.3367,0.002561,4148234.8,2.9576,0.001683
20261002,00893,國泰智能電動車,237500.0,3370101.0,381675.0,261615.0,178011.0,831772.0,942856.0,2877641.0,601934.0,206334.0,696912.0,761716.0,767283.0,266566.0,379410.0,417625.0,415895.0,1429968.0,627091.0,365878.0,425061.0,387487.0,798489.0,313051.0,521950.0,677707.0,949866.0,113982.0,458181.0,652057.0,1329758.67,5.9535,0.001035,885780.4,5.3625,0.000666,988943.9,2.4016,0.000307,850755.07,1.8611,0.000221,800889.15,1.4827,0.000165,710520.47,1.1142,0.000109
20261002,00894,中信小資高價30,739417.0,1057094.0,807889.0,1566825.0,644056.0,1017698.0,1297981.0,1195980.0,1135628.0,1089684.0,1496405.0,1100578.0,1898142.0,1570418.0,629793.0,710822.0,1374522.0,1373114.0,372991.0,730802.0,1081855.0,3452605.0,852413.0,926079.0,683188.0,1127202.0,918583.0,532148.0,2421998.0,2153418.0,868133.33,28.3911,0.003221,963056.2,15.3556,0.002075,1055225.2,7.0072,0.000957,1149839.2,4.2871,0.000687,1090491.95,3.3903,0.000515,1198644.27,2.0563,0.000338
20261002,00895,富邦未來車,188696.0,639816.0,173943.0,227724.0,134104.0,799683.0,456205.0,590693.0,262688.0,356859.0,235735.0,436150.0,387334.0,221988.0,376803.0,231701.0,350804.0,385673.0,443553.0,263793.0,208464.0,146748.0,112095.0,586073.0,432886.0,258437.0,584039.0,38547.0,116906.0,93387.0,334151.67,18.8234,0.000822,272856.6,13.8311,0.000529,383041.1,4.9263,0.000244,365894.73,3.4381,0.000175,358197.25,2.634,0.000131,324717.57,1.937,8.6e-05
20261002,00896,中信綠能及電動車,3785901.0,2568275.0,6148810.0,2612137.0,2436153.0,3218849.0,6687709.0,4290709.0,3960074.0,6238725.0,9413566.0,26399495.0,18879810.0,24501855.0,15301357.0,8158237.0,11181592.0,11763873.0,10022950.0,18017721.0,21114941.0,3669625.0,2032818.0,1958249.0,1774341.0,1660804.0,1707817.0,1027703.0,3247311.0,2092867.0,4167662.0,30.28,0.016492,3510255.2,21.5705,0.010622,4194734.2,9.0254,0.004899,9096228.33,2.7747,0.003516,9779389.9,1.9357,0.002634,7862475.8,1.6051,0.001732
20261002,00897,富邦基因免疫生技,1078152.0,1192745.0,2352137.0,978622.0,289386.0,1643991.0,988340.0,731723.0,2333731.0,503484.0,381470.0,351827.0,1090438.0,337838.0,793117.0,789597.0,751517.0,756375.0,756048.0,589824.0,1186501.0,381088.0,1070603.0,948904.0,982776.0,2419251.0,1579652.0,2039584.0,569041.0,1989667.0,1541011.33,23.3213,0.004697,1178208.4,18.3016,0.003025,1209231.1,8.916,0.001395,1003133.4,7.1652,0.001001,934518.1,5.7685,0.00075,1061914.3,3.3843,0.000493
20261002,00898,國泰基因免疫革命,387501.0,762881.0,1274712.0,579688.0,1059038.0,2072962.0,875841.0,1221561.0,2868087.0,1774794.0,561067.0,436694.0,376314.0,510952.0,1082636.0,627550.0,338455.0,341497.0,1019454.0,662746.0,823977.0,442139.0,1167151.0,702380.0,681905.0,2508516.0,1359461.0,904524.0,1028904.0,1381442.0,808364.67,15.9788,0.001688,812764.0,9.5354,0.001087,1287706.5,3.0092,0.000501,1056315.2,2.4456,0.00036,941721.5,2.0574,0.00027,994494.3,1.2988,0.000177
20261002,00899,FT潔淨能源,82876.0,63215.0,43492.0,48311.0,11428.0,21192.0,63739.0,23958.0,55542.0,24277.0,47391.0,28298.0,12363.0,12277.0,24788.0,75653.0,66649.0,67197.0,19996.0,15569.0,53308.0,49020.0,32787.0,26053.0,20396.0,54607.0,40774.0,17576.0,23752.0,27557.0,63194.33,43.7149,0.000361,49864.4,33.2405,0.000233,43803.0,18.9202,0.000107,37543.13,14.7166,7.7e-05,40410.55,10.2543,5.8e-05,38468.03,7.1814,3.8e-05
20261002,00900,富邦特選高股息30,4271180.0,3308829.0,3838876.0,4351917.0,2146925.0,3375254.0,5125604.0,4219831.0,5103401.0,8134829.0,5342264.0,4607219.0,5279461.0,4307962.0,3133145.0,4052509.0,3722828.0,3965626.0,9301609.0,7158911.0,11441871.0,9633575.0,8109268.0,3814419.0,7879261.0,5307693.0,4266988.0,4920680.0,5072788.0,3828090.0,3806295.0,37.4045,0.018606,3583545.4,23.8377,0.011983,4387664.6,9.7345,0.005526,4436446.47,6.4183,0.003967,4737409.0,4.5079,0.002972,5300760.43,2.6859,0.001954
20261002,00901,永豐智能車供應鏈,254275.0,552179.0,246944.0,53826.0,196920.0,89647.0,95125.0,317196.0,217258.0,138723.0,37300.0,429970.0,465108.0,181937.0,13738.0,657423.0,848777.0,171341.0,221803.0,297376.0,437374.0,634871.0,39622.0,144490.0,23196.0,293228.0,47523.0,57670.0,70807.0,271267.0,351132.67,24.1385,0.001108,260828.8,19.4975,0.000713,216209.3,11.7606,0.000329,219343.07,7.7284,0.000236,274343.3,4.6342,0.000177,250230.47,3.3872,0.000116
20261002,00902,中信電池及儲能,291769.0,471891.0,462556.0,580344.0,573481.0,2008096.0,834761.0,1173604.0,645529.0,1341720.0,967990.0,490964.0,511920.0,1085532.0,392238.0,586389.0,461391.0,1036164.0,326870.0,305006.0,1339125.0,590589.0,417470.0,357470.0,294941.0,568345.0,663614.0,303070.0,853633.0,545160.0,408738.67,23.7943,0.001271,476008.2,12.259,0.000819,838375.1,3.4802,0.000378,788826.33,2.4658,0.000271,727410.75,2.0055,0.000203,682721.07,1.4245,0.000133
20261002,00903,富邦元宇宙,77028.0,211769.0,151418.0,76409.0,54031.0,186589.0,92464.0,30878.0,104212.0,35271.0,193350.0,63049.0,67770.0,12885.0,65178.0,146347.0,271459.0,137219.0,278558.0,384426.0,86745.0,49882.0,79460.0,186061.0,553724.0,338414.0,21815.0,108930.0,18365.0,542986.0,146738.33,17.4978,0.000336,114131.0,13.4982,0.000216,102006.9,7.5513,0.0001,94820.07,5.4157,7.2e-05,132015.5,2.9174,5.4e-05,154223.07,1.6649,3.5e-05
20261002,00904,台新臺灣半導體30,4126422.0,1972670.0,1121934.0,744328.0,687310.0,482078.0,1475507.0,1292762.0,1036427.0,952346.0,583182.0,547390.0,623927.0,633667.0,396595.0,548273.0,1616773.0,1548258.0,688884.0,867094.0,677158.0,2228217.0,928848.0,723528.0,601287.0,886169.0,415326.0,363841.0,686676.0,949206.0,2407008.67,57.1445,0.017975,1730532.8,47.6896,0.011577,1389178.4,29.704,0.005339,1111769.67,24.7439,0.003833,1097291.35,18.8028,0.002871,1013536.1,13.571,0.001887
20261002,00905,FT臺灣Smart,2718662.0,771230.0,915053.0,1095626.0,577311.0,611346.0,1873218.0,1248401.0,1101691.0,671289.0,766492.0,1040528.0,968658.0,1314051.0,484656.0,821883.0,745354.0,1490571.0,507250.0,1921676.0,978046.0,1286583.0,999240.0,908399.0,772393.0,624236.0,870793.0,564541.0,746026.0,932965.0,1468315.0,61.7184,0.011843,1215576.4,44.7304,0.007628,1158382.7,23.4695,0.003518,1077214.13,16.8253,0.002525,1082247.3,12.5603,0.001892,1010938.93,8.9641,0.001243
20261002,00907,永豐優息存股,955814.0,892752.0,676264.0,800889.0,615384.0,1039377.0,1201931.0,972257.0,3116043.0,2159269.0,384514.0,690046.0,878190.0,556245.0,486930.0,326201.0,710481.0,728488.0,632573.0,1592945.0,541588.0,699961.0,1006165.0,893644.0,838828.0,1642488.0,2642967.0,1363802.0,1127891.0,569322.0,841610.0,37.8566,0.004164,788220.6,24.2524,0.002682,1242998.0,7.6896,0.001237,1028393.67,6.1962,0.000888,970829.65,4.9227,0.000665,1024774.97,3.109,0.000437
20261002,00908,富邦入息REITs+,96558.0,31285.0,395314.0,81739.0,76557.0,116606.0,190774.0,137964.0,23294.0,51477.0,15941.0,41789.0,173455.0,118022.0,44039.0,61605.0,68215.0,70936.0,49884.0,214671.0,37356.0,180938.0,54057.0,218881.0,535930.0,66441.0,115412.0,18612.0,17686.0,26497.0,174385.67,18.4568,0.000421,136290.6,14.1694,0.000271,120156.8,8.036,0.000125,106320.93,6.0545,9e-05,103006.25,4.687,6.7e-05,111064.5,2.898,4.4e-05
20261002,00909,國泰數位支付服務,1042649.0,987579.0,926783.0,4297715.0,670078.0,3626883.0,2114561.0,4151820.0,980246.0,659096.0,1987340.0,751540.0,855638.0,1012769.0,1179848.0,1426284.0,789835.0,1152323.0,4206663.0,1706522.0,1679866.0,596994.0,1897656.0,1815484.0,641147.0,1583095.0,2074696.0,2245405.0,2006385.0,355688.0,985670.33,35.2602,0.004542,1584960.8,13.1568,0.002925,1945741.0,5.3586,0.001349,1682969.67,4.1302,0.000968,1726308.6,3.0199,0.000726,1647419.6,2.1097,0.000477
20261002,00910,第一金太空衛星,678866.0,510896.0,425841.0,420798.0,431007.0,629918.0,1337082.0,543052.0,955793.0,887807.0,300964.0,428785.0,592563.0,408067.0,401560.0,738659.0,413050.0,535663.0,509001.0,488299.0,702511.0,556241.0,946974.0,558479.0,741415.0,510487.0,359231.0,598799.0,563285.0,544141.0,538534.33,42.0194,0.002957,493481.6,27.5133,0.001905,682106.0,9.9525,0.000878,596866.6,7.5826,0.000631,581883.55,5.8333,0.000472,590641.13,3.8312,0.000311
20261002,00911,兆豐洲際半導體,540407.0,814248.0,505461.0,192177.0,528765.0,482193.0,1312901.0,540711.0,641786.0,74560.0,159359.0,213284.0,74092.0,92909.0,146154.0,87550.0,628230.0,208242.0,728018.0,197512.0,76981.0,229191.0,211289.0,483106.0,517888.0,522492.0,2092441.0,560317.0,586957.0,730370.0,620038.67,29.0523,0.002354,516211.6,20.9374,0.001516,563320.9,9.5932,0.000699,421267.13,8.5521,0.000502,408427.95,6.6157,0.000376,472653.03,3.8112,0.000247
20261002,00912,中信臺灣智慧50,1491827.0,544016.0,133662.0,317044.0,211273.0,295641.0,295248.0,170672.0,237991.0,404920.0,415225.0,378996.0,295781.0,187329.0,116127.0,182670.0,273846.0,238141.0,80235.0,327962.0,650764.0,413634.0,267686.0,132756.0,133102.0,171402.0,146158.0,63272.0,167086.0,121571.0,723168.33,68.7635,0.006499,539564.4,55.2975,0.004185,410229.4,36.3657,0.00193,366383.47,27.1451,0.001386,329930.3,22.6082,0.001038,295534.57,16.8263,0.000682
20261002,00913,兆豐台灣晶圓製造,2218958.0,1031732.0,1687638.0,2110145.0,1942094.0,1800917.0,2000715.0,1597146.0,1771030.0,1645913.0,754212.0,872750.0,1165833.0,1099946.0,530555.0,696559.0,1114898.0,2910073.0,689909.0,1695282.0,1137908.0,2468161.0,1092817.0,1189279.0,1171707.0,952794.0,740890.0,904628.0,1972738.0,1263603.0,1646109.33,44.9334,0.009666,1798113.4,24.681,0.006226,1780628.8,12.4617,0.002871,1481972.27,9.982,0.002061,1466815.25,7.5639,0.001544,1407694.33,5.2544,0.001015
20261002,00915,凱基優選高股息30,502047.0,1567439.0,3678461.0,1446374.0,485529.0,1529115.0,1561502.0,1116417.0,5954998.0,2198664.0,1556945.0,5207011.0,2784263.0,2600602.0,870709.0,1604425.0,1634274.0,2813327.0,2034188.0,3198591.0,2447741.0,3002217.0,1929687.0,1077113.0,995282.0,1820987.0,1182861.0,816642.0,844170.0,1531175.0,1915982.33,8.7344,0.002187,1535970.0,6.5372,0.001409,2004054.6,2.5052,0.00065,2204005.07,1.5186,0.000466,2217244.05,1.1321,0.000349,1999758.53,0.8368,0.00023
20261002,00916,國泰全球品牌50,307993.0,474822.0,412916.0,325377.0,164386.0,453231.0,2186912.0,302292.0,351250.0,381722.0,332635.0,671864.0,356181.0,330585.0,242223.0,205072.0,414699.0,302520.0,1597171.0,603003.0,286694.0,213053.0,587479.0,306021.0,518324.0,258491.0,82723.0,199179.0,284563.0,848778.0,398577.0,25.7577,0.001342,337098.8,18.2732,0.000864,536090.1,5.7452,0.000399,486292.6,4.2223,0.000286,520842.7,2.9567,0.000214,466738.63,2.1996,0.000141
20261002,00917,中信特選金融,1601284.0,833763.0,886419.0,1117075.0,886740.0,1571827.0,650805.0,543329.0,1030786.0,1290522.0,961630.0,1148132.0,211074.0,330522.0,451558.0,1399506.0,889159.0,625662.0,458126.0,290599.0,641127.0,679555.0,457616.0,1006667.0,685292.0,666993.0,397563.0,450932.0,235789.0,1205461.0,1107155.33,48.2102,0.006975,1065056.2,30.0695,0.004493,1041255.0,15.3784,0.002072,901031.07,11.8478,0.001487,858925.9,9.3214,0.001114,786850.43,6.7835,0.000732
20261002,00918,大華優利高填息30,34981797.0,42307443.0,32128943.0,40465564.0,42850822.0,39900405.0,68313487.0,62155667.0,248011764.0,194351177.0,116676754.0,85508489.0,76987452.0,79277982.0,76725824.0,51760550.0,103021618.0,150734293.0,59428621.0,101188690.0,103930037.0,100726404.0,19531392.0,9904942.0,10764471.0,10143068.0,7728663.0,10236110.0,13028402.0,11932230.0,36472727.67,31.9707,0.152386,38546913.8,18.1502,0.098145,80546706.9,4.343,0.045263,82709571.33,2.8196,0.032492,85338867.1,2.0496,0.024342,66823435.37,1.745,0.016
20261002,00919,群益台灣精選高息,72976828.0,147842613.0,55289642.0,55418474.0,86095342.0,58573730.0,70679066.0,71516920.0,124464408.0,87681381.0,123788209.0,219696767.0,135074108.0,116365737.0,89085724.0,128184090.0,107470925.0,161595216.0,79166055.0,100495242.0,104845284.0,120307325.0,78640525.0,46519130.0,56407396.0,60139317.0,45720634.0,66886049.0,40346797.0,41900866.0,92036361.0,26.4304,0.317898,83524579.8,17.4743,0.204745,83053840.4,8.7867,0.094424,100969929.93,4.8184,0.067782,104573023.85,3.4893,0.050781,91772460.0,2.6506,0.033379
20261002,00920,富邦ESG綠色電力,21834.0,359674.0,153122.0,70598.0,22142.0,149977.0,120659.0,443356.0,245721.0,53364.0,156355.0,330559.0,681405.0,67681.0,704221.0,122781.0,379969.0,96573.0,95394.0,255899.0,196440.0,102261.0,259916.0,159810.0,211231.0,74804.0,69022.0,47215.0,69568.0,338583.0,178210.0,4.0839,9.5e-05,125474.0,3.4802,6.1e-05,164044.7,1.331,2.8e-05,238711.2,0.6098,2e-05,226564.2,0.4819,1.5e-05,202004.47,0.3603,1e-05
20261002,00921,兆豐龍頭等權重,180642.0,124051.0,255137.0,142836.0,332118.0,195626.0,286052.0,427167.0,237114.0,443759.0,537643.0,1179100.0,1849479.0,712360.0,878551.0,199583.0,559517.0,988915.0,766852.0,1485925.0,889031.0,513890.0,86761.0,127904.0,60608.0,141831.0,42158.0,65921.0,49360.0,118618.0,186610.0,32.2673,0.000787,206956.8,17.457,0.000507,262450.2,6.8829,0.000234,518775.67,2.3214,0.000168,589121.35,1.5331,0.000126,462616.97,1.3016,8.3e-05
20261002,00922,國泰台灣領袖50,8193352.0,7840645.0,5388660.0,8374607.0,6527059.0,6905746.0,9866835.0,6573503.0,7519040.0,6318369.0,8419682.0,3857428.0,5553168.0,6377429.0,6905180.0,3895262.0,5488494.0,12757960.0,5169022.0,8989050.0,6815787.0,22413827.0,11201361.0,6661112.0,12238475.0,8388386.0,2572597.0,1945320.0,7282722.0,5842559.0,7140885.67,38.2462,0.035691,7264864.6,22.5561,0.022987,7350781.6,11.1462,0.010601,6974713.53,7.8315,0.00761,7046024.55,5.8142,0.005701,7542754.57,3.6208,0.003748
20261002,00923,群益台ESG低碳50,2553381.0,2495630.0,2896619.0,2500021.0,3738387.0,2476878.0,5464580.0,4676878.0,3184727.0,2823032.0,3463821.0,6896097.0,3762532.0,6327139.0,3153151.0,2340743.0,3808474.0,6085225.0,3087750.0,3892064.0,4006482.0,8273605.0,4011848.0,5381051.0,3612678.0,4421352.0,3581191.0,3153632.0,10891808.0,18325290.0,2648543.33,32.1357,0.011123,2836807.6,18.0018,0.007164,3281013.3,7.7823,0.003304,3760858.2,4.5262,0.002372,3781356.45,3.3763,0.001777,4709535.53,1.8072,0.001168
20261002,00924,復華S&P500成長,693235.0,2322859.0,1166451.0,1489607.0,1066472.0,962746.0,1363173.0,2213161.0,1193533.0,850762.0,1419383.0,1176897.0,1199453.0,1750581.0,1019400.0,846781.0,1517137.0,1947753.0,1412462.0,1166483.0,866416.0,674681.0,1160365.0,1019955.0,1307675.0,1299199.0,883948.0,843231.0,1153601.0,1742901.0,1394181.67,16.5745,0.00302,1347724.8,10.2875,0.001945,1332199.9,5.2037,0.000897,1325847.53,3.4857,0.000644,1338916.45,2.5888,0.000482,1257676.7,1.8373,0.000317
20261002,00926,凱基全球菁英55,159182.0,432210.0,847162.0,554221.0,273480.0,607559.0,1003262.0,668504.0,607748.0,144936.0,701216.0,1268824.0,851521.0,330008.0,829181.0,230025.0,1170894.0,501428.0,114290.0,685833.0,297686.0,783350.0,402006.0,197803.0,742218.0,470266.0,488086.0,285443.0,206124.0,1150480.0,479518.0,11.0654,0.000693,453251.0,7.024,0.000447,529826.4,3.0044,0.000206,618600.93,1.7155,0.000148,599074.2,1.3286,0.000111,566831.53,0.9361,7.3e-05
20261002,00927,群益半導體收益,40527833.0,41649614.0,11859076.0,18258291.0,18530840.0,12113113.0,35754914.0,16806331.0,17845280.0,13610504.0,7015355.0,9984571.0,10061989.0,13155319.0,8587918.0,8339861.0,10434607.0,21556798.0,7506879.0,11686024.0,18821196.0,35882681.0,18685210.0,8700570.0,8987235.0,6738358.0,6707653.0,4139868.0,12452881.0,12953412.0,31345507.67,43.098,0.176545,26165130.8,30.9785,0.113705,22695579.6,17.8571,0.052439,18384063.2,14.6967,0.037643,16764255.85,12.0876,0.028201,15645139.37,8.6348,0.018537
20261002,00929,復華台灣科技優息,22790454.0,24482847.0,20855032.0,16207880.0,19999258.0,13920222.0,32361687.0,20571657.0,37213064.0,26678811.0,35176066.0,39914078.0,42525179.0,53220420.0,19920284.0,16805110.0,76771961.0,24699328.0,24816752.0,47435067.0,24171109.0,26138637.0,26728756.0,17202298.0,22617955.0,22096690.0,13577605.0,14609055.0,36392013.0,83257079.0,22709444.33,33.4522,0.099279,20867094.2,21.8434,0.063941,23508091.2,9.6947,0.029488,28389129.27,5.3519,0.021168,30818257.85,3.6976,0.015859,30105211.8,2.5234,0.010424
20261002,00930,永豐ESG低碳高息,558328.0,1439173.0,1425424.0,1743393.0,949587.0,2851811.0,16974659.0,7707666.0,4800604.0,1702772.0,1660334.0,1143018.0,945210.0,1853246.0,1689034.0,997027.0,1651548.0,2155454.0,1666396.0,1543828.0,1497884.0,993719.0,225717.0,344261.0,156766.0,519040.0,62014.0,140499.0,101295.0,291465.0,1140975.0,16.3114,0.002432,1223181.0,9.1291,0.001566,4015341.7,1.3905,0.000722,3162950.6,1.1768,0.000519,2772925.6,1.0067,0.000389,1993039.07,0.9338,0.000255
20261002,00932,兆豐永續高息等權,672837.0,292940.0,689217.0,170407.0,399218.0,99118.0,260224.0,188733.0,532905.0,506573.0,198172.0,387388.0,247864.0,400048.0,320177.0,418754.0,427028.0,608779.0,470427.0,855412.0,364369.0,851139.0,329828.0,226130.0,497240.0,606478.0,128487.0,282613.0,255012.0,178527.0,551664.67,40.655,0.002931,444923.8,30.245,0.001888,381217.2,17.6497,0.000871,357721.4,12.5393,0.000625,407311.05,8.2595,0.000468,395534.8,5.6703,0.000308
20261002,00934,中信成長高股息,6515018.0,1156602.0,2448099.0,1939312.0,2160905.0,827670.0,1645248.0,1024268.0,1812207.0,1356626.0,2770580.0,2692368.0,3472659.0,3204907.0,2355593.0,2381054.0,2419552.0,2058789.0,2354992.0,2983116.0,3097321.0,5974249.0,2311099.0,2015191.0,2580676.0,3504747.0,1543857.0,1156205.0,1462226.0,1863245.0,3373239.67,64.3794,0.02838,2843987.2,45.8161,0.018279,2088595.5,31.1933,0.00843,2358804.13,18.4133,0.006051,2378978.25,13.6929,0.004533,2436279.37,8.9139,0.00298
20261002,00935,野村臺灣新科技50,9175247.0,4964957.0,8883858.0,13387736.0,9452077.0,13868725.0,20628441.0,14417774.0,13798144.0,8825965.0,10123988.0,13104275.0,9625942.0,13060777.0,8010353.0,6637666.0,9919191.0,23421659.0,8856362.0,7053362.0,17645503.0,32747034.0,6789833.0,11691788.0,7550527.0,4810098.0,5379400.0,2984048.0,7582760.0,6749157.0,7674687.33,39.8507,0.039969,9172775.0,20.0054,0.025742,11740292.4,7.8152,0.011872,11421883.93,5.3554,0.008522,11360824.95,4.0381,0.006385,11038221.57,2.7708,0.004197
20261002,00936,台新永續高息中小,1203449.0,186008.0,624004.0,1111982.0,192022.0,242631.0,449992.0,538860.0,1030890.0,437736.0,487468.0,549394.0,385286.0,738192.0,379585.0,333425.0,392835.0,943646.0,656540.0,2161688.0,1175150.0,600588.0,581870.0,353717.0,304493.0,1322495.0,401018.0,852404.0,589680.0,500700.0,671153.67,59.7702,0.005242,663493.0,36.2762,0.003376,601757.4,19.9989,0.001557,570499.93,14.0631,0.001118,652281.65,9.2249,0.000837,657591.6,6.1003,0.00055
20261002,00938,凱基優選30,132693.0,912052.0,375256.0,664198.0,275410.0,247390.0,265089.0,158888.0,2226506.0,1189126.0,1174270.0,2968291.0,3245259.0,3170088.0,2325619.0,631960.0,1779366.0,1454722.0,1180487.0,1905339.0,368467.0,1630954.0,1587713.0,1181219.0,273919.0,1858306.0,1128069.0,791639.0,1063045.0,1386063.0,473333.67,9.3446,0.000578,471921.8,5.6235,0.000372,644660.8,2.0583,0.000172,1288675.67,0.6865,0.000123,1314100.45,0.5049,9.2e-05,1251713.43,0.3534,6.1e-05
20261002,00939,統一台灣高息動能,3228239.0,3587232.0,2677225.0,4120682.0,1242826.0,2434141.0,2873265.0,2320540.0,7897058.0,3282281.0,2208342.0,3476048.0,3983889.0,1999551.0,1809288.0,2332867.0,3445179.0,5506202.0,3612189.0,7056521.0,3263408.0,3761725.0,4662158.0,1817921.0,2279167.0,4374671.0,2631842.0,3755518.0,1872743.0,1645607.0,3164232.0,34.0076,0.014063,2971240.8,21.7299,0.009057,3366348.9,9.5897,0.004177,3142707.13,6.8481,0.002998,3454678.25,4.6723,0.002246,3305277.5,3.2556,0.001477
20261002,00940,元大台灣價值高息,6051187.0,9356116.0,9321863.0,13418358.0,6950406.0,6904249.0,11523611.0,14008263.0,23084613.0,25221399.0,14213385.0,5832399.0,8827812.0,8981490.0,10087563.0,11962513.0,7926216.0,14910226.0,23896929.0,10883984.0,7259865.0,16461335.0,18068357.0,10228377.0,12023170.0,17348213.0,11084224.0,12690956.0,11905661.0,9270910.0,8243055.33,24.4698,0.02636,9019586.0,13.4179,0.016977,12584006.5,4.8086,0.00783,11585514.27,3.482,0.00562,12168129.1,2.4865,0.004211,12323455.0,1.6368,0.002768
20261002,00941,中信上游半導體,809448.0,2728690.0,989798.0,508686.0,890976.0,1171775.0,1404280.0,1164697.0,684971.0,367756.0,452558.0,1028063.0,696066.0,723815.0,530467.0,1096194.0,1880464.0,640305.0,546765.0,480658.0,637698.0,1361494.0,1545406.0,544723.0,1217025.0,1108414.0,1090740.0,730554.0,1577039.0,4742684.0,1509312.0,17.8768,0.003526,1185519.6,13.6556,0.002271,1072107.7,7.5501,0.001047,943469.73,5.7197,0.000752,939821.6,4.3064,0.000563,1111740.3,2.427,0.00037
20261002,00943,兆豐電子高息等權,637591.0,135659.0,60813.0,62476.0,19686.0,66291.0,79739.0,75510.0,134336.0,227443.0,165839.0,434227.0,492701.0,141295.0,287952.0,215911.0,266884.0,340575.0,149191.0,550128.0,30265.0,66466.0,53614.0,15492.0,23340.0,22984.0,30860.0,26228.0,15615.0,39180.0,278021.0,76.444,0.002777,183245.0,69.5889,0.001789,149954.4,42.519,0.000825,201437.2,21.1014,0.000592,227212.35,14.0307,0.000444,162276.37,13.0968,0.000292
20261002,00944,野村趨勢動能高息,215773.0,102727.0,181166.0,142567.0,51995.0,103540.0,77716.0,149243.0,293653.0,77298.0,470513.0,284859.0,376922.0,82712.0,64688.0,91532.0,432817.0,304119.0,217376.0,134307.0,80608.0,122290.0,304844.0,140685.0,353218.0,157161.0,246535.0,246105.0,131367.0,80371.0,166555.33,43.1834,0.00094,138845.6,31.081,0.000605,139567.8,15.4601,0.000279,178358.13,8.0652,0.0002,192776.15,5.5965,0.00015,190623.57,3.7731,9.9e-05
20261002,00945B,凱基美國非投等債,7389988.0,2630921.0,4727040.0,7256262.0,4347226.0,3708996.0,5216067.0,3981470.0,3684292.0,3282258.0,4779155.0,4820632.0,3003896.0,3206677.0,2056352.0,4337444.0,10060562.0,10333781.0,2926460.0,2365597.0,2409435.0,1876416.0,2768101.0,4095053.0,5105245.0,2023320.0,2657569.0,1283622.0,5970571.0,4101267.0,4915983.0,50.1086,0.032192,5270287.4,28.044,0.020733,4622452.0,15.9872,0.009562,4272748.8,11.5304,0.006864,4705753.8,7.8521,0.005142,4213522.5,5.8462,0.00338
20261002,00946,群益科技高息成長,891205.0,1209363.0,2008191.0,1760311.0,1219934.0,1359803.0,2820119.0,1441110.0,1554098.0,997755.0,862782.0,912056.0,1114208.0,672916.0,1016917.0,1094331.0,3149205.0,2017461.0,2988467.0,3259920.0,2761958.0,1387161.0,1972226.0,1940659.0,2148596.0,2111806.0,1718301.0,674801.0,1381089.0,2333737.0,1369586.33,21.6904,0.003882,1417800.8,12.5717,0.0025,1526188.9,5.8394,0.001153,1322717.87,4.4918,0.000828,1617507.6,2.7549,0.00062,1692682.87,1.755,0.000408
20261002,00947,台新臺灣IC設計,8284884.0,5840468.0,6169532.0,11887867.0,5722037.0,8223153.0,14904424.0,10787367.0,9901317.0,3237013.0,2423098.0,3147816.0,3845043.0,5348149.0,2733093.0,3932553.0,4920182.0,7948201.0,3775424.0,6893197.0,4697134.0,11819801.0,5082887.0,5300278.0,5868035.0,5596993.0,2928828.0,3956116.0,7098415.0,9806102.0,6764961.33,40.8225,0.03609,7580957.6,21.8571,0.023244,8495806.2,9.7517,0.01072,6830350.73,8.0863,0.007695,6496240.9,6.3767,0.005765,6402646.9,4.3133,0.003789
20261002,00949,復華日本龍頭,572417.0,750328.0,833020.0,617079.0,2203271.0,630422.0,2394294.0,251828.0,945397.0,1227047.0,244010.0,542909.0,858124.0,245772.0,322754.0,259112.0,363256.0,241744.0,327191.0,502382.0,483898.0,283620.0,741389.0,367983.0,133368.0,335529.0,423095.0,300545.0,466043.0,626815.0,718588.33,26.5528,0.002494,995223.0,11.5033,0.001606,1042510.3,5.4908,0.000741,842578.13,4.5291,0.000532,716617.85,3.9939,0.000398,616488.07,3.095,0.000262
20261002,00951,台新日本半導體,3737925.0,4668364.0,2478366.0,5326528.0,1442936.0,3087443.0,1708758.0,1675821.0,2711897.0,3335921.0,1010374.0,1715441.0,2168219.0,4731007.0,1639128.0,2918927.0,2430697.0,3039670.0,1814732.0,1301297.0,4764831.0,2982529.0,2033860.0,1178976.0,1647439.0,1526045.0,2086208.0,1435500.0,3874561.0,2320311.0,3628218.33,34.3412,0.016283,3530823.8,21.1731,0.010487,3017395.9,12.3879,0.004836,2762541.87,9.0205,0.003472,2647172.55,7.0602,0.002601,2559790.37,4.8675,0.00171
20261002,00952,凱基台灣AI50,1211908.0,2123391.0,1545524.0,1318393.0,774979.0,2017249.0,1518350.0,1571098.0,3709519.0,1121679.0,519033.0,1372687.0,1189156.0,955550.0,1190391.0,2663496.0,4201762.0,1393631.0,2619576.0,1943634.0,1000121.0,2216669.0,983052.0,2261367.0,1460619.0,1396675.0,652016.0,372390.0,2695442.0,2683916.0,1626941.0,24.83,0.005279,1394839.0,17.377,0.0034,1691209.0,7.1659,0.001568,1475927.13,5.4741,0.001126,1748050.3,3.4665,0.000843,1689442.43,2.3911,0.000554
20261002,00953B,群益優選非投等債,38797302.0,24498128.0,35216543.0,53998577.0,44423832.0,40995891.0,25092319.0,33115441.0,32751704.0,34226922.0,31683462.0,40984374.0,34241507.0,37792946.0,19203544.0,22695865.0,38854741.0,53732315.0,25453254.0,24223769.0,39901769.0,69277793.0,40926605.0,102907884.0,46235082.0,18990489.0,34487565.0,24565184.0,55880882.0,29107077.0,32837324.33,39.3833,0.169007,39386876.4,19.7006,0.10885,36311665.9,10.6845,0.0502,35134832.8,7.3616,0.036036,34599121.8,5.6067,0.026997,38475425.53,3.3612,0.017745
20261002,00954,中信日本半導體,1855200.0,4093724.0,1573699.0,1337127.0,1323155.0,1494639.0,1189288.0,675267.0,1947137.0,1638136.0,791858.0,1857069.0,1709710.0,2645375.0,1169815.0,1535439.0,2311283.0,2764107.0,1811109.0,1700317.0,1954064.0,1916934.0,2302443.0,1198506.0,1425796.0,1040032.0,1460552.0,1189498.0,2765848.0,1714777.0,2507541.0,24.6616,0.008082,2036581.0,18.2188,0.005205,1712737.2,10.8318,0.0024,1686746.6,7.3325,0.001723,1771172.7,5.2372,0.001291,1746396.8,3.541,0.000849
20261002,00956,中信日經高股息,436994.0,233075.0,249226.0,218434.0,224250.0,36964.0,89001.0,288400.0,696499.0,88035.0,198063.0,248558.0,146932.0,208918.0,354219.0,58174.0,26995.0,118058.0,141670.0,625686.0,498632.0,72157.0,107168.0,167871.0,149373.0,146773.0,274042.0,117209.0,321799.0,389810.0,306431.67,47.5358,0.001904,272395.8,32.0852,0.001226,256087.8,17.0642,0.000565,247837.87,11.7548,0.000406,234407.55,9.3212,0.000304,231099.5,6.3031,0.0002
20261002,00960,野村全球航運龍頭,680820.0,442683.0,313321.0,540202.0,428083.0,472942.0,539303.0,682146.0,591774.0,629831.0,524378.0,1433298.0,888046.0,1706059.0,611377.0,935463.0,757673.0,620169.0,592637.0,1341388.0,362285.0,322217.0,586225.0,1674874.0,4338546.0,5230237.0,2502642.0,2625111.0,438861.0,1148476.0,478941.33,47.3837,0.002966,481021.8,28.3072,0.00191,532110.5,12.7947,0.000881,698950.87,6.4937,0.000632,736579.65,4.6215,0.000474,1132035.57,2.0047,0.000311
20261002,00961,FT臺灣永續高息,93212336.0,10944527.0,15051291.0,18569889.0,19663222.0,28530970.0,36212805.0,26991022.0,14827111.0,15367657.0,32193696.0,54044811.0,29229198.0,36754016.0,31351809.0,17203380.0,41837529.0,55195884.0,25097594.0,35676189.0,23918054.0,16328777.0,17295249.0,21331816.0,12056880.0,13717223.0,10386851.0,10497135.0,19785443.0,33418411.0,39736051.33,78.1929,0.406046,31488253.0,59.2045,0.261518,27937083.0,33.3651,0.120607,30862957.33,20.1347,0.086577,31897746.8,14.6111,0.064861,27223025.83,11.4134,0.042634
20261002,00962,台新AI優息動能,11083209.0,4494118.0,1909017.0,3108865.0,2370985.0,3453212.0,3861899.0,2410879.0,2020169.0,2312049.0,1631808.0,5785329.0,11805907.0,6944766.0,2754862.0,2735468.0,12386866.0,9156082.0,3303028.0,7490169.0,3870799.0,524132.0,388193.0,418188.0,307081.0,1174122.0,779116.0,462436.0,175488.0,931156.0,5828781.33,63.3821,0.04828,4593238.8,48.2588,0.031095,3702440.2,29.9349,0.01434,4396471.6,16.8062,0.010294,5050934.35,10.9714,0.007712,3668313.27,10.0711,0.005069
20261002,00963,中信全球高股息,2974253.0,1818173.0,1651978.0,1607270.0,1637096.0,1621866.0,1688678.0,2954411.0,1321617.0,1873118.0,1804793.0,2125809.0,1117372.0,1175826.0,794872.0,1199311.0,1004861.0,820230.0,284227.0,1106659.0,1171403.0,1249125.0,1056744.0,1828274.0,1364355.0,1214221.0,562269.0,657965.0,1252033.0,2717418.0,2148134.67,46.1525,0.012956,1937754.0,30.6979,0.008345,1914846.0,15.5326,0.003848,1744475.47,11.3664,0.002763,1529121.0,9.7254,0.00207,1455207.57,6.8129,0.00136
20261002,00964,中信亞太高股息,2692259.0,892803.0,967579.0,1939176.0,1118124.0,1915831.0,1424983.0,992812.0,848810.0,1247120.0,731533.0,2196724.0,1527241.0,1799182.0,1299843.0,1009557.0,1643272.0,2647835.0,1241241.0,1666439.0,2524390.0,805671.0,918740.0,1423124.0,1009539.0,846764.0,1077881.0,2432514.0,1009697.0,1357898.0,1517547.0,59.1362,0.011728,1521988.2,35.3782,0.007553,1403949.7,19.1763,0.003483,1439601.33,12.4676,0.002501,1490118.2,9.0337,0.001873,1440286.07,6.2308,0.001231
20261002,00965,元大航太防衛科技,6495674.0,9858600.0,8760356.0,544002.0,486894.0,1226223.0,1477324.0,955026.0,632323.0,1765416.0,943517.0,635709.0,1318433.0,523405.0,1443495.0,601610.0,571907.0,5548528.0,991624.0,1592241.0,2466906.0,741146.0,644404.0,688416.0,1717261.0,1102333.0,305550.0,1312139.0,1198004.0,1071710.0,8371543.33,25.8641,0.028296,5229105.2,24.8443,0.018224,3220183.8,20.1717,0.008405,2471093.13,17.5244,0.006033,2318615.35,14.0077,0.00452,1920672.53,11.2733,0.002971
20261002,00971,野村美國研發龍頭,554874.0,226747.0,84896.0,137521.0,55249.0,237375.0,799932.0,276714.0,117864.0,153158.0,244462.0,26433.0,33470.0,117723.0,93955.0,230387.0,297945.0,223985.0,417708.0,73528.0,163423.0,97688.0,105754.0,582621.0,135302.0,75310.0,64164.0,21252.0,197072.0,281059.0,288839.0,64.035,0.002417,211857.4,52.3818,0.001557,264433.0,20.9835,0.000718,210691.53,17.5572,0.000515,220196.3,12.5995,0.000386,204252.37,9.0554,0.000254
20261002,00972,野村日本動能高息,31566.0,102245.0,156852.0,109843.0,70155.0,55779.0,16241.0,21097.0,43528.0,99136.0,312941.0,19655.0,63217.0,64201.0,5638.0,27520.0,134231.0,351793.0,103557.0,295141.0,59118.0,116679.0,7.0,76192.0,15442.0,34071.0,20435.0,70461.0,95828.0,173996.0,96887.67,10.86,0.000138,94132.2,6.7067,8.9e-05,70644.2,4.4683,4.1e-05,78139.6,2.6931,2.9e-05,104216.8,1.5144,2.2e-05,91552.17,1.1493,1.4e-05
20261002,009800,中信NASDAQ,2556584.0,1575697.0,3372292.0,1239217.0,1070235.0,2085442.0,901387.0,1344722.0,1042163.0,691660.0,854702.0,887668.0,1408659.0,1284833.0,1285819.0,922512.0,1323798.0,1245236.0,864536.0,1659917.0,1378918.0,1517974.0,934000.0,796794.0,913995.0,1444200.0,892051.0,445288.0,758787.0,650910.0,2501524.33,34.067,0.011137,1962805.0,26.0503,0.007173,1587939.9,16.1,0.003308,1440072.0,11.8354,0.002375,1380853.95,9.2573,0.001779,1244999.87,6.8449,0.001169
20261002,009801,中信美國創新科技,846179.0,1226305.0,1733861.0,490449.0,629130.0,1601150.0,618048.0,760461.0,629006.0,127216.0,334094.0,995503.0,883875.0,340547.0,327201.0,209058.0,831249.0,445225.0,546021.0,504527.0,791742.0,770691.0,403028.0,438592.0,634491.0,754592.0,547152.0,386873.0,3099328.0,1804451.0,1268781.67,22.2307,0.003686,985184.8,17.1781,0.002374,866180.5,9.7691,0.001095,769535.0,7.3307,0.000786,703955.25,6.0102,0.000589,790334.83,3.5689,0.000387
20261002,009802,富邦旗艦50,2564955.0,2074035.0,2920051.0,3399117.0,3223381.0,3407787.0,7294440.0,8806228.0,6222645.0,3986974.0,2021578.0,4654743.0,3853416.0,6115502.0,4336304.0,3851018.0,8294220.0,28092982.0,8272408.0,22289716.0,42774096.0,100013892.0,3703026.0,2719131.0,2226897.0,1963224.0,1304947.0,1702137.0,2082411.0,2030241.0,2519680.33,33.9323,0.011173,2836307.8,18.0866,0.007196,4389961.3,5.8428,0.003319,4325410.4,3.9533,0.002382,6784075.0,1.8904,0.001785,9873383.4,0.8659,0.001173
20261002,009803,玉山市值動能50,2986995.0,3043479.0,3055016.0,3649864.0,2556383.0,2524096.0,5457053.0,3376608.0,3697931.0,4169140.0,4775129.0,10379622.0,29714706.0,18377909.0,9506767.0,8939086.0,22252657.0,4987093.0,4958157.0,8851227.0,6582975.0,2241246.0,1308217.0,1067579.0,1130222.0,1417097.0,790092.0,585449.0,875467.0,939028.0,3028496.67,32.8765,0.013012,3058347.4,19.5334,0.00838,3451656.5,8.6538,0.003865,7151379.87,2.7845,0.002774,7862945.9,1.8994,0.002078,5806543.0,1.7147,0.001366
20261002,009804,聯邦台精彩50,769244.0,692246.0,661234.0,1011055.0,756367.0,775189.0,2150206.0,2414294.0,1430775.0,954858.0,650638.0,637103.0,773743.0,1195056.0,528561.0,843631.0,1612488.0,1713343.0,1607477.0,918674.0,798734.0,3860143.0,645035.0,1715383.0,637247.0,1107136.0,347232.0,197848.0,735188.0,1026448.0,707574.67,36.2385,0.003351,778029.2,19.7742,0.002158,1161546.8,6.6226,0.000995,1026704.6,4.9949,0.000714,1104809.1,3.4813,0.000535,1105552.53,2.3193,0.000352
20261002,009805,台新美國電力基建,7996584.0,2732367.0,2630568.0,3131270.0,2279294.0,8377072.0,3268425.0,2895295.0,2760842.0,2423712.0,3895098.0,6622673.0,5303941.0,2849762.0,3101572.0,4280795.0,2854577.0,4592309.0,5648064.0,3371043.0,4191606.0,11068757.0,10285376.0,7195465.0,5556457.0,8824528.0,6437071.0,4738204.0,4869979.0,3715679.0,4453173.0,59.8568,0.034834,3754016.6,42.6028,0.022435,3849542.9,20.7728,0.010347,4017898.33,13.2683,0.007427,4050763.15,9.8705,0.005564,4929946.17,5.4068,0.003658
20261002,009808,華南永昌優選50,26253.0,65676.0,82543.0,171793.0,39234.0,74497.0,161547.0,108188.0,225740.0,92851.0,495675.0,53819.0,129505.0,134069.0,57487.0,111505.0,179780.0,224680.0,132476.0,255559.0,462281.0,290507.0,49039.0,195540.0,88210.0,167338.0,37173.0,127964.0,150967.0,192786.0,58157.33,15.0471,0.000114,77099.8,6.8101,7.4e-05,104832.2,2.5043,3.4e-05,127925.13,1.3681,2.4e-05,141143.85,0.93,1.8e-05,152822.73,0.5726,1.2e-05
20261002,009809,富邦淨零ESG50,86382.0,62369.0,257200.0,184093.0,321378.0,81496.0,60098.0,193449.0,1145751.0,138744.0,92387.0,47845.0,186032.0,374806.0,421965.0,76930.0,286373.0,532540.0,607688.0,667713.0,37178.0,131524.0,69689.0,885412.0,17824.0,213250.0,235615.0,38992.0,43741.0,122714.0,135317.0,21.2789,0.000376,182284.4,9.4777,0.000242,253096.0,3.413,0.000112,243599.67,2.364,8e-05,291261.95,1.4829,6e-05,254039.27,1.1334,4e-05
20261002,00980A,主動野村臺灣優選,11451512.0,9041437.0,18882373.0,8275783.0,3989759.0,7991467.0,7625654.0,4047650.0,7339459.0,5132993.0,7490124.0,5195070.0,5766125.0,8301707.0,6247751.0,4138363.0,6516441.0,7094293.0,7003637.0,7511073.0,5066486.0,11368484.0,8355132.0,6841548.0,6772745.0,10241641.0,8343331.0,6340300.0,14244116.0,19755921.0,13125107.33,29.083,0.049884,10328172.8,22.1753,0.032129,8377808.7,13.6689,0.014817,7785257.6,9.8062,0.010636,7452133.55,7.6834,0.007968,8212412.5,4.6481,0.005238
20261002,009810,玉山全球藍籌100,217572.0,69420.0,384646.0,326584.0,192230.0,127223.0,29813.0,156844.0,272817.0,94449.0,473947.0,34965.0,184100.0,173029.0,212455.0,74999.0,27988.0,246519.0,103445.0,181258.0,14520.0,82266.0,62681.0,78256.0,245195.0,160312.0,181844.0,14941.0,284364.0,43443.0,223879.33,32.3942,0.000948,238090.4,18.2764,0.00061,187159.8,11.6249,0.000282,196672.93,7.3751,0.000202,179215.15,6.0701,0.000151,158404.17,4.5784,0.0001
20261002,009811,統一美國50,1025823.0,2500475.0,297670.0,931721.0,922332.0,490758.0,2237779.0,1211042.0,2064773.0,807452.0,460378.0,526440.0,1420786.0,1293449.0,1370006.0,608482.0,2101392.0,967886.0,1153954.0,609423.0,1432640.0,573584.0,1346273.0,718970.0,1355756.0,2163590.0,788785.0,829531.0,559849.0,1631647.0,1274656.0,26.8261,0.004469,1135604.2,18.0666,0.002878,1248982.5,8.2133,0.001327,1170725.6,5.8415,0.000953,1150101.05,4.4597,0.000714,1146754.87,2.9818,0.000469
20261002,009812,野村日本東證,882621.0,483359.0,635826.0,1298169.0,603123.0,148687.0,127777.0,777295.0,252274.0,140687.0,358001.0,159011.0,325398.0,553568.0,184370.0,351936.0,1249985.0,170387.0,383303.0,725200.0,807434.0,561834.0,875566.0,231619.0,412700.0,184676.0,562732.0,562218.0,560818.0,139111.0,667268.67,44.0912,0.003845,780619.6,22.6133,0.002476,534981.8,16.4982,0.001142,462011.07,12.7359,0.00082,490548.85,8.9963,0.000614,490322.83,6.0003,0.000404
20261002,009813,貝萊德標普卓越50,1283757.0,4970561.0,1879190.0,738497.0,1163196.0,1828586.0,1847073.0,1248268.0,1473160.0,1317281.0,1757123.0,2880199.0,1509394.0,1272086.0,814021.0,411809.0,3258860.0,1655785.0,2709003.0,1315413.0,788473.0,635170.0,2064349.0,553636.0,1339070.0,651049.0,1048555.0,386900.0,376435.0,974047.0,2711169.33,15.7836,0.005592,2007040.2,12.7925,0.003602,1774956.9,7.2326,0.001661,1732159.47,4.9409,0.001192,1766663.1,3.6333,0.000893,1471698.2,2.9077,0.000587
20261002,009816,凱基台灣TOP50,103095611.0,96626053.0,81829044.0,125516365.0,76056880.0,81402436.0,97610219.0,115853431.0,115488679.0,74471935.0,65929067.0,91384211.0,87503192.0,113288239.0,76607163.0,59063834.0,97206710.0,137199189.0,74456140.0,72502037.0,83760868.0,136805629.0,95556346.0,81908852.0,88600413.0,84543431.0,67434569.0,46228541.0,115138511.0,78606685.0,93850236.0,36.6171,0.449099,96624790.6,21.3394,0.289246,96795065.3,10.6509,0.133395,93510835.0,7.35,0.095757,92154521.75,5.5936,0.071739,90722476.0,3.7879,0.047155
20261002,009817,國泰日本不動產,1247655.0,1489099.0,613858.0,606321.0,1711437.0,1738243.0,1113581.0,749078.0,2040687.0,253947.0,621944.0,354068.0,997041.0,1003984.0,1077870.0,625535.0,1025777.0,315215.0,1028628.0,3070689.0,973239.0,413462.0,786971.0,1184579.0,112423.0,244420.0,476134.0,671136.0,203514.0,914939.0,1116870.67,37.2366,0.005435,1133674.0,22.0108,0.0035,1156390.6,10.7892,0.001614,1041254.2,7.9882,0.001159,1084232.85,5.7536,0.000868,922182.47,4.5098,0.000571
20261002,009818,華南永昌NASDAQxT,82660.0,399634.0,213222.0,155747.0,41818.0,307293.0,268496.0,280656.0,389112.0,212451.0,123590.0,192453.0,252108.0,67121.0,126207.0,305711.0,262829.0,57170.0,287962.0,311979.0,61616.0,88640.0,173417.0,149833.0,478144.0,160883.0,63475.0,32840.0,56328.0,174735.0,231838.67,11.8847,0.00036,178616.2,9.2556,0.000232,235108.9,3.5158,0.000107,207504.53,2.6557,7.7e-05,216910.95,1.9054,5.8e-05,192604.33,1.4306,3.8e-05
20261002,009819,中信數據及電力,2206554.0,2210625.0,3223649.0,2758559.0,1458102.0,2162318.0,4384363.0,5452755.0,1587350.0,1769243.0,3951924.0,7163359.0,3551658.0,2963969.0,1863226.0,3581085.0,5031796.0,3056249.0,2814908.0,6962345.0,5939855.0,5450410.0,4327781.0,3964110.0,3599253.0,4828256.0,6276397.0,2728381.0,5118185.0,3963672.0,2546942.67,28.8785,0.009612,2371497.8,18.6089,0.006191,2721351.8,8.1083,0.002855,3113843.6,4.7242,0.002049,3407701.85,3.2376,0.001535,3811677.9,1.9296,0.001009
20261002,00981A,主動統一台股增長,153933672.0,113187922.0,98951609.0,115904355.0,163174741.0,224563308.0,272535764.0,146281908.0,144724965.0,197011530.0,142995444.0,164063144.0,129531951.0,144282035.0,77932837.0,126233332.0,141878564.0,170158621.0,113174114.0,153989254.0,180118884.0,234947623.0,235775060.0,217470599.0,135073592.0,150955269.0,114508186.0,134555990.0,234849451.0,217130318.0,122024401.0,42.05,0.670557,129030459.8,23.8601,0.431878,163026977.4,9.4422,0.199174,152605012.33,6.7247,0.142976,149725453.5,5.1405,0.107114,161663134.73,3.174,0.070408
20261002,00981T,平衡凱基雙核收息,2514901.0,1827207.0,3033317.0,2809845.0,1242002.0,2989376.0,2193479.0,2263723.0,1868355.0,1788301.0,2008422.0,1690115.0,2712441.0,3586999.0,1315586.0,1400539.0,2881477.0,2272132.0,1903588.0,2094146.0,2182961.0,2125689.0,2054339.0,2326577.0,1594223.0,2429210.0,1816813.0,2580419.0,3144925.0,4696365.0,2458475.0,34.0984,0.010955,2285454.4,22.0079,0.007056,2253050.6,11.1622,0.003254,2256271.27,7.4308,0.002336,2219797.55,5.6647,0.00175,2311582.4,3.6265,0.00115
20261002,009820,元大納斯達克精選,6832530.0,20705889.0,11647082.0,6063214.0,8807443.0,24643885.0,24657416.0,20475303.0,9050056.0,2431251.0,1504909.0,2132823.0,1956295.0,3089172.0,5661417.0,3868967.0,5563242.0,4323154.0,4648045.0,7266035.0,4451484.0,6560244.0,2392560.0,7952057.0,4891015.0,3112971.0,9539764.0,2348953.0,6663253.0,8084244.0,13061833.67,17.4364,0.029763,10811231.6,12.6397,0.019169,13531406.9,5.0494,0.008841,9977245.67,4.5654,0.006346,8766406.4,3.897,0.004754,7710822.43,2.9537,0.003125
20261002,009821,野村稀土關鍵資源,7192954.0,7930670.0,9846698.0,15191638.0,4355732.0,2858144.0,4103727.0,4385048.0,3950302.0,4835514.0,3213584.0,2909581.0,4768035.0,5910691.0,2489761.0,3598784.0,3531671.0,3486556.0,4356701.0,3284305.0,6698882.0,4270199.0,9529451.0,7953362.0,8517548.0,21704577.0,26198678.0,3703235.0,4688810.0,8123952.0,8323440.67,28.806,0.031334,8903538.4,16.1575,0.020181,6465042.7,11.1259,0.009307,5596138.6,8.5689,0.006681,5110004.8,7.0381,0.005005,6786293.0,3.5331,0.00329
20261002,009824,群益美國科技巨頭,3802384.0,6826228.0,3647844.0,5892884.0,4193984.0,7946660.0,9659834.0,12812594.0,19789497.0,6273440.0,3706878.0,2608063.0,1974953.0,3484459.0,5579802.0,4380633.0,5970546.0,5493913.0,14937916.0,6842543.0,3580273.0,3978674.0,6407569.0,3931544.0,5764384.0,2490165.0,2789716.0,1930174.0,3503715.0,7177004.0,4758818.67,26.6339,0.016564,4872664.8,15.607,0.010668,8084534.9,4.7033,0.00492,6546633.6,3.8721,0.003532,6791252.75,2.7995,0.002646,5912609.1,2.1437,0.001739
20261002,009826,貝萊德世界股票,9831435.0,8273634.0,9478444.0,11673122.0,9555473.0,9651579.0,11899330.0,12569011.0,10835685.0,12483991.0,10555525.0,10194808.0,10888138.0,21402266.0,22025410.0,14454382.0,10025476.0,11735381.0,6794962.0,10822948.0,21395529.0,18729634.0,26016833.0,19445185.0,12541004.0,13087730.0,19206644.0,16761940.0,23735382.0,32164847.0,9194504.33,35.6424,0.042827,9762421.6,20.1414,0.027583,10625170.4,9.253,0.012721,12087856.73,5.4222,0.009132,11757550.0,4.1809,0.006841,14607857.6,2.2434,0.004497
20261002,009827,玉山未來全球算力,2339028.0,2968319.0,2745236.0,3282721.0,2364923.0,3303264.0,4299450.0,4824706.0,5436471.0,7233833.0,6323275.0,5659145.0,4413053.0,5184771.0,4815906.0,6725299.0,7199873.0,8448180.0,16071928.0,15723796.0,41906544.0,,,,,,,,,,2684194.33,29.0469,0.010189,2740045.4,17.0729,0.006562,3879795.1,6.0287,0.003026,4346273.4,3.5878,0.002173,5968158.85,1.9596,0.001628,7679510.52,1.4504,0.00107
20261002,009828,中信台日韓PCB,56020293.0,35197217.0,52762550.0,28073119.0,68584661.0,80129544.0,60010235.0,25278334.0,40572581.0,86969085.0,32005195.0,30047817.0,49100221.0,55467325.0,66095797.0,49652633.0,71853860.0,94914159.0,103246680.0,146075643.0,119272537.0,,,,,,,,,,47993353.33,38.9084,0.244032,48127568.0,23.2799,0.157171,53359761.9,10.4986,0.072484,51087598.27,7.3104,0.052033,61602847.45,4.5469,0.038982,64349023.14,4.1456,0.025623
20261002,009829,大華韓國KOSPI50,14591193.0,19172503.0,17138475.0,29256980.0,8663210.0,24249755.0,34884768.0,18790461.0,18066844.0,11314197.0,24821461.0,16539024.0,19318858.0,22276418.0,22669188.0,24368884.0,39086926.0,27424383.0,19781160.0,21764576.0,30968684.0,18073179.0,36392907.0,30336366.0,35711510.0,31284664.0,69509781.0,138382047.0,,,16967390.33,28.6652,0.063561,17764472.2,16.4274,0.040937,19612838.6,7.4396,0.018879,20116889.0,4.8355,0.013553,21708963.2,3.3606,0.010153,29458514.36,1.769,0.006674
20261002,00982A,主動群益台灣強棒,41733519.0,10059669.0,12843060.0,13368750.0,12790915.0,13519105.0,26679670.0,14899875.0,19439539.0,12170118.0,9264181.0,15220494.0,16035675.0,17295519.0,9422419.0,12607858.0,12332585.0,23215076.0,15056672.0,20830187.0,17883441.0,50942255.0,17171779.0,19153582.0,20945647.0,20489280.0,16623450.0,19100427.0,27222874.0,32090433.0,21545416.0,64.5667,0.181797,18159182.6,45.9641,0.117088,17750422.0,23.5113,0.053999,16316167.2,17.052,0.038763,16439244.3,12.6933,0.02904,19013601.8,7.3164,0.019088
20261002,00982D,主動富邦動態入息,1831408.0,558927.0,2574593.0,4699076.0,704107.0,359878.0,278578.0,34865.0,72926.0,794642.0,202539.0,93402.0,878935.0,991835.0,332702.0,161400.0,245125.0,813362.0,164573.0,86476.0,142975.0,493535.0,190772.0,419911.0,885658.0,294534.0,611341.0,357015.0,666459.0,1118181.0,1654976.0,36.8869,0.007978,2073622.2,17.6639,0.005138,1190900.0,15.3784,0.00237,960560.87,12.7107,0.001701,793967.45,11.5333,0.001274,701991.0,8.6963,0.000838
20261002,00982T,平衡兆豐台美動能,80667.0,272723.0,39522.0,51476.0,85068.0,132929.0,235900.0,249591.0,143049.0,235897.0,183192.0,653203.0,429235.0,363006.0,231752.0,690529.0,259649.0,249347.0,111691.0,192224.0,220068.0,431561.0,36617.0,65606.0,31268.0,49602.0,79464.0,19133.0,31772.0,24830.0,130970.67,20.5306,0.000351,105891.2,15.2358,0.000226,152682.2,5.2833,0.000104,225814.0,2.3815,7.5e-05,244532.5,1.6494,5.6e-05,196019.03,1.3718,3.7e-05
20261002,00983A,主動中信ARK創新,703691.0,759106.0,1426988.0,842940.0,970463.0,3742227.0,1173888.0,1678537.0,3075076.0,1023630.0,427969.0,1149416.0,1457846.0,1596280.0,501188.0,543851.0,1653717.0,778901.0,1855821.0,1379515.0,502263.0,1451254.0,679300.0,1931265.0,1742141.0,3385575.0,2449660.0,1452869.0,1782949.0,533746.0,963261.67,24.351,0.003065,940637.6,14.962,0.001974,1539654.6,4.5704,0.000911,1368616.33,3.4277,0.000654,1337052.5,2.6315,0.00049,1421735.73,1.6498,0.000322
20261002,00983D,主動富邦複合收益,1402582.0,550130.0,692059.0,1910799.0,694447.0,457436.0,766347.0,853360.0,1004987.0,540684.0,712592.0,892863.0,589806.0,297114.0,482560.0,895094.0,687948.0,627428.0,572841.0,309727.0,1179003.0,1541810.0,1357016.0,443052.0,655573.0,1028477.0,382022.0,347580.0,503662.0,1577605.0,881590.33,53.0323,0.00611,1050003.4,26.7158,0.003935,887283.1,15.8076,0.001815,789851.07,11.8384,0.001303,747040.2,9.3876,0.000976,798553.47,5.8547,0.000642
20261002,00984A,主動安聯台灣高息,3688008.0,2833257.0,3428942.0,3994530.0,2891764.0,3679379.0,4090165.0,4263276.0,3462187.0,2265843.0,2052183.0,3866325.0,4055489.0,3434107.0,2038566.0,2502309.0,2884624.0,4502139.0,3896284.0,3800750.0,3421178.0,7038855.0,3087534.0,3385808.0,4603458.0,4068872.0,2512978.0,2470298.0,3628836.0,4772602.0,3316735.67,37.0646,0.016065,3367300.2,21.9048,0.010347,3459735.1,10.6598,0.004772,3336268.07,7.3695,0.003425,3381506.35,5.4532,0.002566,3554018.2,3.459,0.001687
20261002,00984D,主動聯博全球非投,24489995.0,13002359.0,26042276.0,39304198.0,14013028.0,16175391.0,14466658.0,20207154.0,10025288.0,9609773.0,12199162.0,11065077.0,11447666.0,17612950.0,8507256.0,8874618.0,20121685.0,20790063.0,23199067.0,11490297.0,16083669.0,35635773.0,40590008.0,51132892.0,26389465.0,14954581.0,30279106.0,25989052.0,30552519.0,29536190.0,21178210.0,38.5459,0.106682,23370371.2,20.9582,0.068709,18733612.0,13.0728,0.031687,16544548.73,9.8683,0.022747,16632198.05,7.3622,0.017041,21126240.53,3.8641,0.011201
20261002,00985A,主動野村台灣50,56258017.0,28030344.0,2130737.0,2348739.0,2403784.0,1075613.0,2698124.0,1606730.0,1769482.0,1745882.0,1435450.0,1457307.0,2557343.0,3015709.0,2011709.0,2383409.0,2209061.0,1909285.0,3380128.0,2379172.0,4486985.0,3287012.0,3666572.0,3365389.0,4363182.0,3071567.0,1785062.0,1457789.0,3457584.0,4295438.0,28806366.0,65.0991,0.245068,18234324.2,61.7056,0.157838,10006745.2,56.2201,0.072792,7369664.67,50.8915,0.052254,6140301.25,45.8105,0.039147,5201420.17,36.053,0.025732
20261002,00985B,群益ESG投等債0-5,6838265.0,3894563.0,10445852.0,9160952.0,6265388.0,6139616.0,6503440.0,4762760.0,14211460.0,5288829.0,7675695.0,3762436.0,3922469.0,8105464.0,2613621.0,3897646.0,10448424.0,12160593.0,6483604.0,5283163.0,6131977.0,9217071.0,15113342.0,13853093.0,8605078.0,5966216.0,8389999.0,7508127.0,4110699.0,6055510.0,7059560.0,32.2884,0.029788,7321004.0,18.6812,0.019186,7351112.5,9.3024,0.008848,6639387.33,6.8664,0.006352,6893212.0,4.9601,0.004758,7427178.4,3.069,0.003128
20261002,00986A,主動台新龍頭成長,229827.0,681513.0,149673.0,322780.0,130203.0,274653.0,551130.0,177102.0,221242.0,42740.0,65790.0,159544.0,276889.0,67241.0,154184.0,60574.0,592295.0,373386.0,148958.0,277873.0,166606.0,61168.0,479247.0,193556.0,317290.0,154668.0,270410.0,103207.0,168564.0,106419.0,353671.0,21.6611,0.001001,302799.2,15.1802,0.000645,278086.3,8.2646,0.000297,233634.07,6.558,0.000213,247879.85,4.6359,0.00016,232624.4,3.2932,0.000105
20261002,00987A,主動台新優勢成長,3165892.0,1148558.0,2226469.0,1462089.0,1665531.0,2432849.0,3784316.0,2268595.0,4466547.0,1200807.0,1383913.0,1872066.0,761019.0,2046161.0,1349626.0,1769072.0,3262036.0,1078512.0,1287588.0,1936338.0,1540844.0,2683916.0,3423059.0,2892491.0,3244354.0,3873111.0,1348154.0,1753183.0,1706376.0,2364782.0,2180306.33,48.4013,0.013791,1933707.8,32.7443,0.008882,2382165.3,13.29,0.004096,2082295.87,10.1359,0.002941,2028399.2,7.8039,0.002203,2179941.8,4.8409,0.001448
20261002,00988A,主動統一全球創新,33017030.0,22243705.0,17586031.0,22820491.0,15401528.0,21970346.0,34565886.0,17127925.0,23508771.0,22292527.0,17536761.0,19901926.0,17213306.0,18185846.0,18640957.0,19960699.0,19134898.0,23066523.0,24690800.0,26119136.0,37926241.0,26032817.0,33269902.0,32470976.0,24860845.0,22824405.0,31199573.0,20041712.0,61769758.0,43663018.0,24282255.33,45.3239,0.143827,22213757.0,29.7267,0.092633,23053424.0,14.322,0.042721,21467535.73,10.2533,0.030667,21749254.6,7.5904,0.022975,25634811.3,4.2933,0.015102
20261002,00989A,主動摩根美國科技,1075681.0,922775.0,897047.0,1930430.0,1766295.0,1825899.0,449698.0,175965.0,969106.0,523973.0,600464.0,757454.0,1339203.0,151218.0,1464856.0,334808.0,663936.0,176047.0,741356.0,1446213.0,1204468.0,459232.0,194978.0,684757.0,2897678.0,551135.0,371146.0,684729.0,1275566.0,1487674.0,965167.67,37.1501,0.004686,1318445.6,16.3174,0.003018,1053686.9,10.2087,0.001392,990004.27,7.2436,0.000999,910621.2,5.9063,0.000749,934126.23,3.8385,0.000492
20261002,00990A,主動元大AI新經濟,11807704.0,14668990.0,11867034.0,8141043.0,8028882.0,14615379.0,16242534.0,10642666.0,13638688.0,8006937.0,5561720.0,9342623.0,17305189.0,12084589.0,11254652.0,10724000.0,10489281.0,19149193.0,35645099.0,20271778.0,15746028.0,13012508.0,13552101.0,16283244.0,12192353.0,9577939.0,13393330.0,10557687.0,21500051.0,22575149.0,12781242.67,30.7944,0.051436,10902730.6,21.6601,0.033128,11765985.7,10.0355,0.015278,11547242.0,6.817,0.010967,13474399.05,4.3815,0.008216,13929279.03,2.8256,0.005401
20261002,00991A,主動復華未來50,90235890.0,68643276.0,46302512.0,38233078.0,61734012.0,57500282.0,94061139.0,51884665.0,54352419.0,64062540.0,42945579.0,44203712.0,46814281.0,54895652.0,36366622.0,51507493.0,68169995.0,71197384.0,60208108.0,79537233.0,52692154.0,95025148.0,127703147.0,72340273.0,73108687.0,72670018.0,65294106.0,121181684.0,142664352.0,144642436.0,68393892.67,43.9785,0.393081,61029753.6,29.5711,0.253167,62700981.3,14.3915,0.116756,56815710.6,10.5881,0.083813,59142793.6,7.6286,0.06279,71672595.9,4.1967,0.041273
20261002,00991B,貝萊德A級公司債,721187.0,258080.0,281729.0,482901.0,370460.0,1198271.0,556157.0,841273.0,1603585.0,556117.0,74041.0,136998.0,9389.0,313323.0,13652.0,151903.0,1013528.0,92082.0,835419.0,308205.0,117747.0,191633.0,137543.0,11162679.0,501344.0,337190.0,116148.0,1132194.0,641101.0,1548915.0,420332.0,57.1919,0.003142,422871.4,34.109,0.002023,686976.0,10.498,0.000933,494477.53,9.7232,0.00067,490915.0,7.3453,0.000502,856826.47,2.8057,0.00033
20261002,00992A,主動群益科技創新,42626195.0,39337608.0,23528949.0,19484485.0,28681176.0,36370306.0,40917740.0,29477543.0,40616309.0,33304099.0,23465091.0,18888093.0,31842337.0,30658494.0,21364751.0,28439421.0,35004385.0,35730410.0,41302146.0,41973407.0,33638291.0,52398842.0,55661436.0,57481665.0,57387247.0,35074053.0,26483027.0,21483394.0,41106189.0,51001970.0,35164250.67,40.4068,0.185686,30731682.6,27.7409,0.119593,33434441.0,12.7492,0.055154,30704211.73,9.2552,0.039592,32150647.25,6.6291,0.029661,35824301.97,3.9662,0.019497
20261002,00993A,主動安聯台灣,7836347.0,4771720.0,3291967.0,2333599.0,6020851.0,3486281.0,9754622.0,4321264.0,7593827.0,2511594.0,2343152.0,2229100.0,2651444.0,4334721.0,1737905.0,4703783.0,6093188.0,5960429.0,2949755.0,4672764.0,2876137.0,8650553.0,4988411.0,5329348.0,4979378.0,4355334.0,2913113.0,3545882.0,3147571.0,6156383.0,5300011.33,49.2851,0.034136,4850896.8,32.3089,0.021986,5192207.2,15.0925,0.010139,4347892.93,12.0155,0.007279,4479915.65,8.7461,0.005453,4551347.43,5.7392,0.003584
20261002,00994A,主動第一金台股優,5480166.0,4733743.0,2668046.0,1697637.0,3126844.0,3493318.0,7917840.0,2187918.0,3202992.0,5531049.0,1831428.0,3426625.0,2472633.0,3198141.0,1753676.0,2230258.0,2786224.0,4350166.0,3821903.0,6018205.0,8606683.0,4162261.0,4582499.0,2904857.0,2469418.0,2069461.0,1440233.0,2732190.0,4352881.0,3273855.0,4293985.0,42.5414,0.023872,3541287.2,30.9501,0.015375,4003955.3,13.6869,0.007091,3514803.73,10.3944,0.00509,3596440.6,7.6189,0.003813,3617438.33,5.0498,0.002507
20261002,00995A,主動中信台灣卓越,3052467.0,1846637.0,3383036.0,2353598.0,6367058.0,3809594.0,4596324.0,2624201.0,2283997.0,5144537.0,3209440.0,4031614.0,4846654.0,3641866.0,3361533.0,3585663.0,3073089.0,3694983.0,3506619.0,4125855.0,2747411.0,6328896.0,3165717.0,4339822.0,3018516.0,2253921.0,1263037.0,2546602.0,4132474.0,3210227.0,2760713.33,36.856,0.013297,3400559.2,17.9527,0.008564,3546144.9,8.6078,0.00395,3636837.07,5.5955,0.002835,3626938.25,4.208,0.002124,3518179.6,2.8921,0.001396
20261002,00996A,主動兆豐台灣豐收,16595600.0,5652353.0,2137571.0,811754.0,2941977.0,3543340.0,6219088.0,4684780.0,4055402.0,3104704.0,3028499.0,2083914.0,2381849.0,3274517.0,3399925.0,3102183.0,2709940.0,4115832.0,3728657.0,2653111.0,4086601.0,6268792.0,3233328.0,3609317.0,4049156.0,4070794.0,1176798.0,1992209.0,4502342.0,6007038.0,8128508.0,68.0551,0.072293,5627851.0,58.9767,0.046561,4974656.9,33.3603,0.021473,4261018.2,25.965,0.015414,4011249.8,20.6863,0.011548,3974045.7,13.92,0.007591
20261002,00997A,主動群益美國增長,14820637.0,11426422.0,10437458.0,6626985.0,12338201.0,10940715.0,15677390.0,13983263.0,6256094.0,4364411.0,3968170.0,4196561.0,9836496.0,6277741.0,6320111.0,6620131.0,6248627.0,7642501.0,7450875.0,7427203.0,10133969.0,13732772.0,8609252.0,7386758.0,7065832.0,6379003.0,6468645.0,4730802.0,16900713.0,10679550.0,12228172.33,40.4003,0.064561,11129940.6,26.632,0.041581,10687157.6,13.8677,0.019176,9164710.33,10.7809,0.013766,8642999.6,8.5738,0.010313,8831576.27,5.5938,0.006779
20261002,00999A,主動野村臺灣高息,10281711.0,4877218.0,5595800.0,6226258.0,7280767.0,8609765.0,8894889.0,6970461.0,10484666.0,7412486.0,10957934.0,17165006.0,9971228.0,17126687.0,7857491.0,10270718.0,14700893.0,11364310.0,16357713.0,10414532.0,8759830.0,17137108.0,11040199.0,13861987.0,8635974.0,8365164.0,3438567.0,5476042.0,9658442.0,10749431.0,6918243.0,49.5391,0.044789,6852350.8,30.0093,0.028847,7663402.1,13.4166,0.013303,9314157.8,7.3592,0.00955,10141026.65,5.0694,0.007154,9998109.23,3.4279,0.004703
20261002,01001T,土銀富邦R1,2006280.0,21000.0,53000.0,6000.0,28369.0,13943.0,64100.0,37000.0,166040.0,66060.0,0.0,23283.0,10000.0,199140.0,96160.0,154000.0,133000.0,94500.0,169180.0,79000.0,3008.0,4180.0,4222.0,68087.0,180740.0,30030.0,10180.0,14000.0,7084.0,5000.0,693426.67,96.4428,0.00874,422929.8,94.8753,0.005629,246179.2,81.4967,0.002596,186025.0,71.9,0.001863,171002.75,58.6622,0.001396,124886.2,53.5496,0.000918
20261002,01002T,土銀國泰R1,7000.0,62000.0,135000.0,5000.0,11129.0,46000.0,54000.0,26000.0,89000.0,32000.0,10000.0,90249.0,8317.0,124000.0,121004.0,73000.0,81008.0,63503.0,58000.0,24005.0,25008.0,25002.0,15000.0,32000.0,21000.0,16932.0,41000.0,197000.0,20000.0,55000.0,68000.0,3.4314,3e-05,44025.8,3.18,2e-05,46712.9,1.4985,9e-06,54713.27,0.8529,7e-06,56010.75,0.6249,5e-06,52271.9,0.4464,3e-06
20261002,01004T,土銀富邦R2,46010.0,77460.0,72000.0,55460.0,117922.0,196000.0,58000.0,72000.0,77025.0,75045.0,60020.0,61000.0,41000.0,215010.0,166114.0,122000.0,139004.0,30500.0,79000.0,36000.0,25000.0,54069.0,61060.0,41040.0,49050.0,61632.0,45500.0,53401.0,45338.0,63742.0,65156.67,23.5381,0.0002,73770.4,12.4738,0.000129,84692.2,5.4326,6e-05,92671.07,3.3099,4.3e-05,89828.5,2.561,3.2e-05,76546.73,2.0036,2.1e-05
20261002,01007T,兆豐國泰R2,52180.0,57000.0,46000.0,71000.0,53487.0,53000.0,93000.0,70000.0,86000.0,56000.0,56000.0,84390.0,59000.0,191000.0,95000.0,109000.0,171000.0,160000.0,88000.0,93000.0,5000.0,96000.0,78000.0,105000.0,141000.0,124000.0,165000.0,155000.0,60000.0,184000.0,51726.67,33.6255,0.000227,55933.4,18.6579,0.000146,63766.7,8.183,6.8e-05,74870.47,4.6462,4.8e-05,87202.85,2.9919,3.6e-05,95235.23,1.8264,2.4e-05
20261002,01009T,王道圓滿R1,3000.0,5190000.0,2000.0,2000.0,62000.0,28000.0,47100.0,80000.0,253000.0,79000.0,13000.0,20000.0,81000.0,23000.0,5163000.0,1000.0,22000.0,51000.0,18000.0,32000.0,8000.0,20000.0,55000.0,20000.0,7000.0,4000.0,78000.0,272000.0,33000.0,19000.0,1731666.67,0.0577,1.3e-05,1051800.0,0.057,8e-06,574610.0,0.0522,4e-06,736406.67,0.0272,3e-06,558505.0,0.0269,2e-06,389536.67,0.0257,1e-06
20261002,01010T,京城樂富R1,1006000.0,82384.0,27000.0,8000.0,32010.0,221208.0,241384.0,130000.0,64198.0,3000.0,252000.0,70000.0,547000.0,0.0,302002.0,156002.0,133000.0,5602000.0,95000.0,0.0,62000.0,32539.0,122358.0,9228.0,89000.0,32010.0,33000.0,64234.0,122000.0,164000.0,371794.67,90.1932,0.004382,231078.8,87.0699,0.002822,181518.4,55.4214,0.001302,199079.07,33.6885,0.000934,448609.4,11.2124,0.0007,323418.57,10.3684,0.00046
20261002,020000,富邦特選蘋果N,1000.0,22000.0,19000.0,1000.0,0.0,3000.0,47000.0,54000.0,63000.0,9000.0,37000.0,9000.0,2000.0,8000.0,3000.0,51000.0,34000.0,56000.0,102000.0,5000.0,3000.0,2000.0,1000.0,0.0,0.0,12000.0,2000.0,2000.0,2000.0,1000.0,14000.0,2.381,4e-06,8600.0,2.3256,3e-06,21900.0,0.4566,1e-06,18533.33,0.3597,1e-06,26300.0,0.1901,1e-06,18366.67,0.1815,0.0
20261002,020011,統一微波高息20N,0.0,0.0,0.0,0.0,0.0,0.0,0.0,0.0,0.0,0.0,0.0,0.0,0.0,0.0,0.0,0.0,0.0,0.0,0.0,0.0,0.0,0.0,0.0,0.0,0.0,0.0,0.0,0.0,0.0,0.0,0.0,,0.0,0.0,,0.0,0.0,,0.0,0.0,,0.0,0.0,,0.0,0.0,,0.0
20261002,020012,富邦行動通訊N,0.0,1000.0,0.0,0.0,0.0,0.0,1000.0,0.0,0.0,0.0,0.0,0.0,0.0,0.0,0.0,1000.0,0.0,0.0,0.0,0.0,0.0,3000.0,0.0,0.0,0.0,0.0,0.0,0.0,0.0,1000.0,333.33,0.0,0.0,200.0,0.0,0.0,200.0,0.0,0.0,133.33,0.0,0.0,150.0,0.0,0.0,233.33,0.0,0.0
20261002,02001L,富邦蘋果正二N,58000.0,84000.0,109000.0,52000.0,111000.0,89000.0,189000.0,341000.0,238000.0,267000.0,45000.0,53000.0,32000.0,180000.0,60000.0,128000.0,64000.0,159000.0,115000.0,62000.0,52000.0,116000.0,387000.0,141000.0,128000.0,131000.0,57000.0,104000.0,123000.0,79000.0,83666.67,23.1076,0.000253,82800.0,14.0097,0.000163,153800.0,3.7711,7.5e-05,127200.0,3.0398,5.4e-05,121800.0,2.381,4e-05,125133.33,1.545,2.7e-05
20261002,020020,元大台股領航N,14000.0,35000.0,26000.0,90000.0,8000.0,10000.0,8000.0,44000.0,22000.0,0.0,6000.0,4000.0,11000.0,0.0,5000.0,1000.0,13000.0,14000.0,16000.0,2000.0,3000.0,17000.0,0.0,6000.0,8000.0,171000.0,0.0,21000.0,0.0,5000.0,25000.0,18.6667,6.1e-05,34600.0,8.0925,3.9e-05,25700.0,5.4475,1.8e-05,18866.67,4.947,1.3e-05,16450.0,4.2553,1e-05,18666.67,2.5,6e-06
20261002,020028,元大特選電動車N,6000.0,11000.0,23000.0,0.0,0.0,3000.0,14000.0,3000.0,21000.0,0.0,1000.0,9000.0,6000.0,0.0,51000.0,41000.0,0.0,15000.0,10000.0,23000.0,6000.0,36000.0,6000.0,33000.0,9000.0,46000.0,38000.0,106000.0,2000.0,0.0,13333.33,15.0,2.6e-05,8000.0,15.0,1.7e-05,8100.0,7.4074,8e-06,9866.67,4.0541,6e-06,11850.0,2.5316,4e-06,17300.0,1.1561,3e-06
20261002,020029,元大ESG高股息N,10000.0,2000.0,2000.0,3000.0,4000.0,7000.0,17000.0,61000.0,52000.0,3000.0,1000.0,1000.0,5000.0,1000.0,3000.0,32000.0,2000.0,25000.0,4000.0,64000.0,50000.0,18000.0,0.0,14000.0,7000.0,0.0,11000.0,0.0,1000.0,13000.0,4666.67,71.4286,4.4e-05,4200.0,47.619,2.8e-05,16100.0,6.2112,1.3e-05,11466.67,5.814,9e-06,14950.0,3.3445,7e-06,13766.67,2.4213,5e-06
20261002,020030,統一智慧電動車N,4000.0,4000.0,2000.0,0.0,28000.0,15000.0,6000.0,36000.0,42000.0,1000.0,2000.0,6000.0,1000.0,7000.0,11000.0,15000.0,1000.0,68000.0,24000.0,2000.0,2000.0,17000.0,16000.0,46000.0,7000.0,19000.0,3000.0,0.0,2000.0,35000.0,3333.33,40.0,1.7e-05,7600.0,10.5263,1.1e-05,13800.0,2.8986,5e-06,11000.0,2.4242,4e-06,13750.0,1.4545,3e-06,14066.67,0.9479,2e-06
20261002,020031,統一IC設計臺灣N,62000.0,4000.0,3000.0,20000.0,8000.0,13000.0,99000.0,10000.0,13000.0,10000.0,1000.0,2000.0,8000.0,8000.0,3000.0,0.0,1000.0,86000.0,0.0,11000.0,8000.0,41000.0,4000.0,2000.0,11000.0,68000.0,2000.0,2000.0,8000.0,4000.0,23000.0,89.8551,0.00027,19400.0,63.9175,0.000174,24200.0,25.6198,8e-05,17600.0,23.4848,5.8e-05,18100.0,17.1271,4.3e-05,17066.67,12.1094,2.8e-05
20261002,020032,元大綠能N,1000.0,10000.0,3000.0,0.0,0.0,13000.0,2000.0,1000.0,0.0,2000.0,0.0,0.0,0.0,0.0,0.0,2000.0,0.0,0.0,0.0,0.0,0.0,1000.0,10000.0,20000.0,0.0,0.0,0.0,15000.0,0.0,0.0,4666.67,7.1429,4e-06,2800.0,7.1429,3e-06,3200.0,3.125,1e-06,2133.33,3.125,1e-06,1700.0,2.9412,1e-06,2666.67,1.25,0.0
20261002,020034,元大IC設計N,1000.0,11000.0,3000.0,49000.0,22000.0,13000.0,24000.0,20000.0,30000.0,26000.0,2000.0,6000.0,56000.0,2000.0,4000.0,31000.0,160000.0,183000.0,57000.0,48000.0,29000.0,29000.0,34000.0,17000.0,23000.0,30000.0,8000.0,15000.0,4000.0,20000.0,5000.0,6.6667,4e-06,17200.0,1.1628,3e-06,19900.0,0.5025,1e-06,17933.33,0.3717,1e-06,37400.0,0.1337,1e-06,31900.0,0.1045,0.0
20261002,020036,元大金融配息N,9000.0,2000.0,0.0,2000.0,11000.0,1000.0,16000.0,2000.0,4000.0,1000.0,1000.0,0.0,0.0,0.0,2000.0,0.0,11000.0,1000.0,0.0,0.0,0.0,2000.0,0.0,0.0,0.0,1000.0,0.0,0.0,0.0,0.0,3666.67,81.8182,3.9e-05,4800.0,37.5,2.5e-05,4800.0,18.75,1.2e-05,3400.0,17.6471,8e-06,3150.0,14.2857,6e-06,2200.0,13.6364,4e-06
20261002,020037,元大金融高股息N,3000.0,12000.0,0.0,1000.0,6000.0,48000.0,13000.0,10000.0,59000.0,17000.0,4000.0,3000.0,5000.0,0.0,1000.0,0.0,13000.0,9000.0,6000.0,0.0,0.0,0.0,0.0,13000.0,2000.0,4000.0,2000.0,13000.0,1000.0,1000.0,5000.0,20.0,1.3e-05,4400.0,13.6364,8e-06,16900.0,1.7751,4e-06,12133.33,1.6484,3e-06,10500.0,1.4286,2e-06,8200.0,1.2195,1e-06
20261002,020038,元大ESG配息N,0.0,1000.0,0.0,5000.0,0.0,2000.0,12000.0,1000.0,3000.0,3000.0,4000.0,0.0,7000.0,3000.0,16000.0,15000.0,3000.0,2000.0,1000.0,52000.0,30000.0,52000.0,2000.0,5000.0,2000.0,1000.0,18000.0,6000.0,0.0,4000.0,333.33,0.0,0.0,1200.0,0.0,0.0,2700.0,0.0,0.0,3800.0,0.0,0.0,6500.0,0.0,0.0,8333.33,0.0,0.0
20261002,020039,元大加權N,85000.0,150000.0,15000.0,10000.0,194000.0,173000.0,10000.0,11000.0,31000.0,6000.0,105000.0,97000.0,97000.0,5000.0,7000.0,3000.0,2000.0,14000.0,2000.0,0.0,71000.0,97000.0,84000.0,10000.0,39000.0,1000.0,18000.0,2000.0,4000.0,5000.0,83333.33,34.0,0.00037,90800.0,18.7225,0.000238,68500.0,12.4088,0.00011,66400.0,8.5341,7.9e-05,50850.0,8.3579,5.9e-05,44933.33,6.3056,3.9e-05
20261002,1101,台泥,25248148.0,54833108.0,104957435.0,31598983.0,39328798.0,130648955.0,29414044.0,12445836.0,22255754.0,23063655.0,18247875.0,20277886.0,35778533.0,14583409.0,20276057.0,33714369.0,16729814.0,19462259.0,18895624.0,24047477.0,43527079.0,108834320.0,557094159.0,16839498.0,27783939.0,36118949.0,46815406.0,35370288.0,16533208.0,26187824.0,61679563.67,13.6448,0.109985,51193294.4,9.8638,0.070837,47379471.6,5.3289,0.032668,38863898.4,4.331,0.023451,34790400.95,3.6286,0.017569,53697089.63,1.5673,0.011548
20261002,1101B,台泥乙特,10031.0,6384.0,5544.0,2000.0,8000.0,10010.0,11206.0,62209.0,16107.0,9302.0,3109.0,10000.0,24115.0,25001.0,39100.0,6002.0,81016.0,46000.0,8289.0,13034.0,81201.0,11207.0,111000.0,8638.0,6000.0,7042.0,9010.0,7176.0,0.0,21095.0,7319.67,45.6806,4.4e-05,6391.8,31.3871,2.8e-05,14079.3,7.1246,1.3e-05,16141.2,4.143,9e-06,19822.95,2.5301,7e-06,21960.93,1.5226,5e-06
20261002,1102,亞泥,4911440.0,11842180.0,6224968.0,9645067.0,7449257.0,11337656.0,6405564.0,4908275.0,10128633.0,9655743.0,5340789.0,5120946.0,5772878.0,5225956.0,6863809.0,10648379.0,5994897.0,7148594.0,4402567.0,7273749.0,7414785.0,11287032.0,7813854.0,8933528.0,7476440.0,9546163.0,6518204.0,16339386.0,11995199.0,5619591.0,7659529.33,21.374,0.021395,8014582.4,12.2563,0.01378,8250878.3,5.9526,0.006355,7388877.4,4.4314,0.004562,7315067.35,3.3571,0.003418,7974850.97,2.0529,0.002246
20261002,1103,嘉泥,150592.0,301629.0,573331.0,249926.0,176272.0,363210.0,420478.0,410169.0,1614131.0,253149.0,269287.0,365933.0,213653.0,220974.0,319356.0,325167.0,230667.0,260037.0,225637.0,153467.0,167858.0,464964.0,344564.0,210363.0,248812.0,300969.0,569387.0,204227.0,345821.0,229211.0,341850.67,14.684,0.000656,290350.0,10.3731,0.000423,451288.7,3.3369,0.000195,393472.67,2.5515,0.00014,354853.25,2.1219,0.000105,339441.37,1.4788,6.9e-05
20261002,1104,環泥,315662.0,520149.0,320855.0,447642.0,251430.0,425606.0,374933.0,467432.0,737190.0,249342.0,620830.0,413954.0,500283.0,521516.0,476452.0,459761.0,477678.0,532786.0,683091.0,1904132.0,666575.0,841687.0,8828367.0,931772.0,553297.0,924959.0,451809.0,657618.0,1257440.0,1290439.0,385555.33,27.2907,0.001375,371147.6,17.0101,0.000886,411024.1,7.6799,0.000408,442885.07,4.7516,0.000293,535036.2,2.9499,0.00022,903489.57,1.1646,0.000144
20261002,1108,幸福,149265.0,151559.0,142436.0,188302.0,205540.0,175482.0,92955.0,186518.0,289776.0,511622.0,453335.0,123202.0,247541.0,468557.0,638338.0,391911.0,265848.0,223693.0,426229.0,332613.0,117905.0,139389.0,136398.0,113428.0,139361.0,153104.0,96683.0,190642.0,118769.0,210430.0,147753.33,33.6744,0.00065,167420.4,17.8312,0.000419,209345.5,7.1301,0.000193,268295.2,3.709,0.000139,283236.1,2.635,0.000104,236027.7,2.108,6.8e-05
20261002,1109,信大,91141.0,206947.0,341349.0,95288.0,87372.0,572788.0,69712.0,73925.0,114471.0,91847.0,168856.0,52197.0,68702.0,140591.0,80289.0,110091.0,99418.0,68230.0,90488.0,59032.0,78658.0,51990.0,108642.0,73635.0,112936.0,56766.0,83104.0,80067.0,59344.0,73848.0,213145.67,14.2533,0.000397,164419.4,11.0864,0.000256,174484.0,5.2235,0.000118,150365.0,4.0409,8.5e-05,134136.7,3.3973,6.3e-05,115390.8,2.6328,4.2e-05
20261002,1110,東泥,275591.0,120182.0,229386.0,1203041.0,785532.0,185110.0,371914.0,145292.0,148786.0,360534.0,257822.0,523661.0,147000.0,428726.0,223613.0,59596.0,83653.0,304101.0,207934.0,97317.0,201667.0,219047.0,304034.0,24996.0,168002.0,106097.0,138185.0,280101.0,496677.0,344258.0,208386.33,44.0833,0.001201,522746.4,10.544,0.000773,382536.8,7.2043,0.000357,360412.67,5.0977,0.000256,307939.55,4.4748,0.000192,281395.17,3.2646,0.000126
20261002,1201,味全,328988.0,706723.0,693645.0,839007.0,1127705.0,621900.0,926725.0,3448405.0,12430769.0,347806.0,286731.0,357441.0,347797.0,448275.0,260850.0,213383.0,271883.0,319662.0,455494.0,254938.0,381688.0,465167.0,372064.0,304248.0,382919.0,462600.0,446088.0,275284.0,387508.0,262139.0,576452.0,19.0237,0.001433,739213.6,8.901,0.000923,2147167.3,1.5322,0.000426,1544851.13,1.4197,0.000306,1234406.35,1.3326,0.000229,947594.4,1.1573,0.00015
20261002,1203,味王,21416.0,3554.0,25825.0,31195.0,10039.0,21269.0,7573.0,17990.0,26985.0,12909.0,19933.0,21867.0,25749.0,21562.0,13989.0,24587.0,9775.0,22076.0,25709.0,16327.0,31471.0,12886.0,20593.0,13751.0,7532.0,38788.0,3813.0,11297.0,34017.0,16803.0,16931.67,42.1616,9.3e-05,18405.8,23.2709,6e-05,17875.5,11.9806,2.8e-05,18790.33,7.5982,2e-05,19016.45,5.6309,1.5e-05,19042.67,3.7488,1e-05
20261002,1210,大成,936983.0,990702.0,1146249.0,901163.0,576370.0,680953.0,707946.0,968217.0,1940702.0,685412.0,1348078.0,1335950.0,1310319.0,766923.0,925601.0,654099.0,1365033.0,819182.0,926251.0,1126917.0,1105966.0,1346713.0,2190061.0,1731459.0,927282.0,763409.0,1382818.0,1479624.0,1664951.0,2459412.0,1024644.67,30.4816,0.004082,910293.4,20.5864,0.002629,953469.7,9.8271,0.001212,1014771.2,6.1556,0.00087,1005652.5,4.6586,0.000652,1172158.17,2.6646,0.000429
20261002,1213,大飲,7002.0,6025.0,5100.0,45218.0,3017.0,6101.0,11000.0,8213.0,3002.0,28044.0,10000.0,36550.0,0.0,15000.0,5964.0,5602.0,24123.0,3000.0,5301.0,7689.0,11274.0,7650.0,4243.0,113303.0,1004.0,20131.0,57207.0,25.0,13000.0,124128.0,6042.33,38.6275,3.1e-05,13272.4,10.5512,2e-05,12272.2,5.7056,9e-06,12682.4,3.6807,7e-06,11797.55,2.9676,5e-06,19597.2,1.191,3e-06
20261002,1215,卜蜂,421935.0,322122.0,440336.0,438883.0,1243333.0,915596.0,1435219.0,659184.0,653950.0,435883.0,544606.0,866770.0,1119388.0,844521.0,914376.0,253575.0,308491.0,578916.0,399725.0,510167.0,667679.0,915981.0,1093819.0,451609.0,529752.0,503376.0,1328703.0,967035.0,494426.0,557101.0,394797.67,35.6246,0.001838,573321.8,14.719,0.001184,696644.1,6.0567,0.000546,750406.8,3.7485,0.000392,665348.8,3.1708,0.000294,693881.9,2.0269,0.000193
20261002,1216,統一,19541612.0,5933943.0,6953647.0,6515894.0,4863384.0,7665870.0,6519421.0,3921858.0,17030035.0,9416599.0,7214403.0,10616868.0,9395978.0,7643624.0,9304566.0,8532839.0,12646668.0,6436596.0,6727435.0,7289731.0,7493926.0,10786631.0,14437589.0,11006895.0,7682417.0,9397597.0,12986766.0,15352876.0,16977370.0,9100877.0,10809734.0,60.2593,0.085126,8761696.0,44.6069,0.054826,8836226.3,22.1153,0.025285,8835846.8,14.7442,0.018151,8708548.55,11.2198,0.013598,9646463.83,6.7526,0.008938
20261002,1217,愛之味,321085.0,203542.0,364373.0,615207.0,526934.0,553225.0,320497.0,320739.0,700951.0,410853.0,268137.0,340167.0,232673.0,472361.0,190720.0,234296.0,321554.0,231588.0,402005.0,224504.0,181059.0,268675.0,320156.0,360634.0,555254.0,410362.0,466813.0,704791.0,305229.0,429956.0,296333.33,36.1175,0.001399,406228.2,15.8081,0.000901,433740.6,7.4027,0.000415,389430.93,5.4967,0.000298,362770.55,4.4255,0.000223,375278.0,2.852,0.000147
20261002,1218,泰山,447366.0,260576.0,490161.0,321550.0,300906.0,300476.0,381412.0,670153.0,822727.0,617015.0,374082.0,408681.0,880932.0,730570.0,358923.0,307811.0,460386.0,497711.0,757854.0,607993.0,891545.0,891162.0,1093224.0,2440793.0,2018450.0,2394501.0,1073503.0,1684681.0,953102.0,1682527.0,399367.67,37.3395,0.001949,364111.8,24.573,0.001255,461234.2,9.6993,0.000579,491035.33,6.0738,0.000416,499864.25,4.4749,0.000311,837359.1,1.7809,0.000205
20261002,1219,福壽,177413.0,81323.0,135251.0,207054.0,204187.0,188851.0,132455.0,132239.0,259700.0,179443.0,156430.0,191741.0,284968.0,245896.0,106639.0,185650.0,257088.0,236180.0,142231.0,204665.0,266553.0,269173.0,173330.0,579349.0,542548.0,1839863.0,167237.0,280491.0,385555.0,427512.0,131329.0,45.0302,0.000773,161045.6,22.0326,0.000498,169791.6,10.4489,0.00023,178906.0,6.611,0.000165,185470.2,4.7828,0.000123,288033.83,2.0532,8.1e-05
20261002,1220,台榮,51236.0,50838.0,35150.0,70951.0,37454.0,35484.0,32831.0,70562.0,67879.0,153513.0,38702.0,44095.0,90889.0,61952.0,65492.0,94523.0,180306.0,112641.0,43208.0,80752.0,41847.0,132301.0,215591.0,117164.0,76855.0,41220.0,86569.0,146378.0,103173.0,280738.0,45741.33,37.3375,0.000223,49125.8,20.8591,0.000144,60589.8,8.4562,6.6e-05,60468.53,5.6488,4.8e-05,70922.9,3.6121,3.6e-05,88676.47,1.926,2.3e-05
20261002,1225,福懋油,35120.0,60991.0,37924.0,28996.0,10595.0,59563.0,15123.0,10847.0,80338.0,112556.0,96157.0,44496.0,122021.0,45942.0,77967.0,129383.0,41514.0,107300.0,211683.0,165778.0,108202.0,225779.0,56130.0,294386.0,94518.0,357811.0,36875.0,40898.0,56101.0,61595.0,44678.33,26.2021,0.000153,34725.2,20.2274,9.9e-05,45205.3,7.769,4.5e-05,55909.07,4.1878,3.3e-05,74714.7,2.3503,2.4e-05,94219.63,1.2425,1.6e-05
20261002,1227,佳格,658843.0,342204.0,505728.0,1445323.0,556585.0,1117331.0,439604.0,454332.0,1000751.0,504186.0,1158683.0,475914.0,471785.0,503876.0,402646.0,240341.0,475468.0,924191.0,418426.0,408399.0,441360.0,1321526.0,1522322.0,757742.0,488051.0,387990.0,483251.0,780208.0,614094.0,794570.0,502258.33,43.7254,0.00287,701736.6,18.7775,0.001848,702488.7,9.3787,0.000852,669186.07,6.5636,0.000612,625230.8,5.2688,0.000458,669857.67,3.2785,0.000301
20261002,1229,聯華,2092675.0,2550357.0,1909872.0,3074216.0,1314141.0,1587111.0,3524662.0,1651778.0,5054355.0,1710655.0,2019769.0,1425646.0,1516270.0,2720299.0,962956.0,1617152.0,1352666.0,1316229.0,1167970.0,2339162.0,1460422.0,2127790.0,1529519.0,1036182.0,1688377.0,1153950.0,1454382.0,2713653.0,2288287.0,969668.0,2184301.33,31.9351,0.009116,2188252.2,19.1265,0.005871,2446982.2,8.5521,0.002708,2207650.8,6.3195,0.001944,2045397.05,5.1156,0.001456,1911005.7,3.6502,0.000957
20261002,1231,聯華食,253319.0,223078.0,234157.0,141891.0,118009.0,142104.0,198985.0,143284.0,363095.0,170610.0,268126.0,381816.0,250436.0,262389.0,179227.0,161027.0,194240.0,294966.0,288502.0,352358.0,246811.0,198860.0,203528.0,267703.0,163025.0,228381.0,301716.0,218115.0,615813.0,411012.0,236851.33,35.6509,0.001103,194090.8,26.1031,0.000711,198853.2,12.739,0.000328,222035.07,7.606,0.000235,231080.95,5.4812,0.000176,249219.43,3.3882,0.000116
20261002,1232,大統益,49914.0,107013.0,69908.0,52006.0,46996.0,62262.0,68874.0,38804.0,89610.0,90359.0,77474.0,81651.0,128103.0,96817.0,171271.0,67383.0,88952.0,90528.0,107183.0,129851.0,90293.0,78986.0,104076.0,104906.0,75935.0,99677.0,76942.0,255321.0,183048.0,144170.0,75611.67,22.0045,0.000217,65167.4,15.3187,0.00014,67574.6,7.3865,6.5e-05,82070.8,4.0545,4.6e-05,85747.95,2.9105,3.5e-05,97610.43,1.7045,2.3e-05
20261002,1233,天仁,4155.0,5292.0,17097.0,13323.0,17043.0,15057.0,13007.0,17014.0,25055.0,18198.0,17147.0,16020.0,18015.0,24255.0,23417.0,37010.0,22851.0,29071.0,15247.0,11017.0,8131.0,18151.0,37106.0,7403.0,13135.0,19150.0,19861.0,42077.0,23143.0,16073.0,8848.0,15.6533,1.8e-05,11382.0,7.301,1.2e-05,14524.1,2.8608,5e-06,16273.0,1.7022,4e-06,17964.55,1.1564,3e-06,18784.03,0.7373,2e-06
20261002,1234,黑松,171068.0,90393.0,74514.0,131420.0,54772.0,82880.0,88186.0,57979.0,66611.0,69371.0,114928.0,100499.0,88661.0,236788.0,44219.0,70700.0,57519.0,120992.0,79529.0,50732.0,65803.0,65937.0,97933.0,40461.0,71066.0,87660.0,34642.0,136534.0,81264.0,110473.0,111991.67,50.9169,0.000745,104433.4,32.7612,0.00048,88719.4,19.2819,0.000221,98152.6,11.6192,0.000159,92588.05,9.2381,0.000119,88117.8,6.4712,7.8e-05
20261002,1235,興泰,48774.0,42911.0,41618.0,89039.0,189960.0,224585.0,24619.0,21380.0,19189.0,13633.0,11624.0,11021.0,11392.0,7594.0,7077.0,20562.0,16113.0,21172.0,12100.0,3000.0,14093.0,17286.0,10001.0,2718.0,43562.0,35602.0,23514.0,39855.0,30010.0,20243.0,44434.33,36.5888,0.000212,82460.4,11.8297,0.000137,71570.8,6.8148,6.3e-05,50961.07,6.3806,4.5e-05,41868.15,5.8247,3.4e-05,35808.23,4.5403,2.2e-05
20261002,1236,宏亞,33326.0,13674.0,33518.0,21234.0,49853.0,30699.0,28817.0,27792.0,51950.0,129151.0,74298.0,61821.0,32684.0,26221.0,28786.0,12330.0,28620.0,68305.0,93934.0,137121.0,57255.0,227629.0,64996.0,112274.0,88843.0,49387.0,57444.0,54363.0,53431.0,79990.0,26839.33,41.3895,0.000145,30321.0,21.9821,9.3e-05,42001.4,7.9345,4.3e-05,42921.6,5.1763,3.1e-05,49206.7,3.3863,2.3e-05,60991.53,1.8213,1.5e-05
20261002,1256,鮮活果汁-KY,22760.0,12051.0,59699.0,30384.0,55393.0,46836.0,78805.0,28247.0,36572.0,62378.0,32188.0,27564.0,13838.0,63839.0,35879.0,35203.0,42492.0,89082.0,73843.0,134463.0,54960.0,155361.0,291982.0,111300.0,102725.0,62418.0,26550.0,35168.0,33704.0,106802.0,31503.33,24.0821,9.9e-05,36057.4,12.6243,6.4e-05,43312.5,5.2548,2.9e-05,40428.87,3.7531,2.1e-05,49075.8,2.3189,1.6e-05,65416.2,1.1598,1e-05
20261002,1301,台塑,33115055.0,19100785.0,52831958.0,34908356.0,16415790.0,19143508.0,18404604.0,12591053.0,29305397.0,26190059.0,18778277.0,17895998.0,23847845.0,12666314.0,21995840.0,26927598.0,28241360.0,29478606.0,26921626.0,52367902.0,53476275.0,69471543.0,63377699.0,33720847.0,50413391.0,35648630.0,41808955.0,20206463.0,23728422.0,20594219.0,35015932.67,31.5238,0.144254,31274388.8,21.1771,0.092908,26200656.5,12.639,0.042847,23812722.6,9.271,0.030758,26056396.55,6.3545,0.023043,31119145.83,3.5471,0.015146
20261002,1303,南亞,42323575.0,57138460.0,123417554.0,79311489.0,67158368.0,54877007.0,71431271.0,50390368.0,82174219.0,92909712.0,48008257.0,55715933.0,54948757.0,48646230.0,59486250.0,67601719.0,65193109.0,75938138.0,67299234.0,103990697.0,127824204.0,129835537.0,173676393.0,192491363.0,146229100.0,107407041.0,74410238.0,54268548.0,72537511.0,69266031.0,74293196.33,18.9894,0.184368,73869889.2,11.459,0.118744,72113202.3,5.869,0.054762,65862496.67,4.284,0.039311,68398017.35,3.0939,0.029451,83863543.77,1.6822,0.019358
20261002,1304,台聚,3202927.0,1522353.0,3275499.0,2772924.0,2215118.0,1438627.0,1554948.0,1356181.0,2435939.0,3387387.0,4270887.0,1673059.0,2067764.0,2660116.0,2451515.0,4243247.0,2632612.0,1673530.0,2068871.0,3297866.0,3533470.0,4835490.0,5160314.0,2957396.0,3739636.0,4031878.0,2795344.0,3789192.0,1673976.0,1671055.0,2666926.33,40.0327,0.013952,2597764.2,24.6591,0.008986,2316190.3,13.8284,0.004144,2419016.27,8.8271,0.002975,2510068.5,6.3802,0.002229,2812970.7,3.7954,0.001465
20261002,1305,華夏,2763729.0,670622.0,1620362.0,1147533.0,702649.0,844775.0,743646.0,625827.0,1980829.0,2519543.0,2051397.0,1005203.0,1460709.0,1593440.0,1447092.0,2015544.0,788385.0,1281205.0,2186765.0,2609879.0,2314282.0,3617187.0,2590927.0,1932665.0,2929890.0,3108966.0,2077071.0,2945034.0,1056589.0,1122144.0,1684904.33,54.6763,0.012039,1380979.0,40.0256,0.007754,1361951.5,20.2924,0.003576,1411823.73,13.0504,0.002567,1502956.7,9.1943,0.001923,1791796.3,5.1414,0.001264
20261002,1307,三芳,340530.0,531905.0,831627.0,666273.0,208728.0,392107.0,329215.0,292514.0,311570.0,330779.0,886890.0,279688.0,370496.0,343053.0,381834.0,384437.0,344722.0,314429.0,667231.0,638349.0,582155.0,465171.0,482592.0,598692.0,582617.0,355487.0,506789.0,723865.0,399204.0,515237.0,568020.67,19.9834,0.001483,515812.6,13.2036,0.000955,423524.8,8.0404,0.000441,433147.27,5.2412,0.000316,442318.85,3.8494,0.000237,468606.2,2.4223,0.000156
20261002,1308,亞聚,1686204.0,758207.0,1215427.0,1556217.0,1063872.0,1054666.0,577158.0,983804.0,1428063.0,2927097.0,791329.0,1101680.0,1282420.0,1177769.0,1415734.0,2326914.0,1562220.0,805663.0,1099385.0,2030294.0,1945889.0,3865962.0,3610790.0,1497972.0,1940310.0,2653223.0,1507724.0,3119464.0,949407.0,1411605.0,1219946.0,46.0732,0.007345,1255985.4,26.8507,0.004731,1325071.5,12.7254,0.002182,1267976.47,8.8656,0.001566,1342206.15,6.2815,0.001173,1644882.3,3.4171,0.000771
20261002,1309,台達化,3937987.0,1146443.0,1404303.0,1682322.0,859601.0,1214313.0,936344.0,867307.0,1974270.0,3424625.0,4806987.0,1260046.0,2351381.0,4878705.0,2611096.0,3339653.0,1431811.0,1212628.0,1192472.0,2693780.0,4705111.0,5877645.0,3118815.0,1946446.0,2601251.0,2749697.0,2153808.0,3969443.0,1350054.0,884363.0,2162911.0,60.6896,0.017154,1806131.2,43.6069,0.011048,1744751.5,22.5705,0.005095,2223715.33,11.806,0.003658,2161303.7,9.1102,0.00274,2419423.57,5.4255,0.001801
20261002,1310,台苯,7764239.0,2511718.0,6433878.0,2438328.0,2181415.0,2119640.0,2237724.0,1952850.0,5166568.0,10239090.0,1295664.0,1468489.0,1330470.0,1644380.0,1693720.0,3865106.0,1970702.0,1979507.0,3093178.0,4431788.0,2724992.0,4593574.0,3873860.0,5238853.0,7176876.0,5494310.0,4148000.0,3166805.0,2899666.0,3251161.0,5569945.0,46.4651,0.033822,4265915.6,36.4013,0.021783,4304545.0,18.0373,0.010046,3365211.53,15.3814,0.007212,3290922.7,11.7964,0.005403,3612885.03,7.1635,0.003551
20261002,1312,國喬,7046669.0,8517813.0,15580635.0,11424741.0,7756553.0,13508687.0,11685981.0,5849788.0,14207755.0,17167705.0,14773724.0,9867693.0,9453345.0,24432713.0,45165896.0,21094750.0,13294342.0,21712173.0,33051814.0,57277445.0,37656164.0,139318330.0,108410961.0,212554333.0,7796983.0,7416765.0,3276973.0,3750639.0,4131369.0,3143415.0,10381705.67,22.6253,0.030696,10065282.2,14.0019,0.01977,11274632.7,6.25,0.009118,14429313.2,3.2557,0.006545,18143511.1,1.9419,0.004903,29677538.47,0.7915,0.003223
20261002,1312A,國喬特,1000.0,499.0,7001.0,0.0,126.0,7274.0,10000.0,13000.0,6000.0,0.0,0.0,0.0,0.0,15000.0,0.0,0.0,1248.0,0.0,0.0,0.0,0.0,20001.0,21000.0,15999.0,26000.0,28000.0,0.0,0.0,1000.0,8000.0,2833.33,11.7647,4e-06,1725.2,11.5929,3e-06,4490.0,2.2272,1e-06,3993.33,1.6694,1e-06,3057.4,1.6354,1e-06,6038.27,0.552,0.0
20261002,1313,聯成,7886270.0,4532235.0,2318981.0,1943110.0,1402278.0,2035907.0,2056305.0,2440228.0,3388599.0,5663264.0,3579577.0,1678846.0,1348275.0,1596339.0,2145481.0,3601297.0,1313635.0,1451984.0,2009479.0,3072405.0,2254463.0,4440846.0,3723524.0,3551660.0,5248871.0,4027456.0,2174403.0,3390842.0,1963376.0,1262092.0,4912495.33,53.5116,0.034354,3616574.8,43.6118,0.022126,3366717.7,23.4242,0.010204,2934379.67,17.9169,0.007325,2773224.75,14.2186,0.005488,2916734.27,9.0127,0.003607
20261002,1314,中石化,32391130.0,34798207.0,85223275.0,47669196.0,42262966.0,99541727.0,73718022.0,87704113.0,151096127.0,128600273.0,17974530.0,12078524.0,15174574.0,8416494.0,14554049.0,18123514.0,14930552.0,13045132.0,16389736.0,34031523.0,16925294.0,27691213.0,23245945.0,18157758.0,35700316.0,17894579.0,29069019.0,46442629.0,11838395.0,18612952.0,50804204.0,21.2523,0.1411,48468954.8,13.3657,0.090877,78300503.6,4.1368,0.041911,56746880.47,3.8053,0.030085,47386183.2,3.4178,0.022539,39776725.47,2.7144,0.014815
20261002,1315,達新,22991.0,10790.0,34262.0,35564.0,18564.0,9630.0,39097.0,62762.0,88955.0,45224.0,32914.0,16053.0,9317.0,33115.0,196706.0,25244.0,30210.0,78934.0,16915.0,10236.0,23447.0,38423.0,49112.0,73230.0,49899.0,69669.0,12641.0,29070.0,32072.0,125155.0,22681.0,33.7889,0.0001,24434.2,18.8187,6.5e-05,36783.9,6.2503,3e-05,43729.6,3.505,2.1e-05,40874.15,2.8124,1.6e-05,44006.7,1.7415,1.1e-05
20261002,1316,上曜,1398097.0,1238358.0,1091176.0,699804.0,1273099.0,761502.0,1180679.0,1925863.0,3855687.0,821479.0,1799998.0,1750884.0,1078023.0,1783039.0,2601577.0,3458561.0,2578141.0,1525556.0,2288111.0,1882638.0,1481541.0,3030294.0,2944664.0,9614361.0,15123908.0,7382497.0,10301476.0,10948958.0,1386924.0,2191846.0,1242543.67,37.5063,0.00609,1140106.8,24.5257,0.003923,1424574.4,9.8141,0.001809,1550617.67,6.0109,0.001299,1749613.6,3.9954,0.000973,3313291.37,1.4066,0.000639
20261002,1319,東陽,1417606.0,1483670.0,1448175.0,1284003.0,638673.0,1041931.0,1149113.0,936689.0,1228066.0,1163285.0,2168326.0,950303.0,714900.0,880581.0,785717.0,923905.0,2841504.0,1361614.0,1654806.0,1898204.0,1133367.0,1807298.0,1270226.0,2802208.0,1239092.0,1332744.0,1122365.0,1432016.0,2429556.0,2649034.0,1449817.0,32.5928,0.006175,1254425.4,22.6017,0.003977,1179121.1,12.0226,0.001834,1152735.87,8.1985,0.001317,1298553.55,5.4584,0.000986,1439632.57,3.2823,0.000648
20261002,1321,大洋,41000.0,45000.0,76006.0,114000.0,56000.0,122000.0,67000.0,79200.0,93200.0,208000.0,65000.0,36026.0,43020.0,48000.0,63050.0,53000.0,61579.0,66000.0,73200.0,57100.0,32000.0,95698.0,224170.0,151698.0,145088.0,507831.0,56020.0,87000.0,56246.0,46000.0,54002.0,25.3077,0.000179,66401.2,12.3492,0.000115,90140.6,4.5484,5.3e-05,77100.13,3.5452,3.8e-05,73369.05,2.7941,2.9e-05,95637.73,1.429,1.9e-05
20261002,1323,永裕,59138.0,9048.0,59437.0,49535.0,16062.0,56104.0,4499.0,12461.0,24417.0,40350.0,43359.0,73861.0,106464.0,163591.0,22467.0,40333.0,8138.0,25356.0,8422.0,45624.0,17505.0,32376.0,23170.0,24550.0,36185.0,26256.0,8505.0,8586.0,23393.0,31532.0,42541.0,46.338,0.000258,38644.0,30.6066,0.000166,33105.1,17.8637,7.7e-05,49386.2,7.9831,5.5e-05,43433.3,6.8079,4.1e-05,36690.8,5.3726,2.7e-05
20261002,1324,地球,83813.0,32639.0,36984.0,24229.0,29688.0,46134.0,10892.0,24964.0,26146.0,21729.0,13810.0,53590.0,15154.0,29975.0,12320.0,12241.0,34573.0,22728.0,55600.0,38359.0,14367.0,26771.0,14699.0,42188.0,26197.0,14145.0,5391.0,20819.0,10221.0,33894.0,51145.33,54.6241,0.000365,41470.6,40.4204,0.000235,33721.8,24.8542,0.000108,30804.47,18.1387,7.8e-05,31278.4,13.3979,5.8e-05,27808.67,10.0464,3.8e-05
20261002,1325,恆大,114436.0,97552.0,216678.0,132148.0,182787.0,93630.0,147814.0,126088.0,181589.0,138712.0,141790.0,122292.0,101358.0,180325.0,101684.0,249726.0,112268.0,434038.0,142532.0,101594.0,104715.0,315633.0,103084.0,130588.0,155132.0,86374.0,146714.0,247073.0,147665.0,116079.0,142888.67,26.6958,0.000498,148720.2,15.3894,0.000321,143143.4,7.9945,0.000148,138592.2,5.5047,0.000106,155952.05,3.6689,8e-05,155736.6,2.4493,5.2e-05
20261002,1326,台化,56653992.0,18698939.0,33017994.0,25578827.0,18734584.0,15805076.0,20038232.0,9958720.0,24373131.0,24043657.0,15902772.0,23789944.0,27922318.0,18556570.0,22295065.0,37249918.0,24157597.0,57918008.0,41291535.0,82419512.0,62533246.0,119283939.0,71396602.0,23816854.0,38108484.0,28273104.0,33373804.0,19453470.0,26991898.0,25250177.0,36123641.67,52.2779,0.246793,30536867.2,37.1053,0.158949,24690315.2,22.9458,0.073304,23691321.4,15.9423,0.052621,29920319.55,9.4675,0.039422,34896265.63,5.4117,0.025913
20261002,1337,再生-KY,169880.0,195911.0,431397.0,94840.0,259505.0,176868.0,153650.0,210269.0,511141.0,369808.0,103957.0,269204.0,491099.0,158696.0,247592.0,222913.0,308961.0,224949.0,212201.0,316729.0,97877.0,254452.0,309868.0,376676.0,574172.0,270303.0,188159.0,432785.0,177665.0,254909.0,265729.33,21.3099,0.00074,230306.6,14.7525,0.000477,257326.9,6.6017,0.00022,256254.47,4.4196,0.000158,256478.5,3.3118,0.000118,268881.2,2.106,7.8e-05
20261002,1338,廣華-KY,61429.0,221510.0,392221.0,52801.0,145345.0,155911.0,63429.0,254463.0,63748.0,30680.0,31259.0,95767.0,47137.0,75484.0,54547.0,42122.0,105057.0,105179.0,33010.0,35268.0,27103.0,80775.0,80780.0,91492.0,45074.0,46342.0,49211.0,80172.0,94134.0,38154.0,225053.33,9.0984,0.000268,174661.2,7.0341,0.000172,144153.7,4.2614,7.9e-05,116382.07,3.5188,5.7e-05,103318.35,2.9728,4.3e-05,89986.8,2.2755,2.8e-05
20261002,1339,昭輝,85124.0,53816.0,56093.0,80100.0,38644.0,138000.0,24225.0,73152.0,90025.0,112282.0,62439.0,36880.0,31601.0,51929.0,48013.0,22567.0,67017.0,88462.0,107185.0,37021.0,43370.0,58145.0,63250.0,124172.0,367507.0,350661.0,81683.0,55191.0,84305.0,104348.0,65011.0,43.6459,0.000371,62755.4,27.1288,0.000239,75146.1,11.3278,0.00011,65488.2,8.6656,7.9e-05,65228.75,6.525,5.9e-05,87906.9,3.2278,3.9e-05
20261002,1340,勝悅-KY,92536.0,62541.0,190565.0,113889.0,65876.0,88737.0,75945.0,105506.0,57784.0,157641.0,80429.0,110986.0,55079.0,69113.0,31987.0,74992.0,95223.0,188243.0,126992.0,89937.0,84019.0,117087.0,73629.0,94269.0,117428.0,162274.0,62161.0,83575.0,212414.0,47654.0,115214.0,26.7722,0.000403,105081.4,17.6123,0.00026,101102.0,9.1527,0.00012,90574.27,6.8111,8.6e-05,96700.05,4.7847,6.4e-05,99617.03,3.0964,4.2e-05
20261002,1341,富林-KY,4093.0,2248.0,2302.0,15.0,1061.0,2002.0,1353.0,3004.0,3003.0,1006.0,7.0,3510.0,75.0,2001.0,4010.0,4008.0,1471.0,8006.0,4004.0,2000.0,2011.0,2002.0,9095.0,1000.0,11111.0,1002.0,3.0,26.0,14002.0,3000.0,2881.0,47.3562,1.8e-05,1943.8,42.1134,1.1e-05,2008.7,20.3764,5e-06,1979.33,13.7858,4e-06,2458.95,8.3227,3e-06,3081.03,4.4282,2e-06
20261002,1342,八貫,85164.0,108543.0,135099.0,72695.0,56993.0,239038.0,84673.0,97932.0,120645.0,218920.0,63431.0,74895.0,98443.0,156146.0,85250.0,104921.0,191202.0,175178.0,87343.0,171351.0,162920.0,156751.0,99104.0,124111.0,212381.0,106595.0,106610.0,77668.0,149505.0,142283.0,109602.0,25.901,0.000371,91698.8,18.5747,0.000239,121970.2,6.9824,0.00011,113191.13,5.0159,7.9e-05,121393.1,3.5078,5.9e-05,125526.33,2.2615,3.9e-05
20261002,1402,遠東新,4746737.0,14615452.0,7103613.0,5992054.0,5471043.0,5462830.0,4713230.0,5928803.0,17306879.0,11978020.0,11778604.0,9055012.0,8417098.0,8635057.0,6868641.0,6321925.0,7430750.0,10067527.0,5541724.0,10260912.0,5660529.0,16143437.0,16991506.0,9013833.0,12686920.0,15096081.0,26253322.0,40320281.0,13261815.0,11144002.0,8821934.0,17.9354,0.020677,7585779.8,12.5148,0.013318,8331866.1,5.6971,0.006142,8538204.87,3.7063,0.004409,8384795.55,2.8306,0.003303,11142254.57,1.42,0.002171
20261002,1409,新纖,11973583.0,8727863.0,14204556.0,5902385.0,4672108.0,5541534.0,9111079.0,5998706.0,7829976.0,13959451.0,8276245.0,9754438.0,9954614.0,15115858.0,64176367.0,89005580.0,8755855.0,7350280.0,10734570.0,23016182.0,25510372.0,65478367.0,11610980.0,19584388.0,14366905.0,12666963.0,8256139.0,7776097.0,6200089.0,8470444.0,11635334.0,34.3024,0.052159,9096099.0,26.3269,0.033593,8792124.1,13.6185,0.015493,13013250.87,6.134,0.011121,16703061.5,3.5842,0.008332,17132732.47,2.3296,0.005477
20261002,1410,南染,58572.0,39399.0,67802.0,35201.0,441547.0,1153.0,263048.0,123071.0,20005.0,180070.0,71356.0,208159.0,101570.0,17200.0,266407.0,207091.0,53675.0,102582.0,134868.0,231266.0,171548.0,151235.0,140062.0,70793.0,34000.0,233732.0,65278.0,57392.0,89213.0,52117.0,55257.67,35.3327,0.000255,128504.2,9.116,0.000164,122986.8,4.7625,7.6e-05,126304.0,3.0916,5.4e-05,131202.1,2.2321,4.1e-05,122980.4,1.5876,2.7e-05
20261002,1413,宏洲,4862.0,9329.0,36968.0,56815.0,6216.0,21708.0,20242.0,11069.0,36030.0,8243.0,3264.0,2000.0,13521.0,28402.0,35000.0,4588.0,11914.0,14000.0,23203.0,30730.0,37679.0,24879.0,13518.0,14641.0,10201.0,28770.0,1062.0,8744.0,23000.0,12984.0,17053.0,9.5037,2.1e-05,22838.0,4.2578,1.4e-05,21148.2,2.299,6e-06,19577.93,1.6556,5e-06,18905.2,1.2859,3e-06,18452.73,0.8783,2e-06
20261002,1414,東和,234171.0,78345.0,162007.0,109892.0,141227.0,171387.0,36508.0,334099.0,136248.0,108614.0,312292.0,102554.0,423587.0,171989.0,320577.0,268602.0,186565.0,154421.0,243211.0,201421.0,249178.0,200832.0,234942.0,538753.0,331159.0,751316.0,417221.0,432334.0,486628.0,406910.0,158174.33,49.3487,0.00102,145128.4,32.2709,0.000657,151249.8,15.4824,0.000303,189566.47,8.2353,0.000218,194885.85,6.0079,0.000163,264899.67,2.9467,0.000107
20261002,1416,廣豐,604236.0,463909.0,61565.0,249389.0,114653.0,275740.0,145268.0,147334.0,248639.0,183418.0,180705.0,309661.0,239221.0,325079.0,472157.0,57212.0,287604.0,194113.0,233226.0,294645.0,136066.0,389010.0,89935.0,194146.0,151358.0,425409.0,936765.0,521656.0,696281.0,532050.0,376570.0,53.4859,0.002632,298750.4,40.4509,0.001695,249415.1,24.2261,0.000782,268064.93,15.0271,0.000561,254388.7,11.8762,0.00042,305348.33,6.5961,0.000276
20261002,1417,嘉裕,128136.0,168685.0,204181.0,199029.0,392002.0,113525.0,161773.0,90922.0,243862.0,96130.0,236638.0,315338.0,93662.0,97191.0,101128.0,140375.0,160563.0,145536.0,93580.0,118093.0,127868.0,138528.0,183823.0,75045.0,145047.0,132069.0,58339.0,208388.0,135301.0,111892.0,167000.67,25.5759,0.000558,218406.6,11.7337,0.00036,179824.5,7.1256,0.000166,176146.8,4.8496,0.000119,165017.45,3.8825,8.9e-05,153888.3,2.7755,5.9e-05
20261002,1418,東華,43271.0,11038.0,45014.0,25023.0,39326.0,111165.0,37232.0,68257.0,23292.0,29143.0,37832.0,5242.0,17866.0,40006.0,20222.0,30017.0,23422.0,5193.0,6217.0,10308.0,9198.0,12011.0,14253.0,6624.0,3007.0,11606.0,15273.0,7127.0,9078.0,37154.0,33107.67,43.5659,0.000188,32734.4,26.4376,0.000121,43276.1,9.9988,5.6e-05,36928.6,7.8117,4e-05,31454.3,6.8784,3e-05,25147.23,5.7357,2e-05
20261002,1419,新紡,49208.0,21795.0,40647.0,56925.0,22200.0,44616.0,52129.0,16507.0,61759.0,42105.0,143031.0,128424.0,88431.0,56445.0,44140.0,64654.0,45959.0,86751.0,45815.0,143807.0,35706.0,338092.0,54185.0,91850.0,61353.0,114836.0,63071.0,171261.0,65831.0,99458.0,37216.67,44.0734,0.000214,38155.0,25.7937,0.000138,40789.1,12.064,6.4e-05,57890.8,5.6668,4.6e-05,62767.4,3.9199,3.4e-05,78366.37,2.0931,2.3e-05
20261002,1423,利華,1618.0,2010.0,19091.0,6436.0,16383.0,12525.0,1755.0,13652.0,14645.0,7158.0,10347.0,2001.0,4002.0,6131.0,9934.0,20465.0,2756.0,36504.0,1288.0,600.0,7871.0,19868.0,7461.0,21839.0,12705.0,12596.0,7102.0,7312.0,11344.0,5575.0,7573.0,7.1218,7e-06,9107.6,3.5531,5e-06,9527.3,1.6983,2e-06,8512.53,1.2672,2e-06,9465.05,0.8547,1e-06,10099.13,0.534,1e-06
20261002,1432,大魯閣,87677.0,61056.0,77492.0,80105.0,51004.0,36774.0,66946.0,93657.0,46375.0,117740.0,86493.0,103442.0,64471.0,124225.0,63658.0,98954.0,72707.0,101747.0,94601.0,62212.0,81987.0,53960.0,69753.0,72772.0,79423.0,49327.0,60707.0,60868.0,102190.0,68760.0,75408.33,38.7565,0.000382,71466.8,24.5364,0.000246,71882.6,12.1972,0.000113,77407.67,7.5511,8.1e-05,79566.8,5.5096,6.1e-05,76369.43,3.8269,4e-05
20261002,1434,福懋,2191578.0,1414846.0,1720461.0,1341588.0,1287285.0,898114.0,820852.0,1632231.0,1929461.0,2213287.0,1258682.0,1208799.0,1288759.0,953733.0,1326912.0,1378010.0,2221461.0,1722132.0,1555115.0,1820254.0,1546580.0,3332759.0,1823020.0,2610132.0,3379029.0,2537928.0,4746073.0,3124973.0,1152963.0,1312193.0,1775628.33,41.1418,0.009547,1591151.6,27.5471,0.006149,1544970.3,14.1852,0.002836,1432439.2,10.1997,0.002036,1509178.0,7.2608,0.001525,1858307.0,3.9311,0.001002
20261002,1435,中福,7056.0,20285.0,7893.0,6479.0,7361.0,11170.0,7165.0,7482.0,14494.0,7318.0,6.0,5278.0,8033.0,11255.0,13409.0,12018.0,9690.0,30893.0,33135.0,16542.0,10016.0,6864.0,13552.0,18279.0,11302.0,18230.0,10432.0,24806.0,9158.0,12690.0,11744.67,20.0261,3.1e-05,9814.8,14.3783,2e-05,9670.3,7.2966,9e-06,8978.93,5.2389,7e-06,11848.1,2.9777,5e-06,12409.7,1.8953,3e-06
20261002,1436,華友聯,112539.0,86138.0,121863.0,169161.0,76557.0,125926.0,230024.0,137613.0,645083.0,89191.0,267184.0,62288.0,139259.0,78155.0,107264.0,114250.0,214110.0,125818.0,128475.0,70152.0,93796.0,95053.0,86562.0,99470.0,127139.0,123956.0,99122.0,222822.0,134288.0,164081.0,106846.67,35.1092,0.00049,113251.6,19.8742,0.000316,179409.5,6.2727,0.000146,163216.33,4.5967,0.000105,155052.5,3.6291,7.8e-05,144911.3,2.5887,5.1e-05
20261002,1437,勤益控,68563.0,62770.0,297005.0,71000.0,115052.0,36777.0,68937.0,103911.0,326881.0,146633.0,225573.0,125672.0,110491.0,45779.0,136337.0,66133.0,66198.0,84592.0,57017.0,46110.0,53330.0,53078.0,180446.0,32375.0,72945.0,81083.0,70951.0,75079.0,504680.0,144194.0,142779.33,16.0068,0.000299,122878.0,11.1595,0.000192,129752.9,5.2841,8.9e-05,129425.4,3.5317,6.4e-05,113071.55,3.0318,4.8e-05,117653.07,1.9425,3.1e-05
20261002,1438,三地開發,26351.0,27847.0,155431.0,80755.0,46200.0,6436.0,45008.0,29862.0,90331.0,31706.0,52126.0,19606.0,12479.0,36425.0,24381.0,145158.0,194440.0,128040.0,23716.0,31316.0,36408.0,42383.0,29605.0,23248.0,41259.0,75207.0,24366.0,30127.0,24087.0,31100.0,69876.33,12.5703,0.000115,67316.8,7.829,7.4e-05,53992.7,4.8805,3.4e-05,45662.93,3.8472,2.4e-05,60380.7,2.1821,1.8e-05,52180.13,1.6833,1.2e-05
20261002,1439,雋揚,7533.0,59033.0,91000.0,5026.0,3000.0,31113.0,12793.0,44116.0,8044.0,10192.0,15254.0,57437.0,10248.0,2100.0,18000.0,21004.0,5816.0,55335.0,11025.0,3166.0,25117.0,17162.0,17177.0,32094.0,12248.0,8002.0,17048.0,44246.0,41168.0,71015.0,52522.0,4.7809,3.3e-05,33118.4,4.5491,2.1e-05,27185.0,2.771,1e-05,24992.6,2.0094,7e-06,23561.75,1.5986,5e-06,25217.07,0.9958,3e-06
20261002,1440,南紡,2259795.0,2962057.0,3288885.0,2972551.0,5143466.0,1615250.0,2271519.0,1453601.0,1162303.0,2744843.0,2474429.0,1700760.0,908353.0,2703166.0,3172046.0,2551503.0,4140239.0,3393876.0,5324876.0,8086252.0,7130914.0,3967705.0,3049823.0,1147332.0,1585147.0,696101.0,2270913.0,2482857.0,1547550.0,1897006.0,2836912.33,26.5523,0.009844,3325350.8,13.5913,0.00634,2587427.0,8.7338,0.002924,2455534.93,6.1352,0.002099,3016488.5,3.7457,0.001572,2870170.6,2.6245,0.001034
20261002,1441,大東,16021.0,39105.0,94731.0,101129.0,,,,,,,30524.0,21949.0,29347.0,34221.0,196786.0,38187.0,31570.0,35569.0,11626.0,25300.0,11558.0,17724.0,12791.0,14134.0,11256.0,10617.0,15021.0,15625.0,12252.0,12206.0,49952.33,10.6909,7e-05,62746.5,6.3832,4.5e-05,62746.5,6.3832,2.1e-05,62645.89,2.8415,1.5e-05,50433.21,2.2691,1.1e-05,34968.71,1.909,7e-06
20261002,1442,名軒,339864.0,966889.0,597660.0,645434.0,389288.0,793554.0,1463470.0,1043362.0,1233837.0,416925.0,815182.0,119625.0,110905.0,296448.0,159411.0,313515.0,94880.0,145717.0,186199.0,63342.0,65033.0,131327.0,217188.0,121083.0,117721.0,81521.0,110642.0,293556.0,191451.0,138866.0,634804.33,17.8461,0.00148,587827.0,11.5634,0.000954,789028.3,4.3074,0.00044,626123.6,3.6187,0.000316,509775.35,3.3335,0.000236,388796.5,2.9138,0.000155
20261002,1443,立益物流,17061.0,3001.0,15618.0,8001.0,14112.0,26043.0,4808.0,2092.0,9502.0,15647.0,8431.0,7032.0,25260.0,25199.0,15006.0,9340.0,7925.0,10003.0,19140.0,13022.0,34161.0,65027.0,11071.0,4525.0,4002.0,8201.0,20264.0,4381.0,17748.0,12441.0,11893.33,47.8167,7.4e-05,11558.6,29.5209,4.8e-05,11588.5,14.7224,2.2e-05,13120.87,8.6686,1.6e-05,12812.15,6.6581,1.2e-05,14602.13,3.8946,8e-06
20261002,1444,力麗,699057.0,1233444.0,3209953.0,1187457.0,751776.0,653243.0,514109.0,572463.0,3325779.0,1795139.0,594816.0,884227.0,788614.0,2027699.0,1026772.0,2013185.0,2540661.0,1888976.0,1918026.0,2292326.0,1519107.0,1885405.0,1123537.0,876247.0,1128348.0,1052346.0,2861422.0,1711884.0,1489439.0,2402335.0,1714151.33,13.5938,0.003045,1416337.4,9.8713,0.001961,1394242.0,5.0139,0.000905,1284303.2,3.6287,0.000649,1495886.1,2.3366,0.000486,1532259.73,1.5208,0.00032
20261002,1445,大宇,60064.0,49190.0,57497.0,49254.0,7106.0,17512.0,42954.0,12011.0,45601.0,146249.0,282036.0,59192.0,15077.0,103234.0,28913.0,118001.0,181191.0,24940.0,99505.0,96228.0,18001.0,46159.0,33047.0,28120.0,101324.0,94002.0,40452.0,155449.0,82206.0,57155.0,55583.67,36.0202,0.000262,44622.2,26.9211,0.000169,48743.8,12.3224,7.8e-05,65059.33,6.1548,5.6e-05,74787.75,4.0156,4.2e-05,71722.33,2.7915,2.7e-05
20261002,1446,宏和,139266.0,29311.0,226998.0,157652.0,38658.0,23251.0,236260.0,192070.0,179675.0,251259.0,141588.0,79045.0,46059.0,77210.0,122240.0,77512.0,109897.0,130982.0,89623.0,106143.0,117518.0,107395.0,94309.0,80772.0,91989.0,123510.0,117395.0,185009.0,88327.0,86546.0,131858.33,35.206,0.000607,118377.0,23.5292,0.000391,147440.0,9.4456,0.00018,129369.47,7.1767,0.000129,122734.95,5.6734,9.7e-05,118248.97,3.9258,6.4e-05
20261002,1447,力鵬,608327.0,1028818.0,2189075.0,1370015.0,717743.0,814573.0,805700.0,617263.0,963238.0,1160757.0,609501.0,736501.0,904376.0,1186311.0,609419.0,919066.0,817178.0,1274485.0,1149095.0,1682125.0,884247.0,1684756.0,787268.0,1149646.0,1130467.0,732513.0,1693228.0,2028874.0,974884.0,1754689.0,1275406.67,15.8989,0.00265,1182795.6,10.2863,0.001707,1027550.9,5.9202,0.000787,954774.47,4.2476,0.000565,1008178.3,3.017,0.000423,1099471.27,1.8443,0.000278
20261002,1449,佳和,170145.0,192790.0,288196.0,200913.0,285781.0,322458.0,414228.0,413571.0,265785.0,611266.0,232126.0,204958.0,185305.0,351717.0,263616.0,241224.0,212415.0,174352.0,325186.0,337438.0,183861.0,336283.0,216923.0,276927.0,284303.0,247450.0,436769.0,256521.0,194316.0,439247.0,217043.67,26.1307,0.000741,227565.0,14.9535,0.000477,316513.3,5.3756,0.00022,293523.67,3.8644,0.000158,284673.5,2.9884,0.000118,285535.67,1.9863,7.8e-05
20261002,1451,年興,110707.0,199338.0,83975.0,117464.0,69603.0,66059.0,131244.0,106114.0,48435.0,95337.0,21081.0,97725.0,96981.0,152025.0,39297.0,64973.0,27096.0,42398.0,40827.0,33602.0,49183.0,134920.0,127385.0,83168.0,92200.0,78653.0,138573.0,53942.0,69556.0,73283.0,131340.0,28.0968,0.000482,116217.4,19.0517,0.000311,102827.6,10.7663,0.000143,95692.33,7.7127,0.000103,82214.05,6.7329,7.7e-05,84838.13,4.3497,5.1e-05
20261002,1452,宏益,41069.0,19052.0,49014.0,52416.0,29418.0,32235.0,46861.0,63272.0,59436.0,152536.0,237876.0,14255.0,9061.0,16507.0,82324.0,53120.0,73496.0,128188.0,74855.0,92349.0,46101.0,29079.0,68199.0,98667.0,60082.0,87262.0,65440.0,150936.0,84296.0,96692.0,36378.33,37.6314,0.000179,38193.8,21.5056,0.000115,54530.9,7.5313,5.3e-05,60355.47,4.5363,3.8e-05,66367.0,3.0941,2.9e-05,70469.8,1.9426,1.9e-05
20261002,1453,大將,25165.0,11353.0,25495.0,12794.0,33732.0,23228.0,34749.0,27505.0,70272.0,15602.0,45297.0,47026.0,14747.0,27646.0,68410.0,8877.0,27410.0,25966.0,22757.0,3057.0,37230.0,10899.0,51882.0,39479.0,78213.0,25661.0,28425.0,23415.0,47593.0,42550.0,20671.0,40.5802,0.00011,21707.8,23.1852,7.1e-05,27989.5,8.9909,3.3e-05,32201.4,5.2099,2.3e-05,28554.4,4.4065,1.8e-05,31881.17,2.6311,1.2e-05
20261002,1454,台富,46413.0,11668.0,20501.0,30096.0,16473.0,34013.0,37552.0,18762.0,13678.0,29292.0,36242.0,43194.0,7001.0,61513.0,98933.0,29833.0,36122.0,57596.0,20468.0,19835.0,36046.0,62883.0,31206.0,7492.0,7091.0,25957.0,23790.0,18293.0,111870.0,46708.0,26194.0,59.0631,0.000202,25030.2,37.0856,0.00013,25844.8,17.9584,6e-05,33688.73,9.1847,4.3e-05,33459.25,6.9358,3.2e-05,34684.03,4.4606,2.1e-05
20261002,1455,集盛,1197742.0,326384.0,813294.0,520420.0,207283.0,305029.0,409984.0,483707.0,1004247.0,963403.0,476524.0,470308.0,449168.0,1005983.0,478826.0,1128381.0,933596.0,1674869.0,891137.0,1902317.0,1291807.0,3348017.0,845296.0,901205.0,726285.0,637918.0,1502316.0,2142113.0,1287387.0,1651693.0,779140.0,51.2421,0.005218,613024.6,39.0765,0.00336,623149.3,19.2208,0.00155,607486.8,13.1442,0.001112,782130.1,7.6569,0.000833,999221.3,3.9956,0.000548
20261002,1456,怡華,165565.0,158906.0,70560.0,95229.0,259796.0,169576.0,126200.0,150402.0,93472.0,137568.0,154010.0,241173.0,140028.0,444069.0,1538427.0,22173.0,95038.0,41225.0,55000.0,43704.0,91549.0,45183.0,146279.0,52439.0,54215.0,109436.0,29280.0,84143.0,55833.0,67523.0,131677.0,41.9119,0.000721,150011.2,22.0737,0.000465,142727.4,11.6001,0.000214,262998.73,4.1969,0.000154,210106.05,3.94,0.000115,164600.03,3.3529,7.6e-05
20261002,1457,宜進,61701.0,71418.0,53751.0,75983.0,45123.0,110638.0,67428.0,74546.0,153691.0,111847.0,84460.0,37872.0,153986.0,56008.0,25886.0,75528.0,66266.0,143901.0,151236.0,122011.0,56905.0,97941.0,64791.0,51405.0,127459.0,51687.0,19137.0,80026.0,92150.0,51440.0,62290.0,33.0181,0.000269,61595.2,20.0344,0.000173,82612.6,7.4687,8e-05,78955.87,5.2097,5.7e-05,87164.0,3.5394,4.3e-05,81207.37,2.5327,2.8e-05
20261002,1459,聯發,1105002.0,215213.0,356148.0,98990.0,17332.0,177493.0,47754.0,35319.0,170958.0,130591.0,176813.0,172508.0,38356.0,127372.0,131964.0,100342.0,119369.0,260639.0,306543.0,52307.0,181353.0,99933.0,137637.0,168696.0,1946849.0,319094.0,122560.0,133679.0,102870.0,213936.0,558787.67,65.9166,0.004814,358537.0,61.6395,0.0031,235480.0,46.9255,0.00143,200120.87,36.8112,0.001026,192050.65,28.7685,0.000769,242254.0,15.2045,0.000505
20261002,1460,宏遠,264301.0,169811.0,421176.0,144069.0,267832.0,177559.0,142157.0,145789.0,154660.0,236252.0,249188.0,386923.0,289122.0,182464.0,370271.0,171755.0,214830.0,129962.0,244422.0,186307.0,92622.0,216255.0,207297.0,159830.0,186269.0,166338.0,133410.0,320675.0,171560.0,312920.0,285096.0,30.902,0.001151,253437.8,20.8573,0.000742,212360.6,12.4459,0.000342,240104.93,7.3385,0.000245,227442.5,5.8103,0.000184,217200.87,4.0562,0.000121
20261002,1463,強盛新,19317.0,12067.0,34041.0,40209.0,92045.0,5020.0,143021.0,86291.0,31618.0,24187.0,226513.0,281006.0,167015.0,69267.0,75390.0,14282.0,26345.0,59557.0,15492.0,46140.0,31279.0,83601.0,41219.0,13257.0,46112.0,20290.0,15121.0,15134.0,66096.0,90005.0,21808.33,29.5254,8.4e-05,39535.8,9.7719,5.4e-05,48781.6,3.9599,2.5e-05,87133.8,1.478,1.8e-05,73441.15,1.3151,1.3e-05,63031.23,1.0216,9e-06
20261002,1464,得力,150192.0,328472.0,294368.0,445668.0,137078.0,177781.0,361994.0,314906.0,146158.0,370710.0,568570.0,492932.0,220313.0,171362.0,231146.0,440767.0,472500.0,218551.0,225463.0,313664.0,393867.0,515865.0,262581.0,228355.0,179982.0,177741.0,147269.0,170508.0,262319.0,234286.0,257677.33,19.4289,0.000654,271155.6,11.0779,0.000421,272732.7,5.5069,0.000194,294110.0,3.4044,0.00014,304129.75,2.4692,0.000105,288512.27,1.7352,6.9e-05
20261002,1465,偉全,28536.0,52021.0,33443.0,73543.0,19251.0,273176.0,173094.0,190789.0,221714.0,496088.0,204531.0,30280.0,78804.0,97918.0,99984.0,116059.0,187562.0,117788.0,156805.0,467856.0,273191.0,314076.0,219640.0,320572.0,349947.0,147989.0,94823.0,382175.0,132101.0,220498.0,38000.0,25.0316,0.000124,41358.8,13.7992,8e-05,156165.5,1.8273,3.7e-05,138211.47,1.3764,2.7e-05,155962.1,0.9148,2e-05,185808.47,0.5119,1.3e-05
20261002,1466,聚隆,160419.0,118037.0,179670.0,188257.0,67430.0,129964.0,275284.0,341388.0,201082.0,299518.0,224159.0,171002.0,174021.0,266554.0,261338.0,293884.0,305319.0,323863.0,120192.0,337852.0,98149.0,219591.0,215671.0,384286.0,154409.0,202480.0,278467.0,501490.0,211084.0,158049.0,152708.67,35.0163,0.000699,142762.6,22.4735,0.00045,196104.9,8.1803,0.000208,203874.87,5.2457,0.000149,221961.65,3.6137,0.000112,228763.63,2.3375,7.3e-05
20261002,1467,南緯,1799273.0,372161.0,150421.0,65726.0,24833.0,160300.0,214081.0,48497.0,110965.0,167036.0,136520.0,62059.0,84741.0,413548.0,173206.0,81249.0,116361.0,292951.0,193561.0,62056.0,64501.0,120118.0,254720.0,164242.0,174683.0,217556.0,220929.0,227031.0,370920.0,300540.0,773951.67,77.4929,0.007838,482482.8,74.5839,0.005048,311329.3,57.7932,0.002328,265557.8,45.1697,0.001671,236477.25,38.0433,0.001252,228159.5,26.2868,0.000823
20261002,1468,昶和,42000.0,63000.0,79041.0,59000.0,54000.0,67000.0,68000.0,39000.0,56000.0,77646.0,45000.0,92000.0,73000.0,46009.0,50000.0,43000.0,46415.0,90056.0,71061.0,65123.0,63000.0,304347.0,70000.0,52001.0,66002.0,76000.0,62136.0,63113.0,57000.0,44008.0,61347.0,22.821,0.000183,59408.2,14.1395,0.000118,60468.7,6.9457,5.4e-05,60713.07,4.6119,3.9e-05,61317.55,3.4248,2.9e-05,69465.27,2.0154,1.9e-05
20261002,1470,大統新創,9000.0,6000.0,60030.0,5025.0,1000.0,4001.0,11001.0,24000.0,10034.0,37462.0,45000.0,4003.0,3025.0,30088.0,2048.0,5361.0,25385.0,17000.0,31000.0,20.0,3000.0,1176.0,7983.0,5000.0,24116.0,11397.0,24049.0,3149.0,19918.0,24018.0,25010.0,11.9952,3.9e-05,16211.0,11.1036,2.5e-05,16755.3,5.3714,1.2e-05,16781.13,3.5754,8e-06,16524.15,2.7233,6e-06,15142.97,1.9811,4e-06
20261002,1471,首利,120432.0,88354.0,258382.0,134939.0,113249.0,260747.0,287994.0,309644.0,173295.0,222912.0,174527.0,114788.0,139326.0,267604.0,112337.0,263023.0,132450.0,184294.0,226266.0,112830.0,139560.0,270802.0,225209.0,299929.0,644475.0,301635.0,1787621.0,223794.0,160621.0,181580.0,155722.67,25.7792,0.000525,143071.2,16.8353,0.000338,196994.8,6.1135,0.000156,185235.33,4.3344,0.000112,184869.65,3.2572,8.4e-05,264420.63,1.5182,5.5e-05
20261002,1472,三洋實業,118236.0,103196.0,81515.0,25130.0,16063.0,41250.0,47090.0,129376.0,102427.0,14593.0,25082.0,25050.0,995.0,581.0,7022.0,30221.0,102539.0,11544.0,27682.0,12000.0,11102.0,15358.0,49311.0,177.0,81552.0,4129.0,41000.0,2002.0,29203.0,10380.0,100982.33,39.0286,0.000515,68828.0,34.3569,0.000332,67887.6,17.4164,0.000153,49173.73,16.0297,0.00011,46079.6,12.8295,8.2e-05,38860.2,10.142,5.4e-05
20261002,1473,台南,132509.0,99306.0,121246.0,30004.0,137652.0,63137.0,130097.0,37372.0,53890.0,18451.0,61171.0,164728.0,33401.0,22198.0,24713.0,39160.0,41036.0,35546.0,26702.0,19491.0,54432.0,16122.0,36227.0,29817.0,73879.0,21710.0,20996.0,40769.0,56650.0,37188.0,117687.0,37.5315,0.000577,104143.4,25.4474,0.000372,82366.4,16.0877,0.000171,75325.0,11.7278,0.000123,64590.5,10.2576,9.2e-05,55986.67,7.8893,6.1e-05
20261002,1474,弘裕,93677.0,80621.0,80549.0,65447.0,66749.0,50201.0,35699.0,36177.0,48177.0,443245.0,76550.0,81744.0,41000.0,122711.0,48009.0,33986.0,43560.0,25750.0,21477.0,112834.0,70308.0,170540.0,95259.0,70547.0,49038.0,27572.0,74457.0,67281.0,56669.0,63558.0,84949.0,36.7581,0.000408,77408.6,24.2033,0.000263,100054.2,9.3626,0.000121,91370.4,6.835,8.7e-05,80408.15,5.8251,6.5e-05,78446.4,3.9805,4.3e-05
20261002,1475,業旺,18207.0,6000.0,7010.0,25142.0,4570.0,6238.0,6200.0,10040.0,12000.0,21532.0,14130.0,18528.0,30050.0,14018.0,74020.0,46201.0,31871.0,21000.0,12000.0,18000.0,10104.0,7095.0,29003.0,22000.0,4554.0,9000.0,3098.0,4180.0,28035.0,5000.0,10405.67,58.324,7.9e-05,12185.8,29.8823,5.1e-05,11693.9,15.5697,2.4e-05,17845.67,6.8017,1.7e-05,19837.85,4.589,1.3e-05,17294.2,3.5093,8e-06
20261002,1476,儒鴻,865971.0,831703.0,1501297.0,1313965.0,1332740.0,1131791.0,2066725.0,1124231.0,1103191.0,1077099.0,1088777.0,1039100.0,783272.0,741092.0,1536439.0,1756884.0,2603139.0,1813748.0,870350.0,1133402.0,456035.0,821591.0,1016869.0,698479.0,876526.0,591807.0,866355.0,679932.0,2144007.0,1478699.0,1066323.67,27.0703,0.003772,1169135.2,14.8139,0.00243,1234871.3,7.0126,0.00112,1169159.53,4.9379,0.000804,1285745.8,3.3676,0.000603,1178173.87,2.45,0.000396
20261002,1477,聚陽,666551.0,912315.0,1246992.0,518380.0,781995.0,952814.0,2119942.0,938292.0,2075757.0,1369161.0,1946631.0,726664.0,683737.0,785085.0,848371.0,1473050.0,1213497.0,1846341.0,984999.0,1408035.0,1099383.0,1187571.0,1702337.0,1170351.0,907866.0,1944065.0,1239237.0,1454605.0,4283583.0,4103197.0,941952.67,23.5876,0.002904,825246.6,16.154,0.00187,1158219.9,5.755,0.000862,1104845.8,4.022,0.000619,1174930.45,2.8366,0.000464,1419693.47,1.565,0.000305
20261002,1503,士電,689817.0,346701.0,779812.0,803599.0,625987.0,537575.0,863639.0,596250.0,1106082.0,795159.0,657655.0,839563.0,2304098.0,1253200.0,1763548.0,1065668.0,1075972.0,1513620.0,1280615.0,1509182.0,2697623.0,3538185.0,1976078.0,3448529.0,4555257.0,975343.0,745250.0,1173246.0,800171.0,989257.0,605443.33,37.9786,0.003005,649183.2,21.2518,0.001935,714462.1,9.6551,0.000893,930845.67,4.9404,0.000641,1020387.1,3.3802,0.00048,1376889.37,1.67,0.000316
20261002,1504,東元,3548122.0,2132864.0,4881465.0,3285032.0,4146251.0,2821320.0,4590638.0,4717440.0,8408962.0,4233525.0,5463569.0,3641620.0,8281276.0,4571707.0,3556966.0,3448400.0,5634282.0,4386985.0,4919804.0,7456813.0,5931340.0,12981457.0,4705660.0,13064159.0,16053918.0,4280351.0,16076936.0,7713386.0,11122545.0,8487105.0,3520817.0,33.5918,0.015456,3598746.8,19.7187,0.009955,4276561.9,8.2967,0.004591,4552050.47,5.1964,0.003296,4706352.05,3.7695,0.002469,6484796.6,1.8238,0.001623
20261002,1506,正道,374152.0,375836.0,354064.0,264142.0,312228.0,124477.0,90116.0,159815.0,104103.0,72380.0,60009.0,274176.0,293717.0,264324.0,314292.0,142199.0,305639.0,347545.0,148462.0,123602.0,136241.0,265595.0,64071.0,174703.0,238129.0,80382.0,128196.0,181078.0,219806.0,189027.0,368017.33,33.889,0.00163,336084.4,22.2654,0.00105,223131.3,16.7682,0.000484,229188.73,10.8834,0.000348,225263.9,8.3047,0.00026,206083.53,6.0518,0.000171
20261002,1512,瑞利,48236.0,54716.0,47461.0,31876.0,50439.0,62626.0,50501.0,43947.0,42767.0,68674.0,70569.0,20719.0,46005.0,34900.0,9512.0,33673.0,18513.0,44962.0,78282.0,96001.0,95009.0,104070.0,49683.0,34957.0,97642.0,76062.0,116223.0,62243.0,83291.0,38208.0,50137.67,32.069,0.00021,46545.6,20.7263,0.000135,50124.3,9.6233,6.2e-05,45529.87,7.0629,4.5e-05,47718.95,5.0542,3.4e-05,57058.9,2.8179,2.2e-05
20261002,1513,中興電,1860658.0,1480846.0,2911349.0,1788378.0,1271637.0,1418753.0,2115591.0,2036486.0,2736864.0,1750471.0,1473069.0,1255434.0,1280629.0,1438476.0,945887.0,1788251.0,1320066.0,2317216.0,1475029.0,2234597.0,1753904.0,3415068.0,3494872.0,2782623.0,6144306.0,1417131.0,1508681.0,1962002.0,2253967.0,2630720.0,2084284.33,29.7569,0.008105,1862573.6,19.9794,0.00522,1937103.3,9.6054,0.002407,1717635.2,7.2218,0.001728,1744984.35,5.3314,0.001295,2075432.03,2.9884,0.000851
20261002,1514,亞力,776242.0,553808.0,669400.0,1216690.0,1861115.0,1483305.0,601036.0,921067.0,716660.0,758306.0,1066817.0,595972.0,932667.0,813120.0,618113.0,1215113.0,723891.0,984014.0,1169826.0,1487636.0,1859486.0,2050104.0,1632842.0,6054909.0,3332924.0,591858.0,816116.0,997729.0,829121.0,1160313.0,666483.33,38.8228,0.003381,1015451.0,15.2886,0.002178,955762.9,8.1217,0.001004,905621.2,5.7143,0.000721,958239.9,4.0504,0.00054,1283006.67,2.0167,0.000355
20261002,1515,力山,486543.0,501315.0,463662.0,332858.0,406535.0,520440.0,530273.0,413863.0,902436.0,548679.0,381507.0,516938.0,880449.0,1771618.0,847825.0,578395.0,796746.0,753433.0,1318907.0,1384153.0,1035596.0,1382892.0,1848063.0,6522702.0,7603342.0,4333033.0,1731768.0,5405155.0,1886616.0,3412856.0,483840.0,33.5196,0.002119,438182.6,22.2073,0.001365,510660.4,9.5277,0.00063,633662.73,5.1188,0.000452,716828.75,3.3937,0.000339,1649953.27,0.9829,0.000223
20261002,1516,川飛,25681.0,17631.0,16626.0,27899.0,23757.0,29866.0,52589.0,62290.0,178820.0,148811.0,8172.0,24241.0,1316371.0,18025.0,21224.0,29009.0,9406.0,45053.0,4540.0,36314.0,13062.0,38778.0,9140.0,23514.0,65312.0,17590.0,12610.0,2025.0,1489.0,28.0,19979.33,42.8459,0.000112,22318.8,23.0129,7.2e-05,58397.0,4.3977,3.3e-05,131466.87,1.3023,2.4e-05,104816.25,1.225,1.8e-05,75995.77,1.1264,1.2e-05
20261002,1517,利奇,146787.0,157323.0,200511.0,128242.0,69144.0,193484.0,271226.0,97835.0,225979.0,201429.0,201084.0,253540.0,256199.0,466841.0,247711.0,213192.0,195427.0,381865.0,284817.0,532763.0,300188.0,235356.0,116825.0,380772.0,217393.0,270112.0,315262.0,370053.0,357080.0,226228.0,168207.0,29.0886,0.000639,140401.4,20.9096,0.000412,169196.0,8.6756,0.00019,207822.33,4.7087,0.000136,236269.95,3.1063,0.000102,250488.93,1.9533,6.7e-05
20261002,1519,華城,1180606.0,849523.0,1201359.0,1241444.0,678128.0,637049.0,546175.0,463781.0,1379950.0,618004.0,753594.0,1232165.0,1792604.0,864336.0,1374533.0,1278367.0,1125985.0,4407355.0,1702643.0,1340195.0,1693169.0,3405950.0,2499431.0,4024392.0,6179475.0,1635218.0,1099208.0,1135682.0,954237.0,1678148.0,1077162.67,36.5344,0.005143,1030212.0,22.9197,0.003312,879601.9,13.422,0.001528,987550.07,7.9699,0.001097,1233389.8,4.786,0.000822,1632423.53,2.4107,0.00054
20261002,1521,大億,32061.0,5274.0,29104.0,23333.0,36307.0,77864.0,272423.0,33204.0,19183.0,15764.0,28086.0,26502.0,31013.0,17451.0,12043.0,58639.0,22854.0,25004.0,17551.0,3000.0,14063.0,11529.0,12111.0,25233.0,13104.0,16381.0,14074.0,5643.0,10101.0,14472.0,22146.33,48.2563,0.00014,25215.8,25.4293,9e-05,54451.7,5.888,4.1e-05,43974.13,4.8606,3e-05,39333.0,4.0756,2.2e-05,30779.03,3.4722,1.5e-05
20261002,1522,堤維西,268213.0,203560.0,293420.0,346508.0,296101.0,176458.0,551295.0,204963.0,841918.0,389954.0,605495.0,355332.0,571863.0,762939.0,604237.0,356524.0,231329.0,537265.0,522099.0,650650.0,474638.0,1515400.0,238077.0,332842.0,360757.0,237795.0,338409.0,298561.0,234625.0,306152.0,255064.33,35.0517,0.001168,281560.4,19.0519,0.000753,357239.0,7.5079,0.000347,431483.73,4.144,0.000249,438506.15,3.0583,0.000187,436912.63,2.0463,0.000123
20261002,1522A,堤維西甲特,,,19344.0,74215.0,67000.0,55000.0,1322.0,5705.0,7515.0,8000.0,12485.0,18071.0,9000.0,1000.0,8000.0,12000.0,4000.0,29000.0,0.0,1000.0,2000.0,2000.0,4000.0,9000.0,7000.0,7000.0,28000.0,53200.0,12119.0,16735.0,19344.0,,,53519.67,,,29762.62,,,22050.54,,,18480.94,,,16918.25,,
20261002,1524,耿鼎,307513.0,176035.0,231553.0,146061.0,162765.0,223356.0,249531.0,169914.0,257345.0,255646.0,211523.0,117411.0,141463.0,207106.0,345003.0,409397.0,164875.0,259156.0,257060.0,427829.0,267921.0,283299.0,186054.0,217708.0,474572.0,256738.0,213466.0,306932.0,195041.0,258698.0,238367.0,43.0027,0.00134,204785.4,30.0327,0.000863,217971.9,14.1079,0.000398,213481.67,9.6031,0.000286,236027.1,6.5144,0.000214,246032.37,4.1663,0.000141
20261002,1525,江申,6433.0,10199.0,7106.0,19739.0,14044.0,9075.0,17.0,8000.0,8020.0,1001.0,5161.0,1001.0,4200.0,2101.0,8006.0,8194.0,5924.0,22265.0,36122.0,4288.0,3183.0,11040.0,21004.0,14004.0,13186.0,11091.0,46048.0,6080.0,44036.0,21212.0,7912.67,27.1,2.8e-05,11504.2,11.1837,1.8e-05,8363.4,7.6918,8e-06,6940.2,6.1795,6e-06,9044.8,3.5562,4e-06,12392.67,1.7303,3e-06
20261002,1526,日馳,39295.0,28704.0,131514.0,41781.0,25365.0,95710.0,111030.0,34818.0,171017.0,49055.0,188010.0,83980.0,129719.0,101449.0,72405.0,85840.0,96709.0,114139.0,123410.0,359635.0,238372.0,93441.0,238513.0,126458.0,120164.0,174390.0,125575.0,176574.0,413612.0,463909.0,66504.33,19.6955,0.000171,53331.8,14.736,0.00011,72828.9,5.3955,5.1e-05,86923.47,3.0138,3.6e-05,104179.25,1.8859,2.7e-05,141819.77,0.9236,1.8e-05
20261002,1527,鑽全,213901.0,137401.0,77100.0,280870.0,89339.0,110648.0,105160.0,115230.0,290853.0,55727.0,60040.0,130444.0,132283.0,144492.0,89681.0,108977.0,116142.0,153849.0,65919.0,84454.0,193720.0,106319.0,70077.0,125222.0,51722.0,118644.0,157145.0,36747.0,115758.0,184547.0,142800.67,49.93,0.000932,159722.2,26.7841,0.0006,147622.9,14.4897,0.000277,135544.6,10.5206,0.000199,128125.5,8.3473,0.000149,124080.37,5.7463,9.8e-05
20261002,1528,恩德,2855598.0,3331136.0,6869318.0,3744186.0,7813369.0,7326990.0,35909953.0,23401861.0,7793176.0,11821729.0,29029986.0,37110090.0,15628482.0,9585675.0,1959599.0,7046159.0,3489297.0,392050.0,525394.0,699605.0,529230.0,546534.0,623962.0,740896.0,861333.0,852020.0,391402.0,479248.0,668804.0,620789.0,4352017.33,21.8718,0.012439,4922721.4,11.6017,0.008012,11086731.6,2.5757,0.003695,13612076.53,1.3986,0.002652,10816682.65,1.32,0.001987,7421595.7,1.2826,0.001306
20261002,1529,樂事綠能,725209.0,437915.0,1020769.0,409818.0,512347.0,1001005.0,1818711.0,1517201.0,1382976.0,2142441.0,3885317.0,431421.0,195202.0,198967.0,214231.0,311985.0,642841.0,412587.0,496224.0,608189.0,286709.0,277903.0,425849.0,746393.0,564874.0,372127.0,197174.0,281896.0,269966.0,205953.0,727964.33,33.2072,0.003159,621211.6,23.3482,0.002035,1096839.2,6.6118,0.000938,1059568.67,4.5629,0.000674,918267.8,3.9488,0.000505,733140.0,3.2973,0.000332
20261002,1530,亞崴,36211.0,11314.0,16544.0,22949.0,7183.0,32471.0,20765.0,36179.0,23906.0,33497.0,36426.0,23037.0,17749.0,74234.0,8751.0,16581.0,10324.0,19993.0,20162.0,24625.0,12620.0,10134.0,22889.0,24791.0,11766.0,20212.0,21004.0,23353.0,29218.0,13002.0,21356.33,56.5188,0.000158,18840.2,38.4401,0.000102,24101.9,15.0241,4.7e-05,26747.73,9.0253,3.4e-05,24645.05,7.3465,2.5e-05,22729.67,5.3104,1.7e-05
20261002,1531,高林股,46790.0,82880.0,56069.0,59839.0,776324.0,1091359.0,89336.0,50367.0,201208.0,73514.0,104201.0,44280.0,87259.0,74140.0,74675.0,20132.0,206015.0,283300.0,176459.0,81554.0,246447.0,302534.0,925839.0,1230467.0,327555.0,257064.0,231805.0,140114.0,111633.0,130613.0,61913.0,25.1913,0.000204,204380.4,4.5787,0.000131,252768.6,1.8511,6.1e-05,194149.4,1.6067,4.3e-05,183985.05,1.2716,3.3e-05,252792.4,0.617,2.1e-05
20261002,1532,勤美,473423.0,206021.0,309452.0,344891.0,328911.0,287408.0,306199.0,211058.0,682584.0,223665.0,1009353.0,315519.0,219795.0,493923.0,132432.0,420806.0,196800.0,278105.0,169733.0,336469.0,180845.0,442544.0,181470.0,308888.0,230672.0,367895.0,146463.0,381246.0,297470.0,333404.0,329632.0,47.8739,0.002062,332539.6,28.4732,0.001328,337361.2,14.0331,0.000613,369642.27,8.5384,0.00044,347327.35,6.8152,0.000329,327248.13,4.8223,0.000217
20261002,1533,車王電,45632.0,54006.0,127079.0,50241.0,25565.0,59513.0,143623.0,78874.0,96421.0,52558.0,78742.0,81172.0,171581.0,55123.0,87499.0,83463.0,61306.0,45454.0,86609.0,66273.0,89769.0,125258.0,192540.0,82481.0,65459.0,39688.0,171097.0,114440.0,88632.0,100651.0,75572.33,20.1273,0.000199,60504.6,15.0838,0.000128,73351.2,6.221,5.9e-05,80508.6,3.7786,4.2e-05,77536.7,2.9426,3.2e-05,87358.3,1.7412,2.1e-05
20261002,1535,中宇,26914.0,15847.0,46672.0,20045.0,33345.0,36039.0,26589.0,34126.0,49484.0,55075.0,29002.0,53337.0,79608.0,69415.0,39210.0,47655.0,36278.0,55596.0,22201.0,29156.0,25098.0,32581.0,54845.0,27576.0,42418.0,22285.0,29130.0,47933.0,60710.0,49256.0,29811.0,30.094,0.000117,28564.6,18.8443,7.6e-05,34413.6,7.8207,3.5e-05,40980.53,4.3783,2.5e-05,40279.7,3.3409,1.9e-05,39914.2,2.2477,1.2e-05
20261002,1536,和大,424060.0,510512.0,461528.0,478397.0,996126.0,476465.0,947570.0,482448.0,1030923.0,878684.0,1697948.0,1446637.0,740053.0,824471.0,1026883.0,650771.0,1643040.0,1747462.0,1176427.0,2258048.0,664157.0,1075726.0,862353.0,1056845.0,1254061.0,696518.0,673071.0,1278184.0,883888.0,1226080.0,465366.67,30.3746,0.001847,574124.6,14.7724,0.00119,668671.3,6.3418,0.000549,828180.33,3.4136,0.000394,994922.65,2.1311,0.000295,985644.53,1.4341,0.000194
20261002,1537,廣隆,108394.0,143652.0,131686.0,71880.0,82180.0,62089.0,55064.0,62969.0,196683.0,53859.0,48919.0,28063.0,76601.0,56561.0,92711.0,46655.0,177460.0,102277.0,217745.0,281110.0,132501.0,274832.0,119980.0,149353.0,134556.0,162323.0,107671.0,143989.0,410803.0,479431.0,127910.67,28.2473,0.000472,107558.4,20.1554,0.000304,96845.6,11.1925,0.00014,84754.07,8.5262,0.000101,104827.9,5.1701,7.5e-05,140399.9,2.5735,5e-05
20261002,1538,正峰,10231.0,15832.0,15937.0,126.0,1.0,167.0,110.0,3452.0,1252.0,790.0,668.0,5.0,91.0,19685.0,18273.0,22005.0,33672.0,42298.0,218.0,0.0,110.0,2.0,1.0,1.0,583.0,700.0,3002.0,0.0,1.0,1000.0,14000.0,24.3595,4.5e-05,8425.4,24.2861,2.9e-05,4789.8,21.36,1.3e-05,5774.67,11.8114,1e-05,9240.65,5.5359,7e-06,6340.43,5.3787,5e-06
20261002,1539,巨庭,10042.0,25405.0,18001.0,27659.0,22000.0,6486.0,24829.0,30502.0,42179.0,19079.0,15001.0,11315.0,20118.0,13083.0,10000.0,17300.0,11579.0,26543.0,48414.0,21176.0,8056.0,13010.0,23003.0,23128.0,37342.0,40709.0,22405.0,36471.0,28180.0,21295.0,17816.0,18.7884,4.4e-05,20621.4,9.7394,2.8e-05,22618.2,4.4398,1.3e-05,19713.27,3.396,9e-06,21035.55,2.3869,7e-06,22477.0,1.4892,5e-06
20261002,1540,喬福,125151.0,51011.0,174910.0,90124.0,61371.0,100627.0,85180.0,91457.0,55597.0,173983.0,69363.0,110532.0,132834.0,143203.0,92588.0,69910.0,120350.0,116854.0,119510.0,222006.0,117057.0,144868.0,84908.0,105273.0,59235.0,102964.0,101075.0,93296.0,120219.0,161456.0,117024.0,35.6482,0.000545,100513.4,24.9024,0.000351,100941.1,12.3984,0.000162,103862.07,8.0332,0.000116,110328.05,5.6718,8.7e-05,109897.07,3.796,5.7e-05
20261002,1541,錩泰,21063.0,6283.0,5007.0,8000.0,0.0,1000.0,1023.0,6000.0,10000.0,11000.0,8000.0,27193.0,17000.0,14000.0,8060.0,6082.0,5609.0,18022.0,6099.0,9309.0,9110.0,15065.0,17035.0,8000.0,18122.0,12050.0,13179.0,11080.0,17130.0,14257.0,10784.33,65.1037,9.2e-05,8070.6,52.1969,5.9e-05,6937.6,30.3606,2.7e-05,9575.27,14.6649,2e-05,9437.5,11.1592,1.5e-05,10792.6,6.5054,1e-05
20261002,1558,伸興,98698.0,385719.0,71838.0,171197.0,42146.0,111583.0,138586.0,74255.0,139392.0,182294.0,110561.0,107345.0,118918.0,383611.0,117597.0,132178.0,73609.0,143939.0,80444.0,204979.0,328491.0,164224.0,90309.0,58760.0,115420.0,78947.0,110593.0,184925.0,190919.0,112656.0,185418.33,17.7433,0.00043,153919.6,12.8246,0.000277,141570.8,6.9716,0.000128,150249.33,4.3793,9.2e-05,144444.45,3.4165,6.9e-05,144137.77,2.2825,4.5e-05
20261002,1560,中砂,1570824.0,1592741.0,1307523.0,1083052.0,2172367.0,3373372.0,3983118.0,5320084.0,6133920.0,3169755.0,672723.0,702383.0,2027263.0,4096116.0,456150.0,995480.0,665337.0,1767148.0,1570777.0,1273917.0,1081855.0,2090731.0,943741.0,584981.0,647180.0,471953.0,588696.0,804373.0,1284823.0,1743149.0,1490362.67,35.1329,0.006843,1545301.4,20.3303,0.004407,2970675.6,5.2878,0.002032,2510759.4,4.1709,0.001459,2196702.5,3.5754,0.001093,1805851.07,2.8995,0.000718
20261002,1563,巧新,413872.0,196239.0,236232.0,615079.0,457123.0,344006.0,603317.0,290153.0,402351.0,695799.0,533204.0,419146.0,398591.0,603041.0,711674.0,1061748.0,1230096.0,1529112.0,,,,,,,,3214635.0,1278701.0,1460026.0,731400.0,755565.0,282114.33,48.9012,0.001803,383709.0,21.5722,0.001161,425417.1,9.7286,0.000536,461321.8,5.981,0.000384,596710.17,3.8533,0.000288,790483.04,2.2764,0.000189
20261002,1568,倉佑,264348.0,365521.0,483918.0,688490.0,176644.0,288723.0,299163.0,352970.0,296101.0,466364.0,589788.0,105428.0,215433.0,508871.0,250692.0,86588.0,159580.0,145254.0,268227.0,224540.0,70017.0,180158.0,153083.0,172554.0,149023.0,200256.0,108848.0,162119.0,281356.0,264710.0,371262.33,23.7342,0.001152,395784.2,13.3582,0.000742,368224.2,7.179,0.000342,356830.27,4.9388,0.000246,311832.15,4.2386,0.000184,265958.9,3.3131,0.000121
20261002,1582,信錦,338419.0,214712.0,409247.0,281706.0,257013.0,229638.0,425971.0,193170.0,279538.0,225087.0,436365.0,275233.0,320042.0,315530.0,441466.0,319174.0,277640.0,227038.0,302724.0,412575.0,277606.0,452102.0,670008.0,1070262.0,1313403.0,405566.0,218961.0,159386.0,311803.0,388672.0,320792.67,35.1649,0.001474,300219.4,22.5448,0.000949,285450.1,11.8556,0.000438,309542.47,7.2886,0.000314,309114.4,5.474,0.000235,381668.57,2.9556,0.000155
20261002,1583,程泰,34710.0,8092.0,11000.0,12038.0,5504.0,2002.0,15106.0,26002.0,22145.0,21129.0,31338.0,11167.0,5323.0,16784.0,7205.0,17263.0,14063.0,30803.0,10155.0,10220.0,8618.0,8093.0,31453.0,14065.0,12509.0,70856.0,45119.0,229086.0,15073.0,14190.0,17934.0,64.5143,0.000151,14268.8,48.6516,9.7e-05,15772.8,22.0062,4.5e-05,15303.0,15.1212,3.2e-05,15602.45,11.1233,2.4e-05,25370.37,4.5604,1.6e-05
20261002,1587,吉茂,53872.0,99688.0,185100.0,140304.0,32672.0,76709.0,47782.0,77454.0,84010.0,47669.0,95068.0,147335.0,183592.0,67706.0,116061.0,152255.0,193191.0,122233.0,131215.0,185975.0,80799.0,137763.0,131556.0,230401.0,67852.0,73226.0,83976.0,98009.0,96973.0,212488.0,112886.67,15.9074,0.000235,102327.2,10.5294,0.000151,84526.0,6.3734,7e-05,97001.47,3.7025,5e-05,111994.55,2.4051,3.7e-05,115097.8,1.5602,2.5e-05
20261002,1590,亞德客-KY,1257607.0,668109.0,1005155.0,943554.0,1242221.0,638275.0,1220937.0,1001473.0,1438559.0,1181757.0,917020.0,445567.0,455226.0,1173008.0,804969.0,1246456.0,366835.0,617158.0,289906.0,421501.0,471817.0,548505.0,625352.0,673924.0,940594.0,487223.0,445918.0,871462.0,555093.0,639888.0,976957.0,42.909,0.005478,1023329.2,24.5787,0.003528,1059764.7,11.8669,0.001627,959562.47,8.7374,0.001168,866764.65,7.2546,0.000875,786502.3,5.33,0.000575
20261002,1597,直得,3289271.0,4660046.0,3566141.0,2569668.0,467381.0,764824.0,959290.0,632362.0,642026.0,1157014.0,681067.0,1501685.0,1715043.0,1692093.0,1766190.0,4001855.0,2378357.0,5812714.0,7090442.0,6266958.0,5980445.0,2406761.0,4283166.0,6997405.0,1734221.0,739590.0,788380.0,1148919.0,1381424.0,970461.0,3838486.0,28.564,0.014329,2910501.4,22.6028,0.009228,1870802.3,17.5821,0.004256,1737606.73,12.6199,0.003055,2580721.35,6.3728,0.002289,2601506.63,4.2146,0.001504
20261002,1598,岱宇,130996.0,103610.0,104908.0,163357.0,170591.0,144922.0,177966.0,329897.0,151423.0,94541.0,56091.0,132445.0,102753.0,130090.0,167413.0,699525.0,126129.0,311260.0,233793.0,123957.0,84032.0,81708.0,118434.0,229049.0,129518.0,119284.0,703040.0,95667.0,182277.0,743103.0,113171.33,38.5834,0.000571,134692.4,19.4511,0.000368,157221.1,8.332,0.000169,144066.87,6.0618,0.000122,182783.35,3.5834,9.1e-05,204725.97,2.1329,6e-05
20261002,1603,華電,129430.0,151204.0,256741.0,155153.0,93143.0,93527.0,63568.0,69760.0,110553.0,99981.0,104854.0,142859.0,120122.0,69053.0,148312.0,159466.0,146023.0,131866.0,188210.0,154173.0,143430.0,120451.0,200932.0,135719.0,218573.0,78380.0,168811.0,96219.0,85386.0,171846.0,179125.0,24.0856,0.000564,157134.2,16.4738,0.000363,122306.0,10.5825,0.000167,120550.67,7.1577,0.00012,129399.9,5.0012,9e-05,133591.5,3.2295,5.9e-05
20261002,1604,聲寶,196883.0,155413.0,132639.0,166022.0,84562.0,95524.0,121001.0,121786.0,143466.0,189492.0,264074.0,280935.0,116412.0,204467.0,152409.0,181668.0,168159.0,343257.0,226923.0,378253.0,253437.0,252401.0,236872.0,112744.0,107878.0,177676.0,169352.0,250805.0,111741.0,69831.0,161645.0,40.5999,0.000858,147103.8,26.7679,0.000552,140678.8,13.9952,0.000255,161672.33,8.1186,0.000183,186167.25,5.2878,0.000137,182202.73,3.6019,9e-05
20261002,1605,華新,29963296.0,34858998.0,42069458.0,9511965.0,6282328.0,11375480.0,19721518.0,13068814.0,31559223.0,9490729.0,9678848.0,12337053.0,15139205.0,11202902.0,11717903.0,13885985.0,14978729.0,14416827.0,15702040.0,18436265.0,17612531.0,16032104.0,22240545.0,17822420.0,42075431.0,27490805.0,31646041.0,12911674.0,19252526.0,21510529.0,35630584.0,28.0314,0.130524,24537209.0,24.4227,0.084065,20790180.9,14.4122,0.038769,17865181.33,11.1813,0.02783,17269878.3,8.675,0.02085,19133072.4,5.2202,0.013705
20261002,1608,華榮,1351450.0,1428176.0,2427498.0,1543165.0,1084797.0,1887721.0,1125727.0,1103345.0,1596792.0,1226319.0,1542296.0,1271056.0,1335613.0,1654152.0,2407253.0,3098791.0,2718335.0,2265012.0,1715109.0,2312929.0,3011464.0,3280870.0,3262509.0,4490041.0,11299122.0,6421359.0,6270141.0,2057475.0,2810934.0,3197293.0,1735708.0,25.9539,0.005887,1567017.2,17.2487,0.003792,1477499.0,9.1469,0.001749,1532357.33,5.8796,0.001255,1754776.8,3.8508,0.00094,2706558.13,1.6644,0.000618
20261002,1609,大亞,2911262.0,4848716.0,4929151.0,4993226.0,1730773.0,2390192.0,3790142.0,2694678.0,3295843.0,3791122.0,1490732.0,1529214.0,1877979.0,2422552.0,3218249.0,4104746.0,3522401.0,1961836.0,2202291.0,2643259.0,1989828.0,3873594.0,2784988.0,3635925.0,9333873.0,3083828.0,2523372.0,1315714.0,1819093.0,2448919.0,4229709.67,22.943,0.012682,3882625.6,14.9964,0.008168,3537510.5,8.2297,0.003767,3060922.07,6.3407,0.002704,3017418.2,4.8241,0.002026,3105249.93,3.1251,0.001332
20261002,1611,中電,375267.0,407999.0,756518.0,415734.0,344799.0,466446.0,1108295.0,3186347.0,9059399.0,375457.0,738923.0,341988.0,370381.0,351639.0,358424.0,544625.0,214633.0,307870.0,438818.0,370827.0,286652.0,762426.0,460869.0,331950.0,861021.0,666214.0,697349.0,303249.0,355314.0,405305.0,513261.33,24.3714,0.001635,460063.4,16.3137,0.001053,1649626.1,2.2749,0.000486,1243841.07,2.0113,0.000349,1026719.45,1.8275,0.000261,855491.27,1.4622,0.000172
20261002,1612,宏泰,325301.0,598564.0,1257378.0,535101.0,358528.0,257863.0,287334.0,209129.0,426450.0,1069242.0,222570.0,317949.0,218031.0,435791.0,374305.0,942217.0,304473.0,477957.0,380239.0,499767.0,313505.0,628163.0,380863.0,488280.0,1847686.0,681559.0,526951.0,494317.0,409229.0,728999.0,727081.0,14.9136,0.001417,614974.4,10.5793,0.000913,532489.0,6.1091,0.000421,459569.07,4.7189,0.000302,474909.45,3.4249,0.000226,533258.03,2.0334,0.000149
20261002,1614,三洋電,49357.0,55732.0,101924.0,116382.0,34564.0,57989.0,93017.0,94778.0,76576.0,55309.0,62498.0,34728.0,75173.0,126648.0,181316.0,62140.0,23659.0,69050.0,68778.0,17125.0,20011.0,38066.0,44537.0,84202.0,12005.0,27111.0,31641.0,14194.0,63367.0,37510.0,69004.33,23.8425,0.000215,71591.8,13.7885,0.000138,73562.8,6.7095,6.4e-05,81066.07,4.059,4.6e-05,72837.15,3.3882,3.4e-05,60979.57,2.698,2.3e-05
20261002,1615,大山,59159.0,125204.0,96846.0,92718.0,67530.0,29909.0,91146.0,92055.0,112779.0,87261.0,49062.0,47605.0,96684.0,60511.0,37122.0,77012.0,56543.0,88774.0,72692.0,121472.0,55639.0,41576.0,98153.0,54888.0,237538.0,171377.0,45102.0,56786.0,127089.0,93290.0,93736.33,21.0374,0.000258,88291.4,13.4009,0.000166,85460.7,6.9224,7.7e-05,76372.73,5.1641,5.5e-05,78104.2,3.7872,4.1e-05,84784.07,2.3259,2.7e-05
20261002,1616,億泰,183757.0,190591.0,193401.0,105222.0,165506.0,171146.0,214486.0,347560.0,253957.0,312552.0,188620.0,157515.0,195194.0,367332.0,300776.0,1886200.0,135648.0,301569.0,235261.0,323106.0,201618.0,588877.0,183486.0,212135.0,540832.0,243568.0,344523.0,112266.0,255643.0,176312.0,189249.67,32.3659,0.0008,167695.4,21.9156,0.000516,213817.8,8.5941,0.000238,223174.33,5.4892,0.000171,311469.95,2.9498,0.000128,302955.3,2.0218,8.4e-05
20261002,1617,榮星,2899566.0,9152630.0,6232917.0,1391792.0,705831.0,1958504.0,2088317.0,1114478.0,376497.0,293653.0,257476.0,203969.0,154051.0,295105.0,309262.0,306449.0,322735.0,453871.0,290783.0,960600.0,2400762.0,2128174.0,359233.0,468765.0,544543.0,394499.0,161513.0,112755.0,351131.0,455555.0,6095037.67,15.8575,0.012631,4076547.2,14.2256,0.008135,2621418.5,11.0611,0.003752,1828936.53,10.5692,0.002693,1488424.3,9.7404,0.002018,1238180.53,7.806,0.001326
20261002,1618,合機,343760.0,232698.0,276774.0,241741.0,238013.0,226156.0,296113.0,252960.0,337722.0,287807.0,169131.0,185429.0,222069.0,241434.0,205665.0,248215.0,424326.0,346143.0,229424.0,359476.0,280770.0,487202.0,336020.0,529453.0,1393540.0,451488.0,456179.0,261533.0,367374.0,416660.0,284410.67,40.2892,0.001497,266597.2,25.7887,0.000964,273374.4,12.5747,0.000445,250498.13,9.1487,0.000319,268252.8,6.4074,0.000239,344842.5,3.3229,0.000157
20261002,1623,大東電,42488.0,38560.0,51926.0,27900.0,55119.0,68154.0,130204.0,88969.0,89633.0,26428.0,28072.0,52457.0,44662.0,104717.0,133850.0,341736.0,50056.0,55873.0,55139.0,71721.0,89075.0,106397.0,51728.0,79560.0,82988.0,62744.0,106096.0,140349.0,78176.0,75285.0,44324.67,31.9521,0.000185,43198.6,19.671,0.000119,61938.1,6.8598,5.5e-05,65542.6,4.3217,3.9e-05,77883.2,2.7277,3e-05,81002.07,1.7484,1.9e-05
20261002,1626,艾美特-KY,59925.0,13550.0,36723.0,60103.0,36065.0,69497.0,34248.0,75593.0,96251.0,45515.0,75762.0,47811.0,22911.0,116499.0,128152.0,41357.0,23684.0,47824.0,46167.0,16963.0,55762.0,72853.0,52661.0,76536.0,96001.0,154778.0,62822.0,34752.0,57918.0,47791.0,36732.67,54.3794,0.000261,41273.2,29.0382,0.000168,52747.0,11.3608,7.8e-05,61240.33,6.5235,5.6e-05,54730.0,5.4746,4.2e-05,60215.8,3.3172,2.7e-05
20261002,1702,南僑,105323.0,227316.0,173534.0,134137.0,81244.0,234505.0,151080.0,294393.0,189111.0,118878.0,77179.0,122852.0,107223.0,165514.0,94930.0,83467.0,138337.0,97911.0,170611.0,123541.0,145552.0,203659.0,113796.0,109730.0,138006.0,127347.0,129850.0,123356.0,201173.0,183521.0,168724.33,20.8077,0.000459,144310.8,14.5967,0.000295,170952.1,6.161,0.000136,151814.6,4.6251,9.8e-05,144554.3,3.643,7.3e-05,145569.2,2.4118,4.8e-05
20261002,1707,葡萄王,164270.0,291489.0,271255.0,427733.0,132935.0,155461.0,286339.0,182970.0,305573.0,118639.0,232551.0,345389.0,827212.0,850789.0,208600.0,279262.0,282713.0,291036.0,179864.0,438654.0,383215.0,475735.0,3701698.0,522961.0,395634.0,648712.0,384929.0,475980.0,408841.0,422057.0,242338.0,22.5952,0.000716,257536.4,12.757,0.000461,233666.4,7.0301,0.000213,320080.33,3.4214,0.000153,313636.7,2.6188,0.000114,469749.87,1.1657,7.5e-05
20261002,1708,東鹼,11141339.0,3644386.0,7804224.0,4663111.0,7343032.0,1156291.0,1496143.0,1266067.0,2260291.0,4464810.0,2020634.0,873025.0,1115778.0,1541659.0,1792173.0,1388716.0,1711870.0,2399428.0,2355430.0,4127503.0,2556509.0,2386771.0,2605522.0,3674497.0,2265585.0,3090076.0,4920633.0,9466486.0,2136739.0,3299660.0,7529983.0,49.3199,0.048533,6919218.4,32.204,0.031258,4523969.4,24.6274,0.014416,3505530.87,21.1881,0.010348,3228295.5,17.2558,0.007753,3365612.93,11.0345,0.005096
20261002,1709,和益,33307380.0,28453763.0,46895616.0,27159406.0,48879995.0,84777905.0,82848609.0,27383341.0,48187619.0,35011882.0,21302413.0,8469055.0,10314662.0,16271099.0,17937535.0,13704688.0,6585442.0,6337416.0,8132636.0,11959315.0,14108956.0,31426363.0,12716527.0,22958086.0,26503787.0,19572536.0,20640510.0,15257404.0,6445461.0,7855737.0,36218919.67,30.6538,0.145092,36939232.0,18.0336,0.093448,46290551.6,7.1953,0.043096,35813352.0,6.2002,0.030937,29195988.85,5.7041,0.023177,25380171.47,4.3745,0.015234
20261002,1710,東聯,8257693.0,5875087.0,4001262.0,3644785.0,3365755.0,8187404.0,4911161.0,7132841.0,6039871.0,11642598.0,4330157.0,3352053.0,4907476.0,3321973.0,3480031.0,4919273.0,4191097.0,3974900.0,8694844.0,7836930.0,3912558.0,5853815.0,6149644.0,2332030.0,4649550.0,4905210.0,4594336.0,7678000.0,3436376.0,2709606.0,6044680.67,45.537,0.035972,5028916.4,32.8408,0.023168,6305845.7,13.0953,0.010685,5496676.47,10.0154,0.00767,5603359.55,7.3685,0.005746,5276277.2,5.2169,0.003777
20261002,1711,永光,11775512.0,2699361.0,4703451.0,5053634.0,1949606.0,2519933.0,2832909.0,2092822.0,2704394.0,4245817.0,2924715.0,2825800.0,2550921.0,2395790.0,2446392.0,2080850.0,3919965.0,4512022.0,3891631.0,4036152.0,2935452.0,5016396.0,5378570.0,7383604.0,21854698.0,10820094.0,8666046.0,4559807.0,2854190.0,3032634.0,6392774.67,61.4001,0.051296,5236312.8,44.9764,0.033038,4057743.9,29.0199,0.015236,3581403.8,21.9197,0.010937,3608083.85,16.3182,0.008194,4822105.6,8.14,0.005386
20261002,1712,興農,300337.0,364657.0,315842.0,586602.0,335237.0,390531.0,535474.0,269013.0,641546.0,294839.0,836043.0,366057.0,657882.0,693279.0,616776.0,514224.0,892009.0,615342.0,594127.0,1149667.0,2029300.0,759266.0,9180588.0,653544.0,701818.0,872219.0,726505.0,1515646.0,1130892.0,925901.0,326945.33,30.6205,0.001308,380535.0,15.785,0.000843,403407.8,7.445,0.000389,480274.33,4.169,0.000279,548474.2,2.7379,0.000209,982172.1,1.0193,0.000137
20261002,1713,國化,89627.0,86205.0,341316.0,123591.0,62930.0,127620.0,143415.0,295496.0,444606.0,258089.0,215929.0,440957.0,813708.0,147942.0,133490.0,948485.0,91091.0,222139.0,744550.0,483515.0,390940.0,301225.0,100906.0,158284.0,40681.0,62529.0,100838.0,49419.0,159312.0,106975.0,172382.67,17.331,0.00039,140733.8,12.7371,0.000251,197289.5,4.5429,0.000116,248328.07,2.4061,8.3e-05,310735.05,1.4422,6.2e-05,256193.67,1.1661,4.1e-05
20261002,1714,和桐,17662469.0,6256321.0,12665645.0,3601474.0,4047440.0,5402783.0,7400591.0,6256933.0,7933467.0,10370991.0,5865650.0,5071270.0,13245531.0,19762675.0,5388612.0,7543179.0,5029928.0,7910221.0,9337144.0,21319110.0,57476427.0,30675263.0,9957194.0,8101279.0,12393577.0,6063768.0,12910366.0,12832352.0,7761869.0,13519524.0,12194811.67,48.2786,0.07694,8846669.8,39.9302,0.049554,8159811.4,21.6457,0.022853,8728790.13,13.4898,0.016405,9103571.7,9.7008,0.01229,11792101.77,4.9927,0.008079
20261002,1717,長興,12620953.0,7328417.0,11731553.0,6975970.0,4319467.0,4970764.0,4480652.0,3909748.0,6856264.0,6176640.0,7073755.0,4705926.0,8551098.0,4923000.0,6961436.0,6055044.0,7878136.0,17250969.0,23667655.0,18887972.0,25403252.0,52664043.0,53441718.0,29123952.0,33931583.0,7655120.0,6475936.0,6746269.0,8960905.0,7561980.0,10560307.67,39.8377,0.054979,8595272.0,29.3672,0.03541,6937042.8,18.1936,0.01633,6772376.2,12.424,0.011723,8766270.95,7.1986,0.008782,13576339.23,3.0988,0.005773
20261002,1718,中纖,10159044.0,10229352.0,16182557.0,5005317.0,5447791.0,6181247.0,10222817.0,8391918.0,13481923.0,20789291.0,6566522.0,6493005.0,10779539.0,12521222.0,11453593.0,22005620.0,9237489.0,11225884.0,17782501.0,20408995.0,16412705.0,60760449.0,13572483.0,14422709.0,25359904.0,15325407.0,16377721.0,13455936.0,14668031.0,17269581.0,12190317.67,27.779,0.044254,9404812.2,21.6039,0.028502,10609125.7,9.5758,0.013145,10260342.53,6.6008,0.009436,11728281.35,4.331,0.007069,14739685.1,2.2974,0.004647
20261002,1720,生達,142978.0,74151.0,92624.0,125048.0,56600.0,117836.0,434288.0,90820.0,143095.0,91034.0,151263.0,73488.0,108454.0,183746.0,126593.0,219725.0,223193.0,192955.0,138309.0,365073.0,233088.0,383243.0,176835.0,214632.0,183787.0,83029.0,256016.0,218880.0,173910.0,148026.0,103251.0,46.1587,0.000623,98280.2,29.096,0.000401,136847.4,10.448,0.000185,134134.53,7.1062,0.000133,157563.65,4.5372,9.9e-05,174090.63,2.7376,6.5e-05
20261002,1721,國慶科技,4630528.0,3409492.0,3916189.0,4078788.0,864008.0,1262883.0,3133290.0,2190831.0,668329.0,794138.0,410586.0,501644.0,510534.0,796291.0,1601298.0,4812293.0,1839015.0,1221625.0,445734.0,582005.0,598004.0,1120179.0,632784.0,467433.0,818271.0,641561.0,379338.0,339155.0,588840.0,470755.0,3985403.0,38.7291,0.020171,3379801.0,27.4012,0.012991,2494847.6,18.5604,0.005991,1917921.93,16.0956,0.004301,1883475.05,12.2925,0.003222,1457527.37,10.5899,0.002118
20261002,1722,台肥,1659085.0,1602478.0,1760588.0,2888528.0,5078445.0,2718060.0,4556677.0,2388742.0,2823597.0,2303922.0,2620903.0,3554623.0,3543050.0,5066091.0,5272241.0,3627958.0,1496267.0,2518924.0,1890696.0,3504176.0,2021713.0,6053189.0,3737996.0,1545800.0,1406584.0,1808901.0,4821744.0,3091135.0,1981474.0,1906158.0,1674050.33,33.0353,0.007227,2597824.8,12.7729,0.004655,2778012.2,5.9722,0.002147,3189135.33,3.4682,0.001541,3043752.55,2.7254,0.001154,2974991.5,1.8589,0.000759
20261002,1723,中碳,295906.0,767219.0,381879.0,536994.0,217702.0,288002.0,416306.0,288703.0,505154.0,415017.0,910872.0,274991.0,504494.0,508597.0,935087.0,685279.0,513244.0,1171448.0,822693.0,937734.0,253144.0,580635.0,310642.0,369478.0,466097.0,327767.0,594489.0,1543445.0,220611.0,508980.0,481668.0,20.4779,0.001289,439940.0,13.4521,0.00083,411288.2,7.1946,0.000383,483128.2,4.0832,0.000275,568866.05,2.6008,0.000206,551753.63,1.7877,0.000135
20261002,1725,元禎,124234.0,38197.0,36001.0,40001.0,40528.0,122318.0,70892.0,76595.0,45317.0,115368.0,55864.0,51131.0,23360.0,48157.0,20261.0,86428.0,22211.0,55478.0,40132.0,43230.0,12500.0,17000.0,20177.0,16607.0,74888.0,35026.0,15055.0,77213.0,26000.0,31221.0,66144.0,62.6078,0.000541,55792.2,44.5345,0.000349,70945.1,17.5113,0.000161,60548.27,13.6788,0.000115,57785.15,10.7496,8.6e-05,49379.67,8.3863,5.7e-05
20261002,1726,永記,28230.0,13130.0,13203.0,18289.0,89465.0,4094.0,16236.0,24247.0,18252.0,18203.0,31765.0,18872.0,17502.0,20643.0,17254.0,25074.0,49512.0,28858.0,14000.0,12514.0,14405.0,25554.0,34315.0,8018.0,91703.0,29164.0,7974.0,8060.0,47708.0,42979.0,18187.67,51.7384,0.000123,32463.4,17.3919,7.9e-05,24334.9,11.6006,3.7e-05,23292.33,8.0799,2.6e-05,23967.15,5.8893,2e-05,26307.43,3.5769,1.3e-05
20261002,1727,中華化,35901281.0,18550381.0,29883184.0,29773336.0,47932996.0,21402346.0,6851763.0,7483460.0,16587496.0,15353455.0,8782788.0,2685038.0,1593169.0,1398176.0,1132611.0,1513988.0,1525491.0,4256734.0,5890316.0,3460712.0,3187873.0,7631288.0,10204032.0,7805835.0,8155741.0,6360155.0,3671937.0,5669020.0,18357729.0,14542729.0,28111615.33,42.5699,0.156391,32408235.6,22.1557,0.100725,22971969.8,15.6283,0.046452,16354098.67,14.635,0.033346,13097936.05,13.7049,0.024982,11584835.33,10.33,0.016421
20261002,1730,花仙子,18685.0,29960.0,33165.0,21368.0,25846.0,13718.0,8403.0,19014.0,8477.0,10427.0,40253.0,23148.0,21404.0,16988.0,29899.0,21914.0,23710.0,22822.0,12078.0,25802.0,15608.0,39540.0,41789.0,7067.0,88012.0,69587.0,23071.0,34958.0,42145.0,20290.0,27270.0,22.8395,8.1e-05,25804.8,14.4818,5.2e-05,18906.3,9.8829,2.4e-05,21383.67,5.8253,1.7e-05,21354.05,4.375,1.3e-05,26971.6,2.3092,9e-06
20261002,1731,美吾華,69832.0,67690.0,201621.0,131235.0,55387.0,113052.0,69803.0,65272.0,73985.0,69247.0,73843.0,45977.0,48207.0,69198.0,56650.0,60415.0,65748.0,90930.0,98682.0,92491.0,133339.0,79037.0,35584.0,98534.0,89647.0,73684.0,43833.0,213203.0,53649.0,89808.0,113047.67,20.5907,0.000304,105153.0,13.282,0.000196,91712.4,7.6142,9e-05,80733.27,5.7665,6.5e-05,80963.25,4.3126,4.9e-05,84319.43,2.7606,3.2e-05
20261002,1732,毛寶,58313.0,34514.0,181113.0,56322.0,14268.0,53654.0,77928.0,46145.0,30196.0,47577.0,48035.0,39067.0,52211.0,51319.0,73155.0,64662.0,103402.0,175490.0,40655.0,82436.0,57684.0,170965.0,98517.0,86360.0,67732.0,209300.0,134328.0,81368.0,88444.0,35315.0,91313.33,21.2868,0.000254,68906.0,16.9254,0.000164,60003.0,9.7183,7.5e-05,57587.8,6.7506,5.4e-05,66523.1,4.3829,4.1e-05,78682.5,2.4704,2.7e-05
20261002,1733,五鼎,123350.0,79199.0,106719.0,269231.0,39270.0,47428.0,57023.0,58760.0,83419.0,38485.0,261960.0,114872.0,77726.0,67040.0,78008.0,68534.0,135410.0,262718.0,246259.0,159208.0,131033.0,89934.0,158797.0,109595.0,118128.0,112519.0,114650.0,149724.0,76890.0,72474.0,103089.33,39.8845,0.000537,123553.8,19.967,0.000346,90288.4,13.6618,0.00016,100166.0,8.2097,0.000115,118730.95,5.1945,8.6e-05,116945.43,3.5159,5.6e-05
20261002,1734,杏輝,158011.0,157024.0,107102.0,128119.0,168535.0,164067.0,165583.0,355060.0,214826.0,138861.0,440505.0,163938.0,156837.0,135143.0,97296.0,168289.0,165140.0,584301.0,117624.0,152828.0,104551.0,283596.0,147449.0,289351.0,342547.0,425887.0,181678.0,181218.0,353090.0,138772.0,140712.33,37.4312,0.000688,143758.2,21.9829,0.000443,175718.8,8.9923,0.000204,183393.8,5.744,0.000147,196954.45,4.0114,0.00011,212907.6,2.4739,7.2e-05
20261002,1735,日勝化,356656.0,51610.0,31602.0,16457.0,19721.0,69412.0,25090.0,33666.0,88184.0,69879.0,31356.0,72692.0,57524.0,22207.0,57947.0,31731.0,38493.0,56305.0,39609.0,106170.0,81118.0,315453.0,52662.0,65186.0,257251.0,72189.0,65501.0,84828.0,51716.0,37995.0,146622.67,81.0825,0.001554,95209.2,74.9205,0.001001,76227.7,46.7882,0.000461,66933.53,35.5234,0.000331,63815.55,27.9443,0.000248,78673.67,15.1112,0.000163
20261002,1736,喬山,733151.0,100252.0,270466.0,398602.0,287781.0,192997.0,415976.0,392367.0,768796.0,651676.0,467246.0,274367.0,649937.0,372843.0,137113.0,722899.0,103834.0,166070.0,137123.0,648932.0,589606.0,607155.0,255767.0,464503.0,128787.0,182078.0,281508.0,491085.0,292464.0,446959.0,367956.33,66.4165,0.003194,358050.4,40.9524,0.002057,421206.4,17.406,0.000949,407571.33,11.9922,0.000681,394621.4,9.2893,0.00051,387744.67,6.3027,0.000335
20261002,1737,臺鹽,114492.0,102338.0,150145.0,192863.0,86952.0,179487.0,364911.0,1267842.0,4382074.0,85609.0,143047.0,235619.0,385383.0,209614.0,168161.0,169691.0,204581.0,293205.0,282361.0,151239.0,220962.0,208062.0,189653.0,207144.0,164515.0,203750.0,758767.0,764182.0,152248.0,115872.0,122325.0,31.1989,0.000499,129358.0,17.7016,0.000321,692671.3,1.6529,0.000148,537902.47,1.419,0.000106,458480.7,1.2486,8e-05,405158.97,0.942,5.2e-05
20261002,1752,南光,28198.0,66550.0,27600.0,30284.0,30214.0,43347.0,32421.0,27320.0,30247.0,46342.0,10321.0,63210.0,27777.0,35378.0,48000.0,39461.0,33745.0,46469.0,29128.0,40108.0,39296.0,23103.0,30321.0,55022.0,31040.0,69294.0,31215.0,17926.0,25129.0,26587.0,40782.67,23.0474,0.000123,36569.2,15.4217,7.9e-05,36252.3,7.7783,3.6e-05,36480.6,5.1531,2.6e-05,36806.0,3.8306,2e-05,36168.43,2.5988,1.3e-05
20261002,1760,寶齡富錦,58808.0,117063.0,105446.0,95411.0,54952.0,53873.0,109732.0,64536.0,178161.0,77760.0,130258.0,102984.0,93816.0,189293.0,157290.0,35965.0,134950.0,104577.0,155052.0,251879.0,214574.0,129263.0,113827.0,72759.0,103098.0,45231.0,97020.0,55437.0,103759.0,94610.0,93772.33,20.9045,0.000256,86336.0,13.6231,0.000165,91574.2,6.4219,7.6e-05,105958.87,3.7001,5.5e-05,113590.3,2.5886,4.1e-05,110046.13,1.7813,2.7e-05
20261002,1762,中化生,47483.0,22332.0,51529.0,41752.0,17231.0,46450.0,83937.0,29739.0,53487.0,56107.0,34475.0,30739.0,51356.0,154069.0,28462.0,188872.0,67508.0,113954.0,99270.0,94060.0,138157.0,66169.0,75670.0,74783.0,74660.0,58572.0,103058.0,193616.0,56207.0,85877.0,40448.0,39.1309,0.000207,36065.4,26.3316,0.000133,45004.7,10.5507,6.1e-05,49943.2,6.3383,4.4e-05,65640.6,3.6169,3.3e-05,74652.7,2.1202,2.2e-05
20261002,1773,勝一,728973.0,512879.0,1291274.0,908342.0,385456.0,1034004.0,653800.0,214448.0,455247.0,633018.0,261687.0,284373.0,471819.0,340739.0,426420.0,348596.0,1209298.0,508877.0,432260.0,712542.0,1603077.0,2984887.0,869625.0,147122.0,409915.0,231040.0,389775.0,389593.0,167613.0,372639.0,844375.33,28.7776,0.003176,765384.8,19.0485,0.002045,681744.1,10.6928,0.000943,573498.6,8.474,0.000677,590702.6,6.1704,0.000507,645977.93,3.7616,0.000333
20261002,1776,展宇,76962.0,29014.0,27010.0,14993.0,6001.0,14092.0,59645.0,24234.0,143396.0,166213.0,152688.0,53577.0,18575.0,53165.0,41553.0,35290.0,46535.0,31420.0,25000.0,35386.0,18220.0,20031.0,29080.0,75462.0,39023.0,30122.0,43568.0,35076.0,65450.0,115246.0,44328.67,57.8723,0.000335,30796.0,49.9818,0.000216,56156.0,13.705,0.0001,58741.2,8.7346,7.1e-05,52737.45,7.2967,5.4e-05,50867.57,5.0433,3.5e-05
20261002,1783,和康生,20835.0,43420.0,72471.0,25800.0,20146.0,55411.0,54340.0,63311.0,100100.0,67867.0,34840.0,56653.0,99594.0,60352.0,117886.0,61179.0,34312.0,80311.0,71794.0,32786.0,91372.0,99349.0,152813.0,57182.0,55485.0,53717.0,58279.0,28362.0,117387.0,97684.0,45575.33,15.2385,9.1e-05,36534.4,11.4057,5.8e-05,52370.1,3.9784,2.7e-05,59535.07,2.3331,1.9e-05,58670.4,1.7756,1.4e-05,66167.93,1.0496,1e-05
20261002,1786,科妍,133040.0,97010.0,150930.0,92188.0,87618.0,70838.0,215914.0,126935.0,246814.0,132933.0,92785.0,75399.0,87252.0,219151.0,325262.0,368645.0,170354.0,165215.0,231246.0,546186.0,293115.0,264707.0,377064.0,173392.0,82295.0,80883.0,63995.0,116918.0,164331.0,169638.0,126993.33,34.9205,0.00058,112157.2,23.7238,0.000373,135422.0,9.8241,0.000172,143604.6,6.1762,0.000124,181785.75,3.6593,9.3e-05,180735.1,2.4537,6.1e-05
20261002,1789,神隆,416118.0,277794.0,344088.0,178229.0,295668.0,187171.0,314127.0,363137.0,1331150.0,2195512.0,274779.0,313893.0,525386.0,848728.0,816903.0,258027.0,317930.0,556821.0,347013.0,415449.0,402201.0,365379.0,316807.0,156181.0,184686.0,275986.0,224613.0,562161.0,387757.0,373051.0,346000.0,40.0884,0.001813,302379.4,27.5229,0.001167,590299.4,7.0493,0.000538,578845.53,4.7925,0.000386,528896.15,3.9338,0.00029,460891.5,3.0095,0.00019
20261002,1795,美時,610648.0,681616.0,733951.0,477261.0,420878.0,436783.0,736044.0,389932.0,672438.0,772740.0,875931.0,725132.0,542369.0,1335501.0,712244.0,714788.0,661252.0,550068.0,750900.0,899770.0,604475.0,557547.0,981268.0,1082932.0,1273374.0,897630.0,2264609.0,1724029.0,838054.0,701841.0,675405.0,30.1374,0.00266,584870.8,20.8815,0.001713,593229.1,10.2936,0.00079,674897.87,6.032,0.000567,685012.3,4.4572,0.000425,820866.83,2.4797,0.000279
20261002,1802,台玻,12062573.0,15496264.0,23784387.0,7975945.0,8054096.0,16045294.0,26413098.0,19550629.0,33184205.0,23405436.0,12004130.0,10001475.0,11772428.0,11734113.0,9477446.0,11889541.0,17724258.0,21751725.0,20537951.0,52312929.0,33383550.0,35599791.0,28751184.0,59326831.0,32714591.0,67224239.0,17990067.0,24675666.0,26388050.0,30342742.0,17114408.0,23.494,0.052546,13474653.0,17.9041,0.033843,18597192.7,6.4862,0.015608,16064101.27,5.006,0.011204,18258896.15,3.3032,0.008394,24052487.8,1.6717,0.005517
20261002,1805,寶徠,99292.0,27124.0,129495.0,192799.0,67778.0,73301.0,337030.0,55988.0,68553.0,60136.0,30095.0,22556.0,12371.0,24302.0,44079.0,29204.0,92387.0,102120.0,38009.0,64644.0,23639.0,97139.0,51441.0,54095.0,102252.0,57212.0,97540.0,58909.0,84448.0,60542.0,85303.67,38.7994,0.000433,103297.6,19.2245,0.000279,111149.6,8.9332,0.000128,82993.27,7.9759,9.2e-05,78563.15,6.3192,6.9e-05,75282.67,4.3964,4.5e-05
20261002,1806,冠軍,112608.0,344515.0,151784.0,62887.0,65334.0,58785.0,161775.0,93870.0,93285.0,109692.0,56956.0,91760.0,54370.0,154451.0,78843.0,113164.0,71915.0,130537.0,333200.0,235170.0,110807.0,407694.0,200034.0,138507.0,112816.0,124977.0,311623.0,199470.0,228488.0,518607.0,202969.0,18.4935,0.000491,147425.6,15.2766,0.000316,125453.5,8.9761,0.000146,112727.67,6.6596,0.000105,128745.05,4.3733,7.8e-05,164264.13,2.2851,5.2e-05
20261002,1808,潤隆,368724.0,1385047.0,690982.0,511395.0,1505021.0,4245386.0,2041741.0,1730674.0,4369682.0,2117102.0,2542566.0,1211558.0,1588085.0,2080015.0,2554064.0,2570106.0,1180519.0,1129564.0,1770833.0,2500291.0,2109015.0,3335679.0,2545863.0,2527720.0,1644881.0,2830968.0,3635477.0,7419835.0,2331317.0,516786.0,814917.67,15.0823,0.001606,892233.8,8.2652,0.001034,1896575.4,1.9442,0.000477,1929469.47,1.274,0.000342,1904667.75,0.9679,0.000257,2233029.87,0.5504,0.000169
20261002,1809,中釉,11390862.0,5728368.0,19478355.0,30009242.0,7084102.0,6806938.0,3769718.0,1670248.0,2481840.0,858357.0,907335.0,778635.0,924772.0,622776.0,797629.0,1942488.0,1633625.0,843802.0,1120950.0,1153494.0,580598.0,825455.0,920277.0,1277960.0,1325200.0,2960706.0,691871.0,667790.0,1041720.0,1224201.0,12199195.0,31.1246,0.04962,14738185.8,15.4576,0.031958,8927803.0,12.7589,0.014739,6220611.8,12.2077,0.01058,5000176.8,11.3905,0.007926,3717310.47,10.2143,0.00521
20261002,1810,和成,1196051.0,1319890.0,2605886.0,1046015.0,835697.0,1182145.0,1112163.0,1257945.0,1302856.0,992140.0,1027641.0,861105.0,2063129.0,2591112.0,1275217.0,1150485.0,1919007.0,1454568.0,2477267.0,2744058.0,1717591.0,3115409.0,2878595.0,6907268.0,11036021.0,4058351.0,2629350.0,3968068.0,7308284.0,16581414.0,1707275.67,23.352,0.00521,1400707.8,17.0778,0.003356,1285078.8,9.3072,0.001548,1377932.8,5.7867,0.001111,1520718.85,3.9325,0.000832,3020490.93,1.3199,0.000547
20261002,1817,凱撒衛,11057.0,16995.0,30163.0,48076.0,18513.0,16036.0,45938.0,45322.0,45500.0,14416.0,38117.0,9362.0,25240.0,14361.0,89012.0,21247.0,38077.0,97378.0,18713.0,60135.0,27099.0,37368.0,46522.0,37545.0,95429.0,37986.0,16788.0,63026.0,49249.0,46739.0,19405.0,18.9934,4.8e-05,24960.8,8.8595,3.1e-05,29201.6,3.7864,1.4e-05,31207.2,2.3621,1e-05,35182.9,1.5714,8e-06,38713.63,0.952,5e-06
20261002,1903,士紙,48674.0,24918.0,78429.0,61723.0,39414.0,78621.0,68452.0,51232.0,156743.0,102241.0,232860.0,47531.0,76857.0,38276.0,23281.0,14461.0,92339.0,59353.0,55123.0,57462.0,83598.0,73142.0,108785.0,78730.0,55997.0,97314.0,162950.0,214257.0,147630.0,53137.0,50673.67,32.0179,0.000212,50631.6,19.2267,0.000137,71044.7,6.8512,6.3e-05,75283.47,4.3103,4.5e-05,70399.5,3.457,3.4e-05,82784.33,1.9599,2.2e-05
20261002,1904,正隆,1110300.0,2000585.0,1196699.0,2418384.0,1260898.0,904761.0,2212423.0,784060.0,1038643.0,1307142.0,2904506.0,1308734.0,1227068.0,1907342.0,3206786.0,1552906.0,1460928.0,2219831.0,1652062.0,2549770.0,1883764.0,2290195.0,2404976.0,2246288.0,2331466.0,1493357.0,3242882.0,4093122.0,2993300.0,1781199.0,1435861.33,25.7755,0.004837,1597373.2,13.9016,0.003115,1423389.5,7.8004,0.001437,1652555.4,4.4791,0.001031,1711191.4,3.2442,0.000773,1966145.9,1.8824,0.000508
20261002,1905,華紙,1196092.0,4228154.0,2106374.0,3133256.0,966312.0,1351578.0,2066362.0,1089827.0,2071205.0,1824107.0,3228321.0,1357003.0,1139329.0,1288136.0,1511941.0,1168304.0,1146696.0,1594219.0,1518467.0,2590179.0,1386888.0,1891741.0,1997603.0,1803411.0,1622380.0,1200683.0,1182896.0,1405234.0,2148500.0,1191229.0,2510206.67,15.883,0.00521,2326037.6,10.2844,0.003356,2003326.7,5.9705,0.001548,1903866.47,4.1883,0.001111,1828793.1,3.2702,0.000832,1746880.9,2.2823,0.000547
20261002,1906,寶隆,66390.0,29188.0,68443.0,38292.0,30244.0,106819.0,30828.0,35750.0,75296.0,38036.0,32444.0,39045.0,32014.0,31309.0,37315.0,46232.0,23634.0,65700.0,16715.0,40354.0,185527.0,80297.0,25732.0,19118.0,36583.0,52809.0,396962.0,28619.0,37142.0,46259.0,54673.67,40.4765,0.000289,46511.4,28.5478,0.000186,51928.6,12.7849,8.6e-05,46094.2,9.6021,6.2e-05,44202.4,7.5098,4.6e-05,59769.87,3.7025,3e-05
20261002,1907,永豐餘,1312879.0,1143383.0,732317.0,1306075.0,898147.0,660771.0,309793.0,633351.0,820772.0,1248099.0,547293.0,561160.0,697691.0,808765.0,704022.0,674671.0,501262.0,1675795.0,1034877.0,930587.0,589696.0,1103659.0,1107835.0,1336509.0,658320.0,1010534.0,1218226.0,2332334.0,1366614.0,755371.0,1062859.67,41.1744,0.005719,1078560.2,24.345,0.003683,906558.7,14.482,0.001699,825634.53,10.601,0.001219,860085.5,7.6323,0.000914,956026.93,4.5776,0.0006
20261002,1909,榮成,1620404.0,1189488.0,2014017.0,1358907.0,1046393.0,1357573.0,1254124.0,1316874.0,1400753.0,1752256.0,5104456.0,1943300.0,1736881.0,2667535.0,1679902.0,2885028.0,1563028.0,2662029.0,2960356.0,3194862.0,3918262.0,3157852.0,4407261.0,2659670.0,2407089.0,3532135.0,3499776.0,3913361.0,6530658.0,7382221.0,1607969.67,33.5911,0.007059,1445841.8,22.4147,0.004546,1431078.9,11.323,0.002097,1829524.2,5.9046,0.001505,2035408.3,3.9805,0.001128,2737215.03,1.9733,0.000741
20261002,2002,中鋼,21124095.0,38390897.0,90608564.0,36951740.0,20491440.0,25706691.0,29039115.0,28536026.0,25507630.0,17570221.0,26366296.0,30609530.0,24252702.0,26834303.0,21754648.0,33490444.0,20868836.0,15934299.0,14449723.0,28510563.0,23684321.0,25957801.0,33828536.0,22552912.0,16519030.0,25294148.0,24094140.0,31436536.0,31131264.0,18138790.0,50041185.33,14.0711,0.09202,41513347.2,10.177,0.059266,33392641.9,6.326,0.027332,30916259.87,4.5551,0.01962,28849888.15,3.661,0.014699,27654508.03,2.5462,0.009662
20261002,2002A,中鋼特,1355.0,21557.0,9412.0,24789.0,6050.0,41214.0,39206.0,21691.0,26979.0,27005.0,2165.0,5192.0,11234.0,7081.0,32945.0,16518.0,4160.0,14230.0,7098.0,9000.0,12000.0,33280.0,26093.0,21335.0,13653.0,14258.0,42131.0,1005.0,9187.0,13450.0,10774.67,4.1919,6e-06,12632.6,2.1452,4e-06,21925.8,0.618,2e-06,18525.0,0.4876,1e-06,16444.05,0.412,1e-06,17175.77,0.263,1e-06
20261002,2006,東和鋼鐵,1100589.0,2447124.0,2294770.0,1997985.0,1650426.0,1864183.0,1510596.0,1618283.0,4908459.0,4340270.0,1894701.0,1149181.0,785685.0,1099446.0,604850.0,993144.0,768679.0,1203974.0,1379368.0,2194133.0,1682696.0,2753837.0,2299980.0,937158.0,1322716.0,1337607.0,2071020.0,1100952.0,1400677.0,1884791.0,1947494.33,18.8377,0.004794,1898178.8,11.5963,0.003088,2373268.5,4.6374,0.001424,1951103.2,3.7606,0.001022,1790292.3,3.0738,0.000766,1753242.67,2.0925,0.000503
20261002,2007,燁興,141935.0,231238.0,300167.0,283063.0,147204.0,98897.0,63147.0,94590.0,117621.0,71544.0,493222.0,253053.0,125472.0,253955.0,228153.0,182720.0,209694.0,86314.0,109271.0,149678.0,275231.0,128315.0,209311.0,173137.0,198441.0,159232.0,81872.0,121064.0,183474.0,181607.0,224446.67,21.0792,0.000618,220721.4,12.861,0.000398,154940.6,9.1606,0.000184,193550.73,4.8888,0.000132,182046.9,3.8983,9.9e-05,178420.73,2.6517,6.5e-05
20261002,2008,高興昌,8317.0,5244.0,14409.0,13251.0,12658.0,31823.0,7313.0,13780.0,19411.0,22278.0,4324.0,39282.0,5673.0,8000.0,4649.0,16552.0,10963.0,19624.0,12343.0,4936.0,11425.0,5006.0,8026.0,9003.0,12689.0,34483.0,12170.0,8114.0,19000.0,10330.0,9323.33,29.7354,3.6e-05,10775.8,15.4364,2.3e-05,14848.4,5.6013,1.1e-05,14027.47,3.9527,8e-06,13741.5,3.0262,6e-06,13502.53,2.0532,4e-06
20261002,2009,第一銅,760206.0,1229356.0,2129405.0,1672790.0,874995.0,2769971.0,1745085.0,955791.0,989716.0,784797.0,1630917.0,868888.0,1480461.0,2623563.0,3960588.0,3874271.0,4686373.0,1261781.0,1090587.0,1487527.0,1701763.0,1469239.0,1510620.0,2704350.0,8357969.0,6315401.0,8264491.0,1038238.0,990729.0,1060555.0,1372989.0,18.4562,0.003312,1333350.4,11.4029,0.002133,1391211.2,5.4643,0.000984,1631768.6,3.1059,0.000706,1843853.4,2.0615,0.000529,2343014.1,1.0815,0.000348
20261002,2010,春源,533716.0,1526972.0,2630914.0,1729221.0,1464117.0,418107.0,951177.0,790708.0,678992.0,666352.0,560308.0,544328.0,812456.0,874433.0,360446.0,637521.0,662880.0,1171661.0,803093.0,813247.0,763497.0,1057476.0,521306.0,851474.0,898953.0,638183.0,606363.0,1049310.0,732234.0,817114.0,1563867.33,11.376,0.002325,1576988.0,6.7688,0.001497,1139027.6,4.6857,0.000691,969483.13,3.6701,0.000496,931532.45,2.8647,0.000371,885551.97,2.009,0.000244
20261002,2012,春雨,24841.0,29406.0,83056.0,77143.0,29915.0,13966.0,19553.0,157819.0,53003.0,87049.0,36658.0,22527.0,56557.0,63412.0,63770.0,34338.0,59916.0,44546.0,66317.0,71150.0,38151.0,43485.0,97510.0,32993.0,33375.0,54076.0,39838.0,132844.0,39122.0,64565.0,45767.67,18.0921,0.000108,48872.2,10.1657,7e-05,57575.1,4.3145,3.2e-05,54578.33,3.0343,2.3e-05,54747.1,2.2687,1.7e-05,55696.7,1.4867,1.1e-05
20261002,2013,中鋼構,33007.0,32397.0,65633.0,49044.0,61624.0,45055.0,26011.0,24787.0,111790.0,19243.0,42809.0,33224.0,57504.0,78979.0,32988.0,60835.0,134269.0,50898.0,46346.0,37157.0,43193.0,43166.0,55638.0,82887.0,83994.0,70009.0,58677.0,115668.0,65060.0,85134.0,43679.0,25.1891,0.000144,48341.0,13.6559,9.3e-05,46859.1,7.0439,4.3e-05,47606.33,4.6222,3.1e-05,52180.0,3.1628,2.3e-05,58234.2,1.8893,1.5e-05
20261002,2014,中鴻,1520901.0,2893468.0,6303314.0,4542538.0,3896414.0,1927835.0,1271444.0,830007.0,1533951.0,1131865.0,1070824.0,2321052.0,2313645.0,3238938.0,1492045.0,1541847.0,1600249.0,1382576.0,1688324.0,1558220.0,1663892.0,1278787.0,1672219.0,1872870.0,981261.0,1077444.0,1415389.0,2324299.0,2009909.0,1459226.0,3572561.0,14.1906,0.006625,3831327.0,7.9393,0.004267,2585173.7,5.8832,0.001968,2419216.07,4.1912,0.001413,2202972.85,3.4519,0.001058,1993825.1,2.5427,0.000696
20261002,2015,豐興,199291.0,75885.0,269520.0,269986.0,41321.0,35024.0,101609.0,161695.0,452795.0,59466.0,259913.0,89765.0,112337.0,187687.0,112847.0,58228.0,157287.0,203579.0,191579.0,122241.0,172230.0,172224.0,170547.0,217118.0,239527.0,126816.0,96800.0,108305.0,375553.0,119661.0,181565.33,36.5876,0.000868,171200.6,23.2816,0.000559,166659.2,11.958,0.000258,161942.73,8.2042,0.000185,158102.75,6.3026,0.000139,165361.2,4.0173,9.1e-05
20261002,2017,官田鋼,254004.0,252574.0,971752.0,372566.0,340921.0,264985.0,630161.0,233888.0,568646.0,282016.0,509293.0,340434.0,318103.0,515988.0,269057.0,275382.0,245375.0,1034788.0,588119.0,577725.0,354544.0,769405.0,638463.0,1886553.0,7055837.0,267413.0,326213.0,323644.0,367990.0,603515.0,492776.67,17.1818,0.001106,438363.4,11.5887,0.000713,417151.3,6.089,0.000329,408292.53,4.1474,0.000236,442288.85,2.8715,0.000177,714645.13,1.1848,0.000116
20261002,2020,美亞,7080440.0,21074637.0,5306101.0,5753984.0,739085.0,218521.0,191146.0,253900.0,245311.0,131259.0,139736.0,387958.0,204203.0,425719.0,221731.0,172522.0,354285.0,423339.0,261361.0,407631.0,566264.0,174997.0,110322.0,126964.0,211233.0,291769.0,264860.0,335140.0,225277.0,167901.0,11153726.0,21.1602,0.030843,7990849.4,17.7214,0.019865,4099438.4,17.2717,0.009161,2824915.4,16.7095,0.006576,2199643.45,16.0945,0.004927,1548919.87,15.2374,0.003239
20261002,2022,聚亨,300624.0,208884.0,198729.0,301203.0,202948.0,196894.0,214037.0,224423.0,303045.0,245712.0,341830.0,310625.0,247429.0,399192.0,188168.0,236441.0,214036.0,454715.0,221339.0,230430.0,226653.0,320656.0,207574.0,222689.0,364547.0,184265.0,275917.0,342701.0,514482.0,260933.0,236079.0,42.4468,0.00131,242477.6,24.796,0.000843,239649.9,12.5443,0.000389,258916.2,7.7406,0.000279,262035.2,5.7363,0.000209,272037.37,3.6836,0.000138
20261002,2023,燁輝,1588195.0,1896256.0,1279312.0,1159080.0,765267.0,441676.0,786965.0,847867.0,2143416.0,748868.0,2070388.0,1486524.0,454384.0,893275.0,1308048.0,656027.0,1092052.0,680478.0,743607.0,440101.0,600821.0,1645680.0,2234947.0,1862415.0,748625.0,1186944.0,641220.0,858073.0,648962.0,997611.0,1587921.0,33.3391,0.006918,1337622.0,23.7465,0.004456,1165690.2,13.6245,0.002055,1191301.4,8.8877,0.001475,1074089.3,7.3932,0.001105,1096902.8,4.8263,0.000726
20261002,2024,志聯,25046.0,43413.0,12230.0,5397.0,8661.0,10336.0,12185.0,6455.0,14007.0,23317.0,5014.0,14997.0,3709.0,47.0,7008.0,3019.0,10921.0,91926.0,6052.0,27663.0,2961.0,3012.0,12782.0,20616.0,5292.0,7684.0,3010.0,7882.0,8020.0,5310.0,26896.33,31.0402,0.000109,18949.4,26.4346,7e-05,16104.7,15.552,3.2e-05,12788.13,13.0569,2.3e-05,16570.15,7.5576,1.7e-05,13599.07,6.1391,1.1e-05
20261002,2025,千興,1807131.0,4380086.0,4961003.0,2029531.0,1899021.0,325287.0,514000.0,221716.0,195227.0,435184.0,336897.0,392957.0,246020.0,239496.0,260319.0,191765.0,450964.0,480522.0,254736.0,320993.0,171256.0,571189.0,723642.0,777077.0,481258.0,1185821.0,729562.0,655368.0,418642.0,287223.0,3716073.33,16.21,0.007872,3015354.4,11.9862,0.00507,1676818.6,10.7771,0.002338,1216258.33,9.9054,0.001678,997142.75,9.0615,0.001257,864796.43,6.9655,0.000827
20261002,2027,大成鋼,6962195.0,15670981.0,9157975.0,12474332.0,10270252.0,7729284.0,8426590.0,5906011.0,12398697.0,10660209.0,14323752.0,12037554.0,9155087.0,20851259.0,20158807.0,14231298.0,12192930.0,20652125.0,17349221.0,11064729.0,7500145.0,12934911.0,16409254.0,10383787.0,17970345.0,10774807.0,15833188.0,9436777.0,18075115.0,15806951.0,10597050.33,21.8998,0.030328,10907147.0,12.7663,0.019533,9965652.6,6.9862,0.009008,11745532.33,3.9517,0.006467,12583664.4,2.7664,0.004845,12893285.6,1.8,0.003184
20261002,2028,威致,118121.0,237108.0,453189.0,224787.0,214794.0,47914.0,65441.0,130980.0,32252.0,102070.0,54946.0,65002.0,61710.0,103062.0,148928.0,31054.0,133372.0,84292.0,65045.0,45808.0,74344.0,62113.0,75618.0,62000.0,116649.0,74350.0,83941.0,77204.0,62305.0,69276.0,269472.67,14.6114,0.000515,249599.8,9.4648,0.000331,162665.6,7.2616,0.000153,137353.6,5.7332,0.00011,120993.75,4.8813,8.2e-05,105922.5,3.7172,5.4e-05
20261002,2029,盛餘,421708.0,510760.0,947984.0,824545.0,302641.0,222001.0,138800.0,428143.0,209508.0,335538.0,308823.0,326731.0,234764.0,363703.0,417759.0,278430.0,606380.0,517674.0,325010.0,112236.0,532250.0,317963.0,131657.0,262903.0,327034.0,342490.0,754366.0,429567.0,452097.0,396546.0,626817.33,22.4259,0.001837,601527.6,14.0212,0.001183,434162.8,9.7131,0.000546,399560.53,7.0362,0.000392,391656.9,5.3836,0.000293,392667.03,3.5799,0.000193
20261002,2030,彰源,10265128.0,70647596.0,19477677.0,5239284.0,17985774.0,26837816.0,11042702.0,3483382.0,6056164.0,2176915.0,2808902.0,2317619.0,1149509.0,2375000.0,2619602.0,2243136.0,4564495.0,2364622.0,2348312.0,2669737.0,1793271.0,1615166.0,1683487.0,2392381.0,2534658.0,4476395.0,6543561.0,3653445.0,3136619.0,3118455.0,33463467.0,10.2252,0.044716,24723091.8,8.3041,0.0288,17321243.8,5.9263,0.013282,12298871.33,5.5643,0.009534,9933668.6,5.1668,0.007143,7654027.0,4.4705,0.004695
20261002,2031,新光鋼,815316.0,753695.0,1042897.0,1842390.0,819549.0,386971.0,1427135.0,238936.0,836588.0,430643.0,947969.0,228735.0,503244.0,506003.0,421992.0,389631.0,348694.0,608991.0,808729.0,471983.0,446344.0,451905.0,715715.0,722590.0,814707.0,899118.0,1346440.0,1191365.0,2034751.0,1289423.0,870636.0,31.2153,0.003552,1054769.4,15.4596,0.002287,859412.0,9.4869,0.001055,746804.2,7.2783,0.000757,691504.55,5.8952,0.000567,791414.97,3.434,0.000373
20261002,2032,新鋼,2800552.0,5176631.0,8296361.0,12313640.0,3573551.0,626370.0,1139914.0,153099.0,483364.0,248449.0,514042.0,300586.0,265487.0,216285.0,144214.0,225191.0,179347.0,338601.0,320444.0,374053.0,200001.0,126206.0,230291.0,172096.0,232856.0,420725.0,775952.0,364851.0,308105.0,172607.0,5424514.67,17.2092,0.0122,6432147.0,8.708,0.007857,3481193.1,8.0448,0.003624,2416836.33,7.7251,0.002601,1884509.05,7.4305,0.001949,1356462.37,6.882,0.001281
20261002,2033,佳大,1044136.0,1489009.0,3593142.0,5178933.0,3052504.0,5864273.0,1365679.0,4526603.0,4589786.0,3407460.0,1238288.0,768559.0,1949742.0,1191652.0,1191715.0,1767984.0,531067.0,1215744.0,1673188.0,1081739.0,736850.0,3447898.0,4341648.0,3683348.0,785230.0,648626.0,604140.0,304953.0,1391594.0,883605.0,2042095.67,17.0435,0.004548,2871544.8,7.2723,0.002929,3411152.5,3.0609,0.001351,2696765.4,2.5812,0.00097,2336060.15,2.2348,0.000727,2118303.17,1.643,0.000478
20261002,2034,允強,5400624.0,9284967.0,18962893.0,17704386.0,8643926.0,3451168.0,7254339.0,950186.0,2245758.0,1511513.0,751327.0,1226459.0,496105.0,584277.0,757821.0,1014365.0,1114968.0,1589618.0,3109891.0,969221.0,983956.0,1336181.0,901332.0,942078.0,824322.0,1252606.0,1115306.0,773406.0,766552.0,549914.0,11216161.33,16.0501,0.023526,11999359.2,9.0015,0.015152,7540976.0,7.1617,0.006988,5281716.6,6.8168,0.005016,4351190.6,6.2059,0.003758,3215648.83,5.5983,0.00247
20261002,2038,海光,255303.0,474343.0,747233.0,1265575.0,609228.0,221021.0,172860.0,140962.0,102447.0,82819.0,125488.0,299531.0,134724.0,103108.0,90790.0,105602.0,205429.0,257650.0,239542.0,124151.0,114043.0,94412.0,119199.0,161543.0,192940.0,216969.0,123216.0,398093.0,109956.0,142019.0,492293.0,17.2867,0.001112,670336.4,7.6172,0.000716,407179.1,6.27,0.00033,321695.47,5.2908,0.000237,287890.3,4.434,0.000178,247673.2,3.436,0.000117
20261002,2049,上銀,1577341.0,1302617.0,1637089.0,2189754.0,1357804.0,1690522.0,1648560.0,1300568.0,2691002.0,2515565.0,2282437.0,5290726.0,9175490.0,8834128.0,3704993.0,8565244.0,2971158.0,3895952.0,4629639.0,3382843.0,5084000.0,3172854.0,2579042.0,3576644.0,3367874.0,2091342.0,2903949.0,5394098.0,6809824.0,4107931.0,1505682.33,34.9197,0.006871,1612921.0,19.5588,0.004425,1791082.2,8.8066,0.002041,3146573.07,3.3419,0.001465,3532171.6,2.2328,0.001098,3657699.67,1.4375,0.000721
20261002,2059,川湖,500503.0,339243.0,375310.0,448531.0,417513.0,350946.0,420250.0,542518.0,486160.0,453913.0,454477.0,211570.0,240070.0,399167.0,287031.0,471884.0,1284516.0,300806.0,476556.0,651444.0,439034.0,341901.0,982861.0,433751.0,382810.0,501767.0,564938.0,651440.0,516139.0,1536780.0,405018.67,41.1918,0.00218,416220.0,24.0499,0.001404,433488.7,11.5459,0.000648,395146.8,8.4442,0.000465,455620.4,5.4925,0.000348,515460.97,3.2366,0.000229
20261002,2062,橋椿,117000.0,111204.0,51090.0,150971.0,62247.0,69090.0,95950.0,369068.0,99689.0,200683.0,117031.0,88301.0,188406.0,161586.0,472977.0,634794.0,307101.0,133001.0,129659.0,252098.0,102371.0,128477.0,97988.0,88247.0,166307.0,103203.0,94760.0,112085.0,168728.0,79753.0,93098.0,41.8913,0.00051,98502.4,23.7558,0.000328,132699.2,8.8169,0.000151,157019.53,4.9675,0.000109,190597.3,3.0693,8.1e-05,165128.83,2.3618,5.4e-05
20261002,2069,運錩,1068140.0,1821078.0,2227220.0,2256458.0,1991600.0,3367765.0,4747216.0,648408.0,986308.0,1277466.0,962714.0,1388503.0,2163882.0,3483002.0,1871513.0,3739663.0,2647458.0,528856.0,276772.0,345942.0,459296.0,431714.0,502175.0,530262.0,1149242.0,1296332.0,676396.0,466642.0,303615.0,236042.0,1705479.33,20.8766,0.004653,1872899.2,11.4063,0.002997,2039165.9,5.2381,0.001382,2017418.2,3.5297,0.000992,1889998.2,2.8258,0.000743,1461722.67,2.4358,0.000489
20261002,2072,世紀風電,118437.0,207748.0,123671.0,261627.0,229616.0,96080.0,192369.0,224196.0,245780.0,267657.0,160617.0,157128.0,184759.0,416167.0,231721.0,197178.0,734535.0,542916.0,454223.0,433022.0,284254.0,213328.0,249011.0,252406.0,450320.0,318008.0,505858.0,403947.0,372725.0,258512.0,149952.0,26.3278,0.000516,188219.8,12.585,0.000332,196718.1,6.0206,0.000153,207838.2,3.799,0.00011,273972.35,2.1615,8.2e-05,292927.2,1.3477,5.4e-05
20261002,2101,南港,3700548.0,1688108.0,1676417.0,1292890.0,989879.0,1211843.0,2034265.0,4264129.0,1687821.0,990883.0,2015928.0,843126.0,1374391.0,869838.0,1524864.0,1376779.0,2030971.0,1520694.0,745924.0,1117451.0,1245583.0,1137980.0,2022474.0,2790584.0,2143047.0,836770.0,1337520.0,1300682.0,1681430.0,1542418.0,2355024.33,52.3781,0.01612,1869568.4,39.5872,0.010382,1953678.3,18.9414,0.004788,1744328.67,14.1432,0.003437,1647837.45,11.2285,0.002575,1633174.57,7.5529,0.001693
20261002,2102,泰豐,229380.0,373982.0,224249.0,287960.0,888765.0,939872.0,1077313.0,1314741.0,7238628.0,216489.0,154136.0,120061.0,68398.0,92589.0,538608.0,354973.0,219698.0,390661.0,181082.0,439422.0,126595.0,229847.0,168374.0,121524.0,80015.0,297056.0,321896.0,65694.0,86779.0,138306.0,275870.33,27.7159,0.000999,400867.2,11.4442,0.000644,1279137.9,1.7932,0.000297,917678.07,1.6664,0.000213,767550.35,1.4942,0.00016,566236.43,1.3503,0.000105
20261002,2103,台橡,4869851.0,1423826.0,2618484.0,2596683.0,1545422.0,4459016.0,2248619.0,1778319.0,4600637.0,7673485.0,6778855.0,1765093.0,2689775.0,2539776.0,3930753.0,4099892.0,14934234.0,6933841.0,3274701.0,4443020.0,5051843.0,7394990.0,2912222.0,3820263.0,7270481.0,2989053.0,6462701.0,7697215.0,8185141.0,5082989.0,2970720.33,54.6428,0.021214,2610853.2,37.3047,0.013663,3381434.2,14.4017,0.006301,3434572.93,9.4526,0.004523,4260214.1,5.7155,0.003389,4735706.0,3.4278,0.002227
20261002,2104,國際中橡,1846415.0,3126051.0,5196783.0,6186219.0,9828558.0,21035315.0,3363489.0,1297102.0,2764742.0,4747256.0,4517906.0,823029.0,2230057.0,2010432.0,4314688.0,10263999.0,2038819.0,5335815.0,2238720.0,2464970.0,1504284.0,3163561.0,2234428.0,3114456.0,3074992.0,5488501.0,2350734.0,3498998.0,1765408.0,1982208.0,3389749.67,18.1568,0.008043,5236805.2,7.0517,0.00518,5939193.0,3.1089,0.002389,4885869.47,2.5194,0.001715,4781518.25,1.9308,0.001285,4126931.17,1.4914,0.000845
20261002,2105,正新,3763944.0,3575667.0,5030299.0,3385450.0,2112273.0,2742563.0,3461428.0,2281678.0,6716662.0,3040799.0,8791079.0,4049274.0,3420958.0,2957716.0,3774654.0,2947341.0,3924204.0,3947976.0,2051707.0,3182212.0,2522809.0,4240116.0,4564661.0,7656679.0,3750079.0,3983418.0,2593540.0,4465557.0,5213792.0,5776561.0,4123303.33,30.4282,0.016396,3573526.6,21.0657,0.01056,3611076.3,10.4233,0.00487,3940296.27,6.3683,0.003496,3757894.2,5.008,0.002619,3997503.2,3.1386,0.001722
20261002,2106,建大,349369.0,300105.0,533046.0,749249.0,425210.0,522834.0,902601.0,7345544.0,2304880.0,489854.0,1269795.0,707336.0,655761.0,780713.0,569306.0,791378.0,405612.0,2147694.0,628048.0,814198.0,477364.0,2202347.0,15574243.0,3651150.0,1704178.0,1943718.0,1058070.0,1659442.0,1785637.0,1977600.0,394173.33,29.5444,0.001522,471395.8,14.8227,0.00098,1392269.2,2.5093,0.000452,1193706.87,1.9512,0.000325,1134626.65,1.5396,0.000243,1824209.4,0.6384,0.00016
20261002,2107,厚生,217200.0,400598.0,272160.0,192914.0,180208.0,181265.0,134225.0,237491.0,401596.0,180048.0,341164.0,202629.0,141169.0,211838.0,269181.0,319628.0,163017.0,194425.0,108761.0,211029.0,148728.0,195944.0,200725.0,309966.0,441009.0,520217.0,349196.0,942008.0,308535.0,328833.0,296652.67,24.4056,0.000946,252616.0,17.1961,0.000609,239770.5,9.0587,0.000281,237579.07,6.0948,0.000202,228027.3,4.7626,0.000151,276856.9,2.6151,9.9e-05
20261002,2108,南帝,433044.0,452033.0,340904.0,458121.0,194171.0,205125.0,254278.0,235753.0,732923.0,733929.0,1556969.0,561831.0,1293598.0,489135.0,477518.0,431068.0,408270.0,1439064.0,614304.0,771022.0,670147.0,921268.0,579233.0,674642.0,1094267.0,814539.0,1224694.0,2589228.0,695717.0,878920.0,408660.33,35.3222,0.001886,375654.6,23.0554,0.001215,404028.1,10.7182,0.00056,561288.8,5.1434,0.000402,604153.0,3.5839,0.000301,740857.17,1.9484,0.000198
20261002,2109,華豐,139792.0,72070.0,166561.0,311170.0,392021.0,220388.0,30308.0,38425.0,171350.0,74865.0,57464.0,136987.0,64116.0,154542.0,49585.0,63680.0,46841.0,170419.0,56407.0,177726.0,130399.0,196549.0,83142.0,40453.0,109650.0,80898.0,52388.0,95650.0,57614.0,57653.0,126141.0,36.9407,0.000609,216322.8,12.9244,0.000392,161695.0,8.6454,0.000181,138642.93,6.7219,0.00013,129735.85,5.3876,9.7e-05,116637.1,3.9951,6.4e-05
20261002,2114,鑫永銓,24883.0,9392.0,16450.0,22383.0,3250.0,52290.0,18171.0,29365.0,16392.0,29204.0,26174.0,4239.0,17371.0,26080.0,26547.0,9319.0,35836.0,22436.0,18108.0,23033.0,18501.0,10324.0,30252.0,25310.0,125512.0,110885.0,11385.0,18358.0,31050.0,24274.0,16908.33,49.0547,0.000108,15271.6,32.5873,7e-05,22178.0,11.2197,3.2e-05,21479.4,7.7231,2.3e-05,21546.15,5.7743,1.7e-05,27892.47,2.9737,1.1e-05
20261002,2115,六暉-KY,10019.0,34888.0,87805.0,39315.0,16000.0,25768.0,35400.0,37710.0,32100.0,95334.0,62160.0,53840.0,55295.0,64456.0,90495.0,182202.0,60450.0,15050.0,39050.0,52150.0,38919.0,61407.0,24032.0,8000.0,54210.0,33108.0,88583.0,356230.0,69584.0,48289.0,44237.33,7.5494,4.4e-05,37605.4,5.3285,2.8e-05,41433.9,2.4181,1.3e-05,49372.33,1.3528,9e-06,54474.35,0.9196,7e-06,62394.97,0.5352,5e-06
20261002,2201,裕隆,5164307.0,2076309.0,2067671.0,1888734.0,1659665.0,2257913.0,2073952.0,4093458.0,14231607.0,3280401.0,2280778.0,2929514.0,4054465.0,2773874.0,3322134.0,2326243.0,5930444.0,4249110.0,5753813.0,8031685.0,9972103.0,17333260.0,7296247.0,2305544.0,1942168.0,1196987.0,2848403.0,4620700.0,2151693.0,2201883.0,3102762.33,55.4807,0.022496,2571337.2,40.1683,0.014489,3879401.7,13.3121,0.006682,3610318.8,9.5362,0.004797,4022303.85,6.4196,0.003594,4410502.17,3.903,0.002362
20261002,2204,中華,999588.0,204052.0,446380.0,399395.0,218504.0,356907.0,524145.0,398998.0,579290.0,313527.0,476628.0,699842.0,313186.0,564058.0,304352.0,368081.0,375041.0,739068.0,522421.0,784820.0,687042.0,1013482.0,556635.0,796385.0,644582.0,577777.0,806417.0,1555526.0,1608036.0,558858.0,550006.67,60.5804,0.004354,453583.8,44.0751,0.002804,444078.6,22.5093,0.001293,453256.8,14.7023,0.000928,479414.15,10.4251,0.000696,613100.77,5.4346,0.000457
20261002,2206,三陽工業,274134.0,299411.0,760246.0,409880.0,220086.0,327056.0,247423.0,411369.0,2453441.0,612614.0,521934.0,1052906.0,551925.0,909814.0,189699.0,575450.0,335699.0,499182.0,510772.0,468593.0,444374.0,408638.0,803313.0,1150793.0,447727.0,484752.0,430290.0,797276.0,541805.0,628569.0,444597.0,20.553,0.001194,392751.4,13.9597,0.000769,601566.0,4.557,0.000355,616129.2,2.9662,0.000255,581581.7,2.3568,0.000191,592305.7,1.5428,0.000125
20261002,2207,和泰車,313733.0,239429.0,332322.0,229210.0,270934.0,204276.0,134095.0,152604.0,650504.0,243250.0,673022.0,172922.0,197076.0,157054.0,136168.0,136705.0,200205.0,282089.0,388294.0,171878.0,156256.0,227871.0,769650.0,136774.0,203082.0,176902.0,179166.0,181001.0,336962.0,214588.0,295161.33,35.4307,0.001367,277125.6,22.6419,0.00088,277035.7,11.3246,0.000406,273773.27,7.6397,0.000291,264288.5,5.9354,0.000218,262267.4,3.9874,0.000143
20261002,2208,台船,1969954.0,3315980.0,2008362.0,2641807.0,1566691.0,4444705.0,2310286.0,1615611.0,1770149.0,1057680.0,608633.0,928659.0,1964179.0,4230791.0,1591140.0,1384086.0,991788.0,1309960.0,2173173.0,2884242.0,1857703.0,1877174.0,1708388.0,5181542.0,4670521.0,1803143.0,1722872.0,1493921.0,3059574.0,3045989.0,2431432.0,27.0068,0.008581,2300558.8,17.1259,0.005527,2270122.5,8.6777,0.002549,2134975.13,6.1514,0.00183,2038393.8,4.8321,0.001371,2239623.43,2.932,0.000901
20261002,2211,長榮鋼,347982.0,586620.0,534048.0,1174060.0,968162.0,480477.0,1081383.0,386203.0,326219.0,319773.0,361105.0,586677.0,2562849.0,397512.0,174987.0,341970.0,235671.0,236698.0,357617.0,448366.0,339041.0,339360.0,331615.0,279141.0,286552.0,415175.0,367784.0,839269.0,785780.0,844847.0,489550.0,23.694,0.001516,722174.4,9.6371,0.000976,620492.7,5.6082,0.00045,685870.47,3.3824,0.000323,595418.95,2.9222,0.000242,557898.1,2.0791,0.000159
20261002,2227,裕日車,18752.0,27062.0,36377.0,29865.0,19698.0,47462.0,53260.0,49190.0,46890.0,42067.0,38481.0,114872.0,40703.0,39584.0,59789.0,18207.0,19759.0,42829.0,39553.0,25830.0,19485.0,58102.0,40623.0,32133.0,9473.0,50063.0,13700.0,33377.0,39366.0,29231.0,27397.0,22.8152,8.2e-05,26350.8,14.2326,5.3e-05,37062.3,5.0596,2.4e-05,44270.13,2.8239,1.7e-05,40511.5,2.3144,1.3e-05,37859.43,1.651,9e-06
20261002,2228,劍麟,79932.0,88266.0,56671.0,34896.0,39277.0,103012.0,95851.0,401050.0,1216207.0,72868.0,66422.0,72925.0,46355.0,53703.0,75035.0,119961.0,92507.0,71239.0,141080.0,76239.0,120300.0,112824.0,95139.0,111702.0,99623.0,85445.0,166377.0,116608.0,111735.0,87335.0,74956.33,35.546,0.000348,59808.4,26.7294,0.000224,218803.0,3.6531,0.000103,166831.33,3.1941,7.4e-05,150174.8,2.6613,5.6e-05,137019.47,1.9445,3.7e-05
20261002,2231,為升,137927.0,329706.0,242159.0,141046.0,95310.0,79524.0,166028.0,177980.0,158943.0,87381.0,76899.0,84419.0,84667.0,162029.0,80452.0,118566.0,190322.0,220836.0,147374.0,217874.0,135425.0,126350.0,153166.0,286540.0,395335.0,267293.0,308914.0,236786.0,417836.0,255344.0,236597.33,19.432,0.000601,189229.6,14.5777,0.000387,161600.4,8.5351,0.000178,140298.0,6.554,0.000128,149972.1,4.5984,9.6e-05,186081.03,2.4707,6.3e-05
20261002,2233,宇隆,243033.0,224485.0,695280.0,453502.0,317462.0,396151.0,576166.0,219215.0,379018.0,444270.0,341052.0,263805.0,668082.0,406868.0,339860.0,678522.0,557995.0,342844.0,460742.0,495267.0,418096.0,491464.0,459055.0,567408.0,771582.0,1319582.0,920226.0,1029535.0,730128.0,742838.0,387599.33,20.9007,0.001059,386752.4,12.5679,0.000682,394858.2,6.1549,0.000314,397883.27,4.0721,0.000226,425180.95,2.858,0.000169,531784.43,1.5234,0.000111
20261002,2236,百達-KY,570594.0,413705.0,233695.0,1517893.0,470851.0,310749.0,387114.0,592981.0,202859.0,338198.0,2111973.0,314246.0,333543.0,349124.0,569747.0,207504.0,288981.0,197841.0,148367.0,237106.0,111004.0,136784.0,225994.0,270427.0,363882.0,329102.0,81288.0,268416.0,212699.0,204908.0,405998.0,46.847,0.002486,641347.6,17.7936,0.001601,503863.9,11.3244,0.000738,581151.47,6.5456,0.00053,489853.55,5.8241,0.000397,400052.5,4.7543,0.000261
20261002,2237,華德動能-創,27577.0,40201.0,108531.0,71800.0,62182.0,133001.0,92722.0,59369.0,65220.0,68170.0,61400.0,39290.0,103415.0,209792.0,69495.0,263519.0,91770.0,196915.0,176160.0,123641.0,129054.0,188783.0,111913.0,289026.0,206829.0,169777.0,349237.0,279811.0,138364.0,278179.0,58769.67,15.6413,0.00012,62058.2,8.8875,7.7e-05,72877.3,3.784,3.6e-05,80811.0,2.275,2.6e-05,103208.5,1.336,1.9e-05,140171.43,0.6558,1.3e-05
20261002,2239,英利-KY,23164.0,28206.0,53001.0,54101.0,21001.0,65551.0,157627.0,329073.0,117000.0,231233.0,48100.0,16200.0,20020.0,53090.0,21000.0,34000.0,22047.0,36001.0,33036.0,39000.0,18300.0,39010.0,47360.0,29152.0,40000.0,34553.0,18065.0,26521.0,30790.0,24000.0,34790.33,22.1939,0.000101,35894.6,12.9067,6.5e-05,107995.7,2.1449,3e-05,82557.8,1.8705,2.2e-05,70122.55,1.6517,1.6e-05,57006.73,1.3545,1.1e-05
20261002,2241,艾姆勒,2571955.0,3600149.0,8099138.0,3176721.0,4744337.0,6674337.0,6315136.0,1533116.0,391446.0,1362207.0,241827.0,155149.0,259621.0,195134.0,352919.0,128245.0,175148.0,293893.0,458358.0,263067.0,228352.0,547775.0,277572.0,248895.0,520755.0,252900.0,661456.0,780642.0,1352458.0,201108.0,4757080.67,18.0219,0.011204,4438460.0,11.5894,0.007216,3846854.2,6.6859,0.003328,2644879.47,6.4829,0.002389,2049595.15,6.2743,0.00179,1535460.53,5.5835,0.001176
20261002,2243,宏旭-KY,333277.0,138505.0,254061.0,120258.0,182750.0,203100.0,601493.0,765164.0,110807.0,227060.0,699207.0,127776.0,414525.0,639765.0,642933.0,490522.0,171826.0,273242.0,300575.0,254865.0,984556.0,356276.0,124540.0,235577.0,284207.0,163174.0,100415.0,112481.0,169175.0,160442.0,241947.67,45.9159,0.001452,205770.2,32.3931,0.000935,293647.5,11.3496,0.000431,364045.4,6.1032,0.00031,347585.55,4.7942,0.000232,321418.47,3.4563,0.000152
20261002,2247,汎德永業,32971.0,19395.0,73412.0,32877.0,48504.0,17614.0,31972.0,29370.0,35372.0,60688.0,15215.0,26645.0,17055.0,17981.0,24624.0,16202.0,14304.0,38379.0,40934.0,13063.0,37132.0,31801.0,35396.0,17392.0,93533.0,19726.0,4653.0,19158.0,58522.0,20589.0,41926.0,26.2136,0.000144,41431.8,15.9158,9.3e-05,38217.5,8.6272,4.3e-05,32246.33,6.8165,3.1e-05,30328.85,5.4356,2.3e-05,31482.63,3.4909,1.5e-05
20261002,2248,華勝-KY,20056.0,5702.0,21020.0,7015.0,38424.0,54617.0,32048.0,3040.0,87082.0,161000.0,12000.0,26006.0,22928.0,67465.0,11000.0,42304.0,31421.0,154253.0,42261.0,18039.0,38058.0,149045.0,35964.0,62088.0,53317.0,34409.0,304100.0,98918.0,186487.0,82677.0,15592.67,42.8749,8.7e-05,18443.4,21.7487,5.6e-05,43000.4,4.6641,2.6e-05,37960.2,3.5223,1.9e-05,42884.05,2.3384,1.4e-05,63424.8,1.0541,9e-06
20261002,2250,IKKA-KY,96347.0,112855.0,122177.0,13600.0,13298.0,66789.0,37383.0,28410.0,83600.0,93464.0,109700.0,54040.0,60534.0,43822.0,42296.0,37518.0,67703.0,23647.0,44061.0,56489.0,24191.0,14153.0,57350.0,130808.0,70387.0,104882.0,50927.0,35767.0,73004.0,102092.0,110459.67,29.0746,0.00042,71655.4,26.8918,0.00027,66792.3,14.4249,0.000125,65221.0,9.8483,8.9e-05,60386.65,7.9775,6.7e-05,62376.47,5.1487,4.4e-05
20261002,2254,巨鎧精密-創,2135259.0,1662968.0,2109236.0,2038020.0,2388502.0,3079227.0,1667999.0,1483546.0,1697739.0,1708137.0,2865537.0,1509097.0,1166200.0,834010.0,1835190.0,1538000.0,1201567.0,2583219.0,1536055.0,562005.0,425000.0,351021.0,901021.0,538114.0,327010.0,165000.0,15000.0,3000.0,5000.0,0.0,1969154.33,36.1451,0.009301,2066797.0,20.6625,0.005991,1997063.3,10.692,0.002763,1878711.13,7.577,0.001983,1780075.65,5.9977,0.001486,1277722.63,5.5705,0.000977
20261002,2258,鴻華先進-創,541697.0,537180.0,866835.0,469300.0,180155.0,225130.0,424630.0,254616.0,523723.0,324238.0,246890.0,286831.0,299052.0,439498.0,255993.0,288061.0,471753.0,764327.0,657298.0,536087.0,384646.0,294999.0,369504.0,226520.0,238568.0,306931.0,328722.0,216696.0,369081.0,253308.0,648570.67,27.8406,0.00236,519033.4,20.8733,0.00152,434750.4,12.46,0.000701,391717.87,9.2192,0.000503,429664.7,6.3037,0.000377,386075.63,4.677,0.000248
20261002,2301,光寶科,7078006.0,9330365.0,12833072.0,13566253.0,9401877.0,10586920.0,20206920.0,16254104.0,24262502.0,10539679.0,13634786.0,17907973.0,12338615.0,21494554.0,19920421.0,13639212.0,18980605.0,25036378.0,27528977.0,38271722.0,46683643.0,18521406.0,26246499.0,50424965.0,25729076.0,51305099.0,44389247.0,25885707.0,35157145.0,40918735.0,9747147.67,24.2054,0.030833,10441914.6,13.5569,0.019858,13405969.8,5.2797,0.009158,14623736.47,3.2267,0.006574,17140647.05,2.0647,0.004925,23602482.1,0.9996,0.003237
20261002,2302,麗正,4674132.0,6731653.0,2760078.0,3489415.0,9238419.0,13188312.0,2844166.0,2658334.0,3634731.0,9551316.0,5846455.0,1486684.0,2504971.0,1747354.0,1344878.0,1057444.0,2178017.0,3870258.0,3020957.0,2345091.0,1727622.0,4136779.0,2670162.0,4717776.0,3612511.0,6077680.0,1873624.0,1857634.0,15905677.0,9804427.0,4721954.33,32.9957,0.020361,5378739.4,17.38,0.013114,5877055.6,7.9532,0.006048,4780059.87,6.5189,0.004341,4208633.25,5.553,0.003252,4551885.23,3.4229,0.002138
20261002,2303,聯電,100339050.0,114242075.0,102405360.0,111591705.0,157009029.0,124757294.0,286598057.0,158568199.0,306815637.0,256821287.0,117165966.0,102009653.0,132513207.0,120877009.0,204307696.0,270644784.0,219176053.0,337408282.0,142867105.0,139492332.0,136331797.0,223238022.0,217807917.0,325935822.0,184012062.0,85108376.0,196622654.0,58537906.0,110099394.0,91483851.0,105662161.67,31.654,0.437091,117117443.8,17.1348,0.281513,171914769.3,5.8366,0.129828,159734748.27,4.1877,0.093197,175280489.0,2.8622,0.069821,171159586.03,1.9541,0.045894
20261002,2305,全友,20455039.0,9397489.0,6402746.0,5849225.0,4243609.0,6665913.0,6816969.0,9399397.0,13495965.0,7012311.0,25857898.0,93620288.0,33465049.0,57982441.0,17665099.0,12306833.0,21635033.0,12488405.0,12795506.0,4355058.0,3858859.0,4589754.0,10290983.0,3772104.0,8580638.0,10630104.0,2230770.0,2271244.0,2776985.0,2953159.0,12085091.33,56.4195,0.089105,9269621.6,44.1335,0.057389,8973866.3,22.794,0.026467,21221962.53,6.4257,0.018999,19095513.65,5.356,0.014234,14462162.43,4.7146,0.009356
20261002,2308,台達電,6064409.0,6119811.0,11094898.0,14404821.0,8983854.0,9734322.0,16957990.0,19102054.0,13051318.0,10796328.0,10673726.0,14802962.0,9470308.0,15924565.0,20489051.0,8307925.0,6331851.0,7560958.0,9195063.0,10346094.0,15977253.0,8434152.0,8899747.0,13398406.0,8876431.0,10798374.0,4498318.0,5768589.0,12574652.0,9518782.0,7759706.0,26.0509,0.026417,9333558.6,12.9948,0.017014,11630980.5,5.214,0.007847,12511361.13,3.2314,0.005633,11470615.4,2.6435,0.00422,10938567.07,1.848,0.002774
20261002,2312,金寶,5879296.0,4886792.0,6465397.0,3153662.0,3523917.0,5951151.0,5608822.0,5842601.0,7988144.0,8741145.0,10732941.0,8006946.0,8796329.0,7057940.0,5744478.0,5150327.0,9390867.0,11839430.0,11344593.0,11799179.0,10239687.0,22765844.0,10260531.0,6218350.0,6416521.0,6668262.0,13286779.0,6550803.0,10119409.0,12896324.0,5743828.33,34.1195,0.025611,4781812.8,24.5902,0.016495,5804092.7,10.1296,0.007607,6558637.4,5.9761,0.005461,7395197.85,3.9751,0.004091,8444215.57,2.3208,0.002689
20261002,2313,華通,8635843.0,6854303.0,12970500.0,10064805.0,7002467.0,9758490.0,15506654.0,22722962.0,29688041.0,30339891.0,18970240.0,11772158.0,13242484.0,9352804.0,14054910.0,20923903.0,40022863.0,56818132.0,51923966.0,25956101.0,29088813.0,55591264.0,67617167.0,87191617.0,61898088.0,30057074.0,13628503.0,24343203.0,13397617.0,15115726.0,9486882.0,30.3431,0.037619,9105583.6,18.9682,0.024229,15354395.6,5.6243,0.011174,14729103.47,3.9087,0.008021,20829075.85,2.073,0.006009,27150352.97,1.0602,0.00395
20261002,2314,台揚,168275.0,212224.0,89891.0,102554.0,87445.0,74505.0,102756.0,210457.0,115679.0,116924.0,314583.0,90417.0,203391.0,127766.0,79927.0,100069.0,132807.0,41963.0,73769.0,62913.0,34845.0,92398.0,35890.0,66950.0,119599.0,131097.0,287289.0,154111.0,104455.0,110505.0,156796.67,35.7735,0.000733,132077.8,25.4812,0.000472,128071.0,13.1392,0.000218,139786.27,8.0253,0.000156,125415.75,6.7087,0.000117,121515.13,4.616,7.7e-05
20261002,2316,楠梓電,2945458.0,2448561.0,1637974.0,1377279.0,602793.0,1269091.0,2838547.0,839410.0,1200550.0,1739252.0,1103894.0,1022268.0,1087025.0,1489229.0,1437940.0,1838311.0,1776222.0,1664215.0,2704675.0,2097754.0,1631647.0,3969050.0,1830219.0,2372398.0,1629625.0,1575441.0,1477778.0,1669559.0,3257021.0,3092112.0,2343997.67,41.8865,0.012831,1802413.0,32.6835,0.008264,1689891.5,17.4299,0.003811,1535951.4,12.7845,0.002736,1656022.4,8.8932,0.00205,1854176.6,5.2952,0.001347
20261002,2317,鴻海,30466967.0,30526551.0,27366648.0,31188879.0,34510344.0,35754545.0,38635614.0,16771284.0,44803117.0,26522419.0,19737377.0,15812094.0,25260973.0,24164352.0,40233640.0,21343799.0,40240647.0,34027046.0,49402342.0,29851493.0,29265369.0,34131729.0,35223300.0,31847341.0,42280355.0,24910439.0,23690554.0,25420299.0,36320747.0,50034577.0,29453388.67,34.4804,0.132719,30811877.8,19.7761,0.085479,31654636.8,9.6248,0.039421,29450320.27,6.8968,0.028298,30831006.55,4.941,0.0212,31658161.37,3.2079,0.013935
20261002,2321,東訊,39872.0,4468.0,3840.0,2537.0,377.0,16034.0,9792.0,4626.0,,,,,,,,10201.0,10805.0,5560.0,4023.0,27820.0,26382.0,13238.0,42529.0,7226.0,1530.0,1262.0,3037.0,11854.0,254.0,5580.0,16060.0,82.7563,0.000174,10218.8,78.0366,0.000112,10193.25,48.8951,5.2e-05,10193.25,48.8951,3.7e-05,10765.77,28.4892,2.8e-05,10993.35,15.7692,1.8e-05
20261002,2323,中環,,,14064496.0,4169493.0,3157028.0,4136637.0,6359248.0,3610061.0,4985357.0,5535867.0,2707759.0,3498973.0,3634402.0,4726062.0,5031329.0,3451051.0,3112524.0,4165831.0,5015060.0,7410045.0,2713614.0,4591611.0,2535189.0,4645823.0,4969594.0,3275609.0,4193727.0,4871411.0,6820077.0,15410482.0,14064496.0,,,7130339.0,,,5752273.38,,,5047439.38,,,4931734.61,,,5099941.43,,
20261002,2324,仁寶,35135273.0,25328443.0,46326977.0,29621824.0,18026289.0,23534904.0,38170830.0,27563778.0,52193788.0,25735494.0,22476027.0,46454725.0,39727054.0,34534208.0,34753098.0,33657746.0,70154546.0,125562912.0,141506043.0,57406208.0,80916280.0,63321988.0,54595810.0,43593188.0,77545599.0,57384438.0,136886767.0,42759328.0,92963808.0,138341095.0,35596897.67,32.9011,0.153054,30887761.2,22.7503,0.098576,32163760.0,10.9239,0.045461,33305514.13,7.0329,0.032634,46393508.35,3.7867,0.024449,57205948.93,2.0473,0.016071
20261002,2327,國巨*,106667349.0,74137455.0,25009393.0,41164381.0,35926454.0,42588422.0,42736611.0,27387944.0,26963850.0,22992927.0,27854767.0,22575963.0,22504178.0,35558765.0,38051425.0,28243237.0,39419068.0,71286963.0,57702985.0,34250413.0,35836154.0,57762664.0,71750955.0,81106200.0,50182079.0,27582304.0,23354983.0,20632149.0,56261383.0,37659528.0,68604732.33,51.827,0.464658,56581006.4,37.7043,0.299267,44557478.6,23.9393,0.138016,39474658.93,18.0145,0.099075,41151127.5,12.9604,0.074224,42838364.97,8.3,0.048789
20261002,2328,廣宇,1295287.0,1214940.0,1592348.0,774116.0,797393.0,910755.0,1654590.0,3335413.0,1897340.0,1158324.0,1289323.0,1828166.0,1172502.0,1183172.0,1105719.0,1223229.0,1908851.0,1592227.0,1003854.0,2193699.0,2814892.0,2818061.0,1353486.0,1584646.0,4020637.0,1176022.0,1092532.0,1442496.0,7207652.0,1846796.0,1367525.0,31.5725,0.005642,1134816.8,22.8281,0.003634,1463050.6,8.8533,0.001676,1413959.2,6.1071,0.001203,1456562.4,4.4464,0.000901,1816282.27,2.3772,0.000592
20261002,2329,華泰,3082944.0,1772390.0,3783130.0,1151596.0,2017252.0,4444160.0,1910924.0,3381474.0,6081911.0,2682148.0,2165182.0,1213027.0,1594756.0,1348641.0,1444278.0,1206979.0,2702343.0,1460462.0,1438258.0,1940658.0,1267851.0,1537991.0,2294738.0,2027849.0,1906971.0,1913400.0,2306039.0,1061560.0,2014513.0,2175416.0,2879488.0,35.6886,0.01343,2361462.4,26.1105,0.00865,3030792.9,10.1721,0.003989,2538254.2,8.0973,0.002863,2341125.65,6.5843,0.002145,2177628.03,4.7191,0.00141
20261002,2330,台積電,15792206.0,20666092.0,34282491.0,26893348.0,14557662.0,22817873.0,22009927.0,16086510.0,40892688.0,18116974.0,20919285.0,15215752.0,21520958.0,21131357.0,19835796.0,17798845.0,28931697.0,26898329.0,14102018.0,14252351.0,25151394.0,31855287.0,32792740.0,15025832.0,19214481.0,19467241.0,13073210.0,18922480.0,23208612.0,18853682.0,23580263.0,22.324,0.068793,22438359.8,14.0761,0.044307,23211577.1,6.8036,0.020433,22049261.27,4.7748,0.014668,21636107.95,3.6495,0.010989,21676237.27,2.4285,0.007223
20261002,2331,精英,490150.0,700402.0,1099713.0,541430.0,549135.0,523795.0,640792.0,1485484.0,855006.0,1586624.0,1346881.0,728374.0,676819.0,795070.0,1035288.0,857982.0,1464358.0,1117475.0,1404987.0,2095707.0,704737.0,1150655.0,830398.0,832639.0,2329107.0,599727.0,862556.0,1331720.0,2802045.0,3844534.0,763421.67,21.4015,0.002135,676166.0,14.4979,0.001375,847253.1,5.7852,0.000634,870330.87,3.7545,0.000455,999773.6,2.4513,0.000341,1176119.67,1.3892,0.000224
20261002,2332,友訊,4314727.0,5301945.0,8101037.0,5216187.0,7152630.0,12406138.0,18928219.0,16764492.0,4549287.0,6289312.0,11634426.0,8493922.0,6382308.0,6713977.0,3561235.0,5860177.0,6674263.0,11587248.0,20151630.0,16755643.0,12562359.0,7775635.0,12241075.0,11733867.0,10448330.0,11410558.0,12714797.0,12989832.0,12717604.0,21007891.0,5905903.0,24.3526,0.018796,6017305.2,14.3411,0.012105,8902397.4,4.8467,0.005583,8387322.8,3.4296,0.004008,9341940.15,2.3093,0.003002,10414691.7,1.381,0.001974
20261002,2337,旺宏,19636645.0,16468161.0,31932411.0,15127999.0,18598874.0,27563389.0,24190725.0,26114015.0,64768504.0,29307672.0,22351849.0,28359737.0,22286124.0,22360977.0,25226210.0,33042026.0,58876929.0,28816682.0,29768667.0,47049932.0,18842579.0,31995454.0,35996291.0,30055663.0,42803957.0,23901798.0,39966925.0,30188173.0,50155092.0,107033213.0,22679072.33,28.8616,0.08554,20352818.0,19.2962,0.055093,27370839.5,7.1743,0.025408,26286219.47,4.9802,0.018239,29592376.4,3.3179,0.013664,33426222.43,1.9582,0.008982
20261002,2338,光罩,15644706.0,2741462.0,2755701.0,4039504.0,4013030.0,5684267.0,9962184.0,12226301.0,23519369.0,56292754.0,26655259.0,29585483.0,55395670.0,67315117.0,12836401.0,4444383.0,826344.0,934885.0,746049.0,1025652.0,857469.0,1532419.0,1715895.0,3248095.0,724663.0,992359.0,682696.0,642918.0,873032.0,1180366.0,7047289.67,73.9987,0.068151,5838880.6,53.588,0.043893,13687927.8,11.4296,0.020243,21911147.2,4.76,0.014531,16832226.05,4.6472,0.010886,11636481.1,4.4815,0.007156
20261002,2340,台亞,41777299.0,40533802.0,34478123.0,15628464.0,3550658.0,8672725.0,2849398.0,2473700.0,3839465.0,2641617.0,4536464.0,1931697.0,3265244.0,2286140.0,1559487.0,1795719.0,2018706.0,2793708.0,2360654.0,3250363.0,1835702.0,2906830.0,2840791.0,2869808.0,6095925.0,7533659.0,5924251.0,3693226.0,2026848.0,2185732.0,38929741.33,35.7715,0.181988,27193669.2,30.7258,0.117211,15644525.1,26.7041,0.054055,11334952.2,24.5714,0.038804,9112171.65,22.9239,0.029071,7338540.17,18.9762,0.019109
20261002,2342,茂矽,15524775.0,7460322.0,14272757.0,27339538.0,43473432.0,11049723.0,5155677.0,2115154.0,4777724.0,2423589.0,3781871.0,5432362.0,2550774.0,1300187.0,1441862.0,1143646.0,1940235.0,2873446.0,1592793.0,1556168.0,1500776.0,2791067.0,1166876.0,2224719.0,2354774.0,3716631.0,2354593.0,1221600.0,5716098.0,6997456.0,12419284.67,41.6685,0.067628,21614164.8,14.3654,0.043557,13359269.1,11.621,0.020087,9873316.47,10.4826,0.01442,7860301.75,9.8754,0.010803,6241687.5,8.2909,0.007101
20261002,2344,華邦電,74491648.0,64785773.0,85028121.0,45790945.0,51225813.0,70593992.0,97424949.0,76635914.0,138585216.0,120007010.0,83218538.0,71179694.0,123411883.0,74789115.0,67914754.0,140400625.0,222260653.0,118922555.0,100505993.0,161434224.0,83567943.0,136605515.0,398679210.0,153443947.0,139732644.0,85770151.0,99392300.0,114128808.0,110975479.0,183343610.0,74768514.0,33.2099,0.324496,64264460.0,23.1828,0.208995,82456938.1,9.034,0.096384,83005557.67,5.9829,0.069189,99430370.75,3.7459,0.051835,116474900.73,2.1318,0.034072
20261002,2345,智邦,5328800.0,5872368.0,7123574.0,4157981.0,2611500.0,4143392.0,3976822.0,3499481.0,5848473.0,4448162.0,3116998.0,2272078.0,3068576.0,4090126.0,2982489.0,4715389.0,6441295.0,2076808.0,2163787.0,2730824.0,3470248.0,5313838.0,4484579.0,2374655.0,2473876.0,3430799.0,1772738.0,2809274.0,4023971.0,3175218.0,6108247.33,29.0798,0.023213,5018844.6,21.2352,0.014951,4701055.3,11.3353,0.006895,4169388.0,8.5205,0.004949,4033446.15,6.6058,0.003708,3799937.3,4.6745,0.002437
20261002,2347,聯強,3426763.0,5965468.0,3253120.0,4671338.0,2371286.0,5073209.0,1932164.0,4649153.0,3513180.0,2713697.0,3211283.0,2705824.0,1958179.0,2484676.0,2850414.0,2043322.0,2774953.0,2680117.0,5869385.0,2677469.0,2624324.0,4443086.0,3095127.0,1841582.0,2015344.0,1544628.0,1514672.0,1748499.0,2827204.0,3645276.0,4215117.0,27.099,0.014927,3937595.0,17.4054,0.009614,3756937.8,9.1212,0.004434,3385316.93,6.7483,0.003183,3341250.0,5.128,0.002384,3070824.73,3.7197,0.001567
20261002,2348,海悅,160769.0,108740.0,207657.0,278973.0,237401.0,171124.0,322098.0,432867.0,2168062.0,1013530.0,590768.0,171609.0,278257.0,282334.0,267400.0,584752.0,314800.0,361862.0,286185.0,176989.0,80133.0,103375.0,245765.0,277047.0,321810.0,210474.0,240451.0,508538.0,278036.0,329840.0,159055.33,33.6925,0.0007,198708.0,16.1814,0.000451,510122.1,3.1516,0.000208,446105.93,2.4026,0.000149,420808.85,1.9102,0.000112,367054.87,1.46,7.4e-05
20261002,2348A,海悅甲特,14525.0,33049.0,4034.0,46010.0,83004.0,37000.0,19001.0,2025.0,25552.0,10087.0,12239.0,19224.0,7022.0,53000.0,16000.0,13529.0,43652.0,41018.0,36142.0,44834.0,11083.0,15000.0,39248.0,23840.0,8743.0,32072.0,21772.0,6000.0,11103.0,3000.0,17202.67,28.1449,6.3e-05,36124.4,8.0417,4.1e-05,27428.7,5.2955,1.9e-05,25451.47,3.8046,1.3e-05,28047.35,2.5894,1e-05,24426.93,1.9821,7e-06
20261002,2349,錸德,1128636.0,2276956.0,5431197.0,1158181.0,941000.0,1017506.0,1272538.0,1713124.0,1979036.0,1241917.0,1391804.0,1210342.0,1259919.0,1355048.0,1658457.0,1579201.0,1765906.0,1843799.0,1141475.0,2347095.0,953793.0,1100972.0,1423804.0,1435342.0,1655749.0,1370083.0,791703.0,936114.0,1869318.0,1695909.0,2945596.33,12.772,0.004917,2187194.0,10.3204,0.003167,1816009.1,6.2149,0.00146,1669044.07,4.5081,0.001048,1685656.85,3.3478,0.000785,1564864.13,2.4041,0.000516
20261002,2351,順德,3165920.0,3449076.0,6834221.0,3820238.0,5399123.0,6000073.0,3789121.0,2557086.0,4374655.0,3806561.0,11722519.0,12699025.0,13791973.0,3662954.0,10269147.0,5065821.0,6840234.0,7241569.0,6731626.0,3696561.0,5421346.0,5235791.0,5565662.0,7423298.0,19231190.0,5733030.0,7898021.0,2540595.0,7890194.0,6304957.0,4483072.33,23.5398,0.013791,4533715.6,13.9661,0.008882,4319607.4,7.3292,0.004096,6356112.8,3.3206,0.002941,6245875.15,2.5344,0.002203,6605386.23,1.5976,0.001448
20261002,2352,佳世達,3067011.0,3305366.0,5731705.0,3583810.0,2247808.0,3002643.0,4168335.0,8883719.0,4537456.0,6215571.0,5900535.0,3647989.0,4629908.0,2516741.0,4113727.0,2385790.0,2485220.0,5778552.0,7864250.0,7278956.0,3477673.0,3499616.0,4458726.0,2871377.0,3735153.0,4009545.0,1844453.0,2948055.0,5685629.0,5705505.0,4034694.0,25.3387,0.01336,3587140.0,17.1,0.008605,4474342.4,6.8547,0.003968,4370154.93,4.6787,0.002849,4567254.6,3.3576,0.002134,4319360.8,2.3669,0.001403
20261002,2353,宏碁,13319795.0,10102356.0,10089843.0,6310399.0,8866691.0,12083698.0,18207801.0,13720271.0,24075941.0,19345151.0,18042980.0,9020306.0,11658204.0,9509718.0,6824128.0,14459020.0,23191817.0,29046453.0,40071025.0,19934079.0,18102445.0,13430684.0,11097480.0,8501451.0,8344432.0,8644574.0,12582129.0,8315197.0,12354545.0,15383939.0,11170664.67,39.7464,0.058023,9737816.8,27.3568,0.03737,13612194.6,9.7852,0.017234,12745152.13,6.9672,0.012372,15893983.8,4.1902,0.009269,14487885.07,3.0646,0.006092
20261002,2354,鴻準,8981747.0,21963245.0,8525278.0,4886601.0,6193563.0,6468244.0,8906567.0,6500860.0,14437974.0,25062428.0,6149398.0,6936955.0,8630064.0,18151328.0,6839936.0,6918738.0,16276643.0,11567781.0,12470759.0,17792867.0,15446703.0,24380122.0,14111640.0,19092306.0,34175771.0,5409560.0,2904574.0,3291872.0,7265810.0,8098369.0,13156756.67,22.7557,0.039126,10110086.8,17.7679,0.025199,11192650.7,8.0247,0.011621,10575612.53,5.6619,0.008342,11183048.8,4.0158,0.00625,11927923.43,2.51,0.004108
20261002,2355,敬鵬,4145813.0,1319934.0,1399726.0,1204852.0,1176852.0,1214244.0,1690137.0,1131618.0,1383545.0,2293520.0,1128035.0,1165926.0,945997.0,1370968.0,1154320.0,1381518.0,1267634.0,1259759.0,1236989.0,2105214.0,1054166.0,971388.0,1704254.0,3413554.0,4962179.0,2059881.0,1292180.0,966026.0,2578905.0,2153952.0,2288491.0,60.3864,0.01806,1849435.4,44.8333,0.011632,1696024.1,24.4443,0.005364,1515032.47,18.243,0.003851,1498830.05,13.8302,0.002885,1704436.2,8.1079,0.001896
20261002,2356,英業達,11624754.0,8414140.0,11590267.0,9470802.0,10394874.0,14243662.0,8627488.0,6876074.0,22101084.0,7811109.0,8635681.0,9229037.0,8218311.0,9980073.0,15958979.0,15028143.0,36613724.0,24974529.0,27074525.0,16089639.0,22335535.0,13332052.0,21537788.0,12171652.0,13825809.0,12955703.0,12846904.0,12579251.0,15165045.0,19434188.0,10543053.67,36.7533,0.050639,10298967.4,22.5746,0.032615,11115425.4,10.4582,0.015041,10878422.33,7.124,0.010797,14147844.75,4.1083,0.008089,14638027.4,2.6472,0.005317
20261002,2357,華碩,1166554.0,1566104.0,2057274.0,2455352.0,1296816.0,1349204.0,1339183.0,2037308.0,4548145.0,3407956.0,2547613.0,2598522.0,2899208.0,5904124.0,2481872.0,1855419.0,4968506.0,5002793.0,5102743.0,3213248.0,3736142.0,5653878.0,5187639.0,1844300.0,1739150.0,3391704.0,1674244.0,1887246.0,2985654.0,4642726.0,1596644.0,24.3543,0.005082,1708420.0,13.6565,0.003273,2122389.6,5.4964,0.001509,2510349.0,3.098,0.001084,2889897.2,2.0183,0.000812,3018020.9,1.2884,0.000534
20261002,2359,所羅門,1036629.0,889565.0,1004251.0,731248.0,878250.0,1693806.0,2066213.0,1587213.0,3264025.0,3550735.0,1372642.0,2049232.0,1404871.0,2493198.0,2867695.0,3571073.0,4778130.0,2129495.0,2839159.0,8437786.0,4355295.0,4432539.0,3235770.0,4630305.0,7749798.0,3811992.0,6013586.0,10440621.0,25062383.0,34472242.0,976815.0,35.3745,0.004516,907988.6,22.8335,0.002908,1670193.5,6.2066,0.001341,1792638.2,3.8551,0.000963,2432260.8,2.131,0.000721,5094991.57,0.6782,0.000474
20261002,2360,致茂,3514487.0,2619905.0,2716984.0,2434644.0,1992029.0,2628143.0,2946819.0,3796584.0,2681171.0,1269378.0,1119387.0,985458.0,1183735.0,2248955.0,2516953.0,4875142.0,4951555.0,1744981.0,1618618.0,1935146.0,1235243.0,1537485.0,2334427.0,1899216.0,1875972.0,2424062.0,1048016.0,1573161.0,3397570.0,1727158.0,2950458.67,39.7055,0.01531,2655609.8,26.4684,0.00986,2660014.4,13.2123,0.004547,2310308.8,10.1415,0.003264,2489003.7,7.06,0.002446,2294412.8,5.1059,0.001607
20261002,2362,藍天,333270.0,479520.0,457594.0,544757.0,236155.0,249431.0,407063.0,279293.0,682664.0,1275287.0,358490.0,613204.0,546153.0,641879.0,416238.0,548092.0,784543.0,1176387.0,2070709.0,1806815.0,1213835.0,869171.0,811000.0,1120083.0,905865.0,1145710.0,1427228.0,777376.0,842228.0,1259041.0,423461.33,26.2338,0.001452,410259.2,16.2468,0.000935,494503.4,6.7395,0.000431,501399.87,4.4312,0.00031,695377.2,2.3963,0.000232,809302.7,1.3727,0.000152
20261002,2363,矽統,15579464.0,9203056.0,7012027.0,4883360.0,7602462.0,13048631.0,45225870.0,14131099.0,11333532.0,6735653.0,3055894.0,2106753.0,3662831.0,4409621.0,6439476.0,9273351.0,15792771.0,9168337.0,1964400.0,3454519.0,1919873.0,4380842.0,3164672.0,5590442.0,2743280.0,1927373.0,4165416.0,1788029.0,2060933.0,3297620.0,10598182.33,49.0004,0.067866,8856073.8,35.1837,0.04371,13475515.4,11.5613,0.020158,10295315.27,10.0884,0.01447,9704155.35,8.0272,0.010841,7504052.9,6.9205,0.007126
20261002,2364,倫飛,130790.0,81552.0,74242.0,94006.0,87979.0,178345.0,359018.0,371238.0,165798.0,315177.0,106938.0,164571.0,299388.0,241398.0,535795.0,146441.0,206131.0,381124.0,285482.0,365778.0,335109.0,435131.0,481805.0,1823497.0,1254025.0,595841.0,1241349.0,470389.0,544443.0,1194049.0,95528.0,45.6376,0.00057,93713.8,27.9126,0.000367,185814.5,7.0387,0.000169,213749.0,4.0792,0.000121,229559.55,2.8487,9.1e-05,432227.63,1.0087,6e-05
20261002,2365,昆盈,536724.0,666337.0,741030.0,572445.0,295591.0,355690.0,693529.0,966559.0,952791.0,909951.0,402273.0,781512.0,429993.0,448380.0,416887.0,396993.0,581252.0,788997.0,743600.0,1648097.0,1046821.0,747245.0,556347.0,733659.0,1010863.0,919441.0,2621487.0,2614895.0,916286.0,1331884.0,648030.33,27.608,0.002338,562425.4,19.0861,0.001506,669064.7,8.022,0.000694,611312.8,5.8532,0.000499,666431.55,4.0269,0.000373,860918.63,2.0781,0.000245
20261002,2367,燿華,7376988.0,3785466.0,4608523.0,2486323.0,1869210.0,2188341.0,4598038.0,3540050.0,3110152.0,5741233.0,2308835.0,2130451.0,2848739.0,2077151.0,2982109.0,3099873.0,2966685.0,3156776.0,3650974.0,3746634.0,2779214.0,3985572.0,6123892.0,8066316.0,14398173.0,6858809.0,2931547.0,2322788.0,4079271.0,3808962.0,5256992.33,46.7757,0.032135,4025302.0,36.6531,0.020697,3930432.4,18.7689,0.009545,3443440.6,14.2822,0.006852,3413627.55,10.8052,0.005133,4120903.17,5.9671,0.003374
20261002,2368,金像電,7170519.0,9076956.0,19360258.0,8818025.0,15757587.0,14173667.0,8317821.0,7314499.0,11142009.0,13646634.0,5363645.0,6666940.0,4733419.0,4402634.0,4431064.0,5814207.0,4987962.0,8130245.0,9549227.0,9171589.0,6246961.0,12953799.0,20981904.0,10783533.0,6091630.0,8709942.0,4900373.0,7379773.0,10290635.0,14252328.0,11869244.33,20.1375,0.031236,12036669.0,11.9145,0.020118,11477797.5,6.2473,0.009278,9358378.47,5.1081,0.00666,8901445.35,4.0277,0.00499,9353992.83,2.5552,0.00328
20261002,2369,菱生,3431170.0,3071153.0,5052431.0,4196281.0,3015587.0,9660088.0,8673963.0,22679351.0,11717957.0,8084381.0,1975232.0,1907224.0,2074841.0,2514939.0,3350233.0,3213672.0,4146317.0,3238010.0,2779791.0,4337390.0,2810135.0,3928935.0,5092594.0,9172929.0,4626268.0,3977086.0,8377204.0,2669511.0,4137296.0,5030195.0,3851584.67,29.6949,0.014947,3753324.4,18.2834,0.009627,7958236.2,4.3115,0.00444,6093655.4,3.7538,0.003187,5456000.55,3.1444,0.002388,5298072.13,2.1588,0.001569
20261002,2371,大同,18900562.0,33538127.0,25702091.0,9023803.0,7247738.0,9455724.0,10913053.0,21014487.0,22977802.0,31989217.0,5338154.0,7713128.0,8675389.0,4457513.0,2779360.0,3358862.0,3759948.0,5199594.0,7257358.0,6720599.0,6156837.0,9887622.0,8630372.0,18419762.0,36297869.0,7019152.0,7303019.0,6031020.0,13666275.0,11657988.0,26046926.67,24.1878,0.082334,18882464.2,20.0192,0.053028,19076260.4,9.9079,0.024455,14648409.87,8.6019,0.017555,12301125.45,7.6825,0.013152,12369747.5,5.0932,0.008645
20261002,2373,震旦行,35662.0,12490.0,26281.0,27189.0,4080.0,9377.0,16414.0,21013.0,25342.0,43341.0,12054.0,39389.0,25324.0,21731.0,18140.0,14338.0,23076.0,51086.0,33919.0,23316.0,34260.0,40564.0,36591.0,17900.0,56198.0,29233.0,23372.0,18905.0,44556.0,24403.0,24811.0,47.9115,0.000155,21140.4,33.7382,0.0001,22118.9,16.1229,4.6e-05,22521.8,10.5563,3.3e-05,24178.1,7.3749,2.5e-05,26984.8,4.4052,1.6e-05
20261002,2374,佳能,1054100.0,1221265.0,1452171.0,1129796.0,953374.0,1403987.0,2016256.0,1469145.0,2134134.0,1895364.0,2119041.0,1326411.0,1434174.0,1827659.0,1450803.0,1914505.0,4149447.0,1894942.0,1527219.0,4401779.0,4638888.0,2622237.0,1909597.0,1943095.0,3062002.0,5051998.0,2351451.0,4136830.0,1850802.0,2515816.0,1242512.0,28.2787,0.004592,1162141.2,18.1407,0.002957,1472959.2,7.1563,0.001364,1525845.33,4.6055,0.000979,1838778.6,2.8663,0.000733,2228609.6,1.5766,0.000482
20261002,2375,凱美,5894540.0,8440304.0,1118973.0,943463.0,1160416.0,2084692.0,1962353.0,2369137.0,1337451.0,1988463.0,1325231.0,1600067.0,1883815.0,2981405.0,2563160.0,1955136.0,2195567.0,4885326.0,6198270.0,2882822.0,1788981.0,5031478.0,5263981.0,19479806.0,6789258.0,2028884.0,1641092.0,2168985.0,8542415.0,2945547.0,5151272.33,38.1429,0.025677,3511539.2,33.5724,0.016538,2729979.2,21.5919,0.007627,2510231.33,15.6547,0.005475,2788529.55,10.5693,0.004102,3715033.93,5.2889,0.002696
20261002,2376,技嘉,9164965.0,4284244.0,4868638.0,8243400.0,3778913.0,3929451.0,6797095.0,11634817.0,6645773.0,4850854.0,4050554.0,2237694.0,2974248.0,3432007.0,5228028.0,4694218.0,6385642.0,5309018.0,7465984.0,8179674.0,4930389.0,5668751.0,6432000.0,3524293.0,3971732.0,5282809.0,2793179.0,3485613.0,6754187.0,13207225.0,6105949.0,50.033,0.039924,6068032.0,30.2074,0.025713,6419815.0,14.2761,0.011858,5474712.07,11.1604,0.008513,5707760.85,8.0285,0.006377,5673513.17,5.3847,0.004192
20261002,2377,微星,4570302.0,3015613.0,3325440.0,2346623.0,2626362.0,6135394.0,4830764.0,5796230.0,7158499.0,6751254.0,6238224.0,3410222.0,7169742.0,8830213.0,14870048.0,9979063.0,9119002.0,14300757.0,23321408.0,13700696.0,7932496.0,11358673.0,17731986.0,5427942.0,8772588.0,6865243.0,6263930.0,5039691.0,12788664.0,15368582.0,3637118.33,41.8857,0.019909,3176868.0,28.7724,0.012822,4655648.1,9.8167,0.005913,5804995.33,5.2487,0.004245,7874792.8,2.9019,0.00318,8501521.7,1.792,0.00209
20261002,2379,瑞昱,1632949.0,3150180.0,2067727.0,3051454.0,2829985.0,4887225.0,3730412.0,2964925.0,2568530.0,3100032.0,2540007.0,1859893.0,2719038.0,1978660.0,2830332.0,3051594.0,4835169.0,2781018.0,1403920.0,2920738.0,2825186.0,2713152.0,3002274.0,1158002.0,1897989.0,1205547.0,927419.0,1902188.0,3967481.0,2427476.0,2283618.67,23.8357,0.007113,2546459.0,12.8253,0.004581,2998341.9,5.4462,0.002113,2794089.93,3.8962,0.001517,2845189.4,2.8697,0.001136,2631016.73,2.0688,0.000747
20261002,2380,虹光,62036.0,41137.0,84939.0,53213.0,21860.0,38957.0,91768.0,123846.0,160793.0,410706.0,106155.0,37785.0,111105.0,165483.0,81399.0,48527.0,225463.0,160775.0,57979.0,126746.0,80697.0,85704.0,52395.0,142152.0,92120.0,210293.0,56733.0,49261.0,158973.0,82216.0,62704.0,32.9782,0.00027,52637.0,23.5713,0.000174,108925.5,5.6953,8e-05,106078.8,3.8987,5.8e-05,110533.6,2.8062,4.3e-05,107373.87,1.9259,2.8e-05
20261002,2382,廣達,10305780.0,14875737.0,12063193.0,10639698.0,10593247.0,9982467.0,11292711.0,8285050.0,21601445.0,16289321.0,16995268.0,7988351.0,8031414.0,11011208.0,13496818.0,26249566.0,35435507.0,13614465.0,20571056.0,11868856.0,9424750.0,14159329.0,18306869.0,10708500.0,11606946.0,8806245.0,5764547.0,8751856.0,16525261.0,14129868.0,12414903.33,27.6705,0.044893,11695531.0,17.6234,0.028914,12592864.9,8.1838,0.013335,12230113.87,5.6177,0.009572,14559557.9,3.5392,0.007171,13645844.3,2.5174,0.004714
20261002,2383,台光電,2397410.0,1363430.0,1549084.0,2146878.0,2346653.0,2450930.0,2101406.0,2394262.0,3783127.0,5813349.0,1686031.0,1525730.0,1226363.0,1100726.0,1367538.0,1752002.0,1474956.0,1515921.0,1701788.0,1640346.0,1489933.0,1770102.0,1999204.0,1984693.0,3476220.0,1871519.0,1846142.0,2568603.0,2964237.0,1795806.0,1769974.67,45.1496,0.010443,1960691.0,24.4547,0.006726,2634652.9,9.0995,0.003102,2216861.13,7.2096,0.002227,2066896.5,5.7995,0.001668,2103479.63,3.7991,0.001097
20261002,2385,群光,1804741.0,1776109.0,2617470.0,2244933.0,1411766.0,1863148.0,2196662.0,1252368.0,6299012.0,2372980.0,2414053.0,1455229.0,1337247.0,1802172.0,2998204.0,2563442.0,5370064.0,2873493.0,3413888.0,3457217.0,2450331.0,4935093.0,4667984.0,2669074.0,4922240.0,1754372.0,1005275.0,1488807.0,2195357.0,2018026.0,2066106.67,29.1166,0.007862,1971003.8,18.3129,0.005063,2383918.9,7.5705,0.002335,2256406.27,5.3322,0.001676,2576209.9,3.5027,0.001256,2654358.57,2.2664,0.000825
20261002,2387,精元,371925.0,142099.0,178317.0,164403.0,104425.0,247210.0,264445.0,208476.0,253185.0,167575.0,134450.0,121236.0,122570.0,209808.0,140519.0,265003.0,236438.0,327098.0,354164.0,238660.0,214686.0,252038.0,159160.0,251367.0,120125.0,257316.0,219937.0,164106.0,223651.0,878526.0,230780.33,53.7199,0.00162,192233.8,38.6951,0.001043,210206.0,17.6934,0.000481,188709.53,13.1392,0.000345,212600.3,8.747,0.000259,233097.27,5.3186,0.00017
20261002,2388,威盛,1856104.0,3772346.0,2586687.0,2745942.0,2490248.0,5920538.0,4635969.0,2376608.0,2818265.0,4760943.0,2250709.0,3721940.0,2929348.0,2593225.0,1974089.0,3223793.0,8501828.0,8928166.0,14272565.0,6337270.0,5310277.0,2051162.0,1997572.0,1551472.0,2004474.0,3026628.0,2214243.0,1624702.0,4145321.0,6220398.0,2738379.0,22.5937,0.008085,2690265.4,13.7987,0.005208,3396365.0,5.465,0.002402,3162197.4,3.9131,0.001724,4434829.15,2.0926,0.001292,3961427.73,1.5618,0.000849
20261002,2390,云辰,288005.0,247599.0,296395.0,264078.0,91320.0,207215.0,266467.0,339673.0,245092.0,771990.0,299844.0,239914.0,613149.0,801841.0,565847.0,371602.0,346689.0,548616.0,391211.0,503919.0,296388.0,329944.0,398180.0,456284.0,636796.0,674924.0,454732.0,565778.0,336480.0,390631.0,277333.0,34.616,0.001255,237479.4,24.2552,0.000808,301783.4,9.5434,0.000373,369228.6,5.2001,0.000268,385023.3,3.7401,0.0002,408020.1,2.3529,0.000132
20261002,2392,正崴,751476.0,893005.0,2838358.0,2296930.0,1407640.0,2255184.0,4808572.0,5140025.0,1624174.0,1560844.0,1933367.0,1985053.0,1985279.0,2532212.0,1572885.0,1690380.0,3507000.0,3278504.0,3267943.0,4625829.0,2780697.0,5269563.0,14226070.0,7275128.0,8847109.0,5149062.0,7794623.0,2545941.0,3782138.0,7050849.0,1494279.67,16.7634,0.003274,1637481.8,9.1784,0.002108,2357620.8,3.1874,0.000972,2239000.27,2.2375,0.000698,2497733.0,1.5043,0.000523,3822528.0,0.6553,0.000344
20261002,2393,億光,2465307.0,1196217.0,1624941.0,1548656.0,1785998.0,1595122.0,1412826.0,747378.0,2793120.0,1435863.0,1856784.0,516010.0,877525.0,833766.0,1072360.0,1198834.0,1115350.0,1601153.0,787223.0,1109407.0,1241673.0,1832843.0,2325359.0,1325441.0,1246373.0,2560420.0,1338772.0,1657905.0,2041209.0,2430540.0,1762155.0,46.6343,0.010739,1724223.8,28.5961,0.006917,1660542.8,14.8464,0.00319,1450791.53,11.3286,0.00229,1378692.0,8.9407,0.001715,1519145.83,5.4094,0.001128
20261002,2395,研華,2331301.0,1657283.0,2193924.0,3797824.0,2762561.0,1934433.0,1756338.0,2085226.0,3490854.0,3120413.0,2260135.0,3502426.0,2641185.0,4777433.0,1508918.0,2357531.0,4049282.0,3571608.0,5020071.0,2965759.0,3182937.0,4999424.0,3307652.0,1322160.0,2106037.0,2326596.0,1514328.0,4085882.0,4739840.0,3694299.0,2060836.0,37.708,0.010155,2548578.6,18.2949,0.006541,2513015.7,9.2769,0.003016,2654683.6,5.8546,0.002165,2889225.25,4.0345,0.001622,2968788.67,2.6176,0.001066
20261002,2397,友通,200092.0,77471.0,104686.0,205189.0,100308.0,102718.0,280755.0,170106.0,228084.0,386125.0,101389.0,136367.0,100900.0,255543.0,164061.0,306684.0,440127.0,225082.0,204498.0,331889.0,107257.0,228636.0,184514.0,177635.0,220008.0,147341.0,132802.0,296582.0,367239.0,807373.0,127416.33,52.346,0.000872,137549.2,29.0939,0.000561,185553.4,10.7835,0.000259,174252.93,7.6552,0.000186,206103.7,4.8542,0.000139,226382.03,2.9462,9.2e-05
20261002,2399,映泰,8735540.0,18929412.0,4266570.0,9457571.0,1726908.0,2273475.0,8029229.0,11211179.0,7612044.0,18069855.0,5827804.0,4643801.0,1673585.0,2215732.0,1440253.0,1794361.0,3464596.0,7405380.0,11766820.0,3744046.0,3822478.0,2523208.0,3236845.0,4144948.0,4989692.0,10112134.0,13956847.0,5190928.0,2875032.0,5368706.0,10643840.67,27.3571,0.038053,8623200.2,20.2606,0.024509,9031178.3,9.6726,0.011303,7074197.2,8.2323,0.008114,6714408.05,6.5051,0.006079,6350299.3,4.5854,0.003996
20261002,2401,凌陽,5358097.0,6341638.0,4146961.0,2382079.0,1298421.0,1861501.0,3057885.0,4848287.0,3184304.0,2242550.0,1394388.0,1721054.0,1546162.0,2658941.0,1413438.0,1341911.0,2278556.0,1719854.0,2130021.0,2404067.0,1189251.0,2272441.0,1911228.0,1770783.0,2009516.0,1826895.0,2074063.0,1367854.0,4083460.0,4165772.0,5282232.0,33.8121,0.023341,3905439.2,27.4392,0.015033,3472172.3,15.4315,0.006933,2897047.07,12.33,0.004977,2666505.75,10.047,0.003728,2533379.27,7.05,0.002451
20261002,2402,毅嘉,2669039.0,1592787.0,3323935.0,2274646.0,860023.0,745947.0,960980.0,758230.0,796270.0,815040.0,592487.0,1091415.0,756777.0,1034429.0,796849.0,1068658.0,1590173.0,1311538.0,1420518.0,2415106.0,4781802.0,6075518.0,7201865.0,1135408.0,1575205.0,1074330.0,1431635.0,1211116.0,1203708.0,1560436.0,2528587.0,35.1849,0.011627,2144086.0,24.8968,0.007488,1479689.7,18.0378,0.003453,1271256.93,13.9969,0.002479,1343742.35,9.9314,0.001857,1804195.67,4.9312,0.001221
20261002,2404,漢唐,2191273.0,1828034.0,3585103.0,3026743.0,2827024.0,5162606.0,1655529.0,2092541.0,3305776.0,636296.0,746369.0,965057.0,976489.0,1637345.0,674867.0,1187583.0,651640.0,951408.0,1780078.0,1457353.0,2371343.0,1513709.0,1469391.0,1240100.0,1452608.0,687620.0,596604.0,835869.0,1111902.0,1191488.0,2534803.33,28.8158,0.009546,2691635.4,16.2821,0.006148,2631092.5,8.3284,0.002835,2087403.47,6.9984,0.002035,1866955.7,5.8686,0.001525,1660324.93,4.3993,0.001002
20261002,2405,輔信,597635.0,1893686.0,1249040.0,728911.0,637095.0,953506.0,1226085.0,788492.0,1086363.0,1083829.0,487701.0,497201.0,488360.0,991005.0,1244606.0,811272.0,568800.0,1064013.0,921648.0,1428440.0,812413.0,599052.0,761774.0,665500.0,841381.0,618885.0,871812.0,615770.0,622595.0,991706.0,1246787.0,15.978,0.002603,1021273.4,11.7037,0.001677,1024464.2,5.8336,0.000773,930234.33,4.283,0.000555,937384.4,3.1878,0.000416,871619.2,2.2855,0.000273
20261002,2406,國碩,5205433.0,6902322.0,18980568.0,4945789.0,10613029.0,7690881.0,33061443.0,12317610.0,4682700.0,1984659.0,1661791.0,1698955.0,1734464.0,3041349.0,2722263.0,2266549.0,2237101.0,2054941.0,3061571.0,4151276.0,2962726.0,2884365.0,3132529.0,3080599.0,2763451.0,3213169.0,2958296.0,1856551.0,2916471.0,4189618.0,10362774.33,16.744,0.022676,9329428.2,11.1592,0.014604,10638443.4,4.893,0.006735,7816217.07,4.4399,0.004835,6550734.7,3.9732,0.003622,5365748.97,3.2337,0.002381
20261002,2408,南亞科,36677068.0,27085390.0,40070207.0,24966274.0,40244712.0,62507257.0,63282202.0,34499395.0,79512606.0,44996045.0,36437142.0,34239430.0,49215000.0,38482147.0,38162049.0,37518171.0,76221279.0,57088818.0,75118695.0,123832867.0,52916302.0,82818290.0,191074130.0,77043671.0,87535752.0,61614233.0,71724193.0,65354270.0,69073927.0,85564983.0,34610888.33,35.3232,0.159771,33808730.2,21.6968,0.102902,45384115.6,8.0815,0.047456,43358461.6,5.6394,0.034066,51007837.7,3.5952,0.025522,62162550.17,1.9667,0.016776
20261002,2409,友達,701554317.0,932903295.0,432086519.0,539771575.0,542503236.0,948644349.0,1162430621.0,822971740.0,348900833.0,368721904.0,262801666.0,238024652.0,311779520.0,519203137.0,497017089.0,590064949.0,623892482.0,523099639.0,158253125.0,440835576.0,117900028.0,107148029.0,162039205.0,126685578.0,58110008.0,62561686.0,72335126.0,53047576.0,134445281.0,152715952.0,688848043.67,33.9482,3.056072,629763788.4,22.2799,1.96829,680048838.9,10.3162,0.907736,575287630.2,8.1299,0.651617,548273011.2,6.3979,0.488174,400414956.43,5.8402,0.320884
20261002,2412,中華電,10009961.0,8628434.0,10607859.0,11652180.0,6311915.0,8326189.0,5469034.0,9034372.0,28080563.0,15263938.0,14825696.0,16914018.0,18796712.0,14548634.0,7123138.0,9797074.0,11188451.0,8953714.0,7383449.0,13060255.0,10960892.0,6889714.0,15450910.0,11702399.0,5614668.0,7842434.0,7091132.0,5317550.0,7035614.0,13920823.0,9748751.33,34.2265,0.043605,9442069.8,21.2029,0.028084,11338444.5,8.8283,0.012952,12372842.87,5.3935,0.009297,11798779.3,4.2419,0.006965,10926724.07,3.0537,0.004578
20261002,2413,環科,1936535.0,2839552.0,1359582.0,1495022.0,2307936.0,4902538.0,8885890.0,24916387.0,9428955.0,17418227.0,6868994.0,3950916.0,5380592.0,5052523.0,17578352.0,9956309.0,4634982.0,9650289.0,4428068.0,477695.0,316220.0,432385.0,348305.0,487266.0,521601.0,552548.0,471162.0,287091.0,622702.0,582482.0,2045223.0,31.5619,0.008436,1987725.4,19.4849,0.005433,7549062.4,2.5653,0.002506,7621466.73,1.6939,0.001799,7173467.2,1.3498,0.001348,4936370.2,1.3077,0.000886
20261002,2414,精技,96131.0,47056.0,84155.0,94978.0,50580.0,82328.0,85291.0,144199.0,113074.0,121659.0,103942.0,129546.0,84813.0,229635.0,115225.0,295390.0,146537.0,120682.0,50786.0,102212.0,86349.0,87972.0,117499.0,149970.0,97084.0,184852.0,260669.0,176846.0,269736.0,286328.0,75780.67,42.2848,0.000419,74580.0,25.7793,0.00027,91945.1,10.4553,0.000124,105507.47,6.0742,8.9e-05,114910.95,4.1828,6.7e-05,133850.8,2.394,4.4e-05
20261002,2415,錩新,130591.0,81248.0,97264.0,133360.0,114450.0,113718.0,138241.0,48330.0,71371.0,126797.0,42025.0,39205.0,132718.0,107543.0,49993.0,110374.0,179099.0,146843.0,123437.0,234676.0,107187.0,184808.0,152858.0,254732.0,456079.0,281344.0,282032.0,140782.0,65261.0,125671.0,103034.33,42.2484,0.000569,111382.6,23.4491,0.000366,105537.0,12.374,0.000169,95123.6,9.1524,0.000121,111064.15,5.8791,9.1e-05,142401.23,3.0569,6e-05
20261002,2417,圓剛,315091.0,226049.0,300977.0,289907.0,260302.0,383511.0,316734.0,341658.0,325813.0,413782.0,178001.0,277605.0,187390.0,290606.0,613494.0,547565.0,916301.0,1566719.0,378620.0,622140.0,452862.0,348821.0,340463.0,941603.0,1083792.0,408926.0,547503.0,634436.0,2728888.0,794900.0,280705.67,37.4165,0.001373,278465.2,22.6305,0.000884,317382.4,9.9278,0.000408,314728.0,6.6744,0.000293,437613.25,3.6001,0.000219,567815.3,1.8497,0.000144
20261002,2419,仲琦,952057.0,868654.0,1515464.0,1112751.0,928764.0,1737308.0,8485769.0,10193931.0,1343637.0,1787710.0,883317.0,493599.0,677622.0,966605.0,1110309.0,1077601.0,1284774.0,1666405.0,3179347.0,13313309.0,2493846.0,362632.0,318240.0,294908.0,527490.0,412450.0,168790.0,213419.0,368018.0,349187.0,1112058.33,28.5374,0.004147,1075538.0,17.7038,0.002671,2892604.5,3.2913,0.001232,2203833.13,2.88,0.000884,2678946.65,1.7769,0.000662,1969597.1,1.6113,0.000435
20261002,2420,新巨,710978.0,1734967.0,290433.0,168026.0,99586.0,181386.0,228341.0,96630.0,255625.0,322778.0,174632.0,233052.0,221092.0,439223.0,278171.0,319157.0,326120.0,194989.0,206377.0,194651.0,200073.0,288344.0,300417.0,408121.0,575866.0,901896.0,526562.0,505933.0,697876.0,837504.0,912126.0,25.9824,0.003097,600798.0,23.6678,0.001995,408875.0,17.3886,0.00092,362328.0,13.0817,0.00066,333810.7,10.6494,0.000495,397293.53,5.9652,0.000325
20261002,2421,建準,1705201.0,1500134.0,2575748.0,1737849.0,1839727.0,1706218.0,1829549.0,1442731.0,3294198.0,2197326.0,1439873.0,2719238.0,2126649.0,2503930.0,1957046.0,4682920.0,3308402.0,6516903.0,8051994.0,4870989.0,6794329.0,12942807.0,21013490.0,8387615.0,13351450.0,2780994.0,1242470.0,924879.0,1663081.0,1976757.0,1927027.67,29.4962,0.007428,1871731.8,18.2206,0.004784,1982868.1,8.5997,0.002206,2038361.13,5.577,0.001584,2900331.25,2.9397,0.001187,4302816.57,1.321,0.00078
20261002,2423,固緯,129843.0,155965.0,156525.0,128162.0,132973.0,40022.0,54090.0,35506.0,56321.0,50341.0,91323.0,44303.0,62401.0,121367.0,132928.0,36247.0,38462.0,38038.0,112258.0,70598.0,48380.0,52626.0,67445.0,101661.0,78803.0,141791.0,77449.0,109560.0,208166.0,106289.0,147444.33,29.3541,0.000566,140693.6,18.4576,0.000364,93974.8,13.8168,0.000168,92804.67,9.3273,0.000121,84383.65,7.6936,9e-05,89328.1,4.8452,5.9e-05
20261002,2424,隴華,34407.0,29020.0,21000.0,31369.0,22000.0,12394.0,29398.0,15010.0,36920.0,109468.0,107671.0,16185.0,49000.0,139000.0,11166.0,24522.0,26004.0,7000.0,24412.0,7000.0,43565.0,32000.0,29000.0,13405.0,34418.0,22213.0,17304.0,4187.0,24000.0,7105.0,28142.33,40.7536,0.00015,27559.2,24.9695,9.7e-05,34098.6,10.0904,4.5e-05,44267.2,5.1817,3.2e-05,37647.3,4.5697,2.4e-05,32671.43,3.5104,1.6e-05
20261002,2425,承啟,424753.0,472709.0,379607.0,320575.0,263492.0,297968.0,592075.0,884121.0,366068.0,444296.0,371471.0,539910.0,553074.0,725103.0,383432.0,439668.0,546180.0,751168.0,969164.0,1158056.0,566300.0,599173.0,773546.0,657898.0,919810.0,855739.0,1137563.0,2150436.0,2335355.0,3761925.0,425689.67,33.26,0.00185,372227.2,22.8222,0.001192,444566.4,9.5543,0.00055,467910.27,6.0518,0.000395,544144.5,3.9029,0.000296,821354.5,1.7238,0.000194
20261002,2426,鼎元,30702529.0,60579280.0,65671370.0,26792812.0,28496177.0,25571698.0,32316192.0,21381046.0,51478754.0,62010959.0,50843543.0,26180761.0,29582354.0,50681192.0,27182324.0,56170188.0,39992731.0,61028043.0,62192930.0,52236548.0,78465633.0,68553081.0,86618154.0,61918218.0,96713278.0,82191163.0,63455238.0,28510396.0,10941512.0,21819339.0,52317726.33,19.5616,0.133745,42448433.6,14.4658,0.086139,40500081.7,7.5809,0.039726,39298066.07,5.2085,0.028517,43054571.55,3.5655,0.021364,48675914.77,2.1025,0.014043
20261002,2427,三商電,373326.0,326919.0,674941.0,268772.0,500406.0,433015.0,568193.0,1734660.0,1483762.0,1366218.0,3954120.0,5301477.0,2546117.0,885909.0,333139.0,259910.0,455247.0,431920.0,220034.0,323507.0,166706.0,338947.0,202269.0,198118.0,285829.0,310945.0,202713.0,187085.0,289787.0,499452.0,458395.33,27.1473,0.001626,428872.8,17.4096,0.001047,773021.2,4.8294,0.000483,1383398.27,1.7991,0.000347,1122079.6,1.6635,0.00026,837448.1,1.486,0.000171
20261002,2428,興勤,1521035.0,1837260.0,437048.0,627862.0,496159.0,644052.0,1381839.0,1000263.0,970464.0,849080.0,499295.0,794119.0,875915.0,2241225.0,790825.0,1240196.0,979542.0,1426110.0,2467223.0,1098757.0,1282277.0,910750.0,2329729.0,3339298.0,1510687.0,1784744.0,668910.0,2293535.0,1967772.0,1008248.0,1265114.33,40.0764,0.006626,983872.8,30.9193,0.004267,976506.2,15.5763,0.001968,997762.73,10.163,0.001413,1108913.45,6.8582,0.001058,1309140.63,3.8729,0.000696
20261002,2429,銘旺科,197741.0,174885.0,509815.0,166022.0,116086.0,99135.0,193718.0,270513.0,182589.0,81606.0,120575.0,113436.0,163418.0,140022.0,195731.0,167386.0,180330.0,245451.0,269146.0,255861.0,130992.0,135390.0,156721.0,381892.0,459446.0,311836.0,287287.0,178222.0,284939.0,525439.0,294147.0,22.4084,0.000861,232909.8,16.98,0.000555,199211.0,9.9262,0.000256,181686.13,7.2558,0.000184,192173.3,5.1449,0.000138,223187.67,2.9533,9e-05
20261002,2430,燦坤,15758.0,20062.0,64269.0,46687.0,50025.0,33841.0,41036.0,19291.0,34951.0,103531.0,75583.0,34539.0,49205.0,44635.0,53159.0,30461.0,47670.0,58317.0,50888.0,53017.0,45151.0,29655.0,18440.0,59187.0,58089.0,76925.0,48642.0,100780.0,36525.0,21646.0,33363.0,15.744,6.9e-05,39360.2,8.0071,4.4e-05,42945.1,3.6693,2e-05,45771.47,2.2952,1.5e-05,46346.25,1.7,1.1e-05,47398.83,1.1082,7e-06
20261002,2431,聯昌,131658.0,52066.0,80852.0,81012.0,73469.0,76665.0,108271.0,96772.0,79967.0,71083.0,63100.0,206137.0,83220.0,106551.0,171728.0,86679.0,186176.0,90689.0,64269.0,426536.0,60035.0,141155.0,201994.0,308788.0,76686.0,60871.0,62045.0,142340.0,169074.0,215567.0,88192.0,49.7619,0.000574,83811.4,31.4177,0.000369,85181.5,15.4562,0.00017,98836.73,8.8805,0.000122,116845.0,5.6339,9.2e-05,125848.5,3.4872,6e-05
20261002,2432,倚天酷碁-創,26015.0,2204.0,3000.0,7000.0,25100.0,28000.0,22035.0,10000.0,17000.0,16004.0,2000.0,46000.0,4000.0,15530.0,25000.0,18000.0,9764.0,62000.0,15214.0,64066.0,25000.0,6000.0,24284.0,18000.0,9000.0,16000.0,15020.0,4001.0,10000.0,41692.0,10406.33,83.3307,0.000113,12663.8,41.0856,7.3e-05,15635.8,16.6381,3.4e-05,16592.53,10.4525,2.4e-05,20896.6,6.2247,1.8e-05,19564.3,4.4324,1.2e-05
20261002,2433,互盛電,32477.0,27552.0,32175.0,22405.0,29084.0,8897.0,22085.0,36103.0,26593.0,51655.0,13130.0,77767.0,54352.0,33272.0,20141.0,42500.0,27500.0,27039.0,34767.0,17466.0,18204.0,25351.0,18421.0,11353.0,25260.0,19595.0,44445.0,13383.0,15072.0,14114.0,30734.67,35.223,0.000141,28738.6,22.6017,9.1e-05,28902.6,11.2367,4.2e-05,32512.53,6.6594,3e-05,31848.0,5.0988,2.3e-05,28071.93,3.8564,1.5e-05
20261002,2434,統懋,386930.0,470446.0,837812.0,423909.0,507659.0,3007147.0,901373.0,372420.0,410571.0,378520.0,506459.0,323108.0,827809.0,258793.0,408467.0,654935.0,582800.0,730478.0,1775042.0,3404556.0,2453812.0,389847.0,2052954.0,841487.0,457811.0,683656.0,869326.0,185639.0,284747.0,461859.0,565062.67,22.8252,0.001686,525351.2,14.7303,0.001086,769678.7,5.0272,0.000501,668094.87,3.861,0.000359,858461.7,2.2536,0.000269,861679.07,1.4968,0.000177
20261002,2436,偉詮電,6180465.0,5128346.0,9601609.0,12261097.0,8606455.0,4086531.0,9048029.0,8568018.0,2345779.0,3054512.0,2346850.0,3379379.0,3888239.0,3317408.0,6880453.0,8162413.0,18280129.0,15538506.0,2148121.0,2954871.0,2414302.0,4325793.0,3754600.0,7902977.0,14603858.0,3745958.0,3247359.0,1780222.0,3547106.0,7222927.0,6970140.0,29.5569,0.026923,8355594.4,14.7936,0.01734,6888084.1,8.9727,0.007997,5912878.0,6.9684,0.005741,6788860.5,4.5519,0.004301,6277410.4,3.2819,0.002827
20261002,2438,翔耀,98511.0,68287.0,91740.0,42204.0,62725.0,66498.0,106267.0,189467.0,277325.0,46575.0,63113.0,84810.0,52416.0,123680.0,90634.0,84311.0,186053.0,326307.0,905569.0,1014704.0,266618.0,52326.0,25485.0,39369.0,20499.0,45554.0,33759.0,62690.0,26077.0,31790.0,86179.33,38.1031,0.000429,72693.4,27.1031,0.000276,104959.9,9.3856,0.000127,97616.8,6.7277,9.1e-05,199059.8,2.4744,6.9e-05,152845.43,2.1484,4.5e-05
20261002,2439,美律,1599165.0,1185652.0,1996651.0,1655190.0,780903.0,1021215.0,871706.0,629039.0,1055817.0,1577799.0,879449.0,920480.0,629205.0,742851.0,2123831.0,2385133.0,1213081.0,1751823.0,1030060.0,953736.0,1180331.0,838080.0,1035146.0,841519.0,4288456.0,1650286.0,1349070.0,2016648.0,1010966.0,1201135.0,1593822.67,33.4451,0.006966,1443512.2,22.1566,0.004487,1237313.7,12.9245,0.002069,1177930.2,9.0507,0.001485,1250139.3,6.3959,0.001113,1347147.43,3.9569,0.000731
20261002,2440,太空梭,185206.0,106400.0,230906.0,237635.0,237173.0,140401.0,173002.0,409475.0,197812.0,154146.0,115953.0,214588.0,125489.0,199000.0,174066.0,193248.0,217604.0,628143.0,302298.0,208512.0,189042.0,176203.0,235775.0,212530.0,266737.0,181305.0,180648.0,208702.0,253002.0,234440.0,174170.67,35.4453,0.000807,199464.0,18.5704,0.00052,207215.6,8.9378,0.00024,193416.8,6.3837,0.000172,222552.85,4.1609,0.000129,219648.03,2.8106,8.5e-05
20261002,2441,超豐,3477871.0,2286709.0,4050745.0,2178482.0,2830184.0,6727556.0,8632039.0,6951031.0,6324258.0,5169729.0,2201806.0,6099917.0,2675752.0,2722337.0,2045804.0,3013530.0,4808086.0,3080253.0,2382848.0,3142109.0,2453928.0,5703873.0,4471896.0,4798444.0,5120052.0,4474330.0,2962007.0,2186675.0,2889835.0,4069396.0,3271775.0,35.4331,0.01515,2964798.2,23.4611,0.009758,4862860.4,7.1519,0.0045,4291614.67,5.4026,0.00323,4040052.3,4.3042,0.00242,3997716.07,2.8999,0.001591
20261002,2442,新美齊,548727.0,584765.0,527504.0,599670.0,701204.0,564744.0,734348.0,791676.0,1582602.0,1182536.0,1537330.0,1093630.0,1402479.0,1602368.0,1130186.0,866263.0,3136109.0,4540143.0,2896580.0,2188808.0,2129027.0,1976779.0,1555072.0,2158277.0,1069479.0,965457.0,1900632.0,4062478.0,970421.0,1066360.0,553665.33,33.036,0.00239,592374.0,18.5264,0.00154,781777.6,7.019,0.00071,972251.27,3.7626,0.00051,1410583.6,1.945,0.000382,1535521.8,1.1912,0.000251
20261002,2444,兆勁,5722454.0,2798688.0,3239205.0,1916012.0,2121301.0,5142905.0,6502371.0,2310416.0,980533.0,406830.0,245848.0,250935.0,791382.0,1486861.0,166634.0,291992.0,1185893.0,816529.0,263506.0,226382.0,261922.0,103699.0,90036.0,71332.0,138938.0,119987.0,138357.0,66147.0,107015.0,73184.0,3920115.67,48.6589,0.024928,3159532.0,36.2234,0.016055,3114071.5,18.3761,0.007404,2272158.33,16.7901,0.005315,1843333.85,15.522,0.003982,1267909.8,15.0443,0.002617
20261002,2449,京元電子,13902351.0,14832156.0,24039103.0,29756706.0,27018575.0,37725251.0,72526468.0,56082091.0,61177949.0,15860463.0,7774589.0,7605273.0,11531077.0,17759730.0,13033964.0,12493027.0,16085950.0,26506217.0,15925999.0,25192365.0,34026931.0,53349538.0,37673436.0,56354325.0,13085586.0,11870523.0,13529160.0,10664247.0,15462247.0,20381284.0,17591203.33,26.3434,0.060561,21909778.2,12.6905,0.039005,35292111.3,3.9392,0.017988,27375049.73,3.3857,0.012913,25341465.2,2.743,0.009674,25774219.37,1.798,0.006359
20261002,2450,神腦,45470.0,57825.0,67908.0,72438.0,38338.0,75460.0,99176.0,54015.0,141322.0,89296.0,217758.0,47457.0,62003.0,52005.0,28238.0,60973.0,66620.0,121763.0,153029.0,40054.0,61547.0,53542.0,90314.0,65894.0,82843.0,82950.0,33745.0,82581.0,174612.0,70108.0,57067.67,26.5591,0.000198,56395.8,16.1253,0.000128,74124.8,6.1342,5.9e-05,76580.6,3.9584,4.2e-05,79557.4,2.8577,3.2e-05,79642.8,1.9031,2.1e-05
20261002,2451,創見,1091828.0,1342152.0,2749434.0,1570470.0,1295375.0,1763824.0,1886282.0,1852572.0,1429145.0,1966741.0,2846188.0,1233606.0,1548503.0,2210620.0,2174895.0,1616704.0,2886271.0,2660219.0,4821567.0,4408811.0,2618056.0,2797380.0,3132797.0,4263053.0,3120478.0,3762910.0,16775302.0,18341659.0,2771873.0,3911399.0,1727804.67,21.0639,0.004756,1609851.8,13.5643,0.003063,1694782.3,6.4423,0.001413,1797442.33,4.0496,0.001014,2167760.35,2.5183,0.00076,3495003.8,1.0413,0.000499
20261002,2453,凌群,87830.0,181828.0,155714.0,146093.0,262272.0,316710.0,352177.0,255351.0,534878.0,787924.0,1392854.0,1042773.0,2565311.0,379472.0,152025.0,142520.0,95926.0,207237.0,155758.0,212229.0,121371.0,154028.0,136272.0,134425.0,176073.0,111646.0,191149.0,114430.0,142884.0,222601.0,141790.67,20.6478,0.000383,166747.4,10.5345,0.000246,308077.7,2.8509,0.000114,574214.13,1.0197,8.2e-05,471344.1,0.9317,6.1e-05,364392.03,0.8034,4e-05
20261002,2454,聯發科,4503961.0,4378234.0,8292336.0,13758267.0,7817443.0,6430491.0,12131543.0,11237165.0,10365174.0,6495763.0,6640865.0,6209254.0,6122500.0,7591878.0,6662243.0,5400794.0,6511906.0,17178200.0,9051589.0,9510164.0,23567252.0,4931652.0,7222243.0,5064877.0,5702912.0,8370053.0,3321459.0,6657464.0,6973521.0,9275862.0,5724843.67,26.2247,0.01962,7750048.2,11.6231,0.012636,8541037.7,5.2733,0.005828,7909141.13,3.7964,0.004183,8314488.5,2.7085,0.003134,8245902.17,1.8207,0.00206
20261002,2455,全新,4299731.0,2010853.0,1395143.0,1025212.0,1640793.0,3310728.0,18755075.0,15658626.0,20026752.0,28618653.0,19718194.0,1671642.0,1719569.0,1842066.0,1564218.0,2499264.0,4653069.0,3476203.0,24125544.0,21442379.0,34014193.0,28052088.0,32356290.0,2121492.0,4766593.0,3496416.0,3076652.0,14167138.0,15313042.0,35432612.0,2568575.67,55.7992,0.01873,2074346.4,41.4562,0.012063,9674156.6,4.4446,0.005563,8217150.33,3.4884,0.003994,8972685.7,2.396,0.002992,11741674.33,1.2206,0.001967
20261002,2457,飛宏,1071817.0,875354.0,1577143.0,848756.0,708477.0,812985.0,828999.0,946087.0,1285572.0,1173581.0,623383.0,1203973.0,692782.0,1195388.0,750544.0,698227.0,644403.0,726926.0,804555.0,1162772.0,1468898.0,6205762.0,1264737.0,1186566.0,1143866.0,776583.0,735454.0,743191.0,1096113.0,1511307.0,1174771.33,30.4121,0.004669,1016309.4,21.0923,0.003007,1012877.1,10.5819,0.001387,972989.4,7.3438,0.000996,931586.2,5.7526,0.000746,1158806.7,3.0831,0.00049
20261002,2458,義隆,1469046.0,1517721.0,1489305.0,1645198.0,2731471.0,1320418.0,1905883.0,883659.0,1542845.0,904593.0,756459.0,724849.0,1181243.0,892804.0,993979.0,1027361.0,1544886.0,2608621.0,1513536.0,1889453.0,981501.0,1120753.0,1582845.0,1408457.0,1326720.0,881642.0,688114.0,2155868.0,3186377.0,2666406.0,1492024.0,32.82,0.006399,1770548.2,16.5943,0.004122,1541013.9,9.533,0.001901,1330631.53,7.3601,0.001364,1427166.5,5.1467,0.001022,1484733.77,3.2981,0.000672
20261002,2459,敦吉,53421.0,65989.0,89452.0,28055.0,67374.0,55511.0,39592.0,38516.0,69290.0,88144.0,28775.0,31265.0,47643.0,47523.0,56404.0,23380.0,80028.0,90921.0,52489.0,46361.0,62665.0,55458.0,30324.0,70609.0,57757.0,110378.0,142084.0,71819.0,167861.0,68047.0,69620.67,25.5772,0.000233,60858.2,17.5559,0.00015,59534.4,8.9731,6.9e-05,53796.93,6.6201,5e-05,55006.65,4.8559,3.7e-05,64571.17,2.7577,2.4e-05
20261002,2460,建通,249961.0,182478.0,291976.0,175462.0,264150.0,302170.0,241351.0,198372.0,216476.0,292024.0,134529.0,347798.0,243293.0,507623.0,1178586.0,857582.0,158157.0,177952.0,121096.0,209547.0,265637.0,284346.0,409768.0,249839.0,282858.0,157324.0,255389.0,118504.0,284206.0,270238.0,241471.67,34.5052,0.001089,232805.4,21.4738,0.000701,241442.0,10.3528,0.000323,321749.93,5.1792,0.000232,317529.15,3.936,0.000174,297623.07,2.7995,0.000114
20261002,2461,光群雷,498599.0,630493.0,749481.0,260253.0,291344.0,185355.0,558804.0,218083.0,482852.0,598343.0,498699.0,246569.0,655539.0,389983.0,1159404.0,733668.0,438497.0,539139.0,832211.0,469311.0,323917.0,625514.0,596588.0,1218185.0,896961.0,1319815.0,1275863.0,471645.0,841642.0,890737.0,626191.0,26.5414,0.002172,486034.0,20.517,0.001399,447360.7,11.1453,0.000645,494920.07,6.7162,0.000463,521831.35,4.7774,0.000347,629916.47,2.6384,0.000228
20261002,2462,良得電,171942.0,53335.0,84776.0,118354.0,132016.0,218631.0,182222.0,144287.0,216402.0,93010.0,106988.0,148131.0,124599.0,186112.0,111961.0,122982.0,233433.0,261374.0,187550.0,197146.0,247419.0,570118.0,351610.0,154177.0,313239.0,294993.0,190661.0,75099.0,126790.0,70759.0,103351.0,55.4557,0.000749,112084.6,30.6808,0.000482,141497.5,12.1516,0.000222,139517.73,8.216,0.00016,154762.55,5.555,0.00012,183003.87,3.1318,7.9e-05
20261002,2464,盟立,11541972.0,8277531.0,8431839.0,9138976.0,13517821.0,18569239.0,11046575.0,9685560.0,23685793.0,8382682.0,7797549.0,6261941.0,9893934.0,10923447.0,14845378.0,7665316.0,16615042.0,16856438.0,54753350.0,17067426.0,27613956.0,10411363.0,15626012.0,25845387.0,13229763.0,10392650.0,11959456.0,5601206.0,16897448.0,18539197.0,9417114.0,40.8546,0.050278,10181627.8,22.6722,0.032382,12227798.8,9.4391,0.014934,11466682.47,6.7104,0.01072,14247890.45,4.0504,0.008031,14702474.9,2.6168,0.005279
20261002,2465,麗臺,1111572.0,1460228.0,1236989.0,1231345.0,760389.0,1008833.0,1185190.0,1415222.0,1063193.0,1832879.0,1046583.0,1093990.0,1226388.0,1621201.0,3351988.0,3421639.0,6742508.0,6180573.0,5766066.0,12290391.0,8513698.0,2639803.0,2385753.0,3743057.0,4767796.0,3896409.0,5091709.0,3498808.0,3986951.0,3913211.0,1269596.33,29.1844,0.004842,1160104.6,19.1633,0.003119,1230584.0,9.0329,0.001438,1376399.33,5.384,0.001032,2752358.35,2.0193,0.000773,3249478.73,1.1403,0.000508
20261002,2466,冠西電,2480183.0,5280903.0,3211857.0,2218538.0,2401504.0,2419089.0,2847575.0,1237185.0,1513925.0,845205.0,911148.0,701940.0,1819218.0,1996361.0,696810.0,957183.0,706107.0,914384.0,788259.0,2125817.0,1938163.0,815236.0,1422163.0,1647656.0,2138056.0,2213511.0,3217950.0,3477327.0,2599622.0,3252638.0,3657647.67,22.6027,0.010804,3118597.0,15.9058,0.006958,2445596.4,10.1414,0.003209,2038762.73,8.1101,0.002304,1803659.55,6.8754,0.001726,1959850.43,4.2183,0.001134
20261002,2467,志聖,588320.0,878273.0,1037845.0,889505.0,631344.0,705750.0,743564.0,680491.0,845560.0,956336.0,537328.0,794077.0,930052.0,1186327.0,610961.0,2068212.0,1191148.0,1069202.0,1244842.0,1093999.0,953685.0,1718207.0,1360430.0,2420640.0,1562230.0,1132206.0,931944.0,837313.0,1357774.0,2558445.0,834812.67,23.4911,0.002563,805057.4,14.6156,0.001651,795698.8,7.3938,0.000761,801048.87,4.8962,0.000546,934156.8,3.1489,0.000409,1117200.33,1.7553,0.000269
20261002,2468,華經,1437269.0,993907.0,817306.0,920536.0,1795696.0,1701497.0,2869403.0,26714608.0,12298765.0,9363080.0,46253058.0,7140627.0,2185407.0,4234479.0,140063.0,150826.0,239894.0,115000.0,236310.0,341505.0,140878.0,136791.0,141472.0,172874.0,161624.0,178177.0,145919.0,271501.0,172930.0,196575.0,1082827.33,44.2443,0.006261,1192942.8,24.0962,0.004032,5891206.7,2.4397,0.00186,7924380.07,1.2092,0.001335,5997461.8,1.1982,0.001,4055599.23,1.1813,0.000657
20261002,2471,資通,93991.0,92092.0,153886.0,187884.0,432876.0,235541.0,382747.0,531148.0,864307.0,320667.0,563115.0,1987251.0,1106194.0,93015.0,45992.0,45752.0,59055.0,96328.0,74100.0,113860.0,76604.0,110664.0,167473.0,71246.0,55680.0,93332.0,82384.0,84592.0,99137.0,192283.0,113323.0,27.6469,0.000409,192145.8,9.7833,0.000264,329513.9,2.8524,0.000122,472713.73,1.3256,8.7e-05,373990.05,1.2566,6.5e-05,283773.2,1.1041,4.3e-05
20261002,2472,立隆電,4791775.0,5071180.0,1051547.0,1505198.0,2041796.0,2580461.0,3002410.0,2522957.0,5812559.0,1767567.0,1625050.0,2251524.0,1479337.0,2416404.0,2103240.0,1382061.0,2197572.0,3064997.0,3532039.0,2263326.0,1277615.0,2524609.0,3198976.0,7298279.0,2332678.0,1109988.0,981700.0,1240327.0,2844558.0,2295271.0,3638167.33,43.9028,0.020874,2892299.2,33.1347,0.013444,3014745.0,15.8945,0.0062,2668200.33,11.9726,0.004451,2623150.0,9.1336,0.003334,2585566.7,6.1776,0.002192
20261002,2474,可成,1050240.0,1387154.0,1471237.0,1568422.0,1881545.0,2432542.0,1539073.0,3356077.0,4943724.0,3204951.0,2887644.0,1707551.0,1528502.0,1585455.0,1053112.0,2116341.0,4577901.0,1942028.0,2055216.0,3352417.0,2577018.0,5472628.0,3772038.0,2294028.0,2585951.0,2669441.0,1747640.0,1686568.0,2608302.0,2608523.0,1302877.0,26.8698,0.004575,1471719.6,14.2723,0.002947,2283496.5,4.5993,0.001359,2106481.93,3.3238,0.000975,2282056.6,2.3011,0.000731,2455442.3,1.4257,0.00048
20261002,2476,鉅祥,1148883.0,858837.0,596238.0,828647.0,721500.0,782985.0,1012699.0,770503.0,2036068.0,774132.0,734370.0,691939.0,1103850.0,931731.0,645900.0,866060.0,1514963.0,1138213.0,1628089.0,1245283.0,989187.0,2318908.0,1342005.0,2057693.0,2486571.0,3530774.0,858844.0,1915312.0,2081413.0,2115252.0,867986.0,44.1206,0.005005,830821.0,27.6566,0.003223,953049.2,12.0548,0.001487,909218.8,8.424,0.001067,1001544.5,5.7356,0.000799,1324228.3,2.892,0.000525
20261002,2477,美隆電,113064.0,175918.0,138152.0,148490.0,92563.0,99091.0,335714.0,654749.0,194628.0,77932.0,52829.0,71307.0,29152.0,52380.0,96729.0,117776.0,97251.0,73105.0,136037.0,189687.0,163237.0,465941.0,1284510.0,78858.0,106481.0,47127.0,70823.0,77152.0,67522.0,71537.0,142378.0,26.4704,0.000493,133637.4,16.921,0.000317,203030.1,5.5688,0.000146,155513.2,4.8469,0.000105,147327.7,3.8372,7.9e-05,179324.73,2.1017,5.2e-05
20261002,2478,大毅,4100635.0,6254538.0,985080.0,1301254.0,1175569.0,1447109.0,1736423.0,1568307.0,1513003.0,1857946.0,1397005.0,1494229.0,1749356.0,2662181.0,3631373.0,1632863.0,2622527.0,7673176.0,5868369.0,2343366.0,1828520.0,3801857.0,4271740.0,11981103.0,5900910.0,2844701.0,3004306.0,6960110.0,11550700.0,4008974.0,3780084.33,36.16,0.017863,2763415.2,29.678,0.011505,2193986.4,18.6903,0.005306,2191600.53,12.4738,0.003809,2650715.45,7.735,0.002853,3638907.67,3.7563,0.001876
20261002,2480,敦陽科,157577.0,87403.0,94728.0,153315.0,89757.0,131091.0,197786.0,253333.0,674597.0,278116.0,308305.0,428248.0,591102.0,208382.0,80818.0,83747.0,78582.0,205243.0,109129.0,39652.0,181787.0,246739.0,111281.0,120797.0,97124.0,271450.0,110852.0,87484.0,106323.0,132918.0,113236.0,46.386,0.000686,116556.0,27.0388,0.000442,211770.3,7.4409,0.000204,248970.53,4.2194,0.000146,212545.55,3.7069,0.00011,190588.87,2.756,7.2e-05
20261002,2481,強茂,28414583.0,23859129.0,28472274.0,20652896.0,35754052.0,39482306.0,32263968.0,19412600.0,39944652.0,67322321.0,62194518.0,58386182.0,61139738.0,27272517.0,42970542.0,23255435.0,26855469.0,60890518.0,71771734.0,66498096.0,21327766.0,36387336.0,22082974.0,42606146.0,36320492.0,40353759.0,9411577.0,16032556.0,45689068.0,42147642.0,26915328.67,35.1901,0.123778,27430586.8,20.7174,0.07972,33557878.1,8.4673,0.036765,39169485.2,4.8362,0.026392,41840676.5,3.3956,0.019772,38305761.53,2.4726,0.012997
20261002,2482,連宇,62577.0,57932.0,131185.0,104643.0,49358.0,93994.0,227197.0,73602.0,83352.0,58925.0,60038.0,34970.0,33464.0,83551.0,110419.0,30272.0,133980.0,203490.0,141632.0,81724.0,46529.0,64267.0,66322.0,123649.0,66526.0,117756.0,90892.0,79784.0,157805.0,143228.0,83898.0,24.8623,0.000273,81139.0,15.4246,0.000176,94276.5,6.6376,8.1e-05,84347.13,4.946,5.8e-05,92815.25,3.3711,4.4e-05,93768.77,2.2245,2.9e-05
20261002,2483,百容,3184383.0,5737472.0,1702959.0,208005.0,341412.0,303675.0,383448.0,581598.0,597624.0,503527.0,501309.0,304112.0,584003.0,601889.0,750213.0,561248.0,1091631.0,494165.0,898009.0,905154.0,794214.0,750384.0,1232235.0,2052460.0,788789.0,659524.0,577325.0,604612.0,1337530.0,1252762.0,3541604.67,29.9712,0.013872,2234846.2,28.4976,0.008934,1354410.3,23.5112,0.00412,1085708.6,19.5533,0.002958,1011791.8,15.7364,0.002216,1009522.37,10.5145,0.001457
20261002,2484,希華,46132849.0,40048717.0,23947173.0,30199086.0,13213876.0,18373667.0,2956102.0,2646140.0,4123862.0,7728849.0,7913131.0,4704529.0,3550118.0,3520829.0,4819195.0,8023442.0,4502261.0,5851564.0,5947607.0,10122542.0,8710402.0,11587547.0,6596000.0,15368786.0,20450498.0,35920731.0,10926077.0,28080345.0,7722213.0,8813284.0,36709579.67,41.8899,0.200961,30708340.2,30.0458,0.129431,18937032.1,24.3612,0.059691,14258541.53,21.5697,0.042849,12416276.95,18.5776,0.032101,13416714.07,11.4615,0.021101
20261002,2485,兆赫,2231409.0,2456324.0,4139983.0,1310521.0,1008262.0,1554649.0,2547902.0,3326911.0,1448945.0,4014575.0,1623960.0,1328003.0,1286214.0,2097379.0,2246211.0,1602460.0,1875649.0,2147493.0,1944821.0,2470370.0,1510633.0,2502847.0,3770926.0,4619406.0,7268819.0,4109194.0,5542254.0,1399348.0,2163024.0,2305385.0,2942572.0,25.2773,0.00972,2229299.8,20.0189,0.00626,2403948.1,9.2823,0.002887,2174749.87,6.8404,0.002073,2133102.05,5.2304,0.001553,2595129.23,2.8662,0.001021
20261002,2486,一詮,3396108.0,8667512.0,3719747.0,1955933.0,1585886.0,2001185.0,3177621.0,3235161.0,3776310.0,3144822.0,2991564.0,3063177.0,3668068.0,4035275.0,3984694.0,4246570.0,6410708.0,6478033.0,12714300.0,34953265.0,7156723.0,4976542.0,2420453.0,2530720.0,4349173.0,17556293.0,14006202.0,17124147.0,10318984.0,9206831.0,5261122.33,21.517,0.014794,3865037.2,17.5735,0.009528,3466028.5,9.7983,0.004394,3493537.53,6.4807,0.003154,5860296.95,2.8976,0.002363,6895066.9,1.6418,0.001553
20261002,2488,漢平,41302.0,28095.0,71337.0,33167.0,43260.0,30771.0,153802.0,47177.0,58274.0,100516.0,20039.0,55198.0,80485.0,158617.0,47342.0,105368.0,48132.0,128083.0,67607.0,63444.0,36445.0,76390.0,57950.0,39654.0,72357.0,73645.0,137839.0,94110.0,37423.0,98877.0,46911.33,29.3476,0.00018,43432.2,19.0191,0.000116,60770.1,6.7964,5.3e-05,64625.47,4.2607,3.8e-05,69100.8,2.9885,2.9e-05,70223.53,1.9605,1.9e-05
20261002,2489,瑞軒,15967742.0,12754502.0,23864644.0,8627458.0,17569723.0,14619018.0,29552768.0,43474007.0,79748448.0,123007380.0,36281643.0,15674743.0,20867390.0,12150618.0,8503716.0,16921785.0,14853323.0,18407786.0,30904519.0,40968646.0,64396060.0,102064014.0,89725408.0,49524525.0,50360417.0,127754504.0,70237701.0,35363872.0,6924856.0,5084589.0,17528962.67,30.3645,0.069558,15756813.8,20.2677,0.044799,36918569.0,4.3251,0.020661,30844253.33,3.4513,0.014831,29235992.95,2.7308,0.011111,39538526.83,1.3462,0.007303
20261002,2491,吉祥全,908318.0,513778.0,623561.0,455070.0,534954.0,1075271.0,601503.0,1556152.0,1054922.0,1145322.0,663271.0,628740.0,1021615.0,1568607.0,660062.0,929513.0,1327944.0,2607253.0,3035624.0,5334137.0,8049652.0,1717223.0,636975.0,4332130.0,5064112.0,5839405.0,1115366.0,1374180.0,934309.0,2485218.0,681885.67,44.4023,0.003957,607136.2,29.9214,0.002548,846885.1,10.7254,0.001175,867409.73,6.9811,0.000844,1312280.85,3.4608,0.000632,1926472.9,1.5716,0.000415
20261002,2492,華新科,55788034.0,51670689.0,18146633.0,31201956.0,15596998.0,19018789.0,21974598.0,22904042.0,15512592.0,21642767.0,15103377.0,21610352.0,28422433.0,57397388.0,42694132.0,26073976.0,25418303.0,47400166.0,27375569.0,22304424.0,17530839.0,35972775.0,58056761.0,52649209.0,32253690.0,11351766.0,11549095.0,24706670.0,46494666.0,22180113.0,41868452.0,44.4153,0.243021,34480862.0,32.3588,0.15652,27345709.8,20.401,0.072184,29245652.0,12.7171,0.051817,29362860.9,9.4998,0.03882,30000093.4,6.1987,0.025517
20261002,2493,揚博,1418568.0,988907.0,1606105.0,1972776.0,1360568.0,3002171.0,4958962.0,4252819.0,9889463.0,3978826.0,2384094.0,522879.0,605157.0,849445.0,990794.0,564378.0,727385.0,934961.0,821388.0,1055266.0,1793827.0,1393113.0,1760283.0,1623176.0,1902060.0,1961331.0,1049684.0,1706685.0,2439867.0,2869723.0,1337860.0,35.3442,0.006179,1469384.8,19.3083,0.00398,3342916.5,4.2435,0.001835,2585435.6,3.6578,0.001318,2144245.6,3.3078,0.000987,2046155.37,2.3109,0.000649
20261002,2495,普安,1051157.0,864591.0,974342.0,882955.0,821681.0,1000900.0,1619210.0,3372973.0,1319604.0,1483284.0,536968.0,1455835.0,1147241.0,2135847.0,589171.0,904959.0,1161268.0,1006490.0,1297422.0,2308078.0,784771.0,986594.0,809382.0,1608967.0,1085123.0,879627.0,1008218.0,608044.0,712946.0,1200873.0,963363.33,36.3711,0.004579,918945.2,22.8775,0.002949,1339069.7,7.8499,0.00136,1283717.27,5.4589,0.000976,1296698.8,4.0532,0.000731,1187284.03,2.9512,0.000481
20261002,2496,卓越,19285.0,15908.0,14052.0,6405.0,12765.0,15248.0,6323.0,11314.0,1447.0,13004.0,2361.0,3531.0,7384.0,10038.0,13623.0,13857.0,5240.0,9335.0,8432.0,25587.0,11247.0,9720.0,12892.0,4949.0,59258.0,6716.0,17859.0,16313.0,43878.0,61267.0,16415.0,39.1613,8.4e-05,13683.0,28.1883,5.4e-05,11575.1,16.6608,2.5e-05,10179.2,12.6303,1.8e-05,10756.95,8.964,1.3e-05,15307.93,4.1993,9e-06
20261002,2497,怡利電,181458.0,207894.0,240102.0,87631.0,92124.0,124006.0,186060.0,287137.0,292126.0,466074.0,117302.0,155751.0,127267.0,162185.0,320974.0,188335.0,261868.0,360120.0,249790.0,274218.0,113543.0,156353.0,140201.0,311167.0,246909.0,130274.0,157757.0,166469.0,212810.0,276273.0,209818.0,28.8278,0.00079,161841.8,22.4241,0.000509,216461.2,8.3829,0.000235,203206.07,5.9532,0.000169,219121.1,4.1406,0.000126,209805.93,2.8829,8.3e-05
20261002,2498,宏達電,7419209.0,23409453.0,13288766.0,8994708.0,7183755.0,24654023.0,4952959.0,3173733.0,10516652.0,4471663.0,3120072.0,2667623.0,1741906.0,1980958.0,1864450.0,2128506.0,3851454.0,4139799.0,9265593.0,12708286.0,5875912.0,4649290.0,3277335.0,2636413.0,2260695.0,1973238.0,2290380.0,3800168.0,4136007.0,4174656.0,14705809.33,16.817,0.032319,12059178.2,12.3047,0.020815,10806492.1,6.8655,0.0096,7962662.0,6.2117,0.006891,7576678.4,4.8961,0.005163,6220255.4,3.9758,0.003393
20261002,2501,國建,2484844.0,1745076.0,3115570.0,2205717.0,1723858.0,2991103.0,1315428.0,1579142.0,6628522.0,4945601.0,1932115.0,3634884.0,1796594.0,1155871.0,1363940.0,478419.0,1185856.0,2776136.0,1580752.0,1322107.0,1386470.0,744853.0,1471352.0,2927061.0,676563.0,1708439.0,1018243.0,1809043.0,1199656.0,993509.0,2448496.67,33.8282,0.010824,2255013.0,22.0384,0.006972,2873486.1,8.6475,0.003215,2574551.0,6.4344,0.002308,2298076.75,5.4064,0.001729,1996557.47,4.1485,0.001137
20261002,2504,國產,1036847.0,1242464.0,1251684.0,2041127.0,1456108.0,1727007.0,1769491.0,2032047.0,2210788.0,806886.0,948202.0,1858662.0,1196185.0,596329.0,524670.0,586038.0,928674.0,999325.0,1164094.0,1071527.0,752572.0,901362.0,1779787.0,1177753.0,1624102.0,1833656.0,1801406.0,1398663.0,1324841.0,1063900.0,1176998.33,29.3642,0.004517,1405646.0,14.7526,0.002909,1557444.9,6.6574,0.001342,1379899.8,5.0093,0.000963,1272407.75,4.0744,0.000721,1303539.9,2.6514,0.000474
20261002,2505,國揚,273583.0,97110.0,398504.0,303325.0,489277.0,321185.0,238200.0,1809649.0,6507494.0,193034.0,193981.0,253507.0,58376.0,97763.0,260917.0,188939.0,143895.0,169941.0,205032.0,115564.0,146851.0,222063.0,345234.0,156764.0,192026.0,205994.0,280816.0,281565.0,827303.0,526216.0,256399.0,35.5674,0.001192,312359.8,17.5172,0.000768,1063136.1,2.5734,0.000354,766393.67,2.3798,0.000254,615963.8,2.2208,0.00019,516803.6,1.7646,0.000125
20261002,2506,太設,151744.0,293255.0,85550.0,273693.0,125845.0,237504.0,340901.0,836729.0,1360389.0,184232.0,52989.0,146181.0,175547.0,186911.0,311323.0,266724.0,63619.0,40413.0,138525.0,118701.0,102027.0,128784.0,187741.0,87339.0,157332.0,96483.0,104744.0,201082.0,118456.0,116634.0,176849.67,28.6013,0.000661,186017.4,16.315,0.000426,388984.2,3.901,0.000196,317519.53,3.186,0.000141,269538.75,2.8149,0.000106,223046.57,2.2677,6.9e-05
20261002,2509,全坤建,79968.0,58505.0,30901.0,156579.0,70476.0,87644.0,175050.0,46722.0,224244.0,88573.0,66328.0,95860.0,33577.0,146703.0,81376.0,33048.0,46415.0,136901.0,115508.0,137470.0,280365.0,124998.0,132456.0,85001.0,205394.0,446915.0,68842.0,119710.0,130511.0,156676.0,56458.0,47.2139,0.000348,79285.8,20.1721,0.000224,101866.2,7.8503,0.000103,96167.07,5.5437,7.4e-05,95592.4,4.1828,5.6e-05,122090.53,2.1833,3.7e-05
20261002,2511,太子,521370.0,413104.0,545474.0,617420.0,392569.0,573273.0,496866.0,643657.0,2007750.0,975351.0,478040.0,480766.0,385048.0,530740.0,294618.0,534538.0,685341.0,1281701.0,1490016.0,387625.0,401030.0,829719.0,938136.0,504029.0,1003831.0,610401.0,390787.0,504874.0,894911.0,584782.0,493316.0,35.2289,0.002271,497987.4,20.9391,0.001463,718683.4,7.2545,0.000675,623736.4,5.5725,0.000484,686763.35,3.7958,0.000363,679925.57,2.556,0.000238
20261002,2514,龍邦,171427.0,51071.0,67416.0,35096.0,77158.0,64731.0,48272.0,68052.0,149738.0,41234.0,51926.0,137769.0,133838.0,85707.0,22721.0,50835.0,59765.0,74498.0,106986.0,71868.0,65888.0,59807.0,77282.0,25972.0,67952.0,125081.0,93857.0,60558.0,81101.0,161551.0,96638.0,59.1303,0.000747,80433.6,42.6257,0.000481,77419.5,22.1426,0.000222,80410.4,14.2127,0.000159,78505.4,10.9182,0.000119,79638.57,7.1752,7.8e-05
20261002,2515,中工,2431185.0,1882455.0,3359728.0,4178372.0,1780532.0,6074235.0,3508982.0,6256703.0,16630954.0,12829832.0,1890579.0,5105437.0,2318466.0,3281211.0,3006851.0,4028609.0,1720203.0,4909219.0,2645552.0,6012237.0,8760061.0,3702043.0,5904713.0,4659830.0,5291278.0,4453841.0,6582869.0,5103941.0,3608919.0,3054758.0,2557789.33,31.6834,0.010591,2726454.4,17.834,0.006821,5893297.8,4.1253,0.003146,4969034.8,3.2618,0.002258,4692567.1,2.5905,0.001692,4832453.17,1.677,0.001112
20261002,2516,新建,153366.0,115002.0,174965.0,264706.0,864916.0,141403.0,155502.0,430730.0,99675.0,78869.0,187118.0,57316.0,79255.0,103224.0,132333.0,495693.0,143188.0,105965.0,130893.0,62564.0,86288.0,42832.0,56458.0,27916.0,81621.0,84858.0,107674.0,242664.0,212302.0,220745.0,147777.67,34.5939,0.000668,314591.0,9.7502,0.00043,247913.4,6.1863,0.000198,202558.67,5.0476,0.000142,198834.15,3.8566,0.000107,171334.7,2.9838,7e-05
20261002,2520,冠德,1224002.0,1180983.0,1750284.0,1043424.0,937879.0,935204.0,1369277.0,1214024.0,5226464.0,2928562.0,1386974.0,1083142.0,988774.0,532088.0,947362.0,936017.0,722466.0,1710941.0,3575465.0,1846518.0,906763.0,1435971.0,2106475.0,1233012.0,894932.0,1248665.0,1055818.0,2723656.0,2579914.0,1392481.0,1385089.67,29.4566,0.005332,1227314.4,19.946,0.003434,1781010.3,6.8725,0.001584,1516562.87,5.3806,0.001137,1576992.5,3.8808,0.000852,1570584.57,2.5978,0.00056
20261002,2524,京城,39981.0,25371.0,54715.0,56370.0,29217.0,45307.0,54848.0,426485.0,240441.0,105350.0,62383.0,88830.0,68081.0,59285.0,31471.0,32876.0,78333.0,67043.0,53919.0,40801.0,96847.0,54000.0,57220.0,64446.0,36804.0,77401.0,35853.0,54645.0,107495.0,90886.0,40022.33,33.2989,0.000174,41130.8,19.4409,0.000112,107808.5,3.7085,5.2e-05,92542.33,2.8802,3.7e-05,83055.35,2.4069,2.8e-05,77890.13,1.711,1.8e-05
20261002,2527,宏璟,886600.0,842203.0,1603695.0,634439.0,469702.0,658464.0,1099295.0,628952.0,1087865.0,928788.0,262376.0,499243.0,235194.0,686565.0,475633.0,489061.0,267876.0,1346910.0,389304.0,588200.0,518811.0,625997.0,456830.0,635255.0,489548.0,545179.0,457727.0,509870.0,412770.0,577900.0,1110832.67,26.6047,0.003862,887327.8,19.9836,0.002487,884000.3,10.0294,0.001147,733267.6,8.0607,0.000823,704018.25,6.2967,0.000617,643675.07,4.5913,0.000406
20261002,2528,皇普,405491.0,121117.0,164650.0,315990.0,127050.0,355950.0,349064.0,719084.0,992277.0,182260.0,214118.0,221913.0,247465.0,261605.0,190815.0,129032.0,118347.0,247091.0,286346.0,156674.0,199859.0,408519.0,304655.0,203693.0,197166.0,352175.0,186371.0,268914.0,123914.0,185076.0,230419.33,58.6599,0.001766,226859.6,35.7482,0.001138,373293.3,10.8625,0.000525,324589.93,8.3283,0.000377,290316.95,6.9836,0.000282,274556.03,4.923,0.000185
20261002,2530,華建,213513.0,193533.0,541805.0,399870.0,244629.0,350868.0,655874.0,1005021.0,1570606.0,587634.0,501048.0,805807.0,1944441.0,1137524.0,751118.0,702190.0,855690.0,727909.0,1303433.0,693942.0,702969.0,2051351.0,8735399.0,1328719.0,499853.0,334033.0,480562.0,605076.0,1199718.0,465456.0,316283.67,22.5023,0.00093,318670.0,13.4003,0.000599,576335.3,3.7047,0.000276,726886.07,1.9582,0.000198,759322.75,1.4059,0.000149,1052986.37,0.6759,9.8e-05
20261002,2534,宏盛,277669.0,205842.0,283189.0,214610.0,260385.0,214533.0,175075.0,162586.0,752031.0,305383.0,136394.0,213067.0,195568.0,142023.0,149435.0,215886.0,144019.0,211426.0,341644.0,210539.0,201772.0,292287.0,308765.0,211092.0,687110.0,245599.0,269565.0,188980.0,199633.0,165156.0,255566.67,36.2161,0.00121,248339.0,22.3621,0.000779,285130.3,9.7383,0.000359,245852.67,7.5294,0.000258,240565.2,5.7712,0.000193,252708.77,3.6626,0.000127
20261002,2535,達欣工,299055.0,166962.0,138514.0,113837.0,359976.0,355512.0,264482.0,159616.0,226862.0,240831.0,170325.0,170019.0,220060.0,156074.0,194967.0,233691.0,101544.0,173816.0,156836.0,326427.0,128465.0,317838.0,238531.0,352624.0,172051.0,119180.0,140384.0,282335.0,230448.0,261530.0,201510.33,49.4689,0.001303,215668.8,27.7328,0.000839,232564.7,12.859,0.000387,215806.13,9.2384,0.000278,211470.3,7.0709,0.000208,215759.73,4.6202,0.000137
20261002,2536,宏普,912720.0,398618.0,464468.0,608246.0,376183.0,310641.0,315886.0,272954.0,1070491.0,829150.0,397597.0,438700.0,480545.0,417106.0,406069.0,747795.0,650753.0,495642.0,1211805.0,2876811.0,4492273.0,1445054.0,1994547.0,2155638.0,417359.0,881544.0,706489.0,586501.0,769842.0,1004824.0,591935.33,51.3975,0.003976,552047.0,33.0667,0.002561,555935.7,16.4177,0.001181,513291.6,11.8545,0.000848,684109.0,6.6709,0.000635,937875.03,3.2439,0.000417
20261002,2537,聯上發,453711.0,1015171.0,395251.0,537977.0,189889.0,196635.0,494893.0,697392.0,2797562.0,1021901.0,342112.0,616251.0,855927.0,262793.0,411808.0,330105.0,276918.0,1869582.0,677936.0,706309.0,808163.0,1175703.0,621400.0,559076.0,565033.0,854105.0,717423.0,1504347.0,2689304.0,1105484.0,621377.67,24.339,0.001976,518399.8,17.5043,0.001273,780038.2,5.8165,0.000587,685951.53,4.4096,0.000421,707506.15,3.2064,0.000316,825005.37,1.8332,0.000208
20261002,2538,基泰,337876.0,251192.0,691830.0,475327.0,237556.0,286783.0,745175.0,2182774.0,10701641.0,249282.0,445185.0,633201.0,272347.0,282334.0,399537.0,475713.0,273481.0,463753.0,538369.0,733869.0,853127.0,388472.0,718665.0,972921.0,466286.0,406081.0,430204.0,267034.0,316952.0,596662.0,426966.0,26.3781,0.001472,398756.2,16.9465,0.000948,1615943.6,2.0909,0.000437,1212802.67,1.8573,0.000314,1033861.25,1.634,0.000235,869787.63,1.2949,0.000155
20261002,2539,櫻花建,1003922.0,661576.0,657424.0,1069477.0,1158192.0,491855.0,341624.0,582551.0,1848467.0,367876.0,565066.0,908259.0,835731.0,864961.0,959024.0,730748.0,950243.0,769605.0,840293.0,860951.0,857288.0,1134452.0,1664358.0,1148731.0,1093382.0,817333.0,1503629.0,1606623.0,3313274.0,2066628.0,774307.33,43.2181,0.004373,910118.2,22.0614,0.002817,818296.4,12.2684,0.001299,821067.0,8.1514,0.000932,823392.25,6.0963,0.000699,1055784.77,3.1696,0.000459
20261002,2540,愛山林,463965.0,167264.0,291504.0,462170.0,226455.0,374900.0,206622.0,644798.0,1901386.0,835096.0,302167.0,406019.0,402340.0,517567.0,441286.0,693538.0,591170.0,399708.0,251467.0,384011.0,648792.0,782957.0,1644954.0,949498.0,1560899.0,477603.0,522900.0,640286.0,549636.0,1056512.0,307577.67,50.2816,0.002021,322271.6,28.7934,0.001302,557416.0,8.3235,0.0006,509569.27,6.07,0.000431,498171.65,4.6567,0.000323,626582.33,2.4682,0.000212
20261002,2542,興富發,8587725.0,11207800.0,12284297.0,11497190.0,12468559.0,47140332.0,22311403.0,17948076.0,25349766.0,12055585.0,11786811.0,9711683.0,8970322.0,6255442.0,13798859.0,8134795.0,4033278.0,7664867.0,6938993.0,10377793.0,4263041.0,8094788.0,5554761.0,5444582.0,3370771.0,5420281.0,7277704.0,11744799.0,13205723.0,16522010.0,10693274.0,26.7699,0.037409,11209114.2,15.3228,0.024094,18085073.3,4.7485,0.011112,15424923.33,3.7116,0.007976,13426178.8,3.1981,0.005976,11647401.2,2.4577,0.003928
20261002,2543,皇昌,559917.0,547540.0,832916.0,724402.0,357734.0,293699.0,612993.0,857590.0,1833223.0,1149841.0,923137.0,525134.0,549966.0,1344710.0,619978.0,638076.0,879180.0,661238.0,430616.0,671813.0,557418.0,1280483.0,1341149.0,472138.0,543420.0,538623.0,414975.0,430518.0,998458.0,532397.0,646791.0,28.8562,0.002439,604501.8,18.5249,0.001571,776985.5,7.2063,0.000724,782185.33,4.7722,0.00052,750685.15,3.7294,0.00039,737442.73,2.5309,0.000256
20261002,2545,皇翔,119689.0,44791.0,151207.0,116282.0,59553.0,104400.0,128597.0,161425.0,621153.0,240156.0,108012.0,84780.0,189642.0,231187.0,177701.0,106653.0,188403.0,294574.0,206574.0,221043.0,217854.0,199068.0,228947.0,161549.0,224432.0,191404.0,139850.0,471553.0,252462.0,214352.0,105229.0,37.9138,0.000521,98304.4,24.3507,0.000336,174725.3,6.8501,0.000155,169238.33,4.7148,0.000111,177791.1,3.366,8.3e-05,195243.1,2.0434,5.5e-05
20261002,2546,根基,125411.0,119687.0,111421.0,140126.0,80044.0,96418.0,107410.0,122105.0,244479.0,251863.0,286122.0,238982.0,106506.0,156772.0,121657.0,48959.0,114460.0,143247.0,153701.0,395813.0,106754.0,350692.0,158068.0,125628.0,111173.0,203767.0,526483.0,393577.0,586765.0,383894.0,118839.67,35.1765,0.000546,115337.8,21.7467,0.000352,139896.4,8.9646,0.000162,153933.53,5.4314,0.000116,158259.15,3.9622,8.7e-05,203732.8,2.0519,5.7e-05
20261002,2547,日勝生,671986.0,724577.0,1404389.0,774661.0,1238412.0,1346268.0,1034181.0,1379302.0,2138642.0,1293610.0,1071966.0,2249415.0,1386148.0,2786114.0,1138407.0,1023130.0,931719.0,1459952.0,1329476.0,1259448.0,1041750.0,1089594.0,2050633.0,1279988.0,869344.0,880221.0,816385.0,814477.0,723306.0,756715.0,933650.67,23.9913,0.002927,962805.0,13.9589,0.001885,1200602.8,5.5971,0.000869,1375871.87,3.256,0.000624,1332090.15,2.5223,0.000468,1232140.53,1.8179,0.000307
20261002,2548,華固,1422249.0,575056.0,1628153.0,1191007.0,324548.0,1152373.0,616447.0,1747614.0,4428034.0,902582.0,783756.0,1610583.0,1321028.0,543962.0,540590.0,659368.0,440165.0,564236.0,598093.0,779361.0,615987.0,633052.0,1614841.0,1455860.0,623823.0,707320.0,529800.0,1658846.0,945560.0,1708924.0,1208486.0,39.2295,0.006196,1028202.6,27.6648,0.00399,1398806.3,10.1676,0.00184,1252532.13,7.57,0.001321,1091460.25,6.5153,0.00099,1077440.6,4.4001,0.000651
20261002,2597,潤弘,327348.0,272552.0,161609.0,87871.0,180208.0,203292.0,185193.0,124680.0,215835.0,351872.0,129907.0,115120.0,141717.0,171133.0,170270.0,479590.0,189046.0,132056.0,130510.0,174519.0,402060.0,472822.0,170916.0,89621.0,127459.0,377825.0,125775.0,111093.0,100343.0,132840.0,253836.33,42.9868,0.001426,205917.6,31.7941,0.000918,211046.0,15.5107,0.000424,189240.47,11.532,0.000304,197216.4,8.2992,0.000228,201836.07,5.4062,0.00015
20261002,2601,益航,,,,,,,4011556.0,6717506.0,23990310.0,2344657.0,1683505.0,2025754.0,1879257.0,2500788.0,3166061.0,2232803.0,1726038.0,2020511.0,1738088.0,2358199.0,1669108.0,1727040.0,1899508.0,2326754.0,2319898.0,6398171.0,20912344.0,12206714.0,12759052.0,4865868.0,,,,,,,9266007.25,,,5368821.56,,,4171073.79,,,5228312.08,,
20261002,2603,長榮,5621086.0,5955064.0,4735702.0,6250427.0,4944813.0,5801298.0,6321791.0,6287955.0,10734765.0,8766454.0,12583031.0,6962846.0,12908688.0,8626038.0,6710165.0,8646886.0,6325453.0,5618324.0,17620657.0,9241484.0,10458669.0,12604056.0,10805315.0,8259200.0,20913545.0,28187454.0,22432318.0,33249355.0,20579536.0,30599331.0,5437284.0,34.4601,0.024486,5501418.4,20.435,0.015771,6541935.5,8.5924,0.007273,7547341.53,4.9652,0.005221,8033146.35,3.4987,0.003911,11958390.2,1.5668,0.002571
20261002,2605,新興,7945053.0,4547958.0,10034189.0,10030192.0,6256782.0,6734824.0,5164616.0,12860816.0,9451516.0,14491606.0,12864086.0,8993430.0,6995523.0,15254289.0,24763869.0,14005228.0,9484244.0,7665129.0,9121757.0,16528623.0,7593610.0,6608988.0,8875293.0,8462440.0,9736210.0,23658234.0,29783116.0,37504751.0,70856199.0,24205597.0,7509066.67,35.2687,0.03461,7762834.8,20.4695,0.022291,8751755.2,9.0782,0.01028,10425916.6,5.0803,0.00738,10659686.5,3.7267,0.005529,14682605.6,1.8037,0.003634
20261002,2606,裕民,3649164.0,1729086.0,2063214.0,4989525.0,2953322.0,1711007.0,2274843.0,2328261.0,2655269.0,3653421.0,5725760.0,4503726.0,2841174.0,5184382.0,6465791.0,4709277.0,2421495.0,5286800.0,7702734.0,13294747.0,3821274.0,5933965.0,11442357.0,7894987.0,11142324.0,22974195.0,14604626.0,15910892.0,5172015.0,6005637.0,2480488.0,49.0383,0.015896,3076862.2,23.72,0.010238,2800711.2,13.0294,0.004722,3515196.33,6.9207,0.003389,4307149.9,4.2362,0.002539,6368175.67,1.9101,0.001669
20261002,2607,榮運,167740.0,188561.0,305124.0,391612.0,216362.0,178055.0,232726.0,141790.0,488809.0,682049.0,233926.0,194503.0,195201.0,271321.0,253583.0,326707.0,247289.0,350480.0,352808.0,246797.0,308568.0,546758.0,1078477.0,264891.0,436418.0,503602.0,845363.0,992362.0,484898.0,666873.0,220475.0,25.3604,0.000731,253879.8,13.2141,0.000471,299282.8,5.6047,0.000217,276090.8,4.0504,0.000156,283272.15,2.9608,0.000117,393121.77,1.4223,7.7e-05
20261002,2608,嘉里大榮,163236.0,85896.0,105210.0,215391.0,92755.0,136293.0,94117.0,353309.0,341851.0,271400.0,690148.0,112075.0,178497.0,1015721.0,598118.0,80880.0,107951.0,256199.0,254658.0,157203.0,52361.0,72344.0,163585.0,141247.0,219824.0,175350.0,340331.0,389062.0,209376.0,102628.0,118114.0,46.0674,0.000711,132497.6,24.6398,0.000458,185945.8,8.7787,0.000211,296934.47,3.6649,0.000152,265545.4,3.0736,0.000114,239233.87,2.2744,7.5e-05
20261002,2609,陽明,11663046.0,12469577.0,16623183.0,23606564.0,12099033.0,27682926.0,16601037.0,22246087.0,47583928.0,41269391.0,41409617.0,22032722.0,30195141.0,79512906.0,43320399.0,31633364.0,15542080.0,15705138.0,29297988.0,35026477.0,41626918.0,49894440.0,233814127.0,42997981.0,60493753.0,157663706.0,170173225.0,198985656.0,114832016.0,86793170.0,13585268.67,28.6169,0.050806,15292280.6,15.2535,0.032722,23184477.2,5.0305,0.015091,29887703.8,2.6015,0.010833,28776030.2,2.0265,0.008116,57759853.2,0.6731,0.005335
20261002,2610,華航,7576661.0,11977056.0,16977467.0,7852078.0,25331179.0,34416034.0,20154934.0,6925883.0,24511612.0,14343844.0,12213671.0,22908902.0,7960868.0,13188384.0,14196184.0,8815142.0,15148183.0,13861205.0,13363037.0,17156660.0,16116339.0,13074092.0,22214855.0,26793622.0,30842889.0,39471879.0,29481044.0,27868101.0,24474464.0,21925271.0,12177061.33,20.7403,0.033005,13942888.2,10.8681,0.021257,17006674.8,4.4551,0.009803,16035650.47,3.1499,0.007037,15443949.2,2.453,0.005272,18704718.0,1.3502,0.003465
20261002,2611,志信,369598.0,236913.0,497762.0,225756.0,286922.0,247072.0,591625.0,287660.0,473370.0,386817.0,354019.0,427341.0,203412.0,294368.0,482690.0,298168.0,1044992.0,476329.0,547197.0,642992.0,484805.0,467557.0,905556.0,1135116.0,930386.0,2084733.0,5731216.0,6954522.0,1821819.0,1357726.0,368091.0,33.4698,0.00161,323390.2,22.8577,0.001037,360349.5,10.2567,0.000478,357688.33,6.8886,0.000343,418750.15,4.4131,0.000257,1008281.3,1.2219,0.000169
20261002,2612,中航,361515.0,131957.0,288104.0,388561.0,244146.0,235188.0,181480.0,340722.0,306489.0,522621.0,609588.0,594852.0,574888.0,933428.0,937633.0,790287.0,292164.0,611263.0,996828.0,1918065.0,423840.0,741355.0,1480479.0,1665668.0,2349476.0,3540248.0,2003970.0,2429334.0,1949197.0,1296612.0,260525.33,46.2546,0.001575,282856.6,25.5617,0.001014,300078.3,12.0474,0.000468,443411.47,5.4354,0.000336,562988.95,3.2107,0.000252,971331.93,1.2406,0.000165
20261002,2613,中櫃,173784.0,97537.0,207361.0,110543.0,130355.0,141797.0,114657.0,178972.0,182110.0,233058.0,323888.0,192836.0,255806.0,269182.0,401985.0,344332.0,283521.0,403908.0,357182.0,791445.0,327576.0,461577.0,893773.0,657665.0,1097544.0,2666731.0,10527276.0,3807856.0,1477835.0,1251006.0,159560.67,36.3047,0.000757,143916.0,24.1508,0.000488,157017.4,11.0678,0.000225,200924.73,5.7661,0.000161,259712.95,3.3457,0.000121,945436.6,0.6127,7.9e-05
20261002,2614,東森,2756942.0,2033832.0,1808945.0,2885213.0,320181.0,691265.0,766076.0,532467.0,478438.0,682054.0,651343.0,444311.0,489482.0,305215.0,842657.0,727568.0,278641.0,1184592.0,471370.0,679406.0,371070.0,362450.0,565533.0,650681.0,799461.0,455209.0,889078.0,2542839.0,710814.0,440754.0,2199906.33,41.7736,0.01201,1961022.6,28.1174,0.007735,1295541.3,21.2802,0.003567,1045894.73,17.5731,0.002561,951499.9,14.4873,0.001918,893929.57,10.2802,0.001261
20261002,2615,萬海,4638177.0,4209797.0,5251682.0,10041037.0,6307120.0,9936550.0,8707967.0,14255960.0,30550377.0,18631521.0,25797544.0,8078477.0,13184172.0,27656631.0,35958208.0,25417973.0,11368928.0,9069060.0,19809367.0,19760722.0,20652756.0,19050703.0,40434432.0,21942146.0,45539692.0,81128921.0,89461603.0,87111618.0,41215791.0,71061313.0,4699885.33,32.8957,0.020205,6089562.6,15.2332,0.013013,11253018.8,4.1217,0.006001,14880348.0,2.078,0.004308,15431563.5,1.5028,0.003227,27541008.17,0.5614,0.002121
20261002,2616,山隆,125806.0,31106.0,62310.0,55544.0,84564.0,106217.0,94001.0,57059.0,64523.0,142693.0,64698.0,61118.0,62305.0,118108.0,127312.0,81950.0,63799.0,82885.0,82134.0,53223.0,129893.0,88692.0,54293.0,83471.0,74021.0,123524.0,61302.0,104123.0,64905.0,83004.0,73074.0,57.3875,0.000548,71866.0,35.0113,0.000353,82382.3,15.271,0.000163,83824.27,10.0055,0.000117,81067.75,7.7593,8.8e-05,82952.77,5.0553,5.8e-05
20261002,2617,台航,536475.0,792762.0,570281.0,2312297.0,575669.0,557822.0,584460.0,1511057.0,969283.0,2187351.0,1546038.0,1456809.0,1926875.0,5793879.0,3341030.0,3532033.0,1240620.0,3612170.0,2542585.0,5115281.0,752082.0,1242908.0,1052954.0,1629903.0,1304850.0,3221571.0,3000454.0,4401407.0,4641864.0,2282392.0,633172.67,28.2427,0.002337,957496.8,11.2058,0.001505,1059745.7,5.0623,0.000694,1644139.2,2.1753,0.000498,2035238.85,1.318,0.000373,2141172.07,0.8352,0.000245
20261002,2618,長榮航,8563147.0,17575412.0,27537928.0,14347588.0,20371832.0,37960392.0,18311354.0,7627935.0,33904689.0,16921237.0,10972884.0,20290683.0,10793404.0,17079967.0,11992663.0,11564018.0,10255863.0,12951191.0,10032140.0,26435053.0,20019837.0,21244156.0,20960560.0,20564641.0,24917033.0,28471617.0,20270027.0,26556485.0,17683556.0,29021411.0,17892162.33,15.9533,0.037302,17679181.4,9.6873,0.024025,20312151.4,4.2158,0.01108,18283407.67,3.1224,0.007954,17274469.0,2.4786,0.005959,19173290.1,1.4887,0.003917
20261002,2630,亞航,644999.0,403948.0,816616.0,464796.0,443905.0,788268.0,456511.0,577488.0,529325.0,600911.0,518606.0,778426.0,949897.0,1899639.0,705120.0,659428.0,709942.0,671800.0,837197.0,1638589.0,1752887.0,1372211.0,1207163.0,4680257.0,10852553.0,2981475.0,1342362.0,2575909.0,4607847.0,8252419.0,621854.33,34.574,0.00281,554852.8,23.2494,0.00181,572676.7,11.2629,0.000835,705230.33,6.0973,0.000599,754770.55,4.2728,0.000449,1824016.47,1.1787,0.000295
20261002,2633,台灣高鐵,3723884.0,2936139.0,3377957.0,6250246.0,3474946.0,3045151.0,5707955.0,3581734.0,18318009.0,3639848.0,4834935.0,4195719.0,2519526.0,3739231.0,2437615.0,1909091.0,2675238.0,5294404.0,3708592.0,3119861.0,1880139.0,3030084.0,5270580.0,2417728.0,2266631.0,2433013.0,1463430.0,2955102.0,2699100.0,2960577.0,3345993.33,37.0979,0.016222,3952634.4,18.8425,0.010448,5405586.9,6.889,0.004818,4785526.33,5.1877,0.003459,4424504.05,4.2083,0.002591,3862215.5,3.2139,0.001703
20261002,2634,漢翔,12874547.0,4805802.0,6006596.0,4595082.0,3731436.0,4930313.0,5761215.0,6322309.0,4526748.0,7679237.0,10249412.0,7430842.0,9453539.0,17127563.0,8899381.0,7449935.0,20073721.0,10831919.0,9832345.0,15474023.0,11409935.0,11315388.0,17759292.0,68007288.0,103744465.0,31147981.0,21260732.0,59948602.0,59904430.0,101347604.0,7895648.33,54.3529,0.056083,6402692.6,40.216,0.036121,6123328.5,21.0254,0.016658,7626268.13,11.2546,0.011958,8902798.25,7.2306,0.008959,22130056.07,1.9392,0.005889
20261002,2636,台驊控股,145564.0,181358.0,323394.0,222241.0,1009165.0,243346.0,203735.0,194909.0,350379.0,672072.0,300673.0,233086.0,347193.0,837082.0,965595.0,255120.0,168222.0,248640.0,432633.0,615607.0,409609.0,442676.0,757343.0,652798.0,806199.0,2045210.0,3809703.0,2768032.0,1397734.0,674913.0,216772.0,22.3836,0.000634,376344.4,7.7357,0.000408,354616.3,4.1048,0.000188,415319.47,2.3366,0.000135,397500.7,1.831,0.000101,723807.7,0.6704,6.7e-05
20261002,2637,慧洋-KY,1864997.0,2302502.0,1545010.0,4494224.0,1912163.0,940940.0,2029861.0,1509669.0,2224030.0,3613965.0,7219610.0,3917647.0,3824716.0,6806320.0,4531258.0,2976175.0,1829124.0,2787433.0,6217733.0,7545575.0,2532689.0,4930344.0,4948732.0,4464181.0,6912912.0,11259226.0,21718935.0,17870989.0,11208949.0,3140972.0,1904169.67,32.6476,0.008124,2423779.2,15.3892,0.005232,2243736.1,8.312,0.002413,3249127.47,3.8267,0.001732,3504647.6,2.6607,0.001298,5302696.03,1.1724,0.000853
20261002,2642,宅配通,28229.0,20158.0,37125.0,24291.0,15508.0,12775.0,33997.0,17695.0,38845.0,40037.0,37165.0,23178.0,36943.0,32145.0,19972.0,27021.0,34034.0,69346.0,20101.0,38449.0,40808.0,35928.0,30447.0,115501.0,64586.0,46535.0,100029.0,64368.0,53913.0,27516.0,28504.0,33.0117,0.000123,25062.2,22.5272,7.9e-05,26866.0,10.5073,3.7e-05,27870.87,6.7523,2.6e-05,30350.7,4.6505,2e-05,39554.83,2.3789,1.3e-05
20261002,2645,長榮航太,597952.0,674343.0,738475.0,377047.0,869516.0,628476.0,971542.0,1261209.0,974064.0,880302.0,828387.0,860644.0,825848.0,1922734.0,774940.0,883938.0,1095147.0,969090.0,905169.0,2233942.0,1733029.0,1648798.0,1760829.0,7313938.0,8145476.0,3035106.0,1921792.0,1505845.0,2505634.0,4936802.0,670256.67,29.7375,0.002605,651466.6,18.3571,0.001678,797292.6,7.4998,0.000774,879031.93,4.5349,0.000555,963638.25,3.1026,0.000416,1792667.13,1.1118,0.000273
20261002,2646,星宇航空,2950628.0,2336074.0,2874381.0,2798512.0,2334494.0,4097833.0,3940666.0,2997636.0,10088623.0,2867552.0,2679729.0,5088904.0,3366966.0,4532460.0,6709374.0,3134821.0,6487081.0,3157420.0,3332509.0,2731941.0,2568845.0,5281490.0,2859620.0,3080669.0,2550027.0,2370531.0,2738937.0,3845701.0,4379336.0,5529984.0,2720361.0,36.1549,0.012853,2658817.8,22.195,0.008278,3728639.9,7.9134,0.003818,3977588.8,4.9454,0.002741,3925380.2,3.7584,0.002053,3790424.8,2.5948,0.00135
20261002,2701,萬企,37317.0,52791.0,47342.0,27138.0,118963.0,168620.0,56023.0,25071.0,35830.0,106988.0,32991.0,60709.0,66660.0,48494.0,11888.0,54250.0,66332.0,66878.0,42044.0,67576.0,75766.0,63804.0,77365.0,62318.0,55449.0,86326.0,26605.0,89410.0,115544.0,45060.0,45816.67,27.1495,0.000163,56710.2,13.1606,0.000105,67608.3,5.5196,4.8e-05,59788.33,4.161,3.5e-05,59695.25,3.1256,2.6e-05,63051.73,1.9728,1.7e-05
20261002,2702,華園,58146.0,37177.0,351887.0,11443.0,29765.0,24588.0,29149.0,21126.0,41755.0,38762.0,30908.0,21010.0,31248.0,79139.0,12972.0,7727.0,38110.0,60047.0,14826.0,32306.0,13146.0,44481.0,48518.0,27181.0,25865.0,66476.0,29130.0,45227.0,44308.0,23663.0,149070.0,13.0019,0.000253,97683.6,11.905,0.000163,64379.8,9.0317,7.5e-05,54605.0,7.099,5.4e-05,48604.55,5.9815,4e-05,44669.53,4.339,2.7e-05
20261002,2704,國賓,40559.0,77222.0,56258.0,121193.0,18064.0,33053.0,48213.0,29156.0,79300.0,77539.0,142021.0,47671.0,62360.0,113270.0,38054.0,89007.0,77242.0,88998.0,59528.0,59951.0,102773.0,363775.0,3950982.0,107564.0,103542.0,140752.0,88243.0,141098.0,261099.0,214541.0,58013.0,23.3045,0.000177,62659.2,12.9459,0.000114,58055.7,6.9862,5.2e-05,65595.53,4.1221,3.8e-05,67932.95,2.9852,2.8e-05,227767.6,0.5936,1.9e-05
20261002,2705,六福,58389.0,104397.0,107869.0,56174.0,82592.0,102000.0,106023.0,215671.0,104453.0,131184.0,209815.0,113760.0,1135152.0,81793.0,137651.0,104624.0,35841.0,99285.0,30427.0,40692.0,143926.0,75094.0,63667.0,95661.0,38506.0,67575.0,58513.0,123408.0,164664.0,140621.0,90218.33,21.5732,0.000254,81884.2,14.2614,0.000164,106875.2,5.4633,7.6e-05,183128.2,2.1256,5.4e-05,152889.6,1.9095,4.1e-05,134314.23,1.4491,2.7e-05
20261002,2706,第一店,54928.0,15089.0,41574.0,93277.0,32326.0,113934.0,23321.0,117955.0,124543.0,90106.0,55729.0,67560.0,85598.0,89346.0,171886.0,57083.0,157618.0,313771.0,76384.0,67819.0,155349.0,112281.0,102666.0,51445.0,61921.0,52759.0,191428.0,127465.0,65241.0,38953.0,37197.0,49.2226,0.000239,47438.8,23.1574,0.000154,70705.3,7.7686,7.1e-05,78478.13,4.6661,5.1e-05,92492.35,2.9693,3.8e-05,93645.17,1.9552,2.5e-05
20261002,2707,晶華,98339.0,78822.0,87939.0,158264.0,87537.0,55543.0,153921.0,76629.0,170404.0,50655.0,89082.0,62775.0,75126.0,96457.0,66905.0,85461.0,123196.0,104580.0,99857.0,80003.0,50072.0,104610.0,393928.0,125979.0,47923.0,83266.0,111906.0,495130.0,92091.0,70028.0,88366.67,37.0951,0.000428,102180.2,19.2482,0.000276,101805.3,9.6595,0.000127,93893.2,6.9823,9.1e-05,95074.75,5.1717,6.8e-05,115880.93,2.8287,4.5e-05
20261002,2712,遠雄來,13200.0,3200.0,15156.0,10100.0,4100.0,5116.0,5200.0,3319.0,6694.0,22212.0,56200.0,77000.0,47000.0,2000.0,1000.0,10000.0,13003.0,20088.0,19156.0,3000.0,3000.0,17000.0,2000.0,4000.0,7320.0,15151.0,2000.0,14000.0,13536.0,8000.0,10518.67,41.8304,5.8e-05,9151.2,28.8487,3.7e-05,8829.7,14.9495,1.7e-05,18099.8,4.8619,1.2e-05,16837.2,3.9199,9e-06,14091.7,3.1224,6e-06
20261002,2722,夏都,35172.0,26529.0,29571.0,55123.0,29057.0,20897.0,25686.0,15351.0,29256.0,31459.0,17551.0,51811.0,12115.0,17138.0,16452.0,16059.0,26274.0,34099.0,46897.0,43371.0,20605.0,32280.0,31932.0,19423.0,95490.0,36152.0,68661.0,228505.0,41153.0,13154.0,30424.0,38.5354,0.000153,35090.4,20.0465,9.9e-05,29810.1,11.7987,4.6e-05,27544.53,8.5128,3.3e-05,28993.4,6.0655,2.4e-05,38907.43,3.0133,1.6e-05
20261002,2723,美食-KY,164085.0,142418.0,127865.0,423602.0,101462.0,120532.0,161669.0,210731.0,281267.0,413655.0,189370.0,171562.0,259680.0,370052.0,150132.0,501681.0,331809.0,253617.0,315999.0,521467.0,581659.0,698668.0,1268506.0,385926.0,786658.0,1432079.0,1877255.0,1644639.0,578149.0,229823.0,144789.33,37.7756,0.000715,191886.4,17.1023,0.00046,214728.6,7.6415,0.000212,219205.47,4.9903,0.000152,260632.75,3.1478,0.000114,489867.23,1.1165,7.5e-05
20261002,2727,王品,185632.0,150961.0,287550.0,427899.0,526585.0,177617.0,169208.0,115269.0,228769.0,221204.0,191850.0,94232.0,201070.0,147414.0,210250.0,128484.0,158491.0,313585.0,113698.0,177292.0,183447.0,247479.0,264933.0,247967.0,174893.0,241327.0,287983.0,304729.0,282486.0,294779.0,208047.67,29.7419,0.000809,315725.4,11.7591,0.000521,249069.4,7.453,0.00024,222367.33,5.5653,0.000172,211353.0,4.3915,0.000129,225236.1,2.7472,8.5e-05
20261002,2731,雄獅,130905.0,91631.0,107592.0,152724.0,159511.0,209515.0,201868.0,126468.0,189597.0,368125.0,147997.0,207010.0,346821.0,286338.0,252272.0,381276.0,229888.0,183163.0,142838.0,171975.0,215915.0,267176.0,196103.0,132394.0,209250.0,142620.0,173227.0,461511.0,304337.0,673778.0,110042.67,39.6528,0.00057,128472.6,20.3787,0.000367,173793.6,7.5322,0.000169,198558.27,4.3952,0.000122,204375.7,3.2026,9.1e-05,228794.17,1.9072,6e-05
20261002,2739,寒舍,50885.0,70879.0,46707.0,29683.0,105339.0,27728.0,81539.0,41560.0,44756.0,95345.0,43590.0,62619.0,86698.0,82343.0,75713.0,55539.0,20863.0,63771.0,72638.0,65437.0,99091.0,222971.0,60221.0,157144.0,143000.0,260024.0,194275.0,483099.0,55466.0,51221.0,56157.0,30.204,0.000222,60698.6,16.7664,0.000143,59442.1,8.5604,6.6e-05,63025.6,5.3825,4.7e-05,61181.6,4.1585,3.5e-05,98338.13,1.7248,2.3e-05
20261002,2748,雲品,33600.0,162917.0,48387.0,25097.0,61491.0,23153.0,12237.0,21430.0,45623.0,82739.0,110204.0,34475.0,41130.0,72199.0,52705.0,112723.0,174568.0,89689.0,37051.0,53946.0,50673.0,58761.0,79406.0,41580.0,34359.0,52742.0,81995.0,171486.0,39704.0,60147.0,81634.67,13.7197,0.000146,66298.4,10.136,9.4e-05,51667.4,6.5031,4.3e-05,55159.13,4.061,3.1e-05,64768.2,2.5939,2.3e-05,65540.57,1.7089,1.5e-05
20261002,2753,八方雲集,195249.0,385921.0,145323.0,108662.0,34563.0,126533.0,134729.0,55664.0,142341.0,158804.0,58456.0,174259.0,107467.0,114801.0,153827.0,108576.0,66837.0,81553.0,82395.0,65192.0,128525.0,159985.0,147334.0,95981.0,107565.0,236257.0,260921.0,254005.0,286545.0,92738.0,242164.33,26.8756,0.000851,173943.6,22.4497,0.000548,148778.9,13.1234,0.000253,139773.27,9.3127,0.000181,125057.6,7.8064,0.000136,142366.93,4.5715,8.9e-05
20261002,2762,世界健身-KY,21125.0,116056.0,28650.0,21525.0,64363.0,39245.0,48270.0,33825.0,29170.0,140565.0,44708.0,32376.0,44672.0,148063.0,76473.0,131625.0,34896.0,66046.0,25548.0,94282.0,46561.0,24012.0,139844.0,164008.0,68252.0,103982.0,48596.0,27214.0,28209.0,39029.0,55277.0,12.7389,9.2e-05,50343.8,8.3923,5.9e-05,54279.4,3.8919,2.7e-05,59272.4,2.376,2e-05,62074.15,1.7016,1.5e-05,64373.0,1.0939,1e-05
20261002,2801,彰銀,20636594.0,17913790.0,17386776.0,22785123.0,12370808.0,32124964.0,14996270.0,24240937.0,45992866.0,55925715.0,40587271.0,38455068.0,54168016.0,38086522.0,26974283.0,29009612.0,35457646.0,24267028.0,25691019.0,46745368.0,28838271.0,25541592.0,28219778.0,19034930.0,30074637.0,10525575.0,8838735.0,13355207.0,10549551.0,14904726.0,18645720.0,36.8925,0.089896,18218618.2,22.6544,0.057898,26437384.3,7.8058,0.026702,30843000.2,4.4606,0.019168,31190783.8,3.3081,0.01436,27123289.27,2.5361,0.009439
20261002,2812,台中銀,5364231.0,11214795.0,14055128.0,19296779.0,12860098.0,10748967.0,9842479.0,14256297.0,25370308.0,27622117.0,11508444.0,14214013.0,16569657.0,29131881.0,17421615.0,28989582.0,10612005.0,14117215.0,9780826.0,26875345.0,36663547.0,23179162.0,13658848.0,7174322.0,10026688.0,7003880.0,11363006.0,8506180.0,5671171.0,13824159.0,10211384.67,17.5106,0.023367,12558206.2,8.543,0.01505,15063119.9,3.5612,0.006941,15965120.6,2.24,0.004982,16492589.1,1.6263,0.003733,15564091.5,1.1488,0.002454
20261002,2816,旺旺保,181984.0,374701.0,142682.0,309191.0,324599.0,336654.0,251408.0,218603.0,618133.0,1080465.0,360798.0,380707.0,244146.0,454061.0,255813.0,330204.0,179854.0,689440.0,615358.0,861126.0,290704.0,399260.0,916510.0,2529283.0,2183436.0,979752.0,761790.0,1737607.0,249679.0,323701.0,233122.33,26.0212,0.000793,266631.4,13.6506,0.000511,383842.0,4.7411,0.000235,368929.67,3.2885,0.000169,410496.35,2.2166,0.000127,619388.3,0.9794,8.3e-05
20261002,2820,華票,2798555.0,2353366.0,1915905.0,2931349.0,3574481.0,2299138.0,2133590.0,2947732.0,3763458.0,4405274.0,3254212.0,2974451.0,3224892.0,6054938.0,2929901.0,1650316.0,2638962.0,3700534.0,1607797.0,6662949.0,2924592.0,2062984.0,2890576.0,1853568.0,2446369.0,5282144.0,998343.0,863082.0,1191305.0,1847590.0,2355942.0,39.5957,0.012191,2714731.2,20.6175,0.007852,2912284.8,9.6095,0.003621,3170749.47,5.8841,0.002599,3191090.0,4.385,0.001947,2872745.1,3.2472,0.00128
20261002,2832,台產,74871.0,83583.0,124358.0,203771.0,86239.0,111114.0,161318.0,123376.0,247652.0,424403.0,261999.0,346402.0,298340.0,415185.0,339414.0,264135.0,108536.0,160279.0,104924.0,171886.0,221855.0,155798.0,616947.0,179201.0,108829.0,200920.0,135585.0,215366.0,81569.0,63561.0,94270.67,26.4738,0.000326,114564.4,13.0706,0.00021,164068.5,4.5634,9.7e-05,220135.0,2.2674,7e-05,205589.25,1.8209,5.2e-05,203047.2,1.2291,3.4e-05
20261002,2834,臺企銀,12028725.0,37318805.0,19394771.0,33187671.0,13930042.0,37734715.0,16455807.0,17234830.0,80602711.0,62652493.0,29664934.0,42777943.0,73515266.0,38854381.0,61247986.0,59423314.0,64877865.0,42598738.0,65441010.0,101693429.0,45702144.0,57899478.0,750619689.0,33351515.0,23941434.0,38109258.0,27028638.0,27697246.0,19367581.0,24755093.0,22914100.33,17.4983,0.052399,23172002.8,10.3821,0.033748,33054057.0,3.6391,0.015564,38440072.0,2.0861,0.011173,45531771.8,1.3209,0.00837,65303583.73,0.614,0.005502
20261002,2836,高雄銀,1348690.0,1872757.0,594652.0,1866824.0,529445.0,1337647.0,901652.0,1388602.0,3046702.0,4235154.0,1178354.0,1143253.0,2752714.0,1550728.0,1768422.0,1916259.0,1056940.0,1224904.0,1634258.0,3510984.0,1897972.0,1254149.0,2758316.0,407742.0,1278118.0,589646.0,938442.0,857578.0,886413.0,980604.0,1272033.0,35.3421,0.005875,1242473.6,21.7098,0.003784,1712212.5,7.8769,0.001745,1701039.73,5.2857,0.001253,1742947.05,3.869,0.000938,1556930.7,2.8875,0.000617
20261002,2836A,高雄銀甲特,1060.0,20915.0,9000.0,10300.0,3000.0,24000.0,8501.0,11003.0,13042.0,27000.0,8000.0,1000.0,28260.0,7000.0,3000.0,1000.0,12060.0,5000.0,6050.0,13000.0,6000.0,10000.0,37000.0,12410.0,31000.0,2000.0,8590.0,39590.0,7000.0,1165.0,10325.0,3.4221,5e-06,8855.0,2.3941,3e-06,12782.1,0.8293,1e-06,11672.07,0.6054,1e-06,10609.55,0.4995,1e-06,12231.53,0.2889,0.0
20261002,2838,聯邦銀,1713294.0,2848143.0,1921569.0,4376710.0,1171002.0,1599284.0,1156623.0,1956146.0,3153841.0,3025891.0,1522410.0,1711368.0,5220698.0,1859432.0,2001833.0,1738802.0,2715438.0,2366200.0,1593874.0,2892600.0,2204487.0,1870566.0,2939883.0,2321183.0,1347337.0,2669467.0,1275155.0,1982230.0,1813054.0,1612372.0,2161002.0,26.4275,0.007463,2406143.6,14.241,0.004807,2292250.3,7.4743,0.002217,2349216.27,4.862,0.001591,2327257.9,3.6809,0.001192,2219363.07,2.5733,0.000784
20261002,2838A,聯邦銀甲特,73037.0,14002.0,62005.0,62000.0,28043.0,38023.0,44100.0,77000.0,18131.0,51013.0,25202.0,17069.0,52002.0,101329.0,124025.0,23002.0,22000.0,33316.0,39002.0,53126.0,48050.0,39071.0,29000.0,152341.0,77000.0,13196.0,24000.0,87004.0,7060.0,28000.0,49681.33,49.0036,0.000318,47817.4,30.5483,0.000205,46735.4,15.6278,9.5e-05,52465.4,9.2807,6.8e-05,47871.35,7.6285,5.1e-05,48738.3,4.9952,3.3e-05
20261002,2845,遠東銀,13221721.0,14841518.0,7130250.0,9621102.0,4754137.0,6734644.0,3406781.0,6499819.0,13411078.0,9361852.0,8908274.0,7755084.0,13131800.0,11371305.0,8501575.0,7797860.0,12487760.0,14882250.0,15750287.0,42579382.0,36473327.0,32700753.0,24339507.0,21641599.0,13939090.0,11283231.0,10218398.0,12696705.0,5889869.0,5616092.0,11731163.0,37.5687,0.057596,9913745.6,26.6735,0.037095,8898290.2,14.8587,0.017107,9243396.0,9.536,0.012281,11607423.95,5.6954,0.0092,13564901.67,3.249,0.006047
20261002,2849,安泰銀,239471.0,54065.0,174179.0,150507.0,181693.0,137550.0,98819.0,191553.0,522239.0,243361.0,180405.0,211497.0,363739.0,146766.0,293938.0,333559.0,553577.0,710172.0,230553.0,136002.0,123689.0,173482.0,436088.0,58261.0,82595.0,140005.0,23515.0,162309.0,179172.0,237760.0,155905.0,51.2002,0.001043,159983.0,29.9371,0.000672,199343.7,12.013,0.00031,212652.13,7.5074,0.000222,257682.25,4.6466,0.000167,225684.03,3.537,0.00011
20261002,2850,新產,136444.0,649343.0,1404165.0,649133.0,438941.0,110803.0,68790.0,136609.0,238769.0,350209.0,139122.0,150623.0,256963.0,156596.0,109908.0,139756.0,106920.0,461246.0,148462.0,319778.0,87079.0,228028.0,343533.0,407875.0,135777.0,137734.0,193766.0,288879.0,148623.0,202544.0,729984.0,6.2305,0.000594,655605.2,4.1624,0.000383,418320.6,3.2617,0.000177,333094.53,2.7308,0.000127,308629.0,2.2105,9.5e-05,278213.93,1.6348,6.2e-05
20261002,2851,中再保,903709.0,3396289.0,1080401.0,1827052.0,1710253.0,2402436.0,1837125.0,4110074.0,2661652.0,3980332.0,3506154.0,2135227.0,4268713.0,5733749.0,1782898.0,2336532.0,2582791.0,4277862.0,2671524.0,3799416.0,1974785.0,2902000.0,4610548.0,2014805.0,2768817.0,6696274.0,10448817.0,23729409.0,5129343.0,2602753.0,1793466.33,16.7963,0.003937,1783540.8,10.1339,0.002535,2390932.3,3.7797,0.001169,2755737.6,2.1862,0.000839,2850209.45,1.5853,0.000629,3996058.0,0.7538,0.000413
20261002,2852,第一保,436393.0,380754.0,145286.0,331084.0,220545.0,151838.0,203444.0,240069.0,501738.0,568426.0,150239.0,261957.0,214337.0,261674.0,369319.0,137347.0,173978.0,430439.0,332402.0,295169.0,140893.0,221279.0,521344.0,522704.0,2549646.0,1186472.0,757744.0,1263795.0,628605.0,354802.0,320811.0,45.3427,0.001901,302812.4,28.8227,0.001224,317957.7,13.7249,0.000565,295806.87,9.8351,0.000405,290321.9,7.5157,0.000304,465124.07,3.1274,0.0002
20261002,2855,統一證,4842657.0,4222173.0,5195072.0,6563643.0,5306238.0,5736074.0,9097963.0,12609766.0,4698696.0,3818844.0,4591433.0,5011104.0,5956624.0,3714186.0,3910107.0,5487972.0,5246454.0,5706215.0,4309596.0,6834505.0,3315604.0,5108225.0,3538233.0,3416514.0,3175136.0,3267102.0,4285554.0,2116917.0,3260081.0,2682917.0,4753300.67,33.96,0.021095,5225956.6,18.5331,0.013587,6209112.6,7.7993,0.006266,5684972.0,5.6789,0.004498,5642966.1,4.2909,0.00337,4900853.5,3.2938,0.002215
20261002,2867,三商壽,,,,,,,,,,,,,,,,,,,,,,,,,,,,,67192030.0,22793640.0,,,,,,,,,,,,,,,,44992835.0,,
20261002,2880,華南金,12326772.0,13395509.0,13559866.0,12588665.0,5910247.0,12821890.0,8500509.0,8530932.0,35776337.0,16181633.0,18245339.0,15252989.0,11333629.0,18673673.0,13056360.0,9120535.0,13254248.0,13082688.0,12694801.0,16242371.0,22882451.0,23432105.0,48578786.0,30246901.0,9459728.0,13831992.0,12930557.0,17503839.0,24299348.0,33199202.0,13094049.0,31.3801,0.053697,11556211.8,21.3336,0.034584,13959236.0,8.8305,0.01595,14410290.0,5.7028,0.011449,14027449.65,4.3938,0.008578,17230463.4,2.3847,0.005638
20261002,2881,富邦金,10614902.0,18246085.0,11350421.0,14184273.0,8417116.0,14875887.0,17070787.0,15221165.0,28248424.0,14045882.0,20793317.0,15894184.0,19008138.0,10662888.0,12504942.0,16660623.0,12457783.0,21676639.0,19146551.0,20256586.0,13285257.0,19553535.0,33320565.0,16595185.0,21704439.0,28710843.0,13555025.0,38191506.0,12598616.0,22388766.0,13403802.67,26.3977,0.04624,12562559.4,16.8993,0.029781,15227494.2,6.9709,0.013735,15409227.4,4.5924,0.009859,16066829.65,3.3034,0.007386,18041344.33,1.9612,0.004855
20261002,2881A,富邦特,36390.0,50405.0,66974.0,67027.0,67004.0,72461.0,54225.0,62897.0,34092.0,47068.0,9665.0,26864.0,33108.0,6816.0,73270.0,37590.0,30985.0,198274.0,45586.0,104052.0,294483.0,42064.0,58148.0,24516.0,158422.0,56620.0,12236.0,65651.0,51013.0,25427.0,51256.33,23.6654,0.000159,57560.0,12.6442,0.000102,55854.3,6.5152,4.7e-05,47217.73,5.1379,3.4e-05,56237.65,3.2354,2.5e-05,63777.77,1.9019,1.7e-05
20261002,2881B,富邦金乙特,9432.0,2087.0,3215.0,17655.0,60196.0,5744.0,1323.0,2580.0,14750.0,5911.0,17093.0,2621.0,2516.0,7106.0,7067.0,9113.0,71928.0,43854.0,50726.0,48266.0,16937.0,50744.0,3931.0,5372.0,5048.0,2092.0,43184.0,12761.0,29845.0,12596.0,4911.33,64.0152,4.1e-05,18517.0,10.1874,2.6e-05,12289.3,7.675,1.2e-05,10619.73,5.9211,9e-06,19159.15,2.4615,7e-06,18856.43,1.6673,4e-06
20261002,2881C,富邦金丙特,74670.0,64974.0,26537.0,43297.0,18875.0,68428.0,18774.0,82948.0,39819.0,24522.0,8339.0,15703.0,18005.0,40430.0,45678.0,26412.0,18883.0,56152.0,25221.0,61862.0,31364.0,42823.0,49449.0,36335.0,30263.0,19555.0,73926.0,71286.0,17895.0,15819.0,55393.67,44.9329,0.000325,45670.6,32.6994,0.000209,46284.4,16.1329,9.7e-05,39399.93,12.6345,6.9e-05,38976.45,9.5789,5.2e-05,38941.47,6.3916,3.4e-05
20261002,2882,國泰金,13877928.0,20285318.0,22090817.0,19177458.0,11811664.0,17346843.0,15772789.0,15970215.0,43826072.0,19698413.0,27370591.0,16604431.0,18700175.0,15394406.0,13713393.0,23548014.0,19991277.0,25786342.0,17419167.0,36064344.0,24652478.0,26452218.0,59959891.0,19430471.0,18545986.0,25034402.0,10491603.0,21874820.0,10869498.0,15171145.0,18751354.33,24.6701,0.060454,17448637.0,15.9072,0.038936,19985751.7,6.9439,0.017957,19442700.87,4.7586,0.01289,20722482.85,3.3485,0.009657,21564405.63,2.1452,0.006348
20261002,2882A,國泰特,52169.0,37376.0,16212.0,31147.0,71458.0,23911.0,77102.0,29459.0,36527.0,35627.0,33752.0,9004.0,9192.0,10121.0,24424.0,23410.0,71413.0,31517.0,58405.0,20591.0,304843.0,75119.0,25510.0,122277.0,39588.0,148090.0,24255.0,12673.0,47708.0,40060.0,35252.33,49.3291,0.000227,41672.4,25.0377,0.000146,41098.8,12.6936,6.8e-05,33165.4,10.4866,4.8e-05,35140.85,7.4228,3.6e-05,51431.33,3.3811,2.4e-05
20261002,2882B,國泰金乙特,2071.0,6227.0,9201.0,16012.0,31106.0,2249.0,32482.0,21261.0,7375.0,12709.0,18029.0,14041.0,6624.0,7450.0,2947.0,15841.0,4024.0,15274.0,25339.0,19523.0,45979.0,25960.0,27383.0,15429.0,21524.0,107027.0,38177.0,77426.0,20835.0,10083.0,5833.0,11.835,9e-06,12923.4,3.205,6e-06,14069.3,1.472,3e-06,12652.27,1.0912,2e-06,13489.25,0.7676,1e-06,21986.93,0.314,1e-06
20261002,2883,凱基金,67231685.0,124035181.0,34492869.0,37568266.0,20805805.0,35038084.0,47074088.0,53769739.0,84041486.0,47181728.0,44169972.0,54357732.0,43390833.0,44415166.0,41645435.0,52826646.0,34505752.0,51314316.0,42802542.0,60617343.0,47214212.0,63652325.0,104070641.0,20878621.0,35842285.0,65204736.0,36847710.0,49167372.0,41106180.0,50380920.0,75253245.0,29.7802,0.292871,56826761.2,23.662,0.188626,55123893.1,12.1965,0.086991,51947871.27,8.6281,0.062446,51064233.4,6.5831,0.046783,51188322.33,4.3781,0.030751
20261002,2883B,凱基金乙特,1708082.0,4957639.0,1847182.0,1667880.0,1572899.0,1145658.0,2240165.0,3472175.0,5086327.0,2990413.0,1706882.0,836823.0,1731845.0,1906434.0,2099800.0,964492.0,1579903.0,1673162.0,2239848.0,989185.0,815330.0,1455808.0,915322.0,713335.0,445020.0,1279782.0,801001.0,936710.0,529257.0,1017131.0,2837634.33,20.0646,0.007441,2350736.4,14.5323,0.004792,2668842.0,6.4001,0.00221,2331346.93,4.8844,0.001586,2120839.7,4.0269,0.001189,1710849.67,3.3279,0.000781
20261002,2884,玉山金,21945062.0,29162352.0,30746754.0,32018146.0,18254771.0,25178062.0,17191693.0,24243212.0,91400807.0,51011663.0,41914863.0,35427709.0,42521670.0,50967537.0,56865315.0,79994670.0,66912684.0,54265583.0,61355856.0,96702581.0,47477441.0,40006206.0,75829053.0,19760950.0,21257468.0,34333485.0,25359791.0,21544456.0,99938075.0,46641419.0,27284722.67,26.81,0.095596,26425417.0,16.6091,0.061569,34115252.2,6.4326,0.028395,37923307.73,3.8578,0.020383,46404049.5,2.3646,0.01527,45340977.8,1.6133,0.010037
20261002,2885,元大金,19695021.0,23394934.0,16759201.0,20346003.0,13758876.0,17813965.0,23313467.0,12965915.0,51889026.0,24272039.0,14347692.0,23441138.0,15209396.0,17923620.0,15088213.0,21174099.0,15507453.0,20843675.0,20306355.0,36417623.0,18145744.0,20966131.0,57279554.0,14254324.0,14569297.0,14552604.0,18133372.0,22927496.0,44510181.0,46679887.0,19949718.67,32.9078,0.085794,18790807.0,20.9624,0.055257,22420844.7,8.7842,0.025483,20681233.73,6.3488,0.018293,21223385.55,4.6399,0.013705,23216210.03,2.8278,0.009008
20261002,2886,兆豐金,28642625.0,30290335.0,16038181.0,20847357.0,8333068.0,20938255.0,21285539.0,12052512.0,47531956.0,24220366.0,26462696.0,20370352.0,22519207.0,35912878.0,20888846.0,14872293.0,24420363.0,20349647.0,31950981.0,37830876.0,33784817.0,30744770.0,33911276.0,62205583.0,22503030.0,23809379.0,20203847.0,27479375.0,25322496.0,41757974.0,24990380.33,38.2049,0.124771,20830313.2,27.5009,0.08036,23018019.4,12.4436,0.03706,23755611.53,8.0381,0.026604,24287916.65,5.8965,0.019931,26916029.33,3.5472,0.013101
20261002,2887,台新新光金,56891872.0,82708620.0,34912298.0,46941880.0,22156657.0,38944416.0,47245611.0,55573672.0,139346857.0,61871541.0,64631663.0,43388044.0,41755970.0,41541777.0,38539925.0,69029383.0,67844119.0,57658148.0,47708121.0,78353912.0,88399635.0,89499178.0,185653072.0,33694420.0,38263607.0,48013247.0,31001018.0,56135743.0,70118504.0,62432612.0,58170930.0,32.6004,0.247829,48722265.4,23.3535,0.159617,58659342.4,9.6987,0.073612,54430053.53,6.9682,0.052842,56852224.3,5.0035,0.039588,61341850.73,3.0915,0.026022
20261002,2887E,台新新光戊特一,216645.0,155206.0,209796.0,324807.0,146687.0,103300.0,130807.0,142533.0,85124.0,129358.0,199041.0,120296.0,288776.0,169415.0,181965.0,533194.0,107161.0,173389.0,125140.0,124369.0,31890.0,102570.0,119991.0,136202.0,126314.0,102363.0,99451.0,122784.0,131062.0,153093.0,193882.33,37.2468,0.000944,210628.2,20.5713,0.000608,164426.3,13.1758,0.00028,173583.73,8.3205,0.000201,183350.45,5.9079,0.000151,159757.63,4.5203,9.9e-05
20261002,2887F,台新新光戊特二,34280.0,17566.0,110646.0,29280.0,20879.0,51033.0,42134.0,21009.0,18393.0,24350.0,33342.0,28422.0,43479.0,29969.0,37152.0,44050.0,19222.0,26145.0,14571.0,41588.0,16933.0,27327.0,32420.0,17540.0,18094.0,20248.0,24360.0,23925.0,19572.0,20642.0,54164.0,21.0964,0.000149,42530.2,16.1203,9.6e-05,36957.0,9.2756,4.4e-05,36128.93,6.3255,3.2e-05,34375.5,4.9861,2.4e-05,30285.7,3.773,1.6e-05
20261002,2887G,台新新光庚特一,137016.0,105783.0,83517.0,241714.0,270172.0,52417.0,22196.0,52093.0,59535.0,58111.0,33304.0,100077.0,59633.0,47647.0,64996.0,79627.0,78148.0,77287.0,30412.0,85135.0,8430.0,43408.0,31472.0,23387.0,10344.0,66124.0,55313.0,17953.0,3544.0,24328.0,108772.0,41.9887,0.000597,167640.4,16.3464,0.000384,108255.4,12.6567,0.000177,92547.4,9.87,0.000127,86941.0,7.8798,9.5e-05,67437.43,6.7725,6.3e-05
20261002,2887H,台新新光庚特二,356120.0,171206.0,124806.0,138133.0,546214.0,123058.0,83025.0,98976.0,234503.0,47464.0,408259.0,518156.0,277695.0,138337.0,618813.0,100564.0,26515.0,95548.0,81070.0,63963.0,444708.0,207983.0,30892.0,25158.0,135189.0,58526.0,37117.0,38430.0,44216.0,151083.0,217377.33,54.6086,0.001551,267295.8,26.6461,0.000999,192350.5,18.5141,0.000461,258984.33,9.1671,0.000331,212621.25,8.3745,0.000248,180857.57,6.5635,0.000163
20261002,2887I,台新新光辛特,2453857.0,2304108.0,692835.0,9910263.0,1621862.0,1408529.0,2389193.0,1833817.0,5219155.0,1792046.0,1535635.0,5563124.0,798782.0,2058902.0,4719524.0,1529910.0,1591494.0,11885692.0,7563566.0,9277835.0,5977522.0,1273999.0,756052.0,1288857.0,1775339.0,5751395.0,1914377.0,1872108.0,1760681.0,1028938.0,1816933.33,45.0183,0.010689,3396585.0,14.449,0.006885,2962566.5,8.2829,0.003175,2953442.13,5.539,0.002279,3807506.45,3.2224,0.001708,3318313.23,2.465,0.001122
20261002,2887Z1,台新新光己特,1071326.0,9778.0,102719.0,54835.0,137795.0,102681.0,46846.0,47468.0,32435.0,213107.0,40489.0,31154.0,4053833.0,389090.0,227698.0,199718.0,239164.0,85102.0,141861.0,510026.0,117534.0,128143.0,330436.0,494832.0,837447.0,68022.0,19875.0,141610.0,12947.0,11850.0,394607.67,90.4971,0.004667,275290.6,77.8324,0.003006,181899.0,58.8968,0.001386,437416.93,16.3281,0.000995,386856.25,13.8466,0.000745,329994.03,10.8217,0.00049
20261002,2889,國票金,5874536.0,11163653.0,6708250.0,9771251.0,9529220.0,8081422.0,5934928.0,10664633.0,19915199.0,15773759.0,19056573.0,12957544.0,17139445.0,17403008.0,13172393.0,14881124.0,12640762.0,15632611.0,20648721.0,44317804.0,22666854.0,19361212.0,29104268.0,24759513.0,36308749.0,22821932.0,3985078.0,6242589.0,4156287.0,4230034.0,7915479.67,24.7386,0.02559,8609382.0,13.6468,0.016482,10341685.1,5.6804,0.007601,12209720.93,3.2076,0.005456,14563341.8,2.0169,0.004088,15496778.4,1.2636,0.002687
20261002,2890,永豐金,13939013.0,22127376.0,18029307.0,34667144.0,10439331.0,20244857.0,13630029.0,18347361.0,52002471.0,36030980.0,39272275.0,26932735.0,31277251.0,32601711.0,22672446.0,28031635.0,30010862.0,20513376.0,19136125.0,26398081.0,31205716.0,27422506.0,62967549.0,19928878.0,17521860.0,17073543.0,17164821.0,12337566.0,24546731.0,30985367.0,18031898.67,25.7673,0.06072,19840434.2,14.0511,0.039107,23945786.9,5.8211,0.018036,26147619.13,3.5539,0.012947,25815218.3,2.6998,0.009699,25915296.77,1.7929,0.006376
20261002,2891,中信金,18882806.0,28647138.0,26479156.0,27538151.0,17628463.0,20610634.0,16809301.0,21196337.0,75667472.0,43768969.0,50439678.0,59318127.0,28023152.0,22714818.0,19389793.0,29229387.0,28102434.0,29922109.0,29198109.0,44127663.0,40072437.0,39727859.0,40176473.0,33878789.0,25965855.0,28409411.0,17542213.0,51685764.0,34187497.0,26516533.0,24669700.0,25.5142,0.082256,23835142.8,15.8445,0.052978,29722842.7,6.353,0.024432,31807599.67,3.9577,0.017539,31884684.85,2.9611,0.01314,32528550.93,1.935,0.008637
20261002,2891B,中信金乙特,13059.0,1581.0,2383.0,4747.0,10497.0,4061.0,5514.0,4536.0,4553.0,4935.0,4350.0,1000.0,2061.0,111.0,13529.0,2315.0,1223.0,9402.0,13635.0,2352.0,7347.0,6533.0,9407.0,16368.0,10181.0,14821.0,5101.0,1198.0,7474.0,5504.0,5674.33,76.7139,5.7e-05,6453.4,40.4717,3.7e-05,5586.6,23.3756,1.7e-05,5127.8,16.978,1.2e-05,5292.2,12.338,9e-06,6325.93,6.8812,6e-06
20261002,2891C,中信金丙特,6139.0,70958.0,30856.0,189.0,2428.0,0.0,643.0,2086.0,4537.0,1598.0,93.0,0.0,492.0,3245.0,2187.0,3892.0,12094.0,18663.0,3259.0,2176.0,34750.0,59076.0,7002.0,16262.0,101272.0,3291.0,0.0,2300.0,2549.0,162.0,35984.33,5.6867,2.7e-05,22114.0,5.5521,1.7e-05,11943.4,5.1401,8e-06,8363.4,4.8935,6e-06,8276.75,3.7086,4e-06,13073.3,1.5653,3e-06
20261002,2892,第一金,14985368.0,18760717.0,29031962.0,26936589.0,11353509.0,18149130.0,19900972.0,16248699.0,52942496.0,32824142.0,24115235.0,30707411.0,37037261.0,34933986.0,29076588.0,30638819.0,28543044.0,38993734.0,30570826.0,38579002.0,37045311.0,37065473.0,89869003.0,68304232.0,27111710.0,38426399.0,23922167.0,32059690.0,16299693.0,40529836.0,20926015.67,23.8704,0.065278,20213629.0,14.827,0.042043,24113358.4,6.2146,0.019389,26466937.67,3.7746,0.013919,28216474.5,2.6554,0.010428,32498766.8,1.537,0.006854
20261002,2897,王道銀行,2489916.0,8785321.0,3869500.0,4961924.0,2781975.0,2012300.0,3750675.0,9099521.0,7034401.0,6108209.0,5623926.0,6343448.0,13429710.0,3621275.0,2623489.0,2058193.0,3694946.0,7811549.0,4659233.0,16173535.0,9951222.0,14531847.0,2589705.0,4670686.0,6039435.0,6004038.0,1607230.0,2544347.0,1637632.0,1421906.0,5048245.67,16.4408,0.010846,4577727.2,10.8784,0.006986,5089374.2,4.8924,0.003222,5502372.67,3.0168,0.002313,5846652.3,2.1294,0.001733,5597703.13,1.4827,0.001139
20261002,2897B,王道銀乙特,13362.0,1784.0,58852.0,36864.0,13000.0,16000.0,34181.0,111347.0,54472.0,18343.0,22132.0,46057.0,64022.0,27125.0,18396.0,76000.0,55230.0,24056.0,26000.0,360528.0,41105.0,139097.0,3330.0,26817.0,162791.0,110142.0,10000.0,13460.0,38030.0,86596.0,24666.0,18.0572,5.8e-05,24772.4,10.7878,3.7e-05,35820.5,3.7303,1.7e-05,35729.13,2.4932,1.2e-05,53887.55,1.2398,9e-06,56970.63,0.7818,6e-06
20261002,2901,欣欣,50747.0,36636.0,35495.0,50924.0,163902.0,958071.0,221777.0,21448.0,8568.0,51405.0,16610.0,33874.0,10106.0,28232.0,219944.0,6850.0,19100.0,16299.0,6104.0,5436.0,4467.0,4515.0,12979.0,2550.0,5131.0,12263.0,4588.0,4947.0,8973.0,10031.0,40959.33,41.2987,0.000221,67540.8,15.0271,0.000142,159897.3,3.1737,6.6e-05,127182.6,2.6601,4.7e-05,98076.4,2.5871,3.5e-05,67732.4,2.4974,2.3e-05
20261002,2903,遠百,1847025.0,1960447.0,1760740.0,1122713.0,838175.0,668203.0,384458.0,1332377.0,919762.0,699536.0,1238522.0,1529035.0,1171124.0,920658.0,1455705.0,699118.0,1039929.0,1062429.0,676033.0,1668663.0,889116.0,2005199.0,2230377.0,1261534.0,1601667.0,1487155.0,1699905.0,2983685.0,5775342.0,2066853.0,1856070.67,33.1709,0.008046,1505820.0,24.5318,0.005182,1153343.6,16.0145,0.00239,1189898.67,10.3484,0.001716,1149732.6,8.0324,0.001285,1499849.5,4.1049,0.000845
20261002,2904,匯僑,8459.0,6487.0,29328.0,16574.0,22974.0,12565.0,14821.0,66649.0,22268.0,59356.0,48778.0,53802.0,31689.0,25969.0,28742.0,22456.0,22083.0,53449.0,32426.0,37501.0,33987.0,59868.0,34285.0,14212.0,45667.0,74235.0,42732.0,27622.0,23585.0,35063.0,14758.0,19.106,3.7e-05,16764.4,10.0916,2.4e-05,25948.1,3.26,1.1e-05,29897.4,1.8862,8e-06,30818.8,1.3724,6e-06,33587.73,0.8395,4e-06
20261002,2905,三商,798384.0,1176639.0,770644.0,1238085.0,1197315.0,1430800.0,1473362.0,2090984.0,2529525.0,1992584.0,2043085.0,2369419.0,934169.0,1630561.0,1317427.0,1035374.0,1332893.0,1487962.0,1543732.0,2924093.0,1552082.0,1002116.0,1601652.0,1299334.0,1122045.0,1361455.0,936300.0,1577311.0,1646695.0,1971529.0,915222.33,29.078,0.003478,1036213.4,15.4096,0.00224,1469832.2,5.4318,0.001033,1532865.53,3.4723,0.000742,1565851.85,2.5494,0.000556,1512918.53,1.759,0.000365
20261002,2906,高林,94141.0,40114.0,79256.0,67157.0,95287.0,134707.0,48509.0,117077.0,97683.0,224814.0,82855.0,143868.0,51020.0,136037.0,135191.0,71215.0,120327.0,147845.0,91548.0,88673.0,80035.0,118498.0,100297.0,119379.0,157205.0,298866.0,159294.0,528851.0,134767.0,291472.0,71170.33,44.0919,0.00041,75191.0,25.0405,0.000264,99874.5,9.4259,0.000122,103181.07,6.0826,8.7e-05,103366.2,4.5538,6.6e-05,135199.6,2.321,4.3e-05
20261002,2908,特力,281086.0,260894.0,256712.0,286050.0,275895.0,291079.0,265436.0,219438.0,228453.0,220261.0,220283.0,179016.0,230317.0,203171.0,231052.0,210188.0,246093.0,350309.0,244804.0,245710.0,166182.0,248595.0,251357.0,195023.0,247560.0,181237.0,198791.0,251050.0,267520.0,178534.0,266230.67,35.1933,0.001224,272127.4,20.6584,0.000789,258530.4,10.8725,0.000364,243276.2,7.7028,0.000261,247312.35,5.6828,0.000196,237736.53,3.9411,0.000129
20261002,2910,統領,10011.0,1000.0,33005.0,20115.0,3003.0,13001.0,13000.0,13000.0,16050.0,12029.0,9000.0,11064.0,8142.0,13707.0,16044.0,8750.0,9040.0,33102.0,10222.0,18224.0,7031.0,22100.0,16074.0,4000.0,13017.0,14009.0,1068.0,15000.0,6006.0,26337.0,14672.0,22.744,4.4e-05,13426.8,14.912,2.8e-05,13421.4,7.459,1.3e-05,12811.4,5.2094,9e-06,13575.45,3.6872,7e-06,13205.03,2.5271,5e-06
20261002,2911,麗嬰房,93320.0,90769.0,111425.0,124868.0,38973.0,103447.0,127334.0,103922.0,61847.0,76286.0,40251.0,29837.0,45749.0,42771.0,76832.0,65760.0,39269.0,177472.0,104522.0,71569.0,105567.0,62892.0,59735.0,49866.0,128592.0,105468.0,156816.0,145717.0,71174.0,73467.0,98504.67,31.5789,0.000407,91871.0,20.3154,0.000262,93219.1,10.0108,0.000121,77842.07,7.9923,8.7e-05,81311.15,5.7385,6.5e-05,86183.9,3.6093,4.3e-05
20261002,2912,統一超,2981945.0,2207660.0,1661585.0,1493082.0,2196330.0,2277177.0,963738.0,1167249.0,2787692.0,1131376.0,1495045.0,1125625.0,1022196.0,1098197.0,1308060.0,1223080.0,1948723.0,1328293.0,825935.0,894688.0,1196376.0,1788795.0,2638741.0,1100327.0,957567.0,590476.0,2490906.0,5515619.0,2623132.0,1695961.0,2283730.0,43.5245,0.01299,2108120.4,28.2901,0.008366,1886783.4,15.8044,0.003858,1661130.47,11.9675,0.00277,1556883.8,9.5766,0.002075,1724519.2,5.7638,0.001364
20261002,2913,農林,444038.0,345222.0,883050.0,729074.0,813993.0,1253379.0,818151.0,2611881.0,3068939.0,1452874.0,491142.0,651398.0,621615.0,564636.0,522145.0,693805.0,463261.0,1515907.0,1656797.0,1361349.0,715788.0,1003957.0,844783.0,1537143.0,1717361.0,812075.0,1449599.0,1318141.0,796317.0,2151788.0,557436.67,26.5524,0.001934,643075.4,13.8098,0.001246,1242060.1,3.575,0.000575,1018102.47,2.9076,0.000412,1048132.8,2.1182,0.000309,1110320.27,1.3331,0.000203
20261002,2915,潤泰全,1576854.0,1152943.0,1295830.0,1554776.0,1536402.0,2250622.0,1504534.0,1165805.0,2609847.0,3128197.0,2441861.0,867924.0,1420228.0,1308487.0,888779.0,947774.0,1332452.0,1491180.0,1487767.0,1494724.0,1770702.0,2422882.0,4283337.0,3180383.0,2347036.0,2002537.0,4564107.0,3884994.0,4691800.0,6640048.0,1341875.67,39.1704,0.006869,1423361.0,22.1568,0.004424,1777581.0,8.8708,0.00204,1646872.6,6.3832,0.001465,1572849.3,5.0127,0.001097,2241493.73,2.3449,0.000721
20261002,2923,鼎固-KY,197446.0,44485.0,152576.0,116429.0,143243.0,90282.0,84100.0,75702.0,353005.0,135528.0,241304.0,327576.0,125720.0,240973.0,87908.0,140374.0,112876.0,295431.0,252971.0,88431.0,165372.0,150820.0,220787.0,143669.0,192491.0,245649.0,58467.0,180890.0,313546.0,316018.0,131502.33,50.0488,0.00086,130835.8,30.1823,0.000554,139279.6,14.1762,0.000255,161085.13,8.1715,0.000183,165318.0,5.9717,0.000137,176468.97,3.7296,9e-05
20261002,2929,淘帝-KY,72557.0,34652.0,81468.0,102847.0,86691.0,99033.0,46577.0,94934.0,203489.0,244212.0,80021.0,53522.0,168814.0,122209.0,986265.0,54070.0,33290.0,122785.0,153684.0,101929.0,56076.0,129028.0,88255.0,61848.0,89173.0,118302.0,49593.0,69479.0,33019.0,93722.0,62892.33,38.4557,0.000316,75643.0,19.1841,0.000204,106646.0,6.8035,9.4e-05,165152.73,2.9289,6.7e-05,147152.45,2.4654,5e-05,124384.8,1.9444,3.3e-05
20261002,2939,永邑-KY,39378.0,24032.0,92004.0,51000.0,17001.0,21001.0,9002.0,27002.0,18006.0,11015.0,7000.0,21002.0,13006.0,457002.0,67000.0,28001.0,8401.0,65000.0,355000.0,1000.0,8000.0,4009.0,8001.0,19002.0,8001.0,4200.0,13000.0,2000.0,17000.0,7002.0,51804.67,25.3375,0.000172,44683.0,17.6255,0.00011,30944.1,12.7255,5.1e-05,58296.73,4.5032,3.7e-05,66592.65,2.9566,2.7e-05,47402.27,2.7691,1.8e-05
20261002,2945,三商家購,29029.0,21688.0,20699.0,25135.0,30662.0,213892.0,14253.0,23598.0,16628.0,9164.0,8355.0,13483.0,4455.0,8365.0,14222.0,36235.0,653.0,14755.0,11103.0,4194.0,8306.0,6080.0,41569.0,12026.0,9514.0,6344.0,9058.0,2025.0,16564.0,17725.0,23805.33,40.6478,0.000126,25442.6,22.8192,8.1e-05,40474.8,7.1721,3.8e-05,30241.87,6.3993,2.7e-05,26028.4,5.5764,2e-05,21659.3,4.4675,1.3e-05
20261002,3002,歐格,466159.0,397346.0,327819.0,138621.0,251151.0,361009.0,782856.0,1873547.0,1197574.0,779652.0,51846.0,35302.0,36198.0,60384.0,78910.0,116833.0,66040.0,72180.0,55293.0,81462.0,58496.0,60790.0,76635.0,60313.0,65156.0,63082.0,85542.0,43515.0,159153.0,172028.0,397108.0,39.1295,0.002031,316219.2,29.4833,0.001308,657573.4,7.0891,0.000603,455891.6,6.8168,0.000433,361509.1,6.4474,0.000324,269163.07,5.7729,0.000213
20261002,3003,健和興,254831.0,205478.0,334494.0,286357.0,460508.0,394371.0,573792.0,326968.0,428245.0,641622.0,264868.0,356754.0,415201.0,838069.0,542434.0,662699.0,1588467.0,3354602.0,366975.0,760070.0,408190.0,565161.0,1305927.0,3029544.0,1501163.0,419491.0,332871.0,327983.0,981632.0,1229241.0,264934.33,32.0622,0.00111,308333.6,16.5296,0.000715,390666.6,6.523,0.00033,421599.47,4.0296,0.000237,652840.25,1.9517,0.000177,771933.6,1.1004,0.000117
20261002,3004,豐達科,151965.0,488162.0,165706.0,85163.0,111407.0,177477.0,171722.0,209763.0,195653.0,417657.0,173641.0,184882.0,487522.0,308627.0,219240.0,588200.0,282107.0,510277.0,683184.0,1065876.0,151692.0,401666.0,259443.0,409301.0,700991.0,211402.0,136780.0,194850.0,212670.0,446275.0,268611.0,18.8581,0.000662,200480.6,15.1601,0.000426,217467.5,6.9879,0.000197,236572.47,4.2824,0.000141,333911.55,2.2755,0.000106,326776.7,1.5501,7e-05
20261002,3005,神基,702857.0,975079.0,1298870.0,983939.0,758055.0,1664910.0,1815746.0,2988019.0,1692787.0,3131786.0,1479672.0,1588708.0,2806961.0,1906337.0,949678.0,2017632.0,1571494.0,2431067.0,2162222.0,2693708.0,1404702.0,2100276.0,2788915.0,1999507.0,1550257.0,1699532.0,1503799.0,1971541.0,3204424.0,6556208.0,992268.67,23.6111,0.003062,943760.0,14.8948,0.001972,1601204.8,4.3896,0.000909,1649560.27,2.8406,0.000653,1780976.35,1.9732,0.000489,2013289.6,1.1637,0.000321
20261002,3006,晶豪科,9101409.0,6910568.0,8256303.0,9171752.0,6499142.0,9305114.0,9766932.0,11308937.0,14291230.0,11004816.0,12191590.0,9092194.0,13743680.0,20614655.0,26130142.0,17234838.0,18083273.0,26812246.0,26605989.0,41962593.0,9196167.0,20165284.0,23235364.0,9546036.0,14068417.0,12165843.0,19416434.0,9305545.0,9106315.0,15821817.0,8089426.67,37.5033,0.039647,7987834.8,22.7882,0.025535,9561620.3,9.5187,0.011776,11825897.6,5.1308,0.008454,15404370.15,2.9542,0.006333,15003820.83,2.022,0.004163
20261002,3008,大立光,1683166.0,2312558.0,1670350.0,1784096.0,1200518.0,1689986.0,2454340.0,2092892.0,2850571.0,2145354.0,2427181.0,2988683.0,2655512.0,1987534.0,1755962.0,1404696.0,1975094.0,2481903.0,1626455.0,1688885.0,2294173.0,3399074.0,3700248.0,4885655.0,2913470.0,2001695.0,2364421.0,3439678.0,3873944.0,3723377.0,1888691.33,29.706,0.007332,1730137.6,19.457,0.004722,1988383.1,8.465,0.002178,2113246.87,5.3099,0.001563,2043786.8,4.1178,0.001171,2449049.03,2.2909,0.00077
20261002,3010,華立,956382.0,392956.0,343187.0,367596.0,457308.0,231389.0,378741.0,209715.0,414987.0,310774.0,188357.0,488994.0,324694.0,417514.0,612419.0,994940.0,337014.0,527752.0,296890.0,759489.0,411620.0,324985.0,496632.0,360580.0,448172.0,494297.0,199139.0,301321.0,1102495.0,703254.0,564175.0,56.5062,0.004166,503485.8,37.9904,0.002683,406303.5,23.5386,0.001237,406334.2,15.6912,0.000888,450554.9,10.6134,0.000665,461786.43,6.9035,0.000437
20261002,3011,今皓,637108.0,291227.0,270226.0,174436.0,277954.0,213242.0,240868.0,477661.0,579228.0,1211571.0,636201.0,988520.0,1194705.0,425708.0,327517.0,348399.0,1670722.0,502905.0,421937.0,325176.0,326473.0,434714.0,287179.0,293773.0,236085.0,334995.0,336012.0,345426.0,1344238.0,496372.0,399520.33,53.1561,0.002775,330190.2,38.5904,0.001787,437352.1,14.5674,0.000824,529744.8,8.0178,0.000592,560765.55,5.6807,0.000443,521685.93,4.0708,0.000291
20261002,3013,晟銘電,4569107.0,5259584.0,2758145.0,637300.0,569586.0,1063697.0,754735.0,638436.0,1023134.0,431107.0,374821.0,634971.0,733596.0,1752990.0,1122455.0,938500.0,944628.0,906530.0,782108.0,1450798.0,2577642.0,2990312.0,4408439.0,1988850.0,1067144.0,799524.0,696522.0,550183.0,778662.0,938181.0,4195612.0,36.3007,0.019904,2758744.4,33.1245,0.012819,1770483.1,25.8071,0.005912,1488244.27,20.4675,0.004244,1367311.4,16.7084,0.003179,1471389.57,10.351,0.00209
20261002,3014,聯陽,1134800.0,1276071.0,1815815.0,3216326.0,2408672.0,4800684.0,3657873.0,4097724.0,2377769.0,1161132.0,776601.0,288580.0,413330.0,495734.0,397254.0,562006.0,555777.0,642570.0,1276070.0,1134150.0,444682.0,856757.0,889558.0,472713.0,380330.0,645402.0,365156.0,578430.0,760136.0,770508.0,1408895.33,26.8485,0.004943,1970336.8,11.5188,0.003184,2594686.6,4.3736,0.001468,1887891.0,4.0073,0.001054,1624446.9,3.4929,0.00079,1288420.33,2.9359,0.000519
20261002,3015,全漢,418543.0,338875.0,529686.0,341596.0,219501.0,875451.0,396268.0,527460.0,217298.0,288085.0,295362.0,356508.0,247849.0,248390.0,317790.0,267457.0,186113.0,173251.0,274008.0,451102.0,279888.0,257556.0,324561.0,429586.0,531594.0,281396.0,299275.0,158251.0,269106.0,360121.0,429034.67,32.5182,0.001823,369640.2,22.646,0.001174,415276.3,10.0787,0.000542,374577.47,7.4492,0.000389,348529.65,6.0044,0.000291,338730.9,4.1187,0.000191
20261002,3016,嘉晶,8692203.0,5580762.0,43282581.0,75400142.0,49083815.0,31085717.0,30369344.0,12523363.0,11658641.0,24388426.0,19161129.0,30912478.0,21536063.0,19649188.0,13980714.0,3365101.0,11481206.0,2695630.0,3591167.0,3531323.0,3261035.0,7198205.0,4664276.0,3253682.0,3231808.0,5178243.0,5558840.0,3524488.0,2964464.0,8729366.0,19185182.0,15.1023,0.037864,36407900.6,4.7749,0.024387,29206499.4,2.9761,0.011247,26486971.07,2.1878,0.008073,21098449.65,2.0599,0.006048,15651113.33,1.8512,0.003976
20261002,3017,奇鋐,3274994.0,3303220.0,3653169.0,3928028.0,2261001.0,2649367.0,2288258.0,1743425.0,3785048.0,3034388.0,2744795.0,3217593.0,2215371.0,2111512.0,2574023.0,2364600.0,3350997.0,3303272.0,4515440.0,4418016.0,3136748.0,3084829.0,4468442.0,4035280.0,6114908.0,5242984.0,2274318.0,2515057.0,3972151.0,3603417.0,3410461.0,32.0093,0.014266,3284082.4,19.9447,0.009188,2992089.8,10.9455,0.004237,2852279.47,7.6547,0.003042,3036825.85,5.3921,0.002279,3306155.03,3.3019,0.001498
20261002,3018,隆銘綠能,13077.0,23483.0,36173.0,30637.0,35307.0,58699.0,60713.0,104343.0,28225.0,48513.0,45556.0,9361.0,10182.0,30937.0,35653.0,35372.0,50412.0,50790.0,38745.0,64607.0,40590.0,98303.0,38703.0,112252.0,147528.0,24824.0,79497.0,109583.0,42144.0,89616.0,24244.33,17.9795,5.7e-05,27735.4,9.4298,3.7e-05,43917.0,2.9777,1.7e-05,38057.27,2.2908,1.2e-05,40539.25,1.6129,9e-06,53127.5,0.8205,6e-06
20261002,3019,亞光,2069927.0,1848644.0,1304111.0,1562554.0,6264184.0,2495771.0,1889313.0,1460975.0,2259857.0,2606065.0,6039368.0,2307775.0,3299341.0,2701523.0,2189533.0,3441685.0,3749025.0,5128775.0,7894390.0,33676349.0,24643003.0,8488033.0,5879970.0,2471706.0,6113533.0,2844962.0,1556270.0,1561491.0,2396471.0,2294424.0,1740894.0,39.6334,0.009017,2609884.0,15.8622,0.005807,2376140.1,8.7113,0.002678,2686596.07,5.1364,0.001923,4709458.25,2.1976,0.00144,5081300.93,1.3579,0.000947
20261002,3021,鴻名,599976.0,1240592.0,3337096.0,1253253.0,1664520.0,368099.0,632184.0,666998.0,1145097.0,3737746.0,1380579.0,660797.0,257214.0,285866.0,366136.0,940533.0,1338642.0,3025658.0,316529.0,525343.0,57228.0,132548.0,89358.0,144474.0,137657.0,202435.0,42466.0,78890.0,71080.0,202783.0,1725888.0,11.5878,0.002614,1619087.4,7.4113,0.001683,1464556.1,4.0966,0.000776,1173076.87,3.4097,0.000557,1187142.9,2.527,0.000417,830059.23,2.4094,0.000274
20261002,3022,威強電,803611.0,863351.0,1114495.0,1607789.0,1540683.0,849829.0,1048535.0,1972703.0,1158352.0,2348054.0,564520.0,1114601.0,1241326.0,1163839.0,1037667.0,1501028.0,3966075.0,4751940.0,4749366.0,1539796.0,854935.0,1667997.0,818397.0,1191175.0,1365153.0,1301838.0,1846065.0,1932554.0,1336376.0,2122490.0,927152.33,28.8917,0.003501,1185985.8,13.5518,0.002255,1330740.2,6.0388,0.00104,1228623.67,4.3605,0.000746,1746878.0,2.3001,0.000559,1645818.0,1.6276,0.000368
20261002,3023,信邦,794904.0,715936.0,1125085.0,885891.0,378175.0,704208.0,487602.0,413068.0,699062.0,641088.0,973835.0,769688.0,638725.0,446538.0,353769.0,405778.0,1362519.0,1465020.0,1659541.0,2127281.0,2248436.0,909100.0,588638.0,380275.0,737154.0,451912.0,459990.0,356884.0,1915444.0,540638.0,878641.67,30.1565,0.003463,779998.2,20.3822,0.00223,684501.9,11.6129,0.001029,668504.93,7.9272,0.000738,852385.65,4.6628,0.000553,854539.47,3.1007,0.000364
20261002,3024,憶聲,899309.0,562192.0,473733.0,944848.0,876861.0,540912.0,1387098.0,1384325.0,3454425.0,1150691.0,464259.0,1009988.0,1227874.0,1064637.0,1337274.0,758931.0,1104427.0,879446.0,1741939.0,1311220.0,636516.0,2245000.0,2385291.0,1505597.0,1341731.0,1828208.0,2178683.0,739769.0,806852.0,2086635.0,645078.0,46.4703,0.003918,751388.6,23.9373,0.002523,1167439.4,7.7033,0.001164,1118561.73,5.3599,0.000835,1128719.45,3.9838,0.000626,1277622.37,2.3463,0.000411
20261002,3025,星通,1332929.0,706836.0,156196.0,70091.0,92285.0,44312.0,109675.0,203117.0,75077.0,119954.0,53242.0,51844.0,57142.0,116163.0,171713.0,250337.0,173371.0,336934.0,131874.0,152593.0,116842.0,293766.0,167082.0,109260.0,255007.0,318979.0,153741.0,176361.0,155367.0,216059.0,731987.0,60.6991,0.005806,471667.4,56.5199,0.00374,291047.2,45.7977,0.001725,224038.4,39.6637,0.001238,220284.25,30.2548,0.000928,212271.63,20.9312,0.00061
20261002,3026,禾伸堂,17157777.0,18518160.0,6314086.0,5185200.0,13190269.0,6256406.0,12453517.0,8530973.0,10354507.0,13168960.0,8067246.0,6230611.0,8267483.0,14914692.0,13763005.0,12792343.0,11962376.0,3646503.0,7288466.0,7150909.0,6999229.0,12797881.0,16901442.0,15081013.0,6925051.0,8416228.0,12901313.0,13288166.0,1797462.0,1321195.0,13996674.33,40.8616,0.074742,12073098.4,28.4232,0.048138,11112985.5,15.4394,0.0222,10824859.47,10.5669,0.015936,10260674.45,8.3609,0.011939,10054748.97,5.6881,0.007848
20261002,3027,盛達,74236.0,115914.0,249111.0,130399.0,155165.0,276888.0,995984.0,574317.0,189134.0,78976.0,58133.0,167679.0,106686.0,85797.0,147400.0,36576.0,159512.0,146626.0,198937.0,155349.0,119874.0,75685.0,116668.0,230922.0,207862.0,161848.0,143418.0,69446.0,93051.0,171112.0,146420.33,16.9002,0.000323,144965.0,10.2419,0.000208,284012.4,2.6138,9.6e-05,227054.6,2.1797,6.9e-05,205140.95,1.8094,5.2e-05,183090.17,1.3515,3.4e-05
20261002,3028,增你強,674660.0,560567.0,562381.0,536354.0,783469.0,512122.0,645293.0,659140.0,550857.0,1701218.0,466216.0,446467.0,515321.0,521603.0,654992.0,894233.0,965578.0,821998.0,488941.0,849074.0,772127.0,553808.0,787608.0,1266937.0,920053.0,352703.0,870197.0,494007.0,603603.0,1019152.0,599202.67,37.531,0.002939,623486.2,21.6415,0.001893,718606.1,9.3885,0.000873,652710.67,6.8909,0.000627,690524.2,4.8851,0.000469,715022.63,3.1452,0.000309
20261002,3029,零壹,982672.0,920932.0,1546881.0,1708421.0,2034946.0,1551754.0,2336064.0,3536538.0,6877923.0,4143030.0,11771589.0,7857851.0,17817439.0,6837674.0,889025.0,649555.0,2431884.0,918648.0,624017.0,827261.0,406000.0,657369.0,1354857.0,1192473.0,673191.0,621841.0,1034170.0,416331.0,959780.0,677973.0,1150161.67,28.4792,0.004281,1438770.4,13.6599,0.002757,2563916.1,3.8327,0.001271,4720849.27,1.3877,0.000913,3813205.2,1.2885,0.000684,2808602.97,1.1663,0.000449
20261002,3030,德律,3947165.0,1666287.0,975680.0,1413018.0,456455.0,656721.0,580592.0,378465.0,538100.0,434361.0,313927.0,377353.0,566636.0,633921.0,739719.0,663968.0,1837612.0,852445.0,2693954.0,2790260.0,1127041.0,1396524.0,672490.0,693781.0,839304.0,512442.0,515556.0,533042.0,791770.0,777998.0,2196377.33,59.9042,0.017194,1691721.0,46.6645,0.011074,1104684.4,35.7312,0.005107,911893.33,28.8569,0.003666,1125831.95,17.53,0.002747,1012552.9,12.9941,0.001805
20261002,3031,佰鴻,10999738.0,2758118.0,3719886.0,10641422.0,7189070.0,3343314.0,3083633.0,5912480.0,9800785.0,3775643.0,699782.0,229023.0,445527.0,491613.0,721593.0,680227.0,445010.0,595093.0,947060.0,666721.0,338850.0,575668.0,400731.0,728979.0,1396304.0,2076103.0,1602867.0,1953691.0,246995.0,356482.0,5825914.0,62.9357,0.047916,7061646.8,31.1535,0.030861,6122408.9,17.9664,0.014232,4254108.47,17.2378,0.010217,3357286.9,16.3819,0.007654,2560746.93,14.3184,0.005031
20261002,3032,偉訓,208628.0,310689.0,165408.0,294028.0,716619.0,1734436.0,673964.0,652396.0,491135.0,481782.0,172679.0,310804.0,393584.0,1061840.0,217157.0,229207.0,197789.0,264959.0,267320.0,356102.0,209632.0,748995.0,399895.0,231872.0,224551.0,214713.0,126232.0,292465.0,430219.0,526954.0,228241.67,30.4689,0.000909,339074.4,12.3057,0.000585,572908.5,3.6416,0.00027,525676.6,2.6458,0.000194,460026.3,2.2676,0.000145,420201.8,1.655,9.5e-05
20261002,3033,威健,1689590.0,1485998.0,3088593.0,2109280.0,1650028.0,3228684.0,2226519.0,1680935.0,2451771.0,3684896.0,1557663.0,2357253.0,2824456.0,2044160.0,2958922.0,10098275.0,2464313.0,4248723.0,3416436.0,2823183.0,2360401.0,3621107.0,2659811.0,3494460.0,2832155.0,4060919.0,5310917.0,3464194.0,4460068.0,4620879.0,2088060.33,26.9722,0.00736,2004697.8,16.8563,0.00474,2329629.4,7.2526,0.002186,2335916.53,4.8221,0.001569,2904483.9,2.9086,0.001176,3165819.63,1.779,0.000773
20261002,3034,聯詠,2855910.0,2451830.0,4490920.0,2795234.0,3573000.0,2840457.0,3863999.0,2909033.0,4760155.0,2264012.0,2987298.0,3608523.0,3546048.0,2414338.0,2522795.0,3739044.0,2042980.0,2295152.0,2053343.0,2612709.0,3294710.0,4462054.0,5484810.0,2848078.0,3361245.0,4833293.0,3982588.0,1443424.0,4714319.0,2567450.0,3266220.0,29.1459,0.012441,3233378.8,17.6652,0.008013,3280455.0,8.7058,0.003695,3192236.8,5.9643,0.002653,3031339.0,4.7106,0.001987,3253958.37,2.9256,0.001306
20261002,3035,智原,4927298.0,4389347.0,5825258.0,7221057.0,4855474.0,7475543.0,15188469.0,4394281.0,9197865.0,3654978.0,1179558.0,1298444.0,2897724.0,3566876.0,2115617.0,1935702.0,2837813.0,1564813.0,1470816.0,2519016.0,2909867.0,6122226.0,2225256.0,2656751.0,1944866.0,3542363.0,1652604.0,1374915.0,3152300.0,2541915.0,5047301.0,32.5408,0.021464,5443686.8,18.1028,0.013824,6712957.0,7.34,0.006375,5212519.27,6.3019,0.004577,4425797.45,5.5666,0.003429,3887967.07,4.2244,0.002254
20261002,3036,文曄,6758956.0,9949553.0,7228161.0,4569244.0,6695518.0,4378442.0,7809360.0,6446456.0,12750358.0,18950036.0,7596677.0,7214663.0,3964216.0,4084350.0,6507131.0,3625854.0,5644207.0,6951071.0,7410058.0,15173402.0,28951535.0,5086055.0,4392455.0,5301261.0,7742905.0,7267853.0,6928984.0,3364306.0,8946264.0,5439515.0,7978890.0,28.2368,0.029443,7040286.4,19.2008,0.018963,8553608.4,7.9019,0.008745,7660208.07,5.8823,0.006278,7685385.65,4.3973,0.004703,7904294.87,2.8503,0.003091
20261002,3037,欣興,18635778.0,15498297.0,10764941.0,10830272.0,16628391.0,23050412.0,10824677.0,17461527.0,14576719.0,16743181.0,11860204.0,9646657.0,13143338.0,11445626.0,19157314.0,21332775.0,17812108.0,22187760.0,40890597.0,33450176.0,26059464.0,94479548.0,5892091.0,28940854.0,24046490.0,22926945.0,10751981.0,23202820.0,24248587.0,38530708.0,14966338.67,41.506,0.08118,14471535.8,25.7551,0.052285,15501419.5,12.022,0.024113,14684488.93,8.4605,0.017309,17797037.5,5.2356,0.012968,21834007.93,2.8451,0.008524
20261002,3038,全台,113358.0,203975.0,540962.0,140660.0,98826.0,179654.0,170648.0,163765.0,242909.0,181993.0,88564.0,62416.0,99910.0,350721.0,307040.0,348660.0,246952.0,223317.0,118564.0,148397.0,102771.0,143632.0,171557.0,396623.0,90694.0,117351.0,50290.0,100253.0,119008.0,115248.0,286098.33,13.2073,0.000494,219556.2,10.3261,0.000318,203675.0,5.5656,0.000147,196360.07,3.8486,0.000105,201564.55,2.812,7.9e-05,181290.6,2.0843,5.2e-05
20261002,3040,遠見,442602.0,175521.0,114291.0,159639.0,27703.0,28838.0,215208.0,264539.0,189944.0,303416.0,264984.0,352277.0,256152.0,436160.0,390815.0,414699.0,118849.0,181975.0,61598.0,419263.0,130233.0,187221.0,123541.0,140221.0,202333.0,93554.0,72840.0,62492.0,39478.0,37095.0,244138.0,60.4306,0.001928,183951.2,48.1217,0.001242,192170.1,23.0318,0.000573,241472.6,12.2195,0.000411,240923.65,9.1855,0.000308,196916.03,7.4922,0.000202
20261002,3041,揚智,613401.0,1067759.0,1284122.0,343091.0,390785.0,616337.0,775043.0,1273844.0,1102190.0,356003.0,283644.0,516002.0,202816.0,460807.0,313835.0,475021.0,437292.0,490745.0,521418.0,803771.0,1124582.0,1161841.0,350566.0,410878.0,489249.0,772975.0,490149.0,247772.0,424376.0,790862.0,988427.33,20.6861,0.002672,739831.6,16.5822,0.001721,782257.5,7.8414,0.000794,639978.6,6.3898,0.00057,616396.3,4.9757,0.000427,619705.87,3.2994,0.000281
20261002,3042,晶技,43452288.0,34574954.0,26893773.0,34407830.0,41859153.0,33266958.0,6734712.0,4002497.0,10365783.0,12530454.0,13592217.0,8407802.0,6149550.0,6057403.0,17498646.0,20317492.0,5736921.0,8521357.0,6407392.0,10757015.0,9702955.0,17544015.0,13292309.0,15750113.0,17243496.0,12500262.0,12007976.0,38491497.0,20471704.0,23920097.0,34973671.67,41.4143,0.189284,36237599.6,23.9819,0.12191,24808840.2,17.5148,0.056223,19986268.0,14.494,0.040359,17576709.85,12.3608,0.030236,17748620.7,8.1607,0.019875
20261002,3043,科風,98463.0,58243.0,46179.0,97293.0,26344.0,33189.0,68521.0,87028.0,43685.0,64901.0,56300.0,43669.0,52203.0,53311.0,57713.0,56062.0,66223.0,29713.0,73621.0,78721.0,28768.0,33611.0,28930.0,122163.0,102724.0,235862.0,68028.0,74326.0,64348.0,66850.0,67628.33,48.5314,0.000429,65304.4,30.1551,0.000276,62384.6,15.7832,0.000127,59136.13,11.1002,9.1e-05,59569.1,8.2646,6.9e-05,67233.07,4.8817,4.5e-05
20261002,3044,健鼎,1693324.0,1557583.0,2375027.0,2303013.0,1426110.0,2957168.0,4201331.0,1926772.0,4722978.0,4794495.0,3359354.0,2732822.0,2844808.0,2664934.0,2862572.0,4457537.0,1287611.0,1734445.0,2267532.0,2391315.0,2512926.0,2919218.0,4756985.0,2975986.0,1943306.0,2900758.0,3079316.0,9309480.0,4742368.0,3068545.0,1875311.33,30.0985,0.007376,1871011.4,18.1006,0.004751,2795780.1,6.0567,0.002191,2828152.73,3.9916,0.001573,2728036.55,3.1036,0.001178,3092320.63,1.8253,0.000775
20261002,3045,台灣大,3702973.0,5834785.0,9996628.0,5806538.0,4901190.0,6840892.0,14859045.0,6275213.0,18171327.0,5985415.0,8257070.0,10604689.0,4598994.0,5785236.0,4119530.0,8127829.0,4457218.0,4447140.0,5076578.0,13130153.0,5665186.0,12275130.0,9272070.0,8414134.0,7773618.0,9525190.0,9496643.0,13272143.0,26629390.0,8688832.0,6511462.0,18.9562,0.016131,6048422.8,12.2444,0.010389,8237400.6,4.4953,0.004791,7715968.33,3.1994,0.003439,7548922.15,2.4527,0.002577,8733025.97,1.4134,0.001694
20261002,3046,建碁,105985.0,95148.0,106783.0,65074.0,73645.0,101110.0,131247.0,157182.0,143805.0,237956.0,166337.0,126639.0,351905.0,270771.0,346137.0,142323.0,278687.0,420927.0,217403.0,381611.0,169809.0,218033.0,400027.0,400656.0,217633.0,195673.0,251798.0,197377.0,257363.0,913965.0,102638.67,34.4201,0.000462,89327.0,23.7297,0.000297,121793.5,8.702,0.000137,165314.93,4.2741,9.8e-05,196033.75,2.7032,7.4e-05,238100.3,1.4838,4.8e-05
20261002,3047,訊舟,454801.0,461361.0,706314.0,493787.0,534436.0,1112910.0,3774926.0,4747573.0,449703.0,750326.0,229583.0,251967.0,395911.0,431614.0,246710.0,670118.0,378337.0,392814.0,443585.0,660302.0,292275.0,385379.0,430215.0,411039.0,811858.0,451897.0,289165.0,217701.0,435023.0,524669.0,540825.33,28.0313,0.001981,530139.8,17.1578,0.001276,1348613.7,3.3724,0.000588,1002794.8,3.0236,0.000422,879353.9,2.586,0.000316,727876.63,2.0828,0.000208
20261002,3048,益登,4953591.0,1773847.0,783996.0,1041856.0,1556204.0,803288.0,833056.0,735187.0,619483.0,2037514.0,630681.0,669936.0,700043.0,1079726.0,1130620.0,1104961.0,1473165.0,716778.0,1031546.0,1604527.0,1041777.0,1294083.0,1406697.0,3553464.0,1121746.0,1068627.0,1027722.0,1069185.0,3204496.0,2515866.0,2503811.33,65.9473,0.021579,2021898.8,48.9994,0.013898,1513802.2,32.7228,0.006409,1289935.2,25.6012,0.004601,1264000.25,19.5949,0.003447,1419455.6,11.6326,0.002266
20261002,3049,精金,3124829.0,4037187.0,9024072.0,2310163.0,2304349.0,5545929.0,17344815.0,5174901.0,2707209.0,3711042.0,2380004.0,2397221.0,3003993.0,3504288.0,4087625.0,5928451.0,4528862.0,6658125.0,6300109.0,8576774.0,10234687.0,12428741.0,31545040.0,54731497.0,11918905.0,22879098.0,10131116.0,9199081.0,1312124.0,1446469.0,5395362.67,19.3056,0.013612,4160120.0,15.0228,0.008767,5528449.6,5.6523,0.004043,4710508.47,4.4225,0.002902,5132497.4,3.0442,0.002174,8949223.53,1.1639,0.001429
20261002,3050,鈺德,456133.0,949207.0,774861.0,316070.0,409041.0,538580.0,519894.0,773138.0,419740.0,627565.0,296645.0,498124.0,268352.0,188461.0,358061.0,245227.0,357146.0,284479.0,286246.0,476237.0,363409.0,439345.0,377417.0,527475.0,565626.0,344781.0,375861.0,223647.0,743531.0,338724.0,726733.67,20.9216,0.001987,581062.4,15.7,0.00128,578422.9,7.8858,0.00059,492924.8,6.1691,0.000424,452160.35,5.0439,0.000317,444767.43,3.4185,0.000209
20261002,3051,力特,626199.0,465031.0,1256851.0,336487.0,267019.0,440768.0,1094267.0,572302.0,714443.0,486971.0,306340.0,354649.0,378572.0,1108604.0,363312.0,299191.0,450697.0,729745.0,491504.0,1110565.0,184251.0,410681.0,442379.0,633338.0,446080.0,498366.0,541020.0,272178.0,392743.0,380897.0,782693.67,26.6685,0.002728,590317.4,21.2157,0.001757,626033.8,10.0026,0.00081,584787.67,7.1388,0.000582,592675.85,5.2828,0.000436,535181.67,3.9002,0.000286
20261002,3052,夆典,145417.0,388657.0,235038.0,132344.0,170973.0,241956.0,222887.0,190769.0,152409.0,418092.0,111255.0,264661.0,214770.0,457429.0,119897.0,78715.0,133865.0,107959.0,497075.0,261144.0,447959.0,306573.0,541496.0,582375.0,293659.0,326514.0,465024.0,288911.0,359986.0,249651.0,256370.67,18.9071,0.000633,214485.8,13.5596,0.000408,229854.2,6.3265,0.000188,231103.6,4.1949,0.000135,227265.6,3.1993,0.000101,280248.67,1.7296,6.7e-05
20261002,3054,立萬利,91620.0,123164.0,151637.0,92619.0,81396.0,103553.0,144760.0,73509.0,50644.0,98330.0,71093.0,34437.0,38481.0,35420.0,33515.0,56565.0,189041.0,132714.0,54577.0,66848.0,60278.0,221235.0,103723.0,109308.0,87295.0,135673.0,97033.0,79191.0,226684.0,569461.0,122140.33,25.004,0.000399,108087.2,16.953,0.000257,101123.2,9.0602,0.000119,81611.87,7.4842,8.5e-05,86196.15,5.3146,6.4e-05,113793.47,2.6838,4.2e-05
20261002,3055,蔚華科,1076417.0,1429994.0,15323703.0,7359541.0,9055993.0,25052313.0,8151045.0,4218111.0,1902129.0,1551946.0,1593629.0,1373705.0,1766532.0,11742273.0,8989194.0,13469637.0,8161748.0,3507051.0,3367359.0,7905506.0,4304618.0,5176896.0,2443045.0,2876244.0,4637384.0,1745493.0,676536.0,1003112.0,2186371.0,2214126.0,5943371.33,6.0371,0.004689,6849129.6,3.1432,0.00302,7512119.2,1.4329,0.001393,6705768.33,1.0701,0.001,6849891.3,0.7857,0.000749,5475388.37,0.6553,0.000492
20261002,3056,富華新,421523.0,422164.0,508737.0,425780.0,235342.0,554902.0,616217.0,809563.0,2783341.0,665922.0,374564.0,369668.0,524578.0,611342.0,193313.0,578567.0,347504.0,477758.0,686858.0,442035.0,312499.0,327134.0,622010.0,665198.0,698123.0,328915.0,549468.0,1629548.0,443082.0,479142.0,450808.0,31.168,0.001836,402709.2,20.9344,0.001183,744349.1,5.663,0.000545,634463.73,4.4292,0.000392,602483.9,3.4982,0.000293,603493.23,2.3282,0.000193
20261002,3057,喬鼎,100983.0,117456.0,15334.0,85796.0,91406.0,37903.0,54928.0,80974.0,108965.0,123016.0,69326.0,107861.0,64913.0,91505.0,45126.0,66249.0,60831.0,52710.0,45336.0,41514.0,70596.0,93930.0,68504.0,119296.0,211504.0,60464.0,71252.0,43880.0,336869.0,198528.0,77924.33,43.197,0.00044,82195.0,24.5716,0.000283,81676.1,12.3638,0.000131,79699.47,8.447,9.4e-05,73106.6,6.9066,7e-05,91231.83,3.6896,4.6e-05
20261002,3058,立德,464109.0,280976.0,336204.0,282792.0,293692.0,622870.0,360868.0,634099.0,350873.0,488639.0,287416.0,675087.0,648020.0,349706.0,413748.0,320942.0,433080.0,406747.0,438013.0,410272.0,135476.0,353968.0,380297.0,371729.0,169335.0,355571.0,229739.0,275121.0,263300.0,346472.0,360429.67,42.9218,0.002022,331554.6,27.9959,0.001302,411512.2,11.2781,0.000601,432606.6,7.1521,0.000431,424907.65,5.4613,0.000323,379305.37,4.0786,0.000212
20261002,3059,華晶科,827635.0,1140406.0,1575182.0,754485.0,647194.0,1077967.0,1134133.0,965646.0,995264.0,1585273.0,698139.0,949694.0,841905.0,1123309.0,623267.0,956120.0,1574545.0,1028974.0,1268968.0,2551840.0,2364602.0,1545156.0,988334.0,1602297.0,1907247.0,1543627.0,915761.0,1051419.0,1366977.0,2467762.0,1181074.33,23.3583,0.003605,988980.4,16.7371,0.002322,1070318.5,7.7326,0.001071,995966.6,5.5399,0.000769,1115997.3,3.7081,0.000576,1269104.27,2.1738,0.000379
20261002,3060,銘異,1569267.0,1766140.0,2271586.0,2096629.0,339363.0,442667.0,576747.0,800088.0,381745.0,1708672.0,389742.0,735525.0,509498.0,553992.0,819119.0,1029975.0,652758.0,575432.0,696812.0,2110238.0,493679.0,608593.0,883062.0,999086.0,684158.0,660561.0,466305.0,412711.0,615904.0,791420.0,1868997.67,27.9877,0.006836,1608597.0,19.511,0.004403,1195290.4,13.1288,0.00203,997385.33,10.4892,0.001458,1001299.75,7.8361,0.001092,888049.13,5.8903,0.000718
20261002,3062,建漢,1228568.0,1441699.0,3202355.0,1045142.0,1420020.0,2566100.0,7900418.0,7006632.0,1265816.0,1210172.0,745444.0,848680.0,593286.0,979348.0,872196.0,642618.0,635424.0,914570.0,893211.0,1364358.0,991298.0,710334.0,721616.0,762555.0,1152860.0,551460.0,1436246.0,412702.0,836629.0,839665.0,1957540.67,20.9203,0.005352,1667556.8,14.7349,0.003447,2828692.2,4.3432,0.00159,2155058.4,3.8006,0.001141,1838802.85,3.3407,0.000855,1506380.73,2.7186,0.000562
20261002,3090,日電貿,8401227.0,8362101.0,1199853.0,1579579.0,1725546.0,2119319.0,2503897.0,3226882.0,2105266.0,2961032.0,1568571.0,2541717.0,3300214.0,4471621.0,5770406.0,2668791.0,4056114.0,14273699.0,12141957.0,5160663.0,3121980.0,9067944.0,9614767.0,19371638.0,8767327.0,3412028.0,3998293.0,9808733.0,21470953.0,5949209.0,5987727.0,46.7691,0.036597,4253661.2,39.5012,0.023571,3418470.2,24.576,0.01087,3455815.4,16.2069,0.007803,4506922.75,9.3204,0.005846,6157377.57,4.5481,0.003843
20261002,3092,鴻碩,212123.0,756516.0,1373868.0,148779.0,61043.0,89824.0,132191.0,61255.0,364305.0,225911.0,337402.0,251283.0,133661.0,139737.0,135095.0,196479.0,160743.0,93033.0,113460.0,128101.0,168247.0,175740.0,98194.0,124740.0,199337.0,132015.0,211737.0,103740.0,185621.0,161474.0,780835.67,9.0554,0.000924,510465.8,8.311,0.000595,342581.5,6.1919,0.000274,294866.2,4.7959,0.000197,255740.45,4.1472,0.000148,222521.8,3.1776,9.7e-05
20261002,3094,聯傑,35223446.0,29571938.0,38839091.0,10028323.0,22755440.0,27139876.0,17360784.0,6327733.0,17281945.0,11574856.0,5878795.0,4642507.0,7776747.0,2294363.0,5614453.0,4165088.0,10973412.0,19617528.0,17920641.0,9326594.0,5495413.0,6064529.0,4250873.0,11056818.0,1321147.0,2174601.0,2589333.0,457598.0,805319.0,888978.0,34544825.0,33.9882,0.153438,27283647.6,25.8202,0.098823,21610343.2,16.2993,0.045575,16154019.8,14.5365,0.032716,15215678.0,11.5747,0.02451,11313938.97,10.3776,0.016111
20261002,3130,一零四,32160.0,64449.0,46556.0,39946.0,31931.0,42768.0,39577.0,48532.0,65164.0,37122.0,13103.0,25374.0,39650.0,51104.0,20003.0,35892.0,12907.0,51293.0,17752.0,47515.0,29166.0,17695.0,48406.0,50043.0,71829.0,46771.0,46561.0,86007.0,153775.0,82033.0,47721.67,22.4636,0.00014,43008.4,14.9552,9e-05,44820.5,7.1753,4.2e-05,39829.27,5.383,3e-05,38139.9,4.2161,2.2e-05,46502.8,2.3052,1.5e-05
20261002,3135,凌航,658241.0,326702.0,336645.0,262621.0,639398.0,570835.0,582987.0,467010.0,426003.0,487929.0,438547.0,482885.0,697803.0,849586.0,735719.0,830737.0,659184.0,853108.0,768886.0,1317691.0,2143946.0,1314147.0,1490519.0,1585857.0,2378430.0,5984570.0,4831971.0,3120931.0,1454833.0,1443495.0,440529.33,49.8068,0.002867,444721.4,29.6024,0.001847,475837.1,13.8333,0.000852,530860.73,8.2663,0.000611,619625.85,5.3116,0.000458,1271373.87,1.7258,0.000301
20261002,3138,耀登,324283.0,365535.0,589688.0,439498.0,1133071.0,564064.0,782046.0,1019159.0,3756404.0,2114776.0,192166.0,117058.0,122214.0,97214.0,96598.0,115481.0,137501.0,118181.0,152268.0,149939.0,112002.0,171610.0,176771.0,166145.0,151441.0,128608.0,92314.0,85055.0,151313.0,311138.0,426502.0,25.3444,0.001413,570415.0,11.3701,0.00091,1108852.4,2.9245,0.00042,780918.27,2.7684,0.000301,619357.2,2.6179,0.000226,464451.37,2.3274,0.000148
20261002,3149,正達,24846956.0,37136003.0,18806124.0,9373933.0,2594500.0,3690612.0,7140114.0,6314547.0,7557866.0,7435090.0,2668449.0,2834368.0,4091587.0,5226750.0,3179124.0,4743766.0,2386590.0,3273758.0,6260505.0,13607314.0,4368885.0,4015942.0,3881062.0,4197311.0,5434219.0,9751405.0,3237004.0,4256701.0,8406188.0,4599511.0,26929694.33,30.7553,0.108237,18551503.2,26.787,0.069711,12489574.5,19.8942,0.032149,9526401.53,17.3881,0.023078,8658397.8,14.3485,0.01729,7510539.47,11.0276,0.011365
20261002,3150,鈺寶-創,41385.0,32133.0,23000.0,41000.0,10001.0,8000.0,29460.0,61290.0,28000.0,28209.0,26170.0,47000.0,112504.0,13251.0,30003.0,8001.0,92383.0,6101.0,3003.0,39000.0,14000.0,24000.0,4000.0,54662.0,9000.0,7001.0,21039.0,35000.0,34000.0,7000.0,32172.67,42.878,0.00018,29503.8,28.054,0.000116,30247.8,13.682,5.4e-05,35427.07,7.7878,3.8e-05,33994.7,6.087,2.9e-05,29653.2,4.6521,1.9e-05
20261002,3164,景岳,44753.0,30213.0,33172.0,102558.0,27239.0,19651.0,10124.0,71105.0,16934.0,29985.0,7724.0,8673.0,6323.0,9483.0,525.0,19570.0,12734.0,29991.0,12606.0,334.0,11449.0,12246.0,13221.0,7811.0,32953.0,31412.0,5572.0,23899.0,100127.0,8566.0,36046.0,41.3851,0.000195,47587.0,18.8089,0.000126,38573.4,11.602,5.8e-05,27897.47,10.6946,4.2e-05,24684.85,9.0649,3.1e-05,24698.43,6.0399,2e-05
20261002,3167,大量,6748712.0,9021626.0,4139180.0,4902893.0,8378906.0,6389970.0,5538268.0,3127531.0,7060893.0,4546506.0,2994886.0,3934764.0,3957928.0,4549544.0,5673336.0,7407855.0,16040426.0,1836229.0,4823725.0,4103594.0,2843504.0,4499806.0,4296669.0,5596237.0,4258684.0,4154654.0,5852675.0,7094273.0,8196456.0,5862980.0,6636506.0,33.8969,0.029398,6638263.4,20.3328,0.018934,5985448.5,11.2752,0.008732,5397662.87,8.3354,0.006268,5758838.6,5.8594,0.004696,5594423.67,4.0211,0.003087
20261002,3168,眾福科,16150.0,3155.0,12455.0,8000.0,3090.0,6088.0,11094.0,11102.0,7022.0,24359.0,192.0,25035.0,5022.0,4200.0,15140.0,19230.0,23171.0,27659.0,12949.0,50226.0,4169.0,15601.0,4000.0,4813.0,12179.0,15100.0,6005.0,22930.0,8140.0,8000.0,10586.67,50.8501,7e-05,8570.0,37.6896,4.5e-05,10251.5,15.7538,2.1e-05,10140.27,10.6177,1.5e-05,14266.95,5.6599,1.1e-05,12875.87,4.1809,7e-06
20261002,3189,景碩,18823011.0,32224071.0,23925434.0,16460239.0,44137311.0,29744187.0,29109027.0,23391137.0,18317821.0,15730754.0,10957053.0,7509520.0,11217499.0,8394038.0,13682688.0,15225627.0,11072227.0,17014894.0,19778741.0,27084870.0,14894440.0,36368169.0,31932413.0,21576121.0,32580788.0,23277987.0,11764951.0,17272838.0,21079068.0,26966090.0,24990838.67,25.1065,0.081996,27114013.2,13.8843,0.05281,25186299.2,7.4735,0.024355,20241586.0,6.1995,0.017483,19690007.45,4.7798,0.013098,21050433.8,2.9806,0.008609
20261002,3209,全科,875083.0,553669.0,797503.0,691172.0,451816.0,527126.0,657484.0,780862.0,444299.0,684299.0,875358.0,570765.0,771759.0,2277511.0,1145795.0,589467.0,1133810.0,1217640.0,1153069.0,1575465.0,2368915.0,2441295.0,4144644.0,3694852.0,2049158.0,1998453.0,2038929.0,1525931.0,1216903.0,2853900.0,742085.0,39.3074,0.003812,673848.6,25.9727,0.002455,646331.3,13.5392,0.001132,806966.73,7.2294,0.000813,888697.6,4.9234,0.000609,1403564.4,2.0782,0.0004
20261002,3229,晟鈦,1350644.0,1070262.0,2112106.0,1133433.0,1457101.0,1995978.0,3296427.0,6844198.0,3951268.0,3176518.0,6248616.0,7363074.0,16338975.0,7223482.0,7759095.0,5363549.0,2773017.0,548138.0,1111049.0,900368.0,633221.0,1325011.0,1123660.0,1818237.0,2081761.0,5671791.0,4835973.0,2856128.0,992104.0,1983196.0,1511004.0,29.7957,0.005884,1424709.2,18.9603,0.003789,2638793.5,5.1184,0.001748,4754745.13,1.8937,0.001255,4100864.9,1.6468,0.00094,3511279.33,1.2822,0.000618
20261002,3231,緯創,36439616.0,59140014.0,20375740.0,32141710.0,31269892.0,23772906.0,69481193.0,21876489.0,44060071.0,31292426.0,32629615.0,21186201.0,36189051.0,43003222.0,88549550.0,66840683.0,123233695.0,65693512.0,82904263.0,97294860.0,84035531.0,27956611.0,38946890.0,26484639.0,50713058.0,21024695.0,20241627.0,28030661.0,28162708.0,39193015.0,38651790.0,31.4256,0.158736,35873394.4,20.3157,0.102235,36985005.7,9.8525,0.047149,39427179.73,6.1615,0.033846,51368735.45,3.5469,0.025356,46405471.47,2.6175,0.016667
20261002,3257,虹冠電,136291.0,164320.0,120801.0,147570.0,71864.0,79899.0,153521.0,163456.0,154000.0,157646.0,145234.0,167692.0,94680.0,176479.0,299287.0,287865.0,501217.0,155931.0,192580.0,245091.0,183096.0,223579.0,138437.0,209617.0,191012.0,226838.0,168299.0,70649.0,186395.0,356165.0,140470.67,32.3415,0.000594,128169.2,21.2674,0.000382,134936.8,10.1004,0.000176,148849.33,6.1042,0.000127,180771.2,3.7697,9.5e-05,185650.37,2.4471,6.2e-05
20261002,3266,昇陽,49051.0,19178.0,38070.0,43120.0,19001.0,17000.0,21240.0,32010.0,88234.0,35083.0,37112.0,36270.0,14370.0,63000.0,39045.0,15020.0,24105.0,47063.0,26046.0,43748.0,18203.0,23308.0,26292.0,18713.0,41650.0,51580.0,17054.0,21033.0,56000.0,24041.0,35433.0,46.1444,0.000214,33684.0,29.1242,0.000138,36198.7,13.5505,6.3e-05,36785.6,8.8895,4.6e-05,35388.3,6.9304,3.4e-05,33521.33,4.8776,2.2e-05
20261002,3296,勝德,99061.0,71403.0,64326.0,113130.0,43901.0,75825.0,220363.0,208242.0,432338.0,125015.0,163690.0,217217.0,223778.0,405295.0,22972.0,11935.0,11176.0,28482.0,28411.0,17851.0,21094.0,19279.0,15369.0,28845.0,31037.0,8898.0,17603.0,10199.0,25152.0,33345.0,78263.33,42.1913,0.000432,78364.2,25.2822,0.000278,145360.4,6.8149,0.000128,165770.4,3.9839,9.2e-05,129220.55,3.833,6.9e-05,93174.4,3.5439,4.5e-05
20261002,3305,昇貿,794911.0,660406.0,715550.0,624352.0,355654.0,618709.0,879322.0,656403.0,567674.0,707312.0,482002.0,748240.0,572742.0,1082603.0,1163419.0,839503.0,3067841.0,1241957.0,852632.0,1175046.0,1015676.0,1949038.0,2080138.0,3940430.0,2036678.0,877654.0,766667.0,682545.0,1107354.0,1281653.0,723622.33,36.6172,0.003463,630174.6,25.2283,0.00223,658029.3,12.0802,0.001029,708619.93,7.4785,0.000738,890313.9,4.4642,0.000553,1118137.03,2.3697,0.000364
20261002,3308,聯德,112156.0,84857.0,154833.0,228442.0,33359.0,27717.0,89866.0,30287.0,30049.0,94672.0,33567.0,39565.0,50525.0,24216.0,40699.0,15340.0,21493.0,65517.0,54131.0,65747.0,52692.0,134126.0,116490.0,184710.0,324589.0,1492648.0,32139.0,17077.0,22415.0,48810.0,117282.0,31.8764,0.000489,122729.4,18.277,0.000315,88623.8,12.6553,0.000145,71654.0,10.435,0.000104,64851.9,8.6471,7.8e-05,124091.13,3.0127,5.1e-05
20261002,3311,閎暉,2466947.0,7066254.0,4650953.0,303974.0,855155.0,318304.0,694635.0,942621.0,1410503.0,2257336.0,2089428.0,2318623.0,3173601.0,419620.0,88727.0,126618.0,134953.0,81223.0,87050.0,210688.0,187103.0,287413.0,116355.0,81017.0,185405.0,152562.0,96244.0,67786.0,87926.0,271546.0,4728051.33,17.3923,0.010746,3068656.6,16.0784,0.006921,2096668.2,11.766,0.003192,1937112.07,8.4901,0.002291,1484860.65,8.307,0.001717,1041019.0,7.8991,0.001128
20261002,3312,弘憶股,625035.0,570384.0,1021388.0,629455.0,802159.0,3331425.0,4146735.0,3190062.0,1482020.0,659940.0,257810.0,287469.0,493157.0,560979.0,717109.0,878274.0,869514.0,706532.0,837677.0,3448091.0,2189224.0,816882.0,486179.0,631794.0,776244.0,514847.0,652089.0,553086.0,862076.0,1048062.0,738935.67,28.1953,0.002723,729684.2,17.1317,0.001754,1645860.3,3.7976,0.000809,1251675.13,3.3291,0.000581,1275760.75,2.4497,0.000435,1134856.6,1.8359,0.000286
20261002,3321,同泰,158398.0,139857.0,87626.0,139227.0,113660.0,190334.0,470987.0,162029.0,175354.0,94602.0,174110.0,139415.0,86616.0,128587.0,146350.0,205422.0,252186.0,284515.0,154529.0,229260.0,108984.0,188484.0,380702.0,176562.0,451034.0,142393.0,94027.0,143292.0,105849.0,187043.0,128627.0,41.0484,0.00069,127753.6,24.7974,0.000444,173207.4,9.145,0.000205,160476.8,6.5803,0.000147,176653.2,4.4833,0.00011,183714.47,2.874,7.2e-05
20261002,3338,泰碩,557886.0,340858.0,394432.0,208716.0,150367.0,192736.0,259717.0,303040.0,521399.0,831281.0,184157.0,176725.0,369818.0,223151.0,346092.0,963300.0,2118978.0,274295.0,376395.0,488429.0,408350.0,794606.0,183362.0,241622.0,447292.0,225381.0,146293.0,137248.0,201730.0,233262.0,431058.67,43.1408,0.00243,330451.8,33.765,0.001565,376043.2,14.8357,0.000722,337358.33,11.0246,0.000518,464088.6,6.0106,0.000388,410030.6,4.5353,0.000255
20261002,3346,麗清,301344.0,434042.0,592546.0,722827.0,587047.0,1462347.0,3921232.0,4021757.0,903888.0,572975.0,211278.0,186617.0,279170.0,1314908.0,1427350.0,100473.0,227329.0,315864.0,235367.0,204693.0,266644.0,305755.0,335067.0,210877.0,219156.0,306700.0,179317.0,239688.0,277810.0,245371.0,442644.0,22.6927,0.001313,527561.2,11.424,0.000845,1352000.5,2.2289,0.00039,1129288.53,1.779,0.00028,901152.7,1.672,0.00021,686981.3,1.4622,0.000138
20261002,3356,奇偶,173373.0,212121.0,162786.0,195733.0,354461.0,426256.0,394706.0,470515.0,,,,,,,,629825.0,416766.0,516276.0,623983.0,525048.0,752543.0,349372.0,313593.0,246759.0,374865.0,288611.0,598690.0,333229.0,493198.0,677224.0,182760.0,31.6213,0.000755,219694.8,15.7831,0.000486,298743.88,7.2542,0.000224,298743.88,7.2542,0.000161,392449.92,3.3982,0.000121,414344.91,1.8192,7.9e-05
20261002,3376,新日興,1030830.0,1408149.0,2518660.0,2076761.0,1686649.0,1911005.0,3426008.0,1515070.0,2503624.0,2385744.0,4033824.0,6133879.0,8310442.0,6129310.0,19831863.0,5474045.0,2819423.0,7165015.0,3570664.0,4725016.0,5396219.0,5410658.0,7589400.0,18184638.0,18387612.0,2811965.0,2406536.0,1700493.0,2366558.0,2558996.0,1652546.33,20.7928,0.00449,1744209.8,11.82,0.002892,2046250.0,5.0377,0.001334,4326787.87,1.5883,0.000957,4432799.05,1.1627,0.000717,5182301.87,0.663,0.000471
20261002,3380,明泰,2056580.0,2569518.0,5494158.0,3870773.0,1565415.0,5531166.0,13199398.0,10726272.0,1524750.0,2338685.0,1395282.0,1117376.0,2563653.0,2234714.0,2862913.0,3006036.0,3060824.0,3626927.0,2949133.0,7241869.0,8377185.0,1834952.0,6684503.0,992783.0,1976014.0,757937.0,754925.0,642692.0,1133809.0,1869863.0,3373418.67,20.3214,0.008959,3111288.8,13.2201,0.00577,4887671.5,4.2077,0.002661,3936710.2,3.4827,0.00191,3946772.1,2.6054,0.001431,3465336.83,1.9782,0.000941
20261002,3406,玉晶光,4816591.0,6290699.0,3631717.0,2568917.0,2920160.0,2912790.0,6148749.0,7311337.0,8014269.0,10750888.0,4089353.0,9449175.0,4840043.0,10717908.0,9554384.0,5569916.0,1972893.0,2303955.0,2626231.0,2416584.0,2423763.0,13040049.0,11110178.0,14487914.0,8600439.0,9354491.0,4085580.0,2080079.0,4958403.0,5616144.0,4913002.33,32.6792,0.020982,4045616.8,23.8114,0.013513,5536611.7,8.6995,0.006232,6267798.67,5.1231,0.004474,5445327.95,4.4227,0.003352,6155453.3,2.6083,0.002203
20261002,3413,京鼎,521879.0,545674.0,705048.0,729896.0,476069.0,434234.0,659237.0,369922.0,667280.0,661957.0,296866.0,404311.0,747118.0,1368110.0,871625.0,497506.0,600878.0,511293.0,528092.0,677098.0,628982.0,829486.0,2086794.0,685489.0,692796.0,468604.0,612856.0,1099652.0,990154.0,1766930.0,590867.0,29.4414,0.002273,595713.2,17.5211,0.001464,577119.6,9.0428,0.000675,630615.07,5.5171,0.000485,613704.65,4.2519,0.000363,737861.2,2.3576,0.000239
20261002,3416,融程電,184220.0,408797.0,154921.0,160947.0,88799.0,124676.0,177053.0,249762.0,157686.0,117654.0,81894.0,106860.0,171902.0,238114.0,157714.0,255104.0,1024018.0,191537.0,260738.0,615196.0,283135.0,303433.0,209581.0,498390.0,287806.0,177588.0,135143.0,263296.0,210353.0,529238.0,249312.67,24.6304,0.000802,199536.8,18.4648,0.000517,182451.5,10.0969,0.000238,172066.6,7.1375,0.000171,246379.6,3.7385,0.000128,260851.83,2.3541,8.4e-05
20261002,3419,譁裕,129070.0,241818.0,1020624.0,488427.0,490127.0,186484.0,236791.0,472914.0,250112.0,303116.0,67296.0,93009.0,46331.0,76209.0,138202.0,103411.0,296550.0,128395.0,129245.0,202169.0,14269.0,121489.0,53050.0,63668.0,66257.0,166849.0,77345.0,68157.0,114244.0,99275.0,463837.33,9.2755,0.000562,474013.2,5.4458,0.000362,381948.3,3.3793,0.000167,282702.0,3.0437,0.00012,255015.0,2.5306,9e-05,198163.43,2.1711,5.9e-05
20261002,3432,台端,83030.0,51427.0,50972.0,16088.0,41400.0,35167.0,55720.0,123949.0,137526.0,20046.0,9495.0,0.0,10001.0,9050.0,6629.0,49721.0,12531.0,33622.0,58468.0,29017.0,25406.0,20437.0,35512.0,12368.0,20474.0,18255.0,21156.0,22132.0,35303.0,37687.0,61809.67,44.7772,0.000362,48583.4,34.1804,0.000233,61532.5,13.4937,0.000107,43366.67,12.764,7.7e-05,41692.95,9.9573,5.8e-05,36086.3,7.6696,3.8e-05
20261002,3437,榮創,1251151.0,1527483.0,2199034.0,2071802.0,2575324.0,3135596.0,2900082.0,11410568.0,9848954.0,3072175.0,1123662.0,471448.0,626113.0,2415950.0,2294782.0,1197683.0,264138.0,674245.0,787329.0,657145.0,248723.0,312895.0,332534.0,398763.0,580646.0,1256438.0,732911.0,535355.0,277588.0,359310.0,1659222.67,25.1353,0.00545,1924958.8,12.9992,0.00351,3999216.9,3.1285,0.001619,3128274.93,2.6663,0.001162,2525233.2,2.4773,0.000871,1851327.57,2.2527,0.000572
20261002,3443,創意,393948.0,718321.0,669082.0,1082917.0,1471460.0,2107816.0,711474.0,3187762.0,2735598.0,2334082.0,1261412.0,2199061.0,2640389.0,1484010.0,1829250.0,993983.0,1602965.0,2131993.0,1581762.0,1600424.0,1159803.0,2108698.0,2037697.0,1881658.0,3050886.0,2298730.0,1656444.0,3184974.0,2510975.0,2450948.0,593783.67,22.1151,0.001716,867145.6,9.0861,0.001105,1541246.0,2.556,0.00051,1655105.47,1.5868,0.000366,1636885.45,1.2033,0.000274,1835950.73,0.7152,0.00018
20261002,3447,展達,46660.0,27060.0,84450.0,54033.0,104434.0,25774.0,100409.0,159207.0,225451.0,131676.0,96569.0,99200.0,85250.0,108169.0,78831.0,86015.0,48739.0,56576.0,96958.0,133284.0,137669.0,229567.0,555668.0,158536.0,81211.0,49425.0,82129.0,23124.0,71921.0,70427.0,52723.33,29.4999,0.000203,63327.4,14.7361,0.000131,95915.4,4.8647,6e-05,95144.87,3.2694,4.3e-05,92437.25,2.5239,3.2e-05,110280.73,1.4103,2.1e-05
20261002,3450,聯鈞,17359031.0,5342360.0,5074962.0,5251568.0,5014009.0,7690410.0,8652711.0,8662034.0,11465308.0,16344584.0,8784191.0,8062676.0,11908342.0,1871232.0,2541410.0,3650225.0,2990181.0,962860.0,1645637.0,2686591.0,11020011.0,16284651.0,19380494.0,19408073.0,16731740.0,17184221.0,10502677.0,13968830.0,20473679.0,22420510.0,9258784.33,62.4957,0.075618,7608386.0,45.6313,0.048703,9085697.7,19.1059,0.022461,8268321.87,13.9964,0.016123,6798016.1,12.7677,0.012079,10111173.6,5.7227,0.00794
20261002,3481,群創,211783047.0,465129700.0,486059149.0,104276061.0,101964433.0,219243303.0,502870543.0,287816265.0,128581460.0,140533721.0,99548905.0,77381620.0,108945391.0,139160521.0,145192090.0,302977292.0,188143635.0,251338640.0,130554353.0,365400350.0,170837506.0,137987627.0,264345359.0,314569251.0,122928390.0,116092014.0,122839516.0,126141176.0,225153342.0,209580264.0,387657298.67,18.2105,0.922558,273842478.0,15.4675,0.594181,264825768.2,7.9971,0.274025,214565747.27,6.5802,0.196708,222845023.95,4.7518,0.147368,208912497.47,3.3791,0.096867
20261002,3494,誠研,67602.0,44109.0,27333.0,44736.0,32294.0,39736.0,106345.0,65147.0,298617.0,56533.0,78105.0,17116.0,38467.0,68309.0,41150.0,56829.0,60049.0,88263.0,54757.0,71036.0,23667.0,56797.0,31120.0,54208.0,104106.0,58829.0,101280.0,35104.0,38021.0,33265.0,46348.0,48.6191,0.000294,43214.8,31.2865,0.00019,78245.2,8.6398,8.7e-05,68373.27,6.5915,6.3e-05,67826.65,4.9834,4.7e-05,63097.67,3.5713,3.1e-05
20261002,3501,維熹,88606.0,55355.0,196299.0,151396.0,143731.0,133866.0,132179.0,76882.0,76111.0,191341.0,122405.0,58221.0,79566.0,90816.0,166689.0,106350.0,55555.0,106261.0,210653.0,128521.0,166596.0,66601.0,135141.0,156023.0,148938.0,104765.0,105723.0,64703.0,56152.0,86573.0,113420.0,26.0407,0.000386,127077.4,13.9452,0.000249,124576.6,7.1126,0.000115,117564.2,5.0245,8.2e-05,118540.15,3.7374,6.2e-05,115400.6,2.5594,4.1e-05
20261002,3504,揚明光,852757.0,1338044.0,690793.0,627895.0,1077317.0,1699660.0,1308962.0,1004591.0,1054033.0,1195369.0,1882201.0,1419165.0,1342053.0,2352024.0,1467926.0,2611761.0,1740496.0,3258307.0,3328889.0,6869508.0,9604329.0,4351499.0,6753559.0,12150179.0,10734130.0,7041794.0,2673958.0,2176605.0,1951204.0,3813141.0,960531.33,29.5932,0.003715,917361.2,18.5915,0.002393,1084942.1,7.8599,0.001103,1287519.33,4.4155,0.000792,1856087.55,2.2972,0.000593,3279071.63,0.8669,0.00039
20261002,3515,華擎,182685.0,326295.0,131882.0,152206.0,147990.0,258673.0,338214.0,427372.0,331791.0,559073.0,923429.0,291043.0,399669.0,1786060.0,180552.0,258770.0,574568.0,795620.0,548846.0,713926.0,1072493.0,771237.0,946107.0,271439.0,286503.0,205659.0,323335.0,205892.0,485056.0,793747.0,213620.67,28.5061,0.000796,188211.6,19.4127,0.000513,285618.1,6.3961,0.000236,429128.93,2.8381,0.00017,466433.2,1.9583,0.000127,489671.07,1.2436,8.4e-05
20261002,3518,柏騰,10157623.0,18736885.0,8426466.0,5608941.0,7183649.0,572295.0,1473774.0,936907.0,414945.0,750089.0,512408.0,430131.0,495988.0,583695.0,550661.0,302127.0,513193.0,759489.0,1515283.0,3558467.0,4155596.0,2878511.0,291501.0,160579.0,204734.0,101630.0,183446.0,207676.0,197082.0,258160.0,12440324.67,27.2169,0.044248,10022712.8,20.2692,0.028498,5426157.4,18.7197,0.013143,3788963.8,17.8723,0.009435,3174150.8,16.0005,0.007068,2404064.37,14.084,0.004646
20261002,3528,安馳,316045.0,407144.0,162785.0,130611.0,504831.0,146769.0,119899.0,123094.0,254937.0,275105.0,44397.0,213618.0,124323.0,194198.0,129932.0,158668.0,178681.0,82995.0,88607.0,244453.0,266592.0,171651.0,109198.0,332802.0,235376.0,155617.0,102124.0,111102.0,220529.0,324895.0,295324.67,35.672,0.001377,304283.2,20.7731,0.000887,244122.0,12.9462,0.000409,209845.87,10.0405,0.000294,195054.6,8.1014,0.00022,197699.27,5.3287,0.000145
20261002,3530,晶相光,108001.0,84403.0,114627.0,39475.0,66222.0,60830.0,212662.0,131740.0,114001.0,170438.0,72267.0,47410.0,85811.0,139383.0,79888.0,71080.0,101169.0,106630.0,94043.0,148751.0,123593.0,100466.0,190352.0,216796.0,241103.0,908627.0,64034.0,45853.0,68945.0,87262.0,102343.67,35.1759,0.00047,82545.6,26.1676,0.000303,110239.9,9.7969,0.00014,101810.53,7.072,0.0001,102441.55,5.2713,7.5e-05,136528.73,2.6368,4.9e-05
20261002,3532,台勝科,9010177.0,9721232.0,14082552.0,7089443.0,4617288.0,11441397.0,8358710.0,3944057.0,6778115.0,9584549.0,7746606.0,9430827.0,5381568.0,7432373.0,4334630.0,9176282.0,9378177.0,8013341.0,6836299.0,6008409.0,3847679.0,9118679.0,4415477.0,10689865.0,10266161.0,9820232.0,7236642.0,6281628.0,7431947.0,19319356.0,10937987.0,27.4584,0.03925,8904138.4,20.2382,0.025279,8462752.0,10.6469,0.011658,7930234.93,7.5745,0.008369,7918301.6,5.6895,0.00627,8226456.6,3.6509,0.004121
20261002,3533,嘉澤,2023700.0,2677060.0,2399430.0,2102968.0,1078035.0,2718292.0,858627.0,836492.0,692613.0,841164.0,837111.0,746610.0,719459.0,1034014.0,827646.0,491700.0,679777.0,628390.0,438794.0,798509.0,1128387.0,1454962.0,1678431.0,2933845.0,704252.0,1297643.0,842330.0,1203274.0,1585723.0,1892986.0,2366730.0,28.5021,0.008816,2056238.6,19.6835,0.005678,1622838.1,12.4701,0.002618,1359548.07,9.9234,0.00188,1171519.55,8.6371,0.001408,1271740.8,5.3043,0.000926
20261002,3535,晶彩科,1264766.0,587800.0,1514606.0,1109711.0,1225076.0,354782.0,1655162.0,738199.0,433498.0,1010767.0,704523.0,303185.0,741944.0,474443.0,977538.0,920807.0,1601469.0,1638541.0,447882.0,1145991.0,323370.0,505718.0,393982.0,420222.0,323735.0,533898.0,383958.0,358082.0,429422.0,542023.0,1122390.67,37.5617,0.00551,1140391.8,22.1813,0.003548,989436.7,12.7827,0.001636,873066.67,9.6577,0.001175,942534.5,6.7094,0.00088,768836.67,5.4835,0.000578
20261002,3543,州巧,2167872.0,2685192.0,10696796.0,4142472.0,784913.0,1242163.0,2410579.0,963062.0,950901.0,2664852.0,389630.0,424798.0,920174.0,797373.0,782292.0,823811.0,1277806.0,1264208.0,1688446.0,4991065.0,3682410.0,6418547.0,10452889.0,4153845.0,4455495.0,6967542.0,5466396.0,1923018.0,2420879.0,1862070.0,5183286.67,13.9414,0.009444,4095449.0,10.5867,0.006082,2870880.2,7.5512,0.002805,2134871.27,6.7697,0.002014,2103420.25,5.1532,0.001509,2995716.53,2.4122,0.000992
20261002,3545,敦泰,521236.0,662736.0,950180.0,503191.0,386758.0,412175.0,804403.0,524311.0,954988.0,490007.0,462992.0,415935.0,529874.0,648300.0,784824.0,488667.0,578481.0,469370.0,639243.0,1158738.0,2221782.0,892229.0,591737.0,812774.0,609221.0,540413.0,474288.0,521242.0,768012.0,691806.0,711384.0,24.4236,0.002271,604820.2,17.2361,0.001462,620998.5,8.3935,0.000674,603460.67,5.7583,0.000484,619320.45,4.2081,0.000363,683663.77,2.5414,0.000238
20261002,3550,聯穎,1434723.0,2399524.0,8130123.0,3498604.0,785551.0,1002504.0,1906316.0,2356646.0,2990142.0,3015363.0,895643.0,615041.0,514696.0,579447.0,542517.0,621351.0,689530.0,892571.0,1254082.0,963825.0,925154.0,1197891.0,2273901.0,2063941.0,1264116.0,1840694.0,919697.0,824305.0,1040269.0,1877968.0,3988123.33,11.9916,0.00625,3249705.0,8.8299,0.004025,2751949.6,5.2135,0.001856,2044456.0,4.6784,0.001333,1754409.95,4.0889,0.000998,1643871.17,2.9092,0.000656
20261002,3557,嘉威,215651.0,27269.0,54872.0,30567.0,52371.0,35529.0,48916.0,30401.0,37560.0,71249.0,30332.0,22119.0,87422.0,32179.0,80970.0,32335.0,15848.0,17747.0,21900.0,17850.0,11103.0,34586.0,34531.0,21794.0,24523.0,10936.0,29678.0,35926.0,43354.0,48466.0,99264.0,72.4167,0.000939,76146.0,56.6415,0.000605,60438.5,35.6811,0.000279,57160.47,25.1515,0.0002,48154.35,22.3916,0.00015,41932.8,17.1426,9.9e-05
20261002,3563,牧德,1273871.0,2874564.0,1867198.0,1814860.0,1433099.0,2273717.0,1154879.0,257104.0,268658.0,520685.0,203757.0,236655.0,306189.0,402033.0,360649.0,338333.0,297279.0,449213.0,455156.0,671038.0,713159.0,738157.0,386602.0,266586.0,360650.0,358657.0,276872.0,162862.0,548489.0,516908.0,2005211.0,21.176,0.005549,1852718.4,13.7514,0.003574,1373863.5,9.2722,0.001648,1016527.87,8.3544,0.001183,872946.85,7.2964,0.000886,726262.63,5.8467,0.000583
20261002,3576,聯合再生,29410686.0,55900173.0,86571378.0,11641227.0,48864258.0,11347648.0,13074950.0,26492615.0,13416440.0,3162711.0,3071511.0,4939724.0,4829226.0,4360624.0,4765247.0,5664496.0,3627139.0,3431478.0,3629368.0,6607421.0,8280631.0,11871847.0,37850636.0,22670417.0,7136519.0,7360775.0,6960137.0,7736750.0,6458577.0,9847920.0,57294079.0,17.111,0.128117,46477544.4,12.6559,0.082515,29988208.6,9.8074,0.038054,21456561.2,9.1381,0.027317,17240416.0,8.5296,0.020465,15699417.63,6.2445,0.013452
20261002,3583,辛耘,653931.0,684194.0,1276364.0,714980.0,299371.0,504739.0,549504.0,377871.0,468127.0,602536.0,431450.0,647457.0,743444.0,669217.0,720091.0,1030396.0,1736193.0,959876.0,2003875.0,875396.0,973469.0,1393728.0,1549453.0,1887974.0,1109901.0,1177440.0,686842.0,559155.0,1456683.0,960810.0,871496.33,25.0118,0.002849,725768.0,18.0204,0.001835,613161.7,10.6649,0.000846,622885.07,6.9989,0.000607,797450.6,4.1001,0.000455,923482.23,2.3604,0.000299
20261002,3588,通嘉,1527854.0,611029.0,209992.0,133618.0,174053.0,133098.0,252481.0,112533.0,124703.0,174488.0,140267.0,77169.0,88751.0,119447.0,103556.0,213590.0,407029.0,203299.0,95548.0,154006.0,90124.0,231958.0,117373.0,124650.0,197498.0,192958.0,86192.0,184238.0,120072.0,130615.0,782958.33,65.0462,0.006656,531309.2,57.5128,0.004287,345384.9,44.2363,0.001977,265535.93,38.359,0.001419,252825.55,30.2156,0.001063,217739.63,23.3896,0.000699
20261002,3591,艾笛森,1825704.0,1378569.0,2368305.0,1678493.0,1125915.0,1602900.0,5400296.0,12519988.0,,,,,,,,1276932.0,980618.0,3601707.0,5265540.0,1404170.0,622864.0,1558378.0,248203.0,352821.0,485693.0,1034759.0,596818.0,404646.0,1209905.0,355803.0,1857526.0,32.7623,0.007953,1675397.2,21.7943,0.005122,3487521.25,6.5437,0.002362,3487521.25,6.5437,0.001696,3109933.62,4.5158,0.00127,2056479.43,3.8599,0.000835
20261002,3592,瑞鼎,494423.0,1116128.0,1755009.0,258399.0,258281.0,200071.0,365699.0,145266.0,258326.0,273009.0,164962.0,149879.0,319964.0,279871.0,259212.0,297876.0,336605.0,211242.0,177809.0,254513.0,360927.0,452448.0,2098259.0,235725.0,175757.0,138418.0,240118.0,174441.0,475204.0,466282.0,1121853.33,14.6907,0.002154,776448.0,12.7355,0.001387,512461.1,9.648,0.00064,419899.93,7.8499,0.000459,378827.2,6.5257,0.000344,413137.43,3.9892,0.000226
20261002,3593,力銘,54068.0,20260.0,39768.0,24771.0,19985.0,35536.0,31201.0,30807.0,19872.0,15108.0,21010.0,13235.0,3238.0,3109.0,4103.0,7201.0,5355.0,38201.0,3347.0,26003.0,28012.0,132.0,29848.0,43278.0,31505.0,21029.0,21333.0,2347.0,21842.0,13606.0,38032.0,47.3882,0.000236,31770.4,34.0367,0.000152,29137.6,18.5561,7e-05,22404.73,16.0883,5e-05,20808.9,12.9916,3.8e-05,20970.33,8.5944,2.5e-05
20261002,3596,智易,359911.0,560797.0,626621.0,450284.0,1094859.0,997606.0,769377.0,680316.0,844681.0,559101.0,662710.0,869537.0,433548.0,763969.0,1115738.0,747942.0,1540332.0,501910.0,767291.0,1644979.0,1233608.0,1348708.0,1899802.0,803569.0,1326339.0,1396950.0,1101035.0,699982.0,1418312.0,2107500.0,515776.33,23.2601,0.001568,618494.4,11.6383,0.00101,694355.3,5.1834,0.000466,719270.33,3.3359,0.000334,799575.45,2.2506,0.00025,977577.13,1.2272,0.000165
20261002,3605,宏致,15261661.0,11986946.0,17829847.0,12502653.0,14851996.0,32655109.0,38677204.0,50842491.0,38476309.0,41785207.0,20987973.0,7841855.0,8387303.0,4915056.0,9745092.0,25273109.0,16952861.0,10428662.0,12601654.0,13684319.0,19992489.0,7867059.0,36448245.0,19148721.0,14003684.0,8401678.0,14380707.0,5102278.0,6294199.0,11788125.0,15026151.33,33.8558,0.066482,14486620.6,21.07,0.042818,27486942.3,5.5523,0.019747,21783113.47,4.6708,0.014175,20284365.35,3.7619,0.01062,18303816.4,2.7793,0.006981
20261002,3607,谷崧,140370.0,127845.0,220285.0,55129.0,101378.0,111284.0,202098.0,85905.0,122008.0,401373.0,155287.0,145208.0,109266.0,324151.0,83512.0,70343.0,256224.0,80020.0,97217.0,152138.0,92509.0,283916.0,123082.0,158156.0,222597.0,229037.0,122180.0,80014.0,115209.0,94005.0,162833.33,28.7349,0.000611,129001.4,21.7626,0.000394,156767.5,8.954,0.000182,159006.6,5.8853,0.00013,152052.05,4.6159,9.8e-05,152058.2,3.0771,6.4e-05
20261002,3617,碩天,258203.0,86640.0,211371.0,258989.0,177345.0,206271.0,370955.0,172076.0,324368.0,415400.0,348925.0,251146.0,242436.0,462394.0,472627.0,330077.0,322028.0,398563.0,265876.0,405007.0,344254.0,964295.0,755491.0,493715.0,483169.0,402452.0,1018736.0,1231180.0,944438.0,1001065.0,185404.67,46.4215,0.001125,198509.6,26.0142,0.000724,248161.8,10.4046,0.000334,283943.07,6.0623,0.00024,299034.85,4.3173,0.00018,453983.07,1.8958,0.000118
20261002,3622,洋華,183447.0,83314.0,191623.0,112007.0,188618.0,208245.0,204425.0,138079.0,210493.0,404369.0,174023.0,203040.0,358670.0,442632.0,382838.0,427599.0,357385.0,671225.0,412250.0,514333.0,240636.0,498910.0,313993.0,322138.0,498191.0,649097.0,1731467.0,205037.0,329041.0,457178.0,152794.67,40.0204,0.000799,151801.8,24.1693,0.000515,192462.0,9.5316,0.000237,232388.2,5.2627,0.00017,293430.75,3.1259,0.000128,370476.77,1.6505,8.4e-05
20261002,3645,達邁,1987150.0,3575306.0,5003116.0,1758340.0,6118560.0,8152233.0,1279172.0,2048379.0,893483.0,649472.0,547658.0,735490.0,950237.0,1456092.0,5268432.0,2371612.0,4826440.0,1382531.0,2138640.0,2690321.0,3120839.0,3696114.0,10020032.0,8568904.0,1778990.0,1108046.0,483415.0,672676.0,884410.0,676674.0,3521857.33,18.8078,0.008656,3688494.4,10.7749,0.005575,3146521.1,6.3154,0.002571,2694874.67,4.9159,0.001846,2691633.2,3.6913,0.001383,2828092.13,2.3422,0.000909
20261002,3652,精聯,119703.0,56085.0,54046.0,45323.0,65160.0,47001.0,98868.0,180851.0,66030.0,110070.0,118206.0,62773.0,57567.0,62000.0,59075.0,138766.0,51094.0,186119.0,104598.0,130724.0,57157.0,89745.0,77085.0,76009.0,119591.0,85140.0,147042.0,96161.0,454640.0,870746.0,76611.33,52.0824,0.000521,68063.4,35.174,0.000336,84313.7,14.1973,0.000155,80183.87,9.9524,0.000111,90702.95,6.5986,8.3e-05,129579.17,3.0793,5.5e-05
20261002,3653,健策,1067819.0,616931.0,1303905.0,1660061.0,2756489.0,1525519.0,916002.0,972711.0,1052328.0,970920.0,1608326.0,2469366.0,988731.0,707675.0,633019.0,1235699.0,990252.0,802151.0,943058.0,902445.0,1290114.0,981544.0,1749901.0,939998.0,1914739.0,1732681.0,1962404.0,1267177.0,2796186.0,3453778.0,996218.33,35.7291,0.004652,1481041.0,14.4198,0.002996,1284268.5,8.3146,0.001382,1283320.13,5.5472,0.000992,1206170.35,4.4265,0.000743,1407064.3,2.5297,0.000488
20261002,3661,世芯-KY,1303480.0,953454.0,1125493.0,1176972.0,1136496.0,1782601.0,3598114.0,1760586.0,5093871.0,3207956.0,1986894.0,2699862.0,2098835.0,5595150.0,2298103.0,3254166.0,1620933.0,3204560.0,1757291.0,1876714.0,1632464.0,2521101.0,2040909.0,2030269.0,1513027.0,2375440.0,1136509.0,1387703.0,1950747.0,3852319.0,1127475.67,38.5368,0.005678,1139179.0,22.8846,0.003657,2113902.3,6.1662,0.001687,2387857.8,3.6392,0.001211,2376576.55,2.7423,0.000907,2265733.97,1.9177,0.000596
20261002,3665,貿聯-KY,2759339.0,3055668.0,6154465.0,4555402.0,4524090.0,3676482.0,6053409.0,4506398.0,6471964.0,3284559.0,2539303.0,2594783.0,2220323.0,1944589.0,930001.0,2477275.0,3246234.0,2560427.0,1458584.0,2445221.0,3399837.0,4568188.0,3131169.0,4068757.0,2917164.0,4874749.0,4781290.0,3470516.0,2061571.0,3107412.0,3989824.0,23.0531,0.01202,4209792.8,13.1091,0.007742,4504177.6,6.1262,0.00357,3684718.33,4.9924,0.002563,3372925.8,4.0904,0.00192,3461305.63,2.6573,0.001262
20261002,3669,圓展,154801.0,248576.0,102848.0,49381.0,71270.0,52338.0,75156.0,43738.0,70175.0,106626.0,133491.0,79060.0,51491.0,148190.0,65800.0,80787.0,192211.0,656558.0,95465.0,201791.0,96637.0,214452.0,258790.0,280328.0,280513.0,239126.0,155997.0,215913.0,288231.0,331754.0,168741.67,30.5795,0.000674,125375.2,24.694,0.000434,97490.9,15.8785,0.0002,96862.73,10.6543,0.000144,133987.65,5.7767,0.000108,168049.8,3.0705,7.1e-05
20261002,3673,TPK-KY,28711684.0,26102941.0,37006920.0,11366605.0,2491440.0,4047583.0,4941576.0,4757379.0,2447647.0,2864782.0,3259727.0,2301828.0,4385449.0,1642664.0,2935552.0,2388220.0,3450909.0,2723796.0,2734304.0,5624756.0,4362027.0,4935897.0,5541636.0,4678450.0,5197088.0,9758874.0,9209008.0,6954689.0,2613447.0,2804720.0,30607181.67,31.269,0.125072,21135918.0,27.1686,0.080554,12473855.7,23.0175,0.03715,9284251.8,20.6168,0.026668,7809288.1,18.383,0.019979,7074719.93,13.5278,0.013132
20261002,3679,新至陞,32371.0,64247.0,35968.0,9180.0,11570.0,39113.0,91107.0,48915.0,29638.0,38581.0,11339.0,26550.0,9150.0,38310.0,39351.0,27162.0,24352.0,32009.0,131817.0,6871.0,13147.0,23780.0,23394.0,212735.0,13698.0,9198.0,21465.0,37211.0,28433.0,35405.0,44195.33,24.4151,0.000141,30667.2,21.1112,9.1e-05,40069.0,8.0788,4.2e-05,35026.0,6.1613,3e-05,37380.05,4.33,2.3e-05,38868.9,2.7761,1.5e-05
20261002,3686,達能,143132.0,486960.0,569233.0,41418.0,81179.0,155498.0,498009.0,522248.0,138952.0,62994.0,89781.0,73742.0,63480.0,147899.0,76821.0,131953.0,20140.0,64484.0,53847.0,58872.0,20908.0,65784.0,48474.0,63588.0,41340.0,36021.0,58480.0,56534.0,67265.0,59545.0,399775.0,11.9344,0.000624,264384.4,10.8276,0.000402,269962.3,5.3019,0.000185,210089.73,4.5419,0.000133,174032.1,4.1122,0.0001,133286.03,3.5796,6.5e-05
20261002,3694,海華,449918.0,283839.0,365930.0,239881.0,246631.0,444503.0,560808.0,715958.0,632541.0,756525.0,333046.0,387294.0,602964.0,444277.0,592821.0,376232.0,685411.0,455108.0,549491.0,835465.0,571795.0,891373.0,317381.0,448115.0,477086.0,618460.0,782000.0,341907.0,746492.0,652908.0,366562.33,40.9133,0.00196,317239.8,28.3645,0.001262,469653.4,9.5798,0.000582,470462.4,6.3755,0.000418,497932.15,4.5179,0.000313,526872.0,2.8465,0.000206
20261002,3701,大眾控,10135816.0,8814066.0,4549945.0,552964.0,350805.0,404785.0,959369.0,2006658.0,481990.0,1236009.0,433166.0,335733.0,306295.0,621171.0,492942.0,1783324.0,498043.0,763101.0,1781015.0,2180721.0,4944351.0,589365.0,466943.0,408825.0,687899.0,566443.0,508632.0,563609.0,342305.0,489417.0,7833275.67,43.1314,0.044153,4880719.2,41.5341,0.028437,2949240.7,34.3675,0.013115,2112114.27,31.9926,0.009414,1934395.9,26.1989,0.007053,1608523.57,21.0044,0.004636
20261002,3702,大聯大,4724498.0,9434235.0,5939004.0,10942986.0,8052382.0,9399996.0,9840538.0,7318381.0,14990819.0,12125324.0,7003594.0,4409655.0,5927398.0,7925671.0,10849033.0,10212902.0,3765681.0,8385171.0,5376062.0,10122351.0,7763641.0,12367273.0,11140110.0,15312136.0,21520194.0,11908338.0,9956028.0,12845812.0,18979455.0,10734022.0,6699245.67,23.5076,0.020581,7818621.0,12.0852,0.013255,9276816.3,5.0928,0.006113,8592234.27,3.6657,0.004388,8337284.05,2.8334,0.003288,9975756.33,1.5787,0.002161
20261002,3703,欣陸,436814.0,308715.0,690262.0,1119772.0,431649.0,665137.0,569154.0,797510.0,1574191.0,847722.0,565647.0,579720.0,354885.0,590561.0,311839.0,695257.0,380111.0,1897637.0,1135786.0,1537050.0,1224894.0,827584.0,10020352.0,2033079.0,815238.0,1047003.0,1744498.0,1788984.0,2233625.0,3866755.0,478597.0,30.4232,0.001903,597442.4,14.6228,0.001226,744092.6,5.8704,0.000565,656238.53,4.4376,0.000406,774470.95,2.8201,0.000304,1369714.37,1.063,0.0002
20261002,3704,合勤控,829142.0,1609432.0,926509.0,1130753.0,1010185.0,1884275.0,5363474.0,3288841.0,2036622.0,3611889.0,2536945.0,10631775.0,3075562.0,3177682.0,667187.0,569510.0,1557833.0,1402668.0,2882332.0,3368025.0,804864.0,1325634.0,2132609.0,1259249.0,1396588.0,1191750.0,994642.0,2342926.0,1952137.0,3735889.0,1121694.33,24.6396,0.003612,1101204.2,15.0588,0.002326,2169112.2,3.8225,0.001073,2785351.53,1.9845,0.00077,2578032.05,1.6081,0.000577,2289897.63,1.207,0.000379
20261002,3705,永信,159794.0,75603.0,167862.0,125154.0,164289.0,168014.0,226489.0,170180.0,419136.0,157650.0,146549.0,208172.0,102879.0,80040.0,244869.0,174730.0,301995.0,367256.0,124401.0,93669.0,98533.0,170074.0,106631.0,72913.0,205619.0,116029.0,179034.0,176032.0,166635.0,333501.0,134419.67,39.6257,0.000696,138540.4,23.0682,0.000448,183417.1,8.7121,0.000207,174445.33,6.1067,0.000148,183936.55,4.3437,0.000111,176791.07,3.0129,7.3e-05
20261002,3706,神達,6734700.0,12817231.0,3956421.0,2938741.0,4005111.0,5865862.0,5535851.0,4521331.0,5873344.0,7653188.0,4322540.0,7205968.0,8681870.0,11525024.0,6332473.0,17193671.0,16006347.0,9948246.0,10563096.0,14808074.0,12698438.0,27970459.0,9599922.0,6896226.0,6105426.0,4605668.0,9405467.0,4842984.0,8294613.0,10907550.0,7836117.33,28.6481,0.029337,6090440.8,22.1156,0.018895,5990178.0,11.2429,0.008714,6531310.33,6.8743,0.006255,8324454.45,4.0451,0.004686,8927194.73,2.5147,0.00308
20261002,3708,上緯投控,284449.0,306248.0,282790.0,306892.0,258069.0,288451.0,466591.0,518273.0,1258423.0,707669.0,569232.0,237684.0,484774.0,492780.0,631744.0,462085.0,324742.0,436707.0,391115.0,502519.0,426830.0,562417.0,387310.0,510739.0,442043.0,322412.0,373039.0,304937.0,593190.0,680279.0,291162.33,32.5648,0.001239,287689.6,19.7747,0.000798,467785.5,6.0808,0.000368,472937.93,4.0097,0.000264,460561.85,3.0881,0.000198,460481.1,2.0591,0.00013
20261002,3711,日月光投控,12603412.0,8885905.0,14687120.0,14276948.0,10964118.0,15367865.0,24987417.0,17093063.0,27928565.0,11193901.0,9509979.0,14790324.0,9475938.0,22695774.0,17451304.0,22954710.0,13336567.0,27604665.0,15751048.0,11637807.0,17467250.0,26066376.0,33186077.0,18575826.0,11658860.0,12219806.0,7820797.0,12861208.0,22380357.0,19870020.0,12058812.33,34.8387,0.054902,12283500.6,20.5209,0.03536,15798831.4,7.9774,0.016307,15460775.53,5.4346,0.011706,16159821.5,3.8996,0.00877,16843433.57,2.4942,0.005765
20261002,3712,永崴投控,338517.0,358923.0,663198.0,426421.0,156631.0,453062.0,324228.0,939277.0,455691.0,778608.0,210116.0,684780.0,382381.0,521490.0,379649.0,153954.0,429005.0,553160.0,761792.0,690998.0,683604.0,2904437.0,560112.0,1299271.0,2270637.0,2119365.0,1117422.0,781421.0,940304.0,1129011.0,453546.0,24.8793,0.001475,388738.0,17.4162,0.00095,489455.6,6.9162,0.000438,471531.47,4.7861,0.000314,483094.05,3.5036,0.000236,782248.83,1.4425,0.000155
20261002,3714,富采,23714073.0,10454787.0,21400350.0,7402683.0,8698127.0,12388269.0,44868856.0,26800907.0,18867951.0,17654106.0,10803088.0,3640157.0,4988883.0,6784296.0,5708987.0,14622469.0,11427655.0,26485957.0,35248872.0,50253672.0,4428993.0,8785743.0,5844434.0,7578503.0,15181376.0,27039043.0,12114622.0,6989900.0,3273012.0,6705054.0,18523070.0,42.6748,0.103302,14334004.0,33.0879,0.066533,19225010.9,12.335,0.030683,14945034.67,10.5784,0.022026,18110707.25,6.547,0.016501,15338494.17,5.1535,0.010847
20261002,3715,定穎投控,5708720.0,4697705.0,4275577.0,2792958.0,3124677.0,8889927.0,16190129.0,2328106.0,3411215.0,4150799.0,2451847.0,3599210.0,2749798.0,3109049.0,9421993.0,16952441.0,12850292.0,3273965.0,3581294.0,5543430.0,12492024.0,9357457.0,11778173.0,7894954.0,4874712.0,3086079.0,2600297.0,1813015.0,4364586.0,3517842.0,4894000.67,38.8824,0.024868,4119927.4,27.7127,0.016016,5556981.3,10.2731,0.007386,5126780.67,7.4234,0.005302,5955156.6,4.7931,0.003972,6029409.03,3.156,0.002611
20261002,3716,中化控股,121165.0,156287.0,252547.0,134468.0,95053.0,98553.0,151542.0,197705.0,2721173.0,331108.0,189509.0,220294.0,126238.0,294202.0,122487.0,210682.0,179928.0,289620.0,635533.0,327035.0,298063.0,263319.0,257368.0,325184.0,550087.0,292905.0,782261.0,1653377.0,374144.0,777542.0,176666.33,22.8614,0.000528,151904.0,15.9528,0.00034,425960.1,2.8445,0.000157,347488.73,2.3246,0.000113,342756.45,1.7675,8.4e-05,414312.63,0.9748,5.5e-05
20261002,3717,聯嘉投控,9385198.0,8871822.0,31519820.0,17004945.0,13381856.0,30360262.0,8764718.0,20510332.0,16980049.0,3951914.0,803152.0,470577.0,580182.0,758063.0,941489.0,1183682.0,1473154.0,2038372.0,907714.0,1404156.0,827774.0,1627170.0,1230226.0,2126255.0,1356428.0,945677.0,1300568.0,895268.0,1276593.0,1641446.0,16592280.0,18.8545,0.040883,16032728.2,11.7075,0.026331,16073091.6,5.8391,0.012143,10952291.93,5.7128,0.008717,8564572.85,5.4791,0.006531,6150628.73,5.0863,0.004293
20261002,4104,佳醫,89504.0,80457.0,149094.0,135872.0,71688.0,88410.0,144184.0,124068.0,128646.0,162201.0,90605.0,115452.0,138144.0,203411.0,698714.0,67344.0,76342.0,106508.0,81530.0,104429.0,87811.0,121856.0,106124.0,126932.0,158853.0,85182.0,51607.0,88059.0,113553.0,99099.0,106351.67,28.0528,0.00039,105323.0,16.9961,0.000251,117412.4,7.623,0.000116,161363.33,3.6978,8.3e-05,142830.15,3.1332,6.2e-05,129855.97,2.2975,4.1e-05
20261002,4106,雃博,208404.0,155555.0,86882.0,46364.0,115987.0,48076.0,79004.0,36471.0,81492.0,151403.0,99352.0,47869.0,67955.0,117335.0,187564.0,242473.0,105217.0,79273.0,282641.0,87334.0,183817.0,37789.0,37651.0,313401.0,136171.0,102581.0,83713.0,30980.0,51123.0,136450.0,150280.33,46.2256,0.000908,122638.4,33.9867,0.000585,100963.8,20.6415,0.00027,101980.87,13.6237,0.000194,116332.55,8.9573,0.000145,114677.57,6.0577,9.5e-05
20261002,4108,懷特,149998.0,50723.0,171221.0,133476.0,136576.0,262366.0,233328.0,131618.0,119919.0,95847.0,89978.0,228173.0,355630.0,505349.0,115785.0,98783.0,134299.0,120355.0,123929.0,138051.0,277685.0,367840.0,1086141.0,1893290.0,257133.0,192532.0,306410.0,477658.0,240783.0,486902.0,123980.67,40.3283,0.000653,128398.8,23.3644,0.000421,148507.2,10.1004,0.000194,185332.47,5.3956,0.000139,169770.2,4.4177,0.000104,299392.6,1.67,6.9e-05
20261002,4119,旭富,71383.0,65763.0,107841.0,112376.0,105787.0,107408.0,64260.0,106674.0,183954.0,264628.0,188754.0,318971.0,163842.0,349598.0,220958.0,708584.0,281897.0,130803.0,200170.0,369838.0,179031.0,229253.0,286596.0,161100.0,147152.0,70744.0,63612.0,103660.0,58238.0,122979.0,81662.33,29.1375,0.000311,92630.0,15.4125,0.0002,119007.4,5.9982,9.2e-05,162146.47,2.9349,6.6e-05,206174.45,1.7311,5e-05,184861.8,1.2871,3.3e-05
20261002,4133,亞諾法,53404.0,30488.0,35808.0,46762.0,54875.0,26240.0,39198.0,36678.0,116839.0,100097.0,31322.0,29332.0,29712.0,45888.0,21178.0,59921.0,96061.0,51083.0,85969.0,66853.0,51974.0,15751.0,38724.0,82280.0,66868.0,59299.0,124134.0,179961.0,77705.0,39815.0,39900.0,44.6149,0.000233,44267.4,24.1279,0.00015,54038.9,9.8825,6.9e-05,46521.4,7.653,5e-05,52885.4,5.049,3.7e-05,59807.3,2.9764,2.4e-05
20261002,4137,麗豐-KY,126153.0,96735.0,71880.0,76356.0,119730.0,81770.0,121222.0,148126.0,195613.0,95396.0,183884.0,170363.0,236757.0,158938.0,194103.0,460926.0,227060.0,292700.0,318575.0,415473.0,466395.0,326359.0,318107.0,349589.0,100901.0,252120.0,414727.0,139245.0,194462.0,189765.0,98256.0,42.7974,0.00055,98170.8,25.7007,0.000354,113298.1,11.1346,0.000163,138468.4,6.0737,0.000117,189588.0,3.327,8.8e-05,218114.33,1.9279,5.8e-05
20261002,4142,國光生,581065.0,554793.0,1460885.0,1093940.0,727893.0,460065.0,730682.0,359673.0,810993.0,1167549.0,314081.0,668255.0,498289.0,777192.0,496151.0,441243.0,653045.0,891496.0,453115.0,581839.0,381804.0,491110.0,574808.0,659220.0,898737.0,2011846.0,1636513.0,2013422.0,451127.0,501715.0,865581.0,22.3767,0.002531,883715.2,13.1505,0.00163,794753.8,7.3113,0.000752,713433.73,5.4297,0.00054,686112.2,4.2345,0.000404,778084.87,2.4893,0.000266
20261002,4148,全宇生技-KY,45439.0,25747.0,12150.0,58415.0,28883.0,26697.0,33884.0,38503.0,16389.0,94001.0,49707.0,77786.0,165621.0,141786.0,363317.0,15000.0,10729.0,26287.0,9000.0,21076.0,16559.0,49711.0,26560.0,9199.0,199660.0,50160.0,9128.0,13100.0,13271.0,54118.0,27778.67,54.5251,0.000198,34126.8,26.6295,0.000127,38010.8,11.9542,5.9e-05,78555.0,3.8562,4.2e-05,63020.85,3.6051,3.2e-05,56729.43,2.6699,2.1e-05
20261002,4155,訊映,109748.0,274351.0,165507.0,150826.0,182427.0,309429.0,181250.0,153830.0,352705.0,154314.0,135914.0,72600.0,380964.0,351331.0,1104466.0,208712.0,80397.0,228723.0,230639.0,138853.0,278778.0,114889.0,120740.0,94462.0,168885.0,129809.0,274872.0,163278.0,157569.0,164218.0,183202.0,19.9685,0.000478,176571.8,12.431,0.000308,203438.7,5.3946,0.000142,271977.47,2.6901,0.000102,248349.3,2.2095,7.6e-05,221149.53,1.6542,5e-05
20261002,4164,承業醫,204579.0,355144.0,266148.0,541103.0,627427.0,559959.0,416927.0,297247.0,486493.0,888175.0,270151.0,316644.0,297030.0,272445.0,467671.0,201881.0,166514.0,322134.0,303406.0,220061.0,406110.0,186869.0,481748.0,226776.0,256790.0,246135.0,271069.0,371881.0,373100.0,396377.0,275290.33,24.7713,0.000891,398880.2,10.2577,0.000574,464320.2,4.406,0.000265,417809.53,3.2643,0.00019,374056.95,2.7346,0.000142,356599.8,1.9123,9.4e-05
20261002,4169,泰宗,39360.0,55654.0,104867.0,65399.0,74543.0,38009.0,81837.0,95466.0,132422.0,106324.0,123244.0,86980.0,157363.0,134666.0,193312.0,74176.0,120659.0,213751.0,165669.0,118707.0,39348.0,59094.0,85743.0,102521.0,41393.0,73077.0,114748.0,401106.0,63171.0,126939.0,66627.0,19.6917,0.000171,67964.6,11.5825,0.00011,79388.1,4.9579,5.1e-05,99296.4,2.6426,3.7e-05,109120.4,1.8035,2.7e-05,109651.6,1.1965,1.8e-05
20261002,4178,永笙-KY,466489.0,913402.0,88100.0,90603.0,39544.0,71370.0,23010.0,63660.0,178055.0,86387.0,83172.0,151071.0,46002.0,132145.0,116001.0,95000.0,65393.0,36100.0,61272.0,129964.0,74127.0,87280.0,118320.0,84000.0,114520.0,77244.0,61662.0,66426.0,107150.0,97322.0,489330.33,31.7774,0.002032,319627.6,29.1895,0.001309,202062.0,23.0864,0.000604,169934.07,18.3008,0.000433,146837.0,15.8846,0.000325,127493.03,12.1965,0.000213
20261002,4190,佐登-KY,42789.0,10274.0,11798.0,6232.0,18363.0,34835.0,17824.0,15235.0,31246.0,25764.0,13130.0,3631.0,32424.0,12735.0,3629.0,3011.0,5943.0,8938.0,7294.0,3040.0,8966.0,10871.0,21727.0,8256.0,9469.0,14530.0,11491.0,263.0,12983.0,12232.0,21620.33,65.9703,0.000186,17891.2,47.8325,0.00012,21436.0,19.9613,5.5e-05,18660.6,15.2868,4e-05,15406.75,13.8864,3e-05,13964.1,10.214,2e-05
20261002,4195,基米-創,167738.0,174365.0,802116.0,816104.0,278278.0,133968.0,210950.0,55015.0,56516.0,68396.0,158357.0,53892.0,57667.0,73316.0,117841.0,83924.0,95929.0,85401.0,221577.0,98014.0,61840.0,56263.0,80213.0,78509.0,66228.0,50370.0,19724.0,65427.0,82154.0,120556.0,381406.33,14.6596,0.000731,447720.2,7.493,0.000471,276344.6,6.0699,0.000217,214967.93,5.202,0.000156,190468.2,4.4033,0.000117,149688.27,3.7353,7.7e-05
20261002,4306,炎洲,925985.0,1003498.0,707952.0,863069.0,755148.0,401288.0,636299.0,463855.0,921233.0,1750550.0,338998.0,720958.0,729845.0,1648901.0,1517777.0,690936.0,930151.0,1319762.0,918854.0,1718050.0,1203399.0,528197.0,748280.0,594743.0,647261.0,827732.0,588993.0,709053.0,833761.0,1195967.0,879145.0,35.1093,0.004034,851130.4,21.7589,0.002598,842887.7,10.9859,0.001198,892357.07,6.9179,0.00086,948155.45,4.8831,0.000644,894683.17,3.45,0.000424
20261002,4414,如興,89062.0,146069.0,272697.0,139371.0,140132.0,87678.0,40163.0,113454.0,129700.0,176822.0,119756.0,56853.0,114149.0,158634.0,74669.0,91373.0,96522.0,363224.0,208923.0,203731.0,109674.0,93243.0,100038.0,141484.0,154769.0,167789.0,76372.0,170213.0,197736.0,195693.0,169276.0,17.5378,0.000388,157466.2,11.3119,0.00025,133514.8,6.6706,0.000115,123947.27,4.7903,8.3e-05,141149.1,3.1549,6.2e-05,140999.77,2.1055,4.1e-05
20261002,4426,利勤,145035.0,70001.0,45126.0,81280.0,29493.0,90519.0,235432.0,33862.0,76600.0,116115.0,43839.0,109179.0,50156.0,89175.0,39150.0,46532.0,84686.0,50140.0,64570.0,106708.0,186404.0,128115.0,115898.0,80079.0,87100.0,60328.0,139505.0,63000.0,62311.0,69049.0,86720.67,55.748,0.000632,74187.0,39.0998,0.000407,92346.3,15.7056,0.000188,83664.13,11.5569,0.000135,80379.9,9.0218,0.000101,86646.23,5.5796,6.6e-05
20261002,4438,廣越,60422.0,26288.0,34204.0,16880.0,46189.0,28725.0,32287.0,27217.0,57128.0,73112.0,151862.0,53313.0,65892.0,62136.0,89407.0,65911.0,121495.0,99955.0,41240.0,74122.0,224011.0,313327.0,193429.0,77691.0,63562.0,76588.0,63879.0,24489.0,191555.0,123528.0,40304.67,49.9711,0.000263,36796.6,32.8411,0.00017,40245.2,15.0135,7.8e-05,55004.13,7.3233,5.6e-05,61389.25,4.9212,4.2e-05,85994.8,2.3421,2.8e-05
20261002,4439,冠星-KY,10079.0,6015.0,37233.0,14109.0,16010.0,27474.0,29047.0,19518.0,8510.0,29234.0,9000.0,3791.0,9679.0,28605.0,11080.0,12296.0,17459.0,9704.0,21072.0,8943.0,5580.0,16418.0,24306.0,19100.0,16154.0,5756.0,19128.0,55644.0,254962.0,79838.0,17775.67,18.9004,4.4e-05,16689.2,12.0785,2.8e-05,19722.9,5.1103,1.3e-05,17292.27,3.8857,9e-06,16442.9,3.0648,7e-06,27524.8,1.2206,5e-06
20261002,4440,宜新實業,38517.0,30000.0,30000.0,27020.0,20000.0,12000.0,17000.0,25188.0,29072.0,37162.0,87291.0,30254.0,153058.0,17100.0,25040.0,13464.0,14784.0,98585.0,64000.0,34140.0,29187.0,47758.0,123381.0,20562.0,41001.0,33561.0,34134.0,55200.0,49507.0,59056.0,32839.0,39.0968,0.000168,29107.4,26.4654,0.000108,26595.9,14.4823,5e-05,38580.13,6.6558,3.6e-05,40183.75,4.7926,2.7e-05,43234.07,2.9696,1.8e-05
20261002,4441,振大環球,70731.0,30869.0,83293.0,68339.0,66722.0,40771.0,121833.0,45513.0,55368.0,48234.0,42185.0,30680.0,48035.0,35045.0,49401.0,45783.0,40920.0,66462.0,67455.0,32734.0,54882.0,111390.0,102879.0,56129.0,26924.0,58304.0,67593.0,29001.0,99308.0,97738.0,61631.0,38.2551,0.000308,63990.8,22.1066,0.000198,63167.3,11.1974,9.2e-05,55801.27,8.4503,6.6e-05,54518.65,6.4869,4.9e-05,59817.37,3.9415,3.2e-05
20261002,4526,東台,1944905.0,8738505.0,6948777.0,1230357.0,751944.0,828403.0,1609947.0,2738281.0,1449681.0,1805756.0,911534.0,882665.0,820186.0,1592005.0,1272057.0,2132885.0,7125604.0,5081838.0,7752405.0,11493007.0,1831147.0,1477346.0,837700.0,712216.0,1029555.0,1248058.0,542809.0,507336.0,974696.0,882067.0,5877395.67,11.0304,0.008472,3922897.6,9.9157,0.005457,2804655.6,6.9346,0.002516,2235000.2,5.8014,0.001806,3355537.1,2.8981,0.001353,2571789.07,2.5208,0.00089
20261002,4532,瑞智,389250.0,530666.0,731570.0,535748.0,767760.0,866891.0,1108468.0,2051271.0,1759848.0,3898371.0,321356.0,308610.0,357951.0,648466.0,479900.0,914929.0,731282.0,1057991.0,443375.0,753368.0,300157.0,380676.0,363751.0,467973.0,509985.0,476415.0,383117.0,512482.0,688122.0,633327.0,550495.33,23.5697,0.001696,590998.8,13.1726,0.001092,1263984.3,3.0795,0.000504,983741.73,2.6379,0.000362,932853.55,2.0863,0.000271,779102.53,1.6654,0.000178
20261002,4536,拓凱,139240.0,132564.0,248132.0,167097.0,156387.0,211663.0,184560.0,254891.0,277301.0,130218.0,62987.0,91920.0,94954.0,114838.0,57421.0,168023.0,106217.0,232680.0,105109.0,88086.0,93559.0,214928.0,515260.0,197655.0,77829.0,115589.0,98571.0,189619.0,180109.0,137439.0,173312.0,26.7802,0.000607,168684.0,16.509,0.000391,190205.3,7.3205,0.00018,154944.87,5.9909,0.000129,151214.4,4.6041,9.7e-05,161494.87,2.874,6.4e-05
20261002,4540,全球傳動,1784891.0,1519386.0,4250729.0,5084830.0,1301410.0,1005739.0,1508571.0,3708988.0,1115436.0,2342833.0,5661887.0,2223370.0,1076624.0,1194645.0,919447.0,1201500.0,1484966.0,2336680.0,2466731.0,6258594.0,2225683.0,1440568.0,1637054.0,3387439.0,5739638.0,800682.0,997649.0,1193680.0,6538152.0,3315248.0,2518335.33,23.6253,0.007775,2788249.2,12.803,0.005008,2362281.3,7.5558,0.002309,2313252.4,5.144,0.001658,2422362.85,3.6842,0.001242,2524101.67,2.3571,0.000816
20261002,4545,銘鈺,178194.0,1012709.0,931770.0,326852.0,77315.0,38034.0,75209.0,109627.0,73712.0,62622.0,69725.0,57541.0,163606.0,577593.0,50040.0,25003.0,37807.0,51361.0,27019.0,194056.0,18019.0,40308.0,93218.0,40490.0,58299.0,49009.0,59104.0,43058.0,67063.0,91541.0,707557.67,8.3948,0.000776,505368.0,7.052,0.0005,288604.4,6.1743,0.000231,253636.6,4.6837,0.000166,206989.75,4.3044,0.000124,156663.47,3.7914,8.2e-05
20261002,4551,智伸科,3377447.0,1565007.0,5389854.0,2692592.0,1013120.0,1282030.0,649650.0,288575.0,293118.0,467163.0,277554.0,269290.0,354381.0,486821.0,1300492.0,1012289.0,976163.0,1610154.0,2021752.0,831133.0,796657.0,1736135.0,985562.0,1581599.0,2138813.0,512821.0,490806.0,424131.0,875837.0,811164.0,3444102.67,32.6882,0.014713,2807604.0,24.0593,0.009476,1701855.6,19.8457,0.00437,1313806.27,17.1382,0.003137,1307929.25,12.9114,0.00235,1217070.33,9.2502,0.001545
20261002,4552,力達-KY,199434.0,66636.0,189447.0,126861.0,67705.0,39699.0,37768.0,155130.0,237997.0,418801.0,326300.0,159046.0,132125.0,224661.0,65459.0,195231.0,405959.0,49909.0,263124.0,157595.0,83437.0,119063.0,347794.0,131172.0,186435.0,112235.0,64386.0,84884.0,37331.0,37666.0,151839.0,43.7819,0.000869,130016.6,30.6782,0.00056,153947.8,12.9547,0.000258,163137.93,8.1499,0.000185,175944.35,5.6675,0.000139,157443.0,4.2224,9.1e-05
20261002,4555,氣立,114873.0,75083.0,76991.0,69189.0,103719.0,96299.0,87026.0,56675.0,59636.0,259367.0,157574.0,57565.0,94473.0,86763.0,82918.0,125252.0,354730.0,231342.0,114116.0,100791.0,43399.0,107504.0,115840.0,126850.0,236475.0,91311.0,77976.0,176675.0,185186.0,241962.0,88982.33,43.0321,0.0005,87971.0,26.1161,0.000322,99885.8,11.5004,0.000149,98543.4,7.7714,0.000107,120219.1,4.7777,8e-05,126918.67,3.017,5.3e-05
20261002,4557,永新-KY,40824.0,35344.0,56850.0,34834.0,25316.0,45139.0,64252.0,50076.0,29292.0,107557.0,28468.0,90091.0,17259.0,16101.0,93057.0,22338.0,27513.0,45463.0,25837.0,43716.0,19635.0,18774.0,60085.0,61995.0,174640.0,27092.0,6256.0,35068.0,38406.0,42144.0,44339.33,30.6906,0.000178,38633.6,21.1339,0.000115,48948.4,8.3402,5.3e-05,48964.0,5.5584,3.8e-05,44966.35,4.5394,2.8e-05,46114.07,2.9509,1.9e-05
20261002,4560,強信-KY,460241.0,229000.0,367002.0,139100.0,462430.0,120000.0,242100.0,167001.0,173000.0,177061.0,180000.0,148107.0,229000.0,560010.0,465140.0,243010.0,187751.0,197151.0,337050.0,289020.0,372015.0,388100.0,414462.0,385443.0,549553.0,1158723.0,525004.0,752001.0,239000.0,404003.0,352081.0,43.5734,0.002005,331554.6,27.7626,0.001291,253693.5,18.1416,0.000596,274612.8,11.1731,0.000427,268658.7,8.5655,0.00032,352049.27,4.3577,0.000211
20261002,4562,穎漢,324062.0,114402.0,153575.0,103878.0,65496.0,70961.0,154153.0,209540.0,93725.0,168525.0,96559.0,142877.0,101691.0,87136.0,130403.0,144181.0,103634.0,170801.0,145272.0,185616.0,104583.0,125168.0,78308.0,90590.0,234615.0,92722.0,87916.0,147654.0,216289.0,195495.0,197346.33,54.7366,0.001412,152282.6,42.5606,0.000909,145831.7,22.2216,0.000419,134465.53,16.0667,0.000301,138324.35,11.7138,0.000225,137994.23,7.8279,0.000148
20261002,4564,元翎,565394.0,332041.0,570788.0,447952.0,268356.0,411303.0,439074.0,704107.0,516385.0,462448.0,494434.0,496241.0,289434.0,499785.0,605596.0,653887.0,821169.0,936395.0,1214549.0,1174601.0,683604.0,601008.0,577059.0,928748.0,904977.0,639859.0,281937.0,439772.0,1246185.0,949788.0,489407.67,38.5087,0.002463,436906.2,25.8817,0.001586,471784.8,11.9842,0.000732,473555.87,7.9596,0.000525,595196.95,4.7496,0.000393,638562.53,2.9514,0.000259
20261002,4566,時碩工業,1855390.0,3816528.0,3316709.0,6270637.0,7828463.0,1487859.0,611536.0,698873.0,466997.0,737219.0,442064.0,447348.0,641366.0,918609.0,1696355.0,556144.0,647852.0,514197.0,556332.0,1571746.0,839387.0,729298.0,942658.0,1829320.0,1575695.0,1523623.0,1300442.0,1896821.0,2583342.0,1639604.0,2996209.0,20.6415,0.008082,4617545.4,8.0363,0.005206,2709021.1,6.8489,0.002401,2082396.87,5.9399,0.001723,1754111.2,5.2887,0.001291,1664747.13,3.7151,0.000849
20261002,4569,六方科-KY,97693.0,19365.0,28293.0,35115.0,28158.0,12241.0,24733.0,60297.0,41237.0,92827.0,22585.0,41611.0,37581.0,93667.0,79388.0,244431.0,95974.0,164814.0,267754.0,336382.0,311447.0,144966.0,259066.0,221173.0,31024.0,87128.0,10137.0,17109.0,22888.0,22722.0,48450.33,67.2118,0.000426,41724.8,46.8273,0.000274,43995.9,22.205,0.000126,47652.73,13.6674,9.1e-05,91207.3,5.3555,6.8e-05,98393.53,3.3096,4.5e-05
20261002,4571,鈞興-KY,63548.0,56720.0,97627.0,46746.0,61006.0,70510.0,140965.0,113014.0,49916.0,55325.0,53184.0,98967.0,78239.0,118528.0,89225.0,278734.0,92157.0,152117.0,235470.0,195023.0,93199.0,68000.0,156640.0,94698.0,148844.0,82612.0,96562.0,162214.0,124880.0,283387.0,72631.67,29.1645,0.000277,65129.4,19.5144,0.000178,75537.7,8.4128,8.2e-05,79568.0,5.3244,5.9e-05,107351.05,2.9598,4.4e-05,115268.57,1.8377,2.9e-05
20261002,4572,駐龍,15276.0,11521.0,14722.0,15872.0,16094.0,25659.0,23876.0,8258.0,16713.0,15415.0,7721.0,14426.0,28267.0,25938.0,5603.0,9360.0,19554.0,34642.0,2537.0,12144.0,11385.0,27191.0,62805.0,5099.0,8184.0,11060.0,8047.0,17492.0,10276.0,4466.0,13839.67,36.7928,6.7e-05,14697.0,20.7879,4.3e-05,16340.6,9.3485,2e-05,16357.4,6.2259,1.4e-05,16179.9,4.7207,1.1e-05,16320.1,3.1201,7e-06
20261002,4576,大銀微系統,1209388.0,1065162.0,2005719.0,2503523.0,810171.0,1999614.0,1065758.0,1595336.0,2055799.0,1365542.0,1353618.0,1857842.0,2983328.0,3945958.0,2857031.0,4290540.0,4225651.0,6096261.0,3520267.0,9012781.0,7351242.0,3703735.0,1246830.0,1949063.0,2595106.0,1034928.0,1011856.0,1584800.0,1528579.0,1617769.0,1426756.33,28.255,0.005268,1518792.6,15.9257,0.003393,1567601.2,7.7149,0.001565,1911585.93,4.2177,0.001123,2790964.45,2.1666,0.000842,2648106.57,1.5223,0.000553
20261002,4581,光隆精密-KY,6000.0,3045.0,12000.0,1000.0,1000.0,2000.0,2000.0,8000.0,2000.0,16003.0,13001.0,7040.0,3084.0,6020.0,10000.0,8247.0,434.0,6100.0,5149.0,1000.0,2004.0,0.0,10222.0,10067.0,13115.0,4120.0,6362.0,1042.0,4103.0,5015.0,7015.0,28.5103,2.6e-05,4609.0,26.036,1.7e-05,5304.8,11.3105,8e-06,6146.2,6.5081,6e-06,5656.15,5.304,4e-06,5639.1,3.5467,3e-06
20261002,4582,聚恆-創,76585.0,33230.0,132010.0,23001.0,14400.0,31100.0,47000.0,49675.0,18560.0,54017.0,27691.0,51198.0,86842.0,80285.0,57602.0,55158.0,42806.0,105525.0,52250.0,34030.0,102560.0,42200.0,41090.0,28100.0,49400.0,112658.0,125300.0,443300.0,247248.0,225528.0,80608.33,31.6696,0.000334,55845.2,27.4276,0.000215,47957.8,15.9692,9.9e-05,52213.07,9.7785,7.1e-05,53648.25,7.1377,5.3e-05,83011.63,3.0753,3.5e-05
20261002,4583,台灣精銳,53531.0,79949.0,85489.0,38563.0,20683.0,18737.0,45215.0,40870.0,85606.0,101526.0,75432.0,69581.0,35737.0,56456.0,107311.0,96837.0,52009.0,80310.0,60070.0,92394.0,59120.0,69883.0,369410.0,74700.0,52233.0,51300.0,54496.0,116345.0,186680.0,255932.0,72989.67,24.4468,0.000233,55643.0,19.2409,0.00015,57016.9,9.3886,6.9e-05,60979.07,5.8524,5e-05,64815.3,4.1295,3.7e-05,86213.5,2.0697,2.4e-05
20261002,4585,達明,108887.0,96701.0,78377.0,130588.0,64201.0,69509.0,109744.0,75165.0,190352.0,275702.0,80312.0,190130.0,439740.0,774554.0,225299.0,278593.0,304054.0,271034.0,145138.0,288946.0,177944.0,246119.0,230585.0,142025.0,245016.0,169325.0,159699.0,332966.0,270446.0,274979.0,94655.0,38.3452,0.000474,95750.8,22.7438,0.000305,119922.6,9.0798,0.000141,193950.73,3.7428,0.000101,209851.3,2.5944,7.6e-05,214871.0,1.6892,5e-05
20261002,4588,玖鼎電力,50197.0,22386.0,34489.0,40000.0,24617.0,53701.0,112426.0,132669.0,77039.0,98191.0,100564.0,61042.0,287791.0,20206.0,7027.0,110331.0,37752.0,30489.0,40544.0,5218.0,28341.0,25474.0,50509.0,33449.0,55875.0,22072.0,23327.0,19936.0,40466.0,39020.0,35690.67,46.8815,0.000219,34337.8,29.2372,0.000141,64571.5,7.7739,6.5e-05,74823.0,4.4725,4.7e-05,67333.95,3.7275,3.5e-05,56171.6,2.9788,2.3e-05
20261002,4590,富田-創,101101.0,133483.0,118271.0,112776.0,189967.0,126205.0,242116.0,216801.0,175402.0,270459.0,247516.0,225421.0,197290.0,270976.0,314290.0,1165905.0,195382.0,186446.0,214565.0,290070.0,278420.0,220162.0,166521.0,243097.0,828668.0,236745.0,360773.0,280142.0,455168.0,480734.0,117618.33,28.6523,0.00044,131119.6,15.4212,0.000284,168658.1,5.9944,0.000131,196138.27,3.4364,9.4e-05,249722.1,2.0243,7e-05,284829.07,1.1832,4.6e-05
20261002,4720,德淵,3563435.0,304048.0,230066.0,383913.0,180299.0,365310.0,762236.0,2461400.0,616612.0,267246.0,183931.0,348727.0,222832.0,270594.0,296659.0,289756.0,277279.0,342130.0,287832.0,852582.0,252464.0,423492.0,540095.0,1244782.0,3395528.0,574121.0,339586.0,288805.0,849512.0,2052883.0,1365849.67,86.965,0.015523,932352.2,76.4397,0.009998,913456.5,39.0105,0.004611,697153.87,34.076,0.00331,625344.35,28.4918,0.00248,748938.5,15.8599,0.00163
20261002,4722,國精化,4598483.0,2273814.0,647858.0,633493.0,767926.0,360697.0,496633.0,1300758.0,1791803.0,837745.0,630526.0,1243585.0,936019.0,939412.0,879286.0,467299.0,1129829.0,597461.0,391934.0,511628.0,514617.0,764950.0,469631.0,549450.0,630184.0,797526.0,364430.0,561936.0,1177134.0,1074493.0,2506718.33,61.1488,0.020032,1784314.8,51.5434,0.012902,1370921.0,33.543,0.00595,1222535.87,25.0762,0.004271,1071809.45,21.452,0.0032,944684.67,16.2258,0.002103
20261002,4736,泰博,104711.0,97667.0,151308.0,140135.0,174852.0,73737.0,142997.0,256420.0,307272.0,322400.0,152975.0,126080.0,183994.0,156507.0,186944.0,180826.0,260921.0,447902.0,154800.0,293279.0,231454.0,355236.0,727087.0,329732.0,640687.0,708438.0,400272.0,455711.0,541001.0,363370.0,117895.33,29.6056,0.000456,133734.6,15.6595,0.000294,177149.9,5.9109,0.000135,171866.6,4.0617,9.7e-05,195786.35,2.6741,7.3e-05,288957.17,1.2079,4.8e-05
20261002,4737,華廣,50184.0,38645.0,46490.0,21141.0,70457.0,43007.0,23662.0,52029.0,61578.0,155714.0,346016.0,62037.0,210932.0,78085.0,81249.0,98306.0,82691.0,158485.0,209634.0,62011.0,53200.0,67923.0,54002.0,121001.0,29320.0,43792.0,20717.0,41586.0,20140.0,48117.0,45106.33,37.0857,0.000219,45383.4,22.1156,0.000141,56290.7,8.9151,6.5e-05,89415.07,3.7417,4.7e-05,97617.65,2.5704,3.5e-05,81738.37,2.0465,2.3e-05
20261002,4739,康普,1478763.0,1654514.0,4293114.0,1792925.0,409578.0,499355.0,728614.0,838886.0,771170.0,2100657.0,596773.0,555466.0,661074.0,1307360.0,1739135.0,4652983.0,667204.0,662251.0,589799.0,1167720.0,1240855.0,1413262.0,1077092.0,1159005.0,2689508.0,2442470.0,955984.0,898539.0,1754598.0,1920171.0,2475463.67,19.9123,0.006442,1925778.8,15.3576,0.004149,1456757.6,10.1511,0.001913,1295158.93,7.6117,0.001374,1358367.05,5.4432,0.001029,1423960.83,3.4616,0.000676
20261002,4746,台耀,674570.0,444421.0,1019870.0,873374.0,644992.0,893123.0,926534.0,436677.0,831499.0,1154637.0,290463.0,361971.0,362984.0,518291.0,524866.0,470788.0,823677.0,862577.0,856389.0,1197379.0,1111830.0,692302.0,713708.0,503577.0,468624.0,889713.0,977032.0,1610662.0,262967.0,339088.0,712953.67,31.5387,0.002939,731445.4,18.4448,0.001893,789969.7,8.5392,0.000873,663884.8,6.774,0.000627,708454.1,4.7609,0.000469,724619.5,3.1031,0.000309
20261002,4755,三福化,893733.0,155047.0,261884.0,196326.0,79103.0,47910.0,94979.0,360976.0,378989.0,126066.0,100132.0,87341.0,131487.0,311398.0,70814.0,194108.0,285434.0,123778.0,77118.0,202759.0,62169.0,139698.0,154808.0,400423.0,277745.0,356667.0,305108.0,94445.0,138865.0,136915.0,436888.0,68.1893,0.003893,317218.6,56.3481,0.002507,259501.3,34.4404,0.001156,219745.67,27.1142,0.00083,208969.1,21.3843,0.000622,208207.5,14.3084,0.000409
20261002,4763,材料*-KY,4011848.0,11589391.0,11831200.0,6564454.0,7023719.0,12086524.0,15801826.0,17213150.0,16776030.0,7501706.0,8644639.0,8910769.0,7099162.0,3338500.0,5118797.0,6089749.0,5671156.0,6183590.0,4973396.0,11725611.0,16192430.0,14319214.0,4281641.0,3291113.0,5308274.0,7471377.0,17473221.0,5896996.0,3005171.0,4233566.0,9144146.33,14.6245,0.017476,8204122.4,9.7801,0.011256,11039984.8,3.6339,0.005191,9567447.67,2.7955,0.003726,8907760.85,2.2519,0.002792,8654274.0,1.5452,0.001835
20261002,4764,雙鍵,1493882.0,1155256.0,1350451.0,1162027.0,1145874.0,887057.0,975434.0,599557.0,662247.0,1581667.0,326420.0,372450.0,404425.0,472631.0,448011.0,692255.0,733389.0,451206.0,1167672.0,1961994.0,1020400.0,1638373.0,1305867.0,2855491.0,1686067.0,1782913.0,1002538.0,1863227.0,892302.0,1896012.0,1333196.33,37.3509,0.006508,1261498.0,23.6843,0.004191,1101345.2,13.5642,0.001933,869159.27,11.4584,0.001388,902195.25,8.2792,0.00104,1132903.17,4.3954,0.000683
20261002,4766,南寶,410254.0,73624.0,84164.0,75315.0,70421.0,68773.0,81437.0,57625.0,139877.0,179460.0,80283.0,100253.0,84070.0,96565.0,127807.0,149633.0,139314.0,150921.0,94278.0,135747.0,158035.0,196516.0,246738.0,123489.0,122097.0,112924.0,221550.0,282688.0,192542.0,128059.0,189347.33,72.2225,0.001787,142755.6,57.4764,0.001151,124095.0,33.0597,0.000531,115328.53,23.7151,0.000381,119991.05,17.0952,0.000285,139481.97,9.8042,0.000188
20261002,4770,上品,670115.0,871633.0,1405600.0,2148058.0,4524054.0,3344195.0,949020.0,1909144.0,2133247.0,1415362.0,170390.0,292874.0,281254.0,630760.0,605237.0,1370326.0,515629.0,1370362.0,882741.0,280635.0,253709.0,838187.0,1133586.0,747929.0,375749.0,213200.0,377764.0,131254.0,563383.0,203942.0,982449.33,22.7362,0.002919,1923892.0,6.9662,0.00188,1937042.8,3.4595,0.000867,1423396.2,3.1386,0.000622,1288531.8,2.6003,0.000466,1020311.3,2.1893,0.000307
20261002,4771,望隼,235504.0,51963.0,117834.0,76634.0,128002.0,140465.0,171620.0,365558.0,459665.0,593144.0,159108.0,193385.0,45628.0,109742.0,226578.0,148194.0,355982.0,148388.0,119957.0,197735.0,131448.0,237081.0,607455.0,217639.0,407010.0,508114.0,125856.0,74984.0,186202.0,60460.0,135100.33,58.106,0.001026,121987.4,38.6112,0.000661,234038.9,10.0626,0.000305,204988.67,7.6591,0.000219,202254.3,5.822,0.000164,220044.5,3.5675,0.000108
20261002,4807,日成-KY,93612.0,60509.0,129235.0,59195.0,78769.0,100009.0,175766.0,122142.0,189760.0,260679.0,1135477.0,372346.0,98970.0,226264.0,108787.0,175071.0,183312.0,235527.0,252786.0,62432.0,52817.0,56691.0,94888.0,107569.0,53562.0,144823.0,851690.0,68179.0,65073.0,149681.0,94452.0,33.0369,0.000408,84264.0,22.2187,0.000263,126967.6,7.3729,0.000121,214101.33,2.9149,8.7e-05,206032.4,2.2718,6.5e-05,192187.37,1.6236,4.3e-05
20261002,4904,遠傳,4014485.0,3201796.0,6217738.0,5442744.0,1985784.0,3732583.0,2638062.0,3630994.0,12676593.0,7012403.0,6256302.0,4578462.0,2183218.0,2828853.0,2255404.0,4221641.0,3937909.0,5386241.0,3337751.0,3510171.0,9678275.0,3565741.0,9105155.0,6251598.0,3626406.0,6238470.0,4418922.0,4347575.0,4101489.0,6072187.0,4478006.33,29.883,0.017488,4172509.4,19.2425,0.011263,5055318.2,7.9411,0.005194,4577028.07,5.8473,0.003729,4452456.7,4.5082,0.002793,4881831.73,2.7411,0.001836
20261002,4906,正文,13521119.0,11744264.0,17574239.0,13404590.0,2374151.0,5992660.0,17451931.0,10235573.0,5500298.0,2974549.0,2210534.0,2574071.0,1766704.0,2421158.0,1978391.0,2658093.0,4312150.0,3449492.0,5952016.0,5107223.0,7986812.0,17547363.0,10004128.0,11607235.0,13206181.0,10273769.0,2298265.0,2853094.0,2103452.0,3037214.0,14279874.0,31.5622,0.0589,11723672.6,23.0664,0.037935,10077337.4,13.4174,0.017495,7448282.13,12.1022,0.012559,6660160.3,10.1507,0.009409,7137357.3,6.3147,0.006184
20261002,4912,聯德控股-KY,708989.0,1798906.0,999173.0,336807.0,373546.0,314008.0,362425.0,691649.0,587382.0,686951.0,387030.0,194218.0,238664.0,308521.0,607634.0,958926.0,377069.0,577598.0,1168288.0,970665.0,1457136.0,1052502.0,736699.0,1734682.0,2418654.0,324121.0,847247.0,546119.0,153426.0,181436.0,1169022.67,20.216,0.003088,843484.2,16.811,0.001989,685983.6,10.3354,0.000917,573060.2,8.248,0.000659,632422.45,5.6053,0.000493,736682.37,3.208,0.000324
20261002,4915,致伸,2611056.0,2662280.0,1919020.0,1749925.0,1492781.0,1847872.0,2175407.0,2759607.0,5517172.0,5324145.0,9537941.0,8267711.0,13116342.0,4011438.0,5773412.0,3975051.0,1685600.0,1787063.0,2126259.0,2285577.0,2002757.0,1401492.0,1419315.0,1345755.0,2406623.0,1353267.0,1158200.0,1032856.0,2428500.0,3293257.0,2397452.0,36.3032,0.011374,2087012.4,25.022,0.007326,2805926.5,9.3055,0.003378,4584407.27,3.797,0.002425,4031282.95,3.2385,0.001817,3282256.03,2.6517,0.001194
20261002,4916,事欣科,2636368.0,1928234.0,2099007.0,962674.0,2855025.0,2917686.0,2514373.0,3951443.0,15854725.0,4563455.0,536437.0,684396.0,720678.0,1564404.0,1067556.0,785494.0,1393046.0,944260.0,963654.0,2064632.0,1409523.0,1304342.0,1488072.0,1910323.0,3902789.0,2300950.0,1042972.0,1578571.0,1832612.0,3708301.0,2221203.0,39.5637,0.011484,2096261.6,25.153,0.007397,4028299.0,6.5446,0.003411,2990430.73,5.8773,0.002449,2550377.35,5.1686,0.001835,2382866.73,3.6879,0.001206
20261002,4919,新唐,57349128.0,21151511.0,13131385.0,9319257.0,14436318.0,43702865.0,31470265.0,21754489.0,6752199.0,2095303.0,2771263.0,2297812.0,3067421.0,2474731.0,1609909.0,1860693.0,2625723.0,3275935.0,1945505.0,2315891.0,1426053.0,2541694.0,1982506.0,2799158.0,2349756.0,2796717.0,3214949.0,2726784.0,4261748.0,3335350.0,30544008.0,62.5863,0.249821,23077519.8,49.7013,0.160899,22116272.0,25.9307,0.074204,15558923.73,24.5729,0.053267,12270380.15,23.3689,0.039906,9094743.93,21.0191,0.026231
20261002,4927,泰鼎-KY,17406916.0,1834309.0,3204069.0,1936781.0,3046929.0,4126127.0,3713312.0,4271157.0,4819377.0,6486759.0,2927230.0,1538858.0,1794524.0,1805392.0,2441660.0,4060149.0,7483397.0,6268476.0,2401251.0,4106241.0,6930586.0,4442337.0,5683301.0,11801891.0,11969946.0,4681244.0,3516806.0,1851975.0,1457193.0,1753969.0,7481764.67,77.5526,0.075827,5485800.8,63.4617,0.048837,5084573.6,34.2348,0.022523,4090226.67,28.3716,0.016168,4283645.7,20.3179,0.012113,4658738.73,12.4547,0.007962
20261002,4930,燦星網,90494.0,32140.0,12846.0,14291.0,10261.0,12721.0,22689.0,283465.0,277047.0,113425.0,171873.0,3334.0,3655.0,228867.0,6737.0,11598.0,6961.0,21645.0,12762.0,17814.0,7153.0,23175.0,21321.0,9396.0,32769.0,9850.0,35807.0,14278.0,28259.0,24931.0,45160.0,66.7951,0.000394,32006.4,56.5474,0.000254,86937.9,10.409,0.000117,85589.67,7.0487,8.4e-05,67731.25,6.6804,6.3e-05,52052.13,5.7951,4.1e-05
20261002,4934,太極,393968.0,487149.0,945249.0,192772.0,324032.0,394894.0,982369.0,963475.0,397421.0,376470.0,345855.0,297752.0,206706.0,427016.0,276568.0,311798.0,272653.0,414946.0,404998.0,505087.0,245787.0,375451.0,355112.0,318933.0,471132.0,333455.0,292595.0,320321.0,420462.0,437481.0,608788.67,21.5711,0.001716,468634.0,16.8135,0.001105,545779.9,7.2184,0.00051,467446.4,5.6187,0.000366,446058.9,4.4161,0.000274,416396.9,3.1538,0.00018
20261002,4935,茂林-KY,57476.0,131289.0,91355.0,59283.0,54271.0,82715.0,134786.0,94259.0,409575.0,133993.0,106682.0,118973.0,82275.0,116283.0,160011.0,83043.0,77227.0,111192.0,118198.0,95200.0,35320.0,60639.0,83530.0,95307.0,149192.0,71374.0,47437.0,55029.0,71000.0,61000.0,93373.33,20.5183,0.00025,78734.8,14.5999,0.000161,124900.2,4.6018,7.4e-05,122215.07,3.1352,5.3e-05,115904.3,2.4795,4e-05,101597.13,1.8857,2.6e-05
20261002,4938,和碩,4521969.0,6887853.0,11785297.0,11561261.0,7881615.0,9342095.0,8368084.0,5939887.0,9060950.0,7287528.0,6698604.0,7402017.0,4745706.0,6247357.0,5688311.0,6489639.0,11774680.0,12701722.0,18644249.0,9098623.0,6619109.0,8007243.0,21640773.0,6515496.0,4099792.0,6068292.0,4123757.0,7860023.0,9959075.0,13164912.0,7731706.33,19.4953,0.019698,8527599.0,10.6055,0.012687,8263653.9,5.4721,0.005851,7561235.6,3.987,0.0042,8606372.35,2.6271,0.003147,8672863.97,1.738,0.002068
20261002,4942,嘉彰,107055.0,89195.0,89065.0,45000.0,26707.0,60496.0,177037.0,50788.0,99360.0,114559.0,234024.0,107824.0,66739.0,144998.0,109572.0,64458.0,99851.0,92451.0,33516.0,52075.0,92000.0,79830.0,38717.0,79071.0,62616.0,52407.0,149742.0,40042.0,55101.0,83884.0,95105.0,37.5217,0.000466,71404.4,29.9855,0.0003,85926.2,12.4589,0.000139,101494.6,7.0319,9.9e-05,93238.5,5.7409,7.4e-05,86606.0,4.1204,4.9e-05
20261002,4943,康控-KY,66281.0,50554.0,8611.0,16653.0,8959.0,65927.0,18281.0,18991.0,57777.0,22701.0,36503.0,8485.0,75716.0,10668.0,34197.0,42287.0,49548.0,169334.0,158672.0,120641.0,60001.0,18180.0,17268.0,31283.0,22987.0,20264.0,10003.0,12117.0,40520.0,10101.0,41815.33,52.8363,0.000289,30211.6,43.8778,0.000186,33473.5,19.801,8.6e-05,33353.6,13.2481,6.2e-05,52039.3,6.3684,4.6e-05,42783.67,5.164,3e-05
20261002,4949,有成精密,488501.0,269362.0,382077.0,499018.0,238177.0,344448.0,829985.0,1400509.0,267424.0,629154.0,218795.0,371204.0,736607.0,1073623.0,300151.0,353342.0,333569.0,387145.0,666291.0,1607862.0,3472750.0,1974151.0,1307947.0,760784.0,1319802.0,458002.0,238939.0,370862.0,591823.0,1312150.0,379980.0,42.8532,0.002128,375427.0,26.0238,0.001371,534865.5,9.1332,0.000632,536602.33,6.0691,0.000454,569862.2,4.2861,0.00034,773481.8,2.1052,0.000223
20261002,4952,凌通,361631.0,304454.0,152291.0,115759.0,112021.0,117237.0,359816.0,222650.0,202847.0,172696.0,151140.0,180271.0,128795.0,191547.0,300572.0,280927.0,439269.0,298136.0,180511.0,313060.0,142471.0,278825.0,271179.0,280400.0,635549.0,459029.0,338714.0,1148887.0,517213.0,529411.0,272792.0,44.1889,0.001575,209231.2,34.5676,0.001015,212140.2,17.0468,0.000468,204915.13,11.7652,0.000336,229281.5,7.8862,0.000252,306243.6,3.9362,0.000165
20261002,4956,光鋐,9885585.0,21286091.0,30014622.0,16057652.0,22783493.0,28884688.0,23195519.0,27061766.0,23944980.0,8496611.0,7633753.0,1010476.0,1702877.0,1323223.0,1094077.0,1440534.0,1610806.0,4125899.0,5271439.0,2671227.0,2237715.0,2533476.0,2626313.0,5714283.0,4107432.0,9758595.0,3249545.0,4363803.0,520034.0,595801.0,20395432.67,16.1565,0.043063,20005488.6,9.8829,0.027735,21161100.7,4.6716,0.012791,14958360.87,4.4058,0.009182,11974765.9,4.1277,0.006879,9173410.5,3.5921,0.004522
20261002,4958,臻鼎-KY,69348102.0,31694640.0,30846660.0,41991459.0,20619766.0,39517300.0,45198008.0,26718285.0,29899628.0,26008525.0,21886748.0,19168557.0,18946773.0,18746769.0,16351309.0,18639881.0,33442577.0,34247775.0,33930146.0,40982476.0,29619988.0,71767430.0,49093086.0,34242675.0,27307289.0,14315952.0,12795888.0,28399863.0,29086790.0,39504737.0,43963134.0,52.5805,0.30209,38900125.4,35.6544,0.194564,36184237.3,19.1653,0.089729,30462835.27,15.1765,0.064412,30909269.2,11.218,0.048256,31810636.07,7.2668,0.031719
20261002,4960,誠美材,5244982.0,5391096.0,9365650.0,5046690.0,2974800.0,5690438.0,11027992.0,10818233.0,19107976.0,7450308.0,1719437.0,1915556.0,1117203.0,1259946.0,1335094.0,1383561.0,1561141.0,1219728.0,1159961.0,2805170.0,1606062.0,1319654.0,2194414.0,2388245.0,3054744.0,4621917.0,1259799.0,1588754.0,2716239.0,2721381.0,6667242.67,26.2226,0.022848,5604643.6,18.7166,0.014715,8211816.5,6.3871,0.006786,5964360.07,5.8626,0.004872,4879748.1,5.3742,0.00365,4035539.03,4.3323,0.002399
20261002,4961,天鈺,1175838.0,2413984.0,1363490.0,1610173.0,430723.0,559217.0,946443.0,699260.0,1228112.0,1702024.0,1833790.0,1273246.0,1394040.0,691906.0,633388.0,1432999.0,3232322.0,293157.0,342104.0,620585.0,1073788.0,756831.0,781929.0,492509.0,209207.0,199842.0,158629.0,186801.0,806621.0,401184.0,1651104.0,23.7384,0.005122,1398841.6,16.8116,0.003299,1212926.4,9.6942,0.001521,1197042.27,6.5486,0.001092,1193840.05,4.9246,0.000818,964804.73,4.0624,0.000538
20261002,4967,十銓,1321488.0,1098693.0,1312927.0,572713.0,1081769.0,1215890.0,1821361.0,1625376.0,4140493.0,1803089.0,1951254.0,2851415.0,2704918.0,3105493.0,2438528.0,4793931.0,7121214.0,3402723.0,2395597.0,5011144.0,5863812.0,4722023.0,2627769.0,2660574.0,4770114.0,2741103.0,12526281.0,7651001.0,5606756.0,3655444.0,1244369.33,35.3991,0.005757,1077518.0,24.5284,0.003708,1599379.9,8.2625,0.00171,1936360.47,4.5497,0.001227,2588500.8,2.5526,0.00092,3486496.43,1.2634,0.000604
20261002,4968,立積,1136293.0,2244713.0,669041.0,264713.0,207951.0,165251.0,385332.0,198593.0,341161.0,397661.0,217407.0,154292.0,319082.0,236603.0,230269.0,231566.0,408887.0,257812.0,205051.0,361525.0,313574.0,374941.0,296027.0,351094.0,264916.0,494273.0,232980.0,234668.0,369254.0,671461.0,1350015.67,28.0563,0.00495,904542.2,25.1242,0.003188,601070.9,18.9045,0.00147,477890.8,15.8515,0.001055,431660.15,13.1619,0.000791,407879.7,9.2862,0.00052
20261002,4976,佳凌,461081.0,847068.0,552113.0,455830.0,528809.0,662568.0,882227.0,879122.0,930903.0,927355.0,2182767.0,783006.0,1274281.0,1189067.0,1179041.0,1447428.0,1726227.0,2668683.0,2910101.0,12436263.0,12907098.0,2231566.0,1612383.0,3490384.0,8690775.0,9665517.0,2695344.0,2662853.0,1387480.0,2535031.0,620087.33,24.7858,0.002009,568980.2,16.2073,0.001294,712707.6,6.4694,0.000597,915682.53,3.3569,0.000428,1746197.0,1.3202,0.000321,2760079.03,0.5568,0.000211
20261002,4977,眾達-KY,5207603.0,1199078.0,2213717.0,1245907.0,962856.0,1549244.0,2483549.0,1462152.0,3420485.0,6116371.0,5346322.0,2090246.0,1991220.0,3931111.0,3408383.0,4955917.0,2716824.0,4658535.0,6114009.0,6148309.0,6016083.0,6878283.0,3005963.0,3489659.0,10551960.0,7963102.0,2354174.0,6080444.0,1961724.0,4511096.0,2873466.0,60.4102,0.022685,2165832.2,48.0887,0.014611,2586096.2,20.1369,0.006738,2841882.93,12.2163,0.004837,3361091.9,7.7469,0.003624,4001144.2,4.3384,0.002382
20261002,4989,榮科,7789340.0,1665543.0,2282700.0,1431027.0,1972543.0,1823055.0,2184268.0,1394120.0,1871051.0,3294222.0,2313672.0,2251477.0,3185644.0,2477255.0,4872263.0,1736758.0,2454256.0,2697045.0,2536700.0,4727679.0,2895937.0,5185141.0,5652636.0,15471541.0,12459737.0,7774622.0,2021213.0,2917307.0,3728173.0,4680962.0,3912527.67,66.3624,0.033931,3028230.6,51.4448,0.021854,2570786.9,30.2994,0.010079,2720545.33,19.0877,0.007235,2748030.9,14.1726,0.00542,3924929.57,6.6153,0.003563
20261002,4994,傳奇,96382.0,10235.0,12902.0,8694.0,10616.0,19006.0,8001.0,26066.0,54160.0,15556.0,2000.0,7212.0,11505.0,3809.0,16213.0,16003.0,6687.0,16153.0,13010.0,6000.0,9305.0,7011.0,18289.0,5225.0,10703.0,16124.0,5116.0,35250.0,20847.0,15368.0,39839.67,80.6416,0.00042,27765.8,69.425,0.00027,26161.8,36.8407,0.000125,20157.13,31.8769,9e-05,18010.5,26.7572,6.7e-05,16781.6,19.1444,4.4e-05
20261002,4999,鑫禾,249825.0,68134.0,36315.0,37859.0,11203.0,59360.0,90264.0,36692.0,43320.0,62266.0,36320.0,10262.0,58142.0,21631.0,46075.0,58813.0,53875.0,40088.0,25049.0,53185.0,32855.0,13392.0,37591.0,30835.0,88987.0,31418.0,20966.0,47956.0,40884.0,16586.0,118091.33,70.5175,0.001088,80667.2,61.9397,0.000701,69523.8,35.9337,0.000323,57844.53,28.7927,0.000232,54933.9,22.7387,0.000174,48671.6,17.1096,0.000114
20261002,5007,三星,13129.0,8786.0,86561.0,42297.0,66094.0,60375.0,6567.0,18356.0,25074.0,19177.0,32010.0,22104.0,25520.0,28121.0,178016.0,26764.0,54849.0,110153.0,25000.0,11042.0,12068.0,79089.0,50054.0,13163.0,17291.0,25268.0,33462.0,17047.0,34470.0,47363.0,36158.67,12.1031,5.7e-05,43373.4,6.0539,3.7e-05,34641.6,3.79,1.7e-05,42145.8,2.0768,1.2e-05,42999.75,1.5266,9e-06,39642.33,1.104,6e-06
20261002,5203,訊連,61552.0,69274.0,82172.0,147899.0,67344.0,32459.0,66810.0,47034.0,164544.0,113822.0,123745.0,162501.0,161856.0,71930.0,112209.0,133016.0,239909.0,116488.0,97383.0,83239.0,58306.0,62942.0,112071.0,92606.0,210968.0,91582.0,78745.0,61142.0,139303.0,427031.0,70999.33,28.8979,0.000268,85648.2,14.3732,0.000173,85291.0,7.2167,8e-05,99010.07,4.1445,5.7e-05,107759.3,2.856,4.3e-05,116329.4,1.7637,2.8e-05
20261002,5215,科嘉-KY,12601.0,31621.0,14700.0,30159.0,20000.0,14492.0,18000.0,34234.0,13355.0,22903.0,33935.0,32355.0,36200.0,49725.0,22354.0,14046.0,30988.0,21100.0,26409.0,18325.0,25177.0,25407.0,64260.0,39340.0,21589.0,303770.0,43197.0,42470.0,56004.0,49560.0,19640.67,21.3859,5.5e-05,21816.2,11.552,3.5e-05,21206.5,5.942,1.6e-05,25775.6,3.2592,1.2e-05,24875.1,2.5329,9e-06,38942.53,1.0786,6e-06
20261002,5222,全訊,200014.0,118037.0,134599.0,159423.0,113167.0,126812.0,185976.0,281650.0,174178.0,135731.0,71653.0,135048.0,107732.0,176204.0,134197.0,137242.0,165821.0,144019.0,153687.0,201173.0,145018.0,173471.0,167896.0,310139.0,317456.0,155731.0,137626.0,157013.0,236900.0,361193.0,150883.33,44.1873,0.000871,145048.0,27.579,0.000561,162958.7,12.2739,0.000259,150294.73,8.8721,0.000186,152818.15,6.5442,0.000139,173960.2,3.8326,9.1e-05
20261002,5225,東科-KY,78050.0,64304.0,94519.0,116342.0,116779.0,148449.0,142404.0,177660.0,94571.0,80681.0,181936.0,152923.0,204250.0,288538.0,301349.0,357785.0,364090.0,591260.0,1162649.0,179001.0,77889.0,122830.0,123965.0,266168.0,258748.0,286530.0,193359.0,220172.0,241467.0,341396.0,78957.67,32.9501,0.00034,93998.8,16.6066,0.000219,111375.9,7.0078,0.000101,149517.0,3.4801,7.2e-05,244877.0,1.5937,5.4e-05,234335.47,1.1102,3.6e-05
20261002,5234,達興材料,741353.0,458163.0,1311283.0,635167.0,103977.0,174819.0,211656.0,154000.0,201036.0,299522.0,119659.0,146939.0,107659.0,320279.0,294827.0,147361.0,189626.0,219593.0,229981.0,326185.0,211723.0,308252.0,304723.0,370481.0,221183.0,227961.0,166146.0,140154.0,382931.0,463737.0,836933.0,29.5266,0.003229,649988.6,22.8113,0.00208,429097.6,17.277,0.000959,352022.6,14.0399,0.000689,319654.25,11.5962,0.000516,306345.87,8.0666,0.000339
20261002,5236,凌陽創新,84722.0,65712.0,106889.0,48510.0,49832.0,64826.0,104676.0,45797.0,61787.0,69285.0,62521.0,38973.0,65672.0,157267.0,49781.0,44284.0,105112.0,59919.0,112420.0,77258.0,192973.0,85029.0,118549.0,81122.0,108160.0,104680.0,67207.0,75603.0,248955.0,94287.0,85774.33,32.9244,0.000369,71133.0,23.8207,0.000238,70203.6,12.068,0.00011,71750.0,7.872,7.9e-05,73762.15,5.7429,5.9e-05,88393.6,3.1949,3.9e-05
20261002,5243,乙盛-KY,1201056.0,1158249.0,1599795.0,593023.0,570817.0,655551.0,840469.0,557156.0,592159.0,1364841.0,556123.0,607190.0,568415.0,802438.0,932467.0,565171.0,1133051.0,2774701.0,753864.0,890385.0,680983.0,844076.0,870161.0,3001904.0,1267718.0,768477.0,801175.0,461446.0,577579.0,646534.0,1319700.0,30.3366,0.005232,1024588.0,23.4447,0.00337,913311.6,13.1506,0.001554,839983.27,9.5324,0.001116,935846.05,6.417,0.000836,954565.8,4.1941,0.000549
20261002,5244,弘凱,641544.0,48300.0,63010.0,81001.0,69528.0,100453.0,143797.0,243792.0,477052.0,253798.0,177558.0,58248.0,181723.0,70142.0,149711.0,74113.0,114214.0,275001.0,143122.0,196691.0,116500.0,118324.0,148896.0,85283.0,244353.0,231107.0,142664.0,185605.0,95973.0,92555.0,250951.33,85.2149,0.002795,180676.6,71.0157,0.0018,212227.5,30.2291,0.00083,183977.13,23.2472,0.000596,178139.9,18.0067,0.000446,167468.6,12.7694,0.000293
20261002,5258,虹堡,130668.0,236387.0,211970.0,113462.0,213538.0,490340.0,348660.0,369627.0,140320.0,326309.0,118667.0,137123.0,212019.0,768565.0,217743.0,164191.0,680239.0,445039.0,158918.0,361033.0,180190.0,208775.0,381268.0,531948.0,692176.0,218767.0,305579.0,218447.0,391598.0,409552.0,193008.33,22.5669,0.000569,181205.0,14.4221,0.000367,258128.1,5.0621,0.000169,269026.53,3.238,0.000121,292240.9,2.2356,9.1e-05,312770.6,1.3926,6e-05
20261002,5269,祥碩,254442.0,208165.0,321237.0,255261.0,285085.0,297298.0,452300.0,382204.0,775736.0,888674.0,1571251.0,283562.0,381292.0,506590.0,365647.0,293682.0,468647.0,327722.0,317637.0,532498.0,646366.0,635026.0,377044.0,403900.0,443537.0,622471.0,165605.0,241491.0,1187531.0,325963.0,261281.33,32.4608,0.001108,264838.0,19.2149,0.000714,412040.2,6.1752,0.000329,481916.27,3.5199,0.000236,458446.5,2.775,0.000177,473928.8,1.7896,0.000116
20261002,5283,禾聯碩,112580.0,18316.0,59873.0,36234.0,55976.0,70610.0,30216.0,72693.0,103579.0,39571.0,20063.0,23254.0,35446.0,81524.0,28885.0,59818.0,76378.0,80891.0,74382.0,117040.0,53759.0,36643.0,135681.0,379150.0,510875.0,139002.0,163209.0,67721.0,72175.0,121060.0,63589.67,59.0138,0.00049,56595.8,39.7839,0.000316,59964.8,18.7743,0.000146,52588.0,14.272,0.000105,59866.45,9.4026,7.8e-05,95886.8,3.9136,5.1e-05
20261002,5284,jpp-KY,212857.0,160096.0,233706.0,260949.0,356041.0,250007.0,550582.0,197511.0,85127.0,232501.0,198723.0,207016.0,195496.0,296123.0,137003.0,143638.0,366710.0,1032297.0,948538.0,790708.0,901595.0,403959.0,239216.0,270433.0,221424.0,273877.0,529004.0,1959244.0,366345.0,446515.0,202219.67,35.0868,0.000927,244729.8,17.3953,0.000597,253937.7,8.3823,0.000275,238249.2,5.9561,0.000198,342781.45,3.1049,0.000148,415574.7,1.7073,9.7e-05
20261002,5285,界霖,4941418.0,1550671.0,789941.0,781129.0,1236954.0,1526076.0,2089028.0,1787258.0,3063177.0,2105231.0,778833.0,1199764.0,1732852.0,747385.0,1905407.0,1088481.0,769712.0,628217.0,1524276.0,4511949.0,2605362.0,688303.0,734106.0,1192121.0,1909007.0,1583875.0,1171470.0,526412.0,1258808.0,689131.0,2427343.33,67.8577,0.021526,1860022.6,53.1329,0.013864,1987088.3,24.8676,0.006394,1749008.27,18.8351,0.00459,1737887.95,14.2167,0.003438,1570545.13,10.4877,0.00226
20261002,5288,豐祥-KY,131717.0,344431.0,377477.0,103079.0,101067.0,179277.0,70321.0,49150.0,205905.0,165937.0,50582.0,56501.0,52939.0,197949.0,92230.0,125804.0,120363.0,92039.0,68427.0,156379.0,49082.0,171472.0,105383.0,36563.0,42989.0,32357.0,42595.0,31311.0,61328.0,126610.0,284541.67,15.4303,0.000574,211554.2,12.4523,0.00037,172836.1,7.6209,0.00017,145237.47,6.0461,0.000122,137078.7,4.8044,9.2e-05,114708.8,3.8276,6e-05
20261002,5292,華懋,251935.0,489503.0,335629.0,36861.0,29227.0,87229.0,66003.0,41600.0,63191.0,103193.0,121916.0,133494.0,100669.0,59343.0,66578.0,163364.0,79586.0,100228.0,80905.0,417545.0,475558.0,1082080.0,163423.0,268664.0,246349.0,224786.0,733695.0,467445.0,691339.0,282293.0,359022.33,23.3908,0.001097,228631.0,22.0386,0.000707,150437.1,16.7469,0.000326,132424.73,12.6832,0.000234,141399.95,8.9086,0.000175,248787.7,3.3755,0.000115
20261002,5306,桂盟,176060.0,186616.0,49644.0,49248.0,24687.0,64669.0,46682.0,51053.0,129394.0,52601.0,75173.0,45128.0,108624.0,408857.0,71616.0,76328.0,45655.0,56045.0,207714.0,131331.0,72825.0,109478.0,71850.0,40996.0,59490.0,37022.0,63337.0,84795.0,168696.0,77239.0,137440.0,42.6998,0.000767,97251.0,36.2073,0.000494,83065.4,21.1953,0.000228,102670.13,11.4321,0.000164,102856.25,8.5585,0.000123,94761.77,6.1931,8.1e-05
20261002,5388,中磊,1151325.0,2516492.0,1747043.0,2347623.0,1360869.0,1078057.0,1460640.0,1144838.0,1902797.0,2093845.0,1808126.0,1657783.0,1233523.0,2030590.0,3642279.0,1989934.0,4057357.0,1632581.0,2650839.0,5028064.0,1906533.0,2276326.0,2535881.0,1778427.0,2407979.0,2553064.0,2131146.0,2412760.0,3304135.0,4471274.0,1804953.33,21.2623,0.005015,1824670.4,12.6195,0.00323,1680352.9,6.8517,0.00149,1811722.0,4.2366,0.001069,2126730.25,2.7068,0.000801,2277071.0,1.6854,0.000527
20261002,5434,崇越,1079002.0,750830.0,1043200.0,390228.0,234099.0,505712.0,528157.0,372313.0,860162.0,611175.0,723499.0,424026.0,726308.0,425342.0,360993.0,570691.0,577176.0,442355.0,644721.0,707339.0,521200.0,1037182.0,922941.0,283228.0,439631.0,521865.0,345754.0,658947.0,1627243.0,2802270.0,957677.33,37.5562,0.0047,699471.8,30.8519,0.003027,637487.8,16.9258,0.001396,602336.4,11.9424,0.001002,598866.4,9.0087,0.000751,704586.3,5.1047,0.000494
20261002,5469,瀚宇博,1637219.0,1285551.0,1291750.0,584373.0,491986.0,444885.0,1107174.0,769300.0,2260341.0,2251688.0,2173084.0,704295.0,884631.0,1025524.0,494686.0,799014.0,914139.0,678284.0,804330.0,1041089.0,611378.0,1142768.0,1064341.0,1756746.0,1291095.0,865014.0,1187307.0,1197096.0,1683957.0,1124803.0,1404840.0,38.8471,0.007132,1058175.8,30.9442,0.004593,1212426.7,13.5037,0.002118,1160432.47,9.4058,0.001521,1082167.15,7.5645,0.001139,1118928.27,4.8773,0.000749
20261002,5471,松翰,997610.0,784557.0,728369.0,521664.0,758373.0,918631.0,757007.0,770060.0,884539.0,582120.0,469283.0,692885.0,774596.0,1009528.0,1014008.0,1577479.0,4871986.0,2720356.0,1394477.0,1950245.0,1879549.0,3229033.0,2884189.0,4716492.0,7603031.0,7749749.0,834770.0,1474919.0,1896651.0,2074071.0,836845.33,39.7369,0.004346,758114.6,26.3182,0.002799,770293.0,12.951,0.001291,777548.67,8.5535,0.000927,1208888.65,4.1261,0.000694,1950674.23,1.7047,0.000456
20261002,5484,慧友,206479.0,122331.0,176593.0,74494.0,83756.0,64492.0,174774.0,111050.0,105404.0,119140.0,127068.0,127616.0,107189.0,110596.0,394389.0,1066794.0,832855.0,101839.0,126932.0,223683.0,189702.0,116524.0,187711.0,176532.0,173908.0,181166.0,203879.0,206149.0,348699.0,324156.0,168467.67,40.8543,0.000899,132730.6,31.1125,0.000579,123851.3,16.6715,0.000267,140358.07,9.8073,0.000192,222873.7,4.6322,0.000144,218863.33,3.1447,9.4e-05
20261002,5515,建國,475099.0,293058.0,329036.0,253867.0,555267.0,423470.0,287635.0,251087.0,585852.0,132159.0,282746.0,326001.0,220394.0,311325.0,994829.0,209648.0,211461.0,362816.0,420373.0,316769.0,175273.0,203016.0,404089.0,528079.0,726051.0,622282.0,838346.0,1079904.0,1056281.0,1741460.0,365731.0,43.3013,0.00207,381265.4,24.9222,0.001333,358653.0,13.2468,0.000615,381455.0,8.3033,0.000441,362144.6,6.5595,0.000331,487255.77,3.2502,0.000217
20261002,5519,隆大,116402.0,77809.0,178645.0,147353.0,451181.0,245630.0,265241.0,215420.0,461616.0,199776.0,256380.0,261627.0,450198.0,431982.0,324465.0,229923.0,270007.0,806631.0,229512.0,331527.0,327985.0,218105.0,258731.0,373561.0,163183.0,157412.0,100199.0,139589.0,182232.0,217334.0,124285.33,31.219,0.000507,194278.0,11.983,0.000327,235907.3,4.9342,0.000151,272248.33,2.8504,0.000108,297566.25,1.9559,8.1e-05,269655.2,1.4389,5.3e-05
20261002,5521,工信,1310471.0,942139.0,799798.0,601362.0,745188.0,844658.0,2036920.0,1262058.0,3248220.0,1692712.0,705257.0,839240.0,1704311.0,1435471.0,1302100.0,682917.0,880559.0,1711601.0,980722.0,1154332.0,1224310.0,836108.0,2108779.0,1605573.0,1939933.0,1372972.0,2056432.0,3234857.0,1341416.0,3195225.0,1017469.33,42.9324,0.005709,879791.6,29.7905,0.003677,1348352.6,9.7191,0.001696,1297993.67,6.7308,0.001217,1244001.8,5.2672,0.000912,1459854.7,2.9922,0.000599
20261002,5522,遠雄,507046.0,467206.0,666357.0,371905.0,682178.0,746244.0,537651.0,408017.0,1394765.0,574398.0,1146743.0,822371.0,1008221.0,386247.0,427395.0,270194.0,212521.0,362796.0,373008.0,392082.0,211043.0,289973.0,1127653.0,669748.0,294409.0,351589.0,315267.0,381548.0,605299.0,640556.0,546869.67,30.906,0.002209,538938.4,18.8165,0.001423,635576.7,7.9777,0.000656,676449.6,4.9971,0.000471,587867.25,4.3126,0.000353,554814.33,3.0463,0.000232
20261002,5525,順天,67246.0,57058.0,66276.0,53695.0,132283.0,52677.0,151019.0,230297.0,109037.0,40405.0,41749.0,85049.0,114307.0,56539.0,37201.0,43268.0,80555.0,101524.0,119502.0,123998.0,33045.0,72567.0,135767.0,69007.0,84308.0,71755.0,46170.0,187393.0,50512.0,67525.0,63526.67,35.2849,0.000293,75311.6,17.8581,0.000189,95999.3,7.0048,8.7e-05,86322.53,5.1934,6.2e-05,88184.25,3.8128,4.7e-05,86057.8,2.6047,3.1e-05
20261002,5531,鄉林,283715.0,423058.0,533591.0,677557.0,529559.0,443169.0,691113.0,3355049.0,10007844.0,277499.0,416151.0,407551.0,273882.0,329929.0,361281.0,246086.0,430159.0,452631.0,529045.0,912472.0,665139.0,651195.0,501555.0,595380.0,354637.0,386651.0,396555.0,491100.0,371342.0,375880.0,413454.67,22.8735,0.001236,489496.0,11.5921,0.000796,1722215.4,1.6474,0.000367,1267396.53,1.4924,0.000264,1079067.05,1.3146,0.000197,879025.83,1.0759,0.00013
20261002,5533,皇鼎,55213.0,100100.0,48000.0,22277.0,122890.0,13500.0,74425.0,14176.0,371107.0,159395.0,215429.0,119460.0,145208.0,134000.0,219815.0,125295.0,128830.0,70125.0,109303.0,102054.0,66000.0,78358.0,25240.0,114970.0,143472.0,53426.0,86689.0,100000.0,168084.0,82333.0,67771.0,27.1567,0.000241,69696.0,15.844,0.000155,98108.3,5.6278,7.1e-05,120999.67,3.042,5.1e-05,117530.1,2.3489,3.8e-05,108972.47,1.6889,2.5e-05
20261002,5534,長虹,760082.0,505887.0,710625.0,500299.0,266414.0,254260.0,502034.0,400272.0,1632659.0,329430.0,543655.0,712436.0,446691.0,1059667.0,1165414.0,284599.0,219909.0,641764.0,449333.0,657989.0,368104.0,671781.0,527149.0,1117394.0,1018004.0,1250078.0,2612624.0,1817862.0,690504.0,412021.0,658864.67,38.4541,0.003311,548661.4,27.7068,0.002132,586196.2,12.9663,0.000983,652655.0,7.764,0.000706,602170.95,6.3112,0.000529,750964.67,3.3738,0.000348
20261002,5538,東明-KY,62022.0,45837.0,120054.0,26710.0,42132.0,16000.0,51192.0,10062.0,44003.0,30292.0,67496.0,39300.0,55371.0,72129.0,22020.0,26089.0,44369.0,28158.0,45050.0,78511.0,19029.0,59861.0,25234.0,81607.0,28259.0,106084.0,90031.0,90276.0,1308198.0,138701.0,75971.0,27.213,0.00027,59351.0,20.9001,0.000174,44830.4,13.8348,8e-05,46974.67,8.8022,5.8e-05,46339.85,6.6921,4.3e-05,95802.57,2.158,2.8e-05
20261002,5546,永固-KY,6100.0,64484.0,10700.0,32000.0,36090.0,16024.0,26254.0,44000.0,48244.0,13070.0,15040.0,27182.0,21158.0,17371.0,17000.0,44068.0,89056.0,77000.0,75897.0,26000.0,15496.0,76000.0,42154.0,29926.0,82257.0,85583.0,57045.0,43000.0,57020.0,39474.0,27094.67,7.5046,2.7e-05,29874.8,4.0837,1.7e-05,29696.6,2.0541,8e-06,26314.47,1.5454,6e-06,35336.9,0.8631,4e-06,41156.43,0.494,3e-06
20261002,5607,遠雄港,231870.0,442373.0,269626.0,796752.0,426451.0,235612.0,316175.0,417227.0,642023.0,443164.0,355808.0,489041.0,530689.0,996840.0,2032890.0,692255.0,703208.0,997852.0,1778056.0,2416852.0,2804398.0,485759.0,601937.0,1377070.0,1249307.0,894057.0,2416355.0,1845755.0,2210549.0,1798121.0,314623.0,24.5659,0.00101,433414.4,10.6997,0.000651,422127.3,5.4929,0.0003,575102.73,2.6879,0.000215,760738.2,1.524,0.000161,1029935.73,0.7504,0.000106
20261002,5608,四維航,2173947.0,1736303.0,1479942.0,2452196.0,2438650.0,1640502.0,2481924.0,2875355.0,2061425.0,3602684.0,3291337.0,2346331.0,1516369.0,4513754.0,6493463.0,3436928.0,2391936.0,3963464.0,9849972.0,13237460.0,4395120.0,4727320.0,7782505.0,5888793.0,11768892.0,23191275.0,47067041.0,54906253.0,36193751.0,14628709.0,1796730.67,40.3315,0.00947,2056207.6,21.1452,0.006099,2294292.8,9.4755,0.002813,2740278.8,5.2889,0.002019,3699197.1,2.9384,0.001513,9484453.37,0.764,0.000994
20261002,5706,鳳凰,85061.0,34462.0,52928.0,67556.0,67236.0,48395.0,66726.0,85282.0,74656.0,79216.0,46375.0,87921.0,112425.0,82188.0,55138.0,126401.0,85168.0,93218.0,111711.0,69144.0,77473.0,93232.0,145052.0,58688.0,92541.0,52377.0,79164.0,237436.0,116214.0,112138.0,57483.67,49.3247,0.000371,61448.6,27.6853,0.000239,66151.8,12.8585,0.00011,69704.33,8.1354,7.9e-05,76560.35,5.5552,5.9e-05,86517.4,3.2772,3.9e-05
20261002,5871,中租-KY,5948646.0,7876457.0,7836885.0,5001745.0,5050902.0,11042672.0,14871324.0,8498645.0,8033755.0,3409288.0,4687527.0,4767486.0,5931349.0,3658742.0,3590024.0,7831138.0,9698513.0,4853864.0,4552601.0,7218455.0,5020119.0,13951622.0,14494846.0,5488046.0,4458129.0,6832753.0,5094890.0,9432964.0,2897216.0,3352668.0,7220662.67,27.4612,0.025913,6342927.0,18.7568,0.01669,7757031.9,7.6687,0.007697,6680363.13,5.9364,0.005525,6718000.9,4.4274,0.004139,6846109.03,2.8964,0.002721
20261002,5871A,中租-KY甲特,79108.0,13000.0,49632.0,103323.0,27191.0,79424.0,73800.0,143064.0,20156.0,83687.0,312108.0,190072.0,33009.0,17238.0,17518.0,94586.0,34111.0,83147.0,57883.0,63891.0,71455.0,72027.0,27087.0,10282.0,65152.0,22331.0,153368.0,11096.0,22312.0,26260.0,47246.67,55.8121,0.000345,54450.8,29.0567,0.000222,67238.5,11.7653,0.000102,82822.0,6.3677,7.3e-05,78797.4,5.0197,5.5e-05,68577.27,3.8452,3.6e-05
20261002,5876,上海商銀,3664456.0,10364447.0,6919056.0,6497420.0,3026168.0,5067078.0,4559819.0,2969452.0,10090377.0,6710336.0,6244581.0,5628831.0,9082786.0,7005480.0,7098758.0,6283664.0,19081290.0,9786207.0,7546959.0,13157273.0,16001250.0,15575235.0,13923271.0,7229756.0,4674471.0,4701798.0,4049402.0,6475010.0,7353841.0,6595185.0,6982653.0,17.4931,0.015963,6094309.4,12.0258,0.010281,5986860.9,6.1208,0.004741,6328603.0,3.8602,0.003404,7539221.9,2.4303,0.00255,7912121.9,1.5438,0.001676
20261002,5880,合庫金,10810873.0,17025431.0,17943411.0,17358159.0,14691036.0,17504063.0,9623047.0,9534595.0,30844955.0,20508852.0,19851298.0,23217099.0,22723824.0,28731550.0,12158726.0,15145888.0,20999269.0,15517404.0,21410399.0,32491451.0,36416956.0,15139049.0,45412466.0,9386451.0,10831100.0,8363717.0,7888175.0,13765561.0,33352232.0,26632551.0,15259905.0,23.615,0.047094,15565782.0,13.8906,0.030331,16584442.2,6.5187,0.013988,18168461.27,3.9669,0.010041,18904566.5,2.8593,0.007523,19509319.6,1.8471,0.004945
20261002,5906,台南-KY,3000.0,1000.0,3000.0,0.0,0.0,9000.0,5094.0,7001.0,4015.0,1157.0,1000.0,0.0,2000.0,4074.0,5460.0,8100.0,565.0,1440.0,716.0,1000.0,1027.0,2.0,2002.0,5000.0,4000.0,2023.0,20.0,0.0,100.0,2262.0,2333.33,42.8571,1.3e-05,1400.0,42.8571,8e-06,3326.7,9.0179,4e-06,3053.4,6.5501,3e-06,2881.1,5.2063,2e-06,2468.6,4.0509,1e-06
20261002,5907,大洋-KY,380762.0,233385.0,116501.0,96136.0,122058.0,710557.0,363143.0,215042.0,672269.0,265244.0,541142.0,244122.0,858241.0,189496.0,239063.0,618908.0,386324.0,354130.0,283196.0,291043.0,667613.0,57000.0,249720.0,361000.0,182222.0,884737.0,114711.0,177003.0,52379.0,219206.0,243549.33,52.1129,0.001659,189768.4,40.1291,0.001068,317509.7,11.9921,0.000493,349810.73,7.2565,0.000354,359038.1,5.3025,0.000265,338211.77,3.7527,0.000174
20261002,6005,群益證,3652489.0,8047795.0,5523115.0,4412919.0,6338990.0,6495135.0,10839671.0,10749030.0,10227792.0,6321704.0,9755873.0,9479912.0,3957126.0,4322098.0,5068260.0,5092691.0,4008690.0,5263332.0,4226625.0,8491306.0,4900949.0,9193026.0,8117315.0,4726832.0,5157738.0,3933891.0,3707669.0,3692690.0,4854276.0,4757465.0,5741133.0,21.2066,0.015911,5595061.6,13.0561,0.010247,7260864.0,5.0304,0.004726,7012793.93,3.4722,0.003393,6613727.65,2.7613,0.002542,6177213.47,1.9709,0.001671
20261002,6024,群益期,114811.0,271843.0,139673.0,304599.0,107319.0,135556.0,211094.0,207823.0,340531.0,414249.0,153818.0,239326.0,131168.0,274143.0,204351.0,325273.0,1181502.0,270122.0,308371.0,166335.0,142983.0,155123.0,567647.0,314079.0,191895.0,118259.0,260913.0,690807.0,175446.0,190629.0,175442.33,21.8136,0.0005,187649.0,12.2368,0.000322,224749.8,5.1084,0.000149,216686.93,3.5323,0.000107,275095.35,2.0867,8e-05,276989.6,1.3817,5.3e-05
20261002,6108,競國,1558395.0,2564254.0,1909273.0,1269830.0,1139657.0,789468.0,1649559.0,1004474.0,2156966.0,3588253.0,2492543.0,2680974.0,2243278.0,2309114.0,1572181.0,2008941.0,1446413.0,1804750.0,1378795.0,2740157.0,2557023.0,2663045.0,6633776.0,11060642.0,4277452.0,3947429.0,3904718.0,6326680.0,5933400.0,3495620.0,2010640.67,25.8358,0.006789,1688281.8,18.4613,0.004372,1763012.9,8.8394,0.002016,1928547.93,5.3871,0.001447,1915363.75,4.0681,0.001084,2970235.33,1.7489,0.000713
20261002,6112,邁達特,558817.0,513036.0,1097280.0,861750.0,2136528.0,1103894.0,2567318.0,4435065.0,8939264.0,3359765.0,7410399.0,21595485.0,10922099.0,1468030.0,252817.0,197811.0,440031.0,405372.0,357232.0,365636.0,531517.0,211114.0,236150.0,213938.0,213756.0,369064.0,112565.0,132183.0,274291.0,573429.0,723044.33,25.7622,0.002434,1033482.2,10.8143,0.001568,2557271.7,2.1852,0.000723,4481436.47,0.8313,0.000519,3449381.45,0.81,0.000389,2395187.87,0.7777,0.000256
20261002,6115,鎰勝,77439.0,73924.0,109408.0,113334.0,51556.0,62407.0,71322.0,97813.0,133679.0,143494.0,150543.0,78284.0,55331.0,65296.0,158243.0,50798.0,91489.0,242504.0,137695.0,85732.0,182455.0,167424.0,372520.0,340345.0,207479.0,328304.0,174229.0,349393.0,146840.0,184065.0,86923.67,29.6962,0.000337,85132.2,18.1926,0.000217,93437.6,8.2878,0.0001,96138.2,5.37,7.2e-05,102514.55,3.777,5.4e-05,150111.5,1.7196,3.5e-05
20261002,6116,彩晶,80015461.0,122735728.0,154482312.0,32973446.0,41846990.0,81652306.0,236177579.0,56764125.0,16464654.0,18960049.0,16856838.0,12653885.0,24282099.0,30914685.0,26635598.0,73568497.0,24707474.0,20901273.0,14313503.0,45896083.0,15678952.0,14225679.0,23352368.0,34400826.0,43403360.0,34235773.0,38042376.0,12417261.0,61603110.0,13102584.0,119077833.67,22.3986,0.348559,86410787.4,18.5198,0.224492,84207265.0,9.5022,0.103531,63561050.33,8.3925,0.07432,56640129.25,7.0635,0.055678,47442162.47,5.622,0.036598
20261002,6117,迎廣,118685.0,158239.0,171113.0,154228.0,59417.0,150616.0,233359.0,148961.0,141232.0,165610.0,112230.0,142267.0,111098.0,136233.0,94914.0,137171.0,148919.0,84220.0,137970.0,339977.0,156186.0,289883.0,94332.0,136225.0,141147.0,91998.0,116324.0,102569.0,137590.0,318133.0,149345.67,26.49,0.000517,132336.4,17.9369,0.000333,150146.0,7.9046,0.000154,139880.13,5.6565,0.00011,147322.95,4.0281,8.3e-05,151028.2,2.6195,5.4e-05
20261002,6120,達運,16135373.0,32148411.0,13054101.0,2603544.0,1718317.0,4424637.0,14679997.0,2457119.0,2350138.0,1195676.0,838279.0,1215164.0,941952.0,1811089.0,1778142.0,2715185.0,621940.0,1080966.0,2164346.0,2299935.0,452611.0,976415.0,989744.0,1324556.0,1517576.0,902314.0,1050522.0,848820.0,1064707.0,1409707.0,20445961.67,26.3057,0.070288,13131949.2,24.5742,0.04527,9076731.3,17.7766,0.020877,6490129.27,16.5743,0.014987,5311715.55,15.1885,0.011228,3892376.1,13.8179,0.00738
20261002,6128,上福,44356.0,16167.0,47106.0,35311.0,17457.0,42830.0,63299.0,28485.0,36206.0,52265.0,29820.0,68006.0,40751.0,221905.0,299229.0,205497.0,130572.0,118719.0,48830.0,15690.0,100041.0,121135.0,92910.0,62682.0,28544.0,42703.0,26080.0,85255.0,29275.0,37993.0,35876.33,41.2119,0.000193,32079.4,27.6539,0.000124,38348.2,11.5666,5.7e-05,69546.2,4.2519,4.1e-05,78125.05,2.8388,3.1e-05,72970.63,2.0262,2e-05
20261002,6133,金橋,4672601.0,10855089.0,20089110.0,9954159.0,2307472.0,3362463.0,5851877.0,11880767.0,12821654.0,13090191.0,1966373.0,1878837.0,1444781.0,2949068.0,815986.0,1935532.0,4155855.0,2441605.0,868657.0,1537631.0,2110436.0,452267.0,481177.0,548804.0,1231620.0,487489.0,434164.0,234265.0,425179.0,410185.0,11872266.67,13.1191,0.020355,9575686.2,9.7593,0.01311,9488538.3,4.9245,0.006046,6929361.87,4.4955,0.00434,5743985.4,4.0674,0.003251,4056509.8,3.8396,0.002137
20261002,6136,富爾特,159253.0,390720.0,153563.0,130621.0,130061.0,108499.0,161886.0,83676.0,130291.0,194694.0,234931.0,347077.0,694522.0,246367.0,332048.0,263409.0,189102.0,270739.0,128649.0,95618.0,169850.0,175982.0,208726.0,470318.0,207265.0,110052.0,197398.0,121528.0,170404.0,328880.0,234512.0,22.6361,0.000694,192843.6,16.5163,0.000447,164326.4,9.6913,0.000206,233213.93,4.5524,0.000148,222286.3,3.5822,0.000111,220204.3,2.4107,7.3e-05
20261002,6139,亞翔,3304534.0,3014465.0,3371103.0,3500385.0,3399157.0,3750210.0,1640135.0,1725029.0,4528809.0,2157163.0,1697549.0,2055879.0,1351218.0,3092463.0,1324647.0,1607925.0,1159350.0,1612698.0,2366253.0,2059979.0,4516304.0,1963615.0,3030230.0,2585203.0,3049782.0,2347380.0,1133191.0,887911.0,2509394.0,2664643.0,3230034.0,34.1022,0.014395,3317928.8,19.9193,0.009271,3039099.0,10.8734,0.004276,2660849.73,8.2794,0.003069,2435947.55,6.7829,0.002299,2446886.8,4.5017,0.001511
20261002,6141,柏承,2124864.0,1323629.0,1723520.0,1437515.0,1742591.0,3180277.0,3439141.0,1343800.0,1517097.0,1487337.0,1246123.0,1516835.0,2219101.0,4241696.0,5149156.0,2253231.0,3064017.0,2292537.0,2389780.0,4475000.0,4645593.0,3590856.0,5240503.0,7488061.0,7830229.0,7151867.0,4853320.0,5207209.0,7784249.0,7786785.0,1724004.33,41.0839,0.009256,1670423.8,25.441,0.005962,1931977.1,10.9984,0.002749,2246178.8,6.3066,0.001974,2408362.35,4.4114,0.001479,3658197.3,1.9362,0.000972
20261002,6142,友勁,521105.0,734389.0,1277527.0,262971.0,254269.0,188871.0,316981.0,741309.0,254750.0,329243.0,299682.0,244312.0,395789.0,929557.0,88144.0,215123.0,166097.0,334950.0,283913.0,375140.0,209289.0,540736.0,450864.0,137279.0,428186.0,294685.0,480702.0,411291.0,184129.0,843739.0,844340.33,20.5725,0.00227,610052.2,17.0839,0.001462,488141.5,10.6753,0.000674,455926.6,7.6197,0.000484,410706.1,6.344,0.000363,406500.73,4.2731,0.000238
20261002,6152,百一,1576552.0,1040623.0,947654.0,588881.0,480652.0,1096147.0,1835936.0,2784357.0,1234500.0,1574459.0,1327034.0,1176163.0,1597719.0,2340189.0,4618370.0,2203323.0,514532.0,507388.0,319028.0,491885.0,301703.0,665493.0,919893.0,684650.0,466114.0,591520.0,567748.0,640473.0,734139.0,742966.0,1188276.33,44.2252,0.006868,926872.4,34.0187,0.004423,1315976.1,11.9801,0.00204,1614615.73,6.5095,0.001464,1412769.6,5.5797,0.001097,1152336.37,4.5605,0.000721
20261002,6153,嘉聯益,1702786.0,3966841.0,3919781.0,3119140.0,1902952.0,2156398.0,2408418.0,2269143.0,4015623.0,1457086.0,1245378.0,1389536.0,1427385.0,1675336.0,1768261.0,3021134.0,2802158.0,1746136.0,2238233.0,3615483.0,2532140.0,5289757.0,5781907.0,3925936.0,3973842.0,2713623.0,1413033.0,1568519.0,2212567.0,2300136.0,3196469.33,17.7569,0.007418,2922300.0,11.6537,0.004777,2691816.8,6.3258,0.002203,2294937.6,4.9465,0.001582,2392360.4,3.5588,0.001185,2651955.6,2.1403,0.000779
20261002,6155,鈞寶,16636888.0,10413045.0,3733214.0,7364788.0,3762326.0,536844.0,823995.0,702360.0,650156.0,620416.0,416749.0,555983.0,623866.0,1479063.0,1134847.0,1026006.0,964475.0,2953810.0,1342545.0,806458.0,651070.0,905363.0,1290397.0,3968666.0,1597944.0,787033.0,818196.0,820411.0,3609629.0,1740978.0,10261049.0,54.0454,0.072473,8382052.2,39.6965,0.046677,4524403.2,36.7715,0.021526,3296969.33,33.6408,0.015453,2827391.7,29.4209,0.011577,2424584.03,22.8725,0.00761
20261002,6164,華興,283457.0,192930.0,534842.0,254364.0,348731.0,382415.0,554146.0,1249918.0,1339427.0,895115.0,200116.0,215445.0,205626.0,265778.0,445937.0,201276.0,418948.0,291245.0,266666.0,180569.0,184723.0,195567.0,223594.0,535529.0,1026218.0,863894.0,302401.0,334367.0,338062.0,201491.0,337076.33,28.0309,0.001235,322864.8,17.5589,0.000795,603534.5,4.6966,0.000367,491216.47,3.847,0.000263,436347.55,3.2481,0.000197,431093.23,2.1918,0.00013
20261002,6165,浪凡,158914.0,284325.0,3627663.0,113250.0,150868.0,357533.0,329196.0,961308.0,517836.0,268149.0,198592.0,142182.0,84575.0,357432.0,178878.0,172184.0,433917.0,140759.0,143329.0,291428.0,330108.0,423519.0,1442394.0,2492597.0,208218.0,120812.0,190128.0,184859.0,192828.0,232244.0,1356967.33,3.9037,0.000692,867004.0,3.6658,0.000446,676904.2,2.3477,0.000206,515380.07,2.0556,0.000148,445615.9,1.7831,0.000111,491000.83,1.0788,7.3e-05
20261002,6166,凌華,999557.0,1276252.0,2569354.0,5049553.0,2054478.0,3937693.0,7119231.0,4116162.0,648977.0,866395.0,729973.0,812352.0,1071923.0,702803.0,1298831.0,667266.0,1558215.0,2676989.0,2903193.0,2228259.0,2051291.0,857022.0,1321867.0,782882.0,1414008.0,1247573.0,750367.0,930070.0,2338814.0,2381683.0,1615054.33,20.63,0.004354,2389838.8,8.3651,0.002804,2863765.2,3.4904,0.001293,2216902.27,3.0059,0.000928,2164372.8,2.3091,0.000696,1912101.1,1.7425,0.000457
20261002,6168,宏齊,4275358.0,5130479.0,6398422.0,5660688.0,7626913.0,25341487.0,68487034.0,11637620.0,32720032.0,29893142.0,17480412.0,3346135.0,5305013.0,3287785.0,9805912.0,5661976.0,5198942.0,9407152.0,9647758.0,8401636.0,1544699.0,2703228.0,2179384.0,4631284.0,10372657.0,9726626.0,7647026.0,1957355.0,737954.0,915851.0,5268086.33,27.0519,0.018624,5818372.0,14.6961,0.011995,19717117.5,2.1683,0.005532,15759762.13,1.8086,0.003971,13735694.8,1.5563,0.002975,10570998.67,1.3481,0.001956
20261002,6176,瑞儀,771588.0,1062269.0,1303911.0,1403217.0,1238200.0,1467944.0,2290771.0,2753029.0,3847500.0,1660971.0,1338307.0,1969799.0,5803862.0,1858134.0,2785253.0,3134927.0,1675053.0,1205355.0,1541021.0,2737594.0,1757291.0,2344663.0,2628919.0,3999237.0,2771481.0,2524770.0,4649928.0,,,,1045922.67,24.5903,0.003361,1155837.0,13.3512,0.002165,1779940.0,4.3349,0.000998,2103650.33,2.4452,0.000717,2092435.25,1.8438,0.000537,2315740.52,1.234,0.000353
20261002,6177,達麗,1113794.0,1612608.0,654604.0,620878.0,1039055.0,1268744.0,1322868.0,840456.0,3746204.0,954487.0,641447.0,1288714.0,1166255.0,2046258.0,1372952.0,1178147.0,643443.0,2661318.0,3109308.0,2841912.0,905589.0,978000.0,602419.0,1066000.0,1033714.0,1198734.0,1493400.0,3177432.0,4152050.0,3075622.0,1127002.0,32.9427,0.004852,1008187.8,22.095,0.003125,1317369.8,8.4547,0.001441,1312621.6,5.6568,0.001035,1506172.6,3.6974,0.000775,1593547.07,2.3298,0.000509
20261002,6183,關貿,20897.0,11899.0,33475.0,78004.0,18832.0,6637.0,10594.0,30709.0,21449.0,28731.0,6243.0,20811.0,22630.0,19435.0,15958.0,15223.0,17235.0,27612.0,13928.0,17447.0,18849.0,33902.0,45703.0,58671.0,95003.0,36448.0,16015.0,24409.0,29029.0,26984.0,22090.33,31.5326,9.1e-05,32621.4,12.8118,5.9e-05,26122.7,7.9996,2.7e-05,23086.93,6.0343,1.9e-05,21887.45,4.7737,1.5e-05,27425.4,2.5399,1e-05
20261002,6184,大豐電,56785.0,32765.0,31187.0,94428.0,43261.0,84138.0,133209.0,256853.0,791994.0,173973.0,102878.0,200792.0,162415.0,94213.0,287736.0,414976.0,144133.0,161941.0,174661.0,52269.0,92354.0,160014.0,90243.0,124225.0,100458.0,111627.0,62024.0,116288.0,61814.0,35955.0,40245.67,47.032,0.000247,51685.2,21.9734,0.000159,169859.3,3.3431,7.3e-05,169775.13,2.2298,5.3e-05,174730.35,1.6249,4e-05,148320.3,1.2762,2.6e-05
20261002,6189,豐藝,282762.0,243441.0,409293.0,997103.0,253498.0,939032.0,307252.0,356361.0,345992.0,302563.0,180422.0,175811.0,275843.0,503215.0,434024.0,357223.0,427783.0,475110.0,261289.0,265943.0,230990.0,326967.0,300654.0,284427.0,206413.0,425584.0,565422.0,143631.0,185692.0,374734.0,311832.0,30.2259,0.001232,437219.4,12.9346,0.000793,443729.7,6.3724,0.000366,400440.8,4.7075,0.000263,389698.0,3.628,0.000197,361282.47,2.6089,0.000129
20261002,6191,精成科,1963538.0,1084592.0,1190164.0,1039095.0,813601.0,1164462.0,1764099.0,1145875.0,1065844.0,1747762.0,988595.0,919848.0,870226.0,980838.0,836974.0,1694741.0,1082500.0,907893.0,879229.0,1665497.0,1215293.0,1867646.0,1544470.0,2255898.0,1486478.0,1226551.0,1162493.0,1557057.0,2287797.0,1778170.0,1412764.67,46.3285,0.008553,1218198.0,32.2368,0.005509,1297903.2,15.1285,0.002541,1171700.87,11.172,0.001824,1190268.65,8.2483,0.001366,1339574.2,4.886,0.000898
20261002,6192,巨路,49825.0,130793.0,85425.0,78523.0,52488.0,80960.0,52723.0,68464.0,66987.0,100229.0,70215.0,56394.0,147771.0,298015.0,51142.0,64851.0,79746.0,229611.0,156700.0,134092.0,232209.0,160403.0,241980.0,126411.0,134277.0,77005.0,66094.0,69062.0,131958.0,160418.0,88681.0,18.7282,0.000217,79410.8,12.5487,0.00014,76641.7,6.501,6.4e-05,92663.6,3.5847,4.6e-05,102747.7,2.4246,3.5e-05,115159.03,1.4422,2.3e-05
20261002,6196,帆宣,1802450.0,1948826.0,3126316.0,1880519.0,1521343.0,1773924.0,1220757.0,1270481.0,2100117.0,973428.0,795146.0,1109429.0,1602704.0,2106566.0,1449260.0,3685322.0,1322242.0,1299375.0,2366376.0,2947816.0,935167.0,1607397.0,757578.0,901280.0,962905.0,1566653.0,435722.0,1175922.0,838780.0,1090624.0,2292530.67,26.2076,0.007852,2055890.8,17.5345,0.005057,1761816.1,10.2306,0.002332,1645417.73,7.3029,0.001674,1815119.85,4.9651,0.001254,1552480.83,3.87,0.000824
20261002,6197,佳必琪,2564504.0,1809543.0,1635769.0,683759.0,993774.0,923502.0,2209938.0,2175287.0,3872484.0,1462984.0,507371.0,762733.0,815302.0,1083400.0,709344.0,728834.0,1048510.0,1708357.0,3153237.0,2845571.0,6629877.0,1926759.0,1032324.0,1256784.0,1274479.0,1733571.0,371451.0,631390.0,1017993.0,1215119.0,2003272.0,42.6719,0.011171,1537469.8,33.3601,0.007195,1833154.4,13.9896,0.003318,1480646.27,11.5468,0.002382,1584710.15,8.0914,0.001785,1626131.67,5.2569,0.001173
20261002,6201,亞弘電,43680.0,22383.0,12416.0,47983.0,15252.0,12486.0,44035.0,30929.0,80801.0,28055.0,15399.0,13225.0,12598.0,24667.0,23656.0,49506.0,21759.0,25684.0,33288.0,6110.0,19268.0,41768.0,48263.0,23104.0,10371.0,21147.0,17719.0,14002.0,38116.0,63137.0,26159.67,55.6582,0.00019,28342.8,30.8226,0.000123,33802.0,12.9223,5.7e-05,28504.33,10.216,4.1e-05,28195.6,7.7459,3e-05,28693.57,5.0743,2e-05
20261002,6202,盛群,4623585.0,3638957.0,1071210.0,694313.0,879959.0,2090951.0,2040010.0,1454157.0,1667094.0,616239.0,476603.0,698267.0,514198.0,745278.0,578950.0,656357.0,1868060.0,827866.0,1009937.0,1108257.0,674528.0,1482736.0,956311.0,1210594.0,1200128.0,1349095.0,750207.0,939916.0,1473606.0,1914113.0,3111250.67,49.5362,0.020141,2181604.8,42.387,0.012972,1877647.5,24.6244,0.005982,1452651.4,21.2191,0.004294,1363012.4,16.9609,0.003217,1307049.4,11.7914,0.002115
20261002,6205,詮欣,3399984.0,1310192.0,1504797.0,2134375.0,11480659.0,4231383.0,2191446.0,1276548.0,239666.0,522047.0,207633.0,136002.0,132645.0,277729.0,175660.0,229018.0,213366.0,223261.0,259519.0,586849.0,1019179.0,1230290.0,1772800.0,786889.0,1952231.0,1027781.0,125350.0,139844.0,178249.0,281447.0,2071657.67,54.7063,0.014811,3966001.4,17.1457,0.009539,2829109.7,12.0179,0.004399,1948051.07,11.6355,0.003158,1536638.95,11.0631,0.002366,1308227.97,8.6631,0.001555
20261002,6206,飛捷,665047.0,281465.0,858975.0,1288184.0,318098.0,476522.0,507033.0,1182203.0,933542.0,1378419.0,412910.0,679676.0,546229.0,1817205.0,681383.0,938884.0,957548.0,1085792.0,978782.0,924919.0,436689.0,605160.0,671971.0,847281.0,720894.0,1407749.0,1756203.0,1632544.0,1507904.0,1787898.0,601829.0,36.8348,0.002897,682353.8,19.4927,0.001866,788948.8,8.4295,0.00086,801792.73,5.5297,0.000618,845640.8,3.9322,0.000463,942903.63,2.3511,0.000304
20261002,6209,今國光,9549478.0,9114038.0,7141009.0,10707256.0,5832314.0,6511348.0,4731553.0,4049535.0,6170241.0,7575261.0,11325045.0,5765279.0,8971424.0,18994955.0,8089637.0,6297256.0,7464127.0,8030529.0,10548829.0,19919693.0,33317698.0,21793225.0,20751886.0,11986491.0,25952423.0,13383738.0,3508090.0,3238889.0,2484474.0,4239298.0,8601508.33,37.007,0.041599,8468819.0,22.5521,0.026792,7138203.3,13.378,0.012356,8301891.53,7.6685,0.00887,8839440.35,5.4016,0.006645,10581500.63,3.0082,0.004368
20261002,6213,聯茂,24367397.0,14504834.0,23593063.0,27479007.0,16800143.0,11528438.0,21327081.0,17958275.0,22460318.0,37381131.0,21280091.0,11540383.0,10165821.0,17380948.0,6925997.0,14888663.0,15951216.0,12259299.0,13261099.0,12963621.0,12530573.0,13046089.0,17724290.0,25938705.0,36060522.0,29746728.0,17393180.0,38855929.0,3111366.0,3600293.0,20821764.67,39.0095,0.106148,21348888.8,22.8278,0.068365,21739968.7,11.2086,0.031529,18979528.47,8.5592,0.022633,17700841.25,6.8831,0.016956,18400816.67,4.4142,0.011145
20261002,6214,精誠,399450.0,732126.0,1869735.0,1149103.0,2488285.0,2530287.0,2108714.0,1692764.0,2040352.0,1401174.0,2413021.0,3389449.0,2489188.0,2105028.0,1648736.0,1198434.0,1357191.0,1001110.0,1621496.0,2152555.0,795315.0,1319213.0,1817985.0,1274588.0,2626835.0,1731568.0,1775545.0,2917826.0,9858275.0,5268772.0,1000437.0,13.3092,0.00174,1327739.8,6.017,0.001121,1641199.0,2.4339,0.000517,1897160.8,1.4037,0.000371,1789409.9,1.1162,0.000278,2172470.67,0.6129,0.000183
20261002,6215,和椿,293357.0,269464.0,254513.0,178676.0,367400.0,231076.0,318819.0,284345.0,298414.0,417385.0,224717.0,346228.0,481792.0,583092.0,2082837.0,356594.0,527807.0,395611.0,545798.0,1316140.0,1073868.0,649473.0,381219.0,563827.0,977726.0,398474.0,416918.0,729297.0,1145343.0,1281632.0,272444.67,35.8919,0.001278,272682.0,21.5164,0.000823,291344.9,10.0691,0.00038,442141.0,4.4233,0.000272,488703.25,3.0014,0.000204,579728.07,1.6868,0.000134
20261002,6216,居易,138959.0,60632.0,94737.0,49833.0,33100.0,42801.0,115140.0,158760.0,92851.0,183452.0,138024.0,120867.0,149091.0,157597.0,97673.0,111957.0,536087.0,101783.0,120288.0,120534.0,53022.0,198698.0,186237.0,242031.0,115151.0,280903.0,64615.0,53568.0,59859.0,88005.0,98109.33,47.2123,0.000605,75452.2,36.8337,0.00039,97026.5,14.3218,0.00018,108901.13,8.5067,0.000129,131208.3,5.2954,9.7e-05,132208.5,3.5035,6.4e-05
20261002,6224,聚鼎,1025239.0,1382127.0,897148.0,704380.0,842435.0,916638.0,3101774.0,1654424.0,1409069.0,1679467.0,1112255.0,1348110.0,1034615.0,3482253.0,2271503.0,1063067.0,2150301.0,5449926.0,3448628.0,7047769.0,2874505.0,1965673.0,1419213.0,1158485.0,958616.0,2004209.0,1395040.0,3840134.0,603088.0,530365.0,1101504.67,31.0254,0.004466,970265.8,21.1332,0.002876,1361270.1,7.5315,0.001327,1524095.8,4.4846,0.000952,2101056.4,2.4398,0.000713,1959015.2,1.7445,0.000469
20261002,6225,天瀚,976855.0,168037.0,195797.0,800324.0,2846605.0,174523.0,263294.0,197859.0,120552.0,173832.0,152119.0,114514.0,113206.0,238162.0,195330.0,125313.0,84622.0,117718.0,57656.0,60561.0,54345.0,81176.0,124176.0,194642.0,121740.0,152696.0,89259.0,131142.0,700718.0,363060.0,446896.33,72.8622,0.004255,997523.6,19.5856,0.002741,591767.8,16.5074,0.001264,448733.93,14.5128,0.000907,358843.95,13.6111,0.00068,306327.77,10.6297,0.000447
20261002,6226,光鼎,39930818.0,4543123.0,2207400.0,2182112.0,2311220.0,3522645.0,4041380.0,6890544.0,129839900.0,23028325.0,6533964.0,81114487.0,33483872.0,41710661.0,15232595.0,15254890.0,17602029.0,5892985.0,4993207.0,5284891.0,6873956.0,10790578.0,64819357.0,6185486.0,27141227.0,7681500.0,19067009.0,7637747.0,55232956.0,15604523.0,15560447.0,85.5391,0.173944,10234934.6,78.0285,0.11203,21849746.7,18.2752,0.051666,26438203.07,10.069,0.037088,22280052.4,8.9611,0.027786,22221179.57,5.9899,0.018264
20261002,6230,尼得科超眾,18463.0,37943.0,32198.0,39395.0,42552.0,28068.0,28906.0,26360.0,49807.0,67734.0,56895.0,396676.0,265526.0,28065.0,16549.0,24106.0,37897.0,94495.0,42039.0,36389.0,17682.0,39007.0,44765.0,16224.0,53744.0,35046.0,9447.0,22514.0,46958.0,21793.0,29534.67,20.8377,8e-05,34110.2,10.8255,5.2e-05,37142.6,4.9708,2.4e-05,75675.8,1.6265,1.7e-05,68503.15,1.3476,1.3e-05,55908.1,1.1008,8e-06
20261002,6235,華孚,349056.0,205162.0,231475.0,229677.0,471977.0,823551.0,314647.0,289576.0,326565.0,219410.0,212575.0,238946.0,144664.0,185515.0,151146.0,207153.0,195147.0,289644.0,236973.0,300811.0,295358.0,335290.0,230257.0,345344.0,460258.0,305487.0,214877.0,367567.0,415696.0,521757.0,261897.67,44.4265,0.001521,297469.4,23.4684,0.000979,346109.6,10.0851,0.000452,292929.47,7.944,0.000324,281183.5,6.2069,0.000243,303852.03,3.8292,0.00016
20261002,6239,力成,30835497.0,7278591.0,14456581.0,6785487.0,5364014.0,9329837.0,19534311.0,27709326.0,20546917.0,13168497.0,6854413.0,7964169.0,7089592.0,12530702.0,14120688.0,12889675.0,14541717.0,7157757.0,9540575.0,9490466.0,8155148.0,15260677.0,15732900.0,25798635.0,31037575.0,15810572.0,8593580.0,5436241.0,9782257.0,11353209.0,17523556.33,58.6553,0.134324,12944034.0,47.6443,0.086512,15500905.8,19.8927,0.039898,13571241.47,15.1475,0.028641,12859440.6,11.9894,0.021457,13471653.53,7.6297,0.014104
20261002,6243,迅杰,385194.0,943422.0,400561.0,362425.0,1765177.0,1522098.0,286327.0,175189.0,232358.0,214469.0,176451.0,156724.0,274187.0,464850.0,288818.0,196637.0,370023.0,272984.0,370306.0,467896.0,382153.0,529062.0,605601.0,1051475.0,2051315.0,575730.0,714420.0,898233.0,1149022.0,1633751.0,576392.33,22.2761,0.001678,771355.8,9.9875,0.001081,628722.0,6.1266,0.000498,509883.33,5.0364,0.000358,466304.8,4.1303,0.000268,630561.93,2.0362,0.000176
20261002,6257,矽格,15922505.0,10058604.0,21848796.0,6304390.0,11563776.0,15500184.0,20208841.0,28056800.0,36727856.0,19035481.0,3109254.0,2791002.0,3119037.0,4963308.0,18438387.0,5082628.0,7134116.0,4565595.0,5818105.0,9652799.0,12909857.0,17091245.0,12187479.0,13534794.0,5342688.0,4184178.0,2272196.0,4287674.0,5509629.0,6262729.0,15943301.67,33.2899,0.069361,13139614.2,24.2359,0.044672,18522723.3,8.5962,0.020602,14509881.4,7.3157,0.014789,12495073.2,6.3715,0.01108,11116131.1,4.7746,0.007283
20261002,6269,台郡,2625479.0,2357712.0,4586762.0,1825258.0,2254738.0,1862678.0,3315776.0,4622999.0,4387337.0,2709677.0,2523412.0,2615223.0,3565607.0,3488730.0,6765899.0,7771233.0,6142014.0,5634498.0,7463442.0,12283027.0,7957721.0,21712814.0,40184691.0,21744966.0,16945695.0,4899914.0,1305140.0,1373512.0,2635427.0,2974942.0,3189984.33,27.4346,0.011437,2729989.8,19.2344,0.007366,3054841.6,8.5945,0.003397,3300485.8,5.3032,0.002439,4440075.05,2.9566,0.001827,7017877.43,1.247,0.001201
20261002,6271,同欣電,4573045.0,2948143.0,2695749.0,1230881.0,1826003.0,1750141.0,2773016.0,2285410.0,3398861.0,4871036.0,2718739.0,6201502.0,2105262.0,2287072.0,5262279.0,4969330.0,4123139.0,12241334.0,15374517.0,3700475.0,5153260.0,10324392.0,5131963.0,7554430.0,6036681.0,5223151.0,1935027.0,2105510.0,2572129.0,2470695.0,3405645.67,44.7595,0.019921,2654764.2,34.4516,0.01283,2835228.5,16.1294,0.005917,3128475.93,9.745,0.004248,4366796.7,5.2362,0.003182,4528105.73,3.3664,0.002092
20261002,6272,驊陞,170110.0,178660.0,123853.0,140022.0,187267.0,313053.0,224266.0,266806.0,425089.0,439469.0,500776.0,232216.0,229488.0,449865.0,474343.0,644314.0,393566.0,762367.0,2206728.0,2680094.0,388649.0,273281.0,940159.0,314215.0,93104.0,81018.0,92790.0,126606.0,181613.0,188409.0,157541.0,35.9927,0.000741,159982.4,21.2661,0.000477,246859.5,6.891,0.00022,290352.2,3.9058,0.000158,552117.6,1.5405,0.000118,457406.53,1.2397,7.8e-05
20261002,6277,宏正,86870.0,157780.0,109764.0,132823.0,67573.0,90876.0,108699.0,134919.0,120484.0,294144.0,140177.0,117501.0,102167.0,245044.0,104625.0,99644.0,171703.0,162939.0,231753.0,383812.0,119671.0,90733.0,247423.0,237723.0,222204.0,350758.0,301965.0,806619.0,606034.0,899664.0,118138.0,24.5109,0.000378,110962.0,15.6576,0.000244,130393.2,6.6622,0.000112,134229.73,4.3145,8.1e-05,153164.85,2.8358,6e-05,231536.37,1.2506,4e-05
20261002,6278,台表科,6237633.0,4156845.0,8876929.0,11298020.0,6718865.0,19014339.0,14195515.0,2894823.0,3987784.0,2460456.0,2342952.0,1557487.0,1629631.0,2170507.0,1212076.0,2825162.0,3990059.0,3707985.0,4324695.0,3353471.0,2451180.0,3520542.0,4088055.0,7522509.0,18913318.0,15168883.0,8596646.0,17236125.0,6449418.0,4528021.0,6423802.33,32.3673,0.027172,7457658.4,16.7281,0.0175,7984120.9,7.8125,0.008071,5916924.13,7.028,0.005794,5347761.7,5.832,0.00434,6514331.03,3.1917,0.002853
20261002,6281,全國電,18960.0,41841.0,39683.0,48633.0,42484.0,22679.0,40179.0,24488.0,53586.0,64065.0,42269.0,25524.0,27177.0,31077.0,18688.0,34378.0,16976.0,36207.0,49390.0,19310.0,18656.0,61238.0,36124.0,17403.0,35374.0,30422.0,31426.0,21512.0,48492.0,56252.0,33494.67,18.8687,8.3e-05,38320.2,9.8956,5.3e-05,39659.8,4.7807,2.5e-05,36088.87,3.5025,1.8e-05,34879.7,2.7179,1.3e-05,35149.77,1.798,9e-06
20261002,6282,康舒,6063472.0,3597560.0,7065343.0,2561775.0,2421281.0,6341992.0,3417306.0,3237435.0,2979422.0,2951116.0,3168091.0,3732535.0,3148192.0,5542408.0,5132303.0,4323996.0,5100061.0,3951194.0,4546000.0,5453980.0,3686679.0,4853996.0,4690411.0,5496795.0,5610091.0,5752616.0,5473964.0,5135115.0,5139178.0,6629587.0,5575458.33,36.251,0.026413,4341886.2,27.9301,0.017012,4063670.2,14.9212,0.007845,4090682.07,9.8818,0.005632,4236773.1,7.1558,0.004219,4573463.13,4.4193,0.002773
20261002,6283,淳安,45602.0,45310.0,121498.0,60120.0,29017.0,56151.0,35100.0,52367.0,171888.0,170074.0,118880.0,155366.0,239517.0,341400.0,70079.0,58389.0,73315.0,73757.0,65228.0,105647.0,37229.0,86364.0,120017.0,72809.0,73298.0,191020.0,54030.0,124630.0,53243.0,89166.0,70803.33,21.4689,0.000199,60309.4,15.1227,0.000128,78712.7,5.7935,5.9e-05,114157.93,2.6631,4.2e-05,104435.25,2.1833,3.2e-05,99683.7,1.5249,2.1e-05
20261002,6285,啟碁,3030823.0,1866928.0,2235971.0,2760613.0,5064342.0,2561386.0,2876664.0,3297313.0,4485576.0,3711605.0,4239436.0,2429329.0,2139358.0,2595591.0,3087291.0,2505454.0,2327055.0,2554738.0,3374956.0,3634085.0,2772906.0,4339526.0,6346389.0,5280417.0,8793178.0,3455646.0,2223237.0,2231537.0,3436699.0,3408804.0,2377907.33,42.4859,0.013203,2991735.4,20.2613,0.008503,3189122.1,9.5036,0.003922,3092148.4,6.5344,0.002815,3038925.7,4.9867,0.002109,3435561.77,2.9406,0.001386
20261002,6405,悅城,3961514.0,1637248.0,470287.0,1486305.0,538439.0,760808.0,1641771.0,925436.0,1879987.0,610708.0,285607.0,143069.0,172239.0,282207.0,207959.0,479029.0,416013.0,491523.0,650887.0,1088439.0,1978718.0,347659.0,227992.0,362742.0,1322085.0,535361.0,362774.0,213388.0,231415.0,201690.0,2023016.33,65.274,0.017257,1618758.6,48.9451,0.011114,1391250.3,28.4745,0.005126,1000238.93,26.4038,0.00368,906473.75,21.8512,0.002757,797109.97,16.5662,0.001812
20261002,6409,旭隼,170094.0,175120.0,261917.0,225342.0,234051.0,143032.0,249947.0,270422.0,684311.0,280912.0,300551.0,274170.0,342595.0,416961.0,612655.0,830888.0,377702.0,358702.0,329319.0,456721.0,312390.0,423798.0,322202.0,471705.0,478306.0,577564.0,205985.0,428565.0,911092.0,1188312.0,202377.0,28.016,0.000741,213304.8,15.9484,0.000477,269514.8,6.3111,0.00022,309472.0,3.6642,0.000158,349770.6,2.4315,0.000118,410511.03,1.3812,7.8e-05
20261002,6412,群電,425531.0,551443.0,298725.0,437674.0,319411.0,244247.0,295697.0,501733.0,631274.0,423878.0,398001.0,351266.0,448152.0,444314.0,494271.0,479482.0,1487988.0,684884.0,661067.0,641667.0,435259.0,742585.0,676241.0,602552.0,770940.0,495075.0,247383.0,306352.0,495566.0,759058.0,425233.0,33.3567,0.001854,406556.8,20.9334,0.001194,412961.3,10.3044,0.000551,417707.8,6.7915,0.000395,511035.25,4.1634,0.000296,525057.2,2.7015,0.000195
20261002,6414,樺漢,896466.0,1615318.0,2337611.0,3643742.0,590230.0,786602.0,764855.0,554166.0,695350.0,1136338.0,1124779.0,882570.0,658353.0,953289.0,1232570.0,691327.0,1639469.0,849905.0,1386327.0,1142273.0,795633.0,1094835.0,1375606.0,1101127.0,877821.0,777016.0,803854.0,932166.0,3560739.0,4143273.0,1616465.0,18.4861,0.003905,1816673.4,9.8693,0.002515,1302067.8,6.8849,0.00116,1191482.6,5.016,0.000833,1179077.0,3.8016,0.000624,1301453.67,2.2961,0.00041
20261002,6415,矽力*-KY,2189982.0,1082903.0,1878392.0,3215719.0,1518168.0,1554330.0,1574814.0,1909525.0,3854994.0,1654266.0,1839686.0,2869603.0,2971389.0,2303227.0,4011235.0,1934832.0,2783162.0,2669790.0,2292237.0,4262145.0,5955557.0,6257655.0,4448947.0,6075270.0,5463698.0,2853938.0,1675626.0,1954645.0,1881027.0,2988991.0,1717092.33,42.5134,0.00954,1977032.8,22.1542,0.006144,2043309.3,10.7178,0.002834,2295215.53,6.361,0.002034,2418519.95,4.5275,0.001524,2930858.43,2.4907,0.001002
20261002,6416,瑞祺電通,674694.0,1336888.0,596099.0,276356.0,257186.0,562115.0,921621.0,630622.0,910516.0,1252363.0,1112172.0,2341906.0,2469968.0,2758405.0,1849892.0,899641.0,2854526.0,289839.0,546695.0,681947.0,303420.0,317251.0,349847.0,490818.0,325090.0,394700.0,432452.0,1096370.0,570034.0,353580.0,869227.0,25.8733,0.002939,628244.6,21.4787,0.001893,741846.0,9.0948,0.000873,1196720.2,3.7586,0.000627,1161172.55,2.9052,0.000469,928567.1,2.422,0.000309
20261002,6426,統新,4936579.0,2159773.0,2470102.0,3408026.0,4891886.0,3158672.0,3056802.0,2656404.0,7320096.0,1230185.0,2826802.0,2409765.0,4544689.0,4640884.0,4977145.0,6239357.0,8927916.0,3492160.0,3252179.0,3546338.0,2847105.0,2021600.0,1328823.0,2302960.0,4241337.0,4222515.0,1021206.0,4260441.0,1990908.0,825472.0,3188818.0,51.603,0.021504,3573273.2,27.6306,0.01385,3528852.5,13.9892,0.006387,3645854.0,9.0268,0.004585,4007288.0,6.1595,0.003435,3506937.57,4.6922,0.002258
20261002,6431,光麗-KY,73842.0,91812.0,49379.0,40001.0,11004.0,16047.0,55044.0,91049.0,153322.0,35307.0,26002.0,8034.0,90063.0,5003.0,127117.0,35004.0,15520.0,29102.0,206000.0,84001.0,117022.0,45005.0,145424.0,90003.0,84143.0,190260.0,21545.0,107648.0,130100.0,84180.0,71677.67,34.3398,0.000322,53207.6,27.7562,0.000207,61680.7,11.9717,9.6e-05,58201.73,8.4582,6.9e-05,62132.65,5.9423,5.1e-05,75266.1,3.2703,3.4e-05
20261002,6438,迅得,1599682.0,714358.0,1457858.0,1008689.0,1118497.0,146087.0,470430.0,220433.0,228162.0,267450.0,139758.0,160313.0,211336.0,251203.0,302697.0,300647.0,251085.0,392894.0,437355.0,970646.0,2240759.0,870141.0,250142.0,625619.0,349526.0,199590.0,164504.0,280789.0,177570.0,233103.0,1257299.33,42.4105,0.006968,1179816.8,27.1175,0.004488,723164.6,22.1206,0.00207,553130.2,19.2804,0.001486,532479.0,15.0211,0.001113,534710.77,9.9723,0.000732
20261002,6442,光聖,3748600.0,1019944.0,1329824.0,850892.0,895074.0,1392524.0,1173320.0,1794761.0,1887686.0,2347299.0,2503186.0,2407912.0,1802295.0,2086098.0,4008101.0,3488226.0,1850559.0,2020789.0,4006278.0,7869894.0,5147981.0,1814080.0,3516984.0,1410722.0,2933760.0,4259959.0,1111539.0,2174362.0,1998293.0,4607103.0,2032789.33,61.4689,0.016329,1568866.8,47.7874,0.010517,1643992.4,22.8018,0.00485,1949834.4,12.8168,0.003482,2424163.1,7.7317,0.002608,2581934.83,4.8395,0.001715
20261002,6443,元晶,7963358.0,4764648.0,13159959.0,3356314.0,15942276.0,10047199.0,43017402.0,10747044.0,10928041.0,3522880.0,4067362.0,3113764.0,3571378.0,1802892.0,1996113.0,2628073.0,2764685.0,2766162.0,3099595.0,3308376.0,3434420.0,5302337.0,3872861.0,5153342.0,4592060.0,3973334.0,2910521.0,1589319.0,2053118.0,4728704.0,8629321.67,30.7608,0.03469,9037311.0,17.6233,0.022342,12344912.1,6.4507,0.010304,9200042.0,5.7705,0.007397,7628376.05,5.2196,0.005541,6339251.23,4.1873,0.003642
20261002,6446,藥華藥,1255233.0,2506975.0,1685359.0,2230766.0,1460375.0,2241457.0,3254526.0,2811409.0,12722966.0,2713445.0,2565604.0,2315449.0,5500524.0,2676454.0,2750274.0,4564007.0,4860872.0,4821947.0,3488695.0,3196968.0,3641430.0,6426071.0,10723537.0,4112305.0,3952150.0,3972402.0,3304095.0,1610602.0,2584371.0,5232294.0,1815855.67,23.0421,0.005468,1827741.6,13.7353,0.003522,3288251.1,3.8173,0.001624,3246054.4,2.578,0.001166,3481165.25,1.8029,0.000873,3839418.73,1.0898,0.000574
20261002,6449,鈺邦,3152829.0,2592335.0,802853.0,510332.0,447534.0,530024.0,1097239.0,551726.0,451180.0,679922.0,444419.0,1204011.0,1209797.0,1938261.0,1865017.0,1576460.0,1749066.0,2566505.0,1582396.0,662259.0,994382.0,1303616.0,1560979.0,4503858.0,2162686.0,1641023.0,292166.0,382311.0,508412.0,417394.0,2182672.33,48.1494,0.013734,1501176.6,42.0048,0.008846,1081597.4,29.1497,0.004079,1165165.27,18.0394,0.002928,1280708.25,12.3089,0.002194,1312699.73,8.006,0.001442
20261002,6451,訊芯-KY,2590932.0,858989.0,1219243.0,822428.0,992621.0,1320450.0,2126953.0,1711346.0,4028344.0,4393185.0,3127610.0,2301670.0,2234288.0,1880454.0,2689509.0,3734080.0,2689560.0,5514785.0,5030233.0,13899708.0,10313171.0,5338016.0,3770094.0,5524831.0,10343290.0,6516404.0,2696160.0,4508702.0,6895820.0,6411097.0,1556388.0,55.4903,0.011286,1296842.6,39.9575,0.007269,2006449.1,12.913,0.003352,2153201.47,8.022,0.002407,3158319.4,4.1018,0.001803,4182799.1,2.0648,0.001185
20261002,6456,GIS-KY,20444355.0,20200523.0,63213414.0,18926798.0,14497011.0,26940277.0,23340535.0,12215288.0,2256595.0,2358821.0,1886675.0,1606173.0,1658835.0,1579556.0,4059532.0,1788666.0,2827203.0,2412004.0,1705385.0,4089243.0,2619353.0,5124609.0,5467789.0,10669483.0,6282792.0,2706724.0,3005494.0,6164120.0,1772603.0,2121392.0,34619430.67,19.6849,0.089059,27456420.2,14.8922,0.057359,20439361.7,10.0024,0.026453,14345625.87,9.5009,0.018989,11400344.45,8.9666,0.014226,9131374.93,7.463,0.009351
20261002,6464,台數科,45000.0,10970.0,17923.0,19400.0,1105.0,302300.0,318053.0,6354.0,32394.0,19054.0,4585.0,24088.0,7666.0,12965.0,5693.0,16006.0,6214.0,20159.0,37189.0,1365.0,4000.0,11115.0,20309.0,4169.0,388675.0,520020.0,59580.0,65301.0,45267.0,32897.0,24631.0,60.8989,0.000196,18879.6,47.6705,0.000126,77255.3,5.8248,5.8e-05,55170.0,5.4377,4.2e-05,45424.15,4.9533,3.1e-05,68660.53,2.1847,2.1e-05
20261002,6472,保瑞,428488.0,737615.0,280635.0,277944.0,508828.0,812243.0,437306.0,1013146.0,1690749.0,835861.0,410320.0,460996.0,282241.0,490077.0,344416.0,520684.0,650695.0,371207.0,324890.0,732118.0,521576.0,1140140.0,763862.0,838631.0,1529671.0,1906387.0,2076617.0,3077150.0,363664.0,398170.0,482246.0,29.6175,0.001867,446702.0,19.1845,0.001202,702281.5,6.1014,0.000554,600724.33,4.7552,0.000398,580522.95,3.6905,0.000298,807544.23,1.7687,0.000196
20261002,6477,安集,614379.0,643318.0,2304661.0,230701.0,852394.0,683856.0,3066180.0,6170287.0,1206040.0,454355.0,363563.0,292810.0,368499.0,825149.0,473390.0,338786.0,503720.0,463362.0,563588.0,830884.0,693021.0,1442152.0,698578.0,2600850.0,4817277.0,1493310.0,1000191.0,1579854.0,2860960.0,5552916.0,1187452.67,17.2464,0.002676,929090.6,13.2254,0.001724,1622617.1,3.7863,0.000795,1236638.8,3.3121,0.000571,1062496.1,2.8912,0.000428,1466301.03,1.3967,0.000281
20261002,6491,晶碩,487235.0,654214.0,445515.0,213667.0,177464.0,167889.0,232492.0,690487.0,432230.0,505905.0,370715.0,590199.0,224638.0,274414.0,158639.0,138631.0,128416.0,200324.0,208009.0,583589.0,324673.0,945537.0,1320586.0,274528.0,238907.0,195782.0,199776.0,225535.0,515759.0,226198.0,528988.0,30.7023,0.002122,395619.0,24.6315,0.001367,400709.8,12.1593,0.00063,375046.87,8.6609,0.000453,344233.6,7.0771,0.000339,378398.43,4.2921,0.000223
20261002,6504,南六,31883.0,16155.0,31050.0,3094.0,16000.0,24863.0,21122.0,70170.0,22250.0,34020.0,43544.0,30043.0,40000.0,26092.0,82308.0,21704.0,30118.0,97175.0,22471.0,18071.0,33050.0,41327.0,10527.0,2231.0,15841.0,8114.0,13038.0,68008.0,52108.0,33051.0,26362.67,40.3133,0.000139,19636.4,32.4734,8.9e-05,27060.7,11.782,4.1e-05,32839.6,6.4725,3e-05,34106.65,4.674,2.2e-05,31980.93,3.3231,1.5e-05
20261002,6505,台塑化,35503078.0,27316952.0,37924444.0,40587920.0,10807153.0,12809652.0,16511927.0,15280658.0,23493760.0,36254128.0,24128549.0,17586676.0,26088377.0,54971557.0,43101277.0,45847473.0,11368497.0,21188783.0,14976818.0,27551720.0,42792598.0,30357487.0,17193364.0,10080935.0,18460267.0,14882438.0,39342586.0,20465693.0,20727704.0,39001191.0,33581491.33,35.2407,0.154657,30427909.4,23.3359,0.099608,25648967.2,13.8419,0.045937,28157740.53,8.4058,0.032976,27164969.95,6.5347,0.024705,26553455.4,4.4568,0.016239
20261002,6515,穎崴,685143.0,436839.0,478498.0,384513.0,445040.0,776762.0,1415513.0,1406461.0,531845.0,466502.0,337561.0,362102.0,357074.0,477979.0,366735.0,1512278.0,819272.0,432307.0,688477.0,819545.0,1001765.0,548463.0,324076.0,301872.0,538196.0,427914.0,173364.0,228425.0,344112.0,440704.0,533493.33,42.8086,0.002985,486006.6,28.1948,0.001922,702711.6,9.75,0.000887,595237.8,7.6736,0.000636,660022.3,5.1903,0.000477,584311.23,3.9086,0.000313
20261002,6525,捷敏-KY,1020905.0,738981.0,477358.0,552653.0,449529.0,910585.0,558294.0,609992.0,1517543.0,672942.0,840308.0,531566.0,915342.0,891252.0,667173.0,815493.0,989725.0,1269531.0,774279.0,1236719.0,1084722.0,1087296.0,1154281.0,2348123.0,1112062.0,1417728.0,915029.0,1204242.0,3654213.0,4913226.0,745748.0,45.6323,0.004447,647885.2,31.515,0.002864,750878.2,13.5961,0.001321,756961.53,8.9913,0.000948,822008.5,6.2098,0.00071,1177703.07,2.8895,0.000467
20261002,6526,達發,437729.0,621003.0,987850.0,1776119.0,4581078.0,4748267.0,4916606.0,2896069.0,2751706.0,443827.0,398507.0,202854.0,255880.0,371358.0,301594.0,319608.0,335172.0,775824.0,367471.0,573091.0,3331396.0,427589.0,265942.0,297879.0,463344.0,293274.0,244435.0,421910.0,284469.0,467444.0,682194.0,21.3883,0.001907,1680755.8,5.2087,0.001228,2416025.4,1.8118,0.000566,1712696.47,1.7039,0.000407,1403080.65,1.5599,0.000305,1151976.5,1.2666,0.0002
20261002,6531,愛普*,5926915.0,1859447.0,2135333.0,4705817.0,3109128.0,3924896.0,1936612.0,1894948.0,2693087.0,3045428.0,3297045.0,4824312.0,2627923.0,3956907.0,6397932.0,5337019.0,2388928.0,2887072.0,2888036.0,8083032.0,3252360.0,4604911.0,2374677.0,2752098.0,3529609.0,3319006.0,3613917.0,4142975.0,4111029.0,7560934.0,3307231.67,59.7369,0.025818,3547328.0,33.4162,0.016629,3123161.1,18.9773,0.007669,3489048.67,11.3248,0.005505,3695990.85,8.018,0.004124,3772711.1,5.2367,0.002711
20261002,6533,晶心科,7574941.0,16660559.0,9824741.0,11054299.0,6688397.0,1894521.0,4446657.0,1937477.0,4601141.0,2132108.0,503592.0,612997.0,1020624.0,1125823.0,993166.0,563432.0,1516453.0,1508129.0,811244.0,1829812.0,1407003.0,6838596.0,910452.0,782253.0,1648267.0,3206805.0,403141.0,437354.0,924123.0,913515.0,11353413.67,22.2398,0.032998,10360587.4,14.6226,0.021252,6681484.1,11.3372,0.009801,4738069.53,10.6583,0.007036,3865005.65,9.7994,0.005271,3159054.07,7.9928,0.003465
20261002,6534,正瀚-創,117997.0,13448.0,23100.0,13284.0,54140.0,21032.0,10363.0,14702.0,72064.0,16070.0,20035.0,25539.0,33218.0,70515.0,23364.0,35159.0,33039.0,60101.0,20632.0,60541.0,30312.0,25518.0,41406.0,51559.0,28031.0,26420.0,38120.0,26062.0,38188.0,51253.0,51515.0,76.3512,0.000514,44393.8,53.1592,0.000331,35620.0,33.1266,0.000153,35258.07,22.3111,0.00011,36917.15,15.9813,8.2e-05,36507.07,10.7739,5.4e-05
20261002,6541,泰福-KY,747941.0,385265.0,434509.0,711417.0,501087.0,395760.0,228823.0,450609.0,966221.0,306578.0,207977.0,293163.0,281560.0,512263.0,327158.0,220527.0,203704.0,284019.0,441700.0,556908.0,367184.0,873215.0,1179836.0,396641.0,216294.0,176209.0,139591.0,249931.0,325320.0,708021.0,522571.67,47.709,0.003258,556043.8,26.9022,0.002098,512821.0,14.5848,0.000968,450022.07,11.0801,0.000695,422859.45,8.8438,0.00052,436314.37,5.7141,0.000342
20261002,6550,北極星藥業-KY,1215634.0,512868.0,1576465.0,1596103.0,,,,,,,1037484.0,1026794.0,1843391.0,2230580.0,697251.0,2692273.0,2022559.0,808499.0,825107.0,1005655.0,548603.0,1501621.0,2173580.0,1154171.0,2022870.0,2053060.0,6057708.0,1417839.0,845383.0,2499641.0,1101655.67,36.782,0.005295,1225267.5,24.8034,0.003411,1225267.5,24.8034,0.001573,1304063.33,10.3577,0.001129,1363618.79,6.3677,0.000846,1640214.12,3.0881,0.000556
20261002,6552,易華電,69295.0,27778.0,60143.0,59443.0,44502.0,85166.0,35168.0,48203.0,54977.0,89734.0,26100.0,27835.0,34920.0,73695.0,94093.0,36465.0,28600.0,61820.0,71613.0,83342.0,51170.0,118768.0,92064.0,37932.0,73271.0,83896.0,116348.0,36989.0,130357.0,45755.0,52405.33,44.0763,0.000302,52232.2,26.5334,0.000194,57440.9,12.0637,9e-05,55403.47,8.3382,6.4e-05,55644.6,6.2266,4.8e-05,63314.73,3.6482,3.2e-05
20261002,6558,興能高,161383.0,139942.0,353873.0,761437.0,147224.0,445636.0,172519.0,160852.0,359769.0,101473.0,60148.0,173822.0,140417.0,195579.0,109055.0,113906.0,207150.0,178025.0,103759.0,159384.0,85597.0,159005.0,202803.0,127843.0,235523.0,247354.0,94587.0,89954.0,138771.0,169574.0,218399.33,24.6312,0.000703,312771.8,10.3195,0.000453,280410.8,5.7552,0.000209,232208.6,4.6333,0.00015,212267.65,3.8014,0.000112,193212.13,2.7842,7.4e-05
20261002,6573,虹揚-KY,297400.0,77678.0,186907.0,77020.0,105089.0,120732.0,147735.0,106890.0,104729.0,273661.0,106938.0,89311.0,94724.0,121014.0,128085.0,228930.0,196787.0,246776.0,198413.0,353651.0,190458.0,225662.0,422277.0,821694.0,353946.0,535111.0,160311.0,238687.0,489935.0,238834.0,187328.33,52.9196,0.001296,148818.8,39.9681,0.000834,149784.1,19.8552,0.000385,135860.87,14.5934,0.000276,163123.5,9.1158,0.000207,231312.83,4.2857,0.000136
20261002,6579,研揚,155093.0,225157.0,457961.0,667432.0,170694.0,142169.0,213915.0,205335.0,245885.0,296375.0,177634.0,233090.0,167830.0,221847.0,150769.0,192458.0,388630.0,368537.0,584626.0,401380.0,183828.0,282270.0,340456.0,303207.0,398193.0,202640.0,273368.0,358393.0,417710.0,518489.0,279403.67,18.5029,0.000676,335267.4,9.2519,0.000435,278001.6,5.5789,0.000201,248745.73,4.1567,0.000144,283340.85,2.7369,0.000108,298179.03,1.7338,7.1e-05
20261002,6581,鋼聯,14200.0,14133.0,11265.0,11296.0,6045.0,4075.0,2469.0,9181.0,12000.0,7215.0,14671.0,36271.0,10450.0,20593.0,23111.0,20299.0,39626.0,15225.0,13515.0,5150.0,14010.0,20159.0,43186.0,24150.0,59421.0,8389.0,15428.0,8060.0,11959.0,34119.0,13199.33,35.8604,6.2e-05,11387.8,24.939,4e-05,9187.9,15.4551,1.8e-05,13131.67,7.209,1.3e-05,14539.5,4.8832,1e-05,17655.7,2.6809,6e-06
20261002,6582,申豐,18677.0,8739.0,24323.0,74462.0,38714.0,122630.0,15359.0,43830.0,80202.0,102310.0,31466.0,21437.0,20907.0,30365.0,15525.0,21185.0,13498.0,23588.0,21223.0,18152.0,26053.0,46586.0,48224.0,55919.0,32852.0,73257.0,23821.0,73505.0,51566.0,35306.0,17246.33,36.0985,8.1e-05,32983.0,11.3252,5.2e-05,52924.6,3.529,2.4e-05,43263.07,2.8781,1.7e-05,37329.6,2.5016,1.3e-05,40456.03,1.5389,9e-06
20261002,6585,鼎基,108786.0,134485.0,132610.0,79882.0,49421.0,41523.0,114559.0,59199.0,124622.0,69010.0,150043.0,66736.0,118306.0,183004.0,222919.0,405882.0,138609.0,154612.0,162619.0,151452.0,115705.0,105922.0,84410.0,116021.0,98051.0,130149.0,219984.0,122826.0,172675.0,338956.0,125293.67,28.9416,0.000474,101036.8,21.5339,0.000305,91409.7,11.9009,0.000141,110340.33,6.5728,0.000101,133413.95,4.077,7.6e-05,139099.27,2.6069,5e-05
20261002,6589,台康生技,800773.0,554109.0,951463.0,355887.0,832462.0,1185265.0,587448.0,525105.0,1748855.0,1508629.0,628129.0,620762.0,781892.0,974907.0,388240.0,312942.0,490988.0,387555.0,364628.0,308436.0,236897.0,676497.0,813553.0,414947.0,364960.0,450509.0,514086.0,728147.0,719195.0,323561.0,768781.67,34.7204,0.003488,698938.8,22.914,0.002247,904999.6,8.8483,0.001036,829595.07,6.4351,0.000744,715423.75,5.5965,0.000557,651694.23,4.0959,0.000366
20261002,6591,動力-KY,75656.0,57174.0,109515.0,64009.0,140273.0,89449.0,156310.0,310666.0,98125.0,70372.0,76820.0,24295.0,74212.0,89737.0,62052.0,130960.0,39716.0,116854.0,65486.0,109068.0,40608.0,87084.0,88089.0,129148.0,102946.0,86565.0,63665.0,70434.0,90220.0,118280.0,80781.67,31.2183,0.00033,89325.4,16.9394,0.000212,117154.9,6.4578,9.8e-05,99911.0,5.0482,7e-05,98037.45,3.8585,5.3e-05,94592.93,2.666,3.5e-05
20261002,6592,和潤企業,1010759.0,704165.0,475961.0,740809.0,459236.0,388213.0,931868.0,416842.0,942536.0,158879.0,433942.0,155943.0,210297.0,191228.0,393815.0,179362.0,289057.0,487734.0,286519.0,414855.0,432403.0,640011.0,727784.0,555265.0,348099.0,420387.0,341316.0,649941.0,354333.0,170812.0,730295.0,46.1347,0.004403,678186.0,29.8077,0.002836,622926.8,16.226,0.001308,507632.87,13.2741,0.000939,463601.0,10.9012,0.000703,463745.7,7.2652,0.000462
20261002,6592A,和潤企業甲特,371.0,3153.0,2683.0,155.0,3100.0,1058.0,1001.0,0.0,1766.0,9235.0,2565.0,5100.0,1000.0,5416.0,4000.0,2000.0,10077.0,10388.0,13466.0,5155.0,6000.0,5169.0,7000.0,6076.0,0.0,13000.0,20000.0,11732.0,17334.0,16000.0,2069.0,5.9771,2e-06,1892.4,3.9209,1e-06,2252.2,1.6473,0.0,2706.87,0.9137,0.0,4084.45,0.4542,0.0,6133.33,0.2016,0.0
20261002,6592B,和潤企業乙特,1000.0,3071.0,1589.0,12076.0,308.0,2032.0,3031.0,2026.0,4382.0,5960.0,3132.0,160.0,0.0,7000.0,4226.0,4000.0,8374.0,8404.0,2693.0,6272.0,27409.0,7306.0,226.0,3000.0,195.0,31507.0,2251.0,19727.0,2000.0,3000.0,1886.67,17.6678,4e-06,3608.8,5.542,3e-06,3547.5,2.8189,1e-06,3332.87,2.0003,1e-06,3986.8,1.2541,1e-06,5878.57,0.567,0.0
20261002,6598,ABC-KY,305555.0,265199.0,194798.0,87846.0,96158.0,118835.0,128313.0,109824.0,139530.0,69275.0,40136.0,107991.0,89423.0,174237.0,574653.0,227200.0,255878.0,67663.0,205586.0,219853.0,93000.0,152444.0,167795.0,182097.0,254921.0,91949.0,211335.0,298787.0,159651.0,257963.0,255184.0,39.913,0.001331,189911.2,32.1787,0.000857,151533.3,20.1642,0.000395,166784.87,12.2135,0.000284,173897.65,8.7855,0.000213,178263.17,5.7136,0.00014
20261002,6605,帝寶,474219.0,276197.0,156952.0,177541.0,109831.0,148000.0,155344.0,207792.0,538715.0,1028650.0,172096.0,278582.0,145270.0,519749.0,125068.0,138213.0,185192.0,205227.0,330086.0,168254.0,215873.0,183850.0,219462.0,336471.0,532473.0,168262.0,220515.0,257449.0,547873.0,227043.0,302456.0,52.2631,0.002066,238948.0,39.6922,0.00133,327324.1,14.4878,0.000614,300933.73,10.5055,0.00044,277048.9,8.5584,0.00033,281674.97,5.6119,0.000217
20261002,6606,建德工業,50500.0,35000.0,64034.0,77626.0,72606.0,64000.0,32100.0,14061.0,43171.0,72000.0,139292.0,82672.0,59821.0,26345.0,38226.0,51330.0,138811.0,199058.0,153335.0,97492.0,130275.0,40583.0,83211.0,62062.0,72421.0,75142.0,85021.0,85013.0,38598.0,171588.0,49844.67,33.7716,0.00022,59953.2,16.8465,0.000142,52509.8,9.6173,6.5e-05,58096.93,5.7949,4.7e-05,75574.0,3.3411,3.5e-05,78513.13,2.144,2.3e-05
20261002,6614,資拓宏宇,23633.0,8118.0,33278.0,37754.0,12220.0,25000.0,14226.0,23000.0,29332.0,36151.0,10131.0,21860.0,61312.0,22450.0,18000.0,21406.0,15740.0,23699.0,23853.0,9612.0,46000.0,42463.0,20220.0,55295.0,24065.0,26101.0,8036.0,24097.0,27223.0,42820.0,21676.33,36.3422,0.000103,23000.6,20.5499,6.6e-05,24271.2,9.7371,3.1e-05,25097.67,6.2776,2.2e-05,23538.75,5.02,1.6e-05,26236.5,3.0026,1.1e-05
20261002,6625,必應,40751.0,57097.0,48873.0,115776.0,30553.0,55028.0,48955.0,49587.0,41165.0,40389.0,23514.0,83413.0,79869.0,185715.0,29362.0,39936.0,69515.0,73999.0,96860.0,55010.0,70420.0,73794.0,63052.0,79838.0,54950.0,136083.0,79200.0,53133.0,42839.0,66851.0,48907.0,27.7745,0.000178,58610.0,13.9058,0.000114,52817.4,7.7154,5.3e-05,62003.13,4.3816,3.8e-05,63268.35,3.2205,2.8e-05,66184.23,2.0524,1.9e-05
20261002,6641,基士德-KY,30025.0,6000.0,12014.0,1000.0,9000.0,4111.0,1002.0,9153.0,11100.0,14200.0,3720.0,10535.0,10.0,37070.0,4000.0,6000.0,43322.0,23000.0,13000.0,19000.0,24438.0,17000.0,19124.0,35010.0,30011.0,13225.0,2001.0,30710.0,19050.0,30540.0,16013.0,62.5013,0.000131,11607.8,51.7325,8.4e-05,9760.5,30.7617,3.9e-05,10196.0,19.6319,2.8e-05,12863.1,11.671,2.1e-05,15945.7,6.2765,1.4e-05
20261002,6645,金萬林-創,23563.0,8943.0,12061.0,53051.0,12200.0,2773.0,44605.0,41900.0,47359.0,38382.0,35000.0,38894.0,59731.0,78550.0,11000.0,9197.0,49203.0,30632.0,34108.0,7001.0,21975.0,31816.0,47764.0,52634.0,5707.0,18758.0,10000.0,6202.0,12799.0,18499.0,14855.67,52.871,0.000103,21963.6,21.4564,6.6e-05,28483.7,8.2725,3e-05,33867.47,4.6383,2.2e-05,31907.65,3.6924,1.6e-05,28810.23,2.7262,1.1e-05
20261002,6655,科定,59000.0,465.0,2404.0,3010.0,1.0,2008.0,40458.0,40500.0,38040.0,13034.0,1010.0,14793.0,12526.0,7500.0,12100.0,27263.0,20205.0,23023.0,16000.0,128.0,2157.0,2000.0,3128.0,1000.0,2000.0,6012.0,2000.0,1048.0,10019.0,5000.0,20623.0,95.3628,0.000257,12976.0,90.9371,0.000166,19892.0,29.6602,7.6e-05,16456.6,23.9013,5.5e-05,16673.4,17.6929,4.1e-05,12261.07,16.0399,2.7e-05
20261002,6657,華安,82058.0,63107.0,97680.0,76576.0,81194.0,170287.0,298876.0,140618.0,187134.0,123304.0,115366.0,173306.0,253713.0,377232.0,864075.0,1110831.0,361956.0,223618.0,140222.0,84264.0,57056.0,136999.0,81610.0,39355.0,79074.0,74205.0,73711.0,98978.0,51743.0,144738.0,80948.33,33.7903,0.000357,80123.0,20.483,0.00023,132083.4,6.2126,0.000106,206968.4,2.6432,7.6e-05,251270.85,1.6329,5.7e-05,195429.53,1.3996,3.8e-05
20261002,6658,聯策,168445.0,162459.0,363469.0,206713.0,484819.0,158352.0,395954.0,225028.0,144070.0,215023.0,175145.0,96868.0,106172.0,139040.0,101247.0,224422.0,240032.0,237159.0,265109.0,495944.0,1347498.0,1023229.0,415744.0,388053.0,434850.0,142357.0,129971.0,173657.0,275833.0,286723.0,231457.67,24.2586,0.000734,277181.0,12.1542,0.000473,252433.2,6.6729,0.000218,209520.27,5.3597,0.000156,230273.5,3.6575,0.000117,307446.17,1.8263,7.7e-05
20261002,6666,羅麗芬-KY,23132.0,1201.0,20511.0,20185.0,9818.0,14002.0,31892.0,6221.0,22355.0,16500.0,28101.0,32061.0,28301.0,57134.0,27416.0,8218.0,26521.0,57002.0,29025.0,15124.0,11113.0,21400.0,17335.0,13001.0,29100.0,36115.0,50539.0,162668.0,9364.0,18909.0,14948.0,51.5833,0.000101,14969.4,30.9057,6.5e-05,16581.7,13.9503,3e-05,22588.67,6.827,2.1e-05,23736.0,4.8728,1.6e-05,28142.13,2.7399,1.1e-05
20261002,6668,中揚光,1776027.0,2134337.0,1721346.0,1980484.0,2272592.0,3591142.0,6915990.0,18858378.0,9271067.0,3244397.0,4951332.0,5594952.0,2630633.0,809275.0,528884.0,1567131.0,737832.0,1384012.0,1415349.0,2902743.0,8037549.0,2038606.0,3777812.0,10978273.0,2593573.0,2825261.0,383876.0,335341.0,279495.0,368292.0,1877236.67,31.5362,0.007737,1976957.2,17.9673,0.004983,5176576.0,3.4309,0.002298,4418722.4,2.6795,0.00165,3714395.15,2.3907,0.001236,3530199.37,1.677,0.000812
20261002,6669,緯穎,2329609.0,1259173.0,1887580.0,1642771.0,3554942.0,2904191.0,6260344.0,3304766.0,4839353.0,5761930.0,9125545.0,2767688.0,1985361.0,1896940.0,2793152.0,5055743.0,5080716.0,5526691.0,4361234.0,5153604.0,10869612.0,2855090.0,1921970.0,1993578.0,1479152.0,1898480.0,922282.0,762579.0,1289214.0,1657389.0,1825454.0,42.5394,0.010148,2134815.0,21.8249,0.006536,3374465.9,6.9036,0.003014,3487556.33,4.4532,0.002164,3874566.65,3.0063,0.001621,3438022.63,2.2587,0.001066
20261002,6670,復盛應用,109754.0,208364.0,181000.0,232821.0,126922.0,197980.0,193609.0,123287.0,230780.0,113298.0,89235.0,164177.0,90773.0,212003.0,68598.0,149473.0,182864.0,104114.0,115088.0,253035.0,318186.0,312854.0,604567.0,202344.0,781600.0,55184.0,79599.0,131754.0,249365.0,82659.0,166372.67,21.9896,0.000478,171772.2,12.779,0.000308,171781.5,6.3892,0.000142,156173.4,4.6851,0.000102,157358.75,3.4874,7.6e-05,198842.9,1.8399,5e-05
20261002,6671,三能-KY,5050.0,34000.0,7143.0,9000.0,5030.0,8448.0,4100.0,3044.0,13000.0,20000.0,12070.0,3496.0,7050.0,4200.0,2000.0,4165.0,19992.0,14000.0,22100.0,22100.0,153150.0,2000.0,5050.0,53062.0,23000.0,27200.0,102157.0,22000.0,130000.0,16215.0,15397.67,10.9324,2.2e-05,12044.6,8.3855,1.4e-05,10881.5,4.6409,7e-06,9175.4,3.6692,5e-06,10999.4,2.2956,4e-06,25127.4,0.6699,2e-06
20261002,6672,騰輝電子-KY,16620827.0,18447532.0,8259557.0,8175142.0,15309823.0,3276768.0,4972041.0,4860040.0,6002632.0,10176575.0,5010539.0,4204679.0,2549602.0,3675064.0,3575776.0,9019982.0,7324357.0,14526240.0,5927842.0,1884635.0,1965824.0,2152414.0,3571101.0,4031460.0,3523901.0,3222064.0,2894489.0,6973935.0,7856786.0,8355505.0,14442638.67,38.3606,0.072403,13362576.2,24.8767,0.046632,9610093.7,17.2952,0.021506,7674439.8,14.4383,0.015438,7689982.65,10.8068,0.011566,6611571.07,8.3797,0.007602
20261002,6674,鋐寶科技,85674.0,183356.0,148899.0,327304.0,199815.0,678803.0,3422973.0,75024.0,16000.0,22103.0,3487.0,4000.0,5600.0,13070.0,14000.0,16000.0,22786.0,292309.0,34211.0,3000.0,10000.0,3200.0,29410.0,17350.0,37108.0,112432.0,160415.0,231615.0,25000.0,24037.0,139309.67,20.4997,0.000373,189009.6,9.0656,0.00024,515995.1,1.6604,0.000111,346673.87,1.6475,8e-05,278420.7,1.5386,6e-05,207299.37,1.3776,3.9e-05
20261002,6689,伊雲谷,150925.0,142347.0,188502.0,131757.0,490273.0,125584.0,496404.0,519739.0,1050703.0,940604.0,2460921.0,7763172.0,2999752.0,658239.0,135177.0,73109.0,43306.0,74278.0,98542.0,122736.0,66424.0,115115.0,97680.0,128521.0,61825.0,107217.0,107474.0,51778.0,81179.0,67888.0,160591.33,31.3269,0.000657,220760.8,13.6732,0.000423,423683.8,3.5622,0.000195,1216939.93,0.8268,0.00014,933303.5,0.8086,0.000105,651705.7,0.7719,6.9e-05
20261002,6691,洋基工程,1319885.0,1746877.0,2580611.0,923010.0,736040.0,527865.0,536554.0,599914.0,1363773.0,463671.0,578902.0,246634.0,262367.0,417102.0,447277.0,360316.0,258676.0,537844.0,704992.0,426141.0,722931.0,512218.0,510605.0,565056.0,627449.0,756632.0,516771.0,1034885.0,1138669.0,1105177.0,1882457.67,23.3717,0.00575,1461284.6,18.0647,0.003703,1079820.0,12.2232,0.001708,850032.13,10.3516,0.001226,751922.55,8.7767,0.000918,750961.47,5.8586,0.000604
20261002,6695,芯鼎,575601.0,905563.0,1104717.0,1257413.0,156551.0,295642.0,479775.0,227529.0,702017.0,483297.0,270512.0,225604.0,197636.0,293188.0,320527.0,197564.0,503656.0,327664.0,200020.0,758262.0,810499.0,298004.0,384596.0,605088.0,279846.0,330036.0,221164.0,222909.0,500474.0,418222.0,861960.33,22.2594,0.002507,799969.0,14.3906,0.001615,618810.5,9.3017,0.000745,499704.8,7.6792,0.000535,474136.9,6.07,0.000401,451785.87,4.2469,0.000263
20261002,6698,旭暉應材,219379.0,199960.0,489189.0,241170.0,52578.0,136960.0,177179.0,89798.0,87029.0,115582.0,106373.0,131318.0,95413.0,77073.0,101803.0,209256.0,93014.0,133144.0,70993.0,203604.0,248144.0,111632.0,122618.0,85065.0,81567.0,249764.0,83754.0,91200.0,90418.0,95960.0,302842.67,24.1466,0.000956,240455.2,18.247,0.000615,180882.4,12.1283,0.000284,154720.27,9.4527,0.000204,151540.75,7.2383,0.000153,143031.23,5.1126,0.0001
20261002,6706,惠特,4150630.0,7046801.0,4351935.0,4511914.0,2291537.0,4580832.0,13997656.0,14648276.0,6106039.0,12351126.0,11524955.0,19143749.0,22983083.0,6196518.0,953231.0,1039868.0,768978.0,1097853.0,1473399.0,5165561.0,1822817.0,2362716.0,962739.0,1096890.0,2795612.0,2837173.0,508155.0,828966.0,837722.0,919142.0,5183122.0,26.6932,0.018081,4470563.4,18.5687,0.011645,7403674.6,5.6062,0.00537,8989218.8,3.0782,0.003855,7219197.05,2.8747,0.002888,5311862.43,2.6046,0.001898
20261002,6715,嘉基,1913083.0,536514.0,686089.0,346088.0,560936.0,1172849.0,3208138.0,5331633.0,4535425.0,5910220.0,3523438.0,2625978.0,937585.0,984121.0,840406.0,1703369.0,717970.0,1454017.0,1156529.0,1556786.0,1857136.0,1023752.0,813496.0,676972.0,827412.0,1721829.0,931056.0,1959487.0,2792369.0,1164315.0,1045228.67,61.01,0.008334,808542.0,47.3218,0.005367,2420097.5,7.905,0.002475,2207500.2,5.7775,0.001777,1985058.7,4.8187,0.001331,1782299.93,3.5779,0.000875
20261002,6719,力智,443925.0,492395.0,577285.0,432838.0,283508.0,428669.0,721463.0,270830.0,868071.0,466716.0,205327.0,285019.0,348990.0,693702.0,386373.0,743966.0,842219.0,336309.0,435003.0,480562.0,352071.0,523266.0,770622.0,822463.0,639712.0,610137.0,325852.0,535956.0,742162.0,812522.0,504535.0,29.329,0.001934,445990.2,19.9074,0.001245,498570.0,8.904,0.000574,460340.73,6.4289,0.000412,487158.5,4.5563,0.000309,529264.43,2.7959,0.000203
20261002,6722,輝創,23000.0,24527.0,13701.0,15187.0,9521.0,8330.0,44617.0,35910.0,26000.0,25015.0,24477.0,13025.0,21555.0,22816.0,35005.0,29419.0,42286.0,52974.0,33001.0,8200.0,24411.0,14030.0,1020.0,24064.0,15000.0,54611.0,13070.0,15058.0,24330.0,12419.0,20409.33,37.5645,0.0001,17187.2,26.7641,6.5e-05,22580.8,10.1856,3e-05,22845.73,6.7117,2.1e-05,25428.3,4.5225,1.6e-05,23552.63,3.2551,1.1e-05
20261002,6742,澤米,1414175.0,967057.0,1743025.0,723913.0,2199168.0,3935558.0,1532708.0,2612628.0,4060130.0,1748558.0,492106.0,245117.0,270427.0,364344.0,434605.0,300987.0,459382.0,353453.0,342646.0,1132679.0,491840.0,515814.0,267557.0,538086.0,1251271.0,262346.0,239323.0,152834.0,301037.0,367584.0,1374752.33,34.2892,0.00616,1409467.6,20.0668,0.003968,2093692.0,6.7545,0.00183,1516234.6,6.2179,0.001314,1266633.3,5.5824,0.000984,990678.6,4.7583,0.000647
20261002,6743,安普新,1562415.0,1118714.0,553663.0,692999.0,535034.0,535714.0,386921.0,298316.0,272413.0,298656.0,314087.0,392619.0,156031.0,466421.0,280513.0,185009.0,274697.0,245983.0,257713.0,263652.0,313297.0,212853.0,263041.0,485685.0,360703.0,270969.0,87894.0,76430.0,154809.0,224583.0,1078264.0,48.3003,0.006806,892565.0,35.0096,0.004384,625484.5,24.9793,0.002022,524301.07,19.8666,0.001451,454578.5,17.1853,0.001087,384727.8,13.537,0.000715
20261002,6753,龍德造船,233147.0,251815.0,299764.0,206011.0,248283.0,672372.0,196062.0,325183.0,532096.0,367785.0,281970.0,451999.0,450184.0,1292433.0,822749.0,383902.0,741569.0,451820.0,844400.0,859903.0,716824.0,908592.0,941910.0,3918457.0,4558083.0,1516964.0,710125.0,862720.0,1365875.0,2541575.0,261575.33,29.7106,0.001016,247804.0,18.817,0.000654,333251.8,6.9961,0.000302,442123.53,3.5156,0.000217,495672.35,2.3518,0.000162,931819.07,0.834,0.000107
20261002,6754,匯僑設計,14100.0,16320.0,13201.0,11301.0,7102.0,8100.0,7200.0,8650.0,20010.0,44020.0,17436.0,11000.0,14080.0,5300.0,13100.0,12242.0,11315.0,11027.0,2084.0,4292.0,5090.0,2136.0,9848.0,10023.0,16000.0,8023.0,1549.0,7054.0,9001.0,11041.0,14540.33,32.3239,6.1e-05,12404.8,22.7331,4e-05,15000.4,9.3997,1.8e-05,14061.33,6.685,1.3e-05,12594.0,5.5979,1e-05,11054.83,4.2515,6e-06
20261002,6756,威鋒電子,91658.0,118518.0,76342.0,79769.0,78807.0,118270.0,69379.0,56276.0,106010.0,127700.0,78361.0,71459.0,66769.0,96170.0,98227.0,124431.0,187153.0,104953.0,206257.0,245234.0,163959.0,224751.0,82503.0,84886.0,99509.0,155060.0,68247.0,57247.0,116764.0,91964.0,95506.0,31.9903,0.000399,89018.8,20.593,0.000257,92272.9,9.9334,0.000119,88914.33,6.8724,8.5e-05,110087.15,4.163,6.4e-05,111554.43,2.7388,4.2e-05
20261002,6757,台灣虎航,355033.0,331003.0,875362.0,346431.0,485683.0,506351.0,402531.0,258415.0,621991.0,398011.0,624216.0,920004.0,299330.0,652538.0,665010.0,515170.0,288253.0,604325.0,394103.0,833701.0,562476.0,747638.0,1438900.0,1452531.0,714473.0,875463.0,754092.0,1307654.0,1499600.0,1548799.0,520466.0,22.7381,0.001547,478702.4,14.8331,0.000996,458081.1,7.7504,0.000459,516127.27,4.5859,0.00033,518873.05,3.4212,0.000247,709302.9,1.6685,0.000162
20261002,6768,志強-KY,149591.0,106131.0,88705.0,101164.0,48690.0,163002.0,94907.0,175546.0,157393.0,463997.0,343833.0,241559.0,247303.0,450923.0,491231.0,155404.0,114582.0,284110.0,167557.0,118268.0,272959.0,381678.0,1475852.0,392033.0,294925.0,292954.0,280455.0,328331.0,368060.0,827597.0,114809.0,43.4318,0.000652,98856.2,30.2644,0.00042,154912.6,9.6565,0.000194,221598.33,4.5004,0.000139,208194.8,3.5926,0.000104,302624.67,1.6477,6.8e-05
20261002,6770,力積電,178851877.0,92791273.0,137017155.0,63341436.0,95567951.0,118630577.0,95975202.0,93490025.0,175587517.0,119460580.0,91880819.0,162022743.0,90532617.0,131561180.0,144134387.0,114261094.0,172801850.0,242829617.0,85248242.0,115197089.0,68830476.0,151879084.0,207576800.0,127516696.0,118625661.0,109500620.0,162099266.0,116273055.0,176388814.0,226495303.0,136220101.67,43.7654,0.779105,113513938.4,31.5119,0.501789,117071359.3,15.2772,0.231415,119389689.27,9.987,0.166121,126059161.55,7.094,0.124453,132878966.87,4.4866,0.081805
20261002,6771,平和環保-創,47000.0,59156.0,56644.0,20118.0,9000.0,14000.0,25020.0,16030.0,12000.0,68000.0,118180.0,29291.0,4012.0,24008.0,35050.0,28368.0,16381.0,17013.0,32505.0,15166.0,40000.0,31034.0,25526.0,30044.0,44426.0,125607.0,62789.0,66741.0,65122.0,37003.0,54266.67,28.8698,0.000205,38383.6,24.4896,0.000132,32696.8,14.3745,6.1e-05,35833.93,8.744,4.4e-05,32347.1,7.2649,3.3e-05,39174.47,3.9992,2.1e-05
20261002,6776,展碁國際,75109.0,60431.0,64252.0,70436.0,63140.0,35056.0,89542.0,46981.0,184479.0,72174.0,38321.0,43351.0,52821.0,111833.0,118372.0,45356.0,86687.0,106870.0,56728.0,175774.0,85430.0,66588.0,76818.0,43648.0,63901.0,69063.0,60836.0,34227.0,42139.0,42004.0,66597.33,37.5936,0.000327,66673.6,22.5304,0.000211,76160.0,9.862,9.7e-05,75086.53,6.6687,7e-05,79885.65,4.701,5.2e-05,72745.57,3.4416,3.4e-05
20261002,6781,AES-KY,249309.0,173934.0,310063.0,253538.0,143940.0,177115.0,361683.0,203562.0,357582.0,243840.0,212301.0,313842.0,242818.0,342381.0,295609.0,289717.0,327967.0,476773.0,354859.0,665562.0,561809.0,805166.0,601635.0,1264187.0,1135173.0,675988.0,221755.0,333115.0,346179.0,548466.0,244435.33,33.9979,0.001086,226156.8,22.0474,0.000699,247456.6,10.0749,0.000323,258767.8,6.423,0.000232,299819.75,4.1576,0.000173,416328.93,1.9961,0.000114
20261002,6782,視陽,127648.0,242118.0,228952.0,129912.0,156032.0,272456.0,282659.0,313938.0,450547.0,862116.0,179167.0,195636.0,157812.0,261263.0,210120.0,367618.0,245971.0,313866.0,392765.0,540473.0,458152.0,937730.0,1617035.0,1136933.0,895915.0,2103168.0,383449.0,130124.0,197703.0,91538.0,199572.67,21.3202,0.000556,176932.4,14.429,0.000358,306637.8,4.1628,0.000165,271358.4,3.136,0.000119,296553.45,2.1522,8.9e-05,462760.53,0.9195,5.8e-05
20261002,6789,采鈺,1150752.0,1576642.0,2486076.0,922802.0,862427.0,884364.0,2247650.0,603507.0,1128975.0,780066.0,1068142.0,756040.0,803180.0,1333966.0,727353.0,1376381.0,1140485.0,1105025.0,1130577.0,2032703.0,3873379.0,4075023.0,1471402.0,1544185.0,3321824.0,2091189.0,800830.0,485108.0,780625.0,962351.0,1737823.33,22.0727,0.005013,1399739.8,16.4424,0.003229,1264326.1,9.1017,0.001489,1155462.8,6.6395,0.001069,1205855.65,4.7715,0.000801,1450767.63,2.644,0.000526
20261002,6790,永豐實,112914.0,128014.0,57248.0,128761.0,51018.0,98586.0,137078.0,78406.0,109067.0,112805.0,116940.0,46930.0,223611.0,177608.0,80750.0,47392.0,56131.0,62170.0,135927.0,114885.0,48807.0,120603.0,151517.0,152392.0,137040.0,48723.0,71845.0,74579.0,146895.0,106834.0,99392.0,37.8682,0.000492,95591.0,23.6244,0.000317,101389.7,11.1366,0.000146,110649.07,6.8031,0.000105,103812.05,5.4384,7.9e-05,104515.87,3.6012,5.2e-05
20261002,6792,詠業,44490.0,13037.0,30112.0,21104.0,13000.0,11005.0,44000.0,26010.0,37096.0,21200.0,25000.0,31000.0,29000.0,29259.0,18011.0,73771.0,172941.0,45380.0,14030.0,47410.0,21210.0,12500.0,14124.0,14199.0,31203.0,23616.0,12414.0,21264.0,31396.0,15183.0,29213.0,50.7651,0.000194,24348.6,36.5442,0.000125,26105.4,17.0425,5.8e-05,26221.6,11.3113,4.1e-05,37342.8,5.957,3.1e-05,31465.5,4.7131,2e-05
20261002,6794,向榮生技,349167.0,20126.0,19022.0,36010.0,38000.0,24094.0,33101.0,14214.0,22001.0,22065.0,18000.0,16000.0,13000.0,12100.0,10001.0,21010.0,9416.0,19000.0,27029.0,26000.0,18206.0,11000.0,33019.0,33449.0,32241.0,77510.0,67000.0,54000.0,35000.0,56086.0,129438.33,89.9185,0.001521,92465.0,75.5241,0.00098,57780.0,60.4304,0.000452,43126.73,53.9753,0.000324,37467.8,46.5956,0.000243,38895.57,29.9235,0.00016
20261002,6796,晉弘,80595.0,18544.0,26823.0,26423.0,22998.0,24072.0,63308.0,19404.0,39943.0,76000.0,45604.0,43882.0,136379.0,201536.0,47395.0,148766.0,92371.0,224608.0,44706.0,69688.0,85528.0,94563.0,75111.0,46102.0,46172.0,88201.0,104071.0,197015.0,90297.0,43735.0,41987.33,63.9836,0.000351,35076.6,45.9537,0.000226,39811.0,20.2444,0.000104,58193.73,9.233,7.5e-05,72652.25,5.5466,5.6e-05,77461.33,3.4682,3.7e-05
20261002,6799,來頡,286307.0,324626.0,363126.0,744102.0,219429.0,496570.0,554825.0,125636.0,458506.0,274151.0,97374.0,82153.0,104381.0,125714.0,115992.0,126169.0,125830.0,111209.0,104959.0,147612.0,89152.0,162505.0,135449.0,204642.0,157608.0,191862.0,112273.0,82584.0,253589.0,287288.0,324686.33,29.3932,0.001247,387518.0,14.7764,0.000803,384727.8,7.4418,0.00037,291526.13,6.5473,0.000266,249433.55,5.7391,0.000199,222187.43,4.2953,0.000131
20261002,6805,富世達,1860964.0,2121012.0,2379419.0,1045620.0,1046299.0,2550860.0,1915047.0,2483339.0,1519334.0,1107601.0,1046754.0,1303815.0,917127.0,1018040.0,1486989.0,1576206.0,325778.0,536333.0,564271.0,870133.0,1238933.0,2618566.0,2864739.0,3660595.0,4402453.0,3229488.0,870314.0,880852.0,1866928.0,2057656.0,2120465.0,29.254,0.008107,1690662.8,22.0146,0.005221,1802949.5,10.3218,0.002408,1586814.67,7.8184,0.001728,1383747.05,6.7244,0.001295,1712182.17,3.623,0.000851
20261002,6807,峰源-KY,12000.0,15057.0,7031.0,13913.0,0.0,8000.0,21000.0,14000.0,3000.0,9000.0,1083.0,2000.0,6305.0,2000.0,136.0,6040.0,1465.0,27231.0,10000.0,14022.0,9000.0,17068.0,7500.0,5064.0,2000.0,17037.0,30216.0,6065.0,10030.0,10122.0,11362.67,35.203,5.2e-05,9600.2,24.9995,3.4e-05,10300.1,11.6504,1.6e-05,7635.0,10.4781,1.1e-05,8664.15,6.9251,8e-06,9579.5,4.1756,5e-06
20261002,6830,汎銓,1744163.0,794025.0,749406.0,911857.0,942448.0,799077.0,1560833.0,2635979.0,2580595.0,1600231.0,1668659.0,1006110.0,1625120.0,1179502.0,1690917.0,1746902.0,2067152.0,1563039.0,3050638.0,5312183.0,5478263.0,2997028.0,1636512.0,1537472.0,3490100.0,4626293.0,5182262.0,4328417.0,1376509.0,1774631.0,1095864.67,53.0529,0.007598,1028379.8,33.9206,0.004893,1431861.4,12.1811,0.002257,1432594.8,8.1166,0.00162,1761441.8,4.951,0.001214,2255210.77,2.578,0.000798
20261002,6831,邁科,609050.0,701310.0,1088907.0,786787.0,1166953.0,483120.0,563117.0,854155.0,1950355.0,341117.0,361609.0,532270.0,780502.0,661071.0,909200.0,917333.0,733589.0,1264644.0,1037685.0,741344.0,788669.0,1084803.0,1216365.0,1565775.0,1161889.0,1530915.0,790250.0,991143.0,1221498.0,743027.0,799755.67,25.3848,0.002653,870601.4,13.9915,0.001709,854487.1,7.1277,0.000788,785968.2,5.166,0.000566,824205.9,3.6948,0.000424,919281.73,2.2084,0.000279
20261002,6834,天二科技,12078273.0,9597928.0,2684385.0,2757804.0,5943310.0,5500627.0,6166638.0,12137974.0,6734855.0,6365386.0,2882279.0,5641078.0,7659329.0,15065804.0,7261240.0,6748749.0,7653879.0,5532933.0,4355140.0,2575546.0,4377392.0,2064252.0,2121343.0,4841128.0,2670772.0,2090896.0,1389912.0,2147862.0,5152793.0,2452546.0,8120195.33,49.5812,0.052615,6612340.0,36.5325,0.033887,6996718.0,17.2628,0.015628,7231794.0,11.1344,0.011219,6767157.85,8.9242,0.008405,5488401.77,7.3356,0.005524
20261002,6835,圓裕,15294.0,14178.0,8299.0,7241.0,20180.0,21008.0,70544.0,20449.0,9010.0,33442.0,15010.0,15000.0,8295.0,37008.0,12062.0,12088.0,38197.0,19383.0,28306.0,25000.0,11335.0,15095.0,17201.0,17096.0,30126.0,9004.0,18024.0,13050.0,23005.0,23359.0,12590.33,40.4914,6.7e-05,13038.4,23.4599,4.3e-05,21964.5,6.9631,2e-05,20468.0,4.9814,1.4e-05,21499.7,3.5568,1.1e-05,20242.97,2.5184,7e-06
20261002,6838,台新藥,204255.0,149573.0,135088.0,274766.0,603017.0,889639.0,63089.0,94890.0,213041.0,204170.0,79818.0,72365.0,51525.0,90902.0,147319.0,90360.0,88065.0,131061.0,208514.0,295383.0,215581.0,59261.0,55721.0,69250.0,27474.0,50538.0,51000.0,34433.0,45062.0,187627.0,162972.0,41.7771,0.00089,273339.8,14.9451,0.000573,283152.8,7.2136,0.000264,218230.47,6.2397,0.00019,204342.0,4.9979,0.000142,162759.57,4.1832,9.3e-05
20261002,6854,錼創科技-KY創,189703.0,209199.0,228806.0,88099.0,153317.0,207381.0,190611.0,143806.0,328461.0,102356.0,158660.0,212464.0,77672.0,167594.0,199477.0,150939.0,203238.0,191038.0,306930.0,642573.0,632380.0,296904.0,374785.0,145451.0,134578.0,261728.0,168374.0,149594.0,130942.0,224789.0,209236.0,30.2215,0.000826,173824.8,21.8269,0.000532,184173.9,10.3002,0.000245,177173.73,7.1381,0.000176,207616.2,4.5686,0.000132,222394.97,2.8433,8.7e-05
20261002,6861,睿生光電,1565281.0,5529447.0,2023999.0,2318339.0,4029976.0,5900806.0,5402990.0,4377975.0,1451647.0,2357371.0,2650095.0,3944720.0,1105031.0,3995263.0,1493423.0,969831.0,1596997.0,252842.0,231207.0,593595.0,165249.0,202737.0,251078.0,405783.0,269106.0,335481.0,349960.0,460578.0,199947.0,297814.0,3039575.67,17.1656,0.006819,3093408.4,10.1201,0.004392,3495783.1,4.4776,0.002025,3209757.53,3.2511,0.001454,2589541.75,3.0223,0.001089,1824285.6,2.8601,0.000716
20261002,6862,三集瑞-KY,205387.0,341341.0,78777.0,40327.0,49026.0,148506.0,407929.0,298253.0,63849.0,104147.0,91400.0,138260.0,70368.0,122789.0,101319.0,114058.0,90162.0,111654.0,206724.0,119945.0,64862.0,161085.0,183944.0,342830.0,313906.0,97005.0,75782.0,88627.0,174533.0,75031.0,208501.67,32.8354,0.000895,142971.6,28.7312,0.000576,173754.2,11.8205,0.000266,150778.53,9.0812,0.000191,145211.05,7.072,0.000143,149394.2,4.5827,9.4e-05
20261002,6863,永道-KY,66376.0,53107.0,104641.0,35979.0,50850.0,47691.0,94048.0,85176.0,136495.0,100289.0,70206.0,109926.0,127991.0,332673.0,54908.0,81879.0,61257.0,61309.0,87350.0,112723.0,75059.0,77066.0,62365.0,78745.0,82865.0,82812.0,104213.0,130005.0,167377.0,222603.0,74708.0,29.6157,0.000289,62190.6,21.346,0.000186,77465.2,8.5685,8.6e-05,98023.73,4.5143,6.2e-05,93743.7,3.5403,4.6e-05,98599.47,2.244,3e-05
20261002,6869,雲豹能源,421697.0,491626.0,377186.0,457988.0,371509.0,1115215.0,676178.0,547419.0,667113.0,769876.0,242869.0,325886.0,178257.0,374122.0,303749.0,166460.0,223942.0,208721.0,313785.0,312157.0,271888.0,748621.0,239899.0,355964.0,185850.0,361562.0,236109.0,351362.0,1510115.0,1025065.0,430169.67,32.6768,0.001837,424001.2,19.8913,0.001183,589580.7,7.1525,0.000546,488046.0,5.7603,0.000392,427287.75,4.9346,0.000293,461073.0,3.0487,0.000193
20261002,6873,泓德能源,203315.0,192440.0,145527.0,133311.0,226797.0,419948.0,274996.0,348982.0,394047.0,287814.0,191004.0,156299.0,210754.0,207982.0,206601.0,162056.0,126843.0,110959.0,204206.0,186719.0,259509.0,212031.0,593387.0,698449.0,227886.0,322156.0,422509.0,157156.0,316063.0,687024.0,180427.33,37.5618,0.000886,180278.0,22.5557,0.00057,262717.7,7.7389,0.000263,239987.8,5.6479,0.000189,219530.0,4.6307,0.000141,276225.67,2.4535,9.3e-05
20261002,6885,全福生技,883614.0,728383.0,1025210.0,1297844.0,1319077.0,1898379.0,1906847.0,3001983.0,1962009.0,2011633.0,763093.0,578526.0,939721.0,1574997.0,719343.0,638411.0,559479.0,1286251.0,526421.0,535514.0,1109266.0,475111.0,347841.0,758519.0,2193844.0,353887.0,140267.0,51448.0,134009.0,113033.0,879069.0,33.5057,0.003849,1050825.6,16.8175,0.002479,1603497.9,5.5105,0.001143,1374043.93,4.2872,0.000821,1207836.75,3.6578,0.000615,994465.33,2.9618,0.000404
20261002,6887,寶綠特-KY,18080.0,10317.0,39319.0,17108.0,10000.0,12002.0,16000.0,18033.0,16000.0,13000.0,10000.0,19010.0,31220.0,10000.0,42227.0,18000.0,13690.0,15000.0,15020.0,8000.0,14000.0,34100.0,38442.0,62790.0,148591.0,44093.0,34002.0,24141.0,63519.0,27171.0,22572.0,26.6997,7.9e-05,18964.8,19.0669,5.1e-05,16985.9,10.6441,2.3e-05,18821.07,6.4042,1.7e-05,17601.3,5.136,1.3e-05,28095.83,2.145,8e-06
20261002,6890,來億-KY,149846.0,152759.0,66816.0,86198.0,140614.0,76844.0,139203.0,195215.0,226293.0,203250.0,205622.0,157125.0,242749.0,284239.0,192253.0,511041.0,327605.0,265521.0,524946.0,313214.0,129365.0,170793.0,129395.0,239033.0,651188.0,1011751.0,96041.0,372873.0,327398.0,273349.0,123140.33,40.5624,0.000653,119246.6,25.1321,0.00042,143703.8,10.4274,0.000194,167935.07,5.9486,0.000139,223067.65,3.3588,0.000104,262084.63,1.9058,6.9e-05
20261002,6901,鑽石投資,1721017.0,2764815.0,5739727.0,4821111.0,1233148.0,1534735.0,697124.0,719877.0,1236322.0,826908.0,658792.0,530157.0,746786.0,788528.0,574748.0,730811.0,977186.0,1134896.0,1355411.0,1090417.0,898596.0,1553628.0,1805914.0,1880196.0,1261767.0,1538590.0,1730846.0,2044834.0,965144.0,1276460.0,3408519.67,16.8305,0.007497,3255963.6,10.5715,0.004829,2129478.4,8.0819,0.002227,1639586.33,6.9978,0.001599,1494125.8,5.7593,0.001198,1494616.37,3.8383,0.000787
20261002,6902,GOGOLOOK,473649.0,390751.0,556230.0,739617.0,1144665.0,1344254.0,2984863.0,317546.0,924702.0,117869.0,22478.0,65270.0,58430.0,86586.0,68501.0,54901.0,58118.0,81398.0,33422.0,46386.0,113023.0,36723.0,69503.0,92574.0,51386.0,65922.0,54866.0,54517.0,82600.0,40711.0,473543.33,33.3408,0.002063,660982.4,14.3317,0.001329,899414.6,5.2662,0.000613,619694.07,5.0955,0.00044,478481.8,4.9495,0.00033,341048.7,4.6293,0.000217
20261002,6906,現觀科,27775.0,41424.0,51103.0,27331.0,47047.0,29266.0,63395.0,140863.0,54417.0,25317.0,20718.0,24704.0,51003.0,21258.0,86267.0,74249.0,168082.0,450562.0,496558.0,397569.0,15778.0,59677.0,135241.0,147531.0,85850.0,16476.0,16177.0,3792.0,5492.0,14585.0,40100.67,23.0877,0.000121,38936.0,14.267,7.8e-05,50793.8,5.4682,3.6e-05,47459.2,3.9016,2.6e-05,114945.4,1.2082,1.9e-05,93316.9,0.9921,1.3e-05
20261002,6908,宏碁遊戲-創,84727.0,174332.0,110917.0,262835.0,12062.0,2018.0,27521.0,13507.0,15000.0,13100.0,6200.0,9040.0,3000.0,4000.0,8000.0,21333.0,17372.0,20365.0,35350.0,7116.0,12310.0,10110.0,11000.0,7050.0,21046.0,17225.0,17000.0,23346.0,38491.0,35650.0,123325.33,22.9007,0.000369,128974.6,13.1386,0.000238,71601.9,11.8331,0.00011,49750.6,11.3536,7.9e-05,42389.75,9.9938,5.9e-05,34700.77,8.1388,3.9e-05
20261002,6909,創控,818121.0,159114.0,242662.0,261738.0,167616.0,173704.0,328170.0,466383.0,464983.0,294635.0,331575.0,379125.0,1773620.0,818553.0,179240.0,176458.0,155372.0,150095.0,143880.0,227598.0,127199.0,133876.0,175517.0,151264.0,231584.0,170906.0,148791.0,127339.0,186316.0,170388.0,406632.33,67.0648,0.003564,329850.2,49.6056,0.002295,337712.6,24.2254,0.001059,457282.6,11.9273,0.00076,385632.1,10.6075,0.000569,311194.07,8.7632,0.000374
20261002,6914,阜爾運通,64481.0,75504.0,84330.0,43637.0,20655.0,36227.0,22862.0,14228.0,47461.0,55970.0,20767.0,35104.0,112104.0,39143.0,10106.0,27624.0,37298.0,56667.0,93581.0,20513.0,42691.0,90952.0,66007.0,120552.0,267615.0,411351.0,125015.0,180220.0,164697.0,58570.0,74771.67,28.7457,0.000281,57721.4,22.3421,0.000181,46535.5,13.8563,8.3e-05,45505.27,9.4467,6e-05,45913.1,7.0221,4.5e-05,81531.07,2.6363,2.9e-05
20261002,6916,華凌,26587.0,13150.0,35000.0,36717.0,15210.0,17216.0,25101.0,21000.0,13000.0,14000.0,24007.0,31000.0,25000.0,11001.0,12034.0,31550.0,175733.0,13229.0,18088.0,27100.0,14000.0,15690.0,28208.0,28000.0,31000.0,37484.0,2300.0,6076.0,8153.0,13000.0,24912.33,35.5741,0.000116,25332.8,20.9902,7.5e-05,21698.1,12.2531,3.4e-05,21334.87,8.3078,2.5e-05,29286.15,4.5392,1.9e-05,25654.47,3.4545,1.2e-05
20261002,6918,愛派司,21329.0,31233.0,12045.0,277687.0,16115.0,24028.0,5153.0,2053.0,4002.0,25002.0,9050.0,3200.0,36100.0,64770.0,111046.0,22044.0,35708.0,18256.0,51160.0,18409.0,20000.0,31582.0,25152.0,32308.0,104645.0,25014.0,19071.0,77634.0,14380.0,11002.0,21535.67,33.0135,9.3e-05,71681.8,5.951,6e-05,41864.7,5.0947,2.8e-05,42854.2,3.3181,2e-05,39419.5,2.7054,1.5e-05,38305.93,1.856,1e-05
20261002,6919,康霈*,3635766.0,2747160.0,5214982.0,3299496.0,3951337.0,5166903.0,8245884.0,6857975.0,6464359.0,2593148.0,4166800.0,4142059.0,2862127.0,8422562.0,13731804.0,5051469.0,7796917.0,4358520.0,8669515.0,11601300.0,9532965.0,18657211.0,84080003.0,10862380.0,5855542.0,5161579.0,6558073.0,11255400.0,2105421.0,3112964.0,3865969.33,31.3485,0.015838,3769748.2,19.2892,0.010201,4817701.0,7.5467,0.004704,5433490.8,4.4609,0.003377,5949004.15,3.0558,0.00253,9205387.37,1.3165,0.001663
20261002,6921,嘉雨思-創,18000.0,11000.0,51043.0,27012.0,36100.0,37533.0,15001.0,89772.0,2059.0,11435.0,8226.0,15000.0,6000.0,7000.0,1000.0,2257.0,9515.0,38100.0,3011.0,4005.0,13279.0,3093.0,4520.0,11000.0,10002.0,4044.0,9017.0,7205.0,35143.0,11100.0,26681.0,22.4879,7.8e-05,28631.0,12.5738,5.1e-05,29895.5,6.021,2.3e-05,22412.07,5.3543,1.7e-05,19653.45,4.5793,1.3e-05,16715.73,3.5894,8e-06
20261002,6923,中台,37762.0,39363.0,47949.0,57356.0,62772.0,96115.0,48178.0,76257.0,305560.0,42312.0,26388.0,61698.0,34795.0,54408.0,24147.0,36181.0,27811.0,33780.0,16230.0,30359.0,30193.0,64367.0,56195.0,33479.0,61072.0,26023.0,8120.0,25281.0,34276.0,26176.0,41691.33,30.1917,0.000164,49040.4,15.4004,0.000106,81362.4,4.6412,4.9e-05,67670.67,3.7202,3.5e-05,57971.05,3.257,2.6e-05,50820.1,2.4768,1.7e-05
20261002,6924,榮惠-KY創,12000.0,20234.0,25372.0,11462.0,19247.0,15463.0,35321.0,16268.0,26118.0,48987.0,54589.0,76567.0,116184.0,77998.0,31905.0,13360.0,46988.0,219941.0,57652.0,13192.0,4000.0,38272.0,20396.0,67056.0,58308.0,36600.0,17206.0,54549.0,28300.0,19528.0,19202.0,20.8312,5.2e-05,17663.0,13.5877,3.4e-05,23047.2,5.2067,1.6e-05,39181.0,2.0418,1.1e-05,46942.4,1.2782,8e-06,42768.77,0.9353,5e-06
20261002,6928,攸泰科技,38231.0,57589.0,38980.0,29926.0,31556.0,16287.0,41912.0,35555.0,105359.0,47293.0,50047.0,51460.0,41187.0,75963.0,30746.0,19933.0,46300.0,101588.0,72405.0,40183.0,36184.0,58256.0,48232.0,97213.0,146311.0,36575.0,32463.0,65392.0,49064.0,105830.0,44933.33,28.3613,0.000167,39256.4,19.4776,0.000107,44268.8,8.6361,4.9e-05,46139.4,5.524,3.6e-05,48625.0,3.9312,2.7e-05,54934.0,2.3198,1.7e-05
20261002,6931,青松健康,48975.0,34220.0,24293.0,45371.0,20182.0,34206.0,70856.0,56040.0,54099.0,37008.0,29310.0,24728.0,85548.0,53627.0,49700.0,17607.0,40054.0,28032.0,50400.0,27290.0,34025.0,57685.0,58514.0,79561.0,70189.0,48476.0,20559.0,76657.0,151274.0,77409.0,35829.33,45.5632,0.000213,34608.2,28.3025,0.000137,42525.0,11.5168,6.3e-05,44544.2,7.3298,4.5e-05,41577.3,5.8896,3.4e-05,50196.5,3.2522,2.2e-05
20261002,6933,AMAX-KY,3286200.0,3166449.0,2429689.0,4137444.0,6076267.0,1318689.0,1197818.0,1620072.0,3660865.0,2860719.0,932211.0,1753249.0,1977486.0,493403.0,510177.0,562921.0,345717.0,404357.0,956572.0,1360888.0,1260106.0,3418616.0,2056481.0,1952815.0,550758.0,1533341.0,543374.0,266491.0,222958.0,461807.0,2960779.33,36.997,0.014315,3819209.8,17.2088,0.00922,2975421.2,11.0445,0.004252,2361382.53,9.2776,0.003052,1952559.65,8.4151,0.002287,1710598.0,6.4036,0.001503
20261002,6934,心誠鎂,101215.0,54048.0,56001.0,42232.0,60109.0,96100.0,118272.0,154259.0,191143.0,32000.0,26163.0,29650.0,41714.0,24339.0,21005.0,16550.0,34449.0,91308.0,34062.0,45101.0,18500.0,38810.0,39709.0,12310.0,11137.0,10204.0,20073.0,11000.0,28314.0,23000.0,70421.33,47.9093,0.000441,62721.0,32.2747,0.000284,90537.9,11.1793,0.000131,69883.33,9.6556,9.4e-05,63486.0,7.9714,7e-05,49425.9,6.826,4.6e-05
20261002,6936,永鴻生技,7779.0,2095.0,15333.0,3150.0,10469.0,9735.0,15272.0,12432.0,10422.0,4384.0,11400.0,27109.0,12020.0,34573.0,13060.0,23156.0,16006.0,13725.0,11000.0,20373.0,10674.0,13114.0,20024.0,31906.0,40048.0,22871.0,15670.0,25575.0,36121.0,53815.0,8402.33,30.8605,3.4e-05,7765.2,20.0355,2.2e-05,9107.1,8.5417,1e-05,12615.53,4.1108,7e-06,13674.65,2.8443,5e-06,18110.37,1.4318,4e-06
20261002,6937,天虹,368933.0,516330.0,748880.0,1184738.0,678835.0,358542.0,712081.0,416452.0,735294.0,534217.0,396107.0,274117.0,327163.0,420315.0,1528367.0,280481.0,301998.0,270684.0,532250.0,534837.0,1730542.0,416907.0,314960.0,660629.0,331795.0,267573.0,156197.0,210311.0,216386.0,302911.0,544714.33,22.5765,0.001607,699543.2,10.5478,0.001035,625430.2,5.8989,0.000477,613358.07,4.01,0.000343,556031.05,3.3176,0.000257,524294.4,2.3456,0.000169
20261002,6944,兆聯實業,450959.0,653674.0,494392.0,674422.0,469755.0,316163.0,325028.0,244569.0,363536.0,263225.0,233341.0,138983.0,313537.0,423732.0,224769.0,242694.0,277390.0,597836.0,340084.0,473829.0,378003.0,309802.0,250635.0,229736.0,268288.0,197029.0,131293.0,238873.0,250403.0,214715.0,533008.33,28.2021,0.001964,548640.4,16.4391,0.001265,425572.3,10.5965,0.000583,372672.33,8.0671,0.000419,376095.9,5.9953,0.000314,333023.17,4.5138,0.000206
20261002,6947,台鎔科技,168311.0,221733.0,193105.0,147551.0,134696.0,149674.0,96679.0,79882.0,146230.0,82054.0,85842.0,175483.0,88372.0,135248.0,74993.0,178249.0,148768.0,159724.0,269535.0,315073.0,259474.0,197956.0,320227.0,241310.0,256337.0,168897.0,119046.0,171842.0,154360.0,245136.0,194383.0,28.8624,0.000733,173079.2,19.449,0.000472,141991.5,11.8536,0.000218,131990.2,8.5012,0.000156,152560.1,5.5162,0.000117,172859.57,3.2456,7.7e-05
20261002,6949,沛爾生醫*-創,14023533.0,2139054.0,2970817.0,3077533.0,2671825.0,2870742.0,3651236.0,2711421.0,8705561.0,4524535.0,4290274.0,7426041.0,7805082.0,13618885.0,26068201.0,34556728.0,18561472.0,24486488.0,,,,,,,,562127.0,534962.0,267357.0,222328.0,186295.0,6377801.33,73.2935,0.061089,4976552.4,56.3584,0.039345,4734625.7,29.6191,0.018145,7103649.33,13.1609,0.013025,10231079.33,7.6149,0.009758,8084021.61,7.5423,0.006414
20261002,6951,青新-創,9637.0,19383.0,23347.0,28225.0,17699.0,14872.0,45732.0,28987.0,22210.0,5113.0,26247.0,13758.0,27574.0,31044.0,7607.0,53332.0,19881.0,31476.0,50851.0,16784.0,14630.0,3928.0,18403.0,12627.0,1636.0,10554.0,18080.0,91851.0,14226.0,8739.0,17455.67,18.4028,4.2e-05,19658.2,9.8046,2.7e-05,21520.5,4.4781,1.2e-05,21429.0,2.9981,9e-06,24687.95,1.9518,7e-06,22947.77,1.3998,4e-06
20261002,6952,大武山,13023.0,5032.0,2014.0,19852.0,2000.0,10.0,11220.0,58410.0,10495.0,12025.0,17000.0,9000.0,18981.0,14040.0,11327.0,4750.0,5800.0,22500.0,13080.0,113.0,1113.0,4015.0,36010.0,11164.0,23072.0,4421.0,3000.0,8200.0,14950.0,20128.0,6689.67,64.8911,5.7e-05,8384.2,31.0656,3.7e-05,13408.1,9.7128,1.7e-05,13628.6,6.3704,1.2e-05,12533.6,5.1952,9e-06,12558.17,3.4567,6e-06
20261002,6955,邦睿生技-創,10807.0,7407.0,5001.0,1008.0,1161.0,8000.0,23905.0,7281.0,6010.0,16063.0,12190.0,5000.0,0.0,1002.0,6000.0,4282.0,2264.0,25384.0,3000.0,4000.0,9120.0,8064.0,5322.0,15045.0,13197.0,32000.0,11357.0,5000.0,10862.0,9020.0,7738.33,46.5518,4.7e-05,5076.8,42.5741,3e-05,8664.3,12.473,1.4e-05,7389.0,9.7505,1e-05,7488.25,7.216,8e-06,8958.4,4.0212,5e-06
20261002,6957,裕慶-KY,598230.0,1907750.0,302581.0,842520.0,467387.0,499912.0,698734.0,639987.0,430572.0,692018.0,390360.0,170601.0,193102.0,161581.0,118860.0,73203.0,81970.0,55038.0,53322.0,34627.0,48583.0,85286.0,174892.0,151534.0,93373.0,78122.0,42358.0,59352.0,51870.0,58244.0,936187.0,21.3002,0.002606,823693.6,14.5255,0.001678,707969.1,8.4499,0.000774,540946.33,7.3726,0.000556,420617.75,7.1113,0.000416,308532.3,6.4632,0.000274
20261002,6958,日盛台駿,82269.0,10277.0,37766.0,35256.0,20238.0,33106.0,24141.0,59310.0,42359.0,30141.0,41116.0,70002.0,22027.0,30058.0,54106.0,20384.0,18482.0,26557.0,25691.0,23468.0,15210.0,18070.0,33208.0,14376.0,18079.0,31380.0,5565.0,17223.0,97686.0,39037.0,43437.33,63.1323,0.000358,37161.2,44.2768,0.000231,37486.3,21.9464,0.000106,39478.13,13.8928,7.6e-05,35337.7,11.6404,5.7e-05,33219.6,8.2551,3.8e-05
20261002,6958A,日盛台駿甲特,1000.0,1000.0,1000.0,1000.0,18000.0,26000.0,27000.0,6000.0,20399.0,3437.0,77243.0,26000.0,20000.0,3000.0,9000.0,7000.0,18000.0,62000.0,29000.0,46040.0,3000.0,35000.0,28933.0,14076.0,9010.0,15060.0,17081.0,48500.0,7006.0,27000.0,1000.0,33.3333,4e-06,4400.0,4.5455,3e-06,10483.6,0.9539,1e-06,16005.27,0.4165,1e-06,20105.95,0.2487,1e-06,20226.17,0.1648,0.0
20261002,6962,奕力-KY,2227485.0,2751544.0,2061933.0,1348910.0,686362.0,1160548.0,1800838.0,973586.0,1036957.0,917263.0,646316.0,720664.0,1099973.0,1073054.0,1052178.0,1119643.0,1844932.0,1024513.0,1115333.0,1776312.0,2236564.0,11035205.0,6410031.0,1585897.0,1774246.0,2316394.0,1491583.0,1699781.0,1419344.0,1780408.0,2346987.33,31.6361,0.009703,1815246.8,24.542,0.006249,1496542.6,14.8842,0.002882,1303840.73,11.3894,0.002069,1321917.2,8.4252,0.00155,1939593.23,3.8281,0.001019
20261002,6965,中傑-KY,128044.0,47737.0,245983.0,84456.0,31654.0,23565.0,28151.0,15111.0,16465.0,33017.0,24000.0,26290.0,76714.0,78100.0,59740.0,26148.0,8377.0,26000.0,11036.0,14177.0,40365.0,32235.0,23449.0,7100.0,19025.0,28015.0,4131.0,5106.0,24729.0,40653.0,140588.0,30.3592,0.000558,107574.8,23.8056,0.000359,65418.3,19.5731,0.000166,61268.47,13.9326,0.000119,50238.25,12.7437,8.9e-05,40985.77,10.4137,5.9e-05
20261002,6969,成信實業*-創,210148.0,161667.0,99500.0,163053.0,281313.0,91445.0,175724.0,51770.0,44330.0,82501.0,91200.0,157126.0,158049.0,178075.0,110164.0,448985.0,799920.0,61310.0,84665.0,92510.0,158748.0,120191.0,70897.0,206523.0,157122.0,160552.0,90278.0,324743.0,452747.0,110649.0,157105.0,44.5876,0.000915,183136.2,22.9499,0.00059,136145.1,15.4356,0.000272,137071.0,10.2209,0.000195,177172.75,5.9306,0.000146,179863.5,3.8946,9.6e-05
20261002,6988,威力暘-創,140020.0,94000.0,352000.0,143000.0,49000.0,45000.0,61000.0,83000.0,54000.0,64000.0,16000.0,11001.0,24000.0,24000.0,57000.0,42000.0,78421.0,17056.0,25000.0,43444.0,44000.0,53000.0,54000.0,41000.0,19000.0,70060.0,105423.0,29010.0,41000.0,25000.0,195340.0,23.8934,0.00061,155604.0,17.997,0.000393,108502.0,12.9048,0.000181,81134.73,11.5051,0.00013,71147.1,9.8402,9.7e-05,63481.17,7.3523,6.4e-05
20261002,6994,富威電力,2578924.0,998022.0,626298.0,299424.0,240031.0,207446.0,400953.0,541467.0,567875.0,534726.0,1120272.0,1892332.0,1022128.0,2234014.0,1099365.0,990910.0,306767.0,383134.0,406928.0,322249.0,571991.0,443251.0,398880.0,385173.0,274521.0,544841.0,341147.0,321080.0,318997.0,709296.0,1401081.33,61.3556,0.011234,948539.8,54.3767,0.007235,699516.6,36.8672,0.003337,957551.8,17.955,0.002395,838663.25,15.3752,0.001795,702748.07,12.2326,0.00118
20261002,7610,聯友金屬-創,663600.0,526796.0,764301.0,565924.0,540902.0,508685.0,605272.0,696823.0,2608870.0,866311.0,1215127.0,878535.0,972335.0,587269.0,1027843.0,1223081.0,2424763.0,327155.0,395227.0,1152011.0,446636.0,609180.0,457229.0,1189663.0,382223.0,492577.0,900470.0,656762.0,752418.0,795040.0,651565.67,33.949,0.002891,612304.6,21.6755,0.001862,834748.4,7.9497,0.000859,868572.87,5.0934,0.000616,927541.5,3.5772,0.000462,841100.93,2.6299,0.000304
20261002,7631,聚賢研發-創,70867.0,276501.0,125692.0,20037.0,41366.0,41309.0,71325.0,111296.0,95732.0,64225.0,11431.0,13246.0,55086.0,93268.0,72415.0,18471.0,17687.0,17434.0,66565.0,31354.0,53545.0,114334.0,23591.0,36003.0,61742.0,43221.0,33444.0,58451.0,100765.0,61590.0,157686.67,14.9806,0.000309,106892.6,13.2595,0.000199,91835.0,7.7168,9.2e-05,77586.4,6.0893,6.6e-05,65765.35,5.3879,4.9e-05,63399.77,3.7259,3.2e-05
20261002,7689,大鵬科CLMX,180472.0,59530.0,86269.0,26406.0,15131.0,29052.0,31978.0,26996.0,23114.0,56666.0,16425.0,15716.0,16454.0,65177.0,71067.0,48770.0,124438.0,46531.0,46692.0,44494.0,19753.0,64498.0,80065.0,39602.0,32157.0,127168.0,351617.0,42678.0,47846.0,51947.0,108757.0,55.3135,0.000786,73561.6,49.0669,0.000506,53561.4,33.6944,0.000234,48030.2,25.0498,0.000168,51568.9,17.4981,0.000126,62956.97,9.5553,8.3e-05
20261002,7705,三商餐飲,12728.0,21204.0,39354.0,39583.0,19771.0,11267.0,43500.0,52752.0,52168.0,34061.0,55332.0,27365.0,46409.0,20362.0,37867.0,7168.0,28694.0,70472.0,68260.0,247241.0,68587.0,68074.0,40342.0,68143.0,31833.0,35636.0,51661.0,18036.0,40134.0,11094.0,24428.67,17.3676,5.5e-05,26528.0,9.5959,3.6e-05,32638.8,3.8997,1.6e-05,34248.2,2.4776,1.2e-05,46777.9,1.3605,9e-06,45636.6,0.9297,6e-06
20261002,7711,永擎,1491739.0,1893247.0,806691.0,438674.0,458792.0,737214.0,1174530.0,1170824.0,1904132.0,613102.0,1415029.0,3570247.0,411129.0,318431.0,1268789.0,1865679.0,2433484.0,2867311.0,2356476.0,1693857.0,2332752.0,2373303.0,1893081.0,1443345.0,899277.0,1451678.0,1969834.0,1633532.0,856052.0,870862.0,1397225.67,35.5881,0.006498,1017828.6,29.3122,0.004185,1068894.5,13.9559,0.00193,1178171.33,8.441,0.001386,1444468.85,5.1636,0.001038,1487103.1,3.3437,0.000682
20261002,7721,微程式,36053.0,30611.0,33227.0,33463.0,34150.0,31305.0,74542.0,93870.0,75565.0,91733.0,56603.0,73122.0,35917.0,81261.0,24457.0,91102.0,21556.0,60028.0,37691.0,137250.0,44015.0,40390.0,40925.0,67140.0,42516.0,48584.0,62070.0,37536.0,41539.0,39563.0,33297.0,36.0923,0.000157,33500.8,21.5237,0.000101,53451.9,6.7449,4.7e-05,53725.27,4.4737,3.3e-05,57675.3,3.1255,2.5e-05,53926.13,2.2285,1.6e-05
20261002,7722,LINEPAY,30038.0,26410.0,32803.0,53965.0,43574.0,43938.0,38502.0,28807.0,41569.0,61089.0,38949.0,29380.0,49166.0,126604.0,63869.0,35469.0,83524.0,110636.0,47394.0,51555.0,50895.0,37189.0,47098.0,26592.0,61722.0,59963.0,39179.0,53938.0,63849.0,65892.0,29750.33,33.6556,0.000131,37358.0,16.0812,8.4e-05,40069.5,7.4965,3.9e-05,47244.2,4.2387,2.8e-05,51862.05,2.896,2.1e-05,51451.93,1.946,1.4e-05
20261002,7730,暉盛-創,154153.0,444008.0,93887.0,66534.0,10341.0,54565.0,48867.0,208000.0,75610.0,114453.0,43150.0,95271.0,25500.0,70771.0,45161.0,27130.0,79384.0,194952.0,253549.0,343073.0,27156.0,21200.0,51514.0,153791.0,130715.0,125803.0,84540.0,29154.0,129033.0,71913.0,230682.67,22.2749,0.000672,153784.6,20.0479,0.000432,127041.8,12.134,0.000199,103351.4,9.9436,0.000143,122417.95,6.2962,0.000107,109105.93,4.7096,7.1e-05
20261002,7732,金興精密,23086.0,6030.0,1026.0,23025.0,11007.0,0.0,1000.0,2001.0,3000.0,10000.0,0.0,3000.0,7000.0,8000.0,10000.0,5000.0,3574.0,10000.0,4000.0,4000.0,3000.0,4000.0,4000.0,10050.0,4000.0,4000.0,14000.0,3000.0,52000.0,45000.0,10047.33,76.5908,0.000101,12834.8,35.9741,6.5e-05,8017.5,28.7945,3e-05,7211.67,21.3413,2.1e-05,6737.45,17.1326,1.6e-05,9259.97,8.3103,1.1e-05
20261002,7736,虎山,50054.0,58011.0,16073.0,27095.0,13002.0,48015.0,12106.0,58002.0,42215.0,5017.0,4700.0,6889.0,50697.0,3000.0,8355.0,7084.0,9677.0,12200.0,6000.0,19040.0,5051.0,9059.0,9170.0,44015.0,13150.0,16200.0,24001.0,38260.0,10324.0,22012.0,41379.33,40.3213,0.000218,32847.0,30.4771,0.00014,32959.0,15.1867,6.5e-05,26882.07,12.4132,4.6e-05,22861.6,10.9472,3.5e-05,21615.8,7.7187,2.3e-05
20261002,7740,熙特爾-創,129528.0,169455.0,143471.0,337585.0,448580.0,405929.0,233796.0,181991.0,271275.0,116521.0,248896.0,177665.0,139213.0,222207.0,90407.0,118214.0,48133.0,89412.0,78660.0,81783.0,37438.0,126904.0,169280.0,86566.0,101562.0,123681.0,79234.0,95271.0,52074.0,79717.0,147484.67,29.2749,0.000564,245723.8,10.5426,0.000363,243813.1,5.3126,0.000168,221101.27,3.9055,0.00012,186636.05,3.4701,9e-05,156148.27,2.7651,5.9e-05
20261002,7749,意騰-KY,197925.0,283560.0,200702.0,226401.0,295771.0,658596.0,219109.0,257048.0,147372.0,140763.0,218843.0,193727.0,162773.0,193800.0,90714.0,214458.0,183788.0,892657.0,149005.0,122766.0,231908.0,356452.0,927022.0,107553.0,167382.0,164601.0,200415.0,161432.0,140266.0,178208.0,227395.67,29.0133,0.000862,240871.8,16.4341,0.000555,262724.7,7.5336,0.000256,232473.6,5.6759,0.000184,252488.9,3.9195,0.000138,256167.23,2.5755,9.1e-05
20261002,7750,新代,132180.0,97494.0,128342.0,82412.0,132618.0,101072.0,170848.0,95874.0,188676.0,106755.0,127185.0,139284.0,476393.0,526912.0,199671.0,110295.0,327199.0,336295.0,346468.0,186623.0,199227.0,231928.0,193786.0,499275.0,554087.0,1083452.0,185764.0,626426.0,737142.0,861367.0,119338.67,36.9201,0.000576,114609.2,23.0662,0.000371,123627.1,10.6918,0.000171,180381.07,4.8852,0.000123,200629.8,3.2941,9.2e-05,306168.33,1.4391,6e-05
20261002,7760,享溫馨,10061.0,42946.0,35224.0,17030.0,43092.0,43173.0,62065.0,67101.0,17110.0,25160.0,15028.0,18060.0,40011.0,38061.0,7413.0,9013.0,53640.0,37268.0,65895.0,80065.0,29003.0,49116.0,129294.0,103788.0,138242.0,77000.0,25021.0,90701.0,61050.0,43015.0,29410.33,11.403,4.4e-05,29670.6,6.7818,2.8e-05,36296.2,2.7719,1.3e-05,32102.33,2.0894,9e-06,36370.8,1.3831,7e-06,49121.53,0.6827,5e-06
20261002,7765,中華資安,86853.0,70820.0,74827.0,111626.0,99930.0,161623.0,200262.0,272306.0,419452.0,387841.0,669563.0,2000032.0,536159.0,102026.0,142567.0,53769.0,130408.0,43921.0,37495.0,48221.0,8456.0,23624.0,29936.0,64915.0,28233.0,16798.0,13211.0,8033.0,35685.0,28724.0,77500.0,37.3561,0.000378,88811.2,19.559,0.000244,188554.0,4.6063,0.000112,355725.8,1.6277,8.1e-05,282485.05,1.5373,6e-05,196910.53,1.4703,4e-05
20261002,7768,頌勝科技,290889.0,121020.0,84548.0,114668.0,209303.0,55405.0,127508.0,177500.0,102618.0,27666.0,52566.0,33937.0,43557.0,62715.0,42942.0,56147.0,57676.0,58022.0,96312.0,73782.0,65245.0,96772.0,78572.0,57449.0,58445.0,55781.0,149136.0,224148.0,166371.0,63429.0,165485.67,58.593,0.001267,164085.6,35.4558,0.000816,131112.5,22.1862,0.000376,103122.8,18.8053,0.00027,94439.05,15.4009,0.000202,96804.3,10.0164,0.000133
20261002,7769,鴻勁,457266.0,487125.0,926671.0,992836.0,1333263.0,696624.0,1210764.0,1732162.0,3329210.0,1042674.0,437655.0,420235.0,464710.0,497739.0,599317.0,1004541.0,1903897.0,1408004.0,412749.0,940844.0,864056.0,1154455.0,1526208.0,510592.0,441747.0,355931.0,265962.0,330386.0,450430.0,535071.0,623687.33,24.4388,0.001992,839432.2,10.8946,0.001283,1220859.5,3.7454,0.000592,975216.73,3.1259,0.000425,1014914.3,2.2527,0.000318,891104.13,1.7105,0.000209
20261002,7780,大研生醫*,1055671.0,862735.0,585103.0,450257.0,493328.0,624593.0,645675.0,525843.0,686399.0,440848.0,377122.0,602925.0,1198755.0,711546.0,541096.0,392472.0,636335.0,701835.0,583651.0,1434571.0,1093610.0,858312.0,649744.0,412740.0,922779.0,476015.0,733594.0,1290460.0,492992.0,606219.0,834503.0,42.1677,0.004599,689418.8,30.625,0.002962,637045.2,16.5714,0.001366,653459.73,10.7701,0.000981,677538.0,7.7905,0.000735,702907.5,5.0062,0.000483
20261002,7786,東方風能,95267.0,77730.0,71350.0,110073.0,73689.0,56936.0,65364.0,82018.0,153892.0,189815.0,126979.0,117863.0,51357.0,220150.0,149944.0,236640.0,51261.0,234207.0,71301.0,49961.0,89607.0,70108.0,238914.0,246784.0,143291.0,163329.0,254431.0,91174.0,199649.0,161522.0,81449.0,38.9884,0.000415,85621.8,22.253,0.000267,97613.4,9.7596,0.000123,109495.13,5.8004,8.8e-05,114289.85,4.1678,6.6e-05,131486.87,2.4151,4.4e-05
20261002,7788,松川精密,2364467.0,2530364.0,926113.0,928026.0,470469.0,914131.0,1025001.0,1039243.0,1729061.0,1085774.0,1282512.0,1428881.0,1779323.0,1966280.0,6140631.0,2978086.0,3837173.0,3776454.0,4593320.0,3682299.0,1498352.0,3576565.0,5539498.0,3599795.0,4639011.0,1463681.0,843194.0,977899.0,1631800.0,2253392.0,1940314.67,40.62,0.0103,1443887.8,32.7514,0.006634,1301264.9,18.1705,0.003059,1707351.73,9.2325,0.002196,2223880.4,5.3161,0.001645,2350026.5,3.3538,0.001081
20261002,7791,皇家可口,25906.0,58971.0,18558.0,41945.0,10698.0,7255.0,28709.0,22704.0,26909.0,10236.0,27390.0,19730.0,25107.0,24224.0,34553.0,55081.0,36213.0,30289.0,39959.0,46581.0,28327.0,63124.0,5882.0,18978.0,13598.0,49165.0,10909.0,16130.0,17656.0,22836.0,34478.33,25.0457,0.000113,31215.6,16.5981,7.3e-05,25189.1,10.2846,3.4e-05,25526.33,6.7658,2.4e-05,29550.9,4.3833,1.8e-05,27920.77,3.0928,1.2e-05
20261002,7795,長廣,1641333.0,1890557.0,538793.0,517331.0,502168.0,1221801.0,1099491.0,497416.0,1165664.0,2112780.0,914868.0,932332.0,1242531.0,1392730.0,2589903.0,1406569.0,2757172.0,1861003.0,1085335.0,726386.0,850683.0,1291279.0,1494562.0,1042704.0,1745733.0,1300247.0,749507.0,396932.0,885517.0,904733.0,1356894.33,40.3208,0.00715,1018036.4,32.2451,0.004605,1118733.4,14.6714,0.002124,1217313.2,8.9888,0.001525,1304808.15,6.2896,0.001142,1225268.67,4.4652,0.000751
20261002,7799,禾榮科,954743.0,2198114.0,2151874.0,621797.0,1987002.0,2545868.0,998102.0,1128287.0,2318907.0,2515618.0,1643273.0,277482.0,418070.0,1310142.0,997569.0,297254.0,318908.0,670481.0,318974.0,217617.0,244293.0,185617.0,255014.0,311715.0,604246.0,247608.0,208689.0,398303.0,128144.0,98768.0,1768243.67,17.998,0.004159,1582706.0,12.0647,0.002679,1742031.2,5.4806,0.001235,1471123.2,4.3266,0.000887,1194504.1,3.9964,0.000664,885749.3,3.593,0.000437
20261002,7803,雲象科技-創,101000.0,40080.0,144259.0,52156.0,27099.0,59956.0,84519.0,31706.0,76902.0,128845.0,114491.0,35210.0,49100.0,61035.0,57125.0,23410.0,14831.0,58827.0,13000.0,12120.0,14631.0,45362.0,26010.0,36265.0,18606.0,54399.0,28000.0,35708.0,21330.0,32290.0,95113.0,35.3965,0.00044,72918.8,27.702,0.000283,74652.2,13.5294,0.000131,70898.87,9.4971,9.4e-05,59283.55,8.5184,7e-05,49942.4,6.7411,4.6e-05
20261002,7812,稜研科技*-創,171803.0,292086.0,248351.0,64523.0,126071.0,225228.0,478021.0,,,,,,,,,,,,,,,,,,,,,,,,237413.33,24.1215,0.000748,180566.8,19.0293,0.000482,229440.43,10.697,0.000222,229440.43,10.697,0.00016,229440.43,10.697,0.00012,229440.43,10.697,7.9e-05
20261002,7818,溢泰實業,93762.0,55153.0,66255.0,54677.0,26743.0,25818.0,54257.0,41302.0,35009.0,46262.0,36601.0,96519.0,61450.0,71982.0,110815.0,75120.0,28658.0,56569.0,40705.0,87086.0,58062.0,137296.0,80871.0,48154.0,53006.0,65359.0,69122.0,39830.0,39917.0,34880.0,71723.33,43.5758,0.000408,59318.0,31.6133,0.000263,49923.8,18.781,0.000121,58440.33,10.696,8.7e-05,58237.15,8.05,6.5e-05,59708.0,5.2345,4.3e-05
20261002,7821,神數,122057.0,160670.0,197607.0,176922.0,63919.0,127873.0,673629.0,84063.0,107364.0,42334.0,29542.0,75390.0,78749.0,62828.0,136110.0,97910.0,58993.0,99657.0,27855.0,126374.0,75546.0,47915.0,65938.0,165718.0,93491.0,50591.0,26126.0,65834.0,59100.0,164139.0,160111.33,25.4109,0.000532,144235.0,16.9247,0.000342,175643.8,6.9491,0.000158,142603.8,5.7061,0.000113,127492.3,4.7868,8.5e-05,112141.47,3.6281,5.6e-05
20261002,7822,倍利科,215376.0,295608.0,469058.0,361243.0,292136.0,101924.0,172371.0,87976.0,86446.0,160261.0,94411.0,129355.0,122091.0,130921.0,184709.0,135595.0,192009.0,254988.0,99311.0,118970.0,91178.0,132970.0,172136.0,270651.0,296269.0,138845.0,174721.0,342203.0,129730.0,204502.0,326680.67,21.9762,0.000938,326684.2,13.1856,0.000604,224239.9,9.6047,0.000279,193592.4,7.4168,0.0002,185237.95,5.8135,0.00015,188598.8,3.8066,9.9e-05
20261002,7823,奧義賽博-KY創,25450.0,53100.0,37185.0,39162.0,37865.0,24053.0,59685.0,22580.0,36048.0,22452.0,31110.0,72158.0,162402.0,33000.0,6193.0,12120.0,61019.0,27071.0,11322.0,30216.0,11100.0,31477.0,6600.0,40710.0,29856.0,41211.0,15279.0,26021.0,8012.0,24008.0,38578.33,21.9899,0.000111,38552.4,13.2028,7.1e-05,35758.0,7.1173,3.3e-05,44162.87,3.8418,2.4e-05,40209.55,3.1647,1.8e-05,34615.5,2.4507,1.2e-05
20261002,7827,漢康-KY創,418961.0,352923.0,205107.0,407175.0,370700.0,286810.0,321478.0,191807.0,468830.0,152762.0,95174.0,100172.0,81945.0,127913.0,113955.0,140490.0,114971.0,147036.0,141733.0,130656.0,82673.0,88106.0,237261.0,389436.0,370131.0,505450.0,302703.0,382371.0,111968.0,202923.0,325663.67,42.8828,0.001825,350973.2,23.8742,0.001175,317655.3,13.1892,0.000542,246380.8,11.3364,0.000389,218529.9,9.5859,0.000292,234787.33,5.9481,0.000192
20261002,7835,永悅健康-創,21000.0,98060.0,66347.0,44054.0,33080.0,68775.0,80075.0,50000.0,22562.0,27025.0,44075.0,12053.0,47160.0,34557.0,19000.0,30000.0,46000.0,73153.0,81300.0,83195.0,43232.0,160920.0,242920.0,162300.0,57727.0,18210.0,20011.0,60107.0,161604.0,73195.0,61802.33,11.3264,9.1e-05,52508.2,7.9988,5.9e-05,51097.8,4.1098,2.7e-05,44521.53,3.1445,2e-05,49073.55,2.1396,1.5e-05,66056.57,1.0597,1e-05
20261002,7855,和運租車,293839.0,378013.0,486814.0,867500.0,688907.0,356241.0,770642.0,241343.0,374554.0,376860.0,362217.0,367485.0,396126.0,576354.0,573518.0,557349.0,880794.0,2098313.0,652988.0,591844.0,1023863.0,1583587.0,1044839.0,878588.0,857848.0,1103403.0,858454.0,708861.0,1334829.0,2063586.0,386222.0,25.3601,0.00128,543014.6,10.8225,0.000824,483471.3,6.0777,0.00038,474027.53,4.1325,0.000273,594585.05,2.471,0.000204,778318.63,1.2584,0.000134
20261002,8011,台通,149109.0,127920.0,893666.0,169654.0,135271.0,630716.0,393126.0,1419140.0,341374.0,188198.0,219476.0,197565.0,233338.0,276480.0,322378.0,226945.0,262309.0,167825.0,246571.0,348446.0,191251.0,294370.0,236013.0,128683.0,346740.0,224941.0,221402.0,166141.0,194633.0,370598.0,390231.67,12.7368,0.00065,295124.0,10.1048,0.000418,444817.4,3.3521,0.000193,379827.4,2.6171,0.000138,347475.35,2.1456,0.000104,310809.3,1.5991,6.8e-05
20261002,8016,矽創,391697.0,499987.0,420563.0,334696.0,323090.0,366700.0,376653.0,461821.0,817528.0,379208.0,450572.0,388121.0,423108.0,542020.0,513363.0,704719.0,1445548.0,252670.0,245676.0,533546.0,377615.0,838280.0,571774.0,514325.0,533893.0,360025.0,371086.0,558138.0,1754672.0,2031828.0,437415.67,29.8493,0.001706,394006.6,19.8828,0.001099,437194.3,8.9593,0.000507,445941.8,5.8557,0.000364,493564.3,3.968,0.000273,592764.07,2.2027,0.000179
20261002,8021,尖點,9216082.0,1461511.0,855758.0,755727.0,949881.0,2016917.0,13222841.0,8458274.0,8380475.0,10346171.0,8326562.0,563545.0,836712.0,1115991.0,995636.0,1319886.0,15127276.0,13046649.0,6332673.0,14442146.0,7186775.0,8753655.0,9134188.0,16137795.0,5113803.0,8167498.0,3247872.0,3418276.0,5308156.0,10703309.0,3844450.33,79.9081,0.040147,2647791.8,69.6133,0.025857,5566363.7,16.5567,0.011925,4500138.87,13.653,0.00856,5888535.65,7.8254,0.006413,6498068.0,4.7276,0.004215
20261002,8028,昇陽半導體,5010534.0,5165195.0,11750104.0,18892813.0,10321779.0,5523337.0,13456615.0,12260077.0,11292233.0,9261432.0,3815963.0,3338771.0,2320122.0,2654941.0,2746280.0,1546612.0,5180911.0,5872402.0,1322617.0,1932954.0,2559823.0,3511893.0,3870838.0,2310457.0,1894678.0,1327218.0,1249637.0,1319554.0,2493705.0,4958620.0,7308611.0,22.8522,0.021827,10228085.0,9.7976,0.014058,10293411.9,4.8677,0.006483,7854013.07,4.2531,0.004654,6683284.6,3.7486,0.003487,5305403.83,3.1481,0.002292
20261002,8033,雷虎,1830423.0,1716075.0,2559779.0,1566222.0,1182926.0,1445787.0,1554195.0,1953817.0,1609386.0,2003257.0,1680089.0,2429775.0,3146206.0,8654378.0,1726973.0,1379610.0,2067173.0,2356741.0,2868742.0,5483122.0,4279688.0,3433718.0,4731485.0,25691837.0,28081541.0,10764926.0,683870.0,885478.0,1149953.0,2118292.0,2035425.67,29.9761,0.007974,1771085.0,20.6701,0.005135,1742186.7,10.5065,0.002368,2337285.87,5.2209,0.0017,2460733.8,3.7193,0.001274,4367848.8,1.3969,0.000837
20261002,8039,台虹,19171352.0,30321735.0,31798678.0,14052899.0,7006740.0,8527489.0,10462920.0,9175138.0,18951532.0,22338443.0,12424803.0,17266429.0,14851591.0,22099927.0,23501063.0,33308686.0,40437247.0,22298940.0,40392394.0,39244963.0,22914063.0,37385107.0,38783903.0,58749504.0,22503166.0,45654657.0,50659016.0,68745448.0,42064679.0,31880683.0,27097255.0,23.5834,0.083513,20470280.8,18.7309,0.053787,17180692.6,11.1587,0.024806,17463382.6,7.3187,0.017807,21881648.45,4.3807,0.01334,28565773.17,2.2371,0.008769
20261002,8045,達運光電,225827.0,174112.0,75705.0,85861.0,80890.0,265882.0,157571.0,216721.0,375834.0,468137.0,867843.0,144843.0,373774.0,75565.0,99948.0,156020.0,93427.0,198342.0,345195.0,114892.0,298198.0,163376.0,64516.0,112274.0,95379.0,151240.0,84451.0,51341.0,101677.0,89550.0,158548.0,47.4782,0.000984,128479.0,35.1539,0.000634,212654.0,10.6195,0.000292,245900.87,6.1224,0.00021,229819.45,4.9131,0.000157,193613.03,3.8879,0.000103
20261002,8046,南電,16705151.0,19869429.0,13649185.0,9218794.0,13910571.0,17566625.0,17065812.0,13819215.0,10172303.0,8133171.0,7955496.0,7742890.0,6139066.0,6348878.0,6755869.0,12270561.0,6472507.0,7294802.0,18619387.0,23330491.0,7721646.0,18224604.0,20651309.0,16449294.0,7870703.0,14184956.0,7449592.0,11628964.0,15143786.0,10339685.0,16741255.0,33.2614,0.07277,14670626.0,22.7736,0.046868,14011025.6,11.9229,0.021615,11670163.67,9.5429,0.015516,12152010.15,6.8734,0.011624,12423491.4,4.4821,0.007641
20261002,8070,長華*,1987144.0,885030.0,942453.0,667296.0,1577793.0,1029111.0,1792453.0,1358076.0,2481596.0,1868960.0,890121.0,878758.0,2255437.0,1242250.0,1251187.0,1221478.0,2123393.0,1655755.0,1640539.0,1829131.0,1705588.0,1384859.0,3101741.0,5604465.0,2041840.0,4085266.0,2059235.0,3019561.0,22770769.0,13023416.0,1271542.33,52.0927,0.008656,1211943.2,32.7927,0.005575,1458991.2,13.62,0.002571,1407177.67,9.4143,0.001846,1478898.05,6.7183,0.001383,2945823.37,2.2485,0.000909
20261002,8072,陞泰,129960.0,99062.0,99285.0,148699.0,740235.0,74535.0,74697.0,232728.0,893248.0,127078.0,633573.0,1107818.0,182196.0,52899.0,53957.0,65308.0,78181.0,93107.0,43561.0,127135.0,59473.0,100362.0,84087.0,117822.0,69184.0,120702.0,54001.0,53810.0,76514.0,71784.0,109435.67,39.5849,0.000566,243448.2,10.6766,0.000365,261952.7,4.9612,0.000168,309998.0,2.7949,0.000121,252863.1,2.5698,9e-05,195500.03,2.2159,5.9e-05
20261002,8081,致新,476238.0,411748.0,457504.0,360523.0,224628.0,184763.0,259181.0,174636.0,309905.0,350702.0,219443.0,149828.0,251738.0,253053.0,255703.0,223835.0,511500.0,316148.0,268723.0,383017.0,157883.0,306798.0,424074.0,415098.0,368438.0,588110.0,279929.0,463163.0,372767.0,409139.0,448496.67,35.3951,0.002075,386128.2,24.6674,0.001336,320982.8,14.8369,0.000616,289306.2,10.9743,0.000442,302140.8,7.8811,0.000331,327607.17,4.8456,0.000218
20261002,8101,華冠,8510.0,5605.0,9092.0,6828.0,6931.0,1314.0,11671.0,1469.0,1349.0,8120.0,3667.0,5909.0,2341.0,8320.0,1144.0,4079.0,4067.0,1003.0,7308.0,4061.0,1351.0,24781.0,1202.0,4481.0,9586.0,5212.0,16341.0,63302.0,37062.0,36695.0,7735.67,36.67,3.7e-05,7393.2,23.0212,2.4e-05,6088.9,13.9763,1.1e-05,5484.67,10.344,8e-06,5139.4,8.2792,6e-06,10093.37,2.8104,4e-06
20261002,8103,瀚荃,1955142.0,4022075.0,3891707.0,3898756.0,2944400.0,5647479.0,6183566.0,8348872.0,20154901.0,10401607.0,5849716.0,1820514.0,2666232.0,3454472.0,2321551.0,4299159.0,3392006.0,4391489.0,5723721.0,3928316.0,4586924.0,17338178.0,3561783.0,5176982.0,10582326.0,10909449.0,6471410.0,6918574.0,1654196.0,3721183.0,3289641.33,19.8111,0.008517,3342416.0,11.699,0.005485,6744850.5,2.8987,0.00253,5570732.67,2.3398,0.001816,5264784.05,1.8568,0.00136,5873889.53,1.1095,0.000894
20261002,8104,錸寶,183050.0,217875.0,654927.0,414116.0,189594.0,196245.0,319038.0,470558.0,1004807.0,279750.0,160175.0,290666.0,235573.0,146371.0,185788.0,173858.0,308823.0,187203.0,190480.0,267633.0,187001.0,220652.0,240534.0,277879.0,483692.0,274433.0,266970.0,190980.0,233254.0,270895.0,351950.67,17.3367,0.000797,331912.4,11.03,0.000514,392996.0,4.6578,0.000237,329902.2,3.6991,0.00017,303826.5,3.0124,0.000127,290760.67,2.0985,8.4e-05
20261002,8105,凌巨,2228765.0,6433836.0,8120178.0,988490.0,1003115.0,1428833.0,3509010.0,1752262.0,1194399.0,1274585.0,1147996.0,1668621.0,1108990.0,1339591.0,2200502.0,2079762.0,1837254.0,2555909.0,3908652.0,6185107.0,3694381.0,5818683.0,14084879.0,6433266.0,2454487.0,,,,,48154094.0,5594259.67,13.2801,0.009709,3754876.8,11.8713,0.006253,2793347.3,7.9788,0.002884,2359944.87,6.2961,0.00207,2598292.85,4.2889,0.001551,5100217.19,1.6807,0.001019
20261002,8110,華東,9920246.0,4341907.0,6104836.0,4399510.0,6592866.0,25500944.0,47786757.0,30985739.0,16536574.0,8718839.0,2378545.0,1901645.0,2663437.0,2307197.0,2448023.0,2197941.0,2739098.0,1900525.0,2324035.0,3128800.0,1967236.0,3156158.0,2514360.0,4242083.0,3269119.0,2747856.0,4629783.0,3645221.0,2716069.0,4989686.0,6788996.33,48.7075,0.043214,6271873.0,31.6341,0.027832,16088821.8,6.1659,0.012836,11505804.33,5.748,0.009214,9243873.2,5.3658,0.006903,7291834.5,4.5349,0.004537
20261002,8112,至上,5045893.0,5690582.0,5267062.0,3568622.0,2893819.0,3702383.0,6088483.0,3579738.0,4809582.0,5188936.0,4889102.0,3987720.0,4438980.0,6187886.0,5639452.0,21363125.0,5469272.0,4624442.0,5572317.0,9207939.0,6958592.0,5385732.0,5617523.0,8591880.0,6409744.0,8221408.0,18117535.0,9150843.0,8972080.0,11463283.0,5334512.33,31.5299,0.021981,4493195.6,22.4602,0.014157,4583510.0,11.0088,0.006529,4731882.67,7.1091,0.004687,5860766.75,4.3048,0.003511,6870131.83,2.4482,0.002308
20261002,8112A,至上甲特,11730.0,11807.0,8061.0,15732.0,7000.0,15465.0,14995.0,10634.0,19128.0,10800.0,14410.0,3385.0,17681.0,6398.0,8565.0,4292.0,9050.0,29723.0,6045.0,75977.0,4445.0,4389.0,4325.0,84133.0,112417.0,40100.0,22000.0,94266.0,85840.0,36934.0,10532.67,37.1226,5.1e-05,10866.0,21.5903,3.3e-05,12535.2,9.3576,1.5e-05,11719.4,6.6727,1.1e-05,15043.9,3.8986,8e-06,26324.23,1.4853,5e-06
20261002,8114,振樺電,135896.0,227586.0,291044.0,213036.0,228963.0,318439.0,312192.0,360055.0,325127.0,347672.0,316820.0,263909.0,282827.0,483677.0,318809.0,525861.0,1287310.0,562614.0,290290.0,639210.0,248339.0,326148.0,472904.0,324474.0,312112.0,309642.0,284069.0,288218.0,481719.0,879000.0,218175.33,20.7625,0.000592,219305.0,12.3933,0.000381,276001.0,4.9238,0.000176,295070.13,3.0704,0.000126,386566.85,1.7577,9.5e-05,388598.73,1.1657,6.2e-05
20261002,8131,福懋科,3629621.0,1213878.0,1896520.0,607921.0,792721.0,2122858.0,2568558.0,2714877.0,3628127.0,977299.0,741036.0,1423126.0,1369546.0,1652441.0,2036948.0,8925029.0,1898288.0,1190124.0,1123218.0,1739477.0,801443.0,1460699.0,1261988.0,2074654.0,1861963.0,1234008.0,1389618.0,987598.0,1544509.0,1870761.0,2246673.0,53.8518,0.015811,1628132.2,44.5863,0.010183,2015238.0,18.0109,0.004696,1825031.8,13.2587,0.003371,2112580.65,8.5905,0.002526,1891295.13,6.3971,0.00166
20261002,8150,南茂,99203568.0,72187178.0,78992086.0,53281367.0,83883329.0,116219432.0,130239665.0,63139168.0,41434324.0,15264426.0,8426884.0,11605119.0,10859992.0,22223021.0,11730848.0,38445198.0,13892407.0,17151866.0,17066972.0,23458442.0,18889803.0,49570952.0,15777775.0,22269102.0,16719361.0,32700202.0,14493308.0,10194701.0,18501550.0,28382010.0,83460944.0,39.6208,0.432145,77509505.6,25.5978,0.278327,75384454.3,13.1597,0.128359,54579360.47,12.1173,0.092142,46435264.6,10.6819,0.06903,38540135.2,8.5801,0.045375
20261002,8162,微矽電子-創,328373.0,422474.0,495524.0,412662.0,1079258.0,928659.0,149000.0,190408.0,111391.0,133620.0,21105.0,96728.0,99050.0,87496.0,78301.0,44692.0,194256.0,61644.0,54307.0,106107.0,104586.0,98639.0,113946.0,163081.0,207024.0,236766.0,92856.0,106566.0,161089.0,264327.0,415457.0,26.3463,0.00143,547658.2,11.9919,0.000921,425136.9,7.7239,0.000425,308936.6,7.0861,0.000305,254752.75,6.4449,0.000228,221464.5,4.9424,0.00015
20261002,8163,達方,963152.0,732384.0,670760.0,385982.0,579483.0,494225.0,640456.0,401670.0,669921.0,349519.0,478881.0,617702.0,357693.0,452194.0,641043.0,613078.0,926953.0,705155.0,536149.0,556145.0,563497.0,517830.0,472246.0,910913.0,502714.0,437076.0,267904.0,322895.0,456222.0,578000.0,788765.33,40.7029,0.004196,666352.2,28.9082,0.002702,588755.2,16.3591,0.001246,562337.67,11.4184,0.000895,588627.25,8.1813,0.00067,560061.4,5.7324,0.000441
20261002,8201,無敵,1540654.0,2774334.0,1763068.0,843746.0,421852.0,52272.0,43812.0,2687.0,52489.0,15845.0,8877.0,41242.0,31002.0,21010.0,111685.0,18018.0,11842.0,31175.0,26006.0,20662.0,5563.0,39351.0,22426.0,37236.0,39513.0,38316.0,13092.0,14310.0,36592.0,17014.0,2026018.67,25.3478,0.006711,1468730.8,20.9794,0.004322,751075.9,20.5126,0.001993,514971.67,19.9448,0.001431,391613.9,19.6706,0.001072,269856.37,19.0305,0.000705
20261002,8210,勤誠,1636063.0,2063602.0,4742387.0,1137156.0,554178.0,1253555.0,1083226.0,979590.0,1163708.0,882451.0,570341.0,852882.0,836211.0,751039.0,1276988.0,1442048.0,2470120.0,2294432.0,923601.0,992780.0,1561169.0,1623015.0,1151105.0,2248304.0,1671607.0,847542.0,995911.0,1079525.0,2094065.0,1699256.0,2814017.33,19.3799,0.007127,2026677.2,16.1453,0.00459,1549591.6,10.558,0.002117,1318891.8,8.2699,0.00152,1395317.9,5.8627,0.001138,1429261.9,3.8156,0.000748
20261002,8213,志超,416892.0,385406.0,1000110.0,529799.0,179430.0,166539.0,224149.0,339153.0,805791.0,173174.0,309655.0,268725.0,264147.0,500715.0,177166.0,184197.0,277278.0,261717.0,264499.0,482616.0,198805.0,470796.0,365110.0,221632.0,601733.0,227346.0,298627.0,234704.0,390262.0,401670.0,600802.67,23.1297,0.001816,502327.4,16.5984,0.00117,422044.3,9.8779,0.000539,382723.4,7.2619,0.000387,360557.9,5.7812,0.00029,354061.43,3.9249,0.000191
20261002,8215,明基材,1925721.0,2446726.0,4627241.0,1185197.0,1084525.0,2096658.0,12705569.0,7641871.0,6504404.0,3835092.0,3256276.0,316404.0,397110.0,501843.0,634182.0,409396.0,426607.0,410067.0,638897.0,1158678.0,1005327.0,501355.0,946273.0,1661988.0,611186.0,275858.0,267605.0,380139.0,269918.0,364377.0,2999896.0,21.3976,0.008389,2253882.0,17.088,0.005403,4405300.4,4.3714,0.002492,3277254.6,3.9173,0.001789,2610123.2,3.6889,0.00134,1949549.67,3.2926,0.000881
20261002,8222,寶一,210920.0,112361.0,250901.0,101144.0,95393.0,134983.0,191614.0,249503.0,210753.0,194183.0,199043.0,252099.0,259367.0,444313.0,764771.0,474899.0,313723.0,319589.0,406169.0,591216.0,328552.0,668463.0,553475.0,1627964.0,2502827.0,983389.0,396549.0,575360.0,924077.0,1327836.0,191394.0,36.734,0.000919,154143.8,27.3667,0.000592,175175.5,12.0405,0.000273,244756.53,5.745,0.000196,288847.2,3.6511,0.000147,522181.2,1.3464,9.6e-05
20261002,8249,菱光,464058.0,99799.0,218355.0,384513.0,66852.0,133972.0,82837.0,122454.0,214282.0,154044.0,138683.0,141470.0,83111.0,268236.0,408412.0,164559.0,162176.0,235646.0,268687.0,304794.0,269899.0,266325.0,96390.0,224806.0,162048.0,215985.0,106794.0,152243.0,196796.0,339325.0,260737.33,59.3264,0.002022,246715.4,37.6189,0.001302,194116.6,23.9061,0.0006,198738.53,15.5668,0.000431,205847.0,11.2719,0.000323,204918.37,7.5487,0.000212
20261002,8261,富鼎,5681906.0,3960633.0,1185324.0,1003785.0,2571057.0,3534255.0,2746376.0,1716225.0,5019570.0,2090294.0,2851869.0,1836022.0,2715820.0,1680219.0,2049028.0,1715914.0,4186344.0,3161086.0,3505933.0,3621186.0,1905117.0,2345742.0,2779027.0,11124188.0,4714352.0,6665018.0,2950727.0,2493487.0,11749118.0,13143315.0,3609287.67,52.4749,0.024751,2880541.0,39.4503,0.015941,2950942.5,19.2545,0.007352,2709492.2,13.9802,0.005277,2841642.3,9.9976,0.003954,3890097.9,4.8687,0.002599
20261002,8271,宇瞻,681048.0,696257.0,700298.0,564200.0,977099.0,1098294.0,1067905.0,904844.0,1188790.0,2162395.0,2217042.0,1043149.0,993657.0,1384179.0,2410888.0,1425181.0,1607586.0,1855792.0,1937182.0,3191252.0,1580182.0,2198827.0,2491844.0,4821273.0,3833131.0,2037831.0,8274468.0,7334224.0,2443973.0,2874908.0,692534.33,32.7805,0.002967,723780.4,18.8192,0.001911,1004113.0,6.7826,0.000881,1206003.0,3.7648,0.000633,1405351.9,2.4231,0.000474,2199923.3,1.0319,0.000312
20261002,8341,日友,112529.0,106612.0,159705.0,101431.0,104313.0,89431.0,126767.0,84393.0,154499.0,103438.0,93654.0,132619.0,278352.0,144361.0,180230.0,136516.0,238417.0,162170.0,158056.0,110856.0,86345.0,240660.0,238224.0,162725.0,159482.0,98678.0,149013.0,108668.0,143604.0,99224.0,126282.0,29.7031,0.00049,116918.0,19.2492,0.000316,114311.8,9.844,0.000146,131488.93,5.7054,0.000105,138917.45,4.0502,7.8e-05,142165.73,2.6384,5.1e-05
20261002,8367,建新國際,55146.0,13706.0,12141.0,7068.0,9000.0,26086.0,54101.0,17176.0,12998.0,22623.0,1079.0,7065.0,7138.0,47375.0,11079.0,6045.0,23885.0,8411.0,10062.0,18261.0,6263.0,14264.0,11341.0,13262.0,7218.0,9130.0,19218.0,49530.0,31617.0,42695.0,26997.67,68.0874,0.00024,19412.2,56.8158,0.000155,23004.5,23.9718,7.1e-05,20252.07,18.1532,5.1e-05,18522.25,14.8864,3.8e-05,19166.1,9.5909,2.5e-05
20261002,8374,羅昇,152048.0,116667.0,134980.0,105764.0,147506.0,121593.0,127134.0,196402.0,142564.0,121447.0,129123.0,124293.0,191303.0,200599.0,162101.0,228455.0,386493.0,1114276.0,300406.0,335822.0,368107.0,197771.0,188238.0,280266.0,460150.0,268464.0,240211.0,438190.0,570951.0,435902.0,134565.0,37.6641,0.000662,131393.0,23.144,0.000427,136610.5,11.13,0.000197,144901.6,6.9955,0.000141,226948.8,3.3498,0.000106,266240.87,1.9036,7e-05
20261002,8404,百和興業-KY,708954.0,316826.0,313492.0,378530.0,215582.0,232860.0,293678.0,132672.0,418762.0,385315.0,278687.0,427126.0,346241.0,803329.0,863977.0,814831.0,832347.0,517530.0,271052.0,269641.0,313971.0,268250.0,298878.0,133659.0,208116.0,144135.0,138677.0,399870.0,150550.0,147616.0,446424.0,52.9358,0.003088,386676.8,36.6691,0.001989,339667.1,20.872,0.000917,407735.4,11.5917,0.000658,441071.6,8.0367,0.000493,367505.13,6.4303,0.000324
20261002,8411,福貞-KY,241808.0,82100.0,347046.0,435221.0,238519.0,104097.0,101036.0,138578.0,99796.0,78072.0,56845.0,129927.0,164927.0,65791.0,27273.0,42581.0,60320.0,40915.0,45578.0,46039.0,81008.0,87342.0,103407.0,26926.0,42545.0,28948.0,22369.0,45677.0,34687.0,79519.0,223651.33,36.0394,0.001053,268938.8,17.9824,0.000678,186627.3,12.9567,0.000313,154069.07,10.4632,0.000225,127323.45,9.4958,0.000168,103296.57,7.803,0.000111
20261002,8422,可寧衛*,2992277.0,2860578.0,2700362.0,2697535.0,3243126.0,2412054.0,5860709.0,4346271.0,11558270.0,6767421.0,3346952.0,4672298.0,2808148.0,2447685.0,2931766.0,2939296.0,4435785.0,3685181.0,2983275.0,3790114.0,2432371.0,3772736.0,7483477.0,4376283.0,4251584.0,3728937.0,5444895.0,5906218.0,4460715.0,9577639.0,2851072.33,34.9842,0.013035,2898775.6,20.6451,0.008395,4543860.3,6.5853,0.003872,4109696.8,4.854,0.002779,3973955.15,3.7649,0.002082,4363798.6,2.2857,0.001369
20261002,8429,金麗-KY,126137.0,97112.0,263105.0,149803.0,91426.0,254652.0,174087.0,66820.0,121399.0,186234.0,95616.0,170626.0,78613.0,232330.0,109417.0,51712.0,179043.0,216748.0,71480.0,53016.0,110152.0,63219.0,77727.0,95672.0,125943.0,161940.0,62171.0,59172.0,98588.0,88038.0,162118.0,25.9352,0.000549,145516.6,17.3364,0.000354,153077.5,8.2401,0.000163,147825.13,5.6886,0.000117,139468.8,4.5221,8.8e-05,124399.93,3.3799,5.8e-05
20261002,8438,昶昕,900296.0,508451.0,431834.0,682528.0,998074.0,1526211.0,1068146.0,132639.0,547959.0,188127.0,161020.0,72393.0,63400.0,88635.0,89059.0,109779.0,99416.0,108946.0,184526.0,181071.0,182201.0,130634.0,211866.0,194538.0,389235.0,320841.0,63593.0,74462.0,169523.0,218362.0,613527.0,48.9137,0.003922,704236.6,25.568,0.002526,698426.5,12.8903,0.001165,497251.47,12.0703,0.000836,407125.5,11.0567,0.000626,336592.17,8.9158,0.000412
20261002,8442,威宏-KY,77554.0,22328.0,66431.0,39185.0,73000.0,54299.0,38846.0,40119.0,26433.0,25624.0,37552.0,48403.0,21000.0,19917.0,21220.0,37230.0,85027.0,42500.0,19966.0,25639.0,20994.0,54265.0,127504.0,71103.0,132185.0,336754.0,241919.0,221464.0,33035.0,45203.0,55437.67,46.6314,0.000338,55699.6,27.8472,0.000218,46381.9,16.7207,0.0001,40794.07,12.6741,7.2e-05,41113.65,9.4317,5.4e-05,70223.3,3.6813,3.5e-05
20261002,8443,阿瘦,36085.0,7906.0,45352.0,3566.0,8298.0,7939.0,18053.0,36067.0,25514.0,30029.0,30346.0,21244.0,755929.0,28175.0,30022.0,33361.0,10328.0,46590.0,31632.0,95548.0,3262.0,2366.0,8411.0,28510.0,38787.0,40480.0,7800.0,7940.0,13203.0,1367.0,29781.0,40.3893,0.000157,20241.4,35.6546,0.000101,21880.9,16.4916,4.7e-05,72301.67,3.3273,3.4e-05,65099.2,2.7715,2.5e-05,48470.33,2.4816,1.7e-05
20261002,8454,富邦媒,203142.0,233272.0,417352.0,339721.0,246679.0,314826.0,432051.0,350863.0,528415.0,353251.0,235747.0,335448.0,448426.0,674132.0,338663.0,300049.0,194492.0,309355.0,395847.0,459453.0,396645.0,275198.0,277751.0,308861.0,316108.0,402061.0,264721.0,493471.0,314966.0,438167.0,284588.67,23.7936,0.000885,288033.2,14.1055,0.00057,341957.2,5.9406,0.000263,363465.87,3.726,0.000189,355559.2,2.8567,0.000141,353304.43,1.9166,9.3e-05
20261002,8462,柏文,64969.0,122968.0,28747.0,55925.0,55682.0,89482.0,42570.0,19651.0,35184.0,44601.0,108937.0,43371.0,32033.0,175142.0,48832.0,33016.0,44886.0,112753.0,75398.0,115527.0,71422.0,65089.0,178350.0,164807.0,34482.0,48175.0,55750.0,39160.0,119475.0,85971.0,72228.0,29.9833,0.000283,65658.2,19.7901,0.000182,55977.9,11.6062,8.4e-05,64539.6,6.711,6e-05,67483.7,4.8137,4.5e-05,73745.17,2.9366,3e-05
20261002,8463,潤泰材,24018.0,17010.0,30140.0,101166.0,25500.0,85096.0,78374.0,29200.0,30997.0,169016.0,34155.0,17025.0,19012.0,13011.0,9050.0,15307.0,9471.0,39000.0,12510.0,18753.0,18000.0,40008.0,52007.0,33000.0,43082.0,26000.0,20218.0,32426.0,38094.0,31619.0,23722.67,33.7483,0.000105,39566.8,12.1405,6.7e-05,59051.7,4.0673,3.1e-05,45518.0,3.5177,2.2e-05,38890.55,3.0879,1.7e-05,37075.5,2.1594,1.1e-05
20261002,8464,億豐,158244.0,188926.0,349317.0,525038.0,172907.0,232233.0,388945.0,769961.0,1092920.0,488463.0,317533.0,318653.0,327377.0,340665.0,376982.0,197353.0,262648.0,330177.0,173096.0,126478.0,344160.0,306415.0,325804.0,406604.0,273829.0,397989.0,231887.0,291971.0,278438.0,353134.0,232162.33,22.7203,0.000689,278886.4,11.3483,0.000444,436695.4,3.6237,0.000205,403210.93,2.6164,0.000147,356895.8,2.2169,0.00011,344938.23,1.5292,7.2e-05
20261002,8466,美吉吉-KY,16014.0,15000.0,31241.0,33002.0,43346.0,50000.0,220100.0,178745.0,18102.0,44004.0,9000.0,6307.0,23000.0,27064.0,34643.0,65000.0,5835.0,13020.0,14295.0,7453.0,5002.0,30256.0,16353.0,22546.0,17227.0,36154.0,3300.0,8000.0,30112.0,25086.0,20751.67,25.7232,7e-05,27720.6,11.5539,4.5e-05,64955.4,2.4654,2.1e-05,49971.2,2.1364,1.5e-05,42758.55,1.8726,1.1e-05,34973.57,1.5263,7e-06
20261002,8467,波力-KY,14027.0,6320.0,7709.0,5340.0,3123.0,9427.0,4306.0,6372.0,6635.0,18886.0,23276.0,8260.0,14155.0,44569.0,3005.0,12167.0,9669.0,25021.0,24081.0,27157.0,13010.0,3053.0,10502.0,22132.0,9055.0,27129.0,8031.0,4050.0,9071.0,28487.0,9352.0,49.9964,6.1e-05,7303.8,38.4101,3.9e-05,8214.5,17.0759,1.8e-05,11694.0,7.9967,1.3e-05,13675.25,5.1286,1e-05,13600.83,3.4378,6e-06
20261002,8473,山林水,419346.0,391226.0,393467.0,286371.0,270278.0,295576.0,235850.0,336478.0,867777.0,1097260.0,603863.0,461515.0,334535.0,892140.0,193739.0,450764.0,1689140.0,1147278.0,691431.0,591596.0,404197.0,550993.0,310164.0,325499.0,523271.0,426538.0,998289.0,618612.0,374213.0,489250.0,401346.33,34.8283,0.001827,352137.6,23.8172,0.001177,459362.9,9.1289,0.000543,471961.4,5.9235,0.000389,582481.5,3.5997,0.000292,555688.53,2.5155,0.000192
20261002,8476,台境*,254033.0,256988.0,171300.0,247315.0,304998.0,89488.0,447248.0,214585.0,268321.0,256838.0,249048.0,232621.0,159610.0,174940.0,130365.0,190044.0,244094.0,522057.0,225236.0,183249.0,246544.0,253978.0,272033.0,232061.0,307817.0,288184.0,216416.0,110069.0,225092.0,443260.0,227440.33,37.2307,0.001107,246926.8,20.5756,0.000713,251111.4,10.1163,0.000329,230513.2,7.3469,0.000236,241118.9,5.2678,0.000177,247261.07,3.4246,0.000116
20261002,8478,東哥遊艇,57550.0,46001.0,60602.0,48714.0,67019.0,54191.0,93792.0,84078.0,88369.0,129096.0,34260.0,41040.0,48980.0,44366.0,49137.0,37663.0,28677.0,98090.0,64405.0,91994.0,98061.0,97545.0,131235.0,118766.0,72528.0,169652.0,66340.0,81494.0,150540.0,162999.0,54717.67,35.0588,0.000251,55977.2,20.5619,0.000161,72941.2,7.8899,7.4e-05,63146.33,6.0758,5.3e-05,63401.2,4.5386,4e-05,80572.8,2.3809,2.6e-05
20261002,8481,政伸,22030.0,9000.0,9000.0,23000.0,4094.0,6050.0,26108.0,17184.0,9051.0,5098.0,1262.0,2003.0,13050.0,10000.0,1024.0,5128.0,9830.0,19150.0,20068.0,15000.0,9093.0,6062.0,5206.0,3000.0,14000.0,9010.0,10050.0,5125.0,15200.0,45200.0,13343.33,55.0337,9.6e-05,13424.8,32.8199,6.2e-05,13061.5,16.8664,2.9e-05,10530.27,13.9471,2e-05,11356.5,9.6993,1.5e-05,11635.87,6.3109,1e-05
20261002,8482,商億-KY,7056.0,1000.0,6000.0,1000.0,2050.0,3057.0,1000.0,6089.0,24050.0,32050.0,5050.0,1150.0,4050.0,6080.0,2000.0,4119.0,3976.0,5007.0,13181.0,3050.0,17000.0,1199.0,7580.0,11071.0,9221.0,7070.0,6291.0,2919.0,5102.0,4010.0,4685.33,50.1992,3.1e-05,3421.2,41.2487,2e-05,8335.2,8.4653,9e-06,6778.8,6.9393,7e-06,6550.75,5.3856,5e-06,6749.27,3.4848,3e-06
20261002,8487,愛爾達-創,7453.0,27430.0,11006.0,15023.0,4769.0,7720.0,9898.0,10854.0,3335.0,22298.0,1339.0,7216.0,10025.0,2762.0,3104.0,3747.0,6339.0,17916.0,2295.0,9643.0,20040.0,8735.0,30901.0,10090.0,30290.0,2330.0,6464.0,10411.0,4506.0,15336.0,15296.33,16.2414,3.2e-05,13136.2,11.3473,2.1e-05,11978.6,6.2219,1e-05,9615.47,5.1674,7e-06,9208.6,4.0468,5e-06,10775.83,2.3055,3e-06
20261002,8488,吉源-KY,31000.0,13415.0,19078.0,8000.0,371009.0,354300.0,13011.0,29000.0,53000.0,59000.0,12180.0,21573.0,23270.0,33370.0,15107.0,28150.0,67869.0,366476.0,191213.0,341000.0,293000.0,6000.0,2000.0,14000.0,18000.0,6000.0,24000.0,24000.0,27000.0,325000.0,21164.33,48.8243,0.000135,88500.4,7.0056,8.7e-05,95081.3,3.2604,4e-05,70420.87,2.9347,2.9e-05,102551.05,1.5114,2.2e-05,93000.7,1.1111,1.4e-05
20261002,8499,鼎炫-KY,22201.0,8170.0,14215.0,17191.0,10354.0,12158.0,16786.0,14508.0,34572.0,38092.0,689.0,22406.0,27742.0,32565.0,5150.0,9101.0,18443.0,25100.0,5116.0,11092.0,19595.0,20224.0,68775.0,141400.0,104813.0,16644.0,1885.0,3171.0,11447.0,60298.0,14862.0,49.7937,9.7e-05,14426.2,30.7787,6.2e-05,18824.7,11.7935,2.9e-05,18453.27,8.0206,2.1e-05,17282.55,6.423,1.5e-05,26463.43,2.7964,1e-05
20261002,8926,台汽電,1416775.0,1154934.0,1978422.0,1273804.0,1170114.0,1476603.0,2112213.0,3221140.0,4102406.0,1987497.0,2432315.0,1459609.0,1956528.0,3258492.0,8631847.0,5880983.0,1903278.0,3270402.0,1959811.0,2059074.0,1266847.0,1394325.0,3842449.0,2194920.0,1588121.0,1628595.0,1802150.0,3056654.0,3134150.0,2376990.0,1516710.33,31.137,0.006172,1398809.8,20.2569,0.003975,1989390.8,7.1217,0.001833,2508846.6,3.7647,0.001316,2635312.35,2.6881,0.000986,2499714.93,1.8892,0.000648
20261002,8940,新天地,11406.0,11029.0,42047.0,13923.0,15223.0,29231.0,22372.0,23319.0,26017.0,28918.0,23206.0,27563.0,70158.0,39807.0,15327.0,25257.0,23639.0,154485.0,46954.0,47625.0,29265.0,75617.0,161046.0,96150.0,62294.0,23330.0,24763.0,21764.0,22872.0,33870.0,21494.0,17.6887,5e-05,18725.6,12.1823,3.2e-05,22348.5,5.1037,1.5e-05,26636.4,2.8547,1.1e-05,34875.3,1.6353,8e-06,41615.9,0.9136,5e-06
20261002,8996,高力,5868925.0,5416446.0,4880876.0,5083158.0,2887200.0,5776754.0,5780868.0,2063073.0,2477151.0,1360555.0,1197638.0,973745.0,6220878.0,5053896.0,4932329.0,6087009.0,4527634.0,8775069.0,5561008.0,4551450.0,4591240.0,2309421.0,3492957.0,4224888.0,6206231.0,3093732.0,3292497.0,1864549.0,2003400.0,2317449.0,5388749.0,36.3036,0.025566,4827321.0,24.3155,0.016466,4159500.6,14.1097,0.007594,3998232.8,9.7859,0.005451,4473783.1,6.5592,0.004084,4095734.2,4.7765,0.002684
20261002,9103,美德醫療-DR,350330.0,433054.0,369795.0,524463.0,265091.0,548866.0,384959.0,498380.0,463884.0,329692.0,301424.0,460315.0,529998.0,388501.0,822175.0,469787.0,362153.0,615462.0,451388.0,531523.0,339068.0,429422.0,472066.0,416710.0,495655.0,511129.0,915694.0,804677.0,664878.0,1014559.0,384393.0,30.3795,0.001526,388546.6,18.0328,0.000983,416851.4,8.4042,0.000453,444728.47,5.2516,0.000325,455062.0,3.8493,0.000244,505503.27,2.3101,0.00016
20261002,910322,康師傅-DR,38859.0,204.0,7436.0,1291.0,3050.0,12747.0,55714.0,28718.0,8088.0,9647.0,1431.0,38498.0,1429.0,7740.0,13228.0,23630.0,105.0,10588.0,5472.0,2290.0,25888.0,19304.0,9067.0,5114.0,555.0,35857.0,16440.0,31996.0,278100.0,125975.0,15499.67,83.5695,0.000169,10168.0,76.4339,0.000109,16575.4,23.4438,5e-05,15205.33,17.0374,3.6e-05,13508.25,14.3834,2.7e-05,27282.03,4.7478,1.8e-05
20261002,9105,泰金寶-DR,9479177.0,10908550.0,26440436.0,22593426.0,9537724.0,14360876.0,11697091.0,11038027.0,12668205.0,10456156.0,10939555.0,11512792.0,16196412.0,15246314.0,26344647.0,20965788.0,24981848.0,27003447.0,15263374.0,23859315.0,12542656.0,27454336.0,24519862.0,10340273.0,10748177.0,8703051.0,20277191.0,10950360.0,12036528.0,25110344.0,15609387.67,20.2425,0.041293,15791862.6,12.0051,0.026595,13917966.8,6.8107,0.012265,14627959.2,4.3201,0.008804,16574658.0,2.8595,0.006596,16472531.27,1.9182,0.004336
20261002,910861,神州-DR,345987.0,85000.0,99420.0,137019.0,244817.0,88499.0,124001.0,108870.0,86005.0,302479.0,123180.0,23000.0,96251.0,166384.0,96000.0,31002.0,221145.0,29900.0,69000.0,241000.0,42000.0,18000.0,75019.0,29012.0,25024.0,39021.0,59000.0,30200.0,13001.0,52000.0,176802.33,65.2305,0.001507,182448.6,37.9271,0.000971,162209.7,21.3296,0.000448,141794.13,16.2671,0.000321,135947.95,12.725,0.000241,103374.53,11.1564,0.000158
20261002,9110,越南控-DR,6000.0,7030.0,8005.0,13000.0,22000.0,34901.0,28042.0,83006.0,2495.0,2005.0,0.0,0.0,1005.0,6000.0,0.0,31001.0,5005.0,8000.0,41100.0,0.0,1100.0,7166.0,11001.0,9000.0,4000.0,23201.0,7000.0,0.0,19001.0,3000.0,7011.67,28.5239,2.6e-05,11207.0,10.7076,1.7e-05,20648.4,2.9058,8e-06,14232.6,2.8104,6e-06,14929.75,2.0094,4e-06,12768.8,1.5663,3e-06
20261002,911608,明輝-DR,19261.0,26233.0,55262.0,6178.0,1000.0,28000.0,122000.0,36000.0,16000.0,0.0,17000.0,1000.0,25000.0,15000.0,36000.0,42000.0,74000.0,38000.0,31066.0,37343.0,7396.0,15344.0,35177.0,26718.0,18000.0,9000.0,230.0,13000.0,11915.0,19228.0,33585.33,19.1165,8.4e-05,21586.8,17.8452,5.4e-05,30993.4,6.2145,2.5e-05,26928.93,4.7684,1.8e-05,31317.15,3.0752,1.3e-05,26078.37,2.4619,9e-06
20261002,911622,泰聚亨-DR,11300.0,0.0,10000.0,6000.0,6000.0,7000.0,22087.0,19000.0,8000.0,14000.0,5000.0,25000.0,7000.0,4000.0,0.0,7000.0,4000.0,1000.0,0.0,0.0,5000.0,7002.0,8000.0,1000.0,4000.0,2000.0,12012.0,20327.0,0.0,5000.0,7100.0,53.0516,4.9e-05,6660.0,33.9339,3.2e-05,10338.7,10.9298,1.5e-05,9625.8,7.8262,1e-05,7819.35,7.2257,8e-06,7357.6,5.1194,5e-06
20261002,911868,同方友友-DR,103753.0,116311.0,680308.0,88521.0,53203.0,210750.0,222034.0,81913.0,60021.0,27500.0,98005.0,207115.0,136850.0,186015.0,156191.0,479401.0,112222.0,367834.0,224300.0,161642.0,205643.0,320597.0,237039.0,127680.0,157467.0,218970.0,349200.0,271065.0,293115.0,182070.0,300124.0,11.5233,0.000452,208419.2,9.9562,0.000291,164431.4,6.3098,0.000134,161899.33,4.2723,9.6e-05,188694.45,2.7492,7.2e-05,204557.83,1.6907,4.7e-05
20261002,912000,晨訊科-DR,278000.0,112401.0,273598.0,298000.0,80120.0,202150.0,167000.0,578000.0,486500.0,257509.0,2429592.0,205000.0,179000.0,101000.0,90000.0,215100.0,69020.0,131000.0,71400.0,229419.0,112320.0,675516.0,335000.0,967119.0,1991000.0,1429277.0,152092.0,248000.0,111000.0,153000.0,221333.0,41.8675,0.001211,208423.8,26.6764,0.00078,273327.8,10.1709,0.00036,382524.67,4.845,0.000258,322690.45,4.3075,0.000193,420937.77,2.2014,0.000127
20261002,9136,巨騰-DR,307857.0,135856.0,177001.0,331515.0,172100.0,432275.0,372754.0,306761.0,230000.0,93000.0,189750.0,269288.0,113495.0,1524531.0,153100.0,113119.0,174060.0,93100.0,49000.0,79110.0,65300.0,174680.0,69552.0,242012.0,655405.0,204415.0,591060.0,185200.0,115380.0,417726.0,206904.67,49.5972,0.001341,224865.8,27.3814,0.000864,255911.9,12.0298,0.000398,320618.87,6.4013,0.000286,265883.6,5.7893,0.000214,267946.73,3.8298,0.000141
20261002,9802,鈺齊-KY,397916.0,565927.0,489032.0,372962.0,524913.0,294067.0,450390.0,587289.0,413805.0,375092.0,367752.0,450323.0,647825.0,1074213.0,1994740.0,703206.0,680120.0,424532.0,406124.0,673972.0,567785.0,530827.0,172324.0,300329.0,209516.0,479521.0,460760.0,371560.0,255487.0,714532.0,484291.67,27.3882,0.001733,470150.0,16.9272,0.001116,447139.3,8.8992,0.000515,600416.4,4.4182,0.00037,594710.0,3.3455,0.000277,531894.7,2.4937,0.000182
20261002,9902,台火,92177.0,158795.0,65224.0,106715.0,67252.0,54148.0,28681.0,63815.0,120147.0,164304.0,38749.0,59332.0,114844.0,99637.0,47249.0,244895.0,82107.0,160770.0,37564.0,89976.0,52065.0,70474.0,63405.0,94743.0,40000.0,45237.0,121777.0,84598.0,108135.0,48422.0,105398.67,29.1519,0.000402,98032.6,18.8054,0.000259,92125.8,10.0056,0.000119,85404.6,7.1953,8.6e-05,94819.05,4.8607,6.4e-05,87507.9,3.5112,4.2e-05
20261002,9904,寶成,8170592.0,8975716.0,8192793.0,8331264.0,8323733.0,10884657.0,6702241.0,9552021.0,19788623.0,14262042.0,12968117.0,6567302.0,7377138.0,9628628.0,16925885.0,10430519.0,6406499.0,7781808.0,5728739.0,8277870.0,8118564.0,6985448.0,19189197.0,22854095.0,11903265.0,17060789.0,10875120.0,14601292.0,17298721.0,18651326.0,8446367.0,32.245,0.035592,8398819.6,19.4565,0.022924,10318368.2,7.9185,0.010572,10443383.47,5.2158,0.007589,9763809.35,4.1841,0.005685,11427133.47,2.3834,0.003737
20261002,9905,大華,71310.0,43147.0,89183.0,62421.0,52579.0,61252.0,64258.0,143571.0,140262.0,138990.0,67732.0,203413.0,143130.0,121390.0,172194.0,97804.0,50251.0,89295.0,52824.0,75748.0,82114.0,213280.0,57050.0,65962.0,101483.0,93356.0,126584.0,138005.0,109120.0,103573.0,67880.0,35.0177,0.000311,63728.0,22.3795,0.0002,86697.3,8.2252,9.2e-05,104988.8,4.5281,6.6e-05,97037.7,3.6743,5e-05,101042.7,2.3525,3.3e-05
20261002,9906,欣巴巴,49406.0,37220.0,21351.0,54943.0,30191.0,48633.0,133941.0,341320.0,268632.0,73513.0,61558.0,93242.0,39757.0,40266.0,58953.0,51590.0,87948.0,99144.0,47379.0,107031.0,58755.0,34707.0,38972.0,6380.0,66361.0,58930.0,26731.0,46618.0,36936.0,40538.0,35992.33,45.756,0.000215,38622.2,25.5842,0.000139,105915.0,4.6647,6.4e-05,90195.07,3.6518,4.6e-05,87300.9,2.8296,3.4e-05,72031.53,2.2863,2.3e-05
20261002,9907,統一實,951733.0,677777.0,1106791.0,2608962.0,448732.0,582088.0,1386501.0,730293.0,1743527.0,1698985.0,848159.0,1312596.0,851983.0,1302316.0,836397.0,645806.0,451893.0,1269621.0,1115761.0,2101800.0,741981.0,1561800.0,2810250.0,1589549.0,5142968.0,1395396.0,809667.0,1721065.0,3009255.0,1226639.0,912100.33,34.7817,0.004146,1158799.0,16.4262,0.00267,1193538.9,7.974,0.001231,1139122.67,5.57,0.000884,1133586.05,4.1979,0.000662,1422676.37,2.2299,0.000435
20261002,9908,大台北,96958.0,67493.0,99014.0,105882.0,69417.0,81856.0,77014.0,156831.0,125160.0,152106.0,76784.0,90067.0,155746.0,91094.0,113907.0,106402.0,66716.0,281504.0,159230.0,80146.0,270894.0,142408.0,69386.0,90003.0,96785.0,158679.0,109779.0,123284.0,213705.0,93081.0,87821.67,36.8011,0.000422,87752.8,22.098,0.000272,103173.1,9.3976,0.000125,103955.27,6.2179,9e-05,112666.35,4.3029,6.7e-05,120711.03,2.6774,4.4e-05
20261002,9910,豐泰,899806.0,875341.0,604415.0,691928.0,643314.0,1710442.0,757311.0,676005.0,1626837.0,1077673.0,1620541.0,821779.0,513843.0,1161483.0,448248.0,1984433.0,3761722.0,1038117.0,801231.0,594929.0,1206143.0,719242.0,1385425.0,567602.0,573604.0,2367751.0,959792.0,841719.0,1448912.0,1639641.0,793187.33,37.8139,0.00392,742960.8,24.2222,0.002525,956307.2,9.4092,0.001164,941931.07,6.3685,0.000836,1115469.9,4.0333,0.000626,1133974.3,2.645,0.000412
20261002,9911,櫻花,164664.0,107539.0,180209.0,196240.0,152929.0,112947.0,217228.0,182722.0,221162.0,261066.0,157958.0,291881.0,153375.0,180485.0,131883.0,132988.0,142177.0,143886.0,623832.0,100452.0,406370.0,210994.0,195522.0,92417.0,140549.0,124486.0,140328.0,141105.0,227626.0,144798.0,150804.0,36.3969,0.000717,160316.2,20.5424,0.000462,179670.6,9.1648,0.000213,180819.2,6.071,0.000153,192781.15,4.2707,0.000115,189327.27,2.8991,7.5e-05
20261002,9912,偉聯,34375.0,12180.0,15869.0,12357.0,7731.0,33838.0,9079.0,35712.0,18988.0,14561.0,54131.0,23074.0,14318.0,54751.0,59539.0,80630.0,81330.0,61260.0,86338.0,75856.0,142007.0,205706.0,549941.0,1109845.0,484565.0,88226.0,13080.0,129884.0,53345.0,88959.0,20808.0,55.067,0.00015,16502.4,41.6606,9.6e-05,19469.0,17.6563,4.4e-05,26700.2,8.583,3.2e-05,39295.85,4.3739,2.4e-05,121715.83,0.9414,1.6e-05
20261002,9914,美利達,633839.0,789781.0,1937571.0,1913117.0,1734779.0,1635698.0,1356365.0,1000638.0,1808491.0,1187634.0,1374165.0,2615301.0,3490279.0,5894846.0,1165755.0,1270221.0,896379.0,1437081.0,916724.0,1505494.0,893896.0,1292370.0,1272068.0,1175841.0,1881597.0,2199108.0,2035903.0,2176501.0,6602643.0,1183670.0,1120397.0,18.8576,0.002761,1401817.4,9.0431,0.001778,1399791.3,4.5281,0.00082,1902550.6,2.221,0.000589,1728207.9,1.8338,0.000441,1842591.83,1.1466,0.00029
20261002,9917,中保科,305124.0,204764.0,321080.0,337338.0,96786.0,229677.0,349315.0,246930.0,727439.0,480653.0,391351.0,336597.0,287227.0,274676.0,267522.0,324933.0,260810.0,339043.0,277915.0,225552.0,318361.0,411541.0,858688.0,418212.0,313197.0,325272.0,154837.0,516025.0,237689.0,227513.0,276989.33,36.7191,0.001329,253018.4,24.1187,0.000856,329910.6,9.2487,0.000395,323765.27,6.2828,0.000283,314236.6,4.855,0.000212,335535.57,3.0312,0.00014
20261002,9918,欣天然,23039.0,11928.0,12142.0,14677.0,9760.0,35054.0,19010.0,6363.0,11303.0,52429.0,17343.0,38153.0,16252.0,24165.0,11363.0,10139.0,9138.0,14176.0,41513.0,1386.0,6002.0,22147.0,26111.0,11786.0,7148.0,56945.0,6604.0,8273.0,30872.0,8281.0,15703.0,48.9057,0.0001,14309.2,32.2017,6.5e-05,19570.5,11.7723,3e-05,20198.73,7.6041,2.1e-05,18966.65,6.0736,1.6e-05,18783.4,4.0885,1.1e-05
20261002,9919,康那香,140080.0,124594.0,171604.0,725134.0,437689.0,165723.0,168329.0,135375.0,85508.0,147213.0,119708.0,94790.0,63973.0,106397.0,125183.0,287202.0,196207.0,855123.0,225472.0,102878.0,61402.0,100076.0,144826.0,192636.0,215680.0,157898.0,198335.0,132612.0,210431.0,94989.0,145426.0,32.108,0.00061,319820.2,8.7599,0.000393,230124.9,6.0871,0.000181,187420.0,4.9827,0.00013,223909.1,3.1281,9.7e-05,199568.9,2.3397,6.4e-05
20261002,9921,巨大,1196095.0,1035498.0,1131060.0,1580527.0,646617.0,559589.0,796143.0,682782.0,5756054.0,1298284.0,1129238.0,1449432.0,2570098.0,5413165.0,1082790.0,1829124.0,1773467.0,1038267.0,1344515.0,904096.0,1047471.0,1286163.0,1628648.0,1963329.0,1583457.0,2256337.0,2801621.0,4662743.0,5510403.0,2787526.0,1120884.33,35.57,0.00521,1117959.4,21.3978,0.003356,1468264.9,8.1463,0.001548,1755158.13,4.5432,0.001111,1660842.05,3.6009,0.000832,1958151.3,2.0361,0.000547
20261002,9924,福興,34395.0,50617.0,111746.0,51682.0,39591.0,78871.0,158271.0,46508.0,126168.0,92108.0,66261.0,145334.0,111287.0,84985.0,72958.0,57221.0,120914.0,150650.0,74968.0,72535.0,131289.0,111553.0,98629.0,101965.0,55948.0,102127.0,149417.0,163804.0,295197.0,229361.0,65586.0,17.4809,0.00015,57606.2,11.9414,9.6e-05,78995.7,4.354,4.5e-05,84718.8,2.7066,3.2e-05,87353.5,1.9687,2.4e-05,106212.0,1.0794,1.6e-05
20261002,9925,新保,150998.0,319171.0,401737.0,581438.0,207382.0,295356.0,310576.0,362982.0,406383.0,366989.0,302737.0,274170.0,825476.0,384563.0,332518.0,289110.0,298228.0,766341.0,1248600.0,1318393.0,372130.0,1047958.0,10669918.0,1136450.0,1103928.0,569162.0,683364.0,1602527.0,615441.0,985234.0,290635.33,17.3182,0.000658,332145.2,9.0923,0.000424,340301.2,4.4372,0.000195,368165.07,2.7342,0.00014,472157.4,1.599,0.000105,940975.33,0.5349,6.9e-05
20261002,9926,新海,13769.0,9000.0,19672.0,12055.0,5536.0,3612.0,4942.0,8760.0,8154.0,10469.0,10243.0,7174.0,8338.0,9001.0,11023.0,10027.0,13000.0,34607.0,13120.0,9047.0,6183.0,30457.0,10056.0,7177.0,5024.0,35355.0,7131.0,14447.0,21296.0,23853.0,14147.0,32.4427,6e-05,12006.4,22.9361,3.9e-05,9596.9,14.3473,1.8e-05,9449.87,9.7137,1.3e-05,11077.45,6.2149,1e-05,12750.93,3.5995,6e-06
20261002,9927,泰銘,442219.0,748435.0,863826.0,448407.0,207769.0,94100.0,100273.0,132097.0,55516.0,53384.0,132614.0,79512.0,38347.0,65977.0,63795.0,117946.0,37426.0,76195.0,59528.0,105453.0,129016.0,88656.0,142173.0,54706.0,94761.0,50457.0,30175.0,33873.0,88693.0,77691.0,684826.67,21.5246,0.001926,542131.2,16.3141,0.001241,314602.6,14.0564,0.000572,235084.73,12.5407,0.000411,196140.95,11.273,0.000308,157100.67,9.3829,0.000202
20261002,9928,中視,14000.0,72144.0,31338.0,62990.0,40105.0,9177.0,19960.0,12159.0,67173.0,19502.0,80253.0,32000.0,53420.0,60036.0,56648.0,44516.0,59101.0,32166.0,39002.0,29516.0,64176.0,88976.0,33702.0,24462.0,46612.0,66193.0,99001.0,61000.0,30941.0,54429.0,39160.67,11.9167,6.1e-05,44115.4,6.347,3.9e-05,34854.8,4.0167,1.8e-05,42060.33,2.219,1.3e-05,41760.3,1.6762,1e-05,46823.27,0.9967,6e-06
20261002,9929,秋雨,3251.0,2503247.0,13001.0,6694.0,11145.0,4447.0,71307.0,33001.0,7000.0,4000.0,10100.0,10001.0,8000.0,1000.0,26401.0,17001.0,2183.0,13231.0,21050.0,61497.0,38162.0,17835.0,1805.0,11009.0,2413.0,7639.0,6000.0,4513.0,23152.0,3820.0,839833.0,0.129,1.4e-05,507467.6,0.1281,9e-06,265709.3,0.1224,4e-06,180839.67,0.1198,3e-06,141377.85,0.115,2e-06,98130.17,0.1104,1e-06
20261002,9930,中聯資源,99015.0,64546.0,207014.0,99688.0,125755.0,91040.0,137742.0,151501.0,108604.0,158323.0,105470.0,139278.0,180932.0,104736.0,172237.0,124388.0,77273.0,122846.0,81176.0,100253.0,55557.0,73872.0,78700.0,67708.0,88920.0,92475.0,68549.0,79183.0,76876.0,70415.0,123525.0,26.7193,0.000431,119203.6,16.6128,0.000278,124322.8,7.9643,0.000128,129725.4,5.0884,9.2e-05,122590.85,4.0384,6.9e-05,106802.4,3.0903,4.5e-05
20261002,9931,欣高,14335.0,5120.0,14641.0,22798.0,12246.0,3192.0,22411.0,3008.0,29103.0,30239.0,18151.0,3006.0,16100.0,13217.0,13228.0,31393.0,24519.0,45000.0,8639.0,10313.0,24602.0,9475.0,22077.0,35150.0,5922.0,30985.0,13742.0,14116.0,23313.0,22416.0,11365.33,42.0431,6.2e-05,13828.0,20.7333,4e-05,15709.3,9.1252,1.9e-05,14719.67,6.4924,1.3e-05,17032.95,4.208,1e-05,18081.9,2.6426,7e-06
20261002,9933,中鼎,21275998.0,3030280.0,1377637.0,1752598.0,1284584.0,942345.0,1235623.0,2115919.0,4724595.0,2251532.0,4281491.0,3421059.0,2058153.0,4303607.0,1603629.0,1720100.0,3250532.0,2634538.0,2456816.0,2016815.0,1346412.0,1977032.0,3317836.0,2924978.0,1413701.0,1221946.0,1350638.0,1480376.0,1470077.0,1838616.0,8561305.0,82.8378,0.092681,5744219.4,74.0779,0.059692,3999111.1,53.2018,0.027529,3710603.33,38.2256,0.019762,3386892.55,31.4093,0.014805,2869315.43,24.7167,0.009731
20261002,9934,成霖,338796.0,302566.0,418919.0,352758.0,176300.0,372731.0,523202.0,216811.0,885961.0,393847.0,441822.0,706017.0,778890.0,2192891.0,3035070.0,1278408.0,455589.0,945752.0,539581.0,492294.0,285903.0,500889.0,478867.0,1129752.0,440013.0,484191.0,1001584.0,806930.0,840435.0,557819.0,353427.0,31.9534,0.001476,317867.8,21.3168,0.000951,398189.1,8.5084,0.000438,742438.73,3.0422,0.000315,742410.25,2.2817,0.000236,712486.27,1.585,0.000155
20261002,9935,慶豐富,93268.0,140355.0,94453.0,209319.0,62149.0,210891.0,229109.0,117702.0,443513.0,160423.0,164539.0,261765.0,508673.0,1824504.0,193702.0,119514.0,75098.0,436363.0,159699.0,154494.0,135152.0,131792.0,377317.0,351560.0,698501.0,428338.0,191518.0,337768.0,251130.0,355936.0,109358.67,28.4288,0.000406,119908.8,15.5565,0.000262,176118.2,5.2958,0.000121,314291.0,1.9784,8.7e-05,282976.65,1.648,6.5e-05,297284.83,1.0458,4.3e-05
20261002,9937,全國,22201.0,14157.0,22000.0,30473.0,12004.0,11066.0,13428.0,20453.0,25017.0,21029.0,94210.0,138988.0,112149.0,90522.0,16192.0,17691.0,11923.0,54132.0,78151.0,19101.0,33902.0,31050.0,43053.0,13518.0,15767.0,27237.0,15231.0,12053.0,37002.0,52426.0,19452.67,38.0428,9.7e-05,20167.0,22.0172,6.2e-05,19182.8,11.5734,2.9e-05,42925.93,3.448,2.1e-05,41244.35,2.6914,1.5e-05,36870.87,2.0071,1e-05
20261002,9938,百和,391812.0,533525.0,497792.0,511066.0,694238.0,969822.0,891796.0,1060321.0,1438252.0,815942.0,866776.0,875487.0,1421848.0,2501545.0,1520204.0,1765373.0,1332660.0,999181.0,753669.0,725298.0,759816.0,983508.0,692105.0,775908.0,545928.0,749849.0,523144.0,954437.0,1245913.0,1435268.0,474376.33,27.5317,0.001707,525686.6,14.9067,0.001099,780456.6,5.0203,0.000507,999361.73,2.6137,0.000364,1028330.35,1.9051,0.000273,974416.1,1.3403,0.000179
20261002,9939,宏全,728621.0,798328.0,1079093.0,401073.0,312764.0,344698.0,779562.0,388371.0,638601.0,338344.0,268156.0,820511.0,779922.0,632517.0,723259.0,616599.0,699671.0,1255257.0,385249.0,334954.0,417291.0,600021.0,897195.0,844185.0,818500.0,505892.0,993158.0,1624832.0,1063567.0,1173528.0,868680.67,27.9589,0.003174,663975.8,21.9472,0.002044,580945.5,12.542,0.000943,602254.67,8.0655,0.000677,616277.5,5.9115,0.000507,708790.63,3.4266,0.000333
20261002,9940,信義,220102.0,150932.0,192092.0,417812.0,560778.0,413853.0,185883.0,542949.0,1282739.0,220290.0,176341.0,231983.0,479039.0,205197.0,139030.0,120414.0,209167.0,234786.0,254682.0,212712.0,226472.0,177523.0,518710.0,411371.0,176580.0,212345.0,163032.0,436257.0,267855.0,219281.0,187708.67,39.0857,0.000959,308343.2,14.2764,0.000618,418743.0,5.2563,0.000285,361268.0,4.0617,0.000204,322539.05,3.412,0.000153,308673.57,2.3769,0.000101
20261002,9941,裕融,1690865.0,1273517.0,838459.0,1151910.0,836717.0,886315.0,686487.0,571029.0,1385581.0,898461.0,1407033.0,428413.0,1560254.0,664359.0,600308.0,843177.0,657911.0,1199197.0,493562.0,880217.0,1895438.0,3991970.0,2276333.0,2751363.0,2195887.0,1425649.0,785831.0,1094535.0,792784.0,697723.0,1267613.67,44.4632,0.007366,1158293.6,29.1958,0.004744,1021934.1,16.5457,0.002188,991980.53,11.3636,0.001571,947688.6,8.921,0.001177,1228709.5,4.5871,0.000773
20261002,9941A,裕融甲特,11030.0,12792.0,4001.0,3000.0,8765.0,9044.0,21221.0,1000.0,9170.0,744.0,82300.0,1010.0,2000.0,0.0,8000.0,1582.0,14533.0,43360.0,32805.0,28819.0,99286.0,124939.0,27329.0,22901.0,8000.0,20110.0,24000.0,5050.0,8500.0,13000.0,9274.33,39.6435,4.8e-05,7917.6,27.862,3.1e-05,8076.7,13.6566,1.4e-05,11605.13,6.3363,1e-05,14758.8,3.7368,8e-06,21609.7,1.7014,5e-06
20261002,9942,茂順,29549.0,22539.0,39570.0,115960.0,43351.0,35407.0,30248.0,19997.0,90333.0,32099.0,41245.0,22482.0,45354.0,60403.0,66897.0,51435.0,61155.0,49298.0,45796.0,47840.0,25309.0,43598.0,79615.0,80288.0,174432.0,108069.0,36549.0,81574.0,55899.0,64458.0,30552.67,32.2383,0.000129,50193.8,11.774,8.3e-05,45905.3,6.4369,3.8e-05,46362.27,4.249,2.7e-05,47547.9,3.1073,2.1e-05,56691.63,1.7374,1.4e-05
20261002,9943,好樂迪,49836.0,18138.0,68891.0,80614.0,36502.0,35754.0,72928.0,36021.0,110585.0,72051.0,10745.0,31152.0,36361.0,63972.0,28957.0,77061.0,62298.0,64146.0,34463.0,52965.0,75667.0,22706.0,66232.0,45487.0,16808.0,44330.0,27093.0,48783.0,66790.0,37439.0,45621.67,36.4125,0.000217,50796.2,19.6219,0.00014,58132.0,8.5729,6.4e-05,50167.13,6.6227,4.6e-05,52172.0,4.7761,3.5e-05,49825.83,3.334,2.3e-05
20261002,9944,新麗,22193.0,26896.0,29624.0,32754.0,18641.0,29114.0,24168.0,23497.0,30634.0,41599.0,33513.0,28024.0,25136.0,41237.0,16569.0,24451.0,26418.0,39137.0,54895.0,52725.0,24769.0,36441.0,21215.0,25515.0,28860.0,23726.0,17371.0,24161.0,38653.0,36390.0,26237.67,28.1948,9.7e-05,26021.6,17.0574,6.2e-05,27912.0,7.9511,2.9e-05,28239.93,5.2392,2.1e-05,31061.25,3.5725,1.5e-05,29944.2,2.4705,1e-05
20261002,9945,潤泰新,3575449.0,3828692.0,4088023.0,7370448.0,13127733.0,8610289.0,5007814.0,4897359.0,11972321.0,10535444.0,4061805.0,3583516.0,2798187.0,5061036.0,2448901.0,3065040.0,2456877.0,5082933.0,3851767.0,4124099.0,3302368.0,4192254.0,4469745.0,10359933.0,5128610.0,4263893.0,9606216.0,8692959.0,7505342.0,11026940.0,3830721.33,31.1121,0.015575,6398069.0,11.1767,0.010031,7301357.2,4.897,0.004626,6064467.8,3.9305,0.003321,5477386.65,3.2638,0.002488,5936533.1,2.0076,0.001635
20261002,9946,三發地產,96165.0,136072.0,181251.0,232370.0,233111.0,138121.0,197476.0,537279.0,1087958.0,127552.0,160443.0,224867.0,182523.0,140921.0,230857.0,117318.0,309837.0,256081.0,225215.0,108883.0,168416.0,256569.0,530796.0,449160.0,735792.0,964482.0,746037.0,342268.0,226890.0,274221.0,137829.33,23.257,0.000419,175793.8,10.9407,0.00027,296735.5,3.2408,0.000124,260464.4,2.4614,8.9e-05,246215.0,1.9529,6.7e-05,320631.03,0.9997,4.4e-05
20261002,9955,佳龍,101426.0,115084.0,204353.0,378978.0,138353.0,147573.0,170629.0,131646.0,100816.0,94689.0,152169.0,107382.0,85646.0,211522.0,123055.0,153722.0,126904.0,229477.0,194070.0,210820.0,163192.0,133244.0,267178.0,154238.0,302934.0,299527.0,564824.0,237061.0,142961.0,225484.0,140287.67,24.0995,0.000442,187638.8,10.8108,0.000285,158354.7,6.405,0.000131,150888.07,4.4813,9.4e-05,158915.7,3.1912,7.1e-05,188965.23,1.7891,4.6e-05
20261002,9958,世紀鋼,634075.0,871632.0,763092.0,596425.0,930936.0,1038289.0,908665.0,1117456.0,2733414.0,2073073.0,5815544.0,1329255.0,867635.0,791712.0,579900.0,1259423.0,1441757.0,4682375.0,1659464.0,1656324.0,1247578.0,1612960.0,2142011.0,2521392.0,2064876.0,1084081.0,4841452.0,1346793.0,2358541.0,1815464.0,756266.33,27.9476,0.002762,759232.0,16.7031,0.001779,1166705.7,5.4347,0.00082,1403406.87,3.0121,0.000589,1587522.3,1.9971,0.000441,1759519.8,1.2012,0.00029
