
██████████████████████████████████████████████████████████████████████████████████████████████████████████████
  📅 天數組合: 30 日  →  輸出檔: s14_30.txt
██████████████████████████████████████████████████████████████████████████████████████████████████████████████

🔁 共執行 30 次，每次區間長度 31 個交易日

══════════════════════════════════════════════════════════════════════════════════════════════════════════════
  🔄 第  1/30 次  2026/08/17 ～ 2026/10/02
══════════════════════════════════════════════════════════════════════════════════════════════════════════════

==========================================================================================================================================================================
📊 ROI 每日報酬率累計排名 (2026/08/17 ~ 2026/10/02)
==========================================================================================================================================================================
    實資排名          累計天數排名  代號        名稱                 累計漲停(元)       累計跌停(元)       強度%  (08/17)開盤      最高      最低      收盤    (10/02)開盤      最高      最低      收盤      賺賠    賺賠率
--------------------------------------------------------------------------------------------------------------------------------------------------------------------------
       1              33  6226      光鼎                    0.00          0.00   100.00%     19.05    19.65    18.70    19.20       50.00    51.70    45.05    46.40    +27.20  +141.67%
       2              12  2033      佳大                    0.00          0.00    99.25%     23.00    23.60    21.75    21.95       51.20    51.20    51.20    51.20    +29.25  +133.26%
       3              31  2305      全友                    0.00          0.00    98.20%     30.15    30.15    28.15    28.55       59.70    61.60    55.80    60.20    +31.65  +110.86%
       4              56  6933      AMAX-KY             320.50        119.00    97.53%    188.00   193.50   182.00   192.00      394.00   413.00   378.00   379.00   +187.00   +97.40%
       5              22  3055      蔚華科                  91.50         11.00    96.90%    113.50   117.00   112.50   114.00      216.00   217.00   212.50   216.00   +102.00   +89.47%
       6              26  3094      聯傑                    0.00          0.00    96.84%     38.65    38.95    37.05    37.20       69.20    73.00    67.90    70.30    +33.10   +88.98%
       7              25  6168      宏齊                    0.00          0.00    96.54%     24.65    25.10    24.45    24.75       47.45    48.00    46.00    46.00    +21.25   +85.86%
       8              18  2030      彰源                    0.00          0.00    96.52%     20.55    21.00    20.50    20.55       38.15    39.20    37.95    38.40    +17.85   +86.86%
       9              20  1709      和益                    0.00          0.00    96.39%     30.90    33.35    30.55    32.75       55.50    58.50    54.70    58.50    +25.75   +78.63%
      10              17  6957      裕慶-KY               150.00          9.50    95.60%    218.50   220.00   215.50   218.00      375.00   389.00   366.00   377.00   +159.00   +72.94%
      11              61  3016      嘉晶                   74.50          0.00    95.48%    100.50   108.50    99.50   106.50      169.50   182.00   169.50   180.50    +74.00   +69.48%
      12             166  6225      天瀚                    0.00          0.00    95.04%     44.40    44.40    44.40    44.40       73.50    73.50    64.90    68.30    +23.90   +53.83%
      13              34  2466      冠西電                  23.50          0.00    94.58%     89.70    93.00    87.40    90.20      130.50   141.00   130.50   141.00    +50.80   +56.32%
      14              41  6672      騰輝電子-KY             183.50         45.00    94.52%    271.00   288.00   266.00   283.00      413.00   439.00   404.00   439.00   +156.00   +55.12%
      15             123  7799      禾榮科                 300.50        124.50    94.50%    367.00   367.50   350.00   350.00      558.00   561.00   535.00   543.00   +193.00   +55.14%
      16              37  3518      柏騰                    0.00          0.00    94.42%     28.30    28.85    27.90    28.60       41.00    44.35    40.15    44.35    +15.75   +55.07%
      17             281  4956      光鋐                    0.00          0.00    94.41%     29.95    31.45    29.75    30.80       47.25    48.25    46.15    46.40    +15.60   +50.65%
      18              53  3311      閎暉                    0.00          0.00    94.39%     32.55    32.55    31.85    32.05       48.25    49.65    48.15    49.65    +17.60   +54.91%
      19              59  6426      統新                  205.50         98.00    94.35%    219.00   240.00   218.00   239.50      350.50   373.00   344.50   361.50   +122.00   +50.94%
      20              99  8103      瀚荃                   32.50          0.00    94.34%     79.60    82.90    78.90    80.00      123.00   124.00   121.00   121.00    +41.00   +51.25%
      21              24  00715L    期街口布蘭特正2              0.00          0.00    94.19%     47.27    48.19    47.20    47.37       71.35    71.60    70.15    70.75    +23.38   +49.36%
      22              39  1727      中華化                  21.50          9.50    94.05%     80.00    82.60    80.00    82.60      111.00   123.00   111.00   123.00    +40.40   +48.91%
      23             211  2444      兆勁                    0.00          0.00    94.02%     11.25    11.25    10.75    11.05       15.00    16.50    14.70    16.50     +5.45   +49.32%
      24              19  6885      全福生技                  0.00          0.00    93.98%     20.25    20.55    20.25    20.35       31.70    31.85    30.40    30.40    +10.05   +49.39%
      25              83  2409      友達                    0.00          0.00    93.96%     26.00    27.40    25.80    27.25       38.75    40.85    38.65    40.45    +13.20   +48.44%
      26             821  2426      鼎元                   19.20          9.50    93.95%     66.40    73.20    66.00    73.20      103.00   108.00   102.00   104.00    +30.80   +42.08%
      27             608  3406      玉晶光                 708.00        476.00    93.77%    630.00   676.00   625.00   676.00      941.00   974.00   929.00   961.00   +285.00   +42.16%
      28             789  6533      晶心科                 174.50         28.00    93.76%    246.50   247.00   240.50   243.50      366.50   366.50   350.50   352.00   +108.50   +44.56%
      29             160  8201      無敵                    0.00          0.00    93.73%     11.85    11.85    11.45    11.70       17.55    17.80    17.00    17.10     +5.40   +46.15%
      30              57  6213      聯茂                  302.00        187.50    93.68%    475.50   491.50   466.00   481.00      646.00   700.00   639.00   683.00   +202.00   +42.00%
      31              74  2340      台亞                    0.00          0.00    93.67%     30.35    32.25    30.20    31.45       45.00    47.20    43.70    45.75    +14.30   +45.47%
      32              70  6861      睿生光電                136.50         77.50    93.59%    215.00   215.00   207.00   209.00      293.00   298.50   290.00   296.00    +87.00   +41.63%
      33             266  3167      大量                  678.00        480.00    93.57%    680.00   700.00   675.00   700.00      983.00  1005.00   948.00   981.00   +281.00   +40.14%
      34              32  4927      泰鼎-KY                 0.00          0.00    93.56%     33.00    34.50    33.00    33.55       44.50    48.15    44.40    48.15    +14.60   +43.52%
      35             307  3031      佰鴻                    0.00          0.00    93.45%     23.00    23.20    22.80    23.00       31.40    33.50    30.25    32.80     +9.80   +42.61%
      36              50  6505      台塑化                   0.00          0.00    93.33%     71.10    74.20    70.10    71.10       94.60   103.00    94.00   100.00    +28.90   +40.65%
      37              48  2455      全新                  252.00        158.50    93.27%    409.50   417.00   405.00   417.00      559.00   580.00   551.00   580.00   +163.00   +39.09%
      38             111  6456      GIS-KY                0.00          0.00    93.27%     66.60    66.80    64.40    66.50       89.10    94.00    87.00    92.90    +26.40   +39.70%
      39             967  3021      鴻名                    0.00          0.00    93.25%     20.30    20.65    20.25    20.40       28.05    28.45    27.95    28.20     +7.80   +38.24%
      40             101  8150      南茂                   21.50          0.00    93.20%     92.50    94.00    90.00    91.50      116.00   127.00   114.50   127.00    +35.50   +38.80%
==========================================================================================================================================================================
✅ 共 40 筆


══════════════════════════════════════════════════════════════════════════════════════════════════════════════
  🔄 第  2/30 次  2026/08/14 ～ 2026/10/01
══════════════════════════════════════════════════════════════════════════════════════════════════════════════

==========================================================================================================================================================================
📊 ROI 每日報酬率累計排名 (2026/08/14 ~ 2026/10/01)
==========================================================================================================================================================================
    實資排名          累計天數排名  代號        名稱                 累計漲停(元)       累計跌停(元)       強度%  (08/14)開盤      最高      最低      收盤    (10/01)開盤      最高      最低      收盤      賺賠    賺賠率
--------------------------------------------------------------------------------------------------------------------------------------------------------------------------
       1              22  6226      光鼎                    0.00          0.00   100.00%     19.70    19.75    19.05    19.05       44.55    48.00    44.55    48.00    +28.95  +151.97%
       2              28  2305      全友                    0.00          0.00    97.98%     31.55    31.70    29.10    29.35       65.30    65.30    61.90    61.90    +32.55  +110.90%
       3              31  6933      AMAX-KY             320.50        103.50    97.95%    197.50   197.50   186.50   188.50      370.00   404.50   369.50   394.50   +206.00  +109.28%
       4              14  2033      佳大                    0.00          0.00    97.64%     20.75    22.65    20.60    22.60       45.10    46.55    44.00    46.55    +23.95  +105.97%
       5              18  6168      宏齊                    0.00          0.00    96.74%     25.40    25.40    24.55    24.65       45.70    47.00    45.70    47.00    +22.35   +90.67%
       6              32  3055      蔚華科                  91.50         11.00    96.35%    117.50   119.50   114.00   116.00      208.00   212.00   202.00   210.00    +94.00   +81.03%
       7              20  2030      彰源                    0.00          0.00    96.27%     21.15    21.35    20.45    20.55       37.20    40.00    36.05    37.65    +17.10   +83.21%
       8              33  3094      聯傑                    0.00          0.00    96.23%     39.40    39.40    37.65    37.75       61.80    67.70    61.70    67.70    +29.95   +79.34%
       9              21  1709      和益                    0.00          0.00    96.15%     29.90    32.20    29.50    30.35       51.80    53.20    51.60    53.20    +22.85   +75.29%
      10             137  6225      天瀚                    0.00          0.00    95.92%     40.40    40.40    40.40    40.40       66.90    66.90    66.90    66.90    +26.50   +65.59%
      11              15  6957      裕慶-KY               150.00          9.50    95.83%    218.00   219.00   214.50   218.00      400.00   400.00   364.00   384.00   +166.00   +76.15%
      12              61  3016      嘉晶                   62.00          0.00    95.18%    106.00   106.00    99.90   102.50      169.00   169.00   162.50   168.00    +65.50   +63.90%
      13             743  2426      鼎元                   19.20          9.50    95.05%     69.30    69.50    65.80    66.60      106.50   111.50   102.00   103.00    +36.40   +54.65%
      14              99  4956      光鋐                    0.00          0.00    95.02%     31.85    31.85    30.00    30.00       46.50    49.60    46.20    47.25    +17.25   +57.50%
      15              47  8103      瀚荃                   32.50          0.00    94.90%     80.30    81.50    78.50    78.90      122.00   125.00   119.00   124.00    +45.10   +57.16%
      16             523  3406      玉晶光                 758.00        476.00    94.88%    623.00   642.00   608.00   615.00      885.00   973.00   871.00   950.00   +335.00   +54.47%
      17              58  6426      統新                  204.00         98.00    94.81%    224.00   227.00   218.00   219.00      343.00   345.50   330.00   339.50   +120.50   +55.02%
      18              16  6885      全福生技                  0.00          0.00    94.56%     20.50    20.80    20.25    20.30       31.70    32.15    31.15    31.50    +11.20   +55.17%
      19             109  7799      禾榮科                 300.50        129.50    94.42%    365.00   369.50   360.50   367.00      555.00   574.00   544.00   555.00   +188.00   +51.23%
      20              44  6672      騰輝電子-KY             163.00         45.00    94.34%    264.50   284.50   258.50   270.00      376.50   405.50   369.50   405.50   +135.50   +50.19%
      21              56  6141      柏承                    0.00          0.00    94.31%     36.15    36.90    34.55    35.00       51.80    53.40    50.80    52.20    +17.20   +49.14%
      22              36  1727      中華化                  10.50          9.50    94.28%     77.30    77.70    74.30    75.10      108.00   116.00   105.50   112.00    +36.90   +49.13%
      23             730  6533      晶心科                 174.50         13.50    94.27%    247.00   249.00   242.50   246.50      346.00   366.50   337.00   366.50   +120.00   +48.68%
      24              82  2409      友達                    0.00          0.00    94.17%     26.05    26.40    25.75    25.80       39.80    40.00    37.80    38.30    +12.50   +48.45%
      25             126  8201      無敵                    0.00          0.00    94.15%     11.80    11.95    11.80    11.85       17.60    17.65    16.10    17.65     +5.80   +48.95%
      26             190  3167      大量                  703.00        480.00    94.13%    695.00   695.00   673.00   675.00      908.00   975.00   908.00   975.00   +300.00   +44.44%
      27             108  3443      創意                 4465.00       2570.00    94.02%   5640.00  5830.00  5420.00  5465.00     8040.00  8100.00  7730.00  7900.00  +2435.00   +44.56%
      28              50  2455      全新                  255.50        158.50    93.92%    385.00   385.00   376.00   379.50      552.00   552.00   530.00   546.00   +166.50   +43.87%
      29              77  2340      台亞                    0.00          0.00    93.85%     31.70    31.70    30.05    30.35       40.80    44.70    40.25    43.85    +13.50   +44.48%
      30              37  2466      冠西電                  11.00          0.00    93.82%     93.10    93.50    88.50    89.70      128.00   136.00   127.00   128.50    +38.80   +43.26%
      31             117  3653      健策                 3970.00       2140.00    93.76%   4695.00  4860.00  4530.00  4855.00     6720.00  6895.00  6665.00  6875.00  +2020.00   +41.61%
      32              43  3518      柏騰                    0.00          0.00    93.72%     28.80    28.80    28.25    28.25       42.15    45.15    40.15    40.35    +12.10   +42.83%
      33             114  3311      閎暉                    0.00          0.00    93.51%     32.70    32.75    32.05    32.25       42.35    45.15    42.10    45.15    +12.90   +40.00%
      34            1021  3021      鴻名                    0.00          0.00    93.50%     20.60    20.70    20.35    20.45       28.45    29.15    28.10    28.15     +7.70   +37.65%
      35              24  3605      宏致                   53.00         48.50    93.49%    134.00   137.50   128.00   131.50      171.00   179.00   168.50   178.00    +46.50   +35.36%
      36              23  00715L    期街口布蘭特正2              0.00          0.00    93.48%     46.32    46.56    45.82    46.31       65.10    65.50    63.50    63.55    +17.24   +37.23%
      37             154  3008      大立光                4770.00       3480.00    93.45%   4700.00  4920.00  4590.00  4610.00     5950.00  6225.00  5740.00  6205.00  +1595.00   +34.60%
      38             180  6861      睿生光電                136.50         77.50    93.43%    223.50   226.50   213.00   215.00      317.50   324.50   288.00   292.00    +77.00   +35.81%
      39              42  1560      中砂                  445.00        204.00    93.43%    720.00   732.00   714.00   725.00      963.00  1015.00   963.00  1000.00   +275.00   +37.93%
      40              90  6213      聯茂                  261.00        187.50    93.31%    463.00   490.00   462.00   480.00      623.00   643.00   611.00   642.00   +162.00   +33.75%
==========================================================================================================================================================================
✅ 共 40 筆


══════════════════════════════════════════════════════════════════════════════════════════════════════════════
  🔄 第  3/30 次  2026/08/13 ～ 2026/09/30
══════════════════════════════════════════════════════════════════════════════════════════════════════════════

==========================================================================================================================================================================
📊 ROI 每日報酬率累計排名 (2026/08/13 ~ 2026/09/30)
==========================================================================================================================================================================
    實資排名          累計天數排名  代號        名稱                 累計漲停(元)       累計跌停(元)       強度%  (08/13)開盤      最高      最低      收盤    (09/30)開盤      最高      最低      收盤      賺賠    賺賠率
--------------------------------------------------------------------------------------------------------------------------------------------------------------------------
       1              33  6226      光鼎                    0.00          0.00   100.00%     20.45    20.90    19.50    19.60       45.55    45.70    44.40    45.10    +25.50  +130.10%
       2              23  2305      全友                    0.00          0.00    99.49%     27.95    30.55    27.95    30.55       70.00    72.50    66.40    68.70    +38.15  +124.88%
       3              14  2033      佳大                    0.00          0.00    98.52%     21.55    22.00    20.60    20.60       38.85    42.35    38.65    42.35    +21.75  +105.58%
       4              63  6933      AMAX-KY             297.00        103.50    97.77%    195.50   201.00   187.50   197.50      380.50   392.00   371.00   371.00   +173.50   +87.85%
       5              20  6168      宏齊                    0.00          0.00    97.03%     25.45    26.00    25.15    25.20       46.55    47.00    44.50    45.25    +20.05   +79.56%
       6              49  3055      蔚華科                  91.50         11.00    97.02%    119.00   128.00   118.50   118.50      201.00   211.00   195.00   209.50    +91.00   +76.79%
       7             136  6225      天瀚                    0.00          0.00    96.83%     36.75    36.75    36.75    36.75       60.10    60.90    60.10    60.90    +24.15   +65.71%
       8              15  6957      裕慶-KY               137.00          9.50    96.44%    218.00   220.50   215.50   216.50      365.00   371.00   356.00   371.00   +154.50   +71.36%
       9              26  2030      彰源                    0.00          0.00    96.35%     21.50    21.80    20.95    21.75       36.60    36.70    36.00    36.70    +14.95   +68.74%
      10              31  6426      統新                  204.00         98.00    95.99%    224.00   224.00   211.00   216.00      351.50   360.50   342.00   345.00   +129.00   +59.72%
      11              67  3016      嘉晶                   62.00          0.00    95.98%    106.00   111.00   103.50   104.00      170.00   172.50   165.00   169.00    +65.00   +62.50%
      12              21  1709      和益                    0.00          0.00    95.95%     28.50    30.80    28.15    30.65       44.10    48.40    44.00    48.40    +17.75   +57.91%
      13              74  3094      聯傑                    0.00          0.00    95.86%     37.15    39.55    36.90    38.80       62.10    62.50    59.00    61.60    +22.80   +58.76%
      14             787  2426      鼎元                   19.20          9.50    95.74%     69.30    74.50    68.10    68.60      100.50   107.50   100.00   104.00    +35.40   +51.60%
      15              86  8103      瀚荃                   32.50          0.00    95.42%     81.30    82.30    80.00    80.10      118.00   124.50   116.00   121.50    +41.40   +51.69%
      16             240  4956      光鋐                    0.00          0.00    95.39%     31.80    32.20    31.10    31.10       46.25    49.80    45.50    46.50    +15.40   +49.52%
      17              16  6885      全福生技                  0.00          0.00    95.27%     20.55    21.00    20.05    21.00       30.80    32.00    30.40    32.00    +11.00   +52.38%
      18              53  2409      友達                    0.00          0.00    95.14%     26.55    26.90    25.75    25.75       36.00    38.55    35.65    38.55    +12.80   +49.71%
      19             133  7799      禾榮科                 284.50        129.50    95.05%    365.00   368.50   359.00   365.00      509.00   539.00   503.00   539.00   +174.00   +47.67%
      20             105  3653      健策                 4115.00       2140.00    95.00%   4500.00  4670.00  4415.00  4635.00     6980.00  7080.00  6720.00  6800.00  +2165.00   +46.71%
      21              92  3443      創意                 4465.00       2505.00    94.94%   5260.00  5580.00  5230.00  5540.00     8090.00  8110.00  7860.00  8040.00  +2500.00   +45.13%
      22             878  3406      玉晶光                 698.00        490.00    94.86%    585.00   635.00   572.00   629.00      890.00   921.00   878.00   890.00   +261.00   +41.49%
      23              46  2455      全新                  255.50        158.50    94.79%    398.00   398.00   380.00   384.00      544.00   555.00   544.00   552.00   +168.00   +43.75%
      24             152  6861      睿生光電                136.50         56.00    94.74%    216.00   223.00   213.50   220.50      294.00   313.50   294.00   313.50    +93.00   +42.18%
      25              66  1727      中華化                  10.50          9.50    94.71%     79.60    80.80    76.20    76.40      117.00   117.00   108.00   109.00    +32.60   +42.67%
      26              32  3518      柏騰                    0.00          0.00    94.69%     28.15    28.90    27.90    28.50       40.50    41.10    40.05    41.10    +12.60   +44.21%
      27             131  6141      柏承                    0.00          0.00    94.68%     36.00    37.60    34.90    36.60       53.70    53.70    51.70    51.80    +15.20   +41.53%
      28             208  2444      兆勁                    0.00          0.00    94.58%     11.50    11.70    10.70    11.15       15.30    16.50    15.05    15.90     +4.75   +42.60%
      29              43  6672      騰輝電子-KY             126.50         45.00    94.43%    269.50   272.50   260.00   264.50      337.50   369.00   335.50   369.00   +104.50   +39.51%
      30              36  6505      台塑化                   0.00          0.00    94.37%     70.60    71.10    69.60    69.80       94.00    98.60    93.00    97.30    +27.50   +39.40%
      31            1009  3021      鴻名                    0.00          0.00    94.29%     21.85    21.95    20.80    20.85       30.90    31.00    28.00    28.45     +7.60   +36.45%
      32              71  2241      艾姆勒                   0.00          0.00    94.28%     33.35    34.05    33.10    33.30       43.50    47.90    43.45    46.15    +12.85   +38.59%
      33              91  1303      南亞                  102.00         63.00    94.25%    191.00   195.00   184.00   189.00      250.50   265.00   245.50   255.50    +66.50   +35.19%
      34             336  6805      富世達                1555.00       1115.00    94.25%   1850.00  1915.00  1825.00  1830.00     2580.00  2720.00  2440.00  2455.00   +625.00   +34.15%
      35              59  3532      台勝科                 215.00         62.50    94.22%    334.50   343.00   320.50   343.00      459.50   488.50   453.00   471.00   +128.00   +37.32%
      36             110  6456      GIS-KY                0.00          0.00    94.19%     68.60    69.10    66.80    67.30       91.50    95.70    89.50    92.00    +24.70   +36.70%
      37              41  1560      中砂                  426.00        204.00    94.17%    729.00   738.00   705.00   707.00      958.00   971.00   953.00   963.00   +256.00   +36.21%
      38              93  6213      聯茂                  253.00        187.50    94.11%    469.00   470.00   448.00   469.00      624.00   649.00   622.00   623.00   +154.00   +32.84%
      39              81  2466      冠西電                  11.00          0.00    94.06%     94.20    95.30    92.60    92.60      115.00   124.50   115.00   124.50    +31.90   +34.45%
      40             969  6533      晶心科                 141.50         13.50    94.03%    252.50   254.00   249.00   249.50      316.00   333.50   301.00   333.50    +84.00   +33.67%
==========================================================================================================================================================================
✅ 共 40 筆


══════════════════════════════════════════════════════════════════════════════════════════════════════════════
  🔄 第  4/30 次  2026/08/12 ～ 2026/09/29
══════════════════════════════════════════════════════════════════════════════════════════════════════════════

==========================================================================================================================================================================
📊 ROI 每日報酬率累計排名 (2026/08/12 ~ 2026/09/29)
==========================================================================================================================================================================
    實資排名          累計天數排名  代號        名稱                 累計漲停(元)       累計跌停(元)       強度%  (08/12)開盤      最高      最低      收盤    (09/29)開盤      最高      最低      收盤      賺賠    賺賠率
--------------------------------------------------------------------------------------------------------------------------------------------------------------------------
       1              17  2305      全友                    0.00          0.00   100.00%     27.25    28.25    27.00    27.80       61.70    69.10    61.10    69.10    +41.30  +148.56%
       2              35  6226      光鼎                    0.00          0.00    99.28%     20.85    20.90    20.10    20.30       44.25    45.55    43.45    45.55    +25.25  +124.38%
       3              34  6933      AMAX-KY             297.00        103.50    97.82%    189.50   197.00   184.00   194.00      385.50   395.00   375.50   378.00   +184.00   +94.85%
       4              21  6168      宏齊                    0.00          0.00    96.84%     24.60    25.80    24.60    25.10       44.40    45.55    44.30    45.20    +20.10   +80.08%
       5              19  2033      佳大                    0.00          0.00    96.68%     20.75    22.00    20.55    22.00       36.80    39.95    36.50    38.50    +16.50   +75.00%
       6              52  3055      蔚華科                  91.50         11.00    96.65%    109.50   117.00   107.00   117.00      196.00   207.50   191.50   203.50    +86.50   +73.93%
       7             154  6225      天瀚                    0.00          0.00    96.62%     33.45    33.45    33.45    33.45       46.35    55.40    46.35    55.40    +21.95   +65.62%
       8              47  3016      嘉晶                   62.00          0.00    96.05%    102.50   109.00   102.50   104.00      165.00   176.00   161.50   172.50    +68.50   +65.87%
       9              73  3094      聯傑                    0.00          0.00    95.98%     37.30    38.00    36.60    36.70       53.00    59.70    52.70    59.70    +23.00   +62.67%
      10              32  6426      統新                  204.00         98.00    95.86%    233.00   233.00   220.00   222.00      381.50   388.50   350.50   354.00   +132.00   +59.46%
      11              25  1709      和益                    0.00          0.00    95.78%     27.45    28.30    27.05    28.00       43.50    44.95    43.20    44.00    +16.00   +57.14%
      12             695  3406      玉晶光                 749.00        490.00    95.57%    546.00   584.00   535.00   578.00      890.00   893.00   869.00   882.00   +304.00   +52.60%
      13              78  3443      創意                 4760.00       2505.00    95.51%   5025.00  5180.00  4945.00  5130.00     8410.00  8415.00  7925.00  7925.00  +2795.00   +54.48%
      14              20  3605      宏致                   65.00         36.50    95.47%    111.00   120.00   111.00   120.00      182.00   190.50   179.00   182.50    +62.50   +52.08%
      15              44  3653      健策                 4280.00       2045.00    95.43%   4125.00  4470.00  4125.00  4470.00     7000.00  7160.00  6850.00  6895.00  +2425.00   +54.25%
      16              36  2030      彰源                    0.00          0.00    95.38%     21.15    21.60    20.55    21.55       33.40    33.40    33.40    33.40    +11.85   +54.99%
      17              16  6957      裕慶-KY               103.50          9.50    95.31%    217.00   219.00   215.00   218.00      334.50   337.50   307.50   337.50   +119.50   +54.82%
      18             992  2426      鼎元                   19.20          9.50    95.22%     65.00    71.00    65.00    68.90       96.80   101.50    96.30    99.80    +30.90   +44.85%
      19              15  6885      全福生技                  0.00          0.00    95.14%     20.40    20.60    20.25    20.50       31.00    32.30    30.70    31.00    +10.50   +51.22%
      20              71  1727      中華化                  10.50          0.00    95.10%     77.00    82.30    76.60    79.30      113.00   122.00   104.00   118.50    +39.20   +49.43%
      21             432  4956      光鋐                    0.00          0.00    95.05%     30.70    31.70    30.70    31.70       43.55    46.20    43.50    46.00    +14.30   +45.11%
      22             209  8103      瀚荃                   32.50          0.00    94.89%     80.70    83.80    80.70    81.10      122.50   122.50   117.00   117.00    +35.90   +44.27%
      23              56  3532      台勝科                 229.00         62.50    94.83%    289.00   312.00   286.50   312.00      450.00   472.00   449.00   454.00   +142.00   +45.51%
      24             112  6141      柏承                    0.00          0.00    94.79%     35.35    37.10    35.00    36.90       52.60    53.30    51.30    52.90    +16.00   +43.36%
      25              65  2455      全新                  255.50        158.50    94.62%    372.00   388.00   372.00   384.50      543.00   550.00   540.00   543.00   +158.50   +41.22%
      26             951  3021      鴻名                    0.00          0.00    94.59%     21.15    21.50    21.00    21.05       29.40    29.60    28.70    29.60     +8.55   +40.62%
      27              29  00715L    期街口布蘭特正2              0.00          0.00    94.53%     48.67    49.20    48.55    48.63       66.60    67.95    66.25    67.90    +19.27   +39.63%
      28             244  6805      富世達                1555.00       1055.00    94.48%   1790.00  1860.00  1780.00  1835.00     2455.00  2550.00  2420.00  2515.00   +680.00   +37.06%
      29             704  8996      高力                 1130.00        780.00    94.42%   1070.00  1170.00  1065.00  1170.00     1505.00  1625.00  1480.00  1585.00   +415.00   +35.47%
      30             149  3167      大量                  615.00        464.00    94.28%    642.00   673.00   635.00   672.00      936.00   946.00   895.00   903.00   +231.00   +34.38%
      31              69  6213      聯茂                  253.00        187.50    94.21%    459.00   475.00   451.50   464.00      620.00   628.00   588.00   620.00   +156.00   +33.62%
      32             188  7799      禾榮科                 236.00        129.50    94.19%    365.00   371.00   361.50   362.00      496.00   510.00   490.00   490.50   +128.50   +35.50%
      33             166  6861      睿生光電                108.00         56.00    94.19%    216.50   221.50   212.00   212.00      271.00   288.00   270.50   285.00    +73.00   +34.43%
      34             136  3008      大立光                4510.00       3455.00    94.12%   4390.00  4685.00  4355.00  4585.00     6100.00  6205.00  5940.00  6020.00  +1435.00   +31.30%
      35              64  6505      台塑化                   0.00          0.00    94.06%     71.80    72.90    70.20    70.20       90.00    95.50    89.90    94.30    +24.10   +34.33%
      36             132  6224      聚鼎                    0.00          0.00    94.05%     59.70    62.50    59.10    61.20       82.20    82.20    79.40    81.20    +20.00   +32.68%
      37             312  3031      佰鴻                    0.00          0.00    94.01%     23.00    23.55    22.95    23.30       30.35    31.65    30.30    31.25     +7.95   +34.12%
      38             145  2409      友達                    0.00          0.00    94.01%     26.40    26.90    26.15    26.25       34.40    35.80    33.80    35.05     +8.80   +33.52%
      39             158  1303      南亞                  102.00         63.00    93.98%    195.00   197.50   187.00   189.00      236.00   248.00   235.50   247.00    +58.00   +30.69%
      40             252  2468      華經                    0.00          0.00    93.95%     34.65    35.00    34.65    34.75       46.85    46.85    45.25    46.05    +11.30   +32.52%
==========================================================================================================================================================================
✅ 共 40 筆


══════════════════════════════════════════════════════════════════════════════════════════════════════════════
  🔄 第  5/30 次  2026/08/11 ～ 2026/09/24
══════════════════════════════════════════════════════════════════════════════════════════════════════════════

==========================================================================================================================================================================
📊 ROI 每日報酬率累計排名 (2026/08/11 ~ 2026/09/24)
==========================================================================================================================================================================
    實資排名          累計天數排名  代號        名稱                 累計漲停(元)       累計跌停(元)       強度%  (08/11)開盤      最高      最低      收盤    (09/24)開盤      最高      最低      收盤      賺賠    賺賠率
--------------------------------------------------------------------------------------------------------------------------------------------------------------------------
       1              19  2305      全友                    0.00          0.00   100.00%     28.70    28.80    27.10    27.25       63.30    64.20    62.40    62.90    +35.65  +130.83%
       2              66  6226      光鼎                    0.00          0.00    99.68%     21.40    22.30    20.10    20.30       42.95    44.00    42.30    44.00    +23.70  +116.75%
       3              22  6933      AMAX-KY             297.00        103.50    98.98%    186.00   194.50   182.00   188.00      367.50   385.00   355.00   385.00   +197.00  +104.79%
       4              55  3055      蔚華科                 102.00         11.00    98.04%    120.00   121.00   103.00   106.50      201.50   208.00   195.50   199.00    +92.50   +86.85%
       5              18  2033      佳大                    0.00          0.00    97.60%     19.40    20.55    19.05    20.55       37.65    38.30    35.50    36.80    +16.25   +79.08%
       6              21  6426      統新                  204.00         63.00    97.54%    212.00   219.00   208.00   218.00      412.00   412.00   380.00   389.00   +171.00   +78.44%
       7              23  6168      宏齊                    0.00          0.00    97.47%     25.00    25.00    24.05    24.60       41.50    44.00    41.10    44.00    +19.40   +78.86%
       8             169  6225      天瀚                    0.00          0.00    97.31%     30.45    30.45    29.60    30.45       41.60    50.80    41.60    50.40    +19.95   +65.52%
       9              40  3443      創意                 4935.00       1905.00    97.17%   4630.00  4980.00  4615.00  4955.00     8300.00  8545.00  8205.00  8525.00  +3570.00   +72.05%
      10             359  3406      玉晶光                 789.00        471.00    97.13%    546.00   547.00   533.00   538.00      901.00   911.00   885.00   901.00   +363.00   +67.47%
      11              34  3653      健策                 4685.00       2020.00    97.07%   4165.00  4170.00  3895.00  4065.00     6560.00  6920.00  6215.00  6920.00  +2855.00   +70.23%
      12              15  3605      宏致                   65.00         36.50    96.95%    111.50   119.50   109.50   111.00      179.50   186.50   178.50   183.50    +72.50   +65.32%
      13              29  1709      和益                    0.00          0.00    96.57%     26.75    27.70    26.20    27.40       45.85    46.45    43.50    43.50    +16.10   +58.76%
      14              53  3532      台勝科                 257.00         62.50    96.38%    282.50   290.50   265.50   284.00      445.00   453.00   437.00   452.50   +168.50   +59.33%
      15              59  3016      嘉晶                   49.50          0.00    96.25%    106.00   107.50   101.50   101.50      147.50   160.00   147.00   160.00    +58.50   +57.64%
      16             977  2426      鼎元                   19.20          9.50    96.23%     67.00    68.10    64.70    64.70       97.80   101.00    96.50    96.90    +32.20   +49.77%
      17             122  8103      瀚荃                   32.50          0.00    96.14%     80.30    82.40    80.10    80.10      122.50   126.00   121.50   123.00    +42.90   +53.56%
      18              61  3167      大量                  652.00        418.00    95.94%    650.00   665.00   635.00   635.00      889.00   968.00   871.00   949.00   +314.00   +49.45%
      19              36  2455      全新                  272.50        147.50    95.91%    365.00   373.50   358.50   367.50      547.00   555.00   542.00   554.00   +186.50   +50.75%
      20             126  6141      柏承                    0.00          0.00    95.88%     35.30    35.30    33.90    34.65       51.70    52.70    50.80    51.80    +17.15   +49.49%
      21              82  1727      中華化                  10.50          0.00    95.87%     76.10    77.50    75.00    76.60      114.00   125.00   109.00   115.50    +38.90   +50.78%
      22              16  6885      全福生技                  0.00          0.00    95.83%     20.65    20.65    20.30    20.60       30.15    31.70    29.90    31.15    +10.55   +51.21%
      23             427  4956      光鋐                    0.00          0.00    95.73%     31.35    31.50    30.20    30.70       43.55    47.85    43.20    44.50    +13.80   +44.95%
      24             685  8996      高力                 1180.00        780.00    95.67%   1060.00  1080.00  1045.00  1065.00     1555.00  1560.00  1480.00  1530.00   +465.00   +43.66%
      25              57  3008      大立光                4740.00       3230.00    95.61%   4355.00  4420.00  4230.00  4355.00     6105.00  6310.00  6080.00  6245.00  +1890.00   +43.40%
      26             240  3094      聯傑                    0.00          0.00    95.53%     37.05    37.90    36.15    37.60       53.60    57.80    53.50    54.30    +16.70   +44.41%
      27             174  6805      富世達                1600.00       1040.00    95.44%   1725.00  1840.00  1725.00  1790.00     2570.00  2615.00  2505.00  2530.00   +740.00   +41.34%
      28              46  2030      彰源                    0.00          0.00    95.33%     21.40    21.90    20.65    21.15       28.10    30.40    27.90    30.40     +9.25   +43.74%
      29              39  1560      中砂                  467.00        210.00    95.25%    680.00   691.00   668.00   687.00      950.00   975.00   945.00   971.00   +284.00   +41.34%
      30              20  6957      裕慶-KY                73.00          9.50    95.19%    217.00   217.00   212.00   215.50      298.50   307.00   287.00   307.00    +91.50   +42.46%
      31             131  7799      禾榮科                 236.00        129.50    95.08%    355.50   360.00   347.00   359.00      523.00   525.00   480.00   498.00   +139.00   +38.72%
      32              74  6224      聚鼎                    0.00          0.00    95.06%     58.20    61.50    57.70    59.80       81.60    84.60    81.20    82.20    +22.40   +37.46%
      33              33  00715L    期街口布蘭特正2              0.00          0.00    95.02%     46.83    47.33    46.75    47.25       64.20    65.05    64.00    64.70    +17.45   +36.93%
      34             340  7711      永擎                  458.50        310.50    95.00%    445.50   445.50   404.00   407.00      543.00   548.00   535.00   542.00   +135.00   +33.17%
      35              43  6902      GOGOLOOK             41.00          0.00    94.94%    129.50   132.00   126.00   128.00      170.00   183.00   167.50   176.50    +48.50   +37.89%
      36             755  2434      統懋                    0.00          0.00    94.82%     50.50    50.80    48.20    49.00       66.10    66.70    64.50    65.20    +16.20   +33.06%
      37             148  6526      達發                  313.00        121.00    94.80%    620.00   632.00   612.00   620.00      845.00   862.00   818.00   840.00   +220.00   +35.48%
      38            1181  6830      汎銓                  274.50        168.50    94.80%    417.50   424.50   403.00   408.50      545.00   547.00   530.00   540.00   +131.50   +32.19%
      39             363  1528      恩德                    0.00          0.00    94.75%     19.00    19.40    18.85    19.00       25.45    26.80    25.10    25.45     +6.45   +33.95%
      40              86  6213      聯茂                  240.00        187.50    94.75%    427.50   452.00   395.50   452.00      595.00   595.00   592.00   595.00   +143.00   +31.64%
==========================================================================================================================================================================
✅ 共 40 筆


══════════════════════════════════════════════════════════════════════════════════════════════════════════════
  🔄 第  6/30 次  2026/08/10 ～ 2026/09/23
══════════════════════════════════════════════════════════════════════════════════════════════════════════════

==========================================================================================================================================================================
📊 ROI 每日報酬率累計排名 (2026/08/10 ~ 2026/09/23)
==========================================================================================================================================================================
    實資排名          累計天數排名  代號        名稱                 累計漲停(元)       累計跌停(元)       強度%  (08/10)開盤      最高      最低      收盤    (09/23)開盤      最高      最低      收盤      賺賠    賺賠率
--------------------------------------------------------------------------------------------------------------------------------------------------------------------------
       1              22  2305      全友                    0.00          0.00   100.00%     28.50    29.15    27.40    29.05       61.30    65.60    60.40    63.60    +34.55  +118.93%
       2             190  6226      光鼎                    0.00          0.00    99.39%     22.05    22.15    21.10    21.40       45.30    45.30    42.30    42.70    +21.30   +99.53%
       3              13  2033      佳大                    0.00          0.00    99.09%     17.00    18.70    17.00    18.70       39.70    40.25    36.20    37.30    +18.60   +99.47%
       4              25  6933      AMAX-KY             262.00        103.50    98.91%    180.50   180.50   180.50   180.50      320.00   350.00   320.00   350.00   +169.50   +93.91%
       5              33  3443      創意                 5220.00       1905.00    98.34%   4640.00  4815.00  4510.00  4530.00     8325.00  8540.00  8200.00  8385.00  +3855.00   +85.10%
       6              56  3055      蔚華科                 102.00         11.00    98.14%    105.50   113.50   104.00   113.50      206.50   226.00   200.50   203.50    +90.00   +79.30%
       7              19  6426      統新                  204.00         63.00    98.08%    209.50   225.00   207.00   217.50      359.00   391.50   357.00   391.50   +174.00   +80.00%
       8              21  1709      和益                    0.00          0.00    97.97%     28.30    28.55    27.00    27.30       47.50    50.50    45.50    48.30    +21.00   +76.92%
       9             185  6225      天瀚                    0.00          0.00    97.85%     26.85    28.50    26.85    27.70       46.20    46.20    46.20    46.20    +18.50   +66.79%
      10             410  3406      玉晶光                 789.00        471.00    97.49%    546.00   552.00   525.00   546.00      930.00   942.00   904.00   905.00   +359.00   +65.75%
      11              16  3605      宏致                   65.00         36.50    97.40%    108.50   110.50   103.00   109.00      174.50   188.50   174.50   180.00    +71.00   +65.14%
      12              36  6168      宏齊                    0.00          0.00    97.14%     24.60    25.80    24.45    25.05       43.50    43.50    40.20    41.20    +16.15   +64.47%
      13              68  3532      台勝科                 257.00         62.50    96.71%    310.00   312.50   281.50   283.00      442.00   460.00   430.50   445.00   +162.00   +57.24%
      14              73  3653      健策                 4175.00       2090.00    96.63%   4470.00  4470.00  4050.00  4135.00     6005.00  6410.00  5930.00  6410.00  +2275.00   +55.02%
      15             113  8103      瀚荃                   32.50          0.00    96.60%     79.10    80.60    79.10    80.30      123.50   129.00   122.00   123.50    +43.20   +53.80%
      16              52  1727      中華化                  10.50          0.00    96.41%     73.40    77.00    73.40    76.50      105.00   116.50   103.00   116.50    +40.00   +52.29%
      17            1020  2426      鼎元                   19.20          9.50    96.37%     69.00    69.30    66.20    67.60       99.60   103.00    97.60    97.80    +30.20   +44.67%
      18              70  6805      富世達                1635.00        970.00    96.32%   1720.00  1825.00  1680.00  1755.00     2490.00  2750.00  2475.00  2600.00   +845.00   +48.15%
      19             141  6141      柏承                    0.00          0.00    96.31%     34.10    35.40    34.10    34.70       53.50    54.40    51.00    51.80    +17.10   +49.28%
      20             183  3094      聯傑                    0.00          0.00    96.15%     35.20    37.95    35.20    36.95       53.00    57.80    51.60    54.30    +17.35   +46.96%
      21              47  6224      聚鼎                    0.00          0.00    96.13%     55.50    56.80    55.50    56.00       81.30    82.80    81.10    82.20    +26.20   +46.79%
      22              61  7799      禾榮科                 236.00         96.50    96.13%    358.00   365.50   355.00   358.00      508.00   558.00   508.00   531.00   +173.00   +48.32%
      23             684  8996      高力                 1180.00        780.00    96.10%   1065.00  1110.00  1060.00  1075.00     1640.00  1640.00  1515.00  1540.00   +465.00   +43.26%
      24              20  6885      全福生技                  0.00          0.00    96.02%     21.10    21.10    20.40    20.55       30.30    31.05    29.30    30.25     +9.70   +47.20%
      25              64  2455      全新                  272.50        164.50    95.92%    382.00   392.00   376.00   384.50      541.00   552.00   535.00   552.00   +167.50   +43.56%
      26             115  3008      大立光                4685.00       3275.00    95.89%   4480.00  4565.00  4345.00  4400.00     6440.00  6470.00  6140.00  6190.00  +1790.00   +40.68%
      27             748  4956      光鋐                    0.00          0.00    95.77%     31.10    33.20    31.10    31.40       42.35    46.40    42.10    43.55    +12.15   +38.69%
      28              31  00715L    期街口布蘭特正2              0.00          0.00    95.74%     43.32    44.00    43.08    43.15       61.65    61.90    60.15    60.70    +17.55   +40.67%
      29              50  1560      中砂                  451.00        210.00    95.53%    680.00   704.00   680.00   688.00      955.00   992.00   947.00   955.00   +267.00   +38.81%
      30             274  7711      永擎                  458.50        310.50    95.51%    384.50   405.00   376.00   405.00      545.00   561.00   538.00   543.00   +138.00   +34.07%
      31             171  3167      大量                  593.00        438.00    95.49%    714.00   736.00   655.00   655.00      873.00   903.00   860.00   890.00   +235.00   +35.88%
      32              24  6957      裕慶-KY                61.50          9.50    95.34%    208.00   215.50   208.00   214.00      300.00   305.00   295.00   295.50    +81.50   +38.08%
      33             178  3016      嘉晶                   35.00          0.00    95.30%    100.50   107.50    99.00   107.00      145.00   145.50   141.50   145.50    +38.50   +35.98%
      34             277  1528      恩德                    0.00          0.00    95.27%     18.85    19.15    18.65    19.00       26.20    26.40    25.50    25.65     +6.65   +35.00%
      35             376  2351      順德                  107.50         28.00    95.24%    173.50   174.50   163.50   168.50      240.00   240.00   225.00   226.00    +57.50   +34.12%
      36              51  3044      健鼎                  181.00         60.50    95.21%    396.50   410.50   396.50   401.50      541.00   547.00   525.00   543.00   +141.50   +35.24%
      37              42  2030      彰源                    0.00          0.00    95.18%     20.45    20.45    20.15    20.45       27.60    29.95    26.35    27.65     +7.20   +35.21%
      38             547  3026      禾伸堂                 561.00        385.00    95.16%    555.00   588.00   551.00   588.00      791.00   803.00   760.00   768.00   +180.00   +30.61%
      39             296  6668      中揚光                   0.00          0.00    95.15%     34.55    35.50    34.35    35.25       48.95    49.45    46.65    46.95    +11.70   +33.19%
      40             214  6526      達發                  313.00        121.00    95.15%    634.00   639.00   627.00   627.00      777.00   840.00   761.00   840.00   +213.00   +33.97%
==========================================================================================================================================================================
✅ 共 40 筆


══════════════════════════════════════════════════════════════════════════════════════════════════════════════
  🔄 第  7/30 次  2026/08/07 ～ 2026/09/22
══════════════════════════════════════════════════════════════════════════════════════════════════════════════

==========================================================================================================================================================================
📊 ROI 每日報酬率累計排名 (2026/08/07 ~ 2026/09/22)
==========================================================================================================================================================================
    實資排名          累計天數排名  代號        名稱                 累計漲停(元)       累計跌停(元)       強度%  (08/07)開盤      最高      最低      收盤    (09/22)開盤      最高      最低      收盤      賺賠    賺賠率
--------------------------------------------------------------------------------------------------------------------------------------------------------------------------
       1              20  2305      全友                    0.00          0.00   100.00%     26.55    28.55    26.30    26.50       57.50    60.00    56.80    60.00    +33.50  +126.42%
       2              12  2033      佳大                    0.00          0.00    99.65%     16.10    17.10    16.10    17.00       35.00    37.30    34.60    37.30    +20.30  +119.41%
       3             183  6226      光鼎                    0.00          0.00    99.01%     22.75    23.80    21.75    22.05       44.95    44.95    43.50    44.20    +22.15  +100.45%
       4              66  6225      天瀚                    0.00          0.00    98.96%     26.90    27.70    25.80    25.95       51.30    51.30    51.30    51.30    +25.35   +97.69%
       5              29  3055      蔚華科                 112.00         11.00    98.71%    113.00   114.00   103.50   103.50      196.00   206.50   189.50   206.50   +103.00   +99.52%
       6              24  6933      AMAX-KY             246.50        103.50    98.42%    168.00   174.00   162.50   164.50      326.00   330.50   317.00   318.50   +154.00   +93.62%
       7              51  3443      創意                 5210.00       1920.00    97.77%   4505.00  4665.00  4415.00  4545.00     8370.00  8375.00  8370.00  8375.00  +3830.00   +84.27%
       8              21  6168      宏齊                    0.00          0.00    97.49%     24.80    25.00    23.95    24.20       45.00    45.60    42.10    44.00    +19.80   +81.82%
       9              19  6426      統新                  180.50         63.00    97.11%    191.50   205.50   189.50   205.50      378.00   379.50   350.50   356.00   +150.50   +73.24%
      10             351  3406      玉晶光                 789.00        453.00    97.08%    551.00   584.00   542.00   546.00      962.00   973.00   920.00   923.00   +377.00   +69.05%
      11              34  1709      和益                    0.00          0.00    96.71%     27.80    28.45    27.35    27.80       43.10    47.40    41.35    45.95    +18.15   +65.29%
      12              18  3605      宏致                   65.00         36.50    96.42%    108.00   113.00   104.50   107.50      177.00   177.00   165.00   171.50    +64.00   +59.53%
      13             371  8996      高力                 1210.00        665.00    96.34%   1080.00  1135.00  1040.00  1045.00     1520.00  1655.00  1490.00  1655.00   +610.00   +58.37%
      14             128  8103      瀚荃                   32.50          0.00    96.03%     84.50    84.50    78.60    78.70      130.50   130.50   121.50   122.50    +43.80   +55.65%
      15            1039  2426      鼎元                   19.20          9.50    95.72%     63.20    69.20    62.50    67.80      101.50   103.50    98.00    98.80    +31.00   +45.72%
      16              76  6805      富世達                1620.00        970.00    95.71%   1790.00  1825.00  1645.00  1670.00     2500.00  2565.00  2470.00  2500.00   +830.00   +49.70%
      17             188  3094      聯傑                    0.00          0.00    95.69%     35.30    35.80    34.70    34.85       56.20    56.20    52.50    52.60    +17.75   +50.93%
      18              63  2455      全新                  293.00        164.50    95.63%    378.00   388.00   358.50   364.00      570.00   570.00   537.00   547.00   +183.00   +50.27%
      19              26  00715L    期街口布蘭特正2              0.00          0.00    95.59%     42.25    43.55    42.25    43.02       63.60    64.55    63.40    64.55    +21.53   +50.05%
      20             185  6141      柏承                    0.00          0.00    95.56%     34.40    35.55    33.65    34.10       49.95    53.80    49.30    50.80    +16.70   +48.97%
      21              55  6224      聚鼎                    0.00          0.00    95.52%     56.50    56.60    54.70    55.00       90.20    90.30    80.70    81.80    +26.80   +48.73%
      22              75  3008      大立光                4700.00       3060.00    95.49%   4605.00  4625.00  4380.00  4385.00     6510.00  6750.00  6390.00  6405.00  +2020.00   +46.07%
      23             280  3026      禾伸堂                 614.00        373.00    95.48%    595.00   595.00   534.00   535.00      822.00   856.00   770.00   780.00   +245.00   +45.79%
      24              89  2409      友達                    0.00          0.00    95.45%     24.55    25.00    24.10    24.55       34.90    36.65    34.00    36.65    +12.10   +49.29%
      25             265  7711      永擎                  488.50        310.50    95.41%    397.50   397.50   370.50   375.00      552.00   555.00   534.00   537.00   +162.00   +43.20%
      26              58  1727      中華化                   0.00          0.00    95.30%     74.60    75.70    72.10    72.20      103.00   107.00    99.60   106.00    +33.80   +46.81%
      27              45  2030      彰源                    0.00          0.00    95.20%     18.00    18.60    18.00    18.60       24.30    27.25    24.30    27.25     +8.65   +46.51%
      28              47  1560      中砂                  477.00        210.00    95.07%    697.00   703.00   662.00   662.00      935.00   960.00   929.00   950.00   +288.00   +43.50%
      29             156  6668      中揚光                   0.00          0.00    95.06%     34.70    35.95    34.40    34.40       50.00    51.50    48.95    49.40    +15.00   +43.60%
      30              15  6957      裕慶-KY                61.50          9.50    95.06%    209.00   210.00   208.00   208.00      297.50   312.00   292.00   303.00    +95.00   +45.67%
      31             110  7799      禾榮科                 213.00         96.50    95.01%    361.00   363.00   353.50   355.00      522.00   534.00   503.00   508.00   +153.00   +43.10%
      32              48  6213      聯茂                  249.00        187.50    94.97%    384.50   401.00   366.00   389.00      545.00   574.00   539.00   543.00   +154.00   +39.59%
      33             157  1528      恩德                    0.00          0.00    94.88%     18.70    18.70    18.40    18.55       27.35    27.90    26.00    26.15     +7.60   +40.97%
      34             344  2351      順德                  107.50         15.50    94.85%    179.00   182.50   169.50   170.00      238.50   243.50   233.00   238.50    +68.50   +40.29%
      35            1090  6830      汎銓                  301.00        184.50    94.84%    418.00   425.00   390.50   398.00      565.00   575.00   543.00   547.00   +149.00   +37.44%
      36             195  3532      台勝科                 246.50         92.00    94.82%    316.00   316.00   308.00   312.50      447.00   459.50   431.50   434.50   +122.00   +39.04%
      37              32  6885      全福生技                  0.00          0.00    94.82%     20.85    21.20    20.85    21.10       31.15    31.15    29.00    29.70     +8.60   +40.76%
      38              70  6715      嘉基                  330.50        216.00    94.80%    358.50   363.00   332.50   333.50      451.50   469.50   445.00   451.50   +118.00   +35.38%
      39              36  6902      GOGOLOOK             41.00          0.00    94.78%    123.00   123.00   120.00   120.50      167.00   170.50   161.50   169.50    +49.00   +40.66%
      40             930  4956      光鋐                    0.00          0.00    94.76%     33.70    33.70    30.90    31.10       47.00    47.10    42.20    42.20    +11.10   +35.69%
==========================================================================================================================================================================
✅ 共 40 筆


══════════════════════════════════════════════════════════════════════════════════════════════════════════════
  🔄 第  8/30 次  2026/08/06 ～ 2026/09/21
══════════════════════════════════════════════════════════════════════════════════════════════════════════════

==========================================================================================================================================================================
📊 ROI 每日報酬率累計排名 (2026/08/06 ~ 2026/09/21)
==========================================================================================================================================================================
    實資排名          累計天數排名  代號        名稱                 累計漲停(元)       累計跌停(元)       強度%  (08/06)開盤      最高      最低      收盤    (09/21)開盤      最高      最低      收盤      賺賠    賺賠率
--------------------------------------------------------------------------------------------------------------------------------------------------------------------------
       1              30  6225      天瀚                    0.00          0.00   100.00%     26.70    26.75    24.55    25.20       57.90    60.10    55.60    56.90    +31.70  +125.79%
       2              26  2305      全友                    0.00          0.00    99.55%     26.45    26.45    26.45    26.45       59.10    61.90    55.50    58.80    +32.35  +122.31%
       3              12  2033      佳大                    0.00          0.00    98.80%     15.80    16.35    15.80    16.35       33.05    35.25    32.00    33.95    +17.60  +107.65%
       4             213  6226      光鼎                    0.00          0.00    98.47%     20.85    22.85    20.85    22.85       45.30    45.45    42.90    44.50    +21.65   +94.75%
       5              13  6426      統新                  199.00         45.00    98.34%    172.50   187.00   169.00   187.00      375.00   376.00   354.50   374.00   +187.00  +100.00%
       6              36  6933      AMAX-KY             246.50        103.50    97.86%    167.00   170.00   161.50   169.00      345.00   348.00   316.00   317.50   +148.50   +87.87%
       7             247  3406      玉晶光                 789.00        424.00    97.12%    530.00   552.00   529.00   547.00      973.00  1005.00   925.00   952.00   +405.00   +74.04%
       8              70  3055      蔚華科                  93.50         11.00    96.83%    109.00   114.00   109.00   110.50      168.00   188.00   167.00   188.00    +77.50   +70.14%
       9              42  6168      宏齊                    0.00          0.00    96.73%     25.20    25.20    23.95    24.70       41.45    42.70    41.40    42.70    +18.00   +72.87%
      10              60  3443      創意                 4515.00       1920.00    96.65%   4395.00  4550.00  4250.00  4480.00     7395.00  7755.00  7030.00  7615.00  +3135.00   +69.98%
      11              19  00715L    期街口布蘭特正2              0.00          0.00    96.58%     38.82    39.69    38.48    38.48       65.10    65.10    63.90    64.85    +26.37   +68.53%
      12             730  2426      鼎元                   19.20          9.50    96.19%     61.30    67.00    61.10    63.90      102.00   103.00    99.60    99.80    +35.90   +56.18%
      13             145  3094      聯傑                    0.00          0.00    95.97%     36.05    36.05    34.85    35.60       54.90    56.80    54.50    56.80    +21.20   +59.55%
      14              25  3605      宏致                   65.00         36.50    95.97%    102.50   111.50    98.00   108.00      154.00   169.00   151.00   169.00    +61.00   +56.48%
      15              52  6224      聚鼎                    0.00          0.00    95.85%     55.50    56.50    52.90    56.50       90.00    91.40    88.10    89.20    +32.70   +57.88%
      16              43  1709      和益                    0.00          0.00    95.84%     26.20    28.30    25.80    27.65       39.20    43.10    39.05    43.10    +15.45   +55.88%
      17             120  7711      永擎                  502.00        310.50    95.67%    361.50   361.50   361.50   361.50      576.00   576.00   535.00   544.00   +182.50   +50.48%
      18              55  2455      全新                  293.00        139.50    95.61%    384.00   402.00   365.50   372.00      571.00   590.00   545.00   572.00   +200.00   +53.76%
      19             121  8103      瀚荃                   32.50          0.00    95.56%     78.70    85.00    78.10    84.50      129.00   130.50   123.50   128.50    +44.00   +52.07%
      20             818  4956      光鋐                    0.00          0.00    95.43%     31.60    32.50    30.80    31.40       42.90    46.85    42.65    46.85    +15.45   +49.20%
      21              22  6885      全福生技                  0.00          0.00    95.20%     20.85    21.00    20.70    21.00       31.80    33.00    30.60    31.50    +10.50   +50.00%
      22              41  6213      聯茂                  263.00        187.50    95.08%    341.00   375.00   336.50   375.00      515.00   542.00   510.00   542.00   +167.00   +44.53%
      23             172  6706      惠特                   40.50          0.00    95.05%    114.50   115.50   109.00   112.00      150.00   164.00   150.00   164.00    +52.00   +46.43%
      24              75  7799      禾榮科                 213.00         82.50    94.98%    360.50   364.50   354.00   357.00      507.00   524.00   489.00   522.00   +165.00   +46.22%
      25              84  1528      恩德                    0.00          0.00    94.97%     18.50    18.60    17.95    18.55       25.55    27.05    25.35    27.05     +8.50   +45.82%
      26             296  6141      柏承                    0.00          0.00    94.86%     34.00    35.10    34.00    34.40       49.85    49.85    48.40    49.00    +14.60   +42.44%
      27             139  6668      中揚光                   0.00          0.00    94.77%     35.75    35.75    34.85    35.20       49.25    54.10    48.45    50.30    +15.10   +42.90%
      28             134  3008      大立光                4700.00       3300.00    94.71%   4525.00  4770.00  4515.00  4625.00     6465.00  6615.00  6305.00  6400.00  +1775.00   +38.38%
      29             154  3532      台勝科                 246.50         92.00    94.59%    301.00   316.50   300.00   316.00      450.50   452.00   432.50   440.00   +124.00   +39.24%
      30             188  6805      富世達                1535.00       1060.00    94.59%   1650.00  1760.00  1635.00  1760.00     2325.00  2445.00  2300.00  2415.00   +655.00   +37.22%
      31             107  2615      萬海                   11.00         11.50    94.50%     85.10    85.60    84.00    84.30      121.00   121.00   116.50   117.00    +32.70   +38.79%
      32             494  2351      順德                  107.50         15.50    94.43%    169.00   175.00   163.00   171.50      243.00   243.50   236.00   236.50    +65.00   +37.90%
      33             307  3026      禾伸堂                 614.00        420.00    94.39%    541.00   593.00   525.00   593.00      800.00   825.00   780.00   791.00   +198.00   +33.39%
      34             141  1727      中華化                   0.00          0.00    94.38%     73.60    75.00    71.50    75.00      107.00   109.50   100.50   103.00    +28.00   +37.33%
      35              38  2851      中再保                   0.00          0.00    94.37%     34.80    35.05    34.80    35.00       47.25    48.50    46.85    48.15    +13.15   +37.57%
      36             601  2489      瑞軒                    0.00          0.00    94.35%     33.05    33.05    30.50    31.70       44.50    45.50    42.55    43.00    +11.30   +35.65%
      37              50  2030      彰源                    0.00          0.00    94.33%     17.60    18.00    17.60    17.95       24.80    24.80    23.95    24.80     +6.85   +38.16%
      38             744  8996      高力                 1060.00        755.00    94.28%   1055.00  1135.00  1040.00  1135.00     1430.00  1520.00  1405.00  1505.00   +370.00   +32.60%
      39             144  1303      南亞                  101.00         63.00    94.27%    174.00   182.00   169.50   178.50      238.50   245.00   235.00   239.50    +61.00   +34.17%
      40              24  6957      裕慶-KY                48.50          9.50    94.27%    212.00   212.00   204.00   210.00      274.50   295.00   272.50   290.00    +80.00   +38.10%
==========================================================================================================================================================================
✅ 共 40 筆


══════════════════════════════════════════════════════════════════════════════════════════════════════════════
  🔄 第  9/30 次  2026/08/05 ～ 2026/09/18
══════════════════════════════════════════════════════════════════════════════════════════════════════════════

==========================================================================================================================================================================
📊 ROI 每日報酬率累計排名 (2026/08/05 ~ 2026/09/18)
==========================================================================================================================================================================
    實資排名          累計天數排名  代號        名稱                 累計漲停(元)       累計跌停(元)       強度%  (08/05)開盤      最高      最低      收盤    (09/18)開盤      最高      最低      收盤      賺賠    賺賠率
--------------------------------------------------------------------------------------------------------------------------------------------------------------------------
       1              19  6225      天瀚                    0.00          0.00   100.00%     24.00    24.85    24.00    24.35       62.80    62.80    60.00    60.00    +35.65  +146.41%
       2              74  6226      光鼎                    0.00          0.00    98.86%     22.40    22.95    20.80    20.80       44.05    48.00    42.30    45.70    +24.90  +119.71%
       3              15  6426      統新                  216.00         45.00    98.48%    179.50   186.50   168.00   170.00      381.50   385.00   365.00   373.50   +203.50  +119.71%
       4              13  2033      佳大                    0.00          0.00    98.14%     15.55    16.00    15.50    16.00       32.45    33.90    31.50    33.90    +17.90  +111.87%
       5              23  6933      AMAX-KY             246.50         79.00    97.94%    170.00   171.50   165.00   165.50      355.00   360.50   332.00   342.00   +176.50  +106.65%
       6              36  2305      全友                    0.00          0.00    97.68%     32.00    32.05    29.35    29.35       57.70    59.00    53.80    58.70    +29.35  +100.00%
       7             109  3406      玉晶光                 803.00        404.00    96.75%    512.00   538.00   508.00   533.00      996.00   999.00   955.00   972.00   +439.00   +82.36%
       8              48  7711      永擎                  534.50        284.50    96.28%    329.00   329.00   329.00   329.00      566.00   584.00   561.00   570.00   +241.00   +73.25%
       9              17  00715L    期街口布蘭特正2              0.00          0.00    96.00%     39.11    39.45    37.65    38.49       67.40    67.50    66.20    66.60    +28.11   +73.03%
      10             428  2426      鼎元                   19.20          9.50    95.80%     64.90    66.80    62.50    62.50       98.20   102.00    96.50   102.00    +39.50   +63.20%
      11              56  8103      瀚荃                   32.50          0.00    95.55%     77.20    79.90    76.90    78.70      127.00   130.50   122.50   129.50    +50.80   +64.55%
      12              67  3443      創意                 4140.00       1920.00    95.37%   4355.00  4515.00  4285.00  4390.00     6600.00  7150.00  6510.00  7150.00  +2760.00   +62.87%
      13              38  6224      聚鼎                    0.00          0.00    95.16%     57.50    57.70    55.30    55.70       88.80    90.00    87.00    89.20    +33.50   +60.14%
      14             148  3055      蔚華科                  76.50         11.00    94.85%    108.00   112.00   108.00   112.00      166.00   173.50   163.50   171.00    +59.00   +52.68%
      15              25  3605      宏致                   50.00         36.50    94.81%     93.20   101.50    92.00   101.50      149.50   154.00   142.00   154.00    +52.50   +51.72%
      16              82  6168      宏齊                    0.00          0.00    94.70%     25.00    25.80    24.85    25.20       37.15    38.85    35.85    38.85    +13.65   +54.17%
      17              44  1709      和益                    0.00          0.00    94.57%     25.45    26.80    25.20    26.20       41.85    42.00    38.70    39.20    +13.00   +49.62%
      18              40  6213      聯茂                  260.00        187.50    94.52%    324.00   341.00   320.50   341.00      503.00   525.00   501.00   505.00   +164.00   +48.09%
      19             152  3026      禾伸堂                 660.00        420.00    94.49%    525.00   547.00   520.00   547.00      791.00   811.00   766.00   797.00   +250.00   +45.70%
      20              18  6885      全福生技                  0.00          0.00    94.48%     20.75    20.90    20.65    20.85       29.80    31.60    29.05    31.60    +10.75   +51.56%
      21             102  3229      晟鈦                    0.00          0.00    94.47%     47.10    48.80    44.05    44.25       59.50    64.40    59.30    64.40    +20.15   +45.54%
      22             199  2491      吉祥全                   0.00          0.00    94.33%     29.05    29.05    29.05    29.05       40.60    42.50    40.60    41.30    +12.25   +42.17%
      23             174  6805      富世達                1575.00       1060.00    94.25%   1720.00  1725.00  1570.00  1600.00     2195.00  2295.00  2155.00  2295.00   +695.00   +43.44%
      24             126  2455      全新                  277.00        155.50    94.08%    388.00   388.00   382.50   388.00      545.00   563.00   520.00   556.00   +168.00   +43.30%
      25              78  3008      大立光                4750.00       3270.00    94.05%   4410.00  4730.00  4340.00  4575.00     6280.00  6500.00  6150.00  6430.00  +1855.00   +40.55%
      26             134  7788      松川精密                205.50         89.00    94.03%    208.00   215.00   205.50   210.00      290.50   304.00   290.50   297.00    +87.00   +41.43%
      27             299  3094      聯傑                    0.00          0.00    94.03%     37.35    37.75    36.05    36.05       48.80    51.70    48.60    51.70    +15.65   +43.41%
      28              68  1727      中華化                   0.00          0.00    93.99%     74.20    78.40    73.60    73.90      105.00   109.50   102.00   106.00    +32.10   +43.44%
      29             278  2351      順德                  107.50         15.50    93.96%    171.00   177.00   167.00   169.00      241.00   243.00   235.50   241.50    +72.50   +42.90%
      30             848  6830      汎銓                  321.50        201.50    93.93%    430.50   438.50   403.50   404.50      523.00   563.00   516.00   563.00   +158.50   +39.18%
      31             110  3532      台勝科                 246.50         92.00    93.93%    310.00   319.00   300.00   316.50      457.00   461.00   438.50   447.50   +131.00   +41.39%
      32             306  6141      柏承                    0.00          0.00    93.91%     34.80    36.70    34.45    35.45       50.00    50.80    49.05    49.85    +14.40   +40.62%
      33             741  8996      高力                 1085.00        755.00    93.91%   1050.00  1085.00  1030.00  1035.00     1350.00  1430.00  1330.00  1430.00   +395.00   +38.16%
      34              31  2030      彰源                    0.00          0.00    93.88%     17.15    17.45    17.10    17.40       23.75    24.95    23.45    24.95     +7.55   +43.39%
      35              87  2615      萬海                   11.00         11.50    93.84%     86.20    86.80    85.10    85.40      118.00   125.00   115.00   120.50    +35.10   +41.10%
      36             160  7799      禾榮科                 195.00         82.50    93.68%    360.00   364.00   356.50   361.50      513.00   524.00   488.00   504.00   +142.50   +39.42%
      37              34  6108      競國                    0.00          0.00    93.66%     17.35    17.45    17.05    17.40       24.20    24.55    23.70    24.10     +6.70   +38.51%
      38              43  4927      泰鼎-KY                 0.00          0.00    93.64%     32.20    32.45    31.45    31.90       43.85    44.25    42.80    44.25    +12.35   +38.71%
      39             265  6668      中揚光                   0.00          0.00    93.59%     35.55    36.10    35.25    35.70       45.90    49.25    44.40    49.25    +13.55   +37.96%
      40            1098  4956      光鋐                    0.00          0.00    93.54%     30.30    32.35    30.00    31.60       40.25    42.60    39.40    42.60    +11.00   +34.81%
==========================================================================================================================================================================
✅ 共 40 筆


══════════════════════════════════════════════════════════════════════════════════════════════════════════════
  🔄 第 10/30 次  2026/08/04 ～ 2026/09/17
══════════════════════════════════════════════════════════════════════════════════════════════════════════════

==========================================================================================================================================================================
📊 ROI 每日報酬率累計排名 (2026/08/04 ~ 2026/09/17)
==========================================================================================================================================================================
    實資排名          累計天數排名  代號        名稱                 累計漲停(元)       累計跌停(元)       強度%  (08/04)開盤      最高      最低      收盤    (09/17)開盤      最高      最低      收盤      賺賠    賺賠率
--------------------------------------------------------------------------------------------------------------------------------------------------------------------------
       1              15  6225      天瀚                    0.00          0.00   100.00%     24.50    24.50    22.60    22.60       59.20    63.00    58.90    60.20    +37.60  +166.37%
       2              17  6426      統新                  205.50         45.00    97.20%    161.50   173.50   160.00   173.50      357.50   363.00   356.00   363.00   +189.50  +109.22%
       3             191  6226      光鼎                    0.00          0.00    97.11%     22.20    22.80    21.30    22.00       43.85    43.85    42.15    43.85    +21.85   +99.32%
       4              23  6933      AMAX-KY             246.50         79.00    97.05%    151.50   169.00   151.50   169.00      324.00   345.50   316.50   345.50   +176.50  +104.44%
       5              14  2033      佳大                    0.00          0.00    96.53%     15.20    15.75    15.20    15.75       27.95    30.85    27.80    30.85    +15.10   +95.87%
       6              77  3406      玉晶光                 834.00        404.00    96.51%    486.50   507.00   486.00   502.00     1045.00  1045.00   947.00   965.00   +463.00   +92.23%
       7              36  7711      永擎                  564.00        284.50    96.40%    291.50   300.00   290.50   299.50      560.00   565.00   556.00   565.00   +265.50   +88.65%
       8              32  8103      瀚荃                   32.50          0.00    95.36%     73.90    75.70    73.00    75.70      120.00   132.00   119.00   132.00    +56.30   +74.37%
       9              90  2305      全友                    0.00          0.00    95.10%     31.65    33.20    31.45    32.60       52.80    54.30    52.80    54.30    +21.70   +66.56%
      10              27  1709      和益                    0.00          0.00    95.07%     22.95    25.20    22.65    25.20       40.80    42.95    39.10    42.95    +17.75   +70.44%
      11             488  2426      鼎元                   19.20          9.50    94.69%     58.00    60.80    54.70    60.80      101.50   103.50    95.60    96.00    +35.20   +57.89%
      12              34  6213      聯茂                  281.00        187.50    94.56%    290.00   313.00   289.00   310.00      548.00   548.00   495.00   495.00   +185.00   +59.68%
      13             150  3055      蔚華科                  76.50         11.00    94.45%     98.20   102.00    95.70   102.00      168.00   169.50   160.50   161.00    +59.00   +57.84%
      14             171  2491      吉祥全                   0.00          0.00    94.31%     24.10    26.45    23.70    26.45       40.35    41.00    40.05    40.30    +13.85   +52.36%
      15             147  3026      禾伸堂                 672.00        420.00    94.22%    479.50   505.00   479.50   498.00      778.00   822.00   758.00   760.00   +262.00   +52.61%
      16              76  3443      創意                 3735.00       1920.00    94.19%   4200.00  4335.00  4085.00  4145.00     6315.00  6610.00  6205.00  6500.00  +2355.00   +56.82%
      17              19  00715L    期街口布蘭特正2              0.00          0.00    94.14%     44.23    45.02    43.95    45.02       67.70    69.65    67.70    69.00    +23.98   +53.27%
      18              75  6224      聚鼎                    0.00          0.00    94.03%     54.00    56.00    53.10    56.00       88.50    90.20    86.50    86.50    +30.50   +54.46%
      19              28  3605      宏致                   36.00         36.50    94.01%     83.00    92.60    82.70    92.60      145.00   152.50   137.50   140.00    +47.40   +51.19%
      20             122  2455      全新                  290.00        155.50    93.90%    349.00   353.00   347.50   353.00      535.00   566.00   515.00   534.00   +181.00   +51.27%
      21              85  3532      台勝科                 271.50         92.00    93.89%    284.00   291.50   284.00   291.50      449.00   474.00   432.00   441.50   +150.00   +51.46%
      22             199  6141      柏承                    0.00          0.00    93.70%     30.40    33.40    30.15    33.40       50.60    51.40    48.50    49.50    +16.10   +48.20%
      23             541  2489      瑞軒                    0.00          0.00    93.39%     27.90    30.25    27.45    30.10       42.00    44.75    41.35    43.20    +13.10   +43.52%
      24              59  1727      中華化                   0.00          0.00    93.35%     70.30    72.40    69.80    72.40       98.70   105.00    97.70   105.00    +32.60   +45.03%
      25              25  6108      競國                    0.00          0.00    93.28%     16.75    17.10    16.70    16.90       23.20    25.15    23.20    24.30     +7.40   +43.79%
      26             280  2351      順德                  107.50         15.50    93.27%    156.50   168.00   155.00   165.50      238.50   240.50   235.00   238.00    +72.50   +43.81%
      27             149  7788      松川精密                195.50         89.00    93.24%    189.00   204.00   188.50   203.50      296.50   299.00   285.00   287.00    +83.50   +41.03%
      28             109  6168      宏齊                    0.00          0.00    93.24%     24.65    25.25    23.80    24.50       32.15    35.35    31.60    35.35    +10.85   +44.29%
      29             259  3167      大量                  610.00        460.00    93.18%    587.00   587.00   587.00   587.00      830.00   843.00   795.00   817.00   +230.00   +39.18%
      30              44  4927      泰鼎-KY                 0.00          0.00    93.17%     30.00    30.50    29.25    30.45       43.05    45.45    43.00    43.40    +12.95   +42.53%
      31              12  6949      沛爾生醫-創              510.00         59.00    93.16%    841.00   884.00   821.00   874.00       51.60    55.30    51.60    54.40   -819.60   -93.78%
      32              91  3008      大立光                4560.00       3270.00    93.12%   4030.00  4355.00  4010.00  4355.00     6360.00  6370.00  6020.00  6020.00  +1665.00   +38.23%
      33              26  6885      全福生技                  0.00          0.00    93.08%     20.85    20.90    20.50    20.70       27.20    29.65    27.20    29.50     +8.80   +42.51%
      34             129  7799      禾榮科                 195.00         82.50    93.07%    343.50   358.00   342.50   355.00      462.50   502.00   461.50   502.00   +147.00   +41.41%
      35              96  1303      南亞                  101.00         63.00    93.02%    165.00   179.00   164.50   170.50      228.00   239.50   226.50   236.00    +65.50   +38.42%
      36             108  2615      萬海                   11.00         11.50    93.01%     85.10    86.80    85.10    86.10      114.50   121.00   113.50   120.50    +34.40   +39.95%
      37             341  6706      惠特                   36.50          0.00    92.79%     98.60   106.00    97.90   106.00      148.00   160.00   140.50   145.00    +39.00   +36.79%
      38             175  3543      州巧                    0.00          0.00    92.72%     32.85    33.10    32.15    32.85       42.80    45.10    42.80    44.30    +11.45   +34.86%
      39              42  2030      彰源                    0.00          0.00    92.69%     16.80    17.10    16.75    17.10       22.60    23.55    22.60    23.50     +6.40   +37.43%
      40              47  2851      中再保                   0.00          0.00    92.65%     34.35    35.05    34.35    34.70       46.35    47.05    45.80    47.00    +12.30   +35.45%
==========================================================================================================================================================================
✅ 共 40 筆


══════════════════════════════════════════════════════════════════════════════════════════════════════════════
  🔄 第 11/30 次  2026/08/03 ～ 2026/09/16
══════════════════════════════════════════════════════════════════════════════════════════════════════════════

==========================================================================================================================================================================
📊 ROI 每日報酬率累計排名 (2026/08/03 ~ 2026/09/16)
==========================================================================================================================================================================
    實資排名          累計天數排名  代號        名稱                 累計漲停(元)       累計跌停(元)       強度%  (08/03)開盤      最高      最低      收盤    (09/16)開盤      最高      最低      收盤      賺賠    賺賠率
--------------------------------------------------------------------------------------------------------------------------------------------------------------------------
       1              18  6225      天瀚                    0.00          0.00   100.00%     22.20    24.65    22.20    23.10       64.00    64.00    59.90    60.40    +37.30  +161.47%
       2              35  3406      玉晶光                 848.00        364.00    97.37%    471.00   494.50   466.00   488.00      950.00  1005.00   941.00  1005.00   +517.00  +105.94%
       3              20  6426      統新                  188.00         45.00    97.36%    150.50   165.00   150.50   158.00      303.00   330.00   303.00   330.00   +172.00  +108.86%
       4              24  6933      AMAX-KY             230.50         79.00    97.22%    147.00   162.00   144.50   154.00      286.00   314.50   282.50   314.50   +160.50  +104.22%
       5             220  6226      光鼎                    0.00          0.00    96.51%     19.20    21.55    18.95    21.55       39.85    39.90    39.60    39.90    +18.35   +85.15%
       6              22  6213      聯茂                  302.00        132.50    96.45%    289.00   289.00   285.00   289.00      525.00   555.00   514.00   550.00   +261.00   +90.31%
       7             208  2426      鼎元                   19.20          9.50    96.23%     49.70    55.30    49.70    55.30       90.90    99.80    90.90    99.80    +44.50   +80.47%
       8              17  2033      佳大                    0.00          0.00    95.87%     15.25    15.50    15.00    15.50       26.00    28.05    25.80    28.05    +12.55   +80.97%
       9              42  7711      永擎                  513.00        284.50    95.79%    292.00   300.00   289.50   293.50      472.00   514.00   472.00   514.00   +220.50   +75.13%
      10              61  3055      蔚華科                  76.50         11.00    95.76%     87.80    95.00    87.80    93.10      161.00   167.00   158.00   164.00    +70.90   +76.15%
      11              80  2491      吉祥全                   0.00          0.00    95.53%     23.00    25.00    22.70    24.05       39.85    41.60    39.85    40.55    +16.50   +68.61%
      12              62  3026      禾伸堂                 710.50        408.00    95.38%    430.00   480.00   430.00   459.50      740.00   786.00   720.00   772.00   +312.50   +68.01%
      13              26  1709      和益                    0.00          0.00    95.23%     23.20    23.55    22.70    22.95       35.95    39.05    35.90    39.05    +16.10   +70.15%
      14              15  00715L    期街口布蘭特正2              0.00          0.00    95.18%     43.50    43.80    42.83    42.84       71.95    72.50    70.90    71.60    +28.76   +67.13%
      15              21  3605      宏致                   36.00         36.50    95.17%     78.60    86.50    78.10    84.20      130.00   140.00   129.00   140.00    +55.80   +66.27%
      16              52  3532      台勝科                 298.00         92.00    95.02%    254.00   276.00   254.00   265.00      409.00   447.00   409.00   440.00   +175.00   +66.04%
      17              93  6141      柏承                    0.00          0.00    94.93%     30.10    31.30    29.05    30.40       48.25    50.80    48.20    49.90    +19.50   +64.14%
      18              33  8103      瀚荃                   20.50          0.00    94.78%     71.60    75.30    71.60    73.90      114.50   124.00   113.50   120.00    +46.10   +62.38%
      19              34  6224      聚鼎                    0.00          0.00    94.77%     51.00    54.90    51.00    54.00       86.00    89.10    85.20    88.30    +34.30   +63.52%
      20             116  2455      全新                  303.00        155.50    94.69%    301.50   321.00   300.00   321.00      515.00   534.00   506.00   515.00   +194.00   +60.44%
      21              40  3008      大立光                4955.00       3065.00    94.61%   3970.00  4030.00  3910.00  3960.00     6160.00  6415.00  6150.00  6225.00  +2265.00   +57.20%
      22             113  2305      全友                    0.00          0.00    94.49%     31.20    33.00    30.15    31.95       44.50    49.40    44.10    49.40    +17.45   +54.62%
      23             117  3167      大量                  663.00        460.00    94.42%    513.00   534.00   513.00   534.00      810.00   832.00   805.00   824.00   +290.00   +54.31%
      24              66  7788      松川精密                206.50         89.00    94.15%    187.50   200.00   185.00   192.50      283.50   299.00   279.50   292.00    +99.50   +51.69%
      25             196  2351      順德                  107.50         15.50    93.93%    142.50   159.50   142.50   156.50      254.00   256.00   231.00   236.00    +79.50   +50.80%
      26             934  8039      台虹                  216.50        136.00    93.92%    170.50   190.50   168.50   190.50      277.50   278.00   271.00   275.50    +85.00   +44.62%
      27             155  6706      惠特                   36.50          0.00    93.88%     94.90   103.00    94.80    98.30      143.50   149.00   140.50   147.00    +48.70   +49.54%
      28             536  2489      瑞軒                    0.00          0.00    93.87%     26.65    28.10    26.30    27.90       37.80    41.25    37.60    41.25    +13.35   +47.85%
      29             153  3443      創意                 3405.00       1960.00    93.74%   4150.00  4185.00  4030.00  4185.00     6070.00  6295.00  6050.00  6170.00  +1985.00   +47.43%
      30             429  4977      眾達-KY                90.00          0.00    93.73%    117.00   125.50   116.00   121.50      163.00   176.50   162.50   176.50    +55.00   +45.27%
      31             128  3006      晶豪科                 163.00         80.50    93.45%    188.50   198.00   188.50   198.00      266.00   285.00   265.50   281.00    +83.00   +41.92%
      32              11  6949      沛爾生醫-創              540.00         59.00    93.44%    800.00   856.00   799.00   844.00       50.50    53.30    50.00    53.10   -790.90   -93.71%
      33              37  6672      騰輝電子-KY             107.00         34.50    93.40%    198.00   215.00   196.50   211.50      295.50   306.00   290.00   304.00    +92.50   +43.74%
      34             246  6805      富世達                1455.00       1060.00    93.34%   1340.00  1485.00  1340.00  1470.00     2035.00  2070.00  2010.00  2045.00   +575.00   +39.12%
      35             669  8996      高力                 1045.00        755.00    93.33%    889.00   940.00   888.00   940.00     1230.00  1300.00  1230.00  1300.00   +360.00   +38.30%
      36             714  6830      汎銓                  293.00        184.50    93.30%    353.00   380.50   348.50   380.50      533.00   567.00   525.00   529.00   +148.50   +39.03%
      37              51  4927      泰鼎-KY                 0.00          0.00    93.22%     28.70    30.75    28.50    30.25       40.05    43.20    40.05    42.60    +12.35   +40.83%
      38             276  2059      川湖                 8265.00       4390.00    93.20%   8380.00  8635.00  8165.00  8635.00    12040.00 12445.00 11800.00 12045.00  +3410.00   +39.49%
      39             266  3653      健策                 3685.00       2405.00    93.20%   3695.00  3785.00  3655.00  3770.00     5320.00  5540.00  5210.00  5240.00  +1470.00   +38.99%
      40              63  1528      恩德                    0.00          0.00    93.14%     17.25    17.80    17.00    17.75       24.80    26.30    24.60    24.95     +7.20   +40.56%
==========================================================================================================================================================================
✅ 共 40 筆


══════════════════════════════════════════════════════════════════════════════════════════════════════════════
  🔄 第 12/30 次  2026/07/31 ～ 2026/09/15
══════════════════════════════════════════════════════════════════════════════════════════════════════════════

==========================================================================================================================================================================
📊 ROI 每日報酬率累計排名 (2026/07/31 ~ 2026/09/15)
==========================================================================================================================================================================
    實資排名          累計天數排名  代號        名稱                 累計漲停(元)       累計跌停(元)       強度%  (07/31)開盤      最高      最低      收盤    (09/15)開盤      最高      最低      收盤      賺賠    賺賠率
--------------------------------------------------------------------------------------------------------------------------------------------------------------------------
       1              14  6225      天瀚                    0.00          0.00   100.00%     24.00    24.70    22.15    22.50       60.80    70.00    60.80    63.50    +41.00  +182.22%
       2              24  6213      聯茂                  297.00        132.50    96.12%    263.00   263.00   263.00   263.00      514.00   531.00   511.00   519.00   +256.00   +97.34%
       3              18  6426      統新                  158.00         45.00    96.10%    151.00   151.00   148.00   151.00      306.00   312.00   298.00   300.00   +149.00   +98.68%
       4              41  3406      玉晶光                 758.00        364.00    95.81%    480.00   485.00   471.00   481.00      944.00   973.00   906.00   915.00   +434.00   +90.23%
       5             232  6226      光鼎                    0.00          0.00    95.79%     20.95    22.00    19.50    19.60       33.95    36.30    33.05    36.30    +16.70   +85.20%
       6              25  6933      AMAX-KY             202.00         79.00    95.77%    150.00   151.00   143.50   150.00      310.50   312.00   280.50   286.00   +136.00   +90.67%
       7             213  2426      鼎元                   19.20          9.50    95.51%     51.50    52.00    48.50    50.30       92.90    94.50    90.60    90.80    +40.50   +80.52%
       8              70  2491      吉祥全                   0.00          0.00    95.15%     23.75    23.75    22.60    22.95       40.15    40.70    39.70    39.95    +17.00   +74.07%
       9              46  2455      全新                  332.00        155.50    95.06%    292.00   292.00   278.00   292.00      528.00   536.00   506.00   520.00   +228.00   +78.08%
      10              72  3055      蔚華科                  76.50         11.00    94.93%    102.50   102.50    88.10    90.40      161.00   162.50   156.50   157.50    +67.10   +74.23%
      11              79  2351      順德                  118.50          0.00    94.59%    146.50   146.50   141.00   145.50      252.50   256.00   244.00   251.50   +106.00   +72.85%
      12              17  2033      佳大                    0.00          0.00    94.30%     14.70    15.30    14.70    15.30       26.70    27.05    25.45    25.50    +10.20   +66.67%
      13              97  3167      大量                  679.00        460.00    94.29%    486.00   486.00   460.50   486.00      805.00   834.00   785.00   792.00   +306.00   +62.96%
      14              77  3026      禾伸堂                 674.00        408.00    94.26%    470.00   470.00   416.50   450.00      744.00   749.00   721.00   726.00   +276.00   +61.33%
      15              29  6224      聚鼎                    0.00          0.00    94.20%     52.00    52.40    50.40    51.90       84.50    88.50    84.40    86.00    +34.10   +65.70%
      16              21  3605      宏致                   23.50         36.50    94.14%     84.20    85.20    77.50    79.00      124.50   129.50   122.00   127.50    +48.50   +61.39%
      17              60  7711      永擎                  467.00        284.50    94.14%    291.00   293.00   287.00   292.50      461.00   473.00   438.00   468.00   +175.50   +60.00%
      18             107  6141      柏承                    0.00          0.00    94.00%     31.00    31.00    29.05    30.10       48.80    50.00    48.20    48.35    +18.25   +60.63%
      19             885  8039      台虹                  233.50        136.00    93.98%    171.00   173.50   163.00   173.50      273.00   285.00   269.50   270.00    +96.50   +55.62%
      20              16  00715L    期街口布蘭特正2              0.00          0.00    93.97%     46.01    46.33    44.90    44.96       70.65    71.40    69.65    71.40    +26.44   +58.81%
      21             127  3443      創意                 3650.00       1960.00    93.81%   3805.00  3805.00  3805.00  3805.00     6400.00  6455.00  6035.00  6035.00  +2230.00   +58.61%
      22              38  8103      瀚荃                   20.50          0.00    93.66%     73.40    73.60    70.70    73.10      111.00   116.50   111.00   114.00    +40.90   +55.95%
      23             378  6830      汎銓                  327.50        184.50    93.65%    347.00   347.50   330.00   346.00      553.00   561.00   532.00   532.00   +186.00   +53.76%
      24             120  3653      健策                 4010.00       2335.00    93.57%   3440.00  3445.00  3330.00  3445.00     5735.00  5765.00  5240.00  5310.00  +1865.00   +54.14%
      25              33  1709      和益                    0.00          0.00    93.47%     23.50    23.65    22.70    23.10       36.00    36.35    34.30    35.50    +12.40   +53.68%
      26              74  3008      大立光                4785.00       3140.00    93.44%   4000.00  4080.00  3880.00  4035.00     6015.00  6195.00  5930.00  6055.00  +2020.00   +50.06%
      27             187  6805      富世達                1555.00       1060.00    93.43%   1350.00  1350.00  1335.00  1350.00     2175.00  2195.00  2010.00  2025.00   +675.00   +50.00%
      28             105  2305      全友                    0.00          0.00    93.42%     29.60    30.20    29.10    30.10       45.60    48.05    44.20    44.95    +14.85   +49.34%
      29             102  3532      台勝科                 265.00         92.00    93.28%    305.00   305.00   269.50   271.50      416.00   444.00   403.00   407.00   +135.50   +49.91%
      30             263  2059      川湖                 8720.00       4390.00    93.21%   7850.00  7850.00  7760.00  7850.00    11920.00 12075.00 11665.00 11715.00  +3865.00   +49.24%
      31              78  7788      松川精密                195.00         89.00    93.20%    190.50   190.50   183.00   189.50      280.00   291.50   279.50   280.50    +91.00   +48.02%
      32             113  3006      晶豪科                 164.00         80.50    93.10%    180.00   180.00   180.00   180.00      272.00   274.00   263.00   264.00    +84.00   +46.67%
      33             181  6706      惠特                   36.50          0.00    93.07%     96.90    97.30    93.40    97.00      150.50   155.50   141.00   143.50    +46.50   +47.94%
      34              11  6949      沛爾生醫-創              588.00         59.00    93.01%    866.00   866.00   778.00   796.00       54.80    56.00    51.00    51.40   -744.60   -93.54%
      35             672  8996      高力                 1050.00        755.00    92.97%    855.00   855.00   855.00   855.00     1245.00  1260.00  1200.00  1220.00   +365.00   +42.69%
      36              31  6672      騰輝電子-KY             107.50         34.50    92.94%    195.00   199.00   191.00   198.00      294.50   303.50   289.50   291.00    +93.00   +46.97%
      37             108  3229      晟鈦                    0.00          0.00    92.80%     40.20    43.15    40.20    43.15       65.20    66.90    60.30    60.30    +17.15   +39.75%
      38             208  7610      聯友金屬-創             1705.00       1110.00    92.67%   1200.00  1200.00  1200.00  1200.00     1695.00  1755.00  1655.00  1655.00   +455.00   +37.92%
      39             604  2489      瑞軒                    0.00          0.00    92.63%     26.75    26.95    25.95    26.70       39.30    39.60    37.40    37.50    +10.80   +40.45%
      40              58  1528      恩德                    0.00          0.00    92.62%     17.00    17.30    16.80    17.25       23.75    25.30    23.60    24.65     +7.40   +42.90%
==========================================================================================================================================================================
✅ 共 40 筆


══════════════════════════════════════════════════════════════════════════════════════════════════════════════
  🔄 第 13/30 次  2026/07/30 ～ 2026/09/14
══════════════════════════════════════════════════════════════════════════════════════════════════════════════

==========================================================================================================================================================================
📊 ROI 每日報酬率累計排名 (2026/07/30 ~ 2026/09/14)
==========================================================================================================================================================================
    實資排名          累計天數排名  代號        名稱                 累計漲停(元)       累計跌停(元)       強度%  (07/30)開盤      最高      最低      收盤    (09/14)開盤      最高      最低      收盤      賺賠    賺賠率
--------------------------------------------------------------------------------------------------------------------------------------------------------------------------
       1              14  6225      天瀚                    0.00          0.00   100.00%     24.00    25.00    22.75    23.20       74.00    74.00    67.50    67.50    +44.30  +190.95%
       2              15  6426      統新                  171.50         33.00    97.18%    147.50   152.00   135.50   137.50      295.50   327.00   293.00   312.00   +174.50  +126.91%
       3              19  6933      AMAX-KY             214.50         59.50    97.02%    146.50   148.50   135.00   137.50      304.50   334.50   294.00   305.50   +168.00  +122.18%
       4              22  6213      聯茂                  320.50        132.50    96.73%    239.00   266.00   237.00   239.50      492.00   521.00   482.00   515.00   +275.50  +115.03%
       5              29  3406      玉晶光                 791.50        325.00    96.68%    459.50   474.00   442.00   447.50     1015.00  1020.00   954.00   954.00   +506.50  +113.18%
       6             151  2426      鼎元                   19.20          9.50    96.10%     45.30    51.10    45.30    47.45       94.00    96.30    92.50    93.30    +45.85   +96.63%
       7              27  2455      全新                  358.50        140.50    96.05%    264.00   287.00   255.00   265.50      497.00   535.00   493.00   535.00   +269.50  +101.51%
       8              47  2351      順德                  130.50          0.00    95.42%    124.00   142.50   124.00   133.50      234.00   257.00   228.50   257.00   +123.50   +92.51%
       9              60  3167      大量                  723.00        442.00    95.23%    434.50   472.00   434.50   442.00      810.00   832.00   781.00   810.00   +368.00   +83.26%
      10              62  3653      健策                 4320.00       1825.00    95.14%   3150.00  3330.00  3100.00  3135.00     5580.00  5920.00  5500.00  5820.00  +2685.00   +85.65%
      11             120  2491      吉祥全                   0.00          0.00    95.12%     22.40    23.70    21.80    22.15       39.25    41.15    38.80    39.50    +17.35   +78.33%
      12              63  3443      創意                 3995.00       1595.00    95.09%   3175.00  3620.00  3175.00  3460.00     5995.00  6575.00  5850.00  6400.00  +2940.00   +84.97%
      13              16  2033      佳大                    0.00          0.00    94.90%     14.95    15.00    14.65    14.65       28.15    29.90    26.00    26.65    +12.00   +81.91%
      14             589  8039      台虹                  249.00        136.00    94.83%    158.00   177.00   158.00   158.00      268.00   280.00   261.00   274.00   +116.00   +73.42%
      15              97  6805      富世達                1675.00        920.00    94.76%   1240.00  1295.00  1205.00  1230.00     2095.00  2210.00  2085.00  2165.00   +935.00   +76.02%
      16             202  6830      汎銓                  357.50        160.50    94.74%    314.00   343.50   307.00   316.00      540.00   584.00   538.00   556.00   +240.00   +75.95%
      17              43  7711      永擎                  482.00        274.50    94.62%    279.50   284.00   273.00   277.50      478.00   478.00   478.00   478.00   +200.50   +72.25%
      18              45  6224      聚鼎                    0.00          0.00    94.58%     50.30    51.00    47.70    48.20       85.70    86.80    84.80    85.00    +36.80   +76.35%
      19              80  3026      禾伸堂                 696.50        408.00    94.58%    427.50   442.00   427.50   427.50      730.00   757.00   717.00   731.00   +303.50   +70.99%
      20             117  3055      蔚華科                  76.50         11.00    94.49%     94.00   103.00    93.20    93.20      149.50   159.50   148.50   159.50    +66.30   +71.14%
      21              57  3229      晟鈦                    0.00          0.00    94.49%     38.25    41.45    38.00    39.25       68.60    72.90    66.40    66.90    +27.65   +70.45%
      22              96  6706      惠特                   36.50          0.00    94.24%     89.00    94.70    87.80    88.50      135.00   151.00   133.00   151.00    +62.50   +70.62%
      23             503  6226      光鼎                    0.00          0.00    94.19%     23.70    24.50    20.30    20.30       29.50    33.00    29.40    33.00    +12.70   +62.56%
      24             154  2059      川湖                 9430.00       4115.00    94.16%   7035.00  7410.00  6840.00  7140.00    11900.00 12025.00 11785.00 11990.00  +4850.00   +67.93%
      25             138  6141      柏承                    0.00          0.00    94.12%     27.70    31.05    27.70    29.25       48.70    49.90    47.80    48.80    +19.55   +66.84%
      26             104  2305      全友                    0.00          0.00    94.11%     26.90    28.55    26.40    27.55       40.45    45.15    39.50    45.15    +17.60   +63.88%
      27              54  8103      瀚荃                   20.50          0.00    94.10%     68.50    70.70    66.30    67.70      110.00   117.50   108.50   113.00    +45.30   +66.91%
      28             116  7610      聯友金屬-創             1810.00        985.00    94.04%   1095.00  1305.00  1095.00  1095.00     1920.00  1920.00  1780.00  1780.00   +685.00   +62.56%
      29              66  3006      晶豪科                 180.00         80.50    94.04%    166.00   177.00   161.00   164.00      280.50   287.50   270.50   270.50   +106.50   +64.94%
      30              94  3008      大立光                5045.00       3140.00    93.93%   3865.00  4030.00  3670.00  3715.00     6395.00  6420.00  5995.00  5995.00  +2280.00   +61.37%
      31              73  7788      松川精密                211.00         89.00    93.90%    184.50   188.50   171.50   173.50      275.00   288.00   265.50   282.00   +108.50   +62.54%
      32              26  3605      宏致                   23.50         36.50    93.89%     82.00    83.40    77.50    78.30      120.00   127.00   118.00   126.50    +48.20   +61.56%
      33             426  8996      高力                 1127.00        740.00    93.80%    845.00   875.00   774.00   778.00     1295.00  1295.00  1205.00  1235.00   +457.00   +58.74%
      34              44  1303      南亞                  103.50         50.50    93.77%    135.50   155.50   135.50   145.00      232.00   236.50   220.50   234.00    +89.00   +61.38%
      35              28  6672      騰輝電子-KY             124.50         34.50    93.72%    179.50   193.00   178.00   181.00      288.50   297.50   285.00   294.50   +113.50   +62.71%
      36             319  2489      瑞軒                    0.00          0.00    93.71%     25.20    26.60    24.05    24.50       36.80    40.40    36.20    39.30    +14.80   +60.41%
      37             193  6531      愛普*                 709.00        430.00    93.62%    570.00   672.00   570.00   607.00      957.00   994.00   933.00   962.00   +355.00   +58.48%
      38              12  6949      沛爾生醫-創              588.00         59.00    93.60%    796.00   840.00   757.00   790.00       50.00    56.90    48.25    55.80   -734.20   -92.94%
      39              39  1709      和益                    0.00          0.00    93.59%     23.90    24.00    22.55    22.55       36.20    36.70    35.30    36.05    +13.50   +59.87%
      40             250  4977      眾達-KY                84.50          0.00    93.52%    111.00   114.00   105.00   106.50      170.00   173.00   167.00   167.00    +60.50   +56.81%
==========================================================================================================================================================================
✅ 共 40 筆


══════════════════════════════════════════════════════════════════════════════════════════════════════════════
  🔄 第 14/30 次  2026/07/29 ～ 2026/09/11
══════════════════════════════════════════════════════════════════════════════════════════════════════════════

==========================================================================================================================================================================
📊 ROI 每日報酬率累計排名 (2026/07/29 ~ 2026/09/11)
==========================================================================================================================================================================
    實資排名          累計天數排名  代號        名稱                 累計漲停(元)       累計跌停(元)       強度%  (07/29)開盤      最高      最低      收盤    (09/11)開盤      最高      最低      收盤      賺賠    賺賠率
--------------------------------------------------------------------------------------------------------------------------------------------------------------------------
       1              13  6225      天瀚                    0.00          0.00   100.00%     26.30    28.25    23.25    23.25       76.00    80.00    74.90    74.90    +51.65  +222.15%
       2              24  3406      玉晶光                 791.50        238.00    95.96%    491.50   491.50   452.50   466.50     1020.00  1140.00  1000.00  1060.00   +593.50  +127.22%
       3              20  6933      AMAX-KY             214.50         55.50    95.42%    159.00   161.50   142.00   148.00      333.00   333.00   315.00   320.00   +172.00  +116.22%
       4              30  6213      聯茂                  320.50        142.00    94.84%    275.00   277.50   249.00   249.00      503.00   537.00   501.00   509.00   +260.00  +104.42%
       5              19  6426      統新                  161.50         44.00    94.70%    162.00   167.50   146.50   148.50      317.50   326.50   295.50   302.00   +153.50  +103.37%
       6             149  2426      鼎元                   19.20          9.50    94.49%     55.80    56.30    50.30    50.30       94.00   101.50    92.40    97.10    +46.80   +93.04%
       7              33  7711      永擎                  482.00        221.50    93.96%    287.50   293.50   270.50   282.00      531.00   531.00   531.00   531.00   +249.00   +88.30%
       8              46  2455      全新                  338.50        140.50    93.93%    304.00   304.00   272.50   272.50      514.00   527.00   499.50   515.00   +242.50   +88.99%
       9              15  2033      佳大                    0.00          0.00    93.78%     14.70    15.00    14.60    15.00       29.50    29.50    27.70    28.40    +13.40   +89.33%
      10              63  3443      創意                 3880.00       1595.00    93.62%   3605.00  3685.00  3295.00  3295.00     6200.00  6200.00  5970.00  6120.00  +2825.00   +85.74%
      11              34  3229      晟鈦                    0.00          0.00    93.29%     39.00    39.75    37.50    38.25       61.30    67.50    61.20    67.50    +29.25   +76.47%
      12              50  2351      順德                  107.50          0.00    93.12%    145.00   145.50   130.50   130.50      226.50   237.50   226.50   234.00   +103.50   +79.31%
      13              67  3167      大量                  723.00        464.50    93.05%    536.00   536.00   482.50   482.50      828.00   859.00   806.00   828.00   +345.50   +71.61%
      14              86  3008      大立光                5045.00       2610.00    93.00%   3905.00  4010.00  3685.00  3850.00     6520.00  6900.00  6420.00  6660.00  +2810.00   +72.99%
      15             181  2491      吉祥全                   0.00          0.00    92.99%     25.40    25.40    22.90    23.55       39.30    40.70    38.60    39.60    +16.05   +68.15%
      16             140  3653      健策                 4265.00       2000.00    92.95%   3360.00  3510.00  3230.00  3310.00     5650.00  5875.00  5615.00  5765.00  +2455.00   +74.17%
      17              38  6224      聚鼎                    0.00          0.00    92.89%     52.00    52.90    48.05    50.20       87.30    91.00    87.00    87.50    +37.30   +74.30%
      18             172  6805      富世達                1660.00        955.00    92.84%   1365.00  1400.00  1210.00  1265.00     2135.00  2230.00  2110.00  2150.00   +885.00   +69.96%
      19              62  3006      晶豪科                 180.00         60.50    92.66%    185.50   185.50   172.00   172.00      304.00   304.50   282.00   290.50   +118.50   +68.90%
      20             109  2059      川湖                 9430.00       4025.00    92.62%   7450.00  7595.00  6840.00  7145.00    12300.00 12300.00 11950.00 12080.00  +4935.00   +69.07%
      21             132  6141      柏承                    0.00          0.00    92.46%     32.45    32.70    29.25    30.70       53.40    54.30    51.00    51.00    +20.30   +66.12%
      22             116  7610      聯友金屬-創             1810.00        910.00    92.43%   1215.00  1215.00  1215.00  1215.00     2000.00  2035.00  1950.00  1975.00   +760.00   +62.55%
      23              32  1303      南亞                  103.50         50.50    92.42%    153.00   156.00   141.50   141.50      237.50   239.50   234.00   234.50    +93.00   +65.72%
      24             359  6830      汎銓                  357.50        181.50    92.42%    375.50   375.50   337.00   337.00      579.00   586.00   541.00   551.00   +214.00   +63.50%
      25              79  8103      瀚荃                   20.50          0.00    92.27%     72.40    74.10    66.50    69.10      110.00   115.00   108.50   113.00    +43.90   +63.53%
      26              22  00715L    期街口布蘭特正2              0.00          0.00    92.14%     44.95    45.65    44.39    44.41       71.90    72.65    70.05    70.65    +26.24   +59.09%
      27             928  8039      台虹                  249.00        153.50    92.13%    180.00   181.50   175.50   175.50      272.00   280.00   270.50   272.00    +96.50   +54.99%
      28              93  3026      禾伸堂                 696.50        442.00    92.13%    474.50   474.50   474.50   474.50      782.00   803.00   737.00   744.00   +269.50   +56.80%
      29              51  3017      奇鋐                 2240.00       1005.00    92.05%   2225.00  2245.00  2020.00  2095.00     3360.00  3390.00  3300.00  3370.00  +1275.00   +60.86%
      30             417  8996      高力                 1127.00        726.00    91.92%    932.00   948.00   830.00   859.00     1270.00  1365.00  1230.00  1330.00   +471.00   +54.83%
      31             173  6531      愛普*                 709.00        424.00    91.91%    655.00   666.00   627.00   627.00     1005.00  1015.00   973.00   988.00   +361.00   +57.58%
      32             239  4977      眾達-KY                84.50          0.00    91.82%    123.00   125.00   112.00   112.00      173.50   176.50   171.50   175.00    +63.00   +56.25%
      33              83  7788      松川精密                211.00        101.50    91.72%    199.50   199.50   180.00   186.00      302.00   304.50   286.50   286.50   +100.50   +54.03%
      34              39  6672      騰輝電子-KY             124.50         34.50    91.71%    204.00   204.00   180.00   185.50      291.50   303.00   291.00   292.00   +106.50   +57.41%
      35             250  3543      州巧                    0.00          0.00    91.66%     27.45    29.30    26.05    27.35       42.15    42.70    41.50    42.20    +14.85   +54.30%
      36             202  2464      盟立                   78.50         42.00    91.61%    131.00   134.00   118.00   123.00      187.00   192.00   183.00   188.50    +65.50   +53.25%
      37             246  3055      蔚華科                  76.50         21.30    91.49%    113.50   114.50   103.50   103.50      158.50   162.00   148.00   154.50    +51.00   +49.28%
      38             138  2305      全友                    0.00          0.00    91.46%     30.50    30.80    27.45    27.45       38.65    41.05    37.70    41.05    +13.60   +49.54%
      39             341  6442      光聖                 1025.00        640.00    91.38%   1230.00  1230.00  1110.00  1110.00     1740.00  1750.00  1670.00  1670.00   +560.00   +50.45%
      40              49  3605      宏致                   23.50         36.50    91.36%     86.00    87.40    78.80    82.50      125.00   127.00   122.00   122.50    +40.00   +48.48%
==========================================================================================================================================================================
✅ 共 40 筆


══════════════════════════════════════════════════════════════════════════════════════════════════════════════
  🔄 第 15/30 次  2026/07/28 ～ 2026/09/10
══════════════════════════════════════════════════════════════════════════════════════════════════════════════

==========================================================================================================================================================================
📊 ROI 每日報酬率累計排名 (2026/07/28 ~ 2026/09/10)
==========================================================================================================================================================================
    實資排名          累計天數排名  代號        名稱                 累計漲停(元)       累計跌停(元)       強度%  (07/28)開盤      最高      最低      收盤    (09/10)開盤      最高      最低      收盤      賺賠    賺賠率
--------------------------------------------------------------------------------------------------------------------------------------------------------------------------
       1              16  6225      天瀚                    0.00          0.00   100.00%     26.00    26.45    25.70    25.70       68.80    74.30    68.80    74.30    +48.60  +189.11%
       2              27  3406      玉晶光                 791.50        244.00    96.78%    501.00   502.00   482.50   482.50     1120.00  1125.00  1040.00  1070.00   +587.50  +121.76%
       3              19  6933      AMAX-KY             214.50         39.50    96.39%    156.00   164.50   153.00   157.00      348.00   354.00   331.50   336.00   +179.00  +114.01%
       4              25  7711      永擎                  482.00        162.50    96.00%    299.50   299.50   285.00   285.00      598.00   615.00   583.00   590.00   +305.00  +107.02%
       5              20  6426      統新                  161.50         38.00    95.51%    161.50   175.50   160.50   162.50      311.00   328.00   303.00   322.00   +159.50   +98.15%
       6              32  6213      聯茂                  320.50        159.50    95.03%    288.00   301.00   276.50   276.50      516.00   520.00   507.00   519.00   +242.50   +87.70%
       7              15  2033      佳大                    0.00          0.00    94.74%     15.10    15.20    14.70    14.70       27.30    28.15    27.25    27.60    +12.90   +87.76%
       8             258  2426      鼎元                   19.20          9.50    94.37%     59.00    59.20    55.80    55.80       98.10    99.50    96.10    96.10    +40.30   +72.22%
       9              46  2455      全新                  338.50        153.50    94.26%    310.00   321.50   300.00   302.50      533.00   545.00   527.00   532.00   +229.50   +75.87%
      10              74  3008      大立光                5045.00       2600.00    94.01%   3930.00  4125.00  3860.00  3900.00     6770.00  6875.00  6680.00  6720.00  +2820.00   +72.31%
      11             134  3653      健策                 4265.00       2035.00    93.86%   3370.00  3450.00  3300.00  3370.00     5735.00  5885.00  5705.00  5790.00  +2420.00   +71.81%
      12              98  6141      柏承                    0.00          0.00    93.77%     32.70    33.65    31.80    32.50       50.40    55.50    50.40    55.40    +22.90   +70.46%
      13              75  3443      創意                 3880.00       1855.00    93.77%   3795.00  3855.00  3645.00  3660.00     5895.00  6275.00  5850.00  6225.00  +2565.00   +70.08%
      14              79  2059      川湖                 9430.00       3810.00    93.68%   7715.00  7820.00  7450.00  7450.00    12680.00 12695.00 12315.00 12600.00  +5150.00   +69.13%
      15             157  2491      吉祥全                   0.00          0.00    93.65%     26.65    26.90    25.40    25.40       40.90    41.45    40.55    41.10    +15.70   +61.81%
      16              39  6224      聚鼎                    0.00          0.00    93.59%     53.00    54.30    52.10    52.80       83.60    90.10    83.30    89.00    +36.20   +68.56%
      17             161  6805      富世達                1660.00        990.00    93.48%   1350.00  1400.00  1335.00  1340.00     2260.00  2310.00  2155.00  2190.00   +850.00   +63.43%
      18             501  6226      光鼎                    0.00          0.00    93.42%     17.90    20.50    17.90    20.50       29.65    32.60    29.45    32.60    +12.10   +59.02%
      19              53  3006      晶豪科                 180.00         58.00    93.38%    196.50   198.00   191.00   191.00      305.00   319.00   302.00   312.00   +121.00   +63.35%
      20              66  3167      大量                  723.00        498.00    93.27%    577.00   577.00   536.00   536.00      897.00   902.00   841.00   848.00   +312.00   +58.21%
      21              77  2351      順德                  107.50         14.00    93.19%    152.00   152.50   144.50   144.50      239.00   248.00   232.50   235.50    +91.00   +62.98%
      22             340  6830      汎銓                  357.50        178.50    93.13%    362.00   392.00   356.50   374.00      581.00   599.00   575.00   591.00   +217.00   +58.02%
      23              59  7788      松川精密                211.00         90.00    92.96%    201.50   203.00   195.00   196.00      324.00   330.00   300.50   308.00   +112.00   +57.14%
      24              50  3229      晟鈦                    0.00          0.00    92.94%     37.40    40.60    37.00    39.40       62.50    65.80    60.30    61.40    +22.00   +55.84%
      25              80  3026      禾伸堂                 696.50        435.50    92.89%    527.00   527.00   527.00   527.00      763.00   826.00   730.00   803.00   +276.00   +52.37%
      26             214  3543      州巧                    0.00          0.00    92.83%     27.85    28.30    27.00    27.00       42.85    43.35    42.15    42.15    +15.15   +56.11%
      27              29  1303      南亞                  103.50         56.50    92.82%    163.00   164.00   157.00   157.00      237.00   245.50   232.00   244.00    +87.00   +55.41%
      28             112  7610      聯友金屬-創             1810.00        985.00    92.70%   1350.00  1350.00  1350.00  1350.00     2110.00  2115.00  1940.00  2035.00   +685.00   +50.74%
      29              48  3017      奇鋐                 2240.00       1060.00    92.67%   2285.00  2325.00  2225.00  2240.00     3405.00  3470.00  3380.00  3460.00  +1220.00   +54.46%
      30              36  3605      宏致                   23.50         36.50    92.56%     88.10    88.60    83.90    84.80      128.00   131.00   124.50   128.00    +43.20   +50.94%
      31             136  8103      瀚荃                   20.50          0.00    92.45%     77.20    77.20    72.90    72.90      112.50   113.50   108.50   110.00    +37.10   +50.89%
      32             155  6531      愛普*                 709.00        451.00    92.31%    696.00   696.00   696.00   696.00      993.00  1065.00   991.00  1030.00   +334.00   +47.99%
      33             368  2301      光寶科                 174.50         28.50    92.31%    202.00   202.50   192.00   194.00      295.00   298.00   285.00   291.00    +97.00   +50.00%
      34             189  2464      盟立                   78.50         42.00    92.26%    136.00   137.50   131.00   131.00      199.00   204.50   191.50   193.50    +62.50   +47.71%
      35              42  6672      騰輝電子-KY             124.50         48.50    92.24%    213.00   213.00   199.00   199.50      296.00   306.00   294.00   299.00    +99.50   +49.87%
      36              13  6949      沛爾生醫-創              588.00        160.00    92.23%    983.00   987.00   891.00   891.00       56.80    60.30    55.40    58.80   -832.20   -93.40%
      37            1077  8039      台虹                  249.00        172.50    92.23%    194.50   194.50   194.50   194.50      287.50   295.00   273.50   275.00    +80.50   +41.39%
      38             326  6442      光聖                 1025.00        630.00    92.14%   1250.00  1300.00  1230.00  1230.00     1720.00  1825.00  1705.00  1800.00   +570.00   +46.34%
      39             736  8996      高力                 1097.00        773.00    92.14%    955.00   960.00   906.00   906.00     1320.00  1340.00  1280.00  1300.00   +394.00   +43.49%
      40              67  7795      長廣                  403.50        240.00    91.96%    368.50   386.50   368.50   370.00      577.00   582.00   524.00   534.00   +164.00   +44.32%
==========================================================================================================================================================================
✅ 共 40 筆


══════════════════════════════════════════════════════════════════════════════════════════════════════════════
  🔄 第 16/30 次  2026/07/27 ～ 2026/09/09
══════════════════════════════════════════════════════════════════════════════════════════════════════════════

==========================================================================================================================================================================
📊 ROI 每日報酬率累計排名 (2026/07/27 ~ 2026/09/09)
==========================================================================================================================================================================
    實資排名          累計天數排名  代號        名稱                 累計漲停(元)       累計跌停(元)       強度%  (07/27)開盤      最高      最低      收盤    (09/09)開盤      最高      最低      收盤      賺賠    賺賠率
--------------------------------------------------------------------------------------------------------------------------------------------------------------------------
       1              14  6225      天瀚                    0.00          0.00   100.00%     25.65    25.65    24.05    24.05       61.40    67.60    61.40    67.60    +43.55  +181.08%
       2              27  3406      玉晶光                 791.50        238.50    97.08%    509.00   522.00   508.00   517.00     1030.00  1110.00   980.00  1110.00   +593.00  +114.70%
       3              20  6933      AMAX-KY             214.50         39.50    96.84%    167.00   167.50   160.50   161.00      320.50   338.00   310.50   338.00   +177.00  +109.94%
       4              22  7711      永擎                  482.00        159.50    96.44%    291.00   302.50   290.00   302.00      594.00   617.00   575.00   610.00   +308.00  +101.99%
       5              25  6426      統新                  161.50         38.00    95.68%    164.00   172.00   158.50   171.50      305.50   324.50   288.00   321.00   +149.50   +87.17%
       6              15  2033      佳大                    0.00          0.00    95.03%     15.30    15.30    15.10    15.30       25.45    27.85    25.45    27.30    +12.00   +78.43%
       7              39  6213      聯茂                  320.50        190.00    94.88%    300.50   309.00   290.00   307.00      513.00   542.00   512.00   523.00   +216.00   +70.36%
       8              46  3008      大立光                5045.00       2640.00    94.62%   4005.00  4150.00  3905.00  4090.00     6660.00  6930.00  6550.00  6870.00  +2780.00   +67.97%
       9             251  2426      鼎元                   19.20          9.50    94.54%     62.00    62.80    59.60    62.00      102.00   107.00    98.70    99.50    +37.50   +60.48%
      10              59  2455      全新                  338.50        177.50    94.38%    322.50   338.00   319.00   326.50      536.00   552.00   523.00   533.00   +206.50   +63.25%
      11             514  6226      光鼎                    0.00          0.00    94.33%     18.10    18.85    17.50    18.65       30.05    31.80    29.55    29.65    +11.00   +58.98%
      12             206  3653      健策                 4235.00       2190.00    94.24%   3475.00  3580.00  3420.00  3525.00     5705.00  5845.00  5600.00  5760.00  +2235.00   +63.40%
      13             124  6805      富世達                1660.00       1000.00    94.05%   1410.00  1455.00  1360.00  1455.00     2170.00  2325.00  2155.00  2295.00   +840.00   +57.73%
      14              41  3229      晟鈦                    0.00          0.00    93.93%     40.80    40.80    36.50    38.80       56.00    60.70    55.50    60.70    +21.90   +56.44%
      15             364  6830      汎銓                  342.50        178.50    93.79%    360.00   386.00   351.50   374.50      588.00   601.00   573.00   576.00   +201.50   +53.81%
      16              50  3167      大量                  723.00        505.00    93.78%    605.00   605.00   558.00   595.00      939.00   952.00   880.00   900.00   +305.00   +51.26%
      17              42  7788      松川精密                211.00         89.00    93.75%    207.00   213.50   204.00   207.50      304.50   320.50   304.50   320.50   +113.00   +54.46%
      18             158  2491      吉祥全                   0.00          0.00    93.71%     29.10    29.10    27.40    28.20       40.55    41.90    40.40    41.75    +13.55   +48.05%
      19             142  3543      州巧                    0.00          0.00    93.64%     27.55    28.05    26.90    28.00       43.45    44.10    42.80    43.05    +15.05   +53.75%
      20             162  2059      川湖                 9230.00       4635.00    93.41%   7780.00  8275.00  7675.00  8275.00    12440.00 12785.00 12285.00 12400.00  +4125.00   +49.85%
      21              64  6224      聚鼎                    0.00          0.00    93.37%     56.00    56.70    55.00    56.10       83.90    86.50    83.90    84.50    +28.40   +50.62%
      22              82  2351      順德                  107.50         30.00    93.21%    159.50   164.00   154.00   160.50      228.00   240.00   225.50   237.50    +77.00   +47.98%
      23             145  3443      創意                 3580.00       2245.00    93.19%   4080.00  4080.00  3855.00  4050.00     5955.00  6075.00  5875.00  5925.00  +1875.00   +46.30%
      24             108  3006      晶豪科                 180.00         79.00    93.13%    205.00   212.50   198.50   212.00      300.00   311.00   294.50   306.50    +94.50   +44.58%
      25             104  8103      瀚荃                   20.50          0.00    93.00%     79.40    79.70    77.00    78.50      116.00   117.00   112.00   113.00    +34.50   +43.95%
      26             183  6141      柏承                    0.00          0.00    92.99%     36.05    37.60    34.80    34.95       49.05    52.90    49.05    50.50    +15.55   +44.49%
      27              37  3605      宏致                   23.50         36.50    92.99%     90.00    92.70    89.60    91.00      123.00   134.50   121.50   129.50    +38.50   +42.31%
      28            1099  8039      台虹                  249.00        179.50    92.76%    235.00   244.00   216.00   216.00      294.50   299.00   282.00   289.50    +73.50   +34.03%
      29              86  3017      奇鋐                 2160.00       1220.00    92.75%   2375.00  2420.00  2310.00  2400.00     3285.00  3395.00  3265.00  3380.00   +980.00   +40.83%
      30             207  7610      聯友金屬-創             1810.00       1130.00    92.69%   1495.00  1495.00  1495.00  1495.00     2065.00  2110.00  1985.00  2030.00   +535.00   +35.79%
      31             175  2464      盟立                   78.50         53.50    92.68%    144.00   145.50   138.00   142.50      194.50   198.00   192.00   197.50    +55.00   +38.60%
      32             720  8996      高力                 1097.00        817.00    92.61%   1055.00  1085.00   969.00   995.00     1255.00  1345.00  1240.00  1345.00   +350.00   +35.18%
      33             515  2301      光寶科                 174.50         46.50    92.53%    216.50   216.50   204.00   212.00      293.00   298.50   291.00   292.50    +80.50   +37.97%
      34              48  1303      南亞                  103.50         73.50    92.50%    173.50   179.00   166.00   174.00      234.50   244.50   231.00   236.50    +62.50   +35.92%
      35              52  7795      長廣                  403.50        258.50    92.46%    392.50   408.00   387.00   402.50      550.00   560.00   536.00   548.00   +145.50   +36.15%
      36              74  1709      和益                    0.00          0.00    92.44%     26.55    27.00    25.75    25.95       33.50    36.00    33.50    35.60     +9.65   +37.19%
      37              36  6108      競國                    0.00          0.00    92.40%     17.00    17.00    16.60    16.90       22.25    23.70    22.10    23.35     +6.45   +38.17%
      38             149  2615      萬海                   11.00         11.50    92.39%     86.00    86.00    83.00    84.00      113.00   117.50   110.50   116.00    +32.00   +38.10%
      39              57  6672      騰輝電子-KY             124.50         70.00    92.31%    225.50   228.00   217.00   221.00      299.50   314.00   293.50   299.50    +78.50   +35.52%
      40             172  3026      禾伸堂                 651.50        493.50    92.27%    640.00   640.00   576.00   585.00      775.00   793.00   747.00   758.00   +173.00   +29.57%
==========================================================================================================================================================================
✅ 共 40 筆


══════════════════════════════════════════════════════════════════════════════════════════════════════════════
  🔄 第 17/30 次  2026/07/24 ～ 2026/09/08
══════════════════════════════════════════════════════════════════════════════════════════════════════════════

==========================================================================================================================================================================
📊 ROI 每日報酬率累計排名 (2026/07/24 ~ 2026/09/08)
==========================================================================================================================================================================
    實資排名          累計天數排名  代號        名稱                 累計漲停(元)       累計跌停(元)       強度%  (07/24)開盤      最高      最低      收盤    (09/08)開盤      最高      最低      收盤      賺賠    賺賠率
--------------------------------------------------------------------------------------------------------------------------------------------------------------------------
       1              16  6225      天瀚                    0.00          0.00   100.00%     26.00    26.00    24.00    24.00       60.80    62.10    60.80    61.50    +37.50  +156.25%
       2              21  7711      永擎                  466.00        159.50    97.28%    302.50   303.50   295.00   297.00      650.00   650.00   594.00   594.00   +297.00  +100.00%
       3              26  3406      玉晶光                 701.50        238.50    97.24%    525.00   530.00   504.00   507.00      987.00  1050.00   970.00  1010.00   +503.00   +99.21%
       4              23  6933      AMAX-KY             194.00         39.50    96.90%    167.50   173.00   165.00   165.00      322.50   325.00   315.00   317.50   +152.50   +92.42%
       5              22  6426      統新                  147.50         38.00    96.62%    166.00   180.00   160.50   164.00      316.50   325.50   297.50   307.00   +143.00   +87.20%
       6              63  6213      聯茂                  307.50        190.00    95.49%    332.00   337.50   309.50   309.50      521.00   539.00   500.00   510.00   +200.50   +64.78%
       7              47  3008      大立光                4845.00       2640.00    95.42%   4070.00  4150.00  3915.00  3920.00     6430.00  6660.00  6350.00  6500.00  +2580.00   +65.82%
       8             341  2426      鼎元                   19.20          9.50    95.27%     60.00    66.30    58.80    62.00      100.50   102.50    97.10    97.50    +35.50   +57.26%
       9              19  2033      佳大                    0.00          0.00    95.18%     15.20    15.40    15.05    15.40       25.70    26.30    25.00    25.45    +10.05   +65.26%
      10             617  6226      光鼎                    0.00          0.00    95.17%     17.85    19.80    17.75    18.80       31.60    32.70    29.60    29.60    +10.80   +57.45%
      11              67  2059      川湖                 9770.00       4515.00    95.13%   8005.00  8150.00  7635.00  7735.00    14000.00 14200.00 12515.00 12520.00  +4785.00   +61.86%
      12             202  3653      健策                 4120.00       2190.00    95.07%   3650.00  3690.00  3365.00  3430.00     5700.00  5720.00  5480.00  5550.00  +2120.00   +61.81%
      13             236  6830      汎銓                  353.50        178.50    95.02%    373.00   413.00   363.00   363.50      580.00   609.00   574.00   576.00   +212.50   +58.46%
      14              68  3543      州巧                    0.00          0.00    94.93%     28.20    28.40    27.20    27.20       44.35    44.90    43.20    43.35    +16.15   +59.38%
      15             137  2455      全新                  320.50        177.50    94.78%    335.50   351.50   321.00   333.00      528.00   535.00   506.00   515.00   +182.00   +54.65%
      16              50  3167      大量                  723.00        492.00    94.72%    648.00   663.00   620.00   620.00      871.00   971.00   871.00   938.00   +318.00   +51.29%
      17             133  6805      富世達                1565.00       1000.00    94.66%   1420.00  1475.00  1405.00  1410.00     2235.00  2235.00  2145.00  2155.00   +745.00   +52.84%
      18              66  8103      瀚荃                   20.50          0.00    94.46%     78.70    80.50    78.20    78.60      123.50   124.50   117.50   119.50    +40.90   +52.04%
      19              51  6224      聚鼎                    0.00          0.00    94.33%     57.40    58.10    55.90    56.00       89.00    89.00    84.60    84.60    +28.60   +51.07%
      20             126  3443      創意                 3580.00       2230.00    94.13%   4330.00  4475.00  4060.00  4070.00     5940.00  6100.00  5730.00  5960.00  +1890.00   +46.44%
      21             109  3006      晶豪科                 180.00         79.00    94.08%    209.50   215.50   204.50   206.00      298.50   306.00   291.50   298.50    +92.50   +44.90%
      22             356  2491      吉祥全                   0.00          0.00    94.05%     30.00    30.00    28.85    29.10       43.00    43.00    40.50    40.60    +11.50   +39.52%
      23              28  7795      長廣                  413.50        258.50    93.76%    404.50   405.50   385.00   392.50      554.00   587.00   541.00   555.00   +162.50   +41.40%
      24              57  7788      松川精密                182.00         89.00    93.71%    228.50   229.00   205.50   207.00      300.00   304.50   285.00   291.50    +84.50   +40.82%
      25              92  3229      晟鈦                    0.00          0.00    93.70%     43.00    43.10    39.35    39.50       50.30    55.60    49.00    55.20    +15.70   +39.75%
      26             158  2351      順德                   97.50         30.00    93.67%    162.50   168.00   158.00   161.00      233.50   235.00   218.00   227.50    +66.50   +41.30%
      27              46  3605      宏致                   23.50         36.50    93.47%     92.00    95.10    89.80    91.00      122.00   132.50   120.00   124.00    +33.00   +36.26%
      28             105  3017      奇鋐                 2085.00       1220.00    93.47%   2375.00  2510.00  2355.00  2380.00     3455.00  3455.00  3245.00  3285.00   +905.00   +38.03%
      29              15  6949      沛爾生醫-創              588.00        258.00    93.36%   1015.00  1065.00   992.00   992.00       60.40    62.70    60.40    60.40   -931.60   -93.91%
      30             715  2301      光寶科                 174.50         46.50    93.29%    214.00   229.00   211.50   214.50      300.00   301.50   289.00   291.00    +76.50   +35.66%
      31             285  3504      揚明光                   0.00          0.00    93.20%     63.90    64.50    61.70    62.10       84.50    86.00    82.60    83.20    +21.10   +33.98%
      32              75  2408      南亞科                 334.00        247.50    93.19%    418.00   433.50   401.00   401.00      527.00   540.00   524.00   531.00   +130.00   +32.42%
      33             346  2464      盟立                   78.50         53.50    93.18%    146.00   151.00   143.50   146.50      206.00   210.00   192.00   194.50    +48.00   +32.76%
      34              94  1303      南亞                  103.50         73.50    93.16%    191.50   194.50   177.50   177.50      236.00   239.50   229.00   235.00    +57.50   +32.39%
      35              31  2030      彰源                    0.00          0.00    93.03%     17.55    17.75    17.35    17.50       22.65    23.95    22.65    23.80     +6.30   +36.00%
      36             682  2489      瑞軒                    0.00          0.00    92.92%     31.40    31.60    30.00    30.10       41.15    41.50    39.15    39.15     +9.05   +30.07%
      37             121  6672      騰輝電子-KY             124.50         70.00    92.89%    231.00   243.50   224.00   224.50      300.50   317.50   290.00   294.00    +69.50   +30.96%
      38              38  6108      競國                    0.00          0.00    92.86%     16.70    16.85    16.65    16.85       22.80    22.90    22.15    22.25     +5.40   +32.05%
      39            1091  8039      台虹                  249.00        203.50    92.85%    251.50   257.50   235.00   240.00      327.50   327.50   294.50   294.50    +54.50   +22.71%
      40              41  6214      精誠                   40.00          0.00    92.81%    140.50   142.00   139.00   139.50      185.00   186.00   184.00   185.00    +45.50   +32.62%
==========================================================================================================================================================================
✅ 共 40 筆


══════════════════════════════════════════════════════════════════════════════════════════════════════════════
  🔄 第 18/30 次  2026/07/23 ～ 2026/09/07
══════════════════════════════════════════════════════════════════════════════════════════════════════════════

==========================================================================================================================================================================
📊 ROI 每日報酬率累計排名 (2026/07/23 ~ 2026/09/07)
==========================================================================================================================================================================
    實資排名          累計天數排名  代號        名稱                 累計漲停(元)       累計跌停(元)       強度%  (07/23)開盤      最高      最低      收盤    (09/07)開盤      最高      最低      收盤      賺賠    賺賠率
--------------------------------------------------------------------------------------------------------------------------------------------------------------------------
       1              22  6225      天瀚                    0.00          0.00   100.00%     26.45    27.00    25.35    25.35       58.60    61.20    58.50    60.90    +35.55  +140.24%
       2              21  7711      永擎                  466.00         93.50    98.62%    311.00   311.00   303.00   305.50      645.00   675.00   621.00   660.00   +354.50  +116.04%
       3              28  6933      AMAX-KY             194.00         39.50    97.22%    165.00   173.00   165.00   167.50      319.00   319.00   307.50   313.00   +145.50   +86.87%
       4              36  3406      玉晶光                 678.50        263.50    97.15%    533.00   543.00   525.00   532.00     1040.00  1040.00   961.00   987.00   +455.00   +85.53%
       5             261  6226      光鼎                    0.00          0.00    97.08%     18.80    19.65    17.70    18.00       34.00    34.40    32.35    32.40    +14.40   +80.00%
       6              24  6426      統新                  136.50         38.00    96.86%    170.00   175.50   160.00   164.00      285.00   296.00   285.00   296.00   +132.00   +80.49%
       7             166  2426      鼎元                   19.20          9.50    96.18%     59.00    63.90    58.00    61.10      106.00   109.50    99.10    99.10    +38.00   +62.19%
       8              62  2059      川湖                 9770.00       3595.00    96.17%   8300.00  8350.00  8005.00  8200.00    14015.00 14145.00 13700.00 13905.00  +5705.00   +69.57%
       9              18  2033      佳大                    0.00          0.00    95.91%     15.15    15.35    15.00    15.35       26.10    27.35    25.70    25.70    +10.35   +67.43%
      10              46  3008      大立光                4845.00       2700.00    95.74%   4025.00  4175.00  3980.00  4140.00     7185.00  7185.00  6660.00  6660.00  +2520.00   +60.87%
      11             112  6805      富世達                1565.00        935.00    95.43%   1415.00  1475.00  1415.00  1455.00     2260.00  2265.00  2210.00  2265.00   +810.00   +55.67%
      12              65  3543      州巧                    0.00          0.00    95.42%     29.25    29.35    28.20    28.20       45.35    45.50    44.40    44.40    +16.20   +57.45%
      13             259  6830      汎銓                  353.50        191.50    95.38%    380.00   403.00   369.00   376.50      609.00   613.00   580.00   582.00   +205.50   +54.58%
      14              37  8103      瀚荃                   20.50          0.00    95.29%     80.30    80.70    78.50    79.30      125.00   128.00   122.00   123.50    +44.20   +55.74%
      15             101  6213      聯茂                  307.50        224.00    95.16%    373.00   376.00   330.50   343.50      535.00   535.00   505.00   513.00   +169.50   +49.34%
      16             212  3653      健策                 4120.00       2365.00    95.10%   3615.00  3820.00  3600.00  3710.00     6000.00  6000.00  5600.00  5655.00  +1945.00   +52.43%
      17              43  6224      聚鼎                    0.00          0.00    94.99%     59.50    59.50    57.10    58.40       85.60    92.80    82.50    88.80    +30.40   +52.05%
      18              14  6949      沛爾生醫-創              588.00        271.00    94.82%   1050.00  1050.00   992.00  1005.00       81.90    81.90    67.10    67.10   -937.90   -93.32%
      19             313  2491      吉祥全                   0.00          0.00    94.81%     30.65    30.65    29.80    30.30       42.00    44.45    40.80    43.00    +12.70   +41.91%
      20             285  2455      全新                  305.50        189.50    94.73%    335.50   356.50   329.00   345.00      525.00   525.00   491.00   500.00   +155.00   +44.93%
      21             118  2351      順德                   97.50         30.00    94.34%    169.00   170.50   161.50   164.00      236.00   244.50   229.00   233.50    +69.50   +42.38%
      22             195  3006      晶豪科                 180.00         79.00    94.32%    216.00   219.00   206.00   212.50      288.00   304.00   288.00   297.00    +84.50   +39.76%
      23              85  3017      奇鋐                 2085.00       1145.00    94.21%   2350.00  2490.00  2350.00  2440.00     3595.00  3595.00  3410.00  3420.00   +980.00   +40.16%
      24              55  7788      松川精密                182.00         64.00    94.09%    242.50   243.00   229.50   230.00      335.00   335.00   310.00   316.50    +86.50   +37.61%
      25             249  2464      盟立                   78.50         53.50    94.05%    151.00   152.00   145.50   148.50      213.00   213.00   202.50   203.00    +54.50   +36.70%
      26             620  2301      光寶科                 174.50         46.50    93.98%    220.50   228.00   214.50   218.00      314.00   314.00   297.00   299.00    +81.00   +37.16%
      27             263  3443      創意                 3555.00       2540.00    93.97%   4400.00  4420.00  4220.00  4380.00     6000.00  6030.00  5705.00  5935.00  +1555.00   +35.50%
      28             418  4977      眾達-KY                84.50         21.50    93.85%    135.00   144.00   134.00   134.50      182.00   182.50   175.50   179.50    +45.00   +33.46%
      29              25  6108      競國                    0.00          0.00    93.81%     16.85    16.95    16.60    16.75       23.30    23.60    22.80    22.95     +6.20   +37.01%
      30            1099  8039      台虹                  249.00        187.00    93.81%    242.00   256.00   231.00   256.00      324.00   327.00   306.00   327.00    +71.00   +27.73%
      31             158  2615      萬海                   11.00         11.50    93.72%     85.50    85.60    83.60    84.50      116.00   116.50   114.00   114.50    +30.00   +35.50%
      32             133  3167      大量                  668.00        560.00    93.70%    702.00   709.00   664.00   688.00      883.00   883.00   878.00   883.00   +195.00   +28.34%
      33              54  7795      長廣                  394.50        277.00    93.55%    433.00   435.00   402.00   411.00      519.00   549.00   510.00   536.00   +125.00   +30.41%
      34             306  3504      揚明光                   0.00          0.00    93.54%     64.70    66.80    63.60    64.70       89.70    89.80    83.40    84.50    +19.80   +30.60%
      35             691  2489      瑞軒                    0.00          0.00    93.41%     32.00    32.85    31.10    31.75       41.00    41.65    40.55    40.90     +9.15   +28.82%
      36             108  3605      宏致                   23.50         36.50    93.40%     93.00    94.50    90.40    94.50      121.50   128.00   117.00   120.50    +26.00   +27.51%
      37             126  2723      美食-KY                 0.00          0.00    93.39%     62.80    62.80    61.90    62.10       83.80    83.80    81.50    82.40    +20.30   +32.69%
      38             115  6672      騰輝電子-KY             124.50         70.00    93.38%    237.00   239.00   225.00   231.00      293.00   309.50   287.00   299.50    +68.50   +29.65%
      39              53  6214      精誠                   40.00          0.00    93.29%    143.50   143.50   139.00   141.00      186.00   186.50   184.50   185.00    +44.00   +31.21%
      40              32  5292      華懋                   40.50         15.50    93.28%    171.50   171.50   167.50   168.50      218.00   221.50   217.50   220.00    +51.50   +30.56%
==========================================================================================================================================================================
✅ 共 40 筆


══════════════════════════════════════════════════════════════════════════════════════════════════════════════
  🔄 第 19/30 次  2026/07/22 ～ 2026/09/04
══════════════════════════════════════════════════════════════════════════════════════════════════════════════

==========================================================================================================================================================================
📊 ROI 每日報酬率累計排名 (2026/07/22 ~ 2026/09/04)
==========================================================================================================================================================================
    實資排名          累計天數排名  代號        名稱                 累計漲停(元)       累計跌停(元)       強度%  (07/22)開盤      最高      最低      收盤    (09/04)開盤      最高      最低      收盤      賺賠    賺賠率
--------------------------------------------------------------------------------------------------------------------------------------------------------------------------
       1              20  6225      天瀚                    0.00          0.00   100.00%     26.90    27.00    25.15    25.15       60.00    60.90    59.80    60.00    +34.85  +138.57%
       2              26  7711      永擎                  438.00         93.50    98.15%    307.00   311.00   304.50   308.50      597.00   632.00   575.00   632.00   +323.50  +104.86%
       3              28  3406      玉晶光                 678.50        195.50    97.92%    535.00   542.00   521.00   529.00     1020.00  1070.00   962.00  1055.00   +526.00   +99.43%
       4              21  6933      AMAX-KY             194.00         39.50    97.57%    173.00   179.50   165.00   165.00      309.00   319.00   299.00   317.00   +152.00   +92.12%
       5              64  2426      鼎元                   19.20          9.50    97.16%     56.40    60.10    56.00    58.80       98.00   104.50    95.20   104.50    +45.70   +77.72%
       6              31  3008      大立光                4985.00       1960.00    97.16%   4050.00  4140.00  3955.00  4000.00     7205.00  7450.00  6880.00  7400.00  +3400.00   +85.00%
       7             270  6226      光鼎                    0.00          0.00    96.90%     17.70    19.85    17.60    19.10       33.00    33.50    30.70    33.50    +14.40   +75.39%
       8              48  2059      川湖                 9800.00       3595.00    96.29%   8370.00  8495.00  8060.00  8125.00    13890.00 14050.00 13150.00 13860.00  +5735.00   +70.58%
       9              16  2033      佳大                    0.00          0.00    96.15%     14.90    15.30    14.90    15.30       25.15    26.65    24.45    26.05    +10.75   +70.26%
      10              88  3653      健策                 4330.00       2145.00    96.15%   3545.00  3615.00  3405.00  3500.00     5835.00  5995.00  5725.00  5875.00  +2375.00   +67.86%
      11             107  2455      全新                  326.00        161.50    95.96%    308.00   324.50   306.00   324.50      548.00   548.00   492.50   528.00   +203.50   +62.71%
      12             110  6830      汎銓                  353.50        176.50    95.86%    362.50   381.00   358.50   370.50      610.00   625.00   574.00   597.00   +226.50   +61.13%
      13              33  6426      統新                  110.00         38.00    95.76%    167.00   168.00   163.50   167.00      270.00   274.00   251.00   269.50   +102.50   +61.38%
      14             104  6805      富世達                1560.00        935.00    95.63%   1470.00  1470.00  1390.00  1395.00     2150.00  2200.00  2080.00  2200.00   +805.00   +57.71%
      15              32  3017      奇鋐                 2260.00        995.00    95.48%   2385.00  2390.00  2255.00  2265.00     3465.00  3570.00  3410.00  3570.00  +1305.00   +57.62%
      16              82  3543      州巧                    0.00          0.00    95.31%     29.25    29.35    28.80    28.90       45.95    46.40    44.15    44.70    +15.80   +54.67%
      17              72  8103      瀚荃                   20.50          0.00    95.19%     78.40    81.10    78.30    80.00      123.00   126.00   118.50   122.50    +42.50   +53.12%
      18              18  6949      沛爾生醫-創              588.00        271.00    94.84%   1005.00  1020.00   995.00  1010.00          --       --       --       --        --        --
      19             127  6213      聯茂                  307.50        247.50    94.66%    373.00   387.50   363.00   367.00      537.00   545.00   493.50   517.00   +150.00   +40.87%
      20              62  6224      聚鼎                    0.00          0.00    94.60%     57.80    59.60    57.60    58.30       83.00    87.40    81.20    84.80    +26.50   +45.45%
      21             618  2491      吉祥全                   0.00          0.00    94.47%     32.50    32.80    30.30    30.80       44.85    44.85    41.70    42.00    +11.20   +36.36%
      22             108  2351      順德                   97.50         30.00    94.42%    169.00   172.50   164.50   168.00      230.00   239.50   226.50   239.50    +71.50   +42.56%
      23             392  2301      光寶科                 174.50         46.50    94.34%    214.00   221.00   213.00   218.00      308.00   316.00   302.00   308.00    +90.00   +41.28%
      24             213  2464      盟立                   78.50         53.50    94.33%    148.50   154.00   146.00   151.00      223.50   224.00   203.00   211.00    +60.00   +39.74%
      25              49  7788      松川精密                182.00         55.00    94.32%    230.00   244.00   230.00   239.50      319.00   339.50   315.00   335.00    +95.50   +39.87%
      26             214  4977      眾達-KY                84.50         21.50    94.25%    135.50   138.00   133.50   134.00      177.00   185.00   172.00   185.00    +51.00   +38.06%
      27             147  3504      揚明光                   0.00          0.00    94.24%     64.40    66.30    64.20    64.40       88.40    90.30    85.50    89.70    +25.30   +39.29%
      28              24  6108      競國                    0.00          0.00    93.97%     16.85    16.95    16.60    16.60       23.25    23.50    22.70    22.95     +6.35   +38.25%
      29            1101  8039      台虹                  242.50        187.00    93.87%    226.50   233.00   219.00   233.00      307.00   321.00   295.50   297.50    +64.50   +27.68%
      30             334  3443      創意                 3440.00       2540.00    93.85%   4305.00  4450.00  4235.00  4370.00     5945.00  6000.00  5680.00  5810.00  +1440.00   +32.95%
      31             167  2615      萬海                   11.00         11.50    93.76%     85.20    87.40    84.80    85.10      115.00   118.50   111.50   115.00    +29.90   +35.14%
      32              57  2357      華碩                  481.00        216.00    93.73%    740.00   772.00   740.00   757.00      988.00  1030.00   986.00  1025.00   +268.00   +35.40%
      33             249  2421      建準                   54.00          0.00    93.73%    131.00   133.50   130.50   132.00      168.50   179.00   166.00   178.00    +46.00   +34.85%
      34              30  2030      彰源                    0.00          0.00    93.58%     17.35    17.55    17.30    17.40       23.50    23.75    23.00    23.45     +6.05   +34.77%
      35             153  3450      聯鈞                  484.00        376.50    93.57%    450.00   469.00   448.00   458.50      574.00   585.00   554.00   580.00   +121.50   +26.50%
      36             560  2489      瑞軒                    0.00          0.00    93.55%     31.50    32.20    31.05    31.60       41.05    41.45    39.20    41.00     +9.40   +29.75%
      37             465  3006      晶豪科                 161.50         79.00    93.49%    209.00   219.00   209.00   217.50      285.00   289.00   263.50   278.50    +61.00   +28.05%
      38             101  3605      宏致                   23.50         36.50    93.44%     85.90    92.80    85.60    92.80      118.50   124.50   113.50   118.00    +25.20   +27.16%
      39              45  2851      中再保                   0.00          0.00    93.39%     36.15    36.45    35.45    35.70       47.45    47.85    46.30    46.65    +10.95   +30.67%
      40              52  6214      精誠                   40.00          0.00    93.35%    142.00   143.50   141.50   141.50      183.50   186.00   183.50   185.50    +44.00   +31.10%
==========================================================================================================================================================================
✅ 共 40 筆


══════════════════════════════════════════════════════════════════════════════════════════════════════════════
  🔄 第 20/30 次  2026/07/21 ～ 2026/09/03
══════════════════════════════════════════════════════════════════════════════════════════════════════════════

==========================================================================================================================================================================
📊 ROI 每日報酬率累計排名 (2026/07/21 ~ 2026/09/03)
==========================================================================================================================================================================
    實資排名          累計天數排名  代號        名稱                 累計漲停(元)       累計跌停(元)       強度%  (07/21)開盤      最高      最低      收盤    (09/03)開盤      最高      最低      收盤      賺賠    賺賠率
--------------------------------------------------------------------------------------------------------------------------------------------------------------------------
       1              21  6225      天瀚                    0.00          0.00   100.00%     26.50    26.80    25.95    26.05       58.00    60.70    58.00    60.40    +34.35  +131.86%
       2              28  7711      永擎                  381.00         93.50    97.58%    301.00   307.00   300.50   304.00      617.00   617.00   575.00   575.00   +271.00   +89.14%
       3              37  3406      玉晶光                 614.50        195.50    97.51%    508.00   534.00   504.00   531.00     1060.00  1070.00   990.00   991.00   +460.00   +86.63%
       4              71  2455      全新                  355.50        161.50    97.18%    283.50   298.50   281.50   295.00      541.00   555.00   520.00   525.00   +230.00   +77.97%
       5              75  2426      鼎元                    9.70          9.50    97.16%     55.00    57.80    54.30    54.80      105.00   107.50    95.00    95.00    +40.20   +73.36%
       6             281  6226      光鼎                    0.00          0.00    97.14%     19.30    19.50    18.30    18.30       35.10    35.55    32.00    32.00    +13.70   +74.86%
       7              33  3008      大立光                4750.00       1960.00    97.12%   3925.00  3990.00  3795.00  3985.00     7770.00  7825.00  7090.00  7150.00  +3165.00   +79.42%
       8              34  6933      AMAX-KY             179.00         49.50    96.77%    165.00   175.00   160.50   175.00      316.00   322.00   301.50   302.00   +127.00   +72.57%
       9              91  6830      汎銓                  377.50        176.50    96.71%    348.00   351.50   334.50   346.50      615.00   641.00   582.00   590.00   +243.50   +70.27%
      10              30  6426      統新                  121.50         38.00    96.62%    158.00   158.50   153.00   155.50      260.50   274.00   249.00   265.50   +110.00   +70.74%
      11              65  2059      川湖                 9540.00       3595.00    96.45%   7700.00  7975.00  7380.00  7975.00    13935.00 14195.00 13255.00 13450.00  +5475.00   +68.65%
      12              16  2033      佳大                    0.00          0.00    96.32%     14.75    15.15    14.75    15.15       24.45    25.55    24.45    25.55    +10.40   +68.65%
      13             169  3653      健策                 4070.00       2145.00    95.89%   3205.00  3520.00  3205.00  3520.00     5770.00  5820.00  5590.00  5615.00  +2095.00   +59.52%
      14              93  2464      盟立                   89.50         42.50    95.88%    138.00   141.50   135.00   140.00      215.00   222.00   214.00   222.00    +82.00   +58.57%
      15              60  8103      瀚荃                   20.50          0.00    95.64%     77.10    79.20    76.80    77.60      122.00   123.00   118.00   121.00    +43.40   +55.93%
      16              62  3543      州巧                    0.00          0.00    95.64%     29.05    29.30    28.75    28.85       48.65    48.65    43.90    44.90    +16.05   +55.63%
      17              17  6949      沛爾生醫-創              604.00        271.00    95.26%   1000.00  1060.00   980.00   994.00          --       --       --       --        --        --
      18             243  6805      富世達                1455.00        955.00    95.26%   1325.00  1425.00  1325.00  1415.00     2130.00  2170.00  2030.00  2095.00   +680.00   +48.06%
      19             101  6213      聯茂                  320.00        247.50    95.18%    334.00   354.50   334.00   354.50      550.00   552.00   509.00   512.00   +157.50   +44.43%
      20            1004  8039      台虹                  263.50        187.00    94.98%    196.00   212.00   194.00   212.00      316.00   318.50   291.00   293.00    +81.00   +38.21%
      21             601  2491      吉祥全                   0.00          0.00    94.92%     31.60    33.00    30.60    32.35       50.10    52.90    45.00    45.00    +12.65   +39.10%
      22             384  2301      光寶科                 185.50         46.50    94.84%    194.00   207.50   192.00   207.00      321.50   325.50   296.50   299.00    +92.00   +44.44%
      23             186  3443      創意                 3685.00       2540.00    94.71%   3830.00  4115.00  3810.00  4115.00     5895.00  6045.00  5725.00  5800.00  +1685.00   +40.95%
      24              86  3017      奇鋐                 1990.00       1050.00    94.68%   2190.00  2340.00  2175.00  2320.00     3395.00  3525.00  3290.00  3300.00   +980.00   +42.24%
      25             220  6442      光聖                 1050.00        725.00    94.68%   1260.00  1280.00  1210.00  1260.00     1840.00  1920.00  1770.00  1770.00   +510.00   +40.48%
      26             283  3006      晶豪科                 179.50         79.00    94.60%    192.00   199.50   191.00   199.50      300.50   309.50   275.00   277.00    +77.50   +38.85%
      27              78  6224      聚鼎                    0.00          0.00    94.53%     56.50    58.10    56.10    56.50       89.90    92.00    79.60    79.60    +23.10   +40.88%
      28             164  3504      揚明光                   0.00          0.00    94.49%     62.10    63.90    62.10    63.10       94.30    95.60    87.10    87.80    +24.70   +39.14%
      29              57  7788      松川精密                172.50         55.00    94.40%    236.50   237.50   223.00   229.00      330.00   332.00   297.50   315.00    +86.00   +37.55%
      30             100  3605      宏致                   23.50         36.50    94.40%     78.00    84.40    76.20    84.40      128.00   129.50   114.50   114.50    +30.10   +35.66%
      31             161  6141      柏承                    0.00          0.00    94.22%     38.50    38.95    37.35    38.55       55.00    56.20    51.50    51.70    +13.15   +34.11%
      32              23  6108      競國                    0.00          0.00    94.22%     16.70    17.00    16.65    16.70       24.25    24.25    23.05    23.05     +6.35   +38.02%
      33             136  2351      順德                   81.00         30.00    94.21%    157.00   164.00   157.00   163.50      234.00   235.00   222.00   223.00    +59.50   +36.39%
      34             358  2489      瑞軒                    0.00          0.00    94.10%     31.50    31.50    30.25    30.65       42.60    43.30    39.90    40.90    +10.25   +33.44%
      35             159  3450      聯鈞                  489.00        376.50    94.09%    385.00   427.50   382.50   427.50      598.00   606.00   554.00   554.00   +126.50   +29.59%
      36             137  2615      萬海                   11.00         11.50    94.05%     81.80    85.80    81.60    85.20      114.00   118.00   113.00   115.50    +30.30   +35.56%
      37              25  2030      彰源                    0.00          0.00    93.88%     17.35    17.35    17.20    17.30       22.60    23.40    22.60    23.40     +6.10   +35.26%
      38             386  4977      眾達-KY                72.00         21.50    93.79%    131.00   134.00   128.00   134.00      179.50   186.00   171.50   172.50    +38.50   +28.73%
      39              76  2357      華碩                  448.00        216.00    93.72%    700.00   739.00   698.00   736.00     1020.00  1025.00   962.00   971.00   +235.00   +31.93%
      40              46  2851      中再保                   0.00          0.00    93.67%     35.95    36.60    35.70    36.15       46.00    47.85    46.00    47.30    +11.15   +30.84%
==========================================================================================================================================================================
✅ 共 40 筆


══════════════════════════════════════════════════════════════════════════════════════════════════════════════
  🔄 第 21/30 次  2026/07/20 ～ 2026/09/02
══════════════════════════════════════════════════════════════════════════════════════════════════════════════

==========================================================================================================================================================================
📊 ROI 每日報酬率累計排名 (2026/07/20 ~ 2026/09/02)
==========================================================================================================================================================================
    實資排名          累計天數排名  代號        名稱                 累計漲停(元)       累計跌停(元)       強度%  (07/20)開盤      最高      最低      收盤    (09/02)開盤      最高      最低      收盤      賺賠    賺賠率
--------------------------------------------------------------------------------------------------------------------------------------------------------------------------
       1              24  6225      天瀚                    0.00          0.00   100.00%     26.50    26.60    25.55    25.55       57.50    60.00    52.60    58.00    +32.45  +127.01%
       2              26  3406      玉晶光                 645.50        136.50    98.79%    524.00   527.00   494.00   500.00      970.00  1070.00   970.00  1050.00   +550.00  +110.00%
       3              22  7711      永擎                  381.00         58.50    98.41%    298.50   306.00   281.50   298.00      570.00   625.00   567.00   610.00   +312.00  +104.70%
       4              21  6933      AMAX-KY             190.50         20.50    98.41%    156.00   167.50   146.00   163.50      314.50   331.00   309.00   331.00   +167.50  +102.45%
       5              41  2426      鼎元                    9.70          0.00    98.37%     54.30    55.60    50.60    53.50      108.00   111.00   100.00   104.50    +51.00   +95.33%
       6              25  3008      大立光                4860.00       1300.00    98.30%   4020.00  4050.00  3800.00  3875.00     7470.00  7955.00  7460.00  7810.00  +3935.00  +101.55%
       7              37  2455      全新                  373.50        144.50    98.18%    277.50   283.50   255.00   277.00      515.00   552.00   509.00   542.00   +265.00   +95.67%
       8              81  3653      健策                 4390.00       1990.00    97.09%   3175.00  3280.00  3060.00  3200.00     5755.00  5850.00  5660.00  5770.00  +2570.00   +80.31%
       9              40  2059      川湖                 9765.00       3180.00    96.94%   7970.00  8090.00  7610.00  7750.00    14220.00 14220.00 13600.00 13865.00  +6115.00   +78.90%
      10              83  6830      汎銓                  377.50        176.50    96.84%    360.00   361.50   330.50   343.00      570.00   618.00   568.00   598.00   +255.00   +74.34%
      11             299  6226      光鼎                    0.00          0.00    96.66%     20.30    20.95    20.30    20.30       33.30    34.60    33.00    34.15    +13.85   +68.23%
      12              47  6213      聯茂                  352.00        223.50    96.49%    332.00   343.00   312.00   322.50      545.00   566.00   532.00   536.00   +213.50   +66.20%
      13             576  8039      台虹                  282.50        166.50    96.49%    199.50   202.00   178.00   193.00      319.00   325.00   311.00   313.50   +120.50   +62.44%
      14              55  3543      州巧                    0.00          0.00    96.29%     30.10    30.30    28.50    28.75       47.90    49.80    47.25    48.65    +19.90   +69.22%
      15             293  2491      吉祥全                   0.00          0.00    96.27%     32.35    32.50    29.75    30.80       45.75    50.30    44.75    50.00    +19.20   +62.34%
      16              50  6426      統新                  121.50         38.00    96.25%    160.00   160.00   145.00   153.50      275.00   285.00   257.00   257.00   +103.50   +67.43%
      17              42  3605      宏致                   23.50         24.00    96.21%     79.30    79.30    72.50    76.80      123.50   134.00   120.00   127.00    +50.20   +65.36%
      18             175  6805      富世達                1565.00        940.00    95.98%   1370.00  1370.00  1270.00  1305.00     2240.00  2240.00  2110.00  2110.00   +805.00   +61.69%
      19              14  2033      佳大                    0.00          0.00    95.92%     14.60    14.90    14.45    14.90       23.90    24.90    23.85    24.65     +9.75   +65.44%
      20             174  2301      光寶科                 199.00         30.50    95.84%    196.00   200.00   187.50   193.50      297.00   328.00   296.50   315.00   +121.50   +62.79%
      21              67  3450      聯鈞                  527.50        328.50    95.66%    416.00   419.50   389.00   389.00      619.00   626.00   601.00   602.00   +213.00   +54.76%
      22             103  3443      創意                 4055.00       2445.00    95.64%   3880.00  3880.00  3535.00  3745.00     5955.00  6080.00  5860.00  5895.00  +2150.00   +57.41%
      23              62  8103      瀚荃                   20.50          0.00    95.64%     79.20    80.40    75.00    76.50      124.50   125.50   120.50   122.00    +45.50   +59.48%
      24              64  3017      奇鋐                 2175.00       1040.00    95.32%   2210.00  2240.00  2015.00  2135.00     3365.00  3490.00  3280.00  3310.00  +1175.00   +55.04%
      25             178  3006      晶豪科                 190.50         79.00    95.06%    196.50   199.00   182.50   188.50      276.00   284.50   271.00   281.50    +93.00   +49.34%
      26              49  6224      聚鼎                    0.00          0.00    95.06%     58.40    58.40    54.00    55.50       77.30    85.00    74.50    85.00    +29.50   +53.15%
      27             107  3504      揚明光                   0.00          0.00    95.04%     64.70    64.70    60.00    62.20       86.50    95.30    86.30    94.30    +32.10   +51.61%
      28             105  2464      盟立                   69.50         42.50    95.00%    142.00   143.00   131.00   134.50      181.50   202.00   181.50   202.00    +67.50   +50.19%
      29              17  6949      沛爾生醫-創              604.00        271.00    95.00%   1030.00  1030.00   933.00   991.00          --       --       --       --        --        --
      30             162  6442      光聖                 1090.00        700.00    94.83%   1300.00  1305.00  1170.00  1220.00     1645.00  1795.00  1640.00  1795.00   +575.00   +47.13%
      31              93  6141      柏承                    0.00          0.00    94.69%     40.00    40.50    37.05    37.70       57.80    58.70    54.10    54.80    +17.10   +45.36%
      32              71  2351      順德                   81.00         30.00    94.63%    167.00   167.00   155.50   156.00      227.00   236.00   222.00   229.00    +73.00   +46.79%
      33              35  2357      華碩                  496.00        177.00    94.46%    705.00   711.00   688.00   688.00     1000.00  1020.00   993.00  1010.00   +322.00   +46.80%
      34              16  6108      競國                    0.00          0.00    94.40%     16.45    16.80    16.20    16.40       23.55    24.60    23.50    23.90     +7.50   +45.73%
      35             184  2465      麗臺                    9.50          0.00    94.29%     77.00    78.90    73.00    74.50       99.20   105.00    99.20   105.00    +30.50   +40.94%
      36             230  4977      眾達-KY                72.00         21.50    94.14%    131.00   132.50   117.00   127.50      176.00   189.50   175.50   176.50    +49.00   +38.43%
      37              28  5292      華懋                   40.50          0.00    94.12%    167.00   168.00   161.00   164.00      237.00   239.00   227.00   234.50    +70.50   +42.99%
      38             335  2489      瑞軒                    0.00          0.00    94.05%     32.00    32.30    29.50    30.60       42.50    44.95    42.15    42.25    +11.65   +38.07%
      39             194  2408      南亞科                 345.00        251.50    94.02%    396.00   406.00   380.50   381.00      509.00   524.00   502.00   518.00   +137.00   +35.96%
      40              90  3229      晟鈦                    0.00          0.00    93.98%     41.35    41.35    37.20    37.65       50.00    52.30    50.00    51.20    +13.55   +35.99%
==========================================================================================================================================================================
✅ 共 40 筆


══════════════════════════════════════════════════════════════════════════════════════════════════════════════
  🔄 第 22/30 次  2026/07/17 ～ 2026/09/01
══════════════════════════════════════════════════════════════════════════════════════════════════════════════

==========================================================================================================================================================================
📊 ROI 每日報酬率累計排名 (2026/07/17 ~ 2026/09/01)
==========================================================================================================================================================================
    實資排名          累計天數排名  代號        名稱                 累計漲停(元)       累計跌停(元)       強度%  (07/17)開盤      最高      最低      收盤    (09/01)開盤      最高      最低      收盤      賺賠    賺賠率
--------------------------------------------------------------------------------------------------------------------------------------------------------------------------
       1              29  6225      天瀚                    0.00          0.00   100.00%     26.40    26.50    23.75    26.00       60.00    62.50    55.00    57.50    +31.50  +121.15%
       2              21  6933      AMAX-KY             183.50         20.50    98.92%    156.00   160.50   153.50   154.00      296.00   314.50   296.00   314.50   +160.50  +104.22%
       3              42  2426      鼎元                    9.70          0.00    98.68%     58.50    59.80    55.70    55.70       98.50   107.50    96.20   107.50    +51.80   +93.00%
       4              41  3406      玉晶光                 600.50        155.50    98.35%    543.00   547.00   515.00   519.00     1005.00  1090.00   993.00  1005.00   +486.00   +93.64%
       5              24  7711      永擎                  346.00         58.50    98.31%    303.50   308.00   295.00   295.00      535.00   580.00   533.00   575.00   +280.00   +94.92%
       6              65  2455      全新                  355.50        144.50    98.09%    295.00   297.50   282.00   282.00      490.00   524.00   474.00   524.00   +242.00   +85.82%
       7              38  3008      大立光                4630.00       1435.00    98.07%   4090.00  4200.00  3985.00  4010.00     7655.00  7995.00  7565.00  7580.00  +3570.00   +89.03%
       8              56  3653      健策                 4390.00       1885.00    97.80%   3260.00  3350.00  3150.00  3210.00     6075.00  6095.00  5820.00  5885.00  +2675.00   +83.33%
       9              35  2059      川湖                 9765.00       3035.00    97.53%   8575.00  8575.00  7835.00  7890.00    14010.00 14740.00 14005.00 14150.00  +6260.00   +79.34%
      10              26  6213      聯茂                  352.00        209.50    97.46%    312.50   336.00   311.00   319.00      550.00   575.00   545.00   550.00   +231.00   +72.41%
      11             393  8039      台虹                  282.50        166.50    97.29%    194.00   201.00   188.00   192.50      328.00   334.50   309.50   319.00   +126.50   +65.71%
      12              40  6426      統新                  121.50         38.00    97.14%    168.00   168.00   154.50   157.00      260.50   272.50   257.00   270.00   +113.00   +71.97%
      13             139  6805      富世達                1565.00        805.00    97.11%   1350.00  1440.00  1340.00  1345.00     2305.00  2320.00  2130.00  2285.00   +940.00   +69.89%
      14              36  6669      緯穎                 4750.00       1660.00    96.82%   4900.00  4995.00  4620.00  4620.00     7115.00  7800.00  7050.00  7800.00  +3180.00   +68.83%
      15              77  3543      州巧                    0.00          0.00    96.73%     30.40    30.60    29.05    29.05       53.30    53.50    48.10    48.30    +19.25   +66.27%
      16             205  6830      汎銓                  351.50        192.00    96.51%    367.50   383.00   356.00   358.50      527.00   572.00   510.00   572.00   +213.50   +59.55%
      17              14  2033      佳大                    0.00          0.00    96.47%     14.95    14.95    14.55    14.60       24.45    25.45    23.40    23.90     +9.30   +63.70%
      18              51  8103      瀚荃                   20.50          0.00    96.40%     80.60    82.20    78.20    78.70      120.50   127.50   116.50   126.50    +47.80   +60.74%
      19              82  3605      宏致                   23.50         24.00    96.40%     83.00    84.70    78.70    79.30      128.50   132.00   125.50   125.50    +46.20   +58.26%
      20             101  3443      創意                 4055.00       2435.00    96.26%   3950.00  4050.00  3780.00  3835.00     6490.00  6490.00  5925.00  5995.00  +2160.00   +56.32%
      21             524  6226      光鼎                    0.00          0.00    96.18%     22.75    23.50    22.55    22.55       32.80    34.00    31.00    34.00    +11.45   +50.78%
      22              53  3017      奇鋐                 2175.00       1005.00    96.03%   2160.00  2335.00  2145.00  2200.00     3435.00  3465.00  3350.00  3410.00  +1210.00   +55.00%
      23             313  2301      光寶科                 184.50         30.50    95.86%    209.00   210.00   196.50   196.50      305.50   307.00   299.00   300.50   +104.00   +52.93%
      24             522  2491      吉祥全                   0.00          0.00    95.71%     33.30    34.20    30.70    31.55       45.75    45.75    45.75    45.75    +14.20   +45.01%
      25              66  3450      聯鈞                  527.50        348.50    95.71%    450.00   457.00   432.00   432.00      648.00   653.00   620.00   625.00   +193.00   +44.68%
      26             110  6969      成信實業*-創               0.00          0.00    95.50%     25.30    25.30    24.00    24.00       34.95    35.65    34.70    34.90    +10.90   +45.42%
      27              28  6949      沛爾生醫-創              604.00        310.00    95.36%   1100.00  1120.00  1025.00  1030.00          --       --       --       --        --        --
      28              94  6141      柏承                    0.00          0.00    95.27%     42.00    44.00    40.60    40.70       58.90    59.90    57.20    58.00    +17.30   +42.51%
      29             353  3006      晶豪科                 190.50         88.50    95.21%    209.00   211.00   198.00   198.00      298.50   299.00   276.00   278.50    +80.50   +40.66%
      30              17  6108      競國                    0.00          0.00    95.14%     17.25    17.30    16.50    16.50       24.00    24.45    23.60    23.90     +7.40   +44.85%
      31              70  2615      萬海                   11.00         11.50    95.11%     80.30    81.50    79.50    79.50      112.50   116.00   111.00   114.50    +35.00   +44.03%
      32              49  2357      華碩                  496.00        189.00    95.08%    705.00   719.00   700.00   700.00     1000.00  1025.00   987.00  1010.00   +310.00   +44.29%
      33              25  5292      華懋                   40.50          0.00    95.04%    173.50   173.50   164.00   167.00      219.50   241.00   219.00   241.00    +74.00   +44.31%
      34             112  1709      和益                    0.00          0.00    94.91%     26.70    27.90    25.95    26.05       33.80    36.75    33.55    36.40    +10.35   +39.73%
      35             223  4977      眾達-KY                72.00         21.50    94.89%    137.00   139.50   130.00   130.00      179.50   184.50   178.00   178.50    +48.50   +37.31%
      36              89  7788      松川精密                172.50         55.00    94.76%    250.50   256.50   235.00   235.00      321.00   323.00   302.50   320.50    +85.50   +36.38%
      37             151  2421      建準                   40.50          0.00    94.72%    131.00   133.50   127.00   127.00      182.00   184.00   175.00   177.00    +50.00   +39.37%
      38             231  3504      揚明光                   0.00          0.00    94.67%     68.30    68.50    63.60    64.00       90.30    92.30    86.80    87.20    +23.20   +36.25%
      39              43  2395      研華                  315.00        103.00    94.66%    518.00   519.00   502.00   513.00      689.00   715.00   679.00   711.00   +198.00   +38.60%
      40             384  2489      瑞軒                    0.00          0.00    94.52%     34.40    34.50    32.05    32.15       42.20    45.00    41.75    42.80    +10.65   +33.13%
==========================================================================================================================================================================
✅ 共 40 筆


══════════════════════════════════════════════════════════════════════════════════════════════════════════════
  🔄 第 23/30 次  2026/07/16 ～ 2026/08/31
══════════════════════════════════════════════════════════════════════════════════════════════════════════════

==========================================================================================================================================================================
📊 ROI 每日報酬率累計排名 (2026/07/16 ~ 2026/08/31)
==========================================================================================================================================================================
    實資排名          累計天數排名  代號        名稱                 累計漲停(元)       累計跌停(元)       強度%  (07/16)開盤      最高      最低      收盤    (08/31)開盤      最高      最低      收盤      賺賠    賺賠率
--------------------------------------------------------------------------------------------------------------------------------------------------------------------------
       1              18  6225      天瀚                    0.00          0.00   100.00%     27.20    27.20    25.50    25.55       63.00    63.00    60.00    60.00    +34.45  +134.83%
       2              37  3406      玉晶光                 600.50        193.50    97.08%    556.00   572.00   548.00   557.00      916.00  1005.00   915.00  1005.00   +448.00   +80.43%
       3              27  3008      大立光                4630.00       1615.00    97.00%   4040.00  4350.00  4000.00  4260.00     7065.00  7735.00  7025.00  7650.00  +3390.00   +79.58%
       4              25  6933      AMAX-KY             155.00         20.50    96.87%    170.00   170.00   161.00   161.50      284.00   286.00   283.00   286.00   +124.50   +77.09%
       5              38  3653      健策                 4390.00       1965.00    96.85%   3260.00  3470.00  3230.00  3395.00     5710.00  6045.00  5690.00  5990.00  +2595.00   +76.44%
       6              24  6213      聯茂                  352.00        209.50    96.66%    336.00   337.00   321.00   325.00      563.00   591.00   534.00   548.00   +223.00   +68.62%
       7             258  8039      台虹                  282.50        166.50    96.61%    189.00   199.50   189.00   199.50      343.00   347.00   309.50   327.00   +127.50   +63.91%
       8              51  3543      州巧                    0.00          0.00    96.49%     32.10    32.10    30.80    30.95       53.90    55.30    52.50    53.30    +22.35   +72.21%
       9              13  2033      佳大                    0.00          0.00    96.45%     14.90    15.05    14.90    15.00       28.00    28.20    25.95    26.00    +11.00   +73.33%
      10              29  7711      永擎                  306.00         77.50    96.37%    312.50   316.00   310.00   314.00      486.00   535.00   483.00   535.00   +221.00   +70.38%
      11              56  3605      宏致                   23.50         10.50    96.15%     85.40    87.30    84.10    84.90      128.50   141.00   127.50   139.00    +54.10   +63.72%
      12             108  6805      富世達                1565.00        855.00    96.13%   1370.00  1435.00  1370.00  1415.00     2360.00  2375.00  2230.00  2305.00   +890.00   +62.90%
      13              85  2426      鼎元                    0.00          0.00    96.10%     62.00    64.00    61.40    61.80       95.10   100.50    88.40    97.80    +36.00   +58.25%
      14              33  2059      川湖                 9765.00       3770.00    96.09%   8410.00  8900.00  8295.00  8655.00    14250.00 14310.00 13850.00 14180.00  +5525.00   +63.84%
      15             151  2455      全新                  308.50        175.50    95.53%    311.00   317.50   303.00   313.00      428.00   477.00   428.00   477.00   +164.00   +52.40%
      16              30  3017      奇鋐                 2175.00       1015.00    95.41%   2275.00  2290.00  2155.00  2225.00     3280.00  3425.00  3250.00  3425.00  +1200.00   +53.93%
      17             487  2491      吉祥全                   0.00          0.00    95.40%     34.20    35.35    33.60    34.10       50.80    50.80    50.80    50.80    +16.70   +48.97%
      18              71  6426      統新                  121.50         52.00    95.40%    177.00   178.00   170.50   171.00      260.50   270.00   254.00   261.00    +90.00   +52.63%
      19              88  3443      創意                 4055.00       2680.00    95.03%   4120.00  4240.00  3990.00  4185.00     5850.00  6100.00  5680.00  6100.00  +1915.00   +45.76%
      20              91  8103      瀚荃                   20.50          0.00    94.64%     85.50    85.90    83.30    83.40      115.50   119.00   115.00   119.00    +35.60   +42.69%
      21              61  3450      聯鈞                  527.50        375.50    94.47%    470.50   494.50   452.00   480.00      627.00   646.00   601.00   646.00   +166.00   +34.58%
      22             299  2301      光寶科                 184.50         52.00    94.46%    218.00   222.00   211.00   218.00      311.00   314.50   304.00   305.00    +87.00   +39.91%
      23              54  2615      萬海                   11.00         11.50    94.37%     81.70    82.00    80.40    80.70      116.00   116.00   110.00   114.00    +33.30   +41.26%
      24              75  6669      緯穎                 4045.00       2155.00    94.28%   5090.00  5130.00  5000.00  5115.00     7100.00  7360.00  7035.00  7095.00  +1980.00   +38.71%
      25              42  2357      華碩                  485.00        204.00    94.21%    710.00   715.00   698.00   715.00      962.00  1005.00   951.00   999.00   +284.00   +39.72%
      26             159  6969      成信實業*-創               0.00          0.00    94.19%     25.40    25.70    25.30    25.70       34.90    34.90    34.20    34.60     +8.90   +34.63%
      27              73  6141      柏承                    0.00          0.00    94.17%     39.60    43.75    38.50    43.75       58.10    59.50    55.10    58.90    +15.15   +34.63%
      28             335  3006      晶豪科                 190.50         96.50    94.13%    233.50   236.00   219.00   220.00      265.50   293.50   263.50   292.50    +72.50   +32.95%
      29              43  6949      沛爾生醫-創              604.00        385.00    94.12%   1020.00  1115.00  1020.00  1105.00          --       --       --       --        --        --
      30              19  6108      競國                    0.00          0.00    94.02%     17.75    17.75    17.45    17.45       26.00    26.15    23.70    23.85     +6.40   +36.68%
      31              67  3229      晟鈦                    0.00          0.00    94.00%     35.80    40.45    35.80    40.45       55.40    56.90    53.20    53.40    +12.95   +32.01%
      32             440  6830      汎銓                  299.50        229.00    94.00%    380.00   404.50   375.50   395.50      522.00   523.00   501.00   520.00   +124.50   +31.48%
      33             986  6226      光鼎                    0.00          0.00    93.86%     27.05    27.50    25.05    25.05       35.25    36.60    31.50    31.60     +6.55   +26.15%
      34             113  2421      建準                   40.50          0.00    93.72%    137.00   138.00   133.50   135.00      163.50   179.50   163.00   179.50    +44.50   +32.96%
      35             186  3504      揚明光                   0.00          0.00    93.66%     69.80    72.00    67.20    69.60       87.70    93.30    86.30    90.30    +20.70   +29.74%
      36              41  6214      精誠                   40.00          0.00    93.51%    141.50   142.00   139.50   140.00      181.00   184.00   180.50   183.50    +43.50   +31.07%
      37             265  2408      南亞科                 345.00        284.50    93.41%    463.00   463.00   435.50   439.00      546.00   558.00   531.00   543.00   +104.00   +23.69%
      38             423  6782      視陽                   41.00          0.00    93.32%    199.00   203.00   198.00   199.00      241.50   254.50   239.00   254.50    +55.50   +27.89%
      39              50  2395      研華                  281.00        103.00    93.28%    530.00   531.00   520.00   530.00      664.00   677.00   656.00   677.00   +147.00   +27.74%
      40             415  4977      眾達-KY                72.00         35.50    93.16%    147.00   147.50   143.00   144.00      171.00   176.00   168.00   175.00    +31.00   +21.53%
==========================================================================================================================================================================
✅ 共 40 筆


══════════════════════════════════════════════════════════════════════════════════════════════════════════════
  🔄 第 24/30 次  2026/07/15 ～ 2026/08/28
══════════════════════════════════════════════════════════════════════════════════════════════════════════════

==========================================================================================================================================================================
📊 ROI 每日報酬率累計排名 (2026/07/15 ~ 2026/08/28)
==========================================================================================================================================================================
    實資排名          累計天數排名  代號        名稱                 累計漲停(元)       累計跌停(元)       強度%  (07/15)開盤      最高      最低      收盤    (08/28)開盤      最高      最低      收盤      賺賠    賺賠率
--------------------------------------------------------------------------------------------------------------------------------------------------------------------------
       1              24  6225      天瀚                    0.00          0.00   100.00%     25.50    27.10    25.50    26.30       66.00    66.00    59.50    59.50    +33.20  +126.24%
       2              87  8039      台虹                  300.50        150.00    98.59%    186.00   194.00   180.00   181.50      363.50   364.00   335.00   343.50   +162.00   +89.26%
       3              23  6213      聯茂                  352.00        185.50    97.55%    353.00   357.00   332.50   335.00      573.00   592.00   548.00   582.00   +247.00   +73.73%
       4              34  3653      健策                 4300.00       1965.00    97.46%   3140.00  3310.00  3085.00  3280.00     5750.00  5960.00  5690.00  5785.00  +2505.00   +76.37%
       5              29  3008      大立光                4265.00       1615.00    97.33%   4370.00  4370.00  3985.00  4040.00     7005.00  7270.00  6865.00  7065.00  +3025.00   +74.88%
       6             225  2491      吉祥全                   0.00          0.00    97.13%     34.75    34.90    33.50    33.80       56.40    56.40    54.20    56.40    +22.60   +66.86%
       7              49  6805      富世達                1585.00        815.00    97.09%   1355.00  1415.00  1335.00  1395.00     2265.00  2435.00  2255.00  2345.00   +950.00   +68.10%
       8              46  3543      州巧                    0.00          0.00    97.08%     31.70    31.95    30.55    31.80       54.00    54.50    54.00    54.50    +22.70   +71.38%
       9              27  2059      川湖                 9920.00       3650.00    97.00%   8050.00  8660.00  8005.00  8500.00    14500.00 14595.00 14005.00 14300.00  +5800.00   +68.24%
      10              15  2033      佳大                    0.00          0.00    96.96%     14.90    15.25    14.90    15.00       23.70    25.65    23.45    25.65    +10.65   +71.00%
      11              42  3406      玉晶光                 512.50        193.50    96.84%    591.00   594.00   545.00   554.00      840.00   917.00   831.00   917.00   +363.00   +65.52%
      12             181  2426      鼎元                    0.00          0.00    96.31%     63.80    64.60    61.70    63.90       99.00    99.20    93.20    96.10    +32.20   +50.39%
      13              30  3017      奇鋐                 2170.00       1015.00    96.21%   2140.00  2200.00  2120.00  2165.00     3360.00  3450.00  3320.00  3360.00  +1195.00   +55.20%
      14              97  3605      宏致                   23.50         10.50    96.16%     87.80    88.40    85.00    85.80      121.00   131.00   118.00   131.00    +45.20   +52.68%
      15              28  3229      晟鈦                    0.00          0.00    96.10%     37.00    37.05    36.35    36.80       55.50    58.00    53.50    55.40    +18.60   +50.54%
      16              48  6933      AMAX-KY             129.00         20.50    96.07%    164.00   171.50   158.50   170.50      260.00   260.00   256.00   260.00    +89.50   +52.49%
      17              45  7711      永擎                  258.00         77.50    96.02%    315.00   321.50   314.50   317.50      498.00   503.00   472.00   487.00   +169.50   +53.39%
      18              55  6141      柏承                    0.00          0.00    95.81%     36.50    39.80    36.15    39.80       54.00    59.50    53.70    58.20    +18.40   +46.23%
      19              78  3443      創意                 4035.00       2680.00    95.81%   4135.00  4185.00  3970.00  4120.00     5975.00  6245.00  5910.00  6015.00  +1895.00   +46.00%
      20              84  6426      統新                  121.50         52.00    95.76%    179.00   183.50   174.50   180.00      260.00   273.00   256.00   263.50    +83.50   +46.39%
      21             130  2301      光寶科                 184.50         39.50    95.72%    215.50   221.00   212.00   216.00      305.00   322.00   299.00   317.50   +101.50   +46.99%
      22              38  6949      沛爾生醫-創              684.00        385.00    95.68%    959.00  1025.00   950.00  1025.00          --       --       --       --        --        --
      23              19  6108      競國                    0.00          0.00    95.38%     17.45    17.80    17.45    17.75       24.30    26.15    24.10    25.70     +7.95   +44.79%
      24              36  6669      緯穎                 4065.00       2050.00    95.28%   4950.00  5160.00  4870.00  5095.00     6965.00  7245.00  6835.00  7200.00  +2105.00   +41.32%
      25             276  2455      全新                  265.50        175.50    95.26%    326.00   332.00   312.50   315.50      438.00   442.00   431.50   434.00   +118.50   +37.56%
      26              72  3450      聯鈞                  516.50        375.50    95.12%    491.50   493.50   451.50   480.00      586.00   635.00   576.00   635.00   +155.00   +32.29%
      27             120  6969      成信實業*-創               0.00          0.00    95.12%     25.75    25.85    25.00    25.85       36.05    36.05    34.20    35.15     +9.30   +35.98%
      28             273  6830      汎銓                  299.50        229.00    95.07%    394.00   396.00   383.00   390.00      521.00   535.00   520.00   525.00   +135.00   +34.62%
      29              95  2615      萬海                   11.00         11.50    94.87%     80.40    81.70    79.50    81.70      113.50   113.50   108.50   111.50    +29.80   +36.47%
      30              51  2357      華碩                  451.00        204.00    94.76%    705.00   720.00   705.00   712.00      975.00   981.00   955.00   965.00   +253.00   +35.53%
      31             107  1709      和益                    0.00          0.00    94.62%     28.05    28.10    25.85    27.35       34.50    36.45    34.15    36.15     +8.80   +32.18%
      32             210  3504      揚明光                   0.00          0.00    94.51%     72.80    72.80    69.00    69.20       92.50    94.00    88.30    89.50    +20.30   +29.34%
      33             972  6226      光鼎                    0.00          0.00    94.46%     26.35    28.00    25.95    27.80       33.90    34.00    33.75    34.00     +6.20   +22.30%
      34             400  9921      巨大                   10.00          0.00    94.31%     81.00    81.70    79.00    80.00      105.00   105.00   101.50   103.00    +23.00   +28.75%
      35              21  3712      永崴投控                  0.00          0.00    94.30%     16.40    16.70    16.00    16.15       21.85    21.85    20.55    20.75     +4.60   +28.48%
      36             208  8103      瀚荃                   10.00          0.00    94.29%     84.80    86.60    84.40    85.80      115.50   116.50   107.50   108.50    +22.70   +26.46%
      37             158  8271      宇瞻                   70.00         43.00    94.28%    176.00   182.50   176.00   181.50      235.50   244.00   232.50   232.50    +51.00   +28.10%
      38              63  6214      精誠                   40.00          0.00    94.21%    143.00   143.00   140.00   141.00      183.00   183.00   179.50   181.00    +40.00   +28.37%
      39              25  2030      彰源                    0.00          0.00    94.17%     17.40    17.80    17.40    17.75       22.90    23.10    22.50    22.80     +5.05   +28.45%
      40              43  00708L    期元大S&P黃金正2            0.00          0.00    94.06%     70.65    70.75    69.55    69.55       88.55    88.95    87.90    88.15    +18.60   +26.74%
==========================================================================================================================================================================
✅ 共 40 筆


══════════════════════════════════════════════════════════════════════════════════════════════════════════════
  🔄 第 25/30 次  2026/07/14 ～ 2026/08/27
══════════════════════════════════════════════════════════════════════════════════════════════════════════════

==========================================================================================================================================================================
📊 ROI 每日報酬率累計排名 (2026/07/14 ~ 2026/08/27)
==========================================================================================================================================================================
    實資排名          累計天數排名  代號        名稱                 累計漲停(元)       累計跌停(元)       強度%  (07/14)開盤      最高      最低      收盤    (08/27)開盤      最高      最低      收盤      賺賠    賺賠率
--------------------------------------------------------------------------------------------------------------------------------------------------------------------------
       1              16  6225      天瀚                    0.00          0.00   100.00%     24.00    25.50    24.00    24.65       68.00    68.00    61.70    66.00    +41.35  +167.75%
       2              94  8039      台虹                  300.50        150.00    97.15%    173.00   185.50   169.00   185.50      340.50   352.50   340.00   352.50   +167.00   +90.03%
       3              35  3653      健策                 4370.00       1965.00    96.39%   3205.00  3250.00  2990.00  3070.00     5955.00  5980.00  5595.00  5645.00  +2575.00   +83.88%
       4              25  2059      川湖                10425.00       3610.00    96.15%   7915.00  8000.00  7580.00  7995.00    14695.00 14815.00 14085.00 14340.00  +6345.00   +79.36%
       5              49  6805      富世達                1540.00        815.00    95.66%   1375.00  1405.00  1270.00  1320.00     2090.00  2225.00  2075.00  2225.00   +905.00   +68.56%
       6              32  6213      聯茂                  333.00        199.00    95.43%    358.00   365.00   325.00   348.50      585.00   599.00   556.00   563.00   +214.50   +61.55%
       7              60  3008      大立光                4115.00       1840.00    95.20%   4485.00  4485.00  4150.00  4265.00     6615.00  6915.00  6605.00  6915.00  +2650.00   +62.13%
       8              42  6949      沛爾生醫-創              774.00        385.00    95.12%    899.00   935.00   872.00   935.00          --       --       --       --        --        --
       9             138  2426      鼎元                    0.00          0.00    95.09%     67.50    68.30    60.40    62.70      101.50   102.00    94.90    96.60    +33.90   +54.07%
      10              63  3543      州巧                    0.00          0.00    94.92%     31.30    31.45    29.20    31.15       46.55    49.60    46.55    49.60    +18.45   +59.23%
      11              29  3017      奇鋐                 2195.00       1015.00    94.91%   2185.00  2220.00  2015.00  2120.00     3305.00  3440.00  3265.00  3340.00  +1220.00   +57.55%
      12             448  2491      吉祥全                   0.00          0.00    94.80%     34.00    34.65    31.90    33.70       45.75    51.30    45.20    51.30    +17.60   +52.23%
      13              36  7711      永擎                  258.00         77.50    94.77%    320.50   324.50   300.00   314.50      493.00   502.00   485.00   493.00   +178.50   +56.76%
      14              55  6141      柏承                    0.00          0.00    94.73%     38.20    38.55    34.25    36.20       53.50    55.40    50.00    54.90    +18.70   +51.66%
      15              33  3229      晟鈦                    0.00          0.00    94.70%     39.45    39.45    35.15    36.45       58.10    58.10    55.10    55.10    +18.65   +51.17%
      16              18  2033      佳大                    0.00          0.00    94.62%     15.35    15.45    14.90    15.00       22.95    23.90    22.90    23.35     +8.35   +55.67%
      17             101  6426      統新                  121.50         52.00    94.47%    183.00   186.00   164.00   174.50      270.00   274.50   255.00   259.50    +85.00   +48.71%
      18              98  3443      創意                 4040.00       2680.00    94.45%   4275.00  4275.00  3845.00  4020.00     6345.00  6370.00  5880.00  5920.00  +1900.00   +47.26%
      19              51  6933      AMAX-KY             105.50         20.50    94.15%    164.50   166.50   156.00   163.00      236.50   236.50   236.50   236.50    +73.50   +45.09%
      20             157  6830      汎銓                  310.50        229.00    93.99%    392.00   396.50   355.50   379.00      540.00   544.00   512.00   530.00   +151.00   +39.84%
      21             126  3406      玉晶光                 429.50        226.50    93.98%    614.00   615.00   569.00   587.00      793.00   834.00   792.00   834.00   +247.00   +42.08%
      22             202  2301      光寶科                 168.00         39.50    93.94%    221.50   222.50   203.50   212.50      308.50   309.00   300.00   301.00    +88.50   +41.65%
      23              46  2615      萬海                   11.00         11.50    93.87%     80.30    81.00    78.10    79.40      113.00   116.50   110.50   113.50    +34.10   +42.95%
      24             397  2455      全新                  265.50        175.50    93.84%    331.00   340.00   300.00   314.50      429.00   450.00   426.50   433.00   +118.50   +37.68%
      25             250  3605      宏致                   12.00         10.50    93.78%     89.40    89.90    83.70    86.40      111.50   121.50   111.50   119.50    +33.10   +38.31%
      26              44  6669      緯穎                 3870.00       2050.00    93.69%   4930.00  4985.00  4755.00  4905.00     6770.00  6960.00  6735.00  6815.00  +1910.00   +38.94%
      27             217  6969      成信實業*-創               0.00          0.00    93.64%     24.80    25.75    24.50    25.75       33.80    34.80    33.60    34.80     +9.05   +35.15%
      28              59  3037      欣興                  767.00        512.00    93.62%    896.00   914.00   826.00   874.00     1170.00  1205.00  1150.00  1180.00   +306.00   +35.01%
      29              99  8103      瀚荃                   10.00          0.00    93.53%     89.40    89.60    80.30    83.80      115.00   117.00   110.00   114.00    +30.20   +36.04%
      30              48  2357      華碩                  451.00        204.00    93.48%    710.00   710.00   690.00   703.00      966.00   977.00   962.00   968.00   +265.00   +37.70%
      31              22  6108      競國                    0.00          0.00    93.38%     18.30    18.30    17.10    17.45       23.85    24.60    23.10    23.80     +6.35   +36.39%
      32              80  8271      宇瞻                   70.00         43.00    93.34%    182.00   183.00   166.00   173.50      231.50   237.00   230.50   234.00    +60.50   +34.87%
      33             306  2464      盟立                   69.50         26.00    93.34%    166.00   167.50   152.50   159.00      194.50   211.00   194.50   211.00    +52.00   +32.70%
      34             196  3504      揚明光                   0.00          0.00    93.28%     76.60    77.30    68.80    71.20       89.00    94.10    87.30    94.10    +22.90   +32.16%
      35              20  3712      永崴投控                  0.00          0.00    93.23%     16.90    16.90    16.15    16.20       21.50    22.10    21.20    21.65     +5.45   +33.64%
      36             726  6446      藥華藥                 960.00        600.00    93.12%   1260.00  1260.00  1165.00  1200.00     1600.00  1640.00  1560.00  1560.00   +360.00   +30.00%
      37             377  3006      晶豪科                 189.00        115.50    93.10%    227.00   231.00   205.50   217.50      274.50   282.50   273.00   274.00    +56.50   +25.98%
      38              24  2030      彰源                    0.00          0.00    93.02%     17.30    17.65    17.10    17.40       23.30    23.80    22.95    23.00     +5.60   +32.18%
      39              28  2392      正崴                    0.00          0.00    92.97%     37.50    37.50    35.00    35.70       45.15    48.60    44.85    46.65    +10.95   +30.67%
      40             405  9921      巨大                   10.00          0.00    92.93%     79.20    82.20    77.40    81.30      104.50   105.50   102.50   105.00    +23.70   +29.15%
==========================================================================================================================================================================
✅ 共 40 筆


══════════════════════════════════════════════════════════════════════════════════════════════════════════════
  🔄 第 26/30 次  2026/07/13 ～ 2026/08/26
══════════════════════════════════════════════════════════════════════════════════════════════════════════════

==========================================================================================================================================================================
📊 ROI 每日報酬率累計排名 (2026/07/13 ~ 2026/08/26)
==========================================================================================================================================================================
    實資排名          累計天數排名  代號        名稱                 累計漲停(元)       累計跌停(元)       強度%  (07/13)開盤      最高      最低      收盤    (08/26)開盤      最高      最低      收盤      賺賠    賺賠率
--------------------------------------------------------------------------------------------------------------------------------------------------------------------------
       1              13  6225      天瀚                    0.00          0.00   100.00%     24.10    25.50    23.80    24.20       69.00    70.00    68.30    68.50    +44.30  +183.06%
       2              92  8039      台虹                  285.00        150.00    96.65%    169.00   169.00   169.00   169.00      302.00   320.50   294.00   320.50   +151.50   +89.64%
       3              39  3653      健策                 4370.00       2010.00    95.69%   3200.00  3280.00  3080.00  3195.00     5155.00  5725.00  5140.00  5725.00  +2530.00   +79.19%
       4              20  2059      川湖                10425.00       3695.00    95.68%   8210.00  8340.00  7850.00  8080.00    14295.00 14590.00 13855.00 14510.00  +6430.00   +79.58%
       5              44  6949      沛爾生醫-創              809.00        385.00    95.00%    931.00   943.00   870.00   900.00     1405.00  1490.00  1400.00  1490.00   +590.00   +65.56%
       6              31  6213      聯茂                  333.00        190.00    94.99%    390.00   407.50   357.00   359.50      530.00   583.00   525.00   583.00   +223.50   +62.17%
       7             141  2426      鼎元                    0.00          0.00    94.31%     72.10    73.30    66.00    67.10       89.80    99.80    88.20    99.80    +32.70   +48.73%
       8              37  3229      晟鈦                    0.00          0.00    94.25%     40.95    41.30    38.05    38.30       57.80    62.50    57.50    58.10    +19.80   +51.70%
       9              40  7711      永擎                  258.00         77.50    94.23%    310.00   323.50   309.00   317.00      510.00   510.00   489.00   493.00   +176.00   +55.52%
      10              83  6426      統新                  121.50         52.00    93.92%    190.50   192.00   181.00   182.00      251.00   275.00   250.00   268.00    +86.00   +47.25%
      11              21  2033      佳大                    0.00          0.00    93.84%     15.80    15.80    15.30    15.30       23.70    24.25    22.75    23.00     +7.70   +50.33%
      12              87  3443      創意                 4040.00       2725.00    93.76%   4385.00  4415.00  4180.00  4270.00     5640.00  6125.00  5570.00  6125.00  +1855.00   +43.44%
      13             133  6805      富世達                1340.00        905.00    93.72%   1465.00  1485.00  1395.00  1410.00     1830.00  2025.00  1825.00  2025.00   +615.00   +43.62%
      14              74  3543      州巧                    0.00          0.00    93.67%     33.30    33.40    30.30    30.75       40.95    45.10    40.95    45.10    +14.35   +46.67%
      15             120  3008      大立光                3490.00       1920.00    93.67%   4345.00  4345.00  4345.00  4345.00     5920.00  6290.00  5875.00  6290.00  +1945.00   +44.76%
      16              28  2615      萬海                   11.00         11.50    93.54%     79.60    79.90    78.80    79.20      127.00   129.50   114.00   115.00    +35.80   +45.20%
      17              73  3017      奇鋐                 2010.00       1120.00    93.49%   2420.00  2420.00  2210.00  2225.00     2880.00  3155.00  2850.00  3155.00   +930.00   +41.80%
      18             221  6969      成信實業*-創               0.00          0.00    93.29%     25.50    25.50    24.50    24.60       33.30    34.45    33.20    33.65     +9.05   +36.79%
      19             192  2301      光寶科                 168.00         49.00    93.26%    219.00   232.00   218.50   222.00      295.00   312.50   291.00   307.00    +85.00   +38.29%
      20             106  1709      和益                    0.00          0.00    93.12%     26.30    26.80    25.70    26.80       35.00    37.10    33.15    37.10    +10.30   +38.43%
      21             294  6830      汎銓                  310.50        244.50    93.10%    416.00   419.00   390.50   394.50      501.00   539.00   501.00   526.00   +131.50   +33.33%
      22              52  6669      緯穎                 3840.00       2105.00    93.08%   5170.00  5230.00  4940.00  4960.00     6325.00  6925.00  6300.00  6785.00  +1825.00   +36.79%
      23             873  2491      吉祥全                   0.00          0.00    93.07%     36.35    36.65    34.55    35.10       42.75    46.80    42.75    46.65    +11.55   +32.91%
      24              41  2357      華碩                  451.00        204.00    93.03%    706.00   725.00   703.00   704.00      923.00   980.00   919.00   971.00   +267.00   +37.93%
      25             152  6141      柏承                    0.00          0.00    93.02%     39.20    40.50    37.00    38.05       46.00    50.40    45.20    50.40    +12.35   +32.46%
      26             749  2455      全新                  265.50        190.00    92.88%    332.00   343.00   323.00   329.00      419.00   430.00   415.00   428.00    +99.00   +30.09%
      27              17  2030      彰源                    0.00          0.00    92.75%     17.80    17.90    17.30    17.40       23.65    23.75    22.75    23.50     +6.10   +35.06%
      28             123  3037      欣興                  747.00        541.00    92.71%    921.00   948.00   892.00   903.00     1090.00  1180.00  1080.00  1160.00   +257.00   +28.46%
      29             333  9921      巨大                   10.00          0.00    92.58%     74.10    79.90    73.90    79.90      104.50   108.00   103.00   104.50    +24.60   +30.79%
      30             184  8103      瀚荃                   10.00          0.00    92.48%     90.60    92.10    87.60    89.20      102.00   113.50   102.00   113.50    +24.30   +27.24%
      31             733  6446      藥華藥                 960.00        625.00    92.44%   1275.00  1310.00  1230.00  1250.00     1520.00  1600.00  1515.00  1585.00   +335.00   +26.80%
      32             193  6533      晶心科                 105.50         38.50    92.44%    210.50   210.50   210.50   210.50      251.50   273.00   249.00   269.00    +58.50   +27.79%
      33             370  2408      南亞科                 379.00        326.50    92.39%    466.50   466.50   420.50   423.00      510.00   522.00   504.00   517.00    +94.00   +22.22%
      34             574  3605      宏致                   12.00         10.50    92.38%     91.20    91.80    88.50    89.70      114.50   115.00   111.00   112.00    +22.30   +24.86%
      35              46  2395      研華                  281.00         90.00    92.37%    557.00   593.00   535.00   536.00      666.00   693.00   665.00   688.00   +152.00   +28.36%
      36              75  6214      精誠                   40.00          0.00    92.34%    145.50   146.00   140.00   141.00      181.50   184.00   180.50   181.00    +40.00   +28.37%
      37             101  3231      緯創                   59.50          9.50    92.30%    147.00   148.00   142.50   143.50      177.00   182.00   176.00   182.00    +38.50   +26.83%
      38             198  8271      宇瞻                   70.00         52.50    92.30%    183.00   185.50   181.00   183.00      231.00   232.00   228.00   231.00    +48.00   +26.23%
      39             297  3406      玉晶光                 354.50        248.50    92.29%    634.00   650.00   609.00   609.00      690.00   759.00   690.00   759.00   +150.00   +24.63%
      40              38  00708L    期元大S&P黃金正2            0.00          0.00    92.29%     70.90    71.85    70.60    70.90       90.50    91.90    90.50    90.85    +19.95   +28.14%
==========================================================================================================================================================================
✅ 共 40 筆


══════════════════════════════════════════════════════════════════════════════════════════════════════════════
  🔄 第 27/30 次  2026/07/09 ～ 2026/08/24
══════════════════════════════════════════════════════════════════════════════════════════════════════════════

==========================================================================================================================================================================
📊 ROI 每日報酬率累計排名 (2026/07/09 ~ 2026/08/24)
==========================================================================================================================================================================
    實資排名          累計天數排名  代號        名稱                 累計漲停(元)       累計跌停(元)       強度%  (07/09)開盤      最高      最低      收盤    (08/24)開盤      最高      最低      收盤      賺賠    賺賠率
--------------------------------------------------------------------------------------------------------------------------------------------------------------------------
       1              10  6225      天瀚                    0.00          0.00   100.00%     23.20    24.60    23.20    23.30       71.10    71.10    71.10    71.10    +47.80  +205.15%
       2             104  8039      台虹                  271.00        150.00    95.00%    143.00   154.00   142.00   154.00      282.00   295.00   265.00   265.00   +111.00   +72.08%
       3              20  2059      川湖                10200.00       3865.00    94.79%   8255.00  8545.00  8005.00  8250.00    13650.00 14720.00 13650.00 14410.00  +6160.00   +74.67%
       4              56  3653      健策                 3850.00       2020.00    94.03%   3280.00  3290.00  3180.00  3205.00     5280.00  5490.00  5110.00  5155.00  +1950.00   +60.84%
       5              23  7711      永擎                  267.50         55.50    93.96%    309.50   312.00   307.00   307.50      462.00   506.00   458.50   497.50   +190.00   +61.79%
       6              30  3229      晟鈦                    0.00          0.00    93.76%     37.65    38.75    37.35    38.75       61.30    61.40    58.80    59.70    +20.95   +54.06%
       7              25  2615      萬海                   11.00          0.00    93.46%     80.00    81.30    79.20    80.40      130.00   130.00   123.00   124.50    +44.10   +54.85%
       8             211  9921      巨大                   10.00          0.00    92.80%     74.10    74.50    72.70    72.70      108.50   109.50   103.50   104.00    +31.30   +43.05%
       9             117  1709      和益                    0.00          0.00    92.74%     23.95    25.00    23.50    24.40       34.25    36.30    33.55    34.65    +10.25   +42.01%
      10              52  00715L    期街口布蘭特正2              0.00          0.00    92.65%     38.42    39.00    38.35    38.78       52.10    52.80    51.40    52.55    +13.77   +35.51%
      11              31  2033      佳大                    0.00          0.00    92.52%     15.85    15.90    15.80    15.80       21.90    22.35    21.40    22.00     +6.20   +39.24%
      12             131  3008      大立光                3315.00       1920.00    92.43%   4025.00  4140.00  3950.00  3950.00     5620.00  5700.00  5375.00  5385.00  +1435.00   +36.33%
      13             220  2301      光寶科                 157.00         49.00    92.37%    216.50   220.00   212.50   213.50      263.50   287.00   263.50   287.00    +73.50   +34.43%
      14             249  6969      成信實業*-創               0.00          0.00    92.35%     26.75    26.75    25.65    26.00       35.25    35.25    33.60    34.30     +8.30   +31.92%
      15             121  6949      沛爾生醫-創              674.00        410.00    92.27%    969.00   972.00   920.00   925.00     1180.00  1260.00  1165.00  1235.00   +310.00   +33.51%
      16              38  2357      華碩                  425.00        204.00    92.20%    688.00   699.00   675.00   684.00      919.00   939.00   916.00   923.00   +239.00   +34.94%
      17              91  8271      宇瞻                   70.00         52.50    91.94%    183.00   186.00   179.00   181.00      232.00   246.00   231.50   235.50    +54.50   +30.11%
      18             237  6426      統新                  108.50         52.00    91.92%    189.00   197.00   186.00   187.50      239.50   242.50   233.00   238.50    +51.00   +27.20%
      19              74  6213      聯茂                  280.00        215.50    91.90%    395.00   404.50   381.50   385.00      509.00   525.00   478.00   482.50    +97.50   +25.32%
      20             212  6533      晶心科                 107.00         38.50    91.89%    193.00   195.00   191.00   191.50      248.50   250.50   245.00   246.50    +55.00   +28.72%
      21             502  3605      宏致                   12.00         10.50    91.89%     95.70    96.50    90.20    91.20      109.00   119.00   108.50   115.50    +24.30   +26.64%
      22              37  5515      建國                    0.00          0.00    91.81%     40.85    41.20    40.55    41.20       54.80    55.30    52.90    53.40    +12.20   +29.61%
      23              19  2030      彰源                    0.00          0.00    91.73%     17.75    17.95    17.60    17.80       22.55    23.80    22.50    23.00     +5.20   +29.21%
      24             222  3443      創意                 3485.00       2795.00    91.71%   4380.00  4560.00  4330.00  4340.00     5635.00  5690.00  5350.00  5365.00  +1025.00   +23.62%
      25             136  3037      欣興                  710.00        541.00    91.67%    890.00   925.00   867.00   875.00     1100.00  1120.00  1065.00  1075.00   +200.00   +22.86%
      26              22  2603      長榮                   12.50          0.00    91.65%    196.50   196.50   193.50   194.50      254.00   256.50   248.50   250.50    +56.00   +28.79%
      27              29  2027      大成鋼                   0.00          0.00    91.63%     40.80    41.00    40.00    40.00       51.00    52.30    50.50    51.00    +11.00   +27.50%
      28             120  6669      緯穎                 3495.00       2185.00    91.63%   5020.00  5215.00  4945.00  5040.00     6300.00  6410.00  6205.00  6300.00  +1260.00   +25.00%
      29              34  00708L    期元大S&P黃金正2            0.00          0.00    91.61%     71.55    71.65    70.75    71.25       90.05    91.40    89.50    90.65    +19.40   +27.23%
      30             161  6933      AMAX-KY              80.00         30.50    91.57%    157.50   157.50   157.50   157.50      185.00   198.00   185.00   194.50    +37.00   +23.49%
      31              27  6108      競國                    0.00          0.00    91.57%     18.45    18.60    18.30    18.60       24.70    24.70    23.40    23.40     +4.80   +25.81%
      32             114  2451      創見                  121.50         86.50    91.57%    252.50   264.00   251.00   253.50      317.00   329.50   312.00   316.00    +62.50   +24.65%
      33             227  3543      州巧                    0.00          0.00    91.53%     30.95    33.40    30.90    33.40       44.40    44.70    39.70    41.40     +8.00   +23.95%
      34             606  3006      晶豪科                 189.00        126.00    91.51%    219.00   237.00   219.00   237.00      257.00   282.00   252.50   282.00    +45.00   +18.99%
      35             108  6214      精誠                   40.00          0.00    91.49%    142.00   147.00   142.00   143.50      179.50   181.00   179.50   179.50    +36.00   +25.09%
      36              35  1439      雋揚                    0.00          0.00    91.49%     24.15    24.20    23.50    23.50       29.65    29.65    29.50    29.55     +6.05   +25.74%
      37             739  6598      ABC-KY                0.00          0.00    91.44%     22.75    22.90    22.65    22.85       28.55    28.55    27.70    28.00     +5.15   +22.54%
      38             217  3017      奇鋐                 1805.00       1245.00    91.44%   2380.00  2435.00  2335.00  2350.00     2865.00  2935.00  2830.00  2855.00   +505.00   +21.49%
      39              55  2609      陽明                    0.00          0.00    91.43%     52.50    52.50    51.50    51.60       65.80    66.80    63.50    64.50    +12.90   +25.00%
      40             113  2103      台橡                    0.00          0.00    91.39%     23.70    23.70    22.50    23.05       28.60    28.80    27.65    28.30     +5.25   +22.78%
==========================================================================================================================================================================
✅ 共 40 筆


══════════════════════════════════════════════════════════════════════════════════════════════════════════════
  🔄 第 28/30 次  2026/07/08 ～ 2026/08/21
══════════════════════════════════════════════════════════════════════════════════════════════════════════════

==========================================================================================================================================================================
📊 ROI 每日報酬率累計排名 (2026/07/08 ~ 2026/08/21)
==========================================================================================================================================================================
    實資排名          累計天數排名  代號        名稱                 累計漲停(元)       累計跌停(元)       強度%  (07/08)開盤      最高      最低      收盤    (08/21)開盤      最高      最低      收盤      賺賠    賺賠率
--------------------------------------------------------------------------------------------------------------------------------------------------------------------------
       1              10  6225      天瀚                    0.00          0.00   100.00%     23.20    23.20    22.60    23.00       64.70    64.70    64.70    64.70    +41.70  +181.30%
       2              38  8039      台虹                  285.00        133.00    97.18%    143.50   146.50   137.50   140.00      274.00   306.00   261.00   282.00   +142.00  +101.43%
       3              33  3653      健策                 3850.00       1780.00    95.17%   3305.00  3340.00  3120.00  3200.00     5530.00  5560.00  5330.00  5395.00  +2195.00   +68.59%
       4              19  3229      晟鈦                    0.00          0.00    95.05%     39.15    39.15    37.00    37.65       57.40    61.80    54.50    61.80    +24.15   +64.14%
       5              21  2059      川湖                 9330.00       3865.00    95.01%   8415.00  8440.00  7850.00  8095.00    13900.00 14000.00 13310.00 13385.00  +5290.00   +65.35%
       6              25  2615      萬海                   11.00          0.00    94.30%     78.00    79.40    77.80    79.40      113.00   124.50   111.50   124.50    +45.10   +56.80%
       7              30  00715L    期街口布蘭特正2              0.00          0.00    94.00%     35.57    36.64    35.57    36.61       52.95    53.65    52.80    53.15    +16.54   +45.18%
       8              29  7711      永擎                  231.50         55.50    93.99%    310.00   311.50   303.00   307.00      452.00   489.00   447.50   461.50   +154.50   +50.33%
       9              75  3543      州巧                    0.00          0.00    93.66%     31.30    32.35    30.20    30.40       43.45    44.00    42.10    44.00    +13.60   +44.74%
      10             177  9921      巨大                   10.00          0.00    93.64%     76.50    76.70    73.60    74.10      110.00   110.00   106.00   107.50    +33.40   +45.07%
      11              71  3008      大立光                3315.00       1695.00    93.50%   3950.00  4035.00  3870.00  3950.00     5520.00  5750.00  5260.00  5610.00  +1660.00   +42.03%
      12             321  2408      南亞科                 418.50        312.00    93.29%    414.00   422.00   391.00   396.00      519.00   534.00   512.00   528.00   +132.00   +33.33%
      13              17  6108      競國                    0.00          0.00    93.28%     18.30    18.55    18.20    18.35       26.55    26.55    24.80    25.95     +7.60   +41.42%
      14             109  1709      和益                    0.00          0.00    93.26%     24.55    24.75    23.40    23.95       30.80    33.30    30.60    33.30     +9.35   +39.04%
      15              40  2033      佳大                    0.00          0.00    93.17%     16.05    16.25    15.90    15.90       22.70    22.90    22.00    22.00     +6.10   +38.36%
      16              26  5515      建國                    0.00          0.00    93.03%     40.35    40.90    40.35    40.60       54.50    56.40    54.10    55.70    +15.10   +37.19%
      17              61  6213      聯茂                  280.00        185.00    92.95%    390.00   405.50   370.00   393.50      534.00   555.00   498.50   513.00   +119.50   +30.37%
      18              49  2357      華碩                  425.00        204.00    92.86%    675.00   687.00   670.00   687.00      913.00   923.00   906.00   921.00   +234.00   +34.06%
      19             273  6969      成信實業*-創               0.00          0.00    92.81%     25.40    27.50    25.15    27.50       35.90    36.50    34.75    35.25     +7.75   +28.18%
      20             367  6141      柏承                    0.00          0.00    92.80%     34.90    35.65    34.40    35.50       43.25    46.80    42.30    45.40     +9.90   +27.89%
      21              70  6214      精誠                   40.00          0.00    92.76%    135.00   136.50   133.50   135.00      179.50   180.00   178.50   179.50    +44.50   +32.96%
      22             152  6933      AMAX-KY              94.00         30.50    92.72%    145.50   145.50   141.00   143.50      191.00   193.00   185.00   185.50    +42.00   +29.27%
      23             167  6533      晶心科                 107.00         38.50    92.68%    192.50   194.50   189.50   192.50      245.00   250.00   243.00   250.00    +57.50   +29.87%
      24             171  3443      創意                 3485.00       2620.00    92.68%   4500.00  4570.00  4330.00  4400.00     5620.00  5830.00  5425.00  5600.00  +1200.00   +27.27%
      25             234  6426      統新                  108.50         52.00    92.65%    184.50   194.00   183.00   189.00      251.00   260.50   240.00   241.00    +52.00   +27.51%
      26             478  6505      台塑化                   0.00          0.00    92.59%     58.70    60.40    58.60    59.40       72.90    76.50    72.50    75.80    +16.40   +27.61%
      27              68  3037      欣興                  722.00        531.00    92.58%    856.00   882.00   843.00   863.00     1120.00  1120.00  1030.00  1085.00   +222.00   +25.72%
      28             129  8271      宇瞻                   70.00         52.50    92.54%    186.50   187.50   178.00   181.00      233.00   237.00   230.50   232.50    +51.50   +28.45%
      29             138  6805      富世達                1225.00        900.00    92.54%   1495.00  1495.00  1345.00  1395.00     1870.00  1875.00  1760.00  1765.00   +370.00   +26.52%
      30             528  6598      ABC-KY                0.00          0.00    92.36%     22.65    23.05    22.65    22.75       28.75    28.80    27.80    28.55     +5.80   +25.49%
      31             219  5608      四維航                   0.00          0.00    92.35%     14.70    14.90    14.45    14.75       17.15    18.75    16.80    18.75     +4.00   +27.12%
      32              56  2637      慧洋-KY                 0.00          0.00    92.34%     79.10    81.40    79.10    80.00       93.50   104.00    93.40   102.00    +22.00   +27.50%
      33              24  2603      長榮                   12.50          0.00    92.33%    190.00   196.00   189.50   196.00      246.50   254.00   246.00   251.50    +55.50   +28.32%
      34             103  2451      創見                  121.50         86.50    92.30%    254.00   257.00   247.00   250.00      285.00   312.50   285.00   312.50    +62.50   +25.00%
      35             135  3017      奇鋐                 1830.00       1235.00    92.27%   2425.00  2440.00  2290.00  2325.00     2995.00  3035.00  2850.00  2865.00   +540.00   +23.23%
      36             164  6669      緯穎                 3450.00       2195.00    92.25%   5075.00  5085.00  4900.00  5050.00     6285.00  6445.00  6230.00  6255.00  +1205.00   +23.86%
      37             873  2455      全新                  265.50        165.50    92.25%    319.00   342.00   313.50   335.00      404.00   411.00   393.50   406.00    +71.00   +21.19%
      38             626  3006      晶豪科                 185.00        126.00    92.22%    219.00   225.00   208.50   215.50      249.50   260.50   247.00   256.50    +41.00   +19.03%
      39              23  2030      彰源                    0.00          0.00    92.18%     18.80    19.00    17.55    17.75       21.85    22.50    21.60    22.30     +4.55   +25.63%
      40             387  2301      光寶科                 131.00         49.00    92.16%    214.00   217.00   209.00   214.00      266.00   269.50   251.00   261.00    +47.00   +21.96%
==========================================================================================================================================================================
✅ 共 40 筆


══════════════════════════════════════════════════════════════════════════════════════════════════════════════
  🔄 第 29/30 次  2026/07/07 ～ 2026/08/19
══════════════════════════════════════════════════════════════════════════════════════════════════════════════

==========================================================================================================================================================================
📊 ROI 每日報酬率累計排名 (2026/07/07 ~ 2026/08/19)
==========================================================================================================================================================================
    實資排名          累計天數排名  代號        名稱                 累計漲停(元)       累計跌停(元)       強度%  (07/07)開盤      最高      最低      收盤    (08/19)開盤      最高      最低      收盤      賺賠    賺賠率
--------------------------------------------------------------------------------------------------------------------------------------------------------------------------
       1              12  6225      天瀚                    0.00          0.00   100.00%     23.50    23.60    23.15    23.15       53.60    53.60    50.00    53.60    +30.45  +131.53%
       2              64  8039      台虹                  285.00        133.00    98.78%    148.50   149.50   140.00   141.00      270.00   284.00   266.00   271.50   +130.50   +92.55%
       3              26  3653      健策                 3850.00       1575.00    97.40%   3315.00  3355.00  3170.00  3195.00     4895.00  5540.00  4890.00  5460.00  +2265.00   +70.89%
       4              18  2059      川湖                 9330.00       3490.00    97.39%   8560.00  8560.00  8200.00  8260.00    13895.00 14500.00 13895.00 14095.00  +5835.00   +70.64%
       5              31  00715L    期街口布蘭特正2              0.00          0.00    96.78%     32.75    33.10    32.53    33.08       51.60    51.85    51.15    51.20    +18.12   +54.78%
       6              25  7711      永擎                  231.50         55.50    96.60%    325.50   326.50   309.50   310.00      476.00   490.00   467.00   490.00   +180.00   +58.06%
       7             151  6969      成信實業*-創               0.00          0.00    95.87%     25.40    25.50    24.60    25.00       32.20    35.40    32.20    35.00    +10.00   +40.00%
       8              53  3008      大立光                3280.00       1695.00    95.77%   4150.00  4150.00  3870.00  3890.00     5135.00  5720.00  5110.00  5550.00  +1660.00   +42.67%
       9             259  3605      宏致                   12.00         10.50    95.71%     90.00    95.70    84.30    84.90      120.00   122.50   116.50   119.00    +34.10   +40.16%
      10             123  3543      州巧                    0.00          0.00    95.49%     34.80    34.80    31.45    31.55       42.25    44.00    42.05    43.55    +12.00   +38.03%
      11              55  2395      研華                  312.50         66.00    95.48%    519.00   522.00   493.00   496.50      674.00   704.00   667.00   694.00   +197.50   +39.78%
      12              41  2033      佳大                    0.00          0.00    95.48%     16.35    16.35    16.00    16.15       21.90    24.15    21.85    22.50     +6.35   +39.32%
      13              32  2357      華碩                  449.00        204.00    95.47%    681.00   681.00   661.00   663.00      896.00   925.00   891.00   925.00   +262.00   +39.52%
      14              36  3037      欣興                  745.00        476.00    95.44%    880.00   901.00   836.00   840.00     1110.00  1165.00  1085.00  1130.00   +290.00   +34.52%
      15             433  9921      巨大                   10.00          0.00    95.40%     77.10    77.10    74.50    75.70       97.30   104.50    96.00   104.00    +28.30   +37.38%
      16              24  2615      萬海                    0.00          0.00    95.32%     79.40    79.40    77.00    77.00      102.50   107.00    99.80   106.50    +29.50   +38.31%
      17              76  6933      AMAX-KY              94.00         30.50    95.26%    151.00   151.50   141.00   143.00      186.00   193.00   186.00   190.50    +47.50   +33.22%
      18              35  3229      晟鈦                    0.00          0.00    95.24%     41.70    42.70    38.80    39.10       49.45    52.50    49.00    51.80    +12.70   +32.48%
      19             255  1709      和益                    0.00          0.00    95.13%     24.30    25.15    24.05    24.50       32.00    33.85    31.85    32.55     +8.05   +32.86%
      20              20  6108      競國                    0.00          0.00    95.12%     18.95    19.10    18.35    18.35       23.75    25.80    23.35    24.75     +6.40   +34.88%
      21              49  6214      精誠                   40.00          0.00    95.12%    136.50   136.50   133.00   133.00      174.50   181.50   174.50   178.50    +45.50   +34.21%
      22              71  6213      聯茂                  294.50        185.00    95.03%    392.00   424.50   373.00   379.00      466.50   500.00   466.50   484.00   +105.00   +27.70%
      23             335  6141      柏承                    0.00          0.00    95.03%     37.50    38.60    35.00    35.00       39.00    45.35    39.00    44.50     +9.50   +27.14%
      24              28  5515      建國                    0.00          0.00    94.98%     40.70    41.00    40.40    40.65       53.50    55.20    52.50    53.80    +13.15   +32.35%
      25             124  6533      晶心科                 107.00         38.50    94.93%    203.50   203.50   191.50   192.00      244.00   253.00   244.00   248.50    +56.50   +29.43%
      26             173  2301      光寶科                 131.00         49.00    94.91%    224.00   228.00   212.00   213.00      268.00   282.00   265.00   273.50    +60.50   +28.40%
      27             216  6426      統新                  108.50         52.00    94.85%    190.50   200.00   181.50   183.00      220.00   244.00   220.00   231.00    +48.00   +26.23%
      28             779  2455      全新                  282.00        165.50    94.80%    342.00   362.00   317.50   318.50      385.50   415.00   385.00   396.50    +78.00   +24.49%
      29             146  3017      奇鋐                 1830.00       1240.00    94.78%   2670.00  2670.00  2410.00  2450.00     2915.00  3160.00  2900.00  3095.00   +645.00   +26.33%
      30              78  6669      緯穎                 3485.00       2125.00    94.78%   5025.00  5235.00  5010.00  5015.00     6190.00  6425.00  6190.00  6375.00  +1360.00   +27.12%
      31              83  3189      景碩                  647.00        485.00    94.78%    761.00   770.00   687.00   687.00      834.00   902.00   832.00   849.00   +162.00   +23.58%
      32              22  2603      長榮                   12.50          0.00    94.61%    191.00   191.50   186.50   188.00      236.00   240.50   232.00   240.50    +52.50   +27.93%
      33             646  2408      南亞科                 407.50        312.00    94.57%    423.00   437.00   402.00   403.00      489.00   494.50   480.00   481.00    +78.00   +19.35%
      34              37  00642U    期元大S&P石油              0.00          0.00    94.47%     22.51    22.66    22.45    22.65       28.32    28.32    28.12    28.13     +5.48   +24.19%
      35             167  6805      富世達                1225.00        910.00    94.46%   1570.00  1630.00  1470.00  1490.00     1860.00  1935.00  1770.00  1800.00   +310.00   +20.81%
      36             519  6505      台塑化                   0.00          0.00    94.41%     59.60    59.80    57.70    58.00       73.00    73.00    70.10    70.20    +12.20   +21.03%
      37             115  7750      新代                 1355.00        905.00    94.41%   2145.00  2190.00  2050.00  2065.00     2475.00  2540.00  2360.00  2515.00   +450.00   +21.79%
      38              51  2359      所羅門                  64.00         53.50    94.37%    143.50   144.50   133.50   134.50      175.00   180.50   160.00   161.00    +26.50   +19.70%
      39             430  3443      創意                 3485.00       2670.00    94.33%   4770.00  4830.00  4425.00  4480.00     5350.00  5530.00  5230.00  5295.00   +815.00   +18.19%
      40              65  2605      新興                    0.00          0.00    94.31%     31.00    31.00    29.60    29.85       35.90    37.60    35.00    36.75     +6.90   +23.12%
==========================================================================================================================================================================
✅ 共 40 筆


══════════════════════════════════════════════════════════════════════════════════════════════════════════════
  🔄 第 30/30 次  2026/07/06 ～ 2026/08/18
══════════════════════════════════════════════════════════════════════════════════════════════════════════════

==========================================================================================================================================================================
📊 ROI 每日報酬率累計排名 (2026/07/06 ~ 2026/08/18)
==========================================================================================================================================================================
    實資排名          累計天數排名  代號        名稱                 累計漲停(元)       累計跌停(元)       強度%  (07/06)開盤      最高      最低      收盤    (08/18)開盤      最高      最低      收盤      賺賠    賺賠率
--------------------------------------------------------------------------------------------------------------------------------------------------------------------------
       1              12  6225      天瀚                    0.00          0.00   100.00%     24.10    25.00    23.50    23.50       48.80    48.80    48.80    48.80    +25.30  +107.66%
       2              65  8039      台虹                  285.00        133.00    99.43%    151.00   160.00   149.50   149.50      258.00   284.50   258.00   277.50   +128.00   +85.62%
       3              14  2059      川湖                 9805.00       3215.00    99.01%   8000.00  8000.00  7495.00  7785.00    14105.00 15085.00 13965.00 14370.00  +6585.00   +84.59%
       4              24  00715L    期街口布蘭特正2              0.00          0.00    97.80%     32.04    32.80    32.00    32.48       50.20    50.95    50.00    50.80    +18.32   +56.40%
       5              37  3653      健策                 3540.00       1700.00    97.51%   3475.00  3475.00  3320.00  3320.00     5370.00  5485.00  5120.00  5150.00  +1830.00   +55.12%
       6              28  7711      永擎                  231.50         70.50    97.17%    328.00   331.00   325.00   325.00      480.00   495.00   480.00   492.00   +167.00   +51.38%
       7             245  3605      宏致                   12.00         10.50    96.50%     90.30    91.50    85.80    87.70      133.00   133.00   119.00   121.00    +33.30   +37.97%
       8             220  3543      州巧                    0.00          0.00    96.11%     29.50    31.95    29.50    31.95       42.05    43.25    42.05    42.60    +10.65   +33.33%
       9              46  2033      佳大                    0.00          0.00    96.08%     16.40    16.50    16.30    16.40       22.15    22.30    21.25    22.00     +5.60   +34.15%
      10              41  2357      華碩                  434.00        221.00    96.04%    681.00   689.00   672.00   680.00      930.00   933.00   891.00   910.00   +230.00   +33.82%
      11             157  6426      統新                  108.50         39.00    95.99%    201.00   206.00   188.00   188.00      239.50   244.50   233.50   244.00    +56.00   +29.79%
      12              18  5515      建國                    0.00          0.00    95.97%     40.40    40.80    40.15    40.60       52.00    54.50    51.50    54.20    +13.60   +33.50%
      13             246  1709      和益                    0.00          0.00    95.96%     24.45    25.45    24.10    24.85       32.55    33.25    30.95    32.70     +7.85   +31.59%
      14             118  2395      研華                  297.50         84.50    95.91%    523.00   528.00   506.00   515.00      674.00   682.00   666.00   679.00   +164.00   +31.84%
      15              92  6933      AMAX-KY              94.00         30.50    95.88%    153.00   156.00   149.00   149.00      193.00   193.00   186.50   191.50    +42.50   +28.52%
      16             328  6969      成信實業*-創               0.00          0.00    95.85%     25.85    26.25    25.60    25.60       32.70    33.00    31.85    32.20     +6.60   +25.78%
      17              34  2615      萬海                    0.00          0.00    95.80%     80.20    81.50    79.40    80.00       99.90   108.00    98.90   105.00    +25.00   +31.25%
      18             137  3008      大立光                3020.00       1940.00    95.77%   4210.00  4280.00  4010.00  4135.00     5115.00  5330.00  5055.00  5290.00  +1155.00   +27.93%
      19              36  3037      欣興                  745.00        538.00    95.76%    972.00   972.00   897.00   917.00     1130.00  1200.00  1115.00  1145.00   +228.00   +24.86%
      20              77  6214      精誠                   40.00          0.00    95.70%    134.50   137.00   134.50   136.50      175.00   176.00   173.50   176.00    +39.50   +28.94%
      21              59  6669      緯穎                 3485.00       2120.00    95.69%   5325.00  5325.00  4995.00  5035.00     6595.00  6650.00  6285.00  6400.00  +1365.00   +27.11%
      22             596  2408      南亞科                 407.50        278.00    95.69%    428.00   443.00   420.50   420.50      540.00   553.00   511.00   515.00    +94.50   +22.47%
      23              78  6213      聯茂                  294.50        202.00    95.65%    409.50   411.00   379.00   396.00      486.00   500.00   477.00   488.00    +92.00   +23.23%
      24             758  2455      全新                  282.00        164.00    95.65%    372.50   375.00   337.00   338.00      435.00   437.50   409.50   417.50    +79.50   +23.52%
      25             141  6805      富世達                1225.00        830.00    95.63%   1645.00  1650.00  1560.00  1570.00     1950.00  1995.00  1900.00  1960.00   +390.00   +24.84%
      26             648  9921      巨大                   10.00          0.00    95.59%     77.10    78.70    76.60    77.10       97.00    98.40    95.20    97.40    +20.30   +26.33%
      27              42  2359      所羅門                  64.00         37.00    95.59%    143.00   146.00   142.00   142.50      178.00   183.00   164.50   177.50    +35.00   +24.56%
      28              60  3229      晟鈦                    0.00          0.00    95.51%     42.75    43.50    41.55    41.70       54.70    57.40    50.50    51.10     +9.40   +22.54%
      29              27  00642U    期元大S&P石油              0.00          0.00    95.44%     22.34    22.60    22.34    22.48       27.90    28.12    27.86    28.10     +5.62   +25.00%
      30             352  2301      光寶科                 131.00         60.00    95.40%    224.00   233.50   222.00   224.00      266.00   279.50   265.00   273.50    +49.50   +22.10%
      31             317  6533      晶心科                 107.00         38.50    95.39%    201.50   210.50   200.00   200.00      244.00   248.50   243.00   245.00    +45.00   +22.50%
      32             348  3443      創意                 3485.00       2555.00    95.37%   5105.00  5105.00  4555.00  4605.00     5845.00  5885.00  5520.00  5535.00   +930.00   +20.20%
      33             500  2634      漢翔                    0.00          0.00    95.35%     63.40    64.50    60.30    60.30       71.90    76.50    70.70    73.30    +13.00   +21.56%
      34              29  6108      競國                    0.00          0.00    95.33%     19.10    19.35    18.85    19.00       23.10    24.00    23.00    23.60     +4.60   +24.21%
      35             436  6505      台塑化                   0.00          0.00    95.32%     59.50    61.40    58.20    59.50       71.30    76.20    71.30    72.00    +12.50   +21.01%
      36             435  8046      南電                 1128.00        958.00    95.23%   1160.00  1170.00  1070.00  1075.00     1320.00  1355.00  1245.00  1245.00   +170.00   +15.81%
      37             674  6598      ABC-KY                0.00          0.00    95.15%     23.20    23.70    22.80    23.25       28.80    29.20    27.75    27.75     +4.50   +19.35%
      38             370  6949      沛爾生醫-創              603.00        445.00    95.12%    890.00   902.00   875.00   891.00     1035.00  1085.00  1035.00  1055.00   +164.00   +18.41%
      39              30  2603      長榮                   12.50          0.00    95.11%    197.00   198.50   194.50   195.50      232.00   242.00   231.00   238.00    +42.50   +21.74%
      40              58  2027      大成鋼                   0.00          0.00    95.07%     41.15    41.65    41.10    41.30       49.30    50.20    48.80    49.70     +8.40   +20.34%
==========================================================================================================================================================================
✅ 共 40 筆
