資料日期,股票代號,股票名稱,20261005成交量,20261002成交量,20261001成交量,20260930成交量,20260929成交量,20260924成交量,20260923成交量,20260922成交量,20260921成交量,20260918成交量,20260917成交量,20260916成交量,20260915成交量,20260914成交量,20260911成交量,20260910成交量,20260909成交量,20260908成交量,20260907成交量,20260904成交量,20260903成交量,20260902成交量,20260901成交量,20260831成交量,20260828成交量,20260827成交量,20260826成交量,20260824成交量,20260821成交量,20260820成交量,近3日平均成交量,最新成交量占個股近3日總量(%),最新成交量占全市場近3日總量(%),近5日平均成交量,最新成交量占個股近5日總量(%),最新成交量占全市場近5日總量(%),近10日平均成交量,最新成交量占個股近10日總量(%),最新成交量占全市場近10日總量(%),近15日平均成交量,最新成交量占個股近15日總量(%),最新成交量占全市場近15日總量(%),近20日平均成交量,最新成交量占個股近20日總量(%),最新成交量占全市場近20日總量(%),近30日平均成交量,最新成交量占個股近30日總量(%),最新成交量占全市場近30日總量(%)
report_date,code,name,volume_20261005,volume_20261002,volume_20261001,volume_20260930,volume_20260929,volume_20260924,volume_20260923,volume_20260922,volume_20260921,volume_20260918,volume_20260917,volume_20260916,volume_20260915,volume_20260914,volume_20260911,volume_20260910,volume_20260909,volume_20260908,volume_20260907,volume_20260904,volume_20260903,volume_20260902,volume_20260901,volume_20260831,volume_20260828,volume_20260827,volume_20260826,volume_20260824,volume_20260821,volume_20260820,avg_volume_3d,stock_volume_share_3d_pct,market_volume_share_3d_pct,avg_volume_5d,stock_volume_share_5d_pct,market_volume_share_5d_pct,avg_volume_10d,stock_volume_share_10d_pct,market_volume_share_10d_pct,avg_volume_15d,stock_volume_share_15d_pct,market_volume_share_15d_pct,avg_volume_20d,stock_volume_share_20d_pct,market_volume_share_20d_pct,avg_volume_30d,stock_volume_share_30d_pct,market_volume_share_30d_pct
20261005,00411A,主動統一前沿科技,13470000.0,9894000.0,21050000.0,15181000.0,7969000.0,8290000.0,14079000.0,35671000.0,30314000.0,89745000.0,16475000.0,5497000.0,5715000.0,20319000.0,11598000.0,10875000.0,25512000.0,16714000.0,11311000.0,21532000.0,13752000.0,19835000.0,12053000.0,29899000.0,26083000.0,29039000.0,67010000.0,,,,14804666.67,30.3283,0.293524,13512800.0,19.9367,0.192234,24566300.0,5.4831,0.101883,20351133.33,4.4125,0.073579,19560550.0,3.4432,0.057556,21810444.44,2.2874,0.038592
20261005,006201,元大富櫃50,292000.0,188000.0,107000.0,105000.0,94000.0,56000.0,171000.0,361000.0,129000.0,353000.0,251000.0,34000.0,128000.0,105000.0,163000.0,41000.0,94000.0,80000.0,125000.0,198000.0,173000.0,145000.0,241000.0,121000.0,100000.0,119000.0,128000.0,131000.0,36000.0,197000.0,195666.67,49.7445,0.006363,157200.0,37.1501,0.004167,185600.0,15.7328,0.002209,169133.33,11.5097,0.001595,153750.0,9.4959,0.001248,148866.67,6.5383,0.000837
20261005,00679B,元大美債20年,25215000.0,24784000.0,19274000.0,19354000.0,44924000.0,23958000.0,10718000.0,9786000.0,9862000.0,12033000.0,14890000.0,34000000.0,18466000.0,16372000.0,20309000.0,18308000.0,17810000.0,13408000.0,13789000.0,12233000.0,14902000.0,16432000.0,20611000.0,11882000.0,12614000.0,12443000.0,20781000.0,12302000.0,14170000.0,24166000.0,23091000.0,36.3995,0.549459,26710200.0,18.8804,0.359851,19990800.0,12.6133,0.190719,20263000.0,8.2959,0.137736,18974650.0,6.6444,0.107741,17993200.0,4.6712,0.072241
20261005,00687B,國泰20年美債,16674000.0,26931000.0,15674000.0,9734000.0,32147000.0,25251000.0,10385000.0,5169000.0,10637000.0,12518000.0,10286000.0,11571000.0,12274000.0,9945000.0,12224000.0,10832000.0,9347000.0,17289000.0,9082000.0,9223000.0,11607000.0,24313000.0,15473000.0,10479000.0,7552000.0,9356000.0,9941000.0,28455000.0,21076000.0,13182000.0,19759666.67,28.128,0.363342,20232000.0,16.4828,0.23796,16512000.0,10.0981,0.126117,14761333.33,7.5305,0.091081,13859650.0,6.0153,0.071246,14287566.67,3.8901,0.047771
20261005,00687C,國泰20年美債+櫃U,34800.0,25000.0,25000.0,28000.0,26000.0,32100.0,25000.0,25000.0,29800.0,25000.0,25000.0,25000.0,25000.0,25000.0,26000.0,25000.0,25000.0,25000.0,25000.0,25000.0,25000.0,25000.0,26000.0,25000.0,25000.0,25000.0,25000.0,25000.0,25000.0,25000.0,28266.67,41.0377,0.000758,27760.0,25.072,0.000497,27570.0,12.6224,0.000263,26780.0,8.6632,0.00019,26335.0,6.6072,0.000149,25923.33,4.4747,0.0001
20261005,00694B,富邦美債1-3,1530000.0,2146000.0,88000.0,247000.0,265000.0,834000.0,180000.0,1433000.0,474000.0,1371000.0,121000.0,232000.0,268000.0,183000.0,550000.0,145000.0,371000.0,517000.0,115000.0,226000.0,664000.0,603000.0,80000.0,201000.0,151000.0,107000.0,128000.0,224000.0,497000.0,219000.0,1254666.67,40.6482,0.03334,855200.0,35.7811,0.021835,856800.0,17.8571,0.011572,661466.67,15.4203,0.008358,564800.0,13.5446,0.006538,472333.33,10.7975,0.004383
20261005,00695B,富邦美債7-10,340000.0,299000.0,123000.0,237000.0,380000.0,391000.0,332000.0,223000.0,234000.0,441000.0,197000.0,386000.0,368000.0,153000.0,2974000.0,69000.0,111000.0,116000.0,149000.0,221000.0,69000.0,123000.0,137000.0,422000.0,90000.0,430000.0,1791000.0,73000.0,209000.0,164000.0,254000.0,44.6194,0.007409,275800.0,24.6555,0.004852,300000.0,11.3333,0.002572,471866.67,4.8036,0.001857,387200.0,4.3905,0.001453,375066.67,3.0217,0.000974
20261005,00696B,富邦美債20年,2206000.0,7817000.0,2363000.0,1915000.0,4532000.0,6999000.0,2132000.0,830000.0,1605000.0,3285000.0,793000.0,1614000.0,3394000.0,859000.0,2035000.0,924000.0,1134000.0,3883000.0,1853000.0,1847000.0,1351000.0,5811000.0,1866000.0,1111000.0,4419000.0,2117000.0,915000.0,1386000.0,425000.0,1850000.0,4128666.67,17.8104,0.048071,3766600.0,11.7135,0.031482,3368400.0,6.5491,0.016686,2825266.67,5.2054,0.01205,2601000.0,4.2407,0.009426,2442366.67,3.0107,0.00632
20261005,00697B,元大美債7-10,1214000.0,318000.0,792000.0,274000.0,712000.0,500000.0,297000.0,485000.0,266000.0,403000.0,429000.0,403000.0,382000.0,230000.0,922000.0,250000.0,311000.0,202000.0,336000.0,142000.0,114000.0,115000.0,699000.0,670000.0,337000.0,474000.0,219000.0,192000.0,529000.0,504000.0,774666.67,52.2375,0.026454,662000.0,36.6767,0.017325,526100.0,23.0755,0.009182,508466.67,15.9171,0.006631,443400.0,13.6897,0.005187,424033.33,9.5433,0.003478
20261005,00719B,元大美債1-3,3984000.0,1521000.0,2242000.0,1744000.0,2887000.0,3312000.0,1934000.0,2624000.0,3390000.0,2704000.0,2301000.0,3415000.0,1012000.0,1670000.0,2295000.0,1959000.0,2115000.0,2194000.0,2639000.0,1430000.0,1736000.0,1750000.0,2239000.0,1355000.0,2461000.0,2617000.0,983000.0,2125000.0,965000.0,2217000.0,2582333.33,51.4264,0.086815,2475600.0,32.1861,0.056857,2634200.0,15.1241,0.030134,2469000.0,10.7574,0.021762,2368600.0,8.41,0.017023,2194000.0,6.0529,0.011414
20261005,00720B,元大投資級公司債,4876000.0,6092000.0,9692000.0,5709000.0,11966000.0,7937000.0,3990000.0,2254000.0,2198000.0,4567000.0,2957000.0,3364000.0,2594000.0,5517000.0,4462000.0,4047000.0,4083000.0,5411000.0,3315000.0,3984000.0,3019000.0,2875000.0,3148000.0,4499000.0,2330000.0,5120000.0,3677000.0,5072000.0,2474000.0,5152000.0,6886666.67,23.6012,0.106253,7667000.0,12.7194,0.069587,5928100.0,8.2252,0.036881,5211666.67,6.2373,0.026635,4950750.0,4.9245,0.020835,4546033.33,3.5753,0.01397
20261005,00722B,群益投資級電信債,3979000.0,2796000.0,3324000.0,5391000.0,7506000.0,4198000.0,6528000.0,2248000.0,2834000.0,2742000.0,2541000.0,2472000.0,2411000.0,4964000.0,899000.0,2578000.0,5009000.0,2759000.0,2668000.0,3303000.0,4898000.0,2599000.0,3071000.0,2128000.0,2105000.0,4085000.0,5153000.0,10154000.0,2346000.0,2711000.0,3366333.33,39.3999,0.086706,4599200.0,17.303,0.056785,4154600.0,9.5773,0.030096,3655533.33,7.2566,0.021735,3557500.0,5.5924,0.017002,3680000.0,3.6042,0.0114
20261005,00723B,群益投資級科技債,196000.0,154000.0,164000.0,101000.0,131000.0,135000.0,359000.0,113000.0,192000.0,118000.0,153000.0,125000.0,103000.0,107000.0,64000.0,103000.0,106000.0,103000.0,270000.0,127000.0,107000.0,143000.0,150000.0,159000.0,180000.0,292000.0,193000.0,314000.0,153000.0,157000.0,171333.33,38.1323,0.004271,149200.0,26.2735,0.002797,166300.0,11.7859,0.001482,147666.67,8.8488,0.001071,146200.0,6.7031,0.000837,159066.67,4.1073,0.000562
20261005,00724B,群益投資級金融債,4730000.0,3783000.0,3655000.0,4374000.0,4102000.0,4248000.0,4635000.0,3464000.0,3594000.0,4854000.0,3545000.0,3758000.0,4052000.0,4571000.0,3472000.0,3788000.0,4304000.0,3751000.0,3710000.0,5420000.0,2957000.0,3687000.0,3624000.0,4159000.0,3572000.0,3644000.0,5582000.0,5295000.0,3430000.0,3658000.0,4056000.0,38.8725,0.103071,4128800.0,22.9122,0.067503,4143900.0,11.4144,0.035776,4055800.0,7.7749,0.025837,4090500.0,5.7817,0.020211,4047266.67,3.8956,0.013552
20261005,00725B,國泰投資級公司債,3864000.0,3301000.0,3573000.0,3216000.0,6139000.0,3608000.0,2477000.0,1313000.0,1735000.0,2279000.0,2102000.0,2076000.0,1400000.0,1968000.0,3543000.0,5268000.0,1453000.0,2575000.0,2375000.0,1756000.0,2488000.0,4791000.0,3174000.0,2540000.0,1468000.0,3794000.0,3085000.0,2608000.0,1612000.0,1949000.0,3579333.33,35.9844,0.0842,4018600.0,19.2306,0.055144,3150500.0,12.2647,0.029226,2839600.0,9.0717,0.021107,2801050.0,6.8974,0.01651,2784333.33,4.6259,0.01107
20261005,00726B,國泰新興投等債,153000.0,454000.0,166000.0,143000.0,342000.0,566000.0,111000.0,220000.0,130000.0,393000.0,164000.0,201000.0,494000.0,147000.0,160000.0,146000.0,210000.0,249000.0,97000.0,160000.0,153000.0,148000.0,222000.0,160000.0,129000.0,123000.0,133000.0,115000.0,135000.0,116000.0,257666.67,19.793,0.003334,251600.0,12.1622,0.002184,267800.0,5.7132,0.001157,256266.67,3.9802,0.000836,235300.0,3.2512,0.000654,204666.67,2.4919,0.000438
20261005,00727B,國泰優選非投等債,137000.0,163000.0,127000.0,124000.0,129000.0,276000.0,107000.0,130000.0,179000.0,136000.0,126000.0,117000.0,108000.0,126000.0,338000.0,116000.0,125000.0,208000.0,115000.0,117000.0,159000.0,183000.0,138000.0,119000.0,153000.0,107000.0,113000.0,188000.0,203000.0,205000.0,142333.33,32.0843,0.002985,136000.0,20.1471,0.001955,150800.0,9.0849,0.001036,154866.67,5.8975,0.000748,150200.0,4.5606,0.000585,152400.0,2.9965,0.000393
20261005,00734B,台新JPM新興債,121000.0,221000.0,21000.0,197000.0,790000.0,236000.0,215000.0,110000.0,114000.0,325000.0,248000.0,125000.0,202000.0,101000.0,307000.0,2000.0,336000.0,4000.0,101000.0,20000.0,302000.0,1000.0,1000.0,100000.0,101000.0,602000.0,31000.0,1000.0,1000.0,1000.0,121000.0,33.3333,0.002637,270000.0,8.963,0.001727,235000.0,5.1489,0.000915,222200.0,3.6304,0.000661,189800.0,3.1876,0.000517,164566.67,2.4509,0.000347
20261005,00740B,富邦全球投等債,1326000.0,3619000.0,1143000.0,1235000.0,1512000.0,4595000.0,1722000.0,1606000.0,1582000.0,2654000.0,1702000.0,1101000.0,1174000.0,2577000.0,1839000.0,2410000.0,2438000.0,1248000.0,1499000.0,869000.0,1810000.0,436000.0,1410000.0,1445000.0,2221000.0,992000.0,2643000.0,716000.0,750000.0,831000.0,2029333.33,21.7806,0.028895,1767000.0,15.0085,0.018924,2099400.0,6.3161,0.010029,1959133.33,4.5122,0.007243,1892550.0,3.5032,0.005666,1703500.0,2.5947,0.003799
20261005,00741B,富邦全球非投等債,206000.0,114000.0,102000.0,118000.0,113000.0,109000.0,193000.0,87000.0,113000.0,104000.0,118000.0,114000.0,119000.0,179000.0,67000.0,120000.0,118000.0,214000.0,133000.0,107000.0,115000.0,107000.0,119000.0,121000.0,73000.0,102000.0,109000.0,116000.0,105000.0,107000.0,140666.67,48.8152,0.004489,130600.0,31.5467,0.00294,125900.0,16.3622,0.001558,123733.33,11.0991,0.001125,127400.0,8.0848,0.00088,120733.33,5.6875,0.00059
20261005,00746B,富邦A級公司債,332000.0,1031000.0,417000.0,233000.0,1468000.0,1083000.0,881000.0,384000.0,338000.0,616000.0,231000.0,585000.0,507000.0,304000.0,824000.0,281000.0,191000.0,581000.0,213000.0,472000.0,227000.0,298000.0,812000.0,609000.0,8000.0,491000.0,102000.0,179000.0,437000.0,136000.0,593333.33,18.6517,0.007235,696200.0,9.5375,0.004738,678300.0,4.8946,0.002511,615600.0,3.5954,0.001814,548600.0,3.0259,0.001419,475700.0,2.3264,0.000951
20261005,00749B,凱基新興債10+,101000.0,101000.0,100000.0,103000.0,145000.0,109000.0,102000.0,102000.0,144000.0,123000.0,101000.0,111000.0,106000.0,101000.0,104000.0,101000.0,118000.0,108000.0,121000.0,103000.0,100000.0,120000.0,103000.0,100000.0,100000.0,100000.0,114000.0,192000.0,156000.0,101000.0,100666.67,33.4437,0.002201,110000.0,18.3636,0.001441,113000.0,8.9381,0.000764,110200.0,6.1101,0.000552,110200.0,4.5826,0.000432,113000.0,2.9794,0.000289
20261005,00750B,凱基科技債10+,101000.0,114000.0,100000.0,100000.0,101000.0,109000.0,100000.0,113000.0,100000.0,133000.0,100000.0,101000.0,103000.0,101000.0,102000.0,100000.0,100000.0,100000.0,100000.0,100000.0,299000.0,112000.0,100000.0,100000.0,100000.0,100000.0,103000.0,101000.0,101000.0,160000.0,105000.0,32.0635,0.002201,103200.0,19.5736,0.001441,107100.0,9.4304,0.000764,105200.0,6.4005,0.000552,103900.0,4.8604,0.000432,111800.0,3.0113,0.000289
20261005,00751B,元大AAA至A公司債,5979000.0,6069000.0,7252000.0,4528000.0,13883000.0,8447000.0,2017000.0,3933000.0,3142000.0,7174000.0,3791000.0,2668000.0,2265000.0,3872000.0,9563000.0,5107000.0,3966000.0,4361000.0,4991000.0,4027000.0,3517000.0,4612000.0,4300000.0,4026000.0,4530000.0,6081000.0,4123000.0,6934000.0,2633000.0,4541000.0,6433333.33,30.9793,0.130288,7542200.0,15.8548,0.085328,6242400.0,9.578,0.045223,5638866.67,7.0688,0.03266,5351750.0,5.586,0.025548,5077733.33,3.925,0.01713
20261005,00754B,群益AAA-AA公司債,147000.0,293000.0,116000.0,116000.0,130000.0,109000.0,114000.0,102000.0,146000.0,105000.0,104000.0,115000.0,106000.0,220000.0,194000.0,101000.0,107000.0,105000.0,100000.0,100000.0,109000.0,115000.0,156000.0,104000.0,108000.0,104000.0,115000.0,153000.0,114000.0,183000.0,185333.33,26.4388,0.003203,160400.0,18.3292,0.002098,137800.0,10.6676,0.001112,141133.33,6.9438,0.000803,131500.0,5.5894,0.000628,129700.0,3.7779,0.000421
20261005,00755B,群益投資級公用債,109000.0,454000.0,112000.0,105000.0,140000.0,104000.0,108000.0,102000.0,101000.0,101000.0,132000.0,104000.0,117000.0,104000.0,52000.0,108000.0,115000.0,109000.0,103000.0,126000.0,130000.0,101000.0,110000.0,105000.0,122000.0,113000.0,149000.0,194000.0,104000.0,115000.0,225000.0,16.1481,0.002375,184000.0,11.8478,0.001556,143600.0,7.5905,0.000824,129666.67,5.6041,0.000595,125300.0,4.3496,0.000466,124966.67,2.9074,0.000312
20261005,00756B,群益投等新興公債,244000.0,413000.0,236000.0,154000.0,278000.0,222000.0,171000.0,120000.0,108000.0,215000.0,179000.0,153000.0,163000.0,135000.0,77000.0,208000.0,168000.0,229000.0,234000.0,237000.0,120000.0,192000.0,206000.0,314000.0,137000.0,135000.0,124000.0,182000.0,185000.0,126000.0,297666.67,27.3236,0.005317,265000.0,18.4151,0.003482,216100.0,11.2911,0.001846,191200.0,8.5077,0.001333,197200.0,6.1866,0.001043,188833.33,4.3071,0.000699
20261005,00758B,復華能源債,100000.0,100000.0,104000.0,100000.0,100000.0,100000.0,101000.0,100000.0,100000.0,100000.0,100000.0,102000.0,102000.0,103000.0,100000.0,100000.0,100000.0,102000.0,100000.0,100000.0,100000.0,100000.0,100000.0,100000.0,100000.0,100000.0,100000.0,100000.0,100000.0,100000.0,101333.33,32.8947,0.002179,100800.0,19.8413,0.001427,100500.0,9.9502,0.000756,100800.0,6.6138,0.000546,100700.0,4.9652,0.000427,100466.67,3.3179,0.000287
20261005,00759B,復華製藥債,100000.0,100000.0,100000.0,100000.0,100000.0,100000.0,100000.0,100000.0,100000.0,100000.0,101000.0,101000.0,101000.0,100000.0,100000.0,100000.0,100000.0,100000.0,100000.0,100000.0,101000.0,100000.0,101000.0,100000.0,100000.0,100000.0,104000.0,100000.0,100000.0,101000.0,100000.0,33.3333,0.002179,100000.0,20.0,0.001427,100000.0,10.0,0.000756,100200.0,6.6534,0.000546,100150.0,4.9925,0.000427,100333.33,3.3223,0.000287
20261005,00760B,復華新興企業債,115000.0,108000.0,102000.0,104000.0,106000.0,100000.0,103000.0,104000.0,100000.0,100000.0,120000.0,101000.0,105000.0,102000.0,106000.0,102000.0,102000.0,112000.0,102000.0,102000.0,103000.0,104000.0,107000.0,101000.0,101000.0,110000.0,103000.0,103000.0,103000.0,102000.0,108333.33,35.3846,0.002506,107000.0,21.4953,0.001641,104200.0,11.0365,0.00087,105066.67,7.297,0.000628,104800.0,5.4866,0.000491,104433.33,3.6706,0.000329
20261005,00761B,國泰A級公司債,195000.0,493000.0,510000.0,168000.0,575000.0,443000.0,220000.0,506000.0,132000.0,676000.0,261000.0,362000.0,312000.0,327000.0,259000.0,229000.0,259000.0,478000.0,284000.0,762000.0,263000.0,253000.0,350000.0,322000.0,439000.0,180000.0,197000.0,152000.0,142000.0,116000.0,399333.33,16.2771,0.004249,388200.0,10.0464,0.002783,391800.0,4.977,0.001475,362600.0,3.5852,0.001065,372550.0,2.6171,0.000833,328833.33,1.9767,0.000559
20261005,00764B,群益25年美債,12507000.0,3494000.0,2156000.0,9133000.0,2706000.0,9145000.0,13380000.0,4249000.0,3726000.0,8934000.0,3471000.0,2372000.0,4386000.0,11485000.0,2042000.0,3992000.0,10975000.0,3714000.0,3333000.0,9238000.0,9329000.0,4356000.0,3529000.0,7633000.0,4316000.0,5847000.0,18663000.0,12657000.0,3297000.0,4166000.0,6052333.33,68.8825,0.27254,5999200.0,41.6956,0.178491,6943000.0,18.0138,0.094599,6212400.0,13.4215,0.068319,6221900.0,10.0508,0.053441,6607700.0,6.3093,0.035833
20261005,00768B,復華20年美債,2288000.0,447000.0,331000.0,403000.0,740000.0,314000.0,332000.0,340000.0,436000.0,696000.0,1445000.0,178000.0,454000.0,307000.0,231000.0,220000.0,215000.0,245000.0,228000.0,281000.0,351000.0,533000.0,2849000.0,523000.0,233000.0,375000.0,193000.0,233000.0,207000.0,485000.0,1022000.0,74.6249,0.049858,841800.0,54.3597,0.032653,632700.0,36.1625,0.017306,596133.33,25.5871,0.012498,506550.0,22.5841,0.009776,537100.0,14.1997,0.006555
20261005,00772B,中信高評級公司債,2692000.0,2615000.0,3450000.0,2303000.0,7667000.0,2853000.0,2141000.0,710000.0,2231000.0,2317000.0,1408000.0,1597000.0,1081000.0,1694000.0,1918000.0,1825000.0,1510000.0,3026000.0,2266000.0,1332000.0,963000.0,1035000.0,1830000.0,1619000.0,1002000.0,740000.0,1487000.0,1107000.0,1657000.0,2292000.0,2919000.0,30.7411,0.058661,3745400.0,14.375,0.038418,2897900.0,9.2895,0.020361,2445133.33,7.3397,0.014705,2331800.0,5.7724,0.011503,2012266.67,4.4593,0.007713
20261005,00773B,中信優先金融債,1338000.0,1495000.0,944000.0,1566000.0,1662000.0,850000.0,529000.0,77000.0,1299000.0,1781000.0,1738000.0,1876000.0,1722000.0,669000.0,956000.0,220000.0,1736000.0,781000.0,1545000.0,1586000.0,1201000.0,1813000.0,1860000.0,230000.0,1953000.0,82000.0,1944000.0,2443000.0,82000.0,1523000.0,1259000.0,35.4249,0.029156,1401000.0,19.1006,0.019095,1154100.0,11.5934,0.01012,1233466.67,7.2317,0.007309,1218500.0,5.4904,0.005717,1250033.33,3.5679,0.003833
20261005,00777B,凱基AAA至A公司債,111000.0,120000.0,102000.0,100000.0,114000.0,108000.0,100000.0,106000.0,101000.0,115000.0,102000.0,100000.0,115000.0,102000.0,132000.0,147000.0,159000.0,103000.0,101000.0,100000.0,100000.0,100000.0,100000.0,102000.0,100000.0,100000.0,105000.0,103000.0,104000.0,179000.0,111000.0,33.3333,0.002419,109400.0,20.2925,0.001584,107700.0,10.3064,0.00084,108533.33,6.8182,0.000606,111900.0,4.9598,0.000474,111033.33,3.3323,0.000318
20261005,00778B,凱基金融債20+,103000.0,100000.0,113000.0,100000.0,102000.0,120000.0,102000.0,100000.0,100000.0,112000.0,102000.0,100000.0,101000.0,101000.0,101000.0,100000.0,101000.0,113000.0,100000.0,100000.0,100000.0,102000.0,100000.0,100000.0,100000.0,100000.0,100000.0,103000.0,104000.0,107000.0,105333.33,32.5949,0.002244,103600.0,19.8842,0.00147,105200.0,9.7909,0.000779,103800.0,6.6153,0.000563,103550.0,4.9734,0.00044,102900.0,3.3366,0.000295
20261005,00779B,凱基美債25+,372000.0,345000.0,311000.0,314000.0,355000.0,389000.0,105000.0,316000.0,335000.0,311000.0,318000.0,300000.0,310000.0,311000.0,313000.0,312000.0,323000.0,304000.0,304000.0,304000.0,307000.0,300000.0,301000.0,304000.0,355000.0,300000.0,378000.0,301000.0,300000.0,316000.0,342666.67,36.1868,0.008106,339400.0,21.921,0.005309,315300.0,11.7983,0.002814,313666.67,7.9065,0.002032,312600.0,5.9501,0.00159,313800.0,3.9516,0.001066
20261005,00780B,國泰A級金融債,110000.0,114000.0,111000.0,115000.0,118000.0,108000.0,103000.0,109000.0,105000.0,136000.0,116000.0,143000.0,105000.0,159000.0,138000.0,102000.0,104000.0,106000.0,159000.0,112000.0,187000.0,237000.0,121000.0,160000.0,114000.0,106000.0,100000.0,117000.0,114000.0,112000.0,111666.67,32.8358,0.002397,113600.0,19.3662,0.00157,112900.0,9.7431,0.000832,119333.33,6.1453,0.000601,118650.0,4.6355,0.00047,124700.0,2.9404,0.000315
20261005,00781B,國泰A級科技債,149000.0,135000.0,166000.0,161000.0,205000.0,354000.0,123000.0,119000.0,152000.0,136000.0,314000.0,128000.0,121000.0,144000.0,249000.0,138000.0,126000.0,151000.0,182000.0,127000.0,143000.0,126000.0,163000.0,236000.0,140000.0,140000.0,185000.0,137000.0,191000.0,125000.0,150000.0,33.1111,0.003247,163200.0,18.2598,0.002126,170000.0,8.7647,0.001127,177066.67,5.6099,0.000814,169000.0,4.4083,0.000637,165533.33,3.0004,0.000427
20261005,00782B,國泰A級公用債,494000.0,199000.0,522000.0,223000.0,317000.0,592000.0,159000.0,130000.0,136000.0,600000.0,320000.0,131000.0,109000.0,323000.0,417000.0,214000.0,137000.0,231000.0,333000.0,183000.0,163000.0,238000.0,199000.0,319000.0,163000.0,120000.0,170000.0,123000.0,166000.0,398000.0,405000.0,40.6584,0.010765,351000.0,28.1481,0.00705,337200.0,14.6501,0.003736,311466.67,10.5736,0.002698,288500.0,8.5615,0.002111,260966.67,6.3099,0.001415
20261005,00785B,富邦金融投等債,52000.0,130000.0,91000.0,151000.0,178000.0,151000.0,176000.0,51000.0,51000.0,50000.0,50000.0,64000.0,52000.0,51000.0,51000.0,51000.0,51000.0,52000.0,51000.0,241000.0,52000.0,51000.0,53000.0,51000.0,20000.0,51000.0,52000.0,57000.0,51000.0,83000.0,91000.0,19.0476,0.001133,120400.0,8.6379,0.000742,108100.0,4.8104,0.000393,89933.33,3.8547,0.000284,89750.0,2.8969,0.000222,77200.0,2.2453,0.000149
20261005,00786B,元大10年IG銀行債,68000.0,212000.0,75000.0,11000.0,16000.0,75000.0,16000.0,52000.0,38000.0,17000.0,48000.0,34000.0,24000.0,21000.0,57000.0,10000.0,133000.0,9000.0,22000.0,95000.0,14000.0,38000.0,74000.0,19000.0,33000.0,29000.0,5000.0,78000.0,9000.0,15000.0,118333.33,19.1549,0.001482,76400.0,17.801,0.00097,58000.0,11.7241,0.000514,50933.33,8.9005,0.000371,51650.0,6.5828,0.000291,44900.0,5.0483,0.000195
20261005,00787B,元大10年IG醫療債,10000.0,5000.0,4000.0,3000.0,36000.0,44000.0,16000.0,4000.0,13000.0,5000.0,1000.0,6000.0,3000.0,3000.0,7000.0,,8000.0,3000.0,24000.0,15000.0,104000.0,9000.0,4000.0,9000.0,12000.0,1000.0,4000.0,7000.0,51000.0,1000.0,6333.33,52.6316,0.000218,11600.0,17.2414,0.000143,14000.0,7.1429,7.6e-05,10666.67,6.25,5.5e-05,11052.63,4.7619,4.3e-05,14206.9,2.4272,2.9e-05
20261005,00788B,元大10年IG電能債,8000.0,22000.0,47000.0,42000.0,41000.0,14000.0,5000.0,36000.0,71000.0,16000.0,25000.0,28000.0,33000.0,53000.0,55000.0,10000.0,7000.0,100000.0,2000.0,87000.0,22000.0,4000.0,8000.0,34000.0,66000.0,4000.0,1000.0,36000.0,27000.0,38000.0,25666.67,10.3896,0.000174,32000.0,5.0,0.000114,30200.0,2.649,6.1e-05,33066.67,1.6129,4.4e-05,35100.0,1.1396,3.4e-05,31400.0,0.8493,2.3e-05
20261005,00789B,復華公司債A3,100000.0,181000.0,105000.0,102000.0,109000.0,106000.0,122000.0,101000.0,100000.0,112000.0,100000.0,100000.0,106000.0,100000.0,100000.0,100000.0,111000.0,100000.0,100000.0,111000.0,100000.0,105000.0,112000.0,102000.0,101000.0,100000.0,104000.0,110000.0,112000.0,123000.0,128666.67,25.9067,0.002179,119400.0,16.7504,0.001427,113800.0,8.7873,0.000756,109600.0,6.0827,0.000546,108300.0,4.6168,0.000427,107833.33,3.0912,0.000287
20261005,00791B,復華信用債1-5,100000.0,100000.0,102000.0,106000.0,109000.0,104000.0,103000.0,100000.0,102000.0,102000.0,101000.0,103000.0,129000.0,101000.0,100000.0,110000.0,100000.0,100000.0,103000.0,100000.0,101000.0,100000.0,105000.0,111000.0,101000.0,100000.0,101000.0,101000.0,100000.0,104000.0,100666.67,33.1126,0.002179,103400.0,19.3424,0.001427,102800.0,9.7276,0.000756,104133.33,6.402,0.000546,103750.0,4.8193,0.000427,103300.0,3.2268,0.000287
20261005,00792B,群益A級公司債,138000.0,149000.0,128000.0,104000.0,127000.0,108000.0,53000.0,132000.0,103000.0,300000.0,153000.0,129000.0,143000.0,107000.0,154000.0,123000.0,99000.0,111000.0,167000.0,59000.0,125000.0,126000.0,171000.0,136000.0,112000.0,131000.0,213000.0,246000.0,122000.0,125000.0,138333.33,33.253,0.003007,129200.0,21.3622,0.001969,134200.0,10.2832,0.001044,135200.0,6.8047,0.000754,129350.0,5.3344,0.00059,136466.67,3.3708,0.000395
20261005,00793B,群益AAA-A醫療債,,,,,,,,,,,55000.0,120000.0,110000.0,125000.0,91000.0,59000.0,20000.0,80000.0,57000.0,7000.0,452000.0,105000.0,89000.0,111000.0,147000.0,92000.0,93000.0,72000.0,60000.0,85000.0,,,,,,,,,,100200.0,,,72400.0,,,101500.0,,
20261005,00795B,中信美國公債20年,6867000.0,12194000.0,9965000.0,7650000.0,9589000.0,9372000.0,6882000.0,5601000.0,4570000.0,3931000.0,6285000.0,5779000.0,4907000.0,2739000.0,5275000.0,2697000.0,7350000.0,6298000.0,7608000.0,2999000.0,2883000.0,10396000.0,5252000.0,6276000.0,1924000.0,2190000.0,6218000.0,4689000.0,1853000.0,8188000.0,9675333.33,23.6581,0.149639,9253000.0,14.8428,0.098001,7662100.0,8.9623,0.05194,6773733.33,6.7585,0.037511,6427900.0,5.3416,0.029342,5947566.67,3.8486,0.019674
20261005,00799B,國泰A級醫療債,216000.0,199000.0,207000.0,327000.0,357000.0,170000.0,157000.0,212000.0,109000.0,283000.0,120000.0,156000.0,144000.0,214000.0,182000.0,239000.0,235000.0,180000.0,31000.0,408000.0,353000.0,280000.0,222000.0,126000.0,169000.0,195000.0,177000.0,173000.0,159000.0,278000.0,207333.33,34.7267,0.004707,261200.0,16.5391,0.003083,223700.0,9.6558,0.001634,203533.33,7.075,0.00118,207300.0,5.2098,0.000923,209266.67,3.4406,0.000619
20261005,00834B,第一金金融債10+,100000.0,150000.0,120000.0,117000.0,252000.0,100000.0,100000.0,123000.0,100000.0,113000.0,100000.0,113000.0,100000.0,113000.0,100000.0,100000.0,102000.0,111000.0,100000.0,142000.0,120000.0,100000.0,109000.0,100000.0,137000.0,100000.0,100000.0,100000.0,102000.0,101000.0,123333.33,27.027,0.002179,147800.0,13.5318,0.001427,127500.0,7.8431,0.000756,120066.67,5.5525,0.000546,117800.0,4.2445,0.000427,114166.67,2.9197,0.000287
20261005,00836B,永豐10年A公司債,2000.0,4000.0,2000.0,1000.0,85000.0,58000.0,20000.0,55000.0,15000.0,24000.0,1000.0,1000.0,107000.0,73000.0,114000.0,116000.0,76000.0,71000.0,95000.0,73000.0,121000.0,111000.0,17000.0,1000.0,6000.0,1000.0,12000.0,117000.0,,68000.0,2666.67,25.0,4.4e-05,18800.0,2.1277,2.9e-05,26600.0,0.7519,1.5e-05,37466.67,0.3559,1.1e-05,49650.0,0.2014,9e-06,49896.55,0.1382,6e-06
20261005,00840B,凱基IG精選15+,101000.0,100000.0,100000.0,100000.0,102000.0,208000.0,100000.0,101000.0,100000.0,100000.0,100000.0,100000.0,100000.0,100000.0,102000.0,100000.0,101000.0,100000.0,100000.0,102000.0,100000.0,100000.0,100000.0,100000.0,100000.0,100000.0,100000.0,103000.0,100000.0,101000.0,100333.33,33.5548,0.002201,100600.0,20.0795,0.001441,111200.0,9.0827,0.000764,107600.0,6.2577,0.000552,105850.0,4.7709,0.000432,104033.33,3.2361,0.000289
20261005,00841B,凱基AAA-AA公司債,102000.0,136000.0,100000.0,105000.0,105000.0,108000.0,100000.0,100000.0,100000.0,100000.0,100000.0,100000.0,100000.0,100000.0,100000.0,100000.0,100000.0,100000.0,100000.0,100000.0,101000.0,101000.0,100000.0,100000.0,100000.0,100000.0,100000.0,100000.0,100000.0,101000.0,112666.67,30.1775,0.002223,109600.0,18.6131,0.001456,105600.0,9.6591,0.000771,103733.33,6.5553,0.000557,102800.0,4.9611,0.000436,101966.67,3.3344,0.000292
20261005,00842B,台新美元銀行債,309000.0,348000.0,123000.0,331000.0,595000.0,445000.0,178000.0,156000.0,392000.0,310000.0,38000.0,362000.0,344000.0,159000.0,399000.0,262000.0,308000.0,324000.0,161000.0,47000.0,319000.0,76000.0,179000.0,462000.0,267000.0,140000.0,595000.0,103000.0,63000.0,149000.0,260000.0,39.6154,0.006733,341200.0,18.1125,0.00441,318700.0,9.6956,0.002337,299266.67,6.8835,0.001688,279550.0,5.5267,0.00132,264800.0,3.8897,0.000885
20261005,00844B,台新15年IG金融債,80000.0,172000.0,107000.0,80000.0,126000.0,80000.0,158000.0,80000.0,81000.0,80000.0,80000.0,80000.0,81000.0,80000.0,82000.0,80000.0,81000.0,80000.0,80000.0,161000.0,1000.0,123000.0,120000.0,81000.0,80000.0,83000.0,160000.0,102000.0,81000.0,130000.0,119666.67,22.2841,0.001743,113000.0,14.1593,0.001142,104400.0,7.6628,0.000605,96466.67,5.5287,0.000437,96450.0,4.1472,0.000342,96333.33,2.7682,0.000229
20261005,00845B,富邦新興投等債,101000.0,125000.0,151000.0,100000.0,164000.0,120000.0,110000.0,141000.0,109000.0,116000.0,101000.0,102000.0,113000.0,121000.0,100000.0,119000.0,147000.0,182000.0,101000.0,351000.0,140000.0,146000.0,104000.0,103000.0,1000.0,100000.0,102000.0,116000.0,113000.0,153000.0,125666.67,26.7905,0.002201,128200.0,15.7566,0.001441,123700.0,8.1649,0.000764,118266.67,5.6933,0.000552,133700.0,3.7771,0.000432,125066.67,2.6919,0.000289
20261005,00846B,富邦歐洲銀行債,104000.0,106000.0,102000.0,102000.0,103000.0,104000.0,102000.0,102000.0,102000.0,106000.0,102000.0,103000.0,102000.0,107000.0,105000.0,102000.0,102000.0,101000.0,105000.0,103000.0,113000.0,101000.0,101000.0,102000.0,1000.0,104000.0,104000.0,102000.0,174000.0,115000.0,104000.0,33.3333,0.002266,103400.0,20.1161,0.001484,103300.0,10.0678,0.000787,103466.67,6.701,0.000568,103250.0,5.0363,0.000444,102733.33,3.3744,0.000298
20261005,00847B,中信美國市政債,,259000.0,233000.0,297000.0,320000.0,246000.0,393000.0,423000.0,503000.0,208000.0,623000.0,480000.0,333000.0,608000.0,297000.0,229000.0,469000.0,307000.0,453000.0,302000.0,226000.0,225000.0,201000.0,154000.0,402000.0,500000.0,500000.0,572000.0,251000.0,520000.0,246000.0,,,277250.0,,,320222.22,,,373071.43,,,367526.32,,,363241.38,,
20261005,00848B,中信新興亞洲債,204000.0,218000.0,202000.0,211000.0,318000.0,314000.0,306000.0,401000.0,506000.0,247000.0,504000.0,506000.0,322000.0,500000.0,207000.0,200000.0,309000.0,218000.0,300000.0,300000.0,201000.0,205000.0,205000.0,300000.0,330000.0,460000.0,498000.0,481000.0,200000.0,530000.0,208000.0,32.6923,0.004445,230600.0,17.693,0.002911,292700.0,6.9696,0.001543,331066.67,4.1079,0.001114,314650.0,3.2417,0.000872,323433.33,2.1024,0.000584
20261005,00849B,中信EM主權債0-5,218000.0,210000.0,203000.0,213000.0,309000.0,312000.0,301000.0,407000.0,504000.0,200000.0,515000.0,419000.0,307000.0,514000.0,222000.0,217000.0,319000.0,223000.0,302000.0,341000.0,203000.0,237000.0,204000.0,144000.0,514000.0,503000.0,510000.0,502000.0,204000.0,507000.0,210333.33,34.5483,0.00475,230600.0,18.9072,0.003111,287700.0,7.5773,0.001649,323600.0,4.4911,0.001191,312800.0,3.4847,0.000931,326133.33,2.2281,0.000625
20261005,00853B,統一美債10年Aa-A,1043000.0,1053000.0,1504000.0,1073000.0,1247000.0,1105000.0,1097000.0,1262000.0,1455000.0,1087000.0,1178000.0,1230000.0,1097000.0,1008000.0,527000.0,1007000.0,1026000.0,609000.0,1027000.0,1004000.0,1010000.0,1060000.0,1034000.0,1124000.0,1030000.0,1037000.0,1083000.0,1013000.0,1009000.0,1032000.0,1200000.0,28.9722,0.022728,1184000.0,17.6182,0.014885,1192600.0,8.7456,0.007889,1131066.67,6.1476,0.005697,1081950.0,4.82,0.004457,1069033.33,3.2522,0.002988
20261005,00856B,永豐1-3年美公債,10000.0,277000.0,22000.0,3000.0,2000.0,14000.0,1000.0,6000.0,3000.0,1000.0,70000.0,41000.0,1000.0,6000.0,,11000.0,2000.0,59000.0,6000.0,71000.0,41000.0,15000.0,2000.0,4000.0,217000.0,4000.0,14000.0,7000.0,,21000.0,103000.0,3.2362,0.000218,62800.0,3.1847,0.000143,33900.0,2.9499,7.6e-05,32642.86,2.1882,5.5e-05,31894.74,1.6502,4.3e-05,33250.0,1.0741,2.9e-05
20261005,00857B,永豐20年美公債,1079000.0,2143000.0,702000.0,1091000.0,1910000.0,1159000.0,880000.0,871000.0,1251000.0,1443000.0,647000.0,2394000.0,2223000.0,954000.0,777000.0,615000.0,684000.0,1737000.0,914000.0,291000.0,520000.0,1456000.0,883000.0,1065000.0,731000.0,345000.0,435000.0,941000.0,381000.0,1215000.0,1308000.0,27.4975,0.023512,1385000.0,15.5812,0.015399,1252900.0,8.612,0.008161,1301600.0,5.5265,0.005894,1188250.0,4.5403,0.00461,1057900.0,3.3998,0.003091
20261005,00858,永豐美國500大,296000.0,233000.0,660000.0,253000.0,274000.0,138000.0,291000.0,592000.0,370000.0,209000.0,620000.0,377000.0,278000.0,280000.0,612000.0,148000.0,280000.0,200000.0,574000.0,242000.0,199000.0,404000.0,239000.0,353000.0,446000.0,153000.0,273000.0,384000.0,460000.0,365000.0,396333.33,24.8949,0.00645,343200.0,17.2494,0.004224,331600.0,8.9264,0.002239,365533.33,5.3985,0.001617,346350.0,4.2731,0.001265,340100.0,2.9011,0.000848
20261005,00859B,群益0-1年美債,3288000.0,3026000.0,2730000.0,2162000.0,3439000.0,3201000.0,2113000.0,3201000.0,3529000.0,2273000.0,3191000.0,3226000.0,3256000.0,3224000.0,2534000.0,1841000.0,2163000.0,3752000.0,3626000.0,1402000.0,1520000.0,2933000.0,3136000.0,2979000.0,2394000.0,2594000.0,2938000.0,2866000.0,2904000.0,3094000.0,3014666.67,36.3556,0.071649,2929000.0,22.4513,0.046924,2896200.0,11.3528,0.024869,2959533.33,7.4066,0.017961,2858850.0,5.7506,0.014049,2817833.33,3.8895,0.00942
20261005,00860B,群益1-5Y投資級債,128000.0,160000.0,101000.0,106000.0,101000.0,105000.0,71000.0,129000.0,111000.0,109000.0,106000.0,105000.0,100000.0,100000.0,104000.0,101000.0,60000.0,115000.0,122000.0,60000.0,135000.0,100000.0,106000.0,102000.0,137000.0,128000.0,108000.0,140000.0,118000.0,100000.0,129666.67,32.9049,0.002789,119200.0,21.4765,0.001827,112100.0,11.4184,0.000968,109066.67,7.824,0.000699,104700.0,6.1127,0.000547,108933.33,3.9168,0.000367
20261005,00862B,中信投資級公司債,232000.0,407000.0,267000.0,213000.0,1256000.0,252000.0,416000.0,502000.0,728000.0,242000.0,587000.0,362000.0,387000.0,613000.0,338000.0,290000.0,378000.0,336000.0,377000.0,389000.0,282000.0,293000.0,262000.0,142000.0,328000.0,500000.0,530000.0,508000.0,212000.0,532000.0,302000.0,25.6071,0.005056,475000.0,9.7684,0.003311,451500.0,5.1384,0.001755,453466.67,3.4108,0.001267,428600.0,2.7065,0.000991,405366.67,1.9077,0.000665
20261005,00863B,中信全球電信債,205000.0,256000.0,712000.0,256000.0,232000.0,377000.0,313000.0,584000.0,612000.0,282000.0,502000.0,465000.0,308000.0,512000.0,204000.0,202000.0,399000.0,374000.0,309000.0,407000.0,203000.0,339000.0,257000.0,170000.0,565000.0,509000.0,815000.0,553000.0,202000.0,502000.0,391000.0,17.4766,0.004467,332200.0,12.342,0.002926,382900.0,5.3539,0.001551,388000.0,3.5223,0.00112,375550.0,2.7293,0.000876,387533.33,1.7633,0.000587
20261005,00864B,中信美國公債0-1,1587000.0,857000.0,992000.0,908000.0,887000.0,885000.0,638000.0,1393000.0,1534000.0,1206000.0,1484000.0,1392000.0,1222000.0,1178000.0,1144000.0,869000.0,976000.0,888000.0,1326000.0,995000.0,939000.0,616000.0,851000.0,1019000.0,1862000.0,1829000.0,1377000.0,1386000.0,640000.0,708000.0,1145333.33,46.1874,0.034582,1046200.0,30.3384,0.022649,1088700.0,14.577,0.012004,1153800.0,9.1697,0.008669,1118050.0,7.0972,0.006781,1119600.0,4.7249,0.004547
20261005,00867B,台新A-BBB電信債,1000.0,120000.0,657000.0,61000.0,44000.0,605000.0,901000.0,1200000.0,,3000.0,1000.0,1000.0,3000.0,,2000.0,12000.0,2000.0,10000.0,1000.0,225000.0,,1000.0,1000.0,,24000.0,,6000.0,1000.0,1000.0,276000.0,259333.33,0.1285,2.2e-05,176600.0,0.1133,1.4e-05,399111.11,0.0278,8e-06,276846.15,0.0278,5e-06,213833.33,0.026,4e-06,166360.0,0.024,3e-06
20261005,00870B,元大15年EM主權債,46000.0,191000.0,92000.0,86000.0,349000.0,85000.0,1000.0,1000.0,40000.0,22000.0,2000.0,1000.0,24000.0,5000.0,4000.0,2000.0,1000.0,1000.0,1000.0,1000.0,1000.0,4000.0,6000.0,20000.0,1000.0,1000.0,80000.0,33000.0,4000.0,80000.0,109666.67,13.9818,0.001002,152800.0,6.0209,0.000656,91300.0,5.0383,0.000348,63266.67,4.8472,0.000251,47750.0,4.8168,0.000197,39500.0,3.8819,0.000132
20261005,00877,復華中國5G,1427000.0,1538000.0,1058000.0,2085000.0,6341000.0,1465000.0,1522000.0,2034000.0,1919000.0,2930000.0,1820000.0,1946000.0,1619000.0,1541000.0,1499000.0,1132000.0,1149000.0,2999000.0,2456000.0,1535000.0,1797000.0,1604000.0,2139000.0,1518000.0,1926000.0,3314000.0,2862000.0,4680000.0,2140000.0,2261000.0,1341000.0,35.471,0.031096,2489800.0,11.4628,0.020365,2231900.0,6.3937,0.010793,2049600.0,4.6416,0.007795,2000750.0,3.5662,0.006097,2141866.67,2.2208,0.004088
20261005,00884B,中信低碳新興債,213000.0,214000.0,201000.0,209000.0,282000.0,230000.0,305000.0,404000.0,501000.0,206000.0,528000.0,430000.0,355000.0,486000.0,202000.0,205000.0,310000.0,210000.0,300000.0,341000.0,209000.0,234000.0,200000.0,141000.0,541000.0,440000.0,525000.0,614000.0,223000.0,505000.0,209333.33,33.9172,0.004641,223800.0,19.0349,0.00304,276500.0,7.7034,0.001611,317733.33,4.4692,0.001164,306600.0,3.4736,0.00091,325466.67,2.1815,0.00061
20261005,00886,永豐美國科技,20000.0,21000.0,47000.0,20000.0,21000.0,20000.0,20000.0,27000.0,20000.0,24000.0,20000.0,42000.0,32000.0,30000.0,20000.0,20000.0,22000.0,22000.0,30000.0,21000.0,21000.0,40000.0,6000.0,32000.0,25000.0,22000.0,53000.0,80000.0,32000.0,4000.0,29333.33,22.7273,0.000436,25800.0,15.5039,0.000285,24000.0,8.3333,0.000151,25600.0,5.2083,0.000109,24950.0,4.008,8.5e-05,27133.33,2.457,5.7e-05
20261005,00887,永豐中國科技50大,3131000.0,3533000.0,1976000.0,4675000.0,7574000.0,2766000.0,3429000.0,6708000.0,4524000.0,3800000.0,4068000.0,2471000.0,2946000.0,3272000.0,5770000.0,3401000.0,4060000.0,4615000.0,3218000.0,2137000.0,3294000.0,4267000.0,3611000.0,2904000.0,3148000.0,4508000.0,4297000.0,10029000.0,3789000.0,4813000.0,2880000.0,36.2384,0.068227,4177800.0,14.9888,0.044683,4211600.0,7.4342,0.023682,4042866.67,5.163,0.017103,3903700.0,4.0103,0.013378,4091133.33,2.551,0.00897
20261005,00888,永豐台灣ESG,9673000.0,11220000.0,5517000.0,4940000.0,4469000.0,3975000.0,4311000.0,12158000.0,8879000.0,11332000.0,7891000.0,2642000.0,3450000.0,3781000.0,6141000.0,3559000.0,5961000.0,6041000.0,18424000.0,3469000.0,4384000.0,5078000.0,10041000.0,4232000.0,9895000.0,3422000.0,5275000.0,4922000.0,2114000.0,3282000.0,8803333.33,36.6263,0.210784,7163800.0,27.0052,0.138046,7647400.0,12.6487,0.073164,6691933.33,9.6365,0.052838,6891650.0,7.0179,0.041332,6349266.67,5.0783,0.027713
20261005,00890B,凱基ESG BBB債15+,104000.0,104000.0,101000.0,105000.0,112000.0,124000.0,115000.0,110000.0,106000.0,105000.0,106000.0,101000.0,101000.0,101000.0,102000.0,102000.0,101000.0,121000.0,114000.0,110000.0,109000.0,102000.0,100000.0,131000.0,102000.0,100000.0,107000.0,103000.0,104000.0,103000.0,103000.0,33.657,0.002266,105200.0,19.7719,0.001484,108600.0,9.5764,0.000787,106466.67,6.5122,0.000568,107250.0,4.8485,0.000444,106866.67,3.2439,0.000298
20261005,00928,中信上櫃ESG 30,1073000.0,1138000.0,177000.0,284000.0,201000.0,231000.0,271000.0,674000.0,309000.0,552000.0,820000.0,660000.0,136000.0,308000.0,405000.0,233000.0,794000.0,298000.0,412000.0,581000.0,533000.0,324000.0,822000.0,339000.0,445000.0,264000.0,721000.0,463000.0,428000.0,798000.0,796000.0,44.933,0.023382,574600.0,37.3477,0.015313,491000.0,21.8534,0.008116,482600.0,14.8225,0.005861,477850.0,11.2274,0.004585,489800.0,7.3023,0.003074
20261005,00931B,統一美債20年,3256000.0,3008000.0,3023000.0,2191000.0,3240000.0,2340000.0,3789000.0,1301000.0,1814000.0,3547000.0,3379000.0,3259000.0,3400000.0,1286000.0,2423000.0,2618000.0,3188000.0,1848000.0,3026000.0,3309000.0,2817000.0,2264000.0,1719000.0,2521000.0,2654000.0,2619000.0,1503000.0,2883000.0,2505000.0,4391000.0,3095666.67,35.0598,0.070951,2943600.0,22.1226,0.046467,2750900.0,11.8361,0.024627,2750400.0,7.8922,0.017786,2762250.0,5.8937,0.013913,2704033.33,4.0138,0.009328
20261005,00933B,國泰10Y+金融債,11883000.0,10009000.0,9483000.0,8220000.0,25508000.0,17200000.0,5100000.0,4179000.0,4657000.0,7352000.0,5761000.0,4128000.0,5472000.0,5807000.0,9977000.0,8263000.0,7636000.0,9145000.0,10127000.0,4834000.0,5739000.0,7620000.0,13373000.0,5374000.0,7174000.0,3528000.0,5944000.0,5699000.0,4586000.0,4402000.0,10458333.33,37.8741,0.258942,13020600.0,18.2526,0.169586,10359100.0,11.4711,0.089879,8982400.0,8.8195,0.06491,8737050.0,6.8004,0.050775,7939333.33,4.9891,0.034045
20261005,00937B,群益ESG投等債20+,65129000.0,54167000.0,71969000.0,62645000.0,129995000.0,75772000.0,33052000.0,25849000.0,32608000.0,47088000.0,51920000.0,37771000.0,30470000.0,42545000.0,49096000.0,32038000.0,30378000.0,43465000.0,31641000.0,36755000.0,35984000.0,42088000.0,50258000.0,42242000.0,28760000.0,36260000.0,36006000.0,30527000.0,26061000.0,47821000.0,63755000.0,34.0517,1.419223,76781000.0,16.9649,0.929475,59827400.0,10.8861,0.492616,54005066.67,8.0399,0.355764,49217650.0,6.6164,0.278289,45345333.33,4.7876,0.186596
20261005,00942B,台新美A公司債20+,2169000.0,2647000.0,1754000.0,889000.0,2051000.0,1565000.0,543000.0,708000.0,2832000.0,501000.0,1737000.0,1000000.0,1547000.0,1725000.0,2946000.0,1187000.0,766000.0,2137000.0,1502000.0,1421000.0,487000.0,1840000.0,737000.0,568000.0,1344000.0,216000.0,749000.0,621000.0,523000.0,606000.0,2190000.0,33.0137,0.047265,1902000.0,22.8076,0.030954,1565900.0,13.8515,0.016406,1640933.33,8.8121,0.011848,1581350.0,6.8581,0.009268,1310600.0,5.5166,0.006214
20261005,00948B,中信優息投資級債,4544000.0,4443000.0,3688000.0,3901000.0,7116000.0,3495000.0,3915000.0,2709000.0,2305000.0,6724000.0,4659000.0,1350000.0,2554000.0,3966000.0,3249000.0,3809000.0,2104000.0,3279000.0,2988000.0,2910000.0,2697000.0,2139000.0,2778000.0,1569000.0,1583000.0,2618000.0,8275000.0,1963000.0,1473000.0,2695000.0,4225000.0,35.8501,0.099018,4738400.0,19.1795,0.064849,4284000.0,10.6069,0.034369,3907866.67,7.7519,0.024821,3685400.0,6.1649,0.019416,3383266.67,4.4769,0.013019
20261005,00950B,凱基A級公司債,5070000.0,3637000.0,2559000.0,1880000.0,4646000.0,4326000.0,2908000.0,1523000.0,2826000.0,2868000.0,1027000.0,2401000.0,1387000.0,2649000.0,3760000.0,4492000.0,1850000.0,3400000.0,3985000.0,1947000.0,2640000.0,2858000.0,2637000.0,2241000.0,4734000.0,2764000.0,998000.0,1959000.0,1989000.0,1935000.0,3755333.33,45.0027,0.11048,3558400.0,28.496,0.072355,3224300.0,15.7243,0.038348,2897800.0,11.664,0.027695,2957050.0,8.5727,0.021664,2796533.33,6.0432,0.014526
20261005,00955,中信日本商社,2738000.0,1670000.0,2772000.0,1790000.0,3776000.0,1576000.0,1223000.0,2287000.0,2203000.0,5987000.0,3482000.0,2752000.0,5134000.0,5855000.0,3370000.0,3908000.0,4881000.0,7602000.0,4017000.0,3104000.0,14311000.0,2868000.0,8655000.0,2839000.0,3167000.0,1319000.0,2678000.0,3901000.0,3408000.0,4108000.0,2393333.33,38.1337,0.059664,2549200.0,21.4812,0.039075,2602200.0,10.5219,0.020709,3107666.67,5.8736,0.014956,3506350.0,3.9043,0.011699,3912700.0,2.3326,0.007844
20261005,00957B,兆豐US優選投等債,331000.0,219000.0,260000.0,204000.0,683000.0,459000.0,186000.0,194000.0,142000.0,538000.0,53000.0,85000.0,124000.0,281000.0,349000.0,143000.0,89000.0,28000.0,399000.0,76000.0,143000.0,59000.0,75000.0,244000.0,91000.0,356000.0,139000.0,48000.0,60000.0,153000.0,270000.0,40.8642,0.007213,339400.0,19.505,0.004724,321600.0,10.2923,0.002504,273866.67,8.0574,0.001808,242150.0,6.8346,0.001414,207033.33,5.3293,0.000948
20261005,00958B,永豐ESG銀行債15+,246000.0,1601000.0,461000.0,427000.0,1298000.0,660000.0,556000.0,895000.0,799000.0,777000.0,242000.0,420000.0,658000.0,694000.0,964000.0,1033000.0,961000.0,73000.0,144000.0,52000.0,979000.0,674000.0,738000.0,427000.0,836000.0,33000.0,150000.0,1675000.0,1305000.0,49000.0,769333.33,10.6586,0.005361,806600.0,6.0997,0.003511,772000.0,3.1865,0.001861,713200.0,2.2995,0.001344,648050.0,1.898,0.001051,660900.0,1.2407,0.000705
20261005,00959B,大華投等美債15Y+,1627000.0,2192000.0,2203000.0,1231000.0,2902000.0,2201000.0,408000.0,480000.0,694000.0,946000.0,1267000.0,1065000.0,461000.0,1296000.0,1567000.0,1062000.0,887000.0,1095000.0,1032000.0,1314000.0,654000.0,1103000.0,1665000.0,1236000.0,635000.0,616000.0,599000.0,1869000.0,870000.0,1512000.0,2007333.33,27.0176,0.035454,2031000.0,16.0217,0.023219,1488400.0,10.9312,0.012306,1369333.33,7.9211,0.008887,1296500.0,6.2746,0.006952,1222966.67,4.4346,0.004661
20261005,00966B,統一ESG投等債15+,676000.0,828000.0,958000.0,1434000.0,1805000.0,923000.0,1641000.0,185000.0,946000.0,2200000.0,272000.0,727000.0,272000.0,965000.0,1158000.0,95000.0,1628000.0,710000.0,160000.0,1019000.0,985000.0,1793000.0,399000.0,1606000.0,698000.0,879000.0,451000.0,494000.0,618000.0,1738000.0,820666.67,27.4574,0.014731,1140200.0,11.8576,0.009647,1159600.0,5.8296,0.005113,999333.33,4.5097,0.003693,930100.0,3.634,0.002888,942100.0,2.3918,0.001937
20261005,00967B,元大優息美債,687000.0,789000.0,331000.0,250000.0,1126000.0,167000.0,163000.0,116000.0,106000.0,126000.0,732000.0,965000.0,435000.0,1675000.0,604000.0,91000.0,287000.0,152000.0,184000.0,367000.0,158000.0,182000.0,822000.0,1734000.0,844000.0,215000.0,452000.0,502000.0,388000.0,352000.0,602333.33,38.0188,0.01497,636600.0,21.5834,0.009804,386100.0,17.7933,0.005196,551466.67,8.3051,0.003753,467650.0,7.3452,0.002935,500066.67,4.5794,0.001968
20261005,00968B,元大優息投等債,973000.0,1496000.0,1028000.0,1398000.0,2798000.0,5600000.0,2180000.0,1353000.0,1470000.0,1497000.0,1513000.0,3270000.0,332000.0,539000.0,984000.0,1024000.0,1104000.0,776000.0,735000.0,296000.0,643000.0,872000.0,1786000.0,944000.0,1208000.0,848000.0,751000.0,494000.0,1883000.0,2022000.0,1165666.67,27.8238,0.021203,1538600.0,12.6479,0.013886,1979300.0,4.9159,0.007359,1762066.67,3.6813,0.005315,1518300.0,3.2042,0.004158,1393900.0,2.3268,0.002788
20261005,00969B,元大零息超長美債,636000.0,661000.0,1696000.0,972000.0,2555000.0,537000.0,277000.0,1402000.0,831000.0,491000.0,545000.0,874000.0,1451000.0,841000.0,963000.0,929000.0,549000.0,458000.0,1096000.0,496000.0,630000.0,900000.0,1055000.0,765000.0,384000.0,137000.0,804000.0,1115000.0,484000.0,1065000.0,997666.67,21.2496,0.013859,1304000.0,9.7546,0.009077,1005800.0,6.3233,0.004811,982133.33,4.3171,0.003474,913000.0,3.483,0.002718,853300.0,2.4845,0.001822
20261005,00970B,台新BBB投等債20+,1657000.0,1901000.0,4204000.0,1722000.0,3543000.0,4116000.0,3048000.0,3802000.0,1301000.0,296000.0,1380000.0,730000.0,1109000.0,1975000.0,1043000.0,670000.0,678000.0,1316000.0,827000.0,1429000.0,640000.0,1344000.0,897000.0,708000.0,5427000.0,1575000.0,2228000.0,1099000.0,896000.0,838000.0,2587333.33,21.3476,0.036108,2605400.0,12.7197,0.023648,2559000.0,6.4752,0.012533,2121800.0,5.2063,0.009051,1837350.0,4.5092,0.00708,1746633.33,3.1623,0.004747
20261005,009806,台新標普500,10000.0,6000.0,15000.0,15000.0,203000.0,75000.0,714000.0,641000.0,30000.0,21000.0,9000.0,13000.0,24000.0,3000.0,754000.0,4000.0,34000.0,28000.0,17000.0,18000.0,2000.0,24000.0,14000.0,61000.0,89000.0,66000.0,106000.0,88000.0,185000.0,4000.0,10333.33,32.2581,0.000218,49800.0,4.0161,0.000143,173000.0,0.578,7.6e-05,168866.67,0.3948,5.5e-05,131700.0,0.3797,4.3e-05,109100.0,0.3055,2.9e-05
20261005,009807,台新標普科技精選,75000.0,13000.0,29000.0,283000.0,22000.0,221000.0,176000.0,49000.0,17000.0,61000.0,6000.0,23000.0,16000.0,6000.0,10000.0,10000.0,24000.0,19000.0,,34000.0,20000.0,6000.0,25000.0,36000.0,103000.0,124000.0,11000.0,101000.0,141000.0,105000.0,39000.0,64.1026,0.001634,84400.0,17.7725,0.00107,94600.0,7.9281,0.000567,67133.33,7.4479,0.00041,57578.95,6.8556,0.00032,60896.55,4.2469,0.000215
20261005,00980B,台新特選IG債10+,365000.0,232000.0,710000.0,816000.0,1911000.0,728000.0,101000.0,142000.0,361000.0,132000.0,882000.0,175000.0,681000.0,2262000.0,163000.0,299000.0,363000.0,125000.0,672000.0,456000.0,387000.0,155000.0,637000.0,11000.0,1727000.0,246000.0,315000.0,440000.0,135000.0,44000.0,435666.67,27.9265,0.007954,806800.0,9.0481,0.005209,549800.0,6.6388,0.002761,644066.67,3.7781,0.001994,578800.0,3.1531,0.00156,522433.33,2.3288,0.001046
20261005,00980D,主動聯博投等入息,943000.0,219000.0,546000.0,682000.0,2459000.0,542000.0,861000.0,186000.0,320000.0,481000.0,615000.0,354000.0,573000.0,443000.0,412000.0,377000.0,301000.0,1993000.0,736000.0,495000.0,223000.0,1777000.0,449000.0,693000.0,403000.0,138000.0,560000.0,323000.0,303000.0,520000.0,569333.33,55.2108,0.020549,969800.0,19.4473,0.013458,723900.0,13.0267,0.007133,642400.0,9.7862,0.005151,676900.0,6.9656,0.004029,630900.0,4.9823,0.002702
20261005,00980T,平衡凱基美國TOP,467000.0,33000.0,257000.0,48000.0,12000.0,156000.0,239000.0,269000.0,139000.0,137000.0,123000.0,124000.0,222000.0,103000.0,78000.0,223000.0,140000.0,1144000.0,26000.0,871000.0,407000.0,79000.0,335000.0,244000.0,325000.0,256000.0,103000.0,44000.0,23000.0,22000.0,252333.33,61.6909,0.010176,163400.0,57.1603,0.006665,175700.0,26.5794,0.003532,160466.67,19.4017,0.002551,240550.0,9.7069,0.001995,221633.33,7.0236,0.001338
20261005,009814,富邦標普500,1458000.0,789000.0,1227000.0,646000.0,896000.0,777000.0,395000.0,634000.0,522000.0,347000.0,598000.0,703000.0,325000.0,391000.0,383000.0,589000.0,606000.0,719000.0,1154000.0,495000.0,409000.0,1592000.0,613000.0,1085000.0,548000.0,3019000.0,2014000.0,1745000.0,621000.0,196000.0,1158000.0,41.9689,0.031771,1003200.0,29.067,0.020808,769100.0,18.9572,0.011028,672733.33,14.4485,0.007964,682700.0,10.6782,0.00623,849866.67,5.7185,0.004177
20261005,009815,大華美國MAG7+,1758000.0,1263000.0,3126000.0,1573000.0,2089000.0,937000.0,1672000.0,2944000.0,1810000.0,2167000.0,1417000.0,1340000.0,2031000.0,1229000.0,1153000.0,1531000.0,1161000.0,1571000.0,1142000.0,2498000.0,1331000.0,2695000.0,1412000.0,1946000.0,1630000.0,1224000.0,791000.0,1112000.0,752000.0,931000.0,2049000.0,28.5993,0.038309,1961800.0,17.9223,0.025089,1933900.0,9.0904,0.013297,1767266.67,6.6317,0.009603,1720600.0,5.1087,0.007512,1607866.67,3.6446,0.005037
20261005,00981B,第一金優選非投債,15492000.0,8129000.0,5191000.0,6877000.0,25288000.0,12688000.0,9569000.0,14297000.0,12935000.0,12155000.0,10633000.0,11923000.0,7801000.0,11649000.0,10138000.0,10017000.0,8267000.0,14668000.0,21265000.0,9055000.0,6718000.0,6496000.0,9302000.0,8713000.0,17387000.0,10666000.0,8379000.0,19120000.0,13355000.0,14488000.0,9604000.0,53.7693,0.337586,12195400.0,25.4063,0.221091,12262100.0,12.6341,0.117177,11651000.0,8.8645,0.084624,11901850.0,6.5082,0.066196,11755366.67,4.3929,0.044385
20261005,00981D,主動中信非投等債,6677000.0,2791000.0,1556000.0,4004000.0,5110000.0,2672000.0,3383000.0,2421000.0,2418000.0,2206000.0,2469000.0,3679000.0,2030000.0,1851000.0,3770000.0,2585000.0,3059000.0,4276000.0,3175000.0,1899000.0,1731000.0,3102000.0,2420000.0,4189000.0,4263000.0,2400000.0,1451000.0,2098000.0,2201000.0,3870000.0,3674666.67,60.5679,0.145498,4027600.0,33.1562,0.095289,3323800.0,20.0885,0.050503,3135800.0,14.1952,0.036473,3101550.0,10.764,0.02853,2991866.67,7.4391,0.01913
20261005,009822,華南永昌未來金融,1625000.0,204000.0,258000.0,504000.0,622000.0,230000.0,2390000.0,2136000.0,423000.0,51000.0,100000.0,394000.0,32000.0,727000.0,700000.0,367000.0,603000.0,1026000.0,727000.0,12797000.0,472000.0,355000.0,82000.0,341000.0,442000.0,134000.0,9938000.0,363000.0,1043000.0,845000.0,695666.67,77.863,0.03541,642600.0,50.5758,0.023191,844300.0,19.2467,0.012291,693066.67,15.631,0.008876,1295800.0,6.2703,0.006943,1331033.33,4.0695,0.004656
20261005,009823,群益S&P500,4576000.0,2346000.0,4130000.0,2071000.0,2819000.0,1943000.0,4073000.0,5832000.0,3620000.0,3248000.0,2090000.0,1453000.0,2117000.0,1592000.0,1880000.0,2696000.0,2898000.0,2094000.0,3509000.0,3631000.0,1596000.0,6326000.0,3166000.0,3382000.0,1225000.0,1964000.0,1925000.0,2947000.0,1992000.0,1735000.0,3684000.0,41.4043,0.099715,3188400.0,28.7041,0.065305,3465800.0,13.2033,0.034611,2919333.33,10.4499,0.024996,2930900.0,7.8065,0.019553,2829200.0,5.3914,0.01311
20261005,009825,聯邦美國金融創新,340000.0,138000.0,411000.0,179000.0,392000.0,596000.0,1821000.0,668000.0,774000.0,459000.0,273000.0,217000.0,306000.0,21000.0,314000.0,374000.0,990000.0,905000.0,1180000.0,6170000.0,685000.0,549000.0,283000.0,134000.0,433000.0,1393000.0,3751000.0,1417000.0,689000.0,1508000.0,296333.33,38.2452,0.007409,292000.0,23.2877,0.004852,577800.0,5.8844,0.002572,460600.0,4.9211,0.001857,826400.0,2.0571,0.001453,912333.33,1.2422,0.000974
20261005,00982B,FT投資級債20+,6000.0,36000.0,18000.0,43000.0,670000.0,12000.0,15000.0,22000.0,5000.0,120000.0,77000.0,4000.0,25000.0,1000.0,31000.0,115000.0,503000.0,12000.0,13000.0,37000.0,1000.0,18000.0,166000.0,50000.0,11000.0,4000.0,,5000.0,6000.0,3000.0,20000.0,10.0,0.000131,154600.0,0.7762,8.6e-05,94700.0,0.6336,4.5e-05,72333.33,0.553,3.3e-05,88250.0,0.3399,2.6e-05,69965.52,0.2957,1.7e-05
20261005,00983B,大華優利美公債20,472000.0,273000.0,665000.0,963000.0,1845000.0,1367000.0,347000.0,97000.0,44000.0,370000.0,227000.0,312000.0,439000.0,1611000.0,541000.0,105000.0,85000.0,262000.0,401000.0,360000.0,571000.0,1270000.0,54000.0,447000.0,144000.0,72000.0,551000.0,110000.0,128000.0,30000.0,470000.0,33.4752,0.010285,843600.0,11.1901,0.006736,644300.0,7.3258,0.00357,638200.0,4.9305,0.002578,539300.0,4.376,0.002017,472100.0,3.3326,0.001352
20261005,00984B,大華優利美A債15,865000.0,1473000.0,1389000.0,491000.0,2318000.0,1144000.0,477000.0,246000.0,822000.0,740000.0,1108000.0,738000.0,1103000.0,1590000.0,1474000.0,520000.0,476000.0,2184000.0,593000.0,1025000.0,533000.0,372000.0,1118000.0,231000.0,387000.0,676000.0,199000.0,484000.0,648000.0,1097000.0,1242333.33,23.209,0.018849,1307200.0,13.2344,0.012345,996500.0,8.6804,0.006543,1065200.0,5.4137,0.004725,1038800.0,4.1635,0.003696,884033.33,3.2616,0.002478
20261005,00985D,主動貝萊德優投等,1353000.0,970000.0,669000.0,759000.0,2375000.0,2084000.0,2273000.0,1645000.0,664000.0,1347000.0,994000.0,2189000.0,1595000.0,1181000.0,1593000.0,618000.0,906000.0,855000.0,1056000.0,887000.0,909000.0,1307000.0,1413000.0,838000.0,1007000.0,206000.0,457000.0,655000.0,1087000.0,1182000.0,997333.33,45.2206,0.029483,1225200.0,22.0862,0.019309,1413900.0,9.5693,0.010234,1446066.67,6.2376,0.007391,1300650.0,5.2012,0.005781,1169133.33,3.8576,0.003876
20261005,00986B,FT金融債10+,27000.0,88000.0,134000.0,12000.0,32000.0,49000.0,86000.0,,44000.0,,38000.0,,31000.0,,57000.0,6000.0,,2000.0,10000.0,8000.0,3000.0,9000.0,504000.0,36000.0,38000.0,3000.0,8000.0,6000.0,,1000.0,83000.0,10.8434,0.000588,58600.0,9.215,0.000385,59000.0,5.7203,0.000204,54363.64,4.5151,0.000147,41600.0,4.3269,0.000115,51333.33,2.1916,7.7e-05
20261005,00986D,主動復華金融債息,678000.0,621000.0,464000.0,631000.0,1546000.0,335000.0,294000.0,260000.0,410000.0,154000.0,118000.0,830000.0,991000.0,744000.0,308000.0,238000.0,446000.0,511000.0,692000.0,365000.0,1263000.0,822000.0,234000.0,334000.0,744000.0,231000.0,103000.0,212000.0,339000.0,564000.0,587666.67,38.4572,0.014774,788000.0,17.2081,0.009676,539300.0,12.5719,0.005128,558933.33,8.0868,0.003704,531800.0,6.3746,0.002897,516066.67,4.3793,0.001942
20261005,00987B,野村10+澳洲公債,1732000.0,1203000.0,1717000.0,1667000.0,568000.0,3455000.0,715000.0,262000.0,723000.0,1027000.0,360000.0,507000.0,1177000.0,658000.0,2421000.0,269000.0,706000.0,756000.0,348000.0,321000.0,615000.0,665000.0,447000.0,117000.0,267000.0,557000.0,450000.0,440000.0,544000.0,2123000.0,1550666.67,37.2313,0.037742,1377400.0,25.1488,0.024718,1306900.0,13.2527,0.0131,1212800.0,9.5207,0.009461,1029600.0,8.411,0.007401,893900.0,6.4586,0.004962
20261005,00987D,主動統一美債量化,2815000.0,881000.0,2861000.0,2525000.0,2319000.0,3907000.0,462000.0,1044000.0,1453000.0,2668000.0,998000.0,2331000.0,2643000.0,2921000.0,4211000.0,3115000.0,1401000.0,3401000.0,609000.0,4100000.0,3615000.0,5984000.0,3940000.0,1666000.0,5865000.0,3024000.0,46621000.0,,,,2185666.67,42.9312,0.061342,2280200.0,24.6908,0.040174,2093500.0,13.4464,0.021292,2269266.67,8.2699,0.015377,2333250.0,6.0324,0.012028,4347407.41,2.3982,0.008065
20261005,00988B,玉山嚴選非投債,1483000.0,1006000.0,1729000.0,1272000.0,2351000.0,1611000.0,680000.0,966000.0,772000.0,722000.0,1103000.0,1612000.0,1470000.0,1680000.0,603000.0,930000.0,1368000.0,2509000.0,2164000.0,937000.0,732000.0,1332000.0,1410000.0,1283000.0,3316000.0,2635000.0,1906000.0,2361000.0,1235000.0,1595000.0,1406000.0,35.1588,0.032316,1568200.0,18.9134,0.021164,1259200.0,11.7773,0.011217,1270666.67,7.7807,0.008101,1348400.0,5.4991,0.006337,1492433.33,3.3123,0.004249
20261005,00989B,台新美國非投等債,4648000.0,5275000.0,3501000.0,3628000.0,6680000.0,1817000.0,694000.0,944000.0,1148000.0,3109000.0,1526000.0,2296000.0,3098000.0,5049000.0,4966000.0,3397000.0,5637000.0,6326000.0,7361000.0,3681000.0,3399000.0,3152000.0,4635000.0,3232000.0,4063000.0,3369000.0,4142000.0,3627000.0,1737000.0,600000.0,4474666.67,34.6246,0.101284,4746400.0,19.5854,0.066333,3144400.0,14.7818,0.035156,3225266.67,9.6075,0.02539,3739050.0,6.2155,0.01986,3557900.0,4.3546,0.013317
20261005,00990B,國泰收益非投等債,2302000.0,1739000.0,2125000.0,3521000.0,5105000.0,2097000.0,3032000.0,4231000.0,3595000.0,3323000.0,3029000.0,1532000.0,1732000.0,340000.0,2524000.0,583000.0,1166000.0,1744000.0,1476000.0,856000.0,828000.0,712000.0,803000.0,1191000.0,973000.0,915000.0,3017000.0,1299000.0,1056000.0,1101000.0,2055333.33,37.3338,0.050163,2958400.0,15.5625,0.032853,3107000.0,7.4091,0.017412,2681800.0,5.7225,0.012575,2302600.0,4.9987,0.009836,1931566.67,3.9726,0.006595
20261005,00998A,主動復華金融股息,12979000.0,15978000.0,8118000.0,2339000.0,5272000.0,8083000.0,17153000.0,3299000.0,11764000.0,6953000.0,11308000.0,10850000.0,12353000.0,4609000.0,7302000.0,5666000.0,8865000.0,4616000.0,7439000.0,4622000.0,6153000.0,4622000.0,4196000.0,1029000.0,5538000.0,1904000.0,2345000.0,2355000.0,2555000.0,4516000.0,12358333.33,35.0074,0.282825,8937200.0,29.0449,0.185227,9193800.0,14.1171,0.098169,9224000.0,9.3806,0.070897,8478400.0,7.6542,0.055458,6826033.33,6.338,0.037185
20261005,020001,富邦存股雙十N,,,,,,,,,1000.0,,,,,,,1000.0,,,,,,,,,3000.0,,,,,,,,,,,,1000.0,,,1000.0,,,1000.0,,,1666.67,,
20261005,020025,統一亞洲半導體N,224000.0,,134000.0,88000.0,247000.0,17000.0,20000.0,9000.0,30000.0,20000.0,28000.0,12000.0,2000.0,14000.0,11000.0,14000.0,18000.0,37000.0,96000.0,15000.0,13000.0,17000.0,45000.0,7000.0,60000.0,178000.0,46000.0,1000.0,65000.0,9000.0,179000.0,62.5698,0.004881,173250.0,32.3232,0.003197,87666.67,28.3904,0.001694,61142.86,26.1682,0.001224,54526.32,21.6216,0.000957,50931.03,15.1659,0.000642
20261005,020033,統一恒生科期N,16000.0,116000.0,1000.0,107000.0,90000.0,134000.0,49000.0,80000.0,61000.0,34000.0,8000.0,,50000.0,15000.0,55000.0,49000.0,12000.0,27000.0,36000.0,15000.0,34000.0,20000.0,32000.0,15000.0,30000.0,17000.0,,45000.0,98000.0,10000.0,44333.33,12.0301,0.000349,66000.0,4.8485,0.000228,68800.0,2.3256,0.000121,58285.71,1.9608,8.7e-05,50263.16,1.6754,6.8e-05,44857.14,1.2739,4.6e-05
20261005,020035,元大上櫃ESG高息N,2000.0,2000.0,,,,,,,,,,,,,,,,,,,,,,,2000.0,8000.0,939000.0,1330000.0,246000.0,1702000.0,2000.0,50.0,4.4e-05,2000.0,50.0,2.9e-05,2000.0,50.0,1.5e-05,2000.0,50.0,1.1e-05,2000.0,50.0,9e-06,528875.0,0.0473,6e-06
20261005,020040,元大上櫃ESG龍頭N,,3000.0,,,,,,6000.0,,1000.0,1000.0,,,,,,,,,,,,,,4000.0,,927000.0,884000.0,267000.0,1002000.0,3000.0,,,3000.0,,,3333.33,,,2750.0,,,2750.0,,,343888.89,,
20261005,020041,兆豐半導體氣候N,127000.0,85000.0,182000.0,72000.0,72000.0,122000.0,114000.0,116000.0,32000.0,10000.0,,5000.0,4000.0,3000.0,24000.0,26000.0,37000.0,6000.0,29000.0,23000.0,8000.0,17000.0,10000.0,17000.0,56000.0,1000.0,124000.0,16000.0,14000.0,11000.0,131333.33,32.2335,0.002767,107600.0,23.6059,0.001812,93200.0,13.6266,0.000961,69142.86,13.1198,0.000694,57315.79,11.6621,0.000543,47000.0,9.3177,0.000364
20261005,1240,茂生農經,61000.0,10000.0,16000.0,11000.0,29000.0,17000.0,9000.0,7000.0,,,4000.0,3000.0,3000.0,7000.0,5000.0,5000.0,2000.0,8000.0,5000.0,6000.0,60000.0,43000.0,48000.0,12000.0,11000.0,,5000.0,6000.0,6000.0,3000.0,29000.0,70.1149,0.001329,25400.0,48.0315,0.000871,20000.0,38.125,0.000461,14000.0,33.5165,0.000333,11555.56,29.3269,0.000261,14888.89,15.1741,0.000175
20261005,1259,安心,,3000.0,15000.0,19000.0,18000.0,39000.0,,21000.0,59000.0,90000.0,17000.0,,,18000.0,8000.0,16000.0,17000.0,23000.0,1000.0,19000.0,2000.0,1000.0,5000.0,14000.0,6000.0,10000.0,,10000.0,134000.0,129000.0,9000.0,,,13750.0,,,33000.0,,,27909.09,,,23937.5,,,27760.0,,
20261005,1264,德麥,15000.0,13000.0,8000.0,16000.0,5000.0,14000.0,21000.0,34000.0,9000.0,14000.0,11000.0,16000.0,58000.0,27000.0,21000.0,33000.0,8000.0,34000.0,21000.0,12000.0,6000.0,9000.0,21000.0,17000.0,11000.0,30000.0,49000.0,36000.0,24000.0,28000.0,12000.0,41.6667,0.000327,11400.0,26.3158,0.000214,14900.0,10.0671,0.000113,18800.0,5.3191,8.2e-05,19500.0,3.8462,6.4e-05,20700.0,2.4155,4.3e-05
20261005,1268,漢來美食,9000.0,16000.0,75000.0,17000.0,25000.0,16000.0,31000.0,7000.0,29000.0,26000.0,20000.0,8000.0,16000.0,36000.0,24000.0,24000.0,15000.0,31000.0,155000.0,102000.0,88000.0,53000.0,31000.0,18000.0,15000.0,13000.0,10000.0,15000.0,13000.0,27000.0,33333.33,9.0,0.000196,28400.0,6.338,0.000128,25100.0,3.5857,6.8e-05,23666.67,2.5352,4.9e-05,34100.0,1.3196,3.8e-05,32166.67,0.9326,2.6e-05
20261005,1294,漢田生技,32000.0,15000.0,18000.0,20000.0,24000.0,8000.0,17000.0,27000.0,13000.0,7000.0,8000.0,6000.0,8000.0,19000.0,32000.0,8000.0,21000.0,8000.0,23000.0,4000.0,20000.0,12000.0,10000.0,56000.0,16000.0,38000.0,28000.0,37000.0,4000.0,23000.0,21666.67,49.2308,0.000697,21800.0,29.3578,0.000457,18100.0,17.6796,0.000242,16933.33,12.5984,0.000175,15900.0,10.0629,0.000137,18733.33,5.694,9.2e-05
20261005,1295,生合,53000.0,70000.0,19000.0,28000.0,29000.0,104000.0,29000.0,20000.0,28000.0,34000.0,12000.0,16000.0,4000.0,10000.0,31000.0,14000.0,25000.0,7000.0,18000.0,10000.0,23000.0,17000.0,21000.0,24000.0,24000.0,20000.0,58000.0,29000.0,43000.0,41000.0,47333.33,37.3239,0.001155,39800.0,26.6332,0.000756,41400.0,12.8019,0.000401,32466.67,10.883,0.00029,28050.0,9.4474,0.000226,28700.0,6.1556,0.000152
20261005,1336,台翰,270000.0,326000.0,848000.0,478000.0,90000.0,80000.0,114000.0,53000.0,309000.0,345000.0,358000.0,109000.0,194000.0,197000.0,1236000.0,151000.0,139000.0,94000.0,155000.0,128000.0,367000.0,217000.0,335000.0,379000.0,346000.0,413000.0,226000.0,278000.0,237000.0,274000.0,481333.33,18.6981,0.005884,402400.0,13.4195,0.003853,291300.0,9.2688,0.002042,333800.0,5.3925,0.001475,283700.0,4.7585,0.001154,291533.33,3.0871,0.000774
20261005,1565,精華,124000.0,136000.0,79000.0,59000.0,83000.0,97000.0,66000.0,42000.0,102000.0,236000.0,118000.0,119000.0,129000.0,76000.0,77000.0,53000.0,219000.0,93000.0,128000.0,81000.0,92000.0,164000.0,122000.0,97000.0,125000.0,442000.0,193000.0,71000.0,23000.0,46000.0,113000.0,36.5782,0.002702,96200.0,25.7796,0.00177,102400.0,12.1094,0.000938,102866.67,8.0363,0.000677,105850.0,5.8573,0.00053,116400.0,3.551,0.000355
20261005,1569,濱川,7438000.0,7021000.0,3382000.0,4423000.0,4337000.0,7507000.0,4405000.0,14351000.0,8774000.0,5164000.0,1355000.0,718000.0,665000.0,923000.0,2860000.0,589000.0,813000.0,657000.0,2022000.0,575000.0,681000.0,644000.0,430000.0,430000.0,867000.0,216000.0,238000.0,483000.0,279000.0,591000.0,5947000.0,41.6905,0.162081,5320200.0,27.9614,0.10615,6680200.0,11.1344,0.056259,4888200.0,10.1442,0.04063,3898950.0,9.5385,0.031782,2761266.67,8.979,0.02131
20261005,1570,力肯,12000.0,65000.0,11000.0,50000.0,87000.0,28000.0,50000.0,6000.0,30000.0,45000.0,34000.0,15000.0,17000.0,31000.0,44000.0,57000.0,38000.0,25000.0,50000.0,32000.0,38000.0,35000.0,37000.0,27000.0,12000.0,34000.0,39000.0,26000.0,12000.0,40000.0,29333.33,13.6364,0.000261,45000.0,5.3333,0.000171,38400.0,3.125,9.1e-05,35000.0,2.2857,6.6e-05,36350.0,1.6506,5.1e-05,34233.33,1.1685,3.4e-05
20261005,1580,新麥,98000.0,17000.0,24000.0,52000.0,22000.0,23000.0,10000.0,51000.0,59000.0,136000.0,118000.0,101000.0,215000.0,93000.0,58000.0,158000.0,254000.0,81000.0,281000.0,89000.0,23000.0,129000.0,200000.0,44000.0,75000.0,27000.0,48000.0,49000.0,41000.0,67000.0,46333.33,70.5036,0.002136,42600.0,46.0094,0.001399,49200.0,19.9187,0.000741,71800.0,9.0994,0.000535,97000.0,5.0515,0.000419,88100.0,3.7079,0.000281
20261005,1584,精剛,647000.0,255000.0,375000.0,1678000.0,494000.0,228000.0,334000.0,256000.0,229000.0,549000.0,359000.0,214000.0,250000.0,314000.0,187000.0,185000.0,251000.0,292000.0,296000.0,394000.0,288000.0,358000.0,371000.0,249000.0,533000.0,713000.0,411000.0,215000.0,245000.0,292000.0,425666.67,50.6656,0.014099,689800.0,18.7591,0.009234,504500.0,12.8246,0.004894,424600.0,10.1586,0.003534,389350.0,8.3087,0.002765,382066.67,5.6447,0.001854
20261005,1586,和勤,403000.0,237000.0,174000.0,1235000.0,204000.0,86000.0,152000.0,194000.0,175000.0,315000.0,207000.0,187000.0,328000.0,184000.0,137000.0,90000.0,213000.0,273000.0,221000.0,204000.0,146000.0,77000.0,86000.0,132000.0,120000.0,473000.0,510000.0,522000.0,313000.0,470000.0,271333.33,49.5086,0.008782,450600.0,17.8873,0.005751,317500.0,12.6929,0.003048,281200.0,9.5543,0.002201,260950.0,7.7218,0.001722,268933.33,4.995,0.001155
20261005,1591,駿吉-KY,400000.0,120000.0,224000.0,387000.0,259000.0,172000.0,389000.0,258000.0,306000.0,554000.0,219000.0,261000.0,1209000.0,1074000.0,270000.0,197000.0,860000.0,888000.0,122000.0,125000.0,246000.0,212000.0,120000.0,239000.0,134000.0,168000.0,124000.0,394000.0,123000.0,257000.0,248000.0,53.7634,0.008716,278000.0,28.777,0.005709,306900.0,13.0336,0.003025,406800.0,6.5552,0.002185,414700.0,4.8228,0.001709,343700.0,3.8794,0.001146
20261005,1593,祺驊,15000.0,16000.0,23000.0,10000.0,10000.0,25000.0,9000.0,23000.0,32000.0,28000.0,26000.0,5000.0,6000.0,11000.0,2000.0,9000.0,9000.0,14000.0,15000.0,12000.0,20000.0,7000.0,3000.0,7000.0,33000.0,21000.0,18000.0,6000.0,20000.0,39000.0,18000.0,27.7778,0.000327,14800.0,20.2703,0.000214,19100.0,7.8534,0.000113,16066.67,6.2241,8.2e-05,15000.0,5.0,6.4e-05,15800.0,3.1646,4.3e-05
20261005,1595,川寶,3553000.0,2199000.0,8981000.0,5766000.0,2073000.0,1621000.0,6312000.0,2789000.0,228000.0,247000.0,305000.0,99000.0,94000.0,98000.0,200000.0,141000.0,324000.0,494000.0,324000.0,609000.0,2042000.0,730000.0,360000.0,274000.0,174000.0,173000.0,226000.0,119000.0,87000.0,157000.0,4911000.0,24.1159,0.077423,4514400.0,15.7407,0.050706,3376900.0,10.5215,0.026874,2304333.33,10.2792,0.019408,1822850.0,9.7457,0.015182,1359966.67,8.7085,0.010179
20261005,1599,宏佳騰,14000.0,24000.0,30000.0,13000.0,4000.0,5000.0,6000.0,18000.0,16000.0,10000.0,8000.0,23000.0,18000.0,38000.0,54000.0,8000.0,14000.0,9000.0,25000.0,25000.0,13000.0,8000.0,12000.0,37000.0,25000.0,27000.0,17000.0,11000.0,21000.0,18000.0,22666.67,20.5882,0.000305,17000.0,16.4706,0.0002,14000.0,10.0,0.000106,18733.33,4.9822,7.6e-05,18100.0,3.8674,6e-05,18366.67,2.5408,4e-05
20261005,1742,台蠟,42000.0,73000.0,52000.0,68000.0,15000.0,55000.0,64000.0,144000.0,116000.0,46000.0,13000.0,20000.0,19000.0,49000.0,40000.0,29000.0,13000.0,17000.0,117000.0,58000.0,103000.0,74000.0,111000.0,62000.0,144000.0,62000.0,107000.0,27000.0,99000.0,202000.0,55666.67,25.1497,0.000915,50000.0,16.8,0.000599,67500.0,6.2222,0.000318,54400.0,5.1471,0.000229,52500.0,4.0,0.000179,68033.33,2.0578,0.00012
20261005,1777,生泰,14000.0,46000.0,23000.0,4000.0,12000.0,12000.0,67000.0,52000.0,17000.0,38000.0,14000.0,44000.0,14000.0,106000.0,97000.0,56000.0,54000.0,59000.0,66000.0,120000.0,39000.0,64000.0,33000.0,56000.0,26000.0,43000.0,7000.0,38000.0,32000.0,29000.0,27666.67,16.8675,0.000305,19800.0,14.1414,0.0002,28500.0,4.9123,0.000106,37333.33,2.5,7.6e-05,45750.0,1.5301,6e-05,42733.33,1.092,4e-05
20261005,1780,立弘,50000.0,137000.0,189000.0,127000.0,81000.0,99000.0,95000.0,131000.0,73000.0,53000.0,148000.0,58000.0,16000.0,21000.0,54000.0,100000.0,107000.0,80000.0,92000.0,78000.0,6000.0,35000.0,192000.0,42000.0,218000.0,108000.0,86000.0,95000.0,108000.0,101000.0,125333.33,13.2979,0.00109,116800.0,8.5616,0.000714,103500.0,4.8309,0.000378,88800.0,3.7538,0.000273,89450.0,2.7949,0.000214,92666.67,1.7986,0.000143
20261005,1781,合世,35000.0,24000.0,30000.0,21000.0,18000.0,9000.0,3000.0,15000.0,16000.0,22000.0,12000.0,3000.0,6000.0,6000.0,1000.0,14000.0,17000.0,8000.0,22000.0,17000.0,13000.0,11000.0,27000.0,49000.0,43000.0,18000.0,10000.0,12000.0,14000.0,10000.0,29666.67,39.3258,0.000763,25600.0,27.3438,0.000499,19300.0,18.1347,0.000265,14733.33,15.8371,0.000191,14950.0,11.7057,0.00015,16866.67,6.917,0.0001
20261005,1784,訊聯,82000.0,18000.0,44000.0,76000.0,49000.0,63000.0,194000.0,147000.0,44000.0,61000.0,40000.0,58000.0,5000.0,35000.0,38000.0,55000.0,41000.0,44000.0,66000.0,61000.0,76000.0,55000.0,150000.0,50000.0,58000.0,68000.0,112000.0,36000.0,29000.0,58000.0,48000.0,56.9444,0.001787,53800.0,30.4833,0.00117,77800.0,10.5398,0.00062,63600.0,8.5954,0.000448,61050.0,6.7158,0.00035,63766.67,4.2865,0.000235
20261005,1785,光洋科,5913000.0,7378000.0,5859000.0,8930000.0,4789000.0,2572000.0,4398000.0,3328000.0,4382000.0,4019000.0,6719000.0,2101000.0,2252000.0,3259000.0,4057000.0,6425000.0,1930000.0,2669000.0,2740000.0,2869000.0,4677000.0,3283000.0,2774000.0,4138000.0,3003000.0,3419000.0,3064000.0,2610000.0,2849000.0,6150000.0,6383333.33,30.8773,0.12885,6573800.0,17.9896,0.084386,5156800.0,11.4664,0.044724,4663733.33,8.4525,0.0323,4329450.0,6.8288,0.025266,4085200.0,4.8247,0.016941
20261005,1788,杏昌,12000.0,12000.0,12000.0,4000.0,13000.0,11000.0,17000.0,11000.0,13000.0,16000.0,10000.0,18000.0,6000.0,17000.0,14000.0,14000.0,11000.0,24000.0,18000.0,6000.0,7000.0,12000.0,27000.0,8000.0,18000.0,57000.0,11000.0,39000.0,7000.0,10000.0,12000.0,33.3333,0.000261,10600.0,22.6415,0.000171,12100.0,9.9174,9.1e-05,12400.0,6.4516,6.6e-05,12950.0,4.6332,5.1e-05,15166.67,2.6374,3.4e-05
20261005,1796,金穎生技,4000.0,9000.0,61000.0,6000.0,9000.0,4000.0,7000.0,10000.0,8000.0,11000.0,4000.0,5000.0,4000.0,3000.0,12000.0,3000.0,4000.0,1000.0,8000.0,10000.0,2000.0,7000.0,3000.0,4000.0,10000.0,45000.0,71000.0,26000.0,36000.0,14000.0,24666.67,5.4054,8.7e-05,17800.0,4.4944,5.7e-05,12900.0,3.1008,3e-05,10466.67,2.5478,2.2e-05,9150.0,2.1858,1.7e-05,13366.67,0.9975,1.1e-05
20261005,1799,易威,195000.0,79000.0,73000.0,110000.0,165000.0,52000.0,30000.0,53000.0,101000.0,113000.0,104000.0,104000.0,62000.0,68000.0,117000.0,84000.0,86000.0,191000.0,66000.0,73000.0,168000.0,50000.0,163000.0,126000.0,145000.0,64000.0,136000.0,69000.0,57000.0,66000.0,115666.67,56.196,0.004249,124400.0,31.3505,0.002783,97100.0,20.0824,0.001475,95066.67,13.6746,0.001065,96300.0,10.1246,0.000833,99000.0,6.5657,0.000559
20261005,1813,寶利徠,3000.0,6000.0,5000.0,5000.0,5000.0,5000.0,4000.0,37000.0,14000.0,6000.0,29000.0,5000.0,6000.0,21000.0,34000.0,52000.0,8000.0,6000.0,15000.0,2000.0,6000.0,9000.0,8000.0,3000.0,8000.0,22000.0,27000.0,35000.0,12000.0,11000.0,4666.67,21.4286,6.5e-05,4800.0,12.5,4.3e-05,9000.0,3.3333,2.3e-05,12333.33,1.6216,1.6e-05,13400.0,1.1194,1.3e-05,13633.33,0.7335,9e-06
20261005,1815,富喬,72517000.0,42669000.0,31288000.0,16338000.0,16818000.0,28287000.0,32320000.0,69858000.0,66057000.0,95458000.0,52764000.0,43016000.0,45520000.0,52185000.0,44139000.0,43268000.0,68959000.0,114345000.0,70385000.0,50020000.0,120272000.0,121340000.0,68487000.0,79965000.0,127211000.0,75561000.0,105377000.0,66929000.0,119804000.0,132860000.0,48824666.67,49.5084,1.580215,35926000.0,40.3702,1.034912,47161000.0,15.3765,0.548497,47282266.67,10.2247,0.396121,52810550.0,6.8658,0.309857,69133900.0,3.4965,0.207762
20261005,2035,唐榮,,3000.0,1000.0,2000.0,,1000.0,17000.0,2000.0,22000.0,1000.0,15000.0,1000.0,15000.0,,18000.0,11000.0,,1000.0,1000.0,1000.0,2000.0,,7000.0,1000.0,1000.0,,,,15000.0,,2000.0,,,2000.0,,,6125.0,,,8166.67,,,7000.0,,,6571.43,,
20261005,2061,風青,5388000.0,5226000.0,3244000.0,4798000.0,1905000.0,1618000.0,1591000.0,2029000.0,1955000.0,1967000.0,2753000.0,2191000.0,490000.0,788000.0,988000.0,955000.0,1770000.0,4062000.0,1903000.0,2142000.0,2539000.0,2068000.0,4469000.0,1669000.0,2736000.0,879000.0,1828000.0,1126000.0,1691000.0,1128000.0,4619333.33,38.8801,0.11741,4112200.0,26.205,0.076894,2972100.0,18.1286,0.040753,2462066.67,14.5894,0.029432,2388150.0,11.2807,0.023022,2263200.0,7.9357,0.015437
20261005,2063,世鎧,47000.0,72000.0,13000.0,35000.0,56000.0,24000.0,12000.0,26000.0,17000.0,31000.0,19000.0,14000.0,26000.0,4000.0,24000.0,12000.0,25000.0,17000.0,7000.0,109000.0,15000.0,32000.0,18000.0,28000.0,52000.0,10000.0,52000.0,36000.0,27000.0,35000.0,44000.0,35.6061,0.001024,44600.0,21.0762,0.000671,33300.0,14.1141,0.000355,28000.0,11.1905,0.000257,29500.0,7.9661,0.000201,29833.33,5.2514,0.000135
20261005,2064,晉椿,357000.0,2000.0,350000.0,,300000.0,,10000.0,3000.0,5000.0,2000.0,349000.0,314000.0,308000.0,1000.0,,4000.0,,330000.0,275000.0,280000.0,,3000.0,298000.0,,314000.0,310000.0,1000.0,291000.0,1000.0,,236333.33,50.3526,0.007779,252250.0,35.3816,0.005095,128625.0,34.6939,0.0027,166750.0,17.8411,0.00195,180625.0,12.3529,0.001525,178608.7,8.6904,0.001023
20261005,2065,世豐,65000.0,53000.0,36000.0,48000.0,33000.0,51000.0,50000.0,86000.0,48000.0,66000.0,53000.0,45000.0,28000.0,17000.0,147000.0,36000.0,54000.0,61000.0,47000.0,36000.0,37000.0,58000.0,24000.0,34000.0,42000.0,30000.0,72000.0,21000.0,27000.0,67000.0,51333.33,42.2078,0.001416,47000.0,27.6596,0.000928,53600.0,12.1269,0.000492,55066.67,7.8692,0.000355,53000.0,6.1321,0.000278,49066.67,4.4158,0.000186
20261005,2066,世德,33000.0,7000.0,23000.0,15000.0,17000.0,15000.0,58000.0,25000.0,13000.0,73000.0,31000.0,26000.0,8000.0,44000.0,36000.0,15000.0,15000.0,13000.0,5000.0,24000.0,33000.0,17000.0,53000.0,25000.0,16000.0,19000.0,63000.0,253000.0,109000.0,194000.0,21000.0,52.381,0.000719,19000.0,34.7368,0.000471,27900.0,11.828,0.00025,28266.67,7.783,0.00018,24800.0,6.6532,0.000141,42600.0,2.5822,9.5e-05
20261005,2067,嘉鋼,44000.0,109000.0,108000.0,50000.0,10000.0,35000.0,9000.0,14000.0,8000.0,7000.0,49000.0,33000.0,1000.0,15000.0,7000.0,10000.0,31000.0,11000.0,2000.0,14000.0,35000.0,34000.0,22000.0,5000.0,4000.0,10000.0,35000.0,54000.0,86000.0,12000.0,87000.0,16.8582,0.000959,64200.0,13.7072,0.000628,39400.0,11.1675,0.000333,33266.67,8.8176,0.00024,28350.0,7.7601,0.000188,28800.0,5.0926,0.000126
20261005,2070,精湛,89000.0,50000.0,99000.0,69000.0,89000.0,27000.0,70000.0,140000.0,80000.0,76000.0,70000.0,18000.0,39000.0,28000.0,93000.0,73000.0,91000.0,106000.0,114000.0,675000.0,158000.0,174000.0,312000.0,343000.0,303000.0,323000.0,218000.0,325000.0,360000.0,792000.0,79333.33,37.395,0.001939,79200.0,22.4747,0.00127,78900.0,11.2801,0.000673,69133.33,8.5824,0.000486,104800.0,4.2462,0.00038,180133.33,1.6469,0.000255
20261005,2073,雄順,2000.0,2000.0,2000.0,3000.0,1000.0,,3000.0,2000.0,5000.0,,,2000.0,1000.0,2000.0,3000.0,6000.0,5000.0,1000.0,3000.0,3000.0,2000.0,,,1000.0,,,1000.0,,4000.0,2000.0,2000.0,33.3333,4.4e-05,2000.0,20.0,2.9e-05,2500.0,10.0,1.5e-05,2333.33,7.1429,1.1e-05,2705.88,4.3478,9e-06,2545.45,3.5714,6e-06
20261005,2221,大甲,726000.0,985000.0,2216000.0,2795000.0,1993000.0,1597000.0,19970000.0,1697000.0,2924000.0,13517000.0,8366000.0,8981000.0,7201000.0,5239000.0,10136000.0,6394000.0,2759000.0,5753000.0,4198000.0,12640000.0,4812000.0,3198000.0,1540000.0,2576000.0,3107000.0,1938000.0,2012000.0,1174000.0,480000.0,320000.0,1309000.0,18.4874,0.01582,1743000.0,8.3305,0.010361,4842000.0,1.4994,0.005491,5889533.33,0.8218,0.003966,6004350.0,0.6046,0.003102,4708133.33,0.514,0.00208
20261005,2230,泰茂,127000.0,184000.0,144000.0,65000.0,94000.0,143000.0,280000.0,126000.0,463000.0,219000.0,89000.0,47000.0,56000.0,30000.0,76000.0,28000.0,46000.0,41000.0,48000.0,41000.0,58000.0,76000.0,127000.0,110000.0,120000.0,66000.0,60000.0,124000.0,103000.0,27000.0,151666.67,27.9121,0.002767,122800.0,20.684,0.001812,184500.0,6.8835,0.000961,142866.67,5.9263,0.000694,117350.0,5.4112,0.000543,107266.67,3.9466,0.000364
20261005,2235,謚源,6000.0,5000.0,,2000.0,,1000.0,,7000.0,1000.0,,8000.0,5000.0,4000.0,9000.0,2000.0,,75000.0,39000.0,1000.0,2000.0,4000.0,1000.0,8000.0,,5000.0,4000.0,2000.0,5000.0,2000.0,,5500.0,54.5455,0.000131,4333.33,46.1538,8.6e-05,3666.67,27.2727,4.5e-05,4545.45,12.0,3.3e-05,11133.33,3.5928,2.6e-05,8608.7,3.0303,1.7e-05
20261005,2596,綠意,73000.0,32000.0,23000.0,66000.0,11000.0,111000.0,63000.0,82000.0,33000.0,46000.0,165000.0,148000.0,147000.0,333000.0,250000.0,47000.0,298000.0,170000.0,211000.0,60000.0,122000.0,109000.0,94000.0,49000.0,49000.0,150000.0,130000.0,108000.0,64000.0,64000.0,42666.67,57.0312,0.001591,41000.0,35.6098,0.001042,54000.0,13.5185,0.000552,105533.33,4.6115,0.000399,118450.0,3.0815,0.000312,110266.67,2.2068,0.000209
20261005,2640,大車隊,56000.0,8000.0,16000.0,13000.0,23000.0,30000.0,38000.0,107000.0,81000.0,83000.0,191000.0,40000.0,46000.0,13000.0,13000.0,16000.0,8000.0,10000.0,23000.0,9000.0,15000.0,33000.0,56000.0,33000.0,13000.0,20000.0,32000.0,27000.0,21000.0,28000.0,26666.67,70.0,0.00122,23200.0,48.2759,0.000799,45500.0,12.3077,0.000424,50533.33,7.3879,0.000306,41200.0,6.7961,0.000239,36733.33,5.0817,0.00016
20261005,2641,正德,1604000.0,802000.0,567000.0,1148000.0,1020000.0,616000.0,986000.0,875000.0,1206000.0,1322000.0,961000.0,802000.0,929000.0,1091000.0,1726000.0,2302000.0,1701000.0,992000.0,1273000.0,2192000.0,3965000.0,1122000.0,1472000.0,2324000.0,2046000.0,1872000.0,6470000.0,12620000.0,13882000.0,5195000.0,991000.0,53.9522,0.034953,1028200.0,31.2002,0.022891,1014600.0,15.8092,0.012132,1043666.67,10.2459,0.008762,1205750.0,6.6515,0.006854,2502766.67,2.1363,0.004595
20261005,2643,捷迅,10000.0,9000.0,10000.0,7000.0,3000.0,13000.0,1000.0,8000.0,11000.0,3000.0,8000.0,4000.0,3000.0,3000.0,12000.0,32000.0,19000.0,19000.0,9000.0,15000.0,2000.0,7000.0,7000.0,8000.0,8000.0,14000.0,4000.0,11000.0,40000.0,11000.0,9666.67,34.4828,0.000218,7800.0,25.641,0.000143,7500.0,13.3333,7.6e-05,7000.0,9.5238,5.5e-05,9950.0,5.0251,4.3e-05,10366.67,3.2154,2.9e-05
20261005,2718,全心投控,6000.0,5000.0,19000.0,24000.0,3000.0,12000.0,20000.0,23000.0,24000.0,14000.0,11000.0,14000.0,25000.0,28000.0,23000.0,19000.0,25000.0,4000.0,13000.0,36000.0,26000.0,10000.0,24000.0,37000.0,122000.0,176000.0,179000.0,107000.0,34000.0,153000.0,10000.0,20.0,0.000131,11400.0,10.5263,8.6e-05,15000.0,4.0,4.5e-05,16733.33,2.3904,3.3e-05,17400.0,1.7241,2.6e-05,40533.33,0.4934,1.7e-05
20261005,2719,燦星旅,5000.0,4000.0,12000.0,1000.0,4000.0,3000.0,6000.0,2000.0,9000.0,14000.0,4000.0,2000.0,,7000.0,42000.0,10000.0,22000.0,41000.0,8000.0,8000.0,18000.0,5000.0,3000.0,5000.0,5000.0,8000.0,16000.0,32000.0,57000.0,3000.0,7000.0,23.8095,0.000109,5200.0,19.2308,7.1e-05,6000.0,8.3333,3.8e-05,8214.29,4.3478,2.7e-05,10736.84,2.451,2.1e-05,12275.86,1.4045,1.4e-05
20261005,2724,藝舍-KY,1000.0,3000.0,1000.0,,,2000.0,4000.0,2000.0,3000.0,41000.0,4000.0,9000.0,8000.0,1000.0,,,,1000.0,2000.0,,11000.0,12000.0,5000.0,1000.0,2000.0,2000.0,7000.0,53000.0,159000.0,1000.0,1666.67,20.0,2.2e-05,1666.67,20.0,1.4e-05,7125.0,1.7544,8e-06,6583.33,1.2658,5e-06,5857.14,1.2195,4e-06,13958.33,0.2985,3e-06
20261005,2726,雅茗-KY,23000.0,54000.0,7000.0,17000.0,14000.0,16000.0,51000.0,28000.0,21000.0,16000.0,21000.0,2000.0,24000.0,10000.0,26000.0,18000.0,7000.0,49000.0,95000.0,47000.0,8000.0,26000.0,31000.0,181000.0,54000.0,46000.0,60000.0,27000.0,62000.0,39000.0,28000.0,27.381,0.000501,23000.0,20.0,0.000328,24700.0,9.3117,0.000174,22000.0,6.9697,0.000126,27300.0,4.2125,9.8e-05,36000.0,2.1296,6.6e-05
20261005,2729,瓦城,17000.0,6000.0,6000.0,14000.0,2000.0,14000.0,14000.0,38000.0,71000.0,63000.0,36000.0,68000.0,33000.0,7000.0,17000.0,6000.0,10000.0,11000.0,6000.0,11000.0,9000.0,15000.0,9000.0,15000.0,8000.0,13000.0,30000.0,85000.0,26000.0,12000.0,9666.67,58.6207,0.00037,9000.0,37.7778,0.000243,24500.0,6.9388,0.000129,27066.67,4.1872,9.3e-05,22500.0,3.7778,7.3e-05,22400.0,2.5298,4.9e-05
20261005,2732,六角,18000.0,28000.0,43000.0,20000.0,8000.0,26000.0,95000.0,17000.0,13000.0,13000.0,12000.0,10000.0,27000.0,42000.0,28000.0,6000.0,17000.0,30000.0,7000.0,17000.0,24000.0,71000.0,25000.0,17000.0,10000.0,15000.0,36000.0,21000.0,10000.0,4000.0,29666.67,20.2247,0.000392,23400.0,15.3846,0.000257,28100.0,6.4057,0.000136,26666.67,4.5,9.8e-05,23850.0,3.7736,7.7e-05,23666.67,2.5352,5.2e-05
20261005,2734,易飛網,69000.0,30000.0,45000.0,26000.0,38000.0,26000.0,36000.0,51000.0,45000.0,31000.0,25000.0,42000.0,15000.0,42000.0,22000.0,27000.0,42000.0,85000.0,26000.0,9000.0,20000.0,27000.0,10000.0,96000.0,11000.0,54000.0,36000.0,153000.0,64000.0,12000.0,48000.0,47.9167,0.001504,41600.0,33.1731,0.000985,39700.0,17.3804,0.000522,36200.0,12.7072,0.000377,36600.0,9.4262,0.000295,40500.0,5.679,0.000198
20261005,2736,富野,8000.0,78000.0,17000.0,27000.0,16000.0,20000.0,68000.0,22000.0,45000.0,23000.0,29000.0,25000.0,16000.0,29000.0,35000.0,42000.0,47000.0,12000.0,26000.0,28000.0,63000.0,87000.0,105000.0,54000.0,73000.0,43000.0,97000.0,317000.0,406000.0,8000.0,34333.33,7.767,0.000174,29200.0,5.4795,0.000114,32400.0,2.4691,6.1e-05,30533.33,1.7467,4.4e-05,30650.0,1.3051,3.4e-05,62200.0,0.4287,2.3e-05
20261005,2740,華軒,4000.0,7000.0,8000.0,12000.0,3000.0,2000.0,1000.0,1000.0,1000.0,1000.0,1000.0,1000.0,1000.0,5000.0,2000.0,2000.0,2000.0,6000.0,6000.0,6000.0,2000.0,1000.0,1000.0,2000.0,2000.0,1000.0,1000.0,1000.0,2000.0,1000.0,6333.33,21.0526,8.7e-05,6800.0,11.7647,5.7e-05,4000.0,10.0,3e-05,3333.33,8.0,2.2e-05,3600.0,5.5556,1.7e-05,2866.67,4.6512,1.1e-05
20261005,2743,山富,105000.0,31000.0,21000.0,17000.0,21000.0,12000.0,31000.0,21000.0,43000.0,93000.0,46000.0,26000.0,38000.0,47000.0,52000.0,69000.0,111000.0,163000.0,145000.0,32000.0,59000.0,45000.0,59000.0,33000.0,120000.0,64000.0,104000.0,156000.0,104000.0,32000.0,52333.33,66.879,0.002288,39000.0,53.8462,0.001498,39500.0,26.5823,0.000794,40266.67,17.3841,0.000574,56200.0,9.3416,0.000449,63333.33,5.5263,0.000301
20261005,2745,五福,38000.0,18000.0,19000.0,26000.0,37000.0,97000.0,87000.0,84000.0,49000.0,40000.0,55000.0,63000.0,65000.0,79000.0,99000.0,68000.0,34000.0,38000.0,38000.0,62000.0,51000.0,26000.0,65000.0,39000.0,97000.0,35000.0,49000.0,70000.0,184000.0,102000.0,25000.0,50.6667,0.000828,27600.0,27.5362,0.000542,49500.0,7.6768,0.000287,57066.67,4.4393,0.000208,54800.0,3.4672,0.000162,60466.67,2.0948,0.000109
20261005,2751,王座,7000.0,,5000.0,14000.0,4000.0,2000.0,4000.0,4000.0,2000.0,,1000.0,1000.0,4000.0,4000.0,7000.0,9000.0,28000.0,6000.0,1000.0,2000.0,6000.0,10000.0,8000.0,22000.0,22000.0,,13000.0,12000.0,2000.0,3000.0,6000.0,58.3333,0.000153,7500.0,23.3333,0.0001,5250.0,16.6667,5.3e-05,4538.46,11.8644,3.8e-05,5833.33,6.6667,3e-05,7518.52,3.4483,2e-05
20261005,2752,豆府,19000.0,2000.0,17000.0,10000.0,12000.0,1000.0,13000.0,7000.0,3000.0,19000.0,2000.0,1000.0,13000.0,7000.0,10000.0,4000.0,,26000.0,20000.0,3000.0,10000.0,7000.0,9000.0,6000.0,1000.0,4000.0,2000.0,2000.0,4000.0,,12666.67,50.0,0.000414,12000.0,31.6667,0.000271,10300.0,18.4466,0.000144,9066.67,13.9706,0.000104,9947.37,10.0529,8.1e-05,8357.14,8.1197,5.4e-05
20261005,2754,亞洲藏壽司,56000.0,49000.0,8000.0,18000.0,12000.0,28000.0,21000.0,38000.0,30000.0,23000.0,20000.0,2000.0,6000.0,41000.0,21000.0,54000.0,1000.0,9000.0,31000.0,6000.0,17000.0,2000.0,11000.0,14000.0,41000.0,9000.0,25000.0,9000.0,28000.0,17000.0,37666.67,49.5575,0.00122,28600.0,39.1608,0.000799,28300.0,19.788,0.000424,24866.67,15.0134,0.000306,23700.0,11.8143,0.000239,21566.67,8.6553,0.00016
20261005,2755,揚秦,41000.0,29000.0,22000.0,24000.0,21000.0,10000.0,11000.0,16000.0,15000.0,10000.0,28000.0,43000.0,24000.0,13000.0,28000.0,40000.0,48000.0,48000.0,43000.0,97000.0,4000.0,5000.0,22000.0,14000.0,19000.0,18000.0,12000.0,24000.0,23000.0,45000.0,30666.67,44.5652,0.000893,27400.0,29.927,0.000585,19900.0,20.603,0.00031,22333.33,12.2388,0.000224,30550.0,6.7103,0.000175,26566.67,5.1443,0.000117
20261005,2756,聯發國際,4000.0,16000.0,10000.0,1000.0,8000.0,25000.0,25000.0,8000.0,7000.0,24000.0,5000.0,52000.0,37000.0,80000.0,58000.0,2000.0,38000.0,25000.0,45000.0,19000.0,9000.0,20000.0,12000.0,9000.0,10000.0,26000.0,15000.0,8000.0,16000.0,8000.0,10000.0,13.3333,8.7e-05,7800.0,10.2564,5.7e-05,12800.0,3.125,3e-05,24000.0,1.1111,2.2e-05,24450.0,0.818,1.7e-05,20733.33,0.6431,1.1e-05
20261005,2916,滿心,42000.0,17000.0,12000.0,10000.0,7000.0,20000.0,39000.0,18000.0,27000.0,11000.0,12000.0,6000.0,30000.0,62000.0,31000.0,14000.0,22000.0,49000.0,28000.0,39000.0,34000.0,27000.0,23000.0,44000.0,25000.0,32000.0,13000.0,23000.0,4000.0,10000.0,23666.67,59.1549,0.000915,17600.0,47.7273,0.000599,20300.0,20.6897,0.000318,22933.33,12.2093,0.000229,24800.0,8.4677,0.000179,24366.67,5.7456,0.00012
20261005,2924,宏太-KY,3000.0,9000.0,1000.0,19000.0,8000.0,1000.0,1000.0,8000.0,1000.0,1000.0,3000.0,28000.0,22000.0,1000.0,1000.0,8000.0,8000.0,7000.0,12000.0,11000.0,11000.0,1000.0,7000.0,13000.0,12000.0,10000.0,19000.0,14000.0,1000.0,,4333.33,23.0769,6.5e-05,8000.0,7.5,4.3e-05,5200.0,5.7692,2.3e-05,7133.33,2.8037,1.6e-05,7650.0,1.9608,1.3e-05,8310.34,1.2448,9e-06
20261005,2926,誠品生活,8000.0,9000.0,3000.0,12000.0,18000.0,,2000.0,8000.0,,21000.0,2000.0,2000.0,6000.0,2000.0,2000.0,7000.0,3000.0,5000.0,22000.0,5000.0,5000.0,4000.0,5000.0,8000.0,15000.0,17000.0,30000.0,12000.0,10000.0,18000.0,6666.67,40.0,0.000174,10000.0,16.0,0.000114,10125.0,9.8765,6.1e-05,7307.69,8.4211,4.4e-05,7611.11,5.8394,3.4e-05,9321.43,3.0651,2.3e-05
20261005,2937,集雅社,,5000.0,,1000.0,5000.0,,,2000.0,2000.0,2000.0,5000.0,3000.0,5000.0,7000.0,4000.0,8000.0,4000.0,18000.0,2000.0,2000.0,1000.0,4000.0,4000.0,28000.0,52000.0,10000.0,2000.0,5000.0,5000.0,10000.0,5000.0,,,3666.67,,,2833.33,,,3727.27,,,4687.5,,,7538.46,,
20261005,2938,床的世界,76000.0,72000.0,42000.0,31000.0,26000.0,93000.0,223000.0,40000.0,300000.0,127000.0,361000.0,656000.0,,,,,,,,,,,,,,,,,,,63333.33,40.0,0.001656,49400.0,30.7692,0.001085,103000.0,7.3786,0.000575,170583.33,3.7128,0.000415,170583.33,3.7128,0.000325,170583.33,3.7128,0.000218
20261005,2941,米斯特,1000.0,2000.0,6000.0,4000.0,1000.0,1000.0,1000.0,2000.0,1000.0,6000.0,5000.0,8000.0,,4000.0,1000.0,7000.0,3000.0,2000.0,6000.0,8000.0,,,2000.0,,1000.0,1000.0,1000.0,,1000.0,2000.0,3000.0,11.1111,2.2e-05,2800.0,7.1429,1.4e-05,2500.0,4.0,8e-06,3071.43,2.3256,5e-06,3631.58,1.4493,4e-06,3080.0,1.2987,3e-06
20261005,2947,振宇五金,23000.0,15000.0,9000.0,8000.0,,,3000.0,,9000.0,2000.0,6000.0,3000.0,17000.0,10000.0,51000.0,2000.0,18000.0,7000.0,4000.0,7000.0,25000.0,62000.0,11000.0,8000.0,12000.0,4000.0,11000.0,5000.0,13000.0,3000.0,15666.67,48.9362,0.000501,13750.0,41.8182,0.000328,9857.14,33.3333,0.000174,13000.0,14.7436,0.000126,11411.76,11.8557,9.8e-05,12888.89,6.6092,6.6e-05
20261005,2948,寶陞,4000.0,4000.0,6000.0,1000.0,6000.0,3000.0,13000.0,13000.0,1000.0,3000.0,1000.0,,3000.0,2000.0,5000.0,1000.0,3000.0,,3000.0,6000.0,3000.0,1000.0,9000.0,4000.0,2000.0,2000.0,1000.0,,6000.0,,4666.67,28.5714,8.7e-05,4200.0,19.0476,5.7e-05,5400.0,7.4074,3e-05,4642.86,6.1538,2.2e-05,4333.33,5.1282,1.7e-05,4076.92,3.7736,1.1e-05
20261005,2949,欣新網,1000.0,1000.0,,12000.0,,5000.0,,,,,,6000.0,3000.0,,,,,3000.0,,,,,1000.0,1000.0,,,,6000.0,3000.0,,1000.0,50.0,2.2e-05,4666.67,7.1429,1.4e-05,4750.0,5.2632,8e-06,4666.67,3.5714,5e-06,4428.57,3.2258,4e-06,3818.18,2.381,3e-06
20261005,3064,泰偉,17000.0,3000.0,2000.0,,,,,,2000.0,,,,,,3000.0,,,1000.0,,,,,,,,,3000.0,,,,7333.33,77.2727,0.00037,7333.33,77.2727,0.000243,6000.0,70.8333,0.000129,5400.0,62.963,9.3e-05,4666.67,60.7143,7.3e-05,4428.57,54.8387,4.9e-05
20261005,3066,李洲,1530000.0,978000.0,1576000.0,2394000.0,2761000.0,2118000.0,1457000.0,1505000.0,3277000.0,7953000.0,5345000.0,2071000.0,1017000.0,305000.0,378000.0,394000.0,763000.0,565000.0,673000.0,1074000.0,1813000.0,2077000.0,1280000.0,4594000.0,2900000.0,902000.0,1124000.0,559000.0,340000.0,1058000.0,1361333.33,37.4633,0.03334,1847800.0,16.5602,0.021835,2554900.0,5.9885,0.011572,2311000.0,4.4137,0.008358,1906700.0,4.0122,0.006538,1826033.33,2.7929,0.004383
20261005,3067,全域,,,,,1000.0,,1000.0,14000.0,,3000.0,,1000.0,,,1000.0,,2000.0,5000.0,23000.0,,1000.0,,,1000.0,1000.0,,1000.0,7000.0,9000.0,,,,,1000.0,,,4750.0,,,3500.0,,,5666.67,,,4733.33,,
20261005,3071,協禧,185000.0,178000.0,143000.0,125000.0,105000.0,164000.0,96000.0,265000.0,125000.0,118000.0,83000.0,50000.0,128000.0,61000.0,206000.0,403000.0,110000.0,169000.0,195000.0,638000.0,176000.0,122000.0,203000.0,72000.0,130000.0,132000.0,145000.0,128000.0,87000.0,120000.0,168666.67,36.5613,0.004031,147200.0,25.1359,0.00264,150400.0,12.3005,0.001399,135466.67,9.1043,0.001011,177350.0,5.2157,0.00079,162066.67,3.805,0.00053
20261005,3073,天方能源,19000.0,18000.0,8000.0,9000.0,13000.0,7000.0,30000.0,47000.0,83000.0,52000.0,8000.0,14000.0,15000.0,24000.0,34000.0,45000.0,3000.0,53000.0,48000.0,57000.0,40000.0,73000.0,39000.0,6000.0,29000.0,43000.0,39000.0,51000.0,21000.0,26000.0,15000.0,42.2222,0.000414,13400.0,28.3582,0.000271,28600.0,6.6434,0.000144,25400.0,4.9869,0.000104,29350.0,3.2368,8.1e-05,31800.0,1.9916,5.4e-05
20261005,3078,僑威,474000.0,388000.0,396000.0,351000.0,281000.0,252000.0,482000.0,616000.0,997000.0,801000.0,486000.0,1075000.0,339000.0,357000.0,639000.0,944000.0,577000.0,654000.0,960000.0,1131000.0,1365000.0,777000.0,888000.0,2595000.0,1019000.0,924000.0,587000.0,811000.0,704000.0,416000.0,419333.33,37.6789,0.010329,378000.0,25.0794,0.006765,503800.0,9.4085,0.003585,528933.33,5.9743,0.002589,610000.0,3.8852,0.002025,742866.67,2.1269,0.001358
20261005,3081,聯亞,6757000.0,4284000.0,1747000.0,1329000.0,1139000.0,1798000.0,4144000.0,2200000.0,2610000.0,3166000.0,4058000.0,5534000.0,2210000.0,2614000.0,2482000.0,2921000.0,4728000.0,3764000.0,3448000.0,5284000.0,3924000.0,3191000.0,2459000.0,3971000.0,3066000.0,6294000.0,6821000.0,3133000.0,4752000.0,4519000.0,4262666.67,52.8386,0.147242,3051200.0,44.2908,0.096431,2917400.0,23.161,0.051108,3071466.67,14.6662,0.03691,3310850.0,10.2043,0.028872,3611566.67,6.2364,0.019359
20261005,3083,網龍,29000.0,77000.0,271000.0,59000.0,47000.0,44000.0,18000.0,90000.0,34000.0,55000.0,40000.0,30000.0,120000.0,87000.0,51000.0,16000.0,23000.0,47000.0,51000.0,91000.0,19000.0,30000.0,30000.0,50000.0,12000.0,19000.0,29000.0,50000.0,25000.0,43000.0,125666.67,7.6923,0.000632,96600.0,6.0041,0.000414,72400.0,4.0055,0.000219,70133.33,2.7567,0.000158,64000.0,2.2656,0.000124,52900.0,1.8273,8.3e-05
20261005,3085,新零售,,,,4000.0,8000.0,5000.0,8000.0,,2000.0,2000.0,5000.0,1000.0,3000.0,,1000.0,2000.0,,16000.0,1000.0,19000.0,7000.0,4000.0,,9000.0,,8000.0,1000.0,,11000.0,2000.0,,,,6000.0,,,4833.33,,,3900.0,,,5500.0,,,5666.67,,
20261005,3086,華義*,99000.0,109000.0,65000.0,95000.0,131000.0,100000.0,48000.0,83000.0,50000.0,73000.0,58000.0,38000.0,73000.0,42000.0,51000.0,41000.0,59000.0,143000.0,190000.0,111000.0,128000.0,339000.0,871000.0,296000.0,149000.0,69000.0,84000.0,78000.0,57000.0,104000.0,91000.0,36.2637,0.002157,99800.0,19.8397,0.001413,85300.0,11.6061,0.000749,74333.33,8.8789,0.000541,82950.0,5.9675,0.000423,127800.0,2.5822,0.000284
20261005,3088,艾訊,754000.0,431000.0,427000.0,934000.0,1699000.0,442000.0,340000.0,582000.0,818000.0,376000.0,644000.0,271000.0,365000.0,284000.0,537000.0,520000.0,1102000.0,695000.0,817000.0,1551000.0,761000.0,401000.0,958000.0,477000.0,409000.0,558000.0,669000.0,428000.0,424000.0,591000.0,537333.33,46.7742,0.01643,849000.0,17.7621,0.010761,680300.0,11.0833,0.005703,593600.0,8.4681,0.004119,679450.0,5.5486,0.003222,642166.67,3.9138,0.00216
20261005,3093,港建*,281000.0,268000.0,261000.0,208000.0,352000.0,85000.0,138000.0,84000.0,231000.0,146000.0,100000.0,111000.0,170000.0,127000.0,215000.0,242000.0,362000.0,151000.0,216000.0,203000.0,305000.0,372000.0,257000.0,325000.0,495000.0,1107000.0,636000.0,174000.0,268000.0,264000.0,270000.0,34.6914,0.006123,274000.0,20.5109,0.00401,205400.0,13.6806,0.002125,185133.33,10.1188,0.001535,197550.0,7.1121,0.001201,271800.0,3.4462,0.000805
20261005,3095,及成,1000.0,2000.0,5000.0,8000.0,5000.0,65000.0,13000.0,17000.0,9000.0,21000.0,5000.0,1000.0,5000.0,,6000.0,11000.0,3000.0,5000.0,12000.0,1000.0,4000.0,,3000.0,10000.0,10000.0,1000.0,8000.0,1000.0,3000.0,4000.0,2666.67,12.5,2.2e-05,4200.0,4.7619,1.4e-05,14600.0,0.6849,8e-06,11642.86,0.6135,5e-06,10263.16,0.5128,4e-06,8535.71,0.4184,3e-06
20261005,3105,穩懋,47142000.0,27304000.0,26500000.0,41316000.0,15080000.0,21240000.0,26998000.0,33052000.0,23166000.0,43288000.0,46836000.0,28852000.0,35312000.0,13412000.0,14114000.0,14923000.0,35781000.0,17063000.0,19322000.0,23782000.0,40305000.0,41055000.0,55247000.0,50920000.0,48392000.0,36119000.0,31905000.0,11814000.0,21808000.0,15615000.0,33648666.67,46.7002,1.027269,31468400.0,29.9615,0.672777,30508600.0,15.452,0.356568,29574133.33,10.6269,0.257511,27724150.0,8.502,0.201433,30255433.33,5.1938,0.135063
20261005,3114,好德,1914000.0,3572000.0,2976000.0,642000.0,1771000.0,870000.0,169000.0,166000.0,217000.0,180000.0,129000.0,110000.0,88000.0,141000.0,147000.0,188000.0,196000.0,203000.0,189000.0,249000.0,649000.0,538000.0,273000.0,205000.0,211000.0,155000.0,238000.0,371000.0,133000.0,188000.0,2820666.67,22.6188,0.041708,2175000.0,17.6,0.027315,1247700.0,15.3402,0.014477,872800.0,14.6196,0.010455,705850.0,13.5581,0.008178,569266.67,11.2074,0.005484
20261005,3115,富榮綱,2000.0,29000.0,8000.0,23000.0,14000.0,70000.0,33000.0,1000.0,9000.0,54000.0,14000.0,14000.0,8000.0,7000.0,,,9000.0,2000.0,4000.0,2000.0,2000.0,,10000.0,,13000.0,1000.0,3000.0,30000.0,8000.0,4000.0,13000.0,5.1282,4.4e-05,15200.0,2.6316,2.9e-05,24300.0,0.823,1.5e-05,20428.57,0.6993,1.1e-05,16833.33,0.6601,9e-06,14384.62,0.5348,6e-06
20261005,3118,進階,15000.0,9000.0,7000.0,48000.0,29000.0,33000.0,,15000.0,8000.0,2000.0,11000.0,11000.0,19000.0,14000.0,23000.0,28000.0,19000.0,9000.0,14000.0,18000.0,29000.0,,44000.0,35000.0,14000.0,18000.0,22000.0,21000.0,1000.0,17000.0,10333.33,48.3871,0.000327,21600.0,13.8889,0.000214,18444.44,9.0361,0.000113,17428.57,6.1475,8.2e-05,17473.68,4.5181,6.4e-05,19035.71,2.8143,4.3e-05
20261005,3122,笙泉,57000.0,34000.0,22000.0,73000.0,38000.0,14000.0,102000.0,56000.0,56000.0,14000.0,34000.0,17000.0,36000.0,18000.0,15000.0,41000.0,32000.0,48000.0,40000.0,41000.0,111000.0,74000.0,71000.0,19000.0,69000.0,47000.0,64000.0,48000.0,30000.0,25000.0,37666.67,50.4425,0.001242,44800.0,25.4464,0.000813,46600.0,12.2318,0.000431,39066.67,9.727,0.000311,39400.0,7.2335,0.000244,44866.67,4.2348,0.000163
20261005,3128,昇銳,73000.0,46000.0,75000.0,49000.0,39000.0,36000.0,38000.0,142000.0,49000.0,209000.0,124000.0,364000.0,613000.0,170000.0,51000.0,28000.0,21000.0,71000.0,107000.0,113000.0,115000.0,68000.0,176000.0,70000.0,152000.0,88000.0,294000.0,169000.0,53000.0,77000.0,64666.67,37.6289,0.001591,56400.0,25.8865,0.001042,75600.0,9.6561,0.000552,138533.33,3.513,0.000399,120900.0,3.019,0.000312,122666.67,1.9837,0.000209
20261005,3131,弘塑,478000.0,324000.0,603000.0,720000.0,519000.0,181000.0,224000.0,265000.0,377000.0,203000.0,293000.0,135000.0,231000.0,211000.0,272000.0,386000.0,848000.0,830000.0,650000.0,234000.0,316000.0,266000.0,611000.0,715000.0,559000.0,926000.0,541000.0,211000.0,206000.0,224000.0,468333.33,34.0214,0.010416,528800.0,18.0787,0.006822,389400.0,12.2753,0.003615,335733.33,9.4917,0.002611,399200.0,5.987,0.002042,418633.33,3.806,0.001369
20261005,3141,晶宏,3506000.0,2432000.0,1452000.0,1053000.0,1533000.0,2472000.0,2479000.0,3936000.0,4878000.0,3298000.0,5378000.0,4430000.0,5136000.0,2225000.0,4213000.0,2881000.0,2813000.0,6222000.0,8308000.0,14635000.0,21248000.0,18047000.0,10308000.0,3453000.0,586000.0,551000.0,1435000.0,741000.0,243000.0,258000.0,2463333.33,47.4425,0.076399,1995200.0,35.1443,0.050035,2703900.0,12.9665,0.026518,3228066.67,7.2407,0.019151,4164000.0,4.2099,0.014981,4671666.67,2.5016,0.010045
20261005,3147,大綜,1454000.0,2133000.0,1630000.0,524000.0,561000.0,1233000.0,236000.0,585000.0,608000.0,956000.0,632000.0,964000.0,746000.0,1190000.0,349000.0,382000.0,366000.0,152000.0,359000.0,359000.0,339000.0,201000.0,340000.0,220000.0,321000.0,362000.0,340000.0,260000.0,451000.0,566000.0,1739000.0,27.8704,0.031684,1260400.0,23.072,0.02075,992000.0,14.6573,0.010998,920066.67,10.5355,0.007942,770950.0,9.4299,0.006213,627300.0,7.7262,0.004166
20261005,3152,璟德,135000.0,53000.0,98000.0,84000.0,87000.0,296000.0,46000.0,54000.0,48000.0,62000.0,90000.0,77000.0,51000.0,49000.0,115000.0,88000.0,113000.0,125000.0,70000.0,100000.0,107000.0,73000.0,110000.0,138000.0,218000.0,651000.0,464000.0,818000.0,751000.0,200000.0,95333.33,47.2028,0.002942,91400.0,29.5405,0.001927,96300.0,14.0187,0.001021,89666.67,10.0372,0.000737,92050.0,7.333,0.000577,179033.33,2.5135,0.000387
20261005,3158,嘉實,10000.0,24000.0,29000.0,20000.0,14000.0,14000.0,5000.0,8000.0,8000.0,21000.0,11000.0,20000.0,19000.0,104000.0,12000.0,5000.0,5000.0,7000.0,15000.0,1000.0,2000.0,8000.0,7000.0,8000.0,3000.0,6000.0,2000.0,8000.0,7000.0,,21000.0,15.873,0.000218,19400.0,10.3093,0.000143,15300.0,6.5359,7.6e-05,21266.67,3.1348,5.5e-05,17600.0,2.8409,4.3e-05,13896.55,2.4814,2.9e-05
20261005,3162,精確,2750000.0,4259000.0,7409000.0,7047000.0,4034000.0,647000.0,486000.0,1304000.0,960000.0,2559000.0,870000.0,2279000.0,2056000.0,1121000.0,704000.0,1168000.0,2236000.0,1346000.0,554000.0,1315000.0,4135000.0,558000.0,742000.0,952000.0,1431000.0,3532000.0,6185000.0,225000.0,272000.0,298000.0,4806000.0,19.0734,0.059925,5099800.0,10.7847,0.039246,3145500.0,8.7426,0.0208,2565666.67,7.1456,0.015022,2255200.0,6.097,0.01175,2114466.67,4.3352,0.007879
20261005,3163,波若威,4765000.0,7641000.0,2991000.0,982000.0,947000.0,748000.0,1233000.0,1382000.0,1136000.0,1747000.0,1569000.0,1963000.0,1165000.0,1145000.0,1714000.0,1363000.0,3924000.0,2141000.0,4449000.0,940000.0,906000.0,667000.0,786000.0,947000.0,4842000.0,6552000.0,6492000.0,5314000.0,2676000.0,1014000.0,5132333.33,30.9476,0.103834,3465200.0,27.502,0.068003,2357200.0,20.2147,0.036041,2075200.0,15.3078,0.026029,2197250.0,10.8431,0.02036,2471366.67,6.4269,0.013652
20261005,3169,亞信,203000.0,291000.0,467000.0,257000.0,461000.0,1696000.0,673000.0,381000.0,134000.0,78000.0,119000.0,64000.0,76000.0,71000.0,112000.0,67000.0,107000.0,274000.0,616000.0,196000.0,524000.0,2562000.0,260000.0,45000.0,94000.0,67000.0,58000.0,63000.0,66000.0,48000.0,320333.33,21.1238,0.004424,335800.0,12.0905,0.002897,464100.0,4.3741,0.001535,338866.67,3.9937,0.001109,317150.0,3.2004,0.000867,337666.67,2.0039,0.000582
20261005,3171,炎洲流通,6000.0,40000.0,39000.0,4000.0,7000.0,3000.0,8000.0,22000.0,15000.0,21000.0,1000.0,1000.0,4000.0,39000.0,23000.0,16000.0,83000.0,61000.0,13000.0,30000.0,19000.0,42000.0,19000.0,10000.0,7000.0,8000.0,2000.0,12000.0,45000.0,36000.0,28333.33,7.0588,0.000131,19200.0,6.25,8.6e-05,16500.0,3.6364,4.5e-05,15533.33,2.5751,3.3e-05,21800.0,1.3761,2.6e-05,21200.0,0.9434,1.7e-05
20261005,3176,基亞,444000.0,223000.0,249000.0,287000.0,280000.0,601000.0,241000.0,278000.0,357000.0,1089000.0,1320000.0,688000.0,1015000.0,621000.0,2843000.0,759000.0,485000.0,676000.0,434000.0,449000.0,330000.0,476000.0,1124000.0,1109000.0,1162000.0,2052000.0,2490000.0,703000.0,1835000.0,870000.0,305333.33,48.4716,0.009675,296600.0,29.9393,0.006336,404900.0,10.9657,0.003358,702400.0,4.2141,0.002425,666950.0,3.3286,0.001897,849666.67,1.7419,0.001272
20261005,3178,公準,288000.0,518000.0,175000.0,235000.0,141000.0,637000.0,605000.0,2842000.0,2161000.0,1041000.0,59000.0,52000.0,44000.0,69000.0,75000.0,65000.0,438000.0,28000.0,17000.0,47000.0,55000.0,71000.0,74000.0,40000.0,117000.0,26000.0,32000.0,25000.0,96000.0,25000.0,327000.0,29.3578,0.006276,271400.0,21.2233,0.00411,864300.0,3.3322,0.002178,596133.33,3.2208,0.001573,476850.0,3.0198,0.001231,336600.0,2.852,0.000825
20261005,3188,鑫龍騰,395000.0,159000.0,98000.0,127000.0,22000.0,56000.0,146000.0,81000.0,136000.0,243000.0,136000.0,92000.0,89000.0,73000.0,106000.0,136000.0,68000.0,149000.0,216000.0,253000.0,112000.0,126000.0,122000.0,172000.0,216000.0,249000.0,113000.0,122000.0,152000.0,221000.0,217333.33,60.5828,0.008607,160200.0,49.3134,0.005637,146300.0,26.9993,0.002988,130600.0,20.1633,0.002158,139050.0,14.2035,0.001688,146200.0,9.0059,0.001132
20261005,3191,雲嘉南,21000.0,59000.0,45000.0,21000.0,21000.0,13000.0,26000.0,21000.0,14000.0,15000.0,24000.0,13000.0,6000.0,10000.0,5000.0,28000.0,104000.0,45000.0,27000.0,18000.0,7000.0,70000.0,20000.0,29000.0,33000.0,24000.0,30000.0,24000.0,24000.0,2000.0,41666.67,16.8,0.000458,33400.0,12.5749,0.0003,25600.0,8.2031,0.000159,20933.33,6.6879,0.000115,26800.0,3.9179,9e-05,26633.33,2.6283,6e-05
20261005,3205,佰研,25000.0,27000.0,18000.0,6000.0,52000.0,9000.0,16000.0,18000.0,32000.0,3000.0,19000.0,24000.0,5000.0,9000.0,38000.0,24000.0,12000.0,18000.0,8000.0,113000.0,75000.0,21000.0,39000.0,62000.0,39000.0,15000.0,8000.0,12000.0,37000.0,7000.0,23333.33,35.7143,0.000545,25600.0,19.5312,0.000357,20600.0,12.1359,0.000189,20066.67,8.3056,0.000137,23800.0,5.2521,0.000107,26366.67,3.1606,7.2e-05
20261005,3206,志豐,50000.0,53000.0,14000.0,17000.0,8000.0,19000.0,9000.0,115000.0,52000.0,43000.0,34000.0,11000.0,12000.0,42000.0,8000.0,14000.0,55000.0,84000.0,65000.0,100000.0,28000.0,11000.0,16000.0,42000.0,20000.0,42000.0,19000.0,47000.0,2000.0,68000.0,39000.0,42.735,0.00109,28400.0,35.2113,0.000714,38000.0,13.1579,0.000378,32466.67,10.2669,0.000273,40250.0,6.2112,0.000214,36666.67,4.5455,0.000143
20261005,3207,耀勝,216000.0,245000.0,306000.0,185000.0,107000.0,17000.0,91000.0,181000.0,165000.0,294000.0,140000.0,81000.0,81000.0,85000.0,307000.0,105000.0,244000.0,168000.0,141000.0,79000.0,157000.0,188000.0,112000.0,112000.0,142000.0,155000.0,55000.0,92000.0,101000.0,158000.0,255666.67,28.1617,0.004707,211800.0,20.3966,0.003083,180700.0,11.9535,0.001634,166733.33,8.6365,0.00118,161900.0,6.6708,0.000923,150333.33,4.7894,0.000619
20261005,3211,順達,3636000.0,2846000.0,2343000.0,7930000.0,3903000.0,1163000.0,1762000.0,6065000.0,8625000.0,1570000.0,2265000.0,2578000.0,1875000.0,2313000.0,1692000.0,3851000.0,4826000.0,2289000.0,3200000.0,3296000.0,6072000.0,2717000.0,9549000.0,4505000.0,11113000.0,17210000.0,11121000.0,8264000.0,5056000.0,7324000.0,2941666.67,41.2011,0.079232,4131600.0,17.6009,0.05189,3984300.0,9.1258,0.027502,3371066.67,7.1906,0.019861,3401400.0,5.3449,0.015536,5031966.67,2.4086,0.010417
20261005,3213,茂訊,315000.0,371000.0,140000.0,120000.0,152000.0,98000.0,65000.0,142000.0,122000.0,76000.0,201000.0,203000.0,97000.0,156000.0,209000.0,360000.0,536000.0,325000.0,716000.0,879000.0,213000.0,190000.0,150000.0,139000.0,207000.0,164000.0,161000.0,137000.0,322000.0,292000.0,275333.33,38.1356,0.006864,219600.0,28.6885,0.004495,160100.0,19.6752,0.002383,164466.67,12.7685,0.001721,264150.0,5.9625,0.001346,241933.33,4.34,0.000902
20261005,3217,優群,245000.0,238000.0,129000.0,277000.0,130000.0,65000.0,133000.0,176000.0,146000.0,237000.0,168000.0,173000.0,157000.0,247000.0,302000.0,312000.0,992000.0,246000.0,295000.0,408000.0,440000.0,342000.0,593000.0,438000.0,222000.0,488000.0,310000.0,315000.0,406000.0,382000.0,204000.0,40.0327,0.005339,203800.0,24.0432,0.003496,177600.0,13.795,0.001853,188200.0,8.6787,0.001338,253800.0,4.8266,0.001047,300400.0,2.7186,0.000702
20261005,3218,大學光,192000.0,105000.0,86000.0,78000.0,84000.0,354000.0,111000.0,125000.0,80000.0,116000.0,112000.0,74000.0,101000.0,79000.0,292000.0,79000.0,112000.0,78000.0,164000.0,112000.0,186000.0,191000.0,335000.0,627000.0,137000.0,198000.0,100000.0,84000.0,129000.0,255000.0,127666.67,50.1305,0.004184,109000.0,35.2294,0.00274,133100.0,14.4252,0.001452,132600.0,9.6531,0.001049,126700.0,7.577,0.00082,159200.0,4.0201,0.00055
20261005,3219,倚強科,1027000.0,870000.0,1227000.0,6580000.0,1423000.0,2333000.0,5909000.0,2798000.0,2666000.0,581000.0,450000.0,348000.0,363000.0,232000.0,455000.0,352000.0,666000.0,1357000.0,702000.0,590000.0,889000.0,1204000.0,1401000.0,1986000.0,2232000.0,1354000.0,398000.0,674000.0,199000.0,161000.0,1041333.33,32.8745,0.022379,2225400.0,9.2298,0.014657,2541400.0,4.0411,0.007768,1817466.67,3.7671,0.00561,1546450.0,3.3205,0.004388,1380900.0,2.4791,0.002942
20261005,3221,台嘉碩,8395000.0,12825000.0,13516000.0,3055000.0,4889000.0,3171000.0,3066000.0,1082000.0,2037000.0,603000.0,916000.0,1036000.0,1186000.0,839000.0,1188000.0,1518000.0,1917000.0,2325000.0,3931000.0,1658000.0,2423000.0,4214000.0,4083000.0,905000.0,1550000.0,2010000.0,3199000.0,1434000.0,7204000.0,2018000.0,11578666.67,24.168,0.182935,8536000.0,19.6696,0.119808,5263900.0,15.9483,0.063497,3853600.0,14.5232,0.045857,3457650.0,12.1397,0.035871,3273100.0,8.5495,0.024052
20261005,3224,三顧,63000.0,27000.0,66000.0,18000.0,68000.0,23000.0,32000.0,28000.0,19000.0,112000.0,10000.0,11000.0,4000.0,50000.0,24000.0,29000.0,51000.0,45000.0,31000.0,158000.0,27000.0,17000.0,47000.0,20000.0,28000.0,3000.0,42000.0,12000.0,13000.0,30000.0,52000.0,40.3846,0.001373,48400.0,26.0331,0.000899,45600.0,13.8158,0.000477,37000.0,11.3514,0.000344,43450.0,7.2497,0.000269,36933.33,5.6859,0.00018
20261005,3226,龍鋒,10000.0,37000.0,148000.0,57000.0,63000.0,34000.0,34000.0,43000.0,66000.0,32000.0,18000.0,30000.0,36000.0,30000.0,34000.0,39000.0,48000.0,25000.0,23000.0,20000.0,13000.0,13000.0,20000.0,13000.0,16000.0,26000.0,24000.0,21000.0,26000.0,12000.0,65000.0,5.1282,0.000218,63000.0,3.1746,0.000143,52400.0,1.9084,7.6e-05,44800.0,1.4881,5.5e-05,41350.0,1.2092,4.3e-05,33700.0,0.9891,2.9e-05
20261005,3227,原相,934000.0,811000.0,605000.0,699000.0,590000.0,351000.0,567000.0,803000.0,530000.0,598000.0,659000.0,447000.0,518000.0,499000.0,573000.0,488000.0,640000.0,899000.0,684000.0,436000.0,533000.0,429000.0,496000.0,862000.0,582000.0,547000.0,526000.0,699000.0,832000.0,827000.0,783333.33,39.7447,0.020353,727800.0,25.6664,0.013329,648800.0,14.3958,0.007064,612266.67,10.1699,0.005102,616550.0,7.5744,0.003991,622133.33,5.0043,0.002676
20261005,3228,金麗科,328000.0,426000.0,477000.0,585000.0,906000.0,193000.0,226000.0,332000.0,321000.0,168000.0,150000.0,117000.0,208000.0,129000.0,191000.0,227000.0,279000.0,302000.0,196000.0,227000.0,260000.0,605000.0,827000.0,484000.0,739000.0,508000.0,316000.0,82000.0,91000.0,76000.0,410333.33,26.645,0.007147,544400.0,12.05,0.004681,396200.0,8.2786,0.002481,317133.33,6.8951,0.001792,299400.0,5.4776,0.001402,332533.33,3.2879,0.00094
20261005,3230,錦明,574000.0,301000.0,724000.0,307000.0,517000.0,447000.0,373000.0,623000.0,372000.0,260000.0,255000.0,552000.0,203000.0,367000.0,541000.0,226000.0,173000.0,287000.0,248000.0,304000.0,452000.0,364000.0,476000.0,487000.0,3009000.0,1945000.0,599000.0,635000.0,1415000.0,559000.0,533000.0,35.8974,0.012508,484600.0,23.6896,0.008192,449800.0,12.7612,0.004342,427733.33,8.9464,0.003135,382700.0,7.4993,0.002453,586500.0,3.2623,0.001645
20261005,3232,昱捷,17000.0,36000.0,14000.0,42000.0,57000.0,12000.0,31000.0,35000.0,56000.0,30000.0,71000.0,361000.0,261000.0,17000.0,13000.0,3000.0,20000.0,20000.0,6000.0,5000.0,26000.0,15000.0,14000.0,25000.0,12000.0,11000.0,6000.0,8000.0,4000.0,27000.0,22333.33,25.3731,0.00037,33200.0,10.241,0.000243,33000.0,5.1515,0.000129,70200.0,1.6144,9.3e-05,55350.0,1.5357,7.3e-05,41833.33,1.3546,4.9e-05
20261005,3234,光環,4181000.0,4245000.0,1406000.0,1769000.0,1686000.0,4252000.0,1404000.0,2342000.0,2088000.0,2640000.0,3747000.0,3095000.0,2286000.0,3402000.0,2880000.0,3324000.0,3375000.0,3055000.0,4173000.0,5383000.0,6156000.0,7818000.0,3479000.0,3259000.0,2192000.0,2947000.0,4177000.0,7477000.0,3609000.0,4023000.0,3277333.33,42.5244,0.091108,2657400.0,31.4668,0.059668,2601300.0,16.0727,0.031624,2761533.33,10.0934,0.022839,3036650.0,6.8842,0.017865,3529000.0,3.9492,0.011979
20261005,3236,千如,24806000.0,9935000.0,13482000.0,899000.0,1434000.0,2008000.0,1095000.0,3380000.0,956000.0,787000.0,1282000.0,968000.0,1320000.0,1399000.0,2525000.0,1695000.0,1380000.0,2491000.0,5318000.0,3492000.0,1246000.0,1142000.0,3270000.0,3124000.0,6343000.0,2049000.0,1386000.0,921000.0,1777000.0,4835000.0,16074333.33,51.4402,0.540547,10111200.0,49.0664,0.354014,5878200.0,42.2,0.187625,4418400.0,37.4283,0.135502,4032600.0,30.7568,0.105993,3558166.67,23.2386,0.07107
20261005,3252,海灣,16000.0,14000.0,8000.0,28000.0,8000.0,2000.0,55000.0,85000.0,70000.0,62000.0,3000.0,14000.0,22000.0,6000.0,12000.0,51000.0,27000.0,20000.0,15000.0,12000.0,1000.0,15000.0,30000.0,,4000.0,10000.0,5000.0,38000.0,67000.0,11000.0,12666.67,42.1053,0.000349,14800.0,21.6216,0.000228,34800.0,4.5977,0.000121,27000.0,3.9506,8.7e-05,26500.0,3.0189,6.8e-05,24517.24,2.2504,4.6e-05
20261005,3259,鑫創,129000.0,80000.0,49000.0,35000.0,16000.0,32000.0,21000.0,22000.0,39000.0,33000.0,1000.0,26000.0,25000.0,10000.0,10000.0,17000.0,45000.0,36000.0,33000.0,88000.0,,19000.0,24000.0,32000.0,204000.0,78000.0,95000.0,132000.0,94000.0,299000.0,86000.0,50.0,0.002811,61800.0,41.7476,0.001841,45600.0,28.2895,0.000976,35200.0,24.4318,0.000705,37350.0,17.2691,0.000551,59448.28,7.4826,0.00037
20261005,3260,威剛,4241000.0,3794000.0,2539000.0,3361000.0,2713000.0,4105000.0,3294000.0,4599000.0,4607000.0,6708000.0,3486000.0,3285000.0,5888000.0,4422000.0,5028000.0,4821000.0,7069000.0,12807000.0,6263000.0,4708000.0,9994000.0,3520000.0,3920000.0,4594000.0,6697000.0,5637000.0,7952000.0,31204000.0,20651000.0,6363000.0,3524666.67,40.1078,0.092415,3329600.0,25.4745,0.060525,3996100.0,10.6128,0.032078,4138000.0,6.8326,0.023166,4886900.0,4.3392,0.018121,6609000.0,2.139,0.012151
20261005,3264,欣銓,18954000.0,11557000.0,14614000.0,15292000.0,10352000.0,17975000.0,28819000.0,21876000.0,26820000.0,28853000.0,20984000.0,3470000.0,4528000.0,5193000.0,6468000.0,24809000.0,7212000.0,6342000.0,3079000.0,3077000.0,4168000.0,5024000.0,7787000.0,5877000.0,11444000.0,6068000.0,6713000.0,2424000.0,2681000.0,2302000.0,15041666.67,42.0033,0.413026,14153800.0,26.7829,0.270498,19511200.0,9.7144,0.143362,15717000.0,8.0397,0.103535,14013700.0,6.7627,0.080988,11158733.33,5.6619,0.054304
20261005,3265,台星科,1637000.0,1598000.0,1090000.0,2316000.0,682000.0,1072000.0,2455000.0,5273000.0,1827000.0,2613000.0,1248000.0,281000.0,324000.0,717000.0,752000.0,1458000.0,367000.0,1823000.0,814000.0,730000.0,1564000.0,1219000.0,3159000.0,2260000.0,3149000.0,2150000.0,1471000.0,910000.0,1788000.0,4003000.0,1441666.67,37.8497,0.035672,1464600.0,22.3542,0.023362,2056300.0,7.9609,0.012382,1592333.33,6.8537,0.008942,1453850.0,5.6299,0.006995,1691666.67,3.2256,0.00469
20261005,3268,海德威,1034000.0,81000.0,91000.0,138000.0,432000.0,49000.0,48000.0,228000.0,88000.0,75000.0,96000.0,28000.0,44000.0,31000.0,9000.0,52000.0,24000.0,70000.0,74000.0,43000.0,16000.0,12000.0,105000.0,13000.0,46000.0,51000.0,34000.0,14000.0,35000.0,93000.0,402000.0,85.738,0.022532,355200.0,58.2207,0.014757,226400.0,45.6714,0.007821,164800.0,41.8285,0.005648,136750.0,37.8062,0.004418,105133.33,32.7838,0.002962
20261005,3272,東碩,13000.0,39000.0,24000.0,21000.0,65000.0,10000.0,10000.0,20000.0,21000.0,15000.0,41000.0,11000.0,22000.0,17000.0,15000.0,44000.0,44000.0,22000.0,36000.0,375000.0,50000.0,8000.0,157000.0,56000.0,11000.0,10000.0,31000.0,20000.0,47000.0,38000.0,25333.33,17.1053,0.000283,32400.0,8.0247,0.000186,23800.0,5.4622,9.8e-05,22933.33,3.7791,7.1e-05,43250.0,1.5029,5.6e-05,43100.0,1.0054,3.7e-05
20261005,3276,宇環,51000.0,185000.0,47000.0,57000.0,38000.0,41000.0,38000.0,45000.0,35000.0,20000.0,68000.0,60000.0,141000.0,46000.0,296000.0,36000.0,47000.0,100000.0,162000.0,139000.0,103000.0,81000.0,130000.0,108000.0,192000.0,102000.0,114000.0,123000.0,80000.0,49000.0,94333.33,18.0212,0.001111,75600.0,13.4921,0.000728,55700.0,9.1562,0.000386,77866.67,4.3664,0.000279,82600.0,3.0872,0.000218,91133.33,1.8654,0.000146
20261005,3284,太普高,829000.0,140000.0,91000.0,215000.0,95000.0,111000.0,121000.0,145000.0,113000.0,191000.0,117000.0,510000.0,63000.0,51000.0,132000.0,116000.0,129000.0,111000.0,262000.0,107000.0,45000.0,56000.0,82000.0,149000.0,94000.0,148000.0,273000.0,109000.0,52000.0,53000.0,353333.33,78.2075,0.018065,274000.0,60.5109,0.011831,205100.0,40.4193,0.00627,194933.33,28.3516,0.004528,182450.0,22.7186,0.003542,157000.0,17.6008,0.002375
20261005,3285,微端,25000.0,16000.0,54000.0,11000.0,41000.0,26000.0,26000.0,70000.0,265000.0,11000.0,7000.0,4000.0,26000.0,,16000.0,29000.0,5000.0,12000.0,4000.0,14000.0,32000.0,18000.0,91000.0,82000.0,48000.0,62000.0,79000.0,10000.0,18000.0,24000.0,31666.67,26.3158,0.000545,29400.0,17.0068,0.000357,54500.0,4.5872,0.000189,42714.29,4.1806,0.000137,34842.11,3.7764,0.000107,38827.59,2.2202,7.2e-05
20261005,3287,廣寰科,498000.0,787000.0,403000.0,912000.0,470000.0,472000.0,982000.0,1432000.0,3684000.0,984000.0,901000.0,74000.0,60000.0,59000.0,151000.0,93000.0,153000.0,382000.0,260000.0,125000.0,242000.0,179000.0,153000.0,315000.0,1000000.0,349000.0,365000.0,547000.0,233000.0,417000.0,562666.67,29.5024,0.010852,614000.0,16.2215,0.007107,1062400.0,4.6875,0.003767,791266.67,4.1958,0.00272,644100.0,3.8659,0.002128,556066.67,2.9853,0.001427
20261005,3288,點晶,16000.0,20000.0,23000.0,23000.0,41000.0,96000.0,84000.0,165000.0,136000.0,27000.0,30000.0,65000.0,46000.0,34000.0,21000.0,18000.0,13000.0,26000.0,20000.0,21000.0,6000.0,22000.0,23000.0,22000.0,39000.0,24000.0,27000.0,41000.0,31000.0,73000.0,19666.67,27.1186,0.000349,24600.0,13.0081,0.000228,63100.0,2.5357,0.000121,55133.33,1.9347,8.7e-05,46250.0,1.7297,6.8e-05,41100.0,1.2976,4.6e-05
20261005,3289,宜特,1096000.0,554000.0,331000.0,1516000.0,453000.0,520000.0,589000.0,1594000.0,246000.0,432000.0,378000.0,305000.0,359000.0,356000.0,1025000.0,222000.0,293000.0,314000.0,485000.0,441000.0,592000.0,871000.0,649000.0,792000.0,470000.0,552000.0,839000.0,285000.0,357000.0,350000.0,660333.33,55.3256,0.023883,790000.0,27.7468,0.015641,733100.0,14.9502,0.00829,650266.67,11.2364,0.005987,575450.0,9.523,0.004683,575533.33,6.3477,0.00314
20261005,3290,東浦,563000.0,451000.0,1355000.0,2585000.0,916000.0,243000.0,721000.0,1427000.0,117000.0,452000.0,417000.0,453000.0,358000.0,253000.0,498000.0,150000.0,409000.0,373000.0,849000.0,1153000.0,838000.0,430000.0,513000.0,1380000.0,570000.0,465000.0,189000.0,769000.0,205000.0,472000.0,789666.67,23.7653,0.012268,1174000.0,9.5911,0.008035,883000.0,6.376,0.004258,720600.0,5.2086,0.003075,687150.0,4.0966,0.002406,652466.67,2.8763,0.001613
20261005,3293,鈊象,1230000.0,2872000.0,5228000.0,1828000.0,3229000.0,5224000.0,750000.0,1058000.0,1047000.0,4085000.0,1994000.0,1133000.0,802000.0,743000.0,1589000.0,840000.0,944000.0,1011000.0,1066000.0,882000.0,1229000.0,3850000.0,3708000.0,22982000.0,2709000.0,2810000.0,4392000.0,2721000.0,3496000.0,2569000.0,3110000.0,13.1833,0.026803,2877400.0,8.5494,0.017554,2655100.0,4.6326,0.009303,2187466.67,3.7486,0.006719,1877750.0,3.2752,0.005256,2934033.33,1.3974,0.003524
20261005,3294,英濟,721000.0,528000.0,2035000.0,972000.0,1368000.0,7904000.0,1264000.0,344000.0,274000.0,310000.0,272000.0,182000.0,203000.0,179000.0,215000.0,253000.0,174000.0,243000.0,155000.0,265000.0,477000.0,218000.0,192000.0,169000.0,194000.0,447000.0,180000.0,155000.0,94000.0,276000.0,1094666.67,21.9549,0.015711,1124800.0,12.8201,0.01029,1572000.0,4.5865,0.005453,1118066.67,4.2991,0.003938,893050.0,4.0367,0.003081,675433.33,3.5582,0.002066
20261005,3297,杭特,239000.0,186000.0,198000.0,169000.0,299000.0,902000.0,601000.0,1412000.0,1070000.0,1076000.0,500000.0,2097000.0,341000.0,383000.0,24000.0,30000.0,18000.0,16000.0,30000.0,56000.0,44000.0,30000.0,39000.0,34000.0,60000.0,36000.0,20000.0,14000.0,14000.0,21000.0,207666.67,38.3628,0.005208,218200.0,21.9065,0.003411,615200.0,3.8849,0.001808,633133.33,2.5166,0.001306,482350.0,2.4775,0.001021,331966.67,2.3998,0.000685
20261005,3303,岱稜,176000.0,135000.0,107000.0,148000.0,165000.0,92000.0,104000.0,144000.0,138000.0,199000.0,110000.0,73000.0,245000.0,212000.0,380000.0,1134000.0,97000.0,130000.0,193000.0,213000.0,220000.0,117000.0,151000.0,203000.0,108000.0,232000.0,127000.0,254000.0,224000.0,532000.0,139333.33,42.1053,0.003835,146200.0,24.0766,0.002512,140800.0,12.5,0.001331,161866.67,7.2488,0.000961,209750.0,4.1955,0.000752,212100.0,2.766,0.000504
20261005,3306,鼎天,64000.0,38000.0,43000.0,173000.0,265000.0,24000.0,161000.0,74000.0,47000.0,31000.0,36000.0,50000.0,142000.0,86000.0,248000.0,122000.0,59000.0,45000.0,50000.0,64000.0,75000.0,26000.0,33000.0,127000.0,40000.0,52000.0,64000.0,32000.0,32000.0,93000.0,48333.33,44.1379,0.001395,116600.0,10.9777,0.000913,92000.0,6.9565,0.000484,98800.0,4.3185,0.00035,91100.0,3.5126,0.000273,79866.67,2.6711,0.000183
20261005,3310,佳穎,11000.0,9000.0,21000.0,12000.0,10000.0,8000.0,9000.0,33000.0,14000.0,3000.0,24000.0,8000.0,23000.0,11000.0,1000.0,17000.0,12000.0,19000.0,24000.0,14000.0,17000.0,23000.0,28000.0,10000.0,14000.0,9000.0,2000.0,11000.0,2000.0,25000.0,13666.67,26.8293,0.00024,12600.0,17.4603,0.000157,13000.0,8.4615,8.3e-05,13133.33,5.5838,6e-05,14150.0,3.8869,4.7e-05,14133.33,2.5943,3.2e-05
20261005,3313,斐成,84000.0,69000.0,49000.0,32000.0,7000.0,35000.0,34000.0,98000.0,99000.0,97000.0,85000.0,32000.0,38000.0,26000.0,89000.0,84000.0,119000.0,183000.0,499000.0,64000.0,116000.0,112000.0,81000.0,172000.0,374000.0,1052000.0,518000.0,250000.0,101000.0,48000.0,67333.33,41.5842,0.00183,48200.0,34.8548,0.001199,60400.0,13.9073,0.000635,58266.67,9.611,0.000459,91150.0,4.6078,0.000359,154900.0,1.8076,0.000241
20261005,3317,尼克森,6638000.0,1816000.0,2049000.0,2088000.0,3914000.0,15975000.0,9364000.0,1547000.0,258000.0,359000.0,397000.0,353000.0,209000.0,402000.0,446000.0,505000.0,600000.0,1795000.0,415000.0,428000.0,620000.0,590000.0,641000.0,914000.0,1205000.0,996000.0,1381000.0,387000.0,400000.0,360000.0,3501000.0,63.201,0.144648,3301000.0,40.2181,0.094733,4400800.0,15.0836,0.050208,3054333.33,14.4887,0.03626,2477900.0,13.3944,0.028363,1901733.33,11.635,0.019018
20261005,3322,建舜電,356000.0,171000.0,465000.0,250000.0,106000.0,123000.0,244000.0,176000.0,177000.0,254000.0,196000.0,117000.0,395000.0,272000.0,398000.0,184000.0,73000.0,181000.0,164000.0,147000.0,172000.0,176000.0,290000.0,469000.0,82000.0,123000.0,251000.0,166000.0,162000.0,110000.0,330666.67,35.8871,0.007758,269600.0,26.4095,0.005081,232200.0,15.3316,0.002693,246666.67,9.6216,0.001945,222450.0,8.0018,0.001521,215000.0,5.5194,0.00102
20261005,3323,加百裕,849000.0,673000.0,249000.0,682000.0,1044000.0,99000.0,137000.0,200000.0,317000.0,203000.0,166000.0,110000.0,141000.0,273000.0,307000.0,220000.0,333000.0,387000.0,219000.0,176000.0,389000.0,117000.0,224000.0,280000.0,292000.0,375000.0,323000.0,151000.0,95000.0,267000.0,590333.33,47.939,0.018501,699400.0,24.278,0.012116,445300.0,19.0658,0.006422,363333.33,15.578,0.004638,339250.0,12.5129,0.003628,309933.33,9.131,0.002432
20261005,3324,雙鴻,4406000.0,3373000.0,2935000.0,4066000.0,3782000.0,6213000.0,3992000.0,5320000.0,3905000.0,8136000.0,6331000.0,4701000.0,4170000.0,883000.0,990000.0,741000.0,1351000.0,2125000.0,1960000.0,2720000.0,2042000.0,10591000.0,8557000.0,8718000.0,5902000.0,3964000.0,3710000.0,2456000.0,1102000.0,1191000.0,3571333.33,41.1238,0.096011,3712400.0,23.7367,0.062879,4612800.0,9.5517,0.033326,4213533.33,6.9712,0.024068,3605000.0,6.111,0.018826,4011100.0,3.6615,0.012623
20261005,3325,旭品,110000.0,62000.0,70000.0,59000.0,94000.0,40000.0,159000.0,499000.0,356000.0,80000.0,73000.0,55000.0,99000.0,42000.0,164000.0,68000.0,73000.0,61000.0,41000.0,55000.0,61000.0,120000.0,64000.0,114000.0,112000.0,140000.0,124000.0,43000.0,102000.0,75000.0,80666.67,45.4545,0.002397,79000.0,27.8481,0.00157,152900.0,7.1942,0.000832,130800.0,5.6065,0.000601,113000.0,4.8673,0.00047,107166.67,3.4215,0.000315
20261005,3332,幸康,32000.0,18000.0,56000.0,18000.0,,11000.0,1000.0,2000.0,3000.0,1000.0,3000.0,6000.0,6000.0,3000.0,1000.0,10000.0,5000.0,2000.0,7000.0,3000.0,10000.0,11000.0,12000.0,,5000.0,5000.0,2000.0,,8000.0,,35333.33,30.1887,0.000697,31000.0,25.8065,0.000457,15777.78,22.5352,0.000242,11500.0,19.8758,0.000175,9894.74,17.0213,0.000137,9269.23,13.278,9.2e-05
20261005,3339,泰谷,1789000.0,2424000.0,1226000.0,1445000.0,1739000.0,5972000.0,2053000.0,4936000.0,6348000.0,3671000.0,3653000.0,1462000.0,681000.0,1033000.0,881000.0,1342000.0,870000.0,877000.0,1656000.0,2486000.0,3774000.0,4920000.0,6636000.0,9184000.0,3093000.0,3379000.0,6885000.0,738000.0,801000.0,427000.0,1813000.0,32.8921,0.038984,1724600.0,20.7468,0.025531,3160300.0,5.6609,0.013531,2620866.67,4.5507,0.009772,2327200.0,3.8437,0.007644,2879366.67,2.0711,0.005126
20261005,3349,寶德,87000.0,149000.0,127000.0,17000.0,60000.0,48000.0,93000.0,71000.0,66000.0,33000.0,57000.0,26000.0,90000.0,80000.0,88000.0,164000.0,196000.0,406000.0,356000.0,42000.0,78000.0,13000.0,167000.0,55000.0,56000.0,85000.0,180000.0,210000.0,156000.0,70000.0,121000.0,23.9669,0.001896,88000.0,19.7727,0.001242,75100.0,11.5846,0.000658,72800.0,7.967,0.000475,112800.0,3.8564,0.000372,110866.67,2.6158,0.000249
20261005,3354,律勝,4267000.0,1624000.0,8907000.0,2561000.0,754000.0,2037000.0,899000.0,1650000.0,2476000.0,872000.0,2550000.0,2194000.0,1543000.0,1731000.0,1573000.0,3674000.0,3542000.0,4373000.0,1391000.0,385000.0,1262000.0,952000.0,341000.0,630000.0,2678000.0,1118000.0,697000.0,32000.0,57000.0,71000.0,4932666.67,28.835,0.092982,3622600.0,23.5577,0.060896,2604700.0,16.3819,0.032274,2375866.67,11.9732,0.023308,2450150.0,8.7076,0.018232,1894700.0,7.5069,0.012225
20261005,3357,臺慶科,2308000.0,1817000.0,2066000.0,357000.0,419000.0,792000.0,713000.0,1418000.0,1018000.0,2751000.0,510000.0,435000.0,559000.0,669000.0,839000.0,883000.0,492000.0,989000.0,1957000.0,1613000.0,927000.0,1093000.0,1499000.0,1678000.0,3962000.0,1210000.0,744000.0,631000.0,773000.0,1217000.0,2063666.67,37.2799,0.050294,1393400.0,33.1276,0.032938,1365900.0,16.8973,0.017457,1111400.0,13.8444,0.012607,1130250.0,10.2101,0.009862,1211300.0,6.3513,0.006612
20261005,3360,尚立,286000.0,394000.0,210000.0,332000.0,165000.0,127000.0,208000.0,286000.0,421000.0,232000.0,222000.0,242000.0,290000.0,135000.0,483000.0,340000.0,179000.0,188000.0,167000.0,256000.0,643000.0,312000.0,384000.0,441000.0,669000.0,350000.0,314000.0,350000.0,242000.0,460000.0,296666.67,32.1348,0.006232,277400.0,20.62,0.004082,266100.0,10.7478,0.002163,268866.67,7.0915,0.001562,258150.0,5.5394,0.001222,310933.33,3.066,0.000819
20261005,3362,先進光,7741000.0,1636000.0,1933000.0,631000.0,732000.0,981000.0,830000.0,1356000.0,1080000.0,2659000.0,2892000.0,5710000.0,3491000.0,5212000.0,8597000.0,2778000.0,5390000.0,4629000.0,8845000.0,1388000.0,1196000.0,2301000.0,919000.0,1818000.0,1717000.0,2500000.0,30982000.0,12278000.0,9033000.0,12262000.0,3770000.0,68.4439,0.168684,2534600.0,61.0826,0.110474,1957900.0,39.5373,0.058551,3032066.67,17.0203,0.042285,3425550.0,11.2989,0.033076,4783900.0,5.3938,0.022178
20261005,3363,上詮,2773000.0,3651000.0,1065000.0,1457000.0,1530000.0,1571000.0,2873000.0,2665000.0,2223000.0,2561000.0,4018000.0,3029000.0,2539000.0,2139000.0,2374000.0,4358000.0,6138000.0,4093000.0,4008000.0,8509000.0,8690000.0,6583000.0,7445000.0,6652000.0,4400000.0,9546000.0,6021000.0,1934000.0,1924000.0,2889000.0,2496333.33,37.0276,0.060426,2095200.0,26.47,0.039574,2236900.0,12.3966,0.020974,2431200.0,7.6039,0.015147,3178700.0,4.3618,0.011849,3988600.0,2.3174,0.007945
20261005,3372,典範,801000.0,1026000.0,263000.0,638000.0,394000.0,248000.0,457000.0,694000.0,1420000.0,2204000.0,2554000.0,537000.0,302000.0,315000.0,250000.0,254000.0,203000.0,400000.0,375000.0,296000.0,419000.0,261000.0,311000.0,326000.0,364000.0,307000.0,216000.0,275000.0,214000.0,194000.0,696666.67,38.3254,0.017455,624400.0,25.6566,0.011431,814500.0,9.8343,0.006059,806866.67,6.6182,0.004375,681550.0,5.8763,0.003423,550600.0,4.8493,0.002295
20261005,3373,熱映,38000.0,62000.0,18000.0,55000.0,22000.0,20000.0,22000.0,36000.0,27000.0,30000.0,9000.0,22000.0,18000.0,26000.0,52000.0,47000.0,30000.0,52000.0,219000.0,27000.0,24000.0,24000.0,23000.0,8000.0,47000.0,118000.0,69000.0,46000.0,16000.0,60000.0,39333.33,32.2034,0.000828,39000.0,19.4872,0.000542,33000.0,11.5152,0.000287,30466.67,8.3151,0.000208,41600.0,4.5673,0.000162,42233.33,2.9992,0.000109
20261005,3374,精材,3380000.0,1232000.0,644000.0,1120000.0,2002000.0,14226000.0,17529000.0,16778000.0,9732000.0,13489000.0,12866000.0,12851000.0,7868000.0,17313000.0,15121000.0,2996000.0,2339000.0,3377000.0,4538000.0,4668000.0,4513000.0,3650000.0,21935000.0,41562000.0,28788000.0,20845000.0,19617000.0,6313000.0,13863000.0,27857000.0,1752000.0,64.3075,0.073653,1675600.0,40.3438,0.048237,8013200.0,4.218,0.025565,9743400.0,2.3127,0.018463,8203450.0,2.0601,0.014442,11767066.67,0.9575,0.009684
20261005,3379,彬台,40000.0,28000.0,47000.0,39000.0,60000.0,17000.0,46000.0,82000.0,139000.0,43000.0,32000.0,42000.0,40000.0,59000.0,64000.0,114000.0,51000.0,45000.0,85000.0,77000.0,93000.0,20000.0,46000.0,149000.0,123000.0,129000.0,96000.0,86000.0,56000.0,89000.0,38333.33,34.7826,0.000872,42800.0,18.6916,0.000571,54100.0,7.3937,0.000303,51866.67,5.1414,0.000218,57500.0,3.4783,0.000171,67900.0,1.9637,0.000115
20261005,3388,崇越電,553000.0,346000.0,593000.0,942000.0,165000.0,247000.0,280000.0,606000.0,723000.0,206000.0,360000.0,208000.0,254000.0,463000.0,371000.0,421000.0,598000.0,1509000.0,504000.0,681000.0,992000.0,781000.0,915000.0,2057000.0,2826000.0,3746000.0,5382000.0,1908000.0,2161000.0,5417000.0,497333.33,37.0643,0.01205,519800.0,21.2774,0.007892,466100.0,11.8644,0.004183,421133.33,8.7542,0.003021,501500.0,5.5135,0.002363,1207166.67,1.527,0.001584
20261005,3390,旭軟,155000.0,123000.0,103000.0,195000.0,189000.0,85000.0,96000.0,110000.0,320000.0,123000.0,170000.0,66000.0,113000.0,134000.0,131000.0,98000.0,78000.0,200000.0,112000.0,90000.0,199000.0,143000.0,76000.0,148000.0,161000.0,409000.0,103000.0,125000.0,175000.0,164000.0,127000.0,40.6824,0.003378,153000.0,20.2614,0.002212,149900.0,10.3402,0.001172,140866.67,7.3355,0.000847,134550.0,5.7599,0.000662,146466.67,3.5275,0.000444
20261005,3402,漢科,727000.0,505000.0,405000.0,1006000.0,308000.0,177000.0,352000.0,150000.0,138000.0,293000.0,126000.0,86000.0,92000.0,80000.0,159000.0,111000.0,323000.0,128000.0,359000.0,163000.0,212000.0,182000.0,171000.0,193000.0,230000.0,162000.0,151000.0,81000.0,223000.0,157000.0,545666.67,44.4105,0.015842,590200.0,24.6357,0.010375,406100.0,17.902,0.005499,306933.33,15.7906,0.003971,284400.0,12.7813,0.003106,248333.33,9.7584,0.002083
20261005,3430,奇鈦科,290000.0,818000.0,143000.0,183000.0,329000.0,998000.0,115000.0,220000.0,389000.0,206000.0,154000.0,75000.0,179000.0,221000.0,255000.0,180000.0,163000.0,195000.0,575000.0,145000.0,262000.0,168000.0,197000.0,171000.0,246000.0,253000.0,252000.0,239000.0,464000.0,971000.0,417000.0,23.1815,0.006319,352600.0,16.4492,0.004139,369100.0,7.8569,0.002193,305000.0,6.3388,0.001584,291650.0,4.9717,0.001239,301866.67,3.2023,0.000831
20261005,3434,哲固,73000.0,55000.0,47000.0,46000.0,56000.0,115000.0,65000.0,210000.0,331000.0,599000.0,324000.0,1198000.0,750000.0,74000.0,50000.0,10000.0,37000.0,27000.0,43000.0,48000.0,63000.0,27000.0,52000.0,22000.0,32000.0,45000.0,19000.0,42000.0,43000.0,79000.0,58333.33,41.7143,0.001591,55400.0,26.3538,0.001042,159700.0,4.5711,0.000552,266200.0,1.8282,0.000399,207900.0,1.7557,0.000312,152733.33,1.5932,0.000209
20261005,3438,類比科,66000.0,116000.0,62000.0,84000.0,28000.0,68000.0,55000.0,72000.0,40000.0,75000.0,41000.0,35000.0,42000.0,53000.0,43000.0,69000.0,62000.0,90000.0,64000.0,160000.0,386000.0,255000.0,399000.0,315000.0,111000.0,487000.0,363000.0,17000.0,64000.0,33000.0,81333.33,27.0492,0.001438,71200.0,18.5393,0.000942,66600.0,9.9099,0.000499,58666.67,7.5,0.000361,66250.0,4.9811,0.000282,125166.67,1.7577,0.000189
20261005,3441,聯一光,9599000.0,27832000.0,6182000.0,1054000.0,751000.0,565000.0,696000.0,2104000.0,1873000.0,2828000.0,47398000.0,18981000.0,37659000.0,36125000.0,22967000.0,27586000.0,21508000.0,12595000.0,13589000.0,4705000.0,3173000.0,3875000.0,3180000.0,4530000.0,27256000.0,32034000.0,11877000.0,27905000.0,48653000.0,17226000.0,14537666.67,22.0095,0.209171,9083600.0,21.1348,0.13699,5348400.0,17.9474,0.072604,14440933.33,4.4314,0.052434,14829850.0,3.2364,0.041015,15876866.67,2.0153,0.027501
20261005,3444,利機,417000.0,203000.0,74000.0,233000.0,217000.0,72000.0,111000.0,340000.0,170000.0,362000.0,604000.0,155000.0,70000.0,144000.0,152000.0,108000.0,225000.0,201000.0,255000.0,615000.0,288000.0,279000.0,368000.0,190000.0,417000.0,647000.0,669000.0,1045000.0,219000.0,275000.0,231333.33,60.0865,0.009087,228800.0,36.451,0.005951,219900.0,18.9632,0.003154,221600.0,12.5451,0.002278,236400.0,8.8198,0.001782,304166.67,4.5699,0.001195
20261005,3455,由田,8634000.0,6416000.0,3845000.0,5673000.0,5465000.0,3493000.0,637000.0,1611000.0,2070000.0,2559000.0,4228000.0,1298000.0,768000.0,1409000.0,2830000.0,1254000.0,572000.0,1074000.0,1402000.0,1855000.0,3876000.0,2396000.0,3232000.0,4096000.0,1954000.0,3480000.0,1457000.0,1014000.0,834000.0,1824000.0,6298333.33,45.6946,0.188143,6006600.0,28.7484,0.123218,4040300.0,21.3697,0.065305,3395733.33,16.9507,0.047163,2854650.0,15.1227,0.036892,2708533.33,10.6257,0.024737
20261005,3465,進泰電子,16000.0,36000.0,26000.0,11000.0,2000.0,42000.0,80000.0,16000.0,13000.0,9000.0,20000.0,14000.0,4000.0,10000.0,12000.0,16000.0,36000.0,10000.0,15000.0,23000.0,23000.0,12000.0,5000.0,11000.0,11000.0,19000.0,26000.0,30000.0,20000.0,16000.0,26000.0,20.5128,0.000349,18200.0,17.5824,0.000228,25100.0,6.3745,0.000121,20733.33,5.1447,8.7e-05,20550.0,3.8929,6.8e-05,19466.67,2.7397,4.6e-05
20261005,3466,德晉,136000.0,129000.0,63000.0,372000.0,74000.0,108000.0,80000.0,251000.0,175000.0,275000.0,116000.0,36000.0,84000.0,159000.0,161000.0,197000.0,161000.0,156000.0,144000.0,96000.0,161000.0,116000.0,110000.0,174000.0,175000.0,59000.0,144000.0,96000.0,21000.0,99000.0,109333.33,41.4634,0.002964,154800.0,17.5711,0.001941,166300.0,8.178,0.001029,147933.33,6.1289,0.000743,148650.0,4.5745,0.000581,137600.0,3.2946,0.00039
20261005,3467,台灣精材,763000.0,433000.0,792000.0,1015000.0,1564000.0,613000.0,858000.0,1289000.0,776000.0,1068000.0,2766000.0,3278000.0,606000.0,122000.0,155000.0,109000.0,50000.0,48000.0,91000.0,118000.0,175000.0,34000.0,19000.0,31000.0,91000.0,60000.0,79000.0,12000.0,10000.0,11000.0,662666.67,38.3803,0.016627,913400.0,16.7068,0.010889,917100.0,8.3197,0.005771,1073200.0,4.7397,0.004168,825700.0,4.6203,0.00326,567866.67,4.4788,0.002186
20261005,3479,安勤,513000.0,395000.0,276000.0,693000.0,1070000.0,1272000.0,379000.0,605000.0,470000.0,416000.0,423000.0,238000.0,372000.0,298000.0,717000.0,1164000.0,1495000.0,276000.0,285000.0,397000.0,411000.0,439000.0,751000.0,478000.0,325000.0,364000.0,400000.0,338000.0,424000.0,434000.0,394666.67,43.3277,0.011179,589400.0,17.4075,0.007321,608900.0,8.425,0.00388,542466.67,6.3045,0.002802,587700.0,4.3645,0.002192,537266.67,3.1828,0.00147
20261005,3483,力致,1040000.0,564000.0,136000.0,338000.0,219000.0,199000.0,246000.0,518000.0,295000.0,254000.0,125000.0,195000.0,219000.0,124000.0,274000.0,538000.0,530000.0,275000.0,344000.0,466000.0,759000.0,963000.0,337000.0,168000.0,217000.0,239000.0,161000.0,162000.0,339000.0,145000.0,580000.0,59.7701,0.022663,459400.0,45.2764,0.014842,380900.0,27.3038,0.007866,316400.0,21.9132,0.005681,344950.0,15.0746,0.004444,346300.0,10.0106,0.00298
20261005,3484,崧騰,328000.0,300000.0,157000.0,85000.0,127000.0,68000.0,60000.0,64000.0,135000.0,143000.0,111000.0,52000.0,152000.0,143000.0,90000.0,192000.0,218000.0,111000.0,271000.0,280000.0,434000.0,527000.0,209000.0,200000.0,181000.0,173000.0,120000.0,125000.0,308000.0,226000.0,261666.67,41.7834,0.007147,199400.0,32.8987,0.004681,146700.0,22.3586,0.002481,134333.33,16.2779,0.001792,154350.0,10.6252,0.001402,186333.33,5.8676,0.00094
20261005,3485,敘豐,121000.0,98000.0,83000.0,131000.0,127000.0,56000.0,46000.0,128000.0,54000.0,48000.0,72000.0,26000.0,59000.0,64000.0,82000.0,114000.0,56000.0,58000.0,99000.0,96000.0,86000.0,78000.0,136000.0,233000.0,166000.0,120000.0,225000.0,176000.0,755000.0,167000.0,100666.67,40.0662,0.002637,112000.0,21.6071,0.001727,89200.0,13.565,0.000915,79666.67,10.1255,0.000661,80900.0,7.4784,0.000517,125333.33,3.2181,0.000347
20261005,3489,森寶,87000.0,151000.0,144000.0,90000.0,170000.0,61000.0,180000.0,280000.0,147000.0,83000.0,97000.0,20000.0,78000.0,94000.0,60000.0,89000.0,272000.0,245000.0,167000.0,35000.0,67000.0,190000.0,109000.0,64000.0,148000.0,150000.0,145000.0,325000.0,304000.0,1016000.0,127333.33,22.7749,0.001896,128400.0,13.5514,0.001242,139300.0,6.2455,0.000658,116133.33,4.9943,0.000475,127500.0,3.4118,0.000372,168933.33,1.7167,0.000249
20261005,3490,單井,8201000.0,18557000.0,13858000.0,1899000.0,4275000.0,2499000.0,2384000.0,3058000.0,3205000.0,3981000.0,5251000.0,6905000.0,5425000.0,2830000.0,3576000.0,2932000.0,1392000.0,3053000.0,3131000.0,2987000.0,3895000.0,4338000.0,4722000.0,6189000.0,6502000.0,6345000.0,3781000.0,5316000.0,3465000.0,3502000.0,13538666.67,20.1916,0.178708,9358000.0,17.5272,0.117039,6191700.0,13.2452,0.06203,5726933.33,9.5467,0.044798,4969950.0,8.2506,0.035042,4915133.33,5.5617,0.023496
20261005,3491,昇達科,2059000.0,561000.0,663000.0,800000.0,1501000.0,835000.0,1805000.0,1278000.0,1264000.0,1520000.0,1968000.0,1292000.0,641000.0,1402000.0,1922000.0,1097000.0,1322000.0,1474000.0,1430000.0,1863000.0,1779000.0,1148000.0,1863000.0,2444000.0,2731000.0,2494000.0,1380000.0,1342000.0,1484000.0,978000.0,1094333.33,62.717,0.044868,1116800.0,36.8732,0.029385,1228600.0,16.7589,0.015574,1300733.33,10.553,0.011247,1334850.0,7.7125,0.008798,1478000.0,4.6437,0.005899
20261005,3492,長盛,74000.0,19000.0,36000.0,18000.0,8000.0,10000.0,39000.0,13000.0,15000.0,3000.0,15000.0,46000.0,136000.0,5000.0,58000.0,35000.0,34000.0,11000.0,40000.0,14000.0,56000.0,12000.0,25000.0,54000.0,159000.0,290000.0,39000.0,93000.0,88000.0,85000.0,43000.0,57.3643,0.001613,31000.0,47.7419,0.001056,23500.0,31.4894,0.00056,33000.0,14.9495,0.000404,31450.0,11.7647,0.000316,51000.0,4.8366,0.000212
20261005,3498,陽程,4750000.0,2969000.0,3684000.0,6669000.0,4753000.0,3139000.0,2085000.0,3202000.0,1837000.0,2467000.0,3531000.0,2740000.0,3962000.0,2527000.0,3117000.0,2191000.0,2493000.0,1377000.0,1324000.0,3414000.0,6524000.0,3075000.0,4768000.0,1452000.0,1152000.0,393000.0,508000.0,970000.0,1582000.0,2137000.0,3801000.0,41.6557,0.103507,4565000.0,20.8105,0.067789,3555500.0,13.3596,0.035928,3428800.0,9.2355,0.025947,3111550.0,7.6329,0.020296,2826400.0,5.6019,0.013609
20261005,3499,環天科,118000.0,77000.0,31000.0,42000.0,5000.0,28000.0,26000.0,69000.0,52000.0,49000.0,156000.0,31000.0,29000.0,52000.0,63000.0,109000.0,92000.0,279000.0,647000.0,303000.0,13000.0,34000.0,80000.0,10000.0,32000.0,16000.0,25000.0,17000.0,36000.0,13000.0,75333.33,52.2124,0.002571,54600.0,43.2234,0.001684,49700.0,23.7425,0.000893,55200.0,14.2512,0.000645,112900.0,5.2259,0.000504,84466.67,4.6567,0.000338
20261005,3508,位速,426000.0,246000.0,369000.0,506000.0,549000.0,617000.0,696000.0,1903000.0,1512000.0,664000.0,199000.0,217000.0,210000.0,287000.0,89000.0,113000.0,179000.0,180000.0,118000.0,105000.0,186000.0,172000.0,347000.0,214000.0,319000.0,366000.0,387000.0,583000.0,940000.0,1880000.0,347000.0,40.9222,0.009283,419200.0,20.3244,0.00608,748800.0,5.6891,0.003222,566000.0,5.0177,0.002327,459250.0,4.638,0.00182,485966.67,2.922,0.00122
20261005,3511,矽瑪,296000.0,90000.0,48000.0,99000.0,101000.0,95000.0,90000.0,122000.0,87000.0,103000.0,88000.0,60000.0,148000.0,85000.0,140000.0,140000.0,198000.0,142000.0,101000.0,60000.0,246000.0,52000.0,168000.0,52000.0,90000.0,94000.0,111000.0,115000.0,38000.0,99000.0,144666.67,68.2028,0.00645,126800.0,46.6877,0.004224,113100.0,26.1715,0.002239,110133.33,17.9177,0.001617,114650.0,12.9089,0.001265,111933.33,8.8148,0.000848
20261005,3512,皇龍,40000.0,19000.0,20000.0,20000.0,8000.0,18000.0,26000.0,15000.0,25000.0,101000.0,19000.0,50000.0,22000.0,5000.0,13000.0,13000.0,35000.0,12000.0,56000.0,148000.0,12000.0,33000.0,26000.0,11000.0,63000.0,11000.0,27000.0,18000.0,14000.0,7000.0,26333.33,50.6329,0.000872,21400.0,37.3832,0.000571,29200.0,13.6986,0.000303,26733.33,9.9751,0.000218,33250.0,6.015,0.000171,29566.67,4.5096,0.000115
20261005,3516,亞帝歐,74000.0,48000.0,45000.0,14000.0,7000.0,13000.0,4000.0,20000.0,29000.0,19000.0,18000.0,12000.0,1000.0,149000.0,13000.0,33000.0,38000.0,26000.0,122000.0,308000.0,745000.0,77000.0,284000.0,21000.0,442000.0,224000.0,43000.0,13000.0,11000.0,9000.0,55666.67,44.3114,0.001613,37600.0,39.3617,0.001056,27300.0,27.1062,0.00056,31066.67,15.8798,0.000404,49650.0,7.4522,0.000316,95400.0,2.5856,0.000212
20261005,3520,華盈,849000.0,150000.0,159000.0,158000.0,171000.0,48000.0,112000.0,145000.0,66000.0,46000.0,58000.0,71000.0,57000.0,79000.0,106000.0,43000.0,167000.0,108000.0,95000.0,116000.0,91000.0,103000.0,167000.0,203000.0,132000.0,139000.0,155000.0,315000.0,294000.0,456000.0,386000.0,73.3161,0.018501,297400.0,57.0948,0.012116,190400.0,44.5903,0.006422,151666.67,37.3187,0.004638,140200.0,30.2782,0.003628,161966.67,17.4727,0.002432
20261005,3521,台鋼建設,109000.0,21000.0,97000.0,20000.0,37000.0,10000.0,50000.0,27000.0,39000.0,16000.0,37000.0,15000.0,13000.0,7000.0,17000.0,121000.0,2000.0,121000.0,142000.0,5000.0,17000.0,29000.0,9000.0,21000.0,94000.0,19000.0,23000.0,13000.0,34000.0,14000.0,75666.67,48.0176,0.002375,56800.0,38.3803,0.001556,42600.0,25.5869,0.000824,34333.33,21.165,0.000595,45300.0,12.0309,0.000466,39300.0,9.2451,0.000312
20261005,3522,御嵿,53000.0,151000.0,66000.0,109000.0,176000.0,105000.0,100000.0,77000.0,202000.0,160000.0,259000.0,160000.0,133000.0,393000.0,873000.0,152000.0,88000.0,105000.0,108000.0,26000.0,76000.0,100000.0,21000.0,33000.0,90000.0,192000.0,44000.0,46000.0,21000.0,41000.0,90000.0,19.6296,0.001155,111000.0,9.5495,0.000756,119900.0,4.4204,0.000401,201133.33,1.7567,0.00029,174800.0,1.516,0.000226,138666.67,1.274,0.000152
20261005,3523,迎輝,23000.0,28000.0,33000.0,13000.0,16000.0,16000.0,38000.0,23000.0,17000.0,28000.0,42000.0,58000.0,48000.0,26000.0,32000.0,13000.0,13000.0,13000.0,26000.0,1000.0,1000.0,5000.0,13000.0,12000.0,6000.0,8000.0,3000.0,24000.0,16000.0,25000.0,28000.0,27.381,0.000501,22600.0,20.354,0.000328,23500.0,9.7872,0.000174,29400.0,5.2154,0.000126,25350.0,4.5365,9.8e-05,20666.67,3.7097,6.6e-05
20261005,3526,凡甲,144000.0,128000.0,130000.0,86000.0,155000.0,73000.0,143000.0,166000.0,148000.0,185000.0,129000.0,124000.0,228000.0,131000.0,286000.0,286000.0,180000.0,263000.0,144000.0,75000.0,239000.0,107000.0,173000.0,169000.0,229000.0,182000.0,137000.0,191000.0,141000.0,208000.0,134000.0,35.8209,0.003138,128600.0,22.395,0.002055,135800.0,10.6038,0.001089,150400.0,6.383,0.000787,160200.0,4.4944,0.000615,166000.0,2.8916,0.000413
20261005,3527,聚積,54000.0,36000.0,75000.0,51000.0,41000.0,25000.0,40000.0,173000.0,112000.0,37000.0,69000.0,87000.0,50000.0,26000.0,66000.0,65000.0,28000.0,90000.0,77000.0,33000.0,113000.0,54000.0,76000.0,105000.0,87000.0,73000.0,91000.0,73000.0,28000.0,35000.0,55000.0,32.7273,0.001177,51400.0,21.0117,0.000771,64400.0,8.3851,0.000408,62800.0,5.7325,0.000295,61750.0,4.3725,0.000231,65666.67,2.7411,0.000155
20261005,3529,力旺,927000.0,869000.0,1049000.0,2463000.0,2139000.0,1530000.0,3246000.0,1515000.0,857000.0,1414000.0,1007000.0,523000.0,881000.0,1270000.0,1098000.0,1024000.0,2124000.0,2113000.0,2428000.0,1104000.0,1090000.0,1717000.0,593000.0,7020000.0,1620000.0,506000.0,757000.0,504000.0,793000.0,525000.0,948333.33,32.5835,0.0202,1489400.0,12.448,0.013229,1600900.0,5.7905,0.007012,1385866.67,4.4593,0.005064,1479050.0,3.1338,0.003961,1490200.0,2.0735,0.002656
20261005,3531,先益,3000.0,5000.0,1000.0,2000.0,,13000.0,7000.0,9000.0,1000.0,1000.0,5000.0,1000.0,,1000.0,1000.0,4000.0,7000.0,3000.0,3000.0,2000.0,2000.0,14000.0,1000.0,,1000.0,23000.0,2000.0,13000.0,2000.0,12000.0,3000.0,33.3333,6.5e-05,2750.0,27.2727,4.3e-05,4666.67,7.1429,2.3e-05,3846.15,6.0,1.6e-05,3833.33,4.3478,1.3e-05,5148.15,2.1583,9e-06
20261005,3537,堡達,618000.0,2230000.0,1635000.0,112000.0,67000.0,134000.0,84000.0,177000.0,160000.0,148000.0,118000.0,115000.0,163000.0,120000.0,166000.0,171000.0,214000.0,230000.0,468000.0,583000.0,371000.0,276000.0,371000.0,343000.0,1154000.0,431000.0,341000.0,292000.0,341000.0,671000.0,1494333.33,13.7854,0.013467,932400.0,13.2561,0.00882,536500.0,11.5191,0.004674,403133.33,10.2199,0.003376,385650.0,8.0124,0.002641,410133.33,5.0228,0.001771
20261005,3540,曜越,1593000.0,121000.0,196000.0,155000.0,202000.0,70000.0,107000.0,196000.0,420000.0,264000.0,190000.0,402000.0,433000.0,272000.0,177000.0,217000.0,218000.0,225000.0,203000.0,260000.0,816000.0,700000.0,2270000.0,1911000.0,692000.0,845000.0,793000.0,3097000.0,3463000.0,1341000.0,636666.67,83.4031,0.034713,453400.0,70.2691,0.022734,332400.0,47.9242,0.012049,319866.67,33.2013,0.008702,296050.0,26.9042,0.006807,728300.0,7.291,0.004564
20261005,3541,西柏,53000.0,52000.0,33000.0,66000.0,82000.0,99000.0,646000.0,773000.0,25000.0,16000.0,7000.0,24000.0,6000.0,49000.0,45000.0,37000.0,56000.0,38000.0,30000.0,5000.0,17000.0,9000.0,24000.0,44000.0,15000.0,63000.0,47000.0,12000.0,11000.0,24000.0,46000.0,38.4058,0.001155,57200.0,18.5315,0.000756,184500.0,2.8726,0.000401,131733.33,2.6822,0.00029,107100.0,2.4743,0.000226,80266.67,2.201,0.000152
20261005,3546,宇峻,117000.0,84000.0,43000.0,53000.0,42000.0,79000.0,108000.0,86000.0,77000.0,114000.0,65000.0,65000.0,51000.0,90000.0,112000.0,396000.0,97000.0,169000.0,221000.0,53000.0,109000.0,91000.0,121000.0,126000.0,76000.0,121000.0,75000.0,84000.0,97000.0,77000.0,81333.33,47.9508,0.00255,67800.0,34.5133,0.00167,80300.0,14.5704,0.000885,79066.67,9.8651,0.000639,106100.0,5.5137,0.0005,103300.0,3.7754,0.000335
20261005,3548,兆利,510000.0,142000.0,163000.0,165000.0,109000.0,146000.0,153000.0,176000.0,129000.0,155000.0,154000.0,158000.0,98000.0,161000.0,225000.0,846000.0,225000.0,262000.0,168000.0,143000.0,348000.0,224000.0,535000.0,1041000.0,1821000.0,946000.0,204000.0,114000.0,92000.0,91000.0,271666.67,62.5767,0.011113,217800.0,46.832,0.007278,184800.0,27.5974,0.003857,176266.67,19.289,0.002786,214400.0,11.8937,0.002179,323466.67,5.2556,0.001461
20261005,3551,世禾,1575000.0,2953000.0,1105000.0,904000.0,927000.0,387000.0,1293000.0,767000.0,1863000.0,1455000.0,291000.0,62000.0,86000.0,153000.0,457000.0,144000.0,169000.0,182000.0,277000.0,273000.0,264000.0,209000.0,490000.0,278000.0,589000.0,186000.0,242000.0,124000.0,103000.0,232000.0,1877666.67,27.9602,0.034321,1492800.0,21.1013,0.022477,1322900.0,11.9057,0.011913,951866.67,11.031,0.008603,766150.0,10.2787,0.00673,601333.33,8.7306,0.004512
20261005,3552,同致,468000.0,838000.0,307000.0,399000.0,622000.0,3275000.0,1269000.0,492000.0,1043000.0,2884000.0,84000.0,135000.0,162000.0,91000.0,97000.0,95000.0,151000.0,70000.0,37000.0,45000.0,118000.0,63000.0,86000.0,219000.0,295000.0,237000.0,95000.0,34000.0,52000.0,78000.0,537666.67,29.0143,0.010198,526800.0,17.7677,0.006679,1159700.0,4.0355,0.00354,811066.67,3.8468,0.002556,628200.0,3.7249,0.002,461366.67,3.3813,0.001341
20261005,3555,博士旺,35000.0,37000.0,26000.0,40000.0,62000.0,68000.0,33000.0,33000.0,28000.0,62000.0,46000.0,76000.0,60000.0,44000.0,31000.0,45000.0,57000.0,109000.0,185000.0,119000.0,78000.0,240000.0,365000.0,369000.0,164000.0,145000.0,146000.0,23000.0,34000.0,32000.0,32666.67,35.7143,0.000763,40000.0,17.5,0.000499,42400.0,8.2547,0.000265,45400.0,5.1395,0.000191,59800.0,2.9264,0.00015,93066.67,1.2536,0.0001
20261005,3556,禾瑞亞,172000.0,123000.0,225000.0,139000.0,105000.0,71000.0,128000.0,154000.0,90000.0,153000.0,140000.0,103000.0,87000.0,158000.0,197000.0,178000.0,214000.0,316000.0,196000.0,910000.0,194000.0,225000.0,233000.0,166000.0,300000.0,171000.0,143000.0,651000.0,405000.0,617000.0,173333.33,33.0769,0.003748,152800.0,22.5131,0.002455,136000.0,12.6471,0.001301,136333.33,8.4108,0.00094,192950.0,4.4571,0.000735,232133.33,2.4698,0.000493
20261005,3558,神準,152000.0,296000.0,206000.0,43000.0,52000.0,56000.0,31000.0,65000.0,82000.0,203000.0,70000.0,28000.0,35000.0,33000.0,52000.0,48000.0,60000.0,199000.0,45000.0,45000.0,124000.0,80000.0,43000.0,82000.0,76000.0,130000.0,182000.0,67000.0,88000.0,60000.0,218000.0,23.2416,0.003312,149800.0,20.2937,0.002169,118600.0,12.8162,0.00115,93600.0,10.8262,0.00083,90050.0,8.4398,0.000649,91100.0,5.5617,0.000435
20261005,3564,其陽,880000.0,1958000.0,208000.0,153000.0,270000.0,332000.0,221000.0,128000.0,284000.0,337000.0,109000.0,100000.0,177000.0,270000.0,85000.0,152000.0,261000.0,483000.0,352000.0,1603000.0,1754000.0,609000.0,69000.0,140000.0,91000.0,46000.0,70000.0,86000.0,37000.0,51000.0,1015333.33,28.8903,0.019176,693800.0,25.3675,0.012559,477100.0,18.4448,0.006656,367466.67,15.9652,0.004807,418150.0,10.5225,0.00376,377200.0,7.7766,0.002521
20261005,3567,逸昌,54000.0,46000.0,46000.0,124000.0,355000.0,255000.0,57000.0,43000.0,16000.0,22000.0,13000.0,18000.0,19000.0,15000.0,16000.0,27000.0,21000.0,15000.0,16000.0,26000.0,19000.0,19000.0,43000.0,13000.0,14000.0,18000.0,21000.0,21000.0,19000.0,9000.0,48666.67,36.9863,0.001177,125000.0,8.64,0.000771,101800.0,5.3045,0.000408,73266.67,4.9136,0.000295,60200.0,4.485,0.000231,46666.67,3.8571,0.000155
20261005,3570,大塚,10000.0,18000.0,112000.0,18000.0,11000.0,9000.0,14000.0,48000.0,16000.0,57000.0,65000.0,26000.0,17000.0,50000.0,74000.0,4000.0,14000.0,10000.0,12000.0,3000.0,10000.0,24000.0,9000.0,6000.0,7000.0,29000.0,9000.0,11000.0,11000.0,14000.0,46666.67,7.1429,0.000218,33800.0,5.9172,0.000143,31300.0,3.1949,7.6e-05,36333.33,1.8349,5.5e-05,29400.0,1.7007,4.3e-05,23933.33,1.3928,2.9e-05
20261005,3577,泓格,320000.0,184000.0,186000.0,614000.0,996000.0,116000.0,115000.0,187000.0,257000.0,331000.0,473000.0,173000.0,109000.0,138000.0,285000.0,546000.0,182000.0,395000.0,117000.0,256000.0,455000.0,320000.0,493000.0,661000.0,190000.0,237000.0,348000.0,202000.0,220000.0,475000.0,230000.0,46.3768,0.006973,460000.0,13.913,0.004567,330600.0,9.6794,0.00242,298933.33,7.1365,0.001748,299000.0,5.3512,0.001367,319366.67,3.3399,0.000917
20261005,3580,友威科,1092000.0,731000.0,1235000.0,4827000.0,3234000.0,1004000.0,1043000.0,1199000.0,1693000.0,1125000.0,2090000.0,1699000.0,1114000.0,134000.0,178000.0,194000.0,151000.0,299000.0,217000.0,301000.0,862000.0,618000.0,380000.0,172000.0,197000.0,214000.0,194000.0,149000.0,115000.0,118000.0,1019333.33,35.7096,0.023796,2223800.0,9.821,0.015584,1718300.0,6.3551,0.00826,1493200.0,4.8754,0.005965,1178000.0,4.635,0.004666,885966.67,4.1085,0.003129
20261005,3581,博磊,725000.0,608000.0,1622000.0,555000.0,213000.0,226000.0,212000.0,246000.0,284000.0,321000.0,186000.0,110000.0,274000.0,178000.0,273000.0,895000.0,363000.0,181000.0,368000.0,294000.0,487000.0,497000.0,687000.0,202000.0,296000.0,418000.0,434000.0,230000.0,274000.0,250000.0,985000.0,24.5347,0.015798,744600.0,19.4735,0.010347,501200.0,14.4653,0.005484,402200.0,12.0172,0.00396,406700.0,8.9132,0.003098,396966.67,6.0878,0.002077
20261005,3587,閎康,1284000.0,486000.0,277000.0,317000.0,283000.0,180000.0,236000.0,234000.0,212000.0,273000.0,219000.0,245000.0,236000.0,232000.0,459000.0,465000.0,539000.0,336000.0,332000.0,307000.0,890000.0,1837000.0,403000.0,278000.0,242000.0,402000.0,635000.0,307000.0,283000.0,554000.0,682333.33,62.7259,0.02798,529400.0,48.5077,0.018324,378200.0,33.9503,0.009712,344866.67,24.8212,0.007014,357600.0,17.953,0.005486,432766.67,9.8899,0.003679
20261005,3594,磐儀,383000.0,282000.0,373000.0,423000.0,249000.0,113000.0,374000.0,267000.0,393000.0,356000.0,179000.0,170000.0,227000.0,252000.0,369000.0,488000.0,251000.0,441000.0,457000.0,752000.0,1079000.0,1094000.0,2608000.0,596000.0,646000.0,665000.0,342000.0,675000.0,368000.0,716000.0,346000.0,36.8979,0.008346,342000.0,22.3977,0.005466,321300.0,11.9203,0.002897,294000.0,8.6848,0.002092,339950.0,5.6332,0.001637,519600.0,2.457,0.001097
20261005,3597,映興,1208000.0,24000.0,25000.0,71000.0,44000.0,79000.0,278000.0,93000.0,16000.0,10000.0,16000.0,7000.0,2000.0,61000.0,9000.0,30000.0,23000.0,17000.0,82000.0,13000.0,12000.0,5000.0,23000.0,5000.0,17000.0,24000.0,47000.0,26000.0,22000.0,31000.0,419000.0,96.1018,0.026323,274400.0,88.0466,0.01724,184800.0,65.368,0.009137,129533.33,62.1719,0.006599,105400.0,57.3055,0.005162,77333.33,52.069,0.003461
20261005,3609,三一東林,93000.0,49000.0,86000.0,27000.0,52000.0,42000.0,108000.0,340000.0,234000.0,146000.0,128000.0,293000.0,379000.0,574000.0,98000.0,86000.0,192000.0,148000.0,94000.0,184000.0,28000.0,102000.0,209000.0,381000.0,207000.0,372000.0,236000.0,81000.0,319000.0,114000.0,76000.0,40.7895,0.002027,61400.0,30.2932,0.001327,117700.0,7.9014,0.000703,176600.0,3.5108,0.000508,167650.0,2.7736,0.000397,180066.67,1.7216,0.000266
20261005,3611,鼎翰,59000.0,21000.0,10000.0,29000.0,23000.0,10000.0,10000.0,17000.0,24000.0,41000.0,73000.0,4000.0,23000.0,24000.0,42000.0,38000.0,18000.0,43000.0,74000.0,26000.0,16000.0,17000.0,55000.0,54000.0,78000.0,44000.0,36000.0,44000.0,51000.0,24000.0,30000.0,65.5556,0.001286,28400.0,41.5493,0.000842,24400.0,24.1803,0.000446,27333.33,14.3902,0.000322,30450.0,9.688,0.000252,34266.67,5.7393,0.000169
20261005,3615,安可,2303000.0,4816000.0,7132000.0,2863000.0,3457000.0,846000.0,2186000.0,742000.0,965000.0,958000.0,1963000.0,277000.0,359000.0,278000.0,620000.0,405000.0,337000.0,290000.0,296000.0,316000.0,519000.0,335000.0,335000.0,323000.0,735000.0,620000.0,865000.0,285000.0,177000.0,347000.0,4750333.33,16.1603,0.050185,4114200.0,11.1954,0.032867,2626800.0,8.7673,0.017419,1984333.33,7.7373,0.01258,1570450.0,7.3323,0.00984,1198333.33,6.4061,0.006598
20261005,3623,富晶通,167000.0,395000.0,326000.0,364000.0,322000.0,146000.0,162000.0,313000.0,283000.0,247000.0,717000.0,562000.0,349000.0,921000.0,983000.0,1196000.0,147000.0,309000.0,126000.0,75000.0,127000.0,22000.0,64000.0,45000.0,103000.0,49000.0,37000.0,12000.0,48000.0,15000.0,296000.0,18.8063,0.003639,314800.0,10.6099,0.002383,272500.0,6.1284,0.001263,417133.33,2.669,0.000912,405500.0,2.0592,0.000714,287733.33,1.9347,0.000478
20261005,3624,光頡,14704000.0,40211000.0,30774000.0,16711000.0,18945000.0,49361000.0,23086000.0,17636000.0,32981000.0,17088000.0,21068000.0,22617000.0,33019000.0,44654000.0,64539000.0,20827000.0,23348000.0,18543000.0,19857000.0,9062000.0,3522000.0,4938000.0,4833000.0,5187000.0,14234000.0,7376000.0,6433000.0,3115000.0,8009000.0,6404000.0,28563000.0,17.1597,0.320414,24269000.0,12.1175,0.209845,26149700.0,5.623,0.111217,29826266.67,3.2866,0.08032,26951550.0,2.7279,0.062829,20102733.33,2.4381,0.042127
20261005,3625,西勝,1240000.0,297000.0,235000.0,95000.0,520000.0,55000.0,77000.0,129000.0,170000.0,92000.0,225000.0,107000.0,108000.0,136000.0,150000.0,130000.0,139000.0,82000.0,186000.0,204000.0,284000.0,186000.0,447000.0,329000.0,203000.0,237000.0,530000.0,520000.0,961000.0,3473000.0,590666.67,69.9774,0.027021,477400.0,51.9481,0.017696,291000.0,42.6117,0.009379,242400.0,34.1034,0.006773,218850.0,28.3299,0.005298,384900.0,10.7387,0.003553
20261005,3628,盈正,93000.0,81000.0,45000.0,78000.0,54000.0,48000.0,76000.0,95000.0,78000.0,161000.0,157000.0,103000.0,199000.0,631000.0,622000.0,746000.0,162000.0,82000.0,57000.0,47000.0,49000.0,28000.0,43000.0,26000.0,25000.0,32000.0,25000.0,79000.0,61000.0,36000.0,73000.0,42.4658,0.002027,70200.0,26.4957,0.001327,80900.0,11.4957,0.000703,168066.67,3.689,0.000508,180750.0,2.5726,0.000397,133966.67,2.314,0.000266
20261005,3629,地心引力,5000.0,8000.0,2000.0,4000.0,1000.0,,,,4000.0,,,3000.0,11000.0,8000.0,1000.0,1000.0,1000.0,1000.0,7000.0,4000.0,2000.0,2000.0,2000.0,25000.0,61000.0,6000.0,7000.0,2000.0,2000.0,,5000.0,33.3333,0.000109,4000.0,25.0,7.1e-05,4000.0,20.8333,3.8e-05,4700.0,10.6383,2.7e-05,4066.67,8.1967,2.1e-05,7083.33,2.9412,1.4e-05
20261005,3630,新鉅科,876000.0,517000.0,407000.0,228000.0,332000.0,749000.0,1620000.0,307000.0,295000.0,449000.0,224000.0,364000.0,351000.0,216000.0,321000.0,304000.0,459000.0,622000.0,1200000.0,4072000.0,1378000.0,1816000.0,272000.0,450000.0,603000.0,1440000.0,1434000.0,380000.0,279000.0,661000.0,600000.0,48.6667,0.019089,472000.0,37.1186,0.012502,578000.0,15.1557,0.006626,483733.33,12.0728,0.004785,695650.0,6.2963,0.003743,754200.0,3.8717,0.00251
20261005,3631,晟楠,226000.0,208000.0,149000.0,143000.0,64000.0,96000.0,148000.0,156000.0,270000.0,155000.0,240000.0,88000.0,73000.0,99000.0,117000.0,85000.0,152000.0,46000.0,110000.0,142000.0,179000.0,211000.0,390000.0,989000.0,562000.0,336000.0,155000.0,133000.0,223000.0,472000.0,194333.33,38.765,0.004925,158000.0,28.6076,0.003225,161500.0,13.9938,0.001709,148800.0,10.1254,0.001235,138350.0,8.1677,0.000966,213900.0,3.5219,0.000647
20261005,3632,研勤,17000.0,26000.0,6000.0,20000.0,11000.0,16000.0,27000.0,3000.0,3000.0,10000.0,7000.0,6000.0,8000.0,1000.0,3000.0,,21000.0,8000.0,11000.0,,2000.0,2000.0,8000.0,,7000.0,26000.0,4000.0,4000.0,9000.0,5000.0,16333.33,34.6939,0.00037,16000.0,21.25,0.000243,13900.0,12.2302,0.000129,10933.33,10.3659,9.3e-05,11333.33,8.3333,7.3e-05,10037.04,6.2731,4.9e-05
20261005,3646,艾恩特,1000.0,12000.0,18000.0,18000.0,6000.0,6000.0,16000.0,28000.0,23000.0,22000.0,3000.0,8000.0,10000.0,48000.0,35000.0,3000.0,1000.0,7000.0,24000.0,7000.0,7000.0,5000.0,8000.0,19000.0,9000.0,23000.0,40000.0,24000.0,56000.0,30000.0,10333.33,3.2258,2.2e-05,11000.0,1.8182,1.4e-05,15000.0,0.6667,8e-06,16933.33,0.3937,5e-06,14800.0,0.3378,4e-06,17233.33,0.1934,3e-06
20261005,3663,鑫科,735000.0,431000.0,1164000.0,2670000.0,546000.0,337000.0,212000.0,393000.0,551000.0,366000.0,1067000.0,872000.0,615000.0,264000.0,285000.0,284000.0,234000.0,565000.0,342000.0,415000.0,854000.0,299000.0,398000.0,292000.0,338000.0,473000.0,357000.0,173000.0,134000.0,214000.0,776666.67,31.5451,0.016016,1109200.0,13.2528,0.010489,740500.0,9.9257,0.005559,700533.33,6.9947,0.004015,617400.0,5.9524,0.003141,529333.33,4.6285,0.002106
20261005,3664,安瑞-KY,15000.0,13000.0,41000.0,17000.0,91000.0,97000.0,103000.0,77000.0,49000.0,39000.0,12000.0,89000.0,47000.0,14000.0,1000.0,10000.0,14000.0,25000.0,80000.0,63000.0,232000.0,132000.0,72000.0,96000.0,26000.0,3000.0,43000.0,16000.0,16000.0,14000.0,23000.0,21.7391,0.000327,35400.0,8.4746,0.000214,54200.0,2.7675,0.000113,47000.0,2.1277,8.2e-05,44850.0,1.6722,6.4e-05,51566.67,0.9696,4.3e-05
20261005,3666,光耀,95000.0,114000.0,28000.0,38000.0,40000.0,9000.0,23000.0,37000.0,45000.0,23000.0,14000.0,34000.0,3000.0,4000.0,41000.0,13000.0,61000.0,220000.0,15000.0,52000.0,4000.0,68000.0,36000.0,68000.0,57000.0,74000.0,49000.0,23000.0,33000.0,10000.0,79000.0,40.0844,0.00207,63000.0,30.1587,0.001356,45200.0,21.0177,0.000719,36533.33,17.3358,0.000519,45450.0,10.451,0.000406,44366.67,7.1375,0.000272
20261005,3672,康聯訊,8000.0,5000.0,7000.0,9000.0,16000.0,178000.0,13000.0,31000.0,36000.0,3000.0,3000.0,7000.0,17000.0,11000.0,1000.0,13000.0,10000.0,8000.0,56000.0,37000.0,22000.0,17000.0,21000.0,14000.0,12000.0,1000.0,6000.0,10000.0,10000.0,7000.0,6666.67,40.0,0.000174,9000.0,17.7778,0.000114,30600.0,2.6144,6.1e-05,23000.0,2.3188,4.4e-05,23450.0,1.7058,3.4e-05,19633.33,1.3582,2.3e-05
20261005,3675,德微,3146000.0,2875000.0,2817000.0,1302000.0,2712000.0,3514000.0,3228000.0,1770000.0,1010000.0,1445000.0,2669000.0,1584000.0,1961000.0,1823000.0,543000.0,360000.0,323000.0,698000.0,986000.0,871000.0,1335000.0,330000.0,620000.0,531000.0,1759000.0,698000.0,1358000.0,442000.0,525000.0,983000.0,2946000.0,35.5963,0.068554,2570400.0,24.4787,0.044897,2381900.0,13.2079,0.023795,2159933.33,9.7102,0.017185,1781850.0,8.8279,0.013443,1473933.33,7.1147,0.009013
20261005,3680,家登,1957000.0,739000.0,716000.0,1579000.0,1018000.0,1361000.0,791000.0,1665000.0,1925000.0,1417000.0,1980000.0,1273000.0,1315000.0,1157000.0,1626000.0,3515000.0,7513000.0,2094000.0,1196000.0,1043000.0,1811000.0,2502000.0,2838000.0,1306000.0,1662000.0,894000.0,1352000.0,993000.0,771000.0,519000.0,1137333.33,57.3564,0.042645,1201800.0,32.5678,0.027929,1316800.0,14.8618,0.014802,1367933.33,9.5375,0.01069,1794000.0,5.4543,0.008362,1684266.67,3.8731,0.005607
20261005,3684,榮昌,29000.0,,49000.0,82000.0,6000.0,2000.0,,21000.0,6000.0,9000.0,22000.0,8000.0,37000.0,161000.0,54000.0,46000.0,8000.0,26000.0,36000.0,35000.0,10000.0,18000.0,4000.0,25000.0,93000.0,10000.0,17000.0,63000.0,64000.0,16000.0,39000.0,37.1795,0.000632,41500.0,17.4699,0.000414,25500.0,14.2157,0.000219,37384.62,5.9671,0.000158,35388.89,4.5526,0.000124,34178.57,3.0303,8.3e-05
20261005,3685,元創精密,1770000.0,1512000.0,216000.0,292000.0,322000.0,262000.0,187000.0,189000.0,378000.0,630000.0,202000.0,1146000.0,274000.0,408000.0,610000.0,411000.0,253000.0,418000.0,569000.0,1016000.0,392000.0,1100000.0,962000.0,1288000.0,528000.0,486000.0,353000.0,280000.0,264000.0,218000.0,1166000.0,50.6003,0.03857,822400.0,43.0447,0.02526,575800.0,30.7398,0.013388,559866.67,21.0764,0.009669,553250.0,15.9964,0.007563,564533.33,10.4511,0.005071
20261005,3687,歐買尬,37000.0,31000.0,50000.0,28000.0,28000.0,47000.0,42000.0,52000.0,52000.0,27000.0,14000.0,18000.0,25000.0,43000.0,34000.0,139000.0,21000.0,15000.0,33000.0,97000.0,25000.0,47000.0,54000.0,36000.0,37000.0,25000.0,46000.0,63000.0,100000.0,33000.0,39333.33,31.3559,0.000806,34800.0,21.2644,0.000528,39400.0,9.3909,0.00028,35200.0,7.0076,0.000202,41650.0,4.4418,0.000158,43300.0,2.8483,0.000106
20261005,3689,湧德,666000.0,589000.0,288000.0,378000.0,262000.0,401000.0,393000.0,521000.0,307000.0,412000.0,385000.0,356000.0,417000.0,525000.0,1149000.0,457000.0,508000.0,991000.0,1564000.0,993000.0,3809000.0,1442000.0,1698000.0,1601000.0,2972000.0,2590000.0,576000.0,386000.0,340000.0,518000.0,514333.33,43.1627,0.014513,436600.0,30.5085,0.009505,421700.0,15.7932,0.005037,469933.33,9.4481,0.003638,578100.0,5.7602,0.002846,916466.67,2.4223,0.001908
20261005,3691,碩禾,1682000.0,1040000.0,1148000.0,964000.0,1317000.0,5400000.0,1724000.0,2162000.0,1057000.0,203000.0,194000.0,153000.0,139000.0,272000.0,505000.0,235000.0,120000.0,200000.0,187000.0,171000.0,579000.0,575000.0,1020000.0,333000.0,356000.0,294000.0,203000.0,309000.0,215000.0,234000.0,1290000.0,43.4625,0.036652,1230200.0,27.3451,0.024004,1669700.0,10.0737,0.012722,1197333.33,9.3653,0.009188,943650.0,8.9122,0.007187,766366.67,7.3159,0.004819
20261005,3693,營邦,1480000.0,816000.0,2685000.0,1198000.0,1265000.0,1903000.0,2335000.0,2044000.0,1022000.0,1836000.0,2791000.0,1074000.0,1868000.0,1836000.0,1281000.0,2054000.0,2530000.0,3667000.0,2280000.0,2029000.0,3104000.0,2060000.0,1788000.0,1548000.0,1771000.0,817000.0,944000.0,891000.0,344000.0,498000.0,1660333.33,29.7129,0.032251,1488800.0,19.8818,0.021122,1658400.0,8.9243,0.011194,1695600.0,5.819,0.008084,1899700.0,3.8954,0.006324,1725300.0,2.8594,0.00424
20261005,3707,漢磊,55680000.0,35462000.0,21159000.0,30327000.0,20438000.0,33362000.0,55452000.0,19606000.0,2295000.0,2541000.0,7086000.0,7055000.0,4058000.0,3436000.0,5159000.0,6674000.0,2049000.0,4869000.0,2232000.0,2418000.0,3199000.0,1990000.0,2660000.0,2777000.0,3668000.0,2087000.0,3672000.0,5546000.0,1871000.0,2207000.0,37433666.67,49.581,1.213321,32613200.0,34.1457,0.794626,27632200.0,20.1504,0.421147,20207733.33,18.3692,0.30415,16067900.0,17.3265,0.237914,11701166.67,15.8617,0.159524
20261005,3709,鑫聯大投控,310000.0,191000.0,498000.0,358000.0,232000.0,100000.0,138000.0,195000.0,166000.0,162000.0,132000.0,182000.0,291000.0,189000.0,271000.0,206000.0,279000.0,1661000.0,302000.0,351000.0,463000.0,443000.0,298000.0,275000.0,395000.0,332000.0,201000.0,329000.0,417000.0,324000.0,333000.0,31.031,0.006755,317800.0,19.5091,0.004424,235000.0,13.1915,0.002345,227666.67,9.0776,0.001693,310700.0,4.9887,0.001325,323033.33,3.1988,0.000888
20261005,3710,連展投控,150000.0,193000.0,232000.0,250000.0,401000.0,145000.0,243000.0,276000.0,598000.0,,,,,,,,766000.0,318000.0,235000.0,255000.0,208000.0,355000.0,242000.0,346000.0,241000.0,273000.0,115000.0,324000.0,183000.0,93000.0,191666.67,26.087,0.003269,245200.0,12.2349,0.002141,276444.44,6.0289,0.001135,276444.44,6.0289,0.000819,312461.54,3.6928,0.000641,280086.96,2.3285,0.00043
20261005,3713,新晶投控,43000.0,18000.0,15000.0,52000.0,45000.0,3000.0,34000.0,44000.0,32000.0,36000.0,29000.0,59000.0,7000.0,36000.0,17000.0,8000.0,40000.0,101000.0,24000.0,12000.0,43000.0,22000.0,25000.0,42000.0,52000.0,7000.0,15000.0,4000.0,15000.0,11000.0,25333.33,56.5789,0.000937,34600.0,24.8555,0.000614,32200.0,13.354,0.000325,31333.33,9.1489,0.000235,32750.0,6.5649,0.000184,29700.0,4.826,0.000123
20261005,3718,中光電投控,1888000.0,1232000.0,1874000.0,1478000.0,1098000.0,1096000.0,1363000.0,2165000.0,2704000.0,3383000.0,3196000.0,5315000.0,6222000.0,5424000.0,5343000.0,4240000.0,4431000.0,7163000.0,6283000.0,4129000.0,3400000.0,,,,,,,,,,1664666.67,37.8054,0.041141,1514000.0,24.9406,0.026944,1828100.0,10.3277,0.01428,2918733.33,4.3124,0.010313,3501350.0,2.6961,0.008067,3496523.81,2.5713,0.005409
20261005,4102,永日,39000.0,31000.0,26000.0,31000.0,7000.0,51000.0,19000.0,7000.0,10000.0,29000.0,30000.0,23000.0,16000.0,23000.0,2000.0,41000.0,34000.0,14000.0,20000.0,16000.0,23000.0,16000.0,8000.0,6000.0,48000.0,21000.0,13000.0,45000.0,6000.0,7000.0,32000.0,40.625,0.00085,26800.0,29.1045,0.000557,25000.0,15.6,0.000295,22933.33,11.3372,0.000213,23450.0,8.3156,0.000167,22066.67,5.8912,0.000112
20261005,4105,東洋,369000.0,311000.0,444000.0,538000.0,289000.0,198000.0,219000.0,401000.0,598000.0,437000.0,518000.0,326000.0,478000.0,236000.0,569000.0,153000.0,390000.0,245000.0,365000.0,746000.0,321000.0,205000.0,289000.0,385000.0,391000.0,398000.0,334000.0,442000.0,597000.0,1975000.0,374666.67,32.8292,0.008041,390200.0,18.9134,0.005266,380400.0,9.7003,0.002791,395400.0,6.2215,0.002016,391500.0,4.7126,0.001577,438900.0,2.8025,0.001057
20261005,4107,邦特,51000.0,17000.0,17000.0,25000.0,41000.0,32000.0,49000.0,14000.0,52000.0,30000.0,19000.0,22000.0,25000.0,41000.0,72000.0,37000.0,25000.0,67000.0,24000.0,30000.0,32000.0,18000.0,34000.0,26000.0,28000.0,19000.0,23000.0,60000.0,23000.0,48000.0,28333.33,60.0,0.001111,30200.0,33.7748,0.000728,32800.0,15.5488,0.000386,33800.0,10.0592,0.000279,34500.0,7.3913,0.000218,33366.67,5.0949,0.000146
20261005,4109,加捷生醫,129000.0,66000.0,158000.0,51000.0,54000.0,169000.0,145000.0,231000.0,84000.0,56000.0,113000.0,120000.0,83000.0,159000.0,95000.0,76000.0,157000.0,165000.0,163000.0,126000.0,235000.0,131000.0,82000.0,83000.0,256000.0,100000.0,103000.0,105000.0,119000.0,69000.0,117666.67,36.5439,0.002811,91600.0,28.1659,0.001841,114300.0,11.2861,0.000976,114200.0,7.5306,0.000705,120000.0,5.375,0.000551,122766.67,3.5026,0.00037
20261005,4111,濟生,48000.0,64000.0,22000.0,29000.0,17000.0,4000.0,86000.0,38000.0,29000.0,15000.0,25000.0,53000.0,24000.0,87000.0,9000.0,27000.0,47000.0,11000.0,38000.0,44000.0,25000.0,95000.0,31000.0,28000.0,70000.0,44000.0,96000.0,286000.0,197000.0,95000.0,44666.67,35.8209,0.001046,36000.0,26.6667,0.000685,35200.0,13.6364,0.000363,36666.67,8.7273,0.000262,35850.0,6.6946,0.000205,56133.33,2.8504,0.000138
20261005,4113,聯上,822000.0,74000.0,582000.0,304000.0,617000.0,745000.0,76000.0,89000.0,689000.0,660000.0,58000.0,90000.0,145000.0,44000.0,64000.0,63000.0,86000.0,142000.0,102000.0,111000.0,44000.0,197000.0,46000.0,91000.0,28000.0,313000.0,166000.0,76000.0,30000.0,114000.0,492666.67,55.6157,0.017912,479800.0,34.2643,0.011731,465800.0,17.6471,0.006217,337266.67,16.2483,0.00449,278150.0,14.7762,0.003512,222266.67,12.3275,0.002355
20261005,4114,健喬,1321000.0,616000.0,296000.0,464000.0,586000.0,405000.0,323000.0,586000.0,394000.0,809000.0,628000.0,389000.0,471000.0,378000.0,664000.0,373000.0,591000.0,496000.0,566000.0,599000.0,417000.0,426000.0,396000.0,519000.0,501000.0,647000.0,593000.0,728000.0,1338000.0,2990000.0,744333.33,59.1581,0.028786,656600.0,40.2376,0.018852,580000.0,22.7759,0.009992,555333.33,15.8583,0.007216,547750.0,12.0584,0.005644,650333.33,6.7709,0.003785
20261005,4116,明基醫,39000.0,56000.0,22000.0,17000.0,11000.0,10000.0,13000.0,43000.0,23000.0,16000.0,21000.0,9000.0,30000.0,12000.0,6000.0,35000.0,15000.0,31000.0,20000.0,21000.0,93000.0,12000.0,14000.0,12000.0,27000.0,17000.0,20000.0,39000.0,34000.0,51000.0,39000.0,33.3333,0.00085,29000.0,26.8966,0.000557,25000.0,15.6,0.000295,21866.67,11.8902,0.000213,22500.0,8.6667,0.000167,25633.33,5.0715,0.000112
20261005,4120,友華,28000.0,58000.0,2000.0,7000.0,4000.0,2000.0,43000.0,17000.0,7000.0,21000.0,16000.0,36000.0,18000.0,1000.0,2000.0,15000.0,6000.0,2000.0,6000.0,8000.0,23000.0,38000.0,4000.0,9000.0,26000.0,4000.0,33000.0,42000.0,7000.0,20000.0,29333.33,31.8182,0.00061,19800.0,28.2828,0.0004,18900.0,14.8148,0.000212,17466.67,10.687,0.000153,14950.0,9.3645,0.00012,16833.33,5.5446,8e-05
20261005,4121,優盛,23000.0,57000.0,16000.0,73000.0,18000.0,12000.0,24000.0,42000.0,25000.0,15000.0,46000.0,38000.0,19000.0,14000.0,20000.0,18000.0,36000.0,50000.0,64000.0,21000.0,46000.0,43000.0,44000.0,13000.0,32000.0,57000.0,19000.0,8000.0,41000.0,12000.0,32000.0,23.9583,0.000501,37400.0,12.2995,0.000328,30500.0,7.541,0.000174,29466.67,5.2036,0.000126,31550.0,3.645,9.8e-05,31533.33,2.4313,6.6e-05
20261005,4123,晟德,1273000.0,1045000.0,873000.0,964000.0,1009000.0,1134000.0,1343000.0,1513000.0,880000.0,1410000.0,1122000.0,1421000.0,1119000.0,889000.0,1051000.0,1732000.0,1961000.0,2538000.0,2243000.0,1820000.0,1970000.0,1491000.0,1648000.0,1586000.0,1707000.0,1764000.0,1615000.0,1675000.0,1605000.0,1289000.0,1063666.67,39.8935,0.02774,1032800.0,24.6514,0.018167,1144400.0,11.1237,0.009629,1136400.0,7.468,0.006954,1367000.0,4.6562,0.005439,1456333.33,2.9137,0.003647
20261005,4126,太醫,21000.0,12000.0,25000.0,20000.0,8000.0,12000.0,9000.0,16000.0,30000.0,72000.0,52000.0,8000.0,7000.0,11000.0,49000.0,14000.0,57000.0,13000.0,18000.0,27000.0,23000.0,4000.0,34000.0,50000.0,27000.0,17000.0,14000.0,13000.0,22000.0,53000.0,19333.33,36.2069,0.000458,17200.0,24.4186,0.0003,22500.0,9.3333,0.000159,23466.67,5.9659,0.000115,24050.0,4.3659,9e-05,24600.0,2.8455,6e-05
20261005,4127,天良,496000.0,534000.0,320000.0,418000.0,309000.0,516000.0,629000.0,817000.0,151000.0,122000.0,54000.0,126000.0,131000.0,94000.0,113000.0,359000.0,101000.0,244000.0,251000.0,1517000.0,422000.0,237000.0,299000.0,481000.0,138000.0,216000.0,184000.0,178000.0,92000.0,213000.0,450000.0,36.7407,0.010808,415400.0,23.8806,0.007079,431200.0,11.5028,0.003752,322000.0,10.2692,0.002709,365100.0,6.7927,0.002119,325400.0,5.0809,0.001421
20261005,4128,中天,2377000.0,783000.0,1192000.0,1707000.0,1191000.0,676000.0,753000.0,602000.0,748000.0,4180000.0,497000.0,359000.0,459000.0,560000.0,573000.0,430000.0,438000.0,694000.0,710000.0,759000.0,1301000.0,624000.0,792000.0,815000.0,606000.0,859000.0,857000.0,1561000.0,2613000.0,1773000.0,1450666.67,54.6186,0.051797,1450000.0,32.7862,0.033923,1420900.0,16.7288,0.017979,1110466.67,14.2703,0.012984,984400.0,12.0733,0.010157,1049633.33,7.5487,0.00681
20261005,4129,聯合,151000.0,61000.0,71000.0,99000.0,124000.0,54000.0,42000.0,131000.0,32000.0,143000.0,86000.0,43000.0,163000.0,113000.0,198000.0,191000.0,232000.0,217000.0,160000.0,162000.0,198000.0,155000.0,251000.0,255000.0,439000.0,1503000.0,2688000.0,71000.0,97000.0,143000.0,94333.33,53.3569,0.00329,101200.0,29.8419,0.002155,90800.0,16.63,0.001142,100733.33,9.9934,0.000825,123650.0,6.1059,0.000645,275766.67,1.8252,0.000433
20261005,4131,浩泰,53000.0,35000.0,8000.0,47000.0,20000.0,23000.0,12000.0,27000.0,11000.0,14000.0,11000.0,1000.0,1000.0,13000.0,10000.0,1000.0,8000.0,20000.0,216000.0,5000.0,1000.0,14000.0,6000.0,19000.0,30000.0,1000.0,51000.0,4000.0,3000.0,11000.0,32000.0,55.2083,0.001155,32600.0,32.5153,0.000756,25000.0,21.2,0.000401,19066.67,18.5315,0.00029,26800.0,9.8881,0.000226,22533.33,7.8402,0.000152
20261005,4138,曜亞,34000.0,64000.0,18000.0,74000.0,52000.0,59000.0,38000.0,51000.0,24000.0,6000.0,20000.0,10000.0,40000.0,19000.0,18000.0,27000.0,94000.0,38000.0,53000.0,69000.0,41000.0,14000.0,36000.0,35000.0,66000.0,84000.0,70000.0,59000.0,9000.0,11000.0,38666.67,29.3103,0.000741,48400.0,14.0496,0.000485,42000.0,8.0952,0.000257,35133.33,6.4516,0.000186,40400.0,4.2079,0.000145,41100.0,2.7575,9.7e-05
20261005,4139,馬光-KY,66000.0,22000.0,37000.0,65000.0,63000.0,37000.0,32000.0,21000.0,28000.0,36000.0,45000.0,46000.0,24000.0,41000.0,25000.0,25000.0,7000.0,20000.0,16000.0,36000.0,45000.0,43000.0,89000.0,76000.0,33000.0,26000.0,94000.0,62000.0,31000.0,5000.0,41666.67,52.8,0.001438,50600.0,26.087,0.000942,40700.0,16.2162,0.000499,39200.0,11.2245,0.000361,34600.0,9.5376,0.000282,39866.67,5.5184,0.000189
20261005,4147,中裕,1025000.0,560000.0,1008000.0,576000.0,575000.0,1608000.0,1702000.0,1775000.0,1379000.0,1152000.0,741000.0,547000.0,302000.0,491000.0,826000.0,902000.0,1131000.0,1163000.0,610000.0,425000.0,693000.0,510000.0,705000.0,993000.0,2324000.0,1616000.0,1596000.0,839000.0,1213000.0,1016000.0,864333.33,39.5295,0.022336,748800.0,27.3771,0.014628,1136000.0,9.0229,0.007753,951133.33,7.1844,0.005599,924900.0,5.5411,0.00438,1000100.0,3.4163,0.002937
20261005,4153,鈺緯,27000.0,18000.0,12000.0,8000.0,4000.0,19000.0,12000.0,2000.0,11000.0,1000.0,5000.0,1000.0,5000.0,1000.0,10000.0,4000.0,11000.0,2000.0,4000.0,4000.0,4000.0,4000.0,20000.0,22000.0,11000.0,16000.0,5000.0,11000.0,5000.0,11000.0,19000.0,47.3684,0.000588,13800.0,39.1304,0.000385,11400.0,23.6842,0.000204,9066.67,19.8529,0.000147,8050.0,16.7702,0.000115,9000.0,10.0,7.7e-05
20261005,4154,樂威科-KY,32000.0,8000.0,10000.0,17000.0,52000.0,14000.0,27000.0,,1000.0,58000.0,4000.0,6000.0,24000.0,7000.0,,,,,,,5000.0,,8000.0,,5000.0,,20000.0,1000.0,50000.0,12000.0,16666.67,64.0,0.000697,23800.0,26.8908,0.000457,24333.33,14.6119,0.000242,20000.0,12.3077,0.000175,20000.0,12.3077,0.000137,18050.0,8.8643,9.2e-05
20261005,4157,太景*-KY,1070000.0,664000.0,479000.0,668000.0,761000.0,391000.0,1123000.0,692000.0,503000.0,722000.0,988000.0,622000.0,702000.0,419000.0,1016000.0,835000.0,602000.0,1057000.0,1913000.0,438000.0,473000.0,541000.0,672000.0,456000.0,828000.0,912000.0,788000.0,1285000.0,567000.0,696000.0,737666.67,48.3507,0.023316,728400.0,29.3795,0.01527,707300.0,15.128,0.008093,721333.33,9.8891,0.005845,783250.0,6.8305,0.004572,762766.67,4.676,0.003066
20261005,4160,訊聯基因,32000.0,11000.0,9000.0,47000.0,5000.0,18000.0,67000.0,37000.0,5000.0,4000.0,10000.0,8000.0,4000.0,13000.0,14000.0,25000.0,77000.0,35000.0,22000.0,14000.0,19000.0,26000.0,11000.0,16000.0,25000.0,9000.0,28000.0,26000.0,25000.0,76000.0,17333.33,61.5385,0.000697,20800.0,30.7692,0.000457,23500.0,13.617,0.000242,18933.33,11.2676,0.000175,22850.0,7.0022,0.000137,23933.33,4.4568,9.2e-05
20261005,4161,聿新科,28000.0,29000.0,34000.0,46000.0,40000.0,11000.0,30000.0,23000.0,24000.0,21000.0,10000.0,20000.0,10000.0,11000.0,10000.0,8000.0,21000.0,14000.0,33000.0,5000.0,17000.0,2000.0,25000.0,2000.0,19000.0,18000.0,2000.0,8000.0,98000.0,13000.0,30333.33,30.7692,0.00061,35400.0,15.8192,0.0004,28600.0,9.7902,0.000212,23133.33,8.0692,0.000153,21400.0,6.5421,0.00012,21066.67,4.4304,8e-05
20261005,4162,智擎,271000.0,104000.0,195000.0,175000.0,110000.0,128000.0,296000.0,308000.0,190000.0,201000.0,337000.0,199000.0,214000.0,198000.0,487000.0,510000.0,293000.0,220000.0,211000.0,272000.0,212000.0,283000.0,200000.0,198000.0,157000.0,195000.0,228000.0,175000.0,291000.0,260000.0,190000.0,47.5439,0.005905,171000.0,31.6959,0.003868,197800.0,13.7007,0.00205,227533.33,7.9402,0.00148,245950.0,5.5092,0.001158,237266.67,3.8072,0.000776
20261005,4163,鐿鈦,60000.0,17000.0,9000.0,20000.0,22000.0,13000.0,10000.0,21000.0,8000.0,20000.0,24000.0,16000.0,18000.0,14000.0,49000.0,35000.0,82000.0,265000.0,23000.0,36000.0,44000.0,9000.0,43000.0,23000.0,51000.0,55000.0,95000.0,115000.0,58000.0,131000.0,28666.67,69.7674,0.001307,25600.0,46.875,0.000856,20000.0,30.0,0.000454,21400.0,18.6916,0.000328,38100.0,7.874,0.000256,46200.0,4.329,0.000172
20261005,4166,友霖,58000.0,36000.0,163000.0,47000.0,24000.0,66000.0,54000.0,68000.0,19000.0,50000.0,118000.0,35000.0,35000.0,48000.0,70000.0,64000.0,409000.0,193000.0,57000.0,63000.0,77000.0,62000.0,122000.0,133000.0,54000.0,86000.0,34000.0,72000.0,32000.0,49000.0,85666.67,22.5681,0.001264,65600.0,17.6829,0.000828,58500.0,9.9145,0.000439,59400.0,6.5095,0.000317,83850.0,3.4586,0.000248,79933.33,2.4187,0.000166
20261005,4167,松瑞藥,453000.0,574000.0,469000.0,832000.0,535000.0,596000.0,628000.0,698000.0,515000.0,987000.0,1145000.0,418000.0,356000.0,457000.0,474000.0,533000.0,865000.0,501000.0,543000.0,852000.0,908000.0,449000.0,896000.0,969000.0,619000.0,580000.0,586000.0,1189000.0,2233000.0,3199000.0,498666.67,30.2807,0.009871,572600.0,15.8226,0.006465,628700.0,7.2053,0.003426,609133.33,4.9579,0.002474,621550.0,3.6441,0.001936,801966.67,1.8829,0.001298
20261005,4168,醣聯,167000.0,197000.0,82000.0,188000.0,35000.0,101000.0,75000.0,132000.0,37000.0,108000.0,178000.0,54000.0,48000.0,38000.0,92000.0,108000.0,74000.0,105000.0,95000.0,146000.0,78000.0,67000.0,88000.0,34000.0,43000.0,82000.0,90000.0,60000.0,71000.0,90000.0,148666.67,37.4439,0.003639,133800.0,24.9626,0.002383,112200.0,14.8841,0.001263,102133.33,10.9008,0.000912,103000.0,8.1068,0.000714,92100.0,6.0442,0.000478
20261005,4171,瑞基,164000.0,31000.0,27000.0,57000.0,31000.0,11000.0,27000.0,15000.0,25000.0,25000.0,24000.0,16000.0,33000.0,54000.0,57000.0,32000.0,151000.0,44000.0,68000.0,67000.0,19000.0,45000.0,48000.0,28000.0,13000.0,52000.0,68000.0,29000.0,39000.0,56000.0,74000.0,73.8739,0.003574,62000.0,52.9032,0.00234,41300.0,39.7094,0.00124,39800.0,27.4707,0.000896,47950.0,17.1011,0.000701,45200.0,12.0944,0.00047
20261005,4173,久裕,18000.0,14000.0,48000.0,39000.0,50000.0,23000.0,16000.0,29000.0,41000.0,33000.0,16000.0,77000.0,7000.0,58000.0,8000.0,52000.0,27000.0,9000.0,54000.0,49000.0,33000.0,9000.0,36000.0,57000.0,32000.0,22000.0,12000.0,78000.0,17000.0,37000.0,26666.67,22.5,0.000392,33800.0,10.6509,0.000257,31100.0,5.7878,0.000136,31800.0,3.7736,9.8e-05,33400.0,2.6946,7.7e-05,33366.67,1.7982,5.2e-05
20261005,4174,浩鼎,1894000.0,5893000.0,1158000.0,1168000.0,1503000.0,3307000.0,2866000.0,2047000.0,1079000.0,3231000.0,674000.0,239000.0,382000.0,375000.0,205000.0,263000.0,595000.0,587000.0,304000.0,545000.0,487000.0,235000.0,461000.0,449000.0,190000.0,163000.0,276000.0,197000.0,243000.0,562000.0,2981666.67,21.1738,0.041272,2323200.0,16.3051,0.02703,2414600.0,7.8439,0.014326,1734733.33,7.2787,0.010346,1415750.0,6.689,0.008093,1052600.0,5.9978,0.005426
20261005,4175,杏一,17000.0,,10000.0,11000.0,13000.0,4000.0,9000.0,10000.0,6000.0,3000.0,5000.0,3000.0,6000.0,5000.0,21000.0,10000.0,7000.0,2000.0,10000.0,15000.0,9000.0,13000.0,16000.0,7000.0,11000.0,10000.0,5000.0,6000.0,11000.0,11000.0,13500.0,62.963,0.00037,12750.0,33.3333,0.000243,9222.22,20.4819,0.000129,8785.71,13.8211,9.3e-05,8789.47,10.1796,7.3e-05,9172.41,6.391,4.9e-05
20261005,4183,福永生技,1000.0,3000.0,7000.0,3000.0,7000.0,14000.0,16000.0,20000.0,61000.0,8000.0,2000.0,2000.0,1000.0,3000.0,3000.0,,,,,2000.0,,1000.0,1000.0,,2000.0,19000.0,1000.0,2000.0,,11000.0,3666.67,9.0909,2.2e-05,4200.0,4.7619,1.4e-05,14000.0,0.7143,8e-06,10066.67,0.6623,5e-06,9562.5,0.6536,4e-06,8260.87,0.5263,3e-06
20261005,4188,安克,64000.0,152000.0,249000.0,137000.0,123000.0,460000.0,612000.0,143000.0,85000.0,97000.0,167000.0,69000.0,100000.0,129000.0,326000.0,774000.0,362000.0,271000.0,320000.0,252000.0,141000.0,263000.0,318000.0,660000.0,2162000.0,328000.0,317000.0,605000.0,225000.0,12000.0,155000.0,13.7634,0.001395,145000.0,8.8276,0.000913,212200.0,3.016,0.000484,194200.0,2.197,0.00035,244600.0,1.3083,0.000273,330766.67,0.645,0.000183
20261005,4192,杏國,55000.0,,,4000.0,5000.0,,1000.0,11000.0,6000.0,7000.0,28000.0,5000.0,,11000.0,5000.0,27000.0,5000.0,,11000.0,7000.0,48000.0,1000.0,4000.0,3000.0,16000.0,,28000.0,12000.0,13000.0,11000.0,55000.0,100.0,0.001199,21333.33,85.9375,0.000785,12714.29,61.7978,0.000416,12545.45,39.8551,0.0003,12533.33,29.2553,0.000235,13500.0,16.9753,0.000158
20261005,4198,欣大健康,2000.0,1000.0,1000.0,2000.0,21000.0,8000.0,20000.0,27000.0,6000.0,1000.0,9000.0,11000.0,3000.0,4000.0,1000.0,2000.0,18000.0,3000.0,3000.0,9000.0,24000.0,44000.0,3000.0,8000.0,38000.0,4000.0,4000.0,8000.0,10000.0,1000.0,1333.33,50.0,4.4e-05,5400.0,7.4074,2.9e-05,8900.0,2.2472,1.5e-05,7800.0,1.7094,1.1e-05,7600.0,1.3158,9e-06,9866.67,0.6757,6e-06
20261005,4205,中華食,87000.0,20000.0,2000.0,24000.0,10000.0,13000.0,26000.0,34000.0,12000.0,20000.0,13000.0,9000.0,10000.0,29000.0,27000.0,52000.0,11000.0,13000.0,12000.0,7000.0,5000.0,16000.0,13000.0,14000.0,7000.0,21000.0,10000.0,52000.0,4000.0,8000.0,36333.33,79.8165,0.001896,28600.0,60.8392,0.001242,24800.0,35.0806,0.000658,22400.0,25.8929,0.000475,21550.0,20.1856,0.000372,19366.67,14.9742,0.000249
20261005,4207,環泰,147000.0,52000.0,98000.0,35000.0,168000.0,109000.0,60000.0,41000.0,35000.0,133000.0,51000.0,57000.0,102000.0,118000.0,183000.0,41000.0,56000.0,228000.0,49000.0,55000.0,21000.0,53000.0,65000.0,41000.0,89000.0,70000.0,66000.0,49000.0,61000.0,98000.0,99000.0,49.4949,0.003203,100000.0,29.4,0.002098,87800.0,16.7426,0.001112,92600.0,10.5832,0.000803,90900.0,8.0858,0.000628,81033.33,6.0469,0.000421
20261005,4303,信立,1097000.0,428000.0,829000.0,632000.0,768000.0,1097000.0,402000.0,548000.0,446000.0,772000.0,439000.0,306000.0,414000.0,383000.0,920000.0,1828000.0,968000.0,1102000.0,938000.0,824000.0,1115000.0,1186000.0,1239000.0,1529000.0,6423000.0,2992000.0,3933000.0,2923000.0,1187000.0,1622000.0,784666.67,46.6015,0.023905,750800.0,29.2222,0.015656,701900.0,15.629,0.008297,632066.67,11.5705,0.005992,757050.0,7.2452,0.004687,1309666.67,2.7921,0.003143
20261005,4304,勝昱,52000.0,29000.0,15000.0,45000.0,38000.0,81000.0,406000.0,166000.0,171000.0,122000.0,72000.0,107000.0,154000.0,6000.0,117000.0,109000.0,86000.0,91000.0,165000.0,28000.0,16000.0,89000.0,187000.0,98000.0,78000.0,51000.0,70000.0,327000.0,79000.0,80000.0,32000.0,54.1667,0.001133,35800.0,29.0503,0.000742,112500.0,4.6222,0.000393,105400.0,3.2891,0.000284,103000.0,2.5243,0.000222,104500.0,1.6587,0.000149
20261005,4305,世坤,,,4000.0,,3000.0,14000.0,,,2000.0,,2000.0,,8000.0,11000.0,,23000.0,2000.0,5000.0,1000.0,1000.0,,,,1000.0,,,3000.0,,,2000.0,4000.0,,,3500.0,,,5750.0,,,6285.71,,,6333.33,,,5466.67,,
20261005,4401,東隆興,32000.0,12000.0,22000.0,25000.0,22000.0,93000.0,43000.0,28000.0,25000.0,112000.0,43000.0,50000.0,68000.0,16000.0,132000.0,20000.0,41000.0,18000.0,39000.0,78000.0,33000.0,17000.0,57000.0,31000.0,20000.0,26000.0,80000.0,32000.0,22000.0,24000.0,22000.0,48.4848,0.000697,22600.0,28.3186,0.000457,41400.0,7.7295,0.000242,48200.0,4.426,0.000175,45950.0,3.482,0.000137,42033.33,2.5377,9.2e-05
20261005,4402,郡都開發,25000.0,15000.0,1000.0,26000.0,12000.0,16000.0,22000.0,27000.0,44000.0,61000.0,1000.0,9000.0,7000.0,3000.0,4000.0,43000.0,52000.0,2000.0,27000.0,14000.0,29000.0,29000.0,6000.0,2000.0,20000.0,7000.0,9000.0,7000.0,12000.0,27000.0,13666.67,60.9756,0.000545,15800.0,31.6456,0.000357,24900.0,10.0402,0.000189,18200.0,9.1575,0.000137,20550.0,6.0827,0.000107,18633.33,4.4723,7.2e-05
20261005,4406,新昕纖,12000.0,23000.0,11000.0,18000.0,36000.0,11000.0,15000.0,51000.0,153000.0,17000.0,31000.0,121000.0,152000.0,9000.0,132000.0,49000.0,17000.0,75000.0,1000.0,,4000.0,66000.0,46000.0,18000.0,10000.0,30000.0,37000.0,10000.0,14000.0,6000.0,15333.33,26.087,0.000261,20000.0,12.0,0.000171,34700.0,3.4582,9.1e-05,52800.0,1.5152,6.6e-05,49157.89,1.2848,5.1e-05,40517.24,1.0213,3.4e-05
20261005,4413,飛寶企業,8000.0,27000.0,6000.0,91000.0,65000.0,48000.0,99000.0,158000.0,32000.0,,17000.0,1000.0,4000.0,,80000.0,7000.0,58000.0,2000.0,4000.0,15000.0,28000.0,48000.0,69000.0,44000.0,67000.0,189000.0,51000.0,39000.0,10000.0,31000.0,13666.67,19.5122,0.000174,39400.0,4.0609,0.000114,59333.33,1.4981,6.1e-05,48923.08,1.2579,4.4e-05,40111.11,1.108,3.4e-05,46357.14,0.6163,2.3e-05
20261005,4416,三圓,479000.0,729000.0,869000.0,894000.0,939000.0,1316000.0,2095000.0,5216000.0,2293000.0,4528000.0,1517000.0,1133000.0,2123000.0,1596000.0,771000.0,988000.0,493000.0,625000.0,666000.0,506000.0,604000.0,575000.0,1131000.0,2411000.0,1075000.0,1739000.0,2847000.0,1434000.0,2050000.0,1140000.0,692333.33,23.0621,0.010438,782000.0,12.2506,0.006836,1935800.0,2.4744,0.003623,1766533.33,1.8077,0.002617,1488800.0,1.6087,0.002047,1492733.33,1.0696,0.001372
20261005,4417,金洲,81000.0,37000.0,33000.0,51000.0,43000.0,24000.0,52000.0,52000.0,31000.0,147000.0,37000.0,61000.0,72000.0,102000.0,792000.0,47000.0,103000.0,14000.0,53000.0,37000.0,47000.0,39000.0,64000.0,36000.0,24000.0,18000.0,20000.0,40000.0,42000.0,49000.0,50333.33,53.6424,0.001765,49000.0,33.0612,0.001156,55100.0,14.7005,0.000613,107666.67,5.0155,0.000442,93450.0,4.3339,0.000346,74933.33,3.6032,0.000232
20261005,4419,皇家美食,1000.0,1000.0,,477000.0,77000.0,11000.0,38000.0,26000.0,3000.0,33000.0,4000.0,1000.0,15000.0,12000.0,,,47000.0,14000.0,3000.0,1000.0,9000.0,7000.0,3000.0,41000.0,10000.0,24000.0,3000.0,7000.0,4000.0,2000.0,1000.0,50.0,2.2e-05,139000.0,0.1799,1.4e-05,74111.11,0.1499,8e-06,53769.23,0.1431,5e-06,44941.18,0.1309,4e-06,32370.37,0.1144,3e-06
20261005,4420,光明,46000.0,28000.0,18000.0,34000.0,8000.0,27000.0,18000.0,63000.0,58000.0,35000.0,128000.0,186000.0,54000.0,65000.0,25000.0,48000.0,41000.0,53000.0,44000.0,25000.0,40000.0,55000.0,81000.0,9000.0,13000.0,7000.0,12000.0,14000.0,7000.0,13000.0,30666.67,50.0,0.001002,26800.0,34.3284,0.000656,33500.0,13.7313,0.000348,52866.67,5.8008,0.000251,50200.0,4.5817,0.000197,41833.33,3.6653,0.000132
20261005,4430,耀億,37000.0,29000.0,28000.0,27000.0,31000.0,17000.0,38000.0,9000.0,10000.0,14000.0,14000.0,13000.0,16000.0,6000.0,56000.0,17000.0,13000.0,15000.0,19000.0,37000.0,19000.0,38000.0,21000.0,1000.0,31000.0,47000.0,42000.0,45000.0,141000.0,175000.0,31333.33,39.3617,0.000806,30400.0,24.3421,0.000528,24000.0,15.4167,0.00028,23000.0,10.7246,0.000202,22300.0,8.296,0.000158,33533.33,3.6779,0.000106
20261005,4432,銘旺實,14000.0,21000.0,5000.0,30000.0,31000.0,20000.0,54000.0,30000.0,47000.0,7000.0,17000.0,22000.0,20000.0,10000.0,26000.0,27000.0,23000.0,21000.0,18000.0,12000.0,5000.0,27000.0,11000.0,11000.0,17000.0,37000.0,10000.0,18000.0,17000.0,7000.0,13333.33,35.0,0.000305,20200.0,13.8614,0.0002,25900.0,5.4054,0.000106,23600.0,3.9548,7.6e-05,22750.0,3.0769,6e-05,20500.0,2.2764,4e-05
20261005,4433,興采,73000.0,21000.0,32000.0,131000.0,15000.0,24000.0,57000.0,169000.0,62000.0,63000.0,106000.0,31000.0,117000.0,83000.0,50000.0,36000.0,72000.0,21000.0,71000.0,11000.0,14000.0,27000.0,35000.0,30000.0,10000.0,19000.0,77000.0,21000.0,202000.0,83000.0,42000.0,57.9365,0.001591,54400.0,26.8382,0.001042,64700.0,11.2828,0.000552,68933.33,7.06,0.000399,62250.0,5.8635,0.000312,58766.67,4.1407,0.000209
20261005,4442,竣邦-KY,12000.0,8000.0,19000.0,26000.0,13000.0,10000.0,13000.0,37000.0,20000.0,28000.0,67000.0,52000.0,89000.0,72000.0,811000.0,301000.0,68000.0,32000.0,126000.0,18000.0,18000.0,6000.0,24000.0,23000.0,40000.0,75000.0,23000.0,43000.0,241000.0,76000.0,13000.0,30.7692,0.000261,15600.0,15.3846,0.000171,18600.0,6.4516,9.1e-05,85133.33,0.9397,6.6e-05,91100.0,0.6586,5.1e-05,79700.0,0.5019,3.4e-05
20261005,4502,健信,44000.0,4000.0,11000.0,47000.0,5000.0,9000.0,9000.0,5000.0,,14000.0,20000.0,28000.0,20000.0,87000.0,101000.0,9000.0,27000.0,10000.0,17000.0,13000.0,24000.0,29000.0,28000.0,19000.0,29000.0,45000.0,15000.0,2000.0,40000.0,32000.0,19666.67,74.5763,0.000959,22200.0,39.6396,0.000628,16444.44,29.7297,0.000333,28857.14,10.8911,0.00024,25263.16,9.1667,0.000188,25620.69,5.9219,0.000126
20261005,4503,金雨,176000.0,58000.0,81000.0,174000.0,114000.0,147000.0,278000.0,113000.0,68000.0,189000.0,46000.0,57000.0,95000.0,84000.0,120000.0,106000.0,251000.0,162000.0,90000.0,200000.0,323000.0,123000.0,126000.0,180000.0,515000.0,344000.0,132000.0,146000.0,181000.0,173000.0,105000.0,55.873,0.003835,120600.0,29.1874,0.002512,139800.0,12.5894,0.001331,120000.0,9.7778,0.000961,130450.0,6.7459,0.000752,161733.33,3.6274,0.000504
20261005,4506,崇友,89000.0,71000.0,27000.0,22000.0,40000.0,68000.0,35000.0,62000.0,17000.0,48000.0,94000.0,54000.0,43000.0,79000.0,62000.0,28000.0,38000.0,32000.0,108000.0,54000.0,45000.0,55000.0,52000.0,21000.0,85000.0,25000.0,48000.0,48000.0,17000.0,39000.0,62333.33,47.5936,0.001939,49800.0,35.743,0.00127,47900.0,18.5804,0.000673,54066.67,10.9741,0.000486,53550.0,8.31,0.00038,50200.0,5.9097,0.000255
20261005,4510,高鋒,738000.0,612000.0,407000.0,569000.0,294000.0,382000.0,271000.0,442000.0,609000.0,604000.0,1067000.0,220000.0,434000.0,674000.0,892000.0,626000.0,571000.0,1499000.0,2145000.0,6468000.0,9457000.0,1775000.0,732000.0,1069000.0,1558000.0,3689000.0,1947000.0,423000.0,868000.0,1724000.0,585666.67,42.0034,0.016082,524000.0,28.1679,0.010532,492800.0,14.9756,0.005582,547666.67,8.9836,0.004031,976200.0,3.78,0.003153,1425533.33,1.7257,0.002114
20261005,4513,福裕,137000.0,110000.0,200000.0,137000.0,183000.0,105000.0,174000.0,454000.0,361000.0,436000.0,126000.0,68000.0,119000.0,199000.0,124000.0,126000.0,123000.0,199000.0,314000.0,172000.0,223000.0,159000.0,225000.0,243000.0,379000.0,193000.0,220000.0,130000.0,206000.0,334000.0,149000.0,30.6488,0.002985,153400.0,17.8618,0.001955,229700.0,5.9643,0.001036,195533.33,4.671,0.000748,193350.0,3.5428,0.000585,205966.67,2.2172,0.000393
20261005,4523,永彰,24000.0,56000.0,40000.0,46000.0,32000.0,14000.0,43000.0,73000.0,83000.0,127000.0,80000.0,65000.0,37000.0,46000.0,99000.0,111000.0,24000.0,28000.0,32000.0,82000.0,44000.0,13000.0,48000.0,52000.0,40000.0,52000.0,93000.0,25000.0,23000.0,24000.0,40000.0,20.0,0.000523,39600.0,12.1212,0.000343,53800.0,4.461,0.000182,57666.67,2.7746,0.000131,57100.0,2.1016,0.000103,51866.67,1.5424,6.9e-05
20261005,4527,方土霖,,,,,16000.0,7000.0,12000.0,20000.0,8000.0,13000.0,20000.0,11000.0,20000.0,25000.0,29000.0,26000.0,35000.0,9000.0,2000.0,19000.0,35000.0,35000.0,70000.0,7000.0,6000.0,21000.0,33000.0,11000.0,28000.0,18000.0,,,,16000.0,,,12666.67,,,16454.55,,,17000.0,,,20615.38,,
20261005,4528,江興鍛,19000.0,16000.0,21000.0,4000.0,15000.0,12000.0,3000.0,17000.0,12000.0,42000.0,77000.0,25000.0,19000.0,21000.0,7000.0,8000.0,12000.0,7000.0,17000.0,8000.0,16000.0,9000.0,7000.0,6000.0,15000.0,14000.0,19000.0,19000.0,12000.0,7000.0,18666.67,33.9286,0.000414,15000.0,25.3333,0.000271,16100.0,11.8012,0.000144,20666.67,6.129,0.000104,18100.0,5.2486,8.1e-05,16200.0,3.9095,5.4e-05
20261005,4529,淳紳,21000.0,4000.0,3000.0,17000.0,5000.0,8000.0,48000.0,61000.0,16000.0,20000.0,20000.0,15000.0,25000.0,26000.0,13000.0,2000.0,35000.0,25000.0,15000.0,52000.0,66000.0,40000.0,60000.0,200000.0,64000.0,61000.0,19000.0,23000.0,28000.0,25000.0,9333.33,75.0,0.000458,10000.0,42.0,0.0003,20300.0,10.3448,0.000159,20133.33,6.9536,0.000115,21550.0,4.8724,9e-05,33900.0,2.0649,6e-05
20261005,4530,天意能創,10000.0,14000.0,3000.0,10000.0,9000.0,1000.0,1000.0,,38000.0,101000.0,96000.0,2000.0,1000.0,1000.0,13000.0,128000.0,14000.0,99000.0,12000.0,7000.0,18000.0,1000.0,9000.0,1000.0,48000.0,95000.0,52000.0,14000.0,4000.0,26000.0,9000.0,37.037,0.000218,9200.0,21.7391,0.000143,20777.78,5.3476,7.6e-05,21428.57,3.3333,5.5e-05,29473.68,1.7857,4.3e-05,28551.72,1.2077,2.9e-05
20261005,4533,協易機,670000.0,962000.0,337000.0,536000.0,438000.0,590000.0,1094000.0,724000.0,447000.0,525000.0,358000.0,238000.0,408000.0,307000.0,420000.0,415000.0,443000.0,425000.0,443000.0,370000.0,787000.0,537000.0,971000.0,425000.0,667000.0,467000.0,464000.0,477000.0,373000.0,411000.0,656333.33,34.0274,0.0146,588600.0,22.7659,0.009562,632300.0,10.5962,0.005068,536933.33,8.3188,0.00366,507500.0,6.601,0.002863,524300.0,4.2596,0.00192
20261005,4534,慶騰,704000.0,877000.0,459000.0,632000.0,788000.0,480000.0,829000.0,1978000.0,2557000.0,687000.0,338000.0,247000.0,253000.0,232000.0,870000.0,599000.0,338000.0,567000.0,1123000.0,593000.0,697000.0,418000.0,393000.0,476000.0,393000.0,693000.0,680000.0,487000.0,434000.0,366000.0,680000.0,34.5098,0.015341,692000.0,20.3468,0.010047,999100.0,7.0463,0.005325,795400.0,5.9006,0.003846,757550.0,4.6466,0.003008,672933.33,3.4872,0.002017
20261005,4535,至興,10000.0,43000.0,9000.0,23000.0,14000.0,12000.0,107000.0,10000.0,28000.0,1000.0,5000.0,1000.0,20000.0,14000.0,23000.0,8000.0,5000.0,2000.0,8000.0,8000.0,6000.0,,17000.0,18000.0,6000.0,4000.0,6000.0,13000.0,3000.0,4000.0,20666.67,16.129,0.000218,19800.0,10.101,0.000143,25700.0,3.8911,7.6e-05,21333.33,3.125,5.5e-05,17550.0,2.849,4.3e-05,14758.62,2.3364,2.9e-05
20261005,4538,大詠城,12000.0,10000.0,11000.0,10000.0,10000.0,13000.0,10000.0,12000.0,14000.0,24000.0,13000.0,21000.0,15000.0,13000.0,9000.0,113000.0,11000.0,10000.0,14000.0,11000.0,13000.0,15000.0,16000.0,10000.0,14000.0,15000.0,12000.0,8000.0,12000.0,12000.0,11000.0,36.3636,0.000261,10600.0,22.6415,0.000171,12600.0,9.5238,9.1e-05,13133.33,6.0914,6.6e-05,17800.0,3.3708,5.1e-05,16100.0,2.4845,3.4e-05
20261005,4541,晟田,694000.0,839000.0,1330000.0,2165000.0,513000.0,356000.0,952000.0,855000.0,1178000.0,1840000.0,557000.0,546000.0,552000.0,619000.0,1422000.0,1274000.0,1309000.0,828000.0,842000.0,1798000.0,1350000.0,1391000.0,1087000.0,1953000.0,3876000.0,5470000.0,2130000.0,1652000.0,2222000.0,5547000.0,954333.33,24.2403,0.015123,1108200.0,12.5248,0.009904,1072200.0,6.4727,0.005249,961200.0,4.8134,0.003791,1023450.0,3.3905,0.002965,1571566.67,1.472,0.001988
20261005,4542,科嶠,773000.0,334000.0,400000.0,449000.0,519000.0,2544000.0,2838000.0,3020000.0,1046000.0,1025000.0,745000.0,148000.0,305000.0,234000.0,357000.0,281000.0,317000.0,419000.0,465000.0,469000.0,799000.0,1293000.0,2032000.0,1663000.0,728000.0,481000.0,979000.0,377000.0,392000.0,466000.0,502333.33,51.294,0.016844,495000.0,31.2323,0.011032,1294800.0,5.97,0.005847,982466.67,5.2453,0.004222,834400.0,4.6321,0.003303,863266.67,2.9848,0.002215
20261005,4543,萬在,98000.0,65000.0,165000.0,91000.0,165000.0,31000.0,30000.0,75000.0,81000.0,59000.0,63000.0,65000.0,64000.0,50000.0,66000.0,86000.0,74000.0,147000.0,100000.0,101000.0,55000.0,42000.0,79000.0,70000.0,130000.0,81000.0,100000.0,78000.0,59000.0,33000.0,109333.33,29.878,0.002136,116800.0,16.7808,0.001399,86000.0,11.3953,0.000741,77866.67,8.3904,0.000535,83800.0,5.8473,0.000419,80100.0,4.0782,0.000281
20261005,4549,桓達,61000.0,30000.0,53000.0,67000.0,28000.0,45000.0,36000.0,23000.0,30000.0,23000.0,21000.0,61000.0,44000.0,40000.0,24000.0,87000.0,97000.0,59000.0,79000.0,50000.0,31000.0,20000.0,159000.0,106000.0,182000.0,63000.0,36000.0,61000.0,23000.0,66000.0,48000.0,42.3611,0.001329,47800.0,25.523,0.000871,39600.0,15.404,0.000461,39066.67,10.4096,0.000333,47900.0,6.3674,0.000261,56833.33,3.5777,0.000175
20261005,4550,長佳,2000.0,7000.0,4000.0,50000.0,5000.0,2000.0,11000.0,21000.0,14000.0,4000.0,16000.0,1000.0,6000.0,17000.0,16000.0,17000.0,3000.0,12000.0,21000.0,,66000.0,19000.0,8000.0,19000.0,66000.0,10000.0,18000.0,14000.0,39000.0,45000.0,4333.33,15.3846,4.4e-05,13600.0,2.9412,2.9e-05,12000.0,1.6667,1.5e-05,11733.33,1.1364,1.1e-05,12052.63,0.8734,9e-06,18379.31,0.3752,6e-06
20261005,4554,橙的,61000.0,16000.0,17000.0,46000.0,21000.0,6000.0,32000.0,15000.0,10000.0,6000.0,6000.0,6000.0,10000.0,8000.0,37000.0,17000.0,21000.0,23000.0,14000.0,20000.0,21000.0,21000.0,33000.0,43000.0,72000.0,65000.0,69000.0,204000.0,56000.0,44000.0,31333.33,64.8936,0.001329,32200.0,37.8882,0.000871,23000.0,26.5217,0.000461,19800.0,20.5387,0.000333,19600.0,15.5612,0.000261,34000.0,5.9804,0.000175
20261005,4556,旭然,2998000.0,5276000.0,2981000.0,1040000.0,565000.0,1497000.0,1391000.0,914000.0,1348000.0,588000.0,629000.0,994000.0,1476000.0,2388000.0,2985000.0,1067000.0,967000.0,565000.0,375000.0,215000.0,212000.0,129000.0,200000.0,182000.0,237000.0,246000.0,326000.0,119000.0,205000.0,273000.0,3751666.67,26.6371,0.065329,2572000.0,23.3126,0.042785,1859800.0,16.12,0.022676,1804666.67,11.075,0.016376,1512950.0,9.9078,0.01281,1079600.0,9.2565,0.008589
20261005,4558,寶緯,12000.0,27000.0,56000.0,25000.0,28000.0,23000.0,3000.0,33000.0,41000.0,4000.0,43000.0,16000.0,6000.0,18000.0,8000.0,34000.0,48000.0,37000.0,24000.0,5000.0,25000.0,11000.0,42000.0,135000.0,439000.0,24000.0,51000.0,122000.0,14000.0,31000.0,31666.67,12.6316,0.000261,29600.0,8.1081,0.000171,25200.0,4.7619,9.1e-05,22866.67,3.4985,6.6e-05,24550.0,2.444,5.1e-05,46166.67,0.8664,3.4e-05
20261005,4561,健椿,183000.0,145000.0,70000.0,266000.0,66000.0,72000.0,111000.0,182000.0,63000.0,81000.0,70000.0,52000.0,53000.0,97000.0,139000.0,112000.0,114000.0,143000.0,182000.0,197000.0,199000.0,171000.0,160000.0,135000.0,218000.0,235000.0,175000.0,250000.0,505000.0,662000.0,132666.67,45.9799,0.003988,146000.0,25.0685,0.002612,123900.0,14.77,0.001384,110000.0,11.0909,0.001,119900.0,7.6314,0.000782,170266.67,3.5826,0.000524
20261005,4563,百德,193000.0,350000.0,509000.0,337000.0,231000.0,282000.0,304000.0,954000.0,133000.0,181000.0,262000.0,134000.0,41000.0,132000.0,133000.0,72000.0,83000.0,113000.0,173000.0,196000.0,254000.0,968000.0,238000.0,41000.0,58000.0,59000.0,163000.0,33000.0,35000.0,27000.0,350666.67,18.346,0.004206,324000.0,11.9136,0.002754,347400.0,5.5556,0.00146,278400.0,4.6216,0.001054,240650.0,4.01,0.000825,222966.67,2.8853,0.000553
20261005,4568,科際精密,14000.0,3000.0,14000.0,17000.0,4000.0,3000.0,1000.0,9000.0,9000.0,1000.0,8000.0,1000.0,2000.0,4000.0,,5000.0,,7000.0,4000.0,3000.0,5000.0,4000.0,8000.0,,2000.0,7000.0,,14000.0,4000.0,3000.0,10333.33,45.1613,0.000305,10400.0,26.9231,0.0002,7500.0,18.6667,0.000106,6428.57,15.5556,7.6e-05,6055.56,12.844,6e-05,6000.0,8.9744,4e-05
20261005,4577,達航科技,417000.0,547000.0,1175000.0,1075000.0,167000.0,124000.0,135000.0,207000.0,297000.0,258000.0,344000.0,186000.0,311000.0,252000.0,399000.0,337000.0,709000.0,1838000.0,526000.0,2132000.0,705000.0,912000.0,593000.0,3040000.0,1115000.0,287000.0,622000.0,187000.0,178000.0,223000.0,713000.0,19.4951,0.009087,676200.0,12.3336,0.005951,440200.0,9.473,0.003154,392933.33,7.075,0.002278,571800.0,3.6464,0.001782,643266.67,2.1608,0.001195
20261005,4580,捷流閥業,58000.0,43000.0,158000.0,95000.0,32000.0,125000.0,39000.0,40000.0,29000.0,33000.0,42000.0,69000.0,42000.0,52000.0,61000.0,81000.0,53000.0,92000.0,92000.0,80000.0,113000.0,865000.0,585000.0,66000.0,39000.0,41000.0,42000.0,37000.0,24000.0,33000.0,86333.33,22.3938,0.001264,77200.0,15.0259,0.000828,65200.0,8.8957,0.000439,61200.0,6.3181,0.000317,65800.0,4.4073,0.000248,105366.67,1.8349,0.000166
20261005,4584,君帆,,6000.0,6000.0,11000.0,,5000.0,,,3000.0,,2000.0,2000.0,10000.0,3000.0,4000.0,8000.0,5000.0,8000.0,2000.0,1000.0,6000.0,,6000.0,,1000.0,3000.0,,1000.0,2000.0,4000.0,6000.0,,,7666.67,,,6200.0,,,5200.0,,,5066.67,,,4500.0,,
20261005,4609,唐鋒,7000.0,2000.0,2000.0,6000.0,,,11000.0,1000.0,5000.0,7000.0,10000.0,5000.0,1000.0,1000.0,2000.0,15000.0,23000.0,44000.0,6000.0,3000.0,2000.0,37000.0,7000.0,6000.0,10000.0,22000.0,155000.0,,1000.0,9000.0,3666.67,63.6364,0.000153,4250.0,41.1765,0.0001,5125.0,17.0732,5.3e-05,4615.38,11.6667,3.8e-05,8388.89,4.6358,3e-05,14814.81,1.75,2e-05
20261005,4702,中美實,55000.0,52000.0,68000.0,63000.0,12000.0,52000.0,62000.0,47000.0,70000.0,59000.0,38000.0,27000.0,13000.0,34000.0,115000.0,32000.0,55000.0,135000.0,70000.0,224000.0,190000.0,23000.0,87000.0,32000.0,33000.0,46000.0,50000.0,109000.0,32000.0,81000.0,58333.33,31.4286,0.001199,50000.0,22.0,0.000785,54000.0,10.1852,0.000416,51133.33,7.1708,0.0003,64150.0,4.2868,0.000235,65533.33,2.7976,0.000158
20261005,4706,大恭,22000.0,9000.0,21000.0,2000.0,1000.0,4000.0,3000.0,5000.0,11000.0,5000.0,9000.0,28000.0,20000.0,35000.0,19000.0,15000.0,80000.0,306000.0,116000.0,308000.0,1000.0,1000.0,1000.0,22000.0,2000.0,1000.0,1000.0,26000.0,97000.0,9000.0,17333.33,42.3077,0.000479,11000.0,40.0,0.000314,8300.0,26.506,0.000166,12933.33,11.3402,0.00012,50950.0,2.159,9.4e-05,39333.33,1.8644,6.3e-05
20261005,4707,磐亞,3926000.0,3027000.0,1829000.0,1476000.0,1435000.0,3453000.0,1934000.0,2359000.0,3899000.0,1483000.0,1568000.0,1596000.0,993000.0,1552000.0,2050000.0,2621000.0,5861000.0,1800000.0,4113000.0,2901000.0,2296000.0,2035000.0,3647000.0,3593000.0,2398000.0,4382000.0,4688000.0,13175000.0,2248000.0,1737000.0,2927333.33,44.7051,0.085551,2338600.0,33.5756,0.056029,2482100.0,15.8173,0.029695,2172000.0,12.0503,0.021446,2493800.0,7.8715,0.016775,3002500.0,4.3586,0.011248
20261005,4711,永純,261000.0,85000.0,113000.0,18000.0,47000.0,21000.0,21000.0,31000.0,7000.0,26000.0,10000.0,44000.0,11000.0,44000.0,37000.0,20000.0,25000.0,86000.0,66000.0,92000.0,60000.0,50000.0,33000.0,28000.0,24000.0,36000.0,19000.0,12000.0,94000.0,44000.0,153000.0,56.8627,0.005687,104800.0,49.8092,0.003725,63000.0,41.4286,0.001974,51733.33,33.634,0.001426,53250.0,24.507,0.001115,48833.33,17.8157,0.000748
20261005,4714,永捷,2000000.0,1969000.0,711000.0,622000.0,748000.0,745000.0,1981000.0,5293000.0,4803000.0,4008000.0,2250000.0,1400000.0,1992000.0,2079000.0,3108000.0,2151000.0,1660000.0,649000.0,252000.0,457000.0,514000.0,272000.0,1062000.0,1360000.0,3531000.0,6602000.0,2386000.0,824000.0,827000.0,426000.0,1560000.0,42.735,0.043582,1210000.0,33.0579,0.028543,2288000.0,8.7413,0.015127,2247266.67,5.9331,0.010925,1943900.0,5.1443,0.008546,1889400.0,3.5285,0.00573
20261005,4716,大立,5565000.0,3784000.0,876000.0,677000.0,435000.0,526000.0,766000.0,415000.0,498000.0,464000.0,321000.0,192000.0,276000.0,509000.0,659000.0,272000.0,313000.0,463000.0,826000.0,1066000.0,1114000.0,928000.0,4958000.0,8280000.0,5116000.0,952000.0,334000.0,479000.0,245000.0,591000.0,3408333.33,54.4254,0.121267,2267400.0,49.0871,0.07942,1400600.0,39.733,0.042092,1064200.0,34.8619,0.030399,945150.0,29.4398,0.023779,1396666.67,13.2816,0.015944
20261005,4721,美琪瑪,552000.0,375000.0,599000.0,1257000.0,897000.0,661000.0,263000.0,255000.0,464000.0,292000.0,185000.0,257000.0,219000.0,133000.0,274000.0,433000.0,286000.0,219000.0,296000.0,450000.0,410000.0,251000.0,314000.0,271000.0,334000.0,492000.0,623000.0,290000.0,229000.0,255000.0,508666.67,36.173,0.012029,736000.0,15.0,0.007878,561500.0,9.8308,0.004175,445533.33,8.2598,0.003015,418350.0,6.5973,0.002359,394533.33,4.6637,0.001581
20261005,4726,永昕,109000.0,144000.0,170000.0,61000.0,87000.0,123000.0,109000.0,171000.0,54000.0,148000.0,94000.0,90000.0,82000.0,183000.0,242000.0,217000.0,124000.0,199000.0,138000.0,80000.0,73000.0,25000.0,108000.0,80000.0,109000.0,128000.0,79000.0,71000.0,50000.0,150000.0,141000.0,25.7683,0.002375,114200.0,19.0893,0.001556,117600.0,9.2687,0.000824,124466.67,5.8382,0.000595,131250.0,4.1524,0.000466,116600.0,3.1161,0.000312
20261005,4728,雙美,20000.0,3000.0,14000.0,1000.0,5000.0,43000.0,1000.0,2000.0,60000.0,24000.0,15000.0,11000.0,6000.0,1000.0,,4000.0,,5000.0,4000.0,3000.0,,,2000.0,3000.0,,1000.0,1000.0,35000.0,,,12333.33,54.0541,0.000436,8600.0,46.5116,0.000285,17300.0,11.5607,0.000151,14714.29,9.7087,0.000109,12333.33,9.009,8.5e-05,11478.26,7.5758,5.7e-05
20261005,4729,熒茂,470000.0,371000.0,899000.0,1063000.0,71000.0,34000.0,63000.0,64000.0,98000.0,73000.0,70000.0,15000.0,31000.0,51000.0,38000.0,63000.0,103000.0,66000.0,57000.0,36000.0,58000.0,43000.0,51000.0,72000.0,179000.0,90000.0,68000.0,148000.0,40000.0,118000.0,580000.0,27.0115,0.010242,574800.0,16.3535,0.006708,320600.0,14.66,0.003555,227400.0,13.779,0.002567,186800.0,12.5803,0.002008,153433.33,10.2107,0.001347
20261005,4735,豪展,42000.0,16000.0,29000.0,13000.0,63000.0,17000.0,21000.0,31000.0,21000.0,37000.0,42000.0,8000.0,14000.0,21000.0,29000.0,42000.0,45000.0,25000.0,56000.0,67000.0,45000.0,35000.0,69000.0,120000.0,91000.0,66000.0,31000.0,269000.0,109000.0,353000.0,29000.0,48.2759,0.000915,32600.0,25.7669,0.000599,29000.0,14.4828,0.000318,26933.33,10.396,0.000229,31950.0,6.5728,0.000179,60900.0,2.2989,0.00012
20261005,4741,泓瀚,143000.0,178000.0,39000.0,171000.0,183000.0,37000.0,42000.0,66000.0,35000.0,44000.0,43000.0,64000.0,65000.0,93000.0,111000.0,208000.0,50000.0,54000.0,177000.0,71000.0,137000.0,74000.0,125000.0,118000.0,140000.0,64000.0,94000.0,48000.0,50000.0,53000.0,120000.0,39.7222,0.003116,142800.0,20.028,0.002041,93800.0,15.2452,0.001082,87600.0,10.8828,0.000781,93700.0,7.6307,0.000611,92566.67,5.1494,0.00041
20261005,4743,合一,3164000.0,1024000.0,1277000.0,1975000.0,1042000.0,612000.0,1039000.0,692000.0,753000.0,1340000.0,738000.0,532000.0,720000.0,817000.0,1609000.0,603000.0,1306000.0,1620000.0,934000.0,1064000.0,1800000.0,543000.0,484000.0,1227000.0,713000.0,1266000.0,1102000.0,2971000.0,3336000.0,2265000.0,1821666.67,57.8957,0.068947,1696400.0,37.3025,0.045154,1291800.0,24.493,0.023932,1155600.0,18.2531,0.017283,1143050.0,13.8402,0.013519,1285600.0,8.2037,0.009065
20261005,4744,皇將,15000.0,49000.0,55000.0,101000.0,66000.0,50000.0,37000.0,25000.0,70000.0,86000.0,324000.0,312000.0,65000.0,49000.0,18000.0,34000.0,42000.0,69000.0,38000.0,100000.0,42000.0,48000.0,24000.0,32000.0,93000.0,85000.0,57000.0,17000.0,64000.0,45000.0,39666.67,12.605,0.000327,57200.0,5.2448,0.000214,55400.0,2.7076,0.000113,88133.33,1.1346,8.2e-05,80250.0,0.9346,6.4e-05,70400.0,0.7102,4.3e-05
20261005,4745,合富-KY,28000.0,9000.0,4000.0,28000.0,98000.0,6000.0,29000.0,29000.0,19000.0,14000.0,3000.0,13000.0,17000.0,8000.0,21000.0,18000.0,4000.0,36000.0,36000.0,5000.0,3000.0,7000.0,19000.0,7000.0,18000.0,16000.0,26000.0,13000.0,12000.0,22000.0,13666.67,68.2927,0.00061,33400.0,16.7665,0.0004,26400.0,10.6061,0.000212,21733.33,8.589,0.000153,21250.0,6.5882,0.00012,18933.33,4.9296,8e-05
20261005,4747,強生*,17000.0,63000.0,33000.0,86000.0,33000.0,36000.0,40000.0,42000.0,63000.0,18000.0,23000.0,80000.0,20000.0,32000.0,108000.0,46000.0,58000.0,54000.0,49000.0,61000.0,78000.0,275000.0,96000.0,134000.0,,,,,,,37666.67,15.0442,0.00037,46400.0,7.3276,0.000243,43100.0,3.9443,0.000129,46266.67,2.4496,9.3e-05,48100.0,1.7672,7.3e-05,64375.0,1.1003,4.9e-05
20261005,4749,新應材,1411000.0,1676000.0,641000.0,818000.0,995000.0,398000.0,586000.0,510000.0,460000.0,741000.0,351000.0,263000.0,207000.0,376000.0,868000.0,340000.0,656000.0,703000.0,1072000.0,1261000.0,531000.0,689000.0,582000.0,756000.0,693000.0,673000.0,323000.0,264000.0,195000.0,283000.0,1242666.67,37.8487,0.030747,1108200.0,25.4647,0.020137,823600.0,17.1321,0.010672,686733.33,13.6977,0.007708,716650.0,9.8444,0.006029,644066.67,7.3026,0.004043
20261005,4754,國碳科,21000.0,27000.0,8000.0,44000.0,23000.0,12000.0,54000.0,29000.0,4000.0,17000.0,10000.0,7000.0,27000.0,8000.0,36000.0,12000.0,99000.0,27000.0,4000.0,12000.0,39000.0,16000.0,45000.0,64000.0,69000.0,23000.0,15000.0,19000.0,16000.0,17000.0,18666.67,37.5,0.000458,24600.0,17.0732,0.0003,23900.0,8.7866,0.000159,21800.0,6.422,0.000115,24050.0,4.3659,9e-05,26800.0,2.6119,6e-05
20261005,4760,勤凱,424000.0,792000.0,848000.0,111000.0,231000.0,289000.0,175000.0,496000.0,232000.0,235000.0,224000.0,147000.0,353000.0,306000.0,245000.0,231000.0,496000.0,832000.0,556000.0,427000.0,468000.0,421000.0,445000.0,401000.0,522000.0,345000.0,208000.0,251000.0,220000.0,234000.0,688000.0,20.5426,0.009239,481200.0,17.6226,0.006051,383300.0,11.0618,0.003207,340533.33,8.3007,0.002316,382500.0,5.5425,0.001812,372166.67,3.7976,0.001215
20261005,4767,誠泰科技,3000.0,44000.0,6000.0,6000.0,69000.0,7000.0,19000.0,3000.0,20000.0,3000.0,1000.0,8000.0,6000.0,16000.0,40000.0,4000.0,19000.0,23000.0,10000.0,30000.0,7000.0,24000.0,9000.0,18000.0,43000.0,6000.0,44000.0,19000.0,7000.0,5000.0,17666.67,5.6604,6.5e-05,25600.0,2.3438,4.3e-05,18000.0,1.6667,2.3e-05,16733.33,1.1952,1.6e-05,16850.0,0.8902,1.3e-05,17300.0,0.578,9e-06
20261005,4768,晶呈科技,894000.0,1040000.0,1990000.0,2834000.0,1589000.0,603000.0,1010000.0,349000.0,525000.0,375000.0,361000.0,534000.0,225000.0,312000.0,241000.0,243000.0,207000.0,201000.0,233000.0,438000.0,225000.0,314000.0,239000.0,176000.0,460000.0,428000.0,304000.0,440000.0,949000.0,326000.0,1308000.0,22.7829,0.019481,1669400.0,10.7104,0.012759,1120900.0,7.9757,0.006762,858800.0,6.9399,0.004883,710200.0,6.294,0.00382,602166.67,4.9488,0.002561
20261005,4772,台特化,2620000.0,5669000.0,918000.0,2219000.0,2677000.0,356000.0,232000.0,255000.0,340000.0,545000.0,235000.0,162000.0,235000.0,449000.0,474000.0,433000.0,533000.0,288000.0,475000.0,495000.0,814000.0,648000.0,421000.0,630000.0,858000.0,909000.0,347000.0,895000.0,639000.0,311000.0,3069000.0,28.4566,0.057092,2820600.0,18.5776,0.037391,1583100.0,16.5498,0.019817,1159066.67,15.0696,0.014312,980500.0,13.3605,0.011195,869400.0,10.0452,0.007506
20261005,4806,桂田文創,82000.0,87000.0,,,,,,43000.0,26000.0,4000.0,7000.0,1000.0,,33000.0,18000.0,2000.0,5000.0,15000.0,10000.0,20000.0,21000.0,2000.0,15000.0,1000.0,6000.0,3000.0,1000.0,11000.0,18000.0,1000.0,84500.0,48.5207,0.001787,84500.0,48.5207,0.00117,48400.0,33.8843,0.00062,33444.44,27.2425,0.000448,25214.29,23.2295,0.00035,18000.0,18.9815,0.000235
20261005,4903,聯光通,4400000.0,10462000.0,6940000.0,3403000.0,6300000.0,5340000.0,11588000.0,18405000.0,3143000.0,2301000.0,470000.0,544000.0,834000.0,2302000.0,1312000.0,535000.0,493000.0,528000.0,696000.0,1024000.0,1853000.0,2522000.0,1204000.0,406000.0,790000.0,778000.0,693000.0,615000.0,336000.0,338000.0,7267333.33,20.1816,0.09588,6301000.0,13.966,0.062794,7228200.0,6.0873,0.03328,5182933.33,5.6596,0.024035,4051000.0,5.4308,0.018801,3018500.0,4.8589,0.012606
20261005,4905,台聯電,451000.0,239000.0,215000.0,37000.0,11000.0,15000.0,3000.0,14000.0,25000.0,14000.0,21000.0,52000.0,49000.0,32000.0,49000.0,24000.0,22000.0,12000.0,47000.0,18000.0,45000.0,24000.0,60000.0,66000.0,25000.0,39000.0,32000.0,44000.0,47000.0,120000.0,301666.67,49.8343,0.009828,190600.0,47.3242,0.006436,102400.0,44.043,0.003411,81800.0,36.7563,0.002464,67500.0,33.4074,0.001927,61733.33,24.3521,0.001292
20261005,4907,富宇,185000.0,98000.0,17000.0,23000.0,14000.0,28000.0,37000.0,34000.0,27000.0,181000.0,11000.0,19000.0,52000.0,79000.0,76000.0,62000.0,190000.0,124000.0,194000.0,26000.0,53000.0,49000.0,61000.0,79000.0,34000.0,137000.0,70000.0,187000.0,93000.0,51000.0,100000.0,61.6667,0.004031,67400.0,54.8961,0.00264,64400.0,28.7267,0.001399,58733.33,20.9989,0.001011,73850.0,12.5254,0.00079,76366.67,8.0751,0.00053
20261005,4908,前鼎,9825000.0,2693000.0,1068000.0,1262000.0,1222000.0,2573000.0,3835000.0,3017000.0,4282000.0,7631000.0,10187000.0,10761000.0,7655000.0,4042000.0,6619000.0,14247000.0,2885000.0,1855000.0,1347000.0,1723000.0,2615000.0,17280000.0,1982000.0,8988000.0,11089000.0,11260000.0,10245000.0,827000.0,829000.0,785000.0,4528666.67,72.3171,0.214096,3214000.0,61.1388,0.140215,3740800.0,26.2644,0.074313,5111466.67,12.8143,0.053669,4936450.0,9.9515,0.041981,5487633.33,5.968,0.028149
20261005,4909,新復興,270000.0,369000.0,193000.0,367000.0,703000.0,94000.0,213000.0,241000.0,372000.0,271000.0,389000.0,212000.0,266000.0,265000.0,278000.0,202000.0,251000.0,383000.0,221000.0,314000.0,470000.0,241000.0,389000.0,702000.0,2175000.0,1010000.0,280000.0,130000.0,193000.0,377000.0,277333.33,32.4519,0.005884,380400.0,14.1956,0.003853,309300.0,8.7294,0.002042,300200.0,5.996,0.001475,293700.0,4.5965,0.001154,394700.0,2.2802,0.000774
20261005,4911,德英,8000.0,17000.0,12000.0,17000.0,11000.0,2000.0,2000.0,8000.0,2000.0,13000.0,17000.0,8000.0,6000.0,7000.0,7000.0,3000.0,31000.0,21000.0,6000.0,6000.0,8000.0,26000.0,39000.0,16000.0,11000.0,16000.0,13000.0,11000.0,35000.0,52000.0,12333.33,21.6216,0.000174,13000.0,12.3077,0.000114,9200.0,8.6957,6.1e-05,9133.33,5.8394,4.4e-05,10200.0,3.9216,3.4e-05,14366.67,1.8561,2.3e-05
20261005,4923,力士,1755000.0,6519000.0,2798000.0,658000.0,939000.0,3058000.0,3464000.0,1416000.0,3154000.0,1855000.0,382000.0,378000.0,263000.0,227000.0,384000.0,622000.0,1341000.0,771000.0,294000.0,139000.0,264000.0,127000.0,273000.0,251000.0,739000.0,1036000.0,364000.0,111000.0,224000.0,204000.0,3690666.67,15.8508,0.038243,2533800.0,13.8527,0.025046,2561600.0,6.8512,0.013274,1816666.67,6.4404,0.009587,1520850.0,5.7698,0.007499,1133666.67,5.1602,0.005028
20261005,4924,欣厚-KY,270000.0,304000.0,592000.0,437000.0,674000.0,527000.0,1722000.0,559000.0,775000.0,582000.0,361000.0,1067000.0,483000.0,251000.0,290000.0,329000.0,210000.0,822000.0,238000.0,436000.0,276000.0,2000.0,19000.0,10000.0,39000.0,42000.0,16000.0,5000.0,28000.0,4000.0,388666.67,23.1561,0.005884,455400.0,11.8577,0.003853,644200.0,4.1912,0.002042,592933.33,3.0358,0.001475,546450.0,2.4705,0.001154,379000.0,2.3747,0.000774
20261005,4931,新盛力,3722000.0,3775000.0,2818000.0,8627000.0,6580000.0,1261000.0,1457000.0,5175000.0,4228000.0,2231000.0,2997000.0,2135000.0,1787000.0,2450000.0,2540000.0,3633000.0,6877000.0,3857000.0,2727000.0,3596000.0,4261000.0,4457000.0,5176000.0,12361000.0,13320000.0,11252000.0,10193000.0,8014000.0,2221000.0,1997000.0,3438333.33,36.0834,0.081106,5104400.0,14.5835,0.053118,3987400.0,9.3344,0.028152,3452200.0,7.1877,0.020331,3623650.0,5.1357,0.015904,4857500.0,2.5541,0.010664
20261005,4933,友輝,101000.0,26000.0,51000.0,63000.0,15000.0,31000.0,40000.0,105000.0,101000.0,50000.0,47000.0,41000.0,26000.0,47000.0,68000.0,60000.0,186000.0,64000.0,49000.0,37000.0,53000.0,29000.0,48000.0,66000.0,70000.0,83000.0,122000.0,44000.0,64000.0,25000.0,59333.33,56.7416,0.002201,51200.0,39.4531,0.001441,58300.0,17.3242,0.000764,54133.33,12.4384,0.000552,60400.0,8.3609,0.000432,60400.0,5.574,0.000289
20261005,4939,亞電,6236000.0,4982000.0,15461000.0,10725000.0,2986000.0,4150000.0,3558000.0,5723000.0,5280000.0,4398000.0,7406000.0,7128000.0,7857000.0,9622000.0,23133000.0,16846000.0,2977000.0,3832000.0,7740000.0,3655000.0,5544000.0,4022000.0,4835000.0,30560000.0,81605000.0,19807000.0,30887000.0,24498000.0,25219000.0,21786000.0,8893000.0,23.3742,0.135888,8078000.0,15.4395,0.088996,6349900.0,9.8206,0.047167,7909666.67,5.256,0.034064,7684750.0,4.0574,0.026646,13415266.67,1.5495,0.017866
20261005,4946,辣椒,12000.0,12000.0,9000.0,17000.0,32000.0,25000.0,66000.0,32000.0,16000.0,9000.0,6000.0,26000.0,2000.0,8000.0,13000.0,32000.0,7000.0,28000.0,23000.0,7000.0,11000.0,6000.0,21000.0,7000.0,22000.0,12000.0,4000.0,29000.0,34000.0,53000.0,11000.0,36.3636,0.000261,16400.0,14.6341,0.000171,23000.0,5.2174,9.1e-05,19000.0,4.2105,6.6e-05,19100.0,3.1414,5.1e-05,19366.67,2.0654,3.4e-05
20261005,4950,金耘國際,,13000.0,12000.0,9000.0,4000.0,1000.0,23000.0,16000.0,19000.0,15000.0,30000.0,24000.0,65000.0,8000.0,13000.0,19000.0,17000.0,10000.0,,25000.0,21000.0,5000.0,2000.0,6000.0,14000.0,27000.0,,11000.0,11000.0,7000.0,12500.0,,,9500.0,,,12444.44,,,18000.0,,,17944.44,,,15814.81,,
20261005,4951,精拓科,219000.0,184000.0,250000.0,534000.0,337000.0,687000.0,1528000.0,4159000.0,258000.0,776000.0,389000.0,119000.0,181000.0,256000.0,534000.0,148000.0,292000.0,149000.0,103000.0,141000.0,163000.0,134000.0,127000.0,373000.0,246000.0,95000.0,140000.0,99000.0,85000.0,83000.0,217666.67,33.5375,0.004772,304800.0,14.3701,0.003125,893200.0,2.4519,0.001656,694066.67,2.1035,0.001196,562200.0,1.9477,0.000936,426300.0,1.7124,0.000627
20261005,4953,緯致,212000.0,188000.0,100000.0,144000.0,130000.0,127000.0,280000.0,312000.0,329000.0,299000.0,287000.0,294000.0,700000.0,461000.0,220000.0,155000.0,155000.0,175000.0,196000.0,175000.0,293000.0,173000.0,151000.0,135000.0,289000.0,151000.0,97000.0,97000.0,111000.0,76000.0,166666.67,42.4,0.00462,154800.0,27.3902,0.003026,212100.0,9.9953,0.001604,272200.0,5.1923,0.001158,246950.0,4.2924,0.000906,217066.67,3.2555,0.000607
20261005,4966,譜瑞-KY,386000.0,194000.0,217000.0,308000.0,220000.0,437000.0,730000.0,1100000.0,660000.0,787000.0,856000.0,298000.0,225000.0,255000.0,303000.0,339000.0,326000.0,664000.0,230000.0,230000.0,930000.0,455000.0,626000.0,481000.0,926000.0,675000.0,739000.0,560000.0,453000.0,973000.0,265666.67,48.4316,0.008411,265000.0,29.1321,0.005509,503900.0,7.6603,0.00292,465066.67,5.5333,0.002109,438250.0,4.4039,0.001649,519433.33,2.4771,0.001106
20261005,4971,IET-KY,3364000.0,1766000.0,663000.0,869000.0,581000.0,677000.0,1166000.0,1214000.0,1573000.0,2134000.0,2995000.0,2213000.0,1399000.0,1378000.0,1562000.0,1612000.0,2392000.0,1885000.0,2012000.0,4905000.0,8356000.0,8383000.0,5343000.0,794000.0,404000.0,681000.0,493000.0,3327000.0,5067000.0,4969000.0,1931000.0,58.0701,0.073305,1448600.0,46.4448,0.048009,1400700.0,24.0166,0.025444,1570266.67,14.2821,0.018376,1818000.0,9.2519,0.014374,2472566.67,4.5351,0.009638
20261005,4972,湯石照明,43000.0,9000.0,22000.0,13000.0,8000.0,10000.0,32000.0,8000.0,43000.0,29000.0,4000.0,14000.0,7000.0,26000.0,19000.0,5000.0,1000.0,4000.0,37000.0,20000.0,15000.0,8000.0,14000.0,19000.0,18000.0,14000.0,7000.0,17000.0,12000.0,6000.0,24666.67,58.1081,0.000937,19000.0,45.2632,0.000614,21700.0,19.8157,0.000325,19133.33,14.9826,0.000235,17700.0,12.1469,0.000184,16133.33,8.8843,0.000123
20261005,4973,廣穎,462000.0,358000.0,332000.0,386000.0,297000.0,481000.0,656000.0,483000.0,490000.0,544000.0,452000.0,380000.0,511000.0,547000.0,1314000.0,695000.0,714000.0,782000.0,633000.0,720000.0,1584000.0,735000.0,683000.0,864000.0,1136000.0,1135000.0,938000.0,2466000.0,3484000.0,1213000.0,384000.0,40.1042,0.010067,367000.0,25.1771,0.006593,448900.0,10.2918,0.003494,512866.67,6.0055,0.002524,561850.0,4.1114,0.001974,849166.67,1.8135,0.001324
20261005,4974,亞泰,124000.0,71000.0,49000.0,73000.0,41000.0,51000.0,67000.0,70000.0,77000.0,108000.0,64000.0,36000.0,48000.0,61000.0,127000.0,370000.0,658000.0,116000.0,180000.0,215000.0,152000.0,483000.0,80000.0,44000.0,118000.0,126000.0,98000.0,99000.0,109000.0,131000.0,81333.33,50.8197,0.002702,71600.0,34.6369,0.00177,73100.0,16.9631,0.000938,71133.33,11.6214,0.000677,130300.0,4.7583,0.00053,134866.67,3.0648,0.000355
20261005,4979,華星光,1214000.0,1240000.0,980000.0,615000.0,921000.0,8532000.0,7144000.0,11366000.0,14408000.0,9561000.0,917000.0,1024000.0,1726000.0,966000.0,1772000.0,8587000.0,15851000.0,12521000.0,15293000.0,18513000.0,2518000.0,2615000.0,2039000.0,2001000.0,2414000.0,28800000.0,26773000.0,13197000.0,18675000.0,1486000.0,1144666.67,35.3524,0.026454,994000.0,24.4266,0.017325,5598100.0,2.1686,0.009182,4159066.67,1.9459,0.006631,6657550.0,0.9117,0.005187,7788966.67,0.5195,0.003478
20261005,4991,環宇-KY,9930000.0,8135000.0,2081000.0,5006000.0,4165000.0,3067000.0,5308000.0,5427000.0,8007000.0,7333000.0,3647000.0,4127000.0,2828000.0,3429000.0,4002000.0,784000.0,710000.0,635000.0,543000.0,1118000.0,12932000.0,5659000.0,8989000.0,5904000.0,9170000.0,7838000.0,4931000.0,4340000.0,8590000.0,1346000.0,6715333.33,49.2902,0.216384,5863400.0,33.8711,0.141714,5845900.0,16.9863,0.075108,5099466.67,12.9817,0.054242,4014100.0,12.3689,0.04243,4999366.67,6.6208,0.02845
20261005,4995,晶達,95000.0,57000.0,7000.0,57000.0,50000.0,7000.0,32000.0,5000.0,7000.0,26000.0,21000.0,1000.0,19000.0,76000.0,19000.0,24000.0,13000.0,7000.0,39000.0,27000.0,36000.0,16000.0,18000.0,5000.0,38000.0,9000.0,50000.0,3000.0,23000.0,10000.0,53000.0,59.7484,0.00207,53200.0,35.7143,0.001356,34300.0,27.6968,0.000719,31933.33,19.833,0.000519,29450.0,16.129,0.000406,26566.67,11.9197,0.000272
20261005,5009,榮剛,2116000.0,1052000.0,1851000.0,6137000.0,1480000.0,700000.0,546000.0,918000.0,931000.0,1723000.0,815000.0,626000.0,1410000.0,1883000.0,1270000.0,973000.0,1448000.0,1338000.0,1352000.0,1402000.0,1290000.0,1393000.0,3644000.0,1763000.0,1669000.0,1007000.0,1175000.0,2184000.0,4747000.0,4308000.0,1673000.0,42.1598,0.04611,2527200.0,16.7458,0.030198,1745400.0,12.1233,0.016005,1563866.67,9.0204,0.011559,1498550.0,7.0602,0.009041,1771700.0,3.9811,0.006062
20261005,5011,久陽,1024000.0,1102000.0,115000.0,281000.0,183000.0,142000.0,388000.0,319000.0,126000.0,212000.0,80000.0,90000.0,153000.0,83000.0,101000.0,139000.0,149000.0,339000.0,111000.0,73000.0,137000.0,168000.0,201000.0,430000.0,299000.0,499000.0,543000.0,63000.0,106000.0,44000.0,747000.0,45.6939,0.022314,541000.0,37.8558,0.014614,389200.0,26.3104,0.007745,293266.67,23.278,0.005594,260500.0,19.6545,0.004375,256666.67,13.2987,0.002934
20261005,5013,強新,212000.0,596000.0,422000.0,1214000.0,1125000.0,61000.0,120000.0,243000.0,180000.0,21000.0,24000.0,28000.0,51000.0,25000.0,41000.0,149000.0,14000.0,11000.0,16000.0,47000.0,17000.0,14000.0,7000.0,20000.0,77000.0,18000.0,8000.0,18000.0,26000.0,37000.0,410000.0,17.2358,0.00462,713800.0,5.94,0.003026,419400.0,5.0548,0.001604,290866.67,4.859,0.001158,230000.0,4.6087,0.000906,161400.0,4.3784,0.000607
20261005,5014,建錩,264000.0,170000.0,168000.0,373000.0,540000.0,50000.0,191000.0,141000.0,83000.0,82000.0,111000.0,52000.0,92000.0,193000.0,299000.0,95000.0,303000.0,147000.0,50000.0,109000.0,232000.0,79000.0,197000.0,187000.0,306000.0,115000.0,150000.0,138000.0,222000.0,129000.0,200666.67,43.8538,0.005753,303000.0,17.4257,0.003768,206200.0,12.8031,0.001997,187266.67,9.3984,0.001442,175650.0,7.5149,0.001128,175600.0,5.0114,0.000756
20261005,5015,華祺,211000.0,256000.0,31000.0,35000.0,16000.0,10000.0,29000.0,11000.0,2000.0,15000.0,2000.0,24000.0,10000.0,8000.0,1000.0,12000.0,2000.0,31000.0,43000.0,17000.0,10000.0,8000.0,31000.0,12000.0,12000.0,7000.0,55000.0,6000.0,11000.0,2000.0,166000.0,42.3695,0.004598,109800.0,38.4335,0.003011,61600.0,34.2532,0.001596,44066.67,31.9213,0.001153,38300.0,27.5457,0.000902,30666.67,22.9348,0.000605
20261005,5016,松和,369000.0,1300000.0,380000.0,137000.0,5000.0,3000.0,9000.0,10000.0,2000.0,9000.0,2000.0,5000.0,19000.0,10000.0,7000.0,,5000.0,6000.0,3000.0,1000.0,15000.0,10000.0,10000.0,17000.0,10000.0,20000.0,29000.0,3000.0,3000.0,17000.0,683000.0,18.0088,0.008041,438200.0,16.8416,0.005266,222400.0,16.5917,0.002791,151133.33,16.277,0.002016,120105.26,16.17,0.001577,83310.34,15.2732,0.001057
20261005,5201,凱衛,38000.0,85000.0,38000.0,119000.0,30000.0,24000.0,184000.0,239000.0,125000.0,15000.0,20000.0,154000.0,184000.0,67000.0,157000.0,205000.0,431000.0,210000.0,150000.0,150000.0,52000.0,34000.0,23000.0,18000.0,71000.0,37000.0,51000.0,17000.0,22000.0,51000.0,53666.67,23.6025,0.000828,62000.0,12.2581,0.000542,89700.0,4.2363,0.000287,98600.0,2.5693,0.000208,131250.0,1.4476,0.000162,100033.33,1.2662,0.000109
20261005,5202,力新,444000.0,307000.0,270000.0,622000.0,459000.0,1347000.0,529000.0,1239000.0,3191000.0,4907000.0,1033000.0,4216000.0,1991000.0,1026000.0,340000.0,58000.0,84000.0,64000.0,67000.0,90000.0,69000.0,103000.0,76000.0,93000.0,111000.0,122000.0,148000.0,138000.0,101000.0,90000.0,340333.33,43.4868,0.009675,420400.0,21.1227,0.006336,1331500.0,3.3346,0.003358,1461400.0,2.0255,0.002425,1114200.0,1.9925,0.001897,777833.33,1.9027,0.001272
20261005,5205,中茂,20000.0,49000.0,7000.0,12000.0,,6000.0,,3000.0,12000.0,,,1000.0,1000.0,4000.0,7000.0,,1000.0,1000.0,5000.0,,4000.0,,1000.0,,1000.0,5000.0,1000.0,1000.0,10000.0,1000.0,25333.33,26.3158,0.000436,22000.0,22.7273,0.000285,15571.43,18.3486,0.000151,11090.91,16.3934,0.000109,9214.29,15.5039,8.5e-05,6954.55,13.0719,5.7e-05
20261005,5206,坤悅,112000.0,43000.0,82000.0,128000.0,95000.0,59000.0,115000.0,290000.0,402000.0,545000.0,174000.0,318000.0,1193000.0,103000.0,115000.0,129000.0,83000.0,130000.0,274000.0,108000.0,160000.0,84000.0,195000.0,411000.0,131000.0,220000.0,368000.0,271000.0,190000.0,329000.0,79000.0,47.2574,0.002441,92000.0,24.3478,0.001598,187100.0,5.9861,0.000847,251600.0,2.9677,0.000612,224900.0,2.49,0.000479,228566.67,1.6334,0.000321
20261005,5209,新鼎,77000.0,136000.0,104000.0,37000.0,52000.0,75000.0,51000.0,100000.0,192000.0,90000.0,181000.0,120000.0,121000.0,371000.0,560000.0,406000.0,244000.0,74000.0,58000.0,86000.0,73000.0,36000.0,90000.0,41000.0,47000.0,33000.0,66000.0,89000.0,46000.0,60000.0,105666.67,24.2902,0.001678,81200.0,18.9655,0.001099,91400.0,8.4245,0.000582,151133.33,3.3966,0.000421,156750.0,2.4561,0.000329,123866.67,2.0721,0.000221
20261005,5210,寶碩,334000.0,154000.0,148000.0,241000.0,341000.0,149000.0,204000.0,288000.0,174000.0,634000.0,111000.0,28000.0,64000.0,267000.0,337000.0,574000.0,117000.0,154000.0,230000.0,60000.0,168000.0,93000.0,135000.0,60000.0,106000.0,122000.0,241000.0,56000.0,51000.0,146000.0,212000.0,52.5157,0.007278,243600.0,27.422,0.004767,266700.0,12.5234,0.002526,231600.0,9.6143,0.001824,230450.0,7.2467,0.001427,192900.0,5.7716,0.000957
20261005,5211,蒙恬,25000.0,24000.0,138000.0,19000.0,2000.0,7000.0,9000.0,17000.0,25000.0,27000.0,21000.0,50000.0,64000.0,26000.0,44000.0,222000.0,519000.0,11000.0,11000.0,3000.0,5000.0,6000.0,17000.0,4000.0,9000.0,45000.0,12000.0,18000.0,15000.0,16000.0,62333.33,13.369,0.000545,41600.0,12.0192,0.000357,29300.0,8.5324,0.000189,33200.0,5.0201,0.000137,63200.0,1.9778,0.000107,47033.33,1.7718,7.2e-05
20261005,5212,凌網,12000.0,9000.0,21000.0,20000.0,21000.0,8000.0,7000.0,21000.0,3000.0,36000.0,34000.0,4000.0,14000.0,18000.0,30000.0,5000.0,6000.0,8000.0,14000.0,7000.0,6000.0,9000.0,10000.0,2000.0,15000.0,10000.0,4000.0,10000.0,6000.0,3000.0,14000.0,28.5714,0.000261,16600.0,14.4578,0.000171,15800.0,7.5949,9.1e-05,17200.0,4.6512,6.6e-05,14900.0,4.0268,5.1e-05,12433.33,3.2172,3.4e-05
20261005,5213,亞昕,888000.0,97000.0,147000.0,57000.0,108000.0,134000.0,91000.0,103000.0,267000.0,597000.0,122000.0,176000.0,103000.0,190000.0,225000.0,264000.0,216000.0,424000.0,122000.0,81000.0,199000.0,105000.0,277000.0,135000.0,122000.0,131000.0,107000.0,191000.0,280000.0,170000.0,377333.33,78.4452,0.01935,259400.0,68.4657,0.012673,248900.0,35.677,0.006717,220333.33,26.8684,0.004851,220600.0,20.1269,0.003794,204300.0,14.4885,0.002544
20261005,5220,萬達光電,173000.0,199000.0,830000.0,1471000.0,453000.0,41000.0,54000.0,44000.0,22000.0,14000.0,13000.0,8000.0,18000.0,13000.0,54000.0,7000.0,40000.0,16000.0,21000.0,14000.0,50000.0,1000.0,5000.0,21000.0,8000.0,44000.0,19000.0,18000.0,15000.0,8000.0,400666.67,14.3927,0.00377,625200.0,5.5342,0.002469,330100.0,5.2408,0.001309,227133.33,5.0778,0.000945,175250.0,4.9358,0.000739,123133.33,4.6833,0.000496
20261005,5223,安力-KY,5000.0,8000.0,8000.0,1000.0,3000.0,6000.0,8000.0,7000.0,19000.0,5000.0,6000.0,8000.0,9000.0,13000.0,6000.0,5000.0,29000.0,28000.0,23000.0,6000.0,143000.0,104000.0,18000.0,3000.0,9000.0,1000.0,5000.0,13000.0,1000.0,6000.0,7000.0,23.8095,0.000109,5000.0,20.0,7.1e-05,7000.0,7.1429,3.8e-05,7466.67,4.4643,2.7e-05,10150.0,2.4631,2.1e-05,16866.67,0.9881,1.4e-05
20261005,5227,立凱-KY,825000.0,575000.0,245000.0,441000.0,243000.0,179000.0,124000.0,262000.0,174000.0,311000.0,604000.0,780000.0,170000.0,154000.0,169000.0,306000.0,394000.0,248000.0,213000.0,223000.0,188000.0,95000.0,197000.0,161000.0,349000.0,243000.0,177000.0,203000.0,184000.0,458000.0,548333.33,50.152,0.017978,465800.0,35.4229,0.011774,337900.0,24.4155,0.00624,350400.0,15.6963,0.004507,332000.0,12.4247,0.003525,296500.0,9.2749,0.002364
20261005,5228,鈺鎧,3445000.0,2047000.0,631000.0,89000.0,63000.0,87000.0,88000.0,178000.0,135000.0,186000.0,187000.0,130000.0,151000.0,132000.0,197000.0,175000.0,344000.0,344000.0,780000.0,344000.0,223000.0,183000.0,182000.0,311000.0,453000.0,223000.0,160000.0,108000.0,147000.0,259000.0,2041000.0,56.2633,0.07507,1255000.0,54.9004,0.049165,694900.0,49.5755,0.026057,516400.0,44.4746,0.018818,486650.0,35.395,0.01472,399400.0,28.7515,0.00987
20261005,5230,雷笛克光學,527000.0,838000.0,780000.0,1601000.0,1546000.0,2238000.0,2235000.0,1152000.0,2992000.0,2549000.0,141000.0,336000.0,160000.0,143000.0,261000.0,189000.0,738000.0,1791000.0,105000.0,103000.0,96000.0,135000.0,32000.0,63000.0,77000.0,119000.0,269000.0,49000.0,45000.0,74000.0,715000.0,24.5688,0.011484,1058400.0,9.9584,0.007521,1645800.0,3.2021,0.003986,1166600.0,3.0116,0.002879,1021250.0,2.5802,0.002252,712800.0,2.4645,0.00151
20261005,5245,智晶,96000.0,108000.0,139000.0,248000.0,56000.0,154000.0,153000.0,167000.0,123000.0,70000.0,132000.0,77000.0,67000.0,11000.0,80000.0,53000.0,36000.0,18000.0,32000.0,33000.0,38000.0,46000.0,38000.0,15000.0,20000.0,32000.0,35000.0,20000.0,11000.0,17000.0,114333.33,27.9883,0.002092,129400.0,14.8377,0.00137,131400.0,7.3059,0.000726,112066.67,5.7109,0.000524,92650.0,5.1808,0.00041,70833.33,4.5176,0.000275
20261005,5251,天鉞電,83000.0,65000.0,82000.0,67000.0,109000.0,243000.0,209000.0,405000.0,741000.0,1421000.0,541000.0,2190000.0,673000.0,415000.0,24000.0,32000.0,36000.0,53000.0,26000.0,38000.0,62000.0,37000.0,26000.0,44000.0,50000.0,36000.0,48000.0,29000.0,22000.0,21000.0,76666.67,36.087,0.001809,81200.0,20.4433,0.001185,342500.0,2.4234,0.000628,484533.33,1.142,0.000453,372650.0,1.1136,0.000355,260933.33,1.0603,0.000238
20261005,5263,智崴,175000.0,91000.0,128000.0,198000.0,231000.0,138000.0,129000.0,94000.0,279000.0,157000.0,166000.0,104000.0,363000.0,234000.0,898000.0,152000.0,223000.0,181000.0,195000.0,738000.0,257000.0,92000.0,156000.0,397000.0,386000.0,851000.0,298000.0,218000.0,687000.0,121000.0,131333.33,44.4162,0.003813,164600.0,21.2637,0.002497,162000.0,10.8025,0.001324,225666.67,5.1699,0.000956,243700.0,3.5905,0.000748,277900.0,2.0991,0.000501
20261005,5272,笙科,48000.0,62000.0,135000.0,544000.0,49000.0,30000.0,37000.0,76000.0,119000.0,30000.0,46000.0,65000.0,61000.0,38000.0,34000.0,26000.0,69000.0,81000.0,58000.0,69000.0,31000.0,30000.0,129000.0,45000.0,36000.0,31000.0,34000.0,53000.0,60000.0,93000.0,81666.67,19.5918,0.001046,167600.0,5.7279,0.000685,113000.0,4.2478,0.000363,91600.0,3.4934,0.000262,83850.0,2.8623,0.000205,73966.67,2.1631,0.000138
20261005,5274,信驊,100000.0,122000.0,114000.0,206000.0,229000.0,172000.0,234000.0,328000.0,131000.0,226000.0,167000.0,163000.0,113000.0,208000.0,206000.0,226000.0,399000.0,424000.0,461000.0,219000.0,523000.0,672000.0,434000.0,358000.0,316000.0,295000.0,210000.0,182000.0,153000.0,233000.0,112000.0,29.7619,0.002179,154200.0,12.9702,0.001427,186200.0,5.3706,0.000756,181266.67,3.6778,0.000546,222400.0,2.2482,0.000427,260800.0,1.2781,0.000287
20261005,5276,達輝-KY,1000.0,2000.0,7000.0,10000.0,,2000.0,,1000.0,,3000.0,,1000.0,1000.0,,,1000.0,,1000.0,2000.0,2000.0,,2000.0,4000.0,,7000.0,1000.0,2000.0,68000.0,34000.0,23000.0,3333.33,10.0,2.2e-05,5000.0,5.0,1.4e-05,3714.29,3.8462,8e-06,3111.11,3.5714,5e-06,2615.38,2.9412,4e-06,8333.33,0.5714,3e-06
20261005,5278,尚凡*,108000.0,100000.0,98000.0,93000.0,47000.0,59000.0,50000.0,157000.0,37000.0,30000.0,146000.0,196000.0,43000.0,34000.0,25000.0,21000.0,57000.0,63000.0,69000.0,69000.0,27000.0,29000.0,45000.0,56000.0,47000.0,106000.0,247000.0,41000.0,90000.0,19000.0,102000.0,35.2941,0.002353,89200.0,24.2152,0.001541,77900.0,13.8639,0.000817,81533.33,8.8307,0.00059,75100.0,7.1904,0.000461,73633.33,4.8891,0.000309
20261005,5287,數字,71000.0,105000.0,116000.0,24000.0,60000.0,31000.0,22000.0,77000.0,44000.0,182000.0,56000.0,15000.0,26000.0,28000.0,49000.0,26000.0,92000.0,47000.0,62000.0,43000.0,44000.0,107000.0,63000.0,68000.0,142000.0,364000.0,182000.0,64000.0,42000.0,61000.0,97333.33,24.3151,0.001547,75200.0,18.883,0.001013,73200.0,9.6995,0.000537,60400.0,7.8366,0.000388,58800.0,6.0374,0.000303,77100.0,3.0696,0.000203
20261005,5289,宜鼎,967000.0,762000.0,438000.0,815000.0,820000.0,878000.0,1940000.0,874000.0,1107000.0,1206000.0,894000.0,822000.0,912000.0,889000.0,1271000.0,1769000.0,1056000.0,1885000.0,1496000.0,1231000.0,1605000.0,1229000.0,1445000.0,1505000.0,1879000.0,1226000.0,1433000.0,3263000.0,2959000.0,1946000.0,722333.33,44.6239,0.021072,760400.0,25.434,0.0138,980700.0,9.8603,0.007314,973000.0,6.6256,0.005282,1101600.0,4.3891,0.004132,1350733.33,2.3864,0.00277
20261005,5291,邑昇,806000.0,266000.0,319000.0,661000.0,210000.0,354000.0,192000.0,188000.0,254000.0,240000.0,551000.0,212000.0,457000.0,437000.0,471000.0,659000.0,1692000.0,553000.0,857000.0,1555000.0,1424000.0,1708000.0,2650000.0,2617000.0,5668000.0,3858000.0,1230000.0,445000.0,294000.0,786000.0,463666.67,57.9439,0.017564,452400.0,35.6322,0.011503,349000.0,23.0946,0.006096,374533.33,14.3467,0.004403,546700.0,7.3715,0.003444,1053800.0,2.5495,0.002309
20261005,5299,杰力,507000.0,355000.0,248000.0,437000.0,150000.0,320000.0,588000.0,138000.0,126000.0,180000.0,163000.0,132000.0,53000.0,144000.0,104000.0,151000.0,125000.0,352000.0,142000.0,110000.0,263000.0,122000.0,113000.0,232000.0,554000.0,361000.0,341000.0,136000.0,151000.0,263000.0,370000.0,45.6757,0.011048,339400.0,29.8763,0.007236,304900.0,16.6284,0.003835,243000.0,13.9095,0.002769,226250.0,11.2044,0.002166,235366.67,7.1803,0.001453
20261005,5301,寶得利,,,,,25000.0,87000.0,7000.0,52000.0,83000.0,7000.0,78000.0,34000.0,40000.0,29000.0,22000.0,27000.0,14000.0,15000.0,59000.0,31000.0,10000.0,3000.0,7000.0,13000.0,6000.0,23000.0,91000.0,12000.0,,,,,,25000.0,,,43500.0,,,42181.82,,,38125.0,,,32291.67,,
20261005,5302,太欣,245000.0,409000.0,88000.0,159000.0,143000.0,47000.0,243000.0,218000.0,201000.0,137000.0,154000.0,200000.0,184000.0,215000.0,416000.0,551000.0,800000.0,189000.0,231000.0,566000.0,344000.0,174000.0,248000.0,294000.0,210000.0,159000.0,142000.0,209000.0,240000.0,394000.0,247333.33,33.0189,0.005339,208800.0,23.4674,0.003496,189000.0,12.963,0.001853,203933.33,8.0092,0.001338,269800.0,4.5404,0.001047,260333.33,3.137,0.000702
20261005,5309,系統電,13269000.0,14789000.0,16323000.0,21584000.0,12794000.0,1782000.0,535000.0,948000.0,901000.0,837000.0,549000.0,720000.0,516000.0,888000.0,703000.0,790000.0,678000.0,1628000.0,843000.0,786000.0,1135000.0,859000.0,949000.0,857000.0,1580000.0,3630000.0,837000.0,560000.0,588000.0,732000.0,14793666.67,29.8979,0.289144,15751800.0,16.8476,0.189366,8376200.0,15.8413,0.100363,5809200.0,15.2276,0.072481,4593150.0,14.4443,0.056697,3453000.0,12.8092,0.038016
20261005,5310,天剛,52000.0,131000.0,8000.0,40000.0,287000.0,293000.0,49000.0,38000.0,89000.0,17000.0,21000.0,12000.0,9000.0,10000.0,,15000.0,2000.0,12000.0,6000.0,,,1000.0,1000.0,,5000.0,2000.0,6000.0,15000.0,7000.0,15000.0,63666.67,27.2251,0.001133,103600.0,10.0386,0.000742,100400.0,5.1793,0.000393,75428.57,4.9242,0.000284,60611.11,4.7663,0.000222,43961.54,4.5494,0.000149
20261005,5312,寶島科,37000.0,14000.0,18000.0,27000.0,7000.0,7000.0,26000.0,3000.0,19000.0,13000.0,21000.0,10000.0,6000.0,13000.0,20000.0,11000.0,15000.0,16000.0,13000.0,8000.0,4000.0,8000.0,40000.0,18000.0,21000.0,9000.0,24000.0,43000.0,40000.0,47000.0,23000.0,53.6232,0.000806,20600.0,35.9223,0.000528,17100.0,21.6374,0.00028,16066.67,15.3527,0.000202,15200.0,12.1711,0.000158,18600.0,6.6308,0.000106
20261005,5314,世紀*,34669000.0,31279000.0,80735000.0,10014000.0,9198000.0,7882000.0,11929000.0,26665000.0,133941000.0,123120000.0,27762000.0,14628000.0,6682000.0,11039000.0,18969000.0,38015000.0,49416000.0,10137000.0,6644000.0,3534000.0,4315000.0,3888000.0,5256000.0,11603000.0,22104000.0,3103000.0,1455000.0,1336000.0,1841000.0,4007000.0,48894333.33,23.6353,0.755471,33179000.0,20.8982,0.494772,46943200.0,7.3853,0.262226,36567466.67,6.3206,0.189378,32812900.0,5.2828,0.148137,23838866.67,4.8477,0.099327
20261005,5315,光聯,102000.0,114000.0,93000.0,84000.0,129000.0,66000.0,141000.0,339000.0,484000.0,129000.0,458000.0,160000.0,72000.0,156000.0,155000.0,379000.0,380000.0,301000.0,124000.0,275000.0,194000.0,813000.0,103000.0,114000.0,198000.0,357000.0,78000.0,57000.0,94000.0,148000.0,103000.0,33.0097,0.002223,104400.0,19.5402,0.001456,168100.0,6.0678,0.000771,178800.0,3.8031,0.000557,207050.0,2.4632,0.000436,209900.0,1.6198,0.000292
20261005,5321,美而快,240000.0,144000.0,503000.0,202000.0,210000.0,163000.0,225000.0,373000.0,332000.0,359000.0,514000.0,972000.0,714000.0,429000.0,1570000.0,1062000.0,375000.0,320000.0,571000.0,349000.0,609000.0,1230000.0,1810000.0,1606000.0,718000.0,852000.0,548000.0,754000.0,1151000.0,660000.0,295666.67,27.0575,0.00523,259800.0,18.4758,0.003425,275100.0,8.7241,0.001815,463333.33,3.4532,0.001311,481350.0,2.493,0.001025,652166.67,1.2267,0.000688
20261005,5324,士開,87000.0,113000.0,43000.0,175000.0,25000.0,33000.0,69000.0,113000.0,235000.0,114000.0,172000.0,124000.0,238000.0,255000.0,113000.0,200000.0,125000.0,254000.0,188000.0,73000.0,357000.0,167000.0,194000.0,272000.0,267000.0,352000.0,127000.0,258000.0,171000.0,188000.0,81000.0,35.8025,0.001896,88600.0,19.6388,0.001242,100700.0,8.6395,0.000658,127266.67,4.5574,0.000475,137450.0,3.1648,0.000372,170066.67,1.7052,0.000249
20261005,5328,華容,6852000.0,27223000.0,13572000.0,1682000.0,1707000.0,2472000.0,2244000.0,2700000.0,2185000.0,1682000.0,2104000.0,2858000.0,3684000.0,3268000.0,6312000.0,3101000.0,1968000.0,2232000.0,3339000.0,6351000.0,3299000.0,2555000.0,5099000.0,5295000.0,16123000.0,7178000.0,4068000.0,5100000.0,4566000.0,8034000.0,15882333.33,14.3808,0.149312,10207200.0,13.4258,0.097787,6231900.0,10.995,0.051826,5369666.67,8.507,0.037429,4876800.0,7.0251,0.029278,5295100.0,4.3134,0.019631
20261005,5340,建榮,5971000.0,1391000.0,768000.0,943000.0,692000.0,737000.0,1296000.0,4317000.0,1578000.0,3629000.0,2328000.0,3299000.0,2657000.0,5649000.0,6425000.0,5236000.0,9074000.0,3306000.0,1574000.0,1631000.0,3306000.0,3508000.0,2532000.0,5862000.0,4600000.0,4567000.0,5013000.0,1565000.0,2380000.0,4118000.0,2710000.0,73.444,0.130114,1953000.0,61.147,0.085214,2132200.0,28.0039,0.045163,2778666.67,14.3258,0.032616,3125050.0,9.5534,0.025513,3331733.33,5.9739,0.017107
20261005,5344,立衛,56000.0,73000.0,93000.0,209000.0,48000.0,106000.0,205000.0,53000.0,31000.0,132000.0,25000.0,28000.0,8000.0,21000.0,10000.0,58000.0,22000.0,38000.0,14000.0,47000.0,22000.0,7000.0,24000.0,10000.0,13000.0,19000.0,87000.0,37000.0,43000.0,28000.0,74000.0,25.2252,0.00122,95800.0,11.691,0.000799,100600.0,5.5666,0.000424,73200.0,5.1002,0.000306,63850.0,4.3853,0.000239,52233.33,3.5737,0.00016
20261005,5345,馥鴻,36000.0,11000.0,10000.0,11000.0,9000.0,,7000.0,1000.0,6000.0,3000.0,3000.0,8000.0,7000.0,22000.0,23000.0,33000.0,4000.0,2000.0,11000.0,3000.0,19000.0,7000.0,2000.0,9000.0,14000.0,20000.0,33000.0,8000.0,22000.0,12000.0,19000.0,63.1579,0.000784,15400.0,46.7532,0.000514,10444.44,38.2979,0.000272,11214.29,22.9299,0.000197,11052.63,17.1429,0.000154,12275.86,10.1124,0.000103
20261005,5347,世界,15110000.0,13690000.0,23227000.0,23437000.0,33705000.0,10707000.0,12571000.0,31910000.0,15804000.0,32000000.0,30492000.0,7070000.0,8697000.0,6639000.0,8798000.0,20342000.0,13750000.0,12514000.0,13776000.0,4754000.0,9756000.0,7328000.0,9438000.0,13236000.0,21592000.0,10776000.0,11276000.0,11935000.0,4112000.0,9032000.0,17342333.33,29.0426,0.329261,21833800.0,13.8409,0.215639,21216100.0,7.1219,0.114287,18257133.33,5.5175,0.082538,16949650.0,4.4573,0.064563,14915800.0,3.3767,0.04329
20261005,5348,正能量智能,23000.0,1000.0,2000.0,2000.0,3000.0,6000.0,11000.0,1000.0,1000.0,6000.0,4000.0,9000.0,11000.0,3000.0,1000.0,1000.0,1000.0,1000.0,2000.0,3000.0,1000.0,1000.0,1000.0,4000.0,13000.0,4000.0,1000.0,1000.0,1000.0,2000.0,8666.67,88.4615,0.000501,6200.0,74.1935,0.000328,5600.0,41.0714,0.000174,5600.0,27.381,0.000126,4600.0,25.0,9.8e-05,4033.33,19.0083,6.6e-05
20261005,5351,鈺創,13112000.0,16424000.0,5415000.0,7445000.0,3356000.0,6899000.0,6639000.0,6940000.0,9444000.0,10599000.0,7430000.0,5815000.0,6211000.0,6228000.0,10798000.0,6340000.0,8941000.0,29848000.0,15412000.0,12109000.0,25041000.0,10487000.0,16078000.0,12299000.0,9923000.0,10966000.0,14416000.0,19772000.0,20168000.0,29029000.0,11650333.33,37.5154,0.285723,9150400.0,28.6589,0.187125,8627300.0,15.1983,0.099175,8183666.67,10.6814,0.071624,9770250.0,6.7102,0.056026,12119466.67,3.6063,0.037566
20261005,5353,台林,105000.0,55000.0,34000.0,39000.0,15000.0,17000.0,42000.0,89000.0,148000.0,57000.0,20000.0,31000.0,24000.0,64000.0,38000.0,22000.0,27000.0,17000.0,39000.0,29000.0,59000.0,41000.0,45000.0,18000.0,14000.0,21000.0,43000.0,26000.0,28000.0,13000.0,64666.67,54.1237,0.002288,49600.0,42.3387,0.001498,60100.0,17.4709,0.000794,51866.67,13.4961,0.000574,45600.0,11.5132,0.000449,40666.67,8.6066,0.000301
20261005,5355,佳總,370000.0,190000.0,76000.0,103000.0,175000.0,48000.0,90000.0,127000.0,88000.0,124000.0,228000.0,499000.0,499000.0,79000.0,40000.0,32000.0,51000.0,107000.0,126000.0,65000.0,72000.0,24000.0,78000.0,174000.0,88000.0,109000.0,59000.0,34000.0,62000.0,71000.0,212000.0,58.1761,0.008063,182800.0,40.4814,0.00528,139100.0,26.5996,0.002799,182400.0,13.5234,0.002021,155850.0,11.8704,0.001581,129600.0,9.5165,0.00106
20261005,5356,協益,31000.0,36000.0,33000.0,30000.0,141000.0,40000.0,58000.0,53000.0,37000.0,56000.0,44000.0,48000.0,20000.0,9000.0,17000.0,37000.0,45000.0,96000.0,67000.0,19000.0,46000.0,15000.0,56000.0,33000.0,50000.0,76000.0,59000.0,37000.0,27000.0,15000.0,33333.33,31.0,0.000676,54200.0,11.4391,0.000442,51500.0,6.0194,0.000234,43533.33,4.7473,0.000169,45850.0,3.3806,0.000132,44366.67,2.3291,8.9e-05
20261005,5364,力麗店,34000.0,28000.0,13000.0,10000.0,21000.0,17000.0,109000.0,44000.0,32000.0,31000.0,7000.0,37000.0,50000.0,37000.0,16000.0,30000.0,27000.0,8000.0,45000.0,260000.0,54000.0,15000.0,61000.0,150000.0,41000.0,13000.0,22000.0,35000.0,52000.0,37000.0,25000.0,45.3333,0.000741,21200.0,32.0755,0.000485,33900.0,10.0295,0.000257,32400.0,6.9959,0.000186,42800.0,3.972,0.000145,44533.33,2.5449,9.7e-05
20261005,5371,中光電,,,,,,,,,,,,,,,,,,,,,,,,,,,,,2078000.0,4316000.0,,,,,,,,,,,,,,,,3197000.0,,
20261005,5381,光譜,608000.0,743000.0,409000.0,305000.0,191000.0,240000.0,138000.0,333000.0,480000.0,315000.0,234000.0,177000.0,239000.0,214000.0,634000.0,446000.0,392000.0,621000.0,405000.0,372000.0,594000.0,481000.0,1035000.0,683000.0,2709000.0,1043000.0,486000.0,330000.0,245000.0,281000.0,586666.67,34.5455,0.013249,451200.0,26.9504,0.008677,376200.0,16.1616,0.004599,350666.67,11.5589,0.003321,374800.0,8.111,0.002598,512766.67,3.9524,0.001742
20261005,5386,青雲,616000.0,637000.0,308000.0,706000.0,335000.0,457000.0,608000.0,829000.0,751000.0,933000.0,1497000.0,1244000.0,2239000.0,2709000.0,8779000.0,2883000.0,671000.0,466000.0,558000.0,853000.0,1768000.0,1437000.0,1701000.0,3699000.0,2550000.0,582000.0,571000.0,879000.0,1374000.0,627000.0,520333.33,39.4619,0.013423,520400.0,23.6741,0.008791,618000.0,9.9676,0.004659,1509866.67,2.7199,0.003365,1403950.0,2.1938,0.002632,1442233.33,1.4237,0.001765
20261005,5392,能率,898000.0,483000.0,698000.0,632000.0,377000.0,479000.0,527000.0,675000.0,542000.0,812000.0,487000.0,453000.0,483000.0,618000.0,509000.0,622000.0,621000.0,1294000.0,1190000.0,1205000.0,2201000.0,1092000.0,1647000.0,2408000.0,3005000.0,4031000.0,3468000.0,935000.0,1672000.0,1666000.0,693000.0,43.1938,0.019568,617600.0,29.0803,0.012816,612300.0,14.666,0.006792,578200.0,10.354,0.004905,680250.0,6.6005,0.003837,1191000.0,2.5133,0.002573
20261005,5398,慕康生醫,69000.0,100000.0,33000.0,26000.0,38000.0,8000.0,3000.0,10000.0,33000.0,81000.0,16000.0,7000.0,15000.0,70000.0,76000.0,127000.0,34000.0,225000.0,258000.0,20000.0,184000.0,30000.0,112000.0,43000.0,27000.0,49000.0,27000.0,12000.0,112000.0,125000.0,67333.33,34.1584,0.001504,53200.0,25.9398,0.000985,40100.0,17.207,0.000522,39000.0,11.7949,0.000377,62450.0,5.5244,0.000295,65666.67,3.5025,0.000198
20261005,5403,中菲,67000.0,24000.0,20000.0,33000.0,27000.0,13000.0,7000.0,19000.0,27000.0,15000.0,26000.0,29000.0,31000.0,54000.0,27000.0,32000.0,28000.0,32000.0,52000.0,30000.0,13000.0,33000.0,99000.0,63000.0,22000.0,39000.0,16000.0,27000.0,12000.0,21000.0,37000.0,60.3604,0.00146,34200.0,39.1813,0.000956,25200.0,26.5873,0.000507,27933.33,15.9905,0.000366,29650.0,11.2985,0.000286,31266.67,7.1429,0.000192
20261005,5410,國眾,200000.0,188000.0,108000.0,240000.0,113000.0,103000.0,114000.0,307000.0,107000.0,170000.0,117000.0,118000.0,198000.0,475000.0,1473000.0,119000.0,204000.0,216000.0,223000.0,101000.0,175000.0,147000.0,251000.0,176000.0,158000.0,319000.0,225000.0,254000.0,284000.0,167000.0,165333.33,40.3226,0.004358,169800.0,23.5571,0.002854,165000.0,12.1212,0.001513,268733.33,4.9615,0.001092,244700.0,4.0866,0.000855,235000.0,2.8369,0.000573
20261005,5425,台半,33037000.0,21594000.0,11965000.0,6999000.0,6511000.0,9955000.0,21118000.0,9070000.0,3155000.0,7140000.0,14436000.0,25123000.0,14639000.0,13189000.0,5502000.0,5352000.0,3554000.0,5507000.0,10655000.0,10310000.0,21301000.0,6004000.0,13265000.0,10039000.0,49158000.0,41549000.0,26209000.0,11105000.0,19146000.0,27915000.0,22198666.67,49.6081,0.719908,16021200.0,41.2416,0.471481,13054400.0,25.3072,0.249882,13562200.0,16.2397,0.180463,11940550.0,13.834,0.141163,15483400.0,7.1123,0.094652
20261005,5426,振發,950000.0,1066000.0,408000.0,300000.0,251000.0,222000.0,245000.0,491000.0,601000.0,564000.0,875000.0,732000.0,254000.0,338000.0,338000.0,333000.0,605000.0,436000.0,472000.0,560000.0,819000.0,1320000.0,2303000.0,3324000.0,923000.0,781000.0,597000.0,1592000.0,364000.0,263000.0,808000.0,39.1914,0.020701,595000.0,31.9328,0.013558,509800.0,18.6348,0.007186,509000.0,12.4427,0.005189,502050.0,9.4612,0.004059,744233.33,4.2549,0.002722
20261005,5432,新門,686000.0,323000.0,257000.0,70000.0,77000.0,368000.0,250000.0,70000.0,364000.0,238000.0,36000.0,39000.0,55000.0,22000.0,62000.0,193000.0,182000.0,173000.0,528000.0,134000.0,172000.0,70000.0,214000.0,282000.0,345000.0,170000.0,59000.0,370000.0,136000.0,202000.0,422000.0,54.1864,0.014949,282600.0,48.5492,0.00979,270300.0,25.3792,0.005189,194466.67,23.5173,0.003747,206350.0,16.6222,0.002931,204900.0,11.1599,0.001965
20261005,5438,東友,40000.0,19000.0,46000.0,189000.0,54000.0,35000.0,185000.0,32000.0,55000.0,45000.0,37000.0,29000.0,24000.0,46000.0,27000.0,23000.0,38000.0,20000.0,24000.0,31000.0,18000.0,27000.0,18000.0,76000.0,25000.0,44000.0,17000.0,27000.0,41000.0,26000.0,35000.0,38.0952,0.000872,69600.0,11.4943,0.000571,70000.0,5.7143,0.000303,57533.33,4.635,0.000218,49950.0,4.004,0.000171,43933.33,3.0349,0.000115
20261005,5439,高技,2661000.0,925000.0,1555000.0,2547000.0,489000.0,753000.0,1248000.0,1438000.0,913000.0,956000.0,1224000.0,665000.0,922000.0,1065000.0,1522000.0,1502000.0,1361000.0,1137000.0,1871000.0,1593000.0,2076000.0,2471000.0,5236000.0,7265000.0,4726000.0,4882000.0,2038000.0,1316000.0,2565000.0,2887000.0,1713666.67,51.7604,0.057986,1635400.0,32.5425,0.037976,1348500.0,19.733,0.020127,1258866.67,14.092,0.014536,1317350.0,10.0998,0.01137,2060300.0,4.3052,0.007624
20261005,5443,均豪,2159000.0,1629000.0,2944000.0,5723000.0,2039000.0,884000.0,1321000.0,1298000.0,928000.0,1628000.0,2680000.0,757000.0,943000.0,930000.0,1350000.0,1227000.0,3011000.0,5468000.0,7288000.0,2199000.0,2474000.0,3185000.0,6092000.0,3656000.0,3315000.0,1127000.0,798000.0,697000.0,444000.0,702000.0,2244000.0,32.0707,0.047047,2898800.0,14.8958,0.030812,2055300.0,10.5045,0.01633,1814200.0,7.9337,0.011793,2320300.0,4.6524,0.009225,2296533.33,3.1337,0.006186
20261005,5450,南良,224000.0,133000.0,152000.0,108000.0,79000.0,54000.0,241000.0,94000.0,137000.0,88000.0,49000.0,49000.0,39000.0,64000.0,98000.0,53000.0,50000.0,67000.0,47000.0,87000.0,61000.0,103000.0,53000.0,62000.0,113000.0,110000.0,33000.0,104000.0,59000.0,26000.0,169666.67,44.0079,0.004881,139200.0,32.1839,0.003197,131000.0,17.0992,0.001694,107266.67,13.9217,0.001224,95650.0,11.7094,0.000957,87900.0,8.4945,0.000642
20261005,5452,佶優,3016000.0,602000.0,213000.0,225000.0,175000.0,217000.0,379000.0,381000.0,701000.0,342000.0,218000.0,197000.0,244000.0,198000.0,327000.0,309000.0,476000.0,441000.0,272000.0,268000.0,326000.0,515000.0,381000.0,308000.0,436000.0,339000.0,605000.0,271000.0,243000.0,192000.0,1277000.0,78.7262,0.065722,846200.0,71.2834,0.043042,625100.0,48.2483,0.022812,495666.67,40.5649,0.016475,460050.0,32.779,0.012887,427233.33,23.5312,0.008641
20261005,5455,昇益,9000.0,,,,2000.0,1000.0,1000.0,1000.0,5000.0,7000.0,8000.0,3000.0,3000.0,2000.0,,9000.0,1000.0,16000.0,11000.0,8000.0,1000.0,1000.0,1000.0,5000.0,6000.0,1000.0,5000.0,,3000.0,1000.0,9000.0,100.0,0.000196,5500.0,81.8182,0.000128,3714.29,34.6154,6.8e-05,3818.18,21.4286,4.9e-05,5437.5,10.3448,3.8e-05,4440.0,8.1081,2.6e-05
20261005,5457,宣德,507000.0,473000.0,396000.0,544000.0,517000.0,412000.0,485000.0,761000.0,2435000.0,4497000.0,258000.0,408000.0,622000.0,693000.0,711000.0,216000.0,259000.0,380000.0,263000.0,144000.0,260000.0,204000.0,401000.0,255000.0,374000.0,536000.0,283000.0,275000.0,204000.0,179000.0,458666.67,36.8459,0.011048,487400.0,20.8043,0.007236,1102700.0,4.5978,0.003835,914600.0,3.6956,0.002769,749050.0,3.3843,0.002166,598400.0,2.8242,0.001453
20261005,5460,同協,188000.0,167000.0,30000.0,60000.0,10000.0,47000.0,38000.0,50000.0,68000.0,103000.0,172000.0,50000.0,19000.0,43000.0,89000.0,76000.0,262000.0,976000.0,35000.0,11000.0,32000.0,27000.0,18000.0,166000.0,43000.0,67000.0,24000.0,36000.0,26000.0,15000.0,128333.33,48.8312,0.004097,91000.0,41.3187,0.002683,76100.0,24.7043,0.001422,75600.0,16.5785,0.001027,124700.0,7.5381,0.000803,98266.67,6.3772,0.000539
20261005,5464,霖宏,1395000.0,524000.0,567000.0,470000.0,1016000.0,369000.0,531000.0,387000.0,515000.0,1024000.0,2268000.0,1171000.0,724000.0,966000.0,1127000.0,4380000.0,1659000.0,2246000.0,756000.0,211000.0,375000.0,169000.0,319000.0,237000.0,338000.0,1006000.0,524000.0,546000.0,392000.0,325000.0,828666.67,56.1142,0.030398,794400.0,35.1208,0.019908,679800.0,20.5207,0.010551,870266.67,10.6864,0.00762,1115300.0,6.2539,0.005961,884566.67,5.2568,0.003997
20261005,5465,富驊,543000.0,625000.0,1236000.0,1745000.0,3224000.0,2076000.0,2126000.0,6470000.0,658000.0,465000.0,62000.0,127000.0,40000.0,48000.0,120000.0,40000.0,67000.0,56000.0,30000.0,75000.0,61000.0,35000.0,93000.0,29000.0,51000.0,31000.0,45000.0,19000.0,36000.0,51000.0,801333.33,22.5874,0.011832,1474600.0,7.3647,0.007749,1916800.0,2.8328,0.004107,1304333.33,2.7754,0.002966,991650.0,2.7379,0.00232,676133.33,2.677,0.001556
20261005,5468,凱鈺,117000.0,125000.0,139000.0,214000.0,192000.0,94000.0,71000.0,204000.0,221000.0,143000.0,113000.0,120000.0,138000.0,229000.0,258000.0,1100000.0,333000.0,126000.0,110000.0,77000.0,150000.0,145000.0,234000.0,291000.0,203000.0,184000.0,201000.0,258000.0,120000.0,251000.0,127000.0,30.7087,0.00255,157400.0,14.8666,0.00167,152000.0,7.6974,0.000885,158533.33,4.9201,0.000639,206200.0,2.8371,0.0005,205366.67,1.899,0.000335
20261005,5474,聰泰,180000.0,125000.0,161000.0,209000.0,107000.0,123000.0,138000.0,348000.0,580000.0,512000.0,289000.0,88000.0,109000.0,129000.0,132000.0,307000.0,133000.0,214000.0,153000.0,112000.0,147000.0,86000.0,53000.0,75000.0,68000.0,103000.0,144000.0,139000.0,165000.0,171000.0,155333.33,38.6266,0.003922,156400.0,23.0179,0.002569,248300.0,7.2493,0.001361,215333.33,5.5728,0.000983,207450.0,4.3384,0.000769,176666.67,3.3962,0.000516
20261005,5475,德宏,6359000.0,2710000.0,2202000.0,3866000.0,2480000.0,2770000.0,2280000.0,8701000.0,2252000.0,7812000.0,7461000.0,5394000.0,3566000.0,4592000.0,8126000.0,3837000.0,5675000.0,2998000.0,4316000.0,5443000.0,6874000.0,4974000.0,6204000.0,9008000.0,18108000.0,10967000.0,2123000.0,2138000.0,1378000.0,1353000.0,3757000.0,56.4191,0.138569,3523400.0,36.0958,0.090751,4143200.0,15.348,0.048098,4704733.33,9.0108,0.034736,4642000.0,6.8494,0.027171,5198900.0,4.0771,0.018219
20261005,5478,智冠,40000.0,48000.0,23000.0,27000.0,28000.0,25000.0,38000.0,45000.0,46000.0,39000.0,58000.0,29000.0,40000.0,45000.0,29000.0,44000.0,38000.0,102000.0,79000.0,64000.0,70000.0,42000.0,66000.0,58000.0,107000.0,79000.0,49000.0,50000.0,32000.0,42000.0,37000.0,36.036,0.000872,33200.0,24.0964,0.000571,35900.0,11.1421,0.000303,37333.33,7.1429,0.000218,44350.0,4.5096,0.000171,49400.0,2.6991,0.000115
20261005,5481,新華,65000.0,217000.0,46000.0,419000.0,65000.0,138000.0,148000.0,120000.0,223000.0,128000.0,589000.0,607000.0,178000.0,102000.0,163000.0,51000.0,55000.0,255000.0,215000.0,139000.0,348000.0,261000.0,258000.0,159000.0,315000.0,474000.0,402000.0,284000.0,379000.0,485000.0,109333.33,19.8171,0.001416,162400.0,8.0049,0.000928,156900.0,4.1428,0.000492,213866.67,2.0262,0.000355,196150.0,1.6569,0.000278,242933.33,0.8919,0.000186
20261005,5483,中美晶,32246000.0,47109000.0,56653000.0,36608000.0,12956000.0,18361000.0,41028000.0,32636000.0,11238000.0,19121000.0,18401000.0,8853000.0,12020000.0,6937000.0,7384000.0,5043000.0,4633000.0,10331000.0,10637000.0,10727000.0,17401000.0,8396000.0,15884000.0,15309000.0,17749000.0,11550000.0,13444000.0,32784000.0,25828000.0,16998000.0,45336000.0,23.7089,0.702671,37114400.0,17.3765,0.460192,30795600.0,10.471,0.243899,24103400.0,8.9188,0.176142,20146100.0,8.003,0.137784,19275500.0,5.5763,0.092385
20261005,5487,通泰,192000.0,31000.0,15000.0,113000.0,9000.0,80000.0,98000.0,56000.0,31000.0,30000.0,13000.0,23000.0,32000.0,8000.0,20000.0,39000.0,92000.0,74000.0,91000.0,171000.0,12000.0,14000.0,34000.0,72000.0,31000.0,93000.0,90000.0,71000.0,93000.0,89000.0,79333.33,80.6723,0.004184,72000.0,53.3333,0.00274,65500.0,29.313,0.001452,50066.67,25.5659,0.001049,60900.0,15.7635,0.00082,60566.67,10.5669,0.00055
20261005,5488,松普,426000.0,1131000.0,154000.0,156000.0,104000.0,96000.0,239000.0,285000.0,146000.0,231000.0,502000.0,95000.0,186000.0,161000.0,193000.0,173000.0,585000.0,209000.0,197000.0,198000.0,361000.0,212000.0,645000.0,451000.0,255000.0,180000.0,231000.0,212000.0,301000.0,284000.0,570333.33,24.8977,0.009283,394200.0,21.6134,0.00608,296800.0,14.3531,0.003222,273666.67,10.3776,0.002327,273350.0,7.7922,0.00182,286633.33,4.9541,0.00122
20261005,5489,彩富,36000.0,92000.0,36000.0,34000.0,69000.0,108000.0,63000.0,268000.0,269000.0,21000.0,25000.0,76000.0,47000.0,42000.0,25000.0,10000.0,15000.0,21000.0,19000.0,45000.0,31000.0,43000.0,60000.0,35000.0,37000.0,46000.0,23000.0,96000.0,30000.0,49000.0,54666.67,21.9512,0.000784,53400.0,13.4831,0.000514,99600.0,3.6145,0.000272,80733.33,2.9727,0.000197,66050.0,2.7252,0.000154,59033.33,2.0327,0.000103
20261005,5490,同亨,536000.0,163000.0,265000.0,118000.0,213000.0,142000.0,131000.0,358000.0,253000.0,225000.0,159000.0,135000.0,259000.0,242000.0,380000.0,339000.0,321000.0,272000.0,807000.0,532000.0,1543000.0,440000.0,398000.0,571000.0,647000.0,508000.0,392000.0,431000.0,882000.0,659000.0,321333.33,55.6017,0.01168,259000.0,41.39,0.007649,240400.0,22.2962,0.004054,238600.0,14.9763,0.002928,292500.0,9.1624,0.00229,410700.0,4.3503,0.001536
20261005,5493,三聯,99000.0,69000.0,101000.0,109000.0,200000.0,353000.0,328000.0,362000.0,391000.0,80000.0,37000.0,16000.0,28000.0,35000.0,77000.0,176000.0,35000.0,41000.0,48000.0,65000.0,111000.0,103000.0,113000.0,377000.0,369000.0,211000.0,110000.0,35000.0,39000.0,28000.0,89666.67,36.803,0.002157,115600.0,17.128,0.001413,209200.0,4.7323,0.000749,152333.33,4.3326,0.000541,132500.0,3.7358,0.000423,138200.0,2.3878,0.000284
20261005,5498,凱崴,7385000.0,3927000.0,871000.0,1041000.0,799000.0,636000.0,966000.0,1242000.0,1442000.0,814000.0,1377000.0,811000.0,667000.0,709000.0,1221000.0,861000.0,1004000.0,1138000.0,3074000.0,1189000.0,2471000.0,1948000.0,3837000.0,7707000.0,6537000.0,2227000.0,4485000.0,1880000.0,4222000.0,1617000.0,4061000.0,60.6173,0.160926,2804600.0,52.6635,0.105394,1912300.0,38.6184,0.055858,1593866.67,30.8892,0.04034,1558700.0,23.6896,0.031555,2270166.67,10.8436,0.021158
20261005,5508,永信建,319000.0,336000.0,133000.0,224000.0,203000.0,189000.0,296000.0,283000.0,505000.0,2561000.0,557000.0,197000.0,153000.0,266000.0,109000.0,197000.0,130000.0,243000.0,427000.0,341000.0,339000.0,289000.0,178000.0,155000.0,205000.0,190000.0,177000.0,138000.0,240000.0,295000.0,262666.67,40.4822,0.006951,243000.0,26.2551,0.004553,504900.0,6.3181,0.002413,422066.67,5.0387,0.001743,383450.0,4.1596,0.001363,329166.67,3.2304,0.000914
20261005,5511,德昌,121000.0,44000.0,211000.0,119000.0,87000.0,115000.0,65000.0,89000.0,40000.0,107000.0,69000.0,55000.0,92000.0,50000.0,101000.0,135000.0,121000.0,279000.0,128000.0,143000.0,241000.0,83000.0,77000.0,122000.0,135000.0,29000.0,95000.0,117000.0,157000.0,228000.0,125333.33,32.1809,0.002637,116400.0,20.7904,0.001727,99800.0,12.1242,0.000915,91000.0,8.8645,0.000661,108550.0,5.5735,0.000517,115166.67,3.5022,0.000347
20261005,5512,力麒,1312000.0,553000.0,242000.0,517000.0,482000.0,167000.0,476000.0,628000.0,1317000.0,994000.0,283000.0,256000.0,632000.0,441000.0,290000.0,302000.0,565000.0,936000.0,295000.0,441000.0,918000.0,436000.0,521000.0,475000.0,374000.0,426000.0,792000.0,469000.0,937000.0,370000.0,702333.33,62.2686,0.02859,621200.0,42.2408,0.018724,668800.0,19.6172,0.009924,572666.67,15.2736,0.007167,556450.0,11.789,0.005606,561566.67,7.7877,0.003759
20261005,5514,三豐,,11000.0,13000.0,9000.0,1000.0,3000.0,21000.0,5000.0,2000.0,15000.0,2000.0,2000.0,4000.0,6000.0,11000.0,28000.0,309000.0,14000.0,5000.0,10000.0,16000.0,6000.0,32000.0,281000.0,7000.0,13000.0,9000.0,16000.0,18000.0,20000.0,12000.0,,,8500.0,,,8888.89,,,7500.0,,,24789.47,,,30655.17,,
20261005,5516,雙喜,9000.0,1000.0,4000.0,4000.0,3000.0,1000.0,2000.0,4000.0,28000.0,22000.0,14000.0,11000.0,7000.0,42000.0,19000.0,3000.0,6000.0,1000.0,18000.0,8000.0,11000.0,21000.0,19000.0,20000.0,10000.0,6000.0,28000.0,16000.0,76000.0,29000.0,4666.67,64.2857,0.000196,4200.0,42.8571,0.000128,7800.0,11.5385,6.8e-05,11400.0,5.2632,4.9e-05,10350.0,4.3478,3.8e-05,14766.67,2.0316,2.6e-05
20261005,5520,力泰,1000.0,1000.0,1000.0,,2000.0,1000.0,1000.0,4000.0,,1000.0,,1000.0,12000.0,4000.0,3000.0,5000.0,,2000.0,19000.0,,,10000.0,8000.0,23000.0,14000.0,2000.0,,1000.0,3000.0,2000.0,1000.0,33.3333,2.2e-05,1250.0,20.0,1.4e-05,1500.0,8.3333,8e-06,2666.67,3.125,5e-06,3866.67,1.7241,4e-06,5260.87,0.8264,3e-06
20261005,5523,豐謙,43000.0,5000.0,66000.0,24000.0,19000.0,3000.0,60000.0,27000.0,2000.0,6000.0,4000.0,,18000.0,27000.0,2000.0,8000.0,2000.0,,,27000.0,34000.0,26000.0,,4000.0,9000.0,7000.0,23000.0,2000.0,12000.0,7000.0,38000.0,37.7193,0.000937,31400.0,27.3885,0.000614,25500.0,16.8627,0.000325,21857.14,14.0523,0.000235,20176.47,12.5364,0.000184,17961.54,9.2077,0.000123
20261005,5529,鉅陞,46000.0,115000.0,82000.0,151000.0,157000.0,62000.0,138000.0,98000.0,81000.0,175000.0,52000.0,94000.0,774000.0,108000.0,93000.0,49000.0,58000.0,82000.0,168000.0,217000.0,248000.0,41000.0,184000.0,95000.0,220000.0,79000.0,173000.0,73000.0,111000.0,142000.0,81000.0,18.93,0.001002,110200.0,8.3485,0.000656,110500.0,4.1629,0.000348,148400.0,2.0665,0.000251,140000.0,1.6429,0.000197,138866.67,1.1042,0.000132
20261005,5530,龍巖,273000.0,169000.0,64000.0,190000.0,157000.0,76000.0,349000.0,187000.0,207000.0,279000.0,61000.0,114000.0,100000.0,110000.0,185000.0,132000.0,205000.0,180000.0,176000.0,150000.0,214000.0,155000.0,301000.0,285000.0,485000.0,201000.0,295000.0,420000.0,228000.0,371000.0,168666.67,53.9526,0.005949,170600.0,32.0047,0.003896,195100.0,13.9928,0.002065,168066.67,10.829,0.001491,168200.0,8.1153,0.001166,210633.33,4.3203,0.000782
20261005,5536,聖暉*,2556000.0,1733000.0,1979000.0,1430000.0,655000.0,692000.0,1246000.0,2103000.0,778000.0,857000.0,343000.0,188000.0,392000.0,231000.0,509000.0,506000.0,547000.0,586000.0,731000.0,524000.0,1112000.0,1230000.0,651000.0,761000.0,803000.0,374000.0,876000.0,550000.0,736000.0,3437000.0,2089333.33,40.7786,0.055698,1670600.0,30.5998,0.036477,1402900.0,18.2194,0.019333,1046133.33,16.2886,0.013962,929300.0,13.7523,0.010922,970533.33,8.7787,0.007323
20261005,5543,桓鼎-KY,9000.0,1000.0,7000.0,9000.0,15000.0,2000.0,9000.0,10000.0,6000.0,19000.0,11000.0,21000.0,13000.0,10000.0,26000.0,6000.0,3000.0,5000.0,15000.0,10000.0,2000.0,4000.0,22000.0,43000.0,158000.0,106000.0,17000.0,4000.0,4000.0,8000.0,5666.67,52.9412,0.000196,8200.0,21.9512,0.000128,8700.0,10.3448,6.8e-05,11200.0,5.3571,4.9e-05,10350.0,4.3478,3.8e-05,19166.67,1.5652,2.6e-05
20261005,5547,久舜,14000.0,10000.0,13000.0,27000.0,18000.0,19000.0,28000.0,29000.0,29000.0,23000.0,26000.0,17000.0,10000.0,11000.0,41000.0,24000.0,41000.0,104000.0,12000.0,7000.0,11000.0,27000.0,24000.0,36000.0,4000.0,10000.0,21000.0,10000.0,2000.0,33000.0,12333.33,37.8378,0.000305,16400.0,17.0732,0.0002,21000.0,6.6667,0.000106,21000.0,4.4444,7.6e-05,25150.0,2.7833,6e-05,22700.0,2.0558,4e-05
20261005,5548,安倉,26000.0,15000.0,74000.0,41000.0,11000.0,15000.0,27000.0,23000.0,32000.0,32000.0,16000.0,18000.0,9000.0,12000.0,1000.0,4000.0,17000.0,16000.0,10000.0,3000.0,6000.0,8000.0,20000.0,9000.0,17000.0,20000.0,9000.0,13000.0,6000.0,4000.0,38333.33,22.6087,0.000567,33400.0,15.5689,0.000371,29600.0,8.7838,0.000197,23466.67,7.3864,0.000142,20100.0,6.4677,0.000111,17133.33,5.0584,7.4e-05
20261005,5601,台聯櫃,,3000.0,5000.0,,5000.0,5000.0,,25000.0,10000.0,,,26000.0,,10000.0,17000.0,,,15000.0,11000.0,6000.0,16000.0,,,,6000.0,20000.0,13000.0,11000.0,,4000.0,4000.0,,,4333.33,,,8833.33,,,11777.78,,,11500.0,,,11555.56,,
20261005,5603,陸海,37000.0,46000.0,149000.0,84000.0,41000.0,33000.0,51000.0,37000.0,63000.0,465000.0,77000.0,28000.0,46000.0,85000.0,176000.0,114000.0,55000.0,201000.0,37000.0,107000.0,150000.0,61000.0,46000.0,78000.0,37000.0,52000.0,143000.0,400000.0,698000.0,106000.0,77333.33,15.9483,0.000806,71400.0,10.3641,0.000528,100600.0,3.6779,0.00028,94533.33,2.6093,0.000202,96600.0,1.9151,0.000158,123433.33,0.9992,0.000106
20261005,5604,中連,10000.0,15000.0,2000.0,10000.0,13000.0,9000.0,15000.0,9000.0,17000.0,15000.0,6000.0,1000.0,9000.0,13000.0,6000.0,5000.0,7000.0,7000.0,59000.0,6000.0,7000.0,18000.0,19000.0,32000.0,9000.0,13000.0,2000.0,4000.0,20000.0,4000.0,9000.0,37.037,0.000218,10000.0,20.0,0.000143,11500.0,8.6957,7.6e-05,10000.0,6.6667,5.5e-05,11700.0,4.2735,4.3e-05,12066.67,2.7624,2.9e-05
20261005,5609,中菲行,162000.0,69000.0,62000.0,121000.0,103000.0,34000.0,44000.0,38000.0,93000.0,135000.0,47000.0,23000.0,81000.0,134000.0,142000.0,199000.0,98000.0,119000.0,112000.0,44000.0,75000.0,65000.0,119000.0,74000.0,97000.0,99000.0,183000.0,345000.0,388000.0,144000.0,97666.67,55.2901,0.00353,103400.0,31.3346,0.002312,86100.0,18.8153,0.001225,85866.67,12.5776,0.000885,93000.0,8.7097,0.000692,114966.67,4.697,0.000464
20261005,5701,劍湖山,116000.0,55000.0,39000.0,76000.0,123000.0,206000.0,186000.0,215000.0,140000.0,41000.0,72000.0,68000.0,121000.0,20000.0,94000.0,43000.0,74000.0,37000.0,51000.0,51000.0,36000.0,72000.0,86000.0,179000.0,575000.0,90000.0,64000.0,132000.0,390000.0,95000.0,70000.0,55.2381,0.002528,81800.0,28.3619,0.001655,119700.0,9.6909,0.000877,104800.0,7.3791,0.000634,91400.0,6.3457,0.000496,118233.33,3.2704,0.000332
20261005,5703,亞都,1000.0,,,3000.0,,,,,2000.0,13000.0,2000.0,1000.0,,,20000.0,16000.0,3000.0,,3000.0,,4000.0,52000.0,31000.0,4000.0,10000.0,7000.0,6000.0,9000.0,9000.0,8000.0,1000.0,100.0,2.2e-05,2000.0,25.0,1.4e-05,4750.0,5.2632,8e-06,6000.0,2.381,5e-06,6400.0,1.5625,4e-06,10200.0,0.4902,3e-06
20261005,5704,老爺知,49000.0,10000.0,9000.0,85000.0,6000.0,7000.0,9000.0,23000.0,69000.0,17000.0,17000.0,18000.0,28000.0,16000.0,19000.0,25000.0,9000.0,45000.0,57000.0,52000.0,32000.0,41000.0,31000.0,54000.0,79000.0,20000.0,28000.0,108000.0,122000.0,192000.0,22666.67,72.0588,0.001068,31800.0,30.8176,0.000699,28400.0,17.2535,0.000371,25466.67,12.8272,0.000268,28500.0,8.5965,0.000209,42566.67,3.8371,0.00014
20261005,5864,致和證,3157000.0,2438000.0,3329000.0,5176000.0,1763000.0,1935000.0,2279000.0,5955000.0,4818000.0,3022000.0,1957000.0,1326000.0,1842000.0,2357000.0,4772000.0,1723000.0,3170000.0,2892000.0,3071000.0,2138000.0,2585000.0,2374000.0,2569000.0,2668000.0,4109000.0,2696000.0,2125000.0,2668000.0,1822000.0,2122000.0,2974666.67,35.3765,0.068794,3172600.0,19.9017,0.045054,3387200.0,9.3204,0.023879,3075066.67,6.8443,0.017245,2956000.0,5.34,0.01349,2828600.0,3.7203,0.009045
20261005,5878,台名,17000.0,5000.0,3000.0,5000.0,8000.0,2000.0,4000.0,,,4000.0,,3000.0,3000.0,1000.0,6000.0,2000.0,4000.0,3000.0,7000.0,1000.0,2000.0,9000.0,6000.0,4000.0,7000.0,1000.0,,5000.0,3000.0,5000.0,8333.33,68.0,0.00037,7600.0,44.7368,0.000243,6000.0,35.4167,0.000129,5083.33,27.8689,9.3e-05,4588.24,21.7949,7.3e-05,4615.38,14.1667,4.9e-05
20261005,5902,德記,106000.0,17000.0,9000.0,75000.0,5000.0,81000.0,116000.0,377000.0,27000.0,,11000.0,113000.0,114000.0,191000.0,40000.0,99000.0,136000.0,157000.0,164000.0,2000.0,5000.0,4000.0,4000.0,,2000.0,9000.0,14000.0,12000.0,2000.0,5000.0,44000.0,80.303,0.00231,42400.0,50.0,0.001513,90333.33,13.0381,0.000802,91571.43,8.2683,0.000579,96842.11,5.7609,0.000453,67750.0,5.5878,0.000304
20261005,5903,全家,42000.0,13000.0,15000.0,16000.0,17000.0,42000.0,34000.0,21000.0,22000.0,13000.0,15000.0,9000.0,17000.0,12000.0,8000.0,11000.0,13000.0,14000.0,17000.0,5000.0,30000.0,6000.0,24000.0,10000.0,8000.0,27000.0,11000.0,14000.0,11000.0,10000.0,23333.33,60.0,0.000915,20600.0,40.7767,0.000599,23500.0,17.8723,0.000318,19733.33,14.1892,0.000229,17800.0,11.7978,0.000179,16900.0,8.284,0.00012
20261005,5904,寶雅*,2756000.0,3935000.0,3109000.0,4825000.0,4138000.0,7271000.0,4678000.0,6988000.0,4745000.0,5788000.0,12779000.0,4461000.0,3922000.0,3294000.0,5069000.0,3048000.0,4868000.0,2485000.0,3843000.0,6447000.0,9461000.0,3537000.0,7118000.0,5358000.0,5232000.0,6126000.0,4959000.0,6970000.0,7684000.0,10479000.0,3266666.67,28.1224,0.060056,3752600.0,14.6885,0.039332,4823300.0,5.7139,0.020846,5183866.67,3.5443,0.015055,4922450.0,2.7994,0.011776,5512433.33,1.6665,0.007896
20261005,5905,南仁湖,236000.0,193000.0,223000.0,354000.0,441000.0,216000.0,330000.0,353000.0,356000.0,227000.0,142000.0,384000.0,207000.0,655000.0,535000.0,660000.0,674000.0,699000.0,446000.0,375000.0,411000.0,268000.0,266000.0,345000.0,923000.0,458000.0,391000.0,264000.0,223000.0,289000.0,217333.33,36.1963,0.005143,289400.0,16.3096,0.003368,292900.0,8.0574,0.001785,323466.67,4.864,0.001289,385300.0,3.0625,0.001008,384800.0,2.0444,0.000676
20261005,6015,宏遠證,2966000.0,1572000.0,2975000.0,2620000.0,1190000.0,1951000.0,2354000.0,3710000.0,5622000.0,3165000.0,2645000.0,1125000.0,1668000.0,1721000.0,2035000.0,1390000.0,5632000.0,5927000.0,2173000.0,2319000.0,2104000.0,908000.0,2370000.0,1594000.0,2381000.0,1508000.0,1049000.0,788000.0,870000.0,1138000.0,2504333.33,39.4782,0.064632,2264600.0,26.1945,0.042329,2812500.0,10.5458,0.022434,2487933.33,7.9477,0.016202,2738000.0,5.4164,0.012673,2315666.67,4.2695,0.008498
20261005,6016,康和證,4937000.0,2839000.0,6094000.0,5258000.0,2334000.0,3085000.0,4983000.0,6768000.0,7014000.0,4018000.0,5397000.0,2651000.0,3882000.0,3366000.0,3461000.0,4059000.0,7378000.0,11626000.0,8085000.0,6421000.0,6322000.0,6339000.0,3119000.0,3646000.0,9505000.0,3616000.0,1922000.0,1305000.0,1733000.0,2228000.0,4623333.33,35.5948,0.107582,4292400.0,23.0034,0.070457,4733000.0,10.431,0.037342,4405800.0,7.4705,0.026968,5182800.0,4.7629,0.021095,4779700.0,3.443,0.014145
20261005,6020,大展證,20000.0,12000.0,6000.0,12000.0,3000.0,11000.0,36000.0,27000.0,64000.0,15000.0,91000.0,11000.0,9000.0,15000.0,20000.0,22000.0,8000.0,19000.0,11000.0,26000.0,18000.0,2000.0,18000.0,10000.0,11000.0,2000.0,10000.0,12000.0,11000.0,7000.0,12666.67,52.6316,0.000436,10600.0,37.7358,0.000285,20600.0,9.7087,0.000151,23466.67,5.6818,0.000109,21900.0,4.5662,8.5e-05,17966.67,3.7106,5.7e-05
20261005,6021,美好證,168000.0,52000.0,92000.0,116000.0,190000.0,182000.0,438000.0,387000.0,522000.0,426000.0,624000.0,515000.0,467000.0,619000.0,387000.0,735000.0,355000.0,740000.0,299000.0,274000.0,104000.0,119000.0,82000.0,152000.0,104000.0,80000.0,196000.0,201000.0,368000.0,82000.0,104000.0,53.8462,0.003661,123600.0,27.1845,0.002398,257300.0,6.5293,0.001271,345666.67,3.2401,0.000918,379400.0,2.214,0.000718,302533.33,1.851,0.000481
20261005,6023,元大期,727000.0,355000.0,996000.0,733000.0,434000.0,1165000.0,483000.0,262000.0,601000.0,401000.0,1537000.0,411000.0,315000.0,242000.0,359000.0,1431000.0,1939000.0,861000.0,4104000.0,358000.0,399000.0,336000.0,570000.0,1197000.0,310000.0,335000.0,648000.0,372000.0,634000.0,671000.0,692666.67,34.9856,0.015842,649000.0,22.4037,0.010375,615700.0,11.8077,0.005499,601400.0,8.059,0.003971,885700.0,4.1041,0.003106,772866.67,3.1355,0.002083
20261005,6026,福邦證,850000.0,755000.0,975000.0,1096000.0,612000.0,644000.0,1771000.0,2368000.0,2022000.0,835000.0,1712000.0,811000.0,909000.0,832000.0,810000.0,645000.0,853000.0,1373000.0,1340000.0,947000.0,1358000.0,623000.0,887000.0,837000.0,1369000.0,1719000.0,1006000.0,520000.0,574000.0,571000.0,860000.0,32.9457,0.018522,857600.0,19.8228,0.012131,1192800.0,7.1261,0.006429,1133466.67,4.9994,0.004643,1108000.0,3.8357,0.003632,1054133.33,2.6878,0.002435
20261005,6028,公勝保經,35000.0,9000.0,11000.0,7000.0,19000.0,25000.0,33000.0,16000.0,8000.0,1000.0,5000.0,4000.0,12000.0,1000.0,9000.0,5000.0,5000.0,6000.0,4000.0,14000.0,19000.0,19000.0,5000.0,2000.0,11000.0,16000.0,12000.0,143000.0,24000.0,27000.0,18333.33,63.6364,0.000763,16200.0,43.2099,0.000499,16400.0,21.3415,0.000265,13000.0,17.9487,0.000191,11450.0,15.2838,0.00015,16900.0,6.9034,0.0001
20261005,6101,寬魚國際,195000.0,85000.0,197000.0,226000.0,72000.0,59000.0,95000.0,242000.0,253000.0,205000.0,124000.0,59000.0,368000.0,195000.0,116000.0,226000.0,321000.0,330000.0,128000.0,253000.0,313000.0,156000.0,473000.0,101000.0,242000.0,213000.0,345000.0,183000.0,188000.0,202000.0,159000.0,40.8805,0.004249,155000.0,25.1613,0.002783,162900.0,11.9705,0.001475,166066.67,7.8282,0.001065,187450.0,5.2014,0.000833,205500.0,3.163,0.000559
20261005,6103,合邦,20000.0,44000.0,14000.0,131000.0,124000.0,57000.0,57000.0,40000.0,40000.0,146000.0,28000.0,14000.0,12000.0,3000.0,13000.0,13000.0,10000.0,44000.0,42000.0,23000.0,57000.0,39000.0,28000.0,87000.0,207000.0,33000.0,12000.0,13000.0,10000.0,9000.0,26000.0,25.641,0.000436,66600.0,6.006,0.000285,67300.0,2.9718,0.000151,49533.33,2.6918,0.000109,43750.0,2.2857,8.5e-05,45666.67,1.4599,5.7e-05
20261005,6104,創惟,466000.0,233000.0,424000.0,412000.0,264000.0,318000.0,197000.0,357000.0,382000.0,390000.0,298000.0,170000.0,267000.0,239000.0,255000.0,268000.0,273000.0,706000.0,337000.0,275000.0,524000.0,295000.0,372000.0,631000.0,1020000.0,1482000.0,1662000.0,713000.0,742000.0,498000.0,374333.33,41.496,0.010155,359800.0,25.9033,0.00665,344300.0,13.5347,0.003525,311466.67,9.9743,0.002546,326550.0,7.1352,0.001991,482333.33,3.2205,0.001335
20261005,6109,亞元,54000.0,125000.0,59000.0,131000.0,127000.0,36000.0,97000.0,80000.0,110000.0,65000.0,112000.0,178000.0,156000.0,57000.0,98000.0,142000.0,130000.0,140000.0,113000.0,85000.0,72000.0,94000.0,100000.0,61000.0,61000.0,74000.0,96000.0,65000.0,186000.0,39000.0,79333.33,22.6891,0.001177,99200.0,10.8871,0.000771,88400.0,6.1086,0.000408,99000.0,3.6364,0.000295,104750.0,2.5776,0.000231,98100.0,1.8349,0.000155
20261005,6111,光聚晶電,126000.0,218000.0,108000.0,231000.0,200000.0,175000.0,104000.0,190000.0,133000.0,374000.0,177000.0,170000.0,139000.0,154000.0,292000.0,59000.0,72000.0,209000.0,70000.0,175000.0,166000.0,127000.0,192000.0,323000.0,131000.0,61000.0,222000.0,107000.0,32000.0,150000.0,150666.67,27.8761,0.002746,176600.0,14.2695,0.001798,185900.0,6.7778,0.000953,186066.67,4.5145,0.000688,168800.0,3.7322,0.000538,162900.0,2.5783,0.000361
20261005,6113,亞矽,206000.0,840000.0,621000.0,72000.0,26000.0,20000.0,43000.0,51000.0,80000.0,112000.0,34000.0,35000.0,38000.0,69000.0,80000.0,69000.0,116000.0,59000.0,158000.0,112000.0,112000.0,134000.0,56000.0,81000.0,48000.0,72000.0,55000.0,87000.0,73000.0,42000.0,555666.67,12.3575,0.004489,353000.0,11.6714,0.00294,207100.0,9.9469,0.001558,155133.33,8.8526,0.001125,142050.0,7.251,0.00088,120033.33,5.7206,0.00059
20261005,6114,久威,25000.0,23000.0,,99000.0,16000.0,12000.0,27000.0,86000.0,20000.0,22000.0,4000.0,47000.0,29000.0,9000.0,33000.0,49000.0,14000.0,7000.0,9000.0,11000.0,16000.0,9000.0,10000.0,8000.0,11000.0,17000.0,27000.0,14000.0,29000.0,37000.0,24000.0,52.0833,0.000545,40750.0,15.3374,0.000357,36666.67,7.5758,0.000189,32285.71,5.531,0.000137,28526.32,4.6125,0.000107,24827.59,3.4722,7.2e-05
20261005,6118,建達,133000.0,207000.0,852000.0,699000.0,656000.0,1118000.0,940000.0,174000.0,165000.0,50000.0,25000.0,98000.0,62000.0,63000.0,109000.0,88000.0,57000.0,49000.0,89000.0,202000.0,87000.0,92000.0,71000.0,35000.0,70000.0,49000.0,92000.0,67000.0,46000.0,122000.0,397333.33,11.1577,0.002898,509400.0,5.2218,0.001898,499400.0,2.6632,0.001006,356733.33,2.4855,0.000727,291800.0,2.279,0.000568,218900.0,2.0253,0.000381
20261005,6121,新普,423000.0,348000.0,291000.0,389000.0,307000.0,161000.0,336000.0,551000.0,420000.0,1747000.0,604000.0,498000.0,310000.0,250000.0,617000.0,375000.0,367000.0,665000.0,789000.0,267000.0,477000.0,353000.0,358000.0,389000.0,358000.0,499000.0,533000.0,487000.0,564000.0,737000.0,354000.0,39.8305,0.009218,351600.0,24.0614,0.006037,497300.0,8.5059,0.003199,483466.67,5.8329,0.002311,485750.0,4.3541,0.001807,482333.33,2.9233,0.001212
20261005,6122,擎邦,2892000.0,2127000.0,2098000.0,2280000.0,2299000.0,2682000.0,2160000.0,903000.0,410000.0,278000.0,299000.0,185000.0,248000.0,333000.0,256000.0,148000.0,312000.0,160000.0,326000.0,876000.0,2005000.0,137000.0,92000.0,108000.0,153000.0,207000.0,97000.0,264000.0,81000.0,135000.0,2372333.33,40.6351,0.063019,2339200.0,24.7264,0.041273,1812900.0,15.9523,0.021874,1296666.67,14.8689,0.015797,1063600.0,13.5953,0.012357,818366.67,11.7796,0.008286
20261005,6123,上奇,42000.0,32000.0,21000.0,87000.0,38000.0,34000.0,32000.0,29000.0,42000.0,13000.0,28000.0,20000.0,63000.0,24000.0,37000.0,23000.0,70000.0,20000.0,33000.0,23000.0,31000.0,30000.0,31000.0,10000.0,27000.0,49000.0,57000.0,18000.0,24000.0,36000.0,31666.67,44.2105,0.000915,44000.0,19.0909,0.000599,37000.0,11.3514,0.000318,36133.33,7.7491,0.000229,35550.0,5.9072,0.000179,34133.33,4.1016,0.00012
20261005,6124,業強,20000.0,25000.0,4000.0,12000.0,1000.0,17000.0,15000.0,15000.0,5000.0,5000.0,6000.0,5000.0,2000.0,3000.0,16000.0,5000.0,33000.0,4000.0,22000.0,25000.0,12000.0,14000.0,15000.0,24000.0,45000.0,22000.0,12000.0,12000.0,4000.0,4000.0,16333.33,40.8163,0.000436,12400.0,32.2581,0.000285,11900.0,16.8067,0.000151,10066.67,13.245,0.000109,12000.0,8.3333,8.5e-05,13466.67,4.9505,5.7e-05
20261005,6125,廣運,754000.0,943000.0,339000.0,480000.0,327000.0,288000.0,335000.0,502000.0,314000.0,503000.0,362000.0,374000.0,419000.0,421000.0,733000.0,522000.0,584000.0,576000.0,731000.0,1153000.0,3282000.0,1144000.0,628000.0,908000.0,873000.0,1224000.0,871000.0,1598000.0,2817000.0,7279000.0,678666.67,37.0334,0.01643,568600.0,26.5213,0.010761,478500.0,15.7576,0.005703,472933.33,10.6287,0.004119,533000.0,7.0732,0.003222,1042800.0,2.4102,0.00216
20261005,6126,信音,4561000.0,487000.0,187000.0,282000.0,193000.0,260000.0,289000.0,413000.0,638000.0,1216000.0,2196000.0,580000.0,294000.0,252000.0,241000.0,435000.0,340000.0,453000.0,426000.0,250000.0,595000.0,273000.0,365000.0,229000.0,378000.0,337000.0,200000.0,268000.0,234000.0,312000.0,1745000.0,87.1251,0.099389,1142000.0,79.8774,0.065091,852600.0,53.4952,0.034498,805933.33,37.7285,0.024914,699650.0,32.5949,0.019489,572800.0,26.5421,0.013067
20261005,6127,九豪,11098000.0,29437000.0,16443000.0,4064000.0,6392000.0,1309000.0,1215000.0,1794000.0,1670000.0,1299000.0,1615000.0,1640000.0,2057000.0,2074000.0,3997000.0,6237000.0,3552000.0,1832000.0,2483000.0,3088000.0,1821000.0,2198000.0,3928000.0,2977000.0,8176000.0,2292000.0,1852000.0,1101000.0,1132000.0,2100000.0,18992666.67,19.4777,0.241836,13486800.0,16.4576,0.158383,7472100.0,14.8526,0.083942,5740266.67,12.8891,0.060622,5164800.0,10.7439,0.047421,4362433.33,8.48,0.031796
20261005,6129,普誠,608000.0,500000.0,241000.0,393000.0,123000.0,281000.0,385000.0,466000.0,750000.0,331000.0,954000.0,854000.0,233000.0,638000.0,,,,,,,,549000.0,546000.0,752000.0,400000.0,517000.0,335000.0,759000.0,528000.0,225000.0,449666.67,45.0704,0.013249,373000.0,32.6005,0.008677,407800.0,14.9093,0.004599,482642.86,8.9981,0.003321,482642.86,8.9981,0.002598,494260.87,5.3483,0.001742
20261005,6130,上亞科技,581000.0,303000.0,15000.0,155000.0,79000.0,61000.0,52000.0,63000.0,65000.0,97000.0,28000.0,56000.0,499000.0,59000.0,89000.0,46000.0,76000.0,316000.0,62000.0,102000.0,89000.0,75000.0,69000.0,79000.0,161000.0,73000.0,138000.0,68000.0,95000.0,145000.0,299666.67,64.6274,0.012661,226600.0,51.2798,0.008292,147100.0,39.4969,0.004395,146800.0,26.3851,0.003174,140200.0,20.7204,0.002483,126533.33,15.3056,0.001665
20261005,6134,萬旭,1292000.0,149000.0,166000.0,168000.0,52000.0,85000.0,108000.0,280000.0,284000.0,45000.0,150000.0,228000.0,54000.0,79000.0,114000.0,101000.0,176000.0,193000.0,191000.0,246000.0,107000.0,102000.0,108000.0,237000.0,153000.0,152000.0,219000.0,85000.0,55000.0,39000.0,535666.67,80.3983,0.028154,365400.0,70.717,0.018439,262900.0,49.1442,0.009772,216933.33,39.705,0.007057,208050.0,31.0502,0.005521,180600.0,23.8464,0.003702
20261005,6138,茂達,1158000.0,719000.0,661000.0,319000.0,386000.0,232000.0,334000.0,459000.0,294000.0,534000.0,312000.0,221000.0,212000.0,302000.0,310000.0,288000.0,361000.0,920000.0,899000.0,215000.0,385000.0,464000.0,505000.0,595000.0,1319000.0,1087000.0,792000.0,553000.0,519000.0,750000.0,846000.0,45.6265,0.025234,648600.0,35.7077,0.016526,509600.0,22.7237,0.008759,430200.0,17.9451,0.006326,456800.0,12.6751,0.004948,536833.33,7.1903,0.003318
20261005,6140,訊達,210000.0,133000.0,212000.0,315000.0,332000.0,549000.0,681000.0,1674000.0,2616000.0,1190000.0,848000.0,1565000.0,326000.0,289000.0,113000.0,65000.0,42000.0,44000.0,40000.0,59000.0,45000.0,50000.0,26000.0,38000.0,54000.0,32000.0,62000.0,122000.0,138000.0,63000.0,185000.0,37.8378,0.004576,240400.0,17.4709,0.002997,791200.0,2.6542,0.001588,736866.67,1.8999,0.001147,565150.0,1.8579,0.000897,397766.67,1.7598,0.000602
20261005,6143,振曜,575000.0,173000.0,239000.0,179000.0,167000.0,135000.0,273000.0,233000.0,121000.0,202000.0,212000.0,336000.0,504000.0,211000.0,375000.0,399000.0,329000.0,539000.0,321000.0,340000.0,273000.0,244000.0,314000.0,195000.0,237000.0,293000.0,173000.0,151000.0,224000.0,198000.0,329000.0,58.2573,0.01253,266600.0,43.1358,0.008206,229700.0,25.0327,0.004349,262333.33,14.6125,0.003141,293150.0,9.8073,0.002457,272166.67,7.0423,0.001647
20261005,6144,得利影,55000.0,120000.0,12000.0,5000.0,7000.0,4000.0,5000.0,23000.0,28000.0,20000.0,5000.0,12000.0,13000.0,1000.0,10000.0,13000.0,6000.0,1000.0,3000.0,3000.0,14000.0,18000.0,5000.0,17000.0,5000.0,5000.0,11000.0,30000.0,49000.0,8000.0,62333.33,29.4118,0.001199,39800.0,27.6382,0.000785,27900.0,19.7133,0.000416,21333.33,17.1875,0.0003,17300.0,15.896,0.000235,16933.33,10.8268,0.000158
20261005,6146,耕興,133000.0,224000.0,211000.0,202000.0,152000.0,174000.0,241000.0,181000.0,126000.0,263000.0,360000.0,697000.0,211000.0,169000.0,195000.0,232000.0,187000.0,169000.0,207000.0,575000.0,388000.0,286000.0,163000.0,138000.0,156000.0,197000.0,193000.0,262000.0,233000.0,255000.0,189333.33,23.4155,0.002898,184400.0,14.4252,0.001898,190700.0,6.9743,0.001006,235933.33,3.7581,0.000727,245450.0,2.7093,0.000568,239333.33,1.8524,0.000381
20261005,6147,頎邦,33804000.0,28052000.0,48758000.0,20808000.0,20081000.0,15040000.0,39304000.0,53143000.0,40412000.0,72627000.0,70040000.0,64262000.0,63670000.0,41513000.0,24656000.0,56352000.0,47727000.0,49418000.0,47256000.0,62692000.0,63936000.0,15421000.0,22963000.0,20856000.0,52447000.0,70294000.0,29810000.0,14250000.0,14584000.0,14878000.0,36871333.33,30.5603,0.736622,30300600.0,22.3124,0.482427,37202900.0,9.0864,0.255683,42411333.33,5.3137,0.184653,44980750.0,3.7576,0.144441,40635133.33,2.773,0.096849
20261005,6148,驊宏資,1099000.0,1106000.0,1083000.0,1353000.0,1902000.0,6786000.0,1999000.0,2662000.0,14820000.0,9048000.0,5412000.0,21382000.0,4808000.0,1342000.0,1762000.0,56000.0,69000.0,69000.0,142000.0,163000.0,86000.0,35000.0,33000.0,40000.0,95000.0,117000.0,80000.0,78000.0,80000.0,78000.0,1096000.0,33.4246,0.023948,1308600.0,16.7966,0.015684,4185800.0,2.6255,0.008313,5104266.67,1.4354,0.006003,3853150.0,1.4261,0.004696,2592833.33,1.4129,0.003149
20261005,6150,撼訊,668000.0,1738000.0,3208000.0,340000.0,114000.0,69000.0,292000.0,175000.0,172000.0,160000.0,89000.0,75000.0,147000.0,218000.0,977000.0,308000.0,293000.0,145000.0,133000.0,167000.0,175000.0,390000.0,90000.0,85000.0,130000.0,86000.0,140000.0,297000.0,221000.0,70000.0,1871333.33,11.8988,0.014556,1213600.0,11.0086,0.009533,693600.0,9.6309,0.005053,562800.0,7.9128,0.003649,474400.0,7.0405,0.002854,372400.0,5.9792,0.001914
20261005,6151,晉倫,71000.0,78000.0,93000.0,117000.0,102000.0,78000.0,60000.0,123000.0,41000.0,131000.0,65000.0,170000.0,66000.0,89000.0,77000.0,60000.0,88000.0,149000.0,93000.0,65000.0,152000.0,129000.0,132000.0,94000.0,96000.0,76000.0,80000.0,57000.0,71000.0,140000.0,80666.67,29.3388,0.001547,92200.0,15.4013,0.001013,89400.0,7.9418,0.000537,90733.33,5.2168,0.000388,90800.0,3.9097,0.000303,94766.67,2.4974,0.000203
20261005,6154,順發,25000.0,20000.0,40000.0,33000.0,26000.0,42000.0,54000.0,40000.0,17000.0,10000.0,34000.0,21000.0,14000.0,23000.0,32000.0,15000.0,8000.0,19000.0,10000.0,6000.0,12000.0,20000.0,33000.0,8000.0,10000.0,61000.0,7000.0,4000.0,41000.0,19000.0,28333.33,29.4118,0.000545,28800.0,17.3611,0.000357,30700.0,8.1433,0.000189,28733.33,5.8005,0.000137,24450.0,5.1125,0.000107,23466.67,3.5511,7.2e-05
20261005,6156,松上,567000.0,700000.0,767000.0,741000.0,907000.0,196000.0,341000.0,341000.0,420000.0,390000.0,621000.0,328000.0,254000.0,422000.0,1452000.0,315000.0,316000.0,397000.0,200000.0,380000.0,453000.0,430000.0,436000.0,512000.0,514000.0,803000.0,377000.0,369000.0,314000.0,254000.0,678000.0,27.8761,0.012355,736400.0,15.3992,0.008092,537000.0,10.5587,0.004289,563133.33,6.7124,0.003097,502750.0,5.639,0.002423,483900.0,3.9058,0.001624
20261005,6158,禾昌,152000.0,447000.0,36000.0,88000.0,14000.0,26000.0,57000.0,19000.0,36000.0,52000.0,93000.0,43000.0,23000.0,44000.0,15000.0,3000.0,32000.0,31000.0,39000.0,43000.0,124000.0,217000.0,50000.0,37000.0,12000.0,38000.0,28000.0,13000.0,61000.0,17000.0,211666.67,23.937,0.003312,147400.0,20.6242,0.002169,92700.0,16.397,0.00115,76333.33,13.2751,0.00083,64650.0,11.7556,0.000649,63000.0,8.0423,0.000435
20261005,6160,欣技,29000.0,57000.0,44000.0,59000.0,39000.0,62000.0,36000.0,37000.0,96000.0,56000.0,37000.0,24000.0,50000.0,28000.0,36000.0,29000.0,24000.0,42000.0,24000.0,46000.0,70000.0,127000.0,47000.0,36000.0,81000.0,59000.0,71000.0,244000.0,868000.0,360000.0,43333.33,22.3077,0.000632,45600.0,12.7193,0.000414,51500.0,5.6311,0.000219,46000.0,4.2029,0.000158,42750.0,3.3918,0.000124,93933.33,1.0291,8.3e-05
20261005,6161,捷波,59000.0,65000.0,38000.0,203000.0,59000.0,44000.0,131000.0,26000.0,39000.0,85000.0,84000.0,46000.0,62000.0,51000.0,169000.0,478000.0,63000.0,91000.0,78000.0,96000.0,391000.0,26000.0,49000.0,76000.0,98000.0,111000.0,51000.0,113000.0,58000.0,64000.0,54000.0,36.4198,0.001286,84800.0,13.9151,0.000842,74900.0,7.8772,0.000446,77400.0,5.0818,0.000322,98350.0,2.9995,0.000252,100133.33,1.964,0.000169
20261005,6163,華電網,3909000.0,495000.0,676000.0,1247000.0,476000.0,757000.0,615000.0,459000.0,1203000.0,572000.0,785000.0,771000.0,1546000.0,343000.0,688000.0,196000.0,181000.0,343000.0,267000.0,317000.0,1138000.0,626000.0,440000.0,414000.0,382000.0,601000.0,354000.0,257000.0,314000.0,357000.0,1693333.33,76.9488,0.085181,1360600.0,57.4599,0.055786,1040900.0,37.554,0.029566,969466.67,26.8808,0.021353,792300.0,24.6687,0.016703,690966.67,18.8576,0.011199
20261005,6167,久正,311000.0,237000.0,182000.0,199000.0,175000.0,229000.0,153000.0,296000.0,164000.0,159000.0,194000.0,114000.0,140000.0,177000.0,346000.0,154000.0,76000.0,158000.0,193000.0,342000.0,329000.0,198000.0,505000.0,536000.0,405000.0,430000.0,144000.0,40000.0,135000.0,114000.0,243333.33,42.6027,0.006777,220800.0,28.1703,0.004438,210500.0,14.7743,0.002352,205066.67,10.1105,0.001699,199950.0,7.7769,0.001329,227833.33,4.5501,0.000891
20261005,6169,昱泉,,12000.0,8000.0,2000.0,10000.0,6000.0,5000.0,18000.0,6000.0,21000.0,4000.0,9000.0,2000.0,9000.0,17000.0,6000.0,,14000.0,6000.0,18000.0,10000.0,6000.0,13000.0,10000.0,3000.0,8000.0,6000.0,6000.0,5000.0,8000.0,10000.0,,,8000.0,,,9777.78,,,9214.29,,,9611.11,,,8857.14,,
20261005,6170,統振,146000.0,114000.0,161000.0,125000.0,195000.0,107000.0,117000.0,82000.0,119000.0,152000.0,148000.0,103000.0,88000.0,101000.0,94000.0,120000.0,468000.0,189000.0,63000.0,127000.0,180000.0,118000.0,158000.0,80000.0,169000.0,170000.0,199000.0,58000.0,115000.0,88000.0,140333.33,34.6793,0.003181,148200.0,19.7031,0.002084,131800.0,11.0774,0.001104,123466.67,7.8834,0.000798,140950.0,5.1791,0.000624,138466.67,3.5147,0.000418
20261005,6171,大城地產,121000.0,339000.0,435000.0,149000.0,90000.0,33000.0,53000.0,58000.0,39000.0,178000.0,69000.0,16000.0,5000.0,57000.0,52000.0,5000.0,45000.0,20000.0,56000.0,45000.0,54000.0,38000.0,35000.0,54000.0,54000.0,139000.0,156000.0,78000.0,44000.0,25000.0,298333.33,13.5196,0.002637,226800.0,10.6702,0.001727,149500.0,8.0936,0.000915,112933.33,7.1429,0.000661,93250.0,6.4879,0.000517,84733.33,4.76,0.000347
20261005,6173,信昌電,11506000.0,23916000.0,31024000.0,10697000.0,6830000.0,11387000.0,9998000.0,15447000.0,13283000.0,18216000.0,25894000.0,27771000.0,28887000.0,25410000.0,59199000.0,21350000.0,12343000.0,16950000.0,12170000.0,18224000.0,12412000.0,9462000.0,21704000.0,28268000.0,17292000.0,10757000.0,6116000.0,8336000.0,20134000.0,39655000.0,22148666.67,17.3163,0.250727,16794600.0,13.702,0.164206,15230400.0,7.5546,0.087028,21297666.67,3.6016,0.062851,20025100.0,2.8729,0.049164,19154600.0,2.0023,0.032965
20261005,6174,安碁,1302000.0,1557000.0,1588000.0,499000.0,1082000.0,529000.0,802000.0,300000.0,759000.0,360000.0,535000.0,1180000.0,586000.0,482000.0,327000.0,369000.0,666000.0,595000.0,691000.0,308000.0,723000.0,387000.0,726000.0,413000.0,667000.0,752000.0,799000.0,942000.0,3514000.0,1044000.0,1482333.33,29.2782,0.028372,1205600.0,21.5992,0.018581,877800.0,14.8325,0.009848,792533.33,10.9522,0.007112,725850.0,8.9688,0.005563,816133.33,5.3178,0.00373
20261005,6175,立敦,2757000.0,4673000.0,5454000.0,504000.0,249000.0,321000.0,474000.0,747000.0,919000.0,418000.0,303000.0,440000.0,337000.0,379000.0,499000.0,718000.0,429000.0,542000.0,765000.0,1248000.0,744000.0,827000.0,999000.0,1048000.0,2410000.0,1457000.0,677000.0,387000.0,471000.0,611000.0,4294666.67,21.3986,0.060078,2727400.0,20.2171,0.039346,1651600.0,16.6929,0.020853,1231600.0,14.9237,0.01506,1108800.0,12.4324,0.01178,1060233.33,8.6679,0.007899
20261005,6179,亞通,4000000.0,3032000.0,3424000.0,7509000.0,7209000.0,5996000.0,6245000.0,12486000.0,17762000.0,29422000.0,13501000.0,11799000.0,9417000.0,13147000.0,22023000.0,42706000.0,25818000.0,12134000.0,2952000.0,2697000.0,2419000.0,2031000.0,3869000.0,11056000.0,10885000.0,1248000.0,2643000.0,998000.0,1649000.0,850000.0,3485333.33,38.2555,0.087164,5034800.0,15.8894,0.057085,9708500.0,4.1201,0.030255,11131466.67,2.3956,0.02185,12663950.0,1.5793,0.017092,9697566.67,1.3749,0.01146
20261005,6180,橘子,215000.0,201000.0,348000.0,229000.0,231000.0,131000.0,193000.0,218000.0,262000.0,178000.0,132000.0,154000.0,130000.0,111000.0,153000.0,214000.0,251000.0,327000.0,558000.0,563000.0,201000.0,269000.0,480000.0,435000.0,382000.0,506000.0,446000.0,206000.0,157000.0,194000.0,254666.67,28.1414,0.004685,244800.0,17.5654,0.003068,220600.0,9.7461,0.001626,192400.0,7.4498,0.001174,239950.0,4.4801,0.000919,269166.67,2.6625,0.000616
20261005,6182,合晶,90831000.0,140842000.0,179477000.0,155900000.0,66064000.0,92271000.0,116114000.0,100848000.0,45511000.0,64336000.0,58463000.0,44614000.0,40338000.0,17900000.0,21136000.0,15488000.0,19606000.0,57957000.0,40054000.0,36225000.0,47543000.0,67164000.0,72007000.0,28469000.0,67776000.0,40964000.0,39884000.0,107775000.0,38486000.0,56477000.0,137050000.0,22.0919,1.979295,126622800.0,14.3467,1.296276,105219400.0,8.6325,0.687018,82309666.67,7.3569,0.49616,70198750.0,6.4696,0.388111,65684000.0,4.6095,0.260232
20261005,6185,幃翔,166000.0,145000.0,154000.0,101000.0,108000.0,118000.0,300000.0,191000.0,109000.0,46000.0,88000.0,309000.0,328000.0,448000.0,349000.0,118000.0,234000.0,116000.0,73000.0,139000.0,80000.0,197000.0,199000.0,325000.0,185000.0,499000.0,345000.0,217000.0,765000.0,353000.0,155000.0,35.6989,0.003617,134800.0,24.6291,0.002369,143800.0,11.5438,0.001256,197333.33,5.6081,0.000907,182000.0,4.5604,0.000709,226833.33,2.4394,0.000476
20261005,6186,新潤,499000.0,378000.0,169000.0,282000.0,344000.0,554000.0,1023000.0,568000.0,1033000.0,3180000.0,325000.0,171000.0,747000.0,366000.0,476000.0,522000.0,622000.0,649000.0,930000.0,1453000.0,484000.0,299000.0,872000.0,798000.0,538000.0,616000.0,734000.0,518000.0,499000.0,779000.0,348666.67,47.7055,0.010874,334400.0,29.8445,0.007121,803000.0,6.2142,0.003774,674333.33,4.9333,0.002726,714550.0,3.4917,0.002132,680933.33,2.4427,0.00143
20261005,6187,萬潤,4544000.0,2272000.0,1612000.0,4915000.0,3324000.0,1008000.0,1386000.0,1303000.0,1457000.0,982000.0,1169000.0,993000.0,1084000.0,1907000.0,1567000.0,1829000.0,2844000.0,3519000.0,2297000.0,1920000.0,2927000.0,1902000.0,3103000.0,2698000.0,5986000.0,4797000.0,2614000.0,1487000.0,4413000.0,3110000.0,2809333.33,53.9155,0.099018,3333400.0,27.2635,0.064849,2280300.0,19.9272,0.034369,1968200.0,15.3914,0.024821,2096600.0,10.8366,0.019416,2498966.67,6.0612,0.013019
20261005,6188,廣明,930000.0,473000.0,331000.0,657000.0,471000.0,313000.0,442000.0,516000.0,464000.0,678000.0,536000.0,693000.0,448000.0,591000.0,550000.0,482000.0,652000.0,1117000.0,653000.0,331000.0,1704000.0,460000.0,359000.0,774000.0,400000.0,888000.0,402000.0,447000.0,583000.0,407000.0,578000.0,53.6332,0.020266,572400.0,32.4948,0.013272,527500.0,17.6303,0.007034,539533.33,11.4914,0.00508,566400.0,8.2097,0.003974,591733.33,5.2388,0.002664
20261005,6190,萬泰科,8794000.0,1189000.0,1537000.0,1946000.0,1026000.0,1013000.0,1161000.0,2144000.0,3659000.0,2828000.0,3941000.0,2315000.0,599000.0,932000.0,1040000.0,1994000.0,1716000.0,867000.0,1331000.0,2388000.0,2067000.0,4737000.0,2927000.0,1702000.0,2870000.0,2243000.0,2995000.0,1339000.0,1113000.0,953000.0,3840000.0,76.3368,0.19163,2898400.0,60.6818,0.125502,2529700.0,34.763,0.066515,2274933.33,25.7707,0.048037,2121000.0,20.7308,0.037576,2178866.67,13.4535,0.025195
20261005,6194,育富,8000.0,29000.0,27000.0,42000.0,159000.0,60000.0,42000.0,15000.0,43000.0,40000.0,55000.0,60000.0,72000.0,16000.0,15000.0,23000.0,28000.0,22000.0,16000.0,34000.0,77000.0,18000.0,23000.0,31000.0,18000.0,15000.0,42000.0,21000.0,13000.0,9000.0,21333.33,12.5,0.000174,53000.0,3.0189,0.000114,46500.0,1.7204,6.1e-05,45533.33,1.1713,4.4e-05,40300.0,0.9926,3.4e-05,35766.67,0.7456,2.3e-05
20261005,6195,詩肯,8000.0,52000.0,8000.0,9000.0,20000.0,14000.0,11000.0,45000.0,17000.0,5000.0,2000.0,93000.0,9000.0,20000.0,,20000.0,34000.0,23000.0,16000.0,43000.0,13000.0,12000.0,10000.0,8000.0,5000.0,2000.0,16000.0,13000.0,8000.0,9000.0,22666.67,11.7647,0.000174,19400.0,8.2474,0.000114,18900.0,4.2328,6.1e-05,22357.14,2.5559,4.4e-05,23631.58,1.7817,3.4e-05,18793.1,1.4679,2.3e-05
20261005,6198,瑞築,6000.0,1000.0,,1000.0,,3000.0,3000.0,4000.0,,,,6000.0,,3000.0,5000.0,11000.0,,9000.0,2000.0,6000.0,2000.0,46000.0,6000.0,,9000.0,2000.0,3000.0,54000.0,169000.0,14000.0,3500.0,85.7143,0.000131,2666.67,75.0,8.6e-05,3000.0,33.3333,4.5e-05,3555.56,18.75,3.3e-05,4615.38,10.0,2.6e-05,16590.91,1.6438,1.7e-05
20261005,6199,天品,7650000.0,5822000.0,6604000.0,6632000.0,7887000.0,5871000.0,5040000.0,7291000.0,8092000.0,4218000.0,3489000.0,3767000.0,3079000.0,3116000.0,3134000.0,2128000.0,1367000.0,1234000.0,1582000.0,2686000.0,2043000.0,673000.0,717000.0,412000.0,591000.0,302000.0,1514000.0,700000.0,723000.0,329000.0,6692000.0,38.1052,0.166701,6919000.0,22.113,0.109175,6510700.0,11.7499,0.057862,5446133.33,9.3644,0.041788,4534450.0,8.4354,0.032688,3289766.67,7.7513,0.021917
20261005,6203,海韻電,37000.0,30000.0,54000.0,87000.0,58000.0,22000.0,31000.0,54000.0,34000.0,64000.0,46000.0,45000.0,39000.0,53000.0,65000.0,44000.0,72000.0,31000.0,32000.0,22000.0,43000.0,116000.0,53000.0,60000.0,42000.0,95000.0,40000.0,73000.0,53000.0,50000.0,40333.33,30.5785,0.000806,53200.0,13.9098,0.000528,47100.0,7.8556,0.00028,47933.33,5.146,0.000202,46000.0,4.0217,0.000158,51500.0,2.3948,0.000106
20261005,6204,艾華,1185000.0,816000.0,517000.0,345000.0,626000.0,535000.0,361000.0,767000.0,1699000.0,967000.0,638000.0,186000.0,209000.0,214000.0,157000.0,144000.0,77000.0,121000.0,391000.0,328000.0,318000.0,284000.0,383000.0,224000.0,871000.0,393000.0,100000.0,261000.0,255000.0,322000.0,839333.33,47.0612,0.025822,697800.0,33.9639,0.016911,781800.0,15.1573,0.008963,614800.0,12.8497,0.006473,514150.0,11.5239,0.005063,456466.67,8.6534,0.003395
20261005,6207,雷科,17386000.0,25640000.0,37791000.0,20628000.0,23009000.0,11895000.0,2616000.0,5247000.0,8184000.0,5379000.0,7389000.0,4707000.0,1889000.0,2739000.0,4776000.0,3684000.0,8894000.0,18309000.0,5705000.0,9486000.0,8742000.0,4660000.0,2857000.0,2519000.0,5913000.0,7299000.0,3176000.0,1370000.0,4697000.0,1415000.0,26939000.0,21.5128,0.378858,24890800.0,13.9698,0.248121,15777500.0,11.0195,0.131502,11951666.67,9.698,0.09497,11267650.0,7.715,0.074288,8933366.67,6.4873,0.049811
20261005,6208,日揚,229000.0,349000.0,464000.0,111000.0,99000.0,57000.0,122000.0,136000.0,163000.0,120000.0,210000.0,101000.0,111000.0,141000.0,117000.0,148000.0,232000.0,202000.0,156000.0,469000.0,758000.0,190000.0,182000.0,156000.0,212000.0,154000.0,146000.0,108000.0,201000.0,260000.0,347333.33,21.977,0.00499,250400.0,18.2907,0.003268,185000.0,12.3784,0.001732,168666.67,9.0514,0.001251,186850.0,6.1279,0.000978,203466.67,3.7516,0.000656
20261005,6210,慶生,27000.0,12000.0,12000.0,21000.0,9000.0,21000.0,8000.0,9000.0,13000.0,13000.0,9000.0,12000.0,9000.0,37000.0,1000.0,17000.0,6000.0,,1000.0,5000.0,6000.0,6000.0,,13000.0,1000.0,9000.0,9000.0,11000.0,6000.0,2000.0,17000.0,52.9412,0.000588,16200.0,33.3333,0.000385,14500.0,18.6207,0.000204,14200.0,12.6761,0.000147,12736.84,11.157,0.000115,10892.86,8.8525,7.7e-05
20261005,6212,理銘,1000.0,2000.0,1000.0,,4000.0,1000.0,3000.0,1000.0,,6000.0,9000.0,,1000.0,1000.0,,,4000.0,4000.0,6000.0,3000.0,1000.0,,,1000.0,3000.0,2000.0,1000.0,,5000.0,1000.0,1333.33,25.0,2.2e-05,2000.0,12.5,1.4e-05,2375.0,5.2632,8e-06,2727.27,3.3333,5e-06,3133.33,2.1277,4e-06,2772.73,1.6393,3e-06
20261005,6217,中探針,2804000.0,4219000.0,2598000.0,3088000.0,1717000.0,1405000.0,1840000.0,3333000.0,5429000.0,5100000.0,2832000.0,2397000.0,2896000.0,1854000.0,2425000.0,2330000.0,2584000.0,3243000.0,5502000.0,8467000.0,12982000.0,16579000.0,6084000.0,3232000.0,9589000.0,4422000.0,3131000.0,1610000.0,1277000.0,1778000.0,3207000.0,29.1446,0.061102,2885200.0,19.4371,0.040017,3153300.0,8.8923,0.021209,2929133.33,6.3819,0.015317,3303150.0,4.2444,0.011981,4224900.0,2.2123,0.008034
20261005,6218,豪勉,2049000.0,1546000.0,1131000.0,1257000.0,1423000.0,1890000.0,2948000.0,12600000.0,1918000.0,15230000.0,24524000.0,15166000.0,3677000.0,1385000.0,1132000.0,1886000.0,4880000.0,7269000.0,2921000.0,1295000.0,1753000.0,4209000.0,1303000.0,1396000.0,2404000.0,1210000.0,2451000.0,1484000.0,537000.0,548000.0,1575333.33,43.3559,0.04465,1481200.0,27.6668,0.029242,4199200.0,4.8795,0.015498,5858400.0,2.3317,0.011193,5306350.0,1.9307,0.008755,4114066.67,1.6602,0.00587
20261005,6219,富旺,52000.0,88000.0,122000.0,82000.0,80000.0,22000.0,107000.0,83000.0,33000.0,71000.0,44000.0,56000.0,25000.0,55000.0,120000.0,31000.0,93000.0,41000.0,24000.0,268000.0,135000.0,39000.0,29000.0,31000.0,104000.0,45000.0,51000.0,96000.0,62000.0,82000.0,87333.33,19.8473,0.001133,84800.0,12.2642,0.000742,74000.0,7.027,0.000393,69333.33,5.0,0.000284,74850.0,3.4736,0.000222,72366.67,2.3952,0.000149
20261005,6220,岳豐,203000.0,163000.0,92000.0,71000.0,120000.0,48000.0,52000.0,154000.0,239000.0,173000.0,145000.0,157000.0,97000.0,46000.0,118000.0,48000.0,49000.0,127000.0,116000.0,236000.0,177000.0,91000.0,226000.0,88000.0,259000.0,444000.0,192000.0,154000.0,124000.0,90000.0,152666.67,44.3231,0.004424,129800.0,31.2789,0.002897,131500.0,15.4373,0.001535,125200.0,10.8094,0.001109,122700.0,8.2722,0.000867,143300.0,4.722,0.000582
20261005,6221,晉泰,1038000.0,923000.0,1561000.0,2236000.0,1142000.0,821000.0,1173000.0,964000.0,3378000.0,1619000.0,1907000.0,7504000.0,1047000.0,308000.0,380000.0,37000.0,72000.0,52000.0,104000.0,80000.0,89000.0,41000.0,121000.0,66000.0,72000.0,113000.0,154000.0,84000.0,82000.0,217000.0,1174000.0,29.4719,0.022619,1380000.0,15.0435,0.014814,1485500.0,6.9875,0.007851,1733400.0,3.9922,0.00567,1317300.0,3.9399,0.004435,912833.33,3.7904,0.002974
20261005,6222,立軒,9000.0,2000.0,,6000.0,1000.0,6000.0,55000.0,43000.0,40000.0,25000.0,12000.0,21000.0,17000.0,5000.0,37000.0,12000.0,6000.0,1000.0,5000.0,15000.0,2000.0,12000.0,19000.0,6000.0,4000.0,17000.0,47000.0,1000.0,19000.0,11000.0,5500.0,81.8182,0.000196,4500.0,50.0,0.000128,20777.78,4.8128,6.8e-05,19928.57,3.2258,4.9e-05,16736.84,2.8302,3.8e-05,15724.14,1.9737,2.6e-05
20261005,6223,旺矽,769000.0,1000000.0,924000.0,897000.0,974000.0,487000.0,949000.0,2040000.0,1007000.0,741000.0,747000.0,397000.0,612000.0,522000.0,682000.0,473000.0,1459000.0,1687000.0,1048000.0,508000.0,1380000.0,911000.0,1474000.0,1134000.0,1610000.0,2355000.0,1549000.0,482000.0,778000.0,883000.0,897666.67,28.5555,0.016757,912800.0,16.8493,0.010975,978800.0,7.8566,0.005816,849866.67,6.0323,0.004201,896150.0,4.2906,0.003286,1015966.67,2.523,0.002203
20261005,6227,茂綸,2902000.0,1486000.0,1104000.0,918000.0,726000.0,874000.0,781000.0,2094000.0,980000.0,2255000.0,4827000.0,1721000.0,2649000.0,4881000.0,4135000.0,322000.0,406000.0,161000.0,371000.0,242000.0,374000.0,487000.0,419000.0,718000.0,2436000.0,1880000.0,473000.0,244000.0,170000.0,266000.0,1830666.67,52.8405,0.063237,1427200.0,40.667,0.041415,1412000.0,20.5524,0.02195,2155533.33,8.9754,0.015852,1691750.0,8.5769,0.0124,1376733.33,7.0263,0.008314
20261005,6228,全譜,10000.0,14000.0,9000.0,28000.0,57000.0,19000.0,8000.0,,4000.0,5000.0,,1000.0,,,,,,,,,,,,,,3000.0,2000.0,4000.0,19000.0,1000.0,11000.0,30.303,0.000218,23600.0,8.4746,0.000143,17111.11,6.4935,7.6e-05,15500.0,6.4516,5.5e-05,15500.0,6.4516,4.3e-05,12266.67,5.4348,2.9e-05
20261005,6229,研通,55000.0,80000.0,77000.0,128000.0,192000.0,69000.0,30000.0,23000.0,58000.0,28000.0,26000.0,34000.0,24000.0,7000.0,54000.0,29000.0,29000.0,13000.0,91000.0,29000.0,38000.0,36000.0,34000.0,18000.0,96000.0,25000.0,41000.0,40000.0,47000.0,35000.0,70666.67,25.9434,0.001199,106400.0,10.3383,0.000785,74000.0,7.4324,0.000416,59000.0,6.2147,0.0003,53800.0,5.1115,0.000235,49533.33,3.7012,0.000158
20261005,6231,系微,356000.0,380000.0,181000.0,407000.0,598000.0,611000.0,141000.0,295000.0,282000.0,383000.0,275000.0,224000.0,268000.0,379000.0,438000.0,415000.0,1054000.0,694000.0,106000.0,105000.0,151000.0,156000.0,140000.0,172000.0,230000.0,123000.0,160000.0,173000.0,105000.0,140000.0,305666.67,38.8222,0.007758,384400.0,18.5224,0.005081,363400.0,9.7964,0.002693,347866.67,6.8225,0.001945,379600.0,4.6891,0.001521,304733.33,3.8941,0.00102
20261005,6233,旺玖,233000.0,268000.0,509000.0,311000.0,113000.0,78000.0,81000.0,100000.0,175000.0,90000.0,103000.0,73000.0,76000.0,57000.0,70000.0,138000.0,54000.0,205000.0,76000.0,92000.0,119000.0,67000.0,98000.0,222000.0,95000.0,164000.0,158000.0,140000.0,120000.0,53000.0,336666.67,23.0693,0.005077,286800.0,16.2483,0.003325,195800.0,11.8999,0.001762,155800.0,9.97,0.001273,145100.0,8.0289,0.000996,137933.33,5.6307,0.000668
20261005,6234,高僑,728000.0,964000.0,1196000.0,1409000.0,1012000.0,640000.0,1321000.0,2471000.0,3330000.0,1245000.0,141000.0,188000.0,138000.0,212000.0,398000.0,210000.0,355000.0,347000.0,398000.0,291000.0,177000.0,132000.0,264000.0,164000.0,373000.0,280000.0,310000.0,116000.0,214000.0,156000.0,962666.67,25.2078,0.015864,1061800.0,13.7126,0.01039,1431600.0,5.0852,0.005506,1026200.0,4.7294,0.003977,849700.0,4.2839,0.003111,639333.33,3.7956,0.002086
20261005,6236,中湛,,6000.0,2000.0,2000.0,1000.0,1000.0,2000.0,7000.0,11000.0,7000.0,,,,,,,,,,,,,2000.0,,,15000.0,4000.0,,2000.0,,4000.0,,,2750.0,,,4333.33,,,4333.33,,,4333.33,,,4769.23,,
20261005,6237,驊訊,293000.0,253000.0,762000.0,240000.0,412000.0,2441000.0,972000.0,116000.0,180000.0,183000.0,172000.0,126000.0,77000.0,76000.0,95000.0,130000.0,110000.0,285000.0,126000.0,177000.0,393000.0,688000.0,125000.0,109000.0,176000.0,174000.0,130000.0,85000.0,89000.0,87000.0,436000.0,22.4006,0.006385,392000.0,14.949,0.004181,585200.0,5.0068,0.002216,426533.33,4.5796,0.001601,361300.0,4.0548,0.001252,309400.0,3.1566,0.000839
20261005,6240,松崗,34000.0,47000.0,23000.0,33000.0,26000.0,66000.0,96000.0,39000.0,110000.0,71000.0,195000.0,174000.0,165000.0,61000.0,15000.0,32000.0,49000.0,41000.0,248000.0,533000.0,322000.0,136000.0,337000.0,115000.0,35000.0,16000.0,128000.0,85000.0,22000.0,75000.0,34666.67,32.6923,0.000741,32600.0,20.8589,0.000485,54500.0,6.2385,0.000257,77000.0,2.9437,0.000186,102900.0,1.6521,0.000145,110966.67,1.0213,9.7e-05
20261005,6241,鑫永洋,77000.0,96000.0,35000.0,121000.0,56000.0,85000.0,236000.0,191000.0,30000.0,179000.0,23000.0,15000.0,30000.0,38000.0,155000.0,43000.0,21000.0,117000.0,128000.0,44000.0,71000.0,25000.0,83000.0,149000.0,172000.0,163000.0,82000.0,,,,69333.33,37.0192,0.001678,77000.0,20.0,0.001099,110600.0,6.962,0.000582,91133.33,5.6328,0.000421,86000.0,4.4767,0.000329,91296.3,3.1237,0.000221
20261005,6242,立康,1000.0,5000.0,,6000.0,1000.0,5000.0,1000.0,,4000.0,5000.0,4000.0,4000.0,9000.0,1000.0,1000.0,11000.0,2000.0,3000.0,3000.0,1000.0,3000.0,4000.0,2000.0,,7000.0,,,2000.0,2000.0,1000.0,3000.0,16.6667,2.2e-05,3250.0,7.6923,1.4e-05,3500.0,3.5714,8e-06,3615.38,2.1277,5e-06,3722.22,1.4925,4e-06,3520.0,1.1364,3e-06
20261005,6244,茂迪,3800000.0,2670000.0,4415000.0,10277000.0,1818000.0,3838000.0,2541000.0,4686000.0,10891000.0,3077000.0,1131000.0,968000.0,1009000.0,1085000.0,1065000.0,860000.0,1150000.0,1607000.0,1040000.0,1452000.0,1778000.0,2181000.0,1377000.0,1439000.0,2017000.0,2229000.0,2145000.0,2100000.0,1332000.0,1129000.0,3628333.33,34.9104,0.082806,4596000.0,16.5361,0.054231,4801300.0,7.9145,0.028742,3551400.0,7.1333,0.020757,2969000.0,6.3995,0.016237,2570233.33,4.9282,0.010887
20261005,6245,立端,797000.0,351000.0,433000.0,975000.0,1214000.0,481000.0,504000.0,1109000.0,2257000.0,702000.0,946000.0,792000.0,2029000.0,3240000.0,764000.0,783000.0,661000.0,614000.0,394000.0,392000.0,863000.0,361000.0,592000.0,949000.0,587000.0,437000.0,445000.0,260000.0,415000.0,387000.0,527000.0,50.4111,0.017367,754000.0,21.1406,0.011374,882300.0,9.0332,0.006028,1106266.67,4.8029,0.004354,971900.0,4.1002,0.003405,824466.67,3.2223,0.002283
20261005,6246,臺龍,1000.0,20000.0,13000.0,26000.0,12000.0,6000.0,2000.0,13000.0,15000.0,3000.0,15000.0,27000.0,1000.0,7000.0,12000.0,9000.0,11000.0,130000.0,23000.0,20000.0,130000.0,305000.0,31000.0,8000.0,18000.0,21000.0,9000.0,9000.0,12000.0,11000.0,11333.33,2.9412,2.2e-05,14400.0,1.3889,1.4e-05,11100.0,0.9009,8e-06,11533.33,0.578,5e-06,18300.0,0.2732,4e-06,30666.67,0.1087,3e-06
20261005,6248,沛波,62000.0,87000.0,74000.0,82000.0,47000.0,34000.0,66000.0,22000.0,64000.0,37000.0,77000.0,79000.0,29000.0,49000.0,140000.0,33000.0,117000.0,36000.0,39000.0,58000.0,211000.0,57000.0,30000.0,33000.0,47000.0,76000.0,68000.0,216000.0,120000.0,101000.0,74333.33,27.8027,0.001351,70400.0,17.6136,0.000885,57500.0,10.7826,0.000469,63266.67,6.5332,0.000339,61600.0,5.0325,0.000265,73033.33,2.8298,0.000178
20261005,6259,百徽,506000.0,616000.0,815000.0,182000.0,73000.0,49000.0,97000.0,130000.0,215000.0,357000.0,98000.0,102000.0,87000.0,167000.0,148000.0,180000.0,171000.0,167000.0,179000.0,411000.0,349000.0,221000.0,425000.0,412000.0,935000.0,204000.0,235000.0,427000.0,397000.0,460000.0,645666.67,26.1229,0.011026,438400.0,23.0839,0.007221,304000.0,16.6447,0.003827,242800.0,13.8935,0.002764,237500.0,10.6526,0.002162,293833.33,5.7402,0.00145
20261005,6261,久元,424000.0,296000.0,352000.0,356000.0,235000.0,386000.0,447000.0,641000.0,611000.0,750000.0,639000.0,512000.0,386000.0,289000.0,429000.0,595000.0,322000.0,381000.0,399000.0,521000.0,439000.0,569000.0,662000.0,303000.0,250000.0,643000.0,1154000.0,795000.0,219000.0,254000.0,357333.33,39.5522,0.009239,332600.0,25.4961,0.006051,449800.0,9.4264,0.003207,450200.0,6.2787,0.002316,448550.0,4.7263,0.001812,475300.0,2.9736,0.001215
20261005,6263,普萊德,156000.0,591000.0,157000.0,87000.0,58000.0,43000.0,47000.0,64000.0,80000.0,116000.0,40000.0,41000.0,47000.0,37000.0,101000.0,61000.0,186000.0,368000.0,195000.0,130000.0,250000.0,488000.0,111000.0,78000.0,80000.0,94000.0,129000.0,65000.0,73000.0,85000.0,301333.33,17.2566,0.003399,209800.0,14.8713,0.002226,139900.0,11.1508,0.00118,111000.0,9.3694,0.000852,130250.0,5.9885,0.000667,135266.67,3.8443,0.000447
20261005,6264,富裔,24000.0,20000.0,12000.0,35000.0,81000.0,41000.0,62000.0,25000.0,41000.0,92000.0,43000.0,104000.0,77000.0,74000.0,40000.0,9000.0,37000.0,11000.0,35000.0,27000.0,5000.0,29000.0,17000.0,6000.0,66000.0,31000.0,11000.0,5000.0,22000.0,15000.0,18666.67,42.8571,0.000523,34400.0,13.9535,0.000343,43300.0,5.5427,0.000182,51400.0,3.1128,0.000131,44500.0,2.6966,0.000103,36566.67,2.1878,6.9e-05
20261005,6265,方土昶,1977000.0,2539000.0,3039000.0,898000.0,829000.0,964000.0,1088000.0,1559000.0,1132000.0,1073000.0,1168000.0,1127000.0,1869000.0,2064000.0,6679000.0,2154000.0,1970000.0,2086000.0,2581000.0,2738000.0,2914000.0,1786000.0,3002000.0,2942000.0,3339000.0,3862000.0,4980000.0,10750000.0,6913000.0,11477000.0,2518333.33,26.1681,0.043081,1856400.0,21.2993,0.028214,1509800.0,13.0944,0.014953,1867000.0,7.0595,0.010799,1976700.0,5.0008,0.008448,3049966.67,2.1607,0.005664
20261005,6266,泰詠,2036000.0,2875000.0,71000.0,151000.0,60000.0,68000.0,86000.0,86000.0,118000.0,77000.0,88000.0,94000.0,80000.0,77000.0,67000.0,68000.0,272000.0,98000.0,59000.0,146000.0,97000.0,94000.0,118000.0,80000.0,122000.0,66000.0,133000.0,71000.0,73000.0,67000.0,1660666.67,40.8671,0.044366,1038600.0,39.2066,0.029056,562800.0,36.1763,0.0154,402266.67,33.7421,0.011122,333850.0,30.4927,0.0087,253266.67,26.7965,0.005833
20261005,6270,倍微,315000.0,429000.0,336000.0,164000.0,420000.0,167000.0,89000.0,191000.0,227000.0,250000.0,82000.0,69000.0,72000.0,113000.0,150000.0,93000.0,167000.0,219000.0,91000.0,84000.0,240000.0,129000.0,226000.0,122000.0,160000.0,109000.0,92000.0,118000.0,152000.0,155000.0,360000.0,29.1667,0.006864,332800.0,18.9303,0.004495,258800.0,12.1716,0.002383,204933.33,10.2472,0.001721,186400.0,8.4496,0.001346,174366.67,6.0218,0.000902
20261005,6274,台燿,11297000.0,11778000.0,4463000.0,5953000.0,5641000.0,10047000.0,6542000.0,11341000.0,11213000.0,9241000.0,21653000.0,6899000.0,6447000.0,7142000.0,4431000.0,4654000.0,8129000.0,4724000.0,5580000.0,5598000.0,4441000.0,3289000.0,4590000.0,7008000.0,4976000.0,8281000.0,5584000.0,3557000.0,5278000.0,4500000.0,9179333.33,41.0233,0.246172,7826400.0,28.869,0.161223,8751600.0,12.9085,0.085447,8939200.0,8.4251,0.061709,8138650.0,6.9403,0.048271,7142566.67,5.2721,0.032366
20261005,6275,元山,182000.0,321000.0,226000.0,216000.0,251000.0,75000.0,119000.0,139000.0,170000.0,128000.0,124000.0,77000.0,94000.0,108000.0,102000.0,83000.0,126000.0,193000.0,507000.0,1507000.0,155000.0,140000.0,193000.0,450000.0,276000.0,1118000.0,93000.0,353000.0,134000.0,240000.0,243000.0,24.9657,0.003966,239200.0,15.2174,0.002597,182700.0,9.9617,0.001377,155466.67,7.8045,0.000994,237400.0,3.8332,0.000778,263333.33,2.3038,0.000521
20261005,6276,安鈦克,20000.0,,10000.0,10000.0,49000.0,27000.0,17000.0,15000.0,3000.0,14000.0,11000.0,16000.0,7000.0,16000.0,15000.0,79000.0,38000.0,21000.0,29000.0,17000.0,13000.0,30000.0,27000.0,18000.0,31000.0,28000.0,24000.0,21000.0,28000.0,22000.0,15000.0,66.6667,0.000436,22250.0,22.4719,0.000285,18333.33,12.1212,0.000151,16428.57,8.6957,0.000109,21789.47,4.8309,8.5e-05,22620.69,3.0488,5.7e-05
20261005,6279,胡連,405000.0,748000.0,199000.0,328000.0,213000.0,204000.0,146000.0,369000.0,382000.0,481000.0,273000.0,184000.0,233000.0,232000.0,397000.0,353000.0,357000.0,342000.0,1006000.0,460000.0,1274000.0,836000.0,654000.0,490000.0,508000.0,425000.0,332000.0,267000.0,381000.0,312000.0,450666.67,29.9556,0.008825,378600.0,21.3946,0.00578,347500.0,11.6547,0.003063,319600.0,8.4481,0.002212,365600.0,5.5388,0.001731,426366.67,3.1663,0.00116
20261005,6284,佳邦,3395000.0,2240000.0,3157000.0,1449000.0,730000.0,380000.0,387000.0,404000.0,484000.0,317000.0,426000.0,373000.0,564000.0,713000.0,992000.0,1294000.0,440000.0,638000.0,1109000.0,1053000.0,1257000.0,869000.0,2465000.0,1396000.0,3227000.0,633000.0,944000.0,559000.0,476000.0,735000.0,2930666.67,38.6146,0.07398,2194200.0,30.9452,0.048451,1294300.0,26.2304,0.025679,1067400.0,21.2042,0.018545,1027250.0,16.5247,0.014506,1103533.33,10.2549,0.009727
20261005,6290,良維,2979000.0,1720000.0,1763000.0,3313000.0,1622000.0,1970000.0,2229000.0,4359000.0,3117000.0,9008000.0,4382000.0,2852000.0,1629000.0,1464000.0,4913000.0,2807000.0,5089000.0,2209000.0,6022000.0,5921000.0,2604000.0,2401000.0,5294000.0,5374000.0,4794000.0,6949000.0,6158000.0,8522000.0,1126000.0,4037000.0,2154000.0,46.1003,0.064915,2279400.0,26.1385,0.042514,3208000.0,9.2862,0.022532,3154666.67,6.2954,0.016273,3468400.0,4.2945,0.012729,3887566.67,2.5543,0.008535
20261005,6291,沛亨,668000.0,731000.0,552000.0,897000.0,714000.0,772000.0,887000.0,1455000.0,1156000.0,2372000.0,4828000.0,1669000.0,883000.0,2127000.0,1429000.0,2499000.0,2575000.0,2739000.0,1166000.0,2689000.0,4296000.0,2114000.0,759000.0,530000.0,1329000.0,1319000.0,962000.0,482000.0,443000.0,294000.0,650333.33,34.2389,0.014556,712400.0,18.7535,0.009533,1020400.0,6.5465,0.005053,1409333.33,3.1599,0.003649,1640400.0,2.0361,0.002854,1511200.0,1.4734,0.001914
20261005,6292,迅德,875000.0,1056000.0,345000.0,171000.0,172000.0,168000.0,187000.0,356000.0,417000.0,349000.0,421000.0,130000.0,314000.0,766000.0,461000.0,423000.0,405000.0,665000.0,762000.0,144000.0,98000.0,107000.0,128000.0,106000.0,189000.0,89000.0,414000.0,94000.0,107000.0,127000.0,758666.67,38.4446,0.019067,523800.0,33.4097,0.012487,409600.0,21.3623,0.006618,412533.33,14.1403,0.00478,429350.0,10.1898,0.003739,334866.67,8.7099,0.002507
20261005,6294,智基,23000.0,8000.0,5000.0,27000.0,9000.0,9000.0,5000.0,3000.0,8000.0,5000.0,12000.0,5000.0,1000.0,6000.0,16000.0,8000.0,11000.0,1000.0,11000.0,4000.0,19000.0,21000.0,13000.0,2000.0,11000.0,6000.0,16000.0,4000.0,6000.0,16000.0,12000.0,63.8889,0.000501,14400.0,31.9444,0.000328,10200.0,22.549,0.000174,9466.67,16.1972,0.000126,8850.0,12.9944,9.8e-05,9700.0,7.9038,6.6e-05
20261005,6411,晶焱,278000.0,342000.0,153000.0,191000.0,170000.0,64000.0,163000.0,190000.0,198000.0,175000.0,233000.0,92000.0,156000.0,154000.0,162000.0,159000.0,136000.0,178000.0,110000.0,240000.0,320000.0,429000.0,169000.0,211000.0,281000.0,231000.0,378000.0,189000.0,160000.0,229000.0,257666.67,35.9638,0.006058,226800.0,24.515,0.003967,192400.0,14.4491,0.002103,181400.0,10.2168,0.001519,177200.0,7.8442,0.001188,204700.0,4.527,0.000796
20261005,6417,韋僑,125000.0,84000.0,73000.0,68000.0,25000.0,129000.0,30000.0,73000.0,37000.0,43000.0,216000.0,844000.0,75000.0,15000.0,37000.0,34000.0,33000.0,76000.0,30000.0,37000.0,67000.0,26000.0,48000.0,34000.0,31000.0,34000.0,20000.0,21000.0,17000.0,44000.0,94000.0,44.3262,0.002724,75000.0,33.3333,0.001784,68700.0,18.1951,0.000945,124933.33,6.6702,0.000683,104200.0,5.9981,0.000534,80866.67,5.1525,0.000358
20261005,6418,詠昇,204000.0,36000.0,112000.0,81000.0,21000.0,21000.0,26000.0,59000.0,74000.0,40000.0,48000.0,58000.0,64000.0,108000.0,60000.0,152000.0,156000.0,91000.0,192000.0,71000.0,225000.0,103000.0,278000.0,463000.0,1526000.0,632000.0,61000.0,72000.0,58000.0,55000.0,117333.33,57.9545,0.004445,90800.0,44.9339,0.002911,67400.0,30.2671,0.001543,67466.67,20.1581,0.001114,83700.0,12.1864,0.000872,171566.67,3.9635,0.000584
20261005,6419,京晨科,1473000.0,195000.0,67000.0,268000.0,120000.0,31000.0,40000.0,57000.0,114000.0,116000.0,101000.0,108000.0,139000.0,96000.0,392000.0,315000.0,140000.0,98000.0,136000.0,234000.0,359000.0,177000.0,118000.0,174000.0,237000.0,117000.0,151000.0,231000.0,259000.0,286000.0,578333.33,84.8991,0.032098,424600.0,69.3829,0.021022,248100.0,59.3712,0.011141,221133.33,44.4076,0.008046,212000.0,34.7406,0.006294,211633.33,23.2005,0.00422
20261005,6423,億而得,154000.0,459000.0,340000.0,28000.0,22000.0,30000.0,60000.0,43000.0,99000.0,22000.0,11000.0,13000.0,14000.0,19000.0,35000.0,10000.0,46000.0,152000.0,20000.0,32000.0,155000.0,148000.0,42000.0,12000.0,23000.0,29000.0,49000.0,44000.0,20000.0,12000.0,317666.67,16.1595,0.003356,200600.0,15.3539,0.002198,125700.0,12.2514,0.001165,89933.33,11.4159,0.000841,80450.0,9.5712,0.000658,71433.33,7.1862,0.000441
20261005,6425,易發,1009000.0,1082000.0,5261000.0,4319000.0,1049000.0,590000.0,2952000.0,3471000.0,4075000.0,1711000.0,318000.0,128000.0,143000.0,142000.0,404000.0,334000.0,1005000.0,291000.0,182000.0,230000.0,441000.0,618000.0,2299000.0,1189000.0,393000.0,374000.0,875000.0,135000.0,169000.0,130000.0,2450666.67,13.7242,0.021987,2544000.0,7.9324,0.0144,2551900.0,3.9539,0.007632,1776933.33,3.7855,0.005512,1434800.0,3.5162,0.004311,1177300.0,2.8568,0.002891
20261005,6432,今展科,1215000.0,4440000.0,3143000.0,1287000.0,189000.0,314000.0,980000.0,1297000.0,1317000.0,972000.0,218000.0,192000.0,188000.0,300000.0,286000.0,449000.0,372000.0,680000.0,425000.0,592000.0,417000.0,246000.0,390000.0,521000.0,849000.0,521000.0,368000.0,777000.0,332000.0,532000.0,2932666.67,13.81,0.026476,2054800.0,11.826,0.01734,1515400.0,8.0177,0.00919,1089200.0,7.4367,0.006637,942800.0,6.4436,0.005192,793633.33,5.1031,0.003481
20261005,6435,大中,2542000.0,1719000.0,675000.0,284000.0,298000.0,307000.0,469000.0,332000.0,163000.0,186000.0,227000.0,306000.0,198000.0,352000.0,255000.0,223000.0,184000.0,316000.0,343000.0,238000.0,402000.0,188000.0,472000.0,678000.0,1507000.0,661000.0,994000.0,339000.0,233000.0,509000.0,1645333.33,51.4992,0.055393,1103600.0,46.0674,0.036278,697500.0,36.4444,0.019227,554200.0,30.5786,0.013886,480850.0,26.4324,0.010862,520000.0,16.2949,0.007283
20261005,6441,廣錠,363000.0,168000.0,75000.0,118000.0,197000.0,301000.0,244000.0,597000.0,421000.0,334000.0,260000.0,452000.0,195000.0,395000.0,1764000.0,1953000.0,1007000.0,336000.0,167000.0,28000.0,21000.0,6000.0,50000.0,38000.0,29000.0,32000.0,27000.0,11000.0,19000.0,58000.0,202000.0,59.901,0.00791,184200.0,39.4137,0.00518,281800.0,12.8815,0.002746,392266.67,6.1693,0.001983,468750.0,3.872,0.001551,322200.0,3.7554,0.00104
20261005,6461,益得,279000.0,442000.0,74000.0,61000.0,41000.0,37000.0,107000.0,94000.0,21000.0,56000.0,66000.0,24000.0,51000.0,38000.0,105000.0,268000.0,230000.0,,,,,,129000.0,205000.0,66000.0,89000.0,111000.0,190000.0,221000.0,107000.0,265000.0,35.0943,0.00608,179400.0,31.1037,0.003982,121200.0,23.0198,0.00211,99733.33,18.6497,0.001524,117294.12,13.992,0.001192,124480.0,8.9653,0.000799
20261005,6462,神盾,585000.0,544000.0,1715000.0,1032000.0,1111000.0,209000.0,379000.0,1086000.0,220000.0,489000.0,423000.0,154000.0,273000.0,321000.0,389000.0,241000.0,300000.0,436000.0,362000.0,496000.0,377000.0,327000.0,379000.0,236000.0,514000.0,391000.0,395000.0,507000.0,350000.0,314000.0,948000.0,20.5696,0.012748,997400.0,11.7305,0.008349,737000.0,7.9376,0.004425,595333.33,6.551,0.003196,538250.0,5.4343,0.0025,485166.67,4.0192,0.001676
20261005,6465,威潤,198000.0,77000.0,48000.0,59000.0,61000.0,75000.0,111000.0,170000.0,106000.0,138000.0,70000.0,75000.0,81000.0,83000.0,126000.0,95000.0,236000.0,243000.0,80000.0,69000.0,96000.0,147000.0,262000.0,150000.0,333000.0,116000.0,88000.0,127000.0,30000.0,106000.0,107666.67,61.3003,0.004315,88600.0,44.6953,0.002826,104300.0,18.9837,0.001498,98533.33,13.3965,0.001082,110050.0,8.9959,0.000846,121866.67,5.4158,0.000567
20261005,6469,大樹,676000.0,198000.0,138000.0,221000.0,247000.0,254000.0,208000.0,268000.0,250000.0,432000.0,399000.0,492000.0,385000.0,230000.0,527000.0,118000.0,170000.0,250000.0,306000.0,174000.0,329000.0,168000.0,502000.0,408000.0,372000.0,174000.0,203000.0,360000.0,626000.0,322000.0,337333.33,66.7984,0.014731,296000.0,45.6757,0.009647,289200.0,23.3748,0.005113,328333.33,13.7259,0.003693,297150.0,11.3747,0.002888,313566.67,7.1861,0.001937
20261005,6470,宇智,33000.0,39000.0,13000.0,32000.0,11000.0,11000.0,5000.0,21000.0,13000.0,25000.0,19000.0,39000.0,5000.0,29000.0,14000.0,74000.0,104000.0,6000.0,75000.0,21000.0,31000.0,23000.0,48000.0,32000.0,61000.0,52000.0,55000.0,9000.0,10000.0,13000.0,28333.33,38.8235,0.000719,25600.0,25.7812,0.000471,20300.0,16.2562,0.00025,20600.0,10.6796,0.00018,29450.0,5.6027,0.000141,30766.67,3.5753,9.5e-05
20261005,6474,華豫寧,34000.0,30000.0,87000.0,16000.0,10000.0,24000.0,49000.0,14000.0,13000.0,9000.0,5000.0,15000.0,20000.0,33000.0,48000.0,48000.0,20000.0,12000.0,21000.0,13000.0,24000.0,40000.0,47000.0,81000.0,141000.0,389000.0,168000.0,85000.0,53000.0,95000.0,50333.33,22.5166,0.000741,35400.0,19.209,0.000485,28600.0,11.8881,0.000257,27133.33,8.3538,0.000186,26050.0,6.5259,0.000145,54800.0,2.0681,9.7e-05
20261005,6482,弘煜科,11000.0,1000.0,8000.0,4000.0,3000.0,50000.0,30000.0,,12000.0,26000.0,13000.0,11000.0,7000.0,1000.0,18000.0,5000.0,25000.0,1000.0,3000.0,11000.0,17000.0,11000.0,15000.0,24000.0,28000.0,6000.0,20000.0,95000.0,31000.0,19000.0,6666.67,55.0,0.00024,5400.0,40.7407,0.000157,16111.11,7.5862,8.3e-05,13928.57,5.641,6e-05,12631.58,4.5833,4.7e-05,17448.28,2.1739,3.2e-05
20261005,6485,點序,1563000.0,2924000.0,3540000.0,2135000.0,267000.0,478000.0,543000.0,1562000.0,1240000.0,1262000.0,285000.0,122000.0,111000.0,91000.0,132000.0,127000.0,99000.0,129000.0,135000.0,283000.0,268000.0,206000.0,141000.0,233000.0,334000.0,242000.0,245000.0,123000.0,78000.0,167000.0,2675666.67,19.4718,0.034059,2085800.0,14.9871,0.022306,1551400.0,10.0748,0.011822,1083666.67,9.6155,0.008538,851400.0,9.179,0.006679,635500.0,8.1983,0.004478
20261005,6486,互動,466000.0,45000.0,55000.0,43000.0,42000.0,35000.0,22000.0,65000.0,56000.0,52000.0,86000.0,62000.0,59000.0,73000.0,71000.0,86000.0,165000.0,181000.0,242000.0,501000.0,2345000.0,576000.0,106000.0,58000.0,41000.0,132000.0,109000.0,49000.0,37000.0,41000.0,188666.67,82.3322,0.010155,130200.0,71.5822,0.00665,88100.0,52.8944,0.003525,82133.33,37.8247,0.002546,120350.0,19.3602,0.001991,196700.0,7.897,0.001335
20261005,6488,環球晶,18256000.0,15514000.0,23578000.0,17757000.0,8849000.0,9201000.0,28081000.0,17667000.0,6661000.0,15354000.0,9793000.0,6476000.0,7277000.0,3954000.0,4372000.0,7247000.0,4255000.0,9122000.0,8393000.0,8077000.0,7319000.0,6929000.0,12008000.0,10890000.0,11084000.0,7648000.0,9107000.0,11429000.0,7461000.0,8902000.0,19116000.0,31.8337,0.397816,16790800.0,21.7452,0.260537,16091800.0,11.3449,0.138083,12852666.67,9.4694,0.099723,11494200.0,7.9414,0.078006,10755366.67,5.658,0.052304
20261005,6492,生華科,174000.0,123000.0,142000.0,191000.0,69000.0,123000.0,183000.0,112000.0,145000.0,200000.0,328000.0,92000.0,174000.0,152000.0,132000.0,168000.0,113000.0,236000.0,415000.0,287000.0,272000.0,160000.0,148000.0,367000.0,287000.0,584000.0,452000.0,475000.0,2112000.0,158000.0,146333.33,39.6355,0.003792,139800.0,24.8927,0.002483,146200.0,11.9015,0.001316,156000.0,7.4359,0.00095,177950.0,4.889,0.000743,285800.0,2.0294,0.000499
20261005,6494,九齊,85000.0,85000.0,106000.0,68000.0,93000.0,63000.0,82000.0,180000.0,141000.0,115000.0,56000.0,78000.0,45000.0,58000.0,71000.0,66000.0,225000.0,92000.0,107000.0,125000.0,188000.0,61000.0,87000.0,65000.0,67000.0,106000.0,155000.0,91000.0,71000.0,106000.0,92000.0,30.7971,0.001852,87400.0,19.4508,0.001213,101800.0,8.3497,0.000643,88400.0,6.4103,0.000464,97050.0,4.3792,0.000363,97933.33,2.8931,0.000244
20261005,6496,科懋,13000.0,6000.0,12000.0,157000.0,,19000.0,22000.0,12000.0,15000.0,9000.0,2000.0,14000.0,2000.0,5000.0,,1000.0,2000.0,,2000.0,,8000.0,9000.0,5000.0,23000.0,2000.0,10000.0,7000.0,1000.0,12000.0,,10333.33,41.9355,0.000283,47000.0,6.9149,0.000186,29444.44,4.9057,9.8e-05,22153.85,4.5139,7.1e-05,18312.5,4.4369,5.6e-05,14800.0,3.5135,3.7e-05
20261005,6498,久禾光,93000.0,57000.0,90000.0,78000.0,58000.0,68000.0,57000.0,79000.0,123000.0,102000.0,116000.0,93000.0,110000.0,136000.0,413000.0,155000.0,171000.0,309000.0,262000.0,149000.0,390000.0,381000.0,158000.0,68000.0,199000.0,192000.0,153000.0,68000.0,65000.0,30000.0,80000.0,38.75,0.002027,75200.0,24.734,0.001327,80500.0,11.5528,0.000703,111533.33,5.5589,0.000508,135950.0,3.4204,0.000397,147433.33,2.1026,0.000266
20261005,6499,益安,396000.0,271000.0,707000.0,484000.0,139000.0,136000.0,246000.0,313000.0,497000.0,398000.0,203000.0,218000.0,129000.0,165000.0,194000.0,221000.0,204000.0,170000.0,103000.0,252000.0,414000.0,534000.0,667000.0,1127000.0,1115000.0,840000.0,737000.0,123000.0,503000.0,655000.0,458000.0,28.821,0.008629,399400.0,19.8297,0.005651,358700.0,11.0399,0.002995,299733.33,8.8078,0.002163,272300.0,7.2714,0.001692,405366.67,3.2563,0.001135
20261005,6506,雙邦,67000.0,60000.0,32000.0,51000.0,34000.0,128000.0,20000.0,29000.0,42000.0,35000.0,80000.0,22000.0,37000.0,77000.0,60000.0,29000.0,48000.0,79000.0,57000.0,92000.0,184000.0,44000.0,53000.0,26000.0,32000.0,46000.0,20000.0,40000.0,96000.0,40000.0,53000.0,42.1384,0.00146,48800.0,27.459,0.000956,49800.0,13.4538,0.000507,51600.0,8.6563,0.000366,53950.0,6.2095,0.000286,55333.33,4.0361,0.000192
20261005,6508,惠光,33000.0,37000.0,19000.0,30000.0,24000.0,38000.0,115000.0,372000.0,1197000.0,256000.0,13000.0,7000.0,17000.0,34000.0,44000.0,26000.0,24000.0,34000.0,19000.0,17000.0,4000.0,5000.0,11000.0,25000.0,18000.0,6000.0,18000.0,30000.0,24000.0,76000.0,29666.67,37.0787,0.000719,28600.0,23.0769,0.000471,212100.0,1.5559,0.00025,149066.67,1.4758,0.00018,117800.0,1.4007,0.000141,85766.67,1.2825,9.5e-05
20261005,6509,聚和,1084000.0,1940000.0,644000.0,1798000.0,823000.0,481000.0,478000.0,680000.0,810000.0,794000.0,383000.0,564000.0,738000.0,467000.0,651000.0,355000.0,545000.0,517000.0,540000.0,798000.0,941000.0,954000.0,602000.0,807000.0,860000.0,715000.0,547000.0,869000.0,727000.0,863000.0,1222666.67,29.5529,0.023621,1257800.0,17.2364,0.01547,953200.0,11.3722,0.008199,822333.33,8.788,0.005921,754500.0,7.1836,0.004632,765833.33,4.7182,0.003106
20261005,6510,精測,901000.0,526000.0,959000.0,965000.0,692000.0,976000.0,1522000.0,1454000.0,1348000.0,450000.0,639000.0,663000.0,767000.0,830000.0,1060000.0,981000.0,1759000.0,1368000.0,1500000.0,1218000.0,1865000.0,1708000.0,832000.0,906000.0,428000.0,342000.0,398000.0,157000.0,290000.0,411000.0,795333.33,37.7619,0.019634,808600.0,22.2854,0.012858,979300.0,9.2004,0.006815,916800.0,6.5518,0.004922,1028900.0,4.3785,0.00385,930500.0,3.2277,0.002581
20261005,6512,啟發電,2000.0,3000.0,5000.0,3000.0,1000.0,7000.0,4000.0,18000.0,4000.0,,3000.0,4000.0,7000.0,5000.0,12000.0,7000.0,3000.0,8000.0,1000.0,5000.0,5000.0,,6000.0,3000.0,1000.0,5000.0,,2000.0,4000.0,13000.0,3333.33,20.0,4.4e-05,2800.0,14.2857,2.9e-05,5222.22,4.2553,1.5e-05,5571.43,2.5641,1.1e-05,5368.42,1.9608,9e-06,5222.22,1.4184,6e-06
20261005,6516,勤崴國際,25000.0,40000.0,25000.0,31000.0,40000.0,36000.0,49000.0,27000.0,23000.0,53000.0,52000.0,55000.0,153000.0,28000.0,17000.0,19000.0,34000.0,30000.0,37000.0,40000.0,23000.0,21000.0,30000.0,21000.0,29000.0,98000.0,36000.0,9000.0,19000.0,22000.0,30000.0,27.7778,0.000545,32200.0,15.528,0.000357,34900.0,7.1633,0.000189,43600.0,3.8226,0.000137,40700.0,3.0713,0.000107,37400.0,2.2282,7.2e-05
20261005,6517,保勝光學,404000.0,355000.0,89000.0,89000.0,130000.0,79000.0,145000.0,411000.0,325000.0,356000.0,182000.0,291000.0,174000.0,323000.0,359000.0,214000.0,190000.0,447000.0,528000.0,668000.0,981000.0,1088000.0,588000.0,603000.0,1359000.0,2017000.0,2714000.0,430000.0,523000.0,618000.0,282666.67,47.6415,0.008804,213400.0,37.8632,0.005766,238300.0,16.9534,0.003056,247466.67,10.8836,0.002207,287950.0,7.0151,0.001726,556000.0,2.4221,0.001157
20261005,6523,達爾膚,22000.0,20000.0,21000.0,109000.0,35000.0,27000.0,20000.0,21000.0,16000.0,3000.0,4000.0,11000.0,15000.0,20000.0,14000.0,17000.0,12000.0,20000.0,13000.0,27000.0,24000.0,39000.0,9000.0,16000.0,11000.0,11000.0,10000.0,13000.0,21000.0,35000.0,21000.0,34.9206,0.000479,41400.0,10.628,0.000314,29400.0,7.483,0.000166,23866.67,6.1453,0.00012,22350.0,4.9217,9.4e-05,21200.0,3.4591,6.3e-05
20261005,6527,明達醫,29000.0,33000.0,28000.0,37000.0,10000.0,24000.0,18000.0,26000.0,12000.0,21000.0,11000.0,11000.0,16000.0,18000.0,29000.0,72000.0,119000.0,22000.0,9000.0,10000.0,13000.0,6000.0,17000.0,7000.0,5000.0,11000.0,11000.0,16000.0,15000.0,7000.0,30000.0,32.2222,0.000632,27400.0,21.1679,0.000414,23800.0,12.1849,0.000219,21533.33,8.9783,0.000158,27750.0,5.2252,0.000124,22100.0,4.3741,8.3e-05
20261005,6530,創威,1082000.0,1584000.0,1692000.0,3494000.0,1006000.0,1710000.0,1620000.0,1977000.0,2204000.0,3043000.0,5258000.0,1735000.0,1046000.0,604000.0,1038000.0,4013000.0,3847000.0,3805000.0,1541000.0,2612000.0,3938000.0,8610000.0,5684000.0,1182000.0,1455000.0,2660000.0,1933000.0,750000.0,682000.0,696000.0,1452666.67,24.8279,0.023578,1771600.0,12.2149,0.015442,1941200.0,5.5739,0.008184,1939533.33,3.7191,0.00591,2245550.0,2.4092,0.004623,2416700.0,1.4924,0.0031
20261005,6532,瑞耘,1583000.0,1529000.0,5816000.0,1499000.0,2166000.0,400000.0,347000.0,495000.0,829000.0,1224000.0,555000.0,278000.0,285000.0,308000.0,820000.0,789000.0,831000.0,540000.0,543000.0,875000.0,1726000.0,766000.0,1878000.0,1391000.0,351000.0,436000.0,390000.0,806000.0,365000.0,938000.0,2976000.0,17.7307,0.034495,2518600.0,12.5705,0.022591,1588800.0,9.9635,0.011973,1208933.33,8.7295,0.008647,1085600.0,7.2909,0.006764,1025300.0,5.1465,0.004535
20261005,6535,順藥,400000.0,273000.0,200000.0,241000.0,195000.0,225000.0,373000.0,104000.0,164000.0,356000.0,193000.0,140000.0,112000.0,145000.0,228000.0,276000.0,342000.0,260000.0,169000.0,351000.0,898000.0,469000.0,646000.0,2016000.0,244000.0,404000.0,446000.0,313000.0,185000.0,210000.0,291000.0,45.819,0.008716,261800.0,30.5577,0.005709,253100.0,15.804,0.003025,223266.67,11.9439,0.002185,237350.0,8.4264,0.001709,352600.0,3.7814,0.001146
20261005,6538,倉和,2228000.0,1880000.0,1571000.0,2075000.0,3524000.0,2460000.0,2771000.0,4188000.0,2485000.0,2382000.0,789000.0,453000.0,168000.0,423000.0,954000.0,757000.0,1132000.0,1002000.0,5836000.0,9472000.0,495000.0,545000.0,821000.0,2987000.0,2804000.0,2469000.0,2444000.0,1519000.0,4033000.0,3281000.0,1893000.0,39.2323,0.04855,2255600.0,19.7553,0.031796,2556400.0,8.7154,0.016852,1890066.67,7.8586,0.01217,2327500.0,4.7863,0.00952,2264933.33,3.279,0.006383
20261005,6542,隆中,3000.0,5000.0,4000.0,8000.0,,5000.0,10000.0,8000.0,12000.0,5000.0,24000.0,22000.0,1000.0,10000.0,1000.0,4000.0,,2000.0,9000.0,7000.0,1000.0,12000.0,18000.0,,,68000.0,4000.0,2000.0,2000.0,10000.0,4000.0,25.0,6.5e-05,5000.0,15.0,4.3e-05,6666.67,5.0,2.3e-05,8428.57,2.5424,1.6e-05,7777.78,2.1429,1.3e-05,9884.62,1.1673,9e-06
20261005,6546,正基,161000.0,169000.0,160000.0,219000.0,374000.0,204000.0,1419000.0,138000.0,164000.0,153000.0,223000.0,87000.0,107000.0,97000.0,129000.0,153000.0,173000.0,150000.0,265000.0,226000.0,255000.0,154000.0,132000.0,115000.0,204000.0,203000.0,174000.0,156000.0,116000.0,179000.0,163333.33,32.8571,0.003508,216600.0,14.8661,0.002298,316100.0,5.0933,0.001218,253600.0,4.2324,0.000879,238550.0,3.3746,0.000688,215300.0,2.4926,0.000461
20261005,6547,高端疫苗,1635000.0,3098000.0,3053000.0,3686000.0,2826000.0,2506000.0,2922000.0,3566000.0,2606000.0,4709000.0,2311000.0,2486000.0,2531000.0,5796000.0,7604000.0,19245000.0,6563000.0,3048000.0,3575000.0,3208000.0,2906000.0,3293000.0,7875000.0,6832000.0,11885000.0,22608000.0,10171000.0,5174000.0,6327000.0,4462000.0,2595333.33,20.9992,0.035628,2859600.0,11.4352,0.023334,3060700.0,5.3419,0.012367,3422333.33,3.185,0.008931,4348700.0,1.8799,0.006986,5616900.0,0.9703,0.004684
20261005,6548,長科*,9764000.0,8599000.0,3809000.0,993000.0,854000.0,1346000.0,2436000.0,1532000.0,4416000.0,5357000.0,3226000.0,1078000.0,1707000.0,2806000.0,1224000.0,1448000.0,1688000.0,3047000.0,5425000.0,3519000.0,2166000.0,2874000.0,1689000.0,2423000.0,3095000.0,3721000.0,5122000.0,2496000.0,932000.0,1897000.0,7390666.67,44.0375,0.212767,4803800.0,40.6512,0.139345,3910600.0,24.968,0.073852,3276466.67,19.8669,0.053335,3213700.0,15.1912,0.04172,3022966.67,10.7665,0.027974
20261005,6556,勝品,9000.0,7000.0,7000.0,4000.0,5000.0,4000.0,2000.0,4000.0,2000.0,3000.0,2000.0,4000.0,9000.0,3000.0,23000.0,13000.0,3000.0,3000.0,9000.0,3000.0,9000.0,8000.0,3000.0,11000.0,2000.0,7000.0,6000.0,4000.0,5000.0,15000.0,7666.67,39.1304,0.000196,6400.0,28.125,0.000128,4700.0,19.1489,6.8e-05,5866.67,10.2273,4.9e-05,5950.0,7.563,3.8e-05,6300.0,4.7619,2.6e-05
20261005,6560,欣普羅,41000.0,42000.0,27000.0,19000.0,22000.0,16000.0,16000.0,31000.0,43000.0,54000.0,193000.0,128000.0,108000.0,1000.0,11000.0,16000.0,36000.0,28000.0,14000.0,5000.0,9000.0,13000.0,27000.0,12000.0,27000.0,23000.0,9000.0,,23000.0,4000.0,36666.67,37.2727,0.000893,30200.0,27.1523,0.000585,31100.0,13.1833,0.00031,50133.33,5.4521,0.000224,42550.0,4.8179,0.000175,34413.79,4.1082,0.000117
20261005,6561,是方,49000.0,49000.0,51000.0,93000.0,125000.0,75000.0,66000.0,34000.0,31000.0,25000.0,27000.0,35000.0,102000.0,51000.0,72000.0,55000.0,56000.0,32000.0,53000.0,31000.0,33000.0,52000.0,43000.0,32000.0,29000.0,33000.0,25000.0,24000.0,13000.0,37000.0,49666.67,32.8859,0.001068,73400.0,13.3515,0.000699,59800.0,8.194,0.000371,59000.0,5.5367,0.000268,55600.0,4.4065,0.000209,47766.67,3.4194,0.00014
20261005,6568,宏觀,138000.0,62000.0,53000.0,206000.0,135000.0,91000.0,141000.0,90000.0,73000.0,132000.0,183000.0,178000.0,34000.0,59000.0,113000.0,68000.0,48000.0,57000.0,41000.0,83000.0,153000.0,240000.0,47000.0,41000.0,50000.0,133000.0,61000.0,62000.0,31000.0,57000.0,84333.33,54.5455,0.003007,118800.0,23.2323,0.001969,112100.0,12.3104,0.001044,112533.33,8.1754,0.000754,99250.0,6.9521,0.00059,95333.33,4.8252,0.000395
20261005,6569,醫揚,16000.0,7000.0,8000.0,12000.0,36000.0,22000.0,14000.0,19000.0,24000.0,21000.0,12000.0,7000.0,13000.0,23000.0,27000.0,19000.0,69000.0,20000.0,84000.0,27000.0,34000.0,26000.0,31000.0,34000.0,31000.0,43000.0,38000.0,39000.0,28000.0,60000.0,10333.33,51.6129,0.000349,15800.0,20.2532,0.000228,17900.0,8.9385,0.000121,17400.0,6.1303,8.7e-05,24000.0,3.3333,6.8e-05,28133.33,1.8957,4.6e-05
20261005,6570,維田,50000.0,70000.0,149000.0,98000.0,117000.0,29000.0,101000.0,70000.0,79000.0,53000.0,80000.0,23000.0,147000.0,40000.0,61000.0,68000.0,50000.0,228000.0,100000.0,94000.0,85000.0,100000.0,86000.0,118000.0,146000.0,88000.0,52000.0,52000.0,160000.0,149000.0,89666.67,18.5874,0.00109,96800.0,10.3306,0.000714,81600.0,6.1275,0.000378,77800.0,4.2845,0.000273,85350.0,2.9291,0.000214,91433.33,1.8228,0.000143
20261005,6574,霈方,96000.0,21000.0,9000.0,27000.0,21000.0,18000.0,27000.0,37000.0,40000.0,47000.0,46000.0,16000.0,10000.0,9000.0,26000.0,29000.0,17000.0,10000.0,25000.0,18000.0,29000.0,26000.0,47000.0,18000.0,39000.0,47000.0,38000.0,23000.0,77000.0,27000.0,42000.0,76.1905,0.002092,34800.0,55.1724,0.00137,34300.0,27.9883,0.000726,30000.0,21.3333,0.000524,27450.0,17.4863,0.00041,30666.67,10.4348,0.000275
20261005,6576,逸達,179000.0,179000.0,101000.0,56000.0,116000.0,36000.0,37000.0,65000.0,61000.0,391000.0,70000.0,78000.0,63000.0,141000.0,161000.0,129000.0,146000.0,138000.0,349000.0,166000.0,77000.0,67000.0,89000.0,113000.0,95000.0,41000.0,75000.0,109000.0,78000.0,86000.0,153000.0,38.9978,0.003901,126200.0,28.3677,0.002555,122100.0,14.6601,0.001354,115600.0,10.323,0.000978,133100.0,6.7243,0.000765,116400.0,5.126,0.000513
20261005,6577,勁豐,10000.0,65000.0,50000.0,26000.0,15000.0,12000.0,36000.0,43000.0,30000.0,44000.0,15000.0,15000.0,18000.0,13000.0,3000.0,28000.0,152000.0,40000.0,31000.0,25000.0,27000.0,9000.0,44000.0,95000.0,22000.0,32000.0,31000.0,84000.0,23000.0,23000.0,41666.67,8.0,0.000218,33200.0,6.0241,0.000143,33100.0,3.0211,7.6e-05,26333.33,2.5316,5.5e-05,33550.0,1.4903,4.3e-05,35366.67,0.9425,2.9e-05
20261005,6578,達邦蛋白,73000.0,12000.0,9000.0,47000.0,18000.0,183000.0,75000.0,39000.0,63000.0,72000.0,62000.0,44000.0,26000.0,56000.0,22000.0,78000.0,16000.0,104000.0,56000.0,253000.0,127000.0,27000.0,23000.0,9000.0,41000.0,38000.0,14000.0,36000.0,51000.0,35000.0,31333.33,77.6596,0.001591,31800.0,45.9119,0.001042,59100.0,12.3519,0.000552,53400.0,9.1136,0.000399,65400.0,5.581,0.000312,56966.67,4.2715,0.000209
20261005,6584,南俊國際,985000.0,384000.0,259000.0,160000.0,162000.0,218000.0,229000.0,385000.0,326000.0,871000.0,290000.0,249000.0,182000.0,348000.0,470000.0,696000.0,543000.0,386000.0,455000.0,551000.0,810000.0,1221000.0,1402000.0,4121000.0,4602000.0,776000.0,273000.0,452000.0,318000.0,567000.0,542666.67,60.5037,0.021464,390000.0,50.5128,0.014057,397900.0,24.755,0.00745,367866.67,17.8507,0.005381,407450.0,12.0874,0.004209,756366.67,4.3409,0.002822
20261005,6588,東典光電,861000.0,1545000.0,1004000.0,1068000.0,699000.0,588000.0,2229000.0,1650000.0,1167000.0,3914000.0,6703000.0,1127000.0,965000.0,1475000.0,1069000.0,1413000.0,2690000.0,7824000.0,5404000.0,1179000.0,1382000.0,2098000.0,1578000.0,2197000.0,2044000.0,2584000.0,7670000.0,1945000.0,4483000.0,4582000.0,1136666.67,25.2493,0.018762,1035400.0,16.6313,0.012288,1472500.0,5.8472,0.006512,1737600.0,3.3034,0.004703,2228700.0,1.9316,0.003679,2504566.67,1.1459,0.002467
20261005,6590,普鴻,19000.0,24000.0,15000.0,25000.0,13000.0,18000.0,33000.0,29000.0,15000.0,54000.0,155000.0,215000.0,148000.0,29000.0,15000.0,18000.0,3000.0,31000.0,42000.0,24000.0,19000.0,5000.0,14000.0,6000.0,19000.0,12000.0,4000.0,4000.0,7000.0,1000.0,19333.33,32.7586,0.000414,19200.0,19.7917,0.000271,24500.0,7.7551,0.000144,53800.0,2.3544,0.000104,46250.0,2.0541,8.1e-05,33866.67,1.8701,5.4e-05
20261005,6593,台灣銘板,18000.0,17000.0,18000.0,10000.0,21000.0,14000.0,40000.0,4000.0,34000.0,13000.0,3000.0,18000.0,19000.0,12000.0,7000.0,31000.0,21000.0,41000.0,94000.0,80000.0,29000.0,210000.0,105000.0,24000.0,29000.0,8000.0,28000.0,19000.0,21000.0,6000.0,17666.67,33.9623,0.000392,16800.0,21.4286,0.000257,18900.0,9.5238,0.000136,16533.33,7.2581,9.8e-05,25750.0,3.4951,7.7e-05,33133.33,1.8109,5.2e-05
20261005,6596,寬宏藝術,105000.0,58000.0,55000.0,89000.0,60000.0,29000.0,122000.0,76000.0,181000.0,72000.0,97000.0,43000.0,96000.0,83000.0,150000.0,46000.0,47000.0,51000.0,96000.0,50000.0,151000.0,74000.0,50000.0,85000.0,69000.0,82000.0,58000.0,141000.0,192000.0,99000.0,72666.67,48.1651,0.002288,73400.0,28.6104,0.001498,84700.0,12.3967,0.000794,87733.33,7.9787,0.000574,80300.0,6.538,0.000449,86900.0,4.0276,0.000301
20261005,6597,立誠,6000.0,10000.0,62000.0,6000.0,2000.0,4000.0,5000.0,18000.0,5000.0,14000.0,11000.0,1000.0,,,,4000.0,7000.0,,1000.0,5000.0,3000.0,4000.0,,26000.0,3000.0,,2000.0,,13000.0,14000.0,26000.0,7.6923,0.000131,17200.0,6.9767,8.6e-05,13200.0,4.5455,4.5e-05,12000.0,4.1667,3.3e-05,10062.5,3.7267,2.6e-05,9826.09,2.6549,1.7e-05
20261005,6603,富強鑫,4572000.0,10819000.0,7449000.0,6951000.0,4568000.0,1072000.0,1477000.0,3884000.0,4185000.0,8914000.0,6344000.0,760000.0,2021000.0,1912000.0,613000.0,574000.0,622000.0,530000.0,661000.0,606000.0,1306000.0,428000.0,763000.0,1026000.0,1049000.0,1400000.0,1113000.0,1643000.0,847000.0,1301000.0,7613333.33,20.0175,0.099628,6871800.0,13.3066,0.065248,5389100.0,8.4838,0.034581,4369400.0,6.9758,0.024974,3426700.0,6.6711,0.019536,2647000.0,5.7575,0.013099
20261005,6609,瀧澤科,130000.0,78000.0,60000.0,75000.0,60000.0,33000.0,68000.0,73000.0,98000.0,56000.0,154000.0,150000.0,107000.0,55000.0,67000.0,59000.0,144000.0,76000.0,83000.0,106000.0,161000.0,286000.0,141000.0,79000.0,95000.0,124000.0,84000.0,84000.0,80000.0,107000.0,89333.33,48.5075,0.002833,80600.0,32.2581,0.001855,73100.0,17.7839,0.000983,84266.67,10.2848,0.00071,86600.0,7.5058,0.000555,99100.0,4.3727,0.000372
20261005,6612,奈米醫材,43000.0,95000.0,117000.0,36000.0,15000.0,31000.0,11000.0,23000.0,9000.0,11000.0,22000.0,31000.0,39000.0,2000.0,82000.0,3000.0,25000.0,27000.0,20000.0,22000.0,28000.0,43000.0,14000.0,29000.0,54000.0,21000.0,48000.0,32000.0,41000.0,42000.0,85000.0,16.8627,0.000937,61200.0,14.0523,0.000614,39100.0,10.9974,0.000325,37800.0,7.5838,0.000235,33200.0,6.4759,0.000184,33866.67,4.2323,0.000123
20261005,6613,朋億*,312000.0,248000.0,391000.0,206000.0,134000.0,139000.0,168000.0,285000.0,153000.0,323000.0,186000.0,153000.0,175000.0,157000.0,175000.0,262000.0,159000.0,200000.0,302000.0,211000.0,461000.0,531000.0,639000.0,2531000.0,823000.0,731000.0,462000.0,100000.0,121000.0,207000.0,317000.0,32.8076,0.006799,258200.0,24.1673,0.004453,235900.0,13.2259,0.00236,213666.67,9.7348,0.001704,216950.0,7.1906,0.001333,364833.33,2.8506,0.000894
20261005,6615,慧智,51000.0,9000.0,6000.0,3000.0,3000.0,,11000.0,1000.0,,5000.0,4000.0,5000.0,1000.0,3000.0,,12000.0,5000.0,23000.0,9000.0,,2000.0,2000.0,6000.0,4000.0,13000.0,11000.0,2000.0,11000.0,14000.0,3000.0,22000.0,77.2727,0.001111,14400.0,70.8333,0.000728,11125.0,57.3034,0.000386,8500.0,50.0,0.000279,9437.5,33.7748,0.000218,8423.08,23.2877,0.000146
20261005,6616,特昇-KY,20000.0,5000.0,14000.0,7000.0,55000.0,17000.0,57000.0,13000.0,5000.0,17000.0,13000.0,13000.0,10000.0,2000.0,6000.0,2000.0,45000.0,2000.0,12000.0,9000.0,16000.0,10000.0,14000.0,54000.0,26000.0,18000.0,21000.0,7000.0,25000.0,34000.0,13000.0,51.2821,0.000436,20200.0,19.802,0.000285,21000.0,9.5238,0.000151,16933.33,7.874,0.000109,16200.0,6.1728,8.5e-05,18300.0,3.643,5.7e-05
20261005,6617,共信-KY,629000.0,541000.0,795000.0,688000.0,404000.0,551000.0,1087000.0,655000.0,447000.0,870000.0,3158000.0,1376000.0,827000.0,405000.0,439000.0,745000.0,997000.0,3915000.0,520000.0,1213000.0,1087000.0,1202000.0,970000.0,737000.0,1315000.0,2101000.0,1653000.0,1358000.0,1617000.0,292000.0,655000.0,32.0102,0.013707,611400.0,20.5757,0.008977,666700.0,9.4345,0.004758,858133.33,4.8866,0.003436,1013100.0,3.1043,0.002688,1086466.67,1.9298,0.001802
20261005,6620,漢達,4110000.0,3947000.0,9013000.0,7305000.0,2876000.0,2685000.0,2843000.0,5198000.0,6121000.0,9844000.0,2014000.0,2935000.0,1989000.0,1382000.0,1336000.0,2128000.0,2892000.0,5890000.0,9307000.0,6781000.0,3548000.0,2888000.0,4695000.0,650000.0,1182000.0,264000.0,187000.0,159000.0,212000.0,184000.0,5690000.0,24.0773,0.089561,5450200.0,15.082,0.058655,5394200.0,7.6193,0.031087,4239866.67,6.4625,0.022451,4529800.0,4.5366,0.017562,3485500.0,3.9306,0.011775
20261005,6624,萬年清,1000.0,7000.0,6000.0,10000.0,8000.0,1000.0,2000.0,12000.0,9000.0,13000.0,7000.0,9000.0,11000.0,17000.0,10000.0,1000.0,1000.0,,,1000.0,9000.0,7000.0,1000.0,,3000.0,2000.0,3000.0,1000.0,15000.0,2000.0,4666.67,7.1429,2.2e-05,6400.0,3.125,1.4e-05,6900.0,1.4493,8e-06,8200.0,0.813,5e-06,7000.0,0.7937,4e-06,6259.26,0.5917,3e-06
20261005,6629,泰金-KY,4000.0,27000.0,4000.0,4000.0,3000.0,14000.0,8000.0,16000.0,24000.0,9000.0,45000.0,4000.0,7000.0,2000.0,5000.0,157000.0,6000.0,26000.0,29000.0,4000.0,30000.0,14000.0,49000.0,5000.0,12000.0,57000.0,13000.0,24000.0,2000.0,46000.0,11666.67,11.4286,8.7e-05,8400.0,9.5238,5.7e-05,11300.0,3.5398,3e-05,11733.33,2.2727,2.2e-05,19900.0,1.005,1.7e-05,21666.67,0.6154,1.1e-05
20261005,6637,醫影,20000.0,10000.0,27000.0,15000.0,8000.0,17000.0,33000.0,10000.0,9000.0,10000.0,18000.0,19000.0,10000.0,2000.0,13000.0,16000.0,22000.0,74000.0,21000.0,16000.0,16000.0,24000.0,38000.0,50000.0,43000.0,130000.0,105000.0,120000.0,35000.0,84000.0,19000.0,35.0877,0.000436,16000.0,25.0,0.000285,15900.0,12.5786,0.000151,14733.33,9.0498,0.000109,18500.0,5.4054,8.5e-05,33833.33,1.9704,5.7e-05
20261005,6640,均華,430000.0,286000.0,684000.0,259000.0,419000.0,301000.0,261000.0,627000.0,298000.0,501000.0,316000.0,119000.0,190000.0,360000.0,368000.0,346000.0,543000.0,681000.0,975000.0,1184000.0,1215000.0,1280000.0,1240000.0,616000.0,214000.0,446000.0,178000.0,291000.0,338000.0,178000.0,466666.67,30.7143,0.00937,415600.0,20.693,0.006137,406600.0,10.5755,0.003252,361266.67,7.935,0.002349,457400.0,4.7005,0.001837,504800.0,2.8394,0.001232
20261005,6642,富致,154000.0,237000.0,376000.0,161000.0,316000.0,49000.0,91000.0,116000.0,54000.0,102000.0,51000.0,30000.0,51000.0,46000.0,133000.0,153000.0,110000.0,257000.0,233000.0,259000.0,225000.0,148000.0,264000.0,159000.0,276000.0,315000.0,92000.0,200000.0,101000.0,394000.0,255666.67,20.0782,0.003356,248800.0,12.3794,0.002198,165600.0,9.2995,0.001165,131133.33,7.8292,0.000841,148950.0,5.1695,0.000658,171766.67,2.9886,0.000441
20261005,6643,M31,672000.0,760000.0,2139000.0,2551000.0,1546000.0,3032000.0,905000.0,1787000.0,1044000.0,908000.0,740000.0,169000.0,194000.0,419000.0,368000.0,258000.0,429000.0,981000.0,164000.0,150000.0,279000.0,178000.0,571000.0,1217000.0,241000.0,336000.0,409000.0,94000.0,109000.0,133000.0,1190333.33,18.8183,0.014644,1533600.0,8.7637,0.00959,1534400.0,4.3796,0.005083,1148933.33,3.8993,0.003671,960800.0,3.4971,0.002871,759433.33,2.9496,0.001925
20261005,6649,台生材,205000.0,40000.0,112000.0,3000.0,22000.0,92000.0,6000.0,2000.0,21000.0,1000.0,40000.0,35000.0,23000.0,33000.0,63000.0,82000.0,43000.0,31000.0,31000.0,5000.0,33000.0,,12000.0,20000.0,25000.0,12000.0,24000.0,17000.0,47000.0,53000.0,119000.0,57.423,0.004467,76400.0,53.6649,0.002926,50400.0,40.6746,0.001551,46533.33,29.3696,0.00112,44500.0,23.0337,0.000876,39068.97,18.0936,0.000587
20261005,6651,全宇昕,585000.0,163000.0,78000.0,334000.0,157000.0,313000.0,139000.0,159000.0,475000.0,172000.0,140000.0,95000.0,43000.0,123000.0,144000.0,100000.0,73000.0,231000.0,168000.0,106000.0,131000.0,122000.0,502000.0,133000.0,352000.0,262000.0,557000.0,212000.0,431000.0,128000.0,275333.33,70.8232,0.012748,263400.0,44.4191,0.008349,257500.0,22.7184,0.004425,208000.0,18.75,0.003196,189900.0,15.4028,0.0025,220933.33,8.8262,0.001676
20261005,6654,天正國際,26000.0,94000.0,62000.0,83000.0,21000.0,21000.0,38000.0,38000.0,48000.0,34000.0,9000.0,18000.0,16000.0,21000.0,29000.0,19000.0,72000.0,144000.0,83000.0,143000.0,226000.0,101000.0,196000.0,106000.0,39000.0,10000.0,9000.0,18000.0,3000.0,16000.0,60666.67,14.2857,0.000567,57200.0,9.0909,0.000371,46500.0,5.5914,0.000197,37200.0,4.6595,0.000142,50950.0,2.5515,0.000111,58100.0,1.4917,7.4e-05
20261005,6661,威健生技,4000.0,,,,19000.0,5000.0,,11000.0,12000.0,6000.0,5000.0,2000.0,6000.0,3000.0,5000.0,4000.0,3000.0,2000.0,7000.0,11000.0,,3000.0,2000.0,4000.0,11000.0,1000.0,7000.0,3000.0,2000.0,4000.0,4000.0,100.0,8.7e-05,11500.0,17.3913,5.7e-05,9500.0,7.0175,3e-05,7090.91,5.1282,2.2e-05,6562.5,3.8095,1.7e-05,5680.0,2.8169,1.1e-05
20261005,6662,樂斯科,,16000.0,3000.0,,,,4000.0,2000.0,1000.0,6000.0,9000.0,1000.0,2000.0,2000.0,1000.0,2000.0,5000.0,5000.0,5000.0,1000.0,3000.0,9000.0,,5000.0,2000.0,5000.0,1000.0,,,1000.0,9500.0,,,9500.0,,,5333.33,,,4272.73,,,4062.5,,,3956.52,,
20261005,6664,群翊,891000.0,420000.0,341000.0,800000.0,552000.0,285000.0,147000.0,223000.0,156000.0,178000.0,263000.0,132000.0,111000.0,238000.0,317000.0,260000.0,376000.0,234000.0,346000.0,719000.0,1290000.0,558000.0,520000.0,428000.0,247000.0,301000.0,319000.0,2075000.0,973000.0,120000.0,550666.67,53.9346,0.019416,600800.0,29.6605,0.012716,399300.0,22.314,0.006739,336933.33,17.6296,0.004867,349450.0,12.7486,0.003807,460666.67,6.4472,0.002553
20261005,6667,信紘科,423000.0,215000.0,385000.0,229000.0,243000.0,236000.0,444000.0,795000.0,1395000.0,1457000.0,122000.0,118000.0,173000.0,186000.0,696000.0,236000.0,221000.0,523000.0,1036000.0,837000.0,188000.0,50000.0,174000.0,198000.0,104000.0,129000.0,86000.0,74000.0,158000.0,67000.0,341000.0,41.349,0.009218,299000.0,28.2943,0.006037,582200.0,7.2655,0.003199,474466.67,5.9435,0.002311,498500.0,4.2427,0.001807,373266.67,3.7775,0.001212
20261005,6679,鈺太,199000.0,257000.0,120000.0,268000.0,375000.0,188000.0,150000.0,167000.0,135000.0,110000.0,247000.0,69000.0,129000.0,131000.0,179000.0,216000.0,181000.0,719000.0,1057000.0,651000.0,254000.0,321000.0,402000.0,200000.0,260000.0,142000.0,151000.0,192000.0,169000.0,177000.0,192000.0,34.5486,0.004336,243800.0,16.3249,0.00284,196900.0,10.1067,0.001505,181600.0,7.3054,0.001087,277400.0,3.5869,0.00085,260533.33,2.5461,0.00057
20261005,6680,鑫創電子,10000.0,,12000.0,3000.0,8000.0,4000.0,,9000.0,1000.0,,,1000.0,1000.0,7000.0,7000.0,,4000.0,4000.0,1000.0,5000.0,,,1000.0,5000.0,1000.0,2000.0,2000.0,13000.0,,7000.0,11000.0,45.4545,0.000218,8250.0,30.303,0.000143,6714.29,21.2766,7.6e-05,5727.27,15.873,5.5e-05,5133.33,12.987,4.3e-05,4909.09,9.2593,2.9e-05
20261005,6683,雍智科技,1144000.0,1589000.0,987000.0,1158000.0,724000.0,731000.0,730000.0,1782000.0,2071000.0,2859000.0,2249000.0,2139000.0,2035000.0,691000.0,520000.0,1248000.0,1215000.0,871000.0,1376000.0,1253000.0,1905000.0,716000.0,169000.0,537000.0,1133000.0,588000.0,452000.0,411000.0,831000.0,858000.0,1240000.0,30.7527,0.024929,1120400.0,20.4213,0.016326,1377500.0,8.3049,0.008653,1427266.67,5.3435,0.006249,1368600.0,4.1795,0.004888,1165733.33,3.2712,0.003278
20261005,6684,安格,85000.0,61000.0,114000.0,95000.0,192000.0,62000.0,101000.0,299000.0,159000.0,118000.0,311000.0,130000.0,39000.0,41000.0,34000.0,67000.0,48000.0,77000.0,66000.0,35000.0,102000.0,86000.0,54000.0,39000.0,81000.0,44000.0,107000.0,41000.0,41000.0,57000.0,86666.67,32.6923,0.001852,109400.0,15.5393,0.001213,128600.0,6.6096,0.000643,122733.33,4.6171,0.000464,106700.0,3.9831,0.000363,92866.67,3.051,0.000244
20261005,6690,安碁資訊,160000.0,57000.0,100000.0,182000.0,112000.0,105000.0,154000.0,167000.0,329000.0,536000.0,307000.0,744000.0,2249000.0,547000.0,469000.0,27000.0,17000.0,11000.0,19000.0,41000.0,29000.0,32000.0,30000.0,16000.0,43000.0,21000.0,32000.0,26000.0,16000.0,26000.0,105666.67,50.4732,0.003487,122200.0,26.1866,0.002283,190200.0,8.4122,0.00121,414533.33,2.5732,0.000874,316650.0,2.5264,0.000684,220133.33,2.4228,0.000458
20261005,6692,進能服,3000.0,12000.0,5000.0,8000.0,19000.0,51000.0,16000.0,42000.0,9000.0,12000.0,11000.0,6000.0,,23000.0,4000.0,12000.0,2000.0,20000.0,12000.0,18000.0,18000.0,1000.0,16000.0,7000.0,30000.0,7000.0,11000.0,12000.0,16000.0,24000.0,6666.67,15.0,6.5e-05,9400.0,6.383,4.3e-05,17700.0,1.6949,2.3e-05,15785.71,1.3575,1.6e-05,15000.0,1.0526,1.3e-05,14724.14,0.7026,9e-06
20261005,6693,廣閎科,2119000.0,1425000.0,1921000.0,2952000.0,3852000.0,7507000.0,2910000.0,568000.0,705000.0,899000.0,1283000.0,1486000.0,778000.0,1419000.0,977000.0,834000.0,959000.0,1586000.0,2385000.0,2030000.0,2402000.0,1164000.0,1401000.0,938000.0,2106000.0,514000.0,569000.0,474000.0,646000.0,944000.0,1821666.67,38.774,0.046175,2453800.0,17.2712,0.030241,2485800.0,8.5244,0.016027,2053400.0,6.8796,0.011575,1929750.0,5.4903,0.009054,1658433.33,4.259,0.006071
20261005,6697,東捷資訊,15000.0,34000.0,25000.0,33000.0,19000.0,13000.0,25000.0,19000.0,31000.0,31000.0,37000.0,13000.0,80000.0,65000.0,8000.0,6000.0,11000.0,6000.0,5000.0,6000.0,15000.0,25000.0,64000.0,20000.0,37000.0,15000.0,,20000.0,11000.0,7000.0,24666.67,20.2703,0.000327,25200.0,11.9048,0.000214,24500.0,6.1224,0.000113,29866.67,3.3482,8.2e-05,24100.0,3.112,6.4e-05,24000.0,2.1552,4.3e-05
20261005,6703,軒郁,21000.0,7000.0,11000.0,44000.0,26000.0,8000.0,21000.0,58000.0,8000.0,13000.0,17000.0,15000.0,26000.0,31000.0,14000.0,103000.0,81000.0,91000.0,16000.0,39000.0,21000.0,29000.0,45000.0,17000.0,60000.0,12000.0,16000.0,15000.0,16000.0,15000.0,13000.0,53.8462,0.000458,21800.0,19.2661,0.0003,21700.0,9.6774,0.000159,21333.33,6.5625,0.000115,32500.0,3.2308,9e-05,29866.67,2.3438,6e-05
20261005,6708,天擎,606000.0,827000.0,1490000.0,879000.0,205000.0,343000.0,6000.0,11000.0,74000.0,69000.0,105000.0,11000.0,29000.0,3000.0,10000.0,11000.0,16000.0,7000.0,39000.0,3000.0,2000.0,6000.0,8000.0,23000.0,26000.0,22000.0,34000.0,9000.0,18000.0,15000.0,974333.33,20.7321,0.013205,801400.0,15.1235,0.008648,451000.0,13.4368,0.004584,311200.0,12.982,0.00331,237200.0,12.774,0.002589,163566.67,12.3497,0.001736
20261005,6712,長聖,384000.0,404000.0,93000.0,172000.0,187000.0,197000.0,281000.0,198000.0,55000.0,169000.0,371000.0,109000.0,107000.0,150000.0,178000.0,239000.0,242000.0,149000.0,261000.0,158000.0,216000.0,194000.0,153000.0,334000.0,361000.0,656000.0,403000.0,1093000.0,262000.0,304000.0,293666.67,43.5868,0.008368,248000.0,30.9677,0.00548,214000.0,17.9439,0.002904,203666.67,12.5696,0.002098,205200.0,9.3567,0.001641,269333.33,4.7525,0.0011
20261005,6716,應廣,1112000.0,574000.0,401000.0,195000.0,145000.0,275000.0,257000.0,425000.0,488000.0,411000.0,492000.0,315000.0,573000.0,760000.0,389000.0,389000.0,708000.0,1407000.0,1001000.0,2315000.0,2055000.0,396000.0,272000.0,454000.0,441000.0,608000.0,765000.0,990000.0,659000.0,485000.0,695666.67,53.2822,0.024232,485400.0,45.8179,0.01587,428300.0,25.9631,0.008411,454133.33,16.3241,0.006074,631600.0,8.803,0.004751,658566.67,5.6284,0.003186
20261005,6720,久昌,4000.0,76000.0,14000.0,12000.0,8000.0,5000.0,83000.0,6000.0,13000.0,28000.0,4000.0,2000.0,6000.0,24000.0,,53000.0,17000.0,30000.0,9000.0,29000.0,28000.0,16000.0,24000.0,8000.0,17000.0,35000.0,6000.0,30000.0,4000.0,33000.0,31333.33,4.2553,8.7e-05,22800.0,3.5088,5.7e-05,24900.0,1.6064,3e-05,20357.14,1.4035,2.2e-05,22263.16,0.9456,1.7e-05,21517.24,0.641,1.1e-05
20261005,6721,信實,9000.0,,1000.0,9000.0,3000.0,3000.0,5000.0,6000.0,14000.0,1000.0,2000.0,6000.0,7000.0,8000.0,46000.0,4000.0,,5000.0,3000.0,85000.0,26000.0,14000.0,14000.0,5000.0,4000.0,4000.0,12000.0,10000.0,11000.0,11000.0,5000.0,90.0,0.000196,5500.0,40.9091,0.000128,5666.67,17.6471,6.8e-05,8571.43,7.5,4.9e-05,12055.56,4.1475,3.8e-05,11714.29,2.7439,2.6e-05
20261005,6725,矽科宏晟,85000.0,53000.0,115000.0,48000.0,50000.0,25000.0,30000.0,48000.0,53000.0,54000.0,127000.0,27000.0,35000.0,76000.0,167000.0,49000.0,43000.0,62000.0,63000.0,89000.0,86000.0,16000.0,61000.0,84000.0,53000.0,134000.0,52000.0,87000.0,63000.0,63000.0,84333.33,33.5968,0.001852,70200.0,24.2165,0.001213,56100.0,15.1515,0.000643,66200.0,8.5599,0.000464,64950.0,6.5435,0.000363,66600.0,4.2543,0.000244
20261005,6727,亞泰金屬,1794000.0,1837000.0,637000.0,969000.0,1632000.0,1527000.0,778000.0,1115000.0,1090000.0,793000.0,1521000.0,583000.0,1035000.0,1173000.0,946000.0,1414000.0,1489000.0,1348000.0,1302000.0,1958000.0,2045000.0,2707000.0,2009000.0,2229000.0,2475000.0,2474000.0,2287000.0,739000.0,943000.0,1625000.0,1422666.67,42.0337,0.039093,1373800.0,26.1173,0.025603,1217200.0,14.7387,0.013569,1162000.0,10.2926,0.0098,1247050.0,7.193,0.007666,1482466.67,4.0338,0.00514
20261005,6728,上洋,27000.0,29000.0,28000.0,17000.0,31000.0,13000.0,32000.0,11000.0,7000.0,9000.0,23000.0,12000.0,10000.0,17000.0,7000.0,17000.0,38000.0,2000.0,4000.0,11000.0,31000.0,32000.0,5000.0,11000.0,7000.0,7000.0,3000.0,12000.0,36000.0,23000.0,28000.0,32.1429,0.000588,26400.0,20.4545,0.000385,20400.0,13.2353,0.000204,18200.0,9.8901,0.000147,17250.0,7.8261,0.000115,17066.67,5.2734,7.7e-05
20261005,6730,常廣,17000.0,21000.0,7000.0,7000.0,6000.0,12000.0,6000.0,7000.0,7000.0,5000.0,4000.0,,3000.0,2000.0,7000.0,3000.0,29000.0,7000.0,18000.0,9000.0,6000.0,14000.0,,5000.0,2000.0,3000.0,10000.0,1000.0,5000.0,22000.0,15000.0,37.7778,0.00037,11600.0,29.3103,0.000243,9500.0,17.8947,0.000129,7928.57,15.3153,9.3e-05,9315.79,9.6045,7.3e-05,8750.0,6.9388,4.9e-05
20261005,6732,昇佳電子,129000.0,89000.0,54000.0,70000.0,58000.0,27000.0,41000.0,98000.0,50000.0,67000.0,85000.0,34000.0,45000.0,72000.0,87000.0,94000.0,62000.0,112000.0,53000.0,91000.0,192000.0,139000.0,121000.0,112000.0,163000.0,109000.0,159000.0,50000.0,72000.0,94000.0,90666.67,47.4265,0.002811,80000.0,32.25,0.001841,68300.0,18.8873,0.000976,67066.67,12.8231,0.000705,70900.0,9.0973,0.000551,87633.33,4.9068,0.00037
20261005,6733,博晟生醫,111000.0,73000.0,22000.0,98000.0,40000.0,46000.0,45000.0,99000.0,53000.0,52000.0,77000.0,14000.0,34000.0,28000.0,79000.0,53000.0,63000.0,56000.0,59000.0,62000.0,114000.0,56000.0,336000.0,108000.0,196000.0,39000.0,110000.0,67000.0,52000.0,83000.0,68666.67,53.8835,0.002419,68800.0,32.2674,0.001584,63900.0,17.3709,0.00084,58066.67,12.744,0.000606,58200.0,9.5361,0.000474,77500.0,4.7742,0.000318
20261005,6735,美達科技,69000.0,47000.0,69000.0,108000.0,103000.0,35000.0,117000.0,60000.0,63000.0,97000.0,60000.0,47000.0,29000.0,54000.0,46000.0,43000.0,101000.0,63000.0,42000.0,88000.0,113000.0,129000.0,262000.0,107000.0,81000.0,128000.0,78000.0,48000.0,37000.0,73000.0,61666.67,37.2973,0.001504,79200.0,17.4242,0.000985,76800.0,8.9844,0.000522,66933.33,6.8725,0.000377,67050.0,5.1454,0.000295,79900.0,2.8786,0.000198
20261005,6739,竹陞科技,280000.0,337000.0,143000.0,246000.0,171000.0,149000.0,253000.0,194000.0,272000.0,325000.0,248000.0,242000.0,282000.0,501000.0,1656000.0,394000.0,408000.0,214000.0,486000.0,125000.0,129000.0,120000.0,167000.0,267000.0,567000.0,201000.0,61000.0,106000.0,78000.0,86000.0,253333.33,36.8421,0.006101,235400.0,23.7893,0.003996,237000.0,11.8143,0.002118,353266.67,5.284,0.001529,346300.0,4.0427,0.001196,290266.67,3.2154,0.000802
20261005,6741,91APP*-KY,183000.0,149000.0,96000.0,292000.0,96000.0,159000.0,290000.0,128000.0,188000.0,272000.0,64000.0,104000.0,76000.0,83000.0,263000.0,97000.0,95000.0,134000.0,107000.0,118000.0,254000.0,211000.0,190000.0,219000.0,322000.0,378000.0,308000.0,511000.0,414000.0,496000.0,142666.67,42.757,0.003988,163200.0,22.4265,0.002612,185300.0,9.8759,0.001384,162866.67,7.4908,0.001,149700.0,6.1122,0.000782,209900.0,2.9061,0.000524
20261005,6751,智聯服務,8000.0,5000.0,4000.0,6000.0,29000.0,8000.0,,8000.0,13000.0,12000.0,4000.0,10000.0,2000.0,4000.0,6000.0,3000.0,7000.0,7000.0,10000.0,1000.0,9000.0,7000.0,18000.0,5000.0,,2000.0,12000.0,9000.0,1000.0,14000.0,5666.67,47.0588,0.000174,10400.0,15.3846,0.000114,10333.33,8.6022,6.1e-05,8500.0,6.7227,4.4e-05,7736.84,5.4422,3.4e-05,8000.0,3.5714,2.3e-05
20261005,6752,叡揚,16000.0,7000.0,8000.0,10000.0,12000.0,7000.0,15000.0,18000.0,21000.0,15000.0,28000.0,117000.0,195000.0,37000.0,9000.0,7000.0,1000.0,17000.0,3000.0,7000.0,10000.0,9000.0,,7000.0,1000.0,9000.0,2000.0,10000.0,17000.0,11000.0,10333.33,51.6129,0.000349,10600.0,30.1887,0.000228,12900.0,12.4031,0.000121,34333.33,3.1068,8.7e-05,27500.0,2.9091,6.8e-05,21586.21,2.5559,4.6e-05
20261005,6761,穩得,238000.0,162000.0,143000.0,97000.0,83000.0,92000.0,74000.0,147000.0,88000.0,113000.0,118000.0,52000.0,101000.0,144000.0,286000.0,640000.0,162000.0,245000.0,289000.0,394000.0,413000.0,204000.0,571000.0,284000.0,521000.0,732000.0,402000.0,306000.0,629000.0,855000.0,181000.0,43.8306,0.005186,144600.0,32.9184,0.003397,123700.0,19.2401,0.0018,129200.0,12.2807,0.0013,183400.0,6.4885,0.001017,286166.67,2.7723,0.000682
20261005,6762,達亞,2000.0,5000.0,2000.0,4000.0,,3000.0,1000.0,,,1000.0,,,,,5000.0,,9000.0,,1000.0,,1000.0,3000.0,,,2000.0,,1000.0,,,,3000.0,22.2222,4.4e-05,3250.0,15.3846,2.9e-05,2571.43,11.1111,1.5e-05,2875.0,8.6957,1.1e-05,3300.0,6.0606,9e-06,2857.14,5.0,6e-06
20261005,6763,綠界科技*,158000.0,159000.0,86000.0,116000.0,58000.0,86000.0,126000.0,243000.0,138000.0,147000.0,153000.0,73000.0,69000.0,146000.0,158000.0,143000.0,170000.0,136000.0,178000.0,161000.0,190000.0,134000.0,221000.0,127000.0,153000.0,170000.0,139000.0,99000.0,73000.0,106000.0,134333.33,39.206,0.003443,115400.0,27.383,0.002255,131700.0,11.997,0.001195,127733.33,8.2463,0.000863,135200.0,5.8432,0.000675,137200.0,3.8387,0.000453
20261005,6767,台微醫,,10000.0,15000.0,3000.0,6000.0,1000.0,2000.0,5000.0,10000.0,35000.0,30000.0,5000.0,1000.0,3000.0,1000.0,2000.0,14000.0,9000.0,7000.0,,,,4000.0,1000.0,4000.0,4000.0,1000.0,2000.0,12000.0,3000.0,12500.0,,,8500.0,,,9666.67,,,9071.43,,,8833.33,,,7307.69,,
20261005,6785,昱展新藥,43000.0,33000.0,31000.0,66000.0,29000.0,44000.0,21000.0,82000.0,46000.0,226000.0,167000.0,16000.0,27000.0,15000.0,31000.0,37000.0,55000.0,50000.0,44000.0,27000.0,35000.0,45000.0,87000.0,63000.0,43000.0,30000.0,50000.0,18000.0,178000.0,71000.0,35666.67,40.1869,0.000937,40400.0,21.2871,0.000614,62100.0,6.9243,0.000325,58466.67,4.9031,0.000235,54500.0,3.945,0.000184,57000.0,2.5146,0.000123
20261005,6788,華景電,843000.0,422000.0,151000.0,161000.0,185000.0,64000.0,89000.0,175000.0,213000.0,229000.0,187000.0,77000.0,125000.0,95000.0,207000.0,340000.0,756000.0,193000.0,297000.0,289000.0,247000.0,285000.0,724000.0,286000.0,268000.0,258000.0,120000.0,205000.0,72000.0,158000.0,472000.0,59.5339,0.01837,352400.0,47.8434,0.012031,253200.0,33.2938,0.006376,214866.67,26.1558,0.004605,254900.0,16.5359,0.003602,257366.67,10.9183,0.002415
20261005,6791,虎門科技,10000.0,5000.0,4000.0,7000.0,6000.0,5000.0,9000.0,9000.0,11000.0,16000.0,8000.0,14000.0,19000.0,38000.0,17000.0,2000.0,4000.0,11000.0,16000.0,1000.0,4000.0,15000.0,6000.0,11000.0,7000.0,18000.0,7000.0,7000.0,3000.0,3000.0,6333.33,52.6316,0.000218,6400.0,31.25,0.000143,8200.0,12.1951,7.6e-05,11866.67,5.618,5.5e-05,10600.0,4.717,4.3e-05,9766.67,3.413,2.9e-05
20261005,6803,崑鼎,104000.0,43000.0,37000.0,31000.0,81000.0,20000.0,45000.0,56000.0,56000.0,56000.0,37000.0,15000.0,38000.0,40000.0,60000.0,42000.0,76000.0,43000.0,62000.0,10000.0,48000.0,42000.0,31000.0,39000.0,45000.0,42000.0,28000.0,36000.0,68000.0,37000.0,61333.33,56.5217,0.002266,59200.0,35.1351,0.001484,52900.0,19.6597,0.000787,47933.33,14.4645,0.000568,47600.0,10.9244,0.000444,45600.0,7.6023,0.000298
20261005,6804,明係,46000.0,24000.0,26000.0,53000.0,48000.0,47000.0,36000.0,73000.0,66000.0,81000.0,57000.0,51000.0,53000.0,18000.0,119000.0,27000.0,110000.0,55000.0,74000.0,46000.0,66000.0,68000.0,86000.0,41000.0,40000.0,58000.0,104000.0,60000.0,76000.0,45000.0,32000.0,47.9167,0.001002,39400.0,23.3503,0.000656,50000.0,9.2,0.000348,53200.0,5.7644,0.000251,55500.0,4.1441,0.000197,58466.67,2.6226,0.000132
20261005,6811,宏碁資訊,386000.0,172000.0,161000.0,223000.0,328000.0,276000.0,185000.0,429000.0,590000.0,1058000.0,384000.0,708000.0,1323000.0,1006000.0,185000.0,68000.0,50000.0,75000.0,637000.0,39000.0,59000.0,32000.0,39000.0,71000.0,42000.0,57000.0,39000.0,26000.0,59000.0,33000.0,239666.67,53.6857,0.008411,254000.0,30.3937,0.005509,380800.0,10.1366,0.00292,494266.67,5.2064,0.002109,414150.0,4.6601,0.001649,291333.33,4.4165,0.001106
20261005,6821,聯寶,791000.0,615000.0,74000.0,153000.0,41000.0,31000.0,63000.0,98000.0,88000.0,72000.0,48000.0,52000.0,32000.0,87000.0,55000.0,49000.0,155000.0,122000.0,185000.0,94000.0,74000.0,111000.0,132000.0,69000.0,194000.0,202000.0,138000.0,112000.0,95000.0,67000.0,493333.33,53.4459,0.017237,334800.0,47.2521,0.011289,202600.0,39.0424,0.005983,153333.33,34.3913,0.004321,145250.0,27.2289,0.00338,136633.33,19.2974,0.002266
20261005,6823,濾能,34000.0,15000.0,12000.0,88000.0,115000.0,43000.0,48000.0,26000.0,20000.0,10000.0,53000.0,54000.0,56000.0,55000.0,44000.0,26000.0,28000.0,41000.0,92000.0,69000.0,145000.0,101000.0,84000.0,160000.0,336000.0,127000.0,105000.0,48000.0,42000.0,234000.0,20333.33,55.7377,0.000741,52800.0,12.8788,0.000485,41100.0,8.2725,0.000257,44866.67,5.052,0.000186,46450.0,3.6598,0.000145,77033.33,1.4712,9.7e-05
20261005,6829,千附精密,424000.0,294000.0,475000.0,464000.0,243000.0,384000.0,672000.0,1173000.0,682000.0,1000000.0,527000.0,622000.0,1228000.0,1008000.0,1099000.0,1493000.0,2006000.0,1112000.0,1666000.0,619000.0,875000.0,1094000.0,1293000.0,1363000.0,1160000.0,2301000.0,1649000.0,594000.0,454000.0,662000.0,397666.67,35.5407,0.009239,380000.0,22.3158,0.006051,581100.0,7.2965,0.003207,686333.33,4.1185,0.002316,859550.0,2.4664,0.001812,954533.33,1.4807,0.001215
20261005,6840,東研信超,292000.0,218000.0,337000.0,209000.0,278000.0,257000.0,269000.0,582000.0,604000.0,1455000.0,1197000.0,225000.0,135000.0,358000.0,264000.0,1194000.0,450000.0,750000.0,179000.0,391000.0,461000.0,488000.0,469000.0,402000.0,703000.0,1350000.0,993000.0,168000.0,324000.0,447000.0,282333.33,34.4746,0.006363,266800.0,21.8891,0.004167,450100.0,6.4874,0.002209,445333.33,4.3713,0.001595,482200.0,3.0278,0.001248,514966.67,1.8901,0.000837
20261005,6841,長佳智能,226000.0,178000.0,602000.0,796000.0,650000.0,136000.0,65000.0,103000.0,91000.0,124000.0,188000.0,75000.0,74000.0,87000.0,288000.0,100000.0,99000.0,98000.0,133000.0,164000.0,279000.0,120000.0,141000.0,132000.0,126000.0,102000.0,298000.0,331000.0,115000.0,140000.0,335333.33,22.4652,0.004925,490400.0,9.217,0.003225,297100.0,7.6069,0.001709,245533.33,6.1363,0.001235,213850.0,5.2841,0.000966,202033.33,3.7288,0.000647
20261005,6843,進典,29000.0,32000.0,14000.0,3000.0,3000.0,6000.0,8000.0,11000.0,10000.0,8000.0,3000.0,4000.0,12000.0,7000.0,2000.0,3000.0,25000.0,1000.0,5000.0,13000.0,9000.0,16000.0,13000.0,7000.0,1000.0,1000.0,11000.0,1000.0,26000.0,2000.0,25000.0,38.6667,0.000632,16200.0,35.8025,0.000414,12400.0,23.3871,0.000219,10133.33,19.0789,0.000158,9950.0,14.5729,0.000124,9533.33,10.1399,8.3e-05
20261005,6844,諾貝兒,7000.0,11000.0,11000.0,13000.0,10000.0,9000.0,12000.0,12000.0,36000.0,37000.0,23000.0,18000.0,28000.0,14000.0,16000.0,4000.0,15000.0,5000.0,22000.0,54000.0,19000.0,17000.0,29000.0,25000.0,25000.0,34000.0,25000.0,19000.0,12000.0,24000.0,9666.67,24.1379,0.000153,10400.0,13.4615,0.0001,15800.0,4.4304,5.3e-05,17133.33,2.7237,3.8e-05,17850.0,1.9608,3e-05,19533.33,1.1945,2e-05
20261005,6846,綠茵,4000.0,3000.0,6000.0,6000.0,4000.0,1000.0,4000.0,3000.0,15000.0,14000.0,1000.0,2000.0,4000.0,11000.0,11000.0,7000.0,1000.0,1000.0,6000.0,5000.0,2000.0,8000.0,9000.0,9000.0,2000.0,9000.0,1000.0,11000.0,6000.0,10000.0,4333.33,30.7692,8.7e-05,4600.0,17.3913,5.7e-05,6000.0,6.6667,3e-05,5933.33,4.4944,2.2e-05,5450.0,3.6697,1.7e-05,5866.67,2.2727,1.1e-05
20261005,6855,數泓科,1000.0,4000.0,,8000.0,,,5000.0,7000.0,3000.0,1000.0,,,7000.0,1000.0,5000.0,5000.0,7000.0,8000.0,1000.0,1000.0,,2000.0,,8000.0,2000.0,,12000.0,16000.0,5000.0,9000.0,2500.0,20.0,2.2e-05,4333.33,7.6923,1.4e-05,4142.86,3.4483,8e-06,4200.0,2.381,5e-06,4266.67,1.5625,4e-06,5363.64,0.8475,3e-06
20261005,6856,鑫傳,3000.0,1000.0,10000.0,13000.0,5000.0,12000.0,6000.0,5000.0,9000.0,14000.0,3000.0,7000.0,2000.0,,3000.0,10000.0,2000.0,,1000.0,3000.0,,,,,1000.0,3000.0,,2000.0,9000.0,27000.0,4666.67,21.4286,6.5e-05,6400.0,9.375,4.3e-05,7800.0,3.8462,2.3e-05,6642.86,3.2258,1.6e-05,6055.56,2.7523,1.3e-05,6565.22,1.9868,9e-06
20261005,6859,伯特光,49000.0,30000.0,26000.0,21000.0,10000.0,35000.0,98000.0,34000.0,37000.0,22000.0,114000.0,102000.0,8000.0,38000.0,38000.0,79000.0,87000.0,13000.0,31000.0,29000.0,56000.0,107000.0,32000.0,94000.0,10000.0,56000.0,14000.0,71000.0,27000.0,42000.0,35000.0,46.6667,0.001068,27200.0,36.0294,0.000699,36200.0,13.5359,0.000371,44133.33,7.4018,0.000268,45050.0,5.4384,0.000209,47000.0,3.4752,0.00014
20261005,6865,偉康科技,20000.0,4000.0,21000.0,59000.0,9000.0,33000.0,23000.0,7000.0,2000.0,12000.0,28000.0,33000.0,156000.0,126000.0,7000.0,6000.0,14000.0,6000.0,3000.0,12000.0,18000.0,14000.0,1000.0,5000.0,8000.0,5000.0,6000.0,6000.0,6000.0,35000.0,15000.0,44.4444,0.000436,22600.0,17.6991,0.000285,19000.0,10.5263,0.000151,36000.0,3.7037,0.000109,29050.0,3.4423,8.5e-05,22833.33,2.9197,5.7e-05
20261005,6870,騰雲,69000.0,82000.0,81000.0,124000.0,49000.0,272000.0,1125000.0,74000.0,98000.0,59000.0,97000.0,458000.0,371000.0,115000.0,212000.0,62000.0,108000.0,53000.0,264000.0,50000.0,89000.0,238000.0,229000.0,20000.0,44000.0,49000.0,36000.0,14000.0,11000.0,19000.0,77333.33,29.7414,0.001504,81000.0,17.037,0.000985,203300.0,3.394,0.000522,219066.67,2.0998,0.000377,191150.0,1.8049,0.000295,152400.0,1.5092,0.000198
20261005,6872,浩宇生醫,123000.0,78000.0,174000.0,238000.0,308000.0,203000.0,215000.0,586000.0,358000.0,126000.0,429000.0,267000.0,296000.0,475000.0,572000.0,1959000.0,412000.0,188000.0,237000.0,380000.0,259000.0,97000.0,33000.0,37000.0,185000.0,65000.0,10000.0,12000.0,5000.0,27000.0,125000.0,32.8,0.00268,184200.0,13.355,0.001755,240900.0,5.1059,0.00093,296533.33,2.7653,0.000672,381200.0,1.6133,0.000526,278466.67,1.4723,0.000352
20261005,6874,倍力,15000.0,11000.0,13000.0,20000.0,8000.0,16000.0,8000.0,13000.0,13000.0,27000.0,49000.0,26000.0,57000.0,35000.0,12000.0,23000.0,14000.0,39000.0,57000.0,53000.0,128000.0,121000.0,74000.0,22000.0,26000.0,35000.0,30000.0,22000.0,10000.0,30000.0,13000.0,38.4615,0.000327,13400.0,22.3881,0.000214,14400.0,10.4167,0.000113,21533.33,4.644,8.2e-05,25450.0,2.947,6.4e-05,33566.67,1.4896,4.3e-05
20261005,6875,國邑*,837000.0,650000.0,252000.0,183000.0,88000.0,125000.0,249000.0,476000.0,615000.0,260000.0,153000.0,147000.0,101000.0,193000.0,222000.0,240000.0,92000.0,88000.0,120000.0,208000.0,179000.0,178000.0,39000.0,52000.0,32000.0,39000.0,25000.0,44000.0,24000.0,67000.0,579666.67,48.1311,0.018239,402000.0,41.6418,0.011945,373500.0,22.4096,0.006331,303400.0,18.3916,0.004572,264950.0,15.7954,0.003576,199266.67,14.0013,0.002398
20261005,6877,鏵友益,881000.0,352000.0,157000.0,64000.0,75000.0,22000.0,103000.0,96000.0,38000.0,37000.0,32000.0,61000.0,49000.0,42000.0,22000.0,23000.0,52000.0,187000.0,96000.0,27000.0,86000.0,37000.0,63000.0,46000.0,37000.0,20000.0,49000.0,41000.0,26000.0,53000.0,463333.33,63.3813,0.019198,305800.0,57.6194,0.012573,182500.0,48.274,0.006664,135400.0,43.3776,0.004812,120800.0,36.4652,0.003764,95800.0,30.6541,0.002524
20261005,6881,潤德,8000.0,3000.0,6000.0,4000.0,3000.0,1000.0,,,3000.0,8000.0,1000.0,4000.0,3000.0,9000.0,6000.0,,1000.0,,3000.0,2000.0,1000.0,,7000.0,4000.0,,,1000.0,3000.0,17000.0,8000.0,5666.67,47.0588,0.000174,4800.0,33.3333,0.000114,4500.0,22.2222,6.1e-05,4538.46,13.5593,4.4e-05,4062.5,12.3077,3.4e-05,4608.7,7.5472,2.3e-05
20261005,6884,海柏特,3000.0,3000.0,7000.0,13000.0,4000.0,5000.0,,,3000.0,6000.0,2000.0,1000.0,8000.0,5000.0,4000.0,10000.0,14000.0,29000.0,4000.0,5000.0,10000.0,4000.0,7000.0,5000.0,6000.0,7000.0,3000.0,4000.0,7000.0,8000.0,4333.33,23.0769,6.5e-05,6000.0,10.0,4.3e-05,5500.0,6.8182,2.3e-05,4923.08,4.6875,1.6e-05,7000.0,2.381,1.3e-05,6678.57,1.6043,9e-06
20261005,6894,衛司特,89000.0,30000.0,28000.0,42000.0,20000.0,45000.0,33000.0,116000.0,127000.0,76000.0,57000.0,20000.0,34000.0,111000.0,58000.0,195000.0,37000.0,54000.0,17000.0,21000.0,28000.0,48000.0,33000.0,194000.0,136000.0,32000.0,21000.0,9000.0,28000.0,26000.0,49000.0,60.5442,0.001939,41800.0,42.5837,0.00127,60600.0,14.6865,0.000673,59066.67,10.0451,0.000486,60500.0,7.3554,0.00038,58833.33,5.0425,0.000255
20261005,6895,宏碩系統,93000.0,16000.0,27000.0,17000.0,8000.0,32000.0,13000.0,11000.0,57000.0,27000.0,19000.0,40000.0,25000.0,20000.0,13000.0,9000.0,11000.0,27000.0,25000.0,47000.0,105000.0,99000.0,189000.0,332000.0,100000.0,61000.0,39000.0,81000.0,107000.0,54000.0,45333.33,68.3824,0.002027,32200.0,57.764,0.001327,30100.0,30.897,0.000703,27866.67,22.2488,0.000508,26850.0,17.3184,0.000397,56800.0,5.4577,0.000266
20261005,6899,創為精密,2000.0,10000.0,11000.0,11000.0,13000.0,5000.0,15000.0,12000.0,39000.0,8000.0,14000.0,2000.0,8000.0,5000.0,10000.0,7000.0,4000.0,9000.0,16000.0,4000.0,9000.0,4000.0,6000.0,15000.0,9000.0,12000.0,16000.0,15000.0,17000.0,3000.0,7666.67,8.6957,4.4e-05,9400.0,4.2553,2.9e-05,12600.0,1.5873,1.5e-05,11000.0,1.2121,1.1e-05,10250.0,0.9756,9e-06,10366.67,0.6431,6e-06
20261005,6903,巨漢,504000.0,214000.0,399000.0,544000.0,205000.0,161000.0,230000.0,155000.0,128000.0,249000.0,142000.0,59000.0,107000.0,131000.0,194000.0,624000.0,191000.0,133000.0,153000.0,218000.0,220000.0,194000.0,268000.0,169000.0,184000.0,172000.0,212000.0,150000.0,235000.0,329000.0,372333.33,45.1209,0.010983,373200.0,27.0096,0.007193,278900.0,18.071,0.003812,228133.33,14.7282,0.002753,237050.0,10.6307,0.002154,229133.33,7.332,0.001444
20261005,6904,伯鑫,1000.0,1000.0,,1000.0,1000.0,,1000.0,,1000.0,3000.0,,,4000.0,1000.0,6000.0,,,1000.0,1000.0,,,2000.0,,,1000.0,1000.0,,1000.0,1000.0,4000.0,1000.0,50.0,2.2e-05,1000.0,25.0,1.4e-05,1285.71,11.1111,8e-06,2000.0,5.0,5e-06,1833.33,4.5455,4e-06,1777.78,3.125,3e-06
20261005,6907,雅特力-KY,2001000.0,2615000.0,2919000.0,739000.0,268000.0,391000.0,617000.0,1624000.0,608000.0,1836000.0,598000.0,489000.0,510000.0,882000.0,1693000.0,1125000.0,3654000.0,7106000.0,3989000.0,718000.0,1516000.0,1198000.0,1560000.0,870000.0,1172000.0,1055000.0,1473000.0,1739000.0,1571000.0,4248000.0,2511666.67,26.5561,0.043604,1708400.0,23.4254,0.028557,1361800.0,14.6938,0.015135,1186000.0,11.2479,0.01093,1719100.0,5.8199,0.00855,1692800.0,3.9402,0.005733
20261005,6910,德鴻,19000.0,8000.0,27000.0,16000.0,25000.0,20000.0,8000.0,45000.0,38000.0,35000.0,11000.0,8000.0,15000.0,18000.0,25000.0,35000.0,8000.0,21000.0,12000.0,15000.0,15000.0,19000.0,43000.0,8000.0,6000.0,6000.0,19000.0,17000.0,16000.0,6000.0,18000.0,35.1852,0.000414,19000.0,20.0,0.000271,24100.0,7.8838,0.000144,21200.0,5.9748,0.000104,20450.0,4.6455,8.1e-05,18800.0,3.3688,5.4e-05
20261005,6913,鴻呈,163000.0,102000.0,94000.0,71000.0,97000.0,93000.0,204000.0,216000.0,154000.0,184000.0,270000.0,154000.0,225000.0,375000.0,357000.0,257000.0,344000.0,498000.0,1480000.0,820000.0,576000.0,711000.0,962000.0,2365000.0,1819000.0,1298000.0,187000.0,154000.0,311000.0,171000.0,119666.67,45.4039,0.003552,105400.0,30.9298,0.002326,137800.0,11.8287,0.001233,183933.33,5.9079,0.00089,307900.0,2.647,0.000696,490400.0,1.1079,0.000467
20261005,6922,宸曜,149000.0,187000.0,81000.0,193000.0,480000.0,259000.0,94000.0,166000.0,338000.0,51000.0,77000.0,30000.0,80000.0,63000.0,66000.0,148000.0,94000.0,394000.0,424000.0,132000.0,154000.0,92000.0,126000.0,168000.0,190000.0,186000.0,130000.0,525000.0,403000.0,298000.0,139000.0,35.7314,0.003247,218000.0,13.6697,0.002126,199800.0,7.4575,0.001127,154266.67,6.4391,0.000814,175300.0,4.2499,0.000637,192600.0,2.5787,0.000427
20261005,6925,意藍,696000.0,492000.0,938000.0,1217000.0,2026000.0,1439000.0,452000.0,116000.0,275000.0,621000.0,236000.0,565000.0,150000.0,105000.0,33000.0,2000.0,13000.0,11000.0,13000.0,6000.0,7000.0,12000.0,54000.0,25000.0,13000.0,12000.0,19000.0,6000.0,5000.0,11000.0,708666.67,32.7375,0.015167,1073800.0,12.9633,0.009933,827200.0,8.4139,0.005264,624066.67,7.4351,0.003802,470300.0,7.3995,0.002974,319000.0,7.2727,0.001994
20261005,6929,佑全,9000.0,8000.0,,4000.0,4000.0,,14000.0,3000.0,,3000.0,4000.0,6000.0,11000.0,6000.0,1000.0,7000.0,14000.0,,13000.0,4000.0,8000.0,3000.0,1000.0,3000.0,2000.0,5000.0,6000.0,7000.0,6000.0,4000.0,8500.0,52.9412,0.000196,6250.0,36.0,0.000128,6428.57,20.0,6.8e-05,6083.33,12.3288,4.9e-05,6937.5,8.1081,3.8e-05,6000.0,5.7692,2.6e-05
20261005,6945,圓祥生技,696000.0,610000.0,535000.0,692000.0,314000.0,217000.0,463000.0,613000.0,939000.0,1186000.0,1751000.0,684000.0,805000.0,133000.0,174000.0,130000.0,68000.0,84000.0,120000.0,68000.0,156000.0,113000.0,310000.0,442000.0,164000.0,602000.0,167000.0,230000.0,213000.0,131000.0,613666.67,37.8055,0.015167,569400.0,24.4468,0.009933,626500.0,11.1093,0.005264,654133.33,7.0934,0.003802,514100.0,6.7691,0.002974,427000.0,5.4333,0.001994
20261005,6953,家碩,452000.0,256000.0,97000.0,40000.0,30000.0,4000.0,13000.0,22000.0,86000.0,15000.0,18000.0,14000.0,31000.0,42000.0,55000.0,231000.0,235000.0,22000.0,7000.0,16000.0,10000.0,35000.0,107000.0,30000.0,32000.0,34000.0,50000.0,22000.0,19000.0,8000.0,268333.33,56.1491,0.00985,175000.0,51.6571,0.006451,101500.0,44.532,0.003419,78333.33,38.4681,0.002469,84300.0,26.809,0.001931,67766.67,22.2332,0.001295
20261005,6961,旅天下,30000.0,34000.0,7000.0,31000.0,34000.0,15000.0,20000.0,23000.0,24000.0,71000.0,40000.0,6000.0,28000.0,6000.0,11000.0,14000.0,35000.0,3000.0,13000.0,12000.0,50000.0,22000.0,16000.0,46000.0,13000.0,5000.0,8000.0,10000.0,31000.0,18000.0,23666.67,42.2535,0.000654,27200.0,22.0588,0.000428,28900.0,10.3806,0.000227,25333.33,7.8947,0.000164,22850.0,6.5646,0.000128,22533.33,4.4379,8.6e-05
20261005,6967,汎瑋材料,104000.0,183000.0,195000.0,277000.0,127000.0,70000.0,46000.0,72000.0,250000.0,61000.0,68000.0,80000.0,76000.0,98000.0,234000.0,500000.0,289000.0,64000.0,29000.0,41000.0,123000.0,31000.0,48000.0,32000.0,64000.0,61000.0,40000.0,26000.0,45000.0,109000.0,160666.67,21.5768,0.002266,177200.0,11.7381,0.001484,138500.0,7.509,0.000787,129400.0,5.3581,0.000568,143200.0,3.6313,0.000444,114766.67,3.0206,0.000298
20261005,6968,萬達寵物,51000.0,46000.0,45000.0,20000.0,11000.0,18000.0,55000.0,32000.0,63000.0,64000.0,118000.0,52000.0,20000.0,45000.0,61000.0,24000.0,17000.0,39000.0,150000.0,30000.0,59000.0,21000.0,27000.0,30000.0,21000.0,73000.0,38000.0,34000.0,22000.0,42000.0,47333.33,35.9155,0.001111,34600.0,29.4798,0.000728,40500.0,12.5926,0.000386,46733.33,7.2753,0.000279,48050.0,5.307,0.000218,44266.67,3.8404,0.000146
20261005,6971,惠民實業,25000.0,6000.0,8000.0,6000.0,6000.0,9000.0,22000.0,44000.0,64000.0,16000.0,32000.0,20000.0,12000.0,11000.0,43000.0,23000.0,63000.0,186000.0,37000.0,13000.0,21000.0,18000.0,16000.0,36000.0,11000.0,36000.0,43000.0,31000.0,24000.0,18000.0,13000.0,64.1026,0.000545,10200.0,49.0196,0.000357,20600.0,12.1359,0.000189,21600.0,7.716,0.000137,32300.0,3.87,0.000107,30000.0,2.7778,7.2e-05
20261005,6982,大井泵浦,19000.0,30000.0,21000.0,21000.0,14000.0,14000.0,24000.0,32000.0,19000.0,20000.0,11000.0,16000.0,50000.0,41000.0,30000.0,12000.0,17000.0,29000.0,31000.0,12000.0,9000.0,35000.0,14000.0,10000.0,26000.0,11000.0,13000.0,5000.0,28000.0,14000.0,23333.33,27.1429,0.000414,21000.0,18.0952,0.000271,21400.0,8.8785,0.000144,24133.33,5.2486,0.000104,23150.0,4.1037,8.1e-05,20933.33,3.0255,5.4e-05
20261005,6983,華洋精機,136000.0,13000.0,87000.0,42000.0,32000.0,16000.0,27000.0,47000.0,52000.0,30000.0,12000.0,35000.0,8000.0,32000.0,15000.0,37000.0,72000.0,37000.0,44000.0,43000.0,63000.0,37000.0,53000.0,66000.0,113000.0,160000.0,87000.0,51000.0,58000.0,35000.0,78666.67,57.6271,0.002964,62000.0,43.871,0.001941,48200.0,28.2158,0.001029,38933.33,23.2877,0.000743,40850.0,16.6463,0.000581,51333.33,8.8312,0.00039
20261005,6986,和迅,86000.0,213000.0,180000.0,148000.0,67000.0,44000.0,127000.0,160000.0,217000.0,104000.0,37000.0,44000.0,21000.0,38000.0,59000.0,48000.0,65000.0,107000.0,63000.0,64000.0,45000.0,37000.0,53000.0,65000.0,76000.0,45000.0,31000.0,31000.0,40000.0,59000.0,159666.67,17.9541,0.001874,138800.0,12.3919,0.001227,134600.0,6.3893,0.00065,103000.0,5.5663,0.00047,94600.0,4.5455,0.000367,79133.33,3.6226,0.000246
20261005,6996,力領科技,126000.0,31000.0,16000.0,11000.0,27000.0,11000.0,41000.0,48000.0,22000.0,42000.0,16000.0,25000.0,59000.0,24000.0,56000.0,56000.0,51000.0,314000.0,19000.0,54000.0,125000.0,73000.0,76000.0,31000.0,112000.0,49000.0,67000.0,36000.0,68000.0,42000.0,57666.67,72.8324,0.002746,42200.0,59.7156,0.001798,37500.0,33.6,0.000953,37000.0,22.7027,0.000688,52450.0,12.0114,0.000538,57600.0,7.2917,0.000361
20261005,6997,博弘,3000.0,3000.0,,1000.0,5000.0,22000.0,5000.0,6000.0,1000.0,2000.0,2000.0,2000.0,13000.0,,,,4000.0,7000.0,5000.0,,3000.0,1000.0,1000.0,7000.0,1000.0,3000.0,1000.0,1000.0,1000.0,2000.0,3000.0,50.0,6.5e-05,3000.0,25.0,4.3e-05,5333.33,6.25,2.3e-05,5416.67,4.6154,1.6e-05,5400.0,3.7037,1.3e-05,4080.0,2.9412,9e-06
20261005,7402,邑錡,173000.0,107000.0,117000.0,190000.0,173000.0,87000.0,177000.0,129000.0,127000.0,117000.0,131000.0,138000.0,178000.0,227000.0,740000.0,152000.0,141000.0,273000.0,198000.0,295000.0,499000.0,262000.0,321000.0,441000.0,2169000.0,5609000.0,671000.0,151000.0,260000.0,967000.0,132333.33,43.5768,0.00377,152000.0,22.7632,0.002469,139700.0,12.3837,0.001309,187400.0,6.1544,0.000945,193500.0,4.4703,0.000739,507333.33,1.1367,0.000496
20261005,7547,碩網,91000.0,114000.0,239000.0,812000.0,201000.0,269000.0,99000.0,78000.0,25000.0,3000.0,7000.0,29000.0,64000.0,47000.0,3000.0,5000.0,18000.0,3000.0,4000.0,14000.0,2000.0,5000.0,10000.0,11000.0,27000.0,13000.0,27000.0,21000.0,9000.0,11000.0,148000.0,20.4955,0.001983,291400.0,6.2457,0.001299,193100.0,4.7126,0.000688,138733.33,4.3729,0.000497,106250.0,4.2824,0.000389,75366.67,4.0248,0.000261
20261005,7556,意德士,344000.0,91000.0,26000.0,72000.0,71000.0,25000.0,15000.0,28000.0,46000.0,97000.0,9000.0,14000.0,18000.0,10000.0,23000.0,33000.0,41000.0,9000.0,13000.0,13000.0,31000.0,22000.0,27000.0,38000.0,64000.0,87000.0,48000.0,29000.0,25000.0,37000.0,153666.67,74.6204,0.007496,120800.0,56.9536,0.004909,81500.0,42.2086,0.002602,59266.67,38.6952,0.001879,49900.0,34.4689,0.00147,46866.67,24.4666,0.000986
20261005,7584,樂意,9000.0,,7000.0,6000.0,4000.0,5000.0,7000.0,7000.0,2000.0,5000.0,4000.0,2000.0,4000.0,15000.0,71000.0,3000.0,7000.0,7000.0,4000.0,2000.0,7000.0,9000.0,2000.0,2000.0,2000.0,,6000.0,1000.0,2000.0,2000.0,8000.0,56.25,0.000196,6500.0,34.6154,0.000128,5777.78,17.3077,6.8e-05,10571.43,6.0811,4.9e-05,9000.0,5.2632,3.8e-05,7285.71,4.4118,2.6e-05
20261005,7642,昶瑞機電,42000.0,22000.0,8000.0,33000.0,35000.0,16000.0,9000.0,38000.0,48000.0,20000.0,7000.0,39000.0,15000.0,19000.0,38000.0,3000.0,7000.0,15000.0,5000.0,5000.0,8000.0,9000.0,20000.0,5000.0,23000.0,4000.0,22000.0,3000.0,6000.0,9000.0,24000.0,58.3333,0.000915,28000.0,30.0,0.000599,27100.0,15.4982,0.000318,25933.33,10.7969,0.000229,21200.0,9.9057,0.000179,17766.67,7.8799,0.00012
20261005,7703,銳澤,50000.0,30000.0,87000.0,46000.0,33000.0,105000.0,94000.0,34000.0,48000.0,45000.0,67000.0,29000.0,66000.0,61000.0,66000.0,136000.0,165000.0,62000.0,274000.0,138000.0,137000.0,63000.0,32000.0,39000.0,20000.0,32000.0,118000.0,50000.0,22000.0,56000.0,55666.67,29.9401,0.00109,49200.0,20.3252,0.000714,57200.0,8.7413,0.000378,57400.0,5.8072,0.000273,81800.0,3.0562,0.000214,73500.0,2.2676,0.000143
20261005,7704,明遠精密,45000.0,35000.0,28000.0,73000.0,29000.0,11000.0,17000.0,56000.0,41000.0,43000.0,11000.0,34000.0,8000.0,23000.0,55000.0,69000.0,47000.0,41000.0,45000.0,23000.0,81000.0,26000.0,21000.0,16000.0,48000.0,28000.0,9000.0,15000.0,25000.0,27000.0,36000.0,41.6667,0.000981,42000.0,21.4286,0.000642,37800.0,11.9048,0.00034,33933.33,8.8409,0.000246,36700.0,6.1308,0.000192,34333.33,4.3689,0.000129
20261005,7708,全家餐飲,13000.0,6000.0,16000.0,10000.0,27000.0,6000.0,8000.0,19000.0,,6000.0,23000.0,2000.0,8000.0,10000.0,25000.0,7000.0,1000.0,7000.0,3000.0,14000.0,8000.0,5000.0,12000.0,2000.0,6000.0,7000.0,,7000.0,9000.0,4000.0,11666.67,37.1429,0.000283,14400.0,18.0556,0.000186,12333.33,11.7117,9.8e-05,12785.71,7.2626,7.1e-05,11105.26,6.1611,5.6e-05,9678.57,4.797,3.7e-05
20261005,7709,榮田,182000.0,146000.0,81000.0,105000.0,363000.0,129000.0,118000.0,287000.0,162000.0,90000.0,89000.0,78000.0,135000.0,120000.0,220000.0,206000.0,495000.0,1777000.0,311000.0,199000.0,58000.0,124000.0,220000.0,21000.0,44000.0,39000.0,51000.0,11000.0,14000.0,23000.0,136333.33,44.4988,0.003966,175400.0,20.7526,0.002597,166300.0,10.9441,0.001377,153666.67,7.8959,0.000994,264650.0,3.4385,0.000778,196600.0,3.0858,0.000521
20261005,7712,博盛半導體,750000.0,650000.0,357000.0,176000.0,109000.0,301000.0,715000.0,204000.0,225000.0,227000.0,269000.0,209000.0,59000.0,169000.0,191000.0,373000.0,91000.0,151000.0,175000.0,137000.0,318000.0,112000.0,191000.0,375000.0,847000.0,557000.0,1354000.0,457000.0,110000.0,91000.0,585666.67,42.6864,0.016343,408400.0,36.7287,0.010703,371400.0,20.1939,0.005673,307400.0,16.2655,0.004097,276900.0,13.5428,0.003205,331666.67,7.5377,0.002149
20261005,7713,威力德生醫,5000.0,,2000.0,5000.0,2000.0,5000.0,12000.0,6000.0,4000.0,2000.0,1000.0,,3000.0,2000.0,2000.0,,3000.0,,2000.0,6000.0,20000.0,2000.0,6000.0,,13000.0,4000.0,16000.0,19000.0,62000.0,2000.0,3500.0,71.4286,0.000109,3500.0,35.7143,7.1e-05,4777.78,11.6279,3.8e-05,3923.08,9.8039,2.7e-05,3875.0,8.0645,2.1e-05,8240.0,2.4272,1.4e-05
20261005,7714,創泓科技,102000.0,128000.0,326000.0,557000.0,166000.0,143000.0,197000.0,631000.0,251000.0,446000.0,313000.0,337000.0,1018000.0,1582000.0,642000.0,52000.0,124000.0,161000.0,104000.0,104000.0,275000.0,200000.0,228000.0,224000.0,867000.0,992000.0,678000.0,220000.0,908000.0,751000.0,185333.33,18.3453,0.002223,255800.0,7.975,0.001456,294700.0,3.4611,0.000771,455933.33,1.4914,0.000557,369200.0,1.3814,0.000436,424233.33,0.8014,0.000292
20261005,7715,裕山,192000.0,30000.0,33000.0,141000.0,33000.0,64000.0,57000.0,154000.0,10000.0,25000.0,16000.0,18000.0,33000.0,62000.0,61000.0,17000.0,18000.0,50000.0,27000.0,34000.0,31000.0,13000.0,17000.0,376000.0,193000.0,128000.0,27000.0,10000.0,107000.0,15000.0,85000.0,75.2941,0.004184,85800.0,44.7552,0.00274,73900.0,25.9811,0.001452,61933.33,20.6674,0.001049,53750.0,17.8605,0.00082,66400.0,9.6386,0.00055
20261005,7716,昱臺國際,,1000.0,6000.0,1000.0,5000.0,2000.0,1000.0,7000.0,17000.0,10000.0,19000.0,6000.0,11000.0,2000.0,4000.0,1000.0,3000.0,1000.0,2000.0,6000.0,11000.0,3000.0,1000.0,,,1000.0,3000.0,11000.0,13000.0,1000.0,3500.0,,,3250.0,,,5555.56,,,6571.43,,,5526.32,,,5518.52,,
20261005,7717,萊德光電-KY,1181000.0,613000.0,1068000.0,625000.0,445000.0,555000.0,1524000.0,1165000.0,1392000.0,2049000.0,3258000.0,918000.0,566000.0,1863000.0,1286000.0,1213000.0,1343000.0,1526000.0,533000.0,1126000.0,131000.0,86000.0,185000.0,324000.0,241000.0,194000.0,239000.0,102000.0,131000.0,65000.0,954000.0,41.2648,0.025735,786400.0,30.0356,0.016854,1061700.0,11.1237,0.008933,1233866.67,6.381,0.006451,1212450.0,4.8703,0.005046,864900.0,4.5516,0.003384
20261005,7718,友鋮,32000.0,1000.0,9000.0,38000.0,4000.0,7000.0,24000.0,44000.0,32000.0,30000.0,12000.0,11000.0,11000.0,15000.0,35000.0,15000.0,15000.0,22000.0,50000.0,21000.0,13000.0,14000.0,31000.0,14000.0,16000.0,28000.0,32000.0,17000.0,14000.0,30000.0,14000.0,76.1905,0.000697,16800.0,38.0952,0.000457,22100.0,14.4796,0.000242,20333.33,10.4918,0.000175,21400.0,7.4766,0.000137,21233.33,5.0235,9.2e-05
20261005,7723,築間,92000.0,43000.0,4000.0,43000.0,35000.0,24000.0,60000.0,73000.0,107000.0,14000.0,22000.0,35000.0,24000.0,24000.0,41000.0,346000.0,71000.0,30000.0,37000.0,32000.0,15000.0,74000.0,21000.0,39000.0,25000.0,71000.0,100000.0,70000.0,61000.0,63000.0,46333.33,66.1871,0.002005,43400.0,42.3963,0.001313,49500.0,18.5859,0.000696,42733.33,14.3526,0.000503,57850.0,7.9516,0.000393,56533.33,5.4245,0.000264
20261005,7728,光焱科技,31000.0,41000.0,145000.0,142000.0,34000.0,33000.0,36000.0,98000.0,41000.0,309000.0,19000.0,27000.0,119000.0,61000.0,22000.0,30000.0,12000.0,16000.0,58000.0,40000.0,32000.0,50000.0,48000.0,14000.0,39000.0,30000.0,54000.0,12000.0,10000.0,5000.0,72333.33,14.2857,0.000676,78600.0,7.888,0.000442,91000.0,3.4066,0.000234,77200.0,2.677,0.000169,65700.0,2.3592,0.000132,53600.0,1.9279,8.9e-05
20261005,7734,印能科技,157000.0,215000.0,378000.0,138000.0,176000.0,217000.0,109000.0,167000.0,218000.0,638000.0,433000.0,150000.0,154000.0,283000.0,462000.0,316000.0,171000.0,179000.0,385000.0,157000.0,163000.0,78000.0,177000.0,313000.0,300000.0,359000.0,277000.0,112000.0,225000.0,237000.0,250000.0,20.9333,0.003421,212800.0,14.7556,0.002241,241300.0,6.5064,0.001188,259666.67,4.0308,0.000858,255150.0,3.0766,0.000671,244800.0,2.1378,0.00045
20261005,7738,東聯互動,45000.0,23000.0,11000.0,14000.0,7000.0,5000.0,34000.0,17000.0,12000.0,23000.0,19000.0,74000.0,13000.0,32000.0,31000.0,14000.0,32000.0,78000.0,201000.0,142000.0,119000.0,19000.0,36000.0,5000.0,32000.0,11000.0,10000.0,43000.0,11000.0,3000.0,26333.33,56.962,0.000981,20000.0,45.0,0.000642,19100.0,23.5602,0.00034,24000.0,12.5,0.000246,41350.0,5.4414,0.000192,37200.0,4.0323,0.000129
20261005,7743,金利食安,158000.0,97000.0,15000.0,49000.0,62000.0,74000.0,53000.0,42000.0,44000.0,61000.0,49000.0,70000.0,94000.0,13000.0,31000.0,75000.0,25000.0,13000.0,54000.0,24000.0,76000.0,7000.0,6000.0,22000.0,25000.0,1000.0,2000.0,3000.0,16000.0,,90000.0,58.5185,0.003443,76200.0,41.4698,0.002255,65500.0,24.1221,0.001195,60800.0,17.3246,0.000863,55150.0,14.3246,0.000675,43482.76,12.5297,0.000453
20261005,7744,崴寶,57000.0,92000.0,68000.0,82000.0,78000.0,102000.0,74000.0,180000.0,74000.0,108000.0,85000.0,29000.0,33000.0,92000.0,118000.0,106000.0,146000.0,468000.0,220000.0,182000.0,122000.0,265000.0,54000.0,113000.0,186000.0,169000.0,76000.0,81000.0,177000.0,139000.0,72333.33,26.2673,0.001242,75400.0,15.1194,0.000813,91500.0,6.2295,0.000431,84800.0,4.4811,0.000311,119700.0,2.381,0.000244,125866.67,1.5095,0.000163
20261005,7747,昕奇雲端,2000.0,300000.0,301000.0,1000.0,2000.0,1000.0,8000.0,7000.0,6000.0,1000.0,,3000.0,5000.0,5000.0,2000.0,2000.0,1000.0,,2000.0,8000.0,2000.0,2000.0,3000.0,2000.0,2000.0,5000.0,3000.0,4000.0,6000.0,1000.0,201000.0,0.3317,4.4e-05,121200.0,0.33,2.9e-05,62900.0,0.318,1.5e-05,46000.0,0.3106,1.1e-05,36500.0,0.3044,9e-06,24535.71,0.2911,6e-06
20261005,7751,竑騰,122000.0,180000.0,93000.0,326000.0,174000.0,161000.0,46000.0,82000.0,69000.0,455000.0,69000.0,138000.0,125000.0,252000.0,177000.0,245000.0,197000.0,147000.0,327000.0,365000.0,472000.0,412000.0,830000.0,1315000.0,691000.0,533000.0,647000.0,1080000.0,205000.0,654000.0,131666.67,30.8861,0.002658,179000.0,13.6313,0.001741,170800.0,7.1429,0.000923,164600.0,4.9413,0.000666,187500.0,3.2533,0.000521,352966.67,1.1521,0.00035
20261005,7753,星亞,50000.0,38000.0,16000.0,18000.0,21000.0,4000.0,11000.0,6000.0,29000.0,13000.0,15000.0,2000.0,13000.0,15000.0,15000.0,25000.0,4000.0,12000.0,12000.0,6000.0,24000.0,9000.0,6000.0,107000.0,19000.0,10000.0,20000.0,18000.0,12000.0,13000.0,34666.67,48.0769,0.00109,28600.0,34.965,0.000714,20600.0,24.2718,0.000378,17733.33,18.797,0.000273,16250.0,15.3846,0.000214,18766.67,8.881,0.000143
20261005,7757,金色三麥,14000.0,19000.0,16000.0,19000.0,20000.0,68000.0,26000.0,4000.0,11000.0,18000.0,6000.0,11000.0,16000.0,6000.0,23000.0,45000.0,6000.0,2000.0,,3000.0,,4000.0,11000.0,7000.0,15000.0,14000.0,3000.0,11000.0,7000.0,3000.0,16333.33,28.5714,0.000305,17600.0,15.9091,0.0002,21500.0,6.5116,0.000106,18466.67,5.0542,7.6e-05,17526.32,4.2042,6e-05,14571.43,3.4314,4e-05
20261005,7767,仁大資訊,15000.0,11000.0,,2000.0,21000.0,16000.0,4000.0,17000.0,30000.0,35000.0,33000.0,27000.0,54000.0,186000.0,52000.0,35000.0,37000.0,4000.0,18000.0,3000.0,10000.0,33000.0,28000.0,4000.0,25000.0,26000.0,5000.0,64000.0,60000.0,87000.0,13000.0,57.6923,0.000327,12250.0,30.6122,0.000214,16777.78,9.9338,0.000113,35928.57,2.9821,8.2e-05,31578.95,2.5,6.4e-05,32482.76,1.5924,4.3e-05
20261005,7770,君曜,22000.0,45000.0,10000.0,21000.0,18000.0,1000.0,22000.0,19000.0,7000.0,24000.0,22000.0,20000.0,9000.0,4000.0,8000.0,36000.0,35000.0,17000.0,9000.0,13000.0,6000.0,17000.0,5000.0,26000.0,1000.0,14000.0,9000.0,13000.0,5000.0,10000.0,25666.67,28.5714,0.000479,23200.0,18.9655,0.000314,18900.0,11.6402,0.000166,16800.0,8.7302,0.00012,18100.0,6.0773,9.4e-05,15600.0,4.7009,6.3e-05
20261005,7772,耀穎,1625000.0,172000.0,151000.0,95000.0,129000.0,210000.0,2624000.0,1468000.0,2092000.0,1709000.0,454000.0,103000.0,116000.0,133000.0,192000.0,485000.0,1600000.0,139000.0,75000.0,106000.0,218000.0,53000.0,67000.0,67000.0,29000.0,41000.0,63000.0,70000.0,36000.0,35000.0,649333.33,83.4189,0.03541,434400.0,74.8158,0.023191,1027500.0,15.8151,0.012291,751533.33,14.415,0.008876,683900.0,11.8804,0.006943,478566.67,11.3185,0.004656
20261005,7777,能率亞洲,2206000.0,2476000.0,2935000.0,2284000.0,1150000.0,558000.0,545000.0,870000.0,1204000.0,2718000.0,967000.0,686000.0,660000.0,880000.0,884000.0,776000.0,674000.0,782000.0,1335000.0,953000.0,1499000.0,1163000.0,1707000.0,3102000.0,2298000.0,9457000.0,6810000.0,2964000.0,3887000.0,854000.0,2539000.0,28.9615,0.048071,2210200.0,19.962,0.031482,1694600.0,13.0178,0.016686,1401533.33,10.4933,0.01205,1277150.0,8.6364,0.009426,1976133.33,3.7211,0.00632
20261005,7782,光速火箭,2000.0,2000.0,1000.0,3000.0,3000.0,,2000.0,7000.0,10000.0,14000.0,8000.0,16000.0,1000.0,,5000.0,3000.0,21000.0,4000.0,3000.0,,25000.0,1000.0,,8000.0,34000.0,9000.0,4000.0,,1000.0,5000.0,1666.67,40.0,4.4e-05,2200.0,18.1818,2.9e-05,4888.89,4.5455,1.5e-05,5692.31,2.7027,1.1e-05,6176.47,1.9048,9e-06,7680.0,1.0417,6e-06
20261005,7792,安葆,393000.0,310000.0,359000.0,328000.0,1550000.0,2768000.0,2573000.0,2130000.0,1053000.0,1514000.0,293000.0,204000.0,209000.0,251000.0,316000.0,355000.0,452000.0,479000.0,344000.0,334000.0,194000.0,227000.0,516000.0,307000.0,293000.0,421000.0,891000.0,367000.0,488000.0,1886000.0,354000.0,37.0056,0.008564,588000.0,13.3673,0.005609,1297800.0,3.0282,0.002973,950066.67,2.7577,0.002147,810750.0,2.4237,0.001679,726833.33,1.8023,0.001126
20261005,7794,宏碁智新,26000.0,42000.0,39000.0,11000.0,6000.0,17000.0,17000.0,32000.0,30000.0,40000.0,24000.0,32000.0,28000.0,12000.0,35000.0,36000.0,87000.0,398000.0,135000.0,10000.0,12000.0,6000.0,28000.0,11000.0,8000.0,8000.0,11000.0,1000.0,5000.0,16000.0,35666.67,24.2991,0.000567,24800.0,20.9677,0.000371,26000.0,10.0,0.000197,26066.67,6.6496,0.000142,52850.0,2.4598,0.000111,38766.67,2.2356,7.4e-05
20261005,7805,威聯通,42000.0,15000.0,40000.0,23000.0,48000.0,15000.0,32000.0,52000.0,23000.0,70000.0,17000.0,22000.0,32000.0,26000.0,56000.0,20000.0,38000.0,24000.0,30000.0,42000.0,91000.0,77000.0,36000.0,49000.0,22000.0,49000.0,66000.0,263000.0,207000.0,66000.0,32333.33,43.299,0.000915,33600.0,25.0,0.000599,36000.0,11.6667,0.000318,34200.0,8.1871,0.000229,33350.0,6.2969,0.000179,53100.0,2.6365,0.00012
20261005,7810,捷創科技,364000.0,293000.0,214000.0,200000.0,91000.0,202000.0,411000.0,113000.0,35000.0,18000.0,59000.0,43000.0,108000.0,69000.0,134000.0,78000.0,152000.0,107000.0,52000.0,41000.0,76000.0,68000.0,134000.0,248000.0,112000.0,68000.0,145000.0,196000.0,141000.0,22000.0,290333.33,41.791,0.007932,232400.0,31.3253,0.005195,194100.0,18.7532,0.002753,156933.33,15.463,0.001988,139200.0,13.0747,0.001555,133133.33,9.1137,0.001043
20261005,7811,民盛,8000.0,8000.0,5000.0,1000.0,11000.0,11000.0,2000.0,11000.0,3000.0,12000.0,2000.0,3000.0,3000.0,7000.0,7000.0,16000.0,33000.0,3000.0,3000.0,11000.0,12000.0,,2000.0,1000.0,2000.0,2000.0,6000.0,3000.0,4000.0,4000.0,7000.0,38.0952,0.000174,6600.0,24.2424,0.000114,7200.0,11.1111,6.1e-05,6266.67,8.5106,4.4e-05,8000.0,5.0,3.4e-05,6758.62,4.0816,2.3e-05
20261005,7814,海昌生技,14000.0,39000.0,16000.0,17000.0,10000.0,27000.0,27000.0,7000.0,13000.0,3000.0,12000.0,5000.0,7000.0,14000.0,32000.0,11000.0,10000.0,35000.0,28000.0,25000.0,35000.0,36000.0,67000.0,22000.0,47000.0,41000.0,40000.0,23000.0,17000.0,34000.0,23000.0,20.2899,0.000305,19200.0,14.5833,0.0002,17300.0,8.0925,0.000106,16200.0,5.7613,7.6e-05,17600.0,3.9773,6e-05,23800.0,1.9608,4e-05
20261005,7819,精誠金融,30000.0,9000.0,13000.0,50000.0,8000.0,2000.0,5000.0,32000.0,9000.0,34000.0,7000.0,12000.0,30000.0,24000.0,12000.0,9000.0,37000.0,20000.0,19000.0,37000.0,50000.0,118000.0,69000.0,61000.0,113000.0,27000.0,35000.0,19000.0,13000.0,31000.0,17333.33,57.6923,0.000654,22000.0,27.2727,0.000428,19200.0,15.625,0.000227,18466.67,10.8303,0.000164,19950.0,7.5188,0.000128,31166.67,3.2086,8.6e-05
20261005,7820,立盈,5000.0,6000.0,10000.0,20000.0,5000.0,19000.0,14000.0,24000.0,6000.0,39000.0,17000.0,7000.0,32000.0,,34000.0,11000.0,2000.0,5000.0,20000.0,45000.0,12000.0,4000.0,4000.0,15000.0,22000.0,23000.0,35000.0,23000.0,15000.0,21000.0,7000.0,23.8095,0.000109,9200.0,10.8696,7.1e-05,14800.0,3.3784,3.8e-05,17000.0,2.1008,2.7e-05,16894.74,1.5576,2.1e-05,17068.97,1.0101,1.4e-05
20261005,7825,和亞智慧,443000.0,506000.0,432000.0,366000.0,544000.0,568000.0,188000.0,356000.0,438000.0,612000.0,524000.0,694000.0,1117000.0,1180000.0,1679000.0,2625000.0,,,,,,,,,,,,,,,460333.33,32.0782,0.009653,458200.0,19.3365,0.006322,445300.0,9.9483,0.003351,643133.33,4.5921,0.00242,767000.0,3.6098,0.001893,767000.0,3.6098,0.001269
20261005,7828,創新服務,157000.0,155000.0,118000.0,211000.0,142000.0,131000.0,284000.0,326000.0,271000.0,497000.0,336000.0,257000.0,273000.0,260000.0,248000.0,441000.0,687000.0,701000.0,334000.0,441000.0,200000.0,129000.0,185000.0,453000.0,281000.0,228000.0,83000.0,88000.0,59000.0,80000.0,143333.33,36.5116,0.003421,156600.0,20.0511,0.002241,229200.0,6.8499,0.001188,244400.0,4.2826,0.000858,313500.0,2.504,0.000671,268533.33,1.9489,0.00045
20261005,7839,達人網,12000.0,6000.0,21000.0,9000.0,9000.0,15000.0,12000.0,8000.0,7000.0,13000.0,7000.0,6000.0,20000.0,8000.0,13000.0,7000.0,10000.0,15000.0,7000.0,4000.0,5000.0,3000.0,10000.0,16000.0,13000.0,14000.0,12000.0,113000.0,12000.0,13000.0,13000.0,30.7692,0.000261,11400.0,21.0526,0.000171,11200.0,10.7143,9.1e-05,11066.67,7.2289,6.6e-05,10450.0,5.7416,5.1e-05,14000.0,2.8571,3.4e-05
20261005,7842,天能綠電,10000.0,6000.0,3000.0,14000.0,1000.0,2000.0,10000.0,13000.0,9000.0,3000.0,13000.0,1000.0,17000.0,14000.0,64000.0,9000.0,48000.0,9000.0,24000.0,23000.0,20000.0,33000.0,25000.0,29000.0,50000.0,84000.0,41000.0,39000.0,89000.0,55000.0,6333.33,52.6316,0.000218,6800.0,29.4118,0.000143,7100.0,14.0845,7.6e-05,12000.0,5.5556,5.5e-05,14650.0,3.413,4.3e-05,25266.67,1.3193,2.9e-05
20261005,7856,漢測,363000.0,424000.0,494000.0,221000.0,491000.0,250000.0,586000.0,2004000.0,,,,,,,,,,,,,,,,,,,,,,,427000.0,28.3372,0.00791,398600.0,18.2137,0.00518,604125.0,7.5109,0.002746,604125.0,7.5109,0.001983,604125.0,7.5109,0.001551,604125.0,7.5109,0.00104
20261005,8024,佑華,100000.0,40000.0,51000.0,84000.0,28000.0,43000.0,42000.0,25000.0,55000.0,50000.0,43000.0,44000.0,56000.0,33000.0,56000.0,8000.0,58000.0,66000.0,26000.0,17000.0,53000.0,27000.0,35000.0,18000.0,24000.0,39000.0,40000.0,19000.0,24000.0,42000.0,63666.67,52.356,0.002179,60600.0,33.0033,0.001427,51800.0,19.305,0.000756,50000.0,13.3333,0.000546,46250.0,10.8108,0.000427,41533.33,8.0257,0.000287
20261005,8027,鈦昇,3826000.0,5264000.0,8948000.0,1773000.0,6192000.0,3342000.0,1426000.0,3220000.0,1843000.0,4010000.0,2630000.0,1962000.0,1073000.0,1374000.0,1500000.0,2039000.0,2525000.0,3972000.0,2261000.0,3883000.0,5860000.0,2213000.0,2992000.0,2242000.0,4581000.0,3186000.0,3053000.0,942000.0,954000.0,1375000.0,6012666.67,21.2108,0.083372,5200600.0,14.7137,0.054602,3984400.0,9.6024,0.028939,3225533.33,7.9077,0.020899,3153150.0,6.0669,0.016348,3015366.67,4.2294,0.010962
20261005,8032,光菱,25000.0,45000.0,24000.0,47000.0,88000.0,15000.0,19000.0,47000.0,73000.0,22000.0,19000.0,42000.0,41000.0,18000.0,23000.0,47000.0,55000.0,39000.0,12000.0,25000.0,44000.0,73000.0,33000.0,10000.0,49000.0,25000.0,19000.0,13000.0,23000.0,14000.0,31333.33,26.5957,0.000545,45800.0,10.917,0.000357,40500.0,6.1728,0.000189,36533.33,4.562,0.000137,36300.0,3.4435,0.000107,34300.0,2.4295,7.2e-05
20261005,8034,榮群,71000.0,56000.0,69000.0,72000.0,65000.0,117000.0,66000.0,312000.0,166000.0,85000.0,77000.0,49000.0,25000.0,47000.0,51000.0,108000.0,77000.0,288000.0,359000.0,56000.0,47000.0,24000.0,45000.0,65000.0,152000.0,137000.0,380000.0,23000.0,52000.0,31000.0,65333.33,36.2245,0.001547,66600.0,21.3213,0.001013,107900.0,6.5802,0.000537,88533.33,5.3464,0.000388,110800.0,3.204,0.000303,105733.33,2.2383,0.000203
20261005,8038,長園科,321000.0,160000.0,133000.0,381000.0,89000.0,96000.0,107000.0,238000.0,159000.0,160000.0,142000.0,578000.0,565000.0,93000.0,230000.0,124000.0,79000.0,91000.0,125000.0,114000.0,161000.0,89000.0,163000.0,157000.0,177000.0,193000.0,97000.0,131000.0,94000.0,102000.0,204666.67,52.2801,0.006995,216800.0,29.6125,0.004581,184400.0,17.4078,0.002428,230133.33,9.299,0.001753,199250.0,8.0552,0.001372,178300.0,6.0011,0.00092
20261005,8040,九暘,1912000.0,1693000.0,2757000.0,4575000.0,8651000.0,10470000.0,6998000.0,5585000.0,3026000.0,2271000.0,1258000.0,597000.0,431000.0,725000.0,1149000.0,1607000.0,1507000.0,5023000.0,4892000.0,1334000.0,4697000.0,744000.0,251000.0,474000.0,466000.0,252000.0,305000.0,212000.0,277000.0,245000.0,2120666.67,30.0534,0.041664,3917600.0,9.7611,0.027287,4793800.0,3.9885,0.014462,3473200.0,3.67,0.010444,3323050.0,2.8769,0.00817,2479466.67,2.5704,0.005478
20261005,8042,金山電,7079000.0,10938000.0,11827000.0,1324000.0,2141000.0,3557000.0,1755000.0,2682000.0,3749000.0,1579000.0,3433000.0,1976000.0,4211000.0,3235000.0,11068000.0,9919000.0,4856000.0,10740000.0,11464000.0,8888000.0,6165000.0,4403000.0,4390000.0,5613000.0,8456000.0,4577000.0,1900000.0,1512000.0,2616000.0,8503000.0,9948000.0,23.72,0.154258,6661800.0,21.2525,0.101027,4663100.0,15.1809,0.053543,4703600.0,10.0334,0.038669,5821050.0,6.0805,0.030248,5485200.0,4.3019,0.020281
20261005,8043,蜜望實,2584000.0,6068000.0,6207000.0,757000.0,598000.0,1149000.0,1092000.0,998000.0,1272000.0,796000.0,1095000.0,870000.0,1457000.0,1014000.0,1932000.0,3141000.0,2849000.0,1563000.0,4931000.0,5760000.0,2194000.0,1329000.0,4770000.0,4634000.0,16493000.0,5016000.0,1458000.0,1771000.0,2649000.0,2541000.0,4953000.0,17.3901,0.056308,3242800.0,15.9368,0.036877,2152100.0,12.0069,0.019545,1859266.67,9.2653,0.014115,2306650.0,5.6012,0.011041,2966266.67,2.9038,0.007403
20261005,8044,網家,436000.0,181000.0,286000.0,195000.0,146000.0,127000.0,192000.0,446000.0,854000.0,4015000.0,435000.0,124000.0,259000.0,269000.0,281000.0,225000.0,267000.0,276000.0,443000.0,419000.0,376000.0,414000.0,621000.0,235000.0,331000.0,641000.0,653000.0,360000.0,325000.0,305000.0,301000.0,48.2835,0.009501,248800.0,35.0482,0.006222,687800.0,6.3391,0.003298,549733.33,5.2874,0.002382,493800.0,4.4147,0.001863,471233.33,3.0841,0.001249
20261005,8047,星雲,107000.0,162000.0,204000.0,409000.0,287000.0,97000.0,43000.0,,17000.0,5000.0,6000.0,,14000.0,4000.0,20000.0,179000.0,83000.0,10000.0,28000.0,19000.0,26000.0,34000.0,,5000.0,5000.0,11000.0,5000.0,32000.0,4000.0,16000.0,157666.67,22.6216,0.002332,233800.0,9.1531,0.001527,147888.89,8.0391,0.000809,105769.23,7.7818,0.000584,94111.11,6.3164,0.000457,67851.85,5.8406,0.000307
20261005,8048,德勝,101000.0,93000.0,60000.0,91000.0,85000.0,50000.0,179000.0,102000.0,100000.0,81000.0,118000.0,39000.0,68000.0,39000.0,262000.0,31000.0,81000.0,66000.0,133000.0,57000.0,133000.0,55000.0,127000.0,68000.0,61000.0,59000.0,57000.0,41000.0,29000.0,42000.0,84666.67,39.7638,0.002201,86000.0,23.4884,0.001441,94200.0,10.7219,0.000764,97866.67,6.8801,0.000552,91800.0,5.5011,0.000432,83600.0,4.0271,0.000289
20261005,8049,晶采,195000.0,124000.0,187000.0,118000.0,152000.0,31000.0,82000.0,218000.0,182000.0,47000.0,115000.0,95000.0,96000.0,115000.0,78000.0,75000.0,83000.0,172000.0,178000.0,131000.0,126000.0,98000.0,118000.0,73000.0,120000.0,56000.0,106000.0,123000.0,93000.0,75000.0,168666.67,38.5375,0.004249,155200.0,25.1289,0.002783,133600.0,14.5958,0.001475,122333.33,10.6267,0.001065,123700.0,7.882,0.000833,115400.0,5.6326,0.000559
20261005,8050,廣積,1148000.0,1463000.0,1861000.0,6071000.0,5919000.0,2276000.0,949000.0,971000.0,780000.0,1250000.0,1907000.0,644000.0,1193000.0,765000.0,1373000.0,640000.0,418000.0,621000.0,490000.0,1062000.0,1877000.0,550000.0,675000.0,795000.0,1134000.0,886000.0,751000.0,942000.0,735000.0,896000.0,1490666.67,25.6708,0.025016,3292400.0,6.9736,0.016383,2268800.0,5.0599,0.008683,1904666.67,4.0182,0.006271,1590050.0,3.6099,0.004905,1368066.67,2.7971,0.003289
20261005,8054,安國,1013000.0,749000.0,2163000.0,1030000.0,1160000.0,353000.0,985000.0,4277000.0,651000.0,661000.0,739000.0,294000.0,507000.0,558000.0,667000.0,404000.0,585000.0,1472000.0,298000.0,381000.0,695000.0,802000.0,564000.0,565000.0,795000.0,507000.0,788000.0,590000.0,334000.0,590000.0,1308333.33,25.8089,0.022074,1223000.0,16.5658,0.014457,1304200.0,7.7672,0.007662,1053800.0,6.4086,0.005533,947350.0,5.3465,0.004328,839233.33,4.0235,0.002902
20261005,8059,凱碩,95000.0,110000.0,62000.0,146000.0,115000.0,173000.0,355000.0,483000.0,325000.0,,,,,,,,139000.0,125000.0,139000.0,108000.0,97000.0,181000.0,161000.0,143000.0,199000.0,381000.0,685000.0,161000.0,137000.0,73000.0,89000.0,35.5805,0.00207,105600.0,17.9924,0.001356,207111.11,5.0966,0.000719,207111.11,5.0966,0.000519,182692.31,4.0,0.000406,199695.65,2.0684,0.000272
20261005,8064,東捷,7336000.0,5233000.0,7934000.0,22916000.0,21879000.0,14012000.0,4482000.0,11328000.0,16857000.0,26158000.0,5710000.0,5533000.0,6166000.0,5135000.0,11207000.0,10668000.0,30627000.0,7523000.0,17050000.0,13587000.0,11907000.0,2294000.0,3689000.0,1676000.0,2496000.0,2398000.0,3422000.0,951000.0,1318000.0,1404000.0,6834333.33,35.7801,0.159858,13059600.0,11.2346,0.104694,13813500.0,5.3107,0.055487,11459066.67,4.2679,0.040073,12567050.0,2.9187,0.031346,9429866.67,2.5932,0.021018
20261005,8066,來思達,10000.0,18000.0,10000.0,7000.0,8000.0,12000.0,6000.0,6000.0,28000.0,27000.0,19000.0,19000.0,22000.0,5000.0,6000.0,12000.0,13000.0,3000.0,7000.0,7000.0,11000.0,,23000.0,6000.0,8000.0,7000.0,13000.0,,8000.0,2000.0,12666.67,26.3158,0.000218,10600.0,18.8679,0.000143,13200.0,7.5758,7.6e-05,13533.33,4.9261,5.5e-05,12250.0,4.0816,4.3e-05,11535.71,3.096,2.9e-05
20261005,8067,志旭,16000.0,1000.0,3000.0,8000.0,4000.0,10000.0,21000.0,8000.0,5000.0,25000.0,13000.0,21000.0,4000.0,10000.0,5000.0,31000.0,2000.0,4000.0,2000.0,5000.0,16000.0,14000.0,3000.0,17000.0,11000.0,13000.0,1000.0,21000.0,7000.0,2000.0,6666.67,80.0,0.000349,6400.0,50.0,0.000228,10100.0,15.8416,0.000121,10266.67,10.3896,8.7e-05,9900.0,8.0808,6.8e-05,10100.0,5.2805,4.6e-05
20261005,8068,全達,113000.0,118000.0,144000.0,128000.0,196000.0,453000.0,1681000.0,449000.0,56000.0,69000.0,98000.0,181000.0,97000.0,70000.0,68000.0,74000.0,73000.0,19000.0,23000.0,95000.0,48000.0,58000.0,59000.0,70000.0,83000.0,70000.0,54000.0,41000.0,100000.0,42000.0,125000.0,30.1333,0.002462,139800.0,16.166,0.001613,340700.0,3.3167,0.000855,261400.0,2.8819,0.000617,210250.0,2.6873,0.000483,161000.0,2.3395,0.000324
20261005,8069,元太,7373000.0,5644000.0,4026000.0,5385000.0,8380000.0,5361000.0,5691000.0,5602000.0,5219000.0,10014000.0,5033000.0,3873000.0,3738000.0,3958000.0,3445000.0,4183000.0,5587000.0,5109000.0,4511000.0,5249000.0,9256000.0,4865000.0,8265000.0,12172000.0,5122000.0,5997000.0,4098000.0,4109000.0,4891000.0,7860000.0,5681000.0,43.2612,0.160665,6161600.0,23.9321,0.105222,6269500.0,11.7601,0.055767,5516133.33,8.9108,0.040275,5369050.0,6.8662,0.031504,5800533.33,4.237,0.021124
20261005,8071,能率網通,498000.0,441000.0,303000.0,329000.0,176000.0,180000.0,127000.0,262000.0,165000.0,348000.0,423000.0,170000.0,126000.0,275000.0,193000.0,266000.0,717000.0,315000.0,414000.0,296000.0,619000.0,251000.0,503000.0,335000.0,494000.0,741000.0,1005000.0,571000.0,606000.0,466000.0,414000.0,40.0966,0.010852,349400.0,28.506,0.007107,282900.0,17.6034,0.003767,267733.33,12.4004,0.00272,301200.0,8.2669,0.002128,387166.67,4.2876,0.001427
20261005,8074,鉅橡,3403000.0,1439000.0,188000.0,261000.0,148000.0,194000.0,185000.0,360000.0,297000.0,199000.0,298000.0,250000.0,252000.0,246000.0,302000.0,319000.0,315000.0,400000.0,392000.0,283000.0,372000.0,342000.0,408000.0,537000.0,1381000.0,510000.0,829000.0,203000.0,245000.0,195000.0,1676666.67,67.6541,0.074155,1087800.0,62.5666,0.048565,667400.0,50.9889,0.025739,534800.0,42.4208,0.018589,486550.0,34.9707,0.014541,491766.67,23.0665,0.00975
20261005,8076,伍豐,835000.0,453000.0,342000.0,516000.0,444000.0,497000.0,370000.0,334000.0,304000.0,551000.0,510000.0,350000.0,756000.0,415000.0,487000.0,357000.0,423000.0,590000.0,449000.0,569000.0,1152000.0,801000.0,725000.0,494000.0,449000.0,481000.0,1013000.0,390000.0,259000.0,588000.0,543333.33,51.227,0.018195,518000.0,32.2394,0.011917,464600.0,17.9724,0.006316,477600.0,11.6555,0.004561,477600.0,8.7416,0.003568,530133.33,5.2503,0.002392
20261005,8077,洛碁,1000.0,2000.0,1000.0,10000.0,,2000.0,,9000.0,,,13000.0,2000.0,,1000.0,10000.0,,2000.0,1000.0,3000.0,,20000.0,1000.0,1000.0,4000.0,7000.0,12000.0,17000.0,,4000.0,14000.0,1333.33,25.0,2.2e-05,3500.0,7.1429,1.4e-05,4166.67,4.0,8e-06,5100.0,1.9608,5e-06,4384.62,1.7544,4e-06,6227.27,0.7299,3e-06
20261005,8080,泰霖,20000.0,,4000.0,10000.0,23000.0,8000.0,29000.0,16000.0,15000.0,3000.0,15000.0,16000.0,9000.0,8000.0,7000.0,54000.0,4000.0,11000.0,6000.0,22000.0,32000.0,14000.0,81000.0,38000.0,16000.0,1000.0,8000.0,10000.0,23000.0,8000.0,12000.0,83.3333,0.000436,14250.0,35.0877,0.000285,14222.22,15.625,0.000151,13071.43,10.929,0.000109,14736.84,7.1429,8.5e-05,17620.69,3.9139,5.7e-05
20261005,8083,瑞穎,29000.0,56000.0,91000.0,48000.0,36000.0,25000.0,57000.0,40000.0,33000.0,60000.0,22000.0,35000.0,7000.0,31000.0,36000.0,13000.0,19000.0,38000.0,51000.0,14000.0,40000.0,38000.0,77000.0,69000.0,145000.0,134000.0,83000.0,19000.0,53000.0,125000.0,58666.67,16.4773,0.000632,52000.0,11.1538,0.000414,47500.0,6.1053,0.000219,40400.0,4.7855,0.000158,37050.0,3.9136,0.000124,50800.0,1.9029,8.3e-05
20261005,8084,巨虹,139000.0,565000.0,2403000.0,1004000.0,519000.0,967000.0,3230000.0,469000.0,575000.0,669000.0,265000.0,331000.0,268000.0,493000.0,389000.0,500000.0,700000.0,653000.0,473000.0,401000.0,465000.0,1337000.0,256000.0,177000.0,223000.0,275000.0,523000.0,480000.0,269000.0,493000.0,1035666.67,4.4738,0.003029,926000.0,3.0022,0.001984,1054000.0,1.3188,0.001051,819066.67,1.1314,0.000759,750650.0,0.9259,0.000594,650366.67,0.7124,0.000398
20261005,8085,福華,265000.0,144000.0,141000.0,132000.0,101000.0,121000.0,140000.0,136000.0,135000.0,158000.0,130000.0,159000.0,126000.0,196000.0,233000.0,160000.0,277000.0,258000.0,646000.0,389000.0,878000.0,475000.0,967000.0,813000.0,1600000.0,2752000.0,1198000.0,488000.0,247000.0,456000.0,183333.33,48.1818,0.005775,156600.0,33.8442,0.003782,147300.0,17.9905,0.002004,154466.67,11.4372,0.001448,202350.0,6.5481,0.001132,464033.33,1.9036,0.000759
20261005,8086,宏捷科,18622000.0,8429000.0,3834000.0,4687000.0,722000.0,1457000.0,1393000.0,1954000.0,1634000.0,2499000.0,3018000.0,1877000.0,1829000.0,1608000.0,2323000.0,3116000.0,1934000.0,1891000.0,1760000.0,2541000.0,4332000.0,5412000.0,9667000.0,6076000.0,3157000.0,5639000.0,6632000.0,3365000.0,3987000.0,3938000.0,10295000.0,60.2946,0.405791,7258800.0,51.3088,0.26576,4523100.0,41.1709,0.140851,3725733.33,33.3214,0.101722,3356400.0,27.741,0.07957,3977766.67,15.6051,0.053352
20261005,8087,麗升能源,4000.0,11000.0,21000.0,20000.0,26000.0,63000.0,2000.0,17000.0,14000.0,44000.0,31000.0,4000.0,18000.0,11000.0,99000.0,11000.0,6000.0,,,5000.0,11000.0,8000.0,6000.0,17000.0,1000.0,5000.0,14000.0,14000.0,5000.0,84000.0,12000.0,11.1111,8.7e-05,16400.0,4.878,5.7e-05,22200.0,1.8018,3e-05,25666.67,1.039,2.2e-05,22611.11,0.9828,1.7e-05,20428.57,0.6993,1.1e-05
20261005,8088,品安,419000.0,521000.0,747000.0,692000.0,178000.0,220000.0,204000.0,404000.0,310000.0,309000.0,207000.0,321000.0,251000.0,210000.0,366000.0,449000.0,267000.0,453000.0,423000.0,436000.0,706000.0,403000.0,896000.0,387000.0,447000.0,426000.0,402000.0,667000.0,509000.0,549000.0,562333.33,24.837,0.00913,511400.0,16.3864,0.00598,400400.0,10.4645,0.003169,357266.67,7.8186,0.002289,369350.0,5.6721,0.00179,425966.67,3.2788,0.0012
20261005,8089,康全電訊,157000.0,59000.0,68000.0,129000.0,89000.0,94000.0,119000.0,328000.0,574000.0,238000.0,66000.0,179000.0,66000.0,112000.0,64000.0,248000.0,503000.0,115000.0,186000.0,133000.0,130000.0,50000.0,186000.0,96000.0,104000.0,101000.0,96000.0,96000.0,40000.0,70000.0,94666.67,55.2817,0.003421,100400.0,31.2749,0.002241,185500.0,8.4636,0.001188,156133.33,6.7037,0.000858,176350.0,4.4514,0.000671,149866.67,3.492,0.00045
20261005,8091,翔名,1782000.0,714000.0,139000.0,316000.0,226000.0,139000.0,162000.0,261000.0,194000.0,249000.0,265000.0,477000.0,137000.0,210000.0,415000.0,314000.0,675000.0,167000.0,165000.0,233000.0,271000.0,268000.0,231000.0,312000.0,200000.0,213000.0,254000.0,216000.0,176000.0,163000.0,878333.33,67.6281,0.038831,635400.0,56.0907,0.025431,418200.0,42.6112,0.013479,379066.67,31.3401,0.009734,362000.0,24.6133,0.007614,318133.33,18.6714,0.005105
20261005,8092,建暐,30000.0,113000.0,28000.0,28000.0,67000.0,34000.0,156000.0,276000.0,28000.0,24000.0,25000.0,17000.0,16000.0,16000.0,1000.0,7000.0,14000.0,17000.0,27000.0,19000.0,49000.0,15000.0,22000.0,36000.0,45000.0,35000.0,154000.0,4000.0,9000.0,34000.0,57000.0,17.5439,0.000654,53200.0,11.2782,0.000428,78400.0,3.8265,0.000227,57266.67,3.4924,0.000164,47150.0,3.1813,0.000128,44866.67,2.2288,8.6e-05
20261005,8093,保銳,64000.0,46000.0,24000.0,32000.0,20000.0,54000.0,2000.0,28000.0,30000.0,22000.0,33000.0,54000.0,53000.0,14000.0,37000.0,,43000.0,39000.0,24000.0,14000.0,49000.0,75000.0,71000.0,46000.0,54000.0,61000.0,105000.0,347000.0,216000.0,19000.0,44666.67,47.7612,0.001395,37200.0,34.4086,0.000913,32200.0,19.8758,0.000484,34200.0,12.4756,0.00035,33315.79,10.1106,0.000273,57793.1,3.8186,0.000183
20261005,8096,擎亞,2822000.0,2031000.0,2942000.0,3177000.0,4547000.0,2608000.0,3087000.0,4159000.0,2479000.0,2148000.0,3451000.0,3468000.0,4530000.0,7439000.0,3581000.0,6901000.0,4505000.0,2494000.0,1548000.0,1536000.0,4625000.0,1766000.0,2356000.0,1487000.0,2160000.0,3746000.0,3324000.0,1660000.0,1917000.0,2591000.0,2598333.33,36.2027,0.061494,3103800.0,18.1842,0.040274,3000000.0,9.4067,0.021345,3497933.33,5.3784,0.015415,3472650.0,4.0632,0.012058,3169500.0,2.9679,0.008085
20261005,8097,常珵,115000.0,102000.0,105000.0,111000.0,254000.0,51000.0,36000.0,282000.0,388000.0,258000.0,142000.0,85000.0,55000.0,55000.0,100000.0,80000.0,92000.0,48000.0,55000.0,68000.0,31000.0,34000.0,51000.0,128000.0,43000.0,44000.0,13000.0,87000.0,189000.0,121000.0,107333.33,35.7143,0.002506,137400.0,16.7394,0.001641,170200.0,6.7568,0.00087,142600.0,5.3763,0.000628,124100.0,4.6334,0.000491,107433.33,3.5681,0.000329
20261005,8099,大世科,40000.0,69000.0,89000.0,45000.0,21000.0,22000.0,24000.0,169000.0,44000.0,44000.0,70000.0,31000.0,49000.0,147000.0,194000.0,39000.0,32000.0,28000.0,569000.0,705000.0,383000.0,729000.0,126000.0,286000.0,1344000.0,371000.0,1426000.0,112000.0,81000.0,70000.0,66000.0,20.202,0.000872,52800.0,15.1515,0.000571,56700.0,7.0547,0.000303,70533.33,3.7807,0.000218,121550.0,1.6454,0.000171,245300.0,0.5436,0.000115
20261005,8102,傑霖科技,4000.0,11000.0,2000.0,14000.0,,10000.0,6000.0,3000.0,3000.0,1000.0,9000.0,3000.0,23000.0,,6000.0,5000.0,51000.0,5000.0,2000.0,3000.0,5000.0,3000.0,3000.0,2000.0,2000.0,9000.0,6000.0,,17000.0,50000.0,5666.67,23.5294,8.7e-05,7750.0,12.9032,5.7e-05,6000.0,7.4074,3e-05,7307.69,4.2105,2.2e-05,8944.44,2.4845,1.7e-05,9555.56,1.5504,1.1e-05
20261005,8107,大億金茂,36000.0,51000.0,56000.0,69000.0,16000.0,38000.0,38000.0,34000.0,73000.0,33000.0,26000.0,29000.0,,15000.0,26000.0,41000.0,9000.0,54000.0,12000.0,47000.0,25000.0,16000.0,39000.0,26000.0,79000.0,25000.0,32000.0,36000.0,31000.0,14000.0,47666.67,25.1748,0.000784,45600.0,15.7895,0.000514,44400.0,8.1081,0.000272,38571.43,6.6667,0.000197,37000.0,5.1209,0.000154,35379.31,3.5088,0.000103
20261005,8109,博大,462000.0,629000.0,1355000.0,189000.0,169000.0,294000.0,126000.0,127000.0,126000.0,375000.0,53000.0,206000.0,87000.0,155000.0,151000.0,194000.0,94000.0,131000.0,150000.0,313000.0,818000.0,522000.0,201000.0,180000.0,204000.0,522000.0,705000.0,191000.0,359000.0,760000.0,815333.33,18.888,0.010067,560800.0,16.4765,0.006593,385200.0,11.9938,0.003494,300266.67,10.2575,0.002524,269300.0,8.5778,0.001974,328266.67,4.6913,0.001324
20261005,8111,立碁,37505000.0,23441000.0,5823000.0,8529000.0,12470000.0,6437000.0,7806000.0,22762000.0,35250000.0,22709000.0,11752000.0,12485000.0,6037000.0,4472000.0,5891000.0,10328000.0,11346000.0,5761000.0,17120000.0,15925000.0,37791000.0,45046000.0,34235000.0,13392000.0,4471000.0,7849000.0,8963000.0,10078000.0,18084000.0,4761000.0,22256333.33,56.1713,0.81727,17553600.0,42.732,0.535245,18273200.0,20.5246,0.283676,14891266.67,16.7906,0.204869,14192450.0,13.213,0.160255,15617300.0,8.005,0.107452
20261005,8121,越峰,1867000.0,2868000.0,2873000.0,1220000.0,3575000.0,1264000.0,461000.0,592000.0,291000.0,351000.0,294000.0,354000.0,191000.0,230000.0,701000.0,626000.0,393000.0,335000.0,254000.0,346000.0,446000.0,329000.0,374000.0,687000.0,569000.0,490000.0,444000.0,509000.0,440000.0,408000.0,2536000.0,24.54,0.040684,2480600.0,15.0528,0.026645,1536200.0,12.1534,0.014121,1142133.33,10.8977,0.010198,954300.0,9.782,0.007977,792733.33,7.8505,0.005349
20261005,8147,正淩,405000.0,371000.0,984000.0,1203000.0,716000.0,77000.0,157000.0,441000.0,109000.0,106000.0,62000.0,42000.0,50000.0,96000.0,151000.0,119000.0,168000.0,409000.0,924000.0,355000.0,159000.0,86000.0,241000.0,317000.0,119000.0,110000.0,387000.0,81000.0,48000.0,57000.0,586666.67,23.0114,0.008825,735800.0,11.0084,0.00578,456900.0,8.8641,0.003063,331333.33,8.1489,0.002212,347250.0,5.8315,0.001731,285000.0,4.7368,0.00116
20261005,8155,博智,847000.0,707000.0,762000.0,1174000.0,1879000.0,951000.0,649000.0,966000.0,323000.0,228000.0,483000.0,248000.0,387000.0,448000.0,563000.0,333000.0,247000.0,465000.0,387000.0,523000.0,851000.0,501000.0,703000.0,995000.0,1267000.0,2349000.0,1007000.0,602000.0,567000.0,590000.0,772000.0,36.5717,0.018457,1073800.0,15.7757,0.012088,848600.0,9.9811,0.006406,707666.67,7.9793,0.004627,628500.0,6.7383,0.003619,733400.0,3.8497,0.002427
20261005,8171,天宇,172000.0,216000.0,74000.0,196000.0,199000.0,94000.0,257000.0,257000.0,119000.0,95000.0,71000.0,71000.0,155000.0,51000.0,174000.0,315000.0,330000.0,89000.0,70000.0,83000.0,132000.0,125000.0,118000.0,187000.0,162000.0,99000.0,244000.0,63000.0,38000.0,43000.0,154000.0,37.2294,0.003748,171400.0,20.07,0.002455,167900.0,10.2442,0.001301,146733.33,7.8146,0.00094,154400.0,5.5699,0.000735,143300.0,4.0009,0.000493
20261005,8176,智捷,38000.0,60000.0,31000.0,88000.0,91000.0,6000.0,105000.0,101000.0,52000.0,31000.0,177000.0,59000.0,68000.0,115000.0,46000.0,80000.0,14000.0,19000.0,59000.0,68000.0,53000.0,10000.0,24000.0,54000.0,23000.0,34000.0,72000.0,79000.0,75000.0,83000.0,43000.0,29.4574,0.000828,61600.0,12.3377,0.000542,60300.0,6.3018,0.000287,71200.0,3.5581,0.000208,65400.0,2.9052,0.000162,60500.0,2.0937,0.000109
20261005,8182,加高,4105000.0,7055000.0,3689000.0,702000.0,1563000.0,877000.0,2556000.0,436000.0,608000.0,279000.0,468000.0,332000.0,465000.0,205000.0,403000.0,220000.0,470000.0,343000.0,493000.0,256000.0,683000.0,430000.0,507000.0,477000.0,929000.0,656000.0,675000.0,560000.0,3093000.0,769000.0,4949666.67,27.645,0.089452,3422800.0,23.9862,0.058584,2187000.0,18.77,0.031049,1582866.67,17.2893,0.022423,1276250.0,16.0823,0.01754,1143466.67,11.9665,0.011761
20261005,8183,精星,,,,,,,,821000.0,2929000.0,316000.0,150000.0,159000.0,233000.0,251000.0,432000.0,458000.0,567000.0,266000.0,240000.0,665000.0,262000.0,146000.0,141000.0,237000.0,154000.0,240000.0,145000.0,126000.0,120000.0,135000.0,,,,,,,1355333.33,,,661375.0,,,575923.08,,,399695.65,,
20261005,8227,巨有科技,569000.0,812000.0,11686000.0,718000.0,2480000.0,936000.0,905000.0,1640000.0,931000.0,1578000.0,3117000.0,2649000.0,1811000.0,19766000.0,5627000.0,7811000.0,7282000.0,1593000.0,582000.0,269000.0,372000.0,375000.0,1321000.0,415000.0,447000.0,991000.0,1667000.0,367000.0,649000.0,247000.0,4355666.67,4.3545,0.012399,3253000.0,3.4983,0.00812,2225500.0,2.5567,0.004304,3681666.67,1.0303,0.003108,3638100.0,0.782,0.002431,2653766.67,0.7147,0.00163
20261005,8234,新漢,297000.0,264000.0,279000.0,247000.0,279000.0,183000.0,215000.0,487000.0,172000.0,365000.0,175000.0,235000.0,267000.0,290000.0,267000.0,524000.0,758000.0,784000.0,402000.0,445000.0,782000.0,426000.0,367000.0,323000.0,433000.0,600000.0,505000.0,375000.0,617000.0,2072000.0,280000.0,35.3571,0.006472,273200.0,21.7423,0.004239,278800.0,10.6528,0.002246,268133.33,7.3844,0.001622,346750.0,4.2826,0.001269,447833.33,2.2106,0.000851
20261005,8240,華宏,1426000.0,2735000.0,8403000.0,2426000.0,4443000.0,1152000.0,548000.0,1470000.0,322000.0,311000.0,893000.0,360000.0,288000.0,440000.0,499000.0,917000.0,1142000.0,3188000.0,4875000.0,1278000.0,1339000.0,3026000.0,1017000.0,871000.0,387000.0,1190000.0,692000.0,104000.0,57000.0,96000.0,4188000.0,11.3499,0.031074,3886600.0,7.338,0.020351,2323600.0,6.137,0.010786,1714400.0,5.5452,0.007789,1855800.0,3.842,0.006093,1529833.33,3.1071,0.004086
20261005,8255,朋程,661000.0,477000.0,325000.0,553000.0,257000.0,340000.0,1005000.0,354000.0,257000.0,161000.0,164000.0,200000.0,161000.0,187000.0,318000.0,231000.0,370000.0,342000.0,253000.0,186000.0,280000.0,257000.0,364000.0,301000.0,736000.0,167000.0,361000.0,146000.0,272000.0,249000.0,487666.67,45.1811,0.014404,454600.0,29.0805,0.009433,439000.0,15.0569,0.005,361333.33,12.1956,0.003611,340100.0,9.7177,0.002824,331166.67,6.6532,0.001894
20261005,8272,全景軟體,24000.0,8000.0,4000.0,4000.0,1000.0,10000.0,9000.0,13000.0,5000.0,5000.0,6000.0,18000.0,24000.0,50000.0,9000.0,8000.0,10000.0,4000.0,5000.0,5000.0,5000.0,8000.0,7000.0,8000.0,10000.0,24000.0,13000.0,2000.0,2000.0,42000.0,12000.0,66.6667,0.000523,8200.0,58.5366,0.000343,8300.0,28.9157,0.000182,12666.67,12.6316,0.000131,11100.0,10.8108,0.000103,11433.33,6.9971,6.9e-05
20261005,8277,商丞,80000.0,99000.0,171000.0,150000.0,108000.0,45000.0,75000.0,337000.0,267000.0,,,,,,,,310000.0,262000.0,210000.0,102000.0,205000.0,541000.0,106000.0,147000.0,124000.0,159000.0,68000.0,57000.0,80000.0,57000.0,116666.67,22.8571,0.001743,121600.0,13.1579,0.001142,148000.0,6.006,0.000605,148000.0,6.006,0.000437,170461.54,3.6101,0.000342,163478.26,2.1277,0.000229
20261005,8279,生展,18000.0,20000.0,44000.0,10000.0,31000.0,14000.0,12000.0,55000.0,15000.0,7000.0,7000.0,3000.0,2000.0,10000.0,7000.0,10000.0,26000.0,18000.0,33000.0,129000.0,9000.0,161000.0,185000.0,22000.0,171000.0,71000.0,285000.0,58000.0,40000.0,127000.0,27333.33,21.9512,0.000392,24600.0,14.6341,0.000257,22600.0,7.9646,0.000136,17000.0,7.0588,9.8e-05,23550.0,3.8217,7.7e-05,53333.33,1.125,5.2e-05
20261005,8284,三竹,12000.0,7000.0,27000.0,55000.0,13000.0,7000.0,1000.0,5000.0,6000.0,8000.0,20000.0,13000.0,53000.0,19000.0,83000.0,7000.0,4000.0,1000.0,22000.0,12000.0,35000.0,32000.0,33000.0,10000.0,23000.0,1000.0,17000.0,11000.0,391000.0,16000.0,15333.33,26.087,0.000261,22800.0,10.5263,0.000171,14100.0,8.5106,9.1e-05,21933.33,3.6474,6.6e-05,18750.0,3.2,5.1e-05,31466.67,1.2712,3.4e-05
20261005,8289,泰藝,7963000.0,1889000.0,2488000.0,424000.0,710000.0,513000.0,661000.0,287000.0,569000.0,290000.0,321000.0,288000.0,518000.0,261000.0,263000.0,347000.0,264000.0,311000.0,218000.0,217000.0,541000.0,230000.0,444000.0,226000.0,380000.0,378000.0,315000.0,293000.0,822000.0,239000.0,4113333.33,64.53,0.173521,2694800.0,59.099,0.113642,1579400.0,50.4179,0.06023,1163000.0,45.6463,0.043498,940100.0,42.3519,0.034025,755666.67,35.1257,0.022814
20261005,8291,尚茂,9000.0,17000.0,20000.0,50000.0,10000.0,1000.0,12000.0,20000.0,17000.0,33000.0,18000.0,27000.0,7000.0,8000.0,10000.0,33000.0,29000.0,23000.0,19000.0,14000.0,5000.0,4000.0,23000.0,3000.0,11000.0,35000.0,26000.0,34000.0,21000.0,15000.0,15333.33,19.5652,0.000196,21200.0,8.4906,0.000128,18900.0,4.7619,6.8e-05,17266.67,3.4749,4.9e-05,18850.0,2.3873,3.8e-05,18466.67,1.6245,2.6e-05
20261005,8299,群聯,2306000.0,1906000.0,1789000.0,2781000.0,2082000.0,3897000.0,7052000.0,4869000.0,4229000.0,6143000.0,2601000.0,2818000.0,2009000.0,2062000.0,4480000.0,2295000.0,1866000.0,2551000.0,2545000.0,2747000.0,3126000.0,2900000.0,3863000.0,16851000.0,2786000.0,3645000.0,2711000.0,5840000.0,3154000.0,3715000.0,2000333.33,38.4269,0.05025,2172800.0,21.2261,0.03291,3705400.0,6.2233,0.017442,3401600.0,4.5194,0.012596,3151400.0,3.6587,0.009853,3720633.33,2.066,0.006607
20261005,8342,益張,2000.0,1000.0,4000.0,1000.0,7000.0,1000.0,5000.0,3000.0,3000.0,,6000.0,12000.0,6000.0,1000.0,,3000.0,4000.0,4000.0,2000.0,,,5000.0,,1000.0,2000.0,3000.0,5000.0,,2000.0,3000.0,2333.33,28.5714,4.4e-05,3000.0,13.3333,2.9e-05,3000.0,7.4074,1.5e-05,4000.0,3.8462,1.1e-05,3823.53,3.0769,9e-06,3583.33,2.3256,6e-06
20261005,8349,恒耀,89000.0,55000.0,189000.0,150000.0,136000.0,228000.0,112000.0,209000.0,47000.0,159000.0,81000.0,64000.0,63000.0,42000.0,121000.0,115000.0,136000.0,99000.0,65000.0,58000.0,182000.0,88000.0,138000.0,71000.0,109000.0,105000.0,28000.0,27000.0,40000.0,146000.0,111000.0,26.7267,0.001939,123800.0,14.378,0.00127,137400.0,6.4774,0.000673,116333.33,5.1003,0.000486,110900.0,4.0126,0.00038,105066.67,2.8236,0.000255
20261005,8349A,恒耀甲特,14000.0,1000.0,2000.0,,14000.0,,,2000.0,1000.0,7000.0,3000.0,,1000.0,4000.0,,4000.0,12000.0,4000.0,7000.0,,1000.0,9000.0,3000.0,2000.0,2000.0,1000.0,,,6000.0,1000.0,5666.67,82.3529,0.000305,7750.0,45.1613,0.0002,5857.14,34.1463,0.000106,4900.0,28.5714,7.6e-05,5428.57,18.4211,6e-05,4590.91,13.8614,4e-05
20261005,8354,冠好,37000.0,51000.0,92000.0,18000.0,11000.0,20000.0,8000.0,133000.0,25000.0,21000.0,140000.0,20000.0,27000.0,6000.0,56000.0,106000.0,65000.0,43000.0,47000.0,51000.0,252000.0,303000.0,55000.0,33000.0,55000.0,51000.0,111000.0,106000.0,46000.0,60000.0,60000.0,20.5556,0.000806,41800.0,17.7033,0.000528,41600.0,8.8942,0.00028,44333.33,5.5639,0.000202,48850.0,3.7871,0.000158,68300.0,1.8058,0.000106
20261005,8358,金居,40410000.0,19421000.0,17252000.0,8233000.0,13167000.0,2966000.0,1893000.0,2011000.0,2173000.0,4278000.0,29702000.0,19871000.0,26088000.0,33278000.0,13797000.0,3044000.0,3207000.0,3643000.0,3709000.0,4151000.0,7118000.0,5342000.0,30425000.0,48799000.0,39692000.0,37626000.0,31477000.0,13672000.0,30234000.0,18281000.0,25694333.33,52.424,0.880573,19696600.0,41.0325,0.576703,11180400.0,36.1436,0.305649,15636000.0,17.2295,0.220738,12614700.0,16.017,0.172667,17165333.33,7.8472,0.115775
20261005,8383,千附,1299000.0,545000.0,475000.0,694000.0,552000.0,1045000.0,431000.0,595000.0,913000.0,1908000.0,821000.0,818000.0,593000.0,722000.0,1040000.0,1448000.0,3140000.0,763000.0,893000.0,796000.0,956000.0,936000.0,1390000.0,980000.0,2228000.0,3514000.0,2972000.0,840000.0,1183000.0,2177000.0,773000.0,56.0155,0.028306,713000.0,36.4376,0.018538,845700.0,15.3601,0.009825,830066.67,10.4329,0.007096,974550.0,6.6646,0.00555,1222233.33,3.5427,0.003722
20261005,8390,金益鼎,679000.0,197000.0,211000.0,177000.0,271000.0,280000.0,193000.0,463000.0,130000.0,198000.0,118000.0,203000.0,186000.0,221000.0,358000.0,1261000.0,300000.0,318000.0,202000.0,373000.0,165000.0,310000.0,229000.0,309000.0,353000.0,471000.0,529000.0,916000.0,365000.0,399000.0,362333.33,62.4655,0.014796,307000.0,44.2345,0.00969,279900.0,24.2587,0.005136,259000.0,17.4775,0.003709,316950.0,10.7115,0.002901,346166.67,6.5383,0.001945
20261005,8401,白紗科,20000.0,22000.0,24000.0,11000.0,8000.0,21000.0,35000.0,13000.0,41000.0,8000.0,14000.0,1000.0,29000.0,23000.0,87000.0,42000.0,89000.0,65000.0,18000.0,16000.0,2000.0,33000.0,31000.0,26000.0,19000.0,59000.0,35000.0,7000.0,15000.0,2000.0,22000.0,30.303,0.000436,17000.0,23.5294,0.000285,20300.0,9.8522,0.000151,23800.0,5.6022,0.000109,29350.0,3.4072,8.5e-05,27200.0,2.451,5.7e-05
20261005,8403,盛弘,49000.0,39000.0,65000.0,136000.0,27000.0,38000.0,81000.0,27000.0,52000.0,31000.0,43000.0,22000.0,35000.0,150000.0,75000.0,51000.0,32000.0,55000.0,79000.0,42000.0,65000.0,67000.0,21000.0,33000.0,60000.0,47000.0,55000.0,205000.0,124000.0,219000.0,51000.0,32.0261,0.001068,63200.0,15.5063,0.000699,54500.0,8.9908,0.000371,58000.0,5.6322,0.000268,56450.0,4.3401,0.000209,67500.0,2.4198,0.00014
20261005,8409,商之器,9000.0,27000.0,2000.0,6000.0,7000.0,4000.0,6000.0,,3000.0,1000.0,5000.0,2000.0,6000.0,4000.0,2000.0,1000.0,1000.0,10000.0,2000.0,4000.0,11000.0,8000.0,16000.0,4000.0,9000.0,5000.0,5000.0,2000.0,3000.0,24000.0,12666.67,23.6842,0.000196,10200.0,17.6471,0.000128,7222.22,13.8462,6.8e-05,6000.0,10.7143,4.9e-05,5368.42,8.8235,3.8e-05,6517.24,4.7619,2.6e-05
20261005,8410,森田,51000.0,28000.0,28000.0,26000.0,29000.0,165000.0,246000.0,81000.0,74000.0,3000.0,13000.0,6000.0,22000.0,25000.0,1000.0,11000.0,1000.0,150000.0,44000.0,7000.0,4000.0,15000.0,12000.0,7000.0,7000.0,13000.0,38000.0,28000.0,35000.0,65000.0,35666.67,47.6636,0.001111,32400.0,31.4815,0.000728,73100.0,6.9767,0.000386,53200.0,6.391,0.000279,50550.0,5.0445,0.000218,41166.67,4.1296,0.000146
20261005,8415,大國鋼,460000.0,211000.0,470000.0,491000.0,581000.0,195000.0,112000.0,277000.0,682000.0,4783000.0,528000.0,724000.0,460000.0,593000.0,634000.0,453000.0,446000.0,205000.0,411000.0,375000.0,518000.0,333000.0,555000.0,968000.0,529000.0,497000.0,593000.0,544000.0,240000.0,523000.0,380333.33,40.3155,0.010024,442600.0,20.7863,0.006565,826200.0,5.5677,0.003479,746733.33,4.1068,0.002513,654550.0,3.5139,0.001966,613033.33,2.5012,0.001318
20261005,8416,實威,4000.0,9000.0,3000.0,1000.0,3000.0,9000.0,2000.0,13000.0,6000.0,2000.0,2000.0,1000.0,2000.0,3000.0,1000.0,2000.0,4000.0,2000.0,2000.0,,,3000.0,4000.0,3000.0,2000.0,2000.0,7000.0,19000.0,3000.0,3000.0,5333.33,25.0,8.7e-05,4000.0,20.0,5.7e-05,5200.0,7.6923,3e-05,4066.67,6.5574,2.2e-05,3736.84,5.6338,1.7e-05,4178.57,3.4188,1.1e-05
20261005,8421,旭源,43000.0,22000.0,113000.0,63000.0,25000.0,36000.0,56000.0,61000.0,106000.0,138000.0,252000.0,173000.0,234000.0,99000.0,102000.0,90000.0,123000.0,170000.0,590000.0,102000.0,213000.0,72000.0,415000.0,39000.0,76000.0,97000.0,38000.0,122000.0,100000.0,91000.0,59333.33,24.1573,0.000937,53200.0,16.1654,0.000614,66300.0,6.4857,0.000325,101533.33,2.8234,0.000235,129900.0,1.6551,0.000184,128700.0,1.1137,0.000123
20261005,8423,保綠-KY,14000.0,20000.0,7000.0,9000.0,6000.0,9000.0,21000.0,33000.0,5000.0,7000.0,11000.0,9000.0,15000.0,58000.0,42000.0,46000.0,3000.0,32000.0,18000.0,15000.0,30000.0,46000.0,22000.0,7000.0,14000.0,2000.0,5000.0,2000.0,26000.0,34000.0,13666.67,34.1463,0.000305,11200.0,25.0,0.0002,13100.0,10.687,0.000106,17733.33,5.2632,7.6e-05,19000.0,3.6842,6e-05,18933.33,2.4648,4e-05
20261005,8424,惠普,11000.0,2000.0,,14000.0,9000.0,99000.0,2000.0,7000.0,4000.0,4000.0,2000.0,7000.0,2000.0,12000.0,16000.0,3000.0,2000.0,5000.0,14000.0,3000.0,7000.0,2000.0,7000.0,4000.0,8000.0,25000.0,7000.0,4000.0,1000.0,9000.0,6500.0,84.6154,0.00024,9000.0,30.5556,0.000157,16888.89,7.2368,8.3e-05,13642.86,5.7592,6e-05,11473.68,5.0459,4.7e-05,10068.97,3.7671,3.2e-05
20261005,8426,紅木-KY,40000.0,13000.0,18000.0,50000.0,42000.0,19000.0,15000.0,13000.0,8000.0,40000.0,4000.0,6000.0,18000.0,3000.0,55000.0,8000.0,9000.0,9000.0,12000.0,34000.0,11000.0,28000.0,1000.0,4000.0,3000.0,39000.0,85000.0,25000.0,15000.0,10000.0,23666.67,56.338,0.000872,32600.0,24.5399,0.000571,25800.0,15.5039,0.000303,22933.33,11.6279,0.000218,20800.0,9.6154,0.000171,21233.33,6.2794,0.000115
20261005,8431,匯鑽科,847000.0,670000.0,1153000.0,1210000.0,2567000.0,643000.0,1088000.0,3665000.0,4201000.0,1872000.0,3236000.0,3834000.0,2614000.0,2509000.0,896000.0,1991000.0,1870000.0,3556000.0,5306000.0,10612000.0,7618000.0,3177000.0,607000.0,1212000.0,1266000.0,302000.0,68000.0,75000.0,228000.0,127000.0,890000.0,31.7228,0.018457,1289400.0,13.1379,0.012088,1791600.0,4.7276,0.006406,2067000.0,2.7318,0.004627,2717000.0,1.5587,0.003619,2300666.67,1.2272,0.002427
20261005,8432,東生華,45000.0,38000.0,32000.0,54000.0,68000.0,36000.0,22000.0,16000.0,21000.0,36000.0,18000.0,9000.0,7000.0,15000.0,23000.0,74000.0,13000.0,33000.0,94000.0,146000.0,58000.0,19000.0,16000.0,7000.0,22000.0,27000.0,19000.0,8000.0,9000.0,42000.0,38333.33,39.1304,0.000981,47400.0,18.9873,0.000642,36800.0,12.2283,0.00034,29333.33,10.2273,0.000246,40000.0,5.625,0.000192,34233.33,4.3817,0.000129
20261005,8433,弘帆,15000.0,15000.0,11000.0,6000.0,7000.0,27000.0,15000.0,29000.0,22000.0,24000.0,6000.0,16000.0,5000.0,,15000.0,23000.0,5000.0,10000.0,10000.0,3000.0,17000.0,2000.0,9000.0,6000.0,3000.0,26000.0,7000.0,11000.0,50000.0,8000.0,13666.67,36.5854,0.000327,10800.0,27.7778,0.000214,17100.0,8.7719,0.000113,15214.29,7.0423,8.2e-05,13894.74,5.6818,6.4e-05,13896.55,3.7221,4.3e-05
20261005,8435,鉅邁,38000.0,11000.0,10000.0,45000.0,14000.0,22000.0,31000.0,9000.0,19000.0,10000.0,45000.0,22000.0,15000.0,16000.0,4000.0,26000.0,20000.0,11000.0,6000.0,4000.0,6000.0,18000.0,37000.0,20000.0,27000.0,10000.0,1000.0,6000.0,13000.0,21000.0,19666.67,64.4068,0.000828,23600.0,32.2034,0.000542,20900.0,18.1818,0.000287,20733.33,12.2186,0.000208,18900.0,10.0529,0.000162,17900.0,7.0764,0.000109
20261005,8436,大江,1033000.0,483000.0,218000.0,312000.0,388000.0,375000.0,342000.0,876000.0,341000.0,648000.0,2510000.0,1736000.0,326000.0,280000.0,525000.0,313000.0,783000.0,365000.0,702000.0,1314000.0,784000.0,723000.0,2258000.0,825000.0,810000.0,1014000.0,1094000.0,468000.0,1044000.0,995000.0,578000.0,59.5732,0.02251,486800.0,42.4404,0.014742,501600.0,20.5941,0.007813,692866.67,9.9394,0.005643,693500.0,7.4477,0.004414,796166.67,4.3249,0.00296
20261005,8437,大地-KY,113000.0,35000.0,51000.0,51000.0,110000.0,280000.0,58000.0,16000.0,11000.0,23000.0,25000.0,10000.0,13000.0,71000.0,25000.0,,6000.0,11000.0,27000.0,11000.0,4000.0,29000.0,12000.0,3000.0,11000.0,10000.0,12000.0,12000.0,15000.0,12000.0,66333.33,56.7839,0.002462,72000.0,31.3889,0.001613,74800.0,15.107,0.000855,59466.67,12.6682,0.000617,49842.11,11.9324,0.000483,36793.1,10.5904,0.000324
20261005,8440,綠電,19000.0,27000.0,46000.0,76000.0,109000.0,34000.0,45000.0,52000.0,75000.0,39000.0,44000.0,47000.0,43000.0,114000.0,21000.0,37000.0,41000.0,35000.0,89000.0,27000.0,61000.0,44000.0,36000.0,21000.0,37000.0,42000.0,35000.0,111000.0,67000.0,58000.0,30666.67,20.6522,0.000414,55400.0,6.8592,0.000271,52200.0,3.6398,0.000144,52733.33,2.402,0.000104,51000.0,1.8627,8.1e-05,51066.67,1.2402,5.4e-05
20261005,8444,綠河-KY,,,,8000.0,2000.0,15000.0,5000.0,4000.0,,28000.0,19000.0,6000.0,,2000.0,1000.0,12000.0,20000.0,5000.0,14000.0,6000.0,4000.0,7000.0,21000.0,8000.0,41000.0,13000.0,18000.0,,2000.0,1000.0,,,,5000.0,,,10333.33,,,9000.0,,,9800.0,,,10916.67,,
20261005,8446,華研,41000.0,24000.0,11000.0,48000.0,15000.0,2000.0,24000.0,21000.0,8000.0,48000.0,26000.0,28000.0,38000.0,42000.0,45000.0,46000.0,56000.0,28000.0,50000.0,24000.0,58000.0,35000.0,32000.0,48000.0,28000.0,25000.0,24000.0,42000.0,42000.0,83000.0,25333.33,53.9474,0.000893,27800.0,29.4964,0.000585,24200.0,16.9421,0.00031,28066.67,9.7387,0.000224,31250.0,6.56,0.000175,34733.33,3.9347,0.000117
20261005,8450,霹靂,14000.0,19000.0,16000.0,24000.0,26000.0,29000.0,22000.0,28000.0,16000.0,31000.0,17000.0,25000.0,18000.0,11000.0,110000.0,9000.0,7000.0,16000.0,14000.0,45000.0,32000.0,2000.0,28000.0,22000.0,10000.0,24000.0,25000.0,13000.0,18000.0,4000.0,16333.33,28.5714,0.000305,19800.0,14.1414,0.0002,22500.0,6.2222,0.000106,27066.67,3.4483,7.6e-05,24850.0,2.8169,6e-05,22500.0,2.0741,4e-05
20261005,8455,大拓-KY,14000.0,,3000.0,4000.0,1000.0,7000.0,10000.0,9000.0,3000.0,5000.0,,3000.0,1000.0,1000.0,4000.0,13000.0,2000.0,7000.0,4000.0,16000.0,2000.0,4000.0,4000.0,7000.0,,2000.0,7000.0,3000.0,11000.0,3000.0,8500.0,82.3529,0.000305,5500.0,63.6364,0.0002,6222.22,25.0,0.000106,5000.0,21.5385,7.6e-05,5944.44,13.0841,6e-05,5555.56,9.3333,4e-05
20261005,8472,納維康,10000.0,90000.0,181000.0,21000.0,16000.0,2000.0,4000.0,10000.0,5000.0,6000.0,28000.0,44000.0,13000.0,11000.0,37000.0,7000.0,29000.0,37000.0,84000.0,5000.0,8000.0,7000.0,29000.0,12000.0,10000.0,16000.0,9000.0,1000.0,6000.0,3000.0,93666.67,3.5587,0.000218,63600.0,3.1447,0.000143,34500.0,2.8986,7.6e-05,31866.67,2.0921,5.5e-05,32000.0,1.5625,4.3e-05,24700.0,1.3495,2.9e-05
20261005,8477,創業家,20000.0,13000.0,6000.0,12000.0,9000.0,6000.0,32000.0,59000.0,28000.0,6000.0,13000.0,1000.0,5000.0,6000.0,19000.0,9000.0,15000.0,25000.0,24000.0,8000.0,1000.0,5000.0,22000.0,11000.0,6000.0,14000.0,23000.0,15000.0,17000.0,24000.0,13000.0,51.2821,0.000436,12000.0,33.3333,0.000285,19100.0,10.4712,0.000151,15666.67,8.5106,0.000109,15800.0,6.3291,8.5e-05,15133.33,4.4053,5.7e-05
20261005,8489,三貝德,56000.0,57000.0,41000.0,38000.0,61000.0,30000.0,147000.0,445000.0,41000.0,27000.0,24000.0,23000.0,38000.0,17000.0,9000.0,20000.0,20000.0,29000.0,6000.0,24000.0,45000.0,57000.0,32000.0,15000.0,48000.0,15000.0,50000.0,54000.0,34000.0,7000.0,51333.33,36.3636,0.00122,50600.0,22.1344,0.000799,94300.0,5.9385,0.000424,70266.67,5.3131,0.000306,57650.0,4.8569,0.000239,50333.33,3.7086,0.00016
20261005,8905,裕國,,,4000.0,3000.0,13000.0,2000.0,5000.0,5000.0,12000.0,6000.0,5000.0,9000.0,2000.0,5000.0,,1000.0,3000.0,,6000.0,10000.0,6000.0,17000.0,2000.0,2000.0,26000.0,6000.0,4000.0,6000.0,12000.0,,4000.0,,,6666.67,,,6250.0,,,5916.67,,,5687.5,,,6880.0,,
20261005,8906,花王,15000.0,10000.0,1000.0,15000.0,7000.0,15000.0,9000.0,7000.0,5000.0,68000.0,22000.0,13000.0,8000.0,7000.0,2000.0,35000.0,11000.0,2000.0,14000.0,6000.0,62000.0,10000.0,14000.0,25000.0,6000.0,15000.0,5000.0,35000.0,5000.0,22000.0,8666.67,57.6923,0.000327,9600.0,31.25,0.000214,15200.0,9.8684,0.000113,13600.0,7.3529,8.2e-05,13600.0,5.5147,6.4e-05,15700.0,3.1847,4.3e-05
20261005,8908,欣雄,18000.0,30000.0,18000.0,12000.0,45000.0,37000.0,71000.0,38000.0,50000.0,3000.0,37000.0,44000.0,10000.0,46000.0,19000.0,37000.0,17000.0,26000.0,27000.0,30000.0,40000.0,126000.0,73000.0,28000.0,32000.0,22000.0,26000.0,5000.0,9000.0,22000.0,22000.0,27.2727,0.000392,24600.0,14.6341,0.000257,32200.0,5.5901,0.000136,31866.67,3.7657,9.8e-05,30750.0,2.9268,7.7e-05,33266.67,1.8036,5.2e-05
20261005,8916,光隆,37000.0,56000.0,24000.0,27000.0,71000.0,59000.0,20000.0,63000.0,26000.0,57000.0,84000.0,42000.0,73000.0,70000.0,13000.0,70000.0,40000.0,18000.0,133000.0,32000.0,27000.0,74000.0,41000.0,60000.0,64000.0,42000.0,105000.0,48000.0,81000.0,44000.0,39000.0,31.6239,0.000806,43000.0,17.2093,0.000528,44000.0,8.4091,0.00028,48133.33,5.1247,0.000202,50750.0,3.6453,0.000158,53366.67,2.3111,0.000106
20261005,8917,欣泰,1000.0,,,4000.0,5000.0,14000.0,8000.0,9000.0,4000.0,2000.0,,10000.0,5000.0,489000.0,4000.0,4000.0,2000.0,1000.0,5000.0,9000.0,44000.0,,,5000.0,,4000.0,10000.0,,13000.0,1000.0,1000.0,100.0,2.2e-05,3333.33,10.0,1.4e-05,5875.0,2.1277,8e-06,46250.0,0.1802,5e-06,33882.35,0.1736,4e-06,28391.3,0.1531,3e-06
20261005,8921,沈氏,,3000.0,,2000.0,,,,2000.0,1000.0,1000.0,12000.0,1000.0,2000.0,3000.0,3000.0,,1000.0,,1000.0,20000.0,2000.0,,17000.0,5000.0,1000.0,,3000.0,3000.0,3000.0,1000.0,3000.0,,,2500.0,,,1800.0,,,3000.0,,,4000.0,,,4142.86,,
20261005,8923,時報,2000.0,,,1000.0,11000.0,,,7000.0,11000.0,,,,55000.0,,39000.0,1000.0,1000.0,2000.0,,,,,8000.0,13000.0,,,4000.0,,3000.0,,2000.0,100.0,4.4e-05,4666.67,14.2857,2.9e-05,6400.0,6.25,1.5e-05,18000.0,1.5873,1.1e-05,13000.0,1.5385,9e-06,11285.71,1.2658,6e-06
20261005,8924,大田,90000.0,26000.0,35000.0,26000.0,28000.0,55000.0,39000.0,68000.0,63000.0,123000.0,49000.0,84000.0,33000.0,95000.0,62000.0,22000.0,27000.0,19000.0,37000.0,100000.0,96000.0,88000.0,39000.0,40000.0,33000.0,45000.0,54000.0,32000.0,44000.0,41000.0,50333.33,59.6026,0.001961,41000.0,43.9024,0.001284,55300.0,16.2749,0.000681,58400.0,10.274,0.000492,54050.0,8.3256,0.000385,53100.0,5.6497,0.000258
20261005,8927,北基,199000.0,46000.0,164000.0,122000.0,72000.0,84000.0,174000.0,129000.0,254000.0,240000.0,86000.0,64000.0,66000.0,67000.0,149000.0,99000.0,180000.0,100000.0,68000.0,61000.0,81000.0,45000.0,207000.0,66000.0,64000.0,88000.0,102000.0,127000.0,233000.0,65000.0,136333.33,48.6553,0.004336,120600.0,33.0017,0.00284,148400.0,13.4097,0.001505,127733.33,10.3862,0.001087,121200.0,8.2096,0.00085,116733.33,5.6825,0.00057
20261005,8928,鉅明,18000.0,4000.0,7000.0,9000.0,16000.0,14000.0,27000.0,6000.0,14000.0,16000.0,16000.0,6000.0,8000.0,7000.0,31000.0,21000.0,42000.0,77000.0,21000.0,29000.0,11000.0,32000.0,9000.0,3000.0,58000.0,39000.0,46000.0,34000.0,22000.0,11000.0,9666.67,62.069,0.000392,10800.0,33.3333,0.000257,13100.0,13.7405,0.000136,13266.67,9.0452,9.8e-05,19450.0,4.6272,7.7e-05,21800.0,2.7523,5.2e-05
20261005,8929,富堡,8000.0,1000.0,7000.0,25000.0,5000.0,5000.0,13000.0,15000.0,17000.0,,12000.0,6000.0,5000.0,23000.0,2000.0,5000.0,5000.0,1000.0,27000.0,,3000.0,5000.0,7000.0,6000.0,11000.0,4000.0,8000.0,8000.0,10000.0,27000.0,5333.33,50.0,0.000174,9200.0,17.3913,0.000114,10666.67,8.3333,6.1e-05,10285.71,5.5556,4.4e-05,10111.11,4.3956,3.4e-05,9678.57,2.952,2.3e-05
20261005,8930,青鋼,25000.0,29000.0,19000.0,38000.0,20000.0,62000.0,32000.0,74000.0,12000.0,23000.0,30000.0,42000.0,8000.0,15000.0,21000.0,68000.0,66000.0,16000.0,23000.0,45000.0,11000.0,25000.0,25000.0,45000.0,49000.0,64000.0,38000.0,21000.0,23000.0,20000.0,24333.33,34.2466,0.000545,26200.0,19.084,0.000357,33400.0,7.485,0.000189,30000.0,5.5556,0.000137,33400.0,3.7425,0.000107,32966.67,2.5278,7.2e-05
20261005,8931,大汽電,56000.0,13000.0,16000.0,244000.0,80000.0,280000.0,100000.0,35000.0,128000.0,30000.0,78000.0,161000.0,64000.0,421000.0,90000.0,22000.0,77000.0,100000.0,167000.0,47000.0,20000.0,48000.0,43000.0,91000.0,44000.0,33000.0,32000.0,,1000.0,20000.0,28333.33,65.8824,0.00122,81800.0,13.6919,0.000799,98200.0,5.7026,0.000424,119733.33,3.118,0.000306,110450.0,2.5351,0.000239,87620.69,2.2039,0.00016
20261005,8932,智通*,1480000.0,1037000.0,719000.0,822000.0,713000.0,642000.0,1063000.0,1193000.0,2248000.0,2043000.0,1194000.0,2302000.0,2886000.0,1609000.0,1716000.0,1894000.0,2565000.0,1998000.0,1969000.0,2210000.0,1753000.0,1645000.0,2110000.0,3794000.0,8046000.0,9075000.0,6770000.0,1236000.0,3513000.0,3141000.0,1078666.67,45.7355,0.032251,954200.0,31.0208,0.021122,1196000.0,12.3746,0.011194,1444466.67,6.8307,0.008084,1615150.0,4.5816,0.006324,2446200.0,2.0167,0.00424
20261005,8933,愛地雅,72000.0,41000.0,84000.0,108000.0,42000.0,88000.0,84000.0,204000.0,42000.0,38000.0,19000.0,14000.0,29000.0,51000.0,209000.0,83000.0,133000.0,39000.0,64000.0,20000.0,31000.0,71000.0,87000.0,56000.0,117000.0,155000.0,229000.0,75000.0,42000.0,63000.0,65666.67,36.5482,0.001569,69400.0,20.7493,0.001028,80300.0,8.9664,0.000545,75000.0,6.4,0.000393,73200.0,4.918,0.000308,79666.67,3.0126,0.000206
20261005,8935,邦泰,96000.0,81000.0,159000.0,599000.0,251000.0,378000.0,73000.0,81000.0,71000.0,81000.0,108000.0,210000.0,50000.0,93000.0,92000.0,86000.0,77000.0,88000.0,58000.0,105000.0,88000.0,188000.0,87000.0,69000.0,79000.0,96000.0,64000.0,187000.0,84000.0,128000.0,112000.0,28.5714,0.002092,237200.0,8.0944,0.00137,187000.0,5.1337,0.000726,161533.33,3.962,0.000524,141850.0,3.3839,0.00041,130233.33,2.4571,0.000275
20261005,8936,國統,1373000.0,1114000.0,1004000.0,1068000.0,525000.0,549000.0,595000.0,751000.0,832000.0,696000.0,932000.0,836000.0,817000.0,700000.0,537000.0,1044000.0,952000.0,924000.0,822000.0,869000.0,1078000.0,539000.0,590000.0,697000.0,1031000.0,859000.0,752000.0,674000.0,681000.0,1059000.0,1163666.67,39.3297,0.029919,1016800.0,27.0063,0.019594,850700.0,16.1396,0.010385,821933.33,11.1363,0.0075,847000.0,8.1051,0.005867,830000.0,5.5141,0.003934
20261005,8937,合騏*,127000.0,54000.0,48000.0,339000.0,367000.0,341000.0,89000.0,173000.0,75000.0,66000.0,176000.0,77000.0,306000.0,138000.0,125000.0,398000.0,746000.0,116000.0,179000.0,155000.0,146000.0,802000.0,212000.0,409000.0,266000.0,1404000.0,334000.0,185000.0,134000.0,265000.0,76333.33,55.4585,0.002767,187000.0,13.5829,0.001812,167900.0,7.564,0.000961,166733.33,5.078,0.000694,204750.0,3.1013,0.000543,275066.67,1.539,0.000364
20261005,8938,明安,89000.0,59000.0,46000.0,33000.0,43000.0,25000.0,53000.0,130000.0,82000.0,106000.0,55000.0,38000.0,31000.0,110000.0,73000.0,33000.0,41000.0,33000.0,70000.0,171000.0,102000.0,83000.0,48000.0,251000.0,171000.0,141000.0,28000.0,185000.0,158000.0,54000.0,64666.67,45.8763,0.001939,54000.0,32.963,0.00127,66600.0,13.3634,0.000673,64866.67,9.147,0.000486,66050.0,6.7373,0.00038,84733.33,3.5012,0.000255
20261005,8941,關中,8000.0,6000.0,12000.0,5000.0,3000.0,4000.0,3000.0,3000.0,2000.0,5000.0,12000.0,7000.0,2000.0,4000.0,,1000.0,2000.0,2000.0,4000.0,4000.0,2000.0,1000.0,,1000.0,5000.0,11000.0,5000.0,4000.0,13000.0,5000.0,8666.67,30.7692,0.000174,6800.0,23.5294,0.000114,5100.0,15.6863,6.1e-05,5428.57,10.5263,4.4e-05,4684.21,8.9888,3.4e-05,4857.14,5.8824,2.3e-05
20261005,8942,森鉅,262000.0,131000.0,105000.0,143000.0,131000.0,106000.0,118000.0,73000.0,152000.0,195000.0,83000.0,124000.0,90000.0,87000.0,64000.0,85000.0,95000.0,118000.0,186000.0,137000.0,295000.0,112000.0,101000.0,203000.0,173000.0,237000.0,699000.0,244000.0,245000.0,192000.0,166000.0,52.6104,0.005709,154400.0,33.9378,0.003739,141600.0,18.5028,0.001982,124266.67,14.0558,0.001431,124250.0,10.5433,0.001119,166200.0,5.2547,0.000751
20261005,9949,琉園,5000.0,10000.0,7000.0,65000.0,9000.0,30000.0,117000.0,53000.0,46000.0,48000.0,7000.0,7000.0,5000.0,6000.0,7000.0,12000.0,26000.0,33000.0,9000.0,28000.0,11000.0,9000.0,32000.0,41000.0,30000.0,28000.0,328000.0,28000.0,9000.0,8000.0,7333.33,22.7273,0.000109,19200.0,5.2083,7.1e-05,39000.0,1.2821,3.8e-05,28133.33,1.1848,2.7e-05,26500.0,0.9434,2.1e-05,35133.33,0.4744,1.4e-05
20261005,9950,萬國通,33000.0,11000.0,22000.0,23000.0,12000.0,17000.0,16000.0,49000.0,34000.0,5000.0,72000.0,12000.0,33000.0,4000.0,60000.0,15000.0,14000.0,27000.0,29000.0,13000.0,43000.0,46000.0,59000.0,35000.0,18000.0,67000.0,21000.0,13000.0,21000.0,13000.0,22000.0,50.0,0.000719,20200.0,32.6733,0.000471,22200.0,14.8649,0.00025,26866.67,8.1886,0.00018,25050.0,6.5868,0.000141,27900.0,3.9427,9.5e-05
20261005,9951,皇田,66000.0,68000.0,62000.0,73000.0,134000.0,68000.0,58000.0,16000.0,8000.0,48000.0,41000.0,161000.0,22000.0,16000.0,48000.0,48000.0,143000.0,31000.0,60000.0,57000.0,165000.0,211000.0,141000.0,52000.0,47000.0,23000.0,75000.0,49000.0,42000.0,53000.0,65333.33,33.6735,0.001438,80600.0,16.3772,0.000942,60100.0,10.9817,0.000499,59266.67,7.4241,0.000361,61400.0,5.3746,0.000282,69533.33,3.164,0.000189
20261005,9960,邁達康,12000.0,43000.0,152000.0,66000.0,75000.0,189000.0,176000.0,182000.0,64000.0,12000.0,8000.0,5000.0,12000.0,27000.0,66000.0,52000.0,211000.0,22000.0,12000.0,1000.0,3000.0,1000.0,6000.0,10000.0,2000.0,,,,3000.0,1000.0,69000.0,5.7971,0.000261,69600.0,3.4483,0.000171,97100.0,1.2358,9.1e-05,72600.0,1.1019,6.6e-05,69350.0,0.8652,5.1e-05,52333.33,0.8493,3.4e-05
20261005,9962,有益,26000.0,78000.0,101000.0,93000.0,147000.0,76000.0,62000.0,5000.0,52000.0,31000.0,14000.0,9000.0,30000.0,46000.0,65000.0,32000.0,29000.0,67000.0,77000.0,26000.0,35000.0,50000.0,38000.0,10000.0,83000.0,19000.0,17000.0,24000.0,42000.0,61000.0,68333.33,12.6829,0.000567,89000.0,5.8427,0.000371,67100.0,3.8748,0.000197,55666.67,3.1138,0.000142,53300.0,2.439,0.000111,48166.67,1.7993,7.4e-05
