
██████████████████████████████████████████████████████████████████████████████████████████████████████████████
  📅 天數組合: 21 日  →  輸出檔: s12_21.txt
██████████████████████████████████████████████████████████████████████████████████████████████████████████████

🔁 共執行 21 次，每次區間長度 21 個交易日

══════════════════════════════════════════════════════════════════════════════════════════════════════════════
  🔄 第  1/21 次  2026/09/02 ～ 2026/10/05
══════════════════════════════════════════════════════════════════════════════════════════════════════════════

==========================================================================================================================================================================
📊 累計漲跌停強度排名 (2026/09/02 ~ 2026/10/05)
==========================================================================================================================================================================
    實資排名        累計天數排名  代號        名稱                 累計漲停(元)       累計跌停(元)       強度%  (09/02)開盤      最高      最低      收盤    (10/05)開盤      最高      最低      收盤      賺賠    賺賠率
--------------------------------------------------------------------------------------------------------------------------------------------------------------------------
       1           176  3443      創意                 4045.00       1440.00    31.55%   5955.00  6080.00  5860.00  5895.00     8150.00  8690.00  8150.00  8600.00  +2705.00   +45.89%
       2           149  3653      健策                 2715.00       1395.00    15.99%   5755.00  5850.00  5660.00  5770.00     6800.00  7440.00  6760.00  7205.00  +1435.00   +24.87%
       3           190  2454      聯發科                1745.00        900.00    10.23%   4450.00  4565.00  4230.00  4275.00     4980.00  5165.00  4980.00  5165.00   +890.00   +20.82%
       4           243  8996      高力                  950.00        530.00     5.09%   1165.00  1285.00  1155.00  1265.00     1555.00  1600.00  1540.00  1595.00   +330.00   +26.09%
       5           395  3037      欣興                  501.00        148.00     4.28%    955.00   988.00   948.00   973.00     1325.00  1420.00  1310.00  1325.00   +352.00   +36.18%
       6           298  2360      致茂                  970.00        670.00     3.63%   2000.00  2010.00  1955.00  1975.00     2225.00  2355.00  2215.00  2325.00   +350.00   +17.72%
       7           293  8046      南電                  615.00        340.00     3.33%   1210.00  1225.00  1170.00  1200.00     1460.00  1550.00  1445.00  1495.00   +295.00   +24.58%
       8           357  1560      中砂                  407.00        139.00     3.25%    739.00   739.00   702.00   704.00     1020.00  1060.00  1010.00  1040.00   +336.00   +47.73%
       9           356  3189      景碩                  401.00        151.00     3.03%    850.00   864.00   837.00   847.00     1055.00  1150.00  1030.00  1095.00   +248.00   +29.28%
      10           364  2404      漢唐                  455.00        240.00     2.60%   1085.00  1085.00  1025.00  1025.00     1300.00  1325.00  1280.00  1310.00   +285.00   +27.80%
      11           395  3167      大量                  503.00        306.00     2.39%    785.00   813.00   774.00   774.00      984.00  1005.00   970.00   996.00   +222.00   +28.68%
      12           385  6213      聯茂                  298.00        103.00     2.36%    545.00   566.00   532.00   536.00      690.00   751.00   682.00   751.00   +215.00   +40.11%
      13           262  6672      騰輝電子-KY             195.50         10.50     2.24%    275.50   283.00   271.00   272.00      444.00   457.50   435.00   451.00   +179.00   +65.81%
      14           229  6957      裕慶-KY               183.00          0.00     2.22%    220.50   222.00   218.00   218.00      386.00   413.00   380.50   410.00   +192.00   +88.07%
      15           378  7799      禾榮科                 273.50         92.00     2.20%    371.50   375.00   360.00   360.00      546.00   550.00   531.00   537.00   +177.00   +49.17%
      16           181  7610      聯友金屬-創              970.00        790.00     2.18%   1595.00  1595.00  1520.00  1520.00     1740.00  1895.00  1740.00  1800.00   +280.00   +18.42%
      17           257  3017      奇鋐                 1180.00       1005.00     2.12%   3365.00  3490.00  3280.00  3310.00     3570.00  3690.00  3420.00  3585.00   +275.00    +8.31%
      18           211  3665      貿聯-KY               860.00        690.00     2.06%   2200.00  2235.00  2165.00  2170.00     2560.00  2560.00  2445.00  2485.00   +315.00   +14.52%
      19           397  6196      帆宣                  236.00         71.00     2.00%    502.00   503.00   492.00   492.00      628.00   679.00   622.00   679.00   +187.00   +38.01%
      20           268  6805      富世達                1040.00        875.00     2.00%   2240.00  2240.00  2110.00  2110.00     2350.00  2510.00  2340.00  2450.00   +340.00   +16.11%
      21           391  6691      洋基工程                230.00         68.00     1.96%    622.00   634.00   607.00   607.00      752.00   794.00   747.00   794.00   +187.00   +30.81%
      22           251  6526      達發                  237.00         92.00     1.76%    687.00   710.00   641.00   646.00      855.00   885.00   828.00   841.00   +195.00   +30.19%
      23           289  2308      台達電                 625.00        485.00     1.70%   1815.00  1815.00  1730.00  1730.00     1920.00  2010.00  1920.00  2005.00   +275.00   +15.90%
      24           289  2330      台積電                 325.00        195.00     1.57%   2415.00  2420.00  2385.00  2385.00     2550.00  2580.00  2545.00  2575.00   +190.00    +7.97%
      25           455  6715      嘉基                  232.50        107.50     1.51%    343.00   369.00   337.50   341.50      453.50   485.00   444.50   480.50   +139.00   +40.70%
      26           353  3711      日月光投控               202.00         85.00     1.42%    599.00   607.00   587.00   589.00      747.00   758.00   729.00   742.00   +153.00   +25.98%
      27           337  3533      嘉澤                  450.00        335.00     1.39%   1715.00  1745.00  1680.00  1705.00     1860.00  1895.00  1850.00  1875.00   +170.00    +9.97%
      28           295  5434      崇越                  113.00          0.00     1.37%    535.00   540.00   530.00   535.00      598.00   623.00   593.00   620.00    +85.00   +15.89%
      29           200  6533      晶心科                 157.00         44.00     1.37%    260.00   266.50   256.00   263.50      351.00   351.50   332.00   336.00    +72.50   +27.51%
      30           351  6426      統新                  192.50         85.00     1.30%    275.00   285.00   257.00   257.00      362.00   371.00   353.00   357.50   +100.50   +39.11%
      31           350  3026      禾伸堂                 375.00        273.00     1.24%    718.00   743.00   686.00   686.00      855.00   861.00   817.00   817.00   +131.00   +19.10%
      32           265  6531      愛普*                 430.00        341.00     1.08%    950.00   977.00   920.00   957.00     1015.00  1090.00   995.00  1055.00    +98.00   +10.24%
      33           210  3532      台勝科                 117.50         30.00     1.06%    401.00   405.00   386.00   386.00      487.00   492.50   468.50   469.50    +83.50   +21.63%
      34           432  6944      兆聯實業                140.00         56.00     1.02%    702.00   714.00   699.00   709.00      802.00   820.00   791.00   814.00   +105.00   +14.81%
      35           345  6933      AMAX-KY             201.50        119.00     1.00%    314.50   331.00   309.00   331.00      379.00   396.00   370.00   384.00    +53.00   +16.01%
      36           258  6861      睿生光電                136.50         57.50     0.96%    192.00   192.50   188.00   190.50      295.00   311.00   294.00   295.50   +105.00   +55.12%
      37           375  8021      尖點                  164.00         88.00     0.92%    445.00   461.00   438.50   459.00      560.00   577.00   536.00   560.00   +101.00   +22.00%
      38           386  2455      全新                  188.00        113.00     0.91%    515.00   552.00   509.00   542.00      590.00   607.00   575.00   606.00    +64.00   +11.81%
      39           169  3016      嘉晶                   74.50          0.00     0.90%    103.50   104.50    99.70   100.00      186.00   189.50   178.00   181.50    +81.50   +81.50%
      40           210  4770      上品                   84.00         10.50     0.89%    220.50   220.50   215.00   216.00      278.50   282.00   269.00   274.50    +58.50   +27.08%
==========================================================================================================================================================================
✅ 共 40 筆


══════════════════════════════════════════════════════════════════════════════════════════════════════════════
  🔄 第  2/21 次  2026/09/01 ～ 2026/10/02
══════════════════════════════════════════════════════════════════════════════════════════════════════════════

==========================================================================================================================================================================
📊 累計漲跌停強度排名 (2026/09/01 ~ 2026/10/02)
==========================================================================================================================================================================
    實資排名        累計天數排名  代號        名稱                 累計漲停(元)       累計跌停(元)       強度%  (09/01)開盤      最高      最低      收盤    (10/02)開盤      最高      最低      收盤      賺賠    賺賠率
--------------------------------------------------------------------------------------------------------------------------------------------------------------------------
       1           175  3443      創意                 3345.00       1545.00    34.03%   6490.00  6490.00  5925.00  5995.00     7895.00  8005.00  7835.00  7900.00  +1905.00   +31.78%
       2           186  2454      聯發科                1920.00        900.00    19.28%   4315.00  4315.00  4315.00  4315.00     4950.00  4970.00  4880.00  4950.00   +635.00   +14.72%
       3           146  3653      健策                 2310.00       1500.00    15.31%   6075.00  6095.00  5820.00  5885.00     6790.00  7065.00  6760.00  6800.00   +915.00   +15.55%
       4           217  3665      貿聯-KY              1005.00        635.00     6.99%   2190.00  2375.00  2165.00  2315.00     2620.00  2670.00  2525.00  2540.00   +225.00    +9.72%
       5           225  8996      高力                  865.00        530.00     6.33%   1175.00  1200.00  1150.00  1175.00     1595.00  1635.00  1490.00  1510.00   +335.00   +28.51%
       6           354  3037      欣興                  481.00        176.00     5.77%    921.00   994.00   911.00   971.00     1225.00  1305.00  1215.00  1305.00   +334.00   +34.40%
       7           330  1560      中砂                  443.00        139.00     5.75%    681.00   748.00   681.00   744.00     1005.00  1030.00   993.00  1015.00   +271.00   +36.42%
       8           342  3189      景碩                  411.00        151.00     4.91%    838.00   900.00   835.00   874.00     1010.00  1070.00  1005.00  1050.00   +176.00   +20.14%
       9           263  8046      南電                  580.00        340.00     4.54%   1260.00  1335.00  1220.00  1225.00     1440.00  1480.00  1395.00  1460.00   +235.00   +19.18%
      10           296  2360      致茂                  905.00        670.00     4.44%   1975.00  2055.00  1965.00  2030.00     2145.00  2225.00  2135.00  2190.00   +160.00    +7.88%
      11           345  2404      漢唐                  470.00        240.00     4.35%   1060.00  1105.00  1060.00  1100.00     1320.00  1355.00  1265.00  1285.00   +185.00   +16.82%
      12           168  7610      聯友金屬-創              995.00        790.00     3.88%   1525.00  1630.00  1485.00  1605.00     1790.00  1805.00  1715.00  1725.00   +120.00    +7.48%
      13           264  6526      達發                  297.00         92.00     3.88%    667.00   667.00   667.00   667.00      838.00   838.00   821.00   835.00   +168.00   +25.19%
      14           339  3167      大量                  488.00        306.00     3.44%    794.00   839.00   789.00   800.00      983.00  1005.00   948.00   981.00   +181.00   +22.62%
      15           378  7799      禾榮科                 273.50         92.00     3.43%    370.00   371.00   365.50   370.00      558.00   561.00   535.00   543.00   +173.00   +46.76%
      16           283  6669      緯穎                  900.00        725.00     3.31%   7115.00  7800.00  7050.00  7800.00     2115.00  2125.00  2080.00  2085.00  -5715.00   -73.27%
      17           199  6672      騰輝電子-KY             183.50         10.50     3.27%    276.50   282.50   274.00   278.50      413.00   439.00   404.00   439.00   +160.50   +57.63%
      18           197  6957      裕慶-KY               150.00          0.00     2.84%    217.00   229.00   217.00   220.50      375.00   389.00   366.00   377.00   +156.50   +70.98%
      19           304  3533      嘉澤                  485.00        335.00     2.84%   1690.00  1770.00  1690.00  1745.00     1825.00  1865.00  1800.00  1855.00   +110.00    +6.30%
      20           196  6533      晶心科                 157.00         28.00     2.44%    273.00   282.50   251.00   262.50      366.50   366.50   350.50   352.00    +89.50   +34.10%
      21           363  6213      聯茂                  230.00        103.00     2.40%    550.00   575.00   545.00   550.00      646.00   700.00   639.00   683.00   +133.00   +24.18%
      22           413  6196      帆宣                  197.00         71.00     2.38%    485.00   511.00   485.00   507.00      609.00   619.00   602.00   618.00   +111.00   +21.89%
      23           412  6691      洋基工程                193.00         68.00     2.36%    610.00   633.00   610.00   631.00      740.00   759.00   730.00   741.00   +110.00   +17.43%
      24           350  3711      日月光投控               199.00         85.00     2.16%    588.00   615.00   582.00   610.00      711.00   722.00   704.00   713.00   +103.00   +16.89%
      25           374  6933      AMAX-KY             230.00        119.00     2.10%    296.00   314.50   296.00   314.50      394.00   413.00   378.00   379.00    +64.50   +20.51%
      26           468  6715      嘉基                  218.00        107.50     2.09%    312.50   344.00   312.50   335.50      442.50   468.00   436.00   449.00   +113.50   +33.83%
      27           247  3532      台勝科                 140.50         30.00     2.09%    378.00   408.50   378.00   402.00      470.00   492.50   463.00   475.50    +73.50   +18.28%
      28           361  3026      禾伸堂                 375.00        266.00     2.06%    769.00   795.00   730.00   731.00      845.00   881.00   831.00   835.00   +104.00   +14.23%
      29           351  6426      統新                  192.50         85.00     2.03%    260.50   272.50   257.00   270.00      350.50   373.00   344.50   361.50    +91.50   +33.89%
      30           300  5434      崇越                  101.00          0.00     1.91%    518.00   545.00   518.00   540.00      571.00   585.00   568.00   583.00    +43.00    +7.96%
      31           368  2455      全新                  209.00        113.00     1.81%    490.00   524.00   474.00   524.00      559.00   580.00   551.00   580.00    +56.00   +10.69%
      32           424  8021      尖點                  179.00         88.00     1.72%    435.00   465.00   430.00   450.00      503.00   553.00   501.00   553.00   +103.00   +22.89%
      33           291  2330      台積電                 285.00        195.00     1.70%   2395.00  2440.00  2390.00  2440.00     2505.00  2515.00  2495.00  2500.00    +60.00    +2.46%
      34           374  3563      牧德                  221.00        132.00     1.68%    679.00   716.00   679.00   710.00      750.00   764.00   730.00   760.00    +50.00    +7.04%
      35           258  6861      睿生光電                136.50         57.50     1.49%    186.50   198.00   186.50   193.50      293.00   298.50   290.00   296.00   +102.50   +52.97%
      36           326  2327      國巨*                 214.00        139.00     1.42%    551.00   576.00   550.00   568.00      604.00   647.00   598.00   626.00    +58.00   +10.21%
      37           169  3016      嘉晶                   74.50          0.00     1.41%    102.00   108.00   102.00   104.00      169.50   182.00   169.50   180.50    +76.50   +73.56%
      38           297  7711      永擎                  343.00        269.00     1.40%    535.00   580.00   533.00   575.00      616.00   620.00   602.00   610.00    +35.00    +6.09%
      39           210  4770      上品                   84.00         10.50     1.39%    211.50   222.50   211.50   221.50      275.00   280.50   274.50   278.00    +56.50   +25.51%
      40           436  7822      倍利科                 248.00        175.00     1.38%    901.00   944.00   901.00   940.00     1000.00  1015.00   990.00  1000.00    +60.00    +6.38%
==========================================================================================================================================================================
✅ 共 40 筆


══════════════════════════════════════════════════════════════════════════════════════════════════════════════
  🔄 第  3/21 次  2026/08/31 ～ 2026/10/01
══════════════════════════════════════════════════════════════════════════════════════════════════════════════

==========================================================================================================================================================================
📊 累計漲跌停強度排名 (2026/08/31 ~ 2026/10/01)
==========================================================================================================================================================================
    實資排名        累計天數排名  代號        名稱                 累計漲停(元)       累計跌停(元)       強度%  (08/31)開盤      最高      最低      收盤    (10/01)開盤      最高      最低      收盤      賺賠    賺賠率
--------------------------------------------------------------------------------------------------------------------------------------------------------------------------
       1           179  3443      創意                 3430.00       1545.00    71.73%   5850.00  6100.00  5680.00  6100.00     8040.00  8100.00  7730.00  7900.00  +1800.00   +29.51%
       2           146  3653      健策                 2515.00       1425.00    41.48%   5710.00  6045.00  5690.00  5990.00     6720.00  6895.00  6665.00  6875.00   +885.00   +14.77%
       3           190  2454      聯發科                1920.00        930.00    37.67%   3885.00  3945.00  3820.00  3925.00     4875.00  4980.00  4875.00  4980.00  +1055.00   +26.88%
       4           228  8996      高力                  865.00        565.00    11.42%   1240.00  1240.00  1140.00  1175.00     1515.00  1600.00  1470.00  1565.00   +390.00   +33.19%
       5           212  3665      貿聯-KY              1005.00        710.00    11.23%   2230.00  2240.00  2105.00  2170.00     2595.00  2625.00  2510.00  2555.00   +385.00   +17.74%
       6           338  1560      中砂                  428.00        151.00    10.54%    685.00   687.00   663.00   683.00      963.00  1015.00   963.00  1000.00   +317.00   +46.41%
       7           193  7610      聯友金屬-創             1005.00        735.00    10.27%   1460.00  1535.00  1450.00  1505.00     1730.00  1820.00  1705.00  1780.00   +275.00   +18.27%
       8           368  2404      漢唐                  470.00        235.00     8.94%   1065.00  1065.00  1035.00  1060.00     1280.00  1315.00  1270.00  1305.00   +245.00   +23.11%
       9           360  3167      大量                  499.00        306.00     7.34%    764.00   805.00   763.00   794.00      908.00   975.00   908.00   975.00   +181.00   +22.80%
      10           302  6526      達發                  297.00        105.00     7.31%    606.00   612.00   597.00   607.00      834.00   843.00   818.00   829.00   +222.00   +36.57%
      11           298  8046      南電                  540.00        350.00     7.23%   1220.00  1325.00  1155.00  1230.00     1390.00  1450.00  1370.00  1420.00   +190.00   +15.45%
      12           405  7799      禾榮科                 273.50         91.50     6.93%    383.00   386.00   367.00   367.50      555.00   574.00   544.00   555.00   +187.50   +51.02%
      13           375  6933      AMAX-KY             256.00        103.50     5.80%    284.00   286.00   283.00   286.00      370.00   404.50   369.50   394.50   +108.50   +37.94%
      14           260  3017      奇鋐                 1100.00        950.00     5.71%   3280.00  3425.00  3250.00  3425.00     3435.00  3520.00  3300.00  3510.00    +85.00    +2.48%
      15           182  6533      晶心科                 157.00         13.50     5.46%    262.50   262.50   254.00   261.00      346.00   366.50   337.00   366.50   +105.50   +40.42%
      16           249  6957      裕慶-KY               150.00          9.50     5.35%    227.00   227.00   218.00   219.50      400.00   400.00   364.00   384.00   +164.50   +74.94%
      17           336  3189      景碩                  371.00        231.00     5.33%    844.00   899.00   810.00   819.00      976.00  1020.00   964.00  1010.00   +191.00   +23.32%
      18           351  3026      禾伸堂                 375.00        249.00     4.79%    742.00   766.00   712.00   742.00      796.00   870.00   796.00   852.00   +110.00   +14.82%
      19           215  6672      騰輝電子-KY             150.00         25.00     4.76%    285.00   291.50   273.00   275.00      376.50   405.50   369.50   405.50   +130.50   +47.45%
      20           412  6691      洋基工程                193.00         68.00     4.76%    618.00   619.00   605.00   615.00      727.00   748.00   719.00   733.00   +118.00   +19.19%
      21           303  7711      永擎                  391.00        269.00     4.64%    486.00   535.00   483.00   535.00      561.00   616.00   551.00   616.00    +81.00   +15.14%
      22           385  6196      帆宣                  181.00         71.00     4.19%    492.50   492.50   476.50   485.00      588.00   602.00   579.00   602.00   +117.00   +24.12%
      23           319  3533      嘉澤                  485.00        380.00     4.00%   1730.00  1730.00  1675.00  1690.00     1780.00  1865.00  1760.00  1855.00   +165.00    +9.76%
      24           358  2455      全新                  218.00        113.00     4.00%    428.00   477.00   428.00   477.00      552.00   552.00   530.00   546.00    +69.00   +14.47%
      25           352  3037      欣興                  391.00        287.00     3.96%    999.00   999.00   999.00   999.00     1195.00  1230.00  1170.00  1215.00   +216.00   +21.62%
      26           281  6669      緯穎                  900.00        805.00     3.61%   7100.00  7360.00  7035.00  7095.00     2095.00  2115.00  2095.00  2110.00  -4985.00   -70.26%
      27           273  3532      台勝科                 140.50         50.00     3.44%    393.00   394.50   367.50   379.00      475.00   497.50   465.50   474.00    +95.00   +25.07%
      28           329  6426      統新                  170.50         85.00     3.25%    260.50   270.00   254.00   261.00      343.00   345.50   330.00   339.50    +78.50   +30.08%
      29           306  2330      台積電                 285.00        200.00     3.23%   2395.00  2405.00  2375.00  2405.00     2490.00  2510.00  2485.00  2510.00   +105.00    +4.37%
      30           258  6861      睿生光電                136.50         57.50     3.01%    190.50   191.50   183.00   188.00      317.50   324.50   288.00   292.00   +104.00   +55.32%
      31           368  3711      日月光投控               199.00        122.00     2.93%    601.00   601.00   565.00   584.00      700.00   710.00   693.00   710.00   +126.00   +21.58%
      32           487  6715      嘉基                  218.00        142.50     2.87%    353.00   353.00   318.50   318.50      445.00   453.00   430.00   453.00   +134.50   +42.23%
      33           326  2308      台達電                 540.00        465.00     2.85%   1785.00  1840.00  1775.00  1840.00     1925.00  1935.00  1860.00  1905.00    +65.00    +3.53%
      34           304  2360      致茂                  795.00        720.00     2.85%   1970.00  1990.00  1905.00  1960.00     2125.00  2150.00  2025.00  2080.00   +120.00    +6.12%
      35           407  3563      牧德                  221.00        147.00     2.82%    697.00   705.00   672.00   682.00      820.00   825.00   750.00   754.00    +72.00   +10.56%
      36           210  4770      上品                   84.00         10.50     2.80%    215.00   215.00   209.50   212.50      278.50   281.50   273.50   275.00    +62.50   +29.41%
      37           309  5434      崇越                   85.00         14.00     2.70%    525.00   525.00   507.00   515.00      556.00   567.00   550.00   567.00    +52.00   +10.10%
      38           247  3055      蔚華科                  80.00         11.00     2.63%    127.50   130.00   117.50   120.50      208.00   212.00   202.00   210.00    +89.50   +74.27%
      39           372  6944      兆聯實業                125.00         56.00     2.63%    710.00   719.00   699.00   717.00      776.00   807.00   776.00   800.00    +83.00   +11.58%
      40           132  3016      嘉晶                   62.00          0.00     2.36%     98.70   104.00    97.60   103.00      169.00   169.00   162.50   168.00    +65.00   +63.11%
==========================================================================================================================================================================
✅ 共 40 筆


══════════════════════════════════════════════════════════════════════════════════════════════════════════════
  🔄 第  4/21 次  2026/08/28 ～ 2026/09/30
══════════════════════════════════════════════════════════════════════════════════════════════════════════════

==========================================================================================================================================================================
📊 累計漲跌停強度排名 (2026/08/28 ~ 2026/09/30)
==========================================================================================================================================================================
    實資排名        累計天數排名  代號        名稱                 累計漲停(元)       累計跌停(元)       強度%  (08/28)開盤      最高      最低      收盤    (09/30)開盤      最高      最低      收盤      賺賠    賺賠率
--------------------------------------------------------------------------------------------------------------------------------------------------------------------------
       1           188  3443      創意                 3525.00       1405.00    56.17%   5975.00  6245.00  5910.00  6015.00     8090.00  8110.00  7860.00  8040.00  +2025.00   +33.67%
       2           146  3653      健策                 2580.00       1425.00    30.60%   5750.00  5960.00  5690.00  5785.00     6980.00  7080.00  6720.00  6800.00  +1015.00   +17.55%
       3           189  2454      聯發科                1980.00        930.00    27.82%   3935.00  4000.00  3925.00  3985.00     5010.00  5100.00  4920.00  4920.00   +935.00   +23.46%
       4           206  3665      貿聯-KY              1210.00        670.00    14.31%   2075.00  2260.00  2070.00  2260.00     2500.00  2685.00  2485.00  2595.00   +335.00   +14.82%
       5           255  6669      緯穎                 1265.00        805.00    12.19%   6965.00  7245.00  6835.00  7200.00     2130.00  2145.00  2090.00  2090.00  -5110.00   -70.97%
       6           225  8996      高力                  865.00        570.00     7.82%   1275.00  1300.00  1250.00  1265.00     1600.00  1665.00  1565.00  1605.00   +340.00   +26.88%
       7           320  1560      中砂                  391.00        151.00     6.36%    697.00   707.00   694.00   695.00      958.00   971.00   953.00   963.00   +268.00   +38.56%
       8           286  6805      富世達                1020.00        790.00     6.09%   2265.00  2435.00  2255.00  2345.00     2580.00  2720.00  2440.00  2455.00   +110.00    +4.69%
       9           334  2404      漢唐                  455.00        235.00     5.83%   1080.00  1095.00  1070.00  1075.00     1230.00  1300.00  1230.00  1290.00   +215.00   +20.00%
      10           327  6526      達發                  307.00         94.00     5.64%    611.00   626.00   611.00   620.00      830.00   855.00   819.00   840.00   +220.00   +35.48%
      11           373  7799      禾榮科                 257.50         91.50     4.40%    389.00   389.50   376.00   379.00      509.00   539.00   503.00   539.00   +160.00   +42.22%
      12           376  6933      AMAX-KY             256.00        103.50     4.04%    260.00   260.00   256.00   260.00      380.50   392.00   371.00   371.00   +111.00   +42.69%
      13           328  2360      致茂                  815.00        665.00     3.97%   2000.00  2065.00  1995.00  2010.00     2245.00  2280.00  2135.00  2135.00   +125.00    +6.22%
      14           375  3167      大量                  452.00        306.00     3.87%    745.00   797.00   740.00   783.00      902.00   906.00   879.00   887.00   +104.00   +13.28%
      15           357  3026      禾伸堂                 381.00        249.00     3.50%    719.00   742.00   707.00   742.00      815.00   822.00   790.00   791.00    +49.00    +6.60%
      16           325  3533      嘉澤                  510.00        380.00     3.44%   1645.00  1760.00  1645.00  1735.00     1730.00  1785.00  1705.00  1770.00    +35.00    +2.02%
      17           210  6957      裕慶-KY               137.00          9.50     3.38%    228.50   233.00   225.00   229.00      365.00   371.00   356.00   371.00   +142.00   +62.01%
      18           401  3563      牧德                  221.00         94.00     3.36%    696.00   705.00   686.00   697.00      811.00   825.00   784.00   807.00   +110.00   +15.78%
      19           181  7610      聯友金屬-創              960.00        835.00     3.31%   1625.00  1625.00  1445.00  1495.00     1785.00  1845.00  1730.00  1735.00   +240.00   +16.05%
      20           308  2308      台達電                 585.00        465.00     3.18%   1800.00  1870.00  1780.00  1830.00     1885.00  1930.00  1870.00  1890.00    +60.00    +3.28%
      21           375  6691      洋基工程                179.00         68.00     2.94%    633.00   633.00   613.00   618.00      666.00   719.00   665.00   719.00   +101.00   +16.34%
      22           162  6533      晶心科                 124.00         13.50     2.93%    271.00   273.00   265.00   265.50      316.00   333.50   301.00   333.50    +68.00   +25.61%
      23           358  2455      全新                  218.00        113.00     2.78%    438.00   442.00   431.50   434.00      544.00   555.00   544.00   552.00   +118.00   +27.19%
      24           247  6861      睿生光電                136.50         36.00     2.66%    198.00   201.00   192.00   193.50      294.00   313.50   294.00   313.50   +120.00   +62.02%
      25           312  2368      金像電                 525.00        430.00     2.52%   1050.00  1130.00  1045.00  1130.00     1115.00  1160.00  1070.00  1120.00    -10.00    -0.88%
      26           284  3017      奇鋐                 1045.00        950.00     2.52%   3360.00  3450.00  3320.00  3360.00     3455.00  3575.00  3405.00  3435.00    +75.00    +2.23%
      27           355  6196      帆宣                  164.00         71.00     2.46%    501.00   502.00   491.00   492.50      552.00   588.00   551.00   585.00    +92.50   +18.78%
      28           403  3711      日月光投控               215.00        122.00     2.46%    608.00   630.00   606.00   621.00      716.00   723.00   703.00   703.00    +82.00   +13.20%
      29           273  3532      台勝科                 140.50         50.00     2.40%    401.00   418.50   386.00   399.00      459.50   488.50   453.00   471.00    +72.00   +18.05%
      30           196  6672      騰輝電子-KY             113.50         25.00     2.34%    283.50   294.50   282.00   289.50      337.50   369.00   335.50   369.00    +79.50   +27.46%
      31           329  6426      統新                  170.50         85.00     2.27%    260.00   273.00   256.00   263.50      351.50   360.50   342.00   345.00    +81.50   +30.93%
      32           331  3189      景碩                  331.00        246.00     2.25%    929.00   933.00   867.00   899.00      961.00   972.00   937.00   970.00    +71.00    +7.90%
      33           210  4770      上品                   84.00         10.50     1.95%    218.50   222.50   214.00   215.00      288.00   288.50   277.50   282.00    +67.00   +31.16%
      34           231  6257      矽格                   80.00         10.50     1.84%    206.00   222.50   206.00   219.00      239.00   260.00   238.50   254.00    +35.00   +15.98%
      35           247  3055      蔚華科                  80.00         11.00     1.83%    125.50   130.00   123.50   127.50      201.00   211.00   195.00   209.50    +82.00   +64.31%
      36           292  7711      永擎                  335.00        269.00     1.75%    498.00   503.00   472.00   487.00      553.00   566.00   549.00   560.00    +73.00   +14.99%
      37           325  2330      台積電                 265.00        200.00     1.72%   2440.00  2445.00  2410.00  2420.00     2495.00  2510.00  2480.00  2480.00    +60.00    +2.48%
      38           445  6715      嘉基                  207.00        142.50     1.71%    352.00   355.00   343.50   353.50      452.00   453.50   441.00   442.00    +88.50   +25.04%
      39           132  3016      嘉晶                   62.00          0.00     1.64%    101.50   104.00    99.60    99.60      170.00   172.50   165.00   169.00    +69.40   +69.68%
      40           364  2379      瑞昱                  120.00         59.00     1.62%    730.00   733.00   721.00   722.00      763.00   767.00   750.00   760.00    +38.00    +5.26%
==========================================================================================================================================================================
✅ 共 40 筆


══════════════════════════════════════════════════════════════════════════════════════════════════════════════
  🔄 第  5/21 次  2026/08/27 ～ 2026/09/29
══════════════════════════════════════════════════════════════════════════════════════════════════════════════

==========================================================================================================================================================================
📊 累計漲跌停強度排名 (2026/08/27 ~ 2026/09/29)
==========================================================================================================================================================================
    實資排名        累計天數排名  代號        名稱                 累計漲停(元)       累計跌停(元)       強度%  (08/27)開盤      最高      最低      收盤    (09/29)開盤      最高      最低      收盤      賺賠    賺賠率
--------------------------------------------------------------------------------------------------------------------------------------------------------------------------
       1           187  3443      創意                 3410.00       1610.00    41.62%   6345.00  6370.00  5880.00  5920.00     8410.00  8415.00  7925.00  7925.00  +2005.00   +33.87%
       2           150  3653      健策                 2580.00       1410.00    27.05%   5955.00  5980.00  5595.00  5645.00     7000.00  7160.00  6850.00  6895.00  +1250.00   +22.14%
       3           156  2454      聯發科                1970.00       1010.00    22.20%   4005.00  4005.00  3865.00  3865.00     5150.00  5195.00  4890.00  4910.00  +1045.00   +27.04%
       4           254  6669      緯穎                 1295.00        795.00    11.56%   6770.00  6960.00  6735.00  6815.00     2105.00  2125.00  2085.00  2100.00  -4715.00   -69.19%
       5           283  6805      富世達                1220.00        730.00    11.33%   2090.00  2225.00  2075.00  2225.00     2455.00  2550.00  2420.00  2515.00   +290.00   +13.03%
       6           216  3665      貿聯-KY              1110.00        670.00    10.17%   2040.00  2070.00  1980.00  2055.00     2385.00  2465.00  2375.00  2445.00   +390.00   +18.98%
       7           207  8996      高力                  960.00        570.00     9.02%   1210.00  1310.00  1190.00  1310.00     1505.00  1625.00  1480.00  1585.00   +275.00   +20.99%
       8           275  3017      奇鋐                 1195.00        950.00     5.66%   3305.00  3440.00  3265.00  3340.00     3420.00  3460.00  3285.00  3400.00    +60.00    +1.80%
       9           320  1560      中砂                  391.00        151.00     5.55%    690.00   697.00   685.00   690.00      960.00   977.00   955.00   956.00   +266.00   +38.55%
      10           371  2360      致茂                  825.00        615.00     4.86%   2010.00  2085.00  1970.00  1990.00     2255.00  2325.00  2160.00  2185.00   +195.00    +9.80%
      11           347  6526      達發                  296.00         94.00     4.67%    591.00   621.00   586.00   610.00      825.00   833.00   800.00   814.00   +204.00   +33.44%
      12           367  3026      禾伸堂                 442.00        249.00     4.46%    639.00   675.00   606.00   675.00      804.00   804.00   785.00   796.00   +121.00   +17.93%
      13           382  3167      大量                  478.00        290.00     4.35%    722.00   761.00   710.00   742.00      936.00   946.00   895.00   903.00   +161.00   +21.70%
      14           399  6933      AMAX-KY             277.50        103.50     4.02%    236.50   236.50   236.50   236.50      385.50   395.00   375.50   378.00   +141.50   +59.83%
      15           330  2404      漢唐                  385.00        235.00     3.47%   1090.00  1095.00  1065.00  1075.00     1250.00  1255.00  1180.00  1220.00   +145.00   +13.49%
      16           396  7799      禾榮科                 226.50         91.50     3.12%    372.50   395.50   371.50   383.50      496.00   510.00   490.00   490.50   +107.00   +27.90%
      17           253  3406      玉晶光                 568.00        448.00     2.77%    793.00   834.00   792.00   834.00      890.00   893.00   869.00   882.00    +48.00    +5.76%
      18           368  3563      牧德                  208.00         94.00     2.64%    693.00   704.00   684.00   693.00      773.00   815.00   773.00   794.00   +101.00   +14.57%
      19           193  7610      聯友金屬-創              960.00        850.00     2.54%   1610.00  1655.00  1595.00  1595.00     1790.00  1835.00  1730.00  1730.00   +135.00    +8.46%
      20           358  2455      全新                  218.00        113.00     2.43%    429.00   450.00   426.50   433.00      543.00   550.00   540.00   543.00   +110.00   +25.40%
      21           316  3189      景碩                  349.00        246.00     2.38%    920.00   960.00   905.00   914.00      960.00   969.00   939.00   955.00    +41.00    +4.49%
      22           297  8046      南電                  505.00        405.00     2.31%   1190.00  1295.00  1175.00  1295.00     1210.00  1280.00  1200.00  1270.00    -25.00    -1.93%
      23           196  6957      裕慶-KY               103.50          9.50     2.17%    220.50   227.50   218.50   225.00      334.50   337.50   307.50   337.50   +112.50   +50.00%
      24           418  3711      日月光投控               212.00        122.00     2.08%    608.00   608.00   593.00   605.00      685.00   693.00   678.00   687.00    +82.00   +13.55%
      25           329  6426      統新                  170.50         85.00     1.98%    270.00   274.50   255.00   259.50      381.50   388.50   350.50   354.00    +94.50   +36.42%
      26           292  3532      台勝科                 135.50         50.00     1.98%    382.50   400.00   375.50   394.00      450.00   472.00   449.00   454.00    +60.00   +15.23%
      27           328  2308      台達電                 550.00        465.00     1.97%   1780.00  1820.00  1760.00  1770.00     1880.00  1950.00  1810.00  1835.00    +65.00    +3.67%
      28           329  2368      金像電                 525.00        440.00     1.97%   1040.00  1050.00  1005.00  1030.00     1100.00  1125.00  1070.00  1120.00    +90.00    +8.74%
      29           146  6533      晶心科                  94.00         13.50     1.86%    268.50   274.00   266.00   268.50      272.50   303.50   268.00   303.50    +35.00   +13.04%
      30           210  4770      上品                   84.00         10.50     1.70%    210.00   217.00   210.00   213.00      277.00   295.00   277.00   286.50    +73.50   +34.51%
      31           230  6861      睿生光電                108.00         36.00     1.66%    194.50   195.00   189.50   194.00      271.00   288.00   270.50   285.00    +91.00   +46.91%
      32           318  3533      嘉澤                  450.00        380.00     1.62%   1640.00  1650.00  1615.00  1625.00     1680.00  1765.00  1680.00  1710.00    +85.00    +5.23%
      33           247  3055      蔚華科                  80.00         11.00     1.60%    131.00   131.50   122.00   124.50      196.00   207.50   191.50   203.50    +79.00   +63.45%
      34           325  2330      台積電                 265.00        200.00     1.50%   2430.00  2435.00  2410.00  2410.00     2475.00  2495.00  2475.00  2475.00    +65.00    +2.70%
      35           442  6715      嘉基                  207.00        144.00     1.46%    365.00   370.00   351.50   351.50      460.00   468.50   442.00   452.00   +100.50   +28.59%
      36           132  3016      嘉晶                   62.00          0.00     1.43%    102.50   104.00    99.10    99.90      165.00   176.00   161.50   172.50    +72.60   +72.67%
      37           364  2379      瑞昱                  120.00         59.00     1.41%    739.00   744.00   720.00   730.00      715.00   778.00   715.00   760.00    +30.00    +4.11%
      38           259  4958      臻鼎-KY               174.50        116.50     1.34%    457.50   480.00   454.00   477.00      479.00   499.50   472.50   498.50    +21.50    +4.51%
      39           326  8028      昇陽半導體                79.50         22.50     1.32%    249.50   251.50   244.00   248.50      270.50   295.50   269.50   289.00    +40.50   +16.30%
      40           363  2449      京元電子                107.50         52.00     1.28%    250.00   250.50   243.00   247.50      305.50   305.50   293.00   294.50    +47.00   +18.99%
==========================================================================================================================================================================
✅ 共 40 筆


══════════════════════════════════════════════════════════════════════════════════════════════════════════════
  🔄 第  6/21 次  2026/08/26 ～ 2026/09/24
══════════════════════════════════════════════════════════════════════════════════════════════════════════════

==========================================================================================================================================================================
📊 累計漲跌停強度排名 (2026/08/26 ~ 2026/09/24)
==========================================================================================================================================================================
    實資排名        累計天數排名  代號        名稱                 累計漲停(元)       累計跌停(元)       強度%  (08/26)開盤      最高      最低      收盤    (09/24)開盤      最高      最低      收盤      賺賠    賺賠率
--------------------------------------------------------------------------------------------------------------------------------------------------------------------------
       1           188  3443      創意                 3965.00       1010.00    26.24%   5640.00  6125.00  5570.00  6125.00     8300.00  8545.00  8205.00  8525.00  +2400.00   +39.18%
       2           132  3653      健策                 3100.00       1385.00    15.23%   5155.00  5725.00  5140.00  5725.00     6560.00  6920.00  6215.00  6920.00  +1195.00   +20.87%
       3           161  2454      聯發科                2180.00        635.00    13.72%   3730.00  3965.00  3710.00  3945.00     5105.00  5360.00  5105.00  5285.00  +1340.00   +33.97%
       4           226  6669      緯穎                 1640.00        780.00     7.64%   6325.00  6925.00  6300.00  6785.00     2110.00  2140.00  2075.00  2115.00  -4670.00   -68.83%
       5           259  6805      富世達                1400.00        715.00     6.08%   1830.00  2025.00  1825.00  2025.00     2570.00  2615.00  2505.00  2530.00   +505.00   +24.94%
       6           277  3017      奇鋐                 1400.00        795.00     5.37%   2880.00  3155.00  2850.00  3155.00     3460.00  3600.00  3455.00  3555.00   +400.00   +12.68%
       7            59  3008      大立光                3475.00       2955.00     4.62%   5920.00  6290.00  5875.00  6290.00     6105.00  6310.00  6080.00  6245.00    -45.00    -0.72%
       8           416  2360      致茂                  840.00        505.00     2.97%   1935.00  1990.00  1875.00  1980.00     2285.00  2345.00  2270.00  2295.00   +315.00   +15.91%
       9           210  8996      高力                  905.00        590.00     2.80%   1195.00  1210.00  1150.00  1195.00     1555.00  1560.00  1480.00  1530.00   +335.00   +28.03%
      10           387  3167      大量                  520.00        244.00     2.45%    671.00   723.00   670.00   716.00      889.00   968.00   871.00   949.00   +233.00   +32.54%
      11           217  3665      貿聯-KY              1005.00        740.00     2.35%   2035.00  2055.00  1930.00  2005.00     2410.00  2470.00  2285.00  2340.00   +335.00   +16.71%
      12           289  1560      中砂                  391.00        136.00     2.26%    677.00   690.00   677.00   682.00      950.00   975.00   945.00   971.00   +289.00   +42.38%
      13           375  6526      達發                  313.00         68.00     2.18%    580.00   596.00   575.00   595.00      845.00   862.00   818.00   840.00   +245.00   +41.18%
      14           385  2404      漢唐                  395.00        170.00     2.00%   1070.00  1100.00  1070.00  1080.00     1255.00  1285.00  1205.00  1285.00   +205.00   +18.98%
      15           242  3406      玉晶光                 637.00        429.00     1.85%    690.00   759.00   690.00   759.00      901.00   911.00   885.00   901.00   +142.00   +18.71%
      16           338  2308      台達電                 590.00        390.00     1.78%   1680.00  1760.00  1670.00  1750.00     1875.00  1935.00  1875.00  1910.00   +160.00    +9.14%
      17           440  6933      AMAX-KY             297.00        103.50     1.72%    199.00   215.00   197.50   215.00      367.50   385.00   355.00   385.00   +170.00   +79.07%
      18           341  3026      禾伸堂                 442.00        249.00     1.71%    627.00   630.00   591.00   614.00      768.00   820.00   765.00   810.00   +196.00   +31.92%
      19           188  7610      聯友金屬-創              960.00        775.00     1.64%   1615.00  1670.00  1590.00  1610.00     1825.00  1855.00  1775.00  1830.00   +220.00   +13.66%
      20           336  3189      景碩                  395.00        246.00     1.32%    820.00   881.00   812.00   881.00      938.00   996.00   929.00   962.00    +81.00    +9.19%
      21           469  7799      禾榮科                 236.00         91.50     1.28%    356.50   373.50   356.50   366.00      523.00   525.00   480.00   498.00   +132.00   +36.07%
      22           325  2368      金像電                 579.00        440.00     1.23%    970.00  1060.00   966.00  1040.00     1135.00  1150.00  1075.00  1105.00    +65.00    +6.25%
      23            10  6949      沛爾生醫-創              135.00          0.00     1.20%   1405.00  1490.00  1400.00  1490.00       49.10    50.30    49.10    50.30  -1439.70   -96.62%
      24           373  6426      統新                  183.50         50.00     1.19%    251.00   275.00   250.00   268.00      412.00   412.00   380.00   389.00   +121.00   +45.15%
      25           390  3563      牧德                  212.00         94.00     1.05%    664.00   686.00   660.00   685.00      760.00   777.00   739.00   769.00    +84.00   +12.26%
      26           319  2455      全新                  218.00        102.00     1.03%    419.00   430.00   415.00   428.00      547.00   555.00   542.00   554.00   +126.00   +29.44%
      27           286  6531      愛普*                 411.00        299.00     0.99%    868.00   926.00   857.00   916.00      990.00  1005.00   951.00   993.00    +77.00    +8.41%
      28           381  3711      日月光投控               212.00        110.00     0.91%    580.00   593.00   575.00   592.00      685.00   699.00   680.00   699.00   +107.00   +18.07%
      29           356  6196      帆宣                  146.00         50.00     0.85%    489.00   504.00   486.00   500.00      547.00   566.00   541.00   565.00    +65.00   +13.00%
      30           330  8046      南電                  495.00        405.00     0.80%   1140.00  1200.00  1125.00  1180.00     1210.00  1270.00  1190.00  1240.00    +60.00    +5.08%
      31           322  3037      欣興                  426.00        337.00     0.79%   1090.00  1180.00  1080.00  1160.00     1155.00  1190.00  1145.00  1185.00    +25.00    +2.16%
      32           292  3532      台勝科                 135.50         50.00     0.76%    378.00   386.00   370.50   382.00      445.00   453.00   437.00   452.50    +70.50   +18.46%
      33           311  3055      蔚華科                  91.50         11.00     0.71%    118.50   127.00   115.50   127.00      201.50   208.00   195.50   199.00    +72.00   +56.69%
      34           377  2330      台積電                 280.00        200.00     0.71%   2375.00  2425.00  2375.00  2415.00     2480.00  2490.00  2470.00  2475.00    +60.00    +2.48%
      35           412  6715      嘉基                  207.00        127.50     0.71%    359.00   374.50   352.00   363.00      462.50   472.50   459.00   468.50   +105.50   +29.06%
      36           210  4770      上品                   84.00         10.50     0.65%    206.50   210.00   206.50   209.00      285.00   290.00   272.00   281.50    +72.50   +34.69%
      37           199  6830      汎銓                  179.00        106.00     0.65%    501.00   539.00   501.00   526.00      545.00   547.00   530.00   540.00    +14.00    +2.66%
      38           230  6861      睿生光電                108.00         36.00     0.64%    188.00   198.00   188.00   193.50      266.50   290.00   266.00   279.50    +86.00   +44.44%
      39           335  2449      京元電子                107.50         35.50     0.64%    236.00   246.50   234.00   244.00      303.50   315.50   300.50   311.00    +67.00   +27.46%
      40           185  6533      晶心科                  84.00         13.50     0.63%    251.50   273.00   249.00   269.00      251.00   276.00   250.00   276.00     +7.00    +2.60%
==========================================================================================================================================================================
✅ 共 40 筆


══════════════════════════════════════════════════════════════════════════════════════════════════════════════
  🔄 第  7/21 次  2026/08/24 ～ 2026/09/23
══════════════════════════════════════════════════════════════════════════════════════════════════════════════

==========================================================================================================================================================================
📊 累計漲跌停強度排名 (2026/08/24 ~ 2026/09/23)
==========================================================================================================================================================================
    實資排名        累計天數排名  代號        名稱                 累計漲停(元)       累計跌停(元)       強度%  (08/24)開盤      最高      最低      收盤    (09/23)開盤      最高      最低      收盤      賺賠    賺賠率
--------------------------------------------------------------------------------------------------------------------------------------------------------------------------
       1           190  3443      創意                 3825.00       1245.00    26.74%   5635.00  5690.00  5350.00  5365.00     8325.00  8540.00  8200.00  8385.00  +3020.00   +56.29%
       2           178  2454      聯發科                2080.00        660.00    14.72%   3820.00  3825.00  3745.00  3765.00     5220.00  5265.00  5140.00  5185.00  +1420.00   +37.72%
       3           134  3653      健策                 2590.00       1625.00    10.00%   5280.00  5490.00  5110.00  5155.00     6005.00  6410.00  5930.00  6410.00  +1255.00   +24.35%
       4           197  6669      緯穎                 1675.00        780.00     9.28%   6300.00  6410.00  6205.00  6300.00     2135.00  2140.00  2095.00  2105.00  -4195.00   -66.59%
       5           267  6805      富世達                1400.00        700.00     7.25%   1765.00  1765.00  1690.00  1710.00     2490.00  2750.00  2475.00  2600.00   +890.00   +52.05%
       6           312  3017      奇鋐                 1315.00        805.00     5.29%   2865.00  2935.00  2830.00  2855.00     3425.00  3590.00  3410.00  3470.00   +615.00   +21.54%
       7           197  8996      高力                  960.00        580.00     3.94%   1090.00  1195.00  1070.00  1145.00     1640.00  1640.00  1515.00  1540.00   +395.00   +34.50%
       8           426  2360      致茂                  840.00        505.00     3.47%   2105.00  2130.00  2065.00  2070.00     2445.00  2470.00  2305.00  2325.00   +255.00   +12.32%
       9           375  6526      達發                  313.00         68.00     2.54%    571.00   587.00   570.00   578.00      777.00   840.00   761.00   840.00   +262.00   +45.33%
      10            57  3008      大立光                3420.00       3180.00     2.49%   5620.00  5700.00  5375.00  5385.00     6440.00  6470.00  6140.00  6190.00   +805.00   +14.95%
      11           266  1560      中砂                  375.00        136.00     2.48%    681.00   702.00   678.00   680.00      955.00   992.00   947.00   955.00   +275.00   +40.44%
      12            12  6949      沛爾生醫-創              215.00          0.00     2.23%   1180.00  1260.00  1165.00  1235.00       49.25    51.00    49.25    50.30  -1184.70   -95.93%
      13           201  7610      聯友金屬-創              985.00        775.00     2.18%   1770.00  1820.00  1660.00  1710.00     1905.00  1905.00  1825.00  1825.00   +115.00    +6.73%
      14           242  3406      玉晶光                 637.00        429.00     2.16%    670.00   707.00   656.00   657.00      930.00   942.00   904.00   905.00   +248.00   +37.75%
      15           374  2404      漢唐                  360.00        170.00     1.97%   1060.00  1075.00  1050.00  1065.00     1160.00  1250.00  1140.00  1250.00   +185.00   +17.37%
      16           463  7799      禾榮科                 236.00         58.50     1.84%    365.00   369.00   353.00   355.00      508.00   558.00   508.00   531.00   +176.00   +49.58%
      17           337  2308      台達電                 580.00        405.00     1.81%   1720.00  1775.00  1710.00  1735.00     1910.00  1920.00  1890.00  1900.00   +165.00    +9.51%
      18           428  6933      AMAX-KY             262.00        103.50     1.64%    185.00   198.00   185.00   194.50      320.00   350.00   320.00   350.00   +155.50   +79.95%
      19           345  2368      金像電                 579.00        422.00     1.63%    963.00  1000.00   946.00   948.00     1085.00  1140.00  1030.00  1140.00   +192.00   +20.25%
      20           392  3167      大量                  461.00        304.00     1.63%    715.00   753.00   665.00   665.00      873.00   903.00   860.00   890.00   +225.00   +33.83%
      21           332  3026      禾伸堂                 400.00        249.00     1.56%    645.00   670.00   621.00   643.00      791.00   803.00   760.00   768.00   +125.00   +19.44%
      22           373  6426      統新                  183.50         50.00     1.38%    239.50   242.50   233.00   238.50      359.00   391.50   357.00   391.50   +153.00   +64.15%
      23           302  3532      台勝科                 169.50         50.00     1.24%    344.50   376.50   344.50   376.50      442.00   460.00   430.50   445.00    +68.50   +18.19%
      24           381  3711      日月光投控               212.00        110.00     1.06%    586.00   601.00   585.00   592.00      710.00   711.00   689.00   693.00   +101.00   +17.06%
      25           341  2455      全新                  218.00        126.50     0.95%    401.50   405.50   381.50   381.50      541.00   552.00   535.00   552.00   +170.50   +44.69%
      26           402  3563      牧德                  196.00        106.00     0.93%    673.00   683.00   665.00   665.00      720.00   774.00   715.00   753.00    +88.00   +13.23%
      27           359  3533      嘉澤                  465.00        380.00     0.88%   1615.00  1635.00  1600.00  1610.00     1755.00  1760.00  1660.00  1690.00    +80.00    +4.97%
      28           311  3055      蔚華科                  91.50         11.00     0.83%    109.50   111.50   107.00   109.50      206.50   226.00   200.50   203.50    +94.00   +85.84%
      29           331  6196      帆宣                  130.00         50.00     0.83%    491.50   506.00   488.00   493.00      538.00   558.00   534.00   549.00    +56.00   +11.36%
      30           207  3661      世芯-KY              1320.00       1240.00     0.83%   3730.00  3795.00  3680.00  3735.00     3790.00  3845.00  3715.00  3760.00    +25.00    +0.67%
      31           194  2351      順德                  107.50         28.00     0.82%    187.50   201.00   185.50   200.50      240.00   240.00   225.00   226.00    +25.50   +12.72%
      32           356  3189      景碩                  339.00        263.00     0.79%    814.00   842.00   791.00   794.00      905.00   922.00   881.00   906.00   +112.00   +14.11%
      33           300  6531      愛普*                 411.00        337.00     0.77%    887.00   905.00   840.00   845.00      940.00   999.00   940.00   987.00   +142.00   +16.80%
      34           210  4770      上品                   84.00         10.50     0.76%    212.50   212.50   206.00   206.00      261.50   275.00   256.50   275.00    +69.00   +33.50%
      35           230  6861      睿生光電                108.00         36.00     0.75%    188.00   191.50   182.50   187.50      267.00   290.00   265.00   273.00    +85.50   +45.60%
      36           335  2449      京元電子                107.50         35.50     0.75%    231.50   243.00   231.00   239.00      317.50   321.50   302.50   304.00    +65.00   +27.20%
      37           384  2330      台積電                 280.00        210.00     0.73%   2410.00  2410.00  2375.00  2375.00     2475.00  2505.00  2475.00  2500.00   +125.00    +5.26%
      38           272  7711      永擎                  357.00        291.00     0.68%    462.00   506.00   458.50   497.50      545.00   561.00   538.00   543.00    +45.50    +9.15%
      39           325  2379      瑞昱                  109.00         47.00     0.64%    713.00   725.00   706.00   716.00      768.00   794.00   752.00   761.00    +45.00    +6.28%
      40           315  8046      南電                  465.00        405.00     0.62%   1135.00  1170.00  1105.00  1135.00     1185.00  1225.00  1150.00  1210.00    +75.00    +6.61%
==========================================================================================================================================================================
✅ 共 40 筆


══════════════════════════════════════════════════════════════════════════════════════════════════════════════
  🔄 第  8/21 次  2026/08/21 ～ 2026/09/22
══════════════════════════════════════════════════════════════════════════════════════════════════════════════

==========================================================================================================================================================================
📊 累計漲跌停強度排名 (2026/08/21 ~ 2026/09/22)
==========================================================================================================================================================================
    實資排名        累計天數排名  代號        名稱                 累計漲停(元)       累計跌停(元)       強度%  (08/21)開盤      最高      最低      收盤    (09/22)開盤      最高      最低      收盤      賺賠    賺賠率
--------------------------------------------------------------------------------------------------------------------------------------------------------------------------
       1           178  3443      創意                 3815.00       1275.00    37.90%   5620.00  5830.00  5425.00  5600.00     8370.00  8375.00  8370.00  8375.00  +2775.00   +49.55%
       2           181  2454      聯發科                2170.00        660.00    22.53%   3725.00  3810.00  3695.00  3790.00     5280.00  5480.00  5150.00  5180.00  +1390.00   +36.68%
       3           188  6669      緯穎                 1675.00        840.00    12.46%   6285.00  6445.00  6230.00  6255.00     2155.00  2180.00  2090.00  2115.00  -4140.00   -66.19%
       4            57  3008      大立光                3515.00       2965.00     8.21%   5520.00  5750.00  5260.00  5610.00     6510.00  6750.00  6390.00  6405.00   +795.00   +14.17%
       5           267  6805      富世達                1300.00        785.00     7.68%   1870.00  1875.00  1760.00  1765.00     2500.00  2565.00  2470.00  2500.00   +735.00   +41.64%
       6           208  8996      高力                  960.00        510.00     6.71%   1105.00  1125.00  1085.00  1090.00     1520.00  1655.00  1490.00  1655.00   +565.00   +51.83%
       7           196  7610      聯友金屬-創             1135.00        695.00     6.56%   1550.00  1685.00  1490.00  1685.00     1945.00  1945.00  1850.00  1905.00   +220.00   +13.06%
       8           440  2360      致茂                  840.00        430.00     6.12%   2190.00  2190.00  2085.00  2100.00     2395.00  2540.00  2350.00  2440.00   +340.00   +16.19%
       9           309  3017      奇鋐                 1235.00        925.00     4.63%   2995.00  3035.00  2850.00  2865.00     3500.00  3505.00  3385.00  3390.00   +525.00   +18.32%
      10            18  6949      沛爾生醫-創              245.00          0.00     3.66%   1140.00  1190.00  1140.00  1155.00       53.00    53.80    50.60    50.80  -1104.20   -95.60%
      11           232  3406      玉晶光                 637.00        411.00     3.37%    653.00   660.00   628.00   652.00      962.00   973.00   920.00   923.00   +271.00   +41.56%
      12           298  1560      中砂                  375.00        155.00     3.28%    692.00   694.00   675.00   679.00      935.00   960.00   929.00   950.00   +271.00   +39.91%
      13           137  3653      健策                 2010.00       1830.00     2.69%   5530.00  5560.00  5330.00  5395.00     5985.00  6050.00  5780.00  5830.00   +435.00    +8.06%
      14           337  2308      台達電                 580.00        405.00     2.61%   1760.00  1760.00  1720.00  1750.00     1965.00  1965.00  1900.00  1900.00   +150.00    +8.57%
      15           407  6526      達發                  237.00         81.00     2.33%    582.00   595.00   566.00   572.00      736.00   796.00   733.00   764.00   +192.00   +33.57%
      16           471  7799      禾榮科                 213.00         79.50     1.99%    372.00   376.00   358.50   358.50      522.00   534.00   503.00   508.00   +149.50   +41.70%
      17           411  6933      AMAX-KY             230.50        103.50     1.89%    191.00   193.00   185.00   185.50      326.00   330.50   317.00   318.50   +133.00   +71.70%
      18           390  3533      嘉澤                  465.00        340.00     1.86%   1600.00  1640.00  1585.00  1595.00     1745.00  1745.00  1745.00  1745.00   +150.00    +9.40%
      19           270  3532      台勝科                 159.00         50.00     1.63%    350.50   353.00   337.50   342.50      447.00   459.50   431.50   434.50    +92.00   +26.86%
      20           381  3711      日月光投控               212.00        110.00     1.52%    589.00   593.00   579.00   587.00      691.00   711.00   690.00   693.00   +106.00   +18.06%
      21           233  6830      汎銓                  221.00        121.50     1.48%    428.50   462.00   417.50   462.00      565.00   575.00   543.00   547.00    +85.00   +18.40%
      22           357  6426      統新                  148.00         50.00     1.46%    251.00   260.50   240.00   241.00      378.00   379.50   350.50   356.00   +115.00   +47.72%
      23           394  3167      大量                  435.00        341.00     1.40%    770.00   795.00   714.00   725.00      815.00   868.00   812.00   864.00   +139.00   +19.17%
      24           323  3026      禾伸堂                 400.00        308.00     1.37%    701.00   745.00   639.00   639.00      822.00   856.00   770.00   780.00   +141.00   +22.07%
      25           179  2351      順德                  107.50         15.50     1.37%    182.00   185.00   177.00   183.00      238.50   243.50   233.00   238.50    +55.50   +30.33%
      26           341  2455      全新                  218.00        126.50     1.37%    404.00   411.00   393.50   406.00      570.00   570.00   537.00   547.00   +141.00   +34.73%
      27           322  2449      京元電子                107.50         22.50     1.27%    234.00   236.00   230.50   232.00      314.00   330.00   312.00   317.00    +85.00   +36.64%
      28           311  3055      蔚華科                  91.50         11.00     1.20%    110.50   112.50   108.00   108.50      196.00   206.50   189.50   206.50    +98.00   +90.32%
      29           340  2379      瑞昱                  120.00         47.00     1.09%    703.00   729.00   703.00   714.00      750.00   764.00   746.00   755.00    +41.00    +5.74%
      30           303  6196      帆宣                  116.00         50.00     0.98%    498.50   498.50   483.50   490.50      542.00   549.00   534.00   535.00    +44.50    +9.07%
      31           272  7711      永擎                  357.00        291.00     0.98%    452.00   489.00   447.50   461.50      552.00   555.00   534.00   537.00    +75.50   +16.36%
      32           407  2404      漢唐                  250.00        185.00     0.97%   1075.00  1080.00  1050.00  1060.00     1140.00  1175.00  1130.00  1140.00    +80.00    +7.55%
      33           375  2330      台積電                 275.00        210.00     0.97%   2375.00  2410.00  2365.00  2410.00     2505.00  2510.00  2460.00  2460.00    +50.00    +2.07%
      34           275  6861      睿生光電                108.00         45.50     0.93%    195.50   196.00   185.50   187.00      247.00   270.50   242.50   267.00    +80.00   +42.78%
      35           162  6957      裕慶-KY                61.50          9.50     0.78%    217.50   219.00   215.00   216.00      297.50   312.00   292.00   303.00    +87.00   +40.28%
      36           207  6257      矽格                   62.50         10.50     0.78%    200.00   200.00   196.50   198.50      257.00   263.00   248.50   249.00    +50.50   +25.44%
      37           443  7788      松川精密                139.50         89.00     0.75%    255.50   255.50   246.50   248.50      298.00   298.50   288.50   290.50    +42.00   +16.90%
      38           140  6278      台表科                  49.00          0.00     0.73%    180.00   190.50   178.00   187.00      202.00   213.50   200.00   213.50    +26.50   +14.17%
      39           191  4770      上品                   59.00         10.50     0.72%    210.00   212.00   209.50   212.00      260.50   262.00   248.00   250.00    +38.00   +17.92%
      40           389  3563      牧德                  154.00        106.00     0.72%    674.00   678.00   664.00   677.00      667.00   715.00   667.00   711.00    +34.00    +5.02%
==========================================================================================================================================================================
✅ 共 40 筆


══════════════════════════════════════════════════════════════════════════════════════════════════════════════
  🔄 第  9/21 次  2026/08/19 ～ 2026/09/21
══════════════════════════════════════════════════════════════════════════════════════════════════════════════

==========================================================================================================================================================================
📊 累計漲跌停強度排名 (2026/08/19 ~ 2026/09/21)
==========================================================================================================================================================================
    實資排名        累計天數排名  代號        名稱                 累計漲停(元)       累計跌停(元)       強度%  (08/19)開盤      最高      最低      收盤    (09/21)開盤      最高      最低      收盤      賺賠    賺賠率
--------------------------------------------------------------------------------------------------------------------------------------------------------------------------
       1           180  3443      創意                 3055.00       1515.00    49.25%   5350.00  5530.00  5230.00  5295.00     7395.00  7755.00  7030.00  7615.00  +2320.00   +43.81%
       2           193  2454      聯發科                2000.00        700.00    41.58%   3750.00  3910.00  3750.00  3845.00     4800.00  5035.00  4780.00  5010.00  +1165.00   +30.30%
       3           211  6669      緯穎                 1675.00        830.00    27.03%   6190.00  6425.00  6190.00  6375.00     2180.00  2190.00  2110.00  2150.00  -4225.00   -66.27%
       4            59  3008      大立光                3775.00       2965.00    25.91%   5135.00  5720.00  5110.00  5550.00     6465.00  6615.00  6305.00  6400.00   +850.00   +15.32%
       5           123  3653      健策                 2280.00       1830.00    14.39%   4895.00  5540.00  4890.00  5460.00     5765.00  5890.00  5700.00  5790.00   +330.00    +6.04%
       6           301  3017      奇鋐                 1235.00        900.00    10.71%   2915.00  3160.00  2900.00  3095.00     3480.00  3495.00  3365.00  3415.00   +320.00   +10.34%
       7           173  7610      聯友金屬-創             1120.00        830.00     9.27%   1635.00  1725.00  1585.00  1605.00     1945.00  1965.00  1890.00  1890.00   +285.00   +17.76%
       8            24  6949      沛爾生醫-創              275.00          0.00     8.80%   1050.00  1135.00  1045.00  1085.00       54.00    54.90    53.00    53.80  -1031.20   -95.04%
       9           264  6805      富世達                1215.00        945.00     8.64%   1860.00  1935.00  1770.00  1800.00     2325.00  2445.00  2300.00  2415.00   +615.00   +34.17%
      10           220  8996      高力                  810.00        550.00     8.32%   1105.00  1155.00  1105.00  1135.00     1430.00  1520.00  1405.00  1505.00   +370.00   +32.60%
      11           248  3406      玉晶光                 637.00        410.00     7.26%    655.00   705.00   651.00   657.00      973.00  1005.00   925.00   952.00   +295.00   +44.90%
      12           281  1560      中砂                  339.00        155.00     5.88%    696.00   719.00   696.00   707.00      903.00   916.00   861.00   914.00   +207.00   +29.28%
      13           433  2360      致茂                  775.00        615.00     5.12%   2190.00  2235.00  2085.00  2120.00     2515.00  2515.00  2315.00  2375.00   +255.00   +12.03%
      14           454  7799      禾榮科                 213.00         65.50     4.72%    350.50   353.00   345.00   345.00      507.00   524.00   489.00   522.00   +177.00   +51.30%
      15           487  5269      祥碩                  375.00        245.00     4.16%   1340.00  1480.00  1340.00  1460.00     1505.00  1505.00  1470.00  1475.00    +15.00    +1.03%
      16           411  6933      AMAX-KY             230.50        103.50     4.06%    186.00   193.00   186.00   190.50      345.00   348.00   316.00   317.50   +127.00   +66.67%
      17           316  3026      禾伸堂                 422.00        297.00     4.00%    646.00   692.00   641.00   690.00      800.00   825.00   780.00   791.00   +101.00   +14.64%
      18           391  6526      達發                  197.00         81.00     3.71%    573.00   583.00   561.00   580.00      700.00   734.00   688.00   724.00   +144.00   +24.83%
      19           386  6426      統新                  148.00         45.00     3.29%    220.00   244.00   220.00   231.00      375.00   376.00   354.50   374.00   +143.00   +61.90%
      20           313  3532      台勝科                 159.00         62.50     3.09%    354.00   369.50   344.50   356.50      450.50   452.00   432.50   440.00    +83.50   +23.42%
      21           365  2455      全新                  218.00        122.50     3.05%    385.50   415.00   385.00   396.50      571.00   590.00   545.00   572.00   +175.50   +44.26%
      22           331  2308      台達電                 555.00        460.00     3.04%   1745.00  1800.00  1740.00  1765.00     1750.00  1885.00  1740.00  1875.00   +110.00    +6.23%
      23           179  2351      順德                  107.50         15.50     2.94%    172.00   191.00   170.50   185.00      243.00   243.50   236.00   236.50    +51.50   +27.84%
      24           318  2379      瑞昱                  136.00         47.00     2.85%    696.00   746.00   692.00   738.00      733.00   743.00   724.00   740.00     +2.00    +0.27%
      25           262  6830      汎銓                  221.00        143.50     2.48%    420.00   424.00   405.50   409.50      576.00   588.00   548.00   553.00   +143.50   +35.04%
      26           296  2449      京元電子                 92.00         22.50     2.22%    226.50   237.50   225.00   235.00      298.00   310.00   296.50   301.50    +66.50   +28.30%
      27           303  6196      帆宣                  116.00         50.00     2.11%    493.50   512.00   493.00   500.00      549.00   549.00   532.00   535.00    +35.00    +7.00%
      28           272  7711      永擎                  357.00        291.00     2.11%    476.00   490.00   467.00   490.00      576.00   576.00   535.00   544.00    +54.00   +11.02%
      29           286  3055      蔚華科                  73.00         11.00     1.98%    113.50   121.50   112.00   115.00      168.00   188.00   167.00   188.00    +73.00   +63.48%
      30           409  3711      日月光投控               182.00        121.00     1.95%    568.00   596.00   564.00   588.00      655.00   674.00   655.00   663.00    +75.00   +12.76%
      31           118  7768      頌勝科技                 77.00         20.00     1.82%    273.00   289.50   270.00   289.50      289.00   306.00   283.50   299.50    +10.00    +3.45%
      32           387  2492      華新科                 138.50         82.50     1.79%    270.00   308.50   270.00   298.00      311.50   326.00   307.50   308.50    +10.50    +3.52%
      33           386  2330      台積電                 275.00        220.00     1.76%   2340.00  2355.00  2335.00  2350.00     2445.00  2485.00  2445.00  2480.00   +130.00    +5.53%
      34           207  6257      矽格                   62.50         10.50     1.66%    194.00   201.00   192.50   199.50      248.50   258.50   242.50   250.50    +51.00   +25.56%
      35           443  7788      松川精密                139.50         89.00     1.62%    272.50   283.50   269.00   274.00      298.00   302.00   291.00   291.00    +17.00    +6.20%
      36           191  4770      上品                   59.00         10.50     1.55%    214.00   218.00   212.00   212.00      254.00   263.50   246.00   257.50    +45.50   +21.46%
      37           147  6491      晶碩                   61.50         13.50     1.54%    361.50   377.50   359.00   375.50      395.00   411.00   394.00   407.00    +31.50    +8.39%
      38           167  6533      晶心科                  59.00         13.50     1.46%    244.00   253.00   244.00   248.50      269.00   270.50   260.00   263.50    +15.00    +6.04%
      39           147  4977      眾達-KY                44.00          0.00     1.41%    146.00   151.00   144.50   145.00      175.50   176.00   172.00   174.00    +29.00   +20.00%
      40           255  6861      睿生光電                 87.00         45.50     1.33%    194.50   203.00   193.00   193.00      235.00   252.00   234.00   246.00    +53.00   +27.46%
==========================================================================================================================================================================
✅ 共 40 筆


══════════════════════════════════════════════════════════════════════════════════════════════════════════════
  🔄 第 10/21 次  2026/08/18 ～ 2026/09/18
══════════════════════════════════════════════════════════════════════════════════════════════════════════════

==========================================================================================================================================================================
📊 累計漲跌停強度排名 (2026/08/18 ~ 2026/09/18)
==========================================================================================================================================================================
    實資排名        累計天數排名  代號        名稱                 累計漲停(元)       累計跌停(元)       強度%  (08/18)開盤      最高      最低      收盤    (09/18)開盤      最高      最低      收盤      賺賠    賺賠率
--------------------------------------------------------------------------------------------------------------------------------------------------------------------------
       1            55  3008      大立光                3995.00       2935.00   301.82%   5115.00  5330.00  5055.00  5290.00     6280.00  6500.00  6150.00  6430.00  +1140.00   +21.55%
       2           197  2454      聯發科                1700.00        865.00   237.76%   4020.00  4050.00  3885.00  3885.00     4600.00  4735.00  4545.00  4710.00   +825.00   +21.24%
       3           181  3443      創意                 2590.00       1830.00   216.40%   5845.00  5885.00  5520.00  5535.00     6600.00  7150.00  6510.00  7150.00  +1615.00   +29.18%
       4           179  6669      緯穎                 1665.00       1050.00   175.11%   6595.00  6650.00  6285.00  6400.00     2195.00  2195.00  2115.00  2140.00  -4260.00   -66.56%
       5            24  6949      沛爾生醫-創              275.00          0.00    78.30%   1035.00  1085.00  1035.00  1055.00       54.50    58.50    53.20    54.50  -1000.50   -94.83%
       6           235  3406      玉晶光                 637.00        390.00    70.33%    676.00   695.00   669.00   685.00      996.00   999.00   955.00   972.00   +287.00   +41.90%
       7           180  7610      聯友金屬-創             1120.00        885.00    66.91%   1925.00  1945.00  1740.00  1740.00     1820.00  1945.00  1765.00  1945.00   +205.00   +11.78%
       8           292  3017      奇鋐                 1235.00       1000.00    66.91%   3150.00  3180.00  2990.00  3035.00     3345.00  3450.00  3290.00  3430.00   +395.00   +13.01%
       9           266  6805      富世達                1130.00        945.00    52.68%   1950.00  1995.00  1900.00  1960.00     2195.00  2295.00  2155.00  2295.00   +335.00   +17.09%
      10           401  6933      AMAX-KY             230.50         79.00    43.14%    193.00   193.00   186.50   191.50      355.00   360.50   332.00   342.00   +150.50   +78.59%
      11           229  8996      高力                  735.00        590.00    41.29%   1265.00  1265.00  1165.00  1175.00     1350.00  1430.00  1330.00  1430.00   +255.00   +21.70%
      12           283  1560      中砂                  321.00        189.00    37.59%    742.00   743.00   704.00   708.00      855.00   896.00   813.00   896.00   +188.00   +26.55%
      13           433  7799      禾榮科                 195.00         65.50    36.87%    351.50   352.50   347.00   351.00      513.00   524.00   488.00   504.00   +153.00   +43.59%
      14           504  5269      祥碩                  375.00        250.00    35.59%   1400.00  1400.00  1360.00  1360.00     1490.00  1505.00  1480.00  1495.00   +135.00    +9.93%
      15           278  7711      永擎                  374.00        265.00    31.04%    480.00   495.00   480.00   492.00      566.00   584.00   561.00   570.00    +78.00   +15.85%
      16           351  3026      禾伸堂                 422.00        318.00    29.61%    673.00   685.00   656.00   668.00      791.00   811.00   766.00   797.00   +129.00   +19.31%
      17           386  6426      統新                  148.00         45.00    29.33%    239.50   244.50   233.50   244.00      381.50   385.00   365.00   373.50   +129.50   +53.07%
      18           313  3532      台勝科                 159.00         62.50    27.48%    360.00   402.50   360.00   369.00      457.00   461.00   438.50   447.50    +78.50   +21.27%
      19           179  2351      順德                  107.50         15.50    26.20%    170.50   186.00   169.00   176.00      241.00   243.00   235.50   241.50    +65.50   +37.22%
      20           236  6830      汎銓                  221.00        133.50    24.91%    444.00   444.00   420.50   431.50      523.00   563.00   516.00   563.00   +131.50   +30.48%
      21           339  2455      全新                  202.00        122.50    22.64%    435.00   437.50   409.50   417.50      545.00   563.00   520.00   556.00   +138.50   +33.17%
      22           303  6196      帆宣                  116.00         50.00    18.79%    513.00   520.00   501.00   503.00      526.00   541.00   521.00   540.00    +37.00    +7.36%
      23           351  2379      瑞昱                  123.00         57.00    18.79%    710.00   723.00   690.00   707.00      724.00   728.00   716.00   727.00    +20.00    +2.83%
      24           368  5434      崇越                  110.00         50.00    17.08%    539.00   567.00   523.00   553.00      535.00   545.00   532.00   540.00    -13.00    -2.35%
      25           407  6526      達發                  164.00        107.00    16.23%    600.00   603.00   578.00   579.00      643.00   691.00   640.00   691.00   +112.00   +19.34%
      26           390  3167      大量                  447.00        390.00    16.23%    762.00   770.00   753.00   770.00      833.00   855.00   810.00   834.00    +64.00    +8.31%
      27           207  6257      矽格                   62.50         10.50    14.81%    208.00   208.50   199.50   199.50      231.00   244.50   227.50   244.50    +45.00   +22.56%
      28           266  3034      聯詠                   82.00         31.00    14.52%    502.00   508.00   499.50   505.00      550.00   558.00   544.00   558.00    +53.00   +10.50%
      29           443  7788      松川精密                139.50         89.00    14.38%    279.50   283.50   267.00   278.00      290.50   304.00   290.50   297.00    +19.00    +6.83%
      30           191  4770      上品                   59.00         10.50    13.81%    216.00   219.50   213.00   214.00      242.00   255.50   242.00   251.00    +37.00   +17.29%
      31           310  2449      京元電子                 82.00         35.00    13.38%    250.50   251.00   233.00   236.00      276.50   291.50   274.00   291.50    +55.50   +23.52%
      32           456  2492      華新科                 138.50         92.00    13.24%    292.00   301.00   281.00   282.00      305.00   311.00   300.00   309.50    +27.50    +9.75%
      33           167  6533      晶心科                  59.00         13.50    12.96%    244.00   248.50   243.00   245.00      255.00   276.00   250.00   270.50    +25.50   +10.41%
      34           264  3055      蔚華科                  56.00         11.00    12.81%    113.00   122.00   112.00   117.50      166.00   173.50   163.50   171.00    +53.50   +45.53%
      35           147  4977      眾達-KY                44.00          0.00    12.53%    157.00   160.00   149.00   151.00      175.00   178.00   172.00   175.00    +24.00   +15.89%
      36            88  7768      頌勝科技                 63.50         20.00    12.39%    272.50   274.00   263.50   263.50      266.50   286.00   264.00   286.00    +22.50    +8.54%
      37           112  6491      晶碩                   50.50         13.50    10.54%    363.00   365.00   358.00   361.50      401.00   401.00   391.00   396.00    +34.50    +9.54%
      38           132  6782      視陽                   46.50         10.50    10.25%    201.50   201.50   198.50   198.50      250.00   250.00   238.00   240.00    +41.50   +20.91%
      39           290  2301      光寶科                  78.00         42.50    10.11%    266.00   279.50   265.00   273.50      284.00   288.50   280.50   282.00     +8.50    +3.11%
      40           204  3023      信邦                   50.50         16.50     9.68%    310.50   311.00   305.00   307.00      318.00   329.00   318.00   327.50    +20.50    +6.68%
==========================================================================================================================================================================
✅ 共 40 筆


══════════════════════════════════════════════════════════════════════════════════════════════════════════════
  🔄 第 11/21 次  2026/08/17 ～ 2026/09/17
══════════════════════════════════════════════════════════════════════════════════════════════════════════════

==========================================================================================================================================================================
📊 累計漲跌停強度排名 (2026/08/17 ~ 2026/09/17)
==========================================================================================================================================================================
    實資排名        累計天數排名  代號        名稱                 累計漲停(元)       累計跌停(元)       強度%  (08/17)開盤      最高      最低      收盤    (09/17)開盤      最高      最低      收盤      賺賠    賺賠率
--------------------------------------------------------------------------------------------------------------------------------------------------------------------------
       1           166  2383      台光電                 880.00       2605.00    77.83%   6165.00  6445.00  6110.00  6350.00     5135.00  5255.00  4635.00  4695.00  -1655.00   -26.06%
       2           194  3661      世芯-KY               855.00       1870.00    45.80%   4350.00  4490.00  4060.00  4060.00     3365.00  3430.00  3260.00  3295.00   -765.00   -18.84%
       3           107  6515      穎崴                 1875.00       2625.00    33.84%   6650.00  6715.00  6390.00  6610.00     6350.00  6595.00  6110.00  6120.00   -490.00    -7.41%
       4           221  7750      新代                  550.00       1170.00    27.97%   2395.00  2465.00  2340.00  2405.00     1895.00  1945.00  1875.00  1900.00   -505.00   -21.00%
       5           340  2345      智邦                  370.00        810.00    19.85%   2300.00  2335.00  2245.00  2290.00     1865.00  1885.00  1790.00  1800.00   -490.00   -21.40%
       6           248  7769      鴻勁                 1720.00       2135.00    18.72%   6600.00  6825.00  6465.00  6750.00     6230.00  6615.00  6055.00  6135.00   -615.00    -9.11%
       7           257  6446      藥華藥                 350.00        640.00    13.08%   1505.00  1545.00  1405.00  1410.00     1210.00  1220.00  1190.00  1195.00   -215.00   -15.25%
       8           322  8046      南電                  280.00        550.00    12.18%   1310.00  1380.00  1295.00  1295.00     1120.00  1130.00  1060.00  1065.00   -230.00   -17.76%
       9           227  3665      貿聯-KY               750.00       1015.00    11.96%   2185.00  2185.00  2095.00  2135.00     2035.00  2085.00  1985.00  2010.00   -125.00    -5.85%
      10           242  6442      光聖                  430.00        660.00    10.38%   1605.00  1635.00  1540.00  1630.00     1615.00  1635.00  1495.00  1510.00   -120.00    -7.36%
      11           480  1590      亞德客-KY              110.00        320.00     9.48%   1440.00  1480.00  1440.00  1465.00     1230.00  1265.00  1230.00  1245.00   -220.00   -15.02%
      12           316  2308      台達電                 365.00        525.00     7.22%   1950.00  2005.00  1885.00  1885.00     1730.00  1745.00  1685.00  1685.00   -200.00   -10.61%
      13           423  6831      邁科                  120.00        279.00     7.17%    684.00   700.00   651.00   687.00      530.00   543.00   519.00   525.00   -162.00   -23.58%
      14           378  3533      嘉澤                  280.00        435.00     6.99%   1665.00  1730.00  1665.00  1700.00     1520.00  1620.00  1520.00  1555.00   -145.00    -8.53%
      15           459  6409      旭隼                  157.00        301.00     6.50%   1015.00  1020.00   977.00   983.00      888.00   900.00   873.00   877.00   -106.00   -10.78%
      16           327  6781      AES-KY              208.00        341.00     6.00%   1135.00  1135.00  1090.00  1095.00     1015.00  1015.00   995.00   996.00    -99.00    -9.04%
      17           444  2360      致茂                  545.00        670.00     5.64%   2335.00  2400.00  2250.00  2360.00     2115.00  2160.00  2085.00  2085.00   -275.00   -11.65%
      18           507  8210      勤誠                  137.00        252.00     5.19%   1005.00  1015.00   996.00  1010.00      892.00   903.00   887.00   891.00   -119.00   -11.78%
      19           357  3037      欣興                  306.00        417.00     5.01%   1045.00  1120.00  1035.00  1120.00      979.00   993.00   940.00   940.00   -180.00   -16.07%
      20           467  7822      倍利科                 153.00        256.00     4.65%    859.00   897.00   848.00   897.00      821.00   866.00   821.00   850.00    -47.00    -5.24%
      21           292  3017      奇鋐                  990.00       1085.00     4.29%   3230.00  3230.00  3115.00  3150.00     3285.00  3350.00  3175.00  3185.00    +35.00    +1.11%
      22           334  6531      愛普*                 310.00        398.00     3.97%    906.00   927.00   873.00   873.00      950.00   951.00   915.00   920.00    +47.00    +5.38%
      23           400  3189      景碩                  273.00        359.00     3.88%    896.00   932.00   881.00   905.00      825.00   835.00   785.00   805.00   -100.00   -11.05%
      24           298  6213      聯茂                  116.00        187.50     3.23%    475.50   491.50   466.00   481.00      548.00   548.00   495.00   495.00    +14.00    +2.91%
      25           423  2404      漢唐                  175.00        245.00     3.16%   1120.00  1165.00  1120.00  1155.00     1040.00  1055.00  1025.00  1030.00   -125.00   -10.82%
      26           306  4583      台灣精銳                 22.50         91.50     3.11%    493.50   499.00   490.00   495.50      424.50   426.50   419.00   420.00    -75.50   -15.24%
      27           346  2368      金像電                 444.00        512.00     3.07%   1020.00  1025.00   995.00  1010.00     1035.00  1085.00   950.00   950.00    -60.00    -5.94%
      28           311  6415      矽力*-KY               60.50        122.00     2.77%    472.00   476.50   450.00   453.50      423.00   425.00   410.50   411.00    -42.50    -9.37%
      29           271  6139      亞翔                   81.00        132.00     2.30%    803.00   815.00   794.00   807.00      711.00   722.00   696.00   696.00   -111.00   -13.75%
      30           221  8996      高力                  605.00        655.00     2.26%   1270.00  1290.00  1195.00  1215.00     1330.00  1360.00  1285.00  1300.00    +85.00    +7.00%
      31           216  2376      技嘉                   10.50         60.50     2.26%    380.00   381.50   358.00   358.00      353.50   357.50   351.50   355.00     -3.00    -0.84%
      32           512  7795      長廣                  203.00        250.00     2.12%    547.00   578.00   529.00   549.00      504.00   523.00   481.00   483.00    -66.00   -12.02%
      33           352  2357      華碩                  202.00        247.00     2.03%    985.00   986.00   921.00   938.00      943.00   967.00   943.00   948.00    +10.00    +1.07%
      34           299  2327      國巨*                 161.00        205.00     1.99%    620.00   622.00   596.00   608.00      543.00   553.00   529.00   529.00    -79.00   -12.99%
      35           207  6472      保瑞                   22.50         66.00     1.96%    408.50   416.00   407.50   416.00      417.50   428.00   414.00   425.00     +9.00    +2.16%
      36           193  2049      上銀                   39.00         81.00     1.90%    370.00   395.00   370.00   381.50      334.00   339.00   332.00   336.00    -45.50   -11.93%
      37           311  2408      南亞科                 127.50        168.50     1.85%    520.00   535.00   513.00   524.00      499.00   504.00   488.00   488.00    -36.00    -6.87%
      38           285  6451      訊芯-KY               136.50        177.00     1.83%    433.50   458.50   426.50   458.50      423.00   442.00   418.00   419.00    -39.50    -8.62%
      39           412  6944      兆聯實業                 57.00         95.00     1.71%    741.00   764.00   730.00   760.00      693.00   697.00   685.00   686.00    -74.00    -9.74%
      40           488  2467      志聖                  155.00        185.00     1.35%    552.00   588.00   539.00   588.00      528.00   545.00   519.00   519.00    -69.00   -11.73%
==========================================================================================================================================================================
✅ 共 40 筆


══════════════════════════════════════════════════════════════════════════════════════════════════════════════
  🔄 第 12/21 次  2026/08/14 ～ 2026/09/16
══════════════════════════════════════════════════════════════════════════════════════════════════════════════

==========================================================================================================================================================================
📊 累計漲跌停強度排名 (2026/08/14 ~ 2026/09/16)
==========================================================================================================================================================================
    實資排名        累計天數排名  代號        名稱                 累計漲停(元)       累計跌停(元)       強度%  (08/14)開盤      最高      最低      收盤    (09/16)開盤      最高      最低      收盤      賺賠    賺賠率
--------------------------------------------------------------------------------------------------------------------------------------------------------------------------
       1           203  3661      世芯-KY               875.00       1820.00    59.01%   4225.00  4530.00  4180.00  4210.00     3385.00  3400.00  3310.00  3345.00   -865.00   -20.55%
       2           166  2383      台光電                1355.00       2215.00    53.71%   5790.00  6200.00  5770.00  6165.00     5060.00  5175.00  5030.00  5085.00  -1080.00   -17.52%
       3           104  6515      穎崴                 1875.00       2535.00    41.22%   6705.00  6985.00  6675.00  6750.00     6380.00  6470.00  6205.00  6210.00   -540.00    -8.00%
       4           221  7750      新代                  550.00       1170.00    38.72%   2380.00  2395.00  2330.00  2355.00     1900.00  1935.00  1890.00  1895.00   -460.00   -19.53%
       5           217  7769      鴻勁                 1710.00       2315.00    37.78%   6950.00  6960.00  6560.00  6590.00     6205.00  6235.00  6100.00  6125.00   -465.00    -7.06%
       6           344  2345      智邦                  400.00        770.00    23.11%   2305.00  2385.00  2275.00  2300.00     1840.00  1860.00  1830.00  1840.00   -460.00   -20.00%
       7           373  3533      嘉澤                  235.00        525.00    18.11%   1730.00  1750.00  1700.00  1720.00     1520.00  1535.00  1495.00  1510.00   -210.00   -12.21%
       8           205  3665      貿聯-KY               735.00       1015.00    17.49%   2235.00  2245.00  2180.00  2200.00     1980.00  2030.00  1935.00  1995.00   -205.00    -9.32%
       9           239  6446      藥華藥                 405.00        630.00    14.05%   1440.00  1525.00  1440.00  1500.00     1220.00  1225.00  1185.00  1205.00   -295.00   -19.67%
      10           524  1590      亞德客-KY              110.00        330.00    13.74%   1495.00  1510.00  1440.00  1460.00     1305.00  1305.00  1230.00  1240.00   -220.00   -15.07%
      11           238  6442      光聖                  430.00        595.00    10.30%   1550.00  1620.00  1530.00  1560.00     1515.00  1610.00  1515.00  1575.00    +15.00    +0.96%
      12           473  7822      倍利科                 113.00        275.00    10.12%    889.00   899.00   871.00   873.00      800.00   824.00   800.00   810.00    -63.00    -7.22%
      13           423  6831      邁科                  120.00        279.00     9.93%    695.00   699.00   669.00   683.00      526.00   535.00   518.00   525.00   -158.00   -23.13%
      14           317  8046      南電                  370.00        510.00     8.74%   1235.00  1335.00  1205.00  1305.00     1095.00  1115.00  1060.00  1105.00   -200.00   -15.33%
      15           302  2308      台達電                 365.00        500.00     8.43%   1945.00  1975.00  1865.00  1885.00     1680.00  1730.00  1655.00  1710.00   -175.00    -9.28%
      16           327  6781      AES-KY              208.00        341.00     8.31%   1130.00  1140.00  1115.00  1120.00     1000.00  1010.00   992.00  1005.00   -115.00   -10.27%
      17           444  2360      致茂                  545.00        670.00     7.81%   2335.00  2365.00  2280.00  2300.00     2090.00  2130.00  2070.00  2090.00   -210.00    -9.13%
      18           535  8210      勤誠                  147.00        252.00     6.56%   1005.00  1015.00   988.00  1000.00      884.00   889.00   876.00   883.00   -117.00   -11.70%
      19           377  2330      台積電                 175.00        280.00     6.56%   2435.00  2440.00  2395.00  2395.00     2375.00  2395.00  2375.00  2380.00    -15.00    -0.63%
      20           469  6409      旭隼                  200.00        301.00     6.31%    972.00  1035.00   972.00  1015.00      879.00   898.00   879.00   880.00   -135.00   -13.30%
      21           324  4583      台灣精銳                 22.50        110.00     5.46%    513.00   516.00   493.00   493.50      420.00   429.00   419.50   422.00    -71.50   -14.49%
      22           308  2327      國巨*                 161.00        245.00     5.25%    668.00   668.00   617.00   622.00      539.00   543.00   526.00   536.00    -86.00   -13.83%
      23           356  3037      欣興                  326.00        396.00     4.37%   1020.00  1025.00   995.00  1020.00      961.00   971.00   940.00   961.00    -59.00    -5.78%
      24           423  2404      漢唐                  175.00        245.00     4.37%   1135.00  1140.00  1100.00  1125.00     1040.00  1060.00  1030.00  1035.00    -90.00    -8.00%
      25           272  3017      奇鋐                 1015.00       1085.00     4.37%   3250.00  3320.00  3170.00  3235.00     3115.00  3225.00  3100.00  3175.00    -60.00    -1.85%
      26           219  6472      保瑞                    9.50         79.00     4.34%    425.00   425.00   409.00   409.00      416.50   422.00   412.00   412.00     +3.00    +0.73%
      27           527  7795      長廣                  203.00        270.00     4.18%    559.00   594.00   530.00   536.00      466.00   495.00   463.50   476.00    -60.00   -11.19%
      28           406  3189      景碩                  284.00        344.00     3.75%    841.00   862.00   840.00   862.00      810.00   832.00   792.00   820.00    -42.00    -4.87%
      29           265  6414      樺漢                   43.50         96.00     3.28%    442.00   442.00   406.00   407.00      372.00   372.00   366.00   367.50    -39.50    -9.71%
      30           440  6944      兆聯實業                 57.00        109.00     3.25%    755.00   758.00   741.00   741.00      691.00   698.00   685.00   685.00    -56.00    -7.56%
      31           326  6451      訊芯-KY               136.50        187.50     3.18%    436.00   436.00   420.50   425.50      400.50   427.00   399.50   421.00     -4.50    -1.06%
      32           221  8996      高力                  605.00        655.00     3.12%   1325.00  1330.00  1245.00  1280.00     1230.00  1300.00  1230.00  1300.00    +20.00    +1.56%
      33           216  2376      技嘉                   10.50         60.50     3.12%    390.00   402.00   386.50   397.50      344.50   350.00   341.00   350.00    -47.50   -11.95%
      34           332  6415      矽力*-KY               75.50        122.00     2.90%    482.50   511.00   478.50   480.00      413.50   424.00   411.00   418.50    -61.50   -12.81%
      35           434  3583      辛耘                  163.00        208.00     2.81%    727.00   735.00   707.00   711.00      678.00   680.00   668.00   671.00    -40.00    -5.63%
      36           522  2467      志聖                  155.00        198.00     2.69%    552.00   558.00   532.00   535.00      523.00   527.00   515.00   519.00    -16.00    -2.99%
      37           193  2049      上銀                   39.00         81.00     2.62%    387.00   388.50   367.50   373.50      330.00   332.50   325.00   331.50    -42.00   -11.24%
      38           362  3563      牧德                   86.00        127.00     2.56%    706.00   707.00   687.00   687.00      648.00   653.00   640.00   642.00    -45.00    -6.55%
      39           311  2408      南亞科                 127.50        168.50     2.56%    532.00   542.00   501.00   512.00      476.00   495.00   475.00   492.50    -19.50    -3.81%
      40           248  6139      亞翔                   81.00        121.00     2.50%    815.00   820.00   792.00   798.00      713.00   722.00   707.00   707.00    -91.00   -11.40%
==========================================================================================================================================================================
✅ 共 40 筆


══════════════════════════════════════════════════════════════════════════════════════════════════════════════
  🔄 第 13/21 次  2026/08/13 ～ 2026/09/15
══════════════════════════════════════════════════════════════════════════════════════════════════════════════

==========================================================================================================================================================================
📊 累計漲跌停強度排名 (2026/08/13 ~ 2026/09/15)
==========================================================================================================================================================================
    實資排名        累計天數排名  代號        名稱                 累計漲停(元)       累計跌停(元)       強度%  (08/13)開盤      最高      最低      收盤    (09/15)開盤      最高      最低      收盤      賺賠    賺賠率
--------------------------------------------------------------------------------------------------------------------------------------------------------------------------
       1           103  6515      穎崴                 1875.00       2860.00    60.55%   7285.00  7295.00  6660.00  6745.00     6600.00  6725.00  6305.00  6310.00   -435.00    -6.45%
       2           167  2383      台光電                1355.00       2225.00    53.48%   5875.00  5875.00  5655.00  5690.00     5300.00  5365.00  5110.00  5115.00   -575.00   -10.11%
       3           201  3661      世芯-KY              1010.00       1810.00    49.18%   4100.00  4225.00  4090.00  4190.00     3535.00  3590.00  3335.00  3355.00   -835.00   -19.93%
       4           229  7750      新代                  550.00       1200.00    39.96%   2435.00  2435.00  2345.00  2360.00     1910.00  1940.00  1890.00  1890.00   -470.00   -19.92%
       5           367  3533      嘉澤                  235.00        715.00    29.51%   1940.00  1945.00  1810.00  1810.00     1590.00  1590.00  1520.00  1520.00   -290.00   -16.02%
       6           357  2345      智邦                  455.00        770.00    19.36%   2275.00  2310.00  2235.00  2270.00     1870.00  1895.00  1830.00  1840.00   -430.00   -18.94%
       7           523  1590      亞德客-KY              110.00        415.00    18.75%   1590.00  1595.00  1455.00  1470.00     1260.00  1285.00  1255.00  1280.00   -190.00   -12.93%
       8           210  7769      鴻勁                 2000.00       2305.00    18.75%   6645.00  6845.00  6505.00  6770.00     6255.00  6285.00  6105.00  6135.00   -635.00    -9.38%
       9           236  6442      光聖                  365.00        625.00    15.98%   1635.00  1670.00  1545.00  1565.00     1580.00  1595.00  1505.00  1510.00    -55.00    -3.51%
      10           184  3665      貿聯-KY               770.00       1015.00    15.06%   2180.00  2275.00  2165.00  2205.00     1940.00  2020.00  1925.00  1980.00   -225.00   -10.20%
      11           239  6446      藥華藥                 405.00        630.00    13.83%   1475.00  1510.00  1430.00  1445.00     1200.00  1220.00  1170.00  1205.00   -240.00   -16.61%
      12           293  8046      南電                  350.00        560.00    12.91%   1295.00  1300.00  1215.00  1215.00     1070.00  1110.00  1055.00  1085.00   -130.00   -10.70%
      13           313  6781      AES-KY              185.00        361.00    10.82%   1155.00  1160.00  1120.00  1125.00      998.00  1010.00   982.00   982.00   -143.00   -12.71%
      14           378  6831      邁科                  108.00        279.00    10.51%    680.00   720.00   669.00   678.00      539.00   546.00   512.00   513.00   -165.00   -24.34%
      15           455  7822      倍利科                 115.00        275.00     9.84%    898.00   903.00   876.00   892.00      810.00   821.00   792.00   800.00    -92.00   -10.31%
      16           425  6409      旭隼                  190.00        324.00     8.24%   1000.00  1010.00   972.00   972.00      878.00   886.00   865.00   870.00   -102.00   -10.49%
      17           550  8210      勤誠                  147.00        267.00     7.38%   1025.00  1040.00   986.00   990.00      887.00   903.00   873.00   874.00   -116.00   -11.72%
      18           167  7610      聯友金屬-創              930.00       1030.00     6.15%   1935.00  1935.00  1790.00  1810.00     1695.00  1755.00  1655.00  1655.00   -155.00    -8.56%
      19           316  6451      訊芯-KY               109.50        202.50     5.72%    458.00   458.00   436.00   436.00      412.50   418.50   393.50   394.00    -42.00    -9.63%
      20           381  3189      景碩                  259.00        344.00     5.22%    866.00   872.00   813.00   851.00      795.00   822.00   791.00   795.00    -56.00    -6.58%
      21           401  2330      台積電                 195.00        280.00     5.22%   2440.00  2445.00  2425.00  2435.00     2405.00  2405.00  2380.00  2385.00    -50.00    -2.05%
      22           296  2308      台達電                 420.00        500.00     4.92%   1845.00  1915.00  1845.00  1885.00     1590.00  1715.00  1585.00  1670.00   -215.00   -11.41%
      23           305  3037      欣興                  316.00        396.00     4.92%   1045.00  1045.00   976.00  1000.00      969.00   986.00   951.00   951.00    -49.00    -4.90%
      24           354  4583      台灣精銳                 37.50        110.00     4.46%    502.00   513.00   499.00   512.00      426.50   432.00   420.00   420.00    -92.00   -17.97%
      25           423  2404      漢唐                  175.00        245.00     4.30%   1170.00  1175.00  1115.00  1130.00     1015.00  1050.00  1015.00  1035.00    -95.00    -8.41%
      26           219  6472      保瑞                    9.50         79.00     4.27%    428.00   428.00   421.00   422.00      404.00   415.50   404.00   411.00    -11.00    -2.61%
      27           333  6531      愛普*                 318.00        382.00     3.93%    880.00   903.00   860.00   865.00      953.00   964.00   887.00   890.00    +25.00    +2.89%
      28           447  3583      辛耘                  163.00        223.00     3.69%    737.00   759.00   718.00   719.00      679.00   688.00   664.00   664.00    -55.00    -7.65%
      29           378  3563      牧德                   86.00        141.00     3.38%    730.00   730.00   702.00   703.00      649.00   656.00   639.00   643.00    -60.00    -8.53%
      30           469  5269      祥碩                  255.00        310.00     3.38%   1450.00  1465.00  1430.00  1430.00     1380.00  1385.00  1345.00  1370.00    -60.00    -4.20%
      31           265  6414      樺漢                   43.50         96.00     3.23%    460.00   473.00   450.00   451.00      373.50   377.50   369.50   369.50    -81.50   -18.07%
      32           440  6944      兆聯實業                 57.00        109.00     3.20%    758.00   758.00   745.00   755.00      689.00   699.00   689.00   691.00    -64.00    -8.48%
      33           441  6715      嘉基                  171.50        216.00     2.74%    400.00   430.00   383.50   390.50      333.50   380.00   333.50   357.50    -33.00    -8.45%
      34           154  2493      揚博                   10.50         54.50     2.70%    243.00   245.00   230.00   236.00      170.50   174.50   169.50   171.00    -65.00   -27.54%
      35           522  2467      志聖                  155.00        198.00     2.64%    565.00   572.00   546.00   548.00      527.00   541.00   515.00   516.00    -32.00    -5.84%
      36           319  6415      矽力*-KY               79.00        122.00     2.64%    460.50   487.00   460.50   465.00      414.00   417.50   403.00   406.00    -59.00   -12.69%
      37           248  6139      亞翔                   81.00        121.00     2.46%    824.00   831.00   805.00   805.00      701.00   726.00   701.00   713.00    -92.00   -11.43%
      38           300  6213      聯茂                   96.00        132.50     2.24%    469.00   470.00   448.00   469.00      514.00   531.00   511.00   519.00    +50.00   +10.66%
      39           307  2408      南亞科                 132.00        168.50     2.24%    497.00   530.00   490.00   514.00      473.50   476.50   465.50   465.50    -48.50    -9.44%
      40            86  8464      億豐                   10.50         46.50     2.21%    379.50   379.50   359.50   368.00      381.00   384.00   376.50   382.00    +14.00    +3.80%
==========================================================================================================================================================================
✅ 共 40 筆


══════════════════════════════════════════════════════════════════════════════════════════════════════════════
  🔄 第 14/21 次  2026/08/12 ～ 2026/09/14
══════════════════════════════════════════════════════════════════════════════════════════════════════════════

==========================================================================================================================================================================
📊 累計漲跌停強度排名 (2026/08/12 ~ 2026/09/14)
==========================================================================================================================================================================
    實資排名        累計天數排名  代號        名稱                 累計漲停(元)       累計跌停(元)       強度%  (08/12)開盤      最高      最低      收盤    (09/14)開盤      最高      最低      收盤      賺賠    賺賠率
--------------------------------------------------------------------------------------------------------------------------------------------------------------------------
       1           117  3653      健策                 3005.00       1440.00    34.39%   4125.00  4470.00  4125.00  4470.00     5580.00  5920.00  5500.00  5820.00  +1350.00   +30.20%
       2           201  6669      緯穎                 2310.00        870.00    31.64%   5905.00  6140.00  5900.00  6025.00     2315.00  2315.00  2240.00  2270.00  -3755.00   -62.32%
       3            59  3008      大立光                4045.00       2780.00    27.80%   4390.00  4685.00  4355.00  4585.00     6395.00  6420.00  5995.00  5995.00  +1410.00   +30.75%
       4           187  3443      創意                 2445.00       1540.00    19.89%   5025.00  5180.00  4945.00  5130.00     5995.00  6575.00  5850.00  6400.00  +1270.00   +24.76%
       5           192  2454      聯發科                1600.00        880.00    15.82%   3950.00  4030.00  3950.00  4015.00     4475.00  4650.00  4435.00  4560.00   +545.00   +13.57%
       6           263  3017      奇鋐                 1395.00        890.00    11.10%   2765.00  2915.00  2755.00  2910.00     3255.00  3360.00  3210.00  3310.00   +400.00   +13.75%
       7           276  3406      玉晶光                 699.00        325.00     8.22%    546.00   584.00   535.00   578.00     1015.00  1020.00   954.00   954.00   +376.00   +65.05%
       8           112  6949      沛爾生醫-創              335.00         25.00     6.81%    982.00  1020.00   982.00  1010.00       50.00    56.90    48.25    55.80   -954.20   -94.48%
       9           251  6805      富世達                1025.00        830.00     4.29%   1790.00  1860.00  1780.00  1835.00     2095.00  2210.00  2085.00  2165.00   +330.00   +17.98%
      10           400  3532      台勝科                 213.50         62.50     3.32%    289.00   312.00   286.50   312.00      410.00   419.00   400.00   416.00   +104.00   +33.33%
      11           397  2360      致茂                  755.00        610.00     3.19%   2110.00  2230.00  2095.00  2195.00     2105.00  2180.00  2080.00  2140.00    -55.00    -2.51%
      12            68  2059      川湖                 4230.00       4090.00     3.08%  12250.00 12295.00 11790.00 12045.00    11900.00 12025.00 11785.00 11990.00    -55.00    -0.46%
      13           339  6933      AMAX-KY             171.00         59.50     2.45%    189.50   197.00   184.00   194.00      304.50   334.50   294.00   305.50   +111.50   +57.47%
      14           309  2455      全新                  215.50        107.50     2.37%    372.00   388.00   372.00   384.50      497.00   535.00   493.00   535.00   +150.50   +39.14%
      15           173  2351      順德                  107.50          0.00     2.36%    169.50   172.50   168.50   172.00      234.00   257.00   228.50   257.00    +85.00   +49.42%
      16           282  6830      汎銓                  223.50        117.50     2.33%    410.50   433.00   410.50   432.00      540.00   584.00   538.00   556.00   +124.00   +28.70%
      17           197  8996      高力                  745.00        640.00     2.31%   1070.00  1170.00  1065.00  1170.00     1295.00  1295.00  1205.00  1235.00    +65.00    +5.56%
      18           373  2357      華碩                  348.00        247.00     2.22%    831.00   860.00   831.00   852.00      900.00   936.00   900.00   934.00    +82.00    +9.62%
      19           336  3167      大量                  460.00        372.00     1.93%    642.00   673.00   635.00   672.00      810.00   832.00   781.00   810.00   +138.00   +20.54%
      20           269  7711      永擎                  361.50        274.50     1.91%    445.00   447.50   434.00   447.50      478.00   478.00   478.00   478.00    +30.50    +6.82%
      21           420  7788      松川精密                167.00         89.00     1.71%    241.00   261.50   240.50   256.00      275.00   288.00   265.50   282.00    +26.00   +10.16%
      22           334  3026      禾伸堂                 420.00        350.00     1.54%    646.00   710.00   631.00   685.00      730.00   757.00   717.00   731.00    +46.00    +6.72%
      23           258  6426      統新                   95.00         33.00     1.36%    233.00   233.00   220.00   222.00      295.50   327.00   293.00   312.00    +90.00   +40.54%
      24           342  5434      崇越                  110.00         50.00     1.32%    534.00   543.00   525.00   532.00      524.00   547.00   518.00   539.00     +7.00    +1.32%
      25           216  3044      健鼎                   96.50         41.00     1.22%    485.50   485.50   485.50   485.50      495.00   517.00   493.00   510.00    +24.50    +5.05%
      26           336  6531      愛普*                 365.00        310.00     1.21%    831.00   885.00   828.00   878.00      957.00   994.00   933.00   962.00    +84.00    +9.57%
      27           341  8039      台虹                  165.50        114.50     1.12%    215.00   231.00   210.50   227.00      268.00   280.00   261.00   274.00    +47.00   +20.70%
      28           192  7610      聯友金屬-創              955.00        905.00     1.10%   1870.00  1895.00  1790.00  1895.00     1920.00  1920.00  1780.00  1780.00   -115.00    -6.07%
      29           308  1560      中砂                  242.00        192.00     1.10%    704.00   735.00   680.00   728.00      775.00   776.00   740.00   753.00    +25.00    +3.43%
      30           364  2368      金像電                 470.00        422.00     1.05%   1015.00  1045.00   964.00  1000.00      985.00  1035.00   978.00  1020.00    +20.00    +2.00%
      31           237  3055      蔚華科                  56.50         11.00     1.00%    109.50   117.00   107.00   117.00      149.50   159.50   148.50   159.50    +42.50   +36.32%
      32           332  2301      光寶科                  88.00         42.50     1.00%    267.00   267.00   254.00   259.50      273.50   281.50   272.00   277.50    +18.00    +6.94%
      33           484  7795      長廣                  289.00        245.00     0.97%    506.00   506.00   506.00   506.00      495.00   517.00   477.00   491.00    -15.00    -2.96%
      34           313  6196      帆宣                  104.00         61.00     0.94%    511.00   516.00   498.00   499.00      505.00   527.00   505.00   520.00    +21.00    +4.21%
      35           146  4977      眾達-KY                42.00          0.00     0.92%    147.00   158.00   147.00   154.00      170.00   173.00   167.00   167.00    +13.00    +8.44%
      36           129  2207      和泰車                  48.00         10.00     0.84%    513.00   516.00   504.00   504.00      527.00   539.00   525.00   538.00    +34.00    +6.75%
      37           112  6491      晶碩                   50.50         13.50     0.81%    383.00   386.50   374.00   378.00      367.50   381.50   363.50   381.50     +3.50    +0.93%
      38           448  2492      華新科                 154.50        119.00     0.78%    298.00   312.00   288.00   288.00      303.00   309.50   291.00   305.50    +17.50    +6.08%
      39           324  2449      京元電子                 68.50         35.00     0.74%    246.00   260.00   243.50   259.00      257.00   265.00   253.00   261.50     +2.50    +0.97%
      40            93  3617      碩天                   32.50          0.00     0.71%    231.00   238.00   231.00   235.00      238.00   245.00   237.50   241.00     +6.00    +2.55%
==========================================================================================================================================================================
✅ 共 40 筆


══════════════════════════════════════════════════════════════════════════════════════════════════════════════
  🔄 第 15/21 次  2026/08/11 ～ 2026/09/11
══════════════════════════════════════════════════════════════════════════════════════════════════════════════

==========================================================================================================================================================================
📊 累計漲跌停強度排名 (2026/08/11 ~ 2026/09/11)
==========================================================================================================================================================================
    實資排名        累計天數排名  代號        名稱                 累計漲停(元)       累計跌停(元)       強度%  (08/11)開盤      最高      最低      收盤    (09/11)開盤      最高      最低      收盤      賺賠    賺賠率
--------------------------------------------------------------------------------------------------------------------------------------------------------------------------
       1            66  3008      大立光                4045.00       2160.00    25.02%   4355.00  4420.00  4230.00  4355.00     6520.00  6900.00  6420.00  6660.00  +2305.00   +52.93%
       2           119  3653      健策                 2950.00       1510.00    19.11%   4165.00  4170.00  3895.00  4065.00     5650.00  5875.00  5615.00  5765.00  +1700.00   +41.82%
       3           192  6669      緯穎                 2310.00        910.00    18.58%   6040.00  6050.00  5855.00  5930.00     2290.00  2335.00  2285.00  2310.00  -3620.00   -61.05%
       4           187  3443      創意                 2590.00       1540.00    13.94%   4630.00  4980.00  4615.00  4955.00     6200.00  6200.00  5970.00  6120.00  +1165.00   +23.51%
       5           182  2454      聯發科                1660.00        855.00    10.68%   3900.00  4050.00  3810.00  4020.00     4635.00  4655.00  4535.00  4585.00   +565.00   +14.05%
       6            64  2059      川湖                 4640.00       4000.00     8.49%  11700.00 12540.00 11615.00 12315.00    12300.00 12300.00 11950.00 12080.00   -235.00    -1.91%
       7           254  3017      奇鋐                 1395.00        830.00     7.50%   2705.00  2800.00  2625.00  2760.00     3360.00  3390.00  3300.00  3370.00   +610.00   +22.10%
       8           272  3406      玉晶光                 699.00        219.00     6.37%    546.00   547.00   533.00   538.00     1020.00  1140.00  1000.00  1060.00   +522.00   +97.03%
       9           119  6949      沛爾生醫-創              407.00         25.00     5.07%    955.00  1025.00   949.00  1020.00       55.90    60.10    53.00    53.00   -967.00   -94.80%
      10           256  6805      富世達                1045.00        830.00     2.85%   1725.00  1840.00  1725.00  1790.00     2135.00  2230.00  2110.00  2150.00   +360.00   +20.11%
      11           384  2360      致茂                  805.00        590.00     2.85%   2025.00  2130.00  1965.00  2080.00     2175.00  2235.00  2120.00  2160.00    +80.00    +3.85%
      12           224  8996      高力                  745.00        555.00     2.52%   1060.00  1080.00  1045.00  1065.00     1270.00  1365.00  1230.00  1330.00   +265.00   +24.88%
      13           193  7610      聯友金屬-創              955.00        790.00     2.19%   1890.00  1940.00  1800.00  1870.00     2000.00  2035.00  1950.00  1975.00   +105.00    +5.61%
      14           400  3532      台勝科                 213.50         62.50     2.00%    282.50   290.50   265.50   284.00      409.50   423.50   406.50   423.00   +139.00   +48.94%
      15           306  3026      禾伸堂                 478.00        337.00     1.87%    617.00   646.00   594.00   646.00      782.00   803.00   737.00   744.00    +98.00   +15.17%
      16           258  7711      永擎                  361.50        221.50     1.86%    445.50   445.50   404.00   407.00      531.00   531.00   531.00   531.00   +124.00   +30.47%
      17           306  6933      AMAX-KY             171.00         45.00     1.67%    186.00   194.50   182.00   188.00      333.00   333.00   315.00   320.00   +132.00   +70.21%
      18           378  2357      華碩                  359.00        247.00     1.49%    818.00   839.00   812.00   839.00      930.00   930.00   912.00   924.00    +85.00   +10.13%
      19           336  2368      金像電                 508.00        412.00     1.27%    917.00   984.00   915.00   964.00     1010.00  1040.00  1000.00  1030.00    +66.00    +6.85%
      20           229  3044      健鼎                  136.50         41.00     1.27%    441.50   441.50   430.00   441.50      494.00   514.00   490.00   508.00    +66.50   +15.06%
      21           303  6830      汎銓                  223.50        133.50     1.19%    417.50   424.50   403.00   408.50      579.00   586.00   541.00   551.00   +142.50   +34.88%
      22           295  1560      中砂                  242.00        155.00     1.15%    680.00   691.00   668.00   687.00      747.00   794.00   744.00   790.00   +103.00   +14.99%
      23           321  3167      大量                  460.00        374.00     1.14%    650.00   665.00   635.00   635.00      828.00   859.00   806.00   828.00   +193.00   +30.39%
      24           166  2351      順德                   84.50          0.00     1.12%    166.00   170.50   165.00   169.50      226.50   237.50   226.50   234.00    +64.50   +38.05%
      25           420  7788      松川精密                167.00         89.00     1.04%    247.50   251.50   235.00   238.50      302.00   304.50   286.50   286.50    +48.00   +20.13%
      26           318  2455      全新                  195.50        124.50     0.94%    365.00   373.50   358.50   367.50      514.00   527.00   499.50   515.00   +147.50   +40.14%
      27           243  6442      光聖                  535.00        465.00     0.93%   1380.00  1470.00  1365.00  1450.00     1740.00  1750.00  1670.00  1670.00   +220.00   +15.17%
      28           218  7769      鴻勁                 2200.00       2135.00     0.86%   6160.00  6375.00  6160.00  6350.00     6350.00  6440.00  6210.00  6310.00    -40.00    -0.63%
      29           467  2492      華新科                 181.50        119.00     0.83%    271.00   300.50   270.00   300.50      320.50   340.00   310.00   311.50    +11.00    +3.66%
      30           455  7795      長廣                  289.00        229.00     0.80%    467.00   477.00   440.00   460.00      518.00   520.00   502.00   507.00    +47.00   +10.22%
      31           237  6426      統新                   85.00         33.00     0.69%    212.00   219.00   208.00   218.00      317.50   326.50   295.50   302.00    +84.00   +38.53%
      32           326  5434      崇越                   98.00         50.00     0.64%    514.00   533.00   509.00   522.00      520.00   533.00   518.00   527.00     +5.00    +0.96%
      33           237  3055      蔚華科                  56.50         11.00     0.60%    120.00   121.00   103.00   106.50      158.50   162.00   148.00   154.50    +48.00   +45.07%
      34           332  2301      光寶科                  88.00         42.50     0.60%    274.00   277.50   258.50   268.50      283.00   283.00   272.00   277.00     +8.50    +3.17%
      35           104  3090      日電貿                  43.50          0.00     0.58%    158.00   177.00   158.00   174.50      165.00   170.50   163.00   163.00    -11.50    -6.59%
      36           313  6196      帆宣                  104.00         61.00     0.57%    502.00   513.00   498.00   510.00      520.00   529.00   506.00   511.00     +1.00    +0.20%
      37           146  4977      眾達-KY                42.00          0.00     0.56%    147.00   153.00   143.00   146.50      173.50   176.50   171.50   175.00    +28.50   +19.45%
      38           372  8039      台虹                  165.50        124.50     0.54%    226.00   229.00   215.00   216.00      272.00   280.00   270.50   272.00    +56.00   +25.93%
      39           444  1519      華城                  168.00        129.00     0.52%    668.00   710.00   666.00   703.00      708.00   713.00   704.00   712.00     +9.00    +1.28%
      40           129  2207      和泰車                  48.00         10.00     0.50%    514.00   519.00   508.00   511.00      521.00   531.00   521.00   530.00    +19.00    +3.72%
==========================================================================================================================================================================
✅ 共 40 筆


══════════════════════════════════════════════════════════════════════════════════════════════════════════════
  🔄 第 16/21 次  2026/08/10 ～ 2026/09/10
══════════════════════════════════════════════════════════════════════════════════════════════════════════════

==========================================================================================================================================================================
📊 累計漲跌停強度排名 (2026/08/10 ~ 2026/09/10)
==========================================================================================================================================================================
    實資排名        累計天數排名  代號        名稱                 累計漲停(元)       累計跌停(元)       強度%  (08/10)開盤      最高      最低      收盤    (09/10)開盤      最高      最低      收盤      賺賠    賺賠率
--------------------------------------------------------------------------------------------------------------------------------------------------------------------------
       1           108  3008      大立光                4060.00       2100.00    14.32%   4480.00  4565.00  4345.00  4400.00     6770.00  6875.00  6680.00  6720.00  +2320.00   +52.73%
       2            64  2059      川湖                 5435.00       3480.00    14.28%  12220.00 12220.00 11590.00 11905.00    12680.00 12695.00 12315.00 12600.00   +695.00    +5.84%
       3           168  6669      緯穎                 2310.00        965.00     9.83%   6215.00  6225.00  5990.00  6010.00     2295.00  2380.00  2270.00  2345.00  -3665.00   -60.98%
       4            89  3653      健策                 2950.00       1730.00     8.91%   4470.00  4470.00  4050.00  4135.00     5735.00  5885.00  5705.00  5790.00  +1655.00   +40.02%
       5           193  3443      創意                 2590.00       1450.00     8.33%   4640.00  4815.00  4510.00  4530.00     5895.00  6275.00  5850.00  6225.00  +1695.00   +37.42%
       6           186  2454      聯發科                1720.00        720.00     7.31%   3920.00  3995.00  3915.00  3960.00     4560.00  4730.00  4520.00  4720.00   +760.00   +19.19%
       7           255  3017      奇鋐                 1395.00        760.00     4.64%   2865.00  2890.00  2755.00  2765.00     3405.00  3470.00  3380.00  3460.00   +695.00   +25.14%
       8           207  3406      玉晶光                 699.00        209.00     3.58%    546.00   552.00   525.00   546.00     1120.00  1125.00  1040.00  1070.00   +524.00   +95.97%
       9           119  6949      沛爾生醫-創              407.00         25.00     2.79%    943.00   952.00   914.00   948.00       56.80    60.30    55.40    58.80   -889.20   -93.80%
      10           240  6805      富世達                1130.00        790.00     2.48%   1720.00  1825.00  1680.00  1755.00     2260.00  2310.00  2155.00  2190.00   +435.00   +24.79%
      11           185  7610      聯友金屬-創             1055.00        730.00     2.37%   2035.00  2035.00  1860.00  1950.00     2110.00  2115.00  1940.00  2035.00    +85.00    +4.36%
      12           112  6515      穎崴                 2285.00       1975.00     2.27%   6980.00  7200.00  6685.00  6830.00     7285.00  7310.00  6985.00  7195.00   +365.00    +5.34%
      13           240  6442      光聖                  635.00        335.00     2.19%   1380.00  1455.00  1375.00  1425.00     1720.00  1825.00  1705.00  1800.00   +375.00   +26.32%
      14           303  3026      禾伸堂                 531.00        278.00     1.85%    555.00   588.00   551.00   588.00      763.00   826.00   730.00   803.00   +215.00   +36.56%
      15           207  3661      世芯-KY              1350.00       1110.00     1.75%   3850.00  3955.00  3665.00  3800.00     3880.00  4075.00  3815.00  4055.00   +255.00    +6.71%
      16           343  2360      致茂                  805.00        570.00     1.72%   1980.00  2115.00  1980.00  2030.00     2335.00  2340.00  2145.00  2180.00   +150.00    +7.39%
      17           270  7711      永擎                  391.50        162.50     1.67%    384.50   405.00   376.00   405.00      598.00   615.00   583.00   590.00   +185.00   +45.68%
      18           218  7769      鴻勁                 2200.00       2010.00     1.39%   6320.00  6450.00  6225.00  6280.00     6720.00  6720.00  6415.00  6475.00   +195.00    +3.11%
      19           250  8996      高力                  745.00        555.00     1.39%   1065.00  1110.00  1060.00  1075.00     1320.00  1340.00  1280.00  1300.00   +225.00   +20.93%
      20           367  2357      華碩                  359.00        182.00     1.29%    820.00   822.00   808.00   818.00      982.00   989.00   972.00   989.00   +171.00   +20.90%
      21           306  6933      AMAX-KY             187.00         29.00     1.15%    180.50   180.50   180.50   180.50      348.00   354.00   331.50   336.00   +155.50   +86.15%
      22           309  6830      汎銓                  250.00         93.50     1.14%    407.00   437.50   405.50   424.50      581.00   599.00   575.00   591.00   +166.50   +39.22%
      23           455  7795      長廣                  317.50        202.00     0.84%    439.00   471.00   429.50   457.00      577.00   582.00   524.00   534.00    +77.00   +16.85%
      24           315  2455      全新                  216.00        107.50     0.79%    382.00   392.00   376.00   384.50      533.00   545.00   527.00   532.00   +147.50   +38.36%
      25           403  3532      台勝科                 200.50         92.00     0.79%    310.00   312.50   281.50   283.00      417.00   423.00   410.00   410.00   +127.00   +44.88%
      26           473  2492      華新科                 204.00         96.50     0.79%    255.00   273.50   255.00   273.50      316.50   344.00   303.00   334.00    +60.50   +22.12%
      27           381  7788      松川精密                167.00         67.50     0.73%    238.00   238.00   226.00   234.50      324.00   330.00   300.50   308.00    +73.50   +31.34%
      28           229  3044      健鼎                  136.50         41.00     0.70%    396.50   410.50   396.50   401.50      515.00   516.00   496.50   503.00   +101.50   +25.28%
      29           216  6446      藥華藥                 610.00        520.00     0.66%   1200.00  1360.00  1190.00  1330.00     1330.00  1335.00  1300.00  1320.00    -10.00    -0.75%
      30           166  2351      順德                   84.50          0.00     0.62%    173.50   174.50   163.50   168.50      239.00   248.00   232.50   235.50    +67.00   +39.76%
      31           261  6426      統新                   97.00         13.00     0.61%    209.50   225.00   207.00   217.50      311.00   328.00   303.00   322.00   +104.50   +48.05%
      32           313  2301      光寶科                 112.50         28.50     0.61%    256.50   271.50   255.00   271.50      295.00   298.00   285.00   291.00    +19.50    +7.18%
      33           339  6196      帆宣                  117.50         37.00     0.59%    495.00   511.00   495.00   507.00      537.00   538.00   519.00   535.00    +28.00    +5.52%
      34           343  6789      采鈺                  110.00         40.00     0.51%    427.00   444.50   425.50   441.50      471.00   477.00   467.00   469.50    +28.00    +6.34%
      35           371  3711      日月光投控               165.00         95.00     0.51%    602.00   641.00   601.00   630.00      641.00   653.00   635.00   650.00    +20.00    +3.17%
      36           286  3167      大量                  460.00        390.00     0.51%    714.00   736.00   655.00   655.00      897.00   902.00   841.00   848.00   +193.00   +29.47%
      37           501  2467      志聖                  225.00        157.00     0.50%    521.00   550.00   521.00   550.00      581.00   582.00   571.00   575.00    +25.00    +4.55%
      38           336  2327      國巨*                 298.00        232.00     0.48%    558.00   578.00   557.00   573.00      558.00   582.00   543.00   572.00     -1.00    -0.17%
      39           317  2308      台達電                 535.00        470.00     0.47%   1695.00  1815.00  1690.00  1815.00     1775.00  1775.00  1675.00  1675.00   -140.00    -7.71%
      40           381  5434      崇越                  113.00         50.00     0.46%    500.00   527.00   500.00   514.00      530.00   531.00   523.00   527.00    +13.00    +2.53%
==========================================================================================================================================================================
✅ 共 40 筆


══════════════════════════════════════════════════════════════════════════════════════════════════════════════
  🔄 第 17/21 次  2026/08/07 ～ 2026/09/09
══════════════════════════════════════════════════════════════════════════════════════════════════════════════

==========================================================================================================================================================================
📊 累計漲跌停強度排名 (2026/08/07 ~ 2026/09/09)
==========================================================================================================================================================================
    實資排名        累計天數排名  代號        名稱                 累計漲停(元)       累計跌停(元)       強度%  (08/07)開盤      最高      最低      收盤    (09/09)開盤      最高      最低      收盤      賺賠    賺賠率
--------------------------------------------------------------------------------------------------------------------------------------------------------------------------
       1            63  2059      川湖                 6245.00       3480.00    21.05%  11110.00 11110.00 11110.00 11110.00    12440.00 12785.00 12285.00 12400.00  +1290.00   +11.61%
       2           106  3008      大立光                4060.00       2190.00    14.24%   4605.00  4625.00  4380.00  4385.00     6660.00  6930.00  6550.00  6870.00  +2485.00   +56.67%
       3           161  6669      緯穎                 2290.00       1130.00     8.83%   6155.00  6265.00  6025.00  6100.00     2355.00  2425.00  2320.00  2325.00  -3775.00   -61.89%
       4            90  3653      健策                 2920.00       1800.00     8.53%   4595.00  4600.00  4320.00  4380.00     5705.00  5845.00  5600.00  5760.00  +1380.00   +31.51%
       5           195  3443      創意                 2355.00       1450.00     6.89%   4505.00  4665.00  4415.00  4545.00     5955.00  6075.00  5875.00  5925.00  +1380.00   +30.36%
       6           218  2454      聯發科                1625.00        740.00     6.74%   3990.00  4010.00  3825.00  3900.00     4780.00  4780.00  4625.00  4625.00   +725.00   +18.59%
       7           192  3406      玉晶光                 699.00        169.00     4.03%    551.00   584.00   542.00   546.00     1030.00  1110.00   980.00  1110.00   +564.00  +103.30%
       8           345  2360      致茂                  860.00        415.00     3.39%   2070.00  2140.00  2015.00  2030.00     2270.00  2490.00  2265.00  2335.00   +305.00   +15.02%
       9           187  7610      聯友金屬-創             1155.00        730.00     3.24%   1750.00  1925.00  1750.00  1850.00     2065.00  2110.00  1985.00  2030.00   +180.00    +9.73%
      10           254  3017      奇鋐                 1315.00        915.00     3.05%   2935.00  2935.00  2750.00  2785.00     3285.00  3395.00  3265.00  3380.00   +595.00   +21.36%
      11           152  6515      穎崴                 2285.00       1905.00     2.89%   6930.00  7265.00  6695.00  6760.00     7850.00  8260.00  7215.00  7280.00   +520.00    +7.69%
      12           244  6805      富世達                1130.00        775.00     2.70%   1790.00  1825.00  1645.00  1670.00     2170.00  2325.00  2155.00  2295.00   +625.00   +37.43%
      13           139  6949      沛爾生醫-創              407.00         59.00     2.65%    998.00   999.00   921.00   943.00       59.80    60.40    54.40    54.90   -888.10   -94.18%
      14           223  7769      鴻勁                 2200.00       1920.00     2.13%   6635.00  6720.00  6305.00  6320.00     7100.00  7150.00  6655.00  6720.00   +400.00    +6.33%
      15           262  7711      永擎                  405.00        142.50     2.00%    397.50   397.50   370.50   375.00      594.00   617.00   575.00   610.00   +235.00   +62.67%
      16           350  2357      華碩                  349.00        182.00     1.27%    816.00   825.00   805.00   817.00      966.00   985.00   963.00   979.00   +162.00   +19.83%
      17           306  6933      AMAX-KY             187.00         29.00     1.20%    168.00   174.00   162.50   164.50      320.50   338.00   310.50   338.00   +173.50  +105.47%
      18           337  2308      台達電                 535.00        380.00     1.18%   1700.00  1715.00  1635.00  1650.00     1780.00  1855.00  1780.00  1795.00   +145.00    +8.79%
      19           310  3026      禾伸堂                 486.00        336.00     1.14%    595.00   595.00   534.00   535.00      775.00   793.00   747.00   758.00   +223.00   +41.68%
      20           246  8996      高力                  745.00        600.00     1.10%   1080.00  1135.00  1040.00  1045.00     1255.00  1345.00  1240.00  1345.00   +300.00   +28.71%
      21           209  3661      世芯-KY              1255.00       1110.00     1.10%   3665.00  3845.00  3605.00  3715.00     3985.00  3990.00  3850.00  3905.00   +190.00    +5.11%
      22           423  7795      長廣                  317.50        188.00     0.99%    463.00   463.00   420.00   428.50      550.00   560.00   536.00   548.00   +119.50   +27.89%
      23           361  7788      松川精密                184.00         55.00     0.98%    223.00   239.50   221.50   235.00      304.50   320.50   304.50   320.50    +85.50   +36.38%
      24           372  3532      台勝科                 200.50         78.00     0.93%    316.00   316.00   308.00   312.50      412.00   425.50   401.50   424.00   +111.50   +35.68%
      25           322  6830      汎銓                  235.00        120.50     0.87%    418.00   425.00   390.50   398.00      588.00   601.00   573.00   576.00   +178.00   +44.72%
      26           244  6442      光聖                  535.00        425.00     0.84%   1405.00  1440.00  1300.00  1325.00     1760.00  1860.00  1700.00  1700.00   +375.00   +28.30%
      27           281  2368      金像電                 508.00        398.00     0.84%    985.00  1015.00   941.00   982.00     1100.00  1145.00  1095.00  1100.00   +118.00   +12.02%
      28           315  2455      全新                  216.00        107.50     0.83%    378.00   388.00   358.50   364.00      536.00   552.00   523.00   533.00   +169.00   +46.43%
      29           327  3167      大量                  460.00        352.00     0.82%    725.00   725.00   665.00   691.00      939.00   952.00   880.00   900.00   +209.00   +30.25%
      30           274  6426      統新                  115.50         13.00     0.78%    191.50   205.50   189.50   205.50      305.50   324.50   288.00   321.00   +115.50   +56.20%
      31           229  3044      健鼎                  136.50         41.00     0.73%    401.50   403.00   392.50   394.00      482.00   514.00   482.00   509.00   +115.00   +29.19%
      32           458  2492      華新科                 189.50         96.50     0.71%    254.50   259.00   243.50   251.00      319.00   323.00   312.00   319.50    +68.50   +27.29%
      33           166  2351      順德                   84.50          0.00     0.64%    179.00   182.50   169.50   170.00      228.00   240.00   225.50   237.50    +67.50   +39.71%
      34           313  2301      光寶科                 112.50         28.50     0.64%    256.00   268.00   244.00   247.00      293.00   298.50   291.00   292.50    +45.50   +18.42%
      35           464  1519      華城                  186.00        112.00     0.56%    664.00   671.00   650.00   653.00      729.00   745.00   725.00   735.00    +82.00   +12.56%
      36           387  6196      帆宣                  117.50         51.50     0.50%    506.00   520.00   491.00   493.50      512.00   538.00   512.00   534.00    +40.50    +8.21%
      37           370  8039      台虹                  187.00        121.50     0.50%    230.50   237.50   230.50   237.50      294.50   299.00   282.00   289.50    +52.00   +21.89%
      38           210  6446      藥華藥                 610.00        545.00     0.49%   1285.00  1300.00  1240.00  1240.00     1395.00  1405.00  1340.00  1345.00   +105.00    +8.47%
      39           344  6213      聯茂                  185.00        122.50     0.48%    384.50   401.00   366.00   389.00      513.00   542.00   512.00   523.00   +134.00   +34.45%
      40           178  3090      日電貿                  54.00          0.00     0.41%    156.50   156.50   147.50   150.50      168.00   171.00   166.00   166.00    +15.50   +10.30%
==========================================================================================================================================================================
✅ 共 40 筆


══════════════════════════════════════════════════════════════════════════════════════════════════════════════
  🔄 第 18/21 次  2026/08/06 ～ 2026/09/08
══════════════════════════════════════════════════════════════════════════════════════════════════════════════

==========================================================================================================================================================================
📊 累計漲跌停強度排名 (2026/08/06 ~ 2026/09/08)
==========================================================================================================================================================================
    實資排名        累計天數排名  代號        名稱                 累計漲停(元)       累計跌停(元)       強度%  (08/06)開盤      最高      最低      收盤    (09/08)開盤      最高      最低      收盤      賺賠    賺賠率
--------------------------------------------------------------------------------------------------------------------------------------------------------------------------
       1            60  2059      川湖                 6875.00       3360.00    23.37%   9555.00 10100.00  9510.00 10100.00    14000.00 14200.00 12515.00 12520.00  +2420.00   +23.96%
       2           121  3008      大立光                3740.00       2190.00    10.31%   4525.00  4770.00  4515.00  4625.00     6430.00  6660.00  6350.00  6500.00  +1875.00   +40.54%
       3           157  6669      緯穎                 2380.00       1115.00     8.41%   6160.00  6275.00  6050.00  6265.00     2455.00  2485.00  2315.00  2340.00  -3925.00   -62.65%
       4           194  3443      創意                 2445.00       1415.00     6.85%   4395.00  4550.00  4250.00  4480.00     5940.00  6100.00  5730.00  5960.00  +1480.00   +33.04%
       5            93  3653      健策                 2820.00       1800.00     6.78%   4295.00  4595.00  4230.00  4450.00     5700.00  5720.00  5480.00  5550.00  +1100.00   +24.72%
       6           216  2454      聯發科                1625.00        735.00     5.92%   4100.00  4100.00  3905.00  3920.00     4800.00  4830.00  4685.00  4710.00   +790.00   +20.15%
       7           152  6515      穎崴                 2285.00       1595.00     4.59%   6800.00  6890.00  6230.00  6775.00     7290.00  7700.00  6945.00  7700.00   +925.00   +13.65%
       8           181  7610      聯友金屬-創             1310.00        695.00     4.09%   1565.00  1750.00  1565.00  1750.00     2000.00  2170.00  2000.00  2065.00   +315.00   +18.00%
       9           250  3017      奇鋐                 1430.00        915.00     3.42%   2730.00  2965.00  2730.00  2940.00     3455.00  3455.00  3245.00  3285.00   +345.00   +11.73%
      10           225  7769      鴻勁                 2200.00       1725.00     3.16%   6415.00  6550.00  6220.00  6475.00     6565.00  7160.00  6500.00  6970.00   +495.00    +7.64%
      11           344  2360      致茂                  880.00        415.00     3.09%   1865.00  1990.00  1845.00  1975.00     2235.00  2340.00  2185.00  2265.00   +290.00   +14.68%
      12           235  3406      玉晶光                 613.00        169.00     2.95%    530.00   552.00   529.00   547.00      987.00  1050.00   970.00  1010.00   +463.00   +84.64%
      13           244  6805      富世達                1150.00        775.00     2.49%   1650.00  1760.00  1635.00  1760.00     2235.00  2235.00  2145.00  2155.00   +395.00   +22.44%
      14           177  6949      沛爾生醫-創              426.00         59.00     2.44%    958.00   978.00   935.00   977.00       60.40    62.70    60.40    60.40   -916.60   -93.82%
      15           223  3661      世芯-KY              1305.00        985.00     2.13%   3620.00  3720.00  3580.00  3660.00     4090.00  4105.00  3985.00  4030.00   +370.00   +10.11%
      16           265  7711      永擎                  421.50        142.50     1.86%    361.50   361.50   361.50   361.50      650.00   650.00   594.00   594.00   +232.50   +64.32%
      17           331  3167      大量                  520.00        314.00     1.37%    645.00   709.00   645.00   705.00      871.00   971.00   871.00   938.00   +233.00   +33.05%
      18           350  2308      台達電                 565.00        370.00     1.30%   1650.00  1700.00  1625.00  1680.00     1860.00  1860.00  1795.00  1805.00   +125.00    +7.44%
      19           292  3026      禾伸堂                 521.00        336.00     1.23%    541.00   593.00   525.00   593.00      750.00   776.00   738.00   747.00   +154.00   +25.97%
      20           265  6442      光聖                  580.00        425.00     1.03%   1370.00  1420.00  1335.00  1415.00     1705.00  1775.00  1690.00  1695.00   +280.00   +19.79%
      21           284  6933      AMAX-KY             166.50         29.00     0.91%    167.00   170.00   161.50   169.00      322.50   325.00   315.00   317.50   +148.50   +87.87%
      22           322  2357      華碩                  338.00        202.00     0.90%    830.00   843.00   806.00   818.00      992.00   992.00   956.00   968.00   +150.00   +18.34%
      23           357  6830      汎銓                  255.50        120.50     0.90%    404.50   438.00   404.50   425.00      580.00   609.00   574.00   576.00   +151.00   +35.53%
      24           283  2368      金像電                 528.00        398.00     0.86%    925.00  1030.00   906.00   985.00     1100.00  1115.00  1070.00  1075.00    +90.00    +9.14%
      25           423  7795      長廣                  317.50        188.00     0.86%    420.00   438.50   414.00   421.00      554.00   587.00   541.00   555.00   +134.00   +31.83%
      26           248  8996      高力                  725.00        600.00     0.83%   1055.00  1135.00  1040.00  1135.00     1240.00  1285.00  1205.00  1225.00    +90.00    +7.93%
      27           284  6426      統新                  118.50         13.00     0.70%    172.50   187.00   169.00   187.00      316.50   325.50   297.50   307.00   +120.00   +64.17%
      28           345  7788      松川精密                155.00         55.00     0.66%    209.50   222.50   206.50   218.00      300.00   304.50   285.00   291.50    +73.50   +33.72%
      29           355  3532      台勝科                 174.50         78.00     0.64%    301.00   316.50   300.00   316.00      415.00   438.50   397.00   398.00    +82.00   +25.95%
      30           458  2492      華新科                 189.50         96.50     0.62%    256.00   259.50   236.50   256.50      313.00   320.00   309.50   318.50    +62.00   +24.17%
      31           313  2301      光寶科                 112.50         28.50     0.56%    253.50   262.00   249.00   252.50      300.00   301.50   289.00   291.00    +38.50   +15.25%
      32           338  6213      聯茂                  206.00        122.50     0.56%    341.00   375.00   336.50   375.00      521.00   539.00   500.00   510.00   +135.00   +36.00%
      33           209  6446      藥華藥                 610.00        530.00     0.53%   1390.00  1390.00  1250.00  1290.00     1345.00  1450.00  1345.00  1405.00   +115.00    +8.91%
      34           527  2467      志聖                  225.00        147.00     0.52%    512.00   522.00   491.50   519.00      622.00   637.00   605.00   610.00    +91.00   +17.53%
      35           301  2455      全新                  198.00        123.50     0.50%    384.00   402.00   365.50   372.00      528.00   535.00   506.00   515.00   +143.00   +38.44%
      36           128  2351      順德                   74.50          0.00     0.50%    169.00   175.00   163.00   171.50      233.50   235.00   218.00   227.50    +56.00   +32.65%
      37           464  1519      華城                  186.00        112.00     0.49%    666.00   675.00   656.00   662.00      748.00   748.00   728.00   728.00    +66.00    +9.97%
      38           210  3044      健鼎                  111.50         41.00     0.47%    395.00   405.00   383.50   397.50      498.50   499.00   483.50   484.00    +86.50   +21.76%
      39           178  3006      晶豪科                 105.00         39.00     0.44%    240.00   258.00   239.00   258.00      298.50   306.00   291.50   298.50    +40.50   +15.70%
      40           370  8039      台虹                  187.00        121.50     0.44%    222.50   229.50   214.00   216.00      327.50   327.50   294.50   294.50    +78.50   +36.34%
==========================================================================================================================================================================
✅ 共 40 筆


══════════════════════════════════════════════════════════════════════════════════════════════════════════════
  🔄 第 19/21 次  2026/08/05 ～ 2026/09/07
══════════════════════════════════════════════════════════════════════════════════════════════════════════════

==========================================================================================================================================================================
📊 累計漲跌停強度排名 (2026/08/05 ~ 2026/09/07)
==========================================================================================================================================================================
    實資排名        累計天數排名  代號        名稱                 累計漲停(元)       累計跌停(元)       強度%  (08/05)開盤      最高      最低      收盤    (09/07)開盤      最高      最低      收盤      賺賠    賺賠率
--------------------------------------------------------------------------------------------------------------------------------------------------------------------------
       1            63  2059      川湖                 6875.00       2000.00    22.77%   9500.00  9575.00  9275.00  9470.00    14015.00 14145.00 13700.00 13905.00  +4435.00   +46.83%
       2           123  3008      大立光                3960.00       2030.00     9.02%   4410.00  4730.00  4340.00  4575.00     7185.00  7185.00  6660.00  6660.00  +2085.00   +45.57%
       3           156  6669      緯穎                 2380.00        995.00     6.47%   6265.00  6400.00  6130.00  6175.00     2525.00  2545.00  2390.00  2490.00  -3685.00   -59.68%
       4            90  3653      健策                 3015.00       1695.00     6.17%   4200.00  4430.00  4180.00  4340.00     6000.00  6000.00  5600.00  5655.00  +1315.00   +30.30%
       5           190  3443      創意                 2665.00       1415.00     5.84%   4355.00  4515.00  4285.00  4390.00     6000.00  6030.00  5705.00  5935.00  +1545.00   +35.19%
       6           210  2454      聯發科                1760.00        685.00     5.02%   4095.00  4125.00  3980.00  4000.00     4500.00  4855.00  4485.00  4760.00   +760.00   +19.00%
       7           253  3017      奇鋐                 1560.00        780.00     3.64%   2660.00  2775.00  2640.00  2730.00     3595.00  3595.00  3410.00  3420.00   +690.00   +25.27%
       8           184  7610      聯友金屬-創             1390.00        695.00     3.25%   1595.00  1595.00  1580.00  1595.00     2000.00  2000.00  2000.00  2000.00   +405.00   +25.39%
       9           175  3661      世芯-KY              1525.00        975.00     2.57%   3550.00  3700.00  3490.00  3610.00     4175.00  4180.00  4000.00  4040.00   +430.00   +11.91%
      10           327  6805      富世達                1160.00        665.00     2.31%   1720.00  1725.00  1570.00  1600.00     2260.00  2265.00  2210.00  2265.00   +665.00   +41.56%
      11           265  3406      玉晶光                 621.00        169.00     2.11%    512.00   538.00   508.00   533.00     1040.00  1040.00   961.00   987.00   +454.00   +85.18%
      12           192  6949      沛爾生醫-創              510.00         59.00     2.11%    876.00   961.00   876.00   958.00       81.90    81.90    67.10    67.10   -890.90   -93.00%
      13           224  7769      鴻勁                 2135.00       1725.00     1.92%   6400.00  6600.00  6325.00  6530.00     6155.00  6575.00  6150.00  6565.00    +35.00    +0.54%
      14           340  2360      致茂                  845.00        455.00     1.82%   2000.00  2015.00  1860.00  1885.00     2140.00  2230.00  2100.00  2230.00   +345.00   +18.30%
      15           295  7711      永擎                  451.00         76.50     1.75%    329.00   329.00   329.00   329.00      645.00   675.00   621.00   660.00   +331.00  +100.61%
      16           153  6515      穎崴                 1895.00       1595.00     1.40%   7015.00  7220.00  6825.00  6885.00     7275.00  7350.00  7000.00  7000.00   +115.00    +1.67%
      17           375  2308      台達電                 595.00        325.00     1.26%   1705.00  1720.00  1645.00  1650.00     1845.00  1885.00  1825.00  1850.00   +200.00   +12.12%
      18           290  3026      禾伸堂                 570.00        312.00     1.21%    525.00   547.00   520.00   547.00      770.00   771.00   761.00   771.00   +224.00   +40.95%
      19           296  2368      金像電                 571.00        353.00     1.02%    950.00   969.00   919.00   940.00     1090.00  1145.00  1060.00  1120.00   +180.00   +19.15%
      20           344  3167      大量                  523.00        314.00     0.98%    645.00   645.00   645.00   645.00      883.00   883.00   878.00   883.00   +238.00   +36.90%
      21           339  2357      華碩                  370.00        171.00     0.93%    813.00   859.00   813.00   838.00     1025.00  1025.00   981.00   999.00   +161.00   +19.21%
      22           214  8996      高力                  725.00        585.00     0.65%   1050.00  1085.00  1030.00  1035.00     1390.00  1410.00  1205.00  1240.00   +205.00   +19.81%
      23           284  6933      AMAX-KY             166.50         29.00     0.64%    170.00   171.50   165.00   165.50      319.00   319.00   307.50   313.00   +147.50   +89.12%
      24           357  6830      汎銓                  255.50        120.50     0.63%    430.50   438.50   403.50   404.50      609.00   613.00   580.00   582.00   +177.50   +43.88%
      25           448  3450      聯鈞                  364.00        230.00     0.63%    475.00   475.00   475.00   475.00      596.00   596.00   569.00   585.00   +110.00   +23.16%
      26           270  6442      光聖                  580.00        450.00     0.61%   1450.00  1495.00  1365.00  1370.00     1770.00  1790.00  1700.00  1700.00   +330.00   +24.09%
      27           320  7788      松川精密                155.00         30.00     0.58%    208.00   215.00   205.50   210.00      335.00   335.00   310.00   316.50   +106.50   +50.71%
      28           399  3532      台勝科                 199.50         78.00     0.57%    310.00   319.00   300.00   316.50      401.00   418.50   393.50   403.00    +86.50   +27.33%
      29           217  6446      藥華藥                 650.00        530.00     0.56%   1245.00  1335.00  1240.00  1335.00     1315.00  1350.00  1285.00  1325.00    -10.00    -0.75%
      30           402  8039      台虹                  207.00         89.00     0.55%    214.50   220.00   214.50   220.00      324.00   327.00   306.00   327.00   +107.00   +48.64%
      31           377  6213      聯茂                  237.00        122.50     0.53%    324.00   341.00   320.50   341.00      535.00   535.00   505.00   513.00   +172.00   +50.44%
      32           418  2395      研華                  243.00        131.00     0.52%    590.00   633.00   590.00   633.00      727.00   727.00   677.00   680.00    +47.00    +7.42%
      33           414  7795      長廣                  298.50        188.00     0.52%    449.50   453.50   422.00   426.00      519.00   549.00   510.00   536.00   +110.00   +25.82%
      34           110  2383      台光電                1975.00       1875.00     0.47%   5425.00  5425.00  5165.00  5245.00     5550.00  5580.00  5280.00  5495.00   +250.00    +4.77%
      35           506  5269      祥碩                  295.00        200.00     0.44%   1390.00  1445.00  1375.00  1415.00     1450.00  1455.00  1420.00  1440.00    +25.00    +1.77%
      36           269  6426      統新                  107.50         13.00     0.44%    179.50   186.50   168.00   170.00      285.00   296.00   285.00   296.00   +126.00   +74.12%
      37           323  2455      全新                  218.00        123.50     0.44%    388.00   388.00   382.50   388.00      525.00   525.00   491.00   500.00   +112.00   +28.87%
      38           458  2492      華新科                 189.50         96.50     0.43%    274.00   283.50   254.00   259.50      310.00   328.00   309.50   323.00    +63.50   +24.47%
      39           591  2467      志聖                  239.00        147.00     0.43%    520.00   525.00   508.00   517.00      616.00   635.00   607.00   619.00   +102.00   +19.73%
      40           226  3006      晶豪科                 126.50         39.00     0.41%    237.50   239.00   234.00   239.00      288.00   304.00   288.00   297.00    +58.00   +24.27%
==========================================================================================================================================================================
✅ 共 40 筆


══════════════════════════════════════════════════════════════════════════════════════════════════════════════
  🔄 第 20/21 次  2026/08/04 ～ 2026/09/04
══════════════════════════════════════════════════════════════════════════════════════════════════════════════

==========================================================================================================================================================================
📊 累計漲跌停強度排名 (2026/08/04 ~ 2026/09/04)
==========================================================================================================================================================================
    實資排名        累計天數排名  代號        名稱                 累計漲停(元)       累計跌停(元)       強度%  (08/04)開盤      最高      最低      收盤    (09/04)開盤      最高      最低      收盤      賺賠    賺賠率
--------------------------------------------------------------------------------------------------------------------------------------------------------------------------
       1            50  2059      川湖                 7690.00       2000.00    22.40%   8720.00  9495.00  8720.00  9495.00    13890.00 14050.00 13150.00 13860.00  +4365.00   +45.97%
       2           124  3008      大立光                4355.00       1290.00    12.07%   4030.00  4355.00  4010.00  4355.00     7205.00  7450.00  6880.00  7400.00  +3045.00   +69.92%
       3            91  3653      健策                 3390.00       1475.00     7.54%   3710.00  4145.00  3710.00  4145.00     5835.00  5995.00  5725.00  5875.00  +1730.00   +41.74%
       4           154  6669      緯穎                 2660.00        920.00     6.85%   5935.00  6385.00  5800.00  6205.00     2505.00  2570.00  2485.00  2565.00  -3640.00   -58.66%
       5           189  3443      創意                 2540.00       1455.00     4.27%   4200.00  4335.00  4085.00  4145.00     5945.00  6000.00  5680.00  5810.00  +1665.00   +40.17%
       6           271  3017      奇鋐                 1610.00        630.00     3.86%   2595.00  2675.00  2560.00  2600.00     3465.00  3570.00  3410.00  3570.00   +970.00   +37.31%
       7           180  3661      世芯-KY              1665.00        795.00     3.43%   3265.00  3410.00  3200.00  3390.00     4155.00  4275.00  4110.00  4220.00   +830.00   +24.48%
       8           151  6515      穎崴                 2220.00       1520.00     2.76%   6305.00  6595.00  6090.00  6575.00     7275.00  7320.00  6955.00  7075.00   +500.00    +7.60%
       9           211  2454      聯發科                1415.00        730.00     2.70%   4095.00  4095.00  3800.00  3865.00     4435.00  4490.00  4340.00  4415.00   +550.00   +14.23%
      10           189  7610      聯友金屬-創             1340.00        695.00     2.54%   1450.00  1450.00  1450.00  1450.00     1820.00  1820.00  1820.00  1820.00   +370.00   +25.52%
      11           328  6805      富世達                1215.00        665.00     2.17%   1490.00  1615.00  1490.00  1590.00     2150.00  2200.00  2080.00  2200.00   +610.00   +38.36%
      12           320  3406      玉晶光                 635.00        101.00     2.10%    486.50   507.00   486.00   502.00     1020.00  1070.00   962.00  1055.00   +553.00  +110.16%
      13           224  6949      沛爾生醫-創              540.00         59.00     1.89%    841.00   884.00   821.00   874.00          --       --       --       --        --        --
      14           274  7711      永擎                  423.00         76.50     1.36%    291.50   300.00   290.50   299.50      597.00   632.00   575.00   632.00   +332.50  +111.02%
      15           270  6442      光聖                  705.00        395.00     1.22%   1315.00  1395.00  1310.00  1395.00     1860.00  1875.00  1655.00  1755.00   +360.00   +25.81%
      16           219  8996      高力                  815.00        525.00     1.14%   1000.00  1030.00   990.00  1030.00     1255.00  1300.00  1170.00  1300.00   +270.00   +26.21%
      17           376  2308      台達電                 610.00        325.00     1.12%   1530.00  1680.00  1520.00  1620.00     1810.00  1850.00  1790.00  1825.00   +205.00   +12.65%
      18           308  3026      禾伸堂                 538.50        312.00     0.89%    479.50   505.00   479.50   498.00      692.00   701.00   683.00   701.00   +203.00   +40.76%
      19           322  2357      華碩                  370.00        145.00     0.89%    781.00   816.00   781.00   806.00      988.00  1030.00   986.00  1025.00   +219.00   +27.17%
      20           357  3167      大量                  496.00        314.00     0.72%    587.00   587.00   587.00   587.00      752.00   803.00   719.00   803.00   +216.00   +36.80%
      21           111  2383      台光電                2055.00       1875.00     0.71%   4995.00  5210.00  4875.00  5140.00     5390.00  5515.00  5255.00  5415.00   +275.00    +5.35%
      22           378  6830      汎銓                  278.00        105.50     0.68%    390.00   415.00   384.00   403.00      610.00   625.00   574.00   597.00   +194.00   +48.14%
      23           323  2368      金像電                 521.00        353.00     0.66%    901.00   903.00   858.00   897.00     1140.00  1145.00  1030.00  1045.00   +148.00   +16.50%
      24           485  3450      聯鈞                  387.00        230.00     0.62%    418.00   444.50   411.00   432.00      574.00   585.00   554.00   580.00   +148.00   +34.26%
      25           206  6446      藥華藥                 685.00        530.00     0.61%   1205.00  1275.00  1200.00  1215.00     1360.00  1370.00  1310.00  1310.00    +95.00    +7.82%
      26           342  2360      致茂                  645.00        490.00     0.61%   1960.00  2025.00  1890.00  1925.00     2095.00  2150.00  1975.00  2030.00   +105.00    +5.45%
      27           369  7788      松川精密                166.00         11.50     0.61%    189.00   204.00   188.50   203.50      319.00   339.50   315.00   335.00   +131.50   +64.62%
      28           338  2455      全新                  250.00         95.50     0.61%    349.00   353.00   347.50   353.00      548.00   548.00   492.50   528.00   +175.00   +49.58%
      29           342  6933      AMAX-KY             181.50         29.00     0.60%    151.50   169.00   151.50   169.00      309.00   319.00   299.00   317.00   +148.00   +87.57%
      30           433  3532      台勝科                 226.00         78.00     0.58%    284.00   291.50   284.00   291.50      392.00   406.50   385.00   399.00   +107.50   +36.88%
      31           403  2395      研華                  243.00        100.00     0.56%    567.00   588.00   564.00   576.00      688.00   727.00   685.00   711.00   +135.00   +23.44%
      32           420  6213      聯茂                  258.00        122.50     0.53%    290.00   313.00   289.00   310.00      537.00   545.00   493.50   517.00   +207.00   +66.77%
      33           298  6781      AES-KY              416.00        285.00     0.52%    958.00  1030.00   956.00  1010.00     1085.00  1115.00  1075.00  1115.00   +105.00   +10.40%
      34           425  7795      長廣                  300.00        188.00     0.44%    400.00   424.00   389.00   418.00      508.00   520.00   492.50   505.00    +87.00   +20.81%
      35           352  2301      光寶科                 135.00         28.50     0.42%    233.50   252.00   233.00   252.00      308.00   316.00   302.00   308.00    +56.00   +22.22%
      36           507  5269      祥碩                  305.00        200.00     0.41%   1340.00  1395.00  1325.00  1360.00     1450.00  1465.00  1425.00  1430.00    +70.00    +5.15%
      37           326  6531      愛普*                 435.00        333.00     0.40%    740.00   806.00   740.00   806.00      942.00   949.00   901.00   911.00   +105.00   +13.03%
      38           460  8039      台虹                  187.00         89.00     0.39%    191.50   203.50   190.50   200.00      307.00   321.00   295.50   297.50    +97.50   +48.75%
      39           487  1519      華城                  196.00        101.00     0.37%    693.00   717.00   690.00   713.00      730.00   755.00   724.00   746.00    +33.00    +4.63%
      40           243  3006      晶豪科                 127.50         39.00     0.35%    207.50   217.50   207.50   217.50      285.00   289.00   263.50   278.50    +61.00   +28.05%
==========================================================================================================================================================================
✅ 共 40 筆


══════════════════════════════════════════════════════════════════════════════════════════════════════════════
  🔄 第 21/21 次  2026/08/03 ～ 2026/09/03
══════════════════════════════════════════════════════════════════════════════════════════════════════════════

==========================================================================================================================================================================
📊 累計漲跌停強度排名 (2026/08/03 ~ 2026/09/03)
==========================================================================================================================================================================
    實資排名        累計天數排名  代號        名稱                 累計漲停(元)       累計跌停(元)       強度%  (08/03)開盤      最高      最低      收盤    (09/03)開盤      最高      最低      收盤      賺賠    賺賠率
--------------------------------------------------------------------------------------------------------------------------------------------------------------------------
       1            50  2059      川湖                 8065.00       2000.00    21.57%   8380.00  8635.00  8165.00  8635.00    13935.00 14195.00 13255.00 13450.00  +4815.00   +55.76%
       2           122  3008      大立光                4105.00       1365.00     9.75%   3970.00  4030.00  3910.00  3960.00     7770.00  7825.00  7090.00  7150.00  +3190.00   +80.56%
       3           144  6669      緯穎                 3105.00        920.00     7.77%   5530.00  5925.00  5475.00  5925.00     2605.00  2630.00  2475.00  2475.00  -3450.00   -58.23%
       4            94  3653      健策                 3455.00       1475.00     7.04%   3695.00  3785.00  3655.00  3770.00     5770.00  5820.00  5590.00  5615.00  +1845.00   +48.94%
       5           118  3443      創意                 2910.00       1455.00     5.18%   4150.00  4185.00  4030.00  4185.00     5895.00  6045.00  5725.00  5800.00  +1615.00   +38.59%
       6           140  6515      穎崴                 2580.00       1520.00     3.77%   5900.00  6375.00  5760.00  6250.00     7320.00  7350.00  7000.00  7000.00   +750.00   +12.00%
       7           203  2454      聯發科                1695.00        730.00     3.43%   3910.00  3910.00  3780.00  3910.00     4400.00  4420.00  4290.00  4340.00   +430.00   +11.00%
       8           278  3017      奇鋐                 1570.00        630.00     3.34%   2400.00  2550.00  2400.00  2550.00     3395.00  3525.00  3290.00  3300.00   +750.00   +29.41%
       9           186  3661      世芯-KY              1685.00        795.00     3.17%   3070.00  3275.00  3050.00  3250.00     4210.00  4260.00  4010.00  4050.00   +800.00   +24.62%
      10           197  7610      聯友金屬-創             1295.00        695.00     2.13%   1320.00  1320.00  1320.00  1320.00     1540.00  1670.00  1540.00  1655.00   +335.00   +25.38%
      11           331  6805      富世達                1230.00        665.00     2.01%   1340.00  1485.00  1340.00  1470.00     2130.00  2170.00  2030.00  2095.00   +625.00   +42.52%
      12           254  6949      沛爾生醫-創              588.00         59.00     1.88%    800.00   856.00   799.00   844.00          --       --       --       --        --        --
      13           303  3406      玉晶光                 571.00        101.00     1.67%    471.00   494.50   466.00   488.00     1060.00  1070.00   990.00   991.00   +503.00  +103.07%
      14           279  6442      光聖                  820.00        380.00     1.57%   1175.00  1270.00  1175.00  1270.00     1840.00  1920.00  1770.00  1770.00   +500.00   +39.37%
      15           342  2368      金像電                 600.00        298.00     1.07%    850.00   872.00   841.00   872.00     1190.00  1190.00  1090.00  1100.00   +228.00   +26.15%
      16           221  6446      藥華藥                 790.00        490.00     1.07%   1100.00  1165.00  1090.00  1165.00     1315.00  1375.00  1315.00  1350.00   +185.00   +15.88%
      17           111  2383      台光電                2165.00       1875.00     1.03%   5135.00  5195.00  4930.00  4980.00     5500.00  5550.00  5290.00  5290.00   +310.00    +6.22%
      18           255  7711      永擎                  366.00         76.50     1.03%    292.00   300.00   289.50   293.50      617.00   617.00   575.00   575.00   +281.50   +95.91%
      19           229  8996      高力                  785.00        525.00     0.92%    889.00   940.00   888.00   940.00     1285.00  1310.00  1185.00  1185.00   +245.00   +26.06%
      20           414  6830      汎銓                  312.50        105.50     0.74%    353.00   380.50   348.50   380.50      615.00   641.00   582.00   590.00   +209.50   +55.06%
      21           383  2455      全新                  279.00         95.50     0.65%    301.50   321.00   300.00   321.00      541.00   555.00   520.00   525.00   +204.00   +63.55%
      22           386  3026      禾伸堂                 485.00        312.00     0.62%    430.00   480.00   430.00   459.50      691.00   699.00   632.00   638.00   +178.50   +38.85%
      23           348  6531      愛普*                 501.00        333.00     0.60%    659.00   733.00   659.00   733.00      967.00   995.00   907.00   912.00   +179.00   +24.42%
      24           489  3450      聯鈞                  398.00        230.00     0.60%    383.00   409.00   382.00   409.00      598.00   606.00   554.00   554.00   +145.00   +35.45%
      25           468  6213      聯茂                  284.00        122.50     0.57%    289.00   289.00   285.00   289.00      550.00   552.00   509.00   512.00   +223.00   +77.16%
      26           363  2308      台達電                 545.00        385.00     0.57%   1610.00  1645.00  1560.00  1580.00     1735.00  1810.00  1725.00  1760.00   +180.00   +11.39%
      27           310  2357      華碩                  316.00        156.00     0.57%    790.00   813.00   786.00   799.00     1020.00  1025.00   962.00   971.00   +172.00   +21.53%
      28           370  3167      大量                  471.00        314.00     0.56%    513.00   534.00   513.00   534.00      779.00   785.00   724.00   730.00   +196.00   +36.70%
      29           547  5269      祥碩                  330.00        190.00     0.50%   1315.00  1380.00  1295.00  1340.00     1470.00  1495.00  1430.00  1440.00   +100.00    +7.46%
      30           285  6933      AMAX-KY             166.50         29.00     0.49%    147.00   162.00   144.50   154.00      316.00   322.00   301.50   302.00   +148.00   +96.10%
      31           330  7788      松川精密                146.00         11.50     0.48%    187.50   200.00   185.00   192.50      330.00   332.00   297.50   315.00   +122.50   +63.64%
      32           408  7795      長廣                  319.00        188.00     0.47%    355.00   385.50   347.00   385.50      531.00   534.00   489.00   489.00   +103.50   +26.85%
      33           389  3532      台勝科                 208.00         78.00     0.46%    254.00   276.00   254.00   265.00      391.00   402.00   376.00   381.00   +116.00   +43.77%
      34           404  2301      光寶科                 155.50         28.50     0.45%    229.50   229.50   229.50   229.50      321.50   325.50   296.50   299.00    +69.50   +30.28%
      35           423  8046      南電                  595.00        470.00     0.44%    945.00   998.00   940.00   953.00     1225.00  1225.00  1080.00  1080.00   +127.00   +13.33%
      36           307  6781      AES-KY              409.00        285.00     0.44%    912.00   983.00   905.00   964.00     1120.00  1130.00  1055.00  1060.00    +96.00    +9.96%
      37           451  2395      研華                  219.00        100.00     0.42%    555.00   583.00   540.00   576.00      706.00   715.00   673.00   674.00    +98.00   +17.01%
      38           524  8039      台虹                  204.00         89.00     0.41%    170.50   190.50   168.50   190.50      316.00   318.50   291.00   293.00   +102.50   +53.81%
      39           301  3006      晶豪科                 145.50         39.00     0.38%    188.50   198.00   188.50   198.00      300.50   309.50   275.00   277.00    +79.00   +39.90%
      40           521  6526      達發                  214.00        115.00     0.35%    523.00   557.00   523.00   552.00      652.00   655.00   630.00   630.00    +78.00   +14.13%
==========================================================================================================================================================================
✅ 共 40 筆
