
██████████████████████████████████████████████████████████████████████████████████████████████████████████████
  📅 天數組合: 20 日  →  輸出檔: q12_20.txt
██████████████████████████████████████████████████████████████████████████████████████████████████████████████

🔁 共執行 20 次，每次區間長度 20 個交易日

══════════════════════════════════════════════════════════════════════════════════════════════════════════════
  🔄 第  1/20 次  2026/09/04 ～ 2026/10/06
══════════════════════════════════════════════════════════════════════════════════════════════════════════════

==========================================================================================================================================================================
📊 累計漲跌停強度排名 (2026/09/04 ~ 2026/10/06)
==========================================================================================================================================================================
    實資排名        累計天數排名  代號        名稱                 累計漲停(元)       累計跌停(元)       強度%  (09/04)開盤      最高      最低      收盤    (10/06)開盤      最高      最低      收盤      賺賠    賺賠率
--------------------------------------------------------------------------------------------------------------------------------------------------------------------------
       1            27  7856      漢測                 2615.00        675.00    21.12%        --       --       --       --     4275.00  4275.00  4130.00  4190.00        --        --
       2            31  5274      信驊                 6290.00       5160.00    12.30%  18490.00 18490.00 17410.00 17470.00    19520.00 19895.00 18855.00 18985.00  +1515.00    +8.67%
       3           122  3529      力旺                 1415.00        630.00     8.55%   2420.00  2515.00  2355.00  2385.00     3160.00  3175.00  3050.00  3115.00   +730.00   +30.61%
       4            49  6223      旺矽                 2125.00       1505.00     6.75%   5175.00  5280.00  5090.00  5155.00     5530.00  5725.00  5425.00  5670.00   +515.00    +9.99%
       5           186  6274      台燿                  625.00        225.00     4.35%   1390.00  1425.00  1295.00  1365.00     1775.00  1775.00  1680.00  1755.00   +390.00   +28.57%
       6           149  3491      昇達科                 685.00        375.00     3.37%   1465.00  1520.00  1425.00  1505.00     1710.00  1755.00  1645.00  1715.00   +210.00   +13.95%
       7           202  6488      環球晶                 433.00        148.00     3.10%    953.00   983.00   940.00   981.00     1175.00  1260.00  1145.00  1205.00   +224.00   +22.83%
       8           227  6187      萬潤                  495.00        270.00     2.45%   1345.00  1360.00  1280.00  1305.00     1500.00  1590.00  1445.00  1535.00   +230.00   +17.62%
       9           209  7717      萊德光電-KY             345.00        147.50     2.15%    416.00   449.50   416.00   449.50      606.00   651.00   593.00   593.00   +143.50   +31.92%
      10           108  3324      雙鴻                  735.00        545.00     2.07%   1465.00  1485.00  1410.00  1485.00     1540.00  1560.00  1515.00  1530.00    +45.00    +3.03%
      11           138  8227      巨有科技                200.00         14.00     2.02%    159.00   160.00   155.00   158.50      366.00   377.00   350.00   370.00   +211.50  +133.44%
      12           201  5536      聖暉*                 264.00        100.00     1.79%    832.00   855.00   822.00   853.00      955.00   994.00   950.00   994.00   +141.00   +16.53%
      13           138  3131      弘塑                  730.00        570.00     1.74%   2435.00  2460.00  2345.00  2385.00     2550.00  2580.00  2510.00  2530.00   +145.00    +6.08%
      14           181  3105      穩懋                  216.50         56.50     1.74%    465.00   465.00   438.50   449.50      615.00   623.00   588.00   592.00   +142.50   +31.70%
      15           185  7751      竑騰                  555.00        435.00     1.31%   1510.00  1610.00  1465.00  1610.00     1620.00  1625.00  1560.00  1590.00    -20.00    -1.24%
      16           103  6683      雍智科技                630.00        510.00     1.31%   1420.00  1460.00  1335.00  1360.00     1575.00  1580.00  1495.00  1505.00   +145.00   +10.66%
      17           297  6643      M31                 209.50         94.50     1.25%    410.50   413.50   405.50   407.50      509.00   518.00   507.00   508.00   +100.50   +24.66%
      18           142  7792      安葆                  144.00         36.00     1.18%    309.50   311.00   296.50   308.00      450.00   461.50   438.50   451.50   +143.50   +46.59%
      19           143  3441      聯一光                 118.00         12.00     1.15%    134.00   143.00   129.50   143.00      238.00   255.00   238.00   255.00   +112.00   +78.32%
      20           264  8299      群聯                  440.00        355.00     0.93%   2025.00  2050.00  1970.00  2015.00     2110.00  2120.00  2085.00  2090.00    +75.00    +3.72%
      21           125  7828      創新服務                785.00        700.00     0.93%   1810.00  1930.00  1775.00  1930.00     1840.00  1865.00  1830.00  1840.00    -90.00    -4.66%
      22           184  6173      信昌電                 117.00         35.50     0.89%    260.00   265.00   254.50   260.50      292.50   298.50   284.00   284.00    +23.50    +9.02%
      23           237  8358      金居                  216.00        135.50     0.88%    481.00   500.00   469.50   500.00      577.00   578.00   548.00   551.00    +51.00   +10.20%
      24           228  3693      營邦                  206.00        128.00     0.85%    669.00   678.00   644.00   663.00      697.00   729.00   681.00   716.00    +53.00    +7.99%
      25           232  4749      新應材                 148.00         71.00     0.84%    782.00   813.00   776.00   776.00      810.00   810.00   793.00   801.00    +25.00    +3.22%
      26           151  4768      晶呈科技                108.50         33.50     0.82%    300.50   308.00   291.00   306.00      366.50   382.50   361.00   370.00    +64.00   +20.92%
      27           190  3675      德微                  121.00         46.00     0.82%    281.00   283.50   268.00   282.00      349.00   354.00   334.00   335.50    +53.50   +18.97%
      28            62  4760      勤凱                   86.00         13.50     0.79%    261.50   270.00   258.00   264.00      335.00   356.00   320.00   335.00    +71.00   +26.89%
      29           194  3498      陽程                   94.50         26.50     0.74%    197.50   201.00   185.50   194.00      248.50   257.00   230.50   234.50    +40.50   +20.88%
      30           269  3374      精材                  196.50        128.50     0.74%    420.00   430.00   403.00   430.00      517.00   530.00   481.00   487.50    +57.50   +13.37%
      31           136  5432      新門                   65.00          0.00     0.71%    154.00   157.50   153.00   155.00      192.00   195.50   185.50   195.50    +40.50   +26.13%
      32           144  2221      大甲                   82.00         18.50     0.69%     95.70    98.50    90.30    90.80      186.50   188.00   180.00   186.00    +95.20  +104.85%
      33           113  3147      大綜                   61.50          0.00     0.67%    216.00   224.00   216.00   223.50      282.00   300.00   278.00   292.00    +68.50   +30.65%
      34            70  6667      信紘科                  60.50          0.00     0.66%    231.00   239.50   230.50   239.50      263.00   264.00   259.50   260.50    +21.00    +8.77%
      35           119  3455      由田                   58.50          0.00     0.64%    248.00   249.00   231.50   236.50      284.00   284.00   276.00   277.50    +41.00   +17.34%
      36           152  3293      鈊象                  105.00         48.00     0.62%    710.00   710.00   703.00   709.00      794.00   794.00   772.00   780.00    +71.00   +10.01%
      37           180  6290      良維                   72.50         17.00     0.60%    248.50   270.00   247.50   270.00      284.00   290.50   277.00   290.00    +20.00    +7.41%
      38            88  7556      意德士                  52.00          0.00     0.57%    245.50   248.50   245.00   248.50      309.00   314.00   288.00   295.50    +47.00   +18.91%
      39            98  7734      印能科技                875.00        825.00     0.54%   2810.00  2900.00  2770.00  2890.00     2790.00  2830.00  2755.00  2755.00   -135.00    -4.67%
      40           124  6147      頎邦                   58.00          9.50     0.53%    198.00   202.50   181.00   182.50      218.50   220.00   211.00   216.50    +34.00   +18.63%
==========================================================================================================================================================================
✅ 共 40 筆


══════════════════════════════════════════════════════════════════════════════════════════════════════════════
  🔄 第  2/20 次  2026/09/03 ～ 2026/10/05
══════════════════════════════════════════════════════════════════════════════════════════════════════════════

==========================================================================================================================================================================
📊 累計漲跌停強度排名 (2026/09/03 ~ 2026/10/05)
==========================================================================================================================================================================
    實資排名        累計天數排名  代號        名稱                 累計漲停(元)       累計跌停(元)       強度%  (09/03)開盤      最高      最低      收盤    (10/05)開盤      最高      最低      收盤      賺賠    賺賠率
--------------------------------------------------------------------------------------------------------------------------------------------------------------------------
       1            25  7856      漢測                 2615.00        585.00    25.89%        --       --       --       --     4335.00  4390.00  4210.00  4280.00        --        --
       2            31  5274      信驊                 6415.00       4625.00    22.83%  17735.00 18790.00 17360.00 17850.00    19100.00 19770.00 19100.00 19520.00  +1670.00    +9.36%
       3           126  3529      力旺                 1415.00        655.00     9.69%   2410.00  2485.00  2330.00  2330.00     3220.00  3250.00  3145.00  3155.00   +825.00   +35.41%
       4           185  6274      台燿                  625.00        265.00     4.59%   1420.00  1430.00  1340.00  1345.00     1695.00  1780.00  1680.00  1780.00   +435.00   +32.34%
       5            50  6223      旺矽                 1975.00       1750.00     2.87%   5370.00  5370.00  5000.00  5045.00     5400.00  5520.00  5300.00  5520.00   +475.00    +9.42%
       6           214  6488      環球晶                 408.00        188.00     2.81%    970.00   974.00   920.00   927.00     1220.00  1235.00  1175.00  1180.00   +253.00   +27.29%
       7           138  8227      巨有科技                200.00         14.00     2.37%    160.50   163.00   156.00   156.50      372.00   372.00   361.50   366.00   +209.50  +133.87%
       8           165  3491      昇達科                 600.00        415.00     2.36%   1445.00  1485.00  1375.00  1405.00     1530.00  1630.00  1515.00  1630.00   +225.00   +16.01%
       9           251  7717      萊德光電-KY             345.00        161.50     2.34%    425.00   429.50   409.00   409.00      570.00   611.00   566.00   592.00   +183.00   +44.74%
      10           195  3105      穩懋                  216.50         56.50     2.04%    478.00   490.00   440.00   446.50      614.00   630.00   604.00   615.00   +168.50   +37.74%
      11           242  6187      萬潤                  450.00        310.00     1.79%   1365.00  1410.00  1300.00  1300.00     1400.00  1490.00  1390.00  1490.00   +190.00   +14.62%
      12            97  3324      雙鴻                  735.00        610.00     1.59%   1435.00  1455.00  1320.00  1350.00     1515.00  1575.00  1490.00  1550.00   +200.00   +14.81%
      13           196  5536      聖暉*                 224.00        100.00     1.58%    822.00   847.00   817.00   817.00      975.00   977.00   946.00   954.00   +137.00   +16.77%
      14           155  3131      弘塑                  730.00        610.00     1.53%   2440.00  2470.00  2365.00  2365.00     2470.00  2580.00  2455.00  2530.00   +165.00    +6.98%
      15           342  6643      M31                 209.50        107.50     1.30%    417.50   423.00   402.50   403.00      513.00   521.00   505.00   508.00   +105.00   +26.05%
      16           129  7792      安葆                  131.00         36.00     1.21%    309.50   315.50   305.00   305.00      425.00   440.00   425.00   438.50   +133.50   +43.77%
      17           166  3675      德微                  121.00         32.50     1.13%    280.50   292.00   275.00   277.00      363.50   377.00   348.00   349.00    +72.00   +25.99%
      18           125  7828      創新服務                785.00        700.00     1.08%   1770.00  1855.00  1720.00  1755.00     1860.00  1875.00  1830.00  1840.00    +85.00    +4.84%
      19           199  6538      倉和                  246.50        162.00     1.08%    273.00   273.00   273.00   273.00      367.50   367.50   335.50   335.50    +62.50   +22.89%
      20           151  4768      晶呈科技                108.50         33.50     0.96%    301.00   305.00   290.50   290.50      378.00   383.00   364.50   365.00    +74.50   +25.65%
      21           188  3441      聯一光                  95.00         21.50     0.94%    142.00   144.00   130.00   130.00      215.00   232.00   215.00   232.00   +102.00   +78.46%
      22            78  4760      勤凱                   86.00         14.50     0.91%    273.00   275.50   258.00   258.00      348.50   348.50   348.50   348.50    +90.50   +35.08%
      23           130  3293      鈊象                  105.00         34.00     0.91%    705.00   710.00   702.00   703.00      797.00   798.00   787.00   794.00    +91.00   +12.94%
      24           190  6291      沛亨                  156.50         90.00     0.85%    453.00   484.00   453.00   458.00      500.00   502.00   488.00   488.00    +30.00    +6.55%
      25           240  8358      金居                  216.00        149.50     0.85%    513.00   514.00   470.00   470.00      534.00   570.00   526.00   570.00   +100.00   +21.28%
      26           144  2221      大甲                   82.00         18.50     0.81%     84.20    91.50    84.20    91.50      189.00   191.00   181.00   186.00    +94.50  +103.28%
      27           216  6173      信昌電                 117.00         55.00     0.79%    258.50   258.50   237.50   241.00      314.50   314.50   292.00   292.00    +51.00   +21.16%
      28            70  6667      信紘科                  60.50          0.00     0.77%    216.50   221.50   216.00   218.00      261.00   266.00   258.50   264.50    +46.50   +21.33%
      29           271  3374      精材                  196.50        137.00     0.76%    420.00   424.00   393.00   400.00      478.50   505.00   471.50   498.50    +98.50   +24.62%
      30           249  3498      陽程                   94.50         36.00     0.75%    216.00   221.50   191.00   192.00      215.00   236.50   214.00   236.50    +44.50   +23.18%
      31           222  7772      耀穎                   86.50         33.00     0.68%     91.50    99.50    90.50    99.50      190.00   192.50   167.50   167.50    +68.00   +68.34%
      32            88  7556      意德士                  52.00          0.00     0.66%    252.50   252.50   245.00   245.00      275.50   300.00   275.50   300.00    +55.00   +22.45%
      33           221  3693      營邦                  179.00        128.00     0.65%    650.00   690.00   638.00   648.00      670.00   692.00   650.00   689.00    +41.00    +6.33%
      34           182  6693      廣閎科                  60.00          9.50     0.64%    175.50   187.00   175.50   178.50      209.00   217.00   208.00   215.50    +37.00   +20.73%
      35           256  4749      新應材                 148.00         99.00     0.63%    795.00   797.00   758.00   759.00      803.00   812.00   788.00   806.00    +47.00    +6.19%
      36           124  6147      頎邦                   58.00          9.50     0.62%    183.50   199.50   174.00   189.00      227.50   228.00   215.50   216.00    +27.00   +14.29%
      37           126  5432      新門                   47.50          0.00     0.61%    152.00   155.00   147.00   153.00      170.00   179.00   164.50   178.00    +25.00   +16.34%
      38           167  7751      竑騰                  555.00        510.00     0.57%   1555.00  1590.00  1450.00  1465.00     1600.00  1660.00  1590.00  1605.00   +140.00    +9.56%
      39           231  6290      良維                   72.50         28.00     0.57%    257.00   261.50   245.00   245.50      280.50   285.50   276.00   281.50    +36.00   +14.66%
      40           102  3147      大綜                   44.50          0.00     0.57%    221.00   223.00   215.00   215.00      264.50   275.00   257.00   275.00    +60.00   +27.91%
==========================================================================================================================================================================
✅ 共 40 筆


══════════════════════════════════════════════════════════════════════════════════════════════════════════════
  🔄 第  3/20 次  2026/09/02 ～ 2026/10/02
══════════════════════════════════════════════════════════════════════════════════════════════════════════════

==========================================================================================================================================================================
📊 累計漲跌停強度排名 (2026/09/02 ~ 2026/10/02)
==========================================================================================================================================================================
    實資排名        累計天數排名  代號        名稱                 累計漲停(元)       累計跌停(元)       強度%  (09/02)開盤      最高      最低      收盤    (10/02)開盤      最高      最低      收盤      賺賠    賺賠率
--------------------------------------------------------------------------------------------------------------------------------------------------------------------------
       1            18  7856      漢測                 2530.00        585.00    32.21%        --       --       --       --     4330.00  4470.00  4160.00  4195.00        --        --
       2            31  5274      信驊                 6340.00       4625.00    28.40%  17120.00 18395.00 17120.00 17725.00    18740.00 18905.00 18355.00 18840.00  +1115.00    +6.29%
       3           121  3529      力旺                 1415.00        885.00     8.78%   2595.00  2600.00  2395.00  2395.00     3245.00  3290.00  3160.00  3170.00   +775.00   +32.36%
       4           219  6488      環球晶                 408.00        205.00     3.36%    976.00   982.00   951.00   967.00     1090.00  1190.00  1075.00  1190.00   +223.00   +23.06%
       5           138  8227      巨有科技                200.00         14.00     3.08%    161.50   167.00   160.50   160.50      363.50   370.00   351.00   370.00   +209.50  +130.53%
       6           191  6274      台燿                  465.00        305.00     2.65%   1435.00  1460.00  1400.00  1410.00     1540.00  1685.00  1530.00  1620.00   +210.00   +14.89%
       7           110  6683      雍智科技                695.00        535.00     2.65%   1405.00  1460.00  1400.00  1460.00     1595.00  1650.00  1480.00  1490.00    +30.00    +2.05%
       8           236  7717      萊德光電-KY             314.00        161.50     2.53%    423.00   434.00   421.00   423.00      553.00   581.00   550.00   561.00   +138.00   +32.62%
       9           204  6538      倉和                  269.00        125.00     2.38%    248.50   248.50   248.50   248.50      369.50   382.00   352.00   372.50   +124.00   +49.90%
      10            92  3324      雙鴻                  750.00        610.00     2.32%   1375.00  1465.00  1370.00  1435.00     1540.00  1560.00  1490.00  1505.00    +70.00    +4.88%
      11           194  3105      穩懋                  192.50         79.00     1.88%    484.00   492.00   468.00   469.50      574.00   591.00   572.00   591.00   +121.50   +25.88%
      12           342  6643      M31                 209.50        107.50     1.69%    424.00   424.00   413.00   416.00      520.00   524.00   513.00   516.00   +100.00   +24.04%
      13           159  3675      德微                  121.00         21.50     1.65%    280.00   280.50   273.50   274.00      359.00   378.50   352.50   360.00    +86.00   +31.39%
      14           200  6291      沛亨                  172.50         90.00     1.37%    423.50   465.50   423.50   440.00      492.00   504.00   489.00   493.00    +53.00   +12.05%
      15           100  7792      安葆                  117.50         36.00     1.35%    316.50   316.50   305.50   308.00      429.00   429.00   414.00   425.00   +117.00   +37.99%
      16           168  4768      晶呈科技                108.50         33.50     1.24%    307.00   307.50   298.00   298.00      374.00   389.00   372.50   374.50    +76.50   +25.67%
      17           208  6173      信昌電                 117.00         44.00     1.21%    255.00   263.50   253.50   260.50      300.00   322.50   299.00   303.00    +42.50   +16.31%
      18           217  7772      耀穎                   86.50         14.50     1.19%     91.50    92.00    88.80    90.50      183.00   188.50   183.00   186.00    +95.50  +105.52%
      19           130  3293      鈊象                  105.00         34.00     1.18%    701.00   710.00   700.00   708.00      819.00   819.00   778.00   791.00    +83.00   +11.72%
      20           202  5536      聖暉*                 224.00        160.00     1.06%    880.00   880.00   823.00   823.00      964.00   975.00   938.00   956.00   +133.00   +16.16%
      21           144  2221      大甲                   82.00         18.50     1.05%     78.50    85.40    78.10    83.20      182.00   188.00   177.50   188.00   +104.80  +125.96%
      22            70  6667      信紘科                  60.50          0.00     1.00%    216.50   217.00   215.00   217.00      263.50   263.50   260.00   260.00    +43.00   +19.82%
      23           103  6870      騰雲                  100.50         46.00     0.90%    275.00   299.00   275.00   292.00      314.00   321.50   309.50   312.00    +20.00    +6.85%
      24           167  3441      聯一光                  74.00         21.50     0.87%    133.00   140.00   130.00   139.50      210.00   222.50   207.00   211.00    +71.50   +51.25%
      25           124  6147      頎邦                   58.00          9.50     0.80%    180.00   186.50   178.50   182.50      224.50   227.00   221.00   223.00    +40.50   +22.19%
      26           122  7828      創新服務                785.00        740.00     0.75%   1780.00  1810.00  1740.00  1760.00     1900.00  1910.00  1850.00  1850.00    +90.00    +5.11%
      27           231  6290      良維                   72.50         28.00     0.74%    259.00   263.00   256.00   256.50      279.00   280.00   276.00   277.00    +20.50    +7.99%
      28           213  3693      營邦                  171.00        128.00     0.71%    627.00   654.00   626.00   642.00      660.00   676.00   656.00   663.00    +21.00    +3.27%
      29           200  8064      東捷                   54.50         11.50     0.71%    105.00   107.00   104.00   104.50      144.50   145.50   141.50   141.50    +37.00   +35.41%
      30           156  3455      由田                   58.50         17.50     0.68%    263.50   270.00   255.00   256.50      287.00   295.00   277.00   280.00    +23.50    +9.16%
      31            65  4760      勤凱                   54.50         14.50     0.66%    264.00   282.00   264.00   272.50      302.00   317.00   302.00   317.00    +44.50   +16.33%
      32            30  4772      台特化                  39.50          0.00     0.65%    264.00   265.50   256.00   256.00      272.00   290.50   271.50   281.50    +25.50    +9.96%
      33            56  6207      雷科                   37.00          0.00     0.61%    105.50   114.50   104.50   110.50      145.00   152.50   141.50   148.00    +37.50   +33.94%
      34           230  3498      陽程                   73.00         36.00     0.61%    203.00   213.00   195.00   201.50      221.00   226.00   212.00   215.00    +13.50    +6.70%
      35            75  6877      鏵友益                  37.00          0.00     0.61%    113.50   115.50   112.50   113.50      152.00   152.00   150.00   152.00    +38.50   +33.92%
      36            76  3624      光頡                   46.50         10.50     0.60%     89.80    92.90    89.00    89.00      151.00   157.50   147.00   148.50    +59.50   +66.85%
      37            96  8027      鈦昇                   48.00         12.50     0.59%    186.00   189.00   181.00   182.00      210.00   217.00   207.00   213.50    +31.50   +17.31%
      38           175  6620      漢達                   57.50         22.50     0.58%     87.90    95.40    87.70    95.40      145.00   149.50   142.50   143.50    +48.10   +50.42%
      39            55  7825      和亞智慧                 60.60         26.50     0.56%        --       --       --       --       86.90    88.90    84.00    84.90        --        --
      40            98  5432      新門                   34.00          0.00     0.56%    151.50   152.50   147.50   149.00      159.00   166.50   159.00   164.50    +15.50   +10.40%
==========================================================================================================================================================================
✅ 共 40 筆


══════════════════════════════════════════════════════════════════════════════════════════════════════════════
  🔄 第  4/20 次  2026/09/01 ～ 2026/10/01
══════════════════════════════════════════════════════════════════════════════════════════════════════════════

==========================================================================================================================================================================
📊 累計漲跌停強度排名 (2026/09/01 ~ 2026/10/01)
==========================================================================================================================================================================
    實資排名        累計天數排名  代號        名稱                 累計漲停(元)       累計跌停(元)       強度%  (09/01)開盤      最高      最低      收盤    (10/01)開盤      最高      最低      收盤      賺賠    賺賠率
--------------------------------------------------------------------------------------------------------------------------------------------------------------------------
       1            31  5274      信驊                 7395.00       4425.00    36.96%  16210.00 17670.00 16000.00 17120.00    18755.00 19330.00 18740.00 19040.00  +1920.00   +11.21%
       2            16  7856      漢測                 2530.00        480.00    25.51%        --       --       --       --     4240.00  4470.00  4115.00  4300.00        --        --
       3           121  3529      力旺                 1655.00        810.00    10.52%   2490.00  2640.00  2490.00  2640.00     3305.00  3345.00  3215.00  3245.00   +605.00   +22.92%
       4           113  6683      雍智科技                815.00        450.00     4.54%   1330.00  1330.00  1330.00  1330.00     1600.00  1640.00  1550.00  1575.00   +245.00   +18.42%
       5            89  3324      雙鴻                  875.00        590.00     3.55%   1300.00  1375.00  1300.00  1375.00     1530.00  1535.00  1480.00  1525.00   +150.00   +10.91%
       6           138  8227      巨有科技                200.00         14.00     2.31%    161.00   172.00   160.00   164.00      379.50   384.50   342.00   363.50   +199.50  +121.65%
       7           224  6488      環球晶                 385.00        205.00     2.24%    908.00   998.00   908.00   994.00     1055.00  1135.00  1045.00  1085.00    +91.00    +9.15%
       8           228  6538      倉和                  289.50        125.00     2.05%    224.00   226.00   224.00   226.00      356.00   370.00   351.00   369.50   +143.50   +63.50%
       9            84  6510      精測                 1455.00       1300.00     1.93%   2925.00  3125.00  2925.00  3125.00     3065.00  3155.00  2960.00  3000.00   -125.00    -4.00%
      10           206  7717      萊德光電-KY             304.00        161.50     1.77%    430.00   443.50   424.50   429.50      599.00   600.00   547.00   551.00   +121.50   +28.29%
      11           131  7828      創新服務                830.00        715.00     1.43%   1800.00  1845.00  1745.00  1810.00     1920.00  1940.00  1865.00  1875.00    +65.00    +3.59%
      12           383  6643      M31                 220.00        107.50     1.40%    412.50   438.00   412.50   422.00      555.00   557.00   518.00   521.00    +99.00   +23.46%
      13           178  3491      昇達科                 555.00        450.00     1.31%   1425.00  1505.00  1390.00  1480.00     1510.00  1510.00  1450.00  1490.00    +10.00    +0.68%
      14           201  3105      穩懋                  184.00         79.00     1.31%    448.50   492.00   444.00   492.00      546.00   546.00   529.00   538.00    +46.00    +9.35%
      15           229  6291      沛亨                  191.50         90.00     1.26%    405.00   434.00   405.00   424.00      501.00   507.00   489.00   489.00    +65.00   +15.33%
      16           159  3675      德微                  121.00         21.50     1.24%    274.00   286.00   274.00   278.50      330.00   360.00   328.00   359.00    +80.50   +28.90%
      17           139  7792      安葆                  130.50         36.00     1.18%    305.50   319.50   302.50   314.00      416.00   430.50   410.00   421.00   +107.00   +34.08%
      18           224  6274      台燿                  395.00        305.00     1.12%   1435.00  1480.00  1430.00  1450.00     1530.00  1540.00  1500.00  1535.00    +85.00    +5.86%
      19           243  6173      信昌電                 132.50         44.00     1.10%    255.50   270.50   254.00   261.50      287.00   316.00   280.50   302.50    +41.00   +15.68%
      20           230  5536      聖暉*                 243.00        160.00     1.03%    872.00   893.00   870.00   883.00      929.00   970.00   919.00   959.00    +76.00    +8.61%
      21           124  6870      騰雲                  125.50         46.00     0.99%    259.00   277.00   259.00   277.00      324.00   324.50   314.50   314.50    +37.50   +13.54%
      22           168  4768      晶呈科技                108.50         33.50     0.93%    311.50   315.00   306.50   307.50      392.50   403.50   366.00   367.00    +59.50   +19.35%
      23           128  3293      鈊象                  105.00         30.00     0.93%    719.00   721.00   707.00   711.00      786.00   814.00   785.00   814.00   +103.00   +14.49%
      24           217  7772      耀穎                   86.50         14.50     0.90%     88.50    93.00    88.50    91.00      181.00   184.00   176.00   184.00    +93.00  +102.20%
      25           144  2221      大甲                   82.00         18.50     0.79%     76.00    80.00    75.70    77.70      190.50   193.00   178.00   179.00   +101.30  +130.37%
      26           239  3693      營邦                  191.00        128.00     0.78%    610.00   644.00   600.00   624.00      688.00   691.00   643.00   664.00    +40.00    +6.41%
      27            70  6667      信紘科                  60.50          0.00     0.75%    217.50   217.50   214.00   217.50      264.50   268.50   260.00   261.00    +43.50   +20.00%
      28           227  3680      家登                  172.50        116.50     0.70%    517.00   542.00   514.00   542.00      556.00   562.00   549.00   551.00     +9.00    +1.66%
      29           167  3441      聯一光                  74.00         21.50     0.65%    137.00   139.00   130.00   133.00      189.00   202.50   189.00   202.50    +69.50   +52.26%
      30           124  6147      頎邦                   58.00          9.50     0.60%    178.00   187.00   175.50   183.50      212.00   227.00   212.00   225.50    +42.00   +22.89%
      31           231  6290      良維                   72.50         28.00     0.55%    252.00   268.00   251.00   259.50      280.00   281.50   276.00   277.50    +18.00    +6.94%
      32           200  8064      東捷                   54.50         11.50     0.54%    103.50   108.50   103.50   105.00      146.00   148.00   141.00   143.50    +38.50   +36.67%
      33           156  3455      由田                   58.50         17.50     0.51%    270.00   271.50   253.50   265.00      266.00   292.00   258.00   287.00    +22.00    +8.30%
      34            56  6207      雷科                   37.00          0.00     0.46%    105.00   110.50   105.00   107.50      153.00   158.00   139.50   145.00    +37.50   +34.88%
      35           230  3498      陽程                   73.00         36.00     0.46%    215.50   217.00   194.50   203.50      225.00   228.00   214.00   219.50    +16.00    +7.86%
      36           150  3264      欣銓                   70.50         34.00     0.45%    233.00   239.00   232.50   237.50      243.50   245.50   238.50   245.50     +8.00    +3.37%
      37            76  3624      光頡                   46.50         10.50     0.45%     88.50    93.40    88.50    90.20      138.00   151.00   138.00   151.00    +60.80   +67.41%
      38            96  8027      鈦昇                   48.00         12.50     0.44%    179.50   192.00   179.00   185.00      225.00   225.00   207.00   209.50    +24.50   +13.24%
      39           175  6620      漢達                   57.50         22.50     0.44%    102.00   102.00    86.80    86.80      145.50   154.50   140.50   144.50    +57.70   +66.47%
      40           212  4542      科嶠                  106.50         72.00     0.43%    306.00   319.00   302.50   306.00      343.00   343.00   328.00   328.00    +22.00    +7.19%
==========================================================================================================================================================================
✅ 共 40 筆


══════════════════════════════════════════════════════════════════════════════════════════════════════════════
  🔄 第  5/20 次  2026/08/31 ～ 2026/09/30
══════════════════════════════════════════════════════════════════════════════════════════════════════════════

==========================================================================================================================================================================
📊 累計漲跌停強度排名 (2026/08/31 ~ 2026/09/30)
==========================================================================================================================================================================
    實資排名        累計天數排名  代號        名稱                 累計漲停(元)       累計跌停(元)       強度%  (08/31)開盤      最高      最低      收盤    (09/30)開盤      最高      最低      收盤      賺賠    賺賠率
--------------------------------------------------------------------------------------------------------------------------------------------------------------------------
       1            31  5274      信驊                 7540.00       4425.00    37.71%  15630.00 16140.00 15010.00 16065.00    19525.00 19675.00 18680.00 18750.00  +2685.00   +16.71%
       2            11  7856      漢測                 2480.00        480.00    24.21%        --       --       --       --     4340.00  4400.00  4235.00  4250.00        --        --
       3           120  3529      力旺                 1655.00        890.00     9.26%   2500.00  2505.00  2310.00  2400.00     3450.00  3635.00  3305.00  3305.00   +905.00   +37.71%
       4            93  3324      雙鴻                  985.00        590.00     4.78%   1130.00  1250.00  1125.00  1250.00     1620.00  1645.00  1530.00  1530.00   +280.00   +22.40%
       5           119  6683      雍智科技                825.00        435.00     4.72%   1180.00  1225.00  1140.00  1210.00     1495.00  1605.00  1490.00  1590.00   +380.00   +31.40%
       6            84  6510      精測                 1620.00       1235.00     4.66%   2680.00  2920.00  2605.00  2845.00     3170.00  3240.00  3065.00  3065.00   +220.00    +7.73%
       7           138  8227      巨有科技                200.00         14.00     2.25%    159.00   160.00   156.00   156.50      370.50   370.50   370.50   370.50   +214.00  +136.74%
       8           221  7717      萊德光電-KY             304.00        121.50     2.21%    443.50   460.00   413.00   427.00      600.00   618.00   590.00   604.00   +177.00   +41.45%
       9           210  6538      倉和                  276.00        125.00     1.83%    197.50   215.00   197.50   205.50      360.50   374.50   355.00   356.00   +150.50   +73.24%
      10           384  6643      M31                 220.00         99.00     1.46%    428.00   432.00   411.50   411.50      506.00   555.00   500.00   555.00   +143.50   +34.87%
      11           209  6291      沛亨                  191.50         79.00     1.36%    391.00   407.00   388.00   405.00      504.00   510.00   494.00   500.00    +95.00   +23.46%
      12           201  3105      穩懋                  184.00         79.00     1.27%    434.50   471.00   425.00   447.50      509.00   542.00   509.00   542.00    +94.50   +21.12%
      13           246  3693      營邦                  208.00        105.00     1.25%    580.00   612.00   578.00   604.00      708.00   713.00   687.00   687.00    +83.00   +13.74%
      14           139  7792      安葆                  130.50         36.00     1.14%    305.00   312.00   296.50   301.00      420.00   424.00   413.00   424.00   +123.00   +40.86%
      15           118  7828      創新服務                830.00        740.00     1.09%   1785.00  1920.00  1750.00  1765.00     1920.00  1965.00  1875.00  1885.00   +120.00    +6.80%
      16            54  6223      旺矽                 1865.00       1775.00     1.09%   4930.00  5130.00  4870.00  5130.00     5275.00  5320.00  5100.00  5125.00     -5.00    -0.10%
      17           151  4768      晶呈科技                108.50         20.50     1.07%    313.50   315.50   308.00   310.50      365.00   382.00   360.00   380.00    +69.50   +22.38%
      18           132  2221      大甲                   82.00          0.00     0.99%     78.50    79.70    71.90    76.00      178.00   198.00   170.00   197.50   +121.50  +159.87%
      19           124  6870      騰雲                  125.50         46.00     0.96%    251.50   256.50   250.50   252.00      331.00   331.00   315.00   323.50    +71.50   +28.37%
      20           228  6173      信昌電                 118.50         44.00     0.90%    242.50   259.50   235.50   246.00      301.00   303.50   288.00   288.50    +42.50   +17.28%
      21           217  7772      耀穎                   86.50         14.50     0.87%     92.00    92.40    87.70    88.50      180.00   180.00   175.00   176.00    +87.50   +98.87%
      22           131  3293      鈊象                  102.00         30.00     0.87%    703.00   730.00   701.00   730.00      781.00   791.00   777.00   788.00    +58.00    +7.95%
      23           152  3675      德微                   92.00         21.50     0.85%    277.00   279.00   266.50   272.50      337.00   338.00   328.50   330.00    +57.50   +21.10%
      24           226  6488      環球晶                 335.00        265.00     0.85%    951.00   953.00   875.00   912.00      966.00  1035.00   953.00  1035.00   +123.00   +13.49%
      25           222  3498      陽程                   91.50         26.50     0.79%    191.00   208.00   191.00   208.00      234.50   234.50   221.00   229.00    +21.00   +10.10%
      26            70  6667      信紘科                  60.50          0.00     0.73%    226.50   226.50   216.00   217.50      261.00   263.50   259.50   262.00    +44.50   +20.46%
      27           227  3680      家登                  172.50        116.50     0.68%    500.00   516.00   484.50   493.00      553.00   562.00   545.00   555.00    +62.00   +12.58%
      28           239  3374      精材                  190.50        137.00     0.65%    390.50   424.50   388.50   422.50      462.00   462.00   452.00   454.50    +32.00    +7.57%
      29           198  4542      科嶠                  106.50         56.00     0.61%    280.50   308.00   280.00   293.00      345.00   347.00   338.00   344.00    +51.00   +17.41%
      30           122  6654      天正國際                 75.00         26.50     0.59%    177.00   194.00   177.00   194.00      206.50   217.50   203.00   216.00    +22.00   +11.34%
      31            78  8027      鈦昇                   48.00          0.00     0.58%    182.50   183.00   173.00   179.50      222.00   222.00   219.00   222.00    +42.50   +23.68%
      32           231  6290      良維                   72.50         28.00     0.54%    247.00   259.00   245.50   253.50      272.00   283.50   270.00   280.00    +26.50   +10.45%
      33           200  8064      東捷                   54.50         11.50     0.52%    103.00   103.00    97.90   100.00      144.00   155.00   144.00   145.50    +45.50   +45.50%
      34           224  5536      聖暉*                 203.00        160.00     0.52%    880.00   898.00   850.00   864.00      908.00   935.00   908.00   919.00    +55.00    +6.37%
      35           196  5386      青雲                   97.00         56.50     0.49%    260.00   282.50   260.00   280.00      290.50   291.50   285.50   290.00    +10.00    +3.57%
      36            56  6207      雷科                   37.00          0.00     0.45%    108.50   111.50   104.00   105.50      141.00   151.00   140.00   151.00    +45.50   +43.13%
      37           150  3264      欣銓                   70.50         34.00     0.44%    230.00   230.50   220.50   228.00      243.50   247.00   238.00   243.50    +15.50    +6.80%
      38           156  3131      弘塑                  650.00        615.00     0.42%   2450.00  2450.00  2335.00  2410.00     2505.00  2590.00  2435.00  2525.00   +115.00    +4.77%
      39           175  6620      漢達                   57.50         22.50     0.42%     92.90    92.90    92.90    92.90      137.50   145.00   133.00   141.00    +48.10   +51.78%
      40           155  3441      聯一光                  56.00         21.50     0.42%    127.50   137.50   127.50   136.00      184.50   187.00   181.50   184.50    +48.50   +35.66%
==========================================================================================================================================================================
✅ 共 40 筆


══════════════════════════════════════════════════════════════════════════════════════════════════════════════
  🔄 第  6/20 次  2026/08/28 ～ 2026/09/29
══════════════════════════════════════════════════════════════════════════════════════════════════════════════

==========================================================================================================================================================================
📊 累計漲跌停強度排名 (2026/08/28 ~ 2026/09/29)
==========================================================================================================================================================================
    實資排名        累計天數排名  代號        名稱                 累計漲停(元)       累計跌停(元)       強度%  (08/28)開盤      最高      最低      收盤    (09/29)開盤      最高      最低      收盤      賺賠    賺賠率
--------------------------------------------------------------------------------------------------------------------------------------------------------------------------
       1            31  5274      信驊                 7865.00       3780.00    46.31%  15525.00 15745.00 14815.00 15630.00    20430.00 20430.00 19040.00 19395.00  +3765.00   +24.09%
       2             7  7856      漢測                 2480.00        415.00    23.41%        --       --       --       --     4580.00  4580.00  4255.00  4315.00        --        --
       3           122  3529      力旺                 1655.00       1000.00     7.43%   2720.00  2720.00  2520.00  2540.00     3175.00  3410.00  3145.00  3305.00   +765.00   +30.12%
       4            96  3324      雙鴻                 1065.00        490.00     6.52%   1075.00  1155.00  1075.00  1140.00     1680.00  1680.00  1595.00  1630.00   +490.00   +42.98%
       5            87  6510      精測                 1620.00       1220.00     4.53%   2805.00  2830.00  2670.00  2680.00     3245.00  3285.00  3055.00  3140.00   +460.00   +17.16%
       6           112  7828      創新服務                980.00        725.00     2.89%   1635.00  1800.00  1635.00  1800.00     1980.00  1980.00  1900.00  1900.00   +100.00    +5.56%
       7           125  6683      雍智科技                710.00        480.00     2.61%   1250.00  1250.00  1165.00  1200.00     1515.00  1540.00  1450.00  1475.00   +275.00   +22.92%
       8           199  7717      萊德光電-KY             292.00        121.50     1.93%    446.00   460.00   429.50   440.00      607.00   612.00   588.00   592.00   +152.00   +34.55%
       9           127  8227      巨有科技                166.50         14.00     1.73%    161.50   163.50   158.50   161.00      313.00   337.00   308.00   337.00   +176.00  +109.32%
      10           219  6538      倉和                  276.00        147.00     1.46%    219.00   222.50   200.00   200.00      400.00   417.00   358.50   358.50   +158.50   +79.25%
      11           240  3693      營邦                  208.00         90.00     1.34%    555.00   599.00   549.00   587.00      719.00   734.00   701.00   702.00   +115.00   +19.59%
      12           221  6291      沛亨                  191.50         95.50     1.09%    430.00   430.00   394.50   400.50      484.00   501.00   481.00   499.00    +98.50   +24.59%
      13           240  6173      信昌電                 140.00         44.00     1.09%    229.00   239.00   229.00   239.00      303.00   314.00   296.50   297.50    +58.50   +24.48%
      14           139  7792      安葆                  130.50         36.00     1.07%    301.50   306.00   297.00   303.00      427.50   430.00   400.00   416.00   +113.00   +37.29%
      15            54  6223      旺矽                 1865.00       1775.00     1.02%   5085.00  5085.00  4880.00  5030.00     5400.00  5400.00  5140.00  5185.00   +155.00    +3.08%
      16           249  3374      精材                  225.50        137.00     1.00%    352.00   386.00   350.00   386.00      439.50   457.00   436.50   455.00    +69.00   +17.88%
      17           156  3491      昇達科                 640.00        560.00     0.91%   1500.00  1515.00  1450.00  1510.00     1595.00  1630.00  1510.00  1510.00     +0.00    +0.00%
      18           124  6870      騰雲                  125.50         46.00     0.90%    249.00   259.50   249.00   255.50      335.50   335.50   328.50   330.50    +75.00   +29.35%
      19           217  7772      耀穎                   86.50         14.50     0.82%     89.00    92.00    89.00    90.00      176.00   179.50   172.50   176.00    +86.00   +95.56%
      20           131  3293      鈊象                  102.00         30.00     0.82%    704.00   713.00   702.00   707.00      774.00   796.00   766.00   779.00    +72.00   +10.18%
      21           378  6643      M31                 170.00         99.00     0.80%    446.00   458.00   437.00   437.00      509.00   534.00   502.00   505.00    +68.00   +15.56%
      22           152  3675      德微                   92.00         21.50     0.80%    280.00   297.50   277.50   277.50      337.50   354.50   331.00   334.00    +56.50   +20.36%
      23           212  4542      科嶠                  123.50         56.00     0.77%    271.00   288.50   269.00   286.00      329.00   342.00   329.00   339.00    +53.00   +18.53%
      24           251  3680      家登                  182.00        116.50     0.74%    495.00   515.00   493.00   500.00      536.00   555.00   536.00   548.00    +48.00    +9.60%
      25           117  2221      大甲                   64.50          0.00     0.73%     75.00    82.00    75.00    79.70      169.00   180.00   167.50   180.00   +100.30  +125.85%
      26           207  5386      青雲                  120.50         56.50     0.73%    237.00   258.50   237.00   258.50      285.50   287.00   281.00   285.00    +26.50   +10.25%
      27            70  6667      信紘科                  60.50          0.00     0.69%    223.00   223.00   220.50   221.00      260.50   264.00   258.50   259.00    +38.00   +17.19%
      28           194  3105      穩懋                  135.00         79.00     0.63%    449.50   461.50   434.50   439.00      496.50   498.50   484.50   493.00    +54.00   +12.30%
      29           167  3264      欣銓                   86.00         34.00     0.59%    223.00   237.50   222.00   235.00      245.00   245.00   238.00   241.50     +6.50    +2.77%
      30           237  3498      陽程                   91.50         40.50     0.58%    200.00   203.00   189.00   189.50      216.00   235.00   212.00   235.00    +45.50   +24.01%
      31           152  4768      晶呈科技                 86.00         36.50     0.56%    333.00   337.00   310.00   313.00      325.50   357.50   323.00   357.50    +44.50   +14.22%
      32           200  8064      東捷                   54.50         11.50     0.49%    105.00   107.50   101.50   103.00      139.00   148.50   138.00   141.50    +38.50   +37.38%
      33           223  5536      聖暉*                 203.00        160.00     0.49%    856.00   880.00   841.00   871.00      902.00   907.00   886.00   902.00    +31.00    +3.56%
      34           191  6693      廣閎科                  62.00         20.00     0.48%    170.00   183.50   170.00   178.50      206.50   220.50   203.50   218.00    +39.50   +22.13%
      35           175  6620      漢達                   57.50         22.50     0.40%     77.10    84.50    77.10    84.50      125.00   136.00   123.50   136.00    +51.50   +60.95%
      36           155  3441      聯一光                  56.00         21.50     0.39%    138.50   140.50   129.50   130.00      177.50   185.00   176.00   185.00    +55.00   +42.31%
      37            55  7825      和亞智慧                 60.60         26.50     0.39%        --       --       --       --       84.50    87.90    83.50    83.60        --        --
      38           206  6290      良維                   62.00         28.00     0.39%    252.00   252.50   243.00   248.00      272.50   274.00   267.00   269.50    +21.50    +8.67%
      39            98  5432      新門                   34.00          0.00     0.39%    152.50   154.50   144.50   152.50      163.50   164.00   160.00   160.50     +8.00    +5.25%
      40           106  6617      共信-KY                34.00          0.00     0.39%    126.00   129.50   121.00   122.50      137.00   137.00   132.00   133.00    +10.50    +8.57%
==========================================================================================================================================================================
✅ 共 40 筆


══════════════════════════════════════════════════════════════════════════════════════════════════════════════
  🔄 第  7/20 次  2026/08/27 ～ 2026/09/24
══════════════════════════════════════════════════════════════════════════════════════════════════════════════

==========================================================================================================================================================================
📊 累計漲跌停強度排名 (2026/08/27 ~ 2026/09/24)
==========================================================================================================================================================================
    實資排名        累計天數排名  代號        名稱                 累計漲停(元)       累計跌停(元)       強度%  (08/27)開盤      最高      最低      收盤    (09/24)開盤      最高      最低      收盤      賺賠    賺賠率
--------------------------------------------------------------------------------------------------------------------------------------------------------------------------
       1            31  5274      信驊                 7865.00       3725.00    37.33%  15690.00 16125.00 15105.00 15305.00    20485.00 20505.00 19705.00 19835.00  +4530.00   +29.60%
       2             5  7856      漢測                 2480.00        125.00    21.24%        --       --       --       --     4675.00  4695.00  4530.00  4605.00        --        --
       3           121  3529      力旺                 1820.00       1000.00     7.39%   2605.00  2650.00  2590.00  2650.00     3250.00  3315.00  3160.00  3230.00   +580.00   +21.89%
       4            87  6510      精測                 1740.00       1050.00     6.22%   2690.00  2815.00  2590.00  2740.00     3460.00  3460.00  3280.00  3310.00   +570.00   +20.80%
       5            95  3324      雙鴻                 1065.00        425.00     5.77%   1080.00  1120.00  1055.00  1060.00     1595.00  1750.00  1590.00  1710.00   +650.00   +61.32%
       6           115  7828      創新服務               1050.00        655.00     3.56%   1615.00  1725.00  1560.00  1650.00     1970.00  2030.00  1945.00  1970.00   +320.00   +19.39%
       7           121  6683      雍智科技                820.00        435.00     3.47%   1165.00  1245.00  1130.00  1245.00     1555.00  1585.00  1495.00  1520.00   +275.00   +22.09%
       8            63  6223      旺矽                 1915.00       1545.00     3.34%   5100.00  5175.00  4730.00  5090.00     5555.00  5625.00  5370.00  5415.00   +325.00    +6.39%
       9           155  3491      昇達科                 720.00        515.00     1.85%   1350.00  1470.00  1340.00  1425.00     1545.00  1565.00  1520.00  1555.00   +130.00    +9.12%
      10           226  7717      萊德光電-KY             308.50        121.50     1.69%    420.00   449.00   417.50   434.00      602.00   608.00   588.00   594.00   +160.00   +36.87%
      11           249  6538      倉和                  286.00        107.50     1.61%    211.00   222.50   207.00   222.00      403.00   409.50   389.00   398.00   +176.00   +79.28%
      12           227  3693      營邦                  208.00         63.00     1.31%    559.00   570.00   551.00   556.00      732.00   748.00   713.00   729.00   +173.00   +31.12%
      13           120  8227      巨有科技                136.00         14.00     1.10%    168.00   169.00   160.00   160.00      305.00   309.00   295.00   306.50   +146.50   +91.56%
      14           260  6173      信昌電                 159.50         44.00     1.04%    205.00   217.50   196.00   217.50      303.00   314.00   300.50   306.50    +89.00   +40.92%
      15           122  7792      安葆                  130.50         16.50     1.03%    306.50   307.00   295.50   300.50      415.00   453.00   415.00   435.50   +135.00   +44.93%
      16           150  6739      竹陞科技                601.00        490.00     1.00%   1010.00  1095.00   998.00  1095.00     1060.00  1130.00  1050.00  1110.00    +15.00    +1.37%
      17           273  3374      精材                  243.00        137.00     0.96%    335.00   362.50   331.00   351.00      462.50   464.50   442.00   449.00    +98.00   +27.92%
      18           233  6291      沛亨                  193.50         95.50     0.88%    403.50   437.00   392.50   417.00      486.50   497.00   478.50   484.00    +67.00   +16.07%
      19           209  3105      穩懋                  175.50         79.00     0.87%    413.00   445.50   412.00   445.50      495.50   506.00   482.00   502.00    +56.50   +12.68%
      20           401  6643      M31                 179.50         89.00     0.82%    432.00   450.00   428.50   442.50      471.00   524.00   471.00   515.00    +72.50   +16.38%
      21           124  6870      騰雲                  125.50         46.00     0.72%    263.00   266.00   253.50   253.50      336.50   340.00   318.00   336.50    +83.00   +32.74%
      22           217  7772      耀穎                   86.50         14.50     0.65%     90.00    92.00    88.30    89.00      173.00   182.00   170.50   180.00    +91.00  +102.25%
      23           152  3675      德微                   92.00         21.50     0.64%    283.00   286.00   276.00   278.50      332.00   335.00   320.50   335.00    +56.50   +20.29%
      24           251  3680      家登                  182.00        116.50     0.59%    488.00   496.00   484.00   490.50      531.00   546.00   528.00   542.00    +51.50   +10.50%
      25           207  5386      青雲                  120.50         56.50     0.58%    234.00   237.50   233.00   235.00      282.00   286.00   277.00   285.00    +50.00   +21.28%
      26           209  8358      金居                  234.50        173.50     0.55%    454.00   494.00   446.00   494.00      498.00   511.00   495.00   511.00    +17.00    +3.44%
      27            70  6667      信紘科                  60.50          0.00     0.55%    222.00   224.50   222.00   222.50      260.00   264.00   256.50   261.50    +39.00   +17.53%
      28           189  4542      科嶠                  112.50         56.00     0.51%    276.00   277.00   267.00   269.00      323.50   357.00   320.50   328.00    +59.00   +21.93%
      29           120  3293      鈊象                   84.00         30.00     0.49%    699.00   713.00   698.00   704.00      734.00   774.00   734.00   761.00    +57.00    +8.10%
      30           167  3264      欣銓                   86.00         34.00     0.47%    219.00   224.50   213.50   219.50      250.00   255.00   244.00   246.00    +26.50   +12.07%
      31           101  6217      中探針                  49.00          0.00     0.44%    166.00   177.50   160.00   177.50      167.50   171.00   165.50   170.00     -7.50    -4.23%
      32           104  2221      大甲                   48.50          0.00     0.44%     71.80    74.70    70.10    74.60      158.00   164.50   158.00   164.00    +89.40  +119.84%
      33           192  3441      聯一光                  68.50         21.50     0.42%    133.50   137.50   127.00   137.50      176.00   181.00   175.00   181.00    +43.50   +31.64%
      34           137  5432      新門                   45.00          0.00     0.41%    142.50   155.00   142.00   153.50      163.50   169.00   163.00   167.50    +14.00    +9.12%
      35           249  6290      良維                   71.50         28.00     0.39%    241.50   256.00   239.00   250.50      270.00   280.50   270.00   274.00    +23.50    +9.38%
      36           200  8064      東捷                   54.50         11.50     0.39%    102.00   106.00   102.00   104.50      131.00   142.00   130.50   139.00    +34.50   +33.01%
      37           223  5536      聖暉*                 203.00        160.00     0.39%    862.00   870.00   852.00   854.00      890.00   905.00   881.00   902.00    +48.00    +5.62%
      38           191  6693      廣閎科                  62.00         20.00     0.38%    167.00   172.00   163.50   167.00      201.50   212.50   194.00   209.50    +42.50   +25.45%
      39           272  6727      亞泰金屬                175.50        133.50     0.38%    488.00   528.00   471.00   520.00      468.00   509.00   464.50   505.00    -15.00    -2.88%
      40           251  7744      崴寶                  145.00        105.50     0.36%    497.50   508.00   480.00   503.00      534.00   546.00   533.00   543.00    +40.00    +7.95%
==========================================================================================================================================================================
✅ 共 40 筆


══════════════════════════════════════════════════════════════════════════════════════════════════════════════
  🔄 第  8/20 次  2026/08/26 ～ 2026/09/23
══════════════════════════════════════════════════════════════════════════════════════════════════════════════

==========================================================================================================================================================================
📊 累計漲跌停強度排名 (2026/08/26 ~ 2026/09/23)
==========================================================================================================================================================================
    實資排名        累計天數排名  代號        名稱                 累計漲停(元)       累計跌停(元)       強度%  (08/26)開盤      最高      最低      收盤    (09/23)開盤      最高      最低      收盤      賺賠    賺賠率
--------------------------------------------------------------------------------------------------------------------------------------------------------------------------
       1            32  5274      信驊                 8155.00       3280.00    37.22%  15820.00 16050.00 14950.00 15690.00    20385.00 20620.00 19780.00 20280.00  +4590.00   +29.25%
       2             1  7856      漢測                 2480.00          0.00    18.94%        --       --       --       --     4800.00  4800.00  4520.00  4730.00        --        --
       3           119  3529      力旺                 2035.00        925.00     8.48%   2170.00  2410.00  2155.00  2410.00     3190.00  3350.00  3020.00  3305.00   +895.00   +37.14%
       4            86  6510      精測                 1740.00        945.00     6.07%   2700.00  2725.00  2580.00  2620.00     3735.00  3740.00  3420.00  3475.00   +855.00   +32.63%
       5           135  3324      雙鴻                  960.00        425.00     4.09%   1070.00  1085.00  1055.00  1075.00     1605.00  1630.00  1555.00  1595.00   +520.00   +48.37%
       6           122  7828      創新服務               1110.00        655.00     3.47%   1520.00  1595.00  1485.00  1580.00     1940.00  2025.00  1910.00  1970.00   +390.00   +24.68%
       7           113  6683      雍智科技                820.00        400.00     3.21%   1130.00  1145.00  1110.00  1135.00     1595.00  1605.00  1540.00  1555.00   +420.00   +37.00%
       8           145  3491      昇達科                 795.00        505.00     2.21%   1270.00  1345.00  1220.00  1345.00     1490.00  1575.00  1490.00  1565.00   +220.00   +16.36%
       9           236  7717      萊德光電-KY             332.00        107.50     1.71%    394.00   431.00   394.00   417.50      601.00   631.00   596.00   608.00   +190.50   +45.63%
      10           237  6538      倉和                  286.00         95.00     1.46%    201.00   217.00   198.00   212.00      440.00   457.50   405.00   410.50   +198.50   +93.63%
      11           285  3374      精材                  265.50        114.00     1.16%    308.00   340.00   305.00   333.50      486.00   486.00   463.00   472.00   +138.50   +41.53%
      12           227  3693      營邦                  208.00         63.00     1.11%    550.00   564.00   547.00   558.00      706.00   738.00   705.00   732.00   +174.00   +31.18%
      13           249  8299      群聯                  490.00        355.00     1.03%   2115.00  2125.00  2070.00  2125.00     2280.00  2350.00  2200.00  2215.00    +90.00    +4.24%
      14           228  3105      穩懋                  201.50         79.00     0.94%    378.00   405.00   374.00   405.00      507.00   518.00   486.50   497.00    +92.00   +22.72%
      15           120  8227      巨有科技                136.00         14.00     0.93%    165.00   173.00   165.00   168.50      308.50   310.00   290.00   310.00   +141.50   +83.98%
      16           260  6173      信昌電                 159.50         44.00     0.88%    197.50   201.50   195.00   198.00      306.00   313.00   301.00   302.50   +104.50   +52.78%
      17           262  6291      沛亨                  210.00         95.50     0.87%    384.00   407.50   381.00   400.00      501.00   504.00   485.00   493.00    +93.00   +23.25%
      18           157  6739      竹陞科技                590.00        490.00     0.76%    965.00   999.00   965.00   999.00     1095.00  1105.00  1045.00  1060.00    +61.00    +6.11%
      19           146  3131      弘塑                  715.00        615.00     0.76%   2230.00  2485.00  2230.00  2485.00     2425.00  2445.00  2360.00  2365.00   -120.00    -4.83%
      20           111  7792      安葆                  110.50         16.50     0.72%    299.50   313.00   279.50   305.00      378.50   415.50   378.00   415.50   +110.50   +36.23%
      21           184  3675      德微                  107.00         21.50     0.65%    271.00   287.00   265.00   283.00      309.00   332.00   307.50   332.00    +49.00   +17.31%
      22           124  6870      騰雲                  125.50         46.00     0.61%    266.50   266.50   255.00   260.50      306.50   328.50   298.50   328.50    +68.00   +26.10%
      23           253  3680      家登                  194.50        116.50     0.60%    466.00   491.50   462.50   488.00      542.00   545.00   528.00   528.00    +40.00    +8.20%
      24           217  7772      耀穎                   86.50         14.50     0.55%     85.90    91.20    85.20    89.90      199.00   199.00   171.00   173.50    +83.60   +92.99%
      25           420  6643      M31                 159.50         89.00     0.54%    417.50   443.00   415.00   433.00      497.00   501.00   475.00   476.50    +43.50   +10.05%
      26           217  8358      金居                  241.00        173.50     0.52%    420.00   456.50   419.00   449.50      498.00   502.00   490.00   497.00    +47.50   +10.57%
      27           229  4542      科嶠                  123.00         56.00     0.51%    265.00   282.00   258.50   275.50      325.50   335.00   317.00   331.50    +56.00   +20.33%
      28            89  6983      華洋精機                 75.00         10.00     0.50%    302.50   319.50   299.00   319.50      348.00   352.00   347.50   348.00    +28.50    +8.92%
      29           235  6640      均華                  480.00        415.00     0.50%    974.00  1020.00   974.00  1005.00     1040.00  1070.00  1015.00  1050.00    +45.00    +4.48%
      30           207  5386      青雲                  120.50         56.50     0.49%    238.50   241.50   234.00   234.00      284.00   289.50   281.00   282.00    +48.00   +20.51%
      31            70  6667      信紘科                  60.50          0.00     0.46%    220.00   222.00   219.50   221.00      263.50   268.50   257.50   261.50    +40.50   +18.33%
      32           231  3441      聯一光                  79.50         21.50     0.44%    113.50   125.00   113.00   125.00      180.50   180.50   175.50   177.50    +52.50   +42.00%
      33           167  3264      欣銓                   86.00         34.00     0.40%    213.00   224.50   211.50   217.50      273.00   273.50   250.50   252.00    +34.50   +15.86%
      34           235  3211      順達                  116.50         66.00     0.39%    331.00   364.00   326.00   364.00      390.50   390.50   380.00   380.00    +16.00    +4.40%
      35           139  6147      頎邦                   58.50          9.50     0.37%    166.00   185.50   166.00   185.50      221.00   227.00   213.50   214.50    +29.00   +15.63%
      36           101  6217      中探針                  49.00          0.00     0.37%    154.00   167.50   152.00   161.50      173.50   175.00   167.00   167.50     +6.00    +3.72%
      37           104  2221      大甲                   48.50          0.00     0.37%     68.00    71.60    67.50    71.40      166.00   168.50   149.50   158.50    +87.10  +121.99%
      38           144  6617      共信-KY                45.50          0.00     0.35%    116.00   127.00   115.50   127.00      142.00   143.50   136.50   142.00    +15.00   +11.81%
      39           137  5432      新門                   45.00          0.00     0.34%    142.00   144.50   140.50   142.50      154.50   166.50   151.50   163.50    +21.00   +14.74%
      40           249  6290      良維                   71.50         28.00     0.33%    233.00   244.00   232.50   241.00      277.50   281.50   272.50   274.00    +33.00   +13.69%
==========================================================================================================================================================================
✅ 共 40 筆


══════════════════════════════════════════════════════════════════════════════════════════════════════════════
  🔄 第  9/20 次  2026/08/24 ～ 2026/09/22
══════════════════════════════════════════════════════════════════════════════════════════════════════════════

==========================================================================================================================================================================
📊 累計漲跌停強度排名 (2026/08/24 ~ 2026/09/22)
==========================================================================================================================================================================
    實資排名        累計天數排名  代號        名稱                 累計漲停(元)       累計跌停(元)       強度%  (08/24)開盤      最高      最低      收盤    (09/22)開盤      最高      最低      收盤      賺賠    賺賠率
--------------------------------------------------------------------------------------------------------------------------------------------------------------------------
       1            32  5274      信驊                 8155.00       2890.00    40.97%  15350.00 15500.00 14600.00 15115.00    21800.00 21800.00 20625.00 20905.00  +5790.00   +38.31%
       2             1  7856      漢測                 2480.00          0.00    19.30%        --       --       --       --     4400.00  4995.00  4305.00  4730.00        --        --
       3            84  6510      精測                 1740.00        720.00     7.94%   2650.00  2735.00  2635.00  2650.00     3515.00  3775.00  3460.00  3700.00  +1050.00   +39.62%
       4           122  3529      力旺                 1885.00        925.00     7.47%   2155.00  2215.00  2140.00  2200.00     2895.00  3110.00  2890.00  3110.00   +910.00   +41.36%
       5           139  3324      雙鴻                 1006.00        425.00     4.52%    973.00  1050.00   970.00  1015.00     1580.00  1630.00  1545.00  1600.00   +585.00   +57.64%
       6           114  6683      雍智科技                840.00        365.00     3.70%   1090.00  1140.00  1080.00  1090.00     1645.00  1655.00  1585.00  1590.00   +500.00   +45.87%
       7           124  7828      創新服務               1060.00        715.00     2.68%   1610.00  1660.00  1550.00  1550.00     2110.00  2110.00  1920.00  1920.00   +370.00   +23.87%
       8           232  6538      倉和                  286.00         60.00     1.76%    194.50   204.50   193.00   193.00      440.00   468.00   416.50   445.50   +252.50  +130.83%
       9           155  3491      昇達科                 720.00        505.00     1.67%   1300.00  1355.00  1280.00  1290.00     1550.00  1555.00  1480.00  1480.00   +190.00   +14.73%
      10           247  7717      萊德光電-KY             319.00        117.50     1.57%    388.00   403.00   385.00   386.00      606.00   621.00   586.00   595.00   +209.00   +54.15%
      11           148  3131      弘塑                  740.00        570.00     1.32%   2305.00  2405.00  2285.00  2335.00     2515.00  2520.00  2410.00  2410.00    +75.00    +3.21%
      12           271  3374      精材                  265.50         99.00     1.30%    302.00   312.50   299.00   302.50      465.00   487.00   459.00   487.00   +184.50   +60.99%
      13           244  8299      群聯                  520.00        355.00     1.28%   2095.00  2215.00  2070.00  2135.00     2195.00  2240.00  2165.00  2185.00    +50.00    +2.34%
      14           229  3693      營邦                  194.00         63.00     1.02%    515.00   547.00   514.00   533.00      719.00   739.00   697.00   700.00   +167.00   +31.33%
      15           120  8227      巨有科技                136.00         14.00     0.95%    155.50   155.50   149.50   150.00      299.50   316.00   295.00   305.00   +155.00  +103.33%
      16           146  6739      竹陞科技                590.00        470.00     0.93%    978.00  1015.00   956.00   972.00     1130.00  1130.00  1080.00  1080.00   +108.00   +11.11%
      17           260  6173      信昌電                 159.50         44.00     0.90%    209.50   215.00   203.00   203.00      330.50   331.00   300.00   303.00   +100.00   +49.26%
      18           247  3105      穩懋                  201.50         97.00     0.81%    370.50   372.50   355.00   355.00      501.00   515.00   489.00   501.00   +146.00   +41.13%
      19           277  6291      沛亨                  210.00        118.00     0.72%    388.50   391.50   366.00   366.00      520.00   520.00   492.50   501.00   +135.00   +36.89%
      20           232  3680      家登                  194.50        106.50     0.68%    472.00   488.00   464.00   464.00      552.00   556.00   538.00   538.00    +74.00   +15.95%
      21           201  7772      耀穎                   86.50          0.00     0.67%     85.30    88.40    84.70    87.90      177.50   188.00   176.00   188.00   +100.10  +113.88%
      22           159  3264      欣銓                   86.00          9.50     0.60%    205.00   209.00   204.00   205.50      289.00   289.50   274.50   276.50    +71.00   +34.55%
      23           429  6643      M31                 159.50         86.00     0.57%    416.00   419.00   406.00   406.00      482.50   520.00   482.00   489.50    +83.50   +20.57%
      24           229  4542      科嶠                  123.00         56.00     0.52%    251.50   265.00   248.50   250.00      318.00   332.50   310.00   332.50    +82.50   +33.00%
      25            89  6983      華洋精機                 75.00         10.00     0.51%    291.00   297.50   286.50   288.00      351.50   351.50   340.00   348.00    +60.00   +20.83%
      26           207  5386      青雲                  120.50         56.50     0.50%    239.00   246.00   238.00   242.00      290.50   293.00   280.50   281.50    +39.50   +16.32%
      27           258  6290      良維                   89.00         28.00     0.47%    217.00   232.50   216.50   229.00      286.00   291.50   275.50   276.00    +47.00   +20.52%
      28            70  6667      信紘科                  60.50          0.00     0.47%    222.50   222.50   217.50   218.50      260.50   268.00   259.50   263.50    +45.00   +20.59%
      29           231  3441      聯一光                  79.50         21.50     0.45%    113.50   117.00   109.00   112.50      175.50   181.50   172.50   181.00    +68.50   +60.89%
      30           106  7792      安葆                   73.00         16.50     0.44%    295.00   303.50   293.00   298.50      345.00   378.00   332.00   378.00    +79.50   +26.63%
      31           177  3675      德微                   77.00         21.50     0.43%    265.00   272.50   262.00   265.00      304.00   308.00   295.50   302.00    +37.00   +13.96%
      32           328  4908      前鼎                  124.00         69.50     0.42%    154.00   156.00   147.00   147.50      233.50   234.00   222.50   222.50    +75.00   +50.85%
      33           238  6488      環球晶                 328.00        275.00     0.41%    970.00  1035.00   970.00  1010.00      950.00  1010.00   950.00   971.00    -39.00    -3.86%
      34           115  6870      騰雲                   96.00         46.00     0.39%    264.50   264.50   257.00   260.50      312.00   314.00   299.00   299.00    +38.50   +14.78%
      35           139  6147      頎邦                   58.50          9.50     0.38%    157.50   162.00   157.00   157.00      230.00   233.00   218.00   219.00    +62.00   +39.49%
      36           101  6217      中探針                  49.00          0.00     0.38%    149.00   158.00   148.00   148.00      180.00   180.00   169.00   170.50    +22.50   +15.20%
      37           104  2221      大甲                   48.50          0.00     0.38%     59.40    63.30    58.50    63.30      152.00   154.00   147.50   154.00    +90.70  +143.29%
      38           235  8358      金居                  241.00        192.50     0.38%    430.00   435.00   417.00   417.00      501.00   501.00   490.00   491.50    +74.50   +17.87%
      39           144  6617      共信-KY                45.50          0.00     0.35%    105.50   116.00   102.50   111.00      140.50   142.00   138.00   141.00    +30.00   +27.03%
      40           200  8064      東捷                   54.50         11.50     0.33%     97.30    99.60    96.70    97.00      139.00   142.00   133.00   134.00    +37.00   +38.14%
==========================================================================================================================================================================
✅ 共 40 筆


══════════════════════════════════════════════════════════════════════════════════════════════════════════════
  🔄 第 10/20 次  2026/08/21 ～ 2026/09/21
══════════════════════════════════════════════════════════════════════════════════════════════════════════════

==========================================================================================================================================================================
📊 累計漲跌停強度排名 (2026/08/21 ~ 2026/09/21)
==========================================================================================================================================================================
    實資排名        累計天數排名  代號        名稱                 累計漲停(元)       累計跌停(元)       強度%  (08/21)開盤      最高      最低      收盤    (09/21)開盤      最高      最低      收盤      賺賠    賺賠率
--------------------------------------------------------------------------------------------------------------------------------------------------------------------------
       1            31  5274      信驊                 7070.00       3290.00    43.42%  15585.00 16120.00 15205.00 15350.00    19400.00 19820.00 19200.00 19820.00  +4470.00   +29.12%
       2            83  6510      精測                 1525.00        830.00     7.98%   2735.00  2770.00  2650.00  2650.00     3600.00  3680.00  3365.00  3485.00   +835.00   +31.51%
       3           126  3529      力旺                 1605.00        980.00     7.18%   2220.00  2245.00  2150.00  2155.00     2880.00  2950.00  2820.00  2830.00   +675.00   +31.32%
       4           117  6683      雍智科技                840.00        350.00     5.63%   1135.00  1160.00  1050.00  1070.00     1655.00  1740.00  1625.00  1675.00   +605.00   +56.54%
       5           146  3324      雙鴻                  926.00        449.00     5.48%    987.00   991.00   965.00   969.00     1500.00  1535.00  1460.00  1520.00   +551.00   +56.86%
       6           131  7828      創新服務               1060.00        635.00     4.88%   1615.00  1630.00  1580.00  1610.00     2140.00  2145.00  2030.00  2040.00   +430.00   +26.71%
       7           148  3491      昇達科                 720.00        465.00     2.93%   1285.00  1345.00  1250.00  1280.00     1555.00  1580.00  1510.00  1520.00   +240.00   +18.75%
       8           161  3131      弘塑                  740.00        525.00     2.47%   2300.00  2350.00  2275.00  2310.00     2480.00  2525.00  2445.00  2465.00   +155.00    +6.71%
       9           240  8299      群聯                  565.00        355.00     2.41%   2005.00  2075.00  1995.00  2075.00     2145.00  2190.00  2115.00  2150.00    +75.00    +3.61%
      10           220  6538      倉和                  267.00         60.00     2.38%    207.00   208.00   191.00   196.50      412.00   426.50   400.00   426.50   +230.00  +117.05%
      11           247  7717      萊德光電-KY             319.00        117.50     2.31%    423.00   429.50   396.00   396.00      605.00   622.00   565.00   592.00   +196.00   +49.49%
      12           223  6640      均華                  556.00        417.00     1.60%    966.00  1045.00   960.00  1045.00     1185.00  1185.00  1110.00  1110.00    +65.00    +6.22%
      13           229  3693      營邦                  194.00         63.00     1.50%    513.00   518.00   506.00   515.00      704.00   712.00   691.00   702.00   +187.00   +36.31%
      14           150  6739      竹陞科技                590.00        461.00     1.48%    971.00   988.00   962.00   967.00     1160.00  1160.00  1090.00  1100.00   +133.00   +13.75%
      15           265  3374      精材                  221.50         99.00     1.41%    304.00   316.00   298.50   306.50      451.50   456.00   432.00   443.00   +136.50   +44.54%
      16           260  6173      信昌電                 159.50         44.00     1.33%    220.50   227.00   211.50   212.00      311.00   318.50   308.00   308.00    +96.00   +45.28%
      17           107  8227      巨有科技                118.50         14.00     1.20%    147.50   160.50   146.00   156.00      282.00   287.50   271.50   287.50   +131.50   +84.29%
      18           293  6291      沛亨                  220.00        118.00     1.17%    374.00   394.00   373.00   388.50      522.00   522.00   506.00   508.00   +119.50   +30.76%
      19           213  3680      家登                  194.50         96.50     1.13%    473.00   479.00   463.00   471.00      536.00   553.00   531.00   548.00    +77.00   +16.35%
      20           227  3105      穩懋                  191.00         97.00     1.08%    377.00   385.50   365.50   373.00      497.00   504.00   486.00   490.50   +117.50   +31.50%
      21           159  3264      欣銓                   86.00          9.50     0.88%    206.50   206.50   202.00   203.00      274.00   284.00   266.00   284.00    +81.00   +39.90%
      22           246  8358      金居                  263.50        192.50     0.82%    417.00   444.00   404.50   436.00      500.00   500.00   485.00   491.50    +55.50   +12.73%
      23           187  7772      耀穎                   69.50          0.00     0.80%     86.80    87.90    86.00    87.10      152.00   171.00   147.00   171.00    +83.90   +96.33%
      24           248  3441      聯一光                  89.20         21.50     0.78%    102.00   107.00    95.50   107.00      190.00   190.00   175.00   177.50    +70.50   +65.89%
      25           307  4908      前鼎                  124.00         60.00     0.74%    156.00   157.00   152.00   153.00      241.50   245.00   231.50   232.00    +79.00   +51.63%
      26           207  5386      青雲                  120.50         56.50     0.74%    233.00   243.50   233.00   236.00      292.00   295.00   286.50   287.50    +51.50   +21.82%
      27           100  6870      騰雲                   96.00         33.00     0.72%    266.00   266.00   259.00   264.50      310.50   319.00   307.00   312.00    +47.50   +17.96%
      28           411  6643      M31                 148.00         86.00     0.71%    412.00   416.00   408.00   416.00      461.00   486.00   457.00   478.00    +62.00   +14.90%
      29           258  6290      良維                   89.00         28.00     0.70%    216.00   217.00   210.00   211.50      280.00   284.50   277.00   281.00    +69.50   +32.86%
      30            70  6667      信紘科                  60.50          0.00     0.69%    222.50   222.50   218.00   219.50      264.00   269.50   258.00   259.50    +40.00   +18.22%
      31           177  3675      德微                   77.00         21.50     0.64%    269.00   270.00   258.50   260.00      296.50   303.00   287.50   294.50    +34.50   +13.27%
      32           139  6147      頎邦                   58.50          9.50     0.56%    162.00   162.50   155.00   156.50      230.00   230.00   222.50   224.00    +67.50   +43.13%
      33           101  6217      中探針                  49.00          0.00     0.56%    151.50   155.00   148.00   150.00      180.00   181.50   173.50   175.50    +25.50   +17.00%
      34           103  6983      華洋精機                 75.00         27.00     0.55%    309.00   316.00   292.00   292.00      354.50   365.00   350.50   351.00    +59.00   +20.21%
      35           144  6617      共信-KY                45.50          0.00     0.52%    114.50   114.50   106.50   107.50      143.00   143.00   139.00   141.00    +33.50   +31.16%
      36           200  8064      東捷                   54.50         11.50     0.49%     98.70   101.50    96.90    97.70      137.00   142.00   133.50   138.00    +40.30   +41.25%
      37           219  4542      科嶠                   93.00         56.00     0.42%    251.00   260.50   248.00   252.50      279.00   302.50   276.50   302.50    +50.00   +19.80%
      38           116  5432      新門                   35.00          0.00     0.40%    152.50   152.50   149.50   151.00      171.50   171.50   161.00   161.00    +10.00    +6.62%
      39            87  2221      大甲                   34.50          0.00     0.40%     54.50    57.90    54.30    57.60      136.00   140.00   136.00   140.00    +82.40  +143.06%
      40            55  7825      和亞智慧                 60.60         26.50     0.39%        --       --       --       --       79.00    79.00    76.00    76.10        --        --
==========================================================================================================================================================================
✅ 共 40 筆


══════════════════════════════════════════════════════════════════════════════════════════════════════════════
  🔄 第 11/20 次  2026/08/20 ～ 2026/09/18
══════════════════════════════════════════════════════════════════════════════════════════════════════════════

==========================================================================================================================================================================
📊 累計漲跌停強度排名 (2026/08/20 ~ 2026/09/18)
==========================================================================================================================================================================
    實資排名        累計天數排名  代號        名稱                 累計漲停(元)       累計跌停(元)       強度%  (08/20)開盤      最高      最低      收盤    (09/18)開盤      最高      最低      收盤      賺賠    賺賠率
--------------------------------------------------------------------------------------------------------------------------------------------------------------------------
       1            32  5274      信驊                 6540.00       3370.00    33.15%  15710.00 16280.00 15200.00 15750.00    18890.00 19500.00 18870.00 19290.00  +3540.00   +22.48%
       2            79  6510      精測                 1625.00        795.00     8.68%   2730.00  2795.00  2650.00  2760.00     3330.00  3520.00  3320.00  3520.00   +760.00   +27.54%
       3           115  3529      力旺                 1605.00       1015.00     6.17%   2320.00  2320.00  2200.00  2210.00     2770.00  2890.00  2760.00  2845.00   +635.00   +28.73%
       4           137  7828      創新服務               1095.00        550.00     5.70%   1640.00  1670.00  1595.00  1650.00     2010.00  2125.00  2010.00  2125.00   +475.00   +28.79%
       5            63  6223      旺矽                 2135.00       1630.00     5.28%   5480.00  5670.00  5265.00  5650.00     5625.00  5840.00  5620.00  5800.00   +150.00    +2.65%
       6           121  6683      雍智科技                840.00        400.00     4.60%   1230.00  1235.00  1115.00  1140.00     1600.00  1670.00  1570.00  1670.00   +530.00   +46.49%
       7           143  3324      雙鴻                  886.00        449.00     4.57%   1000.00  1005.00   970.00   993.00     1480.00  1515.00  1420.00  1480.00   +487.00   +49.04%
       8           148  3491      昇達科                 780.00        420.00     3.76%   1260.00  1305.00  1235.00  1285.00     1515.00  1565.00  1475.00  1565.00   +280.00   +21.79%
       9           235  8299      群聯                  585.00        355.00     2.41%   2010.00  2080.00  1965.00  1995.00     2030.00  2140.00  2010.00  2140.00   +145.00    +7.27%
      10           247  7717      萊德光電-KY             319.00        117.50     2.11%    401.00   405.00   398.00   402.00      601.00   624.00   594.00   600.00   +198.00   +49.25%
      11           230  6640      均華                  556.00        359.00     2.06%    975.00   994.00   942.00   954.00     1140.00  1205.00  1140.00  1180.00   +226.00   +23.69%
      12           145  6739      竹陞科技                590.00        411.00     1.87%    982.00   998.00   961.00   978.00     1125.00  1180.00  1080.00  1150.00   +172.00   +17.59%
      13           216  6538      倉和                  228.50         60.00     1.76%    188.00   195.00   175.00   194.00      352.50   388.00   348.50   388.00   +194.00  +100.00%
      14           160  3131      弘塑                  720.00        560.00     1.67%   2430.00  2430.00  2290.00  2320.00     2475.00  2475.00  2415.00  2445.00   +125.00    +5.39%
      15           229  3693      營邦                  194.00         63.00     1.37%    514.00   523.00   500.00   516.00      717.00   721.00   693.00   704.00   +188.00   +36.43%
      16           265  3374      精材                  221.50         99.00     1.28%    321.00   328.50   294.50   303.50      440.00   444.50   418.50   444.50   +141.00   +46.46%
      17           224  3105      穩懋                  206.50         87.50     1.24%    370.00   379.00   359.50   379.00      487.50   502.00   467.00   500.00   +121.00   +31.93%
      18           281  6291      沛亨                  220.00        102.00     1.23%    385.00   386.00   367.00   378.50      523.00   525.00   500.00   524.00   +145.50   +38.44%
      19           260  6173      信昌電                 159.50         44.00     1.21%    219.00   228.00   211.00   221.00      309.00   314.00   300.00   314.00    +93.00   +42.08%
      20           107  8227      巨有科技                118.50         14.00     1.09%    152.00   153.00   146.50   147.00      263.00   279.00   252.00   279.00   +132.00   +89.80%
      21           200  3680      家登                  179.50         96.50     0.87%    470.50   471.00   458.00   468.00      530.00   536.00   523.00   533.00    +65.00   +13.89%
      22           290  4908      前鼎                  124.00         48.50     0.79%    152.50   156.50   149.00   154.00      240.00   248.50   232.50   243.50    +89.50   +58.12%
      23           246  8358      金居                  263.50        192.50     0.74%    420.00   428.50   406.00   413.50      487.50   499.50   484.00   499.50    +86.00   +20.80%
      24           248  3441      聯一光                  89.20         21.50     0.71%     93.30    97.30    91.70    97.30      185.00   187.00   177.00   185.50    +88.20   +90.65%
      25           207  5386      青雲                  120.50         56.50     0.67%    236.50   238.00   226.50   230.50      287.00   294.00   286.00   294.00    +63.50   +27.55%
      26           100  6870      騰雲                   96.00         33.00     0.66%    263.50   265.00   259.00   261.00      327.50   327.50   312.00   312.00    +51.00   +19.54%
      27           148  3264      欣銓                   70.50          9.50     0.64%    209.00   211.00   205.00   208.50      251.00   268.50   250.50   268.50    +60.00   +28.78%
      28           258  6290      良維                   89.00         28.00     0.64%    225.50   226.00   212.00   214.50      274.00   288.00   270.50   282.50    +68.00   +31.70%
      29           214  3363      上詮                  256.00        195.00     0.64%    589.00   612.00   589.00   610.00      671.00   683.00   658.00   683.00    +73.00   +11.97%
      30            70  6667      信紘科                  60.50          0.00     0.63%    224.00   225.00   221.50   223.00      242.00   262.00   242.00   262.00    +39.00   +17.49%
      31           127  6983      華洋精機                 84.50         27.00     0.60%    300.00   309.00   299.00   309.00      354.00   355.00   344.50   355.00    +46.00   +14.89%
      32           177  3675      德微                   77.00         21.50     0.58%    281.00   285.50   266.00   269.00      291.00   300.00   287.00   294.00    +25.00    +9.29%
      33           175  7772      耀穎                   54.00          0.00     0.56%     88.00    88.60    86.90    87.30      148.00   160.50   147.00   155.50    +68.20   +78.12%
      34           139  6147      頎邦                   58.50          9.50     0.51%    163.00   167.00   159.00   163.50      217.00   229.00   213.00   229.00    +65.50   +40.06%
      35           101  6217      中探針                  49.00          0.00     0.51%    156.00   157.00   148.50   153.50      165.00   178.50   165.00   178.50    +25.00   +16.29%
      36           122  6620      漢達                   45.50          0.00     0.48%     74.80    76.70    74.80    75.80      147.00   155.00   140.50   149.00    +73.20   +96.57%
      37           144  6617      共信-KY                45.50          0.00     0.48%    104.50   104.50   104.50   104.50      143.00   144.50   139.50   143.00    +38.50   +36.84%
      38            92  7714      創泓科技                 53.00          9.50     0.45%    167.00   180.50   165.50   180.50      177.00   186.00   174.50   179.50     -1.00    -0.55%
      39           200  8064      東捷                   54.50         11.50     0.45%     99.30   101.00    97.10    98.70      127.50   136.00   125.00   136.00    +37.30   +37.79%
      40           403  6643      M31                 128.00         86.00     0.44%    419.50   419.50   405.00   409.00      450.00   458.00   439.50   458.00    +49.00   +11.98%
==========================================================================================================================================================================
✅ 共 40 筆


══════════════════════════════════════════════════════════════════════════════════════════════════════════════
  🔄 第 12/20 次  2026/08/19 ～ 2026/09/17
══════════════════════════════════════════════════════════════════════════════════════════════════════════════

==========================================================================================================================================================================
📊 累計漲跌停強度排名 (2026/08/19 ~ 2026/09/17)
==========================================================================================================================================================================
    實資排名        累計天數排名  代號        名稱                 累計漲停(元)       累計跌停(元)       強度%  (08/19)開盤      最高      最低      收盤    (09/17)開盤      最高      最低      收盤      賺賠    賺賠率
--------------------------------------------------------------------------------------------------------------------------------------------------------------------------
       1            32  5274      信驊                 5525.00       4595.00    26.59%  16250.00 16700.00 15585.00 15830.00    18250.00 18800.00 18225.00 18275.00  +2445.00   +15.45%
       2            81  6510      精測                 1305.00        900.00    11.58%   2665.00  2900.00  2650.00  2660.00     3260.00  3355.00  3165.00  3200.00   +540.00   +20.30%
       3           115  3529      力旺                 1470.00       1095.00    10.72%   2300.00  2380.00  2230.00  2260.00     2735.00  2810.00  2660.00  2710.00   +450.00   +19.91%
       4           144  3324      雙鴻                  802.00        449.00    10.09%    962.00  1005.00   955.00   989.00     1375.00  1460.00  1335.00  1385.00   +396.00   +40.04%
       5           153  7828      創新服務                905.00        565.00     9.72%   1575.00  1675.00  1575.00  1615.00     2050.00  2055.00  1920.00  1935.00   +320.00   +19.81%
       6           121  6683      雍智科技                745.00        470.00     7.86%   1200.00  1275.00  1185.00  1190.00     1605.00  1695.00  1530.00  1575.00   +385.00   +32.35%
       7           151  3491      昇達科                 700.00        445.00     7.29%   1215.00  1275.00  1210.00  1225.00     1465.00  1540.00  1435.00  1485.00   +260.00   +21.22%
       8            78  6223      旺矽                 1835.00       1645.00     5.43%   5000.00  5550.00  5000.00  5255.00     5730.00  5860.00  5485.00  5500.00   +245.00    +4.66%
       9           230  7717      萊德光電-KY             298.00        142.50     4.45%    417.00   420.50   398.00   398.00      544.00   579.00   530.00   579.00   +181.00   +45.48%
      10           193  6538      倉和                  193.50         60.00     3.82%    186.00   197.50   185.00   191.50      377.00   392.50   344.00   353.00   +161.50   +84.33%
      11           209  6173      信昌電                 168.00         44.00     3.55%    190.00   213.50   189.50   213.50      315.00   325.00   295.00   303.50    +90.00   +42.15%
      12           281  6291      沛亨                  220.00        102.00     3.37%    360.50   396.00   360.00   376.00      494.50   539.00   494.50   517.00   +141.00   +37.50%
      13           246  3693      營邦                  194.00         78.00     3.32%    509.00   522.00   502.00   508.00      693.00   725.00   688.00   697.00   +189.00   +37.20%
      14           223  3374      精材                  206.00         99.00     3.06%    296.00   306.50   294.00   299.00      429.00   445.00   423.00   429.00   +130.00   +43.48%
      15           154  6739      竹陞科技                520.00        425.00     2.72%    954.00  1005.00   954.00   978.00     1055.00  1100.00  1055.00  1080.00   +102.00   +10.43%
      16            74  8227      巨有科技                 97.50         14.00     2.39%    148.00   151.00   145.00   148.00      273.00   281.00   258.00   258.00   +110.00   +74.32%
      17           223  3105      穩懋                  177.50         98.50     2.26%    353.50   374.00   351.00   363.50      482.00   507.00   469.00   471.00   +107.50   +29.57%
      18           290  4908      前鼎                  124.00         48.50     2.16%    143.50   155.00   143.50   152.50      245.00   262.00   232.50   238.00    +85.50   +56.07%
      19            98  6870      騰雲                   96.00         23.00     2.09%    248.50   265.00   248.50   261.50      317.50   322.50   309.00   322.00    +60.50   +23.14%
      20           223  3680      家登                  179.50        109.00     2.02%    465.00   474.00   458.50   461.00      508.00   535.00   506.00   527.00    +66.00   +14.32%
      21           248  3441      聯一光                  89.20         21.50     1.94%     83.60    90.30    82.20    88.50      198.50   201.00   188.50   192.50   +104.00  +117.51%
      22           227  6290      良維                   86.50         28.00     1.67%    205.00   229.00   204.00   223.50      267.50   282.00   266.00   266.00    +42.50   +19.02%
      23           127  6983      華洋精機                 84.50         27.00     1.64%    299.00   300.00   293.00   299.50      351.00   352.00   346.00   350.00    +50.50   +16.86%
      24           153  5386      青雲                  110.00         56.50     1.53%    224.00   239.00   223.00   230.50      291.50   297.00   281.00   283.50    +53.00   +22.99%
      25           212  8358      金居                  242.50        192.50     1.43%    398.00   413.50   392.00   410.50      506.00   507.00   477.50   478.50    +68.00   +16.57%
      26           119  3675      德微                   67.00         21.50     1.30%    271.50   294.00   271.00   276.50      304.00   309.50   283.50   284.00     +7.50    +2.71%
      27           122  6620      漢達                   45.50          0.00     1.30%     76.50    76.50    74.70    74.80      143.00   147.00   143.00   147.00    +72.20   +96.52%
      28           144  6617      共信-KY                45.50          0.00     1.30%     97.00    97.00    94.50    95.20      138.00   149.00   137.50   143.00    +47.80   +50.21%
      29           114  7772      耀穎                   44.50          0.00     1.27%     88.00    92.00    88.00    89.00      133.00   146.00   133.00   146.00    +57.00   +64.04%
      30            92  7714      創泓科技                 53.00          9.50     1.24%    167.00   174.00   162.00   164.50      180.00   182.00   174.00   174.00     +9.50    +5.78%
      31           200  8064      東捷                   54.50         11.50     1.23%     98.50   102.50    96.60    99.20      123.00   130.00   123.00   130.00    +30.80   +31.05%
      32           221  6640      均華                  496.00        458.00     1.09%   1015.00  1055.00   966.00   966.00     1120.00  1200.00  1115.00  1120.00   +154.00   +15.94%
      33           119  3264      欣銓                   46.50          9.50     1.06%    205.00   210.50   202.50   206.50      229.50   245.00   229.50   244.50    +38.00   +18.40%
      34            40  6667      信紘科                  37.00          0.00     1.06%    220.00   224.00   217.00   224.00      239.00   244.00   238.00   238.50    +14.50    +6.47%
      35            55  7825      和亞智慧                 60.60         26.50     0.98%        --       --       --       --       88.60    90.00    83.20    83.90        --        --
      36           203  4768      晶呈科技                 92.50         58.50     0.97%    295.00   301.00   292.50   298.00      314.50   324.00   308.50   308.50    +10.50    +3.52%
      37            30  3152      璟德                   33.50          0.00     0.96%    217.50   224.50   217.50   223.00      222.50   223.50   219.50   219.50     -3.50    -1.57%
      38           164  3260      威剛                   60.00         27.00     0.94%    377.50   395.00   375.00   395.00      405.50   405.50   395.00   395.00     +0.00    +0.00%
      39           188  3363      上詮                  228.00        195.00     0.94%    569.00   592.00   561.00   584.00      698.00   699.00   653.00   655.00    +71.00   +12.16%
      40            60  6217      中探針                  33.00          0.00     0.94%    147.50   164.50   145.00   153.00      167.00   171.50   162.50   162.50     +9.50    +6.21%
==========================================================================================================================================================================
✅ 共 40 筆


══════════════════════════════════════════════════════════════════════════════════════════════════════════════
  🔄 第 13/20 次  2026/08/18 ～ 2026/09/16
══════════════════════════════════════════════════════════════════════════════════════════════════════════════

==========================================================================================================================================================================
📊 累計漲跌停強度排名 (2026/08/18 ~ 2026/09/16)
==========================================================================================================================================================================
    實資排名        累計天數排名  代號        名稱                 累計漲停(元)       累計跌停(元)       強度%  (08/18)開盤      最高      最低      收盤    (09/16)開盤      最高      最低      收盤      賺賠    賺賠率
--------------------------------------------------------------------------------------------------------------------------------------------------------------------------
       1            27  5274      信驊                 5535.00       4595.00    48.09%  16950.00 17450.00 16715.00 17055.00    17965.00 18420.00 17485.00 18250.00  +1195.00    +7.01%
       2            78  6510      精測                 1305.00        985.00    16.37%   2955.00  2955.00  2710.00  2765.00     3285.00  3325.00  3200.00  3230.00   +465.00   +16.82%
       3           154  7828      創新服務                905.00        590.00    16.12%   1725.00  1735.00  1625.00  1630.00     1860.00  2020.00  1855.00  2005.00   +375.00   +23.01%
       4           102  3529      力旺                 1460.00       1145.00    16.12%   2440.00  2500.00  2335.00  2340.00     2650.00  2740.00  2625.00  2700.00   +360.00   +15.38%
       5           153  3324      雙鴻                  777.00        476.00    15.40%   1015.00  1020.00   978.00   978.00     1275.00  1375.00  1255.00  1360.00   +382.00   +39.06%
       6           119  6683      雍智科技                745.00        515.00    11.77%   1325.00  1345.00  1255.00  1260.00     1450.00  1595.00  1420.00  1595.00   +335.00   +26.59%
       7           184  6538      倉和                  193.50         32.50     8.24%    186.50   198.50   181.00   192.00      370.50   398.50   365.00   380.50   +188.50   +98.18%
       8           154  3491      昇達科                 655.00        525.00     6.65%   1335.00  1370.00  1235.00  1250.00     1410.00  1445.00  1380.00  1440.00   +190.00   +15.20%
       9           231  3374      精材                  220.00         99.00     6.19%    291.00   321.50   288.00   306.50      417.00   436.00   410.50   424.00   +117.50   +38.34%
      10           218  6173      信昌電                 168.00         49.00     6.09%    207.50   215.50   191.00   194.50      304.00   323.00   295.00   315.00   +120.50   +61.95%
      11           227  7717      萊德光電-KY             246.00        142.50     5.30%    424.00   432.00   418.50   423.00      500.00   527.00   492.00   527.00   +104.00   +24.59%
      12           229  3693      營邦                  178.00         78.00     5.12%    523.00   542.00   513.00   523.00      673.00   685.00   671.00   681.00   +158.00   +30.21%
      13            59  8227      巨有科技                 97.50          0.00     4.99%    154.50   154.50   149.00   149.50      250.50   274.00   248.00   272.00   +122.50   +81.94%
      14           206  8358      金居                  242.50        161.00     4.17%    425.50   441.00   415.00   416.00      495.50   510.00   482.50   510.00    +94.00   +22.60%
      15            98  6870      騰雲                   96.00         23.00     3.73%    261.00   267.00   256.00   257.50      326.50   330.00   301.00   316.00    +58.50   +22.72%
      16           297  6291      沛亨                  193.50        121.00     3.71%    400.50   400.50   374.00   374.50      446.00   490.50   446.00   490.50   +116.00   +30.97%
      17           248  3441      聯一光                  89.20         21.50     3.46%     87.40    90.50    84.60    86.20      170.00   186.00   170.00   186.00    +99.80  +115.78%
      18           320  4908      前鼎                  124.00         62.00     3.17%    160.00   165.00   150.00   150.00      226.00   243.00   223.50   240.50    +90.50   +60.33%
      19           227  6290      良維                   86.50         28.00     2.99%    218.00   219.50   208.50   209.50      253.00   269.00   253.00   264.00    +54.50   +26.01%
      20           127  6983      華洋精機                 84.50         27.00     2.94%    300.00   303.00   300.00   300.50      349.50   356.50   349.50   351.50    +51.00   +16.97%
      21           240  3105      穩懋                  177.50        122.00     2.84%    400.00   406.00   373.50   374.50      469.00   473.00   454.00   472.50    +98.00   +26.17%
      22           207  3680      家登                  163.50        109.00     2.79%    471.50   496.00   470.00   473.50      489.00   514.00   489.00   511.00    +37.50    +7.92%
      23           144  6617      共信-KY                45.50          0.00     2.33%     98.50    99.00    94.80    96.10      127.50   138.00   126.00   138.00    +41.90   +43.60%
      24           194  5386      青雲                  110.00         66.50     2.23%    238.50   246.00   227.50   228.50      285.00   293.00   284.00   291.00    +62.50   +27.35%
      25            92  7714      創泓科技                 53.00          9.50     2.23%    166.00   176.50   164.00   170.00      183.00   184.00   178.00   181.50    +11.50    +6.76%
      26           221  6640      均華                  496.00        458.00     1.94%   1070.00  1105.00  1040.00  1065.00     1105.00  1120.00  1095.00  1115.00    +50.00    +4.69%
      27           123  3675      德微                   67.00         30.00     1.89%    294.00   300.00   272.50   274.00      270.00   295.50   270.00   295.50    +21.50    +7.85%
      28            40  6667      信紘科                  37.00          0.00     1.89%    226.00   226.00   220.00   221.50      236.50   239.00   234.00   236.50    +15.00    +6.77%
      29            55  7825      和亞智慧                 60.60         26.50     1.74%        --       --       --       --       78.70    88.40    78.10    88.00        --        --
      30           203  4768      晶呈科技                 92.50         58.50     1.74%    312.50   316.50   300.50   301.50      293.50   316.50   293.50   313.00    +11.50    +3.81%
      31            30  3152      璟德                   33.50          0.00     1.71%    225.00   225.00   218.00   218.00      217.00   222.00   217.00   221.00     +3.00    +1.38%
      32            84  7792      安葆                   49.50         16.50     1.69%    248.00   269.50   248.00   262.50      311.00   316.00   305.50   312.00    +49.50   +18.86%
      33           102  6620      漢達                   32.50          0.00     1.66%     77.70    77.70    76.60    76.60      119.00   134.00   118.50   134.00    +57.40   +74.93%
      34           164  6739      竹陞科技                490.00        458.00     1.64%   1035.00  1035.00   988.00   992.00     1065.00  1085.00  1050.00  1050.00    +58.00    +5.85%
      35            93  7772      耀穎                   31.50          0.00     1.61%     93.50    94.20    89.60    89.80      135.00   135.00   129.50   133.00    +43.20   +48.11%
      36           178  8064      東捷                   43.00         11.50     1.61%    103.00   103.00    98.80    99.00      109.00   118.50   109.00   118.50    +19.50   +19.70%
      37           103  6147      頎邦                   39.00          9.50     1.51%    168.50   171.00   163.00   163.50      201.50   207.50   197.50   207.50    +44.00   +26.91%
      38            21  6690      安碁資訊                 27.50          0.00     1.41%    166.50   166.50   162.00   162.50      184.50   187.00   179.00   181.00    +18.50   +11.38%
      39           151  3498      陽程                   67.50         40.50     1.38%    158.50   174.00   153.50   174.00      175.00   190.50   174.00   190.50    +16.50    +9.48%
      40            53  3228      金麗科                  26.50          0.00     1.36%    147.00   147.00   140.00   140.00      161.00   165.00   161.00   164.50    +24.50   +17.50%
==========================================================================================================================================================================
✅ 共 40 筆


══════════════════════════════════════════════════════════════════════════════════════════════════════════════
  🔄 第 14/20 次  2026/08/17 ～ 2026/09/15
══════════════════════════════════════════════════════════════════════════════════════════════════════════════

==========================================================================================================================================================================
📊 累計漲跌停強度排名 (2026/08/17 ~ 2026/09/15)
==========================================================================================================================================================================
    實資排名        累計天數排名  代號        名稱                 累計漲停(元)       累計跌停(元)       強度%  (08/17)開盤      最高      最低      收盤    (09/15)開盤      最高      最低      收盤      賺賠    賺賠率
--------------------------------------------------------------------------------------------------------------------------------------------------------------------------
       1            78  6223      旺矽                 1675.00       2715.00    66.14%   5800.00  5950.00  5800.00  5800.00     5685.00  5800.00  5430.00  5440.00   -360.00    -6.21%
       2            94  7734      印能科技                775.00       1415.00    40.70%   3140.00  3200.00  3050.00  3070.00     2500.00  2585.00  2405.00  2555.00   -515.00   -16.78%
       3            27  5274      信驊                 4805.00       5265.00    29.25%  17380.00 17600.00 16980.00 17020.00    17980.00 18160.00 17405.00 17520.00   +500.00    +2.94%
       4           198  6274      台燿                  295.00        635.00    21.62%   1695.00  1695.00  1575.00  1600.00     1430.00  1450.00  1370.00  1370.00   -230.00   -14.37%
       5            97  7751      竑騰                  820.00       1045.00    14.31%   1485.00  1580.00  1425.00  1480.00     1405.00  1440.00  1360.00  1360.00   -120.00    -8.11%
       6           164  3131      弘塑                  600.00        740.00     8.90%   2485.00  2535.00  2410.00  2500.00     2295.00  2420.00  2295.00  2320.00   -180.00    -7.20%
       7           213  6187      萬潤                  435.00        565.00     8.27%   1275.00  1400.00  1265.00  1385.00     1230.00  1265.00  1210.00  1215.00   -170.00   -12.27%
       8           173  5289      宜鼎                  250.00        380.00     8.27%   1485.00  1540.00  1485.00  1530.00     1295.00  1305.00  1260.00  1275.00   -255.00   -16.67%
       9           215  3163      波若威                 179.00        297.00     7.50%    705.00   733.00   691.00   733.00      650.00   655.00   631.00   635.00    -98.00   -13.37%
      10           226  8299      群聯                  350.00        460.00     7.00%   2110.00  2125.00  2085.00  2085.00     1935.00  1960.00  1900.00  1920.00   -165.00    -7.91%
      11           298  4749      新應材                  92.00        174.00     5.21%    786.00   791.00   780.00   786.00      709.00   715.00   704.00   705.00    -81.00   -10.31%
      12           242  5536      聖暉*                 117.00        195.00     4.96%    925.00   925.00   896.00   908.00      841.00   865.00   828.00   837.00    -71.00    -7.82%
      13           228  6488      環球晶                 293.00        366.00     4.64%   1000.00  1095.00   990.00  1020.00      901.00   959.00   895.00   914.00   -106.00   -10.39%
      14           168  4979      華星光                 195.00        255.00     3.82%    540.00   545.00   521.00   545.00      542.00   542.00   501.00   509.00    -36.00    -6.61%
      15           115  3081      聯亞                 1310.00       1370.00     3.82%   2670.00  2790.00  2625.00  2790.00     2725.00  2745.00  2650.00  2675.00   -115.00    -4.12%
      16           209  4991      環宇-KY               186.00        240.00     3.43%    478.00   492.00   472.00   488.00      445.50   448.00   418.00   418.00    -70.00   -14.34%
      17           114  3293      鈊象                   34.00         86.00     3.31%    750.00   750.00   728.00   731.00      699.00   701.00   695.00   696.00    -35.00    -4.79%
      18           190  6584      南俊國際                139.00        182.00     2.73%    625.00   630.00   595.00   596.00      554.00   557.00   537.00   537.00    -59.00    -9.90%
      19           187  6788      華景電                  18.50         60.50     2.67%    366.50   366.50   358.00   364.00      326.00   326.50   318.00   318.50    -45.50   -12.50%
      20           331  4931      新盛力                  43.00         82.50     2.51%    267.00   270.00   264.00   269.50      229.50   233.00   225.00   225.00    -44.50   -16.51%
      21           296  6829      千附精密                 61.00         96.50     2.26%    240.00   244.50   232.00   238.50      211.00   213.00   202.50   204.00    -34.50   -14.47%
      22           322  6643      M31                  80.00        107.50     1.75%    439.50   440.00   428.00   432.00      420.50   420.50   410.00   410.00    -22.00    -5.09%
      23           249  4542      科嶠                   40.50         65.50     1.59%    267.50   276.50   262.50   265.00      249.00   266.00   249.00   250.00    -15.00    -5.66%
      24            97  3529      力旺                 1385.00       1410.00     1.59%   2645.00  2685.00  2390.00  2390.00     2720.00  2720.00  2610.00  2625.00   +235.00    +9.83%
      25           151  6121      新普                    9.50         31.50     1.40%    419.00   420.00   405.00   409.00      378.50   378.50   372.50   373.00    -36.00    -8.80%
      26           132  3362      先進光                  22.00         43.00     1.34%    173.00   186.00   171.00   178.50      170.00   176.00   166.50   168.00    -10.50    -5.88%
      27           292  3211      順達                   97.00        118.00     1.34%    393.50   396.00   382.00   392.00      361.00   369.50   358.00   361.00    -31.00    -7.91%
      28           235  4966      譜瑞-KY                62.00         76.00     0.89%    567.00   573.00   563.00   565.00      538.00   538.00   522.00   523.00    -42.00    -7.43%
      29            75  6913      鴻呈                   14.00         24.00     0.64%    150.00   150.50   147.00   149.00      126.00   127.00   124.50   124.50    -24.50   -16.44%
      30            28  6922      宸曜                    9.50         16.00     0.41%    203.50   205.50   198.00   200.00      185.50   189.50   181.50   181.50    -18.50    -9.25%
      31           112  7805      威聯通                  38.00         44.00     0.38%    685.00   703.00   680.00   701.00      501.00   505.00   497.00   497.00   -204.00   -29.10%
      32            46  6903      巨漢                   10.00         15.50     0.35%    314.00   327.50   311.50   323.50      291.00   295.00   290.50   290.50    -33.00   -10.20%
      33           147  6419      京晨科                  21.50         26.00     0.29%    183.00   183.00   168.50   180.00      148.00   148.00   143.00   143.00    -37.00   -20.56%
      34           126  5475      德宏                   31.50         35.00     0.22%    170.50   170.50   157.50   169.00      173.00   179.50   169.50   170.00     +1.00    +0.59%
      35           240  7744      崴寶                  133.50        135.50     0.13%    476.00   495.00   470.00   495.00      480.50   488.50   479.50   484.00    -11.00    -2.22%
      36            25  6227      茂綸                   11.50         12.00     0.03%    125.00   125.00   122.00   122.50      127.00   134.50   124.50   132.50    +10.00    +8.16%
      37            39  5483      中美晶                  10.00         10.50     0.03%    185.00   193.00   183.50   186.50      176.50   185.50   175.00   176.00    -10.50    -5.63%
      38           153  3491      昇達科                 570.00        570.00    -0.00%   1375.00  1375.00  1310.00  1330.00     1390.00  1410.00  1340.00  1355.00    +25.00    +1.88%
      39           137  6907      雅特力-KY               35.00         35.00    -0.00%    172.00   175.00   169.50   171.00      178.00   180.50   176.00   176.50     +5.50    +3.22%
      40            75  1815      富喬                   11.50         11.00    -0.03%     93.00    96.50    91.50    96.50      119.00   121.50   114.50   114.50    +18.00   +18.65%
==========================================================================================================================================================================
✅ 共 40 筆


══════════════════════════════════════════════════════════════════════════════════════════════════════════════
  🔄 第 15/20 次  2026/08/14 ～ 2026/09/14
══════════════════════════════════════════════════════════════════════════════════════════════════════════════

==========================================================================================================================================================================
📊 累計漲跌停強度排名 (2026/08/14 ~ 2026/09/14)
==========================================================================================================================================================================
    實資排名        累計天數排名  代號        名稱                 累計漲停(元)       累計跌停(元)       強度%  (08/14)開盤      最高      最低      收盤    (09/14)開盤      最高      最低      收盤      賺賠    賺賠率
--------------------------------------------------------------------------------------------------------------------------------------------------------------------------
       1            83  6223      旺矽                 1675.00       2615.00   137.97%   6515.00  6630.00  6430.00  6440.00     5455.00  5660.00  5370.00  5595.00   -845.00   -13.12%
       2            94  7734      印能科技                705.00       1575.00   127.70%   3285.00  3325.00  3075.00  3090.00     2455.00  2580.00  2445.00  2485.00   -605.00   -19.58%
       3           201  8299      群聯                  350.00        645.00    43.30%   2325.00  2325.00  2065.00  2080.00     1920.00  1960.00  1910.00  1935.00   -145.00    -6.97%
       4           162  3131      弘塑                  590.00        840.00    36.69%   2640.00  2675.00  2535.00  2535.00     2275.00  2345.00  2250.00  2310.00   -225.00    -8.88%
       5           193  6274      台燿                  370.00        595.00    33.03%   1620.00  1730.00  1600.00  1675.00     1340.00  1440.00  1320.00  1410.00   -265.00   -15.82%
       6           154  5289      宜鼎                  250.00        425.00    25.69%   1565.00  1595.00  1460.00  1475.00     1265.00  1310.00  1245.00  1290.00   -185.00   -12.54%
       7           177  6187      萬潤                  435.00        555.00    17.61%   1275.00  1320.00  1250.00  1275.00     1210.00  1250.00  1185.00  1225.00    -50.00    -3.92%
       8           112  3081      聯亞                 1310.00       1425.00    16.88%   2700.00  2700.00  2470.00  2540.00     2725.00  2830.00  2685.00  2745.00   +205.00    +8.07%
       9           220  3163      波若威                 179.00        291.00    16.44%    718.00   722.00   688.00   702.00      647.00   666.00   645.00   656.00    -46.00    -6.55%
      10           249  6488      環球晶                 279.00        381.00    14.97%   1025.00  1045.00   993.00  1010.00      880.00   907.00   872.00   900.00   -110.00   -10.89%
      11           135  6683      雍智科技                485.00        585.00    14.68%   1445.00  1460.00  1345.00  1370.00     1260.00  1375.00  1235.00  1335.00    -35.00    -2.55%
      12           330  4749      新應材                  92.00        185.00    13.65%    800.00   802.00   786.00   787.00      707.00   727.00   701.00   709.00    -78.00    -9.91%
      13           166  4979      華星光                 195.00        259.00     9.39%    550.00   565.00   508.00   522.00      510.00   547.00   508.00   547.00    +25.00    +4.79%
      14           144  3293      鈊象                   34.00         98.00     9.39%    762.00   765.00   750.00   750.00      692.00   703.00   687.00   699.00    -51.00    -6.80%
      15            91  7751      竑騰                  950.00       1000.00     7.34%   1440.00  1445.00  1435.00  1445.00     1305.00  1460.00  1305.00  1405.00    -40.00    -2.77%
      16           210  4991      環宇-KY               186.00        231.00     6.61%    465.00   482.00   460.00   460.00      430.00   451.50   422.00   445.00    -15.00    -3.26%
      17           221  5536      聖暉*                 139.00        183.00     6.46%    910.00   933.00   895.00   925.00      833.00   853.00   816.00   849.00    -76.00    -8.22%
      18           190  6584      南俊國際                139.00        182.00     6.31%    656.00   656.00   595.00   605.00      562.00   567.00   543.00   544.00    -61.00   -10.08%
      19           187  6788      華景電                  18.50         60.50     6.16%    369.50   369.50   360.00   363.50      323.00   330.50   322.50   326.00    -37.50   -10.32%
      20           167  6121      新普                    9.50         51.00     6.09%    431.50   432.00   410.00   412.00      376.50   381.50   374.50   379.00    -33.00    -8.01%
      21           331  4931      新盛力                  43.00         82.50     5.80%    265.00   265.00   256.50   263.00      229.00   237.50   223.00   231.50    -31.50   -11.98%
      22           275  4542      科嶠                   40.50         80.00     5.80%    286.00   286.00   265.50   267.50      256.50   262.00   250.50   252.00    -15.50    -5.79%
      23           315  3211      順達                   97.00        133.50     5.36%    408.50   411.00   389.00   391.00      356.00   372.00   349.00   362.50    -28.50    -7.29%
      24           132  3362      先進光                  22.00         43.00     3.08%    185.50   191.50   170.50   172.00      174.50   180.00   162.00   168.50     -3.50    -2.03%
      25           262  7744      崴寶                  133.50        151.50     2.64%    486.00   489.00   457.00   470.00      485.00   487.00   477.50   480.50    +10.50    +2.23%
      26           287  6643      M31                  80.00         97.00     2.50%    450.00   451.00   440.00   440.00      402.00   432.00   400.00   420.50    -19.50    -4.43%
      27           228  4966      譜瑞-KY                62.00         78.00     2.35%    588.00   589.00   569.00   570.00      528.00   545.00   521.00   537.00    -33.00    -5.79%
      28            52  3357      臺慶科                  11.00         25.00     2.05%    249.50   250.00   228.50   228.50      197.00   202.00   194.50   199.00    -29.50   -12.91%
      29            75  6913      鴻呈                   14.00         24.00     1.47%    154.00   154.00   146.50   148.00      128.50   128.50   122.50   125.50    -22.50   -15.20%
      30            28  6922      宸曜                    9.50         16.00     0.95%    209.50   209.50   197.50   201.00      183.50   188.50   183.00   185.50    -15.50    -7.71%
      31           112  7805      威聯通                  38.00         44.00     0.88%    691.00   696.00   675.00   676.00      498.50   502.00   494.50   497.00   -179.00   -26.48%
      32            46  6903      巨漢                   10.00         15.50     0.81%    322.00   323.00   313.50   313.50      292.50   297.00   290.00   292.00    -21.50    -6.86%
      33           147  6419      京晨科                  21.50         26.00     0.66%    169.00   169.50   160.00   168.00      150.00   151.00   147.00   147.00    -21.00   -12.50%
      34           126  5475      德宏                   31.50         35.00     0.51%    167.00   179.00   166.00   170.50      172.50   181.50   171.00   176.00     +5.50    +3.23%
      35           210  4768      晶呈科技                 84.00         86.00     0.29%    325.50   328.00   296.50   298.00      295.50   313.00   289.00   301.00     +3.00    +1.01%
      36           275  6829      千附精密                 83.00         85.00     0.29%    225.00   244.00   218.50   244.00      222.00   229.50   215.50   215.50    -28.50   -11.68%
      37            25  6227      茂綸                   11.50         12.00     0.07%    128.00   128.00   123.00   124.00      130.00   134.00   124.50   127.00     +3.00    +2.42%
      38            39  5483      中美晶                  10.00         10.50     0.07%    189.50   191.50   183.50   188.00      172.50   179.00   170.00   176.50    -11.50    -6.12%
      39           137  6907      雅特力-KY               35.00         35.00    -0.00%    174.00   180.00   170.50   176.00      178.00   180.50   174.00   178.00     +2.00    +1.14%
      40            75  1815      富喬                   11.50         11.00    -0.07%     90.50    91.50    89.40    91.50      126.00   127.00   119.50   120.00    +28.50   +31.15%
==========================================================================================================================================================================
✅ 共 40 筆


══════════════════════════════════════════════════════════════════════════════════════════════════════════════
  🔄 第 16/20 次  2026/08/13 ～ 2026/09/11
══════════════════════════════════════════════════════════════════════════════════════════════════════════════

==========================================================================================================================================================================
📊 累計漲跌停強度排名 (2026/08/13 ~ 2026/09/11)
==========================================================================================================================================================================
    實資排名        累計天數排名  代號        名稱                 累計漲停(元)       累計跌停(元)       強度%  (08/13)開盤      最高      最低      收盤    (09/11)開盤      最高      最低      收盤      賺賠    賺賠率
--------------------------------------------------------------------------------------------------------------------------------------------------------------------------
       1            77  6510      精測                 1475.00        845.00   127.74%   2895.00  2925.00  2810.00  2820.00     3565.00  3685.00  3445.00  3480.00   +660.00   +23.40%
       2           153  3324      雙鴻                  677.00        416.00    52.92%   1065.00  1080.00  1025.00  1035.00     1400.00  1405.00  1325.00  1360.00   +325.00   +31.40%
       3           200  6739      竹陞科技                520.00        273.00    50.08%   1065.00  1080.00  1030.00  1045.00     1320.00  1370.00  1225.00  1270.00   +225.00   +21.53%
       4           140  7828      創新服務                860.00        615.00    49.68%   1880.00  1880.00  1785.00  1875.00     2010.00  2070.00  1955.00  1975.00   +100.00    +5.33%
       5            27  5274      信驊                 5030.00       4805.00    45.62%  17920.00 18085.00 17010.00 17490.00    17805.00 18245.00 17730.00 17885.00   +395.00    +2.26%
       6           182  6640      均華                  571.00        403.00    34.06%   1020.00  1035.00   995.00   995.00     1195.00  1195.00  1125.00  1170.00   +175.00   +17.59%
       7           168  6538      倉和                  194.00         32.50    32.75%    177.50   177.50   174.00   177.50      337.50   370.00   337.50   368.00   +190.50  +107.32%
       8           180  3374      精材                  204.50         76.50    25.95%    333.50   341.00   324.50   325.00      472.00   496.00   463.00   463.50   +138.50   +42.62%
       9           150  3491      昇達科                 625.00        510.00    23.32%   1360.00  1440.00  1325.00  1345.00     1310.00  1440.00  1310.00  1415.00    +70.00    +5.20%
      10           212  3693      營邦                  188.00         83.00    21.29%    531.00   552.00   531.00   552.00      678.00   693.00   660.00   663.00   +111.00   +20.11%
      11           238  6173      信昌電                 167.50         62.50    21.29%    207.50   223.50   203.50   223.50      295.00   321.00   281.00   290.00    +66.50   +29.75%
      12           253  6727      亞泰金屬                230.00        136.50    18.96%    408.00   408.00   390.00   393.00      505.00   524.00   499.00   507.00   +114.00   +29.01%
      13           207  7717      萊德光電-KY             198.50        112.50    17.44%    444.50   456.00   428.00   428.00      470.00   528.00   463.00   517.00    +89.00   +20.79%
      14            37  8227      巨有科技                 75.00          0.00    15.21%    161.00   163.50   156.50   157.50      235.00   239.00   229.50   239.00    +81.50   +51.75%
      15           179  3680      家登                  160.50         90.50    14.19%    460.00   480.00   459.00   472.00      518.00   524.00   508.00   510.00    +38.00    +8.05%
      16            91  6870      騰雲                   71.50         10.00    12.47%    263.50   265.00   255.00   261.50      291.00   311.50   287.00   306.50    +45.00   +17.21%
      17             3  7825      和亞智慧                 60.60          0.00    12.29%        --       --       --       --      101.00   117.50    98.20   107.50        --        --
      18           127  6983      華洋精機                 84.50         27.00    11.66%    303.00   311.50   299.00   299.00      350.00   350.00   344.50   345.50    +46.50   +15.55%
      19           263  4908      前鼎                  107.50         50.00    11.66%    166.00   168.00   159.00   160.00      242.50   253.00   235.00   237.50    +77.50   +48.44%
      20           171  8358      金居                  181.50        125.00    11.46%    445.00   445.00   417.00   421.00      497.50   505.00   480.50   485.00    +64.00   +15.20%
      21           134  3498      陽程                   77.50         23.50    10.95%    144.00   144.00   144.00   144.00      188.00   196.00   184.50   192.00    +48.00   +33.33%
      22           218  3441      聯一光                  72.70         21.50    10.38%     87.40    88.70    85.00    85.00      149.50   166.00   147.00   166.00    +81.00   +95.29%
      23           154  3234      光環                   66.00         16.50    10.04%    133.50   146.00   133.50   141.00      187.00   194.50   183.50   187.50    +46.50   +32.98%
      24            87  7714      創泓科技                 59.00          9.50    10.04%    153.00   160.00   153.00   157.00      154.50   173.50   154.50   173.50    +16.50   +10.51%
      25           181  6290      良維                   76.00         28.00     9.73%    222.50   231.50   220.00   220.50      267.00   268.00   255.00   258.00    +37.50   +17.01%
      26           242  6291      沛亨                  149.00        104.50     9.02%    418.00   418.00   387.00   387.00      486.50   492.50   471.50   478.00    +91.00   +23.51%
      27           118  5432      新門                   44.50          0.00     9.02%    130.00   136.00   127.00   135.50      151.00   151.00   147.00   149.00    +13.50    +9.96%
      28           114  7792      安葆                   59.50         16.50     8.72%    255.50   255.50   241.50   242.50      316.50   320.00   305.50   305.50    +63.00   +25.98%
      29            40  6667      信紘科                  37.00          0.00     7.50%    230.00   231.00   224.50   225.50      262.50   264.50   246.50   247.00    +21.50    +9.53%
      30           184  6584      南俊國際                193.00        159.00     6.89%    580.00   597.00   573.00   597.00      550.00   569.00   536.00   567.00    -30.00    -5.03%
      31           232  3105      穩懋                  169.00        135.00     6.89%    406.50   417.50   383.00   387.00      449.50   450.00   435.00   437.50    +50.50   +13.05%
      32            30  3152      璟德                   33.50          0.00     6.79%    233.50   236.00   230.50   231.00      221.00   224.50   221.00   222.00     -9.00    -3.90%
      33           111  6217      中探針                  47.50         14.00     6.79%    160.00   169.00   160.00   168.50      166.50   174.00   165.00   165.00     -3.50    -2.08%
      34           106  6617      共信-KY                33.00          0.00     6.69%    100.50   103.50    99.60   102.00      130.00   132.00   128.50   130.00    +28.00   +27.45%
      35            93  7772      耀穎                   31.50          0.00     6.39%     91.10    95.10    91.10    93.60      115.00   132.00   115.00   132.00    +38.40   +41.03%
      36           144  5386      青雲                   98.50         67.50     6.29%    285.00   285.00   278.00   278.00      327.50   339.00   312.00   318.00    +40.00   +14.39%
      37           132  3264      欣銓                   39.00          9.50     5.98%    222.50   238.00   220.00   230.50      235.50   237.00   227.00   230.50     +0.00    +0.00%
      38           120  6147      頎邦                   39.00          9.50     5.98%    159.00   171.00   159.00   164.50      186.50   188.50   180.00   181.00    +16.50   +10.03%
      39           255  7744      崴寶                  162.00        135.00     5.47%    467.50   497.00   461.50   486.00      509.00   509.00   486.00   497.00    +11.00    +2.26%
      40            53  3228      金麗科                  26.50          0.00     5.37%    148.50   155.00   148.00   149.00      167.50   169.00   164.00   165.50    +16.50   +11.07%
==========================================================================================================================================================================
✅ 共 40 筆


══════════════════════════════════════════════════════════════════════════════════════════════════════════════
  🔄 第 17/20 次  2026/08/12 ～ 2026/09/10
══════════════════════════════════════════════════════════════════════════════════════════════════════════════

==========================================================================================================================================================================
📊 累計漲跌停強度排名 (2026/08/12 ~ 2026/09/10)
==========================================================================================================================================================================
    實資排名        累計天數排名  代號        名稱                 累計漲停(元)       累計跌停(元)       強度%  (08/12)開盤      最高      最低      收盤    (09/10)開盤      最高      最低      收盤      賺賠    賺賠率
--------------------------------------------------------------------------------------------------------------------------------------------------------------------------
       1            27  5274      信驊                 5960.00       3990.00    33.10%  16450.00 17395.00 16450.00 17370.00    18280.00 18865.00 17900.00 18700.00  +1330.00    +7.66%
       2            95  6510      精測                 1500.00        655.00    14.20%   2855.00  2950.00  2815.00  2825.00     3605.00  3740.00  3575.00  3670.00   +845.00   +29.91%
       3           138  7828      創新服務               1015.00        535.00     8.06%   1625.00  1760.00  1625.00  1760.00     2090.00  2175.00  1965.00  2055.00   +295.00   +16.76%
       4           147  3324      雙鴻                  677.00        336.00     5.73%   1035.00  1070.00  1035.00  1050.00     1355.00  1440.00  1355.00  1440.00   +390.00   +37.14%
       5           212  6739      竹陞科技                545.00        223.00     5.41%   1025.00  1070.00  1010.00  1030.00     1320.00  1320.00  1320.00  1320.00   +290.00   +28.16%
       6           180  6640      均華                  626.00        363.00     4.42%    938.00  1025.00   938.00  1000.00     1190.00  1210.00  1145.00  1210.00   +210.00   +21.00%
       7           158  6187      萬潤                  655.00        500.00     2.60%   1060.00  1155.00  1055.00  1155.00     1340.00  1360.00  1280.00  1280.00   +125.00   +10.82%
       8            88  3081      聯亞                 1555.00       1400.00     2.60%   2560.00  2725.00  2560.00  2725.00     2820.00  2930.00  2755.00  2830.00   +105.00    +3.85%
       9           156  3374      精材                  204.50         52.00     2.56%    332.00   338.00   324.00   330.00      481.00   494.00   476.00   488.00   +158.00   +47.88%
      10           195  6538      倉和                  179.00         32.50     2.46%    148.50   161.50   147.00   161.50      338.00   349.00   335.00   338.50   +177.00  +109.60%
      11           146  3131      弘塑                  835.00        690.00     2.44%   2405.00  2570.00  2405.00  2555.00     2520.00  2520.00  2430.00  2460.00    -95.00    -3.72%
      12           235  3693      營邦                  198.00         55.00     2.40%    492.50   510.00   492.50   502.00      700.00   719.00   687.00   691.00   +189.00   +37.65%
      13           169  8358      金居                  219.50         89.00     2.19%    402.50   418.50   402.00   418.50      518.00   525.00   515.00   521.00   +102.50   +24.49%
      14           265  6173      信昌電                 186.00         62.50     2.08%    186.50   203.50   182.50   203.50      268.50   295.00   265.50   295.00    +91.50   +44.96%
      15           219  6727      亞泰金屬                230.00        122.50     1.81%    388.00   408.00   388.00   395.00      508.00   535.00   503.00   521.00   +126.00   +31.90%
      16           217  4971      IET-KY              299.00        193.00     1.78%    478.00   500.00   475.00   500.00      613.00   627.00   600.00   600.00   +100.00   +20.00%
      17            78  7751      竑騰                 1010.00        905.00     1.76%   1230.00  1320.00  1225.00  1315.00     1580.00  1585.00  1500.00  1500.00   +185.00   +14.07%
      18           163  3491      昇達科                 610.00        510.00     1.68%   1250.00  1350.00  1250.00  1320.00     1425.00  1425.00  1350.00  1355.00    +35.00    +2.65%
      19           229  6291      沛亨                  185.50         87.50     1.65%    366.50   402.50   366.50   402.50      473.00   503.00   471.00   495.00    +92.50   +22.98%
      20           156  3680      家登                  160.50         65.50     1.60%    452.00   459.50   450.00   452.50      567.00   570.00   533.00   535.00    +82.50   +18.23%
      21           231  6488      環球晶                 455.00        366.00     1.50%    844.00   933.00   844.00   933.00      941.00   941.00   903.00   917.00    -16.00    -1.71%
      22           226  3105      穩懋                  198.00        111.00     1.46%    372.00   408.00   370.50   400.00      462.50   465.00   452.00   461.50    +61.50   +15.38%
      23           225  7717      萊德光電-KY             193.50        112.50     1.36%    412.50   440.00   412.50   436.50      515.00   519.00   483.00   486.50    +50.00   +11.45%
      24           108  7792      安葆                   80.50          0.00     1.35%    232.50   232.50   232.50   232.50      322.50   324.00   315.00   322.00    +89.50   +38.49%
      25           264  4908      前鼎                  119.00         38.50     1.35%    152.50   166.00   152.50   162.50      239.00   265.00   238.00   249.00    +86.50   +53.23%
      26           106  3529      力旺                 1275.00       1200.00     1.26%   2660.00  2705.00  2635.00  2660.00     2790.00  2835.00  2720.00  2730.00    +70.00    +2.63%
      27           204  3363      上詮                  254.00        188.00     1.11%    616.00   652.00   612.00   630.00      706.00   732.00   694.00   714.00    +84.00   +13.33%
      28           153  6290      良維                   76.00         11.00     1.09%    221.00   225.50   218.50   218.50      272.00   279.00   267.00   275.00    +56.50   +25.86%
      29           191  3234      光環                   77.50         16.50     1.02%    117.00   133.50   117.00   133.00      196.00   205.50   192.50   195.00    +62.00   +46.62%
      30             3  7825      和亞智慧                 60.60          0.00     1.02%        --       --       --       --       91.00   119.50    91.00   109.50        --        --
      31           127  6983      華洋精機                 84.50         27.00     0.97%    300.00   303.00   297.00   297.00      351.00   353.50   345.00   346.00    +49.00   +16.50%
      32           163  5432      新門                   54.50          0.00     0.92%    113.50   126.00   113.50   125.00      157.50   163.00   153.00   153.00    +28.00   +22.40%
      33           134  3498      陽程                   77.50         23.50     0.91%    126.00   133.00   124.50   131.00      189.50   201.00   189.00   191.00    +60.00   +45.80%
      34            33  8227      巨有科技                 53.50          0.00     0.90%    162.00   163.50   154.00   159.00      203.00   217.50   201.00   217.50    +58.50   +36.79%
      35           225  7744      崴寶                  162.00        118.00     0.74%    457.00   464.50   450.00   457.50      528.00   532.00   509.00   514.00    +56.50   +12.35%
      36            86  6870      騰雲                   51.50         10.00     0.70%    265.00   265.00   253.00   257.00      280.00   293.00   280.00   286.50    +29.50   +11.48%
      37            84  3264      欣銓                   39.00          0.00     0.66%    221.00   225.50   216.00   216.50      242.00   251.50   236.00   240.00    +23.50   +10.85%
      38            70  6147      頎邦                   39.00          0.00     0.66%    160.50   163.00   156.00   156.50      193.50   202.50   189.00   190.50    +34.00   +21.73%
      39            40  6667      信紘科                  37.00          0.00     0.62%    225.50   230.00   225.00   229.50      253.50   253.50   249.50   251.00    +21.50    +9.37%
      40           211  3441      聯一光                  57.70         21.50     0.61%     79.30    87.20    79.20    87.20      141.50   157.00   137.00   151.00    +63.80   +73.17%
==========================================================================================================================================================================
✅ 共 40 筆


══════════════════════════════════════════════════════════════════════════════════════════════════════════════
  🔄 第 18/20 次  2026/08/11 ～ 2026/09/09
══════════════════════════════════════════════════════════════════════════════════════════════════════════════

==========================================================================================================================================================================
📊 累計漲跌停強度排名 (2026/08/11 ~ 2026/09/09)
==========================================================================================================================================================================
    實資排名        累計天數排名  代號        名稱                 累計漲停(元)       累計跌停(元)       強度%  (08/11)開盤      最高      最低      收盤    (09/09)開盤      最高      最低      收盤      賺賠    賺賠率
--------------------------------------------------------------------------------------------------------------------------------------------------------------------------
       1            30  5274      信驊                 5865.00       4090.00    31.42%  16800.00 16800.00 15930.00 16440.00    19565.00 19575.00 18100.00 18605.00  +2165.00   +13.17%
       2           101  6510      精測                 1440.00        700.00    13.10%   2780.00  2875.00  2770.00  2800.00     3810.00  3935.00  3570.00  3610.00   +810.00   +28.93%
       3           134  7828      創新服務               1015.00        560.00     8.05%   1580.00  1645.00  1550.00  1605.00     2130.00  2230.00  2035.00  2080.00   +475.00   +29.60%
       4           148  3324      雙鴻                  657.00        336.00     5.68%   1015.00  1050.00  1000.00  1045.00     1375.00  1400.00  1320.00  1385.00   +340.00   +32.54%
       5           164  3491      昇達科                 650.00        410.00     4.25%   1230.00  1275.00  1215.00  1275.00     1500.00  1550.00  1450.00  1455.00   +180.00   +14.12%
       6           173  6640      均華                  616.00        423.00     3.42%   1055.00  1105.00   941.00   945.00     1215.00  1270.00  1140.00  1200.00   +255.00   +26.98%
       7           162  6187      萬潤                  655.00        490.00     2.92%   1165.00  1195.00  1035.00  1050.00     1410.00  1425.00  1325.00  1330.00   +280.00   +26.67%
       8           176  8358      金居                  254.00         89.00     2.92%    346.00   380.50   346.00   380.50      534.00   535.00   519.00   526.00   +145.50   +38.24%
       9           148  3131      弘塑                  835.00        675.00     2.83%   2470.00  2470.00  2365.00  2390.00     2665.00  2745.00  2500.00  2555.00   +165.00    +6.90%
      10           222  6739      竹陞科技                425.00        268.00     2.78%   1095.00  1100.00  1000.00  1005.00     1165.00  1215.00  1150.00  1200.00   +195.00   +19.40%
      11           168  6538      倉和                  179.00         22.00     2.78%    143.50   149.50   140.50   147.00      320.00   353.00   316.50   349.00   +202.00  +137.41%
      12           235  3693      營邦                  198.00         55.00     2.53%    493.00   500.00   481.50   492.00      675.00   704.00   664.00   700.00   +208.00   +42.28%
      13           141  3374      精材                  195.00         52.00     2.53%    341.00   351.50   324.00   334.00      471.00   487.00   471.00   478.50   +144.50   +43.26%
      14           221  6488      環球晶                 455.00        328.00     2.25%    847.00   883.00   823.00   849.00      961.00   965.00   946.00   955.00   +106.00   +12.49%
      15           144  3680      家登                  160.50         34.50     2.23%    447.00   459.00   445.00   445.00      573.00   573.00   563.00   566.00   +121.00   +27.19%
      16            80  3081      聯亞                 1555.00       1435.00     2.12%   2420.00  2485.00  2415.00  2480.00     3085.00  3150.00  2820.00  2850.00   +370.00   +14.92%
      17           268  6173      信昌電                 176.00         62.50     2.01%    168.00   185.00   168.00   185.00      278.00   281.50   267.00   268.50    +83.50   +45.14%
      18           162  6683      雍智科技                605.00        505.00     1.77%   1240.00  1280.00  1195.00  1245.00     1435.00  1505.00  1350.00  1370.00   +125.00   +10.04%
      19           186  8299      群聯                  590.00        495.00     1.68%   2035.00  2100.00  2015.00  2090.00     2100.00  2125.00  2070.00  2085.00     -5.00    -0.24%
      20           207  6727      亞泰金屬                217.00        122.50     1.67%    388.50   402.50   381.50   390.50      526.00   540.00   499.50   508.00   +117.50   +30.09%
      21           215  4971      IET-KY              299.00        209.00     1.59%    478.00   485.00   462.00   465.00      634.00   664.00   606.00   621.00   +156.00   +33.55%
      22           108  7792      安葆                   80.50          0.00     1.42%    214.50   217.50   209.50   211.50      317.00   328.50   312.50   322.50   +111.00   +52.48%
      23           264  4908      前鼎                  119.00         38.50     1.42%    152.50   157.00   148.50   151.00      238.50   243.00   229.50   242.00    +91.00   +60.26%
      24            79  7751      竑騰                 1010.00        930.00     1.42%   1310.00  1310.00  1255.00  1255.00     1585.00  1640.00  1585.00  1610.00   +355.00   +28.29%
      25           228  7717      萊德光電-KY             193.50        116.00     1.37%    416.00   427.00   406.00   411.00      476.00   512.00   472.00   509.00    +98.00   +23.84%
      26           249  3105      穩懋                  198.00        125.50     1.28%    377.50   382.50   361.50   371.00      462.00   478.00   457.50   464.00    +93.00   +25.07%
      27           177  6584      南俊國際                196.00        127.00     1.22%    530.00   540.00   520.00   538.00      582.00   600.00   582.00   586.00    +48.00    +8.92%
      28           239  6291      沛亨                  170.50        105.00     1.16%    378.00   380.00   356.50   366.00      474.00   506.00   473.50   480.00   +114.00   +31.15%
      29           153  6290      良維                   76.00         11.00     1.15%    212.00   223.50   212.00   220.00      272.50   284.00   271.00   275.00    +55.00   +25.00%
      30           191  3234      光環                   77.50         16.50     1.08%    120.00   124.50   114.00   121.50      200.00   206.00   194.00   200.00    +78.50   +64.61%
      31           127  6983      華洋精機                 84.50         27.00     1.02%    299.00   299.50   293.50   299.00      349.50   364.00   349.50   351.50    +52.50   +17.56%
      32           163  5432      新門                   54.50          0.00     0.96%    113.50   116.00   112.00   115.00      167.50   167.50   156.00   157.00    +42.00   +36.52%
      33           134  3498      陽程                   77.50         23.50     0.96%    130.00   131.00   121.50   124.50      190.50   197.50   187.00   191.00    +66.50   +53.41%
      34            37  8227      巨有科技                 48.00          0.00     0.85%    146.00   158.00   144.50   158.00      183.00   198.00   178.50   198.00    +40.00   +25.32%
      35           216  6829      千附精密                 94.00         46.50     0.84%    204.00   207.00   197.50   206.00      249.50   264.00   247.00   254.00    +48.00   +23.30%
      36           228  7744      崴寶                  162.00        117.50     0.79%    482.50   482.50   450.00   453.00      526.00   537.00   517.00   529.00    +76.00   +16.78%
      37           148  5475      德宏                   69.50         25.50     0.78%    131.50   137.50   131.00   135.00      190.00   203.50   188.50   193.00    +58.00   +42.96%
      38            86  6870      騰雲                   51.50         10.00     0.73%    252.50   257.00   246.00   257.00      293.00   298.50   288.50   289.00    +32.00   +12.45%
      39            84  3264      欣銓                   39.00          0.00     0.69%    221.00   221.50   214.50   219.50      225.00   235.50   225.00   233.00    +13.50    +6.15%
      40            70  6147      頎邦                   39.00          0.00     0.69%    151.00   166.00   146.50   161.50      189.00   203.00   189.00   198.00    +36.50   +22.60%
==========================================================================================================================================================================
✅ 共 40 筆


══════════════════════════════════════════════════════════════════════════════════════════════════════════════
  🔄 第 19/20 次  2026/08/10 ～ 2026/09/08
══════════════════════════════════════════════════════════════════════════════════════════════════════════════

==========================================================================================================================================================================
📊 累計漲跌停強度排名 (2026/08/10 ~ 2026/09/08)
==========================================================================================================================================================================
    實資排名        累計天數排名  代號        名稱                 累計漲停(元)       累計跌停(元)       強度%  (08/10)開盤      最高      最低      收盤    (09/08)開盤      最高      最低      收盤      賺賠    賺賠率
--------------------------------------------------------------------------------------------------------------------------------------------------------------------------
       1            31  5274      信驊                 6060.00       3475.00    32.53%  16750.00 17395.00 16535.00 16540.00    19260.00 19795.00 18840.00 19220.00  +2680.00   +16.20%
       2            89  6510      精測                 1590.00        690.00    11.33%   2790.00  2950.00  2785.00  2845.00     3485.00  3710.00  3405.00  3620.00   +775.00   +27.24%
       3            70  3081      聯亞                 1785.00       1420.00     4.59%   2500.00  2535.00  2420.00  2535.00     3115.00  3150.00  2825.00  2865.00   +330.00   +13.02%
       4           129  7828      創新服務                970.00        615.00     4.47%   1700.00  1745.00  1630.00  1655.00     1890.00  2055.00  1890.00  2035.00   +380.00   +22.96%
       5           153  3131      弘塑                  920.00        595.00     4.09%   2455.00  2570.00  2415.00  2470.00     2570.00  2725.00  2505.00  2635.00   +165.00    +6.68%
       6           167  6640      均華                  703.00        408.00     3.71%   1005.00  1005.00  1005.00  1005.00     1305.00  1320.00  1205.00  1215.00   +210.00   +20.90%
       7           144  3324      雙鴻                  612.00        336.00     3.47%   1025.00  1080.00  1005.00  1010.00     1425.00  1425.00  1300.00  1340.00   +330.00   +32.67%
       8           158  3491      昇達科                 650.00        375.00     3.46%   1290.00  1290.00  1215.00  1235.00     1530.00  1570.00  1460.00  1490.00   +255.00   +20.65%
       9           161  6683      雍智科技                715.00        470.00     3.08%   1150.00  1230.00  1150.00  1230.00     1400.00  1470.00  1395.00  1405.00   +175.00   +14.23%
      10           160  6187      萬潤                  655.00        475.00     2.27%   1165.00  1220.00  1080.00  1090.00     1355.00  1435.00  1350.00  1385.00   +295.00   +27.06%
      11           159  3374      精材                  225.50         52.00     2.18%    325.50   337.00   325.50   337.00      474.00   482.50   456.00   475.00   +138.00   +40.95%
      12           176  8358      金居                  254.00         89.00     2.08%    354.50   369.50   342.50   346.00      520.00   528.00   512.00   520.00   +174.00   +50.29%
      13           232  6739      竹陞科技                415.00        268.00     1.85%   1025.00  1105.00  1025.00  1050.00     1110.00  1170.00  1110.00  1145.00    +95.00    +9.05%
      14           159  6538      倉和                  151.00         22.00     1.62%    144.50   151.50   143.50   145.50      307.00   328.00   299.00   321.00   +175.50  +120.62%
      15           315  6173      信昌電                 186.50         62.50     1.56%    162.00   172.00   161.50   168.50      285.00   285.00   267.50   273.50   +105.00   +62.31%
      16           215  4971      IET-KY              324.50        209.00     1.45%    479.00   505.00   470.00   502.00      615.00   638.00   596.00   605.00   +103.00   +20.52%
      17           211  8299      群聯                  610.00        495.00     1.45%   2060.00  2080.00  2030.00  2040.00     2115.00  2160.00  2080.00  2085.00    +45.00    +2.21%
      18           199  6727      亞泰金屬                217.00        104.50     1.42%    399.50   406.50   388.00   388.00      545.00   570.00   516.00   526.00   +138.00   +35.57%
      19           229  6488      環球晶                 455.00        346.00     1.37%    880.00   888.00   852.00   854.00      986.00  1010.00   944.00   955.00   +101.00   +11.83%
      20           101  3529      力旺                 1385.00       1280.00     1.32%   2755.00  2995.00  2705.00  2835.00     2640.00  2825.00  2555.00  2825.00    -10.00    -0.35%
      21           228  3363      上詮                  312.00        222.00     1.13%    604.00   640.00   603.00   640.00      728.00   749.00   707.00   711.00    +71.00   +11.09%
      22           232  3693      營邦                  167.00         82.00     1.07%    526.00   529.00   499.50   500.00      689.00   715.00   633.00   669.00   +169.00   +33.80%
      23           139  3680      家登                  115.50         34.50     1.02%    442.50   451.50   442.50   446.00      534.00   551.00   521.00   521.00    +75.00   +16.82%
      24           108  7792      安葆                   80.50          0.00     1.01%    208.00   217.50   208.00   214.50      315.00   323.00   313.50   316.50   +102.00   +47.55%
      25           289  4908      前鼎                  116.00         38.50     0.98%    149.00   156.50   148.50   155.00      224.00   235.50   221.00   227.50    +72.50   +46.77%
      26           173  4979      華星光                 278.00        206.00     0.91%    517.00   536.00   508.00   536.00      598.00   630.00   590.00   605.00    +69.00   +12.87%
      27           237  3234      光環                   88.00         16.50     0.90%    118.00   118.00   116.00   118.00      203.50   206.50   195.50   197.00    +79.00   +66.95%
      28           264  3105      穩懋                  195.00        125.50     0.87%    379.00   401.00   374.00   385.50      457.00   458.00   440.00   441.50    +56.00   +14.53%
      29           170  6290      良維                   77.50         11.00     0.84%    204.50   219.00   203.50   214.00      272.00   272.00   262.00   264.50    +50.50   +23.60%
      30           270  6291      沛亨                  165.00        105.00     0.76%    379.00   388.00   375.50   383.50      458.00   483.00   458.00   463.50    +80.00   +20.86%
      31           127  6983      華洋精機                 84.50         27.00     0.72%    299.50   306.00   298.50   302.00      357.00   357.00   343.50   344.00    +42.00   +13.91%
      32           171  6584      南俊國際                196.00        139.00     0.72%    570.00   570.00   515.00   522.00      618.00   623.00   602.00   602.00    +80.00   +15.33%
      33           163  5432      新門                   54.50          0.00     0.69%    112.00   113.00   110.00   112.00      162.50   170.00   160.00   162.00    +50.00   +44.64%
      34           134  3498      陽程                   77.50         23.50     0.68%    118.50   127.00   118.00   125.00      189.00   192.00   185.50   189.50    +64.50   +51.60%
      35           115  3264      欣銓                   54.00          0.00     0.68%    213.50   228.00   210.50   222.50      234.00   242.00   222.50   225.00     +2.50    +1.12%
      36           249  7717      萊德光電-KY             168.50        116.00     0.66%    435.00   445.00   428.50   437.00      493.50   510.00   456.00   466.00    +29.00    +6.64%
      37           337  3211      順達                  170.50        121.50     0.62%    340.00   372.00   339.00   370.00      387.00   389.00   373.00   375.50     +5.50    +1.49%
      38           141  8155      博智                   67.00         21.00     0.58%    298.00   315.00   298.00   308.50      349.50   349.50   338.50   341.50    +33.00   +10.70%
      39           155  7805      威聯通                  92.00         46.00     0.58%    649.00   686.00   649.00   677.00      509.00   512.00   506.00   508.00   -169.00   -24.96%
      40           161  3455      由田                   73.50         28.50     0.57%    193.00   208.50   192.00   205.50      235.00   236.50   227.50   229.50    +24.00   +11.68%
==========================================================================================================================================================================
✅ 共 40 筆


══════════════════════════════════════════════════════════════════════════════════════════════════════════════
  🔄 第 20/20 次  2026/08/07 ～ 2026/09/07
══════════════════════════════════════════════════════════════════════════════════════════════════════════════

==========================================================================================================================================================================
📊 累計漲跌停強度排名 (2026/08/07 ~ 2026/09/07)
==========================================================================================================================================================================
    實資排名        累計天數排名  代號        名稱                 累計漲停(元)       累計跌停(元)       強度%  (08/07)開盤      最高      最低      收盤    (09/07)開盤      最高      最低      收盤      賺賠    賺賠率
--------------------------------------------------------------------------------------------------------------------------------------------------------------------------
       1            32  5274      信驊                 6060.00       3880.00    37.24%  16800.00 17000.00 16170.00 16345.00    19215.00 19215.00 18700.00 19215.00  +2870.00   +17.56%
       2            88  6510      精測                 1440.00        830.00    10.42%   2830.00  2885.00  2695.00  2695.00     3470.00  3645.00  3350.00  3470.00   +775.00   +28.76%
       3            77  3081      聯亞                 1785.00       1285.00     8.54%   2420.00  2555.00  2275.00  2305.00     3220.00  3220.00  3000.00  3070.00   +765.00   +33.19%
       4           180  6640      均華                  703.00        353.00     5.98%    948.00   948.00   909.00   918.00     1250.00  1320.00  1175.00  1300.00   +382.00   +41.61%
       5           152  3324      雙鴻                  612.00        281.00     5.65%   1060.00  1075.00  1000.00  1015.00     1505.00  1505.00  1425.00  1440.00   +425.00   +41.87%
       6           148  3131      弘塑                  840.00        595.00     4.19%   2385.00  2455.00  2380.00  2385.00     2400.00  2585.00  2390.00  2555.00   +170.00    +7.13%
       7           151  3491      昇達科                 650.00        470.00     3.08%   1350.00  1395.00  1230.00  1235.00     1515.00  1540.00  1465.00  1510.00   +275.00   +22.27%
       8           170  6683      雍智科技                715.00        535.00     3.08%   1160.00  1190.00  1110.00  1120.00     1455.00  1495.00  1395.00  1410.00   +290.00   +25.89%
       9           206  3374      精材                  225.50         61.50     2.80%    310.00   330.00   301.00   306.50      448.00   472.50   436.00   469.50   +163.00   +53.18%
      10           138  7828      創新服務                805.00        660.00     2.48%   1730.00  1780.00  1700.00  1710.00     1990.00  2000.00  1855.00  1870.00   +160.00    +9.36%
      11           190  8358      金居                  254.00        121.00     2.27%    393.00   397.00   350.00   352.00      510.00   524.00   502.00   515.00   +163.00   +46.31%
      12           183  8299      群聯                  610.00        485.00     2.14%   2060.00  2075.00  1970.00  2020.00     2075.00  2115.00  2065.00  2095.00    +75.00    +3.71%
      13           215  6488      環球晶                 455.00        330.00     2.14%    879.00   910.00   855.00   872.00      990.00  1015.00   966.00   971.00    +99.00   +11.35%
      14           330  6173      信昌電                 186.50         62.50     2.12%    170.00   172.00   156.00   158.00      273.50   286.50   273.00   286.50   +128.50   +81.33%
      15           158  6187      萬潤                  640.00        520.00     2.05%   1175.00  1185.00  1110.00  1130.00     1320.00  1400.00  1310.00  1370.00   +240.00   +21.24%
      16           149  6538      倉和                  135.00         22.00     1.93%    148.00   158.50   142.50   145.00      295.50   315.00   281.50   305.00   +160.00  +110.34%
      17           173  6584      南俊國際                246.00        139.00     1.83%    531.00   550.00   529.00   550.00      641.00   643.00   618.00   619.00    +69.00   +12.55%
      18           199  6727      亞泰金屬                217.00        110.50     1.82%    409.50   409.50   377.00   383.00      543.00   561.00   530.00   537.00   +154.00   +40.21%
      19           227  7744      崴寶                  181.50         79.50     1.74%    495.50   495.50   458.00   470.00      548.00   572.00   539.00   561.00    +91.00   +19.36%
      20           236  4971      IET-KY              324.50        228.50     1.64%    499.00   499.00   450.00   460.50      633.00   635.00   606.00   610.00   +149.50   +32.46%
      21           259  3693      營邦                  167.00         79.00     1.50%    549.00   562.00   522.00   527.00      669.00   700.00   665.00   682.00   +155.00   +29.41%
      22           242  7717      萊德光電-KY             168.50         88.00     1.38%    418.50   436.00   417.00   419.00      492.50   494.00   492.00   494.00    +75.00   +17.90%
      23           224  3363      上詮                  312.00        232.00     1.37%    604.00   622.00   571.00   582.00      740.00   750.00   717.00   723.00   +141.00   +24.23%
      24           237  3234      光環                   88.00         16.50     1.22%    111.00   112.50   103.00   107.50      202.00   205.50   196.00   199.50    +92.00   +85.58%
      25           154  7792      安葆                   80.50         10.00     1.20%    220.00   220.00   205.50   207.00      308.00   319.50   308.00   314.50   +107.50   +51.93%
      26           168  3680      家登                  115.50         49.00     1.14%    455.00   462.00   434.00   438.50      528.00   535.00   524.00   529.00    +90.50   +20.64%
      27           321  4908      前鼎                  116.00         52.00     1.09%    156.50   161.50   142.00   143.50      230.50   231.50   220.50   223.00    +79.50   +55.40%
      28           127  6983      華洋精機                 84.50         27.00     0.98%    305.00   305.00   298.50   298.50      359.00   359.00   345.00   349.50    +51.00   +17.09%
      29           161  4979      華星光                 263.00        206.00     0.97%    494.00   498.00   473.00   488.00      630.00   635.00   590.00   590.00   +102.00   +20.90%
      30           208  6290      良維                   77.50         23.00     0.93%    213.00   214.50   200.00   202.00      278.00   283.00   266.00   269.50    +67.50   +33.42%
      31           163  5432      新門                   54.50          0.00     0.93%    114.00   117.00   107.00   107.50      159.00   170.00   154.00   164.50    +57.00   +53.02%
      32           134  3498      陽程                   77.50         23.50     0.92%    111.50   121.00   110.50   116.50      194.00   196.00   188.50   189.50    +73.00   +62.66%
      33           115  3264      欣銓                   54.00          0.00     0.92%    211.50   219.00   206.00   207.50      230.00   233.00   227.00   227.00    +19.50    +9.40%
      34           291  3105      穩懋                  195.00        141.50     0.91%    384.50   394.50   359.50   366.00      453.50   463.00   446.50   450.50    +84.50   +23.09%
      35            59  6870      騰雲                   51.50          0.00     0.88%    261.50   265.00   256.00   256.00      291.00   315.00   284.50   301.50    +45.50   +17.77%
      36           186  6829      千附精密                 81.00         29.50     0.88%    196.00   201.50   189.50   191.50      247.00   265.00   245.00   258.00    +66.50   +34.73%
      37           104  3265      台星科                  46.00          0.00     0.79%    157.50   159.50   153.50   153.50      179.00   179.50   176.00   176.00    +22.50   +14.66%
      38           155  7805      威聯通                  92.00         46.00     0.79%    642.00   648.00   640.00   644.00      511.00   515.00   506.00   514.00   -130.00   -20.19%
      39           161  3455      由田                   73.50         28.50     0.77%    189.50   195.00   186.00   190.00      242.50   242.50   233.00   235.00    +45.00   +23.68%
      40           200  4991      環宇-KY               255.00        210.50     0.76%    443.00   478.50   443.00   465.00      520.00   520.00   489.00   494.00    +29.00    +6.24%
==========================================================================================================================================================================
✅ 共 40 筆
