
██████████████████████████████████████████████████████████████████████████████████████████████████████████████
  📅 天數組合: 45 日  →  輸出檔: q14_45.txt
██████████████████████████████████████████████████████████████████████████████████████████████████████████████

🔁 共執行 45 次，每次區間長度 46 個交易日

══════════════════════════════════════════════════════════════════════════════════════════════════════════════
  🔄 第  1/45 次  2026/07/29 ～ 2026/10/06
══════════════════════════════════════════════════════════════════════════════════════════════════════════════

==========================================================================================================================================================================
📊 ROI 每日報酬率累計排名 (2026/07/29 ~ 2026/10/06)
==========================================================================================================================================================================
    實資排名          累計天數排名  代號        名稱                 累計漲停(元)       累計跌停(元)       強度%  (07/29)開盤      最高      最低      收盤    (10/06)開盤      最高      最低      收盤      賺賠    賺賠率
--------------------------------------------------------------------------------------------------------------------------------------------------------------------------
       1              31  2221      大甲                   82.00         18.50   100.00%     45.90    46.35    42.65    44.05      186.50   188.00   180.00   186.00   +141.95  +322.25%
       2              78  3441      聯一光                 151.20         21.50    85.79%     77.50    84.90    75.00    84.80      238.00   255.00   238.00   255.00   +170.20  +200.71%
       3             100  8227      巨有科技                225.00         14.00    80.84%    146.00   146.00   130.00   134.00      366.00   377.00   350.00   370.00   +236.00  +176.12%
       4              60  6538      倉和                  353.00        217.50    77.51%    120.00   123.00   108.50   122.00      322.00   322.00   302.00   302.00   +180.00  +147.54%
       5             123  3498      陽程                  181.50         50.00    77.31%    101.00   101.00    89.30    93.30      248.50   257.00   230.50   234.50   +141.20  +151.34%
       6              95  3219      倚強科                  43.30          0.00    76.04%     58.10    59.00    53.30    55.90      131.50   140.50   130.00   140.50    +84.60  +151.34%
       7             140  3624      光頡                   46.50         10.50    73.63%     67.10    67.10    62.30    62.30      147.50   153.00   144.00   145.00    +82.70  +132.74%
       8              48  7792      安葆                  235.50         56.50    72.92%    201.00   204.00   186.50   191.00      450.00   461.50   438.50   451.50   +260.50  +136.39%
       9             222  3105      穩懋                  519.50        221.00    67.80%    326.50   333.00   291.00   291.00      615.00   623.00   588.00   592.00   +301.00  +103.44%
      10              79  6716      應廣                   25.00         23.50    67.59%     75.20    76.90    69.20    71.00      145.00   146.00   139.50   146.00    +75.00  +105.63%
      11              75  1815      富喬                   11.50         11.00    66.99%     68.60    68.70    61.20    62.70      129.00   133.50   126.50   127.00    +64.30  +102.55%
      12             271  6173      信昌電                 285.50        112.50    66.00%    149.50   149.50   147.00   147.00      292.50   298.50   284.00   284.00   +137.00   +93.20%
      13             216  3234      光環                  111.50         40.50    65.83%    100.50   101.00    90.00    90.00      180.00   181.00   172.50   176.00    +86.00   +95.56%
      14             334  4174      浩鼎                    0.00          0.00    65.67%     26.40    26.50    24.85    25.55       46.15    50.80    45.85    50.80    +25.25   +98.83%
      15             509  3081      聯亞                 3155.00       2180.00    65.22%   1720.00  1740.00  1540.00  1540.00     3015.00  3055.00  2915.00  2920.00  +1380.00   +89.61%
      16             410  4908      前鼎                  213.50        109.00    64.61%    134.00   135.50   120.50   125.50      236.50   237.00   225.00   231.00   +105.50   +84.06%
      17             149  5013      強新                    0.00          0.00    64.38%        --       --       --       --       56.40    56.40    46.35    47.95        --        --
      18             195  5432      新門                  110.00          0.00    64.07%    109.00   109.00    99.90   102.00      192.00   195.50   185.50   195.50    +93.50   +91.67%
      19              82  6218      豪勉                    0.00          0.00    63.09%     31.80    31.90    28.50    30.20       58.80    62.70    56.30    56.50    +26.30   +87.09%
      20             134  8358      金居                  495.00        286.50    63.05%    326.00   326.00   301.00   301.00      577.00   578.00   548.00   551.00   +250.00   +83.06%
      21             107  6708      天擎                    0.00          0.00    62.97%     36.50    37.70    35.00    37.70       75.40    75.40    69.50    72.90    +35.20   +93.37%
      22              55  1569      濱川                    0.00          0.00    62.49%     39.05    39.75    36.50    37.20       70.00    72.30    68.60    70.00    +32.80   +88.17%
      23             153  3455      由田                  159.00         28.50    61.80%    171.00   173.00   152.00   152.00      284.00   284.00   276.00   277.50   +125.50   +82.57%
      24             220  3324      雙鴻                 1357.00        816.00    61.54%    864.00   894.00   816.00   855.00     1540.00  1560.00  1515.00  1530.00   +675.00   +78.95%
      25             155  7772      耀穎                   86.50         49.50    61.51%     89.20    94.90    84.00    85.20      167.50   167.50   151.00   151.00    +65.80   +77.23%
      26             136  6532      瑞耘                   20.00          0.00    61.39%     64.50    65.10    58.70    61.30      111.00   112.50   109.00   111.00    +49.70   +81.08%
      27              69  3490      單井                    0.00          0.00    61.17%     27.00    27.00    25.30    25.85       46.00    47.50    45.00    45.70    +19.85   +76.79%
      28             158  3374      精材                  405.00        217.50    61.00%    308.50   308.50   279.50   279.50      517.00   530.00   481.00   487.50   +208.00   +74.42%
      29             532  6187      萬潤                 1239.00        855.00    60.31%    978.00  1005.00   866.00   890.00     1500.00  1590.00  1445.00  1535.00   +645.00   +72.47%
      30             235  6204      艾華                   19.50          0.00    60.22%     66.50    67.20    61.00    63.20      111.50   116.50   109.50   110.50    +47.30   +74.84%
      31             375  6147      頎邦                  111.00          9.50    60.13%    139.50   139.50   126.00   126.00      218.50   220.00   211.00   216.50    +90.50   +71.83%
      32             264  6727      亞泰金屬                458.00        253.50    59.99%    313.00   313.00   309.00   309.00      537.00   558.00   522.00   528.00   +219.00   +70.87%
      33             308  4971      IET-KY              628.50        431.50    59.73%    397.00   399.00   351.00   351.00      588.00   620.00   581.00   585.00   +234.00   +66.67%
      34             144  6274      台燿                 1505.00        865.00    59.66%   1125.00  1155.00  1020.00  1020.00     1775.00  1775.00  1680.00  1755.00   +735.00   +72.06%
      35             211  3354      律勝                    0.00          0.00    59.23%     20.20    20.20    18.20    18.95       32.20    34.00    30.60    32.10    +13.15   +69.39%
      36             275  5475      德宏                  114.50         55.00    58.88%    113.00   117.00   108.00   109.00      186.00   188.00   180.00   181.00    +72.00   +66.06%
      37             266  3491      昇達科                1597.00        947.00    58.81%   1100.00  1130.00   996.00  1025.00     1710.00  1755.00  1645.00  1715.00   +690.00   +67.32%
      38             302  3675      德微                  248.00         76.50    58.11%    220.00   220.00   194.50   202.50      349.00   354.00   334.00   335.50   +133.00   +65.68%
      39             213  7717      萊德光電-KY             534.50        264.50    58.05%    426.00   426.00   360.50   363.00      606.00   651.00   593.00   593.00   +230.00   +63.36%
      40             530  6683      雍智科技               1647.00       1113.00    57.98%   1040.00  1040.00   936.00   936.00     1575.00  1580.00  1495.00  1505.00   +569.00   +60.79%
==========================================================================================================================================================================
✅ 共 40 筆


══════════════════════════════════════════════════════════════════════════════════════════════════════════════
  🔄 第  2/45 次  2026/07/28 ～ 2026/10/05
══════════════════════════════════════════════════════════════════════════════════════════════════════════════

==========================================================================================================================================================================
📊 ROI 每日報酬率累計排名 (2026/07/28 ~ 2026/10/05)
==========================================================================================================================================================================
    實資排名          累計天數排名  代號        名稱                 累計漲停(元)       累計跌停(元)       強度%  (07/28)開盤      最高      最低      收盤    (10/05)開盤      最高      最低      收盤      賺賠    賺賠率
--------------------------------------------------------------------------------------------------------------------------------------------------------------------------
       1              36  2221      大甲                   82.00         18.50   100.00%     47.50    47.65    45.60    46.35      189.00   191.00   181.00   186.00   +139.65  +301.29%
       2              83  3441      聯一光                 128.20         21.50    87.21%     67.50    77.70    67.00    77.20      215.00   232.00   215.00   232.00   +154.80  +200.52%
       3              51  6538      倉和                  353.00        184.00    84.82%    122.00   122.50   116.00   117.50      367.50   367.50   335.50   335.50   +218.00  +185.53%
       4             124  8227      巨有科技                225.00         24.00    78.33%    145.00   152.00   143.50   144.00      372.00   372.00   361.50   366.00   +222.00  +154.17%
       5             129  3498      陽程                  181.50         50.00    75.95%    105.00   106.00    99.20    99.20      215.00   236.50   214.00   236.50   +137.30  +138.41%
       6             105  3219      倚強科                  30.80          0.00    71.35%     60.50    60.80    57.10    57.30      129.00   131.00   125.50   128.00    +70.70  +123.39%
       7             161  3624      光頡                   46.50         10.50    69.98%     69.20    69.20    69.20    69.20      151.00   154.50   145.50   145.50    +76.30  +110.26%
       8              55  7792      安葆                  222.50         68.50    69.57%    210.00   214.50   203.00   203.00      425.00   440.00   425.00   438.50   +235.50  +116.01%
       9             110  5013      強新                    0.00          0.00    67.76%     24.70    24.70    24.70    24.70       51.50    51.50    51.50    51.50    +26.80  +108.50%
      10             212  3105      穩懋                  519.50        230.00    65.40%    336.00   349.50   322.50   323.00      614.00   630.00   604.00   615.00   +292.00   +90.40%
      11              82  6218      豪勉                    0.00          0.00    64.87%     32.05    33.80    31.00    31.60       62.70    63.40    61.00    61.40    +29.80   +94.30%
      12              81  1815      富喬                   11.50         11.00    64.39%     72.80    72.80    67.80    67.90      124.50   128.50   123.50   128.50    +60.60   +89.25%
      13             141  7772      耀穎                   86.50         33.00    64.03%     95.90    95.90    88.10    89.20      190.00   192.50   167.50   167.50    +78.30   +87.78%
      14             262  6173      信昌電                 285.50        128.50    63.09%    163.00   163.00   163.00   163.00      314.50   314.50   292.00   292.00   +129.00   +79.14%
      15             408  4908      前鼎                  213.50        109.00    62.79%    140.00   142.00   133.00   133.50      234.00   242.00   228.00   234.50   +101.00   +75.66%
      16             205  3234      光環                  111.50         50.40    62.63%     99.70   104.50    98.70    99.90      185.00   190.00   178.50   180.00    +80.10   +80.18%
      17             500  3081      聯亞                 3155.00       2270.00    62.17%   1690.00  1840.00  1645.00  1710.00     3000.00  3105.00  2900.00  3000.00  +1290.00   +75.44%
      18             184  3324      雙鴻                 1357.00        811.00    61.41%    878.00   893.00   867.00   870.00     1515.00  1575.00  1490.00  1550.00   +680.00   +78.16%
      19              66  3490      單井                    0.00          0.00    60.29%     27.40    27.75    26.45    26.65       49.70    50.00    46.10    46.15    +19.50   +73.17%
      20             104  6708      天擎                    0.00          0.00    60.25%        --       --       --       --       68.60    68.60    68.50    68.60        --        --
      21             131  8358      金居                  495.00        300.50    60.21%    350.00   360.50   334.00   334.00      534.00   570.00   526.00   570.00   +236.00   +70.66%
      22             429  4174      浩鼎                    0.00          0.00    60.11%     26.90    26.90    26.20    26.30       45.00    46.20    43.10    46.20    +19.90   +75.67%
      23              97  6716      應廣                   12.00         23.50    60.08%     81.00    81.00    76.80    76.80      123.50   133.00   120.50   133.00    +56.20   +73.18%
      24             137  6532      瑞耘                   20.00          0.00    59.45%     68.00    68.00    64.40    64.70      120.00   120.50   111.00   112.00    +47.30   +73.11%
      25             130  6620      漢達                   57.50         22.50    59.33%     87.90    89.60    86.00    87.30      146.00   150.00   143.00   146.00    +58.70   +67.24%
      26              67  1569      濱川                    0.00          0.00    59.16%     40.60    40.65    39.30    39.30       68.70    71.00    67.50    68.50    +29.20   +74.30%
      27             209  6204      艾華                   19.50          0.00    59.01%     71.10    71.10    66.00    66.40      114.50   116.50   111.50   113.00    +46.60   +70.18%
      28             155  3455      由田                  159.00         45.00    58.36%    176.00   178.00   168.50   168.50      286.00   295.50   274.00   283.50   +115.00   +68.25%
      29             164  3374      精材                  405.00        237.50    57.48%    313.00   321.50   310.50   310.50      478.50   505.00   471.50   498.50   +188.00   +60.55%
      30             273  3675      德微                  248.00         76.50    56.89%    227.00   227.00   216.00   216.00      363.50   377.00   348.00   349.00   +133.00   +61.57%
      31             204  6840      東研信超                  0.00          0.00    56.87%     60.30    62.40    59.00    59.00      100.00   100.00    96.80    97.00    +38.00   +64.41%
      32             236  3508      位速                    0.00          0.00    56.51%     16.10    16.10    15.40    15.45       25.85    26.15    24.75    24.90     +9.45   +61.17%
      33              95  4760      勤凱                  155.50         71.00    56.07%    231.00   233.50   217.00   217.00      348.50   348.50   348.50   348.50   +131.50   +60.60%
      34             270  5432      新門                   92.50          0.00    56.07%    114.00   114.00   109.00   111.00      170.00   179.00   164.50   178.00    +67.00   +60.36%
      35             175  4923      力士                    0.00          0.00    56.01%     42.50    42.50    40.05    40.10       66.00    66.50    63.60    64.10    +24.00   +59.85%
      36             797  6617      共信-KY                45.50          0.00    55.96%     83.80    83.80    80.80    81.50      131.50   131.50   126.50   127.50    +46.00   +56.44%
      37             150  6274      台燿                 1505.00        950.00    55.81%   1180.00  1245.00  1130.00  1130.00     1695.00  1780.00  1680.00  1780.00   +650.00   +57.52%
      38             314  6727      亞泰金屬                458.00        287.50    55.69%    358.00   358.00   343.00   343.00      520.00   545.00   513.00   531.00   +188.00   +54.81%
      39             274  3354      律勝                    0.00          0.00    55.61%     21.35    21.35    20.10    20.20       30.30    33.10    29.45    31.60    +11.40   +56.44%
      40             488  6147      頎邦                  111.00         23.00    55.58%    146.00   150.50   139.50   139.50      227.50   228.00   215.50   216.00    +76.50   +54.84%
==========================================================================================================================================================================
✅ 共 40 筆


══════════════════════════════════════════════════════════════════════════════════════════════════════════════
  🔄 第  3/45 次  2026/07/27 ～ 2026/10/02
══════════════════════════════════════════════════════════════════════════════════════════════════════════════

==========================================================================================================================================================================
📊 ROI 每日報酬率累計排名 (2026/07/27 ~ 2026/10/02)
==========================================================================================================================================================================
    實資排名          累計天數排名  代號        名稱                 累計漲停(元)       累計跌停(元)       強度%  (07/27)開盤      最高      最低      收盤    (10/02)開盤      最高      最低      收盤      賺賠    賺賠率
--------------------------------------------------------------------------------------------------------------------------------------------------------------------------
       1              38  2221      大甲                   82.00         18.50   100.00%     49.30    50.20    48.35    48.50      182.00   188.00   177.50   188.00   +139.50  +287.63%
       2              82  3441      聯一光                 107.20         21.50    87.74%     65.00    70.70    65.00    70.70      210.00   222.50   207.00   211.00   +140.30  +198.44%
       3              48  6538      倉和                  353.00        147.00    86.93%    132.00   134.50   126.00   126.50      369.50   382.00   352.00   372.50   +246.00  +194.47%
       4             118  8227      巨有科技                225.00         24.00    77.14%    146.00   152.00   145.50   150.50      363.50   370.00   351.00   370.00   +219.50  +145.85%
       5             114  3219      倚強科                  30.80          0.00    68.06%     62.60    64.30    60.50    61.70      132.50   132.50   126.50   128.50    +66.80  +108.27%
       6             161  3498      陽程                  160.00         50.00    67.40%    111.00   112.00   106.50   108.00      221.00   226.00   212.00   215.00   +107.00   +99.07%
       7             124  7772      耀穎                   86.50         14.50    66.27%     91.00    93.30    88.80    93.30      183.00   188.50   183.00   186.00    +92.70   +99.36%
       8             158  3624      光頡                   46.50         10.50    66.07%     84.40    84.40    76.00    76.80      151.00   157.50   147.00   148.50    +71.70   +93.36%
       9              69  7792      安葆                  209.00         80.50    65.20%    205.00   215.00   203.00   215.00      429.00   429.00   414.00   425.00   +210.00   +97.67%
      10              76  6218      豪勉                    0.00          0.00    63.58%     34.30    34.75    32.50    33.80       63.20    64.90    62.80    64.40    +30.60   +90.53%
      11             110  5013      強新                    0.00          0.00    62.72%        --       --       --       --       46.85    46.85    46.85    46.85        --        --
      12              62  3490      單井                    0.00          0.00    62.05%     27.10    27.80    26.55    27.75       50.80    51.40    46.80    50.70    +22.95   +82.70%
      13             195  3234      光環                  111.50         50.40    59.93%    104.50   109.50   103.00   105.50      174.50   184.00   174.50   181.50    +76.00   +72.04%
      14             250  6173      信昌電                 285.50        135.50    59.53%    159.50   181.00   148.50   181.00      300.00   322.50   299.00   303.00   +122.00   +67.40%
      15             127  6532      瑞耘                   20.00          0.00    59.08%     68.60    68.80    67.20    68.80      123.00   123.50   117.50   120.00    +51.20   +74.42%
      16             323  3105      穩懋                  495.50        262.00    58.70%    313.50   368.00   307.50   355.00      574.00   591.00   572.00   591.00   +236.00   +66.48%
      17             657  3081      聯亞                 3080.00       2365.00    57.82%   1825.00  1895.00  1740.00  1805.00     2780.00  2925.00  2735.00  2925.00  +1120.00   +62.05%
      18             559  4908      前鼎                  203.50        118.50    56.90%    139.50   146.50   138.50   143.00      210.00   224.50   210.00   224.50    +81.50   +56.99%
      19             137  6620      漢達                   57.50         22.50    56.84%     82.90    89.90    82.90    89.00      145.00   149.50   142.50   143.50    +54.50   +61.24%
      20              95  1815      富喬                   11.50         11.00    56.27%     73.30    75.20    72.10    75.20      116.50   122.00   116.00   121.00    +45.80   +60.90%
      21             229  3324      雙鴻                 1312.00        871.00    56.23%    943.00   943.00   890.00   930.00     1540.00  1560.00  1490.00  1505.00   +575.00   +61.83%
      22             375  4924      欣厚-KY                 0.00          0.00    55.73%      9.86     9.95     9.80     9.95       15.75    16.60    15.75    15.90     +5.95   +59.80%
      23             184  3508      位速                    0.00          0.00    55.56%     15.35    16.00    15.30    16.00       26.60    26.60    25.75    25.75     +9.75   +60.94%
      24             746  6617      共信-KY                45.50          0.00    55.01%     88.90    90.20    83.10    84.10      132.50   134.50   128.00   131.50    +47.40   +56.36%
      25             104  6708      天擎                    0.00          0.00    54.77%     37.50    38.15    36.70    38.15       62.00    62.40    59.90    62.40    +24.25   +63.56%
      26             180  6840      東研信超                  0.00          0.00    54.49%     61.20    62.00    60.00    62.00       99.90    99.90    97.30    98.70    +36.70   +59.19%
      27              77  1569      濱川                    0.00          0.00    54.19%     42.30    42.30    41.00    41.70       64.00    68.60    63.10    66.50    +24.80   +59.47%
      28             292  6204      艾華                   19.50          0.00    53.56%     69.80    73.20    68.90    71.40      105.50   114.00   105.00   110.00    +38.60   +54.06%
      29             163  4923      力士                    0.00          0.00    53.39%     43.80    44.35    42.55    43.25       69.20    70.00    66.00    66.60    +23.35   +53.99%
      30             536  4174      浩鼎                    0.00          0.00    53.17%     27.25    27.40    27.00    27.10       45.60    45.60    40.10    42.00    +14.90   +54.98%
      31             276  3675      德微                  248.00         89.50    52.66%    240.00   244.00   235.00   240.00      359.00   378.50   352.50   360.00   +120.00   +50.00%
      32             182  3455      由田                  159.00         62.00    52.55%    190.50   190.50   180.00   185.50      287.00   295.00   277.00   280.00    +94.50   +50.94%
      33             325  6179      亞通                    0.00          0.00    51.97%     24.70    25.00    24.15    24.35       36.00    36.70    35.85    36.50    +12.15   +49.90%
      34             156  5465      富驊                    0.00          0.00    51.97%     21.55    22.05    21.55    21.70       33.85    33.85    32.85    33.10    +11.40   +52.53%
      35             499  6147      頎邦                  111.00         38.50    51.32%    158.00   158.00   142.50   155.00      224.50   227.00   221.00   223.00    +68.00   +43.87%
      36             121  6716      應廣                    0.00         23.50    51.31%     81.10    83.00    80.80    82.40      118.00   121.50   115.00   121.00    +38.60   +46.84%
      37             553  6872      浩宇生醫                  0.00          0.00    51.01%     15.95    15.95    15.80    15.95       23.75    23.75    23.00    23.10     +7.15   +44.83%
      38             363  1595      川寶                    0.00          0.00    50.77%     53.60    54.90    52.50    54.40       83.10    83.20    79.00    79.30    +24.90   +45.77%
      39             135  3467      台灣精材                  0.00          0.00    50.75%     49.25    50.60    49.25    49.80       72.50    74.30    70.80    73.20    +23.40   +46.99%
      40             115  6240      松崗                    0.00          0.00    50.56%     18.00    18.05    17.80    18.05       26.00    27.35    25.85    26.40     +8.35   +46.26%
==========================================================================================================================================================================
✅ 共 40 筆


══════════════════════════════════════════════════════════════════════════════════════════════════════════════
  🔄 第  4/45 次  2026/07/24 ～ 2026/10/01
══════════════════════════════════════════════════════════════════════════════════════════════════════════════

==========================================================================================================================================================================
📊 ROI 每日報酬率累計排名 (2026/07/24 ~ 2026/10/01)
==========================================================================================================================================================================
    實資排名          累計天數排名  代號        名稱                 累計漲停(元)       累計跌停(元)       強度%  (07/24)開盤      最高      最低      收盤    (10/01)開盤      最高      最低      收盤      賺賠    賺賠率
--------------------------------------------------------------------------------------------------------------------------------------------------------------------------
       1              44  2221      大甲                   82.00         18.50   100.00%     50.30    51.10    49.25    49.30      190.50   193.00   178.00   179.00   +129.70  +263.08%
       2              80  3441      聯一光                 107.20         21.50    93.20%     66.80    67.50    62.20    64.30      189.00   202.50   189.00   202.50   +138.20  +214.93%
       3              55  6538      倉和                  353.00        147.00    86.11%    144.00   147.50   132.50   133.50      356.00   370.00   351.00   369.50   +236.00  +176.78%
       4             117  8227      巨有科技                225.00         24.00    79.15%    148.00   151.50   145.00   146.50      379.50   384.50   342.00   363.50   +217.00  +148.12%
       5             114  3219      倚強科                  30.80          0.00    68.41%     63.50    64.90    63.00    63.60      132.50   134.00   128.50   131.50    +67.90  +106.76%
       6             154  3498      陽程                  160.00         50.00    67.49%    113.00   115.00   109.50   111.50      225.00   228.00   214.00   219.50   +108.00   +96.86%
       7              63  7792      安葆                  209.00         80.50    66.68%    209.50   212.00   207.50   209.00      416.00   430.50   410.00   421.00   +212.00  +101.44%
       8             129  7772      耀穎                   86.50         14.50    66.14%     96.50    96.50    93.30    93.50      181.00   184.00   176.00   184.00    +90.50   +96.79%
       9             205  6173      信昌電                 301.50        135.50    64.51%    178.00   184.50   165.00   165.00      287.00   316.00   280.50   302.50   +137.50   +83.33%
      10             155  3624      光頡                   46.50         10.50    62.74%     89.40    90.50    84.40    84.40      138.00   151.00   138.00   151.00    +66.60   +78.91%
      11              91  6218      豪勉                    0.00          0.00    61.49%     33.65    34.85    33.10    34.50       62.00    63.20    61.60    62.80    +28.30   +82.03%
      12              62  3490      單井                    0.00          0.00    61.40%     27.40    27.70    27.00    27.10       45.15    48.75    44.95    48.75    +21.65   +79.89%
      13             112  6532      瑞耘                   20.00          0.00    60.08%     71.00    71.30    68.80    68.80      121.00   127.00   115.50   122.50    +53.70   +78.05%
      14             113  6620      漢達                   57.50         22.50    59.94%     84.70    85.30    84.00    84.20      145.50   154.50   140.50   144.50    +60.30   +71.62%
      15             109  5013      強新                    0.00          0.00    57.72%     25.35    25.35    24.80    25.00       42.60    42.60    42.60    42.60    +17.60   +70.40%
      16             144  3508      位速                    0.00          0.00    56.35%     15.80    15.95    15.60    15.80       26.70    26.80    25.60    26.00    +10.20   +64.56%
      17             141  6840      東研信超                  0.00          0.00    56.19%     59.30    60.30    59.00    59.90       97.60    99.60    96.40    99.30    +39.40   +65.78%
      18             298  3234      光環                  102.00         50.40    56.05%    104.00   114.50   102.50   107.50      173.00   173.00   169.00   172.00    +64.50   +60.00%
      19             229  3324      雙鴻                 1312.00        864.00    55.88%    916.00   990.00   906.00   943.00     1530.00  1535.00  1480.00  1525.00   +582.00   +61.72%
      20             312  4924      欣厚-KY                 0.00          0.00    55.85%     10.00    10.05     9.76     9.86       16.90    17.05    15.90    15.90     +6.04   +61.26%
      21             310  3105      穩懋                  456.00        262.00    55.49%    354.00   371.50   337.50   341.50      546.00   546.00   529.00   538.00   +196.50   +57.54%
      22             100  1815      富喬                   11.50         11.00    54.61%     77.70    78.20    73.70    73.90      117.00   119.50   113.50   116.00    +42.10   +56.97%
      23             782  6617      共信-KY                45.50          0.00    53.75%     88.00    91.80    84.90    85.80      138.50   141.00   132.00   132.00    +46.20   +53.85%
      24             671  3081      聯亞                 2860.00       2365.00    53.75%   1810.00  2010.00  1745.00  1760.00     2690.00  2720.00  2605.00  2660.00   +900.00   +51.14%
      25             236  1595      川寶                    0.00          0.00    53.29%     55.20    56.10    53.50    53.60       86.00    91.00    81.40    83.30    +29.70   +55.41%
      26             498  4174      浩鼎                    0.00          0.00    53.07%     27.80    28.10    27.40    27.55       43.10    43.10    43.10    43.10    +15.55   +56.44%
      27             178  3455      由田                  159.00         62.00    52.49%    195.50   202.00   187.50   188.00      266.00   292.00   258.00   287.00    +99.00   +52.66%
      28             131  5465      富驊                    0.00          0.00    52.45%     21.60    22.05    21.40    21.70       32.90    35.00    32.00    33.85    +12.15   +55.99%
      29             582  4908      前鼎                  183.50        118.50    52.43%    142.50   154.50   140.50   140.50      208.00   209.00   204.00   204.50    +64.00   +45.55%
      30             277  3675      德微                  248.00         89.50    51.89%    252.00   254.00   240.00   240.00      330.00   360.00   328.00   359.00   +119.00   +49.58%
      31              85  1569      濱川                    0.00          0.00    51.34%     42.40    42.90    41.50    41.80       62.70    64.80    61.70    63.80    +22.00   +52.63%
      32             303  6204      艾華                   19.50          0.00    50.84%     72.00    73.60    70.20    70.60      105.00   110.00   104.00   104.50    +33.90   +48.02%
      33             115  6945      圓祥生技                 20.20         11.00    50.74%     96.90    97.80    95.20    95.80      147.50   148.00   142.50   143.00    +47.20   +49.27%
      34             168  7751      竑騰                 1785.00       1450.00    50.67%   1185.00  1200.00  1145.00  1145.00     1615.00  1650.00  1570.00  1630.00   +485.00   +42.36%
      35             483  6147      頎邦                  111.00         38.50    50.16%    158.00   158.00   158.00   158.00      212.00   227.00   212.00   225.50    +67.50   +42.72%
      36             219  4923      力士                    0.00          0.00    50.16%     46.00    46.50    44.05    44.55       61.40    66.70    60.90    65.20    +20.65   +46.35%
      37             105  6708      天擎                    0.00          0.00    50.05%     37.80    37.80    37.50    37.50       56.80    56.80    54.90    56.80    +19.30   +51.47%
      38             587  6872      浩宇生醫                  0.00          0.00    50.01%     16.15    16.15    15.70    15.95       24.05    24.05    23.00    23.00     +7.05   +44.20%
      39             420  6179      亞通                    0.00          0.00    49.73%     25.60    25.60    24.70    24.70       36.40    37.00    35.80    35.95    +11.25   +45.55%
      40              48  4413      飛寶企業                  0.00          0.00    49.29%     13.80    14.30    13.80    14.30       20.00    20.35    20.00    20.35     +6.05   +42.31%
==========================================================================================================================================================================
✅ 共 40 筆


══════════════════════════════════════════════════════════════════════════════════════════════════════════════
  🔄 第  5/45 次  2026/07/23 ～ 2026/09/30
══════════════════════════════════════════════════════════════════════════════════════════════════════════════

==========================================================================================================================================================================
📊 ROI 每日報酬率累計排名 (2026/07/23 ~ 2026/09/30)
==========================================================================================================================================================================
    實資排名          累計天數排名  代號        名稱                 累計漲停(元)       累計跌停(元)       強度%  (07/23)開盤      最高      最低      收盤    (09/30)開盤      最高      最低      收盤      賺賠    賺賠率
--------------------------------------------------------------------------------------------------------------------------------------------------------------------------
       1              41  2221      大甲                   82.00          0.00   100.00%     51.60    51.70    49.75    50.90      178.00   198.00   170.00   197.50   +146.60  +288.02%
       2              96  3441      聯一光                  89.20         21.50    81.10%     64.90    70.30    64.50    68.70      184.50   187.00   181.50   184.50   +115.80  +168.56%
       3              66  6538      倉和                  339.50        158.50    76.27%    138.50   147.50   138.50   145.00      360.50   374.50   355.00   356.00   +211.00  +145.52%
       4             114  8227      巨有科技                225.00         24.00    75.22%    155.00   155.50   147.00   150.00      370.50   370.50   370.50   370.50   +220.50  +147.00%
       5             108  3219      倚強科                  30.80          0.00    64.63%     64.80    65.40    63.50    63.50      130.00   134.50   127.50   131.50    +68.00  +107.09%
       6             136  3498      陽程                  160.00         40.50    64.42%    111.50   115.50   108.50   114.50      234.50   234.50   221.00   229.00   +114.50  +100.00%
       7              64  7792      安葆                  209.00         80.50    61.43%    212.00   216.50   210.50   216.00      420.00   424.00   413.00   424.00   +208.00   +96.30%
       8              91  6218      豪勉                    0.00          0.00    59.00%     34.75    34.90    33.10    33.10       63.30    63.30    61.60    61.90    +28.80   +87.01%
       9             166  7772      耀穎                   86.50         14.50    56.73%     99.00    99.20    96.50    99.20      180.00   180.00   175.00   176.00    +76.80   +77.42%
      10             122  6620      漢達                   57.50         22.50    54.22%     88.80    88.80    83.60    84.80      137.50   145.00   133.00   141.00    +56.20   +66.27%
      11             175  3324      雙鴻                 1332.00        864.00    53.14%    928.00   959.00   922.00   923.00     1620.00  1645.00  1530.00  1530.00   +607.00   +65.76%
      12             125  6532      瑞耘                   20.00          0.00    53.13%     70.80    71.20    69.50    70.30      114.00   118.50   114.00   118.50    +48.20   +68.56%
      13             334  6173      信昌電                 287.50        153.50    52.72%    175.00   183.00   175.00   183.00      301.00   303.50   288.00   288.50   +105.50   +57.65%
      14             282  4924      欣厚-KY                 0.00          0.00    52.70%     10.10    10.30    10.00    10.05       15.40    16.50    15.35    16.50     +6.45   +64.18%
      15             242  3234      光環                  102.00         50.40    52.28%    108.50   119.00   107.50   107.50      177.50   179.00   172.50   173.00    +65.50   +60.93%
      16             132  6840      東研信超                  0.00          0.00    51.90%     60.10    60.90    59.80    59.90      100.50   100.50    97.80    98.90    +39.00   +65.11%
      17              69  3490      單井                    0.00          0.00    51.52%     27.70    28.15    27.20    27.40       45.20    45.90    44.35    44.35    +16.95   +61.86%
      18             167  3508      位速                    0.00          0.00    50.92%     15.45    16.15    15.30    16.15       25.90    26.90    25.65    25.90     +9.75   +60.37%
      19             778  6617      共信-KY                45.50          0.00    49.82%     98.80   100.00    89.00    89.70      135.00   142.00   135.00   138.50    +48.80   +54.40%
      20             394  6872      浩宇生醫                  0.00          0.00    49.02%     16.10    16.10    15.70    15.70       25.80    25.80    23.60    24.05     +8.35   +53.18%
      21             354  3105      穩懋                  456.00        285.00    48.43%    361.50   385.00   354.00   364.50      509.00   542.00   509.00   542.00   +177.50   +48.70%
      22             111  5013      強新                    0.00          0.00    48.36%        --       --       --       --       38.50    38.75    38.05    38.75        --        --
      23             679  3081      聯亞                 2860.00       2400.00    48.28%   1720.00  1830.00  1645.00  1830.00     2700.00  2730.00  2665.00  2695.00   +865.00   +47.27%
      24             229  3624      光頡                   33.00         10.50    48.21%     93.50    94.00    90.40    93.70      140.50   144.00   134.00   137.50    +43.80   +46.74%
      25             228  1595      川寶                    0.00          0.00    48.04%     56.60    57.70    55.70    56.10       79.40    85.30    76.20    85.30    +29.20   +52.05%
      26             105  6945      圓祥生技                 20.20         11.00    47.95%     98.60    99.00    95.60    96.90      140.00   149.00   140.00   148.50    +51.60   +53.25%
      27             564  4908      前鼎                  183.50        118.50    47.64%    148.00   152.00   142.00   144.00      210.50   212.00   205.50   207.00    +63.00   +43.75%
      28             115  1815      富喬                   11.50         11.00    47.12%     81.10    81.70    78.10    78.90      117.00   117.50   116.00   116.00    +37.10   +47.02%
      29             850  6588      東典光電                 19.50          0.00    46.90%     75.10    79.10    72.60    74.10      109.50   113.50   108.00   108.00    +33.90   +45.75%
      30             160  5465      富驊                    0.00          0.00    45.69%     22.50    22.50    22.05    22.25       32.80    34.35    32.80    33.05    +10.80   +48.54%
      31             236  6530      創威                    0.00          0.00    45.61%     72.00    76.00    72.00    72.60      100.00   105.00   100.00   104.50    +31.90   +43.94%
      32             773  4188      安克                    0.00          0.00    45.53%     10.00    10.00     9.91     9.98       13.90    14.25    13.70    14.25     +4.27   +42.79%
      33             176  4979      華星光                 573.50        480.00    45.45%    376.50   416.50   375.50   407.50      576.00   576.00   561.00   569.00   +161.50   +39.63%
      34             462  3354      律勝                    0.00          0.00    45.29%     23.00    23.85    22.10    22.45       29.70    32.15    29.50    32.15     +9.70   +43.21%
      35              97  1569      濱川                    0.00          0.00    45.28%     43.80    43.80    42.50    42.50       64.60    66.00    61.30    62.60    +20.10   +47.29%
      36              52  4413      飛寶企業                  0.00          0.00    45.16%     14.20    14.25    14.00    14.25       21.40    21.40    20.30    20.30     +6.05   +42.46%
      37             207  7751      竑騰                 1785.00       1490.00    44.54%   1260.00  1260.00  1155.00  1185.00     1625.00  1650.00  1530.00  1625.00   +440.00   +37.13%
      38             187  3287      廣寰科                   0.00          0.00    44.23%     29.25    29.25    29.00    29.15       42.00    43.45    41.40    42.15    +13.00   +44.60%
      39             206  6221      晉泰                    0.00          0.00    44.13%     21.35    21.70    21.35    21.60       31.75    32.90    30.55    31.00     +9.40   +43.52%
      40             146  3467      台灣精材                  0.00          0.00    43.94%     53.60    53.60    50.60    51.90       74.60    77.70    73.60    73.70    +21.80   +42.00%
==========================================================================================================================================================================
✅ 共 40 筆


══════════════════════════════════════════════════════════════════════════════════════════════════════════════
  🔄 第  6/45 次  2026/07/22 ～ 2026/09/29
══════════════════════════════════════════════════════════════════════════════════════════════════════════════

==========================================================================================================================================================================
📊 ROI 每日報酬率累計排名 (2026/07/22 ~ 2026/09/29)
==========================================================================================================================================================================
    實資排名          累計天數排名  代號        名稱                 累計漲停(元)       累計跌停(元)       強度%  (07/22)開盤      最高      最低      收盤    (09/29)開盤      最高      最低      收盤      賺賠    賺賠率
--------------------------------------------------------------------------------------------------------------------------------------------------------------------------
       1              55  2221      大甲                   64.50          0.00   100.00%     51.10    55.30    48.15    51.60      169.00   180.00   167.50   180.00   +128.40  +248.84%
       2              86  3441      聯一光                  89.20         21.50    90.69%     65.20    68.00    63.90    64.00      177.50   185.00   176.00   185.00   +121.00  +189.06%
       3              57  6538      倉和                  339.50        158.50    84.18%    139.50   145.00   132.00   139.00      400.00   417.00   358.50   358.50   +219.50  +157.91%
       4             132  8227      巨有科技                191.50         24.00    73.08%    155.00   159.00   153.00   154.50      313.00   337.00   308.00   337.00   +182.50  +118.12%
       5             113  3498      陽程                  160.00         40.50    71.91%    107.50   112.50   106.50   111.50      216.00   235.00   212.00   235.00   +123.50  +110.76%
       6              65  7792      安葆                  209.00         80.50    65.83%    213.00   214.50   210.50   212.00      427.50   430.00   400.00   416.00   +204.00   +96.23%
       7             128  3219      倚強科                  30.80          0.00    64.31%     66.00    67.30    65.40    66.10      123.50   125.50   120.50   125.50    +59.40   +89.86%
       8              93  6218      豪勉                    0.00          0.00    62.41%     35.70    35.95    34.00    34.35       64.90    64.90    61.80    63.20    +28.85   +83.99%
       9             126  3324      雙鴻                 1347.00        764.00    61.53%    937.00   948.00   907.00   908.00     1680.00  1680.00  1595.00  1630.00   +722.00   +79.52%
      10             149  7772      耀穎                   86.50         14.50    61.04%     99.50   100.50    95.40    99.00      176.00   179.50   172.50   176.00    +77.00   +77.78%
      11             212  6173      信昌電                 287.50        153.50    60.00%    192.00   192.50   177.00   178.00      303.00   314.00   296.50   297.50   +119.50   +67.13%
      12             627  3081      聯亞                 2980.00       2400.00    56.68%   1640.00  1665.00  1620.00  1665.00     2700.00  2735.00  2645.00  2650.00   +985.00   +59.16%
      13             219  3234      光環                  102.00         50.40    56.24%    104.00   108.50   102.00   108.50      180.00   180.00   171.50   174.50    +66.00   +60.83%
      14              67  3490      單井                    0.00          0.00    55.90%     28.65    28.70    27.65    27.65       44.85    46.45    44.85    45.10    +17.45   +63.11%
      15             137  3508      位速                    0.00          0.00    55.48%     15.90    16.60    15.90    16.00       25.30    26.70    25.00    25.95     +9.95   +62.19%
      16             133  6840      東研信超                  0.00          0.00    55.48%     60.50    61.10    60.20    60.70      103.00   103.00    98.60    99.50    +38.80   +63.92%
      17             155  6620      漢達                   57.50         22.50    54.89%     86.50    90.00    85.20    86.90      125.00   136.00   123.50   136.00    +49.10   +56.50%
      18             228  8111      立碁                    0.00          0.00    53.19%     50.00    51.70    48.95    51.70       76.40    81.50    76.20    79.70    +28.00   +54.16%
      19             153  4979      華星光                 602.00        480.00    53.13%    375.50   384.00   366.50   379.00      560.00   570.00   556.00   567.00   +188.00   +49.60%
      20             181  3624      光頡                   33.00         10.50    52.96%     94.80    95.50    88.00    93.80      139.00   143.50   138.00   140.00    +46.20   +49.25%
      21             136  6532      瑞耘                    9.50          0.00    51.72%     69.70    71.50    69.70    70.30       99.80   108.00    99.60   108.00    +37.70   +53.63%
      22             147  5465      富驊                    0.00          0.00    51.42%     22.40    22.85    22.00    22.50       35.35    36.95    34.25    34.70    +12.20   +54.22%
      23             480  6872      浩宇生醫                  0.00          0.00    50.85%     16.40    16.40    16.00    16.25       24.50    24.50    23.30    24.00     +7.75   +47.69%
      24             357  4924      欣厚-KY                 0.00          0.00    50.84%     10.30    10.65    10.10    10.10       16.30    16.85    15.00    15.00     +4.90   +48.51%
      25             596  4908      前鼎                  183.50        118.50    50.81%    143.00   146.00   142.00   144.50      208.50   212.00   205.00   205.50    +61.00   +42.21%
      26             803  6588      東典光電                 19.50          0.00    50.76%     71.60    73.90    71.60    73.60      110.00   112.00   107.00   107.50    +33.90   +46.06%
      27             184  6221      晉泰                    0.00          0.00    50.39%     22.30    22.30    21.30    21.80       33.90    33.90    32.60    32.85    +11.05   +50.69%
      28              68  6103      合邦                    0.00          0.00    50.01%     30.20    30.20    30.20    30.20       42.60    44.35    41.80    41.80    +11.60   +38.41%
      29             286  6179      亞通                    0.00          0.00    49.99%     24.80    25.60    24.80    25.40       36.60    37.90    36.20    37.45    +12.05   +47.44%
      30             115  1815      富喬                   11.50         11.00    49.76%     80.60    82.50    79.80    80.50      115.00   117.00   113.00   116.00    +35.50   +44.10%
      31             100  1569      濱川                    0.00          0.00    49.73%     43.80    44.60    43.50    43.50       65.00    66.30    63.30    65.00    +21.50   +49.43%
      32              45  4413      飛寶企業                  0.00          0.00    49.36%     14.15    14.40    14.00    14.25       20.50    21.15    20.30    20.50     +6.25   +43.86%
      33             382  7717      萊德光電-KY             514.00        311.50    47.83%    438.50   454.00   424.00   428.50      607.00   612.00   588.00   592.00   +163.50   +38.16%
      34             810  4188      安克                    0.00          0.00    47.68%     10.00    10.00     9.95    10.00       13.85    14.25    13.60    13.90     +3.90   +39.00%
      35             119  6945      圓祥生技                 20.20         11.00    47.66%     96.70   100.00    96.70    98.10      137.50   140.00   135.00   140.00    +41.90   +42.71%
      36             352  3105      穩懋                  407.00        285.00    47.54%    360.00   373.00   356.00   359.00      496.50   498.50   484.50   493.00   +134.00   +37.33%
      37              79  3664      安瑞-KY                 0.00          0.00    47.21%      5.80     6.38     5.80     6.37        8.91     8.91     8.86     8.86     +2.49   +39.09%
      38             146  3467      台灣精材                  0.00          0.00    46.96%     52.80    54.40    52.50    53.10       78.40    80.00    73.40    74.60    +21.50   +40.49%
      39              70  3629      地心引力                  0.00          0.00    46.80%     13.60    13.60    13.45    13.45       17.30    17.30    17.30    17.30     +3.85   +28.62%
      40             110  5013      強新                    0.00          0.00    46.61%     24.40    24.60    24.30    24.60       34.70    35.25    32.95    35.25    +10.65   +43.29%
==========================================================================================================================================================================
✅ 共 40 筆


══════════════════════════════════════════════════════════════════════════════════════════════════════════════
  🔄 第  7/45 次  2026/07/21 ～ 2026/09/24
══════════════════════════════════════════════════════════════════════════════════════════════════════════════

==========================================================================================================================================================================
📊 ROI 每日報酬率累計排名 (2026/07/21 ~ 2026/09/24)
==========================================================================================================================================================================
    實資排名          累計天數排名  代號        名稱                 累計漲停(元)       累計跌停(元)       強度%  (07/21)開盤      最高      最低      收盤    (09/24)開盤      最高      最低      收盤      賺賠    賺賠率
--------------------------------------------------------------------------------------------------------------------------------------------------------------------------
       1              57  2221      大甲                   48.50          0.00   100.00%     51.70    52.30    49.75    50.60      158.00   164.50   158.00   164.00   +113.40  +224.11%
       2              49  6538      倉和                  339.50        119.00    94.47%    141.00   155.00   137.50   137.50      403.00   409.50   389.00   398.00   +260.50  +189.45%
       3              87  3441      聯一光                  89.20         21.50    93.82%     65.00    66.10    63.30    63.70      176.00   181.00   175.00   181.00   +117.30  +184.14%
       4             112  3498      陽程                  139.00         40.50    72.82%    109.50   113.00   103.50   105.50      198.00   215.00   197.00   214.00   +108.50  +102.84%
       5             147  8227      巨有科技                161.00         24.00    71.99%    146.00   152.00   144.00   151.00      305.00   309.00   295.00   306.50   +155.50  +102.98%
       6              63  7792      安葆                  209.00         61.00    71.36%    206.50   215.00   206.50   212.50      415.00   453.00   415.00   435.50   +223.00  +104.94%
       7             118  7772      耀穎                   86.50         14.50    67.01%    100.50   100.50    95.00    96.00      173.00   182.00   170.50   180.00    +84.00   +87.50%
       8             444  3081      聯亞                 3130.00       2350.00    66.20%   1495.00  1530.00  1430.00  1515.00     2640.00  2710.00  2595.00  2700.00  +1185.00   +78.22%
       9             133  3324      雙鴻                 1347.00        702.00    65.99%    873.00   930.00   870.00   926.00     1595.00  1750.00  1590.00  1710.00   +784.00   +84.67%
      10             159  3234      光環                  111.80         50.40    65.82%     98.00    99.80    96.30    98.70      163.00   180.00   162.00   178.00    +79.30   +80.34%
      11             164  6173      信昌電                 287.50        153.50    65.51%    160.50   175.00   158.00   175.00      303.00   314.00   300.50   306.50   +131.50   +75.14%
      12              90  6218      豪勉                    0.00          0.00    64.84%     35.20    36.30    34.00    34.85       61.50    63.70    61.50    63.60    +28.75   +82.50%
      13             152  3219      倚強科                  19.80          0.00    62.04%     64.30    67.70    64.10    65.70      107.00   114.50   105.50   114.50    +48.80   +74.28%
      14             114  6840      東研信超                  0.00          0.00    60.84%     60.00    61.00    59.80    59.90      104.00   104.50   103.00   103.00    +43.10   +71.95%
      15             125  3508      位速                    0.00          0.00    59.75%     15.90    15.90    15.30    15.70       24.95    27.10    24.65    26.20    +10.50   +66.88%
      16             221  8111      立碁                    0.00          0.00    59.00%     44.95    47.70    44.85    47.00       74.10    76.70    73.80    76.40    +29.40   +62.55%
      17             140  4979      華星光                 624.00        480.00    58.81%    348.50   358.50   342.50   357.00      581.00   590.00   559.00   563.00   +206.00   +57.70%
      18             583  6588      東典光電                 19.50          0.00    58.59%     70.00    71.20    69.50    69.90      112.50   113.50   111.00   112.00    +42.10   +60.23%
      19              71  3490      單井                    0.00          0.00    58.14%     26.90    28.00    26.90    27.80       44.10    46.00    43.75    45.05    +17.25   +62.05%
      20             168  3624      光頡                   33.00         10.50    57.31%     91.50    93.80    89.20    90.90      132.50   144.50   132.00   140.00    +49.10   +54.02%
      21             402  4908      前鼎                  183.50        118.50    57.21%    139.50   140.00   135.50   138.00      209.00   213.00   205.00   210.00    +72.00   +52.17%
      22             352  4924      欣厚-KY                 0.00          0.00    56.09%     10.10    10.50    10.10    10.30       16.45    17.40    16.10    16.10     +5.80   +56.31%
      23             278  6727      亞泰金屬                457.50        303.50    55.97%    330.00   340.00   322.50   332.50      468.00   509.00   464.50   505.00   +172.50   +51.88%
      24             115  3467      台灣精材                  0.00          0.00    55.37%     53.00    53.00    50.10    52.00       86.10    86.10    81.50    81.50    +29.50   +56.73%
      25              68  3664      安瑞-KY                 0.00          0.00    55.19%      5.80     5.80     5.80     5.80        8.88     8.88     8.85     8.86     +3.06   +52.76%
      26             110  3693      營邦                  425.00        260.50    54.84%    459.00   472.00   452.50   472.00      732.00   748.00   713.00   729.00   +257.00   +54.45%
      27             240  3105      穩懋                  426.50        285.00    54.19%    322.00   340.00   319.50   339.50      495.50   506.00   482.00   502.00   +162.50   +47.86%
      28             172  6620      漢達                   45.50         22.50    53.33%     87.40    88.80    84.30    84.70      129.00   129.00   120.00   124.00    +39.30   +46.40%
      29             173  5465      富驊                    0.00          0.00    53.25%     22.50    22.50    21.85    22.40       31.55    34.20    31.05    34.20    +11.80   +52.68%
      30             190  6221      晉泰                    0.00          0.00    53.23%     21.65    21.65    21.00    21.20       31.90    32.80    31.90    32.20    +11.00   +51.89%
      31              41  4413      飛寶企業                  0.00          0.00    53.08%     14.45    14.70    14.20    14.35       21.35    21.40    20.80    21.15     +6.80   +47.39%
      32             109  1815      富喬                   11.50         11.00    53.07%     79.20    80.00    76.30    79.20      119.50   119.50   115.00   116.00    +36.80   +46.46%
      33              91  1569      濱川                    0.00          0.00    52.62%     43.25    43.70    42.20    42.90       63.80    68.00    62.60    64.70    +21.80   +50.82%
      34             291  6179      亞通                    0.00          0.00    52.40%     24.25    25.10    24.25    24.80       35.10    36.65    35.10    36.60    +11.80   +47.58%
      35             739  4188      安克                    0.00          0.00    51.53%     10.00    10.00     9.94     9.94       14.75    14.80    14.15    14.20     +4.26   +42.86%
      36             226  6530      創威                    0.00          0.00    51.33%     69.00    70.60    68.70    69.80       99.40   100.50    98.80   100.00    +30.20   +43.27%
      37              74  6103      合邦                    0.00          0.00    51.08%     30.20    30.20    30.20    30.20       40.90    40.90    40.90    40.90    +10.70   +35.43%
      38             322  4971      IET-KY              591.00        515.50    50.80%    382.00   403.50   379.00   403.50      551.00   554.00   536.00   552.00   +148.50   +36.80%
      39             391  6204      艾華                   19.50          0.00    50.61%     73.20    79.50    73.20    75.40       98.00   107.50    97.80   107.50    +32.10   +42.57%
      40             397  7717      萊德光電-KY             514.00        311.50    50.29%    435.00   444.50   413.50   428.50      602.00   608.00   588.00   594.00   +165.50   +38.62%
==========================================================================================================================================================================
✅ 共 40 筆


══════════════════════════════════════════════════════════════════════════════════════════════════════════════
  🔄 第  8/45 次  2026/07/20 ～ 2026/09/23
══════════════════════════════════════════════════════════════════════════════════════════════════════════════

==========================================================================================================================================================================
📊 ROI 每日報酬率累計排名 (2026/07/20 ~ 2026/09/23)
==========================================================================================================================================================================
    實資排名          累計天數排名  代號        名稱                 累計漲停(元)       累計跌停(元)       強度%  (07/20)開盤      最高      最低      收盤    (09/23)開盤      最高      最低      收盤      賺賠    賺賠率
--------------------------------------------------------------------------------------------------------------------------------------------------------------------------
       1              63  2221      大甲                   48.50          0.00   100.00%     51.60    52.00    49.55    50.40      166.00   168.50   149.50   158.50   +108.10  +214.48%
       2              49  6538      倉和                  339.50        106.50    96.20%    137.00   150.50   136.00   141.50      440.00   457.50   405.00   410.50   +269.00  +190.11%
       3              96  3441      聯一光                  89.20         21.50    94.16%     69.80    69.80    63.30    63.70      180.50   180.50   175.50   177.50   +113.80  +178.65%
       4             120  8227      巨有科技                161.00         24.00    76.74%    148.50   148.50   136.50   142.50      308.50   310.00   290.00   310.00   +167.50  +117.54%
       5              62  7792      安葆                  189.00         61.00    70.84%    214.00   214.00   200.00   205.50      378.50   415.50   378.00   415.50   +210.00  +102.19%
       6             417  3081      聯亞                 3190.00       2350.00    69.25%   1510.00  1520.00  1335.00  1435.00     2825.00  2845.00  2585.00  2680.00  +1245.00   +86.76%
       7             131  3324      雙鴻                 1300.00        702.00    66.49%    913.00   918.00   831.00   858.00     1605.00  1630.00  1555.00  1595.00   +737.00   +85.90%
       8             155  3498      陽程                  124.00         40.50    66.36%    113.50   115.00   105.50   109.50      205.00   209.50   197.50   199.00    +89.50   +81.74%
       9             204  6173      信昌電                 287.50        153.50    64.73%    177.00   177.00   175.00   175.00      306.00   313.00   301.00   302.50   +127.50   +72.86%
      10             179  3234      光環                  111.80         50.40    64.51%     98.60   100.50    91.00    96.30      174.50   174.50   169.00   170.00    +73.70   +76.53%
      11             109  4979      華星光                 641.00        453.00    64.39%    358.00   362.00   320.50   340.00      612.00   613.00   583.00   590.00   +250.00   +73.53%
      12             162  7772      耀穎                   86.50         14.50    63.56%     99.50    99.80    89.90    98.00      199.00   199.00   171.00   173.50    +75.50   +77.04%
      13             104  6218      豪勉                    0.00          0.00    62.53%     36.70    36.70    33.80    34.85       63.40    63.50    59.90    61.30    +26.45   +75.90%
      14              93  3467      台灣精材                  0.00          0.00    61.40%     51.40    51.50    49.05    49.60       88.80    88.80    85.00    86.50    +36.90   +74.40%
      15             115  6840      東研信超                  0.00          0.00    61.20%     60.00    60.90    58.90    60.20      106.00   106.50   103.00   104.50    +44.30   +73.59%
      16             221  8111      立碁                    0.00          0.00    60.61%     50.30    50.50    44.10    44.25       76.50    77.40    74.10    74.10    +29.85   +67.46%
      17             254  4924      欣厚-KY                 0.00          0.00    59.45%     10.20    10.20     9.99    10.15       18.40    18.40    16.90    16.90     +6.75   +66.50%
      18              70  3490      單井                    0.00          0.00    58.94%     27.50    27.90    26.30    26.75       45.65    45.95    44.10    44.15    +17.40   +65.05%
      19             591  6588      東典光電                 19.50          0.00    58.80%     71.60    72.50    66.60    69.60      112.00   119.00   112.00   112.50    +42.90   +61.64%
      20             384  4908      前鼎                  183.50        118.50    58.17%    140.00   140.00   124.50   135.00      222.50   225.00   207.50   210.00    +75.00   +55.56%
      21             227  3105      穩懋                  452.50        285.00    58.10%    325.50   336.00   302.50   313.50      507.00   518.00   486.50   497.00   +183.50   +58.53%
      22             167  3219      倚強科                   9.80          0.00    58.02%     65.40    65.80    63.00    63.60      108.50   110.00   100.00   104.50    +40.90   +64.31%
      23              98  3693      營邦                  445.50        260.50    57.35%    442.50   463.00   432.00   451.50      706.00   738.00   705.00   732.00   +280.50   +62.13%
      24              91  1815      富喬                   11.50         11.00    56.00%     82.00    82.00    74.40    77.30      122.50   124.50   119.50   120.00    +42.70   +55.24%
      25             166  3508      位速                    0.00          0.00    56.00%     16.45    16.45    15.20    15.80       26.50    26.50    24.85    24.95     +9.15   +57.91%
      26             110  5274      信驊                15845.00       9500.00    55.82%  13100.00 13220.00 11880.00 12915.00    20385.00 20620.00 19780.00 20280.00  +7365.00   +57.03%
      27             293  4971      IET-KY              627.50        515.50    55.37%    380.00   381.00   337.50   367.00      563.00   572.00   541.00   545.00   +178.00   +48.50%
      28             193  3624      光頡                   33.00         10.50    55.11%     95.00    95.70    88.00    89.50      122.00   134.00   122.00   134.00    +44.50   +49.72%
      29             168  6620      漢達                   45.50         22.50    54.76%     87.40    89.20    85.30    85.80      126.50   132.50   125.00   130.00    +44.20   +51.52%
      30             610  4188      安克                    0.00          0.00    54.07%     10.15    10.15     9.85     9.85       13.50    14.85    13.15    14.85     +5.00   +50.76%
      31             533  3529      力旺                 3225.00       2245.00    52.04%   2315.00  2350.00  2185.00  2300.00     3190.00  3350.00  3020.00  3305.00  +1005.00   +43.70%
      32             114  6716      應廣                    0.00         23.50    51.66%     83.50    83.50    78.60    80.30      119.00   119.00   117.00   117.50    +37.20   +46.33%
      33             233  6221      晉泰                    0.00          0.00    51.59%     21.15    21.30    20.90    21.15       31.50    32.70    30.45    31.60    +10.45   +49.41%
      34             207  4923      力士                    0.00          0.00    51.50%     48.90    49.10    45.00    45.40       61.40    67.40    60.90    66.70    +21.30   +46.92%
      35             374  6683      雍智科技               1597.00       1182.00    51.36%   1210.00  1210.00  1095.00  1105.00     1595.00  1605.00  1540.00  1555.00   +450.00   +40.72%
      36             468  6872      浩宇生醫                  0.00          0.00    51.29%     15.50    16.15    15.50    16.00       24.05    24.45    23.00    23.20     +7.20   +45.00%
      37              50  4413      飛寶企業                  0.00          0.00    51.20%     14.40    14.40    14.40    14.40       19.85    21.00    19.80    20.80     +6.40   +44.44%
      38             240  6530      創威                    0.00          0.00    51.15%     68.80    70.00    64.00    68.30      100.50   101.50    97.50    98.70    +30.40   +44.51%
      39              72  3664      安瑞-KY                 0.00          0.00    50.97%      5.80     6.20     5.80     6.20        8.25     9.00     8.25     8.90     +2.70   +43.55%
      40             830  6617      共信-KY                45.50          0.00    50.84%    105.50   105.50    99.10   100.00      142.00   143.50   136.50   142.00    +42.00   +42.00%
==========================================================================================================================================================================
✅ 共 40 筆


══════════════════════════════════════════════════════════════════════════════════════════════════════════════
  🔄 第  9/45 次  2026/07/17 ～ 2026/09/22
══════════════════════════════════════════════════════════════════════════════════════════════════════════════

==========================================================================================================================================================================
📊 ROI 每日報酬率累計排名 (2026/07/17 ~ 2026/09/22)
==========================================================================================================================================================================
    實資排名          累計天數排名  代號        名稱                 累計漲停(元)       累計跌停(元)       強度%  (07/17)開盤      最高      最低      收盤    (09/22)開盤      最高      最低      收盤      賺賠    賺賠率
--------------------------------------------------------------------------------------------------------------------------------------------------------------------------
       1              43  6538      倉和                  339.50         71.50   100.00%    143.50   146.00   134.00   137.00      440.00   468.00   416.50   445.50   +308.50  +225.18%
       2              72  2221      大甲                   48.50          0.00    92.72%     58.40    59.30    52.60    52.60      152.00   154.00   147.50   154.00   +101.40  +192.78%
       3              96  3441      聯一光                  89.20         21.50    88.63%     68.00    70.60    66.50    68.00      175.50   181.50   172.50   181.00   +113.00  +166.18%
       4             149  8227      巨有科技                161.00         24.00    70.99%    157.00   159.00   147.00   148.00      299.50   316.00   295.00   305.00   +157.00  +106.08%
       5             380  3081      聯亞                 3190.00       2250.00    68.14%   1515.00  1560.00  1460.00  1480.00     2940.00  2950.00  2825.00  2825.00  +1345.00   +90.88%
       6             137  7772      耀穎                   86.50          0.00    64.99%    102.00   107.00    98.10    99.60      177.50   188.00   176.00   188.00    +88.40   +88.76%
       7             184  4924      欣厚-KY                 0.00          0.00    64.26%     10.30    10.30     9.85     9.98       18.75    18.75    18.75    18.75     +8.77   +87.88%
       8             156  3498      陽程                  124.00         40.50    62.09%    124.50   125.50   117.00   117.00      202.00   210.00   196.50   205.50    +88.50   +75.64%
       9              69  7792      安葆                  151.50         61.00    61.59%    220.00   220.50   204.00   208.50      345.00   378.00   332.00   378.00   +169.50   +81.29%
      10             108  4979      華星光                 641.00        454.00    60.90%    376.50   382.50   353.00   356.00      630.00   637.00   605.00   605.00   +249.00   +69.94%
      11             179  3234      光環                  111.80         50.40    60.76%    104.00   105.50    97.20   100.50      180.50   181.00   172.50   173.00    +72.50   +72.14%
      12             138  3324      雙鴻                 1300.00        757.00    60.74%    879.00   930.00   869.00   913.00     1580.00  1630.00  1545.00  1600.00   +687.00   +75.25%
      13             114  6840      東研信超                  0.00          0.00    58.30%     62.00    62.00    59.50    60.90      108.00   108.00   101.50   104.50    +43.60   +71.59%
      14             337  4908      前鼎                  183.50        106.00    58.10%    145.00   147.00   136.50   138.00      233.50   234.00   222.50   222.50    +84.50   +61.23%
      15             121  6218      豪勉                    0.00          0.00    58.08%     36.75    38.15    36.00    36.00       69.00    69.00    61.00    61.00    +25.00   +69.44%
      16              68  3490      單井                    0.00          0.00    56.92%     29.45    29.45    27.50    27.50       46.00    46.00    44.55    45.50    +18.00   +65.45%
      17             151  3219      倚強科                   9.80          0.00    56.72%     72.10    72.10    65.10    65.10      104.50   108.50    99.70   108.50    +43.40   +66.67%
      18             240  6173      信昌電                 287.50        172.50    56.65%    195.00   195.00   194.00   194.00      330.50   331.00   300.00   303.00   +109.00   +56.19%
      19             152  3508      位速                    0.00          0.00    55.94%     16.80    16.80    16.05    16.20       26.70    27.70    25.95    26.50    +10.30   +63.58%
      20             113  3467      台灣精材                  0.00          0.00    55.64%     54.70    54.70    50.60    51.60       77.70    85.00    77.70    84.80    +33.20   +64.34%
      21              94  5274      信驊                15845.00       8910.00    55.36%  13625.00 13835.00 12800.00 12950.00    21800.00 21800.00 20625.00 20905.00  +7955.00   +61.43%
      22             221  8111      立碁                    0.00          0.00    55.27%     47.65    49.35    46.95    48.95       81.50    82.90    76.10    77.50    +28.55   +58.32%
      23             738  6588      東典光電                 19.50          0.00    54.69%     75.00    76.30    70.70    71.60      116.00   118.50   112.00   112.00    +40.40   +56.42%
      24             256  4971      IET-KY              627.50        492.50    54.44%    410.50   410.50   375.00   375.00      594.00   594.00   565.00   568.00   +193.00   +51.47%
      25              97  3693      營邦                  423.00        260.50    53.76%    462.50   473.00   442.00   442.00      719.00   739.00   697.00   700.00   +258.00   +58.37%
      26             246  3105      穩懋                  452.50        304.00    53.00%    344.50   350.00   332.50   332.50      501.00   515.00   489.00   501.00   +168.50   +50.68%
      27              90  1815      富喬                   11.50         11.00    51.78%     85.10    86.00    81.40    81.50      125.00   129.50   120.00   122.00    +40.50   +49.69%
      28             369  6872      浩宇生醫                  0.00          0.00    50.81%     16.25    16.30    16.00    16.00       23.20    25.00    22.45    23.80     +7.80   +48.75%
      29             199  6620      漢達                   45.50         22.50    50.53%     90.20    90.50    86.40    86.50      137.50   137.50   125.00   126.50    +40.00   +46.24%
      30             215  6530      創威                    0.00          0.00    49.62%     72.80    72.80    69.00    69.00      101.50   102.50    99.80   100.50    +31.50   +45.65%
      31             165  3287      廣寰科                   0.00          0.00    49.32%     29.30    29.30    28.50    28.50       42.30    43.70    41.00    42.60    +14.10   +49.47%
      32             296  6179      亞通                    0.00          0.00    48.44%     26.60    27.20    24.35    24.80       37.70    37.70    35.60    35.85    +11.05   +44.56%
      33              99  1569      濱川                    0.00          0.00    48.42%     44.50    45.90    43.65    43.65       61.50    66.40    61.00    64.20    +20.55   +47.08%
      34             484  6510      精測                 2975.00       1965.00    48.05%   2635.00  2655.00  2565.00  2585.00     3515.00  3775.00  3460.00  3700.00  +1115.00   +43.13%
      35             275  8431      匯鑽科                   0.00          0.00    47.86%     47.00    47.00    44.70    44.80       65.00    68.40    63.10    64.00    +19.20   +42.86%
      36             117  6716      應廣                    0.00         23.50    47.67%     87.00    87.00    81.80    83.40      117.50   120.50   117.00   118.00    +34.60   +41.49%
      37             272  3374      精材                  435.00        320.00    47.47%    369.00   390.50   355.50   358.50      465.00   487.00   459.00   487.00   +128.50   +35.84%
      38             201  5465      富驊                    0.00          0.00    47.45%     23.20    23.20    21.65    21.90       32.25    32.25    30.70    31.80     +9.90   +45.21%
      39             289  6221      晉泰                    0.00          0.00    47.22%     22.15    22.15    21.10    21.25       30.45    30.95    30.00    30.55     +9.30   +43.76%
      40             253  3141      晶宏                    0.00          0.00    46.79%     66.00    66.40    62.30    63.20       93.40    93.70    88.70    89.20    +26.00   +41.14%
==========================================================================================================================================================================
✅ 共 40 筆


══════════════════════════════════════════════════════════════════════════════════════════════════════════════
  🔄 第 10/45 次  2026/07/16 ～ 2026/09/21
══════════════════════════════════════════════════════════════════════════════════════════════════════════════

==========================================================================================================================================================================
📊 ROI 每日報酬率累計排名 (2026/07/16 ~ 2026/09/21)
==========================================================================================================================================================================
    實資排名          累計天數排名  代號        名稱                 累計漲停(元)       累計跌停(元)       強度%  (07/16)開盤      最高      最低      收盤    (09/21)開盤      最高      最低      收盤      賺賠    賺賠率
--------------------------------------------------------------------------------------------------------------------------------------------------------------------------
       1              48  6538      倉和                  320.50         82.50   100.00%    151.50   152.50   146.50   148.00      412.00   426.50   400.00   426.50   +278.50  +188.18%
       2             104  3441      聯一光                  89.20         21.50    92.92%     63.80    71.10    63.70    69.70      190.00   190.00   175.00   177.50   +107.80  +154.66%
       3              86  2221      大甲                   34.50          0.00    87.46%     55.10    58.40    52.00    58.40      136.00   140.00   136.00   140.00    +81.60  +139.73%
       4             382  3081      聯亞                 3190.00       2340.00    70.20%   1715.00  1715.00  1615.00  1620.00     2900.00  2910.00  2820.00  2875.00  +1255.00   +77.47%
       5             103  6218      豪勉                    0.00          0.00    68.18%     35.90    37.90    35.25    37.25       66.10    67.70    66.10    67.70    +30.45   +81.74%
       6             206  8227      巨有科技                143.50         39.00    67.92%    164.50   166.50   160.00   163.00      282.00   287.50   271.50   287.50   +124.50   +76.38%
       7             160  3234      光環                  111.80         50.40    64.47%    110.00   114.50   107.50   108.00      183.50   187.00   178.50   178.50    +70.50   +65.28%
       8             144  3324      雙鴻                 1231.00        757.00    64.33%    905.00   922.00   885.00   902.00     1500.00  1535.00  1460.00  1520.00   +618.00   +68.51%
       9             101  6840      東研信超                  0.00          0.00    64.30%     61.00    62.80    61.00    62.10      108.50   111.50   106.50   106.50    +44.40   +71.50%
      10             166  8111      立碁                    0.00          0.00    62.91%     49.10    50.30    47.95    49.50       80.90    83.90    79.20    80.60    +31.10   +62.83%
      11             214  4924      欣厚-KY                 0.00          0.00    62.64%     10.45    10.65    10.20    10.25       15.35    17.05    15.30    17.05     +6.80   +66.34%
      12             106  4979      華星光                 641.00        477.00    62.61%    401.00   404.00   385.00   392.00      616.00   650.00   609.00   618.00   +226.00   +57.65%
      13             177  7772      耀穎                   69.50          0.00    62.42%    104.50   106.00   103.00   104.00      152.00   171.00   147.00   171.00    +67.00   +64.42%
      14             323  4908      前鼎                  183.50        110.00    61.13%    152.00   154.00   148.00   151.50      241.50   245.00   231.50   232.00    +80.50   +53.14%
      15             164  6620      漢達                   45.50         11.50    59.27%     86.30    92.90    85.80    89.40      151.50   152.00   135.00   137.50    +48.10   +53.80%
      16             217  3498      陽程                  114.50         53.00    59.21%    122.00   131.50   119.00   129.50      200.00   203.00   194.00   196.00    +66.50   +51.35%
      17             180  3508      位速                    0.00          0.00    58.19%     16.80    17.25    16.65    16.95       23.75    26.10    23.35    26.10     +9.15   +53.98%
      18              75  3490      單井                    0.00          0.00    57.69%     30.05    30.75    29.50    29.80       44.35    46.00    44.30    45.20    +15.40   +51.68%
      19             255  6173      信昌電                 287.50        194.00    57.43%    228.00   233.50   213.00   215.50      311.00   318.50   308.00   308.00    +92.50   +42.92%
      20              81  7792      安葆                  117.50         79.00    56.62%    234.50   236.00   226.50   226.50      339.50   352.50   325.00   344.00   +117.50   +51.88%
      21             754  6588      東典光電                 19.50          0.00    56.02%     80.50    80.50    77.60    78.40      118.00   118.00   113.50   113.50    +35.10   +44.77%
      22             276  4971      IET-KY              627.50        521.00    55.54%    422.50   422.50   406.00   416.50      597.00   598.00   575.00   581.00   +164.50   +39.50%
      23             102  3693      營邦                  423.00        299.00    54.83%    484.50   489.50   477.50   480.50      704.00   712.00   691.00   702.00   +221.50   +46.10%
      24             448  6872      浩宇生醫                  0.00          0.00    53.84%     16.30    16.35    16.20    16.30       21.45    23.20    21.15    23.20     +6.90   +42.33%
      25             130  3467      台灣精材                  0.00          0.00    53.65%     54.30    56.10    52.80    53.30       78.00    78.00    75.10    77.40    +24.10   +45.22%
      26             117  5274      信驊                14760.00       9865.00    53.61%  13900.00 14295.00 13550.00 13905.00    19400.00 19820.00 19200.00 19820.00  +5915.00   +42.54%
      27              77  3629      地心引力                  0.00          0.00    52.51%     14.05    14.05    14.05    14.05       19.55    19.55    18.20    18.20     +4.15   +29.54%
      28             241  6221      晉泰                    0.00          0.00    52.51%     21.60    21.95    21.55    21.70       28.65    31.00    28.35    31.00     +9.30   +42.86%
      29             110  1815      富喬                   11.50         11.00    51.78%     90.70    90.70    88.40    89.10      121.50   124.50   120.00   121.00    +31.90   +35.80%
      30             286  6179      亞通                    0.00          0.00    51.58%     28.10    28.45    27.00    27.00       38.50    39.90    37.35    37.35    +10.35   +38.33%
      31             138  8093      保銳                    0.00          0.00    51.56%     20.00    20.00    19.15    19.50       25.15    25.15    24.15    24.50     +5.00   +25.64%
      32             381  3105      穩懋                  442.00        340.50    51.36%    380.50   381.00   364.50   369.00      497.00   504.00   486.00   490.50   +121.50   +32.93%
      33             196  3287      廣寰科                   0.00          0.00    51.02%     30.75    30.75    29.20    30.10       43.00    45.00    42.00    42.10    +12.00   +39.87%
      34             237  3141      晶宏                    0.00          0.00    50.55%     69.80    69.80    66.90    67.90       96.90   100.00    92.80    92.80    +24.90   +36.67%
      35             280  6530      創威                    0.00          0.00    50.46%     75.40    76.30    74.50    74.50      100.50   103.50    98.60   100.00    +25.50   +34.23%
      36             221  3219      倚強科                   0.00          0.00    50.31%     73.70    74.30    72.30    72.30       96.00    98.70    94.10    98.70    +26.40   +36.51%
      37             303  8431      匯鑽科                   0.00          0.00    49.73%     47.50    48.35    46.85    48.05       63.00    68.60    61.80    64.40    +16.35   +34.03%
      38             708  4188      安克                    0.00          0.00    49.49%     10.35    10.45    10.20    10.35       14.00    14.40    13.70    13.70     +3.35   +32.37%
      39             156  6532      瑞耘                    0.00          0.00    49.31%     75.80    75.90    73.50    73.90      100.00   102.50    99.10   100.00    +26.10   +35.32%
      40              56  4413      飛寶企業                  0.00          0.00    48.65%     14.90    14.90    14.15    14.40       19.00    19.10    18.60    18.85     +4.45   +30.90%
==========================================================================================================================================================================
✅ 共 40 筆


══════════════════════════════════════════════════════════════════════════════════════════════════════════════
  🔄 第 11/45 次  2026/07/14 ～ 2026/09/18
══════════════════════════════════════════════════════════════════════════════════════════════════════════════

==========================================================================================================================================================================
📊 ROI 每日報酬率累計排名 (2026/07/14 ~ 2026/09/18)
==========================================================================================================================================================================
    實資排名          累計天數排名  代號        名稱                 累計漲停(元)       累計跌停(元)       強度%  (07/14)開盤      最高      最低      收盤    (09/18)開盤      最高      最低      收盤      賺賠    賺賠率
--------------------------------------------------------------------------------------------------------------------------------------------------------------------------
       1              86  3441      聯一光                  89.20         21.50   100.00%     73.20    73.80    66.90    67.30      185.00   187.00   177.00   185.50   +118.20  +175.63%
       2              88  2221      大甲                   22.00          0.00    94.32%     48.40    51.50    48.00    49.85      124.00   127.50   119.00   127.50    +77.65  +155.77%
       3              60  6538      倉和                  282.00         82.50    92.93%    147.00   158.00   135.00   156.00      352.50   388.00   348.50   388.00   +232.00  +148.72%
       4             122  6620      漢達                   45.50          0.00    69.69%     88.30    90.80    82.80    85.50      147.00   155.00   140.50   149.00    +63.50   +74.27%
       5              87  6840      東研信超                  0.00          0.00    69.69%     61.20    61.20    59.50    60.40      104.00   111.00   101.50   108.00    +47.60   +78.81%
       6             140  3324      雙鴻                 1191.00        757.00    68.19%    899.00   904.00   819.00   864.00     1480.00  1515.00  1420.00  1480.00   +616.00   +71.30%
       7             106  6218      豪勉                    0.00          0.00    68.16%     36.15    36.45    33.90    35.35       57.20    61.60    56.10    61.60    +26.25   +74.26%
       8             292  8227      巨有科技                143.50         39.00    67.70%    175.50   176.00   158.50   166.00      263.00   279.00   252.00   279.00   +113.00   +68.07%
       9             190  3498      陽程                  114.50         53.00    66.93%    140.00   140.00   118.00   119.50      185.50   200.00   183.00   195.00    +75.50   +63.18%
      10             163  8111      立碁                    0.00          0.00    66.90%     49.15    49.80    45.45    47.05       74.80    79.60    73.70    78.00    +30.95   +65.78%
      11             162  3234      光環                  111.80         50.40    66.15%    120.00   124.00   109.50   111.00      178.50   185.00   175.00   180.00    +69.00   +62.16%
      12             302  4908      前鼎                  183.50         98.50    65.71%    159.00   164.00   143.50   154.50      240.00   248.50   232.50   243.50    +89.00   +57.61%
      13             566  6588      東典光電                 19.50          0.00    63.35%     77.00    77.90    70.20    75.60      119.50   122.50   116.00   117.50    +41.90   +55.42%
      14             482  3081      聯亞                 3190.00       2475.00    63.33%   1950.00  2040.00  1795.00  1925.00     2780.00  2915.00  2730.00  2880.00   +955.00   +49.61%
      15             132  4979      華星光                 641.00        495.00    63.10%    420.00   442.00   382.50   403.00      578.00   611.00   571.00   611.00   +208.00   +51.61%
      16             191  4971      IET-KY              627.50        510.00    62.50%    428.00   439.00   385.50   398.00      566.00   592.00   558.00   592.00   +194.00   +48.74%
      17             485  4939      亞電                    0.00          0.00    60.10%     57.00    59.20    53.20    55.30       78.50    79.30    77.20    78.30    +23.00   +41.59%
      18              82  3490      單井                    0.00          0.00    59.47%     30.90    31.10    29.05    29.80       45.35    45.75    43.85    44.35    +14.55   +48.83%
      19             115  5274      信驊                14230.00       9865.00    59.29%  13485.00 13485.00 12200.00 12985.00    18890.00 19500.00 18870.00 19290.00  +6305.00   +48.56%
      20              95  4139      馬光-KY                 0.00          0.00    59.01%     26.35    28.60    26.35    28.60       41.95    42.35    41.10    42.00    +13.40   +46.85%
      21             237  7772      耀穎                   54.00          0.00    58.60%    110.00   110.00   101.00   105.00      148.00   160.50   147.00   155.50    +50.50   +48.10%
      22              96  3693      營邦                  423.00        299.00    58.52%    485.50   495.50   462.50   476.50      717.00   721.00   693.00   704.00   +227.50   +47.74%
      23              64  6103      合邦                    0.00          0.00    57.39%     28.25    28.25    28.25    28.25       37.95    38.95    36.80    38.95    +10.70   +37.88%
      24              94  7792      安葆                  117.50         79.00    57.37%    241.00   241.00   225.00   231.50      320.00   344.00   320.00   339.00   +107.50   +46.44%
      25             344  4924      欣厚-KY                 0.00          0.00    57.36%     11.40    11.40    10.40    10.60       13.80    15.65    13.80    15.50     +4.90   +46.23%
      26             139  3467      台灣精材                  0.00          0.00    56.44%     54.40    54.80    51.30    53.50       76.00    77.40    73.40    77.40    +23.90   +44.67%
      27             215  6221      晉泰                    0.00          0.00    56.38%     22.05    22.05    21.40    21.75       31.30    31.50    30.50    31.50     +9.75   +44.83%
      28             126  8093      保銳                    0.00          0.00    56.21%     20.00    20.00    19.50    19.50       25.40    25.40    24.40    25.15     +5.65   +28.97%
      29             851  6617      共信-KY                45.50         10.00    55.63%    107.00   109.00    97.00   105.00      143.00   144.50   139.50   143.00    +38.00   +36.19%
      30              77  3629      地心引力                  0.00          0.00    55.55%        --       --       --       --          --       --       --       --        --        --
      31             265  6173      信昌電                 287.50        210.00    55.54%    240.50   257.00   224.00   239.00      309.00   314.00   300.00   314.00    +75.00   +31.38%
      32             517  4188      安克                    0.00          0.00    55.42%     10.25    10.25    10.05    10.10       13.50    14.50    13.50    14.00     +3.90   +38.61%
      33             157  3287      廣寰科                   0.00          0.00    55.38%     30.10    30.55    29.05    29.65       42.30    42.35    41.70    42.35    +12.70   +42.83%
      34             114  1815      富喬                   11.50         11.00    54.55%     93.60    94.30    85.20    88.40      118.00   123.00   117.50   119.50    +31.10   +35.18%
      35             282  7751      竑騰                 1770.00       1640.00    54.27%   1230.00  1255.00  1135.00  1135.00     1445.00  1485.00  1445.00  1485.00   +350.00   +30.84%
      36             383  3105      穩懋                  442.00        348.00    54.06%    401.00   404.50   363.00   378.50      487.50   502.00   467.00   500.00   +121.50   +32.10%
      37             251  3508      位速                    0.00          0.00    54.02%     17.65    17.80    16.50    17.25       21.70    23.75    21.65    23.75     +6.50   +37.68%
      38             286  6179      亞通                    0.00          0.00    53.77%     27.80    27.80    26.50    27.80       41.60    41.90    37.75    37.90    +10.10   +36.33%
      39             110  6240      松崗                    0.00          0.00    52.94%     18.05    18.40    17.65    18.40       25.05    26.15    24.95    25.00     +6.60   +35.87%
      40              46  7743      金利食安                  0.00          0.00    52.85%     20.60    20.60    20.00    20.00       25.05    25.20    24.50    25.00     +5.00   +25.00%
==========================================================================================================================================================================
✅ 共 40 筆


══════════════════════════════════════════════════════════════════════════════════════════════════════════════
  🔄 第 12/45 次  2026/07/13 ～ 2026/09/17
══════════════════════════════════════════════════════════════════════════════════════════════════════════════

==========================================================================================================================================================================
📊 ROI 每日報酬率累計排名 (2026/07/13 ~ 2026/09/17)
==========================================================================================================================================================================
    實資排名          累計天數排名  代號        名稱                 累計漲停(元)       累計跌停(元)       強度%  (07/13)開盤      最高      最低      收盤    (09/17)開盤      最高      最低      收盤      賺賠    賺賠率
--------------------------------------------------------------------------------------------------------------------------------------------------------------------------
       1              89  3441      聯一光                  89.20         21.50   100.00%     70.40    74.30    70.20    74.30      198.50   201.00   188.50   192.50   +118.20  +159.08%
       2              92  2221      大甲                   10.50          0.00    93.43%     48.80    50.00    48.25    48.40      110.50   116.00   108.00   116.00    +67.60  +139.67%
       3              62  6538      倉和                  247.00         82.50    92.84%    141.00   149.50   141.00   149.50      377.00   392.50   344.00   353.00   +203.50  +136.12%
       4             145  6620      漢達                   45.50          0.00    68.28%     98.50    98.50    90.10    90.10      143.00   147.00   143.00   147.00    +56.90   +63.15%
       5              86  4139      馬光-KY                 0.00          0.00    67.56%     25.20    26.00    24.90    26.00       41.35    42.95    40.55    41.95    +15.95   +61.35%
       6             105  6840      東研信超                  0.00          0.00    66.00%     64.90    64.90    62.50    62.70       92.90   101.50    92.90   101.50    +38.80   +61.88%
       7             412  4908      前鼎                  183.50         98.50    65.00%    169.00   169.00   155.50   159.00      245.00   262.00   232.50   238.00    +79.00   +49.69%
       8             533  6588      東典光電                 19.50          0.00    64.39%     79.80    80.80    78.00    78.00      115.50   121.00   114.50   118.50    +40.50   +51.92%
       9             196  3324      雙鴻                 1096.00        798.00    63.62%    921.00   924.00   896.00   905.00     1375.00  1460.00  1335.00  1385.00   +480.00   +53.04%
      10             242  8111      立碁                    0.00          0.00    62.92%     50.80    50.90    48.90    49.15       73.90    74.80    72.00    73.50    +24.35   +49.54%
      11             135  6218      豪勉                    0.00          0.00    62.31%     38.20    39.70    36.20    36.60       56.00    58.90    53.70    56.00    +19.40   +53.01%
      12             232  3234      光環                  111.80         60.90    62.17%    126.50   128.00   117.00   121.50      180.00   194.00   176.00   177.00    +55.50   +45.68%
      13             495  8227      巨有科技                122.50         48.50    61.75%    187.00   189.00   174.00   175.50      273.00   281.00   258.00   258.00    +82.50   +47.01%
      14             209  6179      亞通                    0.00          0.00    61.21%     28.55    28.70    27.30    27.85       38.00    41.45    37.75    41.45    +13.60   +48.83%
      15             302  3498      陽程                  104.00         64.50    60.38%    136.00   139.00   128.50   131.00      192.50   193.00   180.00   184.50    +53.50   +40.84%
      16             666  3081      聯亞                 3030.00       2540.00    60.02%   2035.00  2080.00  1950.00  1990.00     2910.00  2930.00  2715.00  2720.00   +730.00   +36.68%
      17              84  3490      單井                    0.00          0.00    59.98%     31.75    31.90    30.85    31.40       45.50    46.20    44.50    45.35    +13.95   +44.43%
      18             601  4939      亞電                    0.00          0.00    59.79%     57.80    59.40    56.30    57.20       82.00    82.50    75.30    77.60    +20.40   +35.66%
      19             110  3693      營邦                  423.00        311.50    58.57%    516.00   525.00   489.00   489.00      693.00   725.00   688.00   697.00   +208.00   +42.54%
      20             766  6617      共信-KY                45.50         10.00    57.84%    110.00   110.00   102.00   105.00      138.00   149.00   137.50   143.00    +38.00   +36.19%
      21              80  3629      地心引力                  0.00          0.00    57.76%     14.80    14.80    14.80    14.80          --       --       --       --        --        --
      22             173  4979      華星光                 586.00        495.00    56.90%    443.00   451.00   413.50   419.00      556.00   561.00   532.00   556.00   +137.00   +32.70%
      23             305  4971      IET-KY              590.50        540.00    56.31%    426.00   443.00   416.00   428.00      604.00   606.00   555.00   555.00   +127.00   +29.67%
      24             133  8093      保銳                    0.00          0.00    56.12%     19.70    19.70    19.70    19.70       24.30    25.50    24.30    24.50     +4.80   +24.37%
      25             146  5274      信驊                13215.00      10400.00    55.61%  14865.00 14865.00 13070.00 13520.00    18250.00 18800.00 18225.00 18275.00  +4755.00   +35.17%
      26             610  4188      安克                    0.00          0.00    55.48%     10.55    10.55    10.25    10.30       14.15    14.15    13.75    13.80     +3.50   +33.98%
      27              95  6240      松崗                    0.00          0.00    55.06%        --       --       --       --       24.70    26.80    24.60    25.00        --        --
      28             304  8431      匯鑽科                   0.00          0.00    54.28%     49.95    50.40    47.30    48.85       65.00    68.00    63.40    64.80    +15.95   +32.65%
      29             379  7772      耀穎                   44.50          0.00    53.93%    122.00   122.00   109.50   110.00      133.00   146.00   133.00   146.00    +36.00   +32.73%
      30             385  6173      信昌電                 277.00        210.00    53.39%    277.00   277.00   247.50   247.50      315.00   325.00   295.00   303.50    +56.00   +22.63%
      31             235  3141      晶宏                    0.00          0.00    53.29%     74.20    74.80    70.30    71.90       93.40    97.50    93.20    94.40    +22.50   +31.29%
      32             124  6547      高端疫苗                  0.00          0.00    52.97%     47.75    47.75    45.80    45.85       60.90    61.70    60.30    60.70    +14.85   +32.39%
      33              70  4413      飛寶企業                  0.00          0.00    52.59%     14.85    14.95    14.70    14.70       19.20    19.60    18.90    19.30     +4.60   +31.29%
      34             684  7717      萊德光電-KY             513.50        391.50    52.21%    464.50   464.50   464.50   464.50      544.00   579.00   530.00   579.00   +114.50   +24.65%
      35             190  3467      台灣精材                  0.00          0.00    52.19%     58.30    58.30    55.20    56.30       72.80    78.70    70.80    73.50    +17.20   +30.55%
      36             119  7792      安葆                   91.50         79.00    52.03%    236.50   250.00   235.00   240.50      314.00   321.00   310.50   313.00    +72.50   +30.15%
      37             374  6530      創威                    0.00          0.00    51.77%     83.60    83.80    79.00    79.10       97.60   101.50    97.00    99.70    +20.60   +26.04%
      38             283  6221      晉泰                    0.00          0.00    51.48%     22.15    22.15    21.90    22.05       29.60    29.60    28.10    28.65     +6.60   +29.93%
      39              49  7743      金利食安                  0.00          0.00    51.31%     20.70    20.70    20.10    20.60       24.45    24.50    23.65    24.30     +3.70   +17.96%
      40             635  6872      浩宇生醫                  0.00          0.00    51.21%     16.65    16.70    16.35    16.65       23.00    23.40    21.00    21.00     +4.35   +26.13%
==========================================================================================================================================================================
✅ 共 40 筆


══════════════════════════════════════════════════════════════════════════════════════════════════════════════
  🔄 第 13/45 次  2026/07/09 ～ 2026/09/16
══════════════════════════════════════════════════════════════════════════════════════════════════════════════

==========================================================================================================================================================================
📊 ROI 每日報酬率累計排名 (2026/07/09 ~ 2026/09/16)
==========================================================================================================================================================================
    實資排名          累計天數排名  代號        名稱                 累計漲停(元)       累計跌停(元)       強度%  (07/09)開盤      最高      最低      收盤    (09/16)開盤      最高      最低      收盤      賺賠    賺賠率
--------------------------------------------------------------------------------------------------------------------------------------------------------------------------
       1              89  3441      聯一光                  89.20         21.50   100.00%     70.20    75.30    67.60    67.60      170.00   186.00   170.00   186.00   +118.40  +175.15%
       2              49  6538      倉和                  260.50         55.00    99.64%    133.00   136.00   128.50   136.00      370.50   398.50   365.00   380.50   +244.50  +179.78%
       3              95  2221      大甲                    0.00          0.00    85.65%     49.00    49.00    47.40    47.40       96.10   105.50    95.60   105.50    +58.10  +122.57%
       4              86  4139      馬光-KY                 0.00          0.00    67.81%     24.80    24.90    24.75    24.90       41.40    41.90    39.90    41.15    +16.25   +65.26%
       5             200  3498      陽程                  104.00         64.50    63.65%    124.00   131.00   124.00   126.50      175.00   190.50   174.00   190.50    +64.00   +50.59%
       6             379  4939      亞電                    0.00          0.00    62.94%     58.50    59.90    56.50    56.60       78.00    83.80    78.00    82.00    +25.40   +44.88%
       7             397  4908      前鼎                  183.50         98.50    62.85%    169.50   169.50   164.00   164.00      226.00   243.00   223.50   240.50    +76.50   +46.65%
       8             477  8227      巨有科技                122.50         44.50    60.87%    196.00   197.50   185.50   185.50      250.50   274.00   248.00   272.00    +86.50   +46.63%
       9             556  3081      聯亞                 3030.00       2470.00    60.74%   2095.00  2120.00  2000.00  2005.00     2695.00  2930.00  2695.00  2805.00   +800.00   +39.90%
      10             262  3324      雙鴻                 1071.00        813.00    60.72%    932.00   942.00   920.00   920.00     1275.00  1375.00  1255.00  1360.00   +440.00   +47.83%
      11             316  8111      立碁                    0.00          0.00    60.20%     51.70    51.70    50.00    50.30       68.50    74.20    68.50    72.80    +22.50   +44.73%
      12             253  3234      光環                  111.80         60.90    59.49%    131.00   131.00   124.50   126.00      163.50   179.50   163.50   177.50    +51.50   +40.87%
      13             204  4971      IET-KY              590.50        521.00    58.89%    442.00   443.00   420.50   421.00      530.00   574.00   530.00   574.00   +153.00   +36.34%
      14             646  6588      東典光電                 19.50          0.00    58.29%     81.90    82.00    78.90    78.90      102.50   110.00   102.00   110.00    +31.10   +39.42%
      15              94  3490      單井                    0.00          0.00    57.93%     32.50    32.60    31.80    31.80       42.00    45.50    41.45    44.80    +13.00   +40.88%
      16             170  6218      豪勉                    0.00          0.00    57.86%     36.05    37.65    35.80    37.65       50.20    54.10    48.50    54.10    +16.45   +43.69%
      17              85  3629      地心引力                  0.00          0.00    57.33%     14.30    14.80    14.30    14.80       18.10    18.20    18.10    18.20     +3.40   +22.97%
      18             122  8093      保銳                    0.00          0.00    56.79%     20.40    20.45    20.00    20.00       24.05    26.85    24.05    25.30     +5.30   +26.50%
      19             449  6872      浩宇生醫                  0.00          0.00    56.58%     16.85    16.85    16.10    16.65       22.90    23.65    22.50    23.10     +6.45   +38.74%
      20             136  6840      東研信超                  0.00          0.00    56.50%     67.30    67.30    63.80    66.00       90.30    92.70    90.20    92.70    +26.70   +40.45%
      21             229  6620      漢達                   32.50          0.00    55.89%    105.00   105.00    99.50    99.50      119.00   134.00   118.50   134.00    +34.50   +34.67%
      22             146  5274      信驊                13190.00      10545.00    54.66%  13975.00 14180.00 13410.00 13665.00    17965.00 18420.00 17485.00 18250.00  +4585.00   +33.55%
      23             263  6179      亞通                    0.00          0.00    54.52%     27.20    29.10    27.15    27.95       34.40    38.00    34.40    37.70     +9.75   +34.88%
      24             583  4188      安克                    0.00          0.00    54.50%     10.75    10.80    10.60    10.70       14.00    14.65    13.95    14.15     +3.45   +32.24%
      25             246  4979      華星光                 586.00        508.50    53.77%    439.00   443.00   429.50   432.50      516.00   547.00   510.00   547.00   +114.50   +26.47%
      26             289  8431      匯鑽科                   0.00          0.00    53.72%     50.60    50.70    49.20    49.35       60.10    65.80    60.00    65.00    +15.65   +31.71%
      27             138  3693      營邦                  407.00        338.50    53.68%    525.00   535.00   514.00   516.00      673.00   685.00   671.00   681.00   +165.00   +31.98%
      28              92  6240      松崗                    0.00          0.00    53.66%     17.75    18.50    17.75    18.50       25.00    26.95    24.50    24.50     +6.00   +32.43%
      29             108  7792      安葆                   91.50         79.00    53.10%    238.50   238.50   235.00   235.50      311.00   316.00   305.50   312.00    +76.50   +32.48%
      30             863  6617      共信-KY                45.50         10.00    52.66%    115.00   115.50   108.50   110.00      127.50   138.00   126.00   138.00    +28.00   +25.45%
      31             226  6221      晉泰                    0.00          0.00    52.31%     22.10    22.30    22.05    22.10       30.95    30.95    28.80    29.10     +7.00   +31.67%
      32             677  7717      萊德光電-KY             503.50        391.50    52.26%    435.00   441.50   422.50   422.50      500.00   527.00   492.00   527.00   +104.50   +24.73%
      33             128  1815      富喬                   11.50         11.00    51.62%     97.10    97.80    94.50    95.00      115.50   121.50   115.50   118.50    +23.50   +24.74%
      34              71  4413      飛寶企業                  0.00          0.00    51.49%     14.90    14.90    14.90    14.90       19.20    19.20    19.20    19.20     +4.30   +28.86%
      35             141  6547      高端疫苗                  0.00          0.00    50.83%     47.80    47.85    46.80    47.40       59.70    60.80    59.10    60.50    +13.10   +27.64%
      36              54  7743      金利食安                  0.00          0.00    50.78%     20.30    20.30    20.30    20.30       22.90    23.70    22.90    23.70     +3.40   +16.75%
      37             334  3141      晶宏                    0.00          0.00    50.72%     74.50    76.10    73.60    73.80       91.40    95.50    91.10    92.80    +19.00   +25.75%
      38             328  3374      精材                  375.50        356.50    50.35%    344.50   356.50   343.50   356.50      417.00   436.00   410.50   424.00    +67.50   +18.93%
      39             391  6173      信昌電                 277.00        226.00    49.62%    276.00   295.00   266.50   275.00      304.00   323.00   295.00   315.00    +40.00   +14.55%
      40             554  3105      穩懋                  413.00        372.50    48.55%    418.00   427.00   405.50   406.00      469.00   473.00   454.00   472.50    +66.50   +16.38%
==========================================================================================================================================================================
✅ 共 40 筆


══════════════════════════════════════════════════════════════════════════════════════════════════════════════
  🔄 第 14/45 次  2026/07/08 ～ 2026/09/15
══════════════════════════════════════════════════════════════════════════════════════════════════════════════

==========================================================================================================================================================================
📊 ROI 每日報酬率累計排名 (2026/07/08 ~ 2026/09/15)
==========================================================================================================================================================================
    實資排名          累計天數排名  代號        名稱                 累計漲停(元)       累計跌停(元)       強度%  (07/08)開盤      最高      最低      收盤    (09/15)開盤      最高      最低      收盤      賺賠    賺賠率
--------------------------------------------------------------------------------------------------------------------------------------------------------------------------
       1              48  6538      倉和                  257.00         55.00   100.00%    127.00   127.50   120.50   124.00      372.50   376.00   364.00   365.00   +241.00  +194.35%
       2             111  3441      聯一光                  72.70         21.50    90.51%     71.00    72.00    66.70    69.30      162.00   176.50   159.00   169.50   +100.20  +144.59%
       3             123  2221      大甲                    0.00          0.00    76.27%     50.20    50.40    46.95    49.00       88.30    98.80    88.20    96.10    +47.10   +96.12%
       4              88  4139      馬光-KY                 0.00          0.00    66.04%     24.60    24.75    24.60    24.65       40.00    41.90    40.00    40.45    +15.80   +64.10%
       5              74  3629      地心引力                  0.00          0.00    60.37%        --       --       --       --       17.00    19.60    17.00    19.60        --        --
       6             219  3498      陽程                   87.00         64.50    60.24%    124.00   130.50   116.50   119.50      188.50   190.00   173.50   173.50    +54.00   +45.19%
       7             578  4939      亞電                    0.00          0.00    57.94%     59.60    59.90    56.50    57.60       80.20    82.80    77.70    78.00    +20.40   +35.42%
       8             193  6218      豪勉                    0.00          0.00    56.94%     34.50    34.90    33.80    34.25       44.75    49.25    44.15    49.25    +15.00   +43.80%
       9             610  4908      前鼎                  167.00         98.50    55.60%    164.50   171.50   162.50   170.00      223.00   245.00   218.00   224.00    +54.00   +31.76%
      10             364  3324      雙鴻                  971.00        813.00    54.90%    960.00   960.00   904.00   925.00     1310.00  1365.00  1240.00  1260.00   +335.00   +36.22%
      11             465  8111      立碁                    0.00          0.00    54.63%     51.90    52.40    50.10    50.90       70.30    71.60    67.60    68.10    +17.20   +33.79%
      12             696  3081      聯亞                 2900.00       2560.00    54.55%   1940.00  2095.00  1915.00  2095.00     2725.00  2745.00  2650.00  2675.00   +580.00   +27.68%
      13             555  6872      浩宇生醫                  0.00          0.00    54.35%     16.50    16.90    16.30    16.90       22.00    23.10    22.00    22.90     +6.00   +35.50%
      14             462  4188      安克                    0.00          0.00    54.13%     10.60    10.80    10.55    10.65       14.60    14.60    14.00    14.20     +3.55   +33.33%
      15              85  6240      松崗                    0.00          0.00    54.01%     18.50    18.55    18.20    18.20       23.10    25.45    23.10    24.60     +6.40   +35.16%
      16             169  6840      東研信超                  0.00          0.00    53.42%     69.00    69.00    65.00    66.60       90.70    90.90    89.10    90.00    +23.40   +35.14%
      17             328  3374      精材                  392.00        356.50    53.07%    313.00   324.50   312.00   324.50      429.00   430.50   407.00   408.50    +84.00   +25.89%
      18             664  6187      萬潤                 1132.00       1218.00    52.90%    990.00   992.00   923.00   955.00     1230.00  1265.00  1210.00  1215.00   +260.00   +27.23%
      19             155  8093      保銳                    0.00          0.00    52.83%     20.35    20.40    20.35    20.40       25.75    25.75    24.10    24.45     +4.05   +19.85%
      20             394  3234      光環                   97.80         60.90    52.38%    120.50   130.50   120.50   129.00      172.50   173.50   163.00   163.50    +34.50   +26.74%
      21             119  3490      單井                    0.00          0.00    51.79%     33.45    33.45    32.25    32.65       42.10    43.80    41.75    42.00     +9.35   +28.64%
      22             662  8227      巨有科技                100.00         55.00    51.76%    200.00   200.00   189.50   196.00      239.00   253.00   239.00   249.50    +53.50   +27.30%
      23             112  7792      安葆                   91.50         79.00    51.65%    250.50   250.50   237.00   238.00      313.50   319.00   310.50   311.50    +73.50   +30.88%
      24             286  6179      亞通                    0.00          0.00    51.52%     26.95    27.25    26.50    26.80       33.90    35.40    33.15    34.85     +8.05   +30.04%
      25             161  3693      營邦                  392.00        338.50    51.19%    550.00   550.00   508.00   520.00      680.00   685.00   662.00   666.00   +146.00   +28.08%
      26              72  4413      飛寶企業                  0.00          0.00    50.94%     14.55    14.55    14.55    14.55       19.85    19.85    18.80    18.80     +4.25   +29.21%
      27             754  6588      東典光電                  9.50          0.00    50.35%     81.10    83.40    79.20    80.90      106.50   107.00   100.00   100.00    +19.10   +23.61%
      28             217  5274      信驊                12460.00      10855.00    50.26%  14870.00 15045.00 13600.00 13975.00    17980.00 18160.00 17405.00 17520.00  +3545.00   +25.37%
      29             339  4971      IET-KY              538.50        537.50    50.22%    439.50   459.00   425.50   437.50      524.00   557.00   520.00   522.00    +84.50   +19.31%
      30             312  6221      晉泰                    0.00          0.00    49.31%     22.20    22.30    22.05    22.25       28.15    28.15    28.15    28.15     +5.90   +26.52%
      31             154  6547      高端疫苗                  0.00          0.00    49.28%     47.70    48.20    47.05    47.50       58.70    60.70    58.00    59.70    +12.20   +25.68%
      32             414  3141      晶宏                    0.00          0.00    48.64%     75.10    75.60    72.70    74.70       88.40    94.10    87.60    91.60    +16.90   +22.62%
      33             345  4979      華星光                 548.00        508.50    48.55%    432.00   451.50   424.50   434.50      542.00   542.00   501.00   509.00    +74.50   +17.15%
      34             167  1815      富喬                   11.50         11.00    48.04%     97.30    97.90    93.90    96.60      119.00   121.50   114.50   114.50    +17.90   +18.53%
      35              59  7743      金利食安                  0.00          0.00    47.62%     21.00    21.00    20.40    20.40       23.05    24.50    22.80    22.80     +2.40   +11.76%
      36             586  3685      元創精密                  0.00          0.00    47.42%     30.35    30.50    28.25    29.80       36.50    36.65    35.65    35.65     +5.85   +19.63%
      37             363  3508      位速                    0.00          0.00    47.36%     18.15    18.15    17.80    18.10       22.05    22.90    21.80    21.80     +3.70   +20.44%
      38              32  3226      龍鋒                    0.00          0.00    47.13%     46.50    46.50    46.50    46.50       55.10    55.90    55.00    55.50     +9.00   +19.35%
      39              31  2924      宏太-KY                 0.00          0.00    47.10%     18.40    18.40    18.40    18.40       17.00    18.75    17.00    18.20     -0.20    -1.09%
      40             309  3467      台灣精材                  0.00          0.00    47.08%     59.10    59.10    56.20    58.70       70.80    70.80    70.80    70.80    +12.10   +20.61%
==========================================================================================================================================================================
✅ 共 40 筆


══════════════════════════════════════════════════════════════════════════════════════════════════════════════
  🔄 第 15/45 次  2026/07/07 ～ 2026/09/14
══════════════════════════════════════════════════════════════════════════════════════════════════════════════

==========================================================================================================================================================================
📊 ROI 每日報酬率累計排名 (2026/07/07 ~ 2026/09/14)
==========================================================================================================================================================================
    實資排名          累計天數排名  代號        名稱                 累計漲停(元)       累計跌停(元)       強度%  (07/07)開盤      最高      最低      收盤    (09/14)開盤      最高      最低      收盤      賺賠    賺賠率
--------------------------------------------------------------------------------------------------------------------------------------------------------------------------
       1              46  6538      倉和                  257.00         55.00   100.00%    129.00   130.00   124.50   125.50      362.00   379.50   355.00   372.50   +247.00  +196.81%
       2             144  3441      聯一光                  72.70         21.50    85.42%     79.40    79.40    71.10    71.10      167.00   173.00   157.50   160.50    +89.40  +125.74%
       3             151  2221      大甲                    0.00          0.00    71.10%     49.05    49.90    47.50    49.60       92.80    97.80    89.20    89.90    +40.30   +81.25%
       4              98  4139      馬光-KY                 0.00          0.00    64.49%     24.80    24.80    24.50    24.75       41.00    41.25    40.00    40.00    +15.25   +61.62%
       5             209  3498      陽程                   87.00         47.50    62.93%    125.50   136.00   122.50   123.00      188.00   199.00   186.50   190.50    +67.50   +54.88%
       6             548  3081      聯亞                 3090.00       2490.00    60.82%   2025.00  2120.00  1895.00  1905.00     2725.00  2830.00  2685.00  2745.00   +840.00   +44.09%
       7             202  3374      精材                  421.50        335.50    60.66%    325.50   328.00   292.50   295.00      440.00   447.50   417.50   429.50   +134.50   +45.59%
       8             469  4908      前鼎                  167.00         98.50    57.98%    178.00   183.50   160.00   162.00      227.50   235.00   220.00   225.50    +63.50   +39.20%
       9             249  3234      光環                   97.80         50.40    57.73%    128.00   137.50   122.00   123.00      183.00   186.50   173.00   174.00    +51.00   +41.46%
      10             556  4939      亞電                    0.00          0.00    57.58%     62.90    62.90    56.70    59.10       82.40    83.80    80.40    80.60    +21.50   +36.38%
      11             379  8111      立碁                    0.00          0.00    55.60%     52.60    54.10    50.70    51.20       70.10    72.90    69.30    70.70    +19.50   +38.09%
      12              71  3629      地心引力                  0.00          0.00    54.65%        --       --       --       --       18.50    18.50    18.00    18.00        --        --
      13             140  8093      保銳                    0.00          0.00    54.41%     20.50    20.50    20.50    20.50       25.50    25.65    25.20    25.65     +5.15   +25.12%
      14             543  6872      浩宇生醫                  0.00          0.00    53.95%     17.00    17.00    16.50    16.50       22.65    23.50    22.40    22.50     +6.00   +36.36%
      15             146  6840      東研信超                  0.00          0.00    53.67%     64.30    66.70    63.70    65.90       90.50    90.90    86.80    90.70    +24.80   +37.63%
      16             441  4188      安克                    0.00          0.00    53.61%     11.15    11.15    10.75    10.90       14.70    15.15    14.30    14.60     +3.70   +33.94%
      17             371  3324      雙鴻                  971.00        813.00    53.47%   1005.00  1020.00   960.00   970.00     1335.00  1355.00  1280.00  1305.00   +335.00   +34.54%
      18             685  6588      東典光電                  9.50          0.00    53.09%     85.90    89.30    81.00    81.10      105.00   113.00   104.00   107.00    +25.90   +31.94%
      19             230  4979      華星光                 548.00        470.50    52.49%    461.50   488.00   424.00   428.00      510.00   547.00   508.00   547.00   +119.00   +27.80%
      20             426  7714      創泓科技                172.00         89.00    52.24%    153.00   153.00   140.00   143.00      178.50   189.50   178.50   183.00    +40.00   +27.97%
      21             703  6187      萬潤                 1132.00       1227.00    51.48%   1050.00  1050.00   960.00   974.00     1210.00  1250.00  1185.00  1225.00   +251.00   +25.77%
      22             675  8227      巨有科技                100.00         55.00    50.46%    202.00   205.00   189.00   191.00      240.50   259.00   235.00   241.00    +50.00   +26.18%
      23             246  6218      豪勉                    0.00          0.00    50.29%     36.55    36.90    34.45    34.45       44.60    45.85    43.25    44.80    +10.35   +30.04%
      24             130  3490      單井                    0.00          0.00    50.21%     33.80    33.80    32.50    33.20       41.05    43.55    40.75    42.10     +8.90   +26.81%
      25             168  3693      營邦                  392.00        338.50    49.92%    542.00   542.00   542.00   542.00      656.00   695.00   637.00   688.00   +146.00   +26.94%
      26             138  1815      富喬                   11.50         11.00    49.86%    101.50   103.00    96.10    96.50      126.00   127.00   119.50   120.00    +23.50   +24.35%
      27             347  6179      亞通                    0.00          0.00    49.69%     28.25    28.25    26.60    26.95       35.50    36.10    32.85    34.40     +7.45   +27.64%
      28             337  4971      IET-KY              538.50        537.50    49.61%    480.00   505.00   433.50   443.50      531.00   559.00   531.00   531.00    +87.50   +19.73%
      29              97  6240      松崗                    0.00          0.00    49.37%     18.40    18.60    18.15    18.40       22.80    23.85    22.80    23.25     +4.85   +26.36%
      30             141  6716      應廣                    0.00         23.50    49.25%    102.00   102.50    95.10    97.20      114.00   124.50   112.50   120.50    +23.30   +23.97%
      31             222  5274      信驊                12460.00      10835.00    49.19%  15665.00 15695.00 14270.00 14415.00    17765.00 18035.00 17170.00 17980.00  +3565.00   +24.73%
      32             263  3508      位速                    0.00          0.00    49.07%     18.10    18.10    17.50    17.55       21.20    22.50    20.90    22.10     +4.55   +25.93%
      33              84  4413      飛寶企業                  0.00          0.00    49.01%     14.80    14.85    14.40    14.85          --       --       --       --        --        --
      34             132  7792      安葆                   91.50         79.00    48.91%    257.50   258.50   247.00   247.00      301.00   313.00   300.00   312.00    +65.00   +26.32%
      35             142  5321      美而快                   0.00          0.00    48.34%     60.00    60.00    57.30    58.20       75.50    75.50    71.60    71.80    +13.60   +23.37%
      36             350  8431      匯鑽科                   0.00          0.00    48.11%     53.30    53.70    50.60    50.80       56.30    62.50    55.20    62.50    +11.70   +23.03%
      37             547  3685      元創精密                  0.00          0.00    48.00%     30.50    31.00    29.25    30.35       36.55    37.40    36.30    37.25     +6.90   +22.73%
      38             171  6547      高端疫苗                  0.00          0.00    47.23%     47.25    47.95    46.70    47.25       58.40    59.30    56.50    58.10    +10.85   +22.96%
      39              30  3226      龍鋒                    0.00          0.00    46.65%     46.70    46.70    46.55    46.55       56.00    56.50    55.10    55.90     +9.35   +20.09%
      40             265  6620      漢達                   20.50          9.50    46.55%    110.00   111.00   107.00   108.00      125.00   128.00   120.00   127.00    +19.00   +17.59%
==========================================================================================================================================================================
✅ 共 40 筆


══════════════════════════════════════════════════════════════════════════════════════════════════════════════
  🔄 第 16/45 次  2026/07/06 ～ 2026/09/11
══════════════════════════════════════════════════════════════════════════════════════════════════════════════

==========================================================================================================================================================================
📊 ROI 每日報酬率累計排名 (2026/07/06 ~ 2026/09/11)
==========================================================================================================================================================================
    實資排名          累計天數排名  代號        名稱                 累計漲停(元)       累計跌停(元)       強度%  (07/06)開盤      最高      最低      收盤    (09/11)開盤      最高      最低      收盤      賺賠    賺賠率
--------------------------------------------------------------------------------------------------------------------------------------------------------------------------
       1              50  6538      倉和                  257.00         55.00   100.00%    133.00   137.00   128.50   129.00      337.50   370.00   337.50   368.00   +239.00  +185.27%
       2             153  3441      聯一光                  72.70         21.50    83.95%     77.30    80.10    77.30    79.00      149.50   166.00   147.00   166.00    +87.00  +110.13%
       3             114  2221      大甲                    0.00          0.00    77.80%     48.35    49.50    48.00    48.60      103.00   105.50    95.40    95.40    +46.80   +96.30%
       4              84  4139      馬光-KY                 0.00          0.00    68.22%     24.40    24.75    24.35    24.75       41.00    41.50    40.90    41.00    +16.25   +65.66%
       5             183  3498      陽程                   87.00         47.50    65.29%    125.50   128.00   124.00   124.00      188.00   196.00   184.50   192.00    +68.00   +54.84%
       6              62  3629      地心引力                  0.00          0.00    62.52%     14.10    14.85    14.00    14.85       19.95    19.95    19.95    19.95     +5.10   +34.34%
       7             205  3374      精材                  421.50        328.50    62.45%    330.00   344.00   318.50   322.00      472.00   496.00   463.00   463.50   +141.50   +43.94%
       8             534  3081      聯亞                 3090.00       2520.00    61.83%   2175.00  2175.00  1985.00  2000.00     2800.00  2825.00  2735.00  2810.00   +810.00   +40.50%
       9             242  3234      光環                   97.80         36.90    61.14%    133.00   133.00   126.00   130.00      187.00   194.50   183.50   187.50    +57.50   +44.23%
      10             426  6872      浩宇生醫                  0.00          0.00    60.98%     16.90    17.00    16.60    16.70       25.70    25.70    24.50    24.85     +8.15   +48.80%
      11             469  4908      前鼎                  167.00         99.50    59.05%    182.00   185.00   172.50   175.00      242.50   253.00   235.00   237.50    +62.50   +35.71%
      12             134  8093      保銳                    0.00          0.00    57.89%     19.50    20.90    19.50    20.00       26.45    26.45    25.00    25.50     +5.50   +27.50%
      13             570  4939      亞電                    0.00          0.00    57.73%     63.80    66.40    63.00    63.00       80.10    86.50    80.10    82.40    +19.40   +30.79%
      14             358  8111      立碁                    0.00          0.00    56.98%     53.60    54.70    52.50    52.90       69.60    72.50    68.90    71.70    +18.80   +35.54%
      15             337  3324      雙鴻                  971.00        798.00    55.93%   1035.00  1035.00  1005.00  1010.00     1400.00  1405.00  1325.00  1360.00   +350.00   +34.65%
      16             148  6840      東研信超                  0.00          0.00    55.79%     66.40    66.40    64.30    65.00       89.00    91.60    89.00    89.00    +24.00   +36.92%
      17             174  3693      營邦                  415.50        338.50    55.74%    513.00   516.00   493.50   493.50      678.00   693.00   660.00   663.00   +169.50   +34.35%
      18             394  4188      安克                    0.00          0.00    55.58%     11.50    11.50    10.95    11.10       15.60    15.90    14.75    14.75     +3.65   +32.88%
      19             801  6617      共信-KY                43.00         10.00    54.86%    101.50   101.50   101.50   101.50      130.00   132.00   128.50   130.00    +28.50   +28.08%
      20             126  1815      富喬                   11.50         11.00    53.89%    102.50   103.00    98.10    99.50      125.00   129.00   122.00   127.50    +28.00   +28.14%
      21             121  5321      美而快                   0.00          0.00    52.76%     65.00    65.00    59.00    59.00       86.30    86.70    75.50    75.50    +16.50   +27.97%
      22             711  6588      東典光電                  9.50          0.00    52.64%     90.60    90.60    85.20    85.90      111.00   112.00   107.00   107.50    +21.60   +25.15%
      23             318  6179      亞通                    0.00          0.00    51.85%     27.00    28.60    26.95    28.15       38.20    38.55    34.90    35.75     +7.60   +27.00%
      24             699  6187      萬潤                 1132.00       1263.00    51.73%   1055.00  1110.00  1025.00  1035.00     1250.00  1275.00  1220.00  1250.00   +215.00   +20.77%
      25              94  4413      飛寶企業                  0.00          0.00    51.26%     14.70    15.00    14.40    14.90       19.20    19.40    18.75    19.40     +4.50   +30.20%
      26             273  5351      鈺創                   10.00         23.20    51.15%     87.30    89.90    87.30    89.90      111.50   112.00   108.00   108.50    +18.60   +20.69%
      27             147  3490      單井                    0.00          0.00    51.07%     34.35    35.20    33.70    33.70       40.85    43.35    40.15    41.55     +7.85   +23.29%
      28              98  6240      松崗                    0.00          0.00    50.70%     18.20    19.00    18.20    18.40       22.55    23.20    22.55    22.80     +4.40   +23.91%
      29             572  3363      上詮                  643.00        585.00    50.56%    610.00   618.00   567.00   574.00      698.00   699.00   679.00   681.00   +107.00   +18.64%
      30             321  4971      IET-KY              538.50        548.00    50.49%    508.00   508.00   467.50   473.00      589.00   590.00   550.00   550.00    +77.00   +16.28%
      31             547  3685      元創精密                  0.00          0.00    50.00%     27.85    30.30    27.00    30.30       36.75    37.25    36.00    36.90     +6.60   +21.78%
      32             154  5314      世紀*                   0.00          0.00    49.69%     73.00    75.00    67.50    67.60       42.15    42.15    42.15    42.15    -25.45   -37.65%
      33             339  4979      華星光                 532.00        499.50    49.68%    472.00   483.00   451.50   457.00      545.00   558.00   525.00   531.00    +74.00   +16.19%
      34             755  8227      巨有科技                100.00         65.00    49.64%    210.00   218.00   200.00   201.00      235.00   239.00   229.50   239.00    +38.00   +18.91%
      35             295  6218      豪勉                    0.00          0.00    49.63%     36.30    37.65    36.20    36.55       44.65    46.00    43.90    44.90     +8.35   +22.85%
      36             158  6547      高端疫苗                  0.00          0.00    49.46%     47.00    50.90    46.90    48.00       61.60    62.40    58.70    58.80    +10.80   +22.50%
      37             678  4556      旭然                   30.50         63.10    49.44%     94.00    94.80    80.00    82.60       85.50    94.60    85.50    94.60    +12.00   +14.53%
      38              26  3226      龍鋒                    0.00          0.00    49.10%     47.05    48.65    46.55    46.55       55.30    55.90    55.10    55.90     +9.35   +20.09%
      39             616  7714      創泓科技                162.50         89.00    48.64%    160.00   160.00   150.50   151.00      154.50   173.50   154.50   173.50    +22.50   +14.90%
      40             161  7792      安葆                   91.50         79.00    48.51%    257.00   260.00   253.50   254.50      316.50   320.00   305.50   305.50    +51.00   +20.04%
==========================================================================================================================================================================
✅ 共 40 筆


══════════════════════════════════════════════════════════════════════════════════════════════════════════════
  🔄 第 17/45 次  2026/07/02 ～ 2026/09/10
══════════════════════════════════════════════════════════════════════════════════════════════════════════════

==========================================================================================================================================================================
📊 ROI 每日報酬率累計排名 (2026/07/02 ~ 2026/09/10)
==========================================================================================================================================================================
    實資排名          累計天數排名  代號        名稱                 累計漲停(元)       累計跌停(元)       強度%  (07/02)開盤      最高      最低      收盤    (09/10)開盤      最高      最低      收盤      賺賠    賺賠率
--------------------------------------------------------------------------------------------------------------------------------------------------------------------------
       1              65  6538      倉和                  227.50         55.00   100.00%    140.50   144.00   136.00   137.00      338.00   349.00   335.00   338.50   +201.50  +147.08%
       2             110  2221      大甲                    0.00          0.00    85.20%     48.40    49.00    47.45    48.35       87.80    96.50    86.30    96.50    +48.15   +99.59%
       3             201  3441      聯一光                  57.70         21.50    84.04%     75.80    80.70    75.80    80.00      141.50   157.00   137.00   151.00    +71.00   +88.75%
       4              81  4139      馬光-KY                 0.00          0.00    73.74%     24.50    24.60    24.10    24.60       41.00    41.10    41.00    41.00    +16.40   +66.67%
       5             767  6617      共信-KY                43.00         10.00    71.48%     80.50    84.20    80.50    84.20      131.00   132.00   128.00   130.50    +46.30   +54.99%
       6             151  3374      精材                  421.50        304.00    71.21%    295.00   316.00   285.50   316.00      481.00   494.00   476.00   488.00   +172.00   +54.43%
       7             205  3498      陽程                   87.00         47.50    70.23%    117.00   127.50   116.00   123.00      189.50   201.00   189.00   191.00    +68.00   +55.28%
       8             180  3234      光環                   97.80         36.90    69.04%    117.00   129.00   116.00   127.50      196.00   205.50   192.50   195.00    +67.50   +52.94%
       9             391  6872      浩宇生醫                  0.00          0.00    68.56%     17.05    17.05    16.95    17.00       27.05    27.05    24.95    26.75     +9.75   +57.35%
      10             455  3081      聯亞                 3090.00       2600.00    68.55%   1880.00  1940.00  1835.00  1940.00     2820.00  2930.00  2755.00  2830.00   +890.00   +45.88%
      11              53  3629      地心引力                  0.00          0.00    66.94%        --       --       --       --       19.95    19.95    19.95    19.95        --        --
      12             362  4908      前鼎                  167.00         88.00    66.84%    163.50   176.00   163.50   172.50      239.00   265.00   238.00   249.00    +76.50   +44.35%
      13             277  4188      安克                    0.00          0.00    64.33%     10.50    10.70    10.50    10.70       14.00    15.45    13.45    15.45     +4.75   +44.39%
      14             127  3693      營邦                  415.50        324.00    63.68%    480.00   489.50   477.00   479.50      700.00   719.00   687.00   691.00   +211.50   +44.11%
      15             197  6179      亞通                    0.00          0.00    63.51%     26.35    26.55    25.75    26.25       38.65    39.50    36.95    38.20    +11.95   +45.52%
      16             550  4939      亞電                    0.00          0.00    63.29%     60.40    64.30    60.40    61.30       87.50    92.40    81.90    82.40    +21.10   +34.42%
      17             120  6840      東研信超                  0.00          0.00    62.77%     63.10    64.00    62.80    63.10       92.30    93.90    90.80    91.20    +28.10   +44.53%
      18             177  5351      鈺創                   10.00         23.20    62.61%     78.90    83.70    77.60    83.70      117.00   118.50   115.50   115.50    +31.80   +37.99%
      19             370  3363      上詮                  643.00        552.00    61.73%    505.00   532.00   505.00   529.00      706.00   732.00   694.00   714.00   +185.00   +34.97%
      20             380  8111      立碁                    0.00          0.00    61.35%     52.00    52.70    51.10    52.00       71.10    73.50    70.80    71.20    +19.20   +36.92%
      21             111  5314      世紀*                   0.00          0.00    61.26%     66.20    67.80    65.00    65.00       45.35    46.80    45.35    46.80    -18.20   -28.00%
      22             322  3324      雙鴻                  971.00        728.00    61.19%    994.00  1040.00   977.00  1040.00     1355.00  1440.00  1355.00  1440.00   +400.00   +38.46%
      23             176  8093      保銳                    0.00          0.00    61.09%     20.20    20.20    20.20    20.20          --       --       --       --        --        --
      24             117  5321      美而快                   0.00          0.00    60.21%     51.10    61.90    51.10    60.90       76.50    83.80    76.50    83.80    +22.90   +37.60%
      25             317  6727      亞泰金屬                494.50        439.50    59.37%    412.50   423.00   407.50   412.50      508.00   535.00   503.00   521.00   +108.50   +26.30%
      26             672  6588      東典光電                  9.50          0.00    59.12%     84.00    86.30    83.10    85.20      113.00   116.00   112.00   112.50    +27.30   +32.04%
      27             234  4979      華星光                 532.00        471.00    58.58%    441.50   449.00   432.00   445.00      601.00   602.00   571.00   571.00   +126.00   +28.31%
      28             115  6547      高端疫苗                  0.00          0.00    58.50%     45.60    45.70    45.10    45.40       71.00    72.20    61.30    61.40    +16.00   +35.24%
      29             635  6187      萬潤                 1132.00       1233.00    58.13%   1025.00  1100.00   996.00  1005.00     1340.00  1360.00  1280.00  1280.00   +275.00   +27.36%
      30             295  4971      IET-KY              538.50        523.00    57.71%    465.00   480.00   456.50   480.00      613.00   627.00   600.00   600.00   +120.00   +25.00%
      31             190  6620      漢達                   20.50          9.50    57.40%    102.00   104.00    98.10    98.60      128.50   129.00   124.00   126.50    +27.90   +28.30%
      32             481  6907      雅特力-KY              123.50        153.50    56.54%    142.00   155.00   141.50   155.00      193.00   196.50   190.00   190.00    +35.00   +22.58%
      33             508  3685      元創精密                  0.00          0.00    55.91%     28.85    29.75    28.50    28.85       36.55    37.05    36.35    36.85     +8.00   +27.73%
      34              87  4413      飛寶企業                  0.00          0.00    55.90%     14.30    14.30    14.00    14.30       19.50    19.50    19.10    19.10     +4.80   +33.57%
      35             159  1815      富喬                   11.50         11.00    55.22%    102.00   103.50   100.00   101.50      125.00   129.00   124.00   126.00    +24.50   +24.14%
      36             133  6716      應廣                    0.00         23.50    54.95%     90.50    97.10    89.20    96.40      121.00   122.00   118.50   120.00    +23.60   +24.48%
      37             131  7792      安葆                   91.50         62.50    54.87%    258.00   258.00   252.50   252.50      322.50   324.00   315.00   322.00    +69.50   +27.52%
      38             256  6218      豪勉                    0.00          0.00    54.46%     36.00    37.30    35.45    36.35       46.90    47.90    45.80    46.15     +9.80   +26.96%
      39              23  3226      龍鋒                    0.00          0.00    54.45%     46.30    46.40    44.60    44.60       55.90    56.00    54.90    55.80    +11.20   +25.11%
      40             100  6240      松崗                    0.00          0.00    53.96%     18.15    18.35    17.55    18.10       22.10    23.25    21.80    22.55     +4.45   +24.59%
==========================================================================================================================================================================
✅ 共 40 筆


══════════════════════════════════════════════════════════════════════════════════════════════════════════════
  🔄 第 18/45 次  2026/07/01 ～ 2026/09/09
══════════════════════════════════════════════════════════════════════════════════════════════════════════════

==========================================================================================================================================================================
📊 ROI 每日報酬率累計排名 (2026/07/01 ~ 2026/09/09)
==========================================================================================================================================================================
    實資排名          累計天數排名  代號        名稱                 累計漲停(元)       累計跌停(元)       強度%  (07/01)開盤      最高      最低      收盤    (09/09)開盤      最高      最低      收盤      賺賠    賺賠率
--------------------------------------------------------------------------------------------------------------------------------------------------------------------------
       1              63  6538      倉和                  227.50         44.50   100.00%    142.50   144.00   135.00   142.00      320.00   353.00   316.50   349.00   +207.00  +145.77%
       2             209  3441      聯一光                  57.70         21.50    83.35%     80.10    81.00    76.20    77.20      132.50   144.00   129.00   143.50    +66.30   +85.88%
       3             128  2221      大甲                    0.00          0.00    79.34%     48.20    50.40    47.85    48.30       85.80    90.00    85.60    87.80    +39.50   +81.78%
       4             704  6617      共信-KY                43.00         10.00    78.29%     73.20    76.60    70.00    76.60      130.50   133.00   128.00   131.00    +54.40   +71.02%
       5             127  3234      光環                   97.80         36.90    74.31%    128.00   129.50   121.00   121.00      200.00   206.00   194.00   200.00    +79.00   +65.29%
       6              89  4139      馬光-KY                 0.00          0.00    73.92%     24.65    24.65    24.00    24.65       41.15    41.15    41.00    41.00    +16.35   +66.33%
       7             151  3374      精材                  424.00        304.00    72.76%    292.00   307.50   286.00   304.00      471.00   487.00   471.00   478.50   +174.50   +57.40%
       8             188  3498      陽程                   87.00         47.50    72.67%    120.50   122.50   118.00   119.00      190.50   197.50   187.00   191.00    +72.00   +60.50%
       9             376  4939      亞電                    0.00          0.00    70.62%     65.30    66.40    59.90    60.10       90.10    91.20    87.50    90.70    +30.60   +50.92%
      10             490  3081      聯亞                 3090.00       2620.00    68.04%   2035.00  2080.00  1970.00  1980.00     3085.00  3150.00  2820.00  2850.00   +870.00   +43.94%
      11              46  3629      地心引力                  0.00          0.00    67.57%     14.60    14.95    14.60    14.95       20.05    20.05    20.05    20.05     +5.10   +34.11%
      12             106  6840      東研信超                  0.00          0.00    65.98%     62.50    63.10    61.80    63.10       93.20    95.60    91.20    95.60    +32.50   +51.51%
      13             131  5351      鈺創                   10.00         23.20    65.64%     86.80    87.20    80.30    81.90      117.50   119.50   116.00   118.00    +36.10   +44.08%
      14             461  4908      前鼎                  167.00         88.00    65.15%    189.50   192.00   171.00   173.00      238.50   243.00   229.50   242.00    +69.00   +39.88%
      15              98  6547      高端疫苗                  0.00          0.00    65.15%     45.80    46.00    45.05    45.30       64.10    68.30    63.60    68.10    +22.80   +50.33%
      16             424  6872      浩宇生醫                  0.00          0.00    64.50%     17.00    17.00    16.70    16.70       24.60    24.60    24.60    24.60     +7.90   +47.31%
      17             321  6907      雅特力-KY              123.50        153.50    64.39%    152.00   152.00   141.50   142.00      202.00   204.50   194.00   195.50    +53.50   +37.68%
      18             134  3693      營邦                  415.50        324.00    63.83%    508.00   508.00   486.50   487.00      675.00   704.00   664.00   700.00   +213.00   +43.74%
      19             192  8093      保銳                    0.00          0.00    62.19%     19.85    20.10    19.70    19.95       25.70    26.60    25.55    26.15     +6.20   +31.08%
      20             215  4979      華星光                 532.00        432.00    62.14%    482.50   483.00   447.00   450.50      631.00   658.00   602.00   610.00   +159.50   +35.41%
      21             387  8111      立碁                    0.00          0.00    62.00%     52.80    54.90    51.50    52.30       70.10    72.90    69.60    72.00    +19.70   +37.67%
      22             210  4971      IET-KY              538.50        502.00    61.15%    494.50   494.50   471.00   472.50      634.00   664.00   606.00   621.00   +148.50   +31.43%
      23             580  6588      東典光電                  9.50          0.00    60.95%     89.00    91.80    85.00    85.00      114.50   118.50   111.50   115.00    +30.00   +35.29%
      24             331  3324      雙鴻                  946.00        728.00    60.87%   1025.00  1040.00  1000.00  1010.00     1375.00  1400.00  1320.00  1385.00   +375.00   +37.13%
      25             269  6179      亞通                    0.00          0.00    60.58%     25.70    26.85    25.50    26.30       33.05    36.40    32.50    36.40    +10.10   +38.40%
      26             495  3363      上詮                  643.00        552.00    60.57%    585.00   590.00   534.00   537.00      730.00   756.00   701.00   708.00   +171.00   +31.84%
      27             118  5321      美而快                   0.00          0.00    59.80%     61.00    61.00    56.70    56.70       81.00    81.00    76.60    77.20    +20.50   +36.16%
      28             349  4188      安克                    0.00          0.00    58.36%     10.95    10.95    10.60    10.70       12.85    14.05    12.80    14.05     +3.35   +31.31%
      29             185  6620      漢達                   20.50          9.50    58.24%     96.10   104.00    96.10   102.00      127.50   132.00   127.00   132.00    +30.00   +29.41%
      30             126  6716      應廣                    0.00         23.50    58.15%     95.00    95.10    91.60    91.80      118.00   123.00   118.00   119.50    +27.70   +30.17%
      31             160  3490      單井                    0.00          0.00    57.67%     31.00    33.90    31.00    33.90       43.55    44.75    43.50    44.20    +10.30   +30.38%
      32              78  4413      飛寶企業                  0.00          0.00    57.66%     15.00    15.00    14.30    14.30       20.00    20.00    19.00    19.55     +5.25   +36.71%
      33             624  6187      萬潤                 1132.00       1243.00    57.26%   1010.00  1085.00  1010.00  1065.00     1410.00  1425.00  1325.00  1330.00   +265.00   +24.88%
      34             448  6727      亞泰金屬                481.50        439.50    56.79%    428.50   438.50   419.50   421.00      526.00   540.00   499.50   508.00    +87.00   +20.67%
      35             198  6218      豪勉                    0.00          0.00    56.39%     37.60    37.75    36.00    36.00       46.70    48.95    46.15    46.90    +10.90   +30.28%
      36             612  3685      元創精密                  0.00          0.00    55.70%     29.00    29.00    27.85    28.85       36.50    37.25    36.10    36.55     +7.70   +26.69%
      37             395  8085      福華                    0.00          0.00    55.66%     12.10    12.10    11.70    11.80       15.10    15.20    14.90    15.05     +3.25   +27.54%
      38             132  7792      安葆                   91.50         62.50    55.53%    260.50   261.50   250.50   251.50      317.00   328.50   312.50   322.50    +71.00   +28.23%
      39             116  4905      台聯電                   0.00          0.00    54.85%     68.70    68.80    68.00    68.00       87.60    87.60    84.30    85.00    +17.00   +25.00%
      40             107  4198      欣大健康                  0.00          0.00    54.37%     38.90    39.20    38.30    39.20       45.30    50.00    45.20    49.95    +10.75   +27.42%
==========================================================================================================================================================================
✅ 共 40 筆


══════════════════════════════════════════════════════════════════════════════════════════════════════════════
  🔄 第 19/45 次  2026/06/30 ～ 2026/09/08
══════════════════════════════════════════════════════════════════════════════════════════════════════════════

==========================================================================================================================================================================
📊 ROI 每日報酬率累計排名 (2026/06/30 ~ 2026/09/08)
==========================================================================================================================================================================
    實資排名          累計天數排名  代號        名稱                 累計漲停(元)       累計跌停(元)       強度%  (06/30)開盤      最高      最低      收盤    (09/08)開盤      最高      最低      收盤      賺賠    賺賠率
--------------------------------------------------------------------------------------------------------------------------------------------------------------------------
       1              62  6538      倉和                  210.50         44.50   100.00%    124.00   131.00   117.00   131.00      307.00   328.00   299.00   321.00   +190.00  +145.04%
       2             490  6617      共信-KY                43.00         10.00    86.38%     67.50    69.70    66.50    69.70      142.00   146.00   131.00   134.50    +64.80   +92.97%
       3             138  2221      大甲                    0.00          0.00    78.35%     46.25    48.45    46.05    48.10       87.20    90.90    85.50    85.80    +37.70   +78.38%
       4             142  3374      精材                  441.50        304.00    76.37%    295.00   297.00   285.00   286.50      474.00   482.50   456.00   475.00   +188.50   +65.79%
       5             325  3441      聯一光                  46.20         21.50    75.87%     77.10    80.80    75.70    80.00      130.00   134.00   123.50   132.00    +52.00   +65.00%
       6              84  4139      馬光-KY                 0.00          0.00    74.27%     23.95    24.80    23.90    24.60       41.50    41.50    41.00    41.00    +16.40   +66.67%
       7             195  3498      陽程                   87.00         47.50    72.65%    121.00   122.50   118.00   118.50      189.00   192.00   185.50   189.50    +71.00   +59.92%
       8              42  3629      地心引力                  0.00          0.00    71.63%        --       --       --       --       21.35    21.35    21.35    21.35        --        --
       9             174  3234      光環                   97.80         36.90    70.36%    124.50   129.00   123.00   127.50      203.50   206.50   195.50   197.00    +69.50   +54.51%
      10             513  3081      聯亞                 3090.00       2645.00    67.34%   2090.00  2120.00  2020.00  2020.00     3115.00  3150.00  2825.00  2865.00   +845.00   +41.83%
      11             524  4939      亞電                    0.00          0.00    65.89%     64.20    66.80    63.20    64.30       93.60    93.60    87.00    89.50    +25.20   +39.19%
      12             315  6907      雅特力-KY              123.50        153.50    65.31%    144.50   146.50   142.00   146.50      198.00   210.50   192.50   204.00    +57.50   +39.25%
      13             110  6840      東研信超                  0.00          0.00    65.19%     61.50    62.70    61.40    62.50       92.90   101.00    92.90    93.20    +30.70   +49.12%
      14             423  6187      萬潤                 1199.00       1188.00    64.22%   1005.00  1005.00   965.00   998.00     1355.00  1435.00  1350.00  1385.00   +387.00   +38.78%
      15             152  8093      保銳                    0.00          0.00    63.33%     19.60    19.85    19.60    19.85       26.40    27.20    26.25    26.40     +6.55   +33.00%
      16             151  3490      單井                    0.00          0.00    63.04%     30.75    31.05    30.50    30.85       45.85    46.30    43.40    43.45    +12.60   +40.84%
      17             178  5351      鈺創                   10.00         23.20    61.77%     89.00    89.50    84.80    86.80      123.00   127.00   115.50   117.00    +30.20   +34.79%
      18             113  6547      高端疫苗                  0.00          0.00    61.13%     47.80    48.60    45.40    45.45       63.40    64.70    62.50    64.00    +18.55   +40.81%
      19             439  8111      立碁                    0.00          0.00    60.08%     52.30    52.30    51.10    52.20       72.10    72.50    69.50    69.50    +17.30   +33.14%
      20             187  3693      營邦                  384.50        338.00    59.38%    477.00   507.00   477.00   501.00      689.00   715.00   633.00   669.00   +168.00   +33.53%
      21             383  3324      雙鴻                  901.00        728.00    58.99%   1010.00  1035.00  1000.00  1010.00     1425.00  1425.00  1300.00  1340.00   +330.00   +32.67%
      22             190  6620      漢達                   20.50          9.50    58.97%     95.50    95.60    94.60    95.10      121.50   124.00   120.00   124.00    +28.90   +30.39%
      23             300  4979      華星光                 532.00        455.50    58.73%    470.50   483.50   464.00   474.00      598.00   630.00   590.00   605.00   +131.00   +27.64%
      24             432  6727      亞泰金屬                481.50        421.50    58.08%    404.00   429.50   404.00   428.50      545.00   570.00   516.00   526.00    +97.50   +22.75%
      25             713  6588      東典光電                  9.50          0.00    58.06%     87.10    89.60    87.10    88.20      118.50   127.00   113.00   113.50    +25.30   +28.68%
      26             600  6872      浩宇生醫                  0.00          0.00    57.43%     17.40    17.40    16.30    17.00       22.40    22.40    22.40    22.40     +5.40   +31.76%
      27             316  4971      IET-KY              522.50        520.50    57.34%    491.50   494.50   481.50   491.00      615.00   638.00   596.00   605.00   +114.00   +23.22%
      28             147  6716      應廣                    0.00         23.50    56.90%     92.50    96.00    92.20    92.80      123.00   128.50   117.50   118.00    +25.20   +27.16%
      29             561  3363      上詮                  643.00        593.00    56.60%    585.00   592.00   563.00   578.00      728.00   749.00   707.00   711.00   +133.00   +23.01%
      30             279  6179      亞通                    0.00          0.00    56.51%     25.60    25.80    25.15    25.50       30.40    33.10    29.40    33.10     +7.60   +29.80%
      31             676  4908      前鼎                  152.50        104.00    56.03%    187.00   189.50   185.00   189.00      224.00   235.50   221.00   227.50    +38.50   +20.37%
      32              77  4413      飛寶企業                  0.00          0.00    55.97%     14.75    15.10    14.75    15.10       19.70    20.00    19.70    20.00     +4.90   +32.45%
      33             559  3685      元創精密                  0.00          0.00    55.78%     28.80    30.00    27.95    29.00       36.75    36.75    36.10    36.65     +7.65   +26.38%
      34              94  4905      台聯電                   0.00          0.00    55.30%        --       --       --       --       85.40    85.40    84.30    85.30        --        --
      35             409  8085      福華                    0.00          0.00    55.26%     11.60    12.00    11.55    12.00       15.30    15.60    15.10    15.15     +3.15   +26.25%
      36             249  6218      豪勉                    0.00          0.00    54.98%     37.05    38.00    36.60    36.80       44.55    49.00    43.90    46.70     +9.90   +26.90%
      37             119  5321      美而快                   0.00          0.00    54.79%     76.60    76.60    62.90    62.90       77.50    78.80    76.10    78.40    +15.50   +24.64%
      38             211  1815      富喬                   11.50         11.00    54.47%    102.00   111.00   101.50   111.00      131.00   141.50   123.00   135.00    +24.00   +21.62%
      39              92  6240      松崗                    0.00          0.00    54.00%        --       --       --       --       22.65    23.15    22.50    22.50        --        --
      40             396  6640      均華                 1145.00       1015.00    53.93%   1040.00  1075.00  1025.00  1025.00     1305.00  1320.00  1205.00  1215.00   +190.00   +18.54%
==========================================================================================================================================================================
✅ 共 40 筆


══════════════════════════════════════════════════════════════════════════════════════════════════════════════
  🔄 第 20/45 次  2026/06/29 ～ 2026/09/07
══════════════════════════════════════════════════════════════════════════════════════════════════════════════

==========================================================================================================================================================================
📊 ROI 每日報酬率累計排名 (2026/06/29 ~ 2026/09/07)
==========================================================================================================================================================================
    實資排名          累計天數排名  代號        名稱                 累計漲停(元)       累計跌停(元)       強度%  (06/29)開盤      最高      最低      收盤    (09/07)開盤      最高      最低      收盤      賺賠    賺賠率
--------------------------------------------------------------------------------------------------------------------------------------------------------------------------
       1              59  6538      倉和                  206.00         44.50   100.00%    120.00   125.50   117.50   119.50      295.50   315.00   281.50   305.00   +185.50  +155.23%
       2             394  6617      共信-KY                43.00         10.00    89.82%     63.50    64.50    62.50    63.40      135.00   135.00   135.00   135.00    +71.60  +112.93%
       3             112  2221      大甲                    0.00          0.00    78.21%     45.75    46.40    44.95    46.20       90.00    90.60    83.70    86.70    +40.50   +87.66%
       4             306  3441      聯一光                  46.20         21.50    75.06%     79.50    83.50    75.60    76.20      140.00   141.50   129.00   131.00    +54.80   +71.92%
       5             146  3374      精材                  441.50        304.00    73.35%    280.00   293.50   273.00   281.00      448.00   472.50   436.00   469.50   +188.50   +67.08%
       6              73  4139      馬光-KY                 0.00          0.00    72.40%     24.35    24.35    23.60    24.25       42.05    42.90    41.50    41.50    +17.25   +71.13%
       7             171  3498      陽程                   87.00         47.50    71.28%    113.00   116.50   113.00   114.50      194.00   196.00   188.50   189.50    +75.00   +65.50%
       8             128  3234      光環                   97.80         36.90    70.95%    124.00   128.50   119.00   121.00      202.00   205.50   196.00   199.50    +78.50   +64.88%
       9             484  3081      聯亞                 3090.00       2455.00    67.40%   2020.00  2040.00  1950.00  2035.00     3220.00  3220.00  3000.00  3070.00  +1035.00   +50.86%
      10             383  4939      亞電                    0.00          0.00    66.97%     60.70    64.80    58.80    62.30       88.50    94.50    88.50    93.60    +31.30   +50.24%
      11             117  3490      單井                    0.00          0.00    64.09%     30.60    31.10    30.30    30.30       46.25    47.20    45.10    46.15    +15.85   +52.31%
      12              38  3629      地心引力                  0.00          0.00    63.06%     14.85    14.90    14.85    14.90       19.80    19.85    19.80    19.85     +4.95   +33.22%
      13             315  6907      雅特力-KY              123.50        153.50    62.76%    145.00   147.00   139.00   140.50      188.00   199.50   188.00   199.50    +59.00   +41.99%
      14             111  6840      東研信超                  0.00          0.00    62.39%     60.30    63.70    60.20    61.30       93.90    94.30    91.60    92.90    +31.60   +51.55%
      15             289  8111      立碁                    0.00          0.00    61.78%     51.30    52.30    50.30    50.50       72.40    75.50    70.80    73.50    +23.00   +45.54%
      16             450  6187      萬潤                 1202.00       1188.00    60.81%   1065.00  1100.00   970.00   980.00     1320.00  1400.00  1310.00  1370.00   +390.00   +39.80%
      17             265  3324      雙鴻                  916.00        628.00    60.42%    974.00  1010.00   974.00   995.00     1505.00  1505.00  1425.00  1440.00   +445.00   +44.72%
      18             131  3693      營邦                  411.50        325.00    60.28%    479.00   487.00   471.50   474.00      669.00   700.00   665.00   682.00   +208.00   +43.88%
      19             281  6727      亞泰金屬                510.00        410.50    59.95%    390.00   406.50   389.50   400.00      543.00   561.00   530.00   537.00   +137.00   +34.25%
      20             175  8093      保銳                    0.00          0.00    59.21%     19.10    19.80    19.10    19.80       26.30    26.80    26.25    26.25     +6.45   +32.58%
      21             179  3141      晶宏                    0.00          0.00    58.65%     71.30    75.30    70.70    72.70      103.50   105.00    98.20   102.00    +29.30   +40.30%
      22             580  6588      東典光電                  9.50          0.00    57.66%     90.80    92.50    84.10    86.60      109.00   119.00   108.50   118.00    +31.40   +36.26%
      23             190  5351      鈺創                   10.00         23.20    57.46%     87.90    89.20    85.50    88.40      116.50   121.00   116.50   118.50    +30.10   +34.05%
      24             244  4971      IET-KY              539.50        520.50    56.11%    477.50   487.00   467.50   474.00      633.00   635.00   606.00   610.00   +136.00   +28.69%
      25             307  4979      華星光                 534.50        455.50    55.52%    460.50   472.50   445.00   456.50      630.00   635.00   590.00   590.00   +133.50   +29.24%
      26             123  3219      倚強科                   0.00          0.00    55.07%     71.30    72.20    70.00    70.00       92.30    95.00    91.40    93.30    +23.30   +33.29%
      27             459  3363      上詮                  654.00        581.00    54.82%    570.00   591.00   557.00   567.00      740.00   750.00   717.00   723.00   +156.00   +27.51%
      28             304  8085      福華                    0.00          0.00    54.27%     12.00    12.00    11.55    11.55       15.50    15.65    15.00    15.30     +3.75   +32.47%
      29             205  1815      富喬                   21.50         11.00    54.22%     96.70   102.50    95.40   101.00      124.00   130.00   123.50   130.00    +29.00   +28.71%
      30             143  6547      高端疫苗                  0.00          0.00    54.13%     45.65    47.40    45.65    47.20       62.00    63.90    61.20    63.40    +16.20   +34.32%
      31             320  4188      安克                    0.00          0.00    54.05%     10.50    10.50    10.35    10.45       14.10    14.50    13.05    13.70     +3.25   +31.10%
      32             145  6716      應廣                    0.00         23.50    53.93%     97.90    98.40    91.10    91.20      117.00   119.50   112.50   118.00    +26.80   +29.39%
      33             371  6640      均華                 1145.00        940.00    53.35%    986.00  1075.00   986.00  1035.00     1250.00  1320.00  1175.00  1300.00   +265.00   +25.60%
      34             453  4541      晟田                    0.00          0.00    52.85%     48.25    50.50    48.25    48.65       61.60    62.00    61.00    61.60    +12.95   +26.62%
      35             173  5274      信驊                14810.00      10400.00    52.77%  14765.00 15665.00 14765.00 15210.00    19215.00 19215.00 18700.00 19215.00  +4005.00   +26.33%
      36             704  4908      前鼎                  152.50        104.00    52.72%    186.50   192.00   180.50   183.00      230.50   231.50   220.50   223.00    +40.00   +21.86%
      37             216  8431      匯鑽科                   0.00          0.00    52.64%     51.10    54.20    51.10    52.00       69.10    70.30    66.90    67.30    +15.30   +29.42%
      38             520  3685      元創精密                  0.00          0.00    52.62%     29.10    29.20    26.85    28.80       36.95    37.05    36.30    36.95     +8.15   +28.30%
      39             296  7751      竑騰                 1820.00       1810.00    52.09%   1360.00  1360.00  1305.00  1330.00     1635.00  1695.00  1585.00  1590.00   +260.00   +19.55%
      40             237  5291      邑昇                    0.00          0.00    51.64%     55.90    56.00    53.30    54.00       67.00    69.50    65.40    68.10    +14.10   +26.11%
==========================================================================================================================================================================
✅ 共 40 筆


══════════════════════════════════════════════════════════════════════════════════════════════════════════════
  🔄 第 21/45 次  2026/06/26 ～ 2026/09/04
══════════════════════════════════════════════════════════════════════════════════════════════════════════════

==========================================================================================================================================================================
📊 ROI 每日報酬率累計排名 (2026/06/26 ~ 2026/09/04)
==========================================================================================================================================================================
    實資排名          累計天數排名  代號        名稱                 累計漲停(元)       累計跌停(元)       強度%  (06/26)開盤      最高      最低      收盤    (09/04)開盤      最高      最低      收盤      賺賠    賺賠率
--------------------------------------------------------------------------------------------------------------------------------------------------------------------------
       1              65  6538      倉和                  206.00         44.50   100.00%    129.50   129.50   119.00   119.00      261.50   300.00   257.50   300.00   +181.00  +152.10%
       2             537  6617      共信-KY                31.00         10.00    83.97%     67.90    67.90    64.00    64.10      113.00   124.00   113.00   123.00    +58.90   +91.89%
       3              87  2221      大甲                    0.00          0.00    83.33%     47.25    48.35    45.45    45.50       95.70    98.50    90.30    90.80    +45.30   +99.56%
       4              71  4139      馬光-KY                 0.00          0.00    76.23%     23.85    24.40    23.60    23.60       42.50    43.00    41.95    41.95    +18.35   +77.75%
       5             316  3441      聯一光                  46.20          9.50    76.13%     90.10    90.10    83.60    83.60      134.00   143.00   129.50   143.00    +59.40   +71.05%
       6             128  3498      陽程                   87.00         47.50    75.03%    117.50   118.50   113.00   113.00      197.50   201.00   185.50   194.00    +81.00   +71.68%
       7             126  3234      光環                   97.80         36.90    71.88%    135.00   137.00   125.00   126.00      203.00   209.00   190.00   206.00    +80.00   +63.49%
       8             415  3081      聯亞                 3090.00       2355.00    70.92%   2080.00  2175.00  1985.00  2035.00     3245.00  3315.00  2980.00  3170.00  +1135.00   +55.77%
       9             165  3374      精材                  402.00        304.00    69.26%    297.50   313.00   276.50   279.50      420.00   430.00   403.00   430.00   +150.50   +53.85%
      10             398  4939      亞電                    0.00          0.00    66.07%     59.80    63.90    59.80    60.70       83.00    87.90    80.20    87.90    +27.20   +44.81%
      11             186  3324      雙鴻                  941.00        583.00    65.66%   1005.00  1005.00   968.00   970.00     1465.00  1485.00  1410.00  1485.00   +515.00   +53.09%
      12             131  3490      單井                    0.00          0.00    65.17%     31.70    32.10    30.45    30.45       45.65    46.80    45.20    46.00    +15.55   +51.07%
      13              36  3629      地心引力                  0.00          0.00    64.52%        --       --       --       --       19.75    19.80    19.75    19.80        --        --
      14             112  6840      東研信超                  0.00          0.00    64.27%     63.30    64.10    61.00    61.00       90.50    93.40    89.20    92.80    +31.80   +52.13%
      15             141  8093      保銳                    0.00          0.00    64.18%     19.00    19.00    18.90    18.90       26.60    26.60    26.20    26.35     +7.45   +39.42%
      16             239  6727      亞泰金屬                510.00        410.50    62.52%    420.00   425.50   393.50   397.50      560.00   569.00   526.00   541.00   +143.50   +36.10%
      17             151  3141      晶宏                    0.00          0.00    61.75%     74.50    75.00    70.20    71.50      106.00   110.00   101.00   102.50    +31.00   +43.36%
      18             270  4979      華星光                 534.50        416.50    60.90%    473.00   489.50   450.50   459.00      615.00   629.00   590.00   629.00   +170.00   +37.04%
      19             219  4188      安克                    0.00          0.00    60.09%     10.40    10.50    10.30    10.30       14.20    14.70    14.00    14.45     +4.15   +40.29%
      20             185  3693      營邦                  392.50        325.00    59.04%    513.00   522.00   479.00   482.50      669.00   678.00   644.00   663.00   +180.50   +37.41%
      21             221  4971      IET-KY              539.50        506.50    58.98%    514.00   524.00   476.50   476.50      639.00   644.00   589.00   624.00   +147.50   +30.95%
      22             439  8111      立碁                    0.00          0.00    58.68%     54.90    54.90    51.00    51.80       72.20    73.00    68.00    70.00    +18.20   +35.14%
      23             445  6907      雅特力-KY              105.50        153.50    57.44%    147.50   153.00   141.00   142.00      182.00   183.50   176.50   181.50    +39.50   +27.82%
      24              73  6240      松崗                    0.00          0.00    57.21%     18.10    18.10    18.05    18.05       27.20    27.70    25.20    25.20     +7.15   +39.61%
      25             155  8431      匯鑽科                   0.00          0.00    56.87%     53.90    54.60    51.10    51.20       64.80    69.70    64.00    68.80    +17.60   +34.37%
      26             449  3363      上詮                  654.00        569.00    56.79%    618.00   622.00   574.00   575.00      802.00   808.00   717.00   735.00   +160.00   +27.83%
      27             208  5351      鈺創                   10.00         23.20    56.63%     93.50    94.10    87.10    87.30      112.00   114.00   106.50   112.50    +25.20   +28.87%
      28             535  7714      創泓科技                173.00         89.00    56.62%    128.00   128.00   124.00   125.50      161.00   161.50   157.50   160.50    +35.00   +27.89%
      29             137  6547      高端疫苗                  0.00          0.00    56.44%     45.75    46.40    45.00    45.45       61.90    63.40    61.20    61.50    +16.05   +35.31%
      30             387  6640      均華                 1150.00        940.00    56.22%   1040.00  1040.00   980.00   980.00     1240.00  1265.00  1190.00  1250.00   +270.00   +27.55%
      31             435  4541      晟田                    0.00          0.00    55.83%     48.00    48.60    46.75    47.50       63.20    63.70    60.40    61.20    +13.70   +28.84%
      32             404  8085      福華                    0.00          0.00    55.14%     12.40    12.40    11.65    11.65       15.15    15.55    14.95    15.20     +3.55   +30.47%
      33             159  3219      倚強科                   0.00          0.00    54.60%     71.40    73.80    70.60    71.00       91.80    92.50    89.20    91.30    +20.30   +28.59%
      34              31  6103      合邦                    0.00          0.00    54.41%     30.05    32.15    30.05    31.10       38.30    38.70    37.15    37.20     +6.10   +19.61%
      35             724  4908      前鼎                  152.50        104.00    54.32%    193.00   198.50   185.00   185.00      214.00   224.50   199.00   224.50    +39.50   +21.35%
      36             624  3685      元創精密                  0.00          0.00    53.96%     29.75    30.00    28.90    29.00       36.45    37.50    36.40    36.90     +7.90   +27.24%
      37             312  7751      竑騰                 1820.00       1810.00    53.81%   1400.00  1400.00  1300.00  1350.00     1510.00  1610.00  1465.00  1610.00   +260.00   +19.26%
      38             658  6187      萬潤                 1137.00       1283.00    53.74%   1100.00  1120.00   998.00  1075.00     1345.00  1360.00  1280.00  1305.00   +230.00   +21.40%
      39             190  6913      鴻呈                   14.00          9.50    53.57%    120.00   123.00   117.00   117.50      153.50   155.00   145.00   151.00    +33.50   +28.51%
      40             114  5321      美而快                   0.00          0.00    53.33%     63.00    63.50    60.10    63.50       78.00    79.50    75.90    79.40    +15.90   +25.04%
==========================================================================================================================================================================
✅ 共 40 筆


══════════════════════════════════════════════════════════════════════════════════════════════════════════════
  🔄 第 22/45 次  2026/06/25 ～ 2026/09/03
══════════════════════════════════════════════════════════════════════════════════════════════════════════════

==========================================================================================================================================================================
📊 ROI 每日報酬率累計排名 (2026/06/25 ~ 2026/09/03)
==========================================================================================================================================================================
    實資排名          累計天數排名  代號        名稱                 累計漲停(元)       累計跌停(元)       強度%  (06/25)開盤      最高      最低      收盤    (09/03)開盤      最高      最低      收盤      賺賠    賺賠率
--------------------------------------------------------------------------------------------------------------------------------------------------------------------------
       1              73  6538      倉和                  179.00         55.00   100.00%    133.00   135.00   125.50   129.50      273.00   273.00   273.00   273.00   +143.50  +110.81%
       2              92  2221      大甲                    0.00          0.00    91.32%     51.00    51.00    46.90    48.00       84.20    91.50    84.20    91.50    +43.50   +90.62%
       3             696  6617      共信-KY                21.50         10.00    86.38%     64.80    67.30    64.70    67.00      119.50   119.50   113.50   113.50    +46.50   +69.40%
       4              64  4139      馬光-KY                 0.00          0.00    85.35%     24.05    24.20    24.00    24.20       43.00    43.00    42.10    42.15    +17.95   +74.17%
       5             161  3498      陽程                   87.00         47.50    81.55%    122.50   122.50   115.00   118.50      216.00   221.50   191.00   192.00    +73.50   +62.03%
       6             524  3081      聯亞                 3040.00       2440.00    77.19%   2200.00  2230.00  2100.00  2120.00     3425.00  3485.00  3110.00  3120.00  +1000.00   +47.17%
       7              30  3629      地心引力                  0.00          0.00    74.30%     15.55    15.55    15.55    15.55       18.85    19.85    18.85    19.85     +4.30   +27.65%
       8             188  3234      光環                   86.30         46.40    73.24%    144.50   145.00   135.00   135.50      211.00   214.00   193.50   194.50    +59.00   +43.54%
       9             496  3441      聯一光                  33.20          9.50    73.04%     93.40    95.80    91.70    92.80      142.00   144.00   130.00   130.00    +37.20   +40.09%
      10             138  8093      保銳                    0.00          0.00    72.18%     19.05    19.50    19.05    19.50       26.65    26.70    26.50    26.55     +7.05   +36.15%
      11             402  4939      亞電                    0.00          0.00    71.70%     62.00    62.40    59.50    59.60       90.50    90.50    81.50    81.50    +21.90   +36.74%
      12              69  6240      松崗                    0.00          0.00    71.50%     18.50    18.50    18.45    18.45       27.30    28.25    25.60    27.95     +9.50   +51.49%
      13             170  3490      單井                    0.00          0.00    70.55%     32.65    32.85    31.65    31.70       46.50    47.45    44.80    44.95    +13.25   +41.80%
      14              24  6103      合邦                    0.00          0.00    69.68%     31.05    31.05    31.05    31.05       45.00    45.00    41.00    41.00     +9.95   +32.05%
      15             259  3374      精材                  372.00        326.00    69.15%    317.50   317.50   298.00   301.50      420.00   424.00   393.00   400.00    +98.50   +32.67%
      16             242  6727      亞泰金屬                510.00        440.50    68.31%    437.50   442.00   415.50   427.50      580.00   598.00   545.00   550.00   +122.50   +28.65%
      17             145  6716      應廣                    0.00         10.50    68.22%    101.00   101.00    94.50    95.00      126.00   138.00   122.50   130.00    +35.00   +36.84%
      18             142  6840      東研信超                  0.00          0.00    68.13%     65.00    65.00    63.80    64.50       92.30    97.10    90.10    90.10    +25.60   +39.69%
      19             205  3141      晶宏                    0.00          0.00    66.18%     76.80    76.90    74.50    75.10       99.50   105.00    97.50   100.00    +24.90   +33.16%
      20             111  5321      美而快                   0.00          0.00    66.14%     57.80    57.80    57.80    57.80       77.00    79.70    75.50    76.40    +18.60   +32.18%
      21             272  4188      安克                    0.00          0.00    66.13%     10.55    10.55    10.45    10.50       14.20    14.60    14.05    14.05     +3.55   +33.81%
      22             428  8111      立碁                    0.00          0.00    65.89%     55.20    57.50    54.40    54.90       76.50    82.80    71.90    72.00    +17.10   +31.15%
      23             266  3324      雙鴻                  806.00        623.00    65.85%   1070.00  1075.00  1010.00  1010.00     1435.00  1455.00  1320.00  1350.00   +340.00   +33.66%
      24             351  4541      晟田                    0.00          0.00    65.75%     49.45    49.45    48.05    48.05       65.60    66.60    62.80    62.80    +14.75   +30.70%
      25             122  6547      高端疫苗                  0.00          0.00    65.48%     46.60    46.65    45.50    45.65       61.90    62.70    61.30    61.80    +16.15   +35.38%
      26             249  3693      營邦                  377.50        346.50    63.76%    511.00   513.00   493.00   504.00      650.00   690.00   638.00   648.00   +144.00   +28.57%
      27             476  4707      磐亞                    0.00          0.00    63.69%     23.70    25.50    23.60    25.50       31.65    32.15    30.40    30.40     +4.90   +19.22%
      28             458  3363      上詮                  654.00        584.00    63.40%    679.00   680.00   626.00   629.00      798.00   850.00   767.00   774.00   +145.00   +23.05%
      29             603  7714      創泓科技                173.00         89.00    63.32%    132.00   132.00   128.50   129.50      163.50   166.00   160.00   160.00    +30.50   +23.55%
      30             147  3219      倚強科                   0.00          0.00    62.86%     73.40    73.40    70.50    71.00       91.60    93.30    89.10    90.50    +19.50   +27.46%
      31              82  3664      安瑞-KY                 0.00          0.00    62.01%      7.24     7.28     7.24     7.28        9.05     9.17     8.50     9.10     +1.82   +25.00%
      32              80  4905      台聯電                   0.00          0.00    61.40%     71.90    71.90    68.80    68.80       88.70    89.70    85.00    85.80    +17.00   +24.71%
      33             343  4971      IET-KY              526.50        548.00    61.27%    542.00   545.00   512.00   518.00      678.00   719.00   605.00   611.00    +93.00   +17.95%
      34             388  4979      華星光                 477.50        433.00    61.09%    515.00   515.00   475.00   475.50      633.00   635.00   572.00   572.00    +96.50   +20.29%
      35             619  6907      雅特力-KY              105.50        163.00    60.72%    158.00   159.00   146.50   151.50      191.50   193.00   173.00   177.50    +26.00   +17.16%
      36             325  3349      寶德                    0.00          0.00    60.62%     18.15    18.20    17.80    18.10       22.80    22.80    22.15    22.50     +4.40   +24.31%
      37             488  8085      福華                    0.00          0.00    60.60%     12.25    12.35    12.05    12.10       15.95    15.95    14.95    15.00     +2.90   +23.97%
      38             677  6187      萬潤                 1137.00       1313.00    60.43%   1040.00  1110.00  1040.00  1105.00     1365.00  1410.00  1300.00  1300.00   +195.00   +17.65%
      39              78  4413      飛寶企業                  0.00          0.00    60.31%     15.60    15.60    15.50    15.60       19.95    20.00    19.60    20.00     +4.40   +28.21%
      40             701  3685      元創精密                  0.00          0.00    59.63%     29.95    30.30    29.50    29.80       37.50    37.50    36.20    36.20     +6.40   +21.48%
==========================================================================================================================================================================
✅ 共 40 筆


══════════════════════════════════════════════════════════════════════════════════════════════════════════════
  🔄 第 23/45 次  2026/06/24 ～ 2026/09/02
══════════════════════════════════════════════════════════════════════════════════════════════════════════════

==========================================================================================================================================================================
📊 ROI 每日報酬率累計排名 (2026/06/24 ~ 2026/09/02)
==========================================================================================================================================================================
    實資排名          累計天數排名  代號        名稱                 累計漲停(元)       累計跌停(元)       強度%  (06/24)開盤      最高      最低      收盤    (09/02)開盤      最高      最低      收盤      賺賠    賺賠率
--------------------------------------------------------------------------------------------------------------------------------------------------------------------------
       1             516  6617      共信-KY                21.50         10.00   100.00%     66.70    66.70    64.70    64.70      120.00   122.00   116.50   120.50    +55.80   +86.24%
       2              89  6538      倉和                  154.50         55.00    99.41%    133.50   144.00   128.50   131.50      248.50   248.50   248.50   248.50   +117.00   +88.97%
       3              66  4139      馬光-KY                 0.00          0.00    91.17%     24.80    24.80    24.05    24.45       43.60    45.10    42.10    42.45    +18.00   +73.62%
       4             154  3498      陽程                   87.00         38.00    88.15%    118.00   127.00   117.50   122.50      203.00   213.00   195.00   201.50    +79.00   +64.49%
       5             109  2221      大甲                    0.00          0.00    88.15%     48.45    50.00    47.10    49.45       78.50    85.40    78.10    83.20    +33.75   +68.25%
       6             468  3081      聯亞                 3040.00       2200.00    87.06%   2200.00  2245.00  2130.00  2155.00     3425.00  3565.00  3375.00  3395.00  +1240.00   +57.54%
       7             339  3441      聯一光                  33.20          0.00    84.71%     82.20    90.30    82.20    90.30      133.00   140.00   130.00   139.50    +49.20   +54.49%
       8             107  8093      保銳                    0.00          0.00    79.97%     18.90    19.05    18.90    19.00       28.40    28.40    27.15    27.15     +8.15   +42.89%
       9             403  4939      亞電                    0.00          0.00    78.39%     58.70    63.50    58.70    62.60       86.50    91.00    85.20    88.90    +26.30   +42.01%
      10             178  3234      光環                   86.30         39.90    78.12%    133.50   147.50   131.00   145.50      199.00   220.00   199.00   211.00    +65.50   +45.02%
      11              97  5321      美而快                   0.00          0.00    77.57%     52.60    52.60    52.60    52.60       76.30    77.30    72.60    77.00    +24.40   +46.39%
      12              24  6103      合邦                    0.00          0.00    76.79%     32.00    32.00    32.00    32.00       43.95    44.50    41.80    44.30    +12.30   +38.44%
      13             338  4707      磐亞                    0.00          0.00    76.77%     20.75    23.20    20.60    23.20       32.50    32.50    31.40    31.45     +8.25   +35.56%
      14              67  6240      松崗                    0.00          0.00    75.45%     17.85    18.10    17.65    18.00       25.80    27.30    23.50    27.30     +9.30   +51.67%
      15             222  6727      亞泰金屬                510.00        410.50    74.66%    446.50   448.50   422.00   433.50      580.00   605.00   570.00   580.00   +146.50   +33.79%
      16             299  8111      立碁                    0.00          0.00    74.28%     54.90    55.20    53.80    54.30       75.00    78.50    73.40    76.40    +22.10   +40.70%
      17             174  3490      單井                    0.00          0.00    74.09%     32.30    32.60    31.85    32.55       46.00    46.45    43.90    46.05    +13.50   +41.47%
      18             254  3374      精材                  372.00        317.00    73.65%    296.50   315.00   286.00   312.00      418.00   430.00   413.00   419.50   +107.50   +34.46%
      19              32  3629      地心引力                  0.00          0.00    73.60%     16.65    16.65    16.65    16.65       20.00    20.00    19.90    19.90     +3.25   +19.52%
      20             133  6840      東研信超                  0.00          0.00    72.61%     64.40    65.30    64.40    65.10       93.00    93.70    89.00    92.30    +27.20   +41.78%
      21             244  4188      安克                    0.00          0.00    71.22%     10.60    10.65    10.45    10.55       14.20    14.80    14.00    14.50     +3.95   +37.44%
      22             260  3324      雙鴻                  806.00        583.00    70.12%   1000.00  1065.00   995.00  1055.00     1375.00  1465.00  1370.00  1435.00   +380.00   +36.02%
      23             342  4541      晟田                    0.00          0.00    69.84%     48.15    49.05    47.65    48.85       66.20    66.90    64.80    64.80    +15.95   +32.65%
      24             505  7714      創泓科技                173.00         89.00    69.34%    130.00   134.00   130.00   130.00      170.00   171.50   165.00   168.00    +38.00   +29.23%
      25             289  4971      IET-KY              526.50        490.00    69.15%    531.00   541.00   516.00   526.00      654.00   726.00   650.00   669.00   +143.00   +27.19%
      26             530  6187      萬潤                 1182.00       1273.00    68.24%   1120.00  1160.00  1060.00  1060.00     1360.00  1410.00  1335.00  1340.00   +280.00   +26.42%
      27             262  3141      晶宏                    0.00          0.00    68.08%     75.00    76.80    73.20    75.80       93.50    99.50    91.60    99.50    +23.70   +31.27%
      28             189  5351      鈺創                   10.00         23.20    67.65%     89.50    93.30    89.20    91.90      118.00   120.50   116.00   117.00    +25.10   +27.31%
      29             139  6547      高端疫苗                  0.00          0.00    67.23%     45.65    46.35    45.30    46.10       61.70    62.30    60.70    61.50    +15.40   +33.41%
      30             590  6907      雅特力-KY              105.50        149.50    66.41%    158.00   175.00   152.50   155.50      184.50   192.50   184.00   191.00    +35.50   +22.83%
      31             383  4979      華星光                 477.50        405.50    66.01%    517.00   542.00   499.00   500.00      600.00   624.00   600.00   624.00   +124.00   +24.80%
      32             447  8085      福華                    0.00          0.00    65.76%     12.25    12.60    12.15    12.25       16.00    16.15    15.80    15.80     +3.55   +28.98%
      33             296  3693      營邦                  377.50        346.50    65.65%    492.00   505.00   483.00   504.00      627.00   654.00   626.00   642.00   +138.00   +27.38%
      34              75  4905      台聯電                   0.00          0.00    65.39%     69.50    71.60    69.50    69.70       90.70    90.70    88.30    88.90    +19.20   +27.55%
      35             220  6716      應廣                    0.00         10.50    64.94%     99.50   101.50    97.40    99.80      124.00   130.50   124.00   125.50    +25.70   +25.75%
      36             165  3219      倚強科                   0.00          0.00    64.94%     71.90    72.30    70.40    71.30       88.00    94.60    88.00    90.40    +19.10   +26.79%
      37             617  3685      元創精密                  0.00          0.00    64.88%     30.90    31.20    29.75    29.75       36.00    38.20    36.00    37.70     +7.95   +26.72%
      38             152  1815      富喬                   10.00         10.30    64.10%     99.60   106.50    99.60   106.50      128.50   139.00   126.00   131.00    +24.50   +23.00%
      39             286  3349      寶德                    0.00          0.00    63.79%     18.20    18.30    17.90    18.10       22.90    22.90    22.35    22.80     +4.70   +25.97%
      40             100  4198      欣大健康                  0.00          0.00    63.44%     37.80    37.80    36.80    36.90       42.50    47.00    42.50    47.00    +10.10   +27.37%
==========================================================================================================================================================================
✅ 共 40 筆


══════════════════════════════════════════════════════════════════════════════════════════════════════════════
  🔄 第 24/45 次  2026/06/23 ～ 2026/09/01
══════════════════════════════════════════════════════════════════════════════════════════════════════════════

==========================================================================================================================================================================
📊 ROI 每日報酬率累計排名 (2026/06/23 ~ 2026/09/01)
==========================================================================================================================================================================
    實資排名          累計天數排名  代號        名稱                 累計漲停(元)       累計跌停(元)       強度%  (06/23)開盤      最高      最低      收盤    (09/01)開盤      最高      最低      收盤      賺賠    賺賠率
--------------------------------------------------------------------------------------------------------------------------------------------------------------------------
       1             545  6617      共信-KY                21.50         10.00   100.00%     67.40    67.70    65.90    65.90      121.00   124.50   119.50   122.00    +56.10   +85.13%
       2              60  4139      馬光-KY                 0.00          0.00    92.66%     24.45    24.45    23.85    24.40       42.00    42.95    41.90    42.95    +18.55   +76.02%
       3             120  3498      陽程                   87.00         38.00    92.00%    125.50   126.00   117.50   118.50      215.50   217.00   194.50   203.50    +85.00   +71.73%
       4             325  3441      聯一光                  33.20          0.00    89.11%     86.60    86.60    81.80    82.10      137.00   139.00   130.00   133.00    +50.90   +62.00%
       5             111  6538      倉和                  132.00         55.00    88.22%    138.00   138.00   133.50   138.00      224.00   226.00   224.00   226.00    +88.00   +63.77%
       6             203  4707      磐亞                    0.00          0.00    86.94%     22.80    23.00    20.95    21.10       33.50    34.35    32.25    32.25    +11.15   +52.84%
       7              77  5321      美而快                   0.00          0.00    86.89%     46.95    47.90    46.00    47.90       86.10    86.10    78.10    78.20    +30.30   +63.26%
       8             520  3081      聯亞                 3040.00       2300.00    83.61%   2405.00  2440.00  2285.00  2285.00     3600.00  3600.00  3420.00  3425.00  +1140.00   +49.89%
       9              93  8093      保銳                    0.00          0.00    83.33%     18.85    18.85    18.85    18.85       28.60    28.60    28.00    28.00     +9.15   +48.54%
      10             131  2221      大甲                    0.00          0.00    82.50%     52.60    54.10    48.40    49.70       76.00    80.00    75.70    77.70    +28.00   +56.34%
      11             388  4939      亞電                    0.00          0.00    80.49%     62.10    62.30    59.50    60.00       88.60    89.40    86.30    87.10    +27.10   +45.17%
      12             177  3234      光環                   75.30         39.90    77.77%    138.00   146.50   133.00   139.00      185.00   203.00   183.50   200.00    +61.00   +43.88%
      13              22  6103      合邦                    0.00          0.00    77.61%     32.00    32.00    32.00    32.00       46.90    46.90    44.60    44.60    +12.60   +39.38%
      14             193  3374      精材                  372.00        317.00    76.52%    294.00   303.50   288.00   303.50      422.50   431.00   412.00   421.50   +118.00   +38.88%
      15             170  3490      單井                    0.00          0.00    74.65%     33.50    33.50    32.10    32.50       45.70    46.30    44.30    46.15    +13.65   +42.00%
      16              29  3629      地心引力                  0.00          0.00    74.26%        --       --       --       --       20.00    20.00    20.00    20.00        --        --
      17             134  6840      東研信超                  0.00          0.00    72.79%     67.50    67.50    65.10    65.30       93.00    94.60    91.50    92.50    +27.20   +41.65%
      18             235  4541      晟田                    0.00          0.00    72.68%     51.00    51.00    48.50    48.50       66.70    67.40    66.30    66.50    +18.00   +37.11%
      19              68  6240      松崗                    0.00          0.00    72.23%     18.05    18.70    17.75    17.75       26.05    27.80    25.20    25.80     +8.05   +45.35%
      20             419  8111      立碁                    0.00          0.00    72.06%     57.80    57.90    55.00    55.30       72.80    75.40    69.00    75.40    +20.10   +36.35%
      21             224  4188      安克                    0.00          0.00    71.74%     10.50    10.65    10.50    10.55       14.50    14.90    14.50    14.55     +4.00   +37.91%
      22             324  6727      亞泰金屬                510.00        427.00    71.46%    485.50   490.00   450.00   450.00      530.00   576.00   530.00   576.00   +126.00   +28.00%
      23             142  5351      鈺創                   10.00         23.20    70.32%     99.90    99.90    90.90    91.00      119.50   121.50   116.00   119.50    +28.50   +31.32%
      24             546  7714      創泓科技                173.00         89.00    69.64%    131.50   131.50   128.00   129.50      172.00   172.00   167.00   167.50    +38.00   +29.34%
      25             252  3324      雙鴻                  776.00        583.00    69.22%   1075.00  1080.00  1025.00  1025.00     1300.00  1375.00  1300.00  1375.00   +350.00   +34.15%
      26             130  6547      高端疫苗                  0.00          0.00    68.42%     45.50    47.30    45.35    45.40       63.90    63.90    60.60    61.30    +15.90   +35.02%
      27             633  3230      錦明                    0.00          0.00    68.32%     34.45    34.45    31.50    34.45       45.00    45.40    44.50    44.70    +10.25   +29.75%
      28             146  1815      富喬                   10.00         10.30    67.80%    107.00   110.50    99.50   100.50      126.50   132.50   125.00   129.00    +28.50   +28.36%
      29             384  8085      福華                    0.00          0.00    67.45%     13.00    13.00    12.20    12.25       16.00    16.30    15.60    16.10     +3.85   +31.43%
      30             179  6913      鴻呈                   14.00          0.00    67.03%    126.50   126.50   122.00   123.00      165.00   168.50   159.00   162.50    +39.50   +32.11%
      31             422  4971      IET-KY              526.50        504.00    66.23%    581.00   595.00   539.00   540.00      612.00   660.00   600.00   660.00   +120.00   +22.22%
      32              81  4905      台聯電                   0.00          0.00    64.91%     71.00    71.00    70.10    70.70       91.40    91.40    89.40    89.40    +18.70   +26.45%
      33             305  3693      營邦                  359.50        346.50    64.84%    514.00   515.00   496.00   496.00      610.00   644.00   600.00   624.00   +128.00   +25.81%
      34             236  6716      應廣                    0.00         10.50    64.13%    105.50   105.50    99.10   101.50      123.00   127.50   122.00   126.00    +24.50   +24.14%
      35             296  3349      寶德                    0.00          0.00    63.89%     17.95    18.20    17.70    18.20       22.90    22.90    22.00    22.90     +4.70   +25.82%
      36             186  6829      千附精密                144.00        161.50    63.42%    210.00   214.00   201.00   206.00      249.50   255.00   240.50   251.00    +45.00   +21.84%
      37             225  3219      倚強科                   0.00          0.00    63.29%     75.00    76.20    71.60    72.00       92.50    94.50    88.10    89.20    +17.20   +23.89%
      38             630  4416      三圓                    0.00          0.00    63.17%     10.00    10.30     9.87    10.10       12.70    12.75    12.30    12.45     +2.35   +23.27%
      39             552  6187      萬潤                 1182.00       1348.00    63.01%   1270.00  1270.00  1160.00  1170.00     1350.00  1395.00  1320.00  1375.00   +205.00   +17.52%
      40             457  5328      華容                    0.00          0.00    62.56%     57.00    58.20    52.60    52.90       62.50    64.20    62.20    62.30     +9.40   +17.77%
==========================================================================================================================================================================
✅ 共 40 筆


══════════════════════════════════════════════════════════════════════════════════════════════════════════════
  🔄 第 25/45 次  2026/06/22 ～ 2026/08/31
══════════════════════════════════════════════════════════════════════════════════════════════════════════════

==========================================================================================================================================================================
📊 ROI 每日報酬率累計排名 (2026/06/22 ~ 2026/08/31)
==========================================================================================================================================================================
    實資排名          累計天數排名  代號        名稱                 累計漲停(元)       累計跌停(元)       強度%  (06/22)開盤      最高      最低      收盤    (08/31)開盤      最高      最低      收盤      賺賠    賺賠率
--------------------------------------------------------------------------------------------------------------------------------------------------------------------------
       1              63  5321      美而快                   0.00          0.00   100.00%     44.05    44.15    42.40    43.55       83.40    88.10    78.00    86.70    +43.15   +99.08%
       2             635  6617      共信-KY                21.50         10.00    95.30%     68.30    68.40    66.10    67.20      123.00   123.00   118.50   120.50    +53.30   +79.32%
       3             120  3498      陽程                   87.00         38.00    89.23%    125.00   129.50   122.50   123.00      191.00   208.00   191.00   208.00    +85.00   +69.11%
       4              62  4139      馬光-KY                 0.00          0.00    88.95%     24.00    24.45    24.00    24.45       40.00    41.90    40.00    41.90    +17.45   +71.37%
       5             114  6538      倉和                  124.00         55.00    86.86%    115.50   125.50   115.50   125.50      197.50   215.00   197.50   205.50    +80.00   +63.75%
       6             321  3441      聯一光                  33.20          0.00    85.52%     90.00    90.00    86.60    86.60      127.50   137.50   127.50   136.00    +49.40   +57.04%
       7             148  3374      精材                  399.50        317.00    83.59%    263.00   276.00   263.00   276.00      390.50   424.50   388.50   422.50   +146.50   +53.08%
       8             528  3081      聯亞                 3040.00       2285.00    82.07%   2480.00  2480.00  2365.00  2375.00     3240.00  3550.00  3235.00  3530.00  +1155.00   +48.63%
       9             218  4707      磐亞                    0.00          0.00    81.64%     22.50    23.60    22.00    23.20       32.80    34.85    32.25    33.40    +10.20   +43.97%
      10             101  8093      保銳                    0.00          0.00    79.77%     19.30    19.60    18.60    19.60       27.50    28.45    27.50    28.05     +8.45   +43.11%
      11             382  4939      亞電                    0.00          0.00    78.29%     65.00    65.70    62.00    62.80       89.00    93.20    87.50    89.20    +26.40   +42.04%
      12             489  3230      錦明                    0.00          0.00    76.46%     31.55    32.85    30.95    31.35       45.15    46.05    45.00    45.05    +13.70   +43.70%
      13             204  2221      大甲                    0.00          0.00    75.77%     50.00    52.80    49.60    52.80       78.50    79.70    71.90    76.00    +23.20   +43.94%
      14              26  6103      合邦                    0.00          0.00    73.79%     33.50    33.50    33.50    33.50       47.00    47.00    43.15    44.50    +11.00   +32.84%
      15              28  3629      地心引力                  0.00          0.00    73.78%     16.60    16.60    16.60    16.60       19.65    20.00    19.65    19.90     +3.30   +19.88%
      16             159  4188      安克                    0.00          0.00    73.65%     10.55    10.70    10.45    10.50       14.60    15.20    14.55    14.85     +4.35   +41.43%
      17             108  6547      高端疫苗                  0.00          0.00    72.24%     45.80    45.80    45.05    45.10       65.00    65.90    62.80    63.90    +18.80   +41.69%
      18             135  6840      東研信超                  0.00          0.00    71.70%     66.60    68.50    66.40    67.40       97.70    97.70    92.20    94.00    +26.60   +39.47%
      19             232  3490      單井                    0.00          0.00    71.51%     32.70    33.75    32.60    33.40       48.10    50.20    45.30    45.50    +12.10   +36.23%
      20             209  3234      光環                   60.30         39.90    71.46%    146.00   151.00   130.50   139.00      180.00   185.00   170.00   185.00    +46.00   +33.09%
      21              74  6240      松崗                    0.00          0.00    69.65%     18.05    18.05    18.05    18.05       23.00    25.30    22.30    25.30     +7.25   +40.17%
      22             673  6907      雅特力-KY              120.00        149.50    69.61%    137.50   149.00   137.50   145.50      181.50   188.00   180.00   184.00    +38.50   +26.46%
      23             294  4541      晟田                    0.00          0.00    69.26%     51.80    52.70    50.30    51.00       65.50    68.40    64.50    66.60    +15.60   +30.59%
      24             536  7714      創泓科技                173.00         89.00    69.20%    127.50   133.50   127.50   132.00      174.00   175.50   168.50   169.00    +37.00   +28.03%
      25             166  6913      鴻呈                   14.00          0.00    67.64%    128.50   129.50   124.00   125.50      159.00   169.00   156.50   166.00    +40.50   +32.27%
      26             468  4416      三圓                    0.00          0.00    66.18%      9.98    10.50     9.76    10.00       12.65    13.20    12.65    12.70     +2.70   +27.00%
      27             586  3685      元創精密                  0.00          0.00    65.22%     30.45    30.60    29.30    30.30       36.90    39.50    36.55    38.05     +7.75   +25.58%
      28              78  4905      台聯電                   0.00          0.00    65.03%     71.00    72.40    71.00    72.00       89.70    91.50    88.00    90.30    +18.30   +25.42%
      29             244  3349      寶德                    0.00          0.00    64.85%     18.00    18.20    17.95    18.20       23.00    23.40    22.55    22.95     +4.75   +26.10%
      30             545  8085      福華                    0.00          0.00    64.22%     12.95    12.95    12.60    12.70       15.55    16.50    15.45    15.85     +3.15   +24.80%
      31             229  3219      倚強科                   0.00          0.00    63.33%     74.60    75.90    73.70    74.30       86.50    93.30    86.30    91.00    +16.70   +22.48%
      32             213  5351      鈺創                   10.00         23.20    63.23%     97.10   103.00    97.10    99.80      114.00   119.50   113.50   118.00    +18.20   +18.24%
      33             589  8111      立碁                    0.00          0.00    62.91%     56.30    56.90    55.70    56.90       62.40    68.60    62.20    68.60    +11.70   +20.56%
      34             223  1815      富喬                   10.00         10.30    62.74%    100.50   107.50   100.00   106.50      124.00   128.00   122.50   126.50    +20.00   +18.78%
      35             317  6716      應廣                    0.00         10.50    62.33%    105.50   108.00   102.50   103.50      127.50   127.50   120.00   124.00    +20.50   +19.81%
      36             140  4735      豪展                    0.00          0.00    62.21%     30.65    30.80    30.65    30.65       38.85    38.85    37.50    38.00     +7.35   +23.98%
      37             233  6829      千附精密                144.00        161.50    61.95%    205.50   209.50   202.00   207.50      235.50   256.50   234.50   245.00    +37.50   +18.07%
      38             706  3066      李洲                    0.00          0.00    61.45%     21.50    22.50    21.30    22.05       27.65    28.60    25.20    25.55     +3.50   +15.87%
      39              33  4530      宏易                    0.00          0.00    61.34%        --       --       --       --       29.00    29.00    29.00    29.00        --        --
      40             450  3693      營邦                  339.50        363.50    60.75%    512.00   517.00   503.00   513.00      580.00   612.00   578.00   604.00    +91.00   +17.74%
==========================================================================================================================================================================
✅ 共 40 筆


══════════════════════════════════════════════════════════════════════════════════════════════════════════════
  🔄 第 26/45 次  2026/06/18 ～ 2026/08/28
══════════════════════════════════════════════════════════════════════════════════════════════════════════════

==========================================================================================================================================================================
📊 ROI 每日報酬率累計排名 (2026/06/18 ~ 2026/08/28)
==========================================================================================================================================================================
    實資排名          累計天數排名  代號        名稱                 累計漲停(元)       累計跌停(元)       強度%  (06/18)開盤      最高      最低      收盤    (08/28)開盤      最高      最低      收盤      賺賠    賺賠率
--------------------------------------------------------------------------------------------------------------------------------------------------------------------------
       1              62  5321      美而快                   0.00          0.00   100.00%     39.90    42.35    39.90    40.15       84.50    85.80    82.00    85.00    +44.85  +111.71%
       2             622  6617      共信-KY                21.50         10.00    91.51%     68.20    68.60    67.60    67.60      126.00   129.50   121.00   122.50    +54.90   +81.21%
       3             113  6538      倉和                  135.00         55.00    87.35%    106.00   114.50   103.50   114.50      219.00   222.50   200.00   200.00    +85.50   +74.67%
       4             127  2221      大甲                    0.00          0.00    81.92%     45.90    49.15    45.30    48.05       75.00    82.00    75.00    79.70    +31.65   +65.87%
       5              69  4139      馬光-KY                 0.00          0.00    80.27%     24.25    24.75    24.20    24.75       39.50    40.10    39.50    40.00    +15.25   +61.62%
       6             144  3374      精材                  388.00        317.00    79.61%    243.50   254.00   242.00   251.00      352.00   386.00   350.00   386.00   +135.00   +53.78%
       7             138  3498      陽程                   68.50         38.00    77.84%    119.00   125.00   119.00   123.00      200.00   203.00   189.00   189.50    +66.50   +54.07%
       8             300  3230      錦明                    0.00          0.00    77.69%     29.85    30.15    29.10    29.90       47.60    48.75    44.55    46.35    +16.45   +55.02%
       9             150  3490      單井                    0.00          0.00    76.26%     33.30    33.60    32.45    32.45       54.30    54.80    49.80    50.30    +17.85   +55.01%
      10             233  4707      磐亞                    0.00          0.00    76.09%     23.70    24.10    22.90    23.00       32.35    33.45    32.00    32.55     +9.55   +41.52%
      11             104  8093      保銳                    0.00          0.00    75.04%     19.10    19.30    19.10    19.30       27.30    27.80    27.20    27.45     +8.15   +42.23%
      12              26  3629      地心引力                  0.00          0.00    75.00%     14.85    15.45    14.85    15.25       19.70    19.70    18.10    19.65     +4.40   +28.85%
      13             140  4188      安克                    0.00          0.00    74.87%     10.45    10.55    10.40    10.55       17.65    17.65    14.50    16.15     +5.60   +53.08%
      14             377  4939      亞電                    0.00          0.00    74.50%     64.80    65.70    64.00    64.90       91.80    95.20    82.90    92.80    +27.90   +42.99%
      15             502  3441      聯一光                  33.20          0.00    73.45%     89.00    94.00    88.90    92.30      138.50   140.50   129.50   130.00    +37.70   +40.85%
      16              24  6103      合邦                    0.00          0.00    72.35%     34.00    34.00    34.00    34.00       47.00    47.00    45.10    47.00    +13.00   +38.24%
      17             111  6840      東研信超                  0.00          0.00    71.82%     67.30    67.30    65.60    66.40       98.70    99.30    95.10    98.40    +32.00   +48.19%
      18             564  6907      雅特力-KY              130.00        149.50    71.53%    134.50   138.00   132.00   135.50      186.50   191.00   184.50   186.00    +50.50   +37.27%
      19             693  3081      聯亞                 2815.00       2350.00    71.01%   2295.00  2465.00  2265.00  2440.00     3370.00  3455.00  3285.00  3305.00   +865.00   +35.45%
      20             339  7714      創泓科技                173.00         89.00    70.44%    129.50   129.50   126.00   126.50      189.50   189.50   174.50   174.50    +48.00   +37.94%
      21              97  6547      高端疫苗                  0.00          0.00    69.14%     45.75    46.20    44.85    45.20       64.70    67.90    64.20    65.00    +19.80   +43.81%
      22             338  4416      三圓                    0.00          0.00    68.98%     10.25    10.25     9.55    10.00       14.50    14.60    14.00    14.05     +4.05   +40.50%
      23             567  3066      李洲                    0.00          0.00    65.04%     21.00    21.70    20.90    21.30       25.30    27.50    25.00    27.50     +6.20   +29.11%
      24             198  1815      富喬                   10.00         10.30    64.28%     95.80    98.90    95.50    98.10      118.50   128.00   111.00   125.50    +27.40   +27.93%
      25             326  4541      晟田                    0.00          0.00    64.10%     50.20    52.40    49.90    50.90       70.00    71.10    65.00    65.50    +14.60   +28.68%
      26              34  8444      綠河-KY                 0.00          0.00    63.45%      4.40     4.60     4.40     4.60        4.90     5.09     4.89     5.09     +0.49   +10.65%
      27             301  3234      光環                   60.30         39.90    63.00%    133.00   145.00   129.50   145.00      183.00   186.00   181.00   181.50    +36.50   +25.17%
      28             329  6727      亞泰金屬                494.50        449.50    62.68%    410.00   449.00   407.00   449.00      529.00   551.00   518.00   537.00    +88.00   +19.60%
      29             201  5351      鈺創                   10.00         23.20    62.40%     92.70    94.70    90.90    94.00      117.50   119.50   113.50   116.00    +22.00   +23.40%
      30             277  7751      竑騰                 1640.00       1590.00    61.84%   1470.00  1530.00  1455.00  1485.00     1975.00  1975.00  1790.00  1790.00   +305.00   +20.54%
      31             152  3631      晟楠                    0.00          0.00    61.56%     34.25    35.00    33.85    34.00       41.00    44.20    40.10    44.20    +10.20   +30.00%
      32             225  6716      應廣                    0.00         10.50    61.27%    100.50   107.00   100.50   102.50      127.50   132.00   126.00   128.00    +25.50   +24.88%
      33              77  4905      台聯電                   0.00          0.00    60.94%     71.70    72.00    70.80    71.90       91.90    91.90    90.10    90.10    +18.20   +25.31%
      34             263  3349      寶德                    0.00          0.00    60.62%     18.20    18.45    17.95    18.25       22.85    22.95    22.75    22.95     +4.70   +25.75%
      35             769  7402      邑錡                   56.80         23.00    60.56%     91.30    92.80    91.00    92.10      118.00   120.00   109.00   112.50    +20.40   +22.15%
      36             549  8085      福華                    0.00          0.00    60.20%     13.35    13.50    12.85    12.90       15.05    16.60    15.05    16.10     +3.20   +24.81%
      37             220  6913      鴻呈                   14.00          0.00    60.14%    125.50   127.50   125.50   126.00      162.50   164.00   152.50   159.00    +33.00   +26.19%
      38             125  4735      豪展                    0.00          0.00    59.99%     30.75    31.00    30.60    30.60       38.20    38.95    38.20    38.90     +8.30   +27.12%
      39             214  5371      中光電                   0.00         10.20    59.55%     69.00    70.20    68.40    70.00          --       --       --       --        --        --
      40              27  4530      宏易                    0.00          0.00    59.51%     24.50    25.00    24.00    24.50       30.50    30.90    29.90    29.90     +5.40   +22.04%
==========================================================================================================================================================================
✅ 共 40 筆


══════════════════════════════════════════════════════════════════════════════════════════════════════════════
  🔄 第 27/45 次  2026/06/17 ～ 2026/08/27
══════════════════════════════════════════════════════════════════════════════════════════════════════════════

==========================================================================================================================================================================
📊 ROI 每日報酬率累計排名 (2026/06/17 ~ 2026/08/27)
==========================================================================================================================================================================
    實資排名          累計天數排名  代號        名稱                 累計漲停(元)       累計跌停(元)       強度%  (06/17)開盤      最高      最低      收盤    (08/27)開盤      最高      最低      收盤      賺賠    賺賠率
--------------------------------------------------------------------------------------------------------------------------------------------------------------------------
       1              83  6538      倉和                  145.00         33.00   100.00%    103.50   105.00    99.20   104.50      211.00   222.50   207.00   222.00   +117.50  +112.44%
       2              64  5321      美而快                   0.00          0.00    98.77%     38.75    40.15    38.50    40.15       82.90    85.00    81.50    85.00    +44.85  +111.71%
       3             615  6617      共信-KY                21.50         10.00    92.91%     67.80    68.80    67.60    68.30      128.00   129.50   120.00   128.50    +60.20   +88.14%
       4             103  3498      陽程                   68.50         24.00    83.98%    118.00   120.50   116.50   119.00      208.00   208.00   199.00   203.50    +84.50   +71.01%
       5             213  3230      錦明                    0.00          0.00    79.28%     28.70    29.85    28.20    29.40       44.05    47.35    43.55    47.35    +17.95   +61.05%
       6             129  2221      大甲                    0.00          0.00    79.26%     43.25    47.40    43.00    45.90       71.80    74.70    70.10    74.60    +28.70   +62.53%
       7             317  3441      聯一光                  33.20          0.00    78.77%     83.80    89.10    83.80    89.10      133.50   137.50   127.00   137.50    +48.40   +54.32%
       8             142  3490      單井                    0.00          0.00    78.20%     33.20    34.10    32.55    33.30       50.60    56.00    49.60    54.00    +20.70   +62.16%
       9              69  4139      馬光-KY                 0.00          0.00    77.84%     24.30    24.30    24.00    24.25       37.50    38.50    37.50    38.50    +14.25   +58.76%
      10             529  3081      聯亞                 3010.00       2285.00    77.45%   2230.00  2335.00  2215.00  2245.00     3385.00  3510.00  3265.00  3370.00  +1125.00   +50.11%
      11             229  4707      磐亞                    0.00          0.00    75.47%     21.00    22.60    21.00    22.60       34.45    35.10    32.20    32.20     +9.60   +42.48%
      12             214  4416      三圓                    0.00          0.00    75.20%     10.25    10.25     9.27     9.33       14.70    15.20    14.10    14.50     +5.17   +55.41%
      13             100  8093      保銳                    0.00          0.00    74.35%     18.50    19.05    18.50    19.05       27.35    27.50    26.95    27.25     +8.20   +43.04%
      14             138  4188      安克                    0.00          0.00    74.01%     10.25    10.45    10.25    10.45       16.05    16.05    16.05    16.05     +5.60   +53.59%
      15             150  3374      精材                  353.00        317.00    73.30%    232.00   245.00   229.00   244.50      335.00   362.50   331.00   351.00   +106.50   +43.56%
      16             314  7714      創泓科技                173.00         79.50    72.47%    129.00   129.00   126.50   127.50      182.50   192.50   176.50   184.00    +56.50   +44.31%
      17             511  6907      雅特力-KY              130.00        149.50    72.33%    132.50   135.00   131.00   132.00      192.00   192.00   184.00   186.00    +54.00   +40.91%
      18             102  6840      東研信超                  0.00          0.00    71.86%     65.90    65.90    65.00    65.30       93.80   100.00    90.30    98.30    +33.00   +50.54%
      19             182  7751      竑騰                 1670.00       1395.00    69.24%   1445.00  1470.00  1415.00  1455.00     1805.00  1985.00  1805.00  1985.00   +530.00   +36.43%
      20             517  4939      亞電                    0.00          0.00    68.44%     64.20    65.70    63.30    64.80       82.10    86.60    81.60    86.60    +21.80   +33.64%
      21             267  3234      光環                   73.30         39.90    68.36%    116.50   134.50   116.50   132.00      179.00   186.00   178.50   180.00    +48.00   +36.36%
      22              32  3629      地心引力                  0.00          0.00    66.95%     15.00    15.30    15.00    15.30       17.95    17.95    17.95    17.95     +2.65   +17.32%
      23             318  6727      亞泰金屬                518.00        449.50    66.36%    389.00   418.00   389.00   408.50      488.00   528.00   471.00   520.00   +111.50   +27.29%
      24             116  6547      高端疫苗                  0.00          0.00    65.47%     45.60    46.25    45.20    45.50       61.90    66.70    60.50    63.10    +17.60   +38.68%
      25             283  4541      晟田                    0.00          0.00    65.01%     47.85    51.30    47.80    51.00       68.00    71.70    67.30    67.50    +16.50   +32.35%
      26              24  6103      合邦                    0.00          0.00    64.22%        --       --       --       --       40.10    42.75    40.00    42.75        --        --
      27             668  7402      邑錡                   56.80         23.00    63.26%     91.60    93.70    90.30    91.20      111.00   121.00   110.50   117.50    +26.30   +28.84%
      28             159  5351      鈺創                   10.00         23.20    63.21%     90.10    92.00    88.20    92.00      117.50   119.50   115.00   116.50    +24.50   +26.63%
      29             420  6187      萬潤                 1257.00       1353.00    62.81%   1115.00  1160.00  1115.00  1155.00     1360.00  1430.00  1355.00  1430.00   +275.00   +23.81%
      30             211  6716      應廣                    0.00         10.50    61.37%     99.60   105.00    97.90   100.50      124.50   133.00   123.00   127.50    +27.00   +26.87%
      31             217  3349      寶德                    0.00          0.00    61.01%     18.25    18.25    17.80    18.20       23.35    23.40    23.00    23.35     +5.15   +28.30%
      32             457  5328      華容                    0.00          0.00    60.89%     53.00    53.30    48.25    51.40       62.70    63.80    61.20    62.10    +10.70   +20.82%
      33             115  5314      世紀*                   0.00          0.00    60.80%     56.70    57.50    55.80    56.80       38.00    38.00    38.00    38.00    -18.80   -33.10%
      34              71  4905      台聯電                   0.00          0.00    60.58%     72.00    72.50    70.30    71.70       91.00    92.70    89.80    90.70    +19.00   +26.50%
      35             203  1815      富喬                   10.00         10.30    60.07%     94.90    96.10    94.20    95.00      118.00   118.50   112.00   116.50    +21.50   +22.63%
      36             231  5371      中光電                   0.00         10.20    59.67%     67.50    69.80    67.00    68.90          --       --       --       --        --        --
      37             603  3066      李洲                    0.00          0.00    58.95%     20.25    20.70    20.00    20.70       24.30    25.25    24.10    25.00     +4.30   +20.77%
      38             254  6913      鴻呈                   14.00          0.00    58.67%    125.00   126.00   123.50   126.00      146.00   158.00   146.00   158.00    +32.00   +25.40%
      39              27  4530      宏易                    0.00          0.00    57.78%     25.00    25.00    25.00    25.00       28.30    31.00    28.20    30.20     +5.20   +20.80%
      40             186  6829      千附精密                144.00        161.50    57.71%    206.00   207.00   200.00   201.50      244.00   255.00   240.50   240.50    +39.00   +19.35%
==========================================================================================================================================================================
✅ 共 40 筆


══════════════════════════════════════════════════════════════════════════════════════════════════════════════
  🔄 第 28/45 次  2026/06/16 ～ 2026/08/26
══════════════════════════════════════════════════════════════════════════════════════════════════════════════

==========================================================================================================================================================================
📊 ROI 每日報酬率累計排名 (2026/06/16 ~ 2026/08/26)
==========================================================================================================================================================================
    實資排名          累計天數排名  代號        名稱                 累計漲停(元)       累計跌停(元)       強度%  (06/16)開盤      最高      最低      收盤    (08/26)開盤      最高      最低      收盤      賺賠    賺賠率
--------------------------------------------------------------------------------------------------------------------------------------------------------------------------
       1              60  5321      美而快                   0.00          0.00   100.00%     36.25    36.95    35.80    36.50       83.00    83.00    79.50    81.10    +44.60  +122.19%
       2              87  6538      倉和                  135.00         33.00    95.02%    113.00   113.00   103.50   103.50      201.00   217.00   198.00   212.00   +108.50  +104.83%
       3             635  6617      共信-KY                21.50         10.00    90.40%     69.00    69.00    67.40    67.80      116.00   127.00   115.50   127.00    +59.20   +87.32%
       4             140  4707      磐亞                    0.00          0.00    85.48%     20.50    20.70    20.40    20.55       35.15    35.70    33.80    34.65    +14.10   +68.61%
       5             111  3498      陽程                   68.50         24.00    81.14%    129.00   130.50   119.50   120.50      195.50   205.00   195.50   203.50    +83.00   +68.88%
       6             124  2221      大甲                    0.00          0.00    78.53%     44.70    45.00    43.00    43.25       68.00    71.60    67.50    71.40    +28.15   +65.09%
       7             320  3441      聯一光                  20.70          0.00    76.93%     73.40    81.00    73.20    81.00      113.50   125.00   113.00   125.00    +44.00   +54.32%
       8             138  3490      單井                    0.00          0.00    76.80%     33.95    33.95    32.85    32.85       52.80    57.00    52.80    53.60    +20.75   +63.17%
       9              81  8093      保銳                    0.00          0.00    74.92%     18.85    19.00    18.50    18.50       28.25    28.25    27.05    27.35     +8.85   +47.84%
      10              82  4139      馬光-KY                 0.00          0.00    73.75%     24.40    24.40    24.30    24.30       36.60    37.50    36.60    37.35    +13.05   +53.70%
      11             187  3234      光環                   82.80         39.90    72.32%    122.00   128.50   120.00   122.50      179.50   185.50   174.00   180.50    +58.00   +47.35%
      12             682  3081      聯亞                 2895.00       2320.00    72.14%   2385.00  2465.00  2250.00  2280.00     3010.00  3255.00  2940.00  3255.00   +975.00   +42.76%
      13             217  3230      錦明                    0.00          0.00    72.08%     29.40    29.55    28.75    28.75       42.80    44.30    42.40    43.05    +14.30   +49.74%
      14             146  3374      精材                  345.50        317.00    70.91%    245.50   245.50   232.50   234.50      308.00   340.00   305.00   333.50    +99.00   +42.22%
      15             519  6907      雅特力-KY              130.00        149.50    70.64%    142.50   144.00   132.00   134.50      183.50   190.50   183.00   189.50    +55.00   +40.89%
      16             438  7714      創泓科技                173.00         79.50    69.75%    128.00   134.50   128.00   128.00      174.00   185.00   172.50   182.00    +54.00   +42.19%
      17             208  4416      三圓                    0.00          0.00    69.02%     10.65    10.65    10.25    10.30       15.40    16.15    14.90    14.95     +4.65   +45.15%
      18             216  4541      晟田                    0.00          0.00    67.84%     49.65    49.95    47.70    48.00       66.90    68.70    66.90    67.50    +19.50   +40.62%
      19             156  4188      安克                    0.00          0.00    65.75%     10.50    10.50    10.20    10.40       14.60    14.60    14.60    14.60     +4.20   +40.38%
      20             125  6840      東研信超                  0.00          0.00    64.58%     66.20    67.00    65.90    65.90       83.80    91.70    83.40    91.70    +25.80   +39.15%
      21             129  5351      鈺創                   10.00         23.20    63.12%     92.00    95.30    90.60    90.60      114.50   120.00   113.50   117.00    +26.40   +29.14%
      22             131  6547      高端疫苗                  0.00          0.00    62.77%     45.95    46.20    45.40    45.40       59.10    61.90    59.10    61.90    +16.50   +36.34%
      23             330  6727      亞泰金屬                497.50        449.50    62.44%    419.50   422.00   391.00   392.00      472.50   505.00   461.50   483.00    +91.00   +23.21%
      24              63  4905      台聯電                   0.00          0.00    61.43%     69.90    71.80    69.60    69.60       93.40    93.40    90.40    90.90    +21.30   +30.60%
      25             210  7751      竑騰                 1500.00       1395.00    61.22%   1405.00  1515.00  1405.00  1445.00     1825.00  1890.00  1740.00  1805.00   +360.00   +24.91%
      26             608  4939      亞電                    0.00          0.00    60.23%     70.50    70.60    63.50    64.60       74.70    78.80    73.90    78.80    +14.20   +21.98%
      27             205  6716      應廣                    0.00         10.50    60.04%     96.00   103.00    92.00    99.60      127.00   129.00   120.50   126.50    +26.90   +27.01%
      28              32  3629      地心引力                  0.00          0.00    60.03%     14.80    15.00    14.80    15.00       16.35    16.35    16.35    16.35     +1.35    +9.00%
      29             160  1815      富喬                   10.00         10.30    59.72%     96.10   101.50    94.70    94.80      108.00   119.00   107.00   118.00    +23.20   +24.47%
      30             479  5328      華容                    0.00          0.00    59.54%     49.80    51.20    48.20    51.20       62.70    63.00    61.80    61.90    +10.70   +20.90%
      31             256  5371      中光電                   0.00         10.20    59.43%     69.90    70.20    67.80    67.80          --       --       --       --        --        --
      32             241  3349      寶德                    0.00          0.00    59.42%     18.10    18.25    17.55    18.25       23.50    24.00    23.00    23.35     +5.10   +27.95%
      33             315  4127      天良                    0.00          0.00    59.19%     68.20    72.60    67.50    68.80       87.80    88.80    84.80    86.50    +17.70   +25.73%
      34             777  7402      邑錡                   56.80         23.00    56.94%     92.60    92.60    90.50    91.40      107.00   113.00   107.00   110.00    +18.60   +20.35%
      35             622  3066      李洲                    0.00          0.00    56.81%     20.70    20.85    20.35    20.35       23.30    25.10    23.30    24.30     +3.95   +19.41%
      36             657  8085      福華                    0.00          0.00    56.24%     12.85    12.85    12.45    12.50       15.25    15.25    15.25    15.25     +2.75   +22.00%
      37             517  4163      鐿鈦                   41.00          0.00    56.06%    117.50   117.50   113.50   115.00      136.50   141.50   136.00   140.50    +25.50   +22.17%
      38              23  6103      合邦                    0.00          0.00    55.90%     33.40    36.30    33.40    34.00       38.90    38.90    38.90    38.90     +4.90   +14.41%
      39             123  2061      風青                    0.00          0.00    55.39%     43.15    43.70    42.00    43.70       50.50    51.60    49.05    49.45     +5.75   +13.16%
      40             485  6187      萬潤                 1142.00       1353.00    55.37%   1150.00  1180.00  1100.00  1140.00     1245.00  1340.00  1240.00  1300.00   +160.00   +14.04%
==========================================================================================================================================================================
✅ 共 40 筆


══════════════════════════════════════════════════════════════════════════════════════════════════════════════
  🔄 第 29/45 次  2026/06/15 ～ 2026/08/24
══════════════════════════════════════════════════════════════════════════════════════════════════════════════

==========================================================================================================================================================================
📊 ROI 每日報酬率累計排名 (2026/06/15 ~ 2026/08/24)
==========================================================================================================================================================================
    實資排名          累計天數排名  代號        名稱                 累計漲停(元)       累計跌停(元)       強度%  (06/15)開盤      最高      最低      收盤    (08/24)開盤      最高      最低      收盤      賺賠    賺賠率
--------------------------------------------------------------------------------------------------------------------------------------------------------------------------
       1              58  5321      美而快                   0.00          0.00   100.00%     37.55    38.00    36.05    36.05       71.20    78.50    71.20    78.50    +42.45  +117.75%
       2             113  4707      磐亞                    0.00          0.00    89.47%     20.20    20.80    20.20    20.40       35.00    36.15    34.30    35.80    +15.40   +75.49%
       3             106  6538      倉和                  135.00         33.00    88.80%     97.50   104.50    96.50   104.50      194.50   204.50   193.00   193.00    +88.50   +84.69%
       4             739  6617      共信-KY                10.00         10.00    80.55%     68.80    70.00    68.40    68.80      105.50   116.00   102.50   111.00    +42.20   +61.34%
       5             334  3441      聯一光                   9.70          0.00    77.16%     71.40    77.00    70.00    73.70      113.50   117.00   109.00   112.50    +38.80   +52.65%
       6              88  8093      保銳                    0.00          0.00    74.53%     18.65    18.85    18.65    18.85       24.05    27.30    24.00    27.30     +8.45   +44.83%
       7             153  3498      陽程                   68.50         24.00    72.47%    127.00   131.00   124.00   125.50      191.00   200.50   180.00   185.00    +59.50   +47.41%
       8             101  4139      馬光-KY                 0.00          0.00    71.57%     24.75    24.75    24.40    24.50       35.05    37.95    35.00    36.00    +11.50   +46.94%
       9             193  3490      單井                    0.00          0.00    70.69%     32.60    34.35    32.60    33.65       57.40    57.80    49.55    49.70    +16.05   +47.70%
      10             299  3230      錦明                    0.00          0.00    70.48%     28.85    29.30    28.85    29.10       43.35    43.80    41.90    42.00    +12.90   +44.33%
      11             167  2221      大甲                    0.00          0.00    69.14%     43.40    44.40    43.10    44.20       59.40    63.30    58.50    63.30    +19.10   +43.21%
      12             455  7714      創泓科技                161.00         79.50    68.18%    130.00   130.00   127.50   127.50      178.00   181.00   173.50   175.00    +47.50   +37.25%
      13             232  4416      三圓                    0.00          0.00    68.04%     10.60    10.85    10.60    10.70       14.70    15.10    14.70    15.10     +4.40   +41.12%
      14             339  5328      華容                    0.00          0.00    67.35%     43.50    46.55    43.50    46.55       61.30    63.10    61.30    61.90    +15.35   +32.98%
      15             223  3234      光環                   82.80         39.90    67.19%    115.00   122.50   112.50   122.50      150.50   166.00   148.00   166.00    +43.50   +35.51%
      16             271  4541      晟田                    0.00          0.00    66.92%     48.10    49.25    47.75    49.00       68.50    69.70    67.00    67.10    +18.10   +36.94%
      17             102  2061      風青                    0.00          0.00    65.23%     38.95    39.75    38.95    39.75       50.20    52.50    50.20    51.00    +11.25   +28.30%
      18             112  5351      鈺創                   10.00         23.20    64.57%     91.40    93.50    89.00    90.60      121.00   128.00   117.00   118.00    +27.40   +30.24%
      19             668  6907      雅特力-KY              130.00        149.50    64.43%    144.50   148.00   138.50   141.50      192.00   195.00   180.00   180.00    +38.50   +27.21%
      20             229  3374      精材                  323.00        317.00    63.09%    239.50   245.00   238.00   240.00      302.00   312.50   299.00   302.50    +62.50   +26.04%
      21             178  3349      寶德                    0.00          0.00    62.21%     18.50    18.50    18.00    18.30       24.20    24.55    22.95    24.10     +5.80   +31.69%
      22             201  6716      應廣                    0.00         10.50    61.73%     94.40    96.70    92.40    95.30      128.00   129.50   120.50   122.50    +27.20   +28.54%
      23             288  4127      天良                    0.00          0.00    60.45%     68.00    71.00    66.50    67.40       91.30    91.60    85.30    85.30    +17.90   +26.56%
      24              69  4905      台聯電                   0.00          0.00    59.32%     71.00    72.30    71.00    72.30       89.10    91.00    89.10    90.50    +18.20   +25.17%
      25             780  3081      聯亞                 2600.00       2375.00    59.04%   2305.00  2355.00  2220.00  2335.00     2910.00  2910.00  2750.00  2765.00   +430.00   +18.42%
      26             222  7751      竑騰                 1555.00       1395.00    58.92%   1375.00  1430.00  1360.00  1390.00     1745.00  1795.00  1620.00  1665.00   +275.00   +19.78%
      27             410  5371      中光電                   0.00         10.20    58.80%     68.80    69.80    68.60    69.20          --       --       --       --        --        --
      28              39  8444      綠河-KY                 0.00          0.00    58.09%      4.60     4.80     4.60     4.70          --       --       --       --        --        --
      29             160  6840      東研信超                  0.00          0.00    56.87%     67.00    67.10    66.30    66.80       83.60    84.50    82.50    82.70    +15.90   +23.80%
      30             611  6182      合晶                  101.50         99.40    56.63%     94.20    97.70    94.20    97.70      108.50   116.50   108.50   110.00    +12.30   +12.59%
      31             550  4163      鐿鈦                   41.00          0.00    55.40%    114.50   117.50   113.50   116.50      142.00   142.50   136.00   139.50    +23.00   +19.74%
      32              76  4907      富宇                    0.00          0.00    55.07%     39.45    40.00    38.95    39.90       47.80    49.00    47.50    48.70     +8.80   +22.06%
      33              20  3226      龍鋒                    0.00          0.00    54.90%     50.50    50.50    48.15    48.15       51.90    52.70    51.80    52.70     +4.55    +9.45%
      34             163  6547      高端疫苗                  0.00          0.00    54.83%     46.25    46.40    45.85    45.85       55.50    57.50    55.10    55.50     +9.65   +21.05%
      35             571  3508      位速                    0.00          0.00    54.51%     18.90    19.90    18.60    19.15       25.00    25.00    22.55    22.60     +3.45   +18.02%
      36             510  6603      富強鑫                   0.00          0.00    54.50%     22.70    22.80    22.25    22.30       27.40    27.40    26.05    26.40     +4.10   +18.39%
      37             799  7402      邑錡                   56.80         23.00    54.39%     90.50    92.70    90.30    91.80      106.50   107.00   105.50   105.50    +13.70   +14.92%
      38             750  3685      元創精密                  0.00          0.00    54.38%     31.35    31.35    29.50    30.85       36.70    37.25    35.60    36.00     +5.15   +16.69%
      39             533  6727      亞泰金屬                485.00        467.50    54.21%    407.00   420.50   402.50   410.00      447.50   463.00   444.00   445.00    +35.00    +8.54%
      40             696  3066      李洲                    0.00          0.00    54.16%     20.20    20.75    20.20    20.60       24.00    24.40    23.45    23.45     +2.85   +13.83%
==========================================================================================================================================================================
✅ 共 40 筆


══════════════════════════════════════════════════════════════════════════════════════════════════════════════
  🔄 第 30/45 次  2026/06/12 ～ 2026/08/21
══════════════════════════════════════════════════════════════════════════════════════════════════════════════

==========================================================================================================================================================================
📊 ROI 每日報酬率累計排名 (2026/06/12 ~ 2026/08/21)
==========================================================================================================================================================================
    實資排名          累計天數排名  代號        名稱                 累計漲停(元)       累計跌停(元)       強度%  (06/12)開盤      最高      最低      收盤    (08/21)開盤      最高      最低      收盤      賺賠    賺賠率
--------------------------------------------------------------------------------------------------------------------------------------------------------------------------
       1              79  6538      倉和                  135.00         33.00   100.00%     98.10    99.90    94.80    95.30      207.00   208.00   191.00   196.50   +101.20  +106.19%
       2              65  5321      美而快                   0.00          0.00    97.85%     38.95    38.95    36.00    36.00       70.70    78.00    70.70    72.90    +36.90  +102.50%
       3             113  4707      磐亞                    0.00          0.00    87.73%     20.55    20.55    19.90    20.00       32.55    33.30    32.10    32.90    +12.90   +64.50%
       4             129  3490      單井                    0.00          0.00    82.31%     32.70    33.00    32.10    32.20       50.10    53.90    50.10    53.90    +21.70   +67.39%
       5             850  6617      共信-KY                10.00         10.00    81.24%     68.10    69.30    67.70    68.80      114.50   114.50   106.50   107.50    +38.70   +56.25%
       6             110  3498      陽程                   68.50         24.00    80.61%    123.00   125.50   119.00   121.00      185.50   193.00   182.00   192.00    +71.00   +58.68%
       7             330  3441      聯一光                   9.70          0.00    80.22%     72.00    75.50    69.60    70.00      102.00   107.00    95.50   107.00    +37.00   +52.86%
       8             297  5328      華容                    0.00          0.00    76.68%     45.50    46.70    42.25    42.35       61.80    63.30    61.30    61.40    +19.05   +44.98%
       9             201  3230      錦明                    0.00          0.00    76.17%     29.30    29.40    28.45    28.80       41.65    45.35    41.30    43.25    +14.45   +50.17%
      10              97  4139      馬光-KY                 0.00          0.00    74.76%     24.05    24.40    23.70    24.40       37.00    37.00    36.00    36.00    +11.60   +47.54%
      11              91  2061      風青                    0.00          0.00    73.87%     32.15    36.15    32.15    36.15       49.35    52.40    49.05    50.10    +13.95   +38.59%
      12             167  4541      晟田                    0.00          0.00    73.69%     47.10    48.10    47.05    47.55       67.80    69.40    66.00    68.80    +21.25   +44.69%
      13             131  6716      應廣                    0.00          0.00    73.57%     89.50    93.20    88.70    90.90      133.00   133.00   125.00   133.00    +42.10   +46.31%
      14             435  7714      創泓科技                161.00         79.50    71.82%    129.00   131.00   128.00   129.00      180.50   183.50   176.00   179.00    +50.00   +38.76%
      15              87  5351      鈺創                   10.00         23.20    71.81%     87.90    91.00    87.70    88.70      119.00   124.00   118.00   123.00    +34.30   +38.67%
      16             593  6907      雅特力-KY              130.00        138.00    71.78%    142.00   147.00   140.00   141.00      192.50   192.50   186.50   191.50    +50.50   +35.82%
      17              93  8093      保銳                    0.00          0.00    71.24%     18.70    18.70    18.50    18.65       23.20    24.85    23.20    24.85     +6.20   +33.24%
      18             664  3081      聯亞                 2740.00       2220.00    70.11%   2315.00  2315.00  2115.00  2195.00     2845.00  2920.00  2760.00  2920.00   +725.00   +33.03%
      19             208  3234      光環                   78.80         39.90    70.01%    116.00   116.00   109.00   111.50      150.00   152.50   141.50   151.00    +39.50   +35.43%
      20             152  3374      精材                  323.00        317.00    68.97%    233.50   237.00   230.00   233.00      304.00   316.00   298.50   306.50    +73.50   +31.55%
      21             183  2221      大甲                    0.00          0.00    66.73%     43.50    44.85    43.05    43.15       54.50    57.90    54.30    57.60    +14.45   +33.49%
      22             153  5468      凱鈺                    0.00          0.00    66.33%     21.75    21.75    21.75    21.75       27.70    28.35    27.20    27.95     +6.20   +28.51%
      23             258  4127      天良                    0.00          0.00    65.18%     66.10    69.90    64.10    68.00       88.90    90.30    87.20    88.50    +20.50   +30.15%
      24             151  7751      竑騰                 1570.00       1330.00    65.13%   1400.00  1440.00  1335.00  1375.00     1730.00  1730.00  1730.00  1730.00   +355.00   +25.82%
      25             195  3349      寶德                    0.00          0.00    65.12%     17.95    18.35    17.95    18.35       23.80    24.70    23.40    24.20     +5.85   +31.88%
      26             257  4416      三圓                    0.00          0.00    64.95%     10.55    10.70    10.50    10.55       12.70    13.75    12.40    13.75     +3.20   +30.33%
      27             613  6182      合晶                  101.50         99.40    63.73%     88.90    88.90    87.00    88.90      109.00   110.50   103.50   106.00    +17.10   +19.24%
      28             466  5371      中光電                   0.00         10.20    62.83%     68.80    70.10    67.80    68.00       84.50    85.00    83.40    83.50    +15.50   +22.79%
      29             365  4163      鐿鈦                   41.00          0.00    62.24%    112.50   113.00   110.00   112.00      144.50   145.50   141.00   142.00    +30.00   +26.79%
      30             185  3362      先進光                 124.00        117.00    62.13%    168.50   175.50   160.00   160.50      186.00   200.00   180.00   194.50    +34.00   +21.18%
      31              73  4905      台聯電                   0.00          0.00    61.69%     72.00    75.60    71.40    72.00       91.00    91.90    89.20    89.60    +17.60   +24.44%
      32             386  3508      位速                    0.00          0.00    60.98%     18.95    19.10    18.65    18.65       22.50    24.50    22.50    23.20     +4.55   +24.40%
      33              43  8444      綠河-KY                 0.00          0.00    60.56%      4.56     4.78     4.56     4.72        5.28     5.28     5.28     5.28     +0.56   +11.86%
      34             158  6840      東研信超                  0.00          0.00    59.95%     68.50    68.50    66.60    66.90       82.00    83.40    78.00    83.20    +16.30   +24.36%
      35             610  3066      李洲                    0.00          0.00    59.77%     20.50    20.70    20.00    20.00       23.60    23.70    23.25    23.70     +3.70   +18.50%
      36             133  4931      新盛力                 144.00        177.00    59.77%    246.00   249.50   235.00   236.00      277.00   280.00   265.50   280.00    +44.00   +18.64%
      37             750  7402      邑錡                   56.80         23.00    59.45%     92.00    93.80    88.50    89.70      108.50   109.00   105.50   106.50    +16.80   +18.73%
      38             390  6603      富強鑫                   0.00          0.00    59.13%     22.80    22.80    22.10    22.20       27.15    27.20    26.60    27.00     +4.80   +21.62%
      39              64  6028      公勝保經                  0.00          0.00    59.12%     79.00    79.60    79.00    79.20       99.50    99.50    98.10    98.10    +18.90   +23.86%
      40             710  3685      元創精密                  0.00          0.00    58.58%     30.80    31.10    30.15    30.80       35.00    36.90    35.00    36.70     +5.90   +19.16%
==========================================================================================================================================================================
✅ 共 40 筆


══════════════════════════════════════════════════════════════════════════════════════════════════════════════
  🔄 第 31/45 次  2026/06/11 ～ 2026/08/20
══════════════════════════════════════════════════════════════════════════════════════════════════════════════

==========================================================================================================================================================================
📊 ROI 每日報酬率累計排名 (2026/06/11 ~ 2026/08/20)
==========================================================================================================================================================================
    實資排名          累計天數排名  代號        名稱                 累計漲停(元)       累計跌停(元)       強度%  (06/11)開盤      最高      最低      收盤    (08/20)開盤      最高      最低      收盤      賺賠    賺賠率
--------------------------------------------------------------------------------------------------------------------------------------------------------------------------
       1              83  6538      倉和                  135.00         33.00   100.00%     98.30    99.00    92.00    94.70      188.00   195.00   175.00   194.00    +99.30  +104.86%
       2              77  5321      美而快                   0.00          0.00    95.45%     37.95    38.50    37.00    37.00       71.50    72.70    67.50    71.90    +34.90   +94.32%
       3             122  4707      磐亞                    0.00          0.00    88.07%     19.20    20.30    19.00    19.85       31.40    32.55    31.30    32.55    +12.70   +63.98%
       4             105  3498      陽程                   68.50         24.00    81.33%    119.00   121.00   112.00   115.50      190.50   190.50   176.00   183.50    +68.00   +58.87%
       5              87  4139      馬光-KY                 0.00          0.00    81.12%     24.70    24.70    24.00    24.45       37.00    39.25    37.00    39.25    +14.80   +60.53%
       6              79  2061      風青                    0.00          0.00    80.89%     36.00    36.00    32.95    32.95       48.50    50.40    48.50    49.75    +16.80   +50.99%
       7             888  6617      共信-KY                10.00         10.00    80.57%     67.50    68.20    66.90    68.10      104.50   104.50   104.50   104.50    +36.40   +53.45%
       8             104  6716      應廣                    0.00          0.00    78.01%     87.00    91.50    84.10    86.30      137.50   140.00   128.00   133.00    +46.70   +54.11%
       9             299  5328      華容                    0.00          0.00    76.97%     46.05    46.90    41.50    43.20       63.70    64.50    61.00    62.30    +19.10   +44.21%
      10             146  3490      單井                    0.00          0.00    76.91%     32.30    32.85    31.00    31.85       47.50    49.25    47.15    49.15    +17.30   +54.32%
      11             441  6907      雅特力-KY              130.00        138.00    75.98%    129.50   142.00   128.00   136.00      203.50   208.50   191.00   194.00    +58.00   +42.65%
      12             348  7714      創泓科技                161.00         79.50    74.22%    128.50   132.00   122.50   127.00      167.00   180.50   165.50   180.50    +53.50   +42.13%
      13             178  4541      晟田                    0.00          0.00    74.03%     46.40    47.00    45.60    46.95       67.60    71.90    67.20    67.60    +20.65   +43.98%
      14             308  3230      錦明                    0.00          0.00    73.71%     29.15    29.65    28.40    28.90       41.45    43.70    41.45    41.55    +12.65   +43.77%
      15             402  6182      合晶                  101.50         99.40    73.71%     79.50    80.90    71.70    80.90      113.00   114.50   107.00   109.50    +28.60   +35.35%
      16             139  5468      凱鈺                    0.00          0.00    73.38%     19.80    19.80    19.80    19.80       28.50    28.50    27.20    27.70     +7.90   +39.90%
      17              84  5351      鈺創                   10.00         23.20    73.21%     87.50    88.50    81.80    84.30      127.00   127.50   116.50   118.00    +33.70   +39.98%
      18             553  3441      聯一光                   0.00          0.00    72.37%     65.10    71.50    62.40    71.50       93.30    97.30    91.70    97.30    +25.80   +36.08%
      19             177  3234      光環                   78.80         39.90    72.34%    113.00   113.00   104.50   109.00      153.00   153.00   142.00   151.00    +42.00   +38.53%
      20             143  3374      精材                  333.00        317.00    72.16%    222.00   226.00   215.50   223.00      321.00   328.50   294.50   303.50    +80.50   +36.10%
      21             217  4127      天良                    0.00          0.00    70.09%     66.50    66.50    62.80    63.60       89.00    90.10    86.40    87.60    +24.00   +37.74%
      22             145  6488      環球晶                1584.00       1282.00    69.11%    773.00   786.00   745.00   786.00     1005.00  1015.00   954.00   993.00   +207.00   +26.34%
      23             719  3081      聯亞                 2630.00       2220.00    68.26%   2155.00  2215.00  2025.00  2165.00     2765.00  2830.00  2635.00  2780.00   +615.00   +28.41%
      24             333  3508      位速                    0.00          0.00    67.03%     18.75    19.00    18.50    18.60       24.75    25.00    23.60    25.00     +6.40   +34.41%
      25             248  5483      中美晶                 171.00        115.50    66.95%    142.00   148.00   140.50   145.00      181.50   187.00   177.50   186.50    +41.50   +28.62%
      26             296  4556      旭然                   30.50         63.10    65.91%     60.80    60.80    59.50    60.80       76.80    78.10    74.10    74.80    +14.00   +23.03%
      27             192  3349      寶德                    0.00          0.00    65.21%     18.15    18.15    17.75    17.95       23.40    24.20    23.15    23.45     +5.50   +30.64%
      28             269  4163      鐿鈦                   41.00          0.00    64.88%    109.50   111.00   105.50   111.00      145.50   147.50   141.00   144.50    +33.50   +30.18%
      29             110  8093      保銳                    0.00          0.00    64.76%     18.30    18.70    18.30    18.70       22.20    23.85    22.20    22.60     +3.90   +20.86%
      30             271  6187      萬潤                 1212.00       1283.00    64.72%   1065.00  1120.00  1000.00  1030.00     1320.00  1320.00  1240.00  1265.00   +235.00   +22.82%
      31             437  5371      中光電                   0.00         10.20    64.59%     67.50    68.50    66.50    67.70       85.20    87.50    84.30    84.30    +16.60   +24.52%
      32             583  4923      力士                    0.00          0.00    64.27%     43.40    44.70    41.60    43.20       53.90    54.70    52.30    53.40    +10.20   +23.61%
      33             206  2221      大甲                    0.00          0.00    63.87%     41.85    44.90    41.80    42.75       53.20    55.00    53.20    54.30    +11.55   +27.02%
      34             360  6727      亞泰金屬                496.00        450.50    63.07%    417.00   419.50   385.00   393.00      446.50   463.50   440.00   460.00    +67.00   +17.05%
      35             497  4979      華星光                 550.50        464.50    62.49%    481.00   481.00   454.00   473.00      542.00   570.00   518.00   570.00    +97.00   +20.51%
      36              75  4905      台聯電                   0.00          0.00    62.16%     74.10    74.50    71.90    72.90       90.20    93.90    87.50    90.30    +17.40   +23.87%
      37             151  6840      東研信超                  0.00          0.00    62.13%     65.20    65.50    64.00    65.00       82.90    83.00    81.00    82.40    +17.40   +26.77%
      38               6  2941      米斯特                   0.00          0.00    61.96%     30.50    32.45    30.15    30.15       30.00    30.00    29.60    29.60     -0.55    -1.82%
      39             155  7751      竑騰                 1470.00       1330.00    61.91%   1370.00  1400.00  1255.00  1320.00     1465.00  1575.00  1415.00  1575.00   +255.00   +19.32%
      40              55  6028      公勝保經                  0.00          0.00    61.46%     78.80    78.80    78.60    78.60       99.00    99.50    98.00    99.50    +20.90   +26.59%
==========================================================================================================================================================================
✅ 共 40 筆


══════════════════════════════════════════════════════════════════════════════════════════════════════════════
  🔄 第 32/45 次  2026/06/10 ～ 2026/08/19
══════════════════════════════════════════════════════════════════════════════════════════════════════════════

==========================================================================================================================================================================
📊 ROI 每日報酬率累計排名 (2026/06/10 ~ 2026/08/19)
==========================================================================================================================================================================
    實資排名          累計天數排名  代號        名稱                 累計漲停(元)       累計跌停(元)       強度%  (06/10)開盤      最高      最低      收盤    (08/19)開盤      最高      最低      收盤      賺賠    賺賠率
--------------------------------------------------------------------------------------------------------------------------------------------------------------------------
       1              98  6538      倉和                  135.00         33.00   100.00%    103.50   110.50    99.00    99.70      186.00   197.50   185.00   191.50    +91.80   +92.08%
       2              87  5321      美而快                   0.00          0.00    98.76%     41.20    41.45    37.10    37.10       71.50    72.00    67.50    71.00    +33.90   +91.37%
       3             124  4707      磐亞                    0.00          0.00    92.77%     20.30    20.40    19.00    19.00       32.00    33.70    31.25    31.40    +12.40   +65.26%
       4             102  5468      凱鈺                    0.00          0.00    84.69%     17.25    18.85    17.00    18.00       29.20    29.20    27.50    27.90     +9.90   +55.00%
       5             110  3498      陽程                   68.50         24.00    83.35%    127.50   132.50   122.50   123.00      170.00   190.50   169.00   190.50    +67.50   +54.88%
       6             101  6716      應廣                    0.00          0.00    82.12%     88.00    92.70    87.80    88.00      134.00   138.00   132.50   136.50    +48.50   +55.11%
       7             344  6907      雅特力-KY              130.00        138.00    81.19%    142.00   146.50   131.00   132.00      186.00   201.00   182.50   192.50    +60.50   +45.83%
       8              79  5351      鈺創                   10.00         23.20    80.55%     87.00    93.70    85.10    85.50      117.00   129.00   116.00   126.50    +41.00   +47.95%
       9             259  6182      合晶                  101.50         99.40    79.74%     85.50    89.40    78.50    78.50      114.00   117.50   109.00   110.00    +31.50   +40.13%
      10             104  4139      馬光-KY                 0.00          0.00    79.55%     23.10    24.85    23.10    24.75       37.00    37.00    37.00    37.00    +12.25   +49.49%
      11             305  5328      華容                    0.00          0.00    78.80%     42.15    47.00    42.10    44.85       60.40    65.50    60.40    63.10    +18.25   +40.69%
      12             175  4556      旭然                   30.50         63.10    77.95%     55.30    55.30    55.30    55.30       76.10    81.70    76.00    76.50    +21.20   +38.34%
      13             154  4541      晟田                    0.00          0.00    77.89%     47.00    47.45    46.05    46.70       69.80    72.20    67.50    67.60    +20.90   +44.75%
      14             908  6617      共信-KY                10.00         10.00    77.69%     70.00    70.00    67.40    67.60       97.00    97.00    94.50    95.20    +27.60   +40.83%
      15             348  3230      錦明                    0.00          0.00    76.10%     29.95    30.65    29.00    29.00       42.55    43.80    41.10    41.10    +12.10   +41.72%
      16             100  2061      風青                    0.00          0.00    75.98%     36.70    37.95    36.60    36.60       47.50    50.00    47.20    48.85    +12.25   +33.47%
      17             540  3441      聯一光                   0.00          0.00    75.80%     64.40    65.00    64.20    65.00       83.60    90.30    82.20    88.50    +23.50   +36.15%
      18             215  3490      單井                    0.00          0.00    75.34%     33.70    35.35    32.50    32.50       43.70    47.95    43.05    46.80    +14.30   +44.00%
      19             174  3374      精材                  333.00        317.00    73.94%    236.00   240.00   224.50   224.50      296.00   306.50   294.00   299.00    +74.50   +33.18%
      20             135  6488      環球晶                1585.00       1282.00    72.65%    780.00   800.00   745.00   775.00     1010.00  1030.00   972.00   983.00   +208.00   +26.84%
      21             291  3234      光環                   78.80         39.90    71.38%    114.50   121.00   112.50   113.00      138.50   149.50   138.00   147.50    +34.50   +30.53%
      22             242  4127      天良                    0.00          0.00    70.63%     60.80    70.40    60.80    67.00       91.00    94.50    88.80    88.80    +21.80   +32.54%
      23              90  8093      保銳                    0.00          0.00    70.53%     18.50    18.65    18.30    18.30       23.20    24.50    22.50    22.95     +4.65   +25.41%
      24             186  4163      鐿鈦                   41.00          0.00    69.78%    116.00   116.50   109.00   109.00      143.50   146.50   143.00   145.50    +36.50   +33.49%
      25             161  3349      寶德                    0.00          0.00    68.83%     17.80    19.20    17.80    17.85       22.50    23.90    22.40    23.50     +5.65   +31.65%
      26             545  7714      創泓科技                145.00         79.50    68.56%    135.00   138.50   130.50   130.50      167.00   174.00   162.00   164.50    +34.00   +26.05%
      27             672  3685      元創精密                  0.00          0.00    68.54%     27.75    28.90    27.65    28.25       37.70    37.70    36.10    36.60     +8.35   +29.56%
      28             268  6187      萬潤                 1212.00       1278.00    67.60%   1120.00  1145.00  1060.00  1065.00     1210.00  1355.00  1205.00  1305.00   +240.00   +22.54%
      29             402  5371      中光電                   0.00         10.20    67.30%     71.50    72.20    68.00    68.00       88.50    90.70    84.30    84.30    +16.30   +23.97%
      30             572  4923      力士                    0.00          0.00    66.78%     45.45    47.00    43.50    43.50       50.30    57.00    50.30    53.40     +9.90   +22.76%
      31             128  6419      京晨科                  60.00         35.50    66.73%    126.50   136.50   126.50   127.50      161.50   167.50   159.50   161.50    +34.00   +26.67%
      32             275  5483      中美晶                 161.00        115.50    66.70%    148.00   151.00   143.50   143.50      179.00   179.50   174.00   176.50    +33.00   +23.00%
      33             288  5227      立凱-KY                 0.00          0.00    66.56%     25.50    27.20    25.50    25.55       32.40    33.35    30.70    31.50     +5.95   +23.29%
      34               6  2941      米斯特                   0.00          0.00    66.22%     30.00    30.00    30.00    30.00       30.00    30.00    30.00    30.00     +0.00    +0.00%
      35             844  3081      聯亞                 2530.00       2300.00    66.10%   2365.00  2365.00  2245.00  2245.00     2750.00  2900.00  2650.00  2680.00   +435.00   +19.38%
      36             227  2221      大甲                    0.00          0.00    65.80%     43.70    44.85    41.85    42.00       53.70    53.70    51.80    52.60    +10.60   +25.24%
      37             534  1336      台翰                    0.00          0.00    65.49%     13.95    13.95    13.55    13.75       17.25    17.65    17.00    17.35     +3.60   +26.18%
      38             123  3631      晟楠                    0.00          0.00    65.06%     33.45    33.85    32.25    32.25       38.80    42.65    38.75    41.25     +9.00   +27.91%
      39             162  3455      由田                  183.00        168.50    64.90%    210.00   220.00   205.00   205.50      245.00   260.00   243.50   247.00    +41.50   +20.19%
      40             144  6840      東研信超                  0.00          0.00    64.83%     66.40    68.10    65.20    65.20       81.50    82.90    80.50    82.40    +17.20   +26.38%
==========================================================================================================================================================================
✅ 共 40 筆


══════════════════════════════════════════════════════════════════════════════════════════════════════════════
  🔄 第 33/45 次  2026/06/09 ～ 2026/08/18
══════════════════════════════════════════════════════════════════════════════════════════════════════════════

==========================================================================================================================================================================
📊 ROI 每日報酬率累計排名 (2026/06/09 ~ 2026/08/18)
==========================================================================================================================================================================
    實資排名          累計天數排名  代號        名稱                 累計漲停(元)       累計跌停(元)       強度%  (06/09)開盤      最高      最低      收盤    (08/18)開盤      最高      最低      收盤      賺賠    賺賠率
--------------------------------------------------------------------------------------------------------------------------------------------------------------------------
       1             109  6538      倉和                  135.00         33.00   100.00%    112.00   115.50   103.00   105.00      186.50   198.50   181.00   192.00    +87.00   +82.86%
       2              87  5321      美而快                   0.00          0.00    98.38%     39.60    41.00    36.90    40.30       69.40    73.00    69.00    72.90    +32.60   +80.89%
       3              82  5468      凱鈺                    0.00          0.00    96.70%     17.45    17.45    17.10    17.20       29.00    30.15    28.40    29.95    +12.75   +74.13%
       4             120  4707      磐亞                    0.00          0.00    94.33%     19.80    20.85    19.80    20.50       32.20    33.05    31.75    32.90    +12.40   +60.49%
       5              85  4139      馬光-KY                 0.00          0.00    90.84%     22.20    22.80    22.20    22.80       35.00    37.70    35.00    37.70    +14.90   +65.35%
       6             124  4556      旭然                   30.50         63.10    90.04%     50.30    50.30    50.30    50.30       85.90    85.90    77.00    77.70    +27.40   +54.47%
       7             297  5328      華容                    0.00          0.00    85.40%     39.45    42.75    39.20    42.75       65.50    67.00    61.90    62.50    +19.75   +46.20%
       8             528  3441      聯一光                   0.00          0.00    84.89%     56.20    59.10    55.40    59.10       87.40    90.50    84.60    86.20    +27.10   +45.85%
       9             104  6716      應廣                    0.00          0.00    84.57%     91.40    92.00    86.10    90.20      134.50   139.00   132.00   137.50    +47.30   +52.44%
      10             125  4541      晟田                    0.00          0.00    84.16%     46.70    47.35    46.60    47.00       72.30    75.40    70.40    70.50    +23.50   +50.00%
      11             271  6182      合晶                  101.50         89.40    82.27%     83.00    88.00    81.70    87.20      122.00   131.00   119.00   120.00    +32.80   +37.61%
      12             881  6617      共信-KY                10.00         10.00    81.16%     66.70    69.40    66.70    68.50       98.50    99.00    94.80    96.10    +27.60   +40.29%
      13             152  4127      天良                    0.00          0.00    80.63%     65.10    67.00    64.00    64.00       91.70    96.00    90.20    92.30    +28.30   +44.22%
      14             319  3230      錦明                    0.00          0.00    80.32%     30.00    30.50    29.50    29.80       44.00    45.00    42.10    42.50    +12.70   +42.62%
      15             123  6488      環球晶                1585.00       1233.00    79.20%    783.00   814.00   758.00   803.00     1020.00  1120.00  1010.00  1060.00   +257.00   +32.00%
      16              96  5351      鈺創                   10.00         23.20    79.04%     86.30    89.00    84.60    88.60      138.00   141.00   122.00   122.00    +33.40   +37.70%
      17             558  6907      雅特力-KY              130.00        148.50    77.80%    155.00   157.00   140.50   142.50      173.00   188.00   171.50   188.00    +45.50   +31.93%
      18             128  2061      風青                    0.00          0.00    76.53%     35.85    39.40    35.85    37.60       51.00    51.30    48.00    48.00    +10.40   +27.66%
      19             501  3685      元創精密                  0.00          0.00    76.14%     28.55    28.90    27.60    27.70       35.55    38.50    34.90    37.80    +10.10   +36.46%
      20              73  8093      保銳                    0.00          0.00    75.61%        --       --       --       --       24.50    24.60    23.35    23.35        --        --
      21             158  3498      陽程                   52.00         24.00    75.18%    135.50   136.00   127.00   132.00      158.50   174.00   153.50   174.00    +42.00   +31.82%
      22             187  3374      精材                  333.00        333.50    74.54%    234.50   242.00   229.00   241.00      291.00   321.50   288.00   306.50    +65.50   +27.18%
      23             259  5227      立凱-KY                 0.00          0.00    71.14%     27.00    27.00    26.30    26.50       35.70    35.70    32.30    33.00     +6.50   +24.53%
      24             523  7714      創泓科技                145.00         79.50    71.08%    143.00   145.00   137.00   137.50      166.00   176.50   164.00   170.00    +32.50   +23.64%
      25             360  3490      單井                    0.00          0.00    70.95%     34.85    34.85    33.90    34.60       42.65    44.50    41.80    44.50     +9.90   +28.61%
      26               6  2941      米斯特                   0.00          0.00    70.23%     29.95    29.95    29.95    29.95          --       --       --       --        --        --
      27             165  6241      鑫永洋                   0.00          0.00    69.92%     10.10    10.95    10.10    10.95          --       --       --       --        --        --
      28             210  2221      大甲                    0.00          0.00    69.76%     45.35    45.95    42.50    43.40       54.00    54.70    53.20    54.40    +11.00   +25.35%
      29             458  1336      台翰                    0.00          0.00    69.74%     14.00    14.00    13.70    13.80       17.60    17.90    17.25    17.50     +3.70   +26.81%
      30             383  5371      中光電                   0.00         10.20    69.69%     71.10    73.80    70.80    71.10       88.40    91.20    86.30    86.30    +15.20   +21.38%
      31             277  5483      中美晶                 161.00        125.50    69.19%    143.00   155.00   140.50   153.50      185.50   195.00   184.00   185.00    +31.50   +20.52%
      32             830  3081      聯亞                 2530.00       2300.00    68.93%   2515.00  2550.00  2420.00  2490.00     2850.00  3065.00  2775.00  2925.00   +435.00   +17.47%
      33             267  6603      富強鑫                   0.00          0.00    68.70%     22.80    22.80    22.20    22.35       29.90    30.25    27.90    27.95     +5.60   +25.06%
      34              62  4413      飛寶企業                  0.00          0.00    68.69%        --       --       --       --       19.50    21.15    19.50    19.60        --        --
      35             253  4163      鐿鈦                   41.00          0.00    68.66%    113.50   117.00   113.50   117.00      151.50   151.50   145.00   145.50    +28.50   +24.36%
      36             155  3455      由田                  183.00        167.50    68.53%    212.00   215.50   207.50   215.50      253.00   271.50   251.00   258.00    +42.50   +19.72%
      37             129  6419      京晨科                  60.00         35.50    68.24%    134.00   137.00   133.50   133.50      174.00   178.50   163.00   163.50    +30.00   +22.47%
      38              58  8444      綠河-KY                 0.00          0.00    67.79%      4.36     4.90     4.36     4.52        5.00     5.00     5.00     5.00     +0.48   +10.62%
      39              56  6028      公勝保經                  0.00          0.00    67.75%     79.00    79.80    78.80    79.00       98.00   100.00    98.00    99.30    +20.30   +25.70%
      40             469  3234      光環                   78.80         51.40    67.75%    131.00   132.00   123.00   124.50      149.00   154.00   141.00   146.00    +21.50   +17.27%
==========================================================================================================================================================================
✅ 共 40 筆


══════════════════════════════════════════════════════════════════════════════════════════════════════════════
  🔄 第 34/45 次  2026/06/08 ～ 2026/08/17
══════════════════════════════════════════════════════════════════════════════════════════════════════════════

==========================================================================================================================================================================
📊 ROI 每日報酬率累計排名 (2026/06/08 ~ 2026/08/17)
==========================================================================================================================================================================
    實資排名          累計天數排名  代號        名稱                 累計漲停(元)       累計跌停(元)       強度%  (06/08)開盤      最高      最低      收盤    (08/17)開盤      最高      最低      收盤      賺賠    賺賠率
--------------------------------------------------------------------------------------------------------------------------------------------------------------------------
       1              87  4556      旭然                   30.50         63.10   100.00%     41.00    47.55    41.00    45.75       87.00    87.20    82.50    84.70    +38.95   +85.14%
       2             120  4707      磐亞                    0.00          0.00    93.86%     18.00    19.55    18.00    19.25       31.25    33.20    31.25    32.20    +12.95   +67.27%
       3             147  6538      倉和                  135.00         33.00    91.77%    111.00   115.50   111.00   111.00      187.00   193.00   181.00   190.50    +79.50   +71.62%
       4             167  5328      華容                    0.00          0.00    91.76%     37.25    40.05    37.15    38.90       66.40    66.80    64.50    65.10    +26.20   +67.35%
       5              98  5468      凱鈺                    0.00          0.00    89.41%     16.35    17.50    16.35    17.45       30.85    30.90    28.80    29.00    +11.55   +66.19%
       6             108  5321      美而快                   0.00          0.00    87.95%     41.00    41.00    41.00    41.00       63.60    69.90    62.20    68.00    +27.00   +65.85%
       7             374  3441      聯一光                   0.00          0.00    87.92%     54.20    55.60    54.20    54.60       83.00    91.00    82.60    87.40    +32.80   +60.07%
       8              77  5351      鈺創                   10.00          9.70    86.49%     77.60    83.90    77.60    83.70      134.50   136.50   130.00   135.50    +51.80   +61.89%
       9             172  6182      合晶                  101.50         89.40    86.24%     77.00    80.00    77.00    80.00      111.00   122.50   108.50   122.50    +42.50   +53.12%
      10             104  4541      晟田                    0.00          0.00    82.90%     44.00    46.60    43.50    46.50       73.80    75.50    69.80    72.70    +26.20   +56.34%
      11              85  4139      馬光-KY                 0.00          0.00    82.84%     22.10    22.30    21.70    22.30       35.10    35.10    35.10    35.10    +12.80   +57.40%
      12              91  2061      風青                    0.00          0.00    80.79%     35.85    35.95    35.85    35.85       50.00    53.20    49.10    51.60    +15.75   +43.93%
      13             840  6617      共信-KY                10.00         10.00    79.12%     65.80    68.50    64.70    67.90      101.50   101.50    96.60    98.50    +30.60   +45.07%
      14             287  3230      錦明                    0.00          0.00    78.03%     28.50    30.25    27.90    29.90       47.00    47.25    42.50    44.00    +14.10   +47.16%
      15             139  6716      應廣                    0.00          0.00    75.14%     90.90    93.20    90.90    90.90      131.00   132.50   126.00   130.00    +39.10   +43.01%
      16             127  6488      環球晶                1580.00       1233.00    74.97%    730.00   788.00   730.00   768.00     1000.00  1095.00   990.00  1020.00   +252.00   +32.81%
      17              56  8093      保銳                    0.00          0.00    74.89%     18.25    18.30    18.00    18.25       25.40    25.80    24.70    24.70     +6.45   +35.34%
      18             159  6241      鑫永洋                   0.00          0.00    72.29%      9.80    10.30     9.80     9.96       13.80    14.20    13.30    13.85     +3.89   +39.06%
      19             442  6259      百徽                    0.00          0.00    71.71%     25.40    25.65    24.65    25.30       33.50    35.00    32.05    33.45     +8.15   +32.21%
      20              97  6419      京晨科                  60.00         19.00    71.39%    126.00   133.50   126.00   131.00      183.00   183.00   168.50   180.00    +49.00   +37.40%
      21             206  5483      中美晶                 173.50        125.50    71.31%    140.00   142.00   137.50   141.00      185.00   193.00   183.50   186.50    +45.50   +32.27%
      22             235  4127      天良                    0.00          0.00    70.58%     62.10    68.00    62.10    67.00       84.80    91.60    84.70    90.00    +23.00   +34.33%
      23             242  5227      立凱-KY                 0.00          0.00    69.83%     23.40    27.35    23.40    27.00       33.65    35.75    33.10    35.45     +8.45   +31.30%
      24             259  6187      萬潤                 1217.00       1218.00    69.62%   1010.00  1115.00  1010.00  1080.00     1275.00  1400.00  1265.00  1385.00   +305.00   +28.24%
      25             188  3374      精材                  319.00        333.50    68.50%    222.00   235.50   222.00   233.00      299.50   301.00   292.50   292.50    +59.50   +25.54%
      26             221  6603      富強鑫                   0.00          0.00    68.32%     21.20    22.60    21.20    22.40       28.30    30.50    28.25    29.95     +7.55   +33.71%
      27             305  3362      先進光                 153.50        117.00    68.21%    133.50   145.00   133.50   141.50      173.00   186.00   171.00   178.50    +37.00   +26.15%
      28             175  4163      鐿鈦                   41.00          0.00    67.30%    113.00   117.00   113.00   114.50      140.00   153.50   140.00   150.00    +35.50   +31.00%
      29             363  1336      台翰                    0.00          0.00    67.16%     13.65    13.70    13.15    13.70       18.35    18.60    17.20    18.00     +4.30   +31.39%
      30             323  5371      中光電                   0.00         10.20    67.10%     66.80    71.30    66.80    71.00       90.50    93.60    86.10    89.30    +18.30   +25.77%
      31             416  6130      上亞科技                  0.00          0.00    67.01%     21.90    21.95    21.15    21.80       28.70    28.70    27.70    28.50     +6.70   +30.73%
      32             125  8383      千附                    0.00          0.00    66.53%     53.50    56.30    53.10    56.10       75.50    75.80    71.00    71.10    +15.00   +26.74%
      33             163  3498      陽程                   36.50         24.00    65.41%    117.50   131.00   117.50   127.50      159.50   168.50   155.50   158.50    +31.00   +24.31%
      34             639  7402      邑錡                   56.80         23.00    65.14%     89.00    95.70    89.00    94.80      122.00   123.00   112.50   118.00    +23.20   +24.47%
      35             217  3349      寶德                    0.00          0.00    65.11%     17.90    17.90    17.40    17.75       22.95    23.00    22.30    22.60     +4.85   +27.32%
      36             869  8071      能率網通                  0.00          0.00    64.98%     19.15    19.95    19.15    19.60       24.75    25.00    24.10    24.10     +4.50   +22.96%
      37               6  2941      米斯特                   0.00          0.00    64.97%        --       --       --       --       30.40    30.40    30.40    30.40        --        --
      38             403  3234      光環                   78.80         51.40    64.71%    112.50   125.00   112.50   124.00      139.50   150.00   137.50   150.00    +26.00   +20.97%
      39             685  3685      元創精密                  0.00          0.00    64.22%     28.70    28.70    26.15    28.45       36.90    37.05    35.00    35.50     +7.05   +24.78%
      40             158  3455      由田                  183.00        167.50    64.04%    198.00   210.50   198.00   209.00      232.00   253.00   227.00   253.00    +44.00   +21.05%
==========================================================================================================================================================================
✅ 共 40 筆


══════════════════════════════════════════════════════════════════════════════════════════════════════════════
  🔄 第 35/45 次  2026/06/05 ～ 2026/08/14
══════════════════════════════════════════════════════════════════════════════════════════════════════════════

==========================================================================================================================================================================
📊 ROI 每日報酬率累計排名 (2026/06/05 ~ 2026/08/14)
==========================================================================================================================================================================
    實資排名          累計天數排名  代號        名稱                 累計漲停(元)       累計跌停(元)       強度%  (06/05)開盤      最高      最低      收盤    (08/14)開盤      最高      最低      收盤      賺賠    賺賠率
--------------------------------------------------------------------------------------------------------------------------------------------------------------------------
       1              74  4556      旭然                   30.50         63.10   100.00%     44.50    45.95    40.60    43.70       90.50    90.50    85.00    85.40    +41.70   +95.42%
       2              91  5468      凱鈺                    0.00          0.00    88.68%     18.10    18.10    17.60    17.80       30.80    31.60    29.80    30.35    +12.55   +70.51%
       3             150  5328      華容                    0.00          0.00    88.18%     36.90    41.00    35.00    40.70       69.00    69.30    65.10    67.20    +26.50   +65.11%
       4             146  4707      磐亞                    0.00          0.00    86.87%     20.05    20.30    19.00    20.00       32.30    32.90    31.25    31.50    +11.50   +57.50%
       5              95  4541      晟田                    0.00          0.00    81.32%     47.65    47.65    46.05    47.25       72.70    76.00    69.40    73.90    +26.65   +56.40%
       6              83  5351      鈺創                   10.00          9.70    81.22%     91.50    96.00    85.80    86.20      131.00   138.00   128.00   133.00    +46.80   +54.29%
       7              84  4139      馬光-KY                 0.00          0.00    81.09%     22.20    22.35    22.15    22.35       36.00    36.00    35.10    35.10    +12.75   +57.05%
       8             250  6538      倉和                  135.00         45.00    80.10%    134.50   134.50   122.50   123.00      181.50   195.00   177.50   184.00    +61.00   +49.59%
       9             724  6617      共信-KY                10.00         10.00    79.36%     68.30    70.90    67.80    68.20      100.50   104.50    99.20   101.00    +32.80   +48.09%
      10             578  3441      聯一光                   0.00          0.00    76.52%     55.70    60.20    55.20    60.20       86.00    88.90    80.00    83.80    +23.60   +39.20%
      11             255  3230      錦明                    0.00          0.00    76.28%     31.30    31.50    30.35    30.55       40.50    44.45    40.00    44.45    +13.90   +45.50%
      12              52  8093      保銳                    0.00          0.00    76.13%     18.05    18.25    18.05    18.25       24.00    26.50    24.00    25.40     +7.15   +39.18%
      13             157  5321      美而快                   0.00          0.00    74.31%     47.60    47.60    45.45    45.55       60.00    65.00    59.80    63.60    +18.05   +39.63%
      14             293  6182      合晶                   90.50         89.40    73.23%     86.00    87.50    83.30    85.50      116.50   119.50   108.00   111.50    +26.00   +30.41%
      15             171  3374      精材                  319.00        314.50    71.73%    248.00   250.50   234.00   246.50      327.50   346.50   318.00   325.00    +78.50   +31.85%
      16             122  2061      風青                    0.00          0.00    71.55%     44.30    44.30    39.45    39.80       54.00    54.40    50.70    50.70    +10.90   +27.39%
      17             252  5227      立凱-KY                 0.00          0.00    70.74%     26.50    26.85    25.15    25.20       34.00    34.35    33.30    33.50     +8.30   +32.94%
      18             160  6488      環球晶                1570.00       1276.00    70.10%    820.00   820.00   800.00   811.00     1025.00  1045.00   993.00  1010.00   +199.00   +24.54%
      19             196  6241      鑫永洋                   0.00          0.00    68.59%     10.20    10.45    10.15    10.45       14.25    14.40    13.65    13.80     +3.35   +32.06%
      20             331  6130      上亞科技                  0.00          0.00    67.62%     22.25    22.60    21.85    22.10       29.65    30.50    28.80    29.00     +6.90   +31.22%
      21             113  8383      千附                    0.00          0.00    67.33%     60.80    61.00    58.70    58.90       71.30    77.00    70.30    75.10    +16.20   +27.50%
      22             554  3685      元創精密                  0.00          0.00    66.96%     27.95    28.75    27.35    28.75       38.30    38.65    36.75    37.00     +8.25   +28.70%
      23             251  5483      中美晶                 173.50        137.00    66.59%    157.50   158.00   149.50   152.50      189.50   191.50   183.50   188.00    +35.50   +23.28%
      24             542  6259      百徽                    0.00          0.00    66.54%     26.80    28.50    25.80    27.30       32.30    33.70    31.70    33.45     +6.15   +22.53%
      25             514  7714      創泓科技                145.00         79.50    66.14%    128.00   140.00   128.00   140.00      159.00   172.50   155.00   172.50    +32.50   +23.21%
      26             172  3349      寶德                    0.00          0.00    65.95%     17.75    18.00    17.65    18.00       22.30    23.00    21.60    23.00     +5.00   +27.78%
      27             320  5371      中光電                   0.00         10.20    65.75%     75.30    76.10    71.10    73.50       86.00    92.60    85.40    90.10    +16.60   +22.59%
      28               6  2941      米斯特                   0.00          0.00    65.58%     29.85    29.85    29.85    29.85       30.50    30.50    30.40    30.40     +0.55    +1.84%
      29             416  6693      廣閎科                 217.00        176.00    64.70%    155.00   165.50   144.50   158.00      190.00   190.50   182.50   187.50    +29.50   +18.67%
      30             179  3498      陽程                   36.50         24.00    64.21%    130.00   139.00   128.50   130.50      154.00   158.00   154.00   158.00    +27.50   +21.07%
      31             224  6716      應廣                    0.00         10.10    64.19%    101.50   101.50    95.50   101.00      117.50   126.50   116.50   123.50    +22.50   +22.28%
      32             118  6829      千附精密                133.00        155.50    63.54%    203.50   206.50   197.50   202.00      225.00   244.00   218.50   244.00    +42.00   +20.79%
      33              51  5904      寶雅                  310.00        142.00    63.26%    587.00   590.00   572.00   577.00       81.70    81.70    79.00    79.00   -498.00   -86.31%
      34             357  4127      天良                    0.00          0.00    63.21%     69.50    69.50    66.00    68.90       84.00    89.20    83.00    83.30    +14.40   +20.90%
      35             512  1336      台翰                    0.00          0.00    63.10%     14.60    14.60    14.20    14.35       16.20    17.65    16.05    17.65     +3.30   +23.00%
      36             471  3362      先進光                 153.50        117.00    62.91%    152.00   157.50   145.50   148.00      185.50   191.50   170.50   172.00    +24.00   +16.22%
      37              55  4413      飛寶企業                  0.00          0.00    62.76%     16.50    16.75    16.50    16.75       20.55    20.60    18.45    19.20     +2.45   +14.63%
      38             131  6419      京晨科                  48.00         19.00    62.05%    144.50   145.00   135.50   140.00      169.00   169.50   160.00   168.00    +28.00   +20.00%
      39             721  7402      邑錡                   56.80         23.00    61.67%    101.50   101.50    97.10    98.60      107.00   115.50   103.50   115.50    +16.90   +17.14%
      40             269  7828      創新服務               2825.00       2545.00    61.43%   1550.00  1600.00  1445.00  1565.00     1875.00  1875.00  1720.00  1720.00   +155.00    +9.90%
==========================================================================================================================================================================
✅ 共 40 筆


══════════════════════════════════════════════════════════════════════════════════════════════════════════════
  🔄 第 36/45 次  2026/06/04 ～ 2026/08/13
══════════════════════════════════════════════════════════════════════════════════════════════════════════════

==========================================================================================================================================================================
📊 ROI 每日報酬率累計排名 (2026/06/04 ~ 2026/08/13)
==========================================================================================================================================================================
    實資排名          累計天數排名  代號        名稱                 累計漲停(元)       累計跌停(元)       強度%  (06/04)開盤      最高      最低      收盤    (08/13)開盤      最高      最低      收盤      賺賠    賺賠率
--------------------------------------------------------------------------------------------------------------------------------------------------------------------------
       1              61  4556      旭然                   30.50         63.10   100.00%     39.50    43.45    38.95    43.45      100.00   101.00    90.90    90.90    +47.45  +109.21%
       2             109  5328      華容                    0.00          0.00    91.13%     37.20    39.00    37.20    37.50       67.20    73.00    67.20    68.80    +31.30   +83.47%
       3              94  5468      凱鈺                    0.00          0.00    83.92%     18.05    18.35    17.95    17.95       32.10    32.10    30.40    30.40    +12.45   +69.36%
       4             147  4707      磐亞                    0.00          0.00    81.04%     19.70    21.75    19.60    21.10       34.00    34.95    32.00    32.45    +11.35   +53.79%
       5             462  3441      聯一光                   0.00          0.00    79.85%     51.60    55.50    50.00    54.80       87.40    88.70    85.00    85.00    +30.20   +55.11%
       6             644  6617      共信-KY                10.00         10.00    76.59%     68.10    68.90    67.10    67.40      100.50   103.50    99.60   102.00    +34.60   +51.34%
       7             102  4541      晟田                    0.00          0.00    75.89%     47.45    47.90    46.80    47.25       70.60    73.70    70.30    72.60    +25.35   +53.65%
       8              95  4139      馬光-KY                 0.00          0.00    75.06%     22.00    22.90    21.95    22.90       36.00    36.00    34.95    35.00    +12.10   +52.84%
       9              99  5351      鈺創                   10.00          9.70    73.47%     89.10    94.90    88.00    88.10      127.00   130.00   123.00   129.00    +40.90   +46.42%
      10              51  8093      保銳                    0.00          0.00    69.84%     18.35    18.35    17.85    17.85       21.90    24.10    21.90    24.10     +6.25   +35.01%
      11             121  2061      風青                    0.00          0.00    67.95%     44.75    44.95    43.10    43.80       59.30    59.30    56.30    56.30    +12.50   +28.54%
      12             134  6241      鑫永洋                   0.00          0.00    67.79%     10.25    10.60    10.25    10.30       14.75    14.75    14.25    14.30     +4.00   +38.83%
      13             445  6538      倉和                  135.00         58.00    67.04%    126.50   138.50   125.50   136.00      177.50   177.50   174.00   177.50    +41.50   +30.51%
      14             395  3685      元創精密                  0.00          0.00    66.92%     27.75    28.00    27.30    28.00       38.05    39.00    37.00    38.30    +10.30   +36.79%
      15             355  6182      合晶                   90.50         89.40    65.98%     94.00    94.30    89.90    90.90      107.50   113.00   105.50   113.00    +22.10   +24.31%
      16             239  3374      精材                  319.00        314.50    65.61%    270.00   270.00   250.00   254.00      333.50   341.00   324.50   325.00    +71.00   +27.95%
      17             255  5227      立凱-KY                 0.00          0.00    65.56%     24.60    26.30    24.50    26.30       34.40    36.00    33.50    34.40     +8.10   +30.80%
      18             370  3230      錦明                    0.00          0.00    65.05%     30.85    31.05    30.40    30.75       40.95    42.20    40.45    40.45     +9.70   +31.54%
      19             278  6130      上亞科技                  0.00          0.00    64.64%     23.20    23.20    22.25    22.25       27.00    29.70    27.00    29.70     +7.45   +33.48%
      20             277  3362      先進光                 153.50        117.00    64.03%    144.00   144.00   143.50   144.00      181.00   181.50   177.50   181.00    +37.00   +25.69%
      21             387  6432      今展科                   0.00          0.00    63.96%     63.40    65.30    61.20    61.20       74.50    79.50    74.50    78.00    +16.80   +27.45%
      22             155  3349      寶德                    0.00          0.00    62.80%     17.70    17.90    17.70    17.75       22.90    23.05    22.00    23.00     +5.25   +29.58%
      23             113  4402      郡都開發                  0.00          0.00    62.79%     12.30    12.30    12.10    12.15       16.00    16.00    15.40    15.70     +3.55   +29.22%
      24             187  6488      環球晶                1570.00       1320.00    62.42%    929.00   935.00   870.00   870.00      970.00  1025.00   950.00  1025.00   +155.00   +17.82%
      25             216  7828      創新服務               2825.00       2405.00    62.28%   1595.00  1700.00  1570.00  1580.00     1880.00  1880.00  1785.00  1875.00   +295.00   +18.67%
      26             532  7714      創泓科技                142.00         79.50    62.00%    126.50   127.50   124.50   127.50      153.00   160.00   153.00   157.00    +29.50   +23.14%
      27             308  2221      大甲                    0.00          0.00    61.93%     42.75    42.90    41.50    42.55       50.50    54.00    50.50    53.70    +11.15   +26.20%
      28             271  5321      美而快                   0.00          0.00    61.87%     50.50    50.50    50.50    50.50       57.00    62.50    56.90    62.00    +11.50   +22.77%
      29             557  6259      百徽                    0.00          0.00    61.57%     27.25    27.45    26.45    26.45       31.65    33.80    31.50    32.00     +5.55   +20.98%
      30              47  5904      寶雅                  310.00        142.00    60.91%    569.00   584.00   569.00   582.00       81.50    84.00    77.60    81.80   -500.20   -85.95%
      31             549  4939      亞電                    0.00          0.00    60.33%     52.00    58.00    52.00    54.30       61.10    64.90    61.10    63.90     +9.60   +17.68%
      32               6  2941      米斯特                   0.00          0.00    60.30%     30.50    30.60    30.50    30.50       30.50    30.50    30.50    30.50     +0.00    +0.00%
      33             438  6693      廣閎科                 217.00        176.00    60.15%    155.50   157.00   150.50   157.00      185.00   197.00   184.50   185.00    +28.00   +17.83%
      34             392  5483      中美晶                 173.50        137.00    58.99%    164.00   164.50   159.00   160.50      188.00   203.00   186.00   187.50    +27.00   +16.82%
      35             681  4923      力士                    0.00          0.00    57.93%     46.40    47.30    43.80    43.80       50.30    52.00    49.85    50.60     +6.80   +15.53%
      36             479  4127      天良                    0.00          0.00    57.67%     69.60    70.20    69.50    70.20       89.80    89.90    83.00    83.00    +12.80   +18.23%
      37             871  8071      能率網通                  0.00          0.00    57.60%     22.60    22.60    21.35    21.75       25.80    26.00    24.90    25.15     +3.40   +15.63%
      38              55  4413      飛寶企業                  0.00          0.00    57.50%     16.95    17.00    16.65    16.65       18.00    18.75    18.00    18.75     +2.10   +12.61%
      39             332  6603      富強鑫                   0.00          0.00    57.48%     24.35    24.35    23.80    23.90       28.35    29.30    28.00    28.85     +4.95   +20.71%
      40             427  6187      萬潤                 1107.00       1258.00    57.42%   1065.00  1170.00  1055.00  1115.00     1190.00  1270.00  1185.00  1270.00   +155.00   +13.90%
==========================================================================================================================================================================
✅ 共 40 筆


══════════════════════════════════════════════════════════════════════════════════════════════════════════════
  🔄 第 37/45 次  2026/06/03 ～ 2026/08/12
══════════════════════════════════════════════════════════════════════════════════════════════════════════════

==========================================================================================================================================================================
📊 ROI 每日報酬率累計排名 (2026/06/03 ~ 2026/08/12)
==========================================================================================================================================================================
    實資排名          累計天數排名  代號        名稱                 累計漲停(元)       累計跌停(元)       強度%  (06/03)開盤      最高      最低      收盤    (08/12)開盤      最高      最低      收盤      賺賠    賺賠率
--------------------------------------------------------------------------------------------------------------------------------------------------------------------------
       1              52  4556      旭然                   30.50         53.00   100.00%     39.20    40.00    39.15    39.50       99.00   101.00    98.40   101.00    +61.50  +155.70%
       2             139  5328      華容                    0.00          0.00    78.49%     39.60    39.85    38.00    38.05       66.70    67.20    65.00    67.20    +29.15   +76.61%
       3             110  4707      磐亞                    0.00          0.00    76.73%     21.60    21.60    19.70    19.80       30.30    33.00    30.30    33.00    +13.20   +66.67%
       4              86  5468      凱鈺                    0.00          0.00    76.50%     18.30    18.30    18.05    18.05       32.25    33.20    29.50    31.70    +13.65   +75.62%
       5             271  3441      聯一光                   0.00          0.00    75.27%     54.70    55.60    52.10    52.20       79.30    87.20    79.20    87.20    +35.00   +67.05%
       6              94  2061      風青                    0.00          0.00    69.48%     41.50    41.55    40.25    41.55       62.40    64.60    62.40    62.50    +20.95   +50.42%
       7              92  4139      馬光-KY                 0.00          0.00    68.12%     21.85    23.00    21.85    23.00       36.00    36.00    36.00    36.00    +13.00   +56.52%
       8             692  6617      共信-KY                10.00         10.00    67.49%     69.30    69.80    68.10    68.10      102.00   104.00    98.90   102.00    +33.90   +49.78%
       9             121  4541      晟田                    0.00          0.00    65.52%     46.00    47.65    45.30    47.30       66.50    71.50    65.10    70.30    +23.00   +48.63%
      10             254  3362      先進光                 166.50        117.00    62.30%    118.50   131.00   118.50   131.00      174.50   179.50   172.00   179.00    +48.00   +36.64%
      11             245  5227      立凱-KY                 0.00          0.00    61.74%     24.40    24.55    24.40    24.50       35.50    35.75    33.20    33.80     +9.30   +37.96%
      12             134  5351      鈺創                   10.00          9.70    60.77%     95.00    95.00    90.00    90.10      124.50   124.50   120.50   122.00    +31.90   +35.41%
      13             142  6241      鑫永洋                   0.00          0.00    59.82%     10.35    10.70    10.35    10.45       14.55    14.55    14.35    14.35     +3.90   +37.32%
      14             433  3685      元創精密                  0.00          0.00    59.24%     27.00    28.00    26.50    28.00       38.30    38.95    37.00    38.00    +10.00   +35.71%
      15             315  3230      錦明                    0.00          0.00    58.59%     31.25    31.55    30.20    30.85       42.05    42.60    40.95    40.95    +10.10   +32.74%
      16             100  4402      郡都開發                  0.00          0.00    57.44%     12.00    12.10    11.85    12.10       16.35    16.40    15.85    16.00     +3.90   +32.23%
      17             450  6538      倉和                  119.00         58.00    57.20%    129.00   129.00   125.00   129.00      148.50   161.50   147.00   161.50    +32.50   +25.19%
      18             630  6907      雅特力-KY              142.00        175.00    57.04%    130.50   140.00   130.50   140.00      182.50   182.50   169.50   170.50    +30.50   +21.79%
      19             594  4542      科嶠                  473.50        460.50    56.10%    238.00   238.50   224.00   236.50      267.50   287.50   267.50   282.50    +46.00   +19.45%
      20              42  5904      寶雅                  321.00        142.00    56.09%    568.00   575.00   560.00   571.00       90.60    92.30    82.50    82.50   -488.50   -85.55%
      21             157  3349      寶德                    0.00          0.00    55.98%     17.75    17.95    17.50    17.95       23.25    23.25    22.45    23.20     +5.25   +29.25%
      22             326  4127      天良                    0.00          0.00    55.75%     68.00    71.00    68.00    70.00       89.50    90.20    88.00    89.00    +19.00   +27.14%
      23             197  3285      微端                    0.00          0.00    54.99%     30.45    30.60    30.35    30.55       37.20    38.60    37.05    38.00     +7.45   +24.39%
      24             265  4534      慶騰                    0.00          0.00    54.99%     27.10    29.60    27.00    28.80       34.55    34.80    33.50    34.20     +5.40   +18.75%
      25             264  3374      精材                  319.00        336.00    54.91%    259.50   279.50   259.00   275.50      332.00   338.00   324.00   330.00    +54.50   +19.78%
      26              55  8093      保銳                    0.00          0.00    54.82%     18.30    18.40    17.80    18.40       21.70    21.95    21.65    21.95     +3.55   +19.29%
      27             391  6693      廣閎科                 217.00        176.00    54.80%    150.00   155.50   150.00   154.00      177.00   190.00   176.50   184.50    +30.50   +19.81%
      28              96  5516      雙喜                    0.00          0.00    54.55%     10.40    10.75    10.30    10.50       13.05    13.55    13.05    13.50     +3.00   +28.57%
      29               5  2941      米斯特                   0.00          0.00    53.95%     30.65    30.75    30.50    30.50          --       --       --       --        --        --
      30             721  5426      振發                    0.00          0.00    53.68%     24.80    24.80    24.80    24.80       31.30    31.30    29.75    29.85     +5.05   +20.36%
      31             552  7714      創泓科技                142.00         79.50    53.59%    125.50   130.00   124.00   126.50      152.00   153.50   151.00   151.00    +24.50   +19.37%
      32             221  4147      中裕                    0.00          0.00    53.07%     52.90    56.20    52.30    55.80       63.50    69.80    63.40    68.50    +12.70   +22.76%
      33             109  3284      太普高                   0.00          0.00    52.72%     16.05    17.40    15.85    17.40       21.15    22.10    21.00    21.20     +3.80   +21.84%
      34               8  2924      宏太-KY                 0.00          0.00    52.21%     16.00    16.20    15.70    15.70       17.35    17.35    15.90    16.40     +0.70    +4.46%
      35             558  4939      亞電                    0.00          0.00    52.00%     56.00    56.00    51.50    53.40       61.00    62.80    60.80    60.80     +7.40   +13.86%
      36             639  3520      華盈                    0.00          0.00    51.82%     14.75    15.00    14.60    14.95       18.15    18.50    18.00    18.00     +3.05   +20.40%
      37             699  6259      百徽                    0.00          0.00    51.68%     26.90    27.80    26.65    27.20       30.80    31.95    30.60    31.05     +3.85   +14.15%
      38             251  8906      花王                    0.00          0.00    51.64%     23.90    23.90    23.30    23.50       27.70    28.35    27.70    28.35     +4.85   +20.64%
      39             116  6804      明係                    0.00          0.00    51.60%     16.00    16.00    15.75    15.95       20.35    20.40    19.00    19.55     +3.60   +22.57%
      40             365  2221      大甲                    0.00          0.00    51.60%     42.35    43.80    42.35    42.35       48.95    52.00    47.80    50.20     +7.85   +18.54%
==========================================================================================================================================================================
✅ 共 40 筆


══════════════════════════════════════════════════════════════════════════════════════════════════════════════
  🔄 第 38/45 次  2026/06/02 ～ 2026/08/11
══════════════════════════════════════════════════════════════════════════════════════════════════════════════

==========================================================================================================================================================================
📊 ROI 每日報酬率累計排名 (2026/06/02 ~ 2026/08/11)
==========================================================================================================================================================================
    實資排名          累計天數排名  代號        名稱                 累計漲停(元)       累計跌停(元)       強度%  (06/02)開盤      最高      最低      收盤    (08/11)開盤      最高      最低      收盤      賺賠    賺賠率
--------------------------------------------------------------------------------------------------------------------------------------------------------------------------
       1              54  4556      旭然                   30.50         53.00   100.00%     40.80    40.80    38.50    39.05       89.20    92.10    86.40    92.10    +53.05  +135.85%
       2              71  2061      風青                    0.00          0.00    79.48%     40.20    42.90    38.55    38.65       58.60    65.30    57.50    63.10    +24.45   +63.26%
       3             222  5328      華容                    0.00          0.00    79.43%     39.10    40.50    37.25    40.20       61.80    67.20    61.60    66.00    +25.80   +64.18%
       4             112  5468      凱鈺                    0.00          0.00    78.64%     18.25    18.35    18.00    18.30       30.55    30.55    30.55    30.55    +12.25   +66.94%
       5             131  4707      磐亞                    0.00          0.00    76.49%     19.65    19.65    19.65    19.65       31.30    31.90    28.80    30.00    +10.35   +52.67%
       6              90  4139      馬光-KY                 0.00          0.00    74.65%     21.55    21.90    21.55    21.85       35.00    36.35    35.00    35.00    +13.15   +60.18%
       7             468  6907      雅特力-KY              154.50        158.50    72.99%    131.00   133.00   122.00   127.50      185.50   196.00   178.00   187.00    +59.50   +46.67%
       8             695  6617      共信-KY                10.00         10.00    72.01%     69.90    69.90    68.10    69.20      105.50   116.00   102.00   102.50    +33.30   +48.12%
       9             479  3441      聯一光                   0.00          0.00    72.00%     56.50    58.50    51.70    54.70       79.20    82.00    77.90    79.30    +24.60   +44.97%
      10             246  3362      先進光                 178.00        117.00    71.54%    127.00   127.50   117.50   119.50      178.50   178.50   171.00   174.50    +55.00   +46.03%
      11             127  4541      晟田                    0.00          0.00    69.04%     46.70    46.70    44.85    45.85       66.00    67.30    64.40    66.30    +20.45   +44.60%
      12             196  5227      立凱-KY                 0.00          0.00    68.26%     24.70    24.75    24.20    24.40       34.00    35.90    33.50    34.45    +10.05   +41.19%
      13             294  3685      元創精密                  0.00          0.00    67.71%     27.80    27.80    26.55    26.70       38.35    38.90    38.25    38.30    +11.60   +43.45%
      14             119  6241      鑫永洋                   0.00          0.00    66.67%     10.20    10.35    10.05    10.30       14.60    14.60    14.20    14.55     +4.25   +41.26%
      15             546  5426      振發                    0.00          0.00    66.46%     22.55    22.55    22.55    22.55       27.80    30.80    26.80    30.80     +8.25   +36.59%
      16             163  3374      精材                  340.00        336.00    65.60%    261.50   262.50   246.50   254.50      341.00   351.50   324.00   334.00    +79.50   +31.24%
      17              84  4402      郡都開發                  0.00          0.00    65.23%     12.10    12.15    11.95    12.00       15.90    16.65    15.60    16.60     +4.60   +38.33%
      18             237  3230      錦明                    0.00          0.00    65.20%     31.00    31.00    30.10    30.70       40.80    42.40    40.00    41.75    +11.05   +35.99%
      19              39  5904      寶雅                  321.00        142.00    64.68%    570.00   572.00   564.00   568.00       87.10    87.10    84.10    87.10   -480.90   -84.67%
      20             182  4534      慶騰                    0.00          0.00    64.24%     27.35    27.45    26.50    27.00       34.45    34.70    32.60    34.30     +7.30   +27.04%
      21             203  5351      鈺創                   10.00          9.70    63.04%     90.20    95.40    88.80    92.90      116.00   119.50   108.50   119.50    +26.60   +28.63%
      22             102  3284      太普高                   0.00          0.00    62.93%     16.10    16.10    15.70    15.85       20.35    21.15    20.20    20.95     +5.10   +32.18%
      23             229  4127      天良                    0.00          0.00    62.58%     64.00    69.50    64.00    68.50       90.10    92.00    84.90    89.50    +21.00   +30.66%
      24             135  3349      寶德                    0.00          0.00    62.16%     17.70    17.90    17.60    17.70       23.15    23.25    22.05    23.25     +5.55   +31.36%
      25             504  3520      華盈                    0.00          0.00    60.64%     14.60    14.65    14.35    14.45       19.25    19.30    18.40    18.50     +4.05   +28.03%
      26             446  7714      創泓科技                142.00         79.50    60.48%    125.00   125.00   121.00   125.00      148.00   158.50   147.00   153.50    +28.50   +22.80%
      27              57  8093      保銳                    0.00          0.00    60.28%     18.40    18.40    17.70    18.25       22.50    22.60    21.70    21.85     +3.60   +19.73%
      28             681  4542      科嶠                  473.50        460.50    59.66%    262.00   262.00   236.00   236.50      283.50   291.50   263.50   274.50    +38.00   +16.07%
      29             116  6574      霈方                   24.00         15.00    59.61%    115.00   115.00   109.00   110.00      145.50   145.50   139.00   139.00    +29.00   +26.36%
      30              96  5516      雙喜                    0.00          0.00    59.23%     10.20    10.25    10.15    10.25       13.05    13.10    12.60    13.05     +2.80   +27.32%
      31             108  6804      明係                    0.00          0.00    59.14%     16.00    16.10    15.85    15.95       20.30    21.05    20.30    20.35     +4.40   +27.59%
      32             737  4923      力士                    0.00          0.00    58.99%     45.10    45.10    42.00    42.20       53.00    53.00    49.50    50.00     +7.80   +18.48%
      33             297  3285      微端                    0.00          0.00    58.79%     30.35    30.90    30.15    30.75       37.90    37.95    36.60    37.30     +6.55   +21.30%
      34               7  2941      米斯特                   0.00          0.00    58.74%     30.35    30.75    30.00    30.75          --       --       --       --        --        --
      35             414  6693      廣閎科                 206.00        176.00    58.74%    153.50   153.50   145.00   148.00      183.00   183.00   170.00   173.50    +25.50   +17.23%
      36              11  2924      宏太-KY                 0.00          0.00    58.51%     15.35    16.30    15.25    16.30       17.35    17.35    17.35    17.35     +1.05    +6.44%
      37             321  5371      中光電                   0.00         10.20    58.43%     73.80    74.30    71.80    73.90       85.30    89.30    82.50    87.60    +13.70   +18.54%
      38             524  4939      亞電                    0.00          0.00    58.01%     59.60    59.70    49.95    53.50       60.80    62.00    59.10    61.70     +8.20   +15.33%
      39             667  6259      百徽                    0.00          0.00    57.70%     26.60    26.60    25.65    26.60       30.30    32.30    30.15    30.75     +4.15   +15.60%
      40             402  7715      裕山                    0.00          0.00    57.44%     28.20    28.20    27.80    28.00       34.70    34.70    33.70    33.80     +5.80   +20.71%
==========================================================================================================================================================================
✅ 共 40 筆


══════════════════════════════════════════════════════════════════════════════════════════════════════════════
  🔄 第 39/45 次  2026/06/01 ～ 2026/08/10
══════════════════════════════════════════════════════════════════════════════════════════════════════════════

==========================================================================================================================================================================
📊 ROI 每日報酬率累計排名 (2026/06/01 ~ 2026/08/10)
==========================================================================================================================================================================
    實資排名          累計天數排名  代號        名稱                 累計漲停(元)       累計跌停(元)       強度%  (06/01)開盤      最高      最低      收盤    (08/10)開盤      最高      最低      收盤      賺賠    賺賠率
--------------------------------------------------------------------------------------------------------------------------------------------------------------------------
       1              65  4556      旭然                   30.50         53.00   100.00%     40.40    40.95    39.20    39.95       83.00    84.00    80.20    83.80    +43.85  +109.76%
       2              97  4707      磐亞                    0.00          0.00    92.23%     17.80    17.90    17.30    17.90       31.85    32.80    30.75    31.95    +14.05   +78.49%
       3             260  5328      華容                    0.00          0.00    82.93%     41.70    43.35    39.80    39.80       61.00    64.20    61.00    62.50    +22.70   +57.04%
       4              87  4139      馬光-KY                 0.00          0.00    80.62%     22.80    22.80    22.35    22.75       36.20    36.40    35.20    36.40    +13.65   +60.00%
       5              94  2061      風青                    0.00          0.00    80.21%     37.40    39.90    37.40    39.90       56.70    59.50    55.40    59.50    +19.60   +49.12%
       6             606  6617      共信-KY                10.00         10.00    79.80%     72.20    72.20    69.00    69.00       99.40   105.50    91.90   105.50    +36.50   +52.90%
       7             453  6907      雅特力-KY              154.50        158.50    79.49%    124.50   130.50   122.00   128.00      199.50   207.00   186.00   189.50    +61.50   +48.05%
       8             123  5468      凱鈺                    0.00          0.00    79.05%     17.50    18.50    17.20    18.25       26.80    27.80    25.95    27.80     +9.55   +52.33%
       9             452  3441      聯一光                   0.00          0.00    78.60%     53.40    55.40    52.20    54.20       82.70    84.00    79.00    79.50    +25.30   +46.68%
      10             229  3362      先進光                 178.00        117.00    77.85%    113.00   121.00   112.50   121.00      176.00   180.00   175.00   178.00    +57.00   +47.11%
      11             106  6241      鑫永洋                   0.00          0.00    73.08%      9.91    10.30     9.91    10.20       15.50    15.55    14.30    14.60     +4.40   +43.14%
      12             166  4541      晟田                    0.00          0.00    72.84%     45.85    48.00    45.45    46.70       65.00    66.20    64.10    65.40    +18.70   +40.04%
      13             274  5227      立凱-KY                 0.00          0.00    72.42%     24.55    25.00    24.40    24.70       33.75    35.40    33.65    34.00     +9.30   +37.65%
      14             551  5426      振發                    0.00          0.00    72.06%     20.50    20.50    20.50    20.50       28.60    28.60    27.05    28.00     +7.50   +36.59%
      15             432  3685      元創精密                  0.00          0.00    70.82%     28.00    28.00    27.00    27.80       39.70    40.20    37.65    38.20    +10.40   +37.41%
      16             182  3374      精材                  340.00        336.00    70.30%    262.00   265.00   253.00   260.50      325.50   337.00   325.50   337.00    +76.50   +29.37%
      17             172  4534      慶騰                    0.00          0.00    70.28%     29.20    29.85    27.00    27.45       34.30    35.95    33.75    35.20     +7.75   +28.23%
      18             102  4402      郡都開發                  0.00          0.00    70.26%     11.95    12.10    11.90    12.10          --       --       --       --        --        --
      19             320  3230      錦明                    0.00          0.00    69.33%     30.45    31.25    30.25    30.70       40.25    41.50    40.25    40.80    +10.10   +32.90%
      20             825  3288      點晶                    0.00          0.00    68.45%     18.25    18.25    18.25    18.25       22.00    22.55    21.75    22.55     +4.30   +23.56%
      21             112  6574      霈方                   24.00          0.00    67.87%    120.00   120.00   115.00   115.50      144.00   154.00   143.50   154.00    +38.50   +33.33%
      22             210  5351      鈺創                   10.00          9.70    67.70%     87.50    93.80    87.10    89.70      107.50   114.00   103.00   114.00    +24.30   +27.09%
      23             280  4127      天良                    0.00          0.00    67.66%     71.70    71.70    68.60    68.70       90.00    90.60    87.80    89.30    +20.60   +29.99%
      24             117  3284      太普高                   0.00          0.00    67.17%     16.00    16.30    15.80    15.85       21.20    21.20    20.50    20.55     +4.70   +29.65%
      25             152  3349      寶德                    0.00          0.00    66.86%     17.80    17.95    17.50    17.90       22.50    23.25    22.00    23.25     +5.35   +29.89%
      26              53  8093      保銳                    0.00          0.00    66.69%     18.40    18.60    17.75    18.60       21.00    23.05    21.00    22.70     +4.10   +22.04%
      27             509  3520      華盈                    0.00          0.00    66.10%     14.65    14.65    14.35    14.45       18.45    18.75    18.15    18.55     +4.10   +28.37%
      28              11  2924      宏太-KY                 0.00          0.00    65.96%     15.70    16.00    15.70    15.80       17.45    17.45    17.45    17.45     +1.65   +10.44%
      29             399  6693      廣閎科                 206.00        165.50    65.79%    150.00   153.00   148.00   152.00      198.50   200.50   183.00   184.00    +32.00   +21.05%
      30             221  3285      微端                    0.00          0.00    65.40%     31.25    31.25    30.50    30.60       37.40    38.70    37.40    38.00     +7.40   +24.18%
      31              91  5516      雙喜                    0.00          0.00    64.98%     10.40    10.40    10.20    10.20       12.20    13.10    12.20    13.10     +2.90   +28.43%
      32             157  4163      鐿鈦                   43.00         22.00    64.51%    117.50   122.00   114.00   121.00      144.50   151.00   140.00   150.00    +29.00   +23.97%
      33             541  7714      創泓科技                142.00         79.50    64.11%    117.50   126.50   117.50   125.50      151.00   153.00   149.00   150.00    +24.50   +19.52%
      34              42  5904      寶雅                  321.00        142.00    64.04%    571.00   575.00   564.00   569.00       79.20    79.20    79.20    79.20   -489.80   -86.08%
      35             228  7828      創新服務               2730.00       2355.00    63.73%   1425.00  1480.00  1420.00  1450.00     1700.00  1745.00  1630.00  1655.00   +205.00   +14.14%
      36             119  6804      明係                    0.00          0.00    63.64%     16.05    16.10    15.90    16.10       19.50    20.65    19.50    20.30     +4.20   +26.09%
      37              20  3226      龍鋒                    0.00          0.00    63.61%     45.00    45.40    45.00    45.25       51.50    51.90    50.00    51.40     +6.15   +13.59%
      38               7  2941      米斯特                   0.00          0.00    63.45%     32.60    32.60    31.00    31.00          --       --       --       --        --        --
      39             118  3147      大綜                  255.00        224.00    63.44%    182.50   200.50   182.00   200.50      222.50   238.00   220.50   232.00    +31.50   +15.71%
      40             601  5450      南良                    0.00          0.00    63.05%     12.95    12.95    12.70    12.80       14.40    15.65    14.40    15.50     +2.70   +21.09%
==========================================================================================================================================================================
✅ 共 40 筆


══════════════════════════════════════════════════════════════════════════════════════════════════════════════
  🔄 第 40/45 次  2026/05/29 ～ 2026/08/07
══════════════════════════════════════════════════════════════════════════════════════════════════════════════

==========================================================================================================================================================================
📊 ROI 每日報酬率累計排名 (2026/05/29 ~ 2026/08/07)
==========================================================================================================================================================================
    實資排名          累計天數排名  代號        名稱                 累計漲停(元)       累計跌停(元)       強度%  (05/29)開盤      最高      最低      收盤    (08/07)開盤      最高      最低      收盤      賺賠    賺賠率
--------------------------------------------------------------------------------------------------------------------------------------------------------------------------
       1              62  4556      旭然                   30.50         53.00   100.00%     38.25    40.00    38.00    39.15       83.10    85.20    82.80    83.00    +43.85  +112.01%
       2              76  4707      磐亞                    0.00          0.00    97.62%     14.95    16.30    14.90    16.30       33.65    34.80    31.80    31.90    +15.60   +95.71%
       3              93  2061      風青                    0.00          0.00    83.35%     34.40    36.30    33.30    36.30       57.20    59.80    56.00    56.20    +19.90   +54.82%
       4             341  6907      雅特力-KY              154.50        158.50    83.27%    120.00   123.00   115.50   121.50      205.00   214.50   188.00   189.00    +67.50   +55.56%
       5             326  3441      聯一光                   0.00          0.00    83.17%     50.90    54.40    49.15    53.90       87.00    94.30    84.40    84.40    +30.50   +56.59%
       6             203  3362      先進光                 189.00        117.00    83.05%    113.00   113.00   110.00   110.00      180.00   181.00   173.00   173.50    +63.50   +57.73%
       7             303  5328      華容                    0.00          0.00    82.33%     37.50    39.60    35.95    39.60       63.20    64.80    60.60    60.80    +21.20   +53.54%
       8              91  4139      馬光-KY                 0.00          0.00    80.96%     22.90    22.90    22.00    22.80       38.80    39.00    36.05    36.15    +13.35   +58.55%
       9              79  6241      鑫永洋                   0.00          0.00    80.66%     10.10    10.10     9.86     9.89       15.45    15.85    15.15    15.85     +5.96   +60.26%
      10             122  5468      凱鈺                    0.00          0.00    77.73%     17.30    17.45    16.95    17.25       25.55    26.60    25.00    25.30     +8.05   +46.67%
      11             118  4541      晟田                    0.00          0.00    76.49%     45.70    46.50    44.90    45.25       63.50    66.50    63.50    65.90    +20.65   +45.64%
      12             709  3288      點晶                    0.00          0.00    75.90%     16.60    16.60    16.55    16.60       22.65    23.15    22.55    22.60     +6.00   +36.14%
      13             565  5426      振發                    0.00          0.00    75.37%     18.80    18.85    18.55    18.65       26.25    27.40    26.20    26.25     +7.60   +40.75%
      14             386  3685      元創精密                  0.00          0.00    74.16%     28.80    28.80    27.40    27.95       38.35    40.70    38.20    39.65    +11.70   +41.86%
      15             272  5227      立凱-KY                 0.00          0.00    73.73%     24.35    24.90    24.00    24.55       34.10    34.95    33.65    33.70     +9.15   +37.27%
      16             762  6617      共信-KY                10.00         10.00    72.88%     74.40    74.40    71.60    72.20       88.60    96.30    86.10    96.30    +24.10   +33.38%
      17             110  4402      郡都開發                  0.00          0.00    72.59%     11.95    12.10    11.70    11.95       16.95    16.95    16.25    16.70     +4.75   +39.75%
      18             304  3230      錦明                    0.00          0.00    71.18%     30.60    31.40    29.85    30.20       41.00    41.30    40.10    40.25    +10.05   +33.28%
      19             403  7714      創泓科技                142.00         79.50    71.11%    115.00   120.00   115.00   117.50      158.00   158.00   152.50   153.00    +35.50   +30.21%
      20             109  3284      太普高                   0.00          0.00    70.22%     15.95    16.15    15.80    16.00       21.80    22.10    21.20    21.20     +5.20   +32.50%
      21             265  6693      廣閎科                 206.00        165.50    69.53%    153.50   153.50   147.00   148.50      171.00   185.50   168.50   185.50    +37.00   +24.92%
      22             285  4127      天良                    0.00          0.00    69.24%     65.80    69.00    65.80    69.00       86.20    90.00    83.50    89.30    +20.30   +29.42%
      23             147  7828      創新服務               2770.00       2300.00    69.23%   1470.00  1485.00  1330.00  1410.00     1730.00  1780.00  1700.00  1710.00   +300.00   +21.28%
      24             259  4534      慶騰                    0.00          0.00    68.95%     26.85    28.20    26.50    28.20       33.65    35.90    33.60    34.30     +6.10   +21.63%
      25             525  3114      好德                    0.00          0.00    68.93%     28.50    31.25    28.50    31.25       37.40    39.85    36.90    38.80     +7.55   +24.16%
      26              61  4907      富宇                    0.00          0.00    68.92%     35.55    35.60    35.10    35.60       45.25    48.60    45.25    47.60    +12.00   +33.71%
      27             114  3147      大綜                  273.00        224.00    68.84%    181.50   182.50   179.00   182.50      231.50   232.50   221.50   223.00    +40.50   +22.19%
      28             157  3349      寶德                    0.00          0.00    68.45%     17.65    18.00    17.50    17.80       22.10    23.00    21.70    23.00     +5.20   +29.21%
      29             571  4939      亞電                    0.00          0.00    68.02%     47.05    50.50    45.75    50.50       61.40    67.20    60.70    60.80    +10.30   +20.40%
      30             217  3285      微端                    0.00          0.00    67.78%     31.25    31.50    31.15    31.50       38.50    39.40    38.15    39.40     +7.90   +25.08%
      31             377  7715      裕山                    0.00          0.00    66.91%     27.70    28.00    27.70    28.00       35.10    35.80    35.00    35.15     +7.15   +25.54%
      32             162  4163      鐿鈦                   43.00         22.00    66.91%    117.00   117.00   114.50   115.50      138.00   147.50   138.00   144.00    +28.50   +24.68%
      33              16  3226      龍鋒                    0.00          0.00    66.83%     42.75    44.55    42.75    44.55       51.30    51.60    51.30    51.60     +7.05   +15.82%
      34             230  3374      精材                  309.50        336.00    66.68%    264.00   269.00   257.50   259.00      310.00   330.00   301.00   306.50    +47.50   +18.34%
      35             575  3520      華盈                    0.00          0.00    66.66%     14.60    14.75    14.45    14.65       18.45    18.80    18.25    18.35     +3.70   +25.26%
      36              13  2924      宏太-KY                 0.00          0.00    66.61%     15.75    15.75    15.70    15.70       17.45    17.45    15.55    16.95     +1.25    +7.96%
      37             229  5351      鈺創                    0.00          9.70    66.40%     85.10    87.30    84.10    86.20      104.50   110.50   101.50   104.00    +17.80   +20.65%
      38               9  3115      富榮綱                   0.00          0.00    66.01%      7.75     8.29     7.75     8.29        9.32     9.32     9.29     9.29     +1.00   +12.06%
      39             511  6538      倉和                  104.50         58.00    65.81%    117.00   123.50   117.00   123.50      148.00   158.50   142.50   145.00    +21.50   +17.41%
      40              57  8093      保銳                    0.00          0.00    65.60%     18.00    18.10    17.50    18.10       20.10    21.05    20.10    21.00     +2.90   +16.02%
==========================================================================================================================================================================
✅ 共 40 筆


══════════════════════════════════════════════════════════════════════════════════════════════════════════════
  🔄 第 41/45 次  2026/05/28 ～ 2026/08/05
══════════════════════════════════════════════════════════════════════════════════════════════════════════════

==========================================================================================================================================================================
📊 ROI 每日報酬率累計排名 (2026/05/28 ~ 2026/08/05)
==========================================================================================================================================================================
    實資排名          累計天數排名  代號        名稱                 累計漲停(元)       累計跌停(元)       強度%  (05/28)開盤      最高      最低      收盤    (08/05)開盤      最高      最低      收盤      賺賠    賺賠率
--------------------------------------------------------------------------------------------------------------------------------------------------------------------------
       1              53  4556      旭然                   30.50         53.00   100.00%     38.65    38.90    38.00    38.20       85.50    85.50    83.80    84.50    +46.30  +121.20%
       2              74  4707      磐亞                    0.00          0.00    98.94%     15.05    15.20    14.60    14.85       29.05    30.85    28.95    30.85    +16.00  +107.74%
       3             156  5328      華容                    0.00          0.00    91.07%     35.80    39.00    35.70    36.00       68.60    69.90    65.50    65.90    +29.90   +83.06%
       4             201  3441      聯一光                   0.00          0.00    87.27%     51.00    53.90    49.60    50.20       90.30    93.80    85.00    85.40    +35.20   +70.12%
       5              82  2061      風青                    0.00          0.00    87.26%     32.90    33.90    32.70    33.00       54.60    56.40    54.20    55.20    +22.20   +67.27%
       6              83  4139      馬光-KY                 0.00          0.00    86.09%     24.90    24.90    22.95    22.95       41.20    41.20    38.00    40.50    +17.55   +76.47%
       7             559  3288      點晶                    0.00          0.00    84.23%     14.95    15.40    14.95    15.10       24.65    24.65    23.45    23.90     +8.80   +58.28%
       8             224  3362      先進光                 189.00        117.00    83.01%    112.50   115.00   109.50   110.50      183.00   183.00   172.50   174.50    +64.00   +57.92%
       9              75  6241      鑫永洋                   0.00          0.00    82.10%     10.10    10.20    10.00    10.00       17.10    17.10    16.40    16.45     +6.45   +64.50%
      10             359  6907      雅特力-KY              154.50        158.50    81.63%    119.50   123.50   115.50   117.50      188.00   191.00   177.00   177.50    +60.00   +51.06%
      11              88  3147      大綜                  273.00        202.50    80.49%    184.50   184.50   177.50   178.00      251.00   271.50   248.00   271.50    +93.50   +52.53%
      12             137  5468      凱鈺                    0.00          0.00    78.41%     17.30    17.40    17.20    17.30       26.50    26.50    24.95    25.45     +8.15   +47.11%
      13             115  4541      晟田                    0.00          0.00    77.74%     45.10    45.25    43.50    44.80       63.30    69.00    63.30    66.00    +21.20   +47.32%
      14             153  4534      慶騰                    0.00          0.00    76.41%     25.80    27.40    25.25    25.65       34.10    36.20    33.60    35.00     +9.35   +36.45%
      15             315  6538      倉和                  115.50         58.00    76.20%    123.00   129.00   111.00   112.50      162.50   163.00   148.50   156.50    +44.00   +39.11%
      16             226  5227      立凱-KY                 0.00          0.00    75.65%     24.65    25.20    24.30    24.35       34.95    35.00    33.70    34.05     +9.70   +39.84%
      17              92  4402      郡都開發                  0.00          0.00    75.37%     11.75    11.75    11.65    11.70       16.65    16.90    16.30    16.90     +5.20   +44.44%
      18             243  7714      創泓科技                142.00         79.50    75.28%    117.00   117.00   114.00   114.50      166.50   167.00   155.50   158.00    +43.50   +37.99%
      19             653  5426      振發                    0.00          0.00    75.12%     18.50    18.90    18.45    18.65       25.45    26.95    25.45    25.70     +7.05   +37.80%
      20             542  4939      亞電                    0.00          0.00    73.43%     44.75    47.00    43.40    45.95       58.40    61.80    58.40    59.40    +13.45   +29.27%
      21             324  3230      錦明                    0.00          0.00    73.07%     30.90    31.85    30.20    30.40       40.95    42.05    40.95    41.00    +10.60   +34.87%
      22             128  7828      創新服務               2780.00       2255.00    72.25%   1485.00  1525.00  1385.00  1400.00     1765.00  1770.00  1720.00  1750.00   +350.00   +25.00%
      23             253  5371      中光電                   0.00         10.20    71.72%     72.00    73.40    70.00    70.10       84.00    90.80    83.60    90.50    +20.40   +29.10%
      24             122  3284      太普高                   0.00          0.00    71.00%     15.90    16.00    15.70    15.90       21.10    21.60    20.75    20.80     +4.90   +30.82%
      25              16  3226      龍鋒                    0.00          0.00    70.84%     43.50    43.60    42.50    42.50       51.00    52.10    48.10    51.40     +8.90   +20.94%
      26             276  4127      天良                    0.00          0.00    70.62%     65.30    69.20    65.30    65.80       77.50    84.90    77.50    84.90    +19.10   +29.03%
      27             159  3374      精材                  309.50        326.50    70.32%    259.50   275.50   248.50   255.00      324.00   340.00   310.50   313.00    +58.00   +22.75%
      28               9  3115      富榮綱                   0.00          0.00    69.71%      7.55     8.10     7.55     8.00          --       --       --       --        --        --
      29             642  4542      科嶠                  473.50        451.00    69.35%    268.50   271.00   255.00   261.50      306.50   306.50   306.50   306.50    +45.00   +17.21%
      30             377  7715      裕山                    0.00          0.00    69.34%     27.90    28.00    27.50    28.00       35.40    37.05    34.50    35.60     +7.60   +27.14%
      31              46  5904      寶雅                  339.00        142.00    69.12%    555.00   563.00   552.00   557.00          --       --       --       --        --        --
      32             872  5345      馥鴻                    0.00          0.00    69.04%     19.10    20.45    19.10    20.45       21.35    24.15    21.35    24.15     +3.70   +18.09%
      33             380  4513      福裕                    0.00          0.00    68.89%     13.95    14.30    13.95    14.10       18.15    18.30    17.60    17.60     +3.50   +24.82%
      34             227  6620      漢達                    0.00          9.50    68.89%     72.90    73.50    71.70    71.70       89.00    91.50    88.40    89.30    +17.60   +24.55%
      35             582  3520      華盈                    0.00          0.00    68.74%     14.35    15.00    14.35    14.50       18.05    18.55    17.90    18.25     +3.75   +25.86%
      36             205  4147      中裕                    0.00          0.00    68.62%     47.75    48.10    47.00    47.10       57.80    59.30    57.80    59.10    +12.00   +25.48%
      37             547  6182      合晶                   80.50         89.40    68.55%     90.20    99.20    89.50    90.70      105.00   105.00    98.00   104.00    +13.30   +14.66%
      38              55  8093      保銳                    0.00          0.00    68.54%     17.30    18.00    17.30    17.50       20.00    21.00    20.00    20.70     +3.20   +18.29%
      39             515  5701      劍湖山                   0.00          0.00    68.42%      3.27     3.64     3.27     3.64        4.27     4.49     4.15     4.38     +0.74   +20.33%
      40             824  8071      能率網通                  0.00          0.00    68.32%     19.50    20.15    19.20    19.85       23.25    24.75    23.00    23.80     +3.95   +19.90%
==========================================================================================================================================================================
✅ 共 40 筆


══════════════════════════════════════════════════════════════════════════════════════════════════════════════
  🔄 第 42/45 次  2026/05/27 ～ 2026/08/04
══════════════════════════════════════════════════════════════════════════════════════════════════════════════

==========================================================================================================================================================================
📊 ROI 每日報酬率累計排名 (2026/05/27 ~ 2026/08/04)
==========================================================================================================================================================================
    實資排名          累計天數排名  代號        名稱                 累計漲停(元)       累計跌停(元)       強度%  (05/27)開盤      最高      最低      收盤    (08/04)開盤      最高      最低      收盤      賺賠    賺賠率
--------------------------------------------------------------------------------------------------------------------------------------------------------------------------
       1              63  4556      旭然                   30.50         53.00   100.00%     40.00    40.95    38.55    38.70       83.10    83.10    78.80    81.00    +42.30  +109.30%
       2              86  4707      磐亞                    0.00          0.00    96.18%     14.80    15.20    14.55    15.00       25.95    28.05    25.95    28.05    +13.05   +87.00%
       3             118  5328      華容                    0.00          0.00    94.69%     35.70    37.20    34.15    35.55       66.80    68.60    65.70    66.40    +30.85   +86.78%
       4             201  3441      聯一光                   0.00          0.00    90.66%     56.40    56.40    51.00    51.70       93.50    95.80    85.50    89.60    +37.90   +73.31%
       5             430  3288      點晶                    0.00          0.00    90.24%     15.00    15.00    14.95    14.95       26.00    26.00    23.90    25.45    +10.50   +70.23%
       6              97  2061      風青                    0.00          0.00    87.71%     31.55    34.60    31.55    33.60       53.10    54.30    51.70    54.00    +20.40   +60.71%
       7              90  4139      馬光-KY                 0.00          0.00    86.36%     23.05    23.05    23.00    23.05       38.90    39.00    38.60    39.00    +15.95   +69.20%
       8             214  3362      先進光                 189.00        117.00    85.89%    116.00   117.50   111.50   112.50      176.00   196.50   174.00   179.50    +67.00   +59.56%
       9             237  6907      雅特力-KY              154.50        158.50    85.29%    123.00   125.50   116.00   117.00      180.00   191.00   174.00   181.50    +64.50   +55.13%
      10              73  6241      鑫永洋                   0.00          0.00    84.85%     10.40    10.55    10.05    10.10       16.55    17.10    16.40    16.75     +6.65   +65.84%
      11             137  5468      凱鈺                    0.00          0.00    79.73%     17.95    17.95    17.15    17.30       24.00    25.20    23.55    25.00     +7.70   +44.51%
      12             120  4541      晟田                    0.00          0.00    78.05%     44.00    44.20    43.30    44.20       60.10    62.80    60.00    62.80    +18.60   +42.08%
      13             225  5227      立凱-KY                 0.00          0.00    77.40%     24.65    25.60    24.30    24.65       35.65    36.80    33.00    34.20     +9.55   +38.74%
      14             624  5426      振發                    0.00          0.00    77.04%     19.00    19.00    18.35    18.40       24.10    25.25    24.00    25.25     +6.85   +37.23%
      15             208  4534      慶騰                    0.00          0.00    76.89%     26.75    27.00    25.25    25.75       31.80    34.20    30.70    34.00     +8.25   +32.04%
      16             552  4939      亞電                    0.00          0.00    76.01%     43.75    47.95    42.30    43.15       55.80    57.80    54.30    56.30    +13.15   +30.48%
      17             114  3147      大綜                  248.50        202.50    75.95%    188.00   188.00   181.00   184.50      233.00   248.50   232.50   247.00    +62.50   +33.88%
      18             105  4402      郡都開發                  0.00          0.00    74.77%     11.75    12.00    11.75    11.75       15.90    16.20    15.90    16.10     +4.35   +37.02%
      19             395  7714      創泓科技                142.00         79.50    74.72%    124.00   124.00   117.00   118.50      146.00   155.00   145.00   155.00    +36.50   +30.80%
      20             487  5701      劍湖山                   0.00          0.00    74.12%      3.36     3.40     3.30     3.31        4.23     4.34     4.23     4.27     +0.96   +29.00%
      21             377  3230      錦明                    0.00          0.00    74.05%     31.35    31.55    29.95    30.45       39.50    40.95    39.15    40.20     +9.75   +32.02%
      22             441  6654      天正國際                111.00         57.00    73.95%    127.50   127.50   118.00   127.50      168.00   168.00   160.00   168.00    +40.50   +31.76%
      23              17  3226      龍鋒                    0.00          0.00    73.78%     39.00    41.50    39.00    41.50       49.80    51.50    49.80    51.10     +9.60   +23.13%
      24              10  3115      富榮綱                   0.00          0.00    73.00%      7.75     7.92     7.60     7.80        9.30     9.30     9.29     9.29     +1.49   +19.10%
      25             107  3284      太普高                   0.00          0.00    72.89%     16.30    16.40    15.85    15.90       20.85    21.30    20.70    20.75     +4.85   +30.50%
      26             138  3374      精材                  309.50        326.50    72.65%    259.00   262.50   248.00   250.50      324.00   324.00   303.00   309.50    +59.00   +23.55%
      27             253  4513      福裕                    0.00          0.00    71.83%     14.25    14.30    13.95    13.95       17.40    17.75    17.20    17.75     +3.80   +27.24%
      28             509  6538      倉和                  115.50         68.50    71.30%    130.00   130.00   122.50   123.00      137.50   148.50   136.50   148.50    +25.50   +20.73%
      29             846  5345      馥鴻                    0.00          0.00    71.09%     18.95    18.95    18.60    18.60       22.30    22.80    21.80    22.00     +3.40   +18.28%
      30              52  5904      寶雅                  339.00        142.00    71.08%    552.00   563.00   540.00   557.00          --       --       --       --        --        --
      31             215  3349      寶德                    0.00          0.00    70.79%     18.45    18.45    17.55    18.15       23.00    23.00    21.90    22.90     +4.75   +26.17%
      32             418  6548      長科*                   0.00          0.00    70.70%     60.80    63.50    59.60    61.10       71.00    74.40    69.10    74.00    +12.90   +21.11%
      33             559  3520      華盈                    0.00          0.00    70.66%     15.00    15.00    14.30    14.35       18.30    18.60    17.75    18.05     +3.70   +25.78%
      34             523  3685      元創精密                  0.00          0.00    70.13%     28.50    29.20    28.50    28.90       36.70    36.80    35.25    36.00     +7.10   +24.57%
      35             405  7715      裕山                    0.00          0.00    69.89%     28.20    28.95    27.85    27.85       35.45    35.45    33.55    34.45     +6.60   +23.70%
      36             520  3268      海德威                   0.00          0.00    69.85%     17.80    17.85    17.35    17.35       21.30    21.80    21.05    21.50     +4.15   +23.92%
      37             567  3523      迎輝                    0.00          0.00    69.62%     13.20    13.20    13.20    13.20       15.20    15.25    15.15    15.15     +1.95   +14.77%
      38             338  6620      漢達                    0.00          9.50    69.14%     72.30    73.40    71.50    72.90       84.70    91.30    83.50    87.80    +14.90   +20.44%
      39              14  2941      米斯特                   0.00          0.00    69.12%     31.15    32.00    31.15    31.25          --       --       --       --        --        --
      40             286  3625      西勝                    0.00          0.00    68.85%     14.30    14.55    14.10    14.40       17.15    17.60    16.40    17.30     +2.90   +20.14%
==========================================================================================================================================================================
✅ 共 40 筆


══════════════════════════════════════════════════════════════════════════════════════════════════════════════
  🔄 第 43/45 次  2026/05/26 ～ 2026/08/03
══════════════════════════════════════════════════════════════════════════════════════════════════════════════

==========================================================================================================================================================================
📊 ROI 每日報酬率累計排名 (2026/05/26 ~ 2026/08/03)
==========================================================================================================================================================================
    實資排名          累計天數排名  代號        名稱                 累計漲停(元)       累計跌停(元)       強度%  (05/26)開盤      最高      最低      收盤    (08/03)開盤      最高      最低      收盤      賺賠    賺賠率
--------------------------------------------------------------------------------------------------------------------------------------------------------------------------
       1              60  4556      旭然                   30.50         53.00   100.00%     39.30    39.90    38.60    39.80       78.00    87.00    77.20    83.10    +43.30  +108.79%
       2              92  5328      華容                    0.00          0.00    95.46%     36.00    36.00    32.40    35.30       63.70    69.80    63.40    67.40    +32.10   +90.93%
       3              94  4707      磐亞                    0.00          0.00    91.57%     14.55    14.75    14.30    14.65       22.10    25.50    21.85    25.50    +10.85   +74.06%
       4             321  3288      點晶                    0.00          0.00    90.32%     14.65    14.90    14.65    14.90       26.45    27.50    25.60    25.85    +10.95   +73.49%
       5              96  2061      風青                    0.00          0.00    87.61%     30.95    32.20    30.00    32.20       54.80    56.30    52.50    52.80    +20.60   +63.98%
       6             225  3441      聯一光                   0.00          0.00    87.19%     56.90    58.80    54.20    55.90       87.00    92.40    83.30    92.40    +36.50   +65.30%
       7             236  3362      先進光                 189.00        117.00    83.34%    117.00   117.50   115.00   115.00      172.00   187.00   166.50   180.00    +65.00   +56.52%
       8             116  4139      馬光-KY                 0.00          0.00    82.19%     23.10    23.90    23.00    23.90       38.00    38.50    37.00    38.50    +14.60   +61.09%
       9              82  6241      鑫永洋                   0.00          0.00    81.20%     10.65    10.65    10.35    10.35       16.30    16.75    16.25    16.55     +6.20   +59.90%
      10             414  6907      雅特力-KY              154.50        158.50    79.88%    124.50   126.00   119.00   121.50      164.00   181.50   158.50   176.00    +54.50   +44.86%
      11             151  5227      立凱-KY                 0.00          0.00    77.30%     25.90    25.90    24.60    24.60       36.65    37.80    35.30    35.60    +11.00   +44.72%
      12             429  3523      迎輝                    0.00          0.00    75.61%     12.00    12.00    12.00    12.00       16.40    16.50    16.20    16.20     +4.20   +35.00%
      13              84  4402      郡都開發                  0.00          0.00    75.26%     12.10    12.10    11.70    11.70       15.85    17.00    14.50    17.00     +5.30   +45.30%
      14             443  6654      天正國際                122.50         57.00    74.80%    110.00   116.00   110.00   116.00      155.00   163.00   149.00   162.50    +46.50   +40.09%
      15             122  4541      晟田                    0.00          0.00    74.11%     44.35    44.60    43.45    43.75       59.00    62.80    58.50    60.50    +16.75   +38.29%
      16             243  5468      凱鈺                    0.00          0.00    73.91%     17.80    17.80    17.65    17.70       24.00    24.65    23.30    24.00     +6.30   +35.59%
      17              13  3226      龍鋒                    0.00          0.00    72.48%     39.50    40.00    39.50    40.00       49.40    53.20    49.30    50.60    +10.60   +26.50%
      18             568  4939      亞電                    0.00          0.00    72.32%     40.40    43.60    39.30    43.60       49.30    55.80    49.30    55.80    +12.20   +27.98%
      19             121  3147      大綜                  239.00        202.50    71.23%    191.00   191.00   182.50   184.00      220.50   238.50   217.00   237.50    +53.50   +29.08%
      20             709  5426      振發                    0.00          0.00    70.87%     19.70    19.80    18.70    18.85       23.45    24.80    22.90    24.25     +5.40   +28.65%
      21             507  5701      劍湖山                   0.00          0.00    70.25%      3.39     3.50     3.34     3.34        4.39     4.48     4.21     4.23     +0.89   +26.65%
      22              10  3115      富榮綱                   0.00          0.00    69.19%      8.00     8.00     7.80     7.92          --       --       --       --        --        --
      23             408  3685      元創精密                  0.00          0.00    68.81%     29.70    29.70    28.00    28.50       36.20    37.90    36.00    36.75     +8.25   +28.95%
      24             120  3284      太普高                   0.00          0.00    68.61%     16.80    16.80    16.10    16.20       20.30    20.90    20.00    20.65     +4.45   +27.47%
      25              53  5904      寶雅                  339.00        142.00    68.42%    559.00   559.00   552.00   552.00          --       --       --       --        --        --
      26             303  4442      竣邦-KY                 0.00          0.00    68.11%     51.40    52.00    51.00    51.00       71.10    71.80    65.40    65.40    +14.40   +28.24%
      27             481  3230      錦明                    0.00          0.00    68.05%     32.85    32.95    30.90    31.45       35.45    39.80    35.45    39.25     +7.80   +24.80%
      28             388  3285      微端                    0.00          0.00    67.90%     29.30    29.45    29.15    29.35       36.20    37.15    36.20    36.35     +7.00   +23.85%
      29             819  5345      馥鴻                    0.00          0.00    67.77%     18.80    19.50    18.25    18.95       23.45    23.45    22.30    22.35     +3.40   +17.94%
      30             212  3374      精材                  309.50        326.50    67.62%    263.50   263.50   248.00   255.50      290.50   304.50   287.50   304.50    +49.00   +19.18%
      31             350  5321      美而快                   0.00          0.00    67.51%     47.00    47.00    47.00    47.00       53.30    56.10    52.80    55.90     +8.90   +18.94%
      32             399  4534      慶騰                    0.00          0.00    67.50%     27.90    27.90    25.45    26.60       30.45    32.80    30.05    31.20     +4.60   +17.29%
      33             540  6432      今展科                   0.00          0.00    67.43%     58.30    59.40    55.10    59.30       78.70    80.00    71.50    71.50    +12.20   +20.57%
      34             374  4513      福裕                    0.00          0.00    66.61%     14.70    14.80    14.20    14.20       17.10    17.70    16.75    17.40     +3.20   +22.54%
      35             741  6617      共信-KY                10.00         10.00    66.27%     65.40    68.00    64.30    67.10       74.90    83.50    74.80    79.90    +12.80   +19.08%
      36             406  7715      裕山                    0.00          0.00    66.18%     28.35    28.40    28.00    28.05       32.50    34.45    32.20    34.45     +6.40   +22.82%
      37             669  6259      百徽                    0.00          0.00    66.10%     27.05    27.50    25.50    25.85       29.50    31.40    28.50    30.20     +4.35   +16.83%
      38             250  3349      寶德                    0.00          0.00    66.09%     18.70    18.80    18.10    18.10       22.80    23.00    22.20    22.25     +4.15   +22.93%
      39             553  3520      華盈                    0.00          0.00    65.95%     15.10    15.10    14.80    14.95       18.25    19.70    18.10    18.30     +3.35   +22.41%
      40              56  8093      保銳                    0.00          0.00    65.86%     18.45    18.45    18.00    18.20       20.90    21.20    20.15    21.00     +2.80   +15.38%
==========================================================================================================================================================================
✅ 共 40 筆


══════════════════════════════════════════════════════════════════════════════════════════════════════════════
  🔄 第 44/45 次  2026/05/25 ～ 2026/07/31
══════════════════════════════════════════════════════════════════════════════════════════════════════════════

==========================================================================================================================================================================
📊 ROI 每日報酬率累計排名 (2026/05/25 ~ 2026/07/31)
==========================================================================================================================================================================
    實資排名          累計天數排名  代號        名稱                 累計漲停(元)       累計跌停(元)       強度%  (05/25)開盤      最高      最低      收盤    (07/31)開盤      最高      最低      收盤      賺賠    賺賠率
--------------------------------------------------------------------------------------------------------------------------------------------------------------------------
       1              59  4556      旭然                   30.50         53.00   100.00%     41.10    41.10    38.50    39.30       90.30    90.30    79.10    79.20    +39.90  +101.53%
       2              70  2061      風青                    0.00          0.00    98.00%     27.40    29.30    27.40    29.30       55.00    56.30    53.70    55.50    +26.20   +89.42%
       3             126  5328      華容                    0.00          0.00    93.12%     37.55    39.00    35.60    36.00       64.10    64.10    62.10    63.80    +27.80   +77.22%
       4             352  3288      點晶                    0.00          0.00    91.93%     14.90    14.95    14.35    14.90       24.50    26.00    24.50    25.70    +10.80   +72.48%
       5              95  4707      磐亞                    0.00          0.00    89.04%     15.30    15.35    14.30    14.35       23.45    25.05    23.00    23.20     +8.85   +61.67%
       6             103  4139      馬光-KY                 0.00          0.00    85.24%     23.10    23.10    23.00    23.10       32.60    38.00    32.60    38.00    +14.90   +64.50%
       7             290  3523      迎輝                    0.00          0.00    83.54%     10.00    10.95     9.97    10.95       16.90    16.90    15.25    16.40     +5.45   +49.77%
       8              78  6241      鑫永洋                   0.00          0.00    82.33%     10.65    10.65    10.35    10.60       16.00    16.85    16.00    16.75     +6.15   +58.02%
       9             410  3441      聯一光                   0.00          0.00    81.84%     54.50    57.40    54.30    57.40       81.70    84.00    78.90    84.00    +26.60   +46.34%
      10             387  3362      先進光                 189.00        117.00    81.52%    121.00   121.50   116.00   117.00      168.00   172.00   164.50   172.00    +55.00   +47.01%
      11             168  5227      立凱-KY                 0.00          0.00    78.88%     26.40    26.40    25.00    25.50       38.35    38.35    35.85    36.80    +11.30   +44.31%
      12             498  6907      雅特力-KY              143.50        158.50    77.13%    123.50   126.50   119.00   123.00      163.50   165.00   160.00   165.00    +42.00   +34.15%
      13             425  6654      天正國際                119.50         57.00    77.02%     97.10   105.50    97.10   105.50      147.50   159.50   146.50   149.00    +43.50   +41.23%
      14             416  6432      今展科                   0.00          0.00    75.54%     55.80    59.90    55.70    57.10       76.30    77.30    75.10    77.30    +20.20   +35.38%
      15             236  4442      竣邦-KY                 0.00          0.00    75.41%     51.00    51.90    50.00    51.00       72.90    72.90    59.70    72.60    +21.60   +42.35%
      16             279  5468      凱鈺                    0.00          0.00    75.27%     17.90    17.90    17.45    17.80       24.00    24.50    23.65    24.00     +6.20   +34.83%
      17             156  4541      晟田                    0.00          0.00    74.86%     44.65    44.80    43.60    44.10       60.40    61.80    58.20    60.00    +15.90   +36.05%
      18             564  4939      亞電                    0.00          0.00    74.05%     40.45    41.00    38.80    39.65       51.00    51.20    47.65    50.80    +11.15   +28.12%
      19             476  5701      劍湖山                   0.00          0.00    73.46%      3.49     3.49     3.35     3.37        4.60     4.60     4.20     4.39     +1.02   +30.27%
      20              13  3226      龍鋒                    0.00          0.00    73.11%     40.00    40.00    39.00    39.75       49.00    49.40    48.70    49.40     +9.65   +24.28%
      21             714  5345      馥鴻                    0.00          0.00    72.67%     19.95    19.95    18.75    18.75       23.90    23.90    22.30    23.45     +4.70   +25.07%
      22             362  5321      美而快                   0.00          0.00    72.01%     38.90    42.75    38.90    42.75       53.50    56.70    53.10    53.30    +10.55   +24.68%
      23             112  4402      郡都開發                  0.00          0.00    71.17%     13.00    13.00    12.00    12.00       15.90    16.00    15.55    15.80     +3.80   +31.67%
      24             284  3285      微端                    0.00          0.00    70.82%     29.00    29.15    28.80    29.15       36.15    37.00    36.00    36.95     +7.80   +26.76%
      25              12  3115      富榮綱                   0.00          0.00    70.65%      8.15     8.17     7.90     7.94          --       --       --       --        --        --
      26             763  5426      振發                    0.00          0.00    70.54%     19.35    19.65    19.05    19.10       24.00    24.00    23.30    23.75     +4.65   +24.35%
      27             456  6182      合晶                   80.50         89.40    69.42%     75.90    76.80    75.90    76.80       92.90    93.10    84.00    89.00    +12.20   +15.89%
      28              60  5904      寶雅                  339.00        142.00    69.30%    568.00   571.00   553.00   559.00          --       --       --       --        --        --
      29             291  6620      漢達                    0.00          9.50    67.83%     75.20    75.50    72.10    72.20       98.30    99.60    87.70    87.90    +15.70   +21.75%
      30             442  6548      長科*                   0.00          0.00    67.78%     53.00    55.00    52.50    54.90       64.00    65.00    62.40    65.00    +10.10   +18.40%
      31              14  2941      米斯特                   0.00          0.00    67.76%     30.95    31.95    30.50    31.15       31.85    31.85    31.85    31.85     +0.70    +2.25%
      32             187  3284      太普高                   0.00          0.00    67.66%     17.55    18.45    16.65    16.65       21.05    21.25    20.20    20.30     +3.65   +21.92%
      33             229  3147      大綜                  223.50        202.50    67.63%    192.00   194.00   185.50   188.00      210.50   222.00   210.50   222.00    +34.00   +18.09%
      34             520  3520      華盈                    0.00          0.00    67.41%     15.15    15.25    14.90    15.10       17.90    19.00    17.75    18.45     +3.35   +22.19%
      35             479  3685      元創精密                  0.00          0.00    67.37%     30.00    30.40    28.00    29.75       34.50    36.45    34.20    36.35     +6.60   +22.18%
      36             451  4534      慶騰                    0.00          0.00    66.78%     25.60    26.65    24.70    26.65       30.00    30.05    29.85    30.05     +3.40   +12.76%
      37             527  3672      康聯訊                   0.00          0.00    66.77%     12.15    12.15    10.90    10.90       13.05    13.05    12.60    12.90     +2.00   +18.35%
      38              15  2924      宏太-KY                 0.00          0.00    66.68%     16.90    16.90    14.75    15.20          --       --       --       --        --        --
      39             511  3268      海德威                   0.00          0.00    66.55%     17.70    18.70    17.70    18.00       20.55    22.00    20.50    21.70     +3.70   +20.56%
      40             732  6617      共信-KY                10.00         10.00    66.38%     64.40    65.80    63.70    65.40       76.10    77.60    74.80    76.00    +10.60   +16.21%
==========================================================================================================================================================================
✅ 共 40 筆


══════════════════════════════════════════════════════════════════════════════════════════════════════════════
  🔄 第 45/45 次  2026/05/22 ～ 2026/07/30
══════════════════════════════════════════════════════════════════════════════════════════════════════════════

==========================================================================================================================================================================
📊 ROI 每日報酬率累計排名 (2026/05/22 ~ 2026/07/30)
==========================================================================================================================================================================
    實資排名          累計天數排名  代號        名稱                 累計漲停(元)       累計跌停(元)       強度%  (05/22)開盤      最高      最低      收盤    (07/30)開盤      最高      最低      收盤      賺賠    賺賠率
--------------------------------------------------------------------------------------------------------------------------------------------------------------------------
       1              56  4556      旭然                   30.50         53.00   100.00%     39.70    41.60    39.70    41.10       85.50    85.50    85.50    85.50    +44.40  +108.03%
       2              64  2061      風青                    0.00          0.00    97.31%     24.70    26.95    24.10    26.65       55.10    60.50    51.00    51.20    +24.55   +92.12%
       3             156  5328      華容                    0.00          0.00    87.42%     35.30    36.85    34.15    35.50       62.10    70.00    58.10    58.30    +22.80   +64.23%
       4             404  3288      點晶                    0.00          0.00    86.74%     15.00    15.00    14.90    14.95       22.75    26.95    22.75    24.05     +9.10   +60.87%
       5             264  3523      迎輝                    0.00          0.00    85.68%      9.56    10.00     9.56     9.99       14.05    15.95    14.05    15.75     +5.76   +57.66%
       6              97  4707      磐亞                    0.00          0.00    84.81%     15.00    15.50    14.80    15.25       23.25    23.25    23.25    23.25     +8.00   +52.46%
       7             406  3441      聯一光                   0.00          0.00    81.07%     52.50    53.40    51.50    52.20       84.00    90.50    76.40    76.40    +24.20   +46.36%
       8             381  6654      天正國際                119.50         57.00    80.31%     97.00    97.00    94.00    96.10      141.00   154.00   140.00   145.00    +48.90   +50.88%
       9             175  4139      馬光-KY                 0.00          0.00    79.76%     23.05    23.75    23.00    23.75       37.55    37.55    36.00    36.00    +12.25   +51.58%
      10              91  6241      鑫永洋                   0.00          0.00    77.80%     10.70    10.85    10.55    10.65       15.35    16.10    15.30    15.75     +5.10   +47.89%
      11             300  5321      美而快                   0.00          0.00    75.75%     38.90    38.90    35.30    38.90       53.80    56.80    51.10    52.00    +13.10   +33.68%
      12             282  5227      立凱-KY                 0.00          0.00    74.77%     25.75    27.25    25.50    26.40       35.05    36.70    34.75    35.75     +9.35   +35.42%
      13             496  3362      先進光                 173.50        117.00    73.96%    120.00   120.50   118.00   120.00      173.50   182.00   156.50   156.50    +36.50   +30.42%
      14             416  6182      合晶                   80.50         89.40    71.86%     65.50    69.90    65.40    69.90       84.70    86.70    84.70    84.70    +14.80   +21.17%
      15              13  3226      龍鋒                    0.00          0.00    71.84%     40.00    40.00    39.50    40.00       47.40    48.90    47.30    48.90     +8.90   +22.25%
      16             548  6907      雅特力-KY              128.50        158.50    71.77%    116.00   125.00   114.00   121.50      145.00   164.50   145.00   150.00    +28.50   +23.46%
      17             355  5468      凱鈺                    0.00          0.00    71.62%     17.70    17.95    17.40    17.90       22.65    23.50    22.60    22.80     +4.90   +27.37%
      18              95  4402      郡都開發                  0.00          0.00    71.24%     12.40    12.50    11.65    12.00       16.05    16.05    15.40    15.90     +3.90   +32.50%
      19             442  6432      今展科                   0.00          0.00    70.98%     57.20    57.50    55.00    55.70       71.60    79.50    69.50    70.30    +14.60   +26.21%
      20             479  5701      劍湖山                   0.00          0.00    70.93%      3.40     3.45     3.35     3.35        4.39     4.49     4.20     4.20     +0.85   +25.37%
      21             238  4541      晟田                    0.00          0.00    70.88%     44.45    44.45    43.75    44.30       61.00    61.80    55.90    56.60    +12.30   +27.77%
      22             309  6620      漢達                    0.00          9.50    70.17%     76.10    76.10    73.60    75.40       96.30    96.30    96.30    96.30    +20.90   +27.72%
      23             280  3285      微端                    0.00          0.00    70.02%     28.50    29.10    28.50    28.80       36.55    37.75    36.00    36.15     +7.35   +25.52%
      24             322  4442      竣邦-KY                 0.00          0.00    69.84%     51.50    51.50    50.90    50.90       60.00    66.30    57.90    66.30    +15.40   +30.26%
      25              15  3115      富榮綱                   0.00          0.00    69.00%      8.70     8.70     8.15     8.15          --       --       --       --        --        --
      26             609  4939      亞電                    0.00          0.00    68.78%     38.55    40.75    38.55    39.55       48.20    50.10    45.90    46.55     +7.00   +17.70%
      27              72  5904      寶雅                  339.00        142.00    68.25%    564.00   572.00   555.00   568.00          --       --       --       --        --        --
      28              14  2941      米斯特                   0.00          0.00    67.65%        --       --       --       --          --       --       --       --        --        --
      29             678  6617      共信-KY                10.00         10.00    67.17%     65.60    66.00    63.20    63.50       79.70    79.70    73.40    74.90    +11.40   +17.95%
      30             195  3284      太普高                   0.00          0.00    66.93%     17.00    17.00    16.60    16.80       19.45    20.30    19.40    20.25     +3.45   +20.54%
      31             314  3349      寶德                    0.00          0.00    66.88%     18.55    18.95    18.00    18.90       22.30    23.20    20.30    22.95     +4.05   +21.43%
      32             797  5426      振發                    0.00          0.00    66.85%     18.40    19.20    18.35    19.20       22.95    24.00    22.30    22.45     +3.25   +16.93%
      33             443  4534      慶騰                    0.00          0.00    66.73%     22.40    24.25    22.40    24.25       28.45    30.50    27.20    27.35     +3.10   +12.78%
      34             788  5345      馥鴻                    0.00          0.00    66.21%     20.20    20.20    19.40    19.40       20.65    21.80    19.80    21.75     +2.35   +12.11%
      35             316  6488      環球晶                1531.00       1377.00    65.68%    716.00   747.00   711.00   717.00      778.00   825.00   778.00   778.00    +61.00    +8.51%
      36             550  3520      華盈                    0.00          0.00    65.63%     15.05    15.30    14.90    15.10       16.25    17.90    16.25    17.90     +2.80   +18.54%
      37             458  6548      長科*                   0.00          0.00    65.37%     51.80    52.20    51.20    51.90       60.00    64.40    58.60    59.10     +7.20   +13.87%
      38              23  4183      福永生技                  0.00          0.00    65.10%     12.45    12.45    12.45    12.45       13.40    14.70    13.40    14.70     +2.25   +18.07%
      39              54  8093      保銳                    0.00          0.00    64.30%     18.05    18.50    18.05    18.30       19.85    20.00    19.05    20.00     +1.70    +9.29%
      40             553  3685      元創精密                  0.00          0.00    63.80%     27.55    30.00    27.50    30.00       33.30    34.45    32.30    34.45     +4.45   +14.83%
==========================================================================================================================================================================
✅ 共 40 筆
