
██████████████████████████████████████████████████████████████████████████████████████████████████████████████
  📅 天數組合: 20 日  →  輸出檔: q13_20.txt
██████████████████████████████████████████████████████████████████████████████████████████████████████████████

🔁 共執行 20 次，每次區間長度 21 個交易日

══════════════════════════════════════════════════════════════════════════════════════════════════════════════
  🔄 第  1/20 次  2026/09/01 ～ 2026/10/01
══════════════════════════════════════════════════════════════════════════════════════════════════════════════

==========================================================================================================================================================================
📊 動能效率優先權分數排名 (2026/09/01 ~ 2026/10/01)
==========================================================================================================================================================================
    實資排名          累計天數排名  代號        名稱                 累計漲停(元)       累計跌停(元)       強度%  (09/01)開盤      最高      最低      收盤    (10/01)開盤      最高      最低      收盤      賺賠    賺賠率
--------------------------------------------------------------------------------------------------------------------------------------------------------------------------
       1               1  6538      倉和                  289.50        125.00   100.00%    224.00   226.00   224.00   226.00      356.00   370.00   351.00   369.50   +143.50   +63.50%
       2               2  7772      耀穎                   86.50         14.50    93.58%     88.50    93.00    88.50    91.00      181.00   184.00   176.00   184.00    +93.00  +102.20%
       3               3  8227      巨有科技                200.00         14.00    85.98%    161.00   172.00   160.00   164.00      379.50   384.50   342.00   363.50   +199.50  +121.65%
       4               4  2221      大甲                   82.00         18.50    73.25%     76.00    80.00    75.70    77.70      190.50   193.00   178.00   179.00   +101.30  +130.37%
       5               5  6945      圓祥生技                 20.20          0.00    60.65%     98.70    99.30    96.00    96.50      147.50   148.00   142.50   143.00    +46.50   +48.19%
       6               6  3624      光頡                   46.50         10.50    59.13%     88.50    93.40    88.50    90.20      138.00   151.00   138.00   151.00    +60.80   +67.41%
       7               7  8064      東捷                   54.50         11.50    44.37%    103.50   108.50   103.50   105.00      146.00   148.00   141.00   143.50    +38.50   +36.67%
       8               9  7792      安葆                  130.50         36.00    43.63%    305.50   319.50   302.50   314.00      416.00   430.50   410.00   421.00   +107.00   +34.08%
       9              10  6620      漢達                   57.50         22.50    39.41%    102.00   102.00    86.80    86.80      145.50   154.50   140.50   144.50    +57.70   +66.47%
      10              16  3441      聯一光                  74.00         21.50    39.37%    137.00   139.00   130.00   133.00      189.00   202.50   189.00   202.50    +69.50   +52.26%
      11               8  6870      騰雲                  125.50         46.00    35.20%    259.00   277.00   259.00   277.00      324.00   324.50   314.50   314.50    +37.50   +13.54%
      12              25  3664      安瑞-KY                 0.00          0.00    33.56%      7.50     7.59     7.50     7.59        8.86     8.87     8.85     8.85     +1.26   +16.60%
      13              31  6207      雷科                   37.00          0.00    33.40%    105.00   110.50   105.00   107.50      153.00   158.00   139.50   145.00    +37.50   +34.88%
      14             990  7825      和亞智慧                 60.60         26.50    33.27%        --       --       --       --       84.60    88.00    83.50    85.60        --        --
      15              13  5355      佳總                    0.00          0.00    31.79%      5.74     5.86     5.73     5.86        6.98     7.10     6.96     7.10     +1.24   +21.16%
      16             826  8047      星雲                    0.00          0.00    31.79%        --       --       --       --       51.00    51.10    50.60    51.00        --        --
      17             890  8444      綠河-KY                 0.00          0.00    31.74%      4.29     4.89     4.29     4.89          --       --       --       --        --        --
      18              23  3147      大綜                   34.00          0.00    30.98%    224.00   226.00   219.00   219.00      242.00   267.50   240.00   267.50    +48.50   +22.15%
      19              11  6291      沛亨                  191.50         90.00    30.96%    405.00   434.00   405.00   424.00      501.00   507.00   489.00   489.00    +65.00   +15.33%
      20              19  6199      天品                    0.00          0.00    29.83%     92.10    93.90    92.10    93.10      127.50   128.50   127.00   128.00    +34.90   +37.49%
      21              14  3529      力旺                 1655.00        810.00    28.99%   2490.00  2640.00  2490.00  2640.00     3305.00  3345.00  3215.00  3245.00   +605.00   +22.92%
      22             977  4806      桂田文創                  0.00          0.00    28.72%      9.00     9.00     8.81     9.00          --       --       --       --        --        --
      23              18  3609      三一東林                  0.00          0.00    28.41%     17.55    18.55    17.55    18.05       22.95    23.90    22.55    23.00     +4.95   +27.42%
      24              69  2924      宏太-KY                 0.00          0.00    28.30%     17.70    17.70    16.45    17.55       18.85    18.85    18.85    18.85     +1.30    +7.41%
      25             708  4556      旭然                   10.00          0.00    28.16%     70.10    72.10    70.00    70.60      108.00   111.50    98.30   111.50    +40.90   +57.93%
      26              20  3675      德微                  121.00         21.50    28.12%    274.00   286.00   274.00   278.50      330.00   360.00   328.00   359.00    +80.50   +28.90%
      27              12  8431      匯鑽科                   0.00          0.00    27.93%     53.00    55.30    53.00    54.40       67.80    67.80    64.30    64.70    +10.30   +18.93%
      28              33  6643      M31                 220.00        107.50    27.78%    412.50   438.00   412.50   422.00      555.00   557.00   518.00   521.00    +99.00   +23.46%
      29              36  9960      邁達康                   0.00          0.00    27.59%     30.40    31.00    30.40    31.00       39.70    41.05    37.35    37.50     +6.50   +20.97%
      30              32  7770      君曜                    0.00          0.00    27.46%     35.95    36.00    35.95    36.00       41.80    41.80    41.40    41.45     +5.45   +15.14%
      31             109  4174      浩鼎                    0.00          0.00    27.39%     25.50    25.50    24.90    25.05       43.10    43.10    43.10    43.10    +18.05   +72.06%
      32              34  6532      瑞耘                   20.00          0.00    27.39%     99.60   102.00    95.10    98.60      121.00   127.00   115.50   122.50    +23.90   +24.24%
      33             788  3259      鑫創                    0.00          0.00    27.31%     13.00    13.75    13.00    13.75       11.60    11.70    11.55    11.70     -2.05   -14.91%
      34              48  3455      由田                   58.50         17.50    27.25%    270.00   271.50   253.50   265.00      266.00   292.00   258.00   287.00    +22.00    +8.30%
      35              29  6488      環球晶                 385.00        205.00    27.17%    908.00   998.00   908.00   994.00     1055.00  1135.00  1045.00  1085.00    +91.00    +9.15%
      36              27  3219      倚強科                  30.80          0.00    27.05%     92.50    94.50    88.10    89.20      132.50   134.00   128.50   131.50    +42.30   +47.42%
      37              22  6693      廣閎科                  50.50         20.00    26.90%    179.50   186.50   176.50   183.50      210.00   219.50   205.00   212.50    +29.00   +15.80%
      38              77  2061      風青                    0.00          0.00    26.68%     52.50    56.70    51.40    55.00       60.00    65.00    60.00    61.70     +6.70   +12.18%
      39              72  8147      正淩                   22.00         15.00    26.61%    131.00   134.50   129.00   129.00      152.00   153.00   143.00   143.50    +14.50   +11.24%
      40              37  4198      欣大健康                  0.00          0.00    26.34%     43.95    44.00    43.95    43.95       49.25    49.25    49.25    49.25     +5.30   +12.06%
==========================================================================================================================================================================
✅ 共 40 筆


══════════════════════════════════════════════════════════════════════════════════════════════════════════════
  🔄 第  2/20 次  2026/08/31 ～ 2026/09/30
══════════════════════════════════════════════════════════════════════════════════════════════════════════════

==========================================================================================================================================================================
📊 動能效率優先權分數排名 (2026/08/31 ~ 2026/09/30)
==========================================================================================================================================================================
    實資排名          累計天數排名  代號        名稱                 累計漲停(元)       累計跌停(元)       強度%  (08/31)開盤      最高      最低      收盤    (09/30)開盤      最高      最低      收盤      賺賠    賺賠率
--------------------------------------------------------------------------------------------------------------------------------------------------------------------------
       1               1  6538      倉和                  276.00        125.00   100.00%    197.50   215.00   197.50   205.50      360.50   374.50   355.00   356.00   +150.50   +73.24%
       2               2  8227      巨有科技                200.00         14.00    94.42%    159.00   160.00   156.00   156.50      370.50   370.50   370.50   370.50   +214.00  +136.74%
       3               3  7772      耀穎                   86.50         14.50    91.18%     92.00    92.40    87.70    88.50      180.00   180.00   175.00   176.00    +87.50   +98.87%
       4               4  2221      大甲                   82.00          0.00    80.91%     78.50    79.70    71.90    76.00      178.00   198.00   170.00   197.50   +121.50  +159.87%
       5               5  6945      圓祥生技                 20.20          0.00    62.54%    105.00   105.50    98.00    98.30      140.00   149.00   140.00   148.50    +50.20   +51.07%
       6               8  3624      光頡                   33.00         10.50    50.40%     90.70    94.00    87.30    88.30      140.50   144.00   134.00   137.50    +49.20   +55.72%
       7               6  8064      東捷                   54.50         11.50    45.80%    103.00   103.00    97.90   100.00      144.00   155.00   144.00   145.50    +45.50   +45.50%
       8              10  7792      安葆                  130.50         36.00    42.88%    305.00   312.00   296.50   301.00      420.00   424.00   413.00   424.00   +123.00   +40.86%
       9              16  6207      雷科                   37.00          0.00    40.48%    108.50   111.50   104.00   105.50      141.00   151.00   140.00   151.00    +45.50   +43.13%
      10              13  6620      漢達                   57.50         22.50    40.45%     92.90    92.90    92.90    92.90      137.50   145.00   133.00   141.00    +48.10   +51.78%
      11               7  6870      騰雲                  125.50         46.00    37.24%    251.50   256.50   250.50   252.00      331.00   331.00   315.00   323.50    +71.50   +28.37%
      12              20  3441      聯一光                  56.00         21.50    37.11%    127.50   137.50   127.50   136.00      184.50   187.00   181.50   184.50    +48.50   +35.66%
      13               9  3324      雙鴻                  985.00        590.00    34.87%   1130.00  1250.00  1125.00  1250.00     1620.00  1645.00  1530.00  1530.00   +280.00   +22.40%
      14              35  3664      安瑞-KY                 0.00          0.00    34.04%      6.90     6.90     6.88     6.90        8.86     8.86     8.86     8.86     +1.96   +28.41%
      15              11  6291      沛亨                  191.50         79.00    33.92%    391.00   407.00   388.00   405.00      504.00   510.00   494.00   500.00    +95.00   +23.46%
      16             995  7825      和亞智慧                 60.60         26.50    33.41%        --       --       --       --       82.60    86.50    81.40    84.40        --        --
      17              24  8147      正淩                   22.00          0.00    32.71%    122.00   132.00   122.00   131.00      149.50   160.50   148.00   158.50    +27.50   +20.99%
      18             781  8047      星雲                    0.00          0.00    32.20%     44.00    44.00    44.00    44.00       51.20    51.50    50.20    50.80     +6.80   +15.45%
      19             588  8444      綠河-KY                 0.00          0.00    32.16%      4.68     4.68     4.68     4.68        4.35     4.35     4.28     4.35     -0.33    -7.05%
      20              12  8431      匯鑽科                   0.00          0.00    31.82%     51.00    55.50    50.90    53.60       65.70    67.10    65.30    66.80    +13.20   +24.63%
      21              23  9960      邁達康                   0.00          0.00    31.41%     29.10    30.25    29.10    30.25       41.20    41.95    40.40    41.50    +11.25   +37.19%
      22              18  5355      佳總                    0.00          0.00    31.26%      5.89     5.97     5.55     5.84        7.00     7.09     7.00     7.05     +1.21   +20.72%
      23              19  3219      倚強科                  30.80          0.00    30.40%     86.50    93.30    86.30    91.00      130.00   134.50   127.50   131.50    +40.50   +44.51%
      24              25  6199      天品                    0.00          0.00    29.87%     93.30    93.30    91.80    92.80      126.00   128.00   125.00   127.50    +34.70   +37.39%
      25              75  6182      合晶                   22.50          0.00    29.43%    108.00   108.50   104.00   105.50      123.00   133.00   121.00   133.00    +27.50   +26.07%
      26             963  4806      桂田文創                  0.00          0.00    29.08%      9.17     9.17     9.17     9.17          --       --       --       --        --        --
      27              29  6532      瑞耘                   20.00          0.00    28.91%     89.10    96.20    89.10    95.30      114.00   118.50   114.00   118.50    +23.20   +24.34%
      28             968  6597      立誠                    0.00          0.00    28.81%     72.00    76.00    72.00    75.90       65.60    68.70    65.60    68.70     -7.20    -9.49%
      29              43  6643      M31                 220.00         99.00    28.62%    428.00   432.00   411.50   411.50      506.00   555.00   500.00   555.00   +143.50   +34.87%
      30              32  4198      欣大健康                  0.00          0.00    28.41%     42.00    44.00    42.00    44.00       49.50    49.50    49.50    49.50     +5.50   +12.50%
      31              40  7770      君曜                    0.00          0.00    28.21%     36.10    36.40    35.15    36.20       42.95    42.95    41.50    42.60     +6.40   +17.68%
      32              85  2924      宏太-KY                 0.00          0.00    28.15%     17.95    18.30    16.30    17.70       18.40    18.40    16.70    18.30     +0.60    +3.39%
      33              37  3498      陽程                   91.50         26.50    27.81%    191.00   208.00   191.00   208.00      234.50   234.50   221.00   229.00    +21.00   +10.10%
      34              54  8027      鈦昇                   48.00          0.00    27.36%    182.50   183.00   173.00   179.50      222.00   222.00   219.00   222.00    +42.50   +23.68%
      35              34  6865      偉康科技                  0.00          0.00    27.30%     25.00    26.70    25.00    26.70       28.00    29.15    27.05    29.15     +2.45    +9.18%
      36              45  3354      律勝                    0.00          0.00    27.03%     24.30    24.90    23.30    23.65       29.70    32.15    29.50    32.15     +8.50   +35.94%
      37              17  6654      天正國際                 75.00         26.50    27.03%    177.00   194.00   177.00   194.00      206.50   217.50   203.00   216.00    +22.00   +11.34%
      38            1010  6236      中湛                    0.00          0.00    26.88%        --       --       --       --       19.05    19.05    18.50    18.50        --        --
      39              26  3374      精材                  190.50        137.00    26.85%    390.50   424.50   388.50   422.50      462.00   462.00   452.00   454.50    +32.00    +7.57%
      40             136  4174      浩鼎                    0.00          0.00    26.82%     26.05    26.05    25.35    25.40       39.00    39.20    38.55    39.20    +13.80   +54.33%
==========================================================================================================================================================================
✅ 共 40 筆


══════════════════════════════════════════════════════════════════════════════════════════════════════════════
  🔄 第  3/20 次  2026/08/28 ～ 2026/09/29
══════════════════════════════════════════════════════════════════════════════════════════════════════════════

==========================================================================================================================================================================
📊 動能效率優先權分數排名 (2026/08/28 ~ 2026/09/29)
==========================================================================================================================================================================
    實資排名          累計天數排名  代號        名稱                 累計漲停(元)       累計跌停(元)       強度%  (08/28)開盤      最高      最低      收盤    (09/29)開盤      最高      最低      收盤      賺賠    賺賠率
--------------------------------------------------------------------------------------------------------------------------------------------------------------------------
       1               2  7772      耀穎                   86.50         14.50   100.00%     89.00    92.00    89.00    90.00      176.00   179.50   172.50   176.00    +86.00   +95.56%
       2               1  8227      巨有科技                166.50         14.00    99.44%    161.50   163.50   158.50   161.00      313.00   337.00   308.00   337.00   +176.00  +109.32%
       3               3  6538      倉和                  276.00        147.00    62.10%    219.00   222.50   200.00   200.00      400.00   417.00   358.50   358.50   +158.50   +79.25%
       4               4  2221      大甲                   64.50          0.00    58.46%     75.00    82.00    75.00    79.70      169.00   180.00   167.50   180.00   +100.30  +125.85%
       5               6  6945      圓祥生技                 20.20          0.00    58.00%    107.50   107.50   103.50   104.00      137.50   140.00   135.00   140.00    +36.00   +34.62%
       6               8  3624      光頡                   33.00         10.50    54.30%     93.90    98.90    90.50    91.80      139.00   143.50   138.00   140.00    +48.20   +52.51%
       7               5  3324      雙鴻                 1065.00        490.00    51.80%   1075.00  1155.00  1075.00  1140.00     1680.00  1680.00  1595.00  1630.00   +490.00   +42.98%
       8               7  8064      東捷                   54.50         11.50    46.78%    105.00   107.50   101.50   103.00      139.00   148.50   138.00   141.50    +38.50   +37.38%
       9              13  7792      安葆                  130.50         36.00    45.11%    301.50   306.00   297.00   303.00      427.50   430.00   400.00   416.00   +113.00   +37.29%
      10               9  6620      漢達                   57.50         22.50    44.83%     77.10    84.50    77.10    84.50      125.00   136.00   123.50   136.00    +51.50   +60.95%
      11              10  6870      騰雲                  125.50         46.00    41.97%    249.00   259.50   249.00   255.50      335.50   335.50   328.50   330.50    +75.00   +29.35%
      12              12  3374      精材                  225.50        137.00    40.72%    352.00   386.00   350.00   386.00      439.50   457.00   436.50   455.00    +69.00   +17.88%
      13              15  6693      廣閎科                  62.00         20.00    38.43%    170.00   183.50   170.00   178.50      206.50   220.50   203.50   218.00    +39.50   +22.13%
      14              20  3664      安瑞-KY                 0.00          0.00    38.20%      6.00     6.28     6.00     6.28        8.91     8.91     8.86     8.86     +2.58   +41.08%
      15              25  3441      聯一光                  56.00         21.50    37.28%    138.50   140.50   129.50   130.00      177.50   185.00   176.00   185.00    +55.00   +42.31%
      16              11  8431      匯鑽科                   0.00          0.00    37.20%     47.45    52.10    45.60    52.10       62.30    68.50    62.30    66.30    +14.20   +27.26%
      17             221  8444      綠河-KY                 0.00          0.00    35.92%      4.90     5.09     4.89     5.09        4.40     4.40     4.40     4.40     -0.69   -13.56%
      18            1002  7825      和亞智慧                 60.60         26.50    35.20%        --       --       --       --       84.50    87.90    83.50    83.60        --        --
      19              21  9960      邁達康                   0.00          0.00    34.90%     29.10    30.25    29.10    30.25       39.35    41.40    38.85    41.20    +10.95   +36.20%
      20             664  8047      星雲                    0.00          0.00    34.88%     43.90    44.00    43.90    44.00       49.20    51.00    49.20    51.00     +7.00   +15.91%
      21              18  5355      佳總                    0.00          0.00    33.36%      5.97     5.99     5.78     5.99        6.98     7.00     6.80     7.00     +1.01   +16.86%
      22              19  4198      欣大健康                  0.00          0.00    33.32%     41.00    44.00    40.00    44.00       50.00    50.00    48.35    49.90     +5.90   +13.41%
      23              14  3693      營邦                  208.00         90.00    33.13%    555.00   599.00   549.00   587.00      719.00   734.00   701.00   702.00   +115.00   +19.59%
      24             955  4806      桂田文創                  0.00          0.00    32.47%      8.89     9.18     8.89     9.18          --       --       --       --        --        --
      25              27  6207      雷科                   23.50          0.00    32.46%    110.50   114.50   110.00   111.00      130.50   137.50   127.50   137.50    +26.50   +23.87%
      26              22  3219      倚強科                  30.80          0.00    32.01%     84.50    87.90    82.80    87.10      123.50   125.50   120.50   125.50    +38.40   +44.09%
      27              24  6199      天品                    0.00          0.00    31.97%     92.40    93.60    91.90    93.30      125.00   127.00   124.50   126.00    +32.70   +35.05%
      28              44  4542      科嶠                  123.50         56.00    31.67%    271.00   288.50   269.00   286.00      329.00   342.00   329.00   339.00    +53.00   +18.53%
      29              45  2924      宏太-KY                 0.00          0.00    31.36%     16.95    17.90    16.10    17.35       17.30    18.95    17.30    18.45     +1.10    +6.34%
      30              29  7770      君曜                    0.00          0.00    30.63%     36.55    36.55    36.55    36.55       39.50    42.95    39.50    42.95     +6.40   +17.51%
      31            1010  6236      中湛                    0.00          0.00    30.03%        --       --       --       --       18.45    18.45    18.45    18.45        --        --
      32              38  8027      鈦昇                   28.00          0.00    29.73%    183.50   192.00   181.00   185.00      187.00   202.00   185.50   202.00    +17.00    +9.19%
      33              28  6877      鏵友益                  11.00          0.00    29.65%    116.00   117.00   113.50   116.50      122.50   130.00   122.50   128.00    +11.50    +9.87%
      34              26  6925      意藍                    0.00          0.00    29.53%     50.30    50.90    50.10    50.90       72.00    75.00    71.00    75.00    +24.10   +47.35%
      35             968  6597      立誠                    0.00          0.00    29.44%     73.00    73.60    73.00    73.60       68.60    68.60    68.50    68.50     -5.10    -6.93%
      36              30  6291      沛亨                  191.50         95.50    29.29%    430.00   430.00   394.50   400.50      484.00   501.00   481.00   499.00    +98.50   +24.59%
      37              33  3609      三一東林                  0.00          0.00    29.20%     19.35    19.45    18.80    18.80       23.00    23.90    22.90    23.50     +4.70   +25.00%
      38              16  6173      信昌電                 140.00         44.00    29.12%    229.00   239.00   229.00   239.00      303.00   314.00   296.50   297.50    +58.50   +24.48%
      39              74  2061      風青                    0.00          0.00    28.95%     51.50    53.90    50.30    51.70       54.40    59.40    54.30    59.40     +7.70   +14.89%
      40              52  1569      濱川                    0.00          0.00    28.89%     44.85    46.80    44.65    46.30       65.00    66.30    63.30    65.00    +18.70   +40.39%
==========================================================================================================================================================================
✅ 共 40 筆


══════════════════════════════════════════════════════════════════════════════════════════════════════════════
  🔄 第  4/20 次  2026/08/27 ～ 2026/09/24
══════════════════════════════════════════════════════════════════════════════════════════════════════════════

==========================================================================================================================================================================
📊 動能效率優先權分數排名 (2026/08/27 ~ 2026/09/24)
==========================================================================================================================================================================
    實資排名          累計天數排名  代號        名稱                 累計漲停(元)       累計跌停(元)       強度%  (08/27)開盤      最高      最低      收盤    (09/24)開盤      最高      最低      收盤      賺賠    賺賠率
--------------------------------------------------------------------------------------------------------------------------------------------------------------------------
       1               1  7772      耀穎                   86.50         14.50   100.00%     90.00    92.00    88.30    89.00      173.00   182.00   170.50   180.00    +91.00  +102.25%
       2               3  8227      巨有科技                136.00         14.00    84.86%    168.00   169.00   160.00   160.00      305.00   309.00   295.00   306.50   +146.50   +91.56%
       3               2  6538      倉和                  286.00        107.50    80.54%    211.00   222.50   207.00   222.00      403.00   409.50   389.00   398.00   +176.00   +79.28%
       4               4  6945      圓祥生技                 20.20          0.00    57.91%    103.00   109.00   103.00   107.00      135.50   138.00   134.50   138.00    +31.00   +28.97%
       5               9  3624      光頡                   33.00         10.50    54.05%     91.40    94.30    88.60    90.90      132.50   144.50   132.00   140.00    +49.10   +54.02%
       6               5  3374      精材                  243.00        137.00    50.39%    335.00   362.50   331.00   351.00      462.50   464.50   442.00   449.00    +98.00   +27.92%
       7              11  7792      安葆                  130.50         16.50    46.96%    306.50   307.00   295.50   300.50      415.00   453.00   415.00   435.50   +135.00   +44.93%
       8               7  8064      東捷                   54.50         11.50    46.18%    102.00   106.00   102.00   104.50      131.00   142.00   130.50   139.00    +34.50   +33.01%
       9               8  2221      大甲                   48.50          0.00    45.54%     71.80    74.70    70.10    74.60      158.00   164.50   158.00   164.00    +89.40  +119.84%
      10              10  6870      騰雲                  125.50         46.00    41.93%    263.00   266.00   253.50   253.50      336.50   340.00   318.00   336.50    +83.00   +32.74%
      11              17  3441      聯一光                  68.50         21.50    41.39%    133.50   137.50   127.00   137.50      176.00   181.00   175.00   181.00    +43.50   +31.64%
      12               6  6173      信昌電                 159.50         44.00    39.51%    205.00   217.50   196.00   217.50      303.00   314.00   300.50   306.50    +89.00   +40.92%
      13              13  6620      漢達                   45.50         22.50    39.20%     75.80    78.20    75.80    76.90      129.00   129.00   120.00   124.00    +47.10   +61.25%
      14              24  3664      安瑞-KY                 0.00          0.00    38.96%      5.71     5.71     5.71     5.71        8.88     8.88     8.85     8.86     +3.15   +55.17%
      15              21  3324      雙鴻                 1065.00        425.00    38.15%   1080.00  1120.00  1055.00  1060.00     1595.00  1750.00  1590.00  1710.00   +650.00   +61.32%
      16             226  8444      綠河-KY                 0.00          0.00    37.58%      4.50     4.65     4.50     4.63        4.21     4.40     4.21     4.40     -0.23    -4.97%
      17              12  8431      匯鑽科                   0.00          0.00    36.03%     46.50    48.90    46.50    47.40       62.10    64.40    62.10    63.30    +15.90   +33.54%
      18            1005  7825      和亞智慧                 60.60         26.50    36.02%        --       --       --       --       75.50    82.20    75.50    82.20        --        --
      19              14  3693      營邦                  208.00         63.00    35.47%    559.00   570.00   551.00   556.00      732.00   748.00   713.00   729.00   +173.00   +31.12%
      20              19  6693      廣閎科                  62.00         20.00    34.72%    167.00   172.00   163.50   167.00      201.50   212.50   194.00   209.50    +42.50   +25.45%
      21              20  5355      佳總                    0.00          0.00    34.46%      5.90     6.00     5.60     6.00        6.71     6.80     6.70     6.80     +0.80   +13.33%
      22             760  8047      星雲                    0.00          0.00    34.03%     43.90    43.95    43.80    43.90       45.60    49.20    45.00    49.20     +5.30   +12.07%
      23              26  4198      欣大健康                  0.00          0.00    33.95%     40.00    40.00    40.00    40.00       51.10    52.50    48.60    49.80     +9.80   +24.50%
      24              16  3219      倚強科                  19.80          0.00    33.71%     77.20    84.50    77.20    84.50      107.00   114.50   105.50   114.50    +30.00   +35.50%
      25              88  9960      邁達康                   0.00          0.00    33.65%        --       --       --       --       37.05    39.35    36.30    39.35        --        --
      26             938  4806      桂田文創                  0.00          0.00    33.41%      9.12     9.21     9.12     9.21          --       --       --       --        --        --
      27            1010  6236      中湛                    0.00          0.00    33.04%     16.40    17.45    16.40    17.45       17.85    17.85    17.85    17.85     +0.40    +2.29%
      28              25  7828      創新服務               1050.00        655.00    32.29%   1615.00  1725.00  1560.00  1650.00     1970.00  2030.00  1945.00  1970.00   +320.00   +19.39%
      29              30  6199      天品                    0.00          0.00    32.26%     92.30    92.60    91.50    92.40      122.00   125.00   118.50   124.00    +31.60   +34.20%
      30              22  6291      沛亨                  193.50         95.50    32.13%    403.50   437.00   392.50   417.00      486.50   497.00   478.50   484.00    +67.00   +16.07%
      31              18  3105      穩懋                  175.50         79.00    31.93%    413.00   445.50   412.00   445.50      495.50   506.00   482.00   502.00    +56.50   +12.68%
      32              33  4908      前鼎                  108.00         82.00    31.79%    184.50   195.50   175.00   195.50      209.00   213.00   205.00   210.00    +14.50    +7.42%
      33              46  2924      宏太-KY                 0.00          0.00    31.08%     15.70    16.40    15.20    16.40       19.00    19.00    19.00    19.00     +2.60   +15.85%
      34             977  6597      立誠                    0.00          0.00    30.06%        --       --       --       --       65.60    68.70    65.60    68.70        --        --
      35              48  3467      台灣精材                  0.00          0.00    29.90%     48.10    50.50    48.10    49.40       86.10    86.10    81.50    81.50    +32.10   +64.98%
      36              96  4542      科嶠                  112.50         56.00    29.63%    276.00   277.00   267.00   269.00      323.50   357.00   320.50   328.00    +59.00   +21.93%
      37             769  6210      慶生                    0.00          0.00    29.30%     17.70    18.05    17.70    18.05       18.00    18.00    17.70    17.80     -0.25    -1.39%
      38              36  6865      偉康科技                  0.00          0.00    29.25%     25.50    26.00    25.50    26.00       28.20    28.20    27.30    28.05     +2.05    +7.88%
      39              67  1569      濱川                    0.00          0.00    29.20%     45.05    45.05    44.35    44.75       63.80    68.00    62.60    64.70    +19.95   +44.58%
      40              32  6218      豪勉                    0.00          0.00    29.02%     39.80    40.90    39.25    39.95       61.50    63.70    61.50    63.60    +23.65   +59.20%
==========================================================================================================================================================================
✅ 共 40 筆


══════════════════════════════════════════════════════════════════════════════════════════════════════════════
  🔄 第  5/20 次  2026/08/26 ～ 2026/09/23
══════════════════════════════════════════════════════════════════════════════════════════════════════════════

==========================================================================================================================================================================
📊 動能效率優先權分數排名 (2026/08/26 ~ 2026/09/23)
==========================================================================================================================================================================
    實資排名          累計天數排名  代號        名稱                 累計漲停(元)       累計跌停(元)       強度%  (08/26)開盤      最高      最低      收盤    (09/23)開盤      最高      最低      收盤      賺賠    賺賠率
--------------------------------------------------------------------------------------------------------------------------------------------------------------------------
       1               3  7772      耀穎                   86.50         14.50   100.00%     85.90    91.20    85.20    89.90      199.00   199.00   171.00   173.50    +83.60   +92.99%
       2               2  8227      巨有科技                136.00         14.00    88.82%    165.00   173.00   165.00   168.50      308.50   310.00   290.00   310.00   +141.50   +83.98%
       3               1  6538      倉和                  286.00         95.00    87.50%    201.00   217.00   198.00   212.00      440.00   457.50   405.00   410.50   +198.50   +93.63%
       4               4  3374      精材                  265.50        114.00    70.58%    308.00   340.00   305.00   333.50      486.00   486.00   463.00   472.00   +138.50   +41.53%
       5               5  6945      圓祥生技                 20.20          0.00    58.91%    100.00   103.00   100.00   101.50      135.00   137.50   128.00   137.00    +35.50   +34.98%
       6               6  3441      聯一光                  79.50         21.50    54.04%    113.50   125.00   113.00   125.00      180.50   180.50   175.50   177.50    +52.50   +42.00%
       7              12  3624      光頡                   33.00         10.50    53.65%     87.50    95.80    86.30    91.20      122.00   134.00   122.00   134.00    +42.80   +46.93%
       8              18  4908      前鼎                  124.00         82.00    44.94%    163.50   178.00   160.00   178.00      222.50   225.00   207.50   210.00    +32.00   +17.98%
       9              10  6620      漢達                   45.50         22.50    44.15%     74.60    77.10    74.60    75.80      126.50   132.50   125.00   130.00    +54.20   +71.50%
      10              24  7792      安葆                  110.50         16.50    43.85%    299.50   313.00   279.50   305.00      378.50   415.50   378.00   415.50   +110.50   +36.23%
      11              23  3664      安瑞-KY                 0.00          0.00    43.66%      5.40     5.79     5.38     5.79        8.25     9.00     8.25     8.90     +3.11   +53.71%
      12              11  8064      東捷                   54.50         11.50    43.64%     96.90   105.00    96.20   103.50      135.00   137.50   133.00   133.00    +29.50   +28.50%
      13               8  3105      穩懋                  201.50         79.00    43.26%    378.00   405.00   374.00   405.00      507.00   518.00   486.50   497.00    +92.00   +22.72%
      14              17  6870      騰雲                  125.50         46.00    42.88%    266.50   266.50   255.00   260.50      306.50   328.50   298.50   328.50    +68.00   +26.10%
      15              16  2221      大甲                   48.50          0.00    41.97%     68.00    71.60    67.50    71.40      166.00   168.50   149.50   158.50    +87.10  +121.99%
      16              19  7828      創新服務               1110.00        655.00    41.65%   1520.00  1595.00  1485.00  1580.00     1940.00  2025.00  1910.00  1970.00   +390.00   +24.68%
      17               7  6173      信昌電                 159.50         44.00    40.32%    197.50   201.50   195.00   198.00      306.00   313.00   301.00   302.50   +104.50   +52.78%
      18              14  6291      沛亨                  210.00         95.50    39.99%    384.00   407.50   381.00   400.00      501.00   504.00   485.00   493.00    +93.00   +23.25%
      19              37  3324      雙鴻                  960.00        425.00    39.14%   1070.00  1085.00  1055.00  1075.00     1605.00  1630.00  1555.00  1595.00   +520.00   +48.37%
      20              22  5355      佳總                    0.00          0.00    38.24%      5.53     5.92     5.53     5.92        6.80     6.85     6.73     6.80     +0.88   +14.86%
      21              21  3693      營邦                  208.00         63.00    38.06%    550.00   564.00   547.00   558.00      706.00   738.00   705.00   732.00   +174.00   +31.18%
      22              20  8431      匯鑽科                   0.00          0.00    37.50%     45.30    46.30    45.30    46.05       64.00    64.60    62.30    63.20    +17.15   +37.24%
      23              13  8358      金居                  241.00        173.50    37.24%    420.00   456.50   419.00   449.50      498.00   502.00   490.00   497.00    +47.50   +10.57%
      24             692  8444      綠河-KY                 0.00          0.00    37.10%      5.00     5.00     4.96     4.96        4.35     4.44     4.30     4.44     -0.52   -10.48%
      25            1010  6236      中湛                    0.00          0.00    37.02%     14.95    15.90    14.95    15.90       17.30    17.30    17.30    17.30     +1.40    +8.81%
      26              58  6617      共信-KY                45.50          0.00    36.93%    116.00   127.00   115.50   127.00      142.00   143.50   136.50   142.00    +15.00   +11.81%
      27              15  3529      力旺                 2035.00        925.00    36.83%   2170.00  2410.00  2155.00  2410.00     3190.00  3350.00  3020.00  3305.00   +895.00   +37.14%
      28              60  4542      科嶠                  123.00         56.00    36.20%    265.00   282.00   258.50   275.50      325.50   335.00   317.00   331.50    +56.00   +20.33%
      29              34  7717      萊德光電-KY             332.00        107.50    36.20%    394.00   431.00   394.00   417.50      601.00   631.00   596.00   608.00   +190.50   +45.63%
      30              32  4198      欣大健康                  0.00          0.00    36.07%     41.60    41.60    40.15    41.20       49.10    49.40    47.50    49.40     +8.20   +19.90%
      31              28  3363      上詮                  230.00        191.00    35.93%    630.00   654.00   623.00   650.00      660.00   665.00   631.00   643.00     -7.00    -1.08%
      32              31  3467      台灣精材                  0.00          0.00    35.24%     46.05    48.80    46.05    48.25       88.80    88.80    85.00    86.50    +38.25   +79.27%
      33            1008  7825      和亞智慧                 60.60         26.50    35.23%        --       --       --       --       75.30    76.80    74.80    74.80        --        --
      34             906  4806      桂田文創                  0.00          0.00    34.86%      9.28     9.28     9.28     9.28          --       --       --       --        --        --
      35              35  6693      廣閎科                  49.50         20.00    33.54%    166.00   169.00   164.00   168.00      180.00   197.00   180.00   197.00    +29.00   +17.26%
      36              42  2924      宏太-KY                 0.00          0.00    33.46%     15.50    16.15    15.30    15.90       19.05    19.05    19.05    19.05     +3.15   +19.81%
      37               9  6147      頎邦                   58.50          9.50    32.88%    166.00   185.50   166.00   185.50      221.00   227.00   213.50   214.50    +29.00   +15.63%
      38             666  9960      邁達康                   0.00          0.00    32.63%        --       --       --       --       35.25    38.70    32.75    37.60        --        --
      39              41  6199      天品                    0.00          0.00    32.41%     93.70    95.80    92.00    92.30      116.50   122.00   116.00   122.00    +29.70   +32.18%
      40             654  6210      慶生                    0.00          0.00    32.40%     17.15    17.75    17.10    17.75       17.00    17.40    17.00    17.40     -0.35    -1.97%
==========================================================================================================================================================================
✅ 共 40 筆


══════════════════════════════════════════════════════════════════════════════════════════════════════════════
  🔄 第  6/20 次  2026/08/24 ～ 2026/09/22
══════════════════════════════════════════════════════════════════════════════════════════════════════════════

==========================================================================================================================================================================
📊 動能效率優先權分數排名 (2026/08/24 ~ 2026/09/22)
==========================================================================================================================================================================
    實資排名          累計天數排名  代號        名稱                 累計漲停(元)       累計跌停(元)       強度%  (08/24)開盤      最高      最低      收盤    (09/22)開盤      最高      最低      收盤      賺賠    賺賠率
--------------------------------------------------------------------------------------------------------------------------------------------------------------------------
       1               1  7772      耀穎                   86.50          0.00   100.00%     85.30    88.40    84.70    87.90      177.50   188.00   176.00   188.00   +100.10  +113.88%
       2               2  6538      倉和                  286.00         60.00    77.58%    194.50   204.50   193.00   193.00      440.00   468.00   416.50   445.50   +252.50  +130.83%
       3               3  8227      巨有科技                136.00         14.00    71.45%    155.50   155.50   149.50   150.00      299.50   316.00   295.00   305.00   +155.00  +103.33%
       4               4  3374      精材                  265.50         99.00    60.17%    302.00   312.50   299.00   302.50      465.00   487.00   459.00   487.00   +184.50   +60.99%
       5               5  6945      圓祥生技                 20.20          0.00    47.46%    101.50   104.00   100.00   101.50      130.50   137.50   130.50   135.00    +33.50   +33.00%
       6              11  3441      聯一光                  79.50         21.50    45.92%    113.50   117.00   109.00   112.50      175.50   181.50   172.50   181.00    +68.50   +60.89%
       7               6  2221      大甲                   48.50          0.00    44.62%     59.40    63.30    58.50    63.30      152.00   154.00   147.50   154.00    +90.70  +143.29%
       8              14  3324      雙鴻                 1006.00        425.00    39.42%    973.00  1050.00   970.00  1015.00     1580.00  1630.00  1545.00  1600.00   +585.00   +57.64%
       9              19  4908      前鼎                  124.00         69.50    38.00%    154.00   156.00   147.00   147.50      233.50   234.00   222.50   222.50    +75.00   +50.85%
      10              15  3624      光頡                   21.00         10.50    37.92%     86.90    89.10    86.00    86.10      133.50   136.00   122.00   122.00    +35.90   +41.70%
      11              10  8064      東捷                   54.50         11.50    37.83%     97.30    99.60    96.70    97.00      139.00   142.00   133.00   134.00    +37.00   +38.14%
      12               8  3693      營邦                  194.00         63.00    36.02%    515.00   547.00   514.00   533.00      719.00   739.00   697.00   700.00   +167.00   +31.33%
      13              13  6620      漢達                   45.50         22.50    35.75%     75.00    76.00    74.70    75.80      137.50   137.50   125.00   126.50    +50.70   +66.89%
      14               7  3529      力旺                 1885.00        925.00    34.18%   2155.00  2215.00  2140.00  2200.00     2895.00  3110.00  2890.00  3110.00   +910.00   +41.36%
      15               9  6173      信昌電                 159.50         44.00    33.62%    209.50   215.00   203.00   203.00      330.50   331.00   300.00   303.00   +100.00   +49.26%
      16              23  3664      安瑞-KY                 0.00          0.00    33.58%      5.42     5.42     5.36     5.36        8.00     8.50     8.00     8.25     +2.89   +53.92%
      17              42  6617      共信-KY                45.50          0.00    32.73%    105.50   116.00   102.50   111.00      140.50   142.00   138.00   141.00    +30.00   +27.03%
      18              16  6290      良維                   89.00         28.00    32.39%    217.00   232.50   216.50   229.00      286.00   291.50   275.50   276.00    +47.00   +20.52%
      19              17  6870      騰雲                   96.00         46.00    32.11%    264.50   264.50   257.00   260.50      312.00   314.00   299.00   299.00    +38.50   +14.78%
      20              21  5355      佳總                    0.00          0.00    31.44%      5.91     5.91     5.53     5.79        6.99     7.00     6.62     6.95     +1.16   +20.03%
      21            1011  6236      中湛                    0.00          0.00    31.10%        --       --       --       --       15.75    16.75    15.75    16.75        --        --
      22              18  8431      匯鑽科                   0.00          0.00    31.10%     46.65    47.00    45.50    45.50       65.00    68.40    63.10    64.00    +18.50   +40.66%
      23              93  4806      桂田文創                  0.00          0.00    30.90%      8.80     9.22     8.80     9.22        9.48    10.40     9.02    10.40     +1.18   +12.80%
      24              26  3467      台灣精材                  0.00          0.00    30.71%     45.85    46.15    45.80    46.15       77.70    85.00    77.70    84.80    +38.65   +83.75%
      25             892  8444      綠河-KY                 0.00          0.00    30.50%        --       --       --       --        4.46     4.51     4.46     4.51        --        --
      26              20  3234      光環                   66.50         40.50    30.29%    150.50   166.00   148.00   166.00      180.50   181.00   172.50   173.00     +7.00    +4.22%
      27              12  6147      頎邦                   58.50          9.50    30.03%    157.50   162.00   157.00   157.00      230.00   233.00   218.00   219.00    +62.00   +39.49%
      28            1008  7825      和亞智慧                 60.60         26.50    29.80%        --       --       --       --       77.40    77.50    74.90    75.50        --        --
      29              34  4198      欣大健康                  0.00          0.00    29.74%     41.70    41.70    40.00    41.20       47.30    49.40    47.10    49.40     +8.20   +19.90%
      30              74  4542      科嶠                  123.00         56.00    29.41%    251.50   265.00   248.50   250.00      318.00   332.50   310.00   332.50    +82.50   +33.00%
      31              24  6654      天正國際                 59.00         26.50    29.19%    163.00   165.00   160.00   164.50      211.50   211.50   200.00   201.00    +36.50   +22.19%
      32              33  7792      安葆                   73.00         16.50    29.10%    295.00   303.50   293.00   298.50      345.00   378.00   332.00   378.00    +79.50   +26.63%
      33              22  6683      雍智科技                840.00        365.00    28.88%   1090.00  1140.00  1080.00  1090.00     1645.00  1655.00  1585.00  1590.00   +500.00   +45.87%
      34             899  2724      藝舍-KY                 0.00          0.00    28.86%     10.70    11.00    10.70    11.00       12.25    12.25    12.25    12.25     +1.25   +11.36%
      35              28  3219      倚強科                   9.80          0.00    28.26%     71.70    78.50    71.60    76.80      104.50   108.50    99.70   108.50    +31.70   +41.28%
      36              29  6291      沛亨                  210.00        118.00    27.87%    388.50   391.50   366.00   366.00      520.00   520.00   492.50   501.00   +135.00   +36.89%
      37              35  4924      欣厚-KY                 0.00          0.00    27.86%      9.58     9.74     9.58     9.74       18.75    18.75    18.75    18.75     +9.01   +92.51%
      38             304  6929      佑全                    0.00          0.00    27.51%     22.85    23.90    22.85    23.80       22.00    22.00    22.00    22.00     -1.80    -7.56%
      39              48  2924      宏太-KY                 0.00          0.00    27.16%     17.15    17.15    15.80    16.60       17.65    19.00    17.65    19.00     +2.40   +14.46%
      40             769  6210      慶生                    0.00          0.00    26.96%     17.50    18.10    17.50    17.70       17.30    17.75    17.30    17.45     -0.25    -1.41%
==========================================================================================================================================================================
✅ 共 40 筆


══════════════════════════════════════════════════════════════════════════════════════════════════════════════
  🔄 第  7/20 次  2026/08/21 ～ 2026/09/21
══════════════════════════════════════════════════════════════════════════════════════════════════════════════

==========================================================================================================================================================================
📊 動能效率優先權分數排名 (2026/08/21 ~ 2026/09/21)
==========================================================================================================================================================================
    實資排名          累計天數排名  代號        名稱                 累計漲停(元)       累計跌停(元)       強度%  (08/21)開盤      最高      最低      收盤    (09/21)開盤      最高      最低      收盤      賺賠    賺賠率
--------------------------------------------------------------------------------------------------------------------------------------------------------------------------
       1               2  7772      耀穎                   69.50          0.00   100.00%     86.80    87.90    86.00    87.10      152.00   171.00   147.00   171.00    +83.90   +96.33%
       2               1  6538      倉和                  267.00         60.00    87.64%    207.00   208.00   191.00   196.50      412.00   426.50   400.00   426.50   +230.00  +117.05%
       3               3  8227      巨有科技                118.50         14.00    83.14%    147.50   160.50   146.00   156.00      282.00   287.50   271.50   287.50   +131.50   +84.29%
       4               4  3374      精材                  221.50         99.00    66.15%    304.00   316.00   298.50   306.50      451.50   456.00   432.00   443.00   +136.50   +44.54%
       5               5  3441      聯一光                  89.20         21.50    61.97%    102.00   107.00    95.50   107.00      190.00   190.00   175.00   177.50    +70.50   +65.89%
       6               6  2221      大甲                   34.50          0.00    50.58%     54.50    57.90    54.30    57.60      136.00   140.00   136.00   140.00    +82.40  +143.06%
       7               9  6945      圓祥生技                 20.20          0.00    49.52%    103.50   104.50   100.50   101.50      131.00   137.00   124.50   135.00    +33.50   +33.00%
       8              13  3624      光頡                   21.00          0.00    48.87%     85.70    91.70    85.70    87.80      130.00   138.00   129.00   132.50    +44.70   +50.91%
       9              10  8064      東捷                   54.50         11.50    46.53%     98.70   101.50    96.90    97.70      137.00   142.00   133.50   138.00    +40.30   +41.25%
      10              12  6620      漢達                   45.50         11.50    45.13%     75.50    76.60    75.00    75.00      151.50   152.00   135.00   137.50    +62.50   +83.33%
      11              19  4908      前鼎                  124.00         60.00    44.21%    156.00   157.00   152.00   153.00      241.50   245.00   231.50   232.00    +79.00   +51.63%
      12               8  3693      營邦                  194.00         63.00    43.46%    513.00   518.00   506.00   515.00      704.00   712.00   691.00   702.00   +187.00   +36.31%
      13               7  6173      信昌電                 159.50         44.00    43.39%    220.50   227.00   211.50   212.00      311.00   318.50   308.00   308.00    +96.00   +45.28%
      14              17  6290      良維                   89.00         28.00    38.39%    216.00   217.00   210.00   211.50      280.00   284.50   277.00   281.00    +69.50   +32.86%
      15              22  3664      安瑞-KY                 0.00          0.00    37.83%      5.56     5.79     5.56     5.79        8.44     8.50     8.40     8.50     +2.71   +46.80%
      16              20  6870      騰雲                   96.00         33.00    37.39%    266.00   266.00   259.00   264.50      310.50   319.00   307.00   312.00    +47.50   +17.96%
      17              14  6291      沛亨                  220.00        118.00    37.23%    374.00   394.00   373.00   388.50      522.00   522.00   506.00   508.00   +119.50   +30.76%
      18              11  6147      頎邦                   58.50          9.50    36.49%    162.00   162.50   155.00   156.50      230.00   230.00   222.50   224.00    +67.50   +43.13%
      19              15  8431      匯鑽科                   0.00          0.00    36.42%     45.00    47.50    45.00    46.60       63.00    68.60    61.80    64.40    +17.80   +38.20%
      20              18  3234      光環                   66.50         40.50    36.14%    150.00   152.50   141.50   151.00      183.50   187.00   178.50   178.50    +27.50   +18.21%
      21              23  6654      天正國際                 59.00         26.50    35.59%    164.00   165.00   164.00   165.00      199.00   209.00   197.00   208.00    +43.00   +26.06%
      22              24  5355      佳總                    0.00          0.00    34.90%      6.00     6.00     5.70     5.98        6.57     6.99     6.57     6.99     +1.01   +16.89%
      23              43  3324      雙鴻                  926.00        449.00    33.68%    987.00   991.00   965.00   969.00     1500.00  1535.00  1460.00  1520.00   +551.00   +56.86%
      24            1009  7825      和亞智慧                 60.60         26.50    33.45%        --       --       --       --       79.00    79.00    76.00    76.10        --        --
      25              90  6617      共信-KY                45.50          0.00    33.24%    114.50   114.50   106.50   107.50      143.00   143.00   139.00   141.00    +33.50   +31.16%
      26             898  8444      綠河-KY                 0.00          0.00    33.21%      5.28     5.28     5.28     5.28          --       --       --       --        --        --
      27            1011  6236      中湛                    0.00          0.00    33.09%     14.65    15.10    14.65    15.10       14.40    17.50    14.40    17.50     +2.40   +15.89%
      28              78  3228      金麗科                  26.50          0.00    32.40%    141.00   141.50   139.00   141.00      167.00   177.50   166.50   174.00    +33.00   +23.40%
      29              33  4198      欣大健康                  0.00          0.00    32.26%     39.65    42.90    39.65    40.95       49.30    49.45    47.60    49.40     +8.45   +20.63%
      30              29  6218      豪勉                    0.00          0.00    31.65%     38.00    39.00    37.55    37.85       66.10    67.70    66.10    67.70    +29.85   +78.86%
      31             900  2724      藝舍-KY                 0.00          0.00    31.46%     10.75    10.75    10.70    10.70       11.90    11.95    11.85    11.85     +1.15   +10.75%
      32              16  8358      金居                  263.50        192.50    31.14%    417.00   444.00   404.50   436.00      500.00   500.00   485.00   491.50    +55.50   +12.73%
      33              30  3467      台灣精材                  0.00          0.00    31.02%     45.50    46.45    45.50    46.35       78.00    78.00    75.10    77.40    +31.05   +66.99%
      34              21  6640      均華                  556.00        417.00    30.58%    966.00  1045.00   960.00  1045.00     1185.00  1185.00  1110.00  1110.00    +65.00    +6.22%
      35              35  4924      欣厚-KY                 0.00          0.00    30.38%      9.60     9.62     9.59     9.59       15.35    17.05    15.30    17.05     +7.46   +77.79%
      36             207  4806      桂田文創                  0.00          0.00    30.15%      9.30     9.30     9.00     9.27        8.86     9.50     8.86     9.50     +0.23    +2.48%
      37              31  3354      律勝                    0.00          0.00    30.11%     20.90    20.95    20.25    20.30       29.70    31.50    28.80    30.40    +10.10   +49.75%
      38             118  4542      科嶠                   93.00         56.00    30.01%    251.00   260.50   248.00   252.50      279.00   302.50   276.50   302.50    +50.00   +19.80%
      39              38  5013      強新                    0.00          0.00    29.64%     27.30    27.70    26.65    27.70       29.45    32.10    29.45    32.10     +4.40   +15.88%
      40             730  6210      慶生                    0.00          0.00    29.44%     17.20    17.40    17.20    17.40       17.30    17.30    17.00    17.25     -0.15    -0.86%
==========================================================================================================================================================================
✅ 共 40 筆


══════════════════════════════════════════════════════════════════════════════════════════════════════════════
  🔄 第  8/20 次  2026/08/20 ～ 2026/09/18
══════════════════════════════════════════════════════════════════════════════════════════════════════════════

==========================================================================================================================================================================
📊 動能效率優先權分數排名 (2026/08/20 ~ 2026/09/18)
==========================================================================================================================================================================
    實資排名          累計天數排名  代號        名稱                 累計漲停(元)       累計跌停(元)       強度%  (08/20)開盤      最高      最低      收盤    (09/18)開盤      最高      最低      收盤      賺賠    賺賠率
--------------------------------------------------------------------------------------------------------------------------------------------------------------------------
       1               1  6538      倉和                  228.50         60.00   100.00%    188.00   195.00   175.00   194.00      352.50   388.00   348.50   388.00   +194.00  +100.00%
       2               2  8227      巨有科技                118.50         14.00    93.35%    152.00   153.00   146.50   147.00      263.00   279.00   252.00   279.00   +132.00   +89.80%
       3               3  3441      聯一光                  89.20         21.50    83.33%     93.30    97.30    91.70    97.30      185.00   187.00   177.00   185.50    +88.20   +90.65%
       4               5  3374      精材                  221.50         99.00    77.15%    321.00   328.50   294.50   303.50      440.00   444.50   418.50   444.50   +141.00   +46.46%
       5               4  7772      耀穎                   54.00          0.00    76.38%     88.00    88.60    86.90    87.30      148.00   160.50   147.00   155.50    +68.20   +78.12%
       6               8  6620      漢達                   45.50          0.00    64.55%     74.80    76.70    74.80    75.80      147.00   155.00   140.50   149.00    +73.20   +96.57%
       7               6  2221      大甲                   22.00          0.00    54.87%     53.20    55.00    53.20    54.30      124.00   127.50   119.00   127.50    +73.20  +134.81%
       8              19  4908      前鼎                  124.00         48.50    54.84%    152.50   156.50   149.00   154.00      240.00   248.50   232.50   243.50    +89.50   +58.12%
       9              11  8064      東捷                   54.50         11.50    53.32%     99.30   101.00    97.10    98.70      127.50   136.00   125.00   136.00    +37.30   +37.79%
      10              12  6945      圓祥生技                 20.20          0.00    52.73%    104.00   105.00   101.00   101.50      119.50   132.00   114.00   132.00    +30.50   +30.05%
      11              15  3624      光頡                   21.00          0.00    52.55%     90.40    92.40    85.40    86.30      122.00   126.50   117.00   126.00    +39.70   +46.00%
      12               7  6173      信昌電                 159.50         44.00    52.38%    219.00   228.00   211.00   221.00      309.00   314.00   300.00   314.00    +93.00   +42.08%
      13               9  3693      營邦                  194.00         63.00    51.55%    514.00   523.00   500.00   516.00      717.00   721.00   693.00   704.00   +188.00   +36.43%
      14              10  6147      頎邦                   58.50          9.50    45.95%    163.00   167.00   159.00   163.50      217.00   229.00   213.00   229.00    +65.50   +40.06%
      15              16  6291      沛亨                  220.00        102.00    44.70%    385.00   386.00   367.00   378.50      523.00   525.00   500.00   524.00   +145.50   +38.44%
      16              23  3664      安瑞-KY                 0.00          0.00    44.06%      5.55     5.66     5.55     5.56        8.15     8.40     8.15     8.40     +2.84   +51.08%
      17              18  3234      光環                   66.50         40.50    43.62%    153.00   153.00   142.00   151.00      178.50   185.00   175.00   180.00    +29.00   +19.21%
      18              20  6870      騰雲                   96.00         33.00    43.00%    263.50   265.00   259.00   261.00      327.50   327.50   312.00   312.00    +51.00   +19.54%
      19              24  6290      良維                   89.00         28.00    42.28%    225.50   226.00   212.00   214.50      274.00   288.00   270.50   282.50    +68.00   +31.70%
      20              62  6617      共信-KY                45.50          0.00    42.17%    104.50   104.50   104.50   104.50      143.00   144.50   139.50   143.00    +38.50   +36.84%
      21              14  8431      匯鑽科                   0.00          0.00    41.90%     45.00    45.50    44.85    45.30       64.50    65.60    62.20    62.50    +17.20   +37.97%
      22              17  5355      佳總                    0.00          0.00    40.74%      5.65     6.00     5.50     6.00        6.93     6.99     6.82     6.99     +0.99   +16.50%
      23            1010  7825      和亞智慧                 60.60         26.50    40.26%        --       --       --       --       82.00    84.80    78.70    79.70        --        --
      24             799  8444      綠河-KY                 0.00          0.00    38.82%      5.01     5.01     5.01     5.01        4.60     4.60     4.50     4.59     -0.42    -8.38%
      25              13  3491      昇達科                 780.00        420.00    38.42%   1260.00  1305.00  1235.00  1285.00     1515.00  1565.00  1475.00  1565.00   +280.00   +21.79%
      26              51  3324      雙鴻                  886.00        449.00    38.07%   1000.00  1005.00   970.00   993.00     1480.00  1515.00  1420.00  1480.00   +487.00   +49.04%
      27              21  3105      穩懋                  206.50         87.50    37.74%    370.00   379.00   359.50   379.00      487.50   502.00   467.00   500.00   +121.00   +31.93%
      28              26  6654      天正國際                 48.50         26.50    37.66%    167.50   168.00   163.00   166.00      200.00   201.50   196.00   197.50    +31.50   +18.98%
      29              29  4198      欣大健康                  0.00          0.00    37.60%     42.90    42.90    42.90    42.90       49.45    49.45    49.45    49.45     +6.55   +15.27%
      30             896  2724      藝舍-KY                 0.00          0.00    36.94%     10.70    10.70    10.70    10.70       10.75    11.65    10.75    11.65     +0.95    +8.88%
      31              22  8358      金居                  263.50        192.50    36.63%    420.00   428.50   406.00   413.50      487.50   499.50   484.00   499.50    +86.00   +20.80%
      32              28  3467      台灣精材                  0.00          0.00    36.38%     45.95    45.95    45.35    45.75       76.00    77.40    73.40    77.40    +31.65   +69.18%
      33              25  6217      中探針                  49.00          0.00    36.17%    156.00   157.00   148.50   153.50      165.00   178.50   165.00   178.50    +25.00   +16.29%
      34             570  6210      慶生                    0.00          0.00    36.02%     16.85    17.40    16.85    17.40       16.80    17.55    16.70    17.55     +0.15    +0.86%
      35             106  6929      佑全                    0.00          0.00    34.77%     23.00    24.20    23.00    23.35       21.90    22.05    21.90    22.05     -1.30    -5.57%
      36              42  7828      創新服務               1095.00        550.00    34.40%   1640.00  1670.00  1595.00  1650.00     2010.00  2125.00  2010.00  2125.00   +475.00   +28.79%
      37              37  6218      豪勉                    0.00          0.00    34.26%     39.30    39.30    37.40    38.00       57.20    61.60    56.10    61.60    +23.60   +62.11%
      38              54  6207      雷科                   10.00          0.00    34.18%    104.00   105.50   100.00   103.00      114.00   115.50   111.50   115.50    +12.50   +12.14%
      39             919  4192      杏國                    0.00          0.00    34.03%     19.00    20.00    19.00    19.45       17.95    18.30    17.95    18.30     -1.15    -5.91%
      40              27  6865      偉康科技                  0.00          0.00    33.93%     24.60    26.60    24.30    26.60       27.10    27.40    26.60    27.00     +0.40    +1.50%
==========================================================================================================================================================================
✅ 共 40 筆


══════════════════════════════════════════════════════════════════════════════════════════════════════════════
  🔄 第  9/20 次  2026/08/19 ～ 2026/09/17
══════════════════════════════════════════════════════════════════════════════════════════════════════════════

==========================================================================================================================================================================
📊 動能效率優先權分數排名 (2026/08/19 ~ 2026/09/17)
==========================================================================================================================================================================
    實資排名          累計天數排名  代號        名稱                 累計漲停(元)       累計跌停(元)       強度%  (08/19)開盤      最高      最低      收盤    (09/17)開盤      最高      最低      收盤      賺賠    賺賠率
--------------------------------------------------------------------------------------------------------------------------------------------------------------------------
       1               1  6538      倉和                  193.50         60.00   100.00%    186.00   197.50   185.00   191.50      377.00   392.50   344.00   353.00   +161.50   +84.33%
       2               3  3441      聯一光                  89.20         21.50    97.19%     83.60    90.30    82.20    88.50      198.50   201.00   188.50   192.50   +104.00  +117.51%
       3               4  8227      巨有科技                 97.50         14.00    94.44%    148.00   151.00   145.00   148.00      273.00   281.00   258.00   258.00   +110.00   +74.32%
       4               5  3374      精材                  206.00         99.00    87.11%    296.00   306.50   294.00   299.00      429.00   445.00   423.00   429.00   +130.00   +43.48%
       5               2  6173      信昌電                 168.00         44.00    77.61%    190.00   213.50   189.50   213.50      315.00   325.00   295.00   303.50    +90.00   +42.15%
       6               6  7772      耀穎                   44.50          0.00    71.45%     88.00    92.00    88.00    89.00      133.00   146.00   133.00   146.00    +57.00   +64.04%
       7               9  6620      漢達                   45.50          0.00    68.95%     76.50    76.50    74.70    74.80      143.00   147.00   143.00   147.00    +72.20   +96.52%
       8              10  4908      前鼎                  124.00         48.50    64.99%    143.50   155.00   143.50   152.50      245.00   262.00   232.50   238.00    +85.50   +56.07%
       9              17  3624      光頡                   21.00          0.00    59.80%     82.50    93.00    82.50    89.70      124.50   130.00   115.00   118.00    +28.30   +31.55%
      10               7  6290      良維                   86.50         28.00    59.49%    205.00   229.00   204.00   223.50      267.50   282.00   266.00   266.00    +42.50   +19.02%
      11               8  2221      大甲                   10.50          0.00    57.44%     53.70    53.70    51.80    52.60      110.50   116.00   108.00   116.00    +63.40  +120.53%
      12              11  6870      騰雲                   96.00         23.00    56.27%    248.50   265.00   248.50   261.50      317.50   322.50   309.00   322.00    +60.50   +23.14%
      13              13  6291      沛亨                  220.00        102.00    53.77%    360.50   396.00   360.00   376.00      494.50   539.00   494.50   517.00   +141.00   +37.50%
      14              12  3234      光環                   66.50         40.50    53.23%    138.50   149.50   138.00   147.50      180.00   194.00   176.00   177.00    +29.50   +20.00%
      15              18  8064      東捷                   54.50         11.50    51.12%     98.50   102.50    96.60    99.20      123.00   130.00   123.00   130.00    +30.80   +31.05%
      16              22  3324      雙鴻                  802.00        449.00    50.93%    962.00  1005.00   955.00   989.00     1375.00  1460.00  1335.00  1385.00   +396.00   +40.04%
      17              15  5355      佳總                    0.00          0.00    49.78%      5.35     5.74     5.35     5.65        7.09     7.09     6.51     6.93     +1.28   +22.65%
      18              16  8431      匯鑽科                   0.00          0.00    49.33%     45.25    46.35    44.50    44.50       65.00    68.00    63.40    64.80    +20.30   +45.62%
      19              24  3664      安瑞-KY                 0.00          0.00    48.76%      6.07     6.07     6.00     6.00        8.14     8.15     8.14     8.15     +2.15   +35.83%
      20              59  6617      共信-KY                45.50          0.00    47.90%     97.00    97.00    94.50    95.20      138.00   149.00   137.50   143.00    +47.80   +50.21%
      21            1010  7825      和亞智慧                 60.60         26.50    47.74%        --       --       --       --       88.60    90.00    83.20    83.90        --        --
      22              14  6147      頎邦                   39.00          9.50    47.32%    157.00   165.50   156.50   161.50      212.50   219.00   206.00   209.50    +48.00   +29.72%
      23              20  6654      天正國際                 48.50         26.50    46.36%    162.50   167.50   162.50   167.50      201.00   202.00   199.00   200.00    +32.50   +19.40%
      24             890  8444      綠河-KY                 0.00          0.00    45.28%        --       --       --       --        4.30     5.00     4.25     5.00        --        --
      25              21  3693      營邦                  194.00         78.00    44.69%    509.00   522.00   502.00   508.00      693.00   725.00   688.00   697.00   +189.00   +37.20%
      26              42  6179      亞通                    0.00          0.00    44.05%     26.60    27.20    26.60    26.85       38.00    41.45    37.75    41.45    +14.60   +54.38%
      27              49  4198      欣大健康                  0.00          0.00    43.82%        --       --       --       --       49.50    49.95    47.60    49.45        --        --
      28              31  6945      圓祥生技                 20.20          0.00    43.34%    101.00   102.50    99.50    99.50      119.50   130.00   118.00   124.00    +24.50   +24.62%
      29              25  3467      台灣精材                  0.00          0.00    42.96%     44.70    46.05    44.00    45.95       72.80    78.70    70.80    73.50    +27.55   +59.96%
      30              19  8358      金居                  242.50        192.50    42.77%    398.00   413.50   392.00   410.50      506.00   507.00   477.50   478.50    +68.00   +16.57%
      31              26  6588      東典光電                 19.50          0.00    42.20%     92.70    98.50    91.10    95.00      115.50   121.00   114.50   118.50    +23.50   +24.74%
      32             989  6597      立誠                    0.00          0.00    41.54%     67.20    73.00    67.20    73.00       73.40    73.40    68.00    69.90     -3.10    -4.25%
      33             664  6210      慶生                    0.00          0.00    40.34%     16.90    17.25    16.90    17.10       16.65    17.40    16.65    17.10     +0.00    +0.00%
      34             116  6929      佑全                    0.00          0.00    40.20%     22.45    22.45    21.95    22.40       22.00    22.00    21.35    21.35     -1.05    -4.69%
      35              51  6207      雷科                   10.00          0.00    40.07%     99.30   108.00    99.30   102.00      110.00   117.50   110.00   113.50    +11.50   +11.27%
      36              44  6865      偉康科技                  0.00          0.00    39.94%        --       --       --       --       26.45    26.50    26.10    26.50        --        --
      37              89  4542      科嶠                   65.50         56.00    39.49%    243.00   255.00   240.50   254.00      258.00   278.50   257.50   278.50    +24.50    +9.65%
      38              29  3141      晶宏                    0.00          0.00    39.02%     68.20    71.20    67.80    71.10       93.40    97.50    93.20    94.40    +23.30   +32.77%
      39             562  8047      星雲                    0.00          0.00    38.98%     48.00    49.15    46.00    49.15       45.25    45.90    45.15    45.15     -4.00    -8.14%
      40             947  4192      杏國                    0.00          0.00    38.83%        --       --       --       --       18.80    18.80    17.75    18.15        --        --
==========================================================================================================================================================================
✅ 共 40 筆


══════════════════════════════════════════════════════════════════════════════════════════════════════════════
  🔄 第 10/20 次  2026/08/18 ～ 2026/09/16
══════════════════════════════════════════════════════════════════════════════════════════════════════════════

==========================================================================================================================================================================
📊 動能效率優先權分數排名 (2026/08/18 ~ 2026/09/16)
==========================================================================================================================================================================
    實資排名          累計天數排名  代號        名稱                 累計漲停(元)       累計跌停(元)       強度%  (08/18)開盤      最高      最低      收盤    (09/16)開盤      最高      最低      收盤      賺賠    賺賠率
--------------------------------------------------------------------------------------------------------------------------------------------------------------------------
       1               1  6538      倉和                  193.50         32.50   100.00%    186.50   198.50   181.00   192.00      370.50   398.50   365.00   380.50   +188.50   +98.18%
       2               2  3374      精材                  220.00         99.00    98.00%    291.00   321.50   288.00   306.50      417.00   436.00   410.50   424.00   +117.50   +38.34%
       3               4  8227      巨有科技                 97.50          0.00    92.22%    154.50   154.50   149.00   149.50      250.50   274.00   248.00   272.00   +122.50   +81.94%
       4               3  3441      聯一光                  89.20         21.50    91.59%     87.40    90.50    84.60    86.20      170.00   186.00   170.00   186.00    +99.80  +115.78%
       5              11  3624      光頡                   21.00          0.00    60.73%     86.50    89.40    84.80    84.80      125.00   127.00   121.00   123.00    +38.20   +45.05%
       6              13  6620      漢達                   32.50          0.00    55.15%     77.70    77.70    76.60    76.60      119.00   134.00   118.50   134.00    +57.40   +74.93%
       7               9  6290      良維                   86.50         28.00    52.64%    218.00   219.50   208.50   209.50      253.00   269.00   253.00   264.00    +54.50   +26.01%
       8               5  6173      信昌電                 168.00         49.00    50.70%    207.50   215.50   191.00   194.50      304.00   323.00   295.00   315.00   +120.50   +61.95%
       9              10  6870      騰雲                   96.00         23.00    48.92%    261.00   267.00   256.00   257.50      326.50   330.00   301.00   316.00    +58.50   +22.72%
      10              12  3234      光環                   66.50         40.50    48.39%    149.00   154.00   141.00   146.00      163.50   179.50   163.50   177.50    +31.50   +21.58%
      11               8  2221      大甲                    0.00          0.00    47.58%     54.00    54.70    53.20    54.40       96.10   105.50    95.60   105.50    +51.10   +93.93%
      12               7  5355      佳總                    0.00          0.00    47.24%      5.36     5.59     5.23     5.49        6.48     7.10     6.46     6.85     +1.36   +24.77%
      13             983  6597      立誠                    0.00          0.00    44.84%     62.10    68.70    62.10    68.70       70.10    70.10    70.10    70.10     +1.40    +2.04%
      14            1012  7825      和亞智慧                 60.60         26.50    44.83%        --       --       --       --       78.70    88.40    78.10    88.00        --        --
      15              58  3664      安瑞-KY                 0.00          0.00    44.00%        --       --       --       --        7.63     8.15     7.63     8.14        --        --
      16              14  8431      匯鑽科                   0.00          0.00    43.09%     48.20    48.20    46.55    46.55       60.10    65.80    60.00    65.00    +18.45   +39.63%
      17               6  6147      頎邦                   39.00          9.50    42.67%    168.50   171.00   163.00   163.50      201.50   207.50   197.50   207.50    +44.00   +26.91%
      18              27  4908      前鼎                  124.00         62.00    41.58%    160.00   165.00   150.00   150.00      226.00   243.00   223.50   240.50    +90.50   +60.33%
      19              24  4198      欣大健康                  0.00          0.00    41.42%     40.45    42.60    40.45    42.00       49.90    50.00    47.25    49.40     +7.40   +17.62%
      20              26  3498      陽程                   67.50         40.50    40.99%    158.50   174.00   153.50   174.00      175.00   190.50   174.00   190.50    +16.50    +9.48%
      21              15  8358      金居                  242.50        161.00    40.45%    425.50   441.00   415.00   416.00      495.50   510.00   482.50   510.00    +94.00   +22.60%
      22              16  3693      營邦                  178.00         78.00    39.73%    523.00   542.00   513.00   523.00      673.00   685.00   671.00   681.00   +158.00   +30.21%
      23              18  7772      耀穎                   31.50          0.00    39.46%     93.50    94.20    89.60    89.80      135.00   135.00   129.50   133.00    +43.20   +48.11%
      24             927  4192      杏國                    0.00          0.00    38.03%     18.95    19.50    18.25    19.50       18.20    19.45    18.20    19.45     -0.05    -0.26%
      25              56  3324      雙鴻                  777.00        476.00    37.73%   1015.00  1020.00   978.00   978.00     1275.00  1375.00  1255.00  1360.00   +382.00   +39.06%
      26             551  6929      佑全                    0.00          0.00    37.65%        --       --       --       --       21.25    21.75    21.25    21.35        --        --
      27              21  6291      沛亨                  193.50        121.00    37.20%    400.50   400.50   374.00   374.50      446.00   490.50   446.00   490.50   +116.00   +30.97%
      28              23  3467      台灣精材                  0.00          0.00    37.11%     46.60    46.60    44.75    45.45       71.20    76.50    68.00    71.60    +26.15   +57.54%
      29             338  8047      星雲                    0.00          0.00    37.09%     47.30    51.00    45.50    49.15          --       --       --       --        --        --
      30              20  3354      律勝                    0.00          0.00    36.60%     20.70    21.00    20.40    20.55       28.10    30.50    27.85    30.50     +9.95   +48.42%
      31              17  6588      東典光電                 19.50          0.00    36.22%     90.90    96.80    88.50    94.50      102.50   110.00   102.00   110.00    +15.50   +16.40%
      32              19  8064      東捷                   43.00         11.50    36.16%    103.00   103.00    98.80    99.00      109.00   118.50   109.00   118.50    +19.50   +19.70%
      33             112  6865      偉康科技                  0.00          0.00    35.90%        --       --       --       --       26.70    27.10    26.10    26.95        --        --
      34             657  6210      慶生                    0.00          0.00    35.06%     17.05    17.05    16.90    17.05       16.70    17.35    16.65    17.30     +0.25    +1.47%
      35              83  6179      亞通                    0.00          0.00    34.28%     27.95    28.05    27.05    27.30       34.40    38.00    34.40    37.70    +10.40   +38.10%
      36             934  3115      富榮綱                   0.00          0.00    34.19%        --       --       --       --        8.10     8.25     8.00     8.20        --        --
      37            1011  6236      中湛                    0.00          0.00    34.10%     13.85    14.95    13.85    14.95          --       --       --       --        --        --
      38              31  8042      金山電                  31.00         21.00    34.00%    108.50   109.50   101.00   101.50      111.50   114.00   110.50   114.00    +12.50   +12.32%
      39              30  6218      豪勉                    0.00          0.00    33.83%     38.15    38.25    36.90    37.75       50.20    54.10    48.50    54.10    +16.35   +43.31%
      40              57  5464      霖宏                    0.00          0.00    33.61%     75.50    76.60    71.60    72.60       85.20    93.70    84.10    93.70    +21.10   +29.06%
==========================================================================================================================================================================
✅ 共 40 筆


══════════════════════════════════════════════════════════════════════════════════════════════════════════════
  🔄 第 11/20 次  2026/08/17 ～ 2026/09/15
══════════════════════════════════════════════════════════════════════════════════════════════════════════════

==========================================================================================================================================================================
📊 動能效率優先權分數排名 (2026/08/17 ~ 2026/09/15)
==========================================================================================================================================================================
    實資排名          累計天數排名  代號        名稱                 累計漲停(元)       累計跌停(元)       強度%  (08/17)開盤      最高      最低      收盤    (09/15)開盤      最高      最低      收盤      賺賠    賺賠率
--------------------------------------------------------------------------------------------------------------------------------------------------------------------------
       1               1  6538      倉和                  178.00         32.50   100.00%    187.00   193.00   181.00   190.50      372.50   376.00   364.00   365.00   +174.50   +91.60%
       2               2  3441      聯一光                  72.70         21.50    84.49%     83.00    91.00    82.60    87.40      162.00   176.50   159.00   169.50    +82.10   +93.94%
       3               6  8227      巨有科技                 75.00          0.00    67.75%    158.00   159.50   153.50   154.50      239.00   253.00   239.00   249.50    +95.00   +61.49%
       4              10  3624      光頡                   21.00          0.00    63.88%     87.90    89.90    85.00    87.50      122.50   129.50   120.00   123.50    +36.00   +41.14%
       5               5  3234      光環                   66.00         40.50    61.34%    139.50   150.00   137.50   150.00      172.50   173.50   163.00   163.50    +13.50    +9.00%
       6               4  3374      精材                  204.50        131.50    59.09%    299.50   301.00   292.50   292.50      429.00   430.50   407.00   408.50   +116.00   +39.66%
       7               9  6870      騰雲                   96.00         10.00    51.94%    268.00   268.00   259.00   266.00      306.00   334.50   306.00   329.00    +63.00   +23.68%
       8               3  6147      頎邦                   50.00          9.50    51.88%    158.50   171.00   155.50   168.50      194.50   206.50   194.50   200.00    +31.50   +18.69%
       9               7  5355      佳總                    0.00          0.00    47.68%      5.30     5.78     5.17     5.65        6.01     6.54     6.01     6.54     +0.89   +15.75%
      10              14  6290      良維                   76.00         28.00    47.20%    218.50   221.00   215.00   216.00      260.00   265.50   253.50   253.50    +37.50   +17.36%
      11               8  6173      信昌電                 147.50         49.00    46.98%    210.00   230.00   201.50   211.00      299.00   308.00   289.50   294.50    +83.50   +39.57%
      12             970  6597      立誠                    0.00          0.00    45.18%     68.00    68.70    68.00    68.70          --       --       --       --        --        --
      13              11  2221      大甲                    0.00          0.00    43.83%     52.70    54.90    51.70    54.00       88.30    98.80    88.20    96.10    +42.10   +77.96%
      14              13  7772      耀穎                   31.50          0.00    43.58%     90.60    93.50    89.80    93.50      126.00   133.00   121.50   130.00    +36.50   +39.04%
      15              22  4198      欣大健康                  0.00          0.00    40.86%     43.35    43.35    40.80    42.80       49.50    49.95    49.50    49.90     +7.10   +16.59%
      16            1014  7825      和亞智慧                 60.60         26.50    40.59%        --       --       --       --       88.20    88.90    80.60    81.00        --        --
      17              31  8047      星雲                    0.00          0.00    40.58%     44.45    48.20    44.45    48.10       46.70    46.70    46.65    46.70     -1.40    -2.91%
      18              93  3664      安瑞-KY                 0.00          0.00    40.32%      6.09     6.09     6.09     6.09        6.98     7.67     6.98     7.67     +1.58   +25.94%
      19              18  4908      前鼎                  107.50         62.00    39.76%    154.50   165.00   150.00   163.50      223.00   245.00   218.00   224.00    +60.50   +37.00%
      20              12  8431      匯鑽科                   0.00          0.00    39.40%     47.50    48.80    47.50    48.25       61.50    63.00    60.00    60.10    +11.85   +24.56%
      21             590  6929      佑全                    0.00          0.00    36.71%     22.45    22.45    22.45    22.45       21.10    22.05    20.50    22.05     -0.40    -1.78%
      22              15  8358      金居                  214.50        161.00    36.71%    430.50   434.00   418.50   419.50      515.00   516.00   480.00   482.00    +62.50   +14.90%
      23              25  3467      台灣精材                  0.00          0.00    35.92%     46.00    46.00    45.50    45.85       70.80    70.80    70.80    70.80    +24.95   +54.42%
      24              16  7842      天能綠電                  0.00          0.00    35.06%     83.50    93.00    83.50    91.80       97.40    98.10    97.40    97.60     +5.80    +6.32%
      25             469  6865      偉康科技                  0.00          0.00    34.60%        --       --       --       --       27.70    29.55    25.45    26.70        --        --
      26              24  3498      陽程                   50.50         40.50    34.52%    159.50   168.50   155.50   158.50      188.50   190.00   173.50   173.50    +15.00    +9.46%
      27             934  4192      杏國                    0.00          0.00    33.70%     19.50    19.50    19.45    19.45          --       --       --       --        --        --
      28            1011  6236      中湛                    0.00          0.00    33.16%        --       --       --       --          --       --       --       --        --        --
      29              19  6727      亞泰金屬                191.00        174.00    32.96%    440.00   475.00   430.00   475.00      494.50   504.00   468.00   469.50     -5.50    -1.16%
      30              27  1780      立弘                    0.00          0.00    32.65%     23.35    23.80    23.35    23.70       24.30    24.80    24.30    24.80     +1.10    +4.64%
      31             933  3115      富榮綱                   0.00          0.00    32.63%      8.67     8.67     8.67     8.67        8.20     8.36     8.20     8.36     -0.31    -3.58%
      32              96  3629      地心引力                  0.00          0.00    32.60%     13.05    13.95    13.05    13.95       17.00    19.60    17.00    19.60     +5.65   +40.50%
      33              34  5701      劍湖山                   0.00          0.00    32.51%      4.08     4.40     4.08     4.12        4.11     4.23     4.10     4.23     +0.11    +2.67%
      34              78  3324      雙鴻                  677.00        476.00    32.43%   1015.00  1035.00  1000.00  1005.00     1310.00  1365.00  1240.00  1260.00   +255.00   +25.37%
      35             674  6210      慶生                    0.00          0.00    32.19%     17.10    17.15    17.05    17.05       16.45    17.30    16.45    16.80     -0.25    -1.47%
      36             207  4806      桂田文創                  0.00          0.00    32.05%      9.16     9.39     9.16     9.39          --       --       --       --        --        --
      37              21  3693      營邦                  163.00         89.00    31.98%    534.00   542.00   523.00   525.00      680.00   685.00   662.00   666.00   +141.00   +26.86%
      38             908  8444      綠河-KY                 0.00          0.00    31.74%      5.03     5.03     5.00     5.00          --       --       --       --        --        --
      39              38  3354      律勝                    0.00          0.00    31.45%     20.70    20.95    20.35    20.70       27.45    30.20    27.30    27.75     +7.05   +34.06%
      40              32  6218      豪勉                    0.00          0.00    31.36%     36.20    38.50    35.55    37.95       44.75    49.25    44.15    49.25    +11.30   +29.78%
==========================================================================================================================================================================
✅ 共 40 筆


══════════════════════════════════════════════════════════════════════════════════════════════════════════════
  🔄 第 12/20 次  2026/08/14 ～ 2026/09/14
══════════════════════════════════════════════════════════════════════════════════════════════════════════════

==========================================================================================================================================================================
📊 動能效率優先權分數排名 (2026/08/14 ~ 2026/09/14)
==========================================================================================================================================================================
    實資排名          累計天數排名  代號        名稱                 累計漲停(元)       累計跌停(元)       強度%  (08/14)開盤      最高      最低      收盤    (09/14)開盤      最高      最低      收盤      賺賠    賺賠率
--------------------------------------------------------------------------------------------------------------------------------------------------------------------------
       1               1  6538      倉和                  178.00         32.50   100.00%    181.50   195.00   177.50   184.00      362.00   379.50   355.00   372.50   +188.50  +102.45%
       2               2  3441      聯一光                  72.70         21.50    75.19%     86.00    88.90    80.00    83.80      167.00   173.00   157.50   160.50    +76.70   +91.53%
       3               4  3234      光環                   66.00         30.00    63.03%    138.00   141.00   134.50   136.50      183.00   186.50   173.00   174.00    +37.50   +27.47%
       4               3  3374      精材                  204.50        110.50    60.74%    327.50   346.50   318.00   325.00      440.00   447.50   417.50   429.50   +104.50   +32.15%
       5              11  3624      光頡                   21.00          0.00    57.58%     96.20    99.40    86.60    89.50      122.00   128.50   117.00   124.00    +34.50   +38.55%
       6              10  8227      巨有科技                 75.00          0.00    53.28%    157.50   157.50   151.00   151.50      240.50   259.00   235.00   241.00    +89.50   +59.08%
       7               5  6727      亞泰金屬                230.00        155.00    49.05%    396.00   432.00   382.00   432.00      505.00   509.00   482.00   488.50    +56.50   +13.08%
       8              12  3498      陽程                   64.50         23.50    48.04%    154.00   158.00   154.00   158.00      188.00   199.00   186.50   190.50    +32.50   +20.57%
       9              16  6290      良維                   76.00         28.00    47.37%    225.00   225.50   218.50   218.50      253.00   262.00   252.00   260.00    +41.50   +18.99%
      10               6  6147      頎邦                   39.00          9.50    45.14%    165.00   166.00   157.50   157.50      176.00   191.50   171.00   189.00    +31.50   +20.00%
      11             972  6597      立誠                    0.00          0.00    44.44%        --       --       --       --          --       --       --       --        --        --
      12               8  7714      創泓科技                 68.50          9.50    43.79%    159.00   172.50   155.00   172.50      178.50   189.50   178.50   183.00    +10.50    +6.09%
      13            1015  7825      和亞智慧                 60.60         15.10    42.73%        --       --       --       --      102.50   102.50    90.00    92.40        --        --
      14              17  6870      騰雲                   71.50         10.00    40.51%    262.50   267.00   256.50   266.00      308.00   314.50   301.00   304.50    +38.50   +14.47%
      15               9  8358      金居                  214.50        125.00    40.14%    427.00   462.00   413.00   428.50      477.00   530.00   477.00   518.00    +89.50   +20.89%
      16               7  8431      匯鑽科                   0.00          0.00    39.86%     48.00    48.10    47.30    47.80       56.30    62.50    55.20    62.50    +14.70   +30.75%
      17              14  5355      佳總                    0.00          0.00    39.81%      5.95     5.95     5.62     5.62        5.84     5.99     5.84     5.95     +0.33    +5.87%
      18              22  4198      欣大健康                  0.00          0.00    39.77%     41.90    42.45    40.70    41.75       48.00    49.80    48.00    49.80     +8.05   +19.28%
      19              47  8047      星雲                    0.00          0.00    39.54%     45.60    45.60    42.00    45.10       46.70    46.70    46.70    46.70     +1.60    +3.55%
      20              76  6865      偉康科技                  0.00          0.00    39.34%     25.30    27.60    25.30    26.95       25.80    27.70    25.80    27.70     +0.75    +2.78%
      21              15  6173      信昌電                 147.50         62.50    38.48%    224.00   224.00   207.00   210.00      274.00   304.50   272.50   293.50    +83.50   +39.76%
      22              21  4908      前鼎                  107.50         62.00    38.12%    158.00   158.50   153.50   155.00      227.50   235.00   220.00   225.50    +70.50   +45.48%
      23              18  2221      大甲                    0.00          0.00    37.58%     53.70    55.00    51.60    52.30       92.80    97.80    89.20    89.90    +37.60   +71.89%
      24              20  3467      台灣精材                  0.00          0.00    36.51%     45.80    46.60    45.80    46.60       64.40    64.40    64.40    64.40    +17.80   +38.20%
      25             471  6929      佑全                    0.00          0.00    35.44%     21.90    22.45    21.90    22.45       21.05    22.40    21.05    22.05     -0.40    -1.78%
      26             642  3664      安瑞-KY                 0.00          0.00    35.01%        --       --       --       --        6.80     6.98     6.80     6.98        --        --
      27              19  4806      桂田文創                  0.00          0.00    34.01%      9.13     9.51     9.05     9.51        8.70     9.06     8.27     9.03     -0.48    -5.05%
      28              28  6620      漢達                   20.50          0.00    33.92%     81.10    81.10    77.40    77.40      125.00   128.00   120.00   127.00    +49.60   +64.08%
      29              40  7772      耀穎                   31.50          0.00    33.84%     95.80    98.90    90.10    90.10      125.00   131.50   123.00   126.00    +35.90   +39.84%
      30              13  6640      均華                  571.00        443.00    33.58%   1005.00  1090.00   995.00  1085.00     1140.00  1185.00  1085.00  1130.00    +45.00    +4.15%
      31             774  4192      杏國                    0.00          0.00    33.43%     18.80    18.80    18.75    18.75       18.20    18.85    18.20    18.85     +0.10    +0.53%
      32              23  1815      富喬                   11.50         11.00    33.24%     90.50    91.50    89.40    91.50      126.00   127.00   119.50   120.00    +28.50   +31.15%
      33            1013  6236      中湛                    0.00          0.00    33.05%        --       --       --       --          --       --       --       --        --        --
      34              24  1780      立弘                    0.00          0.00    32.93%     23.10    23.75    23.00    23.75       24.20    24.80    24.20    24.80     +1.05    +4.42%
      35              25  7842      天能綠電                  0.00          0.00    32.66%     88.80    88.80    84.50    85.00       97.30    99.60    97.30    99.50    +14.50   +17.06%
      36              26  8906      花王                    0.00          0.00    31.74%     26.60    27.95    26.60    27.80       28.25    28.30    28.25    28.30     +0.50    +1.80%
      37             960  3115      富榮綱                   0.00          0.00    31.59%        --       --       --       --        8.36     8.37     8.30     8.37        --        --
      38              55  6895      宏碩系統                 14.50          0.00    31.14%    118.50   118.50   112.50   114.50      153.00   153.00   150.00   150.00    +35.50   +31.00%
      39              45  6894      衛司特                  54.00         29.00    31.12%    338.00   338.50   333.00   336.00      354.50   369.00   354.50   364.00    +28.00    +8.33%
      40             740  6210      慶生                    0.00          0.00    31.09%     17.75    17.75    17.75    17.75       17.00    17.85    16.50    17.50     -0.25    -1.41%
==========================================================================================================================================================================
✅ 共 40 筆


══════════════════════════════════════════════════════════════════════════════════════════════════════════════
  🔄 第 13/20 次  2026/08/13 ～ 2026/09/11
══════════════════════════════════════════════════════════════════════════════════════════════════════════════

==========================================================================================================================================================================
📊 動能效率優先權分數排名 (2026/08/13 ~ 2026/09/11)
==========================================================================================================================================================================
    實資排名          累計天數排名  代號        名稱                 累計漲停(元)       累計跌停(元)       強度%  (08/13)開盤      最高      最低      收盤    (09/11)開盤      最高      最低      收盤      賺賠    賺賠率
--------------------------------------------------------------------------------------------------------------------------------------------------------------------------
       1               1  6538      倉和                  194.00         32.50   100.00%    177.50   177.50   174.00   177.50      337.50   370.00   337.50   368.00   +190.50  +107.32%
       2               3  3441      聯一光                  72.70         21.50    69.62%     87.40    88.70    85.00    85.00      149.50   166.00   147.00   166.00    +81.00   +95.29%
       3               2  3234      光環                   66.00         16.50    62.75%    133.50   146.00   133.50   141.00      187.00   194.50   183.50   187.50    +46.50   +32.98%
       4               4  3374      精材                  204.50         76.50    54.77%    333.50   341.00   324.50   325.00      472.00   496.00   463.00   463.50   +138.50   +42.62%
       5               8  3624      光頡                   21.00          0.00    52.30%     88.50    95.10    88.50    95.10      108.00   124.50   107.00   124.50    +29.40   +30.91%
       6              13  3498      陽程                   77.50         23.50    49.19%    144.00   144.00   144.00   144.00      188.00   196.00   184.50   192.00    +48.00   +33.33%
       7              10  8227      巨有科技                 75.00          0.00    45.98%    161.00   163.50   156.50   157.50      235.00   239.00   229.50   239.00    +81.50   +51.75%
       8               5  6727      亞泰金屬                230.00        136.50    43.43%    408.00   408.00   390.00   393.00      505.00   524.00   499.00   507.00   +114.00   +29.01%
       9            1015  7825      和亞智慧                 60.60          0.00    42.25%        --       --       --       --      101.00   117.50    98.20   107.50        --        --
      10              26  6290      良維                   76.00         28.00    39.32%    222.50   231.50   220.00   220.50      267.00   268.00   255.00   258.00    +37.50   +17.01%
      11             965  6597      立誠                    0.00          0.00    38.32%     69.90    69.90    68.00    68.00          --       --       --       --        --        --
      12               7  2221      大甲                    0.00          0.00    37.49%     50.50    54.00    50.50    53.70      103.00   105.50    95.40    95.40    +41.70   +77.65%
      13               9  6173      信昌電                 167.50         62.50    36.97%    207.50   223.50   203.50   223.50      295.00   321.00   281.00   290.00    +66.50   +29.75%
      14              12  6870      騰雲                   71.50         10.00    36.91%    263.50   265.00   255.00   261.50      291.00   311.50   287.00   306.50    +45.00   +17.21%
      15              16  7714      創泓科技                 59.00          9.50    36.77%    153.00   160.00   153.00   157.00      154.50   173.50   154.50   173.50    +16.50   +10.51%
      16              38  8047      星雲                    0.00          0.00    36.71%     44.10    46.00    44.00    45.70       45.00    49.75    44.95    47.40     +1.70    +3.72%
      17               6  6147      頎邦                   39.00          9.50    35.22%    159.00   171.00   159.00   164.50      186.50   188.50   180.00   181.00    +16.50   +10.03%
      18              11  6187      萬潤                  550.00        530.00    34.07%   1190.00  1270.00  1185.00  1270.00     1250.00  1275.00  1220.00  1250.00    -20.00    -1.57%
      19              14  5355      佳總                    0.00          0.00    33.91%      6.05     6.05     5.80     5.96        5.79     5.89     5.71     5.89     -0.07    -1.17%
      20             276  3664      安瑞-KY                 0.00          0.00    33.58%      5.63     6.10     5.63     6.10        7.05     7.05     7.05     7.05     +0.95   +15.57%
      21            1010  6236      中湛                    0.00          0.00    33.41%     13.90    15.25    13.90    15.20          --       --       --       --        --        --
      22              41  4198      欣大健康                  0.00          0.00    32.80%     42.40    42.40    40.15    41.50       48.30    48.30    48.30    48.30     +6.80   +16.39%
      23              29  4908      前鼎                  107.50         50.00    32.75%    166.00   168.00   159.00   160.00      242.50   253.00   235.00   237.50    +77.50   +48.44%
      24             164  6865      偉康科技                  0.00          0.00    32.28%     25.00    25.80    25.00    25.30       25.90    25.90    25.20    25.20     -0.10    -0.40%
      25              21  3467      台灣精材                  0.00          0.00    32.25%     46.00    46.50    45.70    45.80       51.70    58.60    51.70    58.60    +12.80   +27.95%
      26              17  1815      富喬                   11.50         11.00    30.83%     91.50    91.50    89.00    89.90      125.00   129.00   122.00   127.50    +37.60   +41.82%
      27              15  5321      美而快                   0.00          0.00    30.51%     57.00    62.50    56.90    62.00       86.30    86.70    75.50    75.50    +13.50   +21.77%
      28              23  6620      漢達                   20.50          0.00    30.07%     77.20    81.00    77.20    80.80      123.50   126.50   123.50   124.00    +43.20   +53.47%
      29             607  6929      佑全                    0.00          0.00    30.02%     22.15    22.45    22.10    22.45       21.75    21.75    21.75    21.75     -0.70    -3.12%
      30              25  7772      耀穎                   31.50          0.00    29.87%     91.10    95.10    91.10    93.60      115.00   132.00   115.00   132.00    +38.40   +41.03%
      31              18  5345      馥鴻                    0.00          0.00    29.85%     21.80    23.70    21.80    23.70       22.65    22.75    22.00    22.05     -1.65    -6.96%
      32              20  8431      匯鑽科                   0.00          0.00    29.77%     49.10    49.50    48.10    48.10       59.40    59.40    56.90    56.90     +8.80   +18.30%
      33              19  6640      均華                  571.00        403.00    29.08%   1020.00  1035.00   995.00   995.00     1195.00  1195.00  1125.00  1170.00   +175.00   +17.59%
      34              27  1780      立弘                    0.00          0.00    29.03%     23.00    23.50    22.85    23.45       24.25    24.80    24.20    24.35     +0.90    +3.84%
      35              39  1569      濱川                    0.00          0.00    28.93%     40.20    42.15    40.20    42.10       48.50    53.50    48.45    50.60     +8.50   +20.19%
      36             778  4192      杏國                    0.00          0.00    28.85%     18.55    18.85    18.55    18.85       18.25    18.25    18.25    18.25     -0.60    -3.18%
      37              42  6895      宏碩系統                 14.50          0.00    28.81%    119.50   122.00   118.00   118.00      157.00   157.00   151.00   153.00    +35.00   +29.66%
      38              34  8358      金居                  181.50        125.00    28.37%    445.00   445.00   417.00   421.00      497.50   505.00   480.50   485.00    +64.00   +15.20%
      39              24  3354      律勝                    0.00          0.00    28.34%     21.20    21.20    20.60    20.60       29.80    30.30    29.00    29.85     +9.25   +44.90%
      40              71  8937      合騏*                   0.00          0.00    28.23%     24.45    25.30    23.70    24.50       29.20    30.85    29.20    29.50     +5.00   +20.41%
==========================================================================================================================================================================
✅ 共 40 筆


══════════════════════════════════════════════════════════════════════════════════════════════════════════════
  🔄 第 14/20 次  2026/08/12 ～ 2026/09/10
══════════════════════════════════════════════════════════════════════════════════════════════════════════════

==========================================================================================================================================================================
📊 動能效率優先權分數排名 (2026/08/12 ~ 2026/09/10)
==========================================================================================================================================================================
    實資排名          累計天數排名  代號        名稱                 累計漲停(元)       累計跌停(元)       強度%  (08/12)開盤      最高      最低      收盤    (09/10)開盤      最高      最低      收盤      賺賠    賺賠率
--------------------------------------------------------------------------------------------------------------------------------------------------------------------------
       1               1  6538      倉和                  179.00         32.50   100.00%    148.50   161.50   147.00   161.50      338.00   349.00   335.00   338.50   +177.00  +109.60%
       2               2  3234      光環                   77.50         16.50    84.02%    117.00   133.50   117.00   133.00      196.00   205.50   192.50   195.00    +62.00   +46.62%
       3               4  3441      聯一光                  57.70         21.50    58.48%     79.30    87.20    79.20    87.20      141.50   157.00   137.00   151.00    +63.80   +73.17%
       4               3  3374      精材                  204.50         52.00    52.49%    332.00   338.00   324.00   330.00      481.00   494.00   476.00   488.00   +158.00   +47.88%
       5               6  6173      信昌電                 186.00         62.50    47.40%    186.50   203.50   182.50   203.50      268.50   295.00   265.50   295.00    +91.50   +44.96%
       6              13  3498      陽程                   77.50         23.50    45.89%    126.00   133.00   124.50   131.00      189.50   201.00   189.00   191.00    +60.00   +45.80%
       7               5  6187      萬潤                  655.00        500.00    44.67%   1060.00  1155.00  1055.00  1155.00     1340.00  1360.00  1280.00  1280.00   +125.00   +10.82%
       8               8  6727      亞泰金屬                230.00        122.50    41.26%    388.00   408.00   388.00   395.00      508.00   535.00   503.00   521.00   +126.00   +31.90%
       9              14  4908      前鼎                  119.00         38.50    40.80%    152.50   166.00   152.50   162.50      239.00   265.00   238.00   249.00    +86.50   +53.23%
      10              10  2221      大甲                    0.00          0.00    39.22%     48.95    52.00    47.80    50.20       87.80    96.50    86.30    96.50    +46.30   +92.23%
      11              45  6290      良維                   76.00         11.00    39.18%    221.00   225.50   218.50   218.50      272.00   279.00   267.00   275.00    +56.50   +25.86%
      12               9  5475      德宏                   59.50         25.50    39.03%    136.00   148.50   136.00   148.50      193.00   194.50   184.00   184.50    +36.00   +24.24%
      13              16  8227      巨有科技                 53.50          0.00    38.94%    162.00   163.50   154.00   159.00      203.00   217.50   201.00   217.50    +58.50   +36.79%
      14             964  6597      立誠                    0.00          0.00    36.03%        --       --       --       --       69.50    72.50    69.50    72.50        --        --
      15               7  6640      均華                  626.00        363.00    35.95%    938.00  1025.00   938.00  1000.00     1190.00  1210.00  1145.00  1210.00   +210.00   +21.00%
      16              15  5321      美而快                   0.00          0.00    34.77%     55.60    57.50    55.60    56.90       76.50    83.80    76.50    83.80    +26.90   +47.28%
      17              12  6147      頎邦                   39.00          0.00    34.54%    160.50   163.00   156.00   156.50      193.50   202.50   189.00   190.50    +34.00   +21.73%
      18            1015  7825      和亞智慧                 60.60          0.00    34.52%        --       --       --       --       91.00   119.50    91.00   109.50        --        --
      19              19  6488      環球晶                 455.00        366.00    33.64%    844.00   933.00   844.00   933.00      941.00   941.00   903.00   917.00    -16.00    -1.71%
      20              64  8047      星雲                    0.00          0.00    32.43%     45.50    45.50    45.50    45.50       46.30    50.00    46.15    49.05     +3.55    +7.80%
      21              18  5355      佳總                    0.00          0.00    32.38%      5.91     6.26     5.80     6.07        5.85     5.85     5.72     5.80     -0.27    -4.45%
      22              21  8358      金居                  219.50         89.00    32.11%    402.50   418.50   402.00   418.50      518.00   525.00   515.00   521.00   +102.50   +24.49%
      23              17  3455      由田                   58.00         28.50    31.80%    202.00   222.00   201.50   222.00      230.00   243.00   227.50   229.00     +7.00    +3.15%
      24            1010  6236      中湛                    0.00          0.00    31.52%     15.35    18.75    15.35    15.35          --       --       --       --        --        --
      25              51  4198      欣大健康                  0.00          0.00    31.49%     41.40    41.95    41.40    41.95       49.30    49.30    48.80    48.80     +6.85   +16.33%
      26             340  6865      偉康科技                  0.00          0.00    31.02%     25.60    25.60    25.25    25.25       25.80    25.80    25.50    25.55     +0.30    +1.19%
      27              41  3624      光頡                   10.00          0.00    30.77%     86.20    88.40    83.60    86.50      100.50   113.50   100.00   113.50    +27.00   +31.21%
      28             192  8444      綠河-KY                 0.00          0.00    30.70%      4.61     5.47     4.61     5.40        4.76     5.00     4.76     4.76     -0.64   -11.85%
      29              28  3693      營邦                  198.00         55.00    30.34%    492.50   510.00   492.50   502.00      700.00   719.00   687.00   691.00   +189.00   +37.65%
      30              22  6291      沛亨                  185.50         87.50    30.25%    366.50   402.50   366.50   402.50      473.00   503.00   471.00   495.00    +92.50   +22.98%
      31              20  6654      天正國際                 59.00         39.50    30.24%    172.00   183.00   172.00   181.00      206.00   210.00   203.00   205.00    +24.00   +13.26%
      32              25  8431      匯鑽科                   0.00          0.00    29.90%     48.75    49.00    47.90    48.80       61.20    61.20    57.70    60.20    +11.40   +23.36%
      33              26  8064      東捷                   32.50          0.00    29.55%    102.50   106.00   102.50   105.50      131.00   132.00   125.50   126.50    +21.00   +19.91%
      34              29  6620      漢達                   20.50          0.00    29.43%     76.70    79.70    76.70    79.50      128.50   129.00   124.00   126.50    +47.00   +59.12%
      35              30  5345      馥鴻                    0.00          0.00    29.31%     22.60    23.20    22.60    22.60       20.05    22.65    20.05    22.65     +0.05    +0.22%
      36             667  6929      佑全                    0.00          0.00    29.21%     22.30    23.45    22.10    22.75       21.85    21.85    21.35    21.65     -1.10    -4.84%
      37              42  6895      宏碩系統                 14.50          0.00    29.16%    118.00   120.00   117.50   117.50      154.50   156.00   154.50   156.00    +38.50   +32.77%
      38             780  3664      安瑞-KY                 0.00          0.00    28.92%      6.05     6.05     5.63     5.63        7.58     7.58     7.58     7.58     +1.95   +34.64%
      39              23  1815      富喬                   11.50         11.00    28.67%     89.30    90.90    89.30    90.00      125.00   129.00   124.00   126.00    +36.00   +40.00%
      40              31  6870      騰雲                   51.50         10.00    28.24%    265.00   265.00   253.00   257.00      280.00   293.00   280.00   286.50    +29.50   +11.48%
==========================================================================================================================================================================
✅ 共 40 筆


══════════════════════════════════════════════════════════════════════════════════════════════════════════════
  🔄 第 15/20 次  2026/08/11 ～ 2026/09/09
══════════════════════════════════════════════════════════════════════════════════════════════════════════════

==========================================================================================================================================================================
📊 動能效率優先權分數排名 (2026/08/11 ~ 2026/09/09)
==========================================================================================================================================================================
    實資排名          累計天數排名  代號        名稱                 累計漲停(元)       累計跌停(元)       強度%  (08/11)開盤      最高      最低      收盤    (09/09)開盤      最高      最低      收盤      賺賠    賺賠率
--------------------------------------------------------------------------------------------------------------------------------------------------------------------------
       1               1  6538      倉和                  179.00         22.00   100.00%    143.50   149.50   140.50   147.00      320.00   353.00   316.50   349.00   +202.00  +137.41%
       2               2  3234      光環                   77.50         16.50    84.59%    120.00   124.50   114.00   121.50      200.00   206.00   194.00   200.00    +78.50   +64.61%
       3               3  6173      信昌電                 176.00         62.50    54.23%    168.00   185.00   168.00   185.00      278.00   281.50   267.00   268.50    +83.50   +45.14%
       4               9  3441      聯一光                  57.70         21.50    52.84%     79.20    82.00    77.90    79.30      132.50   144.00   129.00   143.50    +64.20   +80.96%
       5               4  5475      德宏                   69.50         25.50    51.75%    131.50   137.50   131.00   135.00      190.00   203.50   188.50   193.00    +58.00   +42.96%
       6               6  3374      精材                  195.00         52.00    49.63%    341.00   351.50   324.00   334.00      471.00   487.00   471.00   478.50   +144.50   +43.26%
       7              16  3498      陽程                   77.50         23.50    43.32%    130.00   131.00   121.50   124.50      190.50   197.50   187.00   191.00    +66.50   +53.41%
       8               5  8358      金居                  254.00         89.00    41.86%    346.00   380.50   346.00   380.50      534.00   535.00   519.00   526.00   +145.50   +38.24%
       9              10  6727      亞泰金屬                217.00        122.50    39.93%    388.50   402.50   381.50   390.50      526.00   540.00   499.50   508.00   +117.50   +30.09%
      10               8  6147      頎邦                   39.00          0.00    39.54%    151.00   166.00   146.50   161.50      189.00   203.00   189.00   198.00    +36.50   +22.60%
      11              33  6290      良維                   76.00         11.00    39.15%    212.00   223.50   212.00   220.00      272.50   284.00   271.00   275.00    +55.00   +25.00%
      12              14  4908      前鼎                  119.00         38.50    36.88%    152.50   157.00   148.50   151.00      238.50   243.00   229.50   242.00    +91.00   +60.26%
      13              11  2221      大甲                    0.00          0.00    35.83%     48.20    49.10    46.50    49.10       85.80    90.00    85.60    87.80    +38.70   +78.82%
      14              12  8064      東捷                   32.50          0.00    35.22%    101.50   106.00    99.90   102.50      130.00   141.50   121.50   134.00    +31.50   +30.73%
      15              15  6488      環球晶                 455.00        328.00    34.48%    847.00   883.00   823.00   849.00      961.00   965.00   946.00   955.00   +106.00   +12.49%
      16             971  6597      立誠                    0.00          0.00    34.20%     67.80    67.90    67.80    67.90       68.20    73.00    68.20    73.00     +5.10    +7.51%
      17              29  4198      欣大健康                  0.00          0.00    33.66%     40.00    41.95    40.00    41.95       45.30    50.00    45.20    49.95     +8.00   +19.07%
      18              13  8227      巨有科技                 48.00          0.00    33.30%    146.00   158.00   144.50   158.00      183.00   198.00   178.50   198.00    +40.00   +25.32%
      19              18  5355      佳總                    0.00          0.00    32.04%      6.07     6.07     5.84     5.99        5.76     5.89     5.72     5.89     -0.10    -1.67%
      20              17  3455      由田                   58.00         28.50    31.88%    202.00   203.00   192.50   202.00      230.00   236.50   229.00   232.00    +30.00   +14.85%
      21            1013  6236      中湛                    0.00          0.00    31.37%        --       --       --       --          --       --       --       --        --        --
      22             515  6865      偉康科技                  0.00          0.00    31.26%     25.25    25.25    24.70    25.25       24.45    26.25    24.45    25.80     +0.55    +2.18%
      23              22  3693      營邦                  198.00         55.00    31.14%    493.00   500.00   481.50   492.00      675.00   704.00   664.00   700.00   +208.00   +42.28%
      24             441  6929      佑全                    0.00          0.00    30.77%     22.35    23.30    22.20    23.10       21.20    22.35    21.00    22.35     -0.75    -3.25%
      25              19  6829      千附精密                 94.00         46.50    30.63%    204.00   207.00   197.50   206.00      249.50   264.00   247.00   254.00    +48.00   +23.30%
      26              24  5321      美而快                   0.00          0.00    30.48%     56.10    57.40    54.60    55.60       81.00    81.00    76.60    77.20    +21.60   +38.85%
      27              25  6620      漢達                   20.50          0.00    30.39%     78.20    78.20    74.00    76.70      127.50   132.00   127.00   132.00    +55.30   +72.10%
      28              23  6187      萬潤                  655.00        490.00    29.73%   1165.00  1195.00  1035.00  1050.00     1410.00  1425.00  1325.00  1330.00   +280.00   +26.67%
      29              26  8431      匯鑽科                   0.00          0.00    29.35%     50.10    50.10    48.50    48.75       63.30    63.60    61.00    61.20    +12.45   +25.54%
      30               7  5432      新門                   54.50          0.00    28.73%    113.50   116.00   112.00   115.00      167.50   167.50   156.00   157.00    +42.00   +36.52%
      31             872  3664      安瑞-KY                 0.00          0.00    28.41%      6.16     6.20     6.10     6.10        6.50     7.66     6.50     7.60     +1.50   +24.59%
      32             593  8444      綠河-KY                 0.00          0.00    28.26%      5.30     5.30     4.99     4.99        5.00     5.00     5.00     5.00     +0.01    +0.20%
      33             253  8047      星雲                    0.00          0.00    28.21%     48.15    48.15    45.00    46.05       42.10    46.00    41.30    46.00     -0.05    -0.11%
      34              21  1815      富喬                   11.50         11.00    28.15%     88.90    88.90    87.20    88.70      134.00   135.00   126.00   126.00    +37.30   +42.05%
      35              28  8277      商丞                    0.00          0.00    28.10%      7.82     8.05     7.82     7.98        7.75     8.10     7.75     8.05     +0.07    +0.88%
      36              30  6654      天正國際                 59.00         39.50    27.86%    182.00   182.00   170.00   170.50      225.50   225.50   206.00   206.00    +35.50   +20.82%
      37              58  6895      宏碩系統                 14.50          0.00    27.61%    120.00   120.00   117.50   118.00      152.00   155.00   150.00   154.50    +36.50   +30.93%
      38              61  8937      合騏*                   0.00          0.00    27.20%     23.15    23.40    22.60    23.40       27.50    30.45    27.50    30.45     +7.05   +30.13%
      39              20  6588      東典光電                  9.50          0.00    27.07%     89.50    90.50    85.60    88.30      114.50   118.50   111.50   115.00    +26.70   +30.24%
      40              27  6870      騰雲                   51.50         10.00    26.99%    252.50   257.00   246.00   257.00      293.00   298.50   288.50   289.00    +32.00   +12.45%
==========================================================================================================================================================================
✅ 共 40 筆


══════════════════════════════════════════════════════════════════════════════════════════════════════════════
  🔄 第 16/20 次  2026/08/10 ～ 2026/09/08
══════════════════════════════════════════════════════════════════════════════════════════════════════════════

==========================================================================================================================================================================
📊 動能效率優先權分數排名 (2026/08/10 ~ 2026/09/08)
==========================================================================================================================================================================
    實資排名          累計天數排名  代號        名稱                 累計漲停(元)       累計跌停(元)       強度%  (08/10)開盤      最高      最低      收盤    (09/08)開盤      最高      最低      收盤      賺賠    賺賠率
--------------------------------------------------------------------------------------------------------------------------------------------------------------------------
       1               1  3234      光環                   88.00         16.50   100.00%    118.00   118.00   116.00   118.00      203.50   206.50   195.50   197.00    +79.00   +66.95%
       2               2  6538      倉和                  151.00         22.00    78.31%    144.50   151.50   143.50   145.50      307.00   328.00   299.00   321.00   +175.50  +120.62%
       3               3  6173      信昌電                 186.50         62.50    67.80%    162.00   172.00   161.50   168.50      285.00   285.00   267.50   273.50   +105.00   +62.31%
       4               4  3374      精材                  225.50         52.00    52.26%    325.50   337.00   325.50   337.00      474.00   482.50   456.00   475.00   +138.00   +40.95%
       5               6  5475      德宏                   69.50         25.50    49.17%    122.00   130.50   122.00   125.00      195.00   196.00   185.00   190.00    +65.00   +52.00%
       6              18  6290      良維                   77.50         11.00    44.00%    204.50   219.00   203.50   214.00      272.00   272.00   262.00   264.50    +50.50   +23.60%
       7              11  3498      陽程                   77.50         23.50    43.34%    118.50   127.00   118.00   125.00      189.00   192.00   185.50   189.50    +64.50   +51.60%
       8              12  3441      聯一光                  46.20         21.50    42.87%     82.70    84.00    79.00    79.50      130.00   134.00   123.50   132.00    +52.50   +66.04%
       9               9  4908      前鼎                  116.00         38.50    42.16%    149.00   156.50   148.50   155.00      224.00   235.50   221.00   227.50    +72.50   +46.77%
      10               5  5432      新門                   54.50          0.00    41.71%    112.00   113.00   110.00   112.00      162.50   170.00   160.00   162.00    +50.00   +44.64%
      11               7  3455      由田                   73.50         28.50    41.30%    193.00   208.50   192.00   205.50      235.00   236.50   227.50   229.50    +24.00   +11.68%
      12               8  8358      金居                  254.00         89.00    40.23%    354.50   369.50   342.50   346.00      520.00   528.00   512.00   520.00   +174.00   +50.29%
      13              15  6727      亞泰金屬                217.00        104.50    38.68%    399.50   406.50   388.00   388.00      545.00   570.00   516.00   526.00   +138.00   +35.57%
      14              14  2221      大甲                    0.00          0.00    34.91%     47.30    49.30    47.10    49.00       87.20    90.90    85.50    85.80    +36.80   +75.10%
      15              13  5355      佳總                    0.00          0.00    33.22%      5.60     6.09     5.60     6.08        5.95     5.95     5.76     5.76     -0.32    -5.26%
      16              21  5321      美而快                   0.00          0.00    31.96%     54.90    56.10    54.50    56.10       77.50    78.80    76.10    78.40    +22.30   +39.75%
      17              10  6147      頎邦                   27.50          0.00    31.61%    151.00   158.00   147.00   154.00      191.50   200.00   186.00   186.50    +32.50   +21.10%
      18              17  1815      富喬                   11.50         11.00    30.76%     86.00    93.90    85.10    89.10      131.00   141.50   123.00   135.00    +45.90   +51.52%
      19             971  6597      立誠                    0.00          0.00    30.29%     67.80    67.80    67.50    67.80          --       --       --       --        --        --
      20            1013  6236      中湛                    0.00          0.00    30.25%        --       --       --       --          --       --       --       --        --        --
      21              23  8431      匯鑽科                   0.00          0.00    30.17%     49.00    51.70    48.85    49.80       66.30    67.30    61.80    63.30    +13.50   +27.11%
      22              20  6829      千附精密                 81.00         46.50    29.52%    194.00   201.00   188.50   200.00      259.00   261.00   239.50   241.00    +41.00   +20.50%
      23             364  6865      偉康科技                  0.00          0.00    29.29%     24.70    26.05    24.70    25.50       25.80    26.50    25.80    26.50     +1.00    +3.92%
      24              44  6654      天正國際                 59.00         23.00    29.23%    184.00   184.00   175.00   175.50      221.00   226.00   214.00   222.50    +47.00   +26.78%
      25              19  8064      東捷                   32.50          0.00    28.94%    102.00   105.00    98.10   101.00      134.50   134.50   134.50   134.50    +33.50   +33.17%
      26             908  2948      寶陞                    0.00          0.00    28.84%     32.60    37.85    32.60    37.15          --       --       --       --        --        --
      27              68  4198      欣大健康                  0.00          0.00    28.59%     41.40    41.40    41.40    41.40       45.90    47.90    45.90    46.40     +5.00   +12.08%
      28              65  3228      金麗科                  26.50          0.00    28.08%    144.00   149.00   142.00   144.50      179.00   184.50   177.50   177.50    +33.00   +22.84%
      29              16  3211      順達                  170.50        121.50    28.07%    340.00   372.00   339.00   370.00      387.00   389.00   373.00   375.50     +5.50    +1.49%
      30              25  8093      保銳                    0.00          0.00    28.02%     21.00    23.05    21.00    22.70       26.40    27.20    26.25    26.40     +3.70   +16.30%
      31              22  8155      博智                   67.00         21.00    27.96%    298.00   315.00   298.00   308.50      349.50   349.50   338.50   341.50    +33.00   +10.70%
      32              79  3357      臺慶科                  56.50         25.00    27.63%    211.50   220.50   210.00   218.00      210.50   213.00   206.00   206.50    -11.50    -5.28%
      33             627  8444      綠河-KY                 0.00          0.00    27.31%      5.50     5.50     5.50     5.50        5.00     5.00     5.00     5.00     -0.50    -9.09%
      34              27  4971      IET-KY              324.50        209.00    26.93%    479.00   505.00   470.00   502.00      615.00   638.00   596.00   605.00   +103.00   +20.52%
      35              31  4760      勤凱                   36.50         46.00    26.62%    236.00   247.00   236.00   245.00      282.00   284.00   269.00   272.50    +27.50   +11.22%
      36              28  8240      華宏                    0.00          0.00    26.52%     42.50    43.50    42.50    43.50       55.90    55.90    52.30    52.30     +8.80   +20.23%
      37              35  7839      達人網                   0.00          0.00    26.46%     44.80    45.50    44.75    45.50       43.50    44.30    42.10    43.95     -1.55    -3.41%
      38              38  6530      創威                    0.00          0.00    26.43%     78.00    82.50    77.50    82.50       94.10   101.50    93.30    98.50    +16.00   +19.39%
      39              33  6640      均華                  703.00        408.00    26.33%   1005.00  1005.00  1005.00  1005.00     1305.00  1320.00  1205.00  1215.00   +210.00   +20.90%
      40              60  6895      宏碩系統                 14.50          0.00    26.12%    116.50   119.50   115.00   118.50      153.00   154.50   151.50   151.50    +33.00   +27.85%
==========================================================================================================================================================================
✅ 共 40 筆


══════════════════════════════════════════════════════════════════════════════════════════════════════════════
  🔄 第 17/20 次  2026/08/07 ～ 2026/09/07
══════════════════════════════════════════════════════════════════════════════════════════════════════════════

==========================================================================================================================================================================
📊 動能效率優先權分數排名 (2026/08/07 ~ 2026/09/07)
==========================================================================================================================================================================
    實資排名          累計天數排名  代號        名稱                 累計漲停(元)       累計跌停(元)       強度%  (08/07)開盤      最高      最低      收盤    (09/07)開盤      最高      最低      收盤      賺賠    賺賠率
--------------------------------------------------------------------------------------------------------------------------------------------------------------------------
       1               1  3234      光環                   88.00         16.50   100.00%    111.00   112.50   103.00   107.50      202.00   205.50   196.00   199.50    +92.00   +85.58%
       2               2  6538      倉和                  135.00         22.00    67.09%    148.00   158.50   142.50   145.00      295.50   315.00   281.50   305.00   +160.00  +110.34%
       3               3  5475      德宏                   69.50         25.50    48.62%    123.50   134.50   121.00   123.50      192.00   198.00   190.00   194.00    +70.50   +57.09%
       4               4  6173      信昌電                 186.50         62.50    44.05%    170.00   172.00   156.00   158.00      273.50   286.50   273.00   286.50   +128.50   +81.33%
       5               8  3498      陽程                   77.50         23.50    42.48%    111.50   121.00   110.50   116.50      194.00   196.00   188.50   189.50    +73.00   +62.66%
       6               6  3455      由田                   73.50         28.50    40.57%    189.50   195.00   186.00   190.00      242.50   242.50   233.00   235.00    +45.00   +23.68%
       7               7  3374      精材                  225.50         61.50    38.82%    310.00   330.00   301.00   306.50      448.00   472.50   436.00   469.50   +163.00   +53.18%
       8              12  3441      聯一光                  46.20         21.50    38.57%     87.00    94.30    84.40    84.40      140.00   141.50   129.00   131.00    +46.60   +55.21%
       9               5  5432      新門                   54.50          0.00    38.06%    114.00   117.00   107.00   107.50      159.00   170.00   154.00   164.50    +57.00   +53.02%
      10              10  5355      佳總                    0.00          0.00    34.00%      5.35     6.05     5.11     5.60        5.81     6.00     5.73     6.00     +0.40    +7.14%
      11              11  2221      大甲                    0.00          0.00    33.51%     46.80    47.40    45.35    46.95       90.00    90.60    83.70    86.70    +39.75   +84.66%
      12               9  6147      頎邦                   27.50          0.00    31.33%    151.00   151.00   144.50   146.50      184.50   198.00   182.50   191.00    +44.50   +30.38%
      13              14  6829      千附精密                 81.00         29.50    30.48%    196.00   201.50   189.50   191.50      247.00   265.00   245.00   258.00    +66.50   +34.73%
      14              55  6290      良維                   77.50         23.00    29.86%    213.00   214.50   200.00   202.00      278.00   283.00   266.00   269.50    +67.50   +33.42%
      15              24  6617      共信-KY                33.00          0.00    28.90%     88.60    96.30    86.10    96.30      135.00   135.00   135.00   135.00    +38.70   +40.19%
      16             944  6597      立誠                    0.00          0.00    28.73%     64.90    65.70    64.90    65.70       72.50    72.50    72.50    72.50     +6.80   +10.35%
      17              21  8431      匯鑽科                   0.00          0.00    28.46%     49.90    50.50    48.00    48.05       69.10    70.30    66.90    67.30    +19.25   +40.06%
      18              27  5321      美而快                   0.00          0.00    28.45%     55.60    56.00    53.70    54.00       81.20    83.40    77.50    77.50    +23.50   +43.52%
      19            1013  6236      中湛                    0.00          0.00    28.24%        --       --       --       --          --       --       --       --        --        --
      20              13  1815      富喬                   11.50         11.00    27.93%     85.20    90.50    84.00    85.90      124.00   130.00   123.50   130.00    +44.10   +51.34%
      21              16  8093      保銳                    0.00          0.00    27.69%     20.10    21.05    20.10    21.00       26.30    26.80    26.25    26.25     +5.25   +25.00%
      22              37  6727      亞泰金屬                217.00        110.50    27.68%    409.50   409.50   377.00   383.00      543.00   561.00   530.00   537.00   +154.00   +40.21%
      23              30  4908      前鼎                  116.00         52.00    27.40%    156.50   161.50   142.00   143.50      230.50   231.50   220.50   223.00    +79.50   +55.40%
      24              18  8240      華宏                    0.00          0.00    27.15%     42.10    43.50    41.85    42.35       51.30    56.60    50.60    56.00    +13.65   +32.23%
      25             517  2948      寶陞                    0.00          0.00    26.95%     38.55    39.80    38.50    38.65       38.30    38.30    36.85    38.05     -0.60    -1.55%
      26              22  8358      金居                  254.00        121.00    26.84%    393.00   397.00   350.00   352.00      510.00   524.00   502.00   515.00   +163.00   +46.31%
      27              25  8064      東捷                   20.50          0.00    26.44%    104.50   107.00   101.00   103.00      115.00   123.00   109.00   122.50    +19.50   +18.93%
      28             460  6865      偉康科技                  0.00          0.00    26.25%     24.75    24.75    24.70    24.70       25.55    25.60    25.55    25.60     +0.90    +3.64%
      29              19  3555      博士旺                  56.50         21.50    26.24%    158.00   162.50   156.00   156.50      193.50   209.50   192.50   207.00    +50.50   +32.27%
      30              50  4198      欣大健康                  0.00          0.00    26.23%     41.70    41.70    41.70    41.70       50.90    50.90    48.00    48.00     +6.30   +15.11%
      31              43  3228      金麗科                  26.50          0.00    26.15%    145.00   146.50   138.00   141.50      178.00   180.00   174.00   177.00    +35.50   +25.09%
      32              58  6654      天正國際                 59.00         23.00    26.14%    182.50   186.50   170.50   179.00      219.50   224.50   212.00   215.00    +36.00   +20.11%
      33              29  6870      騰雲                   51.50          0.00    26.14%    261.50   265.00   256.00   256.00      291.00   315.00   284.50   301.50    +45.50   +17.77%
      34              63  8047      星雲                    0.00          0.00    25.82%     44.05    48.50    43.35    48.50       41.10    43.95    41.10    42.10     -6.40   -13.20%
      35              17  3490      單井                    0.00          0.00    25.67%     29.70    30.75    29.60    30.40       46.25    47.20    45.10    46.15    +15.75   +51.81%
      36              42  8042      金山電                  31.00         21.00    25.58%    110.50   118.00   107.50   116.50      113.50   121.50   111.50   121.50     +5.00    +4.29%
      37              28  4924      欣厚-KY                 0.00          0.00    25.48%     10.15    10.15    10.05    10.10       12.80    13.10    12.55    13.10     +3.00   +29.70%
      38              15  4931      新盛力                  82.50         72.50    25.42%    217.00   233.00   213.00   216.50      254.50   254.50   247.00   247.50    +31.00   +14.32%
      39             103  3357      臺慶科                  56.50         25.00    25.41%    219.00   219.50   205.00   207.00      221.00   221.00   213.50   213.50     +6.50    +3.14%
      40              80  6929      佑全                    0.00          0.00    25.06%     23.30    24.00    23.30    23.95       22.10    22.65    22.00    22.65     -1.30    -5.43%
==========================================================================================================================================================================
✅ 共 40 筆


══════════════════════════════════════════════════════════════════════════════════════════════════════════════
  🔄 第 18/20 次  2026/08/05 ～ 2026/09/04
══════════════════════════════════════════════════════════════════════════════════════════════════════════════

==========================================================================================================================================================================
📊 動能效率優先權分數排名 (2026/08/05 ~ 2026/09/04)
==========================================================================================================================================================================
    實資排名          累計天數排名  代號        名稱                 累計漲停(元)       累計跌停(元)       強度%  (08/05)開盤      最高      最低      收盤    (09/04)開盤      最高      最低      收盤      賺賠    賺賠率
--------------------------------------------------------------------------------------------------------------------------------------------------------------------------
       1               1  3234      光環                   88.00         16.50   100.00%    118.00   122.00   114.00   115.00      203.00   209.00   190.00   206.00    +91.00   +79.13%
       2               3  6538      倉和                  135.00         22.00    60.48%    162.50   163.00   148.50   156.50      261.50   300.00   257.50   300.00   +143.50   +91.69%
       3               2  3498      陽程                   87.00         23.50    56.58%    108.00   113.00   106.50   113.00      197.50   201.00   185.50   194.00    +81.00   +71.68%
       4               4  3455      由田                   73.50         28.50    41.39%    189.00   196.00   185.00   186.00      248.00   249.00   231.50   236.50    +50.50   +27.15%
       5              10  3441      聯一光                  46.20          9.50    40.03%     90.30    93.80    85.00    85.40      134.00   143.00   129.50   143.00    +57.60   +67.45%
       6               7  6173      信昌電                 160.50         62.50    38.53%    171.00   178.00   161.50   165.00      260.00   265.00   254.50   260.50    +95.50   +57.88%
       7               6  2221      大甲                    0.00          0.00    33.98%     45.30    45.60    44.55    44.75       95.70    98.50    90.30    90.80    +46.05  +102.91%
       8              13  3374      精材                  186.00         61.50    33.25%    324.00   340.00   310.50   313.00      420.00   430.00   403.00   430.00   +117.00   +37.38%
       9              11  6727      亞泰金屬                254.00        110.50    33.12%    390.50   407.00   386.00   407.00      560.00   569.00   526.00   541.00   +134.00   +32.92%
      10               5  6147      頎邦                   41.50          0.00    32.93%    156.00   158.50   153.50   158.50      198.00   202.50   181.00   182.50    +24.00   +15.14%
      11               8  5355      佳總                    0.00          0.00    32.04%      5.86     5.99     5.80     5.80        5.99     5.99     5.77     5.95     +0.15    +2.59%
      12              22  4908      前鼎                  131.00         52.00    30.95%    165.50   165.50   165.50   165.50      214.00   224.50   199.00   224.50    +59.00   +35.65%
      13              62  6290      良維                   77.50         23.00    30.21%    222.50   224.00   213.00   213.50      248.50   270.00   247.50   270.00    +56.50   +26.46%
      14               9  3555      博士旺                  57.50         21.50    29.37%    149.00   161.50   149.00   161.50      187.00   199.00   186.00   193.50    +32.00   +19.81%
      15              21  5321      美而快                   0.00          0.00    29.18%     53.80    54.10    52.50    53.00       78.00    79.50    75.90    79.40    +26.40   +49.81%
      16              36  5475      德宏                   69.50         35.00    29.12%    147.00   147.00   124.50   124.50      188.00   190.00   176.00   190.00    +65.50   +52.61%
      17              17  8431      匯鑽科                   0.00          0.00    28.88%     51.10    52.20    50.70    50.90       64.80    69.70    64.00    68.80    +17.90   +35.17%
      18              14  5432      新門                   45.00          0.00    28.85%    112.50   112.50   106.00   108.50      154.00   157.50   153.00   155.00    +46.50   +42.86%
      19              12  8093      保銳                    0.00          0.00    28.65%     20.00    21.00    20.00    20.70       26.60    26.60    26.20    26.35     +5.65   +27.29%
      20              39  6617      共信-KY                21.00          0.00    28.52%     79.70    80.90    77.90    79.70      113.00   124.00   113.00   123.00    +43.30   +54.33%
      21             965  6597      立誠                    0.00          0.00    28.35%        --       --       --       --       73.00    73.00    70.00    72.90        --        --
      22              24  4198      欣大健康                  0.00          0.00    27.92%     41.30    41.30    41.30    41.30       46.80    49.00    46.80    48.50     +7.20   +17.43%
      23            1013  6236      中湛                    0.00          0.00    27.86%        --       --       --       --          --       --       --       --        --        --
      24              38  3357      臺慶科                  56.50         25.00    27.69%    212.50   217.50   208.00   210.00      206.50   215.50   206.50   214.00     +4.00    +1.90%
      25              35  6829      千附精密                 66.50         29.50    27.17%    186.50   189.00   184.50   188.00      237.00   243.50   233.00   243.50    +55.50   +29.52%
      26              16  4991      環宇-KY               297.50        210.50    27.09%    469.00   469.00   453.00   469.00      499.00   505.00   470.00   497.00    +28.00    +5.97%
      27              34  6654      天正國際                 59.00         23.00    26.80%    170.00   170.00   165.00   169.00      215.00   223.00   212.50   219.50    +50.50   +29.88%
      28             740  2948      寶陞                    0.00          0.00    26.35%     38.50    38.50    38.00    38.00       36.60    38.40    36.60    38.15     +0.15    +0.39%
      29             631  6865      偉康科技                  0.00          0.00    25.89%     24.70    25.35    24.45    24.75       25.00    25.55    24.90    25.55     +0.80    +3.23%
      30              19  4931      新盛力                  82.50         72.50    25.86%    201.00   205.00   198.50   199.00      244.50   253.00   241.50   251.00    +52.00   +26.13%
      31              63  8047      星雲                    0.00          0.00    25.85%     42.70    44.20    42.00    44.20       41.90    43.00    41.90    43.00     -1.20    -2.71%
      32              56  3228      金麗科                  26.50          0.00    25.79%    148.00   148.00   144.50   145.50      173.50   180.00   170.00   174.00    +28.50   +19.59%
      33              27  5701      劍湖山                   0.00          0.00    25.49%      4.27     4.49     4.15     4.38        4.18     4.29     4.17     4.24     -0.14    -3.20%
      34              20  3490      單井                    0.00          0.00    25.46%     28.50    29.20    28.40    28.55       45.65    46.80    45.20    46.00    +17.45   +61.12%
      35              18  6840      東研信超                  0.00          0.00    25.21%     63.30    68.60    63.20    68.60       90.50    93.40    89.20    92.80    +24.20   +35.28%
      36              33  6240      松崗                    0.00          0.00    24.73%     19.20    19.20    18.50    18.50       27.20    27.70    25.20    25.20     +6.70   +36.22%
      37              80  6929      佑全                    0.00          0.00    24.59%     22.90    23.40    22.90    23.40       22.25    22.60    22.10    22.60     -0.80    -3.42%
      38              15  5345      馥鴻                    0.00          0.00    24.57%     21.35    24.15    21.35    24.15       22.00    22.00    21.90    21.90     -2.25    -9.32%
      39             672  8444      綠河-KY                 0.00          0.00    24.54%      5.23     5.35     5.22     5.35        4.60     4.95     4.60     4.95     -0.40    -7.48%
      40             877  5276      達輝-KY                 0.00          0.00    24.51%     18.25    19.55    18.15    19.55       18.10    18.30    18.10    18.30     -1.25    -6.39%
==========================================================================================================================================================================
✅ 共 40 筆


══════════════════════════════════════════════════════════════════════════════════════════════════════════════
  🔄 第 19/20 次  2026/08/04 ～ 2026/09/03
══════════════════════════════════════════════════════════════════════════════════════════════════════════════

==========================================================================================================================================================================
📊 動能效率優先權分數排名 (2026/08/04 ~ 2026/09/03)
==========================================================================================================================================================================
    實資排名          累計天數排名  代號        名稱                 累計漲停(元)       累計跌停(元)       強度%  (08/04)開盤      最高      最低      收盤    (09/03)開盤      最高      最低      收盤      賺賠    賺賠率
--------------------------------------------------------------------------------------------------------------------------------------------------------------------------
       1               1  3234      光環                   76.50         16.50   100.00%    104.00   114.00   103.00   113.00      211.00   214.00   193.50   194.50    +81.50   +72.12%
       2               2  3455      由田                   88.50         28.50    60.97%    167.00   184.00   166.00   182.50      260.00   273.50   239.00   239.00    +56.50   +30.96%
       3               3  3498      陽程                   87.00         23.50    60.18%    100.50   108.00    99.80   103.50      216.00   221.50   191.00   192.00    +88.50   +85.51%
       4               4  6538      倉和                  121.50         22.00    54.10%    137.50   148.50   136.50   148.50      273.00   273.00   273.00   273.00   +124.50   +83.84%
       5               5  6147      頎邦                   41.50          0.00    49.08%    132.50   148.50   130.50   144.50      183.50   199.50   174.00   189.00    +44.50   +30.80%
       6               6  6727      亞泰金屬                287.50        110.50    47.77%    336.50   370.00   334.50   370.00      580.00   598.00   545.00   550.00   +180.00   +48.65%
       7               7  6173      信昌電                 141.00         62.50    42.17%    156.50   169.50   156.50   164.50      258.50   258.50   237.50   241.00    +76.50   +46.50%
       8               8  2221      大甲                    0.00          0.00    38.81%     43.45    45.90    43.25    44.50       84.20    91.50    84.20    91.50    +47.00  +105.62%
       9               9  5355      佳總                    0.00          0.00    36.65%      5.53     5.86     5.53     5.86        5.76     5.99     5.76     5.99     +0.13    +2.22%
      10              11  5475      德宏                   81.50         35.00    36.50%    127.00   134.00   121.50   134.00      192.00   208.50   181.00   182.50    +48.50   +36.19%
      11              12  6217      中探針                  72.50         26.00    35.60%    126.00   134.00   126.00   134.00      196.00   210.50   192.50   195.50    +61.50   +45.90%
      12              21  3441      聯一光                  33.20          9.50    34.79%     93.50    95.80    85.50    89.60      142.00   144.00   130.00   130.00    +40.40   +45.09%
      13              16  4908      前鼎                  120.50         52.00    34.52%    145.00   155.00   141.00   150.50      220.00   229.50   200.50   204.50    +54.00   +35.88%
      14              14  4991      環宇-KY               323.50        210.50    33.46%    420.00   426.50   420.00   426.50      536.00   560.00   480.50   484.50    +58.00   +13.60%
      15              10  8431      匯鑽科                   0.00          0.00    32.90%     46.55    51.50    46.55    51.50       59.10    65.70    58.70    63.70    +12.20   +23.69%
      16              22  3374      精材                  156.00         61.50    32.36%    324.00   324.00   303.00   309.50      420.00   424.00   393.00   400.00    +90.50   +29.24%
      17              13  5432      新門                   45.00          0.00    31.89%    103.00   112.00   102.00   108.00      152.00   155.00   147.00   153.00    +45.00   +41.67%
      18              18  8093      保銳                    0.00          0.00    30.82%     21.00    21.30    20.60    20.60       26.65    26.70    26.50    26.55     +5.95   +28.88%
      19             397  3664      安瑞-KY                 0.00          0.00    30.56%      6.25     6.79     6.25     6.79        9.05     9.17     8.50     9.10     +2.31   +34.02%
      20            1011  6236      中湛                    0.00          0.00    30.40%        --       --       --       --          --       --       --       --        --        --
      21              20  1815      富喬                    0.00         11.00    30.14%     75.00    80.10    73.50    80.10      132.00   139.50   118.00   120.00    +39.90   +49.81%
      22              37  6829      千附精密                 54.50         29.50    29.96%    172.50   182.00   172.00   181.50      246.00   246.00   231.50   231.50    +50.00   +27.55%
      23              25  3555      博士旺                  57.50         21.50    29.62%    148.00   148.00   146.50   147.00      195.50   199.50   185.50   185.50    +38.50   +26.19%
      24             976  6597      立誠                    0.00          0.00    29.57%     66.60    66.60    57.00    64.00       69.40    73.00    69.40    73.00     +9.00   +14.06%
      25              24  6532      瑞耘                    0.00          0.00    29.24%     68.80    72.00    68.80    70.30       97.60   103.50    97.60    99.80    +29.50   +41.96%
      26              59  5321      美而快                   0.00          0.00    29.10%     56.80    56.80    53.40    53.60       77.00    79.70    75.50    76.40    +22.80   +42.54%
      27              44  6240      松崗                    0.00          0.00    28.82%     19.85    20.35    19.20    19.20       27.30    28.25    25.60    27.95     +8.75   +45.57%
      28              17  5439      高技                   24.00          0.00    28.82%    214.00   229.50   212.50   224.00      269.50   272.00   261.00   261.00    +37.00   +16.52%
      29              45  4198      欣大健康                  0.00          0.00    28.70%     40.70    40.70    38.80    40.10       47.00    49.90    45.30    46.80     +6.70   +16.71%
      30              51  3228      金麗科                  26.50          0.00    28.61%    143.00   145.50   135.00   145.00      184.50   184.50   171.00   171.00    +26.00   +17.93%
      31              31  3105      穩懋                  260.00        141.50    28.60%    320.00   342.00   313.50   342.00      478.00   490.00   440.00   446.50   +104.50   +30.56%
      32              30  6530      創威                    0.00          0.00    28.38%     70.30    75.80    70.00    74.70      100.50   102.50    94.10    95.00    +20.30   +27.18%
      33              43  6654      天正國際                 59.00         23.00    28.19%    168.00   168.00   160.00   168.00      200.50   220.00   200.50   215.00    +47.00   +27.98%
      34              42  5701      劍湖山                   0.00          0.00    27.97%      4.23     4.34     4.23     4.27        4.24     4.31     4.18     4.30     +0.03    +0.70%
      35              15  6683      雍智科技                845.00        510.00    27.90%   1020.00  1110.00  1020.00  1090.00     1470.00  1475.00  1360.00  1385.00   +295.00   +27.06%
      36              82  6929      佑全                    0.00          0.00    27.87%     23.00    23.75    23.00    23.75       22.30    22.40    22.05    22.40     -1.35    -5.68%
      37              36  3490      單井                    0.00          0.00    27.85%     28.40    29.00    28.15    28.40       46.50    47.45    44.80    44.95    +16.55   +58.27%
      38             792  6865      偉康科技                  0.00          0.00    27.77%     24.70    24.70    24.70    24.70       24.60    25.20    24.50    25.10     +0.40    +1.62%
      39              39  8906      花王                    0.00          0.00    27.73%     25.60    26.25    25.45    26.25       28.70    29.60    28.70    29.35     +3.10   +11.81%
      40              23  4931      新盛力                  71.00         72.50    27.61%    195.00   197.00   190.00   196.00      251.50   253.00   239.00   239.50    +43.50   +22.19%
==========================================================================================================================================================================
✅ 共 40 筆


══════════════════════════════════════════════════════════════════════════════════════════════════════════════
  🔄 第 20/20 次  2026/08/03 ～ 2026/09/02
══════════════════════════════════════════════════════════════════════════════════════════════════════════════

==========================================================================================================================================================================
📊 動能效率優先權分數排名 (2026/08/03 ~ 2026/09/02)
==========================================================================================================================================================================
    實資排名          累計天數排名  代號        名稱                 累計漲停(元)       累計跌停(元)       強度%  (08/03)開盤      最高      最低      收盤    (09/02)開盤      最高      最低      收盤      賺賠    賺賠率
--------------------------------------------------------------------------------------------------------------------------------------------------------------------------
       1               1  3234      光環                   76.50          0.00   100.00%     95.70   105.00    95.70   104.00      199.00   220.00   199.00   211.00   +107.00  +102.88%
       2               3  3498      陽程                   87.00         14.00    62.48%     90.80    99.00    88.70    99.00      203.00   213.00   195.00   201.50   +102.50  +103.54%
       3               2  3455      由田                   88.50         11.00    59.22%    157.50   171.00   156.00   167.50      263.50   270.00   255.00   256.50    +89.00   +53.13%
       4               5  6727      亞泰金屬                318.00         80.50    51.71%    325.00   336.50   316.00   336.50      580.00   605.00   570.00   580.00   +243.50   +72.36%
       5               4  6173      信昌電                 155.50         43.00    49.83%    145.50   160.00   145.50   160.00      255.00   263.50   253.50   260.50   +100.50   +62.81%
       6               7  6538      倉和                   97.00         22.00    45.37%    136.00   140.00   132.00   135.00      248.50   248.50   248.50   248.50   +113.50   +84.07%
       7               6  6217      中探針                  83.50         26.00    39.94%    109.50   122.00   109.50   122.00      190.00   207.50   189.50   195.50    +73.50   +60.25%
       8               8  5475      德宏                   92.50         35.00    38.97%    116.00   122.00   116.00   122.00      195.50   204.50   190.00   190.00    +68.00   +55.74%
       9              12  6147      頎邦                   41.50          0.00    38.95%    128.00   143.00   128.00   135.50      180.00   186.50   178.50   182.50    +47.00   +34.69%
      10               9  4991      環宇-KY               358.50        165.00    36.94%    368.00   388.00   368.00   388.00      524.00   545.00   524.00   530.00   +142.00   +36.60%
      11              14  3441      聯一光                  33.20          0.00    34.98%     87.00    92.40    83.30    92.40      133.00   140.00   130.00   139.50    +47.10   +50.97%
      12              15  4908      前鼎                  120.50         38.50    32.81%    135.00   143.00   135.00   141.00      227.00   241.50   215.50   218.00    +77.00   +54.61%
      13              11  4979      華星光                 328.00        115.00    31.72%    371.50   407.00   371.50   407.00      600.00   624.00   600.00   624.00   +217.00   +53.32%
      14              16  5355      佳總                    0.00          0.00    31.29%      5.02     5.53     5.00     5.53        5.66     6.00     5.66     6.00     +0.47    +8.50%
      15              17  3374      精材                  183.50         42.00    31.24%    290.50   304.50   287.50   304.50      418.00   430.00   413.00   419.50   +115.00   +37.77%
      16              13  4931      新盛力                  84.50         62.00    31.06%    176.00   195.00   176.00   191.00      257.00   264.50   250.00   250.00    +59.00   +30.89%
      17              10  8358      金居                  252.00         88.00    30.59%    299.00   327.50   298.00   327.50      515.00   521.00   503.00   503.00   +175.50   +53.59%
      18              18  3105      穩懋                  276.50        118.50    29.35%    298.50   320.50   298.50   311.00      484.00   492.00   468.00   469.50   +158.50   +50.96%
      19              26  2221      大甲                    0.00          0.00    29.31%     42.20    43.75    42.20    43.20       78.50    85.40    78.10    83.20    +40.00   +92.59%
      20              28  3228      金麗科                  26.50          0.00    28.96%    139.50   145.00   135.00   140.00      178.00   188.00   175.00   179.00    +39.00   +27.86%
      21              21  5439      高技                   38.50          0.00    28.68%    218.00   218.50   206.00   214.00      271.50   272.50   267.00   269.50    +55.50   +25.93%
      22              23  1815      富喬                    0.00          0.00    28.04%     66.00    72.90    65.60    72.90      128.50   139.00   126.00   131.00    +58.10   +79.70%
      23              22  6683      雍智科技                933.00        435.00    28.03%    998.00  1015.00   981.00  1015.00     1405.00  1460.00  1400.00  1460.00   +445.00   +43.84%
      24              33  4971      IET-KY              426.00        156.50    27.64%    374.00   382.00   374.00   382.00      654.00   726.00   650.00   669.00   +287.00   +75.13%
      25              44  6829      千附精密                 54.50         18.00    26.54%    168.50   178.50   167.00   173.50      255.00   256.50   241.50   243.00    +69.50   +40.06%
      26              24  3147      大綜                   49.50         21.50    26.17%    220.50   238.50   217.00   237.50      222.00   222.00   218.00   220.50    -17.00    -7.16%
      27              49  3357      臺慶科                  55.50         25.00    25.99%    202.50   208.50   196.00   204.00      212.00   214.50   208.50   209.00     +5.00    +2.45%
      28              35  8155      博智                   80.50         10.50    25.87%    272.50   294.00   272.50   286.00      365.00   372.00   364.00   369.00    +83.00   +29.02%
      29              19  4542      科嶠                  116.00         59.00    25.83%    222.50   254.00   218.50   254.00      295.00   309.00   290.00   297.50    +43.50   +17.13%
      30              29  3363      上詮                  431.50        181.00    25.82%    499.00   528.00   492.00   525.00      786.00   818.00   757.00   780.00   +255.00   +48.57%
      31              42  3555      博士旺                  57.50         10.00    25.70%    144.00   150.00   142.50   145.00      205.00   206.00   192.00   197.00    +52.00   +35.86%
      32              20  3211      順達                  192.50        122.50    25.27%    290.50   313.50   289.00   309.00      399.00   400.50   392.00   392.00    +83.00   +26.86%
      33              58  6290      良維                   62.50         12.00    25.27%    207.00   219.50   203.50   217.50      259.00   263.00   256.00   256.50    +39.00   +17.93%
      34              25  6291      沛亨                  182.00        101.50    25.16%    313.00   342.50   313.00   333.50      423.50   465.50   423.50   440.00   +106.50   +31.93%
      35              36  5432      新門                   45.00          0.00    24.76%    102.00   105.00   102.00   105.00      151.50   152.50   147.50   149.00    +44.00   +41.90%
      36              30  7717      萊德光電-KY             166.50         74.00    24.68%    364.50   392.50   357.50   392.50      423.00   434.00   421.00   423.00    +30.50    +7.77%
      37              27  3163      波若威                 372.00        190.00    24.52%    545.00   598.00   545.00   598.00      749.00   767.00   749.00   766.00   +168.00   +28.09%
      38              45  6240      松崗                    0.00          0.00    24.45%     18.00    19.80    18.00    19.80       25.80    27.30    23.50    27.30     +7.50   +37.88%
      39              41  6530      創威                    0.00          0.00    24.25%     68.00    71.80    68.00    69.90       93.70   105.00    93.30   101.00    +31.10   +44.49%
      40              39  8431      匯鑽科                   0.00          0.00    24.24%     45.55    47.65    45.55    46.85       54.30    59.80    54.10    59.80    +12.95   +27.64%
==========================================================================================================================================================================
✅ 共 40 筆
