
██████████████████████████████████████████████████████████████████████████████████████████████████████████████
  📅 天數組合: 15 日  →  輸出檔: s12_15.txt
██████████████████████████████████████████████████████████████████████████████████████████████████████████████

🔁 共執行 15 次，每次區間長度 15 個交易日

══════════════════════════════════════════════════════════════════════════════════════════════════════════════
  🔄 第  1/15 次  2026/09/08 ～ 2026/10/01
══════════════════════════════════════════════════════════════════════════════════════════════════════════════

==========================================================================================================================================================================
📊 累計漲跌停強度排名 (2026/09/08 ~ 2026/10/01)
==========================================================================================================================================================================
    實資排名        累計天數排名  代號        名稱                 累計漲停(元)       累計跌停(元)       強度%  (09/08)開盤      最高      最低      收盤    (10/01)開盤      最高      最低      收盤      賺賠    賺賠率
--------------------------------------------------------------------------------------------------------------------------------------------------------------------------
       1            77  3443      創意                 3210.00       1245.00   218.39%   5940.00  6100.00  5730.00  5960.00     8040.00  8100.00  7730.00  7900.00  +1940.00   +32.55%
       2           126  3653      健策                 2050.00        830.00   135.59%   5700.00  5720.00  5480.00  5550.00     6720.00  6895.00  6665.00  6875.00  +1325.00   +23.87%
       3           153  3665      貿聯-KY               815.00        330.00    53.90%   2070.00  2070.00  1930.00  1935.00     2595.00  2625.00  2510.00  2555.00   +620.00   +32.04%
       4           208  8046      南電                  540.00        170.00    41.12%   1065.00  1075.00  1015.00  1025.00     1390.00  1450.00  1370.00  1420.00   +395.00   +38.54%
       5           189  8996      高力                  660.00        335.00    36.12%   1240.00  1285.00  1205.00  1225.00     1515.00  1600.00  1470.00  1565.00   +340.00   +27.76%
       6           308  3037      欣興                  344.00         77.00    29.67%    964.00   975.00   939.00   954.00     1195.00  1230.00  1170.00  1215.00   +261.00   +27.36%
       7           244  1560      中砂                  332.00         83.00    27.67%    730.00   736.00   713.00   717.00      963.00  1015.00   963.00  1000.00   +283.00   +39.47%
       8           226  2404      漢唐                  375.00        145.00    25.56%   1085.00  1085.00  1050.00  1055.00     1280.00  1315.00  1270.00  1305.00   +250.00   +23.70%
       9           252  3189      景碩                  272.00         52.00    24.45%    822.00   832.00   792.00   800.00      976.00  1020.00   964.00  1010.00   +210.00   +26.25%
      10           138  2454      聯發科                1045.00        830.00    23.90%   4800.00  4830.00  4685.00  4710.00     4875.00  4980.00  4875.00  4980.00   +270.00    +5.73%
      11           160  6526      達發                  237.00         55.00    20.23%    648.00   653.00   636.00   643.00      834.00   843.00   818.00   829.00   +186.00   +28.93%
      12           245  7799      禾榮科                 230.50         70.00    17.84%    396.00   397.50   381.00   382.50      555.00   574.00   544.00   555.00   +172.50   +45.10%
      13           197  6957      裕慶-KY               150.00          0.00    16.67%    222.00   222.00   216.00   216.00      400.00   400.00   364.00   384.00   +168.00   +77.78%
      14           139  3533      嘉澤                  405.00        260.00    16.12%   1690.00  1695.00  1610.00  1620.00     1780.00  1865.00  1760.00  1855.00   +235.00   +14.51%
      15           182  6533      晶心科                 157.00         13.50    15.95%    256.50   261.50   252.50   256.00      346.00   366.50   337.00   366.50   +110.50   +43.16%
      16           171  6805      富世達                 730.00        605.00    13.89%   2235.00  2235.00  2145.00  2155.00     2475.00  2510.00  2335.00  2390.00   +235.00   +10.90%
      17           267  6213      聯茂                  189.00         65.00    13.78%    521.00   539.00   500.00   510.00      623.00   643.00   611.00   642.00   +132.00   +25.88%
      18           284  6691      洋基工程                161.00         44.00    13.00%    621.00   624.00   615.00   615.00      727.00   748.00   719.00   733.00   +118.00   +19.19%
      19           110  6672      騰輝電子-KY             113.50         10.50    11.45%    300.50   317.50   290.00   294.00      376.50   405.50   369.50   405.50   +111.50   +37.93%
      20           267  3167      大量                  335.00        236.00    11.00%    871.00   971.00   871.00   938.00      908.00   975.00   908.00   975.00    +37.00    +3.94%
      21           273  3026      禾伸堂                 242.00        145.00    10.78%    750.00   776.00   738.00   747.00      796.00   870.00   796.00   852.00   +105.00   +14.06%
      22           298  6715      嘉基                  169.50         73.50    10.67%    333.00   340.00   322.00   325.00      445.00   453.00   430.00   453.00   +128.00   +39.38%
      23           230  6933      AMAX-KY             170.00         74.50    10.61%    322.50   325.00   315.00   317.50      370.00   404.50   369.50   394.50    +77.00   +24.25%
      24           187  6861      睿生光電                136.50         45.50    10.11%    189.00   205.00   186.00   195.50      317.50   324.50   288.00   292.00    +96.50   +49.36%
      25           151  3017      奇鋐                  765.00        675.00    10.00%   3455.00  3455.00  3245.00  3285.00     3435.00  3520.00  3300.00  3510.00   +225.00    +6.85%
      26           255  6196      帆宣                  143.00         56.00     9.67%    514.00   522.00   499.00   503.00      588.00   602.00   579.00   602.00    +99.00   +19.68%
      27           128  3532      台勝科                  99.50         14.00     9.50%    415.00   438.50   397.00   398.00      475.00   497.50   465.50   474.00    +76.00   +19.10%
      28           267  3563      牧德                  176.00         98.00     8.67%    708.00   709.00   691.00   695.00      820.00   825.00   750.00   754.00    +59.00    +8.49%
      29           267  3711      日月光投控               140.00         64.00     8.45%    619.00   623.00   608.00   618.00      700.00   710.00   693.00   710.00    +92.00   +14.89%
      30           232  6944      兆聯實業                102.00         32.00     7.78%    720.00   724.00   706.00   706.00      776.00   807.00   776.00   800.00    +94.00   +13.31%
      31           160  3055      蔚華科                  67.50          0.00     7.50%    135.50   146.00   135.50   146.00      208.00   212.00   202.00   210.00    +64.00   +43.84%
      32           288  7822      倍利科                 198.00        133.00     7.22%    928.00   939.00   899.00   899.00     1000.00  1020.00   979.00  1000.00   +101.00   +11.23%
      33           132  3016      嘉晶                   62.00          0.00     6.89%    102.00   108.50   101.00   101.50      169.00   169.00   162.50   168.00    +66.50   +65.52%
      34           270  2379      瑞昱                   81.00         22.00     6.56%    717.00   721.00   680.00   692.00      753.00   769.00   751.00   762.00    +70.00   +10.12%
      35           306  6426      統新                  144.00         85.00     6.56%    316.50   325.50   297.50   307.00      343.00   345.50   330.00   339.50    +32.50   +10.59%
      36           215  2308      台達電                 385.00        330.00     6.11%   1860.00  1860.00  1795.00  1805.00     1925.00  1935.00  1860.00  1905.00   +100.00    +5.54%
      37           132  2395      研華                   77.00         23.00     6.00%    681.00   681.00   651.00   657.00      731.00   734.00   718.00   723.00    +66.00   +10.05%
      38            94  6257      矽格                   52.00          0.00     5.78%    217.50   218.50   208.00   209.00      251.00   259.00   249.00   256.50    +47.50   +22.73%
      39            95  4770      上品                   62.00         10.50     5.72%    239.00   240.00   233.00   234.00      278.50   281.50   273.50   275.00    +41.00   +17.52%
      40           191  2330      台積電                 180.00        130.00     5.56%   2465.00  2505.00  2460.00  2470.00     2490.00  2510.00  2485.00  2510.00    +40.00    +1.62%
==========================================================================================================================================================================
✅ 共 40 筆


══════════════════════════════════════════════════════════════════════════════════════════════════════════════
  🔄 第  2/15 次  2026/09/07 ～ 2026/09/30
══════════════════════════════════════════════════════════════════════════════════════════════════════════════

==========================================================================================================================================================================
📊 累計漲跌停強度排名 (2026/09/07 ~ 2026/09/30)
==========================================================================================================================================================================
    實資排名        累計天數排名  代號        名稱                 累計漲停(元)       累計跌停(元)       強度%  (09/07)開盤      最高      最低      收盤    (09/30)開盤      最高      最低      收盤      賺賠    賺賠率
--------------------------------------------------------------------------------------------------------------------------------------------------------------------------
       1            79  3443      創意                 3335.00       1105.00   398.25%   6000.00  6030.00  5705.00  5935.00     8090.00  8110.00  7860.00  8040.00  +2105.00   +35.47%
       2           121  3653      健策                 1975.00       1050.00   165.19%   6000.00  6000.00  5600.00  5655.00     6980.00  7080.00  6720.00  6800.00  +1145.00   +20.25%
       3           131  2454      聯發科                1330.00        830.00    89.29%   4500.00  4855.00  4485.00  4760.00     5010.00  5100.00  4920.00  4920.00   +160.00    +3.36%
       4           150  3665      貿聯-KY               815.00        365.00    80.36%   2175.00  2185.00  2060.00  2070.00     2500.00  2685.00  2485.00  2595.00   +525.00   +25.36%
       5           189  8996      高力                  660.00        355.00    54.47%   1390.00  1410.00  1205.00  1240.00     1600.00  1665.00  1565.00  1605.00   +365.00   +29.44%
       6           203  8046      南電                  460.00        170.00    51.79%   1080.00  1085.00  1045.00  1050.00     1285.00  1340.00  1250.00  1340.00   +290.00   +27.62%
       7           305  3037      欣興                  351.00         77.00    48.93%    939.00   965.00   911.00   949.00     1175.00  1190.00  1155.00  1175.00   +226.00   +23.81%
       8           177  6805      富世達                 795.00        540.00    45.54%   2260.00  2265.00  2210.00  2265.00     2580.00  2720.00  2440.00  2455.00   +190.00    +8.39%
       9           243  1560      中砂                  330.00         83.00    44.11%    702.00   736.00   702.00   730.00      958.00   971.00   953.00   963.00   +233.00   +31.92%
      10           235  2404      漢唐                  370.00        145.00    40.18%   1070.00  1085.00  1060.00  1080.00     1230.00  1300.00  1230.00  1290.00   +210.00   +19.44%
      11           143  6526      達發                  237.00         44.00    34.47%    642.00   658.00   633.00   644.00      830.00   855.00   819.00   840.00   +196.00   +30.43%
      12           235  3189      景碩                  232.00         52.00    32.15%    819.00   831.00   805.00   813.00      961.00   972.00   937.00   970.00   +157.00   +19.31%
      13           238  7799      禾榮科                 239.50         70.00    30.27%    380.00   403.00   370.50   395.00      509.00   539.00   503.00   539.00   +144.00   +36.46%
      14           158  6957      裕慶-KY               137.00          0.00    24.47%    219.50   222.50   218.50   221.00      365.00   371.00   356.00   371.00   +150.00   +67.87%
      15           261  3563      牧德                  176.00         45.00    23.39%    700.00   714.00   698.00   699.00      811.00   825.00   784.00   807.00   +108.00   +15.45%
      16           176  6861      睿生光電                136.50         24.00    20.09%    187.00   187.50   181.00   186.50      294.00   313.50   294.00   313.50   +127.00   +68.10%
      17           162  6533      晶心科                 124.00         13.50    19.73%    255.50   262.00   255.00   257.00      316.00   333.50   301.00   333.50    +76.50   +29.77%
      18           202  2360      致茂                  670.00        560.00    19.64%   2140.00  2230.00  2100.00  2230.00     2245.00  2280.00  2135.00  2135.00    -95.00    -4.26%
      19           285  3711      日月光投控               173.00         64.00    19.47%    600.00   628.00   600.00   621.00      716.00   723.00   703.00   703.00    +82.00   +13.20%
      20           274  3026      禾伸堂                 251.00        145.00    18.93%    770.00   771.00   761.00   771.00      815.00   822.00   790.00   791.00    +20.00    +2.59%
      21           238  6213      聯茂                  170.00         65.00    18.75%    535.00   535.00   505.00   513.00      624.00   649.00   622.00   623.00   +110.00   +21.44%
      22           285  6715      嘉基                  177.50         73.50    18.57%    321.50   351.00   315.50   339.00      452.00   453.50   441.00   442.00   +103.00   +30.38%
      23           247  6691      洋基工程                147.00         44.00    18.39%    619.00   630.00   614.00   624.00      666.00   719.00   665.00   719.00    +95.00   +15.22%
      24           271  3167      大量                  327.00        236.00    16.25%    883.00   883.00   878.00   883.00      902.00   906.00   879.00   887.00     +4.00    +0.45%
      25           128  3532      台勝科                  99.50         14.00    15.27%    401.00   418.50   393.50   403.00      459.50   488.50   453.00   471.00    +68.00   +16.87%
      26           329  6426      統新                  170.50         85.00    15.27%    285.00   296.00   285.00   296.00      351.50   360.50   342.00   345.00    +49.00   +16.55%
      27           253  2368      金像電                 330.00        250.00    14.29%   1090.00  1145.00  1060.00  1120.00     1115.00  1160.00  1070.00  1120.00     +0.00    +0.00%
      28           132  6672      騰輝電子-KY              87.50         10.50    13.75%    293.00   309.50   287.00   299.50      337.50   369.00   335.50   369.00    +69.50   +23.21%
      29           301  2379      瑞昱                   97.00         22.00    13.39%    720.00   738.00   706.00   729.00      763.00   767.00   750.00   760.00    +31.00    +4.25%
      30           205  6933      AMAX-KY             146.50         74.50    12.86%    319.00   319.00   307.50   313.00      380.50   392.00   371.00   371.00    +58.00   +18.53%
      31           225  6196      帆宣                  126.00         56.00    12.50%    516.00   518.00   506.00   514.00      552.00   588.00   551.00   585.00    +71.00   +13.81%
      32           179  3533      嘉澤                  330.00        260.00    12.50%   1720.00  1725.00  1690.00  1695.00     1730.00  1785.00  1705.00  1770.00    +75.00    +4.42%
      33           181  2330      台積電                 200.00        130.00    12.50%   2435.00  2460.00  2430.00  2460.00     2495.00  2510.00  2480.00  2480.00    +20.00    +0.81%
      34           235  6944      兆聯實業                100.00         32.00    12.14%    699.00   733.00   699.00   719.00      780.00   795.00   774.00   775.00    +56.00    +7.79%
      35           160  3055      蔚華科                  67.50          0.00    12.05%    133.50   144.00   133.00   134.50      201.00   211.00   195.00   209.50    +75.00   +55.76%
      36           288  7822      倍利科                 198.00        133.00    11.61%    938.00   989.00   926.00   930.00      998.00  1025.00   989.00   998.00    +68.00    +7.31%
      37           206  2308      台達電                 395.00        330.00    11.61%   1845.00  1885.00  1825.00  1850.00     1885.00  1930.00  1870.00  1890.00    +40.00    +2.16%
      38           131  4770      上品                   74.50         10.50    11.43%    232.00   246.50   231.50   239.00      288.00   288.50   277.50   282.00    +43.00   +17.99%
      39           132  3016      嘉晶                   62.00          0.00    11.07%    103.00   103.50   100.00   100.50      170.00   172.50   165.00   169.00    +68.50   +68.16%
      40           234  2408      南亞科                 130.00         73.00    10.18%    519.00   525.00   508.00   517.00      511.00   520.00   507.00   519.00     +2.00    +0.39%
==========================================================================================================================================================================
✅ 共 40 筆


══════════════════════════════════════════════════════════════════════════════════════════════════════════════
  🔄 第  3/15 次  2026/09/04 ～ 2026/09/29
══════════════════════════════════════════════════════════════════════════════════════════════════════════════

==========================================================================================================================================================================
📊 累計漲跌停強度排名 (2026/09/04 ~ 2026/09/29)
==========================================================================================================================================================================
    實資排名        累計天數排名  代號        名稱                 累計漲停(元)       累計跌停(元)       強度%  (09/04)開盤      最高      最低      收盤    (09/29)開盤      最高      最低      收盤      賺賠    賺賠率
--------------------------------------------------------------------------------------------------------------------------------------------------------------------------
       1           151  3443      創意                 3230.00       1105.00    62.44%   5945.00  6000.00  5680.00  5810.00     8410.00  8415.00  7925.00  7925.00  +2115.00   +36.40%
       2           123  3653      健策                 2235.00        955.00    37.61%   5835.00  5995.00  5725.00  5875.00     7000.00  7160.00  6850.00  6895.00  +1020.00   +17.36%
       3           107  2454      聯發科                1395.00        830.00    16.60%   4435.00  4490.00  4340.00  4415.00     5150.00  5195.00  4890.00  4910.00   +495.00   +11.21%
       4           183  6805      富世達                 900.00        480.00    12.34%   2150.00  2200.00  2080.00  2200.00     2455.00  2550.00  2420.00  2515.00   +315.00   +14.32%
       5           175  8996      高力                  755.00        355.00    11.75%   1255.00  1300.00  1170.00  1300.00     1505.00  1625.00  1480.00  1585.00   +285.00   +21.92%
       6           171  3665      貿聯-KY               710.00        365.00    10.14%   2135.00  2175.00  2115.00  2145.00     2385.00  2465.00  2375.00  2445.00   +300.00   +13.99%
       7           272  3037      欣興                  341.00         98.00     7.14%    930.00   940.00   873.00   902.00     1170.00  1185.00  1130.00  1165.00   +263.00   +29.16%
       8           249  1560      中砂                  330.00         99.00     6.79%    728.00   731.00   683.00   695.00      960.00   977.00   955.00   956.00   +261.00   +37.55%
       9           230  3189      景碩                  261.00         52.00     6.14%    797.00   828.00   766.00   819.00      960.00   969.00   939.00   955.00   +136.00   +16.61%
      10           202  8046      南電                  390.00        195.00     5.73%   1075.00  1095.00  1010.00  1055.00     1210.00  1280.00  1200.00  1270.00   +215.00   +20.38%
      11           258  2404      漢唐                  335.00        145.00     5.58%   1040.00  1085.00  1010.00  1070.00     1250.00  1255.00  1180.00  1220.00   +150.00   +14.02%
      12           275  3167      大量                  400.00        220.00     5.29%    752.00   803.00   719.00   803.00      936.00   946.00   895.00   903.00   +100.00   +12.45%
      13           250  2360      致茂                  685.00        510.00     5.14%   2095.00  2150.00  1975.00  2030.00     2255.00  2325.00  2160.00  2185.00   +155.00    +7.64%
      14           292  3026      禾伸堂                 314.00        145.00     4.97%    692.00   701.00   683.00   701.00      804.00   804.00   785.00   796.00    +95.00   +13.55%
      15           124  6526      達發                  211.00         44.00     4.91%    646.00   649.00   620.00   635.00      825.00   833.00   800.00   814.00   +179.00   +28.19%
      16           273  7799      禾榮科                 209.00         70.00     4.08%    355.00   373.00   353.50   370.00      496.00   510.00   490.00   490.50   +120.50   +32.57%
      17           275  3563      牧德                  180.00         45.00     3.97%    695.00   704.00   670.00   693.00      773.00   815.00   773.00   794.00   +101.00   +14.57%
      18           331  6715      嘉基                  190.00         63.50     3.72%    317.50   328.50   311.50   320.00      460.00   468.50   442.00   452.00   +132.00   +41.25%
      19           238  6213      聯茂                  170.00         65.00     3.09%    537.00   545.00   493.50   517.00      620.00   628.00   588.00   620.00   +103.00   +19.92%
      20           144  6957      裕慶-KY               103.50          0.00     3.04%    218.00   221.00   216.00   219.50      334.50   337.50   307.50   337.50   +118.00   +53.76%
      21           139  3017      奇鋐                  925.00        825.00     2.94%   3465.00  3570.00  3410.00  3570.00     3420.00  3460.00  3285.00  3400.00   -170.00    -4.76%
      22           259  3711      日月光投控               157.00         64.00     2.73%    600.00   603.00   578.00   588.00      685.00   693.00   678.00   687.00    +99.00   +16.84%
      23           218  2330      台積電                 220.00        130.00     2.64%   2415.00  2415.00  2390.00  2410.00     2475.00  2495.00  2475.00  2475.00    +65.00    +2.70%
      24           262  6933      AMAX-KY             161.50         74.50     2.56%    309.00   319.00   299.00   317.00      385.50   395.00   375.50   378.00    +61.00   +19.24%
      25           147  3532      台勝科                 100.50         14.00     2.54%    392.00   406.50   385.00   399.00      450.00   472.00   449.00   454.00    +55.00   +13.78%
      26           329  6426      統新                  170.50         85.00     2.51%    270.00   274.00   251.00   269.50      381.50   388.50   350.50   354.00    +84.50   +31.35%
      27           159  6861      睿生光電                108.00         24.00     2.47%    180.50   185.50   180.00   183.00      271.00   288.00   270.50   285.00   +102.00   +55.74%
      28           146  6533      晶心科                  94.00         13.50     2.37%    270.00   271.00   262.00   264.00      272.50   303.50   268.00   303.50    +39.50   +14.96%
      29           214  2308      台達電                 405.00        330.00     2.20%   1810.00  1850.00  1790.00  1825.00     1880.00  1950.00  1810.00  1835.00    +10.00    +0.55%
      30           301  2379      瑞昱                   97.00         22.00     2.20%    710.00   725.00   706.00   713.00      715.00   778.00   715.00   760.00    +47.00    +6.59%
      31           210  4770      上品                   84.00         10.50     2.16%    224.50   228.00   219.00   226.50      277.00   295.00   277.00   286.50    +60.00   +26.49%
      32           149  6672      騰輝電子-KY              80.00         10.50     2.04%    289.00   289.00   278.00   289.00      330.50   335.50   321.00   335.50    +46.50   +16.09%
      33           235  6944      兆聯實業                100.00         32.00     2.00%    705.00   705.00   685.00   696.00      763.00   795.00   760.00   776.00    +80.00   +11.49%
      34           160  3055      蔚華科                  67.50          0.00     1.98%    133.00   136.00   128.00   132.50      196.00   207.50   191.50   203.50    +71.00   +53.58%
      35           300  7822      倍利科                 200.00        133.00     1.97%    906.00   924.00   896.00   922.00      930.00   986.00   925.00   976.00    +54.00    +5.86%
      36           130  7610      聯友金屬-創              715.00        650.00     1.91%   1820.00  1820.00  1820.00  1820.00     1790.00  1835.00  1730.00  1730.00    -90.00    -4.95%
      37           243  2408      南亞科                 135.50         73.00     1.84%    490.50   496.00   470.00   496.00      491.00   507.00   488.00   506.00    +10.00    +2.02%
      38           132  3016      嘉晶                   62.00          0.00     1.82%    100.00   101.50    97.50   101.00      165.00   176.00   161.50   172.50    +71.50   +70.79%
      39           173  2395      研華                  114.00         54.00     1.76%    688.00   727.00   685.00   711.00      714.00   754.00   712.00   730.00    +19.00    +2.67%
      40           311  8021      尖點                   97.00         42.50     1.60%    425.00   426.00   413.00   420.00      475.50   481.50   470.00   480.00    +60.00   +14.29%
==========================================================================================================================================================================
✅ 共 40 筆


══════════════════════════════════════════════════════════════════════════════════════════════════════════════
  🔄 第  4/15 次  2026/09/03 ～ 2026/09/24
══════════════════════════════════════════════════════════════════════════════════════════════════════════════

==========================================================================================================================================================================
📊 累計漲跌停強度排名 (2026/09/03 ~ 2026/09/24)
==========================================================================================================================================================================
    實資排名        累計天數排名  代號        名稱                 累計漲停(元)       累計跌停(元)       強度%  (09/03)開盤      最高      最低      收盤    (09/24)開盤      最高      最低      收盤      賺賠    賺賠率
--------------------------------------------------------------------------------------------------------------------------------------------------------------------------
       1           158  3443      創意                 3230.00        600.00   108.59%   5895.00  6045.00  5725.00  5800.00     8300.00  8545.00  8205.00  8525.00  +2725.00   +46.98%
       2           106  3653      健策                 2235.00       1085.00    47.48%   5770.00  5820.00  5590.00  5615.00     6560.00  6920.00  6215.00  6920.00  +1305.00   +23.24%
       3           108  2454      聯發科                1460.00        455.00    41.49%   4400.00  4420.00  4290.00  4340.00     5105.00  5360.00  5105.00  5285.00   +945.00   +21.77%
       4           211  6805      富世達                 900.00        480.00    17.34%   2130.00  2170.00  2030.00  2095.00     2570.00  2615.00  2505.00  2530.00   +435.00   +20.76%
       5           247  2360      致茂                  725.00        400.00    13.42%   2020.00  2095.00  2005.00  2015.00     2285.00  2345.00  2270.00  2295.00   +280.00   +13.90%
       6           123  7610      聯友金屬-創              850.00        550.00    12.39%   1540.00  1670.00  1540.00  1655.00     1825.00  1855.00  1775.00  1830.00   +175.00   +10.57%
       7           253  2404      漢唐                  345.00         80.00    10.94%   1030.00  1060.00  1025.00  1035.00     1255.00  1285.00  1205.00  1285.00   +250.00   +24.15%
       8           181  8996      高力                  700.00        435.00    10.94%   1285.00  1310.00  1185.00  1185.00     1555.00  1560.00  1480.00  1530.00   +345.00   +29.11%
       9           218  1560      中砂                  330.00         84.00    10.16%    705.00   727.00   702.00   711.00      950.00   975.00   945.00   971.00   +260.00   +36.57%
      10           213  3017      奇鋐                  925.00        680.00    10.12%   3395.00  3525.00  3290.00  3300.00     3460.00  3600.00  3455.00  3555.00   +255.00    +7.73%
      11           264  3037      欣興                  341.00        128.00     8.79%    997.00  1005.00   923.00   923.00     1155.00  1190.00  1145.00  1185.00   +262.00   +28.39%
      12           282  3167      大量                  400.00        218.00     7.51%    779.00   785.00   724.00   730.00      889.00   968.00   871.00   949.00   +219.00   +30.00%
      13           207  2308      台達電                 435.00        255.00     7.43%   1735.00  1810.00  1725.00  1760.00     1875.00  1935.00  1875.00  1910.00   +150.00    +8.52%
      14           160  6526      達發                  211.00         34.00     7.31%    652.00   655.00   630.00   630.00      845.00   862.00   818.00   840.00   +210.00   +33.33%
      15           182  3665      貿聯-KY               605.00        435.00     7.02%   2170.00  2180.00  2100.00  2100.00     2410.00  2470.00  2285.00  2340.00   +240.00   +11.43%
      16           273  7799      禾榮科                 209.00         70.00     5.74%    366.50   366.50   352.00   352.00      523.00   525.00   480.00   498.00   +146.00   +41.48%
      17           241  3189      景碩                  261.00        124.00     5.66%    867.00   882.00   775.00   775.00      938.00   996.00   929.00   962.00   +187.00   +24.13%
      18           277  3026      禾伸堂                 314.00        179.00     5.57%    691.00   699.00   632.00   638.00      768.00   820.00   765.00   810.00   +172.00   +26.96%
      19           312  6426      統新                  170.50         50.00     4.98%    260.50   274.00   249.00   265.50      412.00   412.00   380.00   389.00   +123.50   +46.52%
      20           332  6715      嘉基                  190.00         81.00     4.50%    340.00   341.50   307.50   307.50      462.50   472.50   459.00   468.50   +161.00   +52.36%
      21           222  3711      日月光投控               157.00         52.00     4.34%    595.00   605.00   585.00   589.00      685.00   699.00   680.00   699.00   +110.00   +18.68%
      22           218  2330      台積電                 220.00        130.00     3.72%   2385.00  2400.00  2380.00  2390.00     2480.00  2490.00  2470.00  2475.00    +85.00    +3.56%
      23           147  3532      台勝科                 100.50         14.00     3.57%    391.00   402.00   376.00   381.00      445.00   453.00   437.00   452.50    +71.50   +18.77%
      24           296  3563      牧德                  155.00         79.00     3.14%    709.00   716.00   676.00   676.00      760.00   777.00   739.00   769.00    +93.00   +13.76%
      25           210  4770      上品                   84.00         10.50     3.03%    215.50   221.50   215.00   217.00      285.00   290.00   272.00   281.50    +64.50   +29.72%
      26           139  6957      裕慶-KY                73.00          0.00     3.01%    218.00   220.50   217.50   217.50      298.50   307.00   287.00   307.00    +89.50   +41.15%
      27           230  6861      睿生光電                108.00         36.00     2.97%    190.50   190.50   178.50   178.50      266.50   290.00   266.00   279.50   +101.00   +56.58%
      28           149  6672      騰輝電子-KY              80.00         10.50     2.87%    274.00   276.00   261.50   263.00      315.00   337.50   315.00   337.50    +74.50   +28.33%
      29           256  6691      洋基工程                 98.00         31.00     2.77%    609.00   621.00   603.00   603.00      639.00   668.00   636.00   667.00    +64.00   +10.61%
      30           240  6196      帆宣                  101.00         35.00     2.73%    500.00   523.00   498.50   500.00      547.00   566.00   541.00   565.00    +65.00   +13.00%
      31           298  6933      AMAX-KY             161.50        103.50     2.39%    316.00   322.00   301.50   302.00      367.50   385.00   355.00   385.00    +83.00   +27.48%
      32           233  3055      蔚華科                  67.50         11.00     2.33%    143.00   144.50   130.50   131.00      201.50   208.00   195.50   199.00    +68.00   +51.91%
      33           268  6213      聯茂                  145.00         89.00     2.31%    550.00   552.00   509.00   512.00      595.00   595.00   592.00   595.00    +83.00   +16.21%
      34           138  6533      晶心科                  66.50         13.50     2.19%    264.00   273.50   263.50   264.00      251.00   276.00   250.00   276.00    +12.00    +4.55%
      35           108  3016      嘉晶                   49.50          0.00     2.04%    100.50   103.00    98.20    98.30      147.50   160.00   147.00   160.00    +61.70   +62.77%
      36           101  7768      頌勝科技                 49.50          0.00     2.04%    287.00   289.50   278.00   278.00      292.00   312.00   292.00   304.50    +26.50    +9.53%
      37           202  8046      南電                  360.00        315.00     1.86%   1225.00  1225.00  1080.00  1080.00     1210.00  1270.00  1190.00  1240.00   +160.00   +14.81%
      38           222  2395      研華                  114.00         72.00     1.73%    706.00   715.00   673.00   674.00      703.00   728.00   702.00   722.00    +48.00    +7.12%
      39           125  6902      GOGOLOOK             41.00          0.00     1.69%    124.00   125.00   122.50   124.00      170.00   183.00   167.50   176.50    +52.50   +42.34%
      40           232  2449      京元電子                 63.00         22.50     1.67%    278.00   278.00   260.00   261.00      303.50   315.50   300.50   311.00    +50.00   +19.16%
==========================================================================================================================================================================
✅ 共 40 筆


══════════════════════════════════════════════════════════════════════════════════════════════════════════════
  🔄 第  5/15 次  2026/09/02 ～ 2026/09/23
══════════════════════════════════════════════════════════════════════════════════════════════════════════════

==========================================================================================================================================================================
📊 累計漲跌停強度排名 (2026/09/02 ~ 2026/09/23)
==========================================================================================================================================================================
    實資排名        累計天數排名  代號        名稱                 累計漲停(元)       累計跌停(元)       強度%  (09/02)開盤      最高      最低      收盤    (09/23)開盤      最高      最低      收盤      賺賠    賺賠率
--------------------------------------------------------------------------------------------------------------------------------------------------------------------------
       1            53  2059      川湖                 1740.00       3500.00  1369.65%  14220.00 14220.00 13600.00 13865.00    12670.00 12725.00 12320.00 12390.00  -1475.00   -10.64%
       2            41  3008      大立光                1490.00       2885.00  1085.60%   7470.00  7955.00  7460.00  7810.00     6440.00  6470.00  6140.00  6190.00  -1620.00   -20.74%
       3            74  6515      穎崴                 1460.00       2375.00   712.06%   6910.00  7370.00  6740.00  7050.00     5815.00  6070.00  5715.00  5995.00  -1055.00   -14.96%
       4           154  2383      台光電                 595.00       1220.00   486.38%   5600.00  5670.00  5445.00  5445.00     4910.00  5110.00  4860.00  5020.00   -425.00    -7.81%
       5           165  6669      緯穎                  165.00        675.00   396.89%   2790.00  2875.00  2585.00  2610.00     2135.00  2140.00  2095.00  2105.00   -505.00   -19.35%
       6           181  7750      新代                  275.00        685.00   319.07%   2295.00  2340.00  2240.00  2300.00     1980.00  1980.00  1915.00  1950.00   -350.00   -15.22%
       7           149  3661      世芯-KY               785.00       1150.00   284.05%   4260.00  4310.00  4180.00  4200.00     3790.00  3845.00  3715.00  3760.00   -440.00   -10.48%
       8           261  2345      智邦                  200.00        515.00   245.14%   2145.00  2205.00  2105.00  2140.00     1935.00  1955.00  1845.00  1890.00   -250.00   -11.68%
       9           286  1590      亞德客-KY               70.00        285.00   167.32%   1465.00  1465.00  1380.00  1395.00     1280.00  1285.00  1220.00  1230.00   -165.00   -11.83%
      10           209  6446      藥華藥                 180.00        310.00   101.17%   1335.00  1345.00  1280.00  1305.00     1170.00  1195.00  1160.00  1175.00   -130.00    -9.96%
      11           273  6781      AES-KY               92.00        221.00   100.39%   1145.00  1170.00  1115.00  1115.00     1025.00  1025.00  1010.00  1015.00   -100.00    -8.97%
      12           138  6442      光聖                  390.00        515.00    97.28%   1645.00  1795.00  1640.00  1795.00     1525.00  1545.00  1490.00  1515.00   -280.00   -15.60%
      13           326  6409      旭隼                   66.00        188.00    94.94%   1035.00  1035.00  1005.00  1005.00      900.00   900.00   882.00   883.00   -122.00   -12.14%
      14           360  8210      勤誠                   49.00        157.00    84.05%    984.00  1010.00   963.00   968.00      906.00   912.00   891.00   892.00    -76.00    -7.85%
      15           202  3406      玉晶光                 322.00        429.00    83.27%    970.00  1070.00   970.00  1050.00      930.00   942.00   904.00   905.00   -145.00   -13.81%
      16           287  3450      聯鈞                   87.50        191.50    80.93%    619.00   626.00   601.00   602.00      533.00   549.00   517.00   520.00    -82.00   -13.62%
      17           240  2467      志聖                   16.00        117.00    78.60%    617.00   630.00   608.00   609.00      535.00   537.00   519.00   522.00    -87.00   -14.29%
      18           325  6831      邁科                   72.00        160.00    68.48%    613.00   623.00   602.00   609.00      514.00   520.00   505.00   515.00    -94.00   -15.44%
      19           336  3583      辛耘                   60.00        142.00    63.81%    770.00   791.00   752.00   757.00      716.00   716.00   690.00   691.00    -66.00    -8.72%
      20           258  2368      金像電                 315.00        395.00    62.26%   1210.00  1210.00  1160.00  1175.00     1085.00  1140.00  1030.00  1140.00    -35.00    -2.98%
      21           265  3533      嘉澤                  265.00        335.00    54.47%   1715.00  1745.00  1680.00  1705.00     1755.00  1760.00  1660.00  1690.00    -15.00    -0.88%
      22           371  7822      倍利科                 107.00        175.00    52.92%    947.00   947.00   922.00   930.00      888.00   892.00   866.00   883.00    -47.00    -5.05%
      23           302  2357      華碩                  108.00        175.00    52.14%   1000.00  1020.00   993.00  1010.00      953.00   958.00   942.00   958.00    -52.00    -5.15%
      24           350  7795      長廣                   97.00        145.50    37.74%    533.00   548.00   513.00   515.00      518.00   524.00   490.00   490.50    -24.50    -4.76%
      25           196  8039      台虹                   42.00         86.00    34.24%    319.00   325.00   311.00   313.50      264.00   264.00   253.00   256.00    -57.50   -18.34%
      26           187  4958      臻鼎-KY                73.00        116.50    33.85%    530.00   531.00   505.00   507.00      471.50   482.50   470.00   473.00    -34.00    -6.71%
      27           234  7711      永擎                  233.00        269.00    28.02%    570.00   625.00   567.00   610.00      545.00   561.00   538.00   543.00    -67.00   -10.98%
      28           128  5284      jpp-KY               18.00         54.00    28.02%    332.50   362.50   332.00   355.00      304.00   305.00   299.00   301.00    -54.00   -15.21%
      29           316  1519      華城                   52.00         82.00    23.35%    749.00   771.00   741.00   741.00      718.00   718.00   704.00   704.00    -37.00    -4.99%
      30           184  1303      南亞                   12.00         38.50    20.62%    240.00   248.00   232.00   237.50      232.00   235.00   223.00   227.50    -10.00    -4.21%
      31           173  4576      大銀微系統                11.50         36.50    19.46%    229.00   252.00   227.50   242.00      235.00   235.00   222.50   223.50    -18.50    -7.64%
      32           224  3034      聯詠                   29.00         53.00    18.68%    558.00   563.00   540.00   543.00      561.00   561.00   542.00   545.00     +2.00    +0.37%
      33           156  4764      雙鍵                   14.00         32.00    14.01%    243.50   247.00   236.00   240.00      199.00   199.00   189.50   189.50    -50.50   -21.04%
      34           313  4583      台灣精銳                 34.00         51.00    13.23%    480.00   480.00   470.00   478.50      426.00   434.00   426.00   430.50    -48.00   -10.03%
      35            52  2486      一詮                   12.00         28.50    12.84%    272.00   288.00   270.50   288.00      236.00   237.00   232.00   232.00    -56.00   -19.44%
      36           121  2301      光寶科                  14.50         30.00    12.06%    297.00   328.00   296.50   315.00      286.00   287.00   282.00   283.50    -31.50   -10.00%
      37           226  6451      訊芯-KY                96.50        112.00    12.06%    453.00   500.00   447.50   500.00      430.00   432.50   415.00   416.00    -84.00   -16.80%
      38           155  6830      汎銓                   92.00        106.00    10.89%    570.00   618.00   568.00   598.00      548.00   553.00   538.00   545.00    -53.00    -8.86%
      39           282  6789      采鈺                   48.50         62.50    10.89%    489.00   513.00   482.00   483.50      473.00   474.00   461.00   468.00    -15.50    -3.21%
      40           160  3515      華擎                   10.00         24.00    10.89%    226.50   230.00   225.00   228.50      214.50   216.00   211.50   211.50    -17.00    -7.44%
==========================================================================================================================================================================
✅ 共 40 筆


══════════════════════════════════════════════════════════════════════════════════════════════════════════════
  🔄 第  6/15 次  2026/09/01 ～ 2026/09/22
══════════════════════════════════════════════════════════════════════════════════════════════════════════════

==========================================================================================================================================================================
📊 累計漲跌停強度排名 (2026/09/01 ~ 2026/09/22)
==========================================================================================================================================================================
    實資排名        累計天數排名  代號        名稱                 累計漲停(元)       累計跌停(元)       強度%  (09/01)開盤      最高      最低      收盤    (09/22)開盤      最高      最低      收盤      賺賠    賺賠率
--------------------------------------------------------------------------------------------------------------------------------------------------------------------------
       1           133  3443      創意                 3080.00        805.00    93.41%   6490.00  6490.00  5925.00  5995.00     8370.00  8375.00  8370.00  8375.00  +2380.00   +39.70%
       2           129  2454      聯發科                1750.00        495.00    51.53%   4315.00  4315.00  4315.00  4315.00     5280.00  5480.00  5150.00  5180.00   +865.00   +20.05%
       3           261  2360      致茂                  795.00        310.00    19.91%   1975.00  2055.00  1965.00  2030.00     2395.00  2540.00  2350.00  2440.00   +410.00   +20.20%
       4           163  8996      高力                  790.00        310.00    19.71%   1175.00  1200.00  1150.00  1175.00     1520.00  1655.00  1490.00  1655.00   +480.00   +40.85%
       5           135  7610      聯友金屬-創              950.00        555.00    16.22%   1525.00  1630.00  1485.00  1605.00     1945.00  1945.00  1850.00  1905.00   +300.00   +18.69%
       6           146  7769      鴻勁                 1840.00       1540.00    12.32%   5865.00  5990.00  5755.00  5870.00     6210.00  6225.00  5925.00  6155.00   +285.00    +4.86%
       7           226  1560      中砂                  375.00        124.00    10.31%    681.00   748.00   681.00   744.00      935.00   960.00   929.00   950.00   +206.00   +27.69%
       8           148  6669      緯穎                  870.00        665.00     8.42%   7115.00  7800.00  7050.00  7800.00     2155.00  2180.00  2090.00  2115.00  -5685.00   -72.88%
       9           214  6805      富世達                 800.00        605.00     8.01%   2305.00  2320.00  2130.00  2285.00     2500.00  2565.00  2470.00  2500.00   +215.00    +9.41%
      10           199  6526      達發                  195.00         55.00     5.75%    667.00   667.00   667.00   667.00      736.00   796.00   733.00   764.00    +97.00   +14.54%
      11           295  7799      禾榮科                 186.00         47.00     5.71%    370.00   371.00   365.50   370.00      522.00   534.00   503.00   508.00   +138.00   +37.30%
      12           378  6715      嘉基                  207.00         81.00     5.17%    312.50   344.00   312.50   335.50      451.50   469.50   445.00   451.50   +116.00   +34.58%
      13           238  3037      欣興                  276.00        156.00     4.93%    921.00   994.00   911.00   971.00     1120.00  1120.00  1105.00  1120.00   +149.00   +15.35%
      14           287  3711      日月光投控               183.00         73.00     4.52%    588.00   615.00   582.00   610.00      691.00   711.00   690.00   693.00    +83.00   +13.61%
      15           275  3189      景碩                  260.00        151.00     4.48%    838.00   900.00   835.00   874.00      875.00   909.00   875.00   909.00    +35.00    +4.00%
      16           269  2404      漢唐                  240.00        155.00     3.49%   1060.00  1105.00  1060.00  1100.00     1140.00  1175.00  1130.00  1140.00    +40.00    +3.64%
      17           296  6426      統新                  135.00         50.00     3.49%    260.50   272.50   257.00   270.00      378.00   379.50   350.50   356.00    +86.00   +31.85%
      18           190  3532      台勝科                 113.00         30.00     3.41%    378.00   408.50   378.00   402.00      447.00   459.50   431.50   434.50    +32.50    +8.08%
      19           258  2449      京元電子                 85.00          9.50     3.10%    260.00   281.50   259.00   279.00      314.00   330.00   312.00   317.00    +38.00   +13.62%
      20           187  3665      貿聯-KY               655.00        580.00     3.08%   2190.00  2375.00  2165.00  2315.00     2335.00  2345.00  2215.00  2245.00    -70.00    -3.02%
      21           312  2455      全新                  175.00        102.00     3.00%    490.00   524.00   474.00   524.00      570.00   570.00   537.00   547.00    +23.00    +4.39%
      22           230  6861      睿生光電                108.00         36.00     2.96%    186.50   198.00   186.50   193.50      247.00   270.50   242.50   267.00    +73.50   +37.98%
      23           286  3167      大量                  315.00        244.00     2.92%    794.00   839.00   789.00   800.00      815.00   868.00   812.00   864.00    +64.00    +8.00%
      24           247  3055      蔚華科                  80.00         11.00     2.83%    119.00   132.50   119.00   129.50      196.00   206.50   189.50   206.50    +77.00   +59.46%
      25           325  2379      瑞昱                  109.00         47.00     2.55%    723.00   753.00   723.00   744.00      750.00   764.00   746.00   755.00    +11.00    +1.48%
      26           110  6957      裕慶-KY                61.50          0.00     2.53%    217.00   229.00   217.00   220.50      297.50   312.00   292.00   303.00    +82.50   +37.41%
      27           214  2308      台達電                 450.00        390.00     2.46%   1845.00  1865.00  1810.00  1865.00     1965.00  1965.00  1900.00  1900.00    +35.00    +1.88%
      28           203  5434      崇越                   58.00          0.00     2.38%    518.00   545.00   518.00   540.00      544.00   547.00   531.00   534.00     -6.00    -1.11%
      29           232  2330      台積電                 215.00        160.00     2.26%   2395.00  2440.00  2390.00  2440.00     2505.00  2510.00  2460.00  2460.00    +20.00    +0.82%
      30           284  3026      禾伸堂                 272.00        223.00     2.01%    769.00   795.00   730.00   731.00      822.00   856.00   770.00   780.00    +49.00    +6.70%
      31           191  4770      上品                   59.00         10.50     1.99%    211.50   222.50   211.50   221.50      260.50   262.00   248.00   250.00    +28.50   +12.87%
      32           126  6257      矽格                   47.50          0.00     1.95%    211.00   225.00   211.00   221.50      257.00   263.00   248.50   249.00    +27.50   +12.42%
      33           289  3563      牧德                  125.00         79.00     1.89%    679.00   716.00   679.00   710.00      667.00   715.00   667.00   711.00     +1.00    +0.14%
      34           297  5269      祥碩                  225.00        180.00     1.85%   1420.00  1490.00  1420.00  1470.00     1490.00  1495.00  1465.00  1475.00     +5.00    +0.34%
      35           268  6196      帆宣                   93.00         50.00     1.77%    485.00   511.00   485.00   507.00      542.00   549.00   534.00   535.00    +28.00    +5.52%
      36           253  6197      佳必琪                  56.00         14.50     1.70%    304.00   321.50   304.00   317.00      325.00   328.00   317.00   317.50     +0.50    +0.16%
      37           125  6902      GOGOLOOK             41.00          0.00     1.68%    127.50   128.50   126.00   127.00      167.00   170.50   161.50   169.50    +42.50   +33.46%
      38           273  3533      嘉澤                  320.00        280.00     1.64%   1690.00  1770.00  1690.00  1745.00     1745.00  1745.00  1745.00  1745.00     +0.00    +0.00%
      39           136  6672      騰輝電子-KY              49.50         10.50     1.60%    276.50   282.50   274.00   278.50      315.00   315.00   300.00   302.00    +23.50    +8.44%
      40           171  6830      汎銓                  144.00        106.00     1.56%    527.00   572.00   510.00   572.00      565.00   575.00   543.00   547.00    -25.00    -4.37%
==========================================================================================================================================================================
✅ 共 40 筆


══════════════════════════════════════════════════════════════════════════════════════════════════════════════
  🔄 第  7/15 次  2026/08/31 ～ 2026/09/21
══════════════════════════════════════════════════════════════════════════════════════════════════════════════

==========================================================================================================================================================================
📊 累計漲跌停強度排名 (2026/08/31 ~ 2026/09/21)
==========================================================================================================================================================================
    實資排名        累計天數排名  代號        名稱                 累計漲停(元)       累計跌停(元)       強度%  (08/31)開盤      最高      最低      收盤    (09/21)開盤      最高      最低      收盤      賺賠    賺賠率
--------------------------------------------------------------------------------------------------------------------------------------------------------------------------
       1            59  2059      川湖                 1740.00       3240.00   289.83%  14250.00 14310.00 13850.00 14180.00    13000.00 13050.00 12510.00 12800.00  -1380.00    -9.73%
       2            44  3008      大立光                2075.00       2740.00   128.49%   7065.00  7735.00  7025.00  7650.00     6465.00  6615.00  6305.00  6400.00  -1250.00   -16.34%
       3           154  2383      台光電                 590.00       1185.00   114.96%   5300.00  5500.00  5300.00  5485.00     4900.00  4945.00  4795.00  4895.00   -590.00   -10.76%
       4           143  7769      鴻勁                 1685.00       2170.00    93.71%   6485.00  6485.00  5845.00  5860.00     6530.00  6530.00  5920.00  6000.00   +140.00    +2.39%
       5            78  6515      穎崴                 1890.00       2345.00    87.91%   6295.00  6420.00  6000.00  6285.00     6570.00  6570.00  5795.00  5795.00   -490.00    -7.80%
       6           148  6446      藥華藥                 155.00        545.00    75.36%   1630.00  1645.00  1395.00  1395.00     1185.00  1190.00  1150.00  1150.00   -245.00   -17.56%
       7           196  7750      新代                  350.00        700.00    67.63%   2270.00  2335.00  2240.00  2270.00     1950.00  1990.00  1910.00  1960.00   -310.00   -13.66%
       8           253  2345      智邦                  295.00        580.00    55.07%   2085.00  2085.00  1950.00  2035.00     1840.00  1880.00  1810.00  1840.00   -195.00    -9.58%
       9           156  3661      世芯-KY               900.00       1150.00    48.30%   4015.00  4085.00  3900.00  4075.00     3700.00  3700.00  3580.00  3665.00   -410.00   -10.06%
      10           324  1590      亞德客-KY               80.00        255.00    33.81%   1385.00  1430.00  1365.00  1425.00     1240.00  1255.00  1225.00  1240.00   -185.00   -12.98%
      11           249  8046      南電                  180.00        350.00    32.85%   1220.00  1325.00  1155.00  1230.00     1110.00  1150.00  1050.00  1060.00   -170.00   -13.82%
      12           285  3533      嘉澤                  165.00        325.00    30.91%   1730.00  1730.00  1675.00  1690.00     1600.00  1615.00  1570.00  1590.00   -100.00    -5.92%
      13           326  6409      旭隼                   66.00        188.00    23.57%   1030.00  1040.00   994.00  1035.00      917.00   918.00   892.00   894.00   -141.00   -13.62%
      14           366  7822      倍利科                 100.00        214.00    22.03%    933.00   933.00   891.00   914.00      850.00   851.00   836.00   850.00    -64.00    -7.00%
      15           427  8210      勤誠                   70.00        178.00    20.87%    990.00   995.00   961.00   969.00      905.00   909.00   897.00   900.00    -69.00    -7.12%
      16           300  6781      AES-KY              122.00        221.00    19.13%   1120.00  1135.00  1110.00  1125.00     1015.00  1025.00  1010.00  1010.00   -115.00   -10.22%
      17           306  3450      聯鈞                   98.50        193.50    18.36%    627.00   646.00   601.00   646.00      544.00   554.00   536.00   545.00   -101.00   -15.63%
      18           143  6442      光聖                  405.00        500.00    18.36%   1575.00  1655.00  1560.00  1630.00     1590.00  1595.00  1520.00  1525.00   -105.00    -6.44%
      19           235  3037      欣興                  176.00        267.00    17.58%    999.00   999.00   999.00   999.00      999.00  1055.00   999.00  1020.00    +21.00    +2.10%
      20           300  2467      志聖                   27.00        117.00    17.39%    595.00   616.00   570.00   613.00      535.00   535.00   521.00   526.00    -87.00   -14.19%
      21           325  6831      邁科                   72.00        160.00    17.00%    616.00   638.00   610.00   618.00      540.00   540.00   513.00   513.00   -105.00   -16.99%
      22           273  2368      金像電                 310.00        395.00    16.42%   1200.00  1240.00  1140.00  1165.00     1020.00  1050.00  1000.00  1045.00   -120.00   -10.30%
      23           356  7795      長廣                  106.00        187.00    15.65%    545.00   557.00   508.00   508.00      489.00   491.00   480.00   484.00    -24.00    -4.72%
      24           226  8039      台虹                   42.00        102.50    11.69%    343.00   347.00   309.50   327.00      270.00   272.00   262.50   265.00    -62.00   -18.96%
      25           275  3189      景碩                  178.00        231.00    10.24%    844.00   899.00   810.00   819.00      849.00   878.00   824.00   827.00     +8.00    +0.98%
      26           322  6213      聯茂                   91.00        137.00     8.89%    563.00   591.00   534.00   548.00      515.00   542.00   510.00   542.00     -6.00    -1.09%
      27           362  3583      辛耘                  109.00        154.00     8.69%    748.00   748.00   700.00   724.00      710.00   710.00   696.00   702.00    -22.00    -3.04%
      28           255  2327      國巨*                 122.00        159.00     7.15%    580.00   590.00   538.00   545.00      556.00   579.00   556.00   557.00    +12.00    +2.20%
      29           160  2301      光寶科                  14.50         42.50     5.41%    311.00   314.50   304.00   305.00      289.00   294.00   281.50   288.50    -16.50    -5.41%
      30           363  1519      華城                   84.00        108.00     4.64%    755.00   755.00   725.00   729.00      726.00   726.00   717.00   718.00    -11.00    -1.51%
      31           300  6415      矽力*-KY               69.50         93.00     4.54%    452.00   452.00   412.50   412.50      429.00   430.50   422.00   427.50    +15.00    +3.64%
      32           371  2357      華碩                  153.00        175.00     4.25%    962.00  1005.00   951.00   999.00      973.00   973.00   943.00   946.00    -53.00    -5.31%
      33           181  5284      jpp-KY               32.00         54.00     4.25%    321.00   330.00   316.50   323.00      294.00   302.00   294.00   300.00    -23.00    -7.12%
      34           309  3563      牧德                   74.00         94.00     3.86%    697.00   705.00   672.00   682.00      677.00   677.00   660.00   660.00    -22.00    -3.23%
      35           346  7788      松川精密                 70.50         89.00     3.57%    339.00   347.00   307.00   316.00      298.00   302.00   291.00   291.00    -25.00    -7.91%
      36           156  4764      雙鍵                   14.00         32.00     3.48%    245.00   248.50   235.00   241.00      207.50   207.50   200.50   200.50    -40.50   -16.80%
      37           313  4583      台灣精銳                 34.00         51.00     3.28%    453.50   463.00   453.50   460.00      443.50   443.50   426.50   434.00    -26.00    -5.65%
      38           226  6451      訊芯-KY                96.50        112.00     2.99%    443.50   456.00   426.00   456.00      443.50   444.50   434.00   434.00    -22.00    -4.82%
      39           172  6472      保瑞                   32.50         48.00     2.99%    444.50   444.50   433.00   433.00      446.50   448.00   420.50   420.50    -12.50    -2.89%
      40           160  3515      華擎                   10.00         24.00     2.71%    220.00   226.00   216.50   222.50      214.00   214.50   211.00   213.00     -9.50    -4.27%
==========================================================================================================================================================================
✅ 共 40 筆


══════════════════════════════════════════════════════════════════════════════════════════════════════════════
  🔄 第  8/15 次  2026/08/28 ～ 2026/09/18
══════════════════════════════════════════════════════════════════════════════════════════════════════════════

==========================================================================================================================================================================
📊 累計漲跌停強度排名 (2026/08/28 ~ 2026/09/18)
==========================================================================================================================================================================
    實資排名        累計天數排名  代號        名稱                 累計漲停(元)       累計跌停(元)       強度%  (08/28)開盤      最高      最低      收盤    (09/18)開盤      最高      最低      收盤      賺賠    賺賠率
--------------------------------------------------------------------------------------------------------------------------------------------------------------------------
       1           147  3443      創意                 2035.00        805.00   156.80%   5975.00  6245.00  5910.00  6015.00     6600.00  7150.00  6510.00  7150.00  +1135.00   +18.87%
       2           142  2454      聯發科                1400.00        555.00   107.72%   3935.00  4000.00  3925.00  3985.00     4600.00  4735.00  4545.00  4710.00   +725.00   +18.19%
       3           113  6669      緯穎                 1245.00        735.00    65.01%   6965.00  7245.00  6835.00  7200.00     2195.00  2195.00  2115.00  2140.00  -5060.00   -70.28%
       4           134  7610      聯友金屬-創              945.00        600.00    43.98%   1625.00  1625.00  1445.00  1495.00     1820.00  1945.00  1765.00  1945.00   +450.00   +30.10%
       5            82  6515      穎崴                 2035.00       1705.00    42.07%   6105.00  6350.00  6050.00  6250.00     6255.00  6475.00  6210.00  6435.00   +185.00    +2.96%
       6           283  2360      致茂                  665.00        360.00    38.88%   2000.00  2065.00  1995.00  2010.00     2135.00  2290.00  2135.00  2290.00   +280.00   +13.93%
       7           147  7769      鴻勁                 1830.00       1630.00    25.50%   6345.00  6540.00  6310.00  6490.00     6225.00  6540.00  6140.00  6540.00    +50.00    +0.77%
       8           229  1560      中砂                  321.00        136.00    23.58%    697.00   707.00   694.00   695.00      855.00   896.00   813.00   896.00   +201.00   +28.92%
       9           186  3665      貿聯-KY               770.00        615.00    19.76%   2075.00  2260.00  2070.00  2260.00     2060.00  2210.00  2045.00  2210.00    -50.00    -2.21%
      10           189  3406      玉晶光                 493.00        362.00    16.70%    840.00   917.00   831.00   917.00      996.00   999.00   955.00   972.00    +55.00    +6.00%
      11           280  3026      禾伸堂                 339.00        212.00    16.19%    719.00   742.00   707.00   742.00      791.00   811.00   766.00   797.00    +55.00    +7.41%
      12           286  2455      全新                  202.00         77.00    15.93%    438.00   442.00   431.50   434.00      545.00   563.00   520.00   556.00   +122.00   +28.11%
      13           299  7799      禾榮科                 168.00         44.50    15.74%    389.00   389.50   376.00   379.00      513.00   524.00   488.00   504.00   +125.00   +32.98%
      14           162  8996      高力                  565.00        445.00    15.30%   1275.00  1300.00  1250.00  1265.00     1350.00  1430.00  1330.00  1430.00   +165.00   +13.04%
      15           337  6933      AMAX-KY             189.50         79.00    14.09%    260.00   260.00   256.00   260.00      355.00   360.50   332.00   342.00    +82.00   +31.54%
      16           284  6426      統新                  135.00         32.00    13.13%    260.00   273.00   256.00   263.50      381.50   385.00   365.00   373.50   +110.00   +41.75%
      17           305  3167      大量                  309.00        216.00    11.86%    745.00   797.00   740.00   783.00      833.00   855.00   810.00   834.00    +51.00    +6.51%
      18           228  3017      奇鋐                  845.00        755.00    11.47%   3360.00  3450.00  3320.00  3360.00     3345.00  3450.00  3290.00  3430.00    +70.00    +2.08%
      19           252  7711      永擎                  321.00        243.00     9.94%    498.00   503.00   472.00   487.00      566.00   584.00   561.00   570.00    +83.00   +17.04%
      20           378  6715      嘉基                  188.50        116.00     9.24%    352.00   355.00   343.50   353.50      398.00   433.00   394.00   433.00    +79.50   +22.49%
      21           224  6805      富世達                 715.00        645.00     8.92%   2265.00  2435.00  2255.00  2345.00     2195.00  2295.00  2155.00  2295.00    -50.00    -2.13%
      22           250  6526      達發                  132.00         68.00     8.16%    611.00   626.00   611.00   620.00      643.00   691.00   640.00   691.00    +71.00   +11.45%
      23           216  3532      台勝科                 113.00         50.00     8.03%    401.00   418.50   386.00   399.00      457.00   461.00   438.50   447.50    +48.50   +12.16%
      24           263  2404      漢唐                  230.00        170.00     7.65%   1080.00  1095.00  1070.00  1075.00     1040.00  1130.00  1040.00  1125.00    +50.00    +4.65%
      25           260  2449      京元電子                 82.00         22.50     7.58%    251.50   272.00   249.50   270.00      276.50   291.50   274.00   291.50    +21.50    +7.96%
      26           220  6531      愛普*                 318.00        265.00     6.76%    927.00   933.00   892.00   895.00      940.00   969.00   939.00   968.00    +73.00    +8.16%
      27           207  6257      矽格                   62.50         10.50     6.63%    206.00   222.50   206.00   219.00      231.00   244.50   227.50   244.50    +25.50   +11.64%
      28           277  2330      台積電                 205.00        155.00     6.37%   2440.00  2445.00  2410.00  2420.00     2460.00  2460.00  2435.00  2460.00    +40.00    +1.65%
      29           191  4770      上品                   59.00         10.50     6.18%    218.50   222.50   214.00   215.00      242.00   255.50   242.00   251.00    +36.00   +16.74%
      30           145  6830      汎銓                  144.00         96.00     6.12%    521.00   535.00   520.00   525.00      523.00   563.00   516.00   563.00    +38.00    +7.24%
      31           267  6691      洋基工程                 82.00         37.00     5.74%    633.00   633.00   613.00   618.00      619.00   650.00   617.00   650.00    +32.00    +5.18%
      32           238  5434      崇越                   58.00         14.00     5.61%    533.00   540.00   529.00   529.00      535.00   545.00   532.00   540.00    +11.00    +2.08%
      33           268  6196      帆宣                   93.00         50.00     5.48%    501.00   502.00   491.00   492.50      526.00   541.00   521.00   540.00    +47.50    +9.64%
      34           253  6197      佳必琪                  56.00         14.50     5.29%    311.00   314.00   309.50   309.50      310.00   323.50   309.00   320.50    +11.00    +3.55%
      35           186  6861      睿生光電                 70.50         36.00     4.40%    198.00   201.00   192.00   193.50      216.00   229.50   216.00   229.50    +36.00   +18.60%
      36            99  2351      順德                   49.50         15.50     4.33%    240.00   247.00   232.00   239.50      241.00   243.00   235.50   241.50     +2.00    +0.84%
      37           267  2379      瑞昱                   81.00         47.00     4.33%    730.00   733.00   721.00   722.00      724.00   728.00   716.00   727.00     +5.00    +0.69%
      38           307  3711      日月光投控               144.00        110.00     4.33%    608.00   630.00   606.00   621.00      631.00   643.00   627.00   638.00    +17.00    +2.74%
      39            80  7765      中華資安                 33.50          0.00     4.27%    226.50   232.00   224.00   224.00      231.00   245.00   230.50   243.00    +19.00    +8.48%
      40           200  3055      蔚華科                  44.50         11.00     4.27%    125.50   130.00   123.50   127.50      166.00   173.50   163.50   171.00    +43.50   +34.12%
==========================================================================================================================================================================
✅ 共 40 筆


══════════════════════════════════════════════════════════════════════════════════════════════════════════════
  🔄 第  9/15 次  2026/08/27 ～ 2026/09/17
══════════════════════════════════════════════════════════════════════════════════════════════════════════════

==========================================================================================================================================================================
📊 累計漲跌停強度排名 (2026/08/27 ~ 2026/09/17)
==========================================================================================================================================================================
    實資排名        累計天數排名  代號        名稱                 累計漲停(元)       累計跌停(元)       強度%  (08/27)開盤      最高      最低      收盤    (09/17)開盤      最高      最低      收盤      賺賠    賺賠率
--------------------------------------------------------------------------------------------------------------------------------------------------------------------------
       1            54  2059      川湖                 1235.00       3280.00    57.99%  14695.00 14815.00 14085.00 14340.00    12400.00 12730.00 12215.00 12295.00  -2045.00   -14.26%
       2           143  2383      台光電                 395.00       1580.00    33.60%   5960.00  5960.00  5355.00  5500.00     5135.00  5255.00  4635.00  4695.00   -805.00   -14.64%
       3           150  3661      世芯-KY               725.00       1240.00    14.60%   3970.00  3995.00  3870.00  3870.00     3365.00  3430.00  3260.00  3295.00   -575.00   -14.86%
       4           143  7750      新代                  370.00        850.00    13.61%   2410.00  2535.00  2395.00  2450.00     1895.00  1945.00  1875.00  1900.00   -550.00   -22.45%
       5           161  6446      藥華藥                 155.00        540.00    10.92%   1600.00  1640.00  1560.00  1560.00     1210.00  1220.00  1190.00  1195.00   -365.00   -23.40%
       6            94  3653      健策                 1015.00       1385.00    10.49%   5955.00  5980.00  5595.00  5645.00     5400.00  5605.00  5320.00  5355.00   -290.00    -5.14%
       7            41  3008      大立光                2440.00       2710.00     7.66%   6615.00  6915.00  6605.00  6915.00     6360.00  6370.00  6020.00  6020.00   -895.00   -12.94%
       8           247  2345      智邦                  310.00        565.00     7.23%   2120.00  2130.00  2065.00  2090.00     1865.00  1885.00  1790.00  1800.00   -290.00   -13.88%
       9           359  1590      亞德客-KY               70.00        295.00     6.38%   1500.00  1505.00  1470.00  1480.00     1230.00  1265.00  1230.00  1245.00   -235.00   -15.88%
      10           230  3037      欣興                  116.00        337.00     6.27%   1170.00  1205.00  1150.00  1180.00      979.00   993.00   940.00   940.00   -240.00   -20.34%
      11           196  7769      鴻勁                 1435.00       1630.00     5.53%   6350.00  6520.00  6295.00  6345.00     6230.00  6615.00  6055.00  6135.00   -210.00    -3.31%
      12           322  6409      旭隼                   50.00        189.00     3.94%   1060.00  1070.00  1040.00  1045.00      888.00   900.00   873.00   877.00   -168.00   -16.08%
      13           162  6442      光聖                  360.00        465.00     2.98%   1645.00  1695.00  1585.00  1595.00     1615.00  1635.00  1495.00  1510.00    -85.00    -5.33%
      14           220  8046      南電                  260.00        365.00     2.98%   1190.00  1295.00  1175.00  1295.00     1120.00  1130.00  1060.00  1065.00   -230.00   -17.76%
      15           382  8210      勤誠                   89.00        192.00     2.92%    975.00   992.00   960.00   960.00      892.00   903.00   887.00   891.00    -69.00    -7.19%
      16           395  7795      長廣                  125.00        222.00     2.75%    580.00   588.00   526.00   545.00      504.00   523.00   481.00   483.00    -62.00   -11.38%
      17           265  6213      聯茂                   63.00        157.00     2.67%    585.00   599.00   556.00   563.00      548.00   548.00   495.00   495.00    -68.00   -12.08%
      18           269  2368      金像電                 315.00        405.00     2.55%   1040.00  1050.00  1005.00  1030.00     1035.00  1085.00   950.00   950.00    -80.00    -7.77%
      19           383  7822      倍利科                 129.00        214.00     2.41%    938.00   969.00   919.00   957.00      821.00   866.00   821.00   850.00   -107.00   -11.18%
      20           260  3533      嘉澤                  245.00        325.00     2.27%   1640.00  1650.00  1615.00  1625.00     1520.00  1620.00  1520.00  1555.00    -70.00    -4.31%
      21           236  2308      台達電                 325.00        390.00     1.84%   1780.00  1820.00  1760.00  1770.00     1730.00  1745.00  1685.00  1685.00    -85.00    -4.80%
      22           265  3189      景碩                  184.00        246.00     1.76%    920.00   960.00   905.00   914.00      825.00   835.00   785.00   805.00   -109.00   -11.93%
      23           253  6415      矽力*-KY               43.00         95.50     1.49%    469.00   476.00   440.00   470.50      423.00   425.00   410.50   411.00    -59.50   -12.65%
      24           261  3450      聯鈞                  142.50        193.50     1.45%    580.00   598.00   567.00   578.00      558.00   564.00   520.00   525.00    -53.00    -9.17%
      25           353  3583      辛耘                  114.00        165.00     1.45%    743.00   768.00   735.00   760.00      689.00   704.00   682.00   688.00    -72.00    -9.47%
      26           362  2467      志聖                   67.00        117.00     1.42%    575.00   592.00   561.00   585.00      528.00   545.00   519.00   519.00    -66.00   -11.28%
      27           243  6944      兆聯實業                 23.00         67.00     1.25%    736.00   736.00   716.00   716.00      693.00   697.00   685.00   686.00    -30.00    -4.19%
      28           172  6139      亞翔                   49.00         91.00     1.19%    806.00   814.00   784.00   784.00      711.00   722.00   696.00   696.00    -88.00   -11.22%
      29           174  8039      台虹                   61.50        102.50     1.16%    340.50   352.50   340.00   352.50      278.00   279.00   256.50   257.00    -95.50   -27.09%
      30           247  2404      漢唐                  135.00        170.00     0.99%   1090.00  1095.00  1065.00  1075.00     1040.00  1055.00  1025.00  1030.00    -45.00    -4.19%
      31           285  6831      邁科                  106.00        138.00     0.91%    582.00   612.00   568.00   593.00      530.00   543.00   519.00   525.00    -68.00   -11.47%
      32           158  6451      訊芯-KY                72.00        102.50     0.86%    456.00   471.50   434.00   452.00      423.00   442.00   418.00   419.00    -33.00    -7.30%
      33           237  4583      台灣精銳                 22.50         51.00     0.81%    463.00   472.00   463.00   468.50      424.50   426.50   419.00   420.00    -48.50   -10.35%
      34           121  6472      保瑞                   13.00         41.50     0.81%    462.00   462.00   439.50   439.50      417.50   428.00   414.00   425.00    -14.50    -3.30%
      35           240  6789      采鈺                   35.00         62.50     0.78%    465.00   478.50   457.00   462.50      444.00   451.50   433.00   433.50    -29.00    -6.27%
      36           265  6781      AES-KY              208.00        231.00     0.65%   1060.00  1140.00  1060.00  1140.00     1015.00  1015.00   995.00   996.00   -144.00   -12.63%
      37           181  5284      jpp-KY               32.00         54.00     0.62%    323.50   332.50   320.50   323.00      293.00   297.50   293.00   293.50    -29.50    -9.13%
      38           120  7749      意騰-KY                13.50         35.00     0.61%    376.50   380.00   371.50   373.00      358.00   361.50   353.00   358.00    -15.00    -4.02%
      39           216  3563      牧德                   62.00         83.00     0.60%    693.00   704.00   684.00   693.00      651.00   676.00   649.00   659.00    -34.00    -4.91%
      40           282  2357      華碩                  141.00        161.00     0.57%    966.00   977.00   962.00   968.00      943.00   967.00   943.00   948.00    -20.00    -2.07%
==========================================================================================================================================================================
✅ 共 40 筆


══════════════════════════════════════════════════════════════════════════════════════════════════════════════
  🔄 第 10/15 次  2026/08/26 ～ 2026/09/16
══════════════════════════════════════════════════════════════════════════════════════════════════════════════

==========================================================================================================================================================================
📊 累計漲跌停強度排名 (2026/08/26 ~ 2026/09/16)
==========================================================================================================================================================================
    實資排名        累計天數排名  代號        名稱                 累計漲停(元)       累計跌停(元)       強度%  (08/26)開盤      最高      最低      收盤    (09/16)開盤      最高      最低      收盤      賺賠    賺賠率
--------------------------------------------------------------------------------------------------------------------------------------------------------------------------
       1           121  6669      緯穎                 1620.00        705.00   101.19%   6325.00  6925.00  6300.00  6785.00     2305.00  2320.00  2085.00  2165.00  -4620.00   -68.09%
       2           135  2454      聯發科                1400.00        605.00    87.92%   3730.00  3965.00  3710.00  3945.00     4435.00  4625.00  4435.00  4530.00   +585.00   +14.83%
       3           149  3443      創意                 1610.00       1010.00    66.36%   5640.00  6125.00  5570.00  6125.00     6070.00  6295.00  6050.00  6170.00    +45.00    +0.73%
       4            40  3008      大立光                3010.00       2505.00    55.85%   5920.00  6290.00  5875.00  6290.00     6160.00  6415.00  6150.00  6225.00    -65.00    -1.03%
       5           204  3406      玉晶光                 637.00        322.00    34.84%    690.00   759.00   690.00   759.00      950.00  1005.00   941.00  1005.00   +246.00   +32.41%
       6           203  3017      奇鋐                  980.00        755.00    24.88%   2880.00  3155.00  2850.00  3155.00     3115.00  3225.00  3100.00  3175.00    +20.00    +0.63%
       7           218  6805      富世達                 845.00        645.00    22.12%   1830.00  2025.00  1825.00  2025.00     2035.00  2070.00  2010.00  2045.00    +20.00    +0.99%
       8           246  3026      禾伸堂                 363.00        214.00    16.48%    627.00   630.00   591.00   614.00      740.00   786.00   720.00   772.00   +158.00   +25.73%
       9           292  3167      大量                  360.00        216.00    15.93%    671.00   723.00   670.00   716.00      810.00   832.00   805.00   824.00   +108.00   +15.08%
      10            10  6949      沛爾生醫-創              135.00          0.00    14.93%   1405.00  1490.00  1400.00  1490.00       50.50    53.30    50.00    53.10  -1436.90   -96.44%
      11           377  2360      致茂                  485.00        360.00    13.82%   1935.00  1990.00  1875.00  1980.00     2090.00  2130.00  2070.00  2090.00   +110.00    +5.56%
      12           388  6933      AMAX-KY             199.50         79.00    13.33%    199.00   215.00   197.50   215.00      286.00   314.50   282.50   314.50    +99.50   +46.28%
      13           396  7799      禾榮科                 150.00         44.50    11.67%    356.50   373.50   356.50   366.00      430.00   457.00   424.00   457.00    +91.00   +24.86%
      14           127  7610      聯友金屬-創              730.00        640.00     9.95%   1615.00  1670.00  1590.00  1610.00     1685.00  1810.00  1630.00  1730.00   +120.00    +7.45%
      15           158  8996      高力                  550.00        465.00     9.40%   1195.00  1210.00  1150.00  1195.00     1230.00  1300.00  1230.00  1300.00   +105.00    +8.79%
      16           226  2455      全新                  161.00         77.00     9.29%    419.00   430.00   415.00   428.00      515.00   534.00   506.00   515.00    +87.00   +20.33%
      17           260  3532      台勝科                 125.00         50.00     8.29%    378.00   386.00   370.50   382.00      409.00   447.00   409.00   440.00    +58.00   +15.18%
      18           163  2351      順德                   90.00         15.50     8.24%    202.00   219.00   201.50   219.00      254.00   256.00   231.00   236.00    +17.00    +7.76%
      19           207  6531      愛普*                 310.00        236.00     8.18%    868.00   926.00   857.00   916.00      905.00   950.00   898.00   949.00    +33.00    +3.60%
      20           252  6426      統新                  104.50         32.00     8.02%    251.00   275.00   250.00   268.00      303.00   330.00   303.00   330.00    +62.00   +23.13%
      21           339  5269      祥碩                  260.00        200.00     6.64%   1430.00  1465.00  1415.00  1455.00     1375.00  1480.00  1365.00  1475.00    +20.00    +1.37%
      22           196  4958      臻鼎-KY               132.50         83.00     5.47%    444.00   454.00   438.00   453.00      482.50   498.00   471.00   493.50    +40.50    +8.94%
      23           208  5434      崇越                   63.00         14.00     5.42%    521.00   537.00   517.00   536.00      542.00   553.00   533.00   537.00     +1.00    +0.19%
      24           133  6830      汎銓                  128.00         79.00     5.42%    501.00   539.00   501.00   526.00      533.00   567.00   525.00   529.00     +3.00    +0.57%
      25           147  4977      眾達-KY                44.00          0.00     4.87%    156.00   170.50   155.00   170.50      163.00   176.50   162.50   176.50     +6.00    +3.52%
      26           261  6196      帆宣                   92.00         50.00     4.64%    489.00   504.00   486.00   500.00      521.00   528.00   516.00   521.00    +21.00    +4.20%
      27           356  7788      松川精密                129.50         89.00     4.48%    256.50   278.00   252.50   273.50      283.50   299.00   279.50   292.00    +18.50    +6.76%
      28           286  2492      華新科                 110.00         72.00     4.20%    263.00   270.00   259.50   269.50      304.00   307.50   295.50   307.50    +38.00   +14.10%
      29           145  6672      騰輝電子-KY              49.50         14.50     3.87%    272.00   281.50   270.00   276.50      295.50   306.00   290.00   304.00    +27.50    +9.95%
      30           181  3055      蔚華科                  46.00         11.00     3.87%    118.50   127.00   115.50   127.00      161.00   167.00   158.00   164.00    +37.00   +29.13%
      31            94  3653      健策                 1420.00       1385.00     3.87%   5155.00  5725.00  5140.00  5725.00     5320.00  5540.00  5210.00  5240.00   -485.00    -8.47%
      32           317  6526      達發                  102.00         68.00     3.76%    580.00   596.00   575.00   595.00      627.00   637.00   625.00   629.00    +34.00    +5.71%
      33           223  2449      京元電子                 55.50         22.50     3.65%    236.00   246.50   234.00   244.00      259.50   263.00   257.00   261.50    +17.50    +7.17%
      34           134  6271      同欣電                  40.50          9.50     3.43%    199.50   208.00   198.50   208.00      224.50   228.00   221.00   228.00    +20.00    +9.62%
      35           208  1560      中砂                  166.00        136.00     3.32%    677.00   690.00   677.00   682.00      740.00   754.00   739.00   741.00    +59.00    +8.65%
      36            79  2421      建準                   29.50          0.00     3.26%    144.00   151.50   143.50   151.50      159.00   161.50   158.00   160.50     +9.00    +5.94%
      37            94  2481      強茂                   28.50          0.00     3.15%    135.00   150.50   134.50   150.50      154.50   168.50   154.00   168.50    +18.00   +11.96%
      38           117  6861      睿生光電                 50.00         22.00     3.10%    188.00   198.00   188.00   193.50      227.50   233.50   219.00   223.00    +29.50   +15.25%
      39            90  6658      聯策                   28.00          0.00     3.10%    158.50   162.00   158.50   160.00      165.50   170.00   164.50   167.50     +7.50    +4.69%
      40            98  2493      揚博                   27.50          0.00     3.04%    173.00   186.00   172.00   181.50      173.00   188.00   170.50   188.00     +6.50    +3.58%
==========================================================================================================================================================================
✅ 共 40 筆


══════════════════════════════════════════════════════════════════════════════════════════════════════════════
  🔄 第 11/15 次  2026/08/24 ～ 2026/09/15
══════════════════════════════════════════════════════════════════════════════════════════════════════════════

==========================================================================================================================================================================
📊 累計漲跌停強度排名 (2026/08/24 ~ 2026/09/15)
==========================================================================================================================================================================
    實資排名        累計天數排名  代號        名稱                 累計漲停(元)       累計跌停(元)       強度%  (08/24)開盤      最高      最低      收盤    (09/15)開盤      最高      最低      收盤      賺賠    賺賠率
--------------------------------------------------------------------------------------------------------------------------------------------------------------------------
       1            58  2059      川湖                 1905.00       3280.00    82.62%  13650.00 14720.00 13650.00 14410.00    11920.00 12075.00 11665.00 11715.00  -2695.00   -18.70%
       2           144  2383      台光電                 695.00       1410.00    42.96%   5690.00  5705.00  5415.00  5430.00     5300.00  5365.00  5110.00  5115.00   -315.00    -5.80%
       3           189  7750      新代                  390.00        925.00    32.15%   2200.00  2225.00  2130.00  2140.00     1910.00  1940.00  1890.00  1890.00   -250.00   -11.68%
       4           155  3661      世芯-KY               855.00       1180.00    19.53%   3730.00  3795.00  3680.00  3735.00     3535.00  3590.00  3335.00  3355.00   -380.00   -10.17%
       5           137  3665      貿聯-KY               590.00        910.00    19.23%   2275.00  2275.00  2050.00  2050.00     1940.00  2020.00  1925.00  1980.00    -70.00    -3.41%
       6           172  7769      鴻勁                 1550.00       1770.00    13.22%   6405.00  6560.00  6255.00  6255.00     6255.00  6285.00  6105.00  6135.00   -120.00    -1.92%
       7           151  6446      藥華藥                 325.00        530.00    12.32%   1420.00  1490.00  1405.00  1475.00     1200.00  1220.00  1170.00  1205.00   -270.00   -18.31%
       8            82  6515      穎崴                 1800.00       2000.00    12.02%   6500.00  6550.00  6145.00  6145.00     6600.00  6725.00  6305.00  6310.00   +165.00    +2.69%
       9           423  1590      亞德客-KY               80.00        255.00    10.51%   1425.00  1450.00  1415.00  1435.00     1260.00  1285.00  1255.00  1280.00   -155.00   -10.80%
      10           158  6442      光聖                  295.00        465.00    10.21%   1510.00  1540.00  1460.00  1460.00     1580.00  1595.00  1505.00  1510.00    +50.00    +3.42%
      11           220  3037      欣興                  171.00        326.00     9.31%   1100.00  1120.00  1065.00  1075.00      969.00   986.00   951.00   951.00   -124.00   -11.53%
      12           280  2345      智邦                  370.00        525.00     9.31%   2055.00  2130.00  2045.00  2070.00     1870.00  1895.00  1830.00  1840.00   -230.00   -11.11%
      13           316  7822      倍利科                  79.00        214.00     8.11%    932.00   940.00   905.00   915.00      810.00   821.00   792.00   800.00   -115.00   -12.57%
      14            94  3653      健策                 1420.00       1555.00     8.11%   5280.00  5490.00  5110.00  5155.00     5735.00  5765.00  5240.00  5310.00   +155.00    +3.01%
      15           357  6409      旭隼                   65.00        189.00     7.45%   1000.00  1030.00  1000.00  1010.00      878.00   886.00   865.00   870.00   -140.00   -13.86%
      16           265  3450      聯鈞                  135.00        221.50     5.20%    547.00   550.00   506.00   507.00      506.00   524.00   492.00   492.50    -14.50    -2.86%
      17           299  3533      嘉澤                  235.00        315.00     4.81%   1615.00  1635.00  1600.00  1610.00     1590.00  1590.00  1520.00  1520.00    -90.00    -5.59%
      18           396  8210      勤誠                  112.00        192.00     4.81%    948.00   996.00   942.00   967.00      887.00   903.00   873.00   874.00    -93.00    -9.62%
      19           372  7795      長廣                  144.00        222.00     4.69%    568.00   610.00   565.00   568.00      486.50   490.50   463.00   466.00   -102.00   -17.96%
      20           242  6781      AES-KY              185.00        256.00     4.27%   1050.00  1070.00  1045.00  1045.00      998.00  1010.00   982.00   982.00    -63.00    -6.03%
      21           220  8046      南電                  260.00        325.00     3.91%   1135.00  1170.00  1105.00  1135.00     1070.00  1110.00  1055.00  1085.00    -50.00    -4.41%
      22           367  5269      祥碩                  155.00        215.00     3.61%   1430.00  1430.00  1400.00  1400.00     1380.00  1385.00  1345.00  1370.00    -30.00    -2.14%
      23           360  6715      嘉基                  114.00        172.00     3.48%    435.50   444.00   403.50   403.50      333.50   380.00   333.50   357.50    -46.00   -11.40%
      24           214  2408      南亞科                  77.50        134.50     3.42%    521.00   538.00   500.00   501.00      473.50   476.50   465.50   465.50    -35.50    -7.09%
      25           260  2308      台達電                 325.00        380.00     3.30%   1720.00  1775.00  1710.00  1735.00     1590.00  1715.00  1585.00  1670.00    -65.00    -3.75%
      26           319  6831      邁科                  108.00        163.00     3.30%    573.00   593.00   546.00   549.00      539.00   546.00   512.00   513.00    -36.00    -6.56%
      27           306  2330      台積電                 140.00        190.00     3.00%   2410.00  2410.00  2375.00  2375.00     2405.00  2405.00  2380.00  2385.00    +10.00    +0.42%
      28           257  6415      矽力*-KY               48.00         95.50     2.85%    442.00   464.50   439.50   450.00      414.00   417.50   403.00   406.00    -44.00    -9.78%
      29           273  6213      聯茂                   85.00        132.50     2.85%    509.00   525.00   478.00   482.50      514.00   531.00   511.00   519.00    +36.50    +7.56%
      30           188  6451      訊芯-KY                76.50        120.50     2.64%    416.00   423.50   400.00   400.00      412.50   418.50   393.50   394.00     -6.00    -1.50%
      31           266  3189      景碩                  205.00        248.00     2.58%    814.00   842.00   791.00   794.00      795.00   822.00   791.00   795.00     +1.00    +0.13%
      32           408  2467      志聖                  102.00        144.00     2.52%    554.00   579.00   533.00   533.00      527.00   541.00   515.00   516.00    -17.00    -3.19%
      33           210  5284      jpp-KY               32.00         70.00     2.28%    332.50   332.50   318.00   318.50      295.00   301.50   290.00   290.00    -28.50    -8.95%
      34           379  3583      辛耘                  145.00        181.00     2.16%    704.00   727.00   688.00   688.00      679.00   688.00   664.00   664.00    -24.00    -3.49%
      35           298  6944      兆聯實業                 38.00         67.00     1.74%    712.00   717.00   705.00   705.00      689.00   699.00   689.00   691.00    -14.00    -1.99%
      36           237  4583      台灣精銳                 22.50         51.00     1.71%    470.00   476.50   464.50   471.00      426.50   432.00   420.00   420.00    -51.00   -10.83%
      37           316  2404      漢唐                  145.00        170.00     1.50%   1060.00  1075.00  1050.00  1065.00     1015.00  1050.00  1015.00  1035.00    -30.00    -2.82%
      38           325  1519      華城                  109.00        134.00     1.50%    729.00   730.00   712.00   712.00      704.00   708.00   694.00   694.00    -18.00    -2.53%
      39           210  6531      愛普*                 251.00        274.00     1.38%    887.00   905.00   840.00   845.00      953.00   964.00   887.00   890.00    +45.00    +5.33%
      40           264  3563      牧德                   74.00         95.00     1.26%    673.00   683.00   665.00   665.00      649.00   656.00   639.00   643.00    -22.00    -3.31%
==========================================================================================================================================================================
✅ 共 40 筆


══════════════════════════════════════════════════════════════════════════════════════════════════════════════
  🔄 第 12/15 次  2026/08/21 ～ 2026/09/14
══════════════════════════════════════════════════════════════════════════════════════════════════════════════

==========================================================================================================================================================================
📊 累計漲跌停強度排名 (2026/08/21 ~ 2026/09/14)
==========================================================================================================================================================================
    實資排名        累計天數排名  代號        名稱                 累計漲停(元)       累計跌停(元)       強度%  (08/21)開盤      最高      最低      收盤    (09/14)開盤      最高      最低      收盤      賺賠    賺賠率
--------------------------------------------------------------------------------------------------------------------------------------------------------------------------
       1            55  2059      川湖                 1905.00       3545.00   391.13%  13900.00 14000.00 13310.00 13385.00    11900.00 12025.00 11785.00 11990.00  -1395.00   -10.42%
       2           140  2383      台光電                 695.00       1485.00   188.41%   6005.00  6015.00  5650.00  5680.00     5270.00  5395.00  5230.00  5345.00   -335.00    -5.90%
       3           177  7750      新代                  390.00       1100.00   169.33%   2435.00  2435.00  2215.00  2215.00     1905.00  1980.00  1855.00  1960.00   -255.00   -11.51%
       4           140  3665      貿聯-KY               590.00        910.00    76.32%   2270.00  2360.00  2225.00  2275.00     1825.00  2000.00  1810.00  1955.00   -320.00   -14.07%
       5           152  6446      藥華藥                 335.00        530.00    46.51%   1375.00  1410.00  1360.00  1400.00     1280.00  1280.00  1165.00  1190.00   -210.00   -15.00%
       6           204  3037      欣興                  171.00        362.00    45.55%   1120.00  1120.00  1030.00  1085.00      947.00   979.00   932.00   970.00   -115.00   -10.60%
       7           269  2345      智邦                  370.00        560.00    45.31%   2090.00  2110.00  2020.00  2035.00     1840.00  1895.00  1830.00  1875.00   -160.00    -7.86%
       8           424  1590      亞德客-KY               85.00        255.00    40.54%   1420.00  1445.00  1385.00  1435.00     1255.00  1275.00  1250.00  1270.00   -165.00   -11.50%
       9           372  6409      旭隼                   65.00        234.00    40.31%   1040.00  1060.00   995.00   995.00      854.00   875.00   846.00   874.00   -121.00   -12.16%
      10           227  8046      南電                  230.00        385.00    36.97%   1180.00  1200.00  1105.00  1135.00     1040.00  1070.00  1025.00  1055.00    -80.00    -7.05%
      11           300  7822      倍利科                  79.00        224.00    34.58%    975.00   991.00   918.00   918.00      822.00   834.00   809.00   810.00   -108.00   -11.76%
      12           163  3661      世芯-KY               855.00        995.00    33.39%   3740.00  3790.00  3670.00  3700.00     3410.00  3655.00  3410.00  3590.00   -110.00    -2.97%
      13           168  6442      光聖                  295.00        415.00    28.62%   1570.00  1600.00  1500.00  1525.00     1620.00  1685.00  1575.00  1590.00    +65.00    +4.26%
      14           367  6715      嘉基                  102.50        216.00    27.07%    498.00   500.00   443.00   448.00      313.50   351.00   312.00   346.00   -102.00   -22.77%
      15           258  2308      台達電                 275.00        380.00    25.04%   1760.00  1760.00  1720.00  1750.00     1560.00  1630.00  1560.00  1620.00   -130.00    -7.43%
      16           178  7769      鴻勁                 1550.00       1650.00    23.85%   6405.00  6550.00  6350.00  6405.00     6295.00  6470.00  6210.00  6305.00   -100.00    -1.56%
      17           387  8210      勤誠                  112.00        200.00    20.99%    964.00   964.00   942.00   944.00      888.00   901.00   882.00   886.00    -58.00    -6.14%
      18           285  3189      景碩                  205.00        288.00    19.79%    842.00   842.00   792.00   811.00      795.00   810.00   784.00   798.00    -13.00    -1.60%
      19           234  6781      AES-KY              185.00        265.00    19.08%   1075.00  1075.00  1040.00  1050.00      999.00  1015.00   982.00   998.00    -52.00    -4.95%
      20           233  3450      聯鈞                  135.00        205.00    16.69%    558.00   578.00   541.00   551.00      490.00   535.00   489.00   509.00    -42.00    -7.62%
      21           410  5269      祥碩                  155.00        225.00    16.69%   1425.00  1425.00  1405.00  1415.00     1305.00  1395.00  1300.00  1365.00    -50.00    -3.53%
      22           347  2404      漢唐                  125.00        185.00    14.31%   1075.00  1080.00  1050.00  1060.00      995.00  1040.00   992.00  1015.00    -45.00    -4.25%
      23           322  6831      邁科                  108.00        163.00    13.12%    600.00   600.00   554.00   574.00      551.00   556.00   530.00   541.00    -33.00    -5.75%
      24           257  6415      矽力*-KY               48.00         95.50    11.33%    451.50   452.50   438.00   445.50      386.00   424.50   385.00   414.00    -31.50    -7.07%
      25           273  6213      聯茂                   85.00        132.50    11.33%    534.00   555.00   498.50   513.00      492.00   521.00   482.00   515.00     +2.00    +0.39%
      26           230  2408      南亞科                  88.50        134.50    10.97%    519.00   534.00   512.00   528.00      477.50   486.00   470.00   473.00    -55.00   -10.42%
      27           127  6472      保瑞                    9.50         54.50    10.73%    438.50   462.00   432.00   455.00      396.50   404.00   393.00   403.50    -51.50   -11.32%
      28           365  7795      長廣                  157.00        197.00     9.54%    552.00   565.00   534.00   565.00      495.00   517.00   477.00   491.00    -74.00   -13.10%
      29           198  6451      訊芯-KY                76.50        116.00     9.42%    431.00   438.00   413.00   418.00      400.00   428.00   397.00   417.50     -0.50    -0.12%
      30           228  4583      台灣精銳                 22.50         58.00     8.47%    474.50   483.50   466.50   471.00      424.00   434.00   424.00   430.00    -41.00    -8.70%
      31           298  6944      兆聯實業                 38.00         67.00     6.92%    715.00   716.00   701.00   708.00      681.00   694.00   676.00   694.00    -14.00    -1.98%
      32           144  2049      上銀                   39.00         67.50     6.80%    366.50   368.50   348.00   349.00      349.50   350.00   323.50   323.50    -25.50    -7.31%
      33           267  2368      金像電                 364.00        392.00     6.68%   1015.00  1025.00   958.00   965.00      985.00  1035.00   978.00  1020.00    +55.00    +5.70%
      34           323  3533      嘉澤                  235.00        260.00     5.96%   1600.00  1640.00  1585.00  1595.00     1580.00  1610.00  1555.00  1590.00     -5.00    -0.31%
      35           325  1519      華城                  109.00        134.00     5.96%    728.00   732.00   717.00   723.00      708.00   725.00   697.00   697.00    -26.00    -3.60%
      36           265  2395      研華                  104.00        128.00     5.72%    672.00   672.00   643.00   649.00      663.00   684.00   653.00   670.00    +21.00    +3.24%
      37           221  5284      jpp-KY               48.50         70.00     5.13%    349.50   349.50   330.00   334.50      296.00   300.50   292.00   297.00    -37.50   -11.21%
      38           384  2467      志聖                  102.00        123.00     5.01%    559.00   568.00   552.00   560.00      537.00   545.00   527.00   537.00    -23.00    -4.11%
      39           264  3563      牧德                   74.00         95.00     5.01%    674.00   678.00   664.00   677.00      659.00   673.00   645.00   645.00    -32.00    -4.73%
      40           350  3583      辛耘                  145.00        162.00     4.05%    712.00   715.00   699.00   704.00      692.00   694.00   675.00   683.00    -21.00    -2.98%
==========================================================================================================================================================================
✅ 共 40 筆


══════════════════════════════════════════════════════════════════════════════════════════════════════════════
  🔄 第 13/15 次  2026/08/19 ～ 2026/09/11
══════════════════════════════════════════════════════════════════════════════════════════════════════════════

==========================================================================================================================================================================
📊 累計漲跌停強度排名 (2026/08/19 ~ 2026/09/11)
==========================================================================================================================================================================
    實資排名        累計天數排名  代號        名稱                 累計漲停(元)       累計跌停(元)       強度%  (08/19)開盤      最高      最低      收盤    (09/11)開盤      最高      最低      收盤      賺賠    賺賠率
--------------------------------------------------------------------------------------------------------------------------------------------------------------------------
       1            51  2059      川湖                 1905.00       3730.00   701.92%  13895.00 14500.00 13895.00 14095.00    12300.00 12300.00 11950.00 12080.00  -2015.00   -14.30%
       2           116  2383      台光電                 695.00       1790.00   421.15%   5855.00  6130.00  5810.00  5880.00     5270.00  5420.00  5210.00  5365.00   -515.00    -8.76%
       3           172  7750      新代                  415.00       1065.00   250.00%   2475.00  2540.00  2360.00  2515.00     2190.00  2195.00  1995.00  1995.00   -520.00   -20.68%
       4           153  3665      貿聯-KY               510.00        950.00   169.23%   2150.00  2210.00  2120.00  2200.00     1880.00  1890.00  1850.00  1875.00   -325.00   -14.77%
       5           235  2345      智邦                  370.00        650.00   107.69%   2060.00  2145.00  2060.00  2125.00     1910.00  1925.00  1870.00  1885.00   -240.00   -11.29%
       6           376  6409      旭隼                   52.00        269.00    83.46%   1050.00  1055.00   993.00  1030.00      856.00   875.00   846.00   861.00   -169.00   -16.41%
       7           243  3037      欣興                  171.00        377.00    79.23%   1110.00  1165.00  1085.00  1130.00      969.00   990.00   958.00   977.00   -153.00   -13.54%
       8           218  8046      南電                  230.00        425.00    75.00%   1175.00  1280.00  1150.00  1180.00     1045.00  1100.00  1035.00  1080.00   -100.00    -8.47%
       9           187  7769      鴻勁                 1550.00       1730.00    69.23%   6350.00  6705.00  6300.00  6445.00     6350.00  6440.00  6210.00  6310.00   -135.00    -2.09%
      10           418  1590      亞德客-KY               85.00        265.00    69.23%   1435.00  1460.00  1425.00  1455.00     1260.00  1295.00  1250.00  1285.00   -170.00   -11.68%
      11           161  3661      世芯-KY               855.00       1020.00    63.46%   3585.00  3730.00  3585.00  3630.00     3870.00  3870.00  3650.00  3650.00    +20.00    +0.55%
      12           271  2308      台達電                 275.00        435.00    61.54%   1745.00  1800.00  1740.00  1765.00     1595.00  1635.00  1595.00  1620.00   -145.00    -8.22%
      13           308  7822      倍利科                  79.00        222.00    55.00%    861.00   913.00   861.00   875.00      871.00   871.00   833.00   834.00    -41.00    -4.69%
      14           367  8210      勤誠                  112.00        226.00    43.85%   1005.00  1035.00   981.00   985.00      899.00   910.00   895.00   900.00    -85.00    -8.63%
      15           370  6715      嘉基                  106.50        216.00    42.12%    400.00   460.50   395.00   447.50      323.50   334.50   316.50   321.50   -126.00   -28.16%
      16           145  6446      藥華藥                 335.00        440.00    40.38%   1410.00  1435.00  1370.00  1400.00     1300.00  1315.00  1280.00  1280.00   -120.00    -8.57%
      17           360  2404      漢唐                  115.00        205.00    34.62%   1090.00  1115.00  1075.00  1095.00     1025.00  1040.00  1000.00  1005.00    -90.00    -8.22%
      18           316  6831      邁科                  108.00        193.00    32.69%    637.00   660.00   595.00   599.00      534.00   568.00   534.00   567.00    -32.00    -5.34%
      19           277  3450      聯鈞                  135.00        217.00    31.54%    533.00   593.00   529.00   567.00      505.00   518.00   505.00   512.00    -55.00    -9.70%
      20           234  6781      AES-KY              185.00        265.00    30.77%   1035.00  1065.00  1035.00  1065.00     1010.00  1020.00   997.00  1005.00    -60.00    -5.63%
      21           300  3189      景碩                  205.00        280.00    28.85%    834.00   902.00   832.00   849.00      811.00   833.00   806.00   822.00    -27.00    -3.18%
      22           186  6442      光聖                  295.00        360.00    25.00%   1480.00  1575.00  1475.00  1530.00     1740.00  1750.00  1670.00  1670.00   +140.00    +9.15%
      23           242  6415      矽力*-KY               35.00         95.50    23.27%    425.00   448.00   425.00   440.00      400.00   407.00   395.00   401.00    -39.00    -8.86%
      24           327  2360      致茂                  475.00        535.00    23.08%   2190.00  2235.00  2085.00  2120.00     2175.00  2235.00  2120.00  2160.00    +40.00    +1.89%
      25           223  2408      南亞科                  88.50        148.50    23.08%    489.00   494.50   480.00   481.00      498.00   498.00   490.00   493.00    +12.00    +2.49%
      26           359  7795      長廣                  157.00        209.00    20.00%    546.00   570.00   544.00   544.00      518.00   520.00   502.00   507.00    -37.00    -6.80%
      27           246  2368      金像電                 364.00        412.00    18.46%   1035.00  1095.00  1020.00  1040.00     1010.00  1040.00  1000.00  1030.00    -10.00    -0.96%
      28           273  6213      聯茂                   85.00        132.50    18.27%    466.50   500.00   466.50   484.00      503.00   537.00   501.00   509.00    +25.00    +5.17%
      29           127  6472      保瑞                    9.50         54.50    17.31%    402.00   409.50   400.00   405.00      400.00   402.50   399.00   399.00     -6.00    -1.48%
      30           345  6944      兆聯實業                 38.00         78.00    15.38%    735.00   753.00   730.00   732.00      700.00   709.00   690.00   690.00    -42.00    -5.74%
      31           198  6451      訊芯-KY                76.50        116.00    15.19%    391.50   457.50   391.50   414.00      420.00   420.00   408.00   409.50     -4.50    -1.09%
      32           228  4583      台灣精銳                 22.50         58.00    13.65%    484.00   485.00   469.00   481.00      434.50   440.00   430.50   433.00    -48.00    -9.98%
      33           303  3533      嘉澤                  225.00        260.00    13.46%   1580.00  1625.00  1565.00  1620.00     1545.00  1595.00  1540.00  1580.00    -40.00    -2.47%
      34           254  3167      大量                  328.00        354.00    10.00%    728.00   774.00   693.00   693.00      828.00   859.00   806.00   828.00   +135.00   +19.48%
      35           204  6139      亞翔                   71.00         96.00     9.62%    770.00   794.00   763.00   766.00      742.00   744.00   709.00   709.00    -57.00    -7.44%
      36           385  2467      志聖                  102.00        125.00     8.85%    552.00   566.00   538.00   547.00      563.00   582.00   546.00   552.00     +5.00    +0.91%
      37           267  3563      牧德                   74.00         97.00     8.85%    675.00   708.00   674.00   674.00      655.00   667.00   652.00   659.00    -15.00    -2.23%
      38           221  5284      jpp-KY               48.50         70.00     8.27%    293.00   312.00   291.50   307.50      302.00   304.00   296.50   297.50    -10.00    -3.25%
      39           409  5269      祥碩                  205.00        225.00     7.69%   1340.00  1480.00  1340.00  1460.00     1340.00  1345.00  1315.00  1315.00   -145.00    -9.93%
      40           362  8021      尖點                  103.00        122.50     7.50%    392.00   413.00   391.00   393.50      430.00   430.00   418.00   418.50    +25.00    +6.35%
==========================================================================================================================================================================
✅ 共 40 筆


══════════════════════════════════════════════════════════════════════════════════════════════════════════════
  🔄 第 14/15 次  2026/08/18 ～ 2026/09/10
══════════════════════════════════════════════════════════════════════════════════════════════════════════════

==========================================================================================================================================================================
📊 累計漲跌停強度排名 (2026/08/18 ~ 2026/09/10)
==========================================================================================================================================================================
    實資排名        累計天數排名  代號        名稱                 累計漲停(元)       累計跌停(元)       強度%  (08/18)開盤      最高      最低      收盤    (09/10)開盤      最高      最低      收盤      賺賠    賺賠率
--------------------------------------------------------------------------------------------------------------------------------------------------------------------------
       1            35  3008      大立光                3355.00       2005.00   108.05%   5115.00  5330.00  5055.00  5290.00     6770.00  6875.00  6680.00  6720.00  +1430.00   +27.03%
       2           139  2454      聯發科                1390.00        545.00    67.63%   4020.00  4050.00  3885.00  3885.00     4560.00  4730.00  4520.00  4720.00   +835.00   +21.49%
       3           125  6669      緯穎                 1620.00        795.00    66.03%   6595.00  6650.00  6285.00  6400.00     2295.00  2380.00  2270.00  2345.00  -4055.00   -63.36%
       4            91  6515      穎崴                 1875.00       1410.00    37.22%   6480.00  6695.00  6210.00  6315.00     7285.00  7310.00  6985.00  7195.00   +880.00   +13.94%
       5           133  3406      玉晶光                 547.00        195.00    28.17%    676.00   695.00   669.00   685.00     1120.00  1125.00  1040.00  1070.00   +385.00   +56.20%
       6           122  7610      聯友金屬-創              830.00        505.00    26.01%   1925.00  1945.00  1740.00  1740.00     2110.00  2115.00  1940.00  2035.00   +295.00   +16.95%
       7            24  6949      沛爾生醫-創              275.00          0.00    22.01%   1035.00  1085.00  1035.00  1055.00       56.80    60.30    55.40    58.80   -996.20   -94.43%
       8           221  3017      奇鋐                  920.00        655.00    21.21%   3150.00  3180.00  2990.00  3035.00     3405.00  3470.00  3380.00  3460.00   +425.00   +14.00%
       9            70  3653      健策                 1675.00       1415.00    20.81%   5370.00  5485.00  5120.00  5150.00     5735.00  5885.00  5705.00  5790.00   +640.00   +12.43%
      10           257  6933      AMAX-KY             171.00         29.00    11.37%    193.00   193.00   186.50   191.50      348.00   354.00   331.50   336.00   +144.50   +75.46%
      11           188  7711      永擎                  277.00        143.00    10.72%    480.00   495.00   480.00   492.00      598.00   615.00   583.00   590.00    +98.00   +19.92%
      12           149  6830      汎銓                  170.00         52.50     9.40%    444.00   444.00   420.50   431.50      581.00   599.00   575.00   591.00   +159.50   +36.96%
      13           234  3026      禾伸堂                 339.00        234.00     8.40%    673.00   685.00   656.00   668.00      763.00   826.00   730.00   803.00   +135.00   +20.21%
      14           166  2351      順德                   84.50          0.00     6.76%    170.50   186.00   169.00   176.00      239.00   248.00   232.50   235.50    +59.50   +33.81%
      15           251  6531      愛普*                 251.00        170.00     6.48%    893.00   925.00   847.00   863.00      993.00  1065.00   991.00  1030.00   +167.00   +19.35%
      16           177  6805      富世達                 845.00        765.00     6.40%   1950.00  1995.00  1900.00  1960.00     2260.00  2310.00  2155.00  2190.00   +230.00   +11.73%
      17           333  2492      華新科                 126.00         59.00     5.36%    292.00   301.00   281.00   282.00      316.50   344.00   303.00   334.00    +52.00   +18.44%
      18           228  6196      帆宣                   92.00         26.00     5.28%    513.00   520.00   501.00   503.00      537.00   538.00   519.00   535.00    +32.00    +6.36%
      19           218  3167      大量                  398.00        334.00     5.12%    762.00   770.00   753.00   770.00      897.00   902.00   841.00   848.00    +78.00   +10.13%
      20           267  2357      華碩                  181.00        124.00     4.56%    930.00   933.00   891.00   910.00      982.00   989.00   972.00   989.00    +79.00    +8.68%
      21           346  7799      禾榮科                 108.50         55.00     4.28%    351.50   352.50   347.00   351.00      400.00   425.00   392.00   425.00    +74.00   +21.08%
      22           171  3034      聯詠                   69.00         16.00     4.24%    502.00   508.00   499.50   505.00      538.00   551.00   534.00   545.00    +40.00    +7.92%
      23           169  6426      統新                   64.50         13.00     4.12%    239.50   244.50   233.50   244.00      311.00   328.00   303.00   322.00    +78.00   +31.97%
      24           290  3532      台勝科                 113.00         62.50     4.04%    360.00   402.50   360.00   369.00      417.00   423.00   410.00   410.00    +41.00   +11.11%
      25           188  2455      全新                  141.00         90.50     4.04%    435.00   437.50   409.50   417.50      533.00   545.00   527.00   532.00   +114.50   +27.43%
      26           271  7788      松川精密                118.00         67.50     4.04%    279.50   283.50   267.00   278.00      324.00   330.00   300.50   308.00    +30.00   +10.79%
      27           235  2301      光寶科                  78.00         28.50     3.96%    266.00   279.50   265.00   273.50      295.00   298.00   285.00   291.00    +17.50    +6.40%
      28           209  2379      瑞昱                   94.00         47.00     3.76%    710.00   723.00   690.00   707.00      705.00   717.00   693.00   696.00    -11.00    -1.56%
      29           268  5434      崇越                   88.00         50.00     3.04%    539.00   567.00   523.00   553.00      530.00   531.00   523.00   527.00    -26.00    -4.70%
      30           181  3055      蔚華科                  46.00         11.00     2.80%    113.00   122.00   112.00   117.50      147.50   164.00   145.00   160.00    +42.50   +36.17%
      31           306  3711      日月光投控               120.00         85.00     2.80%    630.00   634.00   596.00   599.00      641.00   653.00   635.00   650.00    +51.00    +8.51%
      32           254  6789      采鈺                   73.00         40.00     2.64%    444.00   454.00   433.00   433.00      471.00   477.00   467.00   469.50    +36.50    +8.43%
      33           134  6271      同欣電                  40.50          9.50     2.48%    196.00   199.50   193.00   195.00      223.00   227.50   218.50   227.00    +32.00   +16.41%
      34            73  3090      日電貿                  30.00          0.00     2.40%    167.00   168.50   161.00   161.50      166.00   174.00   162.00   171.00     +9.50    +5.88%
      35            79  2421      建準                   29.50          0.00     2.36%    149.00   149.50   144.50   145.50      166.00   168.50   164.00   165.00    +19.50   +13.40%
      36            96  3006      晶豪科                  67.00         39.00     2.24%    278.00   279.00   246.50   248.00      305.00   319.00   302.00   312.00    +64.00   +25.81%
      37            61  2207      和泰車                  28.00          0.00     2.24%    511.00   514.00   509.00   512.00      522.00   529.00   521.00   528.00    +16.00    +3.12%
      38           113  4977      眾達-KY                28.00          0.00     2.24%    157.00   160.00   149.00   151.00      171.50   178.00   169.00   173.00    +22.00   +14.57%
      39            90  6658      聯策                   28.00          0.00     2.24%    157.50   163.00   157.00   161.50      175.50   175.50   171.00   172.50    +11.00    +6.81%
      40           202  2368      金像電                 424.00        397.00     2.16%   1020.00  1110.00  1010.00  1070.00     1080.00  1090.00  1035.00  1045.00    -25.00    -2.34%
==========================================================================================================================================================================
✅ 共 40 筆


══════════════════════════════════════════════════════════════════════════════════════════════════════════════
  🔄 第 15/15 次  2026/08/17 ～ 2026/09/09
══════════════════════════════════════════════════════════════════════════════════════════════════════════════

==========================================================================================================================================================================
📊 累計漲跌停強度排名 (2026/08/17 ~ 2026/09/09)
==========================================================================================================================================================================
    實資排名        累計天數排名  代號        名稱                 累計漲停(元)       累計跌停(元)       強度%  (08/17)開盤      最高      最低      收盤    (09/09)開盤      最高      最低      收盤      賺賠    賺賠率
--------------------------------------------------------------------------------------------------------------------------------------------------------------------------
       1            35  3008      大立光                3815.00       1855.00    39.53%   4670.00  5070.00  4670.00  5070.00     6660.00  6930.00  6550.00  6870.00  +1800.00   +35.50%
       2           120  6669      緯穎                 1785.00        795.00    19.97%   6585.00  6740.00  6420.00  6620.00     2355.00  2425.00  2320.00  2325.00  -4295.00   -64.88%
       3            62  3653      健策                 2130.00       1415.00    14.42%   5340.00  5340.00  5340.00  5340.00     5705.00  5845.00  5600.00  5760.00   +420.00    +7.87%
       4           135  2454      聯發科                1295.00        705.00    11.90%   4205.00  4225.00  4025.00  4050.00     4780.00  4780.00  4625.00  4625.00   +575.00   +14.20%
       5           130  3406      玉晶光                 608.00        155.00     9.14%    630.00   676.00   625.00   676.00     1030.00  1110.00   980.00  1110.00   +434.00   +64.20%
       6           132  7610      聯友金屬-創              930.00        505.00     8.57%   1700.00  1850.00  1700.00  1850.00     2065.00  2110.00  1985.00  2030.00   +180.00    +9.73%
       7            88  6515      穎崴                 1875.00       1465.00     8.27%   6650.00  6715.00  6390.00  6610.00     7850.00  8260.00  7215.00  7280.00   +670.00   +10.14%
       8            50  2059      川湖                 3575.00       3210.00     7.36%  13750.00 13750.00 13750.00 13750.00    12440.00 12785.00 12285.00 12400.00  -1350.00    -9.82%
       9           180  6805      富世達                 965.00        660.00     6.15%   1795.00  1950.00  1785.00  1925.00     2170.00  2325.00  2155.00  2295.00   +370.00   +19.22%
      10            42  6949      沛爾生醫-創              275.00         15.00     5.24%   1105.00  1105.00  1050.00  1055.00       59.80    60.40    54.40    54.90  -1000.10   -94.80%
      11           192  7769      鴻勁                 1710.00       1545.00     3.33%   6600.00  6825.00  6465.00  6750.00     7100.00  7150.00  6655.00  6720.00    -30.00    -0.44%
      12           164  7711      永擎                  277.00        123.00     3.11%    476.00   476.00   466.50   475.00      594.00   617.00   575.00   610.00   +135.00   +28.42%
      13           257  6933      AMAX-KY             171.00         29.00     2.86%    188.00   193.50   182.00   192.00      320.50   338.00   310.50   338.00   +146.00   +76.04%
      14           232  3167      大量                  423.00        282.00     2.84%    680.00   700.00   675.00   700.00      939.00   952.00   880.00   900.00   +200.00   +28.57%
      15           157  6830      汎銓                  185.00         52.50     2.67%    407.00   440.00   406.00   437.00      588.00   601.00   573.00   576.00   +139.00   +31.81%
      16           312  2360      致茂                  535.00        415.00     2.42%   2335.00  2400.00  2250.00  2360.00     2270.00  2490.00  2265.00  2335.00    -25.00    -1.06%
      17           244  3026      禾伸堂                 336.00        234.00     2.06%    647.00   692.00   605.00   689.00      775.00   793.00   747.00   758.00    +69.00   +10.01%
      18           220  3017      奇鋐                  840.00        740.00     2.02%   3230.00  3230.00  3115.00  3150.00     3285.00  3395.00  3265.00  3380.00   +230.00    +7.30%
      19           207  2455      全新                  178.50         90.50     1.77%    409.50   417.00   405.00   417.00      536.00   552.00   523.00   533.00   +116.00   +27.82%
      20           166  2351      順德                   84.50          0.00     1.70%    171.00   172.00   167.00   170.00      228.00   240.00   225.50   237.50    +67.50   +39.71%
      21           195  2368      金像電                 424.00        342.00     1.65%   1020.00  1025.00   995.00  1010.00     1100.00  1145.00  1095.00  1100.00    +90.00    +8.91%
      22           289  3532      台勝科                 128.50         48.50     1.61%    346.00   387.50   342.00   371.50      412.00   425.50   401.50   424.00    +52.50   +14.13%
      23           278  7788      松川精密                130.00         55.00     1.51%    272.00   283.50   265.50   280.00      304.50   320.50   304.50   320.50    +40.50   +14.46%
      24           194  6426      統新                   85.00         13.00     1.45%    219.00   240.00   218.00   239.50      305.50   324.50   288.00   321.00    +81.50   +34.03%
      25           228  6196      帆宣                   92.00         26.00     1.33%    511.00   518.00   506.00   511.00      512.00   538.00   512.00   534.00    +23.00    +4.50%
      26           171  3034      聯詠                   69.00         16.00     1.07%    510.00   513.00   498.50   509.00      532.00   552.00   532.00   543.00    +34.00    +6.68%
      27           235  2301      光寶科                  78.00         28.50     1.00%    277.00   286.50   263.50   263.50      293.00   298.50   291.00   292.50    +29.00   +11.01%
      28           209  2379      瑞昱                   94.00         47.00     0.95%    712.00   725.00   706.00   717.00      699.00   733.00   698.00   705.00    -12.00    -1.67%
      29           146  4977      眾達-KY                42.00          0.00     0.85%    147.00   158.00   143.50   158.00      178.00   183.50   169.00   170.50    +12.50    +7.91%
      30           339  2492      華新科                 111.50         70.00     0.84%    298.00   299.50   288.00   291.50      319.00   323.00   312.00   319.50    +28.00    +9.61%
      31           268  5434      崇越                   88.00         50.00     0.77%    520.00   525.00   513.00   516.00      532.00   544.00   532.00   535.00    +19.00    +3.68%
      32           140  4770      上品                   37.50          0.00     0.76%    218.50   221.50   218.00   218.50      232.00   250.00   229.00   249.50    +31.00   +14.19%
      33           403  5269      祥碩                  205.00        170.00     0.71%   1380.00  1395.00  1375.00  1385.00     1400.00  1410.00  1385.00  1395.00    +10.00    +0.72%
      34           254  6789      采鈺                   73.00         40.00     0.67%    442.00   449.00   439.00   443.50      464.50   485.00   464.50   475.50    +32.00    +7.22%
      35           134  6271      同欣電                  40.50          9.50     0.63%    194.00   199.00   191.00   198.00      225.00   229.50   222.00   226.50    +28.50   +14.39%
      36            73  3090      日電貿                  30.00          0.00     0.61%    171.00   171.00   163.50   166.00      168.00   171.00   166.00   166.00     +0.00    +0.00%
      37            79  2421      建準                   29.50          0.00     0.60%    146.00   149.50   144.00   148.00      165.50   169.00   160.00   167.50    +19.50   +13.18%
      38           397  2467      志聖                  155.00        126.00     0.58%    552.00   588.00   539.00   588.00      600.00   600.00   576.00   581.00     -7.00    -1.19%
      39            96  3006      晶豪科                  67.00         39.00     0.56%    274.00   275.50   266.50   273.00      300.00   311.00   294.50   306.50    +33.50   +12.27%
      40            61  2207      和泰車                  28.00          0.00     0.56%    514.00   520.00   513.00   515.00      529.00   531.00   525.00   530.00    +15.00    +2.91%
==========================================================================================================================================================================
✅ 共 40 筆
