
██████████████████████████████████████████████████████████████████████████████████████████████████████████████
  📅 天數組合: 21 日  →  輸出檔: s13_21.txt
██████████████████████████████████████████████████████████████████████████████████████████████████████████████

🔁 共執行 21 次，每次區間長度 22 個交易日

══════════════════════════════════════════════════════════════════════════════════════════════════════════════
  🔄 第  1/21 次  2026/08/31 ～ 2026/10/01
══════════════════════════════════════════════════════════════════════════════════════════════════════════════

==========================================================================================================================================================================
📊 動能效率優先權分數排名 (2026/08/31 ~ 2026/10/01)
==========================================================================================================================================================================
    實資排名          累計天數排名  代號        名稱                 累計漲停(元)       累計跌停(元)       強度%  (08/31)開盤      最高      最低      收盤    (10/01)開盤      最高      最低      收盤      賺賠    賺賠率
--------------------------------------------------------------------------------------------------------------------------------------------------------------------------
       1               2  3016      嘉晶                   62.00          0.00   100.00%     98.70   104.00    97.60   103.00      169.00   169.00   162.50   168.00    +65.00   +63.11%
       2               1  3055      蔚華科                  80.00         11.00    97.76%    127.50   130.00   117.50   120.50      208.00   212.00   202.00   210.00    +89.50   +74.27%
       3               3  7711      永擎                  391.00        269.00    73.94%    486.00   535.00   483.00   535.00      561.00   616.00   551.00   616.00    +81.00   +15.14%
       4               4  6533      晶心科                 157.00         13.50    68.74%    262.50   262.50   254.00   261.00      346.00   366.50   337.00   366.50   +105.50   +40.42%
       5               9  6706      惠特                   40.50         15.00    65.52%    121.00   124.50   119.00   123.00      152.00   160.50   152.00   154.50    +31.50   +25.61%
       6               5  2305      全友                    0.00          0.00    63.19%     29.00    31.90    28.75    30.05       65.30    65.30    61.90    61.90    +31.85  +105.99%
       7               8  4770      上品                   84.00         10.50    58.51%    215.00   215.00   209.50   212.50      278.50   281.50   273.50   275.00    +62.50   +29.41%
       8               7  6715      嘉基                  218.00        142.50    57.87%    353.00   353.00   318.50   318.50      445.00   453.00   430.00   453.00   +134.50   +42.23%
       9               6  2404      漢唐                  470.00        235.00    55.47%   1065.00  1065.00  1035.00  1060.00     1280.00  1315.00  1270.00  1305.00   +245.00   +23.11%
      10              11  2455      全新                  218.00        113.00    55.30%    428.00   477.00   428.00   477.00      552.00   552.00   530.00   546.00    +69.00   +14.47%
      11              14  6933      AMAX-KY             256.00        103.50    53.57%    284.00   286.00   283.00   286.00      370.00   404.50   369.50   394.50   +108.50   +37.94%
      12              10  6861      睿生光電                136.50         57.50    53.28%    190.50   191.50   183.00   188.00      317.50   324.50   288.00   292.00   +104.00   +55.32%
      13              13  6672      騰輝電子-KY             150.00         25.00    52.79%    285.00   291.50   273.00   275.00      376.50   405.50   369.50   405.50   +130.50   +47.45%
      14              25  6225      天瀚                    0.00          0.00    50.11%     63.00    63.00    60.00    60.00       66.90    66.90    66.90    66.90     +6.90   +11.50%
      15              18  3094      聯傑                    0.00          0.00    48.21%     40.00    40.95    39.70    40.50       61.80    67.70    61.70    67.70    +27.20   +67.16%
      16              17  2254      巨鎧精密-創                0.00          0.00    47.41%     61.60    62.70    61.00    61.50       93.00    94.60    93.00    94.10    +32.60   +53.01%
      17              12  4919      新唐                   25.00          0.00    46.55%    120.00   121.00   117.00   120.00      140.50   152.00   139.00   152.00    +32.00   +26.67%
      18              15  3406      玉晶光                 470.00        448.00    45.98%    916.00  1005.00   915.00  1005.00      885.00   973.00   871.00   950.00    -55.00    -5.47%
      19              21  2424      隴華                    0.00          0.00    45.91%      8.10     8.29     7.68     8.01        8.02     8.43     8.02     8.16     +0.15    +1.87%
      20              16  1727      中華化                  10.50          9.50    45.04%     98.10   106.00    97.30    99.90      108.00   116.00   105.50   112.00    +12.10   +12.11%
      21              23  1560      中砂                  428.00        151.00    43.95%    685.00   687.00   663.00   683.00      963.00  1015.00   963.00  1000.00   +317.00   +46.41%
      22              22  8103      瀚荃                   22.50          0.00    43.91%    115.50   119.00   115.00   119.00      122.00   125.00   119.00   124.00     +5.00    +4.20%
      23              28  2033      佳大                    0.00          0.00    43.79%     28.00    28.20    25.95    26.00       45.10    46.55    44.00    46.55    +20.55   +79.04%
      24              40  1709      和益                    0.00          0.00    43.35%     35.85    36.25    33.35    33.45       51.80    53.20    51.60    53.20    +19.75   +59.04%
      25              19  5292      華懋                   33.00         15.50    43.33%    217.50   220.00   216.50   219.50      228.50   240.00   228.50   237.00    +17.50    +7.97%
      26              27  2030      彰源                    0.00          0.00    43.28%     23.05    23.10    22.55    22.65       37.20    40.00    36.05    37.65    +15.00   +66.23%
      27              34  6168      宏齊                    0.00          0.00    42.55%     28.20    28.95    28.05    28.45       45.70    47.00    45.70    47.00    +18.55   +65.20%
      28              32  2241      艾姆勒                   0.00          0.00    41.95%     34.20    35.20    34.00    34.60       46.00    46.20    44.00    44.05     +9.45   +27.31%
      29              33  3042      晶技                   27.00          0.00    41.78%    186.00   187.50   182.00   185.50      210.00   224.00   207.50   218.50    +33.00   +17.79%
      30              36  4956      光鋐                    0.00          0.00    41.26%     36.45    37.85    36.15    36.30       46.50    49.60    46.20    47.25    +10.95   +30.17%
      31              26  6885      全福生技                  0.00          0.00    41.24%     22.65    23.35    22.35    23.10       31.70    32.15    31.15    31.50     +8.40   +36.36%
      32              24  6691      洋基工程                193.00         68.00    40.81%    618.00   619.00   605.00   615.00      727.00   748.00   719.00   733.00   +118.00   +19.19%
      33              30  8101      華冠                    0.00          0.00    40.79%     12.40    12.40    12.40    12.40       11.00    11.05    11.00    11.05     -1.35   -10.89%
      34              39  3031      佰鴻                    0.00          0.00    40.70%     24.20    24.85    24.20    24.65       30.60    31.50    30.10    30.50     +5.85   +23.73%
      35              20  9110      越南控-DR                0.00          0.00    40.67%      2.99     3.00     2.90     3.00        3.08     3.08     2.98     2.98     -0.02    -0.67%
      36              47  3605      宏致                   41.50         38.00    39.95%    128.50   141.00   127.50   139.00      171.00   179.00   168.50   178.00    +39.00   +28.06%
      37              64  6957      裕慶-KY               150.00          9.50    39.15%    227.00   227.00   218.00   219.50      400.00   400.00   364.00   384.00   +164.50   +74.94%
      38              31  3167      大量                  499.00        306.00    38.90%    764.00   805.00   763.00   794.00      908.00   975.00   908.00   975.00   +181.00   +22.80%
      39              46  6426      統新                  170.50         85.00    38.78%    260.50   270.00   254.00   261.00      343.00   345.50   330.00   339.50    +78.50   +30.08%
      40              55  6491      晶碩                   47.50         13.50    38.77%    375.50   399.50   374.50   399.50      413.00   421.50   409.00   421.50    +22.00    +5.51%
==========================================================================================================================================================================
✅ 共 40 筆


══════════════════════════════════════════════════════════════════════════════════════════════════════════════
  🔄 第  2/21 次  2026/08/28 ～ 2026/09/30
══════════════════════════════════════════════════════════════════════════════════════════════════════════════

==========================================================================================================================================================================
📊 動能效率優先權分數排名 (2026/08/28 ~ 2026/09/30)
==========================================================================================================================================================================
    實資排名          累計天數排名  代號        名稱                 累計漲停(元)       累計跌停(元)       強度%  (08/28)開盤      最高      最低      收盤    (09/30)開盤      最高      最低      收盤      賺賠    賺賠率
--------------------------------------------------------------------------------------------------------------------------------------------------------------------------
       1               2  3016      嘉晶                   62.00          0.00   100.00%    101.50   104.00    99.60    99.60      170.00   172.50   165.00   169.00    +69.40   +69.68%
       2               1  3055      蔚華科                  80.00         11.00    95.78%    125.50   130.00   123.50   127.50      201.00   211.00   195.00   209.50    +82.00   +64.31%
       3               4  2305      全友                    0.00          0.00    65.09%     29.35    29.75    28.60    29.00       70.00    72.50    66.40    68.70    +39.70  +136.90%
       4               5  7711      永擎                  335.00        269.00    64.16%    498.00   503.00   472.00   487.00      553.00   566.00   549.00   560.00    +73.00   +14.99%
       5              10  6706      惠特                   40.50         15.00    62.64%    125.00   125.50   123.00   124.00      154.00   158.00   149.50   150.00    +26.00   +20.97%
       6               3  3406      玉晶光                 493.00        448.00    62.36%    840.00   917.00   831.00   917.00      890.00   921.00   878.00   890.00    -27.00    -2.94%
       7               8  4770      上品                   84.00         10.50    59.39%    218.50   222.50   214.00   215.00      288.00   288.50   277.50   282.00    +67.00   +31.16%
       8               6  6861      睿生光電                136.50         36.00    59.15%    198.00   201.00   192.00   193.50      294.00   313.50   294.00   313.50   +120.00   +62.02%
       9               9  6715      嘉基                  207.00        142.50    56.29%    352.00   355.00   343.50   353.50      452.00   453.50   441.00   442.00    +88.50   +25.04%
      10              18  2455      全新                  218.00        113.00    55.34%    438.00   442.00   431.50   434.00      544.00   555.00   544.00   552.00   +118.00   +27.19%
      11              11  3605      宏致                   53.00         38.00    55.03%    121.00   131.00   118.00   131.00      183.00   183.50   168.50   170.50    +39.50   +30.15%
      12              12  6533      晶心科                 124.00         13.50    54.90%    271.00   273.00   265.00   265.50      316.00   333.50   301.00   333.50    +68.00   +25.61%
      13               7  2404      漢唐                  455.00        235.00    52.19%   1080.00  1095.00  1070.00  1075.00     1230.00  1300.00  1230.00  1290.00   +215.00   +20.00%
      14              25  6933      AMAX-KY             256.00        103.50    52.16%    260.00   260.00   256.00   260.00      380.50   392.00   371.00   371.00   +111.00   +42.69%
      15              26  6957      裕慶-KY               137.00          9.50    49.69%    228.50   233.00   225.00   229.00      365.00   371.00   356.00   371.00   +142.00   +62.01%
      16              21  2254      巨鎧精密-創                0.00          0.00    47.85%     60.30    63.10    60.20    61.70       92.20    93.10    92.10    92.60    +30.90   +50.08%
      17              22  2424      隴華                    0.00          0.00    46.76%      7.89     8.17     7.89     8.17        8.12     8.57     8.12     8.30     +0.13    +1.59%
      18              19  3094      聯傑                    0.00          0.00    46.62%     38.05    41.70    38.05    40.80       62.10    62.50    59.00    61.60    +20.80   +50.98%
      19              17  2033      佳大                    0.00          0.00    46.55%     23.70    25.65    23.45    25.65       38.85    42.35    38.65    42.35    +16.70   +65.11%
      20              20  2303      聯電                   24.50          0.00    46.05%    120.50   130.00   120.00   130.00      157.50   158.00   154.50   154.50    +24.50   +18.85%
      21              13  3665      貿聯-KY              1210.00        670.00    44.83%   2075.00  2260.00  2070.00  2260.00     2500.00  2685.00  2485.00  2595.00   +335.00   +14.82%
      22              24  2241      艾姆勒                   0.00          0.00    44.53%     35.35    35.95    35.15    35.50       43.50    47.90    43.45    46.15    +10.65   +30.00%
      23              31  1709      和益                    0.00          0.00    44.40%     34.50    36.45    34.15    36.15       44.10    48.40    44.00    48.40    +12.25   +33.89%
      24              14  9110      越南控-DR                0.00          0.00    44.39%      3.00     3.10     3.00     3.10        2.70     2.99     2.70     2.99     -0.11    -3.55%
      25              53  6225      天瀚                    0.00          0.00    44.09%     66.00    66.00    59.50    59.50       60.10    60.90    60.10    60.90     +1.40    +2.35%
      26              16  3167      大量                  452.00        306.00    43.47%    745.00   797.00   740.00   783.00      902.00   906.00   879.00   887.00   +104.00   +13.28%
      27              23  1727      中華化                  10.50          9.50    43.29%     97.10   100.50    95.30    98.10      117.00   117.00   108.00   109.00    +10.90   +11.11%
      28              28  6672      騰輝電子-KY             113.50         25.00    43.22%    283.50   294.50   282.00   289.50      337.50   369.00   335.50   369.00    +79.50   +27.46%
      29              27  2030      彰源                    0.00          0.00    42.15%     22.90    23.10    22.50    22.80       36.60    36.70    36.00    36.70    +13.90   +60.96%
      30              33  4956      光鋐                    0.00          0.00    41.40%     36.20    38.45    35.80    36.95       46.25    49.80    45.50    46.50     +9.55   +25.85%
      31              15  6257      矽格                   80.00         10.50    41.16%    206.00   222.50   206.00   219.00      239.00   260.00   238.50   254.00    +35.00   +15.98%
      32              30  6885      全福生技                  0.00          0.00    40.96%     22.85    23.50    22.15    22.65       30.80    32.00    30.40    32.00     +9.35   +41.28%
      33              39  6426      統新                  170.50         85.00    40.54%    260.00   273.00   256.00   263.50      351.50   360.50   342.00   345.00    +81.50   +30.93%
      34              35  1560      中砂                  391.00        151.00    40.52%    697.00   707.00   694.00   695.00      958.00   971.00   953.00   963.00   +268.00   +38.56%
      35              34  8101      華冠                    0.00          0.00    40.16%     12.45    12.45    12.40    12.40       10.55    11.05    10.50    11.05     -1.35   -10.89%
      36              37  5292      華懋                   33.00         15.50    39.50%    221.50   221.50   215.50   220.00      216.50   234.00   216.50   230.00    +10.00    +4.55%
      37              48  6168      宏齊                    0.00          0.00    39.25%     29.60    29.65    28.70    28.85       46.55    47.00    44.50    45.25    +16.40   +56.85%
      38              45  3031      佰鴻                    0.00          0.00    39.15%     25.40    25.40    24.60    24.70       31.25    31.45    30.40    30.80     +6.10   +24.70%
      39              32  6691      洋基工程                179.00         68.00    38.43%    633.00   633.00   613.00   618.00      666.00   719.00   665.00   719.00   +101.00   +16.34%
      40              36  3443      創意                 3525.00       1405.00    38.19%   5975.00  6245.00  5910.00  6015.00     8090.00  8110.00  7860.00  8040.00  +2025.00   +33.67%
==========================================================================================================================================================================
✅ 共 40 筆


══════════════════════════════════════════════════════════════════════════════════════════════════════════════
  🔄 第  3/21 次  2026/08/27 ～ 2026/09/29
══════════════════════════════════════════════════════════════════════════════════════════════════════════════

==========================================================================================================================================================================
📊 動能效率優先權分數排名 (2026/08/27 ~ 2026/09/29)
==========================================================================================================================================================================
    實資排名          累計天數排名  代號        名稱                 累計漲停(元)       累計跌停(元)       強度%  (08/27)開盤      最高      最低      收盤    (09/29)開盤      最高      最低      收盤      賺賠    賺賠率
--------------------------------------------------------------------------------------------------------------------------------------------------------------------------
       1               1  3016      嘉晶                   62.00          0.00   100.00%    102.50   104.00    99.10    99.90      165.00   176.00   161.50   172.50    +72.60   +72.67%
       2               2  3055      蔚華科                  80.00         11.00    83.54%    131.00   131.50   122.00   124.50      196.00   207.50   191.50   203.50    +79.00   +63.45%
       3               3  3406      玉晶光                 568.00        448.00    81.79%    793.00   834.00   792.00   834.00      890.00   893.00   869.00   882.00    +48.00    +5.76%
       4               9  6706      惠特                   40.50         15.00    64.40%    125.00   129.00   123.50   124.00      142.00   154.50   141.50   151.00    +27.00   +21.77%
       5               5  3605      宏致                   53.00         26.00    63.39%    111.50   121.50   111.50   119.50      182.00   190.50   179.00   182.50    +63.00   +52.72%
       6               4  4770      上品                   84.00         10.50    63.06%    210.00   217.00   210.00   213.00      277.00   295.00   277.00   286.50    +73.50   +34.51%
       7               6  2305      全友                    0.00          0.00    62.43%     31.00    31.20    29.30    29.45       61.70    69.10    61.10    69.10    +39.65  +134.63%
       8               8  7711      永擎                  321.00        269.00    62.41%    493.00   502.00   485.00   493.00      540.00   553.00   537.00   546.00    +53.00   +10.75%
       9              15  6933      AMAX-KY             277.50        103.50    60.24%    236.50   236.50   236.50   236.50      385.50   395.00   375.50   378.00   +141.50   +59.83%
      10              33  2455      全新                  218.00        113.00    53.77%    429.00   450.00   426.50   433.00      543.00   550.00   540.00   543.00   +110.00   +25.40%
      11               7  3167      大量                  478.00        290.00    52.89%    722.00   761.00   710.00   742.00      936.00   946.00   895.00   903.00   +161.00   +21.70%
      12              11  6715      嘉基                  207.00        144.00    50.37%    365.00   370.00   351.50   351.50      460.00   468.50   442.00   452.00   +100.50   +28.59%
      13              13  6861      睿生光電                108.00         36.00    50.34%    194.50   195.00   189.50   194.00      271.00   288.00   270.50   285.00    +91.00   +46.91%
      14              16  2351      順德                   70.50         28.00    48.26%    214.50   240.50   213.00   240.00      221.00   221.00   214.00   215.50    -24.50   -10.21%
      15              12  1727      中華化                  10.50          0.00    47.53%     95.00    99.40    94.10    96.90      113.00   122.00   104.00   118.50    +21.60   +22.29%
      16              14  3665      貿聯-KY              1110.00        670.00    46.87%   2040.00  2070.00  1980.00  2055.00     2385.00  2465.00  2375.00  2445.00   +390.00   +18.98%
      17              32  6957      裕慶-KY               103.50          9.50    46.11%    220.50   227.50   218.50   225.00      334.50   337.50   307.50   337.50   +112.50   +50.00%
      18              22  2303      聯電                   24.50          0.00    46.09%    123.50   123.50   117.00   118.50      151.50   156.00   151.50   153.50    +35.00   +29.54%
      19              19  3094      聯傑                    0.00          0.00    46.08%     38.15    38.70    37.50    38.10       53.00    59.70    52.70    59.70    +21.60   +56.69%
      20              17  2254      巨鎧精密-創                0.00          0.00    45.99%     61.00    62.00    59.40    60.30       89.20    92.10    89.20    91.80    +31.50   +52.24%
      21              38  4576      大銀微系統                54.00         36.50    45.40%    204.00   220.50   204.00   215.50      226.00   241.00   224.50   241.00    +25.50   +11.83%
      22              21  2424      隴華                    0.00          0.00    44.31%      8.05     8.15     7.95     8.02        7.85     8.45     7.85     8.12     +0.10    +1.25%
      23              10  2404      漢唐                  385.00        235.00    44.27%   1090.00  1095.00  1065.00  1075.00     1250.00  1255.00  1180.00  1220.00   +145.00   +13.49%
      24              37  6533      晶心科                  94.00         13.50    44.25%    268.50   274.00   266.00   268.50      272.50   303.50   268.00   303.50    +35.00   +13.04%
      25              20  8996      高力                  960.00        570.00    42.30%   1210.00  1310.00  1190.00  1310.00     1505.00  1625.00  1480.00  1585.00   +275.00   +20.99%
      26              30  6168      宏齊                    0.00          0.00    41.86%     28.70    30.65    28.25    29.65       44.40    45.55    44.30    45.20    +15.55   +52.45%
      27              24  2033      佳大                    0.00          0.00    41.34%     22.95    23.90    22.90    23.35       36.80    39.95    36.50    38.50    +15.15   +64.88%
      28              29  2241      艾姆勒                   0.00          0.00    41.10%     34.70    36.10    34.70    35.35       43.00    44.50    41.20    44.00     +8.65   +24.47%
      29              18  6805      富世達                1220.00        730.00    40.69%   2090.00  2225.00  2075.00  2225.00     2455.00  2550.00  2420.00  2515.00   +290.00   +13.03%
      30              54  6225      天瀚                    0.00          0.00    40.62%     68.00    68.00    61.70    66.00       46.35    55.40    46.35    55.40    -10.60   -16.06%
      31              43  3008      大立光                2905.00       3180.00    40.47%   6615.00  6915.00  6605.00  6915.00     6100.00  6205.00  5940.00  6020.00   -895.00   -12.94%
      32              26  2030      彰源                    0.00          0.00    40.27%     23.30    23.80    22.95    23.00       33.40    33.40    33.40    33.40    +10.40   +45.22%
      33              35  3031      佰鴻                    0.00          0.00    39.97%     24.75    25.75    24.60    25.15       30.35    31.65    30.30    31.25     +6.10   +24.25%
      34              51  8028      昇陽半導體                79.50         22.50    39.68%    249.50   251.50   244.00   248.50      270.50   295.50   269.50   289.00    +40.50   +16.30%
      35              40  6426      統新                  170.50         85.00    39.24%    270.00   274.50   255.00   259.50      381.50   388.50   350.50   354.00    +94.50   +36.42%
      36              34  1560      中砂                  391.00        151.00    39.16%    690.00   697.00   685.00   690.00      960.00   977.00   955.00   956.00   +266.00   +38.55%
      37              75  4958      臻鼎-KY               174.50        116.50    38.27%    457.50   480.00   454.00   477.00      479.00   499.50   472.50   498.50    +21.50    +4.51%
      38              46  4956      光鋐                    0.00          0.00    38.14%     37.25    37.80    36.00    36.00       43.55    46.20    43.50    46.00    +10.00   +27.78%
      39              28  9110      越南控-DR                0.00          0.00    37.88%      3.10     3.14     3.10     3.14        2.91     2.91     2.57     2.85     -0.29    -9.24%
      40              25  6902      GOGOLOOK             41.00         14.00    37.69%    126.50   127.00   125.00   127.00      173.00   175.00   162.00   162.50    +35.50   +27.95%
==========================================================================================================================================================================
✅ 共 40 筆


══════════════════════════════════════════════════════════════════════════════════════════════════════════════
  🔄 第  4/21 次  2026/08/26 ～ 2026/09/24
══════════════════════════════════════════════════════════════════════════════════════════════════════════════

==========================================================================================================================================================================
📊 動能效率優先權分數排名 (2026/08/26 ~ 2026/09/24)
==========================================================================================================================================================================
    實資排名          累計天數排名  代號        名稱                 累計漲停(元)       累計跌停(元)       強度%  (08/26)開盤      最高      最低      收盤    (09/24)開盤      最高      最低      收盤      賺賠    賺賠率
--------------------------------------------------------------------------------------------------------------------------------------------------------------------------
       1               1  3406      玉晶光                 637.00        429.00   100.00%    690.00   759.00   690.00   759.00      901.00   911.00   885.00   901.00   +142.00   +18.71%
       2               2  3055      蔚華科                  91.50         11.00    87.73%    118.50   127.00   115.50   127.00      201.50   208.00   195.50   199.00    +72.00   +56.69%
       3               3  3016      嘉晶                   49.50          0.00    78.01%     97.60   105.00    97.10   102.00      147.50   160.00   147.00   160.00    +58.00   +56.86%
       4              10  6933      AMAX-KY             297.00        103.50    70.74%    199.00   215.00   197.50   215.00      367.50   385.00   355.00   385.00   +170.00   +79.07%
       5               4  3167      大量                  520.00        244.00    64.28%    671.00   723.00   670.00   716.00      889.00   968.00   871.00   949.00   +233.00   +32.54%
       6               5  2351      順德                   90.00         28.00    62.66%    202.00   219.00   201.50   219.00      224.00   227.00   217.00   219.50     +0.50    +0.23%
       7              13  3605      宏致                   53.00         26.00    55.88%    114.50   115.00   111.00   112.00      179.50   186.50   178.50   183.50    +71.50   +63.84%
       8               7  2305      全友                    0.00          0.00    55.73%     28.00    31.00    27.80    31.00       63.30    64.20    62.40    62.90    +31.90  +102.90%
       9              11  6426      統新                  183.50         50.00    53.71%    251.00   275.00   250.00   268.00      412.00   412.00   380.00   389.00   +121.00   +45.15%
      10               9  4770      上品                   84.00         10.50    52.20%    206.50   210.00   206.50   209.00      285.00   290.00   272.00   281.50    +72.50   +34.69%
      11              19  6706      惠特                   40.50         15.00    51.50%    123.00   126.00   121.00   123.00      143.50   146.00   142.50   143.00    +20.00   +16.26%
      12               6  6805      富世達                1400.00        715.00    51.00%   1830.00  2025.00  1825.00  2025.00     2570.00  2615.00  2505.00  2530.00   +505.00   +24.94%
      13              12  8103      瀚荃                   32.50          0.00    50.79%    102.00   113.50   102.00   113.50      122.50   126.00   121.50   123.00     +9.50    +8.37%
      14              16  3008      大立光                3475.00       2955.00    50.09%   5920.00  6290.00  5875.00  6290.00     6105.00  6310.00  6080.00  6245.00    -45.00    -0.72%
      15              34  2455      全新                  218.00        102.00    49.80%    419.00   430.00   415.00   428.00      547.00   555.00   542.00   554.00   +126.00   +29.44%
      16              14  6715      嘉基                  207.00        127.50    47.36%    359.00   374.50   352.00   363.00      462.50   472.50   459.00   468.50   +105.50   +29.06%
      17               8  2404      漢唐                  395.00        170.00    45.23%   1070.00  1100.00  1070.00  1080.00     1255.00  1285.00  1205.00  1285.00   +205.00   +18.98%
      18              15  3443      創意                 3965.00       1010.00    42.83%   5640.00  6125.00  5570.00  6125.00     8300.00  8545.00  8205.00  8525.00  +2400.00   +39.18%
      19              17  6861      睿生光電                108.00         36.00    42.39%    188.00   198.00   188.00   193.50      266.50   290.00   266.00   279.50    +86.00   +44.44%
      20              32  2308      台達電                 590.00        390.00    41.24%   1680.00  1760.00  1670.00  1750.00     1875.00  1935.00  1875.00  1910.00   +160.00    +9.14%
      21              21  6902      GOGOLOOK             41.00          0.00    40.89%    125.50   127.00   124.50   126.00      170.00   183.00   167.50   176.50    +50.50   +40.08%
      22              26  2254      巨鎧精密-創                0.00          0.00    40.80%     59.90    61.50    59.90    60.60       86.80    89.40    86.20    88.80    +28.20   +46.53%
      23              49  6957      裕慶-KY                73.00          9.50    39.58%    221.00   222.00   217.00   218.50      298.50   307.00   287.00   307.00    +88.50   +40.50%
      24              71  2303      聯電                   24.50          0.00    39.51%    124.00   124.50   122.00   123.50      157.00   157.00   152.00   154.00    +30.50   +24.70%
      25              20  1727      中華化                  10.50          0.00    39.47%     91.80    96.50    91.20    94.40      114.00   125.00   109.00   115.50    +21.10   +22.35%
      26              18  6526      達發                  313.00         68.00    39.31%    580.00   596.00   575.00   595.00      845.00   862.00   818.00   840.00   +245.00   +41.18%
      27              36  6168      宏齊                    0.00          0.00    38.80%     27.60    29.50    27.50    28.50       41.50    44.00    41.10    44.00    +15.50   +54.39%
      28              27  3017      奇鋐                 1400.00        795.00    38.76%   2880.00  3155.00  2850.00  3155.00     3460.00  3600.00  3455.00  3555.00   +400.00   +12.68%
      29              22  9110      越南控-DR                0.00          0.00    38.66%      2.88     3.05     2.88     3.05        2.80     2.89     2.66     2.82     -0.23    -7.54%
      30              33  2424      隴華                    0.00          0.00    38.02%      8.21     8.21     8.10     8.15        7.90     8.40     7.90     8.20     +0.05    +0.61%
      31              78  4576      大銀微系統                38.00         36.50    37.89%    199.00   204.00   195.50   203.00      223.50   225.00   219.00   225.00    +22.00   +10.84%
      32              24  7788      松川精密                139.50         89.00    37.82%    256.50   278.00   252.50   273.50      287.00   291.00   285.00   289.50    +16.00    +5.85%
      33              88  7711      永擎                  321.00        291.00    36.82%    510.00   510.00   489.00   493.00      543.00   548.00   535.00   542.00    +49.00    +9.94%
      34              38  2481      強茂                   28.50          0.00    36.31%    135.00   150.50   134.50   150.50      173.00   181.00   172.00   174.50    +24.00   +15.95%
      35              35  2241      艾姆勒                   0.00          0.00    36.28%     34.35    34.70    34.05    34.45       41.85    44.90    41.85    43.60     +9.15   +26.56%
      36              37  1560      中砂                  391.00        136.00    36.28%    677.00   690.00   677.00   682.00      950.00   975.00   945.00   971.00   +289.00   +42.38%
      37              30  2030      彰源                    0.00          0.00    36.28%     23.65    23.75    22.75    23.50       28.10    30.40    27.90    30.40     +6.90   +29.36%
      38              40  3031      佰鴻                    0.00          0.00    36.08%     24.20    25.45    24.20    24.80       28.30    31.05    28.25    30.45     +5.65   +22.78%
      39              28  3042      晶技                   27.00          0.00    35.76%    180.50   188.50   180.00   185.50      196.00   212.00   189.00   203.00    +17.50    +9.43%
      40              29  3653      健策                 3100.00       1385.00    35.66%   5155.00  5725.00  5140.00  5725.00     6560.00  6920.00  6215.00  6920.00  +1195.00   +20.87%
==========================================================================================================================================================================
✅ 共 40 筆


══════════════════════════════════════════════════════════════════════════════════════════════════════════════
  🔄 第  5/21 次  2026/08/24 ～ 2026/09/23
══════════════════════════════════════════════════════════════════════════════════════════════════════════════

==========================================================================================================================================================================
📊 動能效率優先權分數排名 (2026/08/24 ~ 2026/09/23)
==========================================================================================================================================================================
    實資排名          累計天數排名  代號        名稱                 累計漲停(元)       累計跌停(元)       強度%  (08/24)開盤      最高      最低      收盤    (09/23)開盤      最高      最低      收盤      賺賠    賺賠率
--------------------------------------------------------------------------------------------------------------------------------------------------------------------------
       1               2  3406      玉晶光                 637.00        429.00   100.00%    670.00   707.00   656.00   657.00      930.00   942.00   904.00   905.00   +248.00   +37.75%
       2               1  3055      蔚華科                  91.50         11.00    91.27%    109.50   111.50   107.00   109.50      206.50   226.00   200.50   203.50    +94.00   +85.84%
       3               3  2351      順德                  107.50         28.00    85.60%    187.50   201.00   185.50   200.50      240.00   240.00   225.00   226.00    +25.50   +12.72%
       4              10  6933      AMAX-KY             262.00        103.50    68.71%    185.00   198.00   185.00   194.50      320.00   350.00   320.00   350.00   +155.50   +79.95%
       5               8  6426      統新                  183.50         50.00    61.45%    239.50   242.50   233.00   238.50      359.00   391.50   357.00   391.50   +153.00   +64.15%
       6               7  3605      宏致                   53.00         26.00    57.65%    109.00   119.00   108.50   115.50      174.50   188.50   174.50   180.00    +64.50   +55.84%
       7               4  2305      全友                    0.00          0.00    57.35%     26.30    27.25    26.20    26.65       61.30    65.60    60.40    63.60    +36.95  +138.65%
       8               6  3016      嘉晶                   35.00          0.00    56.30%    100.00   106.00   100.00   100.00      145.00   145.50   141.50   145.50    +45.50   +45.50%
       9               5  8103      瀚荃                   32.50          0.00    54.00%     91.10   102.00    88.20    97.20      123.50   129.00   122.00   123.50    +26.30   +27.06%
      10              11  4770      上品                   84.00         10.50    53.07%    212.50   212.50   206.00   206.00      261.50   275.00   256.50   275.00    +69.00   +33.50%
      11              17  6706      惠特                   40.50         15.00    51.49%    116.50   118.50   114.50   114.50      150.00   150.50   144.00   144.00    +29.50   +25.76%
      12              14  7711      永擎                  357.00        291.00    50.12%    462.00   506.00   458.50   497.50      545.00   561.00   538.00   543.00    +45.50    +9.15%
      13              32  2303      聯電                   24.50          0.00    45.44%    118.00   128.00   117.50   123.50      163.00   163.00   158.00   160.00    +36.50   +29.55%
      14               9  2404      漢唐                  360.00        170.00    42.64%   1060.00  1075.00  1050.00  1065.00     1160.00  1250.00  1140.00  1250.00   +185.00   +17.37%
      15              12  9110      越南控-DR                0.00          0.00    41.60%      2.91     3.07     2.91     3.07        2.52     2.92     2.52     2.92     -0.15    -4.89%
      16              23  6715      嘉基                  207.00        172.00    41.37%    435.50   444.00   403.50   403.50      451.00   479.50   440.50   459.50    +56.00   +13.88%
      17              13  6526      達發                  313.00         68.00    40.93%    571.00   587.00   570.00   578.00      777.00   840.00   761.00   840.00   +262.00   +45.33%
      18              25  6168      宏齊                    0.00          0.00    40.34%     25.10    27.75    25.05    27.15       43.50    43.50    40.20    41.20    +14.05   +51.75%
      19              20  2424      隴華                    0.00          0.00    39.56%      7.90     8.80     7.83     8.37        8.04     8.10     8.04     8.10     -0.27    -3.23%
      20              18  3167      大量                  461.00        304.00    39.39%    715.00   753.00   665.00   665.00      873.00   903.00   860.00   890.00   +225.00   +33.83%
      21              21  8996      高力                  960.00        580.00    39.31%   1090.00  1195.00  1070.00  1145.00     1640.00  1640.00  1515.00  1540.00   +395.00   +34.50%
      22              26  2254      巨鎧精密-創                0.00          0.00    39.28%     59.40    59.40    58.60    58.60       82.30    87.10    82.10    86.60    +28.00   +47.78%
      23              22  7788      松川精密                139.50         89.00    39.11%    246.00   259.00   246.00   253.00      292.00   294.50   282.00   290.00    +37.00   +14.62%
      24              16  1727      中華化                  10.50          0.00    38.60%     89.80    93.00    88.90    90.00      105.00   116.50   103.00   116.50    +26.50   +29.44%
      25              15  6861      睿生光電                108.00         36.00    38.15%    188.00   191.50   182.50   187.50      267.00   290.00   265.00   273.00    +85.50   +45.60%
      26              27  6805      富世達                1400.00        700.00    37.89%   1765.00  1765.00  1690.00  1710.00     2490.00  2750.00  2475.00  2600.00   +890.00   +52.05%
      27              47  7799      禾榮科                 236.00         58.50    37.47%    365.00   369.00   353.00   355.00      508.00   558.00   508.00   531.00   +176.00   +49.58%
      28              28  3094      聯傑                    0.00          0.00    37.26%     36.15    38.60    36.15    38.00       53.00    57.80    51.60    54.30    +16.30   +42.89%
      29              31  3532      台勝科                 169.50         50.00    37.15%    344.50   376.50   344.50   376.50      442.00   460.00   430.50   445.00    +68.50   +18.19%
      30              53  1709      和益                    0.00          0.00    36.05%     34.25    36.30    33.55    34.65       47.50    50.50    45.50    48.30    +13.65   +39.39%
      31             110  4576      大銀微系統                38.00         36.50    35.61%    207.00   207.00   198.00   198.00      235.00   235.00   222.50   223.50    +25.50   +12.88%
      32              24  6669      緯穎                 1675.00        780.00    35.38%   6300.00  6410.00  6205.00  6300.00     2135.00  2140.00  2095.00  2105.00  -4195.00   -66.59%
      33              41  2033      佳大                    0.00          0.00    35.37%     21.90    22.35    21.40    22.00       39.70    40.25    36.20    37.30    +15.30   +69.55%
      34              36  2481      強茂                   28.50          0.00    35.30%    134.00   137.50   133.50   134.00      175.00   181.00   172.00   173.00    +39.00   +29.10%
      35              46  2357      華碩                  199.00        175.00    35.21%    919.00   939.00   916.00   923.00      953.00   958.00   942.00   958.00    +35.00    +3.79%
      36              73  6957      裕慶-KY                61.50          9.50    35.08%    217.00   219.00   215.00   215.50      300.00   305.00   295.00   295.50    +80.00   +37.12%
      37              35  4956      光鋐                    0.00          0.00    34.96%     34.95    36.75    34.20    36.75       42.35    46.40    42.10    43.55     +6.80   +18.50%
      38              34  1560      中砂                  375.00        136.00    34.90%    681.00   702.00   678.00   680.00      955.00   992.00   947.00   955.00   +275.00   +40.44%
      39              65  6782      視陽                   46.50         21.00    34.50%    205.00   212.00   205.00   210.00      240.00   243.00   235.00   240.00    +30.00   +14.29%
      40              19  3296      勝德                    0.00          0.00    34.22%     24.00    24.35    23.35    24.35       27.75    28.15    27.40    28.15     +3.80   +15.61%
==========================================================================================================================================================================
✅ 共 40 筆


══════════════════════════════════════════════════════════════════════════════════════════════════════════════
  🔄 第  6/21 次  2026/08/21 ～ 2026/09/22
══════════════════════════════════════════════════════════════════════════════════════════════════════════════

==========================================================================================================================================================================
📊 動能效率優先權分數排名 (2026/08/21 ~ 2026/09/22)
==========================================================================================================================================================================
    實資排名          累計天數排名  代號        名稱                 累計漲停(元)       累計跌停(元)       強度%  (08/21)開盤      最高      最低      收盤    (09/22)開盤      最高      最低      收盤      賺賠    賺賠率
--------------------------------------------------------------------------------------------------------------------------------------------------------------------------
       1               2  3406      玉晶光                 637.00        411.00   100.00%    653.00   660.00   628.00   652.00      962.00   973.00   920.00   923.00   +271.00   +41.56%
       2               1  3055      蔚華科                  91.50         11.00    92.21%    110.50   112.50   108.00   108.50      196.00   206.50   189.50   206.50    +98.00   +90.32%
       3               3  2351      順德                  107.50         15.50    91.94%    182.00   185.00   177.00   183.00      238.50   243.50   233.00   238.50    +55.50   +30.33%
       4              23  6933      AMAX-KY             230.50        103.50    56.18%    191.00   193.00   185.00   185.50      326.00   330.50   317.00   318.50   +133.00   +71.70%
       5               4  8103      瀚荃                   32.50          0.00    54.42%     91.50    96.30    90.20    94.00      130.50   130.50   121.50   122.50    +28.50   +30.32%
       6               8  6706      惠特                   40.50         15.00    54.03%    118.00   120.50   115.50   116.50      165.50   168.00   148.00   149.00    +32.50   +27.90%
       7               6  3605      宏致                   53.00         26.00    53.59%    109.00   111.00   106.50   108.50      177.00   177.00   165.00   171.50    +63.00   +58.06%
       8               7  2305      全友                    0.00          0.00    53.13%     26.60    26.70    25.90    26.00       57.50    60.00    56.80    60.00    +34.00  +130.77%
       9               5  3016      嘉晶                   22.00          0.00    52.17%    103.00   103.50    97.90    98.40      125.00   132.50   124.50   132.50    +34.10   +34.65%
      10               9  7711      永擎                  357.00        291.00    50.43%    452.00   489.00   447.50   461.50      552.00   555.00   534.00   537.00    +75.50   +16.36%
      11              24  2303      聯電                   24.50          0.00    47.83%    115.50   117.00   114.00   116.50      161.00   168.50   160.00   160.00    +43.50   +37.34%
      12              51  6426      統新                  148.00         50.00    46.31%    251.00   260.50   240.00   241.00      378.00   379.50   350.50   356.00   +115.00   +47.72%
      13              25  4770      上品                   59.00         10.50    44.35%    210.00   212.00   209.50   212.00      260.50   262.00   248.00   250.00    +38.00   +17.92%
      14              10  6168      宏齊                    0.00          0.00    42.90%     25.00    25.80    24.85    25.35       45.00    45.60    42.10    44.00    +18.65   +73.57%
      15              15  2424      隴華                    0.00          0.00    38.72%      8.02     8.10     8.02     8.10        7.90     8.46     7.90     8.25     +0.15    +1.85%
      16              27  1709      和益                    0.00          0.00    38.49%     30.80    33.30    30.60    33.30       43.10    47.40    41.35    45.95    +12.65   +37.99%
      17              13  8101      華冠                    0.00          0.00    37.80%     11.80    13.25    11.80    13.15       11.25    11.35    11.25    11.35     -1.80   -13.69%
      18              11  4956      光鋐                    0.00          0.00    37.73%     30.45    33.45    30.45    33.45       47.00    47.10    42.20    42.20     +8.75   +26.16%
      19              18  7788      松川精密                139.50         89.00    37.17%    255.50   255.50   246.50   248.50      298.00   298.50   288.50   290.50    +42.00   +16.90%
      20              21  2449      京元電子                107.50         22.50    36.10%    234.00   236.00   230.50   232.00      314.00   330.00   312.00   317.00    +85.00   +36.64%
      21              30  2033      佳大                    0.00          0.00    35.98%     22.70    22.90    22.00    22.00       35.00    37.30    34.60    37.30    +15.30   +69.55%
      22              26  3008      大立光                3515.00       2965.00    35.95%   5520.00  5750.00  5260.00  5610.00     6510.00  6750.00  6390.00  6405.00   +795.00   +14.17%
      23              33  2254      巨鎧精密-創                0.00          0.00    35.90%     59.90    60.30    59.80    60.30       79.10    82.10    79.10    82.10    +21.80   +36.15%
      24             100  4576      大銀微系統                38.00         36.50    35.85%    208.00   208.50   199.00   202.50      236.00   237.00   231.00   232.00    +29.50   +14.57%
      25              64  6957      裕慶-KY                61.50          9.50    35.75%    217.50   219.00   215.00   216.00      297.50   312.00   292.00   303.00    +87.00   +40.28%
      26              22  8996      高力                  960.00        510.00    35.49%   1105.00  1125.00  1085.00  1090.00     1520.00  1655.00  1490.00  1655.00   +565.00   +51.83%
      27              39  3006      晶豪科                  96.50         55.50    34.70%    249.50   260.50   247.00   256.50      288.50   290.50   278.00   278.50    +22.00    +8.58%
      28              17  911608    明輝-DR                 0.00          0.00    34.66%      2.53     2.74     2.53     2.74        2.75     2.75     2.56     2.73     -0.01    -0.36%
      29              45  6715      嘉基                  207.00        216.00    34.66%    498.00   500.00   443.00   448.00      451.50   469.50   445.00   451.50     +3.50    +0.78%
      30              29  3094      聯傑                    0.00          0.00    34.49%     36.10    36.10    35.40    35.75       56.20    56.20    52.50    52.60    +16.85   +47.13%
      31              40  2481      強茂                   28.50          0.00    34.43%    137.50   139.50   132.00   133.00      171.50   175.00   170.00   171.00    +38.00   +28.57%
      32              43  2357      華碩                  199.00        175.00    34.26%    913.00   923.00   906.00   921.00      956.00   956.00   942.00   953.00    +32.00    +3.47%
      33              16  2207      和泰車                  40.00         24.00    34.22%    505.00   519.00   505.00   518.00      530.00   530.00   521.00   521.00     +3.00    +0.58%
      34              52  3532      台勝科                 159.00         50.00    34.17%    350.50   353.00   337.50   342.50      447.00   459.50   431.50   434.50    +92.00   +26.86%
      35              12  6278      台表科                  49.00          0.00    34.10%    180.00   190.50   178.00   187.00      202.00   213.50   200.00   213.50    +26.50   +14.17%
      36              49  2887Z1    台新新光己特                0.00          0.00    33.92%     19.00    19.15    18.90    19.15       23.00    23.25    23.00    23.25     +4.10   +21.41%
      37              14  3296      勝德                    0.00          0.00    33.75%     23.45    24.00    23.40    24.00       28.55    28.80    27.75    28.10     +4.10   +17.08%
      38              19  6902      GOGOLOOK             41.00          0.00    33.51%    126.00   129.00   125.50   126.50      167.00   170.50   161.50   169.50    +43.00   +33.99%
      39              32  3031      佰鴻                    0.00          0.00    33.42%     22.50    24.70    22.35    23.75       28.10    28.75    27.30    28.70     +4.95   +20.84%
      40              20  2030      彰源                    0.00          0.00    33.41%     21.85    22.50    21.60    22.30       24.30    27.25    24.30    27.25     +4.95   +22.20%
==========================================================================================================================================================================
✅ 共 40 筆


══════════════════════════════════════════════════════════════════════════════════════════════════════════════
  🔄 第  7/21 次  2026/08/19 ～ 2026/09/21
══════════════════════════════════════════════════════════════════════════════════════════════════════════════

==========================================================================================================================================================================
📊 動能效率優先權分數排名 (2026/08/19 ~ 2026/09/21)
==========================================================================================================================================================================
    實資排名          累計天數排名  代號        名稱                 累計漲停(元)       累計跌停(元)       強度%  (08/19)開盤      最高      最低      收盤    (09/21)開盤      最高      最低      收盤      賺賠    賺賠率
--------------------------------------------------------------------------------------------------------------------------------------------------------------------------
       1               2  2351      順德                  107.50         15.50   100.00%    172.00   191.00   170.50   185.00      243.00   243.50   236.00   236.50    +51.50   +27.84%
       2               1  3055      蔚華科                  73.00         11.00    85.05%    113.50   121.50   112.00   115.00      168.00   188.00   167.00   188.00    +73.00   +63.48%
       3               3  8103      瀚荃                   32.50          0.00    71.99%     81.10    84.40    80.50    83.60      129.00   130.50   123.50   128.50    +44.90   +53.71%
       4               6  6706      惠特                   40.50          0.00    69.61%    111.00   120.00   111.00   115.50      150.00   164.00   150.00   164.00    +48.50   +41.99%
       5              13  6933      AMAX-KY             230.50        103.50    62.29%    186.00   193.00   186.00   190.50      345.00   348.00   316.00   317.50   +127.00   +66.67%
       6               4  3406      玉晶光                 637.00        410.00    60.98%    655.00   705.00   651.00   657.00      973.00  1005.00   925.00   952.00   +295.00   +44.90%
       7               7  3605      宏致                   53.00         26.00    58.33%    120.00   122.50   116.50   119.00      154.00   169.00   151.00   169.00    +50.00   +42.02%
       8              10  7711      永擎                  357.00        291.00    55.94%    476.00   490.00   467.00   490.00      576.00   576.00   535.00   544.00    +54.00   +11.02%
       9              15  2305      全友                    0.00          0.00    52.66%     27.00    27.60    26.60    26.80       59.10    61.90    55.50    58.80    +32.00  +119.40%
      10               5  3008      大立光                3775.00       2965.00    51.79%   5135.00  5720.00  5110.00  5550.00     6465.00  6615.00  6305.00  6400.00   +850.00   +15.32%
      11              27  4770      上品                   59.00         10.50    51.36%    214.00   218.00   212.00   212.00      254.00   263.50   246.00   257.50    +45.50   +21.46%
      12              25  2303      聯電                   24.50          0.00    51.21%    115.00   117.00   113.50   115.50      156.50   159.00   153.00   157.00    +41.50   +35.93%
      13               8  2492      華新科                 138.50         82.50    50.79%    270.00   308.50   270.00   298.00      311.50   326.00   307.50   308.50    +10.50    +3.52%
      14               9  5292      華懋                   40.50         15.50    50.29%    190.00   210.00   190.00   210.00      219.50   219.50   215.00   218.00     +8.00    +3.81%
      15              17  6168      宏齊                    0.00          0.00    47.20%     23.70    24.65    23.50    24.20       41.45    42.70    41.40    42.70    +18.50   +76.45%
      16              18  6715      嘉基                  235.50        216.00    46.79%    400.00   460.50   395.00   447.50      433.00   475.00   433.00   451.50     +4.00    +0.89%
      17              11  4956      光鋐                    0.00          0.00    46.32%     28.40    29.85    28.15    29.05       42.90    46.85    42.65    46.85    +17.80   +61.27%
      18              16  2357      華碩                  214.00        175.00    45.43%    896.00   925.00   891.00   925.00      973.00   973.00   943.00   946.00    +21.00    +2.27%
      19              12  8101      華冠                    0.00          0.00    45.20%      9.89    11.00     9.89    11.00       11.25    11.25    11.25    11.25     +0.25    +2.27%
      20              26  3016      嘉晶                   10.00          0.00    45.10%    101.00   105.00   100.00   102.00      118.00   123.00   115.50   120.50    +18.50   +18.14%
      21              80  6426      統新                  148.00         45.00    41.89%    220.00   244.00   220.00   231.00      375.00   376.00   354.50   374.00   +143.00   +61.90%
      22              31  6491      晶碩                   61.50         13.50    41.82%    361.50   377.50   359.00   375.50      395.00   411.00   394.00   407.00    +31.50    +8.39%
      23              20  7788      松川精密                139.50         89.00    41.01%    272.50   283.50   269.00   274.00      298.00   302.00   291.00   291.00    +17.00    +6.20%
      24              21  3094      聯傑                    0.00          0.00    40.60%     35.60    36.90    35.50    36.25       54.90    56.80    54.50    56.80    +20.55   +56.69%
      25              24  3006      晶豪科                  96.50         55.50    40.40%    240.00   246.50   236.00   245.50      293.00   293.00   279.00   285.00    +39.50   +16.09%
      26              14  3296      勝德                    0.00          0.00    39.64%     22.95    24.40    22.60    24.40       29.20    29.25    28.35    28.50     +4.10   +16.80%
      27              54  6782      視陽                   46.50         10.50    38.93%    197.50   205.50   196.50   203.00      241.00   248.00   234.50   248.00    +45.00   +22.17%
      28              62  4576      大銀微系統                38.00         36.50    38.81%    206.50   219.00   205.00   208.00      240.00   241.50   233.00   233.50    +25.50   +12.26%
      29              23  2449      京元電子                 92.00         22.50    38.58%    226.50   237.50   225.00   235.00      298.00   310.00   296.50   301.50    +66.50   +28.30%
      30              22  6257      矽格                   62.50         10.50    38.13%    194.00   201.00   192.50   199.50      248.50   258.50   242.50   250.50    +51.00   +25.56%
      31              49  1709      和益                    0.00          0.00    37.54%     32.00    33.85    31.85    32.55       39.20    43.10    39.05    43.10    +10.55   +32.41%
      32              43  2481      強茂                   28.50          0.00    36.89%    135.50   148.00   135.00   136.50      171.00   173.50   166.00   168.00    +31.50   +23.08%
      33              29  6141      柏承                    0.00          0.00    36.80%     39.00    45.35    39.00    44.50       49.85    49.85    48.40    49.00     +4.50   +10.11%
      34              28  2207      和泰車                  40.00         24.00    36.39%    512.00   512.00   505.00   506.00      535.00   535.00   523.00   523.00    +17.00    +3.36%
      35              32  6668      中揚光                   0.00          0.00    36.18%     35.00    36.40    35.00    35.65       49.25    54.10    48.45    50.30    +14.65   +41.09%
      36              19  7768      頌勝科技                 77.00         20.00    35.78%    273.00   289.50   270.00   289.50      289.00   306.00   283.50   299.50    +10.00    +3.45%
      37              30  911608    明輝-DR                 0.00          0.00    35.67%      2.83     2.83     2.78     2.78        2.69     2.76     2.62     2.75     -0.03    -1.08%
      38              34  9110      越南控-DR                0.00          0.00    35.67%      3.04     3.05     3.00     3.05        3.10     3.10     2.71     2.90     -0.15    -4.92%
      39              38  2033      佳大                    0.00          0.00    35.51%     21.90    24.15    21.85    22.50       33.05    35.25    32.00    33.95    +11.45   +50.89%
      40              98  6957      裕慶-KY                48.50          9.50    35.49%    211.00   216.50   211.00   213.50      274.50   295.00   272.50   290.00    +76.50   +35.83%
==========================================================================================================================================================================
✅ 共 40 筆


══════════════════════════════════════════════════════════════════════════════════════════════════════════════
  🔄 第  8/21 次  2026/08/18 ～ 2026/09/18
══════════════════════════════════════════════════════════════════════════════════════════════════════════════

==========================================================================================================================================================================
📊 動能效率優先權分數排名 (2026/08/18 ~ 2026/09/18)
==========================================================================================================================================================================
    實資排名          累計天數排名  代號        名稱                 累計漲停(元)       累計跌停(元)       強度%  (08/18)開盤      最高      最低      收盤    (09/18)開盤      最高      最低      收盤      賺賠    賺賠率
--------------------------------------------------------------------------------------------------------------------------------------------------------------------------
       1               1  2351      順德                  107.50         15.50   100.00%    170.50   186.00   169.00   176.00      241.00   243.00   235.50   241.50    +65.50   +37.22%
       2               4  8103      瀚荃                   32.50          0.00    69.60%     80.10    88.00    80.00    83.40      127.00   130.50   122.50   129.50    +46.10   +55.28%
       3               5  7711      永擎                  374.00        265.00    68.97%    480.00   495.00   480.00   492.00      566.00   584.00   561.00   570.00    +78.00   +15.85%
       4               8  6933      AMAX-KY             230.50         79.00    64.63%    193.00   193.00   186.50   191.50      355.00   360.50   332.00   342.00   +150.50   +78.59%
       5               2  3008      大立光                3995.00       2935.00    59.99%   5115.00  5330.00  5055.00  5290.00     6280.00  6500.00  6150.00  6430.00  +1140.00   +21.55%
       6               3  3055      蔚華科                  56.00         11.00    59.28%    113.00   122.00   112.00   117.50      166.00   173.50   163.50   171.00    +53.50   +45.53%
       7               6  3406      玉晶光                 637.00        390.00    57.94%    676.00   695.00   669.00   685.00      996.00   999.00   955.00   972.00   +287.00   +41.90%
       8               9  6715      嘉基                  234.50        216.00    47.01%    405.00   428.00   393.00   419.00      398.00   433.00   394.00   433.00    +14.00    +3.34%
       9              15  2305      全友                    0.00          0.00    46.40%     28.70    29.40    27.60    27.60       57.70    59.00    53.80    58.70    +31.10  +112.68%
      10              10  5292      華懋                   40.50         15.50    45.35%    195.00   196.00   190.50   191.00      216.50   220.00   216.50   220.00    +29.00   +15.18%
      11              27  2303      聯電                   24.50          0.00    44.76%    122.50   124.00   117.50   119.00      155.00   160.50   153.50   156.00    +37.00   +31.09%
      12              22  4770      上品                   59.00         10.50    44.61%    216.00   219.50   213.00   214.00      242.00   255.50   242.00   251.00    +37.00   +17.29%
      13              24  6706      惠特                   26.00          0.00    42.99%    122.50   123.50   116.50   118.50      146.00   150.00   142.50   149.50    +31.00   +26.16%
      14               7  911608    明輝-DR                 0.00          0.00    40.39%      2.40     2.85     2.40     2.84        2.55     2.74     2.55     2.72     -0.12    -4.23%
      15              18  6168      宏齊                    0.00          0.00    40.29%     24.75    25.00    24.10    24.25       37.15    38.85    35.85    38.85    +14.60   +60.21%
      16              12  8101      華冠                    0.00          0.00    39.99%     10.20    10.65     9.81    10.00       11.80    11.80    11.80    11.80     +1.80   +18.00%
      17              49  6426      統新                  148.00         45.00    39.17%    239.50   244.50   233.50   244.00      381.50   385.00   365.00   373.50   +129.50   +53.07%
      18              13  7788      松川精密                139.50         89.00    38.39%    279.50   283.50   267.00   278.00      290.50   304.00   290.50   297.00    +19.00    +6.83%
      19              23  3016      嘉晶                   10.00          0.00    38.21%    106.00   109.00   103.00   105.00      116.50   119.00   115.00   116.50    +11.50   +10.95%
      20              11  3296      勝德                    0.00          0.00    38.12%     23.00    23.50    22.60    23.50       25.70    28.30    25.55    28.30     +4.80   +20.43%
      21              16  6141      柏承                    0.00          0.00    36.65%     39.20    42.35    39.20    41.25       50.00    50.80    49.05    49.85     +8.60   +20.85%
      22              21  9110      越南控-DR                0.00          0.00    35.49%      3.04     3.05     3.04     3.05        2.99     3.00     2.99     3.00     -0.05    -1.64%
      23              20  4956      光鋐                    0.00          0.00    35.11%     30.75    30.95    29.40    29.50       40.25    42.60    39.40    42.60    +13.10   +44.41%
      24              17  2207      和泰車                  40.00         10.00    34.28%    511.00   514.00   509.00   512.00      527.00   541.00   527.00   537.00    +25.00    +4.88%
      25              19  3094      聯傑                    0.00          0.00    33.88%     36.95    37.40    36.10    36.30       48.80    51.70    48.60    51.70    +15.40   +42.42%
      26              14  2301      光寶科                  78.00         42.50    33.88%    266.00   279.50   265.00   273.50      284.00   288.50   280.50   282.00     +8.50    +3.11%
      27              51  6491      晶碩                   50.50         13.50    33.58%    363.00   365.00   358.00   361.50      401.00   401.00   391.00   396.00    +34.50    +9.54%
      28              34  2481      強茂                   28.50          0.00    33.51%    146.00   152.50   139.00   139.50      166.50   171.00   165.00   168.50    +29.00   +20.79%
      29              28  2492      華新科                 138.50         92.00    32.66%    292.00   301.00   281.00   282.00      305.00   311.00   300.00   309.50    +27.50    +9.75%
      30              46  5906      台南-KY                 0.00          0.00    32.26%     38.00    38.00    38.00    38.00       42.80    42.80    41.10    42.25     +4.25   +11.18%
      31            1376  2321      東訊                    0.00          0.00    31.78%     14.95    15.00    14.95    15.00          --       --       --       --        --        --
      32              52  5285      界霖                    0.00          0.00    31.70%     77.30    79.30    76.50    76.50       89.10    93.30    87.70    93.30    +16.80   +21.96%
      33              37  1468      昶和                    0.00          0.00    31.33%     13.15    13.35    13.00    13.20       13.00    13.30    12.90    13.25     +0.05    +0.38%
      34              30  2424      隴華                    0.00          0.00    31.21%      8.25     8.36     8.25     8.36        7.90     8.30     7.88     8.26     -0.10    -1.20%
      35             104  6782      視陽                   46.50         10.50    31.19%    201.50   201.50   198.50   198.50      250.00   250.00   238.00   240.00    +41.50   +20.91%
      36              44  6885      全福生技                  0.00          0.00    31.17%     20.35    20.45    20.20    20.45       29.80    31.60    29.05    31.60    +11.15   +54.52%
      37              26  6257      矽格                   62.50         10.50    31.07%    208.00   208.50   199.50   199.50      231.00   244.50   227.50   244.50    +45.00   +22.56%
      38              48  2887Z1    台新新光己特                0.00          0.00    30.96%     18.90    18.90    18.85    18.85       23.30    23.40    23.20    23.25     +4.40   +23.34%
      39              56  2357      華碩                  214.00        189.00    30.93%    930.00   933.00   891.00   910.00      964.00   964.00   947.00   960.00    +50.00    +5.49%
      40              90  3532      台勝科                 159.00         62.50    30.49%    360.00   402.50   360.00   369.00      457.00   461.00   438.50   447.50    +78.50   +21.27%
==========================================================================================================================================================================
✅ 共 40 筆


══════════════════════════════════════════════════════════════════════════════════════════════════════════════
  🔄 第  9/21 次  2026/08/17 ～ 2026/09/17
══════════════════════════════════════════════════════════════════════════════════════════════════════════════

==========================================================================================================================================================================
📊 動能效率優先權分數排名 (2026/08/17 ~ 2026/09/17)
==========================================================================================================================================================================
    實資排名          累計天數排名  代號        名稱                 累計漲停(元)       累計跌停(元)       強度%  (08/17)開盤      最高      最低      收盤    (09/17)開盤      最高      最低      收盤      賺賠    賺賠率
--------------------------------------------------------------------------------------------------------------------------------------------------------------------------
       1               1  2351      順德                  107.50         15.50   100.00%    171.00   172.00   167.00   170.00      238.50   240.50   235.00   238.00    +68.00   +40.00%
       2               3  3406      玉晶光                 698.00        390.00    78.75%    630.00   676.00   625.00   676.00     1045.00  1045.00   947.00   965.00   +289.00   +42.75%
       3               2  3008      大立光                4045.00       2935.00    78.46%   4670.00  5070.00  4670.00  5070.00     6360.00  6370.00  6020.00  6020.00   +950.00   +18.74%
       4               7  6933      AMAX-KY             230.50         79.00    71.22%    188.00   193.50   182.00   192.00      324.00   345.50   316.50   345.50   +153.50   +79.95%
       5               4  7711      永擎                  374.00        265.00    69.61%    476.00   476.00   466.50   475.00      560.00   565.00   556.00   565.00    +90.00   +18.95%
       6               5  8103      瀚荃                   32.50          0.00    67.04%     79.60    82.90    78.90    80.00      120.00   132.00   119.00   132.00    +52.00   +65.00%
       7               8  6426      統新                  158.00         45.00    58.70%    219.00   240.00   218.00   239.50      357.50   363.00   356.00   363.00   +123.50   +51.57%
       8               6  3055      蔚華科                  46.00         11.00    56.27%    113.50   117.00   112.50   114.00      168.00   169.50   160.50   161.00    +47.00   +41.23%
       9              16  6715      嘉基                  207.00        216.00    49.62%    395.00   427.50   393.00   401.50      406.00   432.00   391.50   394.00     -7.50    -1.87%
      10               9  7788      松川精密                141.50         89.00    49.21%    272.00   283.50   265.50   280.00      296.50   299.00   285.00   287.00     +7.00    +2.50%
      11              10  3532      台勝科                 174.50         62.50    46.50%    346.00   387.50   342.00   371.50      449.00   474.00   432.00   441.50    +70.00   +18.84%
      12              13  5292      華懋                   40.50         15.50    46.32%    193.00   196.00   188.50   195.00      212.00   219.00   211.50   216.50    +21.50   +11.03%
      13              24  2303      聯電                   24.50          0.00    45.46%    121.50   124.00   121.50   121.50      144.50   149.50   142.50   147.50    +26.00   +21.40%
      14              20  2305      全友                    0.00          0.00    44.44%     30.15    30.15    28.15    28.55       52.80    54.30    52.80    54.30    +25.75   +90.19%
      15              22  6706      惠特                   26.00          0.00    43.42%    118.00   124.00   118.00   123.50      148.00   160.00   140.50   145.00    +21.50   +17.41%
      16              12  6141      柏承                    0.00          0.00    43.34%     35.30    38.50    34.90    38.50       50.60    51.40    48.50    49.50    +11.00   +28.57%
      17              14  3016      嘉晶                   10.00          0.00    43.11%    100.50   108.50    99.50   106.50      116.00   122.00   113.50   115.50     +9.00    +8.45%
      18              32  4770      上品                   59.00         10.50    41.52%    218.50   221.50   218.00   218.50      223.50   242.50   223.50   242.00    +23.50   +10.76%
      19              11  911608    明輝-DR                 0.00          0.00    39.93%      2.60     2.66     2.60     2.66        0.00     0.00     0.00     0.00     -2.66  -100.00%
      20              27  6168      宏齊                    0.00          0.00    39.92%     24.65    25.10    24.45    24.75       32.15    35.35    31.60    35.35    +10.60   +42.83%
      21              15  9110      越南控-DR                0.00          0.00    39.67%      2.91     3.05     2.91     3.05        2.96     2.96     2.96     2.96     -0.09    -2.95%
      22              19  1709      和益                    0.00          0.00    37.07%     30.90    33.35    30.55    32.75       40.80    42.95    39.10    42.95    +10.20   +31.15%
      23              29  8101      華冠                    0.00          0.00    36.86%     12.05    12.05    10.90    10.90       11.35    12.30    11.35    12.30     +1.40   +12.84%
      24              31  6782      視陽                   46.50         10.50    36.52%    203.50   203.50   198.00   200.50      235.00   250.00   232.50   249.00    +48.50   +24.19%
      25              17  3450      聯鈞                  252.50        249.50    36.44%    510.00   550.00   502.00   550.00      558.00   564.00   520.00   525.00    -25.00    -4.55%
      26              43  6491      晶碩                   50.50         13.50    36.08%    368.50   370.50   357.00   363.50      392.50   401.00   391.00   401.00    +37.50   +10.32%
      27              18  3296      勝德                    0.00          0.00    35.96%     23.00    23.90    23.00    23.55       25.70    26.10    25.60    25.75     +2.20    +9.34%
      28              45  2481      強茂                   28.50          0.00    35.61%    139.00   150.00   134.00   144.50      174.00   174.00   161.00   163.00    +18.50   +12.80%
      29              36  4956      光鋐                    0.00          0.00    35.44%     29.95    31.45    29.75    30.80       36.10    38.75    35.60    38.75     +7.95   +25.81%
      30              28  5906      台南-KY                 0.00          0.00    34.86%     38.00    38.00    38.00    38.00       39.00    39.00    39.00    39.00     +1.00    +2.63%
      31            1375  2321      東訊                    0.00          0.00    34.76%     15.00    15.35    15.00    15.30          --       --       --       --        --        --
      32              23  2207      和泰車                  40.00         10.00    34.32%    514.00   520.00   513.00   515.00      522.00   532.00   522.00   532.00    +17.00    +3.30%
      33              25  2603      長榮                   12.50         15.00    33.83%    220.00   232.00   219.00   231.50      236.50   242.50   236.00   242.50    +11.00    +4.75%
      34              21  2301      光寶科                  78.00         42.50    33.82%    277.00   286.50   263.50   263.50      282.00   282.50   277.00   278.00    +14.50    +5.50%
      35              26  1727      中華化                   0.00          0.00    33.48%     80.00    82.60    80.00    82.60       98.70   105.00    97.70   105.00    +22.40   +27.12%
      36              38  2887Z1    台新新光己特                0.00          0.00    33.30%     18.75    18.85    18.75    18.85       22.70    23.30    22.65    23.30     +4.45   +23.61%
      37              35  2801      彰銀                    0.00          0.00    32.87%     23.50    23.75    23.45    23.75       28.95    29.75    28.85    29.60     +5.85   +24.63%
      38              40  1468      昶和                    0.00          0.00    32.49%     13.25    13.30    13.00    13.30       12.90    13.10    12.70    13.10     -0.20    -1.50%
      39              39  2892      第一金                   0.00          0.00    31.75%     33.10    33.55    32.55    33.40       40.00    40.95    39.85    40.75     +7.35   +22.01%
      40              34  5876      上海商銀                  0.00          0.00    31.52%     42.10    42.55    41.90    42.25       49.75    50.00    48.85    49.95     +7.70   +18.22%
==========================================================================================================================================================================
✅ 共 40 筆


══════════════════════════════════════════════════════════════════════════════════════════════════════════════
  🔄 第 10/21 次  2026/08/14 ～ 2026/09/16
══════════════════════════════════════════════════════════════════════════════════════════════════════════════

==========================================================================================================================================================================
📊 動能效率優先權分數排名 (2026/08/14 ~ 2026/09/16)
==========================================================================================================================================================================
    實資排名          累計天數排名  代號        名稱                 累計漲停(元)       累計跌停(元)       強度%  (08/14)開盤      最高      最低      收盤    (09/16)開盤      最高      最低      收盤      賺賠    賺賠率
--------------------------------------------------------------------------------------------------------------------------------------------------------------------------
       1               1  2351      順德                  107.50         15.50   100.00%    174.00   175.50   169.50   171.00      254.00   256.00   231.00   236.00    +65.00   +38.01%
       2               7  6933      AMAX-KY             199.50         79.00    63.13%    197.50   197.50   186.50   188.50      286.00   314.50   282.50   314.50   +126.00   +66.84%
       3               4  3055      蔚華科                  46.00         11.00    62.80%    117.50   119.50   114.00   116.00      161.00   167.00   158.00   164.00    +48.00   +41.38%
       4               2  3406      玉晶光                 698.00        364.00    62.52%    623.00   642.00   608.00   615.00      950.00  1005.00   941.00  1005.00   +390.00   +63.41%
       5               3  3532      台勝科                 187.50         62.50    62.47%    343.00   358.00   330.00   356.00      409.00   447.00   409.00   440.00    +84.00   +23.60%
       6               6  6426      統新                  125.00         45.00    57.75%    224.00   227.00   218.00   219.00      303.00   330.00   303.00   330.00   +111.00   +50.68%
       7               5  3008      大立光                4045.00       2780.00    55.89%   4700.00  4920.00  4590.00  4610.00     6160.00  6415.00  6150.00  6225.00  +1615.00   +35.03%
       8               8  7788      松川精密                141.50         89.00    52.91%    271.50   276.50   263.50   268.00      283.50   299.00   279.50   292.00    +24.00    +8.96%
       9              16  6715      嘉基                  207.00        216.00    52.36%    400.00   408.00   387.00   390.00      354.00   393.00   339.50   393.00     +3.00    +0.77%
      10              12  7711      永擎                  323.00        284.50    50.96%    499.00   499.00   470.00   472.00      472.00   514.00   472.00   514.00    +42.00    +8.90%
      11              10  8103      瀚荃                   20.50          0.00    47.83%     80.30    81.50    78.50    78.90      114.50   124.00   113.50   120.00    +41.10   +52.09%
      12              14  5292      華懋                   40.50         15.50    47.69%    190.50   194.00   186.50   193.00      208.00   216.50   208.00   209.00    +16.00    +8.29%
      13              21  6706      惠特                   26.00          0.00    47.62%    121.00   122.50   117.50   118.00      143.50   149.00   140.50   147.00    +29.00   +24.58%
      14              24  2481      強茂                   28.50          0.00    45.32%    145.00   146.00   136.00   138.00      154.50   168.50   154.00   168.50    +30.50   +22.10%
      15              13  6141      柏承                    0.00          0.00    45.24%     36.15    36.90    34.55    35.00       48.25    50.80    48.20    49.90    +14.90   +42.57%
      16              15  3016      嘉晶                   10.00          0.00    44.31%    106.00   106.00    99.90   102.50      110.50   116.00   107.50   115.50    +13.00   +12.68%
      17              11  9110      越南控-DR                0.00          0.00    44.03%      3.00     3.11     3.00     3.11        0.00     0.00     0.00     0.00     -3.11  -100.00%
      18              39  2303      聯電                   24.50          0.00    43.10%    125.00   125.50   120.00   121.00      139.50   142.50   138.00   142.00    +21.00   +17.36%
      19               9  911608    明輝-DR                 0.00          0.00    42.45%      2.63     2.63     2.63     2.63        2.74     2.76     2.69     2.69     +0.06    +2.28%
      20              31  2305      全友                    0.00          0.00    41.92%     31.55    31.70    29.10    29.35       44.50    49.40    44.10    49.40    +20.05   +68.31%
      21            1373  2321      東訊                    0.00          0.00    39.61%     15.00    15.65    15.00    15.65          --       --       --       --        --        --
      22              17  3296      勝德                    0.00          0.00    38.52%     23.50    23.50    23.30    23.50       27.25    27.25    25.80    26.05     +2.55   +10.85%
      23              19  1709      和益                    0.00          0.00    37.81%     29.90    32.20    29.50    30.35       35.95    39.05    35.90    39.05     +8.70   +28.67%
      24              22  5906      台南-KY                 0.00          0.00    37.55%      0.00     0.00     0.00     0.00       39.00    39.00    39.00    39.00        --        --
      25              48  6924      榮惠-KY創               22.00          0.00    36.39%    112.50   115.50   112.50   115.50      128.00   135.00   128.00   135.00    +19.50   +16.88%
      26              18  2301      光寶科                  78.00         42.50    36.24%    274.50   278.00   261.00   267.00      273.00   279.00   271.00   277.00    +10.00    +3.75%
      27              32  6491      晶碩                   50.50         13.50    36.10%    372.50   378.00   368.00   369.00      389.50   396.50   382.50   393.00    +24.00    +6.50%
      28              23  2603      長榮                   12.50         15.00    36.10%    215.50   219.00   211.00   219.00      234.00   241.00   233.00   239.00    +20.00    +9.13%
      29              51  6168      宏齊                    0.00          0.00    36.01%     25.40    25.40    24.55    24.65       29.40    32.15    29.40    32.15     +7.50   +30.43%
      30              20  3037      欣興                  326.00        396.00    35.86%   1020.00  1025.00   995.00  1020.00      961.00   971.00   940.00   961.00    -59.00    -5.78%
      31              28  2801      彰銀                    0.00          0.00    34.72%     23.45    23.70    23.35    23.55       28.05    28.90    27.80    28.90     +5.35   +22.72%
      32              33  1468      昶和                    0.00          0.00    34.30%     13.35    13.40    13.05    13.30       12.90    12.90    12.65    12.85     -0.45    -3.38%
      33              38  2357      華碩                  261.00        247.00    34.26%    968.00  1025.00   966.00   996.00      928.00   947.00   925.00   939.00    -57.00    -5.72%
      34              40  2887Z1    台新新光己特                0.00          0.00    34.20%     18.95    19.20    18.50    18.75       22.60    22.65    22.50    22.65     +3.90   +20.80%
      35             161  2478      大毅                   23.00          0.00    34.18%    133.00   134.50   126.00   128.00      118.00   120.00   116.50   120.00     -8.00    -6.25%
      36              44  3653      健策                 2435.00       2020.00    34.09%   4695.00  4860.00  4530.00  4855.00     5320.00  5540.00  5210.00  5240.00   +385.00    +7.93%
      37              26  5876      上海商銀                  0.00          0.00    34.06%     42.40    42.45    41.65    42.35       49.90    50.00    49.15    49.75     +7.40   +17.47%
      38              29  2892      第一金                   0.00          0.00    33.91%     33.15    33.70    32.75    33.35       39.70    40.00    39.25    40.00     +6.65   +19.94%
      39              63  3605      宏致                   24.00         36.50    33.83%    134.00   137.50   128.00   131.50      130.00   140.00   129.00   140.00     +8.50    +6.46%
      40              25  2880      華南金                   0.00          0.00    33.50%     39.00    39.00    38.00    38.95       46.95    47.70    46.50    47.35     +8.40   +21.57%
==========================================================================================================================================================================
✅ 共 40 筆


══════════════════════════════════════════════════════════════════════════════════════════════════════════════
  🔄 第 11/21 次  2026/08/13 ～ 2026/09/15
══════════════════════════════════════════════════════════════════════════════════════════════════════════════

==========================================================================================================================================================================
📊 動能效率優先權分數排名 (2026/08/13 ~ 2026/09/15)
==========================================================================================================================================================================
    實資排名          累計天數排名  代號        名稱                 累計漲停(元)       累計跌停(元)       強度%  (08/13)開盤      最高      最低      收盤    (09/15)開盤      最高      最低      收盤      賺賠    賺賠率
--------------------------------------------------------------------------------------------------------------------------------------------------------------------------
       1               1  2351      順德                  107.50          0.00   100.00%    173.00   180.00   173.00   173.00      252.50   256.00   244.00   251.50    +78.50   +45.38%
       2               2  3406      玉晶光                 659.00        364.00    65.89%    585.00   635.00   572.00   629.00      944.00   973.00   906.00   915.00   +286.00   +45.47%
       3               4  3532      台勝科                 185.50         62.50    59.08%    334.50   343.00   320.50   343.00      416.00   444.00   403.00   407.00    +64.00   +18.66%
       4               3  7788      松川精密                149.50         89.00    58.74%    256.00   278.00   253.00   275.50      280.00   291.50   279.50   280.50     +5.00    +1.81%
       5               5  3055      蔚華科                  46.00         11.00    53.03%    119.00   128.00   118.50   118.50      161.00   162.50   156.50   157.50    +39.00   +32.91%
       6               6  7711      永擎                  321.00        284.50    51.80%    456.00   492.00   447.50   491.50      461.00   473.00   438.00   468.00    -23.50    -4.78%
       7               7  3008      大立光                3875.00       2780.00    48.46%   4655.00  4825.00  4545.00  4660.00     6015.00  6195.00  5930.00  6055.00  +1395.00   +29.94%
       8               9  6933      AMAX-KY             171.00         79.00    47.11%    195.50   201.00   187.50   197.50      310.50   312.00   280.50   286.00    +88.50   +44.81%
       9              10  5292      華懋                   40.50         15.50    41.96%    187.50   192.00   187.50   190.00      212.50   215.00   209.00   209.00    +19.00   +10.00%
      10              15  6426      統新                   95.00         45.00    41.14%    224.00   224.00   211.00   216.00      306.00   312.00   298.00   300.00    +84.00   +38.89%
      11              27  6715      嘉基                  171.50        216.00    38.78%    400.00   430.00   383.50   390.50      333.50   380.00   333.50   357.50    -33.00    -8.45%
      12              11  6141      柏承                    0.00          0.00    38.69%     36.00    37.60    34.90    36.60       48.80    50.00    48.20    48.35    +11.75   +32.10%
      13              12  9110      越南控-DR                0.00          0.00    38.39%      3.08     3.08     3.08     3.08        0.00     0.00     0.00     0.00     -3.08  -100.00%
      14               8  911608    明輝-DR                 0.00          0.00    37.61%      2.61     2.62     2.60     2.60        2.71     2.71     2.71     2.71     +0.11    +4.23%
      15              35  6706      惠特                   26.00          0.00    37.09%    126.00   126.50   121.00   122.50      150.50   155.50   141.00   143.50    +21.00   +17.14%
      16              20  3653      健策                 2600.00       1950.00    35.87%   4500.00  4670.00  4415.00  4635.00     5735.00  5765.00  5240.00  5310.00   +675.00   +14.56%
      17              13  3296      勝德                    0.00          0.00    35.78%     23.50    23.85    23.30    23.70       25.30    27.70    25.10    27.00     +3.30   +13.92%
      18              14  2305      全友                    0.00          0.00    35.71%     27.95    30.55    27.95    30.55       45.60    48.05    44.20    44.95    +14.40   +47.14%
      19            1371  2321      東訊                    0.00          0.00    35.42%     15.50    15.90    15.50    15.85          --       --       --       --        --        --
      20              18  3605      宏致                   23.50         36.50    35.19%    124.50   132.00   123.00   132.00      124.50   129.50   122.00   127.50     -4.50    -3.41%
      21              65  2303      聯電                   24.50          0.00    34.77%    125.50   130.50   123.00   124.50      140.50   141.00   138.00   138.50    +14.00   +11.24%
      22              16  8103      瀚荃                   20.50          0.00    34.67%     81.30    82.30    80.00    80.10      111.00   116.50   111.00   114.00    +33.90   +42.32%
      23              21  3016      嘉晶                   10.00          0.00    33.72%    106.00   111.00   103.50   104.00      113.00   119.00   107.50   110.00     +6.00    +5.77%
      24              23  6669      緯穎                 2260.00        870.00    33.17%   6095.00  6195.00  6020.00  6070.00     2235.00  2345.00  2235.00  2315.00  -3755.00   -61.86%
      25              19  2301      光寶科                  88.00         42.50    33.16%    268.00   281.00   266.50   269.50      281.00   286.00   273.00   274.00     +4.50    +1.67%
      26              17  1709      和益                    0.00          0.00    32.30%     28.50    30.80    28.15    30.65       36.00    36.35    34.30    35.50     +4.85   +15.82%
      27              24  6214      精誠                   29.50          0.00    31.27%    156.50   156.50   156.50   156.50      189.00   195.00   186.00   190.00    +33.50   +21.41%
      28              31  2357      華碩                  335.00        247.00    30.68%    937.00   937.00   937.00   937.00      930.00   933.00   908.00   928.00     -9.00    -0.96%
      29              22  2492      華新科                 154.50        106.50    30.60%    299.00   316.50   298.00   316.50      305.50   315.50   300.00   300.00    -16.50    -5.21%
      30              38  5906      台南-KY                 0.00          0.00    30.56%     38.50    38.50    36.80    36.80        0.00     0.00     0.00     0.00    -36.80  -100.00%
      31              29  2603      長榮                   12.50         15.00    30.38%    215.00   217.00   214.00   215.50      235.00   237.00   231.50   233.50    +18.00    +8.35%
      32              28  1468      昶和                    0.00          0.00    30.29%     13.35    13.50    12.90    13.50       13.00    13.10    12.75    13.10     -0.40    -2.96%
      33              30  2887Z1    台新新光己特                0.00          0.00    29.78%     18.95    19.10    18.90    19.10       22.55    22.55    22.30    22.40     +3.30   +17.28%
      34              43  3037      欣興                  316.00        396.00    29.09%   1045.00  1045.00   976.00  1000.00      969.00   986.00   951.00   951.00    -49.00    -4.90%
      35              25  2207      和泰車                  48.00         10.00    29.07%    516.00   529.00   515.00   524.00      538.00   538.00   529.00   530.00     +6.00    +1.15%
      36              59  6491      晶碩                   50.50         13.50    28.79%    384.00   384.00   368.00   370.00      378.00   395.00   376.50   390.00    +20.00    +5.41%
      37              34  2892      第一金                   0.00          0.00    28.65%     33.35    33.35    32.65    33.15       40.40    40.40    39.50    39.55     +6.40   +19.31%
      38              33  5876      上海商銀                  0.00          0.00    28.65%     43.10    43.10    42.05    42.25       49.85    50.00    49.30    49.80     +7.55   +17.87%
      39              44  6224      聚鼎                    0.00          0.00    28.37%     61.20    64.50    61.20    62.60       84.50    88.50    84.40    86.00    +23.40   +37.38%
      40              42  8033      雷虎                   42.00         19.50    28.31%    174.00   183.50   173.50   183.50      171.00   172.00   166.50   166.50    -17.00    -9.26%
==========================================================================================================================================================================
✅ 共 40 筆


══════════════════════════════════════════════════════════════════════════════════════════════════════════════
  🔄 第 12/21 次  2026/08/12 ～ 2026/09/14
══════════════════════════════════════════════════════════════════════════════════════════════════════════════

==========================================================================================================================================================================
📊 動能效率優先權分數排名 (2026/08/12 ~ 2026/09/14)
==========================================================================================================================================================================
    實資排名          累計天數排名  代號        名稱                 累計漲停(元)       累計跌停(元)       強度%  (08/12)開盤      最高      最低      收盤    (09/14)開盤      最高      最低      收盤      賺賠    賺賠率
--------------------------------------------------------------------------------------------------------------------------------------------------------------------------
       1               2  2351      順德                  107.50          0.00   100.00%    169.50   172.50   168.50   172.00      234.00   257.00   228.50   257.00    +85.00   +49.42%
       2               1  3406      玉晶光                 699.00        325.00    81.90%    546.00   584.00   535.00   578.00     1015.00  1020.00   954.00   954.00   +376.00   +65.05%
       3               3  3532      台勝科                 213.50         62.50    76.42%    289.00   312.00   286.50   312.00      410.00   419.00   400.00   416.00   +104.00   +33.33%
       4               4  7788      松川精密                167.00         89.00    73.28%    241.00   261.50   240.50   256.00      275.00   288.00   265.50   282.00    +26.00   +10.16%
       5               5  3055      蔚華科                  56.50         11.00    71.49%    109.50   117.00   107.00   117.00      149.50   159.50   148.50   159.50    +42.50   +36.32%
       6               7  7711      永擎                  361.50        274.50    58.06%    445.00   447.50   434.00   447.50      478.00   478.00   478.00   478.00    +30.50    +6.82%
       7               6  3008      大立光                4045.00       2780.00    56.85%   4390.00  4685.00  4355.00  4585.00     6395.00  6420.00  5995.00  5995.00  +1410.00   +30.75%
       8               9  6933      AMAX-KY             171.00         59.50    53.08%    189.50   197.00   184.00   194.00      304.50   334.50   294.00   305.50   +111.50   +57.47%
       9               8  3653      健策                 3005.00       1440.00    50.08%   4125.00  4470.00  4125.00  4470.00     5580.00  5920.00  5500.00  5820.00  +1350.00   +30.20%
      10              12  6715      嘉基                  196.00        216.00    45.97%    356.00   396.50   356.00   396.50      313.50   351.00   312.00   346.00    -50.50   -12.74%
      11              10  6706      惠特                   26.00          0.00    44.86%    116.50   126.00   116.50   124.00      135.00   151.00   133.00   151.00    +27.00   +21.77%
      12              11  5292      華懋                   40.50         15.50    42.93%    182.00   190.00   182.00   187.00      226.00   226.00   213.50   215.50    +28.50   +15.24%
      13              15  6141      柏承                    0.00          0.00    39.73%     35.35    37.10    35.00    36.90       48.70    49.90    47.80    48.80    +11.90   +32.25%
      14              26  6426      統新                   95.00         33.00    39.21%    233.00   233.00   220.00   222.00      295.50   327.00   293.00   312.00    +90.00   +40.54%
      15              16  9110      越南控-DR                0.00          0.00    37.06%      0.00     0.00     0.00     0.00        3.03     3.03     3.03     3.03        --        --
      16              24  3605      宏致                   23.50         36.50    36.70%    111.00   120.00   111.00   120.00      120.00   127.00   118.00   126.50     +6.50    +5.42%
      17              13  911608    明輝-DR                 0.00          0.00    36.63%      2.59     2.61     2.59     2.61        2.71     2.72     2.67     2.72     +0.11    +4.21%
      18              19  2305      全友                    0.00          0.00    35.94%     27.25    28.25    27.00    27.80       40.45    45.15    39.50    45.15    +17.35   +62.41%
      19              22  3016      嘉晶                   10.00          0.00    35.45%    102.50   109.00   102.50   104.00      104.00   117.00   102.00   112.50     +8.50    +8.17%
      20              38  2303      聯電                   24.50          0.00    35.38%    123.00   125.50   121.00   123.00      136.50   143.50   135.00   142.50    +19.50   +15.85%
      21              21  3450      聯鈞                  257.50        234.00    35.16%    484.50   508.00   484.50   507.00      490.00   535.00   489.00   509.00     +2.00    +0.39%
      22              17  6669      緯穎                 2310.00        870.00    34.85%   5905.00  6140.00  5900.00  6025.00     2315.00  2315.00  2240.00  2270.00  -3755.00   -62.32%
      23             975  2321      東訊                    0.00          0.00    34.26%     15.30    15.35    15.30    15.35          --       --       --       --        --        --
      24              18  6924      榮惠-KY創               22.00          0.00    34.20%    117.00   118.00   112.00   116.00      142.00   144.00   136.00   142.50    +26.50   +22.84%
      25              25  2357      華碩                  348.00        247.00    33.75%    831.00   860.00   831.00   852.00      900.00   936.00   900.00   934.00    +82.00    +9.62%
      26              20  3017      奇鋐                 1395.00        890.00    32.70%   2765.00  2915.00  2755.00  2910.00     3255.00  3360.00  3210.00  3310.00   +400.00   +13.75%
      27              43  2301      光寶科                  88.00         42.50    32.57%    267.00   267.00   254.00   259.50      273.50   281.50   272.00   277.50    +18.00    +6.94%
      28              23  1709      和益                    0.00          0.00    32.54%     27.45    28.30    27.05    28.00       36.20    36.70    35.30    36.05     +8.05   +28.75%
      29              27  3296      勝德                    0.00          0.00    31.77%     23.20    23.55    23.15    23.35       25.55    26.55    25.30    25.50     +2.15    +9.21%
      30              14  8039      台虹                  165.50        114.50    30.22%    215.00   231.00   210.50   227.00      268.00   280.00   261.00   274.00    +47.00   +20.70%
      31              44  4770      上品                   37.50         10.50    30.18%    218.50   227.00   218.50   223.50      227.00   229.00   220.50   224.50     +1.00    +0.45%
      32              28  6672      騰輝電子-KY              60.50         34.50    30.12%    252.50   270.00   252.00   268.00      288.50   297.50   285.00   294.50    +26.50    +9.89%
      33              32  8103      瀚荃                   20.50          0.00    29.98%     80.70    83.80    80.70    81.10      110.00   117.50   108.50   113.00    +31.90   +39.33%
      34              81  2478      大毅                   23.00          0.00    29.34%    123.00   133.00   121.00   128.50      115.50   121.00   114.00   119.00     -9.50    -7.39%
      35              45  2887Z1    台新新光己特                0.00          0.00    29.30%     18.80    19.05    18.70    19.00       22.25    22.70    22.25    22.65     +3.65   +19.21%
      36              31  3443      創意                 2445.00       1540.00    29.30%   5025.00  5180.00  4945.00  5130.00     5995.00  6575.00  5850.00  6400.00  +1270.00   +24.76%
      37              39  5906      台南-KY                 0.00          0.00    29.30%     38.50    38.50    38.50    38.50       37.15    38.50    37.15    38.50     +0.00    +0.00%
      38              30  2801      彰銀                    0.00          0.00    29.18%     23.10    23.70    23.10    23.70       27.90    28.65    27.80    28.55     +4.85   +20.46%
      39              42  6214      精誠                   29.50          0.00    29.15%    143.00   144.00   142.00   142.50      189.00   190.00   184.50   187.50    +45.00   +31.58%
      40              34  2892      第一金                   0.00          0.00    28.97%     32.70    33.15    32.45    33.15       38.55    40.00    38.55    39.85     +6.70   +20.21%
==========================================================================================================================================================================
✅ 共 40 筆


══════════════════════════════════════════════════════════════════════════════════════════════════════════════
  🔄 第 13/21 次  2026/08/11 ～ 2026/09/11
══════════════════════════════════════════════════════════════════════════════════════════════════════════════

==========================================================================================================================================================================
📊 動能效率優先權分數排名 (2026/08/11 ~ 2026/09/11)
==========================================================================================================================================================================
    實資排名          累計天數排名  代號        名稱                 累計漲停(元)       累計跌停(元)       強度%  (08/11)開盤      最高      最低      收盤    (09/11)開盤      最高      最低      收盤      賺賠    賺賠率
--------------------------------------------------------------------------------------------------------------------------------------------------------------------------
       1               1  3406      玉晶光                 699.00        219.00   100.00%    546.00   547.00   533.00   538.00     1020.00  1140.00  1000.00  1060.00   +522.00   +97.03%
       2               2  3532      台勝科                 213.50         62.50    88.18%    282.50   290.50   265.50   284.00      409.50   423.50   406.50   423.00   +139.00   +48.94%
       3               4  2351      順德                   84.50          0.00    82.37%    166.00   170.50   165.00   169.50      226.50   237.50   226.50   234.00    +64.50   +38.05%
       4               3  7788      松川精密                167.00         89.00    81.99%    247.50   251.50   235.00   238.50      302.00   304.50   286.50   286.50    +48.00   +20.13%
       5               5  3055      蔚華科                  56.50         11.00    67.37%    120.00   121.00   103.00   106.50      158.50   162.00   148.00   154.50    +48.00   +45.07%
       6               6  7711      永擎                  361.50        221.50    63.45%    445.50   445.50   404.00   407.00      531.00   531.00   531.00   531.00   +124.00   +30.47%
       7               7  6933      AMAX-KY             171.00         45.00    62.30%    186.00   194.50   182.00   188.00      333.00   333.00   315.00   320.00   +132.00   +70.21%
       8               8  3008      大立光                4045.00       2160.00    54.99%   4355.00  4420.00  4230.00  4355.00     6520.00  6900.00  6420.00  6660.00  +2305.00   +52.93%
       9               9  5292      華懋                   40.50         15.50    54.87%    176.00   188.00   176.00   179.50      216.00   219.00   216.00   217.00    +37.50   +20.89%
      10              10  6924      榮惠-KY創               32.50          0.00    50.92%    119.00   119.50   113.50   119.50      141.00   141.50   139.00   141.50    +22.00   +18.41%
      11              11  9110      越南控-DR                0.00          0.00    47.60%      2.90     3.14     2.90     3.14        2.92     2.95     2.92     2.94     -0.20    -6.37%
      12              22  6715      嘉基                  171.50        216.00    47.35%    363.00   377.00   355.00   360.50      323.50   334.50   316.50   321.50    -39.00   -10.82%
      13              17  6141      柏承                    0.00          0.00    45.33%     35.30    35.30    33.90    34.65       53.40    54.30    51.00    51.00    +16.35   +47.19%
      14              13  911608    明輝-DR                 0.00          0.00    44.45%      2.51     2.64     2.51     2.60        2.66     2.73     2.66     2.72     +0.12    +4.62%
      15              15  2492      華新科                 181.50        119.00    42.50%    271.00   300.50   270.00   300.50      320.50   340.00   310.00   311.50    +11.00    +3.66%
      16              14  2357      華碩                  359.00        247.00    41.98%    818.00   839.00   812.00   839.00      930.00   930.00   912.00   924.00    +85.00   +10.13%
      17              12  3443      創意                 2590.00       1540.00    41.31%   4630.00  4980.00  4615.00  4955.00     6200.00  6200.00  5970.00  6120.00  +1165.00   +23.51%
      18             627  2321      東訊                    0.00          0.00    40.66%     15.40    15.95    15.05    15.60          --       --       --       --        --        --
      19              20  3605      宏致                   23.50         36.50    40.48%    111.50   119.50   109.50   111.00      125.00   127.00   122.00   122.50    +11.50   +10.36%
      20              32  6426      統新                   85.00         33.00    40.45%    212.00   219.00   208.00   218.00      317.50   326.50   295.50   302.00    +84.00   +38.53%
      21              19  3653      健策                 2950.00       1510.00    40.19%   4165.00  4170.00  3895.00  4065.00     5650.00  5875.00  5615.00  5765.00  +1700.00   +41.82%
      22              18  1709      和益                    0.00          0.00    39.43%     26.75    27.70    26.20    27.40       35.30    36.80    34.70    36.20     +8.80   +32.12%
      23              16  3017      奇鋐                 1395.00        830.00    38.39%   2705.00  2800.00  2625.00  2760.00     3360.00  3390.00  3300.00  3370.00   +610.00   +22.10%
      24              27  3296      勝德                    0.00          0.00    36.92%     23.20    23.20    23.00    23.10       23.70    26.00    23.70    26.00     +2.90   +12.55%
      25              26  5906      台南-KY                 0.00          0.00    36.16%     36.70    39.45    36.70    39.45       33.80    37.35    33.80    37.30     -2.15    -5.45%
      26              23  6706      惠特                   12.50          0.00    35.89%    112.50   124.00   112.50   117.00      123.50   137.50   122.50   137.50    +20.50   +17.52%
      27              24  6213      聯茂                  132.50        132.50    35.82%    427.50   452.00   395.50   452.00      503.00   537.00   501.00   509.00    +57.00   +12.61%
      28              53  2301      光寶科                  88.00         42.50    35.58%    274.00   277.50   258.50   268.50      283.00   283.00   272.00   277.00     +8.50    +3.17%
      29              39  6214      精誠                   29.50          0.00    35.57%    142.00   143.00   140.50   143.00      188.00   190.50   187.00   188.50    +45.50   +31.82%
      30              56  4770      上品                   37.50         10.50    35.38%    222.00   222.50   217.50   218.00      232.50   234.00   227.50   231.00    +13.00    +5.96%
      31              30  6805      富世達                1045.00        830.00    35.25%   1725.00  1840.00  1725.00  1790.00     2135.00  2230.00  2110.00  2150.00   +360.00   +20.11%
      32              62  2303      聯電                   24.50          0.00    35.02%    121.50   124.50   120.00   123.00      139.00   141.50   137.50   140.50    +17.50   +14.23%
      33              29  6431      光麗-KY                 0.00          0.00    34.55%     18.35    19.35    18.25    19.00       18.25    18.25    18.25    18.25     -0.75    -3.95%
      34              34  6672      騰輝電子-KY              60.50         34.50    34.43%    251.50   262.00   247.00   257.00      291.50   303.00   291.00   292.00    +35.00   +13.62%
      35              21  8033      雷虎                   59.00         35.50    34.27%    170.00   189.00   162.50   189.00      171.00   182.00   170.00   172.50    -16.50    -8.73%
      36              44  2603      長榮                   12.50         15.00    33.94%    215.00   220.00   213.50   218.00      229.00   235.50   228.50   234.50    +16.50    +7.57%
      37              43  2887Z1    台新新光己特                0.00          0.00    33.89%     18.70    18.95    18.60    18.95       21.95    22.40    21.90    22.30     +3.35   +17.68%
      38              54  6224      聚鼎                    0.00          0.00    33.83%     58.20    61.50    57.70    59.80       87.30    91.00    87.00    87.50    +27.70   +46.32%
      39              41  6669      緯穎                 2310.00        910.00    33.49%   6040.00  6050.00  5855.00  5930.00     2290.00  2335.00  2285.00  2310.00  -3620.00   -61.05%
      40              35  2305      全友                    0.00          0.00    33.21%     28.70    28.80    27.10    27.25       38.65    41.05    37.70    41.05    +13.80   +50.64%
==========================================================================================================================================================================
✅ 共 40 筆


══════════════════════════════════════════════════════════════════════════════════════════════════════════════
  🔄 第 14/21 次  2026/08/10 ～ 2026/09/10
══════════════════════════════════════════════════════════════════════════════════════════════════════════════

==========================================================================================================================================================================
📊 動能效率優先權分數排名 (2026/08/10 ~ 2026/09/10)
==========================================================================================================================================================================
    實資排名          累計天數排名  代號        名稱                 累計漲停(元)       累計跌停(元)       強度%  (08/10)開盤      最高      最低      收盤    (09/10)開盤      最高      最低      收盤      賺賠    賺賠率
--------------------------------------------------------------------------------------------------------------------------------------------------------------------------
       1               1  3406      玉晶光                 699.00        209.00   100.00%    546.00   552.00   525.00   546.00     1120.00  1125.00  1040.00  1070.00   +524.00   +95.97%
       2               2  3055      蔚華科                  66.50         11.00    92.60%    105.50   113.50   104.00   113.50      147.50   164.00   145.00   160.00    +46.50   +40.97%
       3               3  7788      松川精密                167.00         67.50    88.41%    238.00   238.00   226.00   234.50      324.00   330.00   300.50   308.00    +73.50   +31.34%
       4               4  6933      AMAX-KY             187.00         29.00    84.34%    180.50   180.50   180.50   180.50      348.00   354.00   331.50   336.00   +155.50   +86.15%
       5               5  7711      永擎                  391.50        162.50    76.96%    384.50   405.00   376.00   405.00      598.00   615.00   583.00   590.00   +185.00   +45.68%
       6               6  2351      順德                   84.50          0.00    73.10%    173.50   174.50   163.50   168.50      239.00   248.00   232.50   235.50    +67.00   +39.76%
       7               7  6715      嘉基                  201.50        201.00    66.18%    335.50   365.50   335.50   363.50      350.50   353.50   335.50   336.50    -27.00    -7.43%
       8               9  2492      華新科                 204.00         96.50    60.81%    255.00   273.50   255.00   273.50      316.50   344.00   303.00   334.00    +60.50   +22.12%
       9              10  3008      大立光                4060.00       2100.00    60.21%   4480.00  4565.00  4345.00  4400.00     6770.00  6875.00  6680.00  6720.00  +2320.00   +52.73%
      10              11  5292      華懋                   40.50         15.50    58.52%    172.50   180.50   172.50   178.50      221.50   222.50   218.50   220.00    +41.50   +23.25%
      11               8  6426      統新                   97.00         13.00    57.06%    209.50   225.00   207.00   217.50      311.00   328.00   303.00   322.00   +104.50   +48.05%
      12              12  3532      台勝科                 200.50         92.00    54.81%    310.00   312.50   281.50   283.00      417.00   423.00   410.00   410.00   +127.00   +44.88%
      13              13  6924      榮惠-KY創               20.00          0.00    52.16%    109.00   110.50   108.50   109.00      124.50   130.00   124.00   129.00    +20.00   +18.35%
      14              15  6141      柏承                    0.00          0.00    50.54%     34.10    35.40    34.10    34.70       50.40    55.50    50.40    55.40    +20.70   +59.65%
      15              14  9110      越南控-DR                0.00          0.00    49.13%      0.00     0.00     0.00     0.00        0.00     0.00     0.00     0.00        --        --
      16              26  2301      光寶科                 112.50         28.50    46.29%    256.50   271.50   255.00   271.50      295.00   298.00   285.00   291.00    +19.50    +7.18%
      17              16  911608    明輝-DR                 0.00          0.00    45.23%      2.53     2.69     2.32     2.54        2.70     2.70     2.69     2.70     +0.16    +6.30%
      18              21  6442      光聖                  635.00        335.00    45.01%   1380.00  1455.00  1375.00  1425.00     1720.00  1825.00  1705.00  1800.00   +375.00   +26.32%
      19              22  2357      華碩                  359.00        182.00    44.16%    820.00   822.00   808.00   818.00      982.00   989.00   972.00   989.00   +171.00   +20.90%
      20              25  3026      禾伸堂                 531.00        278.00    43.63%    555.00   588.00   551.00   588.00      763.00   826.00   730.00   803.00   +215.00   +36.56%
      21              29  3605      宏致                   23.50         36.50    43.20%    108.50   110.50   103.00   109.00      128.00   131.00   124.50   128.00    +19.00   +17.43%
      22              19  6213      聯茂                  171.00        122.50    43.08%    424.00   427.50   422.00   427.50      516.00   520.00   507.00   519.00    +91.50   +21.40%
      23              20  6805      富世達                1130.00        790.00    42.62%   1720.00  1825.00  1680.00  1755.00     2260.00  2310.00  2155.00  2190.00   +435.00   +24.79%
      24              76  2321      東訊                    0.00          0.00    42.32%      0.00     0.00     0.00     0.00          --       --       --       --        --        --
      25              23  6672      騰輝電子-KY              83.00         34.50    42.02%    251.50   251.50   243.00   251.50      296.00   306.00   294.00   299.00    +47.50   +18.89%
      26              18  2033      佳大                    0.00          0.00    41.82%     17.00    18.70    17.00    18.70       27.30    28.15    27.25    27.60     +8.90   +47.59%
      27              17  6446      藥華藥                 610.00        520.00    39.80%   1200.00  1360.00  1190.00  1330.00     1330.00  1335.00  1300.00  1320.00    -10.00    -0.75%
      28              27  8046      南電                  495.00        535.00    39.70%   1100.00  1180.00  1080.00  1130.00     1085.00  1105.00  1055.00  1070.00    -60.00    -5.31%
      29              24  3450      聯鈞                  304.50        273.50    38.45%    495.00   524.00   495.00   524.00      516.00   530.00   511.00   523.00     -1.00    -0.19%
      30              33  1709      和益                    0.00          0.00    37.76%     28.30    28.55    27.00    27.30       36.25    37.55    34.95    35.30     +8.00   +29.30%
      31              28  2383      台光電                1845.00       1965.00    37.68%   5330.00  5510.00  5230.00  5290.00     5380.00  5450.00  5320.00  5375.00    +85.00    +1.61%
      32              38  2303      聯電                   24.50          0.00    37.52%    117.00   123.50   117.00   123.00      142.50   145.50   141.00   142.50    +19.50   +15.85%
      33              43  2327      國巨*                 298.00        232.00    37.48%    558.00   578.00   557.00   573.00      558.00   582.00   543.00   572.00     -1.00    -0.17%
      34              40  4770      上品                   37.50         10.50    37.45%    221.50   227.00   221.00   221.00      244.00   247.00   238.50   239.00    +18.00    +8.14%
      35              30  2382      廣達                   49.50         19.50    37.23%    301.00   313.50   300.00   313.50      336.50   340.50   332.00   336.00    +22.50    +7.18%
      36              32  3037      欣興                  353.00        360.00    37.15%    979.00   995.00   976.00   992.00      993.00  1005.00   966.00   994.00     +2.00    +0.20%
      37              39  6214      精誠                   29.50          0.00    36.63%    144.50   146.00   142.50   144.50      187.00   188.50   186.50   187.50    +43.00   +29.76%
      38              63  6224      聚鼎                    0.00          0.00    35.64%     55.50    56.80    55.50    56.00       83.60    90.10    83.30    89.00    +33.00   +58.93%
      39              34  2603      長榮                   12.50         15.00    35.51%    208.50   215.00   208.00   214.00      232.50   235.00   228.00   231.00    +17.00    +7.94%
      40              70  2478      大毅                   23.00          0.00    35.26%    117.50   124.00   117.50   122.00      120.50   126.00   118.00   124.00     +2.00    +1.64%
==========================================================================================================================================================================
✅ 共 40 筆


══════════════════════════════════════════════════════════════════════════════════════════════════════════════
  🔄 第 15/21 次  2026/08/07 ～ 2026/09/09
══════════════════════════════════════════════════════════════════════════════════════════════════════════════

==========================================================================================================================================================================
📊 動能效率優先權分數排名 (2026/08/07 ~ 2026/09/09)
==========================================================================================================================================================================
    實資排名          累計天數排名  代號        名稱                 累計漲停(元)       累計跌停(元)       強度%  (08/07)開盤      最高      最低      收盤    (09/09)開盤      最高      最低      收盤      賺賠    賺賠率
--------------------------------------------------------------------------------------------------------------------------------------------------------------------------
       1               1  7788      松川精密                184.00         55.00   100.00%    223.00   239.50   221.50   235.00      304.50   320.50   304.50   320.50    +85.50   +36.38%
       2               2  3406      玉晶光                 699.00        169.00    91.92%    551.00   584.00   542.00   546.00     1030.00  1110.00   980.00  1110.00   +564.00  +103.30%
       3               3  6933      AMAX-KY             187.00         29.00    81.33%    168.00   174.00   162.50   164.50      320.50   338.00   310.50   338.00   +173.50  +105.47%
       4               5  7711      永擎                  405.00        142.50    70.58%    397.50   397.50   370.50   375.00      594.00   617.00   575.00   610.00   +235.00   +62.67%
       5               7  2351      順德                   84.50          0.00    65.69%    179.00   182.50   169.50   170.00      228.00   240.00   225.50   237.50    +67.50   +39.71%
       6               4  3055      蔚華科                  56.00         11.00    62.85%    113.00   114.00   103.50   103.50      155.00   159.00   143.00   149.50    +46.00   +44.44%
       7               6  6426      統新                  115.50         13.00    56.51%    191.50   205.50   189.50   205.50      305.50   324.50   288.00   321.00   +115.50   +56.20%
       8               8  5292      華懋                   40.50         15.50    51.40%    171.50   177.00   166.00   172.00      215.00   225.00   214.50   223.50    +51.50   +29.94%
       9               9  2492      華新科                 189.50         96.50    48.79%    254.50   259.00   243.50   251.00      319.00   323.00   312.00   319.50    +68.50   +27.29%
      10              10  3532      台勝科                 200.50         78.00    48.26%    316.00   316.00   308.00   312.50      412.00   425.50   401.50   424.00   +111.50   +35.68%
      11              15  3008      大立光                4060.00       2190.00    43.66%   4605.00  4625.00  4380.00  4385.00     6660.00  6930.00  6550.00  6870.00  +2485.00   +56.67%
      12              11  6213      聯茂                  185.00        122.50    42.96%    384.50   401.00   366.00   389.00      513.00   542.00   512.00   523.00   +134.00   +34.45%
      13              14  9110      越南控-DR                0.00          0.00    42.33%      3.07     3.07     3.07     3.07        2.82     2.96     2.80     2.96     -0.11    -3.58%
      14              26  2301      光寶科                 112.50         28.50    39.83%    256.00   268.00   244.00   247.00      293.00   298.50   291.00   292.50    +45.50   +18.42%
      15              13  911608    明輝-DR                 0.00          0.00    39.21%      2.51     2.60     2.51     2.53        2.70     2.75     2.61     2.70     +0.17    +6.72%
      16              18  6924      榮惠-KY創               20.00          0.00    38.90%    112.00   112.00   110.00   110.00      125.50   126.00   123.00   125.50    +15.50   +14.09%
      17              20  6141      柏承                    0.00          0.00    38.34%     34.40    35.55    33.65    34.10       49.05    52.90    49.05    50.50    +16.40   +48.09%
      18              19  2321      東訊                    0.00          0.00    38.03%     14.75    15.30    14.60    15.30       14.80    15.10    14.80    15.10     -0.20    -1.31%
      19              12  2033      佳大                    0.00          0.00    37.95%     16.10    17.10    16.10    17.00       25.45    27.85    25.45    27.30    +10.30   +60.59%
      20              17  2357      華碩                  349.00        182.00    37.23%    816.00   825.00   805.00   817.00      966.00   985.00   963.00   979.00   +162.00   +19.83%
      21              28  3605      宏致                   23.50         36.50    36.78%    108.00   113.00   104.50   107.50      123.00   134.50   121.50   129.50    +22.00   +20.47%
      22              16  6533      晶心科                  40.50          0.00    35.25%    228.00   256.00   227.50   256.00      257.50   258.00   253.00   253.50     -2.50    -0.98%
      23              24  4770      上品                   37.50          0.00    34.75%    212.50   218.00   212.50   216.50      232.00   250.00   229.00   249.50    +33.00   +15.24%
      24              21  6672      騰輝電子-KY              83.00         34.50    34.22%    232.50   233.50   225.00   229.00      299.50   314.00   293.50   299.50    +70.50   +30.79%
      25              22  6715      嘉基                  201.50        209.50    33.48%    358.50   363.00   332.50   333.50      330.00   357.50   330.00   354.50    +21.00    +6.30%
      26              29  1709      和益                    0.00          0.00    33.39%     27.80    28.45    27.35    27.80       33.50    36.00    33.50    35.60     +7.80   +28.06%
      27              35  6214      精誠                   29.50          0.00    31.22%    145.00   149.00   144.50   146.50      184.00   187.50   184.00   187.50    +41.00   +27.99%
      28              32  2603      長榮                   12.50         15.00    30.89%    205.50   207.50   204.00   207.50      229.00   234.00   227.00   234.00    +26.50   +12.77%
      29              30  2382      廣達                   49.50         19.50    30.71%    305.00   305.00   295.00   298.00      336.50   344.00   335.00   342.00    +44.00   +14.77%
      30              38  2887Z1    台新新光己特                0.00          0.00    30.53%     19.00    19.00    18.70    18.90       22.20    22.50    22.20    22.50     +3.60   +19.05%
      31              36  6657      華安                    0.00          0.00    30.19%     31.15    31.55    30.80    31.20       33.45    36.75    33.15    36.60     +5.40   +17.31%
      32              23  1435      中福                    0.00          0.00    30.06%     21.75    23.30    21.55    23.30       23.35    23.35    22.80    23.30     +0.00    +0.00%
      33              41  2303      聯電                   24.50          0.00    29.70%    121.50   121.50   114.00   116.00      141.00   144.50   137.00   141.50    +25.50   +21.98%
      34              25  2395      研華                  186.00        143.00    29.45%    621.00   648.00   616.00   634.00      653.00   663.00   645.00   653.00    +19.00    +3.00%
      35              37  1468      昶和                    0.00          0.00    29.29%     13.40    13.55    13.15    13.55       13.35    13.45    13.10    13.45     -0.10    -0.74%
      36              42  6805      富世達                1130.00        775.00    28.95%   1790.00  1825.00  1645.00  1670.00     2170.00  2325.00  2155.00  2295.00   +625.00   +37.43%
      37              31  6278      台表科                  33.50          0.00    28.47%    163.00   164.50   154.00   156.00      190.50   196.00   190.50   193.50    +37.50   +24.04%
      38              50  6431      光麗-KY                 0.00          0.00    28.10%     19.80    19.80    18.30    18.95       19.25    19.50    19.00    19.20     +0.25    +1.32%
      39              27  3229      晟鈦                    0.00          0.00    27.96%     46.00    48.50    45.70    46.55       56.00    60.70    55.50    60.70    +14.15   +30.40%
      40              33  2615      萬海                   11.00         11.50    27.61%     84.60    85.20    83.80    84.90      113.00   117.50   110.50   116.00    +31.10   +36.63%
==========================================================================================================================================================================
✅ 共 40 筆


══════════════════════════════════════════════════════════════════════════════════════════════════════════════
  🔄 第 16/21 次  2026/08/06 ～ 2026/09/08
══════════════════════════════════════════════════════════════════════════════════════════════════════════════

==========================================================================================================================================================================
📊 動能效率優先權分數排名 (2026/08/06 ~ 2026/09/08)
==========================================================================================================================================================================
    實資排名          累計天數排名  代號        名稱                 累計漲停(元)       累計跌停(元)       強度%  (08/06)開盤      最高      最低      收盤    (09/08)開盤      最高      最低      收盤      賺賠    賺賠率
--------------------------------------------------------------------------------------------------------------------------------------------------------------------------
       1               1  3406      玉晶光                 613.00        169.00   100.00%    530.00   552.00   529.00   547.00      987.00  1050.00   970.00  1010.00   +463.00   +84.64%
       2               2  7788      松川精密                155.00         55.00    96.47%    209.50   222.50   206.50   218.00      300.00   304.50   285.00   291.50    +73.50   +33.72%
       3               5  7711      永擎                  421.50        142.50    72.07%    361.50   361.50   361.50   361.50      650.00   650.00   594.00   594.00   +232.50   +64.32%
       4               3  3055      蔚華科                  56.00         11.00    69.09%    109.00   114.00   109.00   110.50      135.50   146.00   135.50   146.00    +35.50   +32.13%
       5               7  6933      AMAX-KY             166.50         29.00    69.01%    167.00   170.00   161.50   169.00      322.50   325.00   315.00   317.50   +148.50   +87.87%
       6               4  6426      統新                  118.50         13.00    63.39%    172.50   187.00   169.00   187.00      316.50   325.50   297.50   307.00   +120.00   +64.17%
       7               6  6213      聯茂                  206.00        122.50    57.12%    341.00   375.00   336.50   375.00      521.00   539.00   500.00   510.00   +135.00   +36.00%
       8               9  2351      順德                   74.50          0.00    54.36%    169.00   175.00   163.00   171.50      233.50   235.00   218.00   227.50    +56.00   +32.65%
       9               8  5292      華懋                   40.50         15.50    50.20%    163.00   168.50   162.00   168.50      220.00   220.50   215.00   217.50    +49.00   +29.08%
      10              12  2492      華新科                 189.50         96.50    48.82%    256.00   259.50   236.50   256.50      313.00   320.00   309.50   318.50    +62.00   +24.17%
      11              11  3532      台勝科                 174.50         78.00    47.85%    301.00   316.50   300.00   316.00      415.00   438.50   397.00   398.00    +82.00   +25.95%
      12              14  3008      大立光                3740.00       2190.00    46.01%   4525.00  4770.00  4515.00  4625.00     6430.00  6660.00  6350.00  6500.00  +1875.00   +40.54%
      13              10  6672      騰輝電子-KY              94.00         34.50    44.20%    220.50   233.00   216.00   232.50      300.50   317.50   290.00   294.00    +61.50   +26.45%
      14              13  6924      榮惠-KY創               20.00          0.00    41.98%    107.00   114.00   106.00   114.00      127.00   130.00   123.50   125.50    +11.50   +10.09%
      15              15  9110      越南控-DR                0.00          0.00    41.91%      3.00     3.30     2.97     3.13        2.98     2.98     2.98     2.98     -0.15    -4.79%
      16              20  2301      光寶科                 112.50         28.50    39.71%    253.50   262.00   249.00   252.50      300.00   301.50   289.00   291.00    +38.50   +15.25%
      17              16  911608    明輝-DR                 0.00          0.00    39.05%      2.60     2.60     2.60     2.60        2.69     2.70     2.58     2.70     +0.10    +3.85%
      18              18  6533      晶心科                  40.50          0.00    37.75%    231.00   233.50   222.50   233.00      256.50   261.50   252.50   256.00    +23.00    +9.87%
      19              21  6141      柏承                    0.00          0.00    37.28%     34.00    35.10    34.00    34.40       51.50    51.60    48.80    49.40    +15.00   +43.60%
      20              26  3605      宏致                   23.50         36.50    37.27%    102.50   111.50    98.00   108.00      122.00   132.50   120.00   124.00    +16.00   +14.81%
      21              22  2321      東訊                    0.00          0.00    36.84%      0.00     0.00     0.00     0.00       14.10    14.40    13.80    13.80        --        --
      22              17  2033      佳大                    0.00          0.00    35.89%     15.80    16.35    15.80    16.35       25.70    26.30    25.00    25.45     +9.10   +55.66%
      23              19  3450      聯鈞                  321.00        288.00    34.47%    463.50   499.00   463.50   491.50      585.00   585.00   527.00   527.00    +35.50    +7.22%
      24              28  6805      富世達                1150.00        775.00    32.85%   1650.00  1760.00  1635.00  1760.00     2235.00  2235.00  2145.00  2155.00   +395.00   +22.44%
      25              27  1709      和益                    0.00          0.00    32.76%     26.20    28.30    25.80    27.65       33.75    34.10    32.80    33.60     +5.95   +21.52%
      26              30  3026      禾伸堂                 521.00        336.00    31.91%    541.00   593.00   525.00   593.00      750.00   776.00   738.00   747.00   +154.00   +25.97%
      27              34  2059      川湖                 6875.00       3360.00    31.61%   9555.00 10100.00  9510.00 10100.00    14000.00 14200.00 12515.00 12520.00  +2420.00   +23.96%
      28              25  2421      建準                   43.50          0.00    31.43%    142.00   154.50   141.50   154.50      172.00   172.00   165.50   168.00    +13.50    +8.74%
      29              49  3443      創意                 2445.00       1415.00    31.20%   4395.00  4550.00  4250.00  4480.00     5940.00  6100.00  5730.00  5960.00  +1480.00   +33.04%
      30              32  6431      光麗-KY                 0.00          0.00    30.95%     17.70    18.80    17.55    18.80       19.55    19.55    19.25    19.25     +0.45    +2.39%
      31              29  8103      瀚荃                   20.50          0.00    30.51%     78.70    85.00    78.10    84.50      123.50   124.50   117.50   119.50    +35.00   +41.42%
      32              24  3167      大量                  520.00        314.00    30.46%    645.00   709.00   645.00   705.00      871.00   971.00   871.00   938.00   +233.00   +33.05%
      33              23  7610      聯友金屬-創             1310.00        695.00    30.31%   1565.00  1750.00  1565.00  1750.00     2000.00  2170.00  2000.00  2065.00   +315.00   +18.00%
      34              42  2603      長榮                   12.50         15.00    29.49%    204.00   205.50   202.00   204.00      233.00   233.00   228.50   229.00    +25.00   +12.25%
      35              43  6442      光聖                  580.00        425.00    28.87%   1370.00  1420.00  1335.00  1415.00     1705.00  1775.00  1690.00  1695.00   +280.00   +19.79%
      36              52  2303      聯電                   24.50          0.00    28.83%    121.50   123.50   118.00   121.50      142.00   142.50   135.00   137.00    +15.50   +12.76%
      37              36  2382      廣達                   35.50         19.50    28.44%    301.50   305.00   299.00   302.00      344.50   344.50   328.00   328.00    +26.00    +8.61%
      38              33  3017      奇鋐                 1430.00        915.00    28.23%   2730.00  2965.00  2730.00  2940.00     3455.00  3455.00  3245.00  3285.00   +345.00   +11.73%
      39              61  2887Z1    台新新光己特                0.00          0.00    28.12%     19.25    19.25    18.70    18.70       21.70    22.25    21.70    22.20     +3.50   +18.72%
      40              46  3296      勝德                    0.00          0.00    28.09%     23.00    23.65    22.60    23.40       24.05    24.20    24.00    24.00     +0.60    +2.56%
==========================================================================================================================================================================
✅ 共 40 筆


══════════════════════════════════════════════════════════════════════════════════════════════════════════════
  🔄 第 17/21 次  2026/08/05 ～ 2026/09/07
══════════════════════════════════════════════════════════════════════════════════════════════════════════════

==========================================================================================================================================================================
📊 動能效率優先權分數排名 (2026/08/05 ~ 2026/09/07)
==========================================================================================================================================================================
    實資排名          累計天數排名  代號        名稱                 累計漲停(元)       累計跌停(元)       強度%  (08/05)開盤      最高      最低      收盤    (09/07)開盤      最高      最低      收盤      賺賠    賺賠率
--------------------------------------------------------------------------------------------------------------------------------------------------------------------------
       1               1  3406      玉晶光                 621.00        169.00   100.00%    512.00   538.00   508.00   533.00     1040.00  1040.00   961.00   987.00   +454.00   +85.18%
       2               2  7788      松川精密                155.00         30.00    86.67%    208.00   215.00   205.50   210.00      335.00   335.00   310.00   316.50   +106.50   +50.71%
       3               3  7711      永擎                  451.00         76.50    76.98%    329.00   329.00   329.00   329.00      645.00   675.00   621.00   660.00   +331.00  +100.61%
       4               4  6213      聯茂                  237.00        122.50    65.44%    324.00   341.00   320.50   341.00      535.00   535.00   505.00   513.00   +172.00   +50.44%
       5               8  6933      AMAX-KY             166.50         29.00    62.36%    170.00   171.50   165.00   165.50      319.00   319.00   307.50   313.00   +147.50   +89.12%
       6               5  3055      蔚華科                  54.50         11.00    59.58%    108.00   112.00   108.00   112.00      133.50   144.00   133.00   134.50    +22.50   +20.09%
       7               6  6426      統新                  107.50         13.00    58.63%    179.50   186.50   168.00   170.00      285.00   296.00   285.00   296.00   +126.00   +74.12%
       8               7  3532      台勝科                 199.50         78.00    54.06%    310.00   319.00   300.00   316.50      401.00   418.50   393.50   403.00    +86.50   +27.33%
       9               9  2351      順德                   74.50          0.00    53.12%    171.00   177.00   167.00   169.00      236.00   244.50   229.00   233.50    +64.50   +38.17%
      10              10  3008      大立光                3960.00       2030.00    46.76%   4410.00  4730.00  4340.00  4575.00     7185.00  7185.00  6660.00  6660.00  +2085.00   +45.57%
      11              11  5292      華懋                   40.50         15.50    44.47%    167.00   169.00   163.00   163.00      218.00   221.50   217.50   220.00    +57.00   +34.97%
      12              14  6672      騰輝電子-KY              94.00         34.50    40.82%    227.00   228.00   221.50   221.50      293.00   309.50   287.00   299.50    +78.00   +35.21%
      13              12  3450      聯鈞                  364.00        230.00    40.75%    475.00   475.00   475.00   475.00      596.00   596.00   569.00   585.00   +110.00   +23.16%
      14              28  2492      華新科                 189.50         96.50    40.57%    274.00   283.50   254.00   259.50      310.00   328.00   309.50   323.00    +63.50   +24.47%
      15              13  6924      榮惠-KY創               20.00          0.00    39.33%    108.00   109.50   107.00   108.00      123.50   125.00   119.00   125.00    +17.00   +15.74%
      16              16  9110      越南控-DR                0.00          0.00    37.55%      3.32     3.35     3.09     3.30        2.95     2.99     2.95     2.99     -0.31    -9.39%
      17              32  2301      光寶科                 112.50         28.50    37.52%    260.00   268.50   247.00   249.00      314.00   314.00   297.00   299.00    +50.00   +20.08%
      18              17  3026      禾伸堂                 570.00        312.00    37.48%    525.00   547.00   520.00   547.00      770.00   771.00   761.00   771.00   +224.00   +40.95%
      19              19  3605      宏致                   23.50         36.50    37.10%     93.20   101.50    92.00   101.50      121.50   128.00   117.00   120.50    +19.00   +18.72%
      20              18  6141      柏承                    0.00          0.00    36.39%     34.80    36.70    34.45    35.45       51.50    52.90    51.30    51.90    +16.45   +46.40%
      21              20  911608    明輝-DR                 0.00          0.00    34.66%      2.83     2.83     2.79     2.79        2.67     2.70     2.59     2.70     -0.09    -3.23%
      22              30  2321      東訊                    0.00          0.00    34.43%     15.00    15.00    14.80    15.00       13.45    14.40    13.45    14.40     -0.60    -4.00%
      23              15  2033      佳大                    0.00          0.00    34.35%     15.55    16.00    15.50    16.00       26.10    27.35    25.70    25.70     +9.70   +60.62%
      24              27  6533      晶心科                  40.50          0.00    34.10%    231.00   233.50   228.00   228.50      255.50   262.00   255.00   257.00    +28.50   +12.47%
      25              25  3017      奇鋐                 1560.00        780.00    33.82%   2660.00  2775.00  2640.00  2730.00     3595.00  3595.00  3410.00  3420.00   +690.00   +25.27%
      26              21  2421      建準                   43.50          0.00    33.63%    138.00   141.00   138.00   140.50      178.00   178.50   169.00   171.50    +31.00   +22.06%
      27              26  8103      瀚荃                   20.50          0.00    33.08%     77.20    79.90    76.90    78.70      125.00   128.00   122.00   123.50    +44.80   +56.93%
      28              23  6278      台表科                  48.50          0.00    32.45%    167.00   168.00   163.50   168.00      200.00   200.00   194.50   195.00    +27.00   +16.07%
      29              47  3443      創意                 2665.00       1415.00    32.40%   4355.00  4515.00  4285.00  4390.00     6000.00  6030.00  5705.00  5935.00  +1545.00   +35.19%
      30              34  1709      和益                    0.00          0.00    31.53%     25.45    26.80    25.20    26.20       34.50    34.70    33.30    34.20     +8.00   +30.53%
      31              22  2357      華碩                  370.00        171.00    31.50%    813.00   859.00   813.00   838.00     1025.00  1025.00   981.00   999.00   +161.00   +19.21%
      32              24  4977      眾達-KY                64.50          0.00    31.24%    140.00   144.00   138.50   142.50      182.00   182.50   175.50   179.50    +37.00   +25.96%
      33              33  7610      聯友金屬-創             1390.00        695.00    31.05%   1595.00  1595.00  1580.00  1595.00     2000.00  2000.00  2000.00  2000.00   +405.00   +25.39%
      34              37  2382      廣達                   35.50          0.00    30.14%    306.50   310.50   302.50   304.00      350.00   351.50   340.50   347.50    +43.50   +14.31%
      35              31  6271      同欣電                  51.00          0.00    30.06%    186.00   191.00   183.00   190.00      243.00   246.00   228.50   232.50    +42.50   +22.37%
      36              36  3653      健策                 3015.00       1695.00    29.86%   4200.00  4430.00  4180.00  4340.00     6000.00  6000.00  5600.00  5655.00  +1315.00   +30.30%
      37              95  6805      富世達                1160.00        665.00    29.56%   1720.00  1725.00  1570.00  1600.00     2260.00  2265.00  2210.00  2265.00   +665.00   +41.56%
      38              45  6431      光麗-KY                 0.00          0.00    29.00%     18.10    18.10    17.90    18.00       20.10    20.10    19.40    19.55     +1.55    +8.61%
      39              49  2303      聯電                   24.50          0.00    28.95%    129.00   129.00   121.50   122.00      134.50   143.00   134.00   143.00    +21.00   +17.21%
      40              46  4576      大銀微系統                55.00         26.00    28.79%    209.00   221.00   205.50   218.00      250.00   258.00   245.00   247.00    +29.00   +13.30%
==========================================================================================================================================================================
✅ 共 40 筆


══════════════════════════════════════════════════════════════════════════════════════════════════════════════
  🔄 第 18/21 次  2026/08/04 ～ 2026/09/04
══════════════════════════════════════════════════════════════════════════════════════════════════════════════

==========================================================================================================================================================================
📊 動能效率優先權分數排名 (2026/08/04 ~ 2026/09/04)
==========================================================================================================================================================================
    實資排名          累計天數排名  代號        名稱                 累計漲停(元)       累計跌停(元)       強度%  (08/04)開盤      最高      最低      收盤    (09/04)開盤      最高      最低      收盤      賺賠    賺賠率
--------------------------------------------------------------------------------------------------------------------------------------------------------------------------
       1               1  3406      玉晶光                 635.00        101.00   100.00%    486.50   507.00   486.00   502.00     1020.00  1070.00   962.00  1055.00   +553.00  +110.16%
       2               2  7788      松川精密                166.00         11.50    94.67%    189.00   204.00   188.50   203.50      319.00   339.50   315.00   335.00   +131.50   +64.62%
       3               3  6213      聯茂                  258.00        122.50    69.71%    290.00   313.00   289.00   310.00      537.00   545.00   493.50   517.00   +207.00   +66.77%
       4               4  6933      AMAX-KY             181.50         29.00    68.76%    151.50   169.00   151.50   169.00      309.00   319.00   299.00   317.00   +148.00   +87.57%
       5               5  7711      永擎                  423.00         76.50    60.62%    291.50   300.00   290.50   299.50      597.00   632.00   575.00   632.00   +332.50  +111.02%
       6               6  6426      統新                   96.50         13.00    54.54%    161.50   173.50   160.00   173.50      270.00   274.00   251.00   269.50    +96.00   +55.33%
       7               7  3008      大立光                4355.00       1290.00    51.90%   4030.00  4355.00  4010.00  4355.00     7205.00  7450.00  6880.00  7400.00  +3045.00   +69.92%
       8               8  3532      台勝科                 226.00         78.00    51.00%    284.00   291.50   284.00   291.50      392.00   406.50   385.00   399.00   +107.50   +36.88%
       9               9  3055      蔚華科                  54.50         11.00    48.61%     98.20   102.00    95.70   102.00      133.00   136.00   128.00   132.50    +30.50   +29.90%
      10              12  2351      順德                   74.50          0.00    46.50%    156.50   168.00   155.00   165.50      230.00   239.50   226.50   239.50    +74.00   +44.71%
      11            1373  6949      沛爾生醫-創              540.00         59.00    46.12%    841.00   884.00   821.00   874.00          --       --       --       --        --        --
      12              10  6271      同欣電                  62.50          0.00    40.62%    168.00   179.50   166.00   179.50      227.50   237.00   227.50   237.00    +57.50   +32.03%
      13              14  2301      光寶科                 135.00         28.50    40.45%    233.50   252.00   233.00   252.00      308.00   316.00   302.00   308.00    +56.00   +22.22%
      14              13  3450      聯鈞                  387.00        230.00    39.51%    418.00   444.50   411.00   432.00      574.00   585.00   554.00   580.00   +148.00   +34.26%
      15              15  3026      禾伸堂                 538.50        312.00    37.41%    479.50   505.00   479.50   498.00      692.00   701.00   683.00   701.00   +203.00   +40.76%
      16              26  2492      華新科                 185.00         96.50    37.34%    251.00   263.00   243.50   259.50      282.50   298.50   282.50   298.50    +39.00   +15.03%
      17              11  3653      健策                 3390.00       1475.00    35.91%   3710.00  4145.00  3710.00  4145.00     5835.00  5995.00  5725.00  5875.00  +1730.00   +41.74%
      18              16  5292      華懋                   40.50         15.50    35.90%    159.00   164.00   159.00   163.00      215.50   223.00   215.50   220.50    +57.50   +35.28%
      19              19  3605      宏致                   23.50         36.50    33.60%     83.00    92.60    82.70    92.60      118.50   124.50   113.50   118.00    +25.40   +27.43%
      20              18  4977      眾達-KY                74.00          0.00    32.92%    125.50   132.50   125.00   131.00      177.00   185.00   172.00   185.00    +54.00   +41.22%
      21              27  3017      奇鋐                 1610.00        630.00    32.55%   2595.00  2675.00  2560.00  2600.00     3465.00  3570.00  3410.00  3570.00   +970.00   +37.31%
      22              17  6924      榮惠-KY創               20.00          0.00    32.37%    101.50   110.00   101.50   108.50      113.00   123.00   112.50   123.00    +14.50   +13.36%
      23              25  2421      建準                   43.50          0.00    31.95%    134.00   137.50   133.50   135.50      168.50   179.00   166.00   178.00    +42.50   +31.37%
      24              20  6141      柏承                    0.00          0.00    31.95%     30.40    33.40    30.15    33.40       54.00    54.00    50.60    52.50    +19.10   +57.19%
      25              28  6672      騰輝電子-KY              83.50         34.50    31.92%    211.00   221.00   210.50   218.50      289.00   289.00   278.00   289.00    +70.50   +32.27%
      26              30  9110      越南控-DR                0.00          0.00    31.21%      3.25     3.43     3.25     3.43        2.87     3.00     2.82     3.00     -0.43   -12.54%
      27              23  6278      台表科                  48.50          0.00    31.15%    144.00   153.00   143.50   153.00      196.00   202.00   194.00   200.00    +47.00   +30.72%
      28              24  2464      盟立                   53.50         42.00    30.93%    147.00   162.00   147.00   162.00      223.50   224.00   203.00   211.00    +49.00   +30.25%
      29              29  2033      佳大                    0.00          0.00    28.90%     15.20    15.75    15.20    15.75       25.15    26.65    24.45    26.05    +10.30   +65.40%
      30              22  2059      川湖                 7690.00       2000.00    28.81%   8720.00  9495.00  8720.00  9495.00    13890.00 14050.00 13150.00 13860.00  +4365.00   +45.97%
      31              32  1709      和益                    0.00          0.00    28.46%     22.95    25.20    22.65    25.20       34.10    34.90    33.80    34.00     +8.80   +34.92%
      32              33  7610      聯友金屬-創             1340.00        695.00    28.43%   1450.00  1450.00  1450.00  1450.00     1820.00  1820.00  1820.00  1820.00   +370.00   +25.52%
      33              40  6805      富世達                1215.00        665.00    28.21%   1490.00  1615.00  1490.00  1590.00     2150.00  2200.00  2080.00  2200.00   +610.00   +38.36%
      34              36  8103      瀚荃                   20.50          0.00    28.14%     73.90    75.70    73.00    75.70      123.00   126.00   118.50   122.50    +46.80   +61.82%
      35              21  6781      AES-KY              416.00        285.00    27.74%    958.00  1030.00   956.00  1010.00     1085.00  1115.00  1075.00  1115.00   +105.00   +10.40%
      36              34  2357      華碩                  370.00        145.00    27.46%    781.00   816.00   781.00   806.00      988.00  1030.00   986.00  1025.00   +219.00   +27.17%
      37              48  3090      日電貿                  54.00          0.00    27.07%    137.50   148.00   133.50   144.00      167.50   177.00   167.50   176.50    +32.50   +22.57%
      38              39  911608    明輝-DR                 0.00          0.00    26.98%      2.80     2.80     2.80     2.80        2.62     2.71     2.60     2.70     -0.10    -3.57%
      39              41  8996      高力                  815.00        525.00    26.90%   1000.00  1030.00   990.00  1030.00     1255.00  1300.00  1170.00  1300.00   +270.00   +26.21%
      40              46  2321      東訊                    0.00          0.00    25.81%     14.55    16.10    14.55    15.00       14.50    14.50    14.50    14.50     -0.50    -3.33%
==========================================================================================================================================================================
✅ 共 40 筆


══════════════════════════════════════════════════════════════════════════════════════════════════════════════
  🔄 第 19/21 次  2026/08/03 ～ 2026/09/03
══════════════════════════════════════════════════════════════════════════════════════════════════════════════

==========================================================================================================================================================================
📊 動能效率優先權分數排名 (2026/08/03 ~ 2026/09/03)
==========================================================================================================================================================================
    實資排名          累計天數排名  代號        名稱                 累計漲停(元)       累計跌停(元)       強度%  (08/03)開盤      最高      最低      收盤    (09/03)開盤      最高      最低      收盤      賺賠    賺賠率
--------------------------------------------------------------------------------------------------------------------------------------------------------------------------
       1               1  3406      玉晶光                 571.00        101.00   100.00%    471.00   494.50   466.00   488.00     1060.00  1070.00   990.00   991.00   +503.00  +103.07%
       2               3  7788      松川精密                146.00         11.50    89.23%    187.50   200.00   185.00   192.50      330.00   332.00   297.50   315.00   +122.50   +63.64%
       3               2  6213      聯茂                  284.00        122.50    86.56%    289.00   289.00   285.00   289.00      550.00   552.00   509.00   512.00   +223.00   +77.16%
       4               4  6933      AMAX-KY             166.50         29.00    67.63%    147.00   162.00   144.50   154.00      316.00   322.00   301.50   302.00   +148.00   +96.10%
       5               5  2351      順德                   69.00          0.00    58.88%    142.50   159.50   142.50   156.50      234.00   235.00   222.00   223.00    +66.50   +42.49%
       6            1363  6949      沛爾生醫-創              588.00         59.00    58.71%    800.00   856.00   799.00   844.00          --       --       --       --        --        --
       7               6  6426      統新                   96.50         13.00    57.90%    150.50   165.00   150.50   158.00      260.50   274.00   249.00   265.50   +107.50   +68.04%
       8              12  7711      永擎                  366.00         76.50    55.57%    292.00   300.00   289.50   293.50      617.00   617.00   575.00   575.00   +281.50   +95.91%
       9              11  3532      台勝科                 208.00         78.00    52.40%    254.00   276.00   254.00   265.00      391.00   402.00   376.00   381.00   +116.00   +43.77%
      10               9  3055      蔚華科                  54.50         11.00    52.34%     87.80    95.00    87.80    93.10      143.00   144.50   130.50   131.00    +37.90   +40.71%
      11               7  3450      聯鈞                  398.00        230.00    49.92%    383.00   409.00   382.00   409.00      598.00   606.00   554.00   554.00   +145.00   +35.45%
      12               8  2464      盟立                   66.50         31.00    49.30%    134.50   147.50   134.00   147.50      215.00   222.00   214.00   222.00    +74.50   +50.51%
      13              13  3026      禾伸堂                 485.00        312.00    49.09%    430.00   480.00   430.00   459.50      691.00   699.00   632.00   638.00   +178.50   +38.85%
      14              23  2492      華新科                 179.50         96.50    45.46%    226.50   239.50   226.50   239.50      295.50   296.00   270.00   271.50    +32.00   +13.36%
      15              19  2301      光寶科                 155.50         28.50    45.07%    229.50   229.50   229.50   229.50      321.50   325.50   296.50   299.00    +69.50   +30.28%
      16              10  3653      健策                 3455.00       1475.00    44.55%   3695.00  3785.00  3655.00  3770.00     5770.00  5820.00  5590.00  5615.00  +1845.00   +48.94%
      17              14  6672      騰輝電子-KY              71.00         34.50    43.27%    198.00   215.00   196.50   211.50      274.00   276.00   261.50   263.00    +51.50   +24.35%
      18              20  3017      奇鋐                 1570.00        630.00    40.57%   2400.00  2550.00  2400.00  2550.00     3395.00  3525.00  3290.00  3300.00   +750.00   +29.41%
      19              32  3008      大立光                4105.00       1365.00    40.26%   3970.00  4030.00  3910.00  3960.00     7770.00  7825.00  7090.00  7150.00  +3190.00   +80.56%
      20              26  6533      晶心科                  50.00          0.00    38.47%    222.00   241.00   222.00   231.50      264.00   273.50   263.50   264.00    +32.50   +14.04%
      21              16  6805      富世達                1230.00        665.00    37.47%   1340.00  1485.00  1340.00  1470.00     2130.00  2170.00  2030.00  2095.00   +625.00   +42.52%
      22              30  3605      宏致                   23.50         36.50    37.00%     78.60    86.50    78.10    84.20      128.00   129.50   114.50   114.50    +30.30   +35.99%
      23              21  2059      川湖                 8065.00       2000.00    36.70%   8380.00  8635.00  8165.00  8635.00    13935.00 14195.00 13255.00 13450.00  +4815.00   +55.76%
      24              31  6271      同欣電                  41.00          0.00    36.41%    158.00   169.00   157.00   168.00      225.00   227.00   215.00   215.50    +47.50   +28.27%
      25              17  6781      AES-KY              409.00        285.00    36.33%    912.00   983.00   905.00   964.00     1120.00  1130.00  1055.00  1060.00    +96.00    +9.96%
      26              22  4576      大銀微系統                71.50         26.00    36.02%    176.00   198.50   176.00   197.00      250.00   251.50   229.50   231.00    +34.00   +17.26%
      27              41  5292      華懋                   40.50         15.50    35.82%    159.50   166.00   155.50   161.00      229.50   232.00   218.00   219.00    +58.00   +36.02%
      28              18  2313      華通                   71.00         25.00    34.70%    170.00   185.50   169.50   185.50      250.50   255.00   236.00   236.00    +50.50   +27.22%
      29              25  6491      晶碩                   91.50         13.50    34.54%    336.00   356.00   331.00   356.00      396.00   396.00   380.00   380.50    +24.50    +6.88%
      30              27  2481      強茂                   25.00          0.00    34.52%    117.00   129.00   116.50   129.00      151.00   162.50   150.50   156.00    +27.00   +20.93%
      31              37  8996      高力                  785.00        525.00    34.13%    889.00   940.00   888.00   940.00     1285.00  1310.00  1185.00  1185.00   +245.00   +26.06%
      32              40  6141      柏承                    0.00          0.00    34.00%     30.10    31.30    29.05    30.40       55.00    56.20    51.50    51.70    +21.30   +70.07%
      33              49  7610      聯友金屬-創             1295.00        695.00    33.21%   1320.00  1320.00  1320.00  1320.00     1540.00  1670.00  1540.00  1655.00   +335.00   +25.38%
      34              28  6442      光聖                  820.00        380.00    32.40%   1175.00  1270.00  1175.00  1270.00     1840.00  1920.00  1770.00  1770.00   +500.00   +39.37%
      35              33  1590      亞德客-KY              375.00        320.00    31.88%   1325.00  1435.00  1305.00  1415.00     1395.00  1410.00  1370.00  1375.00    -40.00    -2.83%
      36              39  6451      訊芯-KY               273.50        204.00    31.66%    338.00   375.00   338.00   374.50      505.00   505.00   450.00   450.00    +75.50   +20.16%
      37              42  6278      台表科                  48.50          0.00    31.14%    137.00   149.50   137.00   145.50      202.50   202.50   191.50   191.50    +46.00   +31.62%
      38              15  8039      台虹                  204.00         89.00    30.47%    170.50   190.50   168.50   190.50      316.00   318.50   291.00   293.00   +102.50   +53.81%
      39              36  6830      汎銓                  312.50        105.50    30.36%    353.00   380.50   348.50   380.50      615.00   641.00   582.00   590.00   +209.50   +55.06%
      40              50  8103      瀚荃                   20.50          0.00    30.32%     71.60    75.30    71.60    73.90      122.00   123.00   118.00   121.00    +47.10   +63.73%
==========================================================================================================================================================================
✅ 共 40 筆


══════════════════════════════════════════════════════════════════════════════════════════════════════════════
  🔄 第 20/21 次  2026/07/31 ～ 2026/09/02
══════════════════════════════════════════════════════════════════════════════════════════════════════════════

==========================================================================================================================================================================
📊 動能效率優先權分數排名 (2026/07/31 ~ 2026/09/02)
==========================================================================================================================================================================
    實資排名          累計天數排名  代號        名稱                 累計漲停(元)       累計跌停(元)       強度%  (07/31)開盤      最高      最低      收盤    (09/02)開盤      最高      最低      收盤      賺賠    賺賠率
--------------------------------------------------------------------------------------------------------------------------------------------------------------------------
       1               1  3406      玉晶光                 604.50         42.00   100.00%    480.00   485.00   471.00   481.00      970.00  1070.00   970.00  1050.00   +569.00  +118.30%
       2               2  7788      松川精密                162.00         11.50    92.69%    190.50   190.50   183.00   189.50      315.50   322.00   312.50   316.00   +126.50   +66.75%
       3               3  6213      聯茂                  307.50         98.50    85.52%    263.00   263.00   263.00   263.00      545.00   566.00   532.00   536.00   +273.00  +103.80%
       4               4  6933      AMAX-KY             179.00          0.00    72.42%    150.00   151.00   143.50   150.00      314.50   331.00   309.00   331.00   +181.00  +120.67%
       5               5  2351      順德                   81.00          0.00    68.28%    146.50   146.50   141.00   145.50      227.00   236.00   222.00   229.00    +83.50   +57.39%
       6               6  7711      永擎                  381.00         41.50    55.60%    291.00   293.00   287.00   292.50      570.00   625.00   567.00   610.00   +317.50  +108.55%
       7               8  6426      統新                  110.00         13.00    54.39%    151.00   151.00   148.00   151.00      275.00   285.00   257.00   257.00   +106.00   +70.20%
       8               7  3450      聯鈞                  431.50        182.00    50.26%    372.00   372.00   364.50   372.00      619.00   626.00   601.00   602.00   +230.00   +61.83%
       9               9  2464      盟立                   58.50         31.00    48.33%    134.50   134.50   131.50   134.50      181.50   202.00   181.50   202.00    +67.50   +50.19%
      10              22  3026      禾伸堂                 507.50        264.00    48.13%    470.00   470.00   416.50   450.00      718.00   743.00   686.00   686.00   +236.00   +52.44%
      11              14  2301      光寶科                 174.50         12.50    47.19%    209.00   209.00   209.00   209.00      297.00   328.00   296.50   315.00   +106.00   +50.72%
      12              18  3055      蔚華科                  54.50          0.00    46.56%    102.50   102.50    88.10    90.40      127.00   142.00   127.00   142.00    +51.60   +57.08%
      13              23  2492      華新科                 199.00         75.00    46.11%    218.00   218.00   218.00   218.00      296.00   302.50   291.00   293.00    +75.00   +34.40%
      14              10  6672      騰輝電子-KY              88.00         34.50    45.59%    195.00   199.00   191.00   198.00      275.50   283.00   271.00   272.00    +74.00   +37.37%
      15            1328  6949      沛爾生醫-創              588.00         59.00    45.53%    866.00   866.00   778.00   796.00          --       --       --       --        --        --
      16              11  3653      健策                 3765.00       1320.00    43.39%   3440.00  3445.00  3330.00  3445.00     5755.00  5850.00  5660.00  5770.00  +2325.00   +67.49%
      17              21  6271      同欣電                  52.00          0.00    42.49%    163.50   163.50   155.00   160.00      225.50   231.00   222.00   223.00    +63.00   +39.38%
      18              13  4576      大銀微系統                87.50         15.00    41.74%    178.00   180.50   174.00   180.50      229.00   252.00   227.50   242.00    +61.50   +34.07%
      19              20  3008      大立光                4425.00        705.00    41.38%   4000.00  4080.00  3880.00  4035.00     7470.00  7955.00  7460.00  7810.00  +3775.00   +93.56%
      20              38  3532      台勝科                 208.00         78.00    40.99%    305.00   305.00   269.50   271.50      401.00   405.00   386.00   386.00   +114.50   +42.17%
      21              16  6533      晶心科                  70.00          0.00    40.66%    213.00   222.00   212.00   222.00      260.00   266.50   256.00   263.50    +41.50   +18.69%
      22              15  6278      台表科                  58.00          0.00    39.82%    139.50   143.00   134.50   140.00      199.00   203.00   198.50   199.50    +59.50   +42.50%
      23              24  3017      奇鋐                 1780.00        620.00    39.27%   2320.00  2320.00  2275.00  2320.00     3365.00  3490.00  3280.00  3310.00   +990.00   +42.67%
      24              17  2313      華通                   86.00         12.00    37.85%    168.50   169.00   166.50   169.00      249.50   257.00   246.00   249.00    +80.00   +47.34%
      25              49  2486      一詮                   98.00          0.00    37.70%    188.00   188.00   181.00   188.00      272.00   288.00   270.50   288.00   +100.00   +53.19%
      26              19  6781      AES-KY              483.00        230.00    37.27%    904.00   924.00   901.00   916.00     1145.00  1170.00  1115.00  1115.00   +199.00   +21.72%
      27              27  6805      富世達                1350.00        650.00    36.28%   1350.00  1350.00  1335.00  1350.00     2240.00  2240.00  2110.00  2110.00   +760.00   +56.30%
      28              25  2059      川湖                 8775.00       1585.00    36.23%   7850.00  7850.00  7760.00  7850.00    14220.00 14220.00 13600.00 13865.00  +6015.00   +76.62%
      29              30  8996      高力                  862.00        445.00    34.71%    855.00   855.00   855.00   855.00     1165.00  1285.00  1155.00  1265.00   +410.00   +47.95%
      30              12  8039      台虹                  219.50         68.50    34.34%    171.00   173.50   163.00   173.50      319.00   325.00   311.00   313.50   +140.00   +80.69%
      31              45  6451      訊芯-KY               292.50        154.00    32.28%    354.00   354.00   335.00   341.00      453.00   500.00   447.50   500.00   +159.00   +46.63%
      32              28  6442      光聖                  925.00        355.00    32.12%   1155.00  1155.00  1120.00  1155.00     1645.00  1795.00  1640.00  1795.00   +640.00   +55.41%
      33              37  2421      建準                   40.50          0.00    31.58%    127.00   132.00   127.00   131.00      175.00   178.50   166.00   168.00    +37.00   +28.24%
      34              41  5292      華懋                   40.50          0.00    31.27%    155.00   160.00   153.50   156.00      237.00   239.00   227.00   234.50    +78.50   +50.32%
      35              31  2049      上銀                  119.00         50.00    31.19%    303.50   310.50   302.50   304.50      359.00   369.50   352.00   352.00    +47.50   +15.60%
      36              35  6491      晶碩                   91.50          0.00    31.01%    329.00   341.00   324.00   324.00      399.00   399.50   390.00   394.00    +70.00   +21.60%
      37              40  4977      眾達-KY                72.00          0.00    30.86%    116.00   117.00   112.00   117.00      176.00   189.50   175.50   176.50    +59.50   +50.85%
      38              42  2481      強茂                   35.50          0.00    30.66%    117.50   117.50   112.50   117.50      153.50   157.00   148.00   148.00    +30.50   +25.96%
      39              48  3006      晶豪科                 161.50         39.00    30.62%    180.00   180.00   180.00   180.00      276.00   284.50   271.00   281.50   +101.50   +56.39%
      40              53  3605      宏致                   23.50         24.00    30.55%     84.20    85.20    77.50    79.00      123.50   134.00   120.00   127.00    +48.00   +60.76%
==========================================================================================================================================================================
✅ 共 40 筆


══════════════════════════════════════════════════════════════════════════════════════════════════════════════
  🔄 第 21/21 次  2026/07/30 ～ 2026/09/01
══════════════════════════════════════════════════════════════════════════════════════════════════════════════

==========================================================================================================================================================================
📊 動能效率優先權分數排名 (2026/07/30 ~ 2026/09/01)
==========================================================================================================================================================================
    實資排名          累計天數排名  代號        名稱                 累計漲停(元)       累計跌停(元)       強度%  (07/30)開盤      最高      最低      收盤    (09/01)開盤      最高      最低      收盤      賺賠    賺賠率
--------------------------------------------------------------------------------------------------------------------------------------------------------------------------
       1               1  2351      順德                   81.00          0.00   100.00%    124.00   142.50   124.00   133.50      229.00   231.00   221.00   226.00    +92.50   +69.29%
       2               2  3406      玉晶光                 559.50         61.00    86.54%    459.50   474.00   442.00   447.50     1005.00  1090.00   993.00  1005.00   +557.50  +124.58%
       3              10  7788      松川精密                162.00         24.00    71.46%    184.50   188.50   171.50   173.50      321.00   323.00   302.50   320.50   +147.00   +84.73%
       4               4  6213      聯茂                  307.50         94.00    71.34%    239.00   266.00   237.00   239.50      550.00   575.00   545.00   550.00   +310.50  +129.65%
       5               5  3017      奇鋐                 1795.00        520.00    68.53%   2055.00  2200.00  2030.00  2110.00     3435.00  3465.00  3350.00  3410.00  +1300.00   +61.61%
       6               3  6672      騰輝電子-KY              88.00         34.50    68.28%    179.50   193.00   178.00   181.00      276.50   282.50   274.00   278.50    +97.50   +53.87%
       7               6  7711      永擎                  346.00         41.50    68.00%    279.50   284.00   273.00   277.50      535.00   580.00   533.00   575.00   +297.50  +107.21%
       8               8  6271      同欣電                  52.00          0.00    65.29%    146.50   154.50   142.00   149.00      214.50   233.00   214.50   231.00    +82.00   +55.03%
       9               7  2464      盟立                   58.50         31.00    63.27%    121.00   135.00   118.50   122.50      183.50   188.00   177.00   184.50    +62.00   +50.61%
      10              11  6533      晶心科                  70.00          0.00    57.81%    197.50   211.50   194.50   202.00      273.00   282.50   251.00   262.50    +60.50   +29.95%
      11               9  6278      台表科                  58.00          0.00    56.87%    134.00   140.50   128.00   130.50      202.00   204.00   198.00   200.00    +69.50   +53.26%
      12              16  2301      光寶科                 160.00         12.50    56.23%    185.00   198.00   179.00   190.00      305.50   307.00   299.00   300.50   +110.50   +58.16%
      13              12  2059      川湖                 8775.00       1300.00    55.59%   7035.00  7410.00  6840.00  7140.00    14010.00 14740.00 14005.00 14150.00  +7010.00   +98.18%
      14              19  6426      統新                  110.00         24.00    54.41%    147.50   152.00   135.50   137.50      260.50   272.50   257.00   270.00   +132.50   +96.36%
      15              13  3450      聯鈞                  431.50        185.00    54.41%    345.50   377.00   330.00   338.50      648.00   653.00   620.00   625.00   +286.50   +84.64%
      16              18  2421      建準                   40.50          0.00    52.38%    123.50   126.00   119.50   120.50      182.00   184.00   175.00   177.00    +56.50   +46.89%
      17              23  2481      強茂                   35.50          0.00    51.39%    107.00   115.00   105.50   107.00      151.00   160.50   149.50   157.00    +50.00   +46.73%
      18              14  6491      晶碩                   91.50          0.00    49.57%    317.50   324.00   314.00   321.50      392.00   409.50   388.00   396.50    +75.00   +23.33%
      19              24  6933      AMAX-KY             162.50         10.50    48.64%    146.50   148.50   135.00   137.50      296.00   314.50   296.00   314.50   +177.00  +128.73%
      20              32  3532      台勝科                 208.00         92.50    48.13%    277.50   294.00   277.50   277.50      378.00   408.50   378.00   402.00   +124.50   +44.86%
      21            1286  6949      沛爾生醫-創              588.00         71.00    48.02%    796.00   840.00   757.00   790.00          --       --       --       --        --        --
      22              21  3008      大立光                4195.00        840.00    47.62%   3865.00  4030.00  3670.00  3715.00     7655.00  7995.00  7565.00  7580.00  +3865.00  +104.04%
      23              29  3026      禾伸堂                 507.50        266.00    47.02%    427.50   442.00   427.50   427.50      769.00   795.00   730.00   731.00   +303.50   +70.99%
      24              20  6141      柏承                    0.00          0.00    46.81%     27.70    31.05    27.70    29.25       58.90    59.90    57.20    58.00    +28.75   +98.29%
      25              22  2049      上銀                  119.00         50.00    45.84%    294.00   299.00   279.00   283.00      349.00   366.00   346.50   359.00    +76.00   +26.86%
      26              25  5292      華懋                   40.50          0.00    44.79%    162.00   162.00   151.00   151.00      219.50   241.00   219.00   241.00    +90.00   +59.60%
      27              15  3653      健策                 3765.00       1380.00    44.10%   3150.00  3330.00  3100.00  3135.00     6075.00  6095.00  5820.00  5885.00  +2750.00   +87.72%
      28              49  2492      華新科                 199.00         87.50    43.92%    204.00   220.50   198.50   198.50      295.50   317.00   294.00   302.50   +104.00   +52.39%
      29              34  4977      眾達-KY                72.00          0.00    43.19%    111.00   114.00   105.00   106.50      179.50   184.50   178.00   178.50    +72.00   +67.61%
      30              45  2368      金像電                 672.00        173.00    42.94%    717.00   779.00   705.00   721.00     1175.00  1245.00  1155.00  1225.00   +504.00   +69.90%
      31              17  3037      欣興                  548.00        307.00    42.79%    670.00   756.00   653.00   716.00      921.00   994.00   911.00   971.00   +255.00   +35.61%
      32              43  3006      晶豪科                 161.50         39.00    42.37%    166.00   177.00   161.00   164.00      298.50   299.00   276.00   278.50   +114.50   +69.82%
      33              63  3605      宏致                   23.50         24.00    42.22%     82.00    83.40    77.50    78.30      128.50   132.00   125.50   125.50    +47.20   +60.28%
      34              61  6805      富世達                1350.00        510.00    41.00%   1240.00  1295.00  1205.00  1230.00     2305.00  2320.00  2130.00  2285.00  +1055.00   +85.77%
      35              27  2449      京元電子                 99.50         25.50    40.96%    196.00   220.50   195.00   203.50      260.00   281.50   259.00   279.00    +75.50   +37.10%
      36              30  3443      創意                 3420.00       1260.00    40.93%   3175.00  3620.00  3175.00  3460.00     6490.00  6490.00  5925.00  5995.00  +2535.00   +73.27%
      37              31  9110      越南控-DR                0.00          0.00    40.35%      3.01     3.15     3.00     3.15        2.86     3.00     2.86     3.00     -0.15    -4.76%
      38              46  2395      研華                  235.00         63.00    40.29%    553.00   555.00   535.00   547.00      689.00   715.00   679.00   711.00   +164.00   +29.98%
      39              38  4722      國精化                  84.50         28.50    40.27%    151.00   168.00   151.00   160.50      208.50   217.50   207.50   208.00    +47.50   +29.60%
      40              42  8103      瀚荃                   20.50          0.00    39.60%     68.50    70.70    66.30    67.70      120.50   127.50   116.50   126.50    +58.80   +86.85%
==========================================================================================================================================================================
✅ 共 40 筆
