date,code,name,trade_volume,trade_value,open_price,high_price,low_price,close_price,change,transaction_count,foreign_inv,inv_trust,dealer,m_bband,m_bband_EMA,m_bband_MA,m_cdp,m_ma,m_pbr,m_pbl,m_per,m_sar,m_tcls,s_dmi,s_kdj,s_macd,s_rsi,s_vol,s_2560,s_p,s_foring,s_trust,s_ema,s_ar,s_BandWidth,s_bb_persent_b,S_bbi,s_bias,s_br,s_cci,s_eom,s_kd,s_mtm,s_nvi,s_obv,s_psy,s_pvi,s_roc,s_tower,s_vao,s_vr,s_wc,s_wr,c_borrow_balance,c_price_coupon,c_day_trade_vol,c_stock_day_trade,c_stock_day_trade_ratio,c_margin_day_trade,c_margin_day_trade_ratio,c_open_interest,c_futures_institutional_holdings,c_big_holder_ratio,c_retail_holder_ratio,c_insider_holder_ratio,c_main_force_buy_sell,c_retail_buy_sell,c_buy_sell_diff,c_add_choice_count,c_del_choice_count,c_adl,c_adr,f_month_rev,f_rev_month_growth,f_rev_year_growth
20260728,1536,和大,2565479,122922917,49.25,49.25,47.2,47.65,-2.1,1892,"-620,122",0,0,"{""upper"": 55.77, ""middle"": 51.0, ""lower"": 46.24}","{""upper"": 55.77, ""middle"": 51.0, ""lower"": 46.24}","{""upper"": 55.77, ""middle"": 51.0, ""lower"": 46.24}","{""cdp"": 49.92, ""ah"": 51.92, ""nh"": 50.75, ""nl"": 48.75, ""al"": 47.92}","{""ma5"": 50.44, ""ma10"": 50.74, ""ma20"": 51.0, ""ma60"": 51.02}","{""current_price"": 47.65, ""pb_high"": 106.13, ""pb_mid_high"": 79.6, ""pb_fair"": 53.07, ""pb_mid_low"": 42.45, ""pb_low"": 26.53}",26.53,"{""current_price"": 47.65, ""pe_high"": 76.53, ""pe_mid_high"": 61.22, ""pe_fair"": 51.02, ""pe_mid_low"": 40.82, ""pe_low"": 30.61}",53.47,"{""line1"": 55.21, ""line2"": 52.75, ""line3"": 50.2, ""line4"": 49.26, ""line5"": 47.14}","{""pdi"": 23.33, ""mdi"": 31.32, ""adx"": 14.63}","{""k"": 25.61, ""d"": 34.02, ""j"": 8.81}","{""dif"": -0.14, ""dem"": 0.23, ""osc"": -0.74, ""mac"": -0.74}","{""rsi6"": 39.22, ""rsi12"": 26.37, ""rsi24"": 44.22}","{""current"": 2565479.0, ""ma5"": 1875722.0, ""ma10"": 2201195.0}",,-620122,-620122,0,"{""ema12"": 50.53, ""ema26"": 50.66, ""ema50"": 50.94}",95.82,0.1868,0.1481,50.45,"{""bias5"": -5.53, ""bias10"": -6.1, ""bias20"": -6.57}",111.19,-136.03,-149.8258,"{""k"": 25.61, ""d"": 34.02}",-7.35,923.73,16790211,25,1113.24,-13.36,5.45,15247699,145.28,47.94,-95.5,,,,,,,,,,,,,-620122,620122,-620122,,,-2,0.29,,,
20260729,1536,和大,4010088,184481634,48,48.4,44.8,45.8,-1.85,2783,"-1,322,319",0,0,"{""upper"": 55.99, ""middle"": 50.91, ""lower"": 45.84}","{""upper"": 55.99, ""middle"": 50.91, ""lower"": 45.84}","{""upper"": 55.99, ""middle"": 50.91, ""lower"": 45.84}","{""cdp"": 47.94, ""ah"": 49.99, ""nh"": 48.67, ""nl"": 46.62, ""al"": 45.89}","{""ma5"": 49.14, ""ma10"": 50.01, ""ma20"": 50.91, ""ma60"": 50.92}","{""current_price"": 45.8, ""pb_high"": 105.86, ""pb_mid_high"": 79.39, ""pb_fair"": 52.93, ""pb_mid_low"": 42.34, ""pb_low"": 26.46}",26.46,"{""current_price"": 45.8, ""pe_high"": 76.39, ""pe_mid_high"": 61.11, ""pe_fair"": 50.92, ""pe_mid_low"": 40.74, ""pe_low"": 30.55}",53.03,"{""line1"": 55.38, ""line2"": 52.69, ""line3"": 50.05, ""line4"": 49.03, ""line5"": 46.8}","{""pdi"": 22.33, ""mdi"": 32.5, ""adx"": 18.54}","{""k"": 20.86, ""d"": 29.63, ""j"": 3.33}","{""dif"": -0.51, ""dem"": 0.08, ""osc"": -1.18, ""mac"": -1.18}","{""rsi6"": 21.69, ""rsi12"": 18.4, ""rsi24"": 45.21}","{""current"": 4010088.0, ""ma5"": 2127122.0, ""ma10"": 2199857.0}",,-1322319,-1322319,0,"{""ema12"": 49.8, ""ema26"": 50.31, ""ema50"": 50.68}",87.33,0.1994,-0.0037,49.58,"{""bias5"": -6.8, ""bias10"": -8.41, ""bias20"": -10.04}",103.44,-163.83,-145.8821,"{""k"": 20.86, ""d"": 29.63}",-10.3,961.04,11585676,16.67,1134.82,-18.36,8.06,11237611,135.6,46.2,-91.94,,,,,,,,,,,,,-1322319,1322319,-1322319,,,-4,0.29,,,
20260730,1536,和大,1674355,76127825,45.5,46.5,44.9,45,-0.8,1351,"-378,948",0,0,"{""upper"": 56.31, ""middle"": 50.78, ""lower"": 45.24}","{""upper"": 56.31, ""middle"": 50.78, ""lower"": 45.24}","{""upper"": 56.31, ""middle"": 50.78, ""lower"": 45.24}","{""cdp"": 46.2, ""ah"": 49.8, ""nh"": 47.6, ""nl"": 44.0, ""al"": 42.6}","{""ma5"": 47.82, ""ma10"": 49.23, ""ma20"": 50.78, ""ma60"": 50.76}","{""current_price"": 45.0, ""pb_high"": 105.55, ""pb_mid_high"": 79.16, ""pb_fair"": 52.78, ""pb_mid_low"": 42.22, ""pb_low"": 26.39}",26.39,"{""current_price"": 45.0, ""pe_high"": 76.14, ""pe_mid_high"": 60.91, ""pe_fair"": 50.76, ""pe_mid_low"": 40.61, ""pe_low"": 30.45}",51.86,"{""line1"": 55.59, ""line2"": 52.68, ""line3"": 49.9, ""line4"": 48.56, ""line5"": 46.18}","{""pdi"": 14.27, ""mdi"": 35.53, ""adx"": 42.7}","{""k"": 14.67, ""d"": 24.64, ""j"": -5.29}","{""dif"": -0.86, ""dem"": -0.11, ""osc"": -1.5, ""mac"": -1.5}","{""rsi6"": 0.0, ""rsi12"": 21.13, ""rsi24"": 44.61}","{""current"": 1674355.0, ""ma5"": 2163489.0, ""ma10"": 2162114.0}",,-378948,-378948,0,"{""ema12"": 49.05, ""ema26"": 49.91, ""ema50"": 50.39}",80.49,0.2179,-0.0221,48.68,"{""bias5"": -5.9, ""bias10"": -8.58, ""bias20"": -11.38}",92.8,-154.63,-86.0033,"{""k"": 14.67, ""d"": 24.64}",-8.2,940.84,8810400,16.67,1155,-15.41,1.61,8734307,119.78,45.35,-98.39,,,,,,,,,,,,,-378948,378948,-378948,,,-6,0.29,,,
20260731,1536,和大,1249004,58314863,46.5,47.4,46.3,46.65,1.65,1004,"-115,338",0,0,"{""upper"": 56.4, ""middle"": 50.72, ""lower"": 45.04}","{""upper"": 56.4, ""middle"": 50.72, ""lower"": 45.04}","{""upper"": 56.4, ""middle"": 50.72, ""lower"": 45.04}","{""cdp"": 45.35, ""ah"": 46.95, ""nh"": 45.8, ""nl"": 44.2, ""al"": 43.75}","{""ma5"": 46.97, ""ma10"": 48.95, ""ma20"": 50.72, ""ma60"": 50.59}","{""current_price"": 46.65, ""pb_high"": 105.26, ""pb_mid_high"": 78.94, ""pb_fair"": 52.63, ""pb_mid_low"": 42.1, ""pb_low"": 26.31}",26.31,"{""current_price"": 46.65, ""pe_high"": 75.89, ""pe_mid_high"": 60.71, ""pe_fair"": 50.59, ""pe_mid_low"": 40.48, ""pe_low"": 30.36}",50.97,"{""line1"": 55.63, ""line2"": 52.65, ""line3"": 49.85, ""line4"": 48.15, ""line5"": 45.72}","{""pdi"": 10.94, ""mdi"": 36.33, ""adx"": 53.71}","{""k"": 16.79, ""d"": 22.02, ""j"": 6.31}","{""dif"": -0.99, ""dem"": -0.28, ""osc"": -1.41, ""mac"": -1.41}","{""rsi6"": 20.0, ""rsi12"": 29.34, ""rsi24"": 47.99}","{""current"": 1249004.0, ""ma5"": 2175491.0, ""ma10"": 1992941.0}",,-115338,-115338,0,"{""ema12"": 48.66, ""ema26"": 49.61, ""ema50"": 50.27}",89.8,0.2239,0.1416,48.24,"{""bias5"": -0.68, ""bias10"": -4.69, ""bias20"": -8.02}",109.92,-103.94,101.2807,"{""k"": 16.79, ""d"": 22.02}",-6.55,940.84,11371406,25,1110.73,-12.31,14.92,11147965,132.13,46.75,-84.45,,,,,,,,,,,,,-115338,115338,-115338,,,-6,0.5,,,
20260803,1536,和大,1710120,82300658,46.25,49.5,46,48.75,2.1,1461,"687,969",0,0,"{""upper"": 56.35, ""middle"": 50.61, ""lower"": 44.87}","{""upper"": 56.35, ""middle"": 50.61, ""lower"": 44.87}","{""upper"": 56.35, ""middle"": 50.61, ""lower"": 44.87}","{""cdp"": 46.75, ""ah"": 47.85, ""nh"": 47.2, ""nl"": 46.1, ""al"": 45.65}","{""ma5"": 46.77, ""ma10"": 48.89, ""ma20"": 50.61, ""ma60"": 50.5}","{""current_price"": 48.75, ""pb_high"": 104.98, ""pb_mid_high"": 78.74, ""pb_fair"": 52.49, ""pb_mid_low"": 41.99, ""pb_low"": 26.25}",26.25,"{""current_price"": 48.75, ""pe_high"": 75.75, ""pe_mid_high"": 60.6, ""pe_fair"": 50.5, ""pe_mid_low"": 40.4, ""pe_low"": 30.3}",44.89,"{""line1"": 55.61, ""line2"": 52.61, ""line3"": 49.83, ""line4"": 48.01, ""line5"": 45.57}","{""pdi"": 17.32, ""mdi"": 32.18, ""adx"": 30.03}","{""k"": 26.15, ""d"": 23.4, ""j"": 31.66}","{""dif"": -0.91, ""dem"": -0.41, ""osc"": -1.0, ""mac"": -1.0}","{""rsi6"": 38.86, ""rsi12"": 38.46, ""rsi24"": 52.29}","{""current"": 1710120.0, ""ma5"": 2241809.0, ""ma10"": 1914357.0}",,687969,687969,0,"{""ema12"": 48.69, ""ema26"": 49.58, ""ema50"": 50.2}",99.17,0.2269,0.3378,48.32,"{""bias5"": 4.23, ""bias10"": -0.29, ""bias20"": -3.68}",118.82,-52.94,184.1976,"{""k"": 26.15, ""d"": 23.4}",-4.05,899.39,14201078,33.33,1110.73,-7.67,31.85,3608073,142.99,48.25,-61.27,,,,,,,,,,,,,687969,-687969,687969,,,-6,0.5,,,
20260804,1536,和大,1562786,77316859,48,51,47.9,50.2,1.45,1176,"272,335",0,0,"{""upper"": 56.1, ""middle"": 50.47, ""lower"": 44.84}","{""upper"": 56.1, ""middle"": 50.47, ""lower"": 44.84}","{""upper"": 56.1, ""middle"": 50.47, ""lower"": 44.84}","{""cdp"": 48.25, ""ah"": 51.75, ""nh"": 50.5, ""nl"": 47.0, ""al"": 44.75}","{""ma5"": 47.28, ""ma10"": 48.86, ""ma20"": 50.47, ""ma60"": 50.41}","{""current_price"": 50.2, ""pb_high"": 104.74, ""pb_mid_high"": 78.55, ""pb_fair"": 52.37, ""pb_mid_low"": 41.9, ""pb_low"": 26.18}",26.18,"{""current_price"": 50.2, ""pe_high"": 75.61, ""pe_mid_high"": 60.49, ""pe_fair"": 50.41, ""pe_mid_low"": 40.33, ""pe_low"": 30.24}",44.92,"{""line1"": 55.59, ""line2"": 52.58, ""line3"": 49.85, ""line4"": 48.02, ""line5"": 45.58}","{""pdi"": 21.58, ""mdi"": 31.51, ""adx"": 18.7}","{""k"": 38.86, ""d"": 28.55, ""j"": 59.48}","{""dif"": -0.72, ""dem"": -0.47, ""osc"": -0.51, ""mac"": -0.51}","{""rsi6"": 52.26, ""rsi12"": 52.4, ""rsi24"": 53.51}","{""current"": 1562786.0, ""ma5"": 2041271.0, ""ma10"": 1958496.0}",,272335,272335,0,"{""ema12"": 48.92, ""ema26"": 49.61, ""ema50"": 50.13}",109.95,0.223,0.4762,48.82,"{""bias5"": 6.18, ""bias10"": 2.74, ""bias20"": -0.53}",123.33,8.72,337.2183,"{""k"": 38.86, ""d"": 28.55}",0.75,952.94,17105462,41.67,1078.65,1.52,43.55,364674,154.12,49.83,-38.64,,,,,,,,,,,,,272335,-272335,272335,,,-4,0.5,,,
20260805,1536,和大,2401693,123492867,51,52.2,50.1,51.6,1.4,1890,"1,230,144",0,0,"{""upper"": 56.13, ""middle"": 50.49, ""lower"": 44.85}","{""upper"": 56.13, ""middle"": 50.49, ""lower"": 44.85}","{""upper"": 56.13, ""middle"": 50.49, ""lower"": 44.85}","{""cdp"": 49.83, ""ah"": 52.93, ""nh"": 51.75, ""nl"": 48.65, ""al"": 46.73}","{""ma5"": 48.44, ""ma10"": 48.79, ""ma20"": 50.49, ""ma60"": 50.37}","{""current_price"": 51.6, ""pb_high"": 104.52, ""pb_mid_high"": 78.39, ""pb_fair"": 52.26, ""pb_mid_low"": 41.81, ""pb_low"": 26.13}",26.13,"{""current_price"": 51.6, ""pe_high"": 75.56, ""pe_mid_high"": 60.45, ""pe_fair"": 50.37, ""pe_mid_low"": 40.3, ""pe_low"": 30.22}",45.05,"{""line1"": 55.61, ""line2"": 52.65, ""line3"": 49.94, ""line4"": 47.82, ""line5"": 45.38}","{""pdi"": 24.68, ""mdi"": 30.78, ""adx"": 11.0}","{""k"": 56.54, ""d"": 37.88, ""j"": 93.85}","{""dif"": -0.46, ""dem"": -0.47, ""osc"": 0.02, ""mac"": 0.02}","{""rsi6"": 71.35, ""rsi12"": 56.8, ""rsi24"": 55.09}","{""current"": 2401693.0, ""ma5"": 1719592.0, ""ma10"": 1923357.0}",,1230144,1230144,0,"{""ema12"": 49.33, ""ema26"": 49.78, ""ema50"": 50.2}",114.6,0.2235,0.5986,49.48,"{""bias5"": 6.52, ""bias10"": 5.76, ""bias20"": 2.2}",133.91,73.96,148.6451,"{""k"": 56.54, ""d"": 37.88}",2.3,927.09,15178725,50,1024.3,4.67,54.84,6355227,171.47,51.38,-22.73,,,,,,,,,,,,,1230144,-1230144,1230144,,,-2,0.8,,,
20260806,1536,和大,1613452,82996166,51.1,52.3,50.5,51,-0.6,1783,"168,294",0,0,"{""upper"": 56.18, ""middle"": 50.54, ""lower"": 44.9}","{""upper"": 56.18, ""middle"": 50.54, ""lower"": 44.9}","{""upper"": 56.18, ""middle"": 50.54, ""lower"": 44.9}","{""cdp"": 51.38, ""ah"": 53.48, ""nh"": 52.65, ""nl"": 50.55, ""al"": 49.27}","{""ma5"": 49.64, ""ma10"": 48.73, ""ma20"": 50.54, ""ma60"": 50.3}","{""current_price"": 51.0, ""pb_high"": 104.32, ""pb_mid_high"": 78.24, ""pb_fair"": 52.16, ""pb_mid_low"": 41.73, ""pb_low"": 26.08}",26.08,"{""current_price"": 51.0, ""pe_high"": 75.45, ""pe_mid_high"": 60.36, ""pe_fair"": 50.3, ""pe_mid_low"": 40.24, ""pe_low"": 30.18}",46.13,"{""line1"": 55.6, ""line2"": 52.67, ""line3"": 49.99, ""line4"": 47.54, ""line5"": 45.1}","{""pdi"": 26.39, ""mdi"": 24.14, ""adx"": 4.45}","{""k"": 65.25, ""d"": 47.0, ""j"": 101.74}","{""dif"": -0.29, ""dem"": -0.43, ""osc"": 0.28, ""mac"": 0.28}","{""rsi6"": 82.5, ""rsi12"": 51.53, ""rsi24"": 54.12}","{""current"": 1613452.0, ""ma5"": 1707411.0, ""ma10"": 1935450.0}",,168294,168294,0,"{""ema12"": 49.65, ""ema26"": 49.9, ""ema50"": 50.24}",116.24,0.2232,0.541,49.93,"{""bias5"": 2.74, ""bias10"": 4.66, ""bias20"": 0.92}",127.69,67.85,27.8905,"{""k"": 65.25, ""d"": 47.0}",0.5,927.09,16518632,41.67,1028.94,0.99,50,6886012,161,51.2,-29.55,,,,,,,,,,,,,168294,-168294,168294,,,-4,0.8,,,
20260807,1536,和大,2683991,140694596,51,53.4,51,51.4,0.4,2490,"1,013,731",0,0,"{""upper"": 55.63, ""middle"": 50.36, ""lower"": 45.08}","{""upper"": 55.63, ""middle"": 50.36, ""lower"": 45.08}","{""upper"": 55.63, ""middle"": 50.36, ""lower"": 45.08}","{""cdp"": 51.2, ""ah"": 53.0, ""nh"": 51.9, ""nl"": 50.1, ""al"": 49.4}","{""ma5"": 50.59, ""ma10"": 48.78, ""ma20"": 50.36, ""ma60"": 50.27}","{""current_price"": 51.4, ""pb_high"": 104.15, ""pb_mid_high"": 78.11, ""pb_fair"": 52.08, ""pb_mid_low"": 41.66, ""pb_low"": 26.04}",26.04,"{""current_price"": 51.4, ""pe_high"": 75.4, ""pe_mid_high"": 60.32, ""pe_fair"": 50.27, ""pe_mid_low"": 40.21, ""pe_low"": 30.16}",46.15,"{""line1"": 55.65, ""line2"": 52.73, ""line3"": 50.03, ""line4"": 47.43, ""line5"": 44.98}","{""pdi"": 30.18, ""mdi"": 20.12, ""adx"": 20.0}","{""k"": 69.08, ""d"": 54.36, ""j"": 98.51}","{""dif"": -0.13, ""dem"": -0.37, ""osc"": 0.49, ""mac"": 0.49}","{""rsi6"": 92.11, ""rsi12"": 46.98, ""rsi24"": 50.69}","{""current"": 2683991.0, ""ma5"": 1994408.0, ""ma10"": 2084950.0}",,1013731,1013731,0,"{""ema12"": 49.96, ""ema26"": 50.02, ""ema50"": 50.26}",123.09,0.2096,0.5988,50.29,"{""bias5"": 1.6, ""bias10"": 5.37, ""bias20"": 2.07}",134.44,80.47,71.5353,"{""k"": 69.08, ""d"": 54.36}",-0.9,919.87,20951517,41.67,1016.25,-1.72,53.23,-4296418,166.33,51.8,-25,,,,,,,,,,,,,1013731,-1013731,1013731,,,-4,1.25,,,
20260810,1536,和大,1521804,78984484,51.7,52.5,51.3,51.6,0.2,1556,"1,013,731",0,0,"{""upper"": 54.75, ""middle"": 50.13, ""lower"": 45.51}","{""upper"": 54.75, ""middle"": 50.13, ""lower"": 45.51}","{""upper"": 54.75, ""middle"": 50.13, ""lower"": 45.51}","{""cdp"": 51.8, ""ah"": 54.2, ""nh"": 52.6, ""nl"": 50.2, ""al"": 49.4}","{""ma5"": 51.16, ""ma10"": 48.96, ""ma20"": 50.13, ""ma60"": 50.27}","{""current_price"": 51.6, ""pb_high"": 104.03, ""pb_mid_high"": 78.02, ""pb_fair"": 52.01, ""pb_mid_low"": 41.61, ""pb_low"": 26.01}",26.01,"{""current_price"": 51.6, ""pe_high"": 75.41, ""pe_mid_high"": 60.33, ""pe_fair"": 50.27, ""pe_mid_low"": 40.22, ""pe_low"": 30.16}",48.01,"{""line1"": 55.67, ""line2"": 52.76, ""line3"": 50.11, ""line4"": 47.33, ""line5"": 44.88}","{""pdi"": 30.11, ""mdi"": 20.28, ""adx"": 19.51}","{""k"": 72.41, ""d"": 60.38, ""j"": 96.47}","{""dif"": 0.02, ""dem"": -0.29, ""osc"": 0.63, ""mac"": 0.63}","{""rsi6"": 90.24, ""rsi12"": 50.0, ""rsi24"": 47.8}","{""current"": 1521804.0, ""ma5"": 1956745.0, ""ma10"": 2099277.0}",,1013731,1013731,0,"{""ema12"": 50.17, ""ema26"": 50.11, ""ema50"": 50.33}",123.94,0.1844,0.6588,50.48,"{""bias5"": 0.86, ""bias10"": 5.38, ""bias20"": 2.93}",134.33,68.52,-23.6561,"{""k"": 72.41, ""d"": 60.38}",0,901.69,24133656,50,1012.31,0,57.14,-19118211,167.35,51.75,-22.73,,,,,,,,,,,,,1013731,-1013731,1013731,,,-2,2,,,
20260811,1536,和大,1037576,53093845,52,52,50.8,51.2,-0.4,964,"-97,769",0,0,"{""upper"": 54.47, ""middle"": 50.03, ""lower"": 45.6}","{""upper"": 54.47, ""middle"": 50.03, ""lower"": 45.6}","{""upper"": 54.47, ""middle"": 50.03, ""lower"": 45.6}","{""cdp"": 51.75, ""ah"": 52.95, ""nh"": 52.2, ""nl"": 51.0, ""al"": 50.55}","{""ma5"": 51.36, ""ma10"": 49.32, ""ma20"": 50.03, ""ma25"": 50.65, ""ma60"": 50.27}","{""current_price"": 51.2, ""pb_high"": 103.89, ""pb_mid_high"": 77.91, ""pb_fair"": 51.94, ""pb_mid_low"": 41.55, ""pb_low"": 25.97}",25.97,"{""current_price"": 51.2, ""pe_high"": 75.41, ""pe_mid_high"": 60.33, ""pe_fair"": 50.27, ""pe_mid_low"": 40.22, ""pe_low"": 30.16}",53.33,"{""line1"": 55.69, ""line2"": 52.75, ""line3"": 50.18, ""line4"": 47.25, ""line5"": 44.8}","{""pdi"": 22.51, ""mdi"": 23.16, ""adx"": 1.43}","{""k"": 72.98, ""d"": 64.58, ""j"": 89.78}","{""dif"": 0.1, ""dea"": -0.21, ""dem"": -0.21, ""osc"": 0.63, ""mac"": 0.63}","{""rsi6"": 77.53, ""rsi12"": 51.06, ""rsi24"": 50.0}","{""current"": 1037576.0, ""ma5"": 1851703.0, ""ma10"": 1946487.0, ""vol60"": 3123387.0, ""vol120"": 2635545.0}","{""ma25"": 50.65, ""ma25_slope"": -0.076, ""vol5"": 1851703.0, ""vol60"": 3123387.0, ""vol120"": 2635545.0, ""vol_ratio_5_60"": 0.5929, ""low_vs_ma25_pct"": 0.3041, ""close_vs_ma25_pct"": 1.0939, ""body_size"": 0.8, ""upper_shadow"": 0.0, ""lower_shadow"": 0.4, ""pullback_count_25ma"": 9, ""first_pullback_flag"": 0, ""hard_filter_pass"": 0, ""pattern_type"": ""trap"", ""score"": 30.0}",-97769,-97769,0,"{""ema12"": 50.31, ""ema26"": 50.17, ""ema50"": 50.36}",111.54,0.1773,0.6316,50.6,"{""bias5"": -0.31, ""bias10"": 3.81, ""bias20"": 2.33}",121.7,57.38,-57.8271,"{""k"": 72.98, ""d"": 64.58}",0.3,901.69,25273617,50,1031.05,0.59,62.75,-14512657,136.7,51.3,-25.58,,,,,,,,,,,,,-97769,97769,-97769,,,-3,2,,,
20260812,1536,和大,2100248,109568037,51.2,52.8,51.2,52,0.8,1500,"1,229,016",0,0,"{""upper"": 54.26, ""middle"": 49.97, ""lower"": 45.68}","{""upper"": 54.26, ""middle"": 49.97, ""lower"": 45.68}","{""upper"": 54.26, ""middle"": 49.97, ""lower"": 45.68}","{""cdp"": 51.3, ""ah"": 52.5, ""nh"": 51.8, ""nl"": 50.6, ""al"": 50.1}","{""ma5"": 51.44, ""ma10"": 49.94, ""ma20"": 49.97, ""ma25"": 50.68, ""ma60"": 50.28}","{""current_price"": 52.0, ""pb_high"": 103.71, ""pb_mid_high"": 77.79, ""pb_fair"": 51.86, ""pb_mid_low"": 41.49, ""pb_low"": 25.93}",25.93,"{""current_price"": 52.0, ""pe_high"": 75.42, ""pe_mid_high"": 60.34, ""pe_fair"": 50.28, ""pe_mid_low"": 40.23, ""pe_low"": 30.17}",50.56,"{""line1"": 55.72, ""line2"": 52.75, ""line3"": 50.27, ""line4"": 47.39, ""line5"": 44.93}","{""pdi"": 25.37, ""mdi"": 23.06, ""adx"": 4.76}","{""k"": 75.68, ""d"": 68.28, ""j"": 90.48}","{""dif"": 0.23, ""dea"": -0.13, ""dem"": -0.13, ""osc"": 0.71, ""mac"": 0.71}","{""rsi6"": 73.68, ""rsi12"": 58.18, ""rsi24"": 53.11}","{""current"": 2100248.0, ""ma5"": 1791414.0, ""ma10"": 1755503.0, ""vol60"": 3111583.0, ""vol120"": 2623598.0}","{""ma25"": 50.68, ""ma25_slope"": 0.032, ""vol5"": 1791414.0, ""vol60"": 3111583.0, ""vol120"": 2623598.0, ""vol_ratio_5_60"": 0.5757, ""low_vs_ma25_pct"": 1.03, ""close_vs_ma25_pct"": 2.6086, ""body_size"": 0.8, ""upper_shadow"": 0.8, ""lower_shadow"": 0.0, ""pullback_count_25ma"": 9, ""first_pullback_flag"": 0, ""hard_filter_pass"": 0, ""pattern_type"": ""trap"", ""score"": 10.0}",1229016,1229016,0,"{""ema12"": 50.66, ""ema26"": 50.33, ""ema50"": 50.42}",112.63,0.1718,0.7362,50.79,"{""bias5"": 1.09, ""bias10"": 4.12, ""bias20"": 4.06}",117.13,80.4,45.7089,"{""k"": 75.68, ""d"": 68.28}",2.25,887.81,26494653,58.33,1033.22,4.52,81.82,-8388938,129.15,52,-16.28,,,,,,,,,,,,,1229016,-1229016,1229016,,,-1,3.5,,,
20260813,1536,和大,1260503,65259802,52.9,53.1,51,51.1,-0.9,1739,"69,763",0,0,"{""upper"": 54.02, ""middle"": 49.89, ""lower"": 45.76}","{""upper"": 54.02, ""middle"": 49.89, ""lower"": 45.76}","{""upper"": 54.02, ""middle"": 49.89, ""lower"": 45.76}","{""cdp"": 52.0, ""ah"": 53.6, ""nh"": 52.8, ""nl"": 51.2, ""al"": 50.4}","{""ma5"": 51.46, ""ma10"": 50.55, ""ma20"": 49.89, ""ma25"": 50.72, ""ma60"": 50.33}","{""current_price"": 51.1, ""pb_high"": 103.57, ""pb_mid_high"": 77.68, ""pb_fair"": 51.79, ""pb_mid_low"": 41.43, ""pb_low"": 25.89}",25.89,"{""current_price"": 51.1, ""pe_high"": 75.5, ""pe_mid_high"": 60.4, ""pe_fair"": 50.33, ""pe_mid_low"": 40.26, ""pe_low"": 30.2}",53.35,"{""line1"": 55.7, ""line2"": 52.74, ""line3"": 50.25, ""line4"": 47.49, ""line5"": 45.04}","{""pdi"": 25.68, ""mdi"": 20.55, ""adx"": 11.11}","{""k"": 73.43, ""d"": 70.0, ""j"": 80.29}","{""dif"": 0.26, ""dea"": -0.05, ""dem"": -0.05, ""osc"": 0.61, ""mac"": 0.61}","{""rsi6"": 42.42, ""rsi12"": 63.75, ""rsi24"": 43.06}","{""current"": 1260503.0, ""ma5"": 1720824.0, ""ma10"": 1714118.0, ""vol60"": 3027124.0, ""vol120"": 2619572.0}","{""ma25"": 50.72, ""ma25_slope"": 0.044, ""vol5"": 1720824.0, ""vol60"": 3027124.0, ""vol120"": 2619572.0, ""vol_ratio_5_60"": 0.5685, ""low_vs_ma25_pct"": 0.5481, ""close_vs_ma25_pct"": 0.7452, ""body_size"": 1.8, ""upper_shadow"": 0.2, ""lower_shadow"": 0.1, ""pullback_count_25ma"": 10, ""first_pullback_flag"": 0, ""hard_filter_pass"": 0, ""pattern_type"": ""trap"", ""score"": 30.0}",69763,69763,0,"{""ema12"": 50.75, ""ema26"": 50.42, ""ema50"": 50.46}",119.89,0.1655,0.6468,50.76,"{""bias5"": -0.7, ""bias10"": 1.09, ""bias20"": 2.43}",120.61,68.97,8.33,"{""k"": 73.43, ""d"": 70.0}",3.45,889.68,24405201,58.33,1051.42,7.24,71.59,-7597656,138.12,51.58,-26.74,,,,,,,,,,,,,69763,-69763,69763,,,-1,2,,,
20260814,1536,和大,1471204,74930425,51.2,51.4,50.5,51,-0.1,972,"69,763",0,0,"{""upper"": 54.12, ""middle"": 49.96, ""lower"": 45.81}","{""upper"": 54.12, ""middle"": 49.96, ""lower"": 45.81}","{""upper"": 54.12, ""middle"": 49.96, ""lower"": 45.81}","{""cdp"": 51.58, ""ah"": 53.68, ""nh"": 52.15, ""nl"": 50.05, ""al"": 49.48}","{""ma5"": 51.38, ""ma10"": 50.98, ""ma20"": 49.96, ""ma25"": 50.56, ""ma60"": 50.35}","{""current_price"": 51.0, ""pb_high"": 103.42, ""pb_mid_high"": 77.57, ""pb_fair"": 51.71, ""pb_mid_low"": 41.37, ""pb_low"": 25.86}",25.86,"{""current_price"": 51.0, ""pe_high"": 75.52, ""pe_mid_high"": 60.42, ""pe_fair"": 50.35, ""pe_mid_low"": 40.28, ""pe_low"": 30.21}",53.05,"{""line1"": 55.68, ""line2"": 52.76, ""line3"": 50.31, ""line4"": 47.53, ""line5"": 45.08}","{""pdi"": 26.62, ""mdi"": 17.64, ""adx"": 20.3}","{""k"": 67.74, ""d"": 69.24, ""j"": 64.73}","{""dif"": 0.26, ""dea"": 0.01, ""dem"": 0.01, ""osc"": 0.5, ""mac"": 0.5}","{""rsi6"": 50.0, ""rsi12"": 74.07, ""rsi24"": 40.59}","{""current"": 1471204.0, ""ma5"": 1478267.0, ""ma10"": 1736338.0, ""vol60"": 2999257.0, ""vol120"": 2613655.0}","{""ma25"": 50.56, ""ma25_slope"": -0.16, ""vol5"": 1478267.0, ""vol60"": 2999257.0, ""vol120"": 2613655.0, ""vol_ratio_5_60"": 0.4929, ""low_vs_ma25_pct"": -0.1226, ""close_vs_ma25_pct"": 0.8663, ""body_size"": 0.2, ""upper_shadow"": 0.2, ""lower_shadow"": 0.5, ""pullback_count_25ma"": 11, ""first_pullback_flag"": 0, ""hard_filter_pass"": 0, ""pattern_type"": ""trap"", ""score"": 30.0}",69763,69763,0,"{""ema12"": 50.73, ""ema26"": 50.48, ""ema50"": 50.45}",119.45,0.1662,0.6247,50.8,"{""bias5"": -0.74, ""bias10"": 0.03, ""bias20"": 2.07}",126.47,39.44,-67.2918,"{""k"": 67.74, ""d"": 69.24}",5.2,949.23,21769343,58.33,1051.42,11.35,70.45,-6128131,140.95,50.98,-27.91,,,,,,,,,,,,,69763,-69763,69763,,,-1,1.25,,,
20260817,1536,和大,1535004,79649929,51,52.8,51,51.4,0.4,1216,"573,051",0,0,"{""upper"": 54.25, ""middle"": 50.07, ""lower"": 45.89}","{""upper"": 54.25, ""middle"": 50.07, ""lower"": 45.89}","{""upper"": 54.25, ""middle"": 50.07, ""lower"": 45.89}","{""cdp"": 50.98, ""ah"": 51.88, ""nh"": 51.45, ""nl"": 50.55, ""al"": 50.08}","{""ma5"": 51.34, ""ma10"": 51.25, ""ma20"": 50.07, ""ma25"": 50.37, ""ma60"": 50.39}","{""current_price"": 51.4, ""pb_high"": 103.24, ""pb_mid_high"": 77.43, ""pb_fair"": 51.62, ""pb_mid_low"": 41.3, ""pb_low"": 25.81}",25.81,"{""current_price"": 51.4, ""pe_high"": 75.58, ""pe_mid_high"": 60.46, ""pe_fair"": 50.39, ""pe_mid_low"": 40.31, ""pe_low"": 30.23}",50.55,"{""line1"": 55.61, ""line2"": 52.75, ""line3"": 50.39, ""line4"": 47.49, ""line5"": 45.05}","{""pdi"": 32.08, ""mdi"": 11.6, ""adx"": 46.87}","{""k"": 58.29, ""d"": 65.59, ""j"": 43.69}","{""dif"": 0.3, ""dea"": 0.07, ""dem"": 0.07, ""osc"": 0.46, ""mac"": 0.46}","{""rsi6"": 50.0, ""rsi12"": 80.77, ""rsi24"": 46.34}","{""current"": 1535004.0, ""ma5"": 1480907.0, ""ma10"": 1718826.0, ""vol60"": 2992351.0, ""vol120"": 2589720.0}","{""ma25"": 50.37, ""ma25_slope"": -0.188, ""vol5"": 1480907.0, ""vol60"": 2992351.0, ""vol120"": 2589720.0, ""vol_ratio_5_60"": 0.4949, ""low_vs_ma25_pct"": 1.2427, ""close_vs_ma25_pct"": 2.0368, ""body_size"": 0.4, ""upper_shadow"": 1.4, ""lower_shadow"": 0.0, ""pullback_count_25ma"": 11, ""first_pullback_flag"": 0, ""hard_filter_pass"": 0, ""pattern_type"": ""trap"", ""score"": 10.0}",573051,573051,0,"{""ema12"": 50.84, ""ema26"": 50.52, ""ema50"": 50.48}",110.44,0.1671,0.6589,50.87,"{""bias5"": 0.12, ""bias10"": 0.29, ""bias20"": 2.66}",115.1,57.62,111.4004,"{""k"": 58.29, ""d"": 65.59}",6.4,941.84,14054335,66.67,1096.86,14.22,75,-2097169,103.4,51.65,-23.26,,,,,,,,,,,,,573051,-573051,573051,,,-1,1.25,,,
20260818,1536,和大,1226080,62044702,51.3,51.4,50.1,50.4,-1,1173,"-210,241",0,0,"{""upper"": 54.25, ""middle"": 50.06, ""lower"": 45.88}","{""upper"": 54.25, ""middle"": 50.06, ""lower"": 45.88}","{""upper"": 54.25, ""middle"": 50.06, ""lower"": 45.88}","{""cdp"": 51.65, ""ah"": 53.45, ""nh"": 52.3, ""nl"": 50.5, ""al"": 49.85}","{""ma5"": 51.18, ""ma10"": 51.27, ""ma20"": 50.06, ""ma25"": 50.26, ""ma60"": 50.39}","{""current_price"": 50.4, ""pb_high"": 103.06, ""pb_mid_high"": 77.3, ""pb_fair"": 51.53, ""pb_mid_low"": 41.22, ""pb_low"": 25.77}",25.77,"{""current_price"": 50.4, ""pe_high"": 75.58, ""pe_mid_high"": 60.47, ""pe_fair"": 50.39, ""pe_mid_low"": 40.31, ""pe_low"": 30.23}",53.04,"{""line1"": 55.46, ""line2"": 52.67, ""line3"": 50.45, ""line4"": 47.45, ""line5"": 45.05}","{""pdi"": 34.81, ""mdi"": 7.04, ""adx"": 66.37}","{""k"": 41.89, ""d"": 57.69, ""j"": 10.29}","{""dif"": 0.25, ""dea"": 0.11, ""dem"": 0.11, ""osc"": 0.28, ""mac"": 0.28}","{""rsi6"": 33.33, ""rsi12"": 69.23, ""rsi24"": 44.53}","{""current"": 1226080.0, ""ma5"": 1518608.0, ""ma10"": 1685156.0, ""vol60"": 2974534.0, ""vol120"": 2586161.0}","{""ma25"": 50.26, ""ma25_slope"": -0.112, ""vol5"": 1518608.0, ""vol60"": 2974534.0, ""vol120"": 2586161.0, ""vol_ratio_5_60"": 0.5105, ""low_vs_ma25_pct"": -0.3223, ""close_vs_ma25_pct"": 0.2746, ""body_size"": 0.9, ""upper_shadow"": 0.1, ""lower_shadow"": 0.3, ""pullback_count_25ma"": 12, ""first_pullback_flag"": 0, ""hard_filter_pass"": 0, ""pattern_type"": ""trap"", ""score"": 30.0}",-210241,-210241,0,"{""ema12"": 50.76, ""ema26"": 50.51, ""ema50"": 50.49}",104.98,0.1671,0.54,50.81,"{""bias5"": -1.52, ""bias10"": -1.7, ""bias20"": 0.67}",106.15,12.17,-121.9333,"{""k"": 41.89, ""d"": 57.69}",3.75,941.84,8022070,58.33,1078.6,8.04,63.64,-4444648,60.63,50.58,-35.29,,,,,,,,,,,,,-210241,210241,-210241,,,-3,0.8
20260819,1536,和大,883888,44384561,50,51.1,49.5,50.2,-0.2,869,"709,720",0,0,"{""upper"": 54.02, ""middle"": 49.96, ""lower"": 45.9}","{""upper"": 54.02, ""middle"": 49.96, ""lower"": 45.9}","{""upper"": 54.02, ""middle"": 49.96, ""lower"": 45.9}","{""cdp"": 50.58, ""ah"": 51.88, ""nh"": 51.05, ""nl"": 49.75, ""al"": 49.28}","{""ma5"": 50.82, ""ma10"": 51.13, ""ma20"": 49.96, ""ma25"": 50.14, ""ma60"": 50.37}","{""current_price"": 50.2, ""pb_high"": 102.88, ""pb_mid_high"": 77.16, ""pb_fair"": 51.44, ""pb_mid_low"": 41.15, ""pb_low"": 25.72}",25.72,"{""current_price"": 50.2, ""pe_high"": 75.55, ""pe_mid_high"": 60.44, ""pe_fair"": 50.37, ""pe_mid_low"": 40.29, ""pe_low"": 30.22}",53.03,"{""line1"": 55.27, ""line2"": 52.54, ""line3"": 50.54, ""line4"": 47.48, ""line5"": 45.14}","{""pdi"": 34.81, ""mdi"": 9.26, ""adx"": 57.98}","{""k"": 33.91, ""d"": 49.76, ""j"": 2.2}","{""dif"": 0.18, ""dea"": 0.12, ""dem"": 0.12, ""osc"": 0.12, ""mac"": 0.12}","{""rsi6"": 35.29, ""rsi12"": 59.24, ""rsi24"": 44.88}","{""current"": 883888.0, ""ma5"": 1275336.0, ""ma10"": 1533375.0, ""vol60"": 2952078.0, ""vol120"": 2584666.0}","{""ma25"": 50.14, ""ma25_slope"": -0.12, ""vol5"": 1275336.0, ""vol60"": 2952078.0, ""vol120"": 2584666.0, ""vol_ratio_5_60"": 0.432, ""low_vs_ma25_pct"": -1.2804, ""close_vs_ma25_pct"": 0.1157, ""body_size"": 0.2, ""upper_shadow"": 0.9, ""lower_shadow"": 0.5, ""pullback_count_25ma"": 12, ""first_pullback_flag"": 0, ""hard_filter_pass"": 0, ""pattern_type"": ""trap"", ""score"": 30.0}",709720,709720,0,"{""ema12"": 50.62, ""ema26"": 50.46, ""ema50"": 50.47}",115.78,0.1624,0.5296,50.7,"{""bias5"": -1.22, ""bias10"": -1.82, ""bias20"": 0.48}",119.06,-24.36,-81.4583,"{""k"": 33.91, ""d"": 49.76}",1.45,941.84,10727042,50,1057.52,2.97,62.79,-6313848,70.47,50.25,-43.24,,,,,,,,,,,,,709720,-709720,709720,,,-3,0.8
20260821,1536,和大,1278184,63242902,50.3,50.3,49.1,49.25,-1.05,1175,"-633,535",0,0,"{""upper"": 53.84, ""middle"": 49.84, ""lower"": 45.85}","{""upper"": 53.84, ""middle"": 49.84, ""lower"": 45.85}","{""upper"": 53.84, ""middle"": 49.84, ""lower"": 45.85}","{""cdp"": 50.25, ""ah"": 51.85, ""nh"": 51.0, ""nl"": 49.4, ""al"": 48.65}","{""ma5"": 50.45, ""ma10"": 50.95, ""ma20"": 49.84, ""ma25"": 50.0, ""ma60"": 50.32}","{""current_price"": 49.25, ""pb_high"": 102.66, ""pb_mid_high"": 76.99, ""pb_fair"": 51.33, ""pb_mid_low"": 41.06, ""pb_low"": 25.66}",25.66,"{""current_price"": 49.25, ""pe_high"": 75.47, ""pe_mid_high"": 60.38, ""pe_fair"": 50.32, ""pe_mid_low"": 40.25, ""pe_low"": 30.19}",52.73,"{""line1"": 55.1, ""line2"": 52.44, ""line3"": 50.58, ""line4"": 47.49, ""line5"": 45.2}","{""pdi"": 32.95, ""mdi"": 11.24, ""adx"": 49.12}","{""k"": 23.86, ""d"": 41.13, ""j"": -10.69}","{""dif"": 0.06, ""dea"": 0.11, ""dem"": 0.11, ""osc"": -0.1, ""mac"": -0.1}","{""rsi6"": 11.27, ""rsi12"": 43.54, ""rsi24"": 49.57}","{""current"": 1278184.0, ""ma5"": 1278872.0, ""ma10"": 1499848.0, ""vol60"": 2911060.0, ""vol120"": 2566080.0}","{""ma25"": 50.0, ""ma25_slope"": -0.142, ""vol5"": 1278872.0, ""vol60"": 2911060.0, ""vol120"": 2566080.0, ""vol_ratio_5_60"": 0.4393, ""low_vs_ma25_pct"": -1.8, ""close_vs_ma25_pct"": -1.5, ""body_size"": 1.05, ""upper_shadow"": 0.0, ""lower_shadow"": 0.15, ""pullback_count_25ma"": 12, ""first_pullback_flag"": 0, ""hard_filter_pass"": 0, ""pattern_type"": ""trap"", ""score"": 0.0}",-633535,-633535,0,"{""ema12"": 50.4, ""ema26"": 50.37, ""ema50"": 50.43}",109.26,0.1603,0.4259,50.39,"{""bias5"": -2.38, ""bias10"": -3.35, ""bias20"": -1.19}",112.82,-100.66,-56.3299,"{""k"": 23.86, ""d"": 41.13}",-0.95,1056.01,11593095,41.67,1057.52,-1.89,51.74,-6099515,65.24,49.48,-56.08,,,,,,,,,,,,,-633535,633535,-633535,,,-3,0.5
20260824,1536,和大,673071,33136339,49.3,49.75,48.8,49.1,-0.15,601,"28,140",0,0,"{""upper"": 53.73, ""middle"": 49.75, ""lower"": 45.78}","{""upper"": 53.73, ""middle"": 49.75, ""lower"": 45.78}","{""upper"": 53.73, ""middle"": 49.75, ""lower"": 45.78}","{""cdp"": 49.48, ""ah"": 50.67, ""nh"": 49.85, ""nl"": 48.65, ""al"": 48.28}","{""ma5"": 50.07, ""ma10"": 50.73, ""ma20"": 49.75, ""ma25"": 49.99, ""ma60"": 50.28}","{""current_price"": 49.1, ""pb_high"": 102.43, ""pb_mid_high"": 76.82, ""pb_fair"": 51.22, ""pb_mid_low"": 40.97, ""pb_low"": 25.61}",25.61,"{""current_price"": 49.1, ""pe_high"": 75.42, ""pe_mid_high"": 60.34, ""pe_fair"": 50.28, ""pe_mid_low"": 40.23, ""pe_low"": 30.17}",52.72,"{""line1"": 54.96, ""line2"": 52.35, ""line3"": 50.62, ""line4"": 47.61, ""line5"": 45.36}","{""pdi"": 27.53, ""mdi"": 13.76, ""adx"": 33.33}","{""k"": 18.23, ""d"": 33.5, ""j"": -12.3}","{""dif"": -0.05, ""dea"": 0.08, ""dem"": 0.08, ""osc"": -0.26, ""mac"": -0.26}","{""rsi6"": 14.29, ""rsi12"": 29.51, ""rsi24"": 49.57}","{""current"": 673071.0, ""ma5"": 1119245.0, ""ma10"": 1298756.0, ""vol60"": 2873464.0, ""vol120"": 2553041.0}","{""ma25"": 49.99, ""ma25_slope"": -0.014, ""vol5"": 1119245.0, ""vol60"": 2873464.0, ""vol120"": 2553041.0, ""vol_ratio_5_60"": 0.3895, ""low_vs_ma25_pct"": -2.3727, ""close_vs_ma25_pct"": -1.7725, ""body_size"": 0.2, ""upper_shadow"": 0.45, ""lower_shadow"": 0.3, ""pullback_count_25ma"": 12, ""first_pullback_flag"": 0, ""hard_filter_pass"": 0, ""pattern_type"": ""trap"", ""score"": 0.0}",28140,28140,0,"{""ema12"": 50.22, ""ema26"": 50.24, ""ema50"": 50.37}",110.92,0.1599,0.418,50.14,"{""bias5"": -1.94, ""bias10"": -3.2, ""bias20"": -1.31}",117.55,-149.76,-59.9862,"{""k"": 18.23, ""d"": 33.5}",-2.5,1056.01,-2946397,33.33,1081.96,-4.84,50,-5583593,68.55,49.19,-78.18,,,,,,,,,,,,,28140,-28140,28140,,,-3,0.29
20260826,1536,和大,696518,34804430,49.6,50.4,49.45,50.1,0.5,728,"130,685",0,0,"{""upper"": 53.75, ""middle"": 49.77, ""lower"": 45.79}","{""upper"": 53.75, ""middle"": 49.77, ""lower"": 45.79}","{""upper"": 53.75, ""middle"": 49.77, ""lower"": 45.79}","{""cdp"": 49.19, ""ah"": 50.14, ""nh"": 49.58, ""nl"": 48.62, ""al"": 48.24}","{""ma5"": 49.81, ""ma10"": 50.58, ""ma20"": 49.77, ""ma25"": 50.02, ""ma60"": 50.29}","{""current_price"": 50.1, ""pb_high"": 102.25, ""pb_mid_high"": 76.69, ""pb_fair"": 51.12, ""pb_mid_low"": 40.9, ""pb_low"": 25.56}",25.56,"{""current_price"": 50.1, ""pe_high"": 75.44, ""pe_mid_high"": 60.35, ""pe_fair"": 50.29, ""pe_mid_low"": 40.23, ""pe_low"": 30.17}",51.35,"{""line1"": 54.79, ""line2"": 52.28, ""line3"": 50.69, ""line4"": 47.9, ""line5"": 45.69}","{""pdi"": 25.87, ""mdi"": 14.92, ""adx"": 26.86}","{""k"": 22.23, ""d"": 29.74, ""j"": 7.21}","{""dif"": -0.06, ""dea"": 0.05, ""dem"": 0.05, ""osc"": -0.22, ""mac"": -0.22}","{""rsi6"": 37.84, ""rsi12"": 43.08, ""rsi24"": 49.12}","{""current"": 696518.0, ""ma5"": 951548.0, ""ma10"": 1216228.0, ""vol60"": 2833591.0, ""vol120"": 2544484.0}","{""ma25"": 50.02, ""ma25_slope"": 0.032, ""vol5"": 951548.0, ""vol60"": 2833591.0, ""vol120"": 2544484.0, ""vol_ratio_5_60"": 0.3358, ""low_vs_ma25_pct"": -1.1356, ""close_vs_ma25_pct"": 0.1639, ""body_size"": 0.5, ""upper_shadow"": 0.3, ""lower_shadow"": 0.15, ""pullback_count_25ma"": 13, ""first_pullback_flag"": 0, ""hard_filter_pass"": 0, ""pattern_type"": ""trap"", ""score"": 30.0}",130685,130685,0,"{""ema12"": 50.24, ""ema26"": 50.24, ""ema50"": 50.36}",127.32,0.1599,0.5415,50.07,"{""bias5"": 0.58, ""bias10"": -0.94, ""bias20"": 0.66}",144.71,-88.37,88.6553,"{""k"": 22.23, ""d"": 29.74}",-0.9,1034.94,-15549868,41.67,1026.03,-1.76,61.63,-3508544,79.74,50.01,-71.74,,,,,,,,,,,,,130685,-130685,130685,,,-1,0.5
20260827,1536,和大,1254061,64467431,50.1,52.1,50.1,51.1,1,1163,"647,335",0,0,"{""upper"": 53.84, ""middle"": 49.94, ""lower"": 46.05}","{""upper"": 53.84, ""middle"": 49.94, ""lower"": 46.05}","{""upper"": 53.84, ""middle"": 49.94, ""lower"": 46.05}","{""cdp"": 50.01, ""ah"": 50.96, ""nh"": 50.58, ""nl"": 49.63, ""al"": 49.06}","{""ma5"": 49.95, ""ma10"": 50.56, ""ma20"": 49.94, ""ma25"": 50.04, ""ma60"": 50.29}","{""current_price"": 51.1, ""pb_high"": 102.08, ""pb_mid_high"": 76.56, ""pb_fair"": 51.04, ""pb_mid_low"": 40.83, ""pb_low"": 25.52}",25.52,"{""current_price"": 51.1, ""pe_high"": 75.43, ""pe_mid_high"": 60.34, ""pe_fair"": 50.29, ""pe_mid_low"": 40.23, ""pe_low"": 30.17}",48.87,"{""line1"": 54.76, ""line2"": 52.29, ""line3"": 50.69, ""line4"": 48.24, ""line5"": 46.03}","{""pdi"": 28.34, ""mdi"": 14.99, ""adx"": 30.81}","{""k"": 32.65, ""d"": 30.71, ""j"": 36.53}","{""dif"": 0.01, ""dea"": 0.04, ""dem"": 0.04, ""osc"": -0.06, ""mac"": -0.06}","{""rsi6"": 46.51, ""rsi12"": 47.89, ""rsi24"": 47.27}","{""current"": 1254061.0, ""ma5"": 957144.0, ""ma10"": 1237876.0, ""vol60"": 2740273.0, ""vol120"": 2541438.0}","{""ma25"": 50.04, ""ma25_slope"": 0.024, ""vol5"": 957144.0, ""vol60"": 2740273.0, ""vol120"": 2541438.0, ""vol_ratio_5_60"": 0.3493, ""low_vs_ma25_pct"": 0.1159, ""close_vs_ma25_pct"": 2.1142, ""body_size"": 1.0, ""upper_shadow"": 1.0, ""lower_shadow"": 0.0, ""pullback_count_25ma"": 14, ""first_pullback_flag"": 0, ""hard_filter_pass"": 0, ""pattern_type"": ""trap"", ""score"": 30.0}",647335,647335,0,"{""ema12"": 50.36, ""ema26"": 50.3, ""ema50"": 50.37}",144.91,0.156,0.6486,50.19,"{""bias5"": 2.3, ""bias10"": 1.06, ""bias20"": 2.32}",162.89,12.13,187.3912,"{""k"": 32.65, ""d"": 30.71}",-0.3,1014.68,-8652677,41.67,1026.03,-0.58,73.26,310996,94.65,51.1,-50,,,,,,,,,,,,,647335,-647335,647335,,,1,0.5
20260828,1536,和大,1056845,53422800,51.9,51.9,50.1,50.3,-0.8,1450,"-288,555",0,0,"{""upper"": 53.57, ""middle"": 50.17, ""lower"": 46.77}","{""upper"": 53.57, ""middle"": 50.17, ""lower"": 46.77}","{""upper"": 53.57, ""middle"": 50.17, ""lower"": 46.77}","{""cdp"": 51.1, ""ah"": 53.1, ""nh"": 52.1, ""nl"": 50.1, ""al"": 49.1}","{""ma5"": 49.97, ""ma10"": 50.39, ""ma20"": 50.17, ""ma25"": 49.96, ""ma60"": 50.24}","{""current_price"": 50.3, ""pb_high"": 101.89, ""pb_mid_high"": 76.42, ""pb_fair"": 50.95, ""pb_mid_low"": 40.76, ""pb_low"": 25.47}",25.47,"{""current_price"": 50.3, ""pe_high"": 75.37, ""pe_mid_high"": 60.29, ""pe_fair"": 50.24, ""pe_mid_low"": 40.2, ""pe_low"": 30.15}",48.87,"{""line1"": 54.67, ""line2"": 52.29, ""line3"": 50.61, ""line4"": 48.48, ""line5"": 46.31}","{""pdi"": 27.87, ""mdi"": 14.99, ""adx"": 30.05}","{""k"": 34.27, ""d"": 31.9, ""j"": 39.01}","{""dif"": 0.01, ""dea"": 0.03, ""dem"": 0.03, ""osc"": -0.05, ""mac"": -0.05}","{""rsi6"": 48.78, ""rsi12"": 41.56, ""rsi24"": 47.06}","{""current"": 1056845.0, ""ma5"": 991736.0, ""ma10"": 1133536.0, ""vol60"": 2570042.0, ""vol120"": 2528275.0}","{""ma25"": 49.96, ""ma25_slope"": -0.08, ""vol5"": 991736.0, ""vol60"": 2570042.0, ""vol120"": 2528275.0, ""vol_ratio_5_60"": 0.3859, ""low_vs_ma25_pct"": 0.2762, ""close_vs_ma25_pct"": 0.6765, ""body_size"": 1.6, ""upper_shadow"": 0.0, ""lower_shadow"": 0.2, ""pullback_count_25ma"": 15, ""first_pullback_flag"": 0, ""hard_filter_pass"": 0, ""pattern_type"": ""trap"", ""score"": 30.0}",-288555,-288555,0,"{""ema12"": 50.34, ""ema26"": 50.29, ""ema50"": 50.35}",127.71,0.1356,0.5195,50.25,"{""bias5"": 0.66, ""bias10"": -0.19, ""bias20"": 0.26}",152.13,-14.74,-17.0318,"{""k"": 34.27, ""d"": 31.9}",-1.3,1014.68,-9709522,33.33,1034.51,-2.52,63.53,3264239,85.35,50.65,-67.39,,,,,,,,,,,,,-288555,288555,-288555,,,1,0.5
20260831,1536,和大,862353,42805309,50,50.1,49.4,49.6,-0.7,896,"-196,850",0,0,"{""upper"": 52.86, ""middle"": 50.4, ""lower"": 47.93}","{""upper"": 52.86, ""middle"": 50.4, ""lower"": 47.93}","{""upper"": 52.86, ""middle"": 50.4, ""lower"": 47.93}","{""cdp"": 50.65, ""ah"": 52.45, ""nh"": 51.2, ""nl"": 49.4, ""al"": 48.85}","{""ma5"": 50.04, ""ma10"": 50.24, ""ma20"": 50.4, ""ma25"": 49.88, ""ma60"": 50.17}","{""current_price"": 49.6, ""pb_high"": 101.74, ""pb_mid_high"": 76.3, ""pb_fair"": 50.87, ""pb_mid_low"": 40.7, ""pb_low"": 25.43}",25.43,"{""current_price"": 49.6, ""pe_high"": 75.26, ""pe_mid_high"": 60.21, ""pe_fair"": 50.17, ""pe_mid_low"": 40.14, ""pe_low"": 30.1}",48.87,"{""line1"": 54.65, ""line2"": 52.29, ""line3"": 50.57, ""line4"": 48.52, ""line5"": 46.35}","{""pdi"": 24.43, ""mdi"": 19.65, ""adx"": 10.86}","{""k"": 29.51, ""d"": 31.1, ""j"": 26.33}","{""dif"": -0.05, ""dea"": 0.02, ""dem"": 0.02, ""osc"": -0.14, ""mac"": -0.14}","{""rsi6"": 43.48, ""rsi12"": 40.0, ""rsi24"": 47.06}","{""current"": 862353.0, ""ma5"": 908570.0, ""ma10"": 1093721.0, ""vol60"": 2479231.0, ""vol120"": 2511181.0}","{""ma25"": 49.88, ""ma25_slope"": -0.08, ""vol5"": 908570.0, ""vol60"": 2479231.0, ""vol120"": 2511181.0, ""vol_ratio_5_60"": 0.3665, ""low_vs_ma25_pct"": -0.9663, ""close_vs_ma25_pct"": -0.5653, ""body_size"": 0.4, ""upper_shadow"": 0.1, ""lower_shadow"": 0.2, ""pullback_count_25ma"": 15, ""first_pullback_flag"": 0, ""hard_filter_pass"": 0, ""pattern_type"": ""trap"", ""score"": 20.0}",-196850,-196850,0,"{""ema12"": 50.2, ""ema26"": 50.25, ""ema50"": 50.33}",116.31,0.0978,0.3383,50.14,"{""bias5"": -0.88, ""bias10"": -1.28, ""bias20"": -1.58}",130.7,-94.68,-101.4666,"{""k"": 29.51, ""d"": 31.1}",-1.6,950.3,-8520090,33.33,1049.11,-3.13,48.65,4076241,70.61,49.67,-81.4,,,,,,,,,,,,,-196850,196850,-196850,,,-1,0.5
20260901,1536,和大,1075726,53497151,50,50.3,49.3,49.35,-0.25,802,"-206,639",0,0,"{""upper"": 52.38, ""middle"": 50.53, ""lower"": 48.68}","{""upper"": 52.38, ""middle"": 50.53, ""lower"": 48.68}","{""upper"": 52.38, ""middle"": 50.53, ""lower"": 48.68}","{""cdp"": 49.67, ""ah"": 50.38, ""nh"": 49.95, ""nl"": 49.25, ""al"": 48.97}","{""ma5"": 50.09, ""ma10"": 50.08, ""ma20"": 50.53, ""ma25"": 49.82, ""ma60"": 50.12}","{""current_price"": 49.35, ""pb_high"": 101.64, ""pb_mid_high"": 76.23, ""pb_fair"": 50.82, ""pb_mid_low"": 40.66, ""pb_low"": 25.41}",25.41,"{""current_price"": 49.35, ""pe_high"": 75.18, ""pe_mid_high"": 60.14, ""pe_fair"": 50.12, ""pe_mid_low"": 40.1, ""pe_low"": 30.07}",52.04,"{""line1"": 54.64, ""line2"": 52.3, ""line3"": 50.55, ""line4"": 48.47, ""line5"": 46.28}","{""pdi"": 25.7, ""mdi"": 19.85, ""adx"": 12.85}","{""k"": 25.23, ""d"": 29.14, ""j"": 17.4}","{""dif"": -0.12, ""dea"": -0.01, ""dem"": -0.01, ""osc"": -0.22, ""mac"": -0.22}","{""rsi6"": 51.28, ""rsi12"": 32.21, ""rsi24"": 49.06}","{""current"": 1075726.0, ""ma5"": 989101.0, ""ma10"": 1054173.0, ""vol60"": 2435841.0, ""vol120"": 2492234.0}","{""ma25"": 49.82, ""ma25_slope"": -0.062, ""vol5"": 989101.0, ""vol60"": 2435841.0, ""vol120"": 2492234.0, ""vol_ratio_5_60"": 0.4061, ""low_vs_ma25_pct"": -1.0438, ""close_vs_ma25_pct"": -0.9434, ""body_size"": 0.65, ""upper_shadow"": 0.3, ""lower_shadow"": 0.05, ""pullback_count_25ma"": 15, ""first_pullback_flag"": 0, ""hard_filter_pass"": 0, ""pattern_type"": ""trap"", ""score"": 20.0}",-206639,-206639,0,"{""ema12"": 50.03, ""ema26"": 50.2, ""ema50"": 50.26}",112.06,0.0732,0.1802,49.93,"{""bias5"": -1.48, ""bias10"": -1.46, ""bias20"": -2.34}",134.24,-84.58,4.648,"{""k"": 25.23, ""d"": 29.14}",-2.65,955.12,-6655087,25,1045.93,-5.1,45.27,1751511,71.87,49.58,-87.21,,,,,,,,,,,,,-206639,206639,-206639,,,-3,0.29
20260902,1536,和大,664157,32844050,49.15,49.75,49,49.55,0.2,595,"-18,893",0,0,"{""upper"": 52.31, ""middle"": 50.54, ""lower"": 48.77}","{""upper"": 52.31, ""middle"": 50.54, ""lower"": 48.77}","{""upper"": 52.31, ""middle"": 50.54, ""lower"": 48.77}","{""cdp"": 49.46, ""ah"": 50.21, ""nh"": 49.92, ""nl"": 49.17, ""al"": 48.71}","{""ma5"": 49.67, ""ma10"": 49.81, ""ma20"": 50.54, ""ma25"": 49.89, ""ma60"": 50.06}","{""current_price"": 49.55, ""pb_high"": 101.43, ""pb_mid_high"": 76.07, ""pb_fair"": 50.71, ""pb_mid_low"": 40.57, ""pb_low"": 25.36}",25.36,"{""current_price"": 49.55, ""pe_high"": 75.08, ""pe_mid_high"": 60.07, ""pe_fair"": 50.06, ""pe_mid_low"": 40.04, ""pe_low"": 30.03}",51.84,"{""line1"": 53.92, ""line2"": 51.96, ""line3"": 50.22, ""line4"": 48.64, ""line5"": 46.82}","{""pdi"": 23.16, ""mdi"": 20.16, ""adx"": 6.92}","{""k"": 23.84, ""d"": 26.32, ""j"": 18.88}","{""dif"": -0.18, ""dea"": -0.07, ""dem"": -0.07, ""osc"": -0.22, ""mac"": -0.22}","{""rsi6"": 40.68, ""rsi12"": 39.1, ""rsi24"": 60.74}","{""current"": 664157.0, ""ma5"": 864648.0, ""ma10"": 910896.0, ""vol60"": 2380688.0, ""vol120"": 2483274.0}","{""ma25"": 49.89, ""ma25_slope"": 0.076, ""vol5"": 864648.0, ""vol60"": 2380688.0, ""vol120"": 2483274.0, ""vol_ratio_5_60"": 0.3632, ""low_vs_ma25_pct"": -1.78, ""close_vs_ma25_pct"": -0.6775, ""body_size"": 0.4, ""upper_shadow"": 0.2, ""lower_shadow"": 0.15, ""pullback_count_25ma"": 14, ""first_pullback_flag"": 0, ""hard_filter_pass"": 0, ""pattern_type"": ""trap\u9677\u9631"", ""score"": 20.0}",-18893,-18893,0,"{""ema12"": 49.85, ""ema26"": 50.08, ""ema50"": 50.22}",125.98,0.0702,0.2209,49.86,"{""bias5"": -0.24, ""bias10"": -0.52, ""bias20"": -1.96}",147.41,-78.35,0,"{""k"": 23.84, ""d"": 26.32}",-1.45,989.16,-4616371,33.33,1067.06,-2.84,16.3,-193081,84.26,49.46,-82.56,,,,,,,,,,,,,-18893,18893,-18893,,,-4,0.6
20260903,1536,和大,2258048,113966834,50,51.4,49.2,49.2,-0.35,1731,"77,552",0,0,"{""upper"": 52.24, ""middle"": 50.4, ""lower"": 48.57}","{""upper"": 52.24, ""middle"": 50.4, ""lower"": 48.57}","{""upper"": 52.24, ""middle"": 50.4, ""lower"": 48.57}","{""cdp"": 49.75, ""ah"": 51.95, ""nh"": 50.3, ""nl"": 48.1, ""al"": 47.55}","{""ma5"": 49.38, ""ma10"": 49.67, ""ma20"": 50.4, ""ma25"": 50.01, ""ma60"": 50.03}","{""current_price"": 49.2, ""pb_high"": 101.38, ""pb_mid_high"": 76.03, ""pb_fair"": 50.69, ""pb_mid_low"": 40.55, ""pb_low"": 25.34}",25.34,"{""current_price"": 49.2, ""pe_high"": 75.04, ""pe_mid_high"": 60.03, ""pe_fair"": 50.03, ""pe_mid_low"": 40.02, ""pe_low"": 30.02}",51.35,"{""line1"": 53.8, ""line2"": 51.88, ""line3"": 50.1, ""line4"": 48.56, ""line5"": 46.8}","{""pdi"": 28.14, ""mdi"": 18.59, ""adx"": 20.43}","{""k"": 17.58, ""d"": 22.62, ""j"": 7.49}","{""dif"": -0.25, ""dea"": -0.11, ""dem"": -0.11, ""osc"": -0.28, ""mac"": -0.28}","{""rsi6"": 8.7, ""rsi12"": 33.33, ""rsi24"": 62.35}","{""current"": 2258048.0, ""ma5"": 1423666.0, ""ma10"": 1207701.0, ""vol60"": 2405944.0, ""vol120"": 2496884.0}","{""ma25"": 50.01, ""ma25_slope"": 0.136, ""vol5"": 1423666.0, ""vol60"": 2405944.0, ""vol120"": 2496884.0, ""vol_ratio_5_60"": 0.5917, ""low_vs_ma25_pct"": -1.6197, ""close_vs_ma25_pct"": -1.6197, ""body_size"": 0.8, ""upper_shadow"": 1.4, ""lower_shadow"": 0.0, ""pullback_count_25ma"": 14, ""first_pullback_flag"": 0, ""hard_filter_pass"": 0, ""pattern_type"": ""trap\u9677\u9631"", ""score"": 0.0}",77552,77552,0,"{""ema12"": 49.74, ""ema26"": 49.99, ""ema50"": 50.16}",142.01,0.0728,0.1724,49.71,"{""bias5"": -0.36, ""bias10"": -0.96, ""bias20"": -2.39}",198.08,-29.89,0,"{""k"": 17.58, ""d"": 22.62}",-2.2,996.2,-9627507,25,1052.78,-4.28,8.7,-7775027,86.04,49.75,-90,,,,,,,,,,,,,77552,-77552,77552,,,-4,0.6
20260904,1536,和大,1176427,58136609,50.2,50.2,48.8,49.8,0.6,911,"-193,981",0,0,"{""upper"": 52.21, ""middle"": 50.43, ""lower"": 48.66}","{""upper"": 52.21, ""middle"": 50.43, ""lower"": 48.66}","{""upper"": 52.21, ""middle"": 50.43, ""lower"": 48.66}","{""cdp"": 49.75, ""ah"": 51.95, ""nh"": 50.3, ""nl"": 48.1, ""al"": 47.55}","{""ma5"": 49.5, ""ma10"": 49.73, ""ma20"": 50.43, ""ma25"": 50.03, ""ma60"": 50.04}","{""current_price"": 49.8, ""pb_high"": 101.39, ""pb_mid_high"": 76.04, ""pb_fair"": 50.69, ""pb_mid_low"": 40.55, ""pb_low"": 25.35}",25.35,"{""current_price"": 49.8, ""pe_high"": 75.06, ""pe_mid_high"": 60.05, ""pe_fair"": 50.04, ""pe_mid_low"": 40.03, ""pe_low"": 30.02}",48.85,"{""line1"": 53.8, ""line2"": 51.89, ""line3"": 50.11, ""line4"": 48.6, ""line5"": 46.84}","{""pdi"": 29.32, ""mdi"": 21.47, ""adx"": 15.46}","{""k"": 23.64, ""d"": 24.64, ""j"": 21.63}","{""dif"": -0.2, ""dea"": -0.1, ""dem"": -0.1, ""osc"": -0.2, ""mac"": -0.2}","{""rsi6"": 27.59, ""rsi12"": 38.89, ""rsi24"": 63.64}","{""current"": 1176427.0, ""ma5"": 1207342.0, ""ma10"": 1099539.0, ""vol60"": 2387917.0, ""vol120"": 2487871.0}","{""ma25"": 50.03, ""ma25_slope"": 0.16, ""vol5"": 1207342.0, ""vol60"": 2387917.0, ""vol120"": 2487871.0, ""vol_ratio_5_60"": 0.5056, ""low_vs_ma25_pct"": -2.4663, ""close_vs_ma25_pct"": -0.4677, ""body_size"": 0.4, ""upper_shadow"": 0.0, ""lower_shadow"": 1.0, ""pullback_count_25ma"": 14, ""first_pullback_flag"": 0, ""hard_filter_pass"": 0, ""pattern_type"": ""trap\u9677\u9631"", ""score"": 20.0}",-193981,-193981,0,"{""ema12"": 49.83, ""ema26"": 50.04, ""ema50"": 50.18}",130.18,0.0704,0.3217,49.81,"{""bias5"": 0.61, ""bias10"": 0.13, ""bias20"": -1.25}",185.62,-61.88,-95.2035,"{""k"": 23.64, ""d"": 24.64}",-1.6,996.2,-8451080,33.33,1040.1,-3.11,21.74,-6693406,91.04,49.65,-75,,,,,,,,,,,,,-193981,193981,-193981,,,-3,0.8
20260907,1536,和大,1747462,85274833,50,50,48.6,48.95,-0.85,1451,"-927,000",0,0,"{""upper"": 52.1, ""middle"": 50.21, ""lower"": 48.32}","{""upper"": 52.1, ""middle"": 50.21, ""lower"": 48.32}","{""upper"": 52.1, ""middle"": 50.21, ""lower"": 48.32}","{""cdp"": 49.12, ""ah"": 50.52, ""nh"": 49.65, ""nl"": 48.25, ""al"": 47.73}","{""ma5"": 49.29, ""ma10"": 49.69, ""ma20"": 50.21, ""ma25"": 50.28, ""ma60"": 50.03}","{""current_price"": 48.95, ""pb_high"": 101.25, ""pb_mid_high"": 75.94, ""pb_fair"": 50.62, ""pb_mid_low"": 40.5, ""pb_low"": 25.31}",25.31,"{""current_price"": 48.95, ""pe_high"": 75.05, ""pe_mid_high"": 60.04, ""pe_fair"": 50.03, ""pe_mid_low"": 40.03, ""pe_low"": 30.02}",51.34,"{""line1"": 53.48, ""line2"": 51.76, ""line3"": 49.89, ""line4"": 48.45, ""line5"": 46.83}","{""pdi"": 21.87, ""mdi"": 19.79, ""adx"": 5.0}","{""k"": 16.06, ""d"": 20.55, ""j"": 7.09}","{""dif"": -0.3, ""dea"": -0.16, ""dem"": -0.16, ""osc"": -0.27, ""mac"": -0.27}","{""rsi6"": 35.56, ""rsi12"": 40.88, ""rsi24"": 50.68}","{""current"": 1747462.0, ""ma5"": 1518711.0, ""ma10"": 1253906.0, ""vol60"": 2379570.0, ""vol120"": 2497536.0}","{""ma25"": 50.28, ""ma25_slope"": 0.092, ""vol5"": 1518711.0, ""vol60"": 2379570.0, ""vol120"": 2497536.0, ""vol_ratio_5_60"": 0.6382, ""low_vs_ma25_pct"": -3.349, ""close_vs_ma25_pct"": -2.6529, ""body_size"": 1.05, ""upper_shadow"": 0.0, ""lower_shadow"": 0.35, ""pullback_count_25ma"": 13, ""first_pullback_flag"": 0, ""hard_filter_pass"": 0, ""pattern_type"": ""trap\u9677\u9631"", ""score"": 0.0}",-927000,-927000,0,"{""ema12"": 49.64, ""ema26"": 49.88, ""ema50"": 50.11}",129.64,0.0753,0.1673,49.62,"{""bias5"": -0.69, ""bias10"": -1.49, ""bias20"": -2.5}",213.77,-92.95,0,"{""k"": 16.06, ""d"": 20.55}",-1.25,990.6,-7517032,33.33,1025.99,-2.49,7.78,-11258869,112.19,49.12,-90,,,,,,,,,,,,,-927000,927000,-927000,,,-6,0.6
20260908,1536,和大,1643040,79040018,48.9,48.9,47.85,47.9,-1.05,1437,"-1,014,357",0,0,"{""upper"": 52.23, ""middle"": 50.16, ""lower"": 48.08}","{""upper"": 52.23, ""middle"": 50.16, ""lower"": 48.08}","{""upper"": 52.23, ""middle"": 50.16, ""lower"": 48.08}","{""cdp"": 49.12, ""ah"": 50.52, ""nh"": 49.65, ""nl"": 48.25, ""al"": 47.73}","{""ma5"": 49.08, ""ma10"": 49.59, ""ma20"": 50.16, ""ma25"": 50.24, ""ma60"": 50.02}","{""current_price"": 47.9, ""pb_high"": 101.23, ""pb_mid_high"": 75.92, ""pb_fair"": 50.62, ""pb_mid_low"": 40.49, ""pb_low"": 25.31}",25.31,"{""current_price"": 47.9, ""pe_high"": 75.03, ""pe_mid_high"": 60.02, ""pe_fair"": 50.02, ""pe_mid_low"": 40.01, ""pe_low"": 30.01}",51.33,"{""line1"": 53.52, ""line2"": 51.77, ""line3"": 49.86, ""line4"": 48.37, ""line5"": 46.72}","{""pdi"": 22.22, ""mdi"": 24.07, ""adx"": 4.0}","{""k"": 13.12, ""d"": 19.57, ""j"": 0.23}","{""dif"": -0.38, ""dea"": -0.18, ""dem"": -0.18, ""osc"": -0.41, ""mac"": -0.41}","{""rsi6"": 24.24, ""rsi12"": 35.44, ""rsi24"": 47.3}","{""current"": 1643040.0, ""ma5"": 1497827.0, ""ma10"": 1243464.0, ""vol60"": 2377829.0, ""vol120"": 2496666.0}","{""ma25"": 50.24, ""ma25_slope"": 0.05, ""vol5"": 1497827.0, ""vol60"": 2377829.0, ""vol120"": 2496666.0, ""vol_ratio_5_60"": 0.6299, ""low_vs_ma25_pct"": -4.761, ""close_vs_ma25_pct"": -4.6614, ""body_size"": 1.0, ""upper_shadow"": 0.0, ""lower_shadow"": 0.05, ""pullback_count_25ma"": 13, ""first_pullback_flag"": 0, ""hard_filter_pass"": 0, ""pattern_type"": ""trap\u9677\u9631"", ""score"": 0.0}",-1014357,-1014357,0,"{""ema12"": 49.48, ""ema26"": 49.81, ""ema50"": 50.07}",132.2,0.0828,-0.0431,49.46,"{""bias5"": -2.4, ""bias10"": -3.4, ""bias20"": -4.5}",195.53,-191.26,-59.113,"{""k"": 13.12, ""d"": 19.57}",-2.3,990.6,-9160072,33.33,1048.48,-4.58,0.95,-11154447,102.59,48.14,-98.82,,,,,,,,,,,,,-1014357,1014357,-1014357,,,-7,0.5
20260909,1536,和大,650771,31223860,47.9,48.3,47.6,48,0.1,549,"-97,990",0,0,"{""upper"": 52.14, ""middle"": 49.98, ""lower"": 47.81}","{""upper"": 52.14, ""middle"": 49.98, ""lower"": 47.81}","{""upper"": 52.14, ""middle"": 49.98, ""lower"": 47.81}","{""cdp"": 48.14, ""ah"": 49.19, ""nh"": 48.43, ""nl"": 47.38, ""al"": 47.09}","{""ma5"": 48.77, ""ma10"": 49.38, ""ma20"": 49.98, ""ma25"": 50.21, ""ma60"": 50.0}","{""current_price"": 48.0, ""pb_high"": 101.16, ""pb_mid_high"": 75.87, ""pb_fair"": 50.58, ""pb_mid_low"": 40.47, ""pb_low"": 25.29}",25.29,"{""current_price"": 48.0, ""pe_high"": 75.0, ""pe_mid_high"": 60.0, ""pe_fair"": 50.0, ""pe_mid_low"": 40.0, ""pe_low"": 30.0}",51.32,"{""line1"": 53.51, ""line2"": 51.78, ""line3"": 49.82, ""line4"": 48.12, ""line5"": 46.45}","{""pdi"": 22.95, ""mdi"": 21.31, ""adx"": 3.7}","{""k"": 11.85, ""d"": 16.99, ""j"": 1.55}","{""dif"": -0.47, ""dea"": -0.24, ""dem"": -0.24, ""osc"": -0.47, ""mac"": -0.47}","{""rsi6"": 28.57, ""rsi12"": 41.13, ""rsi24"": 42.36}","{""current"": 650771.0, ""ma5"": 1495150.0, ""ma10"": 1238889.0, ""vol60"": 2352972.0, ""vol120"": 2484125.0}","{""ma25"": 50.21, ""ma25_slope"": -0.03, ""vol5"": 1495150.0, ""vol60"": 2352972.0, ""vol120"": 2484125.0, ""vol_ratio_5_60"": 0.6354, ""low_vs_ma25_pct"": -5.2019, ""close_vs_ma25_pct"": -4.4053, ""body_size"": 0.1, ""upper_shadow"": 0.3, ""lower_shadow"": 0.3, ""pullback_count_25ma"": 13, ""first_pullback_flag"": 0, ""hard_filter_pass"": 0, ""pattern_type"": ""trap\u9677\u9631"", ""score"": 0.0}",-97990,-97990,0,"{""ema12"": 49.27, ""ema26"": 49.67, ""ema50"": 50.02}",128.65,0.0867,0.0441,49.2,"{""bias5"": -1.58, ""bias10"": -2.78, ""bias20"": -3.95}",178.11,-186.5,-45.715,"{""k"": 11.85, ""d"": 16.99}",-1.25,948.78,-7130770,41.67,1046.29,-2.54,7.27,-8981872,99.28,47.98,-91.11,,,,,,,,,,,,,-97990,97990,-97990,,,-5,0.5
20260910,1536,和大,1026883,49227701,48,48.4,47.5,47.8,-0.2,815,"224,259",0,0,"{""upper"": 52.09, ""middle"": 49.8, ""lower"": 47.52}","{""upper"": 52.09, ""middle"": 49.8, ""lower"": 47.52}","{""upper"": 52.09, ""middle"": 49.8, ""lower"": 47.52}","{""cdp"": 47.98, ""ah"": 48.67, ""nh"": 48.35, ""nl"": 47.65, ""al"": 47.28}","{""ma5"": 48.49, ""ma10"": 49.05, ""ma20"": 49.8, ""ma25"": 50.12, ""ma60"": 49.98}","{""current_price"": 47.8, ""pb_high"": 101.09, ""pb_mid_high"": 75.81, ""pb_fair"": 50.54, ""pb_mid_low"": 40.43, ""pb_low"": 25.27}",25.27,"{""current_price"": 47.8, ""pe_high"": 74.98, ""pe_mid_high"": 59.98, ""pe_fair"": 49.98, ""pe_mid_low"": 39.99, ""pe_low"": 29.99}",50.15,"{""line1"": 53.53, ""line2"": 51.74, ""line3"": 49.78, ""line4"": 47.91, ""line5"": 46.2}","{""pdi"": 23.86, ""mdi"": 18.75, ""adx"": 12.0}","{""k"": 10.46, ""d"": 14.82, ""j"": 1.75}","{""dif"": -0.55, ""dea"": -0.3, ""dem"": -0.3, ""osc"": -0.5, ""mac"": -0.5}","{""rsi6"": 22.22, ""rsi12"": 40.85, ""rsi24"": 35.61}","{""current"": 1026883.0, ""ma5"": 1248917.0, ""ma10"": 1216171.0, ""vol60"": 2340434.0, ""vol120"": 2477769.0}","{""ma25"": 50.12, ""ma25_slope"": -0.096, ""vol5"": 1248917.0, ""vol60"": 2340434.0, ""vol120"": 2477769.0, ""vol_ratio_5_60"": 0.5336, ""low_vs_ma25_pct"": -5.2199, ""close_vs_ma25_pct"": -4.6213, ""body_size"": 0.2, ""upper_shadow"": 0.4, ""lower_shadow"": 0.3, ""pullback_count_25ma"": 13, ""first_pullback_flag"": 0, ""hard_filter_pass"": 0, ""pattern_type"": ""trap\u9677\u9631"", ""score"": 0.0}",224259,224259,0,"{""ema12"": 49.04, ""ema26"": 49.52, ""ema50"": 49.93}",111.08,0.0918,0.0613,48.97,"{""bias5"": -1.42, ""bias10"": -2.54, ""bias20"": -4.03}",163.27,-151.88,0,"{""k"": 10.46, ""d"": 14.82}",-1.3,915.76,-5592174,41.67,1046.29,-2.65,5.36,-8971179,85,47.88,-93.48,,,,,,,,,,,,,224259,-224259,224259,,,-7,0.5
20260911,1536,和大,824471,39282246,47.3,48.15,47.2,47.35,-0.45,695,"64,299",0,0,"{""upper"": 51.76, ""middle"": 49.39, ""lower"": 47.01}","{""upper"": 51.76, ""middle"": 49.39, ""lower"": 47.01}","{""upper"": 51.76, ""middle"": 49.39, ""lower"": 47.01}","{""cdp"": 47.51, ""ah"": 48.46, ""nh"": 47.83, ""nl"": 46.88, ""al"": 46.56}","{""ma5"": 47.68, ""ma10"": 48.52, ""ma20"": 49.39, ""ma25"": 49.8, ""ma60"": 49.91}","{""current_price"": 47.35, ""pb_high"": 100.91, ""pb_mid_high"": 75.69, ""pb_fair"": 50.46, ""pb_mid_low"": 40.37, ""pb_low"": 25.23}",25.23,"{""current_price"": 47.35, ""pe_high"": 74.87, ""pe_mid_high"": 59.9, ""pe_fair"": 49.91, ""pe_mid_low"": 39.93, ""pe_low"": 29.95}",48.87,"{""line1"": 53.49, ""line2"": 51.71, ""line3"": 49.55, ""line4"": 47.45, ""line5"": 45.72}","{""pdi"": 24.21, ""mdi"": 16.71, ""adx"": 18.31}","{""k"": 6.63, ""d"": 10.61, ""j"": -1.32}","{""dif"": -0.71, ""dea"": -0.44, ""dem"": -0.44, ""osc"": -0.54, ""mac"": -0.54}","{""rsi6"": 3.77, ""rsi12"": 16.22, ""rsi24"": 33.99}","{""current"": 824471.0, ""ma5"": 993927.0, ""ma10"": 1189146.0, ""vol60"": 2329660.0, ""vol120"": 2445237.0}","{""ma25"": 49.8, ""ma25_slope"": -0.146, ""vol5"": 993927.0, ""vol60"": 2329660.0, ""vol120"": 2445237.0, ""vol_ratio_5_60"": 0.4266, ""low_vs_ma25_pct"": -5.2209, ""close_vs_ma25_pct"": -4.9197, ""body_size"": 0.05, ""upper_shadow"": 0.8, ""lower_shadow"": 0.1, ""pullback_count_25ma"": 13, ""first_pullback_flag"": 0, ""hard_filter_pass"": 0, ""pattern_type"": ""trap\u9677\u9631"", ""score"": 0.0}",64299,64299,0,"{""ema12"": 48.57, ""ema26"": 49.2, ""ema50"": 49.73}",101.74,0.0961,0.0711,48.47,"{""bias5"": -0.69, ""bias10"": -2.42, ""bias20"": -4.12}",144.14,-112.6,0,"{""k"": 6.63, ""d"": 10.61}",-3.75,915.76,-732202,25,1075.84,-7.34,2.68,-8161982,62.38,47.51,-96.94,,,,,,,,,,,,,64299,-64299,64299,,,-6,0.6
20260914,1536,和大,740053,34753692,47.15,47.4,46.7,46.85,-0.5,756,"-185,568",0,0,"{""upper"": 51.73, ""middle"": 49.15, ""lower"": 46.58}","{""upper"": 51.73, ""middle"": 49.15, ""lower"": 46.58}","{""upper"": 51.73, ""middle"": 49.15, ""lower"": 46.58}","{""cdp"": 46.95, ""ah"": 47.65, ""nh"": 47.2, ""nl"": 46.5, ""al"": 46.25}","{""ma5"": 47.37, ""ma10"": 48.23, ""ma20"": 49.15, ""ma25"": 49.6, ""ma60"": 49.87}","{""current_price"": 46.85, ""pb_high"": 100.8, ""pb_mid_high"": 75.6, ""pb_fair"": 50.4, ""pb_mid_low"": 40.32, ""pb_low"": 25.2}",25.2,"{""current_price"": 46.85, ""pe_high"": 74.81, ""pe_mid_high"": 59.84, ""pe_fair"": 49.87, ""pe_mid_low"": 39.9, ""pe_low"": 29.92}",48.37,"{""line1"": 53.48, ""line2"": 51.72, ""line3"": 49.41, ""line4"": 47.19, ""line5"": 45.42}","{""pdi"": 21.52, ""mdi"": 20.61, ""adx"": 2.16}","{""k"": 5.4, ""d"": 8.85, ""j"": -1.49}","{""dif"": -0.82, ""dea"": -0.52, ""dem"": -0.52, ""osc"": -0.6, ""mac"": -0.6}","{""rsi6"": 4.35, ""rsi12"": 17.14, ""rsi24"": 31.66}","{""current"": 740053.0, ""ma5"": 796446.0, ""ma10"": 1147136.0, ""vol60"": 2318720.0, ""vol120"": 2406575.0}","{""ma25"": 49.6, ""ma25_slope"": -0.182, ""vol5"": 796446.0, ""vol60"": 2318720.0, ""vol120"": 2406575.0, ""vol_ratio_5_60"": 0.3435, ""low_vs_ma25_pct"": -5.843, ""close_vs_ma25_pct"": -5.5405, ""body_size"": 0.3, ""upper_shadow"": 0.25, ""lower_shadow"": 0.15, ""pullback_count_25ma"": 13, ""first_pullback_flag"": 0, ""hard_filter_pass"": 0, ""pattern_type"": ""trap\u9677\u9631"", ""score"": 0.0}",-185568,-185568,0,"{""ema12"": 48.23, ""ema26"": 48.99, ""ema50"": 49.6}",91.69,0.1048,0.053,48.11,"{""bias5"": -1.1, ""bias10"": -2.85, ""bias20"": -4.68}",142.35,-114.15,0,"{""k"": 5.4, ""d"": 8.85}",-3.45,956.99,-2721259,25,1087.32,-6.86,2.46,-8995355,65.1,46.95,-97.22,,,,,,,,,,,,,-185568,185568,-185568,,,-8,0.33
20260915,1536,和大,1446637,67049740,46.85,47.05,46,46,-0.85,1291,"-783,000",0,0,"{""upper"": 51.86, ""middle"": 49.11, ""lower"": 46.36}","{""upper"": 51.86, ""middle"": 49.11, ""lower"": 46.36}","{""upper"": 51.86, ""middle"": 49.11, ""lower"": 46.36}","{""cdp"": 46.95, ""ah"": 47.65, ""nh"": 47.2, ""nl"": 46.5, ""al"": 46.25}","{""ma5"": 47.2, ""ma10"": 48.14, ""ma20"": 49.11, ""ma25"": 49.56, ""ma60"": 49.86}","{""current_price"": 46.0, ""pb_high"": 100.79, ""pb_mid_high"": 75.59, ""pb_fair"": 50.39, ""pb_mid_low"": 40.32, ""pb_low"": 25.2}",25.2,"{""current_price"": 46.0, ""pe_high"": 74.78, ""pe_mid_high"": 59.83, ""pe_fair"": 49.86, ""pe_mid_low"": 39.89, ""pe_low"": 29.91}",48.35,"{""line1"": 53.54, ""line2"": 51.74, ""line3"": 49.38, ""line4"": 47.1, ""line5"": 45.3}","{""pdi"": 21.07, ""mdi"": 24.33, ""adx"": 7.19}","{""k"": 4.34, ""d"": 8.49, ""j"": -3.97}","{""dif"": -0.89, ""dea"": -0.53, ""dem"": -0.53, ""osc"": -0.71, ""mac"": -0.71}","{""rsi6"": 3.17, ""rsi12"": 14.75, ""rsi24"": 29.71}","{""current"": 1446637.0, ""ma5"": 937763.0, ""ma10"": 1217795.0, ""vol60"": 2330497.0, ""vol120"": 2412463.0}","{""ma25"": 49.56, ""ma25_slope"": -0.216, ""vol5"": 937763.0, ""vol60"": 2330497.0, ""vol120"": 2412463.0, ""vol_ratio_5_60"": 0.4024, ""low_vs_ma25_pct"": -7.1907, ""close_vs_ma25_pct"": -7.1907, ""body_size"": 0.85, ""upper_shadow"": 0.2, ""lower_shadow"": 0.0, ""pullback_count_25ma"": 13, ""first_pullback_flag"": 0, ""hard_filter_pass"": 0, ""pattern_type"": ""trap\u9677\u9631"", ""score"": 0.0}",-783000,-783000,0,"{""ema12"": 48.1, ""ema26"": 48.93, ""ema50"": 49.57}",89.36,0.1119,-0.0658,47.97,"{""bias5"": -2.54, ""bias10"": -4.45, ""bias20"": -6.33}",133.22,-142.21,-38.1056,"{""k"": 4.34, ""d"": 8.49}",-4.3,974.67,-4167896,25,1087.32,-8.55,0,-9701939,59.88,46.26,-100,,,,,,,,,,,,,-783000,783000,-783000,,,-9,0.29
20260916,1536,和大,1697948,78473141,46.1,46.5,46,46.25,0.25,694,"-248,000",0,0,"{""upper"": 51.57, ""middle"": 48.64, ""lower"": 45.72}","{""upper"": 51.57, ""middle"": 48.64, ""lower"": 45.72}","{""upper"": 51.57, ""middle"": 48.64, ""lower"": 45.72}","{""cdp"": 46.25, ""ah"": 46.75, ""nh"": 46.5, ""nl"": 46.0, ""al"": 45.75}","{""ma5"": 46.54, ""ma10"": 47.52, ""ma20"": 48.64, ""ma25"": 49.15, ""ma60"": 49.77}","{""current_price"": 46.25, ""pb_high"": 100.63, ""pb_mid_high"": 75.47, ""pb_fair"": 50.32, ""pb_mid_low"": 40.25, ""pb_low"": 25.16}",25.16,"{""current_price"": 46.25, ""pe_high"": 74.66, ""pe_mid_high"": 59.73, ""pe_fair"": 49.77, ""pe_mid_low"": 39.82, ""pe_low"": 29.86}",48.11,"{""line1"": 53.58, ""line2"": 51.82, ""line3"": 49.16, ""line4"": 46.6, ""line5"": 44.68}","{""pdi"": 13.17, ""mdi"": 29.18, ""adx"": 37.82}","{""k"": 5.33, ""d"": 6.64, ""j"": 2.73}","{""dif"": -1.02, ""dea"": -0.7, ""dem"": -0.7, ""osc"": -0.64, ""mac"": -0.64}","{""rsi6"": 11.11, ""rsi12"": 21.3, ""rsi24"": 27.63}","{""current"": 1697948.0, ""ma5"": 1281411.0, ""ma10"": 1265164.0, ""vol60"": 2346076.0, ""vol120"": 2403767.0}","{""ma25"": 49.15, ""ma25_slope"": -0.198, ""vol5"": 1281411.0, ""vol60"": 2346076.0, ""vol120"": 2403767.0, ""vol_ratio_5_60"": 0.5462, ""low_vs_ma25_pct"": -6.4128, ""close_vs_ma25_pct"": -5.9041, ""body_size"": 0.15, ""upper_shadow"": 0.25, ""lower_shadow"": 0.1, ""pullback_count_25ma"": 12, ""first_pullback_flag"": 0, ""hard_filter_pass"": 0, ""pattern_type"": ""trap\u9677\u9631"", ""score"": 0.0}",-248000,-248000,0,"{""ema12"": 47.57, ""ema26"": 48.61, ""ema50"": 49.28}",76.77,0.1204,0.0911,47.44,"{""bias5"": -0.62, ""bias10"": -2.66, ""bias20"": -4.92}",113.42,-111.38,0,"{""k"": 5.33, ""d"": 6.64}",-3.1,996.44,-5742854,33.33,1119.66,-6.28,4.1,-6614967,49.74,46.25,-95.37,,,,,,,,,,,,,-248000,248000,-248000,,,-6,0.33
20260917,1536,和大,878684,40883236,46.2,46.8,46.2,46.65,0.4,772,"370,000",0,0,"{""upper"": 51.53, ""middle"": 48.66, ""lower"": 45.8}","{""upper"": 51.53, ""middle"": 48.66, ""lower"": 45.8}","{""upper"": 51.53, ""middle"": 48.66, ""lower"": 45.8}","{""cdp"": 46.25, ""ah"": 46.75, ""nh"": 46.5, ""nl"": 46.0, ""al"": 45.75}","{""ma5"": 46.62, ""ma10"": 47.55, ""ma20"": 48.66, ""ma25"": 49.17, ""ma60"": 49.78}","{""current_price"": 46.65, ""pb_high"": 100.64, ""pb_mid_high"": 75.48, ""pb_fair"": 50.32, ""pb_mid_low"": 40.26, ""pb_low"": 25.16}",25.16,"{""current_price"": 46.65, ""pe_high"": 74.67, ""pe_mid_high"": 59.74, ""pe_fair"": 49.78, ""pe_mid_low"": 39.82, ""pe_low"": 29.87}",48.11,"{""line1"": 53.55, ""line2"": 51.81, ""line3"": 49.17, ""line4"": 46.64, ""line5"": 44.74}","{""pdi"": 15.19, ""mdi"": 28.98, ""adx"": 31.2}","{""k"": 8.67, ""d"": 7.75, ""j"": 10.51}","{""dif"": -0.99, ""dea"": -0.69, ""dem"": -0.69, ""osc"": -0.59, ""mac"": -0.59}","{""rsi6"": 24.53, ""rsi12"": 26.72, ""rsi24"": 29.81}","{""current"": 878684.0, ""ma5"": 1117559.0, ""ma10"": 1183238.0, ""vol60"": 2332421.0, ""vol120"": 2396940.0}","{""ma25"": 49.17, ""ma25_slope"": -0.182, ""vol5"": 1117559.0, ""vol60"": 2332421.0, ""vol120"": 2396940.0, ""vol_ratio_5_60"": 0.4791, ""low_vs_ma25_pct"": -6.0364, ""close_vs_ma25_pct"": -5.1212, ""body_size"": 0.45, ""upper_shadow"": 0.15, ""lower_shadow"": 0.0, ""pullback_count_25ma"": 12, ""first_pullback_flag"": 0, ""hard_filter_pass"": 0, ""pattern_type"": ""trap\u9677\u9631"", ""score"": 0.0}",370000,370000,0,"{""ema12"": 47.63, ""ema26"": 48.64, ""ema50"": 49.3}",78.35,0.1179,0.1487,47.51,"{""bias5"": 0.06, ""bias10"": -1.9, ""bias20"": -4.14}",117.01,-97.14,17.071,"{""k"": 8.67, ""d"": 7.75}",-2.7,996.44,-4864170,41.67,1110.06,-5.47,10.66,-7434231,51.94,46.58,-87.96,,,,,,,,,,,,,370000,-370000,370000,,,-5,0.5
20260918,1536,和大,1030923,47846677,46.7,46.9,46.2,46.35,-0.3,809,"-293,349",0,0,"{""upper"": 51.42, ""middle"": 48.47, ""lower"": 45.53}","{""upper"": 51.42, ""middle"": 48.47, ""lower"": 45.53}","{""upper"": 51.42, ""middle"": 48.47, ""lower"": 45.53}","{""cdp"": 46.58, ""ah"": 47.17, ""nh"": 46.95, ""nl"": 46.35, ""al"": 45.98}","{""ma5"": 46.42, ""ma10"": 47.21, ""ma20"": 48.47, ""ma25"": 48.94, ""ma60"": 49.69}","{""current_price"": 46.35, ""pb_high"": 100.55, ""pb_mid_high"": 75.41, ""pb_fair"": 50.27, ""pb_mid_low"": 40.22, ""pb_low"": 25.14}",25.14,"{""current_price"": 46.35, ""pe_high"": 74.54, ""pe_mid_high"": 59.63, ""pe_fair"": 49.69, ""pe_mid_low"": 39.75, ""pe_low"": 29.82}",47.37,"{""line1"": 53.56, ""line2"": 51.83, ""line3"": 49.13, ""line4"": 46.45, ""line5"": 44.5}","{""pdi"": 16.13, ""mdi"": 24.37, ""adx"": 20.35}","{""k"": 9.8, ""d"": 8.43, ""j"": 12.54}","{""dif"": -1.02, ""dea"": -0.76, ""dem"": -0.76, ""osc"": -0.52, ""mac"": -0.52}","{""rsi6"": 23.64, ""rsi12"": 22.88, ""rsi24"": 31.23}","{""current"": 1030923.0, ""ma5"": 1158849.0, ""ma10"": 1168687.0, ""vol60"": 2277463.0, ""vol120"": 2391423.0}","{""ma25"": 48.94, ""ma25_slope"": -0.226, ""vol5"": 1158849.0, ""vol60"": 2277463.0, ""vol120"": 2391423.0, ""vol_ratio_5_60"": 0.5088, ""low_vs_ma25_pct"": -5.6025, ""close_vs_ma25_pct"": -5.2961, ""body_size"": 0.35, ""upper_shadow"": 0.2, ""lower_shadow"": 0.15, ""pullback_count_25ma"": 12, ""first_pullback_flag"": 0, ""hard_filter_pass"": 0, ""pattern_type"": ""trap\u9677\u9631"", ""score"": 0.0}",-293349,-293349,0,"{""ema12"": 47.43, ""ema26"": 48.51, ""ema50"": 49.2}",82.79,0.1215,0.1397,47.36,"{""bias5"": -0.15, ""bias10"": -1.82, ""bias20"": -4.38}",118.82,-88.88,3.395,"{""k"": 9.8, ""d"": 8.43}",-3.2,1002.89,-8296786,33.33,1097.16,-6.46,5.74,-9349042,51.96,46.45,-93.52,,,,,,,,,,,,,-293349,293349,-293349,,,-5,0.5
20260921,1536,和大,482448,22504874,46.5,46.9,46.3,46.75,0.4,486,"100,019",0,0,"{""upper"": 51.36, ""middle"": 48.35, ""lower"": 45.33}","{""upper"": 51.36, ""middle"": 48.35, ""lower"": 45.33}","{""upper"": 51.36, ""middle"": 48.35, ""lower"": 45.33}","{""cdp"": 46.45, ""ah"": 47.15, ""nh"": 46.7, ""nl"": 46.0, ""al"": 45.75}","{""ma5"": 46.4, ""ma10"": 46.99, ""ma20"": 48.35, ""ma25"": 48.77, ""ma60"": 49.66}","{""current_price"": 46.75, ""pb_high"": 100.47, ""pb_mid_high"": 75.36, ""pb_fair"": 50.24, ""pb_mid_low"": 40.19, ""pb_low"": 25.12}",25.12,"{""current_price"": 46.75, ""pe_high"": 74.48, ""pe_mid_high"": 59.59, ""pe_fair"": 49.66, ""pe_mid_low"": 39.72, ""pe_low"": 29.79}",46.02,"{""line1"": 53.42, ""line2"": 51.77, ""line3"": 49.16, ""line4"": 46.3, ""line5"": 44.4}","{""pdi"": 15.13, ""mdi"": 25.09, ""adx"": 24.77}","{""k"": 16.95, ""d"": 11.27, ""j"": 28.31}","{""dif"": -0.99, ""dea"": -0.8, ""dem"": -0.8, ""osc"": -0.38, ""mac"": -0.38}","{""rsi6"": 38.89, ""rsi12"": 29.41, ""rsi24"": 33.59}","{""current"": 482448.0, ""ma5"": 1107328.0, ""ma10"": 1042186.0, ""vol60"": 2236281.0, ""vol120"": 2385109.0}","{""ma25"": 48.77, ""ma25_slope"": -0.174, ""vol5"": 1107328.0, ""vol60"": 2236281.0, ""vol120"": 2385109.0, ""vol_ratio_5_60"": 0.4952, ""low_vs_ma25_pct"": -5.0607, ""close_vs_ma25_pct"": -4.138, ""body_size"": 0.25, ""upper_shadow"": 0.15, ""lower_shadow"": 0.2, ""pullback_count_25ma"": 12, ""first_pullback_flag"": 0, ""hard_filter_pass"": 0, ""pattern_type"": ""trap\u9677\u9631"", ""score"": 0.0}",100019,100019,0,"{""ema12"": 47.34, ""ema26"": 48.34, ""ema50"": 49.08}",74.78,0.1247,0.235,47.28,"{""bias5"": 0.75, ""bias10"": -0.51, ""bias20"": -3.3}",111.11,-69.12,6.2183,"{""k"": 16.95, ""d"": 11.27}",-2.45,1010.75,-6200886,41.67,1087.77,-4.98,12.3,-7588410,44.07,46.67,-86.11,,,,,,,,,,,,,100019,-100019,100019,,,-3,0.8
20260922,1536,和大,947570,44019919,47.1,47.1,46.25,46.35,-0.4,894,"-416,019",0,0,"{""upper"": 51.32, ""middle"": 48.21, ""lower"": 45.1}","{""upper"": 51.32, ""middle"": 48.21, ""lower"": 45.1}","{""upper"": 51.32, ""middle"": 48.21, ""lower"": 45.1}","{""cdp"": 46.67, ""ah"": 47.27, ""nh"": 47.05, ""nl"": 46.45, ""al"": 46.07}","{""ma5"": 46.47, ""ma10"": 46.84, ""ma20"": 48.21, ""ma25"": 48.58, ""ma60"": 49.62}","{""current_price"": 46.35, ""pb_high"": 100.39, ""pb_mid_high"": 75.29, ""pb_fair"": 50.19, ""pb_mid_low"": 40.16, ""pb_low"": 25.1}",25.1,"{""current_price"": 46.35, ""pe_high"": 74.43, ""pe_mid_high"": 59.54, ""pe_fair"": 49.62, ""pe_mid_low"": 39.69, ""pe_low"": 29.77}",46.02,"{""line1"": 53.22, ""line2"": 51.61, ""line3"": 49.2, ""line4"": 46.11, ""line5"": 44.27}","{""pdi"": 16.48, ""mdi"": 22.71, ""adx"": 15.89}","{""k"": 16.16, ""d"": 12.9, ""j"": 22.68}","{""dif"": -1.0, ""dea"": -0.84, ""dem"": -0.84, ""osc"": -0.31, ""mac"": -0.31}","{""rsi6"": 40.38, ""rsi12"": 20.0, ""rsi24"": 30.5}","{""current"": 947570.0, ""ma5"": 1007515.0, ""ma10"": 972639.0, ""vol60"": 2222926.0, ""vol120"": 2381833.0}","{""ma25"": 48.58, ""ma25_slope"": -0.186, ""vol5"": 1007515.0, ""vol60"": 2222926.0, ""vol120"": 2381833.0, ""vol_ratio_5_60"": 0.4532, ""low_vs_ma25_pct"": -4.8001, ""close_vs_ma25_pct"": -4.5943, ""body_size"": 0.75, ""upper_shadow"": 0.0, ""lower_shadow"": 0.1, ""pullback_count_25ma"": 11, ""first_pullback_flag"": 0, ""hard_filter_pass"": 0, ""pattern_type"": ""trap\u9677\u9631"", ""score"": 0.0}",-416019,-416019,0,"{""ema12"": 47.17, ""ema26"": 48.17, ""ema50"": 49.0}",78.44,0.1292,0.2013,47.11,"{""bias5"": -0.26, ""bias10"": -1.04, ""bias20"": -3.86}",109.71,-65.27,6.7277,"{""k"": 16.16, ""d"": 12.9}",-3.45,1019.48,-9832447,33.33,1092,-6.93,5.74,-7862909,44.75,46.51,-93.52,,,,,,,,,,,,,-416019,416019,-416019,,,-5,0.5
20260923,1536,和大,476465,22083592,46.3,46.55,46.2,46.3,-0.05,482,"-23,000",0,0,"{""upper"": 51.11, ""middle"": 48.02, ""lower"": 44.93}","{""upper"": 51.11, ""middle"": 48.02, ""lower"": 44.93}","{""upper"": 51.11, ""middle"": 48.02, ""lower"": 44.93}","{""cdp"": 46.51, ""ah"": 47.36, ""nh"": 46.78, ""nl"": 45.93, ""al"": 45.66}","{""ma5"": 46.48, ""ma10"": 46.66, ""ma20"": 48.02, ""ma25"": 48.38, ""ma60"": 49.59}","{""current_price"": 46.3, ""pb_high"": 100.31, ""pb_mid_high"": 75.23, ""pb_fair"": 50.15, ""pb_mid_low"": 40.12, ""pb_low"": 25.08}",25.08,"{""current_price"": 46.3, ""pe_high"": 74.38, ""pe_mid_high"": 59.51, ""pe_fair"": 49.59, ""pe_mid_low"": 39.67, ""pe_low"": 29.75}",47.08,"{""line1"": 53.22, ""line2"": 51.5, ""line3"": 49.19, ""line4"": 45.87, ""line5"": 44.02}","{""pdi"": 5.08, ""mdi"": 26.69, ""adx"": 68.0}","{""k"": 15.43, ""d"": 13.74, ""j"": 18.79}","{""dif"": -0.99, ""dea"": -0.87, ""dem"": -0.87, ""osc"": -0.24, ""mac"": -0.24}","{""rsi6"": 58.33, ""rsi12"": 23.23, ""rsi24"": 32.92}","{""current"": 476465.0, ""ma5"": 763218.0, ""ma10"": 955208.0, ""vol60"": 2203195.0, ""vol120"": 2377546.0}","{""ma25"": 48.38, ""ma25_slope"": -0.204, ""vol5"": 763218.0, ""vol60"": 2203195.0, ""vol120"": 2377546.0, ""vol_ratio_5_60"": 0.3464, ""low_vs_ma25_pct"": -4.502, ""close_vs_ma25_pct"": -4.2953, ""body_size"": 0.0, ""upper_shadow"": 0.25, ""lower_shadow"": 0.1, ""pullback_count_25ma"": 11, ""first_pullback_flag"": 0, ""hard_filter_pass"": 0, ""pattern_type"": ""trap\u9677\u9631"", ""score"": 0.0}",-23000,-23000,0,"{""ema12"": 47.03, ""ema26"": 48.13, ""ema50"": 48.91}",81.82,0.1288,0.222,47.02,"{""bias5"": -0.39, ""bias10"": -0.78, ""bias20"": -3.58}",112.64,-70.83,-22.0373,"{""k"": 15.43, ""d"": 13.74}",-2.65,1019.48,-11830716,33.33,1084.71,-5.41,4.92,-8559427,47.07,46.34,-92.86,,,,,,,,,,,,,-23000,23000,-23000,,,-7,0.5
20260924,1536,和大,996126,46522882,46.6,47,46.3,47,0.7,660,"191,080",0,0,"{""upper"": 50.2, ""middle"": 47.65, ""lower"": 45.1}","{""upper"": 50.2, ""middle"": 47.65, ""lower"": 45.1}","{""upper"": 50.2, ""middle"": 47.65, ""lower"": 45.1}","{""cdp"": 46.83, ""ah"": 47.53, ""nh"": 47.35, ""nl"": 46.65, ""al"": 46.12}","{""ma5"": 46.68, ""ma10"": 46.55, ""ma20"": 47.65, ""ma25"": 48.11, ""ma60"": 49.58}","{""current_price"": 47.0, ""pb_high"": 100.19, ""pb_mid_high"": 75.15, ""pb_fair"": 50.1, ""pb_mid_low"": 40.08, ""pb_low"": 25.05}",25.05,"{""current_price"": 47.0, ""pe_high"": 74.37, ""pe_mid_high"": 59.49, ""pe_fair"": 49.58, ""pe_mid_low"": 39.66, ""pe_low"": 29.75}",46.22,"{""line1"": 53.26, ""line2"": 51.42, ""line3"": 49.05, ""line4"": 45.54, ""line5"": 43.63}","{""pdi"": 10.1, ""mdi"": 24.52, ""adx"": 41.67}","{""k"": 53.03, ""d"": 31.36, ""j"": 96.37}","{""dif"": -0.86, ""dea"": -0.88, ""dem"": -0.88, ""osc"": 0.04, ""mac"": 0.04}","{""rsi6"": 59.46, ""rsi12"": 38.89, ""rsi24"": 40.26}","{""current"": 996126.0, ""ma5"": 779747.0, ""ma10"": 969298.0, ""vol60"": 2185453.0, ""vol120"": 2376225.0}","{""ma25"": 48.11, ""ma25_slope"": -0.128, ""vol5"": 779747.0, ""vol60"": 2185453.0, ""vol120"": 2376225.0, ""vol_ratio_5_60"": 0.3568, ""low_vs_ma25_pct"": -3.7702, ""close_vs_ma25_pct"": -2.3153, ""body_size"": 0.4, ""upper_shadow"": 0.0, ""lower_shadow"": 0.3, ""pullback_count_25ma"": 11, ""first_pullback_flag"": 0, ""hard_filter_pass"": 0, ""pattern_type"": ""trap\u9677\u9631"", ""score"": 0.0}",191080,191080,0,"{""ema12"": 47.0, ""ema26"": 47.93, ""ema50"": 48.83}",77.7,0.107,0.3725,47.04,"{""bias5"": 0.69, ""bias10"": 0.97, ""bias20"": -1.36}",109.34,-22.74,0,"{""k"": 53.03, ""d"": 31.36}",-1,1019.98,-11897262,33.33,1065.93,-2.08,18.52,-6764391,48.7,46.83,-65.52,,,,,,,,,,,,,191080,-191080,191080,,,-4,1
20260929,1536,和大,478397,22327273,47,47.2,46.55,46.55,-0.45,580,"-82,080",0,0,"{""upper"": 50.21, ""middle"": 47.63, ""lower"": 45.05}","{""upper"": 50.21, ""middle"": 47.63, ""lower"": 45.05}","{""upper"": 50.21, ""middle"": 47.63, ""lower"": 45.05}","{""cdp"": 46.83, ""ah"": 47.53, ""nh"": 47.35, ""nl"": 46.65, ""al"": 46.12}","{""ma5"": 46.59, ""ma10"": 46.51, ""ma20"": 47.63, ""ma25"": 48.1, ""ma60"": 49.57}","{""current_price"": 46.55, ""pb_high"": 100.19, ""pb_mid_high"": 75.14, ""pb_fair"": 50.09, ""pb_mid_low"": 40.07, ""pb_low"": 25.05}",25.05,"{""current_price"": 46.55, ""pe_high"": 74.35, ""pe_mid_high"": 59.48, ""pe_fair"": 49.57, ""pe_mid_low"": 39.66, ""pe_low"": 29.74}",47.18,"{""line1"": 53.29, ""line2"": 51.43, ""line3"": 49.04, ""line4"": 45.5, ""line5"": 43.58}","{""pdi"": 12.08, ""mdi"": 24.64, ""adx"": 34.21}","{""k"": 38.01, ""d"": 26.35, ""j"": 61.31}","{""dif"": -0.89, ""dea"": -0.89, ""dem"": -0.89, ""osc"": -0.02, ""mac"": -0.02}","{""rsi6"": 47.83, ""rsi12"": 35.35, ""rsi24"": 38.75}","{""current"": 478397.0, ""ma5"": 676201.0, ""ma10"": 917525.0, ""vol60"": 2176824.0, ""vol120"": 2371911.0}","{""ma25"": 48.1, ""ma25_slope"": -0.146, ""vol5"": 676201.0, ""vol60"": 2176824.0, ""vol120"": 2371911.0, ""vol_ratio_5_60"": 0.3106, ""low_vs_ma25_pct"": -3.2144, ""close_vs_ma25_pct"": -3.2144, ""body_size"": 0.45, ""upper_shadow"": 0.2, ""lower_shadow"": 0.0, ""pullback_count_25ma"": 11, ""first_pullback_flag"": 0, ""hard_filter_pass"": 0, ""pattern_type"": ""trap\u9677\u9631"", ""score"": 0.0}",-82080,-82080,0,"{""ema12"": 46.93, ""ema26"": 47.9, ""ema50"": 48.81}",75.59,0.1083,0.2912,46.97,"{""bias5"": -0.09, ""bias10"": 0.1, ""bias20"": -2.26}",113.1,-22.74,30.5708,"{""k"": 38.01, ""d"": 26.35}",-1.45,1019.98,-12375659,33.33,1076.24,-3.02,10.19,-8238914,46.05,46.71,-81.03,,,,,,,,,,,,,-82080,82080,-82080,,,-5,0.8
20260930,1536,和大,461528,21581382,46.5,46.95,46.5,46.9,0.35,433,"46,000",0,0,"{""upper"": 49.92, ""middle"": 47.49, ""lower"": 45.06}","{""upper"": 49.92, ""middle"": 47.49, ""lower"": 45.06}","{""upper"": 49.92, ""middle"": 47.49, ""lower"": 45.06}","{""cdp"": 46.71, ""ah"": 47.36, ""nh"": 46.88, ""nl"": 46.22, ""al"": 46.06}","{""ma5"": 46.62, ""ma10"": 46.51, ""ma20"": 47.49, ""ma25"": 48.0, ""ma60"": 49.56}","{""current_price"": 46.9, ""pb_high"": 100.15, ""pb_mid_high"": 75.11, ""pb_fair"": 50.07, ""pb_mid_low"": 40.06, ""pb_low"": 25.04}",25.04,"{""current_price"": 46.9, ""pe_high"": 74.33, ""pe_mid_high"": 59.47, ""pe_fair"": 49.56, ""pe_mid_low"": 39.64, ""pe_low"": 29.73}",46.22,"{""line1"": 53.23, ""line2"": 51.26, ""line3"": 48.91, ""line4"": 45.37, ""line5"": 43.47}","{""pdi"": 12.89, ""mdi"": 19.07, ""adx"": 19.35}","{""k"": 50.34, ""d"": 34.35, ""j"": 82.32}","{""dif"": -0.83, ""dea"": -0.87, ""dem"": -0.87, ""osc"": 0.09, ""mac"": 0.09}","{""rsi6"": 61.7, ""rsi12"": 41.18, ""rsi24"": 40.98}","{""current"": 461528.0, ""ma5"": 672017.0, ""ma10"": 889673.0, ""vol60"": 2170700.0, ""vol120"": 2364621.0}","{""ma25"": 48.0, ""ma25_slope"": -0.094, ""vol5"": 672017.0, ""vol60"": 2170700.0, ""vol120"": 2364621.0, ""vol_ratio_5_60"": 0.3096, ""low_vs_ma25_pct"": -3.129, ""close_vs_ma25_pct"": -2.2957, ""body_size"": 0.4, ""upper_shadow"": 0.05, ""lower_shadow"": 0.0, ""pullback_count_25ma"": 11, ""first_pullback_flag"": 0, ""hard_filter_pass"": 0, ""pattern_type"": ""trap\u9677\u9631"", ""score"": 0.0}",46000,46000,0,"{""ema12"": 46.95, ""ema26"": 47.82, ""ema50"": 48.76}",73.7,0.1024,0.3781,47.01,"{""bias5"": 0.6, ""bias10"": 0.84, ""bias20"": -1.25}",118.72,-10.72,-14.6253,"{""k"": 50.34, ""d"": 34.35}",-0.9,1017.99,-10653628,41.67,1068.2,-1.88,16.67,-6915033,51,46.81,-62.5,,,,,,,,,,,,,46000,-46000,46000,,,-3,1.25
20261001,1536,和大,510512,23808320,47.1,47.1,46.5,46.65,-0.25,458,"-159,000",0,0,"{""upper"": 49.3, ""middle"": 47.21, ""lower"": 45.13}","{""upper"": 49.3, ""middle"": 47.21, ""lower"": 45.13}","{""upper"": 49.3, ""middle"": 47.21, ""lower"": 45.13}","{""cdp"": 46.72, ""ah"": 47.32, ""nh"": 46.95, ""nl"": 46.35, ""al"": 46.12}","{""ma5"": 46.75, ""ma10"": 46.61, ""ma20"": 47.21, ""ma25"": 47.77, ""ma60"": 49.47}","{""current_price"": 46.65, ""pb_high"": 100.08, ""pb_mid_high"": 75.06, ""pb_fair"": 50.04, ""pb_mid_low"": 40.03, ""pb_low"": 25.02}",25.02,"{""current_price"": 46.65, ""pe_high"": 74.2, ""pe_mid_high"": 59.36, ""pe_fair"": 49.47, ""pe_mid_low"": 39.57, ""pe_low"": 29.68}",47.18,"{""line1"": 53.11, ""line2"": 50.94, ""line3"": 48.65, ""line4"": 45.08, ""line5"": 43.19}","{""pdi"": 15.05, ""mdi"": 17.2, ""adx"": 6.67}","{""k"": 47.37, ""d"": 41.85, ""j"": 58.42}","{""dif"": -0.76, ""dea"": -0.84, ""dem"": -0.84, ""osc"": 0.16, ""mac"": 0.16}","{""rsi6"": 58.33, ""rsi12"": 47.73, ""rsi24"": 28.71}","{""current"": 510512.0, ""ma5"": 591415.0, ""ma10"": 677316.0, ""vol60"": 2014140.0, ""vol120"": 2345388.0}","{""ma25"": 47.77, ""ma25_slope"": -0.138, ""vol5"": 591415.0, ""vol60"": 2014140.0, ""vol120"": 2345388.0, ""vol_ratio_5_60"": 0.2936, ""low_vs_ma25_pct"": -2.6504, ""close_vs_ma25_pct"": -2.3364, ""body_size"": 0.45, ""upper_shadow"": 0.0, ""lower_shadow"": 0.15, ""pullback_count_25ma"": 11, ""first_pullback_flag"": 0, ""hard_filter_pass"": 0, ""pattern_type"": ""trap\u9677\u9631"", ""score"": 0.0}",-159000,-159000,0,"{""ema12"": 46.86, ""ema26"": 47.59, ""ema50"": 48.58}",73.12,0.0883,0.365,46.89,"{""bias5"": -0.21, ""bias10"": 0.08, ""bias20"": -1.19}",130.23,19.65,0,"{""k"": 47.37, ""d"": 41.85}",-0.2,1031.47,-11227940,41.67,1047.42,-0.43,12.04,-7524488,56.25,46.72,-69.77,,,,,,,,,,,,,-159000,159000,-159000,,,-4,0.6
20261002,1536,和大,424060,19753080,46.65,46.7,46.45,46.65,0,465,"30,400",0,0,"{""upper"": 49.3, ""middle"": 47.21, ""lower"": 45.13}","{""upper"": 49.3, ""middle"": 47.21, ""lower"": 45.13}","{""upper"": 49.3, ""middle"": 47.21, ""lower"": 45.13}","{""cdp"": 46.72, ""ah"": 47.32, ""nh"": 46.95, ""nl"": 46.35, ""al"": 46.12}","{""ma5"": 46.75, ""ma10"": 46.61, ""ma20"": 47.21, ""ma25"": 47.77, ""ma60"": 49.47}","{""current_price"": 46.65, ""pb_high"": 100.08, ""pb_mid_high"": 75.06, ""pb_fair"": 50.04, ""pb_mid_low"": 40.03, ""pb_low"": 25.02}",25.02,"{""current_price"": 46.65, ""pe_high"": 74.2, ""pe_mid_high"": 59.36, ""pe_fair"": 49.47, ""pe_mid_low"": 39.57, ""pe_low"": 29.68}",47.18,"{""line1"": 53.11, ""line2"": 50.94, ""line3"": 48.65, ""line4"": 45.08, ""line5"": 43.19}","{""pdi"": 15.64, ""mdi"": 18.44, ""adx"": 8.2}","{""k"": 47.37, ""d"": 41.85, ""j"": 58.42}","{""dif"": -0.76, ""dea"": -0.84, ""dem"": -0.84, ""osc"": 0.16, ""mac"": 0.16}","{""rsi6"": 58.33, ""rsi12"": 47.73, ""rsi24"": 28.71}","{""current"": 424060.0, ""ma5"": 574125.0, ""ma10"": 668671.0, ""vol60"": 2012699.0, ""vol120"": 2344667.0}","{""ma25"": 47.77, ""ma25_slope"": -0.138, ""vol5"": 574125.0, ""vol60"": 2012699.0, ""vol120"": 2344667.0, ""vol_ratio_5_60"": 0.2853, ""low_vs_ma25_pct"": -2.7551, ""close_vs_ma25_pct"": -2.3364, ""body_size"": 0.0, ""upper_shadow"": 0.05, ""lower_shadow"": 0.2, ""pullback_count_25ma"": 11, ""first_pullback_flag"": 0, ""hard_filter_pass"": 0, ""pattern_type"": ""trap\u9677\u9631"", ""score"": 0.0}",30400,30400,0,"{""ema12"": 46.86, ""ema26"": 47.59, ""ema50"": 48.58}",75.65,0.0883,0.365,46.89,"{""bias5"": -0.21, ""bias10"": 0.08, ""bias20"": -1.19}",125.93,-21.44,-13.2646,"{""k"": 47.37, ""d"": 41.85}",-0.2,1031.47,-11227940,41.67,1047.42,-0.43,12.04,-7013976,56.13,46.61,-69.77,,,,,,,,,,,,,30400,-30400,30400,,,-4,0.6
20260728,2049,上銀,2141856,656301097,314,314,300,300,-23,6548,"-220,591","-30,000",0,"{""upper"": 359.93, ""middle"": 325.68, ""lower"": 291.42}","{""upper"": 359.93, ""middle"": 325.68, ""lower"": 291.42}","{""upper"": 359.93, ""middle"": 325.68, ""lower"": 291.42}","{""cdp"": 319.25, ""ah"": 337.25, ""nh"": 332.0, ""nl"": 314.0, ""al"": 301.25}","{""ma5"": 315.2, ""ma10"": 314.05, ""ma20"": 325.68, ""ma60"": 342.63}","{""current_price"": 300.0, ""pb_high"": 589.85, ""pb_mid_high"": 442.39, ""pb_fair"": 294.93, ""pb_mid_low"": 235.94, ""pb_low"": 147.46}",147.46,"{""current_price"": 300.0, ""pe_high"": 513.95, ""pe_mid_high"": 411.16, ""pe_fair"": 342.63, ""pe_mid_low"": 274.11, ""pe_low"": 205.58}",326.46,"{""line1"": 364.94, ""line2"": 360.79, ""line3"": 328.56, ""line4"": 310.75, ""line5"": 295.38}","{""pdi"": 8.33, ""mdi"": 28.99, ""adx"": 55.34}","{""k"": 40.06, ""d"": 40.38, ""j"": 39.43}","{""dif"": -7.58, ""dem"": -6.38, ""osc"": -2.41, ""mac"": -2.41}","{""rsi6"": 50.0, ""rsi12"": 37.25, ""rsi24"": 41.45}","{""current"": 2141856.0, ""ma5"": 1790621.0, ""ma10"": 2025106.0}",,-250591,-220591,-30000,"{""ema12"": 317.06, ""ema26"": 325.84, ""ema50"": 326.04}",92.49,0.2104,0.1252,316.84,"{""bias5"": -4.82, ""bias10"": -4.47, ""bias20"": -7.88}",107.26,-103.13,-5555.9291,"{""k"": 40.06, ""d"": 40.38}",-31.5,1063.03,14016296,50,1014.39,-9.5,11.32,3627637,144.59,303.5,-85.71,,,,,,,,,,,,,-250591,250591,-250591,,,1,0.8
20260729,2049,上銀,3939420,1152995619,306,314.5,281,290.5,-9.5,6305,"-23,291","-34,000",0,"{""upper"": 361.73, ""middle"": 324.27, ""lower"": 286.82}","{""upper"": 361.73, ""middle"": 324.27, ""lower"": 286.82}","{""upper"": 361.73, ""middle"": 324.27, ""lower"": 286.82}","{""cdp"": 303.5, ""ah"": 317.5, ""nh"": 307.0, ""nl"": 293.0, ""al"": 289.5}","{""ma5"": 309.2, ""ma10"": 310.95, ""ma20"": 324.27, ""ma60"": 342.27}","{""current_price"": 290.5, ""pb_high"": 590.83, ""pb_mid_high"": 443.12, ""pb_fair"": 295.42, ""pb_mid_low"": 236.33, ""pb_low"": 147.71}",147.71,"{""current_price"": 290.5, ""pe_high"": 513.4, ""pe_mid_high"": 410.72, ""pe_fair"": 342.27, ""pe_mid_low"": 273.81, ""pe_low"": 205.36}",326.08,"{""line1"": 366.31, ""line2"": 360.08, ""line3"": 326.68, ""line4"": 307.12, ""line5"": 291.35}","{""pdi"": 7.88, ""mdi"": 31.16, ""adx"": 59.65}","{""k"": 33.59, ""d"": 38.12, ""j"": 24.55}","{""dif"": -9.14, ""dem"": -6.93, ""osc"": -4.42, ""mac"": -4.42}","{""rsi6"": 38.93, ""rsi12"": 34.34, ""rsi24"": 40.66}","{""current"": 3939420.0, ""ma5"": 2084403.0, ""ma10"": 2202926.0}",,-57291,-23291,-34000,"{""ema12"": 312.85, ""ema26"": 323.4, ""ema50"": 324.53}",81.98,0.231,0.0491,312.99,"{""bias5"": -6.05, ""bias10"": -6.58, ""bias20"": -10.42}",100,-147.97,-7866.0057,"{""k"": 33.59, ""d"": 38.12}",-41.5,1097.8,7358115,41.67,1033.21,-12.5,10.61,-3072553,114.94,294.12,-86.43,,,,,,,,,,,,,-57291,57291,-57291,,,-1,0.5
20260730,2049,上銀,2426478,699100676,294,299,279,283,-7.5,3613,"142,400","2,738",0,"{""upper"": 363.72, ""middle"": 322.18, ""lower"": 280.63}","{""upper"": 363.72, ""middle"": 322.18, ""lower"": 280.63}","{""upper"": 363.72, ""middle"": 322.18, ""lower"": 280.63}","{""cdp"": 294.12, ""ah"": 327.62, ""nh"": 307.25, ""nl"": 273.75, ""al"": 260.62}","{""ma5"": 301.9, ""ma10"": 306.05, ""ma20"": 322.18, ""ma60"": 341.68}","{""current_price"": 283.0, ""pb_high"": 591.66, ""pb_mid_high"": 443.74, ""pb_fair"": 295.83, ""pb_mid_low"": 236.66, ""pb_low"": 147.91}",147.91,"{""current_price"": 283.0, ""pe_high"": 512.51, ""pe_mid_high"": 410.01, ""pe_fair"": 341.68, ""pe_mid_low"": 273.34, ""pe_low"": 205.0}",323.59,"{""line1"": 368.91, ""line2"": 359.75, ""line3"": 324.96, ""line4"": 302.04, ""line5"": 285.03}","{""pdi"": 7.81, ""mdi"": 29.54, ""adx"": 58.18}","{""k"": 25.17, ""d"": 33.8, ""j"": 7.91}","{""dif"": -10.85, ""dem"": -7.71, ""osc"": -6.27, ""mac"": -6.27}","{""rsi6"": 17.39, ""rsi12"": 36.4, ""rsi24"": 40.58}","{""current"": 2426478.0, ""ma5"": 2207097.0, ""ma10"": 2221433.0}",,145138,142400,2738,"{""ema12"": 308.3, ""ema26"": 320.74, ""ema50"": 322.8}",75.79,0.2579,0.0285,306.88,"{""bias5"": -6.26, ""bias10"": -7.53, ""bias20"": -12.16}",92.63,-166.18,-7212.0992,"{""k"": 25.17, ""d"": 33.8}",-34,1097.8,2331802,41.67,1044.49,-10.73,4.37,-8016877,98.61,286,-94.44,,,,,,,,,,,,,145138,-145138,145138,,,-3,0.5
20260731,2049,上銀,2065768,632207725,303.5,310.5,302.5,304.5,21.5,2879,"331,027","2,000",0,"{""upper"": 360.35, ""middle"": 319.98, ""lower"": 279.6}","{""upper"": 360.35, ""middle"": 319.98, ""lower"": 279.6}","{""upper"": 360.35, ""middle"": 319.98, ""lower"": 279.6}","{""cdp"": 286.0, ""ah"": 306.0, ""nh"": 293.0, ""nl"": 273.0, ""al"": 266.0}","{""ma5"": 300.2, ""ma10"": 305.9, ""ma20"": 319.98, ""ma60"": 341.4}","{""current_price"": 304.5, ""pb_high"": 592.88, ""pb_mid_high"": 444.66, ""pb_fair"": 296.44, ""pb_mid_low"": 237.15, ""pb_low"": 148.22}",148.22,"{""current_price"": 304.5, ""pe_high"": 512.1, ""pe_mid_high"": 409.68, ""pe_fair"": 341.4, ""pe_mid_low"": 273.12, ""pe_low"": 204.84}",323.59,"{""line1"": 369.83, ""line2"": 358.95, ""line3"": 324.26, ""line4"": 298.43, ""line5"": 281.11}","{""pdi"": 11.62, ""mdi"": 27.78, ""adx"": 41.03}","{""k"": 34.49, ""d"": 34.03, ""j"": 35.41}","{""dif"": -10.35, ""dem"": -8.24, ""osc"": -4.23, ""mac"": -4.23}","{""rsi6"": 40.38, ""rsi12"": 44.01, ""rsi24"": 44.62}","{""current"": 2065768.0, ""ma5"": 2398732.0, ""ma10"": 2142799.0}",,333027,331027,2000,"{""ema12"": 307.22, ""ema26"": 319.28, ""ema50"": 322.05}",81.23,0.2524,0.3084,305.96,"{""bias5"": 1.43, ""bias10"": -0.46, ""bias20"": -4.84}",104.86,-33.3,6777.1405,"{""k"": 34.49, ""d"": 34.03}",-17,1096.11,6535746,41.67,970.75,-5.29,27.87,-10943304,112.13,305.5,-56.03,,,,,,,,,,,,,333027,-333027,333027,,,-3,0.8
20260803,2049,上銀,4393315,1424838868,299.5,334.5,295.5,332,27.5,5993,"445,593","659,616",0,"{""upper"": 357.05, ""middle"": 318.98, ""lower"": 280.9}","{""upper"": 357.05, ""middle"": 318.98, ""lower"": 280.9}","{""upper"": 357.05, ""middle"": 318.98, ""lower"": 280.9}","{""cdp"": 305.5, ""ah"": 313.5, ""nh"": 308.5, ""nl"": 300.5, ""al"": 297.5}","{""ma5"": 302.0, ""ma10"": 309.1, ""ma20"": 318.98, ""ma60"": 341.68}","{""current_price"": 332.0, ""pb_high"": 594.31, ""pb_mid_high"": 445.73, ""pb_fair"": 297.15, ""pb_mid_low"": 237.72, ""pb_low"": 148.58}",148.58,"{""current_price"": 332.0, ""pe_high"": 512.51, ""pe_mid_high"": 410.01, ""pe_fair"": 341.68, ""pe_mid_low"": 273.34, ""pe_low"": 205.0}",280.11,"{""line1"": 369.8, ""line2"": 357.86, ""line3"": 323.9, ""line4"": 298.04, ""line5"": 281.02}","{""pdi"": 19.4, ""mdi"": 18.74, ""adx"": 1.74}","{""k"": 54.83, ""d"": 40.96, ""j"": 82.55}","{""dif"": -7.65, ""dem"": -8.12, ""osc"": 0.94, ""mac"": 0.94}","{""rsi6"": 59.6, ""rsi12"": 50.0, ""rsi24"": 54.48}","{""current"": 4393315.0, ""ma5"": 2993367.0, ""ma10"": 2353632.0}",,1105209,445593,659616,"{""ema12"": 311.24, ""ema26"": 320.18, ""ema50"": 322.27}",94.96,0.2388,0.671,310.47,"{""bias5"": 9.93, ""bias10"": 7.41, ""bias20"": 4.08}",117.91,68.91,7545.555,"{""k"": 54.83, ""d"": 40.96}",0,1039.44,13885262,41.67,970.75,0,57.92,-13606195,131.51,323.5,-8.62,,,,,,,,,,,,,1105209,-1105209,1105209,,,-3,0.8
20260804,2049,上銀,5562635,1881555623,333,350,327.5,332,0,7183,"-406,291","782,000",0,"{""upper"": 350.06, ""middle"": 317.38, ""lower"": 284.69}","{""upper"": 350.06, ""middle"": 317.38, ""lower"": 284.69}","{""upper"": 350.06, ""middle"": 317.38, ""lower"": 284.69}","{""cdp"": 323.5, ""ah"": 362.5, ""nh"": 351.5, ""nl"": 312.5, ""al"": 284.5}","{""ma5"": 308.4, ""ma10"": 311.8, ""ma20"": 317.38, ""ma60"": 341.91}","{""current_price"": 332.0, ""pb_high"": 595.57, ""pb_mid_high"": 446.68, ""pb_fair"": 297.78, ""pb_mid_low"": 238.23, ""pb_low"": 148.89}",148.89,"{""current_price"": 332.0, ""pe_high"": 512.86, ""pe_mid_high"": 410.29, ""pe_fair"": 341.91, ""pe_mid_low"": 273.53, ""pe_low"": 205.15}",280.42,"{""line1"": 370.43, ""line2"": 356.79, ""line3"": 324.07, ""line4"": 297.55, ""line5"": 280.48}","{""pdi"": 23.87, ""mdi"": 18.23, ""adx"": 13.41}","{""k"": 61.43, ""d"": 47.79, ""j"": 88.73}","{""dif"": -5.45, ""dem"": -7.59, ""osc"": 4.28, ""mac"": 4.28}","{""rsi6"": 55.06, ""rsi12"": 59.77, ""rsi24"": 52.52}","{""current"": 5562635.0, ""ma5"": 3677523.0, ""ma10"": 2734072.0}",,375709,-406291,782000,"{""ema12"": 314.55, ""ema26"": 320.75, ""ema50"": 322.46}",99.62,0.206,0.7237,315.61,"{""bias5"": 7.65, ""bias10"": 6.48, ""bias20"": 4.61}",120.74,159.38,9606.5084,"{""k"": 61.43, ""d"": 47.79}",26,1039.44,9241733,41.67,995.38,8.5,61.63,-24519570,124.82,335.38,-25.35,,,,,,,,,,,,,375709,-375709,375709,,,-2,0.6
20260805,2049,上銀,7751136,2768170218,343,365,340.5,365,33,10542,"843,327",-264,0,"{""upper"": 355.42, ""middle"": 318.4, ""lower"": 281.38}","{""upper"": 355.42, ""middle"": 318.4, ""lower"": 281.38}","{""upper"": 355.42, ""middle"": 318.4, ""lower"": 281.38}","{""cdp"": 335.38, ""ah"": 357.88, ""nh"": 343.25, ""nl"": 320.75, ""al"": 312.88}","{""ma5"": 323.3, ""ma10"": 316.25, ""ma20"": 318.4, ""ma60"": 342.67}","{""current_price"": 365.0, ""pb_high"": 597.33, ""pb_mid_high"": 447.99, ""pb_fair"": 298.66, ""pb_mid_low"": 238.93, ""pb_low"": 149.33}",149.33,"{""current_price"": 365.0, ""pe_high"": 514.0, ""pe_mid_high"": 411.2, ""pe_fair"": 342.67, ""pe_mid_low"": 274.13, ""pe_low"": 205.6}",280.72,"{""line1"": 373.81, ""line2"": 357.78, ""line3"": 325.36, ""line4"": 298.16, ""line5"": 279.85}","{""pdi"": 28.21, ""mdi"": 15.21, ""adx"": 29.93}","{""k"": 74.29, ""d"": 56.62, ""j"": 109.62}","{""dif"": -1.03, ""dem"": -6.28, ""osc"": 10.49, ""mac"": 10.49}","{""rsi6"": 82.83, ""rsi12"": 70.31, ""rsi24"": 56.8}","{""current"": 7751136.0, ""ma5"": 4439866.0, ""ma10"": 3262134.0}",,843063,843327,-264,"{""ema12"": 322.74, ""ema26"": 324.28, ""ema50"": 324.35}",116.7,0.2325,1.1294,325.14,"{""bias5"": 12.9, ""bias10"": 15.42, ""bias20"": 14.64}",150.77,229.52,4425.1578,"{""k"": 74.29, ""d"": 56.62}",65,945.47,13691098,50,982.34,21.67,100,-12943555,166.51,358.88,0,,,,,,,,,,,,,843063,-843063,843063,,,0,1
20260806,2049,上銀,12613423,4657261889,360,383.5,357,362,-3,14752,"1,625,273",0,0,"{""upper"": 360.15, ""middle"": 319.5, ""lower"": 278.85}","{""upper"": 360.15, ""middle"": 319.5, ""lower"": 278.85}","{""upper"": 360.15, ""middle"": 319.5, ""lower"": 278.85}","{""cdp"": 358.88, ""ah"": 383.38, ""nh"": 377.25, ""nl"": 352.75, ""al"": 334.38}","{""ma5"": 339.1, ""ma10"": 320.5, ""ma20"": 319.5, ""ma60"": 342.85}","{""current_price"": 362.0, ""pb_high"": 599.07, ""pb_mid_high"": 449.3, ""pb_fair"": 299.53, ""pb_mid_low"": 239.63, ""pb_low"": 149.77}",149.77,"{""current_price"": 362.0, ""pe_high"": 514.28, ""pe_mid_high"": 411.42, ""pe_fair"": 342.85, ""pe_mid_low"": 274.28, ""pe_low"": 205.71}",297.26,"{""line1"": 376.41, ""line2"": 358.48, ""line3"": 326.43, ""line4"": 298.87, ""line5"": 279.6}","{""pdi"": 34.02, ""mdi"": 14.08, ""adx"": 41.45}","{""k"": 76.0, ""d"": 63.08, ""j"": 101.84}","{""dif"": 2.21, ""dem"": -4.58, ""osc"": 13.57, ""mac"": 13.57}","{""rsi6"": 88.65, ""rsi12"": 68.04, ""rsi24"": 52.47}","{""current"": 12613423.0, ""ma5"": 6477255.0, ""ma10"": 4342176.0}",,1625273,1625273,0,"{""ema12"": 328.84, ""ema26"": 327.13, ""ema50"": 325.94}",120.17,0.2545,1.0227,331.94,"{""bias5"": 6.75, ""bias10"": 12.95, ""bias20"": 13.3}",146.3,205.62,3676.6388,"{""k"": 76.0, ""d"": 63.08}",57,953.3,3734166,41.67,962.05,18.69,79.43,2138782,112.5,366.12,-20.57,,,,,,,,,,,,,1625273,-1625273,1625273,,,0,1
20260807,2049,上銀,17347288,6737572253,370,398,368,387,25,24163,"3,854,924","-1,540,000",0,"{""upper"": 372.32, ""middle"": 322.27, ""lower"": 272.23}","{""upper"": 372.32, ""middle"": 322.27, ""lower"": 272.23}","{""upper"": 372.32, ""middle"": 322.27, ""lower"": 272.23}","{""cdp"": 366.12, ""ah"": 392.62, ""nh"": 375.25, ""nl"": 348.75, ""al"": 339.62}","{""ma5"": 355.6, ""ma10"": 327.9, ""ma20"": 322.27, ""ma60"": 343.18}","{""current_price"": 387.0, ""pb_high"": 601.35, ""pb_mid_high"": 451.01, ""pb_fair"": 300.68, ""pb_mid_low"": 240.54, ""pb_low"": 150.34}",150.34,"{""current_price"": 387.0, ""pe_high"": 514.76, ""pe_mid_high"": 411.81, ""pe_fair"": 343.18, ""pe_mid_low"": 274.54, ""pe_low"": 205.91}",297.55,"{""line1"": 382.43, ""line2"": 361.41, ""line3"": 328.03, ""line4"": 300.34, ""line5"": 278.65}","{""pdi"": 36.64, ""mdi"": 8.86, ""adx"": 61.06}","{""k"": 80.92, ""d"": 69.03, ""j"": 104.7}","{""dif"": 6.71, ""dem"": -2.32, ""osc"": 18.07, ""mac"": 18.07}","{""rsi6"": 97.27, ""rsi12"": 69.85, ""rsi24"": 55.93}","{""current"": 17347288.0, ""ma5"": 9533559.0, ""ma10"": 5966146.0}",,2314924,3854924,-1540000,"{""ema12"": 338.01, ""ema26"": 331.9, ""ema50"": 328.44}",124.95,0.3106,1.1467,342.61,"{""bias5"": 8.83, ""bias10"": 18.02, ""bias20"": 20.08}",157.78,188.41,2204.9556,"{""k"": 80.92, ""d"": 69.03}",66.5,891.72,22845091,41.67,969.3,20.75,90.76,21457768,146.2,385,-9.24,,,,,,,,,,,,,2314924,-2314924,2314924,,,0,1
20260810,2049,上銀,9126898,3462621885,381,389,365,387,0,13334,"3,854,924","-1,540,000",0,"{""upper"": 382.41, ""middle"": 325.02, ""lower"": 267.64}","{""upper"": 382.41, ""middle"": 325.02, ""lower"": 267.64}","{""upper"": 382.41, ""middle"": 325.02, ""lower"": 267.64}","{""cdp"": 385.0, ""ah"": 415.0, ""nh"": 402.0, ""nl"": 372.0, ""al"": 355.0}","{""ma5"": 366.6, ""ma10"": 334.3, ""ma20"": 325.02, ""ma60"": 343.55}","{""current_price"": 387.0, ""pb_high"": 603.97, ""pb_mid_high"": 452.98, ""pb_fair"": 301.98, ""pb_mid_low"": 241.59, ""pb_low"": 150.99}",150.99,"{""current_price"": 387.0, ""pe_high"": 515.33, ""pe_mid_high"": 412.26, ""pe_fair"": 343.55, ""pe_mid_low"": 274.84, ""pe_low"": 206.13}",328.91,"{""line1"": 387.84, ""line2"": 363.71, ""line3"": 329.76, ""line4"": 301.93, ""line5"": 278.18}","{""pdi"": 35.16, ""mdi"": 9.37, ""adx"": 57.93}","{""k"": 84.2, ""d"": 74.08, ""j"": 104.43}","{""dif"": 10.16, ""dem"": 0.17, ""osc"": 19.98, ""mac"": 19.98}","{""rsi6"": 96.61, ""rsi12"": 70.27, ""rsi24"": 54.06}","{""current"": 9126898.0, ""ma5"": 10480276.0, ""ma10"": 6736822.0}",,2314924,3854924,-1540000,"{""ema12"": 345.19, ""ema26"": 336.25, ""ema50"": 330.64}",110.64,0.3531,1.04,349.53,"{""bias5"": 5.56, ""bias10"": 15.76, ""bias20"": 19.07}",133.14,132.99,-1577.754,"{""k"": 84.2, ""d"": 74.08}",67.5,818.41,21336535,41.67,969.3,21.13,90.76,33124735,131.58,382,-9.24,,,,,,,,,,,,,2314924,-2314924,2314924,,,1,1.33
20260811,2049,上銀,7314735,2692399519,381,384,360,368,-19,11808,"-287,254","47,387",0,"{""upper"": 387.77, ""middle"": 327.57, ""lower"": 267.38}","{""upper"": 387.77, ""middle"": 327.57, ""lower"": 267.38}","{""upper"": 387.77, ""middle"": 327.57, ""lower"": 267.38}","{""cdp"": 382.0, ""ah"": 406.0, ""nh"": 399.0, ""nl"": 375.0, ""al"": 358.0}","{""ma5"": 373.8, ""ma10"": 341.1, ""ma20"": 327.57, ""ma25"": 328.66, ""ma60"": 343.44}","{""current_price"": 368.0, ""pb_high"": 606.2, ""pb_mid_high"": 454.65, ""pb_fair"": 303.1, ""pb_mid_low"": 242.48, ""pb_low"": 151.55}",151.55,"{""current_price"": 368.0, ""pe_high"": 515.16, ""pe_mid_high"": 412.13, ""pe_fair"": 343.44, ""pe_mid_low"": 274.75, ""pe_low"": 206.06}",341.65,"{""line1"": 390.43, ""line2"": 364.35, ""line3"": 330.99, ""line4"": 303.13, ""line5"": 278.6}","{""pdi"": 29.65, ""mdi"": 10.64, ""adx"": 47.18}","{""k"": 81.06, ""d"": 76.41, ""j"": 90.37}","{""dif"": 11.24, ""dea"": 2.39, ""dem"": 2.39, ""osc"": 17.7, ""mac"": 17.7}","{""rsi6"": 72.5, ""rsi12"": 65.36, ""rsi24"": 54.16}","{""current"": 7314735.0, ""ma5"": 10830696.0, ""ma10"": 7254110.0, ""vol60"": 4970380.0, ""vol120"": 6193499.0}","{""ma25"": 328.66, ""ma25_slope"": 0.16, ""vol5"": 10830696.0, ""vol60"": 4970380.0, ""vol120"": 6193499.0, ""vol_ratio_5_60"": 2.179, ""low_vs_ma25_pct"": 9.5357, ""close_vs_ma25_pct"": 11.9698, ""body_size"": 13.0, ""upper_shadow"": 3.0, ""lower_shadow"": 8.0, ""pullback_count_25ma"": 4, ""first_pullback_flag"": 0, ""hard_filter_pass"": 1, ""pattern_type"": ""none"", ""score"": 50.0}",-239867,-287254,47387,"{""ema12"": 348.62, ""ema26"": 338.59, ""ema50"": 332.0}",98.73,0.3675,0.8358,352.92,"{""bias5"": -1.55, ""bias10"": 7.89, ""bias20"": 12.34}",119.64,88.7,-1640.5242,"{""k"": 81.06, ""d"": 76.41}",55,818.41,18293656,41.67,1057.53,17.57,74.79,29584096,101.73,370,-25.21,,,,,,,,,,,,,-239867,239867,-239867,,,-1,1.33
20260812,2049,上銀,3426951,1265168185,367,374,363.5,369,1,4770,"888,263","-120,000",0,"{""upper"": 392.69, ""middle"": 329.95, ""lower"": 267.21}","{""upper"": 392.69, ""middle"": 329.95, ""lower"": 267.21}","{""upper"": 392.69, ""middle"": 329.95, ""lower"": 267.21}","{""cdp"": 370.0, ""ah"": 394.0, ""nh"": 380.0, ""nl"": 356.0, ""al"": 346.0}","{""ma5"": 374.6, ""ma10"": 348.95, ""ma20"": 329.95, ""ma25"": 329.64, ""ma60"": 343.05}","{""current_price"": 369.0, ""pb_high"": 608.35, ""pb_mid_high"": 456.26, ""pb_fair"": 304.18, ""pb_mid_low"": 243.34, ""pb_low"": 152.09}",152.09,"{""current_price"": 369.0, ""pe_high"": 514.58, ""pe_mid_high"": 411.66, ""pe_fair"": 343.05, ""pe_mid_low"": 274.44, ""pe_low"": 205.83}",357.82,"{""line1"": 392.93, ""line2"": 364.64, ""line3"": 331.93, ""line4"": 305.86, ""line5"": 280.55}","{""pdi"": 29.8, ""mdi"": 10.74, ""adx"": 47.0}","{""k"": 77.94, ""d"": 76.92, ""j"": 79.99}","{""dif"": 12.03, ""dea"": 4.32, ""dem"": 4.32, ""osc"": 15.43, ""mac"": 15.43}","{""rsi6"": 72.84, ""rsi12"": 63.53, ""rsi24"": 55.2}","{""current"": 3426951.0, ""ma5"": 9965859.0, ""ma10"": 7202863.0, ""vol60"": 4829981.0, ""vol120"": 6177617.0}","{""ma25"": 329.64, ""ma25_slope"": 0.98, ""vol5"": 9965859.0, ""vol60"": 4829981.0, ""vol120"": 6177617.0, ""vol_ratio_5_60"": 2.0633, ""low_vs_ma25_pct"": 10.2718, ""close_vs_ma25_pct"": 11.9403, ""body_size"": 2.0, ""upper_shadow"": 5.0, ""lower_shadow"": 3.5, ""pullback_count_25ma"": 4, ""first_pullback_flag"": 0, ""hard_filter_pass"": 1, ""pattern_type"": ""none"", ""score"": 50.0}",768263,888263,-120000,"{""ema12"": 351.6, ""ema26"": 340.46, ""ema50"": 333.5}",95.47,0.3803,0.8112,354.22,"{""bias5"": -1.49, ""bias10"": 5.75, ""bias20"": 11.84}",113.24,72.02,-995.7831,"{""k"": 77.94, ""d"": 76.92}",46,818.41,18959837,41.67,1076.18,14.24,75.63,35172262,98.29,368.88,-24.37,,,,,,,,,,,,,768263,-768263,768263,,,-1,2.5
20260813,2049,上銀,13188894,5178042033,383,404.5,377.5,381,12,16172,"2,730,968","-685,000",0,"{""upper"": 398.98, ""middle"": 332.4, ""lower"": 265.82}","{""upper"": 398.98, ""middle"": 332.4, ""lower"": 265.82}","{""upper"": 398.98, ""middle"": 332.4, ""lower"": 265.82}","{""cdp"": 368.88, ""ah"": 379.38, ""nh"": 374.25, ""nl"": 363.75, ""al"": 358.38}","{""ma5"": 378.4, ""ma10"": 358.75, ""ma20"": 332.4, ""ma25"": 331.28, ""ma60"": 343.09}","{""current_price"": 381.0, ""pb_high"": 610.88, ""pb_mid_high"": 458.16, ""pb_fair"": 305.44, ""pb_mid_low"": 244.35, ""pb_low"": 152.72}",152.72,"{""current_price"": 381.0, ""pe_high"": 514.64, ""pe_mid_high"": 411.71, ""pe_fair"": 343.09, ""pe_mid_low"": 274.47, ""pe_low"": 205.85}",403.61,"{""line1"": 396.34, ""line2"": 365.31, ""line3"": 332.97, ""line4"": 309.16, ""line5"": 282.65}","{""pdi"": 35.77, ""mdi"": 9.44, ""adx"": 58.24}","{""k"": 78.11, ""d"": 77.32, ""j"": 79.69}","{""dif"": 13.47, ""dea"": 6.15, ""dem"": 6.15, ""osc"": 14.65, ""mac"": 14.65}","{""rsi6"": 63.33, ""rsi12"": 75.47, ""rsi24"": 58.76}","{""current"": 13188894.0, ""ma5"": 10080953.0, ""ma10"": 8279104.0, ""vol60"": 4920713.0, ""vol120"": 6253470.0}","{""ma25"": 331.28, ""ma25_slope"": 1.64, ""vol5"": 10080953.0, ""vol60"": 4920713.0, ""vol120"": 6253470.0, ""vol_ratio_5_60"": 2.0487, ""low_vs_ma25_pct"": 13.9519, ""close_vs_ma25_pct"": 15.0085, ""body_size"": 2.0, ""upper_shadow"": 21.5, ""lower_shadow"": 3.5, ""pullback_count_25ma"": 4, ""first_pullback_flag"": 0, ""hard_filter_pass"": 1, ""pattern_type"": ""none"", ""score"": 50.0}",2045968,2730968,-685000,"{""ema12"": 356.13, ""ema26"": 343.48, ""ema50"": 335.31}",108.4,0.4006,0.865,356.59,"{""bias5"": 0.69, ""bias10"": 6.2, ""bias20"": 14.62}",135,95.67,4554.9687,"{""k"": 78.11, ""d"": 77.32}",81,849.95,29630885,50,1076.18,27,81.27,19741957,130.85,386,-18.73,,,,,,,,,,,,,2045968,-2045968,2045968,,,1,2.5
20260814,2049,上銀,4910831,1835783914,387,388.5,367.5,373.5,-7.5,7443,"2,730,968","-685,000",0,"{""upper"": 403.49, ""middle"": 335.77, ""lower"": 268.06}","{""upper"": 403.49, ""middle"": 335.77, ""lower"": 268.06}","{""upper"": 403.49, ""middle"": 335.77, ""lower"": 268.06}","{""cdp"": 386.0, ""ah"": 413.0, ""nh"": 394.5, ""nl"": 367.5, ""al"": 359.0}","{""ma5"": 375.7, ""ma10"": 365.65, ""ma20"": 335.77, ""ma25"": 332.96, ""ma60"": 343.05}","{""current_price"": 373.5, ""pb_high"": 613.45, ""pb_mid_high"": 460.09, ""pb_fair"": 306.73, ""pb_mid_low"": 245.38, ""pb_low"": 153.36}",153.36,"{""current_price"": 373.5, ""pe_high"": 514.58, ""pe_mid_high"": 411.66, ""pe_fair"": 343.05, ""pe_mid_low"": 274.44, ""pe_low"": 205.83}",403.61,"{""line1"": 398.81, ""line2"": 365.47, ""line3"": 333.93, ""line4"": 312.15, ""line5"": 284.83}","{""pdi"": 34.17, ""mdi"": 12.01, ""adx"": 48.0}","{""k"": 71.99, ""d"": 75.54, ""j"": 64.88}","{""dif"": 13.85, ""dea"": 7.69, ""dem"": 7.69, ""osc"": 12.32, ""mac"": 12.32}","{""rsi6"": 58.91, ""rsi12"": 76.43, ""rsi24"": 57.17}","{""current"": 4910831.0, ""ma5"": 7593662.0, ""ma10"": 8563611.0, ""vol60"": 4864866.0, ""vol120"": 6256320.0}","{""ma25"": 332.96, ""ma25_slope"": 1.68, ""vol5"": 7593662.0, ""vol60"": 4864866.0, ""vol120"": 6256320.0, ""vol_ratio_5_60"": 1.5609, ""low_vs_ma25_pct"": 10.3736, ""close_vs_ma25_pct"": 12.1756, ""body_size"": 13.5, ""upper_shadow"": 1.5, ""lower_shadow"": 6.0, ""pullback_count_25ma"": 4, ""first_pullback_flag"": 0, ""hard_filter_pass"": 1, ""pattern_type"": ""none"", ""score"": 50.0}",2045968,2730968,-685000,"{""ema12"": 358.53, ""ema26"": 345.68, ""ema50"": 336.75}",103.52,0.4034,0.7785,359.69,"{""bias5"": -0.59, ""bias10"": 2.15, ""bias20"": 11.24}",131.45,63.34,-5559.1406,"{""k"": 71.99, ""d"": 75.54}",83,858.48,19727859,50,1097.79,28.57,75.3,17683240,124.98,375.75,-24.7,,,,,,,,,,,,,2045968,-2045968,2045968,,,1,1.33
20260817,2049,上銀,7052470,2708971251,370,395,370,381.5,8,8637,"1,481,757","185,000",0,"{""upper"": 408.27, ""middle"": 339.85, ""lower"": 271.43}","{""upper"": 408.27, ""middle"": 339.85, ""lower"": 271.43}","{""upper"": 408.27, ""middle"": 339.85, ""lower"": 271.43}","{""cdp"": 375.75, ""ah"": 396.75, ""nh"": 384.0, ""nl"": 363.0, ""al"": 354.75}","{""ma5"": 374.6, ""ma10"": 370.6, ""ma20"": 339.85, ""ma25"": 334.94, ""ma60"": 343.42}","{""current_price"": 381.5, ""pb_high"": 615.88, ""pb_mid_high"": 461.91, ""pb_fair"": 307.94, ""pb_mid_low"": 246.35, ""pb_low"": 153.97}",153.97,"{""current_price"": 381.5, ""pe_high"": 515.12, ""pe_mid_high"": 412.1, ""pe_fair"": 343.42, ""pe_mid_low"": 274.73, ""pe_low"": 206.05}",360.89,"{""line1"": 401.87, ""line2"": 366.44, ""line3"": 335.31, ""line4"": 314.45, ""line5"": 286.04}","{""pdi"": 35.7, ""mdi"": 10.24, ""adx"": 55.43}","{""k"": 69.35, ""d"": 73.48, ""j"": 61.08}","{""dif"": 14.62, ""dea"": 9.07, ""dem"": 9.07, ""osc"": 11.1, ""mac"": 11.1}","{""rsi6"": 44.21, ""rsi12"": 81.27, ""rsi24"": 61.42}","{""current"": 7052470.0, ""ma5"": 7178776.0, ""ma10"": 8829526.0, ""vol60"": 4860163.0, ""vol120"": 6272192.0}","{""ma25"": 334.94, ""ma25_slope"": 1.98, ""vol5"": 7178776.0, ""vol60"": 4860163.0, ""vol120"": 6272192.0, ""vol_ratio_5_60"": 1.4771, ""low_vs_ma25_pct"": 10.4675, ""close_vs_ma25_pct"": 13.901, ""body_size"": 11.5, ""upper_shadow"": 13.5, ""lower_shadow"": 0.0, ""pullback_count_25ma"": 4, ""first_pullback_flag"": 0, ""hard_filter_pass"": 1, ""pattern_type"": ""none"", ""score"": 50.0}",1666757,1481757,185000,"{""ema12"": 362.15, ""ema26"": 347.9, ""ema50"": 338.4}",118,0.4027,0.8044,363.22,"{""bias5"": 1.84, ""bias10"": 2.94, ""bias20"": 12.26}",139.69,67.68,1595.1858,"{""k"": 69.35, ""d"": 73.48}",98.5,840.48,19724123,58.33,1135.22,34.81,81.67,27020687,143.1,382,-18.33,,,,,,,,,,,,,1666757,-1666757,1666757,,,1,1.67
20260818,2049,上銀,4107931,1532384901,383,385,366,368,-13.5,6672,"-479,580","215,000",0,"{""upper"": 410.51, ""middle"": 343.0, ""lower"": 275.49}","{""upper"": 410.51, ""middle"": 343.0, ""lower"": 275.49}","{""upper"": 410.51, ""middle"": 343.0, ""lower"": 275.49}","{""cdp"": 382.0, ""ah"": 407.0, ""nh"": 394.0, ""nl"": 369.0, ""al"": 357.0}","{""ma5"": 374.6, ""ma10"": 374.2, ""ma20"": 343.0, ""ma25"": 336.98, ""ma60"": 343.32}","{""current_price"": 368.0, ""pb_high"": 618.12, ""pb_mid_high"": 463.59, ""pb_fair"": 309.06, ""pb_mid_low"": 247.25, ""pb_low"": 154.53}",154.53,"{""current_price"": 368.0, ""pe_high"": 514.99, ""pe_mid_high"": 411.99, ""pe_fair"": 343.32, ""pe_mid_low"": 274.66, ""pe_low"": 205.99}",403.68,"{""line1"": 403.52, ""line2"": 366.55, ""line3"": 336.24, ""line4"": 316.64, ""line5"": 287.73}","{""pdi"": 37.11, ""mdi"": 6.55, ""adx"": 70.0}","{""k"": 53.95, ""d"": 66.97, ""j"": 27.91}","{""dif"": 13.99, ""dea"": 10.06, ""dem"": 10.06, ""osc"": 7.86, ""mac"": 7.86}","{""rsi6"": 34.43, ""rsi12"": 71.24, ""rsi24"": 57.98}","{""current"": 4107931.0, ""ma5"": 6537415.0, ""ma10"": 8684056.0, ""vol60"": 4835416.0, ""vol120"": 6265703.0}","{""ma25"": 336.98, ""ma25_slope"": 2.04, ""vol5"": 6537415.0, ""vol60"": 4835416.0, ""vol120"": 6265703.0, ""vol_ratio_5_60"": 1.352, ""low_vs_ma25_pct"": 8.6118, ""close_vs_ma25_pct"": 9.2053, ""body_size"": 15.0, ""upper_shadow"": 2.0, ""lower_shadow"": 2.0, ""pullback_count_25ma"": 4, ""first_pullback_flag"": 0, ""hard_filter_pass"": 1, ""pattern_type"": ""none"", ""score"": 50.0}",-264580,-479580,215000,"{""ema12"": 363.24, ""ema26"": 349.48, ""ema50"": 339.51}",110.71,0.3936,0.6852,363.16,"{""bias5"": -1.76, ""bias10"": -1.66, ""bias20"": 7.29}",128.57,41.95,-3237.6396,"{""k"": 53.95, ""d"": 66.97}",63.5,840.48,10265452,50,1113.82,20.85,70.92,21154518,128.24,371.75,-29.08,,,,,,,,,,,,,-264580,264580,-264580,,,-1,1
20260819,2049,上銀,6809824,2528194900,360,378,350,367,-1,7663,"460,807",0,0,"{""upper"": 412.78, ""middle"": 345.32, ""lower"": 277.87}","{""upper"": 412.78, ""middle"": 345.32, ""lower"": 277.87}","{""upper"": 412.78, ""middle"": 345.32, ""lower"": 277.87}","{""cdp"": 371.75, ""ah"": 390.75, ""nh"": 377.5, ""nl"": 358.5, ""al"": 352.75}","{""ma5"": 374.2, ""ma10"": 374.4, ""ma20"": 345.32, ""ma25"": 338.8, ""ma60"": 343.17}","{""current_price"": 367.0, ""pb_high"": 620.37, ""pb_mid_high"": 465.27, ""pb_fair"": 310.18, ""pb_mid_low"": 248.15, ""pb_low"": 155.09}",155.09,"{""current_price"": 367.0, ""pe_high"": 514.75, ""pe_mid_high"": 411.8, ""pe_fair"": 343.17, ""pe_mid_low"": 274.53, ""pe_low"": 205.9}",403.41,"{""line1"": 404.23, ""line2"": 366.17, ""line3"": 337.9, ""line4"": 319.64, ""line5"": 290.73}","{""pdi"": 36.32, ""mdi"": 10.15, ""adx"": 56.32}","{""k"": 46.36, ""d"": 60.1, ""j"": 18.89}","{""dif"": 13.25, ""dea"": 10.7, ""dem"": 10.7, ""osc"": 5.11, ""mac"": 5.11}","{""rsi6"": 48.84, ""rsi12"": 64.23, ""rsi24"": 56.21}","{""current"": 6809824.0, ""ma5"": 7213990.0, ""ma10"": 8589924.0, ""vol60"": 4852593.0, ""vol120"": 6306657.0}","{""ma25"": 338.8, ""ma25_slope"": 1.82, ""vol5"": 7213990.0, ""vol60"": 4852593.0, ""vol120"": 6306657.0, ""vol_ratio_5_60"": 1.4866, ""low_vs_ma25_pct"": 3.3058, ""close_vs_ma25_pct"": 8.3235, ""body_size"": 7.0, ""upper_shadow"": 11.0, ""lower_shadow"": 10.0, ""pullback_count_25ma"": 4, ""first_pullback_flag"": 0, ""hard_filter_pass"": 1, ""pattern_type"": ""none"", ""score"": 50.0}",460807,460807,0,"{""ema12"": 363.34, ""ema26"": 350.58, ""ema50"": 340.67}",129.75,0.3907,0.6607,363.67,"{""bias5"": -1.92, ""bias10"": -1.98, ""bias20"": 6.28}",138.55,8.73,-4728.4629,"{""k"": 46.36, ""d"": 60.1}",35,842.77,7280507,41.67,1099.27,10.54,70.12,25493830,121.71,365.5,-34.4,,,,,,,,,,,,,460807,-460807,460807,,,-1,1
20260821,2049,上銀,5394098,1905428656,366.5,368.5,348,349,-17.5,9390,"-1,687,795","537,000",0,"{""upper"": 413.21, ""middle"": 346.8, ""lower"": 280.39}","{""upper"": 413.21, ""middle"": 346.8, ""lower"": 280.39}","{""upper"": 413.21, ""middle"": 346.8, ""lower"": 280.39}","{""cdp"": 365.5, ""ah"": 393.5, ""nh"": 381.0, ""nl"": 353.0, ""al"": 337.5}","{""ma5"": 367.8, ""ma10"": 373.1, ""ma20"": 346.8, ""ma25"": 339.48, ""ma60"": 342.4}","{""current_price"": 349.0, ""pb_high"": 622.35, ""pb_mid_high"": 466.76, ""pb_fair"": 311.18, ""pb_mid_low"": 248.94, ""pb_low"": 155.59}",155.59,"{""current_price"": 349.0, ""pe_high"": 513.6, ""pe_mid_high"": 410.88, ""pe_fair"": 342.4, ""pe_mid_low"": 273.92, ""pe_low"": 205.44}",394.06,"{""line1"": 404.39, ""line2"": 365.76, ""line3"": 338.75, ""line4"": 321.22, ""line5"": 292.45}","{""pdi"": 33.88, ""mdi"": 10.88, ""adx"": 51.37}","{""k"": 31.5, ""d"": 50.57, ""j"": -6.63}","{""dif"": 11.09, ""dea"": 10.77, ""dem"": 10.77, ""osc"": 0.63, ""mac"": 0.63}","{""rsi6"": 33.33, ""rsi12"": 56.03, ""rsi24"": 57.85}","{""current"": 5394098.0, ""ma5"": 5655031.0, ""ma10"": 7867992.0, ""vol60"": 4811408.0, ""vol120"": 6309228.0}","{""ma25"": 339.48, ""ma25_slope"": 0.68, ""vol5"": 5655031.0, ""vol60"": 4811408.0, ""vol120"": 6309228.0, ""vol_ratio_5_60"": 1.1753, ""low_vs_ma25_pct"": 2.5097, ""close_vs_ma25_pct"": 2.8043, ""body_size"": 17.5, ""upper_shadow"": 2.0, ""lower_shadow"": 1.0, ""pullback_count_25ma"": 4, ""first_pullback_flag"": 0, ""hard_filter_pass"": 1, ""pattern_type"": ""none"", ""score"": 50.0}",-1150795,-1687795,537000,"{""ema12"": 361.03, ""ema26"": 350.22, ""ema50"": 341.16}",120.36,0.383,0.5166,360.93,"{""bias5"": -5.11, ""bias10"": -6.46, ""bias20"": 0.63}",124.41,-52.93,-2185.2588,"{""k"": 31.5, ""d"": 50.57}",17,842.77,4355323,41.67,1127.06,5.12,55.78,21912738,108.3,353.62,-50.92,,,,,,,,,,,,,-1150795,1150795,-1150795,,,-1,0.6
20260824,2049,上銀,2903949,1016042023,350,360.5,342.5,343.5,-5.5,5073,"59,005",0,0,"{""upper"": 412.94, ""middle"": 348.32, ""lower"": 283.71}","{""upper"": 412.94, ""middle"": 348.32, ""lower"": 283.71}","{""upper"": 412.94, ""middle"": 348.32, ""lower"": 283.71}","{""cdp"": 353.62, ""ah"": 374.12, ""nh"": 359.25, ""nl"": 338.75, ""al"": 333.12}","{""ma5"": 361.8, ""ma10"": 368.75, ""ma20"": 348.32, ""ma25"": 340.98, ""ma60"": 341.3}","{""current_price"": 343.5, ""pb_high"": 624.18, ""pb_mid_high"": 468.14, ""pb_fair"": 312.09, ""pb_mid_low"": 249.67, ""pb_low"": 156.05}",156.05,"{""current_price"": 343.5, ""pe_high"": 511.95, ""pe_mid_high"": 409.56, ""pe_fair"": 341.3, ""pe_mid_low"": 273.04, ""pe_low"": 204.78}",393.95,"{""line1"": 404.56, ""line2"": 365.2, ""line3"": 339.26, ""line4"": 323.73, ""line5"": 295.03}","{""pdi"": 29.0, ""mdi"": 13.13, ""adx"": 37.67}","{""k"": 21.54, ""d"": 40.89, ""j"": -17.17}","{""dif"": 8.83, ""dea"": 10.38, ""dem"": 10.38, ""osc"": -3.12, ""mac"": -3.12}","{""rsi6"": 14.95, ""rsi12"": 40.53, ""rsi24"": 57.95}","{""current"": 2903949.0, ""ma5"": 5253654.0, ""ma10"": 6423658.0, ""vol60"": 4693812.0, ""vol120"": 6296962.0}","{""ma25"": 340.98, ""ma25_slope"": 1.5, ""vol5"": 5253654.0, ""vol60"": 4693812.0, ""vol120"": 6296962.0, ""vol_ratio_5_60"": 1.1193, ""low_vs_ma25_pct"": 0.4458, ""close_vs_ma25_pct"": 0.739, ""body_size"": 6.5, ""upper_shadow"": 10.5, ""lower_shadow"": 1.0, ""pullback_count_25ma"": 5, ""first_pullback_flag"": 0, ""hard_filter_pass"": 1, ""pattern_type"": ""shrink_pullback"", ""score"": 90.0}",59005,59005,0,"{""ema12"": 358.42, ""ema26"": 349.44, ""ema50"": 341.29}",117,0.371,0.4627,357.33,"{""bias5"": -5.06, ""bias10"": -6.85, ""bias20"": -1.39}",125.46,-114.16,-4183.9578,"{""k"": 21.54, ""d"": 40.89}",-21.5,844.04,3423072,33.33,1145.11,-5.89,51.39,20116383,100.37,347.5,-79.22,,,,,,,,,,,,,59005,-59005,59005,,,-3,0.5
20260826,2049,上銀,2091342,731475383,345,354,342,353,7.5,3121,"-9,941","1,000",0,"{""upper"": 413.4, ""middle"": 349.82, ""lower"": 286.25}","{""upper"": 413.4, ""middle"": 349.82, ""lower"": 286.25}","{""upper"": 413.4, ""middle"": 349.82, ""lower"": 286.25}","{""cdp"": 347.5, ""ah"": 365.5, ""nh"": 352.5, ""nl"": 334.5, ""al"": 329.5}","{""ma5"": 356.1, ""ma10"": 365.35, ""ma20"": 349.82, ""ma25"": 343.1, ""ma60"": 340.37}","{""current_price"": 353.0, ""pb_high"": 626.32, ""pb_mid_high"": 469.74, ""pb_fair"": 313.16, ""pb_mid_low"": 250.53, ""pb_low"": 156.58}",156.58,"{""current_price"": 353.0, ""pe_high"": 510.55, ""pe_mid_high"": 408.44, ""pe_fair"": 340.37, ""pe_mid_low"": 272.29, ""pe_low"": 204.22}",384.14,"{""line1"": 404.68, ""line2"": 365.16, ""line3"": 339.39, ""line4"": 327.15, ""line5"": 298.41}","{""pdi"": 25.3, ""mdi"": 13.69, ""adx"": 29.77}","{""k"": 20.22, ""d"": 34.0, ""j"": -7.33}","{""dif"": 7.71, ""dea"": 9.85, ""dem"": 9.85, ""osc"": -4.28, ""mac"": -4.28}","{""rsi6"": 31.53, ""rsi12"": 46.25, ""rsi24"": 58.63}","{""current"": 2091342.0, ""ma5"": 4261429.0, ""ma10"": 5720102.0, ""vol60"": 4598704.0, ""vol120"": 6269928.0}","{""ma25"": 343.1, ""ma25_slope"": 2.12, ""vol5"": 4261429.0, ""vol60"": 4598704.0, ""vol120"": 6269928.0, ""vol_ratio_5_60"": 0.9267, ""low_vs_ma25_pct"": -0.3206, ""close_vs_ma25_pct"": 2.8855, ""body_size"": 8.0, ""upper_shadow"": 1.0, ""lower_shadow"": 3.0, ""pullback_count_25ma"": 6, ""first_pullback_flag"": 0, ""hard_filter_pass"": 0, ""pattern_type"": ""trap"", ""score"": 30.0}",-8941,-9941,1000,"{""ema12"": 357.87, ""ema26"": 349.99, ""ema50"": 341.72}",125,0.3635,0.525,355.62,"{""bias5"": -0.87, ""bias10"": -3.38, ""bias20"": 0.91}",142.33,-126.57,-2008.2799,"{""k"": 20.22, ""d"": 34.0}",-9,805.91,2974345,41.67,1114.29,-2.49,58.96,20787588,107.98,350.5,-80.47,,,,,,,,,,,,,-8941,8941,-8941,,,-1,0.8
20260827,2049,上銀,3367874,1221319052,354.5,371.5,354.5,359.5,6.5,4765,"-32,641",0,0,"{""upper"": 412.2, ""middle"": 352.8, ""lower"": 293.4}","{""upper"": 412.2, ""middle"": 352.8, ""lower"": 293.4}","{""upper"": 412.2, ""middle"": 352.8, ""lower"": 293.4}","{""cdp"": 350.5, ""ah"": 362.5, ""nh"": 359.0, ""nl"": 347.0, ""al"": 338.5}","{""ma5"": 354.4, ""ma10"": 364.5, ""ma20"": 352.8, ""ma25"": 345.28, ""ma60"": 339.89}","{""current_price"": 359.5, ""pb_high"": 628.48, ""pb_mid_high"": 471.36, ""pb_fair"": 314.24, ""pb_mid_low"": 251.39, ""pb_low"": 157.12}",157.12,"{""current_price"": 359.5, ""pe_high"": 509.84, ""pe_mid_high"": 407.87, ""pe_fair"": 339.89, ""pe_mid_low"": 271.91, ""pe_low"": 203.93}",377.28,"{""line1"": 404.81, ""line2"": 365.54, ""line3"": 339.6, ""line4"": 331.28, ""line5"": 302.42}","{""pdi"": 27.22, ""mdi"": 14.31, ""adx"": 31.09}","{""k"": 22.82, ""d"": 30.27, ""j"": 7.9}","{""dif"": 7.27, ""dea"": 9.33, ""dem"": 9.33, ""osc"": -4.13, ""mac"": -4.13}","{""rsi6"": 29.63, ""rsi12"": 36.45, ""rsi24"": 57.25}","{""current"": 3367874.0, ""ma5"": 4113417.0, ""ma10"": 5325416.0, ""vol60"": 4492725.0, ""vol120"": 6267319.0}","{""ma25"": 345.28, ""ma25_slope"": 2.18, ""vol5"": 4113417.0, ""vol60"": 4492725.0, ""vol120"": 6267319.0, ""vol_ratio_5_60"": 0.9156, ""low_vs_ma25_pct"": 2.6703, ""close_vs_ma25_pct"": 4.1184, ""body_size"": 5.0, ""upper_shadow"": 12.0, ""lower_shadow"": 0.0, ""pullback_count_25ma"": 6, ""first_pullback_flag"": 0, ""hard_filter_pass"": 0, ""pattern_type"": ""trap"", ""score"": 10.0}",-32641,-32641,0,"{""ema12"": 358.1, ""ema26"": 350.35, ""ema50"": 342.64}",140.32,0.3368,0.5564,355.41,"{""bias5"": 1.44, ""bias10"": -1.37, ""bias20"": 1.9}",157.95,-51.19,7571.5422,"{""k"": 22.82, ""d"": 30.27}",-27.5,791.34,10116315,41.67,1130.11,-7.11,64.14,26297318,117.27,361.25,-72,,,,,,,,,,,,,-32641,32641,-32641,,,1,0.8
20260828,2049,上銀,3576644,1265332183,362.5,365.5,346,354,-5.5,5424,"-111,214","-485,000",0,"{""upper"": 408.06, ""middle"": 355.98, ""lower"": 303.89}","{""upper"": 408.06, ""middle"": 355.98, ""lower"": 303.89}","{""upper"": 408.06, ""middle"": 355.98, ""lower"": 303.89}","{""cdp"": 361.25, ""ah"": 378.25, ""nh"": 368.0, ""nl"": 351.0, ""al"": 344.25}","{""ma5"": 351.8, ""ma10"": 363.0, ""ma20"": 355.98, ""ma25"": 346.62, ""ma60"": 339.31}","{""current_price"": 354.0, ""pb_high"": 630.16, ""pb_mid_high"": 472.62, ""pb_fair"": 315.08, ""pb_mid_low"": 252.06, ""pb_low"": 157.54}",157.54,"{""current_price"": 354.0, ""pe_high"": 508.96, ""pe_mid_high"": 407.17, ""pe_fair"": 339.31, ""pe_mid_low"": 271.45, ""pe_low"": 203.59}",342.59,"{""line1"": 404.28, ""line2"": 365.81, ""line3"": 339.32, ""line4"": 334.22, ""line5"": 305.55}","{""pdi"": 21.94, ""mdi"": 17.33, ""adx"": 11.74}","{""k"": 22.76, ""d"": 27.77, ""j"": 12.74}","{""dif"": 6.4, ""dea"": 8.75, ""dem"": 8.75, ""osc"": -4.69, ""mac"": -4.69}","{""rsi6"": 34.78, ""rsi12"": 34.58, ""rsi24"": 56.31}","{""current"": 3576644.0, ""ma5"": 3466781.0, ""ma10"": 5340386.0, ""vol60"": 4419822.0, ""vol120"": 6194439.0}","{""ma25"": 346.62, ""ma25_slope"": 1.34, ""vol5"": 3466781.0, ""vol60"": 4419822.0, ""vol120"": 6194439.0, ""vol_ratio_5_60"": 0.7844, ""low_vs_ma25_pct"": -0.1789, ""close_vs_ma25_pct"": 2.1291, ""body_size"": 8.5, ""upper_shadow"": 3.0, ""lower_shadow"": 8.0, ""pullback_count_25ma"": 7, ""first_pullback_flag"": 0, ""hard_filter_pass"": 0, ""pattern_type"": ""trap"", ""score"": 30.0}",-596214,-111214,-485000,"{""ema12"": 357.35, ""ema26"": 350.48, ""ema50"": 342.75}",131.56,0.2926,0.481,355.38,"{""bias5"": 0.63, ""bias10"": -2.48, ""bias20"": -0.55}",148.55,-82.59,-3952.7278,"{""k"": 22.76, ""d"": 27.77}",-33,829.88,4378456,41.67,1130.11,-8.53,59.76,26660094,108.31,354.88,-80.8,,,,,,,,,,,,,-596214,596214,-596214,,,1,0.5
20260831,2049,上銀,2579042,892788407,350,351,340,350,-4,4143,"172,155","-435,000",0,"{""upper"": 399.45, ""middle"": 359.32, ""lower"": 319.2}","{""upper"": 399.45, ""middle"": 359.32, ""lower"": 319.2}","{""upper"": 399.45, ""middle"": 359.32, ""lower"": 319.2}","{""cdp"": 354.88, ""ah"": 374.38, ""nh"": 363.75, ""nl"": 344.25, ""al"": 335.38}","{""ma5"": 352.0, ""ma10"": 359.9, ""ma20"": 359.32, ""ma25"": 347.84, ""ma60"": 338.68}","{""current_price"": 350.0, ""pb_high"": 631.88, ""pb_mid_high"": 473.91, ""pb_fair"": 315.94, ""pb_mid_low"": 252.75, ""pb_low"": 157.97}",157.97,"{""current_price"": 350.0, ""pe_high"": 508.02, ""pe_mid_high"": 406.42, ""pe_fair"": 338.68, ""pe_mid_low"": 270.95, ""pe_low"": 203.21}",340.63,"{""line1"": 404.03, ""line2"": 365.94, ""line3"": 339.47, ""line4"": 335.18, ""line5"": 306.47}","{""pdi"": 18.63, ""mdi"": 20.68, ""adx"": 5.22}","{""k"": 21.23, ""d"": 25.59, ""j"": 12.52}","{""dif"": 5.33, ""dea"": 8.06, ""dem"": 8.06, ""osc"": -5.47, ""mac"": -5.47}","{""rsi6"": 32.65, ""rsi12"": 40.22, ""rsi24"": 56.83}","{""current"": 2579042.0, ""ma5"": 2903770.0, ""ma10"": 4279400.0, ""vol60"": 4369825.0, ""vol120"": 6078153.0}","{""ma25"": 347.84, ""ma25_slope"": 1.22, ""vol5"": 2903770.0, ""vol60"": 4369825.0, ""vol120"": 6078153.0, ""vol_ratio_5_60"": 0.6645, ""low_vs_ma25_pct"": -2.2539, ""close_vs_ma25_pct"": 0.621, ""body_size"": 0.0, ""upper_shadow"": 1.0, ""lower_shadow"": 10.0, ""pullback_count_25ma"": 8, ""first_pullback_flag"": 0, ""hard_filter_pass"": 0, ""pattern_type"": ""trap"", ""score"": 30.0}",-262845,172155,-435000,"{""ema12"": 356.4, ""ema26"": 350.54, ""ema50"": 343.12}",118.81,0.2233,0.3838,354.43,"{""bias5"": -0.57, ""bias10"": -2.75, ""bias20"": -2.6}",132.03,-112.39,-4371.7784,"{""k"": 21.23, ""d"": 25.59}",-18,764.89,-441997,41.67,1143.03,-4.89,50,29086572,100.68,347.75,-84.5,,,,,,,,,,,,,-262845,262845,-262845,,,-1,0.5
20260901,2049,上銀,3172854,1138594736,349,366,346.5,359,9,4425,"989,674","-81,000",0,"{""upper"": 393.34, ""middle"": 362.05, ""lower"": 330.76}","{""upper"": 393.34, ""middle"": 362.05, ""lower"": 330.76}","{""upper"": 393.34, ""middle"": 362.05, ""lower"": 330.76}","{""cdp"": 347.75, ""ah"": 358.75, ""nh"": 355.5, ""nl"": 344.5, ""al"": 336.75}","{""ma5"": 355.1, ""ma10"": 358.45, ""ma20"": 362.05, ""ma25"": 349.68, ""ma60"": 338.6}","{""current_price"": 359.0, ""pb_high"": 633.83, ""pb_mid_high"": 475.38, ""pb_fair"": 316.92, ""pb_mid_low"": 253.53, ""pb_low"": 158.46}",158.46,"{""current_price"": 359.0, ""pe_high"": 507.9, ""pe_mid_high"": 406.32, ""pe_fair"": 338.6, ""pe_mid_low"": 270.88, ""pe_low"": 203.16}",340.63,"{""line1"": 403.92, ""line2"": 366.73, ""line3"": 340.0, ""line4"": 336.5, ""line5"": 307.61}","{""pdi"": 24.13, ""mdi"": 19.97, ""adx"": 9.45}","{""k"": 28.23, ""d"": 26.47, ""j"": 31.75}","{""dif"": 5.15, ""dea"": 7.48, ""dem"": 7.48, ""osc"": -4.67, ""mac"": -4.67}","{""rsi6"": 62.5, ""rsi12"": 45.0, ""rsi24"": 56.67}","{""current"": 3172854.0, ""ma5"": 2957551.0, ""ma10"": 4105603.0, ""vol60"": 4250232.0, ""vol120"": 5973196.0}","{""ma25"": 349.68, ""ma25_slope"": 1.84, ""vol5"": 2957551.0, ""vol60"": 4250232.0, ""vol120"": 5973196.0, ""vol_ratio_5_60"": 0.6959, ""low_vs_ma25_pct"": -0.9094, ""close_vs_ma25_pct"": 2.6653, ""body_size"": 10.0, ""upper_shadow"": 7.0, ""lower_shadow"": 2.5, ""pullback_count_25ma"": 8, ""first_pullback_flag"": 0, ""hard_filter_pass"": 0, ""pattern_type"": ""trap"", ""score"": 30.0}",908674,989674,-81000,"{""ema12"": 356.39, ""ema26"": 351.27, ""ema50"": 343.64}",129.51,0.1728,0.4513,354.97,"{""bias5"": 1.1, ""bias10"": 0.15, ""bias20"": -0.84}",137.9,-44,6606.8278,"{""k"": 28.23, ""d"": 26.47}",-10,745.71,5582971,41.67,1120.61,-2.71,58.26,30193658,108.12,357.62,-70.54,,,,,,,,,,,,,908674,-908674,908674,,,-1,0.5
20260902,2049,上銀,5084000,1828670323,359,369.5,352,352,-7,5952,"-120,695","-888,000",0,"{""upper"": 389.39, ""middle"": 364.05, ""lower"": 338.71}","{""upper"": 389.39, ""middle"": 364.05, ""lower"": 338.71}","{""upper"": 389.39, ""middle"": 364.05, ""lower"": 338.71}","{""cdp"": 356.38, ""ah"": 373.88, ""nh"": 360.75, ""nl"": 343.25, ""al"": 338.88}","{""ma5"": 353.4, ""ma10"": 353.9, ""ma20"": 364.05, ""ma25"": 352.92, ""ma60"": 338.22}","{""current_price"": 352.0, ""pb_high"": 637.74, ""pb_mid_high"": 478.31, ""pb_fair"": 318.87, ""pb_mid_low"": 255.1, ""pb_low"": 159.44}",159.44,"{""current_price"": 352.0, ""pe_high"": 507.32, ""pe_mid_high"": 405.86, ""pe_fair"": 338.22, ""pe_mid_low"": 270.57, ""pe_low"": 202.93}",368.91,"{""line1"": 403.32, ""line2"": 367.93, ""line3"": 341.12, ""line4"": 335.17, ""line5"": 306.23}","{""pdi"": 25.57, ""mdi"": 18.39, ""adx"": 16.33}","{""k"": 32.26, ""d"": 29.04, ""j"": 38.71}","{""dif"": 3.74, ""dea"": 6.24, ""dem"": 6.24, ""osc"": -4.99, ""mac"": -4.99}","{""rsi6"": 48.44, ""rsi12"": 37.71, ""rsi24"": 62.58}","{""current"": 5084000.0, ""ma5"": 3899308.0, ""ma10"": 4006363.0, ""vol60"": 4264916.0, ""vol120"": 5937019.0}","{""ma25"": 352.92, ""ma25_slope"": 2.08, ""vol5"": 3899308.0, ""vol60"": 4264916.0, ""vol120"": 5937019.0, ""vol_ratio_5_60"": 0.9143, ""low_vs_ma25_pct"": -0.2607, ""close_vs_ma25_pct"": -0.2607, ""body_size"": 7.0, ""upper_shadow"": 10.5, ""lower_shadow"": 0.0, ""pullback_count_25ma"": 8, ""first_pullback_flag"": 0, ""hard_filter_pass"": 0, ""pattern_type"": ""trap\u9677\u9631"", ""score"": 20.0}",-1008695,-120695,-888000,"{""ema12"": 354.86, ""ema26"": 351.28, ""ema50"": 344.53}",132.14,0.1392,0.2622,355.41,"{""bias5"": -0.4, ""bias10"": -0.54, ""bias20"": -3.31}",149.18,-30.21,0,"{""k"": 32.26, ""d"": 29.04}",-21.5,799.19,1025710,33.33,1139.29,-5.76,18.6,21194978,100.08,356.38,-81.4,,,,,,,,,,,,,-1008695,1008695,-1008695,,,-3,0.6
20260903,2049,上銀,3382843,1195952472,353,364.5,343,344.5,-7.5,4936,"-155,962","-83,000",0,"{""upper"": 390.18, ""middle"": 362.65, ""lower"": 335.12}","{""upper"": 390.18, ""middle"": 362.65, ""lower"": 335.12}","{""upper"": 390.18, ""middle"": 362.65, ""lower"": 335.12}","{""cdp"": 349.12, ""ah"": 370.62, ""nh"": 355.25, ""nl"": 333.75, ""al"": 327.62}","{""ma5"": 350.0, ""ma10"": 350.9, ""ma20"": 362.65, ""ma25"": 354.78, ""ma60"": 338.08}","{""current_price"": 344.5, ""pb_high"": 639.69, ""pb_mid_high"": 479.77, ""pb_fair"": 319.85, ""pb_mid_low"": 255.88, ""pb_low"": 159.92}",159.92,"{""current_price"": 344.5, ""pe_high"": 507.12, ""pe_mid_high"": 405.7, ""pe_fair"": 338.08, ""pe_mid_low"": 270.47, ""pe_low"": 202.85}",368.91,"{""line1"": 402.34, ""line2"": 367.74, ""line3"": 341.68, ""line4"": 332.72, ""line5"": 304.11}","{""pdi"": 15.43, ""mdi"": 22.32, ""adx"": 18.27}","{""k"": 20.98, ""d"": 24.59, ""j"": 13.76}","{""dif"": 2.13, ""dea"": 5.32, ""dem"": 5.32, ""osc"": -6.38, ""mac"": -6.38}","{""rsi6"": 27.27, ""rsi12"": 28.74, ""rsi24"": 62.58}","{""current"": 3382843.0, ""ma5"": 3520316.0, ""ma10"": 3493549.0, ""vol60"": 4173298.0, ""vol120"": 5907989.0}","{""ma25"": 354.78, ""ma25_slope"": 2.16, ""vol5"": 3520316.0, ""vol60"": 4173298.0, ""vol120"": 5907989.0, ""vol_ratio_5_60"": 0.8435, ""low_vs_ma25_pct"": -3.3204, ""close_vs_ma25_pct"": -2.8976, ""body_size"": 8.5, ""upper_shadow"": 11.5, ""lower_shadow"": 1.5, ""pullback_count_25ma"": 8, ""first_pullback_flag"": 0, ""hard_filter_pass"": 0, ""pattern_type"": ""trap\u9677\u9631"", ""score"": 0.0}",-238962,-155962,-83000,"{""ema12"": 352.68, ""ema26"": 350.47, ""ema50"": 344.31}",138,0.1518,0.1703,352.28,"{""bias5"": -1.57, ""bias10"": -1.82, ""bias20"": -5.0}",163.71,-65.41,0,"{""k"": 20.98, ""d"": 24.59}",-37,799.19,-4827645,25,1160.46,-9.7,6.98,11762156,98.4,349.12,-91.82,,,,,,,,,,,,,-238962,238962,-238962,,,-3,0.6
20260904,2049,上銀,4629639,1640396315,350,364,342,363,18.5,5990,"1,090,698","139,000",0,"{""upper"": 389.81, ""middle"": 363.57, ""lower"": 337.34}","{""upper"": 389.81, ""middle"": 363.57, ""lower"": 337.34}","{""upper"": 389.81, ""middle"": 363.57, ""lower"": 337.34}","{""cdp"": 349.12, ""ah"": 370.62, ""nh"": 355.25, ""nl"": 333.75, ""al"": 327.62}","{""ma5"": 353.7, ""ma10"": 352.75, ""ma20"": 363.57, ""ma25"": 355.52, ""ma60"": 338.39}","{""current_price"": 363.0, ""pb_high"": 640.0, ""pb_mid_high"": 480.0, ""pb_fair"": 320.0, ""pb_mid_low"": 256.0, ""pb_low"": 160.0}",160,"{""current_price"": 363.0, ""pe_high"": 507.59, ""pe_mid_high"": 406.07, ""pe_fair"": 338.39, ""pe_mid_low"": 270.71, ""pe_low"": 203.03}",340.59,"{""line1"": 403.02, ""line2"": 368.29, ""line3"": 342.19, ""line4"": 333.54, ""line5"": 304.72}","{""pdi"": 15.4, ""mdi"": 22.64, ""adx"": 19.05}","{""k"": 40.56, ""d"": 31.11, ""j"": 59.44}","{""dif"": 3.61, ""dea"": 5.62, ""dem"": 5.62, ""osc"": -4.02, ""mac"": -4.02}","{""rsi6"": 53.4, ""rsi12"": 41.23, ""rsi24"": 65.21}","{""current"": 4629639.0, ""ma5"": 3769676.0, ""ma10"": 3618228.0, ""vol60"": 4194078.0, ""vol120"": 5918379.0}","{""ma25"": 355.52, ""ma25_slope"": 2.9, ""vol5"": 3769676.0, ""vol60"": 4194078.0, ""vol120"": 5918379.0, ""vol_ratio_5_60"": 0.8988, ""low_vs_ma25_pct"": -3.8029, ""close_vs_ma25_pct"": 2.104, ""body_size"": 13.0, ""upper_shadow"": 1.0, ""lower_shadow"": 8.0, ""pullback_count_25ma"": 9, ""first_pullback_flag"": 0, ""hard_filter_pass"": 0, ""pattern_type"": ""trap\u9677\u9631"", ""score"": 10.0}",1229698,1090698,139000,"{""ema12"": 355.52, ""ema26"": 351.84, ""ema50"": 345.03}",140.26,0.1443,0.489,355.17,"{""bias5"": 2.63, ""bias10"": 2.91, ""bias20"": -0.16}",162.8,-26.57,-356.3993,"{""k"": 40.56, ""d"": 31.11}",-18.5,758.46,-198006,33.33,1160.46,-4.85,35.66,19774638,104.76,358,-58.18,,,,,,,,,,,,,1229698,-1229698,1229698,,,-2,0.8
20260907,2049,上銀,3895952,1437514751,371,377.5,362.5,364.5,1.5,5353,"511,895","-1,000",0,"{""upper"": 386.55, ""middle"": 362.57, ""lower"": 338.6}","{""upper"": 386.55, ""middle"": 362.57, ""lower"": 338.6}","{""upper"": 386.55, ""middle"": 362.57, ""lower"": 338.6}","{""cdp"": 367.25, ""ah"": 382.25, ""nh"": 372.0, ""nl"": 357.0, ""al"": 352.25}","{""ma5"": 357.7, ""ma10"": 356.4, ""ma20"": 362.57, ""ma25"": 361.18, ""ma60"": 339.3}","{""current_price"": 364.5, ""pb_high"": 644.32, ""pb_mid_high"": 483.24, ""pb_fair"": 322.16, ""pb_mid_low"": 257.73, ""pb_low"": 161.08}",161.08,"{""current_price"": 364.5, ""pe_high"": 508.95, ""pe_mid_high"": 407.16, ""pe_fair"": 339.3, ""pe_mid_low"": 271.44, ""pe_low"": 203.58}",342.71,"{""line1"": 403.02, ""line2"": 369.93, ""line3"": 344.29, ""line4"": 331.95, ""line5"": 302.98}","{""pdi"": 19.04, ""mdi"": 20.19, ""adx"": 2.94}","{""k"": 54.32, ""d"": 42.78, ""j"": 77.4}","{""dif"": 4.35, ""dea"": 5.11, ""dem"": 5.11, ""osc"": -1.52, ""mac"": -1.52}","{""rsi6"": 66.67, ""rsi12"": 48.65, ""rsi24"": 57.54}","{""current"": 3895952.0, ""ma5"": 4177677.0, ""ma10"": 3567614.0, ""vol60"": 4167014.0, ""vol120"": 5893390.0}","{""ma25"": 361.18, ""ma25_slope"": 2.4, ""vol5"": 4177677.0, ""vol60"": 4167014.0, ""vol120"": 5893390.0, ""vol_ratio_5_60"": 1.0026, ""low_vs_ma25_pct"": 0.3655, ""close_vs_ma25_pct"": 0.9192, ""body_size"": 6.5, ""upper_shadow"": 6.5, ""lower_shadow"": 2.0, ""pullback_count_25ma"": 9, ""first_pullback_flag"": 0, ""hard_filter_pass"": 1, ""pattern_type"": ""shrink_pullback\u91cf\u7e2e\u56de\u6e2c"", ""score"": 90.0}",510895,511895,-1000,"{""ema12"": 358.5, ""ema26"": 353.71, ""ema50"": 346.63}",155.34,0.1322,0.5402,359.76,"{""bias5"": 1.9, ""bias10"": 2.27, ""bias20"": 0.53}",187.29,102.92,0,"{""k"": 54.32, ""d"": 42.78}",-2.5,782.69,6618546,41.67,1132.18,-0.68,37.98,-17977977,120.16,367.25,-45.56,,,,,,,,,,,,,510895,-510895,510895,,,-2,1
20260908,2049,上銀,2971158,1058022887,367,367,349,350,-14.5,5123,"-1,211,297","150,000",0,"{""upper"": 386.41, ""middle"": 361.85, ""lower"": 337.29}","{""upper"": 386.41, ""middle"": 361.85, ""lower"": 337.29}","{""upper"": 386.41, ""middle"": 361.85, ""lower"": 337.29}","{""cdp"": 367.25, ""ah"": 382.25, ""nh"": 372.0, ""nl"": 357.0, ""al"": 352.25}","{""ma5"": 354.8, ""ma10"": 354.95, ""ma20"": 361.85, ""ma25"": 360.6, ""ma60"": 339.06}","{""current_price"": 350.0, ""pb_high"": 644.08, ""pb_mid_high"": 483.06, ""pb_fair"": 322.04, ""pb_mid_low"": 257.63, ""pb_low"": 161.02}",161.02,"{""current_price"": 350.0, ""pe_high"": 508.59, ""pe_mid_high"": 406.87, ""pe_fair"": 339.06, ""pe_mid_low"": 271.25, ""pe_low"": 203.44}",376.79,"{""line1"": 402.46, ""line2"": 369.48, ""line3"": 343.89, ""line4"": 331.33, ""line5"": 302.54}","{""pdi"": 18.82, ""mdi"": 25.1, ""adx"": 14.29}","{""k"": 41.43, ""d"": 38.49, ""j"": 47.32}","{""dif"": 3.2, ""dea"": 4.88, ""dem"": 4.88, ""osc"": -3.37, ""mac"": -3.37}","{""rsi6"": 50.0, ""rsi12"": 42.06, ""rsi24"": 53.91}","{""current"": 2971158.0, ""ma5"": 3992718.0, ""ma10"": 3475135.0, ""vol60"": 4151601.0, ""vol120"": 5885684.0}","{""ma25"": 360.6, ""ma25_slope"": 1.82, ""vol5"": 3992718.0, ""vol60"": 4151601.0, ""vol120"": 5885684.0, ""vol_ratio_5_60"": 0.9617, ""low_vs_ma25_pct"": -3.2169, ""close_vs_ma25_pct"": -2.9395, ""body_size"": 17.0, ""upper_shadow"": 0.0, ""lower_shadow"": 1.0, ""pullback_count_25ma"": 8, ""first_pullback_flag"": 0, ""hard_filter_pass"": 0, ""pattern_type"": ""trap\u9677\u9631"", ""score"": 0.0}",-1061297,-1211297,150000,"{""ema12"": 356.27, ""ema26"": 352.63, ""ema50"": 346.06}",145.68,0.1358,0.2588,357.49,"{""bias5"": -1.35, ""bias10"": -1.39, ""bias20"": -3.27}",170.87,-22.25,-7269.8927,"{""k"": 41.43, ""d"": 38.49}",-17,782.69,3647388,41.67,1179.08,-4.63,15.5,-17053183,115.56,354,-77.78,,,,,,,,,,,,,-1061297,1061297,-1061297,,,-3,0.8
20260909,2049,上銀,8565244,3193641528,352,381.5,352,370.5,20.5,10913,"4,129,104","101,000",0,"{""upper"": 383.14, ""middle"": 361.02, ""lower"": 338.91}","{""upper"": 383.14, ""middle"": 361.02, ""lower"": 338.91}","{""upper"": 383.14, ""middle"": 361.02, ""lower"": 338.91}","{""cdp"": 354.0, ""ah"": 372.0, ""nh"": 359.0, ""nl"": 341.0, ""al"": 336.0}","{""ma5"": 358.5, ""ma10"": 356.7, ""ma20"": 361.02, ""ma25"": 362.14, ""ma60"": 339.8}","{""current_price"": 370.5, ""pb_high"": 646.18, ""pb_mid_high"": 484.64, ""pb_fair"": 323.09, ""pb_mid_low"": 258.47, ""pb_low"": 161.55}",161.55,"{""current_price"": 370.5, ""pe_high"": 509.7, ""pe_mid_high"": 407.76, ""pe_fair"": 339.8, ""pe_mid_low"": 271.84, ""pe_low"": 203.88}",342.79,"{""line1"": 401.3, ""line2"": 369.73, ""line3"": 345.68, ""line4"": 331.82, ""line5"": 303.45}","{""pdi"": 23.23, ""mdi"": 22.5, ""adx"": 1.59}","{""k"": 52.12, ""d"": 43.03, ""j"": 70.3}","{""dif"": 4.12, ""dea"": 4.73, ""dem"": 4.73, ""osc"": -1.21, ""mac"": -1.21}","{""rsi6"": 58.27, ""rsi12"": 59.82, ""rsi24"": 57.68}","{""current"": 8565244.0, ""ma5"": 4688967.0, ""ma10"": 4122525.0, ""vol60"": 4236726.0, ""vol120"": 5906625.0}","{""ma25"": 362.14, ""ma25_slope"": 1.54, ""vol5"": 4688967.0, ""vol60"": 4236726.0, ""vol120"": 5906625.0, ""vol_ratio_5_60"": 1.1067, ""low_vs_ma25_pct"": -2.8, ""close_vs_ma25_pct"": 2.3085, ""body_size"": 18.5, ""upper_shadow"": 11.0, ""lower_shadow"": 0.0, ""pullback_count_25ma"": 9, ""first_pullback_flag"": 0, ""hard_filter_pass"": 1, ""pattern_type"": ""rush_volume\u885d\u91cf"", ""score"": 50.0}",4230104,4129104,101000,"{""ema12"": 359.05, ""ema26"": 353.83, ""ema50"": 347.47}",156.62,0.1225,0.7142,359.44,"{""bias5"": 3.35, ""bias10"": 3.87, ""bias20"": 2.62}",172.71,141.21,3013.6328,"{""k"": 52.12, ""d"": 43.03}",21.5,686.74,10792495,50,1179.08,6.16,47.29,-17614837,124.98,368.62,-26.51,,,,,,,,,,,,,4230104,-4230104,4230104,,,-1,0.8
20260910,2049,上銀,3704993,1343756253,368,369,358,363,-7.5,5902,"-856,426",0,0,"{""upper"": 382.68, ""middle"": 360.77, ""lower"": 338.87}","{""upper"": 382.68, ""middle"": 360.77, ""lower"": 338.87}","{""upper"": 382.68, ""middle"": 360.77, ""lower"": 338.87}","{""cdp"": 368.62, ""ah"": 398.12, ""nh"": 385.25, ""nl"": 355.75, ""al"": 339.12}","{""ma5"": 362.2, ""ma10"": 357.05, ""ma20"": 360.77, ""ma25"": 363.38, ""ma60"": 340.54}","{""current_price"": 363.0, ""pb_high"": 648.26, ""pb_mid_high"": 486.19, ""pb_fair"": 324.13, ""pb_mid_low"": 259.3, ""pb_low"": 162.06}",162.06,"{""current_price"": 363.0, ""pe_high"": 510.81, ""pe_mid_high"": 408.65, ""pe_fair"": 340.54, ""pe_mid_low"": 272.43, ""pe_low"": 204.33}",380.71,"{""line1"": 398.76, ""line2"": 369.14, ""line3"": 347.43, ""line4"": 331.76, ""line5"": 304.33}","{""pdi"": 24.62, ""mdi"": 17.69, ""adx"": 16.36}","{""k"": 53.22, ""d"": 46.43, ""j"": 66.81}","{""dif"": 4.21, ""dea"": 4.62, ""dem"": 4.62, ""osc"": -0.84, ""mac"": -0.84}","{""rsi6"": 57.86, ""rsi12"": 58.74, ""rsi24"": 49.56}","{""current"": 3704993.0, ""ma5"": 4753397.0, ""ma10"": 4156237.0, ""vol60"": 4223749.0, ""vol120"": 5911797.0}","{""ma25"": 363.38, ""ma25_slope"": 1.24, ""vol5"": 4753397.0, ""vol60"": 4223749.0, ""vol120"": 5911797.0, ""vol_ratio_5_60"": 1.1254, ""low_vs_ma25_pct"": -1.4805, ""close_vs_ma25_pct"": -0.1046, ""body_size"": 5.0, ""upper_shadow"": 1.0, ""lower_shadow"": 5.0, ""pullback_count_25ma"": 9, ""first_pullback_flag"": 0, ""hard_filter_pass"": 1, ""pattern_type"": ""\u7121"", ""score"": 60.0}",-856426,-856426,0,"{""ema12"": 359.61, ""ema26"": 354.55, ""ema50"": 348.21}",137.33,0.1214,0.5508,360.16,"{""bias5"": 0.22, ""bias10"": 1.67, ""bias20"": 0.62}",156.43,85.74,-964.9141,"{""k"": 53.22, ""d"": 46.43}",19.5,664.99,9229358,50,1203.44,5.68,35.66,-14005095,112.57,363.25,-44.58,,,,,,,,,,,,,-856426,856426,-856426,,,-3,0.8
20260911,2049,上銀,8834128,3196737022,354.5,378,346,359,-4,7553,"86,857",0,0,"{""upper"": 378.56, ""middle"": 359.18, ""lower"": 339.79}","{""upper"": 378.56, ""middle"": 359.18, ""lower"": 339.79}","{""upper"": 378.56, ""middle"": 359.18, ""lower"": 339.79}","{""cdp"": 360.5, ""ah"": 392.5, ""nh"": 375.0, ""nl"": 343.0, ""al"": 328.5}","{""ma5"": 360.3, ""ma10"": 358.45, ""ma20"": 359.18, ""ma25"": 363.02, ""ma60"": 341.62}","{""current_price"": 359.0, ""pb_high"": 652.42, ""pb_mid_high"": 489.31, ""pb_fair"": 326.21, ""pb_mid_low"": 260.97, ""pb_low"": 163.1}",163.1,"{""current_price"": 359.0, ""pe_high"": 512.44, ""pe_mid_high"": 409.95, ""pe_fair"": 341.62, ""pe_mid_low"": 273.3, ""pe_low"": 204.97}",346.71,"{""line1"": 395.08, ""line2"": 368.72, ""line3"": 350.0, ""line4"": 331.0, ""line5"": 304.87}","{""pdi"": 22.42, ""mdi"": 17.69, ""adx"": 11.79}","{""k"": 47.56, ""d"": 47.56, ""j"": 47.57}","{""dif"": 3.62, ""dea"": 4.31, ""dem"": 4.31, ""osc"": -1.37, ""mac"": -1.37}","{""rsi6"": 45.83, ""rsi12"": 49.75, ""rsi24"": 43.03}","{""current"": 8834128.0, ""ma5"": 6581930.0, ""ma10"": 5307494.0, ""vol60"": 4429576.0, ""vol120"": 6023235.0}","{""ma25"": 363.02, ""ma25_slope"": -0.12, ""vol5"": 6581930.0, ""vol60"": 4429576.0, ""vol120"": 6023235.0, ""vol_ratio_5_60"": 1.4859, ""low_vs_ma25_pct"": -4.6884, ""close_vs_ma25_pct"": -1.1074, ""body_size"": 4.5, ""upper_shadow"": 19.0, ""lower_shadow"": 8.5, ""pullback_count_25ma"": 9, ""first_pullback_flag"": 0, ""hard_filter_pass"": 0, ""pattern_type"": ""\u7121"", ""score"": 0.0}",86857,86857,0,"{""ema12"": 359.82, ""ema26"": 354.93, ""ema50"": 349.24}",135.47,0.1079,0.4955,360.18,"{""bias5"": -0.36, ""bias10"": 0.15, ""bias20"": -0.05}",133.4,39.39,0,"{""k"": 47.56, ""d"": 47.56}",-0.5,672.4,6761128,33.33,1261.44,-0.14,34.55,13425104,91.04,360.5,-54.22,,,,,,,,,,,,,86857,-86857,86857,,,-4,0.6
20260914,2049,上銀,9175490,3013355679,349.5,350,323.5,323.5,-35.5,13109,"-5,345,259",0,0,"{""upper"": 382.66, ""middle"": 354.9, ""lower"": 327.14}","{""upper"": 382.66, ""middle"": 354.9, ""lower"": 327.14}","{""upper"": 382.66, ""middle"": 354.9, ""lower"": 327.14}","{""cdp"": 330.12, ""ah"": 356.62, ""nh"": 336.75, ""nl"": 310.25, ""al"": 303.62}","{""ma5"": 347.9, ""ma10"": 351.35, ""ma20"": 354.9, ""ma25"": 359.06, ""ma60"": 341.02}","{""current_price"": 323.5, ""pb_high"": 653.34, ""pb_mid_high"": 490.01, ""pb_fair"": 326.67, ""pb_mid_low"": 261.34, ""pb_low"": 163.34}",163.34,"{""current_price"": 323.5, ""pe_high"": 511.52, ""pe_mid_high"": 409.22, ""pe_fair"": 341.02, ""pe_mid_low"": 272.81, ""pe_low"": 204.61}",380.34,"{""line1"": 394.06, ""line2"": 368.05, ""line3"": 349.12, ""line4"": 326.37, ""line5"": 300.04}","{""pdi"": 21.09, ""mdi"": 23.89, ""adx"": 6.23}","{""k"": 22.14, ""d"": 35.9, ""j"": -5.37}","{""dif"": -1.66, ""dea"": 2.66, ""dem"": 2.66, ""osc"": -8.64, ""mac"": -8.64}","{""rsi6"": 25.0, ""rsi12"": 38.22, ""rsi24"": 36.58}","{""current"": 9175490.0, ""ma5"": 7891069.0, ""ma10"": 5941894.0, ""vol60"": 4552554.0, ""vol120"": 6071516.0}","{""ma25"": 359.06, ""ma25_slope"": -2.54, ""vol5"": 7891069.0, ""vol60"": 4552554.0, ""vol120"": 6071516.0, ""vol_ratio_5_60"": 1.7333, ""low_vs_ma25_pct"": -9.9036, ""close_vs_ma25_pct"": -9.9036, ""body_size"": 26.0, ""upper_shadow"": 0.5, ""lower_shadow"": 0.0, ""pullback_count_25ma"": 9, ""first_pullback_flag"": 0, ""hard_filter_pass"": 0, ""pattern_type"": ""\u7121"", ""score"": 0.0}",-5345259,-5345259,0,"{""ema12"": 349.26, ""ema26"": 350.29, ""ema50"": 347.03}",98.72,0.1564,-0.0656,348.34,"{""bias5"": -7.01, ""bias10"": -7.93, ""bias20"": -8.85}",121.8,-184.61,0,"{""k"": 22.14, ""d"": 35.9}",-30.5,813.58,-4480130,33.33,1261.44,-8.62,0,-8849173,94.98,330.12,-100,,,,,,,,,,,,,-5345259,5345259,-5345259,,,-6,0.6
20260915,2049,上銀,5290726,1737785287,318,334.5,313.5,329,5.5,7043,"1,641,970","23,000",0,"{""upper"": 381.77, ""middle"": 355.18, ""lower"": 328.58}","{""upper"": 381.77, ""middle"": 355.18, ""lower"": 328.58}","{""upper"": 381.77, ""middle"": 355.18, ""lower"": 328.58}","{""cdp"": 330.12, ""ah"": 356.62, ""nh"": 336.75, ""nl"": 310.25, ""al"": 303.62}","{""ma5"": 349.0, ""ma10"": 351.9, ""ma20"": 355.18, ""ma25"": 359.28, ""ma60"": 341.11}","{""current_price"": 329.0, ""pb_high"": 653.43, ""pb_mid_high"": 490.07, ""pb_fair"": 326.72, ""pb_mid_low"": 261.37, ""pb_low"": 163.36}",163.36,"{""current_price"": 329.0, ""pe_high"": 511.66, ""pe_mid_high"": 409.33, ""pe_fair"": 341.11, ""pe_mid_low"": 272.89, ""pe_low"": 204.66}",380.14,"{""line1"": 393.87, ""line2"": 368.02, ""line3"": 349.28, ""line4"": 326.8, ""line5"": 300.61}","{""pdi"": 21.48, ""mdi"": 27.68, ""adx"": 12.63}","{""k"": 29.74, ""d"": 38.43, ""j"": 12.36}","{""dif"": -1.22, ""dea"": 2.75, ""dem"": 2.75, ""osc"": -7.94, ""mac"": -7.94}","{""rsi6"": 29.71, ""rsi12"": 40.74, ""rsi24"": 38.02}","{""current"": 5290726.0, ""ma5"": 7114116.0, ""ma10"": 5553417.0, ""vol60"": 4487808.0, ""vol120"": 6039143.0}","{""ma25"": 359.28, ""ma25_slope"": -2.32, ""vol5"": 7114116.0, ""vol60"": 4487808.0, ""vol120"": 6039143.0, ""vol_ratio_5_60"": 1.5852, ""low_vs_ma25_pct"": -12.7422, ""close_vs_ma25_pct"": -8.428, ""body_size"": 11.0, ""upper_shadow"": 5.5, ""lower_shadow"": 4.5, ""pullback_count_25ma"": 9, ""first_pullback_flag"": 0, ""hard_filter_pass"": 0, ""pattern_type"": ""\u7121"", ""score"": 0.0}",1664970,1641970,23000,"{""ema12"": 350.11, ""ema26"": 350.69, ""ema50"": 347.25}",113.44,0.1498,0.0079,349.2,"{""bias5"": -5.73, ""bias10"": -6.51, ""bias20"": -7.37}",111.6,-217.33,-5060.7421,"{""k"": 29.74, ""d"": 38.43}",-25,813.58,810596,41.67,1240.35,-7.06,19.02,5617043,101.7,326.5,-77.21,,,,,,,,,,,,,1664970,-1664970,1664970,,,-5,0.8
20260916,2049,上銀,2282437,751885819,330,332.5,325,331.5,2.5,3746,"-192,384","-2,000",0,"{""upper"": 377.02, ""middle"": 350.85, ""lower"": 324.68}","{""upper"": 377.02, ""middle"": 350.85, ""lower"": 324.68}","{""upper"": 377.02, ""middle"": 350.85, ""lower"": 324.68}","{""cdp"": 330.12, ""ah"": 337.62, ""nh"": 335.25, ""nl"": 327.75, ""al"": 322.62}","{""ma5"": 334.9, ""ma10"": 348.55, ""ma20"": 350.85, ""ma25"": 355.6, ""ma60"": 341.18}","{""current_price"": 331.5, ""pb_high"": 656.93, ""pb_mid_high"": 492.7, ""pb_fair"": 328.47, ""pb_mid_low"": 262.77, ""pb_low"": 164.23}",164.23,"{""current_price"": 331.5, ""pe_high"": 511.76, ""pe_mid_high"": 409.41, ""pe_fair"": 341.18, ""pe_mid_low"": 272.94, ""pe_low"": 204.71}",376.71,"{""line1"": 391.14, ""line2"": 367.96, ""line3"": 350.03, ""line4"": 324.61, ""line5"": 299.16}","{""pdi"": 16.91, ""mdi"": 26.91, ""adx"": 22.82}","{""k"": 27.92, ""d"": 32.76, ""j"": 18.26}","{""dif"": -3.62, ""dea"": 0.62, ""dem"": 0.62, ""osc"": -8.48, ""mac"": -8.48}","{""rsi6"": 14.55, ""rsi12"": 38.96, ""rsi24"": 41.65}","{""current"": 2282437.0, ""ma5"": 5573044.0, ""ma10"": 5163220.0, ""vol60"": 4437227.0, ""vol120"": 6014242.0}","{""ma25"": 355.6, ""ma25_slope"": -1.46, ""vol5"": 5573044.0, ""vol60"": 4437227.0, ""vol120"": 6014242.0, ""vol_ratio_5_60"": 1.256, ""low_vs_ma25_pct"": -8.6052, ""close_vs_ma25_pct"": -6.7773, ""body_size"": 1.5, ""upper_shadow"": 1.0, ""lower_shadow"": 5.0, ""pullback_count_25ma"": 9, ""first_pullback_flag"": 0, ""hard_filter_pass"": 0, ""pattern_type"": ""\u7121"", ""score"": 0.0}",-194384,-192384,-2000,"{""ema12"": 345.06, ""ema26"": 348.42, ""ema50"": 346.05}",104.49,0.1492,0.1304,343.45,"{""bias5"": -1.02, ""bias10"": -4.89, ""bias20"": -5.52}",103.65,-110.61,0,"{""k"": 27.92, ""d"": 32.76}",-27.5,894.44,-1300282,41.67,1231,-7.66,26.47,7237378,80.82,330.12,-73.53,,,,,,,,,,,,,-194384,194384,-194384,,,-2,1
20260917,2049,上銀,2515565,844689181,334,339,332,336,4.5,3264,"753,765","-1,000",0,"{""upper"": 376.65, ""middle"": 351.07, ""lower"": 325.5}","{""upper"": 376.65, ""middle"": 351.07, ""lower"": 325.5}","{""upper"": 376.65, ""middle"": 351.07, ""lower"": 325.5}","{""cdp"": 330.12, ""ah"": 337.62, ""nh"": 335.25, ""nl"": 327.75, ""al"": 322.62}","{""ma5"": 335.8, ""ma10"": 349.0, ""ma20"": 351.07, ""ma25"": 355.78, ""ma60"": 341.25}","{""current_price"": 336.0, ""pb_high"": 657.01, ""pb_mid_high"": 492.76, ""pb_fair"": 328.5, ""pb_mid_low"": 262.8, ""pb_low"": 164.25}",164.25,"{""current_price"": 336.0, ""pe_high"": 511.88, ""pe_mid_high"": 409.5, ""pe_fair"": 341.25, ""pe_mid_low"": 273.0, ""pe_low"": 204.75}",376.71,"{""line1"": 391.04, ""line2"": 367.97, ""line3"": 350.15, ""line4"": 324.94, ""line5"": 299.58}","{""pdi"": 19.27, ""mdi"": 26.91, ""adx"": 16.54}","{""k"": 30.13, ""d"": 33.49, ""j"": 23.41}","{""dif"": -3.26, ""dea"": 0.7, ""dem"": 0.7, ""osc"": -7.91, ""mac"": -7.91}","{""rsi6"": 21.01, ""rsi12"": 41.09, ""rsi24"": 42.79}","{""current"": 2515565.0, ""ma5"": 5619669.0, ""ma10"": 5186533.0, ""vol60"": 4441113.0, ""vol120"": 6016185.0}","{""ma25"": 355.78, ""ma25_slope"": -1.28, ""vol5"": 5619669.0, ""vol60"": 4441113.0, ""vol120"": 6016185.0, ""vol_ratio_5_60"": 1.2654, ""low_vs_ma25_pct"": -6.6839, ""close_vs_ma25_pct"": -5.5596, ""body_size"": 2.0, ""upper_shadow"": 3.0, ""lower_shadow"": 2.0, ""pullback_count_25ma"": 9, ""first_pullback_flag"": 0, ""hard_filter_pass"": 0, ""pattern_type"": ""\u7121"", ""score"": 0.0}",752765,753765,-1000,"{""ema12"": 345.75, ""ema26"": 348.75, ""ema50"": 346.23}",106.82,0.1457,0.2053,344.15,"{""bias5"": 0.06, ""bias10"": -3.72, ""bias20"": -4.29}",108.88,-84.29,1878.3057,"{""k"": 30.13, ""d"": 33.49}",-23,882.46,1215283,50,1231,-6.41,33.09,7470506,84.07,335.75,-66.91,,,,,,,,,,,,,752765,-752765,752765,,,-1,1.25
20260918,2049,上銀,2691002,902299479,339.5,341.5,331,334.5,-1.5,3000,"-567,539","-4,419",0,"{""upper"": 374.9, ""middle"": 349.45, ""lower"": 324.0}","{""upper"": 374.9, ""middle"": 349.45, ""lower"": 324.0}","{""upper"": 374.9, ""middle"": 349.45, ""lower"": 324.0}","{""cdp"": 335.75, ""ah"": 342.75, ""nh"": 339.5, ""nl"": 332.5, ""al"": 328.75}","{""ma5"": 330.9, ""ma10"": 346.15, ""ma20"": 349.45, ""ma25"": 354.4, ""ma60"": 341.1}","{""current_price"": 334.5, ""pb_high"": 658.9, ""pb_mid_high"": 494.17, ""pb_fair"": 329.45, ""pb_mid_low"": 263.56, ""pb_low"": 164.72}",164.72,"{""current_price"": 334.5, ""pe_high"": 511.65, ""pe_mid_high"": 409.32, ""pe_fair"": 341.1, ""pe_mid_low"": 272.88, ""pe_low"": 204.66}",314.23,"{""line1"": 387.97, ""line2"": 366.85, ""line3"": 351.11, ""line4"": 325.73, ""line5"": 301.66}","{""pdi"": 20.44, ""mdi"": 25.05, ""adx"": 10.12}","{""k"": 30.38, ""d"": 32.46, ""j"": 26.23}","{""dif"": -3.87, ""dea"": -0.22, ""dem"": -0.22, ""osc"": -7.31, ""mac"": -7.31}","{""rsi6"": 23.36, ""rsi12"": 42.91, ""rsi24"": 39.36}","{""current"": 2691002.0, ""ma5"": 4391044.0, ""ma10"": 4992670.0, ""vol60"": 4430933.0, ""vol120"": 6017449.0}","{""ma25"": 354.4, ""ma25_slope"": -1.38, ""vol5"": 4391044.0, ""vol60"": 4430933.0, ""vol120"": 6017449.0, ""vol_ratio_5_60"": 0.991, ""low_vs_ma25_pct"": -6.6027, ""close_vs_ma25_pct"": -5.6151, ""body_size"": 5.0, ""upper_shadow"": 2.0, ""lower_shadow"": 3.5, ""pullback_count_25ma"": 9, ""first_pullback_flag"": 0, ""hard_filter_pass"": 0, ""pattern_type"": ""trap\u9677\u9631"", ""score"": 0.0}",-571958,-567539,-4419,"{""ema12"": 343.88, ""ema26"": 347.92, ""ema50"": 345.61}",112.2,0.1457,0.2063,342.57,"{""bias5"": 1.09, ""bias10"": -3.37, ""bias20"": -4.28}",121.6,-73.25,292.6419,"{""k"": 30.38, ""d"": 32.46}",-17.5,879.14,-9226855,50,1231,-4.97,30.88,-2030320,89.95,335.38,-69.12,,,,,,,,,,,,,-571958,571958,-571958,,,-1,0.8
20260921,2049,上銀,1300568,436238825,339,339,332.5,334,-0.5,2239,"66,556","1,000",0,"{""upper"": 375.03, ""middle"": 348.7, ""lower"": 322.37}","{""upper"": 375.03, ""middle"": 348.7, ""lower"": 322.37}","{""upper"": 375.03, ""middle"": 348.7, ""lower"": 322.37}","{""cdp"": 335.38, ""ah"": 345.88, ""nh"": 339.75, ""nl"": 329.25, ""al"": 324.88}","{""ma5"": 333.0, ""ma10"": 343.1, ""ma20"": 348.7, ""ma25"": 352.52, ""ma60"": 341.02}","{""current_price"": 334.0, ""pb_high"": 660.71, ""pb_mid_high"": 495.53, ""pb_fair"": 330.35, ""pb_mid_low"": 264.28, ""pb_low"": 165.18}",165.18,"{""current_price"": 334.0, ""pe_high"": 511.52, ""pe_mid_high"": 409.22, ""pe_fair"": 341.02, ""pe_mid_low"": 272.81, ""pe_low"": 204.61}",314.06,"{""line1"": 383.5, ""line2"": 364.51, ""line3"": 352.32, ""line4"": 326.75, ""line5"": 304.75}","{""pdi"": 15.67, ""mdi"": 26.31, ""adx"": 25.35}","{""k"": 30.3, ""d"": 31.74, ""j"": 27.43}","{""dif"": -4.35, ""dea"": -1.04, ""dem"": -1.04, ""osc"": -6.61, ""mac"": -6.61}","{""rsi6"": 25.0, ""rsi12"": 45.49, ""rsi24"": 40.66}","{""current"": 1300568.0, ""ma5"": 2816060.0, ""ma10"": 4733131.0, ""vol60"": 4408334.0, ""vol120"": 6002333.0}","{""ma25"": 352.52, ""ma25_slope"": -1.88, ""vol5"": 2816060.0, ""vol60"": 4408334.0, ""vol120"": 6002333.0, ""vol_ratio_5_60"": 0.6388, ""low_vs_ma25_pct"": -5.6791, ""close_vs_ma25_pct"": -5.2536, ""body_size"": 5.0, ""upper_shadow"": 0.0, ""lower_shadow"": 1.5, ""pullback_count_25ma"": 9, ""first_pullback_flag"": 0, ""hard_filter_pass"": 0, ""pattern_type"": ""trap\u9677\u9631"", ""score"": 0.0}",67556,66556,1000,"{""ema12"": 342.51, ""ema26"": 346.53, ""ema50"": 345.18}",107.74,0.151,0.2208,341.11,"{""bias5"": 0.3, ""bias10"": -2.65, ""bias20"": -4.22}",122.27,-64,-249.8908,"{""k"": 30.3, ""d"": 31.74}",-10.5,939.85,2086000,50,1232.84,-3.05,30.15,2063210,83.13,334.88,-69.85,,,,,,,,,,,,,67556,-67556,67556,,,-1,0.8
20260922,2049,上銀,1648560,550301145,337,338,331,331,-3,3274,"-506,703",0,0,"{""upper"": 375.44, ""middle"": 348.07, ""lower"": 320.71}","{""upper"": 375.44, ""middle"": 348.07, ""lower"": 320.71}","{""upper"": 375.44, ""middle"": 348.07, ""lower"": 320.71}","{""cdp"": 334.88, ""ah"": 341.38, ""nh"": 337.25, ""nl"": 330.75, ""al"": 328.38}","{""ma5"": 333.4, ""ma10"": 341.2, ""ma20"": 348.07, ""ma25"": 350.82, ""ma60"": 341.0}","{""current_price"": 331.0, ""pb_high"": 662.32, ""pb_mid_high"": 496.74, ""pb_fair"": 331.16, ""pb_mid_low"": 264.93, ""pb_low"": 165.58}",165.58,"{""current_price"": 331.0, ""pe_high"": 511.5, ""pe_mid_high"": 409.2, ""pe_fair"": 341.0, ""pe_mid_low"": 272.8, ""pe_low"": 204.6}",341.17,"{""line1"": 377.33, ""line2"": 361.13, ""line3"": 353.65, ""line4"": 328.16, ""line5"": 309.15}","{""pdi"": 14.92, ""mdi"": 28.02, ""adx"": 30.52}","{""k"": 29.25, ""d"": 30.91, ""j"": 25.92}","{""dif"": -4.91, ""dea"": -1.82, ""dem"": -1.82, ""osc"": -6.19, ""mac"": -6.19}","{""rsi6"": 71.43, ""rsi12"": 34.16, ""rsi24"": 37.77}","{""current"": 1648560.0, ""ma5"": 2087626.0, ""ma10"": 4600871.0, ""vol60"": 4406416.0, ""vol120"": 5988058.0}","{""ma25"": 350.82, ""ma25_slope"": -1.7, ""vol5"": 2087626.0, ""vol60"": 4406416.0, ""vol120"": 5988058.0, ""vol_ratio_5_60"": 0.4738, ""low_vs_ma25_pct"": -5.6496, ""close_vs_ma25_pct"": -5.6496, ""body_size"": 6.0, ""upper_shadow"": 1.0, ""lower_shadow"": 0.0, ""pullback_count_25ma"": 9, ""first_pullback_flag"": 0, ""hard_filter_pass"": 0, ""pattern_type"": ""trap\u9677\u9631"", ""score"": 0.0}",-506703,-506703,0,"{""ema12"": 340.49, ""ema26"": 345.3, ""ema50"": 344.74}",98.71,0.1572,0.188,339.81,"{""bias5"": -0.72, ""bias10"": -2.99, ""bias20"": -4.91}",107.11,-62.68,-530.7662,"{""k"": 29.25, ""d"": 30.91}",-32,948.37,-16909848,41.67,1232.84,-8.82,25.74,3318599,62.05,332.75,-74.26,,,,,,,,,,,,,-506703,506703,-506703,,,-3,0.5
20260923,2049,上銀,1690522,552396869,335,335,323,323.5,-7.5,4780,"-817,066","1,000",0,"{""upper"": 375.86, ""middle"": 346.6, ""lower"": 317.34}","{""upper"": 375.86, ""middle"": 346.6, ""lower"": 317.34}","{""upper"": 375.86, ""middle"": 346.6, ""lower"": 317.34}","{""cdp"": 332.75, ""ah"": 339.75, ""nh"": 334.5, ""nl"": 327.5, ""al"": 325.75}","{""ma5"": 331.8, ""ma10"": 336.5, ""ma20"": 346.6, ""ma25"": 348.5, ""ma60"": 340.82}","{""current_price"": 323.5, ""pb_high"": 663.77, ""pb_mid_high"": 497.82, ""pb_fair"": 331.88, ""pb_mid_low"": 265.51, ""pb_low"": 165.94}",165.94,"{""current_price"": 323.5, ""pe_high"": 511.23, ""pe_mid_high"": 408.98, ""pe_fair"": 340.82, ""pe_mid_low"": 272.65, ""pe_low"": 204.49}",341.13,"{""line1"": 374.96, ""line2"": 359.24, ""line3"": 354.18, ""line4"": 327.6, ""line5"": 309.74}","{""pdi"": 15.51, ""mdi"": 28.72, ""adx"": 29.86}","{""k"": 24.67, ""d"": 28.83, ""j"": 16.34}","{""dif"": -5.9, ""dea"": -2.63, ""dem"": -2.63, ""osc"": -6.52, ""mac"": -6.52}","{""rsi6"": 35.9, ""rsi12"": 30.84, ""rsi24"": 38.9}","{""current"": 1690522.0, ""ma5"": 1969243.0, ""ma10"": 3913399.0, ""vol60"": 4409449.0, ""vol120"": 5969939.0}","{""ma25"": 348.5, ""ma25_slope"": -2.32, ""vol5"": 1969243.0, ""vol60"": 4409449.0, ""vol120"": 5969939.0, ""vol_ratio_5_60"": 0.4466, ""low_vs_ma25_pct"": -7.3171, ""close_vs_ma25_pct"": -7.1736, ""body_size"": 11.5, ""upper_shadow"": 0.0, ""lower_shadow"": 0.5, ""pullback_count_25ma"": 9, ""first_pullback_flag"": 0, ""hard_filter_pass"": 0, ""pattern_type"": ""trap\u9677\u9631"", ""score"": 0.0}",-816066,-817066,1000,"{""ema12"": 337.86, ""ema26"": 343.53, ""ema50"": 344.04}",101.33,0.1688,0.1053,337.35,"{""bias5"": -2.5, ""bias10"": -3.86, ""bias20"": -6.66}",108.17,-79.37,-3904.1196,"{""k"": 24.67, ""d"": 28.83}",-41,970.35,-18600370,33.33,1172.31,-11.25,14.71,-463265,65.09,326.25,-85.29,,,,,,,,,,,,,-816066,816066,-816066,,,-5,0.5
20260924,2049,上銀,1357804,439914243,321,327.5,320,325.5,2,2591,"-115,364",0,0,"{""upper"": 374.31, ""middle"": 343.48, ""lower"": 312.64}","{""upper"": 374.31, ""middle"": 343.48, ""lower"": 312.64}","{""upper"": 374.31, ""middle"": 343.48, ""lower"": 312.64}","{""cdp"": 324.62, ""ah"": 332.12, ""nh"": 329.25, ""nl"": 321.75, ""al"": 317.12}","{""ma5"": 327.9, ""ma10"": 329.4, ""ma20"": 343.48, ""ma25"": 345.14, ""ma60"": 341.24}","{""current_price"": 325.5, ""pb_high"": 666.58, ""pb_mid_high"": 499.94, ""pb_fair"": 333.29, ""pb_mid_low"": 266.63, ""pb_low"": 166.65}",166.65,"{""current_price"": 325.5, ""pe_high"": 511.86, ""pe_mid_high"": 409.49, ""pe_fair"": 341.24, ""pe_mid_low"": 272.99, ""pe_low"": 204.75}",338.62,"{""line1"": 375.69, ""line2"": 359.12, ""line3"": 353.82, ""line4"": 323.88, ""line5"": 305.51}","{""pdi"": 10.85, ""mdi"": 32.56, ""adx"": 50.0}","{""k"": 32.55, ""d"": 29.75, ""j"": 38.16}","{""dif"": -6.79, ""dea"": -4.07, ""dem"": -4.07, ""osc"": -5.44, ""mac"": -5.44}","{""rsi6"": 13.79, ""rsi12"": 19.59, ""rsi24"": 43.6}","{""current"": 1357804.0, ""ma5"": 1471052.0, ""ma10"": 2931048.0, ""vol60"": 4337499.0, ""vol120"": 5904260.0}","{""ma25"": 345.14, ""ma25_slope"": -1.66, ""vol5"": 1471052.0, ""vol60"": 4337499.0, ""vol120"": 5904260.0, ""vol_ratio_5_60"": 0.3391, ""low_vs_ma25_pct"": -7.284, ""close_vs_ma25_pct"": -5.6904, ""body_size"": 4.5, ""upper_shadow"": 2.0, ""lower_shadow"": 1.0, ""pullback_count_25ma"": 9, ""first_pullback_flag"": 0, ""hard_filter_pass"": 0, ""pattern_type"": ""trap\u9677\u9631"", ""score"": 0.0}",-115364,-115364,0,"{""ema12"": 333.97, ""ema26"": 340.69, ""ema50"": 342.79}",101.9,0.1796,0.2086,333.37,"{""bias5"": -0.73, ""bias10"": -1.18, ""bias20"": -5.23}",104.39,-77.7,0,"{""k"": 32.55, ""d"": 29.75}",-45,1001.91,-13354782,33.33,1168.27,-12.15,17.65,2461113,60.63,324.62,-82.35,,,,,,,,,,,,,-115364,115364,-115364,,,-2,1
20260929,2049,上銀,2189754,732975581,326,338.5,325.5,335.5,10,3313,"1,054,762",0,0,"{""upper"": 373.94, ""middle"": 343.98, ""lower"": 314.01}","{""upper"": 373.94, ""middle"": 343.98, ""lower"": 314.01}","{""upper"": 373.94, ""middle"": 343.98, ""lower"": 314.01}","{""cdp"": 324.62, ""ah"": 332.12, ""nh"": 329.25, ""nl"": 321.75, ""al"": 317.12}","{""ma5"": 329.9, ""ma10"": 330.4, ""ma20"": 343.98, ""ma25"": 345.54, ""ma60"": 341.41}","{""current_price"": 335.5, ""pb_high"": 666.75, ""pb_mid_high"": 500.06, ""pb_fair"": 333.38, ""pb_mid_low"": 266.7, ""pb_low"": 166.69}",166.69,"{""current_price"": 335.5, ""pe_high"": 512.11, ""pe_mid_high"": 409.69, ""pe_fair"": 341.41, ""pe_mid_low"": 273.13, ""pe_low"": 204.84}",320.38,"{""line1"": 375.11, ""line2"": 358.95, ""line3"": 354.1, ""line4"": 324.79, ""line5"": 306.78}","{""pdi"": 15.54, ""mdi"": 31.76, ""adx"": 34.29}","{""k"": 44.46, ""d"": 33.72, ""j"": 65.93}","{""dif"": -5.99, ""dea"": -3.91, ""dem"": -3.91, ""osc"": -4.16, ""mac"": -4.16}","{""rsi6"": 48.98, ""rsi12"": 29.17, ""rsi24"": 46.51}","{""current"": 2189754.0, ""ma5"": 1637442.0, ""ma10"": 3014243.0, ""vol60"": 4351365.0, ""vol120"": 5911193.0}","{""ma25"": 345.54, ""ma25_slope"": -1.26, ""vol5"": 1637442.0, ""vol60"": 4351365.0, ""vol120"": 5911193.0, ""vol_ratio_5_60"": 0.3763, ""low_vs_ma25_pct"": -5.7996, ""close_vs_ma25_pct"": -2.9056, ""body_size"": 9.5, ""upper_shadow"": 3.0, ""lower_shadow"": 0.5, ""pullback_count_25ma"": 9, ""first_pullback_flag"": 0, ""hard_filter_pass"": 0, ""pattern_type"": ""trap\u9677\u9631"", ""score"": 0.0}",1054762,1054762,0,"{""ema12"": 335.51, ""ema26"": 341.43, ""ema50"": 343.19}",105,0.1742,0.3586,334.93,"{""bias5"": 1.7, ""bias10"": 1.54, ""bias20"": -2.46}",112.32,-36.29,4897.8104,"{""k"": 44.46, ""d"": 33.72}",-35,972.05,-11165028,41.67,1168.27,-9.45,32.35,3293063,63.74,333.75,-67.65,,,,,,,,,,,,,1054762,-1054762,1054762,,,-1,1.25
20260930,2049,上銀,1637089,551876993,338.5,343,334.5,335,-0.5,2514,"8,092",0,0,"{""upper"": 373.3, ""middle"": 343.23, ""lower"": 313.15}","{""upper"": 373.3, ""middle"": 343.23, ""lower"": 313.15}","{""upper"": 373.3, ""middle"": 343.23, ""lower"": 313.15}","{""cdp"": 333.75, ""ah"": 346.75, ""nh"": 342.0, ""nl"": 329.0, ""al"": 320.75}","{""ma5"": 330.1, ""ma10"": 331.55, ""ma20"": 343.23, ""ma25"": 344.98, ""ma60"": 341.57}","{""current_price"": 335.0, ""pb_high"": 668.52, ""pb_mid_high"": 501.39, ""pb_fair"": 334.26, ""pb_mid_low"": 267.41, ""pb_low"": 167.13}",167.13,"{""current_price"": 335.0, ""pe_high"": 512.36, ""pe_mid_high"": 409.89, ""pe_fair"": 341.57, ""pe_mid_low"": 273.26, ""pe_low"": 204.94}",320.46,"{""line1"": 375.68, ""line2"": 359.18, ""line3"": 353.26, ""line4"": 323.68, ""line5"": 305.5}","{""pdi"": 18.35, ""mdi"": 26.82, ""adx"": 18.75}","{""k"": 51.38, ""d"": 39.61, ""j"": 74.92}","{""dif"": -5.62, ""dea"": -4.26, ""dem"": -4.26, ""osc"": -2.72, ""mac"": -2.72}","{""rsi6"": 51.06, ""rsi12"": 31.82, ""rsi24"": 47.75}","{""current"": 1637089.0, ""ma5"": 1704746.0, ""ma10"": 2260403.0, ""vol60"": 4336686.0, ""vol120"": 5774247.0}","{""ma25"": 344.98, ""ma25_slope"": -0.56, ""vol5"": 1704746.0, ""vol60"": 4336686.0, ""vol120"": 5774247.0, ""vol_ratio_5_60"": 0.3931, ""low_vs_ma25_pct"": -3.0379, ""close_vs_ma25_pct"": -2.8929, ""body_size"": 3.5, ""upper_shadow"": 4.5, ""lower_shadow"": 0.5, ""pullback_count_25ma"": 9, ""first_pullback_flag"": 0, ""hard_filter_pass"": 0, ""pattern_type"": ""trap\u9677\u9631"", ""score"": 0.0}",8092,8092,0,"{""ema12"": 335.61, ""ema26"": 341.04, ""ema50"": 342.91}",101.47,0.1753,0.3633,335.24,"{""bias5"": 1.48, ""bias10"": 1.04, ""bias20"": -2.4}",120.88,-7.44,3504.6964,"{""k"": 51.38, ""d"": 39.61}",-28,972.05,-25991011,41.67,1146.99,-7.71,31.62,1655974,69.57,336.88,-68.38,,,,,,,,,,,,,8092,-8092,8092,,,-3,0.8
20261001,2049,上銀,1302617,435972297,336,337.5,332.5,335,0,1920,"68,100",0,0,"{""upper"": 370.33, ""middle"": 341.18, ""lower"": 312.02}","{""upper"": 370.33, ""middle"": 341.18, ""lower"": 312.02}","{""upper"": 370.33, ""middle"": 341.18, ""lower"": 312.02}","{""cdp"": 335.0, ""ah"": 340.0, ""nh"": 337.5, ""nl"": 332.5, ""al"": 330.0}","{""ma5"": 333.2, ""ma10"": 332.5, ""ma20"": 341.18, ""ma25"": 343.92, ""ma60"": 341.07}","{""current_price"": 335.0, ""pb_high"": 672.0, ""pb_mid_high"": 504.0, ""pb_fair"": 336.0, ""pb_mid_low"": 268.8, ""pb_low"": 168.0}",168,"{""current_price"": 335.0, ""pe_high"": 511.6, ""pe_mid_high"": 409.28, ""pe_fair"": 341.07, ""pe_mid_low"": 272.85, ""pe_low"": 204.64}",320.46,"{""line1"": 374.8, ""line2"": 359.01, ""line3"": 351.07, ""line4"": 322.15, ""line5"": 304.53}","{""pdi"": 13.73, ""mdi"": 33.05, ""adx"": 41.32}","{""k"": 59.07, ""d"": 49.73, ""j"": 77.73}","{""dif"": -4.92, ""dea"": -4.55, ""dem"": -4.55, ""osc"": -0.74, ""mac"": -0.74}","{""rsi6"": 60.0, ""rsi12"": 65.33, ""rsi24"": 42.9}","{""current"": 1302617.0, ""ma5"": 1557976.0, ""ma10"": 1763610.0, ""vol60"": 4179299.0, ""vol120"": 5735528.0}","{""ma25"": 343.92, ""ma25_slope"": -0.72, ""vol5"": 1557976.0, ""vol60"": 4179299.0, ""vol120"": 5735528.0, ""vol_ratio_5_60"": 0.3728, ""low_vs_ma25_pct"": -3.3205, ""close_vs_ma25_pct"": -2.5936, ""body_size"": 1.0, ""upper_shadow"": 1.5, ""lower_shadow"": 2.5, ""pullback_count_25ma"": 8, ""first_pullback_flag"": 0, ""hard_filter_pass"": 0, ""pattern_type"": ""trap\u9677\u9631"", ""score"": 0.0}",68100,68100,0,"{""ema12"": 335.43, ""ema26"": 339.88, ""ema50"": 342.25}",106.76,0.1709,0.3941,335.49,"{""bias5"": 0.54, ""bias10"": 0.75, ""bias20"": -1.81}",130.55,8.97,0,"{""k"": 59.07, ""d"": 49.73}",11.5,992.87,-28132650,41.67,1106.4,3.55,31.62,961886,82.01,335,-66.67,,,,,,,,,,,,,68100,-68100,68100,,,-1,0.4
20261002,2049,上銀,1577341,525733137,337.5,339,331,332.5,-2.5,2679,"-362,235","-250,000",0,"{""upper"": 370.33, ""middle"": 341.05, ""lower"": 311.77}","{""upper"": 370.33, ""middle"": 341.05, ""lower"": 311.77}","{""upper"": 370.33, ""middle"": 341.05, ""lower"": 311.77}","{""cdp"": 335.0, ""ah"": 340.0, ""nh"": 337.5, ""nl"": 332.5, ""al"": 330.0}","{""ma5"": 332.7, ""ma10"": 332.25, ""ma20"": 341.05, ""ma25"": 343.82, ""ma60"": 341.02}","{""current_price"": 332.5, ""pb_high"": 671.96, ""pb_mid_high"": 503.97, ""pb_fair"": 335.98, ""pb_mid_low"": 268.78, ""pb_low"": 167.99}",167.99,"{""current_price"": 332.5, ""pe_high"": 511.54, ""pe_mid_high"": 409.23, ""pe_fair"": 341.02, ""pe_mid_low"": 272.82, ""pe_low"": 204.61}",320.46,"{""line1"": 374.9, ""line2"": 359.03, ""line3"": 351.0, ""line4"": 321.95, ""line5"": 304.26}","{""pdi"": 13.5, ""mdi"": 32.51, ""adx"": 41.32}","{""k"": 55.44, ""d"": 48.53, ""j"": 69.28}","{""dif"": -5.12, ""dea"": -4.59, ""dem"": -4.59, ""osc"": -1.06, ""mac"": -1.06}","{""rsi6"": 53.33, ""rsi12"": 61.25, ""rsi24"": 42.29}","{""current"": 1577341.0, ""ma5"": 1612921.0, ""ma10"": 1791082.0, ""vol60"": 4183878.0, ""vol120"": 5737818.0}","{""ma25"": 343.82, ""ma25_slope"": -0.82, ""vol5"": 1612921.0, ""vol60"": 4183878.0, ""vol120"": 5737818.0, ""vol_ratio_5_60"": 0.3855, ""low_vs_ma25_pct"": -3.7287, ""close_vs_ma25_pct"": -3.2924, ""body_size"": 5.0, ""upper_shadow"": 1.5, ""lower_shadow"": 1.5, ""pullback_count_25ma"": 8, ""first_pullback_flag"": 0, ""hard_filter_pass"": 0, ""pattern_type"": ""trap\u9677\u9631"", ""score"": 0.0}",-612235,-362235,-250000,"{""ema12"": 335.05, ""ema26"": 339.69, ""ema50"": 342.15}",105.05,0.1717,0.354,335.1,"{""bias5"": -0.06, ""bias10"": 0.08, ""bias20"": -2.51}",130.29,-1.46,0,"{""k"": 55.44, ""d"": 48.53}",9,1000.33,-29709991,41.67,1106.4,2.78,27.94,687162,79.22,333.75,-70.54,,,,,,,,,,,,,-612235,612235,-612235,,,-2,0.33
20260728,2233,宇隆,807556,156980047,197.5,198,191.5,192,-13,943,"189,930",0,0,"{""upper"": 268.69, ""middle"": 225.57, ""lower"": 182.46}","{""upper"": 268.69, ""middle"": 225.57, ""lower"": 182.46}","{""upper"": 268.69, ""middle"": 225.57, ""lower"": 182.46}","{""cdp"": 203.12, ""ah"": 213.62, ""nh"": 210.25, ""nl"": 199.75, ""al"": 192.62}","{""ma5"": 207.0, ""ma10"": 212.9, ""ma20"": 225.57, ""ma60"": 282.28}","{""current_price"": 192.0, ""pb_high"": 516.71, ""pb_mid_high"": 387.53, ""pb_fair"": 258.35, ""pb_mid_low"": 206.68, ""pb_low"": 129.18}",129.18,"{""current_price"": 192.0, ""pe_high"": 423.43, ""pe_mid_high"": 338.74, ""pe_fair"": 282.28, ""pe_mid_low"": 225.83, ""pe_low"": 169.37}",222.86,"{""line1"": 355.38, ""line2"": 319.46, ""line3"": 253.31, ""line4"": 188.33, ""line5"": 148.53}","{""pdi"": 7.31, ""mdi"": 39.62, ""adx"": 68.84}","{""k"": 15.07, ""d"": 20.69, ""j"": 3.82}","{""dif"": -19.68, ""dem"": -18.47, ""osc"": -2.41, ""mac"": -2.41}","{""rsi6"": 39.13, ""rsi12"": 23.81, ""rsi24"": 31.26}","{""current"": 807556.0, ""ma5"": 590771.0, ""ma10"": 886184.0}",,189930,189930,0,"{""ema12"": 215.31, ""ema26"": 235.79, ""ema50"": 252.68}",56.56,0.3823,0.1107,213.2,"{""bias5"": -7.25, ""bias10"": -9.82, ""bias20"": -14.88}",66.73,-125.86,-5231.8353,"{""k"": 15.07, ""d"": 20.69}",-60.5,1485.57,-16257341,41.67,1018.48,-23.96,0.57,-9240427,38.96,193.38,-99.31,,,,,,,,,,,,,189930,-189930,189930,,,1,0.8
20260729,2233,宇隆,1754208,321579030,193.5,199.5,175.5,185.5,-6.5,1530,"298,784",0,0,"{""upper"": 269.56, ""middle"": 225.2, ""lower"": 180.84}","{""upper"": 269.56, ""middle"": 225.2, ""lower"": 180.84}","{""upper"": 269.56, ""middle"": 225.2, ""lower"": 180.84}","{""cdp"": 193.38, ""ah"": 199.88, ""nh"": 195.25, ""nl"": 188.75, ""al"": 186.88}","{""ma5"": 200.9, ""ma10"": 207.8, ""ma20"": 225.2, ""ma60"": 280.38}","{""current_price"": 185.5, ""pb_high"": 516.03, ""pb_mid_high"": 387.02, ""pb_fair"": 258.02, ""pb_mid_low"": 206.41, ""pb_low"": 129.01}",129.01,"{""current_price"": 185.5, ""pe_high"": 420.56, ""pe_mid_high"": 336.45, ""pe_fair"": 280.38, ""pe_mid_low"": 224.3, ""pe_low"": 168.22}",219.11,"{""line1"": 354.89, ""line2"": 317.34, ""line3"": 249.67, ""line4"": 185.65, ""line5"": 145.8}","{""pdi"": 6.92, ""mdi"": 44.64, ""adx"": 73.16}","{""k"": 15.65, ""d"": 19.01, ""j"": 8.92}","{""dif"": -20.64, ""dem"": -18.91, ""osc"": -3.46, ""mac"": -3.46}","{""rsi6"": 26.6, ""rsi12"": 24.55, ""rsi24"": 33.83}","{""current"": 1754208.0, ""ma5"": 791832.0, ""ma10"": 980447.0}",,298784,298784,0,"{""ema12"": 210.22, ""ema26"": 231.97, ""ema50"": 250.04}",56.71,0.394,0.0525,208.57,"{""bias5"": -7.67, ""bias10"": -10.73, ""bias20"": -17.63}",63.99,-138.69,-9919.0062,"{""k"": 15.65, ""d"": 19.01}",-57,1537.63,-17213920,41.67,1027.24,-23.51,9.62,-5923736,34.28,186.5,-88.7,,,,,,,,,,,,,298784,-298784,298784,,,-1,0.8
20260730,2233,宇隆,875340,155929694,178.5,184.5,172,173.5,0,1078,"-146,381","65,000",0,"{""upper"": 272.8, ""middle"": 223.28, ""lower"": 173.75}","{""upper"": 272.8, ""middle"": 223.28, ""lower"": 173.75}","{""upper"": 272.8, ""middle"": 223.28, ""lower"": 173.75}","{""cdp"": 186.5, ""ah"": 210.5, ""nh"": 197.5, ""nl"": 173.5, ""al"": 162.5}","{""ma5"": 191.9, ""ma10"": 202.2, ""ma20"": 223.28, ""ma60"": 277.96}","{""current_price"": 173.5, ""pb_high"": 514.96, ""pb_mid_high"": 386.22, ""pb_fair"": 257.48, ""pb_mid_low"": 205.98, ""pb_low"": 128.74}",128.74,"{""current_price"": 173.5, ""pe_high"": 416.94, ""pe_mid_high"": 333.55, ""pe_fair"": 277.96, ""pe_mid_low"": 222.37, ""pe_low"": 166.77}",216.1,"{""line1"": 355.16, ""line2"": 315.56, ""line3"": 245.85, ""line4"": 180.88, ""line5"": 140.5}","{""pdi"": 4.68, ""mdi"": 46.1, ""adx"": 81.58}","{""k"": 11.38, ""d"": 16.47, ""j"": 1.22}","{""dif"": -22.11, ""dem"": -19.55, ""osc"": -5.12, ""mac"": -5.12}","{""rsi6"": 7.92, ""rsi12"": 25.35, ""rsi24"": 35.7}","{""current"": 875340.0, ""ma5"": 873080.0, ""ma10"": 1003288.0}",,-81381,-146381,65000,"{""ema12"": 204.11, ""ema26"": 227.87, ""ema50"": 246.82}",51.69,0.4436,-0.0025,202.2,"{""bias5"": -9.59, ""bias10"": -14.19, ""bias20"": -22.29}",56.41,-159.86,-13209.153,"{""k"": 11.38, ""d"": 16.47}",-53.5,1597.98,-18726345,41.67,1098.29,-23.57,1.4,-6799076,29.16,175.88,-98.1,,,,,,,,,,,,,-81381,81381,-81381,,,-3,0.8
20260731,2233,宇隆,550965,103909574,189,190.5,185,190.5,17,617,"-47,533",0,0,"{""upper"": 272.44, ""middle"": 221.15, ""lower"": 169.86}","{""upper"": 272.44, ""middle"": 221.15, ""lower"": 169.86}","{""upper"": 272.44, ""middle"": 221.15, ""lower"": 169.86}","{""cdp"": 175.88, ""ah"": 188.38, ""nh"": 179.75, ""nl"": 167.25, ""al"": 163.38}","{""ma5"": 189.3, ""ma10"": 199.4, ""ma20"": 221.15, ""ma60"": 275.89}","{""current_price"": 190.5, ""pb_high"": 514.23, ""pb_mid_high"": 385.68, ""pb_fair"": 257.12, ""pb_mid_low"": 205.69, ""pb_low"": 128.56}",128.56,"{""current_price"": 190.5, ""pe_high"": 413.84, ""pe_mid_high"": 331.07, ""pe_fair"": 275.89, ""pe_mid_low"": 220.71, ""pe_low"": 165.53}",205.81,"{""line1"": 354.87, ""line2"": 313.87, ""line3"": 242.94, ""line4"": 176.65, ""line5"": 136.16}","{""pdi"": 7.48, ""mdi"": 38.1, ""adx"": 67.16}","{""k"": 19.56, ""d"": 17.5, ""j"": 23.69}","{""dif"": -21.65, ""dem"": -19.97, ""osc"": -3.37, ""mac"": -3.37}","{""rsi6"": 28.46, ""rsi12"": 30.17, ""rsi24"": 42.86}","{""current"": 550965.0, ""ma5"": 886351.0, ""ma10"": 865295.0}",,-47533,-47533,0,"{""ema12"": 201.71, ""ema26"": 225.64, ""ema50"": 244.73}",56.11,0.4638,0.2012,199.53,"{""bias5"": 0.63, ""bias10"": -4.46, ""bias20"": -13.86}",68.81,-95.69,9483.361,"{""k"": 19.56, ""d"": 17.5}",-46,1597.98,-19272223,41.67,995.35,-19.45,17.21,-6248111,33.36,189.12,-73.57,,,,,,,,,,,,,-47533,47533,-47533,,,-3,1.25
20260803,2233,宇隆,2365057,462714694,197,202.5,190,193.5,3,2534,"605,793",0,0,"{""upper"": 269.17, ""middle"": 218.32, ""lower"": 167.48}","{""upper"": 269.17, ""middle"": 218.32, ""lower"": 167.48}","{""upper"": 269.17, ""middle"": 218.32, ""lower"": 167.48}","{""cdp"": 189.12, ""ah"": 194.62, ""nh"": 193.25, ""nl"": 187.75, ""al"": 183.62}","{""ma5"": 187.0, ""ma10"": 198.55, ""ma20"": 218.32, ""ma60"": 273.86}","{""current_price"": 193.5, ""pb_high"": 513.47, ""pb_mid_high"": 385.1, ""pb_fair"": 256.73, ""pb_mid_low"": 205.39, ""pb_low"": 128.37}",128.37,"{""current_price"": 193.5, ""pe_high"": 410.79, ""pe_mid_high"": 328.63, ""pe_fair"": 273.86, ""pe_mid_low"": 219.09, ""pe_low"": 164.31}",172.61,"{""line1"": 353.08, ""line2"": 311.6, ""line3"": 239.83, ""line4"": 174.03, ""line5"": 134.16}","{""pdi"": 13.41, ""mdi"": 35.06, ""adx"": 44.66}","{""k"": 26.96, ""d"": 20.65, ""j"": 39.57}","{""dif"": -20.81, ""dem"": -20.14, ""osc"": -1.34, ""mac"": -1.34}","{""rsi6"": 40.57, ""rsi12"": 33.93, ""rsi24"": 46.15}","{""current"": 2365057.0, ""ma5"": 1270625.0, ""ma10"": 900310.0}",,605793,605793,0,"{""ema12"": 200.07, ""ema26"": 223.54, ""ema50"": 242.67}",54.39,0.4658,0.2559,198.82,"{""bias5"": 3.48, ""bias10"": -2.54, ""bias20"": -11.37}",81.03,-54.91,4492.4921,"{""k"": 26.96, ""d"": 20.65}",-36,1573.2,-16069165,50,1003.56,-15.69,20,-11309937,44.3,194.88,-68.38,,,,,,,,,,,,,605793,-605793,605793,,,-3,1.25
20260804,2233,宇隆,673917,134244877,193.5,204.5,192.5,204,10.5,811,"-10,593",0,0,"{""upper"": 261.81, ""middle"": 215.3, ""lower"": 168.79}","{""upper"": 261.81, ""middle"": 215.3, ""lower"": 168.79}","{""upper"": 261.81, ""middle"": 215.3, ""lower"": 168.79}","{""cdp"": 194.88, ""ah"": 207.38, ""nh"": 199.75, ""nl"": 187.25, ""al"": 182.38}","{""ma5"": 189.4, ""ma10"": 198.2, ""ma20"": 215.3, ""ma60"": 272.34}","{""current_price"": 204.0, ""pb_high"": 512.98, ""pb_mid_high"": 384.73, ""pb_fair"": 256.49, ""pb_mid_low"": 205.19, ""pb_low"": 128.24}",128.24,"{""current_price"": 204.0, ""pe_high"": 408.51, ""pe_mid_high"": 326.81, ""pe_fair"": 272.34, ""pe_mid_low"": 217.87, ""pe_low"": 163.4}",172.65,"{""line1"": 351.51, ""line2"": 309.41, ""line3"": 237.44, ""line4"": 171.64, ""line5"": 132.28}","{""pdi"": 14.42, ""mdi"": 35.22, ""adx"": 41.9}","{""k"": 40.19, ""d"": 27.17, ""j"": 66.25}","{""dif"": -19.07, ""dem"": -19.92, ""osc"": 1.7, ""mac"": 1.7}","{""rsi6"": 49.19, ""rsi12"": 43.5, ""rsi24"": 52.15}","{""current"": 673917.0, ""ma5"": 1243897.0, ""ma10"": 917334.0}",,-10593,-10593,0,"{""ema12"": 201.02, ""ema26"": 221.95, ""ema50"": 240.79}",59.63,0.432,0.3785,201.13,"{""bias5"": 7.71, ""bias10"": 2.93, ""bias20"": -5.25}",94.53,-20.78,4006.4281,"{""k"": 40.19, ""d"": 27.17}",-14.5,1624.7,-16047090,58.33,951.91,-6.64,32.99,-9444421,63.91,201.25,-52.24,,,,,,,,,,,,,-10593,10593,-10593,,,-1,1.25
20260805,2233,宇隆,1795034,388189059,212,224,208,224,20,1898,"-302,621",0,0,"{""upper"": 257.5, ""middle"": 213.9, ""lower"": 170.3}","{""upper"": 257.5, ""middle"": 213.9, ""lower"": 170.3}","{""upper"": 257.5, ""middle"": 213.9, ""lower"": 170.3}","{""cdp"": 201.25, ""ah"": 213.25, ""nh"": 210.0, ""nl"": 198.0, ""al"": 189.25}","{""ma5"": 197.1, ""ma10"": 199.0, ""ma20"": 213.9, ""ma60"": 271.21}","{""current_price"": 224.0, ""pb_high"": 512.7, ""pb_mid_high"": 384.53, ""pb_fair"": 256.35, ""pb_mid_low"": 205.08, ""pb_low"": 128.18}",128.18,"{""current_price"": 224.0, ""pe_high"": 406.81, ""pe_mid_high"": 325.45, ""pe_fair"": 271.21, ""pe_mid_low"": 216.97, ""pe_low"": 162.72}",173.04,"{""line1"": 349.04, ""line2"": 306.46, ""line3"": 235.53, ""line4"": 171.14, ""line5"": 132.87}","{""pdi"": 22.68, ""mdi"": 32.88, ""adx"": 18.37}","{""k"": 60.13, ""d"": 38.15, ""j"": 104.08}","{""dif"": -15.9, ""dem"": -19.12, ""osc"": 6.44, ""mac"": 6.44}","{""rsi6"": 73.19, ""rsi12"": 59.57, ""rsi24"": 52.33}","{""current"": 1795034.0, ""ma5"": 1252063.0, ""ma10"": 1021947.0}",,-302621,-302621,0,"{""ema12"": 204.94, ""ema26"": 222.34, ""ema50"": 240.21}",69.61,0.4077,0.6158,205.84,"{""bias5"": 13.65, ""bias10"": 12.56, ""bias20"": 4.72}",110.61,93.25,15598.5903,"{""k"": 60.13, ""d"": 38.15}",22,1331.91,-15459079,66.67,951.91,10.89,56.52,-6906406,88.38,220,-17.46,,,,,,,,,,,,,-302621,302621,-302621,,,-1,1.25
20260806,2233,宇隆,3180382,657567352,211.5,213.5,202,204,-20,3626,"-351,822",0,0,"{""upper"": 250.53, ""middle"": 211.3, ""lower"": 172.07}","{""upper"": 250.53, ""middle"": 211.3, ""lower"": 172.07}","{""upper"": 250.53, ""middle"": 211.3, ""lower"": 172.07}","{""cdp"": 220.0, ""ah"": 236.0, ""nh"": 232.0, ""nl"": 216.0, ""al"": 204.0}","{""ma5"": 203.2, ""ma10"": 197.55, ""ma20"": 211.3, ""ma60"": 269.57}","{""current_price"": 204.0, ""pb_high"": 511.69, ""pb_mid_high"": 383.77, ""pb_fair"": 255.85, ""pb_mid_low"": 204.68, ""pb_low"": 127.92}",127.92,"{""current_price"": 204.0, ""pe_high"": 404.35, ""pe_mid_high"": 323.48, ""pe_fair"": 269.57, ""pe_mid_low"": 215.65, ""pe_low"": 161.74}",185.78,"{""line1"": 346.61, ""line2"": 303.12, ""line3"": 233.12, ""line4"": 169.83, ""line5"": 132.37}","{""pdi"": 22.57, ""mdi"": 29.12, ""adx"": 12.66}","{""k"": 60.6, ""d"": 45.64, ""j"": 90.53}","{""dif"": -14.83, ""dem"": -18.26, ""osc"": 6.86, ""mac"": 6.86}","{""rsi6"": 61.21, ""rsi12"": 48.65, ""rsi24"": 44.34}","{""current"": 3180382.0, ""ma5"": 1713071.0, ""ma10"": 1293075.0}",,-351822,-351822,0,"{""ema12"": 205.1, ""ema26"": 221.01, ""ema50"": 238.95}",66.51,0.3713,0.407,207.11,"{""bias5"": 0.39, ""bias10"": 3.26, ""bias20"": -3.45}",110.09,29.97,-2983.1322,"{""k"": 60.6, ""d"": 45.64}",-3.5,1462.49,-16588909,58.33,858.06,-1.69,34.78,-10475137,100.38,205.88,-39.05,,,,,,,,,,,,,-351822,351822,-351822,,,-1,1.25
20260807,2233,宇隆,1582336,325764488,205.5,212,199,201,-3,1870,"-113,030",0,0,"{""upper"": 243.28, ""middle"": 208.72, ""lower"": 174.17}","{""upper"": 243.28, ""middle"": 208.72, ""lower"": 174.17}","{""upper"": 243.28, ""middle"": 208.72, ""lower"": 174.17}","{""cdp"": 205.88, ""ah"": 217.38, ""nh"": 209.75, ""nl"": 198.25, ""al"": 194.38}","{""ma5"": 205.3, ""ma10"": 197.3, ""ma20"": 208.72, ""ma60"": 267.95}","{""current_price"": 201.0, ""pb_high"": 510.22, ""pb_mid_high"": 382.66, ""pb_fair"": 255.11, ""pb_mid_low"": 204.09, ""pb_low"": 127.55}",127.55,"{""current_price"": 201.0, ""pe_high"": 401.92, ""pe_mid_high"": 321.54, ""pe_fair"": 267.95, ""pe_mid_low"": 214.36, ""pe_low"": 160.77}",190.68,"{""line1"": 343.98, ""line2"": 299.64, ""line3"": 230.57, ""line4"": 169.43, ""line5"": 133.03}","{""pdi"": 24.15, ""mdi"": 24.4, ""adx"": 0.5}","{""k"": 58.99, ""d"": 50.09, ""j"": 76.79}","{""dif"": -14.06, ""dem"": -17.42, ""osc"": 6.72, ""mac"": 6.72}","{""rsi6"": 68.71, ""rsi12"": 43.95, ""rsi24"": 39.88}","{""current"": 1582336.0, ""ma5"": 1919345.0, ""ma10"": 1402848.0}",,-113030,-113030,0,"{""ema12"": 204.73, ""ema26"": 220.16, ""ema50"": 237.57}",67.52,0.3311,0.3882,207.18,"{""bias5"": -2.09, ""bias10"": 1.88, ""bias20"": -3.7}",102.52,15.54,-1848.5328,"{""k"": 58.99, ""d"": 50.09}",-15,1316.81,-16749018,50,870.87,-6.94,36.71,-11828745,85.79,203.25,-44.23,,,,,,,,,,,,,-113030,113030,-113030,,,-1,0.8
20260810,2233,宇隆,561747,114755538,201,207.5,201,204.5,3.5,762,"-113,030",0,0,"{""upper"": 237.73, ""middle"": 206.82, ""lower"": 175.92}","{""upper"": 237.73, ""middle"": 206.82, ""lower"": 175.92}","{""upper"": 237.73, ""middle"": 206.82, ""lower"": 175.92}","{""cdp"": 203.25, ""ah"": 216.25, ""nh"": 207.5, ""nl"": 194.5, ""al"": 190.25}","{""ma5"": 207.5, ""ma10"": 197.25, ""ma20"": 206.82, ""ma60"": 266.56}","{""current_price"": 204.5, ""pb_high"": 508.82, ""pb_mid_high"": 381.61, ""pb_fair"": 254.41, ""pb_mid_low"": 203.53, ""pb_low"": 127.2}",127.2,"{""current_price"": 204.5, ""pe_high"": 399.84, ""pe_mid_high"": 319.87, ""pe_fair"": 266.56, ""pe_mid_low"": 213.25, ""pe_low"": 159.94}",193.13,"{""line1"": 339.5, ""line2"": 295.06, ""line3"": 227.79, ""line4"": 169.64, ""line5"": 135.22}","{""pdi"": 24.69, ""mdi"": 24.94, ""adx"": 0.5}","{""k"": 60.16, ""d"": 53.44, ""j"": 73.59}","{""dif"": -13.02, ""dem"": -16.54, ""osc"": 7.04, ""mac"": 7.04}","{""rsi6"": 61.67, ""rsi12"": 44.4, ""rsi24"": 37.01}","{""current"": 561747.0, ""ma5"": 1558683.0, ""ma10"": 1414654.0}",,-113030,-113030,0,"{""ema12"": 204.47, ""ema26"": 218.92, ""ema50"": 236.29}",70.53,0.2989,0.4624,205.22,"{""bias5"": -1.45, ""bias10"": 3.68, ""bias20"": -1.12}",95.87,20.68,-1446.3807,"{""k"": 60.16, ""d"": 53.44}",-14,1316.81,-9277974,50,794.69,-6.41,46.43,-10594938,85.2,204.38,-37.5,,,,,,,,,,,,,-113030,113030,-113030,,,1,1.25
20260811,2233,宇隆,458652,92228666,201.5,205,199,201,-3.5,727,"7,433",0,0,"{""upper"": 235.09, ""middle"": 205.53, ""lower"": 175.96}","{""upper"": 235.09, ""middle"": 205.53, ""lower"": 175.96}","{""upper"": 235.09, ""middle"": 205.53, ""lower"": 175.96}","{""cdp"": 204.38, ""ah"": 210.88, ""nh"": 207.75, ""nl"": 201.25, ""al"": 197.88}","{""ma5"": 206.9, ""ma10"": 198.15, ""ma20"": 205.53, ""ma25"": 213.62, ""ma60"": 265.2}","{""current_price"": 201.0, ""pb_high"": 507.8, ""pb_mid_high"": 380.85, ""pb_fair"": 253.9, ""pb_mid_low"": 203.12, ""pb_low"": 126.95}",126.95,"{""current_price"": 201.0, ""pe_high"": 397.8, ""pe_mid_high"": 318.24, ""pe_fair"": 265.2, ""pe_mid_low"": 212.16, ""pe_low"": 159.12}",223.5,"{""line1"": 334.5, ""line2"": 290.17, ""line3"": 224.96, ""line4"": 170.23, ""line5"": 137.99}","{""pdi"": 20.52, ""mdi"": 27.27, ""adx"": 14.13}","{""k"": 58.7, ""d"": 55.19, ""j"": 65.7}","{""dif"": -12.33, ""dea"": -15.7, ""dem"": -15.7, ""osc"": 6.73, ""mac"": 6.73}","{""rsi6"": 56.2, ""rsi12"": 48.9, ""rsi24"": 38.51}","{""current"": 458652.0, ""ma5"": 1515630.0, ""ma10"": 1379764.0, ""vol60"": 1597764.0, ""vol120"": 1533814.0}","{""ma25"": 213.62, ""ma25_slope"": -2.54, ""vol5"": 1515630.0, ""vol60"": 1597764.0, ""vol120"": 1533814.0, ""vol_ratio_5_60"": 0.9486, ""low_vs_ma25_pct"": -6.8439, ""close_vs_ma25_pct"": -5.9077, ""body_size"": 0.5, ""upper_shadow"": 3.5, ""lower_shadow"": 2.0, ""pullback_count_25ma"": 1, ""first_pullback_flag"": 1, ""hard_filter_pass"": 0, ""pattern_type"": ""trap"", ""score"": 10.0}",7433,7433,0,"{""ema12"": 204.01, ""ema26"": 217.37, ""ema50"": 235.02}",63.02,0.2877,0.4235,204.7,"{""bias5"": -2.85, ""bias10"": 1.44, ""bias20"": -2.2}",88.51,10.42,-2943.4081,"{""k"": 58.7, ""d"": 55.19}",-2.5,1187.59,-6496607,50,808.53,-1.23,42.65,-10480455,65.84,201.5,-44.23,,,,,,,,,,,,,7433,-7433,7433,,,-1,1.25
20260812,2233,宇隆,776960,157436028,202,206,200.5,204,3,1240,"209,109",0,0,"{""upper"": 229.82, ""middle"": 203.9, ""lower"": 177.98}","{""upper"": 229.82, ""middle"": 203.9, ""lower"": 177.98}","{""upper"": 229.82, ""middle"": 203.9, ""lower"": 177.98}","{""cdp"": 201.5, ""ah"": 207.5, ""nh"": 204.0, ""nl"": 198.0, ""al"": 195.5}","{""ma5"": 202.9, ""ma10"": 200.0, ""ma20"": 203.9, ""ma25"": 211.7, ""ma60"": 263.68}","{""current_price"": 204.0, ""pb_high"": 506.95, ""pb_mid_high"": 380.21, ""pb_fair"": 253.47, ""pb_mid_low"": 202.78, ""pb_low"": 126.74}",126.74,"{""current_price"": 204.0, ""pe_high"": 395.52, ""pe_mid_high"": 316.42, ""pe_fair"": 263.68, ""pe_mid_low"": 210.95, ""pe_low"": 158.21}",213.21,"{""line1"": 328.15, ""line2"": 284.03, ""line3"": 222.14, ""line4"": 172.28, ""line5"": 142.9}","{""pdi"": 21.15, ""mdi"": 27.42, ""adx"": 12.9}","{""k"": 55.37, ""d"": 55.25, ""j"": 55.6}","{""dif"": -11.41, ""dea"": -14.84, ""dem"": -14.84, ""osc"": 6.85, ""mac"": 6.85}","{""rsi6"": 50.0, ""rsi12"": 49.57, ""rsi24"": 38.24}","{""current"": 776960.0, ""ma5"": 1312015.0, ""ma10"": 1282039.0, ""vol60"": 1597698.0, ""vol120"": 1488403.0}","{""ma25"": 211.7, ""ma25_slope"": -1.92, ""vol5"": 1312015.0, ""vol60"": 1597698.0, ""vol120"": 1488403.0, ""vol_ratio_5_60"": 0.8212, ""low_vs_ma25_pct"": -5.2905, ""close_vs_ma25_pct"": -3.6372, ""body_size"": 2.0, ""upper_shadow"": 2.0, ""lower_shadow"": 1.5, ""pullback_count_25ma"": 1, ""first_pullback_flag"": 1, ""hard_filter_pass"": 0, ""pattern_type"": ""trap"", ""score"": 10.0}",209109,209109,0,"{""ema12"": 203.94, ""ema26"": 216.14, ""ema50"": 233.88}",66.34,0.2542,0.5019,204.39,"{""bias5"": 0.54, ""bias10"": 2.0, ""bias20"": 0.05}",77.06,35.14,884.8589,"{""k"": 55.37, ""d"": 55.25}",-1,1170.13,-648748,50,888.12,-0.49,47.76,-10515080,63.24,203.62,-38.46,,,,,,,,,,,,,209109,-209109,209109,,,1,2
20260813,2233,宇隆,802798,166319188,204,210.5,203.5,203.5,-0.5,1638,"41,087",0,0,"{""upper"": 225.71, ""middle"": 202.6, ""lower"": 179.49}","{""upper"": 225.71, ""middle"": 202.6, ""lower"": 179.49}","{""upper"": 225.71, ""middle"": 202.6, ""lower"": 179.49}","{""cdp"": 203.62, ""ah"": 209.12, ""nh"": 206.75, ""nl"": 201.25, ""al"": 198.12}","{""ma5"": 202.8, ""ma10"": 203.0, ""ma20"": 202.6, ""ma25"": 209.6, ""ma60"": 261.67}","{""current_price"": 203.5, ""pb_high"": 506.46, ""pb_mid_high"": 379.84, ""pb_fair"": 253.23, ""pb_mid_low"": 202.58, ""pb_low"": 126.61}",126.61,"{""current_price"": 203.5, ""pe_high"": 392.5, ""pe_mid_high"": 314.0, ""pe_fair"": 261.67, ""pe_mid_low"": 209.33, ""pe_low"": 157.0}",199.26,"{""line1"": 318.27, ""line2"": 276.36, ""line3"": 219.03, ""line4"": 176.82, ""line5"": 151.9}","{""pdi"": 24.59, ""mdi"": 22.95, ""adx"": 3.45}","{""k"": 50.15, ""d"": 53.55, ""j"": 43.34}","{""dif"": -10.61, ""dea"": -13.99, ""dem"": -13.99, ""osc"": 6.78, ""mac"": 6.78}","{""rsi6"": 19.4, ""rsi12"": 55.61, ""rsi24"": 38.76}","{""current"": 802798.0, ""ma5"": 836499.0, ""ma10"": 1274785.0, ""vol60"": 1584944.0, ""vol120"": 1455399.0}","{""ma25"": 209.6, ""ma25_slope"": -2.1, ""vol5"": 836499.0, ""vol60"": 1584944.0, ""vol120"": 1455399.0, ""vol_ratio_5_60"": 0.5278, ""low_vs_ma25_pct"": -2.9103, ""close_vs_ma25_pct"": -2.9103, ""body_size"": 0.5, ""upper_shadow"": 6.5, ""lower_shadow"": 0.0, ""pullback_count_25ma"": 1, ""first_pullback_flag"": 1, ""hard_filter_pass"": 0, ""pattern_type"": ""trap"", ""score"": 10.0}",41087,41087,0,"{""ema12"": 203.69, ""ema26"": 215.23, ""ema50"": 232.72}",70.71,0.2281,0.5195,203.18,"{""bias5"": 0.35, ""bias10"": 0.25, ""bias20"": 0.44}",84.58,56.76,3269.8138,"{""k"": 50.15, ""d"": 53.55}",11.5,1173,-2124099,50,976.1,5.99,50,-10670952,63.01,205.25,-39.42,,,,,,,,,,,,,41087,-41087,41087,,,1,1.25
20260814,2233,宇隆,632825,126667060,204,205.5,198,198,-5.5,1004,"41,087",0,0,"{""upper"": 223.56, ""middle"": 201.57, ""lower"": 179.59}","{""upper"": 223.56, ""middle"": 201.57, ""lower"": 179.59}","{""upper"": 223.56, ""middle"": 201.57, ""lower"": 179.59}","{""cdp"": 205.25, ""ah"": 212.25, ""nh"": 207.0, ""nl"": 200.0, ""al"": 198.25}","{""ma5"": 202.2, ""ma10"": 203.75, ""ma20"": 201.57, ""ma25"": 207.42, ""ma60"": 259.3}","{""current_price"": 198.0, ""pb_high"": 506.06, ""pb_mid_high"": 379.54, ""pb_fair"": 253.03, ""pb_mid_low"": 202.42, ""pb_low"": 126.51}",126.51,"{""current_price"": 198.0, ""pe_high"": 388.95, ""pe_mid_high"": 311.16, ""pe_fair"": 259.3, ""pe_mid_low"": 207.44, ""pe_low"": 155.58}",210.25,"{""line1"": 312.19, ""line2"": 270.94, ""line3"": 216.64, ""line4"": 178.63, ""line5"": 156.03}","{""pdi"": 25.0, ""mdi"": 22.5, ""adx"": 5.26}","{""k"": 39.25, ""d"": 48.79, ""j"": 20.19}","{""dif"": -10.29, ""dea"": -13.25, ""dem"": -13.25, ""osc"": 5.93, ""mac"": 5.93}","{""rsi6"": 34.21, ""rsi12"": 56.16, ""rsi24"": 39.58}","{""current"": 632825.0, ""ma5"": 646596.0, ""ma10"": 1282971.0, ""vol60"": 1570205.0, ""vol120"": 1442757.0}","{""ma25"": 207.42, ""ma25_slope"": -2.18, ""vol5"": 646596.0, ""vol60"": 1570205.0, ""vol120"": 1442757.0, ""vol_ratio_5_60"": 0.4118, ""low_vs_ma25_pct"": -4.5415, ""close_vs_ma25_pct"": -4.5415, ""body_size"": 6.0, ""upper_shadow"": 1.5, ""lower_shadow"": 0.0, ""pullback_count_25ma"": 1, ""first_pullback_flag"": 1, ""hard_filter_pass"": 0, ""pattern_type"": ""trap"", ""score"": 10.0}",41087,41087,0,"{""ema12"": 202.54, ""ema26"": 213.99, ""ema50"": 231.22}",69.23,0.2182,0.4187,202.48,"{""bias5"": -2.08, ""bias10"": -2.82, ""bias20"": -1.77}",81.89,12.57,-6222.0993,"{""k"": 39.25, ""d"": 48.79}",12.5,1258.59,-3410991,50,1003.21,6.74,49.52,-9372883,58.28,199.88,-50,,,,,,,,,,,,,41087,-41087,41087,,,1,0.8
20260817,2233,宇隆,623677,123320227,198,204,195,196,-2,840,"-8,990",0,0,"{""upper"": 223.4, ""middle"": 201.28, ""lower"": 179.15}","{""upper"": 223.4, ""middle"": 201.28, ""lower"": 179.15}","{""upper"": 223.4, ""middle"": 201.28, ""lower"": 179.15}","{""cdp"": 199.88, ""ah"": 207.38, ""nh"": 201.75, ""nl"": 194.25, ""al"": 192.38}","{""ma5"": 200.5, ""ma10"": 204.0, ""ma20"": 201.28, ""ma25"": 205.56, ""ma60"": 257.03}","{""current_price"": 196.0, ""pb_high"": 505.52, ""pb_mid_high"": 379.14, ""pb_fair"": 252.76, ""pb_mid_low"": 202.21, ""pb_low"": 126.38}",126.38,"{""current_price"": 196.0, ""pe_high"": 385.55, ""pe_mid_high"": 308.44, ""pe_fair"": 257.03, ""pe_mid_low"": 205.63, ""pe_low"": 154.22}",210.19,"{""line1"": 308.96, ""line2"": 267.29, ""line3"": 214.97, ""line4"": 178.28, ""line5"": 156.45}","{""pdi"": 25.64, ""mdi"": 22.22, ""adx"": 7.14}","{""k"": 27.32, ""d"": 41.63, ""j"": -1.31}","{""dif"": -10.08, ""dea"": -12.62, ""dem"": -12.62, ""osc"": 5.07, ""mac"": 5.07}","{""rsi6"": 36.11, ""rsi12"": 62.3, ""rsi24"": 42.25}","{""current"": 623677.0, ""ma5"": 658982.0, ""ma10"": 1108833.0, ""vol60"": 1568948.0, ""vol120"": 1436039.0}","{""ma25"": 205.56, ""ma25_slope"": -1.86, ""vol5"": 658982.0, ""vol60"": 1568948.0, ""vol120"": 1436039.0, ""vol_ratio_5_60"": 0.42, ""low_vs_ma25_pct"": -5.1372, ""close_vs_ma25_pct"": -4.6507, ""body_size"": 2.0, ""upper_shadow"": 6.0, ""lower_shadow"": 1.0, ""pullback_count_25ma"": 1, ""first_pullback_flag"": 1, ""hard_filter_pass"": 0, ""pattern_type"": ""trap"", ""score"": 10.0}",-8990,-8990,0,"{""ema12"": 201.7, ""ema26"": 212.18, ""ema50"": 229.91}",76.47,0.2198,0.3808,201.75,"{""bias5"": -2.24, ""bias10"": -3.92, ""bias20"": -2.62}",81.7,-9.47,-3246.873,"{""k"": 27.32, ""d"": 41.63}",22.5,1258.59,-6731437,50,1072.23,12.97,46.15,-7981653,56.93,197.75,-53.85,,,,,,,,,,,,,-8990,8990,-8990,,,-1,0.5
20260818,2233,宇隆,742838,144754676,196,201,190.5,192.5,-3.5,1002,"121,042",0,0,"{""upper"": 222.77, ""middle"": 200.53, ""lower"": 178.28}","{""upper"": 222.77, ""middle"": 200.53, ""lower"": 178.28}","{""upper"": 222.77, ""middle"": 200.53, ""lower"": 178.28}","{""cdp"": 197.75, ""ah"": 206.75, ""nh"": 200.5, ""nl"": 191.5, ""al"": 188.75}","{""ma5"": 198.8, ""ma10"": 202.85, ""ma20"": 200.53, ""ma25"": 204.18, ""ma60"": 254.49}","{""current_price"": 192.5, ""pb_high"": 505.01, ""pb_mid_high"": 378.76, ""pb_fair"": 252.5, ""pb_mid_low"": 202.0, ""pb_low"": 126.25}",126.25,"{""current_price"": 192.5, ""pe_high"": 381.74, ""pe_mid_high"": 305.39, ""pe_fair"": 254.49, ""pe_mid_low"": 203.59, ""pe_low"": 152.69}",210.1,"{""line1"": 307.55, ""line2"": 264.46, ""line3"": 213.92, ""line4"": 176.69, ""line5"": 154.72}","{""pdi"": 27.78, ""mdi"": 16.98, ""adx"": 24.14}","{""k"": 21.11, ""d"": 34.79, ""j"": -6.25}","{""dif"": -10.09, ""dea"": -12.11, ""dem"": -12.11, ""osc"": 4.05, ""mac"": 4.05}","{""rsi6"": 16.67, ""rsi12"": 51.28, ""rsi24"": 38.66}","{""current"": 742838.0, ""ma5"": 715820.0, ""ma10"": 1115725.0, ""vol60"": 1502841.0, ""vol120"": 1433214.0}","{""ma25"": 204.18, ""ma25_slope"": -1.38, ""vol5"": 715820.0, ""vol60"": 1502841.0, ""vol120"": 1433214.0, ""vol_ratio_5_60"": 0.4763, ""low_vs_ma25_pct"": -6.7, ""close_vs_ma25_pct"": -5.7204, ""body_size"": 3.5, ""upper_shadow"": 5.0, ""lower_shadow"": 2.0, ""pullback_count_25ma"": 1, ""first_pullback_flag"": 1, ""hard_filter_pass"": 0, ""pattern_type"": ""trap"", ""score"": 10.0}",121042,121042,0,"{""ema12"": 200.16, ""ema26"": 210.48, ""ema50"": 228.27}",80.53,0.2218,0.3196,199.92,"{""bias5"": -3.17, ""bias10"": -5.1, ""bias20"": -4.0}",91.3,-53.41,-5300.6174,"{""k"": 21.11, ""d"": 34.79}",2,1281.47,-8665874,41.67,1021.56,1.05,39.42,-9228165,56.69,194.12,-60.58,,,,,,,,,,,,,121042,-121042,121042,,,-3,0.29
20260819,2233,宇隆,730128,138342651,189,195,185.5,188.5,-4,948,"-101,342",0,0,"{""upper"": 220.79, ""middle"": 199.15, ""lower"": 177.51}","{""upper"": 220.79, ""middle"": 199.15, ""lower"": 177.51}","{""upper"": 220.79, ""middle"": 199.15, ""lower"": 177.51}","{""cdp"": 194.12, ""ah"": 204.62, ""nh"": 197.75, ""nl"": 187.25, ""al"": 183.62}","{""ma5"": 195.7, ""ma10"": 199.3, ""ma20"": 199.15, ""ma25"": 202.26, ""ma60"": 251.85}","{""current_price"": 188.5, ""pb_high"": 504.43, ""pb_mid_high"": 378.32, ""pb_fair"": 252.22, ""pb_mid_low"": 201.77, ""pb_low"": 126.11}",126.11,"{""current_price"": 188.5, ""pe_high"": 377.77, ""pe_mid_high"": 302.22, ""pe_fair"": 251.85, ""pe_mid_low"": 201.48, ""pe_low"": 151.11}",210,"{""line1"": 306.57, ""line2"": 261.77, ""line3"": 213.21, ""line4"": 175.47, ""line5"": 153.1}","{""pdi"": 28.48, ""mdi"": 18.35, ""adx"": 21.62}","{""k"": 17.85, ""d"": 29.14, ""j"": -4.74}","{""dif"": -10.3, ""dea"": -11.75, ""dem"": -11.75, ""osc"": 2.91, ""mac"": 2.91}","{""rsi6"": 16.22, ""rsi12"": 46.84, ""rsi24"": 39.27}","{""current"": 730128.0, ""ma5"": 706453.0, ""ma10"": 1009234.0, ""vol60"": 1440922.0, ""vol120"": 1432578.0}","{""ma25"": 202.26, ""ma25_slope"": -1.92, ""vol5"": 706453.0, ""vol60"": 1440922.0, ""vol120"": 1432578.0, ""vol_ratio_5_60"": 0.4903, ""low_vs_ma25_pct"": -8.2864, ""close_vs_ma25_pct"": -6.8031, ""body_size"": 0.5, ""upper_shadow"": 6.0, ""lower_shadow"": 3.0, ""pullback_count_25ma"": 1, ""first_pullback_flag"": 1, ""hard_filter_pass"": 0, ""pattern_type"": ""trap"", ""score"": 10.0}",-101342,-101342,0,"{""ema12"": 198.17, ""ema26"": 208.87, ""ema50"": 226.72}",93.14,0.2173,0.2539,198.07,"{""bias5"": -3.68, ""bias10"": -5.42, ""bias20"": -5.35}",100,-135.64,-7156.2794,"{""k"": 17.85, ""d"": 29.14}",-5,1281.47,-8653021,33.33,1059.79,-2.58,31.73,-10707200,56.18,189.38,-91.03,,,,,,,,,,,,,-101342,101342,-101342,,,-5,0.29
20260821,2233,宇隆,1029535,183545198,182.5,184.5,175.5,177,-6.5,1709,"14,206",0,0,"{""upper"": 218.85, ""middle"": 197.07, ""lower"": 175.3}","{""upper"": 218.85, ""middle"": 197.07, ""lower"": 175.3}","{""upper"": 218.85, ""middle"": 197.07, ""lower"": 175.3}","{""cdp"": 189.38, ""ah"": 198.88, ""nh"": 193.25, ""nl"": 183.75, ""al"": 179.88}","{""ma5"": 190.4, ""ma10"": 196.6, ""ma20"": 197.07, ""ma25"": 200.16, ""ma60"": 248.44}","{""current_price"": 177.0, ""pb_high"": 503.46, ""pb_mid_high"": 377.59, ""pb_fair"": 251.73, ""pb_mid_low"": 201.38, ""pb_low"": 125.86}",125.86,"{""current_price"": 177.0, ""pe_high"": 372.66, ""pe_mid_high"": 298.13, ""pe_fair"": 248.44, ""pe_mid_low"": 198.75, ""pe_low"": 149.06}",204.9,"{""line1"": 306.03, ""line2"": 259.51, ""line3"": 212.76, ""line4"": 173.36, ""line5"": 150.45}","{""pdi"": 25.32, ""mdi"": 25.32, ""adx"": 0.0}","{""k"": 13.33, ""d"": 23.87, ""j"": -7.76}","{""dif"": -11.26, ""dea"": -11.65, ""dem"": -11.65, ""osc"": 0.79, ""mac"": 0.79}","{""rsi6"": 0.0, ""rsi12"": 33.13, ""rsi24"": 39.16}","{""current"": 1029535.0, ""ma5"": 751801.0, ""ma10"": 794150.0, ""vol60"": 1394349.0, ""vol120"": 1424602.0}","{""ma25"": 200.16, ""ma25_slope"": -2.1, ""vol5"": 751801.0, ""vol60"": 1394349.0, ""vol120"": 1424602.0, ""vol_ratio_5_60"": 0.5392, ""low_vs_ma25_pct"": -12.3201, ""close_vs_ma25_pct"": -11.5707, ""body_size"": 5.5, ""upper_shadow"": 2.0, ""lower_shadow"": 1.5, ""pullback_count_25ma"": 1, ""first_pullback_flag"": 1, ""hard_filter_pass"": 0, ""pattern_type"": ""trap"", ""score"": 10.0}",14206,14206,0,"{""ema12"": 194.61, ""ema26"": 206.4, ""ema50"": 224.88}",88.78,0.221,0.0391,194.37,"{""bias5"": -7.04, ""bias10"": -9.97, ""bias20"": -10.19}",85.83,-225.35,-8960.3559,"{""k"": 13.33, ""d"": 23.87}",-27,1364.73,-10070905,25,1045.3,-13.24,9.62,-11267635,48.58,178.5,-96.91,,,,,,,,,,,,,14206,-14206,14206,,,-5,0.29
20260824,2233,宇隆,920226,159966872,175.5,177,171,174.5,-2.5,987,"236,849",0,0,"{""upper"": 219.28, ""middle"": 195.62, ""lower"": 171.97}","{""upper"": 219.28, ""middle"": 195.62, ""lower"": 171.97}","{""upper"": 219.28, ""middle"": 195.62, ""lower"": 171.97}","{""cdp"": 178.5, ""ah"": 187.5, ""nh"": 181.5, ""nl"": 172.5, ""al"": 169.5}","{""ma5"": 185.7, ""ma10"": 193.95, ""ma20"": 195.62, ""ma25"": 198.4, ""ma60"": 245.07}","{""current_price"": 174.5, ""pb_high"": 502.47, ""pb_mid_high"": 376.85, ""pb_fair"": 251.23, ""pb_mid_low"": 200.99, ""pb_low"": 125.62}",125.62,"{""current_price"": 174.5, ""pe_high"": 367.6, ""pe_mid_high"": 294.08, ""pe_fair"": 245.07, ""pe_mid_low"": 196.05, ""pe_low"": 147.04}",203.34,"{""line1"": 306.1, ""line2"": 257.74, ""line3"": 211.72, ""line4"": 171.54, ""line5"": 147.78}","{""pdi"": 18.31, ""mdi"": 29.49, ""adx"": 23.4}","{""k"": 11.84, ""d"": 19.86, ""j"": -4.21}","{""dif"": -12.08, ""dea"": -11.74, ""dem"": -11.74, ""osc"": -0.69, ""mac"": -0.69}","{""rsi6"": 0.0, ""rsi12"": 10.4, ""rsi24"": 42.25}","{""current"": 920226.0, ""ma5"": 809281.0, ""ma10"": 727939.0, ""vol60"": 1347266.0, ""vol120"": 1422261.0}","{""ma25"": 198.4, ""ma25_slope"": -1.76, ""vol5"": 809281.0, ""vol60"": 1347266.0, ""vol120"": 1422261.0, ""vol_ratio_5_60"": 0.6007, ""low_vs_ma25_pct"": -13.8105, ""close_vs_ma25_pct"": -12.0464, ""body_size"": 1.0, ""upper_shadow"": 1.5, ""lower_shadow"": 3.5, ""pullback_count_25ma"": 1, ""first_pullback_flag"": 1, ""hard_filter_pass"": 0, ""pattern_type"": ""trap"", ""score"": 10.0}",236849,236849,0,"{""ema12"": 191.62, ""ema26"": 203.75, ""ema50"": 222.9}",84.98,0.2418,0.0534,190.34,"{""bias5"": -6.03, ""bias10"": -10.03, ""bias20"": -10.8}",85.64,-198.95,-3912.0825,"{""k"": 11.84, ""d"": 19.86}",-49.5,1310.68,-10762403,16.67,1060.28,-22.1,6.6,-11703251,47.87,174.25,-93.4,,,,,,,,,,,,,236849,-236849,236849,,,-7,0.12
20260826,2233,宇隆,1319582,226309575,167,177,163.5,177,9.5,1479,"-12,918",0,0,"{""upper"": 218.79, ""middle"": 194.22, ""lower"": 169.66}","{""upper"": 218.79, ""middle"": 194.22, ""lower"": 169.66}","{""upper"": 218.79, ""middle"": 194.22, ""lower"": 169.66}","{""cdp"": 174.25, ""ah"": 180.25, ""nh"": 177.5, ""nl"": 171.5, ""al"": 168.25}","{""ma5"": 181.9, ""ma10"": 191.2, ""ma20"": 194.22, ""ma25"": 197.4, ""ma60"": 241.93}","{""current_price"": 177.0, ""pb_high"": 501.6, ""pb_mid_high"": 376.2, ""pb_fair"": 250.8, ""pb_mid_low"": 200.64, ""pb_low"": 125.4}",125.4,"{""current_price"": 177.0, ""pe_high"": 362.9, ""pe_mid_high"": 290.32, ""pe_fair"": 241.93, ""pe_mid_low"": 193.55, ""pe_low"": 145.16}",200.25,"{""line1"": 305.13, ""line2"": 255.54, ""line3"": 210.17, ""line4"": 170.68, ""line5"": 146.53}","{""pdi"": 16.78, ""mdi"": 34.23, ""adx"": 34.21}","{""k"": 17.47, ""d"": 19.06, ""j"": 14.28}","{""dif"": -12.39, ""dea"": -11.87, ""dem"": -11.87, ""osc"": -1.05, ""mac"": -1.05}","{""rsi6"": 9.62, ""rsi12"": 20.0, ""rsi24"": 41.26}","{""current"": 1319582.0, ""ma5"": 948462.0, ""ma10"": 803722.0, ""vol60"": 1333533.0, ""vol120"": 1424209.0}","{""ma25"": 197.4, ""ma25_slope"": -1.0, ""vol5"": 948462.0, ""vol60"": 1333533.0, ""vol120"": 1424209.0, ""vol_ratio_5_60"": 0.7112, ""low_vs_ma25_pct"": -17.1733, ""close_vs_ma25_pct"": -10.3343, ""body_size"": 10.0, ""upper_shadow"": 0.0, ""lower_shadow"": 3.5, ""pullback_count_25ma"": 1, ""first_pullback_flag"": 1, ""hard_filter_pass"": 0, ""pattern_type"": ""trap"", ""score"": 10.0}",-12918,-12918,0,"{""ema12"": 189.52, ""ema26"": 201.96, ""ema50"": 221.12}",88.63,0.253,0.1494,187.63,"{""bias5"": -2.69, ""bias10"": -7.43, ""bias20"": -8.87}",86.12,-153.79,-3836.4421,"{""k"": 17.47, ""d"": 19.06}",-27,1292.17,-8770761,25,992.51,-13.24,22.31,-10827353,61.35,173.62,-77.69,,,,,,,,,,,,,-12918,12918,-12918,,,-5,0.29
20260827,2233,宇隆,771582,134957820,177,179.5,172,174.5,-2.5,1383,"-85,750",0,0,"{""upper"": 219.37, ""middle"": 193.35, ""lower"": 167.33}","{""upper"": 219.37, ""middle"": 193.35, ""lower"": 167.33}","{""upper"": 219.37, ""middle"": 193.35, ""lower"": 167.33}","{""cdp"": 173.62, ""ah"": 187.12, ""nh"": 183.75, ""nl"": 170.25, ""al"": 160.12}","{""ma5"": 178.3, ""ma10"": 188.55, ""ma20"": 193.35, ""ma25"": 196.08, ""ma60"": 238.98}","{""current_price"": 174.5, ""pb_high"": 500.62, ""pb_mid_high"": 375.46, ""pb_fair"": 250.31, ""pb_mid_low"": 200.25, ""pb_low"": 125.15}",125.15,"{""current_price"": 174.5, ""pe_high"": 358.47, ""pe_mid_high"": 286.78, ""pe_fair"": 238.98, ""pe_mid_low"": 191.19, ""pe_low"": 143.39}",194.37,"{""line1"": 302.86, ""line2"": 252.74, ""line3"": 208.07, ""line4"": 171.01, ""line5"": 147.14}","{""pdi"": 5.86, ""mdi"": 37.36, ""adx"": 72.88}","{""k"": 19.45, ""d"": 19.19, ""j"": 19.96}","{""dif"": -12.69, ""dea"": -12.03, ""dem"": -12.03, ""osc"": -1.32, ""mac"": -1.32}","{""rsi6"": 9.43, ""rsi12"": 20.22, ""rsi24"": 37.69}","{""current"": 771582.0, ""ma5"": 954211.0, ""ma10"": 835015.0, ""vol60"": 1306741.0, ""vol120"": 1420817.0}","{""ma25"": 196.08, ""ma25_slope"": -1.32, ""vol5"": 954211.0, ""vol60"": 1306741.0, ""vol120"": 1420817.0, ""vol_ratio_5_60"": 0.7302, ""low_vs_ma25_pct"": -12.2807, ""close_vs_ma25_pct"": -11.0057, ""body_size"": 2.5, ""upper_shadow"": 2.5, ""lower_shadow"": 2.5, ""pullback_count_25ma"": 1, ""first_pullback_flag"": 1, ""hard_filter_pass"": 0, ""pattern_type"": ""trap"", ""score"": 10.0}",-85750,-85750,0,"{""ema12"": 187.26, ""ema26"": 199.64, ""ema50"": 219.15}",94.8,0.2692,0.1378,185.54,"{""bias5"": -2.13, ""bias10"": -7.45, ""bias20"": -9.75}",92.81,-110.26,5346.1589,"{""k"": 19.45, ""d"": 19.19}",-26.5,1346.24,-8969208,25,1006.73,-13.18,18.18,-10791379,66.3,175.12,-78,,,,,,,,,,,,,-85750,85750,-85750,,,-5,0.12
20260828,2233,宇隆,567408,98386721,176,176,171.5,172.5,-2,834,"-23,343",0,0,"{""upper"": 220.09, ""middle"": 192.7, ""lower"": 165.31}","{""upper"": 220.09, ""middle"": 192.7, ""lower"": 165.31}","{""upper"": 220.09, ""middle"": 192.7, ""lower"": 165.31}","{""cdp"": 175.12, ""ah"": 182.62, ""nh"": 178.25, ""nl"": 170.75, ""al"": 167.62}","{""ma5"": 175.1, ""ma10"": 185.4, ""ma20"": 192.7, ""ma25"": 194.34, ""ma60"": 235.97}","{""current_price"": 172.5, ""pb_high"": 499.57, ""pb_mid_high"": 374.68, ""pb_fair"": 249.78, ""pb_mid_low"": 199.83, ""pb_low"": 124.89}",124.89,"{""current_price"": 172.5, ""pe_high"": 353.96, ""pe_mid_high"": 283.17, ""pe_fair"": 235.97, ""pe_mid_low"": 188.78, ""pe_low"": 141.58}",184.08,"{""line1"": 298.68, ""line2"": 249.18, ""line3"": 205.51, ""line4"": 171.3, ""line5"": 148.71}","{""pdi"": 6.72, ""mdi"": 38.24, ""adx"": 70.09}","{""k"": 20.11, ""d"": 19.5, ""j"": 21.33}","{""dif"": -12.94, ""dea"": -12.22, ""dem"": -12.22, ""osc"": -1.46, ""mac"": -1.46}","{""rsi6"": 10.0, ""rsi12"": 12.79, ""rsi24"": 36.31}","{""current"": 567408.0, ""ma5"": 921667.0, ""ma10"": 814060.0, ""vol60"": 1287480.0, ""vol120"": 1415329.0}","{""ma25"": 194.34, ""ma25_slope"": -1.74, ""vol5"": 921667.0, ""vol60"": 1287480.0, ""vol120"": 1415329.0, ""vol_ratio_5_60"": 0.7159, ""low_vs_ma25_pct"": -11.7526, ""close_vs_ma25_pct"": -11.238, ""body_size"": 3.5, ""upper_shadow"": 0.0, ""lower_shadow"": 1.0, ""pullback_count_25ma"": 1, ""first_pullback_flag"": 1, ""hard_filter_pass"": 0, ""pattern_type"": ""trap"", ""score"": 10.0}",-23343,-23343,0,"{""ema12"": 184.71, ""ema26"": 197.69, ""ema50"": 217.17}",87.05,0.2843,0.1312,183.4,"{""bias5"": -1.48, ""bias10"": -6.96, ""bias20"": -10.48}",85.28,-100.21,-1586.1602,"{""k"": 20.11, ""d"": 19.5}",-32,1346.24,-10348201,16.67,988.26,-15.65,14.88,-9604579,60.79,173.12,-81.44,,,,,,,,,,,,,-23343,23343,-23343,,,-5,0.12
20260831,2233,宇隆,459055,77574432,171,171,167.5,171,-1.5,797,"13,128",0,0,"{""upper"": 220.33, ""middle"": 192.57, ""lower"": 164.82}","{""upper"": 220.33, ""middle"": 192.57, ""lower"": 164.82}","{""upper"": 220.33, ""middle"": 192.57, ""lower"": 164.82}","{""cdp"": 173.12, ""ah"": 177.62, ""nh"": 174.75, ""nl"": 170.25, ""al"": 168.62}","{""ma5"": 173.9, ""ma10"": 182.15, ""ma20"": 192.57, ""ma25"": 192.44, ""ma60"": 232.91}","{""current_price"": 171.0, ""pb_high"": 498.5, ""pb_mid_high"": 373.88, ""pb_fair"": 249.25, ""pb_mid_low"": 199.4, ""pb_low"": 124.62}",124.62,"{""current_price"": 171.0, ""pe_high"": 349.36, ""pe_mid_high"": 279.49, ""pe_fair"": 232.91, ""pe_mid_low"": 186.33, ""pe_low"": 139.75}",179.18,"{""line1"": 295.7, ""line2"": 245.97, ""line3"": 203.26, ""line4"": 170.77, ""line5"": 148.9}","{""pdi"": 7.21, ""mdi"": 41.89, ""adx"": 70.64}","{""k"": 19.58, ""d"": 19.52, ""j"": 19.69}","{""dif"": -13.11, ""dea"": -12.39, ""dem"": -12.39, ""osc"": -1.43, ""mac"": -1.43}","{""rsi6"": 11.11, ""rsi12"": 13.41, ""rsi24"": 39.48}","{""current"": 459055.0, ""ma5"": 807571.0, ""ma10"": 779686.0, ""vol60"": 1275351.0, ""vol120"": 1408868.0}","{""ma25"": 192.44, ""ma25_slope"": -1.9, ""vol5"": 807571.0, ""vol60"": 1275351.0, ""vol120"": 1408868.0, ""vol_ratio_5_60"": 0.6332, ""low_vs_ma25_pct"": -12.9599, ""close_vs_ma25_pct"": -11.1411, ""body_size"": 0.0, ""upper_shadow"": 0.0, ""lower_shadow"": 3.5, ""pullback_count_25ma"": 1, ""first_pullback_flag"": 1, ""hard_filter_pass"": 0, ""pattern_type"": ""trap"", ""score"": 10.0}",13128,13128,0,"{""ema12"": 182.63, ""ema26"": 195.66, ""ema50"": 215.51}",76.68,0.2883,0.1114,181.2,"{""bias5"": -1.67, ""bias10"": -6.12, ""bias20"": -11.2}",73.21,-99.92,-3430.9614,"{""k"": 19.58, ""d"": 19.52}",-30,1281.72,-10160330,16.67,996.93,-14.93,12.4,-8729239,54.53,170.12,-84.04,,,,,,,,,,,,,13128,-13128,13128,,,-7,0.12
20260901,2233,宇隆,491464,85919393,172,177,170.5,176,5,1390,"-10,353",0,0,"{""upper"": 220.53, ""middle"": 191.85, ""lower"": 163.17}","{""upper"": 220.53, ""middle"": 191.85, ""lower"": 163.17}","{""upper"": 220.53, ""middle"": 191.85, ""lower"": 163.17}","{""cdp"": 170.12, ""ah"": 173.62, ""nh"": 172.75, ""nl"": 169.25, ""al"": 166.62}","{""ma5"": 174.2, ""ma10"": 179.95, ""ma20"": 191.85, ""ma25"": 191.34, ""ma60"": 230.36}","{""current_price"": 176.0, ""pb_high"": 497.72, ""pb_mid_high"": 373.29, ""pb_fair"": 248.86, ""pb_mid_low"": 199.09, ""pb_low"": 124.43}",124.43,"{""current_price"": 176.0, ""pe_high"": 345.54, ""pe_mid_high"": 276.43, ""pe_fair"": 230.36, ""pe_mid_low"": 184.29, ""pe_low"": 138.21}",179.18,"{""line1"": 291.13, ""line2"": 242.4, ""line3"": 201.04, ""line4"": 170.67, ""line5"": 150.26}","{""pdi"": 12.61, ""mdi"": 41.89, ""adx"": 53.72}","{""k"": 24.16, ""d"": 21.07, ""j"": 30.35}","{""dif"": -12.7, ""dea"": -12.46, ""dem"": -12.46, ""osc"": -0.48, ""mac"": -0.48}","{""rsi6"": 46.88, ""rsi12"": 17.44, ""rsi24"": 40.82}","{""current"": 491464.0, ""ma5"": 721818.0, ""ma10"": 765550.0, ""vol60"": 1228225.0, ""vol120"": 1401712.0}","{""ma25"": 191.34, ""ma25_slope"": -1.1, ""vol5"": 721818.0, ""vol60"": 1228225.0, ""vol120"": 1401712.0, ""vol_ratio_5_60"": 0.5877, ""low_vs_ma25_pct"": -10.8916, ""close_vs_ma25_pct"": -8.0171, ""body_size"": 4.0, ""upper_shadow"": 1.0, ""lower_shadow"": 1.5, ""pullback_count_25ma"": 1, ""first_pullback_flag"": 1, ""hard_filter_pass"": 0, ""pattern_type"": ""trap"", ""score"": 10.0}",-10353,-10353,0,"{""ema12"": 181.38, ""ema26"": 194.25, ""ema50"": 213.83}",83.15,0.299,0.2237,180.4,"{""bias5"": 1.03, ""bias10"": -2.2, ""bias20"": -8.26}",75.3,-64.51,5951.6058,"{""k"": 24.16, ""d"": 21.07}",-28,1151.27,-7737972,16.67,996.93,-13.73,20.66,-8788740,54.67,174.88,-73.4,,,,,,,,,,,,,-10353,10353,-10353,,,-7,0.29
20260902,2233,宇隆,418096,71925529,175,175.5,170.5,171,-5,621,"-21,302",0,0,"{""upper"": 219.66, ""middle"": 189.07, ""lower"": 158.49}","{""upper"": 219.66, ""middle"": 189.07, ""lower"": 158.49}","{""upper"": 219.66, ""middle"": 189.07, ""lower"": 158.49}","{""cdp"": 172.0, ""ah"": 177.0, ""nh"": 173.5, ""nl"": 168.5, ""al"": 167.0}","{""ma5"": 172.3, ""ma10"": 175.3, ""ma20"": 189.07, ""ma25"": 189.14, ""ma60"": 225.52}","{""current_price"": 171.0, ""pb_high"": 495.81, ""pb_mid_high"": 371.86, ""pb_fair"": 247.9, ""pb_mid_low"": 198.32, ""pb_low"": 123.95}",123.95,"{""current_price"": 171.0, ""pe_high"": 338.28, ""pe_mid_high"": 270.62, ""pe_fair"": 225.52, ""pe_mid_low"": 180.41, ""pe_low"": 135.31}",176.81,"{""line1"": 282.02, ""line2"": 235.61, ""line3"": 196.79, ""line4"": 168.21, ""line5"": 150.11}","{""pdi"": 11.82, ""mdi"": 40.45, ""adx"": 54.78}","{""k"": 27.93, ""d"": 24.02, ""j"": 35.77}","{""dif"": -12.42, ""dea"": -12.48, ""dem"": -12.48, ""osc"": 0.11, ""mac"": 0.11}","{""rsi6"": 31.25, ""rsi12"": 17.86, ""rsi24"": 44.95}","{""current"": 418096.0, ""ma5"": 470824.0, ""ma10"": 712517.0, ""vol60"": 1179128.0, ""vol120"": 1393386.0}","{""ma25"": 189.14, ""ma25_slope"": -0.84, ""vol5"": 470824.0, ""vol60"": 1179128.0, ""vol120"": 1393386.0, ""vol_ratio_5_60"": 0.3993, ""low_vs_ma25_pct"": -9.8551, ""close_vs_ma25_pct"": -9.5908, ""body_size"": 4.0, ""upper_shadow"": 0.5, ""lower_shadow"": 0.5, ""pullback_count_25ma"": 1, ""first_pullback_flag"": 1, ""hard_filter_pass"": 0, ""pattern_type"": ""trap\u9677\u9631"", ""score"": 10.0}",-21302,-21302,0,"{""ema12"": 178.11, ""ema26"": 191.1, ""ema50"": 210.6}",90.69,0.3235,0.2045,178.27,"{""bias5"": -0.75, ""bias10"": -2.45, ""bias20"": -9.56}",84.9,-60.11,0,"{""k"": 27.93, ""d"": 24.02}",-27,1198.43,-6644835,16.67,1054.01,-13.64,12.4,-7933792,52.78,172,-84.04,,,,,,,,,,,,,-21302,21302,-21302,,,-10,0.33
20260903,2233,宇隆,495267,83454794,172,174,165,165,-6,851,"-67,000",0,0,"{""upper"": 214.39, ""middle"": 185.82, ""lower"": 157.26}","{""upper"": 214.39, ""middle"": 185.82, ""lower"": 157.26}","{""upper"": 214.39, ""middle"": 185.82, ""lower"": 157.26}","{""cdp"": 167.25, ""ah"": 176.25, ""nh"": 169.5, ""nl"": 160.5, ""al"": 158.25}","{""ma5"": 169.6, ""ma10"": 172.35, ""ma20"": 185.82, ""ma25"": 188.08, ""ma60"": 222.98}","{""current_price"": 165.0, ""pb_high"": 495.01, ""pb_mid_high"": 371.26, ""pb_fair"": 247.5, ""pb_mid_low"": 198.0, ""pb_low"": 123.75}",123.75,"{""current_price"": 165.0, ""pe_high"": 334.47, ""pe_mid_high"": 267.58, ""pe_fair"": 222.98, ""pe_mid_low"": 178.39, ""pe_low"": 133.79}",176.76,"{""line1"": 280.1, ""line2"": 233.37, ""line3"": 194.9, ""line4"": 165.64, ""line5"": 147.3}","{""pdi"": 7.33, ""mdi"": 43.1, ""adx"": 70.94}","{""k"": 15.4, ""d"": 19.03, ""j"": 8.14}","{""dif"": -12.97, ""dea"": -12.65, ""dem"": -12.65, ""osc"": -0.64, ""mac"": -0.64}","{""rsi6"": 25.64, ""rsi12"": 16.3, ""rsi24"": 46.91}","{""current"": 495267.0, ""ma5"": 471830.0, ""ma10"": 696748.0, ""vol60"": 1168731.0, ""vol120"": 1388916.0}","{""ma25"": 188.08, ""ma25_slope"": -0.82, ""vol5"": 471830.0, ""vol60"": 1168731.0, ""vol120"": 1388916.0, ""vol_ratio_5_60"": 0.4037, ""low_vs_ma25_pct"": -12.2714, ""close_vs_ma25_pct"": -12.2714, ""body_size"": 7.0, ""upper_shadow"": 2.0, ""lower_shadow"": 0.0, ""pullback_count_25ma"": 1, ""first_pullback_flag"": 1, ""hard_filter_pass"": 0, ""pattern_type"": ""trap\u9677\u9631"", ""score"": 10.0}",-67000,-67000,0,"{""ema12"": 175.62, ""ema26"": 188.8, ""ema50"": 208.42}",90.55,0.3074,0.1355,175.29,"{""bias5"": -2.71, ""bias10"": -4.26, ""bias20"": -11.21}",95.04,-79.91,0,"{""k"": 15.4, ""d"": 19.03}",-31,1242.01,-7889009,16.67,1066.21,-15.82,3,-10301264,53.91,167.25,-96.43,,,,,,,,,,,,,-67000,67000,-67000,,,-10,0.33
20260904,2233,宇隆,460742,76711696,166,169,164,168.5,3.5,566,"184,615","-100,000",0,"{""upper"": 214.09, ""middle"": 186.0, ""lower"": 157.91}","{""upper"": 214.09, ""middle"": 186.0, ""lower"": 157.91}","{""upper"": 214.09, ""middle"": 186.0, ""lower"": 157.91}","{""cdp"": 167.25, ""ah"": 176.25, ""nh"": 169.5, ""nl"": 160.5, ""al"": 158.25}","{""ma5"": 170.3, ""ma10"": 172.7, ""ma20"": 186.0, ""ma25"": 188.22, ""ma60"": 223.04}","{""current_price"": 168.5, ""pb_high"": 495.07, ""pb_mid_high"": 371.3, ""pb_fair"": 247.53, ""pb_mid_low"": 198.03, ""pb_low"": 123.77}",123.77,"{""current_price"": 168.5, ""pe_high"": 334.56, ""pe_mid_high"": 267.65, ""pe_fair"": 223.04, ""pe_mid_low"": 178.43, ""pe_low"": 133.82}",176.74,"{""line1"": 279.84, ""line2"": 233.29, ""line3"": 195.0, ""line4"": 165.98, ""line5"": 147.79}","{""pdi"": 7.59, ""mdi"": 45.54, ""adx"": 71.43}","{""k"": 22.69, ""d"": 21.46, ""j"": 25.15}","{""dif"": -12.69, ""dea"": -12.6, ""dem"": -12.6, ""osc"": -0.2, ""mac"": -0.2}","{""rsi6"": 36.96, ""rsi12"": 22.22, ""rsi24"": 48.23}","{""current"": 460742.0, ""ma5"": 464925.0, ""ma10"": 693296.0, ""vol60"": 1168155.0, ""vol120"": 1388628.0}","{""ma25"": 188.22, ""ma25_slope"": -0.68, ""vol5"": 464925.0, ""vol60"": 1168155.0, ""vol120"": 1388628.0, ""vol_ratio_5_60"": 0.398, ""low_vs_ma25_pct"": -12.8679, ""close_vs_ma25_pct"": -10.4771, ""body_size"": 2.5, ""upper_shadow"": 0.5, ""lower_shadow"": 2.0, ""pullback_count_25ma"": 1, ""first_pullback_flag"": 1, ""hard_filter_pass"": 0, ""pattern_type"": ""trap\u9677\u9631"", ""score"": 10.0}",84615,184615,-100000,"{""ema12"": 176.16, ""ema26"": 189.06, ""ema50"": 208.56}",95.08,0.302,0.1885,175.83,"{""bias5"": -1.06, ""bias10"": -2.43, ""bias20"": -9.41}",90.85,-85.08,-3255.6181,"{""k"": 22.69, ""d"": 21.46}",-27.5,1242.01,-7428267,25,1044.07,-14.03,10,-9345255,56.07,167.5,-88.1,,,,,,,,,,,,,84615,-84615,84615,,,-9,0.5
20260907,2233,宇隆,342844,57715191,170,171,166.5,168.5,0,980,"67,531",0,0,"{""upper"": 210.09, ""middle"": 182.6, ""lower"": 155.11}","{""upper"": 210.09, ""middle"": 182.6, ""lower"": 155.11}","{""upper"": 210.09, ""middle"": 182.6, ""lower"": 155.11}","{""cdp"": 168.62, ""ah"": 173.12, ""nh"": 170.75, ""nl"": 166.25, ""al"": 164.12}","{""ma5"": 168.3, ""ma10"": 171.25, ""ma20"": 182.6, ""ma25"": 187.14, ""ma60"": 218.65}","{""current_price"": 168.5, ""pb_high"": 493.5, ""pb_mid_high"": 370.12, ""pb_fair"": 246.75, ""pb_mid_low"": 197.4, ""pb_low"": 123.38}",123.38,"{""current_price"": 168.5, ""pe_high"": 327.98, ""pe_mid_high"": 262.38, ""pe_fair"": 218.65, ""pe_mid_low"": 174.92, ""pe_low"": 131.19}",175.27,"{""line1"": 271.77, ""line2"": 226.71, ""line3"": 191.42, ""line4"": 163.75, ""line5"": 147.13}","{""pdi"": 10.05, ""mdi"": 40.67, ""adx"": 60.38}","{""k"": 26.71, ""d"": 24.12, ""j"": 31.89}","{""dif"": -12.0, ""dea"": -12.44, ""dem"": -12.44, ""osc"": 0.88, ""mac"": 0.88}","{""rsi6"": 43.59, ""rsi12"": 26.19, ""rsi24"": 39.67}","{""current"": 342844.0, ""ma5"": 411959.0, ""ma10"": 566888.0, ""vol60"": 1135926.0, ""vol120"": 1386384.0}","{""ma25"": 187.14, ""ma25_slope"": -0.88, ""vol5"": 411959.0, ""vol60"": 1135926.0, ""vol120"": 1386384.0, ""vol_ratio_5_60"": 0.3627, ""low_vs_ma25_pct"": -11.0292, ""close_vs_ma25_pct"": -9.9605, ""body_size"": 1.5, ""upper_shadow"": 1.0, ""lower_shadow"": 2.0, ""pullback_count_25ma"": 1, ""first_pullback_flag"": 1, ""hard_filter_pass"": 0, ""pattern_type"": ""trap\u9677\u9631"", ""score"": 10.0}",67531,67531,0,"{""ema12"": 174.22, ""ema26"": 185.72, ""ema50"": 205.74}",101.44,0.301,0.2435,174.24,"{""bias5"": 0.12, ""bias10"": -1.61, ""bias20"": -7.72}",109.05,-73.39,0,"{""k"": 26.71, ""d"": 24.12}",-20,1156.74,-7412757,25,1051.76,-10.61,10.64,-5268225,67.88,168.62,-86.67,,,,,,,,,,,,,67531,-67531,67531,,,-9,0.4
20260908,2233,宇隆,557995,91076007,168,168.5,160.5,161,-7.5,1163,"-168,364",0,0,"{""upper"": 210.66, ""middle"": 182.22, ""lower"": 153.79}","{""upper"": 210.66, ""middle"": 182.22, ""lower"": 153.79}","{""upper"": 210.66, ""middle"": 182.22, ""lower"": 153.79}","{""cdp"": 168.62, ""ah"": 173.12, ""nh"": 170.75, ""nl"": 166.25, ""al"": 164.12}","{""ma5"": 166.8, ""ma10"": 170.5, ""ma20"": 182.22, ""ma25"": 186.84, ""ma60"": 218.53}","{""current_price"": 161.0, ""pb_high"": 493.38, ""pb_mid_high"": 370.03, ""pb_fair"": 246.69, ""pb_mid_low"": 197.35, ""pb_low"": 123.34}",123.34,"{""current_price"": 161.0, ""pe_high"": 327.79, ""pe_mid_high"": 262.23, ""pe_fair"": 218.53, ""pe_mid_low"": 174.82, ""pe_low"": 131.12}",175.2,"{""line1"": 272.32, ""line2"": 226.9, ""line3"": 191.21, ""line4"": 163.0, ""line5"": 146.06}","{""pdi"": 9.72, ""mdi"": 44.91, ""adx"": 64.41}","{""k"": 17.91, ""d"": 21.18, ""j"": 11.35}","{""dif"": -12.6, ""dea"": -12.56, ""dem"": -12.56, ""osc"": -0.08, ""mac"": -0.08}","{""rsi6"": 31.48, ""rsi12"": 22.22, ""rsi24"": 37.35}","{""current"": 557995.0, ""ma5"": 454989.0, ""ma10"": 588404.0, ""vol60"": 1139512.0, ""vol120"": 1388177.0}","{""ma25"": 186.84, ""ma25_slope"": -1.18, ""vol5"": 454989.0, ""vol60"": 1139512.0, ""vol120"": 1388177.0, ""vol_ratio_5_60"": 0.3993, ""low_vs_ma25_pct"": -14.0976, ""close_vs_ma25_pct"": -13.83, ""body_size"": 7.0, ""upper_shadow"": 0.5, ""lower_shadow"": 0.5, ""pullback_count_25ma"": 1, ""first_pullback_flag"": 1, ""hard_filter_pass"": 0, ""pattern_type"": ""trap\u9677\u9631"", ""score"": 10.0}",-168364,-168364,0,"{""ema12"": 173.07, ""ema26"": 185.17, ""ema50"": 205.45}",97.24,0.3121,0.1268,173.07,"{""bias5"": -3.48, ""bias10"": -5.57, ""bias20"": -11.65}",101.64,-127.17,-6093.2446,"{""k"": 17.91, ""d"": 21.18}",-27.5,1210.63,-7970752,25,1051.76,-14.59,1,-5483376,64.81,162.75,-98.77,,,,,,,,,,,,,-168364,168364,-168364,,,-10,0.33
20260909,2233,宇隆,678522,112251366,162,168.5,162,166,5,661,"200,467","17,000",0,"{""upper"": 207.63, ""middle"": 180.3, ""lower"": 152.97}","{""upper"": 207.63, ""middle"": 180.3, ""lower"": 152.97}","{""upper"": 207.63, ""middle"": 180.3, ""lower"": 152.97}","{""cdp"": 162.75, ""ah"": 170.75, ""nh"": 165.0, ""nl"": 157.0, ""al"": 154.75}","{""ma5"": 165.8, ""ma10"": 169.4, ""ma20"": 180.3, ""ma25"": 185.74, ""ma60"": 216.46}","{""current_price"": 166.0, ""pb_high"": 492.38, ""pb_mid_high"": 369.28, ""pb_fair"": 246.19, ""pb_mid_low"": 196.95, ""pb_low"": 123.09}",123.09,"{""current_price"": 166.0, ""pe_high"": 324.69, ""pe_mid_high"": 259.75, ""pe_fair"": 216.46, ""pe_mid_low"": 173.17, ""pe_low"": 129.88}",160.77,"{""line1"": 269.02, ""line2"": 224.16, ""line3"": 189.75, ""line4"": 161.04, ""line5"": 144.25}","{""pdi"": 10.0, ""mdi"": 41.9, ""adx"": 61.47}","{""k"": 23.05, ""d"": 21.8, ""j"": 25.54}","{""dif"": -12.23, ""dea"": -12.5, ""dem"": -12.5, ""osc"": 0.54, ""mac"": 0.54}","{""rsi6"": 31.48, ""rsi12"": 37.21, ""rsi24"": 34.55}","{""current"": 678522.0, ""ma5"": 507074.0, ""ma10"": 524298.0, ""vol60"": 1134977.0, ""vol120"": 1389481.0}","{""ma25"": 185.74, ""ma25_slope"": -1.1, ""vol5"": 507074.0, ""vol60"": 1134977.0, ""vol120"": 1389481.0, ""vol_ratio_5_60"": 0.4468, ""low_vs_ma25_pct"": -12.7813, ""close_vs_ma25_pct"": -10.6278, ""body_size"": 4.0, ""upper_shadow"": 2.5, ""lower_shadow"": 0.0, ""pullback_count_25ma"": 1, ""first_pullback_flag"": 1, ""hard_filter_pass"": 0, ""pattern_type"": ""trap\u9677\u9631"", ""score"": 10.0}",217467,200467,17000,"{""ema12"": 172.34, ""ema26"": 183.24, ""ema50"": 203.95}",105.74,0.3032,0.2384,171.82,"{""bias5"": 0.12, ""bias10"": -2.01, ""bias20"": -7.93}",93.85,-100.87,718.4734,"{""k"": 23.05, ""d"": 21.8}",-11,1099.7,-7735914,33.33,1051.76,-6.21,11,-5366601,65.71,165.62,-84.06,,,,,,,,,,,,,217467,-217467,217467,,,-8,0.6
20260910,2233,宇隆,339860,55404657,165,165,161,164,-2,788,"-34,000",0,0,"{""upper"": 204.92, ""middle"": 178.45, ""lower"": 151.98}","{""upper"": 204.92, ""middle"": 178.45, ""lower"": 151.98}","{""upper"": 204.92, ""middle"": 178.45, ""lower"": 151.98}","{""cdp"": 165.62, ""ah"": 172.12, ""nh"": 169.25, ""nl"": 162.75, ""al"": 159.12}","{""ma5"": 165.6, ""ma10"": 168.35, ""ma20"": 178.45, ""ma25"": 184.14, ""ma60"": 214.31}","{""current_price"": 164.0, ""pb_high"": 491.33, ""pb_mid_high"": 368.5, ""pb_fair"": 245.67, ""pb_mid_low"": 196.53, ""pb_low"": 122.83}",122.83,"{""current_price"": 164.0, ""pe_high"": 321.46, ""pe_mid_high"": 257.17, ""pe_fair"": 214.31, ""pe_mid_low"": 171.45, ""pe_low"": 128.59}",170.79,"{""line1"": 266.84, ""line2"": 221.74, ""line3"": 188.69, ""line4"": 158.46, ""line5"": 141.29}","{""pdi"": 10.45, ""mdi"": 39.8, ""adx"": 58.42}","{""k"": 22.44, ""d"": 22.02, ""j"": 23.28}","{""dif"": -11.96, ""dea"": -12.39, ""dem"": -12.39, ""osc"": 0.86, ""mac"": 0.86}","{""rsi6"": 35.42, ""rsi12"": 37.65, ""rsi24"": 21.43}","{""current"": 339860.0, ""ma5"": 475993.0, ""ma10"": 481125.0, ""vol60"": 1126042.0, ""vol120"": 1388669.0}","{""ma25"": 184.14, ""ma25_slope"": -1.6, ""vol5"": 475993.0, ""vol60"": 1126042.0, ""vol120"": 1388669.0, ""vol_ratio_5_60"": 0.4227, ""low_vs_ma25_pct"": -12.5665, ""close_vs_ma25_pct"": -10.9373, ""body_size"": 1.0, ""upper_shadow"": 0.0, ""lower_shadow"": 3.0, ""pullback_count_25ma"": 1, ""first_pullback_flag"": 1, ""hard_filter_pass"": 0, ""pattern_type"": ""trap\u9677\u9631"", ""score"": 10.0}",-34000,-34000,0,"{""ema12"": 170.7, ""ema26"": 181.34, ""ema50"": 202.37}",103.45,0.2967,0.2271,170.31,"{""bias5"": -0.97, ""bias10"": -2.58, ""bias20"": -8.1}",81.03,-120.88,-2648.1492,"{""k"": 22.44, ""d"": 22.02}",-10.5,1062.47,-7268218,33.33,1064.59,-6.02,7,-5247809,47.84,163.5,-85.42,,,,,,,,,,,,,-34000,34000,-34000,,,-10,0.6
20260911,2233,宇隆,406868,65527365,161,162.5,159.5,160.5,-3.5,555,"105,190",0,0,"{""upper"": 196.46, ""middle"": 174.12, ""lower"": 151.79}","{""upper"": 196.46, ""middle"": 174.12, ""lower"": 151.79}","{""upper"": 196.46, ""middle"": 174.12, ""lower"": 151.79}","{""cdp"": 160.75, ""ah"": 163.75, ""nh"": 162.0, ""nl"": 159.0, ""al"": 157.75}","{""ma5"": 162.4, ""ma10"": 166.1, ""ma20"": 174.12, ""ma25"": 179.86, ""ma60"": 209.93}","{""current_price"": 160.5, ""pb_high"": 488.85, ""pb_mid_high"": 366.64, ""pb_fair"": 244.43, ""pb_mid_low"": 195.54, ""pb_low"": 122.21}",122.21,"{""current_price"": 160.5, ""pe_high"": 314.9, ""pe_mid_high"": 251.92, ""pe_fair"": 209.93, ""pe_mid_low"": 167.95, ""pe_low"": 125.96}",168.32,"{""line1"": 261.67, ""line2"": 217.85, ""line3"": 185.85, ""line4"": 154.25, ""line5"": 136.91}","{""pdi"": 11.8, ""mdi"": 30.34, ""adx"": 44.0}","{""k"": 13.32, ""d"": 17.97, ""j"": 4.03}","{""dif"": -11.7, ""dea"": -12.17, ""dem"": -12.17, ""osc"": 0.95, ""mac"": 0.95}","{""rsi6"": 27.78, ""rsi12"": 32.93, ""rsi24"": 26.32}","{""current"": 406868.0, ""ma5"": 478023.0, ""ma10"": 459853.0, ""vol60"": 1115693.0, ""vol120"": 1376367.0}","{""ma25"": 179.86, ""ma25_slope"": -1.74, ""vol5"": 478023.0, ""vol60"": 1115693.0, ""vol120"": 1376367.0, ""vol_ratio_5_60"": 0.4285, ""low_vs_ma25_pct"": -11.3199, ""close_vs_ma25_pct"": -10.7639, ""body_size"": 0.5, ""upper_shadow"": 1.5, ""lower_shadow"": 1.0, ""pullback_count_25ma"": 1, ""first_pullback_flag"": 1, ""hard_filter_pass"": 0, ""pattern_type"": ""trap\u9677\u9631"", ""score"": 10.0}",105190,105190,0,"{""ema12"": 167.82, ""ema26"": 177.71, ""ema50"": 199.43}",85.43,0.2565,0.195,167.78,"{""bias5"": -1.17, ""bias10"": -3.37, ""bias20"": -7.82}",56.11,-120.39,0,"{""k"": 13.32, ""d"": 17.97}",-14,1085.64,-5045538,25,1093.28,-8.02,2.17,-6035707,30.9,160.75,-95,,,,,,,,,,,,,105190,-105190,105190,,,-9,0.4
20260914,2233,宇隆,668082,104459699,160,160,154,157,-3.5,831,"152,000",0,0,"{""upper"": 193.0, ""middle"": 171.9, ""lower"": 150.8}","{""upper"": 193.0, ""middle"": 171.9, ""lower"": 150.8}","{""upper"": 193.0, ""middle"": 171.9, ""lower"": 150.8}","{""cdp"": 157.0, ""ah"": 163.0, ""nh"": 160.0, ""nl"": 154.0, ""al"": 151.0}","{""ma5"": 160.9, ""ma10"": 163.85, ""ma20"": 171.9, ""ma25"": 177.96, ""ma60"": 207.42}","{""current_price"": 157.0, ""pb_high"": 487.43, ""pb_mid_high"": 365.57, ""pb_fair"": 243.71, ""pb_mid_low"": 194.97, ""pb_low"": 121.86}",121.86,"{""current_price"": 157.0, ""pe_high"": 311.12, ""pe_mid_high"": 248.9, ""pe_fair"": 207.42, ""pe_mid_low"": 165.93, ""pe_low"": 124.45}",168.21,"{""line1"": 258.64, ""line2"": 216.29, ""line3"": 184.04, ""line4"": 152.21, ""line5"": 135.0}","{""pdi"": 12.35, ""mdi"": 29.41, ""adx"": 40.85}","{""k"": 15.6, ""d"": 17.75, ""j"": 11.28}","{""dif"": -11.91, ""dea"": -12.16, ""dem"": -12.16, ""osc"": 0.51, ""mac"": 0.51}","{""rsi6"": 23.26, ""rsi12"": 31.76, ""rsi24"": 22.22}","{""current"": 668082.0, ""ma5"": 552283.0, ""ma10"": 503636.0, ""vol60"": 1112900.0, ""vol120"": 1367469.0}","{""ma25"": 177.96, ""ma25_slope"": -1.76, ""vol5"": 552283.0, ""vol60"": 1112900.0, ""vol120"": 1367469.0, ""vol_ratio_5_60"": 0.4963, ""low_vs_ma25_pct"": -13.4637, ""close_vs_ma25_pct"": -11.7779, ""body_size"": 3.0, ""upper_shadow"": 0.0, ""lower_shadow"": 3.0, ""pullback_count_25ma"": 1, ""first_pullback_flag"": 1, ""hard_filter_pass"": 0, ""pattern_type"": ""trap\u9677\u9631"", ""score"": 10.0}",152000,152000,0,"{""ema12"": 165.63, ""ema26"": 176.28, ""ema50"": 197.66}",81.09,0.2455,0.1469,165.35,"{""bias5"": -2.42, ""bias10"": -4.18, ""bias20"": -8.67}",63.4,-134.61,0,"{""k"": 15.6, ""d"": 17.75}",-15.5,1127.32,-6264585,25,1093.28,-8.99,6,-6332178,37.71,157,-88.24,,,,,,,,,,,,,152000,-152000,152000,,,-9,0.4
20260915,2233,宇隆,263805,41486412,157.5,159,156,156.5,-0.5,367,"-3,909",0,0,"{""upper"": 193.05, ""middle"": 171.88, ""lower"": 150.7}","{""upper"": 193.05, ""middle"": 171.88, ""lower"": 150.7}","{""upper"": 193.05, ""middle"": 171.88, ""lower"": 150.7}","{""cdp"": 157.0, ""ah"": 163.0, ""nh"": 160.0, ""nl"": 154.0, ""al"": 151.0}","{""ma5"": 160.8, ""ma10"": 163.8, ""ma20"": 171.88, ""ma25"": 177.94, ""ma60"": 207.41}","{""current_price"": 156.5, ""pb_high"": 487.42, ""pb_mid_high"": 365.56, ""pb_fair"": 243.71, ""pb_mid_low"": 194.97, ""pb_low"": 121.85}",121.85,"{""current_price"": 156.5, ""pe_high"": 311.11, ""pe_mid_high"": 248.89, ""pe_fair"": 207.41, ""pe_mid_low"": 165.93, ""pe_low"": 124.44}",168.21,"{""line1"": 258.67, ""line2"": 216.3, ""line3"": 184.03, ""line4"": 152.16, ""line5"": 134.93}","{""pdi"": 12.8, ""mdi"": 30.49, ""adx"": 40.85}","{""k"": 14.76, ""d"": 17.47, ""j"": 9.34}","{""dif"": -11.95, ""dea"": -12.17, ""dem"": -12.17, ""osc"": 0.44, ""mac"": 0.44}","{""rsi6"": 22.73, ""rsi12"": 31.4, ""rsi24"": 22.09}","{""current"": 263805.0, ""ma5"": 471427.0, ""ma10"": 463208.0, ""vol60"": 1106162.0, ""vol120"": 1364100.0}","{""ma25"": 177.94, ""ma25_slope"": -1.78, ""vol5"": 471427.0, ""vol60"": 1106162.0, ""vol120"": 1364100.0, ""vol_ratio_5_60"": 0.4262, ""low_vs_ma25_pct"": -12.33, ""close_vs_ma25_pct"": -12.049, ""body_size"": 1.0, ""upper_shadow"": 1.5, ""lower_shadow"": 0.5, ""pullback_count_25ma"": 1, ""first_pullback_flag"": 1, ""hard_filter_pass"": 0, ""pattern_type"": ""trap\u9677\u9631"", ""score"": 10.0}",-3909,-3909,0,"{""ema12"": 165.56, ""ema26"": 176.24, ""ema50"": 197.64}",86.46,0.2463,0.1369,165.27,"{""bias5"": -2.67, ""bias10"": -4.46, ""bias20"": -8.95}",63.64,-132.87,568.6018,"{""k"": 14.76, ""d"": 17.47}",-16,1127.32,-6528390,25,1096.78,-9.28,5,-5927901,35.28,157,-90.2,,,,,,,,,,,,,-3909,3909,-3909,,,-10,0.33
20260916,2233,宇隆,341052,53761726,156,158.5,156,158,1.5,597,"83,597",0,0,"{""upper"": 184.72, ""middle"": 168.25, ""lower"": 151.78}","{""upper"": 184.72, ""middle"": 168.25, ""lower"": 151.78}","{""upper"": 184.72, ""middle"": 168.25, ""lower"": 151.78}","{""cdp"": 157.62, ""ah"": 160.12, ""nh"": 159.25, ""nl"": 156.75, ""al"": 155.12}","{""ma5"": 158.0, ""ma10"": 161.8, ""ma20"": 168.25, ""ma25"": 174.36, ""ma60"": 202.53}","{""current_price"": 158.0, ""pb_high"": 484.91, ""pb_mid_high"": 363.68, ""pb_fair"": 242.45, ""pb_mid_low"": 193.96, ""pb_low"": 121.23}",121.23,"{""current_price"": 158.0, ""pe_high"": 303.8, ""pe_mid_high"": 243.04, ""pe_fair"": 202.53, ""pe_mid_low"": 162.03, ""pe_low"": 121.52}",162.33,"{""line1"": 254.04, ""line2"": 214.86, ""line3"": 181.46, ""line4"": 149.17, ""line5"": 131.7}","{""pdi"": 10.67, ""mdi"": 32.67, ""adx"": 50.77}","{""k"": 19.63, ""d"": 18.24, ""j"": 22.42}","{""dif"": -11.32, ""dea"": -11.92, ""dem"": -11.92, ""osc"": 1.2, ""mac"": 1.2}","{""rsi6"": 13.64, ""rsi12"": 26.32, ""rsi24"": 21.6}","{""current"": 341052.0, ""ma5"": 404172.0, ""ma10"": 440082.0, ""vol60"": 1092700.0, ""vol120"": 1351971.0}","{""ma25"": 174.36, ""ma25_slope"": -1.72, ""vol5"": 404172.0, ""vol60"": 1092700.0, ""vol120"": 1351971.0, ""vol_ratio_5_60"": 0.3699, ""low_vs_ma25_pct"": -10.5299, ""close_vs_ma25_pct"": -9.3829, ""body_size"": 2.0, ""upper_shadow"": 0.5, ""lower_shadow"": 0.0, ""pullback_count_25ma"": 1, ""first_pullback_flag"": 1, ""hard_filter_pass"": 0, ""pattern_type"": ""trap\u9677\u9631"", ""score"": 10.0}",83597,83597,0,"{""ema12"": 163.45, ""ema26"": 174.31, ""ema50"": 194.47}",83.8,0.1957,0.1888,163.11,"{""bias5"": 0.0, ""bias10"": -2.35, ""bias20"": -6.09}",54.42,-93.91,0,"{""k"": 19.63, ""d"": 18.24}",-18,1226.09,-9226312,25,1156.29,-10.23,9.76,-3879282,39.27,157.62,-82.61,,,,,,,,,,,,,83597,-83597,83597,,,-7,0.4
20260917,2233,宇隆,444270,71002741,159.5,163.5,157,157,-1,507,"7,403",0,0,"{""upper"": 184.8, ""middle"": 168.2, ""lower"": 151.6}","{""upper"": 184.8, ""middle"": 168.2, ""lower"": 151.6}","{""upper"": 184.8, ""middle"": 168.2, ""lower"": 151.6}","{""cdp"": 157.62, ""ah"": 160.12, ""nh"": 159.25, ""nl"": 156.75, ""al"": 155.12}","{""ma5"": 157.8, ""ma10"": 161.7, ""ma20"": 168.2, ""ma25"": 174.32, ""ma60"": 202.52}","{""current_price"": 157.0, ""pb_high"": 484.89, ""pb_mid_high"": 363.67, ""pb_fair"": 242.45, ""pb_mid_low"": 193.96, ""pb_low"": 121.22}",121.22,"{""current_price"": 157.0, ""pe_high"": 303.78, ""pe_mid_high"": 243.02, ""pe_fair"": 202.52, ""pe_mid_low"": 162.01, ""pe_low"": 121.51}",163.31,"{""line1"": 254.1, ""line2"": 214.88, ""line3"": 181.43, ""line4"": 149.08, ""line5"": 131.57}","{""pdi"": 16.46, ""mdi"": 31.01, ""adx"": 30.67}","{""k"": 17.67, ""d"": 17.59, ""j"": 17.84}","{""dif"": -11.4, ""dea"": -11.94, ""dem"": -11.94, ""osc"": 1.07, ""mac"": 1.07}","{""rsi6"": 12.5, ""rsi12"": 25.64, ""rsi24"": 21.34}","{""current"": 444270.0, ""ma5"": 424815.0, ""ma10"": 450404.0, ""vol60"": 1094420.0, ""vol120"": 1352831.0}","{""ma25"": 174.32, ""ma25_slope"": -1.76, ""vol5"": 424815.0, ""vol60"": 1094420.0, ""vol120"": 1352831.0, ""vol_ratio_5_60"": 0.3882, ""low_vs_ma25_pct"": -9.9358, ""close_vs_ma25_pct"": -9.9358, ""body_size"": 2.5, ""upper_shadow"": 4.0, ""lower_shadow"": 0.0, ""pullback_count_25ma"": 1, ""first_pullback_flag"": 1, ""hard_filter_pass"": 0, ""pattern_type"": ""trap\u9677\u9631"", ""score"": 10.0}",7403,7403,0,"{""ema12"": 163.29, ""ema26"": 174.23, ""ema50"": 194.43}",83.15,0.1973,0.1626,162.96,"{""bias5"": -0.51, ""bias10"": -2.91, ""bias20"": -6.66}",59.38,-74.88,4389.2228,"{""k"": 17.67, ""d"": 17.59}",-19,1233.9,-9670582,25,1156.29,-10.8,7.32,-4664604,36.85,158.62,-86.96,,,,,,,,,,,,,7403,-7403,7403,,,-8,0.33
20260918,2233,宇隆,379018,61222856,161.5,163,160.5,162,5,464,"57,000",0,0,"{""upper"": 180.79, ""middle"": 166.88, ""lower"": 152.96}","{""upper"": 180.79, ""middle"": 166.88, ""lower"": 152.96}","{""upper"": 180.79, ""middle"": 166.88, ""lower"": 152.96}","{""cdp"": 158.62, ""ah"": 165.12, ""nh"": 160.25, ""nl"": 153.75, ""al"": 152.12}","{""ma5"": 158.1, ""ma10"": 161.05, ""ma20"": 166.88, ""ma25"": 172.64, ""ma60"": 199.96}","{""current_price"": 162.0, ""pb_high"": 483.82, ""pb_mid_high"": 362.87, ""pb_fair"": 241.91, ""pb_mid_low"": 193.53, ""pb_low"": 120.96}",120.96,"{""current_price"": 162.0, ""pe_high"": 299.94, ""pe_mid_high"": 239.95, ""pe_fair"": 199.96, ""pe_mid_low"": 159.97, ""pe_low"": 119.97}",154.19,"{""line1"": 252.34, ""line2"": 214.14, ""line3"": 180.6, ""line4"": 148.19, ""line5"": 130.5}","{""pdi"": 16.25, ""mdi"": 25.62, ""adx"": 22.39}","{""k"": 30.17, ""d"": 21.78, ""j"": 46.95}","{""dif"": -10.66, ""dea"": -11.68, ""dem"": -11.68, ""osc"": 2.04, ""mac"": 2.04}","{""rsi6"": 43.33, ""rsi12"": 38.46, ""rsi24"": 26.01}","{""current"": 379018.0, ""ma5"": 419245.0, ""ma10"": 442232.0, ""vol60"": 1080620.0, ""vol120"": 1349865.0}","{""ma25"": 172.64, ""ma25_slope"": -1.68, ""vol5"": 419245.0, ""vol60"": 1080620.0, ""vol120"": 1349865.0, ""vol_ratio_5_60"": 0.388, ""low_vs_ma25_pct"": -7.032, ""close_vs_ma25_pct"": -6.1631, ""body_size"": 0.5, ""upper_shadow"": 1.0, ""lower_shadow"": 1.0, ""pullback_count_25ma"": 1, ""first_pullback_flag"": 1, ""hard_filter_pass"": 0, ""pattern_type"": ""trap\u9677\u9631"", ""score"": 10.0}",57000,57000,0,"{""ema12"": 163.0, ""ema26"": 173.59, ""ema50"": 193.19}",82.32,0.1668,0.3249,162.71,"{""bias5"": 2.47, ""bias10"": 0.59, ""bias20"": -2.92}",67.61,-31.92,989.3989,"{""k"": 30.17, ""d"": 21.78}",-9,1123.73,-11086598,33.33,1120.6,-5.26,26.23,-3555458,41.81,161.88,-65.22,,,,,,,,,,,,,57000,-57000,57000,,,-6,0.5
20260921,2233,宇隆,219215,35405892,162,163.5,160.5,160.5,-1.5,325,"-16,000",0,0,"{""upper"": 179.41, ""middle"": 166.05, ""lower"": 152.69}","{""upper"": 179.41, ""middle"": 166.05, ""lower"": 152.69}","{""upper"": 179.41, ""middle"": 166.05, ""lower"": 152.69}","{""cdp"": 161.88, ""ah"": 164.38, ""nh"": 163.25, ""nl"": 160.75, ""al"": 159.38}","{""ma5"": 158.8, ""ma10"": 160.25, ""ma20"": 166.05, ""ma25"": 170.92, ""ma60"": 197.9}","{""current_price"": 160.5, ""pb_high"": 482.73, ""pb_mid_high"": 362.04, ""pb_fair"": 241.36, ""pb_mid_low"": 193.09, ""pb_low"": 120.68}",120.68,"{""current_price"": 160.5, ""pe_high"": 296.85, ""pe_mid_high"": 237.48, ""pe_fair"": 197.9, ""pe_mid_low"": 158.32, ""pe_low"": 118.74}",156.15,"{""line1"": 250.74, ""line2"": 213.08, ""line3"": 179.9, ""line4"": 146.99, ""line5"": 129.02}","{""pdi"": 9.8, ""mdi"": 26.8, ""adx"": 46.43}","{""k"": 35.06, ""d"": 26.21, ""j"": 52.76}","{""dif"": -10.08, ""dea"": -11.36, ""dem"": -11.36, ""osc"": 2.57, ""mac"": 2.57}","{""rsi6"": 50.0, ""rsi12"": 43.48, ""rsi24"": 27.27}","{""current"": 219215.0, ""ma5"": 329472.0, ""ma10"": 429869.0, ""vol60"": 1050098.0, ""vol120"": 1347274.0}","{""ma25"": 170.92, ""ma25_slope"": -1.72, ""vol5"": 329472.0, ""vol60"": 1050098.0, ""vol120"": 1347274.0, ""vol_ratio_5_60"": 0.3138, ""low_vs_ma25_pct"": -6.0964, ""close_vs_ma25_pct"": -6.0964, ""body_size"": 1.5, ""upper_shadow"": 1.5, ""lower_shadow"": 0.0, ""pullback_count_25ma"": 1, ""first_pullback_flag"": 1, ""hard_filter_pass"": 0, ""pattern_type"": ""trap\u9677\u9631"", ""score"": 10.0}",-16000,-16000,0,"{""ema12"": 162.58, ""ema26"": 172.39, ""ema50"": 192.01}",79.56,0.161,0.2923,162.44,"{""bias5"": 1.07, ""bias10"": 0.16, ""bias20"": -3.34}",63.72,-27.92,342.1299,"{""k"": 35.06, ""d"": 26.21}",-4.5,1123.73,-8125431,33.33,1114.44,-2.73,25.49,-2745138,34.1,161.25,-69.77,,,,,,,,,,,,,-16000,16000,-16000,,,-6,0.5
20260922,2233,宇隆,576166,95007291,162,167,162,165,4.5,793,"-156,800",0,0,"{""upper"": 178.37, ""middle"": 165.57, ""lower"": 152.78}","{""upper"": 178.37, ""middle"": 165.57, ""lower"": 152.78}","{""upper"": 178.37, ""middle"": 165.57, ""lower"": 152.78}","{""cdp"": 161.25, ""ah"": 164.25, ""nh"": 162.0, ""nl"": 159.0, ""al"": 158.25}","{""ma5"": 160.5, ""ma10"": 160.65, ""ma20"": 165.57, ""ma25"": 169.6, ""ma60"": 196.38}","{""current_price"": 165.0, ""pb_high"": 481.6, ""pb_mid_high"": 361.2, ""pb_fair"": 240.8, ""pb_mid_low"": 192.64, ""pb_low"": 120.4}",120.4,"{""current_price"": 165.0, ""pe_high"": 294.57, ""pe_mid_high"": 235.66, ""pe_fair"": 196.38, ""pe_mid_low"": 157.11, ""pe_low"": 117.83}",156.22,"{""line1"": 248.99, ""line2"": 211.64, ""line3"": 179.67, ""line4"": 146.33, ""line5"": 128.21}","{""pdi"": 14.19, ""mdi"": 26.45, ""adx"": 30.16}","{""k"": 51.58, ""d"": 34.66, ""j"": 85.4}","{""dif"": -9.15, ""dea"": -10.92, ""dem"": -10.92, ""osc"": 3.54, ""mac"": 3.54}","{""rsi6"": 78.57, ""rsi12"": 45.07, ""rsi24"": 31.76}","{""current"": 576166.0, ""ma5"": 391944.0, ""ma10"": 431686.0, ""vol60"": 1035997.0, ""vol120"": 1347397.0}","{""ma25"": 169.6, ""ma25_slope"": -1.32, ""vol5"": 391944.0, ""vol60"": 1035997.0, ""vol120"": 1347397.0, ""vol_ratio_5_60"": 0.3783, ""low_vs_ma25_pct"": -4.4811, ""close_vs_ma25_pct"": -2.7123, ""body_size"": 3.0, ""upper_shadow"": 2.0, ""lower_shadow"": 0.0, ""pullback_count_25ma"": 1, ""first_pullback_flag"": 1, ""hard_filter_pass"": 0, ""pattern_type"": ""trap\u9677\u9631"", ""score"": 10.0}",-156800,-156800,0,"{""ema12"": 162.88, ""ema26"": 171.92, ""ema50"": 191.01}",78.33,0.1545,0.4775,163.04,"{""bias5"": 2.8, ""bias10"": 2.71, ""bias20"": -0.35}",64.02,43.31,2169.5136,"{""k"": 51.58, ""d"": 34.66}",-3.5,1093.09,-5966929,33.33,1133.85,-2.08,43.14,-1248746,42.23,164.75,-45,,,,,,,,,,,,,-156800,156800,-156800,,,-6,0.5
20260923,2233,宇隆,396151,65374297,168,168,163.5,163.5,-1.5,602,"-152,000",0,0,"{""upper"": 176.59, ""middle"": 164.9, ""lower"": 153.21}","{""upper"": 176.59, ""middle"": 164.9, ""lower"": 153.21}","{""upper"": 176.59, ""middle"": 164.9, ""lower"": 153.21}","{""cdp"": 164.75, ""ah"": 169.75, ""nh"": 167.5, ""nl"": 162.5, ""al"": 159.75}","{""ma5"": 161.6, ""ma10"": 160.4, ""ma20"": 164.9, ""ma25"": 168.3, ""ma60"": 195.27}","{""current_price"": 163.5, ""pb_high"": 480.46, ""pb_mid_high"": 360.34, ""pb_fair"": 240.23, ""pb_mid_low"": 192.18, ""pb_low"": 120.11}",120.11,"{""current_price"": 163.5, ""pe_high"": 292.9, ""pe_mid_high"": 234.32, ""pe_fair"": 195.27, ""pe_mid_low"": 156.21, ""pe_low"": 117.16}",157.22,"{""line1"": 247.35, ""line2"": 209.87, ""line3"": 178.92, ""line4"": 145.73, ""line5"": 127.52}","{""pdi"": 16.44, ""mdi"": 20.55, ""adx"": 11.11}","{""k"": 57.0, ""d"": 42.11, ""j"": 86.79}","{""dif"": -8.43, ""dea"": -10.42, ""dem"": -10.42, ""osc"": 3.97, ""mac"": 3.97}","{""rsi6"": 73.33, ""rsi12"": 43.24, ""rsi24"": 32.53}","{""current"": 396151.0, ""ma5"": 402964.0, ""ma10"": 403449.0, ""vol60"": 927445.0, ""vol120"": 1345013.0}","{""ma25"": 168.3, ""ma25_slope"": -1.3, ""vol5"": 402964.0, ""vol60"": 927445.0, ""vol120"": 1345013.0, ""vol_ratio_5_60"": 0.4345, ""low_vs_ma25_pct"": -2.852, ""close_vs_ma25_pct"": -2.852, ""body_size"": 4.5, ""upper_shadow"": 0.0, ""lower_shadow"": 0.0, ""pullback_count_25ma"": 1, ""first_pullback_flag"": 1, ""hard_filter_pass"": 0, ""pattern_type"": ""trap\u9677\u9631"", ""score"": 10.0}",-152000,-152000,0,"{""ema12"": 162.91, ""ema26"": 171.23, ""ema50"": 190.35}",77.97,0.1417,0.4401,163.05,"{""bias5"": 1.18, ""bias10"": 1.93, ""bias20"": -0.85}",67.48,58.33,1419.9131,"{""k"": 57.0, ""d"": 42.11}",-5,1093.09,-6924827,33.33,1124.67,-2.97,37.25,-2964479,43.21,164.62,-44.12,,,,,,,,,,,,,-152000,152000,-152000,,,-6,0.5
20260924,2233,宇隆,317462,51905189,163.5,165,161.5,164,0.5,344,"45,000",0,0,"{""upper"": 174.11, ""middle"": 163.95, ""lower"": 153.79}","{""upper"": 174.11, ""middle"": 163.95, ""lower"": 153.79}","{""upper"": 174.11, ""middle"": 163.95, ""lower"": 153.79}","{""cdp"": 163.62, ""ah"": 167.12, ""nh"": 165.75, ""nl"": 162.25, ""al"": 160.12}","{""ma5"": 163.4, ""ma10"": 160.75, ""ma20"": 163.95, ""ma25"": 166.18, ""ma60"": 193.95}","{""current_price"": 164.0, ""pb_high"": 478.28, ""pb_mid_high"": 358.71, ""pb_fair"": 239.14, ""pb_mid_low"": 191.31, ""pb_low"": 119.57}",119.57,"{""current_price"": 164.0, ""pe_high"": 290.92, ""pe_mid_high"": 232.74, ""pe_fair"": 193.95, ""pe_mid_low"": 155.16, ""pe_low"": 116.37}",160.65,"{""line1"": 242.82, ""line2"": 206.12, ""line3"": 176.99, ""line4"": 145.09, ""line5"": 127.29}","{""pdi"": 14.18, ""mdi"": 22.7, ""adx"": 23.08}","{""k"": 63.43, ""d"": 53.59, ""j"": 83.1}","{""dif"": -7.11, ""dea"": -9.33, ""dem"": -9.33, ""osc"": 4.44, ""mac"": 4.44}","{""rsi6"": 76.92, ""rsi12"": 46.0, ""rsi24"": 40.44}","{""current"": 317462.0, ""ma5"": 365291.0, ""ma10"": 392268.0, ""vol60"": 799511.0, ""vol120"": 1341808.0}","{""ma25"": 166.18, ""ma25_slope"": -0.98, ""vol5"": 365291.0, ""vol60"": 799511.0, ""vol120"": 1341808.0, ""vol_ratio_5_60"": 0.4569, ""low_vs_ma25_pct"": -2.8162, ""close_vs_ma25_pct"": -1.3118, ""body_size"": 0.5, ""upper_shadow"": 1.0, ""lower_shadow"": 2.0, ""pullback_count_25ma"": 1, ""first_pullback_flag"": 1, ""hard_filter_pass"": 0, ""pattern_type"": ""trap\u9677\u9631"", ""score"": 10.0}",45000,45000,0,"{""ema12"": 163.0, ""ema26"": 169.75, ""ema50"": 189.14}",72.62,0.124,0.5025,163.43,"{""bias5"": 0.37, ""bias10"": 2.02, ""bias20"": 0.03}",61.62,49.21,0,"{""k"": 63.43, ""d"": 53.59}",-2,1106.68,-6925673,33.33,1121.24,-1.2,43.48,-990565,54.27,163.62,-31.03,,,,,,,,,,,,,45000,-45000,45000,,,-3,1
20260929,2233,宇隆,453502,75688603,164,169,163.5,168,4,556,"21,000",0,0,"{""upper"": 174.47, ""middle"": 164.15, ""lower"": 153.83}","{""upper"": 174.47, ""middle"": 164.15, ""lower"": 153.83}","{""upper"": 174.47, ""middle"": 164.15, ""lower"": 153.83}","{""cdp"": 163.62, ""ah"": 167.12, ""nh"": 165.75, ""nl"": 162.25, ""al"": 160.12}","{""ma5"": 164.2, ""ma10"": 161.15, ""ma20"": 164.15, ""ma25"": 166.34, ""ma60"": 194.02}","{""current_price"": 168.0, ""pb_high"": 478.35, ""pb_mid_high"": 358.76, ""pb_fair"": 239.18, ""pb_mid_low"": 191.34, ""pb_low"": 119.59}",119.59,"{""current_price"": 168.0, ""pe_high"": 291.03, ""pe_mid_high"": 232.82, ""pe_fair"": 194.02, ""pe_mid_low"": 155.21, ""pe_low"": 116.41}",160.67,"{""line1"": 242.73, ""line2"": 206.13, ""line3"": 177.1, ""line4"": 145.38, ""line5"": 127.65}","{""pdi"": 19.31, ""mdi"": 22.07, ""adx"": 6.67}","{""k"": 71.98, ""d"": 56.44, ""j"": 103.04}","{""dif"": -6.79, ""dea"": -9.27, ""dem"": -9.27, ""osc"": 4.95, ""mac"": 4.95}","{""rsi6"": 82.35, ""rsi12"": 53.45, ""rsi24"": 43.75}","{""current"": 453502.0, ""ma5"": 392499.0, ""ma10"": 405872.0, ""vol60"": 801779.0, ""vol120"": 1342941.0}","{""ma25"": 166.34, ""ma25_slope"": -0.82, ""vol5"": 392499.0, ""vol60"": 801779.0, ""vol120"": 1342941.0, ""vol_ratio_5_60"": 0.4895, ""low_vs_ma25_pct"": -1.7073, ""close_vs_ma25_pct"": 0.998, ""body_size"": 4.0, ""upper_shadow"": 1.0, ""lower_shadow"": 0.5, ""pullback_count_25ma"": 2, ""first_pullback_flag"": 0, ""hard_filter_pass"": 0, ""pattern_type"": ""trap\u9677\u9631"", ""score"": 30.0}",21000,21000,0,"{""ema12"": 163.61, ""ema26"": 170.04, ""ema50"": 189.29}",78.18,0.1257,0.6866,164.06,"{""bias5"": 2.31, ""bias10"": 4.25, ""bias20"": 2.35}",67.01,122.87,3638.3522,"{""k"": 71.98, ""d"": 56.44}",2,1080.33,-6472171,41.67,1121.24,1.2,60.87,-854525,58.57,167.12,-6.67,,,,,,,,,,,,,21000,-21000,21000,,,-2,1.25
20260930,2233,宇隆,695280,116821053,170,171,165,167,-1,1271,"-5,831",0,0,"{""upper"": 173.87, ""middle"": 163.95, ""lower"": 154.03}","{""upper"": 173.87, ""middle"": 163.95, ""lower"": 154.03}","{""upper"": 173.87, ""middle"": 163.95, ""lower"": 154.03}","{""cdp"": 167.12, ""ah"": 172.62, ""nh"": 170.75, ""nl"": 165.25, ""al"": 161.62}","{""ma5"": 165.5, ""ma10"": 162.15, ""ma20"": 163.95, ""ma25"": 165.94, ""ma60"": 193.27}","{""current_price"": 167.0, ""pb_high"": 477.52, ""pb_mid_high"": 358.14, ""pb_fair"": 238.76, ""pb_mid_low"": 191.01, ""pb_low"": 119.38}",119.38,"{""current_price"": 167.0, ""pe_high"": 289.9, ""pe_mid_high"": 231.92, ""pe_fair"": 193.27, ""pe_mid_low"": 154.61, ""pe_low"": 115.96}",161.69,"{""line1"": 237.37, ""line2"": 202.74, ""line3"": 175.51, ""line4"": 146.96, ""line5"": 131.04}","{""pdi"": 22.7, ""mdi"": 14.18, ""adx"": 23.08}","{""k"": 72.43, ""d"": 61.77, ""j"": 93.74}","{""dif"": -6.04, ""dea"": -8.62, ""dem"": -8.62, ""osc"": 5.15, ""mac"": 5.15}","{""rsi6"": 69.23, ""rsi12"": 55.36, ""rsi24"": 44.68}","{""current"": 695280.0, ""ma5"": 487712.0, ""ma10"": 408592.0, ""vol60"": 802157.0, ""vol120"": 1343897.0}","{""ma25"": 165.94, ""ma25_slope"": -0.4, ""vol5"": 487712.0, ""vol60"": 802157.0, ""vol120"": 1343897.0, ""vol_ratio_5_60"": 0.608, ""low_vs_ma25_pct"": -0.5665, ""close_vs_ma25_pct"": 0.6388, ""body_size"": 3.0, ""upper_shadow"": 1.0, ""lower_shadow"": 2.0, ""pullback_count_25ma"": 3, ""first_pullback_flag"": 0, ""hard_filter_pass"": 0, ""pattern_type"": ""trap\u9677\u9631"", ""score"": 30.0}",-5831,-5831,0,"{""ema12"": 164.18, ""ema26"": 169.99, ""ema50"": 188.35}",70.83,0.1211,0.6537,164.54,"{""bias5"": 0.91, ""bias10"": 2.99, ""bias20"": 1.86}",70.43,121.82,1510.1829,"{""k"": 72.43, ""d"": 61.77}",3,1086.8,-6364653,41.67,1090.93,1.83,56.52,-1549805,58.8,167.5,-23.53,,,,,,,,,,,,,-5831,5831,-5831,,,-4,1.25
20261001,2233,宇隆,224485,37615309,168,169.5,165,168.5,1.5,373,"-17,760",0,0,"{""upper"": 171.62, ""middle"": 163.45, ""lower"": 155.28}","{""upper"": 171.62, ""middle"": 163.45, ""lower"": 155.28}","{""upper"": 171.62, ""middle"": 163.45, ""lower"": 155.28}","{""cdp"": 167.88, ""ah"": 172.38, ""nh"": 170.75, ""nl"": 166.25, ""al"": 163.38}","{""ma5"": 167.2, ""ma10"": 164.4, ""ma20"": 163.45, ""ma25"": 165.36, ""ma60"": 190.83}","{""current_price"": 168.5, ""pb_high"": 475.73, ""pb_mid_high"": 356.8, ""pb_fair"": 237.87, ""pb_mid_low"": 190.29, ""pb_low"": 118.93}",118.93,"{""current_price"": 168.5, ""pe_high"": 286.25, ""pe_mid_high"": 229.0, ""pe_fair"": 190.83, ""pe_mid_low"": 152.67, ""pe_low"": 114.5}",161.69,"{""line1"": 231.23, ""line2"": 198.93, ""line3"": 173.62, ""line4"": 148.52, ""line5"": 133.95}","{""pdi"": 23.88, ""mdi"": 13.43, ""adx"": 28.0}","{""k"": 75.84, ""d"": 69.55, ""j"": 88.43}","{""dif"": -4.61, ""dea"": -7.28, ""dem"": -7.28, ""osc"": 5.35, ""mac"": 5.35}","{""rsi6"": 70.59, ""rsi12"": 75.56, ""rsi24"": 45.52}","{""current"": 224485.0, ""ma5"": 383043.0, ""ma10"": 393003.0, ""vol60"": 753793.0, ""vol120"": 1339604.0}","{""ma25"": 165.36, ""ma25_slope"": -0.34, ""vol5"": 383043.0, ""vol60"": 753793.0, ""vol120"": 1339604.0, ""vol_ratio_5_60"": 0.5082, ""low_vs_ma25_pct"": -0.2177, ""close_vs_ma25_pct"": 1.8989, ""body_size"": 0.5, ""upper_shadow"": 1.0, ""lower_shadow"": 3.0, ""pullback_count_25ma"": 5, ""first_pullback_flag"": 0, ""hard_filter_pass"": 0, ""pattern_type"": ""trap\u9677\u9631"", ""score"": 30.0}",-17760,-17760,0,"{""ema12"": 165.33, ""ema26"": 169.46, ""ema50"": 186.46}",75.16,0.1,0.809,165.69,"{""bias5"": 0.78, ""bias10"": 2.49, ""bias20"": 3.09}",86.79,96.3,0,"{""k"": 75.84, ""d"": 69.55}",11.5,1067.39,-4883666,50,1070.3,7.32,72.5,-1174203,79.09,167.88,-14.71,,,,,,,,,,,,,-17760,17760,-17760,,,-1,1.67
20261002,2233,宇隆,243033,41168743,167.5,172,167.5,170,1.5,1312,"-21,883",0,0,"{""upper"": 171.91, ""middle"": 163.53, ""lower"": 155.14}","{""upper"": 171.91, ""middle"": 163.53, ""lower"": 155.14}","{""upper"": 171.91, ""middle"": 163.53, ""lower"": 155.14}","{""cdp"": 167.88, ""ah"": 172.38, ""nh"": 170.75, ""nl"": 166.25, ""al"": 163.38}","{""ma5"": 167.5, ""ma10"": 164.55, ""ma20"": 163.53, ""ma25"": 165.42, ""ma60"": 190.86}","{""current_price"": 170.0, ""pb_high"": 475.76, ""pb_mid_high"": 356.82, ""pb_fair"": 237.88, ""pb_mid_low"": 190.3, ""pb_low"": 118.94}",118.94,"{""current_price"": 170.0, ""pe_high"": 286.29, ""pe_mid_high"": 229.03, ""pe_fair"": 190.86, ""pe_mid_low"": 152.69, ""pe_low"": 114.51}",161.71,"{""line1"": 231.23, ""line2"": 198.94, ""line3"": 173.67, ""line4"": 148.61, ""line5"": 134.06}","{""pdi"": 27.61, ""mdi"": 13.43, ""adx"": 34.55}","{""k"": 77.98, ""d"": 70.26, ""j"": 93.42}","{""dif"": -4.49, ""dea"": -7.26, ""dem"": -7.26, ""osc"": 5.54, ""mac"": 5.54}","{""rsi6"": 75.0, ""rsi12"": 77.08, ""rsi24"": 46.72}","{""current"": 243033.0, ""ma5"": 386752.0, ""ma10"": 394858.0, ""vol60"": 754102.0, ""vol120"": 1339759.0}","{""ma25"": 165.42, ""ma25_slope"": -0.28, ""vol5"": 386752.0, ""vol60"": 754102.0, ""vol120"": 1339759.0, ""vol_ratio_5_60"": 0.5129, ""low_vs_ma25_pct"": 1.2574, ""close_vs_ma25_pct"": 2.7687, ""body_size"": 2.5, ""upper_shadow"": 2.0, ""lower_shadow"": 0.0, ""pullback_count_25ma"": 4, ""first_pullback_flag"": 0, ""hard_filter_pass"": 0, ""pattern_type"": ""trap\u9677\u9631"", ""score"": 10.0}",-21883,-21883,0,"{""ema12"": 165.56, ""ema26"": 169.57, ""ema50"": 186.52}",82.12,0.1025,0.8863,165.93,"{""bias5"": 1.49, ""bias10"": 3.31, ""bias20"": 3.96}",92.86,129.57,4629.001,"{""k"": 77.98, ""d"": 70.26}",13,1057.98,-4640633,58.33,1070.3,8.28,80,-1155655,82.28,169.88,-11.11,,,,,,,,,,,,,-21883,21883,-21883,,,0,2
20260728,2464,盟立,4198620,561512613,136,137.5,131,131,-11.5,4199,"118,039",0,0,"{""upper"": 186.59, ""middle"": 156.82, ""lower"": 127.06}","{""upper"": 186.59, ""middle"": 156.82, ""lower"": 127.06}","{""upper"": 186.59, ""middle"": 156.82, ""lower"": 127.06}","{""cdp"": 142.12, ""ah"": 149.62, ""nh"": 146.25, ""nl"": 138.75, ""al"": 134.62}","{""ma5"": 143.9, ""ma10"": 145.4, ""ma20"": 156.82, ""ma60"": 151.83}","{""current_price"": 131.0, ""pb_high"": 225.98, ""pb_mid_high"": 169.48, ""pb_fair"": 112.99, ""pb_mid_low"": 90.39, ""pb_low"": 56.49}",56.49,"{""current_price"": 131.0, ""pe_high"": 227.75, ""pe_mid_high"": 182.2, ""pe_fair"": 151.83, ""pe_mid_low"": 121.47, ""pe_low"": 91.1}",153.54,"{""line1"": 168.76, ""line2"": 169.75, ""line3"": 159.24, ""line4"": 141.99, ""line5"": 128.23}","{""pdi"": 19.08, ""mdi"": 38.87, ""adx"": 34.15}","{""k"": 22.54, ""d"": 26.23, ""j"": 15.16}","{""dif"": -5.53, ""dem"": -2.62, ""osc"": -5.83, ""mac"": -5.83}","{""rsi6"": 45.21, ""rsi12"": 29.25, ""rsi24"": 37.12}","{""current"": 4198620.0, ""ma5"": 4571862.0, ""ma10"": 5072292.0}",,118039,118039,0,"{""ema12"": 147.51, ""ema26"": 153.16, ""ema50"": 148.24}",93.36,0.3796,0.0662,147.54,"{""bias5"": -8.96, ""bias10"": -9.9, ""bias20"": -16.47}",95.13,-130.52,-1161.0958,"{""k"": 22.54, ""d"": 26.23}",-30.5,1065.72,-41231664,33.33,1067.26,-18.89,0,-45985460,85.33,132.62,-100,,,,,,,,,,,,,118039,-118039,118039,,,-5,0.29
20260729,2464,盟立,6917988,847565473,131,134,118,123,-8,6646,"767,400","280,000",0,"{""upper"": 188.13, ""middle"": 154.97, ""lower"": 121.82}","{""upper"": 188.13, ""middle"": 154.97, ""lower"": 121.82}","{""upper"": 188.13, ""middle"": 154.97, ""lower"": 121.82}","{""cdp"": 132.62, ""ah"": 139.12, ""nh"": 134.25, ""nl"": 127.75, ""al"": 126.12}","{""ma5"": 138.3, ""ma10"": 141.75, ""ma20"": 154.97, ""ma60"": 151.99}","{""current_price"": 123.0, ""pb_high"": 226.92, ""pb_mid_high"": 170.19, ""pb_fair"": 113.46, ""pb_mid_low"": 90.77, ""pb_low"": 56.73}",56.73,"{""current_price"": 123.0, ""pe_high"": 227.99, ""pe_mid_high"": 182.39, ""pe_fair"": 151.99, ""pe_mid_low"": 121.59, ""pe_low"": 91.2}",151.32,"{""line1"": 171.7, ""line2"": 170.91, ""line3"": 157.93, ""line4"": 137.17, ""line5"": 122.31}","{""pdi"": 17.76, ""mdi"": 42.76, ""adx"": 41.3}","{""k"": 19.65, ""d"": 24.04, ""j"": 10.89}","{""dif"": -7.07, ""dem"": -3.51, ""osc"": -7.12, ""mac"": -7.12}","{""rsi6"": 28.21, ""rsi12"": 22.08, ""rsi24"": 35.59}","{""current"": 6917988.0, ""ma5"": 4568370.0, ""ma10"": 5275021.0}",,1047400,767400,280000,"{""ema12"": 143.78, ""ema26"": 150.97, ""ema50"": 147.21}",83.5,0.4278,0.0177,143.47,"{""bias5"": -11.06, ""bias10"": -13.23, ""bias20"": -20.63}",83.83,-157.33,-1908.0692,"{""k"": 19.65, ""d"": 24.04}",-43,1135.04,-58867050,25,1171.12,-25.9,5.65,-59657384,70.06,124.5,-91.38,,,,,,,,,,,,,1047400,-1047400,1047400,,,-7,0.29
20260730,2464,盟立,6168269,771366191,121,135,118.5,122.5,-0.5,5163,"-373,265","150,000",0,"{""upper"": 187.37, ""middle"": 152.45, ""lower"": 117.53}","{""upper"": 187.37, ""middle"": 152.45, ""lower"": 117.53}","{""upper"": 187.37, ""middle"": 152.45, ""lower"": 117.53}","{""cdp"": 124.5, ""ah"": 140.5, ""nh"": 131.0, ""nl"": 115.0, ""al"": 108.5}","{""ma5"": 133.1, ""ma10"": 138.25, ""ma20"": 152.45, ""ma60"": 152.1}","{""current_price"": 122.5, ""pb_high"": 227.84, ""pb_mid_high"": 170.88, ""pb_fair"": 113.92, ""pb_mid_low"": 91.14, ""pb_low"": 56.96}",56.96,"{""current_price"": 122.5, ""pe_high"": 228.15, ""pe_mid_high"": 182.52, ""pe_fair"": 152.1, ""pe_mid_low"": 121.68, ""pe_low"": 91.26}",150.34,"{""line1"": 174.45, ""line2"": 172.03, ""line3"": 156.75, ""line4"": 132.73, ""line5"": 116.83}","{""pdi"": 14.37, ""mdi"": 40.62, ""adx"": 47.73}","{""k"": 17.27, ""d"": 21.78, ""j"": 8.25}","{""dif"": -8.23, ""dem"": -4.45, ""osc"": -7.55, ""mac"": -7.55}","{""rsi6"": 0.0, ""rsi12"": 24.11, ""rsi24"": 34.52}","{""current"": 6168269.0, ""ma5"": 5039090.0, ""ma10"": 5449531.0}",,-223265,-373265,150000,"{""ema12"": 140.42, ""ema26"": 149.07, ""ema50"": 146.15}",89.07,0.4581,0.0712,139.31,"{""bias5"": -7.96, ""bias10"": -11.39, ""bias20"": -19.65}",80.17,-129.55,200.6235,"{""k"": 17.27, ""d"": 21.78}",-36.5,1246.11,-67438206,25,1175.9,-22.96,5.08,-65136891,54.63,124.62,-92.24,,,,,,,,,,,,,-223265,223265,-223265,,,-9,0.29
20260731,2464,盟立,3335578,446438561,134.5,134.5,131.5,134.5,12,2744,"433,142",0,0,"{""upper"": 180.84, ""middle"": 149.68, ""lower"": 118.51}","{""upper"": 180.84, ""middle"": 149.68, ""lower"": 118.51}","{""upper"": 180.84, ""middle"": 149.68, ""lower"": 118.51}","{""cdp"": 124.62, ""ah"": 141.12, ""nh"": 130.75, ""nl"": 114.25, ""al"": 108.12}","{""ma5"": 130.7, ""ma10"": 137.4, ""ma20"": 149.68, ""ma60"": 152.46}","{""current_price"": 134.5, ""pb_high"": 228.93, ""pb_mid_high"": 171.69, ""pb_fair"": 114.46, ""pb_mid_low"": 91.57, ""pb_low"": 57.23}",57.23,"{""current_price"": 134.5, ""pe_high"": 228.69, ""pe_mid_high"": 182.95, ""pe_fair"": 152.46, ""pe_mid_low"": 121.97, ""pe_low"": 91.48}",144.95,"{""line1"": 176.01, ""line2"": 172.81, ""line3"": 156.36, ""line4"": 130.45, ""line5"": 114.19}","{""pdi"": 8.57, ""mdi"": 41.27, ""adx"": 65.61}","{""k"": 26.79, ""d"": 23.45, ""j"": 33.47}","{""dif"": -8.09, ""dem"": -5.18, ""osc"": -5.82, ""mac"": -5.82}","{""rsi6"": 31.58, ""rsi12"": 34.76, ""rsi24"": 40.0}","{""current"": 3335578.0, ""ma5"": 4922644.0, ""ma10"": 5038953.0}",,433142,433142,0,"{""ema12"": 139.25, ""ema26"": 148.22, ""ema50"": 145.71}",89.19,0.4164,0.2565,138.14,"{""bias5"": 2.91, ""bias10"": -2.11, ""bias20"": -10.14}",87.69,-66.17,562.1215,"{""k"": 26.79, ""d"": 23.45}",-25,1152.39,-67378530,25,1070.99,-15.67,18.64,-99378525,61.28,133.75,-66.67,,,,,,,,,,,,,433142,-433142,433142,,,-7,0.5
20260803,2464,盟立,6371176,910677349,134.5,147.5,134,147.5,13,4689,"445,000",0,0,"{""upper"": 174.9, ""middle"": 147.88, ""lower"": 120.85}","{""upper"": 174.9, ""middle"": 147.88, ""lower"": 120.85}","{""upper"": 174.9, ""middle"": 147.88, ""lower"": 120.85}","{""cdp"": 133.75, ""ah"": 136.75, ""nh"": 136.0, ""nl"": 133.0, ""al"": 130.75}","{""ma5"": 131.7, ""ma10"": 138.7, ""ma20"": 147.88, ""ma60"": 153.07}","{""current_price"": 147.5, ""pb_high"": 230.21, ""pb_mid_high"": 172.66, ""pb_fair"": 115.11, ""pb_mid_low"": 92.08, ""pb_low"": 57.55}",57.55,"{""current_price"": 147.5, ""pe_high"": 229.6, ""pe_mid_high"": 183.68, ""pe_fair"": 153.07, ""pe_mid_low"": 122.45, ""pe_low"": 91.84}",118.59,"{""line1"": 177.03, ""line2"": 173.44, ""line3"": 156.29, ""line4"": 129.67, ""line5"": 113.37}","{""pdi"": 16.99, ""mdi"": 34.62, ""adx"": 34.16}","{""k"": 45.18, ""d"": 30.69, ""j"": 74.14}","{""dif"": -6.85, ""dem"": -5.51, ""osc"": -2.67, ""mac"": -2.67}","{""rsi6"": 51.02, ""rsi12"": 44.62, ""rsi24"": 47.7}","{""current"": 6371176.0, ""ma5"": 5398326.0, ""ma10"": 5017128.0}",,445000,445000,0,"{""ema12"": 140.6, ""ema26"": 148.1, ""ema50"": 145.78}",95.21,0.3655,0.4931,139.93,"{""bias5"": 12.0, ""bias10"": 6.34, ""bias20"": -0.25}",96.59,8.91,1642.1615,"{""k"": 45.18, ""d"": 30.69}",-10,1050.83,-27684895,33.33,1109.7,-6.35,48.76,-29186865,60.79,144.12,-35.87,,,,,,,,,,,,,445000,-445000,445000,,,-5,0.5
20260804,2464,盟立,14109475,2214886072,147,162,147,162,14.5,11538,"781,474","344,000",0,"{""upper"": 173.61, ""middle"": 147.53, ""lower"": 121.44}","{""upper"": 173.61, ""middle"": 147.53, ""lower"": 121.44}","{""upper"": 173.61, ""middle"": 147.53, ""lower"": 121.44}","{""cdp"": 144.12, ""ah"": 157.62, ""nh"": 154.25, ""nl"": 140.75, ""al"": 130.62}","{""ma5"": 137.9, ""ma10"": 140.9, ""ma20"": 147.53, ""ma60"": 153.92}","{""current_price"": 162.0, ""pb_high"": 231.76, ""pb_mid_high"": 173.82, ""pb_fair"": 115.88, ""pb_mid_low"": 92.71, ""pb_low"": 57.94}",57.94,"{""current_price"": 162.0, ""pe_high"": 230.88, ""pe_mid_high"": 184.7, ""pe_fair"": 153.92, ""pe_mid_low"": 123.13, ""pe_low"": 92.35}",118.88,"{""line1"": 177.93, ""line2"": 174.03, ""line3"": 156.74, ""line4"": 129.88, ""line5"": 113.65}","{""pdi"": 25.0, ""mdi"": 32.93, ""adx"": 13.68}","{""k"": 63.45, ""d"": 41.61, ""j"": 107.13}","{""dif"": -4.64, ""dem"": -5.34, ""osc"": 1.39, ""mac"": 1.39}","{""rsi6"": 66.39, ""rsi12"": 60.22, ""rsi24"": 50.54}","{""current"": 14109475.0, ""ma5"": 7380497.0, ""ma10"": 5976180.0}",,1125474,781474,344000,"{""ema12"": 144.13, ""ema26"": 148.93, ""ema50"": 146.33}",112,0.3536,0.7775,144.45,"{""bias5"": 17.48, ""bias10"": 14.98, ""bias20"": 9.81}",109.71,123.87,1461.7837,"{""k"": 63.45, ""d"": 41.61}",19,962.33,-34029623,41.67,1109.7,13.29,75.86,-2551388,72.99,158.25,0,,,,,,,,,,,,,1125474,-1125474,1125474,,,-3,0.5
20260805,2464,盟立,16112433,2740373973,168.5,176,165,170,8,15293,"1,169,133",0,0,"{""upper"": 175.26, ""middle"": 147.97, ""lower"": 120.69}","{""upper"": 175.26, ""middle"": 147.97, ""lower"": 120.69}","{""upper"": 175.26, ""middle"": 147.97, ""lower"": 120.69}","{""cdp"": 158.25, ""ah"": 173.25, ""nh"": 169.5, ""nl"": 154.5, ""al"": 143.25}","{""ma5"": 147.3, ""ma10"": 142.8, ""ma20"": 147.97, ""ma60"": 154.72}","{""current_price"": 170.0, ""pb_high"": 233.44, ""pb_mid_high"": 175.08, ""pb_fair"": 116.72, ""pb_mid_low"": 93.38, ""pb_low"": 58.36}",58.36,"{""current_price"": 170.0, ""pe_high"": 232.07, ""pe_mid_high"": 185.66, ""pe_fair"": 154.72, ""pe_mid_low"": 123.77, ""pe_low"": 92.83}",119.65,"{""line1"": 178.99, ""line2"": 174.55, ""line3"": 157.51, ""line4"": 130.41, ""line5"": 114.23}","{""pdi"": 32.45, ""mdi"": 28.91, ""adx"": 5.77}","{""k"": 72.19, ""d"": 51.8, ""j"": 112.95}","{""dif"": -2.22, ""dem"": -4.72, ""osc"": 4.99, ""mac"": 4.99}","{""rsi6"": 84.82, ""rsi12"": 69.19, ""rsi24"": 49.16}","{""current"": 16112433.0, ""ma5"": 9219386.0, ""ma10"": 6893878.0}",,1169133,1169133,0,"{""ema12"": 148.42, ""ema26"": 150.71, ""ema50"": 147.33}",123.17,0.3687,0.9036,149.74,"{""bias5"": 15.41, ""bias10"": 19.05, ""bias20"": 14.88}",130.6,201.04,1092.3242,"{""k"": 72.19, ""d"": 51.8}",35.5,917.05,-41198919,50,1103.28,26.39,89.66,22586769,88.35,170.25,-10.34,,,,,,,,,,,,,1169133,-1169133,1169133,,,-1,0.8
20260806,2464,盟立,25511080,4540588364,171.5,184,171,178,8,25664,"1,406,895","62,000",0,"{""upper"": 178.81, ""middle"": 148.9, ""lower"": 118.99}","{""upper"": 178.81, ""middle"": 148.9, ""lower"": 118.99}","{""upper"": 178.81, ""middle"": 148.9, ""lower"": 118.99}","{""cdp"": 170.25, ""ah"": 181.25, ""nh"": 175.5, ""nl"": 164.5, ""al"": 159.25}","{""ma5"": 158.4, ""ma10"": 145.75, ""ma20"": 148.9, ""ma60"": 155.68}","{""current_price"": 178.0, ""pb_high"": 235.22, ""pb_mid_high"": 176.42, ""pb_fair"": 117.61, ""pb_mid_low"": 94.09, ""pb_low"": 58.81}",58.81,"{""current_price"": 178.0, ""pe_high"": 233.53, ""pe_mid_high"": 186.82, ""pe_fair"": 155.68, ""pe_mid_low"": 124.55, ""pe_low"": 93.41}",132.55,"{""line1"": 180.71, ""line2"": 175.62, ""line3"": 158.32, ""line4"": 130.8, ""line5"": 114.34}","{""pdi"": 37.5, ""mdi"": 23.21, ""adx"": 23.53}","{""k"": 78.43, ""d"": 60.68, ""j"": 113.92}","{""dif"": 0.34, ""dem"": -3.7, ""osc"": 8.08, ""mac"": 8.08}","{""rsi6"": 99.11, ""rsi12"": 70.0, ""rsi24"": 46.47}","{""current"": 25511080.0, ""ma5"": 13087948.0, ""ma10"": 9063519.0}",,1468895,1406895,62000,"{""ema12"": 152.85, ""ema26"": 152.87, ""ema50"": 148.57}",130.04,0.4018,0.9864,155.24,"{""bias5"": 12.37, ""bias10"": 22.13, ""bias20"": 19.54}",134.41,187.05,356.7078,"{""k"": 78.43, ""d"": 60.68}",38,875.83,-1706454,50,1119.32,27.14,90.91,53458527,101.06,177.75,-9.09,,,,,,,,,,,,,1468895,-1468895,1468895,,,-1,1.25
20260807,2464,盟立,26469381,4739457683,180,185,172,173.5,-4.5,48984,"-463,183",0,0,"{""upper"": 180.84, ""middle"": 149.5, ""lower"": 118.16}","{""upper"": 180.84, ""middle"": 149.5, ""lower"": 118.16}","{""upper"": 180.84, ""middle"": 149.5, ""lower"": 118.16}","{""cdp"": 177.75, ""ah"": 190.75, ""nh"": 184.5, ""nl"": 171.5, ""al"": 164.75}","{""ma5"": 166.2, ""ma10"": 148.45, ""ma20"": 149.5, ""ma60"": 156.61}","{""current_price"": 173.5, ""pb_high"": 236.98, ""pb_mid_high"": 177.74, ""pb_fair"": 118.49, ""pb_mid_low"": 94.79, ""pb_low"": 59.25}",59.25,"{""current_price"": 173.5, ""pe_high"": 234.91, ""pe_mid_high"": 187.93, ""pe_fair"": 156.61, ""pe_mid_low"": 125.29, ""pe_low"": 93.96}",135.02,"{""line1"": 182.28, ""line2"": 176.7, ""line3"": 158.6, ""line4"": 131.43, ""line5"": 114.81}","{""pdi"": 37.87, ""mdi"": 16.57, ""adx"": 39.13}","{""k"": 79.9, ""d"": 67.08, ""j"": 105.52}","{""dif"": 1.98, ""dem"": -2.57, ""osc"": 9.1, ""mac"": 9.1}","{""rsi6"": 92.5, ""rsi12"": 62.71, ""rsi24"": 47.02}","{""current"": 26469381.0, ""ma5"": 17714709.0, ""ma10"": 11318676.0}",,-463183,-463183,0,"{""ema12"": 155.77, ""ema26"": 154.66, ""ema50"": 149.53}",117.36,0.4193,0.8828,158.69,"{""bias5"": 4.39, ""bias10"": 16.87, ""bias20"": 16.05}",124.22,143.93,49.1134,"{""k"": 79.9, ""d"": 67.08}",22.5,872.8,-35355550,41.67,1119.32,14.9,82.84,19406539,79,176,-17.16,,,,,,,,,,,,,-463183,463183,-463183,,,-3,1.25
20260810,2464,盟立,16706927,3029155316,175,186,173.5,180,6.5,19757,"-463,183",0,0,"{""upper"": 183.55, ""middle"": 150.2, ""lower"": 116.85}","{""upper"": 183.55, ""middle"": 150.2, ""lower"": 116.85}","{""upper"": 183.55, ""middle"": 150.2, ""lower"": 116.85}","{""cdp"": 176.0, ""ah"": 189.0, ""nh"": 180.0, ""nl"": 167.0, ""al"": 163.0}","{""ma5"": 172.7, ""ma10"": 152.2, ""ma20"": 150.2, ""ma60"": 157.73}","{""current_price"": 180.0, ""pb_high"": 238.92, ""pb_mid_high"": 179.19, ""pb_fair"": 119.46, ""pb_mid_low"": 95.57, ""pb_low"": 59.73}",59.73,"{""current_price"": 180.0, ""pe_high"": 236.6, ""pe_mid_high"": 189.28, ""pe_fair"": 157.73, ""pe_mid_low"": 126.19, ""pe_low"": 94.64}",147.78,"{""line1"": 183.54, ""line2"": 177.53, ""line3"": 158.61, ""line4"": 132.55, ""line5"": 115.92}","{""pdi"": 37.25, ""mdi"": 16.05, ""adx"": 39.78}","{""k"": 83.66, ""d"": 72.61, ""j"": 105.75}","{""dif"": 3.76, ""dem"": -1.3, ""osc"": 10.13, ""mac"": 10.13}","{""rsi6"": 91.74, ""rsi12"": 67.03, ""rsi24"": 53.44}","{""current"": 16706927.0, ""ma5"": 19781859.0, ""ma10"": 12590093.0}",,-463183,-463183,0,"{""ema12"": 159.35, ""ema26"": 156.82, ""ema50"": 150.77}",113.16,0.4441,0.9468,162.19,"{""bias5"": 4.23, ""bias10"": 18.27, ""bias20"": 19.84}",121.11,125.68,93.5241,"{""k"": 83.66, ""d"": 72.61}",31.5,800.71,-10439689,50,1078.9,21.21,91.18,22191141,68.93,179.88,-8.82,,,,,,,,,,,,,-463183,463183,-463183,,,-1,2
20260811,2464,盟立,26698078,5038824623,180,196,176,187.5,7.5,31992,"3,281,935",539,0,"{""upper"": 188.6, ""middle"": 151.62, ""lower"": 114.65}","{""upper"": 188.6, ""middle"": 151.62, ""lower"": 114.65}","{""upper"": 188.6, ""middle"": 151.62, ""lower"": 114.65}","{""cdp"": 179.88, ""ah"": 192.38, ""nh"": 186.25, ""nl"": 173.75, ""al"": 167.38}","{""ma5"": 177.8, ""ma10"": 157.85, ""ma20"": 151.62, ""ma25"": 153.58, ""ma60"": 158.94}","{""current_price"": 187.5, ""pb_high"": 240.89, ""pb_mid_high"": 180.67, ""pb_fair"": 120.44, ""pb_mid_low"": 96.35, ""pb_low"": 60.22}",60.22,"{""current_price"": 187.5, ""pe_high"": 238.41, ""pe_mid_high"": 190.73, ""pe_fair"": 158.94, ""pe_mid_low"": 127.15, ""pe_low"": 95.36}",165.62,"{""line1"": 186.06, ""line2"": 178.96, ""line3"": 159.21, ""line4"": 133.59, ""line5"": 116.32}","{""pdi"": 34.63, ""mdi"": 15.51, ""adx"": 38.12}","{""k"": 85.45, ""d"": 76.89, ""j"": 102.57}","{""dif"": 5.71, ""dea"": 0.1, ""dem"": 0.1, ""osc"": 11.23, ""mac"": 11.23}","{""rsi6"": 90.82, ""rsi12"": 70.92, ""rsi24"": 58.31}","{""current"": 26698078.0, ""ma5"": 22299580.0, ""ma10"": 14840038.0, ""vol60"": 15701803.0, ""vol120"": 14405213.0}","{""ma25"": 153.58, ""ma25_slope"": 0.74, ""vol5"": 22299580.0, ""vol60"": 15701803.0, ""vol120"": 14405213.0, ""vol_ratio_5_60"": 1.4202, ""low_vs_ma25_pct"": 14.5983, ""close_vs_ma25_pct"": 22.0862, ""body_size"": 7.5, ""upper_shadow"": 8.5, ""lower_shadow"": 4.0, ""pullback_count_25ma"": 5, ""first_pullback_flag"": 0, ""hard_filter_pass"": 1, ""pattern_type"": ""none"", ""score"": 50.0}",3282474,3281935,539,"{""ema12"": 163.65, ""ema26"": 159.15, ""ema50"": 152.34}",109.74,0.4877,0.9852,165.78,"{""bias5"": 5.46, ""bias10"": 18.78, ""bias20"": 23.66}",123.32,120.64,468.1985,"{""k"": 85.45, ""d"": 76.89}",41,768.68,25249437,58.33,1110.12,27.99,89.1,58311588,133.03,186.75,-10.9,,,,,,,,,,,,,3282474,-3282474,3282474,,,-1,3.5
20260812,2464,盟立,29018273,5737541592,185.5,205,185.5,196.5,9,34008,"5,419,065",0,0,"{""upper"": 195.23, ""middle"": 153.47, ""lower"": 111.72}","{""upper"": 195.23, ""middle"": 153.47, ""lower"": 111.72}","{""upper"": 195.23, ""middle"": 153.47, ""lower"": 111.72}","{""cdp"": 186.75, ""ah"": 206.75, ""nh"": 197.5, ""nl"": 177.5, ""al"": 166.75}","{""ma5"": 183.1, ""ma10"": 165.2, ""ma20"": 153.47, ""ma25"": 155.0, ""ma60"": 160.11}","{""current_price"": 196.5, ""pb_high"": 242.96, ""pb_mid_high"": 182.22, ""pb_fair"": 121.48, ""pb_mid_low"": 97.18, ""pb_low"": 60.74}",60.74,"{""current_price"": 196.5, ""pe_high"": 240.16, ""pe_mid_high"": 192.13, ""pe_fair"": 160.11, ""pe_mid_low"": 128.09, ""pe_low"": 96.06}",171.68,"{""line1"": 189.2, ""line2"": 180.62, ""line3"": 159.89, ""line4"": 135.62, ""line5"": 117.4}","{""pdi"": 36.95, ""mdi"": 14.21, ""adx"": 44.44}","{""k"": 86.44, ""d"": 80.07, ""j"": 99.19}","{""dif"": 7.9, ""dea"": 1.66, ""dem"": 1.66, ""osc"": 12.47, ""mac"": 12.47}","{""rsi6"": 89.66, ""rsi12"": 76.21, ""rsi24"": 61.08}","{""current"": 29018273.0, ""ma5"": 24880748.0, ""ma10"": 17050067.0, ""vol60"": 15822772.0, ""vol120"": 14496721.0}","{""ma25"": 155.0, ""ma25_slope"": 1.42, ""vol5"": 24880748.0, ""vol60"": 15822772.0, ""vol120"": 14496721.0, ""vol_ratio_5_60"": 1.5725, ""low_vs_ma25_pct"": 19.6774, ""close_vs_ma25_pct"": 26.7742, ""body_size"": 11.0, ""upper_shadow"": 8.5, ""lower_shadow"": 0.0, ""pullback_count_25ma"": 5, ""first_pullback_flag"": 0, ""hard_filter_pass"": 1, ""pattern_type"": ""none"", ""score"": 50.0}",5419065,5419065,0,"{""ema12"": 168.74, ""ema26"": 161.76, ""ema50"": 154.09}",124.9,0.5441,1.0152,170.64,"{""bias5"": 7.32, ""bias10"": 18.95, ""bias20"": 28.03}",150,123.57,621.5911,"{""k"": 86.44, ""d"": 80.07}",54,793.07,47513774,66.67,1110.12,37.89,90.23,92220563,179.77,195.88,-9.77,,,,,,,,,,,,,5419065,-5419065,5419065,,,1,8
20260813,2464,盟立,17203571,3369450920,198,200.5,192,196,-0.5,21897,"-122,230",0,0,"{""upper"": 201.08, ""middle"": 155.4, ""lower"": 109.72}","{""upper"": 201.08, ""middle"": 155.4, ""lower"": 109.72}","{""upper"": 201.08, ""middle"": 155.4, ""lower"": 109.72}","{""cdp"": 195.88, ""ah"": 215.38, ""nh"": 206.25, ""nl"": 186.75, ""al"": 176.38}","{""ma5"": 186.7, ""ma10"": 172.55, ""ma20"": 155.4, ""ma25"": 156.46, ""ma60"": 161.06}","{""current_price"": 196.0, ""pb_high"": 245.08, ""pb_mid_high"": 183.81, ""pb_fair"": 122.54, ""pb_mid_low"": 98.03, ""pb_low"": 61.27}",61.27,"{""current_price"": 196.0, ""pe_high"": 241.59, ""pe_mid_high"": 193.27, ""pe_fair"": 161.06, ""pe_mid_low"": 128.85, ""pe_low"": 96.64}",172.66,"{""line1"": 192.0, ""line2"": 181.87, ""line3"": 160.53, ""line4"": 138.2, ""line5"": 119.15}","{""pdi"": 36.76, ""mdi"": 13.11, ""adx"": 47.42}","{""k"": 86.74, ""d"": 82.29, ""j"": 95.62}","{""dif"": 9.48, ""dea"": 3.22, ""dem"": 3.22, ""osc"": 12.51, ""mac"": 12.51}","{""rsi6"": 86.11, ""rsi12"": 85.33, ""rsi24"": 60.42}","{""current"": 17203571.0, ""ma5"": 23219246.0, ""ma10"": 18153597.0, ""vol60"": 15166248.0, ""vol120"": 14583457.0}","{""ma25"": 156.46, ""ma25_slope"": 1.46, ""vol5"": 23219246.0, ""vol60"": 15166248.0, ""vol120"": 14583457.0, ""vol_ratio_5_60"": 1.531, ""low_vs_ma25_pct"": 22.7151, ""close_vs_ma25_pct"": 25.2716, ""body_size"": 2.0, ""upper_shadow"": 2.5, ""lower_shadow"": 4.0, ""pullback_count_25ma"": 5, ""first_pullback_flag"": 0, ""hard_filter_pass"": 1, ""pattern_type"": ""none"", ""score"": 50.0}",-122230,-122230,0,"{""ema12"": 173.02, ""ema26"": 164.59, ""ema50"": 155.75}",130.77,0.588,0.9444,174.77,"{""bias5"": 4.98, ""bias10"": 13.59, ""bias20"": 26.13}",157.96,103.77,49.4083,"{""k"": 86.74, ""d"": 82.29}",65,871,18662427,66.67,1112.96,49.62,89.66,79440159,165.89,196.12,-10.34,,,,,,,,,,,,,-122230,122230,-122230,,,1,3.5
20260814,2464,盟立,10004505,1930860828,197,198,189.5,192,-4,12450,"-122,230",0,0,"{""upper"": 205.81, ""middle"": 157.85, ""lower"": 109.89}","{""upper"": 205.81, ""middle"": 157.85, ""lower"": 109.89}","{""upper"": 205.81, ""middle"": 157.85, ""lower"": 109.89}","{""cdp"": 196.12, ""ah"": 204.62, ""nh"": 200.25, ""nl"": 191.75, ""al"": 187.62}","{""ma5"": 190.4, ""ma10"": 178.3, ""ma20"": 157.85, ""ma25"": 157.68, ""ma60"": 162.01}","{""current_price"": 192.0, ""pb_high"": 247.09, ""pb_mid_high"": 185.31, ""pb_fair"": 123.54, ""pb_mid_low"": 98.83, ""pb_low"": 61.77}",61.77,"{""current_price"": 192.0, ""pe_high"": 243.01, ""pe_mid_high"": 194.41, ""pe_fair"": 162.01, ""pe_mid_low"": 129.61, ""pe_low"": 97.2}",174.13,"{""line1"": 194.31, ""line2"": 182.76, ""line3"": 161.08, ""line4"": 140.48, ""line5"": 120.82}","{""pdi"": 36.76, ""mdi"": 11.57, ""adx"": 52.13}","{""k"": 83.69, ""d"": 82.76, ""j"": 85.54}","{""dif"": 10.29, ""dea"": 4.64, ""dem"": 4.64, ""osc"": 11.3, ""mac"": 11.3}","{""rsi6"": 71.88, ""rsi12"": 89.2, ""rsi24"": 57.88}","{""current"": 10004505.0, ""ma5"": 19926271.0, ""ma10"": 18820490.0, ""vol60"": 14573689.0, ""vol120"": 14494428.0}","{""ma25"": 157.68, ""ma25_slope"": 1.22, ""vol5"": 19926271.0, ""vol60"": 14573689.0, ""vol120"": 14494428.0, ""vol_ratio_5_60"": 1.3673, ""low_vs_ma25_pct"": 20.1801, ""close_vs_ma25_pct"": 21.7656, ""body_size"": 5.0, ""upper_shadow"": 1.0, ""lower_shadow"": 2.5, ""pullback_count_25ma"": 5, ""first_pullback_flag"": 0, ""hard_filter_pass"": 1, ""pattern_type"": ""none"", ""score"": 50.0}",-122230,-122230,0,"{""ema12"": 175.81, ""ema26"": 166.89, ""ema50"": 157.12}",128.57,0.6077,0.856,177.44,"{""bias5"": 0.84, ""bias10"": 7.68, ""bias20"": 21.63}",157.26,82.67,-212.4043,"{""k"": 83.69, ""d"": 82.76}",69,841.21,-25583712,66.67,1136.14,56.1,85.06,76877009,158.92,192.88,-14.94,,,,,,,,,,,,,-122230,122230,-122230,,,1,2
20260817,2464,盟立,22801999,4426104262,197,208,183.5,186,-6,22813,"888,584","580,000",0,"{""upper"": 208.62, ""middle"": 160.43, ""lower"": 112.23}","{""upper"": 208.62, ""middle"": 160.43, ""lower"": 112.23}","{""upper"": 208.62, ""middle"": 160.43, ""lower"": 112.23}","{""cdp"": 192.88, ""ah"": 201.38, ""nh"": 196.25, ""nl"": 187.75, ""al"": 184.38}","{""ma5"": 191.6, ""ma10"": 182.15, ""ma20"": 160.43, ""ma25"": 158.48, ""ma60"": 163.03}","{""current_price"": 186.0, ""pb_high"": 248.94, ""pb_mid_high"": 186.71, ""pb_fair"": 124.47, ""pb_mid_low"": 99.58, ""pb_low"": 62.24}",62.24,"{""current_price"": 186.0, ""pe_high"": 244.55, ""pe_mid_high"": 195.64, ""pe_fair"": 163.03, ""pe_mid_low"": 130.43, ""pe_low"": 97.82}",207.36,"{""line1"": 195.89, ""line2"": 183.4, ""line3"": 161.4, ""line4"": 142.12, ""line5"": 122.16}","{""pdi"": 39.28, ""mdi"": 7.47, ""adx"": 68.04}","{""k"": 72.07, ""d"": 79.2, ""j"": 57.82}","{""dif"": 10.33, ""dea"": 5.77, ""dem"": 5.77, ""osc"": 9.1, ""mac"": 9.1}","{""rsi6"": 68.66, ""rsi12"": 83.96, ""rsi24"": 58.23}","{""current"": 22801999.0, ""ma5"": 21145285.0, ""ma10"": 20463572.0, ""vol60"": 14512899.0, ""vol120"": 14350099.0}","{""ma25"": 158.48, ""ma25_slope"": 0.8, ""vol5"": 21145285.0, ""vol60"": 14512899.0, ""vol120"": 14350099.0, ""vol_ratio_5_60"": 1.457, ""low_vs_ma25_pct"": 15.7875, ""close_vs_ma25_pct"": 17.365, ""body_size"": 11.0, ""upper_shadow"": 11.0, ""lower_shadow"": 2.5, ""pullback_count_25ma"": 5, ""first_pullback_flag"": 0, ""hard_filter_pass"": 1, ""pattern_type"": ""none"", ""score"": 50.0}",1468584,888584,580000,"{""ema12"": 177.39, ""ema26"": 168.05, ""ema50"": 158.21}",121.09,0.6009,0.7653,178.69,"{""bias5"": -2.92, ""bias10"": 2.11, ""bias20"": 15.94}",155.73,73.02,214.8934,"{""k"": 72.07, ""d"": 79.2}",63.5,868.34,15434773,66.67,1046.36,51.84,75.56,60664433,126.07,190.88,-24.44,,,,,,,,,,,,,1468584,-1468584,1468584,,,-1,1.25
20260818,2464,盟立,18539197,3437527770,190,199.5,174.5,178,-8,20199,"-335,817","-2,000",0,"{""upper"": 210.15, ""middle"": 162.32, ""lower"": 114.5}","{""upper"": 210.15, ""middle"": 162.32, ""lower"": 114.5}","{""upper"": 210.15, ""middle"": 162.32, ""lower"": 114.5}","{""cdp"": 190.88, ""ah"": 215.38, ""nh"": 198.25, ""nl"": 173.75, ""al"": 166.38}","{""ma5"": 189.7, ""ma10"": 183.75, ""ma20"": 162.32, ""ma25"": 159.24, ""ma60"": 163.73}","{""current_price"": 178.0, ""pb_high"": 250.71, ""pb_mid_high"": 188.03, ""pb_fair"": 125.36, ""pb_mid_low"": 100.28, ""pb_low"": 62.68}",62.68,"{""current_price"": 178.0, ""pe_high"": 245.6, ""pe_mid_high"": 196.48, ""pe_fair"": 163.73, ""pe_mid_low"": 130.99, ""pe_low"": 98.24}",207.33,"{""line1"": 197.08, ""line2"": 183.42, ""line3"": 161.64, ""line4"": 143.61, ""line5"": 123.51}","{""pdi"": 37.64, ""mdi"": 5.31, ""adx"": 75.27}","{""k"": 54.35, ""d"": 70.92, ""j"": 21.23}","{""dif"": 9.6, ""dea"": 6.54, ""dem"": 6.54, ""osc"": 6.12, ""mac"": 6.12}","{""rsi6"": 47.14, ""rsi12"": 74.3, ""rsi24"": 55.39}","{""current"": 18539197.0, ""ma5"": 19513509.0, ""ma10"": 20906544.0, ""vol60"": 14347537.0, ""vol120"": 14381738.0}","{""ma25"": 159.24, ""ma25_slope"": 0.76, ""vol5"": 19513509.0, ""vol60"": 14347537.0, ""vol120"": 14381738.0, ""vol_ratio_5_60"": 1.3601, ""low_vs_ma25_pct"": 9.583, ""close_vs_ma25_pct"": 11.781, ""body_size"": 12.0, ""upper_shadow"": 9.5, ""lower_shadow"": 3.5, ""pullback_count_25ma"": 5, ""first_pullback_flag"": 0, ""hard_filter_pass"": 1, ""pattern_type"": ""none"", ""score"": 50.0}",-337817,-335817,-2000,"{""ema12"": 177.45, ""ema26"": 168.61, ""ema50"": 158.95}",108.22,0.5892,0.6639,178.2,"{""bias5"": -6.17, ""bias10"": -3.13, ""bias20"": 9.66}",142.46,41.51,-1179.9324,"{""k"": 54.35, ""d"": 70.92}",43.5,868.34,9421578,58.33,1041.63,32.34,66.67,37606272,101.52,182.5,-33.52,,,,,,,,,,,,,-337817,337817,-337817,,,-3,0.8
20260819,2464,盟立,16897448,3092181962,172,190,172,181.5,3.5,17444,"1,778,395",0,0,"{""upper"": 212.07, ""middle"": 163.85, ""lower"": 115.63}","{""upper"": 212.07, ""middle"": 163.85, ""lower"": 115.63}","{""upper"": 212.07, ""middle"": 163.85, ""lower"": 115.63}","{""cdp"": 182.5, ""ah"": 207.5, ""nh"": 190.5, ""nl"": 165.5, ""al"": 157.5}","{""ma5"": 186.7, ""ma10"": 184.9, ""ma20"": 163.85, ""ma25"": 160.12, ""ma60"": 164.36}","{""current_price"": 181.5, ""pb_high"": 252.55, ""pb_mid_high"": 189.41, ""pb_fair"": 126.28, ""pb_mid_low"": 101.02, ""pb_low"": 63.14}",63.14,"{""current_price"": 181.5, ""pe_high"": 246.54, ""pe_mid_high"": 197.23, ""pe_fair"": 164.36, ""pe_mid_low"": 131.49, ""pe_low"": 98.61}",207.28,"{""line1"": 198.53, ""line2"": 183.33, ""line3"": 162.36, ""line4"": 145.33, ""line5"": 124.99}","{""pdi"": 36.93, ""mdi"": 6.42, ""adx"": 70.37}","{""k"": 45.03, ""d"": 62.29, ""j"": 10.52}","{""dif"": 9.2, ""dea"": 7.07, ""dem"": 7.07, ""osc"": 4.26, ""mac"": 4.26}","{""rsi6"": 40.32, ""rsi12"": 71.25, ""rsi24"": 56.94}","{""current"": 16897448.0, ""ma5"": 17089344.0, ""ma10"": 20985046.0, ""vol60"": 14002970.0, ""vol120"": 14478338.0}","{""ma25"": 160.12, ""ma25_slope"": 0.88, ""vol5"": 17089344.0, ""vol60"": 14002970.0, ""vol120"": 14478338.0, ""vol_ratio_5_60"": 1.2204, ""low_vs_ma25_pct"": 7.4194, ""close_vs_ma25_pct"": 13.3525, ""body_size"": 9.5, ""upper_shadow"": 8.5, ""lower_shadow"": 0.0, ""pullback_count_25ma"": 5, ""first_pullback_flag"": 0, ""hard_filter_pass"": 1, ""pattern_type"": ""none"", ""score"": 50.0}",1778395,1778395,0,"{""ema12"": 177.81, ""ema26"": 169.47, ""ema50"": 159.82}",130.69,0.5886,0.683,178.04,"{""bias5"": -2.79, ""bias10"": -1.84, ""bias20"": 10.77}",158.15,22.75,-639.1498,"{""k"": 45.03, ""d"": 62.29}",34,868.34,35344750,58.33,1012.03,23.05,70.56,47568272,120.09,181.25,-34.64,,,,,,,,,,,,,1778395,-1778395,1778395,,,-1,0.8
20260821,2464,盟立,5601206,996604811,181.5,181.5,173,179,-1.5,5866,"275,955","1,000",0,"{""upper"": 213.49, ""middle"": 165.38, ""lower"": 117.26}","{""upper"": 213.49, ""middle"": 165.38, ""lower"": 117.26}","{""upper"": 213.49, ""middle"": 165.38, ""lower"": 117.26}","{""cdp"": 181.25, ""ah"": 199.25, ""nh"": 190.5, ""nl"": 172.5, ""al"": 163.25}","{""ma5"": 183.3, ""ma10"": 185.0, ""ma20"": 165.38, ""ma25"": 160.98, ""ma60"": 164.71}","{""current_price"": 179.0, ""pb_high"": 254.32, ""pb_mid_high"": 190.74, ""pb_fair"": 127.16, ""pb_mid_low"": 101.73, ""pb_low"": 63.58}",63.58,"{""current_price"": 179.0, ""pe_high"": 247.06, ""pe_mid_high"": 197.65, ""pe_fair"": 164.71, ""pe_mid_low"": 131.77, ""pe_low"": 98.83}",207.28,"{""line1"": 199.83, ""line2"": 183.4, ""line3"": 162.89, ""line4"": 147.18, ""line5"": 126.66}","{""pdi"": 37.53, ""mdi"": 6.53, ""adx"": 70.37}","{""k"": 36.5, ""d"": 53.69, ""j"": 2.12}","{""dif"": 8.59, ""dea"": 7.38, ""dem"": 7.38, ""osc"": 2.42, ""mac"": 2.42}","{""rsi6"": 14.29, ""rsi12"": 62.5, ""rsi24"": 61.18}","{""current"": 5601206.0, ""ma5"": 14768871.0, ""ma10"": 18994058.0, ""vol60"": 13950849.0, ""vol120"": 14457814.0}","{""ma25"": 160.98, ""ma25_slope"": 0.86, ""vol5"": 14768871.0, ""vol60"": 13950849.0, ""vol120"": 14457814.0, ""vol_ratio_5_60"": 1.0586, ""low_vs_ma25_pct"": 7.4668, ""close_vs_ma25_pct"": 11.1939, ""body_size"": 2.5, ""upper_shadow"": 0.0, ""lower_shadow"": 6.0, ""pullback_count_25ma"": 5, ""first_pullback_flag"": 0, ""hard_filter_pass"": 1, ""pattern_type"": ""none"", ""score"": 50.0}",276955,275955,1000,"{""ema12"": 177.84, ""ema26"": 170.08, ""ema50"": 160.62}",129.29,0.5819,0.6416,177.45,"{""bias5"": -2.35, ""bias10"": -3.24, ""bias20"": 8.24}",147.35,-9.94,-569.0739,"{""k"": 36.5, ""d"": 53.69}",17,879.23,35104222,50,1026.16,10.49,67.78,45781735,112.24,178.12,-39.19,,,,,,,,,,,,,276955,-276955,276955,,,-1,0.8
20260824,2464,盟立,11959456,2232876444,177,191,175,187.5,8.5,12268,"1,336,938","180,000",0,"{""upper"": 215.64, ""middle"": 167.43, ""lower"": 119.21}","{""upper"": 215.64, ""middle"": 167.43, ""lower"": 119.21}","{""upper"": 215.64, ""middle"": 167.43, ""lower"": 119.21}","{""cdp"": 178.12, ""ah"": 186.62, ""nh"": 183.25, ""nl"": 174.75, ""al"": 169.62}","{""ma5"": 182.4, ""ma10"": 186.4, ""ma20"": 167.43, ""ma25"": 162.76, ""ma60"": 164.94}","{""current_price"": 187.5, ""pb_high"": 256.23, ""pb_mid_high"": 192.17, ""pb_fair"": 128.11, ""pb_mid_low"": 102.49, ""pb_low"": 64.06}",64.06,"{""current_price"": 187.5, ""pe_high"": 247.41, ""pe_mid_high"": 197.93, ""pe_fair"": 164.94, ""pe_mid_low"": 131.95, ""pe_low"": 98.96}",172.72,"{""line1"": 201.4, ""line2"": 183.95, ""line3"": 163.29, ""line4"": 149.98, ""line5"": 129.13}","{""pdi"": 35.48, ""mdi"": 6.45, ""adx"": 69.23}","{""k"": 38.69, ""d"": 48.69, ""j"": 18.68}","{""dif"": 8.68, ""dea"": 7.64, ""dem"": 7.64, ""osc"": 2.09, ""mac"": 2.09}","{""rsi6"": 36.92, ""rsi12"": 62.77, ""rsi24"": 66.46}","{""current"": 11959456.0, ""ma5"": 15159861.0, ""ma10"": 17543066.0, ""vol60"": 13854882.0, ""vol120"": 14489497.0}","{""ma25"": 162.76, ""ma25_slope"": 1.78, ""vol5"": 15159861.0, ""vol60"": 13854882.0, ""vol120"": 14489497.0, ""vol_ratio_5_60"": 1.0942, ""low_vs_ma25_pct"": 7.5203, ""close_vs_ma25_pct"": 15.2003, ""body_size"": 10.5, ""upper_shadow"": 3.5, ""lower_shadow"": 2.0, ""pullback_count_25ma"": 5, ""first_pullback_flag"": 0, ""hard_filter_pass"": 1, ""pattern_type"": ""none"", ""score"": 50.0}",1516938,1336938,180000,"{""ema12"": 179.42, ""ema26"": 171.07, ""ema50"": 161.63}",143.33,0.576,0.7082,178.81,"{""bias5"": 2.8, ""bias10"": 0.59, ""bias20"": 11.99}",159.06,17.78,769.2658,"{""k"": 38.69, ""d"": 48.69}",17.5,862.76,39481071,50,1026.16,10.29,77.22,53823383,124.02,185.25,-33.61,,,,,,,,,,,,,1516938,-1516938,1516938,,,1,0.8
20260826,2464,盟立,10392650,1981151520,193,194,187.5,192,-1,11335,"-946,768","36,000",0,"{""upper"": 217.83, ""middle"": 169.9, ""lower"": 121.97}","{""upper"": 217.83, ""middle"": 169.9, ""lower"": 121.97}","{""upper"": 217.83, ""middle"": 169.9, ""lower"": 121.97}","{""cdp"": 185.25, ""ah"": 201.25, ""nh"": 195.5, ""nl"": 179.5, ""al"": 169.25}","{""ma5"": 183.6, ""ma10"": 187.6, ""ma20"": 169.9, ""ma25"": 165.06, ""ma60"": 165.19}","{""current_price"": 192.0, ""pb_high"": 258.24, ""pb_mid_high"": 193.68, ""pb_fair"": 129.12, ""pb_mid_low"": 103.3, ""pb_low"": 64.56}",64.56,"{""current_price"": 192.0, ""pe_high"": 247.79, ""pe_mid_high"": 198.23, ""pe_fair"": 165.19, ""pe_mid_low"": 132.15, ""pe_low"": 99.11}",172.55,"{""line1"": 202.55, ""line2"": 184.43, ""line3"": 163.35, ""line4"": 153.74, ""line5"": 132.82}","{""pdi"": 31.41, ""mdi"": 6.71, ""adx"": 64.78}","{""k"": 44.31, ""d"": 47.23, ""j"": 38.47}","{""dif"": 9.02, ""dea"": 7.91, ""dem"": 7.91, ""osc"": 2.21, ""mac"": 2.21}","{""rsi6"": 50.0, ""rsi12"": 60.77, ""rsi24"": 66.25}","{""current"": 10392650.0, ""ma5"": 12677991.0, ""ma10"": 16911638.0, ""vol60"": 13485836.0, ""vol120"": 14527484.0}","{""ma25"": 165.06, ""ma25_slope"": 2.3, ""vol5"": 12677991.0, ""vol60"": 13485836.0, ""vol120"": 14527484.0, ""vol_ratio_5_60"": 0.9401, ""low_vs_ma25_pct"": 13.5951, ""close_vs_ma25_pct"": 16.3213, ""body_size"": 1.0, ""upper_shadow"": 1.0, ""lower_shadow"": 4.5, ""pullback_count_25ma"": 4, ""first_pullback_flag"": 0, ""hard_filter_pass"": 0, ""pattern_type"": ""trap"", ""score"": 10.0}",-910768,-946768,36000,"{""ema12"": 181.56, ""ema26"": 172.65, ""ema50"": 162.82}",147.51,0.5642,0.7306,180.52,"{""bias5"": 4.58, ""bias10"": 2.35, ""bias20"": 13.01}",184.49,64.06,484.7176,"{""k"": 44.31, ""d"": 47.23}",14,862.76,35951396,50,959.86,7.87,82.22,47423498,138.43,191.38,-37.21,,,,,,,,,,,,,-910768,910768,-910768,,,3,0.8
20260827,2464,盟立,13229763,2760921993,194.5,211,194.5,211,19,10459,"2,683,337",0,0,"{""upper"": 221.53, ""middle"": 173.9, ""lower"": 126.27}","{""upper"": 221.53, ""middle"": 173.9, ""lower"": 126.27}","{""upper"": 221.53, ""middle"": 173.9, ""lower"": 126.27}","{""cdp"": 191.38, ""ah"": 197.88, ""nh"": 195.25, ""nl"": 188.75, ""al"": 184.88}","{""ma5"": 190.2, ""ma10"": 189.95, ""ma20"": 173.9, ""ma25"": 167.9, ""ma60"": 165.91}","{""current_price"": 211.0, ""pb_high"": 260.51, ""pb_mid_high"": 195.38, ""pb_fair"": 130.26, ""pb_mid_low"": 104.2, ""pb_low"": 65.13}",65.13,"{""current_price"": 211.0, ""pe_high"": 248.86, ""pe_mid_high"": 199.09, ""pe_fair"": 165.91, ""pe_mid_low"": 132.73, ""pe_low"": 99.55}",172.78,"{""line1"": 206.22, ""line2"": 186.48, ""line3"": 164.11, ""line4"": 157.47, ""line5"": 135.35}","{""pdi"": 32.08, ""mdi"": 6.56, ""adx"": 66.06}","{""k"": 62.87, ""d"": 52.44, ""j"": 83.73}","{""dif"": 10.7, ""dea"": 8.47, ""dem"": 8.47, ""osc"": 4.45, ""mac"": 4.45}","{""rsi6"": 77.17, ""rsi12"": 73.58, ""rsi24"": 67.86}","{""current"": 13229763.0, ""ma5"": 11616105.0, ""ma10"": 15564807.0, ""vol60"": 13411413.0, ""vol120"": 14515565.0}","{""ma25"": 167.9, ""ma25_slope"": 2.84, ""vol5"": 11616105.0, ""vol60"": 13411413.0, ""vol120"": 14515565.0, ""vol_ratio_5_60"": 0.8661, ""low_vs_ma25_pct"": 15.8428, ""close_vs_ma25_pct"": 25.67, ""body_size"": 16.5, ""upper_shadow"": 0.0, ""lower_shadow"": 0.0, ""pullback_count_25ma"": 4, ""first_pullback_flag"": 0, ""hard_filter_pass"": 0, ""pattern_type"": ""trap"", ""score"": 10.0}",2683337,2683337,0,"{""ema12"": 186.04, ""ema26"": 175.42, ""ema50"": 164.69}",174.06,0.5477,0.8895,185.63,"{""bias5"": 10.94, ""bias10"": 11.08, ""bias20"": 21.33}",221.72,168.86,1496.6254,"{""k"": 62.87, ""d"": 52.44}",37.5,785.07,58603528,58.33,962.87,21.61,100,64851881,155.67,206.88,0,,,,,,,,,,,,,2683337,-2683337,2683337,,,5,0.8
20260828,2464,盟立,25845387,5053398654,216.5,216.5,190,190,-21,24545,"-7,514,156",0,0,"{""upper"": 219.17, ""middle"": 177.25, ""lower"": 135.33}","{""upper"": 219.17, ""middle"": 177.25, ""lower"": 135.33}","{""upper"": 219.17, ""middle"": 177.25, ""lower"": 135.33}","{""cdp"": 206.88, ""ah"": 223.38, ""nh"": 219.25, ""nl"": 202.75, ""al"": 190.38}","{""ma5"": 191.9, ""ma10"": 189.3, ""ma20"": 177.25, ""ma25"": 169.46, ""ma60"": 166.0}","{""current_price"": 190.0, ""pb_high"": 262.44, ""pb_mid_high"": 196.83, ""pb_fair"": 131.22, ""pb_mid_low"": 104.98, ""pb_low"": 65.61}",65.61,"{""current_price"": 190.0, ""pe_high"": 249.0, ""pe_mid_high"": 199.2, ""pe_fair"": 166.0, ""pe_mid_low"": 132.8, ""pe_low"": 99.6}",173.87,"{""line1"": 208.09, ""line2"": 187.64, ""line3"": 164.69, ""line4"": 160.16, ""line5"": 137.65}","{""pdi"": 29.2, ""mdi"": 6.19, ""adx"": 65.0}","{""k"": 55.4, ""d"": 53.43, ""j"": 59.34}","{""dif"": 10.21, ""dea"": 8.82, ""dem"": 8.82, ""osc"": 2.79, ""mac"": 2.79}","{""rsi6"": 60.17, ""rsi12"": 55.32, ""rsi24"": 61.13}","{""current"": 25845387.0, ""ma5"": 13405692.0, ""ma10"": 15247518.0, ""vol60"": 13598773.0, ""vol120"": 14678407.0}","{""ma25"": 169.46, ""ma25_slope"": 1.56, ""vol5"": 13405692.0, ""vol60"": 13598773.0, ""vol120"": 14678407.0, ""vol_ratio_5_60"": 0.9858, ""low_vs_ma25_pct"": 12.1209, ""close_vs_ma25_pct"": 12.1209, ""body_size"": 26.5, ""upper_shadow"": 0.0, ""lower_shadow"": 0.0, ""pullback_count_25ma"": 4, ""first_pullback_flag"": 0, ""hard_filter_pass"": 0, ""pattern_type"": ""trap"", ""score"": 10.0}",-7514156,-7514156,0,"{""ema12"": 186.61, ""ema26"": 176.42, ""ema50"": 165.62}",143.01,0.473,0.6521,186.98,"{""bias5"": -0.99, ""bias10"": 0.37, ""bias20"": 7.19}",185.17,91.21,51.2664,"{""k"": 55.4, ""d"": 53.43}",10,871.84,27867439,50,950.8,5.56,72.96,45924482,126.89,196.62,-59.55,,,,,,,,,,,,,-7514156,7514156,-7514156,,,5,0.8
20260831,2464,盟立,15626012,2814059525,185,187,175,180,-10,11660,"100,083",0,0,"{""upper"": 213.68, ""middle"": 180.12, ""lower"": 146.57}","{""upper"": 213.68, ""middle"": 180.12, ""lower"": 146.57}","{""upper"": 213.68, ""middle"": 180.12, ""lower"": 146.57}","{""cdp"": 196.62, ""ah"": 223.12, ""nh"": 203.25, ""nl"": 176.75, ""al"": 170.12}","{""ma5"": 192.1, ""ma10"": 187.7, ""ma20"": 180.12, ""ma25"": 170.72, ""ma60"": 165.68}","{""current_price"": 180.0, ""pb_high"": 264.24, ""pb_mid_high"": 198.18, ""pb_fair"": 132.12, ""pb_mid_low"": 105.7, ""pb_low"": 66.06}",66.06,"{""current_price"": 180.0, ""pe_high"": 248.53, ""pe_mid_high"": 198.82, ""pe_fair"": 165.68, ""pe_mid_low"": 132.55, ""pe_low"": 99.41}",215.67,"{""line1"": 209.25, ""line2"": 188.32, ""line3"": 165.22, ""line4"": 161.83, ""line5"": 139.19}","{""pdi"": 28.51, ""mdi"": 12.72, ""adx"": 38.3}","{""k"": 42.92, ""d"": 49.93, ""j"": 28.92}","{""dif"": 8.92, ""dea"": 8.84, ""dem"": 8.84, ""osc"": 0.16, ""mac"": 0.16}","{""rsi6"": 48.85, ""rsi12"": 46.11, ""rsi24"": 58.61}","{""current"": 15626012.0, ""ma5"": 15410654.0, ""ma10"": 15089762.0, ""vol60"": 13472425.0, ""vol120"": 14742567.0}","{""ma25"": 170.72, ""ma25_slope"": 1.26, ""vol5"": 15410654.0, ""vol60"": 13472425.0, ""vol120"": 14742567.0, ""vol_ratio_5_60"": 1.1439, ""low_vs_ma25_pct"": 2.507, ""close_vs_ma25_pct"": 5.4358, ""body_size"": 5.0, ""upper_shadow"": 2.0, ""lower_shadow"": 5.0, ""pullback_count_25ma"": 3, ""first_pullback_flag"": 0, ""hard_filter_pass"": 1, ""pattern_type"": ""rush_volume"", ""score"": 50.0}",100083,100083,0,"{""ema12"": 185.52, ""ema26"": 176.82, ""ema50"": 166.19}",133.55,0.3726,0.4981,186.11,"{""bias5"": -6.3, ""bias10"": -4.1, ""bias20"": -0.07}",156.66,-79.98,-1708.6893,"{""k"": 42.92, ""d"": 49.93}",-7.5,791.58,16664594,41.67,1003.62,-4,57.06,24130201,111.25,180.5,-82.02,,,,,,,,,,,,,100083,-100083,100083,,,3,0.8
20260901,2464,盟立,10411363,1899182132,183.5,188,177,184.5,4.5,9334,"-1,720,038","332,000",0,"{""upper"": 208.86, ""middle"": 182.62, ""lower"": 156.39}","{""upper"": 208.86, ""middle"": 182.62, ""lower"": 156.39}","{""upper"": 208.86, ""middle"": 182.62, ""lower"": 156.39}","{""cdp"": 180.5, ""ah"": 192.5, ""nh"": 186.0, ""nl"": 174.0, ""al"": 168.5}","{""ma5"": 191.5, ""ma10"": 186.95, ""ma20"": 182.62, ""ma25"": 172.24, ""ma60"": 165.68}","{""current_price"": 184.5, ""pb_high"": 266.2, ""pb_mid_high"": 199.65, ""pb_fair"": 133.1, ""pb_mid_low"": 106.48, ""pb_low"": 66.55}",66.55,"{""current_price"": 184.5, ""pe_high"": 248.51, ""pe_mid_high"": 198.81, ""pe_fair"": 165.68, ""pe_mid_low"": 132.54, ""pe_low"": 99.41}",215.67,"{""line1"": 210.45, ""line2"": 189.23, ""line3"": 165.92, ""line4"": 162.89, ""line5"": 140.05}","{""pdi"": 28.7, ""mdi"": 12.8, ""adx"": 38.3}","{""k"": 37.98, ""d"": 45.95, ""j"": 22.05}","{""dif"": 8.16, ""dea"": 8.7, ""dem"": 8.7, ""osc"": -1.08, ""mac"": -1.08}","{""rsi6"": 54.07, ""rsi12"": 43.48, ""rsi24"": 60.77}","{""current"": 10411363.0, ""ma5"": 15101035.0, ""ma10"": 15130448.0, ""vol60"": 13350343.0, ""vol120"": 14787096.0}","{""ma25"": 172.24, ""ma25_slope"": 1.52, ""vol5"": 15101035.0, ""vol60"": 13350343.0, ""vol120"": 14787096.0, ""vol_ratio_5_60"": 1.1311, ""low_vs_ma25_pct"": 2.7636, ""close_vs_ma25_pct"": 7.118, ""body_size"": 1.0, ""upper_shadow"": 3.5, ""lower_shadow"": 6.5, ""pullback_count_25ma"": 3, ""first_pullback_flag"": 0, ""hard_filter_pass"": 1, ""pattern_type"": ""none"", ""score"": 50.0}",-1388038,-1720038,332000,"{""ema12"": 185.16, ""ema26"": 177.65, ""ema50"": 166.88}",134.98,0.2873,0.5357,184.32,"{""bias5"": -3.66, ""bias10"": -1.31, ""bias20"": 1.03}",164.24,-60.6,158.4807,"{""k"": 37.98, ""d"": 45.95}",-12,791.58,34517312,41.67,920.94,-6.11,61.21,34541564,120.01,183.5,-71.91,,,,,,,,,,,,,-1388038,1388038,-1388038,,,3,1.25
20260902,2464,盟立,27613956,5481249087,181.5,202,181.5,202,0,26051,"11,634,240",0,0,"{""upper"": 207.78, ""middle"": 187.35, ""lower"": 166.92}","{""upper"": 207.78, ""middle"": 187.35, ""lower"": 166.92}","{""upper"": 207.78, ""middle"": 187.35, ""lower"": 166.92}","{""cdp"": 196.88, ""ah"": 217.38, ""nh"": 212.25, ""nl"": 191.75, ""al"": 176.38}","{""ma5"": 191.7, ""ma10"": 190.95, ""ma20"": 187.35, ""ma25"": 177.46, ""ma60"": 166.65}","{""current_price"": 202.0, ""pb_high"": 270.67, ""pb_mid_high"": 203.0, ""pb_fair"": 135.33, ""pb_mid_low"": 108.27, ""pb_low"": 67.67}",67.67,"{""current_price"": 202.0, ""pe_high"": 249.98, ""pe_mid_high"": 199.98, ""pe_fair"": 166.65, ""pe_mid_low"": 133.32, ""pe_low"": 99.99}",175.83,"{""line1"": 215.11, ""line2"": 192.75, ""line3"": 168.04, ""line4"": 164.57, ""line5"": 140.31}","{""pdi"": 26.32, ""mdi"": 12.72, ""adx"": 34.83}","{""k"": 54.08, ""d"": 49.07, ""j"": 64.11}","{""dif"": 9.33, ""dea"": 8.86, ""dem"": 8.86, ""osc"": 0.95, ""mac"": 0.95}","{""rsi6"": 56.94, ""rsi12"": 54.76, ""rsi24"": 70.47}","{""current"": 27613956.0, ""ma5"": 21422135.0, ""ma10"": 16519120.0, ""vol60"": 13833711.0, ""vol120"": 15214101.0}","{""ma25"": 177.46, ""ma25_slope"": 2.84, ""vol5"": 21422135.0, ""vol60"": 13833711.0, ""vol120"": 15214101.0, ""vol_ratio_5_60"": 1.5485, ""low_vs_ma25_pct"": 2.2766, ""close_vs_ma25_pct"": 13.8285, ""body_size"": 20.5, ""upper_shadow"": 0.0, ""lower_shadow"": 0.0, ""pullback_count_25ma"": 2, ""first_pullback_flag"": 0, ""hard_filter_pass"": 1, ""pattern_type"": ""none"", ""score"": 50.0}",11634240,11634240,0,"{""ema12"": 189.81, ""ema26"": 181.15, ""ema50"": 169.61}",167.13,0.2181,0.8585,190.07,"{""bias5"": 5.37, ""bias10"": 5.79, ""bias20"": 7.82}",163.31,50.67,0,"{""k"": 54.08, ""d"": 49.07}",10,779.81,64201727,50,958.6,5.21,71.84,69288825,139.84,196.88,-32.58,,,,,,,,,,,,,11634240,-11634240,11634240,,,2,1.67
20260903,2464,盟立,17067426,3775967572,215,222,214,222,20,9338,"1,055,450",0,0,"{""upper"": 218.2, ""middle"": 190.95, ""lower"": 163.7}","{""upper"": 218.2, ""middle"": 190.95, ""lower"": 163.7}","{""upper"": 218.2, ""middle"": 190.95, ""lower"": 163.7}","{""cdp"": 220.0, ""ah"": 228.0, ""nh"": 226.0, ""nl"": 218.0, ""al"": 212.0}","{""ma5"": 202.1, ""ma10"": 197.0, ""ma20"": 190.95, ""ma25"": 182.22, ""ma60"": 167.93}","{""current_price"": 222.0, ""pb_high"": 273.64, ""pb_mid_high"": 205.23, ""pb_fair"": 136.82, ""pb_mid_low"": 109.46, ""pb_low"": 68.41}",68.41,"{""current_price"": 222.0, ""pe_high"": 251.9, ""pe_mid_high"": 201.52, ""pe_fair"": 167.93, ""pe_mid_low"": 134.35, ""pe_low"": 100.76}",175.94,"{""line1"": 221.54, ""line2"": 196.61, ""line3"": 170.35, ""line4"": 165.98, ""line5"": 139.31}","{""pdi"": 35.24, ""mdi"": 12.78, ""adx"": 46.79}","{""k"": 76.8, ""d"": 60.78, ""j"": 108.83}","{""dif"": 12.41, ""dea"": 9.82, ""dem"": 9.82, ""osc"": 5.17, ""mac"": 5.17}","{""rsi6"": 57.53, ""rsi12"": 65.13, ""rsi24"": 73.41}","{""current"": 17067426.0, ""ma5"": 17557237.0, ""ma10"": 15481464.0, ""vol60"": 13694367.0, ""vol120"": 15244910.0}","{""ma25"": 182.22, ""ma25_slope"": 3.96, ""vol5"": 17557237.0, ""vol60"": 13694367.0, ""vol120"": 15244910.0, ""vol_ratio_5_60"": 1.2821, ""low_vs_ma25_pct"": 17.4405, ""close_vs_ma25_pct"": 21.8308, ""body_size"": 7.0, ""upper_shadow"": 0.0, ""lower_shadow"": 1.0, ""pullback_count_25ma"": 2, ""first_pullback_flag"": 0, ""hard_filter_pass"": 1, ""pattern_type"": ""none"", ""score"": 50.0}",1055450,1055450,0,"{""ema12"": 197.58, ""ema26"": 185.66, ""ema50"": 172.41}",165,0.2854,1.0697,198.56,"{""bias5"": 9.85, ""bias10"": 12.69, ""bias20"": 16.26}",208.85,169.57,0,"{""k"": 76.8, ""d"": 60.78}",36,779.81,74333705,58.33,857.8,19.35,100,59697288,155.13,220,0,,,,,,,,,,,,,1055450,-1055450,1055450,,,2,3
20260904,2464,盟立,54753350,11658495126,223.5,224,203,211,-11,56325,"1,960","120,000",0,"{""upper"": 215.48, ""middle"": 190.4, ""lower"": 165.32}","{""upper"": 215.48, ""middle"": 190.4, ""lower"": 165.32}","{""upper"": 215.48, ""middle"": 190.4, ""lower"": 165.32}","{""cdp"": 220.0, ""ah"": 228.0, ""nh"": 226.0, ""nl"": 218.0, ""al"": 212.0}","{""ma5"": 199.9, ""ma10"": 195.9, ""ma20"": 190.4, ""ma25"": 181.78, ""ma60"": 167.75}","{""current_price"": 211.0, ""pb_high"": 273.46, ""pb_mid_high"": 205.09, ""pb_fair"": 136.73, ""pb_mid_low"": 109.38, ""pb_low"": 68.36}",68.36,"{""current_price"": 211.0, ""pe_high"": 251.62, ""pe_mid_high"": 201.3, ""pe_fair"": 167.75, ""pe_mid_low"": 134.2, ""pe_low"": 100.65}",175.98,"{""line1"": 220.31, ""line2"": 195.87, ""line3"": 170.04, ""line4"": 165.9, ""line5"": 139.78}","{""pdi"": 33.33, ""mdi"": 16.67, ""adx"": 33.33}","{""k"": 67.95, ""d"": 57.83, ""j"": 88.19}","{""dif"": 11.53, ""dea"": 9.65, ""dem"": 9.65, ""osc"": 3.77, ""mac"": 3.77}","{""rsi6"": 50.0, ""rsi12"": 59.62, ""rsi24"": 69.8}","{""current"": 54753350.0, ""ma5"": 25094421.0, ""ma10"": 19250057.0, ""vol60"": 14322466.0, ""vol120"": 15558959.0}","{""ma25"": 181.78, ""ma25_slope"": 3.52, ""vol5"": 25094421.0, ""vol60"": 14322466.0, ""vol120"": 15558959.0, ""vol_ratio_5_60"": 1.7521, ""low_vs_ma25_pct"": 11.6735, ""close_vs_ma25_pct"": 16.0744, ""body_size"": 12.5, ""upper_shadow"": 0.5, ""lower_shadow"": 8.0, ""pullback_count_25ma"": 2, ""first_pullback_flag"": 0, ""hard_filter_pass"": 1, ""pattern_type"": ""none"", ""score"": 50.0}",121960,1960,120000,"{""ema12"": 195.89, ""ema26"": 184.84, ""ema50"": 171.98}",140.75,0.2635,0.9107,196.84,"{""bias5"": 5.55, ""bias10"": 7.71, ""bias20"": 10.82}",193.97,136.78,-172.5922,"{""k"": 67.95, ""d"": 57.83}",25,820.46,19580355,58.33,857.8,13.44,75.47,-12123488,116.91,212.25,-25,,,,,,,,,,,,,121960,-121960,121960,,,1,2
20260907,2464,盟立,16856438,3460807159,213,213,202.5,203,-8,21713,"-3,790,164","64,000",0,"{""upper"": 217.1, ""middle"": 193.12, ""lower"": 169.15}","{""upper"": 217.1, ""middle"": 193.12, ""lower"": 169.15}","{""upper"": 217.1, ""middle"": 193.12, ""lower"": 169.15}","{""cdp"": 205.38, ""ah"": 215.88, ""nh"": 208.25, ""nl"": 197.75, ""al"": 194.88}","{""ma5"": 208.2, ""ma10"": 199.85, ""ma20"": 193.12, ""ma25"": 187.74, ""ma60"": 169.54}","{""current_price"": 203.0, ""pb_high"": 277.95, ""pb_mid_high"": 208.46, ""pb_fair"": 138.97, ""pb_mid_low"": 111.18, ""pb_low"": 69.49}",69.49,"{""current_price"": 203.0, ""pe_high"": 254.31, ""pe_mid_high"": 203.45, ""pe_fair"": 169.54, ""pe_mid_low"": 135.63, ""pe_low"": 101.72}",182.35,"{""line1"": 223.83, ""line2"": 197.87, ""line3"": 172.51, ""line4"": 167.16, ""line5"": 140.15}","{""pdi"": 30.7, ""mdi"": 16.67, ""adx"": 29.63}","{""k"": 61.95, ""d"": 60.65, ""j"": 64.54}","{""dif"": 10.88, ""dea"": 10.15, ""dem"": 10.15, ""osc"": 1.46, ""mac"": 1.46}","{""rsi6"": 68.85, ""rsi12"": 58.5, ""rsi24"": 63.44}","{""current"": 16856438.0, ""ma5"": 26629522.0, ""ma10"": 20865278.0, ""vol60"": 14519257.0, ""vol120"": 15804481.0}","{""ma25"": 187.74, ""ma25_slope"": 2.74, ""vol5"": 26629522.0, ""vol60"": 14519257.0, ""vol120"": 15804481.0, ""vol_ratio_5_60"": 1.8341, ""low_vs_ma25_pct"": 7.8619, ""close_vs_ma25_pct"": 8.1283, ""body_size"": 10.0, ""upper_shadow"": 0.0, ""lower_shadow"": 0.5, ""pullback_count_25ma"": 2, ""first_pullback_flag"": 0, ""hard_filter_pass"": 1, ""pattern_type"": ""none"", ""score"": 50.0}",-3726164,-3790164,64000,"{""ema12"": 198.37, ""ema26"": 187.43, ""ema50"": 174.41}",125.76,0.2483,0.7059,199.1,"{""bias5"": -2.5, ""bias10"": 1.58, ""bias20"": 5.11}",204.15,66.12,0,"{""k"": 61.95, ""d"": 60.65}",21.5,787.31,10456394,50,891.61,11.85,59.62,-44878063,114.29,205.38,-40.38,,,,,,,,,,,,,-3726164,3726164,-3726164,,,0,1
20260908,2464,盟立,16615042,3326072619,206,210,192,194.5,-8.5,16709,"-2,711,220","66,000",0,"{""upper"": 216.26, ""middle"": 192.7, ""lower"": 169.14}","{""upper"": 216.26, ""middle"": 192.7, ""lower"": 169.14}","{""upper"": 216.26, ""middle"": 192.7, ""lower"": 169.14}","{""cdp"": 205.38, ""ah"": 215.88, ""nh"": 208.25, ""nl"": 197.75, ""al"": 194.88}","{""ma5"": 206.5, ""ma10"": 199.0, ""ma20"": 192.7, ""ma25"": 187.4, ""ma60"": 169.4}","{""current_price"": 194.5, ""pb_high"": 277.81, ""pb_mid_high"": 208.36, ""pb_fair"": 138.9, ""pb_mid_low"": 111.12, ""pb_low"": 69.45}",69.45,"{""current_price"": 194.5, ""pe_high"": 254.1, ""pe_mid_high"": 203.28, ""pe_fair"": 169.4, ""pe_mid_low"": 135.52, ""pe_low"": 101.64}",223.15,"{""line1"": 223.24, ""line2"": 197.48, ""line3"": 172.28, ""line4"": 166.92, ""line5"": 140.14}","{""pdi"": 29.72, ""mdi"": 20.59, ""adx"": 18.14}","{""k"": 56.16, ""d"": 58.72, ""j"": 51.05}","{""dif"": 10.2, ""dea"": 10.01, ""dem"": 10.01, ""osc"": 0.37, ""mac"": 0.37}","{""rsi6"": 60.43, ""rsi12"": 54.81, ""rsi24"": 60.93}","{""current"": 16615042.0, ""ma5"": 26581242.0, ""ma10"": 20841139.0, ""vol60"": 14515234.0, ""vol120"": 15802470.0}","{""ma25"": 187.4, ""ma25_slope"": 2.4, ""vol5"": 26581242.0, ""vol60"": 14515234.0, ""vol120"": 15802470.0, ""vol_ratio_5_60"": 1.8313, ""low_vs_ma25_pct"": 2.4546, ""close_vs_ma25_pct"": 3.7887, ""body_size"": 11.5, ""upper_shadow"": 4.0, ""lower_shadow"": 2.5, ""pullback_count_25ma"": 2, ""first_pullback_flag"": 0, ""hard_filter_pass"": 1, ""pattern_type"": ""none"", ""score"": 50.0}",-2645220,-2711220,66000,"{""ema12"": 197.06, ""ema26"": 186.8, ""ema50"": 174.08}",125.52,0.2445,0.5382,197.78,"{""bias5"": -5.81, ""bias10"": -2.26, ""bias20"": 0.93}",187.06,27.99,-731.2651,"{""k"": 56.16, ""d"": 58.72}",13,787.31,-6158648,50,930.57,7.16,43.27,-44636667,106.56,197.75,-56.73,,,,,,,,,,,,,-2645220,2645220,-2645220,,,-1,0.8
20260909,2464,盟立,7665316,1497588360,194.5,198,192,197.5,3,8071,"-1,220,996","70,000",0,"{""upper"": 216.48, ""middle"": 193.57, ""lower"": 170.67}","{""upper"": 216.48, ""middle"": 193.57, ""lower"": 170.67}","{""upper"": 216.48, ""middle"": 193.57, ""lower"": 170.67}","{""cdp"": 197.75, ""ah"": 215.75, ""nh"": 203.5, ""nl"": 185.5, ""al"": 179.75}","{""ma5"": 205.6, ""ma10"": 199.55, ""ma20"": 193.57, ""ma25"": 189.4, ""ma60"": 170.26}","{""current_price"": 197.5, ""pb_high"": 279.96, ""pb_mid_high"": 209.97, ""pb_fair"": 139.98, ""pb_mid_low"": 111.98, ""pb_low"": 69.99}",69.99,"{""current_price"": 197.5, ""pe_high"": 255.39, ""pe_mid_high"": 204.31, ""pe_fair"": 170.26, ""pe_mid_low"": 136.21, ""pe_low"": 102.15}",223.36,"{""line1"": 223.48, ""line2"": 197.79, ""line3"": 173.79, ""line4"": 167.13, ""line5"": 140.52}","{""pdi"": 32.33, ""mdi"": 18.24, ""adx"": 27.85}","{""k"": 52.75, ""d"": 56.73, ""j"": 44.78}","{""dif"": 9.51, ""dea"": 9.91, ""dem"": 9.91, ""osc"": -0.81, ""mac"": -0.81}","{""rsi6"": 59.56, ""rsi12"": 56.83, ""rsi24"": 58.72}","{""current"": 7665316.0, ""ma5"": 22591514.0, ""ma10"": 20568405.0, ""vol60"": 14398676.0, ""vol120"": 15850568.0}","{""ma25"": 189.4, ""ma25_slope"": 2.0, ""vol5"": 22591514.0, ""vol60"": 14398676.0, ""vol120"": 15850568.0, ""vol_ratio_5_60"": 1.569, ""low_vs_ma25_pct"": 1.3728, ""close_vs_ma25_pct"": 4.2767, ""body_size"": 3.0, ""upper_shadow"": 0.5, ""lower_shadow"": 2.5, ""pullback_count_25ma"": 1, ""first_pullback_flag"": 1, ""hard_filter_pass"": 1, ""pattern_type"": ""none"", ""score"": 60.0}",-1150996,-1220996,70000,"{""ema12"": 197.28, ""ema26"": 187.64, ""ema50"": 175.09}",127.98,0.2366,0.5857,197.95,"{""bias5"": -3.94, ""bias10"": -1.03, ""bias20"": 2.03}",178.01,5.03,-469.648,"{""k"": 52.75, ""d"": 56.73}",18.5,723.77,5499433,58.33,916.44,10.34,49.04,-53678278,108.44,196.25,-50.96,,,,,,,,,,,,,-1150996,1150996,-1150996,,,-1,0.8
20260910,2464,盟立,14845378,2918926019,199,204.5,191.5,193.5,-4,13004,"-1,308,762","50,000",0,"{""upper"": 216.61, ""middle"": 193.88, ""lower"": 171.14}","{""upper"": 216.61, ""middle"": 193.88, ""lower"": 171.14}","{""upper"": 216.61, ""middle"": 193.88, ""lower"": 171.14}","{""cdp"": 196.25, ""ah"": 202.25, ""nh"": 200.5, ""nl"": 194.5, ""al"": 190.25}","{""ma5"": 199.9, ""ma10"": 197.8, ""ma20"": 193.88, ""ma25"": 190.66, ""ma60"": 171.12}","{""current_price"": 193.5, ""pb_high"": 282.0, ""pb_mid_high"": 211.5, ""pb_fair"": 141.0, ""pb_mid_low"": 112.8, ""pb_low"": 70.5}",70.5,"{""current_price"": 193.5, ""pe_high"": 256.68, ""pe_mid_high"": 205.34, ""pe_fair"": 171.12, ""pe_mid_low"": 136.89, ""pe_low"": 102.67}",223.35,"{""line1"": 222.43, ""line2"": 197.51, ""line3"": 175.43, ""line4"": 167.66, ""line5"": 141.7}","{""pdi"": 36.17, ""mdi"": 17.49, ""adx"": 34.8}","{""k"": 47.75, ""d"": 53.74, ""j"": 35.78}","{""dif"": 8.54, ""dea"": 9.64, ""dem"": 9.64, ""osc"": -2.19, ""mac"": -2.19}","{""rsi6"": 42.2, ""rsi12"": 52.29, ""rsi24"": 55.89}","{""current"": 14845378.0, ""ma5"": 22147105.0, ""ma10"": 20729967.0, ""vol60"": 14469837.0, ""vol120"": 15951446.0}","{""ma25"": 190.66, ""ma25_slope"": 1.26, ""vol5"": 22147105.0, ""vol60"": 14469837.0, ""vol120"": 15951446.0, ""vol_ratio_5_60"": 1.5306, ""low_vs_ma25_pct"": 0.4406, ""close_vs_ma25_pct"": 1.4896, ""body_size"": 5.5, ""upper_shadow"": 5.5, ""lower_shadow"": 2.0, ""pullback_count_25ma"": 2, ""first_pullback_flag"": 0, ""hard_filter_pass"": 1, ""pattern_type"": ""\u91cf\u7e2e\u56de\u6e2c"", ""score"": 90.0}",-1258762,-1308762,50000,"{""ema12"": 196.84, ""ema26"": 187.98, ""ema50"": 175.79}",118.57,0.2345,0.4918,197.17,"{""bias5"": -3.2, ""bias10"": -2.17, ""bias20"": -0.19}",167.55,2.49,262.708,"{""k"": 47.75, ""d"": 53.74}",6,693.62,-5147325,50,916.44,3.2,41.35,-95221734,99.28,195.75,-59.8,,,,,,,,,,,,,-1258762,1258762,-1258762,,,-3,0.8
20260911,2464,盟立,10923447,2051620363,187,192,183,188.5,-5,10289,"794,004",0,0,"{""upper"": 215.98, ""middle"": 193.1, ""lower"": 170.22}","{""upper"": 215.98, ""middle"": 193.1, ""lower"": 170.22}","{""upper"": 215.98, ""middle"": 193.1, ""lower"": 170.22}","{""cdp"": 188.0, ""ah"": 197.0, ""nh"": 193.0, ""nl"": 184.0, ""al"": 179.0}","{""ma5"": 192.5, ""ma10"": 198.5, ""ma20"": 193.1, ""ma25"": 191.82, ""ma60"": 172.19}","{""current_price"": 188.5, ""pb_high"": 285.67, ""pb_mid_high"": 214.25, ""pb_fair"": 142.84, ""pb_mid_low"": 114.27, ""pb_low"": 71.42}",71.42,"{""current_price"": 188.5, ""pe_high"": 258.29, ""pe_mid_high"": 206.63, ""pe_fair"": 172.19, ""pe_mid_low"": 137.75, ""pe_low"": 103.31}",209.46,"{""line1"": 221.01, ""line2"": 197.14, ""line3"": 177.82, ""line4"": 168.53, ""line5"": 143.51}","{""pdi"": 32.45, ""mdi"": 22.03, ""adx"": 19.11}","{""k"": 32.15, ""d"": 43.49, ""j"": 9.48}","{""dif"": 6.22, ""dea"": 8.58, ""dem"": 8.58, ""osc"": -4.71, ""mac"": -4.71}","{""rsi6"": 10.53, ""rsi12"": 40.0, ""rsi24"": 53.91}","{""current"": 10923447.0, ""ma5"": 12194526.0, ""ma10"": 18767516.0, ""vol60"": 14615281.0, ""vol120"": 15839915.0}","{""ma25"": 191.82, ""ma25_slope"": 0.42, ""vol5"": 12194526.0, ""vol60"": 14615281.0, ""vol120"": 15839915.0, ""vol_ratio_5_60"": 0.8344, ""low_vs_ma25_pct"": -4.5981, ""close_vs_ma25_pct"": -1.7308, ""body_size"": 1.5, ""upper_shadow"": 3.5, ""lower_shadow"": 4.0, ""pullback_count_25ma"": 2, ""first_pullback_flag"": 0, ""hard_filter_pass"": 0, ""pattern_type"": ""trap\u9677\u9631"", ""score"": 0.0}",794004,794004,0,"{""ema12"": 194.52, ""ema26"": 187.9, ""ema50"": 177.0}",108.64,0.237,0.3995,193.31,"{""bias5"": -2.08, ""bias10"": -5.04, ""bias20"": -2.38}",136.94,-73.74,0,"{""k"": 32.15, ""d"": 43.49}",-22.5,693.62,-2984515,33.33,1028.7,-10.66,31.73,-85189542,83.59,188,-72.45,,,,,,,,,,,,,794004,-794004,794004,,,-2,0.6
20260914,2464,盟立,9893934,1765734466,184.5,184.5,175,175.5,-13,11212,"-1,419,948","-34,000",0,"{""upper"": 216.81, ""middle"": 191.62, ""lower"": 166.44}","{""upper"": 216.81, ""middle"": 191.62, ""lower"": 166.44}","{""upper"": 216.81, ""middle"": 191.62, ""lower"": 166.44}","{""cdp"": 177.62, ""ah"": 187.12, ""nh"": 180.25, ""nl"": 170.75, ""al"": 168.12}","{""ma5"": 186.1, ""ma10"": 196.3, ""ma20"": 191.62, ""ma25"": 191.38, ""ma60"": 171.91}","{""current_price"": 175.5, ""pb_high"": 287.06, ""pb_mid_high"": 215.29, ""pb_fair"": 143.53, ""pb_mid_low"": 114.82, ""pb_low"": 71.76}",71.76,"{""current_price"": 175.5, ""pe_high"": 257.86, ""pe_mid_high"": 206.29, ""pe_fair"": 171.91, ""pe_mid_low"": 137.53, ""pe_low"": 103.14}",203.91,"{""line1"": 219.61, ""line2"": 196.47, ""line3"": 178.21, ""line4"": 168.22, ""line5"": 143.74}","{""pdi"": 29.91, ""mdi"": 25.0, ""adx"": 8.94}","{""k"": 18.34, ""d"": 33.96, ""j"": -12.9}","{""dif"": 3.48, ""dea"": 7.39, ""dem"": 7.39, ""osc"": -7.83, ""mac"": -7.83}","{""rsi6"": 8.96, ""rsi12"": 43.06, ""rsi24"": 48.87}","{""current"": 9893934.0, ""ma5"": 10644402.0, ""ma10"": 18612822.0, ""vol60"": 14708423.0, ""vol120"": 15747795.0}","{""ma25"": 191.38, ""ma25_slope"": 0.08, ""vol5"": 10644402.0, ""vol60"": 14708423.0, ""vol120"": 15747795.0, ""vol_ratio_5_60"": 0.7237, ""low_vs_ma25_pct"": -8.5589, ""close_vs_ma25_pct"": -8.2976, ""body_size"": 9.0, ""upper_shadow"": 0.0, ""lower_shadow"": 0.5, ""pullback_count_25ma"": 2, ""first_pullback_flag"": 0, ""hard_filter_pass"": 0, ""pattern_type"": ""trap\u9677\u9631"", ""score"": 0.0}",-1453948,-1419948,-34000,"{""ema12"": 190.04, ""ema26"": 186.33, ""ema50"": 176.44}",91.49,0.2629,0.1799,188.29,"{""bias5"": -5.7, ""bias10"": -10.6, ""bias20"": -8.41}",125.43,-115.23,0,"{""k"": 18.34, ""d"": 33.96}",-14.5,760.66,-16214027,33.33,1104.9,-7.63,6.73,-105896352,71.09,177.62,-98.98,,,,,,,,,,,,,-1453948,1453948,-1453948,,,-2,0.33
20260915,2464,盟立,6261941,1114739890,174,181.5,173,176,0.5,5963,"-634,203",0,0,"{""upper"": 216.77, ""middle"": 191.65, ""lower"": 166.53}","{""upper"": 216.77, ""middle"": 191.65, ""lower"": 166.53}","{""upper"": 216.77, ""middle"": 191.65, ""lower"": 166.53}","{""cdp"": 177.62, ""ah"": 187.12, ""nh"": 180.25, ""nl"": 170.75, ""al"": 168.12}","{""ma5"": 186.2, ""ma10"": 196.35, ""ma20"": 191.65, ""ma25"": 191.4, ""ma60"": 171.92}","{""current_price"": 176.0, ""pb_high"": 287.06, ""pb_mid_high"": 215.3, ""pb_fair"": 143.53, ""pb_mid_low"": 114.83, ""pb_low"": 71.77}",71.77,"{""current_price"": 176.0, ""pe_high"": 257.88, ""pe_mid_high"": 206.3, ""pe_fair"": 171.92, ""pe_mid_low"": 137.53, ""pe_low"": 103.15}",203.87,"{""line1"": 219.62, ""line2"": 196.48, ""line3"": 178.22, ""line4"": 168.25, ""line5"": 143.77}","{""pdi"": 30.05, ""mdi"": 26.06, ""adx"": 7.11}","{""k"": 19.96, ""d"": 34.5, ""j"": -9.12}","{""dif"": 3.52, ""dea"": 7.4, ""dem"": 7.4, ""osc"": -7.77, ""mac"": -7.77}","{""rsi6"": 10.29, ""rsi12"": 43.33, ""rsi24"": 48.99}","{""current"": 6261941.0, ""ma5"": 9918003.0, ""ma10"": 18249623.0, ""vol60"": 14647890.0, ""vol120"": 15717529.0}","{""ma25"": 191.4, ""ma25_slope"": 0.1, ""vol5"": 9918003.0, ""vol60"": 14647890.0, ""vol120"": 15717529.0, ""vol_ratio_5_60"": 0.6771, ""low_vs_ma25_pct"": -9.6134, ""close_vs_ma25_pct"": -8.046, ""body_size"": 2.0, ""upper_shadow"": 5.5, ""lower_shadow"": 1.0, ""pullback_count_25ma"": 2, ""first_pullback_flag"": 0, ""hard_filter_pass"": 0, ""pattern_type"": ""trap\u9677\u9631"", ""score"": 0.0}",-634203,-634203,0,"{""ema12"": 190.12, ""ema26"": 186.37, ""ema50"": 176.46}",99.73,0.2622,0.1885,188.36,"{""bias5"": -5.48, ""bias10"": -10.36, ""bias20"": -8.17}",122.32,-123.06,-339.3516,"{""k"": 19.96, ""d"": 34.5}",-14,760.66,-9952086,41.67,1101.76,-7.37,7.69,-89740477,72.91,176.62,-94.12,,,,,,,,,,,,,-634203,634203,-634203,,,-1,0.5
20260916,2464,盟立,7797549,1408578869,177,184.5,176,183,7,6790,"-395,429","9,000",0,"{""upper"": 216.6, ""middle"": 191.75, ""lower"": 166.9}","{""upper"": 216.6, ""middle"": 191.75, ""lower"": 166.9}","{""upper"": 216.6, ""middle"": 191.75, ""lower"": 166.9}","{""cdp"": 181.62, ""ah"": 190.12, ""nh"": 187.25, ""nl"": 178.75, ""al"": 173.12}","{""ma5"": 181.2, ""ma10"": 190.55, ""ma20"": 191.75, ""ma25"": 191.34, ""ma60"": 172.38}","{""current_price"": 183.0, ""pb_high"": 290.64, ""pb_mid_high"": 217.98, ""pb_fair"": 145.32, ""pb_mid_low"": 116.26, ""pb_low"": 72.66}",72.66,"{""current_price"": 183.0, ""pe_high"": 258.57, ""pe_mid_high"": 206.86, ""pe_fair"": 172.38, ""pe_mid_low"": 137.91, ""pe_low"": 103.43}",191.62,"{""line1"": 216.56, ""line2"": 196.01, ""line3"": 180.36, ""line4"": 169.95, ""line5"": 146.88}","{""pdi"": 24.12, ""mdi"": 30.08, ""adx"": 11.0}","{""k"": 21.56, ""d"": 26.93, ""j"": 10.83}","{""dif"": 2.08, ""dea"": 5.59, ""dem"": 5.59, ""osc"": -7.02, ""mac"": -7.02}","{""rsi6"": 25.42, ""rsi12"": 49.23, ""rsi24"": 46.44}","{""current"": 7797549.0, ""ma5"": 8534884.0, ""ma10"": 15340994.0, ""vol60"": 14011530.0, ""vol120"": 15752842.0}","{""ma25"": 191.34, ""ma25_slope"": -0.18, ""vol5"": 8534884.0, ""vol60"": 14011530.0, ""vol120"": 15752842.0, ""vol_ratio_5_60"": 0.6091, ""low_vs_ma25_pct"": -8.0171, ""close_vs_ma25_pct"": -4.3587, ""body_size"": 6.0, ""upper_shadow"": 1.5, ""lower_shadow"": 1.0, ""pullback_count_25ma"": 2, ""first_pullback_flag"": 0, ""hard_filter_pass"": 0, ""pattern_type"": ""trap\u9677\u9631"", ""score"": 0.0}",-386429,-395429,9000,"{""ema12"": 188.22, ""ema26"": 186.05, ""ema50"": 176.93}",103.37,0.2592,0.3239,187.29,"{""bias5"": 0.99, ""bias10"": -3.96, ""bias20"": -4.56}",116.29,-67.53,0,"{""k"": 21.56, ""d"": 26.93}",-1.5,843.16,-22635188,41.67,1101.76,-0.81,21.15,-32804183,77.61,181.62,-80.39,,,,,,,,,,,,,-386429,386429,-386429,,,0,0.6
20260917,2464,盟立,8382682,1518617496,183,186,178,179.5,-3.5,7484,"-1,298,066","11,000",0,"{""upper"": 216.71, ""middle"": 191.57, ""lower"": 166.44}","{""upper"": 216.71, ""middle"": 191.57, ""lower"": 166.44}","{""upper"": 216.71, ""middle"": 191.57, ""lower"": 166.44}","{""cdp"": 181.62, ""ah"": 190.12, ""nh"": 187.25, ""nl"": 178.75, ""al"": 173.12}","{""ma5"": 180.5, ""ma10"": 190.2, ""ma20"": 191.57, ""ma25"": 191.2, ""ma60"": 172.32}","{""current_price"": 179.5, ""pb_high"": 290.58, ""pb_mid_high"": 217.94, ""pb_fair"": 145.29, ""pb_mid_low"": 116.23, ""pb_low"": 72.64}",72.64,"{""current_price"": 179.5, ""pe_high"": 258.49, ""pe_mid_high"": 206.79, ""pe_fair"": 172.32, ""pe_mid_low"": 137.86, ""pe_low"": 103.39}",191.62,"{""line1"": 216.51, ""line2"": 195.94, ""line3"": 180.26, ""line4"": 169.76, ""line5"": 146.7}","{""pdi"": 25.0, ""mdi"": 30.16, ""adx"": 9.36}","{""k"": 18.65, ""d"": 25.96, ""j"": 4.02}","{""dif"": 1.8, ""dea"": 5.53, ""dem"": 5.53, ""osc"": -7.46, ""mac"": -7.46}","{""rsi6"": 22.73, ""rsi12"": 47.52, ""rsi24"": 45.6}","{""current"": 8382682.0, ""ma5"": 8651911.0, ""ma10"": 15399508.0, ""vol60"": 14021282.0, ""vol120"": 15757719.0}","{""ma25"": 191.2, ""ma25_slope"": -0.32, ""vol5"": 8651911.0, ""vol60"": 14021282.0, ""vol120"": 15757719.0, ""vol_ratio_5_60"": 0.6171, ""low_vs_ma25_pct"": -6.9038, ""close_vs_ma25_pct"": -6.1192, ""body_size"": 3.5, ""upper_shadow"": 3.0, ""lower_shadow"": 1.5, ""pullback_count_25ma"": 2, ""first_pullback_flag"": 0, ""hard_filter_pass"": 0, ""pattern_type"": ""trap\u9677\u9631"", ""score"": 0.0}",-1287066,-1298066,11000,"{""ema12"": 187.69, ""ema26"": 185.79, ""ema50"": 176.79}",98.63,0.2624,0.2598,186.74,"{""bias5"": -0.55, ""bias10"": -5.63, ""bias20"": -6.3}",118.47,-67.53,167.011,"{""k"": 18.65, ""d"": 25.96}",-5,859.6,-31017870,41.67,1101.76,-2.71,14.42,-48984414,74.63,180.75,-87.25,,,,,,,,,,,,,-1287066,1287066,-1287066,,,-1,0.5
20260918,2464,盟立,23685793,4591653627,183.5,197,179,197,17.5,16951,"4,138,089","8,000",0,"{""upper"": 217.15, ""middle"": 192.35, ""lower"": 167.55}","{""upper"": 217.15, ""middle"": 192.35, ""lower"": 167.55}","{""upper"": 217.15, ""middle"": 192.35, ""lower"": 167.55}","{""cdp"": 180.75, ""ah"": 188.75, ""nh"": 183.5, ""nl"": 175.5, ""al"": 172.75}","{""ma5"": 182.2, ""ma10"": 188.8, ""ma20"": 192.35, ""ma25"": 191.22, ""ma60"": 172.72}","{""current_price"": 197.0, ""pb_high"": 292.65, ""pb_mid_high"": 219.49, ""pb_fair"": 146.33, ""pb_mid_low"": 117.06, ""pb_low"": 73.16}",73.16,"{""current_price"": 197.0, ""pe_high"": 259.09, ""pe_mid_high"": 207.27, ""pe_fair"": 172.72, ""pe_mid_low"": 138.18, ""pe_low"": 103.63}",173.48,"{""line1"": 213.99, ""line2"": 194.98, ""line3"": 182.1, ""line4"": 171.7, ""line5"": 150.04}","{""pdi"": 30.48, ""mdi"": 21.66, ""adx"": 16.92}","{""k"": 34.05, ""d"": 28.66, ""j"": 44.84}","{""dif"": 2.45, ""dea"": 4.92, ""dem"": 4.92, ""osc"": -4.93, ""mac"": -4.93}","{""rsi6"": 53.76, ""rsi12"": 47.52, ""rsi24"": 50.24}","{""current"": 23685793.0, ""ma5"": 11204380.0, ""ma10"": 12292752.0, ""vol60"": 14028017.0, ""vol120"": 15923177.0}","{""ma25"": 191.22, ""ma25_slope"": 0.02, ""vol5"": 11204380.0, ""vol60"": 14028017.0, ""vol120"": 15923177.0, ""vol_ratio_5_60"": 0.7987, ""low_vs_ma25_pct"": -6.3905, ""close_vs_ma25_pct"": 3.0227, ""body_size"": 13.5, ""upper_shadow"": 0.0, ""lower_shadow"": 4.5, ""pullback_count_25ma"": 3, ""first_pullback_flag"": 0, ""hard_filter_pass"": 0, ""pattern_type"": ""trap\u9677\u9631"", ""score"": 10.0}",4146089,4138089,8000,"{""ema12"": 189.05, ""ema26"": 186.36, ""ema50"": 177.71}",96.99,0.2579,0.5937,188.55,"{""bias5"": 8.12, ""bias10"": 4.34, ""bias20"": 2.42}",121.74,-13.79,455.9695,"{""k"": 34.05, ""d"": 28.66}",-5,820.1,-23444510,41.67,1101.76,-2.48,47.06,-42196069,73.42,192.5,-52.94,,,,,,,,,,,,,4146089,-4146089,4146089,,,1,0.8
20260921,2464,盟立,9685560,1866493791,197,197,190,192.5,-4.5,12735,"-1,745,097","6,000",0,"{""upper"": 217.06, ""middle"": 193.03, ""lower"": 168.99}","{""upper"": 217.06, ""middle"": 193.03, ""lower"": 168.99}","{""upper"": 217.06, ""middle"": 193.03, ""lower"": 168.99}","{""cdp"": 192.5, ""ah"": 210.5, ""nh"": 206.0, ""nl"": 188.0, ""al"": 174.5}","{""ma5"": 185.6, ""ma10"": 187.75, ""ma20"": 193.03, ""ma25"": 191.08, ""ma60"": 173.07}","{""current_price"": 192.5, ""pb_high"": 294.66, ""pb_mid_high"": 221.0, ""pb_fair"": 147.33, ""pb_mid_low"": 117.87, ""pb_low"": 73.67}",73.67,"{""current_price"": 192.5, ""pe_high"": 259.6, ""pe_mid_high"": 207.68, ""pe_fair"": 173.07, ""pe_mid_low"": 138.45, ""pe_low"": 103.84}",173.48,"{""line1"": 209.52, ""line2"": 192.63, ""line3"": 184.03, ""line4"": 174.12, ""line5"": 154.84}","{""pdi"": 30.6, ""mdi"": 22.13, ""adx"": 16.06}","{""k"": 43.34, ""d"": 33.55, ""j"": 62.91}","{""dif"": 2.57, ""dea"": 4.45, ""dem"": 4.45, ""osc"": -3.75, ""mac"": -3.75}","{""rsi6"": 54.35, ""rsi12"": 32.75, ""rsi24"": 50.12}","{""current"": 9685560.0, ""ma5"": 11162705.0, ""ma10"": 11575664.0, ""vol60"": 13956420.0, ""vol120"": 15974646.0}","{""ma25"": 191.08, ""ma25_slope"": -0.14, ""vol5"": 11162705.0, ""vol60"": 13956420.0, ""vol120"": 15974646.0, ""vol_ratio_5_60"": 0.7998, ""low_vs_ma25_pct"": -0.5652, ""close_vs_ma25_pct"": 0.7431, ""body_size"": 4.5, ""upper_shadow"": 0.0, ""lower_shadow"": 2.5, ""pullback_count_25ma"": 4, ""first_pullback_flag"": 0, ""hard_filter_pass"": 0, ""pattern_type"": ""trap\u9677\u9631"", ""score"": 30.0}",-1739097,-1745097,6000,"{""ema12"": 189.47, ""ema26"": 186.67, ""ema50"": 178.39}",83.11,0.249,0.4891,188.9,"{""bias5"": 3.72, ""bias10"": 2.53, ""bias20"": -0.27}",108.45,-4.77,397.499,"{""k"": 43.34, ""d"": 33.55}",-29.5,799.37,-58641150,33.33,1127.52,-13.29,38.24,-46280423,59.39,193,-61.76,,,,,,,,,,,,,-1739097,1739097,-1739097,,,-1,0.8
20260922,2464,盟立,11046575,2149874025,195,201,190,190.5,-2,10346,"-1,900,409",0,0,"{""upper"": 217.11, ""middle"": 193.18, ""lower"": 169.24}","{""upper"": 217.11, ""middle"": 193.18, ""lower"": 169.24}","{""upper"": 217.11, ""middle"": 193.18, ""lower"": 169.24}","{""cdp"": 193.0, ""ah"": 200.0, ""nh"": 196.0, ""nl"": 189.0, ""al"": 186.0}","{""ma5"": 188.5, ""ma10"": 187.35, ""ma20"": 193.18, ""ma25"": 191.02, ""ma60"": 173.33}","{""current_price"": 190.5, ""pb_high"": 296.6, ""pb_mid_high"": 222.45, ""pb_fair"": 148.3, ""pb_mid_low"": 118.64, ""pb_low"": 74.15}",74.15,"{""current_price"": 190.5, ""pe_high"": 260.0, ""pe_mid_high"": 208.0, ""pe_fair"": 173.33, ""pe_mid_low"": 138.67, ""pe_low"": 104.0}",176.5,"{""line1"": 203.82, ""line2"": 189.74, ""line3"": 185.92, ""line4"": 176.01, ""line5"": 159.76}","{""pdi"": 26.51, ""mdi"": 23.34, ""adx"": 6.36}","{""k"": 47.41, ""d"": 38.17, ""j"": 65.89}","{""dif"": 2.48, ""dea"": 4.05, ""dem"": 4.05, ""osc"": -3.15, ""mac"": -3.15}","{""rsi6"": 71.43, ""rsi12"": 36.6, ""rsi24"": 51.09}","{""current"": 11046575.0, ""ma5"": 12119632.0, ""ma10"": 11018818.0, ""vol60"": 14020867.0, ""vol120"": 16045611.0}","{""ma25"": 191.02, ""ma25_slope"": -0.06, ""vol5"": 12119632.0, ""vol60"": 14020867.0, ""vol120"": 16045611.0, ""vol_ratio_5_60"": 0.8644, ""low_vs_ma25_pct"": -0.534, ""close_vs_ma25_pct"": -0.2722, ""body_size"": 4.5, ""upper_shadow"": 6.0, ""lower_shadow"": 0.5, ""pullback_count_25ma"": 4, ""first_pullback_flag"": 0, ""hard_filter_pass"": 0, ""pattern_type"": ""trap\u9677\u9631"", ""score"": 20.0}",-1900409,-1900409,0,"{""ema12"": 189.48, ""ema26"": 186.92, ""ema50"": 179.04}",85.41,0.2478,0.4441,190.06,"{""bias5"": 1.06, ""bias10"": 1.68, ""bias20"": -1.38}",112.25,0.5,199.1568,"{""k"": 47.41, ""d"": 38.17}",-20.5,807.76,-43218344,33.33,1169.76,-9.72,34.31,-69286454,60.85,193,-65.69,,,,,,,,,,,,,-1900409,1900409,-1900409,,,-3,0.5
20260923,2464,盟立,18569239,3585695466,192,200.5,186,195,4.5,15254,"173,894",0,0,"{""upper"": 217.26, ""middle"": 193.32, ""lower"": 169.39}","{""upper"": 217.26, ""middle"": 193.32, ""lower"": 169.39}","{""upper"": 217.26, ""middle"": 193.32, ""lower"": 169.39}","{""cdp"": 193.0, ""ah"": 204.0, ""nh"": 196.0, ""nl"": 185.0, ""al"": 182.0}","{""ma5"": 190.9, ""ma10"": 187.1, ""ma20"": 193.32, ""ma25"": 191.38, ""ma60"": 173.76}","{""current_price"": 195.0, ""pb_high"": 298.64, ""pb_mid_high"": 223.98, ""pb_fair"": 149.32, ""pb_mid_low"": 119.46, ""pb_low"": 74.66}",74.66,"{""current_price"": 195.0, ""pe_high"": 260.64, ""pe_mid_high"": 208.51, ""pe_fair"": 173.76, ""pe_mid_low"": 139.01, ""pe_low"": 104.25}",178.46,"{""line1"": 199.54, ""line2"": 187.75, ""line3"": 187.6, ""line4"": 178.75, ""line5"": 164.97}","{""pdi"": 15.48, ""mdi"": 26.49, ""adx"": 26.24}","{""k"": 57.8, ""d"": 44.71, ""j"": 83.97}","{""dif"": 2.74, ""dea"": 3.79, ""dem"": 3.79, ""osc"": -2.11, ""mac"": -2.11}","{""rsi6"": 74.36, ""rsi12"": 44.52, ""rsi24"": 54.19}","{""current"": 18569239.0, ""ma5"": 14273970.0, ""ma10"": 12109210.0, ""vol60"": 14193539.0, ""vol120"": 16173709.0}","{""ma25"": 191.38, ""ma25_slope"": 0.36, ""vol5"": 14273970.0, ""vol60"": 14193539.0, ""vol120"": 16173709.0, ""vol_ratio_5_60"": 1.0057, ""low_vs_ma25_pct"": -2.8112, ""close_vs_ma25_pct"": 1.8915, ""body_size"": 3.0, ""upper_shadow"": 5.5, ""lower_shadow"": 6.0, ""pullback_count_25ma"": 5, ""first_pullback_flag"": 0, ""hard_filter_pass"": 1, ""pattern_type"": ""\u885d\u91cf"", ""score"": 50.0}",173894,173894,0,"{""ema12"": 190.39, ""ema26"": 187.56, ""ema50"": 179.81}",90.11,0.2476,0.535,190.69,"{""bias5"": 2.15, ""bias10"": 4.22, ""bias20"": 0.87}",118.16,15.97,-175.6938,"{""k"": 57.8, ""d"": 44.71}",-8,822,-41356032,41.67,1169.76,-3.94,43.14,-40324565,71.06,194.12,-56.86,,,,,,,,,,,,,173894,-173894,173894,,,-3,0.8
20260924,2464,盟立,13517821,2641085387,196,200.5,192.5,195.5,0.5,12216,"-2,057,889",0,0,"{""upper"": 215.39, ""middle"": 192.82, ""lower"": 170.26}","{""upper"": 215.39, ""middle"": 192.82, ""lower"": 170.26}","{""upper"": 215.39, ""middle"": 192.82, ""lower"": 170.26}","{""cdp"": 196.0, ""ah"": 204.0, ""nh"": 199.5, ""nl"": 191.5, ""al"": 188.0}","{""ma5"": 193.8, ""ma10"": 188.0, ""ma20"": 192.82, ""ma25"": 192.64, ""ma60"": 175.02}","{""current_price"": 195.5, ""pb_high"": 302.78, ""pb_mid_high"": 227.08, ""pb_fair"": 151.39, ""pb_mid_low"": 121.11, ""pb_low"": 75.69}",75.69,"{""current_price"": 195.5, ""pe_high"": 262.53, ""pe_mid_high"": 210.02, ""pe_fair"": 175.02, ""pe_mid_low"": 140.01, ""pe_low"": 105.01}",186.3,"{""line1"": 195.69, ""line2"": 186.48, ""line3"": 189.86, ""line4"": 182.8, ""line5"": 171.6}","{""pdi"": 17.05, ""mdi"": 21.64, ""adx"": 11.86}","{""k"": 70.33, ""d"": 57.83, ""j"": 95.33}","{""dif"": 3.08, ""dea"": 3.51, ""dem"": 3.51, ""osc"": -0.87, ""mac"": -0.87}","{""rsi6"": 77.59, ""rsi12"": 48.39, ""rsi24"": 54.18}","{""current"": 13517821.0, ""ma5"": 13267403.0, ""ma10"": 12235892.0, ""vol60"": 14381717.0, ""vol120"": 16335819.0}","{""ma25"": 192.64, ""ma25_slope"": 0.56, ""vol5"": 13267403.0, ""vol60"": 14381717.0, ""vol120"": 16335819.0, ""vol_ratio_5_60"": 0.9225, ""low_vs_ma25_pct"": -0.0727, ""close_vs_ma25_pct"": 1.4846, ""body_size"": 0.5, ""upper_shadow"": 4.5, ""lower_shadow"": 3.0, ""pullback_count_25ma"": 7, ""first_pullback_flag"": 0, ""hard_filter_pass"": 0, ""pattern_type"": ""trap\u9677\u9631"", ""score"": 30.0}",-2057889,-2057889,0,"{""ema12"": 191.96, ""ema26"": 188.64, ""ema50"": 181.04}",95.15,0.2341,0.5593,192.84,"{""bias5"": 0.88, ""bias10"": 3.99, ""bias20"": 1.39}",116.98,63.59,0,"{""k"": 70.33, ""d"": 57.83}",-2,861.45,-83554562,41.67,1163.8,-1.01,44.12,-54744583,92.75,196,-39.19,,,,,,,,,,,,,-2057889,2057889,-2057889,,,0,1.67
20260929,2464,盟立,9138976,1789686548,194.5,200,192,192,-3.5,10297,"659,704",0,0,"{""upper"": 215.18, ""middle"": 192.65, ""lower"": 170.12}","{""upper"": 215.18, ""middle"": 192.65, ""lower"": 170.12}","{""upper"": 215.18, ""middle"": 192.65, ""lower"": 170.12}","{""cdp"": 196.0, ""ah"": 204.0, ""nh"": 199.5, ""nl"": 191.5, ""al"": 188.0}","{""ma5"": 193.1, ""ma10"": 187.65, ""ma20"": 192.65, ""ma25"": 192.5, ""ma60"": 174.96}","{""current_price"": 192.0, ""pb_high"": 302.72, ""pb_mid_high"": 227.04, ""pb_fair"": 151.36, ""pb_mid_low"": 121.09, ""pb_low"": 75.68}",75.68,"{""current_price"": 192.0, ""pe_high"": 262.44, ""pe_mid_high"": 209.95, ""pe_fair"": 174.96, ""pe_mid_low"": 139.97, ""pe_low"": 104.98}",200.7,"{""line1"": 195.58, ""line2"": 186.38, ""line3"": 189.76, ""line4"": 182.64, ""line5"": 171.48}","{""pdi"": 17.05, ""mdi"": 21.97, ""adx"": 12.61}","{""k"": 66.16, ""d"": 56.44, ""j"": 85.61}","{""dif"": 2.8, ""dea"": 3.46, ""dem"": 3.46, ""osc"": -1.32, ""mac"": -1.32}","{""rsi6"": 69.23, ""rsi12"": 45.8, ""rsi24"": 53.23}","{""current"": 9138976.0, ""ma5"": 12391634.0, ""ma10"": 11798007.0, ""vol60"": 14308736.0, ""vol120"": 16299329.0}","{""ma25"": 192.5, ""ma25_slope"": 0.42, ""vol5"": 12391634.0, ""vol60"": 14308736.0, ""vol120"": 16299329.0, ""vol_ratio_5_60"": 0.866, ""low_vs_ma25_pct"": -0.2597, ""close_vs_ma25_pct"": -0.2597, ""body_size"": 2.5, ""upper_shadow"": 5.5, ""lower_shadow"": 0.0, ""pullback_count_25ma"": 6, ""first_pullback_flag"": 0, ""hard_filter_pass"": 0, ""pattern_type"": ""trap\u9677\u9631"", ""score"": 20.0}",659704,659704,0,"{""ema12"": 191.42, ""ema26"": 188.38, ""ema50"": 180.91}",96.34,0.2339,0.4856,192.3,"{""bias5"": -0.57, ""bias10"": 2.32, ""bias20"": -0.34}",116.3,49.71,-43.7686,"{""k"": 66.16, ""d"": 56.44}",-5.5,861.45,-92693538,41.67,1185.01,-2.78,37.25,-50365738,88.46,194,-48.65,,,,,,,,,,,,,659704,-659704,659704,,,-1,1.25
20260930,2464,盟立,8431839,1634668497,194,197.5,191.5,192.5,0.5,7173,"729,060",0,0,"{""upper"": 215.05, ""middle"": 193.28, ""lower"": 171.5}","{""upper"": 215.05, ""middle"": 193.28, ""lower"": 171.5}","{""upper"": 215.05, ""middle"": 193.28, ""lower"": 171.5}","{""cdp"": 194.0, ""ah"": 202.0, ""nh"": 196.0, ""nl"": 188.0, ""al"": 186.0}","{""ma5"": 193.1, ""ma10"": 189.35, ""ma20"": 193.28, ""ma25"": 193.04, ""ma60"": 175.28}","{""current_price"": 192.5, ""pb_high"": 304.81, ""pb_mid_high"": 228.6, ""pb_fair"": 152.4, ""pb_mid_low"": 121.92, ""pb_low"": 76.2}",76.2,"{""current_price"": 192.5, ""pe_high"": 262.93, ""pe_mid_high"": 210.34, ""pe_fair"": 175.28, ""pe_mid_low"": 140.23, ""pe_low"": 105.17}",186.3,"{""line1"": 195.27, ""line2"": 186.45, ""line3"": 190.39, ""line4"": 182.62, ""line5"": 171.96}","{""pdi"": 18.51, ""mdi"": 16.73, ""adx"": 5.05}","{""k"": 66.11, ""d"": 59.66, ""j"": 79.0}","{""dif"": 2.69, ""dea"": 3.3, ""dem"": 3.3, ""osc"": -1.23, ""mac"": -1.23}","{""rsi6"": 35.48, ""rsi12"": 49.19, ""rsi24"": 51.3}","{""current"": 8431839.0, ""ma5"": 12140890.0, ""ma10"": 11651798.0, ""vol60"": 14255137.0, ""vol120"": 16345920.0}","{""ma25"": 193.04, ""ma25_slope"": 0.54, ""vol5"": 12140890.0, ""vol60"": 14255137.0, ""vol120"": 16345920.0, ""vol_ratio_5_60"": 0.8517, ""low_vs_ma25_pct"": -0.7978, ""close_vs_ma25_pct"": -0.2797, ""body_size"": 1.5, ""upper_shadow"": 3.5, ""lower_shadow"": 1.0, ""pullback_count_25ma"": 6, ""first_pullback_flag"": 0, ""hard_filter_pass"": 0, ""pattern_type"": ""trap\u9677\u9631"", ""score"": 20.0}",729060,729060,0,"{""ema12"": 191.67, ""ema26"": 188.7, ""ema50"": 181.31}",86.19,0.2253,0.4822,191.93,"{""bias5"": -0.31, ""bias10"": 1.66, ""bias20"": -0.4}",116.23,46.58,-106.7383,"{""k"": 66.11, ""d"": 59.66}",-1,861.45,-67058128,50,1157.81,-0.52,38.24,-43171565,84.41,193.5,-38.1,,,,,,,,,,,,,729060,-729060,729060,,,-1,1.25
20261001,2464,盟立,8277531,1591240393,193.5,195.5,189.5,193.5,1,8080,"700,633","79,000",0,"{""upper"": 214.36, ""middle"": 193.3, ""lower"": 172.24}","{""upper"": 214.36, ""middle"": 193.3, ""lower"": 172.24}","{""upper"": 214.36, ""middle"": 193.3, ""lower"": 172.24}","{""cdp"": 193.0, ""ah"": 199.0, ""nh"": 196.5, ""nl"": 190.5, ""al"": 187.0}","{""ma5"": 193.4, ""ma10"": 192.15, ""ma20"": 193.3, ""ma25"": 193.34, ""ma60"": 175.51}","{""current_price"": 193.5, ""pb_high"": 309.01, ""pb_mid_high"": 231.76, ""pb_fair"": 154.51, ""pb_mid_low"": 123.6, ""pb_low"": 77.25}",77.25,"{""current_price"": 193.5, ""pe_high"": 263.26, ""pe_mid_high"": 210.61, ""pe_fair"": 175.51, ""pe_mid_low"": 140.41, ""pe_low"": 105.3}",200.28,"{""line1"": 195.08, ""line2"": 186.98, ""line3"": 191.38, ""line4"": 180.67, ""line5"": 170.62}","{""pdi"": 14.61, ""mdi"": 19.1, ""adx"": 13.33}","{""k"": 66.33, ""d"": 63.41, ""j"": 72.16}","{""dif"": 2.6, ""dea"": 3.06, ""dem"": 3.06, ""osc"": -0.92, ""mac"": -0.92}","{""rsi6"": 65.0, ""rsi12"": 70.0, ""rsi24"": 44.87}","{""current"": 8277531.0, ""ma5"": 9528740.0, ""ma10"": 11901355.0, ""vol60"": 12896686.0, ""vol120"": 16454090.0}","{""ma25"": 193.34, ""ma25_slope"": 0.06, ""vol5"": 9528740.0, ""vol60"": 12896686.0, ""vol120"": 16454090.0, ""vol_ratio_5_60"": 0.7389, ""low_vs_ma25_pct"": -1.9861, ""close_vs_ma25_pct"": 0.0828, ""body_size"": 0.0, ""upper_shadow"": 2.0, ""lower_shadow"": 4.0, ""pullback_count_25ma"": 8, ""first_pullback_flag"": 0, ""hard_filter_pass"": 0, ""pattern_type"": ""trap\u9677\u9631"", ""score"": 30.0}",779633,700633,79000,"{""ema12"": 192.1, ""ema26"": 189.08, ""ema50"": 182.21}",81.4,0.2179,0.5047,192.37,"{""bias5"": 0.05, ""bias10"": 0.7, ""bias20"": 0.1}",115.82,43.25,0,"{""k"": 66.33, ""d"": 63.41}",18,834.53,-25974093,58.33,1102.29,10.26,40.2,-81196884,85.23,193,-26.79,,,,,,,,,,,,,779633,-779633,779633,,,-2,1.67
20261002,2464,盟立,11541972,2233866594,194.5,199,190.5,195.5,2,12094,"-2,484,864",0,0,"{""upper"": 214.48, ""middle"": 193.4, ""lower"": 172.32}","{""upper"": 214.48, ""middle"": 193.4, ""lower"": 172.32}","{""upper"": 214.48, ""middle"": 193.4, ""lower"": 172.32}","{""cdp"": 193.0, ""ah"": 199.0, ""nh"": 196.5, ""nl"": 190.5, ""al"": 187.0}","{""ma5"": 193.8, ""ma10"": 192.35, ""ma20"": 193.4, ""ma25"": 193.42, ""ma60"": 175.54}","{""current_price"": 195.5, ""pb_high"": 309.05, ""pb_mid_high"": 231.78, ""pb_fair"": 154.52, ""pb_mid_low"": 123.62, ""pb_low"": 77.26}",77.26,"{""current_price"": 195.5, ""pe_high"": 263.31, ""pe_mid_high"": 210.65, ""pe_fair"": 175.54, ""pe_mid_low"": 140.43, ""pe_low"": 105.32}",200.28,"{""line1"": 195.15, ""line2"": 187.04, ""line3"": 191.43, ""line4"": 180.77, ""line5"": 170.7}","{""pdi"": 16.91, ""mdi"": 18.75, ""adx"": 5.15}","{""k"": 69.36, ""d"": 64.42, ""j"": 79.23}","{""dif"": 2.76, ""dea"": 3.09, ""dem"": 3.09, ""osc"": -0.67, ""mac"": -0.67}","{""rsi6"": 70.83, ""rsi12"": 71.28, ""rsi24"": 45.51}","{""current"": 11541972.0, ""ma5"": 10181628.0, ""ma10"": 12227799.0, ""vol60"": 12951093.0, ""vol120"": 16481294.0}","{""ma25"": 193.42, ""ma25_slope"": 0.14, ""vol5"": 10181628.0, ""vol60"": 12951093.0, ""vol120"": 16481294.0, ""vol_ratio_5_60"": 0.7862, ""low_vs_ma25_pct"": -1.5097, ""close_vs_ma25_pct"": 1.0754, ""body_size"": 1.0, ""upper_shadow"": 3.5, ""lower_shadow"": 4.0, ""pullback_count_25ma"": 8, ""first_pullback_flag"": 0, ""hard_filter_pass"": 0, ""pattern_type"": ""trap\u9677\u9631"", ""score"": 10.0}",-2484864,-2484864,0,"{""ema12"": 192.41, ""ema26"": 189.23, ""ema50"": 182.29}",82.93,0.218,0.5498,192.68,"{""bias5"": 0.88, ""bias10"": 1.64, ""bias20"": 1.09}",118.98,65.35,165.6996,"{""k"": 69.36, ""d"": 64.42}",20,826,-14432121,66.67,1102.29,11.4,44.12,-69654912,90.6,195.12,-19.64,,,,,,,,,,,,,-2484864,2484864,-2484864,,,-1,2
20260728,4583,台灣精銳,97003,53239626,578,578,541,541,-38,360,"13,000",0,0,"{""upper"": 632.66, ""middle"": 591.15, ""lower"": 549.64}","{""upper"": 632.66, ""middle"": 591.15, ""lower"": 549.64}","{""upper"": 632.66, ""middle"": 591.15, ""lower"": 549.64}","{""cdp"": 575.5, ""ah"": 597.5, ""nh"": 590.0, ""nl"": 568.0, ""al"": 553.5}","{""ma5"": 573.4, ""ma10"": 577.5, ""ma20"": 591.15, ""ma60"": 658.98}","{""current_price"": 541.0, ""pb_high"": 1351.13, ""pb_mid_high"": 1013.35, ""pb_fair"": 675.57, ""pb_mid_low"": 540.45, ""pb_low"": 337.78}",337.78,"{""current_price"": 541.0, ""pe_high"": 988.48, ""pe_mid_high"": 790.78, ""pe_fair"": 658.98, ""pe_mid_low"": 527.19, ""pe_low"": 395.39}",595.88,"{""line1"": 727.38, ""line2"": 676.24, ""line3"": 607.19, ""line4"": 563.15, ""line5"": 534.58}","{""pdi"": 3.16, ""mdi"": 30.26, ""adx"": 81.1}","{""k"": 33.36, ""d"": 41.42, ""j"": 17.24}","{""dif"": -19.36, ""dem"": -18.42, ""osc"": -1.89, ""mac"": -1.89}","{""rsi6"": 37.89, ""rsi12"": 29.56, ""rsi24"": 33.82}","{""current"": 97003.0, ""ma5"": 58404.0, ""ma10"": 54029.0}",,13000,13000,0,"{""ema12"": 578.88, ""ema26"": 599.29, ""ema50"": 625.32}",49.29,0.1404,-0.1041,577.9,"{""bias5"": -5.65, ""bias10"": -6.32, ""bias20"": -8.48}",67.59,-143.46,-476789.3776,"{""k"": 33.36, ""d"": 41.42}",-65,1210.35,19407,58.33,943.8,-10.73,0.95,-208764,86.65,550.25,-98.81,,,,,,,,,,,,,13000,-13000,13000,,,4,1.67
20260729,4583,台灣精銳,195654,99039156,560,560,487,487,-54,532,"45,010",0,0,"{""upper"": 648.04, ""middle"": 586.6, ""lower"": 525.16}","{""upper"": 648.04, ""middle"": 586.6, ""lower"": 525.16}","{""upper"": 648.04, ""middle"": 586.6, ""lower"": 525.16}","{""cdp"": 550.25, ""ah"": 587.25, ""nh"": 559.5, ""nl"": 522.5, ""al"": 513.25}","{""ma5"": 553.2, ""ma10"": 565.9, ""ma20"": 586.6, ""ma60"": 654.37}","{""current_price"": 487.0, ""pb_high"": 1346.7, ""pb_mid_high"": 1010.03, ""pb_fair"": 673.35, ""pb_mid_low"": 538.68, ""pb_low"": 336.68}",336.68,"{""current_price"": 487.0, ""pe_high"": 981.55, ""pe_mid_high"": 785.24, ""pe_fair"": 654.37, ""pe_mid_low"": 523.49, ""pe_low"": 392.62}",594.8,"{""line1"": 732.99, ""line2"": 674.79, ""line3"": 601.97, ""line4"": 552.57, ""line5"": 519.97}","{""pdi"": 2.73, ""mdi"": 38.41, ""adx"": 86.74}","{""k"": 22.24, ""d"": 35.03, ""j"": -3.33}","{""dif"": -25.29, ""dem"": -19.79, ""osc"": -11.0, ""mac"": -11.0}","{""rsi6"": 16.3, ""rsi12"": 21.7, ""rsi24"": 29.34}","{""current"": 195654.0, ""ma5"": 90506.0, ""ma10"": 69655.0}",,45010,45010,0,"{""ema12"": 564.62, ""ema26"": 590.81, ""ema50"": 619.4}",41.65,0.2095,-0.3105,563.41,"{""bias5"": -11.97, ""bias10"": -13.94, ""bias20"": -16.98}",62.25,-240.05,-1343187.464,"{""k"": 22.24, ""d"": 35.03}",-120,1366.31,-241208,50,943.8,-19.77,0,-469004,68.04,505.25,-100,,,,,,,,,,,,,45010,-45010,45010,,,2,1.25
20260730,4583,台灣精銳,1183259,543806399,493,493,438.5,450.5,-36.5,1328,"737,081",0,0,"{""upper"": 664.65, ""middle"": 579.42, ""lower"": 494.2}","{""upper"": 664.65, ""middle"": 579.42, ""lower"": 494.2}","{""upper"": 664.65, ""middle"": 579.42, ""lower"": 494.2}","{""cdp"": 505.25, ""ah"": 578.25, ""nh"": 523.5, ""nl"": 450.5, ""al"": 432.25}","{""ma5"": 525.3, ""ma10"": 550.65, ""ma20"": 579.42, ""ma60"": 648.98}","{""current_price"": 450.5, ""pb_high"": 1341.67, ""pb_mid_high"": 1006.26, ""pb_fair"": 670.84, ""pb_mid_low"": 536.67, ""pb_low"": 335.42}",335.42,"{""current_price"": 450.5, ""pe_high"": 973.46, ""pe_mid_high"": 778.77, ""pe_fair"": 648.98, ""pe_mid_low"": 519.18, ""pe_low"": 389.38}",585.99,"{""line1"": 742.36, ""line2"": 675.04, ""line3"": 595.74, ""line4"": 537.02, ""line5"": 498.12}","{""pdi"": 2.61, ""mdi"": 43.97, ""adx"": 88.81}","{""k"": 17.35, ""d"": 29.14, ""j"": -6.22}","{""dif"": -32.56, ""dem"": -22.35, ""osc"": -20.43, ""mac"": -20.43}","{""rsi6"": 7.43, ""rsi12"": 19.29, ""rsi24"": 26.84}","{""current"": 1183259.0, ""ma5"": 321983.0, ""ma10"": 185687.0}",,737081,737081,0,"{""ema12"": 546.86, ""ema26"": 580.75, ""ema50"": 612.01}",38.88,0.2942,-0.2564,542.24,"{""bias5"": -14.24, ""bias10"": -18.19, ""bias20"": -22.25}",56.46,-271.85,-265992.0609,"{""k"": 17.35, ""d"": 29.14}",-146.5,1477.01,-1503102,50,933.28,-24.54,5.81,-1601342,34.23,458.12,-93.24,,,,,,,,,,,,,737081,-737081,737081,,,0,1.25
20260731,4583,台灣精銳,661645,290574793,461.5,478.5,424,445,-5.5,1126,"68,656",0,0,"{""upper"": 673.85, ""middle"": 571.42, ""lower"": 469.0}","{""upper"": 673.85, ""middle"": 571.42, ""lower"": 469.0}","{""upper"": 673.85, ""middle"": 571.42, ""lower"": 469.0}","{""cdp"": 458.12, ""ah"": 512.62, ""nh"": 477.75, ""nl"": 423.25, ""al"": 403.62}","{""ma5"": 500.5, ""ma10"": 539.15, ""ma20"": 571.42, ""ma60"": 643.64}","{""current_price"": 445.0, ""pb_high"": 1336.44, ""pb_mid_high"": 1002.33, ""pb_fair"": 668.22, ""pb_mid_low"": 534.58, ""pb_low"": 334.11}",334.11,"{""current_price"": 445.0, ""pe_high"": 965.46, ""pe_mid_high"": 772.37, ""pe_fair"": 643.64, ""pe_mid_low"": 514.91, ""pe_low"": 386.19}",579.82,"{""line1"": 751.1, ""line2"": 675.54, ""line3"": 590.26, ""line4"": 520.75, ""line5"": 475.42}","{""pdi"": 2.41, ""mdi"": 43.57, ""adx"": 89.52}","{""k"": 15.61, ""d"": 24.63, ""j"": -2.42}","{""dif"": -38.32, ""dem"": -25.54, ""osc"": -25.56, ""mac"": -25.56}","{""rsi6"": 6.06, ""rsi12"": 16.81, ""rsi24"": 27.27}","{""current"": 661645.0, ""ma5"": 435069.0, ""ma10"": 242865.0}",,68656,68656,0,"{""ema12"": 530.76, ""ema26"": 570.53, ""ema50"": 605.9}",40.33,0.3585,-0.1172,523.3,"{""bias5"": -11.09, ""bias10"": -17.46, ""bias20"": -22.12}",60.36,-197.64,-119437.1604,"{""k"": 15.61, ""d"": 24.63}",-158,1493.66,-2118052,41.67,944.81,-26.2,9.5,-2355684,27.83,448.12,-89.06,,,,,,,,,,,,,68656,-68656,68656,,,-2,0.8
20260803,4583,台灣精銳,219474,103646680,447.5,488,441.5,488,43,470,"43,251",0,0,"{""upper"": 671.28, ""middle"": 564.98, ""lower"": 458.67}","{""upper"": 671.28, ""middle"": 564.98, ""lower"": 458.67}","{""upper"": 671.28, ""middle"": 564.98, ""lower"": 458.67}","{""cdp"": 448.12, ""ah"": 502.62, ""nh"": 472.25, ""nl"": 417.75, ""al"": 393.62}","{""ma5"": 482.3, ""ma10"": 531.55, ""ma20"": 564.98, ""ma60"": 639.36}","{""current_price"": 488.0, ""pb_high"": 1331.14, ""pb_mid_high"": 998.36, ""pb_fair"": 665.57, ""pb_mid_low"": 532.46, ""pb_low"": 332.79}",332.79,"{""current_price"": 488.0, ""pe_high"": 959.04, ""pe_mid_high"": 767.23, ""pe_fair"": 639.36, ""pe_mid_low"": 511.49, ""pe_low"": 383.62}",574.92,"{""line1"": 751.6, ""line2"": 672.54, ""line3"": 585.85, ""line4"": 511.9, ""line5"": 464.61}","{""pdi"": 4.22, ""mdi"": 42.59, ""adx"": 81.97}","{""k"": 22.74, ""d"": 24.0, ""j"": 20.22}","{""dif"": -38.97, ""dem"": -28.23, ""osc"": -21.49, ""mac"": -21.49}","{""rsi6"": 28.34, ""rsi12"": 29.54, ""rsi24"": 37.78}","{""current"": 219474.0, ""ma5"": 471407.0, ""ma10"": 258497.0}",,43251,43251,0,"{""ema12"": 524.22, ""ema26"": 563.32, ""ema50"": 601.39}",46.49,0.3763,0.1379,516.69,"{""bias5"": 1.18, ""bias10"": -8.19, ""bias20"": -13.62}",71.24,-118.09,286024.7683,"{""k"": 22.74, ""d"": 24.0}",-115,1498.42,-1972019,50,861.56,-19.07,30.92,-2418931,36.04,476.38,-65.59,,,,,,,,,,,,,43251,-43251,43251,,,-2,0.8
20260804,4583,台灣精銳,177583,86554233,478.5,498,466.5,490.5,2.5,368,"-3,198",0,0,"{""upper"": 666.04, ""middle"": 558.4, ""lower"": 450.76}","{""upper"": 666.04, ""middle"": 558.4, ""lower"": 450.76}","{""upper"": 666.04, ""middle"": 558.4, ""lower"": 450.76}","{""cdp"": 476.38, ""ah"": 522.88, ""nh"": 511.25, ""nl"": 464.75, ""al"": 429.88}","{""ma5"": 472.2, ""ma10"": 522.8, ""ma20"": 558.4, ""ma60"": 634.95}","{""current_price"": 490.5, ""pb_high"": 1325.77, ""pb_mid_high"": 994.33, ""pb_fair"": 662.88, ""pb_mid_low"": 530.31, ""pb_low"": 331.44}",331.44,"{""current_price"": 490.5, ""pe_high"": 952.43, ""pe_mid_high"": 761.94, ""pe_fair"": 634.95, ""pe_mid_low"": 507.96, ""pe_low"": 380.97}",426.72,"{""line1"": 752.31, ""line2"": 669.41, ""line3"": 582.22, ""line4"": 503.14, ""line5"": 453.73}","{""pdi"": 5.97, ""mdi"": 41.1, ""adx"": 74.65}","{""k"": 27.97, ""d"": 25.32, ""j"": 33.27}","{""dif"": -38.84, ""dem"": -30.35, ""osc"": -16.97, ""mac"": -16.97}","{""rsi6"": 25.35, ""rsi12"": 35.55, ""rsi24"": 37.86}","{""current"": 177583.0, ""ma5"": 487523.0, ""ma10"": 272963.0}",,-3198,-3198,0,"{""ema12"": 519.32, ""ema26"": 557.59, ""ema50"": 596.49}",50.37,0.3855,0.1846,513.98,"{""bias5"": 3.88, ""bias10"": -6.18, ""bias20"": -12.16}",71.28,-79.93,310418.227,"{""k"": 27.97, ""d"": 25.32}",-69.5,1498.42,-1871612,58.33,857.17,-12.41,32.92,-2178581,44.14,486.38,-63.86,,,,,,,,,,,,,-3198,3198,-3198,,,0,0.8
20260805,4583,台灣精銳,146844,74823447,491.5,516,491.5,515,24.5,309,"50,000",0,0,"{""upper"": 659.82, ""middle"": 553.55, ""lower"": 447.28}","{""upper"": 659.82, ""middle"": 553.55, ""lower"": 447.28}","{""upper"": 659.82, ""middle"": 553.55, ""lower"": 447.28}","{""cdp"": 486.38, ""ah"": 517.88, ""nh"": 506.25, ""nl"": 474.75, ""al"": 454.88}","{""ma5"": 477.8, ""ma10"": 515.5, ""ma20"": 553.55, ""ma60"": 630.83}","{""current_price"": 515.0, ""pb_high"": 1320.93, ""pb_mid_high"": 990.7, ""pb_fair"": 660.47, ""pb_mid_low"": 528.37, ""pb_low"": 330.23}",330.23,"{""current_price"": 515.0, ""pe_high"": 946.25, ""pe_mid_high"": 757.0, ""pe_fair"": 630.83, ""pe_mid_low"": 504.67, ""pe_low"": 378.5}",425.84,"{""line1"": 750.77, ""line2"": 665.64, ""line3"": 579.42, ""line4"": 497.23, ""line5"": 446.95}","{""pdi"": 9.31, ""mdi"": 38.76, ""adx"": 61.25}","{""k"": 37.03, ""d"": 29.23, ""j"": 52.64}","{""dif"": -36.33, ""dem"": -31.55, ""osc"": -9.57, ""mac"": -9.57}","{""rsi6"": 42.17, ""rsi12"": 40.61, ""rsi24"": 39.3}","{""current"": 146844.0, ""ma5"": 477761.0, ""ma10"": 284134.0}",,50000,50000,0,"{""ema12"": 518.85, ""ema26"": 554.81, ""ema50"": 593.31}",57.38,0.384,0.3186,516.89,"{""bias5"": 7.79, ""bias10"": -0.1, ""bias20"": -6.96}",82.35,-38.71,358714.0094,"{""k"": 37.03, ""d"": 29.23}",-49,1498.42,-1724768,58.33,800.84,-8.69,45.5,-1952735,52.88,509.38,-47.4,,,,,,,,,,,,,50000,-50000,50000,,,2,0.8
20260806,4583,台灣精銳,117449,59629743,508,518,500,505,-10,259,"-20,000",0,0,"{""upper"": 653.27, ""middle"": 548.3, ""lower"": 443.33}","{""upper"": 653.27, ""middle"": 548.3, ""lower"": 443.33}","{""upper"": 653.27, ""middle"": 548.3, ""lower"": 443.33}","{""cdp"": 509.38, ""ah"": 533.88, ""nh"": 527.25, ""nl"": 502.75, ""al"": 484.88}","{""ma5"": 488.7, ""ma10"": 507.0, ""ma20"": 548.3, ""ma60"": 626.2}","{""current_price"": 505.0, ""pb_high"": 1316.02, ""pb_mid_high"": 987.01, ""pb_fair"": 658.01, ""pb_mid_low"": 526.41, ""pb_low"": 329.0}",329,"{""current_price"": 505.0, ""pe_high"": 939.3, ""pe_mid_high"": 751.44, ""pe_fair"": 626.2, ""pe_mid_low"": 500.96, ""pe_low"": 375.72}",425.88,"{""line1"": 749.21, ""line2"": 662.95, ""line3"": 576.28, ""line4"": 490.55, ""line5"": 439.27}","{""pdi"": 10.23, ""mdi"": 35.15, ""adx"": 54.92}","{""k"": 41.67, ""d"": 33.37, ""j"": 58.26}","{""dif"": -34.75, ""dem"": -32.19, ""osc"": -5.13, ""mac"": -5.13}","{""rsi6"": 57.38, ""rsi12"": 35.8, ""rsi24"": 36.41}","{""current"": 117449.0, ""ma5"": 264599.0, ""ma10"": 293291.0}",,-20000,-20000,0,"{""ema12"": 516.94, ""ema26"": 551.52, ""ema50"": 590.25}",56.63,0.3829,0.2937,516.49,"{""bias5"": 3.34, ""bias10"": -0.39, ""bias20"": -7.9}",78.14,-32.49,80460.4552,"{""k"": 41.67, ""d"": 33.37}",-73,1498.42,-1742918,50,807.45,-12.63,40.5,-2033731,48.23,507,-53.18,,,,,,,,,,,,,-20000,20000,-20000,,,2,0.8
20260807,4583,台灣精銳,146260,74759475,501,523,499.5,503,-2,314,"-37,000",0,0,"{""upper"": 646.38, ""middle"": 543.15, ""lower"": 439.92}","{""upper"": 646.38, ""middle"": 543.15, ""lower"": 439.92}","{""upper"": 646.38, ""middle"": 543.15, ""lower"": 439.92}","{""cdp"": 507.0, ""ah"": 525.0, ""nh"": 514.0, ""nl"": 496.0, ""al"": 489.0}","{""ma5"": 500.3, ""ma10"": 500.4, ""ma20"": 543.15, ""ma60"": 621.63}","{""current_price"": 503.0, ""pb_high"": 1311.5, ""pb_mid_high"": 983.62, ""pb_fair"": 655.75, ""pb_mid_low"": 524.6, ""pb_low"": 327.88}",327.88,"{""current_price"": 503.0, ""pe_high"": 932.45, ""pe_mid_high"": 745.96, ""pe_fair"": 621.63, ""pe_mid_low"": 497.31, ""pe_low"": 372.98}",443.13,"{""line1"": 747.13, ""line2"": 660.15, ""line3"": 572.81, ""line4"": 484.72, ""line5"": 432.83}","{""pdi"": 11.77, ""mdi"": 33.33, ""adx"": 47.81}","{""k"": 44.88, ""d"": 37.21, ""j"": 60.22}","{""dif"": -33.28, ""dem"": -32.41, ""osc"": -1.75, ""mac"": -1.75}","{""rsi6"": 80.0, ""rsi12"": 32.93, ""rsi24"": 34.08}","{""current"": 146260.0, ""ma5"": 161522.0, ""ma10"": 298296.0}",,-37000,-37000,0,"{""ema12"": 514.89, ""ema26"": 547.96, ""ema50"": 586.67}",62.44,0.3801,0.3055,516.76,"{""bias5"": 0.54, ""bias10"": 0.52, ""bias20"": -7.39}",77.24,-26.24,36151.3743,"{""k"": 44.88, ""d"": 37.21}",-85,1477.3,-1813123,41.67,807.45,-14.46,41.15,-1825735,44.01,507.12,-54.34,,,,,,,,,,,,,-37000,37000,-37000,,,0,0.5
20260810,4583,台灣精銳,244482,122110461,505,505,490,501,-2,420,"-37,000",0,0,"{""upper"": 638.27, ""middle"": 537.85, ""lower"": 437.43}","{""upper"": 638.27, ""middle"": 537.85, ""lower"": 437.43}","{""upper"": 638.27, ""middle"": 537.85, ""lower"": 437.43}","{""cdp"": 507.12, ""ah"": 530.62, ""nh"": 514.75, ""nl"": 491.25, ""al"": 483.62}","{""ma5"": 502.9, ""ma10"": 492.6, ""ma20"": 537.85, ""ma60"": 617.23}","{""current_price"": 501.0, ""pb_high"": 1307.33, ""pb_mid_high"": 980.5, ""pb_fair"": 653.67, ""pb_mid_low"": 522.93, ""pb_low"": 326.83}",326.83,"{""current_price"": 501.0, ""pe_high"": 925.85, ""pe_mid_high"": 740.68, ""pe_fair"": 617.23, ""pe_mid_low"": 493.79, ""pe_low"": 370.34}",467.63,"{""line1"": 745.34, ""line2"": 656.98, ""line3"": 569.47, ""line4"": 478.4, ""line5"": 425.87}","{""pdi"": 11.92, ""mdi"": 35.76, ""adx"": 50.0}","{""k"": 48.79, ""d"": 41.07, ""j"": 64.24}","{""dif"": -31.91, ""dem"": -32.31, ""osc"": 0.8, ""mac"": 0.8}","{""rsi6"": 83.33, ""rsi12"": 32.13, ""rsi24"": 32.96}","{""current"": 244482.0, ""ma5"": 166524.0, ""ma10"": 318965.0}",,-37000,-37000,0,"{""ema12"": 512.57, ""ema26"": 544.37, ""ema50"": 583.12}",58.13,0.3734,0.3165,514.81,"{""bias5"": -0.38, ""bias10"": 1.71, ""bias20"": -6.85}",71.9,-35.53,-84362.0389,"{""k"": 48.79, ""d"": 41.07}",-89,1423.86,-1922567,33.33,807.45,-15.08,40.1,-2107170,37.58,499.25,-55.49,,,,,,,,,,,,,-37000,37000,-37000,,,0,0.5
20260811,4583,台灣精銳,269764,134627207,493,508,485,500,-1,432,"98,000",-899,0,"{""upper"": 630.86, ""middle"": 533.0, ""lower"": 435.14}","{""upper"": 630.86, ""middle"": 533.0, ""lower"": 435.14}","{""upper"": 630.86, ""middle"": 533.0, ""lower"": 435.14}","{""cdp"": 499.25, ""ah"": 514.25, ""nh"": 508.5, ""nl"": 493.5, ""al"": 484.25}","{""ma5"": 504.8, ""ma10"": 488.5, ""ma20"": 533.0, ""ma25"": 547.68, ""ma60"": 612.97}","{""current_price"": 500.0, ""pb_high"": 1303.48, ""pb_mid_high"": 977.61, ""pb_fair"": 651.74, ""pb_mid_low"": 521.39, ""pb_low"": 325.87}",325.87,"{""current_price"": 500.0, ""pe_high"": 919.45, ""pe_mid_high"": 735.56, ""pe_fair"": 612.97, ""pe_mid_low"": 490.37, ""pe_low"": 367.78}",522.24,"{""line1"": 742.76, ""line2"": 652.99, ""line3"": 565.92, ""line4"": 472.43, ""line5"": 419.64}","{""pdi"": 9.33, ""mdi"": 36.58, ""adx"": 59.36}","{""k"": 58.12, ""d"": 46.75, ""j"": 80.85}","{""dif"": -30.55, ""dea"": -31.96, ""dem"": -31.96, ""osc"": 2.81, ""mac"": 2.81}","{""rsi6"": 64.29, ""rsi12"": 34.93, ""rsi24"": 33.82}","{""current"": 269764.0, ""ma5"": 184960.0, ""ma10"": 336241.0, ""vol60"": 154221.0, ""vol120"": 196734.0}","{""ma25"": 547.68, ""ma25_slope"": -4.88, ""vol5"": 184960.0, ""vol60"": 154221.0, ""vol120"": 196734.0, ""vol_ratio_5_60"": 1.1993, ""low_vs_ma25_pct"": -11.4446, ""close_vs_ma25_pct"": -8.7058, ""body_size"": 7.0, ""upper_shadow"": 8.0, ""lower_shadow"": 8.0, ""pullback_count_25ma"": 0, ""first_pullback_flag"": 0, ""hard_filter_pass"": 0, ""pattern_type"": ""none"", ""score"": 0.0}",97101,98000,-899,"{""ema12"": 510.6, ""ema26"": 540.87, ""ema50"": 579.83}",46.31,0.3672,0.3314,512.29,"{""bias5"": -0.95, ""bias10"": 2.35, ""bias20"": -6.19}",67.34,-31.14,-8525.9708,"{""k"": 58.12, ""d"": 46.75}",-69,1426.71,-2008010,33.33,810.25,-12.13,40.86,-1739371,26.25,498.25,-56.07,,,,,,,,,,,,,97101,-97101,97101,,,-2,0.5
20260812,4583,台灣精銳,375346,187474910,510,510,492.5,497,-3,457,"126,949",0,0,"{""upper"": 621.21, ""middle"": 527.7, ""lower"": 434.19}","{""upper"": 621.21, ""middle"": 527.7, ""lower"": 434.19}","{""upper"": 621.21, ""middle"": 527.7, ""lower"": 434.19}","{""cdp"": 498.25, ""ah"": 521.25, ""nh"": 511.5, ""nl"": 488.5, ""al"": 475.25}","{""ma5"": 501.2, ""ma10"": 489.5, ""ma20"": 527.7, ""ma25"": 543.08, ""ma60"": 608.35}","{""current_price"": 497.0, ""pb_high"": 1299.77, ""pb_mid_high"": 974.83, ""pb_fair"": 649.88, ""pb_mid_low"": 519.91, ""pb_low"": 324.94}",324.94,"{""current_price"": 497.0, ""pe_high"": 912.53, ""pe_mid_high"": 730.02, ""pe_fair"": 608.35, ""pe_mid_low"": 486.68, ""pe_low"": 365.01}",522.24,"{""line1"": 739.71, ""line2"": 648.7, ""line3"": 562.22, ""line4"": 468.89, ""line5"": 416.06}","{""pdi"": 9.76, ""mdi"": 36.62, ""adx"": 57.92}","{""k"": 63.32, ""d"": 52.28, ""j"": 85.42}","{""dif"": -29.37, ""dea"": -31.44, ""dem"": -31.44, ""osc"": 4.13, ""mac"": 4.13}","{""rsi6"": 57.65, ""rsi12"": 31.53, ""rsi24"": 33.72}","{""current"": 375346.0, ""ma5"": 230660.0, ""ma10"": 354211.0, ""vol60"": 154321.0, ""vol120"": 197835.0}","{""ma25"": 543.08, ""ma25_slope"": -4.6, ""vol5"": 230660.0, ""vol60"": 154321.0, ""vol120"": 197835.0, ""vol_ratio_5_60"": 1.4947, ""low_vs_ma25_pct"": -9.3135, ""close_vs_ma25_pct"": -8.4849, ""body_size"": 13.0, ""upper_shadow"": 0.0, ""lower_shadow"": 4.5, ""pullback_count_25ma"": 0, ""first_pullback_flag"": 0, ""hard_filter_pass"": 0, ""pattern_type"": ""none"", ""score"": 0.0}",126949,126949,0,"{""ema12"": 508.43, ""ema26"": 537.23, ""ema50"": 576.58}",45.53,0.3544,0.3358,509.18,"{""bias5"": -0.84, ""bias10"": 1.53, ""bias20"": -5.82}",65.59,-17.96,22146.2331,"{""k"": 63.32, ""d"": 52.28}",-82,1435.32,-2447942,25,832.68,-14.16,39.67,-2075324,21.96,499.12,-55.76,,,,,,,,,,,,,126949,-126949,126949,,,-3,0.5
20260813,4583,台灣精銳,198419,100831498,502,513,499,512,15,391,"37,072",0,0,"{""upper"": 610.19, ""middle"": 523.15, ""lower"": 436.11}","{""upper"": 610.19, ""middle"": 523.15, ""lower"": 436.11}","{""upper"": 610.19, ""middle"": 523.15, ""lower"": 436.11}","{""cdp"": 499.12, ""ah"": 516.62, ""nh"": 505.75, ""nl"": 488.25, ""al"": 481.62}","{""ma5"": 502.6, ""ma10"": 495.65, ""ma20"": 523.15, ""ma25"": 539.16, ""ma60"": 604.13}","{""current_price"": 512.0, ""pb_high"": 1296.77, ""pb_mid_high"": 972.58, ""pb_fair"": 648.38, ""pb_mid_low"": 518.71, ""pb_low"": 324.19}",324.19,"{""current_price"": 512.0, ""pe_high"": 906.2, ""pe_mid_high"": 724.96, ""pe_fair"": 604.13, ""pe_mid_low"": 483.31, ""pe_low"": 362.48}",485.76,"{""line1"": 735.37, ""line2"": 644.1, ""line3"": 558.94, ""line4"": 466.65, ""line5"": 414.48}","{""pdi"": 10.8, ""mdi"": 33.04, ""adx"": 50.75}","{""k"": 71.05, ""d"": 58.53, ""j"": 96.08}","{""dif"": -26.92, ""dea"": -30.54, ""dem"": -30.54, ""osc"": 7.23, ""mac"": 7.23}","{""rsi6"": 45.45, ""rsi12"": 42.71, ""rsi24"": 36.87}","{""current"": 198419.0, ""ma5"": 246854.0, ""ma10"": 255727.0, ""vol60"": 153928.0, ""vol120"": 196461.0}","{""ma25"": 539.16, ""ma25_slope"": -3.92, ""vol5"": 246854.0, ""vol60"": 153928.0, ""vol120"": 196461.0, ""vol_ratio_5_60"": 1.6037, ""low_vs_ma25_pct"": -7.4486, ""close_vs_ma25_pct"": -5.0375, ""body_size"": 10.0, ""upper_shadow"": 1.0, ""lower_shadow"": 3.0, ""pullback_count_25ma"": 0, ""first_pullback_flag"": 0, ""hard_filter_pass"": 0, ""pattern_type"": ""none"", ""score"": 0.0}",37072,37072,0,"{""ema12"": 509.0, ""ema26"": 535.86, ""ema50"": 574.23}",50.1,0.3328,0.4359,508.39,"{""bias5"": 1.87, ""bias10"": 3.3, ""bias20"": -2.13}",71.85,16.89,33514.9356,"{""k"": 71.05, ""d"": 58.53}",-29,1461.9,-2300444,33.33,808.29,-5.36,50.87,-1899843,27.82,509,-44.65,,,,,,,,,,,,,37072,-37072,37072,,,-1,0.8
20260814,4583,台灣精銳,157450,78913974,513,516,493,493.5,-18.5,417,"37,072",0,0,"{""upper"": 606.06, ""middle"": 519.83, ""lower"": 433.59}","{""upper"": 606.06, ""middle"": 519.83, ""lower"": 433.59}","{""upper"": 606.06, ""middle"": 519.83, ""lower"": 433.59}","{""cdp"": 509.0, ""ah"": 523.0, ""nh"": 519.0, ""nl"": 505.0, ""al"": 495.0}","{""ma5"": 500.7, ""ma10"": 500.5, ""ma20"": 519.83, ""ma25"": 534.66, ""ma60"": 600.61}","{""current_price"": 493.5, ""pb_high"": 1293.91, ""pb_mid_high"": 970.43, ""pb_fair"": 646.95, ""pb_mid_low"": 517.56, ""pb_low"": 323.48}",323.48,"{""current_price"": 493.5, ""pe_high"": 900.91, ""pe_mid_high"": 720.73, ""pe_fair"": 600.61, ""pe_mid_low"": 480.49, ""pe_low"": 360.37}",515.38,"{""line1"": 731.81, ""line2"": 640.14, ""line3"": 555.49, ""line4"": 461.86, ""line5"": 409.59}","{""pdi"": 10.77, ""mdi"": 34.28, ""adx"": 52.17}","{""k"": 63.3, ""d"": 60.12, ""j"": 69.65}","{""dif"": -26.17, ""dea"": -29.66, ""dem"": -29.66, ""osc"": 6.98, ""mac"": 6.98}","{""rsi6"": 36.14, ""rsi12"": 51.99, ""rsi24"": 34.89}","{""current"": 157450.0, ""ma5"": 249092.0, ""ma10"": 205307.0, ""vol60"": 152365.0, ""vol120"": 194996.0}","{""ma25"": 534.66, ""ma25_slope"": -4.5, ""vol5"": 249092.0, ""vol60"": 152365.0, ""vol120"": 194996.0, ""vol_ratio_5_60"": 1.6348, ""low_vs_ma25_pct"": -7.7919, ""close_vs_ma25_pct"": -7.6984, ""body_size"": 19.5, ""upper_shadow"": 3.0, ""lower_shadow"": 0.5, ""pullback_count_25ma"": 0, ""first_pullback_flag"": 0, ""hard_filter_pass"": 0, ""pattern_type"": ""none"", ""score"": 0.0}",37072,37072,0,"{""ema12"": 506.43, ""ema26"": 532.65, ""ema50"": 571.08}",50,0.3318,0.3474,506.32,"{""bias5"": -1.44, ""bias10"": -1.4, ""bias20"": -5.06}",69.57,14,-21911.718,"{""k"": 63.3, ""d"": 60.12}",6.5,1490.9,-2550591,33.33,838.59,1.33,40.17,-1967426,26.93,499,-54.87,,,,,,,,,,,,,37072,-37072,37072,,,-3,0.5
20260817,4583,台灣精銳,97931,48480671,493.5,499,490,495.5,2,381,"-5,000",0,0,"{""upper"": 600.76, ""middle"": 516.4, ""lower"": 432.04}","{""upper"": 600.76, ""middle"": 516.4, ""lower"": 432.04}","{""upper"": 600.76, ""middle"": 516.4, ""lower"": 432.04}","{""cdp"": 499.0, ""ah"": 522.0, ""nh"": 505.0, ""nl"": 482.0, ""al"": 476.0}","{""ma5"": 499.6, ""ma10"": 501.25, ""ma20"": 516.4, ""ma25"": 530.2, ""ma60"": 597.42}","{""current_price"": 495.5, ""pb_high"": 1290.77, ""pb_mid_high"": 968.08, ""pb_fair"": 645.38, ""pb_mid_low"": 516.31, ""pb_low"": 322.69}",322.69,"{""current_price"": 495.5, ""pe_high"": 896.12, ""pe_mid_high"": 716.9, ""pe_fair"": 597.42, ""pe_mid_low"": 477.93, ""pe_low"": 358.45}",515.38,"{""line1"": 728.02, ""line2"": 636.54, ""line3"": 552.28, ""line4"": 456.69, ""line5"": 404.37}","{""pdi"": 11.5, ""mdi"": 32.64, ""adx"": 47.89}","{""k"": 51.41, ""d"": 57.22, ""j"": 39.79}","{""dif"": -25.12, ""dea"": -28.75, ""dem"": -28.75, ""osc"": 7.26, ""mac"": 7.26}","{""rsi6"": 40.96, ""rsi12"": 67.44, ""rsi24"": 36.19}","{""current"": 97931.0, ""ma5"": 219782.0, ""ma10"": 193153.0, ""vol60"": 150497.0, ""vol120"": 194619.0}","{""ma25"": 530.2, ""ma25_slope"": -4.46, ""vol5"": 219782.0, ""vol60"": 150497.0, ""vol120"": 194619.0, ""vol_ratio_5_60"": 1.4604, ""low_vs_ma25_pct"": -7.582, ""close_vs_ma25_pct"": -6.5447, ""body_size"": 2.0, ""upper_shadow"": 3.5, ""lower_shadow"": 3.5, ""pullback_count_25ma"": 0, ""first_pullback_flag"": 0, ""hard_filter_pass"": 0, ""pattern_type"": ""none"", ""score"": 0.0}",-5000,-5000,0,"{""ema12"": 504.86, ""ema26"": 529.42, ""ema50"": 568.15}",54.35,0.3267,0.3761,505.76,"{""bias5"": -0.82, ""bias10"": -1.15, ""bias20"": -4.05}",70.23,8.12,-91901.4408,"{""k"": 51.41, ""d"": 57.22}",45,1490.9,-2735381,41.67,841.97,9.99,41.33,-1806345,29.99,495,-47.43,,,,,,,,,,,,,-5000,5000,-5000,,,-3,0.5
20260818,4583,台灣精銳,255932,121533984,489,493.5,468.5,472,-23.5,663,"-35,998",0,0,"{""upper"": 592.59, ""middle"": 511.1, ""lower"": 429.61}","{""upper"": 592.59, ""middle"": 511.1, ""lower"": 429.61}","{""upper"": 592.59, ""middle"": 511.1, ""lower"": 429.61}","{""cdp"": 495.0, ""ah"": 504.0, ""nh"": 500.0, ""nl"": 491.0, ""al"": 486.0}","{""ma5"": 494.0, ""ma10"": 499.4, ""ma20"": 511.1, ""ma25"": 525.2, ""ma60"": 593.5}","{""current_price"": 472.0, ""pb_high"": 1287.25, ""pb_mid_high"": 965.44, ""pb_fair"": 643.62, ""pb_mid_low"": 514.9, ""pb_low"": 321.81}",321.81,"{""current_price"": 472.0, ""pe_high"": 890.25, ""pe_mid_high"": 712.2, ""pe_fair"": 593.5, ""pe_mid_low"": 474.8, ""pe_low"": 356.1}",515.05,"{""line1"": 725.9, ""line2"": 632.94, ""line3"": 548.72, ""line4"": 449.15, ""line5"": 395.86}","{""pdi"": 12.87, ""mdi"": 28.09, ""adx"": 37.14}","{""k"": 36.41, ""d"": 50.28, ""j"": 8.67}","{""dif"": -25.89, ""dea"": -28.18, ""dem"": -28.18, ""osc"": 4.58, ""mac"": 4.58}","{""rsi6"": 26.98, ""rsi12"": 59.18, ""rsi24"": 32.99}","{""current"": 255932.0, ""ma5"": 217016.0, ""ma10"": 200988.0, ""vol60"": 153326.0, ""vol120"": 195269.0}","{""ma25"": 525.2, ""ma25_slope"": -5.0, ""vol5"": 217016.0, ""vol60"": 153326.0, ""vol120"": 195269.0, ""vol_ratio_5_60"": 1.4154, ""low_vs_ma25_pct"": -10.7959, ""close_vs_ma25_pct"": -10.1295, ""body_size"": 17.0, ""upper_shadow"": 4.5, ""lower_shadow"": 3.5, ""pullback_count_25ma"": 0, ""first_pullback_flag"": 0, ""hard_filter_pass"": 0, ""pattern_type"": ""none"", ""score"": 0.0}",-35998,-35998,0,"{""ema12"": 499.81, ""ema26"": 525.06, ""ema50"": 564.09}",52.67,0.3189,0.2601,500.42,"{""bias5"": -4.45, ""bias10"": -5.49, ""bias20"": -7.65}",68.34,-54.67,-131870.9657,"{""k"": 36.41, ""d"": 50.28}",27,1539.97,-3054080,41.67,841.97,6.07,27.75,-2029356,27.15,476.5,-51.52,,,,,,,,,,,,,-35998,35998,-35998,,,-5,0.29
20260819,4583,台灣精銳,186680,89000038,484,485,469,481,9,410,"-46,992",0,0,"{""upper"": 580.07, ""middle"": 505.75, ""lower"": 431.43}","{""upper"": 580.07, ""middle"": 505.75, ""lower"": 431.43}","{""upper"": 580.07, ""middle"": 505.75, ""lower"": 431.43}","{""cdp"": 476.5, ""ah"": 501.5, ""nh"": 484.5, ""nl"": 459.5, ""al"": 451.5}","{""ma5"": 490.8, ""ma10"": 496.0, ""ma20"": 505.75, ""ma25"": 520.32, ""ma60"": 589.37}","{""current_price"": 481.0, ""pb_high"": 1283.78, ""pb_mid_high"": 962.84, ""pb_fair"": 641.89, ""pb_mid_low"": 513.51, ""pb_low"": 320.95}",320.95,"{""current_price"": 481.0, ""pe_high"": 884.05, ""pe_mid_high"": 707.24, ""pe_fair"": 589.37, ""pe_mid_low"": 471.49, ""pe_low"": 353.62}",515.05,"{""line1"": 724.09, ""line2"": 629.53, ""line3"": 546.08, ""line4"": 443.34, ""line5"": 389.12}","{""pdi"": 14.31, ""mdi"": 17.2, ""adx"": 9.17}","{""k"": 31.92, ""d"": 44.16, ""j"": 7.44}","{""dif"": -25.48, ""dea"": -27.64, ""dem"": -27.64, ""osc"": 4.32, ""mac"": 4.32}","{""rsi6"": 36.62, ""rsi12"": 46.9, ""rsi24"": 34.52}","{""current"": 186680.0, ""ma5"": 179282.0, ""ma10"": 204971.0, ""vol60"": 153889.0, ""vol120"": 195782.0}","{""ma25"": 520.32, ""ma25_slope"": -4.88, ""vol5"": 179282.0, ""vol60"": 153889.0, ""vol120"": 195782.0, ""vol_ratio_5_60"": 1.165, ""low_vs_ma25_pct"": -9.8632, ""close_vs_ma25_pct"": -7.5569, ""body_size"": 3.0, ""upper_shadow"": 1.0, ""lower_shadow"": 12.0, ""pullback_count_25ma"": 0, ""first_pullback_flag"": 0, ""hard_filter_pass"": 0, ""pattern_type"": ""none"", ""score"": 0.0}",-46992,-46992,0,"{""ema12"": 496.13, ""ema26"": 521.65, ""ema50"": 561.05}",54.81,0.2939,0.3335,497.17,"{""bias5"": -2.0, ""bias10"": -3.02, ""bias20"": -4.89}",72.85,-65.6,-34283.2655,"{""k"": 31.92, ""d"": 44.16}",-7,1539.97,-2788398,41.67,823.52,-1.43,32.95,-2251177,32.62,479,-42.42,,,,,,,,,,,,,-46992,46992,-46992,,,-5,0.5
20260821,4583,台灣精銳,116345,55044534,474.5,483.5,466.5,471,-17,547,"-21,000",0,0,"{""upper"": 564.64, ""middle"": 499.8, ""lower"": 434.96}","{""upper"": 564.64, ""middle"": 499.8, ""lower"": 434.96}","{""upper"": 564.64, ""middle"": 499.8, ""lower"": 434.96}","{""cdp"": 479.0, ""ah"": 495.0, ""nh"": 489.0, ""nl"": 473.0, ""al"": 463.0}","{""ma5"": 482.6, ""ma10"": 492.6, ""ma20"": 499.8, ""ma25"": 515.04, ""ma60"": 585.03}","{""current_price"": 471.0, ""pb_high"": 1279.93, ""pb_mid_high"": 959.95, ""pb_fair"": 639.97, ""pb_mid_low"": 511.97, ""pb_low"": 319.98}",319.98,"{""current_price"": 471.0, ""pe_high"": 877.55, ""pe_mid_high"": 702.04, ""pe_fair"": 585.03, ""pe_mid_low"": 468.03, ""pe_low"": 351.02}",515.01,"{""line1"": 722.33, ""line2"": 626.59, ""line3"": 543.11, ""line4"": 436.25, ""line5"": 380.94}","{""pdi"": 16.05, ""mdi"": 15.4, ""adx"": 2.06}","{""k"": 24.31, ""d"": 37.54, ""j"": -2.16}","{""dif"": -25.67, ""dea"": -27.25, ""dem"": -27.25, ""osc"": 3.16, ""mac"": 3.16}","{""rsi6"": 33.33, ""rsi12"": 41.91, ""rsi24"": 37.67}","{""current"": 116345.0, ""ma5"": 162868.0, ""ma10"": 204861.0, ""vol60"": 152695.0, ""vol120"": 194877.0}","{""ma25"": 515.04, ""ma25_slope"": -5.28, ""vol5"": 162868.0, ""vol60"": 152695.0, ""vol120"": 194877.0, ""vol_ratio_5_60"": 1.0666, ""low_vs_ma25_pct"": -9.4245, ""close_vs_ma25_pct"": -8.5508, ""body_size"": 3.5, ""upper_shadow"": 9.0, ""lower_shadow"": 4.5, ""pullback_count_25ma"": 0, ""first_pullback_flag"": 0, ""hard_filter_pass"": 0, ""pattern_type"": ""none"", ""score"": 0.0}",-21000,-21000,0,"{""ema12"": 492.34, ""ema26"": 517.9, ""ema50"": 557.9}",57.34,0.2595,0.2779,492.71,"{""bias5"": -2.4, ""bias10"": -4.38, ""bias20"": -5.76}",68.18,-115.5,-29223.4303,"{""k"": 24.31, ""d"": 37.54}",-19.5,1529.87,-2868290,33.33,841,-3.98,28.48,-2393399,30.69,473,-63.8,,,,,,,,,,,,,-21000,21000,-21000,,,-5,0.5
20260824,4583,台灣精銳,54496,25608477,470,476.5,464.5,471,0,316,"-4,997",0,0,"{""upper"": 552.49, ""middle"": 494.9, ""lower"": 437.31}","{""upper"": 552.49, ""middle"": 494.9, ""lower"": 437.31}","{""upper"": 552.49, ""middle"": 494.9, ""lower"": 437.31}","{""cdp"": 473.0, ""ah"": 490.0, ""nh"": 479.5, ""nl"": 462.5, ""al"": 456.0}","{""ma5"": 478.1, ""ma10"": 489.4, ""ma20"": 494.9, ""ma25"": 511.48, ""ma60"": 580.8}","{""current_price"": 471.0, ""pb_high"": 1276.05, ""pb_mid_high"": 957.04, ""pb_fair"": 638.02, ""pb_mid_low"": 510.42, ""pb_low"": 319.01}",319.01,"{""current_price"": 471.0, ""pe_high"": 871.2, ""pe_mid_high"": 696.96, ""pe_fair"": 580.8, ""pe_mid_low"": 464.64, ""pe_low"": 348.48}",498.31,"{""line1"": 719.38, ""line2"": 623.21, ""line3"": 539.69, ""line4"": 431.81, ""line5"": 375.95}","{""pdi"": 14.6, ""mdi"": 18.07, ""adx"": 10.61}","{""k"": 20.41, ""d"": 31.83, ""j"": -2.43}","{""dif"": -25.52, ""dea"": -26.9, ""dem"": -26.9, ""osc"": 2.76, ""mac"": 2.76}","{""rsi6"": 17.46, ""rsi12"": 27.08, ""rsi24"": 36.97}","{""current"": 54496.0, ""ma5"": 142277.0, ""ma10"": 195684.0, ""vol60"": 150605.0, ""vol120"": 194120.0}","{""ma25"": 511.48, ""ma25_slope"": -3.56, ""vol5"": 142277.0, ""vol60"": 150605.0, ""vol120"": 194120.0, ""vol_ratio_5_60"": 0.9447, ""low_vs_ma25_pct"": -9.1851, ""close_vs_ma25_pct"": -7.9143, ""body_size"": 1.0, ""upper_shadow"": 5.5, ""lower_shadow"": 5.5, ""pullback_count_25ma"": 0, ""first_pullback_flag"": 0, ""hard_filter_pass"": 0, ""pattern_type"": ""trap"", ""score"": 0.0}",-4997,-4997,0,"{""ema12"": 489.31, ""ema26"": 513.82, ""ema50"": 554.86}",53.36,0.2327,0.2925,489.03,"{""bias5"": -1.49, ""bias10"": -3.76, ""bias20"": -4.83}",69.92,-130.18,-99089.8415,"{""k"": 20.41, ""d"": 31.83}",-44,1529.87,-2806554,25,842.39,-8.54,29.56,-2242690,30.96,470.75,-88.89,,,,,,,,,,,,,-4997,4997,-4997,,,-6,0.6
20260826,4583,台灣精銳,51300,23785317,458,469,458,463,5,211,"9,095",0,0,"{""upper"": 533.5, ""middle"": 489.1, ""lower"": 444.7}","{""upper"": 533.5, ""middle"": 489.1, ""lower"": 444.7}","{""upper"": 533.5, ""middle"": 489.1, ""lower"": 444.7}","{""cdp"": 470.75, ""ah"": 482.75, ""nh"": 477.0, ""nl"": 465.0, ""al"": 458.75}","{""ma5"": 471.6, ""ma10"": 485.6, ""ma20"": 489.1, ""ma25"": 507.44, ""ma60"": 576.63}","{""current_price"": 463.0, ""pb_high"": 1272.07, ""pb_mid_high"": 954.05, ""pb_fair"": 636.03, ""pb_mid_low"": 508.83, ""pb_low"": 318.02}",318.02,"{""current_price"": 463.0, ""pe_high"": 864.95, ""pe_mid_high"": 691.96, ""pe_fair"": 576.63, ""pe_mid_low"": 461.31, ""pe_low"": 345.98}",492.79,"{""line1"": 715.46, ""line2"": 619.54, ""line3"": 535.75, ""line4"": 430.21, ""line5"": 374.1}","{""pdi"": 11.74, ""mdi"": 21.92, ""adx"": 30.23}","{""k"": 16.48, ""d"": 26.72, ""j"": -3.99}","{""dif"": -25.75, ""dea"": -26.67, ""dem"": -26.67, ""osc"": 1.84, ""mac"": 1.84}","{""rsi6"": 20.95, ""rsi12"": 27.66, ""rsi24"": 33.62}","{""current"": 51300.0, ""ma5"": 132951.0, ""ma10"": 176366.0, ""vol60"": 148112.0, ""vol120"": 193074.0}","{""ma25"": 507.44, ""ma25_slope"": -4.04, ""vol5"": 132951.0, ""vol60"": 148112.0, ""vol120"": 193074.0, ""vol_ratio_5_60"": 0.8976, ""low_vs_ma25_pct"": -9.743, ""close_vs_ma25_pct"": -8.7577, ""body_size"": 5.0, ""upper_shadow"": 6.0, ""lower_shadow"": 0.0, ""pullback_count_25ma"": 0, ""first_pullback_flag"": 0, ""hard_filter_pass"": 0, ""pattern_type"": ""trap"", ""score"": 0.0}",9095,9095,0,"{""ema12"": 485.44, ""ema26"": 510.15, ""ema50"": 551.04}",55.52,0.1815,0.2061,484.19,"{""bias5"": -1.82, ""bias10"": -4.65, ""bias20"": -5.34}",75.58,-139.44,-150097.4659,"{""k"": 16.48, ""d"": 26.72}",-42,1504.67,-2894807,25,856.95,-8.32,25.32,-2229174,31.26,463.25,-92.31,,,,,,,,,,,,,9095,-9095,9095,,,-6,0.6
20260827,4583,台灣精銳,52233,24496812,463,472,463,468.5,5.5,298,"-3,000",0,0,"{""upper"": 523.74, ""middle"": 485.48, ""lower"": 447.21}","{""upper"": 523.74, ""middle"": 485.48, ""lower"": 447.21}","{""upper"": 523.74, ""middle"": 485.48, ""lower"": 447.21}","{""cdp"": 463.25, ""ah"": 474.25, ""nh"": 468.5, ""nl"": 457.5, ""al"": 452.25}","{""ma5"": 470.9, ""ma10"": 482.45, ""ma20"": 485.48, ""ma25"": 503.06, ""ma60"": 572.91}","{""current_price"": 468.5, ""pb_high"": 1268.28, ""pb_mid_high"": 951.21, ""pb_fair"": 634.14, ""pb_mid_low"": 507.31, ""pb_low"": 317.07}",317.07,"{""current_price"": 468.5, ""pe_high"": 859.36, ""pe_mid_high"": 687.49, ""pe_fair"": 572.91, ""pe_mid_low"": 458.33, ""pe_low"": 343.74}",484.46,"{""line1"": 709.83, ""line2"": 615.05, ""line3"": 531.62, ""line4"": 431.88, ""line5"": 376.44}","{""pdi"": 6.28, ""mdi"": 23.43, ""adx"": 57.75}","{""k"": 17.02, ""d"": 23.49, ""j"": 4.1}","{""dif"": -25.2, ""dea"": -26.38, ""dem"": -26.38, ""osc"": 2.35, ""mac"": 2.35}","{""rsi6"": 25.89, ""rsi12"": 32.31, ""rsi24"": 32.76}","{""current"": 52233.0, ""ma5"": 92211.0, ""ma10"": 154613.0, ""vol60"": 145219.0, ""vol120"": 191538.0}","{""ma25"": 503.06, ""ma25_slope"": -4.38, ""vol5"": 92211.0, ""vol60"": 145219.0, ""vol120"": 191538.0, ""vol_ratio_5_60"": 0.635, ""low_vs_ma25_pct"": -7.9633, ""close_vs_ma25_pct"": -6.87, ""body_size"": 5.5, ""upper_shadow"": 3.5, ""lower_shadow"": 0.0, ""pullback_count_25ma"": 0, ""first_pullback_flag"": 0, ""hard_filter_pass"": 0, ""pattern_type"": ""trap"", ""score"": 0.0}",-3000,-3000,0,"{""ema12"": 482.87, ""ema26"": 506.59, ""ema50"": 547.46}",64.26,0.1577,0.2782,480.89,"{""bias5"": -0.51, ""bias10"": -2.89, ""bias20"": -3.5}",74.84,-96.54,68921.9459,"{""k"": 17.02, ""d"": 23.49}",-34.5,1487,-2744539,33.33,865.56,-6.86,32.72,-2079938,30.99,468,-83.85,,,,,,,,,,,,,-3000,3000,-3000,,,-4,1
20260828,4583,台灣精銳,74700,34894439,469,472,462,467,-1.5,279,"-22,000",0,0,"{""upper"": 523.57, ""middle"": 484.48, ""lower"": 445.38}","{""upper"": 523.57, ""middle"": 484.48, ""lower"": 445.38}","{""upper"": 523.57, ""middle"": 484.48, ""lower"": 445.38}","{""cdp"": 468.0, ""ah"": 477.0, ""nh"": 473.0, ""nl"": 464.0, ""al"": 459.0}","{""ma5"": 468.1, ""ma10"": 479.45, ""ma20"": 484.48, ""ma25"": 498.22, ""ma60"": 568.71}","{""current_price"": 467.0, ""pb_high"": 1264.46, ""pb_mid_high"": 948.34, ""pb_fair"": 632.23, ""pb_mid_low"": 505.78, ""pb_low"": 316.11}",316.11,"{""current_price"": 467.0, ""pe_high"": 853.06, ""pe_mid_high"": 682.45, ""pe_fair"": 568.71, ""pe_mid_low"": 454.97, ""pe_low"": 341.23}",482.99,"{""line1"": 703.34, ""line2"": 610.63, ""line3"": 527.32, ""line4"": 434.29, ""line5"": 380.02}","{""pdi"": 5.63, ""mdi"": 24.68, ""adx"": 62.86}","{""k"": 16.52, ""d"": 21.16, ""j"": 7.23}","{""dif"": -24.6, ""dea"": -26.02, ""dem"": -26.02, ""osc"": 2.84, ""mac"": 2.84}","{""rsi6"": 42.65, ""rsi12"": 32.47, ""rsi24"": 32.23}","{""current"": 74700.0, ""ma5"": 69815.0, ""ma10"": 124549.0, ""vol60"": 141616.0, ""vol120"": 188628.0}","{""ma25"": 498.22, ""ma25_slope"": -4.84, ""vol5"": 69815.0, ""vol60"": 141616.0, ""vol120"": 188628.0, ""vol_ratio_5_60"": 0.493, ""low_vs_ma25_pct"": -7.2699, ""close_vs_ma25_pct"": -6.2663, ""body_size"": 2.0, ""upper_shadow"": 3.0, ""lower_shadow"": 5.0, ""pullback_count_25ma"": 0, ""first_pullback_flag"": 0, ""hard_filter_pass"": 0, ""pattern_type"": ""trap"", ""score"": 0.0}",-22000,-22000,0,"{""ema12"": 480.05, ""ema26"": 503.56, ""ema50"": 543.86}",64.99,0.1614,0.2765,478.36,"{""bias5"": -0.23, ""bias10"": -2.6, ""bias20"": -3.61}",69.16,-85.65,-6693.4404,"{""k"": 16.52, ""d"": 21.16}",-34,1491.78,-2858632,33.33,865.56,-6.79,43.43,-1958984,29.61,467,-86.15,,,,,,,,,,,,,-22000,22000,-22000,,,-4,0.6
20260831,4583,台灣精銳,369410,169941577,453.5,463,453.5,460,-7,436,"-9,345",0,0,"{""upper"": 522.58, ""middle"": 484.95, ""lower"": 447.32}","{""upper"": 522.58, ""middle"": 484.95, ""lower"": 447.32}","{""upper"": 522.58, ""middle"": 484.95, ""lower"": 447.32}","{""cdp"": 467.0, ""ah"": 477.0, ""nh"": 472.0, ""nl"": 462.0, ""al"": 457.0}","{""ma5"": 465.9, ""ma10"": 474.25, ""ma20"": 484.95, ""ma25"": 493.02, ""ma60"": 564.46}","{""current_price"": 460.0, ""pb_high"": 1260.97, ""pb_mid_high"": 945.73, ""pb_fair"": 630.49, ""pb_mid_low"": 504.39, ""pb_low"": 315.24}",315.24,"{""current_price"": 460.0, ""pe_high"": 846.69, ""pe_mid_high"": 677.35, ""pe_fair"": 564.46, ""pe_mid_low"": 451.57, ""pe_low"": 338.68}",476.04,"{""line1"": 697.53, ""line2"": 606.32, ""line3"": 523.1, ""line4"": 433.58, ""line5"": 380.15}","{""pdi"": 3.62, ""mdi"": 29.64, ""adx"": 78.23}","{""k"": 15.78, ""d"": 19.37, ""j"": 8.59}","{""dif"": -24.41, ""dea"": -25.7, ""dem"": -25.7, ""osc"": 2.58, ""mac"": 2.58}","{""rsi6"": 17.19, ""rsi12"": 30.58, ""rsi24"": 33.58}","{""current"": 369410.0, ""ma5"": 120428.0, ""ma10"": 141648.0, ""vol60"": 145892.0, ""vol120"": 186218.0}","{""ma25"": 493.02, ""ma25_slope"": -5.2, ""vol5"": 120428.0, ""vol60"": 145892.0, ""vol120"": 186218.0, ""vol_ratio_5_60"": 0.8255, ""low_vs_ma25_pct"": -8.0159, ""close_vs_ma25_pct"": -6.6975, ""body_size"": 6.5, ""upper_shadow"": 3.0, ""lower_shadow"": 0.0, ""pullback_count_25ma"": 0, ""first_pullback_flag"": 0, ""hard_filter_pass"": 0, ""pattern_type"": ""trap"", ""score"": 0.0}",-9345,-9345,0,"{""ema12"": 477.15, ""ema26"": 500.37, ""ema50"": 540.9}",62.36,0.1552,0.1685,475.27,"{""bias5"": -1.27, ""bias10"": -3.0, ""bias20"": -5.14}",62.36,-107.24,-22502.0979,"{""k"": 15.78, ""d"": 19.37}",-40,1406.48,-3228042,33.33,865.56,-8,36.36,-406315,26.36,459.12,-89.6,,,,,,,,,,,,,-9345,9345,-9345,,,-4,0.6
20260901,4583,台灣精銳,69883,32696836,460.5,472,460.5,467.5,7.5,193,"3,180",0,0,"{""upper"": 520.03, ""middle"": 486.07, ""lower"": 452.12}","{""upper"": 520.03, ""middle"": 486.07, ""lower"": 452.12}","{""upper"": 520.03, ""middle"": 486.07, ""lower"": 452.12}","{""cdp"": 459.12, ""ah"": 468.62, ""nh"": 464.75, ""nl"": 455.25, ""al"": 449.62}","{""ma5"": 465.2, ""ma10"": 471.65, ""ma20"": 486.07, ""ma25"": 488.96, ""ma60"": 560.77}","{""current_price"": 467.5, ""pb_high"": 1258.32, ""pb_mid_high"": 943.74, ""pb_fair"": 629.16, ""pb_mid_low"": 503.33, ""pb_low"": 314.58}",314.58,"{""current_price"": 467.5, ""pe_high"": 841.15, ""pe_mid_high"": 672.92, ""pe_fair"": 560.77, ""pe_mid_low"": 448.61, ""pe_low"": 336.46}",453.87,"{""line1"": 690.63, ""line2"": 602.16, ""line3"": 519.14, ""line4"": 433.62, ""line5"": 381.52}","{""pdi"": 7.8, ""mdi"": 25.69, ""adx"": 53.42}","{""k"": 22.18, ""d"": 20.31, ""j"": 25.94}","{""dif"": -23.39, ""dea"": -25.24, ""dem"": -25.24, ""osc"": 3.71, ""mac"": 3.71}","{""rsi6"": 44.07, ""rsi12"": 36.28, ""rsi24"": 33.08}","{""current"": 69883.0, ""ma5"": 123505.0, ""ma10"": 132891.0, ""vol60"": 143427.0, ""vol120"": 181843.0}","{""ma25"": 488.96, ""ma25_slope"": -4.06, ""vol5"": 123505.0, ""vol60"": 143427.0, ""vol120"": 181843.0, ""vol_ratio_5_60"": 0.8611, ""low_vs_ma25_pct"": -5.8205, ""close_vs_ma25_pct"": -4.3889, ""body_size"": 7.0, ""upper_shadow"": 4.5, ""lower_shadow"": 0.0, ""pullback_count_25ma"": 0, ""first_pullback_flag"": 0, ""hard_filter_pass"": 0, ""pattern_type"": ""trap"", ""score"": 0.0}",3180,3180,0,"{""ema12"": 474.97, ""ema26"": 498.12, ""ema50"": 537.84}",64.86,0.1397,0.2265,473.26,"{""bias5"": 0.49, ""bias10"": -0.88, ""bias20"": -3.82}",64.53,-64.57,131648.6127,"{""k"": 22.18, ""d"": 20.31}",-29.5,1406.48,-3068292,41.67,857.76,-5.94,31.9,325213,27.35,466.88,-77.6,,,,,,,,,,,,,3180,-3180,3180,,,-4,0.6
20260902,4583,台灣精銳,59120,28155369,480,480,470,478.5,11,267,"-1,387",0,0,"{""upper"": 519.16, ""middle"": 485.0, ""lower"": 450.84}","{""upper"": 519.16, ""middle"": 485.0, ""lower"": 450.84}","{""upper"": 519.16, ""middle"": 485.0, ""lower"": 450.84}","{""cdp"": 476.75, ""ah"": 486.75, ""nh"": 483.5, ""nl"": 473.5, ""al"": 466.75}","{""ma5"": 470.3, ""ma10"": 470.6, ""ma20"": 485.0, ""ma25"": 482.44, ""ma60"": 554.08}","{""current_price"": 478.5, ""pb_high"": 1252.47, ""pb_mid_high"": 939.35, ""pb_fair"": 626.23, ""pb_mid_low"": 500.99, ""pb_low"": 313.12}",313.12,"{""current_price"": 478.5, ""pe_high"": 831.12, ""pe_mid_high"": 664.9, ""pe_fair"": 554.08, ""pe_mid_low"": 443.27, ""pe_low"": 332.45}",454.03,"{""line1"": 675.88, ""line2"": 593.21, ""line3"": 512.03, ""line4"": 433.94, ""line5"": 385.65}","{""pdi"": 11.5, ""mdi"": 25.5, ""adx"": 37.84}","{""k"": 55.27, ""d"": 36.62, ""j"": 92.59}","{""dif"": -19.67, ""dea"": -23.52, ""dem"": -23.52, ""osc"": 7.7, ""mac"": 7.7}","{""rsi6"": 73.85, ""rsi12"": 41.18, ""rsi24"": 48.29}","{""current"": 59120.0, ""ma5"": 126447.0, ""ma10"": 109329.0, ""vol60"": 142597.0, ""vol120"": 179457.0}","{""ma25"": 482.44, ""ma25_slope"": -2.5, ""vol5"": 126447.0, ""vol60"": 142597.0, ""vol120"": 179457.0, ""vol_ratio_5_60"": 0.8867, ""low_vs_ma25_pct"": -2.5786, ""close_vs_ma25_pct"": -0.8167, ""body_size"": 1.5, ""upper_shadow"": 0.0, ""lower_shadow"": 8.5, ""pullback_count_25ma"": 0, ""first_pullback_flag"": 0, ""hard_filter_pass"": 0, ""pattern_type"": ""trap\u9677\u9631"", ""score"": 20.0}",-1387,-1387,0,"{""ema12"": 474.48, ""ema26"": 495.33, ""ema50"": 534.11}",62.55,0.1409,0.4049,474.97,"{""bias5"": 1.74, ""bias10"": 1.68, ""bias20"": -1.34}",70.47,-6.29,0,"{""k"": 55.27, ""d"": 36.62}",-15,1430.81,-3105243,41.67,858.84,-3.04,35.97,-190084,28.93,476.75,-60,,,,,,,,,,,,,-1387,1387,-1387,,,-5,0.75
20260903,4583,台灣精銳,92394,43742045,478.5,492.5,461.5,462,-16.5,389,"-38,134",0,0,"{""upper"": 515.31, ""middle"": 481.52, ""lower"": 447.74}","{""upper"": 515.31, ""middle"": 481.52, ""lower"": 447.74}","{""upper"": 515.31, ""middle"": 481.52, ""lower"": 447.74}","{""cdp"": 469.5, ""ah"": 500.5, ""nh"": 477.5, ""nl"": 446.5, ""al"": 438.5}","{""ma5"": 466.0, ""ma10"": 467.05, ""ma20"": 481.52, ""ma25"": 480.78, ""ma60"": 550.26}","{""current_price"": 462.0, ""pb_high"": 1249.44, ""pb_mid_high"": 937.08, ""pb_fair"": 624.72, ""pb_mid_low"": 499.78, ""pb_low"": 312.36}",312.36,"{""current_price"": 462.0, ""pe_high"": 825.39, ""pe_mid_high"": 660.31, ""pe_fair"": 550.26, ""pe_mid_low"": 440.21, ""pe_low"": 330.15}",454.28,"{""line1"": 670.21, ""line2"": 588.68, ""line3"": 507.82, ""line4"": 431.9, ""line5"": 384.77}","{""pdi"": 13.77, ""mdi"": 21.61, ""adx"": 22.16}","{""k"": 30.44, ""d"": 30.0, ""j"": 31.32}","{""dif"": -20.39, ""dea"": -23.1, ""dem"": -23.1, ""osc"": 5.43, ""mac"": 5.43}","{""rsi6"": 42.53, ""rsi12"": 33.17, ""rsi24"": 52.52}","{""current"": 92394.0, ""ma5"": 136640.0, ""ma10"": 103228.0, ""vol60"": 142906.0, ""vol120"": 177257.0}","{""ma25"": 480.78, ""ma25_slope"": -1.0, ""vol5"": 136640.0, ""vol60"": 142906.0, ""vol120"": 177257.0, ""vol_ratio_5_60"": 0.9562, ""low_vs_ma25_pct"": -4.0102, ""close_vs_ma25_pct"": -3.9062, ""body_size"": 16.5, ""upper_shadow"": 14.0, ""lower_shadow"": 0.5, ""pullback_count_25ma"": 0, ""first_pullback_flag"": 0, ""hard_filter_pass"": 0, ""pattern_type"": ""trap\u9677\u9631"", ""score"": 0.0}",-38134,-38134,0,"{""ema12"": 470.32, ""ema26"": 491.77, ""ema50"": 530.4}",72.6,0.1403,0.2111,471.08,"{""bias5"": -0.86, ""bias10"": -1.08, ""bias20"": -4.05}",89.4,-18.92,0,"{""k"": 30.44, ""d"": 30.0}",-33.5,1481.91,-3232778,33.33,861.76,-6.76,12.23,-462596,29.23,469.5,-86.4,,,,,,,,,,,,,-38134,38134,-38134,,,-5,0.75
20260904,4583,台灣精銳,60070,27987301,465,475,458.5,473.5,11.5,147,"24,923",0,0,"{""upper"": 514.92, ""middle"": 482.1, ""lower"": 449.28}","{""upper"": 514.92, ""middle"": 482.1, ""lower"": 449.28}","{""upper"": 514.92, ""middle"": 482.1, ""lower"": 449.28}","{""cdp"": 469.5, ""ah"": 500.5, ""nh"": 477.5, ""nl"": 446.5, ""al"": 438.5}","{""ma5"": 468.3, ""ma10"": 468.2, ""ma20"": 482.1, ""ma25"": 481.24, ""ma60"": 550.45}","{""current_price"": 473.5, ""pb_high"": 1249.63, ""pb_mid_high"": 937.23, ""pb_fair"": 624.82, ""pb_mid_low"": 499.85, ""pb_low"": 312.41}",312.41,"{""current_price"": 473.5, ""pe_high"": 825.68, ""pe_mid_high"": 660.54, ""pe_fair"": 550.45, ""pe_mid_low"": 440.36, ""pe_low"": 330.27}",454.28,"{""line1"": 669.82, ""line2"": 588.61, ""line3"": 508.14, ""line4"": 432.81, ""line5"": 385.96}","{""pdi"": 14.67, ""mdi"": 24.38, ""adx"": 24.86}","{""k"": 40.27, ""d"": 33.27, ""j"": 54.26}","{""dif"": -19.47, ""dea"": -22.92, ""dem"": -22.92, ""osc"": 6.89, ""mac"": 6.89}","{""rsi6"": 54.55, ""rsi12"": 40.09, ""rsi24"": 54.79}","{""current"": 60070.0, ""ma5"": 130175.0, ""ma10"": 99995.0, ""vol60"": 142367.0, ""vol120"": 176988.0}","{""ma25"": 481.24, ""ma25_slope"": -0.54, ""vol5"": 130175.0, ""vol60"": 142367.0, ""vol120"": 176988.0, ""vol_ratio_5_60"": 0.9144, ""low_vs_ma25_pct"": -4.7253, ""close_vs_ma25_pct"": -1.6083, ""body_size"": 8.5, ""upper_shadow"": 1.5, ""lower_shadow"": 6.5, ""pullback_count_25ma"": 0, ""first_pullback_flag"": 0, ""hard_filter_pass"": 0, ""pattern_type"": ""trap\u9677\u9631"", ""score"": 0.0}",24923,24923,0,"{""ema12"": 472.08, ""ema26"": 492.62, ""ema50"": 530.85}",73.64,0.1361,0.369,472.88,"{""bias5"": 1.11, ""bias10"": 1.13, ""bias20"": -1.78}",83.43,-41.08,-281546.529,"{""k"": 40.27, ""d"": 33.27}",-22,1481.91,-3172708,41.67,840.83,-4.44,28.78,-310132,29.86,470.12,-68,,,,,,,,,,,,,24923,-24923,24923,,,-4,1
20260907,4583,台灣精銳,80310,37761237,490,490,462,462,-11.5,293,"-15,000",0,0,"{""upper"": 509.14, ""middle"": 477.9, ""lower"": 446.66}","{""upper"": 509.14, ""middle"": 477.9, ""lower"": 446.66}","{""upper"": 509.14, ""middle"": 477.9, ""lower"": 446.66}","{""cdp"": 469.0, ""ah"": 497.0, ""nh"": 476.0, ""nl"": 448.0, ""al"": 441.0}","{""ma5"": 467.6, ""ma10"": 466.4, ""ma20"": 477.9, ""ma25"": 482.38, ""ma60"": 544.37}","{""current_price"": 462.0, ""pb_high"": 1243.73, ""pb_mid_high"": 932.8, ""pb_fair"": 621.87, ""pb_mid_low"": 497.49, ""pb_low"": 310.93}",310.93,"{""current_price"": 462.0, ""pe_high"": 816.55, ""pe_mid_high"": 653.24, ""pe_fair"": 544.37, ""pe_mid_low"": 435.49, ""pe_low"": 326.62}",491.82,"{""line1"": 652.72, ""line2"": 577.6, ""line3"": 500.31, ""line4"": 433.53, ""line5"": 391.66}","{""pdi"": 19.35, ""mdi"": 18.33, ""adx"": 2.7}","{""k"": 30.01, ""d"": 32.37, ""j"": 25.27}","{""dif"": -18.38, ""dea"": -21.38, ""dem"": -21.38, ""osc"": 6.0, ""mac"": 6.0}","{""rsi6"": 51.72, ""rsi12"": 39.44, ""rsi24"": 43.6}","{""current"": 80310.0, ""ma5"": 74441.0, ""ma10"": 98973.0, ""vol60"": 139966.0, ""vol120"": 176119.0}","{""ma25"": 482.38, ""ma25_slope"": 0.68, ""vol5"": 74441.0, ""vol60"": 139966.0, ""vol120"": 176119.0, ""vol_ratio_5_60"": 0.5318, ""low_vs_ma25_pct"": -4.2249, ""close_vs_ma25_pct"": -4.2249, ""body_size"": 28.0, ""upper_shadow"": 0.0, ""lower_shadow"": 0.0, ""pullback_count_25ma"": 0, ""first_pullback_flag"": 0, ""hard_filter_pass"": 0, ""pattern_type"": ""trap\u9677\u9631"", ""score"": 0.0}",-15000,-15000,0,"{""ema12"": 469.93, ""ema26"": 488.03, ""ema50"": 525.54}",92.61,0.1307,0.2455,470.68,"{""bias5"": -1.2, ""bias10"": -0.94, ""bias20"": -3.33}",122.06,16.6,0,"{""k"": 30.01, ""d"": 32.37}",-19,1464.74,-3182682,33.33,855.61,-3.95,13.6,-499563,43.36,469,-78.75,,,,,,,,,,,,,-15000,15000,-15000,,,-3,1
20260908,4583,台灣精銳,52009,24061717,461,467.5,459,463,1,221,"-14,064",0,0,"{""upper"": 509.09, ""middle"": 477.95, ""lower"": 446.81}","{""upper"": 509.09, ""middle"": 477.95, ""lower"": 446.81}","{""upper"": 509.09, ""middle"": 477.95, ""lower"": 446.81}","{""cdp"": 469.0, ""ah"": 497.0, ""nh"": 476.0, ""nl"": 448.0, ""al"": 441.0}","{""ma5"": 467.8, ""ma10"": 466.5, ""ma20"": 477.95, ""ma25"": 482.42, ""ma60"": 544.38}","{""current_price"": 463.0, ""pb_high"": 1243.75, ""pb_mid_high"": 932.81, ""pb_fair"": 621.88, ""pb_mid_low"": 497.5, ""pb_low"": 310.94}",310.94,"{""current_price"": 463.0, ""pe_high"": 816.58, ""pe_mid_high"": 653.26, ""pe_fair"": 544.38, ""pe_mid_low"": 435.51, ""pe_low"": 326.63}",491.82,"{""line1"": 652.69, ""line2"": 577.6, ""line3"": 500.33, ""line4"": 433.61, ""line5"": 391.77}","{""pdi"": 21.02, ""mdi"": 21.24, ""adx"": 0.52}","{""k"": 30.86, ""d"": 32.66, ""j"": 27.27}","{""dif"": -18.3, ""dea"": -21.37, ""dem"": -21.37, ""osc"": 6.13, ""mac"": 6.13}","{""rsi6"": 52.54, ""rsi12"": 40.11, ""rsi24"": 43.87}","{""current"": 52009.0, ""ma5"": 68781.0, ""ma10"": 96143.0, ""vol60"": 139495.0, ""vol120"": 175883.0}","{""ma25"": 482.42, ""ma25_slope"": 0.72, ""vol5"": 68781.0, ""vol60"": 139495.0, ""vol120"": 175883.0, ""vol_ratio_5_60"": 0.4931, ""low_vs_ma25_pct"": -4.8547, ""close_vs_ma25_pct"": -4.0255, ""body_size"": 2.0, ""upper_shadow"": 4.5, ""lower_shadow"": 2.0, ""pullback_count_25ma"": 0, ""first_pullback_flag"": 0, ""hard_filter_pass"": 0, ""pattern_type"": ""trap\u9677\u9631"", ""score"": 0.0}",-14064,-14064,0,"{""ema12"": 470.08, ""ema26"": 488.1, ""ema50"": 525.58}",104.77,0.1303,0.2599,470.84,"{""bias5"": -1.03, ""bias10"": -0.75, ""bias20"": -3.13}",111.6,-94.99,-208377.3962,"{""k"": 30.86, ""d"": 32.66}",-18,1464.74,-3130673,41.67,853.76,-3.74,15.2,-367244,44.32,463.12,-76.25,,,,,,,,,,,,,-14064,14064,-14064,,,-2,1.25
20260909,4583,台灣精銳,96837,43990752,461.5,463,448,455,-8,444,"5,975",0,0,"{""upper"": 506.43, ""middle"": 475.65, ""lower"": 444.87}","{""upper"": 506.43, ""middle"": 475.65, ""lower"": 444.87}","{""upper"": 506.43, ""middle"": 475.65, ""lower"": 444.87}","{""cdp"": 463.12, ""ah"": 471.62, ""nh"": 467.25, ""nl"": 458.75, ""al"": 454.62}","{""ma5"": 463.1, ""ma10"": 465.7, ""ma20"": 475.65, ""ma25"": 481.1, ""ma60"": 541.62}","{""current_price"": 455.0, ""pb_high"": 1240.65, ""pb_mid_high"": 930.49, ""pb_fair"": 620.33, ""pb_mid_low"": 496.26, ""pb_low"": 310.16}",310.16,"{""current_price"": 455.0, ""pe_high"": 812.42, ""pe_mid_high"": 649.94, ""pe_fair"": 541.62, ""pe_mid_low"": 433.29, ""pe_low"": 324.97}",491.61,"{""line1"": 647.64, ""line2"": 573.75, ""line3"": 497.42, ""line4"": 431.88, ""line5"": 390.65}","{""pdi"": 22.2, ""mdi"": 17.52, ""adx"": 11.76}","{""k"": 25.82, ""d"": 30.38, ""j"": 16.7}","{""dif"": -18.2, ""dea"": -20.73, ""dem"": -20.73, ""osc"": 5.07, ""mac"": 5.07}","{""rsi6"": 39.5, ""rsi12"": 41.01, ""rsi24"": 41.53}","{""current"": 96837.0, ""ma5"": 76324.0, ""ma10"": 100697.0, ""vol60"": 139536.0, ""vol120"": 175358.0}","{""ma25"": 481.1, ""ma25_slope"": -1.32, ""vol5"": 76324.0, ""vol60"": 139536.0, ""vol120"": 175358.0, ""vol_ratio_5_60"": 0.547, ""low_vs_ma25_pct"": -6.8801, ""close_vs_ma25_pct"": -5.4251, ""body_size"": 6.5, ""upper_shadow"": 1.5, ""lower_shadow"": 7.0, ""pullback_count_25ma"": 0, ""first_pullback_flag"": 0, ""hard_filter_pass"": 0, ""pattern_type"": ""trap\u9677\u9631"", ""score"": 0.0}",5975,5975,0,"{""ema12"": 468.2, ""ema26"": 485.52, ""ema50"": 523.18}",109.01,0.1294,0.1646,468.07,"{""bias5"": -1.75, ""bias10"": -2.3, ""bias20"": -4.34}",105.24,-172.62,-120047.0894,"{""k"": 25.82, ""d"": 30.38}",-16,1392.68,-3265294,41.67,853.76,-3.4,10.29,-219599,54.44,455.25,-84.27,,,,,,,,,,,,,5975,-5975,5975,,,-2,0.8
20260910,4583,台灣精銳,107311,47707699,458.5,458.5,440,442,-13,470,"-10,998","-30,000",0,"{""upper"": 504.71, ""middle"": 472.75, ""lower"": 440.79}","{""upper"": 504.71, ""middle"": 472.75, ""lower"": 440.79}","{""upper"": 504.71, ""middle"": 472.75, ""lower"": 440.79}","{""cdp"": 455.25, ""ah"": 470.25, ""nh"": 462.5, ""nl"": 447.5, ""al"": 440.25}","{""ma5"": 459.1, ""ma10"": 463.05, ""ma20"": 472.75, ""ma25"": 479.16, ""ma60"": 538.72}","{""current_price"": 442.0, ""pb_high"": 1237.5, ""pb_mid_high"": 928.12, ""pb_fair"": 618.75, ""pb_mid_low"": 495.0, ""pb_low"": 309.38}",309.38,"{""current_price"": 442.0, ""pe_high"": 808.08, ""pe_mid_high"": 646.46, ""pe_fair"": 538.72, ""pe_mid_low"": 430.97, ""pe_low"": 323.23}",489,"{""line1"": 642.51, ""line2"": 569.67, ""line3"": 494.03, ""line4"": 428.59, ""line5"": 387.96}","{""pdi"": 21.94, ""mdi"": 21.02, ""adx"": 2.15}","{""k"": 18.48, ""d"": 26.41, ""j"": 2.62}","{""dif"": -18.95, ""dea"": -20.38, ""dem"": -20.38, ""osc"": 2.85, ""mac"": 2.85}","{""rsi6"": 20.33, ""rsi12"": 35.78, ""rsi24"": 31.57}","{""current"": 107311.0, ""ma5"": 79307.0, ""ma10"": 106204.0, ""vol60"": 139067.0, ""vol120"": 173888.0}","{""ma25"": 479.16, ""ma25_slope"": -1.94, ""vol5"": 79307.0, ""vol60"": 139067.0, ""vol120"": 173888.0, ""vol_ratio_5_60"": 0.5703, ""low_vs_ma25_pct"": -8.1726, ""close_vs_ma25_pct"": -7.7552, ""body_size"": 16.5, ""upper_shadow"": 0.0, ""lower_shadow"": 2.0, ""pullback_count_25ma"": 0, ""first_pullback_flag"": 0, ""hard_filter_pass"": 0, ""pattern_type"": ""trap\u9677\u9631"", ""score"": 0.0}",-40998,-10998,-30000,"{""ema12"": 463.99, ""ema26"": 482.1, ""ema50"": 521.07}",86.46,0.1352,0.019,463.52,"{""bias5"": -3.72, ""bias10"": -4.55, ""bias20"": -6.5}",84.6,-212.63,-107747.5748,"{""k"": 18.48, ""d"": 26.41}",-29,1290.54,-3275602,41.67,853.76,-6.16,2.63,-596674,43.68,445.62,-96.19,,,,,,,,,,,,,-40998,40998,-40998,,,-2,0.8
20260911,4583,台灣精銳,56456,24607412,434.5,440,430.5,433,-9,379,"-11,204",0,0,"{""upper"": 497.59, ""middle"": 465.6, ""lower"": 433.61}","{""upper"": 497.59, ""middle"": 465.6, ""lower"": 433.61}","{""upper"": 497.59, ""middle"": 465.6, ""lower"": 433.61}","{""cdp"": 434.12, ""ah"": 443.62, ""nh"": 437.75, ""nl"": 428.25, ""al"": 424.62}","{""ma5"": 445.2, ""ma10"": 456.95, ""ma20"": 465.6, ""ma25"": 473.0, ""ma60"": 532.38}","{""current_price"": 433.0, ""pb_high"": 1230.97, ""pb_mid_high"": 923.23, ""pb_fair"": 615.48, ""pb_mid_low"": 492.39, ""pb_low"": 307.74}",307.74,"{""current_price"": 433.0, ""pe_high"": 798.58, ""pe_mid_high"": 638.86, ""pe_fair"": 532.38, ""pe_mid_low"": 425.91, ""pe_low"": 319.43}",466.76,"{""line1"": 627.17, ""line2"": 559.02, ""line3"": 485.69, ""line4"": 425.69, ""line5"": 388.99}","{""pdi"": 22.78, ""mdi"": 24.22, ""adx"": 3.06}","{""k"": 10.45, ""d"": 18.26, ""j"": -5.16}","{""dif"": -20.66, ""dea"": -20.38, ""dem"": -20.38, ""osc"": -0.57, ""mac"": -0.57}","{""rsi6"": 2.35, ""rsi12"": 31.79, ""rsi24"": 32.05}","{""current"": 56456.0, ""ma5"": 73814.0, ""ma10"": 73085.0, ""vol60"": 138555.0, ""vol120"": 173369.0}","{""ma25"": 473.0, ""ma25_slope"": -2.88, ""vol5"": 73814.0, ""vol60"": 138555.0, ""vol120"": 173369.0, ""vol_ratio_5_60"": 0.5327, ""low_vs_ma25_pct"": -8.9852, ""close_vs_ma25_pct"": -8.4567, ""body_size"": 1.5, ""upper_shadow"": 5.5, ""lower_shadow"": 2.5, ""pullback_count_25ma"": 0, ""first_pullback_flag"": 0, ""hard_filter_pass"": 0, ""pattern_type"": ""trap\u9677\u9631"", ""score"": 0.0}",-11204,-11204,0,"{""ema12"": 455.12, ""ema26"": 474.73, ""ema50"": 514.36}",73.94,0.1374,-0.0095,453.45,"{""bias5"": -2.74, ""bias10"": -5.24, ""bias20"": -7.0}",75.46,-167.54,0,"{""k"": 10.45, ""d"": 18.26}",-35.5,1193.81,-1953145,33.33,860.87,-7.58,2.92,-532659,31.19,434.12,-95.97,,,,,,,,,,,,,-11204,11204,-11204,,,-3,0.6
20260914,4583,台灣精銳,35737,15346689,424,434,424,430,-3,264,202,0,0,"{""upper"": 495.71, ""middle"": 462.27, ""lower"": 428.84}","{""upper"": 495.71, ""middle"": 462.27, ""lower"": 428.84}","{""upper"": 495.71, ""middle"": 462.27, ""lower"": 428.84}","{""cdp"": 429.5, ""ah"": 439.5, ""nh"": 435.0, ""nl"": 425.0, ""al"": 419.5}","{""ma5"": 438.0, ""ma10"": 452.9, ""ma20"": 462.27, ""ma25"": 469.96, ""ma60"": 529.15}","{""current_price"": 430.0, ""pb_high"": 1227.43, ""pb_mid_high"": 920.58, ""pb_fair"": 613.72, ""pb_mid_low"": 490.97, ""pb_low"": 306.86}",306.86,"{""current_price"": 430.0, ""pe_high"": 793.72, ""pe_mid_high"": 634.98, ""pe_fair"": 529.15, ""pe_mid_low"": 423.32, ""pe_low"": 317.49}",462.22,"{""line1"": 616.63, ""line2"": 552.57, ""line3"": 481.17, ""line4"": 426.43, ""line5"": 392.97}","{""pdi"": 23.06, ""mdi"": 24.51, ""adx"": 3.06}","{""k"": 10.94, ""d"": 16.17, ""j"": 0.48}","{""dif"": -21.34, ""dea"": -20.61, ""dem"": -20.61, ""osc"": -1.46, ""mac"": -1.46}","{""rsi6"": 2.94, ""rsi12"": 31.31, ""rsi24"": 31.89}","{""current"": 35737.0, ""ma5"": 66416.0, ""ma10"": 67598.0, ""vol60"": 138027.0, ""vol120"": 172568.0}","{""ma25"": 469.96, ""ma25_slope"": -2.92, ""vol5"": 66416.0, ""vol60"": 138027.0, ""vol120"": 172568.0, ""vol_ratio_5_60"": 0.4812, ""low_vs_ma25_pct"": -9.7796, ""close_vs_ma25_pct"": -8.5029, ""body_size"": 6.0, ""upper_shadow"": 4.0, ""lower_shadow"": 0.0, ""pullback_count_25ma"": 0, ""first_pullback_flag"": 0, ""hard_filter_pass"": 0, ""pattern_type"": ""trap\u9677\u9631"", ""score"": 0.0}",202,202,0,"{""ema12"": 450.85, ""ema26"": 471.5, ""ema50"": 511.03}",79.91,0.1447,0.0174,449.14,"{""bias5"": -1.83, ""bias10"": -5.06, ""bias20"": -6.98}",74.17,-142.17,0,"{""k"": 10.94, ""d"": 16.17}",-37,1193.81,-1327237,33.33,950.64,-7.92,8,-247279,31.9,429.5,-91.24,,,,,,,,,,,,,202,-202,202,,,-5,0.33
20260915,4583,台灣精銳,69581,29658274,426.5,432,420,420,-10,258,"-12,000","-11,000",0,"{""upper"": 497.36, ""middle"": 461.77, ""lower"": 426.19}","{""upper"": 497.36, ""middle"": 461.77, ""lower"": 426.19}","{""upper"": 497.36, ""middle"": 461.77, ""lower"": 426.19}","{""cdp"": 429.5, ""ah"": 439.5, ""nh"": 435.0, ""nl"": 425.0, ""al"": 419.5}","{""ma5"": 436.0, ""ma10"": 451.9, ""ma20"": 461.77, ""ma25"": 469.56, ""ma60"": 528.98}","{""current_price"": 420.0, ""pb_high"": 1227.27, ""pb_mid_high"": 920.45, ""pb_fair"": 613.63, ""pb_mid_low"": 490.91, ""pb_low"": 306.82}",306.82,"{""current_price"": 420.0, ""pe_high"": 793.48, ""pe_mid_high"": 634.78, ""pe_fair"": 528.98, ""pe_mid_low"": 423.19, ""pe_low"": 317.39}",462.14,"{""line1"": 617.41, ""line2"": 552.85, ""line3"": 480.89, ""line4"": 425.41, ""line5"": 391.49}","{""pdi"": 22.84, ""mdi"": 26.2, ""adx"": 6.86}","{""k"": 8.02, ""d"": 15.2, ""j"": -6.33}","{""dif"": -22.14, ""dea"": -20.77, ""dem"": -20.77, ""osc"": -2.74, ""mac"": -2.74}","{""rsi6"": 2.27, ""rsi12"": 28.44, ""rsi24"": 30.34}","{""current"": 69581.0, ""ma5"": 73184.0, ""ma10"": 70982.0, ""vol60"": 138591.0, ""vol120"": 172850.0}","{""ma25"": 469.56, ""ma25_slope"": -3.32, ""vol5"": 73184.0, ""vol60"": 138591.0, ""vol120"": 172850.0, ""vol_ratio_5_60"": 0.5281, ""low_vs_ma25_pct"": -10.5546, ""close_vs_ma25_pct"": -10.5546, ""body_size"": 6.5, ""upper_shadow"": 5.5, ""lower_shadow"": 0.0, ""pullback_count_25ma"": 0, ""first_pullback_flag"": 0, ""hard_filter_pass"": 0, ""pattern_type"": ""trap\u9677\u9631"", ""score"": 0.0}",-23000,-12000,-11000,"{""ema12"": 449.31, ""ema26"": 470.76, ""ema50"": 510.64}",75.7,0.1541,-0.087,447.57,"{""bias5"": -3.67, ""bias10"": -7.06, ""bias20"": -9.05}",72.13,-161.09,-51738.2619,"{""k"": 8.02, ""d"": 15.2}",-47,1222.24,-1396818,33.33,950.64,-10.06,0,-352597,30.59,423,-100,,,,,,,,,,,,,-23000,23000,-23000,,,-6,0.29
20260916,4583,台灣精銳,75432,31954310,420,429,419.5,422,2,241,"26,105","-2,000",0,"{""upper"": 494.3, ""middle"": 455.6, ""lower"": 416.9}","{""upper"": 494.3, ""middle"": 455.6, ""lower"": 416.9}","{""upper"": 494.3, ""middle"": 455.6, ""lower"": 416.9}","{""cdp"": 423.12, ""ah"": 432.62, ""nh"": 426.75, ""nl"": 417.25, ""al"": 413.62}","{""ma5"": 425.4, ""ma10"": 442.25, ""ma20"": 455.6, ""ma25"": 463.28, ""ma60"": 522.08}","{""current_price"": 422.0, ""pb_high"": 1219.97, ""pb_mid_high"": 914.98, ""pb_fair"": 609.98, ""pb_mid_low"": 487.99, ""pb_low"": 304.99}",304.99,"{""current_price"": 422.0, ""pe_high"": 783.12, ""pe_mid_high"": 626.5, ""pe_fair"": 522.08, ""pe_mid_low"": 417.67, ""pe_low"": 313.25}",439.59,"{""line1"": 597.97, ""line2"": 541.27, ""line3"": 472.44, ""line4"": 425.25, ""line5"": 397.16}","{""pdi"": 21.39, ""mdi"": 25.96, ""adx"": 9.64}","{""k"": 5.53, ""d"": 10.05, ""j"": -3.5}","{""dif"": -22.87, ""dea"": -21.5, ""dem"": -21.5, ""osc"": -2.75, ""mac"": -2.75}","{""rsi6"": 5.41, ""rsi12"": 26.42, ""rsi24"": 31.62}","{""current"": 75432.0, ""ma5"": 62528.0, ""ma10"": 70918.0, ""vol60"": 138595.0, ""vol120"": 171837.0}","{""ma25"": 463.28, ""ma25_slope"": -3.12, ""vol5"": 62528.0, ""vol60"": 138595.0, ""vol120"": 171837.0, ""vol_ratio_5_60"": 0.4512, ""low_vs_ma25_pct"": -9.45, ""close_vs_ma25_pct"": -8.9104, ""body_size"": 2.0, ""upper_shadow"": 7.0, ""lower_shadow"": 0.5, ""pullback_count_25ma"": 0, ""first_pullback_flag"": 0, ""hard_filter_pass"": 0, ""pattern_type"": ""trap\u9677\u9631"", ""score"": 0.0}",24105,26105,-2000,"{""ema12"": 441.78, ""ema26"": 464.21, ""ema50"": 503.63}",79.3,0.1699,0.0659,439.57,"{""bias5"": -0.8, ""bias10"": -4.58, ""bias20"": -7.37}",75.27,-103.2,0,"{""k"": 5.53, ""d"": 10.05}",-45.5,1216.45,-1718443,33.33,1003.23,-9.73,3.42,-43732,40.32,423.12,-96.58,,,,,,,,,,,,,24105,-24105,24105,,,-5,0.33
20260917,4583,台灣精銳,101526,42780806,424.5,426.5,419,420,-2,282,"28,000",0,0,"{""upper"": 494.56, ""middle"": 455.5, ""lower"": 416.44}","{""upper"": 494.56, ""middle"": 455.5, ""lower"": 416.44}","{""upper"": 494.56, ""middle"": 455.5, ""lower"": 416.44}","{""cdp"": 423.12, ""ah"": 432.62, ""nh"": 426.75, ""nl"": 417.25, ""al"": 413.62}","{""ma5"": 425.0, ""ma10"": 442.05, ""ma20"": 455.5, ""ma25"": 463.2, ""ma60"": 522.05}","{""current_price"": 420.0, ""pb_high"": 1219.93, ""pb_mid_high"": 914.95, ""pb_fair"": 609.97, ""pb_mid_low"": 487.97, ""pb_low"": 304.98}",304.98,"{""current_price"": 420.0, ""pe_high"": 783.07, ""pe_mid_high"": 626.46, ""pe_fair"": 522.05, ""pe_mid_low"": 417.64, ""pe_low"": 313.23}",439.58,"{""line1"": 598.14, ""line2"": 541.34, ""line3"": 472.39, ""line4"": 425.03, ""line5"": 396.84}","{""pdi"": 21.6, ""mdi"": 26.46, ""adx"": 10.1}","{""k"": 4.82, ""d"": 9.81, ""j"": -5.16}","{""dif"": -23.03, ""dea"": -21.53, ""dem"": -21.53, ""osc"": -3.0, ""mac"": -3.0}","{""rsi6"": 5.13, ""rsi12"": 25.89, ""rsi24"": 31.31}","{""current"": 101526.0, ""ma5"": 67746.0, ""ma10"": 73527.0, ""vol60"": 139030.0, ""vol120"": 172055.0}","{""ma25"": 463.2, ""ma25_slope"": -3.2, ""vol5"": 67746.0, ""vol60"": 139030.0, ""vol120"": 172055.0, ""vol_ratio_5_60"": 0.4873, ""low_vs_ma25_pct"": -9.5423, ""close_vs_ma25_pct"": -9.3264, ""body_size"": 4.5, ""upper_shadow"": 2.0, ""lower_shadow"": 1.0, ""pullback_count_25ma"": 0, ""first_pullback_flag"": 0, ""hard_filter_pass"": 0, ""pattern_type"": ""trap\u9677\u9631"", ""score"": 0.0}",28000,28000,0,"{""ema12"": 441.47, ""ema26"": 464.06, ""ema50"": 503.55}",74.32,0.1715,0.0456,439.26,"{""bias5"": -1.18, ""bias10"": -4.99, ""bias20"": -7.79}",74.02,-108.18,-11080.9054,"{""k"": 4.82, ""d"": 9.81}",-47.5,1222.24,-1819969,33.33,1003.23,-10.16,1.36,-220690,37.6,421.38,-98.64,,,,,,,,,,,,,28000,-28000,28000,,,-6,0.29
20260918,4583,台灣精銳,85606,36894983,424,436.5,422.5,431.5,11.5,219,-396,"-3,000",0,"{""upper"": 491.58, ""middle"": 453.02, ""lower"": 414.47}","{""upper"": 491.58, ""middle"": 453.02, ""lower"": 414.47}","{""upper"": 491.58, ""middle"": 453.02, ""lower"": 414.47}","{""cdp"": 421.38, ""ah"": 428.88, ""nh"": 423.75, ""nl"": 416.25, ""al"": 413.88}","{""ma5"": 424.7, ""ma10"": 437.85, ""ma20"": 453.02, ""ma25"": 460.58, ""ma60"": 518.74}","{""current_price"": 431.5, ""pb_high"": 1216.69, ""pb_mid_high"": 912.52, ""pb_fair"": 608.35, ""pb_mid_low"": 486.68, ""pb_low"": 304.17}",304.17,"{""current_price"": 431.5, ""pe_high"": 778.11, ""pe_mid_high"": 622.49, ""pe_fair"": 518.74, ""pe_mid_low"": 414.99, ""pe_low"": 311.25}",419.35,"{""line1"": 591.23, ""line2"": 536.62, ""line3"": 469.35, ""line4"": 424.55, ""line5"": 398.07}","{""pdi"": 26.08, ""mdi"": 22.01, ""adx"": 8.46}","{""k"": 11.81, ""d"": 10.48, ""j"": 14.46}","{""dif"": -22.12, ""dea"": -21.65, ""dem"": -21.65, ""osc"": -0.94, ""mac"": -0.94}","{""rsi6"": 36.0, ""rsi12"": 26.26, ""rsi24"": 30.12}","{""current"": 85606.0, ""ma5"": 73576.0, ""ma10"": 76080.0, ""vol60"": 138263.0, ""vol120"": 171686.0}","{""ma25"": 460.58, ""ma25_slope"": -2.62, ""vol5"": 73576.0, ""vol60"": 138263.0, ""vol120"": 171686.0, ""vol_ratio_5_60"": 0.5321, ""low_vs_ma25_pct"": -8.2678, ""close_vs_ma25_pct"": -6.3138, ""body_size"": 7.5, ""upper_shadow"": 5.0, ""lower_shadow"": 1.5, ""pullback_count_25ma"": 0, ""first_pullback_flag"": 0, ""hard_filter_pass"": 0, ""pattern_type"": ""trap\u9677\u9631"", ""score"": 0.0}",-3396,-396,-3000,"{""ema12"": 439.6, ""ema26"": 461.74, ""ema50"": 500.42}",75.41,0.1702,0.2208,437.96,"{""bias5"": 1.6, ""bias10"": -1.45, ""bias20"": -4.75}",84.04,-66.16,110389.4587,"{""k"": 11.81, ""d"": 10.48}",-47,1222.24,-1881207,33.33,957.54,-9.82,17.01,51596,46.65,430.5,-82.99,,,,,,,,,,,,,-3396,3396,-3396,,,-4,0.5
20260921,4583,台灣精銳,40870,17662140,443.5,443.5,426.5,434,2.5,204,"-9,886",-859,0,"{""upper"": 489.65, ""middle"": 451.18, ""lower"": 412.7}","{""upper"": 489.65, ""middle"": 451.18, ""lower"": 412.7}","{""upper"": 489.65, ""middle"": 451.18, ""lower"": 412.7}","{""cdp"": 430.5, ""ah"": 444.5, ""nh"": 438.5, ""nl"": 424.5, ""al"": 416.5}","{""ma5"": 425.5, ""ma10"": 435.05, ""ma20"": 451.18, ""ma25"": 457.46, ""ma60"": 515.67}","{""current_price"": 434.0, ""pb_high"": 1213.29, ""pb_mid_high"": 909.97, ""pb_fair"": 606.65, ""pb_mid_low"": 485.32, ""pb_low"": 303.32}",303.32,"{""current_price"": 434.0, ""pe_high"": 773.51, ""pe_mid_high"": 618.81, ""pe_fair"": 515.67, ""pe_mid_low"": 412.54, ""pe_low"": 309.4}",419.49,"{""line1"": 588.77, ""line2"": 533.9, ""line3"": 467.88, ""line4"": 422.49, ""line5"": 395.57}","{""pdi"": 24.53, ""mdi"": 21.5, ""adx"": 6.6}","{""k"": 19.23, ""d"": 13.4, ""j"": 30.91}","{""dif"": -20.95, ""dea"": -21.51, ""dem"": -21.51, ""osc"": 1.12, ""mac"": 1.12}","{""rsi6"": 51.61, ""rsi12"": 33.53, ""rsi24"": 34.05}","{""current"": 40870.0, ""ma5"": 74603.0, ""ma10"": 72136.0, ""vol60"": 137290.0, ""vol120"": 171133.0}","{""ma25"": 457.46, ""ma25_slope"": -3.12, ""vol5"": 74603.0, ""vol60"": 137290.0, ""vol120"": 171133.0, ""vol_ratio_5_60"": 0.5434, ""low_vs_ma25_pct"": -6.7678, ""close_vs_ma25_pct"": -5.1283, ""body_size"": 9.5, ""upper_shadow"": 0.0, ""lower_shadow"": 7.5, ""pullback_count_25ma"": 0, ""first_pullback_flag"": 0, ""hard_filter_pass"": 0, ""pattern_type"": ""trap\u9677\u9631"", ""score"": 0.0}",-10745,-9886,-859,"{""ema12"": 438.78, ""ema26"": 459.5, ""ema50"": 497.79}",75.59,0.1706,0.2768,437.8,"{""bias5"": 2.0, ""bias10"": -0.24, ""bias20"": -3.81}",85.99,-43.39,228774.162,"{""k"": 19.23, ""d"": 13.4}",-28,1217.4,-1722888,41.67,952.02,-6.06,20.41,127071,59.41,434.5,-79.59,,,,,,,,,,,,,-10745,10745,-10745,,,-3,0.5
20260922,4583,台灣精銳,45215,19525474,435,439,427,429,-5,246,"-13,000",0,0,"{""upper"": 487.58, ""middle"": 449.07, ""lower"": 410.57}","{""upper"": 487.58, ""middle"": 449.07, ""lower"": 410.57}","{""upper"": 487.58, ""middle"": 449.07, ""lower"": 410.57}","{""cdp"": 434.5, ""ah"": 451.5, ""nh"": 442.5, ""nl"": 425.5, ""al"": 417.5}","{""ma5"": 427.3, ""ma10"": 431.65, ""ma20"": 449.07, ""ma25"": 454.88, ""ma60"": 512.64}","{""current_price"": 429.0, ""pb_high"": 1209.46, ""pb_mid_high"": 907.09, ""pb_fair"": 604.73, ""pb_mid_low"": 483.78, ""pb_low"": 302.36}",302.36,"{""current_price"": 429.0, ""pe_high"": 768.96, ""pe_mid_high"": 615.17, ""pe_fair"": 512.64, ""pe_mid_low"": 410.11, ""pe_low"": 307.58}",419.49,"{""line1"": 586.58, ""line2"": 531.03, ""line3"": 467.28, ""line4"": 419.69, ""line5"": 392.15}","{""pdi"": 20.84, ""mdi"": 21.55, ""adx"": 1.66}","{""k"": 21.26, ""d"": 16.02, ""j"": 31.75}","{""dif"": -20.19, ""dea"": -21.24, ""dem"": -21.24, ""osc"": 2.1, ""mac"": 2.1}","{""rsi6"": 48.48, ""rsi12"": 21.66, ""rsi24"": 32.45}","{""current"": 45215.0, ""ma5"": 69730.0, ""ma10"": 71457.0, ""vol60"": 136776.0, ""vol120"": 170246.0}","{""ma25"": 454.88, ""ma25_slope"": -2.58, ""vol5"": 69730.0, ""vol60"": 136776.0, ""vol120"": 170246.0, ""vol_ratio_5_60"": 0.5098, ""low_vs_ma25_pct"": -6.1291, ""close_vs_ma25_pct"": -5.6894, ""body_size"": 6.0, ""upper_shadow"": 4.0, ""lower_shadow"": 2.0, ""pullback_count_25ma"": 0, ""first_pullback_flag"": 0, ""hard_filter_pass"": 0, ""pattern_type"": ""trap\u9677\u9631"", ""score"": 0.0}",-13000,-13000,0,"{""ema12"": 436.85, ""ema26"": 457.21, ""ema50"": 495.09}",70.64,0.1715,0.2393,436.89,"{""bias5"": 0.4, ""bias10"": -0.61, ""bias20"": -4.47}",78.16,-46.57,-53079.7302,"{""k"": 21.26, ""d"": 16.02}",-44.5,1226.69,-1621843,33.33,952.02,-9.4,13.61,27360,46.44,431,-86.39,,,,,,,,,,,,,-13000,13000,-13000,,,-3,0.5
20260923,4583,台灣精銳,18737,8029526,426,434,426,430.5,1.5,118,"5,000",0,0,"{""upper"": 486.21, ""middle"": 447.45, ""lower"": 408.69}","{""upper"": 486.21, ""middle"": 447.45, ""lower"": 408.69}","{""upper"": 486.21, ""middle"": 447.45, ""lower"": 408.69}","{""cdp"": 431.0, ""ah"": 443.0, ""nh"": 435.0, ""nl"": 423.0, ""al"": 419.0}","{""ma5"": 429.0, ""ma10"": 429.2, ""ma20"": 447.45, ""ma25"": 452.28, ""ma60"": 509.82}","{""current_price"": 430.5, ""pb_high"": 1205.32, ""pb_mid_high"": 903.99, ""pb_fair"": 602.66, ""pb_mid_low"": 482.13, ""pb_low"": 301.33}",301.33,"{""current_price"": 430.5, ""pe_high"": 764.73, ""pe_mid_high"": 611.78, ""pe_fair"": 509.82, ""pe_mid_low"": 407.85, ""pe_low"": 305.89}",419.49,"{""line1"": 584.49, ""line2"": 527.91, ""line3"": 466.88, ""line4"": 417.23, ""line5"": 389.27}","{""pdi"": 16.8, ""mdi"": 24.67, ""adx"": 18.99}","{""k"": 29.82, ""d"": 20.62, ""j"": 48.22}","{""dif"": -19.25, ""dea"": -20.84, ""dem"": -20.84, ""osc"": 3.19, ""mac"": 3.19}","{""rsi6"": 71.43, ""rsi12"": 27.01, ""rsi24"": 37.61}","{""current"": 18737.0, ""ma5"": 58391.0, ""ma10"": 63647.0, ""vol60"": 134837.0, ""vol120"": 166959.0}","{""ma25"": 452.28, ""ma25_slope"": -2.6, ""vol5"": 58391.0, ""vol60"": 134837.0, ""vol120"": 166959.0, ""vol_ratio_5_60"": 0.433, ""low_vs_ma25_pct"": -5.8106, ""close_vs_ma25_pct"": -4.8156, ""body_size"": 4.5, ""upper_shadow"": 3.5, ""lower_shadow"": 0.0, ""pullback_count_25ma"": 0, ""first_pullback_flag"": 0, ""hard_filter_pass"": 0, ""pattern_type"": ""trap\u9677\u9631"", ""score"": 0.0}",5000,5000,0,"{""ema12"": 436.03, ""ema26"": 455.15, ""ema50"": 492.73}",80.3,0.1732,0.2813,436.16,"{""bias5"": 0.35, ""bias10"": 0.3, ""bias20"": -3.79}",84.86,-46.02,-128088.8082,"{""k"": 29.82, ""d"": 20.62}",-31.5,1224.24,-1358624,41.67,948.7,-6.82,15.65,-5203,52.26,430.25,-83.8,,,,,,,,,,,,,5000,-5000,5000,,,-3,0.8
20260924,4583,台灣精銳,20683,8866857,425,432.5,425,429,-1.5,106,"-2,000",0,0,"{""upper"": 481.17, ""middle"": 443.57, ""lower"": 405.98}","{""upper"": 481.17, ""middle"": 443.57, ""lower"": 405.98}","{""upper"": 481.17, ""middle"": 443.57, ""lower"": 405.98}","{""cdp"": 428.88, ""ah"": 436.38, ""nh"": 432.75, ""nl"": 425.25, ""al"": 421.38}","{""ma5"": 430.3, ""ma10"": 427.5, ""ma20"": 443.57, ""ma25"": 448.48, ""ma60"": 504.88}","{""current_price"": 429.0, ""pb_high"": 1197.7, ""pb_mid_high"": 898.28, ""pb_fair"": 598.85, ""pb_mid_low"": 479.08, ""pb_low"": 299.43}",299.43,"{""current_price"": 429.0, ""pe_high"": 757.33, ""pe_mid_high"": 605.86, ""pe_fair"": 504.88, ""pe_mid_low"": 403.91, ""pe_low"": 302.93}",443.13,"{""line1"": 580.23, ""line2"": 521.88, ""line3"": 463.53, ""line4"": 412.66, ""line5"": 383.98}","{""pdi"": 10.56, ""mdi"": 27.95, ""adx"": 45.16}","{""k"": 35.93, ""d"": 28.58, ""j"": 50.62}","{""dif"": -17.55, ""dea"": -19.8, ""dem"": -19.8, ""osc"": 4.5, ""mac"": 4.5}","{""rsi6"": 70.45, ""rsi12"": 28.69, ""rsi24"": 36.0}","{""current"": 20683.0, ""ma5"": 29238.0, ""ma10"": 51407.0, ""vol60"": 131378.0, ""vol120"": 163654.0}","{""ma25"": 448.48, ""ma25_slope"": -2.08, ""vol5"": 29238.0, ""vol60"": 131378.0, ""vol120"": 163654.0, ""vol_ratio_5_60"": 0.2225, ""low_vs_ma25_pct"": -5.2355, ""close_vs_ma25_pct"": -4.3436, ""body_size"": 4.0, ""upper_shadow"": 3.5, ""lower_shadow"": 0.0, ""pullback_count_25ma"": 0, ""first_pullback_flag"": 0, ""hard_filter_pass"": 0, ""pattern_type"": ""trap\u9677\u9631"", ""score"": 0.0}",-2000,-2000,0,"{""ema12"": 433.88, ""ema26"": 451.26, ""ema50"": 488.59}",94.25,0.1695,0.3061,434.18,"{""bias5"": -0.3, ""bias10"": 0.35, ""bias20"": -3.29}",94.74,-42.52,0,"{""k"": 35.93, ""d"": 28.58}",-26,1221.15,-734197,33.33,977.34,-5.71,13.61,58630,54.47,428.88,-79.38,,,,,,,,,,,,,-2000,2000,-2000,,,-2,1
20260929,4583,台灣精銳,38563,16647564,429,437,429,429,0,171,"-7,000",0,0,"{""upper"": 481.17, ""middle"": 443.57, ""lower"": 405.98}","{""upper"": 481.17, ""middle"": 443.57, ""lower"": 405.98}","{""upper"": 481.17, ""middle"": 443.57, ""lower"": 405.98}","{""cdp"": 428.88, ""ah"": 436.38, ""nh"": 432.75, ""nl"": 425.25, ""al"": 421.38}","{""ma5"": 430.3, ""ma10"": 427.5, ""ma20"": 443.57, ""ma25"": 448.48, ""ma60"": 504.88}","{""current_price"": 429.0, ""pb_high"": 1197.7, ""pb_mid_high"": 898.28, ""pb_fair"": 598.85, ""pb_mid_low"": 479.08, ""pb_low"": 299.43}",299.43,"{""current_price"": 429.0, ""pe_high"": 757.33, ""pe_mid_high"": 605.86, ""pe_fair"": 504.88, ""pe_mid_low"": 403.91, ""pe_low"": 302.93}",443.13,"{""line1"": 580.23, ""line2"": 521.88, ""line3"": 463.53, ""line4"": 412.66, ""line5"": 383.98}","{""pdi"": 13.31, ""mdi"": 27.86, ""adx"": 35.34}","{""k"": 35.93, ""d"": 28.58, ""j"": 50.62}","{""dif"": -17.55, ""dea"": -19.8, ""dem"": -19.8, ""osc"": 4.5, ""mac"": 4.5}","{""rsi6"": 70.45, ""rsi12"": 28.69, ""rsi24"": 36.0}","{""current"": 38563.0, ""ma5"": 32814.0, ""ma10"": 53195.0, ""vol60"": 131676.0, ""vol120"": 163803.0}","{""ma25"": 448.48, ""ma25_slope"": -2.08, ""vol5"": 32814.0, ""vol60"": 131676.0, ""vol120"": 163803.0, ""vol_ratio_5_60"": 0.2492, ""low_vs_ma25_pct"": -4.3436, ""close_vs_ma25_pct"": -4.3436, ""body_size"": 0.0, ""upper_shadow"": 8.0, ""lower_shadow"": 0.0, ""pullback_count_25ma"": 0, ""first_pullback_flag"": 0, ""hard_filter_pass"": 0, ""pattern_type"": ""trap\u9677\u9631"", ""score"": 0.0}",-7000,-7000,0,"{""ema12"": 433.88, ""ema26"": 451.26, ""ema50"": 488.59}",94.54,0.1695,0.3061,434.18,"{""bias5"": -0.3, ""bias10"": 0.35, ""bias20"": -3.29}",99.43,-23.03,88167.4144,"{""k"": 35.93, ""d"": 28.58}",-26,1221.15,-734197,33.33,977.34,-5.71,13.61,37947,54.76,431,-79.38,,,,,,,,,,,,,-7000,7000,-7000,,,-2,1
20260930,4583,台灣精銳,85489,36560233,429,432,422,426.5,-2.5,302,"-13,997",0,0,"{""upper"": 479.4, ""middle"": 441.9, ""lower"": 404.4}","{""upper"": 479.4, ""middle"": 441.9, ""lower"": 404.4}","{""upper"": 479.4, ""middle"": 441.9, ""lower"": 404.4}","{""cdp"": 431.0, ""ah"": 439.0, ""nh"": 433.0, ""nl"": 425.0, ""al"": 423.0}","{""ma5"": 428.8, ""ma10"": 427.15, ""ma20"": 441.9, ""ma25"": 446.7, ""ma60"": 502.09}","{""current_price"": 426.5, ""pb_high"": 1194.41, ""pb_mid_high"": 895.81, ""pb_fair"": 597.2, ""pb_mid_low"": 477.76, ""pb_low"": 298.6}",298.6,"{""current_price"": 426.5, ""pe_high"": 753.14, ""pe_mid_high"": 602.51, ""pe_fair"": 502.09, ""pe_mid_low"": 401.67, ""pe_low"": 301.25}",438.66,"{""line1"": 576.13, ""line2"": 517.82, ""line3"": 461.07, ""line4"": 410.5, ""line5"": 382.56}","{""pdi"": 13.19, ""mdi"": 30.06, ""adx"": 39.01}","{""k"": 34.16, ""d"": 30.44, ""j"": 41.59}","{""dif"": -16.87, ""dea"": -19.21, ""dem"": -19.21, ""osc"": 4.69, ""mac"": 4.69}","{""rsi6"": 30.77, ""rsi12"": 34.65, ""rsi24"": 35.41}","{""current"": 85489.0, ""ma5"": 41737.0, ""ma10"": 58170.0, ""vol60"": 132252.0, ""vol120"": 162921.0}","{""ma25"": 446.7, ""ma25_slope"": -1.78, ""vol5"": 41737.0, ""vol60"": 132252.0, ""vol120"": 162921.0, ""vol_ratio_5_60"": 0.3156, ""low_vs_ma25_pct"": -5.5294, ""close_vs_ma25_pct"": -4.5221, ""body_size"": 2.5, ""upper_shadow"": 3.0, ""lower_shadow"": 4.5, ""pullback_count_25ma"": 0, ""first_pullback_flag"": 0, ""hard_filter_pass"": 0, ""pattern_type"": ""trap\u9677\u9631"", ""score"": 0.0}",-13997,-13997,0,"{""ema12"": 432.6, ""ema26"": 449.53, ""ema50"": 485.99}",100.3,0.1697,0.2947,432.85,"{""bias5"": -0.54, ""bias10"": -0.15, ""bias20"": -3.48}",91.69,-57.17,-70184.4682,"{""k"": 34.16, ""d"": 30.44}",-15.5,1228.31,-1018105,33.33,942.02,-3.51,10.2,-416952,38.66,426.75,-82.95,,,,,,,,,,,,,-13997,13997,-13997,,,-4,1
20261001,4583,台灣精銳,79949,33663536,426,426.5,413.5,419.5,-7,411,"-31,082",0,0,"{""upper"": 469.62, ""middle"": 436.55, ""lower"": 403.48}","{""upper"": 469.62, ""middle"": 436.55, ""lower"": 403.48}","{""upper"": 469.62, ""middle"": 436.55, ""lower"": 403.48}","{""cdp"": 419.75, ""ah"": 432.75, ""nh"": 426.0, ""nl"": 413.0, ""al"": 406.75}","{""ma5"": 424.7, ""ma10"": 426.85, ""ma20"": 436.55, ""ma25"": 442.9, ""ma60"": 495.71}","{""current_price"": 419.5, ""pb_high"": 1187.16, ""pb_mid_high"": 890.37, ""pb_fair"": 593.58, ""pb_mid_low"": 474.86, ""pb_low"": 296.79}",296.79,"{""current_price"": 419.5, ""pe_high"": 743.56, ""pe_mid_high"": 594.85, ""pe_fair"": 495.71, ""pe_mid_low"": 396.57, ""pe_low"": 297.42}",436.53,"{""line1"": 569.45, ""line2"": 510.55, ""line3"": 456.38, ""line4"": 405.65, ""line5"": 378.23}","{""pdi"": 13.83, ""mdi"": 24.76, ""adx"": 28.33}","{""k"": 26.29, ""d"": 28.83, ""j"": 21.21}","{""dif"": -16.38, ""dea"": -18.24, ""dem"": -18.24, ""osc"": 3.72, ""mac"": 3.72}","{""rsi6"": 12.0, ""rsi12"": 38.46, ""rsi24"": 33.22}","{""current"": 79949.0, ""ma5"": 60927.0, ""ma10"": 59659.0, ""vol60"": 128660.0, ""vol120"": 162445.0}","{""ma25"": 442.9, ""ma25_slope"": -1.74, ""vol5"": 60927.0, ""vol60"": 128660.0, ""vol120"": 162445.0, ""vol_ratio_5_60"": 0.4735, ""low_vs_ma25_pct"": -6.6381, ""close_vs_ma25_pct"": -5.2834, ""body_size"": 6.5, ""upper_shadow"": 0.5, ""lower_shadow"": 6.0, ""pullback_count_25ma"": 0, ""first_pullback_flag"": 0, ""hard_filter_pass"": 0, ""pattern_type"": ""trap\u9677\u9631"", ""score"": 0.0}",-31082,-31082,0,"{""ema12"": 428.94, ""ema26"": 444.46, ""ema50"": 480.71}",85.63,0.1515,0.2422,428.8,"{""bias5"": -1.22, ""bias10"": -1.72, ""bias20"": -3.91}",92.16,-121.49,0,"{""k"": 26.29, ""d"": 28.83}",-10.5,1170.05,-1038535,33.33,961.62,-2.44,7.59,-587613,40.19,419.75,-80,,,,,,,,,,,,,-31082,31082,-31082,,,-5,0.75
20261002,4583,台灣精銳,53531,22448233,419,423.5,415,422.5,3,259,0,0,0,"{""upper"": 469.48, ""middle"": 436.7, ""lower"": 403.92}","{""upper"": 469.48, ""middle"": 436.7, ""lower"": 403.92}","{""upper"": 469.48, ""middle"": 436.7, ""lower"": 403.92}","{""cdp"": 419.75, ""ah"": 432.75, ""nh"": 426.0, ""nl"": 413.0, ""al"": 406.75}","{""ma5"": 425.3, ""ma10"": 427.15, ""ma20"": 436.7, ""ma25"": 443.02, ""ma60"": 495.76}","{""current_price"": 422.5, ""pb_high"": 1187.21, ""pb_mid_high"": 890.41, ""pb_fair"": 593.6, ""pb_mid_low"": 474.88, ""pb_low"": 296.8}",296.8,"{""current_price"": 422.5, ""pe_high"": 743.64, ""pe_mid_high"": 594.91, ""pe_fair"": 495.76, ""pe_mid_low"": 396.61, ""pe_low"": 297.45}",436.53,"{""line1"": 569.27, ""line2"": 510.5, ""line3"": 456.46, ""line4"": 405.93, ""line5"": 378.61}","{""pdi"": 14.24, ""mdi"": 25.5, ""adx"": 28.33}","{""k"": 29.63, ""d"": 29.95, ""j"": 28.98}","{""dif"": -16.14, ""dea"": -18.19, ""dem"": -18.19, ""osc"": 4.11, ""mac"": 4.11}","{""rsi6"": 29.03, ""rsi12"": 42.27, ""rsi24"": 34.56}","{""current"": 53531.0, ""ma5"": 55643.0, ""ma10"": 57017.0, ""vol60"": 128220.0, ""vol120"": 162225.0}","{""ma25"": 443.02, ""ma25_slope"": -1.62, ""vol5"": 55643.0, ""vol60"": 128220.0, ""vol120"": 162225.0, ""vol_ratio_5_60"": 0.434, ""low_vs_ma25_pct"": -6.3248, ""close_vs_ma25_pct"": -4.6318, ""body_size"": 3.5, ""upper_shadow"": 1.0, ""lower_shadow"": 4.0, ""pullback_count_25ma"": 0, ""first_pullback_flag"": 0, ""hard_filter_pass"": 0, ""pattern_type"": ""trap\u9677\u9631"", ""score"": 0.0}",0,0,0,"{""ema12"": 429.4, ""ema26"": 444.68, ""ema50"": 480.83}",92.31,0.1501,0.2834,429.27,"{""bias5"": -0.66, ""bias10"": -1.09, ""bias20"": -3.25}",91.24,-115.36,-11908.9873,"{""k"": 29.63, ""d"": 29.95}",-7.5,1170.05,-985004,41.67,954.79,-1.74,11.39,-454133,42.33,420.88,-70,,,,,,,,,,,,,0,0,0,,,-4,1
