資料日期,股票代號,股票名稱,20261008成交量,20261007成交量,20261006成交量,20261005成交量,20261002成交量,20261001成交量,20260930成交量,20260929成交量,20260924成交量,20260923成交量,20260922成交量,20260921成交量,20260918成交量,20260917成交量,20260916成交量,20260915成交量,20260914成交量,20260911成交量,20260910成交量,20260909成交量,20260908成交量,20260907成交量,20260904成交量,20260903成交量,20260902成交量,20260901成交量,20260831成交量,20260828成交量,20260827成交量,20260826成交量,近3日平均成交量,最新成交量占個股近3日總量(%),最新成交量占全市場近3日總量(%),近5日平均成交量,最新成交量占個股近5日總量(%),最新成交量占全市場近5日總量(%),近10日平均成交量,最新成交量占個股近10日總量(%),最新成交量占全市場近10日總量(%),近15日平均成交量,最新成交量占個股近15日總量(%),最新成交量占全市場近15日總量(%),近20日平均成交量,最新成交量占個股近20日總量(%),最新成交量占全市場近20日總量(%),近30日平均成交量,最新成交量占個股近30日總量(%),最新成交量占全市場近30日總量(%)
report_date,code,name,volume_20261008,volume_20261007,volume_20261006,volume_20261005,volume_20261002,volume_20261001,volume_20260930,volume_20260929,volume_20260924,volume_20260923,volume_20260922,volume_20260921,volume_20260918,volume_20260917,volume_20260916,volume_20260915,volume_20260914,volume_20260911,volume_20260910,volume_20260909,volume_20260908,volume_20260907,volume_20260904,volume_20260903,volume_20260902,volume_20260901,volume_20260831,volume_20260828,volume_20260827,volume_20260826,avg_volume_3d,stock_volume_share_3d_pct,market_volume_share_3d_pct,avg_volume_5d,stock_volume_share_5d_pct,market_volume_share_5d_pct,avg_volume_10d,stock_volume_share_10d_pct,market_volume_share_10d_pct,avg_volume_15d,stock_volume_share_15d_pct,market_volume_share_15d_pct,avg_volume_20d,stock_volume_share_20d_pct,market_volume_share_20d_pct,avg_volume_30d,stock_volume_share_30d_pct,market_volume_share_30d_pct
20261008,00411A,主動統一前沿科技,15662000.0,20710000.0,11010000.0,13470000.0,9894000.0,21050000.0,15181000.0,7969000.0,8290000.0,14079000.0,35671000.0,30314000.0,89745000.0,16475000.0,5497000.0,5715000.0,20319000.0,11598000.0,10875000.0,25512000.0,16714000.0,11311000.0,21532000.0,13752000.0,19835000.0,12053000.0,29899000.0,26083000.0,29039000.0,67010000.0,15794000.0,33.0547,0.374199,14149200.0,22.1384,0.21566,13731500.0,11.4059,0.116587,21001133.33,4.9718,0.079869,19451800.0,4.0258,0.063902,21208800.0,2.4616,0.043497
20261008,006201,元大富櫃50,233000.0,101000.0,225000.0,292000.0,188000.0,107000.0,105000.0,94000.0,56000.0,171000.0,361000.0,129000.0,353000.0,251000.0,34000.0,128000.0,105000.0,163000.0,41000.0,94000.0,80000.0,125000.0,198000.0,173000.0,145000.0,241000.0,121000.0,100000.0,119000.0,128000.0,186333.33,41.6816,0.005567,207800.0,22.4254,0.003208,157200.0,14.8219,0.001734,180000.0,8.6296,0.001188,161550.0,7.2114,0.000951,155366.67,4.9989,0.000647
20261008,00679B,元大美債20年,16690000.0,16180000.0,28931000.0,25215000.0,24784000.0,19274000.0,19354000.0,44924000.0,23958000.0,10718000.0,9786000.0,9862000.0,12033000.0,14890000.0,34000000.0,18466000.0,16372000.0,20309000.0,18308000.0,17810000.0,13408000.0,13789000.0,12233000.0,14902000.0,16432000.0,20611000.0,11882000.0,12614000.0,12443000.0,20781000.0,20600333.33,27.006,0.39876,22360000.0,14.9284,0.229815,23002800.0,7.2556,0.124239,20706600.0,5.3735,0.085111,20093200.0,4.1531,0.068096,18365300.0,3.0293,0.046352
20261008,00687B,國泰20年美債,8292000.0,14009000.0,21179000.0,16674000.0,26931000.0,15674000.0,9734000.0,32147000.0,25251000.0,10385000.0,5169000.0,10637000.0,12518000.0,10286000.0,11571000.0,12274000.0,9945000.0,12224000.0,10832000.0,9347000.0,17289000.0,9082000.0,9223000.0,11607000.0,24313000.0,15473000.0,10479000.0,7552000.0,9356000.0,9941000.0,14493333.33,19.0708,0.198114,17417000.0,9.5217,0.114178,18027600.0,4.5996,0.061725,15363800.0,3.5981,0.042285,14253950.0,2.9087,0.033832,13646466.67,2.0254,0.023029
20261008,00687C,國泰20年美債+櫃U,25000.0,36900.0,35000.0,34800.0,25000.0,25000.0,28000.0,26000.0,32100.0,25000.0,25000.0,29800.0,25000.0,25000.0,25000.0,25000.0,25000.0,26000.0,25000.0,25000.0,25000.0,25000.0,25000.0,25000.0,25000.0,26000.0,25000.0,25000.0,25000.0,25000.0,32300.0,25.7998,0.000597,31340.0,15.9541,0.000344,29280.0,8.5383,0.000186,28173.33,5.9158,0.000127,27430.0,4.5571,0.000102,26653.33,3.1266,6.9e-05
20261008,00694B,富邦美債1-3,350000.0,306000.0,176000.0,1530000.0,2146000.0,88000.0,247000.0,265000.0,834000.0,180000.0,1433000.0,474000.0,1371000.0,121000.0,232000.0,268000.0,183000.0,550000.0,145000.0,371000.0,517000.0,115000.0,226000.0,664000.0,603000.0,80000.0,201000.0,151000.0,107000.0,128000.0,277333.33,42.0673,0.008362,901600.0,7.764,0.004819,612200.0,5.7171,0.002605,650200.0,3.5886,0.001785,563500.0,3.1056,0.001428,468733.33,2.489,0.000972
20261008,00695B,富邦美債7-10,644000.0,311000.0,371000.0,340000.0,299000.0,123000.0,237000.0,380000.0,391000.0,332000.0,223000.0,234000.0,441000.0,197000.0,386000.0,368000.0,153000.0,2974000.0,69000.0,111000.0,116000.0,149000.0,221000.0,69000.0,123000.0,137000.0,422000.0,90000.0,430000.0,1791000.0,442000.0,48.5671,0.015387,393000.0,32.7735,0.008868,342800.0,18.7865,0.004794,327266.67,13.1188,0.003284,429200.0,7.5023,0.002628,404400.0,5.3083,0.001789
20261008,00696B,富邦美債20年,1099000.0,3199000.0,4762000.0,2206000.0,7817000.0,2363000.0,1915000.0,4532000.0,6999000.0,2132000.0,830000.0,1605000.0,3285000.0,793000.0,1614000.0,3394000.0,859000.0,2035000.0,924000.0,1134000.0,3883000.0,1853000.0,1847000.0,1351000.0,5811000.0,1866000.0,1111000.0,4419000.0,2117000.0,915000.0,3020000.0,12.1302,0.026257,3816600.0,5.7591,0.015133,3702400.0,2.9683,0.008181,3010066.67,2.4341,0.005604,2674850.0,2.0543,0.004484,2622333.33,1.397,0.003052
20261008,00697B,元大美債7-10,202000.0,499000.0,426000.0,1214000.0,318000.0,792000.0,274000.0,712000.0,500000.0,297000.0,485000.0,266000.0,403000.0,429000.0,403000.0,382000.0,230000.0,922000.0,250000.0,311000.0,202000.0,336000.0,142000.0,114000.0,115000.0,699000.0,670000.0,337000.0,474000.0,219000.0,375666.67,17.9237,0.004826,531800.0,7.5968,0.002781,523400.0,3.8594,0.001504,481333.33,2.7978,0.00103,465750.0,2.1685,0.000824,420766.67,1.6003,0.000561
20261008,00719B,元大美債1-3,1131000.0,2279000.0,4092000.0,3984000.0,1521000.0,2242000.0,1744000.0,2887000.0,3312000.0,1934000.0,2624000.0,3390000.0,2704000.0,2301000.0,3415000.0,1012000.0,1670000.0,2295000.0,1959000.0,2115000.0,2194000.0,2639000.0,1430000.0,1736000.0,1750000.0,2239000.0,1355000.0,2461000.0,2617000.0,983000.0,2500666.67,15.076,0.027022,2601400.0,8.6953,0.015573,2512600.0,4.5013,0.008419,2637333.33,2.8589,0.005768,2430550.0,2.3266,0.004615,2267166.67,1.6629,0.003141
20261008,00720B,元大投資級公司債,7082000.0,9232000.0,6620000.0,4876000.0,6092000.0,9692000.0,5709000.0,11966000.0,7937000.0,3990000.0,2254000.0,2198000.0,4567000.0,2957000.0,3364000.0,2594000.0,5517000.0,4462000.0,4047000.0,4083000.0,5411000.0,3315000.0,3984000.0,3019000.0,2875000.0,3148000.0,4499000.0,2330000.0,5120000.0,3677000.0,7644666.67,30.8799,0.169204,6780400.0,20.8896,0.097517,7319600.0,9.6754,0.052718,5902400.0,7.999,0.036115,5461950.0,6.483,0.028895,4887233.33,4.8303,0.019668
20261008,00722B,群益投資級電信債,656000.0,2513000.0,3550000.0,3979000.0,2796000.0,3324000.0,5391000.0,7506000.0,4198000.0,6528000.0,2248000.0,2834000.0,2742000.0,2541000.0,2472000.0,2411000.0,4964000.0,899000.0,2578000.0,5009000.0,2759000.0,2668000.0,3303000.0,4898000.0,2599000.0,3071000.0,2128000.0,2105000.0,4085000.0,5153000.0,2239666.67,9.7634,0.015673,2698800.0,4.8614,0.009033,4044100.0,1.6221,0.004883,3551866.67,1.2313,0.003345,3456950.0,0.9488,0.002677,3396933.33,0.6437,0.001822
20261008,00723B,群益投資級科技債,153000.0,199000.0,168000.0,196000.0,154000.0,164000.0,101000.0,131000.0,135000.0,359000.0,113000.0,192000.0,118000.0,153000.0,125000.0,103000.0,107000.0,64000.0,103000.0,106000.0,103000.0,270000.0,127000.0,107000.0,143000.0,150000.0,159000.0,180000.0,292000.0,193000.0,173333.33,29.4231,0.003655,174000.0,17.5862,0.002107,176000.0,8.6932,0.001139,164066.67,6.217,0.00078,147200.0,5.197,0.000624,155600.0,3.2776,0.000425
20261008,00724B,群益投資級金融債,3529000.0,3526000.0,3723000.0,4730000.0,3783000.0,3655000.0,4374000.0,4102000.0,4248000.0,4635000.0,3464000.0,3594000.0,4854000.0,3545000.0,3758000.0,4052000.0,4571000.0,3472000.0,3788000.0,4304000.0,3751000.0,3710000.0,5420000.0,2957000.0,3687000.0,3624000.0,4159000.0,3572000.0,3644000.0,5582000.0,3592666.67,32.7426,0.084315,3858200.0,18.2935,0.048593,4030500.0,8.7557,0.02627,3968000.0,5.9291,0.017996,3985350.0,4.4275,0.014399,3993766.67,2.9454,0.009801
20261008,00725B,國泰投資級公司債,6797000.0,6661000.0,6354000.0,3864000.0,3301000.0,3573000.0,3216000.0,6139000.0,3608000.0,2477000.0,1313000.0,1735000.0,2279000.0,2102000.0,2076000.0,1400000.0,1968000.0,3543000.0,5268000.0,1453000.0,2575000.0,2375000.0,1756000.0,2488000.0,4791000.0,3174000.0,2540000.0,1468000.0,3794000.0,3085000.0,6604000.0,34.3075,0.162395,5395400.0,25.1955,0.093592,4599000.0,14.7793,0.050596,3699666.67,12.248,0.034662,3456350.0,9.8326,0.027732,3239100.0,6.9947,0.018877
20261008,00726B,國泰新興投等債,304000.0,194000.0,149000.0,153000.0,454000.0,166000.0,143000.0,342000.0,566000.0,111000.0,220000.0,130000.0,393000.0,164000.0,201000.0,494000.0,147000.0,160000.0,146000.0,210000.0,249000.0,97000.0,160000.0,153000.0,148000.0,222000.0,160000.0,129000.0,123000.0,133000.0,215666.67,46.9861,0.007263,250800.0,24.2424,0.004186,258200.0,11.7738,0.002263,246000.0,8.2385,0.00155,242350.0,6.2719,0.00124,214033.33,4.7345,0.000844
20261008,00727B,國泰優選非投等債,112000.0,120000.0,164000.0,137000.0,163000.0,127000.0,124000.0,129000.0,276000.0,107000.0,130000.0,179000.0,136000.0,126000.0,117000.0,108000.0,126000.0,338000.0,116000.0,125000.0,208000.0,115000.0,117000.0,159000.0,183000.0,138000.0,119000.0,153000.0,107000.0,113000.0,132000.0,28.2828,0.002676,139200.0,16.092,0.001542,145900.0,7.6765,0.000834,143133.33,5.2166,0.000571,148000.0,3.7838,0.000457,145733.33,2.5618,0.000311
20261008,00734B,台新JPM新興債,110000.0,,130000.0,121000.0,221000.0,21000.0,197000.0,790000.0,236000.0,215000.0,110000.0,114000.0,325000.0,248000.0,125000.0,202000.0,101000.0,307000.0,2000.0,336000.0,4000.0,101000.0,20000.0,302000.0,1000.0,1000.0,100000.0,101000.0,602000.0,31000.0,120000.0,45.8333,0.002628,145500.0,18.9003,0.001515,226777.78,5.3895,0.000819,211642.86,3.7125,0.000561,205842.11,2.8126,0.000449,178413.79,2.126,0.000305
20261008,00740B,富邦全球投等債,2233000.0,2116000.0,2154000.0,1326000.0,3619000.0,1143000.0,1235000.0,1512000.0,4595000.0,1722000.0,1606000.0,1582000.0,2654000.0,1702000.0,1101000.0,1174000.0,2577000.0,1839000.0,2410000.0,2438000.0,1248000.0,1499000.0,869000.0,1810000.0,436000.0,1410000.0,1445000.0,2221000.0,992000.0,2643000.0,2167666.67,34.338,0.053351,2289600.0,19.5056,0.030748,2165500.0,10.3117,0.016622,2020000.0,7.3696,0.011387,2036900.0,5.4814,0.009111,1843700.0,4.0372,0.006201
20261008,00741B,富邦全球非投等債,144000.0,135000.0,138000.0,206000.0,114000.0,102000.0,118000.0,113000.0,109000.0,193000.0,87000.0,113000.0,104000.0,118000.0,114000.0,119000.0,179000.0,67000.0,120000.0,118000.0,214000.0,133000.0,107000.0,115000.0,107000.0,119000.0,121000.0,73000.0,102000.0,109000.0,139000.0,34.5324,0.00344,147400.0,19.5387,0.001983,137200.0,10.4956,0.001072,127200.0,7.5472,0.000734,125550.0,5.7348,0.000588,123700.0,3.8804,0.0004
20261008,00746B,富邦A級公司債,194000.0,299000.0,712000.0,332000.0,1031000.0,417000.0,233000.0,1468000.0,1083000.0,881000.0,384000.0,338000.0,616000.0,231000.0,585000.0,507000.0,304000.0,824000.0,281000.0,191000.0,581000.0,213000.0,472000.0,227000.0,298000.0,812000.0,609000.0,8000.0,491000.0,102000.0,401666.67,16.0996,0.004635,513600.0,7.5545,0.002671,665000.0,2.9173,0.001444,586933.33,2.2035,0.000989,545550.0,1.778,0.000792,490800.0,1.3176,0.000539
20261008,00749B,凱基新興債10+,101000.0,110000.0,108000.0,101000.0,101000.0,100000.0,103000.0,145000.0,109000.0,102000.0,102000.0,144000.0,123000.0,101000.0,111000.0,106000.0,101000.0,104000.0,101000.0,118000.0,108000.0,121000.0,103000.0,100000.0,120000.0,103000.0,100000.0,100000.0,100000.0,114000.0,106333.33,31.6614,0.002413,104200.0,19.3858,0.001391,108000.0,9.3519,0.000752,110733.33,6.0807,0.000515,109550.0,4.6098,0.000412,108666.67,3.0982,0.00028
20261008,00750B,凱基科技債10+,101000.0,105000.0,100000.0,101000.0,114000.0,100000.0,100000.0,101000.0,109000.0,100000.0,113000.0,100000.0,133000.0,100000.0,101000.0,103000.0,101000.0,102000.0,100000.0,100000.0,100000.0,100000.0,100000.0,299000.0,112000.0,100000.0,100000.0,100000.0,100000.0,103000.0,102000.0,33.0065,0.002413,104200.0,19.3858,0.001391,103100.0,9.7963,0.000752,105200.0,6.4005,0.000515,104200.0,4.8464,0.000412,109933.33,3.0625,0.00028
20261008,00751B,元大AAA至A公司債,4740000.0,3301000.0,7543000.0,5979000.0,6069000.0,7252000.0,4528000.0,13883000.0,8447000.0,2017000.0,3933000.0,3142000.0,7174000.0,3791000.0,2668000.0,2265000.0,3872000.0,9563000.0,5107000.0,3966000.0,4361000.0,4991000.0,4027000.0,3517000.0,4612000.0,4300000.0,4026000.0,4530000.0,6081000.0,4123000.0,5194666.67,30.4158,0.113249,5526400.0,17.154,0.065268,6375900.0,7.4342,0.035284,5631133.33,5.6117,0.024172,5462000.0,4.3391,0.01934,5126933.33,3.0818,0.013164
20261008,00754B,群益AAA-AA公司債,216000.0,171000.0,113000.0,147000.0,293000.0,116000.0,116000.0,130000.0,109000.0,114000.0,102000.0,146000.0,105000.0,104000.0,115000.0,106000.0,220000.0,194000.0,101000.0,107000.0,105000.0,100000.0,100000.0,109000.0,115000.0,156000.0,104000.0,108000.0,104000.0,115000.0,166666.67,43.2,0.005161,188000.0,22.9787,0.002974,152500.0,14.1639,0.001608,139800.0,10.3004,0.001102,141250.0,7.646,0.000881,131366.67,5.4808,0.0006
20261008,00755B,群益投資級公用債,107000.0,223000.0,137000.0,109000.0,454000.0,112000.0,105000.0,140000.0,104000.0,108000.0,102000.0,101000.0,101000.0,132000.0,104000.0,117000.0,104000.0,52000.0,108000.0,115000.0,109000.0,103000.0,126000.0,130000.0,101000.0,110000.0,105000.0,122000.0,113000.0,149000.0,155666.67,22.9122,0.002556,206000.0,10.3883,0.001473,159900.0,6.6917,0.000797,142600.0,5.0023,0.000546,131750.0,4.0607,0.000437,126766.67,2.8136,0.000297
20261008,00756B,群益投等新興公債,124000.0,286000.0,254000.0,244000.0,413000.0,236000.0,154000.0,278000.0,222000.0,171000.0,120000.0,108000.0,215000.0,179000.0,153000.0,163000.0,135000.0,77000.0,208000.0,168000.0,229000.0,234000.0,237000.0,120000.0,192000.0,206000.0,314000.0,137000.0,135000.0,124000.0,221333.33,18.6747,0.002963,264200.0,9.3868,0.001707,238200.0,5.2057,0.000923,210466.67,3.9278,0.000632,195400.0,3.173,0.000506,194533.33,2.1247,0.000344
20261008,00758B,復華能源債,100000.0,107000.0,100000.0,100000.0,100000.0,104000.0,100000.0,100000.0,100000.0,101000.0,100000.0,100000.0,100000.0,100000.0,102000.0,102000.0,103000.0,100000.0,100000.0,100000.0,102000.0,100000.0,100000.0,100000.0,100000.0,100000.0,100000.0,100000.0,100000.0,100000.0,102333.33,32.5733,0.002389,101400.0,19.7239,0.001377,101200.0,9.8814,0.000744,100933.33,6.605,0.00051,100950.0,4.9529,0.000408,100700.0,3.3102,0.000278
20261008,00759B,復華製藥債,101000.0,101000.0,100000.0,100000.0,100000.0,100000.0,100000.0,100000.0,100000.0,100000.0,100000.0,100000.0,100000.0,101000.0,101000.0,101000.0,100000.0,100000.0,100000.0,100000.0,100000.0,100000.0,100000.0,101000.0,100000.0,101000.0,100000.0,100000.0,100000.0,104000.0,100666.67,33.4437,0.002413,100400.0,20.1195,0.001391,100200.0,10.0798,0.000752,100266.67,6.7154,0.000515,100250.0,5.0374,0.000412,100366.67,3.3544,0.00028
20261008,00760B,復華新興企業債,101000.0,106000.0,297000.0,115000.0,108000.0,102000.0,104000.0,106000.0,100000.0,103000.0,104000.0,100000.0,100000.0,120000.0,101000.0,105000.0,102000.0,106000.0,102000.0,102000.0,112000.0,102000.0,102000.0,103000.0,104000.0,107000.0,101000.0,101000.0,110000.0,103000.0,168000.0,20.0397,0.002413,145400.0,13.8927,0.001391,124200.0,8.132,0.000752,117800.0,5.7159,0.000515,114200.0,4.4221,0.000412,110966.67,3.0339,0.00028
20261008,00761B,國泰A級公司債,165000.0,601000.0,306000.0,195000.0,493000.0,510000.0,168000.0,575000.0,443000.0,220000.0,506000.0,132000.0,676000.0,261000.0,362000.0,312000.0,327000.0,259000.0,229000.0,259000.0,478000.0,284000.0,762000.0,263000.0,253000.0,350000.0,322000.0,439000.0,180000.0,197000.0,357333.33,15.3918,0.003942,352000.0,9.375,0.002272,367600.0,4.4886,0.001228,374200.0,2.9396,0.000841,349950.0,2.3575,0.000673,350900.0,1.5674,0.000458
20261008,00764B,群益25年美債,3279000.0,1967000.0,4106000.0,12507000.0,3494000.0,2156000.0,9133000.0,2706000.0,9145000.0,13380000.0,4249000.0,3726000.0,8934000.0,3471000.0,2372000.0,4386000.0,11485000.0,2042000.0,3992000.0,10975000.0,3714000.0,3333000.0,9238000.0,9329000.0,4356000.0,3529000.0,7633000.0,4316000.0,5847000.0,18663000.0,3117333.33,35.062,0.078342,5070600.0,12.9334,0.045151,6187300.0,5.2996,0.024409,5641666.67,3.8747,0.016721,5875250.0,2.7905,0.013379,6248766.67,1.7491,0.009106
20261008,00768B,復華20年美債,299000.0,786000.0,522000.0,2288000.0,447000.0,331000.0,403000.0,740000.0,314000.0,332000.0,340000.0,436000.0,696000.0,1445000.0,178000.0,454000.0,307000.0,231000.0,220000.0,215000.0,245000.0,228000.0,281000.0,351000.0,533000.0,2849000.0,523000.0,233000.0,375000.0,193000.0,535666.67,18.6061,0.007144,868400.0,6.8862,0.004117,646200.0,4.6271,0.002226,637133.33,3.1286,0.001525,549200.0,2.7221,0.00122,559833.33,1.7803,0.00083
20261008,00772B,中信高評級公司債,1817000.0,2416000.0,4021000.0,2692000.0,2615000.0,3450000.0,2303000.0,7667000.0,2853000.0,2141000.0,710000.0,2231000.0,2317000.0,1408000.0,1597000.0,1081000.0,1694000.0,1918000.0,1825000.0,1510000.0,3026000.0,2266000.0,1332000.0,963000.0,1035000.0,1830000.0,1619000.0,1002000.0,740000.0,1487000.0,2751333.33,22.0136,0.043412,2712200.0,13.3987,0.025019,3197500.0,5.6826,0.013526,2682533.33,4.5156,0.009266,2413300.0,3.7646,0.007413,2118866.67,2.8584,0.005046
20261008,00773B,中信優先金融債,864000.0,1808000.0,1934000.0,1338000.0,1495000.0,944000.0,1566000.0,1662000.0,850000.0,529000.0,77000.0,1299000.0,1781000.0,1738000.0,1876000.0,1722000.0,669000.0,956000.0,220000.0,1736000.0,781000.0,1545000.0,1586000.0,1201000.0,1813000.0,1860000.0,230000.0,1953000.0,82000.0,1944000.0,1535333.33,18.7581,0.020643,1487800.0,11.6145,0.011897,1299000.0,6.6513,0.006432,1317400.0,4.3722,0.004406,1253200.0,3.4472,0.003525,1268633.33,2.2702,0.0024
20261008,00777B,凱基AAA至A公司債,110000.0,155000.0,108000.0,111000.0,120000.0,102000.0,100000.0,114000.0,108000.0,100000.0,106000.0,101000.0,115000.0,102000.0,100000.0,115000.0,102000.0,132000.0,147000.0,159000.0,103000.0,101000.0,100000.0,100000.0,100000.0,100000.0,102000.0,100000.0,100000.0,105000.0,124333.33,29.4906,0.002628,120800.0,18.2119,0.001515,112800.0,9.7518,0.000819,110133.33,6.6586,0.000561,115350.0,4.7681,0.000449,110600.0,3.3153,0.000305
20261008,00778B,凱基金融債20+,100000.0,100000.0,100000.0,103000.0,100000.0,113000.0,100000.0,102000.0,120000.0,102000.0,100000.0,100000.0,112000.0,102000.0,100000.0,101000.0,101000.0,101000.0,100000.0,101000.0,113000.0,100000.0,100000.0,100000.0,102000.0,100000.0,100000.0,100000.0,100000.0,100000.0,100000.0,33.3333,0.002389,100600.0,19.8807,0.001377,104000.0,9.6154,0.000744,103600.0,6.435,0.00051,102900.0,4.8591,0.000408,102433.33,3.2541,0.000278
20261008,00779B,凱基美債25+,329000.0,423000.0,369000.0,372000.0,345000.0,311000.0,314000.0,355000.0,389000.0,105000.0,316000.0,335000.0,311000.0,318000.0,300000.0,310000.0,311000.0,313000.0,312000.0,323000.0,304000.0,304000.0,304000.0,307000.0,300000.0,301000.0,304000.0,355000.0,300000.0,378000.0,373666.67,29.3488,0.007861,367600.0,17.8999,0.00453,331200.0,9.9336,0.002449,326133.33,6.7253,0.001678,323050.0,5.0921,0.001342,320600.0,3.4207,0.000914
20261008,00780B,國泰A級金融債,104000.0,101000.0,110000.0,110000.0,114000.0,111000.0,115000.0,118000.0,108000.0,103000.0,109000.0,105000.0,136000.0,116000.0,143000.0,105000.0,159000.0,138000.0,102000.0,104000.0,106000.0,159000.0,112000.0,187000.0,237000.0,121000.0,160000.0,114000.0,106000.0,100000.0,105000.0,33.0159,0.002485,107800.0,19.295,0.001432,109400.0,9.5064,0.000774,113533.33,6.1069,0.00053,115550.0,4.5002,0.000424,123766.67,2.801,0.000289
20261008,00781B,國泰A級科技債,132000.0,102000.0,154000.0,149000.0,135000.0,166000.0,161000.0,205000.0,354000.0,123000.0,119000.0,152000.0,136000.0,314000.0,128000.0,121000.0,144000.0,249000.0,138000.0,126000.0,151000.0,182000.0,127000.0,143000.0,126000.0,163000.0,236000.0,140000.0,140000.0,185000.0,129333.33,34.0206,0.003154,134400.0,19.6429,0.001818,168100.0,7.8525,0.000983,168666.67,5.2174,0.000673,165400.0,3.9903,0.000539,163366.67,2.6933,0.000367
20261008,00782B,國泰A級公用債,164000.0,126000.0,297000.0,494000.0,199000.0,522000.0,223000.0,317000.0,592000.0,159000.0,130000.0,136000.0,600000.0,320000.0,131000.0,109000.0,323000.0,417000.0,214000.0,137000.0,231000.0,333000.0,183000.0,163000.0,238000.0,199000.0,319000.0,163000.0,120000.0,170000.0,195666.67,27.9387,0.003918,256000.0,12.8125,0.002258,309300.0,5.3023,0.001221,294000.0,3.7188,0.000836,280500.0,2.9234,0.000669,257633.33,2.1219,0.000455
20261008,00785B,富邦金融投等債,51000.0,57000.0,54000.0,52000.0,130000.0,91000.0,151000.0,178000.0,151000.0,176000.0,51000.0,51000.0,50000.0,50000.0,64000.0,52000.0,51000.0,51000.0,51000.0,51000.0,52000.0,51000.0,241000.0,52000.0,51000.0,53000.0,51000.0,20000.0,51000.0,52000.0,54000.0,31.4815,0.001218,68800.0,14.8256,0.000702,109100.0,4.6746,0.00038,90466.67,3.7583,0.00026,80650.0,3.1618,0.000208,76233.33,2.23,0.000142
20261008,00786B,元大10年IG銀行債,18000.0,10000.0,82000.0,68000.0,212000.0,75000.0,11000.0,16000.0,75000.0,16000.0,52000.0,38000.0,17000.0,48000.0,34000.0,24000.0,21000.0,57000.0,10000.0,133000.0,9000.0,22000.0,95000.0,14000.0,38000.0,74000.0,19000.0,33000.0,29000.0,5000.0,36666.67,16.3636,0.00043,78000.0,4.6154,0.000248,58300.0,3.0875,0.000134,51466.67,2.3316,9.2e-05,50850.0,1.7699,7.3e-05,45166.67,1.3284,5e-05
20261008,00787B,元大10年IG醫療債,9000.0,2000.0,13000.0,10000.0,5000.0,4000.0,3000.0,36000.0,44000.0,16000.0,4000.0,13000.0,5000.0,1000.0,6000.0,3000.0,3000.0,7000.0,,8000.0,3000.0,24000.0,15000.0,104000.0,9000.0,4000.0,9000.0,12000.0,1000.0,4000.0,8000.0,37.5,0.000215,7800.0,23.0769,0.000124,14200.0,6.338,6.7e-05,11400.0,5.2632,4.6e-05,10105.26,4.6875,3.7e-05,13000.0,2.3873,2.5e-05
20261008,00788B,元大10年IG電能債,1000.0,25000.0,45000.0,8000.0,22000.0,47000.0,42000.0,41000.0,14000.0,5000.0,36000.0,71000.0,16000.0,25000.0,28000.0,33000.0,53000.0,55000.0,10000.0,7000.0,100000.0,2000.0,87000.0,22000.0,4000.0,8000.0,34000.0,66000.0,4000.0,1000.0,23666.67,1.4085,2.4e-05,20200.0,0.9901,1.4e-05,25000.0,0.4,7e-06,28400.0,0.2347,5e-06,29200.0,0.1712,4e-06,30400.0,0.1096,3e-06
20261008,00789B,復華公司債A3,101000.0,115000.0,104000.0,100000.0,181000.0,105000.0,102000.0,109000.0,106000.0,122000.0,101000.0,100000.0,112000.0,100000.0,100000.0,106000.0,100000.0,100000.0,100000.0,111000.0,100000.0,100000.0,111000.0,100000.0,105000.0,112000.0,102000.0,101000.0,100000.0,104000.0,106666.67,31.5625,0.002413,120200.0,16.8053,0.001391,114500.0,8.821,0.000752,110533.33,6.0917,0.000515,108750.0,4.6437,0.000412,107000.0,3.1464,0.00028
20261008,00791B,復華信用債1-5,101000.0,102000.0,101000.0,100000.0,100000.0,102000.0,106000.0,109000.0,104000.0,103000.0,100000.0,102000.0,102000.0,101000.0,103000.0,129000.0,101000.0,100000.0,110000.0,100000.0,100000.0,103000.0,100000.0,101000.0,100000.0,105000.0,111000.0,101000.0,100000.0,101000.0,101333.33,33.2237,0.002413,100800.0,20.0397,0.001391,102800.0,9.8249,0.000752,102400.0,6.5755,0.000515,103800.0,4.8651,0.000412,103266.67,3.2602,0.00028
20261008,00792B,群益A級公司債,195000.0,164000.0,106000.0,138000.0,149000.0,128000.0,104000.0,127000.0,108000.0,53000.0,132000.0,103000.0,300000.0,153000.0,129000.0,143000.0,107000.0,154000.0,123000.0,99000.0,111000.0,167000.0,59000.0,125000.0,126000.0,171000.0,136000.0,112000.0,131000.0,213000.0,155000.0,41.9355,0.004659,150400.0,25.9309,0.002685,127200.0,15.3302,0.001452,139266.67,9.3346,0.000994,135750.0,7.1823,0.000796,135533.33,4.7959,0.000542
20261008,00793B,群益AAA-A醫療債,,,,,,,,,,,,,,55000.0,120000.0,110000.0,125000.0,91000.0,59000.0,20000.0,80000.0,57000.0,7000.0,452000.0,105000.0,89000.0,111000.0,147000.0,92000.0,93000.0,,,,,,,,,,87500.0,,,82857.14,,,106647.06,,
20261008,00795B,中信美國公債20年,2611000.0,8987000.0,6660000.0,6867000.0,12194000.0,9965000.0,7650000.0,9589000.0,9372000.0,6882000.0,5601000.0,4570000.0,3931000.0,6285000.0,5779000.0,4907000.0,2739000.0,5275000.0,2697000.0,7350000.0,6298000.0,7608000.0,2999000.0,2883000.0,10396000.0,5252000.0,6276000.0,1924000.0,2190000.0,6218000.0,6086000.0,14.3006,0.062382,7463800.0,6.9964,0.035953,8077700.0,3.2324,0.019436,7129533.33,2.4415,0.013315,6495550.0,2.0098,0.010653,6065166.67,1.435,0.007251
20261008,00799B,國泰A級醫療債,259000.0,178000.0,181000.0,216000.0,199000.0,207000.0,327000.0,357000.0,170000.0,157000.0,212000.0,109000.0,283000.0,120000.0,156000.0,144000.0,214000.0,182000.0,239000.0,235000.0,180000.0,31000.0,408000.0,353000.0,280000.0,222000.0,126000.0,169000.0,195000.0,177000.0,206000.0,41.9094,0.006188,206600.0,25.0726,0.003566,225100.0,11.506,0.001928,208733.33,8.2721,0.001321,207250.0,6.2485,0.001057,209533.33,4.1203,0.000719
20261008,00834B,第一金金融債10+,100000.0,151000.0,133000.0,100000.0,150000.0,120000.0,117000.0,252000.0,100000.0,100000.0,123000.0,100000.0,113000.0,100000.0,113000.0,100000.0,113000.0,100000.0,100000.0,102000.0,111000.0,100000.0,142000.0,120000.0,100000.0,109000.0,100000.0,137000.0,100000.0,100000.0,128000.0,26.0417,0.002389,126800.0,15.7729,0.001377,132300.0,7.5586,0.000744,124800.0,5.3419,0.00051,119350.0,4.1894,0.000408,116866.67,2.8523,0.000278
20261008,00836B,永豐10年A公司債,1000.0,239000.0,5000.0,2000.0,4000.0,2000.0,1000.0,85000.0,58000.0,20000.0,55000.0,15000.0,24000.0,1000.0,1000.0,107000.0,73000.0,114000.0,116000.0,76000.0,71000.0,95000.0,73000.0,121000.0,111000.0,17000.0,1000.0,6000.0,1000.0,12000.0,81666.67,0.4082,2.4e-05,50200.0,0.3984,1.4e-05,41700.0,0.2398,7e-06,34200.0,0.1949,5e-06,49950.0,0.1001,4e-06,50233.33,0.0664,3e-06
20261008,00840B,凱基IG精選15+,107000.0,107000.0,100000.0,101000.0,100000.0,100000.0,100000.0,102000.0,208000.0,100000.0,101000.0,100000.0,100000.0,100000.0,100000.0,100000.0,100000.0,102000.0,100000.0,101000.0,100000.0,100000.0,102000.0,100000.0,100000.0,100000.0,100000.0,100000.0,100000.0,100000.0,104666.67,34.0764,0.002556,103000.0,20.7767,0.001473,112500.0,9.5111,0.000797,108400.0,6.5806,0.000546,106450.0,5.0258,0.000437,104366.67,3.4174,0.000297
20261008,00841B,凱基AAA-AA公司債,101000.0,100000.0,108000.0,102000.0,136000.0,100000.0,105000.0,105000.0,108000.0,100000.0,100000.0,100000.0,100000.0,100000.0,100000.0,100000.0,100000.0,100000.0,100000.0,100000.0,100000.0,100000.0,100000.0,101000.0,101000.0,100000.0,100000.0,100000.0,100000.0,100000.0,103000.0,32.6861,0.002413,109400.0,18.4644,0.001391,106500.0,9.4836,0.000752,104333.33,6.4537,0.000515,103250.0,4.891,0.000412,102233.33,3.2931,0.00028
20261008,00842B,台新美元銀行債,21000.0,60000.0,346000.0,309000.0,348000.0,123000.0,331000.0,595000.0,445000.0,178000.0,156000.0,392000.0,310000.0,38000.0,362000.0,344000.0,159000.0,399000.0,262000.0,308000.0,324000.0,161000.0,47000.0,319000.0,76000.0,179000.0,462000.0,267000.0,140000.0,595000.0,142333.33,4.918,0.000502,216800.0,1.9373,0.000289,275600.0,0.762,0.000156,267600.0,0.5232,0.000107,274300.0,0.3828,8.6e-05,268533.33,0.2607,5.8e-05
20261008,00844B,台新15年IG金融債,85000.0,182000.0,86000.0,80000.0,172000.0,107000.0,80000.0,126000.0,80000.0,158000.0,80000.0,81000.0,80000.0,80000.0,80000.0,81000.0,80000.0,82000.0,80000.0,81000.0,80000.0,80000.0,161000.0,1000.0,123000.0,120000.0,81000.0,80000.0,83000.0,160000.0,117666.67,24.0793,0.002031,121000.0,14.0496,0.00117,115600.0,7.3529,0.000633,103800.0,5.4592,0.000433,98050.0,4.3345,0.000347,97666.67,2.901,0.000236
20261008,00845B,富邦新興投等債,122000.0,193000.0,237000.0,101000.0,125000.0,151000.0,100000.0,164000.0,120000.0,110000.0,141000.0,109000.0,116000.0,101000.0,102000.0,113000.0,121000.0,100000.0,119000.0,147000.0,182000.0,101000.0,351000.0,140000.0,146000.0,104000.0,103000.0,1000.0,100000.0,102000.0,184000.0,22.1014,0.002915,155600.0,15.6812,0.00168,142300.0,8.5734,0.000908,132800.0,6.1245,0.000622,129600.0,4.7068,0.000498,130733.33,3.1107,0.000339
20261008,00846B,富邦歐洲銀行債,141000.0,101000.0,122000.0,104000.0,106000.0,102000.0,102000.0,103000.0,104000.0,102000.0,102000.0,102000.0,106000.0,102000.0,103000.0,102000.0,107000.0,105000.0,102000.0,102000.0,101000.0,105000.0,103000.0,113000.0,101000.0,101000.0,102000.0,1000.0,104000.0,104000.0,121333.33,38.7363,0.003369,114800.0,24.5645,0.001942,108700.0,12.9715,0.00105,106800.0,8.8015,0.000719,106000.0,6.6509,0.000575,101833.33,4.6154,0.000392
20261008,00847B,中信美國市政債,,,,,259000.0,233000.0,297000.0,320000.0,246000.0,393000.0,423000.0,503000.0,208000.0,623000.0,480000.0,333000.0,608000.0,297000.0,229000.0,469000.0,307000.0,453000.0,302000.0,226000.0,225000.0,201000.0,154000.0,402000.0,500000.0,500000.0,,,,259000.0,,,291333.33,,,362272.73,,,370062.5,,,353500.0,,
20261008,00848B,中信新興亞洲債,583000.0,494000.0,211000.0,204000.0,218000.0,202000.0,211000.0,318000.0,314000.0,306000.0,401000.0,506000.0,247000.0,504000.0,506000.0,322000.0,500000.0,207000.0,200000.0,309000.0,218000.0,300000.0,300000.0,201000.0,205000.0,205000.0,300000.0,330000.0,460000.0,498000.0,429333.33,45.264,0.013929,342000.0,34.0936,0.008028,306100.0,19.0461,0.00434,348333.33,11.1579,0.002973,338150.0,8.6204,0.002379,326000.0,5.9611,0.001619
20261008,00849B,中信EM主權債0-5,503000.0,221000.0,223000.0,218000.0,210000.0,203000.0,213000.0,309000.0,312000.0,301000.0,407000.0,504000.0,200000.0,515000.0,419000.0,307000.0,514000.0,222000.0,217000.0,319000.0,223000.0,302000.0,341000.0,203000.0,237000.0,204000.0,144000.0,514000.0,503000.0,510000.0,315666.67,53.1151,0.012018,275000.0,36.5818,0.006926,271300.0,18.5404,0.003744,317200.0,10.5717,0.002565,316850.0,7.9375,0.002052,317266.67,5.2847,0.001397
20261008,00853B,統一美債10年Aa-A,1057000.0,1034000.0,1028000.0,1043000.0,1053000.0,1504000.0,1073000.0,1247000.0,1105000.0,1097000.0,1262000.0,1455000.0,1087000.0,1178000.0,1230000.0,1097000.0,1008000.0,527000.0,1007000.0,1026000.0,609000.0,1027000.0,1004000.0,1010000.0,1060000.0,1034000.0,1124000.0,1030000.0,1037000.0,1083000.0,1039666.67,33.8891,0.025254,1043000.0,20.2685,0.014555,1124100.0,9.4031,0.007868,1163533.33,6.0563,0.00539,1105900.0,4.7789,0.004313,1071200.0,3.2891,0.002936
20261008,00856B,永豐1-3年美公債,3000.0,,1000.0,10000.0,277000.0,22000.0,3000.0,2000.0,14000.0,1000.0,6000.0,3000.0,1000.0,70000.0,41000.0,1000.0,6000.0,,11000.0,2000.0,59000.0,6000.0,71000.0,41000.0,15000.0,2000.0,4000.0,217000.0,4000.0,14000.0,2000.0,75.0,7.2e-05,72750.0,1.0309,4.1e-05,37000.0,0.9009,2.2e-05,32428.57,0.6608,1.5e-05,26333.33,0.6329,1.2e-05,32392.86,0.3308,8e-06
20261008,00857B,永豐20年美公債,517000.0,1617000.0,1914000.0,1079000.0,2143000.0,702000.0,1091000.0,1910000.0,1159000.0,880000.0,871000.0,1251000.0,1443000.0,647000.0,2394000.0,2223000.0,954000.0,777000.0,615000.0,684000.0,1737000.0,914000.0,291000.0,520000.0,1456000.0,883000.0,1065000.0,731000.0,345000.0,435000.0,1349333.33,12.7717,0.012352,1454000.0,7.1114,0.007119,1301200.0,3.9733,0.003849,1307866.67,2.6353,0.002636,1243550.0,2.0787,0.002109,1108266.67,1.555,0.001436
20261008,00858,永豐美國500大,113000.0,773000.0,571000.0,296000.0,233000.0,660000.0,253000.0,274000.0,138000.0,291000.0,592000.0,370000.0,209000.0,620000.0,377000.0,278000.0,280000.0,612000.0,148000.0,280000.0,200000.0,574000.0,242000.0,199000.0,404000.0,239000.0,353000.0,446000.0,153000.0,273000.0,485666.67,7.7557,0.0027,397200.0,5.6898,0.001556,360200.0,3.1371,0.000841,384666.67,1.9584,0.000576,368400.0,1.5337,0.000461,348366.67,1.0812,0.000314
20261008,00859B,群益0-1年美債,2928000.0,3067000.0,2842000.0,3288000.0,3026000.0,2730000.0,2162000.0,3439000.0,3201000.0,2113000.0,3201000.0,3529000.0,2273000.0,3191000.0,3226000.0,3256000.0,3224000.0,2534000.0,1841000.0,2163000.0,3752000.0,3626000.0,1402000.0,1520000.0,2933000.0,3136000.0,2979000.0,2394000.0,2594000.0,2938000.0,2945666.67,33.1334,0.069956,3030200.0,19.3255,0.040318,2879600.0,10.1681,0.021796,2947733.33,6.622,0.014931,2861700.0,5.1158,0.011946,2816933.33,3.4648,0.008132
20261008,00860B,群益1-5Y投資級債,101000.0,109000.0,133000.0,128000.0,160000.0,101000.0,106000.0,101000.0,105000.0,71000.0,129000.0,111000.0,109000.0,106000.0,105000.0,100000.0,100000.0,104000.0,101000.0,60000.0,115000.0,122000.0,60000.0,135000.0,100000.0,106000.0,102000.0,137000.0,128000.0,108000.0,114333.33,29.4461,0.002413,126200.0,16.0063,0.001391,111500.0,9.0583,0.000752,111666.67,6.0299,0.000515,107000.0,4.7196,0.000412,108433.33,3.1048,0.00028
20261008,00862B,中信投資級公司債,436000.0,235000.0,224000.0,232000.0,407000.0,267000.0,213000.0,1256000.0,252000.0,416000.0,502000.0,728000.0,242000.0,587000.0,362000.0,387000.0,613000.0,338000.0,290000.0,378000.0,336000.0,377000.0,389000.0,282000.0,293000.0,262000.0,142000.0,328000.0,500000.0,530000.0,298333.33,48.7151,0.010417,306800.0,28.4224,0.006004,393800.0,11.0716,0.003246,423933.33,6.8564,0.002223,418250.0,5.2122,0.001779,393466.67,3.6937,0.001211
20261008,00863B,中信全球電信債,657000.0,210000.0,208000.0,205000.0,256000.0,712000.0,256000.0,232000.0,377000.0,313000.0,584000.0,612000.0,282000.0,502000.0,465000.0,308000.0,512000.0,204000.0,202000.0,399000.0,374000.0,309000.0,407000.0,203000.0,339000.0,257000.0,170000.0,565000.0,509000.0,815000.0,358333.33,61.1163,0.015697,307200.0,42.7734,0.009047,342600.0,19.1769,0.004891,391400.0,11.1906,0.00335,374800.0,8.7647,0.002681,381466.67,5.741,0.001825
20261008,00864B,中信美國公債0-1,673000.0,683000.0,772000.0,1587000.0,857000.0,992000.0,908000.0,887000.0,885000.0,638000.0,1393000.0,1534000.0,1206000.0,1484000.0,1392000.0,1222000.0,1178000.0,1144000.0,869000.0,976000.0,888000.0,1326000.0,995000.0,939000.0,616000.0,851000.0,1019000.0,1862000.0,1829000.0,1377000.0,709333.33,31.6259,0.016079,914400.0,14.72,0.009267,888200.0,7.5771,0.00501,1059400.0,4.2351,0.003432,1064000.0,3.1626,0.002746,1099400.0,2.0405,0.001869
20261008,00867B,台新A-BBB電信債,1200000.0,12000.0,54000.0,1000.0,120000.0,657000.0,61000.0,44000.0,605000.0,901000.0,1200000.0,,3000.0,1000.0,1000.0,3000.0,,2000.0,12000.0,2000.0,10000.0,1000.0,225000.0,,1000.0,1000.0,,24000.0,,6000.0,422000.0,94.7867,0.028671,277400.0,86.5177,0.016524,365500.0,32.8317,0.008933,347142.86,24.6914,0.006119,271055.56,24.5952,0.004896,205880.0,23.3146,0.003333
20261008,00870B,元大15年EM主權債,72000.0,71000.0,13000.0,46000.0,191000.0,92000.0,86000.0,349000.0,85000.0,1000.0,1000.0,40000.0,22000.0,2000.0,1000.0,24000.0,5000.0,4000.0,2000.0,1000.0,1000.0,1000.0,1000.0,1000.0,4000.0,6000.0,20000.0,1000.0,1000.0,80000.0,52000.0,46.1538,0.00172,78600.0,18.3206,0.000991,100600.0,7.1571,0.000536,71466.67,6.7164,0.000367,55400.0,6.4982,0.000294,40800.0,5.8824,0.0002
20261008,00877,復華中國5G,5933000.0,825000.0,841000.0,1427000.0,1538000.0,1058000.0,2085000.0,6341000.0,1465000.0,1522000.0,2034000.0,1919000.0,2930000.0,1820000.0,1946000.0,1619000.0,1541000.0,1499000.0,1132000.0,1149000.0,2999000.0,2456000.0,1535000.0,1797000.0,1604000.0,2139000.0,1518000.0,1926000.0,3314000.0,2862000.0,2533000.0,78.0761,0.141752,2112800.0,56.1624,0.081695,2303500.0,25.7565,0.044165,2245600.0,17.6137,0.030256,2031200.0,14.6047,0.024207,2092466.67,9.4514,0.016477
20261008,00884B,中信低碳新興債,430000.0,255000.0,219000.0,213000.0,214000.0,201000.0,209000.0,282000.0,230000.0,305000.0,404000.0,501000.0,206000.0,528000.0,430000.0,355000.0,486000.0,202000.0,205000.0,310000.0,210000.0,300000.0,341000.0,209000.0,234000.0,200000.0,141000.0,541000.0,440000.0,525000.0,301333.33,47.5664,0.010274,266200.0,32.3065,0.005921,255800.0,16.81,0.003201,308466.67,9.2933,0.002193,309250.0,6.9523,0.001754,310866.67,4.6108,0.001194
20261008,00886,永豐美國科技,30000.0,22000.0,21000.0,20000.0,21000.0,47000.0,20000.0,21000.0,20000.0,20000.0,27000.0,20000.0,24000.0,20000.0,42000.0,32000.0,30000.0,20000.0,20000.0,22000.0,22000.0,30000.0,21000.0,21000.0,40000.0,6000.0,32000.0,25000.0,22000.0,53000.0,24333.33,41.0959,0.000717,22800.0,26.3158,0.000413,24200.0,12.3967,0.000223,25000.0,8.0,0.000153,24950.0,6.012,0.000122,25700.0,3.8911,8.3e-05
20261008,00887,永豐中國科技50大,5917000.0,1775000.0,1745000.0,3131000.0,3533000.0,1976000.0,4675000.0,7574000.0,2766000.0,3429000.0,6708000.0,4524000.0,3800000.0,4068000.0,2471000.0,2946000.0,3272000.0,5770000.0,3401000.0,4060000.0,4615000.0,3218000.0,2137000.0,3294000.0,4267000.0,3611000.0,2904000.0,3148000.0,4508000.0,4297000.0,3145666.67,62.7,0.14137,3220200.0,36.7493,0.081475,3652100.0,16.2016,0.044046,3872800.0,10.1856,0.030174,3877050.0,7.6308,0.024142,3784666.67,5.2114,0.016433
20261008,00888,永豐台灣ESG,4663000.0,6419000.0,7203000.0,9673000.0,11220000.0,5517000.0,4940000.0,4469000.0,3975000.0,4311000.0,12158000.0,8879000.0,11332000.0,7891000.0,2642000.0,3450000.0,3781000.0,6141000.0,3559000.0,5961000.0,6041000.0,18424000.0,3469000.0,4384000.0,5078000.0,10041000.0,4232000.0,9895000.0,3422000.0,5275000.0,6095000.0,25.5018,0.111409,7835600.0,11.9021,0.064208,6239000.0,7.474,0.034711,7019466.67,4.4286,0.023779,6409200.0,3.6377,0.019025,6614833.33,2.3498,0.01295
20261008,00890B,凱基ESG BBB債15+,153000.0,165000.0,122000.0,104000.0,104000.0,101000.0,105000.0,112000.0,124000.0,115000.0,110000.0,106000.0,105000.0,106000.0,101000.0,101000.0,101000.0,102000.0,102000.0,101000.0,121000.0,114000.0,110000.0,109000.0,102000.0,100000.0,131000.0,102000.0,100000.0,107000.0,146666.67,34.7727,0.003655,129600.0,23.6111,0.002107,120500.0,12.6971,0.001139,115533.33,8.8286,0.00078,112000.0,6.8304,0.000624,111200.0,4.5863,0.000425
20261008,00928,中信上櫃ESG 30,490000.0,711000.0,464000.0,1073000.0,1138000.0,177000.0,284000.0,201000.0,231000.0,271000.0,674000.0,309000.0,552000.0,820000.0,660000.0,136000.0,308000.0,405000.0,233000.0,794000.0,298000.0,412000.0,581000.0,533000.0,324000.0,822000.0,339000.0,445000.0,264000.0,721000.0,555000.0,29.4294,0.011707,775200.0,12.6419,0.006747,504000.0,9.7222,0.003648,537000.0,6.0832,0.002499,496550.0,4.934,0.001999,489000.0,3.3401,0.001361
20261008,00931B,統一美債20年,3122000.0,2634000.0,2234000.0,3256000.0,3008000.0,3023000.0,2191000.0,3240000.0,2340000.0,3789000.0,1301000.0,1814000.0,3547000.0,3379000.0,3259000.0,3400000.0,1286000.0,2423000.0,2618000.0,3188000.0,1848000.0,3026000.0,3309000.0,2817000.0,2264000.0,1719000.0,2521000.0,2654000.0,2619000.0,1503000.0,2663333.33,39.0738,0.074591,2850800.0,21.9026,0.042989,2883700.0,10.8264,0.02324,2809133.33,7.4092,0.015921,2752600.0,5.671,0.012738,2644400.0,3.9354,0.00867
20261008,00933B,國泰10Y+金融債,5596000.0,6334000.0,11094000.0,11883000.0,10009000.0,9483000.0,8220000.0,25508000.0,17200000.0,5100000.0,4179000.0,4657000.0,7352000.0,5761000.0,4128000.0,5472000.0,5807000.0,9977000.0,8263000.0,7636000.0,9145000.0,10127000.0,4834000.0,5739000.0,7620000.0,13373000.0,5374000.0,7174000.0,3528000.0,5944000.0,7674666.67,24.3051,0.1337,8983200.0,12.4588,0.077055,11042700.0,5.0676,0.041656,9100266.67,4.0995,0.028537,8682950.0,3.2224,0.022832,8217233.33,2.27,0.015541
20261008,00937B,群益ESG投等債20+,32518000.0,53189000.0,84001000.0,65129000.0,54167000.0,71969000.0,62645000.0,129995000.0,75772000.0,33052000.0,25849000.0,32608000.0,47088000.0,51920000.0,37771000.0,30470000.0,42545000.0,49096000.0,32038000.0,30378000.0,43465000.0,31641000.0,36755000.0,35984000.0,42088000.0,50258000.0,42242000.0,28760000.0,36260000.0,36006000.0,56569333.33,19.1611,0.776925,57800800.0,11.2517,0.447761,66243700.0,4.9088,0.242062,57178200.0,3.7914,0.165827,52110000.0,3.1201,0.132676,47521966.67,2.2809,0.090309
20261008,00942B,台新美A公司債20+,469000.0,1172000.0,3114000.0,2169000.0,2647000.0,1754000.0,889000.0,2051000.0,1565000.0,543000.0,708000.0,2832000.0,501000.0,1737000.0,1000000.0,1547000.0,1725000.0,2946000.0,1187000.0,766000.0,2137000.0,1502000.0,1421000.0,487000.0,1840000.0,737000.0,568000.0,1344000.0,216000.0,749000.0,1585000.0,9.8633,0.011205,1914200.0,4.9002,0.006458,1637300.0,2.8645,0.003491,1543400.0,2.0258,0.002392,1566100.0,1.4974,0.001914,1410766.67,1.1081,0.001303
20261008,00948B,中信優息投資級債,8600000.0,7909000.0,10108000.0,4544000.0,4443000.0,3688000.0,3901000.0,7116000.0,3495000.0,3915000.0,2709000.0,2305000.0,6724000.0,4659000.0,1350000.0,2554000.0,3966000.0,3249000.0,3809000.0,2104000.0,3279000.0,2988000.0,2910000.0,2697000.0,2139000.0,2778000.0,1569000.0,1583000.0,2618000.0,8275000.0,8872333.33,32.3102,0.205472,7120800.0,24.1546,0.118419,5771900.0,14.8998,0.064018,5031066.67,11.3959,0.043856,4557400.0,9.4352,0.035089,4066133.33,7.0501,0.023884
20261008,00950B,凱基A級公司債,5390000.0,5563000.0,5878000.0,5070000.0,3637000.0,2559000.0,1880000.0,4646000.0,4326000.0,2908000.0,1523000.0,2826000.0,2868000.0,1027000.0,2401000.0,1387000.0,2649000.0,3760000.0,4492000.0,1850000.0,3400000.0,3985000.0,1947000.0,2640000.0,2858000.0,2637000.0,2241000.0,4734000.0,2764000.0,998000.0,5610333.33,32.0242,0.128779,5107600.0,21.1058,0.074218,4185700.0,12.8772,0.040123,3500133.33,10.2663,0.027487,3332000.0,8.0882,0.021992,3161466.67,5.683,0.014969
20261008,00955,中信日本商社,2312000.0,1581000.0,2581000.0,2738000.0,1670000.0,2772000.0,1790000.0,3776000.0,1576000.0,1223000.0,2287000.0,2203000.0,5987000.0,3482000.0,2752000.0,5134000.0,5855000.0,3370000.0,3908000.0,4881000.0,7602000.0,4017000.0,3104000.0,14311000.0,2868000.0,8655000.0,2839000.0,3167000.0,1319000.0,2678000.0,2158000.0,35.7121,0.055239,2176400.0,21.2461,0.031835,2201900.0,10.5,0.01721,2582000.0,5.9695,0.01179,3093900.0,3.7364,0.009433,3747933.33,2.0562,0.006421
20261008,00957B,兆豐US優選投等債,132000.0,128000.0,110000.0,331000.0,219000.0,260000.0,204000.0,683000.0,459000.0,186000.0,194000.0,142000.0,538000.0,53000.0,85000.0,124000.0,281000.0,349000.0,143000.0,89000.0,28000.0,399000.0,76000.0,143000.0,59000.0,75000.0,244000.0,91000.0,356000.0,139000.0,123333.33,35.6757,0.003154,184000.0,14.3478,0.001818,271200.0,4.8673,0.000983,248266.67,3.5446,0.000673,235500.0,2.8025,0.000539,210666.67,2.0886,0.000367
20261008,00958B,永豐ESG銀行債15+,206000.0,1592000.0,270000.0,246000.0,1601000.0,461000.0,427000.0,1298000.0,660000.0,556000.0,895000.0,799000.0,777000.0,242000.0,420000.0,658000.0,694000.0,964000.0,1033000.0,961000.0,73000.0,144000.0,52000.0,979000.0,674000.0,738000.0,427000.0,836000.0,33000.0,150000.0,689333.33,9.9613,0.004922,783000.0,5.2618,0.002837,731700.0,2.8154,0.001533,696666.67,1.9713,0.001051,738000.0,1.3957,0.00084,628866.67,1.0919,0.000572
20261008,00959B,大華投等美債15Y+,1157000.0,1014000.0,3270000.0,1627000.0,2192000.0,2203000.0,1231000.0,2902000.0,2201000.0,408000.0,480000.0,694000.0,946000.0,1267000.0,1065000.0,461000.0,1296000.0,1567000.0,1062000.0,887000.0,1095000.0,1032000.0,1314000.0,654000.0,1103000.0,1665000.0,1236000.0,635000.0,616000.0,599000.0,1813666.67,21.2645,0.027643,1852000.0,12.4946,0.015931,1820500.0,6.3554,0.008613,1510466.67,5.1066,0.0059,1396500.0,4.1425,0.004721,1262633.33,3.0545,0.003213
20261008,00966B,統一ESG投等債15+,157000.0,1070000.0,631000.0,676000.0,828000.0,958000.0,1434000.0,1805000.0,923000.0,1641000.0,185000.0,946000.0,2200000.0,272000.0,727000.0,272000.0,965000.0,1158000.0,95000.0,1628000.0,710000.0,160000.0,1019000.0,985000.0,1793000.0,399000.0,1606000.0,698000.0,879000.0,451000.0,619333.33,8.4499,0.003751,672400.0,4.6698,0.002162,1012300.0,1.5509,0.001169,963533.33,1.0863,0.000801,928550.0,0.8454,0.000641,909033.33,0.5757,0.000436
20261008,00967B,元大優息美債,279000.0,538000.0,513000.0,687000.0,789000.0,331000.0,250000.0,1126000.0,167000.0,163000.0,116000.0,106000.0,126000.0,732000.0,965000.0,435000.0,1675000.0,604000.0,91000.0,287000.0,152000.0,184000.0,367000.0,158000.0,182000.0,822000.0,1734000.0,844000.0,215000.0,452000.0,443333.33,20.9774,0.006666,561200.0,9.943,0.003842,484300.0,5.7609,0.002077,459200.0,4.0505,0.001423,499000.0,2.7956,0.001138,503000.0,1.8489,0.000775
20261008,00968B,元大優息投等債,521000.0,1147000.0,1292000.0,973000.0,1496000.0,1028000.0,1398000.0,2798000.0,5600000.0,2180000.0,1353000.0,1470000.0,1497000.0,1513000.0,3270000.0,332000.0,539000.0,984000.0,1024000.0,1104000.0,776000.0,735000.0,296000.0,643000.0,872000.0,1786000.0,944000.0,1208000.0,848000.0,751000.0,986666.67,17.6014,0.012448,1085800.0,9.5966,0.007174,1843300.0,2.8265,0.003878,1835733.33,1.8921,0.002657,1575950.0,1.653,0.002126,1345933.33,1.2903,0.001447
20261008,00969B,元大零息超長美債,471000.0,394000.0,1312000.0,636000.0,661000.0,1696000.0,972000.0,2555000.0,537000.0,277000.0,1402000.0,831000.0,491000.0,545000.0,874000.0,1451000.0,841000.0,963000.0,929000.0,549000.0,458000.0,1096000.0,496000.0,630000.0,900000.0,1055000.0,765000.0,384000.0,137000.0,804000.0,725666.67,21.6353,0.011253,694800.0,13.5579,0.006486,951100.0,4.9522,0.003506,910266.67,3.4495,0.002402,919350.0,2.5616,0.001922,837066.67,1.8756,0.001308
20261008,00970B,台新BBB投等債20+,770000.0,1828000.0,1745000.0,1657000.0,1901000.0,4204000.0,1722000.0,3543000.0,4116000.0,3048000.0,3802000.0,1301000.0,296000.0,1380000.0,730000.0,1109000.0,1975000.0,1043000.0,670000.0,678000.0,1316000.0,827000.0,1429000.0,640000.0,1344000.0,897000.0,708000.0,5427000.0,1575000.0,2228000.0,1447666.67,17.7297,0.018397,1580200.0,9.7456,0.010603,2453400.0,3.1385,0.005732,2136200.0,2.403,0.003927,1875900.0,2.0523,0.003142,1796966.67,1.4283,0.002138
20261008,009806,台新標普500,48000.0,205000.0,72000.0,10000.0,6000.0,15000.0,15000.0,203000.0,75000.0,714000.0,641000.0,30000.0,21000.0,9000.0,13000.0,24000.0,3000.0,754000.0,4000.0,34000.0,28000.0,17000.0,18000.0,2000.0,24000.0,14000.0,61000.0,89000.0,66000.0,106000.0,108333.33,14.7692,0.001147,68200.0,14.0762,0.000661,136300.0,3.5216,0.000357,138466.67,2.311,0.000245,144800.0,1.6575,0.000196,110700.0,1.4453,0.000133
20261008,009807,台新標普科技精選,3000.0,4000.0,29000.0,75000.0,13000.0,29000.0,283000.0,22000.0,221000.0,176000.0,49000.0,17000.0,61000.0,6000.0,23000.0,16000.0,6000.0,10000.0,10000.0,24000.0,19000.0,,34000.0,20000.0,6000.0,25000.0,36000.0,103000.0,124000.0,11000.0,12000.0,8.3333,7.2e-05,24800.0,2.4194,4.1e-05,85500.0,0.3509,2.2e-05,67400.0,0.2967,1.5e-05,53850.0,0.2786,1.2e-05,50172.41,0.2062,8e-06
20261008,00980B,台新特選IG債10+,147000.0,313000.0,406000.0,365000.0,232000.0,710000.0,816000.0,1911000.0,728000.0,101000.0,142000.0,361000.0,132000.0,882000.0,175000.0,681000.0,2262000.0,163000.0,299000.0,363000.0,125000.0,672000.0,456000.0,387000.0,155000.0,637000.0,11000.0,1727000.0,246000.0,315000.0,288666.67,16.9746,0.003512,292600.0,10.0478,0.002024,572900.0,2.5659,0.001094,494733.33,1.9809,0.00075,559450.0,1.3138,0.0006,530666.67,0.9234,0.000408
20261008,00980D,主動聯博投等入息,848000.0,2008000.0,462000.0,943000.0,219000.0,546000.0,682000.0,2459000.0,542000.0,861000.0,186000.0,320000.0,481000.0,615000.0,354000.0,573000.0,443000.0,412000.0,377000.0,301000.0,1993000.0,736000.0,495000.0,223000.0,1777000.0,449000.0,693000.0,403000.0,138000.0,560000.0,1106000.0,25.5576,0.020261,896000.0,18.9286,0.011677,957000.0,8.861,0.006312,768400.0,7.3573,0.004324,681600.0,6.2207,0.00346,703300.0,4.0191,0.002355
20261008,00980T,平衡凱基美國TOP,61000.0,763000.0,1017000.0,467000.0,33000.0,257000.0,48000.0,12000.0,156000.0,239000.0,269000.0,139000.0,137000.0,123000.0,124000.0,222000.0,103000.0,78000.0,223000.0,140000.0,1144000.0,26000.0,871000.0,407000.0,79000.0,335000.0,244000.0,325000.0,256000.0,103000.0,613666.67,3.3134,0.001457,468200.0,2.6057,0.00084,305300.0,1.998,0.000454,256333.33,1.5865,0.000311,230550.0,1.3229,0.000249,280033.33,0.7261,0.000169
20261008,009814,富邦標普500,1025000.0,1273000.0,1300000.0,1458000.0,789000.0,1227000.0,646000.0,896000.0,777000.0,395000.0,634000.0,522000.0,347000.0,598000.0,703000.0,325000.0,391000.0,383000.0,589000.0,606000.0,719000.0,1154000.0,495000.0,409000.0,1592000.0,613000.0,1085000.0,548000.0,3019000.0,2014000.0,1199333.33,28.488,0.024489,1169000.0,17.5364,0.014114,978600.0,10.4741,0.00763,839333.33,8.1414,0.005227,744200.0,6.8866,0.004182,884400.0,3.8633,0.002847
20261008,009815,大華美國MAG7+,1690000.0,1725000.0,1675000.0,1758000.0,1263000.0,3126000.0,1573000.0,2089000.0,937000.0,1672000.0,2944000.0,1810000.0,2167000.0,1417000.0,1340000.0,2031000.0,1229000.0,1153000.0,1531000.0,1161000.0,1571000.0,1142000.0,2498000.0,1331000.0,2695000.0,1412000.0,1946000.0,1630000.0,1224000.0,791000.0,1696666.67,33.2024,0.040378,1622200.0,20.8359,0.023271,1750800.0,9.6527,0.01258,1812400.0,6.2164,0.008618,1714550.0,4.9284,0.006895,1684366.67,3.3445,0.004693
20261008,00981B,第一金優選非投債,14703000.0,7861000.0,17182000.0,15492000.0,8129000.0,5191000.0,6877000.0,25288000.0,12688000.0,9569000.0,14297000.0,12935000.0,12155000.0,10633000.0,11923000.0,7801000.0,11649000.0,10138000.0,10017000.0,8267000.0,14668000.0,21265000.0,9055000.0,6718000.0,6496000.0,9302000.0,8713000.0,17387000.0,10666000.0,8379000.0,13248666.67,36.9924,0.351286,12673400.0,23.2029,0.202455,12298000.0,11.9556,0.109448,12328200.0,7.9509,0.074979,11639750.0,6.3159,0.059989,11514800.0,4.2563,0.040833
20261008,00981D,主動中信非投等債,707000.0,2417000.0,3498000.0,6677000.0,2791000.0,1556000.0,4004000.0,5110000.0,2672000.0,3383000.0,2421000.0,2418000.0,2206000.0,2469000.0,3679000.0,2030000.0,1851000.0,3770000.0,2585000.0,3059000.0,4276000.0,3175000.0,1899000.0,1731000.0,3102000.0,2420000.0,4189000.0,4263000.0,2400000.0,1451000.0,2207333.33,10.6765,0.016892,3218000.0,4.394,0.009735,3281500.0,2.1545,0.005263,3067200.0,1.5367,0.003605,2965150.0,1.1922,0.002885,2940300.0,0.8015,0.001963
20261008,009822,華南永昌未來金融,104000.0,368000.0,528000.0,1625000.0,204000.0,258000.0,504000.0,622000.0,230000.0,2390000.0,2136000.0,423000.0,51000.0,100000.0,394000.0,32000.0,727000.0,700000.0,367000.0,603000.0,1026000.0,727000.0,12797000.0,472000.0,355000.0,82000.0,341000.0,442000.0,134000.0,9938000.0,333333.33,10.4,0.002485,565800.0,3.6762,0.001432,683300.0,1.522,0.000774,662466.67,1.0466,0.00053,618300.0,0.841,0.000424,1289333.33,0.2689,0.000289
20261008,009823,群益S&P500,1949000.0,3083000.0,3561000.0,4576000.0,2346000.0,4130000.0,2071000.0,2819000.0,1943000.0,4073000.0,5832000.0,3620000.0,3248000.0,2090000.0,1453000.0,2117000.0,1592000.0,1880000.0,2696000.0,2898000.0,2094000.0,3509000.0,3631000.0,1596000.0,6326000.0,3166000.0,3382000.0,1225000.0,1964000.0,1925000.0,2864333.33,22.6813,0.046566,3103000.0,12.562,0.026837,3055100.0,6.3795,0.014508,3119600.0,4.1651,0.009939,2898850.0,3.3617,0.007952,2893166.67,2.2455,0.005413
20261008,009825,聯邦美國金融創新,47000.0,296000.0,296000.0,340000.0,138000.0,411000.0,179000.0,392000.0,596000.0,1821000.0,668000.0,774000.0,459000.0,273000.0,217000.0,306000.0,21000.0,314000.0,374000.0,990000.0,905000.0,1180000.0,6170000.0,685000.0,549000.0,283000.0,134000.0,433000.0,1393000.0,3751000.0,213000.0,7.3552,0.001123,223400.0,4.2077,0.000647,451600.0,1.0407,0.00035,460466.67,0.6805,0.00024,445600.0,0.5274,0.000192,813166.67,0.1927,0.000131
20261008,00982B,FT投資級債20+,2000.0,7000.0,51000.0,6000.0,36000.0,18000.0,43000.0,670000.0,12000.0,15000.0,22000.0,5000.0,120000.0,77000.0,4000.0,25000.0,1000.0,31000.0,115000.0,503000.0,12000.0,13000.0,37000.0,1000.0,18000.0,166000.0,50000.0,11000.0,4000.0,,20000.0,3.3333,4.8e-05,20400.0,1.9608,2.8e-05,86000.0,0.2326,1.5e-05,72533.33,0.1838,1e-05,88150.0,0.1134,8e-06,71551.72,0.0964,6e-06
20261008,00983B,大華優利美公債20,816000.0,371000.0,923000.0,472000.0,273000.0,665000.0,963000.0,1845000.0,1367000.0,347000.0,97000.0,44000.0,370000.0,227000.0,312000.0,439000.0,1611000.0,541000.0,105000.0,85000.0,262000.0,401000.0,360000.0,571000.0,1270000.0,54000.0,447000.0,144000.0,72000.0,551000.0,703333.33,38.673,0.019496,571000.0,28.5814,0.011236,804200.0,10.1467,0.006074,606133.33,8.9749,0.004161,593650.0,6.8727,0.003329,533500.0,5.0984,0.002266
20261008,00984B,大華優利美A債15,713000.0,469000.0,1606000.0,865000.0,1473000.0,1389000.0,491000.0,2318000.0,1144000.0,477000.0,246000.0,822000.0,740000.0,1108000.0,738000.0,1103000.0,1590000.0,1474000.0,520000.0,476000.0,2184000.0,593000.0,1025000.0,533000.0,372000.0,1118000.0,231000.0,387000.0,676000.0,199000.0,929333.33,25.5739,0.017035,1025200.0,13.9095,0.009818,1094500.0,6.5144,0.005308,973266.67,4.8839,0.003636,988100.0,3.6079,0.002909,902666.67,2.6329,0.00198
20261008,00985D,主動貝萊德優投等,1148000.0,2083000.0,2299000.0,1353000.0,970000.0,669000.0,759000.0,2375000.0,2084000.0,2273000.0,1645000.0,664000.0,1347000.0,994000.0,2189000.0,1595000.0,1181000.0,1593000.0,618000.0,906000.0,855000.0,1056000.0,887000.0,909000.0,1307000.0,1413000.0,838000.0,1007000.0,206000.0,457000.0,1843333.33,20.7595,0.027428,1570600.0,14.6186,0.015808,1601300.0,7.1692,0.008546,1523466.67,5.0236,0.005854,1437250.0,3.9937,0.004684,1256000.0,3.0467,0.003188
20261008,00986B,FT金融債10+,15000.0,6000.0,26000.0,27000.0,88000.0,134000.0,12000.0,32000.0,49000.0,86000.0,,44000.0,,38000.0,,31000.0,,57000.0,6000.0,,2000.0,10000.0,8000.0,3000.0,9000.0,504000.0,36000.0,38000.0,3000.0,8000.0,15666.67,31.9149,0.000358,32400.0,9.2593,0.000207,47500.0,3.1579,0.000112,46416.67,2.693,7.6e-05,43400.0,2.3041,6.1e-05,50880.0,1.1792,4.2e-05
20261008,00986D,主動復華金融債息,482000.0,1335000.0,616000.0,678000.0,621000.0,464000.0,631000.0,1546000.0,335000.0,294000.0,260000.0,410000.0,154000.0,118000.0,830000.0,991000.0,744000.0,308000.0,238000.0,446000.0,511000.0,692000.0,365000.0,1263000.0,822000.0,234000.0,334000.0,744000.0,231000.0,103000.0,811000.0,19.8109,0.011516,746400.0,12.9153,0.006637,700200.0,6.8837,0.003588,584933.33,5.4935,0.002458,575050.0,4.1909,0.001967,560000.0,2.869,0.001339
20261008,00987B,野村10+澳洲公債,289000.0,87000.0,552000.0,1732000.0,1203000.0,1717000.0,1667000.0,568000.0,3455000.0,715000.0,262000.0,723000.0,1027000.0,360000.0,507000.0,1177000.0,658000.0,2421000.0,269000.0,706000.0,756000.0,348000.0,321000.0,615000.0,665000.0,447000.0,117000.0,267000.0,557000.0,450000.0,309333.33,31.1422,0.006905,772600.0,7.4812,0.003979,1198500.0,2.4113,0.002151,990933.33,1.9443,0.001474,1004750.0,1.4382,0.001179,821266.67,1.173,0.000803
20261008,00987D,主動統一美債量化,4599000.0,2541000.0,1095000.0,2815000.0,881000.0,2861000.0,2525000.0,2319000.0,3907000.0,462000.0,1044000.0,1453000.0,2668000.0,998000.0,2331000.0,2643000.0,2921000.0,4211000.0,3115000.0,1401000.0,3401000.0,609000.0,4100000.0,3615000.0,5984000.0,3940000.0,1666000.0,5865000.0,3024000.0,46621000.0,2745000.0,55.847,0.10988,2386200.0,38.5466,0.063327,2400500.0,19.1585,0.034235,2166600.0,14.1512,0.023453,2339500.0,9.829,0.018764,4187166.67,3.6612,0.012772
20261008,00988B,玉山嚴選非投債,922000.0,2099000.0,1639000.0,1483000.0,1006000.0,1729000.0,1272000.0,2351000.0,1611000.0,680000.0,966000.0,772000.0,722000.0,1103000.0,1612000.0,1470000.0,1680000.0,603000.0,930000.0,1368000.0,2509000.0,2164000.0,937000.0,732000.0,1332000.0,1410000.0,1283000.0,3316000.0,2635000.0,1906000.0,1553333.33,19.7854,0.022029,1429800.0,12.8969,0.012696,1479200.0,6.2331,0.006863,1331133.33,4.6176,0.004702,1300900.0,3.5437,0.003762,1474733.33,2.084,0.002561
20261008,00989B,台新美國非投等債,3405000.0,4644000.0,4148000.0,4648000.0,5275000.0,3501000.0,3628000.0,6680000.0,1817000.0,694000.0,944000.0,1148000.0,3109000.0,1526000.0,2296000.0,3098000.0,5049000.0,4966000.0,3397000.0,5637000.0,6326000.0,7361000.0,3681000.0,3399000.0,3152000.0,4635000.0,3232000.0,4063000.0,3369000.0,4142000.0,4065666.67,27.9167,0.081353,4424000.0,15.3933,0.046886,3844000.0,8.858,0.025347,3164200.0,7.174,0.017364,3480500.0,4.8915,0.013893,3765666.67,3.0141,0.009456
20261008,00990B,國泰收益非投等債,1900000.0,1982000.0,1560000.0,2302000.0,1739000.0,2125000.0,3521000.0,5105000.0,2097000.0,3032000.0,4231000.0,3595000.0,3323000.0,3029000.0,1532000.0,1732000.0,340000.0,2524000.0,583000.0,1166000.0,1744000.0,1476000.0,856000.0,828000.0,712000.0,803000.0,1191000.0,973000.0,915000.0,3017000.0,1814000.0,34.9136,0.045395,1896600.0,20.0359,0.026162,2536300.0,7.4912,0.014143,2738200.0,4.6259,0.009689,2370900.0,4.0069,0.007752,1997766.67,3.1702,0.005277
20261008,00992B,街口優息非投債,6361000.0,,,,,,,,,,,,,,,,,,,,,,,,,,,,,,6361000.0,100.0,0.151978,6361000.0,100.0,0.087589,6361000.0,100.0,0.047351,6361000.0,100.0,0.032438,6361000.0,100.0,0.025953,6361000.0,100.0,0.017666
20261008,00998A,主動復華金融股息,45697000.0,31617000.0,4096000.0,12979000.0,15978000.0,8118000.0,2339000.0,5272000.0,8083000.0,17153000.0,3299000.0,11764000.0,6953000.0,11308000.0,10850000.0,12353000.0,4609000.0,7302000.0,5666000.0,8865000.0,4616000.0,7439000.0,4622000.0,6153000.0,4622000.0,4196000.0,1029000.0,5538000.0,1904000.0,2345000.0,27136666.67,56.1319,1.091799,22073400.0,41.4046,0.629231,15133200.0,30.1965,0.340166,13033733.33,23.3737,0.233034,11715050.0,19.5035,0.186447,9225500.0,16.5111,0.12691
20261008,020001,富邦存股雙十N,1000.0,,,,,,,,,,,1000.0,,,,,,,1000.0,,,,,,,,,3000.0,,,1000.0,100.0,2.4e-05,1000.0,100.0,1.4e-05,1000.0,100.0,7e-06,1000.0,50.0,5e-06,1000.0,33.3333,4e-06,1500.0,16.6667,3e-06
20261008,020025,統一亞洲半導體N,8000.0,5000.0,15000.0,224000.0,,134000.0,88000.0,247000.0,17000.0,20000.0,9000.0,30000.0,20000.0,28000.0,12000.0,2000.0,14000.0,11000.0,14000.0,18000.0,37000.0,96000.0,15000.0,13000.0,17000.0,45000.0,7000.0,60000.0,178000.0,46000.0,9333.33,28.5714,0.000191,63000.0,3.1746,0.00011,84222.22,1.0554,6e-05,61214.29,0.9335,4.1e-05,48210.53,0.8734,3.3e-05,49310.34,0.5594,2.2e-05
20261008,020033,統一恒生科期N,118000.0,101000.0,118000.0,16000.0,116000.0,1000.0,107000.0,90000.0,134000.0,49000.0,80000.0,61000.0,34000.0,8000.0,,50000.0,15000.0,55000.0,49000.0,12000.0,27000.0,36000.0,15000.0,34000.0,20000.0,32000.0,15000.0,30000.0,17000.0,,112333.33,35.0148,0.002819,93800.0,25.1599,0.001625,85000.0,13.8824,0.000878,73785.71,11.423,0.000602,63894.74,9.7199,0.000481,51428.57,8.1944,0.000328
20261008,020035,元大上櫃ESG高息N,,,1000.0,2000.0,2000.0,,,,,,,,,,,,,,,,,,,,,,,2000.0,8000.0,939000.0,1000.0,,,1666.67,,,1666.67,,,1666.67,,,1666.67,,,159000.0,,
20261008,020040,元大上櫃ESG龍頭N,,,,,3000.0,,,,,,6000.0,,1000.0,1000.0,,,,,,,,,,,,,,4000.0,,927000.0,,,,3000.0,,,3000.0,,,2750.0,,,2750.0,,,157000.0,,
20261008,020041,兆豐半導體氣候N,36000.0,151000.0,65000.0,127000.0,85000.0,182000.0,72000.0,72000.0,122000.0,114000.0,116000.0,32000.0,10000.0,,5000.0,4000.0,3000.0,24000.0,26000.0,37000.0,6000.0,29000.0,23000.0,8000.0,17000.0,10000.0,17000.0,56000.0,1000.0,124000.0,84000.0,14.2857,0.00086,92800.0,7.7586,0.000496,102600.0,3.5088,0.000268,84928.57,3.0278,0.000184,67526.32,2.8059,0.000147,54275.86,2.2872,0.0001
20261008,1240,茂生農經,11000.0,54000.0,31000.0,61000.0,10000.0,16000.0,11000.0,29000.0,17000.0,9000.0,7000.0,,,4000.0,3000.0,3000.0,7000.0,5000.0,5000.0,2000.0,8000.0,5000.0,6000.0,60000.0,43000.0,48000.0,12000.0,11000.0,,5000.0,32000.0,11.4583,0.000263,33400.0,6.5868,0.000151,24900.0,4.4177,8.2e-05,20230.77,4.1825,5.6e-05,15833.33,3.8596,4.5e-05,17888.89,2.2774,3.1e-05
20261008,1259,安心,12000.0,1000.0,10000.0,,3000.0,15000.0,19000.0,18000.0,39000.0,,21000.0,59000.0,90000.0,17000.0,,,18000.0,8000.0,16000.0,17000.0,23000.0,1000.0,19000.0,2000.0,1000.0,5000.0,14000.0,6000.0,10000.0,,7666.67,52.1739,0.000287,6500.0,46.1538,0.000165,14625.0,10.2564,8.9e-05,25333.33,3.9474,6.1e-05,22687.5,3.3058,4.9e-05,17760.0,2.7027,3.3e-05
20261008,1264,德麥,27000.0,17000.0,16000.0,15000.0,13000.0,8000.0,16000.0,5000.0,14000.0,21000.0,34000.0,9000.0,14000.0,11000.0,16000.0,58000.0,27000.0,21000.0,33000.0,8000.0,34000.0,21000.0,12000.0,6000.0,9000.0,21000.0,17000.0,11000.0,30000.0,49000.0,20000.0,45.0,0.000645,17600.0,30.6818,0.000372,15200.0,17.7632,0.000201,15733.33,11.4407,0.000138,19150.0,7.0496,0.00011,19766.67,4.5531,7.5e-05
20261008,1268,漢來美食,15000.0,9000.0,11000.0,9000.0,16000.0,75000.0,17000.0,25000.0,16000.0,31000.0,7000.0,29000.0,26000.0,20000.0,8000.0,16000.0,36000.0,24000.0,24000.0,15000.0,31000.0,155000.0,102000.0,88000.0,53000.0,31000.0,18000.0,15000.0,13000.0,10000.0,11666.67,42.8571,0.000358,12000.0,25.0,0.000207,22400.0,6.6964,0.000112,20933.33,4.7771,7.6e-05,21450.0,3.4965,6.1e-05,31500.0,1.5873,4.2e-05
20261008,1294,漢田生技,15000.0,16000.0,11000.0,32000.0,15000.0,18000.0,20000.0,24000.0,8000.0,17000.0,27000.0,13000.0,7000.0,8000.0,6000.0,8000.0,19000.0,32000.0,8000.0,21000.0,8000.0,23000.0,4000.0,20000.0,12000.0,10000.0,56000.0,16000.0,38000.0,28000.0,14000.0,35.7143,0.000358,17800.0,16.8539,0.000207,17600.0,8.5227,0.000112,15800.0,6.3291,7.6e-05,16250.0,4.6154,6.1e-05,18000.0,2.7778,4.2e-05
20261008,1295,生合,62000.0,169000.0,24000.0,53000.0,70000.0,19000.0,28000.0,29000.0,104000.0,29000.0,20000.0,28000.0,34000.0,12000.0,16000.0,4000.0,10000.0,31000.0,14000.0,25000.0,7000.0,18000.0,10000.0,23000.0,17000.0,21000.0,24000.0,24000.0,20000.0,58000.0,85000.0,24.3137,0.001481,75600.0,16.4021,0.000854,58700.0,10.5622,0.000462,46466.67,8.8953,0.000316,39050.0,7.9385,0.000253,33433.33,6.1815,0.000172
20261008,1336,台翰,163000.0,387000.0,335000.0,270000.0,326000.0,848000.0,478000.0,90000.0,80000.0,114000.0,53000.0,309000.0,345000.0,358000.0,109000.0,194000.0,197000.0,1236000.0,151000.0,139000.0,94000.0,155000.0,128000.0,367000.0,217000.0,335000.0,379000.0,346000.0,413000.0,226000.0,295000.0,18.4181,0.003894,296200.0,11.0061,0.002244,309100.0,5.2734,0.001213,284333.33,3.8218,0.000831,309100.0,2.6367,0.000665,294733.33,1.8435,0.000453
20261008,1565,精華,381000.0,165000.0,95000.0,124000.0,136000.0,79000.0,59000.0,83000.0,97000.0,66000.0,42000.0,102000.0,236000.0,118000.0,119000.0,129000.0,76000.0,77000.0,53000.0,219000.0,93000.0,128000.0,81000.0,92000.0,164000.0,122000.0,97000.0,125000.0,442000.0,193000.0,213666.67,59.4384,0.009103,180200.0,42.2863,0.005246,128500.0,29.6498,0.002836,126800.0,20.0315,0.001943,122800.0,15.513,0.001555,133100.0,9.5417,0.001058
20261008,1569,濱川,4380000.0,6248000.0,7641000.0,7438000.0,7021000.0,3382000.0,4423000.0,4337000.0,7507000.0,4405000.0,14351000.0,8774000.0,5164000.0,1355000.0,718000.0,665000.0,923000.0,2860000.0,589000.0,813000.0,657000.0,2022000.0,575000.0,681000.0,644000.0,430000.0,430000.0,867000.0,216000.0,238000.0,6089666.67,23.975,0.104648,6545600.0,13.383,0.060311,5678200.0,7.7137,0.032604,5809600.0,5.0262,0.022336,4649700.0,4.71,0.017871,3325133.33,4.3908,0.012164
20261008,1570,力肯,17000.0,5000.0,10000.0,12000.0,65000.0,11000.0,50000.0,87000.0,28000.0,50000.0,6000.0,30000.0,45000.0,34000.0,15000.0,17000.0,31000.0,44000.0,57000.0,38000.0,25000.0,50000.0,32000.0,38000.0,35000.0,37000.0,27000.0,12000.0,34000.0,39000.0,10666.67,53.125,0.000406,21800.0,15.5963,0.000234,33500.0,5.0746,0.000127,31000.0,3.6559,8.7e-05,32600.0,2.6074,6.9e-05,32700.0,1.7329,4.7e-05
20261008,1580,新麥,81000.0,55000.0,63000.0,98000.0,17000.0,24000.0,52000.0,22000.0,23000.0,10000.0,51000.0,59000.0,136000.0,118000.0,101000.0,215000.0,93000.0,58000.0,158000.0,254000.0,81000.0,281000.0,89000.0,23000.0,129000.0,200000.0,44000.0,75000.0,27000.0,48000.0,66333.33,40.7035,0.001935,62800.0,25.7962,0.001115,44500.0,18.2022,0.000603,60666.67,8.9011,0.000413,84400.0,4.7986,0.00033,89500.0,3.0168,0.000225
20261008,1584,精剛,791000.0,397000.0,298000.0,647000.0,255000.0,375000.0,1678000.0,494000.0,228000.0,334000.0,256000.0,229000.0,549000.0,359000.0,214000.0,250000.0,314000.0,187000.0,185000.0,251000.0,292000.0,296000.0,394000.0,288000.0,358000.0,371000.0,249000.0,533000.0,713000.0,411000.0,495333.33,53.2301,0.018899,477600.0,33.124,0.010892,549700.0,14.3897,0.005888,473600.0,11.1346,0.004034,414550.0,9.5405,0.003227,406533.33,6.4857,0.002197
20261008,1586,和勤,158000.0,241000.0,263000.0,403000.0,237000.0,174000.0,1235000.0,204000.0,86000.0,152000.0,194000.0,175000.0,315000.0,207000.0,187000.0,328000.0,184000.0,137000.0,90000.0,213000.0,273000.0,221000.0,204000.0,146000.0,77000.0,86000.0,132000.0,120000.0,473000.0,510000.0,220666.67,23.8671,0.003775,260400.0,12.1352,0.002176,315300.0,5.0111,0.001176,282066.67,3.7343,0.000806,259150.0,3.0484,0.000645,247500.0,2.1279,0.000439
20261008,1591,駿吉-KY,106000.0,175000.0,191000.0,400000.0,120000.0,224000.0,387000.0,259000.0,172000.0,389000.0,258000.0,306000.0,554000.0,219000.0,261000.0,1209000.0,1074000.0,270000.0,197000.0,860000.0,888000.0,122000.0,125000.0,246000.0,212000.0,120000.0,239000.0,134000.0,168000.0,124000.0,157333.33,22.4576,0.002533,198400.0,10.6855,0.00146,242300.0,4.3747,0.000789,268066.67,2.6362,0.000541,381550.0,1.3891,0.000432,333633.33,1.059,0.000294
20261008,1593,祺驊,5000.0,9000.0,13000.0,15000.0,16000.0,23000.0,10000.0,10000.0,25000.0,9000.0,23000.0,32000.0,28000.0,26000.0,5000.0,6000.0,11000.0,2000.0,9000.0,9000.0,14000.0,15000.0,12000.0,20000.0,7000.0,3000.0,7000.0,33000.0,21000.0,18000.0,9000.0,18.5185,0.000119,11600.0,8.6207,6.9e-05,13500.0,3.7037,3.7e-05,16600.0,2.008,2.5e-05,14300.0,1.7483,2e-05,14533.33,1.1468,1.4e-05
20261008,1595,川寶,1521000.0,956000.0,1111000.0,3553000.0,2199000.0,8981000.0,5766000.0,2073000.0,1621000.0,6312000.0,2789000.0,228000.0,247000.0,305000.0,99000.0,94000.0,98000.0,200000.0,141000.0,324000.0,494000.0,324000.0,609000.0,2042000.0,730000.0,360000.0,274000.0,174000.0,173000.0,226000.0,1196000.0,42.3913,0.03634,1868000.0,16.2848,0.020944,3409300.0,4.4613,0.011322,2517400.0,4.028,0.007756,1930900.0,3.9386,0.006206,1467466.67,3.4549,0.004224
20261008,1599,宏佳騰,28000.0,1000.0,17000.0,14000.0,24000.0,30000.0,13000.0,4000.0,5000.0,6000.0,18000.0,16000.0,10000.0,8000.0,23000.0,18000.0,38000.0,54000.0,8000.0,14000.0,9000.0,25000.0,25000.0,13000.0,8000.0,12000.0,37000.0,25000.0,27000.0,17000.0,15333.33,60.8696,0.000669,16800.0,33.3333,0.000386,14200.0,19.7183,0.000208,14466.67,12.9032,0.000143,17450.0,8.0229,0.000114,18233.33,5.1188,7.8e-05
20261008,1742,台蠟,14000.0,84000.0,73000.0,42000.0,73000.0,52000.0,68000.0,15000.0,55000.0,64000.0,144000.0,116000.0,46000.0,13000.0,20000.0,19000.0,49000.0,40000.0,29000.0,13000.0,17000.0,117000.0,58000.0,103000.0,74000.0,111000.0,62000.0,144000.0,62000.0,107000.0,57000.0,8.1871,0.000334,57200.0,4.8951,0.000193,54000.0,2.5926,0.000104,58600.0,1.5927,7.1e-05,51450.0,1.3605,5.7e-05,62800.0,0.7431,3.9e-05
20261008,1777,生泰,16000.0,28000.0,102000.0,14000.0,46000.0,23000.0,4000.0,12000.0,12000.0,67000.0,52000.0,17000.0,38000.0,14000.0,44000.0,14000.0,106000.0,97000.0,56000.0,54000.0,59000.0,66000.0,120000.0,39000.0,64000.0,33000.0,56000.0,26000.0,43000.0,7000.0,48666.67,10.9589,0.000382,41200.0,7.767,0.00022,32400.0,4.9383,0.000119,32600.0,3.272,8.2e-05,40800.0,1.9608,6.5e-05,44300.0,1.2039,4.4e-05
20261008,1780,立弘,44000.0,61000.0,68000.0,50000.0,137000.0,189000.0,127000.0,81000.0,99000.0,95000.0,131000.0,73000.0,53000.0,148000.0,58000.0,16000.0,21000.0,54000.0,100000.0,107000.0,80000.0,92000.0,78000.0,6000.0,35000.0,192000.0,42000.0,218000.0,108000.0,86000.0,57666.67,25.4335,0.001051,72000.0,12.2222,0.000606,95100.0,4.6267,0.000328,94266.67,3.1117,0.000224,85600.0,2.5701,0.00018,88300.0,1.661,0.000122
20261008,1781,合世,639000.0,10000.0,16000.0,35000.0,24000.0,30000.0,21000.0,18000.0,9000.0,3000.0,15000.0,16000.0,22000.0,12000.0,3000.0,6000.0,6000.0,1000.0,14000.0,17000.0,8000.0,22000.0,17000.0,13000.0,11000.0,27000.0,49000.0,43000.0,18000.0,10000.0,221666.67,96.0902,0.015267,144800.0,88.2597,0.008799,80500.0,79.3789,0.004757,58200.0,73.1959,0.003259,45850.0,69.6838,0.002607,37833.33,56.2996,0.001775
20261008,1784,訊聯,53000.0,30000.0,33000.0,82000.0,18000.0,44000.0,76000.0,49000.0,63000.0,194000.0,147000.0,44000.0,61000.0,40000.0,58000.0,5000.0,35000.0,38000.0,55000.0,41000.0,44000.0,66000.0,61000.0,76000.0,55000.0,150000.0,50000.0,58000.0,68000.0,112000.0,38666.67,45.6897,0.001266,43200.0,24.537,0.00073,64200.0,8.2555,0.000395,66133.33,5.3427,0.00027,58300.0,4.5455,0.000216,63533.33,2.7807,0.000147
20261008,1785,光洋科,8696000.0,20765000.0,43308000.0,5913000.0,7378000.0,5859000.0,8930000.0,4789000.0,2572000.0,4398000.0,3328000.0,4382000.0,4019000.0,6719000.0,2101000.0,2252000.0,3259000.0,4057000.0,6425000.0,1930000.0,2669000.0,2740000.0,2869000.0,4677000.0,3283000.0,2774000.0,4138000.0,3003000.0,3419000.0,3064000.0,24256333.33,11.9501,0.207766,17212000.0,10.1046,0.119741,11260800.0,7.7224,0.064732,8877133.33,6.5306,0.044346,7554000.0,5.7559,0.03548,6123866.67,4.7334,0.024151
20261008,1788,杏昌,48000.0,35000.0,31000.0,12000.0,12000.0,12000.0,4000.0,13000.0,11000.0,17000.0,11000.0,13000.0,16000.0,10000.0,18000.0,6000.0,17000.0,14000.0,14000.0,11000.0,24000.0,18000.0,6000.0,7000.0,12000.0,27000.0,8000.0,18000.0,57000.0,11000.0,38000.0,42.1053,0.001147,27600.0,34.7826,0.000661,19500.0,24.6154,0.000357,17533.33,18.251,0.000245,16250.0,14.7692,0.000196,17100.0,9.3567,0.000133
20261008,1796,金穎生技,10000.0,14000.0,6000.0,4000.0,9000.0,61000.0,6000.0,9000.0,4000.0,7000.0,10000.0,8000.0,11000.0,4000.0,5000.0,4000.0,3000.0,12000.0,3000.0,4000.0,1000.0,8000.0,10000.0,2000.0,7000.0,3000.0,4000.0,10000.0,45000.0,71000.0,10000.0,33.3333,0.000239,8600.0,23.2558,0.000138,13000.0,7.6923,7.4e-05,11200.0,5.9524,5.1e-05,9700.0,5.1546,4.1e-05,11833.33,2.8169,2.8e-05
20261008,1799,易威,135000.0,143000.0,253000.0,195000.0,79000.0,73000.0,110000.0,165000.0,52000.0,30000.0,53000.0,101000.0,113000.0,104000.0,104000.0,62000.0,68000.0,117000.0,84000.0,86000.0,191000.0,66000.0,73000.0,168000.0,50000.0,163000.0,126000.0,145000.0,64000.0,136000.0,177000.0,25.4237,0.003225,161000.0,16.7702,0.001859,123500.0,10.9312,0.001005,114000.0,7.8947,0.000688,106350.0,6.347,0.000551,110300.0,4.0798,0.000375
20261008,1813,寶利徠,37000.0,9000.0,1000.0,3000.0,6000.0,5000.0,5000.0,5000.0,5000.0,4000.0,37000.0,14000.0,6000.0,29000.0,5000.0,6000.0,21000.0,34000.0,52000.0,8000.0,6000.0,15000.0,2000.0,6000.0,9000.0,8000.0,3000.0,8000.0,22000.0,27000.0,15666.67,78.7234,0.000884,11200.0,66.0714,0.000509,8000.0,46.25,0.000275,11400.0,21.6374,0.000189,14600.0,12.6712,0.000151,13266.67,9.2965,0.000103
20261008,1815,富喬,95737000.0,103930000.0,74142000.0,72517000.0,42669000.0,31288000.0,16338000.0,16818000.0,28287000.0,32320000.0,69858000.0,66057000.0,95458000.0,52764000.0,43016000.0,45520000.0,52185000.0,44139000.0,43268000.0,68959000.0,114345000.0,70385000.0,50020000.0,120272000.0,121340000.0,68487000.0,79965000.0,127211000.0,75561000.0,105377000.0,91269666.67,34.9649,2.287362,77799000.0,24.6114,1.318264,51404600.0,18.6242,0.71266,56079933.33,11.381,0.488215,54763500.0,8.7409,0.390613,67607766.67,4.7202,0.265881
20261008,2035,唐榮,3000.0,6000.0,,,3000.0,1000.0,2000.0,,1000.0,17000.0,2000.0,22000.0,1000.0,15000.0,1000.0,15000.0,,18000.0,11000.0,,1000.0,1000.0,1000.0,2000.0,,7000.0,1000.0,1000.0,,,4500.0,33.3333,7.2e-05,4000.0,25.0,4.1e-05,4714.29,9.0909,2.2e-05,6166.67,4.0541,1.5e-05,7866.67,2.5424,1.2e-05,6000.0,2.2727,8e-06
20261008,2061,風青,2215000.0,3555000.0,2695000.0,5388000.0,5226000.0,3244000.0,4798000.0,1905000.0,1618000.0,1591000.0,2029000.0,1955000.0,1967000.0,2753000.0,2191000.0,490000.0,788000.0,988000.0,955000.0,1770000.0,4062000.0,1903000.0,2142000.0,2539000.0,2068000.0,4469000.0,1669000.0,2736000.0,879000.0,1828000.0,2821666.67,26.1666,0.052921,3815800.0,11.6096,0.0305,3223500.0,6.8714,0.016488,2875333.33,5.1356,0.011295,2406050.0,4.603,0.009037,2413866.67,3.0587,0.006152
20261008,2063,世鎧,36000.0,39000.0,33000.0,47000.0,72000.0,13000.0,35000.0,56000.0,24000.0,12000.0,26000.0,17000.0,31000.0,19000.0,14000.0,26000.0,4000.0,24000.0,12000.0,25000.0,17000.0,7000.0,109000.0,15000.0,32000.0,18000.0,28000.0,52000.0,10000.0,52000.0,36000.0,33.3333,0.00086,45400.0,15.859,0.000496,36700.0,9.8093,0.000268,31600.0,7.5949,0.000184,28250.0,6.3717,0.000147,30166.67,3.9779,0.0001
20261008,2064,晉椿,10000.0,4000.0,6000.0,357000.0,2000.0,350000.0,,300000.0,,10000.0,3000.0,5000.0,2000.0,349000.0,314000.0,308000.0,1000.0,,4000.0,,330000.0,275000.0,280000.0,,3000.0,298000.0,,314000.0,310000.0,1000.0,6666.67,50.0,0.000239,75800.0,2.6385,0.000138,129875.0,0.9625,7.4e-05,131692.31,0.5841,5.1e-05,126562.5,0.4938,4.1e-05,159833.33,0.2607,2.8e-05
20261008,2065,世豐,65000.0,96000.0,49000.0,65000.0,53000.0,36000.0,48000.0,33000.0,51000.0,50000.0,86000.0,48000.0,66000.0,53000.0,45000.0,28000.0,17000.0,147000.0,36000.0,54000.0,61000.0,47000.0,36000.0,37000.0,58000.0,24000.0,34000.0,42000.0,30000.0,72000.0,70000.0,30.9524,0.001553,65600.0,19.8171,0.000895,54600.0,11.9048,0.000484,56266.67,7.7014,0.000331,56300.0,5.7726,0.000265,52233.33,4.1481,0.000181
20261008,2066,世德,21000.0,15000.0,54000.0,33000.0,7000.0,23000.0,15000.0,17000.0,15000.0,58000.0,25000.0,13000.0,73000.0,31000.0,26000.0,8000.0,44000.0,36000.0,15000.0,15000.0,13000.0,5000.0,24000.0,33000.0,17000.0,53000.0,25000.0,16000.0,19000.0,63000.0,30000.0,23.3333,0.000502,26000.0,16.1538,0.000289,25800.0,8.1395,0.000156,28400.0,4.9296,0.000107,27200.0,3.8603,8.6e-05,27066.67,2.5862,5.8e-05
20261008,2067,嘉鋼,,,48000.0,44000.0,109000.0,108000.0,50000.0,10000.0,35000.0,9000.0,14000.0,8000.0,7000.0,49000.0,33000.0,1000.0,15000.0,7000.0,10000.0,31000.0,11000.0,2000.0,14000.0,35000.0,34000.0,22000.0,5000.0,4000.0,10000.0,35000.0,48000.0,,,67000.0,,,51625.0,,,40307.69,,,32666.67,,,27142.86,,
20261008,2070,精湛,46000.0,58000.0,60000.0,89000.0,50000.0,99000.0,69000.0,89000.0,27000.0,70000.0,140000.0,80000.0,76000.0,70000.0,18000.0,39000.0,28000.0,93000.0,73000.0,91000.0,106000.0,114000.0,675000.0,158000.0,174000.0,312000.0,343000.0,303000.0,323000.0,218000.0,54666.67,28.0488,0.001099,60600.0,15.1815,0.000633,65700.0,7.0015,0.000342,69400.0,4.4188,0.000235,68250.0,3.37,0.000188,136366.67,1.1244,0.000128
20261008,2073,雄順,,4000.0,,2000.0,2000.0,2000.0,3000.0,1000.0,,3000.0,2000.0,5000.0,,,2000.0,1000.0,2000.0,3000.0,6000.0,5000.0,1000.0,3000.0,3000.0,2000.0,,,1000.0,,,1000.0,4000.0,,,2666.67,,,2428.57,,,2600.0,,,2866.67,,,2571.43,,
20261008,2221,大甲,552000.0,618000.0,611000.0,726000.0,985000.0,2216000.0,2795000.0,1993000.0,1597000.0,19970000.0,1697000.0,2924000.0,13517000.0,8366000.0,8981000.0,7201000.0,5239000.0,10136000.0,6394000.0,2759000.0,5753000.0,4198000.0,12640000.0,4812000.0,3198000.0,1540000.0,2576000.0,3107000.0,1938000.0,2012000.0,593666.67,30.9938,0.013188,698400.0,15.8076,0.007601,3206300.0,1.7216,0.004109,4503200.0,0.8172,0.002815,4963850.0,0.556,0.002252,4701700.0,0.3913,0.001533
20261008,2230,泰茂,171000.0,263000.0,135000.0,127000.0,184000.0,144000.0,65000.0,94000.0,143000.0,280000.0,126000.0,463000.0,219000.0,89000.0,47000.0,56000.0,30000.0,76000.0,28000.0,46000.0,41000.0,48000.0,41000.0,58000.0,76000.0,127000.0,110000.0,120000.0,66000.0,60000.0,189666.67,30.0527,0.004086,176000.0,19.4318,0.002355,160600.0,10.6476,0.001273,170000.0,6.7059,0.000872,139300.0,6.1378,0.000698,117766.67,4.8401,0.000475
20261008,2235,謚源,2000.0,3000.0,8000.0,6000.0,5000.0,,2000.0,,1000.0,,7000.0,1000.0,,8000.0,5000.0,4000.0,9000.0,2000.0,,75000.0,39000.0,1000.0,2000.0,4000.0,1000.0,8000.0,,5000.0,4000.0,2000.0,4333.33,15.3846,4.8e-05,4800.0,8.3333,2.8e-05,3857.14,7.4074,1.5e-05,4363.64,4.1667,1e-05,9200.0,1.4493,8e-06,8500.0,0.9804,6e-06
20261008,2596,綠意,52000.0,24000.0,88000.0,73000.0,32000.0,23000.0,66000.0,11000.0,111000.0,63000.0,82000.0,33000.0,46000.0,165000.0,148000.0,147000.0,333000.0,250000.0,47000.0,298000.0,170000.0,211000.0,60000.0,122000.0,109000.0,94000.0,49000.0,49000.0,150000.0,130000.0,54666.67,31.7073,0.001242,53800.0,19.3309,0.000716,54300.0,9.5764,0.000387,67800.0,5.1131,0.000265,104600.0,2.4857,0.000212,107866.67,1.6069,0.000144
20261008,2640,大車隊,12000.0,25000.0,21000.0,56000.0,8000.0,16000.0,13000.0,23000.0,30000.0,38000.0,107000.0,81000.0,83000.0,191000.0,40000.0,46000.0,13000.0,13000.0,16000.0,8000.0,10000.0,23000.0,9000.0,15000.0,33000.0,56000.0,33000.0,13000.0,20000.0,32000.0,19333.33,20.6897,0.000287,24400.0,9.8361,0.000165,24200.0,4.9587,8.9e-05,49600.0,1.6129,6.1e-05,42000.0,1.4286,4.9e-05,36133.33,1.107,3.3e-05
20261008,2641,正德,662000.0,731000.0,1101000.0,1604000.0,802000.0,567000.0,1148000.0,1020000.0,616000.0,986000.0,875000.0,1206000.0,1322000.0,961000.0,802000.0,929000.0,1091000.0,1726000.0,2302000.0,1701000.0,992000.0,1273000.0,2192000.0,3965000.0,1122000.0,1472000.0,2324000.0,2046000.0,1872000.0,6470000.0,831333.33,26.5437,0.015817,980000.0,13.5102,0.009116,923700.0,7.1668,0.004928,960200.0,4.5963,0.003376,1107600.0,2.9884,0.002701,1529333.33,1.4429,0.001839
20261008,2643,捷迅,6000.0,46000.0,9000.0,10000.0,9000.0,10000.0,7000.0,3000.0,13000.0,1000.0,8000.0,11000.0,3000.0,8000.0,4000.0,3000.0,3000.0,12000.0,32000.0,19000.0,19000.0,9000.0,15000.0,2000.0,7000.0,7000.0,8000.0,8000.0,14000.0,4000.0,20333.33,9.8361,0.000143,16000.0,7.5,8.3e-05,11400.0,5.2632,4.5e-05,9866.67,4.0541,3.1e-05,10850.0,2.765,2.4e-05,10333.33,1.9355,1.7e-05
20261008,2718,全心投控,,19000.0,26000.0,6000.0,5000.0,19000.0,24000.0,3000.0,12000.0,20000.0,23000.0,24000.0,14000.0,11000.0,14000.0,25000.0,28000.0,23000.0,19000.0,25000.0,4000.0,13000.0,36000.0,26000.0,10000.0,24000.0,37000.0,122000.0,176000.0,179000.0,22500.0,,,14000.0,,,14888.89,,,15714.29,,,17894.74,,,33344.83,,
20261008,2719,燦星旅,8000.0,5000.0,7000.0,5000.0,4000.0,12000.0,1000.0,4000.0,3000.0,6000.0,2000.0,9000.0,14000.0,4000.0,2000.0,,7000.0,42000.0,10000.0,22000.0,41000.0,8000.0,8000.0,18000.0,5000.0,3000.0,5000.0,5000.0,8000.0,16000.0,6666.67,40.0,0.000191,5800.0,27.5862,0.00011,5500.0,14.5455,6e-05,5733.33,9.3023,4.1e-05,8789.47,4.7904,3.3e-05,9793.1,2.8169,2.2e-05
20261008,2724,藝舍-KY,3000.0,19000.0,,1000.0,3000.0,1000.0,,,2000.0,4000.0,2000.0,3000.0,41000.0,4000.0,9000.0,8000.0,1000.0,,,,1000.0,2000.0,,11000.0,12000.0,5000.0,1000.0,2000.0,2000.0,7000.0,11000.0,13.6364,7.2e-05,6500.0,11.5385,4.1e-05,4714.29,9.0909,2.2e-05,7666.67,3.2609,1.5e-05,7214.29,2.9703,1.2e-05,6260.87,2.0833,8e-06
20261008,2726,雅茗-KY,42000.0,27000.0,2000.0,23000.0,54000.0,7000.0,17000.0,14000.0,16000.0,51000.0,28000.0,21000.0,16000.0,21000.0,2000.0,24000.0,10000.0,26000.0,18000.0,7000.0,49000.0,95000.0,47000.0,8000.0,26000.0,31000.0,181000.0,54000.0,46000.0,60000.0,23666.67,59.1549,0.001003,29600.0,28.3784,0.000578,25300.0,16.6008,0.000313,22733.33,12.3167,0.000214,21300.0,9.8592,0.000171,34100.0,4.1056,0.000117
20261008,2729,瓦城,9000.0,8000.0,7000.0,17000.0,6000.0,6000.0,14000.0,2000.0,14000.0,14000.0,38000.0,71000.0,63000.0,36000.0,68000.0,33000.0,7000.0,17000.0,6000.0,10000.0,11000.0,6000.0,11000.0,9000.0,15000.0,9000.0,15000.0,8000.0,13000.0,30000.0,8000.0,37.5,0.000215,9400.0,19.1489,0.000124,9700.0,9.2784,6.7e-05,24866.67,2.4129,4.6e-05,22300.0,2.0179,3.7e-05,19100.0,1.5707,2.5e-05
20261008,2732,六角,13000.0,49000.0,23000.0,18000.0,28000.0,43000.0,20000.0,8000.0,26000.0,95000.0,17000.0,13000.0,13000.0,12000.0,10000.0,27000.0,42000.0,28000.0,6000.0,17000.0,30000.0,7000.0,17000.0,24000.0,71000.0,25000.0,17000.0,10000.0,15000.0,36000.0,28333.33,15.2941,0.000311,26200.0,9.9237,0.000179,32300.0,4.0248,9.7e-05,25866.67,3.3505,6.6e-05,25400.0,2.5591,5.3e-05,25333.33,1.7105,3.6e-05
20261008,2734,易飛網,177000.0,41000.0,25000.0,69000.0,30000.0,45000.0,26000.0,38000.0,26000.0,36000.0,51000.0,45000.0,31000.0,25000.0,42000.0,15000.0,42000.0,22000.0,27000.0,42000.0,85000.0,26000.0,9000.0,20000.0,27000.0,10000.0,96000.0,11000.0,54000.0,36000.0,81000.0,72.8395,0.004229,68400.0,51.7544,0.002437,51300.0,34.5029,0.001318,47133.33,25.0354,0.000903,42750.0,20.7018,0.000722,40966.67,14.402,0.000492
20261008,2736,富野,33000.0,37000.0,37000.0,8000.0,78000.0,17000.0,27000.0,16000.0,20000.0,68000.0,22000.0,45000.0,23000.0,29000.0,25000.0,16000.0,29000.0,35000.0,42000.0,47000.0,12000.0,26000.0,28000.0,63000.0,87000.0,105000.0,54000.0,73000.0,43000.0,97000.0,35666.67,30.8411,0.000788,38600.0,17.0984,0.000454,34100.0,9.6774,0.000246,32333.33,6.8041,0.000168,32700.0,5.0459,0.000135,41400.0,2.657,9.2e-05
20261008,2740,華軒,1000.0,2000.0,1000.0,4000.0,7000.0,8000.0,12000.0,3000.0,2000.0,1000.0,1000.0,1000.0,1000.0,1000.0,1000.0,1000.0,5000.0,2000.0,2000.0,2000.0,6000.0,6000.0,6000.0,2000.0,1000.0,1000.0,2000.0,2000.0,1000.0,1000.0,1333.33,25.0,2.4e-05,3000.0,6.6667,1.4e-05,4100.0,2.439,7e-06,3066.67,2.1739,5e-06,2900.0,1.7241,4e-06,2866.67,1.1628,3e-06
20261008,2743,山富,27000.0,56000.0,133000.0,105000.0,31000.0,21000.0,17000.0,21000.0,12000.0,31000.0,21000.0,43000.0,93000.0,46000.0,26000.0,38000.0,47000.0,52000.0,69000.0,111000.0,163000.0,145000.0,32000.0,59000.0,45000.0,59000.0,33000.0,120000.0,64000.0,104000.0,72000.0,12.5,0.000645,70400.0,7.6705,0.000372,45400.0,5.9471,0.000201,45533.33,3.9531,0.000138,50000.0,2.7,0.00011,60800.0,1.4803,7.5e-05
20261008,2745,五福,43000.0,17000.0,50000.0,38000.0,18000.0,19000.0,26000.0,37000.0,97000.0,87000.0,84000.0,49000.0,40000.0,55000.0,63000.0,65000.0,79000.0,99000.0,68000.0,34000.0,38000.0,38000.0,62000.0,51000.0,26000.0,65000.0,39000.0,97000.0,35000.0,49000.0,36666.67,39.0909,0.001027,33200.0,25.9036,0.000592,43200.0,9.9537,0.00032,48200.0,5.9474,0.000219,53400.0,4.0262,0.000175,52266.67,2.7423,0.000119
20261008,2751,王座,24000.0,17000.0,13000.0,7000.0,,5000.0,14000.0,4000.0,2000.0,4000.0,4000.0,2000.0,,1000.0,1000.0,4000.0,4000.0,7000.0,9000.0,28000.0,6000.0,1000.0,2000.0,6000.0,10000.0,8000.0,22000.0,22000.0,,13000.0,18000.0,44.4444,0.000573,15250.0,39.3443,0.00033,10000.0,26.6667,0.000179,7538.46,24.4898,0.000122,8333.33,16.0,9.8e-05,8888.89,10.0,6.7e-05
20261008,2752,豆府,3000.0,1000.0,6000.0,19000.0,2000.0,17000.0,10000.0,12000.0,1000.0,13000.0,7000.0,3000.0,19000.0,2000.0,1000.0,13000.0,7000.0,10000.0,4000.0,,26000.0,20000.0,3000.0,10000.0,7000.0,9000.0,6000.0,1000.0,4000.0,2000.0,3333.33,30.0,7.2e-05,6200.0,9.6774,4.1e-05,8400.0,3.5714,2.2e-05,7733.33,2.5862,1.5e-05,7894.74,2.0,1.2e-05,8206.9,1.2605,8e-06
20261008,2754,亞洲藏壽司,7000.0,7000.0,25000.0,56000.0,49000.0,8000.0,18000.0,12000.0,28000.0,21000.0,38000.0,30000.0,23000.0,20000.0,2000.0,6000.0,41000.0,21000.0,54000.0,1000.0,9000.0,31000.0,6000.0,17000.0,2000.0,11000.0,14000.0,41000.0,9000.0,25000.0,13000.0,17.9487,0.000167,28800.0,4.8611,9.6e-05,23100.0,3.0303,5.2e-05,22933.33,2.0349,3.6e-05,23350.0,1.4989,2.9e-05,21066.67,1.1076,1.9e-05
20261008,2755,揚秦,23000.0,55000.0,67000.0,41000.0,29000.0,22000.0,24000.0,21000.0,10000.0,11000.0,16000.0,15000.0,10000.0,28000.0,43000.0,24000.0,13000.0,28000.0,40000.0,48000.0,48000.0,43000.0,97000.0,4000.0,5000.0,22000.0,14000.0,19000.0,18000.0,12000.0,48333.33,15.8621,0.00055,43000.0,10.6977,0.000317,30300.0,7.5908,0.000171,27666.67,5.5422,0.000117,28400.0,4.0493,9.4e-05,28333.33,2.7059,6.4e-05
20261008,2756,聯發國際,95000.0,46000.0,19000.0,4000.0,16000.0,10000.0,1000.0,8000.0,25000.0,25000.0,8000.0,7000.0,24000.0,5000.0,52000.0,37000.0,80000.0,58000.0,2000.0,38000.0,25000.0,45000.0,19000.0,9000.0,20000.0,12000.0,9000.0,10000.0,26000.0,15000.0,53333.33,59.375,0.00227,36000.0,52.7778,0.001308,24900.0,38.1526,0.000707,23000.0,27.5362,0.000484,28000.0,16.9643,0.000388,25000.0,12.6667,0.000264
20261008,2916,滿心,10000.0,10000.0,32000.0,42000.0,17000.0,12000.0,10000.0,7000.0,20000.0,39000.0,18000.0,27000.0,11000.0,12000.0,6000.0,30000.0,62000.0,31000.0,14000.0,22000.0,49000.0,28000.0,39000.0,34000.0,27000.0,23000.0,44000.0,25000.0,32000.0,13000.0,17333.33,19.2308,0.000239,22200.0,9.009,0.000138,19900.0,5.0251,7.4e-05,18200.0,3.663,5.1e-05,21600.0,2.3148,4.1e-05,24866.67,1.3405,2.8e-05
20261008,2924,宏太-KY,1000.0,1000.0,32000.0,3000.0,9000.0,1000.0,19000.0,8000.0,1000.0,1000.0,8000.0,1000.0,1000.0,3000.0,28000.0,22000.0,1000.0,1000.0,8000.0,8000.0,7000.0,12000.0,11000.0,11000.0,1000.0,7000.0,13000.0,12000.0,10000.0,19000.0,11333.33,2.9412,2.4e-05,9200.0,2.1739,1.4e-05,7600.0,1.3158,7e-06,7800.0,0.8547,5e-06,7850.0,0.6369,4e-06,8666.67,0.3846,3e-06
20261008,2926,誠品生活,6000.0,10000.0,3000.0,8000.0,9000.0,3000.0,12000.0,18000.0,,2000.0,8000.0,,21000.0,2000.0,2000.0,6000.0,2000.0,2000.0,7000.0,3000.0,5000.0,22000.0,5000.0,5000.0,4000.0,5000.0,8000.0,15000.0,17000.0,30000.0,6333.33,31.5789,0.000143,7200.0,16.6667,8.3e-05,7888.89,8.4507,4.5e-05,8000.0,5.7692,3.1e-05,6888.89,4.8387,2.4e-05,8571.43,2.5,1.7e-05
20261008,2937,集雅社,2000.0,1000.0,4000.0,,5000.0,,1000.0,5000.0,,,2000.0,2000.0,2000.0,5000.0,3000.0,5000.0,7000.0,4000.0,8000.0,4000.0,18000.0,2000.0,2000.0,1000.0,4000.0,4000.0,28000.0,52000.0,10000.0,2000.0,2333.33,28.5714,4.8e-05,3000.0,16.6667,2.8e-05,3000.0,11.1111,1.5e-05,2909.09,6.25,1e-05,3750.0,3.3333,8e-06,7038.46,1.0929,6e-06
20261008,2938,床的世界,54000.0,55000.0,51000.0,76000.0,72000.0,42000.0,31000.0,26000.0,93000.0,223000.0,40000.0,300000.0,127000.0,361000.0,656000.0,,,,,,,,,,,,,,,,53333.33,33.75,0.00129,61600.0,17.5325,0.000744,72300.0,7.4689,0.000402,147133.33,2.4468,0.000275,147133.33,2.4468,0.00022,147133.33,2.4468,0.00015
20261008,2941,米斯特,7000.0,2000.0,,1000.0,2000.0,6000.0,4000.0,1000.0,1000.0,1000.0,2000.0,1000.0,6000.0,5000.0,8000.0,,4000.0,1000.0,7000.0,3000.0,2000.0,6000.0,8000.0,,,2000.0,,1000.0,1000.0,1000.0,4500.0,77.7778,0.000167,3000.0,58.3333,9.6e-05,2777.78,28.0,5.2e-05,3357.14,14.8936,3.6e-05,3444.44,11.2903,2.9e-05,3320.0,8.4337,1.9e-05
20261008,2947,振宇五金,15000.0,8000.0,22000.0,23000.0,15000.0,9000.0,8000.0,,,3000.0,,9000.0,2000.0,6000.0,3000.0,17000.0,10000.0,51000.0,2000.0,18000.0,7000.0,4000.0,7000.0,25000.0,62000.0,11000.0,8000.0,12000.0,4000.0,11000.0,15000.0,33.3333,0.000358,16600.0,18.0723,0.000207,12875.0,14.5631,0.000112,10250.0,12.1951,7.6e-05,13000.0,6.7873,6.1e-05,13777.78,4.0323,4.2e-05
20261008,2948,寶陞,3000.0,1000.0,,4000.0,4000.0,6000.0,1000.0,6000.0,3000.0,13000.0,13000.0,1000.0,3000.0,1000.0,,3000.0,2000.0,5000.0,1000.0,3000.0,,3000.0,6000.0,3000.0,1000.0,9000.0,4000.0,2000.0,2000.0,1000.0,2000.0,75.0,7.2e-05,3000.0,25.0,4.1e-05,4555.56,7.3171,2.2e-05,4538.46,5.0847,1.5e-05,4055.56,4.1096,1.2e-05,3851.85,2.8846,8e-06
20261008,2949,欣新網,1000.0,,,1000.0,1000.0,,12000.0,,5000.0,,,,,,6000.0,3000.0,,,,,3000.0,,,,,1000.0,1000.0,,,,1000.0,100.0,2.4e-05,1000.0,33.3333,1.4e-05,4000.0,5.0,7e-06,4333.33,3.8462,5e-06,4142.86,3.4483,4e-06,3400.0,2.9412,3e-06
20261008,3064,泰偉,2000.0,1000.0,3000.0,17000.0,3000.0,2000.0,,,,,,2000.0,,,,,,3000.0,,,1000.0,,,,,,,,,3000.0,2000.0,33.3333,4.8e-05,5200.0,7.6923,2.8e-05,4666.67,7.1429,1.5e-05,4285.71,6.6667,1e-05,4125.0,6.0606,8e-06,3700.0,5.4054,6e-06
20261008,3066,李洲,1029000.0,513000.0,876000.0,1530000.0,978000.0,1576000.0,2394000.0,2761000.0,2118000.0,1457000.0,1505000.0,3277000.0,7953000.0,5345000.0,2071000.0,1017000.0,305000.0,378000.0,394000.0,763000.0,565000.0,673000.0,1074000.0,1813000.0,2077000.0,1280000.0,4594000.0,2900000.0,902000.0,1124000.0,806000.0,42.5558,0.024585,985200.0,20.8892,0.014169,1523200.0,6.7555,0.00766,2358866.67,2.9082,0.005247,1912000.0,2.6909,0.004198,1841400.0,1.8627,0.002858
20261008,3067,全域,7000.0,,,,,,,1000.0,,1000.0,14000.0,,3000.0,,1000.0,,,1000.0,,2000.0,5000.0,23000.0,,1000.0,,,1000.0,1000.0,,1000.0,7000.0,100.0,0.000167,7000.0,100.0,9.6e-05,3000.0,77.7778,5.2e-05,4500.0,25.9259,3.6e-05,3750.0,23.3333,2.9e-05,4428.57,11.2903,1.9e-05
20261008,3071,協禧,181000.0,189000.0,142000.0,185000.0,178000.0,143000.0,125000.0,105000.0,164000.0,96000.0,265000.0,125000.0,118000.0,83000.0,50000.0,128000.0,61000.0,206000.0,403000.0,110000.0,169000.0,195000.0,638000.0,176000.0,122000.0,203000.0,72000.0,130000.0,132000.0,145000.0,170666.67,35.3516,0.004324,175000.0,20.6857,0.002492,150800.0,12.0027,0.001347,143266.67,8.4225,0.000923,152850.0,5.9208,0.000738,167966.67,3.592,0.000503
20261008,3073,天方能源,44000.0,17000.0,12000.0,19000.0,18000.0,8000.0,9000.0,13000.0,7000.0,30000.0,47000.0,83000.0,52000.0,8000.0,14000.0,15000.0,24000.0,34000.0,45000.0,3000.0,53000.0,48000.0,57000.0,40000.0,73000.0,39000.0,6000.0,29000.0,43000.0,39000.0,24333.33,60.274,0.001051,22000.0,40.0,0.000606,17700.0,24.8588,0.000328,25400.0,11.5486,0.000224,25100.0,8.7649,0.00018,30966.67,4.7363,0.000122
20261008,3078,僑威,331000.0,334000.0,218000.0,474000.0,388000.0,396000.0,351000.0,281000.0,252000.0,482000.0,616000.0,997000.0,801000.0,486000.0,1075000.0,339000.0,357000.0,639000.0,944000.0,577000.0,654000.0,960000.0,1131000.0,1365000.0,777000.0,888000.0,2595000.0,1019000.0,924000.0,587000.0,294333.33,37.4858,0.007908,349000.0,18.9685,0.004558,350700.0,9.4383,0.002464,498800.0,4.424,0.001688,516900.0,3.2018,0.001351,707933.33,1.5585,0.000919
20261008,3081,聯亞,2756000.0,5219000.0,2260000.0,6757000.0,4284000.0,1747000.0,1329000.0,1139000.0,1798000.0,4144000.0,2200000.0,2610000.0,3166000.0,4058000.0,5534000.0,2210000.0,2614000.0,2482000.0,2921000.0,4728000.0,3764000.0,3448000.0,5284000.0,3924000.0,3191000.0,2459000.0,3971000.0,3066000.0,6294000.0,6821000.0,3411666.67,26.9272,0.065847,4255200.0,12.9536,0.037949,3143300.0,8.7679,0.020515,3266733.33,5.6244,0.014054,3197800.0,4.3092,0.011245,3539266.67,2.5956,0.007654
20261008,3083,網龍,22000.0,21000.0,54000.0,29000.0,77000.0,271000.0,59000.0,47000.0,44000.0,18000.0,90000.0,34000.0,55000.0,40000.0,30000.0,120000.0,87000.0,51000.0,16000.0,23000.0,47000.0,51000.0,91000.0,19000.0,30000.0,30000.0,50000.0,12000.0,19000.0,29000.0,32333.33,22.6804,0.000526,40600.0,10.8374,0.000303,64200.0,3.4268,0.000164,59400.0,2.4691,0.000112,59400.0,1.8519,9e-05,52200.0,1.4049,6.1e-05
20261008,3085,新零售,,,,,,,4000.0,8000.0,5000.0,8000.0,,2000.0,2000.0,5000.0,1000.0,3000.0,,1000.0,2000.0,,16000.0,1000.0,19000.0,7000.0,4000.0,,9000.0,,8000.0,1000.0,,,,,,,6250.0,,,4375.0,,,3727.27,,,5578.95,,
20261008,3086,華義*,44000.0,98000.0,81000.0,99000.0,109000.0,65000.0,95000.0,131000.0,100000.0,48000.0,83000.0,50000.0,73000.0,58000.0,38000.0,73000.0,42000.0,51000.0,41000.0,59000.0,143000.0,190000.0,111000.0,128000.0,339000.0,871000.0,296000.0,149000.0,69000.0,84000.0,74333.33,19.7309,0.001051,86200.0,10.2088,0.000606,87000.0,5.0575,0.000328,78133.33,3.7543,0.000224,71900.0,3.0598,0.00018,127266.67,1.1524,0.000122
20261008,3088,艾訊,481000.0,946000.0,1308000.0,754000.0,431000.0,427000.0,934000.0,1699000.0,442000.0,340000.0,582000.0,818000.0,376000.0,644000.0,271000.0,365000.0,284000.0,537000.0,520000.0,1102000.0,695000.0,817000.0,1551000.0,761000.0,401000.0,958000.0,477000.0,409000.0,558000.0,669000.0,911666.67,17.5868,0.011492,784000.0,12.2704,0.006623,776200.0,6.1969,0.003581,696866.67,4.6015,0.002453,663050.0,3.6272,0.001963,685233.33,2.3398,0.001336
20261008,3093,港建*,135000.0,229000.0,283000.0,281000.0,268000.0,261000.0,208000.0,352000.0,85000.0,138000.0,84000.0,231000.0,146000.0,100000.0,111000.0,170000.0,127000.0,215000.0,242000.0,362000.0,151000.0,216000.0,203000.0,305000.0,372000.0,257000.0,325000.0,495000.0,1107000.0,636000.0,215666.67,20.8655,0.003225,239200.0,11.2876,0.001859,224000.0,6.0268,0.001005,194133.33,4.636,0.000688,201400.0,3.3515,0.000551,269833.33,1.6677,0.000375
20261008,3095,及成,5000.0,7000.0,4000.0,1000.0,2000.0,5000.0,8000.0,5000.0,65000.0,13000.0,17000.0,9000.0,21000.0,5000.0,1000.0,5000.0,,6000.0,11000.0,3000.0,5000.0,12000.0,1000.0,4000.0,,3000.0,10000.0,10000.0,1000.0,8000.0,5333.33,31.25,0.000119,3800.0,26.3158,6.9e-05,11500.0,4.3478,3.7e-05,11200.0,2.9762,2.5e-05,10157.89,2.5907,2e-05,8821.43,2.0243,1.4e-05
20261008,3105,穩懋,16134000.0,22167000.0,19091000.0,47142000.0,27304000.0,26500000.0,41316000.0,15080000.0,21240000.0,26998000.0,33052000.0,23166000.0,43288000.0,46836000.0,28852000.0,35312000.0,13412000.0,14114000.0,14923000.0,35781000.0,17063000.0,19322000.0,23782000.0,40305000.0,41055000.0,55247000.0,50920000.0,48392000.0,36119000.0,31905000.0,19130666.67,28.1119,0.385476,26367600.0,12.2377,0.222159,26297200.0,6.1353,0.1201,29211066.67,3.6822,0.082276,27585400.0,2.9244,0.065828,30527266.67,1.7617,0.044807
20261008,3114,好德,694000.0,1223000.0,6943000.0,1914000.0,3572000.0,2976000.0,642000.0,1771000.0,870000.0,169000.0,166000.0,217000.0,180000.0,129000.0,110000.0,88000.0,141000.0,147000.0,188000.0,196000.0,203000.0,189000.0,249000.0,649000.0,538000.0,273000.0,205000.0,211000.0,155000.0,238000.0,2953333.33,7.833,0.016581,2869200.0,4.8376,0.009556,2077400.0,3.3407,0.005166,1438400.0,3.2165,0.003539,1116800.0,3.1071,0.002832,841533.33,2.749,0.001927
20261008,3115,富榮綱,23000.0,7000.0,1000.0,2000.0,29000.0,8000.0,23000.0,14000.0,70000.0,33000.0,1000.0,9000.0,54000.0,14000.0,14000.0,8000.0,7000.0,,,9000.0,2000.0,4000.0,2000.0,2000.0,,10000.0,,13000.0,1000.0,3000.0,10333.33,74.1935,0.00055,12400.0,37.0968,0.000317,21000.0,10.9524,0.000171,20133.33,7.6159,0.000117,18111.11,7.0552,9.4e-05,13961.54,6.3361,6.4e-05
20261008,3118,進階,16000.0,12000.0,10000.0,15000.0,9000.0,7000.0,48000.0,29000.0,33000.0,,15000.0,8000.0,2000.0,11000.0,11000.0,19000.0,14000.0,23000.0,28000.0,19000.0,9000.0,14000.0,18000.0,29000.0,,44000.0,35000.0,14000.0,18000.0,22000.0,12666.67,42.1053,0.000382,12400.0,25.8065,0.00022,19888.89,8.9385,0.000119,16142.86,7.0796,8.2e-05,17315.79,4.8632,6.5e-05,19000.0,3.0075,4.4e-05
20261008,3122,笙泉,32000.0,40000.0,128000.0,57000.0,34000.0,22000.0,73000.0,38000.0,14000.0,102000.0,56000.0,56000.0,14000.0,34000.0,17000.0,36000.0,18000.0,15000.0,41000.0,32000.0,48000.0,40000.0,41000.0,111000.0,74000.0,71000.0,19000.0,69000.0,47000.0,64000.0,66666.67,16.0,0.000765,58200.0,10.9966,0.000441,54000.0,5.9259,0.000238,47800.0,4.463,0.000163,42950.0,3.7253,0.000131,48100.0,2.2176,8.9e-05
20261008,3128,昇銳,32000.0,27000.0,121000.0,73000.0,46000.0,75000.0,49000.0,39000.0,36000.0,38000.0,142000.0,49000.0,209000.0,124000.0,364000.0,613000.0,170000.0,51000.0,28000.0,21000.0,71000.0,107000.0,113000.0,115000.0,68000.0,176000.0,70000.0,152000.0,88000.0,294000.0,60000.0,17.7778,0.000765,59800.0,10.7023,0.000441,53600.0,5.9701,0.000238,94933.33,2.2472,0.000163,115350.0,1.3871,0.000131,118700.0,0.8986,8.9e-05
20261008,3131,弘塑,205000.0,354000.0,253000.0,478000.0,324000.0,603000.0,720000.0,519000.0,181000.0,224000.0,265000.0,377000.0,203000.0,293000.0,135000.0,231000.0,211000.0,272000.0,386000.0,848000.0,830000.0,650000.0,234000.0,316000.0,266000.0,611000.0,715000.0,559000.0,926000.0,541000.0,270666.67,25.2463,0.004898,322800.0,12.7014,0.002823,386100.0,5.3095,0.001526,342266.67,3.993,0.001045,354100.0,2.8947,0.000836,424333.33,1.6104,0.000569
20261008,3141,晶宏,1406000.0,1855000.0,5382000.0,3506000.0,2432000.0,1452000.0,1053000.0,1533000.0,2472000.0,2479000.0,3936000.0,4878000.0,3298000.0,5378000.0,4430000.0,5136000.0,2225000.0,4213000.0,2881000.0,2813000.0,6222000.0,8308000.0,14635000.0,21248000.0,18047000.0,10308000.0,3453000.0,586000.0,551000.0,1435000.0,2881000.0,16.2675,0.033592,2916200.0,9.6427,0.01936,2357000.0,5.9652,0.010466,3032666.67,3.0908,0.00717,3137900.0,2.2404,0.005737,4918366.67,0.9529,0.003905
20261008,3147,大綜,2545000.0,1647000.0,3376000.0,1454000.0,2133000.0,1630000.0,524000.0,561000.0,1233000.0,236000.0,585000.0,608000.0,956000.0,632000.0,964000.0,746000.0,1190000.0,349000.0,382000.0,366000.0,152000.0,359000.0,359000.0,339000.0,201000.0,340000.0,220000.0,321000.0,362000.0,340000.0,2522666.67,33.6284,0.060805,2231000.0,22.8149,0.035044,1533900.0,16.5917,0.018945,1272266.67,13.3358,0.012978,1105850.0,11.507,0.010384,837000.0,10.1354,0.007068
20261008,3152,璟德,62000.0,150000.0,102000.0,135000.0,53000.0,98000.0,84000.0,87000.0,296000.0,46000.0,54000.0,48000.0,62000.0,90000.0,77000.0,51000.0,49000.0,115000.0,88000.0,113000.0,125000.0,70000.0,100000.0,107000.0,73000.0,110000.0,138000.0,218000.0,651000.0,464000.0,104666.67,19.7452,0.001481,100400.0,12.3506,0.000854,111300.0,5.5705,0.000462,96266.67,4.2936,0.000316,93000.0,3.3333,0.000253,130533.33,1.5832,0.000172
20261008,3158,嘉實,2000.0,7000.0,11000.0,10000.0,24000.0,29000.0,20000.0,14000.0,14000.0,5000.0,8000.0,8000.0,21000.0,11000.0,20000.0,19000.0,104000.0,12000.0,5000.0,5000.0,7000.0,15000.0,1000.0,2000.0,8000.0,7000.0,8000.0,3000.0,6000.0,2000.0,6666.67,10.0,4.8e-05,10800.0,3.7037,2.8e-05,13600.0,1.4706,1.5e-05,13600.0,0.9804,1e-05,17450.0,0.5731,8e-06,13600.0,0.4902,6e-06
20261008,3162,精確,1169000.0,1464000.0,2311000.0,2750000.0,4259000.0,7409000.0,7047000.0,4034000.0,647000.0,486000.0,1304000.0,960000.0,2559000.0,870000.0,2279000.0,2056000.0,1121000.0,704000.0,1168000.0,2236000.0,1346000.0,554000.0,1315000.0,4135000.0,558000.0,742000.0,952000.0,1431000.0,3532000.0,6185000.0,1648000.0,23.6448,0.02793,2390600.0,9.78,0.016097,3157600.0,3.7022,0.008702,2636533.33,2.9559,0.005961,2341650.0,2.4961,0.00477,2252766.67,1.7297,0.003247
20261008,3163,波若威,1547000.0,3908000.0,1987000.0,4765000.0,7641000.0,2991000.0,982000.0,947000.0,748000.0,1233000.0,1382000.0,1136000.0,1747000.0,1569000.0,1963000.0,1165000.0,1145000.0,1714000.0,1363000.0,3924000.0,2141000.0,4449000.0,940000.0,906000.0,667000.0,786000.0,947000.0,4842000.0,6552000.0,6492000.0,2480666.67,20.7874,0.036961,3969600.0,7.7942,0.021302,2674900.0,5.7834,0.011516,2303066.67,4.4781,0.007889,2192850.0,3.5274,0.006312,2419300.0,2.1315,0.004296
20261008,3169,亞信,128000.0,221000.0,227000.0,203000.0,291000.0,467000.0,257000.0,461000.0,1696000.0,673000.0,381000.0,134000.0,78000.0,119000.0,64000.0,76000.0,71000.0,112000.0,67000.0,107000.0,274000.0,616000.0,196000.0,524000.0,2562000.0,260000.0,45000.0,94000.0,67000.0,58000.0,192000.0,22.2222,0.003058,214000.0,11.9626,0.001763,462400.0,2.7682,0.000953,360000.0,2.3704,0.000653,291650.0,2.1944,0.000522,350966.67,1.2157,0.000355
20261008,3171,炎洲流通,3000.0,,4000.0,6000.0,40000.0,39000.0,4000.0,7000.0,3000.0,8000.0,22000.0,15000.0,21000.0,1000.0,1000.0,4000.0,39000.0,23000.0,16000.0,83000.0,61000.0,13000.0,30000.0,19000.0,42000.0,19000.0,10000.0,7000.0,8000.0,2000.0,3500.0,42.8571,7.2e-05,13250.0,5.6604,4.1e-05,12666.67,2.6316,2.2e-05,12428.57,1.7241,1.5e-05,17842.11,0.885,1.2e-05,18965.52,0.5455,8e-06
20261008,3176,基亞,498000.0,294000.0,444000.0,444000.0,223000.0,249000.0,287000.0,280000.0,601000.0,241000.0,278000.0,357000.0,1089000.0,1320000.0,688000.0,1015000.0,621000.0,2843000.0,759000.0,485000.0,676000.0,434000.0,449000.0,330000.0,476000.0,1124000.0,1109000.0,1162000.0,2052000.0,2490000.0,412000.0,40.2913,0.011898,380600.0,26.1692,0.006857,356100.0,13.9848,0.003707,486200.0,6.8285,0.00254,650800.0,3.8261,0.002032,777266.67,2.1357,0.001383
20261008,3178,公準,51000.0,145000.0,129000.0,288000.0,518000.0,175000.0,235000.0,141000.0,637000.0,605000.0,2842000.0,2161000.0,1041000.0,59000.0,52000.0,44000.0,69000.0,75000.0,65000.0,438000.0,28000.0,17000.0,47000.0,55000.0,71000.0,74000.0,40000.0,117000.0,26000.0,32000.0,108333.33,15.6923,0.001218,226200.0,4.5093,0.000702,292400.0,1.7442,0.00038,605266.67,0.5617,0.00026,488500.0,0.522,0.000208,342566.67,0.4963,0.000142
20261008,3188,鑫龍騰,106000.0,279000.0,162000.0,395000.0,159000.0,98000.0,127000.0,22000.0,56000.0,146000.0,81000.0,136000.0,243000.0,136000.0,92000.0,89000.0,73000.0,106000.0,136000.0,68000.0,149000.0,216000.0,253000.0,112000.0,126000.0,122000.0,172000.0,216000.0,249000.0,113000.0,182333.33,19.3784,0.002533,220200.0,9.6276,0.00146,155000.0,6.8387,0.000789,149200.0,4.7364,0.000541,135500.0,3.9114,0.000432,147933.33,2.3885,0.000294
20261008,3191,雲嘉南,6000.0,19000.0,3000.0,21000.0,59000.0,45000.0,21000.0,21000.0,13000.0,26000.0,21000.0,14000.0,15000.0,24000.0,13000.0,6000.0,10000.0,5000.0,28000.0,104000.0,45000.0,27000.0,18000.0,7000.0,70000.0,20000.0,29000.0,33000.0,24000.0,30000.0,9333.33,21.4286,0.000143,21600.0,5.5556,8.3e-05,23400.0,2.5641,4.5e-05,21400.0,1.8692,3.1e-05,23700.0,1.2658,2.4e-05,25900.0,0.7722,1.7e-05
20261008,3205,佰研,16000.0,35000.0,11000.0,25000.0,27000.0,18000.0,6000.0,52000.0,9000.0,16000.0,18000.0,32000.0,3000.0,19000.0,24000.0,5000.0,9000.0,38000.0,24000.0,12000.0,18000.0,8000.0,113000.0,75000.0,21000.0,39000.0,62000.0,39000.0,15000.0,8000.0,20666.67,25.8065,0.000382,22800.0,14.0351,0.00022,21500.0,7.4419,0.000119,20733.33,5.1447,8.2e-05,19950.0,4.01,6.5e-05,26566.67,2.0075,4.4e-05
20261008,3206,志豐,19000.0,22000.0,17000.0,50000.0,53000.0,14000.0,17000.0,8000.0,19000.0,9000.0,115000.0,52000.0,43000.0,34000.0,11000.0,12000.0,42000.0,8000.0,14000.0,55000.0,84000.0,65000.0,100000.0,28000.0,11000.0,16000.0,42000.0,20000.0,42000.0,19000.0,19333.33,32.7586,0.000454,32200.0,11.8012,0.000262,22800.0,8.3333,0.000141,32200.0,3.9337,9.7e-05,30700.0,3.0945,7.8e-05,34700.0,1.8252,5.3e-05
20261008,3207,耀勝,124000.0,142000.0,241000.0,216000.0,245000.0,306000.0,185000.0,107000.0,17000.0,91000.0,181000.0,165000.0,294000.0,140000.0,81000.0,81000.0,85000.0,307000.0,105000.0,244000.0,168000.0,141000.0,79000.0,157000.0,188000.0,112000.0,112000.0,142000.0,155000.0,55000.0,169000.0,24.4576,0.002963,193600.0,12.8099,0.001707,167400.0,7.4074,0.000923,169000.0,4.8915,0.000632,167850.0,3.6938,0.000506,155533.33,2.6575,0.000344
20261008,3211,順達,2847000.0,4348000.0,12159000.0,3636000.0,2846000.0,2343000.0,7930000.0,3903000.0,1163000.0,1762000.0,6065000.0,8625000.0,1570000.0,2265000.0,2578000.0,1875000.0,2313000.0,1692000.0,3851000.0,4826000.0,2289000.0,3200000.0,3296000.0,6072000.0,2717000.0,9549000.0,4505000.0,11113000.0,17210000.0,11121000.0,6451333.33,14.7101,0.068021,5167200.0,11.0195,0.039202,4293700.0,6.6306,0.021193,4269333.33,4.4457,0.014518,3929850.0,3.6223,0.011616,4988966.67,1.9022,0.007907
20261008,3213,茂訊,101000.0,297000.0,295000.0,315000.0,371000.0,140000.0,120000.0,152000.0,98000.0,65000.0,142000.0,122000.0,76000.0,201000.0,203000.0,97000.0,156000.0,209000.0,360000.0,536000.0,325000.0,716000.0,879000.0,213000.0,190000.0,150000.0,139000.0,207000.0,164000.0,161000.0,231000.0,14.5743,0.002413,275800.0,7.3241,0.001391,195400.0,5.1689,0.000752,179866.67,3.7435,0.000515,202800.0,2.4901,0.000412,240000.0,1.4028,0.00028
20261008,3217,優群,241000.0,148000.0,220000.0,245000.0,238000.0,129000.0,277000.0,130000.0,65000.0,133000.0,176000.0,146000.0,237000.0,168000.0,173000.0,157000.0,247000.0,302000.0,312000.0,992000.0,246000.0,295000.0,408000.0,440000.0,342000.0,593000.0,438000.0,222000.0,488000.0,310000.0,203000.0,39.5731,0.005758,218400.0,22.0696,0.003318,182600.0,13.1982,0.001794,181733.33,8.8408,0.001229,236800.0,5.0887,0.000983,283933.33,2.8293,0.000669
20261008,3218,大學光,110000.0,94000.0,154000.0,192000.0,105000.0,86000.0,78000.0,84000.0,354000.0,111000.0,125000.0,80000.0,116000.0,112000.0,74000.0,101000.0,79000.0,292000.0,79000.0,112000.0,78000.0,164000.0,112000.0,186000.0,191000.0,335000.0,627000.0,137000.0,198000.0,100000.0,119333.33,30.7263,0.002628,131000.0,16.7939,0.001515,136800.0,8.0409,0.000819,125000.0,5.8667,0.000561,126900.0,4.3341,0.000449,155533.33,2.3575,0.000305
20261008,3219,倚強科,5948000.0,1823000.0,1527000.0,1027000.0,870000.0,1227000.0,6580000.0,1423000.0,2333000.0,5909000.0,2798000.0,2666000.0,581000.0,450000.0,348000.0,363000.0,232000.0,455000.0,352000.0,666000.0,1357000.0,702000.0,590000.0,889000.0,1204000.0,1401000.0,1986000.0,2232000.0,1354000.0,398000.0,3099333.33,63.9707,0.14211,2239000.0,53.1309,0.081902,2866700.0,20.7486,0.044277,2367333.33,16.7502,0.030332,1878900.0,15.8284,0.024268,1656366.67,11.97,0.016519
20261008,3221,台嘉碩,3198000.0,3020000.0,2966000.0,8395000.0,12825000.0,13516000.0,3055000.0,4889000.0,3171000.0,3066000.0,1082000.0,2037000.0,603000.0,916000.0,1036000.0,1186000.0,839000.0,1188000.0,1518000.0,1917000.0,2325000.0,3931000.0,1658000.0,2423000.0,4214000.0,4083000.0,905000.0,1550000.0,2010000.0,3199000.0,3061333.33,34.8214,0.076407,6080800.0,10.5184,0.044035,5810100.0,5.5042,0.023806,4251666.67,5.0145,0.016308,3521150.0,4.5411,0.013048,3224033.33,3.3064,0.008881
20261008,3224,三顧,14000.0,24000.0,47000.0,63000.0,27000.0,66000.0,18000.0,68000.0,23000.0,32000.0,28000.0,19000.0,112000.0,10000.0,11000.0,4000.0,50000.0,24000.0,29000.0,51000.0,45000.0,31000.0,158000.0,27000.0,17000.0,47000.0,20000.0,28000.0,3000.0,42000.0,28333.33,16.4706,0.000334,35000.0,8.0,0.000193,38200.0,3.6649,0.000104,37466.67,2.4911,7.1e-05,36000.0,1.9444,5.7e-05,37933.33,1.2302,3.9e-05
20261008,3226,龍鋒,5000.0,23000.0,17000.0,10000.0,37000.0,148000.0,57000.0,63000.0,34000.0,34000.0,43000.0,66000.0,32000.0,18000.0,30000.0,36000.0,30000.0,34000.0,39000.0,48000.0,25000.0,23000.0,20000.0,13000.0,13000.0,20000.0,13000.0,16000.0,26000.0,24000.0,15000.0,11.1111,0.000119,18400.0,5.4348,6.9e-05,42800.0,1.1682,3.7e-05,41133.33,0.8104,2.5e-05,40200.0,0.6219,2e-05,33233.33,0.5015,1.4e-05
20261008,3227,原相,627000.0,491000.0,700000.0,934000.0,811000.0,605000.0,699000.0,590000.0,351000.0,567000.0,803000.0,530000.0,598000.0,659000.0,447000.0,518000.0,499000.0,573000.0,488000.0,640000.0,899000.0,684000.0,436000.0,533000.0,429000.0,496000.0,862000.0,582000.0,547000.0,526000.0,606000.0,34.4884,0.01498,712600.0,17.5975,0.008634,637500.0,9.8353,0.004667,627466.67,6.6617,0.003197,606500.0,5.169,0.002558,604133.33,3.4595,0.001741
20261008,3228,金麗科,294000.0,460000.0,325000.0,328000.0,426000.0,477000.0,585000.0,906000.0,193000.0,226000.0,332000.0,321000.0,168000.0,150000.0,117000.0,208000.0,129000.0,191000.0,227000.0,279000.0,302000.0,196000.0,227000.0,260000.0,605000.0,827000.0,484000.0,739000.0,508000.0,316000.0,359666.67,27.2475,0.007024,366600.0,16.0393,0.004048,422000.0,6.9668,0.002189,353866.67,5.5388,0.001499,317100.0,4.6358,0.0012,360200.0,2.7207,0.000816
20261008,3230,錦明,300000.0,197000.0,584000.0,574000.0,301000.0,724000.0,307000.0,517000.0,447000.0,373000.0,623000.0,372000.0,260000.0,255000.0,552000.0,203000.0,367000.0,541000.0,226000.0,173000.0,287000.0,248000.0,304000.0,452000.0,364000.0,476000.0,487000.0,3009000.0,1945000.0,599000.0,360333.33,27.7521,0.007168,391200.0,15.3374,0.004131,432400.0,6.938,0.002233,425733.33,4.6978,0.00153,394800.0,3.7994,0.001224,535566.67,1.8672,0.000833
20261008,3232,昱捷,7000.0,25000.0,51000.0,17000.0,36000.0,14000.0,42000.0,57000.0,12000.0,31000.0,35000.0,56000.0,30000.0,71000.0,361000.0,261000.0,17000.0,13000.0,3000.0,20000.0,20000.0,6000.0,5000.0,26000.0,15000.0,14000.0,25000.0,12000.0,11000.0,6000.0,27666.67,8.4337,0.000167,27200.0,5.1471,9.6e-05,29200.0,2.3973,5.2e-05,56333.33,0.8284,3.6e-05,57950.0,0.604,2.9e-05,43300.0,0.5389,1.9e-05
20261008,3234,光環,4200000.0,6361000.0,1808000.0,4181000.0,4245000.0,1406000.0,1769000.0,1686000.0,4252000.0,1404000.0,2342000.0,2088000.0,2640000.0,3747000.0,3095000.0,2286000.0,3402000.0,2880000.0,3324000.0,3375000.0,3055000.0,4173000.0,5383000.0,6156000.0,7818000.0,3479000.0,3259000.0,2192000.0,2947000.0,4177000.0,4123000.0,33.9559,0.100347,4159000.0,20.1972,0.057832,3131200.0,13.4134,0.031265,3014933.33,9.2871,0.021418,3024550.0,6.9432,0.017136,3437666.67,4.0725,0.011664
20261008,3236,千如,19186000.0,23101000.0,6325000.0,24806000.0,9935000.0,13482000.0,899000.0,1434000.0,2008000.0,1095000.0,3380000.0,956000.0,787000.0,1282000.0,968000.0,1320000.0,1399000.0,2525000.0,1695000.0,1380000.0,2491000.0,5318000.0,3492000.0,1246000.0,1142000.0,3270000.0,3124000.0,6343000.0,2049000.0,1386000.0,16204000.0,39.4676,0.458395,16670600.0,23.0178,0.264184,10227100.0,18.76,0.142819,7309600.0,17.4984,0.09784,5898150.0,16.2644,0.07828,4927466.67,12.9789,0.053283
20261008,3252,海灣,33000.0,7000.0,13000.0,16000.0,14000.0,8000.0,28000.0,8000.0,2000.0,55000.0,85000.0,70000.0,62000.0,3000.0,14000.0,22000.0,6000.0,12000.0,51000.0,27000.0,20000.0,15000.0,12000.0,1000.0,15000.0,30000.0,,4000.0,10000.0,5000.0,17666.67,62.2642,0.000788,16600.0,39.759,0.000454,18400.0,17.9348,0.000246,27866.67,7.8947,0.000168,26800.0,6.1567,0.000135,22344.83,5.0926,9.2e-05
20261008,3259,鑫創,8000.0,14000.0,96000.0,129000.0,80000.0,49000.0,35000.0,16000.0,32000.0,21000.0,22000.0,39000.0,33000.0,1000.0,26000.0,25000.0,10000.0,10000.0,17000.0,45000.0,36000.0,33000.0,88000.0,,19000.0,24000.0,32000.0,204000.0,78000.0,95000.0,39333.33,6.7797,0.000191,65400.0,2.4465,0.00011,48000.0,1.6667,6e-05,40066.67,1.3311,4.1e-05,35400.0,1.1299,3.3e-05,45413.79,0.6074,2.2e-05
20261008,3260,威剛,3958000.0,7059000.0,5898000.0,4241000.0,3794000.0,2539000.0,3361000.0,2713000.0,4105000.0,3294000.0,4599000.0,4607000.0,6708000.0,3486000.0,3285000.0,5888000.0,4422000.0,5028000.0,4821000.0,7069000.0,12807000.0,6263000.0,4708000.0,9994000.0,3520000.0,3920000.0,4594000.0,6697000.0,5637000.0,7952000.0,5638333.33,23.3993,0.094565,4990000.0,15.8637,0.0545,4096200.0,9.6626,0.029463,4243133.33,6.2187,0.020184,4543750.0,4.3554,0.016149,5232233.33,2.5215,0.010992
20261008,3264,欣銓,15744000.0,13726000.0,12966000.0,18954000.0,11557000.0,14614000.0,15292000.0,10352000.0,17975000.0,28819000.0,21876000.0,26820000.0,28853000.0,20984000.0,3470000.0,4528000.0,5193000.0,6468000.0,24809000.0,7212000.0,6342000.0,3079000.0,3077000.0,4168000.0,5024000.0,7787000.0,5877000.0,11444000.0,6068000.0,6713000.0,14145333.33,37.1006,0.376158,14589400.0,21.5828,0.216789,15999900.0,9.8401,0.117197,17466800.0,6.0091,0.080287,15510600.0,5.0752,0.064237,12326366.67,4.2575,0.043724
20261008,3265,台星科,4525000.0,2291000.0,5916000.0,1637000.0,1598000.0,1090000.0,2316000.0,682000.0,1072000.0,2455000.0,5273000.0,1827000.0,2613000.0,1248000.0,281000.0,324000.0,717000.0,752000.0,1458000.0,367000.0,1823000.0,814000.0,730000.0,1564000.0,1219000.0,3159000.0,2260000.0,3149000.0,2150000.0,1471000.0,4244000.0,35.5404,0.108112,3193400.0,28.3397,0.062308,2358200.0,19.1884,0.033684,2321600.0,12.9939,0.023075,1922100.0,11.771,0.018462,1892700.0,7.9692,0.012567
20261008,3268,海德威,381000.0,456000.0,762000.0,1034000.0,81000.0,91000.0,138000.0,432000.0,49000.0,48000.0,228000.0,88000.0,75000.0,96000.0,28000.0,44000.0,31000.0,9000.0,52000.0,24000.0,70000.0,74000.0,43000.0,16000.0,12000.0,105000.0,13000.0,46000.0,51000.0,34000.0,533000.0,23.8274,0.009103,542800.0,14.0383,0.005246,347200.0,10.9735,0.002836,265800.0,9.5561,0.001943,207350.0,9.1874,0.001555,153700.0,8.2628,0.001058
20261008,3272,東碩,9000.0,5000.0,18000.0,13000.0,39000.0,24000.0,21000.0,65000.0,10000.0,10000.0,20000.0,21000.0,15000.0,41000.0,11000.0,22000.0,17000.0,15000.0,44000.0,44000.0,22000.0,36000.0,375000.0,50000.0,8000.0,157000.0,56000.0,11000.0,10000.0,31000.0,10666.67,28.125,0.000215,16800.0,10.7143,0.000124,21400.0,4.2056,6.7e-05,21466.67,2.795,4.6e-05,23200.0,1.9397,3.7e-05,40666.67,0.7377,2.5e-05
20261008,3276,宇環,33000.0,49000.0,49000.0,51000.0,185000.0,47000.0,57000.0,38000.0,41000.0,38000.0,45000.0,35000.0,20000.0,68000.0,60000.0,141000.0,46000.0,296000.0,36000.0,47000.0,100000.0,162000.0,139000.0,103000.0,81000.0,130000.0,108000.0,192000.0,102000.0,114000.0,43666.67,25.1908,0.000788,73400.0,8.9918,0.000454,58800.0,5.6122,0.000246,54400.0,4.0441,0.000168,69100.0,2.3878,0.000135,87100.0,1.2629,9.2e-05
20261008,3284,太普高,271000.0,665000.0,824000.0,829000.0,140000.0,91000.0,215000.0,95000.0,111000.0,121000.0,145000.0,113000.0,191000.0,117000.0,510000.0,63000.0,51000.0,132000.0,116000.0,129000.0,111000.0,262000.0,107000.0,45000.0,56000.0,82000.0,149000.0,94000.0,148000.0,273000.0,586666.67,15.3977,0.006475,545800.0,9.9304,0.003732,336200.0,8.0607,0.002017,295866.67,6.1064,0.001382,246450.0,5.4981,0.001106,208533.33,4.3318,0.000753
20261008,3285,微端,63000.0,27000.0,24000.0,25000.0,16000.0,54000.0,11000.0,41000.0,26000.0,26000.0,70000.0,265000.0,11000.0,7000.0,4000.0,26000.0,,16000.0,29000.0,5000.0,12000.0,4000.0,14000.0,32000.0,18000.0,91000.0,82000.0,48000.0,62000.0,79000.0,38000.0,55.2632,0.001505,31000.0,40.6452,0.000867,31300.0,20.1278,0.000469,44666.67,9.403,0.000321,39263.16,8.445,0.000257,40965.52,5.303,0.000175
20261008,3287,廣寰科,857000.0,163000.0,344000.0,498000.0,787000.0,403000.0,912000.0,470000.0,472000.0,982000.0,1432000.0,3684000.0,984000.0,901000.0,74000.0,60000.0,59000.0,151000.0,93000.0,153000.0,382000.0,260000.0,125000.0,242000.0,179000.0,153000.0,315000.0,1000000.0,349000.0,365000.0,454666.67,62.8299,0.020476,529800.0,32.3518,0.011801,588800.0,14.555,0.006379,864200.0,6.6111,0.00437,673950.0,6.358,0.003497,561633.33,5.0864,0.00238
20261008,3288,點晶,40000.0,55000.0,71000.0,16000.0,20000.0,23000.0,23000.0,41000.0,96000.0,84000.0,165000.0,136000.0,27000.0,30000.0,65000.0,46000.0,34000.0,21000.0,18000.0,13000.0,26000.0,20000.0,21000.0,6000.0,22000.0,23000.0,22000.0,39000.0,24000.0,27000.0,55333.33,24.0964,0.000956,40400.0,19.802,0.000551,46900.0,8.5288,0.000298,59466.67,4.4843,0.000204,51200.0,3.9062,0.000163,41800.0,3.1898,0.000111
20261008,3289,宜特,299000.0,518000.0,477000.0,1096000.0,554000.0,331000.0,1516000.0,453000.0,520000.0,589000.0,1594000.0,246000.0,432000.0,378000.0,305000.0,359000.0,356000.0,1025000.0,222000.0,293000.0,314000.0,485000.0,441000.0,592000.0,871000.0,649000.0,792000.0,470000.0,552000.0,839000.0,431333.33,23.1066,0.007144,588800.0,10.1562,0.004117,635300.0,4.7064,0.002226,620533.33,3.2123,0.001525,578150.0,2.5858,0.00122,585600.0,1.702,0.00083
20261008,3290,東浦,3876000.0,591000.0,1168000.0,563000.0,451000.0,1355000.0,2585000.0,916000.0,243000.0,721000.0,1427000.0,117000.0,452000.0,417000.0,453000.0,358000.0,253000.0,498000.0,150000.0,409000.0,373000.0,849000.0,1153000.0,838000.0,430000.0,513000.0,1380000.0,570000.0,465000.0,189000.0,1878333.33,68.7844,0.092606,1329800.0,58.2945,0.053371,1246900.0,31.0851,0.028853,1022333.33,25.2755,0.019766,850150.0,22.796,0.015814,792100.0,16.3111,0.010764
20261008,3293,鈊象,998000.0,544000.0,1389000.0,1230000.0,2872000.0,5228000.0,1828000.0,3229000.0,5224000.0,750000.0,1058000.0,1047000.0,4085000.0,1994000.0,1133000.0,802000.0,743000.0,1589000.0,840000.0,944000.0,1011000.0,1066000.0,882000.0,1229000.0,3850000.0,3708000.0,22982000.0,2709000.0,2810000.0,4392000.0,977000.0,34.0498,0.023844,1406600.0,14.1902,0.013742,2329200.0,4.2847,0.007429,2173933.33,3.0605,0.005089,1876350.0,2.6594,0.004072,2738866.67,1.2146,0.002772
20261008,3294,英濟,272000.0,279000.0,526000.0,721000.0,528000.0,2035000.0,972000.0,1368000.0,7904000.0,1264000.0,344000.0,274000.0,310000.0,272000.0,182000.0,203000.0,179000.0,215000.0,253000.0,174000.0,243000.0,155000.0,265000.0,477000.0,218000.0,192000.0,169000.0,194000.0,447000.0,180000.0,359000.0,25.2553,0.006499,465200.0,11.6939,0.003745,1586900.0,1.714,0.002025,1150066.67,1.5767,0.001387,913750.0,1.4884,0.00111,693833.33,1.3067,0.000755
20261008,3297,杭特,299000.0,1156000.0,942000.0,239000.0,186000.0,198000.0,169000.0,299000.0,902000.0,601000.0,1412000.0,1070000.0,1076000.0,500000.0,2097000.0,341000.0,383000.0,24000.0,30000.0,18000.0,16000.0,30000.0,56000.0,44000.0,30000.0,39000.0,34000.0,60000.0,36000.0,20000.0,799000.0,12.4739,0.007144,564400.0,10.5953,0.004117,499100.0,5.9908,0.002226,743066.67,2.6826,0.001525,597100.0,2.5038,0.00122,410233.33,2.4295,0.00083
20261008,3303,岱稜,238000.0,327000.0,118000.0,176000.0,135000.0,107000.0,148000.0,165000.0,92000.0,104000.0,144000.0,138000.0,199000.0,110000.0,73000.0,245000.0,212000.0,380000.0,1134000.0,97000.0,130000.0,193000.0,213000.0,220000.0,117000.0,151000.0,203000.0,108000.0,232000.0,127000.0,227666.67,34.8463,0.005686,198800.0,23.9437,0.003277,161000.0,14.7826,0.001772,151600.0,10.4661,0.001214,217100.0,5.4813,0.000971,201200.0,3.943,0.000661
20261008,3306,鼎天,29000.0,58000.0,57000.0,64000.0,38000.0,43000.0,173000.0,265000.0,24000.0,161000.0,74000.0,47000.0,31000.0,36000.0,50000.0,142000.0,86000.0,248000.0,122000.0,59000.0,45000.0,50000.0,64000.0,75000.0,26000.0,33000.0,127000.0,40000.0,52000.0,64000.0,48000.0,20.1389,0.000693,49200.0,11.7886,0.000399,91200.0,3.1798,0.000216,76666.67,2.5217,0.000148,90350.0,1.6049,0.000118,79433.33,1.217,8.1e-05
20261008,3310,佳穎,48000.0,31000.0,27000.0,11000.0,9000.0,21000.0,12000.0,10000.0,8000.0,9000.0,33000.0,14000.0,3000.0,24000.0,8000.0,23000.0,11000.0,1000.0,17000.0,12000.0,19000.0,24000.0,14000.0,17000.0,23000.0,28000.0,10000.0,14000.0,9000.0,2000.0,35333.33,45.283,0.001147,25200.0,38.0952,0.000661,18600.0,25.8065,0.000357,17866.67,17.9104,0.000245,16600.0,14.4578,0.000196,16400.0,9.7561,0.000133
20261008,3313,斐成,85000.0,73000.0,55000.0,84000.0,69000.0,49000.0,32000.0,7000.0,35000.0,34000.0,98000.0,99000.0,97000.0,85000.0,32000.0,38000.0,26000.0,89000.0,84000.0,119000.0,183000.0,499000.0,64000.0,116000.0,112000.0,81000.0,172000.0,374000.0,1052000.0,518000.0,71000.0,39.9061,0.002031,73200.0,23.224,0.00117,52300.0,16.2524,0.000633,62266.67,9.1006,0.000433,64500.0,6.5891,0.000347,148700.0,1.9054,0.000236
20261008,3317,尼克森,8169000.0,3445000.0,7601000.0,6638000.0,1816000.0,2049000.0,2088000.0,3914000.0,15975000.0,9364000.0,1547000.0,258000.0,359000.0,397000.0,353000.0,209000.0,402000.0,446000.0,505000.0,600000.0,1795000.0,415000.0,428000.0,620000.0,590000.0,641000.0,914000.0,1205000.0,996000.0,1381000.0,6405000.0,42.5137,0.195175,5533800.0,29.524,0.112484,6105900.0,13.3789,0.06081,4264866.67,12.7694,0.041658,3306750.0,12.352,0.03333,2504000.0,10.8746,0.022687
20261008,3322,建舜電,1171000.0,140000.0,161000.0,356000.0,171000.0,465000.0,250000.0,106000.0,123000.0,244000.0,176000.0,177000.0,254000.0,196000.0,117000.0,395000.0,272000.0,398000.0,184000.0,73000.0,181000.0,164000.0,147000.0,172000.0,176000.0,290000.0,469000.0,82000.0,123000.0,251000.0,490666.67,79.5516,0.027978,399800.0,58.5793,0.016124,318700.0,36.743,0.008717,273800.0,28.5123,0.005972,271450.0,21.5693,0.004778,249466.67,15.6467,0.003252
20261008,3323,加百裕,499000.0,229000.0,461000.0,849000.0,673000.0,249000.0,682000.0,1044000.0,99000.0,137000.0,200000.0,317000.0,203000.0,166000.0,110000.0,141000.0,273000.0,307000.0,220000.0,333000.0,387000.0,219000.0,176000.0,389000.0,117000.0,224000.0,280000.0,292000.0,375000.0,323000.0,396333.33,41.968,0.011922,542200.0,18.4065,0.006871,492200.0,10.1382,0.003715,394533.33,8.4319,0.002545,359600.0,6.9383,0.002036,332466.67,5.003,0.001386
20261008,3324,雙鴻,5945000.0,2602000.0,1682000.0,4406000.0,3373000.0,2935000.0,4066000.0,3782000.0,6213000.0,3992000.0,5320000.0,3905000.0,8136000.0,6331000.0,4701000.0,4170000.0,883000.0,990000.0,741000.0,1351000.0,2125000.0,1960000.0,2720000.0,2042000.0,10591000.0,8557000.0,8718000.0,5902000.0,3964000.0,3710000.0,3409666.67,58.1191,0.142039,3601600.0,33.0131,0.081861,3899600.0,15.2452,0.044254,4492600.0,8.8219,0.030317,3776200.0,7.8717,0.024256,4193766.67,4.7253,0.01651
20261008,3325,旭品,67000.0,209000.0,142000.0,110000.0,62000.0,70000.0,59000.0,94000.0,40000.0,159000.0,499000.0,356000.0,80000.0,73000.0,55000.0,99000.0,42000.0,164000.0,68000.0,73000.0,61000.0,41000.0,55000.0,61000.0,120000.0,64000.0,114000.0,112000.0,140000.0,124000.0,139333.33,16.0287,0.001601,118000.0,11.3559,0.000923,101200.0,6.6206,0.000499,138333.33,3.2289,0.000342,126050.0,2.6577,0.000273,113766.67,1.9631,0.000186
20261008,3332,幸康,,11000.0,13000.0,32000.0,18000.0,56000.0,18000.0,,11000.0,1000.0,2000.0,3000.0,1000.0,3000.0,6000.0,6000.0,3000.0,1000.0,10000.0,5000.0,2000.0,7000.0,3000.0,10000.0,11000.0,12000.0,,5000.0,5000.0,2000.0,12000.0,,,18500.0,,,20000.0,,,13461.54,,,11111.11,,,9518.52,,
20261008,3339,泰谷,902000.0,966000.0,1234000.0,1789000.0,2424000.0,1226000.0,1445000.0,1739000.0,5972000.0,2053000.0,4936000.0,6348000.0,3671000.0,3653000.0,1462000.0,681000.0,1033000.0,881000.0,1342000.0,870000.0,877000.0,1656000.0,2486000.0,3774000.0,4920000.0,6636000.0,9184000.0,3093000.0,3379000.0,6885000.0,1034000.0,29.078,0.021551,1463000.0,12.3308,0.01242,1975000.0,4.5671,0.006714,2654666.67,2.2652,0.0046,2231350.0,2.0212,0.00368,2917233.33,1.0307,0.002505
20261008,3349,寶德,65000.0,36000.0,64000.0,87000.0,149000.0,127000.0,17000.0,60000.0,48000.0,93000.0,71000.0,66000.0,33000.0,57000.0,26000.0,90000.0,80000.0,88000.0,164000.0,196000.0,406000.0,356000.0,42000.0,78000.0,13000.0,167000.0,55000.0,56000.0,85000.0,180000.0,55000.0,39.3939,0.001553,80200.0,16.2095,0.000895,74600.0,8.7131,0.000484,66600.0,6.5065,0.000331,80850.0,4.0198,0.000265,101833.33,2.1277,0.000181
20261008,3354,律勝,2396000.0,1656000.0,3209000.0,4267000.0,1624000.0,8907000.0,2561000.0,754000.0,2037000.0,899000.0,1650000.0,2476000.0,872000.0,2550000.0,2194000.0,1543000.0,1731000.0,1573000.0,3674000.0,3542000.0,4373000.0,1391000.0,385000.0,1262000.0,952000.0,341000.0,630000.0,2678000.0,1118000.0,697000.0,2420333.33,32.9982,0.057246,2630400.0,18.2178,0.032992,2831000.0,8.4634,0.017836,2536800.0,6.2966,0.012219,2505750.0,4.781,0.009776,2131400.0,3.7471,0.006654
20261008,3357,臺慶科,1539000.0,2682000.0,1172000.0,2308000.0,1817000.0,2066000.0,357000.0,419000.0,792000.0,713000.0,1418000.0,1018000.0,2751000.0,510000.0,435000.0,559000.0,669000.0,839000.0,883000.0,492000.0,989000.0,1957000.0,1613000.0,927000.0,1093000.0,1499000.0,1678000.0,3962000.0,1210000.0,744000.0,1797666.67,28.537,0.03677,1903600.0,16.1694,0.021191,1386500.0,11.0999,0.011456,1333133.33,7.6962,0.007848,1171950.0,6.566,0.006279,1303700.0,3.935,0.004274
20261008,3360,尚立,190000.0,187000.0,196000.0,286000.0,394000.0,210000.0,332000.0,165000.0,127000.0,208000.0,286000.0,421000.0,232000.0,222000.0,242000.0,290000.0,135000.0,483000.0,340000.0,179000.0,188000.0,167000.0,256000.0,643000.0,312000.0,384000.0,441000.0,669000.0,350000.0,314000.0,191000.0,33.1588,0.00454,250600.0,15.1636,0.002616,229500.0,8.2789,0.001414,246533.33,5.1379,0.000969,256250.0,3.7073,0.000775,294966.67,2.1471,0.000528
20261008,3362,先進光,3795000.0,5336000.0,10216000.0,7741000.0,1636000.0,1933000.0,631000.0,732000.0,981000.0,830000.0,1356000.0,1080000.0,2659000.0,2892000.0,5710000.0,3491000.0,5212000.0,8597000.0,2778000.0,5390000.0,4629000.0,8845000.0,1388000.0,1196000.0,2301000.0,919000.0,1818000.0,1717000.0,2500000.0,30982000.0,6449000.0,19.6154,0.090671,5744800.0,13.2119,0.052256,3383100.0,11.2175,0.02825,3168533.33,7.9848,0.019353,3649800.0,5.1989,0.015484,4309700.0,2.9352,0.010539
20261008,3363,上詮,1577000.0,4569000.0,2240000.0,2773000.0,3651000.0,1065000.0,1457000.0,1530000.0,1571000.0,2873000.0,2665000.0,2223000.0,2561000.0,4018000.0,3029000.0,2539000.0,2139000.0,2374000.0,4358000.0,6138000.0,4093000.0,4008000.0,8509000.0,8690000.0,6583000.0,7445000.0,6652000.0,4400000.0,9546000.0,6021000.0,2795333.33,18.8052,0.037678,2962000.0,10.6482,0.021715,2330600.0,6.7665,0.011739,2520133.33,4.1717,0.008042,2767500.0,2.8491,0.006434,4043233.33,1.3001,0.00438
20261008,3372,典範,331000.0,365000.0,375000.0,801000.0,1026000.0,263000.0,638000.0,394000.0,248000.0,457000.0,694000.0,1420000.0,2204000.0,2554000.0,537000.0,302000.0,315000.0,250000.0,254000.0,203000.0,400000.0,375000.0,296000.0,419000.0,261000.0,311000.0,326000.0,364000.0,307000.0,216000.0,357000.0,30.9057,0.007908,579600.0,11.4217,0.004558,489800.0,6.7579,0.002464,820466.67,2.6895,0.001688,681550.0,2.4283,0.001351,563533.33,1.9579,0.000919
20261008,3373,熱映,1725000.0,1078000.0,67000.0,38000.0,62000.0,18000.0,55000.0,22000.0,20000.0,22000.0,36000.0,27000.0,30000.0,9000.0,22000.0,18000.0,26000.0,52000.0,47000.0,30000.0,52000.0,219000.0,27000.0,24000.0,24000.0,23000.0,8000.0,47000.0,118000.0,69000.0,956666.67,60.1045,0.041214,594000.0,58.0808,0.023753,310700.0,55.5198,0.012841,215400.0,53.389,0.008797,170200.0,50.6757,0.007038,133833.33,42.9639,0.004791
20261008,3374,精材,8917000.0,8049000.0,21710000.0,3380000.0,1232000.0,644000.0,1120000.0,2002000.0,14226000.0,17529000.0,16778000.0,9732000.0,13489000.0,12866000.0,12851000.0,7868000.0,17313000.0,15121000.0,2996000.0,2339000.0,3377000.0,4538000.0,4668000.0,4513000.0,3650000.0,21935000.0,41562000.0,28788000.0,20845000.0,19617000.0,12892000.0,23.0556,0.213046,8657600.0,20.5992,0.122784,7880900.0,11.3147,0.066378,9635000.0,6.1699,0.045473,9508100.0,4.6892,0.036382,11455166.67,2.5948,0.024764
20261008,3379,彬台,43000.0,55000.0,34000.0,40000.0,28000.0,47000.0,39000.0,60000.0,17000.0,46000.0,82000.0,139000.0,43000.0,32000.0,42000.0,40000.0,59000.0,64000.0,114000.0,51000.0,45000.0,85000.0,77000.0,93000.0,20000.0,46000.0,149000.0,123000.0,129000.0,96000.0,44000.0,32.5758,0.001027,40000.0,21.5,0.000592,40900.0,10.5134,0.00032,49800.0,5.7564,0.000219,53750.0,4.0,0.000175,64600.0,2.2188,0.000119
20261008,3388,崇越電,561000.0,320000.0,739000.0,553000.0,346000.0,593000.0,942000.0,165000.0,247000.0,280000.0,606000.0,723000.0,206000.0,360000.0,208000.0,254000.0,463000.0,371000.0,421000.0,598000.0,1509000.0,504000.0,681000.0,992000.0,781000.0,915000.0,2057000.0,2826000.0,3746000.0,5382000.0,540000.0,34.6296,0.013403,503800.0,22.2707,0.007725,474600.0,11.8205,0.004176,456600.0,8.191,0.002861,447800.0,6.264,0.002289,944966.67,1.9789,0.001558
20261008,3390,旭軟,93000.0,78000.0,148000.0,155000.0,123000.0,103000.0,195000.0,189000.0,85000.0,96000.0,110000.0,320000.0,123000.0,170000.0,66000.0,113000.0,134000.0,131000.0,98000.0,78000.0,200000.0,112000.0,90000.0,199000.0,143000.0,76000.0,148000.0,161000.0,409000.0,103000.0,106333.33,29.1536,0.002222,119400.0,15.5779,0.001281,126500.0,7.3518,0.000692,136933.33,4.5278,0.000474,130400.0,3.566,0.000379,141633.33,2.1888,0.000258
20261008,3402,漢科,208000.0,283000.0,341000.0,727000.0,505000.0,405000.0,1006000.0,308000.0,177000.0,352000.0,150000.0,138000.0,293000.0,126000.0,86000.0,92000.0,80000.0,159000.0,111000.0,323000.0,128000.0,359000.0,163000.0,212000.0,182000.0,171000.0,193000.0,230000.0,162000.0,151000.0,277333.33,25.0,0.00497,412800.0,10.0775,0.002864,431200.0,4.8237,0.001548,340333.33,4.0744,0.001061,293500.0,3.5434,0.000849,260700.0,2.6595,0.000578
20261008,3430,奇鈦科,83000.0,196000.0,153000.0,290000.0,818000.0,143000.0,183000.0,329000.0,998000.0,115000.0,220000.0,389000.0,206000.0,154000.0,75000.0,179000.0,221000.0,255000.0,180000.0,163000.0,195000.0,575000.0,145000.0,262000.0,168000.0,197000.0,171000.0,246000.0,253000.0,252000.0,144000.0,19.213,0.001983,308000.0,5.3896,0.001143,330800.0,2.5091,0.000618,290133.33,1.9072,0.000423,267500.0,1.5514,0.000339,260466.67,1.0622,0.000231
20261008,3434,哲固,66000.0,52000.0,160000.0,73000.0,55000.0,47000.0,46000.0,56000.0,115000.0,65000.0,210000.0,331000.0,599000.0,324000.0,1198000.0,750000.0,74000.0,50000.0,10000.0,37000.0,27000.0,43000.0,48000.0,63000.0,27000.0,52000.0,22000.0,32000.0,45000.0,19000.0,92666.67,23.741,0.001577,81200.0,16.2562,0.000909,73500.0,8.9796,0.000491,226466.67,1.9429,0.000337,215900.0,1.5285,0.000269,156533.33,1.4055,0.000183
20261008,3438,類比科,71000.0,52000.0,56000.0,66000.0,116000.0,62000.0,84000.0,28000.0,68000.0,55000.0,72000.0,40000.0,75000.0,41000.0,35000.0,42000.0,53000.0,43000.0,69000.0,62000.0,90000.0,64000.0,160000.0,386000.0,255000.0,399000.0,315000.0,111000.0,487000.0,363000.0,59666.67,39.6648,0.001696,72200.0,19.6676,0.000978,65800.0,10.7903,0.000529,61400.0,7.709,0.000362,59500.0,5.9664,0.00029,127333.33,1.8586,0.000197
20261008,3441,聯一光,1912000.0,42373000.0,19574000.0,9599000.0,27832000.0,6182000.0,1054000.0,751000.0,565000.0,696000.0,2104000.0,1873000.0,2828000.0,47398000.0,18981000.0,37659000.0,36125000.0,22967000.0,27586000.0,21508000.0,12595000.0,13589000.0,4705000.0,3173000.0,3875000.0,3180000.0,4530000.0,27256000.0,32034000.0,11877000.0,21286333.33,2.9941,0.045682,20258000.0,1.8876,0.026328,11053800.0,1.7297,0.014233,12248133.33,1.0407,0.00975,16478350.0,0.5802,0.007801,14879366.67,0.4283,0.00531
20261008,3444,利機,30000.0,62000.0,230000.0,417000.0,203000.0,74000.0,233000.0,217000.0,72000.0,111000.0,340000.0,170000.0,362000.0,604000.0,155000.0,70000.0,144000.0,152000.0,108000.0,225000.0,201000.0,255000.0,615000.0,288000.0,279000.0,368000.0,190000.0,417000.0,647000.0,669000.0,107333.33,9.3168,0.000717,188400.0,3.1847,0.000413,164900.0,1.8193,0.000223,218666.67,0.9146,0.000153,198950.0,0.754,0.000122,263600.0,0.3794,8.3e-05
20261008,3455,由田,771000.0,618000.0,1376000.0,8634000.0,6416000.0,3845000.0,5673000.0,5465000.0,3493000.0,637000.0,1611000.0,2070000.0,2559000.0,4228000.0,1298000.0,768000.0,1409000.0,2830000.0,1254000.0,572000.0,1074000.0,1402000.0,1855000.0,3876000.0,2396000.0,3232000.0,4096000.0,1954000.0,3480000.0,1457000.0,921666.67,27.8843,0.018421,3563000.0,4.3278,0.010616,3692800.0,2.0878,0.005739,3246266.67,1.5834,0.003932,2776350.0,1.3885,0.003146,2678300.0,0.9596,0.002141
20261008,3465,進泰電子,8000.0,7000.0,15000.0,16000.0,36000.0,26000.0,11000.0,2000.0,42000.0,80000.0,16000.0,13000.0,9000.0,20000.0,14000.0,4000.0,10000.0,12000.0,16000.0,36000.0,10000.0,15000.0,23000.0,23000.0,12000.0,5000.0,11000.0,11000.0,19000.0,26000.0,10000.0,26.6667,0.000191,16400.0,9.7561,0.00011,24300.0,3.2922,6e-05,21000.0,2.5397,4.1e-05,19650.0,2.0356,3.3e-05,18266.67,1.4599,2.2e-05
20261008,3466,德晉,641000.0,522000.0,1144000.0,136000.0,129000.0,63000.0,372000.0,74000.0,108000.0,80000.0,251000.0,175000.0,275000.0,116000.0,36000.0,84000.0,159000.0,161000.0,197000.0,161000.0,156000.0,144000.0,96000.0,161000.0,116000.0,110000.0,174000.0,175000.0,59000.0,144000.0,769000.0,27.785,0.015315,514400.0,24.9222,0.008826,326900.0,19.6084,0.004772,274800.0,15.5507,0.003269,244200.0,13.1245,0.002615,207300.0,10.3071,0.00178
20261008,3467,台灣精材,324000.0,616000.0,250000.0,763000.0,433000.0,792000.0,1015000.0,1564000.0,613000.0,858000.0,1289000.0,776000.0,1068000.0,2766000.0,3278000.0,606000.0,122000.0,155000.0,109000.0,50000.0,48000.0,91000.0,118000.0,175000.0,34000.0,19000.0,31000.0,91000.0,60000.0,79000.0,396666.67,27.2269,0.007741,477200.0,13.5792,0.004461,722800.0,4.4826,0.002412,1093666.67,1.975,0.001652,872350.0,1.8571,0.001322,606433.33,1.7809,0.0009
20261008,3479,安勤,364000.0,397000.0,400000.0,513000.0,395000.0,276000.0,693000.0,1070000.0,1272000.0,379000.0,605000.0,470000.0,416000.0,423000.0,238000.0,372000.0,298000.0,717000.0,1164000.0,1495000.0,276000.0,285000.0,397000.0,411000.0,439000.0,751000.0,478000.0,325000.0,364000.0,400000.0,387000.0,31.3523,0.008697,413800.0,17.593,0.005012,575900.0,6.3205,0.00271,527400.0,4.6012,0.001856,597850.0,3.0442,0.001485,536100.0,2.2633,0.001011
20261008,3483,力致,390000.0,323000.0,311000.0,1040000.0,564000.0,136000.0,338000.0,219000.0,199000.0,246000.0,518000.0,295000.0,254000.0,125000.0,195000.0,219000.0,124000.0,274000.0,538000.0,530000.0,275000.0,344000.0,466000.0,759000.0,963000.0,337000.0,168000.0,217000.0,239000.0,161000.0,341333.33,38.0859,0.009318,525600.0,14.8402,0.00537,376600.0,10.3558,0.002903,343533.33,7.5684,0.001989,341900.0,5.7034,0.001591,358900.0,3.6222,0.001083
20261008,3484,崧騰,105000.0,179000.0,110000.0,328000.0,300000.0,157000.0,85000.0,127000.0,68000.0,60000.0,64000.0,135000.0,143000.0,111000.0,52000.0,152000.0,143000.0,90000.0,192000.0,218000.0,111000.0,271000.0,280000.0,434000.0,527000.0,209000.0,200000.0,181000.0,173000.0,120000.0,131333.33,26.6497,0.002509,204400.0,10.274,0.001446,151900.0,6.9124,0.000782,134933.33,5.1877,0.000535,140950.0,3.7247,0.000428,177500.0,1.9718,0.000292
20261008,3485,敘豐,68000.0,97000.0,167000.0,121000.0,98000.0,83000.0,131000.0,127000.0,56000.0,46000.0,128000.0,54000.0,48000.0,72000.0,26000.0,59000.0,64000.0,82000.0,114000.0,56000.0,58000.0,99000.0,96000.0,86000.0,78000.0,136000.0,233000.0,166000.0,120000.0,225000.0,110666.67,20.4819,0.001625,110200.0,12.3412,0.000936,99400.0,6.841,0.000506,88133.33,5.1437,0.000347,84850.0,4.0071,0.000277,99800.0,2.2712,0.000189
20261008,3489,森寶,46000.0,29000.0,60000.0,87000.0,151000.0,144000.0,90000.0,170000.0,61000.0,180000.0,280000.0,147000.0,83000.0,97000.0,20000.0,78000.0,94000.0,60000.0,89000.0,272000.0,245000.0,167000.0,35000.0,67000.0,190000.0,109000.0,64000.0,148000.0,150000.0,145000.0,45000.0,34.0741,0.001099,74600.0,12.3324,0.000633,101800.0,4.5187,0.000342,109666.67,2.7964,0.000235,111900.0,2.0554,0.000188,118600.0,1.2929,0.000128
20261008,3490,單井,1284000.0,1981000.0,3481000.0,8201000.0,18557000.0,13858000.0,1899000.0,4275000.0,2499000.0,2384000.0,3058000.0,3205000.0,3981000.0,5251000.0,6905000.0,5425000.0,2830000.0,3576000.0,2932000.0,1392000.0,3053000.0,3131000.0,2987000.0,3895000.0,4338000.0,4722000.0,6189000.0,6502000.0,6345000.0,3781000.0,2248666.67,19.0335,0.030678,6700800.0,3.8324,0.01768,5841900.0,2.1979,0.009558,5387933.33,1.5887,0.006548,4848700.0,1.3241,0.005239,4730566.67,0.9048,0.003566
20261008,3491,昇達科,1044000.0,1677000.0,4238000.0,2059000.0,561000.0,663000.0,800000.0,1501000.0,835000.0,1805000.0,1278000.0,1264000.0,1520000.0,1968000.0,1292000.0,641000.0,1402000.0,1922000.0,1097000.0,1322000.0,1474000.0,1430000.0,1863000.0,1779000.0,1148000.0,1863000.0,2444000.0,2731000.0,2494000.0,1380000.0,2319666.67,15.0022,0.024943,1915800.0,10.8988,0.014376,1518300.0,6.8761,0.007771,1500333.33,4.639,0.005324,1444450.0,3.6138,0.00426,1583166.67,2.1981,0.002899
20261008,3492,長盛,22000.0,5000.0,30000.0,74000.0,19000.0,36000.0,18000.0,8000.0,10000.0,39000.0,13000.0,15000.0,3000.0,15000.0,46000.0,136000.0,5000.0,58000.0,35000.0,34000.0,11000.0,40000.0,14000.0,56000.0,12000.0,25000.0,54000.0,159000.0,290000.0,39000.0,19000.0,38.5965,0.000526,30000.0,14.6667,0.000303,26100.0,8.4291,0.000164,23533.33,6.2323,0.000112,31050.0,3.5427,9e-05,44033.33,1.6654,6.1e-05
20261008,3498,陽程,1423000.0,1845000.0,6054000.0,4750000.0,2969000.0,3684000.0,6669000.0,4753000.0,3139000.0,2085000.0,3202000.0,1837000.0,2467000.0,3531000.0,2740000.0,3962000.0,2527000.0,3117000.0,2191000.0,2493000.0,1377000.0,1324000.0,3414000.0,6524000.0,3075000.0,4768000.0,1452000.0,1152000.0,393000.0,508000.0,3107333.33,15.265,0.033999,3408200.0,8.3504,0.019594,3737100.0,3.8078,0.010593,3409866.67,2.7821,0.007257,3271900.0,2.1746,0.005806,2980833.33,1.5913,0.003952
20261008,3499,環天科,32000.0,46000.0,53000.0,118000.0,77000.0,31000.0,42000.0,5000.0,28000.0,26000.0,69000.0,52000.0,49000.0,156000.0,31000.0,29000.0,52000.0,63000.0,109000.0,92000.0,279000.0,647000.0,303000.0,13000.0,34000.0,80000.0,10000.0,32000.0,16000.0,25000.0,43666.67,24.4275,0.000765,65200.0,9.816,0.000441,45800.0,6.9869,0.000238,54333.33,3.9264,0.000163,58000.0,2.7586,0.000131,86633.33,1.2312,8.9e-05
20261008,3508,位速,181000.0,179000.0,244000.0,426000.0,246000.0,369000.0,506000.0,549000.0,617000.0,696000.0,1903000.0,1512000.0,664000.0,199000.0,217000.0,210000.0,287000.0,89000.0,113000.0,179000.0,180000.0,118000.0,105000.0,186000.0,172000.0,347000.0,214000.0,319000.0,366000.0,387000.0,201333.33,29.9669,0.004324,255200.0,14.185,0.002492,401300.0,4.5103,0.001347,567200.0,2.1274,0.000923,469300.0,1.9284,0.000738,392666.67,1.5365,0.000503
20261008,3511,矽瑪,65000.0,75000.0,137000.0,296000.0,90000.0,48000.0,99000.0,101000.0,95000.0,90000.0,122000.0,87000.0,103000.0,88000.0,60000.0,148000.0,85000.0,140000.0,140000.0,198000.0,142000.0,101000.0,60000.0,246000.0,52000.0,168000.0,52000.0,90000.0,94000.0,111000.0,92333.33,23.4657,0.001553,132600.0,9.8039,0.000895,109600.0,5.9307,0.000484,103733.33,4.1774,0.000331,113350.0,2.8672,0.000265,112766.67,1.9214,0.000181
20261008,3512,皇龍,17000.0,32000.0,43000.0,40000.0,19000.0,20000.0,20000.0,8000.0,18000.0,26000.0,15000.0,25000.0,101000.0,19000.0,50000.0,22000.0,5000.0,13000.0,13000.0,35000.0,12000.0,56000.0,148000.0,12000.0,33000.0,26000.0,11000.0,63000.0,11000.0,27000.0,30666.67,18.4783,0.000406,30200.0,11.2583,0.000234,24300.0,6.9959,0.000127,30200.0,3.7528,8.7e-05,27050.0,3.1423,6.9e-05,31333.33,1.8085,4.7e-05
20261008,3516,亞帝歐,26000.0,21000.0,36000.0,74000.0,48000.0,45000.0,14000.0,7000.0,13000.0,4000.0,20000.0,29000.0,19000.0,18000.0,12000.0,1000.0,149000.0,13000.0,33000.0,38000.0,26000.0,122000.0,308000.0,745000.0,77000.0,284000.0,21000.0,442000.0,224000.0,43000.0,27666.67,31.3253,0.000621,41000.0,12.6829,0.000358,28800.0,9.0278,0.000194,25733.33,6.7358,0.000133,31000.0,4.1935,0.000106,97066.67,0.8929,7.2e-05
20261008,3520,華盈,217000.0,172000.0,304000.0,849000.0,150000.0,159000.0,158000.0,171000.0,48000.0,112000.0,145000.0,66000.0,46000.0,58000.0,71000.0,57000.0,79000.0,106000.0,43000.0,167000.0,108000.0,95000.0,116000.0,91000.0,103000.0,167000.0,203000.0,132000.0,139000.0,155000.0,231000.0,31.3131,0.005185,338400.0,12.8251,0.002988,234000.0,9.2735,0.001615,181733.33,7.9604,0.001107,158900.0,6.8282,0.000885,149566.67,4.8362,0.000603
20261008,3521,台鋼建設,51000.0,14000.0,25000.0,109000.0,21000.0,97000.0,20000.0,37000.0,10000.0,50000.0,27000.0,39000.0,16000.0,37000.0,15000.0,13000.0,7000.0,17000.0,121000.0,2000.0,121000.0,142000.0,5000.0,17000.0,29000.0,9000.0,21000.0,94000.0,19000.0,23000.0,30000.0,56.6667,0.001218,44000.0,23.1818,0.000702,43400.0,11.7512,0.00038,37866.67,8.9789,0.00026,36400.0,7.0055,0.000208,40266.67,4.2219,0.000142
20261008,3522,御嵿,55000.0,105000.0,88000.0,53000.0,151000.0,66000.0,109000.0,176000.0,105000.0,100000.0,77000.0,202000.0,160000.0,259000.0,160000.0,133000.0,393000.0,873000.0,152000.0,88000.0,105000.0,108000.0,26000.0,76000.0,100000.0,21000.0,33000.0,90000.0,192000.0,44000.0,82666.67,22.1774,0.001314,90400.0,12.1681,0.000757,100800.0,5.4563,0.000409,124400.0,2.9475,0.00028,175250.0,1.5692,0.000224,143333.33,1.2791,0.000153
20261008,3523,迎輝,9000.0,22000.0,11000.0,23000.0,28000.0,33000.0,13000.0,16000.0,16000.0,38000.0,23000.0,17000.0,28000.0,42000.0,58000.0,48000.0,26000.0,32000.0,13000.0,13000.0,13000.0,26000.0,1000.0,1000.0,5000.0,13000.0,12000.0,6000.0,8000.0,3000.0,14000.0,21.4286,0.000215,18600.0,9.6774,0.000124,20900.0,4.3062,6.7e-05,25133.33,2.3873,4.6e-05,25450.0,1.7682,3.7e-05,19900.0,1.5075,2.5e-05
20261008,3526,凡甲,162000.0,235000.0,379000.0,144000.0,128000.0,130000.0,86000.0,155000.0,73000.0,143000.0,166000.0,148000.0,185000.0,129000.0,124000.0,228000.0,131000.0,286000.0,286000.0,180000.0,263000.0,144000.0,75000.0,239000.0,107000.0,173000.0,169000.0,229000.0,182000.0,137000.0,258666.67,20.8763,0.003871,209600.0,15.458,0.002231,163500.0,9.9083,0.001206,159133.33,6.7868,0.000826,174900.0,4.6312,0.000661,173866.67,3.1058,0.00045
20261008,3527,聚積,258000.0,45000.0,29000.0,54000.0,36000.0,75000.0,51000.0,41000.0,25000.0,40000.0,173000.0,112000.0,37000.0,69000.0,87000.0,50000.0,26000.0,66000.0,65000.0,28000.0,90000.0,77000.0,33000.0,113000.0,54000.0,76000.0,105000.0,87000.0,73000.0,91000.0,110666.67,77.7108,0.006164,84400.0,61.1374,0.003553,65400.0,39.4495,0.001921,75466.67,22.7915,0.001316,68350.0,18.8734,0.001053,72200.0,11.9114,0.000717
20261008,3529,力旺,785000.0,810000.0,902000.0,927000.0,869000.0,1049000.0,2463000.0,2139000.0,1530000.0,3246000.0,1515000.0,857000.0,1414000.0,1007000.0,523000.0,881000.0,1270000.0,1098000.0,1024000.0,2124000.0,2113000.0,2428000.0,1104000.0,1090000.0,1717000.0,593000.0,7020000.0,1620000.0,506000.0,757000.0,832333.33,31.4377,0.018755,858600.0,18.2856,0.010809,1472000.0,5.3329,0.005843,1335733.33,3.9179,0.004003,1321650.0,2.9698,0.003203,1512700.0,1.7298,0.00218
20261008,3531,先益,12000.0,34000.0,1000.0,3000.0,5000.0,1000.0,2000.0,,13000.0,7000.0,9000.0,1000.0,1000.0,5000.0,1000.0,,1000.0,1000.0,4000.0,7000.0,3000.0,3000.0,2000.0,2000.0,14000.0,1000.0,,1000.0,23000.0,2000.0,15666.67,25.5319,0.000287,11000.0,21.8182,0.000165,8666.67,15.3846,8.9e-05,6785.71,12.6316,6.1e-05,6000.0,11.1111,4.9e-05,5888.89,7.5472,3.3e-05
20261008,3537,堡達,450000.0,813000.0,199000.0,618000.0,2230000.0,1635000.0,112000.0,67000.0,134000.0,84000.0,177000.0,160000.0,148000.0,118000.0,115000.0,163000.0,120000.0,166000.0,171000.0,214000.0,230000.0,468000.0,583000.0,371000.0,276000.0,371000.0,343000.0,1154000.0,431000.0,341000.0,487333.33,30.7798,0.010751,862000.0,10.4408,0.006196,634200.0,7.0956,0.00335,470666.67,6.3739,0.002295,394700.0,5.7005,0.001836,415400.0,3.611,0.00125
20261008,3540,曜越,119000.0,220000.0,478000.0,1593000.0,121000.0,196000.0,155000.0,202000.0,70000.0,107000.0,196000.0,420000.0,264000.0,190000.0,402000.0,433000.0,272000.0,177000.0,217000.0,218000.0,225000.0,203000.0,260000.0,816000.0,700000.0,2270000.0,1911000.0,692000.0,845000.0,793000.0,272333.33,14.5655,0.002843,506200.0,4.7017,0.001639,326100.0,3.6492,0.000886,315533.33,2.5143,0.000607,302500.0,1.9669,0.000486,492166.67,0.806,0.00033
20261008,3541,西柏,68000.0,52000.0,66000.0,53000.0,52000.0,33000.0,66000.0,82000.0,99000.0,646000.0,773000.0,25000.0,16000.0,7000.0,24000.0,6000.0,49000.0,45000.0,37000.0,56000.0,38000.0,30000.0,5000.0,17000.0,9000.0,24000.0,44000.0,15000.0,63000.0,47000.0,62000.0,36.5591,0.001625,58200.0,23.3677,0.000936,121700.0,5.5875,0.000506,137466.67,3.2978,0.000347,112750.0,3.0155,0.000277,84900.0,2.6698,0.000189
20261008,3546,宇峻,114000.0,80000.0,59000.0,117000.0,84000.0,43000.0,53000.0,42000.0,79000.0,108000.0,86000.0,77000.0,114000.0,65000.0,65000.0,51000.0,90000.0,112000.0,396000.0,97000.0,169000.0,221000.0,53000.0,109000.0,91000.0,121000.0,126000.0,76000.0,121000.0,75000.0,84333.33,45.0593,0.002724,90800.0,25.1101,0.00157,77900.0,14.6341,0.000849,79066.67,9.6121,0.000581,96600.0,5.9006,0.000465,103133.33,3.6846,0.000317
20261008,3548,兆利,141000.0,152000.0,180000.0,510000.0,142000.0,163000.0,165000.0,109000.0,146000.0,153000.0,176000.0,129000.0,155000.0,154000.0,158000.0,98000.0,161000.0,225000.0,846000.0,225000.0,262000.0,168000.0,143000.0,348000.0,224000.0,535000.0,1041000.0,1821000.0,946000.0,204000.0,157666.67,29.8097,0.003369,225000.0,12.5333,0.001942,186100.0,7.5766,0.00105,175533.33,5.3551,0.000719,209400.0,3.3668,0.000575,329333.33,1.4271,0.000392
20261008,3551,世禾,388000.0,751000.0,551000.0,1575000.0,2953000.0,1105000.0,904000.0,927000.0,387000.0,1293000.0,767000.0,1863000.0,1455000.0,291000.0,62000.0,86000.0,153000.0,457000.0,144000.0,169000.0,182000.0,277000.0,273000.0,264000.0,209000.0,490000.0,278000.0,589000.0,186000.0,242000.0,563333.33,22.9586,0.00927,1243600.0,6.2399,0.005343,1083400.0,3.5813,0.002888,1018133.33,2.5406,0.001979,814050.0,2.3831,0.001583,642366.67,2.0134,0.001078
20261008,3552,同致,152000.0,209000.0,187000.0,468000.0,838000.0,307000.0,399000.0,622000.0,3275000.0,1269000.0,492000.0,1043000.0,2884000.0,84000.0,135000.0,162000.0,91000.0,97000.0,95000.0,151000.0,70000.0,37000.0,45000.0,118000.0,63000.0,86000.0,219000.0,295000.0,237000.0,95000.0,182666.67,27.7372,0.003632,370800.0,8.1985,0.002093,772600.0,1.9674,0.001131,824266.67,1.2294,0.000775,648000.0,1.1728,0.00062,474166.67,1.0685,0.000422
20261008,3555,博士旺,57000.0,38000.0,29000.0,35000.0,37000.0,26000.0,40000.0,62000.0,68000.0,33000.0,33000.0,28000.0,62000.0,46000.0,76000.0,60000.0,44000.0,31000.0,45000.0,57000.0,109000.0,185000.0,119000.0,78000.0,240000.0,365000.0,369000.0,164000.0,145000.0,146000.0,41333.33,45.9677,0.001362,39200.0,29.0816,0.000785,42500.0,13.4118,0.000424,44666.67,8.5075,0.000291,45350.0,6.2845,0.000233,94233.33,2.0163,0.000158
20261008,3556,禾瑞亞,646000.0,2021000.0,1205000.0,172000.0,123000.0,225000.0,139000.0,105000.0,71000.0,128000.0,154000.0,90000.0,153000.0,140000.0,103000.0,87000.0,158000.0,197000.0,178000.0,214000.0,316000.0,196000.0,910000.0,194000.0,225000.0,233000.0,166000.0,300000.0,171000.0,143000.0,1290666.67,16.6839,0.015434,833400.0,15.5028,0.008895,483500.0,13.3609,0.004809,365000.0,11.7991,0.003294,315450.0,10.2393,0.002636,305433.33,7.0501,0.001794
20261008,3558,神準,443000.0,486000.0,83000.0,152000.0,296000.0,206000.0,43000.0,52000.0,56000.0,31000.0,65000.0,82000.0,203000.0,70000.0,28000.0,35000.0,33000.0,52000.0,48000.0,60000.0,199000.0,45000.0,45000.0,124000.0,80000.0,43000.0,82000.0,76000.0,130000.0,182000.0,337333.33,43.7747,0.010584,292000.0,30.3425,0.0061,184800.0,23.9719,0.003298,153066.67,19.2944,0.002259,126200.0,17.5515,0.001807,117666.67,12.5496,0.00123
20261008,3564,其陽,2852000.0,2545000.0,2752000.0,880000.0,1958000.0,208000.0,153000.0,270000.0,332000.0,221000.0,128000.0,284000.0,337000.0,109000.0,100000.0,177000.0,270000.0,85000.0,152000.0,261000.0,483000.0,352000.0,1603000.0,1754000.0,609000.0,69000.0,140000.0,91000.0,46000.0,70000.0,2716333.33,34.9982,0.06814,2197400.0,25.958,0.039271,1217100.0,23.4327,0.02123,875266.67,21.7229,0.014544,703700.0,20.2643,0.011636,643033.33,14.7841,0.007921
20261008,3567,逸昌,24000.0,29000.0,38000.0,54000.0,46000.0,46000.0,124000.0,355000.0,255000.0,57000.0,43000.0,16000.0,22000.0,13000.0,18000.0,19000.0,15000.0,16000.0,27000.0,21000.0,15000.0,16000.0,26000.0,19000.0,19000.0,43000.0,13000.0,14000.0,18000.0,21000.0,30333.33,26.3736,0.000573,38200.0,12.5654,0.00033,102800.0,2.3346,0.000179,76000.0,2.1053,0.000122,61900.0,1.9386,9.8e-05,48066.67,1.6644,6.7e-05
20261008,3570,大塚,9000.0,21000.0,16000.0,10000.0,18000.0,112000.0,18000.0,11000.0,9000.0,14000.0,48000.0,16000.0,57000.0,65000.0,26000.0,17000.0,50000.0,74000.0,4000.0,14000.0,10000.0,12000.0,3000.0,10000.0,24000.0,9000.0,6000.0,7000.0,29000.0,9000.0,15333.33,19.5652,0.000215,14800.0,12.1622,0.000124,23800.0,3.7815,6.7e-05,30000.0,2.0,4.6e-05,30450.0,1.4778,3.7e-05,24266.67,1.2363,2.5e-05
20261008,3577,泓格,286000.0,127000.0,117000.0,320000.0,184000.0,186000.0,614000.0,996000.0,116000.0,115000.0,187000.0,257000.0,331000.0,473000.0,173000.0,109000.0,138000.0,285000.0,546000.0,182000.0,395000.0,117000.0,256000.0,455000.0,320000.0,493000.0,661000.0,190000.0,237000.0,348000.0,176666.67,53.9623,0.006833,206800.0,27.6596,0.003938,306100.0,9.3434,0.002129,298800.0,6.3811,0.001458,287100.0,4.9808,0.001167,307133.33,3.104,0.000794
20261008,3580,友威科,385000.0,582000.0,680000.0,1092000.0,731000.0,1235000.0,4827000.0,3234000.0,1004000.0,1043000.0,1199000.0,1693000.0,1125000.0,2090000.0,1699000.0,1114000.0,134000.0,178000.0,194000.0,151000.0,299000.0,217000.0,301000.0,862000.0,618000.0,380000.0,172000.0,197000.0,214000.0,194000.0,549000.0,23.3758,0.009198,694000.0,11.0951,0.005301,1481300.0,2.5991,0.002866,1507933.33,1.7021,0.001963,1219500.0,1.5785,0.001571,928133.33,1.3827,0.001069
20261008,3581,博磊,239000.0,265000.0,412000.0,725000.0,608000.0,1622000.0,555000.0,213000.0,226000.0,212000.0,246000.0,284000.0,321000.0,186000.0,110000.0,274000.0,178000.0,273000.0,895000.0,363000.0,181000.0,368000.0,294000.0,487000.0,497000.0,687000.0,202000.0,296000.0,418000.0,434000.0,305333.33,26.0917,0.00571,449800.0,10.6269,0.003291,507700.0,4.7075,0.001779,414933.33,3.84,0.001219,410350.0,2.9121,0.000975,402366.67,1.98,0.000664
20261008,3587,閎康,502000.0,477000.0,1260000.0,1284000.0,486000.0,277000.0,317000.0,283000.0,180000.0,236000.0,234000.0,212000.0,273000.0,219000.0,245000.0,236000.0,232000.0,459000.0,465000.0,539000.0,336000.0,332000.0,307000.0,890000.0,1837000.0,403000.0,278000.0,242000.0,402000.0,635000.0,746333.33,22.4207,0.011994,801800.0,12.5218,0.006912,530200.0,9.4681,0.003737,432333.33,7.7409,0.00256,420800.0,5.9648,0.002048,469266.67,3.5658,0.001394
20261008,3594,磐儀,165000.0,191000.0,167000.0,383000.0,282000.0,373000.0,423000.0,249000.0,113000.0,374000.0,267000.0,393000.0,356000.0,179000.0,170000.0,227000.0,252000.0,369000.0,488000.0,251000.0,441000.0,457000.0,752000.0,1079000.0,1094000.0,2608000.0,596000.0,646000.0,665000.0,342000.0,174333.33,31.5488,0.003942,237600.0,13.8889,0.002272,272000.0,6.0662,0.001228,272333.33,4.0392,0.000841,283600.0,2.909,0.000673,478400.0,1.1497,0.000458
20261008,3597,映興,757000.0,570000.0,600000.0,1208000.0,24000.0,25000.0,71000.0,44000.0,79000.0,278000.0,93000.0,16000.0,10000.0,16000.0,7000.0,2000.0,61000.0,9000.0,30000.0,23000.0,17000.0,82000.0,13000.0,12000.0,5000.0,23000.0,5000.0,17000.0,24000.0,47000.0,642333.33,39.2839,0.018086,631800.0,23.9633,0.010424,365600.0,20.7057,0.005635,253200.0,19.9315,0.00386,196150.0,19.2965,0.003089,138933.33,18.1622,0.002102
20261008,3609,三一東林,133000.0,116000.0,71000.0,93000.0,49000.0,86000.0,27000.0,52000.0,42000.0,108000.0,340000.0,234000.0,146000.0,128000.0,293000.0,379000.0,574000.0,98000.0,86000.0,192000.0,148000.0,94000.0,184000.0,28000.0,102000.0,209000.0,381000.0,207000.0,372000.0,236000.0,106666.67,41.5625,0.003178,92400.0,28.7879,0.001831,77700.0,17.1171,0.00099,127866.67,6.9343,0.000678,162350.0,4.0961,0.000543,173600.0,2.5538,0.000369
20261008,3611,鼎翰,35000.0,17000.0,32000.0,59000.0,21000.0,10000.0,29000.0,23000.0,10000.0,10000.0,17000.0,24000.0,41000.0,73000.0,4000.0,23000.0,24000.0,42000.0,38000.0,18000.0,43000.0,74000.0,26000.0,16000.0,17000.0,55000.0,54000.0,78000.0,44000.0,36000.0,28000.0,41.6667,0.000836,32800.0,21.3415,0.000482,24600.0,14.2276,0.000261,27000.0,8.642,0.000178,27500.0,6.3636,0.000143,33100.0,3.5247,9.7e-05
20261008,3615,安可,716000.0,972000.0,1544000.0,2303000.0,4816000.0,7132000.0,2863000.0,3457000.0,846000.0,2186000.0,742000.0,965000.0,958000.0,1963000.0,277000.0,359000.0,278000.0,620000.0,405000.0,337000.0,290000.0,296000.0,316000.0,519000.0,335000.0,335000.0,323000.0,735000.0,620000.0,865000.0,1077333.33,22.1535,0.017107,2070200.0,6.9172,0.009859,2683500.0,2.6682,0.00533,2116000.0,2.2558,0.003651,1686950.0,2.1222,0.002921,1279100.0,1.8659,0.001988
20261008,3623,富晶通,135000.0,213000.0,168000.0,167000.0,395000.0,326000.0,364000.0,322000.0,146000.0,162000.0,313000.0,283000.0,247000.0,717000.0,562000.0,349000.0,921000.0,983000.0,1196000.0,147000.0,309000.0,126000.0,75000.0,127000.0,22000.0,64000.0,45000.0,103000.0,49000.0,37000.0,172000.0,26.1628,0.003225,215600.0,12.5232,0.001859,239800.0,5.6297,0.001005,301333.33,2.9867,0.000688,405800.0,1.6634,0.000551,302433.33,1.4879,0.000375
20261008,3624,光頡,47728000.0,29538000.0,12677000.0,14704000.0,40211000.0,30774000.0,16711000.0,18945000.0,49361000.0,23086000.0,17636000.0,32981000.0,17088000.0,21068000.0,22617000.0,33019000.0,44654000.0,64539000.0,20827000.0,23348000.0,18543000.0,19857000.0,9062000.0,3522000.0,4938000.0,4833000.0,5187000.0,14234000.0,7376000.0,6433000.0,29981000.0,53.0647,1.140324,28971600.0,32.9481,0.657197,28373500.0,16.8213,0.355284,26341666.67,12.0792,0.243391,29075600.0,8.2076,0.194733,22516566.67,7.0656,0.13255
20261008,3625,西勝,,492000.0,424000.0,1240000.0,297000.0,235000.0,95000.0,520000.0,55000.0,77000.0,129000.0,170000.0,92000.0,225000.0,107000.0,108000.0,136000.0,150000.0,130000.0,139000.0,82000.0,186000.0,204000.0,284000.0,186000.0,447000.0,329000.0,203000.0,237000.0,530000.0,458000.0,,,613250.0,,,381666.67,,,297000.0,,,253736.84,,,258931.03,,
20261008,3628,盈正,98000.0,65000.0,46000.0,93000.0,81000.0,45000.0,78000.0,54000.0,48000.0,76000.0,95000.0,78000.0,161000.0,157000.0,103000.0,199000.0,631000.0,622000.0,746000.0,162000.0,82000.0,57000.0,47000.0,49000.0,28000.0,43000.0,26000.0,25000.0,32000.0,25000.0,69666.67,46.89,0.002341,76600.0,25.5875,0.001349,68400.0,14.3275,0.00073,85200.0,7.6682,0.0005,181900.0,2.6938,0.0004,135066.67,2.4186,0.000272
20261008,3629,地心引力,11000.0,6000.0,5000.0,5000.0,8000.0,2000.0,4000.0,1000.0,,,,4000.0,,,3000.0,11000.0,8000.0,1000.0,1000.0,1000.0,1000.0,7000.0,4000.0,2000.0,2000.0,2000.0,25000.0,61000.0,6000.0,7000.0,7333.33,50.0,0.000263,7000.0,31.4286,0.000151,5250.0,26.1905,8.2e-05,4900.0,22.449,5.6e-05,4733.33,15.493,4.5e-05,7520.0,5.8511,3.1e-05
20261008,3630,新鉅科,639000.0,1858000.0,3810000.0,876000.0,517000.0,407000.0,228000.0,332000.0,749000.0,1620000.0,307000.0,295000.0,449000.0,224000.0,364000.0,351000.0,216000.0,321000.0,304000.0,459000.0,622000.0,1200000.0,4072000.0,1378000.0,1816000.0,272000.0,450000.0,603000.0,1440000.0,1434000.0,2102333.33,10.1316,0.015267,1540000.0,8.2987,0.008799,1103600.0,5.7901,0.004757,845000.0,5.0414,0.003259,716300.0,4.4604,0.002607,920433.33,2.3141,0.001775
20261008,3631,晟楠,1132000.0,627000.0,341000.0,226000.0,208000.0,149000.0,143000.0,64000.0,96000.0,148000.0,156000.0,270000.0,155000.0,240000.0,88000.0,73000.0,99000.0,117000.0,85000.0,152000.0,46000.0,110000.0,142000.0,179000.0,211000.0,390000.0,989000.0,562000.0,336000.0,155000.0,700000.0,53.9048,0.027046,506800.0,44.6725,0.015587,313400.0,36.12,0.008427,269533.33,27.999,0.005773,228450.0,24.7757,0.004619,256300.0,14.7223,0.003144
20261008,3632,研勤,,,97000.0,17000.0,26000.0,6000.0,20000.0,11000.0,16000.0,27000.0,3000.0,3000.0,10000.0,7000.0,6000.0,8000.0,1000.0,3000.0,,21000.0,8000.0,11000.0,,2000.0,2000.0,8000.0,,7000.0,26000.0,4000.0,97000.0,,,46666.67,,,27500.0,,,19153.85,,,16588.24,,,14000.0,,
20261008,3646,艾恩特,2000.0,15000.0,9000.0,1000.0,12000.0,18000.0,18000.0,6000.0,6000.0,16000.0,28000.0,23000.0,22000.0,3000.0,8000.0,10000.0,48000.0,35000.0,3000.0,1000.0,7000.0,24000.0,7000.0,7000.0,5000.0,8000.0,19000.0,9000.0,23000.0,40000.0,8666.67,7.6923,4.8e-05,7800.0,5.1282,2.8e-05,10300.0,1.9417,1.5e-05,12466.67,1.0695,1e-05,14200.0,0.7042,8e-06,14433.33,0.4619,6e-06
20261008,3663,鑫科,387000.0,301000.0,418000.0,735000.0,431000.0,1164000.0,2670000.0,546000.0,337000.0,212000.0,393000.0,551000.0,366000.0,1067000.0,872000.0,615000.0,264000.0,285000.0,284000.0,234000.0,565000.0,342000.0,415000.0,854000.0,299000.0,398000.0,292000.0,338000.0,473000.0,357000.0,368666.67,34.991,0.009246,454400.0,17.0335,0.005329,720100.0,5.3743,0.002881,696666.67,3.7033,0.001974,606600.0,3.1899,0.001579,548833.33,2.3504,0.001075
20261008,3664,安瑞-KY,5000.0,28000.0,23000.0,15000.0,13000.0,41000.0,17000.0,91000.0,97000.0,103000.0,77000.0,49000.0,39000.0,12000.0,89000.0,47000.0,14000.0,1000.0,10000.0,14000.0,25000.0,80000.0,63000.0,232000.0,132000.0,72000.0,96000.0,26000.0,3000.0,43000.0,18666.67,8.9286,0.000119,16800.0,5.9524,6.9e-05,43300.0,1.1547,3.7e-05,46600.0,0.7153,2.5e-05,39250.0,0.6369,2e-05,51900.0,0.3211,1.4e-05
20261008,3666,光耀,212000.0,67000.0,62000.0,95000.0,114000.0,28000.0,38000.0,40000.0,9000.0,23000.0,37000.0,45000.0,23000.0,14000.0,34000.0,3000.0,4000.0,41000.0,13000.0,61000.0,220000.0,15000.0,52000.0,4000.0,68000.0,36000.0,68000.0,57000.0,74000.0,49000.0,113666.67,62.1701,0.005065,110000.0,38.5455,0.002919,68800.0,30.814,0.001578,56066.67,25.2081,0.001081,48150.0,22.0145,0.000865,53533.33,13.2005,0.000589
20261008,3672,康聯訊,134000.0,503000.0,6000.0,8000.0,5000.0,7000.0,9000.0,16000.0,178000.0,13000.0,31000.0,36000.0,3000.0,3000.0,7000.0,17000.0,11000.0,1000.0,13000.0,10000.0,8000.0,56000.0,37000.0,22000.0,17000.0,21000.0,14000.0,12000.0,1000.0,6000.0,214333.33,20.8398,0.003202,131200.0,20.4268,0.001845,87900.0,15.2446,0.000997,63933.33,13.9729,0.000683,50550.0,13.2542,0.000547,40166.67,11.1203,0.000372
20261008,3675,德微,1136000.0,2286000.0,1458000.0,3146000.0,2875000.0,2817000.0,1302000.0,2712000.0,3514000.0,3228000.0,1770000.0,1010000.0,1445000.0,2669000.0,1584000.0,1961000.0,1823000.0,543000.0,360000.0,323000.0,698000.0,986000.0,871000.0,1335000.0,330000.0,620000.0,531000.0,1759000.0,698000.0,1358000.0,1626666.67,23.2787,0.027141,2180200.0,10.4211,0.015642,2447400.0,4.6417,0.008456,2196800.0,3.4474,0.005793,1898100.0,2.9925,0.004635,1571600.0,2.4094,0.003155
20261008,3680,家登,1099000.0,909000.0,2671000.0,1957000.0,739000.0,716000.0,1579000.0,1018000.0,1361000.0,791000.0,1665000.0,1925000.0,1417000.0,1980000.0,1273000.0,1315000.0,1157000.0,1626000.0,3515000.0,7513000.0,2094000.0,1196000.0,1043000.0,1811000.0,2502000.0,2838000.0,1306000.0,1662000.0,894000.0,1352000.0,1559666.67,23.4879,0.026257,1475000.0,14.9017,0.015133,1284000.0,8.5592,0.008181,1406666.67,5.2085,0.005604,1811300.0,3.0337,0.004484,1764133.33,2.0766,0.003052
20261008,3684,榮昌,1255000.0,108000.0,112000.0,29000.0,,49000.0,82000.0,6000.0,2000.0,,21000.0,6000.0,9000.0,22000.0,8000.0,37000.0,161000.0,54000.0,46000.0,8000.0,26000.0,36000.0,35000.0,10000.0,18000.0,4000.0,25000.0,93000.0,10000.0,17000.0,491666.67,85.0847,0.029985,376000.0,83.4441,0.017281,205375.0,76.3847,0.009342,131461.54,73.4348,0.0064,111944.44,62.2829,0.00512,81750.0,54.8274,0.003485
20261008,3685,元創精密,2485000.0,641000.0,1212000.0,1770000.0,1512000.0,216000.0,292000.0,322000.0,262000.0,187000.0,189000.0,378000.0,630000.0,202000.0,1146000.0,274000.0,408000.0,610000.0,411000.0,253000.0,418000.0,569000.0,1016000.0,392000.0,1100000.0,962000.0,1288000.0,528000.0,486000.0,353000.0,1446000.0,57.2845,0.059372,1524000.0,32.6115,0.034218,889900.0,27.9245,0.018498,762933.33,21.7144,0.012672,670000.0,18.5448,0.010139,683733.33,12.1149,0.006901
20261008,3687,歐買尬,25000.0,41000.0,13000.0,37000.0,31000.0,50000.0,28000.0,28000.0,47000.0,42000.0,52000.0,52000.0,27000.0,14000.0,18000.0,25000.0,43000.0,34000.0,139000.0,21000.0,15000.0,33000.0,97000.0,25000.0,47000.0,54000.0,36000.0,37000.0,25000.0,46000.0,26333.33,31.6456,0.000597,29400.0,17.0068,0.000344,34200.0,7.3099,0.000186,33666.67,4.9505,0.000127,38350.0,3.2595,0.000102,39400.0,2.1151,6.9e-05
20261008,3689,湧德,980000.0,1631000.0,1169000.0,666000.0,589000.0,288000.0,378000.0,262000.0,401000.0,393000.0,521000.0,307000.0,412000.0,385000.0,356000.0,417000.0,525000.0,1149000.0,457000.0,508000.0,991000.0,1564000.0,993000.0,3809000.0,1442000.0,1698000.0,1601000.0,2972000.0,2590000.0,576000.0,1260000.0,25.9259,0.023414,1007000.0,19.4638,0.013494,675700.0,14.5035,0.007295,582533.33,11.2154,0.004998,589700.0,8.3093,0.003998,1001000.0,3.2634,0.002722
20261008,3691,碩禾,248000.0,340000.0,463000.0,1682000.0,1040000.0,1148000.0,964000.0,1317000.0,5400000.0,1724000.0,2162000.0,1057000.0,203000.0,194000.0,153000.0,139000.0,272000.0,505000.0,235000.0,120000.0,200000.0,187000.0,171000.0,579000.0,575000.0,1020000.0,333000.0,356000.0,294000.0,203000.0,350333.33,23.5966,0.005925,754600.0,6.573,0.003415,1432600.0,1.7311,0.001846,1206333.33,1.3705,0.001265,968300.0,1.2806,0.001012,776133.33,1.0651,0.000689
20261008,3693,營邦,7314000.0,1552000.0,2323000.0,1480000.0,816000.0,2685000.0,1198000.0,1265000.0,1903000.0,2335000.0,2044000.0,1022000.0,1836000.0,2791000.0,1074000.0,1868000.0,1836000.0,1281000.0,2054000.0,2530000.0,3667000.0,2280000.0,2029000.0,3104000.0,2060000.0,1788000.0,1548000.0,1771000.0,817000.0,944000.0,3729666.67,65.3678,0.174747,2697000.0,54.238,0.100711,2287100.0,31.9794,0.054445,2109200.0,23.1178,0.037298,2060350.0,17.7494,0.029842,2040500.0,11.9481,0.020312
20261008,3707,漢磊,28537000.0,34346000.0,20681000.0,55680000.0,35462000.0,21159000.0,30327000.0,20438000.0,33362000.0,55452000.0,19606000.0,2295000.0,2541000.0,7086000.0,7055000.0,4058000.0,3436000.0,5159000.0,6674000.0,2049000.0,4869000.0,2232000.0,2418000.0,3199000.0,1990000.0,2660000.0,2777000.0,3668000.0,2087000.0,3672000.0,27854666.67,34.1499,0.68181,34941200.0,16.3343,0.392944,33544400.0,8.5072,0.212428,24935133.33,7.6297,0.145526,19770150.0,7.2172,0.116433,14165833.33,6.715,0.079253
20261008,3709,鑫聯大投控,259000.0,200000.0,177000.0,310000.0,191000.0,498000.0,358000.0,232000.0,100000.0,138000.0,195000.0,166000.0,162000.0,132000.0,182000.0,291000.0,189000.0,271000.0,206000.0,279000.0,1661000.0,302000.0,351000.0,463000.0,443000.0,298000.0,275000.0,395000.0,332000.0,201000.0,212000.0,40.7233,0.006188,227400.0,22.7792,0.003566,246300.0,10.5156,0.001928,220000.0,7.8485,0.001321,226800.0,5.7099,0.001057,308566.67,2.7979,0.000719
20261008,3710,連展投控,130000.0,274000.0,222000.0,150000.0,193000.0,232000.0,250000.0,401000.0,145000.0,243000.0,276000.0,598000.0,,,,,,,,766000.0,318000.0,235000.0,255000.0,208000.0,355000.0,242000.0,346000.0,241000.0,273000.0,115000.0,208666.67,20.7668,0.003106,193800.0,13.4159,0.00179,224000.0,5.8036,0.000968,259500.0,4.1747,0.000663,298461.54,3.3505,0.00053,281217.39,2.0099,0.000361
20261008,3713,新晶投控,470000.0,67000.0,43000.0,43000.0,18000.0,15000.0,52000.0,45000.0,3000.0,34000.0,44000.0,32000.0,36000.0,29000.0,59000.0,7000.0,36000.0,17000.0,8000.0,40000.0,101000.0,24000.0,12000.0,43000.0,22000.0,25000.0,42000.0,52000.0,7000.0,15000.0,193333.33,81.0345,0.011229,128200.0,73.3229,0.006472,79000.0,59.4937,0.003499,66000.0,47.4747,0.002397,54900.0,42.8051,0.001918,48033.33,32.6162,0.001305
20261008,3718,中光電投控,1202000.0,1103000.0,1563000.0,1888000.0,1232000.0,1874000.0,1478000.0,1098000.0,1096000.0,1363000.0,2165000.0,2704000.0,3383000.0,3196000.0,5315000.0,6222000.0,5424000.0,5343000.0,4240000.0,4431000.0,7163000.0,6283000.0,4129000.0,3400000.0,,,,,,,1289333.33,31.0755,0.028718,1397600.0,17.2009,0.016551,1389700.0,8.6493,0.008948,2044000.0,3.9204,0.00613,2816000.0,2.1342,0.004904,3220625.0,1.5551,0.003338
20261008,4102,永日,42000.0,34000.0,35000.0,39000.0,31000.0,26000.0,31000.0,7000.0,51000.0,19000.0,7000.0,10000.0,29000.0,30000.0,23000.0,16000.0,23000.0,2000.0,41000.0,34000.0,14000.0,20000.0,16000.0,23000.0,16000.0,8000.0,6000.0,48000.0,21000.0,13000.0,37000.0,37.8378,0.001003,36200.0,23.2044,0.000578,31500.0,13.3333,0.000313,27600.0,10.1449,0.000214,26500.0,7.9245,0.000171,23833.33,5.8741,0.000117
20261008,4105,東洋,958000.0,1409000.0,668000.0,369000.0,311000.0,444000.0,538000.0,289000.0,198000.0,219000.0,401000.0,598000.0,437000.0,518000.0,326000.0,478000.0,236000.0,569000.0,153000.0,390000.0,245000.0,365000.0,746000.0,321000.0,205000.0,289000.0,385000.0,391000.0,398000.0,334000.0,1011666.67,31.5651,0.022889,743000.0,25.7873,0.013191,540300.0,17.7309,0.007131,512200.0,12.4691,0.004885,475450.0,10.0747,0.003909,439600.0,7.2642,0.002661
20261008,4107,邦特,20000.0,30000.0,66000.0,51000.0,17000.0,17000.0,25000.0,41000.0,32000.0,49000.0,14000.0,52000.0,30000.0,19000.0,22000.0,25000.0,41000.0,72000.0,37000.0,25000.0,67000.0,24000.0,30000.0,32000.0,18000.0,34000.0,26000.0,28000.0,19000.0,23000.0,38666.67,17.2414,0.000478,36800.0,10.8696,0.000275,34800.0,5.7471,0.000149,32333.33,4.1237,0.000102,34250.0,2.9197,8.2e-05,32866.67,2.0284,5.6e-05
20261008,4109,加捷生醫,111000.0,95000.0,51000.0,129000.0,66000.0,158000.0,51000.0,54000.0,169000.0,145000.0,231000.0,84000.0,56000.0,113000.0,120000.0,83000.0,159000.0,95000.0,76000.0,157000.0,165000.0,163000.0,126000.0,235000.0,131000.0,82000.0,83000.0,256000.0,100000.0,103000.0,85666.67,43.1907,0.002652,90400.0,24.5575,0.001528,102900.0,10.7872,0.000826,108866.67,6.7973,0.000566,110150.0,5.0386,0.000453,121566.67,3.0436,0.000308
20261008,4111,濟生,43000.0,16000.0,90000.0,48000.0,64000.0,22000.0,29000.0,17000.0,4000.0,86000.0,38000.0,29000.0,15000.0,25000.0,53000.0,24000.0,87000.0,9000.0,27000.0,47000.0,11000.0,38000.0,44000.0,25000.0,95000.0,31000.0,28000.0,70000.0,44000.0,96000.0,49666.67,28.8591,0.001027,52200.0,16.4751,0.000592,41900.0,10.2625,0.00032,38600.0,7.4266,0.000219,38650.0,5.5627,0.000175,41833.33,3.4263,0.000119
20261008,4113,聯上,208000.0,152000.0,86000.0,822000.0,74000.0,582000.0,304000.0,617000.0,745000.0,76000.0,89000.0,689000.0,660000.0,58000.0,90000.0,145000.0,44000.0,64000.0,63000.0,86000.0,142000.0,102000.0,111000.0,44000.0,197000.0,46000.0,91000.0,28000.0,313000.0,166000.0,148666.67,46.6368,0.00497,268400.0,15.4993,0.002864,366600.0,5.6738,0.001548,350133.33,3.9604,0.001061,282700.0,3.6788,0.000849,229800.0,3.0171,0.000578
20261008,4114,健喬,2862000.0,433000.0,507000.0,1321000.0,616000.0,296000.0,464000.0,586000.0,405000.0,323000.0,586000.0,394000.0,809000.0,628000.0,389000.0,471000.0,378000.0,664000.0,373000.0,591000.0,496000.0,566000.0,599000.0,417000.0,426000.0,396000.0,519000.0,501000.0,647000.0,593000.0,1267333.33,75.2762,0.068379,1147800.0,49.8693,0.039409,781300.0,36.6313,0.021305,707933.33,26.9517,0.014595,654800.0,21.854,0.011677,608533.33,15.677,0.007948
20261008,4116,明基醫,7000.0,19000.0,27000.0,39000.0,56000.0,22000.0,17000.0,11000.0,10000.0,13000.0,43000.0,23000.0,16000.0,21000.0,9000.0,30000.0,12000.0,6000.0,35000.0,15000.0,31000.0,20000.0,21000.0,93000.0,12000.0,14000.0,12000.0,27000.0,17000.0,20000.0,17666.67,13.2075,0.000167,29600.0,4.7297,9.6e-05,22100.0,3.1674,5.2e-05,22200.0,2.1021,3.6e-05,21550.0,1.6241,2.9e-05,23266.67,1.0029,1.9e-05
20261008,4120,友華,7000.0,14000.0,21000.0,28000.0,58000.0,2000.0,7000.0,4000.0,2000.0,43000.0,17000.0,7000.0,21000.0,16000.0,36000.0,18000.0,1000.0,2000.0,15000.0,6000.0,2000.0,6000.0,8000.0,23000.0,38000.0,4000.0,9000.0,26000.0,4000.0,33000.0,14000.0,16.6667,0.000167,25600.0,5.4688,9.6e-05,18600.0,3.7634,5.2e-05,18866.67,2.4735,3.6e-05,16250.0,2.1538,2.9e-05,15933.33,1.4644,1.9e-05
20261008,4121,優盛,402000.0,42000.0,44000.0,23000.0,57000.0,16000.0,73000.0,18000.0,12000.0,24000.0,42000.0,25000.0,15000.0,46000.0,38000.0,19000.0,14000.0,20000.0,18000.0,36000.0,50000.0,64000.0,21000.0,46000.0,43000.0,44000.0,13000.0,32000.0,57000.0,19000.0,162666.67,82.377,0.009605,113600.0,70.7746,0.005535,71100.0,56.5401,0.002992,58466.67,45.8381,0.00205,49200.0,40.8537,0.00164,45766.67,29.279,0.001116
20261008,4123,晟德,1313000.0,1030000.0,1051000.0,1273000.0,1045000.0,873000.0,964000.0,1009000.0,1134000.0,1343000.0,1513000.0,880000.0,1410000.0,1122000.0,1421000.0,1119000.0,889000.0,1051000.0,1732000.0,1961000.0,2538000.0,2243000.0,1820000.0,1970000.0,1491000.0,1648000.0,1586000.0,1707000.0,1764000.0,1615000.0,1131333.33,38.6859,0.03137,1142400.0,22.9867,0.01808,1103500.0,11.8985,0.009774,1158733.33,7.5542,0.006696,1206650.0,5.4407,0.005357,1417166.67,3.0883,0.003646
20261008,4126,太醫,24000.0,37000.0,75000.0,21000.0,12000.0,25000.0,20000.0,8000.0,12000.0,9000.0,16000.0,30000.0,72000.0,52000.0,8000.0,7000.0,11000.0,49000.0,14000.0,57000.0,13000.0,18000.0,27000.0,23000.0,4000.0,34000.0,50000.0,27000.0,17000.0,14000.0,45333.33,17.6471,0.000573,33800.0,14.2012,0.00033,24300.0,9.8765,0.000179,28066.67,5.7007,0.000122,27950.0,4.2934,9.8e-05,26200.0,3.0534,6.7e-05
20261008,4127,天良,732000.0,691000.0,532000.0,496000.0,534000.0,320000.0,418000.0,309000.0,516000.0,629000.0,817000.0,151000.0,122000.0,54000.0,126000.0,131000.0,94000.0,113000.0,359000.0,101000.0,244000.0,251000.0,1517000.0,422000.0,237000.0,299000.0,481000.0,138000.0,216000.0,184000.0,651666.67,37.4425,0.017489,597000.0,24.5226,0.010079,517700.0,14.1395,0.005449,429800.0,11.3541,0.003733,362250.0,10.1035,0.002987,374466.67,6.5159,0.002033
20261008,4128,中天,1484000.0,1119000.0,1453000.0,2377000.0,783000.0,1192000.0,1707000.0,1191000.0,676000.0,753000.0,602000.0,748000.0,4180000.0,497000.0,359000.0,459000.0,560000.0,573000.0,430000.0,438000.0,694000.0,710000.0,759000.0,1301000.0,624000.0,792000.0,815000.0,606000.0,859000.0,857000.0,1352000.0,36.5878,0.035456,1443200.0,20.5654,0.020434,1273500.0,11.6529,0.011047,1274733.33,7.7611,0.007568,1079050.0,6.8764,0.006055,986600.0,5.0139,0.004121
20261008,4129,聯合,97000.0,161000.0,72000.0,151000.0,61000.0,71000.0,99000.0,124000.0,54000.0,42000.0,131000.0,32000.0,143000.0,86000.0,43000.0,163000.0,113000.0,198000.0,191000.0,232000.0,217000.0,160000.0,162000.0,198000.0,155000.0,251000.0,255000.0,439000.0,1503000.0,2688000.0,110000.0,29.3939,0.002318,108400.0,17.8967,0.001336,93200.0,10.4077,0.000722,91133.33,7.0958,0.000495,113200.0,4.2845,0.000396,276400.0,1.1698,0.000269
20261008,4131,浩泰,4000.0,22000.0,23000.0,53000.0,35000.0,8000.0,47000.0,20000.0,23000.0,12000.0,27000.0,11000.0,14000.0,11000.0,1000.0,1000.0,13000.0,10000.0,1000.0,8000.0,20000.0,216000.0,5000.0,1000.0,14000.0,6000.0,19000.0,30000.0,1000.0,51000.0,16333.33,8.1633,9.6e-05,27400.0,2.9197,5.5e-05,24700.0,1.6194,3e-05,20733.33,1.2862,2e-05,17200.0,1.1628,1.6e-05,23566.67,0.5658,1.1e-05
20261008,4138,曜亞,16000.0,11000.0,21000.0,34000.0,64000.0,18000.0,74000.0,52000.0,59000.0,38000.0,51000.0,24000.0,6000.0,20000.0,10000.0,40000.0,19000.0,18000.0,27000.0,94000.0,38000.0,53000.0,69000.0,41000.0,14000.0,36000.0,35000.0,66000.0,84000.0,70000.0,16000.0,33.3333,0.000382,29200.0,10.9589,0.00022,38700.0,4.1344,0.000119,33200.0,3.2129,8.2e-05,34800.0,2.2989,6.5e-05,40066.67,1.3311,4.4e-05
20261008,4139,馬光-KY,132000.0,20000.0,23000.0,66000.0,22000.0,37000.0,65000.0,63000.0,37000.0,32000.0,21000.0,28000.0,36000.0,45000.0,46000.0,24000.0,41000.0,25000.0,25000.0,7000.0,20000.0,16000.0,36000.0,45000.0,43000.0,89000.0,76000.0,33000.0,26000.0,94000.0,58333.33,75.4286,0.003154,52600.0,50.1901,0.001818,49700.0,26.5594,0.000983,44866.67,19.6137,0.000673,39750.0,16.6038,0.000539,42433.33,10.3692,0.000367
20261008,4147,中裕,394000.0,679000.0,686000.0,1025000.0,560000.0,1008000.0,576000.0,575000.0,1608000.0,1702000.0,1775000.0,1379000.0,1152000.0,741000.0,547000.0,302000.0,491000.0,826000.0,902000.0,1131000.0,1163000.0,610000.0,425000.0,693000.0,510000.0,705000.0,993000.0,2324000.0,1616000.0,1596000.0,586333.33,22.3991,0.009414,668800.0,11.7823,0.005425,881300.0,4.4707,0.002933,960466.67,2.7348,0.002009,902950.0,2.1817,0.001608,956466.67,1.3731,0.001094
20261008,4153,鈺緯,27000.0,27000.0,26000.0,27000.0,18000.0,12000.0,8000.0,4000.0,19000.0,12000.0,2000.0,11000.0,1000.0,5000.0,1000.0,5000.0,1000.0,10000.0,4000.0,11000.0,2000.0,4000.0,4000.0,4000.0,4000.0,20000.0,22000.0,11000.0,16000.0,5000.0,26666.67,33.75,0.000645,25000.0,21.6,0.000372,18000.0,15.0,0.000201,13333.33,13.5,0.000138,11550.0,11.6883,0.00011,10766.67,8.3591,7.5e-05
20261008,4154,樂威科-KY,3000.0,1000.0,1000.0,32000.0,8000.0,10000.0,17000.0,52000.0,14000.0,27000.0,,1000.0,58000.0,4000.0,6000.0,24000.0,7000.0,,,,,,,5000.0,,8000.0,,5000.0,,20000.0,1666.67,60.0,7.2e-05,9000.0,6.6667,4.1e-05,16500.0,1.8182,2.2e-05,16714.29,1.2821,1.5e-05,16562.5,1.1321,1.2e-05,15150.0,0.9901,8e-06
20261008,4157,太景*-KY,7638000.0,827000.0,613000.0,1070000.0,664000.0,479000.0,668000.0,761000.0,391000.0,1123000.0,692000.0,503000.0,722000.0,988000.0,622000.0,702000.0,419000.0,1016000.0,835000.0,602000.0,1057000.0,1913000.0,438000.0,473000.0,541000.0,672000.0,456000.0,828000.0,912000.0,788000.0,3026000.0,84.1375,0.182488,2162400.0,70.6437,0.105173,1423400.0,53.6603,0.056857,1184066.67,43.0043,0.03895,1066750.0,35.8003,0.031164,980433.33,25.9681,0.021212
20261008,4160,訊聯基因,18000.0,15000.0,15000.0,32000.0,11000.0,9000.0,47000.0,5000.0,18000.0,67000.0,37000.0,5000.0,4000.0,10000.0,8000.0,4000.0,13000.0,14000.0,25000.0,77000.0,35000.0,22000.0,14000.0,19000.0,26000.0,11000.0,16000.0,25000.0,9000.0,28000.0,16000.0,37.5,0.00043,18200.0,19.7802,0.000248,23700.0,7.5949,0.000134,20066.67,5.9801,9.2e-05,21700.0,4.1475,7.3e-05,21300.0,2.8169,5e-05
20261008,4161,聿新科,18000.0,9000.0,32000.0,28000.0,29000.0,34000.0,46000.0,40000.0,11000.0,30000.0,23000.0,24000.0,21000.0,10000.0,20000.0,10000.0,11000.0,10000.0,8000.0,21000.0,14000.0,33000.0,5000.0,17000.0,2000.0,25000.0,2000.0,19000.0,18000.0,2000.0,19666.67,30.5085,0.00043,23200.0,15.5172,0.000248,27700.0,6.4982,0.000134,25000.0,4.8,9.2e-05,21750.0,4.1379,7.3e-05,19066.67,3.1469,5e-05
20261008,4162,智擎,612000.0,187000.0,107000.0,271000.0,104000.0,195000.0,175000.0,110000.0,128000.0,296000.0,308000.0,190000.0,201000.0,337000.0,199000.0,214000.0,198000.0,487000.0,510000.0,293000.0,220000.0,211000.0,272000.0,212000.0,283000.0,200000.0,198000.0,157000.0,195000.0,228000.0,302000.0,67.5497,0.014622,256200.0,47.7752,0.008427,218500.0,28.0092,0.004556,228000.0,17.8947,0.003121,256100.0,11.9485,0.002497,243266.67,8.3859,0.0017
20261008,4163,鐿鈦,19000.0,37000.0,34000.0,60000.0,17000.0,9000.0,20000.0,22000.0,13000.0,10000.0,21000.0,8000.0,20000.0,24000.0,16000.0,18000.0,14000.0,49000.0,35000.0,82000.0,265000.0,23000.0,36000.0,44000.0,9000.0,43000.0,23000.0,51000.0,55000.0,95000.0,30000.0,21.1111,0.000454,33400.0,11.3772,0.000262,24100.0,7.8838,0.000141,22000.0,5.7576,9.7e-05,26400.0,3.5985,7.8e-05,39066.67,1.6212,5.3e-05
20261008,4166,友霖,82000.0,143000.0,63000.0,58000.0,36000.0,163000.0,47000.0,24000.0,66000.0,54000.0,68000.0,19000.0,50000.0,118000.0,35000.0,35000.0,48000.0,70000.0,64000.0,409000.0,193000.0,57000.0,63000.0,77000.0,62000.0,122000.0,133000.0,54000.0,86000.0,34000.0,96000.0,28.4722,0.001959,76400.0,21.466,0.001129,73600.0,11.1413,0.00061,68400.0,7.9922,0.000418,82600.0,4.9637,0.000335,84433.33,3.2373,0.000228
20261008,4167,松瑞藥,9624000.0,4543000.0,562000.0,453000.0,574000.0,469000.0,832000.0,535000.0,596000.0,628000.0,698000.0,515000.0,987000.0,1145000.0,418000.0,356000.0,457000.0,474000.0,533000.0,865000.0,501000.0,543000.0,852000.0,908000.0,449000.0,896000.0,969000.0,619000.0,580000.0,586000.0,4909666.67,65.3405,0.229938,3151200.0,61.0815,0.132519,1881600.0,51.148,0.07164,1505266.67,42.6237,0.049078,1263200.0,38.0937,0.039267,1072233.33,29.9189,0.026728
20261008,4168,醣聯,44000.0,128000.0,80000.0,167000.0,197000.0,82000.0,188000.0,35000.0,101000.0,75000.0,132000.0,37000.0,108000.0,178000.0,54000.0,48000.0,38000.0,92000.0,108000.0,74000.0,105000.0,95000.0,146000.0,78000.0,67000.0,88000.0,34000.0,43000.0,82000.0,90000.0,84000.0,17.4603,0.001051,123200.0,7.1429,0.000606,109700.0,4.0109,0.000328,107066.67,2.7397,0.000224,98300.0,2.238,0.00018,93133.33,1.5748,0.000122
20261008,4171,瑞基,2558000.0,1022000.0,64000.0,164000.0,31000.0,27000.0,57000.0,31000.0,11000.0,27000.0,15000.0,25000.0,25000.0,24000.0,16000.0,33000.0,54000.0,57000.0,32000.0,151000.0,44000.0,68000.0,67000.0,19000.0,45000.0,48000.0,28000.0,13000.0,52000.0,68000.0,1214666.67,70.1976,0.061116,767800.0,66.6319,0.035223,399200.0,64.0782,0.019042,273133.33,62.4359,0.013045,221200.0,57.821,0.010437,162533.33,52.461,0.007104
20261008,4173,久裕,73000.0,39000.0,19000.0,18000.0,14000.0,48000.0,39000.0,50000.0,23000.0,16000.0,29000.0,41000.0,33000.0,16000.0,77000.0,7000.0,58000.0,8000.0,52000.0,27000.0,9000.0,54000.0,49000.0,33000.0,9000.0,36000.0,57000.0,32000.0,22000.0,12000.0,43666.67,55.7252,0.001744,32600.0,44.7853,0.001005,33900.0,21.5339,0.000543,35666.67,13.6449,0.000372,34350.0,10.6259,0.000298,33333.33,7.3,0.000203
20261008,4174,浩鼎,1058000.0,2273000.0,3308000.0,1894000.0,5893000.0,1158000.0,1168000.0,1503000.0,3307000.0,2866000.0,2047000.0,1079000.0,3231000.0,674000.0,239000.0,382000.0,375000.0,205000.0,263000.0,595000.0,587000.0,304000.0,545000.0,487000.0,235000.0,461000.0,449000.0,190000.0,163000.0,276000.0,2213000.0,15.9361,0.025278,2885200.0,7.334,0.014568,2442800.0,4.3311,0.007876,2113200.0,3.3378,0.005395,1675900.0,3.1565,0.004317,1240500.0,2.8429,0.002938
20261008,4175,杏一,8000.0,,7000.0,17000.0,,10000.0,11000.0,13000.0,4000.0,9000.0,10000.0,6000.0,3000.0,5000.0,3000.0,6000.0,5000.0,21000.0,10000.0,7000.0,2000.0,10000.0,15000.0,9000.0,13000.0,16000.0,7000.0,11000.0,10000.0,5000.0,7500.0,53.3333,0.000191,10666.67,25.0,0.00011,9875.0,10.1266,6e-05,8153.85,7.5472,4.1e-05,8611.11,5.1613,3.3e-05,9035.71,3.1621,2.2e-05
20261008,4183,福永生技,,,,1000.0,3000.0,7000.0,3000.0,7000.0,14000.0,16000.0,20000.0,61000.0,8000.0,2000.0,2000.0,1000.0,3000.0,3000.0,,,,,2000.0,,1000.0,1000.0,,2000.0,19000.0,1000.0,,,,2000.0,,,7285.71,,,12000.0,,,10066.67,,,8428.57,,
20261008,4188,安克,47000.0,75000.0,62000.0,64000.0,152000.0,249000.0,137000.0,123000.0,460000.0,612000.0,143000.0,85000.0,97000.0,167000.0,69000.0,100000.0,129000.0,326000.0,774000.0,362000.0,271000.0,320000.0,252000.0,141000.0,263000.0,318000.0,660000.0,2162000.0,328000.0,317000.0,61333.33,25.5435,0.001123,80000.0,11.75,0.000647,198100.0,2.3725,0.00035,169466.67,1.8489,0.00024,211650.0,1.1103,0.000192,308833.33,0.5073,0.000131
20261008,4192,杏國,33000.0,42000.0,52000.0,55000.0,,,4000.0,5000.0,,1000.0,11000.0,6000.0,7000.0,28000.0,5000.0,,11000.0,5000.0,27000.0,5000.0,,11000.0,7000.0,48000.0,1000.0,4000.0,3000.0,16000.0,,28000.0,42333.33,25.9843,0.000788,45500.0,18.1319,0.000454,27428.57,17.1875,0.000246,20750.0,13.253,0.000168,18562.5,11.1111,0.000135,17291.67,7.9518,9.2e-05
20261008,4198,欣大健康,3000.0,1000.0,5000.0,2000.0,1000.0,1000.0,2000.0,21000.0,8000.0,20000.0,27000.0,6000.0,1000.0,9000.0,11000.0,3000.0,4000.0,1000.0,2000.0,18000.0,3000.0,3000.0,9000.0,24000.0,44000.0,3000.0,8000.0,38000.0,4000.0,4000.0,3000.0,33.3333,7.2e-05,2400.0,25.0,4.1e-05,6400.0,4.6875,2.2e-05,7866.67,2.5424,1.5e-05,7300.0,2.0548,1.2e-05,9533.33,1.049,8e-06
20261008,4205,中華食,28000.0,32000.0,38000.0,87000.0,20000.0,2000.0,24000.0,10000.0,13000.0,26000.0,34000.0,12000.0,20000.0,13000.0,9000.0,10000.0,29000.0,27000.0,52000.0,11000.0,13000.0,12000.0,7000.0,5000.0,16000.0,13000.0,14000.0,7000.0,21000.0,10000.0,32666.67,28.5714,0.000669,41000.0,13.6585,0.000386,28000.0,10.0,0.000208,24533.33,7.6087,0.000143,24850.0,5.6338,0.000114,20500.0,4.5528,7.8e-05
20261008,4207,環泰,216000.0,74000.0,278000.0,147000.0,52000.0,98000.0,35000.0,168000.0,109000.0,60000.0,41000.0,35000.0,133000.0,51000.0,57000.0,102000.0,118000.0,183000.0,41000.0,56000.0,228000.0,49000.0,55000.0,21000.0,53000.0,65000.0,41000.0,89000.0,70000.0,66000.0,189333.33,38.0282,0.005161,153400.0,28.1617,0.002974,123700.0,17.4616,0.001608,103600.0,13.8996,0.001102,102700.0,10.5161,0.000881,93033.33,7.7392,0.0006
20261008,4303,信立,1169000.0,407000.0,944000.0,1097000.0,428000.0,829000.0,632000.0,768000.0,1097000.0,402000.0,548000.0,446000.0,772000.0,439000.0,306000.0,414000.0,383000.0,920000.0,1828000.0,968000.0,1102000.0,938000.0,824000.0,1115000.0,1186000.0,1239000.0,1529000.0,6423000.0,2992000.0,3933000.0,840000.0,46.3889,0.02793,809000.0,28.8999,0.016097,777300.0,15.0392,0.008702,685600.0,11.3672,0.005961,739850.0,7.9003,0.00477,1202600.0,3.2402,0.003247
20261008,4304,勝昱,27000.0,37000.0,31000.0,52000.0,29000.0,15000.0,45000.0,38000.0,81000.0,406000.0,166000.0,171000.0,122000.0,72000.0,107000.0,154000.0,6000.0,117000.0,109000.0,86000.0,91000.0,165000.0,28000.0,16000.0,89000.0,187000.0,98000.0,78000.0,51000.0,70000.0,31666.67,28.4211,0.000645,35200.0,15.3409,0.000372,76100.0,3.548,0.000201,93266.67,1.9299,0.000138,93550.0,1.4431,0.00011,91466.67,0.984,7.5e-05
20261008,4305,世坤,11000.0,3000.0,2000.0,,,4000.0,,3000.0,14000.0,,,2000.0,,2000.0,,8000.0,11000.0,,23000.0,2000.0,5000.0,1000.0,1000.0,,,,1000.0,,,3000.0,5333.33,68.75,0.000263,5333.33,68.75,0.000151,6166.67,29.7297,8.2e-05,5125.0,26.8293,5.6e-05,7083.33,12.9412,4.5e-05,5647.06,11.4583,3.1e-05
20261008,4401,東隆興,85000.0,11000.0,60000.0,32000.0,12000.0,22000.0,25000.0,22000.0,93000.0,43000.0,28000.0,25000.0,112000.0,43000.0,50000.0,68000.0,16000.0,132000.0,20000.0,41000.0,18000.0,39000.0,78000.0,33000.0,17000.0,57000.0,31000.0,20000.0,26000.0,80000.0,52000.0,54.4872,0.002031,40000.0,42.5,0.00117,40500.0,20.9877,0.000633,44200.0,12.8205,0.000433,47000.0,9.0426,0.000347,44633.33,6.348,0.000236
20261008,4402,郡都開發,25000.0,2000.0,61000.0,25000.0,15000.0,1000.0,26000.0,12000.0,16000.0,22000.0,27000.0,44000.0,61000.0,1000.0,9000.0,7000.0,3000.0,4000.0,43000.0,52000.0,2000.0,27000.0,14000.0,29000.0,29000.0,6000.0,2000.0,20000.0,7000.0,9000.0,29333.33,28.4091,0.000597,25600.0,19.5312,0.000344,20500.0,12.1951,0.000186,23133.33,7.2046,0.000127,22800.0,5.4825,0.000102,20033.33,4.1597,6.9e-05
20261008,4406,新昕纖,13000.0,686000.0,22000.0,12000.0,23000.0,11000.0,18000.0,36000.0,11000.0,15000.0,51000.0,153000.0,17000.0,31000.0,121000.0,152000.0,9000.0,132000.0,49000.0,17000.0,75000.0,1000.0,,4000.0,66000.0,46000.0,18000.0,10000.0,30000.0,37000.0,240333.33,1.8031,0.000311,151200.0,1.7196,0.000179,84700.0,1.5348,9.7e-05,81333.33,1.0656,6.6e-05,78950.0,0.8233,5.3e-05,64344.83,0.6967,3.6e-05
20261008,4413,飛寶企業,37000.0,28000.0,,8000.0,27000.0,6000.0,91000.0,65000.0,48000.0,99000.0,158000.0,32000.0,,17000.0,1000.0,4000.0,,80000.0,7000.0,58000.0,2000.0,4000.0,15000.0,28000.0,48000.0,69000.0,44000.0,67000.0,189000.0,51000.0,32500.0,56.9231,0.000884,25000.0,37.0,0.000509,45444.44,9.0465,0.000275,47461.54,5.9968,0.000189,45058.82,4.8303,0.000151,47518.52,2.8839,0.000103
20261008,4416,三圓,1401000.0,313000.0,380000.0,479000.0,729000.0,869000.0,894000.0,939000.0,1316000.0,2095000.0,5216000.0,2293000.0,4528000.0,1517000.0,1133000.0,2123000.0,1596000.0,771000.0,988000.0,493000.0,625000.0,666000.0,506000.0,604000.0,575000.0,1131000.0,2411000.0,1075000.0,1739000.0,2847000.0,698000.0,66.9054,0.033473,660400.0,42.4288,0.019291,941500.0,14.8805,0.010429,1606800.0,5.8128,0.007144,1503650.0,4.6587,0.005716,1408400.0,3.3158,0.003891
20261008,4417,金洲,29000.0,147000.0,43000.0,81000.0,37000.0,33000.0,51000.0,43000.0,24000.0,52000.0,52000.0,31000.0,147000.0,37000.0,61000.0,72000.0,102000.0,792000.0,47000.0,103000.0,14000.0,53000.0,37000.0,47000.0,39000.0,64000.0,36000.0,24000.0,18000.0,20000.0,73000.0,13.242,0.000693,67400.0,8.6053,0.000399,54000.0,5.3704,0.000216,57866.67,3.341,0.000148,99200.0,1.4617,0.000118,77866.67,1.2414,8.1e-05
20261008,4419,皇家美食,3000.0,1000.0,1000.0,1000.0,1000.0,,477000.0,77000.0,11000.0,38000.0,26000.0,3000.0,33000.0,4000.0,1000.0,15000.0,12000.0,,,47000.0,14000.0,3000.0,1000.0,9000.0,7000.0,3000.0,41000.0,10000.0,24000.0,3000.0,1666.67,60.0,7.2e-05,1400.0,42.8571,4.1e-05,67777.78,0.4918,2.2e-05,48357.14,0.4431,1.5e-05,44176.47,0.3995,1.2e-05,32074.07,0.3464,8e-06
20261008,4420,光明,50000.0,16000.0,42000.0,46000.0,28000.0,18000.0,34000.0,8000.0,27000.0,18000.0,63000.0,58000.0,35000.0,128000.0,186000.0,54000.0,65000.0,25000.0,48000.0,41000.0,53000.0,44000.0,25000.0,40000.0,55000.0,81000.0,9000.0,13000.0,7000.0,12000.0,36000.0,46.2963,0.001195,36400.0,27.4725,0.000688,28700.0,17.4216,0.000372,50466.67,6.605,0.000255,49500.0,5.0505,0.000204,44300.0,3.7622,0.000139
20261008,4430,耀億,470000.0,31000.0,41000.0,37000.0,29000.0,28000.0,27000.0,31000.0,17000.0,38000.0,9000.0,10000.0,14000.0,14000.0,13000.0,16000.0,6000.0,56000.0,17000.0,13000.0,15000.0,19000.0,37000.0,19000.0,38000.0,21000.0,1000.0,31000.0,47000.0,42000.0,180666.67,86.7159,0.011229,121600.0,77.3026,0.006472,74900.0,62.7503,0.003499,53933.33,58.0964,0.002397,45850.0,51.2541,0.001918,39566.67,39.5956,0.001305
20261008,4432,銘旺實,18000.0,55000.0,33000.0,14000.0,21000.0,5000.0,30000.0,31000.0,20000.0,54000.0,30000.0,47000.0,7000.0,17000.0,22000.0,20000.0,10000.0,26000.0,27000.0,23000.0,21000.0,18000.0,12000.0,5000.0,27000.0,11000.0,11000.0,17000.0,37000.0,10000.0,35333.33,16.9811,0.00043,28200.0,12.766,0.000248,28100.0,6.4057,0.000134,26933.33,4.4554,9.2e-05,25500.0,3.5294,7.3e-05,22633.33,2.651,5e-05
20261008,4433,興采,13000.0,7000.0,67000.0,73000.0,21000.0,32000.0,131000.0,15000.0,24000.0,57000.0,169000.0,62000.0,63000.0,106000.0,31000.0,117000.0,83000.0,50000.0,36000.0,72000.0,21000.0,71000.0,11000.0,14000.0,27000.0,35000.0,30000.0,10000.0,19000.0,77000.0,29000.0,14.9425,0.000311,36200.0,7.1823,0.000179,44000.0,2.9545,9.7e-05,58066.67,1.4925,6.6e-05,61450.0,1.0578,5.3e-05,51466.67,0.842,3.6e-05
20261008,4442,竣邦-KY,6000.0,22000.0,13000.0,12000.0,8000.0,19000.0,26000.0,13000.0,10000.0,13000.0,37000.0,20000.0,28000.0,67000.0,52000.0,89000.0,72000.0,811000.0,301000.0,68000.0,32000.0,126000.0,18000.0,18000.0,6000.0,24000.0,23000.0,40000.0,75000.0,23000.0,13666.67,14.6341,0.000143,12200.0,9.8361,8.3e-05,14200.0,4.2254,4.5e-05,23066.67,1.7341,3.1e-05,84350.0,0.3557,2.4e-05,69066.67,0.2896,1.7e-05
20261008,4502,健信,3000.0,9000.0,22000.0,44000.0,4000.0,11000.0,47000.0,5000.0,9000.0,9000.0,5000.0,,14000.0,20000.0,28000.0,20000.0,87000.0,101000.0,9000.0,27000.0,10000.0,17000.0,13000.0,24000.0,29000.0,28000.0,19000.0,29000.0,45000.0,15000.0,11333.33,8.8235,7.2e-05,16400.0,3.6585,4.1e-05,16300.0,1.8405,2.2e-05,16428.57,1.3043,1.5e-05,24947.37,0.6329,1.2e-05,24241.38,0.4267,8e-06
20261008,4503,金雨,147000.0,133000.0,108000.0,176000.0,58000.0,81000.0,174000.0,114000.0,147000.0,278000.0,113000.0,68000.0,189000.0,46000.0,57000.0,95000.0,84000.0,120000.0,106000.0,251000.0,162000.0,90000.0,200000.0,323000.0,123000.0,126000.0,180000.0,515000.0,344000.0,132000.0,129333.33,37.8866,0.003512,124400.0,23.6334,0.002024,141600.0,10.3814,0.001094,125933.33,7.7819,0.00075,127250.0,5.776,0.0006,158000.0,3.1013,0.000408
20261008,4506,崇友,39000.0,86000.0,61000.0,89000.0,71000.0,27000.0,22000.0,40000.0,68000.0,35000.0,62000.0,17000.0,48000.0,94000.0,54000.0,43000.0,79000.0,62000.0,28000.0,38000.0,32000.0,108000.0,54000.0,45000.0,55000.0,52000.0,21000.0,85000.0,25000.0,48000.0,62000.0,20.9677,0.000932,69200.0,11.2717,0.000537,53800.0,7.2491,0.00029,54200.0,4.797,0.000199,53150.0,3.6689,0.000159,52933.33,2.4559,0.000108
20261008,4510,高鋒,275000.0,360000.0,466000.0,738000.0,612000.0,407000.0,569000.0,294000.0,382000.0,271000.0,442000.0,609000.0,604000.0,1067000.0,220000.0,434000.0,674000.0,892000.0,626000.0,571000.0,1499000.0,2145000.0,6468000.0,9457000.0,1775000.0,732000.0,1069000.0,1558000.0,3689000.0,1947000.0,367000.0,24.9773,0.00657,490200.0,11.2199,0.003787,437400.0,6.2872,0.002047,487733.33,3.7589,0.001402,525650.0,2.6158,0.001122,1361733.33,0.6732,0.000764
20261008,4513,福裕,188000.0,181000.0,184000.0,137000.0,110000.0,200000.0,137000.0,183000.0,105000.0,174000.0,454000.0,361000.0,436000.0,126000.0,68000.0,119000.0,199000.0,124000.0,126000.0,123000.0,199000.0,314000.0,172000.0,223000.0,159000.0,225000.0,243000.0,379000.0,193000.0,220000.0,184333.33,33.9964,0.004492,160000.0,23.5,0.002589,159900.0,11.7573,0.001399,202933.33,6.1761,0.000959,186750.0,5.0335,0.000767,202066.67,3.1013,0.000522
20261008,4523,永彰,38000.0,53000.0,49000.0,24000.0,56000.0,40000.0,46000.0,32000.0,14000.0,43000.0,73000.0,83000.0,127000.0,80000.0,65000.0,37000.0,46000.0,99000.0,111000.0,24000.0,28000.0,32000.0,82000.0,44000.0,13000.0,48000.0,52000.0,40000.0,52000.0,93000.0,46666.67,27.1429,0.000908,44000.0,17.2727,0.000523,39500.0,9.6203,0.000283,54866.67,4.6173,0.000194,57000.0,3.3333,0.000155,54133.33,2.3399,0.000106
20261008,4527,方土霖,21000.0,20000.0,,,,,,16000.0,7000.0,12000.0,20000.0,8000.0,13000.0,20000.0,11000.0,20000.0,25000.0,29000.0,26000.0,35000.0,9000.0,2000.0,19000.0,35000.0,35000.0,70000.0,7000.0,6000.0,21000.0,33000.0,20500.0,51.2195,0.000502,20500.0,51.2195,0.000289,15200.0,27.6316,0.000156,14800.0,14.1892,0.000107,18866.67,7.4205,8.6e-05,20800.0,4.0385,5.8e-05
20261008,4528,江興鍛,21000.0,13000.0,29000.0,19000.0,16000.0,21000.0,4000.0,15000.0,12000.0,3000.0,17000.0,12000.0,42000.0,77000.0,25000.0,19000.0,21000.0,7000.0,8000.0,12000.0,7000.0,17000.0,8000.0,16000.0,9000.0,7000.0,6000.0,15000.0,14000.0,19000.0,21000.0,33.3333,0.000502,19600.0,21.4286,0.000289,15300.0,13.7255,0.000156,21733.33,6.4417,0.000107,19650.0,5.3435,8.6e-05,17033.33,4.1096,5.8e-05
20261008,4529,淳紳,5000.0,4000.0,29000.0,21000.0,4000.0,3000.0,17000.0,5000.0,8000.0,48000.0,61000.0,16000.0,20000.0,20000.0,15000.0,25000.0,26000.0,13000.0,2000.0,35000.0,25000.0,15000.0,52000.0,66000.0,40000.0,60000.0,200000.0,64000.0,61000.0,19000.0,12666.67,13.1579,0.000119,12600.0,7.9365,6.9e-05,14400.0,3.4722,3.7e-05,18400.0,1.8116,2.5e-05,18850.0,1.3263,2e-05,32633.33,0.5107,1.4e-05
20261008,4530,天意能創,6000.0,7000.0,10000.0,10000.0,14000.0,3000.0,10000.0,9000.0,1000.0,1000.0,,38000.0,101000.0,96000.0,2000.0,1000.0,1000.0,13000.0,128000.0,14000.0,99000.0,12000.0,7000.0,18000.0,1000.0,9000.0,1000.0,48000.0,95000.0,52000.0,7666.67,26.087,0.000143,9400.0,12.766,8.3e-05,7100.0,8.4507,4.5e-05,22000.0,1.9481,3.1e-05,24473.68,1.2903,2.4e-05,27827.59,0.7435,1.7e-05
20261008,4533,協易機,312000.0,299000.0,488000.0,670000.0,962000.0,337000.0,536000.0,438000.0,590000.0,1094000.0,724000.0,447000.0,525000.0,358000.0,238000.0,408000.0,307000.0,420000.0,415000.0,443000.0,425000.0,443000.0,370000.0,787000.0,537000.0,971000.0,425000.0,667000.0,467000.0,464000.0,366333.33,28.3894,0.007454,546200.0,11.4244,0.004296,572600.0,5.4488,0.002323,534533.33,3.8912,0.001591,500550.0,3.1166,0.001273,518900.0,2.0042,0.000866
20261008,4534,慶騰,634000.0,493000.0,555000.0,704000.0,877000.0,459000.0,632000.0,788000.0,480000.0,829000.0,1978000.0,2557000.0,687000.0,338000.0,247000.0,253000.0,232000.0,870000.0,599000.0,338000.0,567000.0,1123000.0,593000.0,697000.0,418000.0,393000.0,476000.0,393000.0,693000.0,680000.0,560666.67,37.6932,0.015148,652600.0,19.43,0.00873,645100.0,9.8279,0.004719,817200.0,5.1721,0.003233,727500.0,4.3574,0.002587,686100.0,3.0802,0.001761
20261008,4535,至興,3000.0,1000.0,3000.0,10000.0,43000.0,9000.0,23000.0,14000.0,12000.0,107000.0,10000.0,28000.0,1000.0,5000.0,1000.0,20000.0,14000.0,23000.0,8000.0,5000.0,2000.0,8000.0,8000.0,6000.0,,17000.0,18000.0,6000.0,4000.0,6000.0,2333.33,42.8571,7.2e-05,12000.0,5.0,4.1e-05,22500.0,1.3333,2.2e-05,18000.0,1.1111,1.5e-05,17000.0,0.8824,1.2e-05,14310.34,0.7229,8e-06
20261008,4538,大詠城,16000.0,15000.0,18000.0,12000.0,10000.0,11000.0,10000.0,10000.0,13000.0,10000.0,12000.0,14000.0,24000.0,13000.0,21000.0,15000.0,13000.0,9000.0,113000.0,11000.0,10000.0,14000.0,11000.0,13000.0,15000.0,16000.0,10000.0,14000.0,15000.0,12000.0,16333.33,32.6531,0.000382,14200.0,22.5352,0.00022,12500.0,12.8,0.000119,13933.33,7.6555,8.2e-05,18500.0,4.3243,6.5e-05,16666.67,3.2,4.4e-05
20261008,4541,晟田,570000.0,469000.0,446000.0,694000.0,839000.0,1330000.0,2165000.0,513000.0,356000.0,952000.0,855000.0,1178000.0,1840000.0,557000.0,546000.0,552000.0,619000.0,1422000.0,1274000.0,1309000.0,828000.0,842000.0,1798000.0,1350000.0,1391000.0,1087000.0,1953000.0,3876000.0,5470000.0,2130000.0,495000.0,38.3838,0.013619,603600.0,18.8867,0.007849,833400.0,6.8395,0.004243,887333.33,4.2825,0.002907,924300.0,3.0834,0.002326,1307033.33,1.4537,0.001583
20261008,4542,科嶠,914000.0,683000.0,1278000.0,773000.0,334000.0,400000.0,449000.0,519000.0,2544000.0,2838000.0,3020000.0,1046000.0,1025000.0,745000.0,148000.0,305000.0,234000.0,357000.0,281000.0,317000.0,419000.0,465000.0,469000.0,799000.0,1293000.0,2032000.0,1663000.0,728000.0,481000.0,979000.0,958333.33,31.7913,0.021837,796400.0,22.9533,0.012585,1073200.0,8.5166,0.006804,1114400.0,5.4678,0.004661,910500.0,5.0192,0.003729,917933.33,3.3191,0.002538
20261008,4543,萬在,452000.0,441000.0,71000.0,98000.0,65000.0,165000.0,91000.0,165000.0,31000.0,30000.0,75000.0,81000.0,59000.0,63000.0,65000.0,64000.0,50000.0,66000.0,86000.0,74000.0,147000.0,100000.0,101000.0,55000.0,42000.0,79000.0,70000.0,130000.0,81000.0,100000.0,321333.33,46.888,0.010799,225400.0,40.1065,0.006224,160900.0,28.092,0.003365,130133.33,23.1557,0.002305,114600.0,19.7208,0.001844,106566.67,14.1383,0.001255
20261008,4549,桓達,18000.0,30000.0,49000.0,61000.0,30000.0,53000.0,67000.0,28000.0,45000.0,36000.0,23000.0,30000.0,23000.0,21000.0,61000.0,44000.0,40000.0,24000.0,87000.0,97000.0,59000.0,79000.0,50000.0,31000.0,20000.0,159000.0,106000.0,182000.0,63000.0,36000.0,32333.33,18.5567,0.00043,37600.0,9.5745,0.000248,41700.0,4.3165,0.000134,38333.33,3.1304,9.2e-05,43350.0,2.0761,7.3e-05,55066.67,1.0896,5e-05
20261008,4550,長佳,10000.0,6000.0,18000.0,2000.0,7000.0,4000.0,50000.0,5000.0,2000.0,11000.0,21000.0,14000.0,4000.0,16000.0,1000.0,6000.0,17000.0,16000.0,17000.0,3000.0,12000.0,21000.0,,66000.0,19000.0,8000.0,19000.0,66000.0,10000.0,18000.0,11333.33,29.4118,0.000239,8600.0,23.2558,0.000138,11500.0,8.6957,7.4e-05,11400.0,5.848,5.1e-05,11500.0,4.3478,4.1e-05,16172.41,2.1322,2.8e-05
20261008,4554,橙的,8000.0,11000.0,11000.0,61000.0,16000.0,17000.0,46000.0,21000.0,6000.0,32000.0,15000.0,10000.0,6000.0,6000.0,6000.0,10000.0,8000.0,37000.0,17000.0,21000.0,23000.0,14000.0,20000.0,21000.0,21000.0,33000.0,43000.0,72000.0,65000.0,69000.0,10000.0,26.6667,0.000191,21400.0,7.4766,0.00011,22900.0,3.4934,6e-05,18133.33,2.9412,4.1e-05,18250.0,2.1918,3.3e-05,24866.67,1.0724,2.2e-05
20261008,4556,旭然,832000.0,952000.0,3768000.0,2998000.0,5276000.0,2981000.0,1040000.0,565000.0,1497000.0,1391000.0,914000.0,1348000.0,588000.0,629000.0,994000.0,1476000.0,2388000.0,2985000.0,1067000.0,967000.0,565000.0,375000.0,215000.0,212000.0,129000.0,200000.0,182000.0,237000.0,246000.0,326000.0,1850666.67,14.9856,0.019878,2765200.0,6.0176,0.011456,2130000.0,3.9061,0.006193,1718200.0,3.2282,0.004243,1732800.0,2.4007,0.003395,1244766.67,2.228,0.002311
20261008,4558,寶緯,9000.0,17000.0,28000.0,12000.0,27000.0,56000.0,25000.0,28000.0,23000.0,3000.0,33000.0,41000.0,4000.0,43000.0,16000.0,6000.0,18000.0,8000.0,34000.0,48000.0,37000.0,24000.0,5000.0,25000.0,11000.0,42000.0,135000.0,439000.0,24000.0,51000.0,18000.0,16.6667,0.000215,18600.0,9.6774,0.000124,22800.0,3.9474,6.7e-05,24333.33,2.4658,4.6e-05,23950.0,1.8789,3.7e-05,42400.0,0.7075,2.5e-05
20261008,4561,健椿,250000.0,163000.0,196000.0,183000.0,145000.0,70000.0,266000.0,66000.0,72000.0,111000.0,182000.0,63000.0,81000.0,70000.0,52000.0,53000.0,97000.0,139000.0,112000.0,114000.0,143000.0,182000.0,197000.0,199000.0,171000.0,160000.0,135000.0,218000.0,235000.0,175000.0,203000.0,41.0509,0.005973,187400.0,26.6809,0.003442,152200.0,16.4258,0.001861,131333.33,12.6904,0.001275,124250.0,10.0604,0.00102,143333.33,5.814,0.000694
20261008,4563,百德,188000.0,182000.0,299000.0,193000.0,350000.0,509000.0,337000.0,231000.0,282000.0,304000.0,954000.0,133000.0,181000.0,262000.0,134000.0,41000.0,132000.0,133000.0,72000.0,83000.0,113000.0,173000.0,196000.0,254000.0,968000.0,238000.0,41000.0,58000.0,59000.0,163000.0,223000.0,28.1016,0.004492,242400.0,15.5116,0.002589,287500.0,6.5391,0.001399,302600.0,4.1419,0.000959,250000.0,3.76,0.000767,242100.0,2.5885,0.000522
20261008,4568,科際精密,8000.0,8000.0,4000.0,14000.0,3000.0,14000.0,17000.0,4000.0,3000.0,1000.0,9000.0,9000.0,1000.0,8000.0,1000.0,2000.0,4000.0,,5000.0,,7000.0,4000.0,3000.0,5000.0,4000.0,8000.0,,2000.0,7000.0,,6666.67,40.0,0.000191,7400.0,21.6216,0.00011,7600.0,10.5263,6e-05,6933.33,7.6923,4.1e-05,6388.89,6.9565,3.3e-05,5961.54,5.1613,2.2e-05
20261008,4577,達航科技,489000.0,260000.0,334000.0,417000.0,547000.0,1175000.0,1075000.0,167000.0,124000.0,135000.0,207000.0,297000.0,258000.0,344000.0,186000.0,311000.0,252000.0,399000.0,337000.0,709000.0,1838000.0,526000.0,2132000.0,705000.0,912000.0,593000.0,3040000.0,1115000.0,287000.0,622000.0,361000.0,45.1524,0.011683,409400.0,23.8886,0.006733,472300.0,10.3536,0.00364,401000.0,8.1297,0.002494,401150.0,6.095,0.001995,659766.67,2.4706,0.001358
20261008,4580,捷流閥業,28000.0,30000.0,32000.0,58000.0,43000.0,158000.0,95000.0,32000.0,125000.0,39000.0,40000.0,29000.0,33000.0,42000.0,69000.0,42000.0,52000.0,61000.0,81000.0,53000.0,92000.0,92000.0,80000.0,113000.0,865000.0,585000.0,66000.0,39000.0,41000.0,42000.0,30000.0,31.1111,0.000669,38200.0,14.6597,0.000386,64000.0,4.375,0.000208,56866.67,3.2825,0.000143,57100.0,2.4518,0.000114,105233.33,0.8869,7.8e-05
20261008,4584,君帆,4000.0,3000.0,7000.0,,6000.0,6000.0,11000.0,,5000.0,,,3000.0,,2000.0,2000.0,10000.0,3000.0,4000.0,8000.0,5000.0,8000.0,2000.0,1000.0,6000.0,,6000.0,,1000.0,3000.0,,4666.67,28.5714,9.6e-05,5000.0,20.0,5.5e-05,6000.0,9.5238,3e-05,4900.0,8.1633,2e-05,5266.67,5.0633,1.6e-05,4818.18,3.7736,1.1e-05
20261008,4609,唐鋒,1000.0,2000.0,1000.0,7000.0,2000.0,2000.0,6000.0,,,11000.0,1000.0,5000.0,7000.0,10000.0,5000.0,1000.0,1000.0,2000.0,15000.0,23000.0,44000.0,6000.0,3000.0,2000.0,37000.0,7000.0,6000.0,10000.0,22000.0,155000.0,1333.33,25.0,2.4e-05,2600.0,7.6923,1.4e-05,4000.0,3.125,7e-06,4615.38,1.6667,5e-06,5666.67,0.9804,4e-06,14071.43,0.2538,3e-06
20261008,4702,中美實,46000.0,56000.0,43000.0,55000.0,52000.0,68000.0,63000.0,12000.0,52000.0,62000.0,47000.0,70000.0,59000.0,38000.0,27000.0,13000.0,34000.0,115000.0,32000.0,55000.0,135000.0,70000.0,224000.0,190000.0,23000.0,87000.0,32000.0,33000.0,46000.0,50000.0,48333.33,31.7241,0.001099,50400.0,18.254,0.000633,50900.0,9.0373,0.000342,50000.0,6.1333,0.000235,49950.0,4.6046,0.000188,62966.67,2.4352,0.000128
20261008,4706,大恭,498000.0,510000.0,185000.0,22000.0,9000.0,21000.0,2000.0,1000.0,4000.0,3000.0,5000.0,11000.0,5000.0,9000.0,28000.0,20000.0,35000.0,19000.0,15000.0,80000.0,306000.0,116000.0,308000.0,1000.0,1000.0,1000.0,22000.0,2000.0,1000.0,1000.0,397666.67,41.7435,0.011898,244800.0,40.6863,0.006857,125500.0,39.6813,0.003707,87533.33,37.9284,0.00254,74100.0,33.6032,0.002032,74700.0,22.2222,0.001383
20261008,4707,磐亞,5006000.0,11954000.0,12464000.0,3926000.0,3027000.0,1829000.0,1476000.0,1435000.0,3453000.0,1934000.0,2359000.0,3899000.0,1483000.0,1568000.0,1596000.0,993000.0,1552000.0,2050000.0,2621000.0,5861000.0,1800000.0,4113000.0,2901000.0,2296000.0,2035000.0,3647000.0,3593000.0,2398000.0,4382000.0,4688000.0,9808000.0,17.0133,0.119604,7275400.0,13.7614,0.068931,4650400.0,10.7647,0.037264,3827266.67,8.7199,0.025528,3524300.0,7.1021,0.020425,3411300.0,4.8916,0.013903
20261008,4711,永純,1243000.0,1526000.0,1773000.0,261000.0,85000.0,113000.0,18000.0,47000.0,21000.0,21000.0,31000.0,7000.0,26000.0,10000.0,44000.0,11000.0,44000.0,37000.0,20000.0,25000.0,86000.0,66000.0,92000.0,60000.0,50000.0,33000.0,28000.0,24000.0,36000.0,19000.0,1514000.0,27.3668,0.029698,977600.0,25.4296,0.017116,510800.0,24.3344,0.009253,348400.0,23.7849,0.006339,268150.0,23.1773,0.005072,195233.33,21.2225,0.003452
20261008,4714,永捷,3807000.0,825000.0,604000.0,2000000.0,1969000.0,711000.0,622000.0,748000.0,745000.0,1981000.0,5293000.0,4803000.0,4008000.0,2250000.0,1400000.0,1992000.0,2079000.0,3108000.0,2151000.0,1660000.0,649000.0,252000.0,457000.0,514000.0,272000.0,1062000.0,1360000.0,3531000.0,6602000.0,2386000.0,1745333.33,72.7082,0.090957,1841000.0,41.358,0.052421,1401200.0,27.1696,0.028339,2117733.33,11.9845,0.019414,2137800.0,8.904,0.015533,1994700.0,6.3619,0.010573
20261008,4716,大立,6916000.0,11058000.0,1857000.0,5565000.0,3784000.0,876000.0,677000.0,435000.0,526000.0,766000.0,415000.0,498000.0,464000.0,321000.0,192000.0,276000.0,509000.0,659000.0,272000.0,313000.0,463000.0,826000.0,1066000.0,1114000.0,928000.0,4958000.0,8280000.0,5116000.0,952000.0,334000.0,6610333.33,34.8747,0.165238,5836000.0,23.7012,0.095231,3246000.0,21.3062,0.051482,2290000.0,20.1339,0.035268,1818950.0,19.011,0.028218,2013866.67,11.4473,0.019207
20261008,4721,美琪瑪,415000.0,737000.0,599000.0,552000.0,375000.0,599000.0,1257000.0,897000.0,661000.0,263000.0,255000.0,464000.0,292000.0,185000.0,257000.0,219000.0,133000.0,274000.0,433000.0,286000.0,219000.0,296000.0,450000.0,410000.0,251000.0,314000.0,271000.0,334000.0,492000.0,623000.0,583666.67,23.7007,0.009915,535600.0,15.4966,0.005714,635500.0,6.5303,0.003089,520533.33,5.3151,0.002116,457650.0,4.534,0.001693,427100.0,3.2389,0.001153
20261008,4726,永昕,145000.0,62000.0,122000.0,109000.0,144000.0,170000.0,61000.0,87000.0,123000.0,109000.0,171000.0,54000.0,148000.0,94000.0,90000.0,82000.0,183000.0,242000.0,217000.0,124000.0,199000.0,138000.0,80000.0,73000.0,25000.0,108000.0,80000.0,109000.0,128000.0,79000.0,109666.67,44.0729,0.003464,116400.0,24.9141,0.001997,113200.0,12.8092,0.001079,112600.0,8.585,0.000739,126850.0,5.7154,0.000592,118533.33,4.0776,0.000403
20261008,4728,雙美,5000.0,4000.0,12000.0,20000.0,3000.0,14000.0,1000.0,5000.0,43000.0,1000.0,2000.0,60000.0,24000.0,15000.0,11000.0,6000.0,1000.0,,4000.0,,5000.0,4000.0,3000.0,,,2000.0,3000.0,,1000.0,1000.0,7000.0,23.8095,0.000119,8800.0,11.3636,6.9e-05,10800.0,4.6296,3.7e-05,14666.67,2.2727,2.5e-05,12833.33,2.1645,2e-05,10000.0,2.0,1.4e-05
20261008,4729,熒茂,70000.0,80000.0,144000.0,470000.0,371000.0,899000.0,1063000.0,71000.0,34000.0,63000.0,64000.0,98000.0,73000.0,70000.0,15000.0,31000.0,51000.0,38000.0,63000.0,103000.0,66000.0,57000.0,36000.0,58000.0,43000.0,51000.0,72000.0,179000.0,90000.0,68000.0,98000.0,23.8095,0.001672,227000.0,6.1674,0.000964,326500.0,2.144,0.000521,239000.0,1.9526,0.000357,193550.0,1.8083,0.000286,153033.33,1.5247,0.000194
20261008,4735,豪展,91000.0,117000.0,301000.0,42000.0,16000.0,29000.0,13000.0,63000.0,17000.0,21000.0,31000.0,21000.0,37000.0,42000.0,8000.0,14000.0,21000.0,29000.0,42000.0,45000.0,25000.0,56000.0,67000.0,45000.0,35000.0,69000.0,120000.0,91000.0,66000.0,31000.0,169666.67,17.8782,0.002174,113400.0,16.0494,0.001253,71000.0,12.8169,0.000677,56600.0,10.7185,0.000464,50000.0,9.1,0.000371,53500.0,5.6698,0.000253
20261008,4741,泓瀚,30000.0,61000.0,103000.0,143000.0,178000.0,39000.0,171000.0,183000.0,37000.0,42000.0,66000.0,35000.0,44000.0,43000.0,64000.0,65000.0,93000.0,111000.0,208000.0,50000.0,54000.0,177000.0,71000.0,137000.0,74000.0,125000.0,118000.0,140000.0,64000.0,94000.0,64666.67,15.4639,0.000717,103000.0,5.8252,0.000413,98700.0,3.0395,0.000223,82600.0,2.4213,0.000153,88300.0,1.6988,0.000122,94000.0,1.0638,8.3e-05
20261008,4743,合一,1388000.0,1778000.0,2837000.0,3164000.0,1024000.0,1277000.0,1975000.0,1042000.0,612000.0,1039000.0,692000.0,753000.0,1340000.0,738000.0,532000.0,720000.0,817000.0,1609000.0,603000.0,1306000.0,1620000.0,934000.0,1064000.0,1800000.0,543000.0,484000.0,1227000.0,713000.0,1266000.0,1102000.0,2001000.0,23.1218,0.033162,2038200.0,13.6199,0.019112,1613600.0,8.6019,0.010332,1346066.67,6.8743,0.007078,1262300.0,5.4979,0.005663,1199966.67,3.8557,0.003855
20261008,4744,皇將,9000.0,43000.0,70000.0,15000.0,49000.0,55000.0,101000.0,66000.0,50000.0,37000.0,25000.0,70000.0,86000.0,324000.0,312000.0,65000.0,49000.0,18000.0,34000.0,42000.0,69000.0,38000.0,100000.0,42000.0,48000.0,24000.0,32000.0,93000.0,85000.0,57000.0,40666.67,7.377,0.000215,37200.0,4.8387,0.000124,49500.0,1.8182,6.7e-05,87466.67,0.686,4.6e-05,76000.0,0.5921,3.7e-05,70266.67,0.4269,2.5e-05
20261008,4745,合富-KY,6000.0,9000.0,12000.0,28000.0,9000.0,4000.0,28000.0,98000.0,6000.0,29000.0,29000.0,19000.0,14000.0,3000.0,13000.0,17000.0,8000.0,21000.0,18000.0,4000.0,36000.0,36000.0,5000.0,3000.0,7000.0,19000.0,7000.0,18000.0,16000.0,26000.0,9000.0,22.2222,0.000143,12800.0,9.375,8.3e-05,22900.0,2.6201,4.5e-05,20466.67,1.9544,3.1e-05,18750.0,1.6,2.4e-05,18266.67,1.0949,1.7e-05
20261008,4747,強生*,16000.0,20000.0,50000.0,17000.0,63000.0,33000.0,86000.0,33000.0,36000.0,40000.0,42000.0,63000.0,18000.0,23000.0,80000.0,20000.0,32000.0,108000.0,46000.0,58000.0,54000.0,49000.0,61000.0,78000.0,275000.0,96000.0,134000.0,,,,28666.67,18.6047,0.000382,33200.0,9.6386,0.00022,39400.0,4.0609,0.000119,41333.33,2.5806,8.2e-05,44200.0,1.81,6.5e-05,60407.41,0.981,4.4e-05
20261008,4749,新應材,991000.0,483000.0,585000.0,1411000.0,1676000.0,641000.0,818000.0,995000.0,398000.0,586000.0,510000.0,460000.0,741000.0,351000.0,263000.0,207000.0,376000.0,868000.0,340000.0,656000.0,703000.0,1072000.0,1261000.0,531000.0,689000.0,582000.0,756000.0,693000.0,673000.0,323000.0,686333.33,48.1302,0.023677,1029200.0,19.2577,0.013646,858400.0,11.5447,0.007377,727266.67,9.0842,0.005054,667800.0,7.4199,0.004043,687966.67,4.8016,0.002752
20261008,4754,國碳科,17000.0,26000.0,5000.0,21000.0,27000.0,8000.0,44000.0,23000.0,12000.0,54000.0,29000.0,4000.0,17000.0,10000.0,7000.0,27000.0,8000.0,36000.0,12000.0,99000.0,27000.0,4000.0,12000.0,39000.0,16000.0,45000.0,64000.0,69000.0,23000.0,15000.0,16000.0,35.4167,0.000406,19200.0,17.7083,0.000234,23700.0,7.173,0.000127,20266.67,5.5921,8.7e-05,24300.0,3.4979,6.9e-05,26666.67,2.125,4.7e-05
20261008,4760,勤凱,1223000.0,2041000.0,3369000.0,424000.0,792000.0,848000.0,111000.0,231000.0,289000.0,175000.0,496000.0,232000.0,235000.0,224000.0,147000.0,353000.0,306000.0,245000.0,231000.0,496000.0,832000.0,556000.0,427000.0,468000.0,421000.0,445000.0,401000.0,522000.0,345000.0,208000.0,2211000.0,18.4381,0.02922,1569800.0,15.5816,0.01684,950300.0,12.8696,0.009104,722466.67,11.2854,0.006237,623400.0,9.8091,0.00499,569766.67,7.155,0.003397
20261008,4767,誠泰科技,5000.0,17000.0,16000.0,3000.0,44000.0,6000.0,6000.0,69000.0,7000.0,19000.0,3000.0,20000.0,3000.0,1000.0,8000.0,6000.0,16000.0,40000.0,4000.0,19000.0,23000.0,10000.0,30000.0,7000.0,24000.0,9000.0,18000.0,43000.0,6000.0,44000.0,12666.67,13.1579,0.000119,17000.0,5.8824,6.9e-05,19200.0,2.6042,3.7e-05,15133.33,2.2026,2.5e-05,15600.0,1.6026,2e-05,17533.33,0.9506,1.4e-05
20261008,4768,晶呈科技,392000.0,807000.0,931000.0,894000.0,1040000.0,1990000.0,2834000.0,1589000.0,603000.0,1010000.0,349000.0,525000.0,375000.0,361000.0,534000.0,225000.0,312000.0,241000.0,243000.0,207000.0,201000.0,233000.0,438000.0,225000.0,314000.0,239000.0,176000.0,460000.0,428000.0,304000.0,710000.0,18.4038,0.009366,812800.0,9.6457,0.005398,1209000.0,3.2423,0.002918,948933.33,2.754,0.001999,773100.0,2.5352,0.001599,616000.0,2.1212,0.001089
20261008,4772,台特化,614000.0,823000.0,785000.0,2620000.0,5669000.0,918000.0,2219000.0,2677000.0,356000.0,232000.0,255000.0,340000.0,545000.0,235000.0,162000.0,235000.0,449000.0,474000.0,433000.0,533000.0,288000.0,475000.0,495000.0,814000.0,648000.0,421000.0,630000.0,858000.0,909000.0,347000.0,740666.67,27.6328,0.01467,2102200.0,5.8415,0.008455,1691300.0,3.6303,0.004571,1230000.0,3.3279,0.003131,1028700.0,2.9843,0.002505,881966.67,2.3206,0.001705
20261008,4806,桂田文創,18000.0,16000.0,213000.0,82000.0,87000.0,,,,,,43000.0,26000.0,4000.0,7000.0,1000.0,,33000.0,18000.0,2000.0,5000.0,15000.0,10000.0,20000.0,21000.0,2000.0,15000.0,1000.0,6000.0,3000.0,1000.0,82333.33,7.2874,0.00043,83200.0,4.3269,0.000248,83200.0,4.3269,0.000134,49700.0,3.6217,9.2e-05,39642.86,3.2432,7.3e-05,27041.67,2.7735,5e-05
20261008,4903,聯光通,19220000.0,4507000.0,2272000.0,4400000.0,10462000.0,6940000.0,3403000.0,6300000.0,5340000.0,11588000.0,18405000.0,3143000.0,2301000.0,470000.0,544000.0,834000.0,2302000.0,1312000.0,535000.0,493000.0,528000.0,696000.0,1024000.0,1853000.0,2522000.0,1204000.0,406000.0,790000.0,778000.0,693000.0,8666333.33,73.9259,0.459207,8172200.0,47.0375,0.264652,7443200.0,25.8222,0.143072,6619666.67,19.3565,0.098013,5238550.0,18.3448,0.078419,3842166.67,16.6746,0.053378
20261008,4905,台聯電,36000.0,110000.0,190000.0,451000.0,239000.0,215000.0,37000.0,11000.0,15000.0,3000.0,14000.0,25000.0,14000.0,21000.0,52000.0,49000.0,32000.0,49000.0,24000.0,22000.0,12000.0,47000.0,18000.0,45000.0,24000.0,60000.0,66000.0,25000.0,39000.0,32000.0,112000.0,10.7143,0.00086,205200.0,3.5088,0.000496,130700.0,2.7544,0.000268,95533.33,2.5122,0.000184,80450.0,2.2374,0.000147,65900.0,1.8209,0.0001
20261008,4907,富宇,34000.0,41000.0,26000.0,185000.0,98000.0,17000.0,23000.0,14000.0,28000.0,37000.0,34000.0,27000.0,181000.0,11000.0,19000.0,52000.0,79000.0,76000.0,62000.0,190000.0,124000.0,194000.0,26000.0,53000.0,49000.0,61000.0,79000.0,34000.0,137000.0,70000.0,33666.67,33.6634,0.000812,76800.0,8.8542,0.000468,50300.0,6.7594,0.000253,51666.67,4.3871,0.000173,61700.0,2.7553,0.000139,68700.0,1.6497,9.4e-05
20261008,4908,前鼎,6548000.0,13856000.0,2575000.0,9825000.0,2693000.0,1068000.0,1262000.0,1222000.0,2573000.0,3835000.0,3017000.0,4282000.0,7631000.0,10187000.0,10761000.0,7655000.0,4042000.0,6619000.0,14247000.0,2885000.0,1855000.0,1347000.0,1723000.0,2615000.0,17280000.0,1982000.0,8988000.0,11089000.0,11260000.0,10245000.0,7659666.67,28.4956,0.156446,7099400.0,18.4466,0.090164,4545700.0,14.4048,0.048743,5422333.33,8.0507,0.033392,5839150.0,5.607,0.026716,6172233.33,3.5363,0.018185
20261008,4909,新復興,215000.0,247000.0,1175000.0,270000.0,369000.0,193000.0,367000.0,703000.0,94000.0,213000.0,241000.0,372000.0,271000.0,389000.0,212000.0,266000.0,265000.0,278000.0,202000.0,251000.0,383000.0,221000.0,314000.0,470000.0,241000.0,389000.0,702000.0,2175000.0,1010000.0,280000.0,545666.67,13.1338,0.005137,455200.0,9.4464,0.00296,384600.0,5.5902,0.0016,355400.0,4.033,0.001096,329650.0,3.261,0.000877,425933.33,1.6826,0.000597
20261008,4911,德英,14000.0,11000.0,9000.0,8000.0,17000.0,12000.0,17000.0,11000.0,2000.0,2000.0,8000.0,2000.0,13000.0,17000.0,8000.0,6000.0,7000.0,7000.0,3000.0,31000.0,21000.0,6000.0,6000.0,8000.0,26000.0,39000.0,16000.0,11000.0,16000.0,13000.0,11333.33,41.1765,0.000334,11800.0,23.7288,0.000193,10300.0,13.5922,0.000104,10066.67,9.2715,7.1e-05,10250.0,6.8293,5.7e-05,12233.33,3.8147,3.9e-05
20261008,4923,力士,449000.0,647000.0,1215000.0,1755000.0,6519000.0,2798000.0,658000.0,939000.0,3058000.0,3464000.0,1416000.0,3154000.0,1855000.0,382000.0,378000.0,263000.0,227000.0,384000.0,622000.0,1341000.0,771000.0,294000.0,139000.0,264000.0,127000.0,273000.0,251000.0,739000.0,1036000.0,364000.0,770333.33,19.4288,0.010728,2117000.0,4.2419,0.006183,2150200.0,2.0882,0.003342,1912466.67,1.5652,0.00229,1576200.0,1.4243,0.001832,1192733.33,1.2548,0.001247
20261008,4924,欣厚-KY,1116000.0,178000.0,243000.0,270000.0,304000.0,592000.0,437000.0,674000.0,527000.0,1722000.0,559000.0,775000.0,582000.0,361000.0,1067000.0,483000.0,251000.0,290000.0,329000.0,210000.0,822000.0,238000.0,436000.0,276000.0,2000.0,19000.0,10000.0,39000.0,42000.0,16000.0,512333.33,72.609,0.026664,422200.0,52.8659,0.015367,606300.0,18.4067,0.008307,627133.33,11.8635,0.005691,548500.0,10.1732,0.004553,429000.0,8.6713,0.003099
20261008,4931,新盛力,4324000.0,5856000.0,8243000.0,3722000.0,3775000.0,2818000.0,8627000.0,6580000.0,1261000.0,1457000.0,5175000.0,4228000.0,2231000.0,2997000.0,2135000.0,1787000.0,2450000.0,2540000.0,3633000.0,6877000.0,3857000.0,2727000.0,3596000.0,4261000.0,4457000.0,5176000.0,12361000.0,13320000.0,11252000.0,10193000.0,6141000.0,23.4707,0.10331,5184000.0,16.6821,0.05954,4666300.0,9.2664,0.032188,4228600.0,6.8171,0.02205,4035800.0,5.3571,0.017642,5063866.67,2.8463,0.012009
20261008,4933,友輝,45000.0,21000.0,42000.0,101000.0,26000.0,51000.0,63000.0,15000.0,31000.0,40000.0,105000.0,101000.0,50000.0,47000.0,41000.0,26000.0,47000.0,68000.0,60000.0,186000.0,64000.0,49000.0,37000.0,53000.0,29000.0,48000.0,66000.0,70000.0,83000.0,122000.0,36000.0,41.6667,0.001075,47000.0,19.1489,0.00062,43500.0,10.3448,0.000335,51933.33,5.7766,0.000229,58300.0,3.8593,0.000184,59566.67,2.5182,0.000125
20261008,4939,亞電,12139000.0,2172000.0,4120000.0,6236000.0,4982000.0,15461000.0,10725000.0,2986000.0,4150000.0,3558000.0,5723000.0,5280000.0,4398000.0,7406000.0,7128000.0,7857000.0,9622000.0,23133000.0,16846000.0,2977000.0,3832000.0,7740000.0,3655000.0,5544000.0,4022000.0,4835000.0,30560000.0,81605000.0,19807000.0,30887000.0,6143666.67,65.8619,0.290027,5929800.0,40.9424,0.16715,6652900.0,18.2462,0.090362,6430933.33,12.584,0.061903,7844950.0,7.7368,0.049528,11646200.0,3.4744,0.033712
20261008,4946,辣椒,11000.0,13000.0,4000.0,12000.0,12000.0,9000.0,17000.0,32000.0,25000.0,66000.0,32000.0,16000.0,9000.0,6000.0,26000.0,2000.0,8000.0,13000.0,32000.0,7000.0,28000.0,23000.0,7000.0,11000.0,6000.0,21000.0,7000.0,22000.0,12000.0,4000.0,9333.33,39.2857,0.000263,10400.0,21.1538,0.000151,20100.0,5.4726,8.2e-05,19333.33,3.7931,5.6e-05,17600.0,3.125,4.5e-05,16433.33,2.2312,3.1e-05
20261008,4950,金耘國際,13000.0,11000.0,5000.0,,13000.0,12000.0,9000.0,4000.0,1000.0,23000.0,16000.0,19000.0,15000.0,30000.0,24000.0,65000.0,8000.0,13000.0,19000.0,17000.0,10000.0,,25000.0,21000.0,5000.0,2000.0,6000.0,14000.0,27000.0,,9666.67,44.8276,0.000311,10500.0,30.9524,0.000179,10111.11,14.2857,9.7e-05,13928.57,6.6667,6.6e-05,16684.21,4.1009,5.3e-05,15814.81,3.0445,3.6e-05
20261008,4951,精拓科,140000.0,207000.0,204000.0,219000.0,184000.0,250000.0,534000.0,337000.0,687000.0,1528000.0,4159000.0,258000.0,776000.0,389000.0,119000.0,181000.0,256000.0,534000.0,148000.0,292000.0,149000.0,103000.0,141000.0,163000.0,134000.0,127000.0,373000.0,246000.0,95000.0,140000.0,183666.67,25.4083,0.003345,190800.0,14.6751,0.001928,429000.0,3.2634,0.001042,666066.67,1.4013,0.000714,570100.0,1.2279,0.000571,435766.67,1.0709,0.000389
20261008,4953,緯致,182000.0,134000.0,190000.0,212000.0,188000.0,100000.0,144000.0,130000.0,127000.0,280000.0,312000.0,329000.0,299000.0,287000.0,294000.0,700000.0,461000.0,220000.0,155000.0,155000.0,175000.0,196000.0,175000.0,293000.0,173000.0,151000.0,135000.0,289000.0,151000.0,97000.0,168666.67,35.9684,0.004348,181200.0,20.0883,0.002506,168700.0,10.7884,0.001355,213866.67,5.6733,0.000928,244950.0,3.715,0.000743,224466.67,2.7027,0.000505
20261008,4966,譜瑞-KY,381000.0,276000.0,573000.0,386000.0,194000.0,217000.0,308000.0,220000.0,437000.0,730000.0,1100000.0,660000.0,787000.0,856000.0,298000.0,225000.0,255000.0,303000.0,339000.0,326000.0,664000.0,230000.0,230000.0,930000.0,455000.0,626000.0,481000.0,926000.0,675000.0,739000.0,410000.0,30.9756,0.009103,362000.0,21.0497,0.005246,372200.0,10.2364,0.002836,494866.67,5.1327,0.001943,443550.0,4.2949,0.001555,494233.33,2.5696,0.001058
20261008,4971,IET-KY,1092000.0,3825000.0,3034000.0,3364000.0,1766000.0,663000.0,869000.0,581000.0,677000.0,1166000.0,1214000.0,1573000.0,2134000.0,2995000.0,2213000.0,1399000.0,1378000.0,1562000.0,1612000.0,2392000.0,1885000.0,2012000.0,4905000.0,8356000.0,8383000.0,5343000.0,794000.0,404000.0,681000.0,493000.0,2650333.33,13.7341,0.02609,2616200.0,8.348,0.015036,1703700.0,6.4096,0.008129,1811066.67,4.0197,0.005569,1775450.0,3.0753,0.004455,2292166.67,1.588,0.003033
20261008,4972,湯石照明,26000.0,19000.0,53000.0,43000.0,9000.0,22000.0,13000.0,8000.0,10000.0,32000.0,8000.0,43000.0,29000.0,4000.0,14000.0,7000.0,26000.0,19000.0,5000.0,1000.0,4000.0,37000.0,20000.0,15000.0,8000.0,14000.0,19000.0,18000.0,14000.0,7000.0,32666.67,26.5306,0.000621,30000.0,17.3333,0.000358,23500.0,11.0638,0.000194,22200.0,7.8078,0.000133,19550.0,6.6496,0.000106,18233.33,4.7532,7.2e-05
20261008,4973,廣穎,1408000.0,604000.0,403000.0,462000.0,358000.0,332000.0,386000.0,297000.0,481000.0,656000.0,483000.0,490000.0,544000.0,452000.0,380000.0,511000.0,547000.0,1314000.0,695000.0,714000.0,782000.0,633000.0,720000.0,1584000.0,735000.0,683000.0,864000.0,1136000.0,1135000.0,938000.0,805000.0,58.3023,0.03364,647000.0,43.524,0.019388,538700.0,26.137,0.010481,515733.33,18.2006,0.00718,575850.0,12.2254,0.005745,690900.0,6.7931,0.00391
20261008,4974,亞泰,148000.0,65000.0,145000.0,124000.0,71000.0,49000.0,73000.0,41000.0,51000.0,67000.0,70000.0,77000.0,108000.0,64000.0,36000.0,48000.0,61000.0,127000.0,370000.0,658000.0,116000.0,180000.0,215000.0,152000.0,483000.0,80000.0,44000.0,118000.0,126000.0,98000.0,119333.33,41.3408,0.003536,110600.0,26.7631,0.002038,83400.0,17.7458,0.001102,79266.67,12.4474,0.000755,122650.0,6.0334,0.000604,135500.0,3.6408,0.000411
20261008,4979,華星光,3417000.0,11884000.0,10807000.0,1214000.0,1240000.0,980000.0,615000.0,921000.0,8532000.0,7144000.0,11366000.0,14408000.0,9561000.0,917000.0,1024000.0,1726000.0,966000.0,1772000.0,8587000.0,15851000.0,12521000.0,15293000.0,18513000.0,2518000.0,2615000.0,2039000.0,2001000.0,2414000.0,28800000.0,26773000.0,8702666.67,13.0879,0.081639,5712400.0,11.9634,0.047051,4675400.0,7.3085,0.025436,5602000.0,4.0664,0.017425,5646600.0,3.0257,0.013942,7547300.0,1.5091,0.00949
20261008,4991,環宇-KY,2289000.0,8342000.0,4538000.0,9930000.0,8135000.0,2081000.0,5006000.0,4165000.0,3067000.0,5308000.0,5427000.0,8007000.0,7333000.0,3647000.0,4127000.0,2828000.0,3429000.0,4002000.0,784000.0,710000.0,635000.0,543000.0,1118000.0,12932000.0,5659000.0,8989000.0,5904000.0,9170000.0,7838000.0,4931000.0,5056333.33,15.09,0.054689,6646800.0,6.8875,0.031519,5286100.0,4.3302,0.017039,5426800.0,2.812,0.011673,4657750.0,2.4572,0.009339,5029133.33,1.5172,0.006357
20261008,4995,晶達,18000.0,36000.0,65000.0,95000.0,57000.0,7000.0,57000.0,50000.0,7000.0,32000.0,5000.0,7000.0,26000.0,21000.0,1000.0,19000.0,76000.0,19000.0,24000.0,13000.0,7000.0,39000.0,27000.0,36000.0,16000.0,18000.0,5000.0,38000.0,9000.0,50000.0,39666.67,15.1261,0.00043,54200.0,6.6421,0.000248,42400.0,4.2453,0.000134,32266.67,3.719,9.2e-05,31750.0,2.8346,7.3e-05,29333.33,2.0455,5e-05
20261008,5009,榮剛,4062000.0,949000.0,1042000.0,2116000.0,1052000.0,1851000.0,6137000.0,1480000.0,700000.0,546000.0,918000.0,931000.0,1723000.0,815000.0,626000.0,1410000.0,1883000.0,1270000.0,973000.0,1448000.0,1338000.0,1352000.0,1402000.0,1290000.0,1393000.0,3644000.0,1763000.0,1669000.0,1007000.0,1175000.0,2017666.67,67.1072,0.09705,1844200.0,44.0516,0.055932,1993500.0,20.3762,0.030237,1663200.0,16.2819,0.020714,1596600.0,12.7208,0.016573,1598833.33,8.4687,0.011281
20261008,5011,久陽,1498000.0,4193000.0,3108000.0,1024000.0,1102000.0,115000.0,281000.0,183000.0,142000.0,388000.0,319000.0,126000.0,212000.0,80000.0,90000.0,153000.0,83000.0,101000.0,139000.0,149000.0,339000.0,111000.0,73000.0,137000.0,168000.0,201000.0,430000.0,299000.0,499000.0,543000.0,2933000.0,17.0247,0.03579,2185000.0,13.7117,0.020627,1203400.0,12.4481,0.011151,857400.0,11.6476,0.007639,674300.0,11.1078,0.006112,542866.67,9.1981,0.00416
20261008,5013,強新,598000.0,1582000.0,3715000.0,212000.0,596000.0,422000.0,1214000.0,1125000.0,61000.0,120000.0,243000.0,180000.0,21000.0,24000.0,28000.0,51000.0,25000.0,41000.0,149000.0,14000.0,11000.0,16000.0,47000.0,17000.0,14000.0,7000.0,20000.0,77000.0,18000.0,8000.0,1965000.0,10.1442,0.014287,1340600.0,8.9214,0.008234,964500.0,6.2001,0.004451,676066.67,5.8969,0.00305,521050.0,5.7384,0.00244,355200.0,5.6119,0.001661
20261008,5014,建錩,91000.0,140000.0,127000.0,264000.0,170000.0,168000.0,373000.0,540000.0,50000.0,191000.0,141000.0,83000.0,82000.0,111000.0,52000.0,92000.0,193000.0,299000.0,95000.0,303000.0,147000.0,50000.0,109000.0,232000.0,79000.0,197000.0,187000.0,306000.0,115000.0,150000.0,119333.33,25.419,0.002174,158400.0,11.4899,0.001253,211400.0,4.3046,0.000677,172200.0,3.523,0.000464,178250.0,2.5526,0.000371,171233.33,1.7715,0.000253
20261008,5015,華祺,18000.0,51000.0,64000.0,211000.0,256000.0,31000.0,35000.0,16000.0,10000.0,29000.0,11000.0,2000.0,15000.0,2000.0,24000.0,10000.0,8000.0,1000.0,12000.0,2000.0,31000.0,43000.0,17000.0,10000.0,8000.0,31000.0,12000.0,12000.0,7000.0,55000.0,44333.33,13.5338,0.00043,120000.0,3.0,0.000248,72100.0,2.4965,0.000134,51666.67,2.3226,9.2e-05,40400.0,2.2277,7.3e-05,34466.67,1.7408,5e-05
20261008,5016,松和,93000.0,67000.0,203000.0,369000.0,1300000.0,380000.0,137000.0,5000.0,3000.0,9000.0,10000.0,2000.0,9000.0,2000.0,5000.0,19000.0,10000.0,7000.0,,5000.0,6000.0,3000.0,1000.0,15000.0,10000.0,10000.0,17000.0,10000.0,20000.0,29000.0,121000.0,25.6198,0.002222,406400.0,4.5768,0.001281,256600.0,3.6243,0.000692,172933.33,3.5852,0.000474,138684.21,3.5294,0.000379,95034.48,3.3745,0.000258
20261008,5201,凱衛,35000.0,61000.0,264000.0,38000.0,85000.0,38000.0,119000.0,30000.0,24000.0,184000.0,239000.0,125000.0,15000.0,20000.0,154000.0,184000.0,67000.0,157000.0,205000.0,431000.0,210000.0,150000.0,150000.0,52000.0,34000.0,23000.0,18000.0,71000.0,37000.0,51000.0,120000.0,9.7222,0.000836,96600.0,7.2464,0.000482,87800.0,3.9863,0.000261,95400.0,2.4458,0.000178,123750.0,1.4141,0.000143,109033.33,1.07,9.7e-05
20261008,5202,力新,507000.0,1945000.0,2297000.0,444000.0,307000.0,270000.0,622000.0,459000.0,1347000.0,529000.0,1239000.0,3191000.0,4907000.0,1033000.0,4216000.0,1991000.0,1026000.0,340000.0,58000.0,84000.0,64000.0,67000.0,90000.0,69000.0,103000.0,76000.0,93000.0,111000.0,122000.0,148000.0,1583000.0,10.6759,0.012113,1100000.0,9.2182,0.006981,872700.0,5.8096,0.003774,1554200.0,2.1748,0.002585,1340600.0,1.8909,0.002069,925166.67,1.8267,0.001408
20261008,5205,中茂,141000.0,22000.0,52000.0,20000.0,49000.0,7000.0,12000.0,,6000.0,,3000.0,12000.0,,,1000.0,1000.0,4000.0,7000.0,,1000.0,1000.0,5000.0,,4000.0,,1000.0,,1000.0,5000.0,1000.0,71666.67,65.5814,0.003369,56800.0,49.6479,0.001942,38625.0,45.6311,0.00105,29545.45,43.3846,0.000719,22533.33,41.716,0.000575,16181.82,39.6067,0.000392
20261008,5206,坤悅,376000.0,116000.0,57000.0,112000.0,43000.0,82000.0,128000.0,95000.0,59000.0,115000.0,290000.0,402000.0,545000.0,174000.0,318000.0,1193000.0,103000.0,115000.0,129000.0,83000.0,130000.0,274000.0,108000.0,160000.0,84000.0,195000.0,411000.0,131000.0,220000.0,368000.0,183000.0,68.4882,0.008983,140800.0,53.4091,0.005177,118300.0,31.7836,0.002799,194133.33,12.9121,0.001917,226750.0,8.2911,0.001534,220533.33,5.6832,0.001044
20261008,5209,新鼎,393000.0,74000.0,42000.0,77000.0,136000.0,104000.0,37000.0,52000.0,75000.0,51000.0,100000.0,192000.0,90000.0,181000.0,120000.0,121000.0,371000.0,560000.0,406000.0,244000.0,74000.0,58000.0,86000.0,73000.0,36000.0,90000.0,41000.0,47000.0,33000.0,66000.0,169666.67,77.2102,0.00939,144400.0,54.4321,0.005411,104100.0,37.7522,0.002925,114933.33,22.7958,0.002004,171300.0,11.4711,0.001603,134333.33,9.7519,0.001091
20261008,5210,寶碩,126000.0,112000.0,146000.0,334000.0,154000.0,148000.0,241000.0,341000.0,149000.0,204000.0,288000.0,174000.0,634000.0,111000.0,28000.0,64000.0,267000.0,337000.0,574000.0,117000.0,154000.0,230000.0,60000.0,168000.0,93000.0,135000.0,60000.0,106000.0,122000.0,241000.0,128000.0,32.8125,0.00301,174400.0,14.4495,0.001735,195500.0,6.445,0.000938,212666.67,3.9498,0.000643,227450.0,2.7698,0.000514,197266.67,2.1291,0.00035
20261008,5211,蒙恬,24000.0,34000.0,20000.0,25000.0,24000.0,138000.0,19000.0,2000.0,7000.0,9000.0,17000.0,25000.0,27000.0,21000.0,50000.0,64000.0,26000.0,44000.0,222000.0,519000.0,11000.0,11000.0,3000.0,5000.0,6000.0,17000.0,4000.0,9000.0,45000.0,12000.0,26000.0,30.7692,0.000573,25400.0,18.8976,0.00033,30200.0,7.947,0.000179,29466.67,5.4299,0.000122,65850.0,1.8223,9.8e-05,48000.0,1.6667,6.7e-05
20261008,5212,凌網,9000.0,41000.0,10000.0,12000.0,9000.0,21000.0,20000.0,21000.0,8000.0,7000.0,21000.0,3000.0,36000.0,34000.0,4000.0,14000.0,18000.0,30000.0,5000.0,6000.0,8000.0,14000.0,7000.0,6000.0,9000.0,10000.0,2000.0,15000.0,10000.0,4000.0,20000.0,15.0,0.000215,16200.0,11.1111,0.000124,15800.0,5.6962,6.7e-05,17066.67,3.5156,4.6e-05,16450.0,2.7356,3.7e-05,13800.0,2.1739,2.5e-05
20261008,5213,亞昕,180000.0,183000.0,189000.0,888000.0,97000.0,147000.0,57000.0,108000.0,134000.0,91000.0,103000.0,267000.0,597000.0,122000.0,176000.0,103000.0,190000.0,225000.0,264000.0,216000.0,424000.0,122000.0,81000.0,199000.0,105000.0,277000.0,135000.0,122000.0,131000.0,107000.0,184000.0,32.6087,0.004301,307400.0,11.7111,0.002479,207400.0,8.6789,0.00134,222600.0,5.3908,0.000918,216850.0,4.1503,0.000734,201333.33,2.9801,0.0005
20261008,5220,萬達光電,90000.0,63000.0,283000.0,173000.0,199000.0,830000.0,1471000.0,453000.0,41000.0,54000.0,44000.0,22000.0,14000.0,13000.0,8000.0,18000.0,13000.0,54000.0,7000.0,40000.0,16000.0,21000.0,14000.0,50000.0,1000.0,5000.0,21000.0,8000.0,44000.0,19000.0,145333.33,20.6422,0.00215,161600.0,11.1386,0.001239,365700.0,2.461,0.00067,250533.33,2.3949,0.000459,194500.0,2.3136,0.000367,136300.0,2.201,0.00025
20261008,5223,安力-KY,22000.0,8000.0,3000.0,5000.0,8000.0,8000.0,1000.0,3000.0,6000.0,8000.0,7000.0,19000.0,5000.0,6000.0,8000.0,9000.0,13000.0,6000.0,5000.0,29000.0,28000.0,23000.0,6000.0,143000.0,104000.0,18000.0,3000.0,9000.0,1000.0,5000.0,11000.0,66.6667,0.000526,9200.0,47.8261,0.000303,7200.0,30.5556,0.000164,7800.0,18.8034,0.000112,8950.0,12.2905,9e-05,17300.0,4.2389,6.1e-05
20261008,5227,立凱-KY,135000.0,206000.0,409000.0,825000.0,575000.0,245000.0,441000.0,243000.0,179000.0,124000.0,262000.0,174000.0,311000.0,604000.0,780000.0,170000.0,154000.0,169000.0,306000.0,394000.0,248000.0,213000.0,223000.0,188000.0,95000.0,197000.0,161000.0,349000.0,243000.0,177000.0,250000.0,18.0,0.003225,430000.0,6.2791,0.001859,338200.0,3.9917,0.001005,367533.33,2.4488,0.000688,335300.0,2.0131,0.000551,293333.33,1.5341,0.000375
20261008,5228,鈺鎧,4765000.0,765000.0,3055000.0,3445000.0,2047000.0,631000.0,89000.0,63000.0,87000.0,88000.0,178000.0,135000.0,186000.0,187000.0,130000.0,151000.0,132000.0,197000.0,175000.0,344000.0,344000.0,780000.0,344000.0,223000.0,183000.0,182000.0,311000.0,453000.0,223000.0,160000.0,2861666.67,55.5038,0.113846,2815400.0,33.8495,0.065612,1503500.0,31.6927,0.03547,1056733.33,30.0612,0.024299,842500.0,28.2789,0.019442,668433.33,23.762,0.013233
20261008,5230,雷笛克光學,4397000.0,299000.0,296000.0,527000.0,838000.0,780000.0,1601000.0,1546000.0,2238000.0,2235000.0,1152000.0,2992000.0,2549000.0,141000.0,336000.0,160000.0,143000.0,261000.0,189000.0,738000.0,1791000.0,105000.0,103000.0,96000.0,135000.0,32000.0,63000.0,77000.0,119000.0,269000.0,1664000.0,88.0809,0.105054,1271400.0,69.1678,0.060545,1475700.0,29.796,0.032731,1461800.0,20.0529,0.022423,1170900.0,18.7762,0.01794,873600.0,16.7773,0.012211
20261008,5245,智晶,88000.0,181000.0,99000.0,96000.0,108000.0,139000.0,248000.0,56000.0,154000.0,153000.0,167000.0,123000.0,70000.0,132000.0,77000.0,67000.0,11000.0,80000.0,53000.0,36000.0,18000.0,32000.0,33000.0,38000.0,46000.0,38000.0,15000.0,20000.0,32000.0,35000.0,122666.67,23.913,0.002103,114400.0,15.3846,0.001212,132200.0,6.6566,0.000655,126066.67,4.6536,0.000449,106900.0,4.116,0.000359,81500.0,3.5992,0.000244
20261008,5251,天鉞電,178000.0,668000.0,1181000.0,83000.0,65000.0,82000.0,67000.0,109000.0,243000.0,209000.0,405000.0,741000.0,1421000.0,541000.0,2190000.0,673000.0,415000.0,24000.0,32000.0,36000.0,53000.0,26000.0,38000.0,62000.0,37000.0,26000.0,44000.0,50000.0,36000.0,48000.0,675666.67,8.7815,0.004253,435000.0,8.1839,0.002451,288500.0,6.1698,0.001325,545533.33,2.1752,0.000908,468150.0,1.9011,0.000726,326100.0,1.8195,0.000494
20261008,5263,智崴,863000.0,181000.0,103000.0,175000.0,91000.0,128000.0,198000.0,231000.0,138000.0,129000.0,94000.0,279000.0,157000.0,166000.0,104000.0,363000.0,234000.0,898000.0,152000.0,223000.0,181000.0,195000.0,738000.0,257000.0,92000.0,156000.0,397000.0,386000.0,851000.0,298000.0,382333.33,75.2398,0.020619,282600.0,61.0757,0.011883,223700.0,38.5785,0.006424,202466.67,28.4162,0.004401,245350.0,17.5871,0.003521,281933.33,10.2034,0.002397
20261008,5272,笙科,21000.0,55000.0,68000.0,48000.0,62000.0,135000.0,544000.0,49000.0,30000.0,37000.0,76000.0,119000.0,30000.0,46000.0,65000.0,61000.0,38000.0,34000.0,26000.0,69000.0,81000.0,58000.0,69000.0,31000.0,30000.0,129000.0,45000.0,36000.0,31000.0,34000.0,48000.0,14.5833,0.000502,50800.0,8.2677,0.000289,104900.0,2.0019,0.000156,92333.33,1.5162,0.000107,80650.0,1.3019,8.6e-05,71900.0,0.9736,5.8e-05
20261008,5274,信驊,1079000.0,369000.0,167000.0,100000.0,122000.0,114000.0,206000.0,229000.0,172000.0,234000.0,328000.0,131000.0,226000.0,167000.0,163000.0,113000.0,208000.0,206000.0,226000.0,399000.0,424000.0,461000.0,219000.0,523000.0,672000.0,434000.0,358000.0,316000.0,295000.0,210000.0,538333.33,66.8111,0.02578,367400.0,58.7371,0.014857,279200.0,38.6461,0.008032,253800.0,28.3425,0.005502,247950.0,21.7584,0.004402,295700.0,12.1632,0.002997
20261008,5276,達輝-KY,,2000.0,2000.0,1000.0,2000.0,7000.0,10000.0,,2000.0,,1000.0,,3000.0,,1000.0,1000.0,,,1000.0,,1000.0,2000.0,2000.0,,2000.0,4000.0,,7000.0,1000.0,2000.0,2000.0,,,1750.0,,,3714.29,,,3100.0,,,2750.0,,,2700.0,,
20261008,5278,尚凡*,159000.0,187000.0,59000.0,108000.0,100000.0,98000.0,93000.0,47000.0,59000.0,50000.0,157000.0,37000.0,30000.0,146000.0,196000.0,43000.0,34000.0,25000.0,21000.0,57000.0,63000.0,69000.0,69000.0,27000.0,29000.0,45000.0,56000.0,47000.0,106000.0,247000.0,135000.0,39.2593,0.003799,122600.0,25.938,0.002189,96000.0,16.5625,0.001184,101733.33,10.4194,0.000811,85300.0,9.32,0.000649,82133.33,6.4529,0.000442
20261008,5287,數字,45000.0,38000.0,35000.0,71000.0,105000.0,116000.0,24000.0,60000.0,31000.0,22000.0,77000.0,44000.0,182000.0,56000.0,15000.0,26000.0,28000.0,49000.0,26000.0,92000.0,47000.0,62000.0,43000.0,44000.0,107000.0,63000.0,68000.0,142000.0,364000.0,182000.0,39333.33,38.1356,0.001075,58800.0,15.3061,0.00062,54700.0,8.2267,0.000335,61400.0,4.886,0.000229,57100.0,3.9405,0.000184,75466.67,1.9876,0.000125
20261008,5289,宜鼎,1020000.0,1138000.0,1080000.0,967000.0,762000.0,438000.0,815000.0,820000.0,878000.0,1940000.0,874000.0,1107000.0,1206000.0,894000.0,822000.0,912000.0,889000.0,1271000.0,1769000.0,1056000.0,1885000.0,1496000.0,1231000.0,1605000.0,1229000.0,1445000.0,1505000.0,1879000.0,1226000.0,1433000.0,1079333.33,31.5009,0.02437,993400.0,20.5355,0.014045,985800.0,10.3469,0.007593,984066.67,6.9101,0.005202,1032900.0,4.9376,0.004162,1186400.0,2.8658,0.002833
20261008,5291,邑昇,429000.0,463000.0,742000.0,806000.0,266000.0,319000.0,661000.0,210000.0,354000.0,192000.0,188000.0,254000.0,240000.0,551000.0,212000.0,457000.0,437000.0,471000.0,659000.0,1692000.0,553000.0,857000.0,1555000.0,1424000.0,1708000.0,2650000.0,2617000.0,5668000.0,3858000.0,1230000.0,544666.67,26.2546,0.01025,541200.0,15.8537,0.005907,444200.0,9.6578,0.003193,392466.67,7.2872,0.002188,480150.0,4.4674,0.00175,1057433.33,1.3523,0.001191
20261008,5299,杰力,178000.0,278000.0,193000.0,507000.0,355000.0,248000.0,437000.0,150000.0,320000.0,588000.0,138000.0,126000.0,180000.0,163000.0,132000.0,53000.0,144000.0,104000.0,151000.0,125000.0,352000.0,142000.0,110000.0,263000.0,122000.0,113000.0,232000.0,554000.0,361000.0,341000.0,216333.33,27.4268,0.004253,302200.0,11.7803,0.002451,325400.0,5.4702,0.001325,266200.0,4.4578,0.000908,228500.0,3.895,0.000726,238666.67,2.486,0.000494
20261008,5301,寶得利,27000.0,25000.0,,,,,,25000.0,87000.0,7000.0,52000.0,83000.0,7000.0,78000.0,34000.0,40000.0,29000.0,22000.0,27000.0,14000.0,15000.0,59000.0,31000.0,10000.0,3000.0,7000.0,13000.0,6000.0,23000.0,91000.0,26000.0,51.9231,0.000645,26000.0,51.9231,0.000372,34200.0,15.7895,0.000201,42500.0,6.3529,0.000138,37133.33,4.8474,0.00011,32600.0,3.3129,7.5e-05
20261008,5302,太欣,237000.0,126000.0,122000.0,245000.0,409000.0,88000.0,159000.0,143000.0,47000.0,243000.0,218000.0,201000.0,137000.0,154000.0,200000.0,184000.0,215000.0,416000.0,551000.0,800000.0,189000.0,231000.0,566000.0,344000.0,174000.0,248000.0,294000.0,210000.0,159000.0,142000.0,161666.67,48.866,0.005662,227800.0,20.8077,0.003263,181900.0,13.0291,0.001764,181933.33,8.6845,0.001209,244750.0,4.8417,0.000967,248400.0,3.1804,0.000658
20261008,5309,系統電,17093000.0,6424000.0,7956000.0,13269000.0,14789000.0,16323000.0,21584000.0,12794000.0,1782000.0,535000.0,948000.0,901000.0,837000.0,549000.0,720000.0,516000.0,888000.0,703000.0,790000.0,678000.0,1628000.0,843000.0,786000.0,1135000.0,859000.0,949000.0,857000.0,1580000.0,3630000.0,837000.0,10491000.0,54.31,0.408388,11906200.0,28.7128,0.235364,11254900.0,15.1872,0.127239,7766933.33,14.6716,0.087166,6003950.0,14.2348,0.069741,4439433.33,12.8342,0.047471
20261008,5310,天剛,47000.0,43000.0,43000.0,52000.0,131000.0,8000.0,40000.0,287000.0,293000.0,49000.0,38000.0,89000.0,17000.0,21000.0,12000.0,9000.0,10000.0,,15000.0,2000.0,12000.0,6000.0,,,1000.0,1000.0,,5000.0,2000.0,6000.0,44333.33,35.3383,0.001123,63200.0,14.8734,0.000647,99300.0,4.7331,0.00035,78000.0,4.0171,0.00024,63473.68,3.8972,0.000192,47653.85,3.7934,0.000131
20261008,5312,寶島科,12000.0,11000.0,14000.0,37000.0,14000.0,18000.0,27000.0,7000.0,7000.0,26000.0,3000.0,19000.0,13000.0,21000.0,10000.0,6000.0,13000.0,20000.0,11000.0,15000.0,16000.0,13000.0,8000.0,4000.0,8000.0,40000.0,18000.0,21000.0,9000.0,24000.0,12333.33,32.4324,0.000287,17600.0,13.6364,0.000165,17300.0,6.9364,8.9e-05,15933.33,5.0209,6.1e-05,15200.0,3.9474,4.9e-05,15500.0,2.5806,3.3e-05
20261008,5314,世紀*,15321000.0,23441000.0,20256000.0,34669000.0,31279000.0,80735000.0,10014000.0,9198000.0,7882000.0,11929000.0,26665000.0,133941000.0,123120000.0,27762000.0,14628000.0,6682000.0,11039000.0,18969000.0,38015000.0,49416000.0,10137000.0,6644000.0,3534000.0,4315000.0,3888000.0,5256000.0,11603000.0,22104000.0,3103000.0,1455000.0,19672666.67,25.9599,0.366051,24993200.0,12.2601,0.210965,24472400.0,6.2605,0.114049,38056000.0,2.6839,0.07813,34748050.0,2.2046,0.062511,25566666.67,1.9975,0.04255
20261008,5315,光聯,234000.0,62000.0,244000.0,102000.0,114000.0,93000.0,84000.0,129000.0,66000.0,141000.0,339000.0,484000.0,129000.0,458000.0,160000.0,72000.0,156000.0,155000.0,379000.0,380000.0,301000.0,124000.0,275000.0,194000.0,813000.0,103000.0,114000.0,198000.0,357000.0,78000.0,180000.0,43.3333,0.005591,151200.0,30.9524,0.003222,126900.0,18.4397,0.001742,189266.67,8.2423,0.001193,199050.0,5.8779,0.000955,217933.33,3.5791,0.00065
20261008,5321,美而快,196000.0,220000.0,232000.0,240000.0,144000.0,503000.0,202000.0,210000.0,163000.0,225000.0,373000.0,332000.0,359000.0,514000.0,972000.0,714000.0,429000.0,1570000.0,1062000.0,375000.0,320000.0,571000.0,349000.0,609000.0,1230000.0,1810000.0,1606000.0,718000.0,852000.0,548000.0,216000.0,30.2469,0.004683,206400.0,18.9922,0.002699,233500.0,8.394,0.001459,325666.67,4.0123,0.001,451750.0,2.1693,0.0008,588266.67,1.1106,0.000544
20261008,5324,士開,47000.0,183000.0,111000.0,87000.0,113000.0,43000.0,175000.0,25000.0,33000.0,69000.0,113000.0,235000.0,114000.0,172000.0,124000.0,238000.0,255000.0,113000.0,200000.0,125000.0,254000.0,188000.0,73000.0,357000.0,167000.0,194000.0,272000.0,267000.0,352000.0,127000.0,113666.67,13.783,0.001123,108200.0,8.6876,0.000647,88600.0,5.3047,0.00035,109600.0,2.8589,0.00024,128750.0,1.8252,0.000192,160866.67,0.9739,0.000131
20261008,5328,華容,4132000.0,8419000.0,2605000.0,6852000.0,27223000.0,13572000.0,1682000.0,1707000.0,2472000.0,2244000.0,2700000.0,2185000.0,1682000.0,2104000.0,2858000.0,3684000.0,3268000.0,6312000.0,3101000.0,1968000.0,2232000.0,3339000.0,6351000.0,3299000.0,2555000.0,5099000.0,5295000.0,16123000.0,7178000.0,4068000.0,5052000.0,27.2631,0.098722,9846200.0,8.3931,0.056896,7090800.0,5.8273,0.030758,5495800.0,5.0123,0.021071,5038500.0,4.1004,0.016859,5210300.0,2.6435,0.011475
20261008,5340,建榮,14331000.0,9921000.0,3383000.0,5971000.0,1391000.0,768000.0,943000.0,692000.0,737000.0,1296000.0,4317000.0,1578000.0,3629000.0,2328000.0,3299000.0,2657000.0,5649000.0,6425000.0,5236000.0,9074000.0,3306000.0,1574000.0,1631000.0,3306000.0,3508000.0,2532000.0,5862000.0,4600000.0,4567000.0,5013000.0,9211666.67,51.8582,0.342398,6999400.0,40.9492,0.197333,3943300.0,36.3427,0.106679,3638933.33,26.2549,0.073082,4181250.0,17.1372,0.058471,3984133.33,11.9901,0.0398
20261008,5344,立衛,34000.0,291000.0,37000.0,56000.0,73000.0,93000.0,209000.0,48000.0,106000.0,205000.0,53000.0,31000.0,132000.0,25000.0,28000.0,8000.0,21000.0,10000.0,58000.0,22000.0,38000.0,14000.0,47000.0,22000.0,7000.0,24000.0,10000.0,13000.0,19000.0,87000.0,120666.67,9.3923,0.000812,98200.0,6.9246,0.000468,115200.0,2.9514,0.000253,94733.33,2.3927,0.000173,77000.0,2.2078,0.000139,60700.0,1.8671,9.4e-05
20261008,5345,馥鴻,13000.0,17000.0,16000.0,36000.0,11000.0,10000.0,11000.0,9000.0,,7000.0,1000.0,6000.0,3000.0,3000.0,8000.0,7000.0,22000.0,23000.0,33000.0,4000.0,2000.0,11000.0,3000.0,19000.0,7000.0,2000.0,9000.0,14000.0,20000.0,33000.0,15333.33,28.2609,0.000311,18600.0,13.9785,0.000179,14444.44,10.0,9.7e-05,10785.71,8.6093,6.6e-05,12631.58,5.4167,5.3e-05,12413.79,3.6111,3.6e-05
20261008,5347,世界,10335000.0,18327000.0,33208000.0,15110000.0,13690000.0,23227000.0,23437000.0,33705000.0,10707000.0,12571000.0,31910000.0,15804000.0,32000000.0,30492000.0,7070000.0,8697000.0,6639000.0,8798000.0,20342000.0,13750000.0,12514000.0,13776000.0,4754000.0,9756000.0,7328000.0,9438000.0,13236000.0,21592000.0,10776000.0,11276000.0,20623333.33,16.7044,0.246925,18134000.0,11.3985,0.142309,19431700.0,5.3186,0.076933,20772866.67,3.3168,0.052704,18490950.0,2.7946,0.042167,16142166.67,2.1342,0.028702
20261008,5348,正能量智能,32000.0,23000.0,25000.0,23000.0,1000.0,2000.0,2000.0,3000.0,6000.0,11000.0,1000.0,1000.0,6000.0,4000.0,9000.0,11000.0,3000.0,1000.0,1000.0,1000.0,1000.0,2000.0,3000.0,1000.0,1000.0,1000.0,4000.0,13000.0,4000.0,1000.0,26666.67,40.0,0.000765,20800.0,30.7692,0.000441,12800.0,25.0,0.000238,9933.33,21.4765,0.000163,8300.0,19.2771,0.000131,6566.67,16.2437,8.9e-05
20261008,5351,鈺創,11869000.0,13485000.0,6653000.0,13112000.0,16424000.0,5415000.0,7445000.0,3356000.0,6899000.0,6639000.0,6940000.0,9444000.0,10599000.0,7430000.0,5815000.0,6211000.0,6228000.0,10798000.0,6340000.0,8941000.0,29848000.0,15412000.0,12109000.0,25041000.0,10487000.0,16078000.0,12299000.0,9923000.0,10966000.0,14416000.0,10669000.0,37.0825,0.283576,12308600.0,19.2857,0.163432,9129700.0,13.0004,0.088352,8768333.33,9.0241,0.060526,8502150.0,6.98,0.048426,10887400.0,3.6339,0.032963
20261008,5353,台林,19000.0,46000.0,53000.0,105000.0,55000.0,34000.0,39000.0,15000.0,17000.0,42000.0,89000.0,148000.0,57000.0,20000.0,31000.0,24000.0,64000.0,38000.0,22000.0,27000.0,17000.0,39000.0,29000.0,59000.0,41000.0,45000.0,18000.0,14000.0,21000.0,43000.0,39333.33,16.1017,0.000454,55600.0,6.8345,0.000262,42500.0,4.4706,0.000141,51333.33,2.4675,9.7e-05,47250.0,2.0106,7.8e-05,42366.67,1.4949,5.3e-05
20261008,5355,佳總,121000.0,106000.0,147000.0,370000.0,190000.0,76000.0,103000.0,175000.0,48000.0,90000.0,127000.0,88000.0,124000.0,228000.0,499000.0,499000.0,79000.0,40000.0,32000.0,51000.0,107000.0,126000.0,65000.0,72000.0,24000.0,78000.0,174000.0,88000.0,109000.0,59000.0,124666.67,32.3529,0.002891,186800.0,12.955,0.001666,142600.0,8.4853,0.000901,166133.33,4.8555,0.000617,159650.0,3.7895,0.000494,136500.0,2.9548,0.000336
20261008,5356,協益,62000.0,47000.0,55000.0,31000.0,36000.0,33000.0,30000.0,141000.0,40000.0,58000.0,53000.0,37000.0,56000.0,44000.0,48000.0,20000.0,9000.0,17000.0,37000.0,45000.0,96000.0,67000.0,19000.0,46000.0,15000.0,56000.0,33000.0,50000.0,76000.0,59000.0,54666.67,37.8049,0.001481,46200.0,26.8398,0.000854,53300.0,11.6323,0.000462,51400.0,8.0415,0.000316,44950.0,6.8966,0.000253,47200.0,4.3785,0.000172
20261008,5364,力麗店,15000.0,24000.0,28000.0,34000.0,28000.0,13000.0,10000.0,21000.0,17000.0,109000.0,44000.0,32000.0,31000.0,7000.0,37000.0,50000.0,37000.0,16000.0,30000.0,27000.0,8000.0,45000.0,260000.0,54000.0,15000.0,61000.0,150000.0,41000.0,13000.0,22000.0,22333.33,22.3881,0.000358,25800.0,11.6279,0.000207,29900.0,5.0167,0.000112,30000.0,3.3333,7.6e-05,30500.0,2.459,6.1e-05,42633.33,1.1728,4.2e-05
20261008,5381,光譜,850000.0,952000.0,795000.0,608000.0,743000.0,409000.0,305000.0,191000.0,240000.0,138000.0,333000.0,480000.0,315000.0,234000.0,177000.0,239000.0,214000.0,634000.0,446000.0,392000.0,621000.0,405000.0,372000.0,594000.0,481000.0,1035000.0,683000.0,2709000.0,1043000.0,486000.0,865666.67,32.7301,0.020308,789600.0,21.5299,0.011704,523100.0,16.2493,0.006327,451333.33,12.5554,0.004335,434750.0,9.7757,0.003468,570800.0,4.9638,0.002361
20261008,5386,青雲,999000.0,550000.0,464000.0,616000.0,637000.0,308000.0,706000.0,335000.0,457000.0,608000.0,829000.0,751000.0,933000.0,1497000.0,1244000.0,2239000.0,2709000.0,8779000.0,2883000.0,671000.0,466000.0,558000.0,853000.0,1768000.0,1437000.0,1701000.0,3699000.0,2550000.0,582000.0,571000.0,671000.0,49.6274,0.023868,653200.0,30.5879,0.013756,568000.0,17.588,0.007436,728933.33,9.1366,0.005094,1410750.0,3.5407,0.004076,1413333.33,2.3561,0.002774
20261008,5392,能率,968000.0,655000.0,685000.0,898000.0,483000.0,698000.0,632000.0,377000.0,479000.0,527000.0,675000.0,542000.0,812000.0,487000.0,453000.0,483000.0,618000.0,509000.0,622000.0,621000.0,1294000.0,1190000.0,1205000.0,2201000.0,1092000.0,1647000.0,2408000.0,3005000.0,4031000.0,3468000.0,769333.33,41.9411,0.023128,737800.0,26.2402,0.013329,640200.0,15.1203,0.007206,624733.33,10.3297,0.004936,611200.0,7.9188,0.00395,1125500.0,2.8669,0.002688
20261008,5398,慕康生醫,824000.0,191000.0,56000.0,69000.0,100000.0,33000.0,26000.0,38000.0,8000.0,3000.0,10000.0,33000.0,81000.0,16000.0,7000.0,15000.0,70000.0,76000.0,127000.0,34000.0,225000.0,258000.0,20000.0,184000.0,30000.0,112000.0,43000.0,27000.0,49000.0,27000.0,357000.0,76.9374,0.019687,248000.0,66.4516,0.011346,134800.0,61.1276,0.006134,99666.67,55.1171,0.004202,90850.0,45.3495,0.003362,93066.67,29.5129,0.002288
20261008,5403,中菲,24000.0,34000.0,44000.0,67000.0,24000.0,20000.0,33000.0,27000.0,13000.0,7000.0,19000.0,27000.0,15000.0,26000.0,29000.0,31000.0,54000.0,27000.0,32000.0,28000.0,32000.0,52000.0,30000.0,13000.0,33000.0,99000.0,63000.0,22000.0,39000.0,16000.0,34000.0,23.5294,0.000573,38600.0,12.4352,0.00033,29300.0,8.1911,0.000179,27266.67,5.868,0.000122,29050.0,4.1308,9.8e-05,32666.67,2.449,6.7e-05
20261008,5410,國眾,121000.0,107000.0,241000.0,200000.0,188000.0,108000.0,240000.0,113000.0,103000.0,114000.0,307000.0,107000.0,170000.0,117000.0,118000.0,198000.0,475000.0,1473000.0,119000.0,204000.0,216000.0,223000.0,101000.0,175000.0,147000.0,251000.0,176000.0,158000.0,319000.0,225000.0,156333.33,25.7996,0.002891,171400.0,14.119,0.001666,153500.0,7.8827,0.000901,156933.33,5.1402,0.000617,241150.0,2.5088,0.000494,227133.33,1.7758,0.000336
20261008,5425,台半,7279000.0,15439000.0,19303000.0,33037000.0,21594000.0,11965000.0,6999000.0,6511000.0,9955000.0,21118000.0,9070000.0,3155000.0,7140000.0,14436000.0,25123000.0,14639000.0,13189000.0,5502000.0,5352000.0,3554000.0,5507000.0,10655000.0,10310000.0,21301000.0,6004000.0,13265000.0,10039000.0,49158000.0,41549000.0,26209000.0,14007000.0,17.3223,0.173911,19330400.0,7.5311,0.100229,15320000.0,4.7513,0.054184,14141600.0,3.4315,0.03712,12718000.0,2.8617,0.029699,14945233.33,1.6235,0.020215
20261008,5426,振發,712000.0,2050000.0,486000.0,950000.0,1066000.0,408000.0,300000.0,251000.0,222000.0,245000.0,491000.0,601000.0,564000.0,875000.0,732000.0,254000.0,338000.0,338000.0,333000.0,605000.0,436000.0,472000.0,560000.0,819000.0,1320000.0,2303000.0,3324000.0,923000.0,781000.0,597000.0,1082666.67,21.9212,0.017011,1052800.0,13.5258,0.009804,669000.0,10.6428,0.0053,663533.33,7.1536,0.003631,591050.0,6.0232,0.002905,778533.33,3.0485,0.001977
20261008,5432,新門,570000.0,1299000.0,1126000.0,686000.0,323000.0,257000.0,70000.0,77000.0,368000.0,250000.0,70000.0,364000.0,238000.0,36000.0,39000.0,55000.0,22000.0,62000.0,193000.0,182000.0,173000.0,528000.0,134000.0,172000.0,70000.0,214000.0,282000.0,345000.0,170000.0,59000.0,998333.33,19.0317,0.013619,800800.0,14.2358,0.007849,502600.0,11.341,0.004243,384866.67,9.8735,0.002907,314350.0,9.0663,0.002326,281133.33,6.7584,0.001583
20261008,5438,東友,48000.0,47000.0,42000.0,40000.0,19000.0,46000.0,189000.0,54000.0,35000.0,185000.0,32000.0,55000.0,45000.0,37000.0,29000.0,24000.0,46000.0,27000.0,23000.0,38000.0,20000.0,24000.0,31000.0,18000.0,27000.0,18000.0,76000.0,25000.0,44000.0,17000.0,45666.67,35.0365,0.001147,39200.0,24.4898,0.000661,70500.0,6.8085,0.000357,60200.0,5.3156,0.000245,53050.0,4.524,0.000196,45366.67,3.5268,0.000133
20261008,5439,高技,1906000.0,1888000.0,2701000.0,2661000.0,925000.0,1555000.0,2547000.0,489000.0,753000.0,1248000.0,1438000.0,913000.0,956000.0,1224000.0,665000.0,922000.0,1065000.0,1522000.0,1502000.0,1361000.0,1137000.0,1871000.0,1593000.0,2076000.0,2471000.0,5236000.0,7265000.0,4726000.0,4882000.0,2038000.0,2165000.0,29.3457,0.045538,2016200.0,18.9069,0.026245,1667300.0,11.4317,0.014188,1457933.33,8.7155,0.00972,1412050.0,6.7491,0.007777,2051200.0,3.0974,0.005293
20261008,5443,均豪,1065000.0,956000.0,1260000.0,2159000.0,1629000.0,2944000.0,5723000.0,2039000.0,884000.0,1321000.0,1298000.0,928000.0,1628000.0,2680000.0,757000.0,943000.0,930000.0,1350000.0,1227000.0,3011000.0,5468000.0,7288000.0,2199000.0,2474000.0,3185000.0,6092000.0,3656000.0,3315000.0,1127000.0,798000.0,1093666.67,32.4596,0.025445,1413800.0,15.0658,0.014665,1998000.0,5.3303,0.007928,1818066.67,3.9052,0.005431,1736600.0,3.0663,0.004345,2344466.67,1.5142,0.002958
20261008,5450,南良,108000.0,366000.0,128000.0,224000.0,133000.0,152000.0,108000.0,79000.0,54000.0,241000.0,94000.0,137000.0,88000.0,49000.0,49000.0,39000.0,64000.0,98000.0,53000.0,50000.0,67000.0,47000.0,87000.0,61000.0,103000.0,53000.0,62000.0,113000.0,110000.0,33000.0,200666.67,17.9402,0.00258,191800.0,11.2617,0.001487,159300.0,6.7797,0.000804,134000.0,5.3731,0.000551,115700.0,4.6672,0.000441,101666.67,3.541,0.0003
20261008,5452,佶優,1658000.0,3529000.0,6345000.0,3016000.0,602000.0,213000.0,225000.0,175000.0,217000.0,379000.0,381000.0,701000.0,342000.0,218000.0,197000.0,244000.0,198000.0,327000.0,309000.0,476000.0,441000.0,272000.0,268000.0,326000.0,515000.0,381000.0,308000.0,436000.0,339000.0,605000.0,3844000.0,14.3774,0.039613,3030000.0,10.9439,0.02283,1635900.0,10.1351,0.012342,1213200.0,9.1109,0.008455,987600.0,8.3941,0.006765,788100.0,7.0126,0.004605
20261008,5455,昇益,2000.0,3000.0,1000.0,9000.0,,,,2000.0,1000.0,1000.0,1000.0,5000.0,7000.0,8000.0,3000.0,3000.0,2000.0,,9000.0,1000.0,16000.0,11000.0,8000.0,1000.0,1000.0,1000.0,5000.0,6000.0,1000.0,5000.0,2000.0,33.3333,4.8e-05,3750.0,13.3333,2.8e-05,2714.29,10.5263,1.5e-05,3583.33,4.6512,1e-05,3625.0,3.4483,8e-06,4346.15,1.7699,6e-06
20261008,5457,宣德,704000.0,1753000.0,428000.0,507000.0,473000.0,396000.0,544000.0,517000.0,412000.0,485000.0,761000.0,2435000.0,4497000.0,258000.0,408000.0,622000.0,693000.0,711000.0,216000.0,259000.0,380000.0,263000.0,144000.0,260000.0,204000.0,401000.0,255000.0,374000.0,536000.0,283000.0,961666.67,24.4021,0.01682,773000.0,18.2147,0.009694,621900.0,11.3201,0.005241,971866.67,4.8292,0.00359,853950.0,4.122,0.002872,672633.33,3.4888,0.001955
20261008,5460,同協,3674000.0,2245000.0,80000.0,188000.0,167000.0,30000.0,60000.0,10000.0,47000.0,38000.0,50000.0,68000.0,103000.0,172000.0,50000.0,19000.0,43000.0,89000.0,76000.0,262000.0,976000.0,35000.0,11000.0,32000.0,27000.0,18000.0,166000.0,43000.0,67000.0,24000.0,1999666.67,61.2435,0.08778,1270800.0,57.8218,0.05059,653900.0,56.186,0.027349,465466.67,52.621,0.018736,373550.0,49.1768,0.01499,295666.67,41.4205,0.010203
20261008,5464,霖宏,347000.0,382000.0,417000.0,1395000.0,524000.0,567000.0,470000.0,1016000.0,369000.0,531000.0,387000.0,515000.0,1024000.0,2268000.0,1171000.0,724000.0,966000.0,1127000.0,4380000.0,1659000.0,2246000.0,756000.0,211000.0,375000.0,169000.0,319000.0,237000.0,338000.0,1006000.0,524000.0,382000.0,30.2792,0.008291,613000.0,11.3214,0.004778,601800.0,5.766,0.002583,758866.67,3.0484,0.00177,1011950.0,1.7145,0.001416,880666.67,1.3134,0.000964
20261008,5465,富驊,380000.0,705000.0,334000.0,543000.0,625000.0,1236000.0,1745000.0,3224000.0,2076000.0,2126000.0,6470000.0,658000.0,465000.0,62000.0,127000.0,40000.0,48000.0,120000.0,40000.0,67000.0,56000.0,30000.0,75000.0,61000.0,35000.0,93000.0,29000.0,51000.0,31000.0,45000.0,473000.0,26.7794,0.009079,517400.0,14.6888,0.005232,1299400.0,2.9244,0.002829,1385066.67,1.829,0.001938,1054550.0,1.8017,0.00155,719900.0,1.7595,0.001055
20261008,5468,凱鈺,82000.0,78000.0,115000.0,117000.0,125000.0,139000.0,214000.0,192000.0,94000.0,71000.0,204000.0,221000.0,143000.0,113000.0,120000.0,138000.0,229000.0,258000.0,1100000.0,333000.0,126000.0,110000.0,77000.0,150000.0,145000.0,234000.0,291000.0,203000.0,184000.0,201000.0,91666.67,29.8182,0.001959,103400.0,15.8607,0.001129,122700.0,6.683,0.00061,135200.0,4.0434,0.000418,204300.0,2.0069,0.000335,193566.67,1.4121,0.000228
20261008,5474,聰泰,62000.0,116000.0,221000.0,180000.0,125000.0,161000.0,209000.0,107000.0,123000.0,138000.0,348000.0,580000.0,512000.0,289000.0,88000.0,109000.0,129000.0,132000.0,307000.0,133000.0,214000.0,153000.0,112000.0,147000.0,86000.0,53000.0,75000.0,68000.0,103000.0,144000.0,133000.0,15.5388,0.001481,140800.0,8.8068,0.000854,144200.0,4.2996,0.000462,217266.67,1.9024,0.000316,203450.0,1.5237,0.000253,174133.33,1.1868,0.000172
20261008,5475,德宏,16848000.0,11057000.0,2141000.0,6359000.0,2710000.0,2202000.0,3866000.0,2480000.0,2770000.0,2280000.0,8701000.0,2252000.0,7812000.0,7461000.0,5394000.0,3566000.0,4592000.0,8126000.0,3837000.0,5675000.0,2998000.0,4316000.0,5443000.0,6874000.0,4974000.0,6204000.0,9008000.0,18108000.0,10967000.0,2123000.0,10015333.33,56.074,0.402535,7823000.0,43.073,0.231991,5271300.0,31.9618,0.125415,5622200.0,19.9779,0.085917,5506450.0,15.2984,0.068741,6038133.33,9.3009,0.04679
20261008,5478,智冠,52000.0,45000.0,34000.0,40000.0,48000.0,23000.0,27000.0,28000.0,25000.0,38000.0,45000.0,46000.0,39000.0,58000.0,29000.0,40000.0,45000.0,29000.0,44000.0,38000.0,102000.0,79000.0,64000.0,70000.0,42000.0,66000.0,58000.0,107000.0,79000.0,49000.0,43666.67,39.6947,0.001242,43800.0,23.7443,0.000716,36000.0,14.4444,0.000387,38466.67,9.0121,0.000265,38650.0,6.727,0.000212,49633.33,3.4923,0.000144
20261008,5481,新華,56000.0,498000.0,693000.0,65000.0,217000.0,46000.0,419000.0,65000.0,138000.0,148000.0,120000.0,223000.0,128000.0,589000.0,607000.0,178000.0,102000.0,163000.0,51000.0,55000.0,255000.0,215000.0,139000.0,348000.0,261000.0,258000.0,159000.0,315000.0,474000.0,402000.0,415666.67,4.4908,0.001338,305800.0,3.6625,0.000771,234500.0,2.3881,0.000417,267466.67,1.3958,0.000286,228050.0,1.2278,0.000228,246233.33,0.7581,0.000156
20261008,5483,中美晶,20904000.0,29082000.0,17235000.0,32246000.0,47109000.0,56653000.0,36608000.0,12956000.0,18361000.0,41028000.0,32636000.0,11238000.0,19121000.0,18401000.0,8853000.0,12020000.0,6937000.0,7384000.0,5043000.0,4633000.0,10331000.0,10637000.0,10727000.0,17401000.0,8396000.0,15884000.0,15309000.0,17749000.0,11550000.0,13444000.0,22407000.0,31.0974,0.499441,29315200.0,14.2615,0.287841,31218200.0,6.6961,0.155608,26828733.33,5.1944,0.106601,21922400.0,4.7677,0.08529,18995866.67,3.6682,0.058055
20261008,5487,通泰,171000.0,160000.0,117000.0,192000.0,31000.0,15000.0,113000.0,9000.0,80000.0,98000.0,56000.0,31000.0,30000.0,13000.0,23000.0,32000.0,8000.0,20000.0,39000.0,92000.0,74000.0,91000.0,171000.0,12000.0,14000.0,34000.0,72000.0,31000.0,93000.0,90000.0,149333.33,38.1696,0.004086,134200.0,25.4844,0.002355,98600.0,17.3428,0.001273,75933.33,15.0132,0.000872,66500.0,12.8571,0.000698,67066.67,8.499,0.000475
20261008,5488,松普,267000.0,148000.0,218000.0,426000.0,1131000.0,154000.0,156000.0,104000.0,96000.0,239000.0,285000.0,146000.0,231000.0,502000.0,95000.0,186000.0,161000.0,193000.0,173000.0,585000.0,209000.0,197000.0,198000.0,361000.0,212000.0,645000.0,451000.0,255000.0,180000.0,231000.0,211000.0,42.1801,0.006379,438000.0,12.1918,0.003676,293900.0,9.0847,0.001988,279866.67,6.3602,0.001362,274800.0,4.8581,0.001089,281166.67,3.1654,0.000742
20261008,5489,彩富,20000.0,15000.0,26000.0,36000.0,92000.0,36000.0,34000.0,69000.0,108000.0,63000.0,268000.0,269000.0,21000.0,25000.0,76000.0,47000.0,42000.0,25000.0,10000.0,15000.0,21000.0,19000.0,45000.0,31000.0,43000.0,60000.0,35000.0,37000.0,46000.0,23000.0,20333.33,32.7869,0.000478,37800.0,10.582,0.000275,49900.0,4.008,0.000149,77200.0,1.7271,0.000102,64850.0,1.542,8.2e-05,55233.33,1.207,5.6e-05
20261008,5490,同亨,80000.0,163000.0,118000.0,536000.0,163000.0,265000.0,118000.0,213000.0,142000.0,131000.0,358000.0,253000.0,225000.0,159000.0,135000.0,259000.0,242000.0,380000.0,339000.0,321000.0,272000.0,807000.0,532000.0,1543000.0,440000.0,398000.0,571000.0,647000.0,508000.0,392000.0,120333.33,22.1607,0.001911,212000.0,7.5472,0.001102,192900.0,4.1472,0.000596,203933.33,2.6152,0.000408,230000.0,1.7391,0.000326,357000.0,0.747,0.000222
20261008,5493,三聯,75000.0,91000.0,88000.0,99000.0,69000.0,101000.0,109000.0,200000.0,353000.0,328000.0,362000.0,391000.0,80000.0,37000.0,16000.0,28000.0,35000.0,77000.0,176000.0,35000.0,41000.0,48000.0,65000.0,111000.0,103000.0,113000.0,377000.0,369000.0,211000.0,110000.0,84666.67,29.5276,0.001792,84400.0,17.7725,0.001033,151300.0,4.957,0.000558,159933.33,3.1263,0.000382,137500.0,2.7273,0.000306,143266.67,1.745,0.000208
20261008,5498,凱崴,1466000.0,2550000.0,2131000.0,7385000.0,3927000.0,871000.0,1041000.0,799000.0,636000.0,966000.0,1242000.0,1442000.0,814000.0,1377000.0,811000.0,667000.0,709000.0,1221000.0,861000.0,1004000.0,1138000.0,3074000.0,1189000.0,2471000.0,1948000.0,3837000.0,7707000.0,6537000.0,2227000.0,4485000.0,2049000.0,23.849,0.035026,3491800.0,8.3968,0.020186,2177200.0,6.7334,0.010913,1830533.33,5.3391,0.007476,1596000.0,4.5927,0.005981,2217766.67,2.2034,0.004071
20261008,5508,永信建,159000.0,233000.0,114000.0,319000.0,336000.0,133000.0,224000.0,203000.0,189000.0,296000.0,283000.0,505000.0,2561000.0,557000.0,197000.0,153000.0,266000.0,109000.0,197000.0,130000.0,243000.0,427000.0,341000.0,339000.0,289000.0,178000.0,155000.0,205000.0,190000.0,177000.0,168666.67,31.4229,0.003799,232200.0,13.6951,0.002189,220600.0,7.2076,0.001184,420600.0,2.5202,0.000811,358200.0,2.2194,0.000649,323600.0,1.6378,0.000442
20261008,5511,德昌,186000.0,62000.0,94000.0,121000.0,44000.0,211000.0,119000.0,87000.0,115000.0,65000.0,89000.0,40000.0,107000.0,69000.0,55000.0,92000.0,50000.0,101000.0,135000.0,121000.0,279000.0,128000.0,143000.0,241000.0,83000.0,77000.0,122000.0,135000.0,29000.0,95000.0,114000.0,54.386,0.004444,101400.0,36.6864,0.002561,110400.0,16.8478,0.001385,97600.0,12.7049,0.000949,98150.0,9.4753,0.000759,109833.33,5.6449,0.000517
20261008,5512,力麒,200000.0,561000.0,996000.0,1312000.0,553000.0,242000.0,517000.0,482000.0,167000.0,476000.0,628000.0,1317000.0,994000.0,283000.0,256000.0,632000.0,441000.0,290000.0,302000.0,565000.0,936000.0,295000.0,441000.0,918000.0,436000.0,521000.0,475000.0,374000.0,426000.0,792000.0,585666.67,11.383,0.004778,724400.0,5.5218,0.002754,550600.0,3.6324,0.001489,598933.33,2.2262,0.00102,560700.0,1.7835,0.000816,560933.33,1.1885,0.000555
20261008,5514,三豐,60000.0,20000.0,12000.0,,11000.0,13000.0,9000.0,1000.0,3000.0,21000.0,5000.0,2000.0,15000.0,2000.0,2000.0,4000.0,6000.0,11000.0,28000.0,309000.0,14000.0,5000.0,10000.0,16000.0,6000.0,32000.0,281000.0,7000.0,13000.0,9000.0,30666.67,65.2174,0.001434,25750.0,58.2524,0.000826,16666.67,40.0,0.000447,12571.43,34.0909,0.000306,28105.26,11.236,0.000245,31965.52,6.4725,0.000167
20261008,5516,雙喜,30000.0,21000.0,33000.0,9000.0,1000.0,4000.0,4000.0,3000.0,1000.0,2000.0,4000.0,28000.0,22000.0,14000.0,11000.0,7000.0,42000.0,19000.0,3000.0,6000.0,1000.0,18000.0,8000.0,11000.0,21000.0,19000.0,20000.0,10000.0,6000.0,28000.0,28000.0,35.7143,0.000717,18800.0,31.9149,0.000413,10800.0,27.7778,0.000223,12466.67,16.0428,0.000153,13200.0,11.3636,0.000122,13533.33,7.3892,8.3e-05
20261008,5520,力泰,,3000.0,6000.0,1000.0,1000.0,1000.0,,2000.0,1000.0,1000.0,4000.0,,1000.0,,1000.0,12000.0,4000.0,3000.0,5000.0,,2000.0,19000.0,,,10000.0,8000.0,23000.0,14000.0,2000.0,,4500.0,,,2750.0,,,2000.0,,,2000.0,,,3066.67,,,5636.36,,
20261008,5523,豐謙,10000.0,3000.0,151000.0,43000.0,5000.0,66000.0,24000.0,19000.0,3000.0,60000.0,27000.0,2000.0,6000.0,4000.0,,18000.0,27000.0,2000.0,8000.0,2000.0,,,27000.0,34000.0,26000.0,,4000.0,9000.0,7000.0,23000.0,54666.67,6.0976,0.000239,42400.0,4.717,0.000138,38400.0,2.6042,7.4e-05,30214.29,2.3641,5.1e-05,25263.16,2.0833,4.1e-05,23461.54,1.6393,2.8e-05
20261008,5529,鉅陞,117000.0,715000.0,59000.0,46000.0,115000.0,82000.0,151000.0,157000.0,62000.0,138000.0,98000.0,81000.0,175000.0,52000.0,94000.0,774000.0,108000.0,93000.0,49000.0,58000.0,82000.0,168000.0,217000.0,248000.0,41000.0,184000.0,95000.0,220000.0,79000.0,173000.0,297000.0,13.1313,0.002795,210400.0,11.1217,0.001611,164200.0,7.1255,0.000871,142800.0,5.4622,0.000597,161200.0,3.629,0.000477,157700.0,2.4731,0.000325
20261008,5530,龍巖,263000.0,230000.0,267000.0,273000.0,169000.0,64000.0,190000.0,157000.0,76000.0,349000.0,187000.0,207000.0,279000.0,61000.0,114000.0,100000.0,110000.0,185000.0,132000.0,205000.0,180000.0,176000.0,150000.0,214000.0,155000.0,301000.0,285000.0,485000.0,201000.0,295000.0,253333.33,34.6053,0.006284,240400.0,21.8802,0.003621,203800.0,12.9048,0.001958,192400.0,9.113,0.001341,180900.0,7.2692,0.001073,202000.0,4.3399,0.00073
20261008,5536,聖暉*,2984000.0,2644000.0,1947000.0,2556000.0,1733000.0,1979000.0,1430000.0,655000.0,692000.0,1246000.0,2103000.0,778000.0,857000.0,343000.0,188000.0,392000.0,231000.0,509000.0,506000.0,547000.0,586000.0,731000.0,524000.0,1112000.0,1230000.0,651000.0,761000.0,803000.0,374000.0,876000.0,2525000.0,39.3927,0.071294,2372800.0,25.1517,0.041089,1786600.0,16.7021,0.022213,1475666.67,13.4809,0.015217,1216000.0,12.2697,0.012175,1065600.0,9.3343,0.008287
20261008,5543,桓鼎-KY,8000.0,9000.0,3000.0,9000.0,1000.0,7000.0,9000.0,15000.0,2000.0,9000.0,10000.0,6000.0,19000.0,11000.0,21000.0,13000.0,10000.0,26000.0,6000.0,3000.0,5000.0,15000.0,10000.0,2000.0,4000.0,22000.0,43000.0,158000.0,106000.0,17000.0,6666.67,40.0,0.000191,6000.0,26.6667,0.00011,7200.0,11.1111,6e-05,9266.67,5.7554,4.1e-05,9850.0,4.0609,3.3e-05,19300.0,1.3817,2.2e-05
20261008,5547,久舜,46000.0,22000.0,18000.0,14000.0,10000.0,13000.0,27000.0,18000.0,19000.0,28000.0,29000.0,29000.0,23000.0,26000.0,17000.0,10000.0,11000.0,41000.0,24000.0,41000.0,104000.0,12000.0,7000.0,11000.0,27000.0,24000.0,36000.0,4000.0,10000.0,21000.0,28666.67,53.4884,0.001099,22000.0,41.8182,0.000633,21500.0,21.3953,0.000342,22600.0,13.5693,0.000235,23300.0,9.8712,0.000188,24066.67,6.3712,0.000128
20261008,5548,安倉,21000.0,13000.0,29000.0,26000.0,15000.0,74000.0,41000.0,11000.0,15000.0,27000.0,23000.0,32000.0,32000.0,16000.0,18000.0,9000.0,12000.0,1000.0,4000.0,17000.0,16000.0,10000.0,3000.0,6000.0,8000.0,20000.0,9000.0,17000.0,20000.0,9000.0,21000.0,33.3333,0.000502,20800.0,20.1923,0.000289,27200.0,7.7206,0.000156,26200.0,5.3435,0.000107,21800.0,4.8165,8.6e-05,18466.67,3.7906,5.8e-05
20261008,5601,台聯櫃,9000.0,,10000.0,,3000.0,5000.0,,5000.0,5000.0,,25000.0,10000.0,,,26000.0,,10000.0,17000.0,,,15000.0,11000.0,6000.0,16000.0,,,,6000.0,20000.0,13000.0,9500.0,47.3684,0.000215,7333.33,40.9091,0.000124,6166.67,24.3243,6.7e-05,10888.89,9.1837,4.6e-05,11363.64,7.2,3.7e-05,11777.78,4.2453,2.5e-05
20261008,5603,陸海,65000.0,117000.0,233000.0,37000.0,46000.0,149000.0,84000.0,41000.0,33000.0,51000.0,37000.0,63000.0,465000.0,77000.0,28000.0,46000.0,85000.0,176000.0,114000.0,55000.0,201000.0,37000.0,107000.0,150000.0,61000.0,46000.0,78000.0,37000.0,52000.0,143000.0,138333.33,15.6627,0.001553,99600.0,13.0522,0.000895,85600.0,7.5935,0.000484,101733.33,4.2595,0.000331,100100.0,3.2468,0.000265,97133.33,2.2306,0.000181
20261008,5604,中連,7000.0,16000.0,12000.0,10000.0,15000.0,2000.0,10000.0,13000.0,9000.0,15000.0,9000.0,17000.0,15000.0,6000.0,1000.0,9000.0,13000.0,6000.0,5000.0,7000.0,7000.0,59000.0,6000.0,7000.0,18000.0,19000.0,32000.0,9000.0,13000.0,2000.0,11666.67,20.0,0.000167,12000.0,11.6667,9.6e-05,10900.0,6.422,5.2e-05,10466.67,4.4586,3.6e-05,9850.0,3.5533,2.9e-05,12300.0,1.897,1.9e-05
20261008,5609,中菲行,161000.0,191000.0,246000.0,162000.0,69000.0,62000.0,121000.0,103000.0,34000.0,44000.0,38000.0,93000.0,135000.0,47000.0,23000.0,81000.0,134000.0,142000.0,199000.0,98000.0,119000.0,112000.0,44000.0,75000.0,65000.0,119000.0,74000.0,97000.0,99000.0,183000.0,199333.33,26.9231,0.003847,165800.0,19.421,0.002217,119300.0,13.4954,0.001198,101933.33,10.5298,0.000821,109150.0,7.3752,0.000657,105666.67,5.0789,0.000447
20261008,5701,劍湖山,186000.0,140000.0,21000.0,116000.0,55000.0,39000.0,76000.0,123000.0,206000.0,186000.0,215000.0,140000.0,41000.0,72000.0,68000.0,121000.0,20000.0,94000.0,43000.0,74000.0,37000.0,51000.0,51000.0,36000.0,72000.0,86000.0,179000.0,575000.0,90000.0,64000.0,115666.67,53.6023,0.004444,103600.0,35.9073,0.002561,114800.0,16.2021,0.001385,112266.67,11.0451,0.000949,101800.0,9.1356,0.000759,109233.33,5.6759,0.000517
20261008,5703,亞都,,2000.0,1000.0,1000.0,,,3000.0,,,,,2000.0,13000.0,2000.0,1000.0,,,20000.0,16000.0,3000.0,,3000.0,,4000.0,52000.0,31000.0,4000.0,10000.0,7000.0,6000.0,1500.0,,,1333.33,,,1750.0,,,3125.0,,,5818.18,,,9526.32,,
20261008,5704,老爺知,60000.0,22000.0,22000.0,49000.0,10000.0,9000.0,85000.0,6000.0,7000.0,9000.0,23000.0,69000.0,17000.0,17000.0,18000.0,28000.0,16000.0,19000.0,25000.0,9000.0,45000.0,57000.0,52000.0,32000.0,41000.0,31000.0,54000.0,79000.0,20000.0,28000.0,34666.67,57.6923,0.001434,32600.0,36.8098,0.000826,27900.0,21.5054,0.000447,28200.0,14.1844,0.000306,26000.0,11.5385,0.000245,31966.67,6.2565,0.000167
20261008,5864,致和證,1796000.0,2592000.0,5006000.0,3157000.0,2438000.0,3329000.0,5176000.0,1763000.0,1935000.0,2279000.0,5955000.0,4818000.0,3022000.0,1957000.0,1326000.0,1842000.0,2357000.0,4772000.0,1723000.0,3170000.0,2892000.0,3071000.0,2138000.0,2585000.0,2374000.0,2569000.0,2668000.0,4109000.0,2696000.0,2125000.0,3131333.33,19.1186,0.04291,2997800.0,11.9821,0.02473,2947100.0,6.0941,0.013369,3103266.67,3.8583,0.009159,3020650.0,2.9729,0.007328,2921333.33,2.0493,0.004988
20261008,5878,台名,3000.0,4000.0,5000.0,17000.0,5000.0,3000.0,5000.0,8000.0,2000.0,4000.0,,,4000.0,,3000.0,3000.0,1000.0,6000.0,2000.0,4000.0,3000.0,7000.0,1000.0,2000.0,9000.0,6000.0,4000.0,7000.0,1000.0,,4000.0,25.0,7.2e-05,6800.0,8.8235,4.1e-05,5600.0,5.3571,2.2e-05,5250.0,4.7619,1.5e-05,4647.06,3.7975,1.2e-05,4576.92,2.521,8e-06
20261008,5902,德記,29000.0,10000.0,415000.0,106000.0,17000.0,9000.0,75000.0,5000.0,81000.0,116000.0,377000.0,27000.0,,11000.0,113000.0,114000.0,191000.0,40000.0,99000.0,136000.0,157000.0,164000.0,2000.0,5000.0,4000.0,4000.0,,2000.0,9000.0,14000.0,151333.33,6.3877,0.000693,115400.0,5.026,0.000399,86300.0,3.3604,0.000216,99357.14,2.0848,0.000148,103736.84,1.4713,0.000118,83285.71,1.2436,8.1e-05
20261008,5903,全家,8000.0,13000.0,9000.0,42000.0,13000.0,15000.0,16000.0,17000.0,42000.0,34000.0,21000.0,22000.0,13000.0,15000.0,9000.0,17000.0,12000.0,8000.0,11000.0,13000.0,14000.0,17000.0,5000.0,30000.0,6000.0,24000.0,10000.0,8000.0,27000.0,11000.0,10000.0,26.6667,0.000191,17000.0,9.4118,0.00011,20900.0,3.8278,6e-05,19266.67,2.7682,4.1e-05,17500.0,2.2857,3.3e-05,16733.33,1.5936,2.2e-05
20261008,5904,寶雅*,2145000.0,3063000.0,2607000.0,2756000.0,3935000.0,3109000.0,4825000.0,4138000.0,7271000.0,4678000.0,6988000.0,4745000.0,5788000.0,12779000.0,4461000.0,3922000.0,3294000.0,5069000.0,3048000.0,4868000.0,2485000.0,3843000.0,6447000.0,9461000.0,3537000.0,7118000.0,5358000.0,5232000.0,6126000.0,4959000.0,2605000.0,27.4472,0.051249,2901200.0,14.787,0.029536,3852700.0,5.5675,0.015967,4885866.67,2.9268,0.010939,4674450.0,2.2944,0.008752,4935166.67,1.4488,0.005957
20261008,5905,南仁湖,135000.0,226000.0,341000.0,236000.0,193000.0,223000.0,354000.0,441000.0,216000.0,330000.0,353000.0,356000.0,227000.0,142000.0,384000.0,207000.0,655000.0,535000.0,660000.0,674000.0,699000.0,446000.0,375000.0,411000.0,268000.0,266000.0,345000.0,923000.0,458000.0,391000.0,234000.0,19.2308,0.003225,226200.0,11.9363,0.001859,269500.0,5.0093,0.001005,277133.33,3.2475,0.000688,344400.0,1.9599,0.000551,382333.33,1.177,0.000375
20261008,6015,宏遠證,3022000.0,1640000.0,1617000.0,2966000.0,1572000.0,2975000.0,2620000.0,1190000.0,1951000.0,2354000.0,3710000.0,5622000.0,3165000.0,2645000.0,1125000.0,1668000.0,1721000.0,2035000.0,1390000.0,5632000.0,5927000.0,2173000.0,2319000.0,2104000.0,908000.0,2370000.0,1594000.0,2381000.0,1508000.0,1049000.0,2093000.0,48.1287,0.072202,2163400.0,27.9375,0.041612,2190700.0,13.7947,0.022496,2544933.33,7.9164,0.015411,2531000.0,5.97,0.01233,2431766.67,4.1424,0.008393
20261008,6016,康和證,6907000.0,2394000.0,4580000.0,4937000.0,2839000.0,6094000.0,5258000.0,2334000.0,3085000.0,4983000.0,6768000.0,7014000.0,4018000.0,5397000.0,2651000.0,3882000.0,3366000.0,3461000.0,4059000.0,7378000.0,11626000.0,8085000.0,6421000.0,6322000.0,6339000.0,3119000.0,3646000.0,9505000.0,3616000.0,1922000.0,4627000.0,49.7587,0.165023,4331400.0,31.8927,0.095107,4341100.0,15.9107,0.051415,4617266.67,9.9727,0.035223,4570250.0,7.5565,0.028181,5066866.67,4.5439,0.019182
20261008,6020,大展證,5000.0,6000.0,6000.0,20000.0,12000.0,6000.0,12000.0,3000.0,11000.0,36000.0,27000.0,64000.0,15000.0,91000.0,11000.0,9000.0,15000.0,20000.0,22000.0,8000.0,19000.0,11000.0,26000.0,18000.0,2000.0,18000.0,10000.0,11000.0,2000.0,10000.0,5666.67,29.4118,0.000119,9800.0,10.2041,6.9e-05,11700.0,4.2735,3.7e-05,21666.67,1.5385,2.5e-05,19950.0,1.2531,2e-05,17533.33,0.9506,1.4e-05
20261008,6021,美好證,331000.0,122000.0,295000.0,168000.0,52000.0,92000.0,116000.0,190000.0,182000.0,438000.0,387000.0,522000.0,426000.0,624000.0,515000.0,467000.0,619000.0,387000.0,735000.0,355000.0,740000.0,299000.0,274000.0,104000.0,119000.0,82000.0,152000.0,104000.0,80000.0,196000.0,249333.33,44.2513,0.007908,193600.0,34.1942,0.004558,198600.0,16.6667,0.002464,297333.33,7.4215,0.001688,351150.0,4.7131,0.001351,305766.67,3.6084,0.000919
20261008,6023,元大期,207000.0,250000.0,172000.0,727000.0,355000.0,996000.0,733000.0,434000.0,1165000.0,483000.0,262000.0,601000.0,401000.0,1537000.0,411000.0,315000.0,242000.0,359000.0,1431000.0,1939000.0,861000.0,4104000.0,358000.0,399000.0,336000.0,570000.0,1197000.0,310000.0,335000.0,648000.0,209666.67,32.9094,0.004946,342200.0,12.0982,0.00285,552200.0,3.7486,0.001541,582266.67,2.37,0.001056,651000.0,1.5899,0.000845,737933.33,0.935,0.000575
20261008,6026,福邦證,440000.0,429000.0,823000.0,850000.0,755000.0,975000.0,1096000.0,612000.0,644000.0,1771000.0,2368000.0,2022000.0,835000.0,1712000.0,811000.0,909000.0,832000.0,810000.0,645000.0,853000.0,1373000.0,1340000.0,947000.0,1358000.0,623000.0,887000.0,837000.0,1369000.0,1719000.0,1006000.0,564000.0,26.0047,0.010513,659400.0,13.3455,0.006059,839500.0,5.2412,0.003275,1076200.0,2.7256,0.002244,1009600.0,2.1791,0.001795,1055033.33,1.3902,0.001222
20261008,6028,公勝保經,59000.0,171000.0,50000.0,35000.0,9000.0,11000.0,7000.0,19000.0,25000.0,33000.0,16000.0,8000.0,1000.0,5000.0,4000.0,12000.0,1000.0,9000.0,5000.0,5000.0,6000.0,4000.0,14000.0,19000.0,19000.0,5000.0,2000.0,11000.0,16000.0,12000.0,93333.33,21.0714,0.00141,64800.0,18.2099,0.000812,41900.0,14.0811,0.000439,30200.0,13.0243,0.000301,24250.0,12.1649,0.000241,19766.67,9.9494,0.000164
20261008,6101,寬魚國際,169000.0,361000.0,166000.0,195000.0,85000.0,197000.0,226000.0,72000.0,59000.0,95000.0,242000.0,253000.0,205000.0,124000.0,59000.0,368000.0,195000.0,116000.0,226000.0,321000.0,330000.0,128000.0,253000.0,313000.0,156000.0,473000.0,101000.0,242000.0,213000.0,345000.0,232000.0,24.2816,0.004038,195200.0,17.3156,0.002327,162500.0,10.4,0.001258,167200.0,6.7384,0.000862,186700.0,4.526,0.00069,209600.0,2.6877,0.000469
20261008,6103,合邦,84000.0,64000.0,9000.0,20000.0,44000.0,14000.0,131000.0,124000.0,57000.0,57000.0,40000.0,40000.0,146000.0,28000.0,14000.0,12000.0,3000.0,13000.0,13000.0,10000.0,44000.0,42000.0,23000.0,57000.0,39000.0,28000.0,87000.0,207000.0,33000.0,12000.0,52333.33,53.5032,0.002007,44200.0,38.009,0.001157,60400.0,13.9073,0.000625,58133.33,9.633,0.000428,46150.0,9.1008,0.000343,49833.33,5.6187,0.000233
20261008,6104,創惟,427000.0,475000.0,1287000.0,466000.0,233000.0,424000.0,412000.0,264000.0,318000.0,197000.0,357000.0,382000.0,390000.0,298000.0,170000.0,267000.0,239000.0,255000.0,268000.0,273000.0,706000.0,337000.0,275000.0,524000.0,295000.0,372000.0,631000.0,1020000.0,1482000.0,1662000.0,729666.67,19.5066,0.010202,577600.0,14.7853,0.00588,450300.0,9.4826,0.003179,406666.67,7.0,0.002178,370100.0,5.7687,0.001742,490200.0,2.9036,0.001186
20261008,6109,亞元,44000.0,99000.0,67000.0,54000.0,125000.0,59000.0,131000.0,127000.0,36000.0,97000.0,80000.0,110000.0,65000.0,112000.0,178000.0,156000.0,57000.0,98000.0,142000.0,130000.0,140000.0,113000.0,85000.0,72000.0,94000.0,100000.0,61000.0,61000.0,74000.0,96000.0,70000.0,20.9524,0.001051,77800.0,11.3111,0.000606,83900.0,5.2443,0.000328,92266.67,3.1792,0.000224,98350.0,2.2369,0.00018,95433.33,1.5368,0.000122
20261008,6111,光聚晶電,81000.0,79000.0,112000.0,126000.0,218000.0,108000.0,231000.0,200000.0,175000.0,104000.0,190000.0,133000.0,374000.0,177000.0,170000.0,139000.0,154000.0,292000.0,59000.0,72000.0,209000.0,70000.0,175000.0,166000.0,127000.0,192000.0,323000.0,131000.0,61000.0,222000.0,90666.67,29.7794,0.001935,123200.0,13.1494,0.001115,143400.0,5.6485,0.000603,165200.0,3.2688,0.000413,159700.0,2.536,0.00033,162333.33,1.6632,0.000225
20261008,6113,亞矽,502000.0,52000.0,105000.0,206000.0,840000.0,621000.0,72000.0,26000.0,20000.0,43000.0,51000.0,80000.0,112000.0,34000.0,35000.0,38000.0,69000.0,80000.0,69000.0,116000.0,59000.0,158000.0,112000.0,112000.0,134000.0,56000.0,81000.0,48000.0,72000.0,55000.0,219666.67,76.176,0.011994,341000.0,29.4428,0.006912,248700.0,20.185,0.003737,186600.0,17.935,0.00256,158550.0,15.831,0.002048,135266.67,12.3706,0.001394
20261008,6114,久威,15000.0,52000.0,54000.0,25000.0,23000.0,,99000.0,16000.0,12000.0,27000.0,86000.0,20000.0,22000.0,4000.0,47000.0,29000.0,9000.0,33000.0,49000.0,14000.0,7000.0,9000.0,11000.0,16000.0,9000.0,10000.0,8000.0,11000.0,17000.0,27000.0,40333.33,12.3967,0.000358,33800.0,8.8757,0.000207,35888.89,4.644,0.000112,35857.14,2.988,7.6e-05,33473.68,2.3585,6.1e-05,26241.38,1.9711,4.2e-05
20261008,6118,建達,129000.0,206000.0,49000.0,133000.0,207000.0,852000.0,699000.0,656000.0,1118000.0,940000.0,174000.0,165000.0,50000.0,25000.0,98000.0,62000.0,63000.0,109000.0,88000.0,57000.0,49000.0,89000.0,202000.0,87000.0,92000.0,71000.0,35000.0,70000.0,49000.0,92000.0,128000.0,33.5938,0.003082,144800.0,17.8177,0.001776,498900.0,2.5857,0.00096,366733.33,2.345,0.000658,294000.0,2.1939,0.000526,223866.67,1.9208,0.000358
20261008,6121,新普,517000.0,319000.0,1092000.0,423000.0,348000.0,291000.0,389000.0,307000.0,161000.0,336000.0,551000.0,420000.0,1747000.0,604000.0,498000.0,310000.0,250000.0,617000.0,375000.0,367000.0,665000.0,789000.0,267000.0,477000.0,353000.0,358000.0,389000.0,358000.0,499000.0,533000.0,642666.67,26.8154,0.012352,539800.0,19.1552,0.007119,418300.0,12.3596,0.003849,533533.33,6.4601,0.002636,496100.0,5.2106,0.002109,487000.0,3.5387,0.001436
20261008,6122,擎邦,1484000.0,1317000.0,2842000.0,2892000.0,2127000.0,2098000.0,2280000.0,2299000.0,2682000.0,2160000.0,903000.0,410000.0,278000.0,299000.0,185000.0,248000.0,333000.0,256000.0,148000.0,312000.0,160000.0,326000.0,876000.0,2005000.0,137000.0,92000.0,108000.0,153000.0,207000.0,97000.0,1881000.0,26.2981,0.035456,2132400.0,13.9186,0.020434,2218100.0,6.6904,0.011047,1617066.67,6.1181,0.007568,1277650.0,5.8075,0.006055,990466.67,4.9943,0.004121
20261008,6123,上奇,18000.0,17000.0,20000.0,42000.0,32000.0,21000.0,87000.0,38000.0,34000.0,32000.0,29000.0,42000.0,13000.0,28000.0,20000.0,63000.0,24000.0,37000.0,23000.0,70000.0,20000.0,33000.0,23000.0,31000.0,30000.0,31000.0,10000.0,27000.0,49000.0,57000.0,18333.33,32.7273,0.00043,25800.0,13.9535,0.000248,34100.0,5.2786,0.000134,31533.33,3.8055,9.2e-05,34500.0,2.6087,7.3e-05,33366.67,1.7982,5e-05
20261008,6124,業強,10000.0,4000.0,29000.0,20000.0,25000.0,4000.0,12000.0,1000.0,17000.0,15000.0,15000.0,5000.0,5000.0,6000.0,5000.0,2000.0,3000.0,16000.0,5000.0,33000.0,4000.0,22000.0,25000.0,12000.0,14000.0,15000.0,24000.0,45000.0,22000.0,12000.0,14333.33,23.2558,0.000239,17600.0,11.3636,0.000138,13700.0,7.2993,7.4e-05,11533.33,5.7803,5.1e-05,11600.0,4.3103,4.1e-05,14233.33,2.3419,2.8e-05
20261008,6125,廣運,967000.0,460000.0,460000.0,754000.0,943000.0,339000.0,480000.0,327000.0,288000.0,335000.0,502000.0,314000.0,503000.0,362000.0,374000.0,419000.0,421000.0,733000.0,522000.0,584000.0,576000.0,731000.0,1153000.0,3282000.0,1144000.0,628000.0,908000.0,873000.0,1224000.0,871000.0,629000.0,51.2454,0.023104,716800.0,26.981,0.013315,535300.0,18.0646,0.007198,493866.67,13.0535,0.004931,504350.0,9.5866,0.003945,715900.0,4.5025,0.002686
20261008,6126,信音,555000.0,437000.0,1252000.0,4561000.0,487000.0,187000.0,282000.0,193000.0,260000.0,289000.0,413000.0,638000.0,1216000.0,2196000.0,580000.0,294000.0,252000.0,241000.0,435000.0,340000.0,453000.0,426000.0,250000.0,595000.0,273000.0,365000.0,229000.0,378000.0,337000.0,200000.0,748000.0,24.7326,0.01326,1458400.0,7.6111,0.007642,850300.0,6.5271,0.004131,903066.67,4.0972,0.00283,755400.0,3.6736,0.002264,620466.67,2.9816,0.001541
20261008,6127,九豪,25256000.0,12157000.0,4366000.0,11098000.0,29437000.0,16443000.0,4064000.0,6392000.0,1309000.0,1215000.0,1794000.0,1670000.0,1299000.0,1615000.0,1640000.0,2057000.0,2074000.0,3997000.0,6237000.0,3552000.0,1832000.0,2483000.0,3088000.0,1821000.0,2198000.0,3928000.0,2977000.0,8176000.0,2292000.0,1852000.0,13926333.33,60.4514,0.60342,16462800.0,30.6825,0.347766,11173700.0,22.6031,0.188004,7983666.67,21.0897,0.128794,6883600.0,18.3451,0.103046,5610633.33,15.0048,0.070141
20261008,6129,普誠,154000.0,261000.0,321000.0,608000.0,500000.0,241000.0,393000.0,123000.0,281000.0,385000.0,466000.0,750000.0,331000.0,954000.0,854000.0,233000.0,638000.0,,,,,,,,549000.0,546000.0,752000.0,400000.0,517000.0,335000.0,245333.33,20.9239,0.003679,368800.0,8.3514,0.002121,326700.0,4.7138,0.001146,441466.67,2.3256,0.000785,440764.71,2.0553,0.000628,460521.74,1.4539,0.000428
20261008,6130,上亞科技,88000.0,25000.0,68000.0,581000.0,303000.0,15000.0,155000.0,79000.0,61000.0,52000.0,63000.0,65000.0,97000.0,28000.0,56000.0,499000.0,59000.0,89000.0,46000.0,76000.0,316000.0,62000.0,102000.0,89000.0,75000.0,69000.0,79000.0,161000.0,73000.0,138000.0,60333.33,48.6188,0.002103,213000.0,8.2629,0.001212,142700.0,6.1668,0.000655,115733.33,5.0691,0.000449,125250.0,3.513,0.000359,122300.0,2.3985,0.000244
20261008,6134,萬旭,199000.0,298000.0,542000.0,1292000.0,149000.0,166000.0,168000.0,52000.0,85000.0,108000.0,280000.0,284000.0,45000.0,150000.0,228000.0,54000.0,79000.0,114000.0,101000.0,176000.0,193000.0,191000.0,246000.0,107000.0,102000.0,108000.0,237000.0,153000.0,152000.0,219000.0,346333.33,19.153,0.004755,496000.0,8.0242,0.00274,305900.0,6.5054,0.001481,269733.33,4.9184,0.001015,228500.0,4.3545,0.000812,209266.67,3.1698,0.000553
20261008,6138,茂達,504000.0,952000.0,517000.0,1158000.0,719000.0,661000.0,319000.0,386000.0,232000.0,334000.0,459000.0,294000.0,534000.0,312000.0,221000.0,212000.0,302000.0,310000.0,288000.0,361000.0,920000.0,899000.0,215000.0,385000.0,464000.0,505000.0,595000.0,1319000.0,1087000.0,792000.0,657666.67,25.5449,0.012042,770000.0,13.0909,0.00694,578200.0,8.7167,0.003752,506800.0,6.6298,0.00257,453750.0,5.5537,0.002056,541866.67,3.1004,0.0014
20261008,6140,訊達,195000.0,948000.0,1009000.0,210000.0,133000.0,212000.0,315000.0,332000.0,549000.0,681000.0,1674000.0,2616000.0,1190000.0,848000.0,1565000.0,326000.0,289000.0,113000.0,65000.0,42000.0,44000.0,40000.0,59000.0,45000.0,50000.0,26000.0,38000.0,54000.0,32000.0,62000.0,717333.33,9.0613,0.004659,499000.0,7.8156,0.002685,458400.0,4.2539,0.001452,831800.0,1.5629,0.000994,665600.0,1.4648,0.000796,458733.33,1.4169,0.000542
20261008,6143,振曜,481000.0,391000.0,521000.0,575000.0,173000.0,239000.0,179000.0,167000.0,135000.0,273000.0,233000.0,121000.0,202000.0,212000.0,336000.0,504000.0,211000.0,375000.0,399000.0,329000.0,539000.0,321000.0,340000.0,273000.0,244000.0,314000.0,195000.0,237000.0,293000.0,173000.0,464333.33,34.5298,0.011492,428200.0,22.4661,0.006623,313400.0,15.3478,0.003581,282533.33,11.3497,0.002453,302800.0,7.9425,0.001963,299500.0,5.3534,0.001336
20261008,6144,得利影,7000.0,34000.0,16000.0,55000.0,120000.0,12000.0,5000.0,7000.0,4000.0,5000.0,23000.0,28000.0,20000.0,5000.0,12000.0,13000.0,1000.0,10000.0,13000.0,6000.0,1000.0,3000.0,3000.0,14000.0,18000.0,5000.0,17000.0,5000.0,5000.0,11000.0,19000.0,12.2807,0.000167,46400.0,3.0172,9.6e-05,26500.0,2.6415,5.2e-05,23533.33,1.983,3.6e-05,19800.0,1.7677,2.9e-05,15933.33,1.4644,1.9e-05
20261008,6146,耕興,1381000.0,156000.0,158000.0,133000.0,224000.0,211000.0,202000.0,152000.0,174000.0,241000.0,181000.0,126000.0,263000.0,360000.0,697000.0,211000.0,169000.0,195000.0,232000.0,187000.0,169000.0,207000.0,575000.0,388000.0,286000.0,163000.0,138000.0,156000.0,197000.0,193000.0,565000.0,81.4749,0.032995,410400.0,67.3002,0.019016,303200.0,45.5475,0.01028,310600.0,29.6416,0.007042,282650.0,24.4295,0.005635,270833.33,16.9969,0.003835
20261008,6147,頎邦,47794000.0,78639000.0,21198000.0,33804000.0,28052000.0,48758000.0,20808000.0,20081000.0,15040000.0,39304000.0,53143000.0,40412000.0,72627000.0,70040000.0,64262000.0,63670000.0,41513000.0,24656000.0,56352000.0,47727000.0,49418000.0,47256000.0,62692000.0,63936000.0,15421000.0,22963000.0,20856000.0,52447000.0,70294000.0,29810000.0,49210333.33,32.374,1.141901,41897400.0,22.8148,0.658106,35347800.0,13.5211,0.355775,43597466.67,7.3084,0.243728,44394000.0,5.3829,0.195003,44099100.0,3.6126,0.132734
20261008,6148,驊宏資,744000.0,1374000.0,5306000.0,1099000.0,1106000.0,1083000.0,1353000.0,1902000.0,6786000.0,1999000.0,2662000.0,14820000.0,9048000.0,5412000.0,21382000.0,4808000.0,1342000.0,1762000.0,56000.0,69000.0,69000.0,142000.0,163000.0,86000.0,35000.0,33000.0,40000.0,95000.0,117000.0,80000.0,2474666.67,10.0216,0.017776,1925800.0,7.7267,0.010245,2275200.0,3.27,0.005538,5071733.33,0.978,0.003794,4205650.0,0.8845,0.003036,2832433.33,0.8756,0.002066
20261008,6150,撼訊,377000.0,208000.0,405000.0,668000.0,1738000.0,3208000.0,340000.0,114000.0,69000.0,292000.0,175000.0,172000.0,160000.0,89000.0,75000.0,147000.0,218000.0,977000.0,308000.0,293000.0,145000.0,133000.0,167000.0,175000.0,390000.0,90000.0,85000.0,130000.0,86000.0,140000.0,330000.0,38.0808,0.009007,679200.0,11.1013,0.005191,741900.0,5.0815,0.002806,539333.33,4.6601,0.001923,501650.0,3.7576,0.001538,385800.0,3.2573,0.001047
20261008,6151,晉倫,77000.0,137000.0,67000.0,71000.0,78000.0,93000.0,117000.0,102000.0,78000.0,60000.0,123000.0,41000.0,131000.0,65000.0,170000.0,66000.0,89000.0,77000.0,60000.0,88000.0,149000.0,93000.0,65000.0,152000.0,129000.0,132000.0,94000.0,96000.0,76000.0,80000.0,93666.67,27.4021,0.00184,86000.0,17.907,0.00106,88000.0,8.75,0.000573,94000.0,5.461,0.000393,89500.0,4.3017,0.000314,95200.0,2.6961,0.000214
20261008,6154,順發,23000.0,8000.0,5000.0,25000.0,20000.0,40000.0,33000.0,26000.0,42000.0,54000.0,40000.0,17000.0,10000.0,34000.0,21000.0,14000.0,23000.0,32000.0,15000.0,8000.0,19000.0,10000.0,6000.0,12000.0,20000.0,33000.0,8000.0,10000.0,61000.0,7000.0,12000.0,63.8889,0.00055,16200.0,28.3951,0.000317,27600.0,8.3333,0.000171,26533.33,5.7789,0.000117,24500.0,4.6939,9.4e-05,22533.33,3.4024,6.4e-05
20261008,6156,松上,808000.0,2039000.0,2698000.0,567000.0,700000.0,767000.0,741000.0,907000.0,196000.0,341000.0,341000.0,420000.0,390000.0,621000.0,328000.0,254000.0,422000.0,1452000.0,315000.0,316000.0,397000.0,200000.0,380000.0,453000.0,430000.0,436000.0,512000.0,514000.0,803000.0,377000.0,1848333.33,14.5717,0.019305,1362400.0,11.8614,0.011126,976400.0,8.2753,0.006015,790933.33,6.8105,0.00412,731150.0,5.5255,0.003297,637500.0,4.2248,0.002244
20261008,6158,禾昌,38000.0,35000.0,59000.0,152000.0,447000.0,36000.0,88000.0,14000.0,26000.0,57000.0,19000.0,36000.0,52000.0,93000.0,43000.0,23000.0,44000.0,15000.0,3000.0,32000.0,31000.0,39000.0,43000.0,124000.0,217000.0,50000.0,37000.0,12000.0,38000.0,28000.0,44000.0,28.7879,0.000908,146200.0,5.1984,0.000523,95200.0,3.9916,0.000283,79666.67,3.1799,0.000194,65600.0,2.8963,0.000155,64366.67,1.9679,0.000106
20261008,6160,欣技,35000.0,58000.0,103000.0,29000.0,57000.0,44000.0,59000.0,39000.0,62000.0,36000.0,37000.0,96000.0,56000.0,37000.0,24000.0,50000.0,28000.0,36000.0,29000.0,24000.0,42000.0,24000.0,46000.0,70000.0,127000.0,47000.0,36000.0,81000.0,59000.0,71000.0,65333.33,17.8571,0.000836,56400.0,12.4113,0.000482,52200.0,6.705,0.000261,51466.67,4.5337,0.000178,46950.0,3.7274,0.000143,51400.0,2.2698,9.7e-05
20261008,6161,捷波,27000.0,28000.0,23000.0,59000.0,65000.0,38000.0,203000.0,59000.0,44000.0,131000.0,26000.0,39000.0,85000.0,84000.0,46000.0,62000.0,51000.0,169000.0,478000.0,63000.0,91000.0,78000.0,96000.0,391000.0,26000.0,49000.0,76000.0,98000.0,111000.0,51000.0,26000.0,34.6154,0.000645,40400.0,13.3663,0.000372,67700.0,3.9882,0.000201,63800.0,2.8213,0.000138,89000.0,1.5169,0.00011,94900.0,0.9484,7.5e-05
20261008,6163,華電網,1803000.0,1063000.0,1139000.0,3909000.0,495000.0,676000.0,1247000.0,476000.0,757000.0,615000.0,459000.0,1203000.0,572000.0,785000.0,771000.0,1546000.0,343000.0,688000.0,196000.0,181000.0,343000.0,267000.0,317000.0,1138000.0,626000.0,440000.0,414000.0,382000.0,601000.0,354000.0,1335000.0,45.0187,0.043078,1681800.0,21.4413,0.024827,1218000.0,14.803,0.013421,1064666.67,11.2899,0.009194,946200.0,9.5276,0.007356,793533.33,7.5737,0.005007
20261008,6167,久正,,,194000.0,311000.0,237000.0,182000.0,199000.0,175000.0,229000.0,153000.0,296000.0,164000.0,159000.0,194000.0,114000.0,140000.0,177000.0,346000.0,154000.0,76000.0,158000.0,193000.0,342000.0,329000.0,198000.0,505000.0,536000.0,405000.0,430000.0,144000.0,194000.0,,,247333.33,,,210000.0,,,200538.46,,,194444.44,,,240714.29,,
20261008,6169,昱泉,19000.0,16000.0,2000.0,,12000.0,8000.0,2000.0,10000.0,6000.0,5000.0,18000.0,6000.0,21000.0,4000.0,9000.0,2000.0,9000.0,17000.0,6000.0,,14000.0,6000.0,18000.0,10000.0,6000.0,13000.0,10000.0,3000.0,8000.0,6000.0,12333.33,51.3514,0.000454,12250.0,38.7755,0.000262,8888.89,23.75,0.000141,9857.14,13.7681,9.7e-05,9555.56,11.0465,7.8e-05,9500.0,7.1429,5.3e-05
20261008,6170,統振,185000.0,115000.0,132000.0,146000.0,114000.0,161000.0,125000.0,195000.0,107000.0,117000.0,82000.0,119000.0,152000.0,148000.0,103000.0,88000.0,101000.0,94000.0,120000.0,468000.0,189000.0,63000.0,127000.0,180000.0,118000.0,158000.0,80000.0,169000.0,170000.0,199000.0,144000.0,42.8241,0.00442,138400.0,26.7341,0.002547,139700.0,13.2427,0.001377,133400.0,9.2454,0.000943,143600.0,6.4415,0.000755,144166.67,4.2775,0.000514
20261008,6171,大城地產,71000.0,178000.0,37000.0,121000.0,339000.0,435000.0,149000.0,90000.0,33000.0,53000.0,58000.0,39000.0,178000.0,69000.0,16000.0,5000.0,57000.0,52000.0,5000.0,45000.0,20000.0,56000.0,45000.0,54000.0,38000.0,35000.0,54000.0,54000.0,139000.0,156000.0,95333.33,24.8252,0.001696,149200.0,9.5174,0.000978,150600.0,4.7145,0.000529,124400.0,3.8049,0.000362,101500.0,3.4975,0.00029,89366.67,2.6483,0.000197
20261008,6173,信昌電,,,5379000.0,11506000.0,23916000.0,31024000.0,10697000.0,6830000.0,11387000.0,9998000.0,15447000.0,13283000.0,18216000.0,25894000.0,27771000.0,28887000.0,25410000.0,59199000.0,21350000.0,12343000.0,16950000.0,12170000.0,18224000.0,12412000.0,9462000.0,21704000.0,28268000.0,17292000.0,10757000.0,6116000.0,5379000.0,,,13600333.33,,,13842125.0,,,16257538.46,,,19918722.22,,,18281857.14,,
20261008,6174,安碁,10210000.0,5824000.0,2815000.0,1302000.0,1557000.0,1588000.0,499000.0,1082000.0,529000.0,802000.0,300000.0,759000.0,360000.0,535000.0,1180000.0,586000.0,482000.0,327000.0,369000.0,666000.0,595000.0,691000.0,308000.0,723000.0,387000.0,726000.0,413000.0,667000.0,752000.0,799000.0,6283000.0,54.1673,0.243939,4341600.0,47.0334,0.140588,2620800.0,38.9576,0.076003,1956133.33,34.7965,0.052066,1588600.0,32.1352,0.041657,1261100.0,26.987,0.028355
20261008,6175,立敦,1976000.0,3676000.0,1037000.0,2757000.0,4673000.0,5454000.0,504000.0,249000.0,321000.0,474000.0,747000.0,919000.0,418000.0,303000.0,440000.0,337000.0,379000.0,499000.0,718000.0,429000.0,542000.0,765000.0,1248000.0,744000.0,827000.0,999000.0,1048000.0,2410000.0,1457000.0,677000.0,2229666.67,29.541,0.047211,2823800.0,13.9953,0.027209,2112100.0,9.3556,0.014709,1596533.33,8.2512,0.010077,1315500.0,7.5105,0.008062,1234233.33,5.3366,0.005488
20261008,6179,亞通,9499000.0,4470000.0,7782000.0,4000000.0,3032000.0,3424000.0,7509000.0,7209000.0,5996000.0,6245000.0,12486000.0,17762000.0,29422000.0,13501000.0,11799000.0,9417000.0,13147000.0,22023000.0,42706000.0,25818000.0,12134000.0,2952000.0,2697000.0,2419000.0,2031000.0,3869000.0,11056000.0,10885000.0,1248000.0,2643000.0,7250333.33,43.6716,0.226951,5756600.0,33.0021,0.130798,5916600.0,16.0548,0.07071,9609066.67,6.5903,0.048441,12862350.0,3.6926,0.038757,10306033.33,3.0723,0.026381
20261008,6180,橘子,835000.0,625000.0,228000.0,215000.0,201000.0,348000.0,229000.0,231000.0,131000.0,193000.0,218000.0,262000.0,178000.0,132000.0,154000.0,130000.0,111000.0,153000.0,214000.0,251000.0,327000.0,558000.0,563000.0,201000.0,269000.0,480000.0,435000.0,382000.0,506000.0,446000.0,562666.67,49.4668,0.01995,420800.0,39.6863,0.011498,323600.0,25.8035,0.006216,278666.67,19.9761,0.004258,251950.0,16.5707,0.003407,306866.67,9.0702,0.002319
20261008,6182,合晶,59848000.0,69646000.0,66645000.0,90831000.0,140842000.0,179477000.0,155900000.0,66064000.0,92271000.0,116114000.0,100848000.0,45511000.0,64336000.0,58463000.0,44614000.0,40338000.0,17900000.0,21136000.0,15488000.0,19606000.0,57957000.0,40054000.0,36225000.0,47543000.0,67164000.0,72007000.0,28469000.0,67776000.0,40964000.0,39884000.0,65379666.67,30.5131,1.429897,85562400.0,13.9893,0.824085,103763800.0,5.7677,0.445505,90094000.0,4.4286,0.305197,73293900.0,4.0827,0.244184,65464033.33,3.0474,0.16621
20261008,6185,幃翔,382000.0,134000.0,151000.0,166000.0,145000.0,154000.0,101000.0,108000.0,118000.0,300000.0,191000.0,109000.0,46000.0,88000.0,309000.0,328000.0,448000.0,349000.0,118000.0,234000.0,116000.0,73000.0,139000.0,80000.0,197000.0,199000.0,325000.0,185000.0,499000.0,345000.0,222333.33,57.2714,0.009127,195600.0,39.0593,0.00526,175900.0,21.7169,0.002844,166800.0,15.2678,0.001948,198950.0,9.6004,0.001559,204566.67,6.2245,0.001061
20261008,6186,新潤,146000.0,238000.0,331000.0,499000.0,378000.0,169000.0,282000.0,344000.0,554000.0,1023000.0,568000.0,1033000.0,3180000.0,325000.0,171000.0,747000.0,366000.0,476000.0,522000.0,622000.0,649000.0,930000.0,1453000.0,484000.0,299000.0,872000.0,798000.0,538000.0,616000.0,734000.0,238333.33,20.4196,0.003488,318400.0,9.1709,0.00201,396400.0,3.6831,0.001087,616066.67,1.5799,0.000745,598700.0,1.2193,0.000596,644900.0,0.7546,0.000405
20261008,6187,萬潤,2885000.0,2287000.0,5515000.0,4544000.0,2272000.0,1612000.0,4915000.0,3324000.0,1008000.0,1386000.0,1303000.0,1457000.0,982000.0,1169000.0,993000.0,1084000.0,1907000.0,1567000.0,1829000.0,2844000.0,3519000.0,2297000.0,1920000.0,2927000.0,1902000.0,3103000.0,2698000.0,5986000.0,4797000.0,2614000.0,3562333.33,26.9954,0.068929,3500600.0,16.4829,0.039725,2974800.0,9.6981,0.021476,2376800.0,8.0921,0.014712,2244150.0,6.4278,0.011771,2554866.67,3.7641,0.008012
20261008,6188,廣明,665000.0,521000.0,454000.0,930000.0,473000.0,331000.0,657000.0,471000.0,313000.0,442000.0,516000.0,464000.0,678000.0,536000.0,693000.0,448000.0,591000.0,550000.0,482000.0,652000.0,1117000.0,653000.0,331000.0,1704000.0,460000.0,359000.0,774000.0,400000.0,888000.0,402000.0,546666.67,40.5488,0.015888,608600.0,21.8534,0.009157,525700.0,12.6498,0.00495,542933.33,8.1655,0.003391,543350.0,6.1194,0.002713,598500.0,3.7037,0.001847
20261008,6190,萬泰科,2832000.0,3378000.0,9067000.0,8794000.0,1189000.0,1537000.0,1946000.0,1026000.0,1013000.0,1161000.0,2144000.0,3659000.0,2828000.0,3941000.0,2315000.0,599000.0,932000.0,1040000.0,1994000.0,1716000.0,867000.0,1331000.0,2388000.0,2067000.0,4737000.0,2927000.0,1702000.0,2870000.0,2243000.0,2995000.0,5092333.33,18.5377,0.067663,5052000.0,11.2114,0.038996,3194300.0,8.8658,0.021081,3122000.0,6.0474,0.014442,2655550.0,5.3322,0.011555,2574600.0,3.6666,0.007865
20261008,6194,育富,88000.0,74000.0,226000.0,8000.0,29000.0,27000.0,42000.0,159000.0,60000.0,42000.0,15000.0,43000.0,40000.0,55000.0,60000.0,72000.0,16000.0,15000.0,23000.0,28000.0,22000.0,16000.0,34000.0,77000.0,18000.0,23000.0,31000.0,18000.0,15000.0,42000.0,129333.33,22.6804,0.002103,85000.0,20.7059,0.001212,75500.0,11.6556,0.000655,64533.33,9.0909,0.000449,56100.0,7.8431,0.000359,47266.67,6.2059,0.000244
20261008,6195,詩肯,6000.0,11000.0,17000.0,8000.0,52000.0,8000.0,9000.0,20000.0,14000.0,11000.0,45000.0,17000.0,5000.0,2000.0,93000.0,9000.0,20000.0,,20000.0,34000.0,23000.0,16000.0,43000.0,13000.0,12000.0,10000.0,8000.0,5000.0,2000.0,16000.0,11333.33,17.6471,0.000143,18800.0,6.383,8.3e-05,15600.0,3.8462,4.5e-05,21200.0,1.8868,3.1e-05,21105.26,1.4963,2.4e-05,18931.03,1.0929,1.7e-05
20261008,6198,瑞築,,,1000.0,6000.0,1000.0,,1000.0,,3000.0,3000.0,4000.0,,,,6000.0,,3000.0,5000.0,11000.0,,9000.0,2000.0,6000.0,2000.0,46000.0,6000.0,,9000.0,2000.0,3000.0,1000.0,,,2666.67,,,2500.0,,,3125.0,,,4000.0,,,6450.0,,
20261008,6199,天品,7921000.0,6479000.0,5067000.0,7650000.0,5822000.0,6604000.0,6632000.0,7887000.0,5871000.0,5040000.0,7291000.0,8092000.0,4218000.0,3489000.0,3767000.0,3079000.0,3116000.0,3134000.0,2128000.0,1367000.0,1234000.0,1582000.0,2686000.0,2043000.0,673000.0,717000.0,412000.0,591000.0,302000.0,1514000.0,6489000.0,40.6894,0.18925,6587800.0,24.0475,0.109069,6497300.0,12.1912,0.058963,6122000.0,8.6257,0.040393,5232700.0,7.5688,0.032318,3880266.67,6.8045,0.021998
20261008,6203,海韻電,67000.0,73000.0,35000.0,37000.0,30000.0,54000.0,87000.0,58000.0,22000.0,31000.0,54000.0,34000.0,64000.0,46000.0,45000.0,39000.0,53000.0,65000.0,44000.0,72000.0,31000.0,32000.0,22000.0,43000.0,116000.0,53000.0,60000.0,42000.0,95000.0,40000.0,58333.33,38.2857,0.001601,48400.0,27.686,0.000923,49400.0,13.5628,0.000499,49133.33,9.0909,0.000342,50500.0,6.6337,0.000273,51466.67,4.3394,0.000186
20261008,6204,艾華,379000.0,435000.0,417000.0,1185000.0,816000.0,517000.0,345000.0,626000.0,535000.0,361000.0,767000.0,1699000.0,967000.0,638000.0,186000.0,209000.0,214000.0,157000.0,144000.0,77000.0,121000.0,391000.0,328000.0,318000.0,284000.0,383000.0,224000.0,871000.0,393000.0,100000.0,410333.33,30.788,0.009055,646400.0,11.7265,0.005219,561600.0,6.7486,0.002821,658200.0,3.8388,0.001933,533700.0,3.5507,0.001546,469566.67,2.6904,0.001053
20261008,6207,雷科,3977000.0,11952000.0,11740000.0,17386000.0,25640000.0,37791000.0,20628000.0,23009000.0,11895000.0,2616000.0,5247000.0,8184000.0,5379000.0,7389000.0,4707000.0,1889000.0,2739000.0,4776000.0,3684000.0,8894000.0,18309000.0,5705000.0,9486000.0,8742000.0,4660000.0,2857000.0,2519000.0,5913000.0,7299000.0,3176000.0,9223000.0,14.3735,0.095019,14139000.0,5.6256,0.054762,16663400.0,2.3867,0.029605,13169333.33,2.0133,0.020281,10976100.0,1.8117,0.016226,9606266.67,1.38,0.011045
20261008,6208,日揚,135000.0,126000.0,181000.0,229000.0,349000.0,464000.0,111000.0,99000.0,57000.0,122000.0,136000.0,163000.0,120000.0,210000.0,101000.0,111000.0,141000.0,117000.0,148000.0,232000.0,202000.0,156000.0,469000.0,758000.0,190000.0,182000.0,156000.0,212000.0,154000.0,146000.0,147333.33,30.543,0.003225,204000.0,13.2353,0.001859,187300.0,7.2077,0.001005,173533.33,5.1863,0.000688,167600.0,4.0274,0.000551,199233.33,2.2587,0.000375
20261008,6210,慶生,17000.0,6000.0,18000.0,27000.0,12000.0,12000.0,21000.0,9000.0,21000.0,8000.0,9000.0,13000.0,13000.0,9000.0,12000.0,9000.0,37000.0,1000.0,17000.0,6000.0,,1000.0,5000.0,6000.0,6000.0,,13000.0,1000.0,9000.0,9000.0,13666.67,41.4634,0.000406,16000.0,21.25,0.000234,15100.0,11.2583,0.000127,13800.0,8.2126,8.7e-05,13850.0,6.1372,6.9e-05,11678.57,5.1988,4.7e-05
20261008,6212,理銘,,1000.0,1000.0,1000.0,2000.0,1000.0,,4000.0,1000.0,3000.0,1000.0,,6000.0,9000.0,,1000.0,1000.0,,,4000.0,4000.0,6000.0,3000.0,1000.0,,,1000.0,3000.0,2000.0,1000.0,1000.0,,,1250.0,,,1750.0,,,2727.27,,,2571.43,,,2590.91,,
20261008,6217,中探針,2443000.0,2567000.0,2373000.0,2804000.0,4219000.0,2598000.0,3088000.0,1717000.0,1405000.0,1840000.0,3333000.0,5429000.0,5100000.0,2832000.0,2397000.0,2896000.0,1854000.0,2425000.0,2330000.0,2584000.0,3243000.0,5502000.0,8467000.0,12982000.0,16579000.0,6084000.0,3232000.0,9589000.0,4422000.0,3131000.0,2461000.0,33.0895,0.058368,2881200.0,16.9582,0.033639,2505400.0,9.7509,0.018186,2943000.0,5.534,0.012458,2811700.0,4.3443,0.009968,4315500.0,1.887,0.006785
20261008,6218,豪勉,6010000.0,7023000.0,5026000.0,2049000.0,1546000.0,1131000.0,1257000.0,1423000.0,1890000.0,2948000.0,12600000.0,1918000.0,15230000.0,24524000.0,15166000.0,3677000.0,1385000.0,1132000.0,1886000.0,4880000.0,7269000.0,2921000.0,1295000.0,1753000.0,4209000.0,1303000.0,1396000.0,2404000.0,1210000.0,2451000.0,6019666.67,33.2798,0.143592,4330800.0,27.7547,0.082756,3030300.0,19.833,0.044738,6649400.0,6.0256,0.030648,5635050.0,5.3327,0.024521,4630400.0,4.3265,0.016691
20261008,6219,富旺,59000.0,56000.0,104000.0,52000.0,88000.0,122000.0,82000.0,80000.0,22000.0,107000.0,83000.0,33000.0,71000.0,44000.0,56000.0,25000.0,55000.0,120000.0,31000.0,93000.0,41000.0,24000.0,268000.0,135000.0,39000.0,29000.0,31000.0,104000.0,45000.0,51000.0,73000.0,26.9406,0.00141,71800.0,16.4345,0.000812,77200.0,7.6425,0.000439,70600.0,5.5713,0.000301,69150.0,4.2661,0.000241,71666.67,2.7442,0.000164
20261008,6220,岳豐,135000.0,192000.0,720000.0,203000.0,163000.0,92000.0,71000.0,120000.0,48000.0,52000.0,154000.0,239000.0,173000.0,145000.0,157000.0,97000.0,46000.0,118000.0,48000.0,49000.0,127000.0,116000.0,236000.0,177000.0,91000.0,226000.0,88000.0,259000.0,444000.0,192000.0,349000.0,12.894,0.003225,282600.0,9.5541,0.001859,179600.0,7.5167,0.001005,177600.0,5.0676,0.000688,151100.0,4.4672,0.000551,165933.33,2.7119,0.000375
20261008,6221,晉泰,328000.0,745000.0,2141000.0,1038000.0,923000.0,1561000.0,2236000.0,1142000.0,821000.0,1173000.0,964000.0,3378000.0,1619000.0,1907000.0,7504000.0,1047000.0,308000.0,380000.0,37000.0,72000.0,52000.0,104000.0,80000.0,89000.0,41000.0,121000.0,66000.0,72000.0,113000.0,154000.0,1071333.33,10.2054,0.007837,1035000.0,6.3382,0.004516,1210800.0,2.709,0.002442,1832000.0,1.1936,0.001673,1466200.0,1.1185,0.001338,1007200.0,1.0855,0.000911
20261008,6222,立軒,1000.0,1000.0,7000.0,9000.0,2000.0,,6000.0,1000.0,6000.0,55000.0,43000.0,40000.0,25000.0,12000.0,21000.0,17000.0,5000.0,37000.0,12000.0,6000.0,1000.0,5000.0,15000.0,2000.0,12000.0,19000.0,6000.0,4000.0,17000.0,47000.0,3000.0,11.1111,2.4e-05,4000.0,5.0,1.4e-05,9777.78,1.1364,7e-06,16357.14,0.4367,5e-06,16105.26,0.3268,4e-06,14965.52,0.2304,3e-06
20261008,6223,旺矽,470000.0,790000.0,827000.0,769000.0,1000000.0,924000.0,897000.0,974000.0,487000.0,949000.0,2040000.0,1007000.0,741000.0,747000.0,397000.0,612000.0,522000.0,682000.0,473000.0,1459000.0,1687000.0,1048000.0,508000.0,1380000.0,911000.0,1474000.0,1134000.0,1610000.0,2355000.0,1549000.0,695666.67,22.5204,0.011229,771200.0,12.1888,0.006472,808700.0,5.8118,0.003499,867933.33,3.6101,0.002397,838350.0,2.8031,0.001918,1014100.0,1.5449,0.001305
20261008,6227,茂綸,551000.0,668000.0,785000.0,2902000.0,1486000.0,1104000.0,918000.0,726000.0,874000.0,781000.0,2094000.0,980000.0,2255000.0,4827000.0,1721000.0,2649000.0,4881000.0,4135000.0,322000.0,406000.0,161000.0,371000.0,242000.0,374000.0,487000.0,419000.0,718000.0,2436000.0,1880000.0,473000.0,668000.0,27.495,0.013165,1278400.0,8.6202,0.007587,1079500.0,5.1042,0.004102,1511466.67,2.4303,0.00281,1753250.0,1.5714,0.002248,1420866.67,1.2926,0.00153
20261008,6228,全譜,26000.0,8000.0,4000.0,10000.0,14000.0,9000.0,28000.0,57000.0,19000.0,8000.0,,4000.0,5000.0,,1000.0,,,,,,,,,,,,,,3000.0,2000.0,12666.67,68.4211,0.000621,12400.0,41.9355,0.000358,18300.0,14.2077,0.000194,14846.15,13.4715,0.000133,14846.15,13.4715,0.000106,13200.0,13.1313,7.2e-05
20261008,6229,研通,37000.0,70000.0,53000.0,55000.0,80000.0,77000.0,128000.0,192000.0,69000.0,30000.0,23000.0,58000.0,28000.0,26000.0,34000.0,24000.0,7000.0,54000.0,29000.0,29000.0,13000.0,91000.0,29000.0,38000.0,36000.0,34000.0,18000.0,96000.0,25000.0,41000.0,53333.33,23.125,0.000884,59000.0,12.5424,0.000509,79100.0,4.6776,0.000275,64000.0,3.8542,0.000189,55150.0,3.3545,0.000151,50800.0,2.4278,0.000103
20261008,6231,系微,162000.0,91000.0,170000.0,356000.0,380000.0,181000.0,407000.0,598000.0,611000.0,141000.0,295000.0,282000.0,383000.0,275000.0,224000.0,268000.0,379000.0,438000.0,415000.0,1054000.0,694000.0,106000.0,105000.0,151000.0,156000.0,140000.0,172000.0,230000.0,123000.0,160000.0,141000.0,38.2979,0.003871,231800.0,13.9776,0.002231,309700.0,5.2309,0.001206,303733.33,3.5558,0.000826,355500.0,2.2785,0.000661,304900.0,1.7711,0.00045
20261008,6233,旺玖,336000.0,633000.0,369000.0,233000.0,268000.0,509000.0,311000.0,113000.0,78000.0,81000.0,100000.0,175000.0,90000.0,103000.0,73000.0,76000.0,57000.0,70000.0,138000.0,54000.0,205000.0,76000.0,92000.0,119000.0,67000.0,98000.0,222000.0,95000.0,164000.0,158000.0,446000.0,25.1121,0.008028,367800.0,18.2708,0.004627,293100.0,11.4637,0.002501,231466.67,9.6774,0.001713,193350.0,8.6889,0.001371,172100.0,6.5078,0.000933
20261008,6234,高僑,2460000.0,1565000.0,264000.0,728000.0,964000.0,1196000.0,1409000.0,1012000.0,640000.0,1321000.0,2471000.0,3330000.0,1245000.0,141000.0,188000.0,138000.0,212000.0,398000.0,210000.0,355000.0,347000.0,398000.0,291000.0,177000.0,132000.0,264000.0,164000.0,373000.0,280000.0,310000.0,1429666.67,57.356,0.058775,1196200.0,41.1302,0.033873,1155900.0,21.2821,0.018312,1262266.67,12.9925,0.012545,1012350.0,12.1499,0.010037,766100.0,10.7036,0.006832
20261008,6236,中湛,,,,,6000.0,2000.0,2000.0,1000.0,1000.0,2000.0,7000.0,11000.0,7000.0,,,,,,,,,,,,,2000.0,,,15000.0,4000.0,,,,6000.0,,,2333.33,,,4333.33,,,4333.33,,,5000.0,,
20261008,6237,驊訊,235000.0,217000.0,175000.0,293000.0,253000.0,762000.0,240000.0,412000.0,2441000.0,972000.0,116000.0,180000.0,183000.0,172000.0,126000.0,77000.0,76000.0,95000.0,130000.0,110000.0,285000.0,126000.0,177000.0,393000.0,688000.0,125000.0,109000.0,176000.0,174000.0,130000.0,209000.0,37.4801,0.005615,234600.0,20.0341,0.003236,600000.0,3.9167,0.001749,451800.0,3.4676,0.001198,363250.0,3.2347,0.000959,321600.0,2.4357,0.000653
20261008,6240,松崗,10000.0,24000.0,16000.0,34000.0,47000.0,23000.0,33000.0,26000.0,66000.0,96000.0,39000.0,110000.0,71000.0,195000.0,174000.0,165000.0,61000.0,15000.0,32000.0,49000.0,41000.0,248000.0,533000.0,322000.0,136000.0,337000.0,115000.0,35000.0,16000.0,128000.0,16666.67,20.0,0.000239,26200.0,7.6336,0.000138,37500.0,2.6667,7.4e-05,64266.67,1.0373,5.1e-05,64300.0,0.7776,4.1e-05,106566.67,0.3128,2.8e-05
20261008,6241,鑫永洋,60000.0,87000.0,77000.0,77000.0,96000.0,35000.0,121000.0,56000.0,85000.0,236000.0,191000.0,30000.0,179000.0,23000.0,15000.0,30000.0,38000.0,155000.0,43000.0,21000.0,117000.0,128000.0,44000.0,71000.0,25000.0,83000.0,149000.0,172000.0,163000.0,82000.0,74666.67,26.7857,0.001434,79400.0,15.1134,0.000826,93000.0,6.4516,0.000447,91200.0,4.386,0.000306,82750.0,3.6254,0.000245,89633.33,2.2313,0.000167
20261008,6242,立康,,,6000.0,1000.0,5000.0,,6000.0,1000.0,5000.0,1000.0,,4000.0,5000.0,4000.0,4000.0,9000.0,1000.0,1000.0,11000.0,2000.0,3000.0,3000.0,1000.0,3000.0,4000.0,2000.0,,7000.0,,,6000.0,,,4000.0,,,3571.43,,,3818.18,,,4125.0,,,3869.57,,
20261008,6244,茂迪,2872000.0,2295000.0,2704000.0,3800000.0,2670000.0,4415000.0,10277000.0,1818000.0,3838000.0,2541000.0,4686000.0,10891000.0,3077000.0,1131000.0,968000.0,1009000.0,1085000.0,1065000.0,860000.0,1150000.0,1607000.0,1040000.0,1452000.0,1778000.0,2181000.0,1377000.0,1439000.0,2017000.0,2229000.0,2145000.0,2623666.67,36.4884,0.068618,2868200.0,20.0265,0.039546,3723000.0,7.7142,0.021379,3865533.33,4.9532,0.014646,3157600.0,4.5478,0.011718,2680566.67,3.5714,0.007976
20261008,6245,立端,427000.0,417000.0,588000.0,797000.0,351000.0,433000.0,975000.0,1214000.0,481000.0,504000.0,1109000.0,2257000.0,702000.0,946000.0,792000.0,2029000.0,3240000.0,764000.0,783000.0,661000.0,614000.0,394000.0,392000.0,863000.0,361000.0,592000.0,949000.0,587000.0,437000.0,445000.0,477333.33,29.8184,0.010202,516000.0,16.5504,0.00588,618700.0,6.9016,0.003179,799533.33,3.5604,0.002178,973500.0,2.1931,0.001742,836800.0,1.7009,0.001186
20261008,6246,臺龍,36000.0,10000.0,3000.0,1000.0,20000.0,13000.0,26000.0,12000.0,6000.0,2000.0,13000.0,15000.0,3000.0,15000.0,27000.0,1000.0,7000.0,12000.0,9000.0,11000.0,130000.0,23000.0,20000.0,130000.0,305000.0,31000.0,8000.0,18000.0,21000.0,9000.0,16333.33,73.4694,0.00086,14000.0,51.4286,0.000496,12900.0,27.907,0.000268,13466.67,17.8218,0.000184,12100.0,14.876,0.000147,31233.33,3.842,0.0001
20261008,6248,沛波,51000.0,44000.0,31000.0,62000.0,87000.0,74000.0,82000.0,47000.0,34000.0,66000.0,22000.0,64000.0,37000.0,77000.0,79000.0,29000.0,49000.0,140000.0,33000.0,117000.0,36000.0,39000.0,58000.0,211000.0,57000.0,30000.0,33000.0,47000.0,76000.0,68000.0,42000.0,40.4762,0.001218,55000.0,18.5455,0.000702,57800.0,8.8235,0.00038,57133.33,5.951,0.00026,61250.0,4.1633,0.000208,62666.67,2.7128,0.000142
20261008,6259,百徽,515000.0,486000.0,227000.0,506000.0,616000.0,815000.0,182000.0,73000.0,49000.0,97000.0,130000.0,215000.0,357000.0,98000.0,102000.0,87000.0,167000.0,148000.0,180000.0,171000.0,167000.0,179000.0,411000.0,349000.0,221000.0,425000.0,412000.0,935000.0,204000.0,235000.0,409333.33,41.9381,0.012304,470000.0,21.9149,0.007091,356600.0,14.442,0.003834,297866.67,11.5264,0.002626,261050.0,9.864,0.002101,291966.67,5.8797,0.00143
20261008,6261,久元,431000.0,378000.0,354000.0,424000.0,296000.0,352000.0,356000.0,235000.0,386000.0,447000.0,641000.0,611000.0,750000.0,639000.0,512000.0,386000.0,289000.0,429000.0,595000.0,322000.0,381000.0,399000.0,521000.0,439000.0,569000.0,662000.0,303000.0,250000.0,643000.0,1154000.0,387666.67,37.0593,0.010298,376600.0,22.889,0.005935,365900.0,11.7792,0.003208,454133.33,6.3271,0.002198,441650.0,4.8794,0.001759,471800.0,3.0451,0.001197
20261008,6263,普萊德,507000.0,703000.0,673000.0,156000.0,591000.0,157000.0,87000.0,58000.0,43000.0,47000.0,64000.0,80000.0,116000.0,40000.0,41000.0,47000.0,37000.0,101000.0,61000.0,186000.0,368000.0,195000.0,130000.0,250000.0,488000.0,111000.0,78000.0,80000.0,94000.0,129000.0,627666.67,26.9251,0.012113,526000.0,19.2776,0.006981,302200.0,16.777,0.003774,224200.0,15.0758,0.002585,189750.0,13.3597,0.002069,190600.0,8.8667,0.001408
20261008,6264,富裔,15000.0,26000.0,5000.0,24000.0,20000.0,12000.0,35000.0,81000.0,41000.0,62000.0,25000.0,41000.0,92000.0,43000.0,104000.0,77000.0,74000.0,40000.0,9000.0,37000.0,11000.0,35000.0,27000.0,5000.0,29000.0,17000.0,6000.0,66000.0,31000.0,11000.0,15333.33,32.6087,0.000358,18000.0,16.6667,0.000207,32100.0,4.6729,0.000112,41733.33,2.3962,7.6e-05,43150.0,1.7381,6.1e-05,36700.0,1.3624,4.2e-05
20261008,6265,方土昶,866000.0,860000.0,756000.0,1977000.0,2539000.0,3039000.0,898000.0,829000.0,964000.0,1088000.0,1559000.0,1132000.0,1073000.0,1168000.0,1127000.0,1869000.0,2064000.0,6679000.0,2154000.0,1970000.0,2086000.0,2581000.0,2738000.0,2914000.0,1786000.0,3002000.0,2942000.0,3339000.0,3862000.0,4980000.0,827333.33,34.8912,0.020691,1399600.0,12.375,0.011925,1381600.0,6.2681,0.006446,1325000.0,4.3572,0.004416,1730550.0,2.5021,0.003533,2161366.67,1.3356,0.002405
20261008,6266,泰詠,165000.0,302000.0,492000.0,2036000.0,2875000.0,71000.0,151000.0,60000.0,68000.0,86000.0,86000.0,118000.0,77000.0,88000.0,94000.0,80000.0,77000.0,67000.0,68000.0,272000.0,98000.0,59000.0,146000.0,97000.0,94000.0,118000.0,80000.0,122000.0,66000.0,133000.0,319666.67,17.2054,0.003942,1174000.0,2.8109,0.002272,630600.0,2.6166,0.001228,451266.67,2.4376,0.000841,366650.0,2.2501,0.000673,278200.0,1.977,0.000458
20261008,6270,倍微,81000.0,148000.0,175000.0,315000.0,429000.0,336000.0,164000.0,420000.0,167000.0,89000.0,191000.0,227000.0,250000.0,82000.0,69000.0,72000.0,113000.0,150000.0,93000.0,167000.0,219000.0,91000.0,84000.0,240000.0,129000.0,226000.0,122000.0,160000.0,109000.0,92000.0,134666.67,20.0495,0.001935,229600.0,7.0557,0.001115,232400.0,3.4854,0.000603,209533.33,2.5772,0.000413,186900.0,2.1669,0.00033,173666.67,1.5547,0.000225
20261008,6274,台燿,7543000.0,11580000.0,16845000.0,11297000.0,11778000.0,4463000.0,5953000.0,5641000.0,10047000.0,6542000.0,11341000.0,11213000.0,9241000.0,21653000.0,6899000.0,6447000.0,7142000.0,4431000.0,4654000.0,8129000.0,4724000.0,5580000.0,5598000.0,4441000.0,3289000.0,4590000.0,7008000.0,4976000.0,8281000.0,5584000.0,11989333.33,20.9714,0.180218,11808600.0,12.7754,0.103864,9168900.0,8.2267,0.05615,10135733.33,4.9613,0.038466,9141950.0,4.1255,0.030776,7897000.0,3.1839,0.020948
20261008,6275,元山,139000.0,127000.0,163000.0,182000.0,321000.0,226000.0,216000.0,251000.0,75000.0,119000.0,139000.0,170000.0,128000.0,124000.0,77000.0,94000.0,108000.0,102000.0,83000.0,126000.0,193000.0,507000.0,1507000.0,155000.0,140000.0,193000.0,450000.0,276000.0,1118000.0,93000.0,143000.0,32.4009,0.003321,186400.0,14.9142,0.001914,181900.0,7.6416,0.001035,163800.0,5.6573,0.000709,148500.0,4.6801,0.000567,253400.0,1.8285,0.000386
20261008,6276,安鈦克,3000.0,19000.0,10000.0,20000.0,,10000.0,10000.0,49000.0,27000.0,17000.0,15000.0,3000.0,14000.0,11000.0,16000.0,7000.0,16000.0,15000.0,79000.0,38000.0,21000.0,29000.0,17000.0,13000.0,30000.0,27000.0,18000.0,31000.0,28000.0,24000.0,10666.67,9.375,7.2e-05,13000.0,5.7692,4.1e-05,18333.33,1.8182,2.2e-05,16000.0,1.3393,1.5e-05,19947.37,0.7916,1.2e-05,21275.86,0.4862,8e-06
20261008,6279,胡連,183000.0,416000.0,225000.0,405000.0,748000.0,199000.0,328000.0,213000.0,204000.0,146000.0,369000.0,382000.0,481000.0,273000.0,184000.0,233000.0,232000.0,397000.0,353000.0,357000.0,342000.0,1006000.0,460000.0,1274000.0,836000.0,654000.0,490000.0,508000.0,425000.0,332000.0,274666.67,22.2087,0.004372,395400.0,9.2564,0.00252,306700.0,5.9667,0.001362,317066.67,3.8478,0.000933,316400.0,2.8919,0.000747,421833.33,1.4461,0.000508
20261008,6284,佳邦,637000.0,1543000.0,815000.0,3395000.0,2240000.0,3157000.0,1449000.0,730000.0,380000.0,387000.0,404000.0,484000.0,317000.0,426000.0,373000.0,564000.0,713000.0,992000.0,1294000.0,440000.0,638000.0,1109000.0,1053000.0,1257000.0,869000.0,2465000.0,1396000.0,3227000.0,633000.0,944000.0,998333.33,21.2688,0.015219,1726000.0,7.3812,0.008771,1473300.0,4.3236,0.004742,1115800.0,3.8059,0.003248,1037000.0,3.0714,0.002599,1144366.67,1.8555,0.001769
20261008,6290,良維,1485000.0,4133000.0,4398000.0,2979000.0,1720000.0,1763000.0,3313000.0,1622000.0,1970000.0,2229000.0,4359000.0,3117000.0,9008000.0,4382000.0,2852000.0,1629000.0,1464000.0,4913000.0,2807000.0,5089000.0,2209000.0,6022000.0,5921000.0,2604000.0,2401000.0,5294000.0,5374000.0,4794000.0,6949000.0,6158000.0,3338666.67,14.8263,0.03548,2943000.0,10.0917,0.020448,2561200.0,5.7981,0.011054,3288666.67,3.0103,0.007573,3261600.0,2.2765,0.006059,3765266.67,1.3146,0.004124
20261008,6291,沛亨,1330000.0,584000.0,808000.0,668000.0,731000.0,552000.0,897000.0,714000.0,772000.0,887000.0,1455000.0,1156000.0,2372000.0,4828000.0,1669000.0,883000.0,2127000.0,1429000.0,2499000.0,2575000.0,2739000.0,1166000.0,2689000.0,4296000.0,2114000.0,759000.0,530000.0,1329000.0,1319000.0,962000.0,907333.33,48.8611,0.031777,824200.0,32.2737,0.018314,794300.0,16.7443,0.0099,1294866.67,6.8476,0.006782,1446800.0,4.5964,0.005426,1561300.0,2.8395,0.003694
20261008,6292,迅德,297000.0,288000.0,582000.0,875000.0,1056000.0,345000.0,171000.0,172000.0,168000.0,187000.0,356000.0,417000.0,349000.0,421000.0,130000.0,314000.0,766000.0,461000.0,423000.0,405000.0,665000.0,762000.0,144000.0,98000.0,107000.0,128000.0,106000.0,189000.0,89000.0,414000.0,389000.0,25.4499,0.007096,619600.0,9.5868,0.00409,414100.0,7.1722,0.002211,387600.0,5.1084,0.001515,409150.0,3.6295,0.001212,362833.33,2.7285,0.000825
20261008,6294,智基,11000.0,2000.0,15000.0,23000.0,8000.0,5000.0,27000.0,9000.0,9000.0,5000.0,3000.0,8000.0,5000.0,12000.0,5000.0,1000.0,6000.0,16000.0,8000.0,11000.0,1000.0,11000.0,4000.0,19000.0,21000.0,13000.0,2000.0,11000.0,6000.0,16000.0,9333.33,39.2857,0.000263,11800.0,18.6441,0.000151,11400.0,9.6491,8.2e-05,9800.0,7.483,5.6e-05,9450.0,5.8201,4.5e-05,9766.67,3.7543,3.1e-05
20261008,6411,晶焱,192000.0,176000.0,189000.0,278000.0,342000.0,153000.0,191000.0,170000.0,64000.0,163000.0,190000.0,198000.0,175000.0,233000.0,92000.0,156000.0,154000.0,162000.0,159000.0,136000.0,178000.0,110000.0,240000.0,320000.0,429000.0,169000.0,211000.0,281000.0,231000.0,378000.0,185666.67,34.4704,0.004587,235400.0,16.3127,0.002644,191800.0,10.0104,0.001429,187066.67,6.8425,0.000979,178650.0,5.3736,0.000783,204000.0,3.1373,0.000533
20261008,6417,韋僑,193000.0,44000.0,50000.0,125000.0,84000.0,73000.0,68000.0,25000.0,129000.0,30000.0,73000.0,37000.0,43000.0,216000.0,844000.0,75000.0,15000.0,37000.0,34000.0,33000.0,76000.0,30000.0,37000.0,67000.0,26000.0,48000.0,34000.0,31000.0,34000.0,20000.0,95666.67,67.2474,0.004611,99200.0,38.9113,0.002658,82100.0,23.5079,0.001437,135600.0,9.4887,0.000984,111400.0,8.6625,0.000787,87700.0,7.3356,0.000536
20261008,6418,詠昇,51000.0,49000.0,43000.0,204000.0,36000.0,112000.0,81000.0,21000.0,21000.0,26000.0,59000.0,74000.0,40000.0,48000.0,58000.0,64000.0,108000.0,60000.0,152000.0,156000.0,91000.0,192000.0,71000.0,225000.0,103000.0,278000.0,463000.0,1526000.0,632000.0,61000.0,47666.67,35.6643,0.001218,76600.0,13.3159,0.000702,64400.0,7.9193,0.00038,61533.33,5.5255,0.00026,73150.0,3.486,0.000208,170166.67,0.999,0.000142
20261008,6419,京晨科,358000.0,374000.0,593000.0,1473000.0,195000.0,67000.0,268000.0,120000.0,31000.0,40000.0,57000.0,114000.0,116000.0,101000.0,108000.0,139000.0,96000.0,392000.0,315000.0,140000.0,98000.0,136000.0,234000.0,359000.0,177000.0,118000.0,174000.0,237000.0,117000.0,151000.0,441666.67,27.0189,0.008553,598600.0,11.9612,0.00493,351900.0,10.1733,0.002665,267666.67,8.9166,0.001826,254850.0,7.0237,0.001461,229933.33,5.1899,0.000994
20261008,6423,億而得,47000.0,65000.0,113000.0,154000.0,459000.0,340000.0,28000.0,22000.0,30000.0,60000.0,43000.0,99000.0,22000.0,11000.0,13000.0,14000.0,19000.0,35000.0,10000.0,46000.0,152000.0,20000.0,32000.0,155000.0,148000.0,42000.0,12000.0,23000.0,29000.0,49000.0,75000.0,20.8889,0.001123,167600.0,5.6086,0.000647,131800.0,3.566,0.00035,100400.0,3.1208,0.00024,81500.0,2.8834,0.000192,76400.0,2.0506,0.000131
20261008,6425,易發,344000.0,670000.0,735000.0,1009000.0,1082000.0,5261000.0,4319000.0,1049000.0,590000.0,2952000.0,3471000.0,4075000.0,1711000.0,318000.0,128000.0,143000.0,142000.0,404000.0,334000.0,1005000.0,291000.0,182000.0,230000.0,441000.0,618000.0,2299000.0,1189000.0,393000.0,374000.0,875000.0,583000.0,19.6684,0.008219,768000.0,8.9583,0.004737,1801100.0,1.9099,0.002561,1847600.0,1.2412,0.001754,1487100.0,1.1566,0.001404,1221133.33,0.939,0.000955
20261008,6432,今展科,666000.0,1757000.0,584000.0,1215000.0,4440000.0,3143000.0,1287000.0,189000.0,314000.0,980000.0,1297000.0,1317000.0,972000.0,218000.0,192000.0,188000.0,300000.0,286000.0,449000.0,372000.0,680000.0,425000.0,592000.0,417000.0,246000.0,390000.0,521000.0,849000.0,521000.0,368000.0,1002333.33,22.1483,0.015912,1732400.0,7.6888,0.009171,1457500.0,4.5695,0.004958,1238066.67,3.5862,0.003396,1008300.0,3.3026,0.002717,839166.67,2.6455,0.00185
20261008,6435,大中,248000.0,734000.0,722000.0,2542000.0,1719000.0,675000.0,284000.0,298000.0,307000.0,469000.0,332000.0,163000.0,186000.0,227000.0,306000.0,198000.0,352000.0,255000.0,223000.0,184000.0,316000.0,343000.0,238000.0,402000.0,188000.0,472000.0,678000.0,1507000.0,661000.0,994000.0,568000.0,14.554,0.005925,1193000.0,4.1576,0.003415,799800.0,3.1008,0.001846,614133.33,2.6921,0.001265,521200.0,2.3791,0.001012,540766.67,1.5287,0.000689
20261008,6441,廣錠,80000.0,103000.0,568000.0,363000.0,168000.0,75000.0,118000.0,197000.0,301000.0,244000.0,597000.0,421000.0,334000.0,260000.0,452000.0,195000.0,395000.0,1764000.0,1953000.0,1007000.0,336000.0,167000.0,28000.0,21000.0,6000.0,50000.0,38000.0,29000.0,32000.0,27000.0,250333.33,10.6525,0.001911,256400.0,6.2402,0.001102,221700.0,3.6085,0.000596,285400.0,1.8687,0.000408,479750.0,0.8338,0.000326,344300.0,0.7745,0.000222
20261008,6461,益得,167000.0,322000.0,496000.0,279000.0,442000.0,74000.0,61000.0,41000.0,37000.0,107000.0,94000.0,21000.0,56000.0,66000.0,24000.0,51000.0,38000.0,105000.0,268000.0,230000.0,,,,,,129000.0,205000.0,66000.0,89000.0,111000.0,328333.33,16.9543,0.00399,341200.0,9.789,0.0023,202600.0,8.2428,0.001243,152466.67,7.3021,0.000852,148950.0,5.6059,0.000681,143160.0,4.6661,0.000464
20261008,6462,神盾,190000.0,469000.0,318000.0,585000.0,544000.0,1715000.0,1032000.0,1111000.0,209000.0,379000.0,1086000.0,220000.0,489000.0,423000.0,154000.0,273000.0,321000.0,389000.0,241000.0,300000.0,436000.0,362000.0,496000.0,377000.0,327000.0,379000.0,236000.0,514000.0,391000.0,395000.0,325666.67,19.4473,0.00454,421200.0,9.0218,0.002616,655200.0,2.8999,0.001414,594933.33,2.1291,0.000969,522400.0,1.8185,0.000775,478700.0,1.323,0.000528
20261008,6465,威潤,147000.0,135000.0,220000.0,198000.0,77000.0,48000.0,59000.0,61000.0,75000.0,111000.0,170000.0,106000.0,138000.0,70000.0,75000.0,81000.0,83000.0,126000.0,95000.0,236000.0,243000.0,80000.0,69000.0,96000.0,147000.0,262000.0,150000.0,333000.0,116000.0,88000.0,167333.33,29.2829,0.003512,155400.0,18.9189,0.002024,113100.0,12.9973,0.001094,112666.67,8.6982,0.00075,115550.0,6.3609,0.0006,129833.33,3.7741,0.000408
20261008,6469,大樹,1045000.0,388000.0,298000.0,676000.0,198000.0,138000.0,221000.0,247000.0,254000.0,208000.0,268000.0,250000.0,432000.0,399000.0,492000.0,385000.0,230000.0,527000.0,118000.0,170000.0,250000.0,306000.0,174000.0,329000.0,168000.0,502000.0,408000.0,372000.0,174000.0,203000.0,577000.0,60.3697,0.024967,521000.0,40.1152,0.014389,367300.0,28.4509,0.007779,367600.0,18.9518,0.005329,347200.0,15.049,0.004264,327666.67,10.6307,0.002902
20261008,6470,宇智,22000.0,36000.0,23000.0,33000.0,39000.0,13000.0,32000.0,11000.0,11000.0,5000.0,21000.0,13000.0,25000.0,19000.0,39000.0,5000.0,29000.0,14000.0,74000.0,104000.0,6000.0,75000.0,21000.0,31000.0,23000.0,48000.0,32000.0,61000.0,52000.0,55000.0,27000.0,27.1605,0.000526,30600.0,14.3791,0.000303,22500.0,9.7778,0.000164,22800.0,6.4327,0.000112,28400.0,3.8732,9e-05,32400.0,2.2634,6.1e-05
20261008,6474,華豫寧,46000.0,38000.0,26000.0,34000.0,30000.0,87000.0,16000.0,10000.0,24000.0,49000.0,14000.0,13000.0,9000.0,5000.0,15000.0,20000.0,33000.0,48000.0,48000.0,20000.0,12000.0,21000.0,13000.0,24000.0,40000.0,47000.0,81000.0,141000.0,389000.0,168000.0,36666.67,41.8182,0.001099,34800.0,26.4368,0.000633,36000.0,12.7778,0.000342,27733.33,11.0577,0.000235,29250.0,7.8632,0.000188,50700.0,3.0243,0.000128
20261008,6482,弘煜科,7000.0,9000.0,11000.0,11000.0,1000.0,8000.0,4000.0,3000.0,50000.0,30000.0,,12000.0,26000.0,13000.0,11000.0,7000.0,1000.0,18000.0,5000.0,25000.0,1000.0,3000.0,11000.0,17000.0,11000.0,15000.0,24000.0,28000.0,6000.0,20000.0,9000.0,25.9259,0.000167,7800.0,17.9487,9.6e-05,13400.0,5.2239,5.2e-05,14000.0,3.5714,3.6e-05,13263.16,2.7778,2.9e-05,13379.31,1.8041,1.9e-05
20261008,6485,點序,1982000.0,1978000.0,842000.0,1563000.0,2924000.0,3540000.0,2135000.0,267000.0,478000.0,543000.0,1562000.0,1240000.0,1262000.0,285000.0,122000.0,111000.0,91000.0,132000.0,127000.0,99000.0,129000.0,135000.0,283000.0,268000.0,206000.0,141000.0,233000.0,334000.0,242000.0,245000.0,1600666.67,41.2745,0.047354,1857800.0,21.3371,0.027291,1625200.0,12.1954,0.014754,1381533.33,9.5643,0.010107,1064150.0,9.3126,0.008087,783300.0,8.4344,0.005504
20261008,6486,互動,43000.0,35000.0,40000.0,466000.0,45000.0,55000.0,43000.0,42000.0,35000.0,22000.0,65000.0,56000.0,52000.0,86000.0,62000.0,59000.0,73000.0,71000.0,86000.0,165000.0,181000.0,242000.0,501000.0,2345000.0,576000.0,106000.0,58000.0,41000.0,132000.0,109000.0,39333.33,36.4407,0.001027,125800.0,6.8362,0.000592,82600.0,5.2058,0.00032,76466.67,3.7489,0.000219,80050.0,2.6858,0.000175,196400.0,0.7298,0.000119
20261008,6488,環球晶,19326000.0,13294000.0,13422000.0,18256000.0,15514000.0,23578000.0,17757000.0,8849000.0,9201000.0,28081000.0,17667000.0,6661000.0,15354000.0,9793000.0,6476000.0,7277000.0,3954000.0,4372000.0,7247000.0,4255000.0,9122000.0,8393000.0,8077000.0,7319000.0,6929000.0,12008000.0,10890000.0,11084000.0,7648000.0,9107000.0,15347333.33,41.9747,0.461739,15962400.0,24.2144,0.266112,16727800.0,11.5532,0.143861,14881933.33,8.6575,0.098554,12516700.0,7.7201,0.078851,11363700.0,5.6689,0.053672
20261008,6492,生華科,82000.0,175000.0,99000.0,174000.0,123000.0,142000.0,191000.0,69000.0,123000.0,183000.0,112000.0,145000.0,200000.0,328000.0,92000.0,174000.0,152000.0,132000.0,168000.0,113000.0,236000.0,415000.0,287000.0,272000.0,160000.0,148000.0,367000.0,287000.0,584000.0,452000.0,118666.67,23.0337,0.001959,130600.0,12.5574,0.001129,136100.0,6.025,0.00061,149200.0,3.664,0.000418,148850.0,2.7545,0.000335,206166.67,1.3258,0.000228
20261008,6494,九齊,100000.0,74000.0,95000.0,85000.0,85000.0,106000.0,68000.0,93000.0,63000.0,82000.0,180000.0,141000.0,115000.0,56000.0,78000.0,45000.0,58000.0,71000.0,66000.0,225000.0,92000.0,107000.0,125000.0,188000.0,61000.0,87000.0,65000.0,67000.0,106000.0,155000.0,89666.67,37.1747,0.002389,87800.0,22.779,0.001377,85100.0,11.7509,0.000744,94733.33,7.0373,0.00051,94300.0,5.3022,0.000408,97966.67,3.4025,0.000278
20261008,6496,科懋,19000.0,188000.0,12000.0,13000.0,6000.0,12000.0,157000.0,,19000.0,22000.0,12000.0,15000.0,9000.0,2000.0,14000.0,2000.0,5000.0,,1000.0,2000.0,,2000.0,,8000.0,9000.0,5000.0,23000.0,2000.0,10000.0,7000.0,73000.0,8.6758,0.000454,47600.0,7.9832,0.000262,49777.78,4.2411,0.000141,35714.29,3.8,9.7e-05,28333.33,3.7255,7.8e-05,22153.85,3.2986,5.3e-05
20261008,6498,久禾光,134000.0,265000.0,572000.0,93000.0,57000.0,90000.0,78000.0,58000.0,68000.0,57000.0,79000.0,123000.0,102000.0,116000.0,93000.0,110000.0,136000.0,413000.0,155000.0,171000.0,309000.0,262000.0,149000.0,390000.0,381000.0,158000.0,68000.0,199000.0,192000.0,153000.0,323666.67,13.8002,0.003202,224200.0,11.9536,0.001845,147200.0,9.1033,0.000997,132333.33,6.7506,0.000683,148500.0,4.5118,0.000547,174366.67,2.5617,0.000372
20261008,6499,益安,267000.0,195000.0,200000.0,396000.0,271000.0,707000.0,484000.0,139000.0,136000.0,246000.0,313000.0,497000.0,398000.0,203000.0,218000.0,129000.0,165000.0,194000.0,221000.0,204000.0,170000.0,103000.0,252000.0,414000.0,534000.0,667000.0,1127000.0,1115000.0,840000.0,737000.0,220666.67,40.3323,0.006379,265800.0,20.0903,0.003676,304100.0,8.78,0.001988,311333.33,5.7173,0.001362,279150.0,4.7824,0.001089,384733.33,2.3133,0.000742
20261008,6506,雙邦,96000.0,85000.0,188000.0,67000.0,60000.0,32000.0,51000.0,34000.0,128000.0,20000.0,29000.0,42000.0,35000.0,80000.0,22000.0,37000.0,77000.0,60000.0,29000.0,48000.0,79000.0,57000.0,92000.0,184000.0,44000.0,53000.0,26000.0,32000.0,46000.0,20000.0,123000.0,26.0163,0.002294,99200.0,19.3548,0.001322,76100.0,12.615,0.000715,64600.0,9.9071,0.00049,61000.0,7.8689,0.000392,61766.67,5.1808,0.000267
20261008,6508,惠光,32000.0,28000.0,38000.0,33000.0,37000.0,19000.0,30000.0,24000.0,38000.0,115000.0,372000.0,1197000.0,256000.0,13000.0,7000.0,17000.0,34000.0,44000.0,26000.0,24000.0,34000.0,19000.0,17000.0,4000.0,5000.0,11000.0,25000.0,18000.0,6000.0,18000.0,32666.67,32.6531,0.000765,33600.0,19.0476,0.000441,39400.0,8.1218,0.000238,149266.67,1.4292,0.000163,119200.0,1.3423,0.000131,84700.0,1.2593,8.9e-05
20261008,6509,聚和,725000.0,2331000.0,685000.0,1084000.0,1940000.0,644000.0,1798000.0,823000.0,481000.0,478000.0,680000.0,810000.0,794000.0,383000.0,564000.0,738000.0,467000.0,651000.0,355000.0,545000.0,517000.0,540000.0,798000.0,941000.0,954000.0,602000.0,807000.0,860000.0,715000.0,547000.0,1247000.0,19.3798,0.017322,1353000.0,10.7169,0.009983,1098900.0,6.5975,0.005397,948000.0,5.0985,0.003697,848800.0,4.2707,0.002958,808566.67,2.9888,0.002013
20261008,6510,精測,1334000.0,352000.0,492000.0,901000.0,526000.0,959000.0,965000.0,692000.0,976000.0,1522000.0,1454000.0,1348000.0,450000.0,639000.0,663000.0,767000.0,830000.0,1060000.0,981000.0,1759000.0,1368000.0,1500000.0,1218000.0,1865000.0,1708000.0,832000.0,906000.0,428000.0,342000.0,398000.0,726000.0,61.2489,0.031872,721000.0,37.0042,0.018369,871900.0,15.2999,0.00993,884866.67,10.0505,0.006803,933500.0,7.1452,0.005443,974500.0,4.563,0.003705
20261008,6512,啟發電,11000.0,2000.0,,2000.0,3000.0,5000.0,3000.0,1000.0,7000.0,4000.0,18000.0,4000.0,,3000.0,4000.0,7000.0,5000.0,12000.0,7000.0,3000.0,8000.0,1000.0,5000.0,5000.0,,6000.0,3000.0,1000.0,5000.0,,6500.0,84.6154,0.000263,4500.0,61.1111,0.000151,4222.22,28.9474,8.2e-05,5153.85,16.4179,5.6e-05,5611.11,10.8911,4.5e-05,5192.31,8.1481,3.1e-05
20261008,6516,勤崴國際,19000.0,47000.0,23000.0,25000.0,40000.0,25000.0,31000.0,40000.0,36000.0,49000.0,27000.0,23000.0,53000.0,52000.0,55000.0,153000.0,28000.0,17000.0,19000.0,34000.0,30000.0,37000.0,40000.0,23000.0,21000.0,30000.0,21000.0,29000.0,98000.0,36000.0,29666.67,21.3483,0.000454,30800.0,12.3377,0.000262,33500.0,5.6716,0.000141,36333.33,3.4862,9.7e-05,39800.0,2.3869,7.8e-05,38700.0,1.6365,5.3e-05
20261008,6517,保勝光學,333000.0,656000.0,168000.0,404000.0,355000.0,89000.0,89000.0,130000.0,79000.0,145000.0,411000.0,325000.0,356000.0,182000.0,291000.0,174000.0,323000.0,359000.0,214000.0,190000.0,447000.0,528000.0,668000.0,981000.0,1088000.0,588000.0,603000.0,1359000.0,2017000.0,2714000.0,385666.67,28.7813,0.007956,383200.0,17.38,0.004585,244800.0,13.6029,0.002479,267533.33,8.298,0.001698,263650.0,6.3152,0.001359,542200.0,2.0472,0.000925
20261008,6523,達爾膚,18000.0,24000.0,10000.0,22000.0,20000.0,21000.0,109000.0,35000.0,27000.0,20000.0,21000.0,16000.0,3000.0,4000.0,11000.0,15000.0,20000.0,14000.0,17000.0,12000.0,20000.0,13000.0,27000.0,24000.0,39000.0,9000.0,16000.0,11000.0,11000.0,10000.0,17333.33,34.6154,0.00043,18800.0,19.1489,0.000248,30600.0,5.8824,0.000134,24066.67,4.9861,9.2e-05,21950.0,4.1002,7.3e-05,20633.33,2.9079,5e-05
20261008,6527,明達醫,21000.0,13000.0,7000.0,29000.0,33000.0,28000.0,37000.0,10000.0,24000.0,18000.0,26000.0,12000.0,21000.0,11000.0,11000.0,16000.0,18000.0,29000.0,72000.0,119000.0,22000.0,9000.0,10000.0,13000.0,6000.0,17000.0,7000.0,5000.0,11000.0,11000.0,13666.67,51.2195,0.000502,20600.0,20.3883,0.000289,22000.0,9.5455,0.000156,20066.67,6.9767,0.000107,27750.0,3.7838,8.6e-05,22200.0,3.1532,5.8e-05
20261008,6530,創威,857000.0,2963000.0,1229000.0,1082000.0,1584000.0,1692000.0,3494000.0,1006000.0,1710000.0,1620000.0,1977000.0,2204000.0,3043000.0,5258000.0,1735000.0,1046000.0,604000.0,1038000.0,4013000.0,3847000.0,3805000.0,1541000.0,2612000.0,3938000.0,8610000.0,5684000.0,1182000.0,1455000.0,2660000.0,1933000.0,1683000.0,16.9737,0.020476,1543000.0,11.1082,0.011801,1723700.0,4.9719,0.006379,2096933.33,2.7246,0.00437,2100100.0,2.0404,0.003497,2514066.67,1.1363,0.00238
20261008,6532,瑞耘,1515000.0,1306000.0,807000.0,1583000.0,1529000.0,5816000.0,1499000.0,2166000.0,400000.0,347000.0,495000.0,829000.0,1224000.0,555000.0,278000.0,285000.0,308000.0,820000.0,789000.0,831000.0,540000.0,543000.0,875000.0,1726000.0,766000.0,1878000.0,1391000.0,351000.0,436000.0,390000.0,1209333.33,41.7585,0.036197,1348000.0,22.4777,0.020861,1696800.0,8.9286,0.011278,1356600.0,7.4451,0.007726,1169100.0,6.4793,0.006181,1075933.33,4.6936,0.004207
20261008,6535,順藥,58000.0,125000.0,252000.0,400000.0,273000.0,200000.0,241000.0,195000.0,225000.0,373000.0,104000.0,164000.0,356000.0,193000.0,140000.0,112000.0,145000.0,228000.0,276000.0,342000.0,260000.0,169000.0,351000.0,898000.0,469000.0,646000.0,2016000.0,244000.0,404000.0,446000.0,145000.0,13.3333,0.001386,221600.0,5.2347,0.000799,234200.0,2.4765,0.000432,219933.33,1.7581,0.000296,220100.0,1.3176,0.000237,343500.0,0.5628,0.000161
20261008,6538,倉和,6206000.0,7708000.0,1342000.0,2228000.0,1880000.0,1571000.0,2075000.0,3524000.0,2460000.0,2771000.0,4188000.0,2485000.0,2382000.0,789000.0,453000.0,168000.0,423000.0,954000.0,757000.0,1132000.0,1002000.0,5836000.0,9472000.0,495000.0,545000.0,821000.0,2987000.0,2804000.0,2469000.0,2444000.0,5085333.33,40.6791,0.148275,3872800.0,32.0492,0.085454,3176500.0,19.5372,0.046197,2804133.33,14.7544,0.031648,2274800.0,13.6408,0.025321,2479033.33,8.3447,0.017235
20261008,6542,隆中,9000.0,10000.0,2000.0,3000.0,5000.0,4000.0,8000.0,,5000.0,10000.0,8000.0,12000.0,5000.0,24000.0,22000.0,1000.0,10000.0,1000.0,4000.0,,2000.0,9000.0,7000.0,1000.0,12000.0,18000.0,,,68000.0,4000.0,7000.0,42.8571,0.000215,5800.0,31.0345,0.000124,6222.22,16.0714,6.7e-05,9071.43,7.0866,4.6e-05,7944.44,6.2937,3.7e-05,10153.85,3.4091,2.5e-05
20261008,6546,正基,78000.0,163000.0,227000.0,161000.0,169000.0,160000.0,219000.0,374000.0,204000.0,1419000.0,138000.0,164000.0,153000.0,223000.0,87000.0,107000.0,97000.0,129000.0,153000.0,173000.0,150000.0,265000.0,226000.0,255000.0,154000.0,132000.0,115000.0,204000.0,203000.0,174000.0,156000.0,16.6667,0.001864,159600.0,9.7744,0.001074,317400.0,2.4575,0.000581,262600.0,1.9802,0.000398,229900.0,1.6964,0.000318,215866.67,1.2044,0.000217
20261008,6547,高端疫苗,3934000.0,1952000.0,2906000.0,1635000.0,3098000.0,3053000.0,3686000.0,2826000.0,2506000.0,2922000.0,3566000.0,2606000.0,4709000.0,2311000.0,2486000.0,2531000.0,5796000.0,7604000.0,19245000.0,6563000.0,3048000.0,3575000.0,3208000.0,2906000.0,3293000.0,7875000.0,6832000.0,11885000.0,22608000.0,10171000.0,2930666.67,44.7452,0.093992,2705000.0,29.0869,0.05417,2851800.0,13.7948,0.029284,2946400.0,8.9013,0.020062,4296750.0,4.5779,0.016051,5377866.67,2.4384,0.010926
20261008,6548,長科*,3317000.0,13198000.0,4398000.0,9764000.0,8599000.0,3809000.0,993000.0,854000.0,1346000.0,2436000.0,1532000.0,4416000.0,5357000.0,3226000.0,1078000.0,1707000.0,2806000.0,1224000.0,1448000.0,1688000.0,3047000.0,5425000.0,3519000.0,2166000.0,2874000.0,1689000.0,2423000.0,3095000.0,3721000.0,5122000.0,6971000.0,15.8609,0.07925,7855200.0,8.4454,0.045674,4871400.0,6.8091,0.024692,4288200.0,5.1568,0.016915,3659800.0,4.5317,0.013534,3542566.67,3.1211,0.009212
20261008,6556,勝品,3000.0,8000.0,11000.0,9000.0,7000.0,7000.0,4000.0,5000.0,4000.0,2000.0,4000.0,2000.0,3000.0,2000.0,4000.0,9000.0,3000.0,23000.0,13000.0,3000.0,3000.0,9000.0,3000.0,9000.0,8000.0,3000.0,11000.0,2000.0,7000.0,6000.0,7333.33,13.6364,7.2e-05,7600.0,7.8947,4.1e-05,6000.0,5.0,2.2e-05,5000.0,4.0,1.5e-05,6300.0,2.381,1.2e-05,6233.33,1.6043,8e-06
20261008,6560,欣普羅,66000.0,227000.0,145000.0,41000.0,42000.0,27000.0,19000.0,22000.0,16000.0,16000.0,31000.0,43000.0,54000.0,193000.0,128000.0,108000.0,1000.0,11000.0,16000.0,36000.0,28000.0,14000.0,5000.0,9000.0,13000.0,27000.0,12000.0,27000.0,23000.0,9000.0,146000.0,15.0685,0.001577,104200.0,12.6679,0.000909,62100.0,10.628,0.000491,71333.33,6.1682,0.000337,62100.0,5.314,0.000269,46966.67,4.6842,0.000183
20261008,6561,是方,113000.0,60000.0,49000.0,49000.0,49000.0,51000.0,93000.0,125000.0,75000.0,66000.0,34000.0,31000.0,25000.0,27000.0,35000.0,102000.0,51000.0,72000.0,55000.0,56000.0,32000.0,53000.0,31000.0,33000.0,52000.0,43000.0,32000.0,29000.0,33000.0,25000.0,74000.0,50.9009,0.0027,64000.0,35.3125,0.001556,73000.0,15.4795,0.000841,58800.0,12.8118,0.000576,60900.0,9.2775,0.000461,52700.0,7.1474,0.000314
20261008,6568,宏觀,293000.0,75000.0,116000.0,138000.0,62000.0,53000.0,206000.0,135000.0,91000.0,141000.0,90000.0,73000.0,132000.0,183000.0,178000.0,34000.0,59000.0,113000.0,68000.0,48000.0,57000.0,41000.0,83000.0,153000.0,240000.0,47000.0,41000.0,50000.0,133000.0,61000.0,161333.33,60.5372,0.007,136800.0,42.8363,0.004035,131000.0,22.3664,0.002181,131066.67,14.9034,0.001494,114400.0,12.8059,0.001195,106466.67,9.1735,0.000814
20261008,6569,醫揚,27000.0,27000.0,17000.0,16000.0,7000.0,8000.0,12000.0,36000.0,22000.0,14000.0,19000.0,24000.0,21000.0,12000.0,7000.0,13000.0,23000.0,27000.0,19000.0,69000.0,20000.0,84000.0,27000.0,34000.0,26000.0,31000.0,34000.0,31000.0,43000.0,38000.0,23666.67,38.0282,0.000645,18800.0,28.7234,0.000372,18600.0,14.5161,0.000201,17933.33,10.0372,0.000138,21000.0,6.4286,0.00011,26266.67,3.4264,7.5e-05
20261008,6570,維田,72000.0,41000.0,37000.0,50000.0,70000.0,149000.0,98000.0,117000.0,29000.0,101000.0,70000.0,79000.0,53000.0,80000.0,23000.0,147000.0,40000.0,61000.0,68000.0,50000.0,228000.0,100000.0,94000.0,85000.0,100000.0,86000.0,118000.0,146000.0,88000.0,52000.0,50000.0,48.0,0.00172,54000.0,26.6667,0.000991,76400.0,9.4241,0.000536,71266.67,6.7353,0.000367,71750.0,5.0174,0.000294,84400.0,2.8436,0.0002
20261008,6574,霈方,45000.0,20000.0,27000.0,96000.0,21000.0,9000.0,27000.0,21000.0,18000.0,27000.0,37000.0,40000.0,47000.0,46000.0,16000.0,10000.0,9000.0,26000.0,29000.0,17000.0,10000.0,25000.0,18000.0,29000.0,26000.0,47000.0,18000.0,39000.0,47000.0,38000.0,30666.67,48.913,0.001075,41800.0,21.5311,0.00062,31100.0,14.4695,0.000335,33133.33,9.0543,0.000229,29400.0,7.6531,0.000184,29500.0,5.0847,0.000125
20261008,6576,逸達,39000.0,67000.0,80000.0,179000.0,179000.0,101000.0,56000.0,116000.0,36000.0,37000.0,65000.0,61000.0,391000.0,70000.0,78000.0,63000.0,141000.0,161000.0,129000.0,146000.0,138000.0,349000.0,166000.0,77000.0,67000.0,89000.0,113000.0,95000.0,41000.0,75000.0,62000.0,20.9677,0.000932,108800.0,7.1691,0.000537,89000.0,4.382,0.00029,103666.67,2.508,0.000199,109750.0,1.7768,0.000159,113500.0,1.1454,0.000108
20261008,6577,勁豐,13000.0,11000.0,20000.0,10000.0,65000.0,50000.0,26000.0,15000.0,12000.0,36000.0,43000.0,30000.0,44000.0,15000.0,15000.0,18000.0,13000.0,3000.0,28000.0,152000.0,40000.0,31000.0,25000.0,27000.0,9000.0,44000.0,95000.0,22000.0,32000.0,31000.0,14666.67,29.5455,0.000311,23800.0,10.9244,0.000179,25800.0,5.0388,9.7e-05,27000.0,3.2099,6.6e-05,30950.0,2.1002,5.3e-05,32500.0,1.3333,3.6e-05
20261008,6578,達邦蛋白,43000.0,34000.0,38000.0,73000.0,12000.0,9000.0,47000.0,18000.0,183000.0,75000.0,39000.0,63000.0,72000.0,62000.0,44000.0,26000.0,56000.0,22000.0,78000.0,16000.0,104000.0,56000.0,253000.0,127000.0,27000.0,23000.0,9000.0,41000.0,38000.0,14000.0,38333.33,37.3913,0.001027,40000.0,21.5,0.000592,53200.0,8.0827,0.00032,54133.33,5.2956,0.000219,50500.0,4.2574,0.000175,56733.33,2.5264,0.000119
20261008,6584,南俊國際,172000.0,745000.0,654000.0,985000.0,384000.0,259000.0,160000.0,162000.0,218000.0,229000.0,385000.0,326000.0,871000.0,290000.0,249000.0,182000.0,348000.0,470000.0,696000.0,543000.0,386000.0,455000.0,551000.0,810000.0,1221000.0,1402000.0,4121000.0,4602000.0,776000.0,273000.0,523666.67,10.9484,0.004109,588000.0,5.8503,0.002368,396800.0,4.3347,0.00128,405933.33,2.8248,0.000877,416400.0,2.0653,0.000702,764166.67,0.7503,0.000478
20261008,6588,東典光電,490000.0,992000.0,664000.0,861000.0,1545000.0,1004000.0,1068000.0,699000.0,588000.0,2229000.0,1650000.0,1167000.0,3914000.0,6703000.0,1127000.0,965000.0,1475000.0,1069000.0,1413000.0,2690000.0,7824000.0,5404000.0,1179000.0,1382000.0,2098000.0,1578000.0,2197000.0,2044000.0,2584000.0,7670000.0,715333.33,22.8332,0.011707,910400.0,10.7645,0.006747,1014000.0,4.8323,0.003648,1646733.33,1.9837,0.002499,1615650.0,1.5164,0.001999,2209100.0,0.7394,0.001361
20261008,6590,普鴻,14000.0,9000.0,26000.0,19000.0,24000.0,15000.0,25000.0,13000.0,18000.0,33000.0,29000.0,15000.0,54000.0,155000.0,215000.0,148000.0,29000.0,15000.0,18000.0,3000.0,31000.0,42000.0,24000.0,19000.0,5000.0,14000.0,6000.0,19000.0,12000.0,4000.0,16333.33,28.5714,0.000334,18400.0,15.2174,0.000193,19600.0,7.1429,0.000104,44266.67,2.1084,7.1e-05,43850.0,1.5964,5.7e-05,35100.0,1.3295,3.9e-05
20261008,6593,台灣銘板,18000.0,19000.0,15000.0,18000.0,17000.0,18000.0,10000.0,21000.0,14000.0,40000.0,4000.0,34000.0,13000.0,3000.0,18000.0,19000.0,12000.0,7000.0,31000.0,21000.0,41000.0,94000.0,80000.0,29000.0,210000.0,105000.0,24000.0,29000.0,8000.0,28000.0,17333.33,34.6154,0.00043,17400.0,20.6897,0.000248,19000.0,9.4737,0.000134,17466.67,6.8702,9.2e-05,17600.0,5.1136,7.3e-05,33333.33,1.8,5e-05
20261008,6596,寬宏藝術,99000.0,113000.0,76000.0,105000.0,58000.0,55000.0,89000.0,60000.0,29000.0,122000.0,76000.0,181000.0,72000.0,97000.0,43000.0,96000.0,83000.0,150000.0,46000.0,47000.0,51000.0,96000.0,50000.0,151000.0,74000.0,50000.0,85000.0,69000.0,82000.0,58000.0,96000.0,34.375,0.002365,90200.0,21.9512,0.001363,80600.0,12.2829,0.000737,85000.0,7.7647,0.000505,84850.0,5.8338,0.000404,82100.0,4.0195,0.000275
20261008,6597,立誠,17000.0,1000.0,,6000.0,10000.0,62000.0,6000.0,2000.0,4000.0,5000.0,18000.0,5000.0,14000.0,11000.0,1000.0,,,,4000.0,7000.0,,1000.0,5000.0,3000.0,4000.0,,26000.0,3000.0,,2000.0,9000.0,94.4444,0.000406,8500.0,50.0,0.000234,12555.56,15.0442,0.000127,11571.43,10.4938,8.7e-05,10812.5,9.8266,6.9e-05,9434.78,7.8341,4.7e-05
20261008,6603,富強鑫,3022000.0,2318000.0,1755000.0,4572000.0,10819000.0,7449000.0,6951000.0,4568000.0,1072000.0,1477000.0,3884000.0,4185000.0,8914000.0,6344000.0,760000.0,2021000.0,1912000.0,613000.0,574000.0,622000.0,530000.0,661000.0,606000.0,1306000.0,428000.0,763000.0,1026000.0,1049000.0,1400000.0,1113000.0,2365000.0,42.5934,0.072202,4497200.0,13.4395,0.041612,4400300.0,6.8677,0.022496,4539333.33,4.4382,0.015411,3691600.0,4.0931,0.01233,2757133.33,3.6536,0.008393
20261008,6604,儒億,168000.0,503000.0,1132000.0,,,,,,,,,,,,,,,,,,,,,,,,,,,,601000.0,9.3178,0.004014,601000.0,9.3178,0.002313,601000.0,9.3178,0.001251,601000.0,9.3178,0.000857,601000.0,9.3178,0.000685,601000.0,9.3178,0.000467
20261008,6609,瀧澤科,50000.0,43000.0,48000.0,130000.0,78000.0,60000.0,75000.0,60000.0,33000.0,68000.0,73000.0,98000.0,56000.0,154000.0,150000.0,107000.0,55000.0,67000.0,59000.0,144000.0,76000.0,83000.0,106000.0,161000.0,286000.0,141000.0,79000.0,95000.0,124000.0,84000.0,47000.0,35.461,0.001195,69800.0,14.3266,0.000688,64500.0,7.7519,0.000372,78400.0,4.2517,0.000255,80400.0,3.1095,0.000204,94766.67,1.7587,0.000139
20261008,6612,奈米醫材,17000.0,14000.0,43000.0,43000.0,95000.0,117000.0,36000.0,15000.0,31000.0,11000.0,23000.0,9000.0,11000.0,22000.0,31000.0,39000.0,2000.0,82000.0,3000.0,25000.0,27000.0,20000.0,22000.0,28000.0,43000.0,14000.0,29000.0,54000.0,21000.0,48000.0,24666.67,22.973,0.000406,42400.0,8.0189,0.000234,42200.0,4.0284,0.000127,34533.33,3.2819,8.7e-05,33450.0,2.5411,6.9e-05,32500.0,1.7436,4.7e-05
20261008,6613,朋億*,184000.0,399000.0,296000.0,312000.0,248000.0,391000.0,206000.0,134000.0,139000.0,168000.0,285000.0,153000.0,323000.0,186000.0,153000.0,175000.0,157000.0,175000.0,262000.0,159000.0,200000.0,302000.0,211000.0,461000.0,531000.0,639000.0,2531000.0,823000.0,731000.0,462000.0,293000.0,20.9329,0.004396,287800.0,12.7867,0.002534,247700.0,7.4283,0.00137,238466.67,5.144,0.000938,225250.0,4.0844,0.000751,379866.67,1.6146,0.000511
20261008,6615,慧智,16000.0,57000.0,42000.0,51000.0,9000.0,6000.0,3000.0,3000.0,,11000.0,1000.0,,5000.0,4000.0,5000.0,1000.0,3000.0,,12000.0,5000.0,23000.0,9000.0,,2000.0,2000.0,6000.0,4000.0,13000.0,11000.0,2000.0,38333.33,13.913,0.000382,35000.0,9.1429,0.00022,22000.0,8.0808,0.000119,16384.62,7.5117,8.2e-05,13764.71,6.8376,6.5e-05,11769.23,5.2288,4.4e-05
20261008,6616,特昇-KY,8000.0,35000.0,8000.0,20000.0,5000.0,14000.0,7000.0,55000.0,17000.0,57000.0,13000.0,5000.0,17000.0,13000.0,13000.0,10000.0,2000.0,6000.0,2000.0,45000.0,2000.0,12000.0,9000.0,16000.0,10000.0,14000.0,54000.0,26000.0,18000.0,21000.0,17000.0,15.6863,0.000191,15200.0,10.5263,0.00011,22600.0,3.5398,6e-05,19133.33,2.7875,4.1e-05,17600.0,2.2727,3.3e-05,17800.0,1.4981,2.2e-05
20261008,6617,共信-KY,295000.0,505000.0,397000.0,629000.0,541000.0,795000.0,688000.0,404000.0,551000.0,1087000.0,655000.0,447000.0,870000.0,3158000.0,1376000.0,827000.0,405000.0,439000.0,745000.0,997000.0,3915000.0,520000.0,1213000.0,1087000.0,1202000.0,970000.0,737000.0,1315000.0,2101000.0,1653000.0,399000.0,24.6449,0.007048,473400.0,12.463,0.004062,589200.0,5.0068,0.002196,826533.33,2.3794,0.001504,790550.0,1.8658,0.001204,1017466.67,0.9665,0.000819
20261008,6620,漢達,2098000.0,2983000.0,4525000.0,4110000.0,3947000.0,9013000.0,7305000.0,2876000.0,2685000.0,2843000.0,5198000.0,6121000.0,9844000.0,2014000.0,2935000.0,1989000.0,1382000.0,1336000.0,2128000.0,2892000.0,5890000.0,9307000.0,6781000.0,3548000.0,2888000.0,4695000.0,650000.0,1182000.0,264000.0,187000.0,3202000.0,21.8405,0.050126,3532600.0,11.8779,0.028889,4238500.0,4.9499,0.015617,4566466.67,3.0629,0.010699,3911200.0,2.682,0.00856,3787200.0,1.8466,0.005827
20261008,6624,萬年清,7000.0,11000.0,8000.0,1000.0,7000.0,6000.0,10000.0,8000.0,1000.0,2000.0,12000.0,9000.0,13000.0,7000.0,9000.0,11000.0,17000.0,10000.0,1000.0,1000.0,,,1000.0,9000.0,7000.0,1000.0,,3000.0,2000.0,3000.0,8666.67,26.9231,0.000167,6800.0,20.5882,9.6e-05,6100.0,11.4754,5.2e-05,7400.0,6.3063,3.6e-05,7550.0,4.6358,2.9e-05,6555.56,3.9548,1.9e-05
20261008,6629,泰金-KY,6000.0,32000.0,9000.0,4000.0,27000.0,4000.0,4000.0,3000.0,14000.0,8000.0,16000.0,24000.0,9000.0,45000.0,4000.0,7000.0,2000.0,5000.0,157000.0,6000.0,26000.0,29000.0,4000.0,30000.0,14000.0,49000.0,5000.0,12000.0,57000.0,13000.0,15666.67,12.766,0.000143,15600.0,7.6923,8.3e-05,11100.0,5.4054,4.5e-05,13933.33,2.8708,3.1e-05,19300.0,1.5544,2.4e-05,20833.33,0.96,1.7e-05
20261008,6637,醫影,83000.0,32000.0,18000.0,20000.0,10000.0,27000.0,15000.0,8000.0,17000.0,33000.0,10000.0,9000.0,10000.0,18000.0,19000.0,10000.0,2000.0,13000.0,16000.0,22000.0,74000.0,21000.0,16000.0,16000.0,24000.0,38000.0,50000.0,43000.0,130000.0,105000.0,44333.33,62.406,0.001983,32600.0,50.9202,0.001143,26300.0,31.5589,0.000618,21933.33,25.228,0.000423,19600.0,21.1735,0.000339,30300.0,9.1309,0.000231
20261008,6640,均華,176000.0,480000.0,597000.0,430000.0,286000.0,684000.0,259000.0,419000.0,301000.0,261000.0,627000.0,298000.0,501000.0,316000.0,119000.0,190000.0,360000.0,368000.0,346000.0,543000.0,681000.0,975000.0,1184000.0,1215000.0,1280000.0,1240000.0,616000.0,214000.0,446000.0,178000.0,417666.67,14.0463,0.004205,393800.0,8.9385,0.002423,389300.0,4.5209,0.00131,383600.0,3.0587,0.000898,378050.0,2.3277,0.000718,519666.67,1.1289,0.000489
20261008,6642,富致,235000.0,213000.0,126000.0,154000.0,237000.0,376000.0,161000.0,316000.0,49000.0,91000.0,116000.0,54000.0,102000.0,51000.0,30000.0,51000.0,46000.0,133000.0,153000.0,110000.0,257000.0,233000.0,259000.0,225000.0,148000.0,264000.0,159000.0,276000.0,315000.0,92000.0,191333.33,40.9408,0.005615,193000.0,24.3523,0.003236,195800.0,12.002,0.001749,154066.67,10.1688,0.001198,140200.0,8.3809,0.000959,167733.33,4.6701,0.000653
20261008,6643,M31,385000.0,579000.0,445000.0,672000.0,760000.0,2139000.0,2551000.0,1546000.0,3032000.0,905000.0,1787000.0,1044000.0,908000.0,740000.0,169000.0,194000.0,419000.0,368000.0,258000.0,429000.0,981000.0,164000.0,150000.0,279000.0,178000.0,571000.0,1217000.0,241000.0,336000.0,409000.0,469666.67,27.3243,0.009198,568200.0,13.5516,0.005301,1301400.0,2.9584,0.002866,1177466.67,2.1798,0.001963,966500.0,1.9917,0.001571,795200.0,1.6138,0.001069
20261008,6649,台生材,14000.0,162000.0,157000.0,205000.0,40000.0,112000.0,3000.0,22000.0,92000.0,6000.0,2000.0,21000.0,1000.0,40000.0,35000.0,23000.0,33000.0,63000.0,82000.0,43000.0,31000.0,31000.0,5000.0,33000.0,,12000.0,20000.0,25000.0,12000.0,24000.0,111000.0,4.2042,0.000334,115600.0,2.4221,0.000193,81300.0,1.722,0.000104,60800.0,1.5351,7.1e-05,57800.0,1.2111,5.7e-05,46517.24,1.0378,3.9e-05
20261008,6651,全宇昕,227000.0,507000.0,254000.0,585000.0,163000.0,78000.0,334000.0,157000.0,313000.0,139000.0,159000.0,475000.0,172000.0,140000.0,95000.0,43000.0,123000.0,144000.0,100000.0,73000.0,231000.0,168000.0,106000.0,131000.0,122000.0,502000.0,133000.0,352000.0,262000.0,557000.0,329333.33,22.9757,0.005424,347200.0,13.076,0.003126,275700.0,8.2336,0.00169,253200.0,5.9768,0.001158,214050.0,5.3025,0.000926,228166.67,3.3163,0.00063
20261008,6654,天正國際,19000.0,112000.0,55000.0,26000.0,94000.0,62000.0,83000.0,21000.0,21000.0,38000.0,38000.0,48000.0,34000.0,9000.0,18000.0,16000.0,21000.0,29000.0,19000.0,72000.0,144000.0,83000.0,143000.0,226000.0,101000.0,196000.0,106000.0,39000.0,10000.0,9000.0,62000.0,10.2151,0.000454,61200.0,6.2092,0.000262,53100.0,3.5782,0.000141,45200.0,2.8024,9.7e-05,41750.0,2.2754,7.8e-05,63066.67,1.0042,5.3e-05
20261008,6661,威健生技,,2000.0,1000.0,4000.0,,,,19000.0,5000.0,,11000.0,12000.0,6000.0,5000.0,2000.0,6000.0,3000.0,5000.0,4000.0,3000.0,2000.0,7000.0,11000.0,,3000.0,2000.0,4000.0,11000.0,1000.0,7000.0,1500.0,,,2333.33,,,6200.0,,,6700.0,,,5866.67,,,5666.67,,
20261008,6662,樂斯科,,,2000.0,,16000.0,3000.0,,,,4000.0,2000.0,1000.0,6000.0,9000.0,1000.0,2000.0,2000.0,1000.0,2000.0,5000.0,5000.0,5000.0,1000.0,3000.0,9000.0,,5000.0,2000.0,5000.0,1000.0,2000.0,,,9000.0,,,6250.0,,,4888.89,,,4000.0,,,4000.0,,
20261008,6664,群翊,209000.0,243000.0,365000.0,891000.0,420000.0,341000.0,800000.0,552000.0,285000.0,147000.0,223000.0,156000.0,178000.0,263000.0,132000.0,111000.0,238000.0,317000.0,260000.0,376000.0,234000.0,346000.0,719000.0,1290000.0,558000.0,520000.0,428000.0,247000.0,301000.0,319000.0,272333.33,25.5814,0.004993,425600.0,9.8214,0.002878,425300.0,4.9142,0.001556,347000.0,4.0154,0.001066,325350.0,3.2119,0.000853,382300.0,1.8223,0.00058
20261008,6667,信紘科,833000.0,1745000.0,302000.0,423000.0,215000.0,385000.0,229000.0,243000.0,236000.0,444000.0,795000.0,1395000.0,1457000.0,122000.0,118000.0,173000.0,186000.0,696000.0,236000.0,221000.0,523000.0,1036000.0,837000.0,188000.0,50000.0,174000.0,198000.0,104000.0,129000.0,86000.0,960000.0,28.9236,0.019902,703600.0,23.6782,0.01147,505500.0,16.4787,0.006201,596133.33,9.3156,0.004248,522700.0,7.9682,0.003399,459300.0,6.0454,0.002313
20261008,6679,鈺太,158000.0,138000.0,426000.0,199000.0,257000.0,120000.0,268000.0,375000.0,188000.0,150000.0,167000.0,135000.0,110000.0,247000.0,69000.0,129000.0,131000.0,179000.0,216000.0,181000.0,719000.0,1057000.0,651000.0,254000.0,321000.0,402000.0,200000.0,260000.0,142000.0,151000.0,240666.67,21.8837,0.003775,235600.0,13.4126,0.002176,227900.0,6.9329,0.001176,200466.67,5.2544,0.000806,192150.0,4.1114,0.000645,266666.67,1.975,0.000439
20261008,6680,鑫創電子,,3000.0,4000.0,10000.0,,12000.0,3000.0,8000.0,4000.0,,9000.0,1000.0,,,1000.0,1000.0,7000.0,7000.0,,4000.0,4000.0,1000.0,5000.0,,,1000.0,5000.0,1000.0,2000.0,2000.0,3500.0,,,5666.67,,,6285.71,,,5500.0,,,5285.71,,,4318.18,,
20261008,6683,雍智科技,595000.0,1218000.0,2852000.0,1144000.0,1589000.0,987000.0,1158000.0,724000.0,731000.0,730000.0,1782000.0,2071000.0,2859000.0,2249000.0,2139000.0,2035000.0,691000.0,520000.0,1248000.0,1215000.0,871000.0,1376000.0,1253000.0,1905000.0,716000.0,169000.0,537000.0,1133000.0,588000.0,452000.0,1555000.0,12.7546,0.014216,1479600.0,8.0427,0.008193,1172800.0,5.0733,0.004429,1521866.67,2.6064,0.003034,1426850.0,2.085,0.002428,1251233.33,1.5851,0.001652
20261008,6684,安格,34000.0,94000.0,50000.0,85000.0,61000.0,114000.0,95000.0,192000.0,62000.0,101000.0,299000.0,159000.0,118000.0,311000.0,130000.0,39000.0,41000.0,34000.0,67000.0,48000.0,77000.0,66000.0,35000.0,102000.0,86000.0,54000.0,39000.0,81000.0,44000.0,107000.0,59333.33,19.1011,0.000812,64800.0,10.4938,0.000468,88800.0,3.8288,0.000253,127000.0,1.7848,0.000173,106700.0,1.5933,0.000139,94166.67,1.2035,9.4e-05
20261008,6690,安碁資訊,101000.0,180000.0,177000.0,160000.0,57000.0,100000.0,182000.0,112000.0,105000.0,154000.0,167000.0,329000.0,536000.0,307000.0,744000.0,2249000.0,547000.0,469000.0,27000.0,17000.0,11000.0,19000.0,41000.0,29000.0,32000.0,30000.0,16000.0,43000.0,21000.0,32000.0,152666.67,22.0524,0.002413,135000.0,14.963,0.001391,132800.0,7.6054,0.000752,227400.0,2.961,0.000515,336000.0,1.503,0.000412,233133.33,1.4441,0.00028
20261008,6692,進能服,19000.0,21000.0,26000.0,3000.0,12000.0,5000.0,8000.0,19000.0,51000.0,16000.0,42000.0,9000.0,12000.0,11000.0,6000.0,,23000.0,4000.0,12000.0,2000.0,20000.0,12000.0,18000.0,18000.0,1000.0,16000.0,7000.0,30000.0,7000.0,11000.0,22000.0,28.7879,0.000454,16200.0,23.4568,0.000262,18000.0,10.5556,0.000141,17333.33,7.3077,9.7e-05,15842.11,6.3123,7.8e-05,15206.9,4.3084,5.3e-05
20261008,6693,廣閎科,548000.0,1845000.0,1058000.0,2119000.0,1425000.0,1921000.0,2952000.0,3852000.0,7507000.0,2910000.0,568000.0,705000.0,899000.0,1283000.0,1486000.0,778000.0,1419000.0,977000.0,834000.0,959000.0,1586000.0,2385000.0,2030000.0,2402000.0,1164000.0,1401000.0,938000.0,2106000.0,514000.0,569000.0,1150333.33,15.8795,0.013093,1399000.0,7.8342,0.007546,2613700.0,2.0966,0.004079,2071866.67,1.7633,0.002795,1802250.0,1.5203,0.002236,1704666.67,1.0716,0.001522
20261008,6697,東捷資訊,26000.0,18000.0,15000.0,15000.0,34000.0,25000.0,33000.0,19000.0,13000.0,25000.0,19000.0,31000.0,31000.0,37000.0,13000.0,80000.0,65000.0,8000.0,6000.0,11000.0,6000.0,5000.0,6000.0,15000.0,25000.0,64000.0,20000.0,37000.0,15000.0,,19666.67,44.0678,0.000621,21600.0,24.0741,0.000358,22300.0,11.6592,0.000194,23600.0,7.3446,0.000133,26200.0,4.9618,0.000106,24724.14,3.6262,7.2e-05
20261008,6703,軒郁,26000.0,41000.0,12000.0,21000.0,7000.0,11000.0,44000.0,26000.0,8000.0,21000.0,58000.0,8000.0,13000.0,17000.0,15000.0,26000.0,31000.0,14000.0,103000.0,81000.0,91000.0,16000.0,39000.0,21000.0,29000.0,45000.0,17000.0,60000.0,12000.0,16000.0,26333.33,32.9114,0.000621,21400.0,24.2991,0.000358,21700.0,11.9816,0.000194,21866.67,7.9268,0.000133,29150.0,4.4597,0.000106,30966.67,2.7987,7.2e-05
20261008,6708,天擎,483000.0,930000.0,1723000.0,606000.0,827000.0,1490000.0,879000.0,205000.0,343000.0,6000.0,11000.0,74000.0,69000.0,105000.0,11000.0,29000.0,3000.0,10000.0,11000.0,16000.0,7000.0,39000.0,3000.0,2000.0,6000.0,8000.0,23000.0,26000.0,22000.0,34000.0,1045333.33,15.4018,0.01154,913800.0,10.5712,0.006651,749200.0,6.4469,0.003595,517466.67,6.2226,0.002463,391550.0,6.1678,0.001971,266700.0,6.0367,0.001341
20261008,6712,長聖,176000.0,439000.0,228000.0,384000.0,404000.0,93000.0,172000.0,187000.0,197000.0,281000.0,198000.0,55000.0,169000.0,371000.0,109000.0,107000.0,150000.0,178000.0,239000.0,242000.0,149000.0,261000.0,158000.0,216000.0,194000.0,153000.0,334000.0,361000.0,656000.0,403000.0,281000.0,20.8778,0.004205,326200.0,10.7909,0.002423,256100.0,6.8723,0.00131,230866.67,5.0823,0.000898,218950.0,4.0192,0.000718,242133.33,2.4229,0.000489
20261008,6716,應廣,399000.0,5442000.0,3813000.0,1112000.0,574000.0,401000.0,195000.0,145000.0,275000.0,257000.0,425000.0,488000.0,411000.0,492000.0,315000.0,573000.0,760000.0,389000.0,389000.0,708000.0,1407000.0,1001000.0,2315000.0,2055000.0,396000.0,272000.0,454000.0,441000.0,608000.0,765000.0,3218000.0,4.133,0.009533,2268000.0,3.5185,0.005494,1261300.0,3.1634,0.00297,982933.33,2.7062,0.002035,878150.0,2.2718,0.001628,909233.33,1.4628,0.001108
20261008,6720,久昌,66000.0,8000.0,169000.0,4000.0,76000.0,14000.0,12000.0,8000.0,5000.0,83000.0,6000.0,13000.0,28000.0,4000.0,2000.0,6000.0,24000.0,,53000.0,17000.0,30000.0,9000.0,29000.0,28000.0,16000.0,24000.0,8000.0,17000.0,35000.0,6000.0,81000.0,27.1605,0.001577,64600.0,20.4334,0.000909,44500.0,14.8315,0.000491,33200.0,13.253,0.000337,31473.68,11.0368,0.000269,27586.21,8.25,0.000183
20261008,6721,信實,23000.0,33000.0,33000.0,9000.0,,1000.0,9000.0,3000.0,3000.0,5000.0,6000.0,14000.0,1000.0,2000.0,6000.0,7000.0,8000.0,46000.0,4000.0,,5000.0,3000.0,85000.0,26000.0,14000.0,14000.0,5000.0,4000.0,4000.0,12000.0,29666.67,25.8427,0.00055,24500.0,23.4694,0.000317,13222.22,19.3277,0.000171,10571.43,15.5405,0.000117,11833.33,10.7981,9.4e-05,13750.0,5.974,6.4e-05
20261008,6725,矽科宏晟,107000.0,47000.0,95000.0,85000.0,53000.0,115000.0,48000.0,50000.0,25000.0,30000.0,48000.0,53000.0,54000.0,127000.0,27000.0,35000.0,76000.0,167000.0,49000.0,43000.0,62000.0,63000.0,89000.0,86000.0,16000.0,61000.0,84000.0,53000.0,134000.0,52000.0,83000.0,42.9719,0.002556,77400.0,27.6486,0.001473,65500.0,16.3359,0.000797,64266.67,11.0996,0.000546,66700.0,8.021,0.000437,67800.0,5.2606,0.000297
20261008,6727,亞泰金屬,761000.0,1113000.0,1729000.0,1794000.0,1837000.0,637000.0,969000.0,1632000.0,1527000.0,778000.0,1115000.0,1090000.0,793000.0,1521000.0,583000.0,1035000.0,1173000.0,946000.0,1414000.0,1489000.0,1348000.0,1302000.0,1958000.0,2045000.0,2707000.0,2009000.0,2229000.0,2475000.0,2474000.0,2287000.0,1201000.0,21.1213,0.018182,1446800.0,10.5198,0.010479,1277700.0,5.956,0.005665,1191933.33,4.2564,0.003881,1196800.0,3.1793,0.003105,1492333.33,1.6998,0.002113
20261008,6728,上洋,12000.0,27000.0,21000.0,27000.0,29000.0,28000.0,17000.0,31000.0,13000.0,32000.0,11000.0,7000.0,9000.0,23000.0,12000.0,10000.0,17000.0,7000.0,17000.0,38000.0,2000.0,4000.0,11000.0,31000.0,32000.0,5000.0,11000.0,7000.0,7000.0,3000.0,20000.0,20.0,0.000287,23200.0,10.3448,0.000165,23700.0,5.0633,8.9e-05,19933.33,4.0134,6.1e-05,19400.0,3.0928,4.9e-05,16700.0,2.3952,3.3e-05
20261008,6730,常廣,2000.0,3000.0,1000.0,17000.0,21000.0,7000.0,7000.0,6000.0,12000.0,6000.0,7000.0,7000.0,5000.0,4000.0,,3000.0,2000.0,7000.0,3000.0,29000.0,7000.0,18000.0,9000.0,6000.0,14000.0,,5000.0,2000.0,3000.0,10000.0,2000.0,33.3333,4.8e-05,8800.0,4.5455,2.8e-05,8200.0,2.439,1.5e-05,7500.0,1.9048,1e-05,7842.11,1.3423,8e-06,7964.29,0.8969,6e-06
20261008,6732,昇佳電子,37000.0,59000.0,102000.0,129000.0,89000.0,54000.0,70000.0,58000.0,27000.0,41000.0,98000.0,50000.0,67000.0,85000.0,34000.0,45000.0,72000.0,87000.0,94000.0,62000.0,112000.0,53000.0,91000.0,192000.0,139000.0,121000.0,112000.0,163000.0,109000.0,159000.0,66000.0,18.6869,0.000884,83200.0,8.8942,0.000509,66600.0,5.5556,0.000275,66666.67,3.7,0.000189,68000.0,2.7206,0.000151,87033.33,1.4171,0.000103
20261008,6733,博晟生醫,22000.0,74000.0,64000.0,111000.0,73000.0,22000.0,98000.0,40000.0,46000.0,45000.0,99000.0,53000.0,52000.0,77000.0,14000.0,34000.0,28000.0,79000.0,53000.0,63000.0,56000.0,59000.0,62000.0,114000.0,56000.0,336000.0,108000.0,196000.0,39000.0,110000.0,53333.33,13.75,0.000526,68800.0,6.3953,0.000303,59500.0,3.6975,0.000164,59333.33,2.4719,0.000112,57350.0,1.918,9e-05,76100.0,0.9636,6.1e-05
20261008,6735,美達科技,44000.0,100000.0,62000.0,69000.0,47000.0,69000.0,108000.0,103000.0,35000.0,117000.0,60000.0,63000.0,97000.0,60000.0,47000.0,29000.0,54000.0,46000.0,43000.0,101000.0,63000.0,42000.0,88000.0,113000.0,129000.0,262000.0,107000.0,81000.0,128000.0,78000.0,68666.67,21.3592,0.001051,64400.0,13.6646,0.000606,75400.0,5.8355,0.000328,72066.67,4.0703,0.000224,67700.0,3.2496,0.00018,81500.0,1.7996,0.000122
20261008,6739,竹陞科技,139000.0,98000.0,203000.0,280000.0,337000.0,143000.0,246000.0,171000.0,149000.0,253000.0,194000.0,272000.0,325000.0,248000.0,242000.0,282000.0,501000.0,1656000.0,394000.0,408000.0,214000.0,486000.0,125000.0,129000.0,120000.0,167000.0,267000.0,567000.0,201000.0,61000.0,146666.67,31.5909,0.003321,211400.0,13.1504,0.001914,201900.0,6.8846,0.001035,220000.0,4.2121,0.000709,327050.0,2.1251,0.000567,295933.33,1.5657,0.000386
20261008,6741,91APP*-KY,272000.0,90000.0,106000.0,183000.0,149000.0,96000.0,292000.0,96000.0,159000.0,290000.0,128000.0,188000.0,272000.0,64000.0,104000.0,76000.0,83000.0,263000.0,97000.0,95000.0,134000.0,107000.0,118000.0,254000.0,211000.0,190000.0,219000.0,322000.0,378000.0,308000.0,156000.0,58.1197,0.006499,160000.0,34.0,0.003745,173300.0,15.6953,0.002025,165933.33,10.9281,0.001387,155150.0,8.7657,0.00111,178133.33,5.0898,0.000755
20261008,6751,智聯服務,327000.0,80000.0,,8000.0,5000.0,4000.0,6000.0,29000.0,8000.0,,8000.0,13000.0,12000.0,4000.0,10000.0,2000.0,4000.0,6000.0,3000.0,7000.0,7000.0,10000.0,1000.0,9000.0,7000.0,18000.0,5000.0,,2000.0,12000.0,203500.0,80.344,0.007813,105000.0,77.8571,0.004503,58375.0,70.0214,0.002434,39538.46,63.6187,0.001668,29777.78,61.0075,0.001334,22481.48,53.8715,0.000908
20261008,6752,叡揚,14000.0,3000.0,13000.0,16000.0,7000.0,8000.0,10000.0,12000.0,7000.0,15000.0,18000.0,21000.0,15000.0,28000.0,117000.0,195000.0,37000.0,9000.0,7000.0,1000.0,17000.0,3000.0,7000.0,10000.0,9000.0,,7000.0,1000.0,9000.0,2000.0,10000.0,46.6667,0.000334,10600.0,26.4151,0.000193,10500.0,13.3333,0.000104,20266.67,4.6053,7.1e-05,27650.0,2.5316,5.7e-05,21310.34,2.2654,3.9e-05
20261008,6761,穩得,94000.0,63000.0,103000.0,238000.0,162000.0,143000.0,97000.0,83000.0,92000.0,74000.0,147000.0,88000.0,113000.0,118000.0,52000.0,101000.0,144000.0,286000.0,640000.0,162000.0,245000.0,289000.0,394000.0,413000.0,204000.0,571000.0,284000.0,521000.0,732000.0,402000.0,86666.67,36.1538,0.002246,132000.0,14.2424,0.001294,114900.0,8.181,0.0007,111133.33,5.6389,0.000479,150000.0,3.1333,0.000384,235166.67,1.3324,0.000261
20261008,6762,達亞,,,,2000.0,5000.0,2000.0,4000.0,,3000.0,1000.0,,,1000.0,,,,,5000.0,,9000.0,,1000.0,,1000.0,3000.0,,,2000.0,,1000.0,,,,3500.0,,,2833.33,,,2571.43,,,3555.56,,,2857.14,,
20261008,6763,綠界科技*,90000.0,152000.0,107000.0,158000.0,159000.0,86000.0,116000.0,58000.0,86000.0,126000.0,243000.0,138000.0,147000.0,153000.0,73000.0,69000.0,146000.0,158000.0,143000.0,170000.0,136000.0,178000.0,161000.0,190000.0,134000.0,221000.0,127000.0,153000.0,170000.0,139000.0,116333.33,25.788,0.00215,133200.0,13.5135,0.001239,113800.0,7.9086,0.00067,126133.33,4.7569,0.000459,128900.0,3.4911,0.000367,139566.67,2.1495,0.00025
20261008,6767,台微醫,12000.0,12000.0,6000.0,,10000.0,15000.0,3000.0,6000.0,1000.0,2000.0,5000.0,10000.0,35000.0,30000.0,5000.0,1000.0,3000.0,1000.0,2000.0,14000.0,9000.0,7000.0,,,,4000.0,1000.0,4000.0,4000.0,1000.0,10000.0,40.0,0.000287,10000.0,30.0,0.000165,7444.44,17.9104,8.9e-05,10857.14,7.8947,6.1e-05,9105.26,6.9364,4.9e-05,7807.69,5.9113,3.3e-05
20261008,6785,昱展新藥,77000.0,136000.0,44000.0,43000.0,33000.0,31000.0,66000.0,29000.0,44000.0,21000.0,82000.0,46000.0,226000.0,167000.0,16000.0,27000.0,15000.0,31000.0,37000.0,55000.0,50000.0,44000.0,27000.0,35000.0,45000.0,87000.0,63000.0,43000.0,30000.0,50000.0,85666.67,29.9611,0.00184,66600.0,23.1231,0.00106,52400.0,14.6947,0.000573,70733.33,7.2573,0.000393,61300.0,6.2806,0.000314,56666.67,4.5294,0.000214
20261008,6788,華景電,1081000.0,683000.0,272000.0,843000.0,422000.0,151000.0,161000.0,185000.0,64000.0,89000.0,175000.0,213000.0,229000.0,187000.0,77000.0,125000.0,95000.0,207000.0,340000.0,756000.0,193000.0,297000.0,289000.0,247000.0,285000.0,724000.0,286000.0,268000.0,258000.0,120000.0,678666.67,53.0943,0.025827,660200.0,32.7477,0.014885,395100.0,27.3602,0.008047,322133.33,22.3717,0.005513,317750.0,17.0102,0.004411,310733.33,11.5962,0.003002
20261008,6791,虎門科技,20000.0,18000.0,23000.0,10000.0,5000.0,4000.0,7000.0,6000.0,5000.0,9000.0,9000.0,11000.0,16000.0,8000.0,14000.0,19000.0,38000.0,17000.0,2000.0,4000.0,11000.0,16000.0,1000.0,4000.0,15000.0,6000.0,11000.0,7000.0,18000.0,7000.0,20333.33,32.7869,0.000478,15200.0,26.3158,0.000275,10700.0,18.6916,0.000149,11000.0,12.1212,0.000102,12250.0,8.1633,8.2e-05,11366.67,5.8651,5.6e-05
20261008,6803,崑鼎,52000.0,63000.0,84000.0,104000.0,43000.0,37000.0,31000.0,81000.0,20000.0,45000.0,56000.0,56000.0,56000.0,37000.0,15000.0,38000.0,40000.0,60000.0,42000.0,76000.0,43000.0,62000.0,10000.0,48000.0,42000.0,31000.0,39000.0,45000.0,42000.0,28000.0,66333.33,26.1307,0.001242,69200.0,15.0289,0.000716,56000.0,9.2857,0.000387,52000.0,6.6667,0.000265,51800.0,5.0193,0.000212,47533.33,3.6466,0.000144
20261008,6804,明係,61000.0,83000.0,31000.0,46000.0,24000.0,26000.0,53000.0,48000.0,47000.0,36000.0,73000.0,66000.0,81000.0,57000.0,51000.0,53000.0,18000.0,119000.0,27000.0,110000.0,55000.0,74000.0,46000.0,66000.0,68000.0,86000.0,41000.0,40000.0,58000.0,104000.0,58333.33,34.8571,0.001457,49000.0,24.898,0.00084,45500.0,13.4066,0.000454,52200.0,7.7905,0.000311,55500.0,5.4955,0.000249,58266.67,3.4897,0.000169
20261008,6811,宏碁資訊,2047000.0,1182000.0,364000.0,386000.0,172000.0,161000.0,223000.0,328000.0,276000.0,185000.0,429000.0,590000.0,1058000.0,384000.0,708000.0,1323000.0,1006000.0,185000.0,68000.0,50000.0,75000.0,637000.0,39000.0,59000.0,32000.0,39000.0,71000.0,42000.0,57000.0,39000.0,1197666.67,56.9719,0.048907,830200.0,49.3134,0.028186,532400.0,38.4485,0.015238,566200.0,24.1022,0.010439,556250.0,18.4,0.008352,407166.67,16.7581,0.005685
20261008,6821,聯寶,62000.0,187000.0,264000.0,791000.0,615000.0,74000.0,153000.0,41000.0,31000.0,63000.0,98000.0,88000.0,72000.0,48000.0,52000.0,32000.0,87000.0,55000.0,49000.0,155000.0,122000.0,185000.0,94000.0,74000.0,111000.0,132000.0,69000.0,194000.0,202000.0,138000.0,171000.0,12.0858,0.001481,383800.0,3.2308,0.000854,228100.0,2.7181,0.000462,175933.33,2.3494,0.000316,150850.0,2.055,0.000253,144600.0,1.4292,0.000172
20261008,6823,濾能,33000.0,32000.0,39000.0,34000.0,15000.0,12000.0,88000.0,115000.0,43000.0,48000.0,26000.0,20000.0,10000.0,53000.0,54000.0,56000.0,55000.0,44000.0,26000.0,28000.0,41000.0,92000.0,69000.0,145000.0,101000.0,84000.0,160000.0,336000.0,127000.0,105000.0,34666.67,31.7308,0.000788,30600.0,21.5686,0.000454,45900.0,7.1895,0.000246,41466.67,5.3055,0.000168,41550.0,3.9711,0.000135,69700.0,1.5782,9.2e-05
20261008,6829,千附精密,378000.0,856000.0,321000.0,424000.0,294000.0,475000.0,464000.0,243000.0,384000.0,672000.0,1173000.0,682000.0,1000000.0,527000.0,622000.0,1228000.0,1008000.0,1099000.0,1493000.0,2006000.0,1112000.0,1666000.0,619000.0,875000.0,1094000.0,1293000.0,1363000.0,1160000.0,2301000.0,1649000.0,518333.33,24.3087,0.009031,454600.0,16.63,0.005205,451100.0,8.3795,0.002814,567666.67,4.4392,0.001928,767450.0,2.4627,0.001542,949366.67,1.3272,0.00105
20261008,6840,東研信超,295000.0,202000.0,196000.0,292000.0,218000.0,337000.0,209000.0,278000.0,257000.0,269000.0,582000.0,604000.0,1455000.0,1197000.0,225000.0,135000.0,358000.0,264000.0,1194000.0,450000.0,750000.0,179000.0,391000.0,461000.0,488000.0,469000.0,402000.0,703000.0,1350000.0,993000.0,231000.0,42.5685,0.007048,240600.0,24.522,0.004062,255300.0,11.555,0.002196,441066.67,4.4589,0.001504,450850.0,3.2716,0.001204,506766.67,1.9404,0.000819
20261008,6841,長佳智能,187000.0,101000.0,87000.0,226000.0,178000.0,602000.0,796000.0,650000.0,136000.0,65000.0,103000.0,91000.0,124000.0,188000.0,75000.0,74000.0,87000.0,288000.0,100000.0,99000.0,98000.0,133000.0,164000.0,279000.0,120000.0,141000.0,132000.0,126000.0,102000.0,298000.0,125000.0,49.8667,0.004468,155800.0,24.0051,0.002575,302800.0,6.1757,0.001392,240600.0,5.1815,0.000954,212850.0,4.3928,0.000763,195000.0,3.1966,0.000519
20261008,6843,進典,24000.0,5000.0,10000.0,29000.0,32000.0,14000.0,3000.0,3000.0,6000.0,8000.0,11000.0,10000.0,8000.0,3000.0,4000.0,12000.0,7000.0,2000.0,3000.0,25000.0,1000.0,5000.0,13000.0,9000.0,16000.0,13000.0,7000.0,1000.0,1000.0,11000.0,13000.0,61.5385,0.000573,20000.0,24.0,0.00033,13400.0,17.9104,0.000179,11333.33,14.1176,0.000122,10950.0,10.9589,9.8e-05,9866.67,8.1081,6.7e-05
20261008,6844,諾貝兒,30000.0,8000.0,8000.0,7000.0,11000.0,11000.0,13000.0,10000.0,9000.0,12000.0,12000.0,36000.0,37000.0,23000.0,18000.0,28000.0,14000.0,16000.0,4000.0,15000.0,5000.0,22000.0,54000.0,19000.0,17000.0,29000.0,25000.0,25000.0,34000.0,25000.0,15333.33,65.2174,0.000717,12800.0,46.875,0.000413,11900.0,25.2101,0.000223,16333.33,12.2449,0.000153,16100.0,9.3168,0.000122,19233.33,5.1993,8.3e-05
20261008,6846,綠茵,9000.0,9000.0,2000.0,4000.0,3000.0,6000.0,6000.0,4000.0,1000.0,4000.0,3000.0,15000.0,14000.0,1000.0,2000.0,4000.0,11000.0,11000.0,7000.0,1000.0,1000.0,6000.0,5000.0,2000.0,8000.0,9000.0,9000.0,2000.0,9000.0,1000.0,6666.67,45.0,0.000215,5400.0,33.3333,0.000124,4800.0,18.75,6.7e-05,5533.33,10.8434,4.6e-05,5850.0,7.6923,3.7e-05,5633.33,5.3254,2.5e-05
20261008,6855,數泓科,13000.0,4000.0,6000.0,1000.0,4000.0,,8000.0,,,5000.0,7000.0,3000.0,1000.0,,,7000.0,1000.0,5000.0,5000.0,7000.0,8000.0,1000.0,1000.0,,2000.0,,8000.0,2000.0,,12000.0,7666.67,56.5217,0.000311,5600.0,46.4286,0.000179,5857.14,31.7073,9.7e-05,5200.0,25.0,6.6e-05,5133.33,16.8831,5.3e-05,5045.45,11.7117,3.6e-05
20261008,6856,鑫傳,11000.0,14000.0,,3000.0,1000.0,10000.0,13000.0,5000.0,12000.0,6000.0,5000.0,9000.0,14000.0,3000.0,7000.0,2000.0,,3000.0,10000.0,2000.0,,1000.0,3000.0,,,,,1000.0,3000.0,,12500.0,44.0,0.000263,7250.0,37.931,0.000151,8333.33,14.6667,8.2e-05,8071.43,9.7345,5.6e-05,7222.22,8.4615,4.5e-05,6272.73,7.971,3.1e-05
20261008,6859,伯特光,15000.0,25000.0,33000.0,49000.0,30000.0,26000.0,21000.0,10000.0,35000.0,98000.0,34000.0,37000.0,22000.0,114000.0,102000.0,8000.0,38000.0,38000.0,79000.0,87000.0,13000.0,31000.0,29000.0,56000.0,107000.0,32000.0,94000.0,10000.0,56000.0,14000.0,24333.33,20.5479,0.000358,30400.0,9.8684,0.000207,34200.0,4.386,0.000112,43400.0,2.3041,7.6e-05,45050.0,1.6648,6.1e-05,44766.67,1.1169,4.2e-05
20261008,6865,偉康科技,6000.0,11000.0,12000.0,20000.0,4000.0,21000.0,59000.0,9000.0,33000.0,23000.0,7000.0,2000.0,12000.0,28000.0,33000.0,156000.0,126000.0,7000.0,6000.0,14000.0,6000.0,3000.0,12000.0,18000.0,14000.0,1000.0,5000.0,8000.0,5000.0,6000.0,9666.67,20.6897,0.000143,10600.0,11.3208,8.3e-05,19800.0,3.0303,4.5e-05,18666.67,2.1429,3.1e-05,29450.0,1.0187,2.4e-05,22233.33,0.8996,1.7e-05
20261008,6870,騰雲,68000.0,84000.0,55000.0,69000.0,82000.0,81000.0,124000.0,49000.0,272000.0,1125000.0,74000.0,98000.0,59000.0,97000.0,458000.0,371000.0,115000.0,212000.0,62000.0,108000.0,53000.0,264000.0,50000.0,89000.0,238000.0,229000.0,20000.0,44000.0,49000.0,36000.0,69000.0,32.8502,0.001625,71600.0,18.9944,0.000936,200900.0,3.3848,0.000506,186333.33,2.4329,0.000347,183150.0,1.8564,0.000277,157833.33,1.4361,0.000189
20261008,6872,浩宇生醫,73000.0,110000.0,56000.0,123000.0,78000.0,174000.0,238000.0,308000.0,203000.0,215000.0,586000.0,358000.0,126000.0,429000.0,267000.0,296000.0,475000.0,572000.0,1959000.0,412000.0,188000.0,237000.0,380000.0,259000.0,97000.0,33000.0,37000.0,185000.0,65000.0,10000.0,79666.67,30.5439,0.001744,88000.0,16.5909,0.001005,157800.0,4.6261,0.000543,222933.33,2.183,0.000372,352900.0,1.0343,0.000298,284966.67,0.8539,0.000203
20261008,6874,倍力,8000.0,4000.0,21000.0,15000.0,11000.0,13000.0,20000.0,8000.0,16000.0,8000.0,13000.0,13000.0,27000.0,49000.0,26000.0,57000.0,35000.0,12000.0,23000.0,14000.0,39000.0,57000.0,53000.0,128000.0,121000.0,74000.0,22000.0,26000.0,35000.0,30000.0,11000.0,24.2424,0.000191,11800.0,13.5593,0.00011,12400.0,6.4516,6e-05,16800.0,3.1746,4.1e-05,19650.0,2.0356,3.3e-05,32600.0,0.818,2.2e-05
20261008,6875,國邑*,192000.0,293000.0,255000.0,837000.0,650000.0,252000.0,183000.0,88000.0,125000.0,249000.0,476000.0,615000.0,260000.0,153000.0,147000.0,101000.0,193000.0,222000.0,240000.0,92000.0,88000.0,120000.0,208000.0,179000.0,178000.0,39000.0,52000.0,32000.0,39000.0,25000.0,246666.67,25.9459,0.004587,445400.0,8.6215,0.002644,312400.0,6.146,0.001429,318333.33,4.0209,0.000979,281150.0,3.4145,0.000783,219433.33,2.9166,0.000533
20261008,6877,鏵友益,232000.0,238000.0,410000.0,881000.0,352000.0,157000.0,64000.0,75000.0,22000.0,103000.0,96000.0,38000.0,37000.0,32000.0,61000.0,49000.0,42000.0,22000.0,23000.0,52000.0,187000.0,96000.0,27000.0,86000.0,37000.0,63000.0,46000.0,37000.0,20000.0,49000.0,293333.33,26.3636,0.005543,422600.0,10.9796,0.003195,253400.0,9.1555,0.001727,186533.33,8.2916,0.001183,149300.0,7.7696,0.000947,121133.33,6.3841,0.000644
20261008,6881,潤德,4000.0,5000.0,3000.0,8000.0,3000.0,6000.0,4000.0,3000.0,1000.0,,,3000.0,8000.0,1000.0,4000.0,3000.0,9000.0,6000.0,,1000.0,,3000.0,2000.0,1000.0,,7000.0,4000.0,,,1000.0,4000.0,33.3333,9.6e-05,4600.0,17.3913,5.5e-05,4111.11,10.8108,3e-05,4076.92,7.5472,2e-05,4235.29,5.5556,1.6e-05,3913.04,4.4444,1.1e-05
20261008,6884,海柏特,37000.0,13000.0,5000.0,3000.0,3000.0,7000.0,13000.0,4000.0,5000.0,,,3000.0,6000.0,2000.0,1000.0,8000.0,5000.0,4000.0,10000.0,14000.0,29000.0,4000.0,5000.0,10000.0,4000.0,7000.0,5000.0,6000.0,7000.0,3000.0,18333.33,67.2727,0.000884,12200.0,60.6557,0.000509,10000.0,41.1111,0.000275,7846.15,36.2745,0.000189,7944.44,25.8741,0.000151,7964.29,16.5919,0.000103
20261008,6894,衛司特,78000.0,56000.0,64000.0,89000.0,30000.0,28000.0,42000.0,20000.0,45000.0,33000.0,116000.0,127000.0,76000.0,57000.0,20000.0,34000.0,111000.0,58000.0,195000.0,37000.0,54000.0,17000.0,21000.0,28000.0,48000.0,33000.0,194000.0,136000.0,32000.0,21000.0,66000.0,39.3939,0.001864,63400.0,24.6057,0.001074,48500.0,16.0825,0.000581,58733.33,8.8536,0.000398,65800.0,5.9271,0.000318,63333.33,4.1053,0.000217
20261008,6895,宏碩系統,7000.0,9000.0,26000.0,93000.0,16000.0,27000.0,17000.0,8000.0,32000.0,13000.0,11000.0,57000.0,27000.0,19000.0,40000.0,25000.0,20000.0,13000.0,9000.0,11000.0,27000.0,25000.0,47000.0,105000.0,99000.0,189000.0,332000.0,100000.0,61000.0,39000.0,14000.0,16.6667,0.000167,30200.0,4.6358,9.6e-05,24800.0,2.8226,5.2e-05,26800.0,1.7413,3.6e-05,24000.0,1.4583,2.9e-05,50133.33,0.4654,1.9e-05
20261008,6899,創為精密,6000.0,13000.0,20000.0,2000.0,10000.0,11000.0,11000.0,13000.0,5000.0,15000.0,12000.0,39000.0,8000.0,14000.0,2000.0,8000.0,5000.0,10000.0,7000.0,4000.0,9000.0,16000.0,4000.0,9000.0,4000.0,6000.0,15000.0,9000.0,12000.0,16000.0,13000.0,15.3846,0.000143,10200.0,11.7647,8.3e-05,10600.0,5.6604,4.5e-05,12066.67,3.3149,3.1e-05,10750.0,2.7907,2.4e-05,10500.0,1.9048,1.7e-05
20261008,6903,巨漢,182000.0,249000.0,307000.0,504000.0,214000.0,399000.0,544000.0,205000.0,161000.0,230000.0,155000.0,128000.0,249000.0,142000.0,59000.0,107000.0,131000.0,194000.0,624000.0,191000.0,133000.0,153000.0,218000.0,220000.0,194000.0,268000.0,169000.0,184000.0,172000.0,212000.0,246000.0,24.6612,0.004348,291200.0,12.5,0.002506,299500.0,6.0768,0.001355,248533.33,4.882,0.000928,248750.0,3.6583,0.000743,229933.33,2.6384,0.000505
20261008,6904,伯鑫,,4000.0,2000.0,1000.0,1000.0,,1000.0,1000.0,,1000.0,,1000.0,3000.0,,,4000.0,1000.0,6000.0,,,1000.0,1000.0,,,2000.0,,,1000.0,1000.0,,3000.0,,,2000.0,,,1571.43,,,1666.67,,,2166.67,,,1882.35,,
20261008,6907,雅特力-KY,1425000.0,632000.0,790000.0,2001000.0,2615000.0,2919000.0,739000.0,268000.0,391000.0,617000.0,1624000.0,608000.0,1836000.0,598000.0,489000.0,510000.0,882000.0,1693000.0,1125000.0,3654000.0,7106000.0,3989000.0,718000.0,1516000.0,1198000.0,1560000.0,870000.0,1172000.0,1055000.0,1473000.0,949000.0,50.0527,0.034046,1492600.0,19.0942,0.019622,1239700.0,11.4947,0.010608,1170133.33,8.1187,0.007267,1270800.0,5.6067,0.005814,1535766.67,3.0929,0.003958
20261008,6910,德鴻,5000.0,8000.0,14000.0,19000.0,8000.0,27000.0,16000.0,25000.0,20000.0,8000.0,45000.0,38000.0,35000.0,11000.0,8000.0,15000.0,18000.0,25000.0,35000.0,8000.0,21000.0,12000.0,15000.0,15000.0,19000.0,43000.0,8000.0,6000.0,6000.0,19000.0,9000.0,18.5185,0.000119,10800.0,9.2593,6.9e-05,15000.0,3.3333,3.7e-05,19133.33,1.7422,2.5e-05,19400.0,1.2887,2e-05,18400.0,0.9058,1.4e-05
20261008,6913,鴻呈,289000.0,479000.0,94000.0,163000.0,102000.0,94000.0,71000.0,97000.0,93000.0,204000.0,216000.0,154000.0,184000.0,270000.0,154000.0,225000.0,375000.0,357000.0,257000.0,344000.0,498000.0,1480000.0,820000.0,576000.0,711000.0,962000.0,2365000.0,1819000.0,1298000.0,187000.0,287333.33,33.5267,0.006905,225400.0,25.6433,0.003979,168600.0,17.1412,0.002151,177600.0,10.8483,0.001474,211100.0,6.8451,0.001179,497933.33,1.9347,0.000803
20261008,6922,宸曜,63000.0,140000.0,71000.0,149000.0,187000.0,81000.0,193000.0,480000.0,259000.0,94000.0,166000.0,338000.0,51000.0,77000.0,30000.0,80000.0,63000.0,66000.0,148000.0,94000.0,394000.0,424000.0,132000.0,154000.0,92000.0,126000.0,168000.0,190000.0,186000.0,130000.0,91333.33,22.9927,0.001505,122000.0,10.3279,0.000867,171700.0,3.6692,0.000469,158600.0,2.6482,0.000321,141500.0,2.2261,0.000257,160866.67,1.3054,0.000175
20261008,6925,意藍,445000.0,297000.0,905000.0,696000.0,492000.0,938000.0,1217000.0,2026000.0,1439000.0,452000.0,116000.0,275000.0,621000.0,236000.0,565000.0,150000.0,105000.0,33000.0,2000.0,13000.0,11000.0,13000.0,6000.0,7000.0,12000.0,54000.0,25000.0,13000.0,12000.0,19000.0,549000.0,27.0188,0.010632,567000.0,15.6966,0.006127,890700.0,4.9961,0.003313,714666.67,4.1511,0.002269,551150.0,4.037,0.001816,373166.67,3.975,0.001236
20261008,6929,佑全,2000.0,18000.0,10000.0,9000.0,8000.0,,4000.0,4000.0,,14000.0,3000.0,,3000.0,4000.0,6000.0,11000.0,6000.0,1000.0,7000.0,14000.0,,13000.0,4000.0,8000.0,3000.0,1000.0,3000.0,2000.0,5000.0,6000.0,10000.0,6.6667,4.8e-05,9400.0,4.2553,2.8e-05,8625.0,2.8986,1.5e-05,7083.33,2.3529,1e-05,7294.12,1.6129,8e-06,6500.0,1.1834,6e-06
20261008,6945,圓祥生技,771000.0,787000.0,665000.0,696000.0,610000.0,535000.0,692000.0,314000.0,217000.0,463000.0,613000.0,939000.0,1186000.0,1751000.0,684000.0,805000.0,133000.0,174000.0,130000.0,68000.0,84000.0,120000.0,68000.0,156000.0,113000.0,310000.0,442000.0,164000.0,602000.0,167000.0,741000.0,34.6829,0.018421,705800.0,21.8475,0.010616,575000.0,13.4087,0.005739,728200.0,7.0585,0.003932,611650.0,6.3026,0.003146,481966.67,5.3323,0.002141
20261008,6953,家碩,73000.0,70000.0,123000.0,452000.0,256000.0,97000.0,40000.0,30000.0,4000.0,13000.0,22000.0,86000.0,15000.0,18000.0,14000.0,31000.0,42000.0,55000.0,231000.0,235000.0,22000.0,7000.0,16000.0,10000.0,35000.0,107000.0,30000.0,32000.0,34000.0,50000.0,88666.67,27.4436,0.001744,194800.0,7.4949,0.001005,115800.0,6.304,0.000543,87533.33,5.5598,0.000372,95350.0,3.828,0.000298,75000.0,3.2444,0.000203
20261008,6961,旅天下,6000.0,19000.0,46000.0,30000.0,34000.0,7000.0,31000.0,34000.0,15000.0,20000.0,23000.0,24000.0,71000.0,40000.0,6000.0,28000.0,6000.0,11000.0,14000.0,35000.0,3000.0,13000.0,12000.0,50000.0,22000.0,16000.0,46000.0,13000.0,5000.0,8000.0,23666.67,8.4507,0.000143,27000.0,4.4444,8.3e-05,24200.0,2.4793,4.5e-05,27066.67,1.4778,3.1e-05,25000.0,1.2,2.4e-05,22933.33,0.8721,1.7e-05
20261008,6967,汎瑋材料,89000.0,125000.0,190000.0,104000.0,183000.0,195000.0,277000.0,127000.0,70000.0,46000.0,72000.0,250000.0,61000.0,68000.0,80000.0,76000.0,98000.0,234000.0,500000.0,289000.0,64000.0,29000.0,41000.0,123000.0,31000.0,48000.0,32000.0,64000.0,61000.0,40000.0,134666.67,22.0297,0.002126,138200.0,12.8799,0.001225,140600.0,6.33,0.000663,129133.33,4.5947,0.000454,156700.0,2.8398,0.000363,122233.33,2.4271,0.000247
20261008,6968,萬達寵物,40000.0,38000.0,31000.0,51000.0,46000.0,45000.0,20000.0,11000.0,18000.0,55000.0,32000.0,63000.0,64000.0,118000.0,52000.0,20000.0,45000.0,61000.0,24000.0,17000.0,39000.0,150000.0,30000.0,59000.0,21000.0,27000.0,30000.0,21000.0,73000.0,38000.0,36333.33,36.6972,0.000956,41200.0,19.4175,0.000551,35500.0,11.2676,0.000298,45600.0,5.848,0.000204,42550.0,4.7004,0.000163,44633.33,2.9873,0.000111
20261008,6971,惠民實業,87000.0,13000.0,17000.0,25000.0,6000.0,8000.0,6000.0,6000.0,9000.0,22000.0,44000.0,64000.0,16000.0,32000.0,20000.0,12000.0,11000.0,43000.0,23000.0,63000.0,186000.0,37000.0,13000.0,21000.0,18000.0,16000.0,36000.0,11000.0,36000.0,43000.0,39000.0,74.359,0.002079,29600.0,58.7838,0.001198,19900.0,43.7186,0.000648,25000.0,23.2,0.000444,26350.0,16.5085,0.000355,31466.67,9.2161,0.000242
20261008,6982,大井泵浦,26000.0,11000.0,10000.0,19000.0,30000.0,21000.0,21000.0,14000.0,14000.0,24000.0,32000.0,19000.0,20000.0,11000.0,16000.0,50000.0,41000.0,30000.0,12000.0,17000.0,29000.0,31000.0,12000.0,9000.0,35000.0,14000.0,10000.0,26000.0,11000.0,13000.0,15666.67,55.3191,0.000621,19200.0,27.0833,0.000358,19000.0,13.6842,0.000194,19200.0,9.0278,0.000133,21900.0,5.9361,0.000106,20933.33,4.1401,7.2e-05
20261008,6983,華洋精機,64000.0,530000.0,359000.0,136000.0,13000.0,87000.0,42000.0,32000.0,16000.0,27000.0,47000.0,52000.0,30000.0,12000.0,35000.0,8000.0,32000.0,15000.0,37000.0,72000.0,37000.0,44000.0,43000.0,63000.0,37000.0,53000.0,66000.0,113000.0,160000.0,87000.0,317666.67,6.7156,0.001529,220400.0,5.8076,0.000881,130600.0,4.9005,0.000476,98800.0,4.3185,0.000326,82300.0,3.8882,0.000261,78300.0,2.7246,0.000178
20261008,6986,和迅,35000.0,53000.0,146000.0,86000.0,213000.0,180000.0,148000.0,67000.0,44000.0,127000.0,160000.0,217000.0,104000.0,37000.0,44000.0,21000.0,38000.0,59000.0,48000.0,65000.0,107000.0,63000.0,64000.0,45000.0,37000.0,53000.0,65000.0,76000.0,45000.0,31000.0,78000.0,14.9573,0.000836,106600.0,6.5666,0.000482,109900.0,3.1847,0.000261,110733.33,2.1072,0.000178,94600.0,1.8499,0.000143,82600.0,1.4124,9.7e-05
20261008,6996,力領科技,32000.0,21000.0,23000.0,126000.0,31000.0,16000.0,11000.0,27000.0,11000.0,41000.0,48000.0,22000.0,42000.0,16000.0,25000.0,59000.0,24000.0,56000.0,56000.0,51000.0,314000.0,19000.0,54000.0,125000.0,73000.0,76000.0,31000.0,112000.0,49000.0,67000.0,25333.33,42.1053,0.000765,46600.0,13.7339,0.000441,33900.0,9.4395,0.000238,32800.0,6.5041,0.000163,36900.0,4.336,0.000131,55266.67,1.93,8.9e-05
20261008,6997,博弘,6000.0,4000.0,9000.0,3000.0,3000.0,,1000.0,5000.0,22000.0,5000.0,6000.0,1000.0,2000.0,2000.0,2000.0,13000.0,,,,4000.0,7000.0,5000.0,,3000.0,1000.0,1000.0,7000.0,1000.0,3000.0,1000.0,6333.33,31.5789,0.000143,5000.0,24.0,8.3e-05,6444.44,10.3448,4.5e-05,5071.43,8.4507,3.1e-05,5500.0,6.8182,2.4e-05,4680.0,5.1282,1.7e-05
20261008,7402,邑錡,59000.0,154000.0,100000.0,173000.0,107000.0,117000.0,190000.0,173000.0,87000.0,177000.0,129000.0,127000.0,117000.0,131000.0,138000.0,178000.0,227000.0,740000.0,152000.0,141000.0,273000.0,198000.0,295000.0,499000.0,262000.0,321000.0,441000.0,2169000.0,5609000.0,671000.0,104333.33,18.8498,0.00141,118600.0,9.9494,0.000812,133700.0,4.4129,0.000439,131933.33,2.9813,0.000301,170850.0,1.7267,0.000241,471833.33,0.4168,0.000164
20261008,7547,碩網,54000.0,35000.0,117000.0,91000.0,114000.0,239000.0,812000.0,201000.0,269000.0,99000.0,78000.0,25000.0,3000.0,7000.0,29000.0,64000.0,47000.0,3000.0,5000.0,18000.0,3000.0,4000.0,14000.0,2000.0,5000.0,10000.0,11000.0,27000.0,13000.0,27000.0,68666.67,26.2136,0.00129,82200.0,13.1387,0.000744,203100.0,2.6588,0.000402,144866.67,2.485,0.000275,115500.0,2.3377,0.00022,80866.67,2.2259,0.00015
20261008,7556,意德士,110000.0,158000.0,306000.0,344000.0,91000.0,26000.0,72000.0,71000.0,25000.0,15000.0,28000.0,46000.0,97000.0,9000.0,14000.0,18000.0,10000.0,23000.0,33000.0,41000.0,9000.0,13000.0,13000.0,31000.0,22000.0,27000.0,38000.0,64000.0,87000.0,48000.0,191333.33,19.1638,0.002628,201800.0,10.9019,0.001515,121800.0,9.0312,0.000819,94133.33,7.7904,0.000561,76850.0,7.1568,0.000449,62966.67,5.8232,0.000305
20261008,7584,樂意,4000.0,2000.0,11000.0,9000.0,,7000.0,6000.0,4000.0,5000.0,7000.0,7000.0,2000.0,5000.0,4000.0,2000.0,4000.0,15000.0,71000.0,3000.0,7000.0,7000.0,4000.0,2000.0,7000.0,9000.0,2000.0,2000.0,2000.0,,6000.0,5666.67,23.5294,9.6e-05,6500.0,15.3846,5.5e-05,6111.11,7.2727,3e-05,5357.14,5.3333,2e-05,9210.53,2.2857,1.6e-05,7714.29,1.8519,1.1e-05
20261008,7642,昶瑞機電,53000.0,19000.0,94000.0,42000.0,22000.0,8000.0,33000.0,35000.0,16000.0,9000.0,38000.0,48000.0,20000.0,7000.0,39000.0,15000.0,19000.0,38000.0,3000.0,7000.0,15000.0,5000.0,5000.0,8000.0,9000.0,20000.0,5000.0,23000.0,4000.0,22000.0,55333.33,31.9277,0.001266,46000.0,23.0435,0.00073,33100.0,16.0121,0.000395,32200.0,10.9731,0.00027,28250.0,9.3805,0.000216,22700.0,7.7827,0.000147
20261008,7703,銳澤,45000.0,47000.0,18000.0,50000.0,30000.0,87000.0,46000.0,33000.0,105000.0,94000.0,34000.0,48000.0,45000.0,67000.0,29000.0,66000.0,61000.0,66000.0,136000.0,165000.0,62000.0,274000.0,138000.0,137000.0,63000.0,32000.0,39000.0,20000.0,32000.0,118000.0,36666.67,40.9091,0.001075,38000.0,23.6842,0.00062,55500.0,8.1081,0.000335,51866.67,5.7841,0.000229,63600.0,3.5377,0.000184,72900.0,2.0576,0.000125
20261008,7704,明遠精密,95000.0,40000.0,27000.0,45000.0,35000.0,28000.0,73000.0,29000.0,11000.0,17000.0,56000.0,41000.0,43000.0,11000.0,34000.0,8000.0,23000.0,55000.0,69000.0,47000.0,41000.0,45000.0,23000.0,81000.0,26000.0,21000.0,16000.0,48000.0,28000.0,9000.0,54000.0,58.642,0.00227,48400.0,39.2562,0.001308,40000.0,23.75,0.000707,39000.0,16.2393,0.000484,39350.0,12.0712,0.000388,37500.0,8.4444,0.000264
20261008,7708,全家餐飲,14000.0,4000.0,13000.0,13000.0,6000.0,16000.0,10000.0,27000.0,6000.0,8000.0,19000.0,,6000.0,23000.0,2000.0,8000.0,10000.0,25000.0,7000.0,1000.0,7000.0,3000.0,14000.0,8000.0,5000.0,12000.0,2000.0,6000.0,7000.0,,10333.33,45.1613,0.000334,10000.0,28.0,0.000193,11700.0,11.9658,0.000104,11928.57,8.3832,7.1e-05,11473.68,6.422,5.7e-05,10071.43,4.9645,3.9e-05
20261008,7709,榮田,88000.0,418000.0,159000.0,182000.0,146000.0,81000.0,105000.0,363000.0,129000.0,118000.0,287000.0,162000.0,90000.0,89000.0,78000.0,135000.0,120000.0,220000.0,206000.0,495000.0,1777000.0,311000.0,199000.0,58000.0,124000.0,220000.0,21000.0,44000.0,39000.0,51000.0,221666.67,13.2331,0.002103,198600.0,8.862,0.001212,178900.0,4.9189,0.000655,166333.33,3.5271,0.000449,183550.0,2.3972,0.000359,217166.67,1.3507,0.000244
20261008,7712,博盛半導體,716000.0,308000.0,866000.0,750000.0,650000.0,357000.0,176000.0,109000.0,301000.0,715000.0,204000.0,225000.0,227000.0,269000.0,209000.0,59000.0,169000.0,191000.0,373000.0,91000.0,151000.0,175000.0,137000.0,318000.0,112000.0,191000.0,375000.0,847000.0,557000.0,1354000.0,630000.0,37.8836,0.017107,658000.0,21.7629,0.009859,494800.0,14.4705,0.00533,405466.67,11.7724,0.003651,348250.0,10.28,0.002921,372733.33,6.4031,0.001988
20261008,7713,威力德生醫,3000.0,17000.0,13000.0,5000.0,,2000.0,5000.0,2000.0,5000.0,12000.0,6000.0,4000.0,2000.0,1000.0,,3000.0,2000.0,2000.0,,3000.0,,2000.0,6000.0,20000.0,2000.0,6000.0,,13000.0,4000.0,16000.0,11000.0,9.0909,7.2e-05,9500.0,7.8947,4.1e-05,7111.11,4.6875,2.2e-05,5923.08,3.8961,1.5e-05,5117.65,3.4483,1.2e-05,6240.0,1.9231,8e-06
20261008,7714,創泓科技,147000.0,92000.0,276000.0,102000.0,128000.0,326000.0,557000.0,166000.0,143000.0,197000.0,631000.0,251000.0,446000.0,313000.0,337000.0,1018000.0,1582000.0,642000.0,52000.0,124000.0,161000.0,104000.0,104000.0,275000.0,200000.0,228000.0,224000.0,867000.0,992000.0,678000.0,171666.67,28.5437,0.003512,149000.0,19.7315,0.002024,213400.0,6.8885,0.001094,274133.33,3.5749,0.00075,376500.0,1.9522,0.0006,378766.67,1.2937,0.000408
20261008,7715,裕山,58000.0,204000.0,81000.0,192000.0,30000.0,33000.0,141000.0,33000.0,64000.0,57000.0,154000.0,10000.0,25000.0,16000.0,18000.0,33000.0,62000.0,61000.0,17000.0,18000.0,50000.0,27000.0,34000.0,31000.0,13000.0,17000.0,376000.0,193000.0,128000.0,27000.0,114333.33,16.9096,0.001386,113000.0,10.2655,0.000799,89300.0,6.495,0.000432,74400.0,5.1971,0.000296,65350.0,4.4376,0.000237,73433.33,2.6328,0.000161
20261008,7716,昱臺國際,5000.0,4000.0,,,1000.0,6000.0,1000.0,5000.0,2000.0,1000.0,7000.0,17000.0,10000.0,19000.0,6000.0,11000.0,2000.0,4000.0,1000.0,3000.0,1000.0,2000.0,6000.0,11000.0,3000.0,1000.0,,,1000.0,3000.0,4500.0,55.5556,0.000119,3333.33,50.0,6.9e-05,3125.0,20.0,3.7e-05,6461.54,5.9524,2.5e-05,5833.33,4.7619,2e-05,5115.38,3.7594,1.4e-05
20261008,7717,萊德光電-KY,527000.0,1312000.0,3390000.0,1181000.0,613000.0,1068000.0,625000.0,445000.0,555000.0,1524000.0,1165000.0,1392000.0,2049000.0,3258000.0,918000.0,566000.0,1863000.0,1286000.0,1213000.0,1343000.0,1526000.0,533000.0,1126000.0,131000.0,86000.0,185000.0,324000.0,241000.0,194000.0,239000.0,1743000.0,10.0784,0.012591,1404600.0,7.5039,0.007257,1124000.0,4.6886,0.003923,1334800.0,2.6321,0.002687,1314650.0,2.0043,0.00215,1029266.67,1.7067,0.001464
20261008,7718,友鋮,27000.0,18000.0,15000.0,32000.0,1000.0,9000.0,38000.0,4000.0,7000.0,24000.0,44000.0,32000.0,30000.0,12000.0,11000.0,11000.0,15000.0,35000.0,15000.0,15000.0,22000.0,50000.0,21000.0,13000.0,14000.0,31000.0,14000.0,16000.0,28000.0,32000.0,20000.0,45.0,0.000645,18600.0,29.0323,0.000372,17500.0,15.4286,0.000201,20266.67,8.8816,0.000138,19750.0,6.8354,0.00011,21200.0,4.2453,7.5e-05
20261008,7723,築間,847000.0,922000.0,813000.0,92000.0,43000.0,4000.0,43000.0,35000.0,24000.0,60000.0,73000.0,107000.0,14000.0,22000.0,35000.0,24000.0,24000.0,41000.0,346000.0,71000.0,30000.0,37000.0,32000.0,15000.0,74000.0,21000.0,39000.0,25000.0,71000.0,100000.0,860666.67,32.804,0.020237,543400.0,31.1741,0.011663,288300.0,29.3791,0.006305,208933.33,27.0262,0.004319,182000.0,23.2692,0.003456,136133.33,20.7395,0.002352
20261008,7728,光焱科技,91000.0,23000.0,20000.0,31000.0,41000.0,145000.0,142000.0,34000.0,33000.0,36000.0,98000.0,41000.0,309000.0,19000.0,27000.0,119000.0,61000.0,22000.0,30000.0,12000.0,16000.0,58000.0,40000.0,32000.0,50000.0,48000.0,14000.0,39000.0,30000.0,54000.0,44666.67,67.9104,0.002174,41200.0,44.1748,0.001253,59600.0,15.2685,0.000677,72666.67,8.3486,0.000464,66700.0,6.8216,0.000371,57166.67,5.3061,0.000253
20261008,7734,印能科技,140000.0,105000.0,146000.0,157000.0,215000.0,378000.0,138000.0,176000.0,217000.0,109000.0,167000.0,218000.0,638000.0,433000.0,150000.0,154000.0,283000.0,462000.0,316000.0,171000.0,179000.0,385000.0,157000.0,163000.0,78000.0,177000.0,313000.0,300000.0,359000.0,277000.0,130333.33,35.8056,0.003345,152600.0,18.3486,0.001928,178100.0,7.8608,0.001042,225800.0,4.1335,0.000714,238650.0,2.9332,0.000571,238700.0,1.955,0.000389
20261008,7738,東聯互動,53000.0,16000.0,55000.0,45000.0,23000.0,11000.0,14000.0,7000.0,5000.0,34000.0,17000.0,12000.0,23000.0,19000.0,74000.0,13000.0,32000.0,31000.0,14000.0,32000.0,78000.0,201000.0,142000.0,119000.0,19000.0,36000.0,5000.0,32000.0,11000.0,10000.0,41333.33,42.7419,0.001266,38400.0,27.6042,0.00073,26300.0,20.1521,0.000395,27200.0,12.9902,0.00027,26500.0,10.0,0.000216,39433.33,4.4801,0.000147
20261008,7743,金利食安,130000.0,145000.0,91000.0,158000.0,97000.0,15000.0,49000.0,62000.0,74000.0,53000.0,42000.0,44000.0,61000.0,49000.0,70000.0,94000.0,13000.0,31000.0,75000.0,25000.0,13000.0,54000.0,24000.0,76000.0,7000.0,6000.0,22000.0,25000.0,1000.0,2000.0,122000.0,35.5191,0.003106,124200.0,20.934,0.00179,87400.0,14.8741,0.000968,76000.0,11.4035,0.000663,68900.0,9.434,0.00053,53600.0,8.0846,0.000361
20261008,7744,崴寶,108000.0,42000.0,50000.0,57000.0,92000.0,68000.0,82000.0,78000.0,102000.0,74000.0,180000.0,74000.0,108000.0,85000.0,29000.0,33000.0,92000.0,118000.0,106000.0,146000.0,468000.0,220000.0,182000.0,122000.0,265000.0,54000.0,113000.0,186000.0,169000.0,76000.0,66666.67,54.0,0.00258,69800.0,30.9456,0.001487,75300.0,14.3426,0.000804,81933.33,8.7876,0.000551,86200.0,6.2645,0.000441,119300.0,3.0176,0.0003
20261008,7747,昕奇雲端,91000.0,2000.0,,2000.0,300000.0,301000.0,1000.0,2000.0,1000.0,8000.0,7000.0,6000.0,1000.0,,3000.0,5000.0,5000.0,2000.0,2000.0,1000.0,,2000.0,8000.0,2000.0,2000.0,3000.0,2000.0,2000.0,5000.0,3000.0,46500.0,97.8495,0.002174,98750.0,23.038,0.001253,78666.67,12.8531,0.000677,55769.23,12.5517,0.000464,41111.11,12.2973,0.000371,28481.48,11.8336,0.000253
20261008,7751,竑騰,181000.0,154000.0,84000.0,122000.0,180000.0,93000.0,326000.0,174000.0,161000.0,46000.0,82000.0,69000.0,455000.0,69000.0,138000.0,125000.0,252000.0,177000.0,245000.0,197000.0,147000.0,327000.0,365000.0,472000.0,412000.0,830000.0,1315000.0,691000.0,533000.0,647000.0,139666.67,43.1981,0.004324,144200.0,25.104,0.002492,152100.0,11.9001,0.001347,155600.0,7.7549,0.000923,166500.0,5.4354,0.000738,302300.0,1.9958,0.000503
20261008,7753,星亞,10000.0,11000.0,17000.0,50000.0,38000.0,16000.0,18000.0,21000.0,4000.0,11000.0,6000.0,29000.0,13000.0,15000.0,2000.0,13000.0,15000.0,15000.0,25000.0,4000.0,12000.0,12000.0,6000.0,24000.0,9000.0,6000.0,107000.0,19000.0,10000.0,20000.0,12666.67,26.3158,0.000239,25200.0,7.9365,0.000138,19600.0,5.102,7.4e-05,17400.0,3.8314,5.1e-05,16650.0,3.003,4.1e-05,18600.0,1.7921,2.8e-05
20261008,7757,金色三麥,9000.0,3000.0,10000.0,14000.0,19000.0,16000.0,19000.0,20000.0,68000.0,26000.0,4000.0,11000.0,18000.0,6000.0,11000.0,16000.0,6000.0,23000.0,45000.0,6000.0,2000.0,,3000.0,,4000.0,11000.0,7000.0,15000.0,14000.0,3000.0,7333.33,40.9091,0.000215,11000.0,16.3636,0.000124,20400.0,4.4118,6.7e-05,16933.33,3.5433,4.6e-05,17500.0,2.5714,3.7e-05,14607.14,2.2005,2.5e-05
20261008,7767,仁大資訊,4000.0,11000.0,17000.0,15000.0,11000.0,,2000.0,21000.0,16000.0,4000.0,17000.0,30000.0,35000.0,33000.0,27000.0,54000.0,186000.0,52000.0,35000.0,37000.0,4000.0,18000.0,3000.0,10000.0,33000.0,28000.0,4000.0,25000.0,26000.0,5000.0,10666.67,12.5,9.6e-05,11600.0,6.8966,5.5e-05,11222.22,3.9604,3e-05,17357.14,1.6461,2e-05,31947.37,0.659,1.6e-05,26310.34,0.5242,1.1e-05
20261008,7770,君曜,22000.0,14000.0,24000.0,22000.0,45000.0,10000.0,21000.0,18000.0,1000.0,22000.0,19000.0,7000.0,24000.0,22000.0,20000.0,9000.0,4000.0,8000.0,36000.0,35000.0,17000.0,9000.0,13000.0,6000.0,17000.0,5000.0,26000.0,1000.0,14000.0,9000.0,20000.0,36.6667,0.000526,25400.0,17.3228,0.000303,19900.0,11.0553,0.000164,19400.0,7.5601,0.000112,19150.0,5.7441,9e-05,16666.67,4.4,6.1e-05
20261008,7772,耀穎,480000.0,583000.0,1209000.0,1625000.0,172000.0,151000.0,95000.0,129000.0,210000.0,2624000.0,1468000.0,2092000.0,1709000.0,454000.0,103000.0,116000.0,133000.0,192000.0,485000.0,1600000.0,139000.0,75000.0,106000.0,218000.0,53000.0,67000.0,67000.0,29000.0,41000.0,63000.0,757333.33,21.1268,0.011468,813800.0,11.7965,0.006609,727800.0,6.5952,0.003573,873600.0,3.663,0.002448,781500.0,3.071,0.001958,549600.0,2.9112,0.001333
20261008,7777,能率亞洲,658000.0,859000.0,3139000.0,2206000.0,2476000.0,2935000.0,2284000.0,1150000.0,558000.0,545000.0,870000.0,1204000.0,2718000.0,967000.0,686000.0,660000.0,880000.0,884000.0,776000.0,674000.0,782000.0,1335000.0,953000.0,1499000.0,1163000.0,1707000.0,3102000.0,2298000.0,9457000.0,6810000.0,1552000.0,14.1323,0.015721,1867600.0,7.0465,0.00906,1681000.0,3.9143,0.004898,1550333.33,2.8295,0.003355,1356450.0,2.4254,0.002685,1874500.0,1.1701,0.001827
20261008,7782,光速火箭,17000.0,9000.0,24000.0,2000.0,2000.0,1000.0,3000.0,3000.0,,2000.0,7000.0,10000.0,14000.0,8000.0,16000.0,1000.0,,5000.0,3000.0,21000.0,4000.0,3000.0,,25000.0,1000.0,,8000.0,34000.0,9000.0,4000.0,16666.67,34.0,0.000406,10800.0,31.4815,0.000234,7000.0,26.9841,0.000127,8428.57,14.4068,8.7e-05,8222.22,11.4865,6.9e-05,9076.92,7.2034,4.7e-05
20261008,7792,安葆,853000.0,1991000.0,651000.0,393000.0,310000.0,359000.0,328000.0,1550000.0,2768000.0,2573000.0,2130000.0,1053000.0,1514000.0,293000.0,204000.0,209000.0,251000.0,316000.0,355000.0,452000.0,479000.0,344000.0,334000.0,194000.0,227000.0,516000.0,307000.0,293000.0,421000.0,891000.0,1165000.0,24.4063,0.02038,839600.0,20.3192,0.011746,1177600.0,7.2435,0.00635,1131333.33,5.0265,0.00435,927650.0,4.5976,0.00348,751966.67,3.7812,0.002369
20261008,7794,宏碁智新,36000.0,97000.0,9000.0,26000.0,42000.0,39000.0,11000.0,6000.0,17000.0,17000.0,32000.0,30000.0,40000.0,24000.0,32000.0,28000.0,12000.0,35000.0,36000.0,87000.0,398000.0,135000.0,10000.0,12000.0,6000.0,28000.0,11000.0,8000.0,8000.0,11000.0,47333.33,25.3521,0.00086,42000.0,17.1429,0.000496,30000.0,12.0,0.000268,30533.33,7.8603,0.000184,32800.0,5.4878,0.000147,42766.67,2.8059,0.0001
20261008,7805,威聯通,59000.0,16000.0,9000.0,42000.0,15000.0,40000.0,23000.0,48000.0,15000.0,32000.0,52000.0,23000.0,70000.0,17000.0,22000.0,32000.0,26000.0,56000.0,20000.0,38000.0,24000.0,30000.0,42000.0,91000.0,77000.0,36000.0,49000.0,22000.0,49000.0,66000.0,28000.0,70.2381,0.00141,28200.0,41.844,0.000812,29900.0,19.7324,0.000439,32200.0,12.2153,0.000301,32750.0,9.0076,0.000241,38033.33,5.1709,0.000164
20261008,7810,捷創科技,102000.0,139000.0,161000.0,364000.0,293000.0,214000.0,200000.0,91000.0,202000.0,411000.0,113000.0,35000.0,18000.0,59000.0,43000.0,108000.0,69000.0,134000.0,78000.0,152000.0,107000.0,52000.0,41000.0,76000.0,68000.0,134000.0,248000.0,112000.0,68000.0,145000.0,134000.0,25.3731,0.002437,211800.0,9.6317,0.001405,217700.0,4.6853,0.000759,163000.0,4.1718,0.00052,149300.0,3.4159,0.000416,134566.67,2.5266,0.000283
20261008,7811,民盛,6000.0,13000.0,9000.0,8000.0,8000.0,5000.0,1000.0,11000.0,11000.0,2000.0,11000.0,3000.0,12000.0,2000.0,3000.0,3000.0,7000.0,7000.0,16000.0,33000.0,3000.0,3000.0,11000.0,12000.0,,2000.0,1000.0,2000.0,2000.0,6000.0,9333.33,21.4286,0.000143,8800.0,13.6364,8.3e-05,7400.0,8.1081,4.5e-05,7000.0,5.7143,3.1e-05,8550.0,3.5088,2.4e-05,7344.83,2.8169,1.7e-05
20261008,7814,海昌生技,7000.0,8000.0,40000.0,14000.0,39000.0,16000.0,17000.0,10000.0,27000.0,27000.0,7000.0,13000.0,3000.0,12000.0,5000.0,7000.0,14000.0,32000.0,11000.0,10000.0,35000.0,28000.0,25000.0,35000.0,36000.0,67000.0,22000.0,47000.0,41000.0,40000.0,18333.33,12.7273,0.000167,21600.0,6.4815,9.6e-05,20500.0,3.4146,5.2e-05,16333.33,2.8571,3.6e-05,15950.0,2.1944,2.9e-05,23166.67,1.0072,1.9e-05
20261008,7819,精誠金融,28000.0,7000.0,34000.0,30000.0,9000.0,13000.0,50000.0,8000.0,2000.0,5000.0,32000.0,9000.0,34000.0,7000.0,12000.0,30000.0,24000.0,12000.0,9000.0,37000.0,20000.0,19000.0,37000.0,50000.0,118000.0,69000.0,61000.0,113000.0,27000.0,35000.0,23000.0,40.5797,0.000669,21600.0,25.9259,0.000386,18600.0,15.0538,0.000208,18666.67,10.0,0.000143,19600.0,7.1429,0.000114,31366.67,2.9756,7.8e-05
20261008,7820,立盈,,20000.0,10000.0,5000.0,6000.0,10000.0,20000.0,5000.0,19000.0,14000.0,24000.0,6000.0,39000.0,17000.0,7000.0,32000.0,,34000.0,11000.0,2000.0,5000.0,20000.0,45000.0,12000.0,4000.0,4000.0,15000.0,22000.0,23000.0,35000.0,15000.0,,,10250.0,,,12111.11,,,14428.57,,,15611.11,,,16642.86,,
20261008,7825,和亞智慧,233000.0,124000.0,191000.0,443000.0,506000.0,432000.0,366000.0,544000.0,568000.0,188000.0,356000.0,438000.0,612000.0,524000.0,694000.0,1117000.0,1180000.0,1679000.0,2625000.0,,,,,,,,,,,,182666.67,42.5182,0.005567,299400.0,15.5645,0.003208,359500.0,6.4812,0.001734,414600.0,3.7466,0.001188,674736.84,1.8175,0.000951,674736.84,1.8175,0.000647
20261008,7828,創新服務,131000.0,173000.0,104000.0,157000.0,155000.0,118000.0,211000.0,142000.0,131000.0,284000.0,326000.0,271000.0,497000.0,336000.0,257000.0,273000.0,260000.0,248000.0,441000.0,687000.0,701000.0,334000.0,441000.0,200000.0,129000.0,185000.0,453000.0,281000.0,228000.0,83000.0,136000.0,32.1078,0.00313,144000.0,18.1944,0.001804,160600.0,8.1569,0.000975,219533.33,3.9781,0.000668,260100.0,2.5183,0.000534,274566.67,1.5904,0.000364
20261008,7839,達人網,10000.0,6000.0,12000.0,12000.0,6000.0,21000.0,9000.0,9000.0,15000.0,12000.0,8000.0,7000.0,13000.0,7000.0,6000.0,20000.0,8000.0,13000.0,7000.0,10000.0,15000.0,7000.0,4000.0,5000.0,3000.0,10000.0,16000.0,13000.0,14000.0,12000.0,9333.33,35.7143,0.000239,9200.0,21.7391,0.000138,11200.0,8.9286,7.4e-05,10200.0,6.5359,5.1e-05,10550.0,4.7393,4.1e-05,10333.33,3.2258,2.8e-05
20261008,7842,天能綠電,5000.0,1000.0,,10000.0,6000.0,3000.0,14000.0,1000.0,2000.0,10000.0,13000.0,9000.0,3000.0,13000.0,1000.0,17000.0,14000.0,64000.0,9000.0,48000.0,9000.0,24000.0,23000.0,20000.0,33000.0,25000.0,29000.0,50000.0,84000.0,41000.0,3000.0,83.3333,0.000119,5500.0,22.7273,6.9e-05,5777.78,9.6154,3.7e-05,6500.0,5.4945,2.5e-05,12789.47,2.0576,2e-05,20034.48,0.8606,1.4e-05
20261008,7856,漢測,488000.0,441000.0,294000.0,363000.0,424000.0,494000.0,221000.0,491000.0,250000.0,586000.0,2004000.0,,,,,,,,,,,,,,,,,,,,407666.67,39.9019,0.011659,402000.0,24.2786,0.00672,405200.0,12.0434,0.003633,550545.45,8.0581,0.002489,550545.45,8.0581,0.001991,550545.45,8.0581,0.001355
20261008,8024,佑華,110000.0,359000.0,39000.0,100000.0,40000.0,51000.0,84000.0,28000.0,43000.0,42000.0,25000.0,55000.0,50000.0,43000.0,44000.0,56000.0,33000.0,56000.0,8000.0,58000.0,66000.0,26000.0,17000.0,53000.0,27000.0,35000.0,18000.0,24000.0,39000.0,40000.0,169333.33,21.6535,0.002628,129600.0,16.9753,0.001515,89600.0,12.2768,0.000819,74200.0,9.8832,0.000561,66200.0,8.3082,0.000449,55633.33,6.5908,0.000305
20261008,8027,鈦昇,2001000.0,2165000.0,2343000.0,3826000.0,5264000.0,8948000.0,1773000.0,6192000.0,3342000.0,1426000.0,3220000.0,1843000.0,4010000.0,2630000.0,1962000.0,1073000.0,1374000.0,1500000.0,2039000.0,2525000.0,3972000.0,2261000.0,3883000.0,5860000.0,2213000.0,2992000.0,2242000.0,4581000.0,3186000.0,3053000.0,2169666.67,30.742,0.047808,3119800.0,12.8277,0.027553,3728000.0,5.3675,0.014895,3396333.33,3.9278,0.010204,2972800.0,3.3655,0.008164,3123300.0,2.1356,0.005557
20261008,8032,光菱,22000.0,38000.0,70000.0,25000.0,45000.0,24000.0,47000.0,88000.0,15000.0,19000.0,47000.0,73000.0,22000.0,19000.0,42000.0,41000.0,18000.0,23000.0,47000.0,55000.0,39000.0,12000.0,25000.0,44000.0,73000.0,33000.0,10000.0,49000.0,25000.0,19000.0,43333.33,16.9231,0.000526,40000.0,11.0,0.000303,39300.0,5.598,0.000164,39733.33,3.6913,0.000112,39000.0,2.8205,9e-05,36966.67,1.9838,6.1e-05
20261008,8034,榮群,40000.0,109000.0,93000.0,71000.0,56000.0,69000.0,72000.0,65000.0,117000.0,66000.0,312000.0,166000.0,85000.0,77000.0,49000.0,25000.0,47000.0,51000.0,108000.0,77000.0,288000.0,359000.0,56000.0,47000.0,24000.0,45000.0,65000.0,152000.0,137000.0,380000.0,80666.67,16.5289,0.000956,73800.0,10.8401,0.000551,75800.0,5.277,0.000298,96466.67,2.7643,0.000204,87750.0,2.2792,0.000163,110266.67,1.2092,0.000111
20261008,8038,長園科,706000.0,153000.0,117000.0,321000.0,160000.0,133000.0,381000.0,89000.0,96000.0,107000.0,238000.0,159000.0,160000.0,142000.0,578000.0,565000.0,93000.0,230000.0,124000.0,79000.0,91000.0,125000.0,114000.0,161000.0,89000.0,163000.0,157000.0,177000.0,193000.0,97000.0,325333.33,72.3361,0.016868,291400.0,48.4557,0.009721,226300.0,31.1975,0.005255,236000.0,19.9435,0.0036,231550.0,15.2451,0.002881,199933.33,11.7706,0.001961
20261008,8040,九暘,967000.0,1799000.0,982000.0,1912000.0,1693000.0,2757000.0,4575000.0,8651000.0,10470000.0,6998000.0,5585000.0,3026000.0,2271000.0,1258000.0,597000.0,431000.0,725000.0,1149000.0,1607000.0,1507000.0,5023000.0,4892000.0,1334000.0,4697000.0,744000.0,251000.0,474000.0,466000.0,252000.0,305000.0,1249333.33,25.8004,0.023104,1470600.0,13.1511,0.013315,4080400.0,2.3699,0.007198,3569400.0,1.8061,0.004931,2948000.0,1.6401,0.003945,2579933.33,1.2494,0.002686
20261008,8042,金山電,19578000.0,18310000.0,2226000.0,7079000.0,10938000.0,11827000.0,1324000.0,2141000.0,3557000.0,1755000.0,2682000.0,3749000.0,1579000.0,3433000.0,1976000.0,4211000.0,3235000.0,11068000.0,9919000.0,4856000.0,10740000.0,11464000.0,8888000.0,6165000.0,4403000.0,4390000.0,5613000.0,8456000.0,4577000.0,1900000.0,13371333.33,48.8059,0.46776,11626200.0,33.6791,0.269582,7873500.0,24.8657,0.145737,6143600.0,21.2449,0.099839,6272150.0,15.6071,0.07988,6401300.0,10.1948,0.054372
20261008,8043,蜜望實,3548000.0,7688000.0,983000.0,2584000.0,6068000.0,6207000.0,757000.0,598000.0,1149000.0,1092000.0,998000.0,1272000.0,796000.0,1095000.0,870000.0,1457000.0,1014000.0,1932000.0,3141000.0,2849000.0,1563000.0,4931000.0,5760000.0,2194000.0,1329000.0,4770000.0,4634000.0,16493000.0,5016000.0,1458000.0,4073000.0,29.0367,0.084769,4174200.0,16.9997,0.048855,3067400.0,11.5668,0.026411,2380333.33,9.937,0.018093,2304900.0,7.6966,0.014476,3141533.33,3.7646,0.009854
20261008,8044,網家,245000.0,257000.0,195000.0,436000.0,181000.0,286000.0,195000.0,146000.0,127000.0,192000.0,446000.0,854000.0,4015000.0,435000.0,124000.0,259000.0,269000.0,281000.0,225000.0,267000.0,276000.0,443000.0,419000.0,376000.0,414000.0,621000.0,235000.0,331000.0,641000.0,653000.0,232333.33,35.1506,0.005854,262800.0,18.6454,0.003374,226000.0,10.8407,0.001824,542266.67,3.012,0.001249,471750.0,2.5967,0.001,461466.67,1.7697,0.00068
20261008,8047,星雲,106000.0,85000.0,66000.0,107000.0,162000.0,204000.0,409000.0,287000.0,97000.0,43000.0,,17000.0,5000.0,6000.0,,14000.0,4000.0,20000.0,179000.0,83000.0,10000.0,28000.0,19000.0,26000.0,34000.0,,5000.0,5000.0,11000.0,5000.0,85666.67,41.2451,0.002533,105200.0,20.1521,0.00146,156600.0,6.7688,0.000789,122615.38,6.6499,0.000541,105222.22,5.5966,0.000432,75444.44,5.2037,0.000294
20261008,8048,德勝,85000.0,241000.0,108000.0,101000.0,93000.0,60000.0,91000.0,85000.0,50000.0,179000.0,102000.0,100000.0,81000.0,118000.0,39000.0,68000.0,39000.0,262000.0,31000.0,81000.0,66000.0,133000.0,57000.0,133000.0,55000.0,127000.0,68000.0,61000.0,59000.0,57000.0,144666.67,19.5853,0.002031,125600.0,13.535,0.00117,109300.0,7.7768,0.000633,102200.0,5.5447,0.000433,100700.0,4.2205,0.000347,94333.33,3.0035,0.000236
20261008,8049,晶采,58000.0,74000.0,89000.0,195000.0,124000.0,187000.0,118000.0,152000.0,31000.0,82000.0,218000.0,182000.0,47000.0,115000.0,95000.0,96000.0,115000.0,78000.0,75000.0,83000.0,172000.0,178000.0,131000.0,126000.0,98000.0,118000.0,73000.0,120000.0,56000.0,106000.0,73666.67,26.2443,0.001386,108000.0,10.7407,0.000799,111000.0,5.2252,0.000432,117800.0,3.2824,0.000296,110700.0,2.6197,0.000237,113066.67,1.7099,0.000161
20261008,8050,廣積,850000.0,1063000.0,1082000.0,1148000.0,1463000.0,1861000.0,6071000.0,5919000.0,2276000.0,949000.0,971000.0,780000.0,1250000.0,1907000.0,644000.0,1193000.0,765000.0,1373000.0,640000.0,418000.0,621000.0,490000.0,1062000.0,1877000.0,550000.0,675000.0,795000.0,1134000.0,886000.0,751000.0,998333.33,28.3806,0.020308,1121200.0,15.1623,0.011704,2268200.0,3.7475,0.006327,1882266.67,3.0106,0.004335,1631150.0,2.6055,0.003468,1382133.33,2.05,0.002361
20261008,8054,安國,598000.0,1957000.0,679000.0,1013000.0,749000.0,2163000.0,1030000.0,1160000.0,353000.0,985000.0,4277000.0,651000.0,661000.0,739000.0,294000.0,507000.0,558000.0,667000.0,404000.0,585000.0,1472000.0,298000.0,381000.0,695000.0,802000.0,564000.0,565000.0,795000.0,507000.0,788000.0,1078000.0,18.491,0.014287,999200.0,11.9696,0.008234,1068700.0,5.5956,0.004451,1153933.33,3.4549,0.00305,1001500.0,2.9855,0.00244,896566.67,2.2233,0.001661
20261008,8059,凱碩,37000.0,41000.0,52000.0,95000.0,110000.0,62000.0,146000.0,115000.0,173000.0,355000.0,483000.0,325000.0,,,,,,,,139000.0,125000.0,139000.0,108000.0,97000.0,181000.0,161000.0,143000.0,199000.0,381000.0,685000.0,43333.33,28.4615,0.000884,67000.0,11.0448,0.000509,118600.0,3.1197,0.000275,166166.67,1.8556,0.000189,164076.92,1.7346,0.000151,189217.39,0.8502,0.000103
20261008,8064,東捷,1712000.0,3402000.0,4602000.0,7336000.0,5233000.0,7934000.0,22916000.0,21879000.0,14012000.0,4482000.0,11328000.0,16857000.0,26158000.0,5710000.0,5533000.0,6166000.0,5135000.0,11207000.0,10668000.0,30627000.0,7523000.0,17050000.0,13587000.0,11907000.0,2294000.0,3689000.0,1676000.0,2496000.0,2398000.0,3422000.0,3238666.67,17.6204,0.040903,4457000.0,7.6823,0.023574,9350800.0,1.8309,0.012744,10606266.67,1.0761,0.00873,11144850.0,0.7681,0.006985,9631300.0,0.5925,0.004755
20261008,8066,來思達,18000.0,4000.0,28000.0,10000.0,18000.0,10000.0,7000.0,8000.0,12000.0,6000.0,6000.0,28000.0,27000.0,19000.0,19000.0,22000.0,5000.0,6000.0,12000.0,13000.0,3000.0,7000.0,7000.0,11000.0,,23000.0,6000.0,8000.0,7000.0,13000.0,16666.67,36.0,0.00043,15600.0,23.0769,0.000248,12100.0,14.876,0.000134,14666.67,8.1818,9.2e-05,13900.0,6.4748,7.3e-05,12517.24,4.9587,5e-05
20261008,8067,志旭,1000.0,5000.0,6000.0,16000.0,1000.0,3000.0,8000.0,4000.0,10000.0,21000.0,8000.0,5000.0,25000.0,13000.0,21000.0,4000.0,10000.0,5000.0,31000.0,2000.0,4000.0,2000.0,5000.0,16000.0,14000.0,3000.0,17000.0,11000.0,13000.0,1000.0,4000.0,8.3333,2.4e-05,5800.0,3.4483,1.4e-05,7500.0,1.3333,7e-06,9800.0,0.6803,5e-06,9950.0,0.5025,4e-06,9500.0,0.3509,3e-06
20261008,8068,全達,938000.0,123000.0,191000.0,113000.0,118000.0,144000.0,128000.0,196000.0,453000.0,1681000.0,449000.0,56000.0,69000.0,98000.0,181000.0,97000.0,70000.0,68000.0,74000.0,73000.0,19000.0,23000.0,95000.0,48000.0,58000.0,59000.0,70000.0,83000.0,70000.0,54000.0,417333.33,74.9201,0.022411,296600.0,63.2502,0.012916,408500.0,22.9621,0.006982,329200.0,18.9955,0.004783,266000.0,17.6316,0.003827,196633.33,15.901,0.002605
20261008,8069,元太,3357000.0,6351000.0,10645000.0,7373000.0,5644000.0,4026000.0,5385000.0,8380000.0,5361000.0,5691000.0,5602000.0,5219000.0,10014000.0,5033000.0,3873000.0,3738000.0,3958000.0,3445000.0,4183000.0,5587000.0,5109000.0,4511000.0,5249000.0,9256000.0,4865000.0,8265000.0,12172000.0,5122000.0,5997000.0,4098000.0,6784333.33,16.4939,0.080206,6674000.0,10.0599,0.046225,6221300.0,5.396,0.024989,6130266.67,3.6507,0.017119,5643250.0,2.9743,0.013697,5916966.67,1.8912,0.009323
20261008,8071,能率網通,184000.0,197000.0,322000.0,498000.0,441000.0,303000.0,329000.0,176000.0,180000.0,127000.0,262000.0,165000.0,348000.0,423000.0,170000.0,126000.0,275000.0,193000.0,266000.0,717000.0,315000.0,414000.0,296000.0,619000.0,251000.0,503000.0,335000.0,494000.0,741000.0,1005000.0,234333.33,26.1735,0.004396,328400.0,11.2058,0.002534,275700.0,6.6739,0.00137,275000.0,4.4606,0.000938,285100.0,3.2269,0.000751,355833.33,1.7237,0.000511
20261008,8074,鉅橡,678000.0,1916000.0,917000.0,3403000.0,1439000.0,188000.0,261000.0,148000.0,194000.0,185000.0,360000.0,297000.0,199000.0,298000.0,250000.0,252000.0,246000.0,302000.0,319000.0,315000.0,400000.0,392000.0,283000.0,372000.0,342000.0,408000.0,537000.0,1381000.0,510000.0,829000.0,1170333.33,19.3107,0.016199,1670600.0,8.1168,0.009336,932900.0,7.2677,0.005047,715533.33,6.317,0.003457,608350.0,5.5725,0.002766,587366.67,3.8477,0.001883
20261008,8076,伍豐,308000.0,434000.0,391000.0,835000.0,453000.0,342000.0,516000.0,444000.0,497000.0,370000.0,334000.0,304000.0,551000.0,510000.0,350000.0,756000.0,415000.0,487000.0,357000.0,423000.0,590000.0,449000.0,569000.0,1152000.0,801000.0,725000.0,494000.0,449000.0,481000.0,1013000.0,377666.67,27.1845,0.007359,484200.0,12.722,0.004241,459000.0,6.7102,0.002293,442600.0,4.6393,0.001571,453850.0,3.3932,0.001257,526666.67,1.9494,0.000855
20261008,8077,洛碁,3000.0,,2000.0,1000.0,2000.0,1000.0,10000.0,,2000.0,,9000.0,,,13000.0,2000.0,,1000.0,10000.0,,2000.0,1000.0,3000.0,,20000.0,1000.0,1000.0,4000.0,7000.0,12000.0,17000.0,2500.0,60.0,7.2e-05,2000.0,37.5,4.1e-05,3000.0,14.2857,2.2e-05,4500.0,6.6667,1.5e-05,4461.54,5.1724,1.2e-05,5636.36,2.4194,8e-06
20261008,8080,泰霖,24000.0,38000.0,28000.0,20000.0,,4000.0,10000.0,23000.0,8000.0,29000.0,16000.0,15000.0,3000.0,15000.0,16000.0,9000.0,8000.0,7000.0,54000.0,4000.0,11000.0,6000.0,22000.0,32000.0,14000.0,81000.0,38000.0,16000.0,1000.0,8000.0,30000.0,26.6667,0.000573,27500.0,21.8182,0.00033,20444.44,13.0435,0.000179,17785.71,9.6386,0.000122,17421.05,7.2508,9.8e-05,19310.34,4.2857,6.7e-05
20261008,8083,瑞穎,63000.0,86000.0,96000.0,29000.0,56000.0,91000.0,48000.0,36000.0,25000.0,57000.0,40000.0,33000.0,60000.0,22000.0,35000.0,7000.0,31000.0,36000.0,13000.0,19000.0,38000.0,51000.0,14000.0,40000.0,38000.0,77000.0,69000.0,145000.0,134000.0,83000.0,81666.67,25.7143,0.001505,66000.0,19.0909,0.000867,58700.0,10.7325,0.000469,51800.0,8.1081,0.000321,44150.0,7.1348,0.000257,52400.0,4.0076,0.000175
20261008,8084,巨虹,359000.0,360000.0,91000.0,139000.0,565000.0,2403000.0,1004000.0,519000.0,967000.0,3230000.0,469000.0,575000.0,669000.0,265000.0,331000.0,268000.0,493000.0,389000.0,500000.0,700000.0,653000.0,473000.0,401000.0,465000.0,1337000.0,256000.0,177000.0,223000.0,275000.0,523000.0,270000.0,44.321,0.008577,302800.0,23.712,0.004943,963700.0,3.7252,0.002672,796400.0,3.0052,0.001831,714800.0,2.5112,0.001465,635966.67,1.8816,0.000997
20261008,8085,福華,360000.0,164000.0,232000.0,265000.0,144000.0,141000.0,132000.0,101000.0,121000.0,140000.0,136000.0,135000.0,158000.0,130000.0,159000.0,126000.0,196000.0,233000.0,160000.0,277000.0,258000.0,646000.0,389000.0,878000.0,475000.0,967000.0,813000.0,1600000.0,2752000.0,1198000.0,252000.0,47.619,0.008601,233000.0,30.9013,0.004957,180000.0,20.0,0.00268,167866.67,14.2971,0.001836,175500.0,10.2564,0.001469,449533.33,2.6694,0.001
20261008,8086,宏捷科,30289000.0,19349000.0,8911000.0,18622000.0,8429000.0,3834000.0,4687000.0,722000.0,1457000.0,1393000.0,1954000.0,1634000.0,2499000.0,3018000.0,1877000.0,1829000.0,1608000.0,2323000.0,3116000.0,1934000.0,1891000.0,1760000.0,2541000.0,4332000.0,5412000.0,9667000.0,6076000.0,3157000.0,5639000.0,6632000.0,19516333.33,51.7327,0.723669,17120000.0,35.3843,0.417069,9769300.0,31.0043,0.225469,7245000.0,27.8712,0.15446,5974250.0,25.3496,0.123581,5553066.67,18.1815,0.084119
20261008,8087,麗升能源,15000.0,2000.0,39000.0,4000.0,11000.0,21000.0,20000.0,26000.0,63000.0,2000.0,17000.0,14000.0,44000.0,31000.0,4000.0,18000.0,11000.0,99000.0,11000.0,6000.0,,,5000.0,11000.0,8000.0,6000.0,17000.0,1000.0,5000.0,14000.0,18666.67,26.7857,0.000358,14200.0,21.1268,0.000207,20300.0,7.3892,0.000112,20866.67,4.7923,7.6e-05,22900.0,3.2751,6.1e-05,18750.0,2.8571,4.2e-05
20261008,8088,品安,449000.0,339000.0,183000.0,419000.0,521000.0,747000.0,692000.0,178000.0,220000.0,204000.0,404000.0,310000.0,309000.0,207000.0,321000.0,251000.0,210000.0,366000.0,449000.0,267000.0,453000.0,423000.0,436000.0,706000.0,403000.0,896000.0,387000.0,447000.0,426000.0,402000.0,323666.67,46.241,0.010728,382200.0,23.4956,0.006183,395200.0,11.3613,0.003342,366866.67,8.1592,0.00229,352300.0,6.3724,0.001832,400833.33,3.7339,0.001247
20261008,8089,康全電訊,86000.0,70000.0,84000.0,157000.0,59000.0,68000.0,129000.0,89000.0,94000.0,119000.0,328000.0,574000.0,238000.0,66000.0,179000.0,66000.0,112000.0,64000.0,248000.0,503000.0,115000.0,186000.0,133000.0,130000.0,50000.0,186000.0,96000.0,104000.0,101000.0,96000.0,80000.0,35.8333,0.002055,91200.0,18.8596,0.001184,95500.0,9.0052,0.00064,156000.0,3.6752,0.000439,166650.0,2.5803,0.000351,151000.0,1.8985,0.000239
20261008,8091,翔名,270000.0,439000.0,1191000.0,1782000.0,714000.0,139000.0,316000.0,226000.0,139000.0,162000.0,261000.0,194000.0,249000.0,265000.0,477000.0,137000.0,210000.0,415000.0,314000.0,675000.0,167000.0,165000.0,233000.0,271000.0,268000.0,231000.0,312000.0,200000.0,213000.0,254000.0,633333.33,14.2105,0.006451,879200.0,6.1419,0.003718,537800.0,5.0205,0.00201,454933.33,3.9566,0.001377,428750.0,3.1487,0.001102,362966.67,2.4796,0.00075
20261008,8092,建暐,231000.0,104000.0,73000.0,30000.0,113000.0,28000.0,28000.0,67000.0,34000.0,156000.0,276000.0,28000.0,24000.0,25000.0,17000.0,16000.0,16000.0,1000.0,7000.0,14000.0,17000.0,27000.0,19000.0,49000.0,15000.0,22000.0,36000.0,45000.0,35000.0,154000.0,136000.0,56.6176,0.005519,110200.0,41.9238,0.003181,86400.0,26.7361,0.00172,82266.67,18.7196,0.001178,64400.0,17.9348,0.000942,56900.0,13.5325,0.000642
20261008,8093,保銳,43000.0,44000.0,71000.0,64000.0,46000.0,24000.0,32000.0,20000.0,54000.0,2000.0,28000.0,30000.0,22000.0,33000.0,54000.0,53000.0,14000.0,37000.0,,43000.0,39000.0,24000.0,14000.0,49000.0,75000.0,71000.0,46000.0,54000.0,61000.0,105000.0,52666.67,27.2152,0.001027,53600.0,16.0448,0.000592,40000.0,10.75,0.00032,37800.0,7.5838,0.000219,37578.95,6.0224,0.000175,43172.41,3.4345,0.000119
20261008,8096,擎亞,1794000.0,1455000.0,2186000.0,2822000.0,2031000.0,2942000.0,3177000.0,4547000.0,2608000.0,3087000.0,4159000.0,2479000.0,2148000.0,3451000.0,3468000.0,4530000.0,7439000.0,3581000.0,6901000.0,4505000.0,2494000.0,1548000.0,1536000.0,4625000.0,1766000.0,2356000.0,1487000.0,2160000.0,3746000.0,3324000.0,1811666.67,33.0083,0.042862,2057600.0,17.4378,0.024703,2664900.0,6.732,0.013354,2823600.0,4.2357,0.009149,3465500.0,2.5884,0.00732,3145066.67,1.9014,0.004982
20261008,8097,常珵,59000.0,9000.0,39000.0,115000.0,102000.0,105000.0,111000.0,254000.0,51000.0,36000.0,282000.0,388000.0,258000.0,142000.0,85000.0,55000.0,55000.0,100000.0,80000.0,92000.0,48000.0,55000.0,68000.0,31000.0,34000.0,51000.0,128000.0,43000.0,44000.0,13000.0,35666.67,55.1402,0.00141,64800.0,18.2099,0.000812,88100.0,6.6969,0.000439,135733.33,2.8978,0.000301,120900.0,2.44,0.000241,97766.67,2.0116,0.000164
20261008,8099,大世科,51000.0,31000.0,77000.0,40000.0,69000.0,89000.0,45000.0,21000.0,22000.0,24000.0,169000.0,44000.0,44000.0,70000.0,31000.0,49000.0,147000.0,194000.0,39000.0,32000.0,28000.0,569000.0,705000.0,383000.0,729000.0,126000.0,286000.0,1344000.0,371000.0,1426000.0,53000.0,32.0755,0.001218,53600.0,19.0299,0.000702,46900.0,10.8742,0.00038,55133.33,6.1669,0.00026,64400.0,3.9596,0.000208,241833.33,0.703,0.000142
20261008,8102,傑霖科技,11000.0,21000.0,21000.0,4000.0,11000.0,2000.0,14000.0,,10000.0,6000.0,3000.0,3000.0,1000.0,9000.0,3000.0,23000.0,,6000.0,5000.0,51000.0,5000.0,2000.0,3000.0,5000.0,3000.0,3000.0,2000.0,2000.0,9000.0,6000.0,17666.67,20.7547,0.000263,13600.0,16.1765,0.000151,11111.11,11.0,8.2e-05,8500.0,9.2437,5.6e-05,11333.33,5.3922,4.5e-05,8714.29,4.5082,3.1e-05
20261008,8107,大億金茂,23000.0,17000.0,47000.0,36000.0,51000.0,56000.0,69000.0,16000.0,38000.0,38000.0,34000.0,73000.0,33000.0,26000.0,29000.0,,15000.0,26000.0,41000.0,9000.0,54000.0,12000.0,47000.0,25000.0,16000.0,39000.0,26000.0,79000.0,25000.0,32000.0,29000.0,26.4368,0.00055,34800.0,13.2184,0.000317,39100.0,5.8824,0.000171,39066.67,3.9249,0.000117,35631.58,3.3973,9.4e-05,35586.21,2.2287,6.4e-05
20261008,8109,博大,143000.0,377000.0,200000.0,462000.0,629000.0,1355000.0,189000.0,169000.0,294000.0,126000.0,127000.0,126000.0,375000.0,53000.0,206000.0,87000.0,155000.0,151000.0,194000.0,94000.0,131000.0,150000.0,313000.0,818000.0,522000.0,201000.0,180000.0,204000.0,522000.0,705000.0,240000.0,19.8611,0.003417,362200.0,7.8962,0.001969,394400.0,3.6258,0.001064,322066.67,2.96,0.000729,275600.0,2.5943,0.000583,308600.0,1.5446,0.000397
20261008,8111,立碁,16902000.0,22362000.0,39372000.0,37505000.0,23441000.0,5823000.0,8529000.0,12470000.0,6437000.0,7806000.0,22762000.0,35250000.0,22709000.0,11752000.0,12485000.0,6037000.0,4472000.0,5891000.0,10328000.0,11346000.0,5761000.0,17120000.0,15925000.0,37791000.0,45046000.0,34235000.0,13392000.0,4471000.0,7849000.0,8963000.0,26212000.0,21.494,0.403825,27916400.0,12.109,0.232734,18064700.0,9.3564,0.125817,19040333.33,5.918,0.086192,16183950.0,5.2218,0.068961,17141066.67,3.2868,0.04694
20261008,8121,越峰,2768000.0,2698000.0,1121000.0,1867000.0,2868000.0,2873000.0,1220000.0,3575000.0,1264000.0,461000.0,592000.0,291000.0,351000.0,294000.0,354000.0,191000.0,230000.0,701000.0,626000.0,393000.0,335000.0,254000.0,346000.0,446000.0,329000.0,374000.0,687000.0,569000.0,490000.0,444000.0,2195666.67,42.0222,0.066133,2264400.0,24.448,0.038114,2071500.0,13.3623,0.020605,1506466.67,12.2494,0.014116,1236900.0,11.1893,0.011294,967066.67,9.5409,0.007687
20261008,8147,正淩,129000.0,341000.0,326000.0,405000.0,371000.0,984000.0,1203000.0,716000.0,77000.0,157000.0,441000.0,109000.0,106000.0,62000.0,42000.0,50000.0,96000.0,151000.0,119000.0,168000.0,409000.0,924000.0,355000.0,159000.0,86000.0,241000.0,317000.0,119000.0,110000.0,387000.0,265333.33,16.206,0.003082,314400.0,8.2061,0.001776,470900.0,2.7394,0.00096,364600.0,2.3587,0.000658,302650.0,2.1312,0.000526,305333.33,1.4083,0.000358
20261008,8155,博智,442000.0,691000.0,581000.0,847000.0,707000.0,762000.0,1174000.0,1879000.0,951000.0,649000.0,966000.0,323000.0,228000.0,483000.0,248000.0,387000.0,448000.0,563000.0,333000.0,247000.0,465000.0,387000.0,523000.0,851000.0,501000.0,703000.0,995000.0,1267000.0,2349000.0,1007000.0,571333.33,25.7876,0.01056,653600.0,13.5251,0.006086,868300.0,5.0904,0.00329,728733.33,4.0435,0.002254,645450.0,3.424,0.001803,731900.0,2.013,0.001228
20261008,8171,天宇,113000.0,143000.0,131000.0,172000.0,216000.0,74000.0,196000.0,199000.0,94000.0,257000.0,257000.0,119000.0,95000.0,71000.0,71000.0,155000.0,51000.0,174000.0,315000.0,330000.0,89000.0,70000.0,83000.0,132000.0,125000.0,118000.0,187000.0,162000.0,99000.0,244000.0,129000.0,29.199,0.0027,155000.0,14.5806,0.001556,159500.0,7.0846,0.000841,147200.0,5.1178,0.000576,161650.0,3.4952,0.000461,151400.0,2.4879,0.000314
20261008,8176,智捷,114000.0,126000.0,151000.0,38000.0,60000.0,31000.0,88000.0,91000.0,6000.0,105000.0,101000.0,52000.0,31000.0,177000.0,59000.0,68000.0,115000.0,46000.0,80000.0,14000.0,19000.0,59000.0,68000.0,53000.0,10000.0,24000.0,54000.0,23000.0,34000.0,72000.0,130333.33,29.156,0.002724,97800.0,23.3129,0.00157,81000.0,14.0741,0.000849,82000.0,9.2683,0.000581,77650.0,7.3406,0.000465,65633.33,5.7897,0.000317
20261008,8182,加高,2946000.0,959000.0,1481000.0,4105000.0,7055000.0,3689000.0,702000.0,1563000.0,877000.0,2556000.0,436000.0,608000.0,279000.0,468000.0,332000.0,465000.0,205000.0,403000.0,220000.0,470000.0,343000.0,493000.0,256000.0,683000.0,430000.0,507000.0,477000.0,929000.0,656000.0,675000.0,1795333.33,54.6974,0.070386,3309200.0,17.8049,0.040565,2593300.0,11.36,0.02193,1870400.0,10.5004,0.015023,1490950.0,9.8796,0.01202,1175600.0,8.3532,0.008182
20261008,8183,精星,,,,,,,,,,,821000.0,2929000.0,316000.0,150000.0,159000.0,233000.0,251000.0,432000.0,458000.0,567000.0,266000.0,240000.0,665000.0,262000.0,146000.0,141000.0,237000.0,154000.0,240000.0,145000.0,,,,,,,,,,875000.0,,,631600.0,,,440600.0,,
20261008,8227,巨有科技,1183000.0,359000.0,611000.0,569000.0,812000.0,11686000.0,718000.0,2480000.0,936000.0,905000.0,1640000.0,931000.0,1578000.0,3117000.0,2649000.0,1811000.0,19766000.0,5627000.0,7811000.0,7282000.0,1593000.0,582000.0,269000.0,372000.0,375000.0,1321000.0,415000.0,447000.0,991000.0,1667000.0,717666.67,54.9466,0.028264,706800.0,33.4748,0.016289,2025900.0,5.8394,0.008806,2011600.0,3.9206,0.006033,3623550.0,1.6324,0.004827,2683433.33,1.4695,0.003285
20261008,8234,新漢,497000.0,250000.0,199000.0,297000.0,264000.0,279000.0,247000.0,279000.0,183000.0,215000.0,487000.0,172000.0,365000.0,175000.0,235000.0,267000.0,290000.0,267000.0,524000.0,758000.0,784000.0,402000.0,445000.0,782000.0,426000.0,367000.0,323000.0,433000.0,600000.0,505000.0,315333.33,52.537,0.011874,301400.0,32.9794,0.006844,271000.0,18.3395,0.0037,276266.67,11.9932,0.002534,312500.0,7.952,0.002028,377233.33,4.3916,0.00138
20261008,8240,華宏,385000.0,518000.0,929000.0,1426000.0,2735000.0,8403000.0,2426000.0,4443000.0,1152000.0,548000.0,1470000.0,322000.0,311000.0,893000.0,360000.0,288000.0,440000.0,499000.0,917000.0,1142000.0,3188000.0,4875000.0,1278000.0,1339000.0,3026000.0,1017000.0,871000.0,387000.0,1190000.0,692000.0,610666.67,21.0153,0.009198,1198600.0,6.4242,0.005301,2296500.0,1.6765,0.002866,1754733.33,1.4627,0.001963,1480350.0,1.3004,0.001571,1582333.33,0.811,0.001069
20261008,8255,朋程,236000.0,256000.0,335000.0,661000.0,477000.0,325000.0,553000.0,257000.0,340000.0,1005000.0,354000.0,257000.0,161000.0,164000.0,200000.0,161000.0,187000.0,318000.0,231000.0,370000.0,342000.0,253000.0,186000.0,280000.0,257000.0,364000.0,301000.0,736000.0,167000.0,361000.0,275666.67,28.5369,0.005639,393000.0,12.0102,0.00325,444500.0,5.3093,0.001757,372066.67,4.2286,0.001203,342400.0,3.4463,0.000963,336500.0,2.3378,0.000655
20261008,8272,全景軟體,6000.0,5000.0,26000.0,24000.0,8000.0,4000.0,4000.0,1000.0,10000.0,9000.0,13000.0,5000.0,5000.0,6000.0,18000.0,24000.0,50000.0,9000.0,8000.0,10000.0,4000.0,5000.0,5000.0,5000.0,8000.0,7000.0,8000.0,10000.0,24000.0,13000.0,12333.33,16.2162,0.000143,13800.0,8.6957,8.3e-05,9700.0,6.1856,4.5e-05,9600.0,4.1667,3.1e-05,12250.0,2.449,2.4e-05,11133.33,1.7964,1.7e-05
20261008,8277,商丞,26000.0,53000.0,63000.0,80000.0,99000.0,171000.0,150000.0,108000.0,45000.0,75000.0,337000.0,267000.0,,,,,,,,310000.0,262000.0,210000.0,102000.0,205000.0,541000.0,106000.0,147000.0,124000.0,159000.0,68000.0,47333.33,18.3099,0.000621,64200.0,8.0997,0.000358,87000.0,2.9885,0.000194,122833.33,1.7639,0.000133,137230.77,1.4574,0.000106,161217.39,0.7012,7.2e-05
20261008,8279,生展,22000.0,23000.0,31000.0,18000.0,20000.0,44000.0,10000.0,31000.0,14000.0,12000.0,55000.0,15000.0,7000.0,7000.0,3000.0,2000.0,10000.0,7000.0,10000.0,26000.0,18000.0,33000.0,129000.0,9000.0,161000.0,185000.0,22000.0,171000.0,71000.0,285000.0,25333.33,28.9474,0.000526,22800.0,19.2982,0.000303,22500.0,9.7778,0.000164,20800.0,7.0513,0.000112,18350.0,5.9946,9e-05,48366.67,1.5162,6.1e-05
20261008,8284,三竹,11000.0,5000.0,1000.0,12000.0,7000.0,27000.0,55000.0,13000.0,7000.0,1000.0,5000.0,6000.0,8000.0,20000.0,13000.0,53000.0,19000.0,83000.0,7000.0,4000.0,1000.0,22000.0,12000.0,35000.0,32000.0,33000.0,10000.0,23000.0,1000.0,17000.0,5666.67,64.7059,0.000263,7200.0,30.5556,0.000151,13900.0,7.9137,8.2e-05,12733.33,5.7592,5.6e-05,17850.0,3.0812,4.5e-05,18100.0,2.0258,3.1e-05
20261008,8289,泰藝,4770000.0,2302000.0,2076000.0,7963000.0,1889000.0,2488000.0,424000.0,710000.0,513000.0,661000.0,287000.0,569000.0,290000.0,321000.0,288000.0,518000.0,261000.0,263000.0,347000.0,264000.0,311000.0,218000.0,217000.0,541000.0,230000.0,444000.0,226000.0,380000.0,378000.0,315000.0,3049333.33,52.1425,0.113966,3800000.0,25.1053,0.065681,2379600.0,20.0454,0.035508,1703400.0,18.6685,0.024325,1360200.0,17.5342,0.019462,1015466.67,15.6578,0.013247
20261008,8291,尚茂,8000.0,18000.0,31000.0,9000.0,17000.0,20000.0,50000.0,10000.0,1000.0,12000.0,20000.0,17000.0,33000.0,18000.0,27000.0,7000.0,8000.0,10000.0,33000.0,29000.0,23000.0,19000.0,14000.0,5000.0,4000.0,23000.0,3000.0,11000.0,35000.0,26000.0,19000.0,14.0351,0.000191,16600.0,9.6386,0.00011,17600.0,4.5455,6e-05,19400.0,2.7491,4.1e-05,18900.0,2.1164,3.3e-05,18033.33,1.4787,2.2e-05
20261008,8299,群聯,2057000.0,1530000.0,1311000.0,2306000.0,1906000.0,1789000.0,2781000.0,2082000.0,3897000.0,7052000.0,4869000.0,4229000.0,6143000.0,2601000.0,2818000.0,2009000.0,2062000.0,4480000.0,2295000.0,1866000.0,2551000.0,2545000.0,2747000.0,3126000.0,2900000.0,3863000.0,16851000.0,2786000.0,3645000.0,2711000.0,1632666.67,41.9967,0.049146,1822000.0,22.5796,0.028324,2671100.0,7.7009,0.015312,3158066.67,4.3423,0.01049,3004150.0,3.4236,0.008393,3460266.67,1.9815,0.005713
20261008,8342,益張,5000.0,6000.0,,2000.0,1000.0,4000.0,1000.0,7000.0,1000.0,5000.0,3000.0,3000.0,,6000.0,12000.0,6000.0,1000.0,,3000.0,4000.0,4000.0,2000.0,,,5000.0,,1000.0,2000.0,3000.0,5000.0,5500.0,45.4545,0.000119,3500.0,35.7143,6.9e-05,3555.56,15.625,3.7e-05,4307.69,8.9286,2.5e-05,4117.65,7.1429,2e-05,3833.33,5.4348,1.4e-05
20261008,8349,恒耀,68000.0,230000.0,224000.0,89000.0,55000.0,189000.0,150000.0,136000.0,228000.0,112000.0,209000.0,47000.0,159000.0,81000.0,64000.0,63000.0,42000.0,121000.0,115000.0,136000.0,99000.0,65000.0,58000.0,182000.0,88000.0,138000.0,71000.0,109000.0,105000.0,28000.0,174000.0,13.0268,0.001625,133200.0,10.2102,0.000936,148100.0,4.5915,0.000506,136066.67,3.3317,0.000347,125900.0,2.7006,0.000277,115366.67,1.9648,0.000189
20261008,8349A,恒耀甲特,3000.0,5000.0,3000.0,14000.0,1000.0,2000.0,,14000.0,,,2000.0,1000.0,7000.0,3000.0,,1000.0,4000.0,,4000.0,12000.0,4000.0,7000.0,,1000.0,9000.0,3000.0,2000.0,2000.0,1000.0,,3666.67,27.2727,7.2e-05,5200.0,11.5385,4.1e-05,6000.0,7.1429,2.2e-05,5000.0,5.4545,1.5e-05,5066.67,3.9474,1.2e-05,4565.22,2.8571,8e-06
20261008,8354,冠好,53000.0,30000.0,18000.0,37000.0,51000.0,92000.0,18000.0,11000.0,20000.0,8000.0,133000.0,25000.0,21000.0,140000.0,20000.0,27000.0,6000.0,56000.0,106000.0,65000.0,43000.0,47000.0,51000.0,252000.0,303000.0,55000.0,33000.0,55000.0,51000.0,111000.0,33666.67,52.4752,0.001266,37800.0,28.0423,0.00073,33800.0,15.6805,0.000395,45133.33,7.8287,0.00027,46850.0,5.6564,0.000216,64600.0,2.7348,0.000147
20261008,8358,金居,3320000.0,20233000.0,25464000.0,40410000.0,19421000.0,17252000.0,8233000.0,13167000.0,2966000.0,1893000.0,2011000.0,2173000.0,4278000.0,29702000.0,19871000.0,26088000.0,33278000.0,13797000.0,3044000.0,3207000.0,3643000.0,3709000.0,4151000.0,7118000.0,5342000.0,30425000.0,48799000.0,39692000.0,37626000.0,31477000.0,16339000.0,6.7732,0.079322,21769600.0,3.0501,0.045715,15235900.0,2.1791,0.024714,14026266.67,1.578,0.01693,14490400.0,1.1456,0.013546,16726333.33,0.6616,0.00922
20261008,8383,千附,770000.0,977000.0,1713000.0,1299000.0,545000.0,475000.0,694000.0,552000.0,1045000.0,431000.0,595000.0,913000.0,1908000.0,821000.0,818000.0,593000.0,722000.0,1040000.0,1448000.0,3140000.0,763000.0,893000.0,796000.0,956000.0,936000.0,1390000.0,980000.0,2228000.0,3514000.0,2972000.0,1153333.33,22.2543,0.018397,1060800.0,14.5173,0.010603,850100.0,9.0578,0.005732,903733.33,5.6801,0.003927,1024950.0,3.7563,0.003142,1197566.67,2.1432,0.002138
20261008,8390,金益鼎,324000.0,368000.0,556000.0,679000.0,197000.0,211000.0,177000.0,271000.0,280000.0,193000.0,463000.0,130000.0,198000.0,118000.0,203000.0,186000.0,221000.0,358000.0,1261000.0,300000.0,318000.0,202000.0,373000.0,165000.0,310000.0,229000.0,309000.0,353000.0,471000.0,529000.0,416000.0,25.9615,0.007741,424800.0,15.2542,0.004461,325600.0,9.9509,0.002412,291200.0,7.4176,0.001652,334700.0,4.8402,0.001322,331766.67,3.2553,0.0009
20261008,8401,白紗科,33000.0,22000.0,16000.0,20000.0,22000.0,24000.0,11000.0,8000.0,21000.0,35000.0,13000.0,41000.0,8000.0,14000.0,1000.0,29000.0,23000.0,87000.0,42000.0,89000.0,65000.0,18000.0,16000.0,2000.0,33000.0,31000.0,26000.0,19000.0,59000.0,35000.0,23666.67,46.4789,0.000788,22600.0,29.2035,0.000454,21200.0,15.566,0.000246,19266.67,11.4187,0.000168,27950.0,5.9034,0.000135,28766.67,3.8239,9.2e-05
20261008,8403,盛弘,197000.0,189000.0,107000.0,49000.0,39000.0,65000.0,136000.0,27000.0,38000.0,81000.0,27000.0,52000.0,31000.0,43000.0,22000.0,35000.0,150000.0,75000.0,51000.0,32000.0,55000.0,79000.0,42000.0,65000.0,67000.0,21000.0,33000.0,60000.0,47000.0,55000.0,164333.33,39.9594,0.004707,116200.0,33.9071,0.002713,92800.0,21.2284,0.001466,73533.33,17.8604,0.001005,72300.0,13.6238,0.000804,65666.67,10.0,0.000547
20261008,8409,商之器,6000.0,9000.0,5000.0,9000.0,27000.0,2000.0,6000.0,7000.0,4000.0,6000.0,,3000.0,1000.0,5000.0,2000.0,6000.0,4000.0,2000.0,1000.0,1000.0,10000.0,2000.0,4000.0,11000.0,8000.0,16000.0,4000.0,9000.0,5000.0,5000.0,6666.67,30.0,0.000143,11200.0,10.7143,8.3e-05,8100.0,7.4074,4.5e-05,6571.43,6.5217,3.1e-05,5578.95,5.6604,2.4e-05,6206.9,3.3333,1.7e-05
20261008,8410,森田,105000.0,92000.0,302000.0,51000.0,28000.0,28000.0,26000.0,29000.0,165000.0,246000.0,81000.0,74000.0,3000.0,13000.0,6000.0,22000.0,25000.0,1000.0,11000.0,1000.0,150000.0,44000.0,7000.0,4000.0,15000.0,12000.0,7000.0,7000.0,13000.0,38000.0,166333.33,21.0421,0.002509,115600.0,18.1661,0.001446,107200.0,9.7948,0.000782,83266.67,8.4067,0.000535,65450.0,8.0214,0.000428,53533.33,6.538,0.000292
20261008,8415,大國鋼,87000.0,198000.0,217000.0,460000.0,211000.0,470000.0,491000.0,581000.0,195000.0,112000.0,277000.0,682000.0,4783000.0,528000.0,724000.0,460000.0,593000.0,634000.0,453000.0,446000.0,205000.0,411000.0,375000.0,518000.0,333000.0,555000.0,968000.0,529000.0,497000.0,593000.0,167333.33,17.3307,0.002079,234600.0,7.4169,0.001198,302200.0,2.8789,0.000648,667733.33,0.8686,0.000444,630100.0,0.6904,0.000355,586200.0,0.4947,0.000242
20261008,8416,實威,2000.0,2000.0,,4000.0,9000.0,3000.0,1000.0,3000.0,9000.0,2000.0,13000.0,6000.0,2000.0,2000.0,1000.0,2000.0,3000.0,1000.0,2000.0,4000.0,2000.0,2000.0,,,3000.0,4000.0,3000.0,2000.0,2000.0,7000.0,2000.0,50.0,4.8e-05,4250.0,11.7647,2.8e-05,3888.89,5.7143,1.5e-05,4214.29,3.3898,1e-05,3736.84,2.8169,8e-06,3555.56,2.0833,6e-06
20261008,8421,旭源,115000.0,81000.0,26000.0,43000.0,22000.0,113000.0,63000.0,25000.0,36000.0,56000.0,61000.0,106000.0,138000.0,252000.0,173000.0,234000.0,99000.0,102000.0,90000.0,123000.0,170000.0,590000.0,102000.0,213000.0,72000.0,415000.0,39000.0,76000.0,97000.0,38000.0,74000.0,51.8018,0.002748,57400.0,40.0697,0.001584,58000.0,19.8276,0.000856,87333.33,8.7786,0.000586,97900.0,5.8733,0.000469,125666.67,3.0504,0.000319
20261008,8423,保綠-KY,13000.0,24000.0,37000.0,14000.0,20000.0,7000.0,9000.0,6000.0,9000.0,21000.0,33000.0,5000.0,7000.0,11000.0,9000.0,15000.0,58000.0,42000.0,46000.0,3000.0,32000.0,18000.0,15000.0,30000.0,46000.0,22000.0,7000.0,14000.0,2000.0,5000.0,24666.67,17.5676,0.000311,21600.0,12.037,0.000179,16000.0,8.125,9.7e-05,15000.0,5.7778,6.6e-05,19450.0,3.3419,5.3e-05,19333.33,2.2414,3.6e-05
20261008,8424,惠普,15000.0,3000.0,2000.0,11000.0,2000.0,,14000.0,9000.0,99000.0,2000.0,7000.0,4000.0,4000.0,2000.0,7000.0,2000.0,12000.0,16000.0,3000.0,2000.0,5000.0,14000.0,3000.0,7000.0,2000.0,7000.0,4000.0,8000.0,25000.0,7000.0,6666.67,75.0,0.000358,6600.0,45.4545,0.000207,17444.44,9.5541,0.000112,12928.57,8.2873,7.6e-05,11368.42,6.9444,6.1e-05,10275.86,5.0336,4.2e-05
20261008,8426,紅木-KY,15000.0,32000.0,38000.0,40000.0,13000.0,18000.0,50000.0,42000.0,19000.0,15000.0,13000.0,8000.0,40000.0,4000.0,6000.0,18000.0,3000.0,55000.0,8000.0,9000.0,9000.0,12000.0,34000.0,11000.0,28000.0,1000.0,4000.0,3000.0,39000.0,85000.0,28333.33,17.6471,0.000358,27600.0,10.8696,0.000207,28200.0,5.3191,0.000112,23533.33,4.2493,7.6e-05,22300.0,3.3632,6.1e-05,22400.0,2.2321,4.2e-05
20261008,8431,匯鑽科,1711000.0,1229000.0,869000.0,847000.0,670000.0,1153000.0,1210000.0,2567000.0,643000.0,1088000.0,3665000.0,4201000.0,1872000.0,3236000.0,3834000.0,2614000.0,2509000.0,896000.0,1991000.0,1870000.0,3556000.0,5306000.0,10612000.0,7618000.0,3177000.0,607000.0,1212000.0,1266000.0,302000.0,68000.0,1269666.67,44.9199,0.040879,1065200.0,32.1254,0.02356,1198700.0,14.2738,0.012737,1919666.67,5.942,0.008725,1933750.0,4.424,0.006981,2413300.0,2.3633,0.004752
20261008,8432,東生華,76000.0,113000.0,324000.0,45000.0,38000.0,32000.0,54000.0,68000.0,36000.0,22000.0,16000.0,21000.0,36000.0,18000.0,9000.0,7000.0,15000.0,23000.0,74000.0,13000.0,33000.0,94000.0,146000.0,58000.0,19000.0,16000.0,7000.0,22000.0,27000.0,19000.0,171000.0,14.8148,0.001816,119200.0,12.7517,0.001046,80800.0,9.4059,0.000566,60533.33,8.37,0.000388,52000.0,7.3077,0.00031,49366.67,5.1317,0.000211
20261008,8433,弘帆,6000.0,17000.0,29000.0,15000.0,15000.0,11000.0,6000.0,7000.0,27000.0,15000.0,29000.0,22000.0,24000.0,6000.0,16000.0,5000.0,,15000.0,23000.0,5000.0,10000.0,10000.0,3000.0,17000.0,2000.0,9000.0,6000.0,3000.0,26000.0,7000.0,17333.33,11.5385,0.000143,16400.0,7.3171,8.3e-05,14800.0,4.0541,4.5e-05,16333.33,2.449,3.1e-05,15421.05,2.0478,2.4e-05,13310.34,1.5544,1.7e-05
20261008,8435,鉅邁,37000.0,61000.0,39000.0,38000.0,11000.0,10000.0,45000.0,14000.0,22000.0,31000.0,9000.0,19000.0,10000.0,45000.0,22000.0,15000.0,16000.0,4000.0,26000.0,20000.0,11000.0,6000.0,4000.0,6000.0,18000.0,37000.0,20000.0,27000.0,10000.0,1000.0,45666.67,27.0073,0.000884,37200.0,19.8925,0.000509,30800.0,12.013,0.000275,27533.33,8.9588,0.000189,24700.0,7.4899,0.000151,21133.33,5.836,0.000103
20261008,8436,大江,314000.0,302000.0,868000.0,1033000.0,483000.0,218000.0,312000.0,388000.0,375000.0,342000.0,876000.0,341000.0,648000.0,2510000.0,1736000.0,326000.0,280000.0,525000.0,313000.0,783000.0,365000.0,702000.0,1314000.0,784000.0,723000.0,2258000.0,825000.0,810000.0,1014000.0,1094000.0,494666.67,21.159,0.007502,600000.0,10.4667,0.004324,463500.0,6.7745,0.002337,716400.0,2.922,0.001601,648650.0,2.4204,0.001281,762066.67,1.3735,0.000872
20261008,8437,大地-KY,42000.0,89000.0,172000.0,113000.0,35000.0,51000.0,51000.0,110000.0,280000.0,58000.0,16000.0,11000.0,23000.0,25000.0,10000.0,13000.0,71000.0,25000.0,,6000.0,11000.0,27000.0,11000.0,4000.0,29000.0,12000.0,3000.0,11000.0,10000.0,12000.0,101000.0,13.8614,0.001003,90200.0,9.3126,0.000578,100100.0,4.1958,0.000313,72400.0,3.8674,0.000214,63210.53,3.4971,0.000171,45896.55,3.1555,0.000117
20261008,8440,綠電,31000.0,69000.0,46000.0,19000.0,27000.0,46000.0,76000.0,109000.0,34000.0,45000.0,52000.0,75000.0,39000.0,44000.0,47000.0,43000.0,114000.0,21000.0,37000.0,41000.0,35000.0,89000.0,27000.0,61000.0,44000.0,36000.0,21000.0,37000.0,42000.0,35000.0,48666.67,21.2329,0.000741,38400.0,16.1458,0.000427,50200.0,6.1753,0.000231,50600.0,4.0843,0.000158,50750.0,3.0542,0.000126,48066.67,2.1498,8.6e-05
20261008,8444,綠河-KY,39000.0,89000.0,,,,,8000.0,2000.0,15000.0,5000.0,4000.0,,28000.0,19000.0,6000.0,,2000.0,1000.0,12000.0,20000.0,5000.0,14000.0,6000.0,4000.0,7000.0,21000.0,8000.0,41000.0,13000.0,18000.0,64000.0,30.4688,0.000932,64000.0,30.4688,0.000537,26333.33,24.6835,0.00029,21500.0,18.1395,0.000199,17857.14,15.6,0.000159,16125.0,10.0775,0.000108
20261008,8446,華研,29000.0,25000.0,57000.0,41000.0,24000.0,11000.0,48000.0,15000.0,2000.0,24000.0,21000.0,8000.0,48000.0,26000.0,28000.0,38000.0,42000.0,45000.0,46000.0,56000.0,28000.0,50000.0,24000.0,58000.0,35000.0,32000.0,48000.0,28000.0,25000.0,24000.0,37000.0,26.1261,0.000693,35200.0,16.4773,0.000399,27600.0,10.5072,0.000216,27133.33,7.1253,0.000148,31700.0,4.5741,0.000118,32866.67,2.9412,8.1e-05
20261008,8450,霹靂,16000.0,28000.0,20000.0,14000.0,19000.0,16000.0,24000.0,26000.0,29000.0,22000.0,28000.0,16000.0,31000.0,17000.0,25000.0,18000.0,11000.0,110000.0,9000.0,7000.0,16000.0,14000.0,45000.0,32000.0,2000.0,28000.0,22000.0,10000.0,24000.0,25000.0,21333.33,25.0,0.000382,19400.0,16.4948,0.00022,21400.0,7.4766,0.000119,22066.67,4.8338,8.2e-05,24300.0,3.2922,6.5e-05,23466.67,2.2727,4.4e-05
20261008,8455,大拓-KY,,8000.0,8000.0,14000.0,,3000.0,4000.0,1000.0,7000.0,10000.0,9000.0,3000.0,5000.0,,3000.0,1000.0,1000.0,4000.0,13000.0,2000.0,7000.0,4000.0,16000.0,2000.0,4000.0,4000.0,7000.0,,2000.0,7000.0,8000.0,,,10000.0,,,6875.0,,,6250.0,,,5647.06,,,5730.77,,
20261008,8472,納維康,1000.0,1000.0,6000.0,10000.0,90000.0,181000.0,21000.0,16000.0,2000.0,4000.0,10000.0,5000.0,6000.0,28000.0,44000.0,13000.0,11000.0,37000.0,7000.0,29000.0,37000.0,84000.0,5000.0,8000.0,7000.0,29000.0,12000.0,10000.0,16000.0,9000.0,2666.67,12.5,2.4e-05,21600.0,0.9259,1.4e-05,33200.0,0.3012,7e-06,28333.33,0.2353,5e-06,26100.0,0.1916,4e-06,24633.33,0.1353,3e-06
20261008,8477,創業家,51000.0,15000.0,13000.0,20000.0,13000.0,6000.0,12000.0,9000.0,6000.0,32000.0,59000.0,28000.0,6000.0,13000.0,1000.0,5000.0,6000.0,19000.0,9000.0,15000.0,25000.0,24000.0,8000.0,1000.0,5000.0,22000.0,11000.0,6000.0,14000.0,23000.0,26333.33,64.557,0.001218,22400.0,45.5357,0.000702,17700.0,28.8136,0.00038,18933.33,17.9577,0.00026,16900.0,15.0888,0.000208,15900.0,10.6918,0.000142
20261008,8489,三貝德,36000.0,57000.0,53000.0,56000.0,57000.0,41000.0,38000.0,61000.0,30000.0,147000.0,445000.0,41000.0,27000.0,24000.0,23000.0,38000.0,17000.0,9000.0,20000.0,20000.0,29000.0,6000.0,24000.0,45000.0,57000.0,32000.0,15000.0,48000.0,15000.0,50000.0,48666.67,24.6575,0.00086,51800.0,13.8996,0.000496,57600.0,6.25,0.000268,75733.33,3.169,0.000184,62000.0,2.9032,0.000147,52033.33,2.3062,0.0001
20261008,8905,裕國,25000.0,2000.0,2000.0,,,4000.0,3000.0,13000.0,2000.0,5000.0,5000.0,12000.0,6000.0,5000.0,9000.0,2000.0,5000.0,,1000.0,3000.0,,6000.0,10000.0,6000.0,17000.0,2000.0,2000.0,26000.0,6000.0,4000.0,9666.67,86.2069,0.000597,9666.67,86.2069,0.000344,7000.0,44.6429,0.000186,7153.85,26.8817,0.000127,6117.65,24.0385,0.000102,7038.46,13.6612,6.9e-05
20261008,8906,花王,6000.0,16000.0,11000.0,15000.0,10000.0,1000.0,15000.0,7000.0,15000.0,9000.0,7000.0,5000.0,68000.0,22000.0,13000.0,8000.0,7000.0,2000.0,35000.0,11000.0,2000.0,14000.0,6000.0,62000.0,10000.0,14000.0,25000.0,6000.0,15000.0,5000.0,11000.0,18.1818,0.000143,11600.0,10.3448,8.3e-05,10500.0,5.7143,4.5e-05,14666.67,2.7273,3.1e-05,14150.0,2.1201,2.4e-05,14733.33,1.3575,1.7e-05
20261008,8908,欣雄,62000.0,54000.0,9000.0,18000.0,30000.0,18000.0,12000.0,45000.0,37000.0,71000.0,38000.0,50000.0,3000.0,37000.0,44000.0,10000.0,46000.0,19000.0,37000.0,17000.0,26000.0,27000.0,30000.0,40000.0,126000.0,73000.0,28000.0,32000.0,22000.0,26000.0,41666.67,49.6,0.001481,34600.0,35.8382,0.000854,35600.0,17.4157,0.000462,35200.0,11.7424,0.000316,32850.0,9.4368,0.000253,36233.33,5.7038,0.000172
20261008,8916,光隆,31000.0,39000.0,27000.0,37000.0,56000.0,24000.0,27000.0,71000.0,59000.0,20000.0,63000.0,26000.0,57000.0,84000.0,42000.0,73000.0,70000.0,13000.0,70000.0,40000.0,18000.0,133000.0,32000.0,27000.0,74000.0,41000.0,60000.0,64000.0,42000.0,105000.0,32333.33,31.9588,0.000741,38000.0,16.3158,0.000427,39100.0,7.9284,0.000231,44200.0,4.6757,0.000158,46450.0,3.3369,0.000126,50833.33,2.0328,8.6e-05
20261008,8917,欣泰,6000.0,2000.0,6000.0,1000.0,,,4000.0,5000.0,14000.0,8000.0,9000.0,4000.0,2000.0,,10000.0,5000.0,489000.0,4000.0,4000.0,2000.0,1000.0,5000.0,9000.0,44000.0,,,5000.0,,4000.0,10000.0,4666.67,42.8571,0.000143,3750.0,40.0,8.3e-05,5750.0,13.0435,4.5e-05,5916.67,8.4507,3.1e-05,33823.53,1.0435,2.4e-05,27208.33,0.9188,1.7e-05
20261008,8921,沈氏,2000.0,,,,3000.0,,2000.0,,,,2000.0,1000.0,1000.0,12000.0,1000.0,2000.0,3000.0,3000.0,,1000.0,,1000.0,20000.0,2000.0,,17000.0,5000.0,1000.0,,3000.0,2000.0,100.0,4.8e-05,2500.0,40.0,2.8e-05,2333.33,28.5714,1.5e-05,3000.0,8.3333,1e-05,2750.0,6.0606,8e-06,4315.79,2.439,6e-06
20261008,8923,時報,1000.0,,,2000.0,,,1000.0,11000.0,,,7000.0,11000.0,,,,55000.0,,39000.0,1000.0,1000.0,2000.0,,,,,8000.0,13000.0,,,4000.0,1000.0,100.0,2.4e-05,1500.0,33.3333,1.4e-05,3750.0,6.6667,7e-06,5500.0,3.0303,5e-06,12900.0,0.7752,4e-06,11142.86,0.641,3e-06
20261008,8924,大田,40000.0,148000.0,31000.0,90000.0,26000.0,35000.0,26000.0,28000.0,55000.0,39000.0,68000.0,63000.0,123000.0,49000.0,84000.0,33000.0,95000.0,62000.0,22000.0,27000.0,19000.0,37000.0,100000.0,96000.0,88000.0,39000.0,40000.0,33000.0,45000.0,54000.0,73000.0,18.2648,0.000956,67000.0,11.9403,0.000551,51800.0,7.722,0.000298,60333.33,4.4199,0.000204,57200.0,3.4965,0.000163,56500.0,2.3599,0.000111
20261008,8927,北基,154000.0,91000.0,245000.0,199000.0,46000.0,164000.0,122000.0,72000.0,84000.0,174000.0,129000.0,254000.0,240000.0,86000.0,64000.0,66000.0,67000.0,149000.0,99000.0,180000.0,100000.0,68000.0,61000.0,81000.0,45000.0,207000.0,66000.0,64000.0,88000.0,102000.0,163333.33,31.4286,0.003679,147000.0,20.9524,0.002121,135100.0,11.399,0.001146,141600.0,7.2505,0.000785,134250.0,5.7356,0.000628,118900.0,4.3174,0.000428
20261008,8928,鉅明,52000.0,9000.0,50000.0,18000.0,4000.0,7000.0,9000.0,16000.0,14000.0,27000.0,6000.0,14000.0,16000.0,16000.0,6000.0,8000.0,7000.0,31000.0,21000.0,42000.0,77000.0,21000.0,29000.0,11000.0,32000.0,9000.0,3000.0,58000.0,39000.0,46000.0,37000.0,46.8468,0.001242,26600.0,39.0977,0.000716,20600.0,25.2427,0.000387,17600.0,19.697,0.000265,18650.0,13.941,0.000212,23266.67,7.4499,0.000144
20261008,8929,富堡,21000.0,6000.0,11000.0,8000.0,1000.0,7000.0,25000.0,5000.0,5000.0,13000.0,15000.0,17000.0,,12000.0,6000.0,5000.0,23000.0,2000.0,5000.0,5000.0,1000.0,27000.0,,3000.0,5000.0,7000.0,6000.0,11000.0,4000.0,8000.0,12666.67,55.2632,0.000502,9400.0,44.6809,0.000289,10200.0,20.5882,0.000156,10857.14,13.8158,0.000107,10105.26,10.9375,8.6e-05,9428.57,7.9545,5.8e-05
20261008,8930,青鋼,31000.0,31000.0,65000.0,25000.0,29000.0,19000.0,38000.0,20000.0,62000.0,32000.0,74000.0,12000.0,23000.0,30000.0,42000.0,8000.0,15000.0,21000.0,68000.0,66000.0,16000.0,23000.0,45000.0,11000.0,25000.0,25000.0,45000.0,49000.0,64000.0,38000.0,42333.33,24.4094,0.000741,36200.0,17.1271,0.000427,35200.0,8.8068,0.000231,35533.33,5.8161,0.000158,35550.0,4.3601,0.000126,35066.67,2.9468,8.6e-05
20261008,8931,大汽電,35000.0,25000.0,283000.0,56000.0,13000.0,16000.0,244000.0,80000.0,280000.0,100000.0,35000.0,128000.0,30000.0,78000.0,161000.0,64000.0,421000.0,90000.0,22000.0,77000.0,100000.0,167000.0,47000.0,20000.0,48000.0,43000.0,91000.0,44000.0,33000.0,32000.0,114333.33,10.2041,0.000836,82400.0,8.4951,0.000482,113200.0,3.0919,0.000261,104266.67,2.2379,0.000178,111900.0,1.5639,0.000143,95433.33,1.2225,9.7e-05
20261008,8932,智通*,1866000.0,472000.0,806000.0,1480000.0,1037000.0,719000.0,822000.0,713000.0,642000.0,1063000.0,1193000.0,2248000.0,2043000.0,1194000.0,2302000.0,2886000.0,1609000.0,1716000.0,1894000.0,2565000.0,1998000.0,1969000.0,2210000.0,1753000.0,1645000.0,2110000.0,3794000.0,8046000.0,9075000.0,6770000.0,1048000.0,59.3511,0.044583,1132200.0,32.9624,0.025694,962000.0,19.3971,0.01389,1240000.0,10.0323,0.009516,1463500.0,6.3751,0.007613,2288000.0,2.7185,0.005182
20261008,8933,愛地雅,103000.0,81000.0,64000.0,72000.0,41000.0,84000.0,108000.0,42000.0,88000.0,84000.0,204000.0,42000.0,38000.0,19000.0,14000.0,29000.0,51000.0,209000.0,83000.0,133000.0,39000.0,64000.0,20000.0,31000.0,71000.0,87000.0,56000.0,117000.0,155000.0,229000.0,82666.67,41.5323,0.002461,72200.0,28.5319,0.001418,76700.0,13.4289,0.000767,72266.67,9.5018,0.000525,79450.0,6.4821,0.00042,81933.33,4.1904,0.000286
20261008,8935,邦泰,82000.0,78000.0,30000.0,96000.0,81000.0,159000.0,599000.0,251000.0,378000.0,73000.0,81000.0,71000.0,81000.0,108000.0,210000.0,50000.0,93000.0,92000.0,86000.0,77000.0,88000.0,58000.0,105000.0,88000.0,188000.0,87000.0,69000.0,79000.0,96000.0,64000.0,63333.33,43.1579,0.001959,73400.0,22.3433,0.001129,182700.0,4.4882,0.00061,158533.33,3.4483,0.000418,138800.0,2.9539,0.000335,123266.67,2.2174,0.000228
20261008,8936,國統,1729000.0,799000.0,936000.0,1373000.0,1114000.0,1004000.0,1068000.0,525000.0,549000.0,595000.0,751000.0,832000.0,696000.0,932000.0,836000.0,817000.0,700000.0,537000.0,1044000.0,952000.0,924000.0,822000.0,869000.0,1078000.0,539000.0,590000.0,697000.0,1031000.0,859000.0,752000.0,1154666.67,49.9134,0.04131,1190200.0,29.0539,0.023808,969200.0,17.8395,0.012871,915933.33,12.5846,0.008817,889450.0,9.7195,0.007054,865000.0,6.6628,0.004802
20261008,8937,合騏*,82000.0,69000.0,49000.0,127000.0,54000.0,48000.0,339000.0,367000.0,341000.0,89000.0,173000.0,75000.0,66000.0,176000.0,77000.0,306000.0,138000.0,125000.0,398000.0,746000.0,116000.0,179000.0,155000.0,146000.0,802000.0,212000.0,409000.0,266000.0,1404000.0,334000.0,66666.67,41.0,0.001959,76200.0,21.5223,0.001129,156500.0,5.2396,0.00061,142133.33,3.8462,0.000418,192250.0,2.1326,0.000335,262266.67,1.0422,0.000228
20261008,8938,明安,48000.0,94000.0,36000.0,89000.0,59000.0,46000.0,33000.0,43000.0,25000.0,53000.0,130000.0,82000.0,106000.0,55000.0,38000.0,31000.0,110000.0,73000.0,33000.0,41000.0,33000.0,70000.0,171000.0,102000.0,83000.0,48000.0,251000.0,171000.0,141000.0,28000.0,59333.33,26.9663,0.001147,65200.0,14.7239,0.000661,52600.0,9.1255,0.000357,62466.67,5.1227,0.000245,61250.0,3.9184,0.000196,77433.33,2.0663,0.000133
20261008,8941,關中,19000.0,4000.0,12000.0,8000.0,6000.0,12000.0,5000.0,3000.0,4000.0,3000.0,3000.0,2000.0,5000.0,12000.0,7000.0,2000.0,4000.0,,1000.0,2000.0,2000.0,4000.0,4000.0,2000.0,1000.0,,1000.0,5000.0,11000.0,5000.0,11666.67,54.2857,0.000454,9800.0,38.7755,0.000262,7600.0,25.0,0.000141,7000.0,18.0952,9.7e-05,6000.0,16.6667,7.8e-05,5321.43,12.7517,5.3e-05
20261008,8942,森鉅,144000.0,121000.0,200000.0,262000.0,131000.0,105000.0,143000.0,131000.0,106000.0,118000.0,73000.0,152000.0,195000.0,83000.0,124000.0,90000.0,87000.0,64000.0,85000.0,95000.0,118000.0,186000.0,137000.0,295000.0,112000.0,101000.0,203000.0,173000.0,237000.0,699000.0,155000.0,30.9677,0.00344,171600.0,16.7832,0.001983,146100.0,9.8563,0.001072,139200.0,6.8966,0.000734,125450.0,5.7393,0.000588,159000.0,3.0189,0.0004
20261008,9949,琉園,,9000.0,20000.0,5000.0,10000.0,7000.0,65000.0,9000.0,30000.0,117000.0,53000.0,46000.0,48000.0,7000.0,7000.0,5000.0,6000.0,7000.0,12000.0,26000.0,33000.0,9000.0,28000.0,11000.0,9000.0,32000.0,41000.0,30000.0,28000.0,328000.0,14500.0,,,11000.0,,,30222.22,,,30928.57,,,25736.84,,,35793.1,,
20261008,9950,萬國通,4000.0,45000.0,13000.0,33000.0,11000.0,22000.0,23000.0,12000.0,17000.0,16000.0,49000.0,34000.0,5000.0,72000.0,12000.0,33000.0,4000.0,60000.0,15000.0,14000.0,27000.0,29000.0,13000.0,43000.0,46000.0,59000.0,35000.0,18000.0,67000.0,21000.0,20666.67,6.4516,9.6e-05,21200.0,3.7736,5.5e-05,19600.0,2.0408,3e-05,24533.33,1.087,2e-05,24700.0,0.8097,1.6e-05,28400.0,0.4695,1.1e-05
20261008,9951,皇田,53000.0,42000.0,66000.0,66000.0,68000.0,62000.0,73000.0,134000.0,68000.0,58000.0,16000.0,8000.0,48000.0,41000.0,161000.0,22000.0,16000.0,48000.0,48000.0,143000.0,31000.0,60000.0,57000.0,165000.0,211000.0,141000.0,52000.0,47000.0,23000.0,75000.0,53666.67,32.9193,0.001266,59000.0,17.9661,0.00073,69000.0,7.6812,0.000395,64266.67,5.4979,0.00027,62050.0,4.2707,0.000216,70100.0,2.5202,0.000147
20261008,9960,邁達康,15000.0,43000.0,,12000.0,43000.0,152000.0,66000.0,75000.0,189000.0,176000.0,182000.0,64000.0,12000.0,8000.0,5000.0,12000.0,27000.0,66000.0,52000.0,211000.0,22000.0,12000.0,1000.0,3000.0,1000.0,6000.0,10000.0,2000.0,,,29000.0,25.8621,0.000358,28250.0,13.2743,0.000207,85666.67,1.9455,0.000112,74428.57,1.4395,7.6e-05,74210.53,1.0638,6.1e-05,54333.33,1.0225,4.2e-05
20261008,9962,有益,136000.0,68000.0,112000.0,26000.0,78000.0,101000.0,93000.0,147000.0,76000.0,62000.0,5000.0,52000.0,31000.0,14000.0,9000.0,30000.0,46000.0,65000.0,32000.0,29000.0,67000.0,77000.0,26000.0,35000.0,50000.0,38000.0,10000.0,83000.0,19000.0,17000.0,105333.33,43.038,0.003249,84000.0,32.381,0.001873,89900.0,15.1279,0.001012,67333.33,13.4653,0.000694,60600.0,11.2211,0.000555,54466.67,8.3231,0.000378
