
██████████████████████████████████████████████████████████████████████████████████████████████████████████████
  📅 天數組合: 30 日  →  輸出檔: q14_30.txt
██████████████████████████████████████████████████████████████████████████████████████████████████████████████

🔁 共執行 30 次，每次區間長度 31 個交易日

══════════════════════════════════════════════════════════════════════════════════════════════════════════════
  🔄 第  1/30 次  2026/08/24 ～ 2026/10/08
══════════════════════════════════════════════════════════════════════════════════════════════════════════════

==========================================================================================================================================================================
📊 ROI 每日報酬率累計排名 (2026/08/24 ~ 2026/10/08)
==========================================================================================================================================================================
    實資排名          累計天數排名  代號        名稱                 累計漲停(元)       累計跌停(元)       強度%  (08/24)開盤      最高      最低      收盤    (10/08)開盤      最高      最低      收盤      賺賠    賺賠率
--------------------------------------------------------------------------------------------------------------------------------------------------------------------------
       1              33  2221      大甲                   82.00         18.50   100.00%     59.40    63.30    58.50    63.30      188.50   195.00   188.50   192.00   +128.70  +203.32%
       2              50  8227      巨有科技                200.00         51.00    86.08%    155.50   155.50   149.50   150.00      370.00   370.00   335.00   335.00   +185.00  +123.33%
       3              61  3441      聯一光                 141.50         21.50    85.92%    113.50   117.00   109.00   112.50      245.00   249.50   236.50   249.50   +137.00  +121.78%
       4             128  3624      光頡                   76.50         10.50    81.61%     86.90    89.10    86.00    86.10      165.50   175.00   161.50   175.00    +88.90  +103.25%
       5             116  4174      浩鼎                    0.00          0.00    81.39%     26.80    27.00    26.25    26.30       52.00    54.00    50.00    53.70    +27.40  +104.18%
       6             163  4556      旭然                   33.00          0.00    80.00%     74.20    76.10    74.20    74.30      142.50   145.00   133.00   145.00    +70.70   +95.15%
       7             133  5013      強新                    0.00          0.00    77.86%     27.70    28.25    27.70    28.25       52.70    53.90    50.70    53.00    +24.75   +87.61%
       8             168  6708      天擎                    0.00          0.00    76.05%     38.15    38.25    38.15    38.15       69.50    69.90    67.20    69.20    +31.05   +81.39%
       9             314  4924      欣厚-KY                 0.00          0.00    75.93%      9.58     9.74     9.58     9.74       15.70    17.25    15.20    17.15     +7.41   +76.08%
      10              72  6538      倉和                  329.50        217.50    75.70%    194.50   204.50   193.00   193.00      346.00   351.50   322.50   332.50   +139.50   +72.28%
      11              83  6620      漢達                   57.50         35.50    73.86%     75.00    76.00    74.70    75.80      126.50   133.00   126.00   127.50    +51.70   +68.21%
      12             209  3219      倚強科                  43.30         10.50    73.30%     71.70    78.50    71.60    76.80      130.00   143.00   130.00   130.00    +53.20   +69.27%
      13             505  4908      前鼎                  177.00         92.50    73.22%    154.00   156.00   147.00   147.50      251.00   256.00   242.00   243.50    +96.00   +65.08%
      14              93  3374      精材                  317.50        148.00    71.94%    302.00   312.50   299.00   302.50      491.00   512.00   481.50   497.00   +194.50   +64.30%
      15             201  3105      穩懋                  327.50        102.00    71.73%    370.50   372.50   355.00   355.00      578.00   592.00   566.00   581.00   +226.00   +63.66%
      16              15  5205      中茂                    0.00          0.00    70.85%     20.55    20.55    20.55    20.55       33.30    33.30    33.20    33.30    +12.75   +62.04%
      17             197  3354      律勝                    0.00          0.00    70.36%     20.25    20.80    20.25    20.45       30.50    32.40    30.40    32.00    +11.55   +56.48%
      18             174  7772      耀穎                   86.50         59.00    69.86%     85.30    88.40    84.70    87.90      143.00   145.50   134.00   135.00    +47.10   +53.58%
      19             226  3664      安瑞-KY                 0.00          0.00    69.58%      5.42     5.42     5.36     5.36        8.19     8.20     8.19     8.20     +2.84   +52.99%
      20             118  3467      台灣精材                  0.00          0.00    68.38%     45.85    46.15    45.80    46.15       71.20    72.70    70.40    70.50    +24.35   +52.76%
      21              58  1569      濱川                    0.00          0.00    68.22%     44.85    45.80    44.25    45.50       70.90    72.20    68.70    70.00    +24.50   +53.85%
      22             248  3324      雙鴻                 1120.00        645.00    67.99%    973.00  1050.00   970.00  1015.00     1420.00  1570.00  1395.00  1520.00   +505.00   +49.75%
      23             145  7717      萊德光電-KY             385.00        199.50    67.94%    388.00   403.00   385.00   386.00      581.00   590.00   570.00   577.00   +191.00   +49.48%
      24             149  3597      映興                    0.00          0.00    67.82%     26.50    26.75    26.05    26.55       40.40    40.40    40.40    40.40    +13.85   +52.17%
      25             228  5228      鈺鎧                    0.00          0.00    67.55%     41.25    42.00    40.65    40.85       61.00    61.30    57.30    61.30    +20.45   +50.06%
      26             207  8111      立碁                    0.00          0.00    67.29%     65.00    66.50    63.10    63.10       93.00    97.20    92.60    93.70    +30.60   +48.49%
      27              23  6199      天品                    0.00          0.00    67.09%     94.00    94.20    92.50    93.50      140.00   142.50   138.50   142.00    +48.50   +51.87%
      28             189  3564      其陽                    0.00          0.00    66.82%     45.30    45.60    44.80    45.20       61.20    66.90    59.70    66.90    +21.70   +48.01%
      29             107  6218      豪勉                    0.00          0.00    66.60%     38.40    39.65    37.85    38.60       60.80    62.90    55.70    56.00    +17.40   +45.08%
      30             144  6207      雷科                   47.00          0.00    66.54%    104.00   105.50   100.00   100.00      145.50   148.50   142.00   146.00    +46.00   +46.00%
      31             173  6174      安碁                    0.00          0.00    66.35%     45.35    45.75    43.65    44.05       58.20    64.00    58.00    64.00    +19.95   +45.29%
      32             740  6872      浩宇生醫                  0.00          0.00    66.22%     15.30    16.10    15.30    15.35       23.40    23.40    21.65    21.80     +6.45   +42.02%
      33             548  6147      頎邦                   89.50          9.50    66.09%    157.50   162.00   157.00   157.00      230.00   236.50   222.00   226.00    +69.00   +43.95%
      34             102  3265      台星科                  72.50         19.00    65.43%    168.00   171.00   166.00   166.00      238.50   238.50   238.50   238.50    +72.50   +43.67%
      35             123  4760      勤凱                  119.00         28.00    65.34%    261.50   267.50   256.00   256.00      337.50   367.00   334.00   367.00   +111.00   +43.36%
      36             474  6925      意藍                    0.00          0.00    65.02%     50.80    50.80    50.10    50.40       70.00    75.50    69.90    71.30    +20.90   +41.47%
      37             153  5230      雷笛克光學                 0.00          0.00    64.99%     17.65    17.65    17.50    17.50       23.80    25.00    23.75    25.00     +7.50   +42.86%
      38             245  6179      亞通                    0.00          0.00    64.86%     27.00    27.60    26.95    26.95       37.35    39.40    37.30    37.80    +10.85   +40.26%
      39             273  8042      金山電                  33.50         10.50    64.81%     98.90   102.50    98.90    99.00      125.00   138.50   121.50   138.50    +39.50   +39.90%
      40             246  6173      信昌電                 173.50         55.00    64.76%    209.50   215.00   203.00   203.00          --       --       --       --        --        --
==========================================================================================================================================================================
✅ 共 40 筆


══════════════════════════════════════════════════════════════════════════════════════════════════════════════
  🔄 第  2/30 次  2026/08/21 ～ 2026/10/07
══════════════════════════════════════════════════════════════════════════════════════════════════════════════

==========================================================================================================================================================================
📊 ROI 每日報酬率累計排名 (2026/08/21 ~ 2026/10/07)
==========================================================================================================================================================================
    實資排名          累計天數排名  代號        名稱                 累計漲停(元)       累計跌停(元)       強度%  (08/21)開盤      最高      最低      收盤    (10/07)開盤      最高      最低      收盤      賺賠    賺賠率
--------------------------------------------------------------------------------------------------------------------------------------------------------------------------
       1              32  2221      大甲                   82.00         18.50   100.00%     54.50    57.90    54.30    57.60      187.50   195.00   185.00   189.50   +131.90  +228.99%
       2              51  8227      巨有科技                200.00         14.00    85.29%    147.50   160.50   146.00   156.00      373.00   374.00   365.00   372.00   +216.00  +138.46%
       3              61  3441      聯一光                 141.50         21.50    84.64%    102.00   107.00    95.50   107.00      260.00   280.50   247.50   249.00   +142.00  +132.71%
       4             145  4556      旭然                   33.00          0.00    76.78%     74.00    74.80    73.10    74.20      137.50   149.00   133.00   145.00    +70.80   +95.42%
       5             163  4174      浩鼎                    0.00          0.00    75.81%     27.35    27.40    26.60    26.90       50.80    54.30    50.80    52.10    +25.20   +93.68%
       6             124  5013      強新                    0.00          0.00    75.23%     27.30    27.70    26.65    27.70       52.70    52.70    50.50    52.70    +25.00   +90.25%
       7             185  3624      光頡                   61.00         10.50    73.31%     85.70    91.70    85.70    87.80      153.00   159.50   153.00   159.50    +71.70   +81.66%
       8             164  3219      倚強科                  43.30         10.50    73.25%     69.40    71.90    69.00    71.60      145.50   150.00   130.00   130.00    +58.40   +81.56%
       9              94  6538      倉和                  329.50        217.50    71.68%    207.00   208.00   191.00   196.50      272.00   332.00   272.00   332.00   +135.50   +68.96%
      10             238  6708      天擎                    0.00          0.00    71.63%     39.40    39.40    38.60    38.85       71.80    71.80    67.10    68.50    +29.65   +76.32%
      11             494  4908      前鼎                  177.00         82.00    70.30%    156.00   157.00   152.00   153.00      239.00   254.00   238.00   254.00   +101.00   +66.01%
      12              89  6620      漢達                   57.50         35.50    70.30%     75.50    76.60    75.00    75.00      130.50   132.50   124.00   125.00    +50.00   +66.67%
      13             118  7772      耀穎                   86.50         49.50    69.98%     86.80    87.90    86.00    87.10      147.00   152.00   143.50   144.50    +57.40   +65.90%
      14             328  4924      欣厚-KY                 0.00          0.00    69.44%      9.60     9.62     9.59     9.59       14.50    15.70    14.50    15.70     +6.11   +63.71%
      15             114  3374      精材                  317.50        148.00    68.25%    304.00   316.00   298.50   306.50      483.00   499.50   475.50   497.00   +190.50   +62.15%
      16              68  6218      豪勉                    0.00          0.00    67.81%     38.00    39.00    37.55    37.85       56.30    60.90    56.10    60.80    +22.95   +60.63%
      17             176  3324      雙鴻                 1166.00        645.00    67.12%    987.00   991.00   965.00   969.00     1540.00  1550.00  1485.00  1525.00   +556.00   +57.38%
      18              48  1569      濱川                    0.00          0.00    67.10%     43.10    45.05    43.10    44.85       70.00    72.70    68.00    72.20    +27.35   +60.98%
      19             223  3105      穩懋                  327.50        120.00    67.05%    377.00   385.50   365.50   373.00      589.00   613.00   582.00   588.00   +215.00   +57.64%
      20             139  7717      萊德光電-KY             385.00        184.50    65.59%    423.00   429.50   396.00   396.00      605.00   626.00   600.00   602.00   +206.00   +52.02%
      21             112  3467      台灣精材                  0.00          0.00    65.56%     45.50    46.45    45.50    46.35       71.50    74.00    70.80    71.20    +24.85   +53.61%
      22             210  3354      律勝                    0.00          0.00    65.47%     20.90    20.95    20.25    20.30       31.85    32.15    30.35    30.50    +10.20   +50.25%
      23             376  6147      頎邦                   89.50          9.50    64.23%    162.00   162.50   155.00   156.50      216.50   238.00   215.50   231.50    +75.00   +47.92%
      24              16  5205      中茂                    0.00          0.00    63.50%     20.70    20.70    20.30    20.55       30.30    30.30    30.30    30.30     +9.75   +47.45%
      25             320  3664      安瑞-KY                 0.00          0.00    63.26%      5.56     5.79     5.56     5.79        8.19     8.20     8.19     8.19     +2.40   +41.45%
      26             249  8111      立碁                    0.00          0.00    63.14%     59.90    66.00    59.40    65.00       93.10    97.50    92.00    94.00    +29.00   +44.62%
      27              25  6199      天品                    0.00          0.00    63.11%     93.00    94.90    92.50    93.90      135.50   139.50   134.50   139.50    +45.60   +48.56%
      28              70  3707      漢磊                    0.00          0.00    63.03%     62.40    62.60    61.00    61.30       85.20    91.50    84.10    89.90    +28.60   +46.66%
      29             477  6103      合邦                    0.00          0.00    62.98%     27.55    29.30    27.55    29.30       37.70    39.90    37.70    39.90    +10.60   +36.18%
      30             784  6872      浩宇生醫                  0.00          0.00    62.74%     15.80    15.80    15.20    15.70       22.90    22.90    22.05    22.05     +6.35   +40.45%
      31             148  6207      雷科                   47.00          0.00    62.51%    103.00   111.00   103.00   103.50      142.00   150.50   142.00   147.50    +44.00   +42.51%
      32             607  6485      點序                    0.00          0.00    62.33%     60.00    60.10    59.10    60.10       77.90    85.60    77.90    85.60    +25.50   +42.43%
      33             572  3529      力旺                 2155.00       1290.00    62.09%   2220.00  2245.00  2150.00  2155.00     3130.00  3150.00  3000.00  3015.00   +860.00   +39.91%
      34             485  8064      東捷                   54.50         11.50    61.64%     98.70   101.50    96.90    97.70      135.50   139.00   133.00   136.00    +38.30   +39.20%
      35             546  6925      意藍                    0.00          0.00    61.63%     50.70    50.80    50.60    50.80       70.80    72.10    69.60    71.20    +20.40   +40.16%
      36             295  6179      亞通                    0.00          0.00    61.43%     26.80    27.60    26.50    27.20       37.25    37.85    36.65    37.75    +10.55   +38.79%
      37             316  3675      德微                  160.00         46.00    60.98%    269.00   270.00   258.50   260.00      339.00   363.00   338.00   359.50    +99.50   +38.27%
      38             525  8431      匯鑽科                   0.00          0.00    60.87%     45.00    47.50    45.00    46.60       60.90    65.50    60.90    64.00    +17.40   +37.34%
      39             104  5465      富驊                    0.00          0.00    60.77%     24.45    24.45    24.00    24.10       33.15    34.00    33.15    33.55     +9.45   +39.21%
      40             132  6945      圓祥生技                 32.70          0.00    60.73%    103.50   104.50   100.50   101.50      144.00   147.50   135.00   140.00    +38.50   +37.93%
==========================================================================================================================================================================
✅ 共 40 筆


══════════════════════════════════════════════════════════════════════════════════════════════════════════════
  🔄 第  3/30 次  2026/08/20 ～ 2026/10/06
══════════════════════════════════════════════════════════════════════════════════════════════════════════════

==========================================================================================================================================================================
📊 ROI 每日報酬率累計排名 (2026/08/20 ~ 2026/10/06)
==========================================================================================================================================================================
    實資排名          累計天數排名  代號        名稱                 累計漲停(元)       累計跌停(元)       強度%  (08/20)開盤      最高      最低      收盤    (10/06)開盤      最高      最低      收盤      賺賠    賺賠率
--------------------------------------------------------------------------------------------------------------------------------------------------------------------------
       1              26  2221      大甲                   82.00         18.50   100.00%     53.20    55.00    53.20    54.30      186.50   188.00   180.00   186.00   +131.70  +242.54%
       2              47  3441      聯一光                 151.20         21.50    87.85%     93.30    97.30    91.70    97.30      238.00   255.00   238.00   255.00   +157.70  +162.08%
       3              50  8227      巨有科技                200.00         14.00    85.56%    152.00   153.00   146.50   147.00      366.00   377.00   350.00   370.00   +223.00  +151.70%
       4             113  3219      倚強科                  43.30          0.00    75.14%     69.80    70.20    68.40    69.90      131.50   140.50   130.00   140.50    +70.60  +101.00%
       5             190  4174      浩鼎                    0.00          0.00    72.28%     26.45    27.30    26.30    26.90       46.15    50.80    45.85    50.80    +23.90   +88.85%
       6             150  6708      天擎                    0.00          0.00    72.01%     38.60    38.70    38.50    38.65       75.40    75.40    69.50    72.90    +34.25   +88.62%
       7             195  4556      旭然                   33.00          0.00    71.66%     76.80    78.10    74.10    74.80      124.50   138.00   123.50   137.50    +62.70   +83.82%
       8             125  5013      強新                    0.00          0.00    70.46%     26.35    27.10    26.35    26.50       56.40    56.40    46.35    47.95    +21.45   +80.94%
       9              80  6620      漢達                   57.50         35.50    69.94%     74.80    76.70    74.80    75.80      145.00   145.00   131.50   133.00    +57.20   +75.46%
      10             100  7772      耀穎                   86.50         49.50    69.24%     88.00    88.60    86.90    87.30      167.50   167.50   151.00   151.00    +63.70   +72.97%
      11             204  3624      光頡                   46.50         10.50    67.23%     90.40    92.40    85.40    86.30      147.50   153.00   144.00   145.00    +58.70   +68.02%
      12             104  6538      倉和                  299.50        217.50    65.39%    188.00   195.00   175.00   194.00      322.00   322.00   302.00   302.00   +108.00   +55.67%
      13             117  3374      精材                  308.00        148.00    65.26%    321.00   328.50   294.50   303.50      517.00   530.00   481.00   487.50   +184.00   +60.63%
      14             169  3354      律勝                    0.00          0.00    64.69%     20.80    20.80    20.15    20.45       32.20    34.00    30.60    32.10    +11.65   +56.97%
      15              49  1569      濱川                    0.00          0.00    64.43%     43.95    46.00    43.25    43.55       70.00    72.30    68.60    70.00    +26.45   +60.73%
      16             244  3105      穩懋                  327.50        120.00    64.05%    370.00   379.00   359.50   379.00      615.00   623.00   588.00   592.00   +213.00   +56.20%
      17             208  3324      雙鴻                 1166.00        669.00    63.60%   1000.00  1005.00   970.00   993.00     1540.00  1560.00  1515.00  1530.00   +537.00   +54.08%
      18             101  3467      台灣精材                  0.00          0.00    63.38%     45.95    45.95    45.35    45.75       71.30    72.10    70.80    71.00    +25.25   +55.19%
      19             247  8111      立碁                    0.00          0.00    63.29%     56.20    60.20    55.60    60.00       98.90    99.70    90.60    92.30    +32.30   +53.83%
      20             686  4908      前鼎                  154.00         82.00    63.12%    152.50   156.50   149.00   154.00      236.50   237.00   225.00   231.00    +77.00   +50.00%
      21             239  3664      安瑞-KY                 0.00          0.00    62.44%      5.55     5.66     5.55     5.56        8.00     8.20     8.00     8.20     +2.64   +47.48%
      22              66  7792      安葆                  157.00         36.00    61.91%    301.50   308.00   289.00   297.50      450.00   461.50   438.50   451.50   +154.00   +51.76%
      23             555  4924      欣厚-KY                 0.00          0.00    61.84%      9.72     9.76     9.72     9.76       15.30    15.30    14.30    14.30     +4.54   +46.52%
      24              88  6218      豪勉                    0.00          0.00    61.72%     39.30    39.30    37.40    38.00       58.80    62.70    56.30    56.50    +18.50   +48.68%
      25             183  7717      萊德光電-KY             385.00        184.50    61.63%    401.00   405.00   398.00   402.00      606.00   651.00   593.00   593.00   +191.00   +47.51%
      26             570  6872      浩宇生醫                  0.00          0.00    61.48%     15.30    15.95    15.20    15.30       23.00    23.00    22.10    22.20     +6.90   +45.10%
      27             477  6103      合邦                    0.00          0.00    60.30%     25.65    28.20    25.65    26.65       36.00    36.30    36.00    36.30     +9.65   +36.21%
      28             905  4188      安克                    0.00          0.00    59.78%     10.05    10.05     9.93    10.00       14.30    14.30    13.80    13.90     +3.90   +39.00%
      29             262  6179      亞通                    0.00          0.00    59.70%     27.15    27.45    26.40    26.45       36.10    38.00    35.60    37.55    +11.10   +41.97%
      30             575  3529      力旺                 2155.00       1245.00    59.69%   2320.00  2320.00  2200.00  2210.00     3160.00  3175.00  3050.00  3115.00   +905.00   +40.95%
      31             461  6925      意藍                    0.00          0.00    59.17%     51.10    51.20    50.60    50.70       69.20    75.50    68.20    71.50    +20.80   +41.03%
      32              31  6199      天品                    0.00          0.00    59.03%     96.00    96.80    94.10    94.10      133.50   135.50   133.50   135.50    +41.40   +44.00%
      33             154  6207      雷科                   47.00          0.00    58.79%    104.00   105.50   100.00   103.00      153.00   153.00   143.50   143.50    +40.50   +39.32%
      34             115  6945      圓祥生技                 32.70          0.00    58.60%    104.00   105.00   101.00   101.50      128.50   142.00   128.50   142.00    +40.50   +39.90%
      35             613  8064      東捷                   54.50         11.50    58.31%     99.30   101.00    97.10    98.70      137.50   141.00   135.50   135.50    +36.80   +37.28%
      36              77  3623      富晶通                   0.00          0.00    57.81%     21.35    21.55    21.30    21.55       30.00    30.30    29.95    30.00     +8.45   +39.21%
      37             789  3162      精確                    0.00          0.00    57.74%     63.00    63.00    62.00    62.20       86.70    88.70    84.00    84.30    +22.10   +35.53%
      38             102  3693      營邦                  279.00        128.00    57.70%    514.00   523.00   500.00   516.00      697.00   729.00   681.00   716.00   +200.00   +38.76%
      39             451  6148      驊宏資                   0.00          0.00    57.67%     27.70    28.15    27.50    27.50       36.75    39.90    36.75    37.70    +10.20   +37.09%
      40             310  4542      科嶠                  155.50         92.00    57.33%    258.00   261.00   248.00   251.00      348.50   352.00   335.00   338.00    +87.00   +34.66%
==========================================================================================================================================================================
✅ 共 40 筆


══════════════════════════════════════════════════════════════════════════════════════════════════════════════
  🔄 第  4/30 次  2026/08/19 ～ 2026/10/05
══════════════════════════════════════════════════════════════════════════════════════════════════════════════

==========================================================================================================================================================================
📊 ROI 每日報酬率累計排名 (2026/08/19 ~ 2026/10/05)
==========================================================================================================================================================================
    實資排名          累計天數排名  代號        名稱                 累計漲停(元)       累計跌停(元)       強度%  (08/19)開盤      最高      最低      收盤    (10/05)開盤      最高      最低      收盤      賺賠    賺賠率
--------------------------------------------------------------------------------------------------------------------------------------------------------------------------
       1              23  2221      大甲                   82.00         18.50   100.00%     53.70    53.70    51.80    52.60      189.00   191.00   181.00   186.00   +133.40  +253.61%
       2              44  3441      聯一光                 128.20         21.50    86.17%     83.60    90.30    82.20    88.50      215.00   232.00   215.00   232.00   +143.50  +162.15%
       3              59  8227      巨有科技                200.00         14.00    83.03%    148.00   151.00   145.00   148.00      372.00   372.00   361.50   366.00   +218.00  +147.30%
       4              66  6620      漢達                   57.50         22.50    72.47%     76.50    76.50    74.70    74.80      146.00   150.00   143.00   146.00    +71.20   +95.19%
       5              99  5013      強新                    0.00          0.00    71.84%     27.40    27.40    25.50    26.30       51.50    51.50    51.50    51.50    +25.20   +95.82%
       6              91  7772      耀穎                   86.50         33.00    70.72%     88.00    92.00    88.00    89.00      190.00   192.50   167.50   167.50    +78.50   +88.20%
       7             127  3219      倚強科                  30.80          0.00    69.28%     68.80    72.00    68.60    69.20      129.00   131.00   125.50   128.00    +58.80   +84.97%
       8              75  6538      倉和                  299.50        184.00    68.30%    186.00   197.50   185.00   191.50      367.50   367.50   335.50   335.50   +144.00   +75.20%
       9             201  4174      浩鼎                    0.00          0.00    68.10%     25.80    25.80    25.60    25.60       45.00    46.20    43.10    46.20    +20.60   +80.47%
      10             260  6708      天擎                    0.00          0.00    65.96%     38.15    39.75    38.15    39.75       68.60    68.60    68.50    68.60    +28.85   +72.58%
      11             150  8111      立碁                    0.00          0.00    65.94%     54.50    56.20    54.20    55.20       90.40    94.30    86.50    94.30    +39.10   +70.83%
      12             147  3105      穩懋                  343.00         97.00    65.46%    353.50   374.00   351.00   363.50      614.00   630.00   604.00   615.00   +251.50   +69.19%
      13              88  3374      精材                  308.00        137.00    64.77%    296.00   306.50   294.00   299.00      478.50   505.00   471.50   498.50   +199.50   +66.72%
      14             341  4556      旭然                   21.00          0.00    64.37%     76.10    81.70    76.00    76.50      117.00   125.50   114.50   125.50    +49.00   +64.05%
      15             255  3624      光頡                   46.50         10.50    63.58%     82.50    93.00    82.50    89.70      151.00   154.50   145.50   145.50    +55.80   +62.21%
      16             327  4924      欣厚-KY                 0.00          0.00    62.70%      9.84     9.84     9.52     9.55       15.95    16.15    14.55    15.00     +5.45   +57.07%
      17             188  3354      律勝                    0.00          0.00    62.50%     20.40    20.40    20.15    20.15       30.30    33.10    29.45    31.60    +11.45   +56.82%
      18              86  6218      豪勉                    0.00          0.00    62.43%     37.10    39.50    37.10    38.55       62.70    63.40    61.00    61.40    +22.85   +59.27%
      19             171  3324      雙鴻                 1166.00        649.00    62.18%    962.00  1005.00   955.00   989.00     1515.00  1575.00  1490.00  1550.00   +561.00   +56.72%
      20             547  4908      前鼎                  154.00         82.00    62.04%    143.50   155.00   143.50   152.50      234.00   242.00   228.00   234.50    +82.00   +53.77%
      21             112  3467      台灣精材                  0.00          0.00    61.06%     44.70    46.05    44.00    45.95       73.60    74.80    70.50    71.10    +25.15   +54.73%
      22              60  1569      濱川                    0.00          0.00    61.03%     43.65    44.30    43.50    43.80       68.70    71.00    67.50    68.50    +24.70   +56.39%
      23             403  6872      浩宇生醫                  0.00          0.00    60.60%     15.25    15.40    15.05    15.05       23.95    23.95    22.00    22.50     +7.45   +49.50%
      24             198  7717      萊德光電-KY             385.00        184.50    59.78%    417.00   420.50   398.00   398.00      570.00   611.00   566.00   592.00   +194.00   +48.74%
      25              71  7792      安葆                  144.00         36.00    59.77%    288.50   288.50   288.50   288.50      425.00   440.00   425.00   438.50   +150.00   +51.99%
      26             126  6207      雷科                   47.00          0.00    59.46%     99.30   108.00    99.30   102.00      150.50   152.50   145.50   152.00    +50.00   +49.02%
      27             303  5314      世紀*                   0.00          0.00    58.07%     21.50    21.50    21.50    21.50       30.10    30.20    28.55    28.70     +7.20   +33.49%
      28             323  8431      匯鑽科                   0.00          0.00    57.56%     45.25    46.35    44.50    44.50       64.20    65.50    63.20    63.60    +19.10   +42.92%
      29             438  6103      合邦                    0.00          0.00    57.55%        --       --       --       --       36.90    36.90    34.00    35.90        --        --
      30             617  3529      力旺                 2155.00       1255.00    57.00%   2300.00  2380.00  2230.00  2260.00     3220.00  3250.00  3145.00  3155.00   +895.00   +39.60%
      31             284  4542      科嶠                  155.50         72.00    57.00%    243.00   255.00   240.50   254.00      348.00   365.00   340.00   358.00   +104.00   +40.94%
      32             968  4188      安克                    0.00          0.00    56.92%     10.15    10.15     9.89    10.10       14.20    14.20    13.75    13.85     +3.75   +37.13%
      33             721  3162      精確                    0.00          0.00    56.78%     61.90    64.40    60.10    62.20       89.20    90.00    86.20    86.90    +24.70   +39.71%
      34             160  8358      金居                  352.50        205.50    56.57%    398.00   413.50   392.00   410.50      534.00   570.00   526.00   570.00   +159.50   +38.86%
      35             145  8240      華宏                    0.00          0.00    56.21%     42.10    42.10    40.70    41.50       60.60    60.60    58.00    58.00    +16.50   +39.76%
      36             645  8064      東捷                   54.50         11.50    56.12%     98.50   102.50    96.60    99.20      141.50   143.00   136.50   136.50    +37.30   +37.60%
      37              89  4760      勤凱                   86.00         14.50    55.89%    246.50   257.00   240.50   250.00      348.50   348.50   348.50   348.50    +98.50   +39.40%
      38             527  6925      意藍                    0.00          0.00    55.86%     49.50    51.20    49.50    50.20       68.70    74.30    67.50    69.20    +19.00   +37.85%
      39             464  6173      信昌電                 173.50         55.00    55.85%    190.00   213.50   189.50   213.50      314.50   314.50   292.00   292.00    +78.50   +36.77%
      40             380  3664      安瑞-KY                 0.00          0.00    55.84%      6.07     6.07     6.00     6.00        7.68     8.00     7.68     8.00     +2.00   +33.33%
==========================================================================================================================================================================
✅ 共 40 筆


══════════════════════════════════════════════════════════════════════════════════════════════════════════════
  🔄 第  5/30 次  2026/08/18 ～ 2026/10/02
══════════════════════════════════════════════════════════════════════════════════════════════════════════════

==========================================================================================================================================================================
📊 ROI 每日報酬率累計排名 (2026/08/18 ~ 2026/10/02)
==========================================================================================================================================================================
    實資排名          累計天數排名  代號        名稱                 累計漲停(元)       累計跌停(元)       強度%  (08/18)開盤      最高      最低      收盤    (10/02)開盤      最高      最低      收盤      賺賠    賺賠率
--------------------------------------------------------------------------------------------------------------------------------------------------------------------------
       1              24  2221      大甲                   82.00         18.50   100.00%     54.00    54.70    53.20    54.40      182.00   188.00   177.50   188.00   +133.60  +245.59%
       2              60  8227      巨有科技                200.00         14.00    83.19%    154.50   154.50   149.00   149.50      363.50   370.00   351.00   370.00   +220.50  +147.49%
       3              46  3441      聯一光                 107.20         21.50    83.03%     87.40    90.50    84.60    86.20      210.00   222.50   207.00   211.00   +124.80  +144.78%
       4              87  7772      耀穎                   86.50         14.50    74.44%     93.50    94.20    89.60    89.80      183.00   188.50   183.00   186.00    +96.20  +107.13%
       5              67  6538      倉和                  299.50        147.00    72.17%    186.50   198.50   181.00   192.00      369.50   382.00   352.00   372.50   +180.50   +94.01%
       6              86  6620      漢達                   57.50         22.50    70.08%     77.70    77.70    76.60    76.60      145.00   149.50   142.50   143.50    +66.90   +87.34%
       7             138  3219      倚強科                  30.80          0.00    67.75%     71.80    72.50    70.80    70.80      132.50   132.50   126.50   128.50    +57.70   +81.50%
       8             158  3624      光頡                   46.50         10.50    66.31%     86.50    89.40    84.80    84.80      151.00   157.50   147.00   148.50    +63.70   +75.12%
       9             132  5013      強新                    0.00          0.00    64.76%     27.40    27.45    27.40    27.40       46.85    46.85    46.85    46.85    +19.45   +70.99%
      10              65  6218      豪勉                    0.00          0.00    64.61%     38.15    38.25    36.90    37.75       63.20    64.90    62.80    64.40    +26.65   +70.60%
      11             169  5314      世紀*                   0.00          0.00    63.41%     19.55    19.55    19.55    19.55       30.40    30.60    29.65    29.90    +10.35   +52.94%
      12             287  4174      浩鼎                    0.00          0.00    62.40%     26.05    26.05    25.65    25.75       45.60    45.60    40.10    42.00    +16.25   +63.11%
      13             329  4924      欣厚-KY                 0.00          0.00    62.38%      9.51     9.97     9.50     9.97       15.75    16.60    15.75    15.90     +5.93   +59.48%
      14              85  3467      台灣精材                  0.00          0.00    61.84%     46.60    46.60    44.75    45.45       72.50    74.30    70.80    73.20    +27.75   +61.06%
      15              68  7792      安葆                  156.50         36.00    61.78%    248.00   269.50   248.00   262.50      429.00   429.00   414.00   425.00   +162.50   +61.90%
      16             270  6708      天擎                    0.00          0.00    61.73%     39.90    39.90    38.70    38.70       62.00    62.40    59.90    62.40    +23.70   +61.24%
      17             216  3105      穩懋                  319.00        108.00    61.31%    400.00   406.00   373.50   374.50      574.00   591.00   572.00   591.00   +216.50   +57.81%
      18             285  6872      浩宇生醫                  0.00          0.00    60.86%     15.05    15.10    14.70    15.00       23.75    23.75    23.00    23.10     +8.10   +54.00%
      19             267  6173      信昌電                 192.50         44.00    60.79%    207.50   215.50   191.00   194.50      300.00   322.50   299.00   303.00   +108.50   +55.78%
      20             176  3324      雙鴻                 1132.00        649.00    60.27%   1015.00  1020.00   978.00   978.00     1540.00  1560.00  1490.00  1505.00   +527.00   +53.89%
      21             199  8111      立碁                    0.00          0.00    60.19%     57.00    58.40    55.00    55.50       80.10    85.80    80.10    85.80    +30.30   +54.59%
      22             572  4908      前鼎                  144.00         82.00    59.69%    160.00   165.00   150.00   150.00      210.00   224.50   210.00   224.50    +74.50   +49.67%
      23             109  3374      精材                  277.00        137.00    59.60%    291.00   321.50   288.00   306.50      457.00   467.50   454.00   467.50   +161.00   +52.53%
      24             298  3354      律勝                    0.00          0.00    58.21%     20.70    21.00    20.40    20.55       29.25    30.55    29.20    30.10     +9.55   +46.47%
      25             547  4556      旭然                   10.00          0.00    58.20%     85.90    85.90    77.00    77.70      111.50   122.50   109.50   114.50    +36.80   +47.36%
      26              74  1569      濱川                    0.00          0.00    57.67%     43.25    44.85    42.85    44.60       64.00    68.60    63.10    66.50    +21.90   +49.10%
      27             248  6103      合邦                    0.00          0.00    57.61%        --       --       --       --       38.00    38.00    36.95    36.95        --        --
      28             530  3162      精確                    0.00          0.00    57.10%     62.30    62.30    60.70    61.90       87.50    91.00    85.50    89.60    +27.70   +44.75%
      29             142  6207      雷科                   47.00          0.00    57.00%    107.00   108.00   101.00   102.00      145.00   152.50   141.50   148.00    +46.00   +45.10%
      30             482  8064      東捷                   54.50         11.50    56.52%    103.00   103.00    98.80    99.00      144.50   145.50   141.50   141.50    +42.50   +42.93%
      31             209  3664      安瑞-KY                 0.00          0.00    56.22%        --       --       --       --        8.85     8.85     8.31     8.31        --        --
      32             120  8240      華宏                    0.00          0.00    56.14%     43.00    43.00    41.80    42.15       59.00    60.90    58.20    60.60    +18.45   +43.77%
      33             966  4188      安克                    0.00          0.00    55.97%     10.35    10.35    10.05    10.20       14.30    14.45    14.10    14.10     +3.90   +38.24%
      34              61  2061      風青                    0.00          0.00    55.60%     51.00    51.30    48.00    48.00       60.80    67.80    60.00    67.80    +19.80   +41.25%
      35             317  6204      艾華                   19.50          0.00    55.29%     80.10    80.10    78.40    78.60      105.50   114.00   105.00   110.00    +31.40   +39.95%
      36             198  6532      瑞耘                   20.00          0.00    55.19%     88.50    89.20    83.80    84.80      123.00   123.50   117.50   120.00    +35.20   +41.51%
      37              77  3623      富晶通                   0.00          0.00    54.75%     21.35    21.65    21.15    21.65       30.60    30.85    29.15    30.55     +8.90   +41.11%
      38             510  6485      點序                    0.00          0.00    54.74%     63.90    63.90    58.50    60.00       85.10    86.20    80.00    83.60    +23.60   +39.33%
      39             393  8431      匯鑽科                   0.00          0.00    54.57%     48.20    48.20    46.55    46.55       64.70    65.30    63.40    64.10    +17.55   +37.70%
      40             424  6617      共信-KY                45.50          0.00    54.39%     98.50    99.00    94.80    96.10      132.50   134.50   128.00   131.50    +35.40   +36.84%
==========================================================================================================================================================================
✅ 共 40 筆


══════════════════════════════════════════════════════════════════════════════════════════════════════════════
  🔄 第  6/30 次  2026/08/17 ～ 2026/10/01
══════════════════════════════════════════════════════════════════════════════════════════════════════════════

==========================================================================================================================================================================
📊 ROI 每日報酬率累計排名 (2026/08/17 ~ 2026/10/01)
==========================================================================================================================================================================
    實資排名          累計天數排名  代號        名稱                 累計漲停(元)       累計跌停(元)       強度%  (08/17)開盤      最高      最低      收盤    (10/01)開盤      最高      最低      收盤      賺賠    賺賠率
--------------------------------------------------------------------------------------------------------------------------------------------------------------------------
       1              25  2221      大甲                   82.00         18.50   100.00%     52.70    54.90    51.70    54.00      190.50   193.00   178.00   179.00   +125.00  +231.48%
       2              76  8227      巨有科技                200.00         14.00    81.85%    158.00   159.50   153.50   154.50      379.50   384.50   342.00   363.50   +209.00  +135.28%
       3              58  3441      聯一光                 107.20         21.50    81.41%     83.00    91.00    82.60    87.40      189.00   202.50   189.00   202.50   +115.10  +131.69%
       4              64  6538      倉和                  299.50        147.00    72.70%    187.00   193.00   181.00   190.50      356.00   370.00   351.00   369.50   +179.00   +93.96%
       5             100  7772      耀穎                   86.50         14.50    72.59%     90.60    93.50    89.80    93.50      181.00   184.00   176.00   184.00    +90.50   +96.79%
       6              77  6620      漢達                   57.50         22.50    70.46%     77.20    78.60    77.00    77.20      145.50   154.50   140.50   144.50    +67.30   +87.18%
       7             105  5314      世紀*                   0.00          0.00    69.50%     17.80    17.80    17.80    17.80       29.30    31.65    29.20    30.60    +12.80   +71.91%
       8             122  3219      倚強科                  30.80          0.00    68.21%     72.10    73.50    71.20    72.20      132.50   134.00   128.50   131.50    +59.30   +82.13%
       9             149  3624      光頡                   46.50         10.50    65.80%     87.90    89.90    85.00    87.50      138.00   151.00   138.00   151.00    +63.50   +72.57%
      10             240  4924      欣厚-KY                 0.00          0.00    63.59%      9.77     9.77     9.54     9.73       16.90    17.05    15.90    15.90     +6.17   +63.41%
      11              65  7792      安葆                  167.00         36.00    63.33%    246.50   256.00   244.50   252.00      416.00   430.50   410.00   421.00   +169.00   +67.06%
      12             208  4174      浩鼎                    0.00          0.00    63.27%     26.30    26.40    25.80    25.95       43.10    43.10    43.10    43.10    +17.15   +66.09%
      13              74  6218      豪勉                    0.00          0.00    63.18%     36.20    38.50    35.55    37.95       62.00    63.20    61.60    62.80    +24.85   +65.48%
      14              89  3467      台灣精材                  0.00          0.00    60.94%     46.00    46.00    45.50    45.85       73.60    74.70    69.60    72.60    +26.75   +58.34%
      15             108  3374      精材                  279.50        137.00    60.55%    299.50   301.00   292.50   292.50      457.00   457.00   450.00   456.00   +163.50   +55.90%
      16             163  5013      強新                    0.00          0.00    59.72%     27.65    27.90    27.50    27.50       42.60    42.60    42.60    42.60    +15.10   +54.91%
      17             171  3324      雙鴻                 1132.00        656.00    59.44%   1015.00  1035.00  1000.00  1005.00     1530.00  1535.00  1480.00  1525.00   +520.00   +51.74%
      18             381  6872      浩宇生醫                  0.00          0.00    59.08%     15.15    15.60    15.00    15.45       24.05    24.05    23.00    23.00     +7.55   +48.87%
      19             127  3664      安瑞-KY                 0.00          0.00    58.89%      6.09     6.09     6.09     6.09        8.86     8.87     8.85     8.85     +2.76   +45.32%
      20             189  6103      合邦                    0.00          0.00    57.24%        --       --       --       --       38.30    39.00    36.90    36.90        --        --
      21             344  3354      律勝                    0.00          0.00    57.09%     20.70    20.95    20.35    20.70       35.35    35.35    29.80    29.80     +9.10   +43.96%
      22              78  1569      濱川                    0.00          0.00    56.82%     42.40    44.00    42.40    43.25       62.70    64.80    61.70    63.80    +20.55   +47.51%
      23             367  6173      信昌電                 192.50         60.50    56.70%    210.00   230.00   201.50   211.00      287.00   316.00   280.50   302.50    +91.50   +43.36%
      24             916  4188      安克                    0.00          0.00    56.04%     10.30    10.55    10.25    10.25       14.40    15.45    14.20    14.30     +4.05   +39.51%
      25             444  6925      意藍                    0.00          0.00    55.69%     52.50    52.80    50.00    50.50       73.80    80.00    72.10    72.10    +21.60   +42.77%
      26             625  3162      精確                    0.00          0.00    55.26%     62.60    63.50    62.00    62.30       86.00    92.00    86.00    87.50    +25.20   +40.45%
      27             450  6708      天擎                    0.00          0.00    55.13%     38.85    40.95    38.50    40.00       56.80    56.80    54.90    56.80    +16.80   +42.00%
      28             395  3498      陽程                  123.50         50.00    55.01%    159.50   168.50   155.50   158.50      225.00   228.00   214.00   219.50    +61.00   +38.49%
      29             479  8064      東捷                   54.50         11.50    54.92%    103.00   105.50   102.00   103.00      146.00   148.00   141.00   143.50    +40.50   +39.32%
      30             144  8240      華宏                    0.00          0.00    54.67%     42.00    42.95    42.00    42.80       60.80    63.00    60.10    60.20    +17.40   +40.65%
      31              87  6945      圓祥生技                 20.20          0.00    54.55%    102.50   104.00   101.00   101.50      147.50   148.00   142.50   143.00    +41.50   +40.89%
      32              72  3623      富晶通                   0.00          0.00    54.52%     21.80    21.80    21.30    21.55       30.35    31.00    30.05    30.55     +9.00   +41.76%
      33             161  6221      晉泰                    0.00          0.00    53.95%     22.25    22.55    22.15    22.35       31.05    32.75    30.50    30.95     +8.60   +38.48%
      34             686  3529      力旺                 2155.00       1295.00    53.92%   2645.00  2685.00  2390.00  2390.00     3305.00  3345.00  3215.00  3245.00   +855.00   +35.77%
      35             193  6532      瑞耘                   20.00          0.00    53.68%     85.30    89.70    84.20    88.50      121.00   127.00   115.50   122.50    +34.00   +38.42%
      36             263  3508      位速                    0.00          0.00    53.61%     18.90    19.35    18.35    19.10       26.70    26.80    25.60    26.00     +6.90   +36.13%
      37             495  6485      點序                    0.00          0.00    53.56%     62.00    62.90    61.30    61.70       80.70    84.70    77.50    84.70    +23.00   +37.28%
      38             338  8111      立碁                    0.00          0.00    53.48%     55.50    57.30    55.30    57.30       79.30    80.50    78.00    78.00    +20.70   +36.13%
      39              99  5465      富驊                    0.00          0.00    53.47%     24.75    24.95    24.35    24.50       32.90    35.00    32.00    33.85     +9.35   +38.16%
      40             387  3105      穩懋                  266.00        131.50    53.36%    391.00   404.50   388.50   398.00      546.00   546.00   529.00   538.00   +140.00   +35.18%
==========================================================================================================================================================================
✅ 共 40 筆


══════════════════════════════════════════════════════════════════════════════════════════════════════════════
  🔄 第  7/30 次  2026/08/14 ～ 2026/09/30
══════════════════════════════════════════════════════════════════════════════════════════════════════════════

==========================================================================================================================================================================
📊 ROI 每日報酬率累計排名 (2026/08/14 ~ 2026/09/30)
==========================================================================================================================================================================
    實資排名          累計天數排名  代號        名稱                 累計漲停(元)       累計跌停(元)       強度%  (08/14)開盤      最高      最低      收盤    (09/30)開盤      最高      最低      收盤      賺賠    賺賠率
--------------------------------------------------------------------------------------------------------------------------------------------------------------------------
       1              20  2221      大甲                   82.00          0.00   100.00%     53.70    55.00    51.60    52.30      178.00   198.00   170.00   197.50   +145.20  +277.63%
       2              58  8227      巨有科技                200.00         14.00    77.79%    157.50   157.50   151.00   151.50      370.50   370.50   370.50   370.50   +219.00  +144.55%
       3              57  3441      聯一光                  89.20         21.50    72.76%     86.00    88.90    80.00    83.80      184.50   187.00   181.50   184.50   +100.70  +120.17%
       4              65  6538      倉和                  286.00        147.00    66.73%    181.50   195.00   177.50   184.00      360.50   374.50   355.00   356.00   +172.00   +93.48%
       5             102  7772      耀穎                   86.50         14.50    66.37%     95.80    98.90    90.10    90.10      180.00   180.00   175.00   176.00    +85.90   +95.34%
       6             104  5314      世紀*                   0.00          0.00    65.57%     16.20    16.20    16.20    16.20       28.05    29.00    28.05    28.85    +12.65   +78.09%
       7              88  6620      漢達                   57.50         22.50    63.30%     81.10    81.10    77.40    77.40      137.50   145.00   133.00   141.00    +63.60   +82.17%
       8             113  3219      倚強科                  30.80          0.00    63.19%     72.70    72.70    70.80    71.10      130.00   134.50   127.50   131.50    +60.40   +84.95%
       9              68  6218      豪勉                    0.00          0.00    60.01%     35.75    36.15    35.40    35.60       63.30    63.30    61.60    61.90    +26.30   +73.88%
      10             185  4924      欣厚-KY                 0.00          0.00    59.46%      9.76     9.90     9.76     9.77       15.40    16.50    15.35    16.50     +6.73   +68.88%
      11              56  7792      安葆                  167.00         36.00    58.35%    250.00   260.50   245.50   250.00      420.00   424.00   413.00   424.00   +174.00   +69.60%
      12             225  6872      浩宇生醫                  0.00          0.00    56.55%     15.20    15.20    15.15    15.15       25.80    25.80    23.60    24.05     +8.90   +58.75%
      13              90  3467      台灣精材                  0.00          0.00    55.20%     45.80    46.60    45.80    46.60       74.60    77.70    73.60    73.70    +27.10   +58.15%
      14             231  3354      律勝                    0.00          0.00    55.05%     20.80    21.00    20.00    20.70       29.70    32.15    29.50    32.15    +11.45   +55.31%
      15             250  3624      光頡                   33.00         10.50    54.12%     96.20    99.40    86.60    89.50      140.50   144.00   134.00   137.50    +48.00   +53.63%
      16             160  3324      雙鴻                 1132.00        656.00    53.70%   1050.00  1050.00  1005.00  1010.00     1620.00  1645.00  1530.00  1530.00   +520.00   +51.49%
      17             117  6103      合邦                    0.00          0.00    53.41%        --       --       --       --       38.60    39.30    37.70    38.30        --        --
      18             101  3664      安瑞-KY                 0.00          0.00    53.29%        --       --       --       --        8.86     8.86     8.86     8.86        --        --
      19             366  4174      浩鼎                    0.00          0.00    51.91%     26.90    26.90    26.25    26.35       39.00    39.20    38.55    39.20    +12.85   +48.77%
      20             266  3498      陽程                  123.50         40.50    51.61%    154.00   158.00   154.00   158.00      234.50   234.50   221.00   229.00    +71.00   +44.94%
      21              74  1569      濱川                    0.00          0.00    51.30%     42.10    42.85    41.60    42.35       64.60    66.00    61.30    62.60    +20.25   +47.82%
      22             880  4188      安克                    0.00          0.00    51.23%     10.10    10.10     9.97    10.05       13.90    14.25    13.70    14.25     +4.20   +41.79%
      23             253  3105      穩懋                  286.00        131.50    50.75%    389.00   389.50   375.00   378.00      509.00   542.00   509.00   542.00   +164.00   +43.39%
      24             204  8111      立碁                    0.00          0.00    50.31%     58.40    58.70    55.30    55.50       80.40    81.20    78.90    79.30    +23.80   +42.88%
      25             342  8064      東捷                   54.50         11.50    50.24%    105.50   105.50   102.00   102.50      144.00   155.00   144.00   145.50    +43.00   +41.95%
      26             297  7717      萊德光電-KY             344.00        156.50    49.96%    429.50   439.50   418.50   428.00      600.00   618.00   590.00   604.00   +176.00   +41.12%
      27             151  3374      精材                  279.50        169.50    49.79%    327.50   346.50   318.00   325.00      462.00   462.00   452.00   454.50   +129.50   +39.85%
      28             155  6207      雷科                   47.00          0.00    49.46%    111.00   111.50   105.50   107.50      141.00   151.00   140.00   151.00    +43.50   +40.47%
      29              87  6945      圓祥生技                 20.20          0.00    49.36%    107.50   109.50   102.50   104.50      140.00   149.00   140.00   148.50    +44.00   +42.11%
      30             466  6925      意藍                    0.00          0.00    49.34%     53.60    53.60    51.50    52.50       74.80    75.00    72.70    73.80    +21.30   +40.57%
      31             245  8431      匯鑽科                   0.00          0.00    49.24%     48.00    48.10    47.30    47.80       65.70    67.10    65.30    66.80    +19.00   +39.75%
      32             213  5013      強新                    0.00          0.00    49.07%     26.70    27.85    26.70    27.55       38.50    38.75    38.05    38.75    +11.20   +40.65%
      33             435  6173      信昌電                 178.50         60.50    48.92%    224.00   224.00   207.00   210.00      301.00   303.50   288.00   288.50    +78.50   +37.38%
      34             134  6221      晉泰                    0.00          0.00    48.89%     22.15    22.35    21.95    22.15       31.75    32.90    30.55    31.00     +8.85   +39.95%
      35             396  4939      亞電                    0.00          0.00    48.50%     65.40    65.50    61.00    61.40       77.00    82.80    77.00    82.80    +21.40   +34.85%
      36             436  6617      共信-KY                45.50          0.00    48.40%    100.50   104.50    99.20   101.00      135.00   142.00   135.00   138.50    +37.50   +37.13%
      37             462  6708      天擎                    0.00          0.00    48.30%     37.90    37.90    37.00    37.25       51.70    51.70    51.70    51.70    +14.45   +38.79%
      38             618  4908      前鼎                  124.00         95.50    48.26%    158.00   158.50   153.50   155.00      210.50   212.00   205.50   207.00    +52.00   +33.55%
      39             808  3162      精確                    0.00          0.00    47.98%     64.30    64.40    61.50    62.90       81.90    87.90    81.70    85.40    +22.50   +35.77%
      40              34  9960      邁達康                   0.00          0.00    47.83%     31.10    31.20    30.90    30.90       41.20    41.95    40.40    41.50    +10.60   +34.30%
==========================================================================================================================================================================
✅ 共 40 筆


══════════════════════════════════════════════════════════════════════════════════════════════════════════════
  🔄 第  8/30 次  2026/08/13 ～ 2026/09/29
══════════════════════════════════════════════════════════════════════════════════════════════════════════════

==========================================================================================================================================================================
📊 ROI 每日報酬率累計排名 (2026/08/13 ~ 2026/09/29)
==========================================================================================================================================================================
    實資排名          累計天數排名  代號        名稱                 累計漲停(元)       累計跌停(元)       強度%  (08/13)開盤      最高      最低      收盤    (09/29)開盤      最高      最低      收盤      賺賠    賺賠率
--------------------------------------------------------------------------------------------------------------------------------------------------------------------------
       1              26  2221      大甲                   64.50          0.00   100.00%     50.50    54.00    50.50    53.70      169.00   180.00   167.50   180.00   +126.30  +235.20%
       2              58  3441      聯一光                  89.20         21.50    75.60%     87.40    88.70    85.00    85.00      177.50   185.00   176.00   185.00   +100.00  +117.65%
       3              80  8227      巨有科技                166.50         14.00    74.28%    161.00   163.50   156.50   157.50      313.00   337.00   308.00   337.00   +179.50  +113.97%
       4              50  6538      倉和                  286.00        147.00    71.86%    177.50   177.50   174.00   177.50      400.00   417.00   358.50   358.50   +181.00  +101.97%
       5             122  7772      耀穎                   86.50         14.50    66.99%     91.10    95.10    91.10    93.60      176.00   179.50   172.50   176.00    +82.40   +88.03%
       6              63  6218      豪勉                    0.00          0.00    62.89%     36.25    36.90    35.65    35.70       64.90    64.90    61.80    63.20    +27.50   +77.03%
       7             164  3219      倚強科                  30.80          0.00    61.55%     75.80    77.40    72.60    72.80      123.50   125.50   120.50   125.50    +52.70   +72.39%
       8             120  6620      漢達                   57.50         22.50    61.24%     77.20    81.00    77.20    80.80      125.00   136.00   123.50   136.00    +55.20   +68.32%
       9              57  7792      安葆                  167.00         36.00    60.70%    255.50   255.50   241.50   242.50      427.50   430.00   400.00   416.00   +173.50   +71.55%
      10             158  3498      陽程                  137.50         40.50    59.26%    144.00   144.00   144.00   144.00      216.00   235.00   212.00   235.00    +91.00   +63.19%
      11              91  6103      合邦                    0.00          0.00    59.13%     29.50    29.50    29.50    29.50       42.60    44.35    41.80    41.80    +12.30   +41.69%
      12              74  3467      台灣精材                  0.00          0.00    58.14%     46.00    46.50    45.70    45.80       78.40    80.00    73.40    74.60    +28.80   +62.88%
      13             216  6872      浩宇生醫                  0.00          0.00    57.73%     15.55    15.55    15.15    15.20       24.50    24.50    23.30    24.00     +8.80   +57.89%
      14             161  3324      雙鴻                 1132.00        581.00    56.88%   1065.00  1080.00  1025.00  1035.00     1680.00  1680.00  1595.00  1630.00   +595.00   +57.49%
      15             311  4924      欣厚-KY                 0.00          0.00    54.60%     10.20    10.20     9.91     9.98       16.30    16.85    15.00    15.00     +5.02   +50.30%
      16              64  1569      濱川                    0.00          0.00    54.50%     40.20    42.15    40.20    42.10       65.00    66.30    63.30    65.00    +22.90   +54.39%
      17              93  3664      安瑞-KY                 0.00          0.00    54.36%      5.63     6.10     5.63     6.10        8.91     8.91     8.86     8.86     +2.76   +45.25%
      18             215  3508      位速                    0.00          0.00    53.10%     17.60    17.60    17.30    17.60       25.30    26.70    25.00    25.95     +8.35   +47.44%
      19             256  3624      光頡                   33.00         10.50    53.02%     88.50    95.10    88.50    95.10      139.00   143.50   138.00   140.00    +44.90   +47.21%
      20              99  5465      富驊                    0.00          0.00    52.59%     23.80    23.90    23.20    23.25       35.35    36.95    34.25    34.70    +11.45   +49.25%
      21             106  6221      晉泰                    0.00          0.00    52.53%     23.05    23.10    22.00    22.15       33.90    33.90    32.60    32.85    +10.70   +48.31%
      22             874  4188      安克                    0.00          0.00    51.27%      9.88     9.97     9.85     9.94       13.85    14.25    13.60    13.90     +3.96   +39.84%
      23             258  3354      律勝                    0.00          0.00    51.13%     21.20    21.20    20.60    20.60       29.70    29.95    29.00    29.25     +8.65   +41.99%
      24             131  3374      精材                  279.50        169.50    50.49%    333.50   341.00   324.50   325.00      439.50   457.00   436.50   455.00   +130.00   +40.00%
      25              42  3629      地心引力                  0.00          0.00    49.72%     13.25    13.25    13.25    13.25       17.30    17.30    17.30    17.30     +4.05   +30.57%
      26             419  6925      意藍                    0.00          0.00    49.58%     53.80    54.20    53.10    53.70       72.00    75.00    71.00    75.00    +21.30   +39.66%
      27             351  7717      萊德光電-KY             332.00        156.50    49.50%    444.50   456.00   428.00   428.00      607.00   612.00   588.00   592.00   +164.00   +38.32%
      28             275  8431      匯鑽科                   0.00          0.00    49.05%     49.10    49.50    48.10    48.10       62.30    68.50    62.30    66.30    +18.20   +37.84%
      29             140  3580      友威科                   0.00          0.00    48.91%     80.40    82.10    79.40    79.70      102.50   111.50   100.50   111.00    +31.30   +39.27%
      30             214  8111      立碁                    0.00          0.00    48.82%     59.50    60.00    58.10    58.10       76.40    81.50    76.20    79.70    +21.60   +37.18%
      31             531  8064      東捷                   54.50         11.50    47.80%    107.00   110.50   104.50   105.50      139.00   148.50   138.00   141.50    +36.00   +34.12%
      32             350  6179      亞通                    0.00          0.00    47.80%     27.55    28.10    27.30    27.85       36.60    37.90    36.20    37.45     +9.60   +34.47%
      33             414  6173      信昌電                 178.50         74.00    47.79%    207.50   223.50   203.50   223.50      303.00   314.00   296.50   297.50    +74.00   +33.11%
      34             130  8040      九暘                    0.00          0.00    47.71%     75.40    76.50    74.00    74.20       93.00   102.50    92.50   100.00    +25.80   +34.77%
      35             569  4416      三圓                    0.00          0.00    47.37%     10.45    10.55    10.30    10.35       13.80    14.30    13.75    13.75     +3.40   +32.85%
      36              38  9960      邁達康                   0.00          0.00    47.31%     31.45    31.45    31.20    31.20       39.35    41.40    38.85    41.20    +10.00   +32.05%
      37             528  6148      驊宏資                   0.00          0.00    47.10%     28.80    28.90    28.45    28.65       39.20    39.80    38.20    38.50     +9.85   +34.38%
      38             210  5013      強新                    0.00          0.00    46.77%     26.90    26.90    26.30    26.30       34.70    35.25    32.95    35.25     +8.95   +34.03%
      39              92  3623      富晶通                   0.00          0.00    46.72%     21.65    21.90    21.50    21.60       28.40    29.50    28.40    29.15     +7.55   +34.95%
      40             783  4908      前鼎                  124.00         95.50    46.59%    166.00   168.00   159.00   160.00      208.50   212.00   205.00   205.50    +45.50   +28.44%
==========================================================================================================================================================================
✅ 共 40 筆


══════════════════════════════════════════════════════════════════════════════════════════════════════════════
  🔄 第  9/30 次  2026/08/12 ～ 2026/09/24
══════════════════════════════════════════════════════════════════════════════════════════════════════════════

==========================================================================================================================================================================
📊 ROI 每日報酬率累計排名 (2026/08/12 ~ 2026/09/24)
==========================================================================================================================================================================
    實資排名          累計天數排名  代號        名稱                 累計漲停(元)       累計跌停(元)       強度%  (08/12)開盤      最高      最低      收盤    (09/24)開盤      最高      最低      收盤      賺賠    賺賠率
--------------------------------------------------------------------------------------------------------------------------------------------------------------------------
       1              26  2221      大甲                   48.50          0.00   100.00%     48.95    52.00    47.80    50.20      158.00   164.50   158.00   164.00   +113.80  +226.69%
       2              34  6538      倉和                  302.00        107.50    84.46%    148.50   161.50   147.00   161.50      403.00   409.50   389.00   398.00   +236.50  +146.44%
       3              75  3441      聯一光                  89.20         21.50    74.68%     79.30    87.20    79.20    87.20      176.00   181.00   175.00   181.00    +93.80  +107.57%
       4              93  7772      耀穎                   86.50         14.50    70.71%     88.60    94.00    88.60    92.30      173.00   182.00   170.50   180.00    +87.70   +95.02%
       5             107  8227      巨有科技                136.00         14.00    69.98%    162.00   163.50   154.00   159.00      305.00   309.00   295.00   306.50   +147.50   +92.77%
       6              40  7792      安葆                  177.00         16.50    67.29%    232.50   232.50   232.50   232.50      415.00   453.00   415.00   435.50   +203.00   +87.31%
       7              55  3467      台灣精材                  0.00          0.00    64.82%     45.90    46.80    45.25    45.60       86.10    86.10    81.50    81.50    +35.90   +78.73%
       8              63  6218      豪勉                    0.00          0.00    64.31%     36.40    37.80    35.45    36.15       61.50    63.70    61.50    63.60    +27.45   +75.93%
       9             158  3498      陽程                  129.50         40.50    61.10%    126.00   133.00   124.50   131.00      198.00   215.00   197.00   214.00    +83.00   +63.36%
      10              80  3664      安瑞-KY                 0.00          0.00    60.76%      6.05     6.05     5.63     5.63        8.88     8.88     8.85     8.86     +3.23   +57.37%
      11             149  3324      雙鴻                 1132.00        516.00    60.45%   1035.00  1070.00  1035.00  1050.00     1595.00  1750.00  1590.00  1710.00   +660.00   +62.86%
      12             192  3624      光頡                   33.00         10.50    60.30%     86.20    88.40    83.60    86.50      132.50   144.50   132.00   140.00    +53.50   +61.85%
      13             250  4924      欣厚-KY                 0.00          0.00    59.77%     10.00    10.05     9.90    10.05       16.45    17.40    16.10    16.10     +6.05   +60.20%
      14              96  6103      合邦                    0.00          0.00    59.70%     29.50    29.50    29.50    29.50       40.90    40.90    40.90    40.90    +11.40   +38.64%
      15             124  6620      漢達                   45.50         22.50    58.59%     76.70    79.70    76.70    79.50      129.00   129.00   120.00   124.00    +44.50   +55.97%
      16             248  3219      倚強科                  19.80          0.00    57.44%     73.60    78.00    73.00    73.60      107.00   114.50   105.50   114.50    +40.90   +55.57%
      17              59  1569      濱川                    0.00          0.00    57.11%     41.40    41.80    40.75    41.30       63.80    68.00    62.60    64.70    +23.40   +56.66%
      18             231  6173      信昌電                 198.50         74.00    56.65%    186.50   203.50   182.50   203.50      303.00   314.00   300.50   306.50   +103.00   +50.61%
      19             181  3508      位速                    0.00          0.00    55.43%     18.00    18.00    17.15    17.60       24.95    27.10    24.65    26.20     +8.60   +48.86%
      20             152  6840      東研信超                  0.00          0.00    55.06%     68.60    70.80    67.30    68.80      104.00   104.50   103.00   103.00    +34.20   +49.71%
      21             820  4188      安克                    0.00          0.00    54.20%     10.15    10.15     9.31     9.95       14.75    14.80    14.15    14.20     +4.25   +42.71%
      22             213  3354      律勝                    0.00          0.00    54.07%     20.60    21.00    20.45    20.70       28.05    30.15    28.00    30.00     +9.30   +44.93%
      23             382  6872      浩宇生醫                  0.00          0.00    53.54%     15.60    15.75    15.45    15.75       22.80    23.20    22.00    22.35     +6.60   +41.90%
      24              87  3693      營邦                  276.00        105.00    52.83%    492.50   510.00   492.50   502.00      732.00   748.00   713.00   729.00   +227.00   +45.22%
      25             122  5465      富驊                    0.00          0.00    52.56%     22.50    23.70    22.45    23.70       31.55    34.20    31.05    34.20    +10.50   +44.30%
      26             151  6221      晉泰                    0.00          0.00    52.15%     21.35    22.60    21.30    22.60       31.90    32.80    31.90    32.20     +9.60   +42.48%
      27              58  3629      地心引力                  0.00          0.00    51.15%     13.10    13.35    13.10    13.35          --       --       --       --        --        --
      28             174  3374      精材                  279.50        169.50    50.76%    332.00   338.00   324.00   330.00      462.50   464.50   442.00   449.00   +119.00   +36.06%
      29             473  6147      頎邦                   69.50          9.50    50.58%    160.50   163.00   156.00   156.50      214.50   215.00   210.50   213.50    +57.00   +36.42%
      30             439  7717      萊德光電-KY             332.00        156.50    50.45%    412.50   440.00   412.50   436.50      602.00   608.00   588.00   594.00   +157.50   +36.08%
      31             372  6148      驊宏資                   0.00          0.00    50.22%     28.80    28.95    28.20    28.50       38.60    41.05    38.60    39.20    +10.70   +37.54%
      32              76  3490      單井                    0.00          0.00    49.95%     32.25    33.95    32.05    33.50       44.10    46.00    43.75    45.05    +11.55   +34.48%
      33             280  3234      光環                   80.00         40.50    49.51%    117.00   133.50   117.00   133.00      163.00   180.00   162.00   178.00    +45.00   +33.83%
      34             460  6617      共信-KY                45.50          0.00    49.51%    102.00   104.00    98.90   102.00      139.00   141.00   136.50   137.00    +35.00   +34.31%
      35             340  6179      亞通                    0.00          0.00    49.37%     27.60    27.85    27.30    27.35       35.10    36.65    35.10    36.60     +9.25   +33.82%
      36             336  5432      新門                   69.00          0.00    48.96%    113.50   126.00   113.50   125.00      163.50   169.00   163.00   167.50    +42.50   +34.00%
      37             782  4908      前鼎                  124.00         95.50    48.78%    152.50   166.00   152.50   162.50      209.00   213.00   205.00   210.00    +47.50   +29.23%
      38             663  8064      東捷                   54.50         11.50    48.66%    102.50   106.00   102.50   105.50      131.00   142.00   130.50   139.00    +33.50   +31.75%
      39             723  4416      三圓                    0.00          0.00    48.50%     10.45    10.60    10.40    10.45       14.00    14.10    13.40    13.70     +3.25   +31.10%
      40             115  6945      圓祥生技                 20.20          0.00    48.36%    114.00   114.00   103.50   103.50      135.50   138.00   134.50   138.00    +34.50   +33.33%
==========================================================================================================================================================================
✅ 共 40 筆


══════════════════════════════════════════════════════════════════════════════════════════════════════════════
  🔄 第 10/30 次  2026/08/11 ～ 2026/09/23
══════════════════════════════════════════════════════════════════════════════════════════════════════════════

==========================================================================================================================================================================
📊 ROI 每日報酬率累計排名 (2026/08/11 ~ 2026/09/23)
==========================================================================================================================================================================
    實資排名          累計天數排名  代號        名稱                 累計漲停(元)       累計跌停(元)       強度%  (08/11)開盤      最高      最低      收盤    (09/23)開盤      最高      最低      收盤      賺賠    賺賠率
--------------------------------------------------------------------------------------------------------------------------------------------------------------------------
       1              27  2221      大甲                   48.50          0.00   100.00%     48.20    49.10    46.50    49.10      166.00   168.50   149.50   158.50   +109.40  +222.81%
       2              23  6538      倉和                  316.50         95.00    92.12%    143.50   149.50   140.50   147.00      440.00   457.50   405.00   410.50   +263.50  +179.25%
       3              73  3441      聯一光                  89.20         21.50    79.46%     79.20    82.00    77.90    79.30      180.50   180.50   175.50   177.50    +98.20  +123.83%
       4              88  8227      巨有科技                136.00         14.00    71.23%    146.00   158.00   144.50   158.00      308.50   310.00   290.00   310.00   +152.00   +96.20%
       5              34  7792      安葆                  178.00         16.50    70.37%    214.50   217.50   209.50   211.50      378.50   415.50   378.00   415.50   +204.00   +96.45%
       6             105  7772      耀穎                   86.50         14.50    69.33%     91.70    91.70    88.50    91.60      199.00   199.00   171.00   173.50    +81.90   +89.41%
       7              51  3467      台灣精材                  0.00          0.00    67.87%     45.10    45.95    44.50    45.90       88.80    88.80    85.00    86.50    +40.60   +88.45%
       8              90  6620      漢達                   45.50         22.50    63.31%     78.20    78.20    74.00    76.70      126.50   132.50   125.00   130.00    +53.30   +69.49%
       9              69  6218      豪勉                    0.00          0.00    63.03%     36.10    37.20    35.60    35.75       63.40    63.50    59.90    61.30    +25.55   +71.47%
      10             178  4924      欣厚-KY                 0.00          0.00    62.93%      9.83     9.98     9.75     9.98       18.40    18.40    16.90    16.90     +6.92   +69.34%
      11             205  6173      信昌電                 217.00         74.00    61.57%    168.00   185.00   168.00   185.00      306.00   313.00   301.00   302.50   +117.50   +63.51%
      12             157  3498      陽程                  114.50         40.50    59.96%    130.00   131.00   121.50   124.50      205.00   209.50   197.50   199.00    +74.50   +59.84%
      13             218  3624      光頡                   33.00         10.50    58.79%     82.20    89.40    80.30    85.20      122.00   134.00   122.00   134.00    +48.80   +57.28%
      14              85  3664      安瑞-KY                 0.00          0.00    56.86%      6.16     6.20     6.10     6.10        8.25     9.00     8.25     8.90     +2.80   +45.90%
      15             173  3324      雙鴻                 1017.00        516.00    56.84%   1015.00  1050.00  1000.00  1045.00     1605.00  1630.00  1555.00  1595.00   +550.00   +52.63%
      16             140  6221      晉泰                    0.00          0.00    56.67%     21.00    21.00    20.20    20.55       31.50    32.70    30.45    31.60    +11.05   +53.77%
      17             125  6840      東研信超                  0.00          0.00    56.58%     66.90    68.30    65.50    68.00      106.00   106.50   103.00   104.50    +36.50   +53.68%
      18             778  4188      安克                    0.00          0.00    56.47%      9.98    10.05     9.98     9.99       13.50    14.85    13.15    14.85     +4.86   +48.65%
      19             101  6103      合邦                    0.00          0.00    56.24%     28.50    28.50    28.50    28.50       33.10    37.20    33.05    37.20     +8.70   +30.53%
      20              66  1569      濱川                    0.00          0.00    55.97%     42.05    42.45    40.85    41.30       64.20    65.20    63.00    63.30    +22.00   +53.27%
      21             345  6872      浩宇生醫                  0.00          0.00    55.45%     15.60    15.80    15.30    15.80       24.05    24.45    23.00    23.20     +7.40   +46.84%
      22             272  5464      霖宏                    0.00          0.00    55.33%     61.70    61.80    59.10    61.40       90.20    92.50    89.50    91.40    +30.00   +48.86%
      23             245  7717      萊德光電-KY             357.50        142.50    55.19%    416.00   427.00   406.00   411.00      601.00   631.00   596.00   608.00   +197.00   +47.93%
      24             187  3508      位速                    0.00          0.00    54.51%     17.55    17.55    17.00    17.05       26.50    26.50    24.85    24.95     +7.90   +46.33%
      25             127  5465      富驊                    0.00          0.00    54.41%     21.75    21.80    21.25    21.55       31.45    33.15    30.85    32.05    +10.50   +48.72%
      26              80  3693      營邦                  286.00        105.00    54.22%    493.00   500.00   481.50   492.00      706.00   738.00   705.00   732.00   +240.00   +48.78%
      27             671  4908      前鼎                  135.50         95.50    52.99%    152.50   157.00   148.50   151.00      222.50   225.00   207.50   210.00    +59.00   +39.07%
      28             304  3219      倚強科                   9.80          0.00    52.97%     70.60    73.70    70.60    72.60      108.50   110.00   100.00   104.50    +31.90   +43.94%
      29             163  3374      精材                  279.50        146.50    52.81%    341.00   351.50   324.00   334.00      486.00   486.00   463.00   472.00   +138.00   +41.32%
      30             336  5432      新門                   79.00          0.00    52.42%    113.50   116.00   112.00   115.00      154.50   166.50   151.50   163.50    +48.50   +42.17%
      31             291  3234      光環                   91.50         40.50    52.15%    120.00   124.50   114.00   121.50      174.50   174.50   169.00   170.00    +48.50   +39.92%
      32              61  3629      地心引力                  0.00          0.00    51.79%     13.20    13.20    13.20    13.20          --       --       --       --        --        --
      33              75  3490      單井                    0.00          0.00    51.42%     30.75    32.45    30.75    32.00       45.65    45.95    44.10    44.15    +12.15   +37.97%
      34              43  4413      飛寶企業                  0.00          0.00    51.41%     15.30    15.50    15.30    15.50       19.85    21.00    19.80    20.80     +5.30   +34.19%
      35             406  6617      共信-KY                45.50          0.00    51.18%    105.50   116.00   102.00   102.50      142.00   143.50   136.50   142.00    +39.50   +38.54%
      36             289  3354      律勝                    0.00          0.00    50.59%     21.10    21.10    20.35    20.65       28.90    28.95    27.60    28.15     +7.50   +36.32%
      37             621  4416      三圓                    0.00          0.00    50.05%     10.50    10.55    10.40    10.45       13.50    14.50    13.05    14.10     +3.65   +34.93%
      38              98  1815      富喬                   11.50         11.00    49.95%     88.90    88.90    87.20    88.70      122.50   124.50   119.50   120.00    +31.30   +35.29%
      39             422  3105      穩懋                  266.00        144.50    49.53%    377.50   382.50   361.50   371.00      507.00   518.00   486.50   497.00   +126.00   +33.96%
      40             206  6291      沛亨                  256.50        152.50    49.39%    378.00   380.00   356.50   366.00      501.00   504.00   485.00   493.00   +127.00   +34.70%
==========================================================================================================================================================================
✅ 共 40 筆


══════════════════════════════════════════════════════════════════════════════════════════════════════════════
  🔄 第 11/30 次  2026/08/10 ～ 2026/09/22
══════════════════════════════════════════════════════════════════════════════════════════════════════════════

==========================================================================================================================================================================
📊 ROI 每日報酬率累計排名 (2026/08/10 ~ 2026/09/22)
==========================================================================================================================================================================
    實資排名          累計天數排名  代號        名稱                 累計漲停(元)       累計跌停(元)       強度%  (08/10)開盤      最高      最低      收盤    (09/22)開盤      最高      最低      收盤      賺賠    賺賠率
--------------------------------------------------------------------------------------------------------------------------------------------------------------------------
       1              27  2221      大甲                   48.50          0.00   100.00%     47.30    49.30    47.10    49.00      152.00   154.00   147.50   154.00   +105.00  +214.29%
       2              18  6538      倉和                  316.50         60.00    98.49%    144.50   151.50   143.50   145.50      440.00   468.00   416.50   445.50   +300.00  +206.19%
       3              61  3441      聯一光                  89.20         21.50    80.68%     82.70    84.00    79.00    79.50      175.50   181.50   172.50   181.00   +101.50  +127.67%
       4              87  8227      巨有科技                150.00         14.00    75.70%    141.00   146.00   139.00   144.00      299.50   316.00   295.00   305.00   +161.00  +111.81%
       5              95  7772      耀穎                   86.50          0.00    72.24%     93.40    93.80    91.60    93.50      177.50   188.00   176.00   188.00    +94.50  +101.07%
       6             139  4924      欣厚-KY                 0.00          0.00    67.78%     10.05    10.10     9.81    10.00       18.75    18.75    18.75    18.75     +8.75   +87.50%
       7              51  3467      台灣精材                  0.00          0.00    67.24%     44.55    45.70    43.65    45.05       77.70    85.00    77.70    84.80    +39.75   +88.24%
       8             163  6173      信昌電                 233.50         74.00    66.49%    162.00   172.00   161.50   168.50      330.50   331.00   300.00   303.00   +134.50   +79.82%
       9              47  7792      安葆                  140.50         16.50    63.24%    208.00   217.50   208.00   214.50      345.00   378.00   332.00   378.00   +163.50   +76.22%
      10              82  6218      豪勉                    0.00          0.00    61.26%     34.35    36.10    34.35    36.10       69.00    69.00    61.00    61.00    +24.90   +68.98%
      11             131  3498      陽程                  114.50         40.50    60.49%    118.50   127.00   118.00   125.00      202.00   210.00   196.50   205.50    +80.50   +64.40%
      12             119  6620      漢達                   45.50         22.50    59.35%     84.00    84.30    78.60    78.60      137.50   137.50   125.00   126.50    +47.90   +60.94%
      13             133  3324      雙鴻                 1052.00        516.00    57.77%   1025.00  1080.00  1005.00  1010.00     1580.00  1630.00  1545.00  1600.00   +590.00   +58.42%
      14             129  3508      位速                    0.00          0.00    57.22%     16.85    17.40    16.85    16.85       26.70    27.70    25.95    26.50     +9.65   +57.27%
      15              98  6840      東研信超                  0.00          0.00    57.05%     66.50    67.70    65.80    66.00      108.00   108.00   101.50   104.50    +38.50   +58.33%
      16             302  6872      浩宇生醫                  0.00          0.00    54.79%     16.45    16.45    16.00    16.00       23.20    25.00    22.45    23.80     +7.80   +48.75%
      17             189  3219      倚強科                   9.80          0.00    54.59%     73.50    74.30    70.70    71.40      104.50   108.50    99.70   108.50    +37.10   +51.96%
      18             230  3624      光頡                   21.00         10.50    53.93%     76.00    82.20    76.00    82.20      133.50   136.00   122.00   122.00    +39.80   +48.42%
      19             298  5464      霖宏                    0.00          0.00    53.56%     61.60    63.80    61.10    61.70       91.00    92.40    90.10    91.30    +29.60   +47.97%
      20              67  1569      濱川                    0.00          0.00    53.34%     42.55    43.00    42.50    42.80       61.50    66.40    61.00    64.20    +21.40   +50.00%
      21             183  3234      光環                   91.50         40.50    53.31%    118.00   118.00   116.00   118.00      180.50   181.00   172.50   173.00    +55.00   +46.61%
      22             643  4908      前鼎                  135.50         83.00    53.22%    149.00   156.50   148.50   155.00      233.50   234.00   222.50   222.50    +67.50   +43.55%
      23             215  5475      德宏                   81.50         45.50    52.86%    122.00   130.50   122.00   125.00      188.50   195.00   179.50   181.00    +56.00   +44.80%
      24             151  3374      精材                  279.50        131.50    52.52%    325.50   337.00   325.50   337.00      465.00   487.00   459.00   487.00   +150.00   +44.51%
      25             136  5465      富驊                    0.00          0.00    52.32%     21.50    21.60    21.50    21.60       32.25    32.25    30.70    31.80    +10.20   +47.22%
      26              57  3490      單井                    0.00          0.00    52.25%     31.05    31.75    30.55    31.60       46.00    46.00    44.55    45.50    +13.90   +43.99%
      27             217  6221      晉泰                    0.00          0.00    52.02%     20.70    21.00    20.65    21.00       30.45    30.95    30.00    30.55     +9.55   +45.48%
      28             178  8358      金居                  336.00        192.50    51.53%    354.50   369.50   342.50   346.00      501.00   501.00   490.00   491.50   +145.50   +42.05%
      29             317  6147      頎邦                   69.50          9.50    51.39%    151.00   158.00   147.00   154.00      230.00   233.00   218.00   219.00    +65.00   +42.21%
      30             806  4188      安克                    0.00          0.00    50.89%     10.20    10.20     9.71     9.71       13.90    13.90    13.40    13.50     +3.79   +39.03%
      31             329  4304      勝昱                    0.00          0.00    49.96%     15.70    16.00    15.55    15.55       20.80    20.80    20.80    20.80     +5.25   +33.76%
      32             261  3354      律勝                    0.00          0.00    49.34%     20.30    20.95    20.25    20.95       30.35    30.40    28.30    28.80     +7.85   +37.47%
      33              96  3693      營邦                  254.00        105.00    49.06%    526.00   529.00   499.50   500.00      719.00   739.00   697.00   700.00   +200.00   +40.00%
      34             110  6103      合邦                    0.00          0.00    48.99%     28.50    28.50    28.50    28.50       37.60    37.60    33.85    33.85     +5.35   +18.77%
      35             423  7717      萊德光電-KY             344.50        168.50    48.92%    435.00   445.00   428.50   437.00      606.00   621.00   586.00   595.00   +158.00   +36.16%
      36              90  1815      富喬                   11.50         11.00    48.87%     86.00    93.90    85.10    89.10      125.00   129.50   120.00   122.00    +32.90   +36.92%
      37             339  5432      新門                   69.00          0.00    48.52%    112.00   113.00   110.00   112.00      162.00   162.00   153.50   153.50    +41.50   +37.05%
      38             185  3287      廣寰科                   0.00          0.00    47.91%     30.10    31.40    30.05    31.15       42.30    43.70    41.00    42.60    +11.45   +36.76%
      39              45  4413      飛寶企業                  0.00          0.00    47.65%     15.45    15.45    15.30    15.30       19.85    20.70    19.10    19.85     +4.55   +29.74%
      40             401  6148      驊宏資                   0.00          0.00    47.44%     27.85    28.60    27.55    28.60       39.95    40.20    38.65    38.75    +10.15   +35.49%
==========================================================================================================================================================================
✅ 共 40 筆


══════════════════════════════════════════════════════════════════════════════════════════════════════════════
  🔄 第 12/30 次  2026/08/07 ～ 2026/09/21
══════════════════════════════════════════════════════════════════════════════════════════════════════════════

==========================================================================================================================================================================
📊 ROI 每日報酬率累計排名 (2026/08/07 ~ 2026/09/21)
==========================================================================================================================================================================
    實資排名          累計天數排名  代號        名稱                 累計漲停(元)       累計跌停(元)       強度%  (08/07)開盤      最高      最低      收盤    (09/21)開盤      最高      最低      收盤      賺賠    賺賠率
--------------------------------------------------------------------------------------------------------------------------------------------------------------------------
       1              29  2221      大甲                   34.50          0.00   100.00%     46.80    47.40    45.35    46.95      136.00   140.00   136.00   140.00    +93.05  +198.19%
       2              19  6538      倉和                  297.50         60.00    99.34%    148.00   158.50   142.50   145.00      412.00   426.50   400.00   426.50   +281.50  +194.14%
       3              80  3441      聯一光                  89.20         21.50    77.74%     87.00    94.30    84.40    84.40      190.00   190.00   175.00   177.50    +93.10  +110.31%
       4             115  8227      巨有科技                132.50         14.00    72.99%    148.00   149.00   145.00   145.00      282.00   287.50   271.50   287.50   +142.50   +98.28%
       5             109  6173      信昌電                 244.00         74.00    72.71%    170.00   172.00   156.00   158.00      311.00   318.50   308.00   308.00   +150.00   +94.94%
       6              55  6218      豪勉                    0.00          0.00    71.48%     34.00    34.95    34.00    34.30       66.10    67.70    66.10    67.70    +33.40   +97.38%
       7              98  7772      耀穎                   69.50          0.00    68.98%     94.50    94.50    90.60    91.00      152.00   171.00   147.00   171.00    +80.00   +87.91%
       8             136  3624      光頡                   21.00          0.00    65.27%     76.00    76.00    73.20    74.80      130.00   138.00   129.00   132.50    +57.70   +77.14%
       9              52  3467      台灣精材                  0.00          0.00    62.84%     46.80    46.80    44.40    44.50       78.00    78.00    75.10    77.40    +32.90   +73.93%
      10             133  3498      陽程                  105.00         40.50    62.48%    111.50   121.00   110.50   116.50      200.00   203.00   194.00   196.00    +79.50   +68.24%
      11             228  4924      欣厚-KY                 0.00          0.00    61.73%     10.15    10.15    10.05    10.10       15.35    17.05    15.30    17.05     +6.95   +68.81%
      12             116  3234      光環                  102.00         40.50    61.40%    111.00   112.50   103.00   107.50      183.50   187.00   178.50   178.50    +71.00   +66.05%
      13             355  4908      前鼎                  147.00         73.50    60.83%    156.50   161.50   142.00   143.50      241.50   245.00   231.50   232.00    +88.50   +61.67%
      14             120  6620      漢達                   45.50         11.50    60.32%     85.50    87.10    84.50    84.50      151.50   152.00   135.00   137.50    +53.00   +62.72%
      15              46  7792      安葆                  106.50         16.50    59.85%    220.00   220.00   205.50   207.00      339.50   352.50   325.00   344.00   +137.00   +66.18%
      16              94  6840      東研信超                  0.00          0.00    57.81%     65.30    67.60    65.00    66.60      108.50   111.50   106.50   106.50    +39.90   +59.91%
      17             312  6872      浩宇生醫                  0.00          0.00    56.02%     15.30    15.50    15.00    15.30       21.45    23.20    21.15    23.20     +7.90   +51.63%
      18             201  6147      頎邦                   69.50          9.50    55.79%    151.00   151.00   144.50   146.50      230.00   230.00   222.50   224.00    +77.50   +52.90%
      19             199  3508      位速                    0.00          0.00    55.44%     17.55    17.55    17.00    17.10       23.75    26.10    23.35    26.10     +9.00   +52.63%
      20              96  6103      合邦                    0.00          0.00    54.78%     28.55    28.55    28.55    28.55       38.65    38.65    36.00    37.60     +9.05   +31.70%
      21             234  6683      雍智科技               1115.00        605.00    54.75%   1160.00  1190.00  1110.00  1120.00     1655.00  1740.00  1625.00  1675.00   +555.00   +49.55%
      22             202  3324      雙鴻                  972.00        516.00    54.26%   1060.00  1075.00  1000.00  1015.00     1500.00  1535.00  1460.00  1520.00   +505.00   +49.75%
      23              50  3490      單井                    0.00          0.00    54.11%     29.70    30.75    29.60    30.40       44.35    46.00    44.30    45.20    +14.80   +48.68%
      24             177  3354      律勝                    0.00          0.00    53.97%     20.45    20.55    20.30    20.40       29.70    31.50    28.80    30.40    +10.00   +49.02%
      25             211  5432      新門                   69.00          0.00    53.65%    114.00   117.00   107.00   107.50      171.50   171.50   161.00   161.00    +53.50   +49.77%
      26             167  6221      晉泰                    0.00          0.00    53.62%     20.80    20.95    20.60    20.70       28.65    31.00    28.35    31.00    +10.30   +49.76%
      27             488  6617      共信-KY                45.50          0.00    52.86%     88.60    96.30    86.10    96.30      143.00   143.00   139.00   141.00    +44.70   +46.42%
      28             248  5475      德宏                   81.50         45.50    52.72%    123.50   134.50   121.00   123.50      179.00   179.00   174.50   179.00    +55.50   +44.94%
      29             149  3374      精材                  266.00        131.50    52.30%    310.00   330.00   301.00   306.50      451.50   456.00   432.00   443.00   +136.50   +44.54%
      30             477  5464      霖宏                    0.00          0.00    51.99%     66.10    66.50    61.10    62.60       92.70    93.50    90.50    90.60    +28.00   +44.73%
      31             404  7717      萊德光電-KY             362.50        168.50    50.83%    418.50   436.00   417.00   419.00      605.00   622.00   565.00   592.00   +173.00   +41.29%
      32              73  1569      濱川                    0.00          0.00    50.49%     44.30    44.50    42.20    42.35       61.00    61.00    57.60    61.00    +18.65   +44.04%
      33              84  1815      富喬                   11.50         11.00    50.21%     85.20    90.50    84.00    85.90      121.50   124.50   120.00   121.00    +35.10   +40.86%
      34             242  8358      金居                  336.00        192.50    50.13%    393.00   397.00   350.00   352.00      500.00   500.00   485.00   491.50   +139.50   +39.63%
      35             269  6148      驊宏資                   0.00          0.00    50.07%     28.25    28.50    27.80    28.05       41.95    42.10    39.15    40.00    +11.95   +42.60%
      36             209  3219      倚強科                   0.00          0.00    49.99%     76.60    78.60    69.40    69.40       96.00    98.70    94.10    98.70    +29.30   +42.22%
      37             181  3287      廣寰科                   0.00          0.00    49.91%     29.30    29.80    29.30    29.60       43.00    45.00    42.00    42.10    +12.50   +42.23%
      38             519  6140      訊達                    0.00          0.00    49.47%     17.10    17.10    16.80    17.05       23.95    23.95    23.05    23.95     +6.90   +40.47%
      39             834  4188      安克                    0.00          0.00    48.98%     10.25    10.25    10.10    10.10       14.00    14.40    13.70    13.70     +3.60   +35.64%
      40             320  6179      亞通                    0.00          0.00    48.82%     26.20    27.40    26.15    27.05       38.50    39.90    37.35    37.35    +10.30   +38.08%
==========================================================================================================================================================================
✅ 共 40 筆


══════════════════════════════════════════════════════════════════════════════════════════════════════════════
  🔄 第 13/30 次  2026/08/05 ～ 2026/09/18
══════════════════════════════════════════════════════════════════════════════════════════════════════════════

==========================================================================================================================================================================
📊 ROI 每日報酬率累計排名 (2026/08/05 ~ 2026/09/18)
==========================================================================================================================================================================
    實資排名          累計天數排名  代號        名稱                 累計漲停(元)       累計跌停(元)       強度%  (08/05)開盤      最高      最低      收盤    (09/18)開盤      最高      最低      收盤      賺賠    賺賠率
--------------------------------------------------------------------------------------------------------------------------------------------------------------------------
       1              30  2221      大甲                   22.00          0.00   100.00%     45.30    45.60    44.55    44.75      124.00   127.50   119.00   127.50    +82.75  +184.92%
       2              28  6538      倉和                  259.00         60.00    90.89%    162.50   163.00   148.50   156.50      352.50   388.00   348.50   388.00   +231.50  +147.92%
       3              73  3441      聯一光                  89.20         21.50    81.93%     90.30    93.80    85.00    85.40      185.00   187.00   177.00   185.50   +100.10  +117.21%
       4             111  6173      信昌電                 244.00         87.00    72.90%    171.00   178.00   161.50   165.00      309.00   314.00   300.00   314.00   +149.00   +90.30%
       5             163  8227      巨有科技                132.50         14.00    70.44%    152.00   152.00   147.50   150.00      263.00   279.00   252.00   279.00   +129.00   +86.00%
       6             293  6617      共信-KY                45.50          0.00    68.61%     79.70    80.90    77.90    79.70      143.00   144.50   139.50   143.00    +63.30   +79.42%
       7              61  6218      豪勉                    0.00          0.00    67.46%     33.50    34.90    33.50    33.80       57.20    61.60    56.10    61.60    +27.80   +82.25%
       8             124  3498      陽程                  105.00         40.50    65.43%    108.00   113.00   106.50   113.00      185.50   200.00   183.00   195.00    +82.00   +72.57%
       9             162  3624      光頡                   21.00          0.00    63.11%     72.60    74.80    70.00    74.80      122.00   126.50   117.00   126.00    +51.20   +68.45%
      10             120  6620      漢達                   45.50          0.00    62.98%     89.00    91.50    88.40    89.30      147.00   155.00   140.50   149.00    +59.70   +66.85%
      11             139  7772      耀穎                   54.00          0.00    62.59%     95.40    96.60    91.50    92.60      148.00   160.50   147.00   155.50    +62.90   +67.93%
      12              47  7792      安葆                  106.50         26.50    61.06%    199.50   205.00   198.00   203.50      320.00   344.00   320.00   339.00   +135.50   +66.58%
      13              63  3467      台灣精材                  0.00          0.00    60.85%     46.60    46.90    45.95    46.70       76.00    77.40    73.40    77.40    +30.70   +65.74%
      14             126  3234      光環                  102.00         40.50    58.66%    118.00   122.00   114.00   115.00      178.50   185.00   175.00   180.00    +65.00   +56.52%
      15              48  3490      單井                    0.00          0.00    57.92%     28.50    29.20    28.40    28.55       45.35    45.75    43.85    44.35    +15.80   +55.34%
      16              72  6103      合邦                    0.00          0.00    57.88%        --       --       --       --       37.95    38.95    36.80    38.95        --        --
      17              95  6840      東研信超                  0.00          0.00    57.70%     63.30    68.60    63.20    68.60      104.00   111.00   101.50   108.00    +39.40   +57.43%
      18             193  3324      雙鴻                  932.00        561.00    56.67%    974.00   995.00   965.00   965.00     1480.00  1515.00  1420.00  1480.00   +515.00   +53.37%
      19             358  4908      前鼎                  147.00         75.50    56.10%    165.50   165.50   165.50   165.50      240.00   248.50   232.50   243.50    +78.00   +47.13%
      20             290  4924      欣厚-KY                 0.00          0.00    56.08%     10.05    10.65     9.98    10.10       13.80    15.65    13.80    15.50     +5.40   +53.47%
      21             143  6221      晉泰                    0.00          0.00    54.89%     21.10    21.10    20.80    20.85       31.30    31.50    30.50    31.50    +10.65   +51.08%
      22             351  5464      霖宏                    0.00          0.00    54.12%     65.20    67.10    62.60    62.60       91.00    95.90    90.10    92.70    +30.10   +48.08%
      23             256  5432      新門                   69.00          0.00    53.29%    112.50   112.50   106.00   108.50      146.50   160.00   146.50   160.00    +51.50   +47.47%
      24             185  6204      艾華                   10.00          0.00    53.22%     75.80    79.10    73.40    74.70      107.00   110.00   101.50   110.00    +35.30   +47.26%
      25             204  6147      頎邦                   69.50          9.50    52.94%    156.00   158.50   153.50   158.50      217.00   229.00   213.00   229.00    +70.50   +44.48%
      26             269  5475      德宏                   81.50         45.50    52.81%    147.00   147.00   124.50   124.50      175.00   180.00   171.50   179.00    +54.50   +43.78%
      27             172  8358      金居                  336.00        224.50    52.19%    365.00   375.00   347.50   349.50      487.50   499.50   484.00   499.50   +150.00   +42.92%
      28              87  6716      應廣                    0.00         23.50    52.00%     82.30    85.30    81.30    83.40      120.00   121.00   117.50   119.50    +36.10   +43.29%
      29             156  3374      精材                  266.00        141.00    51.73%    324.00   340.00   310.50   313.00      440.00   444.50   418.50   444.50   +131.50   +42.01%
      30             683  4188      安克                    0.00          0.00    51.54%      9.99    10.05     9.99    10.00       13.50    14.50    13.50    14.00     +4.00   +40.00%
      31              81  1815      富喬                   11.50         11.00    51.47%     88.00    88.10    83.20    83.90      118.00   123.00   117.50   119.50    +35.60   +42.43%
      32             315  6683      雍智科技               1115.00        670.00    51.03%   1165.00  1195.00  1165.00  1195.00     1600.00  1670.00  1570.00  1670.00   +475.00   +39.75%
      33             154  3287      廣寰科                   0.00          0.00    50.56%     29.90    29.90    29.10    29.70       42.30    42.35    41.70    42.35    +12.65   +42.59%
      34             374  6872      浩宇生醫                  0.00          0.00    50.53%     15.45    15.45    15.20    15.20       22.10    22.10    21.00    21.10     +5.90   +38.82%
      35             228  3508      位速                    0.00          0.00    49.91%     16.70    17.50    16.40    17.00       21.70    23.75    21.65    23.75     +6.75   +39.71%
      36             283  3354      律勝                    0.00          0.00    49.63%     20.60    21.35    20.60    21.10       29.35    30.00    29.10    29.20     +8.10   +38.39%
      37              88  3693      營邦                  254.00        142.00    49.37%    515.00   524.00   499.50   501.00      717.00   721.00   693.00   704.00   +203.00   +40.52%
      38             423  7717      萊德光電-KY             362.50        168.50    49.02%    423.00   453.00   423.00   440.00      601.00   624.00   594.00   600.00   +160.00   +36.36%
      39             149  6291      沛亨                  267.50        164.50    48.89%    388.00   394.00   375.00   380.00      523.00   525.00   500.00   524.00   +144.00   +37.89%
      40             310  6179      亞通                    0.00          0.00    48.75%     26.15    28.15    26.10    27.65       41.60    41.90    37.75    37.90    +10.25   +37.07%
==========================================================================================================================================================================
✅ 共 40 筆


══════════════════════════════════════════════════════════════════════════════════════════════════════════════
  🔄 第 14/30 次  2026/08/04 ～ 2026/09/17
══════════════════════════════════════════════════════════════════════════════════════════════════════════════

==========================================================================================================================================================================
📊 ROI 每日報酬率累計排名 (2026/08/04 ~ 2026/09/17)
==========================================================================================================================================================================
    實資排名          累計天數排名  代號        名稱                 累計漲停(元)       累計跌停(元)       強度%  (08/04)開盤      最高      最低      收盤    (09/17)開盤      最高      最低      收盤      賺賠    賺賠率
--------------------------------------------------------------------------------------------------------------------------------------------------------------------------
       1              35  2221      大甲                   10.50          0.00   100.00%     43.45    45.90    43.25    44.50      110.50   116.00   108.00   116.00    +71.50  +160.67%
       2              30  6538      倉和                  224.00         60.00    93.74%    137.50   148.50   136.50   148.50      377.00   392.50   344.00   353.00   +204.50  +137.71%
       3              71  3441      聯一光                  89.20         21.50    86.65%     93.50    95.80    85.50    89.60      198.50   201.00   188.50   192.50   +102.90  +114.84%
       4             128  6173      信昌電                 233.50         87.00    75.42%    156.50   169.50   156.50   164.50      315.00   325.00   295.00   303.50   +139.00   +84.50%
       5             265  6617      共信-KY                45.50          0.00    73.49%     78.60    81.90    78.60    79.30      138.00   149.00   137.50   143.00    +63.70   +80.33%
       6             112  3498      陽程                  104.00         40.50    72.25%    100.50   108.00    99.80   103.50      192.50   193.00   180.00   184.50    +81.00   +78.26%
       7             167  8227      巨有科技                111.50         14.00    71.14%    142.00   146.00   139.00   146.00      273.00   281.00   258.00   258.00   +112.00   +76.71%
       8             149  3624      光頡                   21.00          0.00    69.57%     64.50    68.60    63.40    68.00      124.50   130.00   115.00   118.00    +50.00   +73.53%
       9             109  6620      漢達                   45.50          0.00    67.33%     84.70    91.30    83.50    87.80      143.00   147.00   143.00   147.00    +59.20   +67.43%
      10              63  6218      豪勉                    0.00          0.00    66.24%     32.45    33.70    32.00    33.05       56.00    58.90    53.70    56.00    +22.95   +69.44%
      11             329  4908      前鼎                  162.00         75.50    65.28%    145.00   155.00   141.00   150.50      245.00   262.00   232.50   238.00    +87.50   +58.14%
      12             140  7772      耀穎                   44.50          0.00    64.27%     87.70    91.10    87.70    89.70      133.00   146.00   133.00   146.00    +56.30   +62.76%
      13              94  6840      東研信超                  0.00          0.00    63.98%     61.50    62.70    61.00    62.40       92.90   101.50    92.90   101.50    +39.10   +62.66%
      14              64  3467      台灣精材                  0.00          0.00    63.76%     44.05    45.85    44.00    44.95       72.80    78.70    70.80    73.50    +28.55   +63.52%
      15              41  3490      單井                    0.00          0.00    63.64%     28.40    29.00    28.15    28.40       45.50    46.20    44.50    45.35    +16.95   +59.68%
      16             170  6179      亞通                    0.00          0.00    63.28%     24.65    25.90    24.50    25.80       38.00    41.45    37.75    41.45    +15.65   +60.66%
      17             117  3234      光環                  102.00         40.50    62.49%    104.00   114.00   103.00   113.00      180.00   194.00   176.00   177.00    +64.00   +56.64%
      18              53  7792      安葆                   80.50         26.50    60.98%    197.00   206.00   195.00   198.00      314.00   321.00   310.50   313.00   +115.00   +58.08%
      19             217  3324      雙鴻                  858.00        561.00    56.92%    950.00   983.00   939.00   944.00     1375.00  1460.00  1335.00  1385.00   +441.00   +46.72%
      20             321  6683      雍智科技               1125.00        670.00    56.87%   1020.00  1110.00  1020.00  1090.00     1605.00  1695.00  1530.00  1575.00   +485.00   +44.50%
      21             199  6147      頎邦                   64.00          9.50    56.57%    132.50   148.50   130.50   144.50      212.50   219.00   206.00   209.50    +65.00   +44.98%
      22             174  3354      律勝                    0.00          0.00    56.30%     19.85    20.45    19.85    20.15       30.65    31.70    29.25    29.25     +9.10   +45.16%
      23              85  6716      應廣                    0.00         23.50    56.07%     79.00    81.70    78.40    80.80      118.50   122.00   116.00   117.00    +36.20   +44.80%
      24             719  4188      安克                    0.00          0.00    54.55%      9.98     9.98     9.84     9.89       14.15    14.15    13.75    13.80     +3.91   +39.53%
      25              70  6103      合邦                    0.00          0.00    54.39%     28.50    28.50    28.50    28.50       34.45    35.45    34.45    35.45     +6.95   +24.39%
      26             412  7717      萊德光電-KY             368.50        168.50    54.21%    392.50   423.50   392.00   413.00      544.00   579.00   530.00   579.00   +166.00   +40.19%
      27             767  3081      聯亞                 2110.00       1765.00    54.19%   1965.00  1965.00  1965.00  1965.00     2910.00  2930.00  2715.00  2720.00   +755.00   +38.42%
      28             171  8358      金居                  315.00        224.50    54.10%    329.50   350.00   318.00   341.00      506.00   507.00   477.50   478.50   +137.50   +40.32%
      29             583  5464      霖宏                    0.00          0.00    54.08%     64.20    66.40    62.50    63.80       99.00    99.80    89.60    90.10    +26.30   +41.22%
      30             379  6872      浩宇生醫                  0.00          0.00    53.83%     15.20    15.25    15.10    15.10       23.00    23.40    21.00    21.00     +5.90   +39.07%
      31              62  3623      富晶通                   0.00          0.00    53.72%     19.60    19.80    19.60    19.75       29.25    29.50    28.15    28.40     +8.65   +43.80%
      32             126  6291      沛亨                  281.00        164.50    53.65%    342.50   366.50   338.00   366.50      494.50   539.00   494.50   517.00   +150.50   +41.06%
      33             405  4924      欣厚-KY                 0.00          0.00    53.63%     10.10    10.20     9.90    10.05       14.80    14.80    13.55    14.25     +4.20   +41.79%
      34             240  4939      亞電                    0.00          0.00    53.52%     55.80    57.80    54.30    56.30       82.00    82.50    75.30    77.60    +21.30   +37.83%
      35              81  1815      富喬                   11.50         11.00    53.28%     75.00    80.10    73.50    80.10      119.00   119.50   111.00   112.00    +31.90   +39.83%
      36             169  3374      精材                  250.50        141.00    53.18%    324.00   324.00   303.00   309.50      429.00   445.00   423.00   429.00   +119.50   +38.61%
      37             441  3105      穩懋                  280.00        165.50    52.72%    320.00   342.00   313.50   342.00      482.00   507.00   469.00   471.00   +129.00   +37.72%
      38              95  3693      營邦                  254.00        142.00    52.09%    476.00   505.00   473.00   498.50      693.00   725.00   688.00   697.00   +198.50   +39.82%
      39             123  3629      地心引力                  0.00          0.00    50.81%     13.45    13.75    13.45    13.70          --       --       --       --        --        --
      40              52  4413      飛寶企業                  0.00          0.00    50.63%        --       --       --       --       19.20    19.60    18.90    19.30        --        --
==========================================================================================================================================================================
✅ 共 40 筆


══════════════════════════════════════════════════════════════════════════════════════════════════════════════
  🔄 第 15/30 次  2026/08/03 ～ 2026/09/16
══════════════════════════════════════════════════════════════════════════════════════════════════════════════

==========================================================================================================================================================================
📊 ROI 每日報酬率累計排名 (2026/08/03 ~ 2026/09/16)
==========================================================================================================================================================================
    實資排名          累計天數排名  代號        名稱                 累計漲停(元)       累計跌停(元)       強度%  (08/03)開盤      最高      最低      收盤    (09/16)開盤      最高      最低      收盤      賺賠    賺賠率
--------------------------------------------------------------------------------------------------------------------------------------------------------------------------
       1              22  6538      倉和                  237.50         32.50   100.00%    136.00   140.00   132.00   135.00      370.50   398.50   365.00   380.50   +245.50  +181.85%
       2              34  2221      大甲                    0.00          0.00    89.31%     42.20    43.75    42.20    43.20       96.10   105.50    95.60   105.50    +62.30  +144.21%
       3              94  3441      聯一光                  89.20         21.50    77.05%     87.00    92.40    83.30    92.40      170.00   186.00   170.00   186.00    +93.60  +101.30%
       4              93  6173      信昌電                 233.50         75.50    75.41%    145.50   160.00   145.50   160.00      304.00   323.00   295.00   315.00   +155.00   +96.88%
       5             113  8227      巨有科技                111.50          0.00    73.42%    137.00   144.00   135.00   140.00      250.50   274.00   248.00   272.00   +132.00   +94.29%
       6              80  3498      陽程                  104.00         40.50    73.27%     90.80    99.00    88.70    99.00      175.00   190.50   174.00   190.50    +91.50   +92.42%
       7             106  3624      光頡                   21.00          0.00    72.09%     61.00    65.00    61.00    64.40      125.00   127.00   121.00   123.00    +58.60   +90.99%
       8             192  4908      前鼎                  171.50         75.50    66.78%    135.00   143.00   135.00   141.00      226.00   243.00   223.50   240.50    +99.50   +70.57%
       9             454  6617      共信-KY                45.50          0.00    66.16%     74.90    83.50    74.80    79.90      127.50   138.00   126.00   138.00    +58.10   +72.72%
      10              88  3234      光環                  102.00         40.50    64.95%     95.70   105.00    95.70   104.00      163.50   179.50   163.50   177.50    +73.50   +70.67%
      11              67  6218      豪勉                    0.00          0.00    62.97%     31.30    32.75    31.10    31.65       50.20    54.10    48.50    54.10    +22.45   +70.93%
      12              63  1815      富喬                   11.50         11.00    60.71%     66.00    72.90    65.60    72.90      115.50   121.50   115.50   118.50    +45.60   +62.55%
      13             469  3081      聯亞                 2285.00       1680.00    59.81%   1760.00  1790.00  1750.00  1790.00     2695.00  2930.00  2695.00  2805.00  +1015.00   +56.70%
      14             118  6620      漢達                   32.50          0.00    59.56%     87.90    90.00    83.30    84.30      119.00   134.00   118.50   134.00    +49.70   +58.96%
      15             186  6683      雍智科技               1200.00        650.00    59.48%    998.00  1015.00   981.00  1015.00     1450.00  1595.00  1420.00  1595.00   +580.00   +57.14%
      16              54  3490      單井                    0.00          0.00    59.06%     26.95    28.80    26.95    28.40       42.00    45.50    41.45    44.80    +16.40   +57.75%
      17              72  3467      台灣精材                  0.00          0.00    58.89%     43.40    44.85    43.40    44.50       71.20    76.50    68.00    71.60    +27.10   +60.90%
      18             116  8358      金居                  328.50        193.00    58.00%    299.00   327.50   298.00   327.50      495.50   510.00   482.50   510.00   +182.50   +55.73%
      19             180  6147      頎邦                   64.00          9.50    57.16%    128.00   143.00   128.00   135.50      201.50   207.50   197.50   207.50    +72.00   +53.14%
      20             140  4971      IET-KY              472.50        318.50    56.77%    374.00   382.00   374.00   382.00      530.00   574.00   530.00   574.00   +192.00   +50.26%
      21             278  3105      穩懋                  311.00        165.50    56.70%    298.50   320.50   298.50   311.00      469.00   473.00   454.00   472.50   +161.50   +51.93%
      22              61  7792      安葆                   80.50         26.50    56.50%    194.50   202.50   194.50   200.00      311.00   316.00   305.50   312.00   +112.00   +56.00%
      23             343  6872      浩宇生醫                  0.00          0.00    56.47%     15.30    15.30    15.15    15.20       22.90    23.65    22.50    23.10     +7.90   +51.97%
      24             156  7772      耀穎                   31.50          0.00    56.25%     85.40    88.60    85.00    86.60      135.00   135.00   129.50   133.00    +46.40   +53.58%
      25             185  6179      亞通                    0.00          0.00    55.94%     24.10    25.10    23.95    24.65       34.40    38.00    34.40    37.70    +13.05   +52.94%
      26             154  3354      律勝                    0.00          0.00    55.82%     20.00    20.35    20.00    20.15       28.10    30.50    27.85    30.50    +10.35   +51.36%
      27             243  5475      德宏                   93.50         44.50    55.71%    116.00   122.00   116.00   122.00      171.50   186.00   171.50   182.00    +60.00   +49.18%
      28              69  6716      應廣                    0.00         23.50    55.40%     77.50    81.40    77.50    78.80      115.50   120.00   115.50   118.50    +39.70   +50.38%
      29             100  6840      東研信超                  0.00          0.00    55.29%     61.60    61.60    60.20    61.00       90.30    92.70    90.20    92.70    +31.70   +51.97%
      30             167  4939      亞電                    0.00          0.00    54.69%     49.30    55.80    49.30    55.80       78.00    83.80    78.00    82.00    +26.20   +46.95%
      31             523  4188      安克                    0.00          0.00    53.69%      9.45     9.98     9.45     9.80       14.00    14.65    13.95    14.15     +4.35   +44.39%
      32             127  6291      沛亨                  287.50        164.50    53.60%    313.00   342.50   313.00   333.50      446.00   490.50   446.00   490.50   +157.00   +47.08%
      33             536  5464      霖宏                    0.00          0.00    53.13%     65.60    66.40    63.90    64.20       85.20    93.70    84.10    93.70    +29.50   +45.95%
      34             305  3324      雙鴻                  833.00        561.00    52.33%    907.00   985.00   907.00   944.00     1275.00  1375.00  1255.00  1360.00   +416.00   +44.07%
      35             308  4924      欣厚-KY                 0.00          0.00    52.02%     10.15    10.45    10.00    10.00       14.85    14.85    14.00    14.50     +4.50   +45.00%
      36             263  6727      亞泰金屬                300.50        191.00    51.57%    325.00   336.50   316.00   336.50      472.00   487.00   472.00   477.00   +140.50   +41.75%
      37             203  3455      由田                  103.50         28.50    51.55%    157.50   171.00   156.00   167.50      228.50   244.50   228.50   240.50    +73.00   +43.58%
      38              90  3693      營邦                  264.50        142.00    51.29%    443.50   489.50   443.50   472.00      673.00   685.00   671.00   681.00   +209.00   +44.28%
      39              66  3623      富晶通                   0.00          0.00    50.58%     19.20    19.85    19.20    19.75       26.15    28.65    25.60    28.40     +8.65   +43.80%
      40             184  3374      精材                  250.50        141.00    50.39%    290.50   304.50   287.50   304.50      417.00   436.00   410.50   424.00   +119.50   +39.24%
==========================================================================================================================================================================
✅ 共 40 筆


══════════════════════════════════════════════════════════════════════════════════════════════════════════════
  🔄 第 16/30 次  2026/07/31 ～ 2026/09/15
══════════════════════════════════════════════════════════════════════════════════════════════════════════════

==========================================================================================================================================================================
📊 ROI 每日報酬率累計排名 (2026/07/31 ~ 2026/09/15)
==========================================================================================================================================================================
    實資排名          累計天數排名  代號        名稱                 累計漲停(元)       累計跌停(元)       強度%  (07/31)開盤      最高      最低      收盤    (09/15)開盤      最高      最低      收盤      賺賠    賺賠率
--------------------------------------------------------------------------------------------------------------------------------------------------------------------------
       1              27  6538      倉和                  222.00         32.50   100.00%    134.00   140.50   128.00   138.00      372.50   376.00   364.00   365.00   +227.00  +164.49%
       2              46  2221      大甲                    0.00          0.00    86.37%     43.15    44.10    42.75    43.30       88.30    98.80    88.20    96.10    +52.80  +121.94%
       3              98  6173      信昌電                 227.50         75.50    81.22%    145.50   145.50   134.00   145.50      299.00   308.00   289.50   294.50   +149.00  +102.41%
       4             100  3441      聯一光                  72.70         21.50    80.97%     81.70    84.00    78.90    84.00      162.00   176.50   159.00   169.50    +85.50  +101.79%
       5              82  3624      光頡                   21.00          0.00    78.09%     62.50    62.50    56.90    62.50      122.50   129.50   120.00   123.50    +61.00   +97.60%
       6              84  3498      陽程                   87.00         40.50    77.01%     92.10    94.40    89.80    90.00      188.50   190.00   173.50   173.50    +83.50   +92.78%
       7             160  8227      巨有科技                 89.00          0.00    70.11%    142.50   143.00   137.50   141.00      239.00   253.00   239.00   249.50   +108.50   +76.95%
       8             199  4908      前鼎                  155.00         75.50    69.75%    132.00   132.00   128.50   132.00      223.00   245.00   218.00   224.00    +92.00   +69.70%
       9              59  1815      富喬                   11.50         11.00    68.44%     66.20    66.30    64.50    66.30      119.00   121.50   114.50   114.50    +48.20   +72.70%
      10              97  3234      光環                   88.00         40.50    68.33%     95.60    95.70    95.60    95.70      172.50   173.50   163.00   163.50    +67.80   +70.85%
      11             462  3081      聯亞                 2315.00       1680.00    66.44%   1630.00  1630.00  1630.00  1630.00     2725.00  2745.00  2650.00  2675.00  +1045.00   +64.11%
      12             479  6617      共信-KY                33.00          0.00    66.07%     76.10    77.60    74.80    76.00      128.00   135.00   125.50   125.50    +49.50   +65.13%
      13             119  8358      金居                  330.00        193.00    63.95%    298.00   298.00   295.00   298.00      515.00   516.00   480.00   482.00   +184.00   +61.74%
      14              47  7792      安葆                   80.50         26.50    62.52%    188.00   197.00   188.00   191.50      313.50   319.00   310.50   311.50   +120.00   +62.66%
      15             188  6683      雍智科技               1143.00        650.00    62.21%    927.00   927.00   910.00   927.00     1390.00  1465.00  1390.00  1450.00   +523.00   +56.42%
      16             159  4939      亞電                    0.00          0.00    60.97%     51.00    51.20    47.65    50.80       80.20    82.80    77.70    78.00    +27.20   +53.54%
      17             285  3105      穩懋                  309.00        165.50    60.78%    294.00   294.50   280.00   294.50      447.50   476.00   445.50   454.00   +159.50   +54.16%
      18             127  3629      地心引力                  0.00          0.00    60.74%     12.80    12.80    12.80    12.80       17.00    19.60    17.00    19.60     +6.80   +53.12%
      19             253  5475      德宏                   92.50         44.50    60.70%    111.00   111.00   110.50   111.00      173.00   179.50   169.50   170.00    +59.00   +53.15%
      20              83  3467      台灣精材                  0.00          0.00    60.69%     44.60    45.45    44.00    44.80       70.80    70.80    70.80    70.80    +26.00   +58.04%
      21             176  6147      頎邦                   64.00          9.50    60.51%    130.00   130.00   126.00   130.00      194.50   206.50   194.50   200.00    +70.00   +53.85%
      22             224  6727      亞泰金屬                331.00        191.00    60.33%    306.00   306.00   306.00   306.00      494.50   504.00   468.00   469.50   +163.50   +53.43%
      23              73  6218      豪勉                    0.00          0.00    60.11%     30.90    31.95    30.30    31.25       44.75    49.25    44.15    49.25    +18.00   +57.60%
      24             138  4971      IET-KY              455.00        318.50    59.75%    347.50   347.50   340.50   347.50      524.00   557.00   520.00   522.00   +174.50   +50.22%
      25             150  7772      耀穎                   31.50          0.00    59.70%     86.70    88.00    84.10    84.10      126.00   133.00   121.50   130.00    +45.90   +54.58%
      26             361  4188      安克                    0.00          0.00    59.45%      9.48     9.69     9.30     9.45       14.60    14.60    14.00    14.20     +4.75   +50.26%
      27              55  3490      單井                    0.00          0.00    59.20%     27.30    28.00    27.20    27.70       42.10    43.80    41.75    42.00    +14.30   +51.62%
      28             487  6872      浩宇生醫                  0.00          0.00    57.69%     15.25    15.50    15.00    15.45       22.00    23.10    22.00    22.90     +7.45   +48.22%
      29             166  3374      精材                  262.50        141.00    57.52%    277.00   277.00   277.00   277.00      429.00   430.50   407.00   408.50   +131.50   +47.47%
      30             112  6840      東研信超                  0.00          0.00    57.29%     59.40    60.50    58.60    60.00       90.70    90.90    89.10    90.00    +30.00   +50.00%
      31              70  6716      應廣                    0.00         23.50    57.28%     74.10    77.60    73.80    77.60      118.00   121.00   114.00   115.00    +37.40   +48.20%
      32              90  3693      營邦                  274.50        142.00    56.47%    435.50   447.00   435.50   447.00      680.00   685.00   662.00   666.00   +219.00   +48.99%
      33             741  6217      中探針                  83.50         26.00    54.63%    111.50   111.50    93.60   111.00      159.00   169.50   156.00   156.50    +45.50   +40.99%
      34             221  6179      亞通                    0.00          0.00    54.27%     23.50    24.60    23.40    24.25       33.90    35.40    33.15    34.85    +10.60   +43.71%
      35             146  5351      鈺創                   10.00         13.50    54.06%     72.70    72.70    72.60    72.70      105.00   106.00   102.50   102.50    +29.80   +40.99%
      36             168  4979      華星光                 416.00        323.00    53.40%    380.50   380.50   360.00   370.00      542.00   542.00   501.00   509.00   +139.00   +37.57%
      37             205  3491      昇達科                1026.00        685.00    53.20%    979.00  1010.00   909.00   969.00     1390.00  1410.00  1340.00  1355.00   +386.00   +39.83%
      38             273  5432      新門                   54.50          0.00    53.08%    104.50   105.50   101.00   101.00      145.50   146.50   143.00   143.00    +42.00   +41.58%
      39             108  3219      倚強科                   0.00          0.00    53.04%     58.40    59.50    57.40    58.60       85.40    86.00    83.50    83.50    +24.90   +42.49%
      40             177  3354      律勝                    0.00          0.00    53.00%     19.15    19.90    19.15    19.80       27.45    30.20    27.30    27.75     +7.95   +40.15%
==========================================================================================================================================================================
✅ 共 40 筆


══════════════════════════════════════════════════════════════════════════════════════════════════════════════
  🔄 第 17/30 次  2026/07/30 ～ 2026/09/14
══════════════════════════════════════════════════════════════════════════════════════════════════════════════

==========================================================================================================================================================================
📊 ROI 每日報酬率累計排名 (2026/07/30 ~ 2026/09/14)
==========================================================================================================================================================================
    實資排名          累計天數排名  代號        名稱                 累計漲停(元)       累計跌停(元)       強度%  (07/30)開盤      最高      最低      收盤    (09/14)開盤      最高      最低      收盤      賺賠    賺賠率
--------------------------------------------------------------------------------------------------------------------------------------------------------------------------
       1              25  6538      倉和                  231.50         32.50   100.00%    120.50   134.00   117.50   128.50      362.00   379.50   355.00   372.50   +244.00  +189.88%
       2              97  6173      信昌電                 240.50         75.50    81.59%    132.50   142.50   132.50   132.50      274.00   304.50   272.50   293.50   +161.00  +121.51%
       3              67  3498      陽程                   87.00         23.50    80.07%     91.50    94.10    84.10    86.30      188.00   199.00   186.50   190.50   +104.20  +120.74%
       4              72  3624      光頡                   21.00          0.00    79.07%     59.10    62.00    56.10    56.90      122.00   128.50   117.00   124.00    +67.10  +117.93%
       5             104  3441      聯一光                  72.70         21.50    77.77%     84.00    90.50    76.40    76.40      167.00   173.00   157.50   160.50    +84.10  +110.08%
       6              54  2221      大甲                    0.00          0.00    77.22%     43.95    44.85    42.10    42.10       92.80    97.80    89.20    89.90    +47.80  +113.54%
       7              68  3234      光環                   88.00         30.00    73.51%     83.40    96.00    83.40    87.00      183.00   186.50   173.00   174.00    +87.00  +100.00%
       8              39  1815      富喬                   11.50         11.00    72.58%     61.50    65.00    59.10    60.30      126.00   127.00   119.50   120.00    +59.70   +99.00%
       9             153  4908      前鼎                  167.00         75.50    71.16%    117.00   131.00   117.00   120.00      227.50   235.00   220.00   225.50   +105.50   +87.92%
      10              83  8358      金居                  357.00        157.00    69.83%    281.00   299.50   271.00   271.00      477.00   530.00   477.00   518.00   +247.00   +91.14%
      11             276  3081      聯亞                 2460.00       1610.00    69.06%   1495.00  1625.00  1450.00  1485.00     2725.00  2830.00  2685.00  2745.00  +1260.00   +84.85%
      12             182  8227      巨有科技                100.00          0.00    67.52%    132.00   137.50   128.00   130.00      240.50   259.00   235.00   241.00   +111.00   +85.38%
      13             161  5475      德宏                  102.50         44.50    64.12%    105.00   113.50   100.00   101.00      172.50   181.50   171.00   176.00    +75.00   +74.26%
      14             147  6727      亞泰金屬                358.50        172.00    64.07%    278.50   300.00   278.50   278.50      505.00   509.00   482.00   488.50   +210.00   +75.40%
      15             120  4939      亞電                    0.00          0.00    63.71%     48.20    50.10    45.90    46.55       82.40    83.80    80.40    80.60    +34.05   +73.15%
      16             121  3374      精材                  287.50        120.00    62.04%    265.00   279.50   252.00   252.00      440.00   447.50   417.50   429.50   +177.50   +70.44%
      17             115  4971      IET-KY              486.50        318.50    62.03%    316.00   358.00   316.00   316.00      531.00   559.00   531.00   531.00   +215.00   +68.04%
      18              48  6716      應廣                    0.00         23.50    61.58%     68.70    74.00    68.70    70.60      114.00   124.50   112.50   120.50    +49.90   +70.68%
      19             526  6617      共信-KY                33.00          0.00    61.13%     79.70    79.70    73.40    74.90      130.00   130.00   125.50   125.50    +50.60   +67.56%
      20              42  7792      安葆                   91.50         26.50    60.99%    187.50   190.00   179.50   180.50      301.00   313.00   300.00   312.00   +131.50   +72.85%
      21             295  3105      穩懋                  325.50        165.50    60.24%    276.50   301.00   262.00   268.00      423.00   451.00   420.00   444.00   +176.00   +65.67%
      22              66  3693      營邦                  315.00        120.00    59.86%    426.00   438.00   404.00   406.50      656.00   695.00   637.00   688.00   +281.50   +69.25%
      23              46  3490      單井                    0.00          0.00    57.66%     25.40    26.55    25.15    26.15       41.05    43.55    40.75    42.10    +15.95   +60.99%
      24             109  5351      鈺創                   10.00         13.50    57.58%     69.40    72.20    65.70    66.10      106.00   107.50   104.00   106.00    +39.90   +60.36%
      25             342  7828      創新服務               1545.00        790.00    57.42%   1220.00  1345.00  1200.00  1220.00     1970.00  1975.00  1875.00  1950.00   +730.00   +59.84%
      26             195  6147      頎邦                   64.50          9.50    57.35%    119.50   128.50   113.50   118.50      176.00   191.50   171.00   189.00    +70.50   +59.49%
      27             494  6217      中探針                  93.00         26.00    57.35%    101.50   101.50   101.50   101.50      162.00   163.50   156.50   161.00    +59.50   +58.62%
      28             196  6683      雍智科技               1112.00        650.00    57.25%    843.00   900.00   843.00   843.00     1260.00  1375.00  1235.00  1335.00   +492.00   +58.36%
      29             132  4979      華星光                 439.50        285.00    57.24%    347.00   377.50   346.50   346.50      510.00   547.00   508.00   547.00   +200.50   +57.86%
      30             189  3324      雙鴻                  857.00        516.00    56.49%    834.00   872.00   810.00   820.00     1335.00  1355.00  1280.00  1305.00   +485.00   +59.15%
      31             362  4188      安克                    0.00          0.00    55.30%      9.45     9.62     9.10     9.48       14.70    15.15    14.30    14.60     +5.12   +54.01%
      32             441  3363      上詮                  475.00        277.00    55.10%    460.00   491.00   437.00   437.00      660.00   685.00   656.00   675.00   +238.00   +54.46%
      33             110  6291      沛亨                  278.50        144.00    54.92%    313.50   321.50   295.00   298.00      460.50   484.50   440.00   466.50   +168.50   +56.54%
      34              53  5314      世紀*                   0.00          0.00    54.83%     49.50    50.30    47.20    47.25       37.95    37.95    37.95    37.95     -9.30   -19.68%
      35             107  6840      東研信超                  0.00          0.00    54.42%     57.00    59.80    56.20    58.00       90.50    90.90    86.80    90.70    +32.70   +56.38%
      36             108  6532      瑞耘                    0.00          0.00    53.75%     61.30    62.50    59.40    60.20       92.00    95.50    91.80    93.50    +33.30   +55.32%
      37             163  3455      由田                  100.50         28.50    53.19%    145.00   161.00   145.00   150.50      230.00   237.00   222.50   230.50    +80.00   +53.16%
      38             209  7772      耀穎                   31.50          0.00    53.15%     85.00    85.20    80.50    82.30      125.00   131.50   123.00   126.00    +43.70   +53.10%
      39              87  3219      倚強科                   0.00          0.00    53.05%     55.90    56.80    54.50    55.10       84.80    87.90    84.50    85.10    +30.00   +54.45%
      40             160  3491      昇達科                1072.00        650.00    52.70%    990.00  1005.00   923.00   923.00     1410.00  1460.00  1385.00  1390.00   +467.00   +50.60%
==========================================================================================================================================================================
✅ 共 40 筆


══════════════════════════════════════════════════════════════════════════════════════════════════════════════
  🔄 第 18/30 次  2026/07/29 ～ 2026/09/11
══════════════════════════════════════════════════════════════════════════════════════════════════════════════

==========================================================================================================================================================================
📊 ROI 每日報酬率累計排名 (2026/07/29 ~ 2026/09/11)
==========================================================================================================================================================================
    實資排名          累計天數排名  代號        名稱                 累計漲停(元)       累計跌停(元)       強度%  (07/29)開盤      最高      最低      收盤    (09/11)開盤      最高      最低      收盤      賺賠    賺賠率
--------------------------------------------------------------------------------------------------------------------------------------------------------------------------
       1              23  6538      倉和                  231.50         32.50   100.00%    120.00   123.00   108.50   122.00      337.50   370.00   337.50   368.00   +246.00  +201.64%
       2              48  2221      大甲                    0.00          0.00    76.01%     45.90    46.35    42.65    44.05      103.00   105.50    95.40    95.40    +51.35  +116.57%
       3              58  3234      光環                   88.00         16.50    74.13%    100.50   101.00    90.00    90.00      187.00   194.50   183.50   187.50    +97.50  +108.33%
       4              76  3498      陽程                   87.00         23.50    73.32%    101.00   101.00    89.30    93.30      188.00   196.00   184.50   192.00    +98.70  +105.79%
       5              38  1815      富喬                   11.50         11.00    71.99%     68.60    68.70    61.20    62.70      125.00   129.00   122.00   127.50    +64.80  +103.35%
       6             136  6173      信昌電                 240.50         90.00    71.85%    149.50   149.50   147.00   147.00      295.00   321.00   281.00   290.00   +143.00   +97.28%
       7              84  3624      光頡                   21.00          0.00    71.30%     67.10    67.10    62.30    62.30      108.00   124.50   107.00   124.50    +62.20   +99.84%
       8             100  3441      聯一光                  72.70         21.50    71.18%     77.50    84.90    75.00    84.80      149.50   166.00   147.00   166.00    +81.20   +95.75%
       9             141  4908      前鼎                  167.00         63.50    69.68%    134.00   135.50   120.50   125.50      242.50   253.00   235.00   237.50   +112.00   +89.24%
      10             247  3081      聯亞                 2460.00       1600.00    66.33%   1720.00  1740.00  1540.00  1540.00     2800.00  2825.00  2735.00  2810.00  +1270.00   +82.47%
      11             244  8227      巨有科技                100.00          0.00    63.10%    146.00   146.00   130.00   134.00      235.00   239.00   229.50   239.00   +105.00   +78.36%
      12             120  4939      亞電                    0.00          0.00    58.86%     54.00    55.20    49.95    49.95       80.10    86.50    80.10    82.40    +32.45   +64.96%
      13             117  3374      精材                  287.50        113.50    58.67%    308.50   308.50   279.50   279.50      472.00   496.00   463.00   463.50   +184.00   +65.83%
      14             506  6617      共信-KY                33.00          0.00    58.39%     81.00    81.00    76.10    78.90      130.00   132.00   128.50   130.00    +51.10   +64.77%
      15             145  6727      亞泰金屬                358.50        184.00    58.13%    313.00   313.00   309.00   309.00      505.00   524.00   499.00   507.00   +198.00   +64.08%
      16             233  5475      德宏                  102.50         44.50    57.02%    113.00   117.00   108.00   109.00      181.00   196.00   175.00   175.00    +66.00   +60.55%
      17             123  8358      金居                  324.00        187.00    56.57%    326.00   326.00   301.00   301.00      497.50   505.00   480.50   485.00   +184.00   +61.13%
      18             455  6872      浩宇生醫                  0.00          0.00    56.37%     15.50    15.75    15.10    15.30       25.70    25.70    24.50    24.85     +9.55   +62.42%
      19              56  6716      應廣                    0.00         23.50    56.30%     75.20    76.90    69.20    71.00      115.00   117.50   114.00   115.00    +44.00   +61.97%
      20              49  5314      世紀*                   0.00          0.00    56.01%     53.10    53.70    48.00    50.30       42.15    42.15    42.15    42.15     -8.15   -16.20%
      21              46  3490      單井                    0.00          0.00    56.01%     27.00    27.00    25.30    25.85       40.85    43.35    40.15    41.55    +15.70   +60.74%
      22             108  4971      IET-KY              486.50        334.50    55.95%    397.00   399.00   351.00   351.00      589.00   590.00   550.00   550.00   +199.00   +56.70%
      23             181  3324      雙鴻                  857.00        496.00    54.95%    864.00   894.00   816.00   855.00     1400.00  1405.00  1325.00  1360.00   +505.00   +59.06%
      24              57  7792      安葆                   91.50         37.00    54.18%    201.00   204.00   186.50   191.00      316.50   320.00   305.50   305.50   +114.50   +59.95%
      25             126  3629      地心引力                  0.00          0.00    54.01%        --       --       --       --       19.95    19.95    19.95    19.95        --        --
      26             131  3354      律勝                    0.00          0.00    53.95%     20.20    20.20    18.20    18.95       29.80    30.30    29.00    29.85    +10.90   +57.52%
      27             104  5351      鈺創                   10.00         13.50    53.73%     73.40    74.60    67.80    70.10      111.50   112.00   108.00   108.50    +38.40   +54.78%
      28             321  4188      安克                    0.00          0.00    53.32%      9.66     9.68     9.06     9.65       15.60    15.90    14.75    14.75     +5.10   +52.85%
      29             358  7828      創新服務               1545.00        835.00    53.07%   1390.00  1410.00  1290.00  1290.00     2010.00  2070.00  1955.00  1975.00   +685.00   +53.10%
      30             187  7772      耀穎                   31.50          0.00    52.52%     89.20    94.90    84.00    85.20      115.00   132.00   115.00   132.00    +46.80   +54.93%
      31             195  6179      亞通                    0.00          0.00    52.33%     24.00    24.20    22.40    23.10       38.20    38.55    34.90    35.75    +12.65   +54.76%
      32             479  3105      穩懋                  325.50        188.50    52.26%    326.50   333.00   291.00   291.00      449.50   450.00   435.00   437.50   +146.50   +50.34%
      33              95  3693      營邦                  290.00        143.00    52.07%    448.50   453.00   402.00   429.50      678.00   693.00   660.00   663.00   +233.50   +54.37%
      34             138  3455      由田                  100.50         28.50    51.98%    171.00   173.00   152.00   152.00      229.00   241.00   222.00   233.50    +81.50   +53.62%
      35             107  6840      東研信超                  0.00          0.00    51.91%     61.00    61.00    56.70    57.80       89.00    91.60    89.00    89.00    +31.20   +53.98%
      36             103  6291      沛亨                  278.50        149.50    51.43%    325.00   336.50   302.50   315.00      486.50   492.50   471.50   478.00   +163.00   +51.75%
      37             186  3141      晶宏                    0.00          0.00    51.21%     63.20    64.10    57.20    60.00       91.50    95.50    90.50    90.80    +30.80   +51.33%
      38              89  3219      倚強科                   0.00          0.00    51.07%     58.10    59.00    53.30    55.90       86.00    87.10    84.80    85.60    +29.70   +53.13%
      39             185  6739      竹陞科技                867.00        507.00    50.97%    940.00   942.00   847.00   847.00     1320.00  1370.00  1225.00  1270.00   +423.00   +49.94%
      40             121  6532      瑞耘                    0.00          0.00    50.89%     64.50    65.10    58.70    61.30       95.80    95.80    90.70    93.20    +31.90   +52.04%
==========================================================================================================================================================================
✅ 共 40 筆


══════════════════════════════════════════════════════════════════════════════════════════════════════════════
  🔄 第 19/30 次  2026/07/28 ～ 2026/09/10
══════════════════════════════════════════════════════════════════════════════════════════════════════════════

==========================================================================================================================================================================
📊 ROI 每日報酬率累計排名 (2026/07/28 ~ 2026/09/10)
==========================================================================================================================================================================
    實資排名          累計天數排名  代號        名稱                 累計漲停(元)       累計跌停(元)       強度%  (07/28)開盤      最高      最低      收盤    (09/10)開盤      最高      最低      收盤      賺賠    賺賠率
--------------------------------------------------------------------------------------------------------------------------------------------------------------------------
       1              22  6538      倉和                  202.00         32.50   100.00%    122.00   122.50   116.00   117.50      338.00   349.00   335.00   338.50   +221.00  +188.09%
       2              51  2221      大甲                    0.00          0.00    76.48%     47.50    47.65    45.60    46.35       87.80    96.50    86.30    96.50    +50.15  +108.20%
       3              98  3441      聯一光                  57.70         21.50    74.15%     67.50    77.70    67.00    77.20      141.50   157.00   137.00   151.00    +73.80   +95.60%
       4              57  3234      光環                   88.00         26.40    73.04%     99.70   104.50    98.70    99.90      196.00   205.50   192.50   195.00    +95.10   +95.20%
       5              93  3498      陽程                   87.00         23.50    71.94%    105.00   106.00    99.20    99.20      189.50   201.00   189.00   191.00    +91.80   +92.54%
       6             131  4908      前鼎                  167.00         52.00    71.75%    140.00   142.00   133.00   133.50      239.00   265.00   238.00   249.00   +115.50   +86.52%
       7             146  6173      信昌電                 240.50        106.00    69.33%    163.00   163.00   163.00   163.00      268.50   295.00   265.50   295.00   +132.00   +80.98%
       8              46  1815      富喬                   11.50         11.00    68.97%     72.80    72.80    67.80    67.90      125.00   129.00   124.00   126.00    +58.10   +85.57%
       9             305  6872      浩宇生醫                  0.00          0.00    63.23%     16.45    16.45    15.50    15.50       27.05    27.05    24.95    26.75    +11.25   +72.58%
      10             336  3081      聯亞                 2460.00       1750.00    62.99%   1690.00  1840.00  1645.00  1710.00     2820.00  2930.00  2755.00  2830.00  +1120.00   +65.50%
      11              43  5314      世紀*                   0.00          0.00    62.20%     55.60    55.90    53.00    53.00       45.35    46.80    45.35    46.80     -6.20   -11.70%
      12             118  3624      光頡                   10.00          0.00    60.86%     69.20    69.20    69.20    69.20      100.50   113.50   100.00   113.50    +44.30   +64.02%
      13             135  3324      雙鴻                  857.00        431.00    60.43%    878.00   893.00   867.00   870.00     1355.00  1440.00  1355.00  1440.00   +570.00   +65.52%
      14             568  6617      共信-KY                33.00          0.00    59.36%     83.80    83.80    80.80    81.50      131.00   132.00   128.00   130.50    +49.00   +60.12%
      15             119  3374      精材                  287.50        120.00    58.17%    313.00   321.50   310.50   310.50      481.00   494.00   476.00   488.00   +177.50   +57.17%
      16             107  4971      IET-KY              486.50        323.50    57.67%    411.50   425.50   390.00   390.00      613.00   627.00   600.00   600.00   +210.00   +53.85%
      17             235  4188      安克                    0.00          0.00    57.67%      9.90    10.10     9.70     9.88       14.00    15.45    13.45    15.45     +5.57   +56.38%
      18             218  5475      德宏                  102.50         45.50    57.41%    126.50   126.50   119.50   119.50      193.00   194.50   184.00   184.50    +65.00   +54.39%
      19             120  8358      金居                  324.00        184.00    57.41%    350.00   360.50   334.00   334.00      518.00   525.00   515.00   521.00   +187.00   +55.99%
      20             158  6179      亞通                    0.00          0.00    56.98%     23.90    24.15    23.50    24.00       38.65    39.50    36.95    38.20    +14.20   +59.17%
      21             115  3629      地心引力                  0.00          0.00    56.86%     13.00    13.00    13.00    13.00       19.95    19.95    19.95    19.95     +6.95   +53.46%
      22              56  6716      應廣                    0.00         23.50    56.85%     81.00    81.00    76.80    76.80      121.00   122.00   118.50   120.00    +43.20   +56.25%
      23              54  7792      安葆                   91.50         32.50    56.49%    210.00   214.50   203.00   203.00      322.50   324.00   315.00   322.00   +119.00   +58.62%
      24             156  6727      亞泰金屬                358.50        204.00    56.07%    358.00   358.00   343.00   343.00      508.00   535.00   503.00   521.00   +178.00   +51.90%
      25             100  5351      鈺創                   10.00         13.50    56.00%     78.10    78.40    75.30    75.30      117.00   118.50   115.50   115.50    +40.20   +53.39%
      26              55  3490      單井                    0.00          0.00    55.65%     27.40    27.75    26.45    26.65       43.50    43.55    40.80    40.85    +14.20   +53.28%
      27              86  5321      美而快                   0.00          0.00    55.45%     55.30    57.00    52.70    54.00       76.50    83.80    76.50    83.80    +29.80   +55.19%
      28              83  3693      營邦                  290.00        131.50    55.14%    481.00   481.00   445.50   446.00      700.00   719.00   687.00   691.00   +245.00   +54.93%
      29              94  6840      東研信超                  0.00          0.00    55.00%     60.30    62.40    59.00    59.00       92.30    93.90    90.80    91.20    +32.20   +54.58%
      30             166  4939      亞電                    0.00          0.00    54.91%     58.50    58.60    54.90    55.50       87.50    92.40    81.90    82.40    +26.90   +48.47%
      31             418  8227      巨有科技                 78.50         10.00    54.52%    145.00   152.00   143.50   144.00      203.00   217.50   201.00   217.50    +73.50   +51.04%
      32              76  3219      倚強科                   0.00          0.00    54.31%     60.50    60.80    57.10    57.30       88.30    89.50    87.40    88.30    +31.00   +54.10%
      33             133  3354      律勝                    0.00          0.00    53.91%     21.35    21.35    20.10    20.20       29.15    30.90    29.10    30.45    +10.25   +50.74%
      34             266  6510      精測                 2175.00       1090.00    52.43%   2510.00  2660.00  2480.00  2480.00     3605.00  3740.00  3575.00  3670.00  +1190.00   +47.98%
      35             116  6532      瑞耘                    0.00          0.00    52.38%     68.00    68.00    64.40    64.70       96.10    99.30    93.00    96.40    +31.70   +49.00%
      36             104  6291      沛亨                  278.50        153.50    52.32%    353.50   357.00   334.50   336.00      473.00   503.00   471.00   495.00   +159.00   +47.32%
      37             141  6620      漢達                   20.50          0.00    52.02%     87.90    89.60    86.00    87.30      128.50   129.00   124.00   126.50    +39.20   +44.90%
      38             360  7828      創新服務               1545.00        895.00    51.86%   1500.00  1530.00  1430.00  1430.00     2090.00  2175.00  1965.00  2055.00   +625.00   +43.71%
      39             482  3105      穩懋                  325.50        196.50    51.86%    336.00   349.50   322.50   323.00      462.50   465.00   452.00   461.50   +138.50   +42.88%
      40             193  3141      晶宏                    0.00          0.00    51.52%     65.50    65.50    62.00    63.20       93.80    96.30    92.10    92.10    +28.90   +45.73%
==========================================================================================================================================================================
✅ 共 40 筆


══════════════════════════════════════════════════════════════════════════════════════════════════════════════
  🔄 第 20/30 次  2026/07/27 ～ 2026/09/09
══════════════════════════════════════════════════════════════════════════════════════════════════════════════

==========================================================================================================================================================================
📊 ROI 每日報酬率累計排名 (2026/07/27 ~ 2026/09/09)
==========================================================================================================================================================================
    實資排名          累計天數排名  代號        名稱                 累計漲停(元)       累計跌停(元)       強度%  (07/27)開盤      最高      最低      收盤    (09/09)開盤      最高      最低      收盤      賺賠    賺賠率
--------------------------------------------------------------------------------------------------------------------------------------------------------------------------
       1              22  6538      倉和                  202.00         22.00   100.00%    132.00   134.50   126.00   126.50      320.00   353.00   316.50   349.00   +222.50  +175.89%
       2             101  3441      聯一光                  57.70         21.50    79.91%     65.00    70.70    65.00    70.70      132.50   144.00   129.00   143.50    +72.80  +102.97%
       3              57  3234      光環                   88.00         26.40    74.23%    104.50   109.50   103.00   105.50      200.00   206.00   194.00   200.00    +94.50   +89.57%
       4              71  2221      大甲                    0.00          0.00    69.82%     49.30    50.20    48.35    48.50       85.80    90.00    85.60    87.80    +39.30   +81.03%
       5             117  3498      陽程                   87.00         23.50    69.53%    111.00   112.00   106.50   108.00      190.50   197.50   187.00   191.00    +83.00   +76.85%
       6             196  4908      前鼎                  167.00         61.50    68.40%    139.50   146.50   138.50   143.00      238.50   243.00   229.50   242.00    +99.00   +69.23%
       7              65  1815      富喬                   11.50         11.00    65.54%     73.30    75.20    72.10    75.20      134.00   135.00   126.00   126.00    +50.80   +67.55%
       8             354  3081      聯亞                 2460.00       1825.00    63.10%   1825.00  1895.00  1740.00  1805.00     3085.00  3150.00  2820.00  2850.00  +1045.00   +57.89%
       9              49  3490      單井                    0.00          0.00    61.39%     27.10    27.80    26.55    27.75       43.55    44.75    43.50    44.20    +16.45   +59.28%
      10             578  6617      共信-KY                33.00          0.00    60.78%     88.90    90.20    83.10    84.10      130.50   133.00   128.00   131.00    +46.90   +55.77%
      11             244  6173      信昌電                 214.00        124.00    59.04%    159.50   181.00   148.50   181.00      278.00   281.50   267.00   268.50    +87.50   +48.34%
      12             154  4939      亞電                    0.00          0.00    58.92%     62.40    63.90    57.80    60.40       90.10    91.20    87.50    90.70    +30.30   +50.17%
      13             419  6872      浩宇生醫                  0.00          0.00    58.60%     15.95    15.95    15.80    15.95       24.60    24.60    24.60    24.60     +8.65   +54.23%
      14             113  3629      地心引力                  0.00          0.00    58.21%     13.00    13.45    13.00    13.45       20.05    20.05    20.05    20.05     +6.60   +49.07%
      15              89  6840      東研信超                  0.00          0.00    58.14%     61.20    62.00    60.00    62.00       93.20    95.60    91.20    95.60    +33.60   +54.19%
      16             220  5475      德宏                  102.50         58.00    57.26%    125.50   133.50   125.00   132.00      190.00   203.50   188.50   193.00    +61.00   +46.21%
      17             107  6620      漢達                   20.50          0.00    56.88%     82.90    89.90    82.90    89.00      127.50   132.00   127.00   132.00    +43.00   +48.31%
      18             203  3324      雙鴻                  802.00        491.00    56.61%    943.00   943.00   890.00   930.00     1375.00  1400.00  1320.00  1385.00   +455.00   +48.92%
      19             106  4971      IET-KY              486.50        345.50    56.51%    402.50   440.00   388.50   433.00      634.00   664.00   606.00   621.00   +188.00   +43.42%
      20              66  7792      安葆                   91.50         44.50    56.10%    205.00   215.00   203.00   215.00      317.00   328.50   312.50   322.50   +107.50   +50.00%
      21             188  6179      亞通                    0.00          0.00    55.94%     24.70    25.00    24.15    24.35       33.05    36.40    32.50    36.40    +12.05   +49.49%
      22              74  6716      應廣                    0.00         23.50    55.25%     81.10    83.00    80.80    82.40      118.00   123.00   118.00   119.50    +37.10   +45.02%
      23             130  8358      金居                  324.00        221.00    54.57%    369.00   375.00   347.00   371.00      534.00   535.00   519.00   526.00   +155.00   +41.78%
      24              64  5314      世紀*                   0.00          0.00    54.23%     56.50    57.00    55.40    56.70       42.55    42.55    39.40    42.55    -14.15   -24.96%
      25             103  5351      鈺創                   10.00         13.50    54.00%     84.60    84.60    79.60    83.60      117.50   119.50   116.00   118.00    +34.40   +41.15%
      26             105  6532      瑞耘                    0.00          0.00    53.98%     68.60    68.80    67.20    68.80       99.50   100.50    97.70    99.80    +31.00   +45.06%
      27             294  4188      安克                    0.00          0.00    53.44%     10.25    10.25     9.95     9.99       12.85    14.05    12.80    14.05     +4.06   +40.64%
      28             176  3374      精材                  278.00        154.50    53.32%    365.00   375.00   330.50   345.00      471.00   487.00   471.00   478.50   +133.50   +38.70%
      29              84  3219      倚強科                   0.00          0.00    53.17%     62.60    64.30    60.50    61.70       90.50    92.80    88.60    88.80    +27.10   +43.92%
      30             100  6547      高端疫苗                  0.00          0.00    52.98%     48.00    48.35    47.20    47.35       64.10    68.30    63.60    68.10    +20.75   +43.82%
      31              88  3693      營邦                  290.00        180.00    52.66%    505.00   508.00   485.00   494.50      675.00   704.00   664.00   700.00   +205.50   +41.56%
      32             163  4979      華星光                 423.50        308.00    52.19%    434.00   467.50   421.50   448.50      631.00   658.00   602.00   610.00   +161.50   +36.01%
      33             186  3141      晶宏                    0.00          0.00    51.85%     67.00    68.30    65.50    67.50       96.70    96.70    93.30    93.90    +26.40   +39.11%
      34              96  5321      美而快                   0.00          0.00    51.73%     57.60    63.00    54.30    55.00       81.00    81.00    76.60    77.20    +22.20   +40.36%
      35             231  7772      耀穎                   31.50          0.00    51.32%     91.00    93.30    88.80    93.30      144.00   144.00   122.00   130.00    +36.70   +39.34%
      36             259  6727      亞泰金屬                345.50        242.00    50.87%    372.50   382.50   370.50   381.00      526.00   540.00   499.50   508.00   +127.00   +33.33%
      37             175  3624      光頡                    0.00          0.00    50.85%     84.40    84.40    76.00    76.80      102.00   106.00    99.80   103.50    +26.70   +34.77%
      38              82  6218      豪勉                    0.00          0.00    50.39%     34.30    34.75    32.50    33.80       46.70    48.95    46.15    46.90    +13.10   +38.76%
      39             444  8093      保銳                    0.00          0.00    50.35%        --       --       --       --       25.70    26.60    25.55    26.15        --        --
      40             426  6510      精測                 2115.00       1270.00    50.05%   2635.00  2665.00  2535.00  2660.00     3810.00  3935.00  3570.00  3610.00   +950.00   +35.71%
==========================================================================================================================================================================
✅ 共 40 筆


══════════════════════════════════════════════════════════════════════════════════════════════════════════════
  🔄 第 21/30 次  2026/07/24 ～ 2026/09/08
══════════════════════════════════════════════════════════════════════════════════════════════════════════════

==========================================================================================================================================================================
📊 ROI 每日報酬率累計排名 (2026/07/24 ~ 2026/09/08)
==========================================================================================================================================================================
    實資排名          累計天數排名  代號        名稱                 累計漲停(元)       累計跌停(元)       強度%  (07/24)開盤      最高      最低      收盤    (09/08)開盤      最高      最低      收盤      賺賠    賺賠率
--------------------------------------------------------------------------------------------------------------------------------------------------------------------------
       1              27  6538      倉和                  174.00         22.00   100.00%    144.00   147.50   132.50   133.50      307.00   328.00   299.00   321.00   +187.50  +140.45%
       2              98  3441      聯一光                  46.20         21.50    89.53%     66.80    67.50    62.20    64.30      130.00   134.00   123.50   132.00    +67.70  +105.29%
       3              74  3234      光環                   88.00         26.40    80.10%    104.00   114.50   102.50   107.50      203.50   206.50   195.50   197.00    +89.50   +83.26%
       4              45  1815      富喬                   11.50         11.00    79.36%     77.70    78.20    73.70    73.90      131.00   141.50   123.00   135.00    +61.10   +82.68%
       5              90  2221      大甲                    0.00          0.00    74.97%     50.30    51.10    49.25    49.30       87.20    90.90    85.50    85.80    +36.50   +74.04%
       6             154  3498      陽程                   87.00         23.50    74.68%    113.00   115.00   109.50   111.50      189.00   192.00   185.50   189.50    +78.00   +69.96%
       7             146  6173      信昌電                 230.00        124.00    74.66%    178.00   184.50   165.00   165.00      285.00   285.00   267.50   273.50   +108.50   +65.76%
       8             200  4908      前鼎                  152.50         61.50    73.00%    142.50   154.50   140.50   140.50      224.00   235.50   221.00   227.50    +87.00   +61.92%
       9             236  3081      聯亞                 2505.00       1810.00    72.89%   1810.00  2010.00  1745.00  1760.00     3115.00  3150.00  2825.00  2865.00  +1105.00   +62.78%
      10              78  3629      地心引力                  0.00          0.00    71.20%     13.10    13.20    13.10    13.20       21.35    21.35    21.35    21.35     +8.15   +61.74%
      11              48  3490      單井                    0.00          0.00    69.30%     27.40    27.70    27.00    27.10       45.85    46.30    43.40    43.45    +16.35   +60.33%
      12             555  6617      共信-KY                33.00          0.00    68.62%     88.00    91.80    84.90    85.80      142.00   146.00   131.00   134.50    +48.70   +56.76%
      13             103  4971      IET-KY              470.50        345.50    67.27%    410.50   444.50   400.00   402.00      615.00   638.00   596.00   605.00   +203.00   +50.50%
      14              81  6840      東研信超                  0.00          0.00    66.02%     59.30    60.30    59.00    59.90       92.90   101.00    92.90    93.20    +33.30   +55.59%
      15             204  6187      萬潤                  917.00        730.00    64.15%    999.00  1015.00   940.00   942.00     1355.00  1435.00  1350.00  1385.00   +443.00   +47.03%
      16              68  7792      安葆                   91.50         44.50    63.87%    209.50   212.00   207.50   209.00      315.00   323.00   313.50   316.50   +107.50   +51.44%
      17             106  6620      漢達                   20.50          0.00    63.45%     84.70    85.30    84.00    84.20      121.50   124.00   120.00   124.00    +39.80   +47.27%
      18             242  4939      亞電                    0.00          0.00    62.55%     71.00    72.80    62.70    62.70       93.60    93.60    87.00    89.50    +26.80   +42.74%
      19             148  4979      華星光                 445.50        308.00    62.12%    401.00   448.00   397.50   426.50      598.00   630.00   590.00   605.00   +178.50   +41.85%
      20             118  3141      晶宏                    0.00          0.00    62.08%     64.90    66.60    63.20    65.40      101.50   102.00    92.90    95.40    +30.00   +45.87%
      21             153  6727      亞泰金屬                345.50        224.00    61.70%    370.00   380.00   366.50   372.50      545.00   570.00   516.00   526.00   +153.50   +41.21%
      22             355  5475      德宏                  102.50         58.00    61.65%    147.50   148.00   135.00   135.00      195.00   196.00   185.00   190.00    +55.00   +40.74%
      23             132  8358      金居                  324.00        221.00    61.48%    397.00   397.50   366.00   367.00      520.00   528.00   512.00   520.00   +153.00   +41.69%
      24              83  6716      應廣                    0.00         23.50    60.98%     83.60    86.10    82.50    82.80      123.00   128.50   117.50   118.00    +35.20   +42.51%
      25             312  3324      雙鴻                  757.00        504.00    60.28%    916.00   990.00   906.00   943.00     1425.00  1425.00  1300.00  1340.00   +397.00   +42.10%
      26             614  6588      東典光電                  9.50          0.00    59.68%     72.70    81.50    71.60    81.50      118.50   127.00   113.00   113.50    +32.00   +39.26%
      27             122  6532      瑞耘                    0.00          0.00    59.49%     71.00    71.30    68.80    68.80      100.00   100.00    96.90    97.90    +29.10   +42.30%
      28             131  5351      鈺創                   10.00         13.50    59.27%     86.60    89.20    84.70    84.80      123.00   127.00   115.50   117.00    +32.20   +37.97%
      29             180  7751      竑騰                 1390.00       1135.00    59.09%   1185.00  1200.00  1145.00  1145.00     1610.00  1620.00  1545.00  1545.00   +400.00   +34.93%
      30             301  6510      精測                 2185.00       1260.00    58.85%   2700.00  2760.00  2570.00  2590.00     3485.00  3710.00  3405.00  3620.00  +1030.00   +39.77%
      31             567  6872      浩宇生醫                  0.00          0.00    58.73%     16.15    16.15    15.70    15.95       22.40    22.40    22.40    22.40     +6.45   +40.44%
      32             195  7772      耀穎                   31.50          0.00    58.45%     96.50    96.50    93.30    93.50      131.00   131.00   131.00   131.00    +37.50   +40.11%
      33              89  3219      倚強科                   0.00          0.00    58.03%     63.50    64.90    63.00    63.60       94.30    97.00    85.70    89.00    +25.40   +39.94%
      34             212  6530      創威                    0.00          0.00    57.86%     71.60    77.60    71.60    72.50       94.10   101.50    93.30    98.50    +26.00   +35.86%
      35             270  8093      保銳                    0.00          0.00    57.71%     19.95    20.20    19.85    19.95       26.40    27.20    26.25    26.40     +6.45   +32.33%
      36             172  5432      新門                   54.50          0.00    56.80%    119.00   122.00   115.00   118.50      162.50   170.00   160.00   162.00    +43.50   +36.71%
      37              53  4413      飛寶企業                  0.00          0.00    56.27%     13.80    14.30    13.80    14.30       19.70    20.00    19.70    20.00     +5.70   +39.86%
      38             203  6640      均華                  882.00        624.00    56.27%    953.00   998.00   917.00   917.00     1305.00  1320.00  1205.00  1215.00   +298.00   +32.50%
      39             173  3508      位速                    0.00          0.00    55.74%     15.80    15.95    15.60    15.80       21.10    22.20    21.10    21.20     +5.40   +34.18%
      40             277  3374      精材                  278.00        174.50    55.69%    391.00   401.00   363.00   365.00      474.00   482.50   456.00   475.00   +110.00   +30.14%
==========================================================================================================================================================================
✅ 共 40 筆


══════════════════════════════════════════════════════════════════════════════════════════════════════════════
  🔄 第 22/30 次  2026/07/23 ～ 2026/09/07
══════════════════════════════════════════════════════════════════════════════════════════════════════════════

==========================================================================================================================================================================
📊 ROI 每日報酬率累計排名 (2026/07/23 ~ 2026/09/07)
==========================================================================================================================================================================
    實資排名          累計天數排名  代號        名稱                 累計漲停(元)       累計跌停(元)       強度%  (07/23)開盤      最高      最低      收盤    (09/07)開盤      最高      最低      收盤      賺賠    賺賠率
--------------------------------------------------------------------------------------------------------------------------------------------------------------------------
       1              42  6538      倉和                  158.00         33.50   100.00%    138.50   147.50   138.50   145.00      295.50   315.00   281.50   305.00   +160.00  +110.34%
       2             133  3441      聯一光                  46.20         21.50    93.89%     64.90    70.30    64.50    68.70      140.00   141.50   129.00   131.00    +62.30   +90.68%
       3              69  3234      光環                   88.00         26.40    90.56%    108.50   119.00   107.50   107.50      202.00   205.50   196.00   199.50    +92.00   +85.58%
       4             214  3081      聯亞                 2505.00       1675.00    84.51%   1720.00  1830.00  1645.00  1830.00     3220.00  3220.00  3000.00  3070.00  +1240.00   +67.76%
       5              94  2221      大甲                    0.00          0.00    83.01%     51.60    51.70    49.75    50.90       90.00    90.60    83.70    86.70    +35.80   +70.33%
       6             203  3498      陽程                   87.00         23.50    82.35%    111.50   115.50   108.50   114.50      194.00   196.00   188.50   189.50    +75.00   +65.50%
       7              46  3490      單井                    0.00          0.00    82.31%     27.70    28.15    27.20    27.40       46.25    47.20    45.10    46.15    +18.75   +68.43%
       8              70  1815      富喬                   11.50         11.00    81.55%     81.10    81.70    78.10    78.90      124.00   130.00   123.50   130.00    +51.10   +64.77%
       9             145  6173      信昌電                 230.00        129.00    80.38%    175.00   183.00   175.00   183.00      273.50   286.50   273.00   286.50   +103.50   +56.56%
      10             326  4908      前鼎                  152.50         61.50    79.34%    148.00   152.00   142.00   144.00      230.50   231.50   220.50   223.00    +79.00   +54.86%
      11             350  6588      東典光電                  9.50          0.00    79.24%     75.10    79.10    72.60    74.10      109.00   119.00   108.50   118.00    +43.90   +59.24%
      12              83  3141      晶宏                    0.00          0.00    77.69%     66.20    66.30    63.70    64.20      103.50   105.00    98.20   102.00    +37.80   +58.88%
      13             168  3324      雙鴻                  777.00        404.00    76.44%    928.00   959.00   922.00   923.00     1505.00  1505.00  1425.00  1440.00   +517.00   +56.01%
      14              87  6840      東研信超                  0.00          0.00    75.35%     60.10    60.90    59.80    59.90       93.90    94.30    91.60    92.90    +33.00   +55.09%
      15             700  6617      共信-KY                33.00          0.00    75.31%     98.80   100.00    89.00    89.70      135.00   135.00   135.00   135.00    +45.30   +50.50%
      16             113  4971      IET-KY              470.50        359.50    74.99%    422.00   445.00   413.50   416.00      633.00   635.00   606.00   610.00   +194.00   +46.63%
      17             109  3629      地心引力                  0.00          0.00    73.69%     13.50    13.50    13.50    13.50       19.80    19.85    19.80    19.85     +6.35   +47.04%
      18             142  4979      華星光                 449.50        308.00    73.22%    376.50   416.50   375.50   407.50      630.00   635.00   590.00   590.00   +182.50   +44.79%
      19             126  6727      亞泰金屬                345.50        213.00    72.28%    380.00   384.50   365.50   375.00      543.00   561.00   530.00   537.00   +162.00   +43.20%
      20              74  3219      倚強科                   0.00          0.00    71.05%     64.80    65.40    63.50    63.50       92.30    95.00    91.40    93.30    +29.80   +46.93%
      21              79  7792      安葆                   91.50         44.50    70.63%    212.00   216.50   210.50   216.00      308.00   319.50   308.00   314.50    +98.50   +45.60%
      22              98  6716      應廣                    0.00         23.50    69.52%     88.60    89.70    82.80    84.00      117.00   119.50   112.50   118.00    +34.00   +40.48%
      23             178  7751      竑騰                 1390.00       1130.00    68.28%   1260.00  1260.00  1155.00  1185.00     1635.00  1695.00  1585.00  1590.00   +405.00   +34.18%
      24             242  4939      亞電                    0.00          0.00    68.12%     70.90    77.20    68.30    69.60       88.50    94.50    88.50    93.60    +24.00   +34.48%
      25              92  5321      美而快                   0.00          0.00    67.97%     54.90    55.60    52.90    55.50       81.20    83.40    77.50    77.50    +22.00   +39.64%
      26             272  4188      安克                    0.00          0.00    67.67%     10.00    10.00     9.91     9.98       14.10    14.50    13.05    13.70     +3.72   +37.27%
      27             144  6532      瑞耘                    0.00          0.00    67.60%     70.80    71.20    69.50    70.30       98.00    98.40    95.70    98.00    +27.70   +39.40%
      28             135  5351      鈺創                   10.00         13.50    67.29%     91.10    91.20    85.10    87.80      116.50   121.00   116.50   118.50    +30.70   +34.97%
      29             353  6187      萬潤                  902.00        813.00    67.07%   1080.00  1100.00  1010.00  1025.00     1320.00  1400.00  1310.00  1370.00   +345.00   +33.66%
      30             240  8093      保銳                    0.00          0.00    66.87%        --       --       --       --       26.30    26.80    26.25    26.25        --        --
      31             189  6640      均華                  882.00        591.00    66.69%    979.00   988.00   943.00   969.00     1250.00  1320.00  1175.00  1300.00   +331.00   +34.16%
      32             164  5432      新門                   54.50          0.00    66.28%    124.50   124.50   119.00   120.50      159.00   170.00   154.00   164.50    +44.00   +36.51%
      33              89  3693      營邦                  259.00        181.50    65.89%    525.00   538.00   497.50   503.00      669.00   700.00   665.00   682.00   +179.00   +35.59%
      34             263  8085      福華                    0.00          0.00    65.86%     11.25    11.45    11.05    11.35       15.50    15.65    15.00    15.30     +3.95   +34.80%
      35             183  8431      匯鑽科                   0.00          0.00    65.72%     49.45    51.00    49.10    49.75       69.10    70.30    66.90    67.30    +17.55   +35.28%
      36             385  5475      德宏                  102.50         72.50    65.70%    156.00   160.00   149.00   149.50      192.00   198.00   190.00   194.00    +44.50   +29.77%
      37             130  6620      漢達                    9.50          0.00    65.47%     88.80    88.80    83.60    84.80      114.50   118.00   107.50   113.00    +28.20   +33.25%
      38             111  6547      高端疫苗                  0.00          0.00    64.93%     48.00    48.40    46.80    46.80       62.00    63.90    61.20    63.40    +16.60   +35.47%
      39              56  4413      飛寶企業                  0.00          0.00    64.44%     14.20    14.25    14.00    14.25       19.70    19.70    19.55    19.55     +5.30   +37.19%
      40              97  6218      豪勉                    0.00          0.00    64.42%     34.75    34.90    33.10    33.10       43.20    45.50    42.70    44.55    +11.45   +34.59%
==========================================================================================================================================================================
✅ 共 40 筆


══════════════════════════════════════════════════════════════════════════════════════════════════════════════
  🔄 第 23/30 次  2026/07/22 ～ 2026/09/04
══════════════════════════════════════════════════════════════════════════════════════════════════════════════

==========================================================================================================================================================================
📊 ROI 每日報酬率累計排名 (2026/07/22 ~ 2026/09/04)
==========================================================================================================================================================================
    實資排名          累計天數排名  代號        名稱                 累計漲停(元)       累計跌停(元)       強度%  (07/22)開盤      最高      最低      收盤    (09/04)開盤      最高      最低      收盤      賺賠    賺賠率
--------------------------------------------------------------------------------------------------------------------------------------------------------------------------
       1              96  3441      聯一光                  46.20          9.50   100.00%     65.20    68.00    63.90    64.00      134.00   143.00   129.50   143.00    +79.00  +123.44%
       2              40  6538      倉和                  158.00         33.50    96.74%    139.50   145.00   132.00   139.00      261.50   300.00   257.50   300.00   +161.00  +115.83%
       3             131  3081      聯亞                 2670.00       1575.00    89.01%   1640.00  1665.00  1620.00  1665.00     3245.00  3315.00  2980.00  3170.00  +1505.00   +90.39%
       4              61  3234      光環                   88.00         26.40    87.28%    104.00   108.50   102.00   108.50      203.00   209.00   190.00   206.00    +97.50   +89.86%
       5             133  3498      陽程                   87.00         23.50    81.24%    107.50   112.50   106.50   111.50      197.50   201.00   185.50   194.00    +82.50   +73.99%
       6              95  2221      大甲                    0.00          0.00    80.58%     51.10    55.30    48.15    51.60       95.70    98.50    90.30    90.80    +39.20   +75.97%
       7             100  4979      華星光                 478.00        269.00    78.50%    375.50   384.00   366.50   379.00      615.00   629.00   590.00   629.00   +250.00   +65.96%
       8              56  3490      單井                    0.00          0.00    76.82%     28.65    28.70    27.65    27.65       45.65    46.80    45.20    46.00    +18.35   +66.37%
       9             116  3324      雙鴻                  792.00        359.00    75.27%    937.00   948.00   907.00   908.00     1465.00  1485.00  1410.00  1485.00   +577.00   +63.55%
      10             288  4908      前鼎                  152.50         61.50    75.02%    143.00   146.00   142.00   144.50      214.00   224.50   199.00   224.50    +80.00   +55.36%
      11              99  3141      晶宏                    0.00          0.00    71.82%     65.00    66.00    64.50    65.80      106.00   110.00   101.00   102.50    +36.70   +55.78%
      12             105  4971      IET-KY              470.50        345.50    71.65%    419.50   440.50   417.00   419.00      639.00   644.00   589.00   624.00   +205.00   +48.93%
      13             147  6173      信昌電                 204.00        129.00    70.77%    192.00   192.50   177.00   178.00      260.00   265.00   254.50   260.50    +82.50   +46.35%
      14             106  6727      亞泰金屬                355.00        213.00    70.28%    343.50   365.50   343.50   365.50      560.00   569.00   526.00   541.00   +175.50   +48.02%
      15             103  6840      東研信超                  0.00          0.00    69.92%     60.50    61.10    60.20    60.70       90.50    93.40    89.20    92.80    +32.10   +52.88%
      16             108  3629      地心引力                  0.00          0.00    69.39%     13.60    13.60    13.45    13.45       19.75    19.80    19.75    19.80     +6.35   +47.21%
      17             379  6588      東典光電                  0.00          0.00    69.02%     71.60    73.90    71.60    73.60      104.50   109.50   102.50   108.50    +34.90   +47.42%
      18              93  1815      富喬                    0.00         11.00    68.72%     80.60    82.50    79.80    80.50      125.50   126.00   114.00   118.50    +38.00   +47.20%
      19             180  4188      安克                    0.00          0.00    66.96%     10.00    10.00     9.95    10.00       14.20    14.70    14.00    14.45     +4.45   +44.50%
      20              74  5321      美而快                   0.00          0.00    66.20%     52.50    55.20    52.10    54.90       78.00    79.50    75.90    79.40    +24.50   +44.63%
      21              87  7792      安葆                   91.50         44.50    66.18%    213.00   214.50   210.50   212.00      309.50   311.00   296.50   308.00    +96.00   +45.28%
      22             128  8431      匯鑽科                   0.00          0.00    63.95%     48.80    50.00    48.70    49.15       64.80    69.70    64.00    68.80    +19.65   +39.98%
      23             141  6532      瑞耘                    0.00          0.00    63.38%     69.70    71.50    69.70    70.30      102.50   103.00    98.00    98.00    +27.70   +39.40%
      24             165  8093      保銳                    0.00          0.00    62.94%     20.90    21.00    19.70    20.75       26.60    26.60    26.20    26.35     +5.60   +26.99%
      25             381  8111      立碁                    0.00          0.00    62.65%     50.00    51.70    48.95    51.70       72.20    73.00    68.00    70.00    +18.30   +35.40%
      26             184  6530      創威                    0.00          0.00    62.48%     71.70    74.00    71.70    72.90       96.20    99.50    94.50    98.20    +25.30   +34.71%
      27              97  3219      倚強科                   0.00          0.00    62.44%     66.00    67.30    65.40    66.10       91.80    92.50    89.20    91.30    +25.20   +38.12%
      28             132  6716      應廣                    0.00         23.50    62.39%     84.50    89.50    84.50    86.80      129.00   131.50   117.00   117.00    +30.20   +34.79%
      29              94  6240      松崗                    0.00          0.00    62.10%     18.20    18.65    18.20    18.45       27.20    27.70    25.20    25.20     +6.75   +36.59%
      30             143  3362      先進光                  68.00         41.50    61.63%    156.00   160.50   152.50   156.50      202.50   210.00   196.00   210.00    +53.50   +34.19%
      31             271  8085      福華                    0.00          0.00    61.55%     11.45    11.85    11.30    11.30       15.15    15.55    14.95    15.20     +3.90   +34.51%
      32             317  3363      上詮                  514.00        381.00    61.08%    544.00   575.00   544.00   566.00      802.00   808.00   717.00   735.00   +169.00   +29.86%
      33              48  4413      飛寶企業                  0.00          0.00    60.85%     14.15    14.40    14.00    14.25       20.00    20.00    19.70    19.70     +5.45   +38.25%
      34             198  7751      竑騰                 1390.00       1185.00    60.73%   1220.00  1295.00  1210.00  1260.00     1510.00  1610.00  1465.00  1610.00   +350.00   +27.78%
      35             194  3555      博士旺                  72.00         36.50    60.59%    140.50   150.00   140.50   146.00      187.00   199.00   186.00   193.50    +47.50   +32.53%
      36             217  6640      均華                  832.00        591.00    59.99%    939.00   982.00   930.00   965.00     1240.00  1265.00  1190.00  1250.00   +285.00   +29.53%
      37             249  3508      位速                    0.00          0.00    59.47%     15.90    16.60    15.90    16.00       21.20    21.50    20.70    20.95     +4.95   +30.94%
      38             114  4905      台聯電                   0.00          0.00    58.83%     67.40    67.40    67.40    67.40       87.00    87.50    84.90    85.90    +18.50   +27.45%
      39             576  3105      穩懋                  316.50        251.50    58.57%    360.00   373.00   356.00   359.00      465.00   465.00   438.50   449.50    +90.50   +25.21%
      40             635  5475      德宏                  102.50         72.50    58.45%    150.50   157.00   149.00   153.00      188.00   190.00   176.00   190.00    +37.00   +24.18%
==========================================================================================================================================================================
✅ 共 40 筆


══════════════════════════════════════════════════════════════════════════════════════════════════════════════
  🔄 第 24/30 次  2026/07/21 ～ 2026/09/03
══════════════════════════════════════════════════════════════════════════════════════════════════════════════

==========================================================================================================================================================================
📊 ROI 每日報酬率累計排名 (2026/07/21 ~ 2026/09/03)
==========================================================================================================================================================================
    實資排名          累計天數排名  代號        名稱                 累計漲停(元)       累計跌停(元)       強度%  (07/21)開盤      最高      最低      收盤    (09/03)開盤      最高      最低      收盤      賺賠    賺賠率
--------------------------------------------------------------------------------------------------------------------------------------------------------------------------
       1             122  3081      聯亞                 2770.00       1575.00   100.00%   1495.00  1530.00  1430.00  1515.00     3425.00  3485.00  3110.00  3120.00  +1605.00  +105.94%
       2             108  3441      聯一光                  33.20          9.50    98.43%     65.00    66.10    63.30    63.70      142.00   144.00   130.00   130.00    +66.30  +104.08%
       3              41  6538      倉和                  131.00         33.50    95.62%    141.00   155.00   137.50   137.50      273.00   273.00   273.00   273.00   +135.50   +98.55%
       4              58  3234      光環                   86.30         26.40    95.16%     98.00    99.80    96.30    98.70      211.00   214.00   193.50   194.50    +95.80   +97.06%
       5             121  3498      陽程                   87.00         23.50    89.45%    109.50   113.00   103.50   105.50      216.00   221.50   191.00   192.00    +86.50   +81.99%
       6              71  2221      大甲                    0.00          0.00    87.41%     51.70    52.30    49.75    50.60       84.20    91.50    84.20    91.50    +40.90   +80.83%
       7              76  6727      亞泰金屬                388.00        213.00    83.22%    330.00   340.00   322.50   332.50      580.00   598.00   545.00   550.00   +217.50   +65.41%
       8             100  4979      華星光                 443.00        269.00    80.58%    348.50   358.50   342.50   357.00      633.00   635.00   572.00   572.00   +215.00   +60.22%
       9              65  3490      單井                    0.00          0.00    79.53%     26.90    28.00    26.90    27.80       46.50    47.45    44.80    44.95    +17.15   +61.69%
      10             101  4971      IET-KY              473.00        345.50    77.54%    382.00   403.50   379.00   403.50      678.00   719.00   605.00   611.00   +207.50   +51.43%
      11              90  6716      應廣                    0.00         10.50    77.32%     81.40    83.30    81.40    83.00      126.00   138.00   122.50   130.00    +47.00   +56.63%
      12              95  3141      晶宏                    0.00          0.00    76.83%     63.00    64.40    62.00    63.90       99.50   105.00    97.50   100.00    +36.10   +56.49%
      13              28  3664      安瑞-KY                 0.00          0.00    76.60%      5.80     5.80     5.80     5.80        9.05     9.17     8.50     9.10     +3.30   +56.90%
      14             215  8111      立碁                    0.00          0.00    76.30%     44.95    47.70    44.85    47.00       76.50    82.80    71.90    72.00    +25.00   +53.19%
      15             291  4908      前鼎                  132.50         61.50    76.12%    139.50   140.00   135.50   138.00      220.00   229.50   200.50   204.50    +66.50   +48.19%
      16              69  1815      富喬                    0.00         11.00    75.40%     79.20    80.00    76.30    79.20      132.00   139.50   118.00   120.00    +40.80   +51.52%
      17             165  3363      上詮                  557.00        342.00    75.05%    512.00   528.00   504.00   523.00      798.00   850.00   767.00   774.00   +251.00   +47.99%
      18             376  6588      東典光電                  0.00          0.00    73.60%     70.00    71.20    69.50    69.90      107.00   111.00   101.50   103.00    +33.10   +47.35%
      19             107  6840      東研信超                  0.00          0.00    73.35%     60.00    61.00    59.80    59.90       92.30    97.10    90.10    90.10    +30.20   +50.42%
      20             112  3629      地心引力                  0.00          0.00    72.62%     13.65    13.75    13.65    13.75       18.85    19.85    18.85    19.85     +6.10   +44.36%
      21              86  6240      松崗                    0.00          0.00    72.48%     18.40    18.75    17.85    18.75       27.30    28.25    25.60    27.95     +9.20   +49.07%
      22             186  3324      雙鴻                  657.00        377.00    71.44%    873.00   930.00   870.00   926.00     1435.00  1455.00  1320.00  1350.00   +424.00   +45.79%
      23              73  5321      美而快                   0.00          0.00    71.07%     53.70    57.40    52.50    52.60       77.00    79.70    75.50    76.40    +23.80   +45.25%
      24             167  6173      信昌電                 184.50        129.00    70.84%    160.50   175.00   158.00   175.00      258.50   258.50   237.50   241.00    +66.00   +37.71%
      25             125  8093      保銳                    0.00          0.00    70.66%     19.65    21.00    19.65    20.00       26.65    26.70    26.50    26.55     +6.55   +32.75%
      26             230  4188      安克                    0.00          0.00    69.92%     10.00    10.00     9.94     9.94       14.20    14.60    14.05    14.05     +4.11   +41.35%
      27             110  6532      瑞耘                    0.00          0.00    69.89%     68.50    69.70    68.50    69.60       97.60   103.50    97.60    99.80    +30.20   +43.39%
      28              92  7792      安葆                   91.50         44.50    69.85%    206.50   215.00   206.50   212.50      309.50   315.50   305.00   305.00    +92.50   +43.53%
      29              31  6103      合邦                    0.00          0.00    68.68%     30.20    30.20    30.20    30.20       45.00    45.00    41.00    41.00    +10.80   +35.76%
      30             190  6530      創威                    0.00          0.00    67.72%     69.00    70.60    68.70    69.80      100.50   102.50    94.10    95.00    +25.20   +36.10%
      31             120  3693      營邦                  272.00        197.50    67.40%    459.00   472.00   452.50   472.00      650.00   690.00   638.00   648.00   +176.00   +37.29%
      32              97  3219      倚強科                   0.00          0.00    66.71%     64.30    67.70    64.10    65.70       91.60    93.30    89.10    90.50    +24.80   +37.75%
      33             451  3105      穩懋                  336.00        251.50    66.60%    322.00   340.00   319.50   339.50      478.00   490.00   440.00   446.50   +107.00   +31.52%
      34              44  4413      飛寶企業                  0.00          0.00    65.87%     14.45    14.70    14.20    14.35       19.95    20.00    19.60    20.00     +5.65   +39.37%
      35             471  6187      萬潤                  894.00        843.00    65.56%    960.00  1010.00   932.00   998.00     1365.00  1410.00  1300.00  1300.00   +302.00   +30.26%
      36             210  3555      博士旺                  72.00         36.50    64.73%    139.00   140.50   134.00   140.50      195.50   199.50   185.50   185.50    +45.00   +32.03%
      37             358  8085      福華                    0.00          0.00    64.72%     11.15    11.40    11.10    11.35       15.95    15.95    14.95    15.00     +3.65   +32.16%
      38             280  4991      環宇-KY               460.50        342.00    64.69%    365.00   382.50   358.00   382.50      536.00   560.00   480.50   484.50   +102.00   +26.67%
      39              96  4905      台聯電                   0.00          0.00    64.22%     66.80    66.80    66.40    66.40       88.70    89.70    85.00    85.80    +19.40   +29.22%
      40             149  3362      先進光                  56.00         41.50    64.10%    149.50   154.00   146.00   151.50      212.50   213.00   198.00   198.00    +46.50   +30.69%
==========================================================================================================================================================================
✅ 共 40 筆


══════════════════════════════════════════════════════════════════════════════════════════════════════════════
  🔄 第 25/30 次  2026/07/20 ～ 2026/09/02
══════════════════════════════════════════════════════════════════════════════════════════════════════════════

==========================================================================================================================================================================
📊 ROI 每日報酬率累計排名 (2026/07/20 ~ 2026/09/02)
==========================================================================================================================================================================
    實資排名          累計天數排名  代號        名稱                 累計漲停(元)       累計跌停(元)       強度%  (07/20)開盤      最高      最低      收盤    (09/02)開盤      最高      最低      收盤      賺賠    賺賠率
--------------------------------------------------------------------------------------------------------------------------------------------------------------------------
       1              87  3081      聯亞                 2850.00       1300.00   100.00%   1510.00  1520.00  1335.00  1435.00     3425.00  3565.00  3375.00  3395.00  +1960.00  +136.59%
       2             102  3441      聯一光                  33.20          0.00    93.44%     69.80    69.80    63.30    63.70      133.00   140.00   130.00   139.50    +75.80  +119.00%
       3              43  3234      光環                   86.30          9.90    92.68%     98.60   100.50    91.00    96.30      199.00   220.00   199.00   211.00   +114.70  +119.11%
       4              68  4971      IET-KY              509.50        287.50    80.92%    380.00   381.00   337.50   367.00      654.00   726.00   650.00   669.00   +302.00   +82.29%
       5             127  3498      陽程                   87.00         14.00    80.22%    113.50   115.00   105.50   109.50      203.00   213.00   195.00   201.50    +92.00   +84.02%
       6              72  4979      華星光                 460.00        217.00    80.16%    358.00   362.00   320.50   340.00      600.00   624.00   600.00   624.00   +284.00   +83.53%
       7              65  6727      亞泰金屬                388.00        183.00    77.24%    361.00   361.00   331.00   331.00      580.00   605.00   570.00   580.00   +249.00   +75.23%
       8              60  6538      倉和                  106.50         33.50    76.49%    137.00   150.50   136.00   141.50      248.50   248.50   248.50   248.50   +107.00   +75.62%
       9             132  8111      立碁                    0.00          0.00    74.86%     50.30    50.50    44.10    44.25       75.00    78.50    73.40    76.40    +32.15   +72.66%
      10              49  3490      單井                    0.00          0.00    74.02%     27.50    27.90    26.30    26.75       46.00    46.45    43.90    46.05    +19.30   +72.15%
      11              51  1815      富喬                    0.00          0.00    73.14%     82.00    82.00    74.40    77.30      128.50   139.00   126.00   131.00    +53.70   +69.47%
      12             204  4908      前鼎                  132.50         48.00    72.10%    140.00   140.00   124.50   135.00      227.00   241.50   215.50   218.00    +83.00   +61.48%
      13             120  3324      雙鴻                  725.00        292.00    71.32%    913.00   918.00   831.00   858.00     1375.00  1465.00  1370.00  1435.00   +577.00   +67.25%
      14              88  2221      大甲                    0.00          0.00    70.45%     51.60    52.00    49.55    50.40       78.50    85.40    78.10    83.20    +32.80   +65.08%
      15             149  3363      上詮                  577.00        342.00    68.36%    492.00   506.00   458.50   503.00      786.00   818.00   757.00   780.00   +277.00   +55.07%
      16             103  3141      晶宏                    0.00          0.00    68.22%     62.90    63.50    58.50    62.30       93.50    99.50    91.60    99.50    +37.20   +59.71%
      17             164  4991      環宇-KY               495.00        296.50    67.87%    358.00   365.50   327.50   348.00      524.00   545.00   524.00   530.00   +182.00   +52.30%
      18             101  6716      應廣                    0.00         10.50    67.06%     83.50    83.50    78.60    80.30      124.00   130.50   124.00   125.50    +45.20   +56.29%
      19             327  6588      東典光電                  0.00          0.00    66.81%     71.60    72.50    66.60    69.60      107.00   114.00   107.00   107.50    +37.90   +54.45%
      20             160  6173      信昌電                 184.50        109.50    66.10%    177.00   177.00   175.00   175.00      255.00   263.50   253.50   260.50    +85.50   +48.86%
      21             264  3105      穩懋                  362.00        228.50    65.95%    325.50   336.00   302.50   313.50      484.00   492.00   468.00   469.50   +156.00   +49.76%
      22             115  6840      東研信超                  0.00          0.00    64.58%     60.00    60.90    58.90    60.20       93.00    93.70    89.00    92.30    +32.10   +53.32%
      23              28  6103      合邦                    0.00          0.00    63.89%     30.20    30.20    30.20    30.20       43.95    44.50    41.80    44.30    +14.10   +46.69%
      24             135  6530      創威                    0.00          0.00    63.43%     68.80    70.00    64.00    68.30       93.70   105.00    93.30   101.00    +32.70   +47.88%
      25              90  6240      松崗                    0.00          0.00    63.41%     18.55    19.00    17.70    18.05       25.80    27.30    23.50    27.30     +9.25   +51.25%
      26              83  7792      安葆                   91.50         44.50    62.86%    214.00   214.00   200.00   205.50      316.50   316.50   305.50   308.00   +102.50   +49.88%
      27             206  4188      安克                    0.00          0.00    62.66%     10.15    10.15     9.85     9.85       14.20    14.80    14.00    14.50     +4.65   +47.21%
      28              99  3629      地心引力                  0.00          0.00    62.66%        --       --       --       --       20.00    20.00    19.90    19.90        --        --
      29             296  6187      萬潤                  957.00        803.00    62.39%    960.00   988.00   910.00   935.00     1360.00  1410.00  1335.00  1340.00   +405.00   +43.32%
      30             133  3555      博士旺                  72.00         25.00    62.26%    140.00   140.00   131.50   134.00      205.00   206.00   192.00   197.00    +63.00   +47.01%
      31             131  7751      竑騰                 1405.00       1095.00    62.16%   1060.00  1150.00  1030.00  1100.00     1615.00  1685.00  1555.00  1555.00   +455.00   +41.36%
      32             138  8093      保銳                    0.00          0.00    61.20%     19.95    20.25    19.50    20.25       28.40    28.40    27.15    27.15     +6.90   +34.07%
      33             146  5351      鈺創                   10.00         13.50    60.68%     86.00    87.30    80.00    82.80      118.00   120.50   116.00   117.00    +34.20   +41.30%
      34             141  5291      邑昇                    0.00          0.00    60.33%     51.70    51.70    46.40    49.30       71.40    73.20    70.20    70.70    +21.40   +43.41%
      35              86  5321      美而快                   0.00          0.00    59.86%     53.90    57.50    51.50    53.80       76.30    77.30    72.60    77.00    +23.20   +43.12%
      36             122  3693      營邦                  292.50        197.50    59.82%    442.50   463.00   432.00   451.50      627.00   654.00   626.00   642.00   +190.50   +42.19%
      37             254  8085      福華                    0.00          0.00    59.81%     11.10    11.40    10.95    11.10       16.00    16.15    15.80    15.80     +4.70   +42.34%
      38             125  6532      瑞耘                    0.00          0.00    59.66%     68.70    70.20    65.30    67.70       98.70   100.50    95.90    97.00    +29.30   +43.28%
      39             118  3362      先進光                  56.00         29.50    59.48%    156.00   156.50   144.50   148.50      202.50   213.00   201.00   210.00    +61.50   +41.41%
      40              97  3219      倚強科                   0.00          0.00    58.82%     65.40    65.80    63.00    63.60       88.00    94.60    88.00    90.40    +26.80   +42.14%
==========================================================================================================================================================================
✅ 共 40 筆


══════════════════════════════════════════════════════════════════════════════════════════════════════════════
  🔄 第 26/30 次  2026/07/17 ～ 2026/09/01
══════════════════════════════════════════════════════════════════════════════════════════════════════════════

==========================================================================================================================================================================
📊 ROI 每日報酬率累計排名 (2026/07/17 ~ 2026/09/01)
==========================================================================================================================================================================
    實資排名          累計天數排名  代號        名稱                 累計漲停(元)       累計跌停(元)       強度%  (07/17)開盤      最高      最低      收盤    (09/01)開盤      最高      最低      收盤      賺賠    賺賠率
--------------------------------------------------------------------------------------------------------------------------------------------------------------------------
       1              91  3081      聯亞                 2850.00       1315.00   100.00%   1515.00  1560.00  1460.00  1480.00     3600.00  3600.00  3420.00  3425.00  +1945.00  +131.42%
       2              60  3234      光環                   75.30          9.90    86.55%    104.00   105.50    97.20   100.50      185.00   203.00   183.50   200.00    +99.50   +99.00%
       3             148  3441      聯一光                  33.20          0.00    86.18%     68.00    70.60    66.50    68.00      137.00   139.00   130.00   133.00    +65.00   +95.59%
       4              86  4971      IET-KY              509.50        287.50    78.88%    410.50   410.50   375.00   375.00      612.00   660.00   600.00   660.00   +285.00   +76.00%
       5             136  3498      陽程                   87.00         14.00    76.66%    124.50   125.50   117.00   117.00      215.50   217.00   194.50   203.50    +86.50   +73.93%
       6             166  4908      前鼎                  132.50         36.50    74.42%    145.00   147.00   136.50   138.00      229.00   229.50   225.00   229.50    +91.50   +66.30%
       7             101  4979      華星光                 436.00        233.00    74.26%    376.50   382.50   353.00   356.00      609.00   613.00   595.00   600.00   +244.00   +68.54%
       8              56  3490      單井                    0.00          0.00    72.36%     29.45    29.45    27.50    27.50       45.70    46.30    44.30    46.15    +18.65   +67.82%
       9              59  6538      倉和                   84.00         33.50    71.79%    143.50   146.00   134.00   137.00      224.00   226.00   224.00   226.00    +89.00   +64.96%
      10              89  6727      亞泰金屬                388.00        219.50    69.55%    367.50   389.50   367.50   367.50      530.00   576.00   530.00   576.00   +208.50   +56.73%
      11             132  3363      上詮                  577.00        342.00    68.74%    519.00   532.00   504.00   504.00      742.00   813.00   735.00   786.00   +282.00   +55.95%
      12              74  1815      富喬                    0.00          0.00    68.23%     85.10    86.00    81.40    81.50      126.50   132.50   125.00   129.00    +47.50   +58.28%
      13             150  4991      環宇-KY               495.00        294.50    67.21%    382.50   387.50   360.00   360.00      530.00   554.00   511.00   544.00   +184.00   +51.11%
      14             213  8111      立碁                    0.00          0.00    66.81%     47.65    49.35    46.95    48.95       72.80    75.40    69.00    75.40    +26.45   +54.03%
      15             316  6588      東典光電                  0.00          0.00    65.59%     75.00    76.30    70.70    71.60      111.50   112.00   107.00   109.00    +37.40   +52.23%
      16             256  3105      穩懋                  362.00        225.00    64.90%    344.50   350.00   332.50   332.50      448.50   492.00   444.00   492.00   +159.50   +47.97%
      17             116  7751      竑騰                 1405.00       1020.00    64.57%   1210.00  1210.00  1120.00  1130.00     1615.00  1705.00  1570.00  1660.00   +530.00   +46.90%
      18             109  6716      應廣                    0.00         10.50    64.40%     87.00    87.00    81.80    83.40      123.00   127.50   122.00   126.00    +42.60   +51.08%
      19              99  8093      保銳                    0.00          0.00    64.23%     19.90    20.00    19.20    19.95       28.60    28.60    28.00    28.00     +8.05   +40.35%
      20              24  6103      合邦                    0.00          0.00    64.12%     30.20    30.20    30.20    30.20       46.90    46.90    44.60    44.60    +14.40   +47.68%
      21             122  6840      東研信超                  0.00          0.00    63.61%     62.00    62.00    59.50    60.90       93.00    94.60    91.50    92.50    +31.60   +51.89%
      22             178  3324      雙鴻                  665.00        347.00    63.50%    879.00   930.00   869.00   913.00     1300.00  1375.00  1300.00  1375.00   +462.00   +50.60%
      23             375  4939      亞電                    0.00          0.00    63.27%     65.00    67.60    60.20    60.20       88.60    89.40    86.30    87.10    +26.90   +44.68%
      24              78  7792      安葆                   91.50         44.50    62.87%    220.00   220.50   204.00   208.50      305.50   319.50   302.50   314.00   +105.50   +50.60%
      25              79  3629      地心引力                  0.00          0.00    62.68%     14.50    14.50    14.50    14.50       20.00    20.00    20.00    20.00     +5.50   +37.93%
      26             183  4188      安克                    0.00          0.00    62.18%     10.20    10.20     9.88     9.90       14.50    14.90    14.50    14.55     +4.65   +46.97%
      27             125  2221      大甲                    0.00          0.00    61.92%     58.40    59.30    52.60    52.60       76.00    80.00    75.70    77.70    +25.10   +47.72%
      28             291  6187      萬潤                  957.00        808.00    60.83%   1020.00  1035.00   971.00   975.00     1350.00  1395.00  1320.00  1375.00   +400.00   +41.03%
      29             186  8085      福華                    0.00          0.00    60.72%     11.30    11.40    11.05    11.10       16.00    16.30    15.60    16.10     +5.00   +45.05%
      30             133  3555      博士旺                  72.00         25.00    60.56%    145.50   148.00   139.00   142.00      207.50   214.50   200.50   205.00    +63.00   +44.37%
      31              76  5321      美而快                   0.00          0.00    60.24%     54.70    56.90    51.90    54.00       86.10    86.10    78.10    78.20    +24.20   +44.81%
      32             135  3141      晶宏                    0.00          0.00    59.49%     66.00    66.40    62.30    63.20       83.00    90.50    81.90    90.50    +27.30   +43.20%
      33             134  5291      邑昇                    0.00          0.00    59.39%     54.90    55.40    50.00    50.80       69.60    73.20    68.70    72.40    +21.60   +42.52%
      34             121  3693      營邦                  284.00        197.50    58.75%    462.50   473.00   442.00   442.00      610.00   644.00   600.00   624.00   +182.00   +41.18%
      35             190  6173      信昌電                 184.50        128.50    58.74%    195.00   195.00   194.00   194.00      255.50   270.50   254.00   261.50    +67.50   +34.79%
      36             177  6530      創威                    0.00          0.00    58.69%     72.80    72.80    69.00    69.00       89.90    96.90    89.10    96.40    +27.40   +39.71%
      37             117  6532      瑞耘                    0.00          0.00    58.19%     73.00    73.00    69.00    69.70       99.60   102.00    95.10    98.60    +28.90   +41.46%
      38             145  5351      鈺創                   10.00         13.50    57.30%     91.10    93.00    88.00    88.00      119.50   121.50   116.00   119.50    +31.50   +35.80%
      39             118  6240      松崗                    0.00          0.00    56.60%     18.45    18.80    18.35    18.55       26.05    27.80    25.20    25.80     +7.25   +39.08%
      40             222  3508      位速                    0.00          0.00    56.20%     16.80    16.80    16.05    16.20       20.65    22.50    20.50    22.20     +6.00   +37.04%
==========================================================================================================================================================================
✅ 共 40 筆


══════════════════════════════════════════════════════════════════════════════════════════════════════════════
  🔄 第 27/30 次  2026/07/16 ～ 2026/08/31
══════════════════════════════════════════════════════════════════════════════════════════════════════════════

==========================================================================================================================================================================
📊 ROI 每日報酬率累計排名 (2026/07/16 ~ 2026/08/31)
==========================================================================================================================================================================
    實資排名          累計天數排名  代號        名稱                 累計漲停(元)       累計跌停(元)       強度%  (07/16)開盤      最高      最低      收盤    (08/31)開盤      最高      最低      收盤      賺賠    賺賠率
--------------------------------------------------------------------------------------------------------------------------------------------------------------------------
       1              90  3081      聯亞                 2850.00       1350.00   100.00%   1715.00  1715.00  1615.00  1620.00     3240.00  3550.00  3235.00  3530.00  +1910.00  +117.90%
       2             113  3441      聯一光                  33.20          0.00    90.39%     63.80    71.10    63.70    69.70      127.50   137.50   127.50   136.00    +66.30   +95.12%
       3              81  3234      光環                   60.30          9.90    79.51%    110.00   114.50   107.50   108.00      180.00   185.00   170.00   185.00    +77.00   +71.30%
       4             130  3498      陽程                   87.00         26.50    75.42%    122.00   131.50   119.00   129.50      191.00   208.00   191.00   208.00    +78.50   +60.62%
       5             102  4979      華星光                 436.00        269.00    72.87%    401.00   404.00   385.00   392.00      606.00   613.00   589.00   609.00   +217.00   +55.36%
       6              80  8093      保銳                    0.00          0.00    70.63%     20.00    20.00    19.15    19.50       27.50    28.45    27.50    28.05     +8.55   +43.85%
       7              76  3490      單井                    0.00          0.00    69.88%     30.05    30.75    29.50    29.80       48.10    50.20    45.30    45.50    +15.70   +52.68%
       8              70  3629      地心引力                  0.00          0.00    69.25%     14.05    14.05    14.05    14.05       19.65    20.00    19.65    19.90     +5.85   +41.64%
       9              24  6103      合邦                    0.00          0.00    68.46%     30.20    30.20    30.20    30.20       47.00    47.00    43.15    44.50    +14.30   +47.35%
      10             126  4971      IET-KY              449.50        329.00    68.16%    422.50   422.50   406.00   416.50      555.00   600.00   555.00   600.00   +183.50   +44.06%
      11             103  6840      東研信超                  0.00          0.00    67.88%     61.00    62.80    61.00    62.10       97.70    97.70    92.20    94.00    +31.90   +51.37%
      12              67  5321      美而快                   0.00          0.00    67.47%     57.60    58.70    56.20    57.60       83.40    88.10    78.00    86.70    +29.10   +50.52%
      13             148  4188      安克                    0.00          0.00    64.94%     10.35    10.45    10.20    10.35       14.60    15.20    14.55    14.85     +4.50   +43.48%
      14              96  1815      富喬                    0.00          0.00    64.75%     90.70    90.70    88.40    89.10      124.00   128.00   122.50   126.50    +37.40   +41.98%
      15             282  4908      前鼎                  112.00         50.00    64.67%    152.00   154.00   148.00   151.50      187.50   209.00   187.50   209.00    +57.50   +37.95%
      16             318  6588      東典光電                  0.00          0.00    64.55%     80.50    80.50    77.60    78.40      110.00   114.00   105.00   110.50    +32.10   +40.94%
      17             229  4991      環宇-KY               495.00        334.50    63.42%    414.50   415.00   394.50   400.00      515.00   543.00   505.00   539.00   +139.00   +34.75%
      18              84  6538      倉和                   63.50         44.50    63.05%    151.50   152.50   146.50   148.00      197.50   215.00   197.50   205.50    +57.50   +38.85%
      19             241  8111      立碁                    0.00          0.00    62.95%     49.10    50.30    47.95    49.50       62.40    68.60    62.20    68.60    +19.10   +38.59%
      20             136  6716      應廣                    0.00         10.50    62.84%     93.80    93.80    89.10    89.10      127.50   127.50   120.00   124.00    +34.90   +39.17%
      21             215  8085      福華                    0.00          0.00    62.71%     11.35    11.45    11.30    11.30       15.55    16.50    15.45    15.85     +4.55   +40.27%
      22             203  3363      上詮                  538.00        393.00    62.29%    582.00   582.00   542.00   555.00      683.00   747.00   683.00   747.00   +192.00   +34.59%
      23             371  4939      亞電                    0.00          0.00    62.08%     60.30    66.80    60.30    66.80       89.00    93.20    87.50    89.20    +22.40   +33.53%
      24             177  3324      雙鴻                  551.00        347.00    61.35%    905.00   922.00   885.00   902.00     1130.00  1250.00  1125.00  1250.00   +348.00   +38.58%
      25             162  7751      竑騰                 1360.00       1130.00    60.24%   1210.00  1290.00  1200.00  1240.00     1790.00  1790.00  1615.00  1615.00   +375.00   +30.24%
      26             114  6240      松崗                    0.00          0.00    59.66%     18.35    18.55    17.85    18.55       23.00    25.30    22.30    25.30     +6.75   +36.39%
      27             123  6727      亞泰金屬                336.00        260.00    58.98%    411.50   430.50   398.00   408.00      531.00   563.00   520.00   524.00   +116.00   +28.43%
      28             159  3555      博士旺                  72.00         35.00    58.98%    156.00   156.50   149.00   152.00      185.50   202.00   185.00   202.00    +50.00   +32.89%
      29              47  4413      飛寶企業                  0.00          0.00    58.85%     14.90    14.90    14.15    14.40       20.00    20.60    19.80    19.90     +5.50   +38.19%
      30             105  7792      安葆                   78.50         62.50    58.09%    234.50   236.00   226.50   226.50      305.00   312.00   296.50   301.00    +74.50   +32.89%
      31             118  6547      高端疫苗                  0.00          0.00    57.95%     48.00    48.00    46.35    47.70       65.00    65.90    62.80    63.90    +16.20   +33.96%
      32              88  4905      台聯電                   0.00          0.00    57.84%     68.30    70.60    68.30    69.80       89.70    91.50    88.00    90.30    +20.50   +29.37%
      33             179  2221      大甲                    0.00          0.00    57.22%     55.10    58.40    52.00    58.40       78.50    79.70    71.90    76.00    +17.60   +30.14%
      34             724  8291      尚茂                    0.00          0.00    56.78%     26.30    27.35    26.30    27.35       33.25    37.40    33.25    34.05     +6.70   +24.50%
      35             216  6913      鴻呈                   14.00          0.00    56.73%    125.00   129.00   123.50   127.00      159.00   169.00   156.50   166.00    +39.00   +30.71%
      36             472  6187      萬潤                  927.00        908.00    56.61%   1055.00  1110.00  1045.00  1075.00     1335.00  1380.00  1280.00  1345.00   +270.00   +25.12%
      37             151  6532      瑞耘                    0.00          0.00    55.81%     75.80    75.90    73.50    73.90       89.10    96.20    89.10    95.30    +21.40   +28.96%
      38             189  5291      邑昇                    0.00          0.00    55.36%     58.30    58.30    53.40    54.70       67.70    71.80    66.50    69.50    +14.80   +27.06%
      39             171  8358      金居                  320.50        218.00    55.21%    460.00   461.00   438.00   439.00      538.00   549.00   515.00   540.00   +101.00   +23.01%
      40             219  4304      勝昱                    0.00          0.00    55.09%     21.00    21.00    20.00    20.00       22.55    26.00    22.55    25.30     +5.30   +26.50%
==========================================================================================================================================================================
✅ 共 40 筆


══════════════════════════════════════════════════════════════════════════════════════════════════════════════
  🔄 第 28/30 次  2026/07/14 ～ 2026/08/28
══════════════════════════════════════════════════════════════════════════════════════════════════════════════

==========================================================================================================================================================================
📊 ROI 每日報酬率累計排名 (2026/07/14 ~ 2026/08/28)
==========================================================================================================================================================================
    實資排名          累計天數排名  代號        名稱                 累計漲停(元)       累計跌停(元)       強度%  (07/14)開盤      最高      最低      收盤    (08/28)開盤      最高      最低      收盤      賺賠    賺賠率
--------------------------------------------------------------------------------------------------------------------------------------------------------------------------
       1             121  3441      聯一光                  33.20          0.00   100.00%     73.20    73.80    66.90    67.30      138.50   140.50   129.50   130.00    +62.70   +93.16%
       2             124  3081      聯亞                 2625.00       1485.00    92.57%   1950.00  2040.00  1795.00  1925.00     3370.00  3455.00  3285.00  3305.00  +1380.00   +71.69%
       3             199  4939      亞電                    0.00          0.00    90.36%     57.00    59.20    53.20    55.30       91.80    95.20    82.90    92.80    +37.50   +67.81%
       4              18  6103      合邦                    0.00          0.00    87.00%     28.25    28.25    28.25    28.25       47.00    47.00    45.10    47.00    +18.75   +66.37%
       5              58  3490      單井                    0.00          0.00    86.33%     30.90    31.10    29.05    29.80       54.30    54.80    49.80    50.30    +20.50   +68.79%
       6             106  3234      光環                   60.30          9.90    85.10%    120.00   124.00   109.50   111.00      183.00   186.00   181.00   181.50    +70.50   +63.51%
       7             113  7751      竑騰                 1390.00        955.00    83.66%   1230.00  1255.00  1135.00  1135.00     1975.00  1975.00  1790.00  1790.00   +655.00   +57.71%
       8             132  3498      陽程                   68.50         26.50    83.31%    140.00   140.00   118.00   119.50      200.00   203.00   189.00   189.50    +70.00   +58.58%
       9             117  2221      大甲                    0.00          0.00    82.64%     48.40    51.50    48.00    49.85       75.00    82.00    75.00    79.70    +29.85   +59.88%
      10              69  6840      東研信超                  0.00          0.00    82.26%     61.20    61.20    59.50    60.40       98.70    99.30    95.10    98.40    +38.00   +62.91%
      11             110  4188      安克                    0.00          0.00    81.73%     10.25    10.25    10.05    10.10       17.65    17.65    14.50    16.15     +6.05   +59.90%
      12             116  4979      華星光                 436.00        287.00    79.54%    420.00   442.00   382.50   403.00      603.00   621.00   596.00   610.00   +207.00   +51.36%
      13              98  8093      保銳                    0.00          0.00    77.40%     20.00    20.00    19.50    19.50       27.30    27.80    27.20    27.45     +7.95   +40.77%
      14             205  6588      東典光電                  0.00          0.00    76.75%     77.00    77.90    70.20    75.60      109.00   112.00   105.00   112.00    +36.40   +48.15%
      15              63  3629      地心引力                  0.00          0.00    76.65%        --       --       --       --       19.70    19.70    18.10    19.65        --        --
      16             127  4971      IET-KY              417.50        329.00    75.69%    428.00   439.00   385.50   398.00      560.00   573.00   545.00   568.00   +170.00   +42.71%
      17              68  5321      美而快                   0.00          0.00    75.57%     57.90    59.90    54.00    56.60       84.50    85.80    82.00    85.00    +28.40   +50.18%
      18             103  1815      富喬                    0.00          0.00    72.77%     93.60    94.30    85.20    88.40      118.50   128.00   111.00   125.50    +37.10   +41.97%
      19             301  6187      萬潤                  927.00        888.00    72.67%   1020.00  1050.00   933.00   985.00     1420.00  1455.00  1325.00  1365.00   +380.00   +38.58%
      20              79  4139      馬光-KY                 0.00          0.00    72.09%     26.35    28.60    26.35    28.60       39.50    40.10    39.50    40.00    +11.40   +39.86%
      21             129  6716      應廣                    0.00         10.50    71.99%     94.90    98.20    88.20    90.50      127.50   132.00   126.00   128.00    +37.50   +41.44%
      22             173  8085      福華                    0.00          0.00    71.84%     11.80    11.80    11.05    11.30       15.05    16.60    15.05    16.10     +4.80   +42.48%
      23             441  8291      尚茂                    0.00          0.00    71.65%     27.00    28.30    26.00    26.20       35.05    37.80    35.05    35.75     +9.55   +36.45%
      24              94  6547      高端疫苗                  0.00          0.00    71.62%     46.15    46.20    44.10    45.05       64.70    67.90    64.20    65.00    +19.95   +44.28%
      25              78  4905      台聯電                   0.00          0.00    69.41%     66.00    66.30    66.00    66.30       91.90    91.90    90.10    90.10    +23.80   +35.90%
      26             108  3631      晟楠                    0.00          0.00    67.22%     32.00    32.30    30.80    32.20       41.00    44.20    40.10    44.20    +12.00   +37.27%
      27             254  8111      立碁                    0.00          0.00    66.87%     49.15    49.80    45.45    47.05       64.90    65.60    61.30    62.40    +15.35   +32.62%
      28             294  4416      三圓                    0.00          0.00    66.33%     11.10    11.10    10.15    10.40       14.50    14.60    14.00    14.05     +3.65   +35.10%
      29             126  6727      亞泰金屬                336.00        247.00    65.42%    431.00   446.50   419.00   423.50      529.00   551.00   518.00   537.00   +113.50   +26.80%
      30             387  4991      環宇-KY               476.00        360.50    64.89%    440.00   458.00   405.50   417.00      538.00   540.00   511.00   520.00   +103.00   +24.70%
      31             172  3324      雙鴻                  441.00        347.00    64.69%    899.00   904.00   819.00   864.00     1075.00  1155.00  1075.00  1140.00   +276.00   +31.94%
      32             114  6538      倉和                   63.50         44.50    64.36%    147.00   158.00   135.00   156.00      219.00   222.50   200.00   200.00    +44.00   +28.21%
      33             115  7792      安葆                   78.50         62.50    64.23%    241.00   241.00   225.00   231.50      301.50   306.00   297.00   303.00    +71.50   +30.89%
      34             157  3491      昇達科                1087.00        812.00    63.51%   1255.00  1260.00  1155.00  1195.00     1500.00  1515.00  1450.00  1510.00   +315.00   +26.36%
      35              59  4413      飛寶企業                  0.00          0.00    63.10%     14.70    14.90    14.15    14.90       20.00    20.50    19.80    19.80     +4.90   +32.89%
      36             186  5291      邑昇                    0.00          0.00    62.97%     54.00    54.40    50.90    53.60       67.00    72.00    66.00    68.50    +14.90   +27.80%
      37             469  4908      前鼎                   93.00         50.00    62.76%    159.00   164.00   143.50   154.50      195.00   199.00   183.00   190.00    +35.50   +22.98%
      38             107  3287      廣寰科                   0.00          0.00    62.36%     30.10    30.55    29.05    29.65       37.00    39.45    36.55    38.40     +8.75   +29.51%
      39             234  6913      鴻呈                   14.00          0.00    61.66%    125.50   125.50   118.50   125.00      162.50   164.00   152.50   159.00    +34.00   +27.20%
      40             134  4735      豪展                    0.00          0.00    61.26%     30.65    31.00    30.50    30.50       38.20    38.95    38.20    38.90     +8.40   +27.54%
==========================================================================================================================================================================
✅ 共 40 筆


══════════════════════════════════════════════════════════════════════════════════════════════════════════════
  🔄 第 29/30 次  2026/07/13 ～ 2026/08/27
══════════════════════════════════════════════════════════════════════════════════════════════════════════════

==========================================================================================================================================================================
📊 ROI 每日報酬率累計排名 (2026/07/13 ~ 2026/08/27)
==========================================================================================================================================================================
    實資排名          累計天數排名  代號        名稱                 累計漲停(元)       累計跌停(元)       強度%  (07/13)開盤      最高      最低      收盤    (08/27)開盤      最高      最低      收盤      賺賠    賺賠率
--------------------------------------------------------------------------------------------------------------------------------------------------------------------------
       1             122  3441      聯一光                  33.20          0.00   100.00%     70.40    74.30    70.20    74.30      133.50   137.50   127.00   137.50    +63.20   +85.06%
       2             119  3081      聯亞                 2625.00       1485.00    94.61%   2035.00  2080.00  1950.00  1990.00     3385.00  3510.00  3265.00  3370.00  +1380.00   +69.35%
       3              59  3490      單井                    0.00          0.00    90.83%     31.75    31.90    30.85    31.40       50.60    56.00    49.60    54.00    +22.60   +71.97%
       4             108  7751      竑騰                 1390.00        885.00    86.49%   1300.00  1320.00  1235.00  1260.00     1805.00  1985.00  1805.00  1985.00   +725.00   +57.54%
       5             131  3498      陽程                   68.50         24.00    84.60%    136.00   139.00   128.50   131.00      208.00   208.00   199.00   203.50    +72.50   +55.34%
       6             320  4939      亞電                    0.00          0.00    84.51%     57.80    59.40    56.30    57.20       82.10    86.60    81.60    86.60    +29.40   +51.40%
       7             125  4188      安克                    0.00          0.00    82.40%     10.55    10.55    10.25    10.30       16.05    16.05    16.05    16.05     +5.75   +55.83%
       8             120  2221      大甲                    0.00          0.00    82.25%     48.80    50.00    48.25    48.40       71.80    74.70    70.10    74.60    +26.20   +54.13%
       9              86  6840      東研信超                  0.00          0.00    81.92%     64.90    64.90    62.50    62.70       93.80   100.00    90.30    98.30    +35.60   +56.78%
      10             114  4979      華星光                 436.00        287.00    80.05%    443.00   451.00   413.50   419.00      619.00   654.00   599.00   617.00   +198.00   +47.26%
      11             142  3234      光環                   60.30         20.40    79.96%    126.50   128.00   117.00   121.50      179.00   186.00   178.50   180.00    +58.50   +48.15%
      12              80  4139      馬光-KY                 0.00          0.00    79.90%     25.20    26.00    24.90    26.00       37.50    38.50    37.50    38.50    +12.50   +48.08%
      13              78  6538      倉和                   63.50         22.50    78.92%    141.00   149.50   141.00   149.50      211.00   222.50   207.00   222.00    +72.50   +48.49%
      14             100  8093      保銳                    0.00          0.00    78.65%     19.70    19.70    19.70    19.70       27.35    27.50    26.95    27.25     +7.55   +38.32%
      15             304  6588      東典光電                  0.00          0.00    75.67%     79.80    80.80    78.00    78.00      113.00   114.50   108.50   110.50    +32.50   +41.67%
      16             276  6187      萬潤                  927.00        873.00    75.03%   1110.00  1125.00  1010.00  1035.00     1360.00  1430.00  1355.00  1430.00   +395.00   +38.16%
      17              30  6103      合邦                    0.00          0.00    74.95%     30.60    30.60    30.60    30.60       40.10    42.75    40.00    42.75    +12.15   +39.71%
      18              89  5321      美而快                   0.00          0.00    73.41%     63.00    63.50    60.00    60.00       82.90    85.00    81.50    85.00    +25.00   +41.67%
      19             169  4971      IET-KY              417.50        359.00    72.24%    426.00   443.00   416.00   428.00      552.00   570.00   531.00   567.00   +139.00   +32.48%
      20              66  3629      地心引力                  0.00          0.00    71.27%     14.80    14.80    14.80    14.80       17.95    17.95    17.95    17.95     +3.15   +21.28%
      21              77  4905      台聯電                   0.00          0.00    70.72%     67.60    68.90    67.60    67.70       91.00    92.70    89.80    90.70    +23.00   +33.97%
      22             106  6547      高端疫苗                  0.00          0.00    70.13%     47.75    47.75    45.80    45.85       61.90    66.70    60.50    63.10    +17.25   +37.62%
      23             226  8111      立碁                    0.00          0.00    68.31%     50.80    50.90    48.90    49.15       64.10    67.50    63.10    64.40    +15.25   +31.03%
      24             514  8291      尚茂                    0.00          0.00    68.15%     30.00    30.00    28.50    28.50       35.90    38.80    34.20    36.10     +7.60   +26.67%
      25             174  6716      應廣                    0.00         10.50    67.70%    104.00   104.50    95.00    98.00      124.50   133.00   123.00   127.50    +29.50   +30.10%
      26              53  4413      飛寶企業                  0.00          0.00    67.02%     14.85    14.95    14.70    14.70       19.80    21.25    19.80    19.90     +5.20   +35.37%
      27             282  4416      三圓                    0.00          0.00    66.74%     11.45    11.45    11.00    11.00       14.70    15.20    14.10    14.50     +3.50   +31.82%
      28             310  8085      福華                    0.00          0.00    66.32%     12.05    12.10    11.75    11.80       15.75    15.80    14.30    15.30     +3.50   +29.66%
      29             411  4908      前鼎                   93.00         50.00    65.06%    169.00   169.00   155.50   159.00      184.50   195.50   175.00   195.50    +36.50   +22.96%
      30             389  4991      環宇-KY               476.00        376.00    63.77%    464.00   471.00   437.50   450.50      508.00   538.00   500.00   538.00    +87.50   +19.42%
      31             808  6617      共信-KY                11.50         10.00    63.70%    110.00   110.00   102.00   105.00      128.00   129.50   120.00   128.50    +23.50   +22.38%
      32             144  1815      富喬                    0.00          0.00    63.17%     96.00    99.90    93.20    94.60      118.00   118.50   112.00   116.50    +21.90   +23.15%
      33             222  4304      勝昱                    0.00          0.00    63.09%     19.50    20.35    19.00    19.80       25.50    25.95    24.40    24.65     +4.85   +24.49%
      34             246  6913      鴻呈                   14.00          0.00    63.06%    126.50   130.00   125.50   125.50      146.00   158.00   146.00   158.00    +32.50   +25.90%
      35             140  7792      安葆                   78.50         62.50    62.68%    236.50   250.00   235.00   240.50      306.50   307.00   295.50   300.50    +60.00   +24.95%
      36             115  3631      晟楠                    0.00          0.00    62.65%     32.95    32.95    31.80    32.20       40.10    41.65    39.90    40.85     +8.65   +26.86%
      37             241  5291      邑昇                    0.00          0.00    61.96%     57.20    57.30    53.50    54.00       61.70    66.90    61.70    66.40    +12.40   +22.96%
      38             979  3288      點晶                    0.00          0.00    61.36%     18.50    18.50    17.30    18.25       21.60    22.30    21.30    21.50     +3.25   +17.81%
      39             149  4735      豪展                    0.00          0.00    61.33%     31.00    31.00    30.65    30.85       38.70    38.70    38.00    38.35     +7.50   +24.31%
      40             126  6240      松崗                    0.00          0.00    61.23%        --       --       --       --       22.45    23.20    22.45    22.85        --        --
==========================================================================================================================================================================
✅ 共 40 筆


══════════════════════════════════════════════════════════════════════════════════════════════════════════════
  🔄 第 30/30 次  2026/07/09 ～ 2026/08/26
══════════════════════════════════════════════════════════════════════════════════════════════════════════════

==========================================================================================================================================================================
📊 ROI 每日報酬率累計排名 (2026/07/09 ~ 2026/08/26)
==========================================================================================================================================================================
    實資排名          累計天數排名  代號        名稱                 累計漲停(元)       累計跌停(元)       強度%  (07/09)開盤      最高      最低      收盤    (08/26)開盤      最高      最低      收盤      賺賠    賺賠率
--------------------------------------------------------------------------------------------------------------------------------------------------------------------------
       1             119  3441      聯一光                  20.70          0.00   100.00%     70.20    75.30    67.60    67.60      113.50   125.00   113.00   125.00    +57.40   +84.91%
       2             134  3081      聯亞                 2510.00       1500.00    91.32%   2095.00  2120.00  2000.00  2005.00     3010.00  3255.00  2940.00  3255.00  +1250.00   +62.34%
       3              69  3490      單井                    0.00          0.00    89.55%     32.50    32.60    31.80    31.80       52.80    57.00    52.80    53.60    +21.80   +68.55%
       4             109  3498      陽程                   68.50         24.00    88.12%    124.00   131.00   124.00   126.50      195.50   205.00   195.50   203.50    +77.00   +60.87%
       5              77  6538      倉和                   67.00         22.50    84.00%    133.00   136.00   128.50   136.00      201.00   217.00   198.00   212.00    +76.00   +55.88%
       6              78  4139      馬光-KY                 0.00          0.00    81.75%     24.80    24.90    24.75    24.90       36.60    37.50    36.60    37.35    +12.45   +50.00%
       7             112  2221      大甲                    0.00          0.00    80.95%     49.00    49.00    47.40    47.40       68.00    71.60    67.50    71.40    +24.00   +50.63%
       8             239  6588      東典光電                  0.00          0.00    78.50%     81.90    82.00    78.90    78.90      113.00   118.00   112.00   114.50    +35.60   +45.12%
       9              94  8093      保銳                    0.00          0.00    78.49%     20.40    20.45    20.00    20.00       28.25    28.25    27.05    27.35     +7.35   +36.75%
      10             162  3234      光環                   60.30         20.40    77.97%    131.00   131.00   124.50   126.00      179.50   185.50   174.00   180.50    +54.50   +43.25%
      11             367  4939      亞電                    0.00          0.00    77.79%     58.50    59.90    56.50    56.60       74.70    78.80    73.90    78.80    +22.20   +39.22%
      12             157  7751      竑騰                 1210.00        920.00    76.53%   1420.00  1425.00  1285.00  1295.00     1825.00  1890.00  1740.00  1805.00   +510.00   +39.38%
      13             154  4979      華星光                 417.00        300.50    75.58%    439.00   443.00   429.50   432.50      611.00   626.00   590.00   598.00   +165.50   +38.27%
      14             116  6840      東研信超                  0.00          0.00    72.50%     67.30    67.30    63.80    66.00       83.80    91.70    83.40    91.70    +25.70   +38.94%
      15             175  4971      IET-KY              402.50        359.00    72.36%    442.00   443.00   420.50   421.00      557.00   562.00   538.00   552.00   +131.00   +31.12%
      16              65  4905      台聯電                   0.00          0.00    71.95%        --       --       --       --       93.40    93.40    90.40    90.90        --        --
      17             186  4188      安克                    0.00          0.00    71.76%     10.75    10.80    10.60    10.70       14.60    14.60    14.60    14.60     +3.90   +36.45%
      18             136  4304      勝昱                    0.00          0.00    70.85%     19.80    20.50    19.50    19.50       27.65    27.65    26.25    26.30     +6.80   +34.87%
      19             107  5321      美而快                   0.00          0.00    68.77%     63.00    63.00    60.00    61.20       83.00    83.00    79.50    81.10    +19.90   +32.52%
      20              32  6103      合邦                    0.00          0.00    67.67%     32.75    32.80    28.70    30.60       38.90    38.90    38.90    38.90     +8.30   +27.12%
      21             295  8111      立碁                    0.00          0.00    67.29%     51.70    51.70    50.00    50.30       65.10    66.40    64.10    64.20    +13.90   +27.63%
      22             264  4416      三圓                    0.00          0.00    67.16%     11.80    11.80    11.40    11.45       15.40    16.15    14.90    14.95     +3.50   +30.57%
      23              99  7792      安葆                   78.50         62.50    66.96%    238.50   238.50   235.00   235.50      299.50   313.00   279.50   305.00    +69.50   +29.51%
      24             146  6547      高端疫苗                  0.00          0.00    66.89%     47.80    47.85    46.80    47.40       59.10    61.90    59.10    61.90    +14.50   +30.59%
      25             438  6187      萬潤                  797.00        888.00    66.49%   1015.00  1050.00   998.00  1050.00     1245.00  1340.00  1240.00  1300.00   +250.00   +23.81%
      26              61  4413      飛寶企業                  0.00          0.00    66.24%     14.90    14.90    14.90    14.90       19.90    19.90    19.40    19.70     +4.80   +32.21%
      27             407  8085      福華                    0.00          0.00    65.52%     12.25    12.25    12.00    12.05       15.25    15.25    15.25    15.25     +3.20   +26.56%
      28             118  1815      富喬                    0.00          0.00    65.17%     97.10    97.80    94.50    95.00      108.00   119.00   107.00   118.00    +23.00   +24.21%
      29             269  6716      應廣                    0.00         10.50    64.56%    102.50   110.50   101.50   102.50      127.00   129.00   120.50   126.50    +24.00   +23.41%
      30              74  3629      地心引力                  0.00          0.00    64.20%     14.30    14.80    14.30    14.80       16.35    16.35    16.35    16.35     +1.55   +10.47%
      31             569  8291      尚茂                    0.00          0.00    62.90%     33.00    33.00    31.10    31.30       33.25    36.55    33.25    36.55     +5.25   +16.77%
      32             177  5351      鈺創                   10.00         23.20    62.86%     89.30    98.20    89.30    98.20      114.50   120.00   113.50   117.00    +18.80   +19.14%
      33             148  4735      豪展                    0.00          0.00    62.45%     30.85    31.00    30.80    30.90       38.60    38.60    37.60    38.30     +7.40   +23.95%
      34             954  3288      點晶                    0.00          0.00    61.98%     18.50    18.55    18.50    18.50       21.35    21.90    21.30    21.60     +3.10   +16.76%
      35             115  6240      松崗                    0.00          0.00    61.11%     17.75    18.50    17.75    18.50       24.70    24.70    21.80    22.45     +3.95   +21.35%
      36             792  3685      元創精密                  0.00          0.00    60.93%     29.80    30.95    29.65    30.75       37.10    37.35    36.35    36.50     +5.75   +18.70%
      37             145  3631      晟楠                    0.00          0.00    60.46%     33.30    33.50    32.60    32.85       40.95    41.00    39.50    39.95     +7.10   +21.61%
      38             885  6617      共信-KY                11.50         10.00    60.24%    115.00   115.50   108.50   110.00      116.00   127.00   115.50   127.00    +17.00   +15.45%
      39             117  3287      廣寰科                   0.00          0.00    60.06%     31.05    31.05    30.05    30.65       37.85    37.85    36.90    37.00     +6.35   +20.72%
      40             431  3508      位速                    0.00          0.00    59.33%     18.30    19.30    18.15    18.65       22.40    22.55    21.60    21.95     +3.30   +17.69%
==========================================================================================================================================================================
✅ 共 40 筆
