資料日期,股票代號,股票名稱,20261008成交量,20261007成交量,20261006成交量,20261005成交量,20261002成交量,20261001成交量,20260930成交量,20260929成交量,20260924成交量,20260923成交量,20260922成交量,20260921成交量,20260918成交量,20260917成交量,20260916成交量,20260915成交量,20260914成交量,20260911成交量,20260910成交量,20260909成交量,20260908成交量,20260907成交量,20260904成交量,20260903成交量,20260902成交量,20260901成交量,20260831成交量,20260828成交量,20260827成交量,20260826成交量,近3日平均成交量,最新成交量占個股近3日總量(%),最新成交量占全市場近3日總量(%),近5日平均成交量,最新成交量占個股近5日總量(%),最新成交量占全市場近5日總量(%),近10日平均成交量,最新成交量占個股近10日總量(%),最新成交量占全市場近10日總量(%),近15日平均成交量,最新成交量占個股近15日總量(%),最新成交量占全市場近15日總量(%),近20日平均成交量,最新成交量占個股近20日總量(%),最新成交量占全市場近20日總量(%),近30日平均成交量,最新成交量占個股近30日總量(%),最新成交量占全市場近30日總量(%)
report_date,code,name,volume_20261008,volume_20261007,volume_20261006,volume_20261005,volume_20261002,volume_20261001,volume_20260930,volume_20260929,volume_20260924,volume_20260923,volume_20260922,volume_20260921,volume_20260918,volume_20260917,volume_20260916,volume_20260915,volume_20260914,volume_20260911,volume_20260910,volume_20260909,volume_20260908,volume_20260907,volume_20260904,volume_20260903,volume_20260902,volume_20260901,volume_20260831,volume_20260828,volume_20260827,volume_20260826,avg_volume_3d,stock_volume_share_3d_pct,market_volume_share_3d_pct,avg_volume_5d,stock_volume_share_5d_pct,market_volume_share_5d_pct,avg_volume_10d,stock_volume_share_10d_pct,market_volume_share_10d_pct,avg_volume_15d,stock_volume_share_15d_pct,market_volume_share_15d_pct,avg_volume_20d,stock_volume_share_20d_pct,market_volume_share_20d_pct,avg_volume_30d,stock_volume_share_30d_pct,market_volume_share_30d_pct
20261008,00400A,主動國泰動能高息,28722889.0,65642556.0,40627390.0,49479634.0,25080047.0,25716586.0,25570681.0,27827686.0,22871974.0,27029269.0,55410323.0,33792335.0,36138014.0,28176494.0,25701200.0,30253882.0,30886201.0,39736424.0,20052638.0,24471019.0,27893443.0,40033236.0,40967762.0,39392538.0,31680837.0,58845340.0,36629630.0,41461478.0,33861278.0,28771914.0,44997611.67,21.2773,0.13867,41910503.2,13.7068,0.074333,33856871.2,8.4836,0.038746,34519138.53,5.5472,0.025243,33159362.1,4.331,0.019787,34757489.93,2.7546,0.012867
20261008,00401A,主動摩根台灣鑫收,5380337.0,5013388.0,8769205.0,7913944.0,4966863.0,4678108.0,3180459.0,7543890.0,6473480.0,5109082.0,7135135.0,5092787.0,5191049.0,5406284.0,5094639.0,3943004.0,6642835.0,11514410.0,7896350.0,5830847.0,5784695.0,5436206.0,5626685.0,4704700.0,5565312.0,15393022.0,2005860.0,3028373.0,4760843.0,6353979.0,6387643.33,28.0768,0.025975,6408747.4,16.7906,0.013924,5902875.6,9.1148,0.007258,5796576.67,6.1879,0.004728,6138804.8,4.3822,0.003707,6047859.03,2.9654,0.00241
20261008,00402A,主動安聯美國科技,5239737.0,6686772.0,9932479.0,10388665.0,11355933.0,29956985.0,9630088.0,1904311.0,9443820.0,34722831.0,31960471.0,6855807.0,6392489.0,3172779.0,2069178.0,4199319.0,2277914.0,4089062.0,3816393.0,4056618.0,3950583.0,2756565.0,1845411.0,2973797.0,3843812.0,4157999.0,2133900.0,2986392.0,3115621.0,6100263.0,7286329.33,23.9706,0.025297,8720717.2,12.0168,0.01356,12926162.1,4.0536,0.007068,11980823.0,2.9156,0.004605,9907582.55,2.6443,0.00361,7733866.47,2.2584,0.002347
20261008,00403A,主動統一升級50,124351060.0,138224214.0,151199065.0,428617905.0,313967760.0,202851174.0,144635371.0,114515969.0,285018846.0,358500381.0,581738788.0,375973644.0,316017832.0,170319377.0,82286919.0,130139135.0,147353056.0,133779380.0,97190172.0,186828705.0,112048474.0,301191388.0,134610878.0,140341986.0,137652008.0,442224242.0,212128589.0,429927703.0,259650324.0,248628961.0,137924779.67,30.0529,0.600349,231272000.8,10.7537,0.321813,226188174.5,5.4977,0.167743,252547887.0,3.2826,0.109284,224175437.65,2.7735,0.085666,230063776.87,1.8017,0.055705
20261008,00404A,主動聯博動能50,8622098.0,6066915.0,12653586.0,36649305.0,7476772.0,5864249.0,9762463.0,9243482.0,5943021.0,6420945.0,21072980.0,15292629.0,14109627.0,11321851.0,8404951.0,30000271.0,21546204.0,27927924.0,26845920.0,18108356.0,34321150.0,17452957.0,11639856.0,16800189.0,19353372.0,9757580.0,2697682.0,5640304.0,3730592.0,1788268.0,9114199.67,31.5336,0.041626,14293735.2,12.0642,0.022313,10870283.6,7.9318,0.011631,11926991.6,4.8194,0.007577,15166677.45,2.8424,0.00594,14217183.3,2.0215,0.003862
20261008,00405A,主動富邦台灣龍耀,43643418.0,45473142.0,59695828.0,195328993.0,82480848.0,38274544.0,55732051.0,39732866.0,71028949.0,113516234.0,191030167.0,81170182.0,111809132.0,62814728.0,26646985.0,49122906.0,38463675.0,48228481.0,29693816.0,59393657.0,45687519.0,67081135.0,38522995.0,55835409.0,51461959.0,115863054.0,69916459.0,76541823.0,63810044.0,69525510.0,49604129.33,29.3278,0.210704,85324445.8,10.23,0.112947,74490687.3,5.8589,0.058873,81225204.47,3.5821,0.038355,72164030.1,3.0239,0.030066,69917550.3,2.0807,0.019551
20261008,00406A,主動中信台灣收益,280821092.0,276458470.0,190191514.0,371300397.0,378437176.0,308261323.0,343691070.0,667138285.0,234727738.0,188142199.0,273137945.0,219274887.0,202589259.0,480086185.0,200946349.0,172774482.0,193984876.0,275295563.0,141193856.0,107012185.0,123874950.0,127487858.0,125639325.0,202872481.0,227374632.0,297314824.0,431531602.0,176496160.0,185415195.0,198117948.0,249157025.33,37.5695,1.355763,299441729.8,18.7563,0.726749,323916926.4,8.6695,0.378812,307680259.27,6.0847,0.246795,275273242.55,5.1008,0.193458,253386327.53,3.6942,0.125799
20261008,00407A,主動凱基台灣,21089438.0,25874413.0,25144980.0,78683203.0,61140767.0,26761080.0,43173000.0,28803246.0,52283944.0,65855866.0,156104241.0,48583239.0,51795274.0,28098431.0,13001499.0,21526541.0,21301053.0,29328757.0,26305842.0,32659805.0,23616132.0,39171838.0,28833124.0,34228110.0,28949825.0,133025168.0,42937739.0,94839471.0,56521248.0,41405838.0,24036277.0,29.2467,0.101817,42386560.2,9.951,0.054578,42880993.7,4.9181,0.028448,48426174.73,2.9033,0.018534,42875730.95,2.4594,0.014529,46034770.4,1.5271,0.009447
20261008,00408A,主動第一金優股息,1196541.0,1694099.0,1123444.0,4626213.0,2785060.0,1120688.0,1061078.0,729320.0,1467653.0,2131296.0,1314490.0,1014344.0,1854224.0,2082345.0,729804.0,545154.0,2760136.0,1219488.0,2468417.0,1153282.0,1697661.0,1227598.0,3071603.0,921561.0,1315385.0,4110585.0,1622532.0,2297150.0,960231.0,1575688.0,1338028.0,29.8086,0.005777,2285071.4,10.4727,0.003097,1793539.2,6.6714,0.001614,1662039.93,4.7995,0.001052,1653853.8,3.6174,0.000824,1729235.67,2.3065,0.000536
20261008,00409A,主動復華全球50,16904858.0,15427176.0,19421425.0,33699252.0,28158527.0,56865796.0,31256502.0,17961043.0,29277390.0,49003982.0,178677662.0,27144839.0,22181158.0,13483008.0,12815224.0,9957771.0,14936158.0,21678025.0,19364854.0,21428727.0,21887061.0,35744024.0,56501502.0,41059344.0,109449365.0,,,,,,17251153.0,32.6642,0.081614,22722247.6,14.8796,0.043749,29797595.1,5.6732,0.022804,36818522.8,3.0609,0.014857,31982168.85,2.6429,0.011646,36171386.92,1.8694,0.007573
20261008,00410A,主動永豐科技趨勢,2395265.0,3127286.0,3808311.0,7198888.0,3140845.0,1874100.0,2963354.0,2192426.0,2646396.0,6387931.0,5918496.0,3979622.0,7071566.0,4414845.0,4487609.0,4935015.0,4672597.0,7294535.0,5357912.0,6603408.0,7836020.0,8990693.0,10194523.0,14494245.0,9437113.0,11703046.0,13999372.0,12496747.0,16392070.0,7774516.0,3110287.33,25.6704,0.011564,3934119.0,12.1769,0.006199,3573480.2,6.7029,0.003231,4107129.33,3.888,0.002105,4523520.35,2.6476,0.00165,6792958.4,1.1754,0.001073
20261008,0050,元大台灣50,99877876.0,61571679.0,70945715.0,102872428.0,68967747.0,55443347.0,60951975.0,110505674.0,70487939.0,58059253.0,84309564.0,119595084.0,86731065.0,49931752.0,72446738.0,63373313.0,91951392.0,102009319.0,45765227.0,46101333.0,75243156.0,108677081.0,46705557.0,48818422.0,67681102.0,111066980.0,69132826.0,78158934.0,76015854.0,88919251.0,77465090.0,42.9776,0.482196,80847089.0,24.7078,0.258478,75968363.3,13.1473,0.13473,78179855.73,8.5169,0.087776,76094921.0,6.5627,0.068806,76410586.1,4.3571,0.044742
20261008,0051,元大中型100,21842.0,42616.0,39994.0,93603.0,69587.0,50930.0,61482.0,51182.0,61682.0,45452.0,38534.0,42193.0,68992.0,26976.0,41229.0,120538.0,69675.0,87923.0,26241.0,21805.0,28386.0,101235.0,40803.0,60773.0,24449.0,71603.0,38041.0,34272.0,35361.0,50980.0,34817.33,20.911,0.000105,53528.4,8.1609,5.7e-05,53837.0,4.0571,2.9e-05,50419.6,2.888,1.9e-05,54123.8,2.0178,1.5e-05,52279.3,1.3926,1e-05
20261008,0052,富邦科技,19103154.0,20225128.0,13804121.0,25481014.0,19649076.0,17530841.0,17975548.0,13497237.0,10067500.0,13691258.0,16648532.0,18938854.0,16624775.0,11729608.0,12286071.0,10671485.0,11505257.0,15639739.0,8098786.0,12013949.0,22549037.0,22956706.0,10899217.0,9151448.0,11415151.0,23461774.0,12930069.0,15230150.0,13607099.0,12160814.0,17710801.0,35.9539,0.092227,19652498.6,19.4409,0.049438,17102487.7,11.1698,0.025769,16483514.47,7.7262,0.016788,15259096.65,6.2596,0.01316,15318113.27,4.157,0.008558
20261008,0053,元大電子,197244.0,169480.0,190565.0,219470.0,169069.0,162099.0,209342.0,182328.0,148520.0,164985.0,161080.0,157983.0,91819.0,50722.0,73112.0,281948.0,121405.0,397223.0,135410.0,50793.0,32805.0,38527.0,26407.0,62568.0,89257.0,70797.0,40282.0,44722.0,49349.0,34159.0,185763.0,35.3935,0.000952,189165.6,20.8541,0.00051,181310.2,10.8788,0.000266,156521.2,8.4012,0.000173,166729.85,5.9151,0.000136,127449.0,5.1588,8.8e-05
20261008,0055,元大MSCI金融,1173395.0,1149113.0,576906.0,967128.0,842305.0,1854543.0,1341348.0,1008809.0,608620.0,1234229.0,841439.0,895029.0,1767396.0,1570608.0,585811.0,1206727.0,1254556.0,691788.0,519275.0,929912.0,481438.0,958278.0,984778.0,1557817.0,469063.0,379980.0,427929.0,310242.0,156287.0,414454.0,966471.33,40.4701,0.005665,941769.4,24.9189,0.003037,1075639.6,10.9088,0.001583,1094445.27,7.1476,0.001031,1050946.85,5.5826,0.000808,905306.77,4.3204,0.000526
20261008,0056,元大高股息,40857655.0,28471322.0,40299877.0,45449253.0,59502313.0,42084968.0,31983738.0,37937287.0,23158669.0,26385848.0,38810100.0,21847416.0,19305390.0,26260542.0,17447308.0,25385973.0,18893508.0,24559073.0,14562045.0,15853609.0,17306149.0,24363427.0,22979939.0,26524720.0,33462140.0,28455930.0,56468445.0,19255570.0,37361681.0,31139381.0,36542951.33,37.2691,0.197255,42916084.0,19.0407,0.105737,37613093.0,10.8626,0.055115,33320112.4,8.1748,0.035907,29952794.7,6.8203,0.028147,29879109.2,4.5581,0.018303
20261008,0057,富邦摩台,7702.0,77015.0,18216.0,49863.0,11803.0,6682.0,14480.0,36296.0,33417.0,13959.0,30189.0,16745.0,44703.0,40794.0,26098.0,15926.0,18306.0,16513.0,8652.0,33019.0,35830.0,17690.0,30924.0,7922.0,28270.0,18839.0,27614.0,12554.0,9776.0,15055.0,34311.0,7.4825,3.7e-05,32919.8,4.6793,2e-05,26943.3,2.8586,1e-05,28530.8,1.7997,7e-06,26018.9,1.4801,5e-06,24161.73,1.0626,3e-06
20261008,0061,元大寶滬深,385021.0,45947.0,156304.0,155573.0,102944.0,29974.0,83401.0,300497.0,93351.0,44701.0,54013.0,108505.0,81819.0,38630.0,106113.0,64399.0,35584.0,114165.0,102027.0,78447.0,82466.0,51190.0,148246.0,95185.0,118180.0,68351.0,61266.0,51361.0,86220.0,136385.0,195757.33,65.5609,0.001859,169157.8,45.5221,0.000996,139771.3,27.5465,0.000519,119119.53,21.5482,0.000338,109070.75,17.6501,0.000265,102675.5,12.4996,0.000172
20261008,006203,元大MSCI台灣,5684.0,19771.0,11399.0,26752.0,4939.0,8134.0,13490.0,5621.0,6855.0,26472.0,8960.0,23723.0,21463.0,8869.0,3130.0,25871.0,21404.0,22112.0,14968.0,16104.0,9886.0,27277.0,9841.0,12106.0,11989.0,8488.0,9409.0,12442.0,12647.0,11949.0,12284.67,15.423,2.7e-05,13709.0,8.2924,1.5e-05,12911.7,4.4022,8e-06,13017.47,2.911,5e-06,14786.05,1.9221,4e-06,14058.5,1.3477,3e-06
20261008,006204,永豐臺灣加權,3154.0,1974.0,24396.0,22652.0,43098.0,3213.0,23040.0,33986.0,22313.0,25324.0,22235.0,22669.0,22268.0,2377.0,25073.0,25179.0,24822.0,42169.0,3056.0,42440.0,5415.0,23239.0,2187.0,62513.0,2613.0,4892.0,23086.0,24754.0,24930.0,105137.0,9841.33,10.6828,1.5e-05,19054.8,3.3105,8e-06,20315.0,1.5525,4e-06,19851.47,1.0592,3e-06,21771.9,0.7243,2e-06,23806.8,0.4416,1e-06
20261008,006205,富邦上証,287967.0,430491.0,83394.0,367707.0,420604.0,47985.0,561935.0,412878.0,161238.0,51294.0,66117.0,132975.0,159827.0,208345.0,167089.0,74924.0,171176.0,180577.0,467475.0,112919.0,187855.0,183909.0,371144.0,237496.0,137685.0,61051.0,176513.0,95798.0,101276.0,204504.0,267284.0,35.9127,0.00139,318032.6,18.1093,0.000745,282549.3,10.1917,0.000388,237323.07,8.0893,0.000253,228345.85,6.3055,0.000198,210804.93,4.5535,0.000129
20261008,006206,元大上證50,34137.0,15084.0,19978.0,15488.0,178451.0,13952.0,35399.0,320640.0,9192.0,6480.0,12286.0,60029.0,16933.0,21341.0,13648.0,27531.0,12061.0,30682.0,53271.0,11429.0,21310.0,22117.0,114751.0,45170.0,8464.0,61606.0,67812.0,7195.0,68431.0,63311.0,23066.33,49.3316,0.000165,52627.6,12.973,8.8e-05,64880.1,5.2616,4.6e-05,51535.87,4.416,3e-05,45400.6,3.7595,2.4e-05,46272.63,2.4591,1.5e-05
20261008,006207,復華滬深,220975.0,105723.0,120385.0,234206.0,153475.0,106075.0,119439.0,618589.0,148187.0,306022.0,117222.0,142728.0,214166.0,171853.0,111764.0,105315.0,118834.0,303125.0,141440.0,106364.0,284274.0,129375.0,117730.0,122228.0,171202.0,122493.0,206239.0,105705.0,108686.0,140871.0,149027.67,49.4259,0.001067,166952.8,26.4716,0.000572,213307.6,10.3595,0.000298,192720.6,7.6441,0.000194,183294.35,6.0279,0.000152,172489.67,4.2703,9.9e-05
20261008,006208,富邦台50,1816856.0,1381735.0,2958806.0,4642212.0,2246225.0,1576398.0,2160643.0,3048438.0,978191.0,1317974.0,2343443.0,2458921.0,3712651.0,1395225.0,2095492.0,1901072.0,1997029.0,2896092.0,1760544.0,1771790.0,2323306.0,3867826.0,1594212.0,1674640.0,2185554.0,3065991.0,2373079.0,2087772.0,1869493.0,1939774.0,2052465.67,29.5069,0.008772,2609166.8,13.9267,0.004702,2212747.8,8.2109,0.002451,2275547.33,5.3228,0.001597,2222986.85,4.0865,0.001252,2248046.13,2.694,0.000814
20261008,00625K,富邦上証+R,0.0,0.0,0.0,0.0,0.0,0.0,0.0,0.0,0.0,0.0,0.0,0.0,0.0,0.0,10000.0,0.0,0.0,10000.0,0.0,0.0,0.0,0.0,0.0,0.0,0.0,0.0,0.0,0.0,0.0,0.0,0.0,,0.0,0.0,,0.0,0.0,,0.0,666.67,0.0,0.0,1000.0,0.0,0.0,666.67,0.0,0.0
20261008,00631L,元大台灣50正2,148411561.0,98279840.0,127276092.0,276945557.0,99743650.0,104514650.0,137367770.0,114394888.0,99591291.0,137784001.0,219738712.0,216961504.0,196288375.0,184977599.0,99378742.0,100717095.0,169333509.0,272198255.0,114214871.0,130034284.0,139853861.0,252885652.0,149757483.0,138859967.0,187809624.0,271660582.0,175429487.0,129529441.0,195673969.0,176717583.0,124655831.0,39.6857,0.716509,150131340.0,19.7709,0.38408,134430930.0,11.04,0.200199,150776948.8,6.5621,0.130429,152407612.3,4.8689,0.102241,162210996.5,3.0498,0.066484
20261008,00632R,元大台灣50反1,81184312.0,43031894.0,63892503.0,189912903.0,51289487.0,71656895.0,92757064.0,84288708.0,65314473.0,68319307.0,132363608.0,133548763.0,133872609.0,132100063.0,85375001.0,89060360.0,134596423.0,227442284.0,87493463.0,74528410.0,79737481.0,165834044.0,113182173.0,107552530.0,172149375.0,244679976.0,159663327.0,111539659.0,191897291.0,192975076.0,62702903.0,43.1582,0.391946,85862219.8,18.9104,0.2101,81164754.6,10.0024,0.109513,95260506.0,5.6816,0.071347,102101426.5,3.9757,0.055928,119374648.73,2.2669,0.036368
20261008,00633L,富邦上証正2,2067338.0,952142.0,455406.0,786131.0,1318619.0,720335.0,1816054.0,4533197.0,2531667.0,1048632.0,2294621.0,520632.0,1556349.0,1445305.0,4623770.0,4042976.0,564870.0,2669468.0,1144305.0,1248742.0,1195043.0,1745601.0,1393172.0,1225597.0,2464440.0,1844701.0,1940606.0,917761.0,578301.0,1602479.0,1158295.33,59.4937,0.009981,1115927.2,37.0515,0.00535,1622952.1,12.7381,0.002789,1778013.2,7.7515,0.001817,1817027.95,5.6888,0.001424,1708275.33,4.034,0.000926
20261008,00634R,富邦上証反1,59860.0,79030.0,14897.0,87000.0,218000.0,74000.0,64000.0,363099.0,38598.0,417000.0,470902.0,7000.0,12901.0,98008.0,160208.0,209000.0,74200.0,22030.0,30000.0,143000.0,3000.0,103300.0,25848.0,33700.0,414160.0,43559.0,717000.0,14200.0,179310.0,38010.0,51262.33,38.924,0.000289,91757.4,13.0474,0.000155,141548.4,4.2289,8.1e-05,144300.2,2.7655,5.3e-05,132136.65,2.2651,4.1e-05,140494.0,1.4202,2.7e-05
20261008,00635U,期元大S&P黃金,1534380.0,1606439.0,2560501.0,4261428.0,1623418.0,1562005.0,2104417.0,7799076.0,3043168.0,1169796.0,2738395.0,2202061.0,2623875.0,3436419.0,1769460.0,1432851.0,2300637.0,6034471.0,1588978.0,2455795.0,2107589.0,2735885.0,2939587.0,4041771.0,6993874.0,3506208.0,9071624.0,3564275.0,3749388.0,5331065.0,1900440.0,26.9127,0.007408,2317233.2,13.2432,0.003971,2726462.8,5.6277,0.00207,2668989.2,3.8326,0.001348,2692378.5,2.8495,0.001057,3262961.2,1.5675,0.000687
20261008,00636,國泰中國A50,887691.0,141871.0,104451.0,658960.0,231003.0,194232.0,686564.0,798462.0,407047.0,518800.0,231182.0,82517.0,180147.0,450673.0,1009147.0,164587.0,313402.0,533879.0,261472.0,56688.0,288094.0,213827.0,244769.0,142533.0,184673.0,269665.0,225889.0,656610.0,209247.0,232528.0,378004.33,78.2787,0.004286,404795.2,43.8588,0.002297,462908.1,19.1764,0.001197,438849.8,13.4851,0.00078,395638.75,11.2185,0.000612,352687.0,8.3898,0.000398
20261008,00636K,國泰中國A50+U,1200.0,200.0,200.0,1700.0,1300.0,100.0,1100.0,300.0,200.0,200.0,700.0,200.0,200.0,200.0,200.0,200.0,200.0,200.0,200.0,200.0,200.0,200.0,200.0,200.0,200.0,200.0,200.0,200.0,200.0,200.0,533.33,75.0,6e-06,920.0,26.087,3e-06,650.0,18.4615,2e-06,533.33,15.0,1e-06,450.0,13.3333,1e-06,366.67,10.9091,1e-06
20261008,00637L,元大滬深300正2,17976770.0,10561502.0,5308393.0,5351047.0,20439444.0,3815447.0,11406223.0,32467511.0,24689148.0,15395812.0,22655739.0,11306077.0,15220643.0,11656697.0,33230448.0,22168646.0,11838306.0,23868743.0,13701553.0,11151156.0,10868025.0,10718316.0,16116742.0,11233026.0,23865438.0,13185977.0,20198587.0,8061421.0,15540503.0,21095979.0,11282221.67,53.1124,0.086789,11927431.2,30.1436,0.046523,14741129.7,12.195,0.02425,16098726.73,7.4444,0.015799,16210465.25,5.5448,0.012384,15836443.97,3.7838,0.008053
20261008,00638R,元大滬深300反1,496500.0,23141.0,68000.0,159900.0,75670.0,25000.0,107000.0,334200.0,49022.0,34000.0,62451.0,20000.0,239500.0,16008.0,120484.0,41000.0,259000.0,151040.0,38000.0,20000.0,0.0,39150.0,45699.0,12000.0,84000.0,42510.0,65000.0,18000.0,138500.0,53500.0,195880.33,84.4904,0.002397,164642.2,60.3126,0.001285,137243.3,36.1766,0.00067,122058.4,27.1182,0.000436,116995.8,21.2187,0.000342,94609.17,17.493,0.000222
20261008,00639,富邦深100,977377.0,150472.0,183165.0,373400.0,345756.0,401929.0,473226.0,1196846.0,770678.0,149181.0,357025.0,266615.0,237860.0,577304.0,857477.0,584185.0,444936.0,693292.0,748780.0,346670.0,297059.0,645823.0,769670.0,166174.0,983446.0,243242.0,488992.0,242874.0,164359.0,629389.0,437004.67,74.5512,0.004719,406034.0,48.1426,0.002529,502203.0,19.4618,0.001318,487887.4,13.3552,0.000859,506808.7,9.6425,0.000673,492240.07,6.6186,0.000438
20261008,00640L,富邦日本正2,58357.0,24883.0,87420.0,42341.0,29289.0,58977.0,101504.0,83022.0,108551.0,86085.0,71681.0,11082.0,32580.0,65238.0,35747.0,78537.0,113916.0,122155.0,61701.0,169899.0,43431.0,38954.0,73329.0,107866.0,129519.0,72997.0,65237.0,72460.0,23942.0,39238.0,56886.67,34.1949,0.000282,48458.0,24.0856,0.000151,68042.9,8.5765,7.9e-05,59783.8,6.5076,5.1e-05,72148.25,4.0442,4e-05,70331.27,2.7658,2.6e-05
20261008,00641R,富邦日本反1,487300.0,1037100.0,1715987.0,358570.0,1015200.0,1173243.0,433061.0,637000.0,1391000.0,237065.0,467537.0,385000.0,2810900.0,656885.0,821060.0,364000.0,477900.0,841909.0,625999.0,710000.0,889160.0,4201036.0,323098.0,598190.0,2557200.0,2576248.0,569634.0,1205230.0,1119228.0,1425071.0,1080129.0,15.0383,0.002353,922831.4,10.561,0.001261,848552.6,5.7427,0.000657,908460.53,3.576,0.000428,832335.8,2.9273,0.000336,1070360.37,1.5176,0.000218
20261008,00642U,期元大S&P石油,2376041.0,499740.0,673645.0,1301133.0,1510789.0,997563.0,1720291.0,1631307.0,1228665.0,1671783.0,2888209.0,1940220.0,1829340.0,2126601.0,1720394.0,2015240.0,2911969.0,7942773.0,1969776.0,1548518.0,1561596.0,1699550.0,3122901.0,2151161.0,5670720.0,1385375.0,2205469.0,1211671.0,1431877.0,4855877.0,1183142.0,66.9416,0.011471,1272269.6,37.3512,0.006149,1361095.7,17.4568,0.003205,1607714.73,9.8527,0.002088,2025199.85,5.8662,0.001637,2193339.8,3.611,0.001064
20261008,00643,群益深証中小,2725017.0,2348209.0,2203707.0,2368584.0,2430710.0,2194505.0,2293362.0,3751384.0,1751477.0,2131031.0,2927007.0,2265600.0,2242791.0,2257929.0,3411276.0,2365593.0,2200390.0,2266887.0,2392277.0,1485870.0,2255083.0,2747287.0,1701391.0,2253553.0,2264481.0,3049358.0,3245495.0,2528157.0,2717017.0,2447920.0,2425644.33,37.4473,0.013156,2415245.4,22.5651,0.007052,2419798.6,11.2613,0.003676,2486839.27,7.3052,0.002395,2400680.3,5.6755,0.001877,2440778.27,3.7215,0.001221
20261008,00643K,群益深証中小+R,0.0,0.0,0.0,0.0,0.0,0.0,0.0,30000.0,0.0,0.0,10000.0,0.0,10000.0,0.0,10000.0,5000.0,25000.0,20000.0,0.0,0.0,0.0,0.0,5000.0,0.0,15000.0,5000.0,25000.0,0.0,5000.0,10000.0,0.0,,0.0,0.0,,0.0,3000.0,0.0,0.0,4000.0,0.0,0.0,5500.0,0.0,0.0,5833.33,0.0,0.0
20261008,00645,富邦日本,37582.0,69326.0,206738.0,166448.0,143893.0,168620.0,86931.0,593253.0,170343.0,79967.0,59785.0,288683.0,139717.0,46435.0,120317.0,97901.0,138867.0,83434.0,146584.0,162627.0,192843.0,203553.0,112772.0,155828.0,86463.0,712618.0,69102.0,71730.0,142391.0,68309.0,104548.67,11.9823,0.000181,124797.4,6.0229,9.7e-05,172310.1,2.1811,5.1e-05,158535.87,1.5804,3.3e-05,150372.55,1.2496,2.6e-05,160768.67,0.7792,1.7e-05
20261008,00646,元大S&P500,3578269.0,6559304.0,1863098.0,3257158.0,1530242.0,1614704.0,938153.0,3892041.0,1553705.0,2649820.0,5343832.0,1746667.0,2086029.0,1377766.0,2607512.0,1452783.0,1404725.0,1741735.0,1515175.0,2607532.0,3698242.0,4262369.0,6044591.0,4260130.0,4019736.0,2084259.0,2535583.0,4054678.0,2739969.0,3053784.0,4000223.67,29.8172,0.017275,3357614.2,21.3144,0.00926,2743649.4,13.042,0.004827,2706553.33,8.8138,0.003145,2466012.5,7.2552,0.002465,2869119.7,4.1572,0.001603
20261008,00647L,元大S&P500正2,15587.0,22177.0,23302.0,50715.0,20236.0,22360.0,14167.0,26327.0,3597.0,15054.0,97298.0,53742.0,27030.0,40548.0,38054.0,11034.0,16758.0,41884.0,79763.0,45938.0,21378.0,76792.0,125162.0,187943.0,77756.0,21131.0,21641.0,23407.0,9398.0,17097.0,20355.33,25.5248,7.5e-05,26403.4,11.8068,4e-05,21352.2,7.3,2.1e-05,31346.27,3.315,1.4e-05,33278.55,2.3419,1.1e-05,41575.87,1.2497,7e-06
20261008,00648R,元大S&P500反1,223000.0,481900.0,310100.0,5285601.0,427001.0,506000.0,303383.0,111010.0,237371.0,148900.0,424420.0,511702.0,617491.0,355008.0,665000.0,174040.0,1334500.0,604430.0,407709.0,84000.0,1044150.0,295990.0,1106836.0,213090.0,349687.0,251090.0,197080.0,1579120.0,1149587.0,857391.0,338333.33,21.9704,0.001077,1345520.4,3.3147,0.000577,803426.6,2.7756,0.000301,707192.47,2.1022,0.000196,660628.3,1.6878,0.000154,675219.57,1.1009,0.0001
20261008,00650L,復華香港正2,1445047.0,2103211.0,1317024.0,2009479.0,5414469.0,148571.0,1413810.0,1390932.0,972065.0,2582143.0,2198456.0,1254948.0,1424128.0,4298550.0,1194193.0,764888.0,696386.0,2308776.0,2448156.0,1154454.0,2321890.0,2069560.0,4244947.0,2191142.0,1729955.0,1621943.0,2202133.0,1590655.0,1150669.0,1142262.0,1621760.67,29.7012,0.006976,2457846.0,11.7586,0.00374,1879675.1,7.6877,0.001949,1944468.4,4.9544,0.00127,1826984.3,3.9547,0.000995,1893494.73,2.5439,0.000647
20261008,00651R,復華香港反1,198998.0,35050.0,205598.0,136998.0,288979.0,189998.0,130148.0,240248.0,221498.0,16998.0,84599.0,51998.0,421598.0,376006.0,181148.0,52048.0,62798.0,284098.0,204098.0,54998.0,37986.0,213744.0,224810.0,109888.0,45489.0,131298.0,45879.0,104799.0,183529.0,372199.0,146548.67,45.2632,0.000961,173124.6,22.989,0.000515,166451.3,11.9553,0.000268,185324.13,7.1586,0.000175,171895.1,5.7884,0.000137,163584.1,4.055,8.9e-05
20261008,00652,富邦印度,452473.0,205976.0,141393.0,264129.0,63390.0,139748.0,312760.0,340570.0,176412.0,125404.0,144200.0,138097.0,173003.0,52369.0,323539.0,116489.0,117994.0,252392.0,101190.0,591962.0,367222.0,157034.0,69546.0,416599.0,367734.0,198964.0,82562.0,121176.0,241297.0,109339.0,266614.0,56.5703,0.002184,225472.2,40.1356,0.001171,222225.5,20.361,0.00061,203564.2,14.8184,0.000398,211674.5,10.6879,0.000312,212165.43,7.1088,0.000203
20261008,00653L,富邦印度正2,262654.0,84808.0,233844.0,456312.0,228886.0,699169.0,396035.0,1040002.0,83129.0,104280.0,95207.0,27718.0,56156.0,64230.0,188382.0,612928.0,166886.0,220767.0,147927.0,153369.0,343492.0,240131.0,30787.0,244468.0,133339.0,99825.0,67621.0,46056.0,95984.0,136231.0,193768.67,45.1834,0.001268,253300.8,20.7385,0.00068,358911.9,7.3181,0.000354,268054.13,6.5324,0.000231,266134.45,4.9346,0.000181,225354.1,3.8851,0.000118
20261008,00654R,富邦印度反1,79138.0,10120.0,33000.0,82000.0,3000.0,8000.0,30087.0,112216.0,134162.0,8000.0,123140.0,13000.0,23150.0,23000.0,209074.0,21344.0,20892.0,82000.0,32000.0,42000.0,57350.0,9000.0,92000.0,26010.0,24014.0,27006.0,1199.0,63003.0,6000.0,47166.0,40752.67,64.7303,0.000382,41451.6,38.1833,0.000205,49972.3,15.8364,0.000107,59405.8,8.8811,7e-05,54466.15,7.2649,5.5e-05,48069.03,5.4878,3.5e-05
20261008,00655L,國泰中國A50正2,1514343.0,1183713.0,249570.0,279938.0,1071745.0,201166.0,409781.0,2236795.0,684407.0,471903.0,685532.0,504270.0,364660.0,183119.0,1156637.0,787415.0,272802.0,1367383.0,761650.0,623726.0,713610.0,670822.0,483744.0,651705.0,1670576.0,746107.0,1010637.0,392648.0,339395.0,806910.0,982542.0,51.375,0.007311,859861.8,35.2229,0.003919,830336.1,18.2377,0.002043,746505.27,13.5238,0.001331,750527.75,10.0885,0.001043,749890.3,6.7314,0.000678
20261008,00656R,國泰中國A50反1,12688.0,13009.0,9004.0,12700.0,257200.0,211000.0,8100.0,56736.0,15014.0,234000.0,6508.0,500.0,13980.0,152000.0,16050.0,2200.0,5000.0,132040.0,219060.0,10000.0,636.0,36150.0,12824.0,2017.0,311397.0,23539.0,758065.0,1149516.0,544002.0,2252540.0,11567.0,36.5638,6.1e-05,60920.2,4.1654,3.3e-05,82945.1,1.5297,1.7e-05,67899.27,1.2458,1.1e-05,69339.45,0.9149,9e-06,215915.83,0.1959,6e-06
20261008,00657,國泰日經225,79879.0,15336.0,24423.0,132498.0,231481.0,370367.0,60051.0,455707.0,4173.0,22300.0,10051.0,171343.0,166362.0,54964.0,161226.0,86560.0,226492.0,92106.0,15157.0,398941.0,174561.0,70736.0,24787.0,270684.0,79715.0,12624.0,22214.0,36853.0,19252.0,135962.0,39879.33,66.7672,0.000386,96723.4,16.517,0.000207,139621.5,5.7211,0.000108,130677.4,4.0751,7e-05,138970.85,2.8739,5.5e-05,120893.5,2.2025,3.6e-05
20261008,00657K,國泰日經225+U,1000.0,200.0,200.0,200.0,200.0,500.0,200.0,200.0,200.0,200.0,200.0,200.0,200.0,200.0,200.0,200.0,200.0,200.0,200.0,200.0,200.0,200.0,200.0,200.0,200.0,200.0,200.0,200.0,200.0,200.0,466.67,71.4286,5e-06,360.0,55.5556,3e-06,310.0,32.2581,1e-06,273.33,24.3902,1e-06,255.0,19.6078,1e-06,236.67,14.0845,0.0
20261008,00660,元大歐洲50,7690.0,10752.0,14845.0,11969.0,27988.0,27795.0,16383.0,6198.0,2664.0,7912.0,5543.0,16912.0,31855.0,5154.0,4628.0,6402.0,6574.0,8199.0,7010.0,6434.0,15603.0,9645.0,4134.0,4183.0,129851.0,7466.0,5103.0,8015.0,7915.0,18091.0,11095.67,23.1021,3.7e-05,14648.8,10.4992,2e-05,13419.6,5.7304,1e-05,13219.2,3.8782,7e-06,11645.35,3.3017,5e-06,14763.77,1.7362,3e-06
20261008,00661,元大日經225,140696.0,25832.0,99459.0,71527.0,20547.0,128086.0,135622.0,429420.0,43371.0,43701.0,894092.0,51437.0,111039.0,45725.0,197335.0,285739.0,38476.0,92594.0,59709.0,56873.0,39728.0,77906.0,37681.0,83553.0,72775.0,25981.0,34302.0,35494.0,41893.0,96417.0,88662.33,52.8958,0.000679,71612.2,39.2939,0.000364,113826.1,12.3606,0.00019,162525.93,5.7712,0.000124,148564.0,4.7352,9.7e-05,117233.67,4.0004,6.3e-05
20261008,00662,富邦NASDAQ,4092863.0,8611531.0,3027424.0,6499702.0,3563648.0,2162883.0,2286303.0,4070950.0,2728646.0,2853221.0,3749271.0,3990493.0,3871078.0,1645919.0,3923579.0,1962635.0,2213112.0,3327392.0,2042355.0,2366140.0,2251635.0,3854601.0,1734089.0,2204367.0,5221847.0,2807215.0,3419314.0,2155189.0,1775654.0,3535980.0,5243939.33,26.0165,0.01976,5159033.6,15.8668,0.010592,3989717.1,10.2585,0.005521,3805167.4,7.1707,0.003597,3449457.25,5.9326,0.00282,3264967.87,4.1786,0.001833
20261008,00663L,國泰臺灣加權正2,4107369.0,2985923.0,3843232.0,7861567.0,2700782.0,2626393.0,5011119.0,4069264.0,3712466.0,3902497.0,8836458.0,6207912.0,5615308.0,5569808.0,4468342.0,3572643.0,5389499.0,8321794.0,4084378.0,4093663.0,3583578.0,9330917.0,4246769.0,4928840.0,5858534.0,8564714.0,5770055.0,5250524.0,7242271.0,6423058.0,3645508.0,37.5564,0.01983,4299774.6,19.105,0.01063,4082061.2,10.062,0.005541,4767896.0,5.7431,0.00361,4849020.85,4.2353,0.00283,5272655.9,2.5966,0.00184
20261008,00664R,國泰臺灣加權反1,7172165.0,6087593.0,10881508.0,33558228.0,15562673.0,6713184.0,15354569.0,9789294.0,13079030.0,15410235.0,19612897.0,18018541.0,25902818.0,25789693.0,12020493.0,13601652.0,22660745.0,22347335.0,10610038.0,15465547.0,17726157.0,22575176.0,10522218.0,21910392.0,16210924.0,35655730.0,13668894.0,20320571.0,21739086.0,31110382.0,8047088.67,29.7092,0.034626,14652433.4,9.7897,0.018561,13360847.9,5.368,0.009675,15663528.07,3.0526,0.006303,15981911.9,2.2438,0.004941,17702592.27,1.3505,0.003213
20261008,00665L,富邦恒生國企正2,6809088.0,3797744.0,7533715.0,9453815.0,19841907.0,1183948.0,8112958.0,10216958.0,3939686.0,5332542.0,14742327.0,8942394.0,7332451.0,13200442.0,6054214.0,3905447.0,7873620.0,9441573.0,12291479.0,8791902.0,6404741.0,11692532.0,14509570.0,11916207.0,7648210.0,6985588.0,10958443.0,12325218.0,7522119.0,10357792.0,6046849.0,37.5352,0.032873,9487253.8,14.3542,0.017622,7622236.1,8.9332,0.009185,8432945.93,5.3829,0.005984,8439910.5,4.0339,0.004691,8970621.0,2.5301,0.00305
20261008,00666R,富邦恒生國企反1,5000.0,25000.0,20320.0,56000.0,343000.0,0.0,2000.0,20000.0,31142.0,101002.0,108330.0,281320.0,16110.0,428370.0,155000.0,55000.0,34000.0,391427.0,169450.0,64330.0,6020.0,37650.0,542150.0,8550.0,18320.0,26730.0,551020.0,1602.0,1421130.0,53432.0,16773.33,9.9364,2.4e-05,89864.0,1.1128,1.3e-05,60346.4,0.8285,7e-06,106172.93,0.314,4e-06,115340.05,0.2168,3e-06,165780.17,0.1005,2e-06
20261008,00668,國泰美國道瓊,232804.0,59362.0,37921.0,98336.0,45329.0,102048.0,122679.0,26017.0,25001.0,300035.0,32078.0,78242.0,388875.0,13004.0,278923.0,13081.0,23583.0,14789.0,7080.0,414045.0,109382.0,24654.0,41042.0,167861.0,19542.0,8937.0,30180.0,8007.0,105773.0,10046.0,110029.0,70.5281,0.001124,94750.4,49.1405,0.000602,104953.2,22.1817,0.000314,122710.27,12.6479,0.000205,115661.6,10.064,0.00016,94621.87,8.2012,0.000104
20261008,00668K,國泰美國道瓊+U,1000.0,200.0,200.0,200.0,200.0,500.0,200.0,200.0,200.0,200.0,200.0,200.0,200.0,200.0,200.0,200.0,200.0,200.0,200.0,200.0,200.0,200.0,200.0,200.0,200.0,200.0,200.0,200.0,200.0,200.0,466.67,71.4286,5e-06,360.0,55.5556,3e-06,310.0,32.2581,1e-06,273.33,24.3902,1e-06,255.0,19.6078,1e-06,236.67,14.0845,0.0
20261008,00669R,國泰美國道瓊反1,379736.0,656900.0,377900.0,1396101.0,362120.0,1362288.0,852000.0,105000.0,620500.0,260001.0,733614.0,469743.0,1351000.0,1310357.0,273046.0,588005.0,615949.0,710660.0,679687.0,455000.0,571100.0,638250.0,482266.0,129800.0,671425.0,620916.0,498840.0,346011.0,226971.0,359615.0,471512.0,26.8453,0.001833,634551.4,11.9686,0.000983,637254.6,5.9589,0.000512,700687.07,3.613,0.000334,677980.35,2.8005,0.000262,603493.37,2.0974,0.00017
20261008,00670L,富邦NASDAQ正2,487261.0,361992.0,659786.0,702801.0,618472.0,608131.0,376194.0,458779.0,822113.0,827955.0,1171314.0,437034.0,444844.0,385997.0,305884.0,467003.0,413357.0,748799.0,318638.0,396740.0,470449.0,606513.0,562287.0,1197245.0,713198.0,530686.0,543540.0,522674.0,496850.0,514241.0,503013.0,32.2895,0.002352,566062.4,17.2158,0.001261,592348.4,8.2259,0.000657,577903.8,5.621,0.000428,550654.7,4.4244,0.000336,572359.23,2.8377,0.000218
20261008,00671R,富邦NASDAQ反1,807986.0,661224.0,2753499.0,3552121.0,808652.0,1197333.0,536671.0,11458435.0,1951410.0,2515719.0,9683534.0,12859894.0,10421998.0,2318269.0,2484317.0,2333110.0,2695196.0,3476172.0,4626600.0,3127429.0,1186514.0,1618616.0,5432213.0,4084279.0,7033331.0,1298847.0,3005578.0,14083312.0,2713364.0,3734131.0,1407569.67,19.1343,0.003901,1716696.4,9.4133,0.002091,2624305.0,3.0789,0.00109,4267404.13,1.2623,0.00071,4013478.45,1.0066,0.000557,4148658.47,0.6492,0.000362
20261008,00673R,期元大S&P原油反1,21098023.0,21421452.0,22517522.0,21547712.0,35952293.0,16461067.0,34957965.0,29178000.0,24270775.0,46335311.0,39644652.0,28340316.0,25136743.0,37172883.0,49178945.0,24682706.0,53916463.0,122989010.0,47449040.0,31172327.0,46226798.0,42060884.0,67217771.0,33798336.0,73457881.0,39137324.0,26946537.0,13129616.0,9211349.0,30799307.0,21678999.0,32.44,0.101858,24507400.4,17.2177,0.0546,27374012.0,7.7073,0.02846,30214243.93,4.6552,0.018542,36671160.25,2.8767,0.014534,37180300.27,1.8915,0.009451
20261008,00674R,期元大S&P黃金反1,138748.0,50974.0,63161.0,91871.0,36411.0,43273.0,122336.0,172607.0,103290.0,176492.0,35113.0,17397.0,193358.0,227012.0,81956.0,152773.0,118169.0,439584.0,226339.0,142786.0,91695.0,128736.0,103167.0,234712.0,418844.0,53758.0,386800.0,165353.0,249436.0,198988.0,84294.33,54.8665,0.00067,76233.0,36.401,0.000359,99916.3,13.8864,0.000187,103599.93,8.9284,0.000122,131682.5,5.2683,9.6e-05,155504.63,2.9741,6.2e-05
20261008,00675L,富邦臺灣加權正2,838145.0,997066.0,906026.0,2108634.0,481570.0,485185.0,1056287.0,617583.0,538580.0,839828.0,1390576.0,1112304.0,1365469.0,984159.0,580600.0,468288.0,975100.0,1954488.0,865656.0,700204.0,798337.0,1753112.0,1196569.0,1103328.0,1222861.0,1542524.0,1089579.0,685232.0,1007256.0,1146028.0,913745.67,30.5754,0.004046,1066288.2,15.7208,0.002169,886890.4,9.4504,0.001131,953467.47,5.8603,0.000737,963287.4,4.3504,0.000577,1027019.13,2.7203,0.000375
20261008,00676R,富邦臺灣加權反1,4279947.0,2505573.0,1893118.0,8388436.0,4754742.0,4795819.0,5208493.0,2762867.0,3366523.0,2801737.0,7081230.0,3619182.0,13904692.0,6850110.0,5724773.0,3218655.0,6489164.0,7788840.0,5834017.0,3124504.0,2355195.0,11684841.0,7649150.0,4926599.0,5633241.0,11061342.0,4730042.0,3941808.0,9866728.0,8799913.0,2892879.33,49.3159,0.020663,4364363.2,19.6132,0.011076,4075725.5,10.5011,0.005773,5195816.13,5.4915,0.003761,5219621.1,4.0999,0.002948,5834709.37,2.4451,0.001917
20261008,00678,群益那斯達克生技,230849.0,384719.0,283218.0,254476.0,408861.0,442685.0,256497.0,276507.0,348598.0,330393.0,303349.0,418025.0,458569.0,426550.0,547656.0,496151.0,477468.0,172079.0,442537.0,278192.0,690815.0,243236.0,438840.0,253132.0,470280.0,550311.0,565337.0,325582.0,424999.0,528809.0,299595.33,25.6845,0.001115,312424.6,14.7779,0.000597,321680.3,7.1763,0.000311,358063.47,4.2981,0.000203,361868.95,3.1897,0.000159,390957.33,1.9682,0.000103
20261008,00680L,元大美債20正2,10764095.0,7014003.0,14656936.0,12310368.0,9794343.0,28045497.0,12311796.0,35781090.0,21653843.0,6080933.0,5699477.0,5573007.0,9714444.0,13433974.0,11014172.0,14139896.0,11626933.0,37170010.0,7598420.0,4504399.0,6318668.0,3248371.0,9368617.0,15797345.0,5273064.0,11373096.0,5487858.0,4020271.0,6408417.0,9366135.0,10811678.0,33.1866,0.051967,10907949.0,19.7362,0.027857,15841290.4,6.795,0.01452,13589865.2,5.2805,0.00946,13944381.8,3.8597,0.007415,11851649.27,3.0275,0.004822
20261008,00681R,元大美債20反1,10000.0,204368.0,119255.0,948130.0,550000.0,876100.0,162308.0,650090.0,78740.0,5140.0,6000.0,5000.0,3140.0,12000.0,2135.0,16000.0,155000.0,205406.0,6000.0,5000.0,60140.0,64000.0,195000.0,2410.0,9000.0,3000.0,1016.0,2001.0,1000.0,602140.0,111207.67,2.9974,4.8e-05,366350.6,0.5459,2.6e-05,360413.1,0.2775,1.3e-05,242160.4,0.2753,9e-06,200990.6,0.2488,7e-06,165317.3,0.2016,4e-06
20261008,00682U,期元大美元指數,81.0,0.0,27146.0,11023.0,3138.0,43000.0,2000.0,22000.0,2001.0,999.0,6000.0,1291.0,0.0,4065.0,150.0,0.0,0.0,7002.0,1332.0,1352.0,750.0,7.0,2152.0,0.0,2902.0,9300.0,0.0,3000.0,1000.0,0.0,9075.67,0.2975,0.0,8277.6,0.1957,0.0,11138.8,0.0727,0.0,8192.93,0.0659,0.0,6629.0,0.0611,0.0,5056.37,0.0534,0.0
20261008,00683L,期元大美元指正2,179000.0,121000.0,17184.0,167090.0,17600.0,93002.0,38000.0,153905.0,23260.0,57000.0,135642.0,52000.0,22447.0,241026.0,15035.0,132254.0,183350.0,144205.0,30065.0,13508.0,88190.0,48189.0,11171.0,63192.0,63800.0,20049.0,56126.0,175.0,7000.0,2010.0,105728.0,56.4341,0.000864,100374.8,35.6663,0.000463,86704.1,20.6449,0.000241,88879.4,13.4264,0.000157,91828.65,9.7464,0.000123,73215.83,8.1494,8e-05
20261008,00684R,期元大美元指反1,62000.0,130000.0,2000.0,151330.0,10200.0,50000.0,0.0,17330.0,1000.0,51000.0,60991.0,1000.0,2200.0,117000.0,0.0,122000.0,118000.0,117000.0,0.0,0.0,51000.0,22.0,21.0,52022.0,10020.0,2200.0,5199.0,0.0,0.0,0.0,64666.67,31.9588,0.000299,71106.0,17.4388,0.00016,47486.0,13.0565,8.4e-05,43736.73,9.4505,5.4e-05,50652.55,6.1201,4.3e-05,37784.5,5.4696,2.8e-05
20261008,00685L,群益臺灣加權正2,238502144.0,131352492.0,162931718.0,267547775.0,133566588.0,123358626.0,176435813.0,171560342.0,136663568.0,154231115.0,277228713.0,247810120.0,266450607.0,248983442.0,110449849.0,142156318.0,214692879.0,395907712.0,170390966.0,154934988.0,159664310.0,301014748.0,211518705.0,179920274.0,263568299.0,350087875.0,224529778.0,166817365.0,252976774.0,227436835.0,177595451.33,44.7651,1.151453,186780143.4,25.5383,0.61723,169615018.1,14.0614,0.321726,189804860.8,8.3771,0.209604,196257788.75,6.0762,0.164304,208756357.93,3.8083,0.106841
20261008,00686R,群益臺灣加權反1,10200077.0,1535116.0,5109910.0,6046793.0,3179587.0,3238185.0,9519336.0,4432666.0,4285600.0,2952244.0,6838188.0,4666502.0,18804515.0,4647608.0,9194868.0,2118372.0,10738399.0,7218733.0,4506934.0,2953934.0,7352221.0,8851938.0,6266737.0,3510484.0,3618280.0,17551474.0,8567222.0,7459384.0,8588955.0,11219309.0,5615034.33,60.5522,0.049244,5214296.6,39.1235,0.026397,5049951.4,20.1984,0.013759,6310079.67,10.7765,0.008964,6109378.35,8.3479,0.007027,6839119.03,4.9714,0.004569
20261008,00688L,國泰20年美債正2,4428347.0,3606119.0,6217221.0,2991545.0,3487997.0,8413394.0,5272275.0,19581016.0,9604028.0,1627574.0,2424109.0,1790371.0,4138440.0,2497240.0,1932119.0,4315652.0,4600619.0,9482352.0,2478198.0,1168413.0,2737780.0,2833699.0,3196509.0,3909050.0,4094583.0,2753961.0,2416625.0,1630719.0,2041003.0,5987749.0,4750562.33,31.0724,0.021379,4146245.8,21.3608,0.01146,6522951.6,6.7889,0.005974,5200786.33,5.6765,0.003892,5002851.45,4.4258,0.003051,4388623.57,3.3635,0.001984
20261008,00689R,國泰20年美債反1,104000.0,100000.0,102000.0,100120.0,104000.0,119000.0,100000.0,103300.0,110000.0,113130.0,102000.0,100000.0,1131.0,3000.0,122000.0,109815.0,457100.0,164190.0,7000.0,2000.0,101132.0,303000.0,205131.0,2130.0,6000.0,2020.0,106018.0,101000.0,101065.0,115185.0,102000.0,33.9869,0.000502,102024.0,20.3874,0.000269,105555.0,9.8527,0.00014,92245.4,7.5162,9.1e-05,106189.3,4.8969,7.2e-05,105548.9,3.2844,4.7e-05
20261008,00690,兆豐藍籌30,275089.0,265717.0,281698.0,412893.0,181707.0,138457.0,164001.0,543555.0,252492.0,163948.0,523147.0,542239.0,677017.0,232100.0,279755.0,410759.0,255112.0,408172.0,242763.0,169764.0,329961.0,419787.0,294434.0,205960.0,394903.0,1031890.0,278985.0,359536.0,224668.0,162977.0,274168.0,33.4453,0.001328,283420.8,19.4121,0.000712,267955.7,10.2662,0.000371,328921.0,5.5756,0.000242,321019.25,4.2846,0.00019,337449.53,2.7173,0.000123
20261008,00692,富邦公司治理,621175.0,681103.0,1259572.0,1053747.0,296851.0,517017.0,1481681.0,749212.0,595942.0,898942.0,732561.0,607152.0,1110897.0,459161.0,1079545.0,589641.0,536240.0,414809.0,276314.0,512444.0,809042.0,1024879.0,523566.0,1050125.0,206361.0,927577.0,508064.0,435350.0,358684.0,876048.0,853950.0,24.2471,0.002999,782489.6,15.8769,0.001608,815524.2,7.6169,0.000838,809637.2,5.1148,0.000546,723700.3,4.2917,0.000428,706456.73,2.9309,0.000278
20261008,00693U,期街口S&P黃豆,467962.0,688160.0,253131.0,1115264.0,1421951.0,950564.0,698891.0,2135567.0,413826.0,626576.0,926146.0,1163377.0,1133893.0,999148.0,889403.0,987602.0,1794858.0,765636.0,619917.0,474277.0,925242.0,966626.0,1746893.0,1171191.0,1905842.0,3288600.0,1616741.0,1328849.0,2691946.0,950358.0,469751.0,33.2064,0.002259,789293.6,11.8577,0.001211,877189.2,5.3348,0.000631,925590.6,3.3705,0.000411,926307.45,2.526,0.000322,1170614.57,1.3325,0.00021
20261008,00700,富邦恒生國企,76122.0,170634.0,24960.0,628684.0,95619.0,52388.0,49910.0,136868.0,121924.0,216466.0,119069.0,77016.0,137887.0,162805.0,38697.0,68095.0,117718.0,111817.0,583468.0,183512.0,263353.0,112524.0,181391.0,112696.0,182199.0,76076.0,199966.0,181723.0,86647.0,80670.0,90572.0,28.0153,0.000368,199203.8,7.6426,0.000197,157357.5,4.8375,0.000103,140603.27,3.6093,6.7e-05,158682.95,2.3986,5.2e-05,155030.13,1.6367,3.4e-05
20261008,00701,國泰股利精選30,310689.0,415060.0,230954.0,621166.0,216184.0,226073.0,279284.0,334023.0,329246.0,331494.0,433389.0,555710.0,684191.0,853262.0,465429.0,1628574.0,480985.0,751117.0,540493.0,721059.0,1320271.0,1019242.0,777460.0,679777.0,526729.0,1988815.0,1203226.0,644359.0,273585.0,549526.0,318901.0,32.475,0.0015,358810.6,17.3177,0.000804,329417.3,9.4315,0.000419,419076.93,4.9424,0.000273,520419.1,2.985,0.000214,646379.07,1.6022,0.000139
20261008,00702,國泰標普低波高息,106093.0,216856.0,4387.0,103906.0,9402.0,383558.0,115907.0,108872.0,111943.0,217466.0,143045.0,120231.0,135855.0,6026.0,61010.0,109822.0,103248.0,105746.0,14357.0,116820.0,12606.0,108089.0,102193.0,113013.0,116024.0,116075.0,110944.0,46067.0,106017.0,104849.0,109112.0,32.411,0.000512,88128.8,24.0768,0.000275,137839.0,7.6969,0.000143,122970.47,5.7517,9.3e-05,114727.5,4.6237,7.3e-05,107680.9,3.2842,4.8e-05
20261008,00703,台新MSCI中國,24209.0,78394.0,6547.0,24558.0,25235.0,7168.0,13484.0,24103.0,30556.0,37928.0,107856.0,17185.0,5173.0,6585.0,50579.0,43985.0,19392.0,11611.0,7118.0,29065.0,78805.0,36936.0,37006.0,39255.0,39113.0,9307.0,12255.0,67256.0,49762.0,49614.0,36383.33,22.1796,0.000117,31788.6,15.2312,6.3e-05,27218.2,8.8944,3.3e-05,30637.33,5.2679,2.1e-05,28536.55,4.2418,1.7e-05,33001.33,2.4453,1.1e-05
20261008,00706L,期元大S&P日圓正2,729740.0,422850.0,536194.0,328285.0,671500.0,441117.0,762730.0,1066142.0,395559.0,1003170.0,582771.0,734265.0,2184691.0,556370.0,420631.0,624401.0,1820828.0,1233107.0,1008788.0,995432.0,3827515.0,1329942.0,4018432.0,2829449.0,565205.0,421952.0,751537.0,720578.0,329346.0,254056.0,562928.0,43.211,0.003523,537713.8,27.1423,0.001889,635728.7,11.4788,0.000984,722401.0,6.7344,0.000641,825928.55,4.4177,0.000503,1052219.43,2.3117,0.000327
20261008,00707R,期元大S&P日圓反1,0.0,0.0,0.0,2000.0,0.0,0.0,0.0,0.0,2000.0,0.0,1020.0,0.0,52000.0,0.0,1000.0,2000.0,18000.0,38010.0,20.0,4000.0,90.0,0.0,1000.0,0.0,0.0,0.0,0.0,0.0,0.0,0.0,0.0,,0.0,400.0,0.0,0.0,400.0,0.0,0.0,3868.0,0.0,0.0,6002.5,0.0,0.0,4038.0,0.0,0.0
20261008,00708L,期元大S&P黃金正2,2446524.0,2425306.0,3528897.0,6143842.0,3096080.0,2482848.0,4659810.0,12042832.0,5375874.0,1778546.0,3942947.0,2910529.0,4694785.0,5087519.0,3202634.0,3535918.0,3376748.0,8001855.0,2717278.0,3400573.0,3246356.0,4421636.0,4938548.0,6396113.0,10461068.0,4832755.0,13361568.0,5163303.0,4913309.0,4928407.0,2800242.33,29.1228,0.011811,3528129.8,13.8687,0.006331,4398055.9,5.5627,0.0033,4254598.2,3.8335,0.00215,4242567.25,2.8833,0.001685,4917146.93,1.6585,0.001096
20261008,00709,富邦歐洲,18360.0,133764.0,78183.0,47967.0,43671.0,19713.0,24563.0,26111.0,9938.0,86210.0,31790.0,24966.0,52706.0,18494.0,18755.0,15728.0,19013.0,17055.0,13985.0,16030.0,12284.0,19215.0,5222.0,32340.0,89638.0,55504.0,66720.0,42609.0,83380.0,14154.0,76769.0,7.972,8.9e-05,64389.0,5.7028,4.8e-05,48848.0,3.7586,2.5e-05,42346.07,2.8905,1.6e-05,35850.1,2.5607,1.3e-05,37935.6,1.6133,8e-06
20261008,00710B,復華彭博非投等債,234112.0,248624.0,219649.0,142139.0,278815.0,269072.0,327078.0,214408.0,273800.0,96062.0,242472.0,240302.0,281821.0,169956.0,333849.0,257198.0,197309.0,216912.0,169007.0,158434.0,214060.0,207989.0,180258.0,208364.0,282763.0,304520.0,223222.0,254941.0,223790.0,175345.0,234128.33,33.331,0.00113,224667.8,20.8407,0.000606,230375.9,10.1622,0.000316,238143.93,6.5538,0.000206,228550.95,5.1217,0.000161,228209.03,3.4196,0.000105
20261008,00711B,復華彭博新興債,154120.0,113402.0,377968.0,131361.0,413939.0,234063.0,183419.0,140867.0,122020.0,118110.0,114778.0,125656.0,130074.0,110095.0,109782.0,127812.0,105364.0,104115.0,103096.0,103600.0,103439.0,108551.0,114792.0,109129.0,106673.0,107977.0,108384.0,106589.0,102960.0,134762.0,215163.33,23.8764,0.000744,238158.0,12.9427,0.000399,198926.9,7.7476,0.000208,171976.93,5.9744,0.000135,156182.05,4.934,0.000106,140896.57,3.6462,6.9e-05
20261008,00712,復華富時不動產,86643490.0,69638398.0,74168703.0,147472818.0,77903826.0,118917492.0,72962505.0,140675204.0,98378353.0,35385350.0,60582091.0,122713510.0,112088993.0,139079235.0,153401470.0,59203742.0,75779311.0,134477619.0,71632691.0,70577710.0,34526997.0,21627649.0,20471502.0,38907745.0,74446623.0,52597462.0,30865330.0,34686711.0,64204248.0,20739884.0,76816863.67,37.5974,0.418302,91165447.0,19.008,0.224228,92214613.9,9.3959,0.116877,100667429.2,5.7379,0.076145,96084125.55,4.5087,0.059689,77158555.4,3.7431,0.038814
20261008,00713,元大台灣高息低波,3410266.0,5810750.0,3965354.0,4827679.0,2450041.0,3399132.0,8779001.0,9362562.0,4273408.0,5283386.0,5409079.0,7049546.0,7560837.0,4431446.0,3346015.0,2437498.0,4473487.0,5922546.0,4051568.0,3338042.0,7443679.0,5686034.0,4445604.0,4101987.0,5163364.0,4518106.0,3030069.0,2253218.0,4412512.0,5793258.0,4395456.67,25.8621,0.016464,4092818.0,16.6646,0.008826,5156157.9,6.614,0.0046,5290566.8,4.2973,0.002997,4979082.15,3.4246,0.002349,4880982.47,2.3289,0.001528
20261008,00714,群益道瓊美國地產,121960.0,233023.0,125202.0,119109.0,114982.0,211167.0,842940.0,107097.0,209028.0,159581.0,660037.0,119010.0,115460.0,147691.0,205185.0,135691.0,1747879.0,185413.0,487034.0,149443.0,116972.0,20444.0,147290.0,136359.0,146116.0,112465.0,109004.0,82879.0,470839.0,102761.0,160061.67,25.3985,0.000589,142855.2,17.0746,0.000316,224408.9,5.4347,0.000165,232764.8,3.4931,0.000107,309846.6,1.9681,8.4e-05,254735.37,1.5959,5.5e-05
20261008,00715L,期街口布蘭特正2,2347969.0,1635232.0,1971753.0,1990529.0,7564313.0,2662123.0,3198688.0,4362758.0,3561250.0,5562559.0,3972579.0,4892461.0,3898670.0,3343600.0,3760624.0,3840419.0,8910708.0,14497230.0,5464797.0,4381413.0,3248014.0,5185442.0,4524464.0,4035325.0,13411775.0,3361263.0,6071768.0,4227141.0,5092711.0,11022201.0,1984984.67,39.4288,0.011336,3101959.2,15.1386,0.006076,3485717.4,6.736,0.003167,3648340.53,4.2905,0.002063,4590983.75,2.5572,0.001618,5066659.3,1.5447,0.001052
20261008,00717,富邦美國特別股,139044.0,171301.0,79530.0,44176.0,1137728.0,144508.0,215000.0,62988.0,88204.0,9044.0,129464.0,549922.0,193455.0,193181.0,238875.0,439152.0,162975.0,77477.0,315610.0,53969.0,26446.0,48901.0,166564.0,158437.0,33133.0,48461.0,28152.0,40770.0,213579.0,41521.0,129958.33,35.6637,0.000671,314355.8,8.8463,0.00036,209152.3,6.648,0.000188,226428.0,4.0938,0.000122,222280.15,3.1277,9.6e-05,175052.23,2.6477,6.2e-05
20261008,00728,第一金工業30,158652.0,223594.0,225506.0,380889.0,72267.0,69415.0,102052.0,84625.0,81421.0,88343.0,130691.0,139724.0,404915.0,166929.0,54891.0,97221.0,189076.0,96885.0,87662.0,147256.0,401451.0,147809.0,232388.0,210289.0,166918.0,676678.0,1245558.0,793122.0,1177224.0,250247.0,202584.0,26.1047,0.000766,212181.6,14.9544,0.000411,148676.4,10.671,0.000214,158927.6,6.6551,0.000139,150100.7,5.2849,0.000109,276789.93,1.9106,7.1e-05
20261008,00730,富邦臺灣優質高息,56784.0,51174.0,173473.0,244636.0,80051.0,105151.0,291212.0,105083.0,295382.0,264082.0,210274.0,86618.0,209115.0,127659.0,91242.0,183731.0,57314.0,136081.0,60543.0,131620.0,124462.0,141610.0,76271.0,169977.0,45262.0,103172.0,141428.0,51223.0,42101.0,136680.0,93810.33,20.1769,0.000274,121223.6,9.3685,0.000147,166702.8,3.4063,7.7e-05,159462.4,2.374,5e-05,148061.25,1.9176,3.9e-05,133113.7,1.4219,2.5e-05
20261008,00731,復華富時高息低波,310866.0,559965.0,577689.0,588186.0,632319.0,525894.0,578942.0,608853.0,507069.0,515852.0,542165.0,560457.0,2163518.0,533398.0,537723.0,569498.0,1062471.0,735971.0,523127.0,553389.0,528023.0,632943.0,605279.0,623113.0,599675.0,628069.0,637883.0,603870.0,682109.0,659874.0,482840.0,21.4609,0.001501,533805.0,11.6472,0.000805,540563.5,5.7508,0.000419,649526.4,3.1907,0.000273,659367.6,2.3573,0.000214,646273.0,1.6034,0.000139
20261008,00733,富邦臺灣中小,674119.0,473314.0,626599.0,529127.0,710904.0,537959.0,488301.0,217270.0,532767.0,208335.0,557863.0,274131.0,389789.0,272721.0,342098.0,252515.0,205512.0,238041.0,132912.0,218863.0,321745.0,478506.0,1102185.0,500191.0,96606.0,249155.0,203687.0,188347.0,340746.0,271178.0,591344.0,37.9993,0.003255,602812.6,22.3658,0.001745,499869.5,13.4859,0.000909,455686.47,9.8623,0.000592,394157.0,8.5514,0.000464,387849.53,5.7936,0.000302
20261008,00735,國泰臺韓科技,2472305.0,1478102.0,1678712.0,1689692.0,1732191.0,899903.0,1467540.0,965068.0,720931.0,809765.0,2770550.0,1320608.0,988875.0,884018.0,502933.0,955540.0,1137928.0,1607708.0,908683.0,1519022.0,2216304.0,2614569.0,1616183.0,1704721.0,1120893.0,2219627.0,1793985.0,1762687.0,1768099.0,1846449.0,1876373.0,43.9199,0.011936,1810200.4,27.3153,0.006398,1391420.9,17.7682,0.003335,1358746.2,12.1303,0.002173,1325503.7,9.3259,0.001703,1505786.37,5.4729,0.001108
20261008,00736,國泰新興市場,210231.0,192825.0,121072.0,107305.0,102455.0,101889.0,102257.0,104031.0,106951.0,101188.0,102158.0,214425.0,347992.0,102997.0,101816.0,102219.0,103289.0,4312.0,104393.0,54012.0,51437.0,54563.0,159071.0,202262.0,103932.0,246906.0,106002.0,105063.0,102743.0,116550.0,174709.33,40.1106,0.001015,146777.6,28.6462,0.000544,125020.4,16.8157,0.000284,141306.13,9.9185,0.000185,124390.85,8.4504,0.000145,124544.87,5.6266,9.4e-05
20261008,00737,國泰AI機器人,110932.0,80638.0,508875.0,81312.0,102304.0,120440.0,35229.0,166808.0,39247.0,51949.0,182835.0,44449.0,224545.0,54693.0,95620.0,52051.0,89902.0,31334.0,85473.0,104068.0,89456.0,74450.0,126547.0,181835.0,110034.0,47901.0,81706.0,522205.0,45114.0,83937.0,233481.67,15.8374,0.000536,176812.2,12.548,0.000287,129773.4,8.5481,0.00015,126658.4,5.8389,9.7e-05,113135.2,4.9026,7.6e-05,120862.97,3.0594,5e-05
20261008,00738U,期元大道瓊白銀,2460524.0,1319761.0,2013025.0,2760516.0,2790471.0,1481865.0,2673211.0,7123423.0,2760364.0,1631415.0,1511636.0,1341565.0,3489958.0,3186960.0,1636255.0,1087748.0,1987268.0,7704605.0,6141813.0,1212976.0,1758106.0,2019939.0,2290311.0,3502941.0,5195995.0,2418208.0,5988340.0,2510471.0,2116593.0,3720283.0,1931103.33,42.4718,0.011879,2268859.4,21.6895,0.006368,2701457.5,9.1081,0.003319,2545396.6,6.4444,0.002162,2815767.95,4.3692,0.001695,2927884.87,2.8013,0.001102
20261008,00739,元大MSCI A股,21117.0,18568.0,115525.0,13113.0,21287.0,2988.0,84756.0,323102.0,92963.0,54387.0,47020.0,18834.0,27335.0,20828.0,18173.0,13539.0,10658.0,20949.0,15177.0,20028.0,18836.0,26158.0,96615.0,328777.0,50286.0,48168.0,12623.0,46284.0,18795.0,46826.0,51736.67,13.6054,0.000102,37922.0,11.1371,5.5e-05,74780.6,2.8239,2.8e-05,58666.4,2.3997,1.9e-05,48017.35,2.1989,1.5e-05,55123.83,1.2769,9e-06
20261008,00752,中信中國50,446194.0,689904.0,491990.0,1086965.0,1825137.0,487429.0,566124.0,1018116.0,715966.0,976505.0,1464303.0,478084.0,532800.0,785440.0,1066299.0,517142.0,359277.0,705849.0,794124.0,1074644.0,857884.0,932788.0,863885.0,340596.0,916672.0,920448.0,523033.0,871847.0,537939.0,598157.0,542696.0,27.406,0.002154,908038.0,9.8277,0.001155,830433.0,5.373,0.000602,842083.73,3.5325,0.000392,804114.6,2.7744,0.000307,781518.03,1.9031,0.0002
20261008,00753L,中信中國50正2,7374619.0,10375871.0,10760785.0,22909964.0,20225059.0,3996293.0,8487013.0,19098563.0,13907137.0,13861433.0,15483926.0,10253638.0,9920956.0,10774851.0,14371273.0,7163610.0,4317468.0,9042734.0,8156617.0,7112477.0,5506770.0,7273747.0,11996940.0,8161802.0,9958853.0,5454272.0,5385351.0,5479974.0,6102425.0,7188119.0,9503758.33,25.8656,0.035604,14329259.6,10.2931,0.019085,13099673.7,5.6296,0.009948,12786758.73,3.8449,0.006481,11379714.35,3.2402,0.00508,10003418.0,2.4574,0.003304
20261008,00757,統一FANG+,1752354.0,587440.0,474781.0,497240.0,524830.0,813576.0,298849.0,619117.0,590577.0,1463775.0,1069448.0,689195.0,1440893.0,869798.0,1026949.0,1930267.0,507787.0,411667.0,498700.0,737260.0,1440022.0,615612.0,735304.0,355428.0,680029.0,340882.0,575855.0,1525410.0,462681.0,566620.0,938191.67,62.26,0.00846,767329.0,45.6741,0.004535,762253.9,22.9891,0.002364,847921.47,13.7776,0.00154,840225.15,10.4279,0.001207,803411.53,7.2705,0.000785
20261008,00762,元大全球AI,101761.0,56346.0,135545.0,254509.0,193649.0,179280.0,164402.0,214332.0,99182.0,211609.0,475493.0,178269.0,156211.0,51238.0,140588.0,120824.0,328226.0,125128.0,92752.0,89440.0,100750.0,213555.0,439017.0,102162.0,62412.0,68298.0,283845.0,218624.0,228181.0,192369.0,97884.0,34.6536,0.000491,148362.0,13.7179,0.000263,161061.5,6.3181,0.000137,174160.93,3.8953,8.9e-05,168439.2,3.0207,7e-05,175933.23,1.928,4.6e-05
20261008,00763U,期街口道瓊銅,346980.0,152858.0,357818.0,919744.0,407464.0,131047.0,196495.0,443508.0,310226.0,611476.0,742261.0,341159.0,286196.0,401518.0,560722.0,331209.0,459678.0,1126974.0,655343.0,235466.0,606264.0,180978.0,352821.0,392351.0,513037.0,75654.0,311461.0,215991.0,472721.0,1006367.0,285885.33,40.4568,0.001675,436972.8,15.8811,0.000898,387761.6,8.9483,0.000468,413964.8,5.5879,0.000305,450907.1,3.8476,0.000239,438192.9,2.6395,0.000155
20261008,00770,國泰北美科技,268139.0,557500.0,574366.0,473487.0,401728.0,454344.0,224667.0,401453.0,309576.0,687402.0,623500.0,731754.0,834544.0,817471.0,1772742.0,4666434.0,3001353.0,1727422.0,727806.0,1207892.0,1467432.0,981526.0,967694.0,1035914.0,1000122.0,380471.0,247535.0,80702.0,251815.0,177251.0,466668.33,19.1527,0.001295,455044.0,11.7852,0.000694,435266.2,6.1603,0.000362,608844.87,2.936,0.000236,1023179.0,1.3103,0.000185,901801.4,0.9911,0.00012
20261008,00771,元大US高息特別股,14418.0,103301.0,22141.0,17557.0,14652.0,8512.0,35290.0,15257.0,11169.0,16893.0,31397.0,5753.0,12550.0,2375.0,15228.0,45055.0,17960.0,3030.0,9611.0,18365.0,31119.0,23410.0,18986.0,33253.0,9864.0,5964.0,41734.0,32603.0,2236.0,17721.0,46620.0,10.3089,7e-05,34413.8,8.3792,3.7e-05,25919.0,5.5627,1.9e-05,21766.2,4.416,1.3e-05,21025.7,3.4287,1e-05,21246.8,2.262,6e-06
20261008,00775B,台新投等債15+,81032.0,83898.0,84177.0,83275.0,180281.0,83397.0,81132.0,81097.0,80000.0,82422.0,81205.0,80000.0,80000.0,80940.0,81000.0,80000.0,81935.0,82133.0,81208.0,81827.0,81559.0,81000.0,160033.0,1033.0,131047.0,81341.0,80000.0,80000.0,80000.0,181968.0,83035.67,32.529,0.000391,102532.6,15.8061,0.00021,92071.1,8.801,0.000109,88257.07,6.1209,7.1e-05,86547.95,4.6813,5.6e-05,89631.33,3.0135,3.6e-05
20261008,00783,富邦中証500,8052.0,4438.0,6676.0,28233.0,9440.0,3726.0,3860.0,68765.0,79934.0,59976.0,60856.0,79231.0,317298.0,63962.0,62871.0,9371.0,14066.0,39131.0,31330.0,46470.0,17779.0,6444.0,59594.0,3316.0,233401.0,10694.0,33270.0,53877.0,32723.0,143430.0,6388.67,42.0119,3.9e-05,11367.8,14.1663,2.1e-05,27310.0,2.9484,1.1e-05,57154.53,0.9392,7e-06,49884.3,0.8071,6e-06,53073.8,0.5057,4e-06
20261008,00830,國泰費城半導體,5828671.0,9059674.0,6038287.0,8434533.0,6822277.0,9753830.0,7131175.0,5527818.0,7034798.0,9868227.0,15571605.0,8815950.0,7428945.0,4082298.0,5264326.0,12678858.0,4143313.0,4552082.0,4182410.0,5021257.0,5665209.0,8894035.0,5222790.0,5557063.0,12078559.0,6177938.0,10381815.0,6948251.0,7822630.0,8701580.0,6975544.0,27.8529,0.02814,7236688.4,16.1087,0.015084,7549929.0,7.7202,0.007863,7777494.27,4.9962,0.005122,7362016.7,3.9586,0.004015,7489673.47,2.5941,0.002611
20261008,00850,元大臺灣ESG永續,355215.0,220999.0,368041.0,558856.0,256661.0,536447.0,704073.0,508927.0,285976.0,289097.0,747771.0,652912.0,573749.0,366068.0,377214.0,544177.0,419629.0,384709.0,387299.0,292559.0,326327.0,809017.0,1018796.0,1195184.0,435894.0,1873606.0,433753.0,539345.0,877986.0,912715.0,314751.67,37.6185,0.001715,351954.4,20.1853,0.000919,408429.2,8.6971,0.000479,453467.07,5.2222,0.000312,441518.95,4.0226,0.000245,575100.07,2.0589,0.000159
20261008,00851,台新全球AI,59680.0,45223.0,50030.0,50747.0,49179.0,59325.0,43693.0,46217.0,45078.0,79489.0,50503.0,50309.0,25271.0,41414.0,45181.0,46826.0,44122.0,45024.0,44539.0,44884.0,46313.0,7224.0,45858.0,43156.0,87910.0,4643.0,57209.0,43163.0,45289.0,44185.0,51644.33,38.5199,0.000288,50971.8,23.4169,0.000154,52866.1,11.2889,8.1e-05,49422.6,8.0503,5.2e-05,48336.7,6.1734,4.1e-05,46389.47,4.2883,2.7e-05
20261008,00852L,國泰美國道瓊正2,142219.0,141556.0,111410.0,472120.0,404691.0,310327.0,121253.0,65033.0,347110.0,336433.0,241572.0,239970.0,1194533.0,259815.0,224325.0,203593.0,818652.0,84131.0,209860.0,87069.0,45248.0,295808.0,406503.0,26004.0,51940.0,14494.0,17304.0,8000.0,23605.0,118250.0,131728.33,35.988,0.000687,254399.2,11.1808,0.000368,245215.2,5.7998,0.000192,307491.13,3.0834,0.000125,300783.6,2.3641,9.8e-05,234094.27,2.0251,6.4e-05
20261008,00861,元大全球未來通訊,93136.0,209160.0,139111.0,334252.0,140142.0,199051.0,132354.0,148351.0,40412.0,75934.0,385413.0,220370.0,71243.0,22568.0,61272.0,24002.0,108359.0,51561.0,72619.0,23646.0,33651.0,76071.0,45835.0,46346.0,88061.0,196310.0,52016.0,50808.0,101858.0,45184.0,147135.67,21.0998,0.00045,183160.2,10.1699,0.000241,151190.3,6.1602,0.000126,151517.93,4.0979,8.2e-05,127647.8,3.6482,6.4e-05,109636.53,2.8317,4.2e-05
20261008,00865B,國泰US短期公債,1820431.0,1817239.0,3777877.0,8607780.0,4639521.0,2099422.0,2756639.0,2408777.0,2854547.0,2701681.0,3053108.0,2811338.0,2680713.0,3040820.0,2542308.0,2715985.0,1896060.0,2428453.0,2024450.0,2195835.0,3348053.0,2811347.0,2092693.0,3115262.0,1599848.0,2262672.0,2511323.0,2962742.0,4140827.0,1574710.0,2471849.0,24.5488,0.008789,4132569.6,8.8102,0.004711,3348391.4,5.4367,0.002456,3174146.73,3.8235,0.0016,2943649.2,3.0921,0.001254,2843082.03,2.1343,0.000815
20261008,00875,國泰網路資安,192442.0,223397.0,500857.0,204454.0,420967.0,148633.0,208053.0,361794.0,193800.0,222408.0,348175.0,163783.0,442435.0,575990.0,592992.0,913385.0,738577.0,112909.0,30252.0,333846.0,93395.0,63490.0,100223.0,105061.0,118269.0,67890.0,69015.0,302595.0,102236.0,483851.0,305565.33,20.993,0.000929,308423.4,12.4791,0.000498,267680.5,7.1892,0.00026,320012.0,4.0091,0.000169,346457.45,2.7773,0.000133,281172.47,2.2814,8.6e-05
20261008,00876,元大全球5G,102106.0,427905.0,318626.0,511923.0,216903.0,361343.0,302106.0,107814.0,102067.0,176552.0,593467.0,211817.0,269828.0,48627.0,111626.0,73380.0,434900.0,449816.0,76395.0,197918.0,287941.0,250399.0,151616.0,99005.0,63281.0,279293.0,75292.0,145616.0,353022.0,143894.0,282879.0,12.0318,0.000493,315492.6,6.4728,0.000264,262734.5,3.8863,0.000138,257514.0,2.6434,9e-05,254755.95,2.004,7e-05,231482.6,1.4703,4.6e-05
20261008,00878,國泰永續高股息,39641789.0,17698542.0,22872109.0,29467642.0,21389295.0,34467088.0,23859788.0,31335571.0,35768976.0,26437407.0,24760011.0,28262880.0,29777735.0,26931022.0,24618843.0,41758073.0,36558295.0,36780067.0,24828573.0,23655731.0,35251328.0,47066801.0,58017725.0,48730945.0,34938216.0,74969201.0,36850440.0,34448306.0,27062007.0,26684547.0,26737480.0,49.421,0.191385,26213875.4,30.2449,0.102591,28293820.7,14.0108,0.053475,27819246.53,9.4998,0.034839,29043471.85,6.8246,0.027309,33496298.43,3.9449,0.017758
20261008,00881,國泰台灣科技龍頭,11066297.0,14649060.0,17166158.0,34134384.0,12172946.0,8913190.0,10067003.0,12488489.0,10441856.0,9424909.0,18248814.0,18511057.0,17931884.0,12185062.0,13176632.0,21742653.0,25643823.0,26333751.0,12042714.0,9972222.0,12176154.0,24715389.0,16314746.0,14833937.0,22190767.0,36305074.0,20463391.0,22249486.0,18101727.0,19665326.0,14293838.33,25.8067,0.053426,17837769.0,12.4077,0.028639,14052429.2,7.875,0.014928,14705182.73,5.017,0.009725,15815645.2,3.4985,0.007624,17444296.7,2.1146,0.004957
20261008,00882,中信中國高股息,7790242.0,2354047.0,3369214.0,6052159.0,3408185.0,1961420.0,3605821.0,3572319.0,2561025.0,2649491.0,3527177.0,3843324.0,2895075.0,3098338.0,2998472.0,2639818.0,3119929.0,4263292.0,3855655.0,2543634.0,3845894.0,5152729.0,5421339.0,4767703.0,4408758.0,1772131.0,2130384.0,3108291.0,4483979.0,2502063.0,4504501.0,57.6478,0.03761,4594769.4,33.9092,0.020161,3732392.3,20.872,0.010509,3579087.27,14.5107,0.006846,3505431.85,11.1117,0.005367,3590063.6,7.2332,0.00349
20261008,00885,富邦越南,1110283.0,1364575.0,2178691.0,3614746.0,2508509.0,1348285.0,945548.0,1264647.0,1664304.0,1147079.0,2387734.0,2009957.0,5369862.0,1532802.0,699417.0,1474641.0,1647427.0,1926940.0,1288918.0,2300230.0,1084309.0,3856715.0,4581590.0,1407043.0,1294311.0,1181380.0,1575961.0,2004740.0,3456791.0,1711159.0,1551183.0,23.8588,0.00536,2155360.8,10.3025,0.002873,1714666.7,6.4752,0.001498,1943095.93,3.8093,0.000976,1889229.75,2.9385,0.000765,1997953.13,1.8524,0.000497
20261008,00891,中信關鍵半導體,10916341.0,12204206.0,9908321.0,17509175.0,7880421.0,7469760.0,7905312.0,16982775.0,11363016.0,13144046.0,21903256.0,19016421.0,21919037.0,13631699.0,6951615.0,11757872.0,12269979.0,16096420.0,9638764.0,12998112.0,17898920.0,28733354.0,7513202.0,9612870.0,14090007.0,26853991.0,11933481.0,8851852.0,8471364.0,11588943.0,11009622.67,33.0509,0.052702,11683692.8,18.6865,0.028251,11528337.3,9.4691,0.014726,13247026.73,5.4937,0.009594,13073327.4,4.175,0.00752,13567151.07,2.6821,0.00489
20261008,00892,富邦台灣半導體,3647311.0,5088814.0,3817347.0,7012607.0,3680607.0,3837891.0,3149361.0,6717661.0,4463227.0,4043526.0,5476262.0,3591018.0,3771342.0,3878071.0,3583937.0,3211336.0,4308515.0,5798044.0,2689848.0,4687638.0,5710252.0,5509974.0,3403649.0,3358831.0,4160537.0,9296952.0,3849103.0,3239463.0,3602272.0,2675372.0,4184490.67,29.0542,0.017609,4649337.2,15.6896,0.009439,4545835.2,8.0234,0.00492,4383932.13,5.5465,0.003205,4322718.15,4.2188,0.002513,4375358.93,2.7787,0.001634
20261008,00893,國泰智能電動車,548830.0,1028880.0,1157881.0,1644729.0,237500.0,3370101.0,381675.0,261615.0,178011.0,831772.0,942856.0,2877641.0,601934.0,206334.0,696912.0,761716.0,767283.0,266566.0,379410.0,417625.0,415895.0,1429968.0,627091.0,365878.0,425061.0,387487.0,798489.0,313051.0,521950.0,677707.0,911863.67,20.0626,0.00265,923564.0,11.885,0.00142,964099.4,5.6927,0.00074,997778.07,3.667,0.000482,877963.55,3.1256,0.000378,784061.6,2.3333,0.000246
20261008,00894,中信小資高價30,583096.0,716394.0,1008424.0,1887963.0,739417.0,1057094.0,807889.0,1566825.0,644056.0,1017698.0,1297981.0,1195980.0,1135628.0,1089684.0,1496405.0,1100578.0,1898142.0,1570418.0,629793.0,710822.0,1374522.0,1373114.0,372991.0,730802.0,1081855.0,3452605.0,852413.0,926079.0,683188.0,1127202.0,769304.67,25.2651,0.002815,987058.8,11.8148,0.001509,1002885.6,5.8142,0.000787,1082968.93,3.5895,0.000512,1107714.35,2.632,0.000402,1137635.27,1.7085,0.000261
20261008,00895,富邦未來車,197348.0,340324.0,642346.0,864248.0,188696.0,639816.0,173943.0,227724.0,134104.0,799683.0,456205.0,590693.0,262688.0,356859.0,235735.0,436150.0,387334.0,221988.0,376803.0,231701.0,350804.0,385673.0,443553.0,263793.0,208464.0,146748.0,112095.0,586073.0,432886.0,258437.0,393339.33,16.7242,0.000953,446592.4,8.8379,0.000511,420823.2,4.6896,0.000266,407360.8,3.2297,0.000173,388219.4,2.5417,0.000136,365097.13,1.8018,8.8e-05
20261008,00896,中信綠能及電動車,3140698.0,5186582.0,5387592.0,20155432.0,3785901.0,2568275.0,6148810.0,2612137.0,2436153.0,3218849.0,6687709.0,4290709.0,3960074.0,6238725.0,9413566.0,26399495.0,18879810.0,24501855.0,15301357.0,8158237.0,11181592.0,11763873.0,10022950.0,18017721.0,21114941.0,3669625.0,2032818.0,1958249.0,1774341.0,1660804.0,4571624.0,22.8999,0.015163,7531241.0,8.3405,0.008128,5464042.9,5.7479,0.004237,5682080.8,3.6849,0.00276,8923598.3,1.7598,0.002164,8722296.0,1.2003,0.001407
20261008,00897,富邦基因免疫生技,454111.0,1830250.0,1422303.0,808976.0,1078152.0,1192745.0,2352137.0,978622.0,289386.0,1643991.0,988340.0,731723.0,2333731.0,503484.0,381470.0,351827.0,1090438.0,337838.0,793117.0,789597.0,751517.0,756375.0,756048.0,589824.0,1186501.0,381088.0,1070603.0,948904.0,982776.0,2419251.0,1235554.67,12.2512,0.002192,1118758.4,8.1181,0.001175,1205067.3,3.7683,0.000613,1132628.07,2.6729,0.000399,1017611.9,2.2313,0.000313,1006504.17,1.5039,0.000203
20261008,00898,國泰基因免疫革命,675968.0,1906031.0,1556849.0,213057.0,387501.0,762881.0,1274712.0,579688.0,1059038.0,2072962.0,875841.0,1221561.0,2868087.0,1774794.0,561067.0,436694.0,376314.0,510952.0,1082636.0,627550.0,338455.0,341497.0,1019454.0,662746.0,823977.0,442139.0,1167151.0,702380.0,681905.0,2508516.0,1379616.0,16.3323,0.003263,947881.2,14.2627,0.001749,1048868.7,6.4447,0.000912,1186002.47,3.7997,0.000594,1041209.15,3.2461,0.000466,983746.77,2.2905,0.000303
20261008,00899,FT潔淨能源,56539.0,47633.0,61883.0,79071.0,82876.0,63215.0,43492.0,48311.0,11428.0,21192.0,63739.0,23958.0,55542.0,24277.0,47391.0,28298.0,12363.0,12277.0,24788.0,75653.0,66649.0,67197.0,19996.0,15569.0,53308.0,49020.0,32787.0,26053.0,20396.0,54607.0,55351.67,34.0484,0.000273,65600.4,17.2374,0.000146,51564.0,10.9648,7.6e-05,48703.13,7.7393,5e-05,44196.3,6.3963,3.9e-05,42983.6,4.3845,2.5e-05
20261008,00900,富邦特選高股息30,1903209.0,6338487.0,6412883.0,7032295.0,4271180.0,3308829.0,3838876.0,4351917.0,2146925.0,3375254.0,5125604.0,4219831.0,5103401.0,8134829.0,5342264.0,4607219.0,5279461.0,4307962.0,3133145.0,4052509.0,3722828.0,3965626.0,9301609.0,7158911.0,11441871.0,9633575.0,8109268.0,3814419.0,7879261.0,5307693.0,4884859.67,12.9871,0.009188,5191610.8,7.3319,0.004925,4297985.5,4.4281,0.002567,4727052.27,2.6841,0.001673,4614304.0,2.0623,0.001311,5420704.7,1.1703,0.000853
20261008,00901,永豐智能車供應鏈,121810.0,46577.0,178559.0,810812.0,254275.0,552179.0,246944.0,53826.0,196920.0,89647.0,95125.0,317196.0,217258.0,138723.0,37300.0,429970.0,465108.0,181937.0,13738.0,657423.0,848777.0,171341.0,221803.0,297376.0,437374.0,634871.0,39622.0,144490.0,23196.0,293228.0,115648.67,35.1092,0.000588,282406.6,8.6266,0.000315,255154.9,4.774,0.000164,223810.07,3.6284,0.000107,255266.35,2.3859,8.4e-05,273913.5,1.4823,5.5e-05
20261008,00902,中信電池及儲能,658862.0,523220.0,1375625.0,959041.0,291769.0,471891.0,462556.0,580344.0,573481.0,2008096.0,834761.0,1173604.0,645529.0,1341720.0,967990.0,490964.0,511920.0,1085532.0,392238.0,586389.0,461391.0,1036164.0,326870.0,305006.0,1339125.0,590589.0,417470.0,357470.0,294941.0,568345.0,852569.0,25.7599,0.003181,761703.4,17.2997,0.001705,790488.5,8.3349,0.000889,857899.27,5.12,0.000579,796776.6,4.1345,0.000454,721096.77,3.0456,0.000295
20261008,00903,富邦元宇宙,60478.0,74021.0,180099.0,92581.0,77028.0,211769.0,151418.0,76409.0,54031.0,186589.0,92464.0,30878.0,104212.0,35271.0,193350.0,63049.0,67770.0,12885.0,65178.0,146347.0,271459.0,137219.0,278558.0,384426.0,86745.0,49882.0,79460.0,186061.0,553724.0,338414.0,104866.0,19.2239,0.000292,96841.4,12.4901,0.000157,116442.3,5.1938,8.2e-05,108039.87,3.7318,5.3e-05,98791.35,3.0609,4.2e-05,144725.83,1.3929,2.7e-05
20261008,00904,台新臺灣半導體30,4688665.0,4689048.0,4036072.0,3920299.0,4126422.0,1972670.0,1121934.0,744328.0,687310.0,482078.0,1475507.0,1292762.0,1036427.0,952346.0,583182.0,547390.0,623927.0,633667.0,396595.0,548273.0,1616773.0,1548258.0,688884.0,867094.0,677158.0,2228217.0,928848.0,723528.0,601287.0,886169.0,4471261.67,34.9541,0.022636,4292101.2,21.8479,0.012134,2646882.6,17.7139,0.006325,2120603.33,14.74,0.004121,1727945.1,13.5672,0.00323,1510837.27,10.3445,0.0021
20261008,00905,FT臺灣Smart,1229608.0,749537.0,1521465.0,3123728.0,2718662.0,771230.0,915053.0,1095626.0,577311.0,611346.0,1873218.0,1248401.0,1101691.0,671289.0,766492.0,1040528.0,968658.0,1314051.0,484656.0,821883.0,745354.0,1490571.0,507250.0,1921676.0,978046.0,1286583.0,999240.0,908399.0,772393.0,624236.0,1166870.0,35.1255,0.005936,1868600.0,13.1607,0.003182,1331356.6,9.2358,0.001659,1264977.13,6.4803,0.001081,1180221.65,5.2092,0.000847,1127939.37,3.6338,0.000551
20261008,00907,永豐優息存股,488045.0,563665.0,449291.0,1941240.0,955814.0,892752.0,676264.0,800889.0,615384.0,1039377.0,1201931.0,972257.0,3116043.0,2159269.0,384514.0,690046.0,878190.0,556245.0,486930.0,326201.0,710481.0,728488.0,632573.0,1592945.0,541588.0,699961.0,1006165.0,893644.0,838828.0,1642488.0,500333.67,32.5146,0.002356,879611.0,11.0968,0.001263,842272.1,5.7944,0.000658,1083782.33,3.0021,0.000429,959717.35,2.5426,0.000336,949383.6,1.7136,0.000219
20261008,00908,富邦入息REITs+,277707.0,73825.0,170100.0,85148.0,96558.0,31285.0,395314.0,81739.0,76557.0,116606.0,190774.0,137964.0,23294.0,51477.0,15941.0,41789.0,173455.0,118022.0,44039.0,61605.0,68215.0,70936.0,49884.0,214671.0,37356.0,180938.0,54057.0,218881.0,535930.0,66441.0,173877.33,53.2381,0.001341,140667.6,39.4841,0.000719,140483.9,19.7679,0.000375,121619.27,15.2228,0.000244,113159.95,12.2706,0.000191,125350.27,7.3848,0.000124
20261008,00909,國泰數位支付服務,2020662.0,2783216.0,1211848.0,1805227.0,1042649.0,987579.0,926783.0,4297715.0,670078.0,3626883.0,2114561.0,4151820.0,980246.0,659096.0,1987340.0,751540.0,855638.0,1012769.0,1179848.0,1426284.0,789835.0,1152323.0,4206663.0,1706522.0,1679866.0,596994.0,1897656.0,1815484.0,641147.0,1583095.0,2005242.0,33.5897,0.009755,1772720.4,22.7973,0.005229,1937264.0,10.4305,0.002726,1951046.87,6.9045,0.001776,1724589.1,5.8584,0.001392,1685378.9,3.9965,0.000905
20261008,00910,第一金太空衛星,1185483.0,463475.0,494585.0,819365.0,678866.0,510896.0,425841.0,420798.0,431007.0,629918.0,1337082.0,543052.0,955793.0,887807.0,300964.0,428785.0,592563.0,408067.0,401560.0,738659.0,413050.0,535663.0,509001.0,488299.0,702511.0,556241.0,946974.0,558479.0,741415.0,510487.0,714514.33,55.3048,0.005723,728354.8,32.5523,0.003068,606023.4,19.5617,0.001599,672328.8,11.755,0.001042,632728.3,9.368,0.000817,620556.2,6.3679,0.000531
20261008,00911,兆豐洲際半導體,212847.0,313060.0,448269.0,400910.0,540407.0,814248.0,505461.0,192177.0,528765.0,482193.0,1312901.0,540711.0,641786.0,74560.0,159359.0,213284.0,74092.0,92909.0,146154.0,87550.0,628230.0,208242.0,728018.0,197512.0,76981.0,229191.0,211289.0,483106.0,517888.0,522492.0,324725.33,21.8489,0.001028,383098.6,11.1119,0.000551,443833.7,4.7956,0.000287,477843.6,2.9695,0.000187,389082.15,2.7352,0.000147,386153.07,1.8373,9.5e-05
20261008,00912,中信臺灣智慧50,2527001.0,2518101.0,1333148.0,1357271.0,1491827.0,544016.0,133662.0,317044.0,211273.0,295641.0,295248.0,170672.0,237991.0,404920.0,415225.0,378996.0,295781.0,187329.0,116127.0,182670.0,273846.0,238141.0,80235.0,327962.0,650764.0,413634.0,267686.0,132756.0,133102.0,171402.0,2126083.33,39.619,0.0122,1845469.6,27.386,0.00654,1072898.4,23.553,0.003409,816869.33,20.6235,0.002221,670697.15,18.8386,0.001741,536782.37,15.6923,0.001132
20261008,00913,兆豐台灣晶圓製造,1979394.0,1175111.0,1801713.0,3032089.0,2218958.0,1031732.0,1687638.0,2110145.0,1942094.0,1800917.0,2000715.0,1597146.0,1771030.0,1645913.0,754212.0,872750.0,1165833.0,1099946.0,530555.0,696559.0,1114898.0,2910073.0,689909.0,1695282.0,1137908.0,2468161.0,1092817.0,1189279.0,1171707.0,952794.0,1652072.67,39.9376,0.009556,2041453.0,19.392,0.005123,1877979.1,10.54,0.00267,1769920.47,7.4557,0.00174,1545722.5,6.4028,0.001364,1511242.6,4.3659,0.000887
20261008,00915,凱基優選高股息30,644990.0,1552628.0,1580567.0,2704425.0,502047.0,1567439.0,3678461.0,1446374.0,485529.0,1529115.0,1561502.0,1116417.0,5954998.0,2198664.0,1556945.0,5207011.0,2784263.0,2600602.0,870709.0,1604425.0,1634274.0,2813327.0,2034188.0,3198591.0,2447741.0,3002217.0,1929687.0,1077113.0,995282.0,1820987.0,1259395.0,17.0714,0.003114,1396931.4,9.2344,0.001669,1569157.5,4.1104,0.00087,1872006.73,2.297,0.000567,2057355.55,1.5675,0.000444,2070017.27,1.0386,0.000289
20261008,00916,國泰全球品牌50,688698.0,627764.0,955550.0,378918.0,307993.0,474822.0,412916.0,325377.0,164386.0,453231.0,2186912.0,302292.0,351250.0,381722.0,332635.0,671864.0,356181.0,330585.0,242223.0,205072.0,414699.0,302520.0,1597171.0,603003.0,286694.0,213053.0,587479.0,306021.0,518324.0,258491.0,757337.33,30.3123,0.003325,591784.6,23.2753,0.001782,478965.5,14.3789,0.000929,556297.73,8.2534,0.000605,507519.55,6.7849,0.000474,507928.2,4.5197,0.000309
20261008,00917,中信特選金融,788000.0,1045838.0,1297594.0,1625693.0,1601284.0,833763.0,886419.0,1117075.0,886740.0,1571827.0,650805.0,543329.0,1030786.0,1290522.0,961630.0,1148132.0,211074.0,330522.0,451558.0,1399506.0,889159.0,625662.0,458126.0,290599.0,641127.0,679555.0,457616.0,1006667.0,685292.0,666993.0,1043810.67,25.1642,0.003804,1271681.8,12.393,0.002039,1165423.3,6.7615,0.001063,1075420.33,4.8849,0.000693,983604.85,4.0057,0.000543,869096.43,3.0223,0.000353
20261008,00918,大華優利高填息30,20165544.0,21236028.0,28287845.0,37273710.0,34981797.0,42307443.0,32128943.0,40465564.0,42850822.0,39900405.0,68313487.0,62155667.0,248011764.0,194351177.0,116676754.0,85508489.0,76987452.0,79277982.0,76725824.0,51760550.0,103021618.0,150734293.0,59428621.0,101188690.0,103930037.0,100726404.0,19531392.0,9904942.0,10764471.0,10143068.0,23229805.67,28.9363,0.097356,28388984.8,14.2066,0.052187,33959810.1,5.9381,0.027202,68607130.0,1.9595,0.017722,69968362.35,1.441,0.013892,68958026.1,0.9748,0.009034
20261008,00919,群益台灣精選高息,83848220.0,36238286.0,45043357.0,68541371.0,72976828.0,147842613.0,55289642.0,55418474.0,86095342.0,58573730.0,70679066.0,71516920.0,124464408.0,87681381.0,123788209.0,219696767.0,135074108.0,116365737.0,89085724.0,128184090.0,107470925.0,161595216.0,79166055.0,100495242.0,104845284.0,120307325.0,78640525.0,46519130.0,56407396.0,60139317.0,55043287.67,50.7771,0.404807,61329612.4,27.3435,0.216994,70986786.3,11.8118,0.113107,79199856.47,7.0579,0.073689,93820213.65,4.4686,0.057763,93066356.27,3.0032,0.037561
20261008,00920,富邦ESG綠色電力,73727.0,338463.0,153163.0,147861.0,21834.0,359674.0,153122.0,70598.0,22142.0,149977.0,120659.0,443356.0,245721.0,53364.0,156355.0,330559.0,681405.0,67681.0,704221.0,122781.0,379969.0,96573.0,95394.0,255899.0,196440.0,102261.0,259916.0,159810.0,211231.0,74804.0,188451.0,13.0409,0.000356,147009.6,10.0302,0.000191,149056.1,4.9463,9.9e-05,167334.4,2.9373,6.5e-05,220833.15,1.6693,5.1e-05,208298.67,1.1798,3.3e-05
20261008,00921,兆豐龍頭等權重,501711.0,644953.0,259769.0,487107.0,180642.0,124051.0,255137.0,142836.0,332118.0,195626.0,286052.0,427167.0,237114.0,443759.0,537643.0,1179100.0,1849479.0,712360.0,878551.0,199583.0,559517.0,988915.0,766852.0,1485925.0,889031.0,513890.0,86761.0,127904.0,60608.0,141831.0,468811.0,35.6726,0.002422,414836.4,24.1884,0.001298,312395.0,16.0601,0.000677,337045.67,9.9237,0.000441,493737.9,5.0807,0.000346,516533.07,3.2377,0.000225
20261008,00922,國泰台灣領袖50,12481773.0,8458213.0,8857122.0,11231153.0,8193352.0,7840645.0,5388660.0,8374607.0,6527059.0,6905746.0,9866835.0,6573503.0,7519040.0,6318369.0,8419682.0,3857428.0,5553168.0,6377429.0,6905180.0,3895262.0,5488494.0,12757960.0,5169022.0,8989050.0,6815787.0,22413827.0,11201361.0,6661112.0,12238475.0,8388386.0,9932369.33,41.8892,0.06026,9844322.6,25.3583,0.032302,8425833.0,14.8137,0.016837,8197050.6,10.1514,0.010969,7477211.3,8.3465,0.008599,8322256.67,4.9994,0.005591
20261008,00923,群益台ESG低碳50,2441821.0,2853144.0,4737594.0,10354041.0,2553381.0,2495630.0,2896619.0,2500021.0,3738387.0,2476878.0,5464580.0,4676878.0,3184727.0,2823032.0,3463821.0,6896097.0,3762532.0,6327139.0,3153151.0,2340743.0,3808474.0,6085225.0,3087750.0,3892064.0,4006482.0,8273605.0,4011848.0,5381051.0,3612678.0,4421352.0,3344186.33,24.339,0.011789,4587996.2,10.6444,0.006319,3704751.6,6.5911,0.003294,3777370.27,4.3096,0.002146,3957010.8,3.0854,0.001682,4190691.5,1.9423,0.001094
20261008,00924,復華S&P500成長,1241489.0,1453001.0,1172646.0,1299321.0,693235.0,2322859.0,1166451.0,1489607.0,1066472.0,962746.0,1363173.0,2213161.0,1193533.0,850762.0,1419383.0,1176897.0,1199453.0,1750581.0,1019400.0,846781.0,1517137.0,1947753.0,1412462.0,1166483.0,866416.0,674681.0,1160365.0,1019955.0,1307675.0,1299199.0,1289045.33,32.1036,0.005994,1171938.4,21.1869,0.003213,1286782.7,9.648,0.001675,1327189.27,6.2362,0.001091,1295047.55,4.7932,0.000855,1275769.23,3.2438,0.000556
20261008,00926,凱基全球菁英55,275380.0,214562.0,529413.0,565334.0,159182.0,432210.0,847162.0,554221.0,273480.0,607559.0,1003262.0,668504.0,607748.0,144936.0,701216.0,1268824.0,851521.0,330008.0,829181.0,230025.0,1170894.0,501428.0,114290.0,685833.0,297686.0,783350.0,402006.0,197803.0,742218.0,470266.0,339785.0,27.0151,0.001329,348774.2,15.7913,0.000713,445850.3,6.1765,0.000371,505611.27,3.631,0.000242,554686.4,2.4823,0.00019,548650.07,1.6731,0.000123
20261008,00927,群益半導體收益,48087392.0,51622273.0,50286284.0,60380170.0,40527833.0,41649614.0,11859076.0,18258291.0,18530840.0,12113113.0,35754914.0,16806331.0,17845280.0,13610504.0,7015355.0,9984571.0,10061989.0,13155319.0,8587918.0,8339861.0,10434607.0,21556798.0,7506879.0,11686024.0,18821196.0,35882681.0,18685210.0,8700570.0,8987235.0,6738358.0,49998649.67,32.0591,0.232159,50180790.4,19.1657,0.124447,35331488.6,13.6103,0.064867,29623151.33,10.822,0.042261,24723846.4,9.7249,0.033127,21449216.2,7.4731,0.021542
20261008,00929,復華台灣科技優息,28511530.0,22493657.0,21794612.0,32618605.0,22790454.0,24482847.0,20855032.0,16207880.0,19999258.0,13920222.0,32361687.0,20571657.0,37213064.0,26678811.0,35176066.0,39914078.0,42525179.0,53220420.0,19920284.0,16805110.0,76771961.0,24699328.0,24816752.0,47435067.0,24171109.0,26138637.0,26728756.0,17202298.0,22617955.0,22096690.0,24266599.67,39.1643,0.137649,25641771.6,22.2383,0.073786,22367409.7,12.7469,0.03846,25045025.47,7.5894,0.025057,27403022.65,5.2023,0.019642,28691300.2,3.3124,0.012772
20261008,00930,永豐ESG低碳高息,935830.0,2384036.0,1189945.0,2415961.0,558328.0,1439173.0,1425424.0,1743393.0,949587.0,2851811.0,16974659.0,7707666.0,4800604.0,1702772.0,1660334.0,1143018.0,945210.0,1853246.0,1689034.0,997027.0,1651548.0,2155454.0,1666396.0,1543828.0,1497884.0,993719.0,225717.0,344261.0,156766.0,519040.0,1503270.33,20.751,0.004518,1496820.0,12.5042,0.002422,1589348.8,5.8881,0.001262,3249301.53,1.9201,0.000822,2768352.9,1.6902,0.000645,2204055.7,1.4153,0.000419
20261008,00932,兆豐永續高息等權,152617.0,249365.0,530580.0,398204.0,672837.0,292940.0,689217.0,170407.0,399218.0,99118.0,260224.0,188733.0,532905.0,506573.0,198172.0,387388.0,247864.0,400048.0,320177.0,418754.0,427028.0,608779.0,470427.0,855412.0,364369.0,851139.0,329828.0,226130.0,497240.0,606478.0,310854.0,16.3653,0.000737,400720.6,7.6171,0.000395,365450.3,4.1761,0.000206,356074.0,2.8574,0.000134,355767.05,2.1449,0.000105,411739.03,1.2355,6.8e-05
20261008,00934,中信成長高股息,8058343.0,11204154.0,5078429.0,7449648.0,6515018.0,1156602.0,2448099.0,1939312.0,2160905.0,827670.0,1645248.0,1024268.0,1812207.0,1356626.0,2770580.0,2692368.0,3472659.0,3204907.0,2355593.0,2381054.0,2419552.0,2058789.0,2354992.0,2983116.0,3097321.0,5974249.0,2311099.0,2015191.0,2580676.0,3504747.0,8113642.0,33.1061,0.038904,7661118.4,21.037,0.020855,4683818.0,17.2046,0.01087,3696473.93,14.5334,0.007082,3477684.5,11.5858,0.005551,3295114.07,8.1518,0.00361
20261008,00935,野村臺灣新科技50,7553945.0,10279280.0,15134803.0,12220196.0,9175247.0,4964957.0,8883858.0,13387736.0,9452077.0,13868725.0,20628441.0,14417774.0,13798144.0,8825965.0,10123988.0,13104275.0,9625942.0,13060777.0,8010353.0,6637666.0,9919191.0,23421659.0,8856362.0,7053362.0,17645503.0,32747034.0,6789833.0,11691788.0,7550527.0,4810098.0,10989342.67,22.9129,0.036469,10872694.2,13.8953,0.019549,10492082.4,7.1997,0.01019,11514342.4,4.3736,0.006639,11157707.45,3.3851,0.005204,11787983.53,2.1361,0.003384
20261008,00936,台新永續高息中小,274184.0,461879.0,330704.0,569931.0,1203449.0,186008.0,624004.0,1111982.0,192022.0,242631.0,449992.0,538860.0,1030890.0,437736.0,487468.0,549394.0,385286.0,738192.0,379585.0,333425.0,392835.0,943646.0,656540.0,2161688.0,1175150.0,600588.0,581870.0,353717.0,304493.0,1322495.0,355589.0,25.7023,0.001324,568029.4,9.6539,0.00071,519679.4,5.276,0.00037,542782.67,3.3676,0.000241,526381.1,2.6044,0.000189,634021.47,1.4415,0.000123
20261008,00938,凱基優選30,375744.0,986327.0,257900.0,1187083.0,132693.0,912052.0,375256.0,664198.0,275410.0,247390.0,265089.0,158888.0,2226506.0,1189126.0,1174270.0,2968291.0,3245259.0,3170088.0,2325619.0,631960.0,1779366.0,1454722.0,1180487.0,1905339.0,368467.0,1630954.0,1587713.0,1181219.0,273919.0,1858306.0,539990.33,23.1945,0.001814,587949.4,12.7815,0.000972,541405.3,6.9402,0.000507,695195.47,3.6032,0.00033,1138457.45,1.6502,0.000259,1199654.7,1.044,0.000168
20261008,00939,統一台灣高息動能,2465711.0,2068022.0,2504386.0,5280111.0,3228239.0,3587232.0,2677225.0,4120682.0,1242826.0,2434141.0,2873265.0,2320540.0,7897058.0,3282281.0,2208342.0,3476048.0,3983889.0,1999551.0,1809288.0,2332867.0,3445179.0,5506202.0,3612189.0,7056521.0,3263408.0,3761725.0,4662158.0,1817921.0,2279167.0,4374671.0,2346039.67,35.0337,0.011904,3109293.8,15.8603,0.006381,2960857.5,8.3277,0.003326,3212670.73,5.1166,0.002167,3089585.2,3.9904,0.001699,3385694.83,2.4276,0.001105
20261008,00940,元大台灣價值高息,8174141.0,13020608.0,8709105.0,14305651.0,6051187.0,9356116.0,9321863.0,13418358.0,6950406.0,6904249.0,11523611.0,14008263.0,23084613.0,25221399.0,14213385.0,5832399.0,8827812.0,8981490.0,10087563.0,11962513.0,7926216.0,14910226.0,23896929.0,10883984.0,7259865.0,16461335.0,18068357.0,10228377.0,12023170.0,17348213.0,9967951.33,27.3347,0.039464,10052138.4,16.2635,0.021154,9621168.4,8.496,0.011026,12284197.0,4.4361,0.007184,11497736.6,3.5547,0.005631,12298713.47,2.2154,0.003662
20261008,00941,中信上游半導體,8347639.0,847312.0,1164671.0,1578319.0,809448.0,2728690.0,989798.0,508686.0,890976.0,1171775.0,1404280.0,1164697.0,684971.0,367756.0,452558.0,1028063.0,696066.0,723815.0,530467.0,1096194.0,1880464.0,640305.0,546765.0,480658.0,637698.0,1361494.0,1545406.0,544723.0,1217025.0,1108414.0,3453207.33,80.5786,0.040301,2549477.8,65.4851,0.021603,1903731.4,43.8488,0.01126,1540771.73,36.1189,0.007336,1359309.05,30.7054,0.005751,1238304.43,22.4706,0.003739
20261008,00943,兆豐電子高息等權,2461563.0,1378169.0,3107358.0,2224598.0,637591.0,135659.0,60813.0,62476.0,19686.0,66291.0,79739.0,75510.0,134336.0,227443.0,165839.0,434227.0,492701.0,141295.0,287952.0,215911.0,266884.0,340575.0,149191.0,550128.0,30265.0,66466.0,53614.0,15492.0,23340.0,22984.0,2315696.67,35.433,0.011884,1961855.8,25.0942,0.00637,1015420.4,24.2418,0.003321,722471.4,22.7143,0.002163,620457.85,19.8367,0.001696,464269.87,17.6734,0.001103
20261008,00944,野村趨勢動能高息,145503.0,100141.0,71792.0,264548.0,215773.0,102727.0,181166.0,142567.0,51995.0,103540.0,77716.0,149243.0,293653.0,77298.0,470513.0,284859.0,376922.0,82712.0,64688.0,91532.0,432817.0,304119.0,217376.0,134307.0,80608.0,122290.0,304844.0,140685.0,353218.0,157161.0,105812.0,45.837,0.000702,159551.4,18.239,0.000377,137975.2,10.5456,0.000196,163211.67,5.9433,0.000128,167444.4,4.3448,0.0001,186543.77,2.6,6.5e-05
20261008,00945B,凱基美國非投等債,5205170.0,2160046.0,5622813.0,4571040.0,7389988.0,2630921.0,4727040.0,7256262.0,4347226.0,3708996.0,5216067.0,3981470.0,3684292.0,3282258.0,4779155.0,4820632.0,3003896.0,3206677.0,2056352.0,4337444.0,10060562.0,10333781.0,2926460.0,2365597.0,2409435.0,1876416.0,2768101.0,4095053.0,5105245.0,2023320.0,4329343.0,40.0767,0.02513,4989811.4,20.8632,0.013471,4761950.2,10.9308,0.007021,4570849.6,7.5918,0.004574,4299387.25,6.0534,0.003586,4331723.83,4.0055,0.002332
20261008,00946,群益科技高息成長,1024905.0,1036864.0,838274.0,2596893.0,891205.0,1209363.0,2008191.0,1760311.0,1219934.0,1359803.0,2820119.0,1441110.0,1554098.0,997755.0,862782.0,912056.0,1114208.0,672916.0,1016917.0,1094331.0,3149205.0,2017461.0,2988467.0,3259920.0,2761958.0,1387161.0,1972226.0,1940659.0,2148596.0,2111806.0,966681.0,35.341,0.004948,1277628.2,16.0439,0.002652,1394574.3,7.3492,0.001383,1441440.47,4.7402,0.000901,1321601.75,3.8775,0.000706,1672316.47,2.0429,0.000459
20261008,00947,台新臺灣IC設計,6874119.0,12569295.0,7736093.0,20535032.0,8284884.0,5840468.0,6169532.0,11887867.0,5722037.0,8223153.0,14904424.0,10787367.0,9901317.0,3237013.0,2423098.0,3147816.0,3845043.0,5348149.0,2733093.0,3932553.0,4920182.0,7948201.0,3775424.0,6893197.0,4697134.0,11819801.0,5082887.0,5300278.0,5868035.0,5596993.0,9059835.67,25.2916,0.033187,11199884.6,12.2753,0.01779,9384248.0,7.3252,0.009273,9006379.93,5.0883,0.006041,7705117.65,4.4607,0.004736,7200149.5,3.1824,0.003079
20261008,00949,復華日本龍頭,294000.0,118047.0,601930.0,461058.0,572417.0,750328.0,833020.0,617079.0,2203271.0,630422.0,2394294.0,251828.0,945397.0,1227047.0,244010.0,542909.0,858124.0,245772.0,322754.0,259112.0,363256.0,241744.0,327191.0,502382.0,483898.0,283620.0,741389.0,367983.0,133368.0,335529.0,337992.33,28.9947,0.001419,409490.4,14.3593,0.000761,708157.2,4.1516,0.000397,809609.87,2.4209,0.000258,718640.95,2.0455,0.000203,605105.97,1.6196,0.000132
20261008,00951,台新日本半導體,1279741.0,2183038.0,2206338.0,2869337.0,3737925.0,4668364.0,2478366.0,5326528.0,1442936.0,3087443.0,1708758.0,1675821.0,2711897.0,3335921.0,1010374.0,1715441.0,2168219.0,4731007.0,1639128.0,2918927.0,2430697.0,3039670.0,1814732.0,1301297.0,4764831.0,2982529.0,2033860.0,1178976.0,1647439.0,1526045.0,1889705.67,22.5739,0.006178,2455275.8,10.4244,0.003312,2928001.6,4.3707,0.001726,2648185.8,3.2217,0.001125,2644775.45,2.4194,0.000882,2520519.5,1.6924,0.000573
20261008,00952,凱基台灣AI50,941217.0,2019010.0,2228567.0,3164814.0,1211908.0,2123391.0,1545524.0,1318393.0,774979.0,2017249.0,1518350.0,1571098.0,3709519.0,1121679.0,519033.0,1372687.0,1189156.0,955550.0,1190391.0,2663496.0,4201762.0,1393631.0,2619576.0,1943634.0,1000121.0,2216669.0,983052.0,2261367.0,1460619.0,1396675.0,1729598.0,18.1394,0.004544,1913103.2,9.8397,0.002436,1734505.2,5.4264,0.00127,1718982.07,3.6503,0.000827,1657800.55,2.8388,0.000648,1754437.23,1.7883,0.000422
20261008,00953B,群益優選非投等債,19946701.0,22753245.0,46899361.0,53018684.0,38797302.0,24498128.0,35216543.0,53998577.0,44423832.0,40995891.0,25092319.0,33115441.0,32751704.0,34226922.0,31683462.0,40984374.0,34241507.0,37792946.0,19203544.0,22695865.0,38854741.0,53732315.0,25453254.0,24223769.0,39901769.0,69277793.0,40926605.0,102907884.0,46235082.0,18990489.0,29866435.67,22.2621,0.0963,36283058.6,10.995,0.051621,38054826.4,5.2416,0.026907,35827874.13,3.7116,0.01753,34616817.4,2.8811,0.013741,38428001.63,1.7302,0.008935
20261008,00954,中信日本半導體,1846966.0,1609462.0,1131571.0,5743115.0,1855200.0,4093724.0,1573699.0,1337127.0,1323155.0,1494639.0,1189288.0,675267.0,1947137.0,1638136.0,791858.0,1857069.0,1709710.0,2645375.0,1169815.0,1535439.0,2311283.0,2764107.0,1811109.0,1700317.0,1954064.0,1916934.0,2302443.0,1198506.0,1425796.0,1040032.0,1529333.0,40.2565,0.008917,2437262.8,15.1561,0.00478,2200865.8,8.392,0.002491,1883356.27,6.5379,0.001623,1858387.6,4.9693,0.001272,1853078.1,3.3223,0.000827
20261008,00956,中信日經高股息,589707.0,275718.0,181205.0,366315.0,436994.0,233075.0,249226.0,218434.0,224250.0,36964.0,89001.0,288400.0,696499.0,88035.0,198063.0,248558.0,146932.0,208918.0,354219.0,58174.0,26995.0,118058.0,141670.0,625686.0,498632.0,72157.0,107168.0,167871.0,149373.0,146773.0,348876.67,56.3434,0.002847,369987.8,31.8771,0.001526,281188.8,20.9719,0.000795,278125.73,14.1353,0.000518,259434.35,11.3652,0.000406,241435.67,8.1417,0.000264
20261008,00960,野村全球航運龍頭,213958.0,345239.0,246957.0,443399.0,680820.0,442683.0,313321.0,540202.0,428083.0,472942.0,539303.0,682146.0,591774.0,629831.0,524378.0,1433298.0,888046.0,1706059.0,611377.0,935463.0,757673.0,620169.0,592637.0,1341388.0,362285.0,322217.0,586225.0,1674874.0,4338546.0,5230237.0,268718.0,26.5406,0.001033,386074.6,11.0838,0.000554,412760.4,5.1836,0.000289,473002.4,3.0156,0.000188,633463.95,1.6888,0.000147,949851.0,0.7508,9.6e-05
20261008,00961,FT臺灣永續高息,21367518.0,21812069.0,42635897.0,61217693.0,93212336.0,10944527.0,15051291.0,18569889.0,19663222.0,28530970.0,36212805.0,26991022.0,14827111.0,15367657.0,32193696.0,54044811.0,29229198.0,36754016.0,31351809.0,17203380.0,41837529.0,55195884.0,25097594.0,35676189.0,23918054.0,16328777.0,17295249.0,21331816.0,12056880.0,13717223.0,28605161.33,24.8994,0.103159,48049102.6,8.894,0.055298,33300541.2,6.4166,0.028824,30573180.2,4.6593,0.018778,31359045.85,3.4069,0.01472,29654537.07,2.4018,0.009572
20261008,00962,台新AI優息動能,7502896.0,9126091.0,6838714.0,10305154.0,11083209.0,4494118.0,1909017.0,3108865.0,2370985.0,3453212.0,3861899.0,2410879.0,2020169.0,2312049.0,1631808.0,5785329.0,11805907.0,6944766.0,2754862.0,2735468.0,12386866.0,9156082.0,3303028.0,7490169.0,3870799.0,524132.0,388193.0,418188.0,307081.0,1174122.0,7822567.0,31.9712,0.036223,8971212.8,16.7266,0.019417,6019226.1,12.4649,0.010121,4828604.33,10.359,0.006594,5122769.85,7.3231,0.005169,4715801.9,5.3034,0.003361
20261008,00963,中信全球高股息,917936.0,1932778.0,990145.0,2628234.0,2974253.0,1818173.0,1651978.0,1607270.0,1637096.0,1621866.0,1688678.0,2954411.0,1321617.0,1873118.0,1804793.0,2125809.0,1117372.0,1175826.0,794872.0,1199311.0,1004861.0,820230.0,284227.0,1106659.0,1171403.0,1249125.0,1056744.0,1828274.0,1364355.0,1214221.0,1280286.33,23.8992,0.004432,1888669.2,9.7205,0.002376,1777972.9,5.1628,0.001238,1828156.4,3.3474,0.000807,1691776.8,2.7129,0.000632,1497854.5,2.0428,0.000411
20261008,00964,中信亞太高股息,2149678.0,1602562.0,1162703.0,2188836.0,2692259.0,892803.0,967579.0,1939176.0,1118124.0,1915831.0,1424983.0,992812.0,848810.0,1247120.0,731533.0,2196724.0,1527241.0,1799182.0,1299843.0,1009557.0,1643272.0,2647835.0,1241241.0,1666439.0,2524390.0,805671.0,918740.0,1423124.0,1009539.0,846764.0,1638314.33,43.7376,0.010378,1959207.6,21.9444,0.005563,1662955.1,12.9269,0.0029,1458320.6,9.8272,0.001889,1485367.8,7.2362,0.001481,1481145.7,4.8379,0.000963
20261008,00965,元大航太防衛科技,963161.0,6151952.0,5538172.0,1378072.0,6495674.0,9858600.0,8760356.0,544002.0,486894.0,1226223.0,1477324.0,955026.0,632323.0,1765416.0,943517.0,635709.0,1318433.0,523405.0,1443495.0,601610.0,571907.0,5548528.0,991624.0,1592241.0,2466906.0,741146.0,644404.0,688416.0,1717261.0,1102333.0,4217761.67,7.6119,0.00465,4105406.2,4.6922,0.002493,4140310.6,2.3263,0.001299,3145114.13,2.0416,0.000846,2584968.2,1.863,0.000664,2258804.33,1.4213,0.000431
20261008,00971,野村美國研發龍頭,282963.0,533402.0,319448.0,189978.0,554874.0,226747.0,84896.0,137521.0,55249.0,237375.0,799932.0,276714.0,117864.0,153158.0,244462.0,26433.0,33470.0,117723.0,93955.0,230387.0,297945.0,223985.0,417708.0,73528.0,163423.0,97688.0,105754.0,582621.0,135302.0,75310.0,378604.33,24.9128,0.001366,376133.0,15.0459,0.000732,262245.3,10.79,0.000382,280972.2,6.7139,0.000249,235827.55,5.9994,0.000195,229660.5,4.107,0.000127
20261008,00972,野村日本動能高息,141018.0,70631.0,19340.0,38613.0,31566.0,102245.0,156852.0,109843.0,70155.0,55779.0,16241.0,21097.0,43528.0,99136.0,312941.0,19655.0,63217.0,64201.0,5638.0,27520.0,134231.0,351793.0,103557.0,295141.0,59118.0,116679.0,7.0,76192.0,15442.0,34071.0,76996.33,61.0497,0.000681,60233.6,46.8237,0.000365,79604.2,17.7149,0.00019,85932.33,10.9402,0.000124,73460.8,9.5982,9.7e-05,88514.9,5.3105,6.3e-05
20261008,009800,中信NASDAQ,639983.0,935301.0,1000256.0,1459234.0,2556584.0,1575697.0,3372292.0,1239217.0,1070235.0,2085442.0,901387.0,1344722.0,1042163.0,691660.0,854702.0,887668.0,1408659.0,1284833.0,1285819.0,922512.0,1323798.0,1245236.0,864536.0,1659917.0,1378918.0,1517974.0,934000.0,796794.0,913995.0,1444200.0,858513.33,24.8485,0.00309,1318271.6,9.7094,0.001656,1593424.1,4.0164,0.000863,1384591.67,3.0815,0.000562,1327918.3,2.4097,0.000441,1287924.47,1.6564,0.000287
20261008,009801,中信美國創新科技,1201498.0,593125.0,827628.0,550895.0,846179.0,1226305.0,1733861.0,490449.0,629130.0,1601150.0,618048.0,760461.0,629006.0,127216.0,334094.0,995503.0,883875.0,340547.0,327201.0,209058.0,831249.0,445225.0,546021.0,504527.0,791742.0,770691.0,403028.0,438592.0,634491.0,754592.0,874083.67,45.8193,0.005801,803865.0,29.893,0.003109,970022.0,12.3863,0.001621,811269.67,9.8734,0.001056,746261.45,8.0501,0.000828,701512.9,5.7091,0.000538
20261008,009802,富邦旗艦50,1711950.0,3118676.0,7804145.0,9680806.0,2564955.0,2074035.0,2920051.0,3399117.0,3223381.0,3407787.0,7294440.0,8806228.0,6222645.0,3986974.0,2021578.0,4654743.0,3853416.0,6115502.0,4336304.0,3851018.0,8294220.0,28092982.0,8272408.0,22289716.0,42774096.0,100013892.0,3703026.0,2719131.0,2226897.0,1963224.0,4211590.33,13.5495,0.008265,4976106.4,6.8807,0.00443,3990490.3,4.2901,0.002309,4549117.87,2.5088,0.001505,4552387.55,1.8803,0.001179,10379911.43,0.5498,0.000767
20261008,009803,玉山市值動能50,4353357.0,5820684.0,4360719.0,7236572.0,2986995.0,3043479.0,3055016.0,3649864.0,2556383.0,2524096.0,5457053.0,3376608.0,3697931.0,4169140.0,4775129.0,10379622.0,29714706.0,18377909.0,9506767.0,8939086.0,22252657.0,4987093.0,4958157.0,8851227.0,6582975.0,2241246.0,1308217.0,1067579.0,1130222.0,1417097.0,4844920.0,29.9514,0.021017,4951665.4,17.5834,0.011266,3958716.5,10.9969,0.005872,4070868.4,7.1293,0.003826,6899055.8,3.155,0.002999,6425919.53,2.2582,0.00195
20261008,009804,聯邦台精彩50,948490.0,528019.0,1018328.0,3716265.0,769244.0,692246.0,661234.0,1011055.0,756367.0,775189.0,2150206.0,2414294.0,1430775.0,954858.0,650638.0,637103.0,773743.0,1195056.0,528561.0,843631.0,1612488.0,1713343.0,1607477.0,918674.0,798734.0,3860143.0,645035.0,1715383.0,637247.0,1107136.0,831612.33,38.0181,0.004579,1396069.2,13.588,0.002455,1087643.7,8.7206,0.001279,1231813.87,5.1333,0.000834,1122765.1,4.2239,0.000653,1235698.73,2.5586,0.000425
20261008,009805,台新美國電力基建,3380918.0,10070511.0,3026941.0,8646950.0,7996584.0,2732367.0,2630568.0,3131270.0,2279294.0,8377072.0,3268425.0,2895295.0,2760842.0,2423712.0,3895098.0,6622673.0,5303941.0,2849762.0,3101572.0,4280795.0,2854577.0,4592309.0,5648064.0,3371043.0,4191606.0,11068757.0,10285376.0,7195465.0,5556457.0,8824528.0,5492790.0,20.5173,0.016323,6624380.8,10.2075,0.00875,5227247.5,6.4679,0.004561,4501056.47,5.0076,0.002971,4483729.5,3.7702,0.002329,5108759.07,2.206,0.001515
20261008,009808,華南永昌優選50,63363.0,50359.0,108538.0,172115.0,26253.0,65676.0,82543.0,171793.0,39234.0,74497.0,161547.0,108188.0,225740.0,92851.0,495675.0,53819.0,129505.0,134069.0,57487.0,111505.0,179780.0,224680.0,132476.0,255559.0,462281.0,290507.0,49039.0,195540.0,88210.0,167338.0,74086.67,28.5085,0.000306,84125.6,15.0639,0.000164,85437.1,7.4163,8.5e-05,129224.8,3.2689,5.6e-05,121237.85,2.6132,4.4e-05,149005.57,1.4175,2.8e-05
20261008,009809,富邦淨零ESG50,198674.0,28529.0,128086.0,69966.0,86382.0,62369.0,257200.0,184093.0,321378.0,81496.0,60098.0,193449.0,1145751.0,138744.0,92387.0,47845.0,186032.0,374806.0,421965.0,76930.0,286373.0,532540.0,607688.0,667713.0,37178.0,131524.0,69689.0,885412.0,17824.0,213250.0,118429.67,55.919,0.000959,102327.4,38.831,0.000514,141817.3,14.0092,0.000268,203240.13,6.5169,0.000175,207809.0,4.7802,0.000137,253512.37,2.6123,8.9e-05
20261008,00980A,主動野村臺灣優選,7396665.0,5924713.0,5695475.0,16962533.0,11451512.0,9041437.0,18882373.0,8275783.0,3989759.0,7991467.0,7625654.0,4047650.0,7339459.0,5132993.0,7490124.0,5195070.0,5766125.0,8301707.0,6247751.0,4138363.0,6516441.0,7094293.0,7003637.0,7511073.0,5066486.0,11368484.0,8355132.0,6841548.0,6772745.0,10241641.0,6338951.0,38.8953,0.03571,9486179.6,15.5946,0.019142,9561171.7,7.7361,0.009978,8483173.13,5.8128,0.0065,7844830.65,4.7144,0.005096,7788936.43,3.1655,0.003313
20261008,009810,玉山全球藍籌100,57602.0,237309.0,133147.0,497125.0,217572.0,69420.0,384646.0,326584.0,192230.0,127223.0,29813.0,156844.0,272817.0,94449.0,473947.0,34965.0,184100.0,173029.0,212455.0,74999.0,27988.0,246519.0,103445.0,181258.0,14520.0,82266.0,62681.0,78256.0,245195.0,160312.0,142686.0,13.4566,0.000278,228551.0,5.0406,0.000149,224285.8,2.5682,7.8e-05,218048.53,1.7611,5.1e-05,197513.8,1.4582,4e-05,171757.2,1.1179,2.6e-05
20261008,009811,統一美國50,558925.0,1528845.0,1655676.0,1007107.0,1025823.0,2500475.0,297670.0,931721.0,922332.0,490758.0,2237779.0,1211042.0,2064773.0,807452.0,460378.0,526440.0,1420786.0,1293449.0,1370006.0,608482.0,2101392.0,967886.0,1153954.0,609423.0,1432640.0,573584.0,1346273.0,718970.0,1355756.0,2163590.0,1247815.33,14.9308,0.002698,1155275.2,9.676,0.001446,1091933.2,5.1187,0.000754,1180050.4,3.1576,0.000491,1145995.95,2.4386,0.000385,1178112.9,1.5814,0.00025
20261008,009812,野村日本東證,131519.0,205068.0,473340.0,357830.0,882621.0,483359.0,635826.0,1298169.0,603123.0,148687.0,127777.0,777295.0,252274.0,140687.0,358001.0,159011.0,325398.0,553568.0,184370.0,351936.0,1249985.0,170387.0,383303.0,725200.0,807434.0,561834.0,875566.0,231619.0,412700.0,184676.0,269975.67,16.2384,0.000635,410075.6,6.4144,0.00034,521954.2,2.5197,0.000177,458371.73,1.9128,0.000116,422492.95,1.5565,9.1e-05,468418.77,0.9359,5.9e-05
20261008,009813,貝萊德標普卓越50,2119130.0,1649354.0,1686142.0,1629851.0,1283757.0,4970561.0,1879190.0,738497.0,1163196.0,1828586.0,1847073.0,1248268.0,1473160.0,1317281.0,1757123.0,2880199.0,1509394.0,1272086.0,814021.0,411809.0,3258860.0,1655785.0,2709003.0,1315413.0,788473.0,635170.0,2064349.0,553636.0,1339070.0,651049.0,1818208.67,38.8501,0.010231,1673646.8,25.3235,0.005484,1894826.4,11.1838,0.002859,1772744.6,7.9693,0.001862,1673933.9,6.3298,0.00146,1614982.87,4.3739,0.000949
20261008,009816,凱基台灣TOP50,161880493.0,89847948.0,86883734.0,115388477.0,103095611.0,96626053.0,81829044.0,125516365.0,76056880.0,81402436.0,97610219.0,115853431.0,115488679.0,74471935.0,65929067.0,91384211.0,87503192.0,113288239.0,76607163.0,59063834.0,97206710.0,137199189.0,74456140.0,72502037.0,83760868.0,136805629.0,95556346.0,81908852.0,88600413.0,84543431.0,112870725.0,47.8071,0.781535,111419252.6,29.0579,0.418937,101852704.1,15.8936,0.218368,99192024.8,10.8799,0.142266,95786350.55,8.4501,0.11152,95608887.53,5.6438,0.072517
20261008,009817,國泰日本不動產,1505292.0,946707.0,694324.0,2282610.0,1247655.0,1489099.0,613858.0,606321.0,1711437.0,1738243.0,1113581.0,749078.0,2040687.0,253947.0,621944.0,354068.0,997041.0,1003984.0,1077870.0,625535.0,1025777.0,315215.0,1028628.0,3070689.0,973239.0,413462.0,786971.0,1184579.0,112423.0,244420.0,1048774.33,47.8429,0.007267,1335317.6,22.5458,0.003896,1283554.6,11.7275,0.002031,1174318.87,8.5456,0.001323,1083664.05,6.9454,0.001037,1027622.8,4.8828,0.000674
20261008,009818,華南永昌NASDAQxT,15477.0,85447.0,139722.0,197224.0,82660.0,399634.0,213222.0,155747.0,41818.0,307293.0,268496.0,280656.0,389112.0,212451.0,123590.0,192453.0,252108.0,67121.0,126207.0,305711.0,262829.0,57170.0,287962.0,311979.0,61616.0,88640.0,173417.0,149833.0,478144.0,160883.0,80215.33,6.4314,7.5e-05,104106.0,2.9733,4e-05,163824.4,0.9447,2.1e-05,194169.93,0.5314,1.4e-05,192807.45,0.4014,1.1e-05,196287.4,0.2628,7e-06
20261008,009819,中信數據及電力,3660100.0,12796535.0,3978541.0,5656058.0,2206554.0,2210625.0,3223649.0,2758559.0,1458102.0,2162318.0,4384363.0,5452755.0,1587350.0,1769243.0,3951924.0,7163359.0,3551658.0,2963969.0,1863226.0,3581085.0,5031796.0,3056249.0,2814908.0,6962345.0,5939855.0,5450410.0,4327781.0,3964110.0,3599253.0,4828256.0,6811725.33,17.9108,0.01767,5659557.6,12.9342,0.009472,4011104.1,9.1249,0.004937,3817111.73,6.3924,0.003217,3818998.65,4.792,0.002521,4078497.87,2.9914,0.00164
20261008,00981A,主動統一台股增長,99116918.0,121781825.0,120045076.0,279313470.0,153933672.0,113187922.0,98951609.0,115904355.0,163174741.0,224563308.0,272535764.0,146281908.0,144724965.0,197011530.0,142995444.0,164063144.0,129531951.0,144282035.0,77932837.0,126233332.0,141878564.0,170158621.0,113174114.0,153989254.0,180118884.0,234947623.0,235775060.0,217470599.0,135073592.0,150955269.0,113647939.67,29.0713,0.478522,154838192.2,12.8026,0.256509,148997289.6,6.6523,0.133703,159568167.13,4.141,0.087107,151778290.3,3.2652,0.068282,158970246.2,2.0783,0.044401
20261008,00981T,平衡凱基雙核收息,1123245.0,2483754.0,2563989.0,2578199.0,2514901.0,1827207.0,3033317.0,2809845.0,1242002.0,2989376.0,2193479.0,2263723.0,1868355.0,1788301.0,2008422.0,1690115.0,2712441.0,3586999.0,1315586.0,1400539.0,2881477.0,2272132.0,1903588.0,2094146.0,2182961.0,2125689.0,2054339.0,2326577.0,1594223.0,2429210.0,2056996.0,18.202,0.005423,2252817.6,9.9719,0.002907,2316583.5,4.8487,0.001515,2219207.67,3.3743,0.000987,2199689.75,2.5532,0.000774,2195271.23,1.7056,0.000503
20261008,009820,元大納斯達克精選,6915501.0,7587303.0,15665658.0,9397107.0,6832530.0,20705889.0,11647082.0,6063214.0,8807443.0,24643885.0,24657416.0,20475303.0,9050056.0,2431251.0,1504909.0,2132823.0,1956295.0,3089172.0,5661417.0,3868967.0,5563242.0,4323154.0,4648045.0,7266035.0,4451484.0,6560244.0,2392560.0,7952057.0,4891015.0,3112971.0,10056154.0,22.9229,0.033387,9279619.8,14.9047,0.017897,11826561.2,5.8474,0.009329,11758969.8,3.9207,0.006078,9654661.05,3.5814,0.004764,8141800.93,2.8313,0.003098
20261008,009821,野村稀土關鍵資源,11446137.0,5828711.0,3367004.0,9179093.0,7192954.0,7930670.0,9846698.0,15191638.0,4355732.0,2858144.0,4103727.0,4385048.0,3950302.0,4835514.0,3213584.0,2909581.0,4768035.0,5910691.0,2489761.0,3598784.0,3531671.0,3486556.0,4356701.0,3284305.0,6698882.0,4270199.0,9529451.0,7953362.0,8517548.0,21704577.0,6880617.33,55.4511,0.05526,7402779.8,30.9239,0.029622,7719678.1,14.8272,0.01544,6512330.4,11.7174,0.010059,5868090.4,9.7529,0.007885,6356502.0,6.0023,0.005128
20261008,009824,群益美國科技巨頭,2848796.0,1764139.0,3252440.0,4430018.0,3802384.0,6826228.0,3647844.0,5892884.0,4193984.0,7946660.0,9659834.0,12812594.0,19789497.0,6273440.0,3706878.0,2608063.0,1974953.0,3484459.0,5579802.0,4380633.0,5970546.0,5493913.0,14937916.0,6842543.0,3580273.0,3978674.0,6407569.0,3931544.0,5764384.0,2490165.0,2621791.67,36.2195,0.013754,3219555.4,17.6968,0.007373,4460537.7,6.3867,0.003843,6456508.0,2.9415,0.002504,5743776.5,2.4799,0.001963,5809101.9,1.6347,0.001276
20261008,009826,貝萊德世界股票,8264350.0,6883033.0,11268239.0,15433501.0,9831435.0,8273634.0,9478444.0,11673122.0,9555473.0,9651579.0,11899330.0,12569011.0,10835685.0,12483991.0,10555525.0,10194808.0,10888138.0,21402266.0,22025410.0,14454382.0,10025476.0,11735381.0,6794962.0,10822948.0,21395529.0,18729634.0,26016833.0,19445185.0,12541004.0,13087730.0,8805207.33,31.2858,0.039899,10336111.6,15.9912,0.021388,10031281.0,8.2386,0.011148,10577090.13,5.209,0.007263,11881067.8,3.4779,0.005693,12940534.6,2.1288,0.003702
20261008,009827,玉山未來全球算力,2579437.0,5478296.0,3250149.0,2796814.0,2339028.0,2968319.0,2745236.0,3282721.0,2364923.0,3303264.0,4299450.0,4824706.0,5436471.0,7233833.0,6323275.0,5659145.0,4413053.0,5184771.0,4815906.0,6725299.0,7199873.0,8448180.0,16071928.0,15723796.0,41906544.0,,,,,,3769294.0,22.811,0.012453,3288744.8,15.6865,0.006675,3110818.7,8.2918,0.00348,3948394.8,4.3553,0.002267,4301204.8,2.9985,0.001777,7014976.68,1.4708,0.001156
20261008,009828,中信台日韓PCB,53553030.0,78872888.0,63091683.0,75532672.0,56020293.0,35197217.0,52762550.0,28073119.0,68584661.0,80129544.0,60010235.0,25278334.0,40572581.0,86969085.0,32005195.0,30047817.0,49100221.0,55467325.0,66095797.0,49652633.0,71853860.0,94914159.0,103246680.0,146075643.0,119272537.0,,,,,,65172533.67,27.3904,0.258546,65414113.2,16.3735,0.138592,59181765.7,9.0489,0.07224,55776872.47,6.4009,0.047064,54350844.0,4.9266,0.036893,64895190.36,3.3009,0.02399
20261008,009829,大華韓國KOSPI50,22492723.0,15606801.0,18915530.0,14033213.0,14591193.0,19172503.0,17138475.0,29256980.0,8663210.0,24249755.0,34884768.0,18790461.0,18066844.0,11314197.0,24821461.0,16539024.0,19318858.0,22276418.0,22669188.0,24368884.0,39086926.0,27424383.0,19781160.0,21764576.0,30968684.0,18073179.0,36392907.0,30336366.0,35711510.0,31284664.0,19005018.0,39.4505,0.108592,17127892.0,26.2644,0.05821,18412038.3,12.2163,0.030341,19466540.93,7.703,0.019767,19858524.3,5.6632,0.015495,22933161.37,3.2693,0.010076
20261008,00982A,主動群益台灣強棒,10339750.0,9952835.0,16356925.0,37802454.0,41733519.0,10059669.0,12843060.0,13368750.0,12790915.0,13519105.0,26679670.0,14899875.0,19439539.0,12170118.0,9264181.0,15220494.0,16035675.0,17295519.0,9422419.0,12607858.0,12332585.0,23215076.0,15056672.0,20830187.0,17883441.0,50942255.0,17171779.0,19153582.0,20945647.0,20489280.0,12216503.33,28.2125,0.049919,23237096.6,8.8993,0.026759,17876698.2,5.7839,0.013948,17414691.0,3.9582,0.009087,16590116.5,3.1162,0.007123,18327427.8,1.8806,0.004632
20261008,00982D,主動富邦動態入息,575116.0,672058.0,914813.0,681459.0,1831408.0,558927.0,2574593.0,4699076.0,704107.0,359878.0,278578.0,34865.0,72926.0,794642.0,202539.0,93402.0,878935.0,991835.0,332702.0,161400.0,245125.0,813362.0,164573.0,86476.0,142975.0,493535.0,190772.0,419911.0,885658.0,294534.0,720662.33,26.6013,0.002777,934970.8,12.3023,0.001488,1357143.5,4.2377,0.000776,996999.0,3.8456,0.000505,870662.95,3.3027,0.000396,705006.0,2.7192,0.000258
20261008,00982T,平衡兆豐台美動能,78776.0,63094.0,147315.0,478163.0,80667.0,272723.0,39522.0,51476.0,85068.0,132929.0,235900.0,249591.0,143049.0,235897.0,183192.0,653203.0,429235.0,363006.0,231752.0,690529.0,259649.0,249347.0,111691.0,192224.0,220068.0,431561.0,36617.0,65606.0,31268.0,49602.0,96395.0,27.2407,0.00038,169603.0,9.2895,0.000204,142973.3,5.5098,0.000106,165157.47,3.1798,6.9e-05,242254.35,1.6259,5.4e-05,216424.0,1.2133,3.5e-05
20261008,00983A,主動中信ARK創新,621499.0,769513.0,2550479.0,2129096.0,703691.0,759106.0,1426988.0,842940.0,970463.0,3742227.0,1173888.0,1678537.0,3075076.0,1023630.0,427969.0,1149416.0,1457846.0,1596280.0,501188.0,543851.0,1653717.0,778901.0,1855821.0,1379515.0,502263.0,1451254.0,679300.0,1931265.0,1742141.0,3385575.0,1313830.33,15.7681,0.003001,1354855.6,9.1744,0.001608,1451600.2,4.2815,0.000838,1459673.47,2.8385,0.000546,1357184.15,2.2897,0.000428,1416781.17,1.4622,0.000278
20261008,00983D,主動富邦複合收益,992005.0,525766.0,964855.0,676459.0,1402582.0,550130.0,692059.0,1910799.0,694447.0,457436.0,766347.0,853360.0,1004987.0,540684.0,712592.0,892863.0,589806.0,297114.0,482560.0,895094.0,687948.0,627428.0,572841.0,309727.0,1179003.0,1541810.0,1357016.0,443052.0,655573.0,1028477.0,827542.0,39.9579,0.004789,912333.4,21.7465,0.002567,886653.8,11.1882,0.001338,849633.87,7.7838,0.000872,795097.25,6.2383,0.000683,810160.67,4.0815,0.000444
20261008,00984A,主動安聯台灣高息,10882231.0,12686651.0,10565126.0,9751811.0,3688008.0,2833257.0,3428942.0,3994530.0,2891764.0,3679379.0,4090165.0,4263276.0,3462187.0,2265843.0,2052183.0,3866325.0,4055489.0,3434107.0,2038566.0,2502309.0,2884624.0,4502139.0,3896284.0,3800750.0,3421178.0,7038855.0,3087534.0,3385808.0,4603458.0,4068872.0,11378002.67,31.8809,0.052538,9514765.4,22.8744,0.028163,6440169.9,16.8974,0.01468,5369023.53,13.5124,0.009564,4821607.45,11.2849,0.007497,4570721.7,7.9362,0.004875
20261008,00984D,主動聯博全球非投,7335396.0,12504397.0,19855140.0,18852694.0,24489995.0,13002359.0,26042276.0,39304198.0,14013028.0,16175391.0,14466658.0,20207154.0,10025288.0,9609773.0,12199162.0,11065077.0,11447666.0,17612950.0,8507256.0,8874618.0,20121685.0,20790063.0,23199067.0,11490297.0,16083669.0,35635773.0,40590008.0,51132892.0,26389465.0,14954581.0,13231644.33,18.4794,0.035414,16607524.4,8.8338,0.018984,19157487.4,3.829,0.009895,17205527.27,2.8423,0.006447,15779523.8,2.3243,0.005053,19199265.87,1.2736,0.003286
20261008,00985A,主動野村台灣50,68694308.0,50643634.0,59817617.0,54670399.0,56258017.0,28030344.0,2130737.0,2348739.0,2403784.0,1075613.0,2698124.0,1606730.0,1769482.0,1745882.0,1435450.0,1457307.0,2557343.0,3015709.0,2011709.0,2383409.0,2209061.0,1909285.0,3380128.0,2379172.0,4486985.0,3287012.0,3666572.0,3365389.0,4363182.0,3071567.0,59718519.67,38.3434,0.331646,58016795.0,23.6808,0.177777,32607319.2,21.0671,0.092665,22355257.33,20.4857,0.060371,17337716.85,19.8107,0.047324,12629089.67,18.1312,0.030773
20261008,00985B,群益ESG投等債0-5,3157953.0,5218481.0,13401273.0,16655044.0,6838265.0,3894563.0,10445852.0,9160952.0,6265388.0,6139616.0,6503440.0,4762760.0,14211460.0,5288829.0,7675695.0,3762436.0,3922469.0,8105464.0,2613621.0,3897646.0,10448424.0,12160593.0,6483604.0,5283163.0,6131977.0,9217071.0,15113342.0,13853093.0,8605078.0,5966216.0,7259235.67,14.5009,0.015246,9054203.2,6.9757,0.008173,8117738.7,3.8902,0.00426,7974638.07,2.64,0.002775,7096060.35,2.2251,0.002176,7839458.93,1.3428,0.001415
20261008,00986A,主動台新龍頭成長,150937.0,91995.0,263432.0,481539.0,229827.0,681513.0,149673.0,322780.0,130203.0,274653.0,551130.0,177102.0,221242.0,42740.0,65790.0,159544.0,276889.0,67241.0,154184.0,60574.0,592295.0,373386.0,148958.0,277873.0,166606.0,61168.0,479247.0,193556.0,317290.0,154668.0,168788.0,29.808,0.000729,243546.0,12.3949,0.000391,277655.2,5.4361,0.000204,255637.07,3.9362,0.000133,227649.4,3.3151,0.000104,243934.5,2.0625,6.8e-05
20261008,00987A,主動台新優勢成長,1205170.0,843336.0,2835816.0,6536501.0,3165892.0,1148558.0,2226469.0,1462089.0,1665531.0,2432849.0,3784316.0,2268595.0,4466547.0,1200807.0,1383913.0,1872066.0,761019.0,2046161.0,1349626.0,1769072.0,3262036.0,1078512.0,1287588.0,1936338.0,1540844.0,2683916.0,3423059.0,2892491.0,3244354.0,3873111.0,1628107.33,24.6743,0.005818,2917343.0,8.2621,0.003119,2352221.1,5.1235,0.001626,2441759.27,3.2904,0.001059,2221216.65,2.7129,0.00083,2321552.73,1.7304,0.00054
20261008,00988A,主動統一全球創新,18081801.0,21541676.0,31493147.0,40842223.0,33017030.0,22243705.0,17586031.0,22820491.0,15401528.0,21970346.0,34565886.0,17127925.0,23508771.0,22292527.0,17536761.0,19901926.0,17213306.0,18185846.0,18640957.0,19960699.0,19134898.0,23066523.0,24690800.0,26119136.0,37926241.0,26032817.0,33269902.0,32470976.0,24860845.0,22824405.0,23705541.33,25.4256,0.087296,28995175.4,12.4723,0.046795,24499797.8,7.3804,0.024391,24001989.87,5.0223,0.015891,22696629.1,3.9834,0.012457,24144304.17,2.4964,0.0081
20261008,00989A,主動摩根美國科技,110996.0,403921.0,3562083.0,997840.0,1075681.0,922775.0,897047.0,1930430.0,1766295.0,1825899.0,449698.0,175965.0,969106.0,523973.0,600464.0,757454.0,1339203.0,151218.0,1464856.0,334808.0,663936.0,176047.0,741356.0,1446213.0,1204468.0,459232.0,194978.0,684757.0,2897678.0,551135.0,1359000.0,2.7225,0.000536,1230104.2,1.8047,0.000287,1349296.7,0.8226,0.00015,1080811.53,0.6846,9.8e-05,1012985.6,0.5479,7.6e-05,975983.73,0.3791,5e-05
20261008,00990A,主動元大AI新經濟,12027757.0,12268300.0,15364828.0,16149688.0,11807704.0,14668990.0,11867034.0,8141043.0,8028882.0,14615379.0,16242534.0,10642666.0,13638688.0,8006937.0,5561720.0,9342623.0,17305189.0,12084589.0,11254652.0,10724000.0,10489281.0,19149193.0,35645099.0,20271778.0,15746028.0,13012508.0,13552101.0,16283244.0,12192353.0,9577939.0,13220295.0,30.3265,0.058068,13523655.4,17.7877,0.031127,12493960.5,9.6269,0.016225,11935476.67,6.7182,0.01057,11987160.15,5.0169,0.008286,13522090.9,2.965,0.005388
20261008,00991A,主動復華未來50,48912651.0,54362868.0,63297672.0,181342398.0,90235890.0,68643276.0,46302512.0,38233078.0,61734012.0,57500282.0,94061139.0,51884665.0,54352419.0,64062540.0,42945579.0,44203712.0,46814281.0,54895652.0,36366622.0,51507493.0,68169995.0,71197384.0,60208108.0,79537233.0,52692154.0,95025148.0,127703147.0,72340273.0,73108687.0,72670018.0,55524397.0,29.3641,0.236143,87630295.8,11.1634,0.126583,71056463.9,6.8836,0.06598,67858065.4,4.8054,0.042986,62582937.05,3.9078,0.033696,67477029.6,2.4163,0.021911
20261008,00991B,貝萊德A級公司債,704908.0,1156866.0,889348.0,660989.0,721187.0,258080.0,281729.0,482901.0,370460.0,1198271.0,556157.0,841273.0,1603585.0,556117.0,74041.0,136998.0,9389.0,313323.0,13652.0,151903.0,1013528.0,92082.0,835419.0,308205.0,117747.0,191633.0,137543.0,11162679.0,501344.0,337190.0,917040.67,25.6226,0.003403,826659.6,17.0544,0.001824,672473.9,10.4823,0.000951,690394.13,6.8068,0.000619,549058.85,6.4192,0.000486,855951.57,2.7451,0.000316
20261008,00992A,主動群益科技創新,47824474.0,60133767.0,41243864.0,61227840.0,42626195.0,39337608.0,23528949.0,19484485.0,28681176.0,36370306.0,40917740.0,29477543.0,40616309.0,33304099.0,23465091.0,18888093.0,31842337.0,30658494.0,21364751.0,28439421.0,35004385.0,35730410.0,41302146.0,41973407.0,33638291.0,52398842.0,55661436.0,57481665.0,57387247.0,35074053.0,49734035.0,32.0535,0.23089,50611228.0,18.8988,0.123767,40045866.4,11.9424,0.064513,37882629.73,8.4163,0.04203,34971627.1,6.8376,0.032946,38169480.8,4.1765,0.021424
20261008,00993A,主動安聯台灣,3807243.0,3102521.0,4553321.0,14990947.0,7836347.0,4771720.0,3291967.0,2333599.0,6020851.0,3486281.0,9754622.0,4321264.0,7593827.0,2511594.0,2343152.0,2229100.0,2651444.0,4334721.0,1737905.0,4703783.0,6093188.0,5960429.0,2949755.0,4672764.0,2876137.0,8650553.0,4988411.0,5329348.0,4979378.0,4355334.0,3821028.33,33.2131,0.018381,6858075.8,11.1029,0.009853,5419479.7,7.0251,0.005136,5381283.73,4.7166,0.003346,4818810.45,3.9504,0.002623,4907716.87,2.5859,0.001706
20261008,00994A,主動第一金台股優,9067493.0,2387353.0,3938192.0,23331955.0,5480166.0,4733743.0,2668046.0,1697637.0,3126844.0,3493318.0,7917840.0,2187918.0,3202992.0,5531049.0,1831428.0,3426625.0,2472633.0,3198141.0,1753676.0,2230258.0,2786224.0,4350166.0,3821903.0,6018205.0,8606683.0,4162261.0,4582499.0,2904857.0,2469418.0,2069461.0,5131012.67,58.9065,0.043777,8841031.8,20.5123,0.023466,5992474.7,15.1315,0.012232,5373064.93,11.2506,0.007969,4683865.35,9.6795,0.006247,4514966.13,6.6944,0.004062
20261008,00995A,主動中信台灣卓越,2495776.0,3382510.0,4282024.0,8320327.0,3052467.0,1846637.0,3383036.0,2353598.0,6367058.0,3809594.0,4596324.0,2624201.0,2283997.0,5144537.0,3209440.0,4031614.0,4846654.0,3641866.0,3361533.0,3585663.0,3073089.0,3694983.0,3506619.0,4125855.0,2747411.0,6328896.0,3165717.0,4339822.0,3018516.0,2253921.0,3386770.0,24.564,0.012049,4306620.8,11.5904,0.006459,3929302.7,6.3517,0.003367,3810101.73,4.3669,0.002193,3830942.8,3.2574,0.001719,3762456.17,2.2111,0.001118
20261008,00996A,主動兆豐台灣豐收,12189359.0,14191834.0,16525659.0,19571455.0,16595600.0,5652353.0,2137571.0,811754.0,2941977.0,3543340.0,6219088.0,4684780.0,4055402.0,3104704.0,3028499.0,2083914.0,2381849.0,3274517.0,3399925.0,3102183.0,2709940.0,4115832.0,3728657.0,2653111.0,4086601.0,6268792.0,3233328.0,3609317.0,4049156.0,4070794.0,14302284.0,28.4089,0.058848,15814781.4,15.4151,0.031545,9416090.2,12.9452,0.016443,7683558.33,10.5761,0.010712,6474788.15,9.4129,0.008397,5600709.7,7.2547,0.00546
20261008,00997A,主動群益美國增長,7644395.0,9019195.0,15282211.0,13823586.0,14820637.0,11426422.0,10437458.0,6626985.0,12338201.0,10940715.0,15677390.0,13983263.0,6256094.0,4364411.0,3968170.0,4196561.0,9836496.0,6277741.0,6320111.0,6620131.0,6248627.0,7642501.0,7450875.0,7427203.0,10133969.0,13732772.0,8609252.0,7386758.0,7065832.0,6379003.0,10648600.33,23.9293,0.036906,12118004.8,12.6166,0.019783,11235980.5,6.8035,0.010312,10440608.87,4.8812,0.006718,9493008.65,4.0263,0.005266,9064565.5,2.8111,0.003424
20261008,00999A,主動野村臺灣高息,5291336.0,7027144.0,9891542.0,24331951.0,10281711.0,4877218.0,5595800.0,6226258.0,7280767.0,8609765.0,8894889.0,6970461.0,10484666.0,7412486.0,10957934.0,17165006.0,9971228.0,17126687.0,7857491.0,10270718.0,14700893.0,11364310.0,16357713.0,10414532.0,8759830.0,17137108.0,11040199.0,13861987.0,8635974.0,8365164.0,7403340.67,23.8241,0.025546,11364736.8,9.3118,0.013694,8941349.2,5.9178,0.007138,8942261.87,3.9448,0.00465,9826252.9,2.6924,0.003645,10572092.27,1.6683,0.00237
20261008,01001T,土銀富邦R1,56190.0,42500.0,40000.0,32000.0,2006280.0,21000.0,53000.0,6000.0,28369.0,13943.0,64100.0,37000.0,166040.0,66060.0,0.0,23283.0,10000.0,199140.0,96160.0,154000.0,133000.0,94500.0,169180.0,79000.0,3008.0,4180.0,4222.0,68087.0,180740.0,30030.0,46230.0,40.5148,0.000271,435394.0,2.5811,0.000145,229928.2,2.4438,7.6e-05,175498.8,2.1345,4.9e-05,155753.25,1.8038,3.9e-05,129367.07,1.4478,2.5e-05
20261008,01002T,土銀國泰R1,35000.0,53000.0,60160.0,37000.0,7000.0,62000.0,135000.0,5000.0,11129.0,46000.0,54000.0,26000.0,89000.0,32000.0,10000.0,90249.0,8317.0,124000.0,121004.0,73000.0,81008.0,63503.0,58000.0,24005.0,25008.0,25002.0,15000.0,32000.0,21000.0,16932.0,49386.67,23.6231,0.000169,38432.0,18.214,9.1e-05,45128.9,7.7556,4.7e-05,44152.6,5.2847,3.1e-05,53942.95,3.2442,2.4e-05,48010.57,2.43,1.6e-05
20261008,01004T,土銀富邦R2,77000.0,80000.0,116002.0,12012.0,46010.0,77460.0,72000.0,55460.0,117922.0,196000.0,58000.0,72000.0,77025.0,75045.0,60020.0,61000.0,41000.0,215010.0,166114.0,122000.0,139004.0,30500.0,79000.0,36000.0,25000.0,54069.0,61060.0,41040.0,49050.0,61632.0,91000.67,28.2049,0.000372,66204.8,23.2612,0.000199,84986.6,9.0603,0.000104,79463.73,6.46,6.8e-05,89854.0,4.2847,5.3e-05,79114.5,3.2442,3.4e-05
20261008,01007T,兆豐國泰R2,56000.0,84000.0,85200.0,36000.0,52180.0,57000.0,46000.0,71000.0,53487.0,53000.0,93000.0,70000.0,86000.0,56000.0,56000.0,84390.0,59000.0,191000.0,95000.0,109000.0,171000.0,160000.0,88000.0,93000.0,5000.0,96000.0,78000.0,105000.0,141000.0,124000.0,75066.67,24.8668,0.00027,62676.0,17.8697,0.000145,59386.7,9.4297,7.6e-05,63657.8,5.8647,4.9e-05,74662.85,3.7502,3.9e-05,85141.9,2.1924,2.5e-05
20261008,01009T,王道圓滿R1,588000.0,22250.0,82000.0,1260000.0,3000.0,5190000.0,2000.0,2000.0,62000.0,28000.0,47100.0,80000.0,253000.0,79000.0,13000.0,20000.0,81000.0,23000.0,5163000.0,1000.0,22000.0,51000.0,18000.0,32000.0,8000.0,20000.0,55000.0,20000.0,7000.0,4000.0,230750.0,84.9404,0.002839,391050.0,30.0729,0.001522,723925.0,8.1224,0.000793,514090.0,7.6251,0.000517,649967.5,4.5233,0.000405,441211.67,4.4423,0.000263
20261008,01010T,京城樂富R1,103004.0,79244.0,124140.0,107000.0,1006000.0,82384.0,27000.0,8000.0,32010.0,221208.0,241384.0,130000.0,64198.0,3000.0,252000.0,70000.0,547000.0,0.0,302002.0,156002.0,133000.0,5602000.0,95000.0,0.0,62000.0,32539.0,122358.0,9228.0,89000.0,32010.0,102129.33,33.6188,0.000497,283877.6,7.2569,0.000267,178999.0,5.7544,0.000139,165371.47,4.1524,9.1e-05,177778.8,2.897,7.1e-05,324423.7,1.0583,4.6e-05
20261008,020000,富邦特選蘋果N,2000.0,0.0,1000.0,0.0,1000.0,22000.0,19000.0,1000.0,0.0,3000.0,47000.0,54000.0,63000.0,9000.0,37000.0,9000.0,2000.0,8000.0,3000.0,51000.0,34000.0,56000.0,102000.0,5000.0,3000.0,2000.0,1000.0,0.0,0.0,12000.0,1000.0,66.6667,1e-05,800.0,50.0,5e-06,4900.0,4.0816,3e-06,17266.67,0.7722,2e-06,16600.0,0.6024,1e-06,18233.33,0.3656,1e-06
20261008,020011,統一微波高息20N,0.0,0.0,0.0,0.0,0.0,0.0,0.0,0.0,0.0,0.0,0.0,0.0,0.0,0.0,0.0,0.0,0.0,0.0,0.0,0.0,0.0,0.0,0.0,0.0,0.0,0.0,0.0,0.0,0.0,0.0,0.0,,0.0,0.0,,0.0,0.0,,0.0,0.0,,0.0,0.0,,0.0,0.0,,0.0
20261008,020012,富邦行動通訊N,0.0,0.0,0.0,0.0,0.0,1000.0,0.0,0.0,0.0,0.0,1000.0,0.0,0.0,0.0,0.0,0.0,0.0,0.0,0.0,1000.0,0.0,0.0,0.0,0.0,0.0,3000.0,0.0,0.0,0.0,0.0,0.0,,0.0,0.0,,0.0,100.0,0.0,0.0,133.33,0.0,0.0,150.0,0.0,0.0,200.0,0.0,0.0
20261008,02001L,富邦蘋果正二N,57000.0,44000.0,68000.0,171000.0,58000.0,84000.0,109000.0,52000.0,111000.0,89000.0,189000.0,341000.0,238000.0,267000.0,45000.0,53000.0,32000.0,180000.0,60000.0,128000.0,64000.0,159000.0,115000.0,62000.0,52000.0,116000.0,387000.0,141000.0,128000.0,131000.0,56333.33,33.7278,0.000275,79600.0,14.3216,0.000148,84300.0,6.7616,7.7e-05,128200.0,2.9641,5e-05,118800.0,2.399,3.9e-05,124366.67,1.5277,2.6e-05
20261008,020020,元大台股領航N,0.0,64000.0,22000.0,34000.0,14000.0,35000.0,26000.0,90000.0,8000.0,10000.0,8000.0,44000.0,22000.0,0.0,6000.0,4000.0,11000.0,0.0,5000.0,1000.0,13000.0,14000.0,16000.0,2000.0,3000.0,17000.0,0.0,6000.0,8000.0,171000.0,28666.67,0.0,0.0,26800.0,0.0,0.0,30300.0,0.0,0.0,25533.33,0.0,0.0,20200.0,0.0,0.0,21800.0,0.0,0.0
20261008,020028,元大特選電動車N,0.0,9000.0,13000.0,50000.0,6000.0,11000.0,23000.0,0.0,0.0,3000.0,14000.0,3000.0,21000.0,0.0,1000.0,9000.0,6000.0,0.0,51000.0,41000.0,0.0,15000.0,10000.0,23000.0,6000.0,36000.0,6000.0,33000.0,9000.0,46000.0,7333.33,0.0,0.0,15600.0,0.0,0.0,11500.0,0.0,0.0,10266.67,0.0,0.0,13050.0,0.0,0.0,14833.33,0.0,0.0
20261008,020029,元大ESG高股息N,0.0,0.0,2000.0,5000.0,10000.0,2000.0,2000.0,3000.0,4000.0,7000.0,17000.0,61000.0,52000.0,3000.0,1000.0,1000.0,5000.0,1000.0,3000.0,32000.0,2000.0,25000.0,4000.0,64000.0,50000.0,18000.0,0.0,14000.0,7000.0,0.0,666.67,0.0,0.0,3400.0,0.0,0.0,3500.0,0.0,0.0,11266.67,0.0,0.0,10550.0,0.0,0.0,13166.67,0.0,0.0
20261008,020030,統一智慧電動車N,2000.0,2000.0,20000.0,32000.0,4000.0,4000.0,2000.0,0.0,28000.0,15000.0,6000.0,36000.0,42000.0,1000.0,2000.0,6000.0,1000.0,7000.0,11000.0,15000.0,1000.0,68000.0,24000.0,2000.0,2000.0,17000.0,16000.0,46000.0,7000.0,19000.0,8000.0,8.3333,1e-05,12000.0,3.3333,5e-06,10900.0,1.8349,3e-06,13066.67,1.0204,2e-06,11800.0,0.8475,1e-06,14600.0,0.4566,1e-06
20261008,020031,統一IC設計臺灣N,9000.0,8000.0,9000.0,40000.0,62000.0,4000.0,3000.0,20000.0,8000.0,13000.0,99000.0,10000.0,13000.0,10000.0,1000.0,2000.0,8000.0,8000.0,3000.0,0.0,1000.0,86000.0,0.0,11000.0,8000.0,41000.0,4000.0,2000.0,11000.0,68000.0,8666.67,34.6154,4.3e-05,25600.0,7.0312,2.3e-05,17600.0,5.1136,1.2e-05,20600.0,2.9126,8e-06,16500.0,2.7273,6e-06,18733.33,1.6014,4e-06
20261008,020032,元大綠能N,0.0,31000.0,0.0,0.0,1000.0,10000.0,3000.0,0.0,0.0,13000.0,2000.0,1000.0,0.0,2000.0,0.0,0.0,0.0,0.0,0.0,2000.0,0.0,0.0,0.0,0.0,0.0,1000.0,10000.0,20000.0,0.0,0.0,10333.33,0.0,0.0,6400.0,0.0,0.0,5800.0,0.0,0.0,4200.0,0.0,0.0,3250.0,0.0,0.0,3200.0,0.0,0.0
20261008,020034,元大IC設計N,20000.0,22000.0,29000.0,45000.0,1000.0,11000.0,3000.0,49000.0,22000.0,13000.0,24000.0,20000.0,30000.0,26000.0,2000.0,6000.0,56000.0,2000.0,4000.0,31000.0,160000.0,183000.0,57000.0,48000.0,29000.0,29000.0,34000.0,17000.0,23000.0,30000.0,23666.67,28.169,9.7e-05,23400.0,17.094,5.2e-05,21500.0,9.3023,2.7e-05,21133.33,6.3091,1.8e-05,20800.0,4.8077,1.4e-05,34200.0,1.9493,9e-06
20261008,020036,元大金融配息N,0.0,1000.0,0.0,1000.0,9000.0,2000.0,0.0,2000.0,11000.0,1000.0,16000.0,2000.0,4000.0,1000.0,1000.0,0.0,0.0,0.0,2000.0,0.0,11000.0,1000.0,0.0,0.0,0.0,2000.0,0.0,0.0,0.0,1000.0,333.33,0.0,0.0,2200.0,0.0,0.0,2700.0,0.0,0.0,3400.0,0.0,0.0,2650.0,0.0,0.0,2266.67,0.0,0.0
20261008,020037,元大金融高股息N,0.0,6000.0,0.0,28000.0,3000.0,12000.0,0.0,1000.0,6000.0,48000.0,13000.0,10000.0,59000.0,17000.0,4000.0,3000.0,5000.0,0.0,1000.0,0.0,13000.0,9000.0,6000.0,0.0,0.0,0.0,0.0,13000.0,2000.0,4000.0,2000.0,0.0,0.0,7400.0,0.0,0.0,10400.0,0.0,0.0,13800.0,0.0,0.0,10800.0,0.0,0.0,8766.67,0.0,0.0
20261008,020038,元大ESG配息N,0.0,2000.0,2000.0,3000.0,0.0,1000.0,0.0,5000.0,0.0,2000.0,12000.0,1000.0,3000.0,3000.0,4000.0,0.0,7000.0,3000.0,16000.0,15000.0,3000.0,2000.0,1000.0,52000.0,30000.0,52000.0,2000.0,5000.0,2000.0,1000.0,1333.33,0.0,0.0,1400.0,0.0,0.0,1500.0,0.0,0.0,2533.33,0.0,0.0,3950.0,0.0,0.0,7633.33,0.0,0.0
20261008,020039,元大加權N,78000.0,2000.0,8000.0,12000.0,85000.0,150000.0,15000.0,10000.0,194000.0,173000.0,10000.0,11000.0,31000.0,6000.0,105000.0,97000.0,97000.0,5000.0,7000.0,3000.0,2000.0,14000.0,2000.0,0.0,71000.0,97000.0,84000.0,10000.0,39000.0,1000.0,29333.33,88.6364,0.000377,37000.0,42.1622,0.000202,72700.0,10.729,0.000105,59333.33,8.764,6.9e-05,54950.0,7.0974,5.4e-05,47300.0,5.4968,3.5e-05
20261008,1101,台泥,33060614.0,24862063.0,26891285.0,35720704.0,25248148.0,54833108.0,104957435.0,31598983.0,39328798.0,130648955.0,29414044.0,12445836.0,22255754.0,23063655.0,18247875.0,20277886.0,35778533.0,14583409.0,20276057.0,33714369.0,16729814.0,19462259.0,18895624.0,24047477.0,43527079.0,108834320.0,557094159.0,16839498.0,27783939.0,36118949.0,28271320.67,38.9802,0.159612,29156562.8,22.678,0.085559,50715009.3,6.5189,0.044597,40838483.8,5.397,0.029055,36860375.55,4.4846,0.022775,53551354.3,2.0579,0.01481
20261008,1101B,台泥乙特,12146.0,3024.0,2.0,54789.0,10031.0,6384.0,5544.0,2000.0,8000.0,10010.0,11206.0,62209.0,16107.0,9302.0,3109.0,10000.0,24115.0,25001.0,39100.0,6002.0,81016.0,46000.0,8289.0,13034.0,81201.0,11207.0,111000.0,8638.0,6000.0,7042.0,5057.33,80.0554,5.9e-05,15998.4,15.184,3.1e-05,11193.0,10.8514,1.6e-05,14257.53,5.6793,1.1e-05,15904.05,3.8185,8e-06,23050.27,1.7565,5e-06
20261008,1102,亞泥,10781486.0,5747053.0,6937959.0,5154626.0,4911440.0,11842180.0,6224968.0,9645067.0,7449257.0,11337656.0,6405564.0,4908275.0,10128633.0,9655743.0,5340789.0,5120946.0,5772878.0,5225956.0,6863809.0,10648379.0,5994897.0,7148594.0,4402567.0,7273749.0,7414785.0,11287032.0,7813854.0,8933528.0,7476440.0,9546163.0,7822166.0,45.9442,0.052051,6706512.8,32.1523,0.027902,8003169.2,13.4715,0.014544,7764713.07,9.2568,0.009475,7505133.2,7.1827,0.007427,7579809.1,4.7413,0.00483
20261008,1103,嘉泥,312883.0,386372.0,218125.0,238019.0,150592.0,301629.0,573331.0,249926.0,176272.0,363210.0,420478.0,410169.0,1614131.0,253149.0,269287.0,365933.0,213653.0,220974.0,319356.0,325167.0,230667.0,260037.0,225637.0,153467.0,167858.0,464964.0,344564.0,210363.0,248812.0,300969.0,305793.33,34.1062,0.001511,261198.2,23.9575,0.00081,297035.9,10.5335,0.000422,395838.2,5.2695,0.000275,369132.8,4.2381,0.000216,332999.8,3.132,0.00014
20261008,1104,環泥,219542.0,299150.0,381725.0,400761.0,315662.0,520149.0,320855.0,447642.0,251430.0,425606.0,374933.0,467432.0,737190.0,249342.0,620830.0,413954.0,500283.0,521516.0,476452.0,459761.0,477678.0,532786.0,683091.0,1904132.0,666575.0,841687.0,8828367.0,931772.0,553297.0,924959.0,300139.0,24.3823,0.00106,323368.0,13.5785,0.000568,358252.2,6.1281,0.000296,402149.93,3.6395,0.000193,420210.75,2.6123,0.000151,824951.97,0.8871,9.8e-05
20261008,1108,幸福,90782.0,62661.0,133262.0,112249.0,149265.0,151559.0,142436.0,188302.0,205540.0,175482.0,92955.0,186518.0,289776.0,511622.0,453335.0,123202.0,247541.0,468557.0,638338.0,391911.0,265848.0,223693.0,426229.0,332613.0,117905.0,139389.0,136398.0,113428.0,139361.0,153104.0,95568.33,31.6639,0.000438,109643.8,16.5594,0.000235,141153.8,6.4314,0.000122,196382.93,3.0818,8e-05,240764.65,1.8853,6.3e-05,228775.37,1.3227,4.1e-05
20261008,1109,信大,131201.0,51104.0,74512.0,155673.0,91141.0,206947.0,341349.0,95288.0,87372.0,572788.0,69712.0,73925.0,114471.0,91847.0,168856.0,52197.0,68702.0,140591.0,80289.0,110091.0,99418.0,68230.0,90488.0,59032.0,78658.0,51990.0,108642.0,73635.0,112936.0,56766.0,85605.67,51.0874,0.000633,100726.2,26.051,0.00034,180737.5,7.2592,0.000177,155079.07,5.6402,0.000115,138902.8,4.7228,9e-05,119261.7,3.667,5.9e-05
20261008,1110,東泥,99482.0,311909.0,339872.0,177272.0,275591.0,120182.0,229386.0,1203041.0,785532.0,185110.0,371914.0,145292.0,148786.0,360534.0,257822.0,523661.0,147000.0,428726.0,223613.0,59596.0,83653.0,304101.0,207934.0,97317.0,201667.0,219047.0,304034.0,24996.0,168002.0,106097.0,250421.0,13.242,0.00048,240825.2,8.2618,0.000257,372737.7,2.669,0.000134,334115.0,1.985,8.7e-05,319716.05,1.5558,6.9e-05,270372.3,1.2265,4.5e-05
20261008,1201,味全,348828.0,993929.0,507271.0,838421.0,328988.0,706723.0,693645.0,839007.0,1127705.0,621900.0,926725.0,3448405.0,12430769.0,347806.0,286731.0,357441.0,347797.0,448275.0,260850.0,213383.0,271883.0,319662.0,455494.0,254938.0,381688.0,465167.0,372064.0,304248.0,382919.0,462600.0,616676.0,18.8553,0.001684,603487.4,11.5604,0.000903,700641.7,4.9787,0.000471,1629790.2,1.4269,0.000307,1303729.95,1.3378,0.00024,991508.73,1.1727,0.000156
20261008,1203,味王,25112.0,7327.0,28090.0,32731.0,21416.0,3554.0,25825.0,31195.0,10039.0,21269.0,7573.0,17990.0,26985.0,12909.0,19933.0,21867.0,25749.0,21562.0,13989.0,24587.0,9775.0,22076.0,25709.0,16327.0,31471.0,12886.0,20593.0,13751.0,7532.0,38788.0,20176.33,41.4876,0.000121,22935.2,21.8982,6.5e-05,20655.8,12.1574,3.4e-05,19463.2,8.6015,2.2e-05,19985.1,6.2827,1.7e-05,19953.67,4.1951,1.1e-05
20261008,1210,大成,932221.0,1170988.0,781939.0,1210495.0,936983.0,990702.0,1146249.0,901163.0,576370.0,680953.0,707946.0,968217.0,1940702.0,685412.0,1348078.0,1335950.0,1310319.0,766923.0,925601.0,654099.0,1365033.0,819182.0,926251.0,1126917.0,1105966.0,1346713.0,2190061.0,1731459.0,927282.0,763409.0,961716.0,32.311,0.004501,1006525.2,18.5236,0.002413,932806.3,9.9937,0.001258,998561.2,6.2238,0.000819,998565.5,4.6678,0.000642,1075786.1,2.8885,0.000418
20261008,1213,大飲,4285.0,4002.0,3273.0,2100.0,7002.0,6025.0,5100.0,45218.0,3017.0,6101.0,11000.0,8213.0,3002.0,28044.0,10000.0,36550.0,0.0,15000.0,5964.0,5602.0,24123.0,3000.0,5301.0,7689.0,11274.0,7650.0,4243.0,113303.0,1004.0,20131.0,3853.33,37.0675,2.1e-05,4132.4,20.7386,1.1e-05,8612.3,4.9754,6e-06,9758.8,2.9273,4e-06,10474.9,2.0454,3e-06,13573.87,1.0523,2e-06
20261008,1215,卜蜂,525612.0,269949.0,312557.0,668999.0,421935.0,322122.0,440336.0,438883.0,1243333.0,915596.0,1435219.0,659184.0,653950.0,435883.0,544606.0,866770.0,1119388.0,844521.0,914376.0,253575.0,308491.0,578916.0,399725.0,510167.0,667679.0,915981.0,1093819.0,451609.0,529752.0,503376.0,369372.67,47.4329,0.002538,439810.4,23.9018,0.00136,555932.2,9.4546,0.000709,619210.93,5.6589,0.000462,664339.7,3.9559,0.000362,641543.63,2.731,0.000235
20261008,1216,統一,10217453.0,15650434.0,12823194.0,9833552.0,19541612.0,5933943.0,6953647.0,6515894.0,4863384.0,7665870.0,6519421.0,3921858.0,17030035.0,9416599.0,7214403.0,10616868.0,9395978.0,7643624.0,9304566.0,8532839.0,12646668.0,6436596.0,6727435.0,7289731.0,7493926.0,10786631.0,14437589.0,11006895.0,7682417.0,9397597.0,12897027.0,26.4078,0.049328,13613249.0,15.011,0.026442,9999898.3,10.2176,0.013783,9606753.27,7.0905,0.008979,9479758.7,5.3891,0.007039,9450021.97,3.604,0.004577
20261008,1217,愛之味,333325.0,403350.0,357317.0,430491.0,321085.0,203542.0,364373.0,615207.0,526934.0,553225.0,320497.0,320739.0,700951.0,410853.0,268137.0,340167.0,232673.0,472361.0,190720.0,234296.0,321554.0,231588.0,402005.0,224504.0,181059.0,268675.0,320156.0,360634.0,555254.0,410362.0,364664.0,30.4687,0.001609,369113.6,18.0608,0.000863,410884.9,8.1124,0.00045,408668.4,5.4376,0.000293,380012.15,4.3857,0.00023,362534.47,3.0648,0.000149
20261008,1218,泰山,677257.0,413825.0,257535.0,362753.0,447366.0,260576.0,490161.0,321550.0,300906.0,300476.0,381412.0,670153.0,822727.0,617015.0,374082.0,408681.0,880932.0,730570.0,358923.0,307811.0,460386.0,497711.0,757854.0,607993.0,891545.0,891162.0,1093224.0,2440793.0,2018450.0,2394501.0,449539.0,50.2186,0.00327,431747.2,31.3728,0.001753,383240.5,17.6719,0.000914,446519.6,10.1116,0.000595,469235.55,7.2166,0.000467,714611.0,3.1591,0.000303
20261008,1219,福壽,87867.0,100851.0,177752.0,250628.0,177413.0,81323.0,135251.0,207054.0,204187.0,188851.0,132455.0,132239.0,259700.0,179443.0,156430.0,191741.0,284968.0,245896.0,106639.0,185650.0,257088.0,236180.0,142231.0,204665.0,266553.0,269173.0,173330.0,579349.0,542548.0,1839863.0,122156.67,23.9766,0.000424,158902.2,11.0593,0.000227,161117.7,5.4536,0.000119,164762.93,3.5553,7.7e-05,174316.9,2.5203,6.1e-05,266577.27,1.0987,3.9e-05
20261008,1220,台榮,112266.0,39897.0,87914.0,118393.0,51236.0,50838.0,35150.0,70951.0,37454.0,35484.0,32831.0,70562.0,67879.0,153513.0,38702.0,44095.0,90889.0,61952.0,65492.0,94523.0,180306.0,112641.0,43208.0,80752.0,41847.0,132301.0,215591.0,117164.0,76855.0,41220.0,80025.67,46.7625,0.000542,81941.2,27.4016,0.000291,63958.3,17.553,0.000151,66871.33,11.1922,9.9e-05,68001.05,8.2547,7.7e-05,80063.53,4.674,5e-05
20261008,1225,福懋油,24342.0,62896.0,149519.0,123202.0,35120.0,60991.0,37924.0,28996.0,10595.0,59563.0,15123.0,10847.0,80338.0,112556.0,96157.0,44496.0,122021.0,45942.0,77967.0,129383.0,41514.0,107300.0,211683.0,165778.0,108202.0,225779.0,56130.0,294386.0,94518.0,357811.0,78919.0,10.2814,0.000118,79015.8,6.1613,6.3e-05,59314.8,4.1039,3.3e-05,60544.6,2.6803,2.1e-05,66398.9,1.833,1.7e-05,99702.63,0.8138,1.1e-05
20261008,1227,佳格,400000.0,616143.0,1555412.0,1406884.0,658843.0,342204.0,505728.0,1445323.0,556585.0,1117331.0,439604.0,454332.0,1000751.0,504186.0,1158683.0,475914.0,471785.0,503876.0,402646.0,240341.0,475468.0,924191.0,418426.0,408399.0,441360.0,1321526.0,1522322.0,757742.0,488051.0,387990.0,857185.0,15.5548,0.001931,927456.4,8.6257,0.001035,860445.3,4.6488,0.00054,810800.6,3.2889,0.000352,712828.55,2.8057,0.000276,713401.53,1.869,0.000179
20261008,1229,聯華,1656996.0,1354162.0,2141763.0,2011301.0,2092675.0,2550357.0,1909872.0,3074216.0,1314141.0,1587111.0,3524662.0,1651778.0,5054355.0,1710655.0,2019769.0,1425646.0,1516270.0,2720299.0,962956.0,1617152.0,1352666.0,1316229.0,1167970.0,2339162.0,1460422.0,2127790.0,1529519.0,1036182.0,1688377.0,1153950.0,1717640.33,32.1564,0.008,1851379.4,17.9001,0.004288,1969259.4,8.4143,0.002235,2243587.53,4.9237,0.001456,2094806.8,3.955,0.001142,1902280.1,2.9035,0.000742
20261008,1231,聯華食,240575.0,348885.0,595315.0,697762.0,253319.0,223078.0,234157.0,141891.0,118009.0,142104.0,198985.0,143284.0,363095.0,170610.0,268126.0,381816.0,250436.0,262389.0,179227.0,161027.0,194240.0,294966.0,288502.0,352358.0,246811.0,198860.0,203528.0,267703.0,163025.0,228381.0,394925.0,20.3055,0.001161,427171.2,11.2636,0.000623,299509.5,8.0323,0.000325,275946.33,5.8121,0.000211,268704.5,4.4766,0.000166,260415.47,3.0794,0.000108
20261008,1232,大統益,41628.0,84167.0,91455.0,59672.0,49914.0,107013.0,69908.0,52006.0,46996.0,62262.0,68874.0,38804.0,89610.0,90359.0,77474.0,81651.0,128103.0,96817.0,171271.0,67383.0,88952.0,90528.0,107183.0,129851.0,90293.0,78986.0,104076.0,104906.0,75935.0,99677.0,72416.67,19.1613,0.000201,65367.2,12.7367,0.000108,66502.1,6.2597,5.6e-05,68676.13,4.041,3.7e-05,78768.35,2.6424,2.9e-05,84858.47,1.6352,1.9e-05
20261008,1233,天仁,8217.0,8019.0,11007.0,8055.0,4155.0,5292.0,17097.0,13323.0,17043.0,15057.0,13007.0,17014.0,25055.0,18198.0,17147.0,16020.0,18015.0,24255.0,23417.0,37010.0,22851.0,29071.0,15247.0,11017.0,8131.0,18151.0,37106.0,7403.0,13135.0,19150.0,9081.0,30.1619,4e-05,7890.6,20.8273,2.1e-05,10726.5,7.6605,1.1e-05,13179.07,4.1566,7e-06,15820.15,2.597,6e-06,16588.83,1.6511,4e-06
20261008,1234,黑松,101516.0,116537.0,283717.0,175757.0,171068.0,90393.0,74514.0,131420.0,54772.0,82880.0,88186.0,57979.0,66611.0,69371.0,114928.0,100499.0,88661.0,236788.0,44219.0,70700.0,57519.0,120992.0,79529.0,50732.0,65803.0,65937.0,97933.0,40461.0,71066.0,87660.0,167256.67,20.2316,0.00049,169719.0,11.9628,0.000263,128257.4,7.915,0.000137,111976.6,6.0439,8.9e-05,111025.8,4.5717,7e-05,98604.93,3.4317,4.5e-05
20261008,1235,興泰,21073.0,5200.0,21669.0,35792.0,48774.0,42911.0,41618.0,89039.0,189960.0,224585.0,24619.0,21380.0,19189.0,13633.0,11624.0,11021.0,11392.0,7594.0,7077.0,20562.0,16113.0,21172.0,12100.0,3000.0,14093.0,17286.0,10001.0,2718.0,43562.0,35602.0,15980.67,43.9552,0.000102,26501.6,15.9032,5.5e-05,72062.1,2.9243,2.8e-05,54071.07,2.5982,1.9e-05,43435.6,2.4258,1.5e-05,34811.97,2.0178,9e-06
20261008,1236,宏亞,9052.0,32930.0,15444.0,61577.0,33326.0,13674.0,33518.0,21234.0,49853.0,30699.0,28817.0,27792.0,51950.0,129151.0,74298.0,61821.0,32684.0,26221.0,28786.0,12330.0,28620.0,68305.0,93934.0,137121.0,57255.0,227629.0,64996.0,112274.0,88843.0,49387.0,19142.0,15.7629,4.4e-05,30465.8,5.9424,2.3e-05,30130.7,3.0042,1.2e-05,40887.67,1.4759,8e-06,38757.85,1.1678,6e-06,56784.03,0.5314,4e-06
20261008,1256,鮮活果汁-KY,15308.0,24712.0,35651.0,26853.0,22760.0,12051.0,59699.0,30384.0,55393.0,46836.0,78805.0,28247.0,36572.0,62378.0,32188.0,27564.0,13838.0,63839.0,35879.0,35203.0,42492.0,89082.0,73843.0,134463.0,54960.0,155361.0,291982.0,111300.0,102725.0,62418.0,25223.67,20.2297,7.4e-05,25056.8,12.2186,4e-05,32964.7,4.6438,2.1e-05,37855.8,2.6958,1.3e-05,37208.0,2.0571,1.1e-05,62092.87,0.8218,7e-06
20261008,1301,台塑,245432809.0,117004541.0,21617660.0,24980170.0,33115055.0,19100785.0,52831958.0,34908356.0,16415790.0,19143508.0,18404604.0,12591053.0,29305397.0,26190059.0,18778277.0,17895998.0,23847845.0,12666314.0,21995840.0,26927598.0,28241360.0,29478606.0,26921626.0,52367902.0,53476275.0,69471543.0,63377699.0,33720847.0,50413391.0,35648630.0,128018336.67,63.9056,1.184913,88430047.0,55.5089,0.635166,58455063.2,41.9866,0.331075,45988001.47,35.5793,0.215694,39657680.85,30.9439,0.169079,41209049.87,19.8527,0.109946
20261008,1303,南亞,73431186.0,119996258.0,115482642.0,90932358.0,42323575.0,57138460.0,123417554.0,79311489.0,67158368.0,54877007.0,71431271.0,50390368.0,82174219.0,92909712.0,48008257.0,55715933.0,54948757.0,48646230.0,59486250.0,67601719.0,65193109.0,75938138.0,67299234.0,103990697.0,127824204.0,129835537.0,173676393.0,192491363.0,146229100.0,107407041.0,102970028.67,23.7711,0.354515,88433203.8,16.6072,0.190036,82406889.7,8.9108,0.099055,77932181.6,6.2816,0.064534,72769080.65,5.0455,0.050587,88175547.63,2.7759,0.032895
20261008,1304,台聚,6016830.0,6143309.0,1369385.0,1730629.0,3202927.0,1522353.0,3275499.0,2772924.0,2215118.0,1438627.0,1554948.0,1356181.0,2435939.0,3387387.0,4270887.0,1673059.0,2067764.0,2660116.0,2451515.0,4243247.0,2632612.0,1673530.0,2068871.0,3297866.0,3533470.0,4835490.0,5160314.0,2957396.0,3739636.0,4031878.0,4509841.33,44.4719,0.029048,3692616.0,32.5884,0.015571,2968760.1,20.2671,0.008116,2846196.2,14.0933,0.005288,2789432.2,10.785,0.004145,2990656.9,6.7063,0.002695
20261008,1305,華夏,3165055.0,3170664.0,735665.0,1223237.0,2763729.0,670622.0,1620362.0,1147533.0,702649.0,844775.0,743646.0,625827.0,1980829.0,2519543.0,2051397.0,1005203.0,1460709.0,1593440.0,1447092.0,2015544.0,788385.0,1281205.0,2186765.0,2609879.0,2314282.0,3617187.0,2590927.0,1932665.0,2929890.0,3108966.0,2357128.0,44.7586,0.01528,2211670.0,28.6214,0.008191,1604429.1,19.727,0.004269,1597702.2,13.2067,0.002782,1574376.05,10.0518,0.00218,1828255.73,5.7706,0.001418
20261008,1307,三芳,321088.0,416871.0,591129.0,1106412.0,340530.0,531905.0,831627.0,666273.0,208728.0,392107.0,329215.0,292514.0,311570.0,330779.0,886890.0,279688.0,370496.0,343053.0,381834.0,384437.0,344722.0,314429.0,667231.0,638349.0,582155.0,465171.0,482592.0,598692.0,582617.0,355487.0,443029.33,24.1585,0.00155,555206.0,11.5664,0.000831,540667.0,5.9387,0.000433,503842.53,4.2485,0.000282,465857.3,3.4462,0.000221,478286.37,2.2378,0.000144
20261008,1308,亞聚,1618845.0,2136038.0,722010.0,1079725.0,1686204.0,758207.0,1215427.0,1556217.0,1063872.0,1054666.0,577158.0,983804.0,1428063.0,2927097.0,791329.0,1101680.0,1282420.0,1177769.0,1415734.0,2326914.0,1562220.0,805663.0,1099385.0,2030294.0,1945889.0,3865962.0,3610790.0,1497972.0,1940310.0,2653223.0,1492297.67,36.16,0.007816,1448564.4,22.351,0.004189,1289121.1,12.5577,0.002184,1306577.47,8.26,0.001423,1345158.95,6.0173,0.001115,1597162.9,3.3786,0.000725
20261008,1309,台達化,2381869.0,2185612.0,831572.0,1520300.0,3937987.0,1146443.0,1404303.0,1682322.0,859601.0,1214313.0,936344.0,867307.0,1974270.0,3424625.0,4806987.0,1260046.0,2351381.0,4878705.0,2611096.0,3339653.0,1431811.0,1212628.0,1192472.0,2693780.0,4705111.0,5877645.0,3118815.0,1946446.0,2601251.0,2749697.0,1799684.33,44.1164,0.011499,2171468.0,21.9379,0.006164,1716432.2,13.8769,0.003213,1944923.67,8.1644,0.002093,2180736.8,5.4612,0.001641,2371479.73,3.3479,0.001067
20261008,1310,台苯,8859987.0,3070715.0,2022005.0,3452484.0,7764239.0,2511718.0,6433878.0,2438328.0,2181415.0,2119640.0,2237724.0,1952850.0,5166568.0,10239090.0,1295664.0,1468489.0,1330470.0,1644380.0,1693720.0,3865106.0,1970702.0,1979507.0,3093178.0,4431788.0,2724992.0,4593574.0,3873860.0,5238853.0,7176876.0,5494310.0,4650902.33,63.5001,0.042775,5033886.0,35.2014,0.022929,4085440.9,21.6867,0.011952,4116420.33,14.349,0.007786,3587423.5,12.3487,0.006104,3744203.67,7.8877,0.003969
20261008,1312,國喬,22315826.0,17604737.0,21589004.0,7774750.0,7046669.0,8517813.0,15580635.0,11424741.0,7756553.0,13508687.0,11685981.0,5849788.0,14207755.0,17167705.0,14773724.0,9867693.0,9453345.0,24432713.0,45165896.0,21094750.0,13294342.0,21712173.0,33051814.0,57277445.0,37656164.0,139318330.0,108410961.0,212554333.0,7796983.0,7416765.0,20503189.0,36.2803,0.107738,15266197.2,29.2356,0.057752,13311941.5,16.7638,0.030103,13120291.2,11.3391,0.019612,15340938.25,7.2733,0.015373,31510269.17,2.3607,0.009997
20261008,1312A,國喬特,3000.0,5000.0,3000.0,1000.0,1000.0,499.0,7001.0,0.0,126.0,7274.0,10000.0,13000.0,6000.0,0.0,0.0,0.0,0.0,15000.0,0.0,0.0,1248.0,0.0,0.0,0.0,0.0,20001.0,21000.0,15999.0,26000.0,28000.0,3666.67,27.2727,1.4e-05,2600.0,23.0769,8e-06,2790.0,10.7527,4e-06,3793.33,5.2724,3e-06,3595.0,4.1725,2e-06,6138.27,1.6291,1e-06
20261008,1313,聯成,6847787.0,3243816.0,1963438.0,3462792.0,7886270.0,4532235.0,2318981.0,1943110.0,1402278.0,2035907.0,2056305.0,2440228.0,3388599.0,5663264.0,3579577.0,1678846.0,1348275.0,1596339.0,2145481.0,3601297.0,1313635.0,1451984.0,2009479.0,3072405.0,2254463.0,4440846.0,3723524.0,3551660.0,5248871.0,4027456.0,4018347.0,56.8043,0.03306,4680820.6,29.2589,0.017722,3563661.4,19.2156,0.009237,3517639.13,12.978,0.006018,3156741.25,10.8463,0.004717,3140971.6,7.2672,0.003068
20261008,1314,中石化,56469258.0,29544257.0,23606331.0,46188896.0,32391130.0,34798207.0,85223275.0,47669196.0,42262966.0,99541727.0,73718022.0,87704113.0,151096127.0,128600273.0,17974530.0,12078524.0,15174574.0,8416494.0,14554049.0,18123514.0,14930552.0,13045132.0,16389736.0,34031523.0,16925294.0,27691213.0,23245945.0,18157758.0,35700316.0,17894579.0,36539948.67,51.5137,0.272625,37639974.4,30.0049,0.146139,49769524.3,11.3462,0.076174,63785887.2,5.902,0.049627,51256773.15,5.5085,0.038902,41438250.37,4.5424,0.025296
20261008,1315,達新,140903.0,181871.0,48145.0,84771.0,22991.0,10790.0,34262.0,35564.0,18564.0,9630.0,39097.0,62762.0,88955.0,45224.0,32914.0,16053.0,9317.0,33115.0,196706.0,25244.0,30210.0,78934.0,16915.0,10236.0,23447.0,38423.0,49112.0,73230.0,49899.0,69669.0,123639.67,37.9875,0.00068,95736.2,29.4357,0.000365,58749.1,23.9839,0.00019,57096.2,16.4521,0.000124,56843.9,12.3939,9.7e-05,52565.1,8.9351,6.3e-05
20261008,1316,上曜,2389305.0,694855.0,2105259.0,1940230.0,1398097.0,1238358.0,1091176.0,699804.0,1273099.0,761502.0,1180679.0,1925863.0,3855687.0,821479.0,1799998.0,1750884.0,1078023.0,1783039.0,2601577.0,3458561.0,2578141.0,1525556.0,2288111.0,1882638.0,1481541.0,3030294.0,2944664.0,9614361.0,15123908.0,7382497.0,1729806.33,46.0419,0.011535,1705549.2,28.018,0.006183,1359168.5,17.5792,0.003223,1545026.07,10.3097,0.0021,1692373.75,7.059,0.001646,2723306.2,2.9245,0.00107
20261008,1319,東陽,1254731.0,1679957.0,880574.0,1201367.0,1417606.0,1483670.0,1448175.0,1284003.0,638673.0,1041931.0,1149113.0,936689.0,1228066.0,1163285.0,2168326.0,950303.0,714900.0,880581.0,785717.0,923905.0,2841504.0,1361614.0,1654806.0,1898204.0,1133367.0,1807298.0,1270226.0,2802208.0,1239092.0,1332744.0,1271754.0,32.8872,0.006058,1286847.0,19.5009,0.003247,1233068.7,10.1757,0.001693,1265077.73,6.6121,0.001103,1161578.6,5.401,0.000864,1352421.17,3.0926,0.000562
20261008,1321,大洋,98102.0,132030.0,223000.0,67063.0,41000.0,45000.0,76006.0,114000.0,56000.0,122000.0,67000.0,79200.0,93200.0,208000.0,65000.0,36026.0,43020.0,48000.0,63050.0,53000.0,61579.0,66000.0,73200.0,57100.0,32000.0,95698.0,224170.0,151698.0,145088.0,507831.0,151044.0,21.6498,0.000474,112239.0,17.4809,0.000254,97420.1,10.07,0.000132,99106.73,6.5991,8.6e-05,86484.85,5.6716,6.8e-05,104802.03,3.1202,4.4e-05
20261008,1323,永裕,15886.0,25339.0,33487.0,78705.0,59138.0,9048.0,59437.0,49535.0,16062.0,56104.0,4499.0,12461.0,24417.0,40350.0,43359.0,73861.0,106464.0,163591.0,22467.0,40333.0,8138.0,25356.0,8422.0,45624.0,17505.0,32376.0,23170.0,24550.0,36185.0,26256.0,24904.0,21.263,7.7e-05,42511.0,7.4738,4.1e-05,40274.1,3.9445,2.1e-05,35188.47,3.0097,1.4e-05,46727.15,1.6999,1.1e-05,39404.17,1.3439,7e-06
20261008,1324,地球,118849.0,61361.0,191340.0,60618.0,83813.0,32639.0,36984.0,24229.0,29688.0,46134.0,10892.0,24964.0,26146.0,21729.0,13810.0,53590.0,15154.0,29975.0,12320.0,12241.0,34573.0,22728.0,55600.0,38359.0,14367.0,26771.0,14699.0,42188.0,26197.0,14145.0,123850.0,31.9874,0.000574,103196.2,23.0336,0.000308,68565.5,17.3336,0.00016,52213.07,15.1749,0.000104,45323.8,13.1111,8.2e-05,39870.1,9.9364,5.3e-05
20261008,1325,恆大,3951692.0,2189873.0,1293862.0,182302.0,114436.0,97552.0,216678.0,132148.0,182787.0,93630.0,147814.0,126088.0,181589.0,138712.0,141790.0,122292.0,101358.0,180325.0,101684.0,249726.0,112268.0,434038.0,142532.0,101594.0,104715.0,315633.0,103084.0,130588.0,155132.0,86374.0,2478475.67,53.1468,0.019078,1546433.0,51.1072,0.010227,845496.0,46.7382,0.005331,612730.2,42.9955,0.003473,497316.9,39.7301,0.002722,387743.2,33.9717,0.00177
20261008,1326,台化,82359461.0,61381552.0,28012096.0,27123406.0,56653992.0,18698939.0,33017994.0,25578827.0,18734584.0,15805076.0,20038232.0,9958720.0,24373131.0,24043657.0,15902772.0,23789944.0,27922318.0,18556570.0,22295065.0,37249918.0,24157597.0,57918008.0,41291535.0,82419512.0,62533246.0,119283939.0,71396602.0,23816854.0,38108484.0,28273104.0,57251036.33,47.9522,0.397619,51106101.4,32.2308,0.213141,36736592.7,22.4189,0.111098,30778829.27,17.839,0.07238,29574812.7,13.9239,0.056738,38023171.17,7.2201,0.036894
20261008,1337,再生-KY,124294.0,134121.0,140861.0,298856.0,169880.0,195911.0,431397.0,94840.0,259505.0,176868.0,153650.0,210269.0,511141.0,369808.0,103957.0,269204.0,491099.0,158696.0,247592.0,222913.0,308961.0,224949.0,212201.0,316729.0,97877.0,254452.0,309868.0,376676.0,574172.0,270303.0,133092.0,31.1298,0.0006,173602.4,14.3194,0.000322,202653.3,6.1333,0.000168,225023.87,3.6824,0.000109,238243.1,2.6086,8.6e-05,257035.0,1.6119,5.6e-05
20261008,1338,廣華-KY,23467.0,27022.0,42358.0,122115.0,61429.0,221510.0,392221.0,52801.0,145345.0,155911.0,63429.0,254463.0,63748.0,30680.0,31259.0,95767.0,47137.0,75484.0,54547.0,42122.0,105057.0,105179.0,33010.0,35268.0,27103.0,80775.0,80780.0,91492.0,45074.0,46342.0,30949.0,25.2749,0.000113,55278.2,8.4905,6.1e-05,124417.9,1.8861,3.2e-05,112517.2,1.3904,2.1e-05,100140.75,1.1717,1.6e-05,88429.83,0.8846,1.1e-05
20261008,1339,昭輝,58936.0,52627.0,90875.0,88420.0,85124.0,53816.0,56093.0,80100.0,38644.0,138000.0,24225.0,73152.0,90025.0,112282.0,62439.0,36880.0,31601.0,51929.0,48013.0,22567.0,67017.0,88462.0,107185.0,37021.0,43370.0,58145.0,63250.0,124172.0,367507.0,350661.0,67479.33,29.1131,0.000285,75196.4,15.6752,0.000153,74263.5,7.9361,8e-05,73650.53,5.3347,5.2e-05,64787.4,4.5484,4.1e-05,86751.27,2.2646,2.6e-05
20261008,1340,勝悅-KY,65415.0,139867.0,223551.0,100973.0,92536.0,62541.0,190565.0,113889.0,65876.0,88737.0,75945.0,105506.0,57784.0,157641.0,80429.0,110986.0,55079.0,69113.0,31987.0,74992.0,95223.0,188243.0,126992.0,89937.0,84019.0,117087.0,73629.0,94269.0,117428.0,162274.0,142944.33,15.2542,0.000316,124468.4,10.5111,0.000169,114395.0,5.7183,8.8e-05,108083.67,4.0348,5.7e-05,98170.6,3.3317,4.5e-05,103750.43,2.1017,2.9e-05
20261008,1341,富林-KY,1004.0,48.0,13454.0,5071.0,4093.0,2248.0,2302.0,15.0,1061.0,2002.0,1353.0,3004.0,3003.0,1006.0,7.0,3510.0,75.0,2001.0,4010.0,4008.0,1471.0,8006.0,4004.0,2000.0,2011.0,2002.0,9095.0,1000.0,11111.0,1002.0,4835.33,6.9213,5e-06,4734.0,4.2417,3e-06,3129.8,3.2079,1e-06,2644.73,2.5308,1e-06,2663.75,1.8846,1e-06,3165.9,1.0571,0.0
20261008,1342,八貫,103160.0,103935.0,87241.0,152371.0,85164.0,108543.0,135099.0,72695.0,56993.0,239038.0,84673.0,97932.0,120645.0,218920.0,63431.0,74895.0,98443.0,156146.0,85250.0,104921.0,191202.0,175178.0,87343.0,171351.0,162920.0,156751.0,99104.0,124111.0,212381.0,106595.0,98112.0,35.0484,0.000498,106374.2,19.3957,0.000267,114423.9,9.0156,0.000139,115322.67,5.9636,9.1e-05,112474.75,4.5859,7.1e-05,124547.7,2.7609,4.6e-05
20261008,1402,遠東新,4384599.0,8405185.0,4058568.0,6392829.0,4746737.0,14615452.0,7103613.0,5992054.0,5471043.0,5462830.0,4713230.0,5928803.0,17306879.0,11978020.0,11778604.0,9055012.0,8417098.0,8635057.0,6868641.0,6321925.0,7430750.0,10067527.0,5541724.0,10260912.0,5660529.0,16143437.0,16991506.0,9013833.0,12686920.0,15096081.0,5616117.33,26.0239,0.021168,5597583.6,15.666,0.011347,6663291.0,6.5802,0.005915,7889229.73,3.7051,0.003853,7881808.95,2.7815,0.003021,8884313.27,1.6451,0.001964
20261008,1409,新纖,18799931.0,38227710.0,11799147.0,24296690.0,11973583.0,8727863.0,14204556.0,5902385.0,4672108.0,5541534.0,9111079.0,5998706.0,7829976.0,13959451.0,8276245.0,9754438.0,9954614.0,15115858.0,64176367.0,89005580.0,8755855.0,7350280.0,10734570.0,23016182.0,25510372.0,65478367.0,11610980.0,19584388.0,14366905.0,12666963.0,22942262.67,27.3148,0.090763,21019412.2,17.8882,0.048653,14414550.7,13.0423,0.02536,12621397.6,9.9302,0.016522,18866391.05,4.9824,0.012951,19213422.77,3.2616,0.008422
20261008,1410,南染,56191.0,29726.0,22477.0,41948.0,58572.0,39399.0,67802.0,35201.0,441547.0,1153.0,263048.0,123071.0,20005.0,180070.0,71356.0,208159.0,101570.0,17200.0,266407.0,207091.0,53675.0,102582.0,134868.0,231266.0,171548.0,151235.0,140062.0,70793.0,34000.0,233732.0,36131.33,51.8396,0.000271,41782.8,26.8967,0.000145,79401.6,7.0768,7.6e-05,96771.07,3.8711,4.9e-05,112599.65,2.4952,3.9e-05,119191.8,1.5714,2.5e-05
20261008,1413,宏洲,13000.0,16901.0,55664.0,18388.0,4862.0,9329.0,36968.0,56815.0,6216.0,21708.0,20242.0,11069.0,36030.0,8243.0,3264.0,2000.0,13521.0,28402.0,35000.0,4588.0,11914.0,14000.0,23203.0,30730.0,37679.0,24879.0,13518.0,14641.0,10201.0,28770.0,28521.67,15.1931,6.3e-05,21763.0,11.9469,3.4e-05,23985.1,5.42,1.8e-05,21246.6,4.0791,1.1e-05,20110.5,3.2321,9e-06,20391.5,2.1251,6e-06
20261008,1414,東和,81632.0,159199.0,40053.0,145007.0,234171.0,78345.0,162007.0,109892.0,141227.0,171387.0,36508.0,334099.0,136248.0,108614.0,312292.0,102554.0,423587.0,171989.0,320577.0,268602.0,186565.0,154421.0,243211.0,201421.0,249178.0,200832.0,234942.0,538753.0,331159.0,751316.0,93628.0,29.0625,0.000394,132012.4,12.3673,0.000211,132292.0,6.1706,0.00011,150045.4,3.627,7.2e-05,176899.5,2.3073,5.6e-05,220992.93,1.2313,3.7e-05
20261008,1416,廣豐,908826.0,223881.0,151572.0,438963.0,604236.0,463909.0,61565.0,249389.0,114653.0,275740.0,145268.0,147334.0,248639.0,183418.0,180705.0,309661.0,239221.0,325079.0,472157.0,57212.0,287604.0,194113.0,233226.0,294645.0,136066.0,389010.0,89935.0,194146.0,151358.0,425409.0,428093.0,70.7655,0.004388,465495.6,39.0477,0.002352,349273.4,26.0205,0.001226,293206.53,20.6641,0.000799,290071.4,15.6656,0.000626,273231.33,11.0874,0.000407
20261008,1417,嘉裕,68174.0,158701.0,72677.0,201612.0,128136.0,168685.0,204181.0,199029.0,392002.0,113525.0,161773.0,90922.0,243862.0,96130.0,236638.0,315338.0,93662.0,97191.0,101128.0,140375.0,160563.0,145536.0,93580.0,118093.0,127868.0,138528.0,183823.0,75045.0,145047.0,132069.0,99850.67,22.7587,0.000329,125860.0,10.8333,0.000176,170672.2,3.9944,9.2e-05,169069.8,2.6882,6e-05,164187.05,2.0761,4.7e-05,153463.1,1.4808,3.1e-05
20261008,1418,東華,17076.0,14009.0,14385.0,30322.0,43271.0,11038.0,45014.0,25023.0,39326.0,111165.0,37232.0,68257.0,23292.0,29143.0,37832.0,5242.0,17866.0,40006.0,20222.0,30017.0,23422.0,5193.0,6217.0,10308.0,9198.0,12011.0,14253.0,6624.0,3007.0,11606.0,15156.67,37.5544,8.2e-05,23812.6,14.342,4.4e-05,35062.9,4.8701,2.3e-05,36425.67,3.1253,1.5e-05,32986.9,2.5883,1.2e-05,25385.9,2.2422,8e-06
20261008,1419,新紡,9166.0,15065.0,80347.0,35939.0,49208.0,21795.0,40647.0,56925.0,22200.0,44616.0,52129.0,16507.0,61759.0,42105.0,143031.0,128424.0,88431.0,56445.0,44140.0,64654.0,45959.0,86751.0,45815.0,143807.0,35706.0,338092.0,54185.0,91850.0,61353.0,114836.0,34859.33,8.7647,4.4e-05,37945.0,4.8312,2.4e-05,37590.8,2.4384,1.2e-05,46095.93,1.3256,8e-06,53676.65,0.8538,6e-06,69729.57,0.4382,4e-06
20261008,1423,利華,3748.0,3014.0,5837.0,3033.0,1618.0,2010.0,19091.0,6436.0,16383.0,12525.0,1755.0,13652.0,14645.0,7158.0,10347.0,2001.0,4002.0,6131.0,9934.0,20465.0,2756.0,36504.0,1288.0,600.0,7871.0,19868.0,7461.0,21839.0,12705.0,12596.0,4199.67,29.7484,1.8e-05,3450.0,21.7275,1e-05,7369.5,5.0858,5e-06,8083.47,3.0911,3e-06,8189.25,2.2884,3e-06,9575.77,1.3047,2e-06
20261008,1432,大魯閣,44921.0,40577.0,58567.0,64767.0,87677.0,61056.0,77492.0,80105.0,51004.0,36774.0,66946.0,93657.0,46375.0,117740.0,86493.0,103442.0,64471.0,124225.0,63658.0,98954.0,72707.0,101747.0,94601.0,62212.0,81987.0,53960.0,69753.0,72772.0,79423.0,49327.0,48021.67,31.1811,0.000217,59301.8,15.15,0.000116,60294.0,7.4503,6.1e-05,67610.07,4.4294,3.9e-05,73445.05,3.0581,3.1e-05,73579.67,2.035,2e-05
20261008,1434,福懋,9020649.0,9693754.0,1248094.0,2063293.0,2191578.0,1414846.0,1720461.0,1341588.0,1287285.0,898114.0,820852.0,1632231.0,1929461.0,2213287.0,1258682.0,1208799.0,1288759.0,953733.0,1326912.0,1378010.0,2221461.0,1722132.0,1555115.0,1820254.0,1546580.0,3332759.0,1823020.0,2610132.0,3379029.0,2537928.0,6654165.67,45.188,0.04355,4843473.6,37.2487,0.023345,3087966.2,29.2123,0.012168,2582278.33,23.2886,0.007928,2244519.4,20.0948,0.006214,2247959.93,13.3761,0.004041
20261008,1435,中福,18316.0,12903.0,24032.0,11300.0,7056.0,20285.0,7893.0,6479.0,7361.0,11170.0,7165.0,7482.0,14494.0,7318.0,6.0,5278.0,8033.0,11255.0,13409.0,12018.0,9690.0,30893.0,33135.0,16542.0,10016.0,6864.0,13552.0,18279.0,11302.0,18230.0,18417.0,33.1505,8.8e-05,14721.4,24.8835,4.7e-05,12679.5,14.4454,2.5e-05,10884.0,11.2189,1.6e-05,10662.65,8.5889,1.3e-05,12725.2,4.7978,8e-06
20261008,1436,華友聯,96046.0,149820.0,149199.0,166293.0,112539.0,86138.0,121863.0,169161.0,76557.0,125926.0,230024.0,137613.0,645083.0,89191.0,267184.0,62288.0,139259.0,78155.0,107264.0,114250.0,214110.0,125818.0,128475.0,70152.0,93796.0,95053.0,86562.0,99470.0,127139.0,123956.0,131688.33,24.3114,0.000464,134779.4,14.2523,0.000249,125354.2,7.662,0.00013,174842.47,3.6622,8.4e-05,156192.65,3.0746,6.6e-05,142946.13,2.2397,4.3e-05
20261008,1437,勤益控,30558.0,52117.0,64610.0,139528.0,68563.0,62770.0,297005.0,71000.0,115052.0,36777.0,68937.0,103911.0,326881.0,146633.0,225573.0,125672.0,110491.0,45779.0,136337.0,66133.0,66198.0,84592.0,57017.0,46110.0,53330.0,53078.0,180446.0,32375.0,72945.0,81083.0,49095.0,20.7475,0.000148,71075.2,8.5988,7.9e-05,93798.0,3.2579,4.1e-05,120661.0,1.6884,2.7e-05,114716.35,1.3319,2.1e-05,100716.7,1.0114,1.4e-05
20261008,1438,三地開發,8560.0,12383.0,23500.0,53017.0,26351.0,27847.0,155431.0,80755.0,46200.0,6436.0,45008.0,29862.0,90331.0,31706.0,52126.0,19606.0,12479.0,36425.0,24381.0,145158.0,194440.0,128040.0,23716.0,31316.0,36408.0,42383.0,29605.0,23248.0,41259.0,75207.0,14814.33,19.2606,4.1e-05,24762.2,6.9138,2.2e-05,44048.0,1.9433,1.2e-05,45967.53,1.2415,8e-06,46378.1,0.9228,6e-06,51772.8,0.5511,4e-06
20261008,1439,雋揚,41322.0,11.0,22107.0,4120.0,7533.0,59033.0,91000.0,5026.0,3000.0,31113.0,12793.0,44116.0,8044.0,10192.0,15254.0,57437.0,10248.0,2100.0,18000.0,21004.0,5816.0,55335.0,11025.0,3166.0,25117.0,17162.0,17177.0,32094.0,12248.0,8002.0,21146.67,65.1356,0.000199,15018.6,55.0278,0.000107,26426.5,15.6366,5.6e-05,23644.27,11.651,3.6e-05,23172.65,8.9161,2.8e-05,21686.5,6.3514,1.9e-05
20261008,1440,南紡,10111401.0,8440432.0,2029381.0,3080225.0,2259795.0,2962057.0,3288885.0,2972551.0,5143466.0,1615250.0,2271519.0,1453601.0,1162303.0,2744843.0,2474429.0,1700760.0,908353.0,2703166.0,3172046.0,2551503.0,4140239.0,3393876.0,5324876.0,8086252.0,7130914.0,3967705.0,3049823.0,1147332.0,1585147.0,696101.0,6860404.67,49.1293,0.048816,5184246.8,39.0082,0.026168,4190344.3,24.1302,0.01364,3467342.53,19.4412,0.008886,3152298.3,16.0381,0.006966,3385607.7,9.9553,0.00453
20261008,1441,大東,33202.0,31944.0,15291.0,26755.0,16021.0,39105.0,94731.0,101129.0,,,,,,,30524.0,21949.0,29347.0,34221.0,196786.0,38187.0,31570.0,35569.0,11626.0,25300.0,11558.0,17724.0,12791.0,14134.0,11256.0,10617.0,26812.33,41.277,0.00016,24642.6,26.9468,8.6e-05,44772.25,9.2697,4.5e-05,43189.11,8.5418,2.9e-05,50656.57,4.6817,2.3e-05,37139.04,3.725,1.5e-05
20261008,1442,名軒,131197.0,353536.0,378453.0,411060.0,339864.0,966889.0,597660.0,645434.0,389288.0,793554.0,1463470.0,1043362.0,1233837.0,416925.0,815182.0,119625.0,110905.0,296448.0,159411.0,313515.0,94880.0,145717.0,186199.0,63342.0,65033.0,131327.0,217188.0,121083.0,117721.0,81521.0,287728.67,15.1992,0.000633,322822.0,8.1281,0.00034,500693.5,2.6203,0.000177,665314.07,1.3146,0.000115,548980.75,1.1949,9e-05,406787.53,1.0751,5.9e-05
20261008,1443,立益物流,22262.0,2155.0,26006.0,13277.0,17061.0,3001.0,15618.0,8001.0,14112.0,26043.0,4808.0,2092.0,9502.0,15647.0,8431.0,7032.0,25260.0,25199.0,15006.0,9340.0,7925.0,10003.0,19140.0,13022.0,34161.0,65027.0,11071.0,4525.0,4002.0,8201.0,16807.67,44.1505,0.000107,16152.2,27.5653,5.8e-05,14753.6,15.0892,3e-05,12534.4,11.8405,2e-05,13492.65,8.2497,1.5e-05,14897.67,4.9811,1e-05
20261008,1444,力麗,953884.0,3245486.0,604588.0,1425235.0,699057.0,1233444.0,3209953.0,1187457.0,751776.0,653243.0,514109.0,572463.0,3325779.0,1795139.0,594816.0,884227.0,788614.0,2027699.0,1026772.0,2013185.0,2540661.0,1888976.0,1918026.0,2292326.0,1519107.0,1885405.0,1123537.0,876247.0,1128348.0,1052346.0,1601319.33,19.8562,0.004605,1385650.0,13.768,0.002469,1396412.3,6.831,0.001287,1384428.6,4.5934,0.000838,1375346.3,3.4678,0.000657,1457730.17,2.1812,0.000427
20261008,1445,大宇,115411.0,145142.0,144400.0,93621.0,60064.0,49190.0,57497.0,49254.0,7106.0,17512.0,42954.0,12011.0,45601.0,146249.0,282036.0,59192.0,15077.0,103234.0,28913.0,118001.0,181191.0,24940.0,99505.0,96228.0,18001.0,46159.0,33047.0,28120.0,101324.0,94002.0,134984.33,28.4999,0.000557,111727.6,20.6594,0.000299,73919.7,15.613,0.000156,84536.53,9.1015,0.000101,79623.25,7.2473,8e-05,77166.07,4.9854,5.2e-05
20261008,1446,宏和,37635.0,66486.0,77772.0,74766.0,139266.0,29311.0,226998.0,157652.0,38658.0,23251.0,236260.0,192070.0,179675.0,251259.0,141588.0,79045.0,46059.0,77210.0,122240.0,77512.0,109897.0,130982.0,89623.0,106143.0,117518.0,107395.0,94309.0,80772.0,91989.0,123510.0,60631.0,20.6907,0.000182,79185.0,9.5056,9.7e-05,87179.5,4.317,5.1e-05,124843.13,2.0097,3.3e-05,113735.65,1.6545,2.6e-05,110895.03,1.1312,1.7e-05
20261008,1447,力鵬,538763.0,1514190.0,440391.0,1099224.0,608327.0,1028818.0,2189075.0,1370015.0,717743.0,814573.0,805700.0,617263.0,963238.0,1160757.0,609501.0,736501.0,904376.0,1186311.0,609419.0,919066.0,817178.0,1274485.0,1149095.0,1682125.0,884247.0,1684756.0,787268.0,1149646.0,1130467.0,732513.0,831114.67,21.608,0.002601,840179.0,12.825,0.001394,1032111.9,5.22,0.000727,965171.87,3.7214,0.000473,941662.55,2.8607,0.000371,1004167.7,1.7884,0.000241
20261008,1449,佳和,818853.0,1531355.0,250370.0,241667.0,170145.0,192790.0,288196.0,200913.0,285781.0,322458.0,414228.0,413571.0,265785.0,611266.0,232126.0,204958.0,185305.0,351717.0,263616.0,241224.0,212415.0,174352.0,325186.0,337438.0,183861.0,336283.0,216923.0,276927.0,284303.0,247450.0,866859.33,31.4873,0.003953,602478.0,27.1828,0.002119,430252.8,19.0319,0.001105,415966.93,13.1237,0.00072,374316.2,10.938,0.000564,336048.73,8.1224,0.000367
20261008,1451,年興,277592.0,83246.0,104724.0,153834.0,110707.0,199338.0,83975.0,117464.0,69603.0,66059.0,131244.0,106114.0,48435.0,95337.0,21081.0,97725.0,96981.0,152025.0,39297.0,64973.0,27096.0,42398.0,40827.0,33602.0,49183.0,134920.0,127385.0,83168.0,92200.0,78653.0,155187.33,59.6251,0.00134,146020.6,38.0209,0.000718,126654.2,21.9173,0.000374,111250.2,16.6347,0.000244,105987.7,13.0955,0.000191,94306.2,9.8117,0.000124
20261008,1452,宏益,62191.0,58761.0,28823.0,96709.0,41069.0,19052.0,49014.0,52416.0,29418.0,32235.0,46861.0,63272.0,59436.0,152536.0,237876.0,14255.0,9061.0,16507.0,82324.0,53120.0,73496.0,128188.0,74855.0,92349.0,46101.0,29079.0,68199.0,98667.0,60082.0,87262.0,49925.0,41.523,0.0003,57510.6,21.6277,0.000161,46968.8,13.2409,8.4e-05,68644.6,6.0399,5.5e-05,60246.8,5.1614,4.3e-05,65440.47,3.1678,2.8e-05
20261008,1453,大將,56626.0,23248.0,29139.0,56122.0,25165.0,11353.0,25495.0,12794.0,33732.0,23228.0,34749.0,27505.0,70272.0,15602.0,45297.0,47026.0,14747.0,27646.0,68410.0,8877.0,27410.0,25966.0,22757.0,3057.0,37230.0,10899.0,51882.0,39479.0,78213.0,25661.0,36337.67,51.9443,0.000273,38060.0,29.7562,0.000147,29690.2,19.0723,7.6e-05,32688.47,11.5486,5e-05,32851.65,8.6184,3.9e-05,32652.9,5.7806,2.5e-05
20261008,1454,台富,32613.0,32798.0,27439.0,23401.0,46413.0,11668.0,20501.0,30096.0,16473.0,34013.0,37552.0,18762.0,13678.0,29292.0,36242.0,43194.0,7001.0,61513.0,98933.0,29833.0,36122.0,57596.0,20468.0,19835.0,36046.0,62883.0,31206.0,7492.0,7091.0,25957.0,30950.0,35.1244,0.000157,32532.8,20.0493,8.4e-05,27541.5,11.8414,4.4e-05,27396.07,7.9362,2.9e-05,32570.75,5.0065,2.2e-05,31870.37,3.411,1.5e-05
20261008,1455,集盛,8576443.0,20355917.0,608904.0,869674.0,1197742.0,326384.0,813294.0,520420.0,207283.0,305029.0,409984.0,483707.0,1004247.0,963403.0,476524.0,470308.0,449168.0,1005983.0,478826.0,1128381.0,933596.0,1674869.0,891137.0,1902317.0,1291807.0,3348017.0,845296.0,901205.0,726285.0,637918.0,9847088.0,29.0321,0.041406,6321736.0,27.1332,0.022195,3378109.0,25.3883,0.011569,2474597.0,23.1053,0.007537,2032581.05,21.0974,0.005908,1793468.93,15.9401,0.003842
20261008,1456,怡華,185248.0,74489.0,248850.0,77001.0,165565.0,158906.0,70560.0,95229.0,259796.0,169576.0,126200.0,150402.0,93472.0,137568.0,154010.0,241173.0,140028.0,444069.0,1538427.0,22173.0,95038.0,41225.0,55000.0,43704.0,91549.0,45183.0,146279.0,52439.0,54215.0,109436.0,169529.0,36.4241,0.000894,150230.6,24.6618,0.000479,150522.0,12.307,0.00025,144458.13,8.5491,0.000163,227637.1,4.0689,0.000128,176227.0,3.504,8.3e-05
20261008,1457,宜進,81945.0,131883.0,218999.0,127103.0,61701.0,71418.0,53751.0,75983.0,45123.0,110638.0,67428.0,74546.0,153691.0,111847.0,84460.0,37872.0,153986.0,56008.0,25886.0,75528.0,66266.0,143901.0,151236.0,122011.0,56905.0,97941.0,64791.0,51405.0,127459.0,51687.0,144275.67,18.9325,0.000396,124326.2,13.1823,0.000212,97854.4,8.3742,0.000111,98034.4,5.5725,7.2e-05,90989.8,4.503,5.6e-05,91779.93,2.9761,3.7e-05
20261008,1459,聯發,441308.0,2030581.0,7103667.0,1209062.0,1105002.0,215213.0,356148.0,98990.0,17332.0,177493.0,47754.0,35319.0,170958.0,130591.0,176813.0,172508.0,38356.0,127372.0,131964.0,100342.0,119369.0,260639.0,306543.0,52307.0,181353.0,99933.0,137637.0,168696.0,1946849.0,319094.0,3191852.0,4.6087,0.002131,2377924.0,3.7117,0.001142,1275479.6,3.4599,0.000595,887748.73,3.3141,0.000388,694338.65,3.1779,0.000304,582639.77,2.5248,0.000198
20261008,1460,宏遠,197356.0,253751.0,302235.0,339464.0,264301.0,169811.0,421176.0,144069.0,267832.0,177559.0,142157.0,145789.0,154660.0,236252.0,249188.0,386923.0,289122.0,182464.0,370271.0,171755.0,214830.0,129962.0,244422.0,186307.0,92622.0,216255.0,207297.0,159830.0,186269.0,166338.0,251114.0,26.1974,0.000953,271421.4,14.5424,0.000511,253755.4,7.7774,0.000266,231040.0,5.6947,0.000173,243306.75,4.0557,0.000136,222342.23,2.9587,8.8e-05
20261008,1463,強盛新,81116.0,68013.0,99015.0,18892.0,19317.0,12067.0,34041.0,40209.0,92045.0,5020.0,143021.0,86291.0,31618.0,24187.0,226513.0,281006.0,167015.0,69267.0,75390.0,14282.0,26345.0,59557.0,15492.0,46140.0,31279.0,83601.0,41219.0,13257.0,46112.0,20290.0,82714.67,32.6891,0.000392,57270.6,28.3273,0.00021,46973.5,17.2685,0.000109,65424.33,8.2656,7.1e-05,79416.25,5.107,5.6e-05,65720.57,4.1142,3.6e-05
20261008,1464,得力,171507.0,286395.0,269160.0,239425.0,150192.0,328472.0,294368.0,445668.0,137078.0,177781.0,361994.0,314906.0,146158.0,370710.0,568570.0,492932.0,220313.0,171362.0,231146.0,440767.0,472500.0,218551.0,225463.0,313664.0,393867.0,515865.0,262581.0,228355.0,179982.0,177741.0,242354.0,23.589,0.000828,223335.8,15.3587,0.000444,250004.6,6.8602,0.000231,284158.93,4.0237,0.000151,290945.2,2.9474,0.000118,293582.43,1.9473,7.7e-05
20261008,1465,偉全,81919.0,46775.0,72939.0,78150.0,28536.0,52021.0,33443.0,73543.0,19251.0,273176.0,173094.0,190789.0,221714.0,496088.0,204531.0,30280.0,78804.0,97918.0,99984.0,116059.0,187562.0,117788.0,156805.0,467856.0,273191.0,314076.0,219640.0,320572.0,349947.0,147989.0,67211.0,40.6278,0.000395,61663.8,26.5696,0.000212,75975.3,10.7823,0.000111,136397.93,4.0039,7.2e-05,123450.7,3.3179,5.6e-05,167481.33,1.6304,3.7e-05
20261008,1466,聚隆,262581.0,242741.0,132619.0,254894.0,160419.0,118037.0,179670.0,188257.0,67430.0,129964.0,275284.0,341388.0,201082.0,299518.0,224159.0,171002.0,174021.0,266554.0,261338.0,293884.0,305319.0,323863.0,120192.0,337852.0,98149.0,219591.0,215671.0,384286.0,154409.0,202480.0,212647.0,41.1607,0.001268,210650.8,24.9305,0.00068,173661.2,15.1203,0.000354,205202.87,8.5308,0.000231,212242.1,6.1859,0.000181,220221.8,3.9745,0.000118
20261008,1467,南緯,162913.0,277083.0,351042.0,595167.0,1799273.0,372161.0,150421.0,65726.0,24833.0,160300.0,214081.0,48497.0,110965.0,167036.0,136520.0,62059.0,84741.0,413548.0,173206.0,81249.0,116361.0,292951.0,193561.0,62056.0,64501.0,120118.0,254720.0,164242.0,174683.0,217556.0,263679.33,20.5948,0.000787,637095.6,5.1142,0.000422,395891.9,4.1151,0.00022,309067.87,3.5141,0.000143,272541.05,2.9888,0.000112,237052.33,2.2908,7.3e-05
20261008,1468,昶和,90437.0,78000.0,92000.0,428000.0,42000.0,63000.0,79041.0,59000.0,54000.0,67000.0,68000.0,39000.0,56000.0,77646.0,45000.0,92000.0,73000.0,46009.0,50000.0,43000.0,46415.0,90056.0,71061.0,65123.0,63000.0,304347.0,70000.0,52001.0,66002.0,76000.0,86812.33,34.7251,0.000437,146087.4,12.3812,0.000234,105247.8,8.5928,0.000122,89208.27,6.7585,7.9e-05,82106.65,5.5073,6.2e-05,84871.27,3.5519,4.1e-05
20261008,1470,大統新創,3000.0,3000.0,28000.0,7010.0,9000.0,6000.0,60030.0,5025.0,1000.0,4001.0,11001.0,24000.0,10034.0,37462.0,45000.0,4003.0,3025.0,30088.0,2048.0,5361.0,25385.0,17000.0,31000.0,20.0,3000.0,1176.0,7983.0,5000.0,24116.0,11397.0,11333.33,8.8235,1.4e-05,10002.0,5.9988,8e-06,12606.6,2.3797,4e-06,16904.2,1.1831,3e-06,14904.4,1.0064,2e-06,14138.83,0.7073,1e-06
20261008,1471,首利,213602.0,276590.0,198685.0,284764.0,120432.0,88354.0,258382.0,134939.0,113249.0,260747.0,287994.0,309644.0,173295.0,222912.0,174527.0,114788.0,139326.0,267604.0,112337.0,263023.0,132450.0,184294.0,226266.0,112830.0,139560.0,270802.0,225209.0,299929.0,644475.0,301635.0,229625.67,31.0073,0.001031,218814.6,19.5236,0.000553,194974.4,10.9554,0.000288,207874.4,6.8504,0.000188,200759.7,5.3198,0.000147,218421.47,3.2598,9.6e-05
20261008,1472,三洋實業,29385.0,54520.0,116081.0,65041.0,118236.0,103196.0,81515.0,25130.0,16063.0,41250.0,47090.0,129376.0,102427.0,14593.0,25082.0,25050.0,995.0,581.0,7022.0,30221.0,102539.0,11544.0,27682.0,12000.0,11102.0,15358.0,49311.0,177.0,81552.0,4129.0,66662.0,14.6935,0.000142,76652.6,7.6671,7.6e-05,65041.7,4.5179,4e-05,64599.0,3.0326,2.6e-05,51642.7,2.845,2e-05,44941.6,2.1795,1.3e-05
20261008,1473,台南,73467.0,90350.0,88136.0,141586.0,132509.0,99306.0,121246.0,30004.0,137652.0,63137.0,130097.0,37372.0,53890.0,18451.0,61171.0,164728.0,33401.0,22198.0,24713.0,39160.0,41036.0,35546.0,26702.0,19491.0,54432.0,16122.0,36227.0,29817.0,73879.0,21710.0,83984.33,29.159,0.000355,105209.6,13.9658,0.00019,97739.3,7.5166,9.9e-05,85224.93,5.7469,6.5e-05,78128.7,4.7017,5.1e-05,63917.87,3.8313,3.3e-05
20261008,1474,弘裕,87641.0,390907.0,120985.0,379117.0,93677.0,80621.0,80549.0,65447.0,66749.0,50201.0,35699.0,36177.0,48177.0,443245.0,76550.0,81744.0,41000.0,122711.0,48009.0,33986.0,43560.0,25750.0,21477.0,112834.0,70308.0,170540.0,95259.0,70547.0,49038.0,27572.0,199844.33,14.6182,0.000423,214465.4,8.173,0.000227,141589.4,6.1898,0.000118,137049.47,4.2632,7.7e-05,119159.6,3.6775,6e-05,102335.9,2.8547,3.9e-05
20261008,1475,業旺,21005.0,24025.0,86017.0,16435.0,18207.0,6000.0,7010.0,25142.0,4570.0,6238.0,6200.0,10040.0,12000.0,21532.0,14130.0,18528.0,30050.0,14018.0,74020.0,46201.0,31871.0,21000.0,12000.0,18000.0,10104.0,7095.0,29003.0,22000.0,4554.0,9000.0,43682.33,16.0286,0.000101,33137.8,12.6774,5.4e-05,21464.9,9.7857,2.8e-05,18570.07,7.5408,1.8e-05,23068.4,4.5528,1.4e-05,20866.5,3.3555,9e-06
20261008,1476,儒鴻,4198672.0,3318487.0,2984999.0,1709131.0,865971.0,831703.0,1501297.0,1313965.0,1332740.0,1131791.0,2066725.0,1124231.0,1103191.0,1077099.0,1088777.0,1039100.0,783272.0,741092.0,1536439.0,1756884.0,2603139.0,1813748.0,870350.0,1133402.0,456035.0,821591.0,1016869.0,698479.0,876526.0,591807.0,3500719.33,39.9791,0.020271,2615452.0,32.1067,0.010866,1918875.6,21.8809,0.005664,1709918.6,16.3699,0.00369,1575278.3,13.3268,0.002892,1412917.07,9.9054,0.001881
20261008,1477,聚陽,1537642.0,2017762.0,2256316.0,2063969.0,666551.0,912315.0,1246992.0,518380.0,781995.0,952814.0,2119942.0,938292.0,2075757.0,1369161.0,1946631.0,726664.0,683737.0,785085.0,848371.0,1473050.0,1213497.0,1846341.0,984999.0,1408035.0,1099383.0,1187571.0,1702337.0,1170351.0,907866.0,1944065.0,1937240.0,26.4576,0.007424,1708448.0,18.0005,0.003979,1295473.6,11.8693,0.002074,1426967.93,7.1837,0.001351,1296071.3,5.9319,0.001059,1312862.37,3.904,0.000689
20261008,1503,士電,710127.0,1254051.0,567618.0,899353.0,689817.0,346701.0,779812.0,803599.0,625987.0,537575.0,863639.0,596250.0,1106082.0,795159.0,657655.0,839563.0,2304098.0,1253200.0,1763548.0,1065668.0,1075972.0,1513620.0,1280615.0,1509182.0,2697623.0,3538185.0,1976078.0,3448529.0,4555257.0,975343.0,843932.0,28.0483,0.003428,824193.2,17.2321,0.001838,721464.0,9.8429,0.000958,748895.0,6.3216,0.000624,922975.1,3.8469,0.000489,1367663.53,1.7308,0.000318
20261008,1504,東元,10635881.0,29405336.0,7573226.0,4664336.0,3548122.0,2132864.0,4881465.0,3285032.0,4146251.0,2821320.0,4590638.0,4717440.0,8408962.0,4233525.0,5463569.0,3641620.0,8281276.0,4571707.0,3556966.0,3448400.0,5634282.0,4386985.0,4919804.0,7456813.0,5931340.0,12981457.0,4705660.0,13064159.0,16053918.0,4280351.0,15871481.0,22.3375,0.051348,11165380.2,19.0515,0.027525,7309383.3,14.551,0.014347,6700531.13,10.5821,0.009347,6200396.8,8.5768,0.007327,6780756.83,5.2285,0.004765
20261008,1506,正道,95102.0,43841.0,108752.0,160515.0,374152.0,375836.0,354064.0,264142.0,312228.0,124477.0,90116.0,159815.0,104103.0,72380.0,60009.0,274176.0,293717.0,264324.0,314292.0,142199.0,305639.0,347545.0,148462.0,123602.0,136241.0,265595.0,64071.0,174703.0,238129.0,80382.0,82565.0,38.3948,0.000459,156472.4,12.1558,0.000246,221310.9,4.2972,0.000128,179968.8,3.5229,8.4e-05,199412.0,2.3846,6.6e-05,195753.63,1.6194,4.3e-05
20261008,1512,瑞利,28597.0,72019.0,59037.0,22075.0,48236.0,54716.0,47461.0,31876.0,50439.0,62626.0,50501.0,43947.0,42767.0,68674.0,70569.0,20719.0,46005.0,34900.0,9512.0,33673.0,18513.0,44962.0,78282.0,96001.0,95009.0,104070.0,49683.0,34957.0,97642.0,76062.0,53217.67,17.912,0.000138,45992.8,12.4354,7.4e-05,47708.2,5.9941,3.9e-05,50236.0,3.795,2.5e-05,44917.45,3.1833,2e-05,53117.67,1.7946,1.3e-05
20261008,1513,中興電,1474718.0,2948824.0,1607850.0,1909857.0,1860658.0,1480846.0,2911349.0,1788378.0,1271637.0,1418753.0,2115591.0,2036486.0,2736864.0,1750471.0,1473069.0,1255434.0,1280629.0,1438476.0,945887.0,1788251.0,1320066.0,2317216.0,1475029.0,2234597.0,1753904.0,3415068.0,3494872.0,2782623.0,6144306.0,1417131.0,2010464.0,24.4507,0.00712,1960381.4,15.0452,0.003816,1867287.0,7.8977,0.001989,1919023.4,5.1232,0.001296,1774701.4,4.1548,0.001016,2061628.0,2.3844,0.000661
20261008,1514,亞力,790867.0,1753122.0,1070656.0,1071327.0,776242.0,553808.0,669400.0,1216690.0,1861115.0,1483305.0,601036.0,921067.0,716660.0,758306.0,1066817.0,595972.0,932667.0,813120.0,618113.0,1215113.0,723891.0,984014.0,1169826.0,1487636.0,1859486.0,2050104.0,1632842.0,6054909.0,3332924.0,591858.0,1204881.67,21.8795,0.003818,1092442.8,14.4789,0.002047,1124653.2,7.0321,0.001067,1020694.53,5.1655,0.000695,974270.15,4.0588,0.000545,1312429.77,2.0087,0.000354
20261008,1515,力山,348375.0,334108.0,598900.0,870056.0,486543.0,501315.0,463662.0,332858.0,406535.0,520440.0,530273.0,413863.0,902436.0,548679.0,381507.0,516938.0,880449.0,1771618.0,847825.0,578395.0,796746.0,753433.0,1318907.0,1384153.0,1035596.0,1382892.0,1848063.0,6522702.0,7603342.0,4333033.0,427127.67,27.1874,0.001682,527596.4,13.2061,0.000902,486279.2,7.1641,0.00047,509303.33,4.5602,0.000306,611738.75,2.8474,0.00024,1307121.4,0.8884,0.000156
20261008,1516,川飛,73858.0,27558.0,32153.0,52387.0,25681.0,17631.0,16626.0,27899.0,23757.0,29866.0,52589.0,62290.0,178820.0,148811.0,8172.0,24241.0,1316371.0,18025.0,21224.0,29009.0,9406.0,45053.0,4540.0,36314.0,13062.0,38778.0,9140.0,23514.0,65312.0,17590.0,44523.0,55.2958,0.000357,42327.4,34.8984,0.000191,32741.6,22.5578,0.0001,51873.2,9.4921,6.5e-05,109348.4,3.3772,5.1e-05,81655.9,3.015,3.3e-05
20261008,1517,利奇,271477.0,204453.0,305743.0,392844.0,146787.0,157323.0,200511.0,128242.0,69144.0,193484.0,271226.0,97835.0,225979.0,201429.0,201084.0,253540.0,256199.0,466841.0,247711.0,213192.0,195427.0,381865.0,284817.0,532763.0,300188.0,235356.0,116825.0,380772.0,217393.0,270112.0,260557.67,34.7303,0.001311,264260.8,20.5461,0.000703,207000.8,13.1148,0.000366,204504.07,8.8499,0.000239,225252.2,6.0261,0.000187,247352.07,3.6584,0.000122
20261008,1519,華城,1034131.0,1882727.0,1069483.0,1102674.0,1180606.0,849523.0,1201359.0,1241444.0,678128.0,637049.0,546175.0,463781.0,1379950.0,618004.0,753594.0,1232165.0,1792604.0,864336.0,1374533.0,1278367.0,1125985.0,4407355.0,1702643.0,1340195.0,1693169.0,3405950.0,2499431.0,4024392.0,6179475.0,1635218.0,1328780.33,25.9419,0.004993,1253924.2,16.4943,0.002676,1087712.4,9.5074,0.001395,975908.53,7.0644,0.000909,1059031.65,4.8824,0.000712,1639814.87,2.1021,0.000463
20261008,1521,大億,21342.0,19681.0,33099.0,19011.0,32061.0,5274.0,29104.0,23333.0,36307.0,77864.0,272423.0,33204.0,19183.0,15764.0,28086.0,26502.0,31013.0,17451.0,12043.0,58639.0,22854.0,25004.0,17551.0,3000.0,14063.0,11529.0,12111.0,25233.0,13104.0,16381.0,24707.33,28.7931,0.000103,25038.8,17.0471,5.5e-05,29707.6,7.184,2.9e-05,44382.4,3.2058,1.9e-05,40569.2,2.6303,1.5e-05,32407.13,2.1952,1e-05
20261008,1522,堤維西,354738.0,351261.0,439918.0,419256.0,268213.0,203560.0,293420.0,346508.0,296101.0,176458.0,551295.0,204963.0,841918.0,389954.0,605495.0,355332.0,571863.0,762939.0,604237.0,356524.0,231329.0,537265.0,522099.0,650650.0,474638.0,1515400.0,238077.0,332842.0,360757.0,237795.0,381972.33,30.9567,0.001713,366677.2,19.3488,0.000918,314943.3,11.2636,0.000479,382870.53,6.1768,0.000312,419697.65,4.2261,0.000244,449826.83,2.6287,0.000159
20261008,1522A,堤維西甲特,,,,,,,19344.0,74215.0,67000.0,55000.0,1322.0,5705.0,7515.0,8000.0,12485.0,18071.0,9000.0,1000.0,8000.0,12000.0,4000.0,29000.0,0.0,1000.0,2000.0,2000.0,4000.0,9000.0,7000.0,7000.0,,,,,,,53889.75,,,27842.89,,,21332.64,,,15152.38,,
20261008,1524,耿鼎,986512.0,406748.0,245398.0,358666.0,307513.0,176035.0,231553.0,146061.0,162765.0,223356.0,249531.0,169914.0,257345.0,255646.0,211523.0,117411.0,141463.0,207106.0,345003.0,409397.0,164875.0,259156.0,257060.0,427829.0,267921.0,283299.0,186054.0,217708.0,474572.0,256738.0,546219.33,60.2024,0.004763,460967.4,42.8018,0.002553,324460.7,30.4047,0.001331,292571.07,22.4791,0.000867,280447.3,17.5882,0.00068,280138.6,11.7384,0.000442
20261008,1525,江申,6113.0,16278.0,16088.0,3531.0,6433.0,10199.0,7106.0,19739.0,14044.0,9075.0,17.0,8000.0,8020.0,1001.0,5161.0,1001.0,4200.0,2101.0,8006.0,8194.0,5924.0,22265.0,36122.0,4288.0,3183.0,11040.0,21004.0,14004.0,13186.0,11091.0,12826.33,15.8866,3e-05,9688.6,12.619,1.6e-05,10860.6,5.6286,8e-06,8720.33,4.6734,5e-06,7715.35,3.9616,4e-06,9880.47,2.0623,3e-06
20261008,1526,日馳,83184.0,55427.0,37221.0,65700.0,39295.0,28704.0,131514.0,41781.0,25365.0,95710.0,111030.0,34818.0,171017.0,49055.0,188010.0,83980.0,129719.0,101449.0,72405.0,85840.0,96709.0,114139.0,123410.0,359635.0,238372.0,93441.0,238513.0,126458.0,120164.0,174390.0,58610.67,47.3088,0.000402,56165.4,29.6211,0.000215,60390.1,13.7744,0.000112,77188.73,7.1845,7.3e-05,81561.2,5.0995,5.7e-05,110548.5,2.5082,3.7e-05
20261008,1527,鑽全,105447.0,112100.0,100158.0,130662.0,213901.0,137401.0,77100.0,280870.0,89339.0,110648.0,105160.0,115230.0,290853.0,55727.0,60040.0,130444.0,132283.0,144492.0,89681.0,108977.0,116142.0,153849.0,65919.0,84454.0,193720.0,106319.0,70077.0,125222.0,51722.0,118644.0,105901.67,33.1902,0.000509,132453.6,15.9221,0.000273,135762.6,7.767,0.000142,132309.07,5.3132,9.3e-05,129525.65,4.0705,7.3e-05,122552.7,2.8681,4.7e-05
20261008,1528,恩德,2225149.0,1795413.0,2516367.0,3564709.0,2855598.0,3331136.0,6869318.0,3744186.0,7813369.0,7326990.0,35909953.0,23401861.0,7793176.0,11821729.0,29029986.0,37110090.0,15628482.0,9585675.0,1959599.0,7046159.0,3489297.0,392050.0,525394.0,699605.0,529230.0,546534.0,623962.0,740896.0,861333.0,852020.0,2178976.33,34.0397,0.010743,2591447.2,17.173,0.005759,4204223.5,5.2927,0.003002,9999929.33,1.4834,0.001956,11066447.25,1.0054,0.001533,7686308.87,0.965,0.000997
20261008,1529,樂事綠能,357538.0,259752.0,675697.0,770075.0,725209.0,437915.0,1020769.0,409818.0,512347.0,1001005.0,1818711.0,1517201.0,1382976.0,2142441.0,3885317.0,431421.0,195202.0,198967.0,214231.0,311985.0,642841.0,412587.0,496224.0,608189.0,286709.0,277903.0,425849.0,746393.0,564874.0,372127.0,430995.67,27.6521,0.001726,557654.2,12.8229,0.000925,617012.5,5.7947,0.000482,1127784.73,2.1135,0.000314,913428.85,1.9571,0.000246,770075.77,1.5476,0.00016
20261008,1530,亞崴,29639.0,32691.0,74377.0,23766.0,36211.0,11314.0,16544.0,22949.0,7183.0,32471.0,20765.0,36179.0,23906.0,33497.0,36426.0,23037.0,17749.0,74234.0,8751.0,16581.0,10324.0,19993.0,20162.0,24625.0,12620.0,10134.0,22889.0,24791.0,11766.0,20212.0,45569.0,21.6807,0.000143,39336.8,15.0693,7.7e-05,28714.5,10.322,4e-05,29194.53,6.7682,2.6e-05,28913.5,5.1255,2e-05,25192.87,3.9216,1.3e-05
20261008,1531,高林股,302760.0,92675.0,232009.0,171384.0,46790.0,82880.0,56069.0,59839.0,776324.0,1091359.0,89336.0,50367.0,201208.0,73514.0,104201.0,44280.0,87259.0,74140.0,74675.0,20132.0,206015.0,283300.0,176459.0,81554.0,246447.0,302534.0,925839.0,1230467.0,327555.0,257064.0,209148.0,48.2529,0.001462,169123.6,35.8034,0.000784,291208.9,10.3967,0.000408,228714.33,8.825,0.000266,186560.05,8.1143,0.000209,258947.83,3.8973,0.000136
20261008,1532,勤美,114267.0,318245.0,290305.0,915027.0,473423.0,206021.0,309452.0,344891.0,328911.0,287408.0,306199.0,211058.0,682584.0,223665.0,1009353.0,315519.0,219795.0,493923.0,132432.0,420806.0,196800.0,278105.0,169733.0,336469.0,180845.0,442544.0,181470.0,308888.0,230672.0,367895.0,240939.0,15.8086,0.000552,422253.4,5.4122,0.000296,358795.0,3.1847,0.000154,401387.27,1.8979,0.0001,380164.2,1.5029,7.9e-05,343223.5,1.1097,5.1e-05
20261008,1533,車王電,127228.0,144726.0,74759.0,109938.0,45632.0,54006.0,127079.0,50241.0,25565.0,59513.0,143623.0,78874.0,96421.0,52558.0,78742.0,81172.0,171581.0,55123.0,87499.0,83463.0,61306.0,45454.0,86609.0,66273.0,89769.0,125258.0,192540.0,82481.0,65459.0,39688.0,115571.0,36.6955,0.000614,100456.6,25.3299,0.000329,81868.7,15.5405,0.000172,84593.67,10.0266,0.000112,87387.15,7.2796,8.8e-05,86752.67,4.8885,5.7e-05
20261008,1535,中宇,13215.0,41383.0,39098.0,26970.0,26914.0,15847.0,46672.0,20045.0,33345.0,36039.0,26589.0,34126.0,49484.0,55075.0,29002.0,53337.0,79608.0,69415.0,39210.0,47655.0,36278.0,55596.0,22201.0,29156.0,25098.0,32581.0,54845.0,27576.0,42418.0,22285.0,31232.0,14.1041,6.4e-05,29516.0,8.9545,3.4e-05,29952.8,4.4119,1.8e-05,32920.27,2.6762,1.2e-05,39151.45,1.6877,9e-06,37702.1,1.1684,6e-06
20261008,1536,和大,393987.0,598083.0,681682.0,1113558.0,424060.0,510512.0,461528.0,478397.0,996126.0,476465.0,947570.0,482448.0,1030923.0,878684.0,1697948.0,1446637.0,740053.0,824471.0,1026883.0,650771.0,1643040.0,1747462.0,1176427.0,2258048.0,664157.0,1075726.0,862353.0,1056845.0,1254061.0,696518.0,557917.33,23.5392,0.001902,642274.0,12.2685,0.00102,613439.8,6.4226,0.000531,744798.07,3.5266,0.000346,793039.3,2.484,0.000271,943180.77,1.3924,0.000176
20261008,1537,廣隆,79350.0,67507.0,105663.0,116650.0,108394.0,143652.0,131686.0,71880.0,82180.0,62089.0,55064.0,62969.0,196683.0,53859.0,48919.0,28063.0,76601.0,56561.0,92711.0,46655.0,177460.0,102277.0,217745.0,281110.0,132501.0,274832.0,119980.0,149353.0,134556.0,162323.0,84173.33,31.4233,0.000383,95512.8,16.6156,0.000205,96905.1,8.1884,0.000107,92436.33,5.7229,7e-05,84356.8,4.7032,5.5e-05,114642.43,2.3072,3.6e-05
20261008,1538,正峰,1501.0,9262.0,1757.0,1591.0,10231.0,15832.0,15937.0,126.0,1.0,167.0,110.0,3452.0,1252.0,790.0,668.0,5.0,91.0,19685.0,18273.0,22005.0,33672.0,42298.0,218.0,0.0,110.0,2.0,1.0,1.0,583.0,700.0,4173.33,11.9888,7e-06,4868.4,6.1663,4e-06,5640.5,2.6611,2e-06,4178.47,2.3948,1e-06,6136.8,1.223,1e-06,6677.37,0.7493,1e-06
20261008,1539,巨庭,30415.0,28078.0,29003.0,33053.0,10042.0,25405.0,18001.0,27659.0,22000.0,6486.0,24829.0,30502.0,42179.0,19079.0,15001.0,11315.0,20118.0,13083.0,10000.0,17300.0,11579.0,26543.0,48414.0,21176.0,8056.0,13010.0,23003.0,23128.0,37342.0,40709.0,29165.33,34.7616,0.000147,26118.2,23.2903,7.9e-05,23014.2,13.2158,4.1e-05,24115.47,8.4082,2.7e-05,21677.4,7.0154,2.1e-05,22883.6,4.4304,1.4e-05
20261008,1540,喬福,102750.0,100150.0,115665.0,183756.0,125151.0,51011.0,174910.0,90124.0,61371.0,100627.0,85180.0,91457.0,55597.0,173983.0,69363.0,110532.0,132834.0,143203.0,92588.0,69910.0,120350.0,116854.0,119510.0,222006.0,117057.0,144868.0,84908.0,105273.0,59235.0,102964.0,106188.33,32.254,0.000496,125494.4,16.3752,0.000266,110551.5,9.2943,0.000139,105406.33,6.4987,9e-05,106508.1,4.8236,7.1e-05,110772.9,3.0919,4.6e-05
20261008,1541,錩泰,7002.0,12003.0,14001.0,18015.0,21063.0,6283.0,5007.0,8000.0,0.0,1000.0,1023.0,6000.0,10000.0,11000.0,8000.0,27193.0,17000.0,14000.0,8060.0,6082.0,5609.0,18022.0,6099.0,9309.0,9110.0,15065.0,17035.0,8000.0,18122.0,12050.0,11002.0,21.2143,3.4e-05,14416.8,9.7137,1.8e-05,9237.4,7.5801,9e-06,8559.8,5.4534,6e-06,10036.6,3.4882,5e-06,10638.43,2.1939,3e-06
20261008,1558,伸興,56582.0,33069.0,161375.0,72900.0,98698.0,385719.0,71838.0,171197.0,42146.0,111583.0,138586.0,74255.0,139392.0,182294.0,110561.0,107345.0,118918.0,383611.0,117597.0,132178.0,73609.0,143939.0,80444.0,204979.0,328491.0,164224.0,90309.0,58760.0,115420.0,78947.0,83675.33,22.5403,0.000273,84524.8,13.3883,0.000146,120510.7,4.6952,7.6e-05,123346.33,3.0582,5e-05,135492.2,2.088,3.9e-05,134965.53,1.3974,2.5e-05
20261008,1560,中砂,530628.0,963089.0,796477.0,1227306.0,1570824.0,1592741.0,1307523.0,1083052.0,2172367.0,3373372.0,3983118.0,5320084.0,6133920.0,3169755.0,672723.0,702383.0,2027263.0,4096116.0,456150.0,995480.0,665337.0,1767148.0,1570777.0,1273917.0,1081855.0,2090731.0,943741.0,584981.0,647180.0,471953.0,763398.0,23.1696,0.002562,1017664.8,10.4283,0.001373,1461737.9,3.6301,0.000716,2259798.6,1.5654,0.000466,2108718.55,1.2582,0.000366,1775733.03,0.9961,0.000238
20261008,1563,巧新,558814.0,426231.0,845661.0,470151.0,413872.0,196239.0,236232.0,615079.0,457123.0,344006.0,603317.0,290153.0,402351.0,695799.0,533204.0,419146.0,398591.0,603041.0,711674.0,1061748.0,1230096.0,1529112.0,,,,,,,,3214635.0,610235.33,30.5245,0.002698,542945.8,20.5845,0.001446,456340.8,12.2455,0.000754,472548.8,7.8837,0.000491,514121.6,5.4346,0.000385,706794.57,3.4375,0.00025
20261008,1568,倉佑,177976.0,290594.0,256017.0,368279.0,264348.0,365521.0,483918.0,688490.0,176644.0,288723.0,299163.0,352970.0,296101.0,466364.0,589788.0,105428.0,215433.0,508871.0,250692.0,86588.0,159580.0,145254.0,268227.0,224540.0,70017.0,180158.0,153083.0,172554.0,149023.0,200256.0,241529.0,24.5624,0.000859,271442.8,13.1133,0.000461,336051.0,5.2961,0.00024,357659.73,3.3174,0.000156,326595.4,2.7247,0.000123,275153.33,2.1561,8e-05
20261008,1582,信錦,277899.0,316105.0,726738.0,551457.0,338419.0,214712.0,409247.0,281706.0,257013.0,229638.0,425971.0,193170.0,279538.0,225087.0,436365.0,275233.0,320042.0,315530.0,441466.0,319174.0,277640.0,227038.0,302724.0,412575.0,277606.0,452102.0,670008.0,1070262.0,1313403.0,405566.0,440247.33,21.0411,0.001342,442123.6,12.5711,0.000719,360293.4,7.7131,0.000375,344204.33,5.3824,0.000244,341725.5,4.0661,0.000191,408114.47,2.2698,0.000124
20261008,1583,程泰,2042.0,39351.0,23316.0,14000.0,34710.0,8092.0,11000.0,12038.0,5504.0,2002.0,15106.0,26002.0,22145.0,21129.0,31338.0,11167.0,5323.0,16784.0,7205.0,17263.0,14063.0,30803.0,10155.0,10220.0,8618.0,8093.0,31453.0,14065.0,12509.0,70856.0,21569.67,3.1557,1e-05,22683.8,1.8004,5e-06,15205.5,1.3429,3e-06,17851.67,0.7626,2e-06,16275.85,0.6273,1e-06,17878.4,0.3807,1e-06
20261008,1587,吉茂,47489.0,52493.0,61692.0,192915.0,53872.0,99688.0,185100.0,140304.0,32672.0,76709.0,47782.0,77454.0,84010.0,47669.0,95068.0,147335.0,183592.0,67706.0,116061.0,152255.0,193191.0,122233.0,131215.0,185975.0,80799.0,137763.0,131556.0,230401.0,67852.0,73226.0,53891.33,29.3733,0.000229,81692.2,11.6263,0.000123,94293.4,5.0363,6.4e-05,86327.8,3.6673,4.2e-05,98093.3,2.4206,3.3e-05,110535.9,1.4321,2.1e-05
20261008,1590,亞德客-KY,2064053.0,594237.0,486819.0,561654.0,1257607.0,668109.0,1005155.0,943554.0,1242221.0,638275.0,1220937.0,1001473.0,1438559.0,1181757.0,917020.0,445567.0,455226.0,1173008.0,804969.0,1246456.0,366835.0,617158.0,289906.0,421501.0,471817.0,548505.0,625352.0,673924.0,940594.0,487223.0,1048369.67,65.6274,0.009965,992874.0,41.5773,0.005342,946168.4,21.8149,0.002784,1014762.0,13.5602,0.001814,967332.8,10.6688,0.001422,826315.7,8.3263,0.000925
20261008,1597,直得,640466.0,934518.0,952676.0,1655396.0,3289271.0,4660046.0,3566141.0,2569668.0,467381.0,764824.0,959290.0,632362.0,642026.0,1157014.0,681067.0,1501685.0,1715043.0,1692093.0,1766190.0,4001855.0,2378357.0,5812714.0,7090442.0,6266958.0,5980445.0,2406761.0,4283166.0,6997405.0,1734221.0,739590.0,842553.33,25.3383,0.003092,1494465.4,8.5712,0.001657,1950038.7,3.2844,0.000864,1571476.4,2.717,0.000563,1712450.6,1.87,0.000441,2597969.03,0.8218,0.000287
20261008,1598,岱宇,183174.0,262742.0,173313.0,162747.0,130996.0,103610.0,104908.0,163357.0,170591.0,144922.0,177966.0,329897.0,151423.0,94541.0,56091.0,132445.0,102753.0,130090.0,167413.0,699525.0,126129.0,311260.0,233793.0,123957.0,84032.0,81708.0,118434.0,229049.0,129518.0,119284.0,206409.67,29.581,0.000884,182594.4,20.0635,0.000474,160036.0,11.4458,0.000247,160685.2,7.5997,0.000161,182125.2,5.0288,0.000126,173322.27,3.5228,8.2e-05
20261008,1603,華電,90236.0,151020.0,83637.0,179461.0,129430.0,151204.0,256741.0,155153.0,93143.0,93527.0,63568.0,69760.0,110553.0,99981.0,104854.0,142859.0,120122.0,69053.0,148312.0,159466.0,146023.0,131866.0,188210.0,154173.0,143430.0,120451.0,200932.0,135719.0,218573.0,78380.0,108297.67,27.7741,0.000436,126756.8,14.2377,0.000234,138355.2,6.5221,0.000122,122151.2,4.9248,7.9e-05,123604.0,3.6502,6.2e-05,132994.57,2.2616,4e-05
20261008,1604,聲寶,509527.0,54325.0,195462.0,154777.0,196883.0,155413.0,132639.0,166022.0,84562.0,95524.0,121001.0,121786.0,143466.0,189492.0,264074.0,280935.0,116412.0,204467.0,152409.0,181668.0,168159.0,343257.0,226923.0,378253.0,253437.0,252401.0,236872.0,112744.0,107878.0,177676.0,253104.67,67.1036,0.00246,222194.8,45.8631,0.001319,174513.4,29.197,0.000687,172330.2,19.7113,0.000448,176042.2,14.4717,0.000351,192614.8,8.8177,0.000228
20261008,1605,華新,23780548.0,47344571.0,14150569.0,23323207.0,29963296.0,34858998.0,42069458.0,9511965.0,6282328.0,11375480.0,19721518.0,13068814.0,31559223.0,9490729.0,9678848.0,12337053.0,15139205.0,11202902.0,11717903.0,13885985.0,14978729.0,14416827.0,15702040.0,18436265.0,17612531.0,16032104.0,22240545.0,17822420.0,42075431.0,27490805.0,28425229.33,27.8867,0.114809,27712438.2,17.1624,0.061543,24266042.0,9.7999,0.032079,21745303.47,7.2906,0.020899,19523130.0,6.0904,0.016382,19909009.9,3.9815,0.010653
20261008,1608,華榮,1644553.0,4763045.0,1230484.0,1554099.0,1351450.0,1428176.0,2427498.0,1543165.0,1084797.0,1887721.0,1125727.0,1103345.0,1596792.0,1226319.0,1542296.0,1271056.0,1335613.0,1654152.0,2407253.0,3098791.0,2718335.0,2265012.0,1715109.0,2312929.0,3011464.0,3280870.0,3262509.0,4490041.0,11299122.0,6421359.0,2546027.33,21.531,0.00794,2108726.2,15.5976,0.004256,1891498.8,8.6944,0.002218,1700631.13,6.4468,0.001445,1763816.6,4.6619,0.001133,2535102.73,2.1624,0.000737
20261008,1609,大亞,3000037.0,6046222.0,2576138.0,3514769.0,2911262.0,4848716.0,4929151.0,4993226.0,1730773.0,2390192.0,3790142.0,2694678.0,3295843.0,3791122.0,1490732.0,1529214.0,1877979.0,2422552.0,3218249.0,4104746.0,3522401.0,1961836.0,2202291.0,2643259.0,1989828.0,3873594.0,2784988.0,3635925.0,9333873.0,3083828.0,3874132.33,25.8125,0.014484,3609685.6,16.6222,0.007764,3694048.6,8.1213,0.004047,3466866.87,5.769,0.002637,3257787.15,4.6044,0.002067,3339585.53,2.9944,0.001344
20261008,1611,中電,286745.0,333816.0,340776.0,661557.0,375267.0,407999.0,756518.0,415734.0,344799.0,466446.0,1108295.0,3186347.0,9059399.0,375457.0,738923.0,341988.0,370381.0,351639.0,358424.0,544625.0,214633.0,307870.0,438818.0,370827.0,286652.0,762426.0,460869.0,331950.0,861021.0,666214.0,320445.67,29.8277,0.001384,399632.2,14.3504,0.000742,438965.7,6.5323,0.000387,1257205.2,1.5205,0.000252,1041256.75,1.3769,0.000198,850880.5,1.1233,0.000128
20261008,1612,宏泰,1034520.0,793425.0,486288.0,389026.0,325301.0,598564.0,1257378.0,535101.0,358528.0,257863.0,287334.0,209129.0,426450.0,1069242.0,222570.0,317949.0,218031.0,435791.0,374305.0,942217.0,304473.0,477957.0,380239.0,499767.0,313505.0,628163.0,380863.0,488280.0,1847686.0,681559.0,771411.0,44.7025,0.004995,605712.0,34.1588,0.002677,603599.4,17.1392,0.001396,550047.93,12.5385,0.000909,526950.6,9.8161,0.000713,551383.47,6.2541,0.000463
20261008,1614,三洋電,52380.0,35148.0,40363.0,74561.0,49357.0,55732.0,101924.0,116382.0,34564.0,57989.0,93017.0,94778.0,76576.0,55309.0,62498.0,34728.0,75173.0,126648.0,181316.0,62140.0,23659.0,69050.0,68778.0,17125.0,20011.0,38066.0,44537.0,84202.0,12005.0,27111.0,42630.33,40.9568,0.000253,50361.8,20.8015,0.000136,61840.0,8.4702,7.1e-05,66705.2,5.235,4.6e-05,74029.15,3.5378,3.6e-05,62837.57,2.7786,2.3e-05
20261008,1615,大山,1477934.0,67214.0,169303.0,92209.0,59159.0,125204.0,96846.0,92718.0,67530.0,29909.0,91146.0,92055.0,112779.0,87261.0,49062.0,47605.0,96684.0,60511.0,37122.0,77012.0,56543.0,88774.0,72692.0,121472.0,55639.0,41576.0,98153.0,54888.0,237538.0,171377.0,571483.67,86.2045,0.007135,373163.8,79.211,0.003825,227802.6,64.8778,0.001994,180688.6,54.5297,0.001299,151463.15,48.7886,0.001018,134263.83,36.6923,0.000662
20261008,1616,億泰,153249.0,239792.0,146555.0,302548.0,183757.0,190591.0,193401.0,105222.0,165506.0,171146.0,214486.0,347560.0,253957.0,312552.0,188620.0,157515.0,195194.0,367332.0,300776.0,1886200.0,135648.0,301569.0,235261.0,323106.0,201618.0,588877.0,183486.0,212135.0,540832.0,243568.0,179865.33,28.4007,0.00074,205180.2,14.938,0.000397,185176.7,8.2758,0.000207,211262.8,4.836,0.000135,303797.95,2.5222,0.000106,301401.97,1.6948,6.9e-05
20261008,1617,榮星,1648350.0,2242446.0,3466600.0,6613744.0,2899566.0,9152630.0,6232917.0,1391792.0,705831.0,1958504.0,2088317.0,1114478.0,376497.0,293653.0,257476.0,203969.0,154051.0,295105.0,309262.0,306449.0,322735.0,453871.0,290783.0,960600.0,2400762.0,2128174.0,359233.0,468765.0,544543.0,394499.0,2452465.33,22.404,0.007958,3374141.2,9.7705,0.004266,3631238.0,4.5394,0.002224,2696186.73,4.0758,0.001449,2085581.85,3.9518,0.001136,1667853.4,3.2944,0.000738
20261008,1618,合機,1008297.0,330073.0,241283.0,303551.0,343760.0,232698.0,276774.0,241741.0,238013.0,226156.0,296113.0,252960.0,337722.0,287807.0,169131.0,185429.0,222069.0,241434.0,205665.0,248215.0,424326.0,346143.0,229424.0,359476.0,280770.0,487202.0,336020.0,529453.0,1393540.0,451488.0,526551.0,63.8303,0.004868,445392.8,45.2768,0.002609,344234.6,29.291,0.00136,319071.93,21.0673,0.000886,294444.55,17.122,0.000695,357557.77,9.3999,0.000452
20261008,1623,大東電,84020.0,56503.0,56809.0,68859.0,42488.0,38560.0,51926.0,27900.0,55119.0,68154.0,130204.0,88969.0,89633.0,26428.0,28072.0,52457.0,44662.0,104717.0,133850.0,341736.0,50056.0,55873.0,55139.0,71721.0,89075.0,106397.0,51728.0,79560.0,82988.0,62744.0,65777.33,42.578,0.000406,61735.8,27.2192,0.000217,55033.8,15.267,0.000113,60909.6,9.1961,7.4e-05,79553.3,5.2807,5.8e-05,76544.9,3.6589,3.8e-05
20261008,1626,艾美特-KY,4638.0,16601.0,22672.0,26494.0,59925.0,13550.0,36723.0,60103.0,36065.0,69497.0,34248.0,75593.0,96251.0,45515.0,75762.0,47811.0,22911.0,116499.0,128152.0,41357.0,23684.0,47824.0,46167.0,16963.0,55762.0,72853.0,52661.0,76536.0,96001.0,154778.0,14637.0,10.5623,2.2e-05,26066.0,3.5587,1.2e-05,34626.8,1.3394,6e-06,44909.13,0.6885,4e-06,51518.35,0.4501,3e-06,55786.53,0.2771,2e-06
20261008,1702,南僑,320521.0,149538.0,114822.0,120387.0,105323.0,227316.0,173534.0,134137.0,81244.0,234505.0,151080.0,294393.0,189111.0,118878.0,77179.0,122852.0,107223.0,165514.0,94930.0,83467.0,138337.0,97911.0,170611.0,123541.0,145552.0,203659.0,113796.0,109730.0,138006.0,127347.0,194960.33,54.8011,0.001547,162118.2,39.5416,0.000829,166132.7,19.2931,0.000432,166131.2,12.8622,0.000282,153297.7,10.4542,0.000221,147814.8,7.228,0.000144
20261008,1707,葡萄王,135580.0,156126.0,185072.0,359919.0,164270.0,291489.0,271255.0,427733.0,132935.0,155461.0,286339.0,182970.0,305573.0,118639.0,232551.0,345389.0,827212.0,850789.0,208600.0,279262.0,282713.0,291036.0,179864.0,438654.0,383215.0,475735.0,3701698.0,522961.0,395634.0,648712.0,158926.0,28.4367,0.000655,200193.4,13.5449,0.000351,227984.0,5.9469,0.000183,227060.8,3.9807,0.000119,295858.2,2.2913,9.3e-05,441246.2,1.0242,6.1e-05
20261008,1708,東鹼,4941677.0,4765830.0,5833629.0,7899714.0,11141339.0,3644386.0,7804224.0,4663111.0,7343032.0,1156291.0,1496143.0,1266067.0,2260291.0,4464810.0,2020634.0,873025.0,1115778.0,1541659.0,1792173.0,1388716.0,1711870.0,2399428.0,2355430.0,4127503.0,2556509.0,2386771.0,2605522.0,3674497.0,2265585.0,3090076.0,5180378.67,31.7974,0.023858,6916437.8,14.2897,0.012789,5919323.3,8.3484,0.006666,4713411.87,6.9895,0.004343,3870626.45,6.3836,0.003404,3486190.67,4.725,0.002214
20261008,1709,和益,10954186.0,45441633.0,70924328.0,19250830.0,33307380.0,28453763.0,46895616.0,27159406.0,48879995.0,84777905.0,82848609.0,27383341.0,48187619.0,35011882.0,21302413.0,8469055.0,10314662.0,16271099.0,17937535.0,13704688.0,6585442.0,6337416.0,8132636.0,11959315.0,14108956.0,31426363.0,12716527.0,22958086.0,26503787.0,19572536.0,42440049.0,8.6037,0.052885,35975671.4,6.0898,0.028349,41604504.2,2.6329,0.014777,42051927.07,1.7366,0.009627,34873797.25,1.5705,0.007546,28592566.97,1.277,0.004907
20261008,1710,東聯,10748489.0,6111456.0,3873457.0,9000978.0,8257693.0,5875087.0,4001262.0,3644785.0,3365755.0,8187404.0,4911161.0,7132841.0,6039871.0,11642598.0,4330157.0,3352053.0,4907476.0,3321973.0,3480031.0,4919273.0,4191097.0,3974900.0,8694844.0,7836930.0,3912558.0,5853815.0,6149644.0,2332030.0,4649550.0,4905210.0,6911134.0,51.8414,0.051892,7598414.6,28.2914,0.027816,6306636.6,17.0431,0.014499,6474866.27,11.0669,0.009446,5855190.0,9.1786,0.007405,5653479.27,6.3374,0.004815
20261008,1711,永光,37952905.0,57037696.0,37734899.0,21865293.0,11775512.0,2699361.0,4703451.0,5053634.0,1949606.0,2519933.0,2832909.0,2092822.0,2704394.0,4245817.0,2924715.0,2825800.0,2550921.0,2395790.0,2446392.0,2080850.0,3919965.0,4512022.0,3891631.0,4036152.0,2935452.0,5016396.0,5378570.0,7383604.0,21854698.0,10820094.0,44241833.33,28.595,0.183231,33273261.0,22.8129,0.09822,18329229.0,20.7062,0.051196,13206196.47,19.1591,0.033354,10519635.0,18.0391,0.026146,9338042.8,13.5478,0.017002
20261008,1712,興農,447811.0,283408.0,295675.0,400889.0,300337.0,364657.0,315842.0,586602.0,335237.0,390531.0,535474.0,269013.0,641546.0,294839.0,836043.0,366057.0,657882.0,693279.0,616776.0,514224.0,892009.0,615342.0,594127.0,1149667.0,2029300.0,759266.0,9180588.0,653544.0,701818.0,872219.0,342298.0,43.6083,0.002162,345624.0,25.9132,0.001159,372098.9,12.0347,0.000604,419860.27,7.1105,0.000394,457306.1,4.8962,0.000308,886466.73,1.6839,0.000201
20261008,1713,國化,80332.0,142317.0,284281.0,970272.0,89627.0,86205.0,341316.0,123591.0,62930.0,127620.0,143415.0,295496.0,444606.0,258089.0,215929.0,440957.0,813708.0,147942.0,133490.0,948485.0,91091.0,222139.0,744550.0,483515.0,390940.0,301225.0,100906.0,158284.0,40681.0,62529.0,168976.67,15.8468,0.000388,313365.8,5.127,0.000208,230849.1,3.4798,0.000108,244401.73,2.1913,7.1e-05,307530.4,1.3061,5.5e-05,291548.93,0.9185,3.6e-05
20261008,1714,和桐,76779487.0,89527508.0,99857561.0,49600892.0,17662469.0,6256321.0,12665645.0,3601474.0,4047440.0,5402783.0,7400591.0,6256933.0,7933467.0,10370991.0,5865650.0,5071270.0,13245531.0,19762675.0,5388612.0,7543179.0,5029928.0,7910221.0,9337144.0,21319110.0,57476427.0,30675263.0,9957194.0,8101279.0,12393577.0,6063768.0,88721518.67,28.8466,0.37068,66685583.4,23.0273,0.198701,36540158.0,21.0124,0.103571,26881947.47,19.0412,0.067476,22712023.95,16.9028,0.052893,20750146.33,12.334,0.034395
20261008,1717,長興,6250878.0,8535860.0,9326246.0,11553798.0,12620953.0,7328417.0,11731553.0,6975970.0,4319467.0,4970764.0,4480652.0,3909748.0,6856264.0,6176640.0,7073755.0,4705926.0,8551098.0,4923000.0,6961436.0,6055044.0,7878136.0,17250969.0,23667655.0,18887972.0,25403252.0,52664043.0,53441718.0,29123952.0,33931583.0,7655120.0,8037661.33,25.9233,0.030178,9657547.0,12.9451,0.016177,8361390.6,7.4759,0.008432,7474064.33,5.5756,0.005493,7165373.45,4.3619,0.004306,13773728.97,1.5128,0.0028
20261008,1718,中纖,101238253.0,23717182.0,26373911.0,42928384.0,10159044.0,10229352.0,16182557.0,5005317.0,5447791.0,6181247.0,10222817.0,8391918.0,13481923.0,20789291.0,6566522.0,6493005.0,10779539.0,12521222.0,11453593.0,22005620.0,9237489.0,11225884.0,17782501.0,20408995.0,16412705.0,60760449.0,13572483.0,14422709.0,25359904.0,15325407.0,50443115.33,66.8993,0.488763,40883354.8,49.5254,0.261999,24746303.8,40.9105,0.136565,20461033.93,32.9857,0.088972,18508424.4,27.3492,0.069743,19155900.47,17.6165,0.045352
20261008,1720,生達,701718.0,106810.0,114654.0,305488.0,142978.0,74151.0,92624.0,125048.0,56600.0,117836.0,434288.0,90820.0,143095.0,91034.0,151263.0,73488.0,108454.0,183746.0,126593.0,219725.0,223193.0,192955.0,138309.0,365073.0,233088.0,383243.0,176835.0,214632.0,183787.0,83029.0,307727.33,76.0108,0.003388,274329.6,51.1588,0.001816,183790.7,38.1803,0.000947,183227.13,25.5318,0.000617,173020.65,20.2784,0.000483,188485.23,12.4098,0.000314
20261008,1721,國慶科技,3798381.0,4598549.0,8727609.0,3390748.0,4630528.0,3409492.0,3916189.0,4078788.0,864008.0,1262883.0,3133290.0,2190831.0,668329.0,794138.0,410586.0,501644.0,510534.0,796291.0,1601298.0,4812293.0,1839015.0,1221625.0,445734.0,582005.0,598004.0,1120179.0,632784.0,467433.0,818271.0,641561.0,5708179.67,22.1809,0.018338,5029163.0,15.1054,0.00983,3867717.5,9.8207,0.005124,3058289.93,8.28,0.003338,2704820.45,7.0215,0.002617,2082100.67,6.081,0.001702
20261008,1722,台肥,1647257.0,1588591.0,1759989.0,2959615.0,1659085.0,1602478.0,1760588.0,2888528.0,5078445.0,2718060.0,4556677.0,2388742.0,2823597.0,2303922.0,2620903.0,3554623.0,3543050.0,5066091.0,5272241.0,3627958.0,1496267.0,2518924.0,1890696.0,3504176.0,2021713.0,6053189.0,3737996.0,1545800.0,1406584.0,1808901.0,1665279.0,32.9726,0.007953,1922907.4,17.133,0.004263,2366263.6,6.9614,0.002222,2557098.47,4.2946,0.001448,2971022.0,2.7722,0.001135,2846822.87,1.9288,0.000738
20261008,1723,中碳,1198628.0,270203.0,253662.0,313552.0,295906.0,767219.0,381879.0,536994.0,217702.0,288002.0,416306.0,288703.0,505154.0,415017.0,910872.0,274991.0,504494.0,508597.0,935087.0,685279.0,513244.0,1171448.0,822693.0,937734.0,253144.0,580635.0,310642.0,369478.0,466097.0,327767.0,574164.33,69.5868,0.005787,466390.2,51.4002,0.003102,452374.7,26.4964,0.001617,470653.27,16.9782,0.001053,498412.35,12.0245,0.000826,524037.63,7.6243,0.000537
20261008,1725,元禎,134679.0,48175.0,85386.0,398416.0,124234.0,38197.0,36001.0,40001.0,40528.0,122318.0,70892.0,76595.0,45317.0,115368.0,55864.0,51131.0,23360.0,48157.0,20261.0,86428.0,22211.0,55478.0,40132.0,43230.0,12500.0,17000.0,20177.0,16607.0,74888.0,35026.0,89413.33,50.2084,0.00065,158178.0,17.0288,0.000349,106793.5,12.6112,0.000182,95464.73,9.4051,0.000118,83065.4,8.1068,9.3e-05,66618.57,6.7388,6e-05
20261008,1726,永記,15357.0,29150.0,49342.0,31779.0,28230.0,13130.0,13203.0,18289.0,89465.0,4094.0,16236.0,24247.0,18252.0,18203.0,31765.0,18872.0,17502.0,20643.0,17254.0,25074.0,49512.0,28858.0,14000.0,12514.0,14405.0,25554.0,34315.0,8018.0,91703.0,29164.0,31283.0,16.3635,7.4e-05,30771.6,9.9813,4e-05,29203.9,5.2585,2.1e-05,26716.13,3.8321,1.3e-05,25004.35,3.0709,1.1e-05,26937.67,1.9003,7e-06
20261008,1727,中華化,11024240.0,7556204.0,21867123.0,22433842.0,35901281.0,18550381.0,29883184.0,29773336.0,47932996.0,21402346.0,6851763.0,7483460.0,16587496.0,15353455.0,8782788.0,2685038.0,1593169.0,1398176.0,1132611.0,1513988.0,1525491.0,4256734.0,5890316.0,3460712.0,3187873.0,7631288.0,10204032.0,7805835.0,8155741.0,6360155.0,13482522.33,27.2556,0.053223,19756538.0,11.1601,0.02853,24632493.3,4.4755,0.014871,20092259.67,3.6579,0.009688,15485343.85,3.5596,0.007595,12272835.13,2.9942,0.004939
20261008,1730,花仙子,35955.0,26831.0,22026.0,48042.0,18685.0,29960.0,33165.0,21368.0,25846.0,13718.0,8403.0,19014.0,8477.0,10427.0,40253.0,23148.0,21404.0,16988.0,29899.0,21914.0,23710.0,22822.0,12078.0,25802.0,15608.0,39540.0,41789.0,7067.0,88012.0,69587.0,28270.67,42.3938,0.000174,30307.8,23.7266,9.3e-05,27559.6,13.0463,4.9e-05,24144.67,9.9277,3.2e-05,23776.15,7.5611,2.5e-05,27384.6,4.3765,1.6e-05
20261008,1731,美吾華,158100.0,122448.0,75988.0,91388.0,69832.0,67690.0,201621.0,131235.0,55387.0,113052.0,69803.0,65272.0,73985.0,69247.0,73843.0,45977.0,48207.0,69198.0,56650.0,60415.0,65748.0,90930.0,98682.0,92491.0,133339.0,79037.0,35584.0,98534.0,89647.0,73684.0,118845.33,44.3433,0.000763,103551.2,30.5356,0.000409,108674.1,14.5481,0.000213,95926.07,10.9876,0.000139,85966.9,9.1954,0.000109,85900.47,6.135,7.1e-05
20261008,1732,毛寶,3297598.0,657201.0,282013.0,41014.0,58313.0,34514.0,181113.0,56322.0,14268.0,53654.0,77928.0,46145.0,30196.0,47577.0,48035.0,39067.0,52211.0,51319.0,73155.0,64662.0,103402.0,175490.0,40655.0,82436.0,57684.0,170965.0,98517.0,86360.0,67732.0,209300.0,1412270.67,77.8321,0.01592,867227.8,76.0492,0.008534,467601.0,70.5216,0.004448,328392.73,66.9442,0.002898,260315.25,63.3385,0.002272,209961.53,52.3524,0.001477
20261008,1733,五鼎,54319.0,160289.0,136570.0,111959.0,123350.0,79199.0,106719.0,269231.0,39270.0,47428.0,57023.0,58760.0,83419.0,38485.0,261960.0,114872.0,77726.0,67040.0,78008.0,68534.0,135410.0,262718.0,246259.0,159208.0,131033.0,89934.0,158797.0,109595.0,118128.0,112519.0,117059.33,15.4677,0.000262,117297.4,9.2618,0.000141,112833.4,4.8141,7.3e-05,108532.07,3.3366,4.8e-05,101708.05,2.6703,3.7e-05,118592.07,1.5268,2.4e-05
20261008,1734,杏輝,216846.0,118663.0,179438.0,190051.0,158011.0,157024.0,107102.0,128119.0,168535.0,164067.0,165583.0,355060.0,214826.0,138861.0,440505.0,163938.0,156837.0,135143.0,97296.0,168289.0,165140.0,584301.0,117624.0,152828.0,104551.0,283596.0,147449.0,289351.0,342547.0,425887.0,171649.0,42.1104,0.001047,172601.8,25.1267,0.000561,158785.6,13.6565,0.000293,193512.73,7.4705,0.000191,181209.7,5.9833,0.000149,207915.6,3.4765,9.7e-05
20261008,1735,日勝化,433557.0,382047.0,1339132.0,899047.0,356656.0,51610.0,31602.0,16457.0,19721.0,69412.0,25090.0,33666.0,88184.0,69879.0,31356.0,72692.0,57524.0,22207.0,57947.0,31731.0,38493.0,56305.0,39609.0,106170.0,81118.0,315453.0,52662.0,65186.0,257251.0,72189.0,718245.33,20.1211,0.002093,682087.8,12.7126,0.001122,359924.1,12.0458,0.000585,256494.4,11.2688,0.000381,204475.85,10.6017,0.000299,172465.1,8.3796,0.000194
20261008,1736,喬山,460026.0,983309.0,570943.0,738952.0,733151.0,100252.0,270466.0,398602.0,287781.0,192997.0,415976.0,392367.0,768796.0,651676.0,467246.0,274367.0,649937.0,372843.0,137113.0,722899.0,103834.0,166070.0,137123.0,648932.0,589606.0,607155.0,255767.0,464503.0,128787.0,182078.0,671426.0,22.8383,0.002221,697276.2,13.1949,0.001191,473647.9,9.7124,0.000621,495502.67,6.1894,0.000404,479484.95,4.7971,0.000317,429118.47,3.5734,0.000206
20261008,1737,臺鹽,76254.0,102845.0,192845.0,158616.0,114492.0,102338.0,150145.0,192863.0,86952.0,179487.0,364911.0,1267842.0,4382074.0,85609.0,143047.0,235619.0,385383.0,209614.0,168161.0,169691.0,204581.0,293205.0,282361.0,151239.0,220962.0,208062.0,189653.0,207144.0,164515.0,203750.0,123981.33,20.5015,0.000368,129010.4,11.8214,0.000197,135683.7,5.62,0.000103,506688.0,1.0033,6.7e-05,438439.4,0.8696,5.3e-05,363142.0,0.6999,3.4e-05
20261008,1752,南光,357648.0,34167.0,63048.0,52638.0,28198.0,66550.0,27600.0,30284.0,30214.0,43347.0,32421.0,27320.0,30247.0,46342.0,10321.0,63210.0,27777.0,35378.0,48000.0,39461.0,33745.0,46469.0,29128.0,40108.0,39296.0,23103.0,30321.0,55022.0,31040.0,69294.0,151621.0,78.6276,0.001727,107139.8,66.7629,0.000926,73369.4,48.7462,0.000482,58689.67,40.6259,0.000314,54708.55,32.6867,0.000246,49723.23,23.9759,0.00016
20261008,1760,寶齡富錦,441810.0,73604.0,94654.0,154482.0,58808.0,117063.0,105446.0,95411.0,54952.0,53873.0,109732.0,64536.0,178161.0,77760.0,130258.0,102984.0,93816.0,189293.0,157290.0,35965.0,134950.0,104577.0,155052.0,251879.0,214574.0,129263.0,113827.0,72759.0,103098.0,45231.0,203356.0,72.4198,0.002133,164671.6,53.6595,0.001143,125010.3,35.3419,0.000596,120703.33,24.402,0.000388,119494.9,18.4866,0.000304,123836.93,11.8923,0.000198
20261008,1762,中化生,377874.0,50606.0,37447.0,32699.0,47483.0,22332.0,51529.0,41752.0,17231.0,46450.0,83937.0,29739.0,53487.0,56107.0,34475.0,30739.0,51356.0,154069.0,28462.0,188872.0,67508.0,113954.0,99270.0,94060.0,138157.0,66169.0,75670.0,74783.0,74660.0,58572.0,155309.0,81.1015,0.001824,109221.8,69.1939,0.000978,72540.3,52.0916,0.00051,65543.2,38.4351,0.000332,71832.3,26.3025,0.00026,76648.3,16.4332,0.000169
20261008,1773,勝一,801411.0,1401435.0,1352749.0,2509063.0,728973.0,512879.0,1291274.0,908342.0,385456.0,1034004.0,653800.0,214448.0,455247.0,633018.0,261687.0,284373.0,471819.0,340739.0,426420.0,348596.0,1209298.0,508877.0,432260.0,712542.0,1603077.0,2984887.0,869625.0,147122.0,409915.0,231040.0,1185198.33,22.5394,0.003869,1358726.2,11.7965,0.002074,1092558.6,7.3352,0.001081,876252.4,6.0973,0.000704,750786.65,5.3371,0.000552,804145.87,3.322,0.000359
20261008,1776,展宇,216492.0,40275.0,29020.0,60455.0,76962.0,29014.0,27010.0,14993.0,6001.0,14092.0,59645.0,24234.0,143396.0,166213.0,152688.0,53577.0,18575.0,53165.0,41553.0,35290.0,46535.0,31420.0,25000.0,35386.0,18220.0,20031.0,29080.0,75462.0,39023.0,30122.0,95262.33,75.7529,0.001045,84640.8,51.1555,0.00056,51431.4,42.0934,0.000292,70699.33,20.4143,0.00019,63132.5,17.1458,0.000149,53764.3,13.4223,9.7e-05
20261008,1783,和康生,109580.0,100524.0,95291.0,32749.0,20835.0,43420.0,72471.0,25800.0,20146.0,55411.0,54340.0,63311.0,100100.0,67867.0,34840.0,56653.0,99594.0,60352.0,117886.0,61179.0,34312.0,80311.0,71794.0,32786.0,91372.0,99349.0,152813.0,57182.0,55485.0,53717.0,101798.33,35.8814,0.000529,71795.8,30.5255,0.000284,57622.7,19.0168,0.000148,59779.0,12.2206,9.6e-05,64617.45,8.4791,7.5e-05,67382.33,5.4208,4.9e-05
20261008,1786,科妍,131757.0,120471.0,294560.0,238648.0,133040.0,97010.0,150930.0,92188.0,87618.0,70838.0,215914.0,126935.0,246814.0,132933.0,92785.0,75399.0,87252.0,219151.0,325262.0,368645.0,170354.0,165215.0,231246.0,546186.0,293115.0,264707.0,377064.0,173392.0,82295.0,80883.0,182262.67,24.0965,0.000636,183695.2,14.3452,0.000341,141706.0,9.2979,0.000178,148829.4,5.9019,0.000116,165407.5,3.9828,9.1e-05,189753.57,2.3145,5.9e-05
20261008,1789,神隆,445648.0,328732.0,230959.0,346126.0,416118.0,277794.0,344088.0,178229.0,295668.0,187171.0,314127.0,363137.0,1331150.0,2195512.0,274779.0,313893.0,525386.0,848728.0,816903.0,258027.0,317930.0,556821.0,347013.0,415449.0,402201.0,365379.0,316807.0,156181.0,184686.0,275986.0,335113.0,44.3281,0.002152,353516.6,25.2123,0.001153,305053.3,14.6089,0.000601,501949.2,5.9189,0.000392,514608.75,4.33,0.000307,454354.27,3.2695,0.0002
20261008,1795,美時,588145.0,1412712.0,499667.0,632333.0,610648.0,681616.0,733951.0,477261.0,420878.0,436783.0,736044.0,389932.0,672438.0,772740.0,875931.0,725132.0,542369.0,1335501.0,712244.0,714788.0,661252.0,550068.0,750900.0,899770.0,604475.0,557547.0,981268.0,1082932.0,1273374.0,897630.0,833508.0,23.5209,0.002839,748701.0,15.7111,0.001522,649399.4,9.0568,0.000793,662738.6,5.9163,0.000517,698555.65,4.2097,0.000405,741010.97,2.6457,0.000263
20261008,1802,台玻,160355371.0,108469283.0,23901898.0,23093784.0,12062573.0,15496264.0,23784387.0,7975945.0,8054096.0,16045294.0,26413098.0,19550629.0,33184205.0,23405436.0,12004130.0,10001475.0,11772428.0,11734113.0,9477446.0,11889541.0,17724258.0,21751725.0,20537951.0,52312929.0,33383550.0,35599791.0,28751184.0,59326831.0,32714591.0,67224239.0,97575517.33,54.7799,0.774172,65576581.8,48.9063,0.41499,39923889.5,40.1653,0.21631,34253092.87,31.2099,0.140926,28433569.8,28.1982,0.110469,31266614.83,17.0955,0.071834
20261008,1805,寶徠,70967.0,74369.0,61686.0,39845.0,99292.0,27124.0,129495.0,192799.0,67778.0,73301.0,337030.0,55988.0,68553.0,60136.0,30095.0,22556.0,12371.0,24302.0,44079.0,29204.0,92387.0,102120.0,38009.0,64644.0,23639.0,97139.0,51441.0,54095.0,102252.0,57212.0,69007.33,34.2799,0.000343,69231.8,20.5013,0.000184,83665.6,8.4822,9.6e-05,92563.87,5.1112,6.2e-05,76048.5,4.6659,4.9e-05,73463.6,3.2201,3.2e-05
20261008,1806,冠軍,174648.0,292392.0,291944.0,141256.0,112608.0,344515.0,151784.0,62887.0,65334.0,58785.0,161775.0,93870.0,93285.0,109692.0,56956.0,91760.0,54370.0,154451.0,78843.0,113164.0,71915.0,130537.0,333200.0,235170.0,110807.0,407694.0,200034.0,138507.0,112816.0,124977.0,252994.67,23.0108,0.000843,202569.6,17.2433,0.000452,169615.3,10.2967,0.000236,147448.73,7.8964,0.000153,135215.95,6.4581,0.00012,152332.53,3.8216,7.8e-05
20261008,1808,潤隆,597988.0,1998944.0,483294.0,844067.0,368724.0,1385047.0,690982.0,511395.0,1505021.0,4245386.0,2041741.0,1730674.0,4369682.0,2117102.0,2542566.0,1211558.0,1588085.0,2080015.0,2554064.0,2570106.0,1180519.0,1129564.0,1770833.0,2500291.0,2109015.0,3335679.0,2545863.0,2527720.0,1644881.0,2830968.0,1026742.0,19.4138,0.002887,858603.4,13.9293,0.001548,1263084.8,4.7343,0.000807,1695507.53,2.3513,0.000526,1771822.05,1.6875,0.000412,1900392.47,1.0489,0.000268
20261008,1809,中釉,2046353.0,4564309.0,2725020.0,4735060.0,11390862.0,5728368.0,19478355.0,30009242.0,7084102.0,6806938.0,3769718.0,1670248.0,2481840.0,858357.0,907335.0,778635.0,924772.0,622776.0,797629.0,1942488.0,1633625.0,843802.0,1120950.0,1153494.0,580598.0,825455.0,920277.0,1277960.0,1325200.0,2960706.0,3111894.0,21.9197,0.009879,5092320.8,8.037,0.005296,9456860.9,2.1639,0.00276,6950407.13,1.9628,0.001798,5466120.35,1.8719,0.00141,4065482.47,1.6778,0.000917
20261008,1810,和成,939503.0,1194506.0,1039139.0,1405333.0,1196051.0,1319890.0,2605886.0,1046015.0,835697.0,1182145.0,1112163.0,1257945.0,1302856.0,992140.0,1027641.0,861105.0,2063129.0,2591112.0,1275217.0,1150485.0,1919007.0,1454568.0,2477267.0,2744058.0,1717591.0,3115409.0,2878595.0,6907268.0,11036021.0,4058351.0,1057716.0,29.6079,0.004536,1154906.4,16.2698,0.002431,1276416.5,7.3605,0.001267,1230460.67,5.0903,0.000826,1319897.9,3.559,0.000647,2156869.77,1.452,0.000421
20261008,1817,凱撒衛,24242.0,51908.0,23312.0,15504.0,11057.0,16995.0,30163.0,48076.0,18513.0,16036.0,45938.0,45322.0,45500.0,14416.0,38117.0,9362.0,25240.0,14361.0,89012.0,21247.0,38077.0,97378.0,18713.0,60135.0,27099.0,37368.0,46522.0,37545.0,95429.0,37986.0,33154.0,24.3731,0.000117,25204.6,19.2362,6.3e-05,25580.6,9.4767,3.3e-05,29673.27,5.4464,2.1e-05,30216.05,4.0114,1.7e-05,36685.77,2.2027,1.1e-05
20261008,1903,士紙,39928.0,14632.0,50675.0,142154.0,48674.0,24918.0,78429.0,61723.0,39414.0,78621.0,68452.0,51232.0,156743.0,102241.0,232860.0,47531.0,76857.0,38276.0,23281.0,14461.0,92339.0,59353.0,55123.0,57462.0,83598.0,73142.0,108785.0,78730.0,55997.0,97314.0,35078.33,37.9417,0.000193,59212.6,13.4863,0.000103,57916.8,6.894,5.4e-05,79379.73,3.3533,3.5e-05,69555.1,2.8702,2.8e-05,71764.83,1.8546,1.8e-05
20261008,1904,正隆,1129953.0,2126905.0,1729839.0,1408636.0,1110300.0,2000585.0,1196699.0,2418384.0,1260898.0,904761.0,2212423.0,784060.0,1038643.0,1307142.0,2904506.0,1308734.0,1227068.0,1907342.0,3206786.0,1552906.0,1460928.0,2219831.0,1652062.0,2549770.0,1883764.0,2290195.0,2404976.0,2246288.0,2331466.0,1493357.0,1662232.33,22.6593,0.005455,1501126.6,15.0547,0.002924,1528696.0,7.3916,0.001524,1568915.6,4.8014,0.000993,1636828.5,3.4517,0.000778,1775640.23,2.1212,0.000506
20261008,1905,華紙,1054447.0,1803898.0,1428707.0,1783533.0,1196092.0,4228154.0,2106374.0,3133256.0,966312.0,1351578.0,2066362.0,1089827.0,2071205.0,1824107.0,3228321.0,1357003.0,1139329.0,1288136.0,1511941.0,1168304.0,1146696.0,1594219.0,1518467.0,2590179.0,1386888.0,1891741.0,1997603.0,1803411.0,1622380.0,1200683.0,1429017.33,24.5961,0.005091,1453335.4,14.5107,0.002729,1905235.1,5.5345,0.001422,1955478.2,3.5948,0.000927,1789844.3,2.9456,0.000726,1751638.43,2.0066,0.000472
20261008,1906,寶隆,85283.0,23517.0,53783.0,53031.0,66390.0,29188.0,68443.0,38292.0,30244.0,106819.0,30828.0,35750.0,75296.0,38036.0,32444.0,39045.0,32014.0,31309.0,37315.0,46232.0,23634.0,65700.0,16715.0,40354.0,185527.0,80297.0,25732.0,19118.0,36583.0,52809.0,54194.33,52.4551,0.000412,56400.8,30.2418,0.000221,55499.0,15.3666,0.000115,51156.27,11.1141,7.5e-05,47662.95,8.9465,5.9e-05,49990.93,5.6866,3.8e-05
20261008,1907,永豐餘,652918.0,19714348.0,425950.0,875572.0,1312879.0,1143383.0,732317.0,1306075.0,898147.0,660771.0,309793.0,633351.0,820772.0,1248099.0,547293.0,561160.0,697691.0,808765.0,704022.0,674671.0,501262.0,1675795.0,1034877.0,930587.0,589696.0,1103659.0,1107835.0,1336509.0,658320.0,1010534.0,6931072.0,3.1401,0.003152,4596333.4,2.841,0.00169,2772236.0,2.3552,0.000881,2085444.53,2.0872,0.000574,1736398.85,1.8801,0.00045,1489235.03,1.4614,0.000292
20261008,1909,榮成,984435.0,1424566.0,2455240.0,2397212.0,1620404.0,1189488.0,2014017.0,1358907.0,1046393.0,1357573.0,1254124.0,1316874.0,1400753.0,1752256.0,5104456.0,1943300.0,1736881.0,2667535.0,1679902.0,2885028.0,1563028.0,2662029.0,2960356.0,3194862.0,3918262.0,3157852.0,4407261.0,2659670.0,2407089.0,3532135.0,1621413.67,20.2382,0.004753,1776371.4,11.0837,0.002548,1584823.5,6.2116,0.001328,1778446.53,3.6902,0.000865,1879467.2,2.6189,0.000678,2268396.27,1.4466,0.000441
20261008,2002,中鋼,26713014.0,22428217.0,18407918.0,26859457.0,21124095.0,38390897.0,90608564.0,36951740.0,20491440.0,25706691.0,29039115.0,28536026.0,25507630.0,17570221.0,26366296.0,30609530.0,24252702.0,26834303.0,21754648.0,33490444.0,20868836.0,15934299.0,14449723.0,28510563.0,23684321.0,25957801.0,33828536.0,22552912.0,16519030.0,25294148.0,22516383.0,39.546,0.128966,23106540.2,23.1216,0.069132,32768203.3,8.1521,0.036034,30313421.4,5.8748,0.023476,29582147.4,4.5151,0.018403,27308103.9,3.2607,0.011967
20261008,2002A,中鋼特,5187.0,23656.0,15545.0,7140.0,1355.0,21557.0,9412.0,24789.0,6050.0,41214.0,39206.0,21691.0,26979.0,27005.0,2165.0,5192.0,11234.0,7081.0,32945.0,16518.0,4160.0,14230.0,7098.0,9000.0,12000.0,33280.0,26093.0,21335.0,13653.0,14258.0,14796.0,11.6856,2.5e-05,10576.6,9.8084,1.3e-05,15590.5,3.327,7e-06,18196.73,1.9003,5e-06,17296.05,1.4995,4e-06,16700.93,1.0353,2e-06
20261008,2006,東和鋼鐵,761729.0,1718705.0,778239.0,723099.0,1100589.0,2447124.0,2294770.0,1997985.0,1650426.0,1864183.0,1510596.0,1618283.0,4908459.0,4340270.0,1894701.0,1149181.0,785685.0,1099446.0,604850.0,993144.0,768679.0,1203974.0,1379368.0,2194133.0,1682696.0,2753837.0,2299980.0,937158.0,1322716.0,1337607.0,1086224.33,23.3754,0.003678,1016472.2,14.9877,0.001971,1533684.9,4.9667,0.001028,1973943.87,2.5726,0.000669,1712073.2,2.2246,0.000525,1670720.4,1.5198,0.000341
20261008,2007,燁興,81454.0,90976.0,196392.0,151385.0,141935.0,231238.0,300167.0,283063.0,147204.0,98897.0,63147.0,94590.0,117621.0,71544.0,493222.0,253053.0,125472.0,253955.0,228153.0,182720.0,209694.0,86314.0,109271.0,149678.0,275231.0,128315.0,209311.0,173137.0,198441.0,159232.0,122940.67,22.0849,0.000393,132428.4,12.3016,0.000211,172271.1,4.7282,0.00011,170855.67,3.1783,7.2e-05,180309.4,2.2587,5.6e-05,176827.07,1.5355,3.6e-05
20261008,2008,高興昌,10195.0,6143.0,53084.0,9124.0,8317.0,5244.0,14409.0,13251.0,12658.0,31823.0,7313.0,13780.0,19411.0,22278.0,4324.0,39282.0,5673.0,8000.0,4649.0,16552.0,10963.0,19624.0,12343.0,4936.0,11425.0,5006.0,8026.0,9003.0,12689.0,34483.0,23140.67,14.6855,4.9e-05,17372.6,11.7369,2.6e-05,16424.8,6.2071,1.4e-05,15423.6,4.4067,9e-06,15275.5,3.337,7e-06,14466.93,2.349,5e-06
20261008,2009,第一銅,600197.0,1127269.0,685557.0,1213551.0,760206.0,1229356.0,2129405.0,1672790.0,874995.0,2769971.0,1745085.0,955791.0,989716.0,784797.0,1630917.0,868888.0,1480461.0,2623563.0,3960588.0,3874271.0,4686373.0,1261781.0,1090587.0,1487527.0,1701763.0,1469239.0,1510620.0,2704350.0,8357969.0,6315401.0,804341.0,24.8732,0.002898,877356.0,13.6819,0.001553,1306329.7,4.5945,0.00081,1277973.53,3.131,0.000527,1598868.7,1.8769,0.000413,2085432.8,0.9593,0.000269
20261008,2010,春源,574235.0,439284.0,533612.0,910469.0,533716.0,1526972.0,2630914.0,1729221.0,1464117.0,418107.0,951177.0,790708.0,678992.0,666352.0,560308.0,544328.0,812456.0,874433.0,360446.0,637521.0,662880.0,1171661.0,803093.0,813247.0,763497.0,1057476.0,521306.0,851474.0,898953.0,638183.0,515710.33,37.1161,0.002772,598263.2,19.1967,0.001486,1076064.7,5.3364,0.000775,960545.6,3.9855,0.000505,881868.4,3.2558,0.000396,860637.93,2.2241,0.000257
20261008,2012,春雨,67409.0,49409.0,116191.0,40269.0,24841.0,29406.0,83056.0,77143.0,29915.0,13966.0,19553.0,157819.0,53003.0,87049.0,36658.0,22527.0,56557.0,63412.0,63770.0,34338.0,59916.0,44546.0,66317.0,71150.0,38151.0,43485.0,97510.0,32993.0,33375.0,54076.0,77669.67,28.9298,0.000325,59623.8,22.6114,0.000174,53160.5,12.6803,9.1e-05,59045.8,7.6109,5.9e-05,56314.55,5.985,4.6e-05,55593.67,4.0418,3e-05
20261008,2013,中鋼構,31132.0,33156.0,49356.0,29632.0,33007.0,32397.0,65633.0,49044.0,61624.0,45055.0,26011.0,24787.0,111790.0,19243.0,42809.0,33224.0,57504.0,78979.0,32988.0,60835.0,134269.0,50898.0,46346.0,37157.0,43193.0,43166.0,55638.0,82887.0,83994.0,70009.0,37881.33,27.3943,0.00015,35256.6,17.6602,8.1e-05,43003.6,7.2394,4.2e-05,43645.07,4.7553,2.7e-05,45910.3,3.3905,2.1e-05,52192.1,1.9883,1.4e-05
20261008,2014,中鴻,1025766.0,730292.0,1156672.0,2253453.0,1520901.0,2893468.0,6303314.0,4542538.0,3896414.0,1927835.0,1271444.0,830007.0,1533951.0,1131865.0,1070824.0,2321052.0,2313645.0,3238938.0,1492045.0,1541847.0,1600249.0,1382576.0,1688324.0,1558220.0,1663892.0,1278787.0,1672219.0,1872870.0,981261.0,1077444.0,970910.0,35.2167,0.004952,1337416.8,15.3395,0.002655,2625065.3,3.9076,0.001384,2139249.6,3.1967,0.000901,2149813.55,2.3857,0.000707,1925737.1,1.7755,0.00046
20261008,2015,豐興,59901.0,153057.0,160809.0,134639.0,199291.0,75885.0,269520.0,269986.0,41321.0,35024.0,101609.0,161695.0,452795.0,59466.0,259913.0,89765.0,112337.0,187687.0,112847.0,58228.0,157287.0,203579.0,191579.0,122241.0,172230.0,172224.0,170547.0,217118.0,239527.0,126816.0,124589.0,16.0263,0.000289,141539.4,8.4642,0.000155,139943.3,4.2804,8.1e-05,162327.4,2.4601,5.3e-05,149788.75,1.9995,4.1e-05,158964.1,1.2561,2.7e-05
20261008,2017,官田鋼,281258.0,247295.0,692033.0,234208.0,254004.0,252574.0,971752.0,372566.0,340921.0,264985.0,630161.0,233888.0,568646.0,282016.0,509293.0,340434.0,318103.0,515988.0,269057.0,275382.0,245375.0,1034788.0,588119.0,577725.0,354544.0,769405.0,638463.0,1886553.0,7055837.0,267413.0,406862.0,23.0429,0.001358,341759.6,16.4594,0.000728,391159.6,7.1904,0.000379,409040.0,4.584,0.000247,392728.2,3.5808,0.000194,709092.87,1.3221,0.000126
20261008,2020,美亞,1138783.0,1847439.0,2224002.0,4703196.0,7080440.0,21074637.0,5306101.0,5753984.0,739085.0,218521.0,191146.0,253900.0,245311.0,131259.0,139736.0,387958.0,204203.0,425719.0,221731.0,172522.0,354285.0,423339.0,261361.0,407631.0,566264.0,174997.0,110322.0,126964.0,211233.0,291769.0,1736741.33,21.8567,0.005498,3398772.0,6.7011,0.002947,5008618.8,2.2736,0.001536,3403169.33,2.2308,0.001001,2622983.65,2.1708,0.000785,1846261.27,2.056,0.00051
20261008,2022,聚亨,249482.0,221667.0,145811.0,164872.0,300624.0,208884.0,198729.0,301203.0,202948.0,196894.0,214037.0,224423.0,303045.0,245712.0,341830.0,310625.0,247429.0,399192.0,188168.0,236441.0,214036.0,454715.0,221339.0,230430.0,226653.0,320656.0,207574.0,222689.0,364547.0,184265.0,205653.33,40.4373,0.001204,216491.2,23.0478,0.000646,219111.4,11.3861,0.000337,234677.4,7.0872,0.000219,245100.8,5.0894,0.000172,251630.67,3.3049,0.000112
20261008,2023,燁輝,1001124.0,433037.0,501944.0,691501.0,1588195.0,1896256.0,1279312.0,1159080.0,765267.0,441676.0,786965.0,847867.0,2143416.0,748868.0,2070388.0,1486524.0,454384.0,893275.0,1308048.0,656027.0,1092052.0,680478.0,743607.0,440101.0,600821.0,1645680.0,2234947.0,1862415.0,748625.0,1186944.0,645368.33,51.7081,0.004833,843160.2,23.7469,0.002591,975739.2,10.2602,0.00135,1090326.4,6.1212,0.00088,1057657.7,4.7327,0.00069,1079627.47,3.091,0.000448
20261008,2024,志聯,74329.0,7873.0,14245.0,4305.0,25046.0,43413.0,12230.0,5397.0,8661.0,10336.0,12185.0,6455.0,14007.0,23317.0,5014.0,14997.0,3709.0,47.0,7008.0,3019.0,10921.0,91926.0,6052.0,27663.0,2961.0,3012.0,12782.0,20616.0,5292.0,7684.0,32149.0,77.0672,0.000359,25159.6,59.086,0.000192,20583.5,36.111,0.0001,17787.53,27.8581,6.5e-05,14779.65,25.1457,5.1e-05,16150.07,15.3413,3.3e-05
20261008,2025,千興,1017837.0,776423.0,878427.0,1647730.0,1807131.0,4380086.0,4961003.0,2029531.0,1899021.0,325287.0,514000.0,221716.0,195227.0,435184.0,336897.0,392957.0,246020.0,239496.0,260319.0,191765.0,450964.0,480522.0,254736.0,320993.0,171256.0,571189.0,723642.0,777077.0,481258.0,1185821.0,890895.67,38.0829,0.004914,1225509.6,16.6108,0.002634,1972247.6,5.1608,0.001373,1428366.67,4.7506,0.000895,1137802.85,4.4728,0.000701,939117.17,3.6127,0.000456
20261008,2027,大成鋼,11775779.0,8402153.0,5175725.0,10667229.0,6962195.0,15670981.0,9157975.0,12474332.0,10270252.0,7729284.0,8426590.0,5906011.0,12398697.0,10660209.0,14323752.0,12037554.0,9155087.0,20851259.0,20158807.0,14231298.0,12192930.0,20652125.0,17349221.0,11064729.0,7500145.0,12934911.0,16409254.0,10383787.0,17970345.0,10774807.0,8451219.0,46.4461,0.056852,8596616.2,27.3963,0.030475,9828590.5,11.9811,0.015885,10000077.6,7.8505,0.010349,11321758.45,5.2005,0.008112,12122247.43,3.2381,0.005275
20261008,2028,威致,44860.0,66103.0,94999.0,88855.0,118121.0,237108.0,453189.0,224787.0,214794.0,47914.0,65441.0,130980.0,32252.0,102070.0,54946.0,65002.0,61710.0,103062.0,148928.0,31054.0,133372.0,84292.0,65045.0,45808.0,74344.0,62113.0,75618.0,62000.0,116649.0,74350.0,68654.0,21.7807,0.000217,82587.6,10.8636,0.000116,159073.0,2.8201,6.1e-05,131761.27,2.2698,3.9e-05,119308.75,1.88,3.1e-05,105992.2,1.4108,2e-05
20261008,2029,盛餘,95773.0,122405.0,188270.0,407904.0,421708.0,510760.0,947984.0,824545.0,302641.0,222001.0,138800.0,428143.0,209508.0,335538.0,308823.0,326731.0,234764.0,363703.0,417759.0,278430.0,606380.0,517674.0,325010.0,112236.0,532250.0,317963.0,131657.0,262903.0,327034.0,342490.0,135482.67,23.5634,0.000462,247212.0,7.7482,0.000248,404399.1,2.3683,0.000129,364320.2,1.7525,8.4e-05,354309.5,1.3515,6.6e-05,352059.57,0.9068,4.3e-05
20261008,2030,彰源,4837136.0,6649614.0,4541337.0,10396704.0,10265128.0,70647596.0,19477677.0,5239284.0,17985774.0,26837816.0,11042702.0,3483382.0,6056164.0,2176915.0,2808902.0,2317619.0,1149509.0,2375000.0,2619602.0,2243136.0,4564495.0,2364622.0,2348312.0,2669737.0,1793271.0,1615166.0,1683487.0,2392381.0,2534658.0,4476395.0,5342695.67,30.1791,0.023353,7337983.8,13.1838,0.012518,17687806.6,2.7347,0.006525,13496408.73,2.3893,0.004251,10657549.85,2.2693,0.003332,7986450.7,2.0189,0.002167
20261008,2031,新光鋼,222384.0,327117.0,417836.0,586929.0,815316.0,753695.0,1042897.0,1842390.0,819549.0,386971.0,1427135.0,238936.0,836588.0,430643.0,947969.0,228735.0,503244.0,506003.0,421992.0,389631.0,348694.0,608991.0,808729.0,471983.0,446344.0,451905.0,715715.0,722590.0,814707.0,899118.0,322445.67,22.9893,0.001074,473916.4,9.3849,0.000576,721508.4,3.0822,0.0003,739757.0,2.0041,0.000195,657298.0,1.6917,0.000153,647824.53,1.1443,0.0001
20261008,2032,新鋼,455182.0,1487123.0,1198852.0,2399703.0,2800552.0,5176631.0,8296361.0,12313640.0,3573551.0,626370.0,1139914.0,153099.0,483364.0,248449.0,514042.0,300586.0,265487.0,216285.0,144214.0,225191.0,179347.0,338601.0,320444.0,374053.0,200001.0,126206.0,230291.0,172096.0,232856.0,420725.0,1047052.33,14.4909,0.002198,1668282.4,5.4569,0.001178,3832796.5,1.1876,0.000614,2724455.53,1.1138,0.0004,2100929.8,1.0833,0.000314,1487107.2,1.0203,0.000204
20261008,2033,佳大,628724.0,989442.0,1431191.0,7940687.0,1044136.0,1489009.0,3593142.0,5178933.0,3052504.0,5864273.0,1365679.0,4526603.0,4589786.0,3407460.0,1238288.0,768559.0,1949742.0,1191652.0,1191715.0,1767984.0,531067.0,1215744.0,1673188.0,1081739.0,736850.0,3447898.0,4341648.0,3683348.0,785230.0,648626.0,1016452.33,20.6182,0.003035,2406836.0,5.2245,0.001627,3121204.1,2.0144,0.000848,3089323.8,1.3568,0.000553,2660475.45,1.1816,0.000433,2378494.9,0.8811,0.000282
20261008,2034,允強,2345348.0,3786366.0,4409100.0,4692948.0,5400624.0,9284967.0,18962893.0,17704386.0,8643926.0,3451168.0,7254339.0,950186.0,2245758.0,1511513.0,751327.0,1226459.0,496105.0,584277.0,757821.0,1014365.0,1114968.0,1589618.0,3109891.0,969221.0,983956.0,1336181.0,901332.0,942078.0,824322.0,1252606.0,3513604.67,22.2502,0.011323,4126877.2,11.3662,0.00607,7868172.6,2.9808,0.003164,6092989.93,2.5662,0.002061,4773693.8,2.4565,0.001616,3616601.63,2.1616,0.001051
20261008,2038,海光,97387.0,211046.0,307064.0,315836.0,255303.0,474343.0,747233.0,1265575.0,609228.0,221021.0,172860.0,140962.0,102447.0,82819.0,125488.0,299531.0,134724.0,103108.0,90790.0,105602.0,205429.0,257650.0,239542.0,124151.0,114043.0,94412.0,119199.0,161543.0,192940.0,216969.0,205165.67,15.8225,0.00047,237327.2,8.207,0.000252,450403.6,2.1622,0.000131,341907.47,1.8989,8.6e-05,293118.35,1.6612,6.7e-05,252941.5,1.2834,4.4e-05
20261008,2049,上銀,2461024.0,3604925.0,3514853.0,4839198.0,1577341.0,1302617.0,1637089.0,2189754.0,1357804.0,1690522.0,1648560.0,1300568.0,2691002.0,2515565.0,2282437.0,5290726.0,9175490.0,8834128.0,3704993.0,8565244.0,2971158.0,3895952.0,4629639.0,3382843.0,5084000.0,3172854.0,2579042.0,3576644.0,3367874.0,2091342.0,3193600.67,25.687,0.011881,3199468.2,15.384,0.006369,2417512.7,10.18,0.00332,2307550.6,7.1101,0.002163,3509192.0,3.5065,0.001695,3497839.6,2.3453,0.001102
20261008,2059,川湖,2003115.0,414071.0,748928.0,560379.0,500503.0,339243.0,375310.0,448531.0,417513.0,350946.0,420250.0,542518.0,486160.0,453913.0,454477.0,211570.0,240070.0,399167.0,287031.0,471884.0,1284516.0,300806.0,476556.0,651444.0,439034.0,341901.0,982861.0,433751.0,382810.0,501767.0,1055371.33,63.2673,0.009671,845399.2,47.3886,0.005184,615853.9,32.5258,0.002702,567723.8,23.5222,0.00176,506278.95,19.7827,0.00138,530700.83,12.5816,0.000897
20261008,2062,橋椿,192123.0,129794.0,117593.0,124114.0,117000.0,111204.0,51090.0,150971.0,62247.0,69090.0,95950.0,369068.0,99689.0,200683.0,117031.0,88301.0,188406.0,161586.0,472977.0,634794.0,307101.0,133001.0,129659.0,252098.0,102371.0,128477.0,97988.0,88247.0,166307.0,103203.0,146503.33,43.713,0.000928,136124.8,28.2275,0.000497,112522.6,17.0742,0.000259,133843.13,9.5696,0.000169,177685.55,5.4063,0.000132,168738.77,3.7953,8.6e-05
20261008,2069,運錩,591581.0,797693.0,1828723.0,1410035.0,1068140.0,1821078.0,2227220.0,2256458.0,1991600.0,3367765.0,4747216.0,648408.0,986308.0,1277466.0,962714.0,1388503.0,2163882.0,3483002.0,1871513.0,3739663.0,2647458.0,528856.0,276772.0,345942.0,459296.0,431714.0,502175.0,530262.0,1149242.0,1296332.0,1072665.67,18.3835,0.002856,1139234.4,10.3856,0.001531,1736029.3,3.4077,0.000798,1732160.33,2.2769,0.00052,1931448.4,1.5314,0.000408,1559900.57,1.2641,0.000265
20261008,2072,世紀風電,106544.0,142796.0,79354.0,370954.0,118437.0,207748.0,123671.0,261627.0,229616.0,96080.0,192369.0,224196.0,245780.0,267657.0,160617.0,157128.0,184759.0,416167.0,231721.0,197178.0,734535.0,542916.0,454223.0,433022.0,284254.0,213328.0,249011.0,252406.0,450320.0,318008.0,109564.67,32.4143,0.000514,163617.0,13.0236,0.000276,173682.7,6.1344,0.000144,188496.4,3.7682,9.4e-05,200719.95,2.654,7.3e-05,264880.73,1.3408,4.8e-05
20261008,2101,南港,3643365.0,2365059.0,1454869.0,7537237.0,3700548.0,1688108.0,1676417.0,1292890.0,989879.0,1211843.0,2034265.0,4264129.0,1687821.0,990883.0,2015928.0,843126.0,1374391.0,869838.0,1524864.0,1376779.0,2030971.0,1520694.0,745924.0,1117451.0,1245583.0,1137980.0,2022474.0,2790584.0,2143047.0,836770.0,2487764.33,48.8171,0.01759,3740215.6,19.4821,0.009429,2556021.5,14.254,0.004915,2436882.73,9.9673,0.003202,2127111.95,8.5641,0.00251,1937790.57,6.2672,0.001632
20261008,2102,泰豐,229982.0,145363.0,349707.0,342483.0,229380.0,373982.0,224249.0,287960.0,888765.0,939872.0,1077313.0,1314741.0,7238628.0,216489.0,154136.0,120061.0,68398.0,92589.0,538608.0,354973.0,219698.0,390661.0,181082.0,439422.0,126595.0,229847.0,168374.0,121524.0,80015.0,297056.0,241684.0,31.7194,0.00111,259383.0,17.733,0.000595,401174.3,5.7327,0.00031,934203.33,1.6412,0.000202,759383.95,1.5143,0.000158,581398.43,1.3186,0.000103
20261008,2103,台橡,6349616.0,6834786.0,2354196.0,3703862.0,4869851.0,1423826.0,2618484.0,2596683.0,1545422.0,4459016.0,2248619.0,1778319.0,4600637.0,7673485.0,6778855.0,1765093.0,2689775.0,2539776.0,3930753.0,4099892.0,14934234.0,6933841.0,3274701.0,4443020.0,5051843.0,7394990.0,2912222.0,3820263.0,7270481.0,2989053.0,5179532.67,40.8635,0.030655,4822462.2,26.3335,0.016432,3675574.2,17.2752,0.008565,3989043.8,10.6118,0.00558,3743047.3,8.4819,0.004374,4462853.13,4.7426,0.002844
20261008,2104,國際中橡,6177888.0,2791037.0,3097046.0,4890748.0,1846415.0,3126051.0,5196783.0,6186219.0,9828558.0,21035315.0,3363489.0,1297102.0,2764742.0,4747256.0,4517906.0,823029.0,2230057.0,2010432.0,4314688.0,10263999.0,2038819.0,5335815.0,2238720.0,2464970.0,1504284.0,3163561.0,2234428.0,3114456.0,3074992.0,5488501.0,4021990.33,51.2009,0.029826,3760626.8,32.8556,0.015988,6417606.0,9.6265,0.008334,5391103.67,7.6396,0.005429,5025438.0,6.1466,0.004256,4372243.53,4.7099,0.002767
20261008,2105,正新,2932880.0,3322848.0,2738940.0,4018941.0,3763944.0,3575667.0,5030299.0,3385450.0,2112273.0,2742563.0,3461428.0,2281678.0,6716662.0,3040799.0,8791079.0,4049274.0,3420958.0,2957716.0,3774654.0,2947341.0,3924204.0,3947976.0,2051707.0,3182212.0,2522809.0,4240116.0,4564661.0,7656679.0,3750079.0,3983418.0,2998222.67,32.6069,0.01416,3355510.6,17.481,0.00759,3362380.5,8.7226,0.003956,3861030.07,5.0641,0.002578,3753269.7,3.9071,0.00202,3829641.83,2.5528,0.001314
20261008,2106,建大,573776.0,520852.0,272012.0,744910.0,349369.0,300105.0,533046.0,749249.0,425210.0,522834.0,902601.0,7345544.0,2304880.0,489854.0,1269795.0,707336.0,655761.0,780713.0,569306.0,791378.0,405612.0,2147694.0,628048.0,814198.0,477364.0,2202347.0,15574243.0,3651150.0,1704178.0,1943718.0,455546.67,41.9844,0.00277,492183.8,23.3155,0.001485,499136.3,11.4954,0.000774,1153602.47,3.3159,0.000504,1040426.55,2.7574,0.000395,1678569.43,1.1394,0.000257
20261008,2107,厚生,454875.0,725802.0,958937.0,258578.0,217200.0,400598.0,272160.0,192914.0,180208.0,181265.0,134225.0,237491.0,401596.0,180048.0,341164.0,202629.0,141169.0,211838.0,269181.0,319628.0,163017.0,194425.0,108761.0,211029.0,148728.0,195944.0,200725.0,309966.0,441009.0,520217.0,713204.67,21.2597,0.002196,523078.4,17.3922,0.001177,384253.7,11.8379,0.000614,342470.73,8.8548,0.0004,314075.3,7.2415,0.000313,292510.9,5.1836,0.000204
20261008,2108,南帝,2262287.0,1280074.0,563611.0,570162.0,433044.0,452033.0,340904.0,458121.0,194171.0,205125.0,254278.0,235753.0,732923.0,733929.0,1556969.0,561831.0,1293598.0,489135.0,477518.0,431068.0,408270.0,1439064.0,614304.0,771022.0,670147.0,921268.0,579233.0,674642.0,1094267.0,814539.0,1368657.33,55.0975,0.010922,1021835.6,44.2789,0.005855,675953.2,33.4681,0.003052,684892.27,22.0209,0.001988,676326.7,16.7248,0.001558,717109.67,10.5158,0.001013
20261008,2109,華豐,74089.0,194307.0,116931.0,125006.0,139792.0,72070.0,166561.0,311170.0,392021.0,220388.0,30308.0,38425.0,171350.0,74865.0,57464.0,136987.0,64116.0,154542.0,49585.0,63680.0,46841.0,170419.0,56407.0,177726.0,130399.0,196549.0,83142.0,40453.0,109650.0,80898.0,128442.33,19.2276,0.000358,130025.0,11.3961,0.000192,181233.5,4.088,0.0001,145649.8,3.3912,6.5e-05,132682.85,2.792,5.1e-05,124871.37,1.9777,3.3e-05
20261008,2114,鑫永銓,21212.0,17847.0,30484.0,27683.0,24883.0,9392.0,16450.0,22383.0,3250.0,52290.0,18171.0,29365.0,16392.0,29204.0,26174.0,4239.0,17371.0,26080.0,26547.0,9319.0,35836.0,22436.0,18108.0,23033.0,18501.0,10324.0,30252.0,25310.0,125512.0,110885.0,23181.0,30.502,0.000102,24421.8,17.3714,5.5e-05,22587.4,9.3911,2.9e-05,23012.0,6.1452,1.9e-05,21436.8,4.9476,1.5e-05,28297.77,2.4987,1e-05
20261008,2115,六暉-KY,38011.0,352296.0,24712.0,30511.0,10019.0,34888.0,87805.0,39315.0,16000.0,25768.0,35400.0,37710.0,32100.0,95334.0,62160.0,53840.0,55295.0,64456.0,90495.0,182202.0,60450.0,15050.0,39050.0,52150.0,38919.0,61407.0,24032.0,8000.0,54210.0,33108.0,138339.67,9.1589,0.000184,91109.8,8.344,9.8e-05,65932.5,5.7651,5.1e-05,61468.6,4.1225,3.3e-05,68415.85,2.7779,2.6e-05,58489.77,2.1662,1.7e-05
20261008,2201,裕隆,1363394.0,2096479.0,3271947.0,3032136.0,5164307.0,2076309.0,2067671.0,1888734.0,1659665.0,2257913.0,2073952.0,4093458.0,14231607.0,3280401.0,2280778.0,2929514.0,4054465.0,2773874.0,3322134.0,2326243.0,5930444.0,4249110.0,5753813.0,8031685.0,9972103.0,17333260.0,7296247.0,2305544.0,1942168.0,1196987.0,2243940.0,20.253,0.006582,2985652.6,9.133,0.003528,2487855.5,5.4802,0.001839,3389250.07,2.6818,0.001198,3312249.05,2.0581,0.000939,4341878.07,1.0467,0.000611
20261008,2204,中華,389568.0,729751.0,453370.0,1690168.0,999588.0,204052.0,446380.0,399395.0,218504.0,356907.0,524145.0,398998.0,579290.0,313527.0,476628.0,699842.0,313186.0,564058.0,304352.0,368081.0,375041.0,739068.0,522421.0,784820.0,687042.0,1013482.0,556635.0,796385.0,644582.0,577777.0,524229.67,24.7708,0.001881,852489.0,9.1395,0.001008,588768.3,6.6167,0.000526,545351.4,4.7623,0.000342,521489.5,3.7351,0.000268,570901.43,2.2746,0.000175
20261008,2206,三陽工業,481534.0,572777.0,653011.0,582647.0,274134.0,299411.0,760246.0,409880.0,220086.0,327056.0,247423.0,411369.0,2453441.0,612614.0,521934.0,1052906.0,551925.0,909814.0,189699.0,575450.0,335699.0,499182.0,510772.0,468593.0,444374.0,408638.0,803313.0,1150793.0,447727.0,484752.0,569107.33,28.2041,0.002325,512820.6,18.7798,0.001246,458078.2,10.512,0.00065,588504.2,5.4549,0.000423,605367.85,3.9772,0.000332,588706.67,2.7265,0.000216
20261008,2207,和泰車,229795.0,322224.0,213749.0,257966.0,313733.0,239429.0,332322.0,229210.0,270934.0,204276.0,134095.0,152604.0,650504.0,243250.0,673022.0,172922.0,197076.0,157054.0,136168.0,136705.0,200205.0,282089.0,388294.0,171878.0,156256.0,227871.0,769650.0,136774.0,203082.0,176902.0,255256.0,30.0084,0.001109,267493.4,17.1814,0.000595,261363.8,8.7922,0.00031,297807.53,5.1442,0.000202,263351.9,4.3629,0.000158,266001.3,2.8796,0.000103
20261008,2208,台船,1112303.0,1681909.0,3504758.0,5573000.0,1969954.0,3315980.0,2008362.0,2641807.0,1566691.0,4444705.0,2310286.0,1615611.0,1770149.0,1057680.0,608633.0,928659.0,1964179.0,4230791.0,1591140.0,1384086.0,991788.0,1309960.0,2173173.0,2884242.0,1857703.0,1877174.0,1708388.0,5181542.0,4670521.0,1803143.0,2099656.67,17.6585,0.00537,2768384.8,8.0358,0.002879,2781946.9,3.9983,0.0015,2345455.2,3.1616,0.000978,2264034.15,2.4565,0.000766,2324610.57,1.595,0.000498
20261008,2211,長榮鋼,312948.0,323936.0,355040.0,525528.0,347982.0,586620.0,534048.0,1174060.0,968162.0,480477.0,1081383.0,386203.0,326219.0,319773.0,361105.0,586677.0,2562849.0,397512.0,174987.0,341970.0,235671.0,236698.0,357617.0,448366.0,339041.0,339360.0,331615.0,279141.0,286552.0,415175.0,330641.33,31.5496,0.001511,373086.8,16.7761,0.00081,560880.1,5.5796,0.000422,538898.93,3.8714,0.000275,607373.95,2.5762,0.000216,513890.5,2.0299,0.00014
20261008,2227,裕日車,15165.0,41276.0,46459.0,27750.0,18752.0,27062.0,36377.0,29865.0,19698.0,47462.0,53260.0,49190.0,46890.0,42067.0,38481.0,114872.0,40703.0,39584.0,59789.0,18207.0,19759.0,42829.0,39553.0,25830.0,19485.0,58102.0,40623.0,32133.0,9473.0,50063.0,34300.0,14.7376,7.3e-05,29880.4,10.1505,3.9e-05,30986.6,4.8941,2e-05,35983.6,2.8096,1.3e-05,40645.45,1.8655,1e-05,38358.63,1.3178,7e-06
20261008,2228,劍麟,48439.0,36420.0,38295.0,176605.0,79932.0,88266.0,56671.0,34896.0,39277.0,103012.0,95851.0,401050.0,1216207.0,72868.0,66422.0,72925.0,46355.0,53703.0,75035.0,119961.0,92507.0,71239.0,141080.0,76239.0,120300.0,112824.0,95139.0,111702.0,99623.0,85445.0,41051.33,39.3321,0.000234,75938.2,12.7575,0.000125,70181.3,6.902,6.5e-05,170280.73,1.8964,4.3e-05,146109.5,1.6576,3.3e-05,130942.93,1.2331,2.2e-05
20261008,2231,為升,106345.0,72772.0,188367.0,280099.0,137927.0,329706.0,242159.0,141046.0,95310.0,79524.0,166028.0,177980.0,158943.0,87381.0,76899.0,84419.0,84667.0,162029.0,80452.0,118566.0,190322.0,220836.0,147374.0,217874.0,135425.0,126350.0,153166.0,286540.0,395335.0,267293.0,122494.67,28.9387,0.000513,157102.0,13.5383,0.000275,167325.5,6.3556,0.000143,156032.4,4.5437,9.3e-05,143530.95,3.7046,7.3e-05,167037.8,2.1222,4.8e-05
20261008,2233,宇隆,278406.0,191214.0,265218.0,392863.0,243033.0,224485.0,695280.0,453502.0,317462.0,396151.0,576166.0,219215.0,379018.0,444270.0,341052.0,263805.0,668082.0,406868.0,339860.0,678522.0,557995.0,342844.0,460742.0,495267.0,418096.0,491464.0,459055.0,567408.0,771582.0,1319582.0,244946.0,37.8867,0.001344,274146.8,20.3107,0.00072,345761.4,8.052,0.000376,361155.67,5.1392,0.000245,388723.6,3.581,0.000192,455283.57,2.0383,0.000125
20261008,2236,百達-KY,1266621.0,4944717.0,3544647.0,1011719.0,570594.0,413705.0,233695.0,1517893.0,470851.0,310749.0,387114.0,592981.0,202859.0,338198.0,2111973.0,314246.0,333543.0,349124.0,569747.0,207504.0,288981.0,197841.0,148367.0,237106.0,111004.0,136784.0,225994.0,270427.0,363882.0,329102.0,3251995.0,12.983,0.006115,2267659.6,11.1712,0.003278,1428519.1,8.8667,0.001709,1194554.4,7.0689,0.001113,984624.0,6.432,0.000873,733398.93,5.7569,0.000567
20261008,2237,華德動能-創,287687.0,142246.0,126206.0,118587.0,27577.0,40201.0,108531.0,71800.0,62182.0,133001.0,92722.0,59369.0,65220.0,68170.0,61400.0,39290.0,103415.0,209792.0,69495.0,263519.0,91770.0,196915.0,176160.0,123641.0,129054.0,188783.0,111913.0,289026.0,206829.0,169777.0,185379.67,51.7293,0.001389,140460.6,40.9634,0.000745,111801.8,25.7319,0.000388,97659.93,19.6387,0.000253,107520.5,13.3782,0.000198,127809.27,7.503,0.000129
20261008,2239,英利-KY,173414.0,25163.0,103913.0,91786.0,23164.0,28206.0,53001.0,54101.0,21001.0,65551.0,157627.0,329073.0,117000.0,231233.0,48100.0,16200.0,20020.0,53090.0,21000.0,34000.0,22047.0,36001.0,33036.0,39000.0,18300.0,39010.0,47360.0,29152.0,40000.0,34553.0,100830.0,57.3288,0.000837,83488.0,41.5423,0.000449,63930.0,27.1256,0.000234,101488.87,11.3913,0.000152,83332.15,10.405,0.000119,66836.73,8.6486,7.8e-05
20261008,2241,艾姆勒,24358166.0,10415526.0,5374548.0,4031023.0,2571955.0,3600149.0,8099138.0,3176721.0,4744337.0,6674337.0,6315136.0,1533116.0,391446.0,1362207.0,241827.0,155149.0,259621.0,195134.0,352919.0,128245.0,175148.0,293893.0,458358.0,263067.0,228352.0,547775.0,277572.0,248895.0,520755.0,252900.0,13382746.67,60.6706,0.117598,9350243.6,52.1017,0.063038,7304590.0,33.3464,0.032858,5525975.47,29.3863,0.021407,4199035.0,29.0045,0.01678,2908247.17,27.9185,0.010912
20261008,2243,宏旭-KY,410316.0,799043.0,619459.0,957618.0,333277.0,138505.0,254061.0,120258.0,182750.0,203100.0,601493.0,765164.0,110807.0,227060.0,699207.0,127776.0,414525.0,639765.0,642933.0,490522.0,171826.0,273242.0,300575.0,254865.0,984556.0,356276.0,124540.0,235577.0,284207.0,163174.0,609606.0,22.4361,0.001981,623942.6,13.1524,0.001062,401838.7,10.211,0.000553,428141.2,6.3891,0.000361,436881.95,4.696,0.000283,396215.9,3.452,0.000184
20261008,2247,汎德永業,83255.0,15287.0,30542.0,21221.0,32971.0,19395.0,73412.0,32877.0,48504.0,17614.0,31972.0,29370.0,35372.0,60688.0,15215.0,26645.0,17055.0,17981.0,24624.0,16202.0,14304.0,38379.0,40934.0,13063.0,37132.0,31801.0,35396.0,17392.0,93533.0,19726.0,43028.0,64.4968,0.000402,36655.2,45.426,0.000215,37507.8,22.1967,0.000112,36513.0,15.201,7.3e-05,32510.1,12.8045,5.7e-05,33062.07,8.3938,3.7e-05
20261008,2248,華勝-KY,1552.0,14007.0,25067.0,31409.0,20056.0,5702.0,21020.0,7015.0,38424.0,54617.0,32048.0,3040.0,87082.0,161000.0,12000.0,26006.0,22928.0,67465.0,11000.0,42304.0,31421.0,154253.0,42261.0,18039.0,38058.0,149045.0,35964.0,62088.0,53317.0,34409.0,13542.0,3.8202,7e-06,18418.2,1.6853,4e-06,21886.9,0.7091,2e-06,34269.27,0.3019,1e-06,34187.1,0.227,1e-06,43419.9,0.1191,1e-06
20261008,2250,IKKA-KY,22070.0,38927.0,39776.0,64920.0,96347.0,112855.0,122177.0,13600.0,13298.0,66789.0,37383.0,28410.0,83600.0,93464.0,109700.0,54040.0,60534.0,43822.0,42296.0,37518.0,67703.0,23647.0,44061.0,56489.0,24191.0,14153.0,57350.0,130808.0,70387.0,104882.0,33591.0,21.9007,0.000107,52408.0,8.4224,5.7e-05,59075.9,3.7359,3e-05,62887.73,2.3396,1.9e-05,59076.3,1.8679,1.5e-05,59173.23,1.2432,1e-05
20261008,2254,巨鎧精密-創,4072745.0,5827764.0,4343259.0,2187298.0,2135259.0,1662968.0,2109236.0,2038020.0,2388502.0,3079227.0,1667999.0,1483546.0,1697739.0,1708137.0,2865537.0,1509097.0,1166200.0,834010.0,1835190.0,1538000.0,1201567.0,2583219.0,1536055.0,562005.0,425000.0,351021.0,901021.0,538114.0,327010.0,165000.0,4747922.67,28.5932,0.019663,3713265.0,21.9362,0.01054,2984427.8,13.6467,0.005494,2617815.73,10.3719,0.003579,2307486.65,8.8251,0.002806,1824658.17,7.4402,0.001824
20261008,2258,鴻華先進-創,295158.0,330646.0,354715.0,623609.0,541697.0,537180.0,866835.0,469300.0,180155.0,225130.0,424630.0,254616.0,523723.0,324238.0,246890.0,286831.0,299052.0,439498.0,255993.0,288061.0,471753.0,764327.0,657298.0,536087.0,384646.0,294999.0,369504.0,226520.0,238568.0,306931.0,326839.67,30.1022,0.001425,429165.0,13.755,0.000764,442442.5,6.6711,0.000398,413234.8,4.7617,0.000259,388397.85,3.7997,0.000203,400619.67,2.4558,0.000132
20261008,2301,光寶科,13602817.0,16513558.0,17255123.0,29984591.0,7078006.0,9330365.0,12833072.0,13566253.0,9401877.0,10586920.0,20206920.0,16254104.0,24262502.0,10539679.0,13634786.0,17907973.0,12338615.0,21494554.0,19920421.0,13639212.0,18980605.0,25036378.0,27528977.0,38271722.0,46683643.0,18521406.0,26246499.0,50424965.0,25729076.0,51305099.0,15790499.33,28.7152,0.065672,16886819.0,16.1106,0.035203,14015258.2,9.7057,0.018349,15003371.53,6.0443,0.011955,15517567.4,4.383,0.009371,21302657.27,2.1285,0.006094
20261008,2302,麗正,8075515.0,5963579.0,6176482.0,16760325.0,4674132.0,6731653.0,2760078.0,3489415.0,9238419.0,13188312.0,2844166.0,2658334.0,3634731.0,9551316.0,5846455.0,1486684.0,2504971.0,1747354.0,1344878.0,1057444.0,2178017.0,3870258.0,3020957.0,2345091.0,1727622.0,4136779.0,2670162.0,4717776.0,3612511.0,6077680.0,6738525.33,39.947,0.038987,8330006.6,19.389,0.020899,7705791.0,10.4798,0.010893,6772860.8,7.9489,0.007097,5486712.15,7.3592,0.005563,4803036.53,5.6045,0.003618
20261008,2303,聯電,83054214.0,148662709.0,310620526.0,328772084.0,100339050.0,114242075.0,102405360.0,111591705.0,157009029.0,124757294.0,286598057.0,158568199.0,306815637.0,256821287.0,117165966.0,102009653.0,132513207.0,120877009.0,204307696.0,270644784.0,219176053.0,337408282.0,142867105.0,139492332.0,136331797.0,223238022.0,217807917.0,325935822.0,184012062.0,85108376.0,180779149.67,15.3141,0.400974,194289716.6,8.5495,0.214939,158145404.6,5.2518,0.112035,180494879.47,3.0676,0.072991,176888777.05,2.3476,0.057216,184971776.97,1.4967,0.037206
20261008,2305,全友,10587437.0,12962485.0,29051144.0,12758509.0,20455039.0,9397489.0,6402746.0,5849225.0,4243609.0,6665913.0,6816969.0,9399397.0,13495965.0,7012311.0,25857898.0,93620288.0,33465049.0,57982441.0,17665099.0,12306833.0,21635033.0,12488405.0,12795506.0,4355058.0,3858859.0,4589754.0,10290983.0,3772104.0,8580638.0,10630104.0,17533688.67,20.1278,0.051115,17162922.8,12.3376,0.0274,11837359.6,8.9441,0.014282,12063742.4,5.8508,0.009305,19799792.3,2.6736,0.007294,16299743.0,2.1652,0.004743
20261008,2308,台達電,5522606.0,10861290.0,15043571.0,17838513.0,6064409.0,6119811.0,11094898.0,14404821.0,8983854.0,9734322.0,16957990.0,19102054.0,13051318.0,10796328.0,10673726.0,14802962.0,9470308.0,15924565.0,20489051.0,8307925.0,6331851.0,7560958.0,9195063.0,10346094.0,15977253.0,8434152.0,8899747.0,13398406.0,8876431.0,10798374.0,10475822.33,17.5725,0.026662,11066077.8,9.9811,0.014292,10566809.5,5.2264,0.00745,11749967.4,3.1334,0.004853,12262216.1,2.2519,0.003805,11502088.37,1.6005,0.002474
20261008,2312,金寶,4780638.0,6995297.0,8031235.0,5703898.0,5879296.0,4886792.0,6465397.0,3153662.0,3523917.0,5951151.0,5608822.0,5842601.0,7988144.0,8741145.0,10732941.0,8006946.0,8796329.0,7057940.0,5744478.0,5150327.0,9390867.0,11839430.0,11344593.0,11799179.0,10239687.0,22765844.0,10260531.0,6218350.0,6416521.0,6668262.0,6602390.0,24.1359,0.02308,6278072.8,15.2296,0.012372,5537128.3,8.6338,0.006449,6285662.4,5.0704,0.004201,6452047.8,3.7047,0.003293,7866140.67,2.0258,0.002142
20261008,2313,華通,23659309.0,60718141.0,97517769.0,51436246.0,8635843.0,6854303.0,12970500.0,10064805.0,7002467.0,9758490.0,15506654.0,22722962.0,29688041.0,30339891.0,18970240.0,11772158.0,13242484.0,9352804.0,14054910.0,20923903.0,40022863.0,56818132.0,51923966.0,25956101.0,29088813.0,55591264.0,67617167.0,87191617.0,61898088.0,30057074.0,60631739.67,13.0071,0.114224,48393461.6,9.7779,0.061229,28861787.3,8.1975,0.031915,27056377.4,5.8296,0.020793,23759596.0,4.9789,0.016299,32711900.17,2.4109,0.010599
20261008,2314,台揚,82527.0,100285.0,137056.0,86999.0,168275.0,212224.0,89891.0,102554.0,87445.0,74505.0,102756.0,210457.0,115679.0,116924.0,314583.0,90417.0,203391.0,127766.0,79927.0,100069.0,132807.0,41963.0,73769.0,62913.0,34845.0,92398.0,35890.0,66950.0,119599.0,131097.0,106622.67,25.8003,0.000398,115028.4,14.349,0.000214,114176.1,7.228,0.000111,133477.33,4.1219,7.3e-05,130186.5,3.1696,5.7e-05,113198.7,2.4302,3.7e-05
20261008,2316,楠梓電,3078991.0,6353407.0,3448947.0,2621525.0,2945458.0,2448561.0,1637974.0,1377279.0,602793.0,1269091.0,2838547.0,839410.0,1200550.0,1739252.0,1103894.0,1022268.0,1087025.0,1489229.0,1437940.0,1838311.0,1776222.0,1664215.0,2704675.0,2097754.0,1631647.0,3969050.0,1830219.0,2372398.0,1629625.0,1575441.0,4293781.67,23.9027,0.014865,3689665.6,16.6898,0.007968,2578402.6,11.9415,0.004153,2233711.93,9.1895,0.002706,2019022.6,7.625,0.002121,2054389.93,4.9958,0.001379
20261008,2317,鴻海,40251153.0,36168012.0,96969300.0,52629375.0,30466967.0,30526551.0,27366648.0,31188879.0,34510344.0,35754545.0,38635614.0,16771284.0,44803117.0,26522419.0,19737377.0,15812094.0,25260973.0,24164352.0,40233640.0,21343799.0,40240647.0,34027046.0,49402342.0,29851493.0,29265369.0,34131729.0,35223300.0,31847341.0,42280355.0,24910439.0,57796155.0,23.2144,0.194327,51296961.4,15.6934,0.104168,41583177.4,9.6797,0.054297,37486772.33,7.1583,0.035374,34455822.15,5.841,0.027729,34676550.13,3.8692,0.018031
20261008,2321,東訊,3237.0,155.0,6246.0,36405.0,39872.0,4468.0,3840.0,2537.0,377.0,16034.0,9792.0,4626.0,,,,,,,,10201.0,10805.0,5560.0,4023.0,27820.0,26382.0,13238.0,42529.0,7226.0,1530.0,1262.0,3212.67,33.5858,1.6e-05,17183.0,3.7677,8e-06,11317.1,2.8603,4e-06,10632.42,2.5371,3e-06,10599.23,2.3492,2e-06,12094.13,1.1637,1e-06
20261008,2323,中環,,,,,,,14064496.0,4169493.0,3157028.0,4136637.0,6359248.0,3610061.0,4985357.0,5535867.0,2707759.0,3498973.0,3634402.0,4726062.0,5031329.0,3451051.0,3112524.0,4165831.0,5015060.0,7410045.0,2713614.0,4591611.0,2535189.0,4645823.0,4969594.0,3275609.0,,,,,,,6381913.5,,,5413994.0,,,4933411.64,,,4645944.29,,
20261008,2324,仁寶,22142016.0,21869289.0,20009543.0,43703092.0,35135273.0,25328443.0,46326977.0,29621824.0,18026289.0,23534904.0,38170830.0,27563778.0,52193788.0,25735494.0,22476027.0,46454725.0,39727054.0,34534208.0,34753098.0,33657746.0,70154546.0,125562912.0,141506043.0,57406208.0,80916280.0,63321988.0,54595810.0,43593188.0,77545599.0,57384438.0,21340282.67,34.5856,0.106898,28571842.6,15.4992,0.057302,28569765.0,7.7502,0.029868,30122504.47,4.9004,0.019459,32048219.9,3.4545,0.015254,47098380.33,1.5671,0.009919
20261008,2327,國巨*,47359893.0,92783877.0,29671100.0,67379604.0,106667349.0,74137455.0,25009393.0,41164381.0,35926454.0,42588422.0,42736611.0,27387944.0,26963850.0,22992927.0,27854767.0,22575963.0,22504178.0,35558765.0,38051425.0,28243237.0,39419068.0,71286963.0,57702985.0,34250413.0,35836154.0,57762664.0,71750955.0,81106200.0,50182079.0,27582304.0,56604956.67,27.8891,0.228647,68772364.6,13.7729,0.122565,56268792.8,8.4167,0.063886,47374935.13,6.6645,0.041621,42877879.75,5.5226,0.032626,46147912.67,3.4209,0.021216
20261008,2328,廣宇,878176.0,1314052.0,1999099.0,2608301.0,1295287.0,1214940.0,1592348.0,774116.0,797393.0,910755.0,1654590.0,3335413.0,1897340.0,1158324.0,1289323.0,1828166.0,1172502.0,1183172.0,1105719.0,1223229.0,1908851.0,1592227.0,1003854.0,2193699.0,2814892.0,2818061.0,1353486.0,1584646.0,4020637.0,1176022.0,1397109.0,20.9522,0.00424,1618983.0,10.8485,0.002273,1338446.7,6.5612,0.001185,1514630.47,3.8653,0.000772,1461612.25,3.0041,0.000605,1656620.67,1.767,0.000393
20261008,2329,華泰,4606023.0,2203651.0,2285030.0,4115875.0,3082944.0,1772390.0,3783130.0,1151596.0,2017252.0,4444160.0,1910924.0,3381474.0,6081911.0,2682148.0,2165182.0,1213027.0,1594756.0,1348641.0,1444278.0,1206979.0,2702343.0,1460462.0,1438258.0,1940658.0,1267851.0,1537991.0,2294738.0,2027849.0,1906971.0,1913400.0,3031568.0,50.6451,0.022237,3258704.6,28.269,0.01192,2946205.1,15.6337,0.006213,3045579.33,10.0824,0.004048,2624568.55,8.7748,0.003173,2366063.07,6.489,0.002063
20261008,2330,台積電,23145193.0,16941183.0,20801802.0,26800187.0,15792206.0,20666092.0,34282491.0,26893348.0,14557662.0,22817873.0,22009927.0,16086510.0,40892688.0,18116974.0,20919285.0,15215752.0,21520958.0,21131357.0,19835796.0,17798845.0,28931697.0,26898329.0,14102018.0,14252351.0,25151394.0,31855287.0,32792740.0,15025832.0,19214481.0,19467241.0,20296059.33,38.0126,0.111742,20696114.2,22.3667,0.059898,22269803.7,10.3931,0.031222,22714894.73,6.793,0.020341,21811306.45,5.3058,0.015945,22130583.3,3.4862,0.010368
20261008,2331,精英,608687.0,694659.0,681516.0,933570.0,490150.0,700402.0,1099713.0,541430.0,549135.0,523795.0,640792.0,1485484.0,855006.0,1586624.0,1346881.0,728374.0,676819.0,795070.0,1035288.0,857982.0,1464358.0,1117475.0,1404987.0,2095707.0,704737.0,1150655.0,830398.0,832639.0,2329107.0,599727.0,661620.67,30.6665,0.002939,681716.4,17.8575,0.001575,682305.7,8.921,0.000821,849189.6,4.7786,0.000535,841568.85,3.6164,0.000419,978705.57,2.0731,0.000273
20261008,2332,友訊,14883125.0,9991814.0,6745039.0,7145358.0,4314727.0,5301945.0,8101037.0,5216187.0,7152630.0,12406138.0,18928219.0,16764492.0,4549287.0,6289312.0,11634426.0,8493922.0,6382308.0,6713977.0,3561235.0,5860177.0,6674263.0,11587248.0,20151630.0,16755643.0,12562359.0,7775635.0,12241075.0,11733867.0,10448330.0,11410558.0,10539992.67,47.0687,0.071854,8616012.6,34.5476,0.038517,8125800.0,18.3159,0.020076,9294915.73,10.6747,0.01308,8521767.75,8.7324,0.010253,9725865.43,5.1009,0.006667
20261008,2337,旺宏,37118275.0,23220839.0,13171225.0,24536381.0,19636645.0,16468161.0,31932411.0,15127999.0,18598874.0,27563389.0,24190725.0,26114015.0,64768504.0,29307672.0,22351849.0,28359737.0,22286124.0,22360977.0,25226210.0,33042026.0,58876929.0,28816682.0,29768667.0,47049932.0,18842579.0,31995454.0,35996291.0,30055663.0,42803957.0,23901798.0,24503446.33,50.494,0.179202,23536673.0,31.5408,0.09606,22737419.9,16.3248,0.05007,26273797.6,9.4183,0.032621,26269101.9,7.065,0.025571,29116333.0,4.2494,0.016628
20261008,2338,光罩,3311653.0,2120430.0,3801722.0,7682582.0,15644706.0,2741462.0,2755701.0,4039504.0,4013030.0,5684267.0,9962184.0,12226301.0,23519369.0,56292754.0,26655259.0,29585483.0,55395670.0,67315117.0,12836401.0,4444383.0,826344.0,934885.0,746049.0,1025652.0,857469.0,1532419.0,1715895.0,3248095.0,724663.0,992359.0,3077935.0,35.8644,0.015988,6512218.6,10.1706,0.00857,5179505.7,6.3938,0.004467,12030061.6,1.8352,0.00291,17501398.9,0.9461,0.002281,12087726.93,0.9132,0.001484
20261008,2340,台亞,65067891.0,44973554.0,45723079.0,21474354.0,41777299.0,40533802.0,34478123.0,15628464.0,3550658.0,8672725.0,2849398.0,2473700.0,3839465.0,2641617.0,4536464.0,1931697.0,3265244.0,2286140.0,1559487.0,1795719.0,2018706.0,2793708.0,2360654.0,3250363.0,1835702.0,2906830.0,2840791.0,2869808.0,6095925.0,7533659.0,51921508.0,41.7732,0.314138,43803235.4,29.7092,0.168392,32187994.9,20.215,0.087773,22548039.53,19.2383,0.057184,17452944.0,18.6409,0.044825,12785500.87,16.964,0.029148
20261008,2342,茂矽,3147398.0,5479403.0,5850096.0,10795983.0,15524775.0,7460322.0,14272757.0,27339538.0,43473432.0,11049723.0,5155677.0,2115154.0,4777724.0,2423589.0,3781871.0,5432362.0,2550774.0,1300187.0,1441862.0,1143646.0,1940235.0,2873446.0,1592793.0,1556168.0,1500776.0,2791067.0,1166876.0,2224719.0,2354774.0,3716631.0,4825632.33,21.7408,0.015195,8159531.0,7.7147,0.008145,14439342.7,2.1797,0.004246,10843162.8,1.9351,0.002766,8725813.65,1.8035,0.002168,6541125.27,1.6039,0.00141
20261008,2344,華邦電,70323153.0,63384928.0,58643976.0,90976614.0,74491648.0,64785773.0,85028121.0,45790945.0,51225813.0,70593992.0,97424949.0,76635914.0,138585216.0,120007010.0,83218538.0,71179694.0,123411883.0,74789115.0,67914754.0,140400625.0,222260653.0,118922555.0,100505993.0,161434224.0,83567943.0,136605515.0,398679210.0,153443947.0,139732644.0,85770151.0,64117352.33,36.5596,0.33951,71564063.8,19.6532,0.181992,67524496.3,10.4145,0.094862,79407772.67,5.904,0.061802,83440633.05,4.214,0.048446,108991183.2,2.1507,0.031503
20261008,2345,智邦,4468860.0,5207562.0,3700393.0,6386760.0,5328800.0,5872368.0,7123574.0,4157981.0,2611500.0,4143392.0,3976822.0,3499481.0,5848473.0,4448162.0,3116998.0,2272078.0,3068576.0,4090126.0,2982489.0,4715389.0,6441295.0,2076808.0,2163787.0,2730824.0,3470248.0,5313838.0,4484579.0,2374655.0,2473876.0,3430799.0,4458938.33,33.4075,0.021575,5018475.0,17.8096,0.011565,4900119.0,9.1199,0.006028,4659408.4,6.394,0.003927,4350989.2,5.1355,0.003079,4066016.43,3.6636,0.002002
20261008,2347,聯強,1894748.0,2349146.0,2512490.0,3056330.0,3426763.0,5965468.0,3253120.0,4671338.0,2371286.0,5073209.0,1932164.0,4649153.0,3513180.0,2713697.0,3211283.0,2705824.0,1958179.0,2484676.0,2850414.0,2043322.0,2774953.0,2680117.0,5869385.0,2677469.0,2624324.0,4443086.0,3095127.0,1841582.0,2015344.0,1544628.0,2252128.0,28.0438,0.009148,2647895.4,14.3114,0.004903,3457389.8,5.4803,0.002556,3372891.67,3.7451,0.001665,3131789.5,3.025,0.001305,3073393.5,2.055,0.000849
20261008,2348,海悅,224125.0,335684.0,221980.0,467879.0,160769.0,108740.0,207657.0,278973.0,237401.0,171124.0,322098.0,432867.0,2168062.0,1013530.0,590768.0,171609.0,278257.0,282334.0,267400.0,584752.0,314800.0,361862.0,286185.0,176989.0,80133.0,103375.0,245765.0,277047.0,321810.0,210474.0,260596.33,28.6682,0.001082,282087.4,15.8905,0.00058,241433.2,9.2831,0.000302,462777.13,3.2287,0.000197,426300.45,2.6287,0.000154,363481.63,2.0554,0.0001
20261008,2348A,海悅甲特,108000.0,155103.0,24047.0,32200.0,14525.0,33049.0,4034.0,46010.0,83004.0,37000.0,19001.0,2025.0,25552.0,10087.0,12239.0,19224.0,7022.0,53000.0,16000.0,13529.0,43652.0,41018.0,36142.0,44834.0,11083.0,15000.0,39248.0,23840.0,8743.0,32072.0,95716.67,37.611,0.000521,66775.0,32.3474,0.000279,53697.2,20.1128,0.000146,40391.73,17.8254,9.5e-05,35732.55,15.1123,7.4e-05,33676.1,10.6901,4.8e-05
20261008,2349,錸德,1015415.0,1377682.0,1535228.0,2015466.0,1128636.0,2276956.0,5431197.0,1158181.0,941000.0,1017506.0,1272538.0,1713124.0,1979036.0,1241917.0,1391804.0,1210342.0,1259919.0,1355048.0,1658457.0,1579201.0,1765906.0,1843799.0,1141475.0,2347095.0,953793.0,1100972.0,1423804.0,1435342.0,1655749.0,1370083.0,1309441.67,25.8485,0.004902,1414485.4,14.3574,0.002628,1789726.7,5.6736,0.00137,1699712.4,3.9827,0.000892,1627932.65,3.1187,0.0007,1586555.7,2.1334,0.000455
20261008,2351,順德,2299445.0,3476946.0,3592013.0,6037296.0,3165920.0,3449076.0,6834221.0,3820238.0,5399123.0,6000073.0,3789121.0,2557086.0,4374655.0,3806561.0,11722519.0,12699025.0,13791973.0,3662954.0,10269147.0,5065821.0,6840234.0,7241569.0,6731626.0,3696561.0,5421346.0,5235791.0,5565662.0,7423298.0,19231190.0,5733030.0,3122801.33,24.5447,0.011101,3714324.0,12.3815,0.005951,4407435.1,5.2172,0.003102,4688286.2,3.2698,0.002021,5790660.65,1.9855,0.001584,6297784.0,1.2171,0.00103
20261008,2352,佳世達,4105923.0,2820787.0,5556322.0,4972300.0,3067011.0,3305366.0,5731705.0,3583810.0,2247808.0,3002643.0,4168335.0,8883719.0,4537456.0,6215571.0,5900535.0,3647989.0,4629908.0,2516741.0,4113727.0,2385790.0,2485220.0,5778552.0,7864250.0,7278956.0,3477673.0,3499616.0,4458726.0,2871377.0,3735153.0,4009545.0,4161010.67,32.892,0.019823,4104468.6,20.0071,0.010626,3839367.5,10.6943,0.005539,4539952.73,6.0293,0.003608,4269672.3,4.8082,0.002829,4361750.47,3.1378,0.001839
20261008,2353,宏碁,7952664.0,7746065.0,15492947.0,12041524.0,13319795.0,10102356.0,10089843.0,6310399.0,8866691.0,12083698.0,18207801.0,13720271.0,24075941.0,19345151.0,18042980.0,9020306.0,11658204.0,9509718.0,6824128.0,14459020.0,23191817.0,29046453.0,40071025.0,19934079.0,18102445.0,13430684.0,11097480.0,8501451.0,8344432.0,8644574.0,10397225.33,25.4961,0.038394,11310599.0,14.0623,0.020581,10400598.2,7.6464,0.010728,13159875.07,4.0287,0.006989,12443475.1,3.1955,0.005479,14307798.07,1.8528,0.003563
20261008,2354,鴻準,5400700.0,5895133.0,12442141.0,14939250.0,8981747.0,21963245.0,8525278.0,4886601.0,6193563.0,6468244.0,8906567.0,6500860.0,14437974.0,25062428.0,6149398.0,6936955.0,8630064.0,18151328.0,6839936.0,6918738.0,16276643.0,11567781.0,12470759.0,17792867.0,15446703.0,24380122.0,14111640.0,19092306.0,34175771.0,5409560.0,7912658.0,22.7513,0.026074,9531794.2,11.332,0.013977,9569590.2,5.6436,0.007285,10450208.6,3.4454,0.004746,10211507.5,2.6444,0.003721,12498476.73,1.4404,0.002419
20261008,2355,敬鵬,4146745.0,2986168.0,5428497.0,6816305.0,4145813.0,1319934.0,1399726.0,1204852.0,1176852.0,1214244.0,1690137.0,1131618.0,1383545.0,2293520.0,1128035.0,1165926.0,945997.0,1370968.0,1154320.0,1381518.0,1267634.0,1259759.0,1236989.0,2105214.0,1054166.0,971388.0,1704254.0,3413554.0,4962179.0,2059881.0,4187136.67,33.0118,0.02002,4704705.6,17.6281,0.010732,2983913.6,13.897,0.005594,2497732.73,11.068,0.003644,2174236.0,9.5361,0.002857,2117324.6,6.5283,0.001858
20261008,2356,英業達,10790156.0,9697087.0,12107753.0,15023218.0,11624754.0,8414140.0,11590267.0,9470802.0,10394874.0,14243662.0,8627488.0,6876074.0,22101084.0,7811109.0,8635681.0,9229037.0,8218311.0,9980073.0,15958979.0,15028143.0,36613724.0,24974529.0,27074525.0,16089639.0,22335535.0,13332052.0,21537788.0,12171652.0,13825809.0,12955703.0,10864998.67,33.1037,0.052093,11848593.6,18.2134,0.027924,11335671.3,9.5188,0.014555,11160543.27,6.4454,0.009483,11291134.6,4.7782,0.007433,14224454.93,2.5285,0.004834
20261008,2357,華碩,1843783.0,2487312.0,1559387.0,2807714.0,1166554.0,1566104.0,2057274.0,2455352.0,1296816.0,1349204.0,1339183.0,2037308.0,4548145.0,3407956.0,2547613.0,2598522.0,2899208.0,5904124.0,2481872.0,1855419.0,4968506.0,5002793.0,5102743.0,3213248.0,3736142.0,5653878.0,5187639.0,1844300.0,1739150.0,3391704.0,1963494.0,31.3011,0.008902,1972950.0,18.6906,0.004772,1858950.0,9.9184,0.002487,2164647.0,5.6785,0.00162,2410442.5,3.8246,0.00127,2934965.1,2.094,0.000826
20261008,2359,所羅門,1582863.0,852857.0,1106329.0,2334175.0,1036629.0,889565.0,1004251.0,731248.0,878250.0,1693806.0,2066213.0,1587213.0,3264025.0,3550735.0,1372642.0,2049232.0,1404871.0,2493198.0,2867695.0,3571073.0,4778130.0,2129495.0,2839159.0,8437786.0,4355295.0,4432539.0,3235770.0,4630305.0,7749798.0,3811992.0,1180683.0,44.6878,0.007642,1382570.6,22.8974,0.004096,1210997.3,13.0707,0.002135,1596720.07,6.6088,0.001391,1816843.5,4.3561,0.00109,2757904.63,1.9131,0.000709
20261008,2360,致茂,1763765.0,5234411.0,1951582.0,2976742.0,3514487.0,2619905.0,2716984.0,2434644.0,1992029.0,2628143.0,2946819.0,3796584.0,2681171.0,1269378.0,1119387.0,985458.0,1183735.0,2248955.0,2516953.0,4875142.0,4951555.0,1744981.0,1618618.0,1935146.0,1235243.0,1537485.0,2334427.0,1899216.0,1875972.0,2424062.0,2983252.67,19.7074,0.008515,3088197.4,11.4226,0.004565,2783269.2,6.337,0.002379,2643068.73,4.4488,0.00155,2572813.7,3.4277,0.001215,2433765.97,2.4157,0.00079
20261008,2362,藍天,397329.0,341028.0,258960.0,629435.0,333270.0,479520.0,457594.0,544757.0,236155.0,249431.0,407063.0,279293.0,682664.0,1275287.0,358490.0,613204.0,546153.0,641879.0,416238.0,548092.0,784543.0,1176387.0,2070709.0,1806815.0,1213835.0,869171.0,811000.0,1120083.0,905865.0,1145710.0,332439.0,39.8398,0.001918,392004.4,20.2717,0.001028,392747.9,10.1166,0.000536,462018.4,5.7332,0.000349,484792.1,4.0979,0.000274,719998.67,1.8395,0.000178
20261008,2363,矽統,11131063.0,7703102.0,5786364.0,10146062.0,15579464.0,9203056.0,7012027.0,4883360.0,7602462.0,13048631.0,45225870.0,14131099.0,11333532.0,6735653.0,3055894.0,2106753.0,3662831.0,4409621.0,6439476.0,9273351.0,15792771.0,9168337.0,1964400.0,3454519.0,1919873.0,4380842.0,3164672.0,5590442.0,2743280.0,1927373.0,8206843.0,45.2105,0.053739,10069211.0,22.1091,0.028807,9209559.1,12.0864,0.015015,11505175.93,6.4499,0.009782,9923483.55,5.6084,0.007668,8285872.67,4.4779,0.004986
20261008,2364,倫飛,125075.0,67099.0,86811.0,177005.0,130790.0,81552.0,74242.0,94006.0,87979.0,178345.0,359018.0,371238.0,165798.0,315177.0,106938.0,164571.0,299388.0,241398.0,535795.0,146441.0,206131.0,381124.0,285482.0,365778.0,335109.0,435131.0,481805.0,1823497.0,1254025.0,595841.0,92995.0,44.8322,0.000604,117356.0,21.3155,0.000324,110290.4,11.3405,0.000169,161404.87,5.1661,0.00011,190433.3,3.284,8.6e-05,332419.63,1.2542,5.6e-05
20261008,2365,昆盈,719503.0,506082.0,754895.0,1067201.0,536724.0,666337.0,741030.0,572445.0,295591.0,355690.0,693529.0,966559.0,952791.0,909951.0,402273.0,781512.0,429993.0,448380.0,416887.0,396993.0,581252.0,788997.0,743600.0,1648097.0,1046821.0,747245.0,556347.0,733659.0,1010863.0,919441.0,660160.0,36.3297,0.003474,716881.0,20.0732,0.001862,621549.8,11.576,0.000971,676040.07,7.0953,0.000632,630718.3,5.7038,0.000496,713022.93,3.3636,0.000322
20261008,2367,燿華,7223077.0,16045078.0,38654137.0,31483475.0,7376988.0,3785466.0,4608523.0,2486323.0,1869210.0,2188341.0,4598038.0,3540050.0,3110152.0,5741233.0,2308835.0,2130451.0,2848739.0,2077151.0,2982109.0,3099873.0,2966685.0,3156776.0,3650974.0,3746634.0,2779214.0,3985572.0,6123892.0,8066316.0,14398173.0,6858809.0,20640764.0,11.6647,0.034872,20156551.0,7.167,0.018693,11572061.8,6.2418,0.009744,9001261.73,5.3497,0.006348,7407862.45,4.8753,0.004976,6796343.13,3.5426,0.003236
20261008,2368,金像電,9733403.0,11605752.0,21853878.0,7237447.0,7170519.0,9076956.0,19360258.0,8818025.0,15757587.0,14173667.0,8317821.0,7314499.0,11142009.0,13646634.0,5363645.0,6666940.0,4733419.0,4402634.0,4431064.0,5814207.0,4987962.0,8130245.0,9549227.0,9171589.0,6246961.0,12953799.0,20981904.0,10783533.0,6091630.0,8709942.0,14397677.67,22.5347,0.046991,11520199.8,16.898,0.025189,12478749.2,7.8,0.01313,11371473.33,5.7063,0.008554,9831018.2,4.9504,0.006705,9807571.87,3.3081,0.00436
20261008,2369,菱生,4645610.0,12552538.0,2594202.0,4075640.0,3431170.0,3071153.0,5052431.0,4196281.0,3015587.0,9660088.0,8673963.0,22679351.0,11717957.0,8084381.0,1975232.0,1907224.0,2074841.0,2514939.0,3350233.0,3213672.0,4146317.0,3238010.0,2779791.0,4337390.0,2810135.0,3928935.0,5092594.0,9172929.0,4626268.0,3977086.0,6597450.0,23.4717,0.022428,5459832.0,17.0174,0.012023,5229470.0,8.8835,0.006267,7028372.27,4.4065,0.004083,5924324.65,3.9208,0.0032,5419864.93,2.8571,0.002081
20261008,2371,大同,6095902.0,16830972.0,11393856.0,18642408.0,18900562.0,33538127.0,25702091.0,9023803.0,7247738.0,9455724.0,10913053.0,21014487.0,22977802.0,31989217.0,5338154.0,7713128.0,8675389.0,4457513.0,2779360.0,3358862.0,3759948.0,5199594.0,7257358.0,6720599.0,6156837.0,9887622.0,8630372.0,18419762.0,36297869.0,7019152.0,11440243.33,17.7616,0.02943,14372740.0,8.4826,0.015776,15683118.3,3.8869,0.008223,16604259.73,2.4475,0.005357,13802407.4,2.2083,0.004199,12846575.37,1.5817,0.002731
20261008,2373,震旦行,13499.0,16579.0,76713.0,22288.0,35662.0,12490.0,26281.0,27189.0,4080.0,9377.0,16414.0,21013.0,25342.0,43341.0,12054.0,39389.0,25324.0,21731.0,18140.0,14338.0,23076.0,51086.0,33919.0,23316.0,34260.0,40564.0,36591.0,17900.0,56198.0,29233.0,35597.0,12.6406,6.5e-05,32948.2,8.1941,3.5e-05,24415.8,5.5288,1.8e-05,24154.8,3.7257,1.2e-05,24062.2,2.805,9e-06,27579.57,1.6315,6e-06
20261008,2374,佳能,856173.0,1120674.0,1349307.0,1735142.0,1054100.0,1221265.0,1452171.0,1129796.0,953374.0,1403987.0,2016256.0,1469145.0,2134134.0,1895364.0,2119041.0,1326411.0,1434174.0,1827659.0,1450803.0,1914505.0,4149447.0,1894942.0,1527219.0,4401779.0,4638888.0,2622237.0,1909597.0,1943095.0,3062002.0,5051998.0,1108718.0,25.7406,0.004133,1223079.2,14.0003,0.002216,1227598.9,6.9744,0.001155,1460661.93,3.9077,0.000752,1493174.05,2.867,0.00059,2035489.5,1.4021,0.000384
20261008,2375,凱美,5700699.0,12565851.0,1941281.0,3717848.0,5894540.0,8440304.0,1118973.0,943463.0,1160416.0,2084692.0,1962353.0,2369137.0,1337451.0,1988463.0,1325231.0,1600067.0,1883815.0,2981405.0,2563160.0,1955136.0,2195567.0,4885326.0,6198270.0,2882822.0,1788981.0,5031478.0,5263981.0,19479806.0,6789258.0,2028884.0,6735943.67,28.2103,0.027522,5964043.8,19.1169,0.014753,4356806.7,13.0846,0.00769,3503380.13,10.848,0.00501,3176714.25,8.9726,0.003927,4002621.93,4.7475,0.002554
20261008,2376,技嘉,3869304.0,14202861.0,6692268.0,11355878.0,9164965.0,4284244.0,4868638.0,8243400.0,3778913.0,3929451.0,6797095.0,11634817.0,6645773.0,4850854.0,4050554.0,2237694.0,2974248.0,3432007.0,5228028.0,4694218.0,6385642.0,5309018.0,7465984.0,8179674.0,4930389.0,5668751.0,6432000.0,3524293.0,3971732.0,5282809.0,8254811.0,15.6244,0.01868,9057055.2,8.5443,0.010014,7038992.2,5.497,0.005219,6957934.33,3.7073,0.0034,6146760.5,3.1474,0.002666,6002850.07,2.1486,0.001733
20261008,2377,微星,3266008.0,3993242.0,4877437.0,7044488.0,4570302.0,3015613.0,3325440.0,2346623.0,2626362.0,6135394.0,4830764.0,5796230.0,7158499.0,6751254.0,6238224.0,3410222.0,7169742.0,8830213.0,14870048.0,9979063.0,9119002.0,14300757.0,23321408.0,13700696.0,7932496.0,11358673.0,17731986.0,5427942.0,8772588.0,6865243.0,4045562.33,26.9102,0.015768,4750295.4,13.7508,0.008452,4120090.9,7.927,0.004406,4798392.0,4.5376,0.00287,5811758.4,2.8098,0.00225,7825531.97,1.3912,0.001463
20261008,2379,瑞昱,1176621.0,1420276.0,1573524.0,2088058.0,1632949.0,3150180.0,2067727.0,3051454.0,2829985.0,4887225.0,3730412.0,2964925.0,2568530.0,3100032.0,2540007.0,1859893.0,2719038.0,1978660.0,2830332.0,3051594.0,4835169.0,2781018.0,1403920.0,2920738.0,2825186.0,2713152.0,3002274.0,1158002.0,1897989.0,1205547.0,1390140.33,28.2135,0.005681,1578285.6,14.9101,0.003045,2387799.9,4.9276,0.001587,2585460.33,3.0339,0.001034,2561071.1,2.2971,0.000811,2532147.23,1.5489,0.000527
20261008,2380,虹光,175232.0,358145.0,63563.0,51667.0,62036.0,41137.0,84939.0,53213.0,21860.0,38957.0,91768.0,123846.0,160793.0,410706.0,106155.0,37785.0,111105.0,165483.0,81399.0,48527.0,225463.0,160775.0,57979.0,126746.0,80697.0,85704.0,52395.0,142152.0,92120.0,210293.0,198980.0,29.355,0.000846,142128.6,24.6582,0.000453,95074.9,18.4309,0.000236,122934.47,9.5027,0.000154,114415.8,7.6577,0.000121,117421.33,4.9745,7.8e-05
20261008,2382,廣達,17570025.0,9720312.0,9900377.0,14036243.0,10305780.0,14875737.0,12063193.0,10639698.0,10593247.0,9982467.0,11292711.0,8285050.0,21601445.0,16289321.0,16995268.0,7988351.0,8031414.0,11011208.0,13496818.0,26249566.0,35435507.0,13614465.0,20571056.0,11868856.0,9424750.0,14159329.0,18306869.0,10708500.0,11606946.0,8806245.0,12396904.67,47.243,0.084825,12306547.4,28.5539,0.04547,11968707.9,14.68,0.023701,12943391.6,9.0497,0.015441,13046411.55,6.7337,0.012104,13847691.8,4.2294,0.007871
20261008,2383,台光電,1859243.0,2968881.0,5086859.0,1316051.0,2397410.0,1363430.0,1549084.0,2146878.0,2346653.0,2450930.0,2101406.0,2394262.0,3783127.0,5813349.0,1686031.0,1525730.0,1226363.0,1100726.0,1367538.0,1752002.0,1474956.0,1515921.0,1701788.0,1640346.0,1489933.0,1770102.0,1999204.0,1984693.0,3476220.0,1871519.0,3304994.33,18.7519,0.008976,2725688.8,13.6424,0.004812,2348541.9,7.9166,0.002508,2617572.93,4.7353,0.001634,2311797.65,4.0212,0.001281,2172021.17,2.8533,0.000833
20261008,2385,群光,1970840.0,3390680.0,3160418.0,4126425.0,1804741.0,1776109.0,2617470.0,2244933.0,1411766.0,1863148.0,2196662.0,1252368.0,6299012.0,2372980.0,2414053.0,1455229.0,1337247.0,1802172.0,2998204.0,2563442.0,5370064.0,2873493.0,3413888.0,3457217.0,2450331.0,4935093.0,4667984.0,2669074.0,4922240.0,1754372.0,2840646.0,23.1267,0.009515,2890620.8,13.6361,0.0051,2436653.0,8.0883,0.002659,2593440.33,5.0662,0.001732,2452894.95,4.0174,0.001358,2852388.5,2.3031,0.000883
20261008,2387,精元,112207.0,186824.0,356783.0,303009.0,371925.0,142099.0,178317.0,164403.0,104425.0,247210.0,264445.0,208476.0,253185.0,167575.0,134450.0,121236.0,122570.0,209808.0,140519.0,265003.0,236438.0,327098.0,354164.0,238660.0,214686.0,252038.0,159160.0,251367.0,120125.0,257316.0,218604.67,17.1096,0.000542,266149.6,8.4319,0.00029,216720.2,5.1775,0.000151,213022.2,3.5116,9.9e-05,202723.45,2.7675,7.7e-05,215517.37,1.7355,5e-05
20261008,2388,威盛,1175217.0,1615347.0,2101173.0,2743696.0,1856104.0,3772346.0,2586687.0,2745942.0,2490248.0,5920538.0,4635969.0,2376608.0,2818265.0,4760943.0,2250709.0,3721940.0,2929348.0,2593225.0,1974089.0,3223793.0,8501828.0,8928166.0,14272565.0,6337270.0,5310277.0,2051162.0,1997572.0,1551472.0,2004474.0,3026628.0,1630579.0,24.0245,0.005674,1898307.4,12.3817,0.003041,2700729.8,4.3515,0.001585,2923319.47,2.6801,0.001033,2914609.35,2.0161,0.00081,3742453.37,1.0467,0.000526
20261008,2390,云辰,273942.0,278355.0,443594.0,500084.0,288005.0,247599.0,296395.0,264078.0,91320.0,207215.0,266467.0,339673.0,245092.0,771990.0,299844.0,239914.0,613149.0,801841.0,565847.0,371602.0,346689.0,548616.0,391211.0,503919.0,296388.0,329944.0,398180.0,456284.0,636796.0,674924.0,331963.67,27.5072,0.001323,356796.0,15.3557,0.000709,289058.7,9.477,0.00037,320910.2,5.6909,0.000241,370300.3,3.6989,0.000189,399631.9,2.285,0.000123
20261008,2392,正崴,1774063.0,1347513.0,1072453.0,2111669.0,751476.0,893005.0,2838358.0,2296930.0,1407640.0,2255184.0,4808572.0,5140025.0,1624174.0,1560844.0,1933367.0,1985053.0,1985279.0,2532212.0,1572885.0,1690380.0,3507000.0,3278504.0,3267943.0,4625829.0,2780697.0,5269563.0,14226070.0,7275128.0,8847109.0,5149062.0,1398009.67,42.2997,0.008565,1411434.8,25.1384,0.004591,1674829.1,10.5925,0.002393,2121018.2,5.5761,0.001559,2079054.1,4.2665,0.001222,3326932.9,1.7775,0.000795
20261008,2393,億光,1868693.0,2297603.0,1757265.0,3705329.0,2465307.0,1196217.0,1624941.0,1548656.0,1785998.0,1595122.0,1412826.0,747378.0,2793120.0,1435863.0,1856784.0,516010.0,877525.0,833766.0,1072360.0,1198834.0,1115350.0,1601153.0,787223.0,1109407.0,1241673.0,1832843.0,2325359.0,1325441.0,1246373.0,2560420.0,1974520.33,31.5468,0.009022,2418839.4,15.4512,0.004836,1984513.1,9.4164,0.002521,1872740.13,6.6523,0.001642,1629479.85,5.734,0.001287,1591161.3,3.9147,0.000837
20261008,2395,研華,1858129.0,1684627.0,2241614.0,2579224.0,2331301.0,1657283.0,2193924.0,3797824.0,2762561.0,1934433.0,1756338.0,2085226.0,3490854.0,3120413.0,2260135.0,3502426.0,2641185.0,4777433.0,1508918.0,2357531.0,4049282.0,3571608.0,5020071.0,2965759.0,3182937.0,4999424.0,3307652.0,1322160.0,2106037.0,2326596.0,1928123.33,32.1233,0.008971,2138979.0,17.374,0.004809,2304092.0,8.0645,0.002507,2383592.4,5.197,0.001633,2527068.95,3.6765,0.00128,2779763.5,2.2282,0.000832
20261008,2397,友通,344504.0,184260.0,169416.0,548548.0,200092.0,77471.0,104686.0,205189.0,100308.0,102718.0,280755.0,170106.0,228084.0,386125.0,101389.0,136367.0,100900.0,255543.0,164061.0,306684.0,440127.0,225082.0,204498.0,331889.0,107257.0,228636.0,184514.0,177635.0,220008.0,147341.0,232726.67,49.3431,0.001663,289364.0,23.8111,0.000892,203719.2,16.9107,0.000465,213576.73,10.7535,0.000303,208360.3,8.267,0.000237,214473.1,5.3543,0.000154
20261008,2399,映泰,2526380.0,7874104.0,6286145.0,9795241.0,8735540.0,18929412.0,4266570.0,9457571.0,1726908.0,2273475.0,8029229.0,11211179.0,7612044.0,18069855.0,5827804.0,4643801.0,1673585.0,2215732.0,1440253.0,1794361.0,3464596.0,7405380.0,11766820.0,3744046.0,3822478.0,2523208.0,3236845.0,4144948.0,4989692.0,10112134.0,5562209.67,15.1401,0.012197,7043482.0,7.1737,0.006538,7187134.6,3.5151,0.003408,8174763.8,2.0603,0.00222,6719459.45,1.8799,0.00174,6319977.87,1.3325,0.001132
20261008,2401,凌陽,1959236.0,1934572.0,2988570.0,6369118.0,5358097.0,6341638.0,4146961.0,2382079.0,1298421.0,1861501.0,3057885.0,4848287.0,3184304.0,2242550.0,1394388.0,1721054.0,1546162.0,2658941.0,1413438.0,1341911.0,2278556.0,1719854.0,2130021.0,2404067.0,1189251.0,2272441.0,1911228.0,1770783.0,2009516.0,1826895.0,2294126.0,28.4674,0.009459,3721918.6,10.5281,0.00507,3464019.3,5.656,0.002643,3291173.8,3.9687,0.001722,2902455.65,3.3751,0.00135,2585390.83,2.526,0.000878
20261008,2402,毅嘉,2515996.0,6668560.0,2273084.0,2105761.0,2669039.0,1592787.0,3323935.0,2274646.0,860023.0,745947.0,960980.0,758230.0,796270.0,815040.0,592487.0,1091415.0,756777.0,1034429.0,796849.0,1068658.0,1590173.0,1311538.0,1420518.0,2415106.0,4781802.0,6075518.0,7201865.0,1135408.0,1575205.0,1074330.0,3819213.33,21.9591,0.012147,3246488.0,15.4998,0.006511,2502977.8,10.052,0.003394,1930185.67,8.69,0.002211,1685045.65,7.4657,0.001733,2076079.2,4.0397,0.001127
20261008,2404,漢唐,1100607.0,749646.0,1585682.0,1938856.0,2191273.0,1828034.0,3585103.0,3026743.0,2827024.0,5162606.0,1655529.0,2092541.0,3305776.0,636296.0,746369.0,965057.0,976489.0,1637345.0,674867.0,1187583.0,651640.0,951408.0,1780078.0,1457353.0,2371343.0,1513709.0,1469391.0,1240100.0,1452608.0,687620.0,1145311.67,32.0322,0.005314,1513212.8,14.5466,0.002848,2399557.4,4.5867,0.001485,2162139.0,3.3936,0.000967,1893671.3,2.906,0.000758,1714955.87,2.1392,0.000493
20261008,2405,輔信,533878.0,581439.0,789377.0,1245035.0,597635.0,1893686.0,1249040.0,728911.0,637095.0,953506.0,1226085.0,788492.0,1086363.0,1083829.0,487701.0,497201.0,488360.0,991005.0,1244606.0,811272.0,568800.0,1064013.0,921648.0,1428440.0,812413.0,599052.0,761774.0,665500.0,841381.0,618885.0,634898.0,28.0296,0.002577,749472.8,14.2468,0.001382,920960.2,5.797,0.00072,925471.47,3.8458,0.000469,895725.8,2.9801,0.000368,873214.07,2.038,0.000239
20261008,2406,國碩,3079368.0,3453660.0,9532076.0,9148067.0,5205433.0,6902322.0,18980568.0,4945789.0,10613029.0,7690881.0,33061443.0,12317610.0,4682700.0,1984659.0,1661791.0,1698955.0,1734464.0,3041349.0,2722263.0,2266549.0,2237101.0,2054941.0,3061571.0,4151276.0,2962726.0,2884365.0,3132529.0,3080599.0,2763451.0,3213169.0,5355034.67,19.1681,0.014867,6083720.8,10.1233,0.007969,7955119.3,3.8709,0.004154,8883959.73,2.3108,0.002706,7236148.8,2.1278,0.002121,5808823.47,1.7671,0.001379
20261008,2408,南亞科,64506140.0,38411816.0,30800962.0,42326713.0,36677068.0,27085390.0,40070207.0,24966274.0,40244712.0,62507257.0,63282202.0,34499395.0,79512606.0,44996045.0,36437142.0,34239430.0,49215000.0,38482147.0,38162049.0,37518171.0,76221279.0,57088818.0,75118695.0,123832867.0,52916302.0,82818290.0,191074130.0,77043671.0,87535752.0,61614233.0,44572972.67,48.2401,0.311426,42544539.8,30.3241,0.166938,40759653.9,15.826,0.087015,44421595.27,9.6809,0.05669,43197036.3,7.4665,0.044438,58306825.43,3.6877,0.028897
20261008,2409,友達,275388154.0,349688890.0,496834937.0,965082115.0,701554317.0,932903295.0,432086519.0,539771575.0,542503236.0,948644349.0,1162430621.0,822971740.0,348900833.0,368721904.0,262801666.0,238024652.0,311779520.0,519203137.0,497017089.0,590064949.0,623892482.0,523099639.0,158253125.0,440835576.0,117900028.0,107148029.0,162039205.0,126685578.0,58110008.0,62561686.0,373970660.33,24.5463,1.329533,557709682.6,9.8757,0.712688,618445738.7,4.4529,0.371483,610018943.4,3.0096,0.24202,565318674.9,2.4357,0.189715,456229961.8,2.0121,0.123365
20261008,2412,中華電,9157281.0,7080591.0,7052714.0,8515486.0,10009961.0,8628434.0,10607859.0,11652180.0,6311915.0,8326189.0,5469034.0,9034372.0,28080563.0,15263938.0,14825696.0,16914018.0,18796712.0,14548634.0,7123138.0,9797074.0,11188451.0,8953714.0,7383449.0,13060255.0,10960892.0,6889714.0,15450910.0,11702399.0,5614668.0,7842434.0,7763528.67,39.3175,0.04421,8363206.6,21.899,0.023699,8734261.0,10.4843,0.012353,10667747.53,5.7227,0.008048,11359789.45,4.0306,0.006308,10874755.83,2.8069,0.004102
20261008,2413,環科,3876566.0,12287291.0,35747534.0,8344142.0,1936535.0,2839552.0,1359582.0,1495022.0,2307936.0,4902538.0,8885890.0,24916387.0,9428955.0,17418227.0,6868994.0,3950916.0,5380592.0,5052523.0,17578352.0,9956309.0,4634982.0,9650289.0,4428068.0,477695.0,316220.0,432385.0,348305.0,487266.0,521601.0,552548.0,17303797.0,7.4677,0.018715,12438413.6,6.2332,0.010032,7509669.8,5.1621,0.005229,9507676.73,2.7182,0.003407,9226692.15,2.1007,0.002671,6879440.07,1.8783,0.001737
20261008,2414,精技,77277.0,158831.0,155267.0,147039.0,96131.0,47056.0,84155.0,94978.0,50580.0,82328.0,85291.0,144199.0,113074.0,121659.0,103942.0,129546.0,84813.0,229635.0,115225.0,295390.0,146537.0,120682.0,50786.0,102212.0,86349.0,87972.0,117499.0,149970.0,97084.0,184852.0,130458.33,19.745,0.000373,126909.0,12.1783,0.0002,99364.2,7.7771,0.000104,104120.47,4.9479,6.8e-05,120820.8,3.198,5.3e-05,118678.63,2.1705,3.5e-05
20261008,2415,錩新,441334.0,1307945.0,1376135.0,181279.0,130591.0,81248.0,97264.0,133360.0,114450.0,113718.0,138241.0,48330.0,71371.0,126797.0,42025.0,39205.0,132718.0,107543.0,49993.0,110374.0,179099.0,146843.0,123437.0,234676.0,107187.0,184808.0,152858.0,254732.0,456079.0,281344.0,1041804.67,14.1208,0.002131,687456.8,12.8396,0.001142,397732.4,11.0963,0.000595,293605.87,10.021,0.000388,242196.05,9.1111,0.000304,232166.13,6.3365,0.000198
20261008,2417,圓剛,347505.0,439692.0,356160.0,520001.0,315091.0,226049.0,300977.0,289907.0,260302.0,383511.0,316734.0,341658.0,325813.0,413782.0,178001.0,277605.0,187390.0,290606.0,613494.0,547565.0,916301.0,1566719.0,378620.0,622140.0,452862.0,348821.0,340463.0,941603.0,1083792.0,408926.0,381119.0,30.3934,0.001678,395689.8,17.5645,0.000899,343919.5,10.1043,0.000469,334345.53,6.9291,0.000305,346592.15,5.0132,0.000239,466403.0,2.4836,0.000156
20261008,2419,仲琦,625645.0,810858.0,1056397.0,3182143.0,952057.0,868654.0,1515464.0,1112751.0,928764.0,1737308.0,8485769.0,10193931.0,1343637.0,1787710.0,883317.0,493599.0,677622.0,966605.0,1110309.0,1077601.0,1284774.0,1666405.0,3179347.0,13313309.0,2493846.0,362632.0,318240.0,294908.0,527490.0,412450.0,830966.67,25.0971,0.003021,1325420.0,9.4407,0.001619,1279004.1,4.8917,0.000844,2365627.0,1.7632,0.00055,1990507.05,1.5716,0.000431,2122118.07,0.9827,0.00028
20261008,2420,新巨,200301.0,258680.0,483846.0,413342.0,710978.0,1734967.0,290433.0,168026.0,99586.0,181386.0,228341.0,96630.0,255625.0,322778.0,174632.0,233052.0,221092.0,439223.0,278171.0,319157.0,326120.0,194989.0,206377.0,194651.0,200073.0,288344.0,300417.0,408121.0,575866.0,901896.0,314275.67,21.2447,0.000967,413429.4,9.6897,0.000518,454154.5,4.4104,0.00027,374636.73,3.5644,0.000176,355512.3,2.8171,0.000138,356903.33,1.8707,9e-05
20261008,2421,建準,1778851.0,1937016.0,3717459.0,3627253.0,1705201.0,1500134.0,2575748.0,1737849.0,1839727.0,1706218.0,1829549.0,1442731.0,3294198.0,2197326.0,1439873.0,2719238.0,2126649.0,2503930.0,1957046.0,4682920.0,3308402.0,6516903.0,8051994.0,4870989.0,6794329.0,12942807.0,21013490.0,8387615.0,13351450.0,2780994.0,2477775.33,23.9308,0.008588,2553156.0,13.9345,0.004604,2212545.6,8.0398,0.0024,2155275.53,5.5023,0.001563,2315945.8,3.8404,0.001225,4477929.63,1.3242,0.000797
20261008,2423,固緯,65121.0,51856.0,109478.0,84325.0,129843.0,155965.0,156525.0,128162.0,132973.0,40022.0,54090.0,35506.0,56321.0,50341.0,91323.0,44303.0,62401.0,121367.0,132928.0,36247.0,38462.0,38038.0,112258.0,70598.0,48380.0,52626.0,67445.0,101661.0,78803.0,141791.0,75485.0,28.7567,0.000314,88124.6,14.7793,0.000169,105427.0,6.1769,8.8e-05,89456.73,4.8531,5.7e-05,86954.85,3.7445,4.5e-05,82971.97,2.6162,2.9e-05
20261008,2424,隴華,90511.0,42591.0,25456.0,43424.0,34407.0,29020.0,21000.0,31369.0,22000.0,12394.0,29398.0,15010.0,36920.0,109468.0,107671.0,16185.0,49000.0,139000.0,11166.0,24522.0,26004.0,7000.0,24412.0,7000.0,43565.0,32000.0,29000.0,13405.0,34418.0,22213.0,52852.67,57.0838,0.000437,47277.8,38.289,0.000234,35217.2,25.7008,0.000122,43375.93,13.9111,8e-05,44525.6,10.1639,6.2e-05,37650.97,8.0132,4.1e-05
20261008,2425,承啟,543343.0,267755.0,613436.0,523513.0,424753.0,472709.0,379607.0,320575.0,263492.0,297968.0,592075.0,884121.0,366068.0,444296.0,371471.0,539910.0,553074.0,725103.0,383432.0,439668.0,546180.0,751168.0,969164.0,1158056.0,566300.0,599173.0,773546.0,657898.0,919810.0,855739.0,474844.67,38.1418,0.002623,474560.0,22.8988,0.001406,410715.1,13.2292,0.000733,451012.13,8.0315,0.000478,470318.45,5.7763,0.000374,573446.77,3.1583,0.000243
20261008,2426,鼎元,14116528.0,23822354.0,42807087.0,27454253.0,30702529.0,60579280.0,65671370.0,26792812.0,28496177.0,25571698.0,32316192.0,21381046.0,51478754.0,62010959.0,50843543.0,26180761.0,29582354.0,50681192.0,27182324.0,56170188.0,39992731.0,61028043.0,62192930.0,52236548.0,78465633.0,68553081.0,86618154.0,61918218.0,96713278.0,82191163.0,26915323.0,17.4826,0.068153,27780550.2,10.1629,0.036533,34601408.8,4.0798,0.019042,37602972.13,2.5027,0.012406,37692070.05,1.8726,0.009725,48125039.33,0.9778,0.006324
20261008,2427,三商電,236919.0,312512.0,772325.0,848121.0,373326.0,326919.0,674941.0,268772.0,500406.0,433015.0,568193.0,1734660.0,1483762.0,1366218.0,3954120.0,5301477.0,2546117.0,885909.0,333139.0,259910.0,455247.0,431920.0,220034.0,323507.0,166706.0,338947.0,202269.0,198118.0,285829.0,310945.0,440585.33,17.9246,0.001144,508640.6,9.3158,0.000613,474725.6,4.9907,0.00032,923613.93,1.7101,0.000208,1159038.05,1.0221,0.000163,870476.1,0.9072,0.000106
20261008,2428,興勤,3595495.0,1964422.0,539438.0,1269811.0,1521035.0,1837260.0,437048.0,627862.0,496159.0,644052.0,1381839.0,1000263.0,970464.0,849080.0,499295.0,794119.0,875915.0,2241225.0,790825.0,1240196.0,979542.0,1426110.0,2467223.0,1098757.0,1282277.0,910750.0,2329729.0,3339298.0,1510687.0,1784744.0,2033118.33,58.9488,0.017359,1778040.2,40.4433,0.009305,1293258.2,27.8018,0.00485,1175568.2,20.3901,0.00316,1178790.15,15.2508,0.002477,1356830.67,8.8331,0.001611
20261008,2429,銘旺科,295187.0,153070.0,283912.0,377825.0,197741.0,174885.0,509815.0,166022.0,116086.0,99135.0,193718.0,270513.0,182589.0,81606.0,120575.0,113436.0,163418.0,140022.0,195731.0,167386.0,180330.0,245451.0,269146.0,255861.0,130992.0,135390.0,156721.0,381892.0,459446.0,311836.0,244056.33,40.3168,0.001425,261547.0,22.5724,0.000764,237367.8,12.4358,0.000398,214845.27,9.1597,0.000259,200133.6,7.3747,0.000203,217657.9,4.5207,0.000132
20261008,2430,燦坤,40348.0,40118.0,46868.0,53359.0,15758.0,20062.0,64269.0,46687.0,50025.0,33841.0,41036.0,19291.0,34951.0,103531.0,75583.0,34539.0,49205.0,44635.0,53159.0,30461.0,47670.0,58317.0,50888.0,53017.0,45151.0,29655.0,18440.0,59187.0,58089.0,76925.0,42444.67,31.6867,0.000195,39290.2,20.5385,0.000104,41133.5,9.809,5.4e-05,45715.13,5.884,3.5e-05,44886.3,4.4945,2.8e-05,46502.17,2.8922,1.8e-05
20261008,2431,聯昌,92989.0,130486.0,76120.0,73877.0,131658.0,52066.0,80852.0,81012.0,73469.0,76665.0,108271.0,96772.0,79967.0,71083.0,63100.0,206137.0,83220.0,106551.0,171728.0,86679.0,186176.0,90689.0,64269.0,426536.0,60035.0,141155.0,201994.0,308788.0,76686.0,60871.0,99865.0,31.0382,0.000449,101026.0,18.4089,0.000241,86919.4,10.6983,0.000125,85892.47,7.2175,8.2e-05,97135.1,4.7866,6.4e-05,118663.37,2.6121,4.2e-05
20261008,2432,倚天酷碁-創,109044.0,136271.0,17700.0,16296.0,26015.0,2204.0,3000.0,7000.0,25100.0,28000.0,22035.0,10000.0,17000.0,16004.0,2000.0,46000.0,4000.0,15530.0,25000.0,18000.0,9764.0,62000.0,15214.0,64066.0,25000.0,6000.0,24284.0,18000.0,9000.0,16000.0,87671.67,41.4592,0.000526,61065.2,35.714,0.000282,37063.0,29.4213,0.000147,29177.93,24.9147,9.6e-05,27309.95,19.9642,7.5e-05,26517.57,13.7071,4.9e-05
20261008,2433,互盛電,57799.0,71708.0,96221.0,32447.0,32477.0,27552.0,32175.0,22405.0,29084.0,8897.0,22085.0,36103.0,26593.0,51655.0,13130.0,77767.0,54352.0,33272.0,20141.0,42500.0,27500.0,27039.0,34767.0,17466.0,18204.0,25351.0,18421.0,11353.0,25260.0,19595.0,75242.67,25.6056,0.000279,58130.4,19.886,0.00015,41076.5,14.0711,7.8e-05,37355.4,10.3152,5.1e-05,39418.15,7.3315,4e-05,33777.3,5.7039,2.6e-05
20261008,2434,統懋,154832.0,182519.0,256186.0,430500.0,386930.0,470446.0,837812.0,423909.0,507659.0,3007147.0,901373.0,372420.0,410571.0,378520.0,506459.0,323108.0,827809.0,258793.0,408467.0,654935.0,582800.0,730478.0,1775042.0,3404556.0,2453812.0,389847.0,2052954.0,841487.0,457811.0,683656.0,197845.67,26.0863,0.000748,282193.4,10.9735,0.000401,665794.0,2.3255,0.000209,615152.2,1.678,0.000136,585019.75,1.3233,0.000107,835761.27,0.6175,6.9e-05
20261008,2436,偉詮電,2437971.0,5802177.0,6186266.0,7263426.0,6180465.0,5128346.0,9601609.0,12261097.0,8606455.0,4086531.0,9048029.0,8568018.0,2345779.0,3054512.0,2346850.0,3379379.0,3888239.0,3317408.0,6880453.0,8162413.0,18280129.0,15538506.0,2148121.0,2954871.0,2414302.0,4325793.0,3754600.0,7902977.0,14603858.0,3745958.0,4808804.67,16.8994,0.01177,5574061.0,8.7476,0.006309,6755434.3,3.6089,0.003289,6194502.07,2.6238,0.002143,5927271.15,2.0566,0.00168,6473817.93,1.2553,0.001092
20261008,2438,翔耀,39221.0,25404.0,127984.0,101117.0,98511.0,68287.0,91740.0,42204.0,62725.0,66498.0,106267.0,189467.0,277325.0,46575.0,63113.0,84810.0,52416.0,123680.0,90634.0,84311.0,186053.0,326307.0,905569.0,1014704.0,266618.0,52326.0,25485.0,39369.0,20499.0,45554.0,64203.0,20.363,0.000189,78447.4,9.9993,0.000102,72369.1,5.4196,5.3e-05,93762.53,2.7887,3.4e-05,92114.45,2.1289,2.7e-05,157492.43,0.8301,1.8e-05
20261008,2439,美律,4244452.0,4148169.0,1122371.0,1528057.0,1599165.0,1185652.0,1996651.0,1655190.0,780903.0,1021215.0,871706.0,629039.0,1055817.0,1577799.0,879449.0,920480.0,629205.0,742851.0,2123831.0,2385133.0,1213081.0,1751823.0,1030060.0,953736.0,1180331.0,838080.0,1035146.0,841519.0,4288456.0,1650286.0,3171664.0,44.608,0.020492,2528442.8,33.5736,0.010984,1928182.5,22.0127,0.005726,1619709.0,17.47,0.00373,1554856.75,13.649,0.002924,1529321.77,9.2513,0.001901
20261008,2440,太空梭,137843.0,136274.0,318691.0,294607.0,185206.0,106400.0,230906.0,237635.0,237173.0,140401.0,173002.0,409475.0,197812.0,154146.0,115953.0,214588.0,125489.0,199000.0,174066.0,193248.0,217604.0,628143.0,302298.0,208512.0,189042.0,176203.0,235775.0,212530.0,266737.0,181305.0,197602.67,23.2526,0.000665,214524.2,12.851,0.000357,202513.6,6.8066,0.000186,205034.93,4.4819,0.000121,199095.75,3.4617,9.5e-05,220002.13,2.0885,6.2e-05
20261008,2441,超豐,4126182.0,2774900.0,3496315.0,3434661.0,3477871.0,2286709.0,4050745.0,2178482.0,2830184.0,6727556.0,8632039.0,6951031.0,6324258.0,5169729.0,2201806.0,6099917.0,2675752.0,2722337.0,2045804.0,3013530.0,4808086.0,3080253.0,2382848.0,3142109.0,2453928.0,5703873.0,4471896.0,4798444.0,5120052.0,4474330.0,3465799.0,39.6848,0.019921,3461985.8,23.8371,0.010678,3538360.5,11.6613,0.005566,4310831.2,6.3811,0.003626,4060990.4,5.0803,0.002843,4055187.57,3.3917,0.001848
20261008,2442,新美齊,939219.0,754557.0,1267544.0,1307835.0,548727.0,584765.0,527504.0,599670.0,701204.0,564744.0,734348.0,791676.0,1582602.0,1182536.0,1537330.0,1093630.0,1402479.0,1602368.0,1130186.0,866263.0,3136109.0,4540143.0,2896580.0,2188808.0,2129027.0,1976779.0,1555072.0,2158277.0,1069479.0,965457.0,987106.67,31.7162,0.004534,963576.4,19.4944,0.002431,779576.9,12.0478,0.001267,908284.07,6.8937,0.000825,985959.35,4.763,0.000647,1411163.93,2.2185,0.000421
20261008,2444,兆勁,1403206.0,1198345.0,3113385.0,5517237.0,5722454.0,2798688.0,3239205.0,1916012.0,2121301.0,5142905.0,6502371.0,2310416.0,980533.0,406830.0,245848.0,250935.0,791382.0,1486861.0,166634.0,291992.0,1185893.0,816529.0,263506.0,226382.0,261922.0,103699.0,90036.0,71332.0,138938.0,119987.0,1904978.67,24.5533,0.006774,3390925.4,8.2762,0.003631,3217273.8,4.3615,0.001893,2841249.07,3.2925,0.001233,2280327.0,3.0768,0.000967,1629492.13,2.8704,0.000629
20261008,2449,京元電子,52163924.0,23768059.0,23643333.0,18711413.0,13902351.0,14832156.0,24039103.0,29756706.0,27018575.0,37725251.0,72526468.0,56082091.0,61177949.0,15860463.0,7774589.0,7605273.0,11531077.0,17759730.0,13033964.0,12493027.0,16085950.0,26506217.0,15925999.0,25192365.0,34026931.0,53349538.0,37673436.0,56354325.0,13085586.0,11870523.0,33191772.0,52.3864,0.25184,26437816.0,39.4616,0.134997,26556087.1,19.6429,0.070366,31932162.07,10.8906,0.045843,27070275.1,9.6349,0.035936,27715879.07,6.2737,0.023368
20261008,2450,神腦,133273.0,46257.0,230181.0,111053.0,45470.0,57825.0,67908.0,72438.0,38338.0,75460.0,99176.0,54015.0,141322.0,89296.0,217758.0,47457.0,62003.0,52005.0,28238.0,60973.0,66620.0,121763.0,153029.0,40054.0,61547.0,53542.0,90314.0,65894.0,82843.0,82950.0,136570.33,32.5285,0.000643,113246.8,23.5367,0.000345,87820.3,15.1756,0.00018,98651.33,9.0063,0.000117,86522.3,7.7017,9.2e-05,84966.73,5.2284,6e-05
20261008,2451,創見,2753726.0,2495410.0,3760489.0,1846095.0,1091828.0,1342152.0,2749434.0,1570470.0,1295375.0,1763824.0,1886282.0,1852572.0,1429145.0,1966741.0,2846188.0,1233606.0,1548503.0,2210620.0,2174895.0,1616704.0,2886271.0,2660219.0,4821567.0,4408811.0,2618056.0,2797380.0,3132797.0,4263053.0,3120478.0,3762910.0,3003208.33,30.5643,0.013295,2389509.6,23.0485,0.007126,2066880.3,13.3231,0.003715,2043315.4,8.9845,0.00242,1971702.95,6.9831,0.001897,2463520.03,3.726,0.001234
20261008,2453,凌群,133587.0,143617.0,204484.0,215572.0,87830.0,181828.0,155714.0,146093.0,262272.0,316710.0,352177.0,255351.0,534878.0,787924.0,1392854.0,1042773.0,2565311.0,379472.0,152025.0,142520.0,95926.0,207237.0,155758.0,212229.0,121371.0,154028.0,136272.0,134425.0,176073.0,111646.0,160562.67,27.7331,0.000645,157018.0,17.0155,0.000346,184770.7,7.2299,0.00018,344726.07,2.5834,0.000117,472649.6,1.4132,9.2e-05,365265.23,1.2191,6e-05
20261008,2454,聯發科,8868204.0,7695137.0,9987983.0,7580538.0,4503961.0,4378234.0,8292336.0,13758267.0,7817443.0,6430491.0,12131543.0,11237165.0,10365174.0,6495763.0,6640865.0,6209254.0,6122500.0,7591878.0,6662243.0,5400794.0,6511906.0,17178200.0,9051589.0,9510164.0,23567252.0,4931652.0,7222243.0,5064877.0,5702912.0,8370053.0,8850441.33,33.4002,0.042814,7727164.6,22.9533,0.02295,7931259.4,11.1813,0.011963,8412206.93,7.028,0.007794,7908488.65,5.6068,0.006109,8509354.03,3.4739,0.003973
20261008,2455,全新,6225339.0,15372361.0,16089486.0,2369279.0,4299731.0,2010853.0,1395143.0,1025212.0,1640793.0,3310728.0,18755075.0,15658626.0,20026752.0,28618653.0,19718194.0,1671642.0,1719569.0,1842066.0,1564218.0,2499264.0,4653069.0,3476203.0,24125544.0,21442379.0,34014193.0,28052088.0,32356290.0,2121492.0,4766593.0,3496416.0,12562395.33,16.5185,0.030055,8871239.2,14.0349,0.016111,5373892.5,11.5844,0.008398,10434415.0,3.9774,0.005471,8290649.2,3.7544,0.004289,10810575.03,1.9195,0.002789
20261008,2457,飛宏,724313.0,765898.0,693366.0,1005382.0,1071817.0,875354.0,1577143.0,848756.0,708477.0,812985.0,828999.0,946087.0,1285572.0,1173581.0,623383.0,1203973.0,692782.0,1195388.0,750544.0,698227.0,644403.0,726926.0,804555.0,1162772.0,1468898.0,6205762.0,1264737.0,1186566.0,1143866.0,776583.0,727859.0,33.1709,0.003497,852155.2,16.9996,0.001874,908349.1,7.9739,0.000977,929407.53,5.1955,0.000637,924101.35,3.919,0.000499,1128903.17,2.1387,0.000324
20261008,2458,義隆,1199825.0,1032856.0,1104305.0,3162450.0,1469046.0,1517721.0,1489305.0,1645198.0,2731471.0,1320418.0,1905883.0,883659.0,1542845.0,904593.0,756459.0,724849.0,1181243.0,892804.0,993979.0,1027361.0,1544886.0,2608621.0,1513536.0,1889453.0,981501.0,1120753.0,1582845.0,1408457.0,1326720.0,881642.0,1112328.67,35.9554,0.005793,1593696.4,15.0571,0.003105,1667259.5,7.1964,0.001618,1511068.93,5.2935,0.001054,1374313.5,4.3652,0.000827,1411489.47,2.8335,0.000537
20261008,2459,敦吉,37570.0,81727.0,71493.0,104965.0,53421.0,65989.0,89452.0,28055.0,67374.0,55511.0,39592.0,38516.0,69290.0,88144.0,28775.0,31265.0,47643.0,47523.0,56404.0,23380.0,80028.0,90921.0,52489.0,46361.0,62665.0,55458.0,30324.0,70609.0,57757.0,110378.0,63596.67,19.6918,0.000181,69835.2,10.7596,9.7e-05,65555.7,5.731,5.1e-05,61324.93,4.0843,3.3e-05,56304.45,3.3363,2.6e-05,59435.97,2.107,1.7e-05
20261008,2460,建通,150845.0,191619.0,222496.0,236341.0,249961.0,182478.0,291976.0,175462.0,264150.0,302170.0,241351.0,198372.0,216476.0,292024.0,134529.0,347798.0,243293.0,507623.0,1178586.0,857582.0,158157.0,177952.0,121096.0,209547.0,265637.0,284346.0,409768.0,249839.0,282858.0,157324.0,188320.0,26.7001,0.000728,210252.4,14.3489,0.00039,226749.8,6.6525,0.000203,223350.0,4.5025,0.000133,324256.6,2.326,0.000104,293388.53,1.7138,6.8e-05
20261008,2461,光群雷,592551.0,735463.0,931415.0,545276.0,498599.0,630493.0,749481.0,260253.0,291344.0,185355.0,558804.0,218083.0,482852.0,598343.0,498699.0,246569.0,655539.0,389983.0,1159404.0,733668.0,438497.0,539139.0,832211.0,469311.0,323917.0,625514.0,596588.0,1218185.0,896961.0,1319815.0,753143.0,26.2257,0.002861,660660.8,17.9381,0.001533,542023.0,10.9322,0.000799,518467.4,7.6193,0.000521,548108.7,5.4054,0.000408,607410.4,3.2518,0.000265
20261008,2462,良得電,95716.0,161335.0,718739.0,946938.0,171942.0,53335.0,84776.0,118354.0,132016.0,218631.0,182222.0,144287.0,216402.0,93010.0,106988.0,148131.0,124599.0,186112.0,111961.0,122982.0,233433.0,261374.0,187550.0,197146.0,247419.0,570118.0,351610.0,154177.0,313239.0,294993.0,325263.33,9.8091,0.000462,418934.0,4.5695,0.000248,270178.2,3.5427,0.000129,229646.07,2.7787,8.4e-05,206923.8,2.3128,6.6e-05,231651.17,1.3773,4.3e-05
20261008,2464,盟立,6100079.0,12298958.0,11214165.0,23185762.0,11541972.0,8277531.0,8431839.0,9138976.0,13517821.0,18569239.0,11046575.0,9685560.0,23685793.0,8382682.0,7797549.0,6261941.0,9893934.0,10923447.0,14845378.0,7665316.0,16615042.0,16856438.0,54753350.0,17067426.0,27613956.0,10411363.0,15626012.0,25845387.0,13229763.0,10392650.0,9871067.33,20.5992,0.02945,12868187.2,9.4809,0.015787,12227634.2,4.9888,0.008229,12191633.4,3.3357,0.005361,11623225.85,2.6241,0.004202,14695863.47,1.3836,0.002733
20261008,2465,麗臺,2324584.0,1108262.0,935676.0,1502240.0,1111572.0,1460228.0,1236989.0,1231345.0,760389.0,1008833.0,1185190.0,1415222.0,1063193.0,1832879.0,1046583.0,1093990.0,1226388.0,1621201.0,3351988.0,3421639.0,6742508.0,6180573.0,5766066.0,12290391.0,8513698.0,2639803.0,2385753.0,3743057.0,4767796.0,3896409.0,1456174.0,53.2121,0.011223,1396466.8,33.2924,0.006016,1268011.8,18.3325,0.003136,1281545.67,12.0926,0.002043,1496919.55,7.7646,0.001601,2895481.5,2.6761,0.001041
20261008,2466,冠西電,1622066.0,10204554.0,6768665.0,4574285.0,2480183.0,5280903.0,3211857.0,2218538.0,2401504.0,2419089.0,2847575.0,1237185.0,1513925.0,845205.0,911148.0,701940.0,1819218.0,1996361.0,696810.0,957183.0,706107.0,914384.0,788259.0,2125817.0,1938163.0,815236.0,1422163.0,1647656.0,2138056.0,2213511.0,6198428.33,8.723,0.007831,5129950.6,6.3239,0.004198,4118164.4,3.9388,0.002188,3235778.8,3.3419,0.001426,2735409.7,2.9649,0.001117,2313918.2,2.3367,0.000727
20261008,2467,志聖,967006.0,1682322.0,1022332.0,1316432.0,588320.0,878273.0,1037845.0,889505.0,631344.0,705750.0,743564.0,680491.0,845560.0,956336.0,537328.0,794077.0,930052.0,1186327.0,610961.0,2068212.0,1191148.0,1069202.0,1244842.0,1093999.0,953685.0,1718207.0,1360430.0,2420640.0,1562230.0,1132206.0,1223886.67,26.337,0.004669,1115282.4,17.341,0.002503,971912.9,9.9495,0.001304,898827.2,7.1724,0.00085,953601.85,5.0703,0.000666,1093954.2,2.9465,0.000433
20261008,2468,華經,1543949.0,2749683.0,8214573.0,4568867.0,1437269.0,993907.0,817306.0,920536.0,1795696.0,1701497.0,2869403.0,26714608.0,12298765.0,9363080.0,46253058.0,7140627.0,2185407.0,4234479.0,140063.0,150826.0,239894.0,115000.0,236310.0,341505.0,140878.0,136791.0,141472.0,172874.0,161624.0,178177.0,4169401.67,12.3435,0.007454,3702868.2,8.3392,0.003996,2474328.3,6.2399,0.002083,8149479.8,1.263,0.001357,6804679.95,1.1345,0.001064,4598604.13,1.1191,0.000692
20261008,2471,資通,64233.0,53173.0,310025.0,221987.0,93991.0,92092.0,153886.0,187884.0,432876.0,235541.0,382747.0,531148.0,864307.0,320667.0,563115.0,1987251.0,1106194.0,93015.0,45992.0,45752.0,59055.0,96328.0,74100.0,113860.0,76604.0,110664.0,167473.0,71246.0,55680.0,93332.0,142477.0,15.0277,0.00031,148681.8,8.6403,0.000166,184568.8,3.4802,8.7e-05,300511.47,1.425,5.6e-05,389293.8,0.825,4.4e-05,290140.6,0.738,2.9e-05
20261008,2472,立隆電,6727054.0,9533962.0,1617846.0,3396416.0,4791775.0,5071180.0,1051547.0,1505198.0,2041796.0,2580461.0,3002410.0,2522957.0,5812559.0,1767567.0,1625050.0,2251524.0,1479337.0,2416404.0,2103240.0,1382061.0,2197572.0,3064997.0,3532039.0,2263326.0,1277615.0,2524609.0,3198976.0,7298279.0,2332678.0,1109988.0,5959620.67,37.6257,0.032477,5213410.6,25.8067,0.017409,3831723.5,17.5562,0.009074,3536518.53,12.6811,0.005912,3134017.2,10.7323,0.004634,3049347.43,7.3535,0.003014
20261008,2474,可成,1923654.0,3492425.0,1022524.0,1470531.0,1050240.0,1387154.0,1471237.0,1568422.0,1881545.0,2432542.0,1539073.0,3356077.0,4943724.0,3204951.0,2887644.0,1707551.0,1528502.0,1585455.0,1053112.0,2116341.0,4577901.0,1942028.0,2055216.0,3352417.0,2577018.0,5472628.0,3772038.0,2294028.0,2585951.0,2669441.0,2146201.0,29.8769,0.009287,1791874.8,21.4709,0.004978,1770027.4,10.8679,0.002595,2242116.2,5.7198,0.001691,2081135.2,4.6216,0.001325,2430712.33,2.638,0.000862
20261008,2476,鉅祥,2585178.0,1222988.0,2587243.0,1813978.0,1148883.0,858837.0,596238.0,828647.0,721500.0,782985.0,1012699.0,770503.0,2036068.0,774132.0,734370.0,691939.0,1103850.0,931731.0,645900.0,866060.0,1514963.0,1138213.0,1628089.0,1245283.0,989187.0,2318908.0,1342005.0,2057693.0,2486571.0,3530774.0,2131803.0,40.4224,0.012481,1871654.0,27.6245,0.00669,1314647.7,19.6644,0.003487,1231616.6,13.9934,0.002272,1135686.45,11.3816,0.001781,1365513.83,6.3106,0.001158
20261008,2477,美隆電,117304.0,121568.0,163312.0,44133.0,113064.0,175918.0,138152.0,148490.0,92563.0,99091.0,335714.0,654749.0,194628.0,77932.0,52829.0,71307.0,29152.0,52380.0,96729.0,117776.0,97251.0,73105.0,136037.0,189687.0,163237.0,465941.0,1284510.0,78858.0,106481.0,47127.0,134061.33,29.1667,0.000566,111876.2,20.9703,0.000304,121359.5,9.6658,0.000158,168629.8,4.6375,0.000103,144839.55,4.0494,8.1e-05,184634.17,2.1178,5.3e-05
20261008,2478,大毅,6335417.0,13874633.0,2451661.0,4763714.0,4100635.0,6254538.0,985080.0,1301254.0,1175569.0,1447109.0,1736423.0,1568307.0,1513003.0,1857946.0,1397005.0,1494229.0,1749356.0,2662181.0,3631373.0,1632863.0,2622527.0,7673176.0,5868369.0,2343366.0,1828520.0,3801857.0,4271740.0,11981103.0,5900910.0,2844701.0,7553903.67,27.9565,0.030586,6305212.0,20.0958,0.016396,4268961.0,14.8407,0.008546,3384152.93,12.4806,0.005568,3096614.8,10.2296,0.004364,3702285.5,5.7041,0.002838
20261008,2480,敦陽科,142698.0,145905.0,472563.0,779252.0,157577.0,87403.0,94728.0,153315.0,89757.0,131091.0,197786.0,253333.0,674597.0,278116.0,308305.0,428248.0,591102.0,208382.0,80818.0,83747.0,78582.0,205243.0,109129.0,39652.0,181787.0,246739.0,111281.0,120797.0,97124.0,271450.0,253722.0,18.7473,0.000689,339599.0,8.4039,0.000369,225428.9,6.3301,0.000192,264428.4,3.5976,0.000125,267936.15,2.6629,9.8e-05,227350.23,2.0922,6.4e-05
20261008,2481,強茂,16653402.0,18329609.0,28774774.0,55982783.0,28414583.0,23859129.0,28472274.0,20652896.0,35754052.0,39482306.0,32263968.0,19412600.0,39944652.0,67322321.0,62194518.0,58386182.0,61139738.0,27272517.0,42970542.0,23255435.0,26855469.0,60890518.0,71771734.0,66498096.0,21327766.0,36387336.0,22082974.0,42606146.0,36320492.0,40353759.0,21252595.0,26.1198,0.0804,29631030.2,11.2405,0.043098,29637580.8,5.619,0.022465,34500924.47,3.218,0.014636,36526914.05,2.2796,0.011473,38521085.7,1.4411,0.00746
20261008,2482,連宇,64732.0,158398.0,184241.0,102739.0,62577.0,57932.0,131185.0,104643.0,49358.0,93994.0,227197.0,73602.0,83352.0,58925.0,60038.0,34970.0,33464.0,83551.0,110419.0,30272.0,133980.0,203490.0,141632.0,81724.0,46529.0,64267.0,66322.0,123649.0,66526.0,117756.0,135790.33,15.8902,0.000313,114537.4,11.3032,0.000168,100979.9,6.4104,8.7e-05,100860.87,4.2786,5.7e-05,90279.45,3.5851,4.5e-05,95048.8,2.2701,2.9e-05
20261008,2483,百容,1215580.0,2452268.0,6072111.0,3931690.0,3184383.0,5737472.0,1702959.0,208005.0,341412.0,303675.0,383448.0,581598.0,597624.0,503527.0,501309.0,304112.0,584003.0,601889.0,750213.0,561248.0,1091631.0,494165.0,898009.0,905154.0,794214.0,750384.0,1232235.0,2052460.0,788789.0,659524.0,3246653.0,12.4803,0.005869,3371206.4,7.2115,0.003146,2514955.5,4.8334,0.00164,1847804.07,4.3857,0.001068,1525926.3,3.9831,0.000837,1339503.03,3.025,0.000545
20261008,2484,希華,40860865.0,23490048.0,19822429.0,34032579.0,46132849.0,40048717.0,23947173.0,30199086.0,13213876.0,18373667.0,2956102.0,2646140.0,4123862.0,7728849.0,7913131.0,4704529.0,3550118.0,3520829.0,4819195.0,8023442.0,4502261.0,5851564.0,5947607.0,10122542.0,8710402.0,11587547.0,6596000.0,15368786.0,20450498.0,35920731.0,28057780.67,48.5437,0.19727,32867754.0,24.8638,0.105746,29012128.9,14.0841,0.055119,21032624.87,12.9516,0.03591,17005374.3,12.0141,0.028149,15505514.13,8.7842,0.018304
20261008,2485,兆赫,11432071.0,13342994.0,44642340.0,18380592.0,2231409.0,2456324.0,4139983.0,1310521.0,1008262.0,1554649.0,2547902.0,3326911.0,1448945.0,4014575.0,1623960.0,1328003.0,1286214.0,2097379.0,2246211.0,1602460.0,1875649.0,2147493.0,1944821.0,2470370.0,1510633.0,2502847.0,3770926.0,4619406.0,7268819.0,4109194.0,23139135.0,16.4686,0.055192,18005881.2,12.6982,0.029586,10049914.5,11.3753,0.015421,7564095.87,10.0757,0.010047,6101085.25,9.3689,0.007876,5141395.43,7.4118,0.005121
20261008,2486,一詮,2524750.0,5691350.0,6462344.0,4968816.0,3396108.0,8667512.0,3719747.0,1955933.0,1585886.0,2001185.0,3177621.0,3235161.0,3776310.0,3144822.0,2991564.0,3063177.0,3668068.0,4035275.0,3984694.0,4246570.0,6410708.0,6478033.0,12714300.0,34953265.0,7156723.0,4976542.0,2420453.0,2530720.0,4349173.0,17556293.0,4892814.67,17.2004,0.012189,4608673.6,10.9565,0.006534,4097363.1,6.1619,0.003406,3819940.6,4.4063,0.002219,3814844.65,3.3091,0.001739,5861436.77,1.4358,0.001131
20261008,2488,漢平,69677.0,101744.0,318657.0,48661.0,41302.0,28095.0,71337.0,33167.0,43260.0,30771.0,153802.0,47177.0,58274.0,100516.0,20039.0,55198.0,80485.0,158617.0,47342.0,105368.0,48132.0,128083.0,67607.0,63444.0,36445.0,76390.0,57950.0,39654.0,72357.0,73645.0,163359.33,14.2175,0.000336,116008.2,12.0124,0.00018,78667.1,8.8572,9.4e-05,77765.27,5.9733,6.1e-05,80674.45,4.3184,4.8e-05,75906.53,3.0598,3.1e-05
20261008,2489,瑞軒,24905528.0,25774712.0,11376137.0,16344152.0,15967742.0,12754502.0,23864644.0,8627458.0,17569723.0,14619018.0,29552768.0,43474007.0,79748448.0,123007380.0,36281643.0,15674743.0,20867390.0,12150618.0,8503716.0,16921785.0,14853323.0,18407786.0,30904519.0,40968646.0,64396060.0,102064014.0,89725408.0,49524525.0,50360417.0,127754504.0,20685459.0,40.1337,0.12024,18873654.2,26.3918,0.064454,17180361.6,14.4965,0.033596,32257857.47,5.1472,0.021888,27899305.7,4.4635,0.017157,38231510.53,2.1715,0.011157
20261008,2491,吉祥全,709697.0,464182.0,583192.0,1098103.0,908318.0,513778.0,623561.0,455070.0,534954.0,1075271.0,601503.0,1556152.0,1054922.0,1145322.0,663271.0,628740.0,1021615.0,1568607.0,660062.0,929513.0,1327944.0,2607253.0,3035624.0,5334137.0,8049652.0,1717223.0,636975.0,4332130.0,5064112.0,5839405.0,585690.33,40.3909,0.003426,752698.4,18.8574,0.001837,696612.6,10.1878,0.000957,799153.07,5.9204,0.000624,839791.65,4.2254,0.000489,1824676.27,1.2965,0.000318
20261008,2492,華新科,64684125.0,53327805.0,56423288.0,95779681.0,55788034.0,51670689.0,18146633.0,31201956.0,15596998.0,19018789.0,21974598.0,22904042.0,15512592.0,21642767.0,15103377.0,21610352.0,28422433.0,57397388.0,42694132.0,26073976.0,25418303.0,47400166.0,27375569.0,22304424.0,17530839.0,35972775.0,58056761.0,52649209.0,32253690.0,11351766.0,58145072.67,37.082,0.312285,65200586.6,19.8416,0.167399,46163799.8,14.0119,0.087255,37251691.6,11.5761,0.056847,36748682.75,8.8009,0.044561,35509571.9,6.072,0.028976
20261008,2493,揚博,2517707.0,3178323.0,2870111.0,3344745.0,1418568.0,988907.0,1606105.0,1972776.0,1360568.0,3002171.0,4958962.0,4252819.0,9889463.0,3978826.0,2384094.0,522879.0,605157.0,849445.0,990794.0,564378.0,727385.0,934961.0,821388.0,1055266.0,1793827.0,1393113.0,1760283.0,1623176.0,1902060.0,1961331.0,2855380.33,29.3914,0.012155,2665890.8,18.8883,0.006516,2225998.1,11.3105,0.003396,3181609.67,5.2755,0.002213,2562839.9,4.9119,0.001734,2174319.6,3.8598,0.001128
20261008,2495,普安,850574.0,1537778.0,1081461.0,1018022.0,1051157.0,864591.0,974342.0,882955.0,821681.0,1000900.0,1619210.0,3372973.0,1319604.0,1483284.0,536968.0,1455835.0,1147241.0,2135847.0,589171.0,904959.0,1161268.0,1006490.0,1297422.0,2308078.0,784771.0,986594.0,809382.0,1608967.0,1085123.0,879627.0,1156604.33,24.5135,0.004106,1107798.4,15.3561,0.002201,1008346.1,8.4353,0.001147,1227700.0,4.6188,0.000748,1232427.65,3.4508,0.000586,1219209.17,2.3255,0.000381
20261008,2496,卓越,3194.0,19198.0,8701.0,16811.0,19285.0,15908.0,14052.0,6405.0,12765.0,15248.0,6323.0,11314.0,1447.0,13004.0,2361.0,3531.0,7384.0,10038.0,13623.0,13857.0,5240.0,9335.0,8432.0,25587.0,11247.0,9720.0,12892.0,4949.0,59258.0,6716.0,10364.33,10.2724,1.5e-05,13437.8,4.7538,8e-06,13156.7,2.4277,4e-06,11067.73,1.9239,3e-06,10722.45,1.4894,2e-06,12260.83,0.8683,1e-06
20261008,2497,怡利電,175029.0,260629.0,204885.0,227595.0,181458.0,207894.0,240102.0,87631.0,92124.0,124006.0,186060.0,287137.0,292126.0,466074.0,117302.0,155751.0,127267.0,162185.0,320974.0,188335.0,261868.0,360120.0,249790.0,274218.0,113543.0,156353.0,140201.0,311167.0,246909.0,130274.0,213514.33,27.3251,0.000845,209919.2,16.6758,0.000453,180135.3,9.7165,0.000236,210003.47,5.5564,0.000154,205228.2,4.2643,0.000121,211633.57,2.7568,7.8e-05
20261008,2498,宏達電,3186155.0,3877569.0,3842767.0,6643820.0,7419209.0,23409453.0,13288766.0,8994708.0,7183755.0,24654023.0,4952959.0,3173733.0,10516652.0,4471663.0,3120072.0,2667623.0,1741906.0,1980958.0,1864450.0,2128506.0,3851454.0,4139799.0,9265593.0,12708286.0,5875912.0,4649290.0,3277335.0,2636413.0,2260695.0,1973238.0,3635497.0,29.2134,0.015382,4993904.0,12.7602,0.008246,10250022.5,3.1084,0.004298,8582353.6,2.475,0.0028,6955937.35,2.2902,0.002195,6325225.4,1.6791,0.001427
20261008,2501,國建,639895.0,1731575.0,1913705.0,4573493.0,2484844.0,1745076.0,3115570.0,2205717.0,1723858.0,2991103.0,1315428.0,1579142.0,6628522.0,4945601.0,1932115.0,3634884.0,1796594.0,1155871.0,1363940.0,478419.0,1185856.0,2776136.0,1580752.0,1322107.0,1386470.0,744853.0,1471352.0,2927061.0,676563.0,1708439.0,1428391.67,14.9328,0.003089,2268702.4,5.6411,0.001656,2312483.6,2.7671,0.000863,2635042.93,1.6189,0.000562,2397767.6,1.3344,0.000441,2124498.03,1.004,0.000287
20261008,2504,國產,3152204.0,1984061.0,1492268.0,2068731.0,1036847.0,1242464.0,1251684.0,2041127.0,1456108.0,1727007.0,1769491.0,2032047.0,2210788.0,806886.0,948202.0,1858662.0,1196185.0,596329.0,524670.0,586038.0,928674.0,999325.0,1164094.0,1071527.0,752572.0,901362.0,1779787.0,1177753.0,1624102.0,1833656.0,2209511.0,47.5551,0.015218,1946822.2,32.3831,0.008158,1745250.1,18.0616,0.004252,1681327.67,12.4989,0.00277,1499089.95,10.5137,0.002172,1407155.03,7.4671,0.001412
20261008,2505,國揚,169874.0,171765.0,84671.0,673687.0,273583.0,97110.0,398504.0,303325.0,489277.0,321185.0,238200.0,1809649.0,6507494.0,193034.0,193981.0,253507.0,58376.0,97763.0,260917.0,188939.0,143895.0,169941.0,205032.0,115564.0,146851.0,222063.0,345234.0,156764.0,192026.0,205994.0,142103.33,39.8475,0.00082,274716.0,12.3672,0.00044,298298.1,5.6948,0.000229,795022.6,1.4245,0.000149,639242.05,1.3287,0.000117,489606.83,1.1565,7.6e-05
20261008,2506,太設,57863.0,36889.0,85502.0,141707.0,151744.0,293255.0,85550.0,273693.0,125845.0,237504.0,340901.0,836729.0,1360389.0,184232.0,52989.0,146181.0,175547.0,186911.0,311323.0,266724.0,63619.0,40413.0,138525.0,118701.0,102027.0,128784.0,187741.0,87339.0,157332.0,96483.0,60084.67,32.1008,0.000279,94741.0,12.215,0.00015,148955.2,3.8846,7.8e-05,284319.47,1.3568,5.1e-05,267573.9,1.0813,4e-05,215748.07,0.894,2.6e-05
20261008,2509,全坤建,149778.0,250418.0,168155.0,157661.0,79968.0,58505.0,30901.0,156579.0,70476.0,87644.0,175050.0,46722.0,224244.0,88573.0,66328.0,95860.0,33577.0,146703.0,81376.0,33048.0,46415.0,136901.0,115508.0,137470.0,280365.0,124998.0,132456.0,85001.0,205394.0,446915.0,189450.33,26.3531,0.000723,161196.0,18.5833,0.000388,121008.5,12.3775,0.000202,120733.47,8.2704,0.000132,110078.3,6.8032,0.000103,130432.97,3.8277,6.7e-05
20261008,2511,太子,874836.0,459789.0,870482.0,852278.0,521370.0,413104.0,545474.0,617420.0,392569.0,573273.0,496866.0,643657.0,2007750.0,975351.0,478040.0,480766.0,385048.0,530740.0,294618.0,534538.0,685341.0,1281701.0,1490016.0,387625.0,401030.0,829719.0,938136.0,504029.0,1003831.0,610401.0,735035.67,39.6732,0.004224,715751.0,24.4453,0.002264,612059.5,14.2933,0.00118,714817.27,8.1591,0.000769,647398.45,6.7566,0.000603,702659.93,4.1501,0.000392
20261008,2514,龍邦,28293.0,58080.0,65746.0,116391.0,171427.0,51071.0,67416.0,35096.0,77158.0,64731.0,48272.0,68052.0,149738.0,41234.0,51926.0,137769.0,133838.0,85707.0,22721.0,50835.0,59765.0,74498.0,106986.0,71868.0,65888.0,59807.0,77282.0,25972.0,67952.0,125081.0,50706.33,18.5993,0.000137,87987.4,6.4311,7.3e-05,73540.9,3.8472,3.8e-05,72975.4,2.5847,2.5e-05,76275.05,1.8547,1.9e-05,75353.33,1.2516,1.3e-05
20261008,2515,中工,4896303.0,12336878.0,3165577.0,4658417.0,2431185.0,1882455.0,3359728.0,4178372.0,1780532.0,6074235.0,3508982.0,6256703.0,16630954.0,12829832.0,1890579.0,5105437.0,2318466.0,3281211.0,3006851.0,4028609.0,1720203.0,4909219.0,2645552.0,6012237.0,8760061.0,3702043.0,5904713.0,4659830.0,5291278.0,4453841.0,6799586.0,24.0029,0.023639,5497672.0,17.8123,0.012671,4476368.2,10.9381,0.006605,5725382.13,5.7013,0.004303,5181065.3,4.7252,0.003373,5056009.43,3.228,0.002193
20261008,2516,新建,140125.0,259296.0,313767.0,190050.0,153366.0,115002.0,174965.0,264706.0,864916.0,141403.0,155502.0,430730.0,99675.0,78869.0,187118.0,57316.0,79255.0,103224.0,132333.0,495693.0,143188.0,105965.0,130893.0,62564.0,86288.0,42832.0,56458.0,27916.0,81621.0,84858.0,237729.33,19.6477,0.000677,211320.8,13.2618,0.000363,261759.6,5.3532,0.000189,237966.0,3.9256,0.000123,221865.55,3.1579,9.7e-05,175329.8,2.664,6.3e-05
20261008,2520,冠德,2106996.0,504392.0,479908.0,812445.0,1224002.0,1180983.0,1750284.0,1043424.0,937879.0,935204.0,1369277.0,1214024.0,5226464.0,2928562.0,1386974.0,1083142.0,988774.0,532088.0,947362.0,936017.0,722466.0,1710941.0,3575465.0,1846518.0,906763.0,1435971.0,2106475.0,1233012.0,894932.0,1248665.0,1030432.0,68.159,0.010172,1025548.6,41.0901,0.005453,1097551.7,19.1972,0.002842,1540054.53,9.1209,0.001852,1379410.05,7.6373,0.001452,1442313.63,4.8695,0.000944
20261008,2524,京城,26655.0,27432.0,79502.0,103064.0,39981.0,25371.0,54715.0,56370.0,29217.0,45307.0,54848.0,426485.0,240441.0,105350.0,62383.0,88830.0,68081.0,59285.0,31471.0,32876.0,78333.0,67043.0,53919.0,40801.0,96847.0,54000.0,57220.0,64446.0,36804.0,77401.0,44529.67,19.953,0.000129,55326.8,9.6355,6.9e-05,48761.4,5.4664,3.6e-05,91808.07,1.9356,2.3e-05,82883.2,1.608,1.8e-05,76149.27,1.1668,1.2e-05
20261008,2527,宏璟,654541.0,570748.0,1211980.0,1783278.0,886600.0,842203.0,1603695.0,634439.0,469702.0,658464.0,1099295.0,628952.0,1087865.0,928788.0,262376.0,499243.0,235194.0,686565.0,475633.0,489061.0,267876.0,1346910.0,389304.0,588200.0,518811.0,625997.0,456830.0,635255.0,489548.0,545179.0,812423.0,26.8555,0.00316,1021429.4,12.8162,0.001694,931565.0,7.0263,0.000883,888195.07,4.9129,0.000575,785431.1,4.1668,0.000451,719084.4,3.0341,0.000293
20261008,2528,皇普,262823.0,222170.0,388528.0,611674.0,405491.0,121117.0,164650.0,315990.0,127050.0,355950.0,349064.0,719084.0,992277.0,182260.0,214118.0,221913.0,247465.0,261605.0,190815.0,129032.0,118347.0,247091.0,286346.0,156674.0,199859.0,408519.0,304655.0,203693.0,197166.0,352175.0,291173.67,30.0878,0.001269,378137.2,13.9009,0.00068,297544.3,8.8331,0.000355,362149.73,4.8382,0.000231,324153.8,4.054,0.000181,298586.7,2.9341,0.000118
20261008,2530,華建,391323.0,314756.0,218862.0,859790.0,213513.0,193533.0,541805.0,399870.0,244629.0,350868.0,655874.0,1005021.0,1570606.0,587634.0,501048.0,805807.0,1944441.0,1137524.0,751118.0,702190.0,855690.0,727909.0,1303433.0,693942.0,702969.0,2051351.0,8735399.0,1328719.0,499853.0,334033.0,308313.67,42.3079,0.001889,399648.8,19.5833,0.001013,372894.9,10.4942,0.000528,536608.8,4.8617,0.000344,669510.6,2.9225,0.00027,1020783.67,1.2779,0.000175
20261008,2534,宏盛,137378.0,151169.0,239499.0,306564.0,277669.0,205842.0,283189.0,214610.0,260385.0,214533.0,175075.0,162586.0,752031.0,305383.0,136394.0,213067.0,195568.0,142023.0,149435.0,215886.0,144019.0,211426.0,341644.0,210539.0,201772.0,292287.0,308765.0,211092.0,687110.0,245599.0,176015.33,26.0163,0.000663,222455.8,12.351,0.000356,229083.8,5.9968,0.000185,254820.47,3.5941,0.000121,236914.3,2.8993,9.5e-05,253084.63,1.8094,6.2e-05
20261008,2535,達欣工,379048.0,299512.0,168612.0,282947.0,299055.0,166962.0,138514.0,113837.0,359976.0,355512.0,264482.0,159616.0,226862.0,240831.0,170325.0,170019.0,220060.0,156074.0,194967.0,233691.0,101544.0,173816.0,156836.0,326427.0,128465.0,317838.0,238531.0,352624.0,172051.0,119180.0,282390.67,44.7427,0.00183,285834.8,26.5222,0.000981,256397.5,14.7836,0.000511,241739.4,10.4534,0.000333,230045.1,8.2386,0.000261,222940.47,5.6674,0.00017
20261008,2536,宏普,438812.0,274752.0,203203.0,695345.0,912720.0,398618.0,464468.0,608246.0,376183.0,310641.0,315886.0,272954.0,1070491.0,829150.0,397597.0,438700.0,480545.0,417106.0,406069.0,747795.0,650753.0,495642.0,1211805.0,2876811.0,4492273.0,1445054.0,1994547.0,2155638.0,417359.0,881544.0,305589.0,47.8652,0.002119,504966.4,17.3798,0.001136,468298.8,9.3703,0.000592,504604.4,5.7974,0.000386,502964.05,4.3623,0.000302,889356.9,1.6447,0.000197
20261008,2537,聯上發,262737.0,184658.0,398311.0,2215567.0,453711.0,1015171.0,395251.0,537977.0,189889.0,196635.0,494893.0,697392.0,2797562.0,1021901.0,342112.0,616251.0,855927.0,262793.0,411808.0,330105.0,276918.0,1869582.0,677936.0,706309.0,808163.0,1175703.0,621400.0,559076.0,565033.0,854105.0,281902.0,31.0672,0.001268,702996.8,7.4748,0.00068,584990.7,4.4913,0.000354,746917.8,2.3451,0.000231,684032.55,1.9205,0.000181,726495.87,1.2055,0.000118
20261008,2538,基泰,210241.0,280089.0,371753.0,651642.0,337876.0,251192.0,691830.0,475327.0,237556.0,286783.0,745175.0,2182774.0,10701641.0,249282.0,445185.0,633201.0,272347.0,282334.0,399537.0,475713.0,273481.0,463753.0,538369.0,733869.0,853127.0,388472.0,718665.0,972921.0,466286.0,406081.0,287361.0,24.3876,0.001015,370320.2,11.3546,0.000544,379428.9,5.541,0.000284,1207889.73,1.1604,0.000185,1009073.9,1.0418,0.000145,866550.07,0.8087,9.4e-05
20261008,2539,櫻花建,387268.0,744586.0,1133649.0,1734846.0,1003922.0,661576.0,657424.0,1069477.0,1158192.0,491855.0,341624.0,582551.0,1848467.0,367876.0,565066.0,908259.0,835731.0,864961.0,959024.0,730748.0,950243.0,769605.0,840293.0,860951.0,857288.0,1134452.0,1664358.0,1148731.0,1093382.0,817333.0,755167.67,17.0941,0.00187,1000854.2,7.7387,0.001002,904279.5,4.2826,0.000522,849891.93,3.0378,0.00034,852355.1,2.2718,0.000267,906124.6,1.4246,0.000173
20261008,2540,愛山林,538761.0,452442.0,315853.0,501650.0,463965.0,167264.0,291504.0,462170.0,226455.0,374900.0,206622.0,644798.0,1901386.0,835096.0,302167.0,406019.0,402340.0,517567.0,441286.0,693538.0,591170.0,399708.0,251467.0,384011.0,648792.0,782957.0,1644954.0,949498.0,1560899.0,477603.0,435685.33,41.2194,0.002601,454534.2,23.7061,0.001394,379496.4,14.1967,0.000727,512335.53,7.0105,0.000473,507289.15,5.3102,0.000371,594561.4,3.0205,0.000241
20261008,2542,興富發,7886846.0,8465451.0,6430331.0,11966350.0,8587725.0,11207800.0,12284297.0,11497190.0,12468559.0,47140332.0,22311403.0,17948076.0,25349766.0,12055585.0,11786811.0,9711683.0,8970322.0,6255442.0,13798859.0,8134795.0,4033278.0,7664867.0,6938993.0,10377793.0,4263041.0,8094788.0,5554761.0,5444582.0,3370771.0,5420281.0,7594209.33,34.6178,0.038077,8667340.6,18.199,0.020411,13793488.1,5.7178,0.010639,15159101.47,3.4685,0.006931,13712881.15,2.8757,0.005433,11180692.6,2.3513,0.003533
20261008,2543,皇昌,1051667.0,1148845.0,909499.0,850025.0,559917.0,547540.0,832916.0,724402.0,357734.0,293699.0,612993.0,857590.0,1833223.0,1149841.0,923137.0,525134.0,549966.0,1344710.0,619978.0,638076.0,879180.0,661238.0,430616.0,671813.0,557418.0,1280483.0,1341149.0,472138.0,543420.0,538623.0,1036670.33,33.8155,0.005077,903990.6,23.2672,0.002722,727624.4,14.4534,0.001419,843535.2,8.3116,0.000924,816544.6,6.4397,0.000724,790232.33,4.4361,0.000471
20261008,2545,皇翔,133586.0,142198.0,217289.0,154729.0,119689.0,44791.0,151207.0,116282.0,59553.0,104400.0,128597.0,161425.0,621153.0,240156.0,108012.0,84780.0,189642.0,231187.0,177701.0,106653.0,188403.0,294574.0,206574.0,221043.0,217854.0,199068.0,228947.0,161549.0,224432.0,191404.0,164357.67,27.0925,0.000645,153498.2,17.4055,0.000346,124372.4,10.7408,0.00018,166871.13,5.3369,0.000117,164651.5,4.0566,9.2e-05,180895.93,2.4616,6e-05
20261008,2546,根基,118056.0,167243.0,79155.0,132066.0,125411.0,119687.0,111421.0,140126.0,80044.0,96418.0,107410.0,122105.0,244479.0,251863.0,286122.0,238982.0,106506.0,156772.0,121657.0,48959.0,114460.0,143247.0,153701.0,395813.0,106754.0,350692.0,158068.0,125628.0,111173.0,203767.0,121484.67,32.3926,0.00057,124386.2,18.9822,0.000306,116962.7,10.0935,0.000159,145440.4,5.4114,0.000104,142724.1,4.1358,8.1e-05,157259.5,2.5024,5.3e-05
20261008,2547,日勝生,901659.0,762206.0,664167.0,2078970.0,671986.0,724577.0,1404389.0,774661.0,1238412.0,1346268.0,1034181.0,1379302.0,2138642.0,1293610.0,1071966.0,2249415.0,1386148.0,2786114.0,1138407.0,1023130.0,931719.0,1459952.0,1329476.0,1259448.0,1041750.0,1089594.0,2050633.0,1279988.0,869344.0,880221.0,776010.67,38.7305,0.004353,1015797.6,17.7527,0.002333,1056729.5,8.5325,0.001216,1165666.4,5.1568,0.000792,1303410.5,3.4588,0.000621,1275344.5,2.3566,0.000404
20261008,2548,華固,413977.0,889123.0,633473.0,1389170.0,1422249.0,575056.0,1628153.0,1191007.0,324548.0,1152373.0,616447.0,1747614.0,4428034.0,902582.0,783756.0,1610583.0,1321028.0,543962.0,540590.0,659368.0,440165.0,564236.0,598093.0,779361.0,615987.0,633052.0,1614841.0,1455860.0,623823.0,707320.0,645524.33,21.3768,0.001999,949598.4,8.719,0.001071,961912.9,4.3037,0.000558,1206504.13,2.2875,0.000364,1138654.65,1.8178,0.000285,1026861.03,1.3438,0.000185
20261008,2597,潤弘,124692.0,227491.0,169455.0,358943.0,327348.0,272552.0,161609.0,87871.0,180208.0,203292.0,185193.0,124680.0,215835.0,351872.0,129907.0,115120.0,141717.0,171133.0,170270.0,479590.0,189046.0,132056.0,130510.0,174519.0,402060.0,472822.0,170916.0,89621.0,127459.0,377825.0,173879.33,23.9039,0.000602,241585.8,10.3228,0.000323,211346.1,5.8999,0.000168,208063.2,3.9953,0.00011,209938.9,2.9697,8.6e-05,215520.4,1.9285,5.6e-05
20261008,2601,益航,1977835.0,2578607.0,5565731.0,8488264.0,,,,,,,4011556.0,6717506.0,23990310.0,2344657.0,1683505.0,2025754.0,1879257.0,2500788.0,3166061.0,2232803.0,1726038.0,2020511.0,1738088.0,2358199.0,1669108.0,1727040.0,1899508.0,2326754.0,2319898.0,6398171.0,3374057.67,19.5396,0.009549,4652609.25,10.6276,0.005119,4652609.25,10.6276,0.002668,6373107.89,3.4482,0.001738,4940188.14,2.8597,0.001363,3889414.54,2.1188,0.000886
20261008,2603,長榮,6766137.0,8250125.0,4243077.0,9022467.0,5621086.0,5955064.0,4735702.0,6250427.0,4944813.0,5801298.0,6321791.0,6287955.0,10734765.0,8766454.0,12583031.0,6962846.0,12908688.0,8626038.0,6710165.0,8646886.0,6325453.0,5618324.0,17620657.0,9241484.0,10458669.0,12604056.0,10805315.0,8259200.0,20913545.0,28187454.0,6419779.67,35.1317,0.032666,6780578.4,19.9574,0.01751,6159019.6,10.9857,0.009127,7085612.8,6.3661,0.005946,7506940.75,4.5066,0.004661,9339099.07,2.415,0.003031
20261008,2605,新興,5360639.0,6385572.0,18807859.0,5673765.0,7945053.0,4547958.0,10034189.0,10030192.0,6256782.0,6734824.0,5164616.0,12860816.0,9451516.0,14491606.0,12864086.0,8993430.0,6995523.0,15254289.0,24763869.0,14005228.0,9484244.0,7665129.0,9121757.0,16528623.0,7593610.0,6608988.0,8875293.0,8462440.0,9736210.0,23658234.0,10184690.0,17.5448,0.02588,8834577.6,12.1356,0.013873,8177683.3,6.5552,0.007231,9107298.2,3.9241,0.004711,10331090.6,2.5944,0.003693,10478544.67,1.7053,0.002401
20261008,2606,裕民,1440457.0,1914953.0,2709598.0,2327013.0,3649164.0,1729086.0,2063214.0,4989525.0,2953322.0,1711007.0,2274843.0,2328261.0,2655269.0,3653421.0,5725760.0,4503726.0,2841174.0,5184382.0,6465791.0,4709277.0,2421495.0,5286800.0,7702734.0,13294747.0,3821274.0,5933965.0,11442357.0,7894987.0,11142324.0,22974195.0,2021669.33,23.7503,0.006954,2408237.0,11.9628,0.003728,2548733.9,5.6517,0.001943,2808326.2,3.4195,0.001266,3291462.15,2.1882,0.000992,5258137.37,0.9132,0.000645
20261008,2607,榮運,521061.0,1207069.0,371634.0,215273.0,167740.0,188561.0,305124.0,391612.0,216362.0,178055.0,232726.0,141790.0,488809.0,682049.0,233926.0,194503.0,195201.0,271321.0,253583.0,326707.0,247289.0,350480.0,352808.0,246797.0,308568.0,546758.0,1078477.0,264891.0,436418.0,503602.0,699921.33,24.8152,0.002516,496555.4,20.987,0.001348,376249.1,13.8488,0.000703,369452.73,9.4024,0.000458,339155.3,7.6817,0.000359,370639.8,4.6861,0.000233
20261008,2608,嘉里大榮,352658.0,220351.0,102218.0,174204.0,163236.0,85896.0,105210.0,215391.0,92755.0,136293.0,94117.0,353309.0,341851.0,271400.0,690148.0,112075.0,178497.0,1015721.0,598118.0,80880.0,107951.0,256199.0,254658.0,157203.0,52361.0,72344.0,163585.0,141247.0,219824.0,175350.0,225075.67,52.2281,0.001703,202533.4,34.8247,0.000913,164821.2,21.3964,0.000476,226602.47,10.3752,0.00031,269216.4,6.5497,0.000243,232835.0,5.0488,0.000158
20261008,2609,陽明,18040282.0,10003733.0,14016414.0,13578075.0,11663046.0,12469577.0,16623183.0,23606564.0,12099033.0,27682926.0,16601037.0,22246087.0,47583928.0,41269391.0,41409617.0,22032722.0,30195141.0,79512906.0,43320399.0,31633364.0,15542080.0,15705138.0,29297988.0,35026477.0,41626918.0,49894440.0,233814127.0,42997981.0,60493753.0,157663706.0,14020143.0,42.8913,0.087096,13460310.0,26.8052,0.046687,15978283.3,11.2905,0.024335,21926192.87,5.4852,0.015854,26779371.25,3.3683,0.012428,40588334.43,1.4816,0.008081
20261008,2610,華航,8141157.0,9470549.0,8515369.0,13717252.0,7576661.0,11977056.0,16977467.0,7852078.0,25331179.0,34416034.0,20154934.0,6925883.0,24511612.0,14343844.0,12213671.0,22908902.0,7960868.0,13188384.0,14196184.0,8815142.0,15148183.0,13861205.0,13363037.0,17156660.0,16116339.0,13074092.0,22214855.0,26793622.0,30842889.0,39471879.0,8709025.0,31.1598,0.039304,9484197.6,17.1678,0.021069,14397480.2,5.6546,0.010982,14808316.4,3.6651,0.007155,14459711.3,2.8151,0.005608,16574566.23,1.6373,0.003647
20261008,2611,志信,316865.0,463505.0,1392374.0,2301610.0,369598.0,236913.0,497762.0,225756.0,286922.0,247072.0,591625.0,287660.0,473370.0,386817.0,354019.0,427341.0,203412.0,294368.0,482690.0,298168.0,1044992.0,476329.0,547197.0,642992.0,484805.0,467557.0,905556.0,1135116.0,930386.0,2084733.0,724248.0,14.5836,0.00153,968790.4,6.5415,0.00082,633837.7,4.9992,0.000427,562124.53,3.7579,0.000278,506892.35,3.1256,0.000218,628583.67,1.6803,0.000142
20261008,2612,中航,203233.0,269937.0,633079.0,266613.0,361515.0,131957.0,288104.0,388561.0,244146.0,235188.0,181480.0,340722.0,306489.0,522621.0,609588.0,594852.0,574888.0,933428.0,937633.0,790287.0,292164.0,611263.0,996828.0,1918065.0,423840.0,741355.0,1480479.0,1665668.0,2349476.0,3540248.0,368749.67,18.3714,0.000981,346875.4,11.7179,0.000526,302233.3,6.7244,0.000274,332215.53,4.0783,0.000179,440716.05,2.3057,0.00014,761123.57,0.8901,9.1e-05
20261008,2613,中櫃,284984.0,223575.0,428292.0,287076.0,173784.0,97537.0,207361.0,110543.0,130355.0,141797.0,114657.0,178972.0,182110.0,233058.0,323888.0,192836.0,255806.0,269182.0,401985.0,344332.0,283521.0,403908.0,357182.0,791445.0,327576.0,461577.0,893773.0,657665.0,1097544.0,2666731.0,312283.67,30.4194,0.001376,279542.2,20.3893,0.000738,208530.4,13.6663,0.000384,207865.93,9.14,0.00025,229106.5,6.2195,0.000196,417435.07,2.2757,0.000128
20261008,2614,東森,1190055.0,3951401.0,5691873.0,4823107.0,2756942.0,2033832.0,1808945.0,2885213.0,320181.0,691265.0,766076.0,532467.0,478438.0,682054.0,651343.0,444311.0,489482.0,305215.0,842657.0,727568.0,278641.0,1184592.0,471370.0,679406.0,371070.0,362450.0,565533.0,650681.0,799461.0,455209.0,3611109.67,10.9851,0.005745,3682675.6,6.463,0.00308,2615281.4,4.5504,0.001605,1950879.47,4.0667,0.001046,1603621.25,3.7105,0.00082,1263027.93,3.1407,0.000533
20261008,2615,萬海,7883852.0,5741412.0,5605889.0,7837690.0,4638177.0,4209797.0,5251682.0,10041037.0,6307120.0,9936550.0,8707967.0,14255960.0,30550377.0,18631521.0,25797544.0,8078477.0,13184172.0,27656631.0,35958208.0,25417973.0,11368928.0,9069060.0,19809367.0,19760722.0,20652756.0,19050703.0,40434432.0,21942146.0,45539692.0,81128921.0,6410384.33,40.9952,0.038062,6341404.0,24.8647,0.020403,6745320.6,11.6879,0.010635,11026438.33,4.7666,0.006929,13784601.8,2.8597,0.005431,18814958.77,1.3967,0.003532
20261008,2616,山隆,117184.0,131592.0,109497.0,151710.0,125806.0,31106.0,62310.0,55544.0,84564.0,106217.0,94001.0,57059.0,64523.0,142693.0,64698.0,61118.0,62305.0,118108.0,127312.0,81950.0,63799.0,82885.0,82134.0,53223.0,129893.0,88692.0,54293.0,83471.0,74021.0,123524.0,119424.33,32.708,0.000566,127157.8,18.4313,0.000303,97553.0,12.0123,0.000158,93233.6,8.3792,0.000103,92464.85,6.3367,8.1e-05,89507.73,4.364,5.2e-05
20261008,2617,台航,402746.0,719216.0,1193544.0,1352313.0,536475.0,792762.0,570281.0,2312297.0,575669.0,557822.0,584460.0,1511057.0,969283.0,2187351.0,1546038.0,1456809.0,1926875.0,5793879.0,3341030.0,3532033.0,1240620.0,3612170.0,2542585.0,5115281.0,752082.0,1242908.0,1052954.0,1629903.0,1304850.0,3221571.0,771835.33,17.3934,0.001944,840858.8,9.5794,0.001042,901312.5,4.4684,0.000543,1054087.6,2.5472,0.000354,1593097.0,1.264,0.000277,1785895.47,0.7517,0.00018
20261008,2618,長榮航,10803570.0,7085704.0,15337129.0,9545947.0,8563147.0,17575412.0,27537928.0,14347588.0,20371832.0,37960392.0,18311354.0,7627935.0,33904689.0,16921237.0,10972884.0,20290683.0,10793404.0,17079967.0,11992663.0,11564018.0,10255863.0,12951191.0,10032140.0,26435053.0,20019837.0,21244156.0,20960560.0,20564641.0,24917033.0,28471617.0,11075467.67,32.515,0.052158,10267099.4,21.045,0.027959,16912864.9,6.3878,0.014573,17124449.87,4.2059,0.009495,16429374.15,3.2879,0.007443,17481319.13,2.06,0.00484
20261008,2630,亞航,485289.0,485961.0,662442.0,757915.0,644999.0,403948.0,816616.0,464796.0,443905.0,788268.0,456511.0,577488.0,529325.0,600911.0,518606.0,778426.0,949897.0,1899639.0,705120.0,659428.0,709942.0,671800.0,837197.0,1638589.0,1752887.0,1372211.0,1207163.0,4680257.0,10852553.0,2981475.0,544564.0,29.705,0.002343,607321.2,15.9813,0.001256,595413.9,8.1504,0.000655,575798.67,5.6187,0.000426,681474.5,3.5606,0.000334,1344452.13,1.2032,0.000217
20261008,2633,台灣高鐵,4258468.0,2041952.0,3677401.0,2987577.0,3723884.0,2936139.0,3377957.0,6250246.0,3474946.0,3045151.0,5707955.0,3581734.0,18318009.0,3639848.0,4834935.0,4195719.0,2519526.0,3739231.0,2437615.0,1909091.0,2675238.0,5294404.0,3708592.0,3119861.0,1880139.0,3030084.0,5270580.0,2417728.0,2266631.0,2433013.0,3325940.33,42.6793,0.020559,3337856.4,25.5162,0.011021,3577372.1,11.9039,0.005744,4790413.47,5.9264,0.003742,4332869.2,4.9141,0.002934,3958455.13,3.586,0.001908
20261008,2634,漢翔,3881289.0,4788645.0,5164276.0,10287198.0,12874547.0,4805802.0,6006596.0,4595082.0,3731436.0,4930313.0,5761215.0,6322309.0,4526748.0,7679237.0,10249412.0,7430842.0,9453539.0,17127563.0,8899381.0,7449935.0,20073721.0,10831919.0,9832345.0,15474023.0,11409935.0,11315388.0,17759292.0,68007288.0,103744465.0,31147981.0,4611403.33,28.0557,0.018738,7399191.0,10.4911,0.010045,6106518.4,6.356,0.005236,6373607.0,4.0598,0.003411,7298268.25,2.659,0.002674,14852057.4,0.8711,0.001739
20261008,2636,台驊控股,102995.0,159097.0,153727.0,247581.0,145564.0,181358.0,323394.0,222241.0,1009165.0,243346.0,203735.0,194909.0,350379.0,672072.0,300673.0,233086.0,347193.0,837082.0,965595.0,255120.0,168222.0,248640.0,432633.0,615607.0,409609.0,442676.0,757343.0,652798.0,806199.0,2045210.0,138606.33,24.7692,0.000497,161792.8,12.7317,0.000267,278846.8,3.6936,0.000139,300682.4,2.2836,9.1e-05,357415.6,1.4408,7.1e-05,457574.97,0.7503,4.6e-05
20261008,2637,慧洋-KY,1706603.0,2710353.0,3342915.0,1186635.0,1864997.0,2302502.0,1545010.0,4494224.0,1912163.0,940940.0,2029861.0,1509669.0,2224030.0,3613965.0,7219610.0,3917647.0,3824716.0,6806320.0,4531258.0,2976175.0,1829124.0,2787433.0,6217733.0,7545575.0,2532689.0,4930344.0,4948732.0,4464181.0,6912912.0,11259226.0,2586623.67,21.9927,0.008239,2162300.6,15.7851,0.004417,2200634.2,7.7551,0.002302,2573565.13,4.4209,0.0015,3032979.65,2.8134,0.001176,3802918.07,1.4959,0.000765
20261008,2642,宅配通,56294.0,38437.0,42459.0,49091.0,28229.0,20158.0,37125.0,24291.0,15508.0,12775.0,33997.0,17695.0,38845.0,40037.0,37165.0,23178.0,36943.0,32145.0,19972.0,27021.0,34034.0,69346.0,20101.0,38449.0,40808.0,35928.0,30447.0,115501.0,64586.0,46535.0,45730.0,41.0336,0.000272,42902.0,26.2431,0.000146,32436.7,17.355,7.6e-05,32807.07,11.4394,4.9e-05,31568.25,8.9162,3.9e-05,37570.0,4.9946,2.5e-05
20261008,2645,長榮航太,864228.0,657502.0,579940.0,1203973.0,597952.0,674343.0,738475.0,377047.0,869516.0,628476.0,971542.0,1261209.0,974064.0,880302.0,828387.0,860644.0,825848.0,1922734.0,774940.0,883938.0,1095147.0,969090.0,905169.0,2233942.0,1733029.0,1648798.0,1760829.0,7313938.0,8145476.0,3035106.0,700556.67,41.121,0.004172,780719.0,22.1393,0.002237,719145.2,12.0174,0.001166,807130.4,7.1383,0.00076,868753.0,4.974,0.000595,1540519.47,1.87,0.000387
20261008,2646,星宇航空,2479976.0,2609026.0,2619158.0,2990124.0,2950628.0,2336074.0,2874381.0,2798512.0,2334494.0,4097833.0,3940666.0,2997636.0,10088623.0,2867552.0,2679729.0,5088904.0,3366966.0,4532460.0,6709374.0,3134821.0,6487081.0,3157420.0,3332509.0,2731941.0,2568845.0,5281490.0,2859620.0,3080669.0,2550027.0,2370531.0,2569386.67,32.1734,0.011973,2729782.4,18.1698,0.006418,2809020.6,8.8286,0.003345,3377627.47,4.8949,0.002179,3674846.85,3.3743,0.001708,3597235.67,2.298,0.001111
20261008,2701,萬企,45250.0,33942.0,93239.0,50718.0,37317.0,52791.0,47342.0,27138.0,118963.0,168620.0,56023.0,25071.0,35830.0,106988.0,32991.0,60709.0,66660.0,48494.0,11888.0,54250.0,66332.0,66878.0,42044.0,67576.0,75766.0,63804.0,77365.0,62318.0,55449.0,86326.0,57477.0,26.2424,0.000218,52093.2,17.3727,0.000117,67532.0,6.7005,6.1e-05,62148.2,4.854,4e-05,58711.2,3.8536,3.1e-05,61269.4,2.4618,2e-05
20261008,2702,華園,52224.0,30638.0,49754.0,32446.0,58146.0,37177.0,351887.0,11443.0,29765.0,24588.0,29149.0,21126.0,41755.0,38762.0,30908.0,21010.0,31248.0,79139.0,12972.0,7727.0,38110.0,60047.0,14826.0,32306.0,13146.0,44481.0,48518.0,27181.0,25865.0,66476.0,44205.33,39.3799,0.000252,44641.6,23.397,0.000135,67806.8,7.7019,7e-05,55984.53,6.2189,4.6e-05,49593.2,5.2652,3.6e-05,45427.33,3.8321,2.3e-05
20261008,2704,國賓,16099.0,36929.0,61410.0,110107.0,40559.0,77222.0,56258.0,121193.0,18064.0,33053.0,48213.0,29156.0,79300.0,77539.0,142021.0,47671.0,62360.0,113270.0,38054.0,89007.0,77242.0,88998.0,59528.0,59951.0,102773.0,363775.0,3950982.0,107564.0,103542.0,140752.0,38146.0,14.0679,7.8e-05,53020.8,6.0727,4.2e-05,57089.4,2.82,2.2e-05,63141.53,1.6998,1.4e-05,64874.25,1.2408,1.1e-05,211753.07,0.2534,7e-06
20261008,2705,六福,175799.0,62039.0,86652.0,156137.0,58389.0,104397.0,107869.0,56174.0,82592.0,102000.0,106023.0,215671.0,104453.0,131184.0,209815.0,113760.0,1135152.0,81793.0,137651.0,104624.0,35841.0,99285.0,30427.0,40692.0,143926.0,75094.0,63667.0,95661.0,38506.0,67575.0,108163.33,54.177,0.000849,107803.2,32.6148,0.000455,99204.8,17.7208,0.000237,117279.6,9.9932,0.000154,166608.7,5.2758,0.000121,134094.93,4.37,7.9e-05
20261008,2706,第一店,71301.0,69573.0,80578.0,97903.0,54928.0,15089.0,41574.0,93277.0,32326.0,113934.0,23321.0,117955.0,124543.0,90106.0,55729.0,67560.0,85598.0,89346.0,171886.0,57083.0,157618.0,313771.0,76384.0,67819.0,155349.0,112281.0,102666.0,51445.0,61921.0,52759.0,73817.33,32.197,0.000344,74856.6,19.05,0.000185,67048.3,10.6343,9.6e-05,72142.47,6.5889,6.3e-05,77680.5,4.5894,4.9e-05,90187.43,2.6353,3.2e-05
20261008,2707,晶華,119723.0,72108.0,79136.0,90736.0,98339.0,78822.0,87939.0,158264.0,87537.0,55543.0,153921.0,76629.0,170404.0,50655.0,89082.0,62775.0,75126.0,96457.0,66905.0,85461.0,123196.0,104580.0,99857.0,80003.0,50072.0,104610.0,393928.0,125979.0,47923.0,83266.0,90322.33,44.1836,0.000578,92008.4,26.0244,0.00031,92814.7,12.8991,0.000161,97922.53,8.1509,0.000105,92778.1,6.4521,8.2e-05,102299.2,3.9011,5.4e-05
20261008,2712,遠雄來,18572.0,6587.0,39081.0,21696.0,13200.0,3200.0,15156.0,10100.0,4100.0,5116.0,5200.0,3319.0,6694.0,22212.0,56200.0,77000.0,47000.0,2000.0,1000.0,10000.0,13003.0,20088.0,19156.0,3000.0,3000.0,17000.0,2000.0,4000.0,7320.0,15151.0,21413.33,28.9103,9e-05,19827.2,18.7339,4.8e-05,13680.8,13.5752,2.5e-05,15362.2,8.0596,1.6e-05,18371.65,5.0545,1.3e-05,15705.03,3.9418,8e-06
20261008,2722,夏都,12290.0,19269.0,38182.0,88637.0,35172.0,26529.0,29571.0,55123.0,29057.0,20897.0,25686.0,15351.0,29256.0,31459.0,17551.0,51811.0,12115.0,17138.0,16452.0,16059.0,26274.0,34099.0,46897.0,43371.0,20605.0,32280.0,31932.0,19423.0,95490.0,36152.0,23247.0,17.6223,5.9e-05,38710.0,6.3498,3.2e-05,35472.7,3.4646,1.7e-05,31602.0,2.5927,1.1e-05,29380.25,2.0915,8e-06,32470.93,1.2616,6e-06
20261008,2723,美食-KY,185438.0,281257.0,105780.0,176419.0,164085.0,142418.0,127865.0,423602.0,101462.0,120532.0,161669.0,210731.0,281267.0,413655.0,189370.0,171562.0,259680.0,370052.0,150132.0,501681.0,331809.0,253617.0,315999.0,521467.0,581659.0,698668.0,1268506.0,385926.0,786658.0,1432079.0,190825.0,32.3923,0.000895,182595.8,20.3113,0.00048,182885.8,10.1396,0.00025,205703.33,6.0099,0.000163,226932.85,4.0857,0.000128,370501.5,1.6684,8.3e-05
20261008,2727,王品,461658.0,203129.0,68415.0,180906.0,185632.0,150961.0,287550.0,427899.0,526585.0,177617.0,169208.0,115269.0,228769.0,221204.0,191850.0,94232.0,201070.0,147414.0,210250.0,128484.0,158491.0,313585.0,113698.0,177292.0,183447.0,247479.0,264933.0,247967.0,174893.0,241327.0,244400.67,62.9646,0.002229,219948.0,41.9788,0.001195,267035.2,17.2883,0.000623,239776.8,12.8358,0.000406,218905.1,10.5447,0.000318,216707.13,7.1011,0.000207
20261008,2731,雄獅,243410.0,148971.0,201177.0,300434.0,130905.0,91631.0,107592.0,152724.0,159511.0,209515.0,201868.0,126468.0,189597.0,368125.0,147997.0,207010.0,346821.0,286338.0,252272.0,381276.0,229888.0,183163.0,142838.0,171975.0,215915.0,267176.0,196103.0,132394.0,209250.0,142620.0,197852.67,41.0086,0.001175,204979.4,23.7497,0.00063,174587.0,13.942,0.000328,185328.33,8.756,0.000214,212682.1,5.7224,0.000168,204832.13,3.9611,0.000109
20261008,2739,寒舍,29704.0,23050.0,20865.0,57729.0,50885.0,70879.0,46707.0,29683.0,105339.0,27728.0,81539.0,41560.0,44756.0,95345.0,43590.0,62619.0,86698.0,82343.0,75713.0,55539.0,20863.0,63771.0,72638.0,65437.0,99091.0,222971.0,60221.0,157144.0,143000.0,260024.0,24539.67,40.3483,0.000143,36446.6,16.3,7.7e-05,46256.9,6.4215,4e-05,51290.6,3.8609,2.6e-05,56613.55,2.6234,2e-05,76581.03,1.2929,1.3e-05
20261008,2748,雲品,21393.0,17308.0,51052.0,65921.0,33600.0,162917.0,48387.0,25097.0,61491.0,23153.0,12237.0,21430.0,45623.0,82739.0,110204.0,34475.0,41130.0,72199.0,52705.0,112723.0,174568.0,89689.0,37051.0,53946.0,50673.0,58761.0,79406.0,41580.0,34359.0,52742.0,29917.67,23.8354,0.000103,37854.8,11.3027,5.5e-05,51031.9,4.1921,2.9e-05,52170.13,2.7337,1.9e-05,54789.2,1.9523,1.5e-05,58951.97,1.2096,1e-05
20261008,2753,八方雲集,154120.0,111257.0,105173.0,89516.0,195249.0,385921.0,145323.0,108662.0,34563.0,126533.0,134729.0,55664.0,142341.0,158804.0,58456.0,174259.0,107467.0,114801.0,153827.0,108576.0,66837.0,81553.0,82395.0,65192.0,128525.0,159985.0,147334.0,95981.0,107565.0,236257.0,123516.67,41.5922,0.000744,131063.0,23.5185,0.000399,145631.7,10.5829,0.000208,133754.07,7.6818,0.000135,133262.05,5.7826,0.000106,127895.5,4.0168,6.9e-05
20261008,2762,世界健身-KY,60038.0,16059.0,80799.0,67308.0,21125.0,116056.0,28650.0,21525.0,64363.0,39245.0,48270.0,33825.0,29170.0,140565.0,44708.0,32376.0,44672.0,148063.0,76473.0,131625.0,34896.0,66046.0,25548.0,94282.0,46561.0,24012.0,139844.0,164008.0,68252.0,103982.0,52298.67,38.2661,0.00029,49065.8,24.4724,0.000155,51516.8,11.6541,8.1e-05,54113.73,7.3965,5.3e-05,62245.75,4.8227,4.1e-05,67078.2,2.9835,2.7e-05
20261008,2801,彰銀,19003590.0,11317628.0,11611782.0,17748735.0,20636594.0,17913790.0,17386776.0,22785123.0,12370808.0,32124964.0,14996270.0,24240937.0,45992866.0,55925715.0,40587271.0,38455068.0,54168016.0,38086522.0,26974283.0,29009612.0,35457646.0,24267028.0,25691019.0,46745368.0,28838271.0,25541592.0,28219778.0,19034930.0,30074637.0,10525575.0,13977666.67,45.3189,0.091747,16063665.8,23.6603,0.04918,18289979.0,10.3902,0.025635,24309523.27,5.2116,0.016701,27566817.5,3.4468,0.013092,27524406.47,2.3014,0.008513
20261008,2812,台中銀,3938707.0,10263590.0,7846476.0,30228393.0,5364231.0,11214795.0,14055128.0,19296779.0,12860098.0,10748967.0,9842479.0,14256297.0,25370308.0,27622117.0,11508444.0,14214013.0,16569657.0,29131881.0,17421615.0,28989582.0,10612005.0,14117215.0,9780826.0,26875345.0,36663547.0,23179162.0,13658848.0,7174322.0,10026688.0,7003880.0,7349591.0,17.8636,0.019015,11528279.4,6.8331,0.010193,12581716.4,3.1305,0.005313,14294453.93,1.8369,0.003461,16037177.85,1.228,0.002713,15994513.17,0.8208,0.001764
20261008,2816,旺旺保,230213.0,391876.0,132182.0,232518.0,181984.0,374701.0,142682.0,309191.0,324599.0,336654.0,251408.0,218603.0,618133.0,1080465.0,360798.0,380707.0,244146.0,454061.0,255813.0,330204.0,179854.0,689440.0,615358.0,861126.0,290704.0,399260.0,916510.0,2529283.0,2183436.0,979752.0,251423.67,30.5213,0.001111,233754.6,19.697,0.000596,265660.0,8.6657,0.000311,345733.8,4.4391,0.000202,342546.9,3.3603,0.000159,549855.37,1.3956,0.000103
20261008,2820,華票,928648.0,565172.0,1776620.0,2720467.0,2798555.0,2353366.0,1915905.0,2931349.0,3574481.0,2299138.0,2133590.0,2947732.0,3763458.0,4405274.0,3254212.0,2974451.0,3224892.0,6054938.0,2929901.0,1650316.0,2638962.0,3700534.0,1607797.0,6662949.0,2924592.0,2062984.0,2890576.0,1853568.0,2446369.0,5282144.0,1090146.67,28.3952,0.004483,1757892.4,10.5655,0.002403,2186370.1,4.2474,0.001253,2557864.47,2.4204,0.000816,2760123.25,1.6823,0.00064,2909098.0,1.0641,0.000416
20261008,2832,台產,33157.0,103536.0,127285.0,143135.0,74871.0,83583.0,124358.0,203771.0,86239.0,111114.0,161318.0,123376.0,247652.0,424403.0,261999.0,346402.0,298340.0,415185.0,339414.0,264135.0,108536.0,160279.0,104924.0,171886.0,221855.0,155798.0,616947.0,179201.0,108829.0,200920.0,87992.67,12.5605,0.00016,96396.8,6.8793,8.6e-05,109104.9,3.039,4.5e-05,153986.47,1.4355,2.9e-05,198663.65,0.8345,2.3e-05,200081.6,0.5524,1.5e-05
20261008,2834,臺企銀,18055906.0,11374182.0,15195689.0,33527891.0,12028725.0,37318805.0,19394771.0,33187671.0,13930042.0,37734715.0,16455807.0,17234830.0,80602711.0,62652493.0,29664934.0,42777943.0,73515266.0,38854381.0,61247986.0,59423314.0,64877865.0,42598738.0,65441010.0,101693429.0,45702144.0,57899478.0,750619689.0,33351515.0,23941434.0,38109258.0,14875259.0,40.4607,0.087171,18036478.6,20.0215,0.046728,23174839.7,7.7912,0.024356,29223944.8,4.119,0.015868,35708903.1,2.5282,0.012439,64613754.07,0.9315,0.008088
20261008,2836,高雄銀,1112997.0,1064791.0,430715.0,1644556.0,1348690.0,1872757.0,594652.0,1866824.0,529445.0,1337647.0,901652.0,1388602.0,3046702.0,4235154.0,1178354.0,1143253.0,2752714.0,1550728.0,1768422.0,1916259.0,1056940.0,1224904.0,1634258.0,3510984.0,1897972.0,1254149.0,2758316.0,407742.0,1278118.0,589646.0,869501.0,42.668,0.005373,1120349.8,19.8687,0.00288,1180307.4,9.4297,0.001501,1503569.2,4.9349,0.000978,1584245.7,3.5127,0.000767,1576598.1,2.3532,0.000499
20261008,2836A,高雄銀甲特,17000.0,4000.0,10000.0,16519.0,1060.0,20915.0,9000.0,10300.0,3000.0,24000.0,8501.0,11003.0,13042.0,27000.0,8000.0,1000.0,28260.0,7000.0,3000.0,1000.0,12060.0,5000.0,6050.0,13000.0,6000.0,10000.0,37000.0,12410.0,31000.0,2000.0,10333.33,54.8387,8.2e-05,9715.8,34.9945,4.4e-05,11579.4,14.6812,2.3e-05,12222.67,9.2724,1.5e-05,11180.0,7.6029,1.2e-05,11937.33,4.747,8e-06
20261008,2838,聯邦銀,859678.0,907446.0,1274750.0,2373119.0,1713294.0,2848143.0,1921569.0,4376710.0,1171002.0,1599284.0,1156623.0,1956146.0,3153841.0,3025891.0,1522410.0,1711368.0,5220698.0,1859432.0,2001833.0,1738802.0,2715438.0,2366200.0,1593874.0,2892600.0,2204487.0,1870566.0,2939883.0,2321183.0,1347337.0,2669467.0,1013958.0,28.2615,0.00415,1425657.4,12.0601,0.002225,1904499.5,4.5139,0.00116,1990660.4,2.879,0.000756,2119601.95,2.0279,0.000592,2177102.47,1.3162,0.000385
20261008,2838A,聯邦銀甲特,19000.0,13002.0,33040.0,8130.0,73037.0,14002.0,62005.0,62000.0,28043.0,38023.0,44100.0,77000.0,18131.0,51013.0,25202.0,17069.0,52002.0,101329.0,124025.0,23002.0,22000.0,33316.0,39002.0,53126.0,48050.0,39071.0,29000.0,152341.0,77000.0,13196.0,21680.67,29.2119,9.2e-05,29241.8,12.9951,4.9e-05,35028.2,5.4242,2.6e-05,37715.2,3.3585,1.7e-05,44157.75,2.1514,1.3e-05,46308.57,1.3676,9e-06
20261008,2845,遠東銀,2834741.0,4400831.0,3991445.0,10729471.0,13221721.0,14841518.0,7130250.0,9621102.0,4754137.0,6734644.0,3406781.0,6499819.0,13411078.0,9361852.0,8908274.0,7755084.0,13131800.0,11371305.0,8501575.0,7797860.0,12487760.0,14882250.0,15750287.0,42579382.0,36473327.0,32700753.0,24339507.0,21641599.0,13939090.0,11283231.0,3742339.0,25.2493,0.013686,7035641.8,8.0582,0.007336,7825986.0,3.6222,0.003824,7989844.27,2.3653,0.002491,8420264.4,1.6833,0.001953,13149415.8,0.7186,0.00127
20261008,2849,安泰銀,39363.0,68809.0,142119.0,157377.0,239471.0,54065.0,174179.0,150507.0,181693.0,137550.0,98819.0,191553.0,522239.0,243361.0,180405.0,211497.0,363739.0,146766.0,293938.0,333559.0,553577.0,710172.0,230553.0,136002.0,123689.0,173482.0,436088.0,58261.0,82595.0,140005.0,83430.33,15.7269,0.00019,129427.8,6.0826,0.000102,134513.3,2.9263,5.3e-05,172100.67,1.5248,3.5e-05,196550.45,1.0013,2.7e-05,219181.1,0.5986,1.8e-05
20261008,2850,新產,181090.0,305764.0,86027.0,155142.0,136444.0,649343.0,1404165.0,649133.0,438941.0,110803.0,68790.0,136609.0,238769.0,350209.0,139122.0,150623.0,256963.0,156596.0,109908.0,139756.0,106920.0,461246.0,148462.0,319778.0,87079.0,228028.0,343533.0,407875.0,135777.0,137734.0,190960.33,31.6104,0.000874,172893.4,20.9482,0.000469,411685.2,4.3987,0.000244,336690.07,3.5857,0.000159,293209.85,3.0881,0.000125,274687.63,2.1975,8.1e-05
20261008,2851,中再保,1780079.0,3196379.0,1254427.0,1358935.0,903709.0,3396289.0,1080401.0,1827052.0,1710253.0,2402436.0,1837125.0,4110074.0,2661652.0,3980332.0,3506154.0,2135227.0,4268713.0,5733749.0,1782898.0,2336532.0,2582791.0,4277862.0,2671524.0,3799416.0,1974785.0,2902000.0,4610548.0,2014805.0,2768817.0,6696274.0,2076961.67,28.5686,0.008594,1698705.8,20.9581,0.004607,1890996.0,9.4134,0.002401,2333686.47,5.0852,0.001564,2563120.8,3.4725,0.001226,2852041.27,2.0805,0.000797
20261008,2852,第一保,171093.0,305876.0,532836.0,354635.0,436393.0,380754.0,145286.0,331084.0,220545.0,151838.0,203444.0,240069.0,501738.0,568426.0,150239.0,261957.0,214337.0,261674.0,369319.0,137347.0,173978.0,430439.0,332402.0,295169.0,140893.0,221279.0,521344.0,522704.0,2549646.0,1186472.0,336601.67,16.9432,0.000826,360166.6,9.5008,0.000443,303034.0,5.646,0.000231,312950.4,3.6447,0.00015,296944.5,2.8809,0.000118,410440.53,1.3895,7.7e-05
20261008,2855,統一證,3552765.0,3866931.0,2409739.0,3174080.0,4842657.0,4222173.0,5195072.0,6563643.0,5306238.0,5736074.0,9097963.0,12609766.0,4698696.0,3818844.0,4591433.0,5011104.0,5956624.0,3714186.0,3910107.0,5487972.0,5246454.0,5706215.0,4309596.0,6834505.0,3315604.0,5108225.0,3538233.0,3416514.0,3175136.0,3267102.0,3276478.33,36.1441,0.017152,3569234.4,19.9077,0.009194,4486937.2,7.918,0.004792,5312404.93,4.4585,0.003122,5188303.35,3.4238,0.002448,4922788.37,2.4057,0.001592
20261008,2880,華南金,8913162.0,10570913.0,6778929.0,8539351.0,12326772.0,13395509.0,13559866.0,12588665.0,5910247.0,12821890.0,8500509.0,8530932.0,35776337.0,16181633.0,18245339.0,15252989.0,11333629.0,18673673.0,13056360.0,9120535.0,13254248.0,13082688.0,12694801.0,16242371.0,22882451.0,23432105.0,48578786.0,30246901.0,9459728.0,13831992.0,8754334.67,33.9381,0.043031,9425825.4,18.9122,0.023067,10540530.4,8.4561,0.012023,12842670.27,4.6268,0.007833,13003862.0,3.4271,0.00614,15459443.7,1.9218,0.003993
20261008,2881,富邦金,14629239.0,12226914.0,16607313.0,11116444.0,10614902.0,18246085.0,11350421.0,14184273.0,8417116.0,14875887.0,17070787.0,15221165.0,28248424.0,14045882.0,20793317.0,15894184.0,19008138.0,10662888.0,12504942.0,16660623.0,12457783.0,21676639.0,19146551.0,20256586.0,13285257.0,19553535.0,33320565.0,16595185.0,21704439.0,28710843.0,14487822.0,33.6587,0.070628,13038962.4,22.4393,0.03786,13226859.4,11.0603,0.019734,15176544.6,6.4262,0.012857,15118947.2,4.838,0.010078,16969544.23,2.8736,0.006553
20261008,2881A,富邦特,14161.0,33813.0,59204.0,32035.0,36390.0,50405.0,66974.0,67027.0,67004.0,72461.0,54225.0,62897.0,34092.0,47068.0,9665.0,26864.0,33108.0,6816.0,73270.0,37590.0,30985.0,198274.0,45586.0,104052.0,294483.0,42064.0,58148.0,24516.0,158422.0,56620.0,35726.0,13.2126,6.8e-05,35120.6,8.0642,3.7e-05,49947.4,2.8352,1.9e-05,47161.4,2.0018,1.2e-05,44253.45,1.6,1e-05,63273.97,0.746,6e-06
20261008,2881B,富邦金乙特,37567.0,15960.0,86730.0,3100.0,9432.0,2087.0,3215.0,17655.0,60196.0,5744.0,1323.0,2580.0,14750.0,5911.0,17093.0,2621.0,2516.0,7106.0,7067.0,9113.0,71928.0,43854.0,50726.0,48266.0,16937.0,50744.0,3931.0,5372.0,5048.0,2092.0,46752.33,26.7844,0.000181,30557.8,24.5875,9.7e-05,24168.6,15.5437,5.1e-05,18889.53,13.2585,3.3e-05,15588.3,12.0497,2.6e-05,20355.47,6.1518,1.7e-05
20261008,2881C,富邦金丙特,65979.0,36163.0,31474.0,40046.0,74670.0,64974.0,26537.0,43297.0,18875.0,68428.0,18774.0,82948.0,39819.0,24522.0,8339.0,15703.0,18005.0,40430.0,45678.0,26412.0,18883.0,56152.0,25221.0,61862.0,31364.0,42823.0,49449.0,36335.0,30263.0,19555.0,44538.67,49.3796,0.000319,49666.4,26.5689,0.000171,47044.3,14.0249,8.9e-05,42989.67,10.2318,5.8e-05,39553.65,8.3404,4.5e-05,38766.0,5.6733,3e-05
20261008,2882,國泰金,19899995.0,21904476.0,17740300.0,13948307.0,13877928.0,20285318.0,22090817.0,19177458.0,11811664.0,17346843.0,15772789.0,15970215.0,43826072.0,19698413.0,27370591.0,16604431.0,18700175.0,15394406.0,13713393.0,23548014.0,19991277.0,25786342.0,17419167.0,36064344.0,24652478.0,26452218.0,59959891.0,19430471.0,18545986.0,25034402.0,19848257.0,33.4202,0.096074,17474201.2,22.7764,0.0515,17808310.6,11.1746,0.026844,20048079.07,6.6174,0.017489,19434080.25,5.1199,0.013709,22067272.7,3.006,0.008915
20261008,2882A,國泰特,92649.0,35235.0,137668.0,64564.0,52169.0,37376.0,16212.0,31147.0,71458.0,23911.0,77102.0,29459.0,36527.0,35627.0,33752.0,9004.0,9192.0,10121.0,24424.0,23410.0,71413.0,31517.0,58405.0,20591.0,304843.0,75119.0,25510.0,122277.0,39588.0,148090.0,88517.33,34.8892,0.000447,76457.0,24.2356,0.00024,56238.9,16.4742,0.000125,51657.07,11.9569,8.1e-05,42550.35,10.887,6.4e-05,58278.67,5.2992,4.2e-05
20261008,2882B,國泰金乙特,50993.0,17706.0,45662.0,11166.0,2071.0,6227.0,9201.0,16012.0,31106.0,2249.0,32482.0,21261.0,7375.0,12709.0,18029.0,14041.0,6624.0,7450.0,2947.0,15841.0,4024.0,15274.0,25339.0,19523.0,45979.0,25960.0,27383.0,15429.0,21524.0,107027.0,38120.33,44.5895,0.000246,25519.6,39.9638,0.000132,19239.3,26.5046,6.9e-05,18949.93,17.9396,4.5e-05,16557.6,15.3987,3.5e-05,21287.13,7.9849,2.3e-05
20261008,2883,凱基金,48071468.0,39336180.0,31272042.0,33641657.0,67231685.0,124035181.0,34492869.0,37568266.0,20805805.0,35038084.0,47074088.0,53769739.0,84041486.0,47181728.0,44169972.0,54357732.0,43390833.0,44415166.0,41645435.0,52826646.0,34505752.0,51314316.0,42802542.0,60617343.0,47214212.0,63652325.0,104070641.0,20878621.0,35842285.0,65204736.0,39559896.67,40.5052,0.232082,43910606.4,21.8952,0.124406,47149323.7,10.1956,0.064846,49848683.33,6.429,0.042247,49218303.1,4.8835,0.033116,50348961.17,3.1826,0.021534
20261008,2883B,凱基金乙特,368938.0,1002939.0,1757308.0,1995235.0,1708082.0,4957639.0,1847182.0,1667880.0,1572899.0,1145658.0,2240165.0,3472175.0,5086327.0,2990413.0,1706882.0,836823.0,1731845.0,1906434.0,2099800.0,964492.0,1579903.0,1673162.0,2239848.0,989185.0,815330.0,1455808.0,915322.0,713335.0,445020.0,1279782.0,1043061.67,11.7902,0.001781,1366500.4,5.3997,0.000955,1802376.0,2.047,0.000498,2234648.13,1.1007,0.000324,2052955.8,0.8986,0.000254,1772193.7,0.6939,0.000165
20261008,2884,玉山金,15444625.0,11827886.0,12125855.0,19596079.0,21945062.0,29162352.0,30746754.0,32018146.0,18254771.0,25178062.0,17191693.0,24243212.0,91400807.0,51011663.0,41914863.0,35427709.0,42521670.0,50967537.0,56865315.0,79994670.0,66912684.0,54265583.0,61355856.0,96702581.0,47477441.0,40006206.0,75829053.0,19760950.0,21257468.0,34333485.0,13132788.67,39.2012,0.074564,16187901.4,19.0817,0.03997,21629959.2,7.1404,0.020834,29470788.67,3.4938,0.013573,35391936.55,2.1819,0.01064,40858001.27,1.26,0.006919
20261008,2885,元大金,20844987.0,15612664.0,18723457.0,14141135.0,19695021.0,23394934.0,16759201.0,20346003.0,13758876.0,17813965.0,23313467.0,12965915.0,51889026.0,24272039.0,14347692.0,23441138.0,15209396.0,17923620.0,15088213.0,21174099.0,15507453.0,20843675.0,20306355.0,36417623.0,18145744.0,20966131.0,57279554.0,14254324.0,14569297.0,14552604.0,18393702.67,37.7756,0.100637,17803452.8,23.4168,0.053946,18109024.3,11.5108,0.028119,20525225.47,6.7705,0.018319,20035742.4,5.202,0.01436,21118586.93,3.2901,0.009338
20261008,2886,兆豐金,23894687.0,16485479.0,22232020.0,13947129.0,28642625.0,30290335.0,16038181.0,20847357.0,8333068.0,20938255.0,21285539.0,12052512.0,47531956.0,24220366.0,26462696.0,20370352.0,22519207.0,35912878.0,20888846.0,14872293.0,24420363.0,20349647.0,31950981.0,37830876.0,33784817.0,30744770.0,33911276.0,62205583.0,22503030.0,23809379.0,20870728.67,38.163,0.11536,21040388.0,22.7132,0.061838,20164913.6,11.8496,0.032233,22213480.33,7.1712,0.020999,22388289.05,5.3364,0.016461,25642550.1,3.1061,0.010704
20261008,2887,台新新光金,46651176.0,27208918.0,23620410.0,36545158.0,56891872.0,82708620.0,34912298.0,46941880.0,22156657.0,38944416.0,47245611.0,55573672.0,139346857.0,61871541.0,64631663.0,43388044.0,41755970.0,41541777.0,38539925.0,69029383.0,67844119.0,57658148.0,47708121.0,78353912.0,88399635.0,89499178.0,185653072.0,33694420.0,38263607.0,48013247.0,32493501.33,47.8569,0.225225,38183506.8,24.4352,0.120731,41658140.5,11.1986,0.06293,52350049.93,5.9409,0.040999,50975292.4,4.5759,0.032138,58486443.57,2.6588,0.020898
20261008,2887E,台新新光戊特一,243432.0,206112.0,225501.0,147024.0,216645.0,155206.0,209796.0,324807.0,146687.0,103300.0,130807.0,142533.0,85124.0,129358.0,199041.0,120296.0,288776.0,169415.0,181965.0,533194.0,107161.0,173389.0,125140.0,124369.0,31890.0,102570.0,119991.0,136202.0,126314.0,102363.0,225015.0,36.0616,0.001175,207742.8,23.4359,0.00063,197851.0,12.3038,0.000328,177691.53,9.1331,0.000214,197950.95,6.1488,0.000168,170280.27,4.7653,0.000109
20261008,2887F,台新新光戊特二,26000.0,20769.0,53143.0,50867.0,34280.0,17566.0,110646.0,29280.0,20879.0,51033.0,42134.0,21009.0,18393.0,24350.0,33342.0,28422.0,43479.0,29969.0,37152.0,44050.0,19222.0,26145.0,14571.0,41588.0,16933.0,27327.0,32420.0,17540.0,18094.0,20248.0,33304.0,26.0229,0.000126,37011.8,14.0496,6.7e-05,41446.3,6.2732,3.5e-05,36912.73,4.6958,2.3e-05,36838.15,3.529,1.8e-05,32361.7,2.6781,1.2e-05
20261008,2887G,台新新光庚特一,17227.0,100713.0,42592.0,280291.0,137016.0,105783.0,83517.0,241714.0,270172.0,52417.0,22196.0,52093.0,59535.0,58111.0,33304.0,100077.0,59633.0,47647.0,64996.0,79627.0,78148.0,77287.0,30412.0,85135.0,8430.0,43408.0,31472.0,23387.0,10344.0,66124.0,53510.67,10.7312,8.3e-05,115567.8,2.9813,4.5e-05,133144.2,1.2939,2.3e-05,103778.73,1.1066,1.5e-05,95433.05,0.9026,1.2e-05,78760.27,0.7291,8e-06
20261008,2887H,台新新光庚特二,179375.0,225247.0,148624.0,160811.0,356120.0,171206.0,124806.0,138133.0,546214.0,123058.0,83025.0,98976.0,234503.0,47464.0,408259.0,518156.0,277695.0,138337.0,618813.0,100564.0,26515.0,95548.0,81070.0,63963.0,444708.0,207983.0,30892.0,25158.0,135189.0,58526.0,184415.33,32.4223,0.000866,214035.4,16.7612,0.000464,217359.4,8.2525,0.000242,203054.73,5.8892,0.000158,234969.3,3.817,0.000124,195631.27,3.0563,8e-05
20261008,2887I,台新新光辛特,1803275.0,1291605.0,2033844.0,4660254.0,2453857.0,2304108.0,692835.0,9910263.0,1621862.0,1408529.0,2389193.0,1833817.0,5219155.0,1792046.0,1535635.0,5563124.0,798782.0,2058902.0,4719524.0,1529910.0,1591494.0,11885692.0,7563566.0,9277835.0,5977522.0,1273999.0,756052.0,1288857.0,1775339.0,5751395.0,1709574.67,35.1603,0.008706,2448567.0,14.7292,0.004667,2818043.2,6.399,0.002433,2730018.53,4.4036,0.001585,2781026.0,3.2421,0.001242,3425409.03,1.7548,0.000808
20261008,2887Z1,台新新光己特,87437.0,54798.0,55859.0,36393.0,1071326.0,9778.0,102719.0,54835.0,137795.0,102681.0,46846.0,47468.0,32435.0,213107.0,40489.0,31154.0,4053833.0,389090.0,227698.0,199718.0,239164.0,85102.0,141861.0,510026.0,117534.0,128143.0,330436.0,494832.0,837447.0,68022.0,66031.33,44.1391,0.000422,261162.6,6.696,0.000226,171362.1,5.1025,0.000118,139597.73,4.1757,7.7e-05,349772.95,1.2499,6e-05,331600.87,0.8789,3.9e-05
20261008,2889,國票金,5521450.0,3092329.0,3479222.0,11287069.0,5874536.0,11163653.0,6708250.0,9771251.0,9529220.0,8081422.0,5934928.0,10664633.0,19915199.0,15773759.0,19056573.0,12957544.0,17139445.0,17403008.0,13172393.0,14881124.0,12640762.0,15632611.0,20648721.0,44317804.0,22666854.0,19361212.0,29104268.0,24759513.0,36308749.0,22821932.0,4031000.33,45.6582,0.026657,5850921.2,18.8738,0.014289,7450840.2,7.4105,0.007448,9723566.27,3.7856,0.004852,11070350.4,2.4938,0.003804,15655647.8,1.1756,0.002473
20261008,2890,永豐金,21027714.0,19443931.0,20035622.0,17577071.0,13939013.0,22127376.0,18029307.0,34667144.0,10439331.0,20244857.0,13630029.0,18347361.0,52002471.0,36030980.0,39272275.0,26932735.0,31277251.0,32601711.0,22672446.0,28031635.0,30010862.0,20513376.0,19136125.0,26398081.0,31205716.0,27422506.0,62967549.0,19928878.0,17521860.0,17073543.0,20169089.0,34.7524,0.101519,18404670.2,22.8504,0.054418,19753136.6,10.6453,0.028365,23787632.13,5.8932,0.01848,24916513.0,4.2196,0.014486,25683625.2,2.7291,0.00942
20261008,2891,中信金,24637558.0,21099687.0,30124093.0,16418201.0,18882806.0,28647138.0,26479156.0,27538151.0,17628463.0,20610634.0,16809301.0,21196337.0,75667472.0,43768969.0,50439678.0,59318127.0,28023152.0,22714818.0,19389793.0,29229387.0,28102434.0,29922109.0,29198109.0,44127663.0,40072437.0,39727859.0,40176473.0,33878789.0,25965855.0,28409411.0,25287112.67,32.4771,0.118947,22232469.0,22.1636,0.063761,23206588.7,10.6166,0.033235,29329842.93,5.6001,0.021652,29931146.05,4.1157,0.016973,31273468.67,2.626,0.011037
20261008,2891B,中信金乙特,15018.0,1431.0,22506.0,8496.0,13059.0,1581.0,2383.0,4747.0,10497.0,4061.0,5514.0,4536.0,4553.0,4935.0,4350.0,1000.0,2061.0,111.0,13529.0,2315.0,1223.0,9402.0,13635.0,2352.0,7347.0,6533.0,9407.0,16368.0,10181.0,14821.0,12985.0,38.5522,7.3e-05,12102.0,24.819,3.9e-05,8377.9,17.9257,2e-05,7177.8,13.9486,1.3e-05,6334.15,11.8548,1e-05,7265.07,6.8905,7e-06
20261008,2891C,中信金丙特,3078.0,9350.0,3607.0,11194.0,6139.0,70958.0,30856.0,189.0,2428.0,0.0,643.0,2086.0,4537.0,1598.0,93.0,0.0,492.0,3245.0,2187.0,3892.0,12094.0,18663.0,3259.0,2176.0,34750.0,59076.0,7002.0,16262.0,101272.0,3291.0,5345.0,19.1955,1.5e-05,6673.6,9.2244,8e-06,13779.9,2.2337,4e-06,9783.73,2.0974,3e-06,7828.6,1.9659,2e-06,13813.9,0.7427,1e-06
20261008,2892,第一金,14704600.0,13833369.0,13123298.0,13117827.0,14985368.0,18760717.0,29031962.0,26936589.0,11353509.0,18149130.0,19900972.0,16248699.0,52942496.0,32824142.0,24115235.0,30707411.0,37037261.0,34933986.0,29076588.0,30638819.0,28543044.0,38993734.0,30570826.0,38579002.0,37045311.0,37065473.0,89869003.0,68304232.0,27111710.0,38426399.0,13887089.0,35.2956,0.070992,13952892.4,21.0775,0.038055,17399636.9,8.4511,0.019836,21335194.2,4.5948,0.012923,24121098.9,3.0481,0.01013,30564357.07,1.6037,0.006587
20261008,2897,王道銀行,2355292.0,1199486.0,1872037.0,5029399.0,2489916.0,8785321.0,3869500.0,4961924.0,2781975.0,2012300.0,3750675.0,9099521.0,7034401.0,6108209.0,5623926.0,6343448.0,13429710.0,3621275.0,2623489.0,2058193.0,3694946.0,7811549.0,4659233.0,16173535.0,9951222.0,14531847.0,2589705.0,4670686.0,6039435.0,6004038.0,1808938.33,43.401,0.011371,2589226.0,18.193,0.006095,3535715.0,6.6614,0.003177,4464925.47,3.5167,0.00207,4752499.85,2.478,0.001623,5705873.1,1.3759,0.001055
20261008,2897B,王道銀乙特,7236.0,4000.0,7000.0,23000.0,13362.0,1784.0,58852.0,36864.0,13000.0,16000.0,34181.0,111347.0,54472.0,18343.0,22132.0,46057.0,64022.0,27125.0,18396.0,76000.0,55230.0,24056.0,26000.0,360528.0,41105.0,139097.0,3330.0,26817.0,162791.0,110142.0,6078.67,39.6798,3.5e-05,10919.6,13.2532,1.9e-05,18109.8,3.9956,1e-05,28104.87,1.7164,6e-06,32658.65,1.1078,5e-06,53408.97,0.4516,3e-06
20261008,2901,欣欣,39791.0,61460.0,40931.0,41820.0,50747.0,36636.0,35495.0,50924.0,163902.0,958071.0,221777.0,21448.0,8568.0,51405.0,16610.0,33874.0,10106.0,28232.0,219944.0,6850.0,19100.0,16299.0,6104.0,5436.0,4467.0,4515.0,12979.0,2550.0,5131.0,12263.0,47394.0,27.986,0.000192,46949.8,16.9504,0.000103,147977.7,2.689,5.4e-05,119972.33,2.2111,3.5e-05,104929.55,1.8961,2.7e-05,72914.5,1.8191,1.8e-05
20261008,2903,遠百,1239860.0,666050.0,773181.0,1376393.0,1847025.0,1960447.0,1760740.0,1122713.0,838175.0,668203.0,384458.0,1332377.0,919762.0,699536.0,1238522.0,1529035.0,1171124.0,920658.0,1455705.0,699118.0,1039929.0,1062429.0,676033.0,1668663.0,889116.0,2005199.0,2230377.0,1261534.0,1601667.0,1487155.0,893030.33,46.2791,0.005986,1180501.8,21.0056,0.003209,1225278.7,10.119,0.001673,1121829.47,7.3681,0.00109,1130154.1,5.4854,0.000854,1217506.13,3.3945,0.000555
20261008,2904,匯僑,31260.0,19225.0,21352.0,10547.0,8459.0,6487.0,29328.0,16574.0,22974.0,12565.0,14821.0,66649.0,22268.0,59356.0,48778.0,53802.0,31689.0,25969.0,28742.0,22456.0,22083.0,53449.0,32426.0,37501.0,33987.0,59868.0,34285.0,14212.0,45667.0,74235.0,23945.67,43.5152,0.000151,18168.6,34.411,8.1e-05,17877.1,17.4861,4.2e-05,26042.87,8.0022,2.7e-05,27665.05,5.6497,2.2e-05,32033.8,3.2528,1.4e-05
20261008,2905,三商,346574.0,341708.0,386233.0,564810.0,798384.0,1176639.0,770644.0,1238085.0,1197315.0,1430800.0,1473362.0,2090984.0,2529525.0,1992584.0,2043085.0,2369419.0,934169.0,1630561.0,1317427.0,1035374.0,1332893.0,1487962.0,1543732.0,2924093.0,1552082.0,1002116.0,1601652.0,1299334.0,1122045.0,1361455.0,358171.67,32.254,0.001673,487541.8,14.2172,0.000897,825119.2,4.2003,0.000468,1225382.13,1.8855,0.000305,1283384.1,1.3502,0.000239,1363168.2,0.8475,0.000155
20261008,2906,高林,610377.0,42515.0,39139.0,102545.0,94141.0,40114.0,79256.0,67157.0,95287.0,134707.0,48509.0,117077.0,97683.0,224814.0,82855.0,143868.0,51020.0,136037.0,135191.0,71215.0,120327.0,147845.0,91548.0,88673.0,80035.0,118498.0,100297.0,119379.0,157205.0,298866.0,230677.0,88.2008,0.002947,177743.4,68.6807,0.00158,130523.8,46.7637,0.000823,125078.4,32.533,0.000536,120675.35,25.29,0.00042,124539.33,16.3369,0.000273
20261008,2908,特力,261587.0,332698.0,388596.0,305331.0,281086.0,260894.0,256712.0,286050.0,275895.0,291079.0,265436.0,219438.0,228453.0,220261.0,220283.0,179016.0,230317.0,203171.0,231052.0,210188.0,246093.0,350309.0,244804.0,245710.0,166182.0,248595.0,251357.0,195023.0,247560.0,181237.0,327627.0,26.6143,0.001263,313859.6,16.669,0.000677,293992.8,8.8977,0.000353,272919.93,6.3898,0.00023,257377.15,5.0818,0.00018,250813.77,3.4765,0.000117
20261008,2910,統領,6015.0,3020.0,25545.0,6341.0,10011.0,1000.0,33005.0,20115.0,3003.0,13001.0,13000.0,13000.0,16050.0,12029.0,9000.0,11064.0,8142.0,13707.0,16044.0,8750.0,9040.0,33102.0,10222.0,18224.0,7031.0,22100.0,16074.0,4000.0,13017.0,14009.0,11526.67,17.3944,2.9e-05,10186.4,11.8099,1.6e-05,12105.6,4.9688,8e-06,12275.67,3.2666,5e-06,12092.1,2.4872,4e-06,12955.37,1.5476,3e-06
20261008,2911,麗嬰房,56793.0,236575.0,215514.0,79779.0,93320.0,90769.0,111425.0,124868.0,38973.0,103447.0,127334.0,103922.0,61847.0,76286.0,40251.0,29837.0,45749.0,42771.0,76832.0,65760.0,39269.0,177472.0,104522.0,71569.0,105567.0,62892.0,59735.0,49866.0,128592.0,105468.0,169627.33,11.1603,0.000274,136396.2,8.3277,0.000147,115146.3,4.9322,7.7e-05,104073.53,3.638,5e-05,91102.6,3.117,3.9e-05,90900.13,2.0826,2.5e-05
20261008,2912,統一超,1914231.0,1917539.0,1565939.0,1150568.0,2981945.0,2207660.0,1661585.0,1493082.0,2196330.0,2277177.0,963738.0,1167249.0,2787692.0,1131376.0,1495045.0,1125625.0,1022196.0,1098197.0,1308060.0,1223080.0,1948723.0,1328293.0,825935.0,894688.0,1196376.0,1788795.0,2638741.0,1100327.0,957567.0,590476.0,1799236.33,35.4638,0.009242,1906044.4,20.0859,0.004954,1936605.6,9.8845,0.002582,1794077.07,7.1132,0.001682,1634415.7,5.856,0.001319,1531941.17,4.1652,0.000858
20261008,2913,農林,535963.0,2165599.0,1565803.0,1482844.0,444038.0,345222.0,883050.0,729074.0,813993.0,1253379.0,818151.0,2611881.0,3068939.0,1452874.0,491142.0,651398.0,621615.0,564636.0,522145.0,693805.0,463261.0,1515907.0,1656797.0,1361349.0,715788.0,1003957.0,844783.0,1537143.0,1717361.0,812075.0,1422455.0,12.5596,0.002588,1238849.4,8.6526,0.001387,1021896.5,5.2448,0.000723,1244130.13,2.872,0.000471,1085777.55,2.4681,0.000369,1111465.73,1.6074,0.00024
20261008,2915,潤泰全,1388005.0,1338517.0,757969.0,1581273.0,1576854.0,1152943.0,1295830.0,1554776.0,1536402.0,2250622.0,1504534.0,1165805.0,2609847.0,3128197.0,2441861.0,867924.0,1420228.0,1308487.0,888779.0,947774.0,1332452.0,1491180.0,1487767.0,1494724.0,1770702.0,2422882.0,4283337.0,3180383.0,2347036.0,2002537.0,1161497.0,39.8338,0.006701,1328523.6,20.8955,0.003592,1443319.1,9.6168,0.001872,1685562.33,5.4898,0.00122,1535831.35,4.5187,0.000956,1750987.57,2.6423,0.000622
20261008,2923,鼎固-KY,20967.0,38360.0,127779.0,120263.0,197446.0,44485.0,152576.0,116429.0,143243.0,90282.0,84100.0,75702.0,353005.0,135528.0,241304.0,327576.0,125720.0,240973.0,87908.0,140374.0,112876.0,295431.0,252971.0,88431.0,165372.0,150820.0,220787.0,143669.0,192491.0,245649.0,62368.67,11.2059,0.000101,100963.0,4.1534,5.4e-05,105183.0,1.9934,2.8e-05,129431.27,1.08,1.8e-05,143201.0,0.7321,1.4e-05,157750.57,0.443,9e-06
20261008,2929,淘帝-KY,65759.0,120078.0,231749.0,138005.0,72557.0,34652.0,81468.0,102847.0,86691.0,99033.0,46577.0,94934.0,203489.0,244212.0,80021.0,53522.0,168814.0,122209.0,986265.0,54070.0,33290.0,122785.0,153684.0,101929.0,56076.0,129028.0,88255.0,61848.0,89173.0,118302.0,139195.33,15.7474,0.000317,125629.6,10.4687,0.00017,103283.9,6.3668,8.9e-05,113471.47,3.8635,5.8e-05,154347.6,2.1302,4.5e-05,134710.73,1.6272,2.9e-05
20261008,2939,永邑-KY,50001.0,44112.0,74367.0,102002.0,39378.0,24032.0,92004.0,51000.0,17001.0,21001.0,9002.0,27002.0,18006.0,11015.0,7000.0,21002.0,13006.0,457002.0,67000.0,28001.0,8401.0,65000.0,355000.0,1000.0,8000.0,4009.0,8001.0,19002.0,8001.0,4200.0,56160.0,29.6777,0.000241,61972.0,16.1366,0.000129,51489.8,9.7109,6.7e-05,39128.2,8.5192,4.4e-05,58646.7,4.2629,3.4e-05,55118.27,3.0239,2.2e-05
20261008,2945,三商家購,3602.0,5447.0,14533.0,8333.0,29029.0,21688.0,20699.0,25135.0,30662.0,213892.0,14253.0,23598.0,16628.0,9164.0,8355.0,13483.0,4455.0,8365.0,14222.0,36235.0,653.0,14755.0,11103.0,4194.0,8306.0,6080.0,41569.0,12026.0,9514.0,6344.0,7860.67,15.2744,1.7e-05,12188.8,5.9103,9e-06,37302.0,0.9656,5e-06,29667.87,0.8094,3e-06,26088.9,0.6903,2e-06,21210.73,0.5661,2e-06
20261008,3002,歐格,135219.0,100520.0,185825.0,290402.0,466159.0,397346.0,327819.0,138621.0,251151.0,361009.0,782856.0,1873547.0,1197574.0,779652.0,51846.0,35302.0,36198.0,60384.0,78910.0,116833.0,66040.0,72180.0,55293.0,81462.0,58496.0,60790.0,76635.0,60313.0,65156.0,63082.0,140521.33,32.0756,0.000653,235625.0,11.4775,0.00035,265407.1,5.0948,0.000182,489303.07,1.8423,0.000119,383358.65,1.7636,9.3e-05,277554.0,1.6239,6.1e-05
20261008,3003,健和興,204134.0,247236.0,361241.0,559712.0,254831.0,205478.0,334494.0,286357.0,460508.0,394371.0,573792.0,326968.0,428245.0,641622.0,264868.0,356754.0,415201.0,838069.0,542434.0,662699.0,1588467.0,3354602.0,366975.0,760070.0,408190.0,565161.0,1305927.0,3029544.0,1501163.0,419491.0,270870.33,25.1208,0.000986,325430.8,12.5455,0.000528,330836.2,6.1702,0.000275,369590.47,3.6822,0.000179,417950.7,2.4421,0.000141,721953.47,0.9425,9.1e-05
20261008,3004,豐達科,112553.0,395484.0,272447.0,718084.0,151965.0,488162.0,165706.0,85163.0,111407.0,177477.0,171722.0,209763.0,195653.0,417657.0,173641.0,184882.0,487522.0,308627.0,219240.0,588200.0,282107.0,510277.0,683184.0,1065876.0,151692.0,401666.0,259443.0,409301.0,700991.0,211402.0,260161.33,14.4209,0.000543,330106.6,6.8192,0.000291,267844.8,4.2022,0.000152,256458.93,2.9258,9.9e-05,281767.75,1.9973,7.8e-05,343709.8,1.0916,5e-05
20261008,3005,神基,1153504.0,989835.0,2273822.0,1213174.0,702857.0,975079.0,1298870.0,983939.0,758055.0,1664910.0,1815746.0,2988019.0,1692787.0,3131786.0,1479672.0,1588708.0,2806961.0,1906337.0,949678.0,2017632.0,1571494.0,2431067.0,2162222.0,2693708.0,1404702.0,2100276.0,2788915.0,1999507.0,1550257.0,1699532.0,1472387.0,26.1141,0.005569,1266638.4,18.2136,0.002985,1201404.5,9.6013,0.001556,1541470.33,4.9888,0.001014,1619568.55,3.5611,0.000795,1759768.37,2.185,0.000517
20261008,3006,晶豪科,6905752.0,5153730.0,7060521.0,14449344.0,9101409.0,6910568.0,8256303.0,9171752.0,6499142.0,9305114.0,9766932.0,11308937.0,14291230.0,11004816.0,12191590.0,9092194.0,13743680.0,20614655.0,26130142.0,17234838.0,18083273.0,26812246.0,26605989.0,41962593.0,9196167.0,20165284.0,23235364.0,9546036.0,14068417.0,12165843.0,6373334.33,36.1179,0.03334,8534151.2,16.1838,0.017872,8281363.5,8.3389,0.009315,9425142.67,4.8846,0.006069,11409632.45,3.0263,0.004757,14334462.03,1.6059,0.003094
20261008,3008,大立光,1919149.0,2150347.0,2185813.0,2621621.0,1683166.0,2312558.0,1670350.0,1784096.0,1200518.0,1689986.0,2454340.0,2092892.0,2850571.0,2145354.0,2427181.0,2988683.0,2655512.0,1987534.0,1755962.0,1404696.0,1975094.0,2481903.0,1626455.0,1688885.0,2294173.0,3399074.0,3700248.0,4885655.0,2913470.0,2001695.0,2085103.0,30.6803,0.009265,2112019.2,18.1736,0.004967,1921760.4,9.9864,0.002589,2079196.13,6.1535,0.001687,2099016.45,4.5715,0.001322,2298232.7,2.7835,0.00086
20261008,3010,華立,535608.0,615295.0,570928.0,992474.0,956382.0,392956.0,343187.0,367596.0,457308.0,231389.0,378741.0,209715.0,414987.0,310774.0,188357.0,488994.0,324694.0,417514.0,612419.0,994940.0,337014.0,527752.0,296890.0,759489.0,411620.0,324985.0,496632.0,360580.0,448172.0,494297.0,573943.67,31.1069,0.002586,734137.4,14.5915,0.001386,546312.3,9.8041,0.000723,464379.8,7.6892,0.000471,490212.9,5.463,0.000369,475389.63,3.7556,0.00024
20261008,3011,今皓,260277.0,543697.0,379007.0,349326.0,637108.0,291227.0,270226.0,174436.0,277954.0,213242.0,240868.0,477661.0,579228.0,1211571.0,636201.0,988520.0,1194705.0,425708.0,327517.0,348399.0,1670722.0,502905.0,421937.0,325176.0,326473.0,434714.0,287179.0,293773.0,236085.0,334995.0,394327.0,22.0018,0.001257,433883.0,11.9976,0.000674,339650.0,7.6631,0.000351,436135.27,3.9785,0.000229,491343.9,2.6486,0.000179,488694.57,1.7753,0.000117
20261008,3013,晟銘電,6377587.0,4384685.0,6098792.0,2856530.0,4569107.0,5259584.0,2758145.0,637300.0,569586.0,1063697.0,754735.0,638436.0,1023134.0,431107.0,374821.0,634971.0,733596.0,1752990.0,1122455.0,938500.0,944628.0,906530.0,782108.0,1450798.0,2577642.0,2990312.0,4408439.0,1988850.0,1067144.0,799524.0,5620354.67,37.8243,0.03079,4857340.2,26.2596,0.016505,3457501.3,18.4457,0.008603,2519816.4,16.8732,0.005605,2148987.9,14.8386,0.004394,2029857.77,10.473,0.002857
20261008,3014,聯陽,2401375.0,4847736.0,1916248.0,5400354.0,1134800.0,1276071.0,1815815.0,3216326.0,2408672.0,4800684.0,3657873.0,4097724.0,2377769.0,1161132.0,776601.0,288580.0,413330.0,495734.0,397254.0,562006.0,555777.0,642570.0,1276070.0,1134150.0,444682.0,856757.0,889558.0,472713.0,380330.0,645402.0,3055119.67,26.2006,0.011593,3140102.6,15.2949,0.006215,2921808.1,8.2188,0.003239,2752612.0,5.816,0.00211,2172304.2,5.5273,0.001654,1691469.77,4.7323,0.001076
20261008,3015,全漢,352609.0,446053.0,311460.0,304599.0,418543.0,338875.0,529686.0,341596.0,219501.0,875451.0,396268.0,527460.0,217298.0,288085.0,295362.0,356508.0,247849.0,248390.0,317790.0,267457.0,186113.0,173251.0,274008.0,451102.0,279888.0,257556.0,324561.0,429586.0,531594.0,281396.0,370040.67,31.7631,0.001702,366652.8,19.2339,0.000913,413837.3,8.5205,0.000476,390856.4,6.0143,0.00031,365042.0,4.8297,0.000243,349663.17,3.3614,0.000158
20261008,3016,嘉晶,6352536.0,4013446.0,4711054.0,5285840.0,8692203.0,5580762.0,43282581.0,75400142.0,49083815.0,31085717.0,30369344.0,12523363.0,11658641.0,24388426.0,19161129.0,30912478.0,21536063.0,19649188.0,13980714.0,3365101.0,11481206.0,2695630.0,3591167.0,3531323.0,3261035.0,7198205.0,4664276.0,3253682.0,3231808.0,5178243.0,5025678.67,42.1339,0.030669,5811015.8,21.8638,0.01644,23348809.6,2.7207,0.008569,22105933.27,1.9158,0.005583,21051627.15,1.5088,0.004376,15637303.93,1.3541,0.002846
20261008,3017,奇鋐,3162171.0,3515134.0,3260797.0,4606753.0,3274994.0,3303220.0,3653169.0,3928028.0,2261001.0,2649367.0,2288258.0,1743425.0,3785048.0,3034388.0,2744795.0,3217593.0,2215371.0,2111512.0,2574023.0,2364600.0,3350997.0,3303272.0,4515440.0,4418016.0,3136748.0,3084829.0,4468442.0,4035280.0,6114908.0,5242984.0,3312700.67,31.8187,0.015266,3563969.8,17.7452,0.008184,3361463.4,9.4071,0.004266,3147369.87,6.698,0.002779,2984682.35,5.2973,0.002178,3378818.77,3.1196,0.001417
20261008,3018,隆銘綠能,125096.0,41061.0,39753.0,54862.0,13077.0,23483.0,36173.0,30637.0,35307.0,58699.0,60713.0,104343.0,28225.0,48513.0,45556.0,9361.0,10182.0,30937.0,35653.0,35372.0,50412.0,50790.0,38745.0,64607.0,40590.0,98303.0,38703.0,112252.0,147528.0,24824.0,68636.67,60.7528,0.000604,54769.8,45.6806,0.000324,45814.8,27.3047,0.000169,49699.87,16.7802,0.00011,43350.15,14.4286,8.6e-05,51125.23,8.1562,5.6e-05
20261008,3019,亞光,1612834.0,2894659.0,2614123.0,4707577.0,2069927.0,1848644.0,1304111.0,1562554.0,6264184.0,2495771.0,1889313.0,1460975.0,2259857.0,2606065.0,6039368.0,2307775.0,3299341.0,2701523.0,2189533.0,3441685.0,3749025.0,5128775.0,7894390.0,33676349.0,24643003.0,8488033.0,5879970.0,2471706.0,6113533.0,2844962.0,2373872.0,22.647,0.007787,2779824.0,11.6039,0.004174,2737438.4,5.8918,0.002176,2775330.8,3.8742,0.001417,2778490.95,2.9024,0.001111,5215318.83,1.0308,0.000722
20261008,3021,鴻名,677051.0,3144039.0,544440.0,754958.0,599976.0,1240592.0,3337096.0,1253253.0,1664520.0,368099.0,632184.0,666998.0,1145097.0,3737746.0,1380579.0,660797.0,257214.0,285866.0,366136.0,940533.0,1338642.0,3025658.0,316529.0,525343.0,57228.0,132548.0,89358.0,144474.0,137657.0,202435.0,1455176.67,15.509,0.003269,1144092.8,11.8356,0.001752,1358402.4,4.9842,0.000913,1409775.2,3.2017,0.000595,1182858.7,2.8619,0.000466,987568.2,2.2852,0.000303
20261008,3022,威強電,745802.0,640835.0,724514.0,747817.0,803611.0,863351.0,1114495.0,1607789.0,1540683.0,849829.0,1048535.0,1972703.0,1158352.0,2348054.0,564520.0,1114601.0,1241326.0,1163839.0,1037667.0,1501028.0,3966075.0,4751940.0,4749366.0,1539796.0,854935.0,1667997.0,818397.0,1191175.0,1365153.0,1301838.0,703717.0,35.3268,0.003601,732515.8,20.3628,0.00193,963872.6,7.7376,0.001006,1115392.67,4.4576,0.000655,1139467.55,3.2726,0.000514,1499867.43,1.6575,0.000334
20261008,3023,信邦,633236.0,781901.0,519702.0,1582254.0,794904.0,715936.0,1125085.0,885891.0,378175.0,704208.0,487602.0,413068.0,699062.0,641088.0,973835.0,769688.0,638725.0,446538.0,353769.0,405778.0,1362519.0,1465020.0,1659541.0,2127281.0,2248436.0,909100.0,588638.0,380275.0,737154.0,451912.0,644946.33,32.7281,0.003057,862399.4,14.6854,0.001639,812129.2,7.7972,0.000854,755729.8,5.5861,0.000557,697522.25,4.5392,0.000436,862677.37,2.4468,0.000284
20261008,3024,憶聲,817599.0,329709.0,659189.0,1302929.0,899309.0,562192.0,473733.0,944848.0,876861.0,540912.0,1387098.0,1384325.0,3454425.0,1150691.0,464259.0,1009988.0,1227874.0,1064637.0,1337274.0,758931.0,1104427.0,879446.0,1741939.0,1311220.0,636516.0,2245000.0,2385291.0,1505597.0,1341731.0,1828208.0,602165.67,45.2588,0.003947,801747.0,20.3954,0.002116,740728.1,11.0378,0.001103,1016538.6,5.362,0.000719,1032339.15,3.9599,0.000563,1187538.6,2.2949,0.000366
20261008,3025,星通,620733.0,1206891.0,2095083.0,539548.0,1332929.0,706836.0,156196.0,70091.0,92285.0,44312.0,109675.0,203117.0,75077.0,119954.0,53242.0,51844.0,57142.0,116163.0,171713.0,250337.0,173371.0,336934.0,131874.0,152593.0,116842.0,293766.0,167082.0,109260.0,255007.0,318979.0,1307569.0,15.8241,0.002997,1159036.8,10.7112,0.001606,686490.4,9.0421,0.000837,495064.6,8.3589,0.000546,403658.4,7.6888,0.000428,337629.2,6.1284,0.000278
20261008,3026,禾伸堂,15755457.0,15543764.0,5808649.0,9680400.0,17157777.0,18518160.0,6314086.0,5185200.0,13190269.0,6256406.0,12453517.0,8530973.0,10354507.0,13168960.0,8067246.0,6230611.0,8267483.0,14914692.0,13763005.0,12792343.0,11962376.0,3646503.0,7288466.0,7150909.0,6999229.0,12797881.0,16901442.0,15081013.0,6925051.0,8416228.0,12369290.0,42.4585,0.076065,12789209.4,24.6387,0.040774,11341016.8,13.8925,0.021253,11065691.4,9.4921,0.013846,11097675.25,7.0985,0.010854,10637420.1,4.9371,0.007058
20261008,3027,盛達,278380.0,524098.0,1789258.0,155759.0,74236.0,115914.0,249111.0,130399.0,155165.0,276888.0,995984.0,574317.0,189134.0,78976.0,58133.0,167679.0,106686.0,85797.0,147400.0,36576.0,159512.0,146626.0,198937.0,155349.0,119874.0,75685.0,116668.0,230922.0,207862.0,161848.0,863912.0,10.7411,0.001344,564346.2,9.8656,0.00072,374920.8,7.425,0.000376,376383.47,4.9308,0.000245,309494.5,4.4973,0.000192,258772.43,3.5859,0.000125
20261008,3028,增你強,536355.0,460628.0,966231.0,1327321.0,674660.0,560567.0,562381.0,536354.0,783469.0,512122.0,645293.0,659140.0,550857.0,1701218.0,466216.0,446467.0,515321.0,521603.0,654992.0,894233.0,965578.0,821998.0,488941.0,849074.0,772127.0,553808.0,787608.0,1266937.0,920053.0,352703.0,654404.67,27.3203,0.002589,793039.0,13.5266,0.001388,692008.8,7.7507,0.000724,729520.8,4.9014,0.000471,698771.4,3.8378,0.000369,725141.83,2.4655,0.00024
20261008,3029,零壹,750650.0,2666774.0,842463.0,1083899.0,982672.0,920932.0,1546881.0,1708421.0,2034946.0,1551754.0,2336064.0,3536538.0,6877923.0,4143030.0,11771589.0,7857851.0,17817439.0,6837674.0,889025.0,649555.0,2431884.0,918648.0,624017.0,827261.0,406000.0,657369.0,1354857.0,1192473.0,673191.0,621841.0,1419962.33,17.6214,0.003624,1265291.6,11.8652,0.001943,1408939.2,5.3278,0.001013,2850302.4,1.7557,0.00066,3840304.0,0.9773,0.000517,2883787.37,0.8677,0.000336
20261008,3030,德律,2226309.0,2951750.0,5250743.0,3464455.0,3947165.0,1666287.0,975680.0,1413018.0,456455.0,656721.0,580592.0,378465.0,538100.0,434361.0,313927.0,377353.0,566636.0,633921.0,739719.0,663968.0,1837612.0,852445.0,2693954.0,2790260.0,1127041.0,1396524.0,672490.0,693781.0,839304.0,512442.0,3476267.33,21.3477,0.010748,3568084.4,12.479,0.005762,2300858.3,9.676,0.003003,1683601.87,8.8157,0.001957,1411781.25,7.8848,0.001534,1388382.6,5.3451,0.000997
20261008,3031,佰鴻,5354509.0,4489489.0,14334502.0,7718132.0,10999738.0,2758118.0,3719886.0,10641422.0,7189070.0,3343314.0,3083633.0,5912480.0,9800785.0,3775643.0,699782.0,229023.0,445527.0,491613.0,721593.0,680227.0,445010.0,595093.0,947060.0,666721.0,338850.0,575668.0,400731.0,728979.0,1396304.0,2076103.0,8059500.0,22.1457,0.025851,8579274.0,12.4824,0.013857,7054818.0,7.5899,0.007223,6254700.2,5.7072,0.004706,4819424.3,5.5551,0.003689,3485300.17,5.121,0.002399
20261008,3032,偉訓,184585.0,345185.0,261419.0,456673.0,208628.0,310689.0,165408.0,294028.0,716619.0,1734436.0,673964.0,652396.0,491135.0,481782.0,172679.0,310804.0,393584.0,1061840.0,217157.0,229207.0,197789.0,264959.0,267320.0,356102.0,209632.0,748995.0,399895.0,231872.0,224551.0,214713.0,263729.67,23.3301,0.000891,291298.0,12.6733,0.000478,467767.0,3.9461,0.000249,476641.73,2.5817,0.000162,468110.9,1.9716,0.000127,415934.87,1.4793,8.3e-05
20261008,3033,威健,1689198.0,1637046.0,2372591.0,2238700.0,1689590.0,1485998.0,3088593.0,2109280.0,1650028.0,3228684.0,2226519.0,1680935.0,2451771.0,3684896.0,1557663.0,2357253.0,2824456.0,2044160.0,2958922.0,10098275.0,2464313.0,4248723.0,3416436.0,2823183.0,2360401.0,3621107.0,2659811.0,3494460.0,2832155.0,4060919.0,1899611.67,29.6411,0.008155,1925425.0,17.5462,0.004372,2118970.8,7.9718,0.002279,2186099.47,5.1513,0.001485,2653727.9,3.1827,0.001164,2835202.2,1.986,0.000757
20261008,3034,聯詠,2274331.0,2030575.0,1672438.0,2406418.0,2855910.0,2451830.0,4490920.0,2795234.0,3573000.0,2840457.0,3863999.0,2909033.0,4760155.0,2264012.0,2987298.0,3608523.0,3546048.0,2414338.0,2522795.0,3739044.0,2042980.0,2295152.0,2053343.0,2612709.0,3294710.0,4462054.0,5484810.0,2848078.0,3361245.0,4833293.0,1992448.0,38.0492,0.01098,2247934.4,20.2349,0.005886,2739111.3,8.3032,0.003068,2945040.67,5.1484,0.001999,3000317.9,3.7902,0.001567,3109824.4,2.4378,0.001019
20261008,3035,智原,3361860.0,3130684.0,3928507.0,6547940.0,4927298.0,4389347.0,5825258.0,7221057.0,4855474.0,7475543.0,15188469.0,4394281.0,9197865.0,3654978.0,1179558.0,1298444.0,2897724.0,3566876.0,2115617.0,1935702.0,2837813.0,1564813.0,1470816.0,2519016.0,2909867.0,6122226.0,2225256.0,2656751.0,1944866.0,3542363.0,3473683.67,32.2603,0.016231,4379257.8,15.3536,0.0087,5166296.8,6.5073,0.004535,5685207.93,3.9422,0.002955,4854624.1,3.4625,0.002316,4162875.63,2.6919,0.001506
20261008,3036,文曄,5320995.0,6629983.0,4900845.0,6051028.0,6758956.0,9949553.0,7228161.0,4569244.0,6695518.0,4378442.0,7809360.0,6446456.0,12750358.0,18950036.0,7596677.0,7214663.0,3964216.0,4084350.0,6507131.0,3625854.0,5644207.0,6951071.0,7410058.0,15173402.0,28951535.0,5086055.0,4392455.0,5301261.0,7742905.0,7267853.0,5617274.33,31.5752,0.025689,5932361.4,17.9389,0.01377,6248272.5,8.5159,0.007178,7735707.47,4.5857,0.004676,7071591.3,3.7622,0.003666,7845087.6,2.2609,0.002384
20261008,3037,欣興,8778348.0,9178597.0,12776426.0,27109050.0,18635778.0,15498297.0,10764941.0,10830272.0,16628391.0,23050412.0,10824677.0,17461527.0,14576719.0,16743181.0,11860204.0,9646657.0,13143338.0,11445626.0,19157314.0,21332775.0,17812108.0,22187760.0,40890597.0,33450176.0,26059464.0,94479548.0,5892091.0,28940854.0,24046490.0,22926945.0,10244457.0,28.5629,0.042381,15295639.8,11.4782,0.022718,15325051.2,5.7281,0.011841,14981121.33,3.9064,0.007715,14972126.5,2.9316,0.006047,20537618.77,1.4248,0.003932
20261008,3038,全台,64467.0,201579.0,219277.0,212760.0,113358.0,203975.0,540962.0,140660.0,98826.0,179654.0,170648.0,163765.0,242909.0,181993.0,88564.0,62416.0,99910.0,350721.0,307040.0,348660.0,246952.0,223317.0,118564.0,148397.0,102771.0,143632.0,171557.0,396623.0,90694.0,117351.0,161774.33,13.2833,0.000311,162288.2,7.9448,0.000167,197551.8,3.2633,8.7e-05,188226.47,2.2833,5.7e-05,199607.2,1.6148,4.4e-05,191733.4,1.1208,2.9e-05
20261008,3040,遠見,557899.0,661649.0,380920.0,223402.0,442602.0,175521.0,114291.0,159639.0,27703.0,28838.0,215208.0,264539.0,189944.0,303416.0,264984.0,352277.0,256152.0,436160.0,390815.0,414699.0,118849.0,181975.0,61598.0,419263.0,130233.0,187221.0,123541.0,140221.0,202333.0,93554.0,533489.33,34.8585,0.002693,453294.4,24.6153,0.001444,277246.4,20.1229,0.000753,267370.33,13.9108,0.00049,293032.9,9.5194,0.000384,250648.2,7.4194,0.00025
20261008,3041,揚智,463783.0,556506.0,466514.0,618539.0,613401.0,1067759.0,1284122.0,343091.0,390785.0,616337.0,775043.0,1273844.0,1102190.0,356003.0,283644.0,516002.0,202816.0,460807.0,313835.0,475021.0,437292.0,490745.0,521418.0,803771.0,1124582.0,1161841.0,350566.0,410878.0,489249.0,772975.0,495601.0,31.1933,0.002239,543748.6,17.0587,0.0012,642083.7,7.2231,0.000626,680770.73,4.5417,0.000408,609002.1,3.8077,0.00032,624778.63,2.4744,0.000208
20261008,3042,晶技,12700456.0,12723483.0,25656732.0,35474796.0,43452288.0,34574954.0,26893773.0,34407830.0,41859153.0,33266958.0,6734712.0,4002497.0,10365783.0,12530454.0,13592217.0,8407802.0,6149550.0,6057403.0,17498646.0,20317492.0,5736921.0,8521357.0,6407392.0,10757015.0,9702955.0,17544015.0,13292309.0,15750113.0,17243496.0,12500262.0,17026890.33,24.8635,0.061316,26001551.0,9.769,0.032868,30101042.3,4.2193,0.017132,23215739.07,3.6471,0.011162,20333348.95,3.1231,0.008749,17470760.47,2.4232,0.005689
20261008,3043,科風,44814.0,60294.0,108364.0,122682.0,98463.0,58243.0,46179.0,97293.0,26344.0,33189.0,68521.0,87028.0,43685.0,64901.0,56300.0,43669.0,52203.0,53311.0,57713.0,56062.0,66223.0,29713.0,73621.0,78721.0,28768.0,33611.0,28930.0,122163.0,102724.0,235862.0,71157.33,20.9929,0.000216,86923.4,10.3111,0.000116,69586.5,6.44,6e-05,67753.33,4.4095,3.9e-05,63962.9,3.5031,3.1e-05,69319.8,2.1549,2e-05
20261008,3044,健鼎,1992606.0,2557389.0,3954803.0,3000757.0,1693324.0,1557583.0,2375027.0,2303013.0,1426110.0,2957168.0,4201331.0,1926772.0,4722978.0,4794495.0,3359354.0,2732822.0,2844808.0,2664934.0,2862572.0,4457537.0,1287611.0,1734445.0,2267532.0,2391315.0,2512926.0,2919218.0,4756985.0,2975986.0,1943306.0,2900758.0,2834932.67,23.4292,0.00962,2639775.8,15.0968,0.005157,2381778.0,8.366,0.002688,2854847.33,4.6532,0.001751,2919269.15,3.4129,0.001373,2802515.5,2.37,0.000893
20261008,3045,台灣大,5981974.0,5429501.0,3586355.0,7130067.0,3702973.0,5834785.0,9996628.0,5806538.0,4901190.0,6840892.0,14859045.0,6275213.0,18171327.0,5985415.0,8257070.0,10604689.0,4598994.0,5785236.0,4119530.0,8127829.0,4457218.0,4447140.0,5076578.0,13130153.0,5665186.0,12275130.0,9272070.0,8414134.0,7773618.0,9525190.0,4999276.67,39.8856,0.02888,5166174.0,23.1582,0.015481,5921090.3,10.1028,0.008069,7517264.87,5.3051,0.005257,7299762.55,4.0974,0.004121,7534388.93,2.6465,0.00268
20261008,3046,建碁,170768.0,189410.0,92443.0,178233.0,105985.0,95148.0,106783.0,65074.0,73645.0,101110.0,131247.0,157182.0,143805.0,237956.0,166337.0,126639.0,351905.0,270771.0,346137.0,142323.0,278687.0,420927.0,217403.0,381611.0,169809.0,218033.0,400027.0,400656.0,217633.0,195673.0,150873.67,37.7287,0.000824,147367.8,23.1758,0.000442,117859.9,14.4891,0.00023,134341.73,8.4743,0.00015,162645.05,5.2497,0.000118,205112.0,2.7752,7.6e-05
20261008,3047,訊舟,323561.0,336000.0,458804.0,694256.0,454801.0,461361.0,706314.0,493787.0,534436.0,1112910.0,3774926.0,4747573.0,449703.0,750326.0,229583.0,251967.0,395911.0,431614.0,246710.0,670118.0,378337.0,392814.0,443585.0,660302.0,292275.0,385379.0,430215.0,411039.0,811858.0,451897.0,372788.33,28.9316,0.001562,453484.4,14.27,0.000837,557623.0,5.8025,0.000436,1035222.73,2.0837,0.000284,876233.05,1.8463,0.000223,739412.07,1.4586,0.000145
20261008,3048,益登,12195758.0,1218169.0,1401903.0,2382285.0,4953591.0,1773847.0,783996.0,1041856.0,1556204.0,803288.0,833056.0,735187.0,619483.0,2037514.0,630681.0,669936.0,700043.0,1079726.0,1130620.0,1104961.0,1473165.0,716778.0,1031546.0,1604527.0,1041777.0,1294083.0,1406697.0,3553464.0,1121746.0,1068627.0,4938610.0,82.3157,0.058879,4430341.2,55.0556,0.031562,2811089.7,43.3844,0.016451,2197787.87,36.994,0.010718,1882605.2,32.3906,0.008402,1732150.47,23.4694,0.005463
20261008,3049,精金,2627719.0,2250919.0,2999219.0,6302329.0,3124829.0,4037187.0,9024072.0,2310163.0,2304349.0,5545929.0,17344815.0,5174901.0,2707209.0,3711042.0,2380004.0,2397221.0,3003993.0,3504288.0,4087625.0,5928451.0,4528862.0,6658125.0,6300109.0,8576774.0,10234687.0,12428741.0,31545040.0,54731497.0,11918905.0,22879098.0,2625952.33,33.3558,0.012686,3461003.0,15.1847,0.0068,4052671.5,6.4839,0.003545,4789645.73,3.6575,0.002309,4538313.2,2.895,0.00181,8685603.4,1.0085,0.001177
20261008,3050,鈺德,305743.0,354815.0,452929.0,525897.0,456133.0,949207.0,774861.0,316070.0,409041.0,538580.0,519894.0,773138.0,419740.0,627565.0,296645.0,498124.0,268352.0,188461.0,358061.0,245227.0,357146.0,284479.0,286246.0,476237.0,363409.0,439345.0,377417.0,527475.0,565626.0,344781.0,371162.33,27.4582,0.001476,419103.4,14.5903,0.000791,508327.6,6.0147,0.000412,514683.87,3.9603,0.000269,463924.15,3.2952,0.000211,443354.8,2.2987,0.000137
20261008,3051,力特,339876.0,379569.0,559288.0,948665.0,626199.0,465031.0,1256851.0,336487.0,267019.0,440768.0,1094267.0,572302.0,714443.0,486971.0,306340.0,354649.0,378572.0,1108604.0,363312.0,299191.0,450697.0,729745.0,491504.0,1110565.0,184251.0,410681.0,442379.0,633338.0,446080.0,498366.0,426244.33,26.5791,0.001641,570719.4,11.9104,0.00088,561975.3,6.0479,0.000458,586271.73,3.8648,0.000299,564920.2,3.0082,0.000234,556533.67,2.0357,0.000152
20261008,3052,夆典,103204.0,92627.0,156770.0,90665.0,145417.0,388657.0,235038.0,132344.0,170973.0,241956.0,222887.0,190769.0,152409.0,418092.0,111255.0,264661.0,214770.0,457429.0,119897.0,78715.0,133865.0,107959.0,497075.0,261144.0,447959.0,306573.0,541496.0,582375.0,293659.0,326514.0,117533.67,29.2693,0.000498,117736.6,17.5313,0.000267,175765.1,5.8717,0.000139,190204.2,3.6173,9.1e-05,199426.75,2.5875,7.1e-05,249571.8,1.3784,4.6e-05
20261008,3054,立萬利,43150.0,220580.0,266358.0,183240.0,91620.0,123164.0,151637.0,92619.0,81396.0,103553.0,144760.0,73509.0,50644.0,98330.0,71093.0,34437.0,38481.0,35420.0,33515.0,56565.0,189041.0,132714.0,54577.0,66848.0,60278.0,221235.0,103723.0,109308.0,87295.0,135673.0,176696.0,8.1402,0.000208,160989.6,5.3606,0.000112,135731.7,3.1791,5.8e-05,119710.2,2.403,3.8e-05,99703.55,2.1639,3e-05,105158.77,1.3678,1.9e-05
20261008,3055,蔚華科,382468.0,1231682.0,524852.0,905098.0,1076417.0,1429994.0,15323703.0,7359541.0,9055993.0,25052313.0,8151045.0,4218111.0,1902129.0,1551946.0,1593629.0,1373705.0,1766532.0,11742273.0,8989194.0,13469637.0,8161748.0,3507051.0,3367359.0,7905506.0,4304618.0,5176896.0,2443045.0,2876244.0,4637384.0,1745493.0,713000.67,17.8807,0.001846,824103.4,9.282,0.00099,6234206.1,0.6135,0.000516,5317261.4,0.4795,0.000336,5855013.1,0.3266,0.000263,5374186.87,0.2372,0.000171
20261008,3056,富華新,559732.0,373464.0,392048.0,649167.0,421523.0,422164.0,508737.0,425780.0,235342.0,554902.0,616217.0,809563.0,2783341.0,665922.0,374564.0,369668.0,524578.0,611342.0,193313.0,578567.0,347504.0,477758.0,686858.0,442035.0,312499.0,327134.0,622010.0,665198.0,698123.0,328915.0,441748.0,42.2361,0.002702,479186.8,23.3617,0.001449,454285.9,12.3211,0.000755,652831.07,5.7159,0.000492,603496.7,4.6374,0.000386,565932.27,3.2968,0.000251
20261008,3057,喬鼎,86830.0,116765.0,73297.0,93837.0,100983.0,117456.0,15334.0,85796.0,91406.0,37903.0,54928.0,80974.0,108965.0,123016.0,69326.0,107861.0,64913.0,91505.0,45126.0,66249.0,60831.0,52710.0,45336.0,41514.0,70596.0,93930.0,68504.0,119296.0,211504.0,60464.0,92297.33,31.3588,0.000419,94342.4,18.4074,0.000225,81960.7,10.5941,0.000117,83787.73,6.9087,7.6e-05,81623.5,5.3189,6e-05,81905.17,3.5338,3.9e-05
20261008,3058,立德,581368.0,314258.0,437019.0,464563.0,464109.0,280976.0,336204.0,282792.0,293692.0,622870.0,360868.0,634099.0,350873.0,488639.0,287416.0,675087.0,648020.0,349706.0,413748.0,320942.0,433080.0,406747.0,438013.0,410272.0,135476.0,353968.0,380297.0,371729.0,169335.0,355571.0,444215.0,43.6251,0.002807,452263.4,25.7093,0.001505,407785.1,14.2567,0.000784,413316.4,9.3773,0.000511,430362.45,6.7544,0.000401,402057.9,4.8199,0.00026
20261008,3059,華晶科,754979.0,1112500.0,1595238.0,1235051.0,827635.0,1140406.0,1575182.0,754485.0,647194.0,1077967.0,1134133.0,965646.0,995264.0,1585273.0,698139.0,949694.0,841905.0,1123309.0,623267.0,956120.0,1574545.0,1028974.0,1268968.0,2551840.0,2364602.0,1545156.0,988334.0,1602297.0,1907247.0,1543627.0,1154239.0,21.8031,0.003645,1105080.6,13.6638,0.001954,1072063.7,7.0423,0.001018,1073272.8,4.6896,0.000664,1029669.35,3.6661,0.00052,1232299.23,2.0422,0.000338
20261008,3060,銘異,585018.0,1031879.0,1841314.0,1919797.0,1569267.0,1766140.0,2271586.0,2096629.0,339363.0,442667.0,576747.0,800088.0,381745.0,1708672.0,389742.0,735525.0,509498.0,553992.0,819119.0,1029975.0,652758.0,575432.0,696812.0,2110238.0,493679.0,608593.0,883062.0,999086.0,684158.0,660561.0,1152737.0,16.9168,0.002824,1389455.0,8.4208,0.001514,1386366.0,4.2198,0.000789,1181376.93,3.3013,0.000514,1068438.15,2.7377,0.000403,991104.73,1.9676,0.000262
20261008,3062,建漢,955361.0,1318010.0,1323507.0,2043954.0,1228568.0,1441699.0,3202355.0,1045142.0,1420020.0,2566100.0,7900418.0,7006632.0,1265816.0,1210172.0,745444.0,848680.0,593286.0,979348.0,872196.0,642618.0,635424.0,914570.0,893211.0,1364358.0,991298.0,710334.0,721616.0,762555.0,1152860.0,551460.0,1198959.33,26.5608,0.004612,1373880.0,13.9075,0.002472,1654471.6,5.7744,0.001289,2311546.53,2.7553,0.00084,1930466.3,2.4744,0.000658,1576900.4,2.0195,0.000428
20261008,3090,日電貿,4378156.0,13804591.0,2950348.0,6876625.0,8401227.0,8362101.0,1199853.0,1579579.0,1725546.0,2119319.0,2503897.0,3226882.0,2105266.0,2961032.0,1568571.0,2541717.0,3300214.0,4471621.0,5770406.0,2668791.0,4056114.0,14273699.0,12141957.0,5160663.0,3121980.0,9067944.0,9614767.0,19371638.0,8767327.0,3412028.0,7044365.0,20.7171,0.021137,7282189.4,12.0243,0.01133,5139734.5,8.5183,0.005906,4250866.2,6.8663,0.003848,4125787.1,5.3058,0.003016,5716795.3,2.5528,0.001961
20261008,3092,鴻碩,74559.0,261590.0,180492.0,287049.0,212123.0,756516.0,1373868.0,148779.0,61043.0,89824.0,132191.0,61255.0,364305.0,225911.0,337402.0,251283.0,133661.0,139737.0,135095.0,196479.0,160743.0,93033.0,113460.0,128101.0,168247.0,175740.0,98194.0,124740.0,199337.0,132015.0,172213.67,14.4315,0.00036,203162.6,7.3398,0.000193,344584.3,2.1637,0.000101,304460.47,1.6326,6.6e-05,271158.1,1.3748,5.1e-05,227225.73,1.0938,3.3e-05
20261008,3094,聯傑,2340936.0,4766933.0,16590159.0,24279874.0,35223446.0,29571938.0,38839091.0,10028323.0,22755440.0,27139876.0,17360784.0,6327733.0,17281945.0,11574856.0,5878795.0,4642507.0,7776747.0,2294363.0,5614453.0,4165088.0,10973412.0,19617528.0,17920641.0,9326594.0,5495413.0,6064529.0,4250873.0,11056818.0,1321147.0,2174601.0,7899342.67,9.8782,0.011302,16640269.6,2.8136,0.006058,21153601.6,1.1066,0.003158,17997341.93,0.8671,0.002057,14722664.35,0.795,0.001613,12755161.43,0.6118,0.001049
20261008,3130,一零四,15925.0,41519.0,26986.0,40759.0,32160.0,64449.0,46556.0,39946.0,31931.0,42768.0,39577.0,48532.0,65164.0,37122.0,13103.0,25374.0,39650.0,51104.0,20003.0,35892.0,12907.0,51293.0,17752.0,47515.0,29166.0,17695.0,48406.0,50043.0,71829.0,46771.0,28143.33,18.8618,7.7e-05,31469.8,10.1208,4.1e-05,38299.9,4.158,2.1e-05,39099.8,2.7153,1.4e-05,37926.0,2.0995,1.1e-05,38396.57,1.3825,7e-06
20261008,3135,凌航,370311.0,367350.0,697382.0,586861.0,658241.0,326702.0,336645.0,262621.0,639398.0,570835.0,582987.0,467010.0,426003.0,487929.0,438547.0,482885.0,697803.0,849586.0,735719.0,830737.0,659184.0,853108.0,768886.0,1317691.0,2143946.0,1314147.0,1490519.0,1585857.0,2378430.0,5984570.0,478347.67,25.8049,0.001788,536029.0,13.8168,0.000958,481634.6,7.6886,0.0005,481254.8,5.1298,0.000325,540777.6,3.4239,0.000255,977063.0,1.2633,0.000166
20261008,3138,耀登,255612.0,505241.0,1251566.0,1020510.0,324283.0,365535.0,589688.0,439498.0,1133071.0,564064.0,782046.0,1019159.0,3756404.0,2114776.0,192166.0,117058.0,122214.0,97214.0,96598.0,115481.0,137501.0,118181.0,152268.0,149939.0,112002.0,171610.0,176771.0,166145.0,151441.0,128608.0,670806.33,12.7017,0.001234,671442.4,7.6138,0.000662,644906.8,3.9635,0.000345,954241.27,1.7858,0.000225,743109.2,1.7199,0.000176,544221.67,1.5656,0.000115
20261008,3149,正達,5409258.0,8553875.0,10085598.0,16141575.0,24846956.0,37136003.0,18806124.0,9373933.0,2594500.0,3690612.0,7140114.0,6314547.0,7557866.0,7435090.0,2668449.0,2834368.0,4091587.0,5226750.0,3179124.0,4743766.0,2386590.0,3273758.0,6260505.0,13607314.0,4368885.0,4015942.0,3881062.0,4197311.0,5434219.0,9751405.0,8016243.67,22.4929,0.026115,13007452.4,8.3172,0.013999,13663843.4,3.9588,0.007297,11183633.33,3.2245,0.004754,9391504.75,2.8799,0.003726,8166902.87,2.2078,0.002423
20261008,3150,鈺寶-創,32301.0,96988.0,67002.0,69055.0,41385.0,32133.0,23000.0,41000.0,10001.0,8000.0,29460.0,61290.0,28000.0,28209.0,26170.0,47000.0,112504.0,13251.0,30003.0,8001.0,92383.0,6101.0,3003.0,39000.0,14000.0,24000.0,4000.0,54662.0,9000.0,7001.0,65430.33,16.4557,0.000156,61346.2,10.5307,8.4e-05,42086.5,7.6749,4.4e-05,39599.6,5.4379,2.8e-05,40237.65,4.0138,2.2e-05,35263.43,3.0533,1.4e-05
20261008,3164,景岳,54708.0,24335.0,31413.0,35475.0,44753.0,30213.0,33172.0,102558.0,27239.0,19651.0,10124.0,71105.0,16934.0,29985.0,7724.0,8673.0,6323.0,9483.0,525.0,19570.0,12734.0,29991.0,12606.0,334.0,11449.0,12246.0,13221.0,7811.0,32953.0,31412.0,36818.67,49.5292,0.000264,38136.8,28.6904,0.000142,40351.7,13.5578,7.4e-05,35959.27,10.1426,4.8e-05,29198.15,9.3684,3.8e-05,24957.33,7.3069,2.5e-05
20261008,3167,大量,1101230.0,1566156.0,1528886.0,1421468.0,6748712.0,9021626.0,4139180.0,4902893.0,8378906.0,6389970.0,5538268.0,3127531.0,7060893.0,4546506.0,2994886.0,3934764.0,3957928.0,4549544.0,5673336.0,7407855.0,16040426.0,1836229.0,4823725.0,4103594.0,2843504.0,4499806.0,4296669.0,5596237.0,4258684.0,4154654.0,1398757.33,26.2431,0.005317,2473290.4,8.905,0.00285,4519902.7,2.4364,0.001485,4564474.07,1.6084,0.000968,4699526.9,1.1716,0.000759,4881468.87,0.752,0.000493
20261008,3168,眾福科,5020.0,12009.0,12012.0,63383.0,16150.0,3155.0,12455.0,8000.0,3090.0,6088.0,11094.0,11102.0,7022.0,24359.0,192.0,25035.0,5022.0,4200.0,15140.0,19230.0,23171.0,27659.0,12949.0,50226.0,4169.0,15601.0,4000.0,4813.0,12179.0,15100.0,9680.33,17.2859,2.4e-05,21714.8,4.6236,1.3e-05,14136.2,3.5512,7e-06,13008.73,2.5726,4e-06,13187.9,1.9033,3e-06,14454.17,1.1577,2e-06
20261008,3189,景碩,7260373.0,13227551.0,10026874.0,30076585.0,18823011.0,32224071.0,23925434.0,16460239.0,44137311.0,29744187.0,29109027.0,23391137.0,18317821.0,15730754.0,10957053.0,7509520.0,11217499.0,8394038.0,13682688.0,15225627.0,11072227.0,17014894.0,19778741.0,27084870.0,14894440.0,36368169.0,31932413.0,21576121.0,32580788.0,23277987.0,10171599.33,23.793,0.035052,15882878.8,9.1424,0.018789,22590563.6,3.2139,0.009794,21560761.87,2.2449,0.006381,18972040.0,1.9134,0.005002,20500715.0,1.1805,0.003252
20261008,3209,全科,1058254.0,1781169.0,3612923.0,930300.0,875083.0,553669.0,797503.0,691172.0,451816.0,527126.0,657484.0,780862.0,444299.0,684299.0,875358.0,570765.0,771759.0,2277511.0,1145795.0,589467.0,1133810.0,1217640.0,1153069.0,1575465.0,2368915.0,2441295.0,4144644.0,3694852.0,2049158.0,1998453.0,2150782.0,16.4011,0.005109,1651545.8,12.8153,0.002739,1127901.5,9.3825,0.001428,981421.13,7.1886,0.00093,1003830.7,5.2711,0.000729,1395130.5,2.5284,0.000474
20261008,3229,晟鈦,613684.0,737866.0,925891.0,1247502.0,1350644.0,1070262.0,2112106.0,1133433.0,1457101.0,1995978.0,3296427.0,6844198.0,3951268.0,3176518.0,6248616.0,7363074.0,16338975.0,7223482.0,7759095.0,5363549.0,2773017.0,548138.0,1111049.0,900368.0,633221.0,1325011.0,1123660.0,1818237.0,2081761.0,5671791.0,759147.0,26.9462,0.002963,975117.4,12.5869,0.001588,1264446.7,4.8534,0.000828,2410766.27,1.6971,0.000539,4010483.45,0.7651,0.000423,3273197.4,0.625,0.000275
20261008,3231,緯創,45639422.0,26744927.0,30082562.0,48432219.0,36439616.0,59140014.0,20375740.0,32141710.0,31269892.0,23772906.0,69481193.0,21876489.0,44060071.0,31292426.0,32629615.0,21186201.0,36189051.0,43003222.0,88549550.0,66840683.0,123233695.0,65693512.0,82904263.0,97294860.0,84035531.0,27956611.0,38946890.0,26484639.0,50713058.0,21024695.0,34155637.0,44.5406,0.22034,37467749.2,24.362,0.118112,35403900.8,12.8911,0.061565,36891920.13,8.2474,0.040109,40457375.45,5.6404,0.031441,47581175.43,3.1973,0.020445
20261008,3257,虹冠電,63030.0,98943.0,135147.0,352729.0,136291.0,164320.0,120801.0,147570.0,71864.0,79899.0,153521.0,163456.0,154000.0,157646.0,145234.0,167692.0,94680.0,176479.0,299287.0,287865.0,501217.0,155931.0,192580.0,245091.0,183096.0,223579.0,138437.0,209617.0,191012.0,226838.0,99040.0,21.2137,0.000304,157228.0,8.0177,0.000163,137059.4,4.5987,8.5e-05,142963.4,2.9392,5.5e-05,158522.7,1.988,4.3e-05,181261.73,1.1591,2.8e-05
20261008,3266,昇陽,11552.0,8216.0,57071.0,74585.0,49051.0,19178.0,38070.0,43120.0,19001.0,17000.0,21240.0,32010.0,88234.0,35083.0,37112.0,36270.0,14370.0,63000.0,39045.0,15020.0,24105.0,47063.0,26046.0,43748.0,18203.0,23308.0,26292.0,18713.0,41650.0,51580.0,25613.0,15.034,5.6e-05,40095.0,5.7623,3e-05,33684.4,3.4295,1.6e-05,36701.53,2.0984,1e-05,35911.4,1.6084,8e-06,34631.2,1.1119,5e-06
20261008,3296,勝德,56987.0,60087.0,59606.0,108435.0,99061.0,71403.0,64326.0,113130.0,43901.0,75825.0,220363.0,208242.0,432338.0,125015.0,163690.0,217217.0,223778.0,405295.0,22972.0,11935.0,11176.0,28482.0,28411.0,17851.0,21094.0,19279.0,15369.0,28845.0,31037.0,8898.0,58893.33,32.2544,0.000275,76835.2,14.8336,0.000147,75276.1,7.5704,7.7e-05,126827.27,2.9955,5e-05,139180.3,2.0472,3.9e-05,99801.6,1.9033,2.6e-05
20261008,3305,昇貿,816273.0,786744.0,941535.0,1049471.0,794911.0,660406.0,715550.0,624352.0,355654.0,618709.0,879322.0,656403.0,567674.0,707312.0,482002.0,748240.0,572742.0,1082603.0,1163419.0,839503.0,3067841.0,1241957.0,852632.0,1175046.0,1015676.0,1949038.0,2080138.0,3940430.0,2036678.0,877654.0,848184.0,32.0792,0.003941,877786.8,18.5984,0.002112,736360.5,11.0852,0.001101,710421.2,7.66,0.000717,753141.25,5.4191,0.000562,1109997.17,2.4513,0.000366
20261008,3308,聯德,29699.0,32856.0,55804.0,70591.0,112156.0,84857.0,154833.0,228442.0,33359.0,27717.0,89866.0,30287.0,30049.0,94672.0,33567.0,39565.0,50525.0,24216.0,40699.0,15340.0,21493.0,65517.0,54131.0,65747.0,52692.0,134126.0,116490.0,184710.0,324589.0,1492648.0,39453.0,25.0923,0.000143,60221.2,9.8633,7.7e-05,83031.4,3.5768,4e-05,73917.0,2.6786,2.6e-05,63955.0,2.3219,2e-05,126374.77,0.7834,1.3e-05
20261008,3311,閎暉,3851085.0,5622195.0,3901920.0,12251987.0,2466947.0,7066254.0,4650953.0,303974.0,855155.0,318304.0,694635.0,942621.0,1410503.0,2257336.0,2089428.0,2318623.0,3173601.0,419620.0,88727.0,126618.0,134953.0,81223.0,87050.0,210688.0,187103.0,287413.0,116355.0,81017.0,185405.0,152562.0,4458400.0,28.7927,0.018592,5618826.8,13.7078,0.009966,4128877.4,9.3272,0.005195,3245553.13,7.9105,0.003384,2740524.3,7.0262,0.002653,1877808.5,6.8361,0.001725
20261008,3312,弘憶股,380296.0,421836.0,422341.0,788491.0,625035.0,570384.0,1021388.0,629455.0,802159.0,3331425.0,4146735.0,3190062.0,1482020.0,659940.0,257810.0,287469.0,493157.0,560979.0,717109.0,878274.0,869514.0,706532.0,837677.0,3448091.0,2189224.0,816882.0,486179.0,631794.0,776244.0,514847.0,408157.67,31.0579,0.001836,527599.8,14.4161,0.000984,899281.0,4.2289,0.000513,1248625.13,2.0305,0.000334,1083318.25,1.7552,0.000262,1098111.63,1.1544,0.00017
20261008,3321,同泰,120960.0,177772.0,237395.0,164216.0,158398.0,139857.0,87626.0,139227.0,113660.0,190334.0,470987.0,162029.0,175354.0,94602.0,174110.0,139415.0,86616.0,128587.0,146350.0,205422.0,252186.0,284515.0,154529.0,229260.0,108984.0,188484.0,380702.0,176562.0,451034.0,142393.0,178709.0,22.5618,0.000584,171748.2,14.0857,0.000313,152944.5,7.9088,0.000163,173768.47,4.6407,0.000106,165645.85,3.6512,8.3e-05,189385.53,2.129,5.4e-05
20261008,3338,泰碩,589245.0,404700.0,1176175.0,939893.0,557886.0,340858.0,394432.0,208716.0,150367.0,192736.0,259717.0,303040.0,521399.0,831281.0,184157.0,176725.0,369818.0,223151.0,346092.0,963300.0,2118978.0,274295.0,376395.0,488429.0,408350.0,794606.0,183362.0,241622.0,447292.0,225381.0,723373.33,27.1526,0.002845,733579.8,16.0649,0.001525,495500.8,11.8919,0.000795,470306.8,8.3526,0.000518,456684.4,6.4513,0.000406,489746.6,4.0105,0.000264
20261008,3346,麗清,803921.0,294170.0,484881.0,623927.0,301344.0,434042.0,592546.0,722827.0,587047.0,1462347.0,3921232.0,4021757.0,903888.0,572975.0,211278.0,186617.0,279170.0,1314908.0,1427350.0,100473.0,227329.0,315864.0,235367.0,204693.0,266644.0,305755.0,335067.0,210877.0,219156.0,306700.0,527657.33,50.7855,0.003881,501648.6,32.0512,0.002081,630705.2,12.7464,0.001084,1062545.47,5.044,0.000707,962335.0,4.1769,0.000554,729138.4,3.6752,0.00036
20261008,3356,奇偶,223140.0,210395.0,371891.0,415005.0,173373.0,212121.0,162786.0,195733.0,354461.0,426256.0,394706.0,470515.0,,,,,,,,629825.0,416766.0,516276.0,623983.0,525048.0,752543.0,349372.0,313593.0,246759.0,374865.0,288611.0,268475.33,27.7046,0.001077,278760.8,16.0094,0.000577,274516.1,8.1285,0.000301,300865.17,6.1805,0.000196,326169.77,5.2625,0.000154,376001.0,2.5802,0.0001
20261008,3376,新日興,1971837.0,2611746.0,1211508.0,2407309.0,1030830.0,1408149.0,2518660.0,2076761.0,1686649.0,1911005.0,3426008.0,1515070.0,2503624.0,2385744.0,4033824.0,6133879.0,8310442.0,6129310.0,19831863.0,5474045.0,2819423.0,7165015.0,3570664.0,4725016.0,5396219.0,5410658.0,7589400.0,18184638.0,18387612.0,2811965.0,1931697.0,34.026,0.00952,1846646.0,21.3559,0.005103,1883445.4,10.4693,0.00266,2179914.93,6.0303,0.001733,3928913.15,2.5094,0.001358,5154629.1,1.2751,0.000883
20261008,3380,明泰,1573212.0,1614615.0,1676946.0,2512527.0,2056580.0,2569518.0,5494158.0,3870773.0,1565415.0,5531166.0,13199398.0,10726272.0,1524750.0,2338685.0,1395282.0,1117376.0,2563653.0,2234714.0,2862913.0,3006036.0,3060824.0,3626927.0,2949133.0,7241869.0,8377185.0,1834952.0,6684503.0,992783.0,1976014.0,757937.0,1621591.0,32.3389,0.007595,1886776.0,16.6762,0.004071,2846491.0,5.5268,0.002122,3843286.47,2.7289,0.001383,3471699.45,2.2658,0.001084,3564537.2,1.4712,0.000705
20261008,3406,玉晶光,3077733.0,6012633.0,8029521.0,5365739.0,4816591.0,6290699.0,3631717.0,2568917.0,2920160.0,2912790.0,6148749.0,7311337.0,8014269.0,10750888.0,4089353.0,9449175.0,4840043.0,10717908.0,9554384.0,5569916.0,1972893.0,2303955.0,2626231.0,2416584.0,2423763.0,13040049.0,11110178.0,14487914.0,8600439.0,9354491.0,5706629.0,17.9775,0.014859,5460443.4,11.2728,0.007965,4562650.0,6.7455,0.004152,5462739.73,3.756,0.002705,6103626.1,2.5212,0.00212,6346967.3,1.6164,0.001379
20261008,3413,京鼎,467074.0,784506.0,706620.0,878477.0,521879.0,545674.0,705048.0,729896.0,476069.0,434234.0,659237.0,369922.0,667280.0,661957.0,296866.0,404311.0,747118.0,1368110.0,871625.0,497506.0,600878.0,511293.0,528092.0,677098.0,628982.0,829486.0,2086794.0,685489.0,692796.0,468604.0,652733.33,23.8522,0.002255,671711.2,13.907,0.001209,624947.7,7.4738,0.00063,593649.27,5.2452,0.00041,639670.45,3.6509,0.000322,683430.7,2.2781,0.000209
20261008,3416,融程電,1929356.0,132706.0,458479.0,428291.0,184220.0,408797.0,154921.0,160947.0,88799.0,124676.0,177053.0,249762.0,157686.0,117654.0,81894.0,106860.0,171902.0,238114.0,157714.0,255104.0,1024018.0,191537.0,260738.0,615196.0,283135.0,303433.0,209581.0,498390.0,287806.0,177588.0,840180.33,76.5453,0.009315,626610.4,61.5807,0.004993,407119.2,47.3904,0.002603,323682.73,39.7376,0.001696,289246.75,33.3514,0.001329,321211.9,20.0216,0.000864
20261008,3419,譁裕,73834.0,69251.0,98971.0,153538.0,129070.0,241818.0,1020624.0,488427.0,490127.0,186484.0,236791.0,472914.0,250112.0,303116.0,67296.0,93009.0,46331.0,76209.0,138202.0,103411.0,296550.0,128395.0,129245.0,202169.0,14269.0,121489.0,53050.0,63668.0,66257.0,166849.0,80685.33,30.5029,0.000356,104932.8,14.0726,0.000191,295214.4,2.501,0.0001,285491.53,1.7241,6.5e-05,236976.75,1.5578,5.1e-05,199382.53,1.2344,3.3e-05
20261008,3432,台端,16100.0,19324.0,21000.0,40254.0,83030.0,51427.0,50972.0,16088.0,41400.0,35167.0,55720.0,123949.0,137526.0,20046.0,9495.0,0.0,10001.0,9050.0,6629.0,49721.0,12531.0,33622.0,58468.0,29017.0,25406.0,20437.0,35512.0,12368.0,20474.0,18255.0,18808.0,28.534,7.8e-05,35941.6,8.959,4.2e-05,37476.2,4.2961,2.2e-05,48099.87,2.2315,1.4e-05,39844.95,2.0203,1.1e-05,35432.97,1.5146,7e-06
20261008,3437,榮創,432014.0,997296.0,1297842.0,2721178.0,1251151.0,1527483.0,2199034.0,2071802.0,2575324.0,3135596.0,2900082.0,11410568.0,9848954.0,3072175.0,1123662.0,471448.0,626113.0,2415950.0,2294782.0,1197683.0,264138.0,674245.0,787329.0,657145.0,248723.0,312895.0,332534.0,398763.0,580646.0,1256438.0,909050.67,15.8412,0.002086,1339896.2,6.4485,0.001118,1820872.0,2.3726,0.000583,3104277.4,0.9278,0.00038,2678506.85,0.8064,0.000298,1969433.1,0.7312,0.000194
20261008,3443,創意,1221589.0,1576800.0,1949383.0,750702.0,393948.0,718321.0,669082.0,1082917.0,1471460.0,2107816.0,711474.0,3187762.0,2735598.0,2334082.0,1261412.0,2199061.0,2640389.0,1484010.0,1829250.0,993983.0,1602965.0,2131993.0,1581762.0,1600424.0,1159803.0,2108698.0,2037697.0,1881658.0,3050886.0,2298730.0,1582590.67,25.7297,0.005898,1178484.4,20.7315,0.003161,1194201.8,10.2293,0.001648,1478156.4,5.5095,0.001074,1565951.95,3.9005,0.000842,1692455.17,2.406,0.000547
20261008,3447,展達,675327.0,36283.0,55025.0,79322.0,46660.0,27060.0,84450.0,54033.0,104434.0,25774.0,100409.0,159207.0,225451.0,131676.0,96569.0,99200.0,85250.0,108169.0,78831.0,86015.0,48739.0,56576.0,96958.0,133284.0,137669.0,229567.0,555668.0,158536.0,81211.0,49425.0,255545.0,88.0898,0.00326,178523.4,75.657,0.001748,118836.8,56.8281,0.000911,126778.67,35.5121,0.000593,117957.25,28.6259,0.000465,130225.93,17.286,0.000303
20261008,3450,聯鈞,4811409.0,12116633.0,5943041.0,11920793.0,17359031.0,5342360.0,5074962.0,5251568.0,5014009.0,7690410.0,8652711.0,8662034.0,11465308.0,16344584.0,8784191.0,8062676.0,11908342.0,1871232.0,2541410.0,3650225.0,2990181.0,962860.0,1645637.0,2686591.0,11020011.0,16284651.0,19380494.0,19408073.0,16731740.0,17184221.0,7623694.33,21.0371,0.023229,10430181.4,9.2259,0.012452,8052421.6,5.9751,0.00649,8962202.93,3.579,0.004228,8123346.45,2.9615,0.003315,9025379.6,1.777,0.002155
20261008,3481,群創,79977662.0,101925493.0,126225992.0,360995094.0,211783047.0,465129700.0,486059149.0,104276061.0,101964433.0,219243303.0,502870543.0,287816265.0,128581460.0,140533721.0,99548905.0,77381620.0,108945391.0,139160521.0,145192090.0,302977292.0,188143635.0,251338640.0,130554353.0,365400350.0,170837506.0,137987627.0,264345359.0,314569251.0,122928390.0,116092014.0,102709715.67,25.9559,0.38612,176181457.6,9.079,0.206978,225757993.4,3.5426,0.107885,227795388.53,2.3406,0.070287,209529387.1,1.9085,0.055097,208426162.23,1.2791,0.035827
20261008,3494,誠研,39805.0,21915.0,51750.0,59889.0,67602.0,44109.0,27333.0,44736.0,32294.0,39736.0,106345.0,65147.0,298617.0,56533.0,78105.0,17116.0,38467.0,68309.0,41150.0,56829.0,60049.0,88263.0,54757.0,71036.0,23667.0,56797.0,31120.0,54208.0,104106.0,58829.0,37823.33,35.0798,0.000192,48192.2,16.5193,0.000103,42916.9,9.2749,5.4e-05,68927.73,3.8499,3.5e-05,62789.35,3.1697,2.7e-05,61953.97,2.1416,1.8e-05
20261008,3501,維熹,73636.0,42724.0,90721.0,130098.0,88606.0,55355.0,196299.0,151396.0,143731.0,133866.0,132179.0,76882.0,76111.0,191341.0,122405.0,58221.0,79566.0,90816.0,166689.0,106350.0,55555.0,106261.0,210653.0,128521.0,166596.0,66601.0,135141.0,156023.0,148938.0,104765.0,69027.0,35.559,0.000356,85157.0,17.2942,0.000191,110643.2,6.6553,9.9e-05,113690.0,4.3179,6.5e-05,110349.6,3.3365,5.1e-05,116201.53,2.1123,3.3e-05
20261008,3504,揚明光,782513.0,1058471.0,1814111.0,2625102.0,852757.0,1338044.0,690793.0,627895.0,1077317.0,1699660.0,1308962.0,1004591.0,1054033.0,1195369.0,1882201.0,1419165.0,1342053.0,2352024.0,1467926.0,2611761.0,1740496.0,3258307.0,3328889.0,6869508.0,9604329.0,4351499.0,6753559.0,12150179.0,10734130.0,7041794.0,1218365.0,21.4088,0.003778,1426590.8,10.9704,0.002025,1256666.3,6.2269,0.001056,1267454.6,4.1159,0.000688,1410237.4,2.7744,0.000539,3134581.27,0.8321,0.000351
20261008,3515,華擎,221639.0,242041.0,275350.0,368541.0,182685.0,326295.0,131882.0,152206.0,147990.0,258673.0,338214.0,427372.0,331791.0,559073.0,923429.0,291043.0,399669.0,1786060.0,180552.0,258770.0,574568.0,795620.0,548846.0,713926.0,1072493.0,771237.0,946107.0,271439.0,286503.0,205659.0,246343.33,29.9905,0.00107,258051.2,17.1779,0.000574,230730.2,9.606,0.000299,325812.07,4.5351,0.000195,390163.75,2.8403,0.000153,466322.43,1.5843,9.9e-05
20261008,3518,柏騰,1747751.0,5277051.0,21659058.0,8802224.0,10157623.0,18736885.0,8426466.0,5608941.0,7183649.0,572295.0,1473774.0,936907.0,414945.0,750089.0,512408.0,430131.0,495988.0,583695.0,550661.0,302127.0,513193.0,759489.0,1515283.0,3558467.0,4155596.0,2878511.0,291501.0,160579.0,204734.0,101630.0,9561286.67,6.0932,0.008438,9528741.4,3.6684,0.004523,8817194.3,1.9822,0.002358,6150671.07,1.8944,0.001536,4731133.4,1.8471,0.001204,3625388.37,1.607,0.000783
20261008,3528,安馳,243459.0,110081.0,97837.0,268249.0,316045.0,407144.0,162785.0,130611.0,504831.0,146769.0,119899.0,123094.0,254937.0,275105.0,44397.0,213618.0,124323.0,194198.0,129932.0,158668.0,178681.0,82995.0,88607.0,244453.0,266592.0,171651.0,109198.0,332802.0,235376.0,155617.0,150459.0,53.937,0.001175,207134.2,23.5074,0.00063,238781.1,10.1959,0.000328,213682.87,7.5956,0.000214,201299.1,6.0472,0.000168,196398.47,4.1321,0.000109
20261008,3530,晶相光,108275.0,121619.0,231382.0,241044.0,108001.0,84403.0,114627.0,39475.0,66222.0,60830.0,212662.0,131740.0,114001.0,170438.0,72267.0,47410.0,85811.0,139383.0,79888.0,71080.0,101169.0,106630.0,94043.0,148751.0,123593.0,100466.0,190352.0,216796.0,241103.0,908627.0,153758.67,23.4729,0.000523,162064.2,13.362,0.00028,117587.8,9.208,0.000146,125132.4,5.7686,9.5e-05,115027.9,4.7065,7.5e-05,151069.6,2.3891,4.9e-05
20261008,3532,台勝科,12901050.0,10243209.0,5149184.0,6047771.0,9010177.0,9721232.0,14082552.0,7089443.0,4617288.0,11441397.0,8358710.0,3944057.0,6778115.0,9584549.0,7746606.0,9430827.0,5381568.0,7432373.0,4334630.0,9176282.0,9378177.0,8013341.0,6836299.0,6008409.0,3847679.0,9118679.0,4415477.0,10689865.0,10266161.0,9820232.0,9431147.67,45.5973,0.062284,8670278.2,29.7593,0.033387,9030330.3,14.2864,0.017403,8447689.33,10.1811,0.011338,8123551.0,7.9405,0.008888,8028844.63,5.3561,0.005779
20261008,3533,嘉澤,2318237.0,962170.0,1276539.0,1551638.0,2023700.0,2677060.0,2399430.0,2102968.0,1078035.0,2718292.0,858627.0,836492.0,692613.0,841164.0,837111.0,746610.0,719459.0,1034014.0,827646.0,491700.0,679777.0,628390.0,438794.0,798509.0,1128387.0,1454962.0,1678431.0,2933845.0,704252.0,1297643.0,1518982.0,50.8726,0.011192,1626456.8,28.5066,0.005999,1910806.9,12.1322,0.003127,1544938.4,10.0036,0.002037,1349675.25,8.5881,0.001597,1291216.5,5.9846,0.001038
20261008,3535,晶彩科,801848.0,516594.0,810069.0,1062131.0,1264766.0,587800.0,1514606.0,1109711.0,1225076.0,354782.0,1655162.0,738199.0,433498.0,1010767.0,704523.0,303185.0,741944.0,474443.0,977538.0,920807.0,1601469.0,1638541.0,447882.0,1145991.0,323370.0,505718.0,393982.0,420222.0,323735.0,533898.0,709503.67,37.6718,0.003871,891081.6,17.9972,0.002075,924738.3,8.6711,0.001082,919302.13,5.8149,0.000705,860372.45,4.6599,0.000552,818075.23,3.2672,0.000359
20261008,3543,州巧,4636504.0,3460594.0,7914074.0,5254467.0,2167872.0,2685192.0,10696796.0,4142472.0,784913.0,1242163.0,2410579.0,963062.0,950901.0,2664852.0,389630.0,424798.0,920174.0,797373.0,782292.0,823811.0,1277806.0,1264208.0,1688446.0,4991065.0,3682410.0,6418547.0,10452889.0,4153845.0,4455495.0,6967542.0,5337057.33,28.9579,0.022384,4686702.2,19.7858,0.011999,4298504.7,10.7863,0.006254,3357604.73,9.206,0.004075,2705625.95,8.5683,0.003194,3315492.4,4.6615,0.002077
20261008,3545,敦泰,625123.0,742196.0,504121.0,661746.0,521236.0,662736.0,950180.0,503191.0,386758.0,412175.0,804403.0,524311.0,954988.0,490007.0,462992.0,415935.0,529874.0,648300.0,784824.0,488667.0,578481.0,469370.0,639243.0,1158738.0,2221782.0,892229.0,591737.0,812774.0,609221.0,540413.0,623813.33,33.4033,0.003018,610884.4,20.4662,0.001618,596946.2,10.472,0.000843,613744.2,6.7903,0.000549,603688.15,5.1775,0.000431,686258.37,3.0364,0.00028
20261008,3550,聯穎,1109730.0,844854.0,1468426.0,1542490.0,1434723.0,2399524.0,8130123.0,3498604.0,785551.0,1002504.0,1906316.0,2356646.0,2990142.0,3015363.0,895643.0,615041.0,514696.0,579447.0,542517.0,621351.0,689530.0,892571.0,1254082.0,963825.0,925154.0,1197891.0,2273901.0,2063941.0,1264116.0,1840694.0,1141003.33,32.4197,0.005358,1280044.6,17.3389,0.002872,2221652.9,4.9951,0.001497,2225375.93,3.3245,0.000975,1812684.55,3.061,0.000764,1653979.87,2.2365,0.000497
20261008,3557,嘉威,38660.0,29447.0,63406.0,76015.0,215651.0,27269.0,54872.0,30567.0,52371.0,35529.0,48916.0,30401.0,37560.0,71249.0,30332.0,22119.0,87422.0,32179.0,80970.0,32335.0,15848.0,17747.0,21900.0,17850.0,11103.0,34586.0,34531.0,21794.0,24523.0,10936.0,43837.67,29.3963,0.000187,84635.8,9.1356,0.0001,62378.7,6.1976,5.2e-05,56149.67,4.5901,3.4e-05,54863.5,3.5233,2.7e-05,43602.93,2.9555,1.7e-05
20261008,3563,牧德,457739.0,744403.0,663186.0,1417672.0,1273871.0,2874564.0,1867198.0,1814860.0,1433099.0,2273717.0,1154879.0,257104.0,268658.0,520685.0,203757.0,236655.0,306189.0,402033.0,360649.0,338333.0,297279.0,449213.0,455156.0,671038.0,713159.0,738157.0,386602.0,266586.0,360650.0,358657.0,621776.0,24.5393,0.00221,911374.2,10.045,0.001185,1482030.9,3.0886,0.000617,1148359.47,2.6574,0.000402,943462.55,2.4258,0.000315,785524.93,1.9424,0.000205
20261008,3576,聯合再生,6024508.0,8455427.0,13161219.0,22838416.0,29410686.0,55900173.0,86571378.0,11641227.0,48864258.0,11347648.0,13074950.0,26492615.0,13416440.0,3162711.0,3071511.0,4939724.0,4829226.0,4360624.0,4765247.0,5664496.0,3627139.0,3431478.0,3629368.0,6607421.0,8280631.0,11871847.0,37850636.0,22670417.0,7136519.0,7360775.0,9213718.0,21.7954,0.029085,15978051.2,7.541,0.015591,29421494.0,2.0477,0.008127,23562211.13,1.7046,0.005295,18899624.2,1.5938,0.00415,16348623.83,1.2283,0.002699
20261008,3583,辛耘,529456.0,1158547.0,1630564.0,1260864.0,653931.0,684194.0,1276364.0,714980.0,299371.0,504739.0,549504.0,377871.0,468127.0,602536.0,431450.0,647457.0,743444.0,669217.0,720091.0,1030396.0,1736193.0,959876.0,2003875.0,875396.0,973469.0,1393728.0,1549453.0,1887974.0,1109901.0,1177440.0,1106189.0,15.9544,0.002556,1046672.4,10.1169,0.00137,871301.0,6.0766,0.000714,742833.2,4.7517,0.000465,747655.15,3.5408,0.000365,954013.6,1.8499,0.000237
20261008,3588,通嘉,513220.0,230552.0,320003.0,503005.0,1527854.0,611029.0,209992.0,133618.0,174053.0,133098.0,252481.0,112533.0,124703.0,174488.0,140267.0,77169.0,88751.0,119447.0,103556.0,213590.0,407029.0,203299.0,95548.0,154006.0,90124.0,231958.0,117373.0,124650.0,197498.0,192958.0,354591.67,48.2452,0.002478,618926.8,16.5842,0.001328,435642.4,11.7808,0.000692,344059.73,9.9444,0.000451,288170.45,8.9048,0.000354,252595.07,6.7726,0.00023
20261008,3591,艾笛森,2655399.0,671582.0,892756.0,2171607.0,1825704.0,1378569.0,2368305.0,1678493.0,1125915.0,1602900.0,5400296.0,12519988.0,,,,,,,,1276932.0,980618.0,3601707.0,5265540.0,1404170.0,622864.0,1558378.0,248203.0,352821.0,485693.0,1034759.0,1406579.0,62.9281,0.01282,1643409.6,32.3157,0.006872,1637123.0,16.2199,0.003582,2857626.17,7.7436,0.002334,2736034.31,7.4656,0.001829,2222747.78,5.1941,0.00119
20261008,3592,瑞鼎,342873.0,298963.0,387328.0,650803.0,494423.0,1116128.0,1755009.0,258399.0,258281.0,200071.0,365699.0,145266.0,258326.0,273009.0,164962.0,149879.0,319964.0,279871.0,259212.0,297876.0,336605.0,211242.0,177809.0,254513.0,360927.0,452448.0,2098259.0,235725.0,175757.0,138418.0,343054.67,33.3157,0.001655,434878.0,15.7687,0.000887,576227.8,5.9503,0.000463,464636.0,4.9196,0.000301,413817.1,4.1428,0.000236,423934.83,2.696,0.000154
20261008,3593,力銘,2767.0,5010.0,3808.0,11132.0,54068.0,20260.0,39768.0,24771.0,19985.0,35536.0,31201.0,30807.0,19872.0,15108.0,21010.0,13235.0,3238.0,3109.0,4103.0,7201.0,5355.0,38201.0,3347.0,26003.0,28012.0,132.0,29848.0,43278.0,31505.0,21029.0,3861.67,23.8843,1.3e-05,15357.0,3.6036,7e-06,21710.5,1.2745,4e-06,22340.2,0.8257,2e-06,18299.45,0.756,2e-06,19756.63,0.4668,1e-06
20261008,3596,智易,712901.0,870755.0,2642102.0,842134.0,359911.0,560797.0,626621.0,450284.0,1094859.0,997606.0,769377.0,680316.0,844681.0,559101.0,662710.0,869537.0,433548.0,763969.0,1115738.0,747942.0,1540332.0,501910.0,767291.0,1644979.0,1233608.0,1348708.0,1899802.0,803569.0,1326339.0,1396950.0,1408586.0,16.8704,0.003442,1085560.6,13.1342,0.001845,915797.0,7.7845,0.000962,844943.67,5.6248,0.000627,830244.45,4.2933,0.000491,968945.9,2.4525,0.000319
20261008,3605,宏致,3349021.0,30368731.0,14449931.0,10337743.0,15261661.0,11986946.0,17829847.0,12502653.0,14851996.0,32655109.0,38677204.0,50842491.0,38476309.0,41785207.0,20987973.0,7841855.0,8387303.0,4915056.0,9745092.0,25273109.0,16952861.0,10428662.0,12601654.0,13684319.0,19992489.0,7867059.0,36448245.0,19148721.0,14003684.0,8401678.0,16055894.33,6.9528,0.016169,14753417.4,4.54,0.008667,16359363.8,2.0472,0.004518,23624188.13,0.9451,0.002943,20526261.85,0.8158,0.002307,19001820.3,0.5875,0.0015
20261008,3607,谷崧,54407.0,301740.0,71468.0,93693.0,140370.0,127845.0,220285.0,55129.0,101378.0,111284.0,202098.0,85905.0,122008.0,401373.0,155287.0,145208.0,109266.0,324151.0,83512.0,70343.0,256224.0,80020.0,97217.0,152138.0,92509.0,283916.0,123082.0,158156.0,222597.0,229037.0,142538.33,12.7234,0.000263,132335.6,8.2226,0.000141,127759.9,4.2585,7.3e-05,149618.0,2.4243,4.8e-05,148837.5,1.8277,3.7e-05,155721.53,1.1646,2.4e-05
20261008,3617,碩天,219126.0,231206.0,342306.0,222577.0,258203.0,86640.0,211371.0,258989.0,177345.0,206271.0,370955.0,172076.0,324368.0,415400.0,348925.0,251146.0,242436.0,462394.0,472627.0,330077.0,322028.0,398563.0,265876.0,405007.0,344254.0,964295.0,755491.0,493715.0,483169.0,402452.0,264212.67,27.6452,0.001058,254683.6,17.2077,0.000567,221403.4,9.8971,0.000296,256383.87,5.6979,0.000193,280221.9,3.9099,0.000151,347976.27,2.0991,9.8e-05
20261008,3622,洋華,286945.0,389619.0,172573.0,267379.0,183447.0,83314.0,191623.0,112007.0,188618.0,208245.0,204425.0,138079.0,210493.0,404369.0,174023.0,203040.0,358670.0,442632.0,382838.0,427599.0,357385.0,671225.0,412250.0,514333.0,240636.0,498910.0,313993.0,322138.0,498191.0,649097.0,283045.67,33.7925,0.001385,259992.6,22.0733,0.000743,208377.0,13.7705,0.000387,214343.93,8.9248,0.000252,251496.9,5.7047,0.000198,316936.53,3.0179,0.000129
20261008,3645,達邁,1276805.0,1666813.0,2548231.0,7014529.0,1987150.0,3575306.0,5003116.0,1758340.0,6118560.0,8152233.0,1279172.0,2048379.0,893483.0,649472.0,547658.0,735490.0,950237.0,1456092.0,5268432.0,2371612.0,4826440.0,1382531.0,2138640.0,2690321.0,3120839.0,3696114.0,10020032.0,8568904.0,1778990.0,1108046.0,1830616.33,23.2491,0.006164,2898705.6,8.8095,0.003304,3910108.3,3.2654,0.001722,2967949.8,2.868,0.001122,2765055.5,2.3088,0.00088,3154398.9,1.3492,0.000572
20261008,3652,精聯,55539.0,194226.0,204054.0,181089.0,119703.0,56085.0,54046.0,45323.0,65160.0,47001.0,98868.0,180851.0,66030.0,110070.0,118206.0,62773.0,57567.0,62000.0,59075.0,138766.0,51094.0,186119.0,104598.0,130724.0,57157.0,89745.0,77085.0,76009.0,119591.0,85140.0,151273.0,12.2381,0.000268,150922.2,7.36,0.000144,102222.6,5.4331,7.5e-05,106416.73,3.4793,4.9e-05,98821.6,2.8101,3.8e-05,98456.47,1.8803,2.5e-05
20261008,3653,健策,1628778.0,1021389.0,571595.0,1138488.0,1067819.0,616931.0,1303905.0,1660061.0,2756489.0,1525519.0,916002.0,972711.0,1052328.0,970920.0,1608326.0,2469366.0,988731.0,707675.0,633019.0,1235699.0,990252.0,802151.0,943058.0,902445.0,1290114.0,981544.0,1749901.0,939998.0,1914739.0,1732681.0,1073920.67,50.5555,0.007864,1085613.8,30.0066,0.004215,1329097.4,12.2548,0.002197,1254084.07,8.6585,0.001431,1242287.55,6.5556,0.001122,1236421.13,4.3911,0.00073
20261008,3661,世芯-KY,4922967.0,3535589.0,4017097.0,3112574.0,1303480.0,953454.0,1125493.0,1176972.0,1136496.0,1782601.0,3598114.0,1760586.0,5093871.0,3207956.0,1986894.0,2699862.0,2098835.0,5595150.0,2298103.0,3254166.0,1620933.0,3204560.0,1757291.0,1876714.0,1632464.0,2521101.0,2040909.0,2030269.0,1513027.0,2375440.0,4158551.0,39.4606,0.023767,3378341.4,29.1443,0.01274,2306672.3,21.3423,0.006641,2580942.93,12.7162,0.004326,2733013.0,9.0065,0.003391,2507765.6,6.5436,0.002205
20261008,3665,貿聯-KY,3678479.0,3474113.0,5622829.0,5362695.0,2759339.0,3055668.0,6154465.0,4555402.0,4524090.0,3676482.0,6053409.0,4506398.0,6471964.0,3284559.0,2539303.0,2594783.0,2220323.0,1944589.0,930001.0,2477275.0,3246234.0,2560427.0,1458584.0,2445221.0,3399837.0,4568188.0,3131169.0,4068757.0,2917164.0,4874749.0,4258473.67,28.7934,0.017759,4179491.0,17.6025,0.00952,4286356.2,8.5818,0.004962,4381279.67,5.5973,0.003233,3794308.3,4.8474,0.002534,3618549.87,3.3885,0.001648
20261008,3669,圓展,53640.0,145894.0,92103.0,113926.0,154801.0,248576.0,102848.0,49381.0,71270.0,52338.0,75156.0,43738.0,70175.0,106626.0,133491.0,79060.0,51491.0,148190.0,65800.0,80787.0,192211.0,656558.0,95465.0,201791.0,96637.0,214452.0,258790.0,280328.0,280513.0,239126.0,97212.33,18.3927,0.000259,112072.8,9.5723,0.000139,108477.7,4.9448,7.2e-05,100930.87,3.543,4.7e-05,96964.55,2.766,3.7e-05,148505.4,1.204,2.4e-05
20261008,3673,TPK-KY,6386854.0,8485167.0,17692813.0,29000616.0,28711684.0,26102941.0,37006920.0,11366605.0,2491440.0,4047583.0,4941576.0,4757379.0,2447647.0,2864782.0,3259727.0,2301828.0,4385449.0,1642664.0,2935552.0,2388220.0,3450909.0,2723796.0,2734304.0,5624756.0,4362027.0,4935897.0,5541636.0,4678450.0,5197088.0,9758874.0,10854944.67,19.6127,0.030835,18055426.8,7.0747,0.016529,17129262.3,3.7286,0.008616,12637582.27,3.3692,0.005613,10160872.35,3.1429,0.0044,8407506.13,2.5322,0.002861
20261008,3679,新至陞,16905.0,50520.0,10457.0,28082.0,32371.0,64247.0,35968.0,9180.0,11570.0,39113.0,91107.0,48915.0,29638.0,38581.0,11339.0,26550.0,9150.0,38310.0,39351.0,27162.0,24352.0,32009.0,131817.0,6871.0,13147.0,23780.0,23394.0,212735.0,13698.0,9198.0,25960.67,21.7059,8.2e-05,27667.0,12.2203,4.4e-05,29841.3,5.665,2.3e-05,34532.87,3.2636,1.5e-05,32925.8,2.5671,1.2e-05,38317.23,1.4706,8e-06
20261008,3686,達能,56538.0,73403.0,87698.0,105144.0,143132.0,486960.0,569233.0,41418.0,81179.0,155498.0,498009.0,522248.0,138952.0,62994.0,89781.0,73742.0,63480.0,147899.0,76821.0,131953.0,20140.0,64484.0,53847.0,58872.0,20908.0,65784.0,48474.0,63588.0,41340.0,36021.0,72546.33,25.9779,0.000273,93183.0,12.1348,0.000146,180020.3,3.1406,7.6e-05,207479.13,1.8167,5e-05,180304.1,1.5679,3.9e-05,135984.67,1.3859,2.5e-05
20261008,3694,海華,560707.0,1034487.0,411110.0,506982.0,449918.0,283839.0,365930.0,239881.0,246631.0,444503.0,560808.0,715958.0,632541.0,756525.0,333046.0,387294.0,602964.0,444277.0,592821.0,376232.0,685411.0,455108.0,549491.0,835465.0,571795.0,891373.0,317381.0,448115.0,477086.0,618460.0,668768.0,27.9473,0.002707,592640.8,18.9223,0.001451,454398.8,12.3395,0.000756,502857.73,7.4336,0.000493,497322.7,5.6373,0.000386,526537.97,3.5496,0.000251
20261008,3701,大眾控,2916380.0,13550462.0,20453640.0,4322771.0,10135816.0,8814066.0,4549945.0,552964.0,350805.0,404785.0,959369.0,2006658.0,481990.0,1236009.0,433166.0,335733.0,306295.0,621171.0,492942.0,1783324.0,498043.0,763101.0,1781015.0,2180721.0,4944351.0,589365.0,466943.0,408825.0,687899.0,566443.0,12306827.33,7.8991,0.01408,10275813.8,5.6762,0.007547,6605163.4,4.4153,0.003934,4744588.4,4.0978,0.002563,3735414.55,3.9037,0.002009,2919833.23,3.3294,0.001306
20261008,3702,大聯大,9697256.0,5167767.0,2731332.0,4033077.0,4724498.0,9434235.0,5939004.0,10942986.0,8052382.0,9399996.0,9840538.0,7318381.0,14990819.0,12125324.0,7003594.0,4409655.0,5927398.0,7925671.0,10849033.0,10212902.0,3765681.0,8385171.0,5376062.0,10122351.0,7763641.0,12367273.0,11140110.0,15312136.0,21520194.0,11908338.0,5865451.67,55.1095,0.046817,5270786.0,36.7962,0.025096,7012253.3,13.829,0.013081,8093412.6,7.9878,0.008522,8036292.4,6.0334,0.00668,8946226.83,3.6132,0.004344
20261008,3703,欣陸,236677.0,382969.0,737473.0,927441.0,436814.0,308715.0,690262.0,1119772.0,431649.0,665137.0,569154.0,797510.0,1574191.0,847722.0,565647.0,579720.0,354885.0,590561.0,311839.0,695257.0,380111.0,1897637.0,1135786.0,1537050.0,1224894.0,827584.0,10020352.0,2033079.0,815238.0,1047003.0,452373.0,17.4397,0.001143,544274.8,8.697,0.000613,593690.9,3.9865,0.000319,686075.53,2.2998,0.000208,641169.75,1.8457,0.000163,1124737.63,0.7014,0.000106
20261008,3704,合勤控,958411.0,873494.0,1232039.0,1348470.0,829142.0,1609432.0,926509.0,1130753.0,1010185.0,1884275.0,5363474.0,3288841.0,2036622.0,3611889.0,2536945.0,10631775.0,3075562.0,3177682.0,667187.0,569510.0,1557833.0,1402668.0,2882332.0,3368025.0,804864.0,1325634.0,2132609.0,1259249.0,1396588.0,1191750.0,1021314.67,31.2803,0.004627,1048311.2,18.2849,0.00248,1180271.0,8.1203,0.001293,1909365.4,3.3464,0.000842,2338109.85,2.0495,0.00066,2136124.97,1.4956,0.000429
20261008,3705,永信,944782.0,273853.0,215446.0,184491.0,159794.0,75603.0,167862.0,125154.0,164289.0,168014.0,226489.0,170180.0,419136.0,157650.0,146549.0,208172.0,102879.0,80040.0,244869.0,174730.0,301995.0,367256.0,124401.0,93669.0,98533.0,170074.0,106631.0,72913.0,205619.0,116029.0,478027.0,65.8807,0.004561,355673.2,53.1264,0.002445,247928.8,38.107,0.001274,239952.8,26.2491,0.00083,220499.1,21.4237,0.000651,202236.73,15.5722,0.000423
20261008,3706,神達,4422501.0,3073038.0,4134146.0,6496770.0,6734700.0,12817231.0,3956421.0,2938741.0,4005111.0,5865862.0,5535851.0,4521331.0,5873344.0,7653188.0,4322540.0,7205968.0,8681870.0,11525024.0,6332473.0,17193671.0,16006347.0,9948246.0,10563096.0,14808074.0,12698438.0,27970459.0,9599922.0,6896226.0,6105426.0,4605668.0,3876561.67,38.0277,0.021351,4972231.0,17.7888,0.011445,5444452.1,8.1229,0.005966,5490051.67,5.3703,0.003887,6664489.05,3.318,0.003047,8416389.43,1.7515,0.001981
20261008,3708,上緯投控,375358.0,121729.0,234795.0,527564.0,284449.0,306248.0,282790.0,306892.0,258069.0,288451.0,466591.0,518273.0,1258423.0,707669.0,569232.0,237684.0,484774.0,492780.0,631744.0,462085.0,324742.0,436707.0,391115.0,502519.0,426830.0,562417.0,387310.0,510739.0,442043.0,322412.0,243960.67,51.2867,0.001812,308779.0,24.3124,0.000971,298634.5,12.5691,0.000506,433768.87,5.7689,0.00033,440780.0,4.2579,0.000259,437414.47,2.8604,0.000168
20261008,3711,日月光投控,15989835.0,8235725.0,9721735.0,17970212.0,12603412.0,8885905.0,14687120.0,14276948.0,10964118.0,15367865.0,24987417.0,17093063.0,27928565.0,11193901.0,9509979.0,14790324.0,9475938.0,22695774.0,17451304.0,22954710.0,13336567.0,27604665.0,15751048.0,11637807.0,17467250.0,26066376.0,33186077.0,18575826.0,11658860.0,12219806.0,11315765.0,47.1019,0.077197,12904183.8,24.7824,0.041381,12870287.5,12.4238,0.021569,14627720.0,7.2875,0.014052,15339192.5,5.2121,0.011015,16476271.07,3.2349,0.007163
20261008,3712,永崴投控,366814.0,215571.0,394696.0,484994.0,338517.0,358923.0,663198.0,426421.0,156631.0,453062.0,324228.0,939277.0,455691.0,778608.0,210116.0,684780.0,382381.0,521490.0,379649.0,153954.0,429005.0,553160.0,761792.0,690998.0,683604.0,2904437.0,560112.0,1299271.0,2270637.0,2119365.0,325693.67,37.5418,0.001771,360118.4,20.3719,0.000949,385882.7,9.5058,0.000495,437783.13,5.5859,0.000322,434450.05,4.2216,0.000253,698712.73,1.75,0.000164
20261008,3714,富采,4115502.0,4384737.0,7278565.0,21371294.0,23714073.0,10454787.0,21400350.0,7402683.0,8698127.0,12388269.0,44868856.0,26800907.0,18867951.0,17654106.0,10803088.0,3640157.0,4988883.0,6784296.0,5708987.0,14622469.0,11427655.0,26485957.0,35248872.0,50253672.0,4428993.0,8785743.0,5844434.0,7578503.0,15181376.0,27039043.0,5259601.33,26.0825,0.019869,12172834.2,6.7618,0.010651,12120838.7,3.3954,0.005552,16013553.0,1.7133,0.003617,13797404.35,1.4914,0.002835,15607411.17,0.879,0.001844
20261008,3715,定穎投控,7402491.0,19985024.0,12113936.0,13025997.0,5708720.0,4697705.0,4275577.0,2792958.0,3124677.0,8889927.0,16190129.0,2328106.0,3411215.0,4150799.0,2451847.0,3599210.0,2749798.0,3109049.0,9421993.0,16952441.0,12850292.0,3273965.0,3581294.0,5543430.0,12492024.0,9357457.0,11778173.0,7894954.0,4874712.0,3086079.0,13167150.33,18.7398,0.035738,11647233.6,12.7112,0.019157,8201701.2,9.0256,0.009986,7369940.53,6.6961,0.006506,7319079.95,5.057,0.0051,7370465.97,3.3478,0.003316
20261008,3716,中化控股,308038.0,144566.0,176540.0,320623.0,121165.0,156287.0,252547.0,134468.0,95053.0,98553.0,151542.0,197705.0,2721173.0,331108.0,189509.0,220294.0,126238.0,294202.0,122487.0,210682.0,179928.0,289620.0,635533.0,327035.0,298063.0,263319.0,257368.0,325184.0,550087.0,292905.0,209714.67,48.9614,0.001487,214186.4,28.7635,0.000797,180784.0,17.039,0.000416,359925.13,5.7056,0.000271,318639.0,4.8337,0.000212,326394.07,3.1459,0.000138
20261008,3717,聯嘉投控,10210938.0,12885614.0,35812325.0,16061762.0,9385198.0,8871822.0,31519820.0,17004945.0,13381856.0,30360262.0,8764718.0,20510332.0,16980049.0,3951914.0,803152.0,470577.0,580182.0,758063.0,941489.0,1183682.0,1473154.0,2038372.0,907714.0,1404156.0,827774.0,1627170.0,1230226.0,2126255.0,1356428.0,945677.0,19636292.33,17.3334,0.049297,16871167.4,12.1046,0.026425,18549454.2,5.5047,0.013774,15766980.47,4.3174,0.008974,12021935.0,4.2468,0.007034,8479187.53,4.0141,0.004574
20261008,4104,佳醫,80319.0,87095.0,101768.0,155608.0,89504.0,80457.0,149094.0,135872.0,71688.0,88410.0,144184.0,124068.0,128646.0,162201.0,90605.0,115452.0,138144.0,203411.0,698714.0,67344.0,76342.0,106508.0,81530.0,104429.0,87811.0,121856.0,106124.0,126932.0,158853.0,85182.0,89727.33,29.8382,0.000388,102858.8,15.6173,0.000208,103981.5,7.7244,0.000108,112634.6,4.754,7.1e-05,145629.2,2.7577,5.5e-05,132271.7,2.0241,3.6e-05
20261008,4106,雃博,143282.0,110772.0,60563.0,105114.0,208404.0,155555.0,86882.0,46364.0,115987.0,48076.0,79004.0,36471.0,81492.0,151403.0,99352.0,47869.0,67955.0,117335.0,187564.0,242473.0,105217.0,79273.0,282641.0,87334.0,183817.0,37789.0,37651.0,313401.0,136171.0,102581.0,104872.33,45.5417,0.000692,125627.0,22.8107,0.000371,108099.9,13.2546,0.000193,101914.73,9.3727,0.000126,109595.85,6.5368,9.9e-05,118593.07,4.0273,6.4e-05
20261008,4108,懷特,422962.0,246919.0,133105.0,89166.0,149998.0,50723.0,171221.0,133476.0,136576.0,262366.0,233328.0,131618.0,119919.0,95847.0,89978.0,228173.0,355630.0,505349.0,115785.0,98783.0,134299.0,120355.0,123929.0,138051.0,277685.0,367840.0,1086141.0,1893290.0,257133.0,192532.0,267662.0,52.6736,0.002042,208430.0,40.5855,0.001095,179651.2,23.5435,0.000571,164480.13,17.1434,0.000372,188546.1,11.2164,0.000291,278739.23,5.058,0.000189
20261008,4119,旭富,118464.0,79031.0,252267.0,102369.0,71383.0,65763.0,107841.0,112376.0,105787.0,107408.0,64260.0,106674.0,183954.0,264628.0,188754.0,318971.0,163842.0,349598.0,220958.0,708584.0,281897.0,130803.0,200170.0,369838.0,179031.0,229253.0,286596.0,161100.0,147152.0,70744.0,149920.67,26.3393,0.000572,124702.8,18.9994,0.000307,112268.9,10.5518,0.00016,128730.6,6.135,0.000104,184645.6,3.2079,8.2e-05,191649.87,2.0604,5.3e-05
20261008,4133,亞諾法,2091592.0,610380.0,52236.0,91605.0,53404.0,30488.0,35808.0,46762.0,54875.0,26240.0,39198.0,36678.0,116839.0,100097.0,31322.0,29332.0,29712.0,45888.0,21178.0,59921.0,96061.0,51083.0,85969.0,66853.0,51974.0,15751.0,38724.0,82280.0,66868.0,59299.0,918069.33,75.9417,0.010098,579843.4,72.1433,0.005413,309339.0,67.6149,0.002821,227834.93,61.202,0.001838,180177.75,58.0425,0.001441,140613.9,49.5824,0.000937
20261008,4137,麗豐-KY,113713.0,57334.0,81778.0,66679.0,126153.0,96735.0,71880.0,76356.0,119730.0,81770.0,121222.0,148126.0,195613.0,95396.0,183884.0,170363.0,236757.0,158938.0,194103.0,460926.0,227060.0,292700.0,318575.0,415473.0,466395.0,326359.0,318107.0,349589.0,100901.0,252120.0,84275.0,44.977,0.000549,89131.4,25.5158,0.000294,89212.8,12.7463,0.000153,109091.27,6.9491,0.0001,142872.8,3.9795,7.8e-05,197491.17,1.9193,5.1e-05
20261008,4142,國光生,5514090.0,2377320.0,1286419.0,620169.0,581065.0,554793.0,1460885.0,1093940.0,727893.0,460065.0,730682.0,359673.0,810993.0,1167549.0,314081.0,668255.0,498289.0,777192.0,496151.0,441243.0,653045.0,891496.0,453115.0,581839.0,381804.0,491110.0,574808.0,659220.0,898737.0,2011846.0,3059276.33,60.0805,0.026621,2075812.6,53.1271,0.01427,1467663.9,37.5705,0.007438,1203974.47,30.5327,0.004846,1047037.35,26.3319,0.003799,951258.9,19.3221,0.00247
20261008,4148,全宇生技-KY,14124.0,7115.0,13172.0,97404.0,45439.0,25747.0,12150.0,58415.0,28883.0,26697.0,33884.0,38503.0,16389.0,94001.0,49707.0,77786.0,165621.0,141786.0,363317.0,15000.0,10729.0,26287.0,9000.0,21076.0,16559.0,49711.0,26560.0,9199.0,199660.0,50160.0,11470.33,41.045,6.8e-05,35450.8,7.9682,3.7e-05,32914.6,4.2911,1.9e-05,37442.0,2.5148,1.2e-05,66257.0,1.0658,1e-05,58136.03,0.8098,6e-06
20261008,4155,訊映,,,518051.0,199363.0,109748.0,274351.0,165507.0,150826.0,182427.0,309429.0,181250.0,153830.0,352705.0,154314.0,135914.0,72600.0,380964.0,351331.0,1104466.0,208712.0,80397.0,228723.0,230639.0,138853.0,278778.0,114889.0,120740.0,94462.0,168885.0,129809.0,518051.0,,,275720.67,,,238712.75,,,222131.92,,,278099.33,,,235427.25,,
20261008,4164,承業醫,268018.0,1248199.0,1182257.0,466766.0,204579.0,355144.0,266148.0,541103.0,627427.0,559959.0,416927.0,297247.0,486493.0,888175.0,270151.0,316644.0,297030.0,272445.0,467671.0,201881.0,166514.0,322134.0,303406.0,220061.0,406110.0,186869.0,481748.0,226776.0,256790.0,246135.0,899491.33,9.9322,0.001294,673963.8,7.9535,0.000694,571960.0,4.686,0.000362,538572.87,3.3176,0.000236,481713.2,2.7819,0.000185,415026.9,2.1526,0.00012
20261008,4169,泰宗,94383.0,81351.0,94768.0,138022.0,39360.0,55654.0,104867.0,65399.0,74543.0,38009.0,81837.0,95466.0,132422.0,106324.0,123244.0,86980.0,157363.0,134666.0,193312.0,74176.0,120659.0,213751.0,165669.0,118707.0,39348.0,59094.0,85743.0,102521.0,41393.0,73077.0,90167.33,34.8918,0.000456,89576.8,21.0731,0.000244,78635.6,12.0026,0.000127,88376.6,7.1198,8.3e-05,98607.3,4.7858,6.5e-05,99736.93,3.1544,4.2e-05
20261008,4178,永笙-KY,1436529.0,287917.0,160703.0,158705.0,466489.0,913402.0,88100.0,90603.0,39544.0,71370.0,23010.0,63660.0,178055.0,86387.0,83172.0,151071.0,46002.0,132145.0,116001.0,95000.0,65393.0,36100.0,61272.0,129964.0,74127.0,87280.0,118320.0,84000.0,114520.0,77244.0,628383.0,76.2024,0.006935,502068.6,57.2244,0.003718,371336.2,38.6854,0.001938,276509.73,34.6348,0.001262,234393.25,30.6436,0.00099,184536.17,25.9485,0.000644
20261008,4190,佐登-KY,4898.0,13679.0,19041.0,13061.0,42789.0,10274.0,11798.0,6232.0,18363.0,34835.0,17824.0,15235.0,31246.0,25764.0,13130.0,3631.0,32424.0,12735.0,3629.0,3011.0,5943.0,8938.0,7294.0,3040.0,8966.0,10871.0,21727.0,8256.0,9469.0,14530.0,12539.33,13.0204,2.4e-05,18693.6,5.2403,1.3e-05,17497.0,2.7993,7e-06,18544.6,1.7608,4e-06,16679.95,1.4682,3e-06,14421.1,1.1321,2e-06
20261008,4195,基米-創,107040.0,168411.0,179702.0,218886.0,167738.0,174365.0,802116.0,816104.0,278278.0,133968.0,210950.0,55015.0,56516.0,68396.0,158357.0,53892.0,57667.0,73316.0,117841.0,83924.0,95929.0,85401.0,221577.0,98014.0,61840.0,56263.0,80213.0,78509.0,66228.0,50370.0,151717.67,23.5174,0.000517,168355.4,12.716,0.000277,304660.8,3.5134,0.000144,239722.8,2.9768,9.4e-05,199124.1,2.6878,7.4e-05,162560.87,2.1949,4.8e-05
20261008,4306,炎洲,455159.0,557127.0,824057.0,841576.0,925985.0,1003498.0,707952.0,863069.0,755148.0,401288.0,636299.0,463855.0,921233.0,1750550.0,338998.0,720958.0,729845.0,1648901.0,1517777.0,690936.0,930151.0,1319762.0,918854.0,1718050.0,1203399.0,528197.0,748280.0,594743.0,647261.0,827732.0,612114.33,24.7862,0.002197,720780.8,12.6296,0.001178,733485.9,6.2054,0.000614,763052.93,3.9766,0.0004,837710.55,2.7167,0.000314,873021.33,1.7379,0.000204
20261008,4414,如興,124616.0,126834.0,291209.0,146937.0,89062.0,146069.0,272697.0,139371.0,140132.0,87678.0,40163.0,113454.0,129700.0,176822.0,119756.0,56853.0,114149.0,158634.0,74669.0,91373.0,96522.0,363224.0,208923.0,203731.0,109674.0,93243.0,100038.0,141484.0,154769.0,167789.0,180886.33,22.964,0.000602,155731.6,16.0039,0.000322,156460.5,7.9647,0.000168,142966.67,5.811,0.00011,132008.9,4.72,8.6e-05,142652.5,2.9119,5.6e-05
20261008,4426,利勤,26574.0,81284.0,51164.0,69622.0,145035.0,70001.0,45126.0,81280.0,29493.0,90519.0,235432.0,33862.0,76600.0,116115.0,43839.0,109179.0,50156.0,89175.0,39150.0,46532.0,84686.0,50140.0,64570.0,106708.0,186404.0,128115.0,115898.0,80079.0,87100.0,60328.0,53007.33,16.7109,0.000128,74735.8,7.1115,6.9e-05,69009.8,3.8508,3.6e-05,79729.73,2.222,2.3e-05,76506.9,1.7367,1.8e-05,83138.87,1.0654,1.2e-05
20261008,4438,廣越,25863.0,61202.0,45133.0,50791.0,60422.0,26288.0,34204.0,16880.0,46189.0,28725.0,32287.0,27217.0,57128.0,73112.0,151862.0,53313.0,65892.0,62136.0,89407.0,65911.0,121495.0,99955.0,41240.0,74122.0,224011.0,313327.0,193429.0,77691.0,63562.0,76588.0,44066.0,19.5638,0.000125,48682.2,10.6252,6.7e-05,39569.7,6.5361,3.5e-05,49153.53,3.5078,2.3e-05,53698.1,2.4082,1.8e-05,78646.07,1.0962,1.2e-05
20261008,4439,冠星-KY,18000.0,6412.0,8774.0,5050.0,10079.0,6015.0,37233.0,14109.0,16010.0,27474.0,29047.0,19518.0,8510.0,29234.0,9000.0,3791.0,9679.0,28605.0,11080.0,12296.0,17459.0,9704.0,21072.0,8943.0,5580.0,16418.0,24306.0,19100.0,16154.0,5756.0,11062.0,54.2397,8.7e-05,9663.0,37.2555,4.7e-05,14915.6,12.0679,2.4e-05,16297.67,7.363,1.6e-05,15495.8,5.808,1.2e-05,15146.93,3.9612,8e-06
20261008,4440,宜新實業,54471.0,56199.0,122500.0,74235.0,38517.0,30000.0,30000.0,27020.0,20000.0,12000.0,17000.0,25188.0,29072.0,37162.0,87291.0,30254.0,153058.0,17100.0,25040.0,13464.0,14784.0,98585.0,64000.0,34140.0,29187.0,47758.0,123381.0,20562.0,41001.0,33561.0,77723.33,23.3611,0.000263,69184.4,15.7466,0.000141,46494.2,11.7157,7.3e-05,44043.67,8.245,4.8e-05,44978.55,6.0552,3.8e-05,46884.33,3.8727,2.4e-05
20261008,4441,振大環球,96143.0,48955.0,70802.0,54855.0,70731.0,30869.0,83293.0,68339.0,66722.0,40771.0,121833.0,45513.0,55368.0,48234.0,42185.0,30680.0,48035.0,35045.0,49401.0,45783.0,40920.0,66462.0,67455.0,32734.0,54882.0,111390.0,102879.0,56129.0,26924.0,58304.0,71966.67,44.5313,0.000464,68297.2,28.1543,0.000249,63148.0,15.225,0.00013,62974.2,10.178,8.4e-05,57677.85,8.3345,6.6e-05,59054.53,5.4268,4.3e-05
20261008,4526,東台,998203.0,1089997.0,3360899.0,2005724.0,1944905.0,8738505.0,6948777.0,1230357.0,751944.0,828403.0,1609947.0,2738281.0,1449681.0,1805756.0,911534.0,882665.0,820186.0,1592005.0,1272057.0,2132885.0,7125604.0,5081838.0,7752405.0,11493007.0,1831147.0,1477346.0,837700.0,712216.0,1029555.0,1248058.0,1816366.33,18.3187,0.004819,1879945.6,10.6195,0.002583,2789771.4,3.5781,0.001347,2427527.53,2.7413,0.000877,2155635.55,2.3153,0.000688,2723386.23,1.2218,0.000447
20261008,4532,瑞智,542602.0,337407.0,513685.0,769146.0,389250.0,530666.0,731570.0,535748.0,767760.0,866891.0,1108468.0,2051271.0,1759848.0,3898371.0,321356.0,308610.0,357951.0,648466.0,479900.0,914929.0,731282.0,1057991.0,443375.0,753368.0,300157.0,380676.0,363751.0,467973.0,509985.0,476415.0,464564.67,38.9326,0.00262,510418.0,21.2611,0.001404,598472.5,9.0664,0.000732,1008269.27,3.5877,0.000477,891694.75,3.0425,0.000374,777295.6,2.3269,0.000243
20261008,4536,拓凱,65967.0,129871.0,169768.0,188536.0,139240.0,132564.0,248132.0,167097.0,156387.0,211663.0,184560.0,254891.0,277301.0,130218.0,62987.0,91920.0,94954.0,114838.0,57421.0,168023.0,106217.0,232680.0,105109.0,88086.0,93559.0,214928.0,515260.0,197655.0,77829.0,115589.0,121868.67,18.0432,0.000318,138676.4,9.5138,0.000171,160922.5,4.0993,8.9e-05,167945.47,2.6186,5.8e-05,152316.9,2.1655,4.5e-05,159775.0,1.3762,3e-05
20261008,4540,全球傳動,1442056.0,913816.0,1446750.0,1541968.0,1784891.0,1519386.0,4250729.0,5084830.0,1301410.0,1005739.0,1508571.0,3708988.0,1115436.0,2342833.0,5661887.0,2223370.0,1076624.0,1194645.0,919447.0,1201500.0,1484966.0,2336680.0,2466731.0,6258594.0,2225683.0,1440568.0,1637054.0,3387439.0,5739638.0,800682.0,1267540.67,37.9227,0.006962,1425896.2,20.2267,0.003732,2029157.5,7.1067,0.001945,2308619.33,4.1643,0.001267,2062243.8,3.4963,0.000993,2300763.7,2.0892,0.000646
20261008,4545,銘鈺,100208.0,140588.0,240033.0,537125.0,178194.0,1012709.0,931770.0,326852.0,77315.0,38034.0,75209.0,109627.0,73712.0,62622.0,69725.0,57541.0,163606.0,577593.0,50040.0,25003.0,37807.0,51361.0,27019.0,194056.0,18019.0,40308.0,93218.0,40490.0,58299.0,49009.0,160276.33,20.8407,0.000484,239229.6,8.3776,0.000259,358282.8,2.7969,0.000135,264914.87,2.5218,8.8e-05,242375.3,2.0672,6.9e-05,181903.07,1.8363,4.5e-05
20261008,4551,智伸科,1706883.0,4416501.0,2668036.0,5644279.0,3377447.0,1565007.0,5389854.0,2692592.0,1013120.0,1282030.0,649650.0,288575.0,293118.0,467163.0,277554.0,269290.0,354381.0,486821.0,1300492.0,1012289.0,976163.0,1610154.0,2021752.0,831133.0,796657.0,1736135.0,985562.0,1581599.0,2138813.0,512821.0,2930473.33,19.4153,0.008241,3562629.2,9.5822,0.004417,2975574.9,5.7363,0.002302,2115453.93,5.3791,0.0015,1757754.1,4.8553,0.001176,1611529.03,3.5306,0.000765
20261008,4552,力達-KY,186928.0,105481.0,48510.0,81534.0,199434.0,66636.0,189447.0,126861.0,67705.0,39699.0,37768.0,155130.0,237997.0,418801.0,326300.0,159046.0,132125.0,224661.0,65459.0,195231.0,405959.0,49909.0,263124.0,157595.0,83437.0,119063.0,347794.0,131172.0,186435.0,112235.0,113639.67,54.8306,0.000902,124377.4,30.0582,0.000484,111223.5,16.8065,0.000252,152548.73,8.1691,0.000164,153237.65,6.0993,0.000129,164049.2,3.7982,8.4e-05
20261008,4555,氣立,108640.0,177041.0,388152.0,234905.0,114873.0,75083.0,76991.0,69189.0,103719.0,96299.0,87026.0,56675.0,59636.0,259367.0,157574.0,57565.0,94473.0,86763.0,82918.0,125252.0,354730.0,231342.0,114116.0,100791.0,43399.0,107504.0,115840.0,126850.0,236475.0,91311.0,224611.0,16.1227,0.000524,204722.2,10.6134,0.000281,144489.2,7.5189,0.000147,137678.0,5.2606,9.5e-05,125607.05,4.3246,7.5e-05,134483.3,2.6928,4.9e-05
20261008,4557,永新-KY,52175.0,52546.0,43362.0,53762.0,40824.0,35344.0,56850.0,34834.0,25316.0,45139.0,64252.0,50076.0,29292.0,107557.0,28468.0,90091.0,17259.0,16101.0,93057.0,22338.0,27513.0,45463.0,25837.0,43716.0,19635.0,18774.0,60085.0,61995.0,174640.0,27092.0,49361.0,35.2336,0.000252,48533.8,21.5005,0.000135,44015.2,11.8539,7e-05,47986.47,7.2486,4.6e-05,47932.15,5.4426,3.6e-05,48779.77,3.5653,2.3e-05
20261008,4560,強信-KY,189224.0,194000.0,236000.0,154144.0,460241.0,229000.0,367002.0,139100.0,462430.0,120000.0,242100.0,167001.0,173000.0,177061.0,180000.0,148107.0,229000.0,560010.0,465140.0,243010.0,187751.0,197151.0,337050.0,289020.0,372015.0,388100.0,414462.0,385443.0,549553.0,1158723.0,206408.0,30.5582,0.000914,246721.8,15.3391,0.00049,255114.1,7.4172,0.000255,232686.87,5.4214,0.000166,256778.5,3.6846,0.00013,313827.93,2.0098,8.5e-05
20261008,4562,穎漢,68965.0,103371.0,140908.0,134911.0,324062.0,114402.0,153575.0,103878.0,65496.0,70961.0,154153.0,209540.0,93725.0,168525.0,96559.0,142877.0,101691.0,87136.0,130403.0,144181.0,103634.0,170801.0,145272.0,185616.0,104583.0,125168.0,78308.0,90590.0,234615.0,92722.0,104414.67,22.0164,0.000333,154443.4,8.9308,0.000178,128052.9,5.3857,9.3e-05,133535.4,3.443,6.1e-05,130465.95,2.643,4.8e-05,131354.27,1.7501,3.1e-05
20261008,4564,元翎,1269273.0,495232.0,572456.0,873605.0,565394.0,332041.0,570788.0,447952.0,268356.0,411303.0,439074.0,704107.0,516385.0,462448.0,494434.0,496241.0,289434.0,499785.0,605596.0,653887.0,821169.0,936395.0,1214549.0,1174601.0,683604.0,601008.0,577059.0,928748.0,904977.0,639859.0,778987.0,54.313,0.006128,755192.0,33.6146,0.003285,580640.0,21.8599,0.001712,561523.2,15.0694,0.001115,548389.55,11.5727,0.000874,648325.33,6.5259,0.000569
20261008,4566,時碩工業,2059570.0,2485046.0,2770788.0,4408037.0,1855390.0,3816528.0,3316709.0,6270637.0,7828463.0,1487859.0,611536.0,698873.0,466997.0,737219.0,442064.0,447348.0,641366.0,918609.0,1696355.0,556144.0,647852.0,514197.0,556332.0,1571746.0,839387.0,729298.0,942658.0,1829320.0,1575695.0,1523623.0,2438468.0,28.1539,0.009943,2715766.2,15.1675,0.00533,3629902.7,5.6739,0.002778,2617047.73,5.2465,0.00181,2175776.9,4.733,0.001419,1808188.2,3.7967,0.000923
20261008,4569,六方科-KY,11245.0,160895.0,33872.0,100842.0,97693.0,19365.0,28293.0,35115.0,28158.0,12241.0,24733.0,60297.0,41237.0,92827.0,22585.0,41611.0,37581.0,93667.0,79388.0,244431.0,95974.0,164814.0,267754.0,336382.0,311447.0,144966.0,259066.0,221173.0,31024.0,87128.0,68670.67,5.4584,5.4e-05,80909.4,2.7797,2.9e-05,52771.9,2.1309,1.5e-05,51293.2,1.4615,1e-05,63303.8,0.8882,8e-06,106193.47,0.353,5e-06
20261008,4571,鈞興-KY,83578.0,51868.0,82264.0,109326.0,63548.0,56720.0,97627.0,46746.0,61006.0,70510.0,140965.0,113014.0,49916.0,55325.0,53184.0,98967.0,78239.0,118528.0,89225.0,278734.0,92157.0,152117.0,235470.0,195023.0,93199.0,68000.0,156640.0,94698.0,148844.0,82612.0,72570.0,38.3896,0.000404,78116.8,21.3982,0.000216,72319.3,11.5568,0.000113,75706.47,7.3598,7.3e-05,89964.5,4.6451,5.8e-05,103935.0,2.6805,3.7e-05
20261008,4572,駐龍,2329.0,20357.0,17664.0,12254.0,15276.0,11521.0,14722.0,15872.0,16094.0,25659.0,23876.0,8258.0,16713.0,15415.0,7721.0,14426.0,28267.0,25938.0,5603.0,9360.0,19554.0,34642.0,2537.0,12144.0,11385.0,27191.0,62805.0,5099.0,8184.0,11060.0,13450.0,5.772,1.1e-05,13576.0,3.4311,6e-06,15174.8,1.5348,3e-06,14915.4,1.041,2e-06,15366.25,0.7578,2e-06,16730.87,0.464,1e-06
20261008,4576,大銀微系統,615355.0,1740797.0,939386.0,1918300.0,1209388.0,1065162.0,2005719.0,2503523.0,810171.0,1999614.0,1065758.0,1595336.0,2055799.0,1365542.0,1353618.0,1857842.0,2983328.0,3945958.0,2857031.0,4290540.0,4225651.0,6096261.0,3520267.0,9012781.0,7351242.0,3703735.0,1246830.0,1949063.0,2595106.0,1034928.0,1098512.67,18.6724,0.002971,1284645.2,9.5802,0.001593,1480741.5,4.1557,0.00083,1482897.87,2.7665,0.000541,1908908.35,1.6118,0.000424,2630467.7,0.7798,0.000276
20261008,4581,光隆精密-KY,300.0,14013.0,8000.0,7017.0,6000.0,3045.0,12000.0,1000.0,1000.0,2000.0,2000.0,8000.0,2000.0,16003.0,13001.0,7040.0,3084.0,6020.0,10000.0,8247.0,434.0,6100.0,5149.0,1000.0,2004.0,0.0,10222.0,10067.0,13115.0,4120.0,7437.67,1.3445,1e-06,7066.0,0.8491,1e-06,5437.5,0.5517,0.0,6358.6,0.3145,0.0,6488.5,0.2312,0.0,6066.03,0.1649,0.0
20261008,4582,聚恆-創,27689.0,48468.0,118842.0,141169.0,76585.0,33230.0,132010.0,23001.0,14400.0,31100.0,47000.0,49675.0,18560.0,54017.0,27691.0,51198.0,86842.0,80285.0,57602.0,55158.0,42806.0,105525.0,52250.0,34030.0,102560.0,42200.0,41090.0,28100.0,49400.0,112658.0,64999.67,14.1996,0.000134,82550.6,6.7084,7.2e-05,64649.4,4.2829,3.7e-05,56229.13,3.2829,2.4e-05,58726.1,2.3575,1.9e-05,59504.7,1.5511,1.2e-05
20261008,4583,台灣精銳,156361.0,79627.0,59695.0,124172.0,53531.0,79949.0,85489.0,38563.0,20683.0,18737.0,45215.0,40870.0,85606.0,101526.0,75432.0,69581.0,35737.0,56456.0,107311.0,96837.0,52009.0,80310.0,60070.0,92394.0,59120.0,69883.0,369410.0,74700.0,52233.0,51300.0,98561.0,52.8813,0.000755,94677.2,33.0303,0.000405,71680.7,21.8135,0.000211,71030.4,14.6755,0.000137,71568.9,10.9238,0.000108,79760.23,6.5346,7e-05
20261008,4585,達明,89050.0,73224.0,110391.0,171061.0,108887.0,96701.0,78377.0,130588.0,64201.0,69509.0,109744.0,75165.0,190352.0,275702.0,80312.0,190130.0,439740.0,774554.0,225299.0,278593.0,304054.0,271034.0,145138.0,288946.0,177944.0,246119.0,230585.0,142025.0,245016.0,169325.0,90888.33,32.6591,0.00043,110522.6,16.1144,0.00023,99198.9,8.9769,0.00012,114884.27,5.1675,7.8e-05,181579.0,2.4521,6.1e-05,195058.87,1.5218,4e-05
20261008,4588,玖鼎電力,27307.0,100389.0,32190.0,69263.0,50197.0,22386.0,34489.0,40000.0,24617.0,53701.0,112426.0,132669.0,77039.0,98191.0,100564.0,61042.0,287791.0,20206.0,7027.0,110331.0,37752.0,30489.0,40544.0,5218.0,28341.0,25474.0,50509.0,33449.0,55875.0,22072.0,53295.33,17.079,0.000132,55869.2,9.7753,7.1e-05,45453.9,6.0076,3.7e-05,65028.53,2.7995,2.4e-05,73091.25,1.868,1.9e-05,59718.27,1.5242,1.2e-05
20261008,4590,富田-創,82119.0,134324.0,169475.0,205802.0,101101.0,133483.0,118271.0,112776.0,189967.0,126205.0,242116.0,216801.0,175402.0,270459.0,247516.0,225421.0,197290.0,270976.0,314290.0,1165905.0,195382.0,186446.0,214565.0,290070.0,278420.0,220162.0,166521.0,243097.0,828668.0,236745.0,128639.33,21.2789,0.000396,138564.2,11.8528,0.000213,137352.3,5.9787,0.000111,168387.8,3.2512,7.2e-05,234984.95,1.7473,5.7e-05,251992.5,1.0863,3.7e-05
20261008,4720,德淵,10555256.0,12742306.0,4918016.0,9821341.0,3563435.0,304048.0,230066.0,383913.0,180299.0,365310.0,762236.0,2461400.0,616612.0,267246.0,183931.0,348727.0,222832.0,270594.0,296659.0,289756.0,277279.0,342130.0,287832.0,852582.0,252464.0,423492.0,540095.0,1244782.0,3395528.0,574121.0,9405192.67,37.4093,0.050959,8320070.8,25.373,0.027316,4306399.0,24.5106,0.014238,3157027.67,22.2894,0.009276,2439199.15,21.6367,0.007272,1899142.93,18.5263,0.004728
20261008,4722,國精化,1753043.0,2837011.0,1661407.0,6480618.0,4598483.0,2273814.0,647858.0,633493.0,767926.0,360697.0,496633.0,1300758.0,1791803.0,837745.0,630526.0,1243585.0,936019.0,939412.0,879286.0,467299.0,1129829.0,597461.0,391934.0,511628.0,514617.0,764950.0,469631.0,549450.0,630184.0,797526.0,2083820.33,28.0421,0.008463,3466112.4,10.1153,0.004537,2201435.0,7.9632,0.002365,1804787.67,6.4755,0.001541,1576870.8,5.5586,0.001208,1263154.2,4.6261,0.000785
20261008,4736,泰博,470708.0,229040.0,95025.0,126039.0,104711.0,97667.0,151308.0,140135.0,174852.0,73737.0,142997.0,256420.0,307272.0,322400.0,152975.0,126080.0,183994.0,156507.0,186944.0,180826.0,260921.0,447902.0,154800.0,293279.0,231454.0,355236.0,727087.0,329732.0,640687.0,708438.0,264924.33,59.2255,0.002273,205104.6,45.8993,0.001218,166322.2,28.301,0.000635,189685.73,16.5434,0.000414,183981.85,12.7922,0.000324,260972.43,6.0122,0.000211
20261008,4737,華廣,18015.0,45257.0,24014.0,44004.0,50184.0,38645.0,46490.0,21141.0,70457.0,43007.0,23662.0,52029.0,61578.0,155714.0,346016.0,62037.0,210932.0,78085.0,81249.0,98306.0,82691.0,158485.0,209634.0,62011.0,53200.0,67923.0,54002.0,121001.0,29320.0,43792.0,29095.33,20.639,8.7e-05,36294.8,9.927,4.7e-05,40121.4,4.4901,2.4e-05,69347.53,1.7319,1.6e-05,78541.1,1.1469,1.2e-05,81762.7,0.7344,8e-06
20261008,4739,康普,967973.0,2530534.0,1107030.0,1250695.0,1478763.0,1654514.0,4293114.0,1792925.0,409578.0,499355.0,728614.0,838886.0,771170.0,2100657.0,596773.0,555466.0,661074.0,1307360.0,1739135.0,4652983.0,667204.0,662251.0,589799.0,1167720.0,1240855.0,1413262.0,1077092.0,1159005.0,2689508.0,2442470.0,1535179.0,21.0176,0.004673,1466999.0,13.1966,0.002505,1598448.1,6.0557,0.001306,1401372.07,4.6049,0.000851,1496829.95,3.2334,0.000667,1434858.83,2.2487,0.000434
20261008,4746,台耀,796418.0,474740.0,894308.0,784482.0,674570.0,444421.0,1019870.0,873374.0,644992.0,893123.0,926534.0,436677.0,831499.0,1154637.0,290463.0,361971.0,362984.0,518291.0,524866.0,470788.0,823677.0,862577.0,856389.0,1197379.0,1111830.0,692302.0,713708.0,503577.0,468624.0,889713.0,721822.0,36.7781,0.003845,724903.6,21.9731,0.002061,750029.8,10.6185,0.001074,742673.87,7.1491,0.0007,668950.4,5.9527,0.000549,716626.13,3.7045,0.000357
20261008,4755,三福化,754880.0,1603833.0,1101751.0,253901.0,893733.0,155047.0,261884.0,196326.0,79103.0,47910.0,94979.0,360976.0,378989.0,126066.0,100132.0,87341.0,131487.0,311398.0,70814.0,194108.0,285434.0,123778.0,77118.0,202759.0,62169.0,139698.0,154808.0,400423.0,277745.0,356667.0,1153488.0,21.8144,0.003644,921619.6,16.3816,0.001954,534836.8,14.1142,0.001018,427300.67,11.7775,0.000663,360232.9,10.4777,0.00052,309508.57,8.1299,0.000338
20261008,4763,材料*-KY,5175182.0,4816814.0,3754471.0,6246002.0,4011848.0,11589391.0,11831200.0,6564454.0,7023719.0,12086524.0,15801826.0,17213150.0,16776030.0,7501706.0,8644639.0,8910769.0,7099162.0,3338500.0,5118797.0,6089749.0,5671156.0,6183590.0,4973396.0,11725611.0,16192430.0,14319214.0,4281641.0,3291113.0,5308274.0,7471377.0,4582155.67,37.6474,0.024985,4800863.4,21.5594,0.013393,7309960.5,7.0796,0.006981,9269130.4,3.7222,0.004548,8479696.65,3.0515,0.003565,8300391.17,2.0783,0.002318
20261008,4764,雙鍵,1656408.0,3077189.0,1635290.0,3074821.0,1493882.0,1155256.0,1350451.0,1162027.0,1145874.0,887057.0,975434.0,599557.0,662247.0,1581667.0,326420.0,372450.0,404425.0,472631.0,448011.0,692255.0,733389.0,451206.0,1167672.0,1961994.0,1020400.0,1638373.0,1305867.0,2855491.0,1686067.0,1782913.0,2122962.33,26.0078,0.007997,2187518.0,15.1442,0.004287,1663825.5,9.9554,0.002234,1385572.0,7.9698,0.001456,1158667.6,7.1479,0.001141,1259224.13,4.3847,0.000742
20261008,4766,南寶,109770.0,259704.0,196808.0,145248.0,410254.0,73624.0,84164.0,75315.0,70421.0,68773.0,81437.0,57625.0,139877.0,179460.0,80283.0,100253.0,84070.0,96565.0,127807.0,149633.0,139314.0,150921.0,94278.0,135747.0,158035.0,196516.0,246738.0,123489.0,122097.0,112924.0,188760.67,19.3843,0.00053,224356.8,9.7853,0.000284,149408.1,7.347,0.000148,135517.53,5.4,9.6e-05,129554.55,4.2364,7.6e-05,135705.0,2.6963,4.9e-05
20261008,4770,上品,1932651.0,415240.0,708593.0,915889.0,670115.0,871633.0,1405600.0,2148058.0,4524054.0,3344195.0,949020.0,1909144.0,2133247.0,1415362.0,170390.0,292874.0,281254.0,630760.0,605237.0,1370326.0,515629.0,1370362.0,882741.0,280635.0,253709.0,838187.0,1133586.0,747929.0,375749.0,213200.0,1018828.0,63.2312,0.009331,928497.6,41.6296,0.005002,1693602.8,11.4115,0.002607,1567546.07,8.2194,0.001698,1334682.1,7.2401,0.001331,1110178.97,5.8028,0.000866
20261008,4771,望隼,68758.0,145123.0,130098.0,198127.0,235504.0,51963.0,117834.0,76634.0,128002.0,140465.0,171620.0,365558.0,459665.0,593144.0,159108.0,193385.0,45628.0,109742.0,226578.0,148194.0,355982.0,148388.0,119957.0,197735.0,131448.0,237081.0,607455.0,217639.0,407010.0,508114.0,114659.67,19.989,0.000332,155522.0,8.8422,0.000178,129250.8,5.3197,9.3e-05,202773.53,2.2606,6e-05,188256.5,1.8262,4.7e-05,223197.97,1.0269,3.1e-05
20261008,4807,日成-KY,538643.0,174830.0,407925.0,304648.0,93612.0,60509.0,129235.0,59195.0,78769.0,100009.0,175766.0,122142.0,189760.0,260679.0,1135477.0,372346.0,98970.0,226264.0,108787.0,175071.0,183312.0,235527.0,252786.0,62432.0,52817.0,56691.0,94888.0,107569.0,53562.0,144823.0,373799.33,48.0332,0.0026,303931.6,35.445,0.001394,194737.5,27.66,0.000727,255413.27,14.0594,0.000473,240631.85,11.1923,0.000371,201901.47,8.8928,0.000241
20261008,4904,遠傳,5949925.0,3772718.0,2752559.0,6052583.0,4014485.0,3201796.0,6217738.0,5442744.0,1985784.0,3732583.0,2638062.0,3630994.0,12676593.0,7012403.0,6256302.0,4578462.0,2183218.0,2828853.0,2255404.0,4221641.0,3937909.0,5386241.0,3337751.0,3510171.0,9678275.0,3565741.0,9105155.0,6251598.0,3626406.0,6238470.0,4158400.67,47.694,0.028725,4508454.0,26.3945,0.015398,4312291.5,13.7976,0.008026,5022484.6,7.8977,0.005229,4570242.35,6.5094,0.004099,4868085.47,4.0741,0.002665
20261008,4906,正文,5890437.0,14425584.0,18600483.0,18583054.0,13521119.0,11744264.0,17574239.0,13404590.0,2374151.0,5992660.0,17451931.0,10235573.0,5500298.0,2974549.0,2210534.0,2574071.0,1766704.0,2421158.0,1978391.0,2658093.0,4312150.0,3449492.0,5952016.0,5107223.0,7986812.0,17547363.0,10004128.0,11607235.0,13206181.0,10273769.0,12972168.0,15.1361,0.028438,14204135.4,8.294,0.015244,12211058.1,4.8239,0.007946,10698897.73,3.6704,0.005177,8594094.15,3.427,0.004058,8710941.73,2.254,0.002639
20261008,4912,聯德控股-KY,906641.0,620411.0,454196.0,1620147.0,708989.0,1798906.0,999173.0,336807.0,373546.0,314008.0,362425.0,691649.0,587382.0,686951.0,387030.0,194218.0,238664.0,308521.0,607634.0,958926.0,377069.0,577598.0,1168288.0,970665.0,1457136.0,1052502.0,736699.0,1734682.0,2418654.0,324121.0,660416.0,45.7611,0.004377,862076.8,21.0339,0.002346,813282.4,11.1479,0.001223,723217.4,8.3575,0.000797,657811.2,6.8913,0.000625,799121.27,3.7818,0.000406
20261008,4915,致伸,2530183.0,2407663.0,1448168.0,1934585.0,2611056.0,2662280.0,1919020.0,1749925.0,1492781.0,1847872.0,2175407.0,2759607.0,5517172.0,5324145.0,9537941.0,8267711.0,13116342.0,4011438.0,5773412.0,3975051.0,1685600.0,1787063.0,2126259.0,2285577.0,2002757.0,1401492.0,1419315.0,1345755.0,2406623.0,1353267.0,2128671.33,39.6207,0.012215,2186331.0,23.1455,0.006548,2060353.3,12.2803,0.003413,3061187.0,5.5102,0.002224,4053087.95,3.1213,0.001743,3295848.9,2.559,0.001133
20261008,4916,事欣科,1647755.0,12878549.0,5528984.0,3880359.0,2636368.0,1928234.0,2099007.0,962674.0,2855025.0,2917686.0,2514373.0,3951443.0,15854725.0,4563455.0,536437.0,684396.0,720678.0,1564404.0,1067556.0,785494.0,1393046.0,944260.0,963654.0,2064632.0,1409523.0,1304342.0,1488072.0,1910323.0,3902789.0,2300950.0,6685096.0,8.2161,0.007955,5314403.0,6.2011,0.004264,3733464.1,4.4135,0.002223,4317004.93,2.5446,0.001448,3478880.1,2.3682,0.001135,2908639.77,1.8883,0.000738
20261008,4919,新唐,14944364.0,26226063.0,11383749.0,31573293.0,57349128.0,21151511.0,13131385.0,9319257.0,14436318.0,43702865.0,31470265.0,21754489.0,6752199.0,2095303.0,2771263.0,2297812.0,3067421.0,2474731.0,1609909.0,1860693.0,2625723.0,3275935.0,1945505.0,2315891.0,1426053.0,2541694.0,1982506.0,2799158.0,2349756.0,2796717.0,17518058.67,28.4361,0.072149,28295319.4,10.5631,0.038675,24321793.3,6.1444,0.020159,20537430.13,4.8511,0.013134,15968600.9,4.6793,0.010295,11447698.53,4.3515,0.006695
20261008,4927,泰鼎-KY,13275749.0,27695654.0,28658017.0,8516050.0,17406916.0,1834309.0,3204069.0,1936781.0,3046929.0,4126127.0,3713312.0,4271157.0,4819377.0,6486759.0,2927230.0,1538858.0,1794524.0,1805392.0,2441660.0,4060149.0,7483397.0,6268476.0,2401251.0,4106241.0,6930586.0,4442337.0,5683301.0,11801891.0,11969946.0,4681244.0,23209806.67,19.0663,0.064093,19110477.2,13.8937,0.034357,10970060.1,12.1018,0.017908,8794562.4,10.0636,0.011667,7177950.95,9.2476,0.009146,6977589.63,6.3421,0.005947
20261008,4930,燦星網,139642.0,5545.0,68436.0,7737.0,90494.0,32140.0,12846.0,14291.0,10261.0,12721.0,22689.0,283465.0,277047.0,113425.0,171873.0,3334.0,3655.0,228867.0,6737.0,11598.0,6961.0,21645.0,12762.0,17814.0,7153.0,23175.0,21321.0,9396.0,32769.0,9850.0,71207.67,65.3684,0.000674,62370.8,44.778,0.000361,39411.3,35.432,0.000188,84174.13,11.0598,0.000123,75840.15,9.2063,9.6e-05,55988.3,8.3138,6.3e-05
20261008,4934,太極,4681151.0,1234108.0,778127.0,941148.0,393968.0,487149.0,945249.0,192772.0,324032.0,394894.0,982369.0,963475.0,397421.0,376470.0,345855.0,297752.0,206706.0,427016.0,276568.0,311798.0,272653.0,414946.0,404998.0,505087.0,245787.0,375451.0,355112.0,318933.0,471132.0,333455.0,2231128.67,69.937,0.0226,1605700.4,58.3067,0.012115,1037259.8,45.13,0.006315,895879.2,34.8347,0.004114,747901.4,31.2952,0.003225,621852.73,25.0925,0.002097
20261008,4935,茂林-KY,455746.0,36341.0,120978.0,247065.0,57476.0,131289.0,91355.0,59283.0,54271.0,82715.0,134786.0,94259.0,409575.0,133993.0,106682.0,118973.0,82275.0,116283.0,160011.0,83043.0,77227.0,111192.0,118198.0,95200.0,35320.0,60639.0,83530.0,95307.0,149192.0,71374.0,204355.0,74.3389,0.0022,183521.2,49.6669,0.001179,133651.9,34.0995,0.000615,147720.93,20.5679,0.000401,138819.95,16.415,0.000314,122452.6,12.4061,0.000204
20261008,4938,和碩,4938548.0,3371719.0,5831639.0,4424512.0,4521969.0,6887853.0,11785297.0,11561261.0,7881615.0,9342095.0,8368084.0,5939887.0,9060950.0,7287528.0,6698604.0,7402017.0,4745706.0,6247357.0,5688311.0,6489639.0,11774680.0,12701722.0,18644249.0,9098623.0,6619109.0,8007243.0,21640773.0,6515496.0,4099792.0,6068292.0,4713968.67,34.9214,0.023843,4617677.4,21.3897,0.012781,7054650.8,7.0004,0.006662,7193437.4,4.5769,0.00434,6923729.55,3.5664,0.003402,8121485.67,2.0269,0.002212
20261008,4942,嘉彰,24010.0,65102.0,61119.0,261238.0,107055.0,89195.0,89065.0,45000.0,26707.0,60496.0,177037.0,50788.0,99360.0,114559.0,234024.0,107824.0,66739.0,144998.0,109572.0,64458.0,99851.0,92451.0,33516.0,52075.0,92000.0,79830.0,38717.0,79071.0,62616.0,52407.0,50077.0,15.9821,0.000116,103704.8,4.6305,6.2e-05,82898.7,2.8963,3.2e-05,100317.0,1.5956,2.1e-05,99917.3,1.2015,1.7e-05,89362.67,0.8956,1.1e-05
20261008,4943,康控-KY,12761.0,14985.0,39537.0,36612.0,66281.0,50554.0,8611.0,16653.0,8959.0,65927.0,18281.0,18991.0,57777.0,22701.0,36503.0,8485.0,75716.0,10668.0,34197.0,42287.0,49548.0,169334.0,158672.0,120641.0,60001.0,18180.0,17268.0,31283.0,22987.0,20264.0,22427.67,18.9662,6.2e-05,34035.2,7.4987,3.3e-05,32088.0,3.9769,1.7e-05,31675.53,2.6858,1.1e-05,32324.3,1.9739,9e-06,43822.13,0.9707,6e-06
20261008,4949,有成精密,2358162.0,2167866.0,2966315.0,2937766.0,488501.0,269362.0,382077.0,499018.0,238177.0,344448.0,829985.0,1400509.0,267424.0,629154.0,218795.0,371204.0,736607.0,1073623.0,300151.0,353342.0,333569.0,387145.0,666291.0,1607862.0,3472750.0,1974151.0,1307947.0,760784.0,1319802.0,458002.0,2497447.67,31.4743,0.011385,2183722.0,21.5976,0.006103,1265169.2,18.6391,0.003181,1066503.93,14.7408,0.002072,941624.3,12.5218,0.001625,1037359.63,7.5774,0.001056
20261008,4952,凌通,139652.0,215058.0,175542.0,261855.0,361631.0,304454.0,152291.0,115759.0,112021.0,117237.0,359816.0,222650.0,202847.0,172696.0,151140.0,180271.0,128795.0,191547.0,300572.0,280927.0,439269.0,298136.0,180511.0,313060.0,142471.0,278825.0,271179.0,280400.0,635549.0,459029.0,176750.67,26.3369,0.000674,230747.6,12.1043,0.000361,195550.0,7.1415,0.000188,204309.93,4.5569,0.000123,207338.05,3.3677,9.6e-05,248173.0,1.8757,6.3e-05
20261008,4956,光鋐,4155871.0,3438846.0,7462727.0,12675550.0,9885585.0,21286091.0,30014622.0,16057652.0,22783493.0,28884688.0,23195519.0,27061766.0,23944980.0,8496611.0,7633753.0,1010476.0,1702877.0,1323223.0,1094077.0,1440534.0,1610806.0,4125899.0,5271439.0,2671227.0,2237715.0,2533476.0,2626313.0,5714283.0,4107432.0,9758595.0,5019148.0,27.6001,0.020064,7523715.8,11.0474,0.010755,15664512.5,2.653,0.005606,16465183.6,1.6827,0.003652,12677447.05,1.6391,0.002863,9806870.87,1.4126,0.001862
20261008,4958,臻鼎-KY,33690659.0,35265114.0,40603476.0,56786688.0,69348102.0,31694640.0,30846660.0,41991459.0,20619766.0,39517300.0,45198008.0,26718285.0,29899628.0,26008525.0,21886748.0,19168557.0,18946773.0,18746769.0,16351309.0,18639881.0,33442577.0,34247775.0,33930146.0,40982476.0,29619988.0,71767430.0,49093086.0,34242675.0,27307289.0,14315952.0,36519749.67,30.7511,0.162654,47138807.8,14.2942,0.087189,40036386.4,8.415,0.045447,36671670.53,6.1247,0.029608,32096417.35,5.2484,0.02321,33695924.7,3.3328,0.015092
20261008,4960,誠美材,2386573.0,1854745.0,2510253.0,5141054.0,5244982.0,5391096.0,9365650.0,5046690.0,2974800.0,5690438.0,11027992.0,10818233.0,19107976.0,7450308.0,1719437.0,1915556.0,1117203.0,1259946.0,1335094.0,1383561.0,1561141.0,1219728.0,1159961.0,2805170.0,1606062.0,1319654.0,2194414.0,2388245.0,3054744.0,4621917.0,2250523.67,35.3484,0.011522,3427521.4,13.9259,0.006176,4560628.1,5.233,0.003219,6382015.13,2.493,0.002097,5137079.35,2.3229,0.001644,4155754.1,1.9143,0.001069
20261008,4961,天鈺,500614.0,1320564.0,1204848.0,926608.0,1175838.0,2413984.0,1363490.0,1610173.0,430723.0,559217.0,946443.0,699260.0,1228112.0,1702024.0,1833790.0,1273246.0,1394040.0,691906.0,633388.0,1432999.0,3232322.0,293157.0,342104.0,620585.0,1073788.0,756831.0,781929.0,492509.0,209207.0,199842.0,1008675.33,16.5436,0.002417,1025694.4,9.7615,0.001296,1150605.9,4.3509,0.000675,1194379.2,2.7943,0.00044,1167063.35,2.1448,0.000345,1044784.7,1.5972,0.000224
20261008,4967,十銓,2190765.0,1388324.0,1933081.0,2556228.0,1321488.0,1098693.0,1312927.0,572713.0,1081769.0,1215890.0,1821361.0,1625376.0,4140493.0,1803089.0,1951254.0,2851415.0,2704918.0,3105493.0,2438528.0,4793931.0,7121214.0,3402723.0,2395597.0,5011144.0,5863812.0,4722023.0,2627769.0,2660574.0,4770114.0,2741103.0,1837390.0,39.7441,0.010577,1877977.2,23.3311,0.00567,1467187.8,14.9317,0.002955,1734230.07,8.4217,0.001925,2095386.8,5.2276,0.001509,2774126.97,2.6324,0.000981
20261008,4968,立積,243903.0,266920.0,445643.0,648319.0,1136293.0,2244713.0,669041.0,264713.0,207951.0,165251.0,385332.0,198593.0,341161.0,397661.0,217407.0,154292.0,319082.0,236603.0,230269.0,231566.0,408887.0,257812.0,205051.0,361525.0,313574.0,374941.0,296027.0,351094.0,264916.0,494273.0,318822.0,25.5004,0.001178,548215.6,8.8981,0.000631,629274.7,3.8759,0.000329,522193.4,3.1138,0.000214,450235.65,2.7086,0.000168,411093.77,1.9777,0.000109
20261008,4976,佳凌,829556.0,803719.0,1831120.0,2705181.0,461081.0,847068.0,552113.0,455830.0,528809.0,662568.0,882227.0,879122.0,930903.0,927355.0,2182767.0,783006.0,1274281.0,1189067.0,1179041.0,1447428.0,1726227.0,2668683.0,2910101.0,12436263.0,12907098.0,2231566.0,1612383.0,3490384.0,8690775.0,9665517.0,1154798.33,23.9452,0.004005,1326131.4,12.5109,0.002147,967704.5,8.5724,0.001119,1031961.27,5.3591,0.000729,1067612.1,3.8851,0.000571,2656374.63,1.041,0.000372
20261008,4977,眾達-KY,1461054.0,6153338.0,1853776.0,4552619.0,5207603.0,1199078.0,2213717.0,1245907.0,962856.0,1549244.0,2483549.0,1462152.0,3420485.0,6116371.0,5346322.0,2090246.0,1991220.0,3931111.0,3408383.0,4955917.0,2716824.0,4658535.0,6114009.0,6148309.0,6016083.0,6878283.0,3005963.0,3489659.0,10551960.0,7963102.0,3156056.0,15.4312,0.007054,3845678.0,7.5984,0.003781,2639919.2,5.5345,0.001971,3015204.73,3.2304,0.001284,3080247.4,2.3717,0.001007,3971589.17,1.2263,0.000655
20261008,4989,榮科,23775247.0,23621619.0,30884872.0,19469537.0,7789340.0,1665543.0,2282700.0,1431027.0,1972543.0,1823055.0,2184268.0,1394120.0,1871051.0,3294222.0,2313672.0,2251477.0,3185644.0,2477255.0,4872263.0,1736758.0,2454256.0,2697045.0,2536700.0,4727679.0,2895937.0,5185141.0,5652636.0,15471541.0,12459737.0,7774622.0,26093912.67,30.3714,0.114783,21108123.0,22.5271,0.061529,11471548.3,20.7254,0.032071,8384854.4,18.9033,0.020894,7014810.65,16.9465,0.016379,6738383.57,11.7611,0.010651
20261008,4994,傳奇,10191.0,6666.0,32980.0,22581.0,96382.0,10235.0,12902.0,8694.0,10616.0,19006.0,8001.0,26066.0,54160.0,15556.0,2000.0,7212.0,11505.0,3809.0,16213.0,16003.0,6687.0,16153.0,13010.0,6000.0,9305.0,7011.0,18289.0,5225.0,10703.0,16124.0,16612.33,20.4487,4.9e-05,33760.0,6.0373,2.6e-05,23025.3,4.426,1.4e-05,22402.4,3.0327,9e-06,19538.9,2.6079,7e-06,16642.83,2.0411,5e-06
20261008,4999,鑫禾,72362.0,53337.0,34384.0,47155.0,249825.0,68134.0,36315.0,37859.0,11203.0,59360.0,90264.0,36692.0,43320.0,62266.0,36320.0,10262.0,58142.0,21631.0,46075.0,58813.0,53875.0,40088.0,25049.0,53185.0,32855.0,13392.0,37591.0,30835.0,88987.0,31418.0,53361.0,45.2028,0.000349,91412.6,15.832,0.000187,66993.4,10.8014,9.8e-05,62586.4,7.708,6.4e-05,56685.95,6.3827,5e-05,51366.47,4.6958,3.2e-05
20261008,5007,三星,6070.0,7259.0,41342.0,24168.0,13129.0,8786.0,86561.0,42297.0,66094.0,60375.0,6567.0,18356.0,25074.0,19177.0,32010.0,22104.0,25520.0,28121.0,178016.0,26764.0,54849.0,110153.0,25000.0,11042.0,12068.0,79089.0,50054.0,13163.0,17291.0,25268.0,18223.67,11.1028,2.9e-05,18393.6,6.6001,1.6e-05,35608.1,1.7047,8e-06,30484.33,1.3275,5e-06,36889.5,0.8227,4e-06,37858.9,0.5344,3e-06
20261008,5203,訊連,273804.0,373375.0,146896.0,488619.0,61552.0,69274.0,82172.0,147899.0,67344.0,32459.0,66810.0,47034.0,164544.0,113822.0,123745.0,162501.0,161856.0,71930.0,112209.0,133016.0,239909.0,116488.0,97383.0,83239.0,58306.0,62942.0,112071.0,92606.0,210968.0,91582.0,264691.67,34.4809,0.001322,268849.2,20.3686,0.000709,174339.4,15.7052,0.000369,150623.27,12.1187,0.000241,145043.05,9.4387,0.000189,135545.17,6.7334,0.000123
20261008,5215,科嘉-KY,10151.0,22900.0,21030.0,31093.0,12601.0,31621.0,14700.0,30159.0,20000.0,14492.0,18000.0,34234.0,13355.0,22903.0,33935.0,32355.0,36200.0,49725.0,22354.0,14046.0,30988.0,21100.0,26409.0,18325.0,25177.0,25407.0,64260.0,39340.0,21589.0,303770.0,18027.0,18.77,4.9e-05,19555.0,10.382,2.6e-05,20874.7,4.8628,1.4e-05,22078.27,3.0652,9e-06,24292.7,2.0893,7e-06,35407.3,0.9556,5e-06
20261008,5222,全訊,215855.0,311697.0,465044.0,176202.0,200014.0,118037.0,134599.0,159423.0,113167.0,126812.0,185976.0,281650.0,174178.0,135731.0,71653.0,135048.0,107732.0,176204.0,134197.0,137242.0,165821.0,144019.0,153687.0,201173.0,145018.0,173471.0,167896.0,310139.0,317456.0,155731.0,330865.33,21.7465,0.001042,273762.4,15.7695,0.000559,202085.0,10.6814,0.000291,191335.87,7.521,0.00019,178023.05,6.0626,0.000149,183162.4,3.9283,9.7e-05
20261008,5225,東科-KY,781944.0,252452.0,303257.0,253263.0,78050.0,64304.0,94519.0,116342.0,116779.0,148449.0,142404.0,177660.0,94571.0,80681.0,181936.0,152923.0,204250.0,288538.0,301349.0,357785.0,364090.0,591260.0,1162649.0,179001.0,77889.0,122830.0,123965.0,266168.0,258748.0,286530.0,445884.33,58.4564,0.003775,333793.2,46.852,0.002024,220935.9,35.3923,0.001055,192440.73,27.0887,0.000687,209572.8,18.6557,0.000539,254152.87,10.2556,0.00035
20261008,5234,達興材料,842776.0,1778116.0,1407098.0,489838.0,741353.0,458163.0,1311283.0,635167.0,103977.0,174819.0,211656.0,154000.0,201036.0,299522.0,119659.0,146939.0,107659.0,320279.0,294827.0,147361.0,189626.0,219593.0,229981.0,326185.0,211723.0,308252.0,304723.0,370481.0,221183.0,227961.0,1342663.33,20.923,0.004069,1051836.2,16.0249,0.002181,794259.0,10.6108,0.001137,595230.87,9.4392,0.000741,497276.4,8.4739,0.000581,418507.87,6.7125,0.000378
20261008,5236,凌陽創新,102066.0,146697.0,377583.0,142449.0,84722.0,65712.0,106889.0,48510.0,49832.0,64826.0,104676.0,45797.0,61787.0,69285.0,62521.0,38973.0,65672.0,157267.0,49781.0,44284.0,105112.0,59919.0,112420.0,77258.0,192973.0,85029.0,118549.0,81122.0,108160.0,104680.0,208782.0,16.2955,0.000493,170703.4,11.9583,0.000264,118928.6,8.5821,0.000138,102223.47,6.6564,9e-05,94466.45,5.4022,7e-05,97818.37,3.4781,4.6e-05
20261008,5243,乙盛-KY,8145925.0,1654510.0,2724650.0,1920258.0,1201056.0,1158249.0,1599795.0,593023.0,570817.0,655551.0,840469.0,557156.0,592159.0,1364841.0,556123.0,607190.0,568415.0,802438.0,932467.0,565171.0,1133051.0,2774701.0,753864.0,890385.0,680983.0,844076.0,870161.0,3001904.0,1267718.0,768477.0,4175028.33,65.0369,0.039327,3129279.8,52.0626,0.021081,2022383.4,40.2788,0.010988,1608972.13,33.7521,0.007159,1380513.15,29.5033,0.005612,1353186.1,20.066,0.003649
20261008,5244,弘凱,3110421.0,2240895.0,443593.0,346835.0,641544.0,48300.0,63010.0,81001.0,69528.0,100453.0,143797.0,243792.0,477052.0,253798.0,177558.0,58248.0,181723.0,70142.0,149711.0,74113.0,114214.0,275001.0,143122.0,196691.0,116500.0,118324.0,148896.0,85283.0,244353.0,231107.0,1931636.33,53.6751,0.015017,1356657.6,45.8542,0.00805,714558.0,43.5293,0.004196,562771.8,36.8464,0.002734,448775.7,34.6545,0.002143,354966.83,29.2086,0.001393
20261008,5258,虹堡,170268.0,204985.0,172200.0,245840.0,130668.0,236387.0,211970.0,113462.0,213538.0,490340.0,348660.0,369627.0,140320.0,326309.0,118667.0,137123.0,212019.0,768565.0,217743.0,164191.0,680239.0,445039.0,158918.0,361033.0,180190.0,208775.0,381268.0,531948.0,692176.0,218767.0,182484.33,31.1018,0.000822,184792.2,18.4281,0.000441,218965.8,7.776,0.00023,232882.73,4.8742,0.00015,249644.1,3.4102,0.000117,295041.17,1.9237,7.6e-05
20261008,5269,祥碩,419714.0,166797.0,318156.0,306940.0,254442.0,208165.0,321237.0,255261.0,285085.0,297298.0,452300.0,382204.0,775736.0,888674.0,1571251.0,283562.0,381292.0,506590.0,365647.0,293682.0,468647.0,327722.0,317637.0,532498.0,646366.0,635026.0,377044.0,403900.0,443537.0,622471.0,301555.67,46.3943,0.002026,293209.8,28.6289,0.001086,283309.5,14.8147,0.000566,460217.33,6.0799,0.000369,436701.65,4.8055,0.000289,450296.03,3.1069,0.000188
20261008,5283,禾聯碩,92592.0,32288.0,129615.0,156113.0,112580.0,18316.0,59873.0,36234.0,55976.0,70610.0,30216.0,72693.0,103579.0,39571.0,20063.0,23254.0,35446.0,81524.0,28885.0,59818.0,76378.0,80891.0,74382.0,117040.0,53759.0,36643.0,135681.0,379150.0,510875.0,139002.0,84831.67,36.3826,0.000447,104637.6,17.6977,0.00024,76419.7,12.1162,0.000125,68687.93,8.9867,8.1e-05,62962.3,7.353,6.4e-05,95434.9,3.234,4.1e-05
20261008,5284,jpp-KY,298462.0,359269.0,464995.0,277661.0,212857.0,160096.0,233706.0,260949.0,356041.0,250007.0,550582.0,197511.0,85127.0,232501.0,198723.0,207016.0,195496.0,296123.0,137003.0,143638.0,366710.0,1032297.0,948538.0,790708.0,901595.0,403959.0,239216.0,270433.0,221424.0,273877.0,374242.0,26.5837,0.001441,322648.8,18.5007,0.000772,287404.3,10.3847,0.000403,275899.13,7.2119,0.000262,255888.15,5.8319,0.000206,352217.33,2.8246,0.000134
20261008,5285,界霖,2498193.0,12538476.0,2709229.0,4730833.0,4941418.0,1550671.0,789941.0,781129.0,1236954.0,1526076.0,2089028.0,1787258.0,3063177.0,2105231.0,778833.0,1199764.0,1732852.0,747385.0,1905407.0,1088481.0,769712.0,628217.0,1524276.0,4511949.0,2605362.0,688303.0,734106.0,1192121.0,1909007.0,1583875.0,5915299.33,14.0776,0.012061,5483629.8,9.1115,0.006465,3330292.0,7.5014,0.00337,2875096.47,5.7927,0.002195,2490016.8,5.0164,0.001721,2198242.13,3.7882,0.001119
20261008,5288,豐祥-KY,78477.0,69531.0,81276.0,211918.0,131717.0,344431.0,377477.0,103079.0,101067.0,179277.0,70321.0,49150.0,205905.0,165937.0,50582.0,56501.0,52939.0,197949.0,92230.0,125804.0,120363.0,92039.0,68427.0,156379.0,49082.0,171472.0,105383.0,36563.0,42989.0,32357.0,76428.0,34.227,0.000379,114583.8,13.6977,0.000203,167825.0,4.6761,0.000106,148009.67,3.5348,6.9e-05,137278.4,2.8583,5.4e-05,120687.4,2.1675,3.5e-05
20261008,5292,華懋,538396.0,598168.0,262421.0,359880.0,251935.0,489503.0,335629.0,36861.0,29227.0,87229.0,66003.0,41600.0,63191.0,103193.0,121916.0,133494.0,100669.0,59343.0,66578.0,163364.0,79586.0,100228.0,80905.0,417545.0,475558.0,1082080.0,163423.0,268664.0,246349.0,224786.0,466328.33,38.4848,0.002599,402160.0,26.7752,0.001393,298924.9,18.0111,0.000726,225676.8,15.9046,0.000473,195430.0,13.7747,0.000371,234924.13,7.6393,0.000241
20261008,5306,桂盟,92262.0,137716.0,101191.0,78098.0,176060.0,186616.0,49644.0,49248.0,24687.0,64669.0,46682.0,51053.0,129394.0,52601.0,75173.0,45128.0,108624.0,408857.0,71616.0,76328.0,45655.0,56045.0,207714.0,131331.0,72825.0,109478.0,71850.0,40996.0,59490.0,37022.0,110389.67,27.8595,0.000445,117065.4,15.7625,0.000239,96019.1,9.6087,0.000124,87672.93,7.0156,8.1e-05,101282.35,4.5547,6.4e-05,95268.43,3.2281,4.1e-05
20261008,5388,中磊,1875896.0,4831924.0,1271102.0,1541060.0,1151325.0,2516492.0,1747043.0,2347623.0,1360869.0,1078057.0,1460640.0,1144838.0,1902797.0,2093845.0,1808126.0,1657783.0,1233523.0,2030590.0,3642279.0,1989934.0,4057357.0,1632581.0,2650839.0,5028064.0,1906533.0,2276326.0,2535881.0,1778427.0,2407979.0,2553064.0,2659640.67,23.5106,0.009057,2134261.4,17.5789,0.004855,1972139.1,9.512,0.00253,1875442.47,6.6683,0.001649,1934287.3,4.8491,0.001292,2183759.9,2.8634,0.00084
20261008,5434,崇越,528342.0,843184.0,1136747.0,1553309.0,1079002.0,750830.0,1043200.0,390228.0,234099.0,505712.0,528157.0,372313.0,860162.0,611175.0,723499.0,424026.0,726308.0,425342.0,360993.0,570691.0,577176.0,442355.0,644721.0,707339.0,521200.0,1037182.0,922941.0,283228.0,439631.0,521865.0,836091.0,21.064,0.002551,1028116.8,10.2779,0.001367,806465.3,6.5513,0.000713,743997.27,4.7343,0.000464,683365.95,3.8657,0.000364,658831.9,2.6731,0.000237
20261008,5469,瀚宇博,1679171.0,2777057.0,3929796.0,3805771.0,1637219.0,1285551.0,1291750.0,584373.0,491986.0,444885.0,1107174.0,769300.0,2260341.0,2251688.0,2173084.0,704295.0,884631.0,1025524.0,494686.0,799014.0,914139.0,678284.0,804330.0,1041089.0,611378.0,1142768.0,1064341.0,1756746.0,1291095.0,865014.0,2795341.33,20.0234,0.008107,2765802.8,12.1424,0.004346,1792755.9,9.3664,0.002265,1765943.07,6.3391,0.001476,1519864.8,5.5241,0.001157,1352216.0,4.1393,0.000752
20261008,5471,松翰,853047.0,471739.0,751775.0,923722.0,997610.0,784557.0,728369.0,521664.0,758373.0,918631.0,757007.0,770060.0,884539.0,582120.0,469283.0,692885.0,774596.0,1009528.0,1014008.0,1577479.0,4871986.0,2720356.0,1394477.0,1950245.0,1879549.0,3229033.0,2884189.0,4716492.0,7603031.0,7749749.0,692187.0,41.0798,0.004118,799578.6,21.3374,0.002208,770948.7,11.0649,0.001151,744833.07,7.6352,0.00075,812049.6,5.2524,0.000588,1841336.63,1.5443,0.000382
20261008,5484,慧友,87393.0,103194.0,170330.0,324159.0,206479.0,122331.0,176593.0,74494.0,83756.0,64492.0,174774.0,111050.0,105404.0,119140.0,127068.0,127616.0,107189.0,110596.0,394389.0,1066794.0,832855.0,101839.0,126932.0,223683.0,189702.0,116524.0,187711.0,176532.0,173908.0,181166.0,120305.67,24.2142,0.000422,178311.0,9.8023,0.000226,141322.1,6.184,0.000118,136710.47,4.2617,7.7e-05,192862.05,2.2657,6e-05,205603.1,1.4169,3.9e-05
20261008,5515,建國,308880.0,217501.0,593949.0,381124.0,475099.0,293058.0,329036.0,253867.0,555267.0,423470.0,287635.0,251087.0,585852.0,132159.0,282746.0,326001.0,220394.0,311325.0,994829.0,209648.0,211461.0,362816.0,420373.0,316769.0,175273.0,203016.0,404089.0,528079.0,726051.0,622282.0,373443.33,27.5704,0.001491,395310.6,15.6272,0.000799,383125.1,8.0621,0.000417,358048.67,5.7512,0.000271,371646.35,4.1556,0.000213,380104.53,2.7087,0.000138
20261008,5519,隆大,113787.0,153870.0,287455.0,451528.0,116402.0,77809.0,178645.0,147353.0,451181.0,245630.0,265241.0,215420.0,461616.0,199776.0,256380.0,261627.0,450198.0,431982.0,324465.0,229923.0,270007.0,806631.0,229512.0,331527.0,327985.0,218105.0,258731.0,373561.0,163183.0,157412.0,185037.33,20.498,0.000549,224608.4,10.132,0.000294,222366.0,5.1171,0.000153,241472.87,3.1415,0.0001,266014.4,2.1387,7.8e-05,281898.07,1.3455,5.1e-05
20261008,5521,工信,1111395.0,2572273.0,6710372.0,2688727.0,1310471.0,942139.0,799798.0,601362.0,745188.0,844658.0,2036920.0,1262058.0,3248220.0,1692712.0,705257.0,839240.0,1704311.0,1435471.0,1302100.0,682917.0,880559.0,1711601.0,980722.0,1154332.0,1224310.0,836108.0,2108779.0,1605573.0,1939933.0,1372972.0,3464680.0,10.6926,0.005366,2878647.6,7.7216,0.002876,1832638.3,6.0645,0.001499,1818103.33,4.0753,0.000977,1661779.45,3.344,0.000766,1568349.27,2.3621,0.000498
20261008,5522,遠雄,361756.0,508943.0,593233.0,747997.0,507046.0,467206.0,666357.0,371905.0,682178.0,746244.0,537651.0,408017.0,1394765.0,574398.0,1146743.0,822371.0,1008221.0,386247.0,427395.0,270194.0,212521.0,362796.0,373008.0,392082.0,211043.0,289973.0,1127653.0,669748.0,294409.0,351589.0,487977.33,24.7113,0.001747,543795.0,13.3049,0.000936,565286.5,6.3995,0.000488,647629.27,3.7239,0.000318,631443.35,2.8645,0.000249,563789.63,2.1388,0.000162
20261008,5525,順天,18637.0,25225.0,73731.0,82582.0,67246.0,57058.0,66276.0,53695.0,132283.0,52677.0,151019.0,230297.0,109037.0,40405.0,41749.0,85049.0,114307.0,56539.0,37201.0,43268.0,80555.0,101524.0,119502.0,123998.0,33045.0,72567.0,135767.0,69007.0,84308.0,71755.0,39197.67,15.8487,9e-05,53484.2,6.9692,4.8e-05,62941.0,2.961,2.5e-05,80127.8,1.5506,1.6e-05,76914.05,1.2115,1.3e-05,81010.3,0.7669,8e-06
20261008,5531,鄉林,405631.0,789017.0,941987.0,922316.0,283715.0,423058.0,533591.0,677557.0,529559.0,443169.0,691113.0,3355049.0,10007844.0,277499.0,416151.0,407551.0,273882.0,329929.0,361281.0,246086.0,430159.0,452631.0,529045.0,912472.0,665139.0,651195.0,501555.0,595380.0,354637.0,386651.0,712211.67,18.9846,0.001958,668533.2,12.135,0.00105,594960.0,6.8178,0.000547,1379817.07,1.9598,0.000356,1115799.25,1.8177,0.000279,926494.97,1.4594,0.000182
20261008,5533,皇鼎,42001.0,70472.0,151693.0,161249.0,55213.0,100100.0,48000.0,22277.0,122890.0,13500.0,74425.0,14176.0,371107.0,159395.0,215429.0,119460.0,145208.0,134000.0,219815.0,125295.0,128830.0,70125.0,109303.0,102054.0,66000.0,78358.0,25240.0,114970.0,143472.0,53426.0,88055.33,15.8995,0.000203,96125.6,8.7388,0.000109,78739.5,5.3342,5.7e-05,108128.47,2.5896,3.7e-05,118285.25,1.7754,2.9e-05,108582.77,1.2894,1.9e-05
20261008,5534,長虹,540323.0,435913.0,1297735.0,2198452.0,760082.0,505887.0,710625.0,500299.0,266414.0,254260.0,502034.0,400272.0,1632659.0,329430.0,543655.0,712436.0,446691.0,1059667.0,1165414.0,284599.0,219909.0,641764.0,449333.0,657989.0,368104.0,671781.0,527149.0,1117394.0,1018004.0,1250078.0,757990.33,23.7612,0.002609,1046501.0,10.3263,0.001398,746999.0,7.2332,0.000729,725202.67,4.9671,0.000475,727342.35,3.7144,0.000372,715611.73,2.5168,0.000242
20261008,5538,東明-KY,66560.0,32002.0,101790.0,161804.0,62022.0,45837.0,120054.0,26710.0,42132.0,16000.0,51192.0,10062.0,44003.0,30292.0,67496.0,39300.0,55371.0,72129.0,22020.0,26089.0,44369.0,28158.0,45050.0,78511.0,19029.0,59861.0,25234.0,81607.0,28259.0,106084.0,66784.0,33.2215,0.000321,84835.6,15.6915,0.000172,67491.1,9.862,9e-05,58530.4,7.5812,5.8e-05,54643.25,6.0904,4.6e-05,53634.23,4.1367,3e-05
20261008,5546,永固-KY,72022.0,13257.0,13035.0,5000.0,6100.0,64484.0,10700.0,32000.0,36090.0,16024.0,26254.0,44000.0,48244.0,13070.0,15040.0,27182.0,21158.0,17371.0,17000.0,44068.0,89056.0,77000.0,75897.0,26000.0,15496.0,76000.0,42154.0,29926.0,82257.0,85583.0,32771.33,73.2571,0.000348,21882.8,65.8252,0.000186,26871.2,26.8027,9.7e-05,27688.0,17.3413,6.3e-05,27104.95,13.2858,5e-05,38048.93,6.3096,3.2e-05
20261008,5607,遠雄港,249299.0,267751.0,289173.0,583438.0,231870.0,442373.0,269626.0,796752.0,426451.0,235612.0,316175.0,417227.0,642023.0,443164.0,355808.0,489041.0,530689.0,996840.0,2032890.0,692255.0,703208.0,997852.0,1778056.0,2416852.0,2804398.0,485759.0,601937.0,1377070.0,1249307.0,894057.0,268741.0,30.9218,0.001204,324306.2,15.3743,0.000645,379234.5,6.5737,0.000336,397782.8,4.1781,0.000219,535422.85,2.3281,0.000172,800565.1,1.038,0.000112
20261008,5608,四維航,1056049.0,1527623.0,2093832.0,2553019.0,2173947.0,1736303.0,1479942.0,2452196.0,2438650.0,1640502.0,2481924.0,2875355.0,2061425.0,3602684.0,3291337.0,2346331.0,1516369.0,4513754.0,6493463.0,3436928.0,2391936.0,3963464.0,9849972.0,13237460.0,4395120.0,4727320.0,7782505.0,5888793.0,11768892.0,23191275.0,1559168.0,22.5772,0.005098,1880894.0,11.2292,0.002733,1915206.3,5.514,0.001425,2230985.87,3.1557,0.000928,2588581.65,2.0398,0.000728,4632279.0,0.7599,0.000473
20261008,5706,鳳凰,111738.0,57307.0,126571.0,77570.0,85061.0,34462.0,52928.0,67556.0,67236.0,48395.0,66726.0,85282.0,74656.0,79216.0,46375.0,87921.0,112425.0,82188.0,55138.0,126401.0,85168.0,93218.0,111711.0,69144.0,77473.0,93232.0,145052.0,58688.0,92541.0,52377.0,98538.67,37.7984,0.000539,91649.4,24.3838,0.000289,72882.4,15.3313,0.000151,72071.93,10.3358,9.8e-05,77257.6,7.2315,7.7e-05,80791.87,4.6101,5e-05
20261008,5871,中租-KY,3191525.0,3963527.0,6287707.0,4068025.0,5948646.0,7876457.0,7836885.0,5001745.0,5050902.0,11042672.0,14871324.0,8498645.0,8033755.0,3409288.0,4687527.0,4767486.0,5931349.0,3658742.0,3590024.0,7831138.0,9698513.0,4853864.0,4552601.0,7218455.0,5020119.0,13951622.0,14494846.0,5488046.0,4458129.0,6832753.0,4480919.67,23.7416,0.015408,4691886.0,13.6044,0.008259,6026809.1,5.2955,0.004305,6651242.0,3.1989,0.002805,6277368.45,2.5421,0.002199,6737210.57,1.5791,0.00143
20261008,5871A,中租-KY甲特,16368.0,34000.0,38450.0,117200.0,79108.0,13000.0,49632.0,103323.0,27191.0,79424.0,73800.0,143064.0,20156.0,83687.0,312108.0,190072.0,33009.0,17238.0,17518.0,94586.0,34111.0,83147.0,57883.0,63891.0,71455.0,72027.0,27087.0,10282.0,65152.0,22331.0,29606.0,18.4287,7.9e-05,57025.2,5.7406,4.2e-05,55769.6,2.9349,2.2e-05,79367.4,1.3749,1.4e-05,77146.7,1.0608,1.1e-05,68343.33,0.7983,7e-06
20261008,5876,上海商銀,4975276.0,4928280.0,3118094.0,4716959.0,3664456.0,10364447.0,6919056.0,6497420.0,3026168.0,5067078.0,4559819.0,2969452.0,10090377.0,6710336.0,6244581.0,5628831.0,9082786.0,7005480.0,7098758.0,6283664.0,19081290.0,9786207.0,7546959.0,13157273.0,16001250.0,15575235.0,13923271.0,7229756.0,4674471.0,4701798.0,4340550.0,38.2077,0.02402,4280613.0,23.2456,0.012876,5327723.4,9.3385,0.006711,5590119.93,5.9334,0.004372,5947565.9,4.1826,0.003427,7687627.6,2.1573,0.002229
20261008,5880,合庫金,10231835.0,14443344.0,12079367.0,13583478.0,10810873.0,17025431.0,17943411.0,17358159.0,14691036.0,17504063.0,9623047.0,9534595.0,30844955.0,20508852.0,19851298.0,23217099.0,22723824.0,28731550.0,12158726.0,15145888.0,20999269.0,15517404.0,21410399.0,32491451.0,36416956.0,15139049.0,45412466.0,9386451.0,10831100.0,8363717.0,12251515.33,27.8383,0.049398,12229779.4,16.7327,0.026479,14567099.7,7.0239,0.013802,15735582.93,4.3349,0.008992,16900541.55,3.0271,0.007049,18465969.77,1.847,0.004584
20261008,5906,台南-KY,0.0,2066.0,1066.0,6103.0,3000.0,1000.0,3000.0,0.0,0.0,9000.0,5094.0,7001.0,4015.0,1157.0,1000.0,0.0,2000.0,4074.0,5460.0,8100.0,565.0,1440.0,716.0,1000.0,1027.0,2.0,2002.0,5000.0,4000.0,2023.0,1044.0,0.0,0.0,2447.0,0.0,0.0,2523.5,0.0,0.0,2900.13,0.0,0.0,3156.8,0.0,0.0,2697.03,0.0,0.0
20261008,5907,大洋-KY,87274.0,125032.0,601794.0,252043.0,380762.0,233385.0,116501.0,96136.0,122058.0,710557.0,363143.0,215042.0,672269.0,265244.0,541142.0,244122.0,858241.0,189496.0,239063.0,618908.0,386324.0,354130.0,283196.0,291043.0,667613.0,57000.0,249720.0,361000.0,182222.0,884737.0,271366.67,10.7203,0.000421,289381.0,6.0318,0.000226,272554.2,3.2021,0.000118,318825.47,1.8249,7.7e-05,346610.6,1.259,6e-05,354973.23,0.8195,3.9e-05
20261008,6005,群益證,5837017.0,5210777.0,7068738.0,14269727.0,3652489.0,8047795.0,5523115.0,4412919.0,6338990.0,6495135.0,10839671.0,10749030.0,10227792.0,6321704.0,9755873.0,9479912.0,3957126.0,4322098.0,5068260.0,5092691.0,4008690.0,5263332.0,4226625.0,8491306.0,4900949.0,9193026.0,8117315.0,4726832.0,5157738.0,3933891.0,6038844.0,32.2193,0.02818,7207749.6,16.1965,0.015106,6685670.2,8.7306,0.007874,7650051.47,5.0867,0.00513,7133542.95,4.0912,0.004021,6689685.43,2.9085,0.002615
20261008,6024,群益期,542327.0,115676.0,182606.0,179355.0,114811.0,271843.0,139673.0,304599.0,107319.0,135556.0,211094.0,207823.0,340531.0,414249.0,153818.0,239326.0,131168.0,274143.0,204351.0,325273.0,1181502.0,270122.0,308371.0,166335.0,142983.0,155123.0,567647.0,314079.0,191895.0,118259.0,280203.0,64.516,0.002618,226955.0,47.7916,0.001404,209376.5,25.902,0.000732,228085.33,15.8516,0.000477,229777.05,11.8012,0.000374,267061.9,6.7691,0.000243
20261008,6108,競國,1474321.0,3288330.0,2226345.0,1527530.0,1558395.0,2564254.0,1909273.0,1269830.0,1139657.0,789468.0,1649559.0,1004474.0,2156966.0,3588253.0,2492543.0,2680974.0,2243278.0,2309114.0,1572181.0,2008941.0,1446413.0,1804750.0,1378795.0,2740157.0,2557023.0,2663045.0,6633776.0,11060642.0,4277452.0,3947429.0,2329665.33,21.0949,0.007118,2014984.2,14.6336,0.003815,1774740.3,8.3072,0.001989,1909279.87,5.1479,0.001296,1972684.3,3.7368,0.001016,2598772.27,1.891,0.00066
20261008,6112,邁達特,334372.0,481304.0,1469463.0,2826883.0,558817.0,513036.0,1097280.0,861750.0,2136528.0,1103894.0,2567318.0,4435065.0,8939264.0,3359765.0,7410399.0,21595485.0,10922099.0,1468030.0,252817.0,197811.0,440031.0,405372.0,357232.0,365636.0,531517.0,211114.0,236150.0,213938.0,213756.0,369064.0,761713.0,14.6325,0.001614,1134167.8,5.8963,0.000865,1138332.7,2.9374,0.000451,2539675.87,0.8777,0.000294,3626569.0,0.461,0.00023,2529173.0,0.4407,0.00015
20261008,6115,鎰勝,52319.0,79655.0,125570.0,118943.0,77439.0,73924.0,109408.0,113334.0,51556.0,62407.0,71322.0,97813.0,133679.0,143494.0,150543.0,78284.0,55331.0,65296.0,158243.0,50798.0,91489.0,242504.0,137695.0,85732.0,182455.0,167424.0,372520.0,340345.0,207479.0,328304.0,85848.0,20.3146,0.000253,90785.2,11.5259,0.000135,86455.5,6.0516,7.1e-05,97427.07,3.58,4.6e-05,93467.9,2.7988,3.6e-05,134176.83,1.2998,2.3e-05
20261008,6116,彩晶,18900399.0,27509287.0,40363218.0,126208893.0,80015461.0,122735728.0,154482312.0,32973446.0,41846990.0,81652306.0,236177579.0,56764125.0,16464654.0,18960049.0,16856838.0,12653885.0,24282099.0,30914685.0,26635598.0,73568497.0,24707474.0,20901273.0,14313503.0,45896083.0,15678952.0,14225679.0,23352368.0,34400826.0,43403360.0,34235773.0,28924301.33,21.7815,0.091248,58599451.6,6.4507,0.048913,72668804.0,2.6009,0.025496,71460752.33,1.7632,0.01661,61998302.45,1.5243,0.013021,50369378.0,1.2508,0.008467
20261008,6117,迎廣,521416.0,2756495.0,1680429.0,169972.0,118685.0,158239.0,171113.0,154228.0,59417.0,150616.0,233359.0,148961.0,141232.0,165610.0,112230.0,142267.0,111098.0,136233.0,94914.0,137171.0,148919.0,84220.0,137970.0,339977.0,156186.0,289883.0,94332.0,136225.0,141147.0,91998.0,1652780.0,10.5159,0.002517,1049399.4,9.9374,0.001349,594061.0,8.7771,0.000703,449466.8,7.7338,0.000458,368184.25,7.0809,0.000359,299484.73,5.8035,0.000234
20261008,6120,達運,2318191.0,4140449.0,7192534.0,14566769.0,16135373.0,32148411.0,13054101.0,2603544.0,1718317.0,4424637.0,14679997.0,2457119.0,2350138.0,1195676.0,838279.0,1215164.0,941952.0,1811089.0,1778142.0,2715185.0,621940.0,1080966.0,2164346.0,2299935.0,452611.0,976415.0,989744.0,1324556.0,1517576.0,902314.0,4550391.33,16.9816,0.011192,8870663.2,5.2266,0.005999,9830232.6,2.3582,0.003127,7988235.67,1.9347,0.002037,6414253.35,1.8071,0.001597,4687182.33,1.6486,0.001038
20261008,6128,上福,29167.0,19849.0,22803.0,71617.0,44356.0,16167.0,47106.0,35311.0,17457.0,42830.0,63299.0,28485.0,36206.0,52265.0,29820.0,68006.0,40751.0,221905.0,299229.0,205497.0,130572.0,118719.0,48830.0,15690.0,100041.0,121135.0,92910.0,62682.0,28544.0,42703.0,23939.67,40.6118,0.000141,37558.4,15.5315,7.5e-05,34666.3,8.4136,3.9e-05,37115.87,5.2389,2.6e-05,69606.3,2.0951,2e-05,71798.4,1.3541,1.3e-05
20261008,6133,金橋,1676379.0,4246208.0,4075089.0,6973736.0,4672601.0,10855089.0,20089110.0,9954159.0,2307472.0,3362463.0,5851877.0,11880767.0,12821654.0,13090191.0,1966373.0,1878837.0,1444781.0,2949068.0,815986.0,1935532.0,4155855.0,2441605.0,868657.0,1537631.0,2110436.0,452267.0,481177.0,548804.0,1231620.0,487489.0,3332558.67,16.7677,0.008093,4328802.6,7.7452,0.004338,6821230.6,2.4576,0.002261,7588211.2,1.4728,0.001473,6142368.6,1.3646,0.001155,4572097.1,1.2222,0.000751
20261008,6136,富爾特,917664.0,102554.0,283639.0,543065.0,159253.0,390720.0,153563.0,130621.0,130061.0,108499.0,161886.0,83676.0,130291.0,194694.0,234931.0,347077.0,694522.0,246367.0,332048.0,263409.0,189102.0,270739.0,128649.0,95618.0,169850.0,175982.0,208726.0,470318.0,207265.0,110052.0,434619.0,70.3807,0.00443,401235.0,45.742,0.002375,291963.9,31.4307,0.001238,248341.13,24.6345,0.000806,280427.0,16.3619,0.000632,254494.7,12.0194,0.000411
20261008,6139,亞翔,1729400.0,2624441.0,3037107.0,3971097.0,3304534.0,3014465.0,3371103.0,3500385.0,3399157.0,3750210.0,1640135.0,1725029.0,4528809.0,2157163.0,1697549.0,2055879.0,1351218.0,3092463.0,1324647.0,1607925.0,1159350.0,1612698.0,2366253.0,2059979.0,4516304.0,1963615.0,3030230.0,2585203.0,3049782.0,2347380.0,2463649.33,23.3989,0.008349,2933315.8,11.7914,0.004476,3170189.9,5.4552,0.002333,2896705.6,3.9802,0.00152,2644135.8,3.2703,0.001191,2585783.67,2.2294,0.000775
20261008,6141,柏承,1628017.0,2606451.0,1053545.0,1905185.0,2124864.0,1323629.0,1723520.0,1437515.0,1742591.0,3180277.0,3439141.0,1343800.0,1517097.0,1487337.0,1246123.0,1516835.0,2219101.0,4241696.0,5149156.0,2253231.0,3064017.0,2292537.0,2389780.0,4475000.0,4645593.0,3590856.0,5240503.0,7488061.0,7830229.0,7151867.0,1762671.0,30.7869,0.00786,1863612.4,17.4716,0.004213,1872559.4,8.6941,0.002196,1850606.13,5.8648,0.001431,2156955.55,3.7739,0.001122,3043585.13,1.783,0.000729
20261008,6142,友勁,654800.0,598337.0,456968.0,521300.0,521105.0,734389.0,1277527.0,262971.0,254269.0,188871.0,316981.0,741309.0,254750.0,329243.0,299682.0,244312.0,395789.0,929557.0,88144.0,215123.0,166097.0,334950.0,283913.0,375140.0,209289.0,540736.0,450864.0,137279.0,428186.0,294685.0,570035.0,38.29,0.003161,550502.0,23.7892,0.001695,547053.7,11.9696,0.000883,494166.8,8.8337,0.000575,464271.35,7.0519,0.000451,416885.53,5.2356,0.000293
20261008,6152,百一,14700301.0,22537105.0,6161374.0,8527404.0,1576552.0,1040623.0,947654.0,588881.0,480652.0,1096147.0,1835936.0,2784357.0,1234500.0,1574459.0,1327034.0,1176163.0,1597719.0,2340189.0,4618370.0,2203323.0,514532.0,507388.0,319028.0,491885.0,301703.0,665493.0,919893.0,684650.0,466114.0,591520.0,14466260.0,33.8726,0.070971,10700547.2,27.4758,0.038044,5765669.3,25.4963,0.01983,4427531.93,22.1347,0.012919,3917437.15,18.7627,0.010127,2793698.3,17.5398,0.006585
20261008,6153,嘉聯益,3338393.0,2479870.0,3232576.0,2637169.0,1702786.0,3966841.0,3919781.0,3119140.0,1902952.0,2156398.0,2408418.0,2269143.0,4015623.0,1457086.0,1245378.0,1389536.0,1427385.0,1675336.0,1768261.0,3021134.0,2802158.0,1746136.0,2238233.0,3615483.0,2532140.0,5289757.0,5781907.0,3925936.0,3973842.0,2713623.0,3016946.33,36.8849,0.016117,2678158.8,24.9305,0.00864,2845590.6,11.7318,0.004503,2656770.27,8.3771,0.002934,2456660.3,6.7946,0.0023,2791747.37,3.986,0.001495
20261008,6155,鈞寶,5656914.0,5825924.0,2904518.0,5292391.0,16636888.0,10413045.0,3733214.0,7364788.0,3762326.0,536844.0,823995.0,702360.0,650156.0,620416.0,416749.0,555983.0,623866.0,1479063.0,1134847.0,1026006.0,964475.0,2953810.0,1342545.0,806458.0,651070.0,905363.0,1290397.0,3968666.0,1597944.0,787033.0,4795785.33,39.3186,0.027311,7263327.0,15.5766,0.01464,6212685.2,9.1054,0.007631,4356035.2,8.6576,0.004971,3508014.65,8.0628,0.003897,2847601.8,6.6218,0.002534
20261008,6164,華興,387902.0,635370.0,3706079.0,2693714.0,283457.0,192930.0,534842.0,254364.0,348731.0,382415.0,554146.0,1249918.0,1339427.0,895115.0,200116.0,215445.0,205626.0,265778.0,445937.0,201276.0,418948.0,291245.0,266666.0,180569.0,184723.0,195567.0,223594.0,535529.0,1026218.0,863894.0,1576450.33,8.202,0.001873,1541304.4,5.0334,0.001004,941980.4,4.1179,0.000523,910568.4,2.84,0.000341,749629.4,2.5873,0.000267,639318.03,2.0225,0.000174
20261008,6165,浪凡,171924.0,2661013.0,628232.0,249289.0,158914.0,284325.0,3627663.0,113250.0,150868.0,357533.0,329196.0,961308.0,517836.0,268149.0,198592.0,142182.0,84575.0,357432.0,178878.0,172184.0,433917.0,140759.0,143329.0,291428.0,330108.0,423519.0,1442394.0,2492597.0,208218.0,120812.0,1153723.0,4.9672,0.00083,773874.4,4.4432,0.000445,840301.1,2.046,0.000232,711872.8,1.6101,0.000151,580667.15,1.4804,0.000118,588014.13,0.9746,7.7e-05
20261008,6166,凌華,1575938.0,1186488.0,1315850.0,1324049.0,999557.0,1276252.0,2569354.0,5049553.0,2054478.0,3937693.0,7119231.0,4116162.0,648977.0,866395.0,729973.0,812352.0,1071923.0,702803.0,1298831.0,667266.0,1558215.0,2676989.0,2903193.0,2228259.0,2051291.0,857022.0,1321867.0,782882.0,1414008.0,1247573.0,1359425.33,38.6423,0.007608,1280376.4,24.6168,0.004078,2128921.2,7.4025,0.002126,2317996.67,4.5325,0.001385,1966156.25,4.0077,0.001086,1878814.13,2.796,0.000706
20261008,6168,宏齊,11060498.0,11762842.0,16936546.0,31808643.0,4275358.0,5130479.0,6398422.0,5660688.0,7626913.0,25341487.0,68487034.0,11637620.0,32720032.0,29893142.0,17480412.0,3346135.0,5305013.0,3287785.0,9805912.0,5661976.0,5198942.0,9407152.0,9647758.0,8401636.0,1544699.0,2703228.0,2179384.0,4631284.0,10372657.0,9726626.0,13253295.33,27.8182,0.053398,15168777.4,14.5832,0.028624,12600187.6,8.778,0.01492,19081341.07,3.8643,0.00972,15681346.85,3.5266,0.00762,12581343.43,2.9304,0.004955
20261008,6176,瑞儀,827913.0,799317.0,744897.0,1014813.0,771588.0,1062269.0,1303911.0,1403217.0,1238200.0,1467944.0,2290771.0,2753029.0,3847500.0,1660971.0,1338307.0,1969799.0,5803862.0,1858134.0,2785253.0,3134927.0,1675053.0,1205355.0,1541021.0,2737594.0,1757291.0,2344663.0,2628919.0,3999237.0,2771481.0,2524770.0,790709.0,34.9017,0.003997,831705.6,19.9088,0.002143,1063406.9,7.7855,0.001117,1501643.13,3.6756,0.000728,1903831.1,2.1743,0.00057,2042066.87,1.3514,0.000371
20261008,6177,達麗,433452.0,563178.0,848848.0,1728107.0,1113794.0,1612608.0,654604.0,620878.0,1039055.0,1268744.0,1322868.0,840456.0,3746204.0,954487.0,641447.0,1288714.0,1166255.0,2046258.0,1372952.0,1178147.0,643443.0,2661318.0,3109308.0,2841912.0,905589.0,978000.0,602419.0,1066000.0,1033714.0,1198734.0,615159.33,23.4872,0.002093,937475.8,9.2472,0.001122,988326.8,4.3857,0.000585,1159248.67,2.4927,0.000381,1222052.8,1.7735,0.000299,1316049.77,1.0979,0.000194
20261008,6183,關貿,22686.0,37490.0,30383.0,18628.0,20897.0,11899.0,33475.0,78004.0,18832.0,6637.0,10594.0,30709.0,21449.0,28731.0,6243.0,20811.0,22630.0,19435.0,15958.0,15223.0,17235.0,27612.0,13928.0,17447.0,18849.0,33902.0,45703.0,58671.0,95003.0,36448.0,30186.33,25.0511,0.00011,26016.8,17.4395,5.9e-05,27893.1,8.1332,3.1e-05,25110.47,6.023,2e-05,23535.7,4.8195,1.6e-05,27850.4,2.7152,1e-05
20261008,6184,大豐電,33479.0,68896.0,52423.0,87346.0,56785.0,32765.0,31187.0,94428.0,43261.0,84138.0,133209.0,256853.0,791994.0,173973.0,102878.0,200792.0,162415.0,94213.0,287736.0,414976.0,144133.0,161941.0,174661.0,52269.0,92354.0,160014.0,90243.0,124225.0,100458.0,111627.0,51599.33,21.6275,0.000162,59785.8,11.1996,8.7e-05,58470.8,5.7258,4.5e-05,136241.0,1.6382,2.9e-05,160187.35,1.045,2.3e-05,147189.07,0.7582,1.5e-05
20261008,6189,豐藝,142514.0,138952.0,310295.0,451650.0,282762.0,243441.0,409293.0,997103.0,253498.0,939032.0,307252.0,356361.0,345992.0,302563.0,180422.0,175811.0,275843.0,503215.0,434024.0,357223.0,427783.0,475110.0,261289.0,265943.0,230990.0,326967.0,300654.0,284427.0,206413.0,425584.0,197253.67,24.083,0.000688,265234.6,10.7463,0.000369,416854.0,3.4188,0.000192,377408.67,2.5174,0.000125,370362.3,1.924,9.8e-05,353746.87,1.3429,6.4e-05
20261008,6191,精成科,1886727.0,2128335.0,2025300.0,2759396.0,1963538.0,1084592.0,1190164.0,1039095.0,813601.0,1164462.0,1764099.0,1145875.0,1065844.0,1747762.0,988595.0,919848.0,870226.0,980838.0,836974.0,1694741.0,1082500.0,907893.0,879229.0,1665497.0,1215293.0,1867646.0,1544470.0,2255898.0,1486478.0,1226551.0,2013454.0,31.2353,0.009109,2152659.2,17.5293,0.004883,1605521.0,11.7515,0.002545,1517825.67,8.287,0.001658,1403500.6,6.7215,0.0013,1406715.57,4.4708,0.000845
20261008,6192,巨路,66004.0,74131.0,54913.0,142298.0,49825.0,130793.0,85425.0,78523.0,52488.0,80960.0,52723.0,68464.0,66987.0,100229.0,70215.0,56394.0,147771.0,298015.0,51142.0,64851.0,79746.0,229611.0,156700.0,134092.0,232209.0,160403.0,241980.0,126411.0,134277.0,77005.0,65016.0,33.8399,0.000319,77434.2,17.0478,0.000171,81536.0,8.0951,8.9e-05,78265.2,5.6223,5.8e-05,89607.55,3.6829,4.5e-05,112152.83,1.9617,3e-05
20261008,6196,帆宣,1162566.0,1308585.0,3306714.0,3101021.0,1802450.0,1948826.0,3126316.0,1880519.0,1521343.0,1773924.0,1220757.0,1270481.0,2100117.0,973428.0,795146.0,1109429.0,1602704.0,2106566.0,1449260.0,3685322.0,1322242.0,1299375.0,2366376.0,2947816.0,935167.0,1607397.0,757578.0,901280.0,962905.0,1566653.0,1925955.0,20.121,0.005613,2136267.2,10.8841,0.003009,2093226.4,5.5539,0.001568,1819479.53,4.2597,0.001022,1862273.7,3.1214,0.000801,1730408.77,2.2395,0.000521
20261008,6197,佳必琪,4838424.0,4100968.0,7472666.0,2829534.0,2564504.0,1809543.0,1635769.0,683759.0,993774.0,923502.0,2209938.0,2175287.0,3872484.0,1462984.0,507371.0,762733.0,815302.0,1083400.0,709344.0,728834.0,1048510.0,1708357.0,3153237.0,2845571.0,6629877.0,1926759.0,1032324.0,1256784.0,1274479.0,1733571.0,5470686.0,29.4809,0.023359,4361219.2,22.1884,0.012522,2785244.3,17.3716,0.006527,2538700.47,12.7058,0.004252,2109006.0,11.4709,0.003333,2159652.97,7.4679,0.002167
20261008,6201,亞弘電,17298.0,9556.0,46191.0,58344.0,43680.0,22383.0,12416.0,47983.0,15252.0,12486.0,44035.0,30929.0,80801.0,28055.0,15399.0,13225.0,12598.0,24667.0,23656.0,49506.0,21759.0,25684.0,33288.0,6110.0,19268.0,41768.0,48263.0,23104.0,10371.0,21147.0,24348.33,23.6813,8.4e-05,35013.8,9.8807,4.5e-05,28558.9,6.057,2.3e-05,32320.53,3.568,1.5e-05,30423.0,2.8429,1.2e-05,28640.73,2.0132,8e-06
20261008,6202,盛群,1845781.0,1570677.0,1589585.0,4268744.0,4623585.0,3638957.0,1071210.0,694313.0,879959.0,2090951.0,2040010.0,1454157.0,1667094.0,616239.0,476603.0,698267.0,514198.0,745278.0,578950.0,656357.0,1868060.0,827866.0,1009937.0,1108257.0,674528.0,1482736.0,956311.0,1210594.0,1200128.0,1349095.0,1668681.0,36.8711,0.008911,2779674.4,13.2806,0.004777,2227376.2,8.2868,0.00249,1901857.67,6.4701,0.001622,1586045.75,5.8188,0.001272,1446947.57,4.2521,0.000827
20261008,6205,詮欣,530900.0,777156.0,702403.0,1664612.0,3399984.0,1310192.0,1504797.0,2134375.0,11480659.0,4231383.0,2191446.0,1276548.0,239666.0,522047.0,207633.0,136002.0,132645.0,277729.0,175660.0,229018.0,213366.0,223261.0,259519.0,586849.0,1019179.0,1230290.0,1772800.0,786889.0,1952231.0,1027781.0,670153.0,26.4069,0.002563,1415011.0,7.5038,0.001374,2773646.1,1.9141,0.000716,2144920.07,1.6501,0.000467,1656242.75,1.6027,0.000366,1406567.33,1.2581,0.000238
20261008,6206,飛捷,574038.0,624846.0,545991.0,541423.0,665047.0,281465.0,858975.0,1288184.0,318098.0,476522.0,507033.0,1182203.0,933542.0,1378419.0,412910.0,679676.0,546229.0,1817205.0,681383.0,938884.0,957548.0,1085792.0,978782.0,924919.0,436689.0,605160.0,671971.0,847281.0,720894.0,1407749.0,581625.0,32.8985,0.002771,590269.0,19.45,0.001486,617458.9,9.2968,0.000774,705913.07,5.4212,0.000504,762603.65,3.7637,0.000395,796295.27,2.403,0.000257
20261008,6209,今國光,13928203.0,18905469.0,22193183.0,18483958.0,9549478.0,9114038.0,7141009.0,10707256.0,5832314.0,6511348.0,4731553.0,4049535.0,6170241.0,7575261.0,11325045.0,5765279.0,8971424.0,18994955.0,8089637.0,6297256.0,7464127.0,8030529.0,10548829.0,19919693.0,33317698.0,21793225.0,20751886.0,11986491.0,25952423.0,13383738.0,18342285.0,25.3116,0.067243,16612058.2,16.7688,0.036045,12236625.6,11.3824,0.018788,10414526.07,8.9159,0.012241,10216822.1,6.8163,0.009595,12582836.03,3.6897,0.006239
20261008,6213,聯茂,5220666.0,15950810.0,32339830.0,20063879.0,24367397.0,14504834.0,23593063.0,27479007.0,16800143.0,11528438.0,21327081.0,17958275.0,22460318.0,37381131.0,21280091.0,11540383.0,10165821.0,17380948.0,6925997.0,14888663.0,15951216.0,12259299.0,13261099.0,12963621.0,12530573.0,13046089.0,17724290.0,25938705.0,36060522.0,29746728.0,17837102.0,9.7562,0.025205,19588516.4,5.3303,0.013511,19184806.7,2.7213,0.007042,20816997.53,1.6719,0.004588,18657838.75,1.3991,0.003597,18754630.57,0.9279,0.002339
20261008,6214,精誠,1178415.0,642850.0,410803.0,469492.0,399450.0,732126.0,1869735.0,1149103.0,2488285.0,2530287.0,2108714.0,1692764.0,2040352.0,1401174.0,2413021.0,3389449.0,2489188.0,2105028.0,1648736.0,1198434.0,1357191.0,1001110.0,1621496.0,2152555.0,795315.0,1319213.0,1817985.0,1274588.0,2626835.0,1731568.0,744022.67,52.7948,0.005689,620202.0,38.001,0.00305,1187054.6,9.9272,0.00159,1435104.73,5.4742,0.001036,1617870.3,3.6419,0.000812,1601842.07,2.4522,0.000528
20261008,6215,和椿,1185389.0,416766.0,327755.0,612503.0,293357.0,269464.0,254513.0,178676.0,367400.0,231076.0,318819.0,284345.0,298414.0,417385.0,224717.0,346228.0,481792.0,583092.0,2082837.0,356594.0,527807.0,395611.0,545798.0,1316140.0,1073868.0,649473.0,381219.0,563827.0,977726.0,398474.0,643303.33,61.422,0.005723,567154.0,41.8013,0.003068,413689.9,28.654,0.001599,378705.27,20.8674,0.001042,476556.1,12.437,0.000817,545368.83,7.2452,0.000531
20261008,6216,居易,271267.0,687226.0,61188.0,114047.0,138959.0,60632.0,94737.0,49833.0,33100.0,42801.0,115140.0,158760.0,92851.0,183452.0,138024.0,120867.0,149091.0,157597.0,97673.0,111957.0,536087.0,101783.0,120288.0,120534.0,53022.0,198698.0,186237.0,242031.0,115151.0,280903.0,339893.67,26.6031,0.00131,254537.4,21.3145,0.000702,155379.0,17.4584,0.000366,149467.8,12.0992,0.000238,143960.1,9.4216,0.000187,161131.2,5.6117,0.000122
20261008,6224,聚鼎,509105.0,1030870.0,459663.0,725399.0,1025239.0,1382127.0,897148.0,704380.0,842435.0,916638.0,3101774.0,1654424.0,1409069.0,1679467.0,1112255.0,1348110.0,1034615.0,3482253.0,2271503.0,1063067.0,2150301.0,5449926.0,3448628.0,7047769.0,2874505.0,1965673.0,1419213.0,1158485.0,958616.0,2004209.0,666546.0,25.4599,0.002458,750055.2,13.5751,0.001318,849300.4,5.9944,0.000687,1163332.87,2.9175,0.000447,1332477.05,1.9104,0.000351,1837562.2,0.9235,0.000228
20261008,6225,天瀚,264246.0,200482.0,219419.0,291123.0,976855.0,168037.0,195797.0,800324.0,2846605.0,174523.0,263294.0,197859.0,120552.0,173832.0,152119.0,114514.0,113206.0,238162.0,195330.0,125313.0,84622.0,117718.0,57656.0,60561.0,54345.0,81176.0,124176.0,194642.0,121740.0,152696.0,228049.0,38.6242,0.001276,390425.0,13.5363,0.000684,613741.1,4.3055,0.000356,469671.13,3.7508,0.000232,391579.6,3.3741,0.000182,296030.8,2.9754,0.000118
20261008,6226,光鼎,25055980.0,17085438.0,25213282.0,36413647.0,39930818.0,4543123.0,2207400.0,2182112.0,2311220.0,3522645.0,4041380.0,6890544.0,129839900.0,23028325.0,6533964.0,81114487.0,33483872.0,41710661.0,15232595.0,15254890.0,17602029.0,5892985.0,4993207.0,5284891.0,6873956.0,10790578.0,64819357.0,6185486.0,27141227.0,7681500.0,22451566.67,37.2,0.120967,28739833.0,17.4364,0.064843,15846566.5,15.8116,0.033799,21919985.2,7.6204,0.02202,25779814.15,4.8596,0.017261,22428716.63,3.7238,0.011224
20261008,6230,尼得科超眾,26831.0,93642.0,74783.0,28450.0,18463.0,37943.0,32198.0,39395.0,42552.0,28068.0,28906.0,26360.0,49807.0,67734.0,56895.0,396676.0,265526.0,28065.0,16549.0,24106.0,37897.0,94495.0,42039.0,36389.0,17682.0,39007.0,44765.0,16224.0,53744.0,35046.0,65085.33,13.7414,0.00013,48433.8,11.0795,6.9e-05,42232.5,6.3532,3.6e-05,43468.47,4.115,2.4e-05,69147.45,1.9401,1.8e-05,60007.9,1.4904,1.2e-05
20261008,6235,華孚,570741.0,614074.0,608577.0,581278.0,349056.0,205162.0,231475.0,229677.0,471977.0,823551.0,314647.0,289576.0,326565.0,219410.0,212575.0,238946.0,144664.0,185515.0,151146.0,207153.0,195147.0,289644.0,236973.0,300811.0,295358.0,335290.0,230257.0,345344.0,460258.0,305487.0,597797.33,31.8247,0.002755,544745.2,20.9544,0.001477,468556.8,12.1808,0.00077,403222.73,9.4363,0.000502,348788.25,8.1818,0.000393,332344.47,5.7244,0.000256
20261008,6239,力成,15955829.0,14753768.0,27368367.0,24412772.0,30835497.0,7278591.0,14456581.0,6785487.0,5364014.0,9329837.0,19534311.0,27709326.0,20546917.0,13168497.0,6854413.0,7964169.0,7089592.0,12530702.0,14120688.0,12889675.0,14541717.0,7157757.0,9540575.0,9490466.0,8155148.0,15260677.0,15732900.0,25798635.0,31037575.0,15810572.0,19359321.33,27.4731,0.077032,22665246.6,14.0796,0.041293,15654074.3,10.1928,0.021524,16290280.47,6.5298,0.014023,14947451.65,5.3373,0.010992,15049168.5,3.5342,0.007148
20261008,6243,迅杰,170728.0,236240.0,296617.0,410302.0,385194.0,943422.0,400561.0,362425.0,1765177.0,1522098.0,286327.0,175189.0,232358.0,214469.0,176451.0,156724.0,274187.0,464850.0,288818.0,196637.0,370023.0,272984.0,370306.0,467896.0,382153.0,529062.0,605601.0,1051475.0,2051315.0,575730.0,234528.33,24.2654,0.000824,299816.2,11.3888,0.000442,649276.4,2.6295,0.00023,505170.53,2.2531,0.00015,447938.7,1.9057,0.000118,521177.3,1.0919,7.6e-05
20261008,6257,矽格,25941970.0,47560492.0,36162334.0,20298667.0,15922505.0,10058604.0,21848796.0,6304390.0,11563776.0,15500184.0,20208841.0,28056800.0,36727856.0,19035481.0,3109254.0,2791002.0,3119037.0,4963308.0,18438387.0,5082628.0,7134116.0,4565595.0,5818105.0,9652799.0,12909857.0,17091245.0,12187479.0,13534794.0,5342688.0,4184178.0,36554932.0,23.6557,0.125244,29177193.6,17.7824,0.067136,21116171.8,12.2854,0.034994,21219996.67,8.1502,0.022799,17634715.6,7.3554,0.017871,14837172.27,5.8281,0.011621
20261008,6269,台郡,2203564.0,1215398.0,2271386.0,3026754.0,2625479.0,2357712.0,4586762.0,1825258.0,2254738.0,1862678.0,3315776.0,4622999.0,4387337.0,2709677.0,2523412.0,2615223.0,3565607.0,3488730.0,6765899.0,7771233.0,6142014.0,5634498.0,7463442.0,12283027.0,7957721.0,21712814.0,40184691.0,21744966.0,16945695.0,4899914.0,1896782.67,38.7246,0.010638,2268516.2,19.4274,0.005703,2422972.9,9.0945,0.002972,2785928.67,5.2731,0.001937,3299781.1,3.339,0.001518,7032146.8,1.0445,0.000987
20261008,6271,同欣電,3623906.0,4128147.0,4551993.0,5078324.0,4573045.0,2948143.0,2695749.0,1230881.0,1826003.0,1750141.0,2773016.0,2285410.0,3398861.0,4871036.0,2718739.0,6201502.0,2105262.0,2287072.0,5262279.0,4969330.0,4123139.0,12241334.0,15374517.0,3700475.0,5153260.0,10324392.0,5131963.0,7554430.0,6036681.0,5223151.0,4101348.67,29.453,0.017496,4391083.0,16.5058,0.009378,3240633.2,11.1827,0.004888,3230226.27,7.4792,0.003185,3463941.95,5.2309,0.002497,4804739.37,2.5141,0.001623
20261008,6272,驊陞,110885.0,98135.0,129062.0,136064.0,170110.0,178660.0,123853.0,140022.0,187267.0,313053.0,224266.0,266806.0,425089.0,439469.0,500776.0,232216.0,229488.0,449865.0,474343.0,644314.0,393566.0,762367.0,2206728.0,2680094.0,388649.0,273281.0,940159.0,314215.0,93104.0,81018.0,112694.0,32.7983,0.000535,128851.2,17.2113,0.000287,158711.1,6.9866,0.00015,229567.8,3.2201,9.7e-05,273687.15,2.0258,7.6e-05,453564.13,0.8149,5e-05
20261008,6277,宏正,414386.0,70614.0,101517.0,111257.0,86870.0,157780.0,109764.0,132823.0,67573.0,90876.0,108699.0,134919.0,120484.0,294144.0,140177.0,117501.0,102167.0,245044.0,104625.0,99644.0,171703.0,162939.0,231753.0,383812.0,119671.0,90733.0,247423.0,237723.0,222204.0,350758.0,195505.67,70.652,0.002001,156928.8,52.812,0.001072,134346.0,30.8447,0.000559,142792.2,19.3468,0.000364,140543.2,14.7423,0.000285,167652.77,8.239,0.000186
20261008,6278,台表科,21683718.0,22125364.0,19489443.0,12352429.0,6237633.0,4156845.0,8876929.0,11298020.0,6718865.0,19014339.0,14195515.0,2894823.0,3987784.0,2460456.0,2342952.0,1557487.0,1629631.0,2170507.0,1212076.0,2825162.0,3990059.0,3707985.0,4324695.0,3353471.0,2451180.0,3520542.0,4088055.0,7522509.0,18913318.0,15168883.0,21099508.33,34.2563,0.104686,16377717.4,26.4795,0.056116,13195358.5,16.4328,0.02925,10522341.0,13.7382,0.019056,8361498.9,12.9664,0.014938,7809022.5,9.2558,0.009714
20261008,6281,全國電,49410.0,12713.0,29682.0,44722.0,18960.0,41841.0,39683.0,48633.0,42484.0,22679.0,40179.0,24488.0,53586.0,64065.0,42269.0,25524.0,27177.0,31077.0,18688.0,34378.0,16976.0,36207.0,49390.0,19310.0,18656.0,61238.0,36124.0,17403.0,35374.0,30422.0,30601.67,53.8206,0.000239,31097.4,31.7776,0.000128,35080.7,14.0847,6.7e-05,38359.6,8.5872,4.3e-05,35611.9,6.9373,3.4e-05,34444.6,4.7816,2.2e-05
20261008,6282,康舒,4813109.0,4699810.0,4849202.0,8349604.0,6063472.0,3597560.0,7065343.0,2561775.0,2421281.0,6341992.0,3417306.0,3237435.0,2979422.0,2951116.0,3168091.0,3732535.0,3148192.0,5542408.0,5132303.0,4323996.0,5100061.0,3951194.0,4546000.0,5453980.0,3686679.0,4853996.0,4690411.0,5496795.0,5610091.0,5752616.0,4787373.67,33.5125,0.023237,5755039.4,16.7266,0.012456,5076314.8,9.4815,0.006493,4434434.53,7.236,0.00423,4419797.6,5.4449,0.003316,4584592.5,3.4995,0.002156
20261008,6283,淳安,41014.0,31185.0,50071.0,77366.0,45602.0,45310.0,121498.0,60120.0,29017.0,56151.0,35100.0,52367.0,171888.0,170074.0,118880.0,155366.0,239517.0,341400.0,70079.0,58389.0,73315.0,73757.0,65228.0,105647.0,37229.0,86364.0,120017.0,72809.0,73298.0,191020.0,40756.67,33.5438,0.000198,49047.6,16.7242,0.000106,55733.4,7.359,5.5e-05,73709.53,3.7095,3.6e-05,98519.7,2.0815,2.8e-05,95635.93,1.4295,1.8e-05
20261008,6285,啟碁,3495736.0,11372573.0,18965053.0,8838953.0,3030823.0,1866928.0,2235971.0,2760613.0,5064342.0,2561386.0,2876664.0,3297313.0,4485576.0,3711605.0,4239436.0,2429329.0,2139358.0,2595591.0,3087291.0,2505454.0,2327055.0,2554738.0,3374956.0,3634085.0,2772906.0,4339526.0,6346389.0,5280417.0,8793178.0,3455646.0,11277787.33,10.3322,0.016877,9140627.6,7.6488,0.009047,6019237.8,5.8076,0.004716,5253531.47,4.436,0.003072,4577999.75,3.818,0.002408,4481296.37,2.6002,0.001566
20261008,6405,悅城,501860.0,696923.0,851275.0,2056113.0,3961514.0,1637248.0,470287.0,1486305.0,538439.0,760808.0,1641771.0,925436.0,1879987.0,610708.0,285607.0,143069.0,172239.0,282207.0,207959.0,479029.0,416013.0,491523.0,650887.0,1088439.0,1978718.0,347659.0,227992.0,362742.0,1322085.0,535361.0,683352.67,24.4803,0.002423,1613537.0,6.2206,0.001299,1296077.2,3.8721,0.000677,1220285.4,2.7418,0.000441,979439.2,2.562,0.000346,900340.1,1.858,0.000225
20261008,6409,旭隼,282473.0,289303.0,272179.0,349376.0,170094.0,175120.0,261917.0,225342.0,234051.0,143032.0,249947.0,270422.0,684311.0,280912.0,300551.0,274170.0,342595.0,416961.0,612655.0,830888.0,377702.0,358702.0,329319.0,456721.0,312390.0,423798.0,322202.0,471705.0,478306.0,577564.0,281318.33,33.4701,0.001364,272685.0,20.7179,0.000731,240288.7,11.7556,0.000381,279268.67,6.7432,0.000248,333314.95,4.2373,0.000195,359156.93,2.6216,0.000127
20261008,6412,群電,708581.0,636655.0,984771.0,698374.0,425531.0,551443.0,298725.0,437674.0,319411.0,244247.0,295697.0,501733.0,631274.0,423878.0,398001.0,351266.0,448152.0,444314.0,494271.0,479482.0,1487988.0,684884.0,661067.0,641667.0,435259.0,742585.0,676241.0,602552.0,770940.0,495075.0,776669.0,30.4111,0.003421,690782.4,20.5153,0.001834,530541.2,13.3558,0.000956,503733.0,9.3777,0.000623,488674.0,7.25,0.000488,565724.6,4.1751,0.000317
20261008,6414,樺漢,894148.0,592679.0,769534.0,1231927.0,896466.0,1615318.0,2337611.0,3643742.0,590230.0,786602.0,764855.0,554166.0,695350.0,1136338.0,1124779.0,882570.0,658353.0,953289.0,1232570.0,691327.0,1639469.0,849905.0,1386327.0,1142273.0,795633.0,1094835.0,1375606.0,1101127.0,877821.0,777016.0,752120.33,39.6279,0.004317,876950.8,20.3922,0.002314,1335825.7,6.6936,0.001206,1175583.0,5.0707,0.000786,1102592.7,4.0548,0.000616,1103062.2,2.702,0.000401
20261008,6415,矽力*-KY,4559217.0,2192023.0,2347696.0,2534848.0,2189982.0,1082903.0,1878392.0,3215719.0,1518168.0,1554330.0,1574814.0,1909525.0,3854994.0,1654266.0,1839686.0,2869603.0,2971389.0,2303227.0,4011235.0,1934832.0,2783162.0,2669790.0,2292237.0,4262145.0,5955557.0,6257655.0,4448947.0,6075270.0,5463698.0,2853938.0,3032978.67,50.1071,0.022011,2764753.2,32.981,0.011799,2307327.8,19.7597,0.00615,2260437.53,13.4464,0.004007,2399842.45,9.499,0.003141,3035308.27,5.0069,0.002042
20261008,6416,瑞祺電通,1003714.0,804806.0,749428.0,921410.0,674694.0,1336888.0,596099.0,276356.0,257186.0,562115.0,921621.0,630622.0,910516.0,1252363.0,1112172.0,2341906.0,2469968.0,2758405.0,1849892.0,899641.0,2854526.0,289839.0,546695.0,681947.0,303420.0,317251.0,349847.0,490818.0,325090.0,394700.0,852649.33,39.239,0.004846,830810.4,24.1623,0.002598,718269.6,13.9741,0.001354,800666.0,8.3573,0.000882,1116490.1,4.495,0.000691,962797.83,3.475,0.00045
20261008,6426,統新,2856629.0,2596104.0,2824567.0,3509288.0,4936579.0,2159773.0,2470102.0,3408026.0,4891886.0,3158672.0,3056802.0,2656404.0,7320096.0,1230185.0,2826802.0,2409765.0,4544689.0,4640884.0,4977145.0,6239357.0,8927916.0,3492160.0,3252179.0,3546338.0,2847105.0,2021600.0,1328823.0,2302960.0,4241337.0,4222515.0,2759100.0,34.5116,0.013791,3344633.4,17.0819,0.007393,3281162.6,8.7061,0.003853,3326794.33,5.7245,0.002511,3635687.75,3.9286,0.001968,3629889.6,2.6232,0.00128
20261008,6431,光麗-KY,109094.0,169234.0,29186.0,66332.0,73842.0,91812.0,49379.0,40001.0,11004.0,16047.0,55044.0,91049.0,153322.0,35307.0,26002.0,8034.0,90063.0,5003.0,127117.0,35004.0,15520.0,29102.0,206000.0,84001.0,117022.0,45005.0,145424.0,90003.0,84143.0,190260.0,102504.67,35.4761,0.000527,89537.6,24.3683,0.000282,65593.1,16.6319,0.000147,67777.0,10.7307,9.6e-05,64093.8,8.5105,7.5e-05,76278.53,4.7674,4.9e-05
20261008,6438,迅得,321900.0,570411.0,699071.0,1042800.0,1599682.0,714358.0,1457858.0,1008689.0,1118497.0,146087.0,470430.0,220433.0,228162.0,267450.0,139758.0,160313.0,211336.0,251203.0,302697.0,300647.0,251085.0,392894.0,437355.0,970646.0,2240759.0,870141.0,250142.0,625619.0,349526.0,199590.0,530460.67,20.2277,0.001554,846772.8,7.603,0.000833,867935.3,3.7088,0.000434,667039.07,3.2172,0.000283,561589.1,2.866,0.000222,593984.63,1.8064,0.000144
20261008,6442,光聖,3701979.0,3981562.0,1502435.0,4078448.0,3748600.0,1019944.0,1329824.0,850892.0,895074.0,1392524.0,1173320.0,1794761.0,1887686.0,2347299.0,2503186.0,2407912.0,1802295.0,2086098.0,4008101.0,3488226.0,1850559.0,2020789.0,4006278.0,7869894.0,5147981.0,1814080.0,3516984.0,1410722.0,2933760.0,4259959.0,3061992.0,40.3003,0.017873,3402604.8,21.7597,0.009581,2250128.2,16.4523,0.004994,2147168.93,11.4941,0.003253,2300008.3,8.0478,0.00255,2694372.4,4.5799,0.001658
20261008,6443,元晶,2768146.0,3731970.0,6382114.0,8164139.0,7963358.0,4764648.0,13159959.0,3356314.0,15942276.0,10047199.0,43017402.0,10747044.0,10928041.0,3522880.0,4067362.0,3113764.0,3571378.0,1802892.0,1996113.0,2628073.0,2764685.0,2766162.0,3099595.0,3308376.0,3434420.0,5302337.0,3872861.0,5153342.0,4592060.0,3973334.0,4294076.67,21.4881,0.013364,5801945.4,9.5421,0.007164,7628012.3,3.6289,0.003734,9904190.13,1.8633,0.002433,8083753.6,1.7122,0.001907,6664741.47,1.3845,0.00124
20261008,6446,藥華藥,1844670.0,1490041.0,1601498.0,1604038.0,1255233.0,2506975.0,1685359.0,2230766.0,1460375.0,2241457.0,3254526.0,2811409.0,12722966.0,2713445.0,2565604.0,2315449.0,5500524.0,2676454.0,2750274.0,4564007.0,4860872.0,4821947.0,3488695.0,3196968.0,3641430.0,6426071.0,10723537.0,4112305.0,3952150.0,3972402.0,1645403.0,37.3702,0.008906,1559096.0,23.6633,0.004774,1792041.2,10.2937,0.002488,2799224.13,4.3933,0.001621,2989753.5,3.085,0.001271,3633048.23,1.6925,0.000826
20261008,6449,鈺邦,9626822.0,8074670.0,5686855.0,1695626.0,3152829.0,2592335.0,802853.0,510332.0,447534.0,530024.0,1097239.0,551726.0,451180.0,679922.0,444419.0,1204011.0,1209797.0,1938261.0,1865017.0,1576460.0,1749066.0,2566505.0,1582396.0,662259.0,994382.0,1303616.0,1560979.0,4503858.0,2162686.0,1641023.0,7796115.67,41.1608,0.046477,5647360.4,34.0932,0.024914,3311988.0,29.0666,0.012986,2422957.73,26.4878,0.00846,2206895.6,21.8108,0.006632,2095489.4,15.3136,0.004313
20261008,6451,訊芯-KY,1251508.0,2029946.0,1505184.0,2568357.0,2590932.0,858989.0,1219243.0,822428.0,992621.0,1320450.0,2126953.0,1711346.0,4028344.0,4393185.0,3127610.0,2301670.0,2234288.0,1880454.0,2689509.0,3734080.0,2689560.0,5514785.0,5030233.0,13899708.0,10313171.0,5338016.0,3770094.0,5524831.0,10343290.0,6516404.0,1595546.0,26.1459,0.006042,1989185.4,12.5831,0.003239,1515965.8,8.2555,0.001688,2036473.07,4.097,0.0011,2169354.85,2.8845,0.000862,3744239.63,1.1142,0.000561
20261008,6456,GIS-KY,17868393.0,71277531.0,15976714.0,18149753.0,20444355.0,20200523.0,63213414.0,18926798.0,14497011.0,26940277.0,23340535.0,12215288.0,2256595.0,2358821.0,1886675.0,1606173.0,1658835.0,1579556.0,4059532.0,1788666.0,2827203.0,2412004.0,1705385.0,4089243.0,2619353.0,5124609.0,5467789.0,10669483.0,6282792.0,2706724.0,35040879.33,16.9977,0.086266,28743349.2,12.4331,0.046242,28749476.9,6.2152,0.024103,21970178.87,5.422,0.015703,17012272.25,5.2516,0.01231,12805001.0,4.6514,0.008004
20261008,6464,台數科,3362.0,15515.0,7133.0,16641.0,45000.0,10970.0,17923.0,19400.0,1105.0,302300.0,318053.0,6354.0,32394.0,19054.0,4585.0,24088.0,7666.0,12965.0,5693.0,16006.0,6214.0,20159.0,37189.0,1365.0,4000.0,11115.0,20309.0,4169.0,388675.0,520020.0,8670.0,12.9258,1.6e-05,17530.2,3.8357,9e-06,43934.9,0.7652,5e-06,54652.6,0.4101,3e-06,44310.35,0.3794,2e-06,63314.07,0.177,2e-06
20261008,6472,保瑞,360457.0,568449.0,373149.0,306031.0,428488.0,737615.0,280635.0,277944.0,508828.0,812243.0,437306.0,1013146.0,1690749.0,835861.0,410320.0,460996.0,282241.0,490077.0,344416.0,520684.0,650695.0,371207.0,324890.0,732118.0,521576.0,1140140.0,763862.0,838631.0,1529671.0,1906387.0,434018.33,27.6837,0.00174,407314.8,17.6992,0.000933,465383.9,7.7454,0.000486,602748.07,3.9868,0.000317,556981.75,3.2358,0.000248,663960.4,1.8096,0.000161
20261008,6477,安集,253978.0,317814.0,500029.0,651241.0,614379.0,643318.0,2304661.0,230701.0,852394.0,683856.0,3066180.0,6170287.0,1206040.0,454355.0,363563.0,292810.0,368499.0,825149.0,473390.0,338786.0,503720.0,463362.0,563588.0,830884.0,693021.0,1442152.0,698578.0,2600850.0,4817277.0,1493310.0,357273.67,23.6959,0.001226,467488.2,10.8656,0.000657,705237.1,3.6013,0.000343,1220853.07,1.3869,0.000223,1030571.5,1.2322,0.000175,1157272.4,0.7315,0.000114
20261008,6491,晶碩,407283.0,619088.0,390920.0,681330.0,487235.0,654214.0,445515.0,213667.0,177464.0,167889.0,232492.0,690487.0,432230.0,505905.0,370715.0,590199.0,224638.0,274414.0,158639.0,138631.0,128416.0,200324.0,208009.0,583589.0,324673.0,945537.0,1320586.0,274528.0,238907.0,195782.0,472430.33,28.7367,0.001966,517171.2,15.7504,0.001054,424460.5,9.5953,0.000549,431762.27,6.2887,0.000358,393147.75,5.1798,0.000281,409443.53,3.3157,0.000182
20261008,6504,南六,599150.0,106609.0,81396.0,32059.0,31883.0,16155.0,31050.0,3094.0,16000.0,24863.0,21122.0,70170.0,22250.0,34020.0,43544.0,30043.0,40000.0,26092.0,82308.0,21704.0,30118.0,97175.0,22471.0,18071.0,33050.0,41327.0,10527.0,2231.0,15841.0,8114.0,262385.0,76.1159,0.002893,170219.4,70.3974,0.001551,94225.9,63.5866,0.000808,75557.67,52.8647,0.000527,66675.6,44.9302,0.000413,53747.9,37.158,0.000268
20261008,6505,台塑化,41327682.0,33569331.0,23836057.0,20175570.0,35503078.0,27316952.0,37924444.0,40587920.0,10807153.0,12809652.0,16511927.0,15280658.0,23493760.0,36254128.0,24128549.0,17586676.0,26088377.0,54971557.0,43101277.0,45847473.0,11368497.0,21188783.0,14976818.0,27551720.0,42792598.0,30357487.0,17193364.0,10080935.0,18460267.0,14882438.0,32911023.33,41.858,0.199524,30882343.6,26.7646,0.106954,28385783.9,14.5593,0.055749,26635124.07,10.3442,0.03632,29356111.05,7.039,0.028471,26532504.27,5.1921,0.018513
20261008,6515,穎崴,1099562.0,2214944.0,461783.0,599727.0,685143.0,436839.0,478498.0,384513.0,445040.0,776762.0,1415513.0,1406461.0,531845.0,466502.0,337561.0,362102.0,357074.0,477979.0,366735.0,1512278.0,819272.0,432307.0,688477.0,819545.0,1001765.0,548463.0,324076.0,301872.0,538196.0,427914.0,1258763.0,29.1175,0.005309,1012231.8,21.7255,0.002846,758281.1,14.5007,0.001483,782712.87,9.3654,0.000966,740843.05,7.421,0.000757,690624.93,5.3071,0.000493
20261008,6525,捷敏-KY,875222.0,1578755.0,1953117.0,2503717.0,1020905.0,738981.0,477358.0,552653.0,449529.0,910585.0,558294.0,609992.0,1517543.0,672942.0,840308.0,531566.0,915342.0,891252.0,667173.0,815493.0,989725.0,1269531.0,774279.0,1236719.0,1084722.0,1087296.0,1154281.0,2348123.0,1112062.0,1417728.0,1469031.33,19.8594,0.004225,1586343.2,11.0345,0.002265,1106082.2,7.9128,0.001181,1017326.73,5.7354,0.000769,954036.35,4.5869,0.000603,1051839.77,2.7736,0.000392
20261008,6526,達發,1046604.0,2292002.0,607146.0,1419661.0,437729.0,621003.0,987850.0,1776119.0,4581078.0,4748267.0,4916606.0,2896069.0,2751706.0,443827.0,398507.0,202854.0,255880.0,371358.0,301594.0,319608.0,335172.0,775824.0,367471.0,573091.0,3331396.0,427589.0,265942.0,297879.0,463344.0,293274.0,1315250.67,26.5248,0.005053,1160628.4,18.0351,0.002709,1851745.9,5.652,0.001412,1994944.93,3.4975,0.00092,1568773.4,3.3357,0.000721,1283548.33,2.718,0.000469
20261008,6531,愛普*,3580465.0,3513689.0,4733784.0,4949972.0,5926915.0,1859447.0,2135333.0,4705817.0,3109128.0,3924896.0,1936612.0,1894948.0,2693087.0,3045428.0,3297045.0,4824312.0,2627923.0,3956907.0,6397932.0,5337019.0,2388928.0,2887072.0,2888036.0,8083032.0,3252360.0,4604911.0,2374677.0,2752098.0,3529609.0,3319006.0,3942646.0,30.2713,0.017286,4540965.0,15.7696,0.009266,3843944.6,9.3146,0.00483,3420437.73,6.9786,0.003147,3722532.95,4.8092,0.002467,3684346.27,3.2393,0.001604
20261008,6533,晶心科,1202389.0,1028962.0,1928694.0,6040399.0,7574941.0,16660559.0,9824741.0,11054299.0,6688397.0,1894521.0,4446657.0,1937477.0,4601141.0,2132108.0,503592.0,612997.0,1020624.0,1125823.0,993166.0,563432.0,1516453.0,1508129.0,811244.0,1829812.0,1407003.0,6838596.0,910452.0,782253.0,1648267.0,3206805.0,1386681.67,28.9033,0.005805,3555077.0,6.7643,0.003112,6389790.2,1.8817,0.001622,5167925.13,1.5511,0.001057,4091745.95,1.4693,0.000828,3409797.77,1.1754,0.000539
20261008,6534,正瀚-創,180070.0,59259.0,136246.0,115665.0,117997.0,13448.0,23100.0,13284.0,54140.0,21032.0,10363.0,14702.0,72064.0,16070.0,20035.0,25539.0,33218.0,70515.0,23364.0,35159.0,33039.0,60101.0,20632.0,60541.0,30312.0,25518.0,41406.0,51559.0,28031.0,26420.0,125191.67,47.9452,0.000869,121847.4,29.5566,0.000466,73424.1,24.5246,0.000243,57831.67,20.7579,0.000158,52763.5,17.0639,0.000124,47760.97,12.5674,8.1e-05
20261008,6541,泰福-KY,638096.0,669151.0,1055029.0,765775.0,747941.0,385265.0,434509.0,711417.0,501087.0,395760.0,228823.0,450609.0,966221.0,306578.0,207977.0,293163.0,281560.0,512263.0,327158.0,220527.0,203704.0,284019.0,441700.0,556908.0,367184.0,873215.0,1179836.0,396641.0,216294.0,176209.0,787425.33,27.0119,0.003081,775198.4,16.4628,0.001651,630403.0,10.122,0.000861,564282.53,7.5387,0.000561,504945.45,6.3185,0.00044,493153.97,4.313,0.000286
20261008,6550,北極星藥業-KY,770188.0,559433.0,454279.0,939366.0,1215634.0,512868.0,1576465.0,1596103.0,,,,,,,1037484.0,1026794.0,1843391.0,2230580.0,697251.0,2692273.0,2022559.0,808499.0,825107.0,1005655.0,548603.0,1501621.0,2173580.0,1154171.0,2022870.0,2053060.0,594633.33,43.1744,0.003718,787780.0,19.5534,0.001993,953042.0,10.1017,0.001039,962424.44,8.8918,0.000677,1225150.64,4.4903,0.000531,1302826.42,2.4632,0.000345
20261008,6552,易華電,27121.0,61182.0,43334.0,71983.0,69295.0,27778.0,60143.0,59443.0,44502.0,85166.0,35168.0,48203.0,54977.0,89734.0,26100.0,27835.0,34920.0,73695.0,94093.0,36465.0,28600.0,61820.0,71613.0,83342.0,51170.0,118768.0,92064.0,37932.0,73271.0,83896.0,43879.0,20.6029,0.000131,54583.0,9.9375,7e-05,54994.7,4.9316,3.7e-05,53608.6,3.3727,2.4e-05,53556.85,2.532,1.9e-05,59120.43,1.5291,1.2e-05
20261008,6558,興能高,134320.0,131391.0,143255.0,199649.0,161383.0,139942.0,353873.0,761437.0,147224.0,445636.0,172519.0,160852.0,359769.0,101473.0,60148.0,173822.0,140417.0,195579.0,109055.0,113906.0,207150.0,178025.0,103759.0,159384.0,85597.0,159005.0,202803.0,127843.0,235523.0,247354.0,136322.0,32.8438,0.000648,153999.6,17.4442,0.000348,261811.0,5.1304,0.000181,231524.73,3.8677,0.000118,210282.5,3.1938,9.3e-05,197069.77,2.272,6e-05
20261008,6573,虹揚-KY,83366.0,120100.0,343991.0,476852.0,297400.0,77678.0,186907.0,77020.0,105089.0,120732.0,147735.0,106890.0,104729.0,273661.0,106938.0,89311.0,94724.0,121014.0,128085.0,228930.0,196787.0,246776.0,198413.0,353651.0,190458.0,225662.0,422277.0,821694.0,353946.0,535111.0,182485.67,15.2279,0.000402,264341.8,6.3074,0.000216,188913.5,4.4129,0.000112,175272.53,3.1709,7.3e-05,164557.6,2.533,5.7e-05,227864.23,1.2195,3.7e-05
20261008,6579,研揚,327935.0,631812.0,273527.0,262201.0,155093.0,225157.0,457961.0,667432.0,170694.0,142169.0,213915.0,205335.0,245885.0,296375.0,177634.0,233090.0,167830.0,221847.0,150769.0,192458.0,388630.0,368537.0,584626.0,401380.0,183828.0,282270.0,340456.0,303207.0,398193.0,202640.0,411091.33,26.5906,0.001583,330113.6,19.868,0.000849,331398.1,9.8955,0.000442,296875.0,7.3642,0.000288,270955.95,6.0514,0.000226,295762.87,3.6959,0.000147
20261008,6581,鋼聯,7334.0,45100.0,13125.0,10615.0,14200.0,14133.0,11265.0,11296.0,6045.0,4075.0,2469.0,9181.0,12000.0,7215.0,14671.0,36271.0,10450.0,20593.0,23111.0,20299.0,39626.0,15225.0,13515.0,5150.0,14010.0,20159.0,43186.0,24150.0,59421.0,8389.0,21853.0,11.1869,3.5e-05,18074.8,8.1152,1.9e-05,13718.8,5.3459,1e-05,12181.6,4.0137,6e-06,14672.4,2.4993,5e-06,17875.97,1.3676,3e-06
20261008,6582,申豐,110513.0,39960.0,32818.0,22737.0,18677.0,8739.0,24323.0,74462.0,38714.0,122630.0,15359.0,43830.0,80202.0,102310.0,31466.0,21437.0,20907.0,30365.0,15525.0,21185.0,13498.0,23588.0,21223.0,18152.0,26053.0,46586.0,48224.0,55919.0,32852.0,73257.0,61097.0,60.2937,0.000534,44941.0,49.1814,0.000286,49357.3,22.3904,0.000149,51116.0,14.4134,9.7e-05,43807.95,12.6133,7.6e-05,41183.7,8.9447,5e-05
20261008,6585,鼎基,637926.0,261745.0,112918.0,94989.0,108786.0,134485.0,132610.0,79882.0,49421.0,41523.0,114559.0,59199.0,124622.0,69010.0,150043.0,66736.0,118306.0,183004.0,222919.0,405882.0,138609.0,154612.0,162619.0,151452.0,115705.0,105922.0,84410.0,116021.0,98051.0,130149.0,337529.67,62.9995,0.00308,243272.8,52.4453,0.001651,165428.5,38.562,0.000861,144781.2,29.3743,0.000561,158428.25,20.133,0.000439,147537.17,14.4128,0.000286
20261008,6589,台康生技,414018.0,585619.0,393518.0,491168.0,800773.0,554109.0,951463.0,355887.0,832462.0,1185265.0,587448.0,525105.0,1748855.0,1508629.0,628129.0,620762.0,781892.0,974907.0,388240.0,312942.0,490988.0,387555.0,364628.0,308436.0,236897.0,676497.0,813553.0,414947.0,364960.0,450509.0,464385.0,29.718,0.001999,537019.2,15.4191,0.001071,656428.2,6.3071,0.000558,770829.87,3.5807,0.000364,732059.55,2.8278,0.000285,638338.7,2.162,0.000185
20261008,6591,動力-KY,44526.0,74206.0,148432.0,100016.0,75656.0,57174.0,109515.0,64009.0,140273.0,89449.0,156310.0,310666.0,98125.0,70372.0,76820.0,24295.0,74212.0,89737.0,62052.0,130960.0,39716.0,116854.0,65486.0,109068.0,40608.0,87084.0,88089.0,129148.0,102946.0,86565.0,89054.67,16.6662,0.000215,88567.2,10.0547,0.000115,90325.6,4.9295,6e-05,107703.27,2.7561,3.9e-05,99840.25,2.2299,3.1e-05,95412.3,1.5556,2e-05
20261008,6592,和潤企業,283109.0,366192.0,485759.0,1313000.0,1010759.0,704165.0,475961.0,740809.0,459236.0,388213.0,931868.0,416842.0,942536.0,158879.0,433942.0,155943.0,210297.0,191228.0,393815.0,179362.0,289057.0,487734.0,286519.0,414855.0,432403.0,640011.0,727784.0,555265.0,348099.0,420387.0,378353.33,24.9422,0.001367,691763.8,8.1851,0.000733,622720.3,4.5463,0.000382,607418.0,3.1072,0.000249,512095.75,2.7642,0.000195,494800.97,1.9072,0.000127
20261008,6592A,和潤企業甲特,5002.0,2000.0,164.0,1417.0,371.0,3153.0,2683.0,155.0,3100.0,1058.0,1001.0,0.0,1766.0,9235.0,2565.0,5100.0,1000.0,5416.0,4000.0,2000.0,10077.0,10388.0,13466.0,5155.0,6000.0,5169.0,7000.0,6076.0,0.0,13000.0,2388.67,69.8018,2.4e-05,1790.8,55.8633,1.3e-05,1910.3,26.1844,7e-06,2244.67,14.856,4e-06,2559.3,9.7722,3e-06,4250.57,3.9226,2e-06
20261008,6592B,和潤企業乙特,5335.0,35.0,2000.0,3857.0,1000.0,3071.0,1589.0,12076.0,308.0,2032.0,3031.0,2026.0,4382.0,5960.0,3132.0,160.0,0.0,7000.0,4226.0,4000.0,8374.0,8404.0,2693.0,6272.0,27409.0,7306.0,226.0,3000.0,195.0,31507.0,2456.67,72.3881,2.6e-05,2445.4,43.6329,1.4e-05,3130.3,17.0431,7e-06,3322.27,10.7055,5e-06,3261.0,8.18,4e-06,5353.53,3.3218,2e-06
20261008,6598,ABC-KY,503552.0,134911.0,212638.0,162798.0,305555.0,265199.0,194798.0,87846.0,96158.0,118835.0,128313.0,109824.0,139530.0,69275.0,40136.0,107991.0,89423.0,174237.0,574653.0,227200.0,255878.0,67663.0,205586.0,219853.0,93000.0,152444.0,167795.0,182097.0,254921.0,91949.0,283700.33,59.1648,0.002431,263890.8,38.1637,0.001303,208229.0,24.1826,0.000679,171291.2,19.5983,0.000443,187143.6,13.4536,0.000347,181135.27,9.2666,0.000226
20261008,6605,帝寶,104278.0,173505.0,129021.0,230352.0,474219.0,276197.0,156952.0,177541.0,109831.0,148000.0,155344.0,207792.0,538715.0,1028650.0,172096.0,278582.0,145270.0,519749.0,125068.0,138213.0,185192.0,205227.0,330086.0,168254.0,215873.0,183850.0,219462.0,336471.0,532473.0,168262.0,135601.33,25.6335,0.000503,222275.0,9.3828,0.00027,197989.6,5.2668,0.000141,272166.2,2.5543,9.2e-05,264468.75,1.9715,7.2e-05,261150.83,1.331,4.7e-05
20261008,6606,建德工業,89334.0,101201.0,312076.0,111959.0,50500.0,35000.0,64034.0,77626.0,72606.0,64000.0,32100.0,14061.0,43171.0,72000.0,139292.0,82672.0,59821.0,26345.0,38226.0,51330.0,138811.0,199058.0,153335.0,97492.0,130275.0,40583.0,83211.0,62062.0,72421.0,75142.0,167537.0,17.774,0.000431,133014.0,13.4323,0.000231,97833.6,9.1312,0.000121,85264.0,6.9849,7.9e-05,76867.7,5.8109,6.2e-05,86324.8,3.4495,4e-05
20261008,6614,資拓宏宇,34000.0,30230.0,48000.0,64308.0,23633.0,8118.0,33278.0,37754.0,12220.0,25000.0,14226.0,23000.0,29332.0,36151.0,10131.0,21860.0,61312.0,22450.0,18000.0,21406.0,15740.0,23699.0,23853.0,9612.0,46000.0,42463.0,20220.0,55295.0,24065.0,26101.0,37410.0,30.2949,0.000164,40034.2,16.9855,8.8e-05,31654.1,10.7411,4.6e-05,28625.4,7.9184,3e-05,28720.45,5.9191,2.3e-05,28715.23,3.9468,1.5e-05
20261008,6625,必應,25429.0,22979.0,66821.0,77921.0,40751.0,57097.0,48873.0,115776.0,30553.0,55028.0,48955.0,49587.0,41165.0,40389.0,23514.0,83413.0,79869.0,185715.0,29362.0,39936.0,69515.0,73999.0,96860.0,55010.0,70420.0,73794.0,63052.0,79838.0,54950.0,136083.0,38409.67,22.0682,0.000123,46780.2,10.8717,6.6e-05,54122.8,4.6984,3.4e-05,49655.87,3.414,2.2e-05,58156.65,2.1863,1.8e-05,64555.13,1.313,1.1e-05
20261008,6641,基士德-KY,7000.0,8375.0,10400.0,22300.0,30025.0,6000.0,12014.0,1000.0,9000.0,4111.0,1002.0,9153.0,11100.0,14200.0,3720.0,10535.0,10.0,37070.0,4000.0,6000.0,43322.0,23000.0,13000.0,19000.0,24438.0,17000.0,19124.0,35010.0,30011.0,13225.0,8591.67,27.1581,3.4e-05,15620.0,8.9629,1.8e-05,11022.5,6.3506,9e-06,9960.0,4.6854,6e-06,10350.75,3.3814,5e-06,14804.83,1.5761,3e-06
20261008,6645,金萬林-創,218843.0,74792.0,56584.0,21250.0,23563.0,8943.0,12061.0,53051.0,12200.0,2773.0,44605.0,41900.0,47359.0,38382.0,35000.0,38894.0,59731.0,78550.0,11000.0,9197.0,49203.0,30632.0,34108.0,7001.0,21975.0,31816.0,47764.0,52634.0,5707.0,18758.0,116739.67,62.4875,0.001057,79006.4,55.3988,0.000566,48406.0,45.2099,0.000295,46087.07,31.6565,0.000192,44433.9,24.6257,0.000151,39609.2,18.4168,9.8e-05
20261008,6655,科定,49014.0,2206.0,73016.0,7040.0,59000.0,465.0,2404.0,3010.0,1.0,2008.0,40458.0,40500.0,38040.0,13034.0,1010.0,14793.0,12526.0,7500.0,12100.0,27263.0,20205.0,23023.0,16000.0,128.0,2157.0,2000.0,3128.0,1000.0,2000.0,6012.0,41412.0,39.4523,0.000237,38055.2,25.7594,0.000127,19816.4,24.7341,6.6e-05,22080.4,14.7986,4.3e-05,20269.4,12.0906,3.4e-05,16034.7,10.1892,2.2e-05
20261008,6657,華安,186117.0,275365.0,417762.0,97783.0,82058.0,63107.0,97680.0,76576.0,81194.0,170287.0,298876.0,140618.0,187134.0,123304.0,115366.0,173306.0,253713.0,377232.0,864075.0,1110831.0,361956.0,223618.0,140222.0,84264.0,57056.0,136999.0,81610.0,39355.0,79074.0,74205.0,293081.33,21.1678,0.000899,211817.0,17.5734,0.000482,154792.9,12.0236,0.000251,160881.8,7.7124,0.000164,259619.2,3.5844,0.000128,215691.43,2.8763,8.3e-05
20261008,6658,聯策,2603901.0,1041902.0,2517287.0,1602697.0,168445.0,162459.0,363469.0,206713.0,484819.0,158352.0,395954.0,225028.0,144070.0,215023.0,175145.0,96868.0,106172.0,139040.0,101247.0,224422.0,240032.0,237159.0,265109.0,495944.0,1347498.0,1023229.0,415744.0,388053.0,434850.0,142357.0,2054363.33,42.2499,0.012571,1586846.4,32.8186,0.006739,931004.4,27.9687,0.003513,697684.27,24.8814,0.002288,556650.65,23.389,0.001794,537432.93,16.1502,0.001166
20261008,6666,羅麗芬-KY,15173.0,30177.0,21111.0,32620.0,23132.0,1201.0,20511.0,20185.0,9818.0,14002.0,31892.0,6221.0,22355.0,16500.0,28101.0,32061.0,28301.0,57134.0,27416.0,8218.0,26521.0,57002.0,29025.0,15124.0,11113.0,21400.0,17335.0,13001.0,29100.0,36115.0,22153.67,22.8299,7.3e-05,24442.6,12.4152,3.9e-05,18793.0,8.0738,2e-05,19533.27,5.1785,1.3e-05,22306.45,3.401,1e-05,23395.5,2.1618,7e-06
20261008,6668,中揚光,4483915.0,5003588.0,8358122.0,6136507.0,1776027.0,2134337.0,1721346.0,1980484.0,2272592.0,3591142.0,6915990.0,18858378.0,9271067.0,3244397.0,4951332.0,5594952.0,2630633.0,809275.0,528884.0,1567131.0,737832.0,1384012.0,1415349.0,2902743.0,8037549.0,2038606.0,3777812.0,10978273.0,2593573.0,2825261.0,5948541.67,25.1261,0.021648,5151631.8,17.4077,0.011604,3745806.0,11.9705,0.006049,5379948.27,5.5563,0.003941,4591504.95,4.8828,0.003089,4284036.97,3.4889,0.002009
20261008,6669,緯穎,2464240.0,3671800.0,5292477.0,3007826.0,2329609.0,1259173.0,1887580.0,1642771.0,3554942.0,2904191.0,6260344.0,3304766.0,4839353.0,5761930.0,9125545.0,2767688.0,1985361.0,1896940.0,2793152.0,5055743.0,5080716.0,5526691.0,4361234.0,5153604.0,10869612.0,2855090.0,1921970.0,1993578.0,1479152.0,1898480.0,3809505.67,21.5622,0.011897,3353190.4,14.6979,0.006377,2801460.9,8.7963,0.003324,3820436.47,4.3001,0.002166,3590271.55,3.4318,0.001698,3764851.93,2.1818,0.001104
20261008,6670,復盛應用,313659.0,72357.0,228838.0,96598.0,109754.0,208364.0,181000.0,232821.0,126922.0,197980.0,193609.0,123287.0,230780.0,113298.0,89235.0,164177.0,90773.0,212003.0,68598.0,149473.0,182864.0,104114.0,115088.0,253035.0,318186.0,312854.0,604567.0,202344.0,781600.0,55184.0,204951.33,51.0136,0.001514,164241.2,38.1949,0.000812,176829.3,17.738,0.000423,167900.13,12.4542,0.000276,160176.3,9.7911,0.000216,204445.4,5.114,0.000141
20261008,6671,三能-KY,24000.0,9556.0,20000.0,7000.0,5050.0,34000.0,7143.0,9000.0,5030.0,8448.0,4100.0,3044.0,13000.0,20000.0,12070.0,3496.0,7050.0,4200.0,2000.0,4165.0,19992.0,14000.0,22100.0,22100.0,153150.0,2000.0,5050.0,53062.0,23000.0,27200.0,17852.0,44.8129,0.000116,13121.2,36.582,6.2e-05,12922.7,18.572,3.2e-05,12096.07,13.2274,2.1e-05,10117.6,11.8605,1.7e-05,18133.53,4.4117,1.1e-05
20261008,6672,騰輝電子-KY,3824784.0,2902172.0,2951206.0,13344761.0,16620827.0,18447532.0,8259557.0,8175142.0,15309823.0,3276768.0,4972041.0,4860040.0,6002632.0,10176575.0,5010539.0,4204679.0,2549602.0,3675064.0,3575776.0,9019982.0,7324357.0,14526240.0,5927842.0,1884635.0,1965824.0,2152414.0,3571101.0,4031460.0,3523901.0,3222064.0,3226054.0,39.5197,0.018465,7928750.0,9.6479,0.009898,9311257.2,4.1077,0.005159,8275626.6,3.0812,0.003361,7357975.1,2.5991,0.002635,6509644.67,1.9585,0.001713
20261008,6674,鋐寶科技,75020.0,41051.0,88071.0,93284.0,85674.0,183356.0,148899.0,327304.0,199815.0,678803.0,3422973.0,75024.0,16000.0,22103.0,3487.0,4000.0,5600.0,13070.0,14000.0,16000.0,22786.0,292309.0,34211.0,3000.0,10000.0,3200.0,29410.0,17350.0,37108.0,112432.0,68047.33,36.7489,0.000362,76620.0,19.5824,0.000194,192127.7,3.9047,0.000101,364057.6,1.3738,6.6e-05,275676.7,1.3607,5.2e-05,202511.33,1.2348,3.4e-05
20261008,6689,伊雲谷,108669.0,177696.0,386437.0,268854.0,150925.0,142347.0,188502.0,131757.0,490273.0,125584.0,496404.0,519739.0,1050703.0,940604.0,2460921.0,7763172.0,2999752.0,658239.0,135177.0,73109.0,43306.0,74278.0,98542.0,122736.0,66424.0,115115.0,97680.0,128521.0,61825.0,107217.0,224267.33,16.1517,0.000525,218516.2,9.9461,0.000281,217104.4,5.0054,0.000147,509294.33,1.4225,9.6e-05,963443.2,0.564,7.5e-05,672816.93,0.5384,4.9e-05
20261008,6691,洋基工程,877010.0,652779.0,1056158.0,2022038.0,1319885.0,1746877.0,2580611.0,923010.0,736040.0,527865.0,536554.0,599914.0,1363773.0,463671.0,578902.0,246634.0,262367.0,417102.0,447277.0,360316.0,258676.0,537844.0,704992.0,426141.0,722931.0,512218.0,510605.0,565056.0,627449.0,756632.0,861982.33,33.9145,0.004234,1185574.0,14.7947,0.00227,1244227.3,7.0486,0.001183,1065672.47,5.4864,0.000771,885939.15,4.9496,0.000604,778044.23,3.7573,0.000393
20261008,6695,芯鼎,500210.0,354869.0,364625.0,546813.0,575601.0,905563.0,1104717.0,1257413.0,156551.0,295642.0,479775.0,227529.0,702017.0,483297.0,270512.0,225604.0,197636.0,293188.0,320527.0,197564.0,503656.0,327664.0,200020.0,758262.0,810499.0,298004.0,384596.0,605088.0,279846.0,330036.0,406568.0,41.0108,0.002415,468423.6,21.3572,0.001295,606200.4,8.2516,0.000675,548342.27,6.0815,0.00044,472982.65,5.2878,0.000345,465244.13,3.5839,0.000224
20261008,6698,旭暉應材,52764.0,236329.0,132680.0,170776.0,219379.0,199960.0,489189.0,241170.0,52578.0,136960.0,177179.0,89798.0,87029.0,115582.0,106373.0,131318.0,95413.0,77073.0,101803.0,209256.0,93014.0,133144.0,70993.0,203604.0,248144.0,111632.0,122618.0,85065.0,81567.0,249764.0,140591.0,12.51,0.000255,162385.6,6.4986,0.000137,193178.5,2.7314,7.1e-05,167183.07,2.104,4.6e-05,156130.45,1.6897,3.6e-05,150738.47,1.1668,2.4e-05
20261008,6706,惠特,1516811.0,4186096.0,2375512.0,2280897.0,4150630.0,7046801.0,4351935.0,4511914.0,2291537.0,4580832.0,13997656.0,14648276.0,6106039.0,12351126.0,11524955.0,19143749.0,22983083.0,6196518.0,953231.0,1039868.0,768978.0,1097853.0,1473399.0,5165561.0,1822817.0,2362716.0,962739.0,1096890.0,2795612.0,2837173.0,2692806.33,18.7761,0.007323,2901989.2,10.4536,0.003925,3729296.5,4.0673,0.002046,6394734.47,1.5813,0.001333,7311873.3,1.0372,0.001045,5554040.13,0.9103,0.000679
20261008,6715,嘉基,1307519.0,2985564.0,2251527.0,2676511.0,1913083.0,536514.0,686089.0,346088.0,560936.0,1172849.0,3208138.0,5331633.0,4535425.0,5910220.0,3523438.0,2625978.0,937585.0,984121.0,840406.0,1703369.0,717970.0,1454017.0,1156529.0,1556786.0,1857136.0,1023752.0,813496.0,676972.0,827412.0,1721829.0,2181536.67,19.9786,0.006313,2226840.8,11.7433,0.003384,1443668.0,9.0569,0.001764,2463035.6,3.539,0.001149,2201849.65,2.9691,0.000901,1861429.73,2.3414,0.000586
20261008,6719,力智,1861317.0,279398.0,398255.0,859669.0,443925.0,492395.0,577285.0,432838.0,283508.0,428669.0,721463.0,270830.0,868071.0,466716.0,205327.0,285019.0,348990.0,693702.0,386373.0,743966.0,842219.0,336309.0,435003.0,480562.0,352071.0,523266.0,770622.0,822463.0,639712.0,610137.0,846323.33,73.3099,0.008986,768512.8,48.4395,0.004817,605725.9,30.7287,0.002511,572644.4,21.6693,0.001636,552385.8,16.848,0.001282,562002.67,11.0398,0.000834
20261008,6722,輝創,37607.0,65130.0,40710.0,99750.0,23000.0,24527.0,13701.0,15187.0,9521.0,8330.0,44617.0,35910.0,26000.0,25015.0,24477.0,13025.0,21555.0,22816.0,35005.0,29419.0,42286.0,52974.0,33001.0,8200.0,24411.0,14030.0,1020.0,24064.0,15000.0,54611.0,47815.67,26.2167,0.000182,53239.4,14.1275,9.7e-05,33746.3,11.144,5.1e-05,32898.8,7.6207,3.3e-05,30765.1,6.112,2.6e-05,29496.63,4.2499,1.7e-05
20261008,6742,澤米,1149307.0,946587.0,2267026.0,2919762.0,1414175.0,967057.0,1743025.0,723913.0,2199168.0,3935558.0,1532708.0,2612628.0,4060130.0,1748558.0,492106.0,245117.0,270427.0,364344.0,434605.0,300987.0,459382.0,353453.0,342646.0,1132679.0,491840.0,515814.0,267557.0,538086.0,1251271.0,262346.0,1454306.67,26.3426,0.005549,1739371.4,13.2152,0.002974,1826557.8,6.2922,0.00155,1914113.87,4.0029,0.00101,1516359.4,3.7897,0.000792,1198075.4,3.1976,0.000515
20261008,6743,安普新,790410.0,653665.0,605482.0,978174.0,1562415.0,1118714.0,553663.0,692999.0,535034.0,535714.0,386921.0,298316.0,272413.0,298656.0,314087.0,392619.0,156031.0,466421.0,280513.0,185009.0,274697.0,245983.0,257713.0,263652.0,313297.0,212853.0,263041.0,485685.0,360703.0,270969.0,683185.67,38.5649,0.003816,918029.2,17.2197,0.002046,802627.0,9.8478,0.001066,639777.53,8.2363,0.000695,553862.8,7.1354,0.000545,467528.3,5.6354,0.000354
20261008,6753,龍德造船,247574.0,184022.0,224345.0,412401.0,233147.0,251815.0,299764.0,206011.0,248283.0,672372.0,196062.0,325183.0,532096.0,367785.0,281970.0,451999.0,450184.0,1292433.0,822749.0,383902.0,741569.0,451820.0,844400.0,859903.0,716824.0,908592.0,941910.0,3918457.0,4558083.0,1516964.0,218647.0,37.7433,0.001195,260297.8,19.0224,0.000641,297973.4,8.3086,0.000334,312188.67,5.2868,0.000218,404204.85,3.0625,0.000171,784753.97,1.0516,0.000111
20261008,6754,匯僑設計,27247.0,24360.0,11300.0,67478.0,14100.0,16320.0,13201.0,11301.0,7102.0,8100.0,7200.0,8650.0,20010.0,44020.0,17436.0,11000.0,14080.0,5300.0,13100.0,12242.0,11315.0,11027.0,2084.0,4292.0,5090.0,2136.0,9848.0,10023.0,16000.0,8023.0,20969.0,43.3131,0.000132,28897.0,18.858,7.1e-05,20050.9,13.5889,3.7e-05,19855.0,9.1487,2.4e-05,17677.35,7.7068,1.9e-05,14446.17,6.287,1.2e-05
20261008,6756,威鋒電子,105144.0,77271.0,193284.0,108968.0,91658.0,118518.0,76342.0,79769.0,78807.0,118270.0,69379.0,56276.0,106010.0,127700.0,78361.0,71459.0,66769.0,96170.0,98227.0,124431.0,187153.0,104953.0,206257.0,245234.0,163959.0,224751.0,82503.0,84886.0,99509.0,155060.0,125233.0,27.9862,0.000508,115265.0,18.2439,0.000272,104803.1,10.0325,0.000142,99050.47,7.0768,9.2e-05,97140.65,5.4119,7.2e-05,116569.27,3.0066,4.7e-05
20261008,6757,台灣虎航,216681.0,254851.0,432264.0,438462.0,355033.0,331003.0,875362.0,346431.0,485683.0,506351.0,402531.0,258415.0,621991.0,398011.0,624216.0,920004.0,299330.0,652538.0,665010.0,515170.0,288253.0,604325.0,394103.0,833701.0,562476.0,747638.0,1438900.0,1452531.0,714473.0,875463.0,301265.33,23.9745,0.001046,339458.2,12.7663,0.000561,424212.1,5.1078,0.000292,436485.67,3.3095,0.00019,479966.85,2.2572,0.000149,583706.67,1.2374,9.7e-05
20261008,6768,志強-KY,156840.0,611030.0,126737.0,156116.0,149591.0,106131.0,88705.0,101164.0,48690.0,163002.0,94907.0,175546.0,157393.0,463997.0,343833.0,241559.0,247303.0,450923.0,491231.0,155404.0,114582.0,284110.0,167557.0,118268.0,272959.0,381678.0,1475852.0,392033.0,294925.0,292954.0,298202.33,17.5317,0.000757,240062.8,13.0666,0.000406,170800.6,9.1826,0.000212,196245.47,5.328,0.000138,226505.1,3.4622,0.000108,277500.67,1.884,7e-05
20261008,6770,力積電,114313740.0,92620796.0,68121469.0,125964867.0,178851877.0,92791273.0,137017155.0,63341436.0,95567951.0,118630577.0,95975202.0,93490025.0,175587517.0,119460580.0,91880819.0,162022743.0,90532617.0,131561180.0,144134387.0,114261094.0,172801850.0,242829617.0,85248242.0,115197089.0,68830476.0,151879084.0,207576800.0,127516696.0,118625661.0,109500620.0,91685335.0,41.5602,0.55189,115974549.8,19.7136,0.295837,108722114.1,10.5143,0.154203,110907685.6,6.8714,0.100463,115306365.25,4.957,0.078751,123537781.33,3.0844,0.051209
20261008,6771,平和環保-創,45000.0,11000.0,11000.0,17070.0,47000.0,59156.0,56644.0,20118.0,9000.0,14000.0,25020.0,16030.0,12000.0,68000.0,118180.0,29291.0,4012.0,24008.0,35050.0,28368.0,16381.0,17013.0,32505.0,15166.0,40000.0,31034.0,25526.0,30044.0,44426.0,125607.0,22333.33,67.1642,0.000217,26214.0,34.3328,0.000116,28998.8,15.5179,6.1e-05,35281.2,8.5031,4e-05,32497.35,6.9236,3.1e-05,34254.97,4.3789,2e-05
20261008,6776,展碁國際,49073.0,54488.0,52551.0,62697.0,75109.0,60431.0,64252.0,70436.0,63140.0,35056.0,89542.0,46981.0,184479.0,72174.0,38321.0,43351.0,52821.0,111833.0,118372.0,45356.0,86687.0,106870.0,56728.0,175774.0,85430.0,66588.0,76818.0,43648.0,63901.0,69063.0,52037.33,31.4345,0.000237,58783.6,16.6962,0.000127,58723.3,8.3566,6.6e-05,67915.33,4.8171,4.3e-05,69523.15,3.5293,3.4e-05,74065.67,2.2085,2.2e-05
20261008,6781,AES-KY,323306.0,260109.0,577909.0,468370.0,249309.0,173934.0,310063.0,253538.0,143940.0,177115.0,361683.0,203562.0,357582.0,243840.0,212301.0,313842.0,242818.0,342381.0,295609.0,289717.0,327967.0,476773.0,354859.0,665562.0,561809.0,805166.0,601635.0,1264187.0,1135173.0,675988.0,387108.0,27.8394,0.001561,375800.6,17.2063,0.000837,293759.3,11.0058,0.000436,287770.73,7.4899,0.000284,290046.4,5.5733,0.000223,422334.9,2.5517,0.000145
20261008,6782,視陽,105431.0,169855.0,83833.0,220251.0,127648.0,242118.0,228952.0,129912.0,156032.0,272456.0,282659.0,313938.0,450547.0,862116.0,179167.0,195636.0,157812.0,261263.0,210120.0,367618.0,245971.0,313866.0,392765.0,540473.0,458152.0,937730.0,1617035.0,1136933.0,895915.0,2103168.0,119706.33,29.3582,0.000509,141403.6,14.9121,0.000273,173648.8,6.0715,0.000142,254994.33,2.7564,9.3e-05,250868.2,2.1013,7.3e-05,455312.4,0.7719,4.7e-05
20261008,6789,采鈺,657540.0,791765.0,1318286.0,1148477.0,1150752.0,1576642.0,2486076.0,922802.0,862427.0,884364.0,2247650.0,603507.0,1128975.0,780066.0,1068142.0,756040.0,803180.0,1333966.0,727353.0,1376381.0,1140485.0,1105025.0,1130577.0,2032703.0,3873379.0,4075023.0,1471402.0,1544185.0,3321824.0,2091189.0,922530.33,23.7586,0.003175,1013364.0,12.9774,0.001702,1179913.1,5.5728,0.000887,1175164.73,3.7302,0.000578,1131219.55,2.9063,0.000453,1480339.43,1.4806,0.000295
20261008,6790,永豐實,156909.0,147031.0,89134.0,161457.0,112914.0,128014.0,57248.0,128761.0,51018.0,98586.0,137078.0,78406.0,109067.0,112805.0,116940.0,46930.0,223611.0,177608.0,80750.0,47392.0,56131.0,62170.0,135927.0,114885.0,48807.0,120603.0,151517.0,152392.0,137040.0,48723.0,131024.67,39.9184,0.000758,133489.0,23.5089,0.000406,113107.2,13.8726,0.000212,112357.87,9.3101,0.000138,113082.95,6.9378,0.000108,109661.8,4.7695,7e-05
20261008,6792,詠業,187931.0,23006.0,31002.0,42020.0,44490.0,13037.0,30112.0,21104.0,13000.0,11005.0,44000.0,26010.0,37096.0,21200.0,25000.0,31000.0,29000.0,29259.0,18011.0,73771.0,172941.0,45380.0,14030.0,47410.0,21210.0,12500.0,14124.0,14199.0,31203.0,23616.0,80646.33,77.677,0.000907,65689.8,57.2177,0.000486,41670.7,45.0991,0.000254,38000.87,32.9696,0.000165,37552.7,25.0223,0.000129,38255.57,16.375,8.4e-05
20261008,6794,向榮生技,43080.0,62279.0,80100.0,116257.0,349167.0,20126.0,19022.0,36010.0,38000.0,24094.0,33101.0,14214.0,22001.0,22065.0,18000.0,16000.0,13000.0,12100.0,10001.0,21010.0,9416.0,19000.0,27029.0,26000.0,18206.0,11000.0,33019.0,33449.0,32241.0,77510.0,61819.67,23.2289,0.000208,130176.6,6.6187,0.000111,78813.5,5.4661,5.8e-05,59834.4,4.7999,3.8e-05,48481.35,4.4429,3e-05,41883.23,3.4286,1.9e-05
20261008,6796,晉弘,17563.0,25651.0,37306.0,70694.0,80595.0,18544.0,26823.0,26423.0,22998.0,24072.0,63308.0,19404.0,39943.0,76000.0,45604.0,43882.0,136379.0,201536.0,47395.0,148766.0,92371.0,224608.0,44706.0,69688.0,85528.0,94563.0,75111.0,46102.0,46172.0,88201.0,26840.0,21.812,8.5e-05,46361.8,7.5765,4.5e-05,35066.9,5.0084,2.4e-05,39661.87,2.9521,1.5e-05,58644.3,1.4974,1.2e-05,67997.87,0.861,8e-06
20261008,6799,來頡,266359.0,132012.0,303936.0,289267.0,286307.0,324626.0,363126.0,744102.0,219429.0,496570.0,554825.0,125636.0,458506.0,274151.0,97374.0,82153.0,104381.0,125714.0,115992.0,126169.0,125830.0,111209.0,104959.0,147612.0,89152.0,162505.0,135449.0,204642.0,157608.0,191862.0,234102.33,37.9263,0.001286,255576.2,20.8438,0.000689,342573.4,7.7752,0.000359,329081.73,5.396,0.000234,274531.75,4.8512,0.000183,230715.43,3.8483,0.000119
20261008,6805,富世達,1687423.0,933348.0,2051650.0,2557802.0,1860964.0,2121012.0,2379419.0,1045620.0,1046299.0,2550860.0,1915047.0,2483339.0,1519334.0,1107601.0,1046754.0,1303815.0,917127.0,1018040.0,1486989.0,1576206.0,325778.0,536333.0,564271.0,870133.0,1238933.0,2618566.0,2864739.0,3660595.0,4402453.0,3229488.0,1557473.67,36.1145,0.008147,1818237.4,18.5611,0.004367,1823439.7,9.2541,0.002276,1753764.8,6.4145,0.001483,1630432.45,5.1748,0.001162,1763997.93,3.1886,0.000756
20261008,6807,峰源-KY,41333.0,0.0,7000.0,7083.0,12000.0,15057.0,7031.0,13913.0,0.0,8000.0,21000.0,14000.0,3000.0,9000.0,1083.0,2000.0,6305.0,2000.0,136.0,6040.0,1465.0,27231.0,10000.0,14022.0,9000.0,17068.0,7500.0,5064.0,2000.0,17037.0,16111.0,85.5171,0.0002,13483.2,61.3104,0.000107,11141.7,37.0976,5.6e-05,10633.33,25.9141,3.6e-05,8799.05,23.4872,2.8e-05,9545.6,14.4335,1.9e-05
20261008,6830,汎銓,564590.0,953802.0,1619368.0,1769211.0,1744163.0,794025.0,749406.0,911857.0,942448.0,799077.0,1560833.0,2635979.0,2580595.0,1600231.0,1668659.0,1006110.0,1625120.0,1179502.0,1690917.0,1746902.0,2067152.0,1563039.0,3050638.0,5312183.0,5478263.0,2997028.0,1636512.0,1537472.0,3490100.0,4626293.0,1045920.0,17.9934,0.002726,1330226.8,8.4886,0.001461,1084794.7,5.2046,0.000762,1392949.6,2.7021,0.000496,1407139.75,2.0062,0.000389,1996715.83,0.9425,0.000253
20261008,6831,邁科,1898791.0,516642.0,756335.0,751784.0,609050.0,701310.0,1088907.0,786787.0,1166953.0,483120.0,563117.0,854155.0,1950355.0,341117.0,361609.0,532270.0,780502.0,661071.0,909200.0,917333.0,733589.0,1264644.0,1037685.0,741344.0,788669.0,1084803.0,1216365.0,1565775.0,1161889.0,1530915.0,1057256.0,59.8654,0.009167,906520.4,41.8919,0.004914,875967.9,21.6765,0.002561,855335.47,14.7996,0.001669,831520.4,11.4176,0.001308,925202.87,6.841,0.000851
20261008,6834,天二科技,18632795.0,18440394.0,3560724.0,10894293.0,12078273.0,9597928.0,2684385.0,2757804.0,5943310.0,5500627.0,6166638.0,12137974.0,6734855.0,6365386.0,2882279.0,5641078.0,7659329.0,15065804.0,7261240.0,6748749.0,7653879.0,5532933.0,4355140.0,2575546.0,4377392.0,2064252.0,2121343.0,4841128.0,2670772.0,2090896.0,13544637.67,45.8553,0.089956,12721295.8,29.2939,0.048221,9009053.3,20.6823,0.025135,8291844.33,14.9808,0.016375,8337693.25,11.1738,0.012836,6834571.53,9.0875,0.008347
20261008,6835,圓裕,17125.0,24056.0,20240.0,65189.0,15294.0,14178.0,8299.0,7241.0,20180.0,21008.0,70544.0,20449.0,9010.0,33442.0,15010.0,15000.0,8295.0,37008.0,12062.0,12088.0,38197.0,19383.0,28306.0,25000.0,11335.0,15095.0,17201.0,17096.0,30126.0,9004.0,20473.67,27.8813,8.3e-05,28380.8,12.068,4.4e-05,21281.0,8.0471,2.3e-05,24084.33,4.7403,1.5e-05,22285.9,3.8421,1.2e-05,21882.03,2.6087,8e-06
20261008,6838,台新藥,108522.0,120869.0,99493.0,183512.0,204255.0,149573.0,135088.0,274766.0,603017.0,889639.0,63089.0,94890.0,213041.0,204170.0,79818.0,72365.0,51525.0,90902.0,147319.0,90360.0,88065.0,131061.0,208514.0,295383.0,215581.0,59261.0,55721.0,69250.0,27474.0,50538.0,109628.0,32.997,0.000524,143330.2,15.1429,0.000281,276873.4,3.9196,0.000146,228249.47,3.1697,9.5e-05,193810.65,2.7997,7.5e-05,169235.37,2.1375,4.9e-05
20261008,6854,錼創科技-KY創,103601.0,148438.0,355725.0,186553.0,189703.0,209199.0,228806.0,88099.0,153317.0,207381.0,190611.0,143806.0,328461.0,102356.0,158660.0,212464.0,77672.0,167594.0,199477.0,150939.0,203238.0,191038.0,306930.0,642573.0,632380.0,296904.0,374785.0,145451.0,134578.0,261728.0,202588.0,17.0463,0.0005,196804.0,10.5283,0.000268,187082.2,5.5377,0.00014,186314.4,3.707,9.1e-05,180143.1,2.8755,7.1e-05,226415.57,1.5252,4.6e-05
20261008,6861,睿生光電,880355.0,1130708.0,1900559.0,1986467.0,1565281.0,5529447.0,2023999.0,2318339.0,4029976.0,5900806.0,5402990.0,4377975.0,1451647.0,2357371.0,2650095.0,3944720.0,1105031.0,3995263.0,1493423.0,969831.0,1596997.0,252842.0,231207.0,593595.0,165249.0,202737.0,251078.0,405783.0,269106.0,335481.0,1303874.0,22.5061,0.00425,1492674.0,11.7957,0.002278,2726593.7,3.2288,0.001188,2900401.0,2.0235,0.000774,2750714.15,1.6002,0.000606,1977278.6,1.4841,0.000394
20261008,6862,三集瑞-KY,376157.0,626402.0,83702.0,138253.0,205387.0,341341.0,78777.0,40327.0,49026.0,148506.0,407929.0,298253.0,63849.0,104147.0,91400.0,138260.0,70368.0,122789.0,101319.0,114058.0,90162.0,111654.0,206724.0,119945.0,64862.0,161085.0,183944.0,342830.0,313906.0,97005.0,362087.0,34.6286,0.001816,285980.2,26.3065,0.000973,208787.8,18.0162,0.000507,203563.73,12.3191,0.000331,180012.5,10.4481,0.000259,176412.23,7.1075,0.000169
20261008,6863,永道-KY,43288.0,35697.0,31482.0,43156.0,66376.0,53107.0,104641.0,35979.0,50850.0,47691.0,94048.0,85176.0,136495.0,100289.0,70206.0,109926.0,127991.0,332673.0,54908.0,81879.0,61257.0,61309.0,87350.0,112723.0,75059.0,77066.0,62365.0,78745.0,82865.0,82812.0,36822.33,39.1864,0.000209,43999.8,19.6765,0.000112,51226.7,8.4503,5.8e-05,66565.4,4.3354,3.8e-05,85292.9,2.5376,3e-05,82913.63,1.7403,1.9e-05
20261008,6869,雲豹能源,292118.0,216883.0,267933.0,474875.0,421697.0,491626.0,377186.0,457988.0,371509.0,1115215.0,676178.0,547419.0,667113.0,769876.0,242869.0,325886.0,178257.0,374122.0,303749.0,166460.0,223942.0,208721.0,313785.0,312157.0,271888.0,748621.0,239899.0,355964.0,185850.0,361562.0,258978.0,37.5988,0.00141,334701.2,17.4554,0.000756,448703.0,6.5103,0.000394,492699.0,3.9526,0.000257,436947.95,3.3427,0.000201,398711.6,2.4422,0.000131
20261008,6873,泓德能源,247688.0,272201.0,584637.0,466356.0,203315.0,192440.0,145527.0,133311.0,226797.0,419948.0,274996.0,348982.0,394047.0,287814.0,191004.0,156299.0,210754.0,207982.0,206601.0,162056.0,126843.0,110959.0,204206.0,186719.0,259509.0,212031.0,593387.0,698449.0,227886.0,322156.0,368175.33,22.4248,0.001196,354839.4,13.9606,0.000641,289222.0,8.5639,0.000334,292604.2,5.6433,0.000218,266637.75,4.6447,0.000171,275830.0,2.9932,0.000111
20261008,6885,全福生技,643971.0,1215020.0,746017.0,1129632.0,883614.0,728383.0,1025210.0,1297844.0,1319077.0,1898379.0,1906847.0,3001983.0,1962009.0,2011633.0,763093.0,578526.0,939721.0,1574997.0,719343.0,638411.0,559479.0,1286251.0,526421.0,535514.0,1109266.0,475111.0,347841.0,758519.0,2193844.0,353887.0,868336.0,24.7205,0.003109,923650.8,13.944,0.001667,1088714.7,5.915,0.000869,1368847.47,3.1363,0.000566,1249185.5,2.5776,0.000444,1104328.1,1.9438,0.000288
20261008,6887,寶綠特-KY,6000.0,17050.0,37031.0,76415.0,18080.0,10317.0,39319.0,17108.0,10000.0,12002.0,16000.0,18033.0,16000.0,13000.0,10000.0,19010.0,31220.0,10000.0,42227.0,18000.0,13690.0,15000.0,15020.0,8000.0,14000.0,34100.0,38442.0,62790.0,148591.0,44093.0,20027.0,9.9865,2.9e-05,30915.2,3.8816,1.6e-05,24332.2,2.4659,8e-06,21090.33,1.8966,5e-06,21840.6,1.3736,4e-06,27684.6,0.7224,3e-06
20261008,6890,來億-KY,157278.0,611113.0,145940.0,87163.0,149846.0,152759.0,66816.0,86198.0,140614.0,76844.0,139203.0,195215.0,226293.0,203250.0,205622.0,157125.0,242749.0,284239.0,192253.0,511041.0,327605.0,265521.0,524946.0,313214.0,129365.0,170793.0,129395.0,239033.0,651188.0,1011751.0,304777.0,17.2014,0.000759,230268.0,13.6604,0.000407,167457.1,9.3921,0.000212,176276.93,5.9481,0.000138,201578.05,3.9012,0.000108,259812.4,2.0178,7e-05
20261008,6901,鑽石投資,4041511.0,2380758.0,3312263.0,6644376.0,1721017.0,2764815.0,5739727.0,4821111.0,1233148.0,1534735.0,697124.0,719877.0,1236322.0,826908.0,658792.0,530157.0,746786.0,788528.0,574748.0,730811.0,977186.0,1134896.0,1355411.0,1090417.0,898596.0,1553628.0,1805914.0,1880196.0,1261767.0,1538590.0,3244844.0,41.5173,0.019512,3619985.0,22.3289,0.010459,3419346.1,11.8195,0.005452,2555498.93,10.5433,0.003552,2085175.7,9.6911,0.002784,1840003.83,7.3216,0.00181
20261008,6902,GOGOLOOK,281516.0,548403.0,338820.0,424338.0,473649.0,390751.0,556230.0,739617.0,1144665.0,1344254.0,2984863.0,317546.0,924702.0,117869.0,22478.0,65270.0,58430.0,86586.0,68501.0,54901.0,58118.0,81398.0,33422.0,46386.0,113023.0,36723.0,69503.0,92574.0,51386.0,65922.0,389579.67,24.0872,0.001359,413345.2,13.6214,0.000729,624224.3,4.5099,0.00038,707313.4,2.6534,0.000247,547169.45,2.5725,0.000194,386394.8,2.4286,0.000126
20261008,6906,現觀科,20553.0,34567.0,57371.0,40786.0,27775.0,41424.0,51103.0,27331.0,47047.0,29266.0,63395.0,140863.0,54417.0,25317.0,20718.0,24704.0,51003.0,21258.0,86267.0,74249.0,168082.0,450562.0,496558.0,397569.0,15778.0,59677.0,135241.0,147531.0,85850.0,16476.0,37497.0,18.2708,9.9e-05,36210.4,11.352,5.3e-05,37722.3,5.4485,2.8e-05,45462.2,3.0139,1.8e-05,46970.7,2.1879,1.4e-05,97091.27,0.7056,9e-06
20261008,6908,宏碁遊戲-創,38050.0,67943.0,71622.0,53545.0,84727.0,174332.0,110917.0,262835.0,12062.0,2018.0,27521.0,13507.0,15000.0,13100.0,6200.0,9040.0,3000.0,4000.0,8000.0,21333.0,17372.0,20365.0,35350.0,7116.0,12310.0,10110.0,11000.0,7050.0,21046.0,17225.0,59205.0,21.4227,0.000184,63177.4,12.0454,9.8e-05,87805.1,4.3335,5.1e-05,63558.6,3.9911,3.3e-05,49937.6,3.8098,2.6e-05,38589.87,3.2867,1.7e-05
20261008,6909,創控,242222.0,175510.0,247313.0,513961.0,818121.0,159114.0,242662.0,261738.0,167616.0,173704.0,328170.0,466383.0,464983.0,294635.0,331575.0,379125.0,1773620.0,818553.0,179240.0,176458.0,155372.0,150095.0,143880.0,227598.0,127199.0,133876.0,175517.0,151264.0,231584.0,170906.0,221681.67,36.4219,0.001169,399425.4,12.1285,0.000627,300196.1,8.0688,0.000327,325847.13,4.9557,0.000213,410735.15,2.9486,0.000167,329399.8,2.4511,0.000109
20261008,6914,阜爾運通,22075.0,49535.0,68153.0,135409.0,64481.0,75504.0,84330.0,43637.0,20655.0,36227.0,22862.0,14228.0,47461.0,55970.0,20767.0,35104.0,112104.0,39143.0,10106.0,27624.0,37298.0,56667.0,93581.0,20513.0,42691.0,90952.0,66007.0,120552.0,267615.0,411351.0,46587.67,15.7946,0.000107,67930.6,6.4993,5.7e-05,60000.6,3.6791,3e-05,50752.93,2.8997,1.9e-05,49268.75,2.2403,1.5e-05,73086.73,1.0068,1e-05
20261008,6916,華凌,18200.0,44320.0,48045.0,75172.0,26587.0,13150.0,35000.0,36717.0,15210.0,17216.0,25101.0,21000.0,13000.0,14000.0,24007.0,31000.0,25000.0,11001.0,12034.0,31550.0,175733.0,13229.0,18088.0,27100.0,14000.0,15690.0,28208.0,28000.0,31000.0,37484.0,36855.0,16.4609,8.8e-05,42464.8,8.5718,4.7e-05,32961.7,5.5216,2.5e-05,28448.33,4.265,1.6e-05,26865.5,3.3872,1.3e-05,30861.4,1.9658,8e-06
20261008,6918,愛派司,119054.0,233127.0,93155.0,26050.0,21329.0,31233.0,12045.0,277687.0,16115.0,24028.0,5153.0,2053.0,4002.0,25002.0,9050.0,3200.0,36100.0,64770.0,111046.0,22044.0,35708.0,18256.0,51160.0,18409.0,20000.0,31582.0,25152.0,32308.0,104645.0,25014.0,148445.33,26.7335,0.000575,98543.0,24.1629,0.000308,85382.3,13.9436,0.000161,59938.87,13.2417,0.000105,56812.15,10.4779,8.2e-05,49949.23,7.945,5.3e-05
20261008,6919,康霈*,2950946.0,2101543.0,2563797.0,3565795.0,3635766.0,2747160.0,5214982.0,3299496.0,3951337.0,5166903.0,8245884.0,6857975.0,6464359.0,2593148.0,4166800.0,4142059.0,2862127.0,8422562.0,13731804.0,5051469.0,7796917.0,4358520.0,8669515.0,11601300.0,9532965.0,18657211.0,84080003.0,10862380.0,5855542.0,5161579.0,2538762.0,38.7452,0.014247,2963569.4,19.9148,0.007637,3519772.5,8.3839,0.003981,4235059.4,4.6453,0.002593,4886795.6,3.0193,0.002033,8810394.8,1.1165,0.001322
20261008,6921,嘉雨思-創,13100.0,300.0,14189.0,13015.0,18000.0,11000.0,51043.0,27012.0,36100.0,37533.0,15001.0,89772.0,2059.0,11435.0,8226.0,15000.0,6000.0,7000.0,1000.0,2257.0,9515.0,38100.0,3011.0,4005.0,13279.0,3093.0,4520.0,11000.0,10002.0,4044.0,9196.33,47.4827,6.3e-05,11720.8,22.3534,3.4e-05,22129.2,5.9198,1.8e-05,23185.67,3.7667,1.2e-05,18952.1,3.4561,9e-06,15987.03,2.7314,6e-06
20261008,6923,中台,54561.0,21799.0,60758.0,81625.0,37762.0,39363.0,47949.0,57356.0,62772.0,96115.0,48178.0,76257.0,305560.0,42312.0,26388.0,61698.0,34795.0,54408.0,24147.0,36181.0,27811.0,33780.0,16230.0,30359.0,30193.0,64367.0,56195.0,33479.0,61072.0,26023.0,45706.0,39.7913,0.000263,51301.0,21.2709,0.000141,56006.0,9.742,7.4e-05,70583.67,5.1533,4.8e-05,63499.2,4.2962,3.8e-05,54983.1,3.3077,2.4e-05
20261008,6924,榮惠-KY創,31046.0,35807.0,88560.0,29180.0,12000.0,20234.0,25372.0,11462.0,19247.0,15463.0,35321.0,16268.0,26118.0,48987.0,54589.0,76567.0,116184.0,77998.0,31905.0,13360.0,46988.0,219941.0,57652.0,13192.0,4000.0,38272.0,20396.0,67056.0,58308.0,36600.0,51804.33,19.9764,0.00015,39318.6,15.792,8e-05,28837.1,10.766,4.2e-05,31310.27,6.6104,2.7e-05,39283.4,3.9515,2.1e-05,44935.77,2.303,1.4e-05
20261008,6928,攸泰科技,24760.0,57440.0,139200.0,93762.0,38231.0,57589.0,38980.0,29926.0,31556.0,16287.0,41912.0,35555.0,105359.0,47293.0,50047.0,51460.0,41187.0,75963.0,30746.0,19933.0,46300.0,101588.0,72405.0,40183.0,36184.0,58256.0,48232.0,97213.0,146311.0,36575.0,73800.0,11.1834,0.00012,70678.6,7.0064,6.4e-05,52773.1,4.6918,3.3e-05,53859.8,3.0647,2.2e-05,51359.3,2.4105,1.7e-05,57014.43,1.4476,1.1e-05
20261008,6931,青松健康,48850.0,45704.0,78243.0,53051.0,48975.0,34220.0,24293.0,45371.0,20182.0,34206.0,70856.0,56040.0,54099.0,37008.0,29310.0,24728.0,85548.0,53627.0,49700.0,17607.0,40054.0,28032.0,50400.0,27290.0,34025.0,57685.0,58514.0,79561.0,70189.0,48476.0,57599.0,28.2702,0.000236,54964.6,17.7751,0.000126,43309.5,11.2793,6.6e-05,45360.53,7.1795,4.3e-05,45580.9,5.3586,3.4e-05,46861.47,3.4748,2.2e-05
20261008,6933,AMAX-KY,736402.0,1136341.0,1041094.0,2154273.0,3286200.0,3166449.0,2429689.0,4137444.0,6076267.0,1318689.0,1197818.0,1620072.0,3660865.0,2860719.0,932211.0,1753249.0,1977486.0,493403.0,510177.0,562921.0,345717.0,404357.0,956572.0,1360888.0,1260106.0,3418616.0,2056481.0,1952815.0,550758.0,1533341.0,971279.0,25.2726,0.003555,1670862.0,8.8146,0.001906,2548284.8,2.8898,0.000993,2383635.53,2.0596,0.000647,2052588.45,1.7938,0.000507,1829714.0,1.3416,0.00033
20261008,6934,心誠鎂,12070.0,14212.0,55159.0,91257.0,101215.0,54048.0,56001.0,42232.0,60109.0,96100.0,118272.0,154259.0,191143.0,32000.0,26163.0,29650.0,41714.0,24339.0,21005.0,16550.0,34449.0,91308.0,34062.0,45101.0,18500.0,38810.0,39709.0,12310.0,11137.0,10204.0,27147.0,14.8205,5.8e-05,54782.6,4.4065,3.1e-05,58240.3,2.0724,1.6e-05,73616.0,1.0931,1.1e-05,61874.9,0.9754,8e-06,52436.27,0.7673,5e-06
20261008,6936,永鴻生技,18724.0,31471.0,20398.0,33595.0,7779.0,2095.0,15333.0,3150.0,10469.0,9735.0,15272.0,12432.0,10422.0,4384.0,11400.0,27109.0,12020.0,34573.0,13060.0,23156.0,16006.0,13725.0,11000.0,20373.0,10674.0,13114.0,20024.0,31906.0,40048.0,22871.0,23531.0,26.5239,9e-05,22393.4,16.7228,4.8e-05,15274.9,12.258,2.5e-05,13777.27,9.0603,1.6e-05,15828.85,5.9145,1.3e-05,17210.6,3.6264,8e-06
20261008,6937,天虹,311005.0,348445.0,740036.0,363690.0,368933.0,516330.0,748880.0,1184738.0,678835.0,358542.0,712081.0,416452.0,735294.0,534217.0,396107.0,274117.0,327163.0,420315.0,1528367.0,280481.0,301998.0,270684.0,532250.0,534837.0,1730542.0,416907.0,314960.0,660629.0,331795.0,267573.0,466495.33,22.2228,0.001501,426421.8,14.5867,0.000805,561943.4,5.5345,0.00042,560905.67,3.6965,0.000273,562201.4,2.766,0.000214,553540.1,1.8728,0.000139
20261008,6944,兆聯實業,967273.0,1837073.0,505203.0,591668.0,450959.0,653674.0,494392.0,674422.0,469755.0,316163.0,325028.0,244569.0,363536.0,263225.0,233341.0,138983.0,313537.0,423732.0,224769.0,242694.0,277390.0,597836.0,340084.0,473829.0,378003.0,309802.0,250635.0,229736.0,268288.0,197029.0,1103183.0,29.2267,0.00467,870435.2,22.225,0.002503,696058.2,13.8964,0.001305,559352.07,11.5285,0.00085,486699.8,9.9371,0.000666,435220.93,7.4083,0.000433
20261008,6947,台鎔科技,168546.0,156194.0,252342.0,297587.0,168311.0,221733.0,193105.0,147551.0,134696.0,149674.0,96679.0,79882.0,146230.0,82054.0,85842.0,175483.0,88372.0,135248.0,74993.0,178249.0,148768.0,159724.0,269535.0,315073.0,259474.0,197956.0,320227.0,241310.0,256337.0,168897.0,192360.67,29.2066,0.000814,208596.0,16.16,0.000436,188973.9,8.919,0.000227,158695.07,7.0805,0.000148,151638.55,5.5575,0.000116,179002.4,3.1386,7.6e-05
20261008,6949,沛爾生醫*-創,2298157.0,2319027.0,1883266.0,3960715.0,14023533.0,2139054.0,2970817.0,3077533.0,2671825.0,2870742.0,3651236.0,2711421.0,8705561.0,4524535.0,4290274.0,7426041.0,7805082.0,13618885.0,26068201.0,34556728.0,18561472.0,24486488.0,,,,,,,,562127.0,2166816.67,35.3538,0.011095,4896939.6,9.3861,0.005947,3821466.9,6.0138,0.0031,4139846.4,3.7009,0.00202,7578631.65,1.5162,0.001583,8486205.22,1.1774,0.00103
20261008,6951,青新-創,95846.0,17832.0,16835.0,25609.0,9637.0,19383.0,23347.0,28225.0,17699.0,14872.0,45732.0,28987.0,22210.0,5113.0,26247.0,13758.0,27574.0,31044.0,7607.0,53332.0,19881.0,31476.0,50851.0,16784.0,14630.0,3928.0,18403.0,12627.0,1636.0,10554.0,43504.33,73.4379,0.000463,33151.8,57.8225,0.000248,26928.5,35.5928,0.000129,26504.93,24.1077,8.4e-05,26544.45,18.0539,6.6e-05,23721.97,13.468,4.3e-05
20261008,6952,大武山,10282.0,20400.0,11375.0,15306.0,13023.0,5032.0,2014.0,19852.0,2000.0,10.0,11220.0,58410.0,10495.0,12025.0,17000.0,9000.0,18981.0,14040.0,11327.0,4750.0,5800.0,22500.0,13080.0,113.0,1113.0,4015.0,36010.0,11164.0,23072.0,4421.0,14019.0,24.4478,5e-05,14077.2,14.608,2.7e-05,9929.4,10.3551,1.4e-05,13896.27,4.9327,9e-06,13327.1,3.8576,7e-06,12927.67,2.6512,5e-06
20261008,6955,邦睿生技-創,3132.0,1258.0,8000.0,15072.0,10807.0,7407.0,5001.0,1008.0,1161.0,8000.0,23905.0,7281.0,6010.0,16063.0,12190.0,5000.0,0.0,1002.0,6000.0,4282.0,2264.0,25384.0,3000.0,4000.0,9120.0,8064.0,5322.0,15045.0,13197.0,32000.0,4130.0,25.2785,1.5e-05,7653.8,8.1842,8e-06,6084.6,5.1474,4e-06,8419.67,2.4799,3e-06,7128.95,2.1967,2e-06,8665.83,1.2047,1e-06
20261008,6957,裕慶-KY,404742.0,647772.0,859488.0,932297.0,598230.0,1907750.0,302581.0,842520.0,467387.0,499912.0,698734.0,639987.0,430572.0,692018.0,390360.0,170601.0,193102.0,161581.0,118860.0,73203.0,81970.0,55038.0,53322.0,34627.0,48583.0,85286.0,174892.0,151534.0,93373.0,78122.0,637334.0,21.1685,0.001954,688505.8,11.7571,0.001047,746267.9,5.4235,0.000546,687623.33,3.9241,0.000356,551584.85,3.6689,0.000279,396281.47,3.4045,0.000181
20261008,6958,日盛台駿,16492.0,11966.0,82272.0,76888.0,82269.0,10277.0,37766.0,35256.0,20238.0,33106.0,24141.0,59310.0,42359.0,30141.0,41116.0,70002.0,22027.0,30058.0,54106.0,20384.0,18482.0,26557.0,25691.0,23468.0,15210.0,18070.0,33208.0,14376.0,18079.0,31380.0,36910.0,14.8939,8e-05,53977.4,6.1107,4.3e-05,40653.0,4.0568,2.2e-05,40239.8,2.7323,1.4e-05,40008.7,2.0611,1.1e-05,34156.5,1.6095,7e-06
20261008,6958A,日盛台駿甲特,3000.0,8000.0,6000.0,8000.0,1000.0,1000.0,1000.0,1000.0,18000.0,26000.0,27000.0,6000.0,20399.0,3437.0,77243.0,26000.0,20000.0,3000.0,9000.0,7000.0,18000.0,62000.0,29000.0,46040.0,3000.0,35000.0,28933.0,14076.0,9010.0,15060.0,5666.67,17.6471,1.4e-05,5200.0,11.5385,8e-06,7300.0,4.1096,4e-06,13805.27,1.4487,3e-06,13603.95,1.1026,2e-06,17739.93,0.5637,1e-06
20261008,6962,奕力-KY,1729057.0,1023705.0,1843079.0,2892534.0,2227485.0,2751544.0,2061933.0,1348910.0,686362.0,1160548.0,1800838.0,973586.0,1036957.0,917263.0,646316.0,720664.0,1099973.0,1073054.0,1052178.0,1119643.0,1844932.0,1024513.0,1115333.0,1776312.0,2236564.0,11035205.0,6410031.0,1585897.0,1774246.0,2316394.0,1531947.0,37.6222,0.008348,1943172.0,17.7962,0.004475,1772515.7,9.7548,0.002332,1540007.8,7.4851,0.00152,1408281.45,6.1389,0.001191,1976168.53,2.9165,0.000775
20261008,6965,中傑-KY,101060.0,100233.0,90819.0,127359.0,128044.0,47737.0,245983.0,84456.0,31654.0,23565.0,28151.0,15111.0,16465.0,33017.0,24000.0,26290.0,76714.0,78100.0,59740.0,26148.0,8377.0,26000.0,11036.0,14177.0,40365.0,32235.0,23449.0,7100.0,19025.0,28015.0,97370.67,34.5963,0.000488,109503.0,18.4579,0.000262,98091.0,10.3027,0.000136,73176.93,9.2069,8.9e-05,68232.3,7.4056,7e-05,52480.83,6.4189,4.5e-05
20261008,6969,成信實業*-創,62648.0,28727.0,147710.0,193240.0,210148.0,161667.0,99500.0,163053.0,281313.0,91445.0,175724.0,51770.0,44330.0,82501.0,91200.0,157126.0,158049.0,178075.0,110164.0,448985.0,799920.0,61310.0,84665.0,92510.0,158748.0,120191.0,70897.0,206523.0,157122.0,160552.0,79695.0,26.2032,0.000302,128494.6,9.7511,0.000162,143945.1,4.3522,8.5e-05,125665.07,3.3235,5.5e-05,146868.75,2.1328,4.3e-05,161660.43,1.2918,2.8e-05
20261008,6988,威力暘-創,129600.0,165038.0,209703.0,24000.0,140020.0,94000.0,352000.0,143000.0,49000.0,45000.0,61000.0,83000.0,54000.0,64000.0,16000.0,11001.0,24000.0,24000.0,57000.0,42000.0,78421.0,17056.0,25000.0,43444.0,44000.0,53000.0,54000.0,41000.0,19000.0,70060.0,168113.67,25.6969,0.000626,133672.2,19.3907,0.000335,135136.1,9.5903,0.000175,108624.07,7.954,0.000114,89368.1,7.2509,8.9e-05,74411.43,5.8056,5.8e-05
20261008,6994,富威電力,525615.0,597222.0,1073369.0,3177305.0,2578924.0,998022.0,626298.0,299424.0,240031.0,207446.0,400953.0,541467.0,567875.0,534726.0,1120272.0,1892332.0,1022128.0,2234014.0,1099365.0,990910.0,306767.0,383134.0,406928.0,322249.0,571991.0,443251.0,398880.0,385173.0,274521.0,544841.0,732068.67,23.9329,0.002538,1590487.0,6.6095,0.00136,1032365.6,5.0914,0.000709,899263.27,3.8966,0.000462,1036384.9,2.5358,0.000362,825514.43,2.1224,0.000235
20261008,7610,聯友金屬-創,865761.0,991455.0,550393.0,1256506.0,663600.0,526796.0,764301.0,565924.0,540902.0,508685.0,605272.0,696823.0,2608870.0,866311.0,1215127.0,878535.0,972335.0,587269.0,1027843.0,1223081.0,2424763.0,327155.0,395227.0,1152011.0,446636.0,609180.0,457229.0,1189663.0,382223.0,492577.0,802536.33,35.9594,0.00418,865543.0,20.005,0.002241,723432.3,11.9674,0.001168,881781.73,6.5455,0.000761,895789.45,4.8324,0.000596,859748.43,3.3566,0.000388
20261008,7631,聚賢研發-創,34401.0,66162.0,121386.0,97253.0,70867.0,276501.0,125692.0,20037.0,41366.0,41309.0,71325.0,111296.0,95732.0,64225.0,11431.0,13246.0,55086.0,93268.0,72415.0,18471.0,17687.0,17434.0,66565.0,31354.0,53545.0,114334.0,23591.0,36003.0,61742.0,43221.0,73983.0,15.4995,0.000166,78013.8,8.8192,8.9e-05,89497.4,3.8438,4.6e-05,83265.53,2.7543,3e-05,75073.45,2.2912,2.4e-05,65564.83,1.749,1.5e-05
20261008,7689,大鵬科CLMX,67882.0,30747.0,89914.0,240771.0,180472.0,59530.0,86269.0,26406.0,15131.0,29052.0,31978.0,26996.0,23114.0,56666.0,16425.0,15716.0,16454.0,65177.0,71067.0,48770.0,124438.0,46531.0,46692.0,44494.0,19753.0,64498.0,80065.0,39602.0,32157.0,127168.0,62847.67,36.0035,0.000328,121957.2,11.1321,0.000176,82617.4,8.2164,9.2e-05,65423.53,6.9172,6e-05,59926.85,5.6637,4.7e-05,60797.83,3.7217,3e-05
20261008,7705,三商餐飲,34846.0,74124.0,64703.0,52704.0,12728.0,21204.0,39354.0,39583.0,19771.0,11267.0,43500.0,52752.0,52168.0,34061.0,55332.0,27365.0,46409.0,20362.0,37867.0,7168.0,28694.0,70472.0,68260.0,247241.0,68587.0,68074.0,40342.0,68143.0,31833.0,35636.0,57891.0,20.0641,0.000168,47821.0,14.5735,9e-05,37028.4,9.4106,4.7e-05,40539.8,5.7303,3.1e-05,37363.4,4.6631,2.4e-05,49151.67,2.3632,1.6e-05
20261008,7711,永擎,617238.0,1032120.0,1345169.0,1875540.0,1491739.0,1893247.0,806691.0,438674.0,458792.0,737214.0,1174530.0,1170824.0,1904132.0,613102.0,1415029.0,3570247.0,411129.0,318431.0,1268789.0,1865679.0,2433484.0,2867311.0,2356476.0,1693857.0,2332752.0,2373303.0,1893081.0,1443345.0,899277.0,1451678.0,998175.67,20.6122,0.00298,1272361.2,9.7022,0.001597,1069642.4,5.7705,0.000833,1131602.73,3.6364,0.000542,1220415.8,2.5288,0.000425,1471762.67,1.398,0.000277
20261008,7721,微程式,58173.0,46517.0,59070.0,25058.0,36053.0,30611.0,33227.0,33463.0,34150.0,31305.0,74542.0,93870.0,75565.0,91733.0,56603.0,73122.0,35917.0,81261.0,24457.0,91102.0,21556.0,60028.0,37691.0,137250.0,44015.0,40390.0,40925.0,67140.0,42516.0,48584.0,54586.67,35.5233,0.000281,44974.2,25.8695,0.000151,38762.7,15.0075,7.8e-05,51996.0,7.4587,5.1e-05,54289.95,5.3576,4e-05,54196.47,3.5779,2.6e-05
20261008,7722,LINEPAY,37190.0,132742.0,40262.0,38816.0,30038.0,26410.0,32803.0,53965.0,43574.0,43938.0,38502.0,28807.0,41569.0,61089.0,38949.0,29380.0,49166.0,126604.0,63869.0,35469.0,83524.0,110636.0,47394.0,51555.0,50895.0,37189.0,47098.0,26592.0,61722.0,59963.0,70064.67,17.6932,0.00018,55809.6,13.3275,9.6e-05,47973.8,7.7521,5e-05,45910.27,5.4004,3.3e-05,49657.1,3.7447,2.6e-05,52323.67,2.3692,1.7e-05
20261008,7730,暉盛-創,259520.0,260249.0,67061.0,122649.0,154153.0,444008.0,93887.0,66534.0,10341.0,54565.0,48867.0,208000.0,75610.0,114453.0,43150.0,95271.0,25500.0,70771.0,45161.0,27130.0,79384.0,194952.0,253549.0,343073.0,27156.0,21200.0,51514.0,153791.0,130715.0,125803.0,195610.0,44.2241,0.001253,172726.4,30.0498,0.000672,153296.7,16.9293,0.00035,134869.8,12.8282,0.000228,114344.0,11.3482,0.000179,122267.23,7.0752,0.000116
20261008,7732,金興精密,6000.0,5000.0,28198.0,30002.0,23086.0,6030.0,1026.0,23025.0,11007.0,0.0,1000.0,2001.0,3000.0,10000.0,0.0,3000.0,7000.0,8000.0,10000.0,5000.0,3574.0,10000.0,4000.0,4000.0,3000.0,4000.0,4000.0,10050.0,4000.0,4000.0,13066.0,15.3069,2.9e-05,18457.2,6.5015,1.6e-05,13337.4,4.4986,8e-06,9958.33,4.0167,5e-06,9118.75,3.2899,4e-06,7766.63,2.5751,3e-06
20261008,7736,虎山,57098.0,71169.0,144160.0,182804.0,50054.0,58011.0,16073.0,27095.0,13002.0,48015.0,12106.0,58002.0,42215.0,5017.0,4700.0,6889.0,50697.0,3000.0,8355.0,7084.0,9677.0,12200.0,6000.0,19040.0,5051.0,9059.0,9170.0,44015.0,13150.0,16200.0,90809.0,20.959,0.000276,101057.0,11.3002,0.000148,66748.1,8.5543,7.7e-05,52634.73,7.232,5e-05,43277.3,6.5968,3.9e-05,33636.93,5.6583,2.6e-05
20261008,7740,熙特爾-創,411485.0,409121.0,193703.0,189440.0,129528.0,169455.0,143471.0,337585.0,448580.0,405929.0,233796.0,181991.0,271275.0,116521.0,248896.0,177665.0,139213.0,222207.0,90407.0,118214.0,48133.0,89412.0,78660.0,81783.0,37438.0,126904.0,169280.0,86566.0,101562.0,123681.0,338103.0,40.568,0.001987,266655.4,30.8627,0.001065,283829.7,14.4976,0.000555,259385.07,10.5759,0.000362,231924.1,8.8711,0.000283,186063.37,7.3718,0.000184
20261008,7749,意騰-KY,619116.0,95508.0,155785.0,248250.0,197925.0,283560.0,200702.0,226401.0,295771.0,658596.0,219109.0,257048.0,147372.0,140763.0,218843.0,193727.0,162773.0,193800.0,90714.0,214458.0,183788.0,892657.0,149005.0,122766.0,231908.0,356452.0,927022.0,107553.0,167382.0,164601.0,290136.33,71.1293,0.002989,263316.8,47.0244,0.001602,298161.4,20.7645,0.000835,264316.6,15.6155,0.000544,241011.05,12.8441,0.000427,270778.5,7.6214,0.000277
20261008,7750,新代,81665.0,139291.0,263217.0,278325.0,132180.0,97494.0,128342.0,82412.0,132618.0,101072.0,170848.0,95874.0,188676.0,106755.0,127185.0,139284.0,476393.0,526912.0,199671.0,110295.0,327199.0,336295.0,346468.0,186623.0,199227.0,231928.0,193786.0,499275.0,554087.0,1083452.0,161391.0,16.8669,0.000394,178935.6,9.1279,0.000211,143661.6,5.6845,0.00011,141730.27,3.8413,7.2e-05,178925.45,2.2821,5.6e-05,251228.3,1.0835,3.7e-05
20261008,7760,享溫馨,15043.0,43280.0,54403.0,17552.0,10061.0,42946.0,35224.0,17030.0,43092.0,43173.0,62065.0,67101.0,17110.0,25160.0,15028.0,18060.0,40011.0,38061.0,7413.0,9013.0,53640.0,37268.0,65895.0,80065.0,29003.0,49116.0,129294.0,103788.0,138242.0,77000.0,37575.33,13.3447,7.3e-05,28067.8,10.719,3.9e-05,32180.4,4.6746,2e-05,33884.53,2.9597,1.3e-05,31041.3,2.4231,1e-05,46137.9,1.0868,7e-06
20261008,7765,中華資安,57356.0,98601.0,100838.0,244431.0,86853.0,70820.0,74827.0,111626.0,99930.0,161623.0,200262.0,272306.0,419452.0,387841.0,669563.0,2000032.0,536159.0,102026.0,142567.0,53769.0,130408.0,43921.0,37495.0,48221.0,8456.0,23624.0,29936.0,64915.0,28233.0,16798.0,85598.33,22.3353,0.000277,117615.8,9.7531,0.000148,110690.5,5.1817,7.7e-05,203755.27,1.8766,5e-05,294544.1,0.9736,4e-05,210762.97,0.9071,2.6e-05
20261008,7768,頌勝科技,56469.0,42224.0,72451.0,152073.0,290889.0,121020.0,84548.0,114668.0,209303.0,55405.0,127508.0,177500.0,102618.0,27666.0,52566.0,33937.0,43557.0,62715.0,42942.0,56147.0,57676.0,58022.0,96312.0,73782.0,65245.0,96772.0,78572.0,57449.0,58445.0,55781.0,57048.0,32.995,0.000273,122821.2,9.1953,0.000146,119905.0,4.7095,7.6e-05,112460.53,3.3475,5e-05,96310.3,2.9316,3.9e-05,87475.4,2.1518,2.5e-05
20261008,7769,鴻勁,579791.0,571718.0,1025448.0,738855.0,457266.0,487125.0,926671.0,992836.0,1333263.0,696624.0,1210764.0,1732162.0,3329210.0,1042674.0,437655.0,420235.0,464710.0,497739.0,599317.0,1004541.0,1903897.0,1408004.0,412749.0,940844.0,864056.0,1154455.0,1526208.0,510592.0,441747.0,355931.0,725652.33,26.6331,0.002799,674615.6,17.1888,0.0015,780959.7,7.4241,0.000782,1037470.8,3.7257,0.00051,927430.2,3.1258,0.000399,935569.57,2.0657,0.00026
20261008,7780,大研生醫*,2005178.0,805093.0,1167996.0,1869839.0,1055671.0,862735.0,585103.0,450257.0,493328.0,624593.0,645675.0,525843.0,686399.0,440848.0,377122.0,602925.0,1198755.0,711546.0,541096.0,392472.0,636335.0,701835.0,583651.0,1434571.0,1093610.0,858312.0,649744.0,412740.0,922779.0,476015.0,1326089.0,50.4033,0.009681,1380755.4,29.0447,0.005189,991979.3,20.2139,0.002705,839712.0,15.9196,0.001762,802123.7,12.4992,0.001381,793735.53,8.4208,0.000898
20261008,7786,東方風能,80580.0,53157.0,83217.0,224794.0,95267.0,77730.0,71350.0,110073.0,73689.0,56936.0,65364.0,82018.0,153892.0,189815.0,126979.0,117863.0,51357.0,220150.0,149944.0,236640.0,51261.0,234207.0,71301.0,49961.0,89607.0,70108.0,238914.0,246784.0,143291.0,163329.0,72318.0,37.1415,0.000389,107403.0,15.0052,0.000209,92679.3,8.6945,0.000109,102990.73,5.216,7.1e-05,116040.75,3.4721,5.6e-05,122652.6,2.1899,3.6e-05
20261008,7788,松川精密,3369555.0,4724716.0,3959956.0,3149388.0,2364467.0,2530364.0,926113.0,928026.0,470469.0,914131.0,1025001.0,1039243.0,1729061.0,1085774.0,1282512.0,1428881.0,1779323.0,1966280.0,6140631.0,2978086.0,3837173.0,3776454.0,4593320.0,3682299.0,1498352.0,3576565.0,5539498.0,3599795.0,4639011.0,1463681.0,4018075.67,27.9533,0.016268,3513616.4,19.18,0.00872,2333718.5,14.4386,0.004545,1966585.07,11.4227,0.002961,2189598.85,7.6945,0.002321,2666604.17,4.212,0.001509
20261008,7791,皇家可口,7899.0,59264.0,75874.0,37864.0,25906.0,58971.0,18558.0,41945.0,10698.0,7255.0,28709.0,22704.0,26909.0,10236.0,27390.0,19730.0,25107.0,24224.0,34553.0,55081.0,36213.0,30289.0,39959.0,46581.0,28327.0,63124.0,5882.0,18978.0,13598.0,49165.0,47679.0,5.5223,3.8e-05,41361.4,3.8195,2e-05,34423.4,2.2947,1.1e-05,30678.8,1.7165,7e-06,30943.85,1.2763,5e-06,31699.77,0.8306,4e-06
20261008,7795,長廣,671445.0,836375.0,1372573.0,1359092.0,1641333.0,1890557.0,538793.0,517331.0,502168.0,1221801.0,1099491.0,497416.0,1165664.0,2112780.0,914868.0,932332.0,1242531.0,1392730.0,2589903.0,1406569.0,2757172.0,1861003.0,1085335.0,726386.0,850683.0,1291279.0,1494562.0,1042704.0,1745733.0,1300247.0,960131.0,23.3109,0.003242,1176163.6,11.4175,0.001738,1055146.8,6.3635,0.000906,1089445.8,4.1088,0.00059,1195287.6,2.8087,0.000463,1268695.2,1.7641,0.000301
20261008,7799,禾榮科,281792.0,741773.0,403901.0,670073.0,954743.0,2198114.0,2151874.0,621797.0,1987002.0,2545868.0,998102.0,1128287.0,2318907.0,2515618.0,1643273.0,277482.0,418070.0,1310142.0,997569.0,297254.0,318908.0,670481.0,318974.0,217617.0,244293.0,185617.0,255014.0,311715.0,604246.0,247608.0,475822.0,19.7407,0.00136,610456.4,9.2322,0.000729,1255693.7,2.2441,0.00038,1410741.6,1.3316,0.000248,1223082.05,1.152,0.000194,927870.47,1.0123,0.000126
20261008,7803,雲象科技-創,101445.0,67055.0,85714.0,133295.0,101000.0,40080.0,144259.0,52156.0,27099.0,59956.0,84519.0,31706.0,76902.0,128845.0,114491.0,35210.0,49100.0,61035.0,57125.0,23410.0,14831.0,58827.0,13000.0,12120.0,14631.0,45362.0,26010.0,36265.0,18606.0,54399.0,84738.0,39.9054,0.00049,97701.8,20.7662,0.000263,81205.9,12.4923,0.000137,83234.8,8.1252,8.9e-05,73720.1,6.8804,7e-05,58948.43,5.7364,4.5e-05
20261008,7812,稜研科技*-創,76521.0,109161.0,109333.0,214366.0,171803.0,292086.0,248351.0,64523.0,126071.0,225228.0,478021.0,,,,,,,,,,,,,,,,,,,,98338.33,25.938,0.000369,136236.8,11.2335,0.000198,163744.3,4.6732,0.000103,192314.91,3.6172,6.7e-05,192314.91,3.6172,5.3e-05,192314.91,3.6172,3.4e-05
20261008,7818,溢泰實業,4460.0,50665.0,105856.0,92532.0,93762.0,55153.0,66255.0,54677.0,26743.0,25818.0,54257.0,41302.0,35009.0,46262.0,36601.0,96519.0,61450.0,71982.0,110815.0,75120.0,28658.0,56569.0,40705.0,87086.0,58062.0,137296.0,80871.0,48154.0,53006.0,65359.0,53660.33,2.7705,2.2e-05,69455.0,1.2843,1.2e-05,57592.1,0.7744,6e-06,52623.47,0.565,4e-06,60261.9,0.3701,3e-06,62033.47,0.2397,2e-06
20261008,7821,神數,89757.0,71872.0,98102.0,102659.0,122057.0,160670.0,197607.0,176922.0,63919.0,127873.0,673629.0,84063.0,107364.0,42334.0,29542.0,75390.0,78749.0,62828.0,136110.0,97910.0,58993.0,99657.0,27855.0,126374.0,75546.0,47915.0,65938.0,165718.0,93491.0,50591.0,86577.0,34.5577,0.000433,96889.4,18.5277,0.000232,121143.8,7.4091,0.000121,143224.67,4.1779,7.9e-05,129967.85,3.453,6.2e-05,113714.5,2.6311,4e-05
20261008,7822,倍利科,257409.0,291623.0,344122.0,222114.0,215376.0,295608.0,469058.0,361243.0,292136.0,101924.0,172371.0,87976.0,86446.0,160261.0,94411.0,129355.0,122091.0,130921.0,184709.0,135595.0,192009.0,254988.0,99311.0,118970.0,91178.0,132970.0,172136.0,270651.0,296269.0,138845.0,297718.0,28.8202,0.001243,266128.8,19.3447,0.000666,285061.3,9.03,0.000347,230138.53,7.4566,0.000226,207737.45,6.1955,0.000177,197402.53,4.3466,0.000115
20261008,7823,奧義賽博-KY創,31040.0,21237.0,34029.0,78616.0,25450.0,53100.0,37185.0,39162.0,37865.0,24053.0,59685.0,22580.0,36048.0,22452.0,31110.0,72158.0,162402.0,33000.0,6193.0,12120.0,61019.0,27071.0,11322.0,30216.0,11100.0,31477.0,6600.0,40710.0,29856.0,41211.0,28768.67,35.9651,0.00015,38074.4,16.3049,8e-05,38173.7,8.1313,4.2e-05,36907.47,5.6068,2.7e-05,41974.25,3.6975,2.1e-05,37668.9,2.7467,1.4e-05
20261008,7827,漢康-KY創,433516.0,331081.0,332757.0,275143.0,418961.0,352923.0,205107.0,407175.0,370700.0,286810.0,321478.0,191807.0,468830.0,152762.0,95174.0,100172.0,81945.0,127913.0,113955.0,140490.0,114971.0,147036.0,141733.0,130656.0,82673.0,88106.0,237261.0,389436.0,370131.0,505450.0,365784.67,39.5056,0.002093,358291.6,24.1991,0.001122,341417.3,12.6975,0.000585,309614.93,9.3345,0.000381,260434.95,8.3229,0.000299,247205.07,5.8456,0.000194
20261008,7835,永悅健康-創,56020.0,59306.0,118005.0,28000.0,21000.0,98060.0,66347.0,44054.0,33080.0,68775.0,80075.0,50000.0,22562.0,27025.0,44075.0,12053.0,47160.0,34557.0,19000.0,30000.0,46000.0,73153.0,81300.0,83195.0,43232.0,160920.0,242920.0,162300.0,57727.0,18210.0,77777.0,24.0088,0.00027,56466.2,19.842,0.000145,59264.7,9.4525,7.6e-05,54425.6,6.862,4.9e-05,47957.7,5.8406,3.9e-05,64270.37,2.9054,2.5e-05
20261008,7855,和運租車,474175.0,378938.0,709027.0,288862.0,293839.0,378013.0,486814.0,867500.0,688907.0,356241.0,770642.0,241343.0,374554.0,376860.0,362217.0,367485.0,396126.0,576354.0,573518.0,557349.0,880794.0,2098313.0,652988.0,591844.0,1023863.0,1583587.0,1044839.0,878588.0,857848.0,1103403.0,520713.33,30.3542,0.002289,428968.2,22.1077,0.001227,492231.6,9.6332,0.00064,469862.13,6.7279,0.000417,475938.2,4.9815,0.000327,674494.37,2.3434,0.000212
20261008,8011,台通,1087568.0,1070698.0,2316307.0,333516.0,149109.0,127920.0,893666.0,169654.0,135271.0,630716.0,393126.0,1419140.0,341374.0,188198.0,219476.0,197565.0,233338.0,276480.0,322378.0,226945.0,262309.0,167825.0,246571.0,348446.0,191251.0,294370.0,236013.0,128683.0,346740.0,224941.0,1491524.33,24.3055,0.005251,991439.6,21.9392,0.002815,691442.5,15.729,0.001467,631715.93,11.4774,0.000956,536622.25,10.1335,0.000749,439319.8,8.2519,0.000487
20261008,8016,矽創,317211.0,696822.0,559597.0,443998.0,391697.0,499987.0,420563.0,334696.0,323090.0,366700.0,376653.0,461821.0,817528.0,379208.0,450572.0,388121.0,423108.0,542020.0,513363.0,704719.0,1445548.0,252670.0,245676.0,533546.0,377615.0,838280.0,571774.0,514325.0,533893.0,360025.0,524543.33,20.1579,0.001531,481865.0,13.166,0.000821,435436.1,7.2849,0.000428,456009.53,4.6375,0.000279,470573.7,3.3705,0.000219,502827.53,2.1028,0.000142
20261008,8021,尖點,8750429.0,7632227.0,8964712.0,12199882.0,9216082.0,1461511.0,855758.0,755727.0,949881.0,2016917.0,13222841.0,8458274.0,8380475.0,10346171.0,8326562.0,563545.0,836712.0,1115991.0,995636.0,1319886.0,15127276.0,13046649.0,6332673.0,14442146.0,7186775.0,8753655.0,9134188.0,16137795.0,5113803.0,8167498.0,8449122.67,34.522,0.042246,9352666.4,18.7122,0.022646,5280312.6,16.5718,0.011804,6769163.27,8.6179,0.00769,5318460.95,8.2265,0.006028,6993722.57,4.1706,0.00392
20261008,8028,昇陽半導體,2732367.0,7462037.0,3368148.0,6222005.0,5010534.0,5165195.0,11750104.0,18892813.0,10321779.0,5523337.0,13456615.0,12260077.0,11292233.0,9261432.0,3815963.0,3338771.0,2320122.0,2654941.0,2746280.0,1546612.0,5180911.0,5872402.0,1322617.0,1932954.0,2559823.0,3511893.0,3870838.0,2310457.0,1894678.0,1327218.0,4520850.67,20.1464,0.013191,4959018.2,11.0198,0.007071,7644831.9,3.5741,0.003686,8435642.6,2.1594,0.002401,6957068.25,1.9637,0.001882,5630838.53,1.6175,0.001224
20261008,8033,雷虎,1482716.0,2695167.0,1615528.0,1982665.0,1830423.0,1716075.0,2559779.0,1566222.0,1182926.0,1445787.0,1554195.0,1953817.0,1609386.0,2003257.0,1680089.0,2429775.0,3146206.0,8654378.0,1726973.0,1379610.0,2067173.0,2356741.0,2868742.0,5483122.0,4279688.0,3433718.0,4731485.0,25691837.0,28081541.0,10764926.0,1931137.0,25.5931,0.007158,1921299.8,15.4345,0.003837,1807728.8,8.2021,0.002,1791868.8,5.5165,0.001303,2210748.7,3.3534,0.001021,4465798.23,1.1067,0.000664
20261008,8039,台虹,60218434.0,18188875.0,21600073.0,49438408.0,19171352.0,30321735.0,31798678.0,14052899.0,7006740.0,8527489.0,10462920.0,9175138.0,18951532.0,22338443.0,12424803.0,17266429.0,14851591.0,22099927.0,23501063.0,33308686.0,40437247.0,22298940.0,40392394.0,39244963.0,22914063.0,37385107.0,38783903.0,58749504.0,22503166.0,45654657.0,33335794.0,60.214,0.290726,33723428.4,35.7131,0.155842,26032468.3,23.132,0.081231,22245167.93,18.0469,0.052922,22235260.75,13.5412,0.041485,27102305.3,7.4063,0.026976
20261008,8045,達運光電,178364.0,98837.0,109915.0,243648.0,225827.0,174112.0,75705.0,85861.0,80890.0,265882.0,157571.0,216721.0,375834.0,468137.0,867843.0,144843.0,373774.0,75565.0,99948.0,156020.0,93427.0,198342.0,345195.0,114892.0,298198.0,163376.0,64516.0,112274.0,95379.0,151240.0,129038.67,46.0751,0.000861,171318.2,20.8225,0.000462,153904.1,11.5893,0.000241,241676.47,4.9202,0.000157,223764.85,3.9855,0.000123,203737.87,2.9182,8e-05
20261008,8046,南電,5362616.0,8901338.0,7712385.0,15131229.0,16705151.0,19869429.0,13649185.0,9218794.0,13910571.0,17566625.0,17065812.0,13819215.0,10172303.0,8133171.0,7955496.0,7742890.0,6139066.0,6348878.0,6755869.0,12270561.0,6472507.0,7294802.0,18619387.0,23330491.0,7721646.0,18224604.0,20651309.0,16449294.0,7870703.0,14184956.0,7325446.33,24.4018,0.02589,10762543.8,9.9653,0.013878,12802732.3,4.1886,0.007234,12344888.0,2.896,0.004713,11221529.2,2.3894,0.003694,12175009.43,1.4682,0.002402
20261008,8070,長華*,2105672.0,2449814.0,1795748.0,4704235.0,1987144.0,885030.0,942453.0,667296.0,1577793.0,1029111.0,1792453.0,1358076.0,2481596.0,1868960.0,890121.0,878758.0,2255437.0,1242250.0,1251187.0,1221478.0,2123393.0,1655755.0,1640539.0,1829131.0,1705588.0,1384859.0,3101741.0,5604465.0,2041840.0,4085266.0,2117078.0,33.1537,0.010166,2608522.6,16.1446,0.005449,1814429.6,11.6051,0.00284,1769033.47,7.9353,0.001851,1669230.6,6.3073,0.001451,1951906.3,3.5959,0.000943
20261008,8072,陞泰,110713.0,91057.0,162728.0,202654.0,129960.0,99062.0,99285.0,148699.0,740235.0,74535.0,74697.0,232728.0,893248.0,127078.0,633573.0,1107818.0,182196.0,52899.0,53957.0,65308.0,78181.0,93107.0,43561.0,127135.0,59473.0,100362.0,84087.0,117822.0,69184.0,120702.0,121499.33,30.3741,0.000535,139422.4,15.8817,0.000287,185892.8,5.9557,0.000149,254683.47,2.8981,9.7e-05,264121.5,2.0959,7.6e-05,205868.13,1.7926,5e-05
20261008,8081,致新,289186.0,334415.0,621730.0,589844.0,476238.0,411748.0,457504.0,360523.0,224628.0,184763.0,259181.0,174636.0,309905.0,350702.0,219443.0,149828.0,251738.0,253053.0,255703.0,223835.0,511500.0,316148.0,268723.0,383017.0,157883.0,306798.0,424074.0,415098.0,368438.0,588110.0,415110.33,23.2216,0.001396,462282.6,12.5112,0.000748,395057.9,7.3201,0.00039,350963.07,5.4932,0.000254,319930.15,4.5195,0.000199,337946.4,2.8524,0.00013
20261008,8101,華冠,1037.0,4303.0,41318.0,26378.0,8510.0,5605.0,9092.0,6828.0,6931.0,1314.0,11671.0,1469.0,1349.0,8120.0,3667.0,5909.0,2341.0,8320.0,1144.0,4079.0,4067.0,1003.0,7308.0,4061.0,1351.0,24781.0,1202.0,4481.0,9586.0,5212.0,15552.67,2.2226,5e-06,16309.2,1.2717,3e-06,11131.6,0.9316,1e-06,9172.8,0.7537,1e-06,7969.25,0.6506,1e-06,7414.57,0.4662,0.0
20261008,8103,瀚荃,1873084.0,2509435.0,2699944.0,3823115.0,1955142.0,4022075.0,3891707.0,3898756.0,2944400.0,5647479.0,6183566.0,8348872.0,20154901.0,10401607.0,5849716.0,1820514.0,2666232.0,3454472.0,2321551.0,4299159.0,3392006.0,4391489.0,5723721.0,3928316.0,4586924.0,17338178.0,3561783.0,5176982.0,10582326.0,10909449.0,2360821.0,26.4468,0.009043,2572144.0,14.5644,0.004847,3326513.7,5.6308,0.002527,5613586.6,2.2245,0.001646,4938286.35,1.8965,0.00129,5611896.7,1.1126,0.000839
20261008,8104,錸寶,201815.0,168382.0,193469.0,307528.0,183050.0,217875.0,654927.0,414116.0,189594.0,196245.0,319038.0,470558.0,1004807.0,279750.0,160175.0,290666.0,235573.0,146371.0,185788.0,173858.0,308823.0,187203.0,190480.0,267633.0,187001.0,220652.0,240534.0,277879.0,483692.0,274433.0,187888.67,35.804,0.000974,210848.8,19.1431,0.000522,272700.1,7.4006,0.000272,330755.27,4.0678,0.000177,299679.25,3.3672,0.000139,287730.5,2.338,9e-05
20261008,8105,凌巨,1396190.0,1080900.0,1214305.0,3642000.0,2228765.0,6433836.0,8120178.0,988490.0,1003115.0,1428833.0,3509010.0,1752262.0,1194399.0,1274585.0,1147996.0,1668621.0,1108990.0,1339591.0,2200502.0,2079762.0,1837254.0,2555909.0,3908652.0,6185107.0,3694381.0,5818683.0,14084879.0,6433266.0,2454487.0,,1230465.0,37.8228,0.006741,1912432.0,14.6012,0.003613,2753661.2,5.0703,0.001883,2427657.6,3.8341,0.001227,2240616.5,3.1156,0.000962,3164998.21,1.5212,0.000625
20261008,8110,華東,4667940.0,4090321.0,4257641.0,7409030.0,9920246.0,4341907.0,6104836.0,4399510.0,6592866.0,25500944.0,47786757.0,30985739.0,16536574.0,8718839.0,2378545.0,1901645.0,2663437.0,2307197.0,2448023.0,2197941.0,2739098.0,1900525.0,2324035.0,3128800.0,1967236.0,3156158.0,2514360.0,4242083.0,3269119.0,2747856.0,4338634.0,35.8634,0.022536,6069035.6,15.3828,0.01208,7728524.1,6.0399,0.006297,12246113.0,2.5412,0.004102,9760496.9,2.3912,0.003216,7439973.6,2.0914,0.002091
20261008,8112,至上,11966132.0,3022395.0,3283950.0,5336243.0,5045893.0,5690582.0,5267062.0,3568622.0,2893819.0,3702383.0,6088483.0,3579738.0,4809582.0,5188936.0,4889102.0,3987720.0,4438980.0,6187886.0,5639452.0,21363125.0,5469272.0,4624442.0,5572317.0,9207939.0,6958592.0,5385732.0,5617523.0,8591880.0,6409744.0,8221408.0,6090825.67,65.4872,0.057771,5730922.6,41.7599,0.030968,4977708.1,24.0394,0.016142,4955528.13,16.098,0.010516,5797504.25,10.3201,0.008243,6066964.47,6.5745,0.00536
20261008,8112A,至上甲特,15600.0,2508.0,2735.0,21297.0,11730.0,11807.0,8061.0,15732.0,7000.0,15465.0,14995.0,10634.0,19128.0,10800.0,14410.0,3385.0,17681.0,6398.0,8565.0,4292.0,9050.0,29723.0,6045.0,75977.0,4445.0,4389.0,4325.0,84133.0,112417.0,40100.0,6947.67,74.8453,7.5e-05,10774.0,28.9586,4e-05,11193.5,13.9367,2.1e-05,12126.8,8.576,1.4e-05,11111.15,7.02,1.1e-05,19760.9,2.6315,7e-06
20261008,8114,振樺電,300621.0,332981.0,167079.0,139553.0,135896.0,227586.0,291044.0,213036.0,228963.0,318439.0,312192.0,360055.0,325127.0,347672.0,316820.0,263909.0,282827.0,483677.0,318809.0,525861.0,1287310.0,562614.0,290290.0,639210.0,248339.0,326148.0,472904.0,324474.0,312112.0,309642.0,266893.67,37.5457,0.001451,215226.0,27.9354,0.000778,235519.8,12.7641,0.000406,267804.27,7.4836,0.000264,294607.35,5.1021,0.000207,355506.33,2.8187,0.000135
20261008,8131,福懋科,8158662.0,8343432.0,1081322.0,1950288.0,3629621.0,1213878.0,1896520.0,607921.0,792721.0,2122858.0,2568558.0,2714877.0,3628127.0,977299.0,741036.0,1423126.0,1369546.0,1652441.0,2036948.0,8925029.0,1898288.0,1190124.0,1123218.0,1739477.0,801443.0,1460699.0,1261988.0,2074654.0,1861963.0,1234008.0,5861138.67,46.3998,0.039389,4632665.0,35.2223,0.021114,2979722.3,27.3806,0.011006,2695141.33,20.1812,0.00717,2791710.5,14.6123,0.005621,2349335.73,11.5758,0.003655
20261008,8150,南茂,36975958.0,34884607.0,77566104.0,98413877.0,99203568.0,72187178.0,78992086.0,53281367.0,83883329.0,116219432.0,130239665.0,63139168.0,41434324.0,15264426.0,8426884.0,11605119.0,10859992.0,22223021.0,11730848.0,38445198.0,13892407.0,17151866.0,17066972.0,23458442.0,18889803.0,49570952.0,15777775.0,22269102.0,16719361.0,32700202.0,49808889.67,24.7452,0.178514,69408822.8,10.6545,0.095692,75160750.6,4.9196,0.049878,67340798.2,3.6606,0.032496,55248807.55,3.3463,0.025473,44415767.77,2.775,0.016564
20261008,8162,微矽電子-創,781643.0,152041.0,421298.0,324701.0,328373.0,422474.0,495524.0,412662.0,1079258.0,928659.0,149000.0,190408.0,111391.0,133620.0,21105.0,96728.0,99050.0,87496.0,78301.0,44692.0,194256.0,61644.0,54307.0,106107.0,104586.0,98639.0,113946.0,163081.0,207024.0,236766.0,451660.67,57.6866,0.003774,401611.2,38.9254,0.002023,534663.3,14.6194,0.001054,396810.47,13.1321,0.000687,317921.2,12.293,0.000538,256626.0,10.1528,0.00035
20261008,8163,達方,448821.0,1126844.0,493230.0,770051.0,963152.0,732384.0,670760.0,385982.0,579483.0,494225.0,640456.0,401670.0,669921.0,349519.0,478881.0,617702.0,357693.0,452194.0,641043.0,613078.0,926953.0,705155.0,536149.0,556145.0,563497.0,517830.0,472246.0,910913.0,502714.0,437076.0,689631.67,21.6938,0.002167,760419.6,11.8046,0.001162,666493.2,6.7341,0.000605,613691.93,4.8756,0.000394,594354.45,3.7757,0.000309,600525.57,2.4913,0.000201
20261008,8201,無敵,360457.0,270988.0,684484.0,1102314.0,1540654.0,2774334.0,1763068.0,843746.0,421852.0,52272.0,43812.0,2687.0,52489.0,15845.0,8877.0,41242.0,31002.0,21010.0,111685.0,18018.0,11842.0,31175.0,26006.0,20662.0,5563.0,39351.0,22426.0,37236.0,39513.0,38316.0,438643.0,27.3918,0.00174,791779.4,9.105,0.000933,981416.9,3.6728,0.000486,662525.27,3.6271,0.000317,508041.8,3.5475,0.000248,347764.2,3.455,0.000161
20261008,8210,勤誠,1544968.0,2460069.0,2522873.0,5109884.0,1636063.0,2063602.0,4742387.0,1137156.0,554178.0,1253555.0,1083226.0,979590.0,1163708.0,882451.0,570341.0,852882.0,836211.0,751039.0,1276988.0,1442048.0,2470120.0,2294432.0,923601.0,992780.0,1561169.0,1623015.0,1151105.0,2248304.0,1671607.0,847542.0,2175970.0,23.6671,0.007459,2654771.4,11.6392,0.003998,2302473.5,6.71,0.002084,1846936.73,5.5767,0.001358,1643160.95,4.7012,0.001064,1621563.13,3.1759,0.000692
20261008,8213,志超,5985271.0,6176926.0,489258.0,278351.0,416892.0,385406.0,1000110.0,529799.0,179430.0,166539.0,224149.0,339153.0,805791.0,173174.0,309655.0,268725.0,264147.0,500715.0,177166.0,184197.0,277278.0,261717.0,264499.0,482616.0,198805.0,470796.0,365110.0,221632.0,601733.0,227346.0,4217151.67,47.309,0.028896,2669339.6,44.8446,0.01549,1560798.2,38.3475,0.008074,1163993.6,34.2801,0.00526,942742.7,31.7439,0.004123,740879.53,26.9287,0.002681
20261008,8215,明基材,556484.0,1131752.0,1243450.0,2080719.0,1925721.0,2446726.0,4627241.0,1185197.0,1084525.0,2096658.0,12705569.0,7641871.0,6504404.0,3835092.0,3256276.0,316404.0,397110.0,501843.0,634182.0,409396.0,426607.0,410067.0,638897.0,1158678.0,1005327.0,501355.0,946273.0,1661988.0,611186.0,275858.0,977228.67,18.9817,0.002687,1387625.2,8.0207,0.00144,1837847.3,3.0279,0.000751,3488112.33,1.0636,0.000489,2729031.0,1.0196,0.000383,2073895.2,0.8944,0.000249
20261008,8222,寶一,94976.0,237181.0,82208.0,347546.0,210920.0,112361.0,250901.0,101144.0,95393.0,134983.0,191614.0,249503.0,210753.0,194183.0,199043.0,252099.0,259367.0,444313.0,764771.0,474899.0,313723.0,319589.0,406169.0,591216.0,328552.0,668463.0,553475.0,1627964.0,2502827.0,983389.0,138121.67,22.9209,0.000459,194566.2,9.7628,0.000246,166761.3,5.6953,0.000128,180847.27,3.5011,8.3e-05,245407.9,1.9351,6.5e-05,440117.5,0.7193,4.3e-05
20261008,8249,菱光,76762.0,124930.0,222572.0,318501.0,464058.0,99799.0,218355.0,384513.0,66852.0,133972.0,82837.0,122454.0,214282.0,154044.0,138683.0,141470.0,83111.0,268236.0,408412.0,164559.0,162176.0,235646.0,268687.0,304794.0,269899.0,266325.0,96390.0,224806.0,162048.0,215985.0,141421.33,18.093,0.000371,241364.6,6.3607,0.000199,211031.4,3.6375,0.000104,188174.27,2.7195,6.7e-05,194420.1,1.9741,5.3e-05,203171.93,1.2594,3.4e-05
20261008,8261,富鼎,5462990.0,6445501.0,15024849.0,15767944.0,5681906.0,3960633.0,1185324.0,1003785.0,2571057.0,3534255.0,2746376.0,1716225.0,5019570.0,2090294.0,2851869.0,1836022.0,2715820.0,1680219.0,2049028.0,1715914.0,4186344.0,3161086.0,3505933.0,3621186.0,1905117.0,2345742.0,2779027.0,11124188.0,4714352.0,6665018.0,8977780.0,20.2834,0.026375,9676638.0,11.2911,0.014138,6063824.4,9.0091,0.007369,5004171.87,7.2779,0.004801,4252979.05,6.4225,0.003763,4302252.47,4.2327,0.002447
20261008,8271,宇瞻,1208046.0,1125229.0,702317.0,1113436.0,681048.0,696257.0,700298.0,564200.0,977099.0,1098294.0,1067905.0,904844.0,1188790.0,2162395.0,2217042.0,1043149.0,993657.0,1384179.0,2410888.0,1425181.0,1607586.0,1855792.0,1937182.0,3191252.0,1580182.0,2198827.0,2491844.0,4821273.0,3833131.0,2037831.0,1011864.0,39.7961,0.005832,966015.2,25.0109,0.003126,886622.4,13.6253,0.00163,1093813.33,7.3629,0.001062,1183212.7,5.1049,0.000832,1640638.47,2.4544,0.000541
20261008,8341,日友,102150.0,162705.0,149317.0,285825.0,112529.0,106612.0,159705.0,101431.0,104313.0,89431.0,126767.0,84393.0,154499.0,103438.0,93654.0,132619.0,278352.0,144361.0,180230.0,136516.0,238417.0,162170.0,158056.0,110856.0,86345.0,240660.0,238224.0,162725.0,159482.0,98678.0,138057.33,24.6637,0.000493,162505.2,12.5719,0.000264,137401.8,7.4344,0.000138,129117.93,5.2742,9e-05,140442.35,3.6367,7e-05,148815.33,2.2881,4.6e-05
20261008,8367,建新國際,20150.0,4050.0,39212.0,12226.0,55146.0,13706.0,12141.0,7068.0,9000.0,26086.0,54101.0,17176.0,12998.0,22623.0,1079.0,7065.0,7138.0,47375.0,11079.0,6045.0,23885.0,8411.0,10062.0,18261.0,6263.0,14264.0,11341.0,13262.0,7218.0,9130.0,21137.33,31.7763,9.7e-05,26156.8,15.4071,5.2e-05,19878.5,10.1366,2.7e-05,20450.8,6.5686,1.8e-05,19273.2,5.2275,1.4e-05,16918.7,3.97,9e-06
20261008,8374,羅昇,214404.0,130839.0,149393.0,184904.0,152048.0,116667.0,134980.0,105764.0,147506.0,121593.0,127134.0,196402.0,142564.0,121447.0,129123.0,124293.0,191303.0,200599.0,162101.0,228455.0,386493.0,1114276.0,300406.0,335822.0,368107.0,197771.0,188238.0,280266.0,460150.0,268464.0,164878.67,43.3458,0.001035,166317.6,25.7825,0.000555,145809.8,14.7044,0.000289,144984.53,9.8587,0.000188,154075.95,6.9577,0.000148,232717.07,3.071,9.6e-05
20261008,8404,百和興業-KY,458957.0,153799.0,366907.0,687868.0,708954.0,316826.0,313492.0,378530.0,215582.0,232860.0,293678.0,132672.0,418762.0,385315.0,278687.0,427126.0,346241.0,803329.0,863977.0,814831.0,832347.0,517530.0,271052.0,269641.0,313971.0,268250.0,298878.0,133659.0,208116.0,144135.0,326554.33,46.8485,0.002216,475297.0,19.3124,0.001188,383377.5,11.9714,0.000619,356192.6,8.5901,0.000403,429919.65,5.3377,0.000316,395199.07,3.8711,0.000206
20261008,8411,福貞-KY,324636.0,74882.0,281970.0,161107.0,241808.0,82100.0,347046.0,435221.0,238519.0,104097.0,101036.0,138578.0,99796.0,78072.0,56845.0,129927.0,164927.0,65791.0,27273.0,42581.0,60320.0,40915.0,45578.0,46039.0,81008.0,87342.0,103407.0,26926.0,42545.0,28948.0,227162.67,47.6363,0.001567,216880.6,29.9368,0.00084,229138.6,14.1677,0.000438,184380.87,11.7379,0.000285,159810.6,10.1569,0.000224,125308.0,8.6357,0.000145
20261008,8422,可寧衛*,2660616.0,3845044.0,3668856.0,5201338.0,2992277.0,2860578.0,2700362.0,2697535.0,3243126.0,2412054.0,5860709.0,4346271.0,11558270.0,6767421.0,3346952.0,4672298.0,2808148.0,2447685.0,2931766.0,2939296.0,4435785.0,3685181.0,2983275.0,3790114.0,2432371.0,3772736.0,7483477.0,4376283.0,4251584.0,3728937.0,3391505.33,26.1498,0.012845,3673626.2,14.485,0.006886,3228178.6,8.2418,0.003589,4277427.27,4.1468,0.002338,3998030.1,3.3274,0.001833,4030011.5,2.2007,0.001192
20261008,8429,金麗-KY,60472.0,55696.0,163893.0,119693.0,126137.0,97112.0,263105.0,149803.0,91426.0,254652.0,174087.0,66820.0,121399.0,186234.0,95616.0,170626.0,78613.0,232330.0,109417.0,51712.0,179043.0,216748.0,71480.0,53016.0,110152.0,63219.0,77727.0,95672.0,125943.0,161940.0,93353.67,21.5924,0.000292,105178.2,11.499,0.000156,138198.9,4.3757,8.2e-05,135076.33,2.9846,5.3e-05,133442.15,2.2659,4.2e-05,127459.43,1.5815,2.7e-05
20261008,8438,昶昕,264166.0,333108.0,307557.0,843552.0,900296.0,508451.0,431834.0,682528.0,998074.0,1526211.0,1068146.0,132639.0,547959.0,188127.0,161020.0,72393.0,63400.0,88635.0,89059.0,109779.0,99416.0,108946.0,184526.0,181071.0,182201.0,130634.0,211866.0,194538.0,389235.0,320841.0,301610.33,29.1951,0.001275,529735.8,9.9735,0.000684,679577.7,3.8872,0.000356,592911.2,2.9703,0.000232,465846.7,2.8353,0.000182,377340.27,2.3336,0.000118
20261008,8442,威宏-KY,318018.0,38278.0,17219.0,28046.0,77554.0,22328.0,66431.0,39185.0,73000.0,54299.0,38846.0,40119.0,26433.0,25624.0,37552.0,48403.0,21000.0,19917.0,21220.0,37230.0,85027.0,42500.0,19966.0,25639.0,20994.0,54265.0,127504.0,71103.0,132185.0,336754.0,124505.0,85.142,0.001535,95823.0,66.3761,0.000823,73435.8,43.3056,0.000429,60195.47,35.2206,0.000279,52535.1,30.2672,0.000219,65554.63,16.1706,0.000142
20261008,8443,阿瘦,54505.0,6924.0,13473.0,6670.0,36085.0,7906.0,45352.0,3566.0,8298.0,7939.0,18053.0,36067.0,25514.0,30029.0,30346.0,21244.0,755929.0,28175.0,30022.0,33361.0,10328.0,46590.0,31632.0,95548.0,3262.0,2366.0,8411.0,28510.0,38787.0,40480.0,24967.33,72.7684,0.000263,23531.4,46.3253,0.000141,19071.8,28.5788,7.4e-05,22048.47,16.4804,4.8e-05,59972.9,4.5441,3.8e-05,50179.07,3.6207,2.4e-05
20261008,8454,富邦媒,147995.0,296552.0,262369.0,508046.0,203142.0,233272.0,417352.0,339721.0,246679.0,314826.0,432051.0,350863.0,528415.0,353251.0,235747.0,335448.0,448426.0,674132.0,338663.0,300049.0,194492.0,309355.0,395847.0,459453.0,396645.0,275198.0,277751.0,308861.0,316108.0,402061.0,235638.67,20.9353,0.000714,283620.8,10.4361,0.000383,296995.4,4.9831,0.0002,324685.4,3.0387,0.00013,348349.95,2.1242,0.000102,343425.67,1.4365,6.6e-05
20261008,8462,柏文,123340.0,23824.0,41415.0,27077.0,64969.0,122968.0,28747.0,55925.0,55682.0,89482.0,42570.0,19651.0,35184.0,44601.0,108937.0,43371.0,32033.0,175142.0,48832.0,33016.0,44886.0,112753.0,75398.0,115527.0,71422.0,65089.0,178350.0,164807.0,34482.0,48175.0,62859.67,65.4049,0.000595,56125.0,43.9519,0.000319,63342.9,19.4718,0.000166,58958.13,13.9466,0.000108,60838.3,10.1367,8.5e-05,70921.83,5.797,5.5e-05
20261008,8463,潤泰材,12094.0,10031.0,25000.0,160142.0,24018.0,17010.0,30140.0,101166.0,25500.0,85096.0,78374.0,29200.0,30997.0,169016.0,34155.0,17025.0,19012.0,13011.0,9050.0,15307.0,9471.0,39000.0,12510.0,18753.0,18000.0,40008.0,52007.0,33000.0,43082.0,26000.0,15708.33,25.6637,5.8e-05,46257.0,5.229,3.1e-05,49019.7,2.4672,1.6e-05,55462.6,1.4537,1.1e-05,45267.2,1.3358,8e-06,39905.83,1.0102,5e-06
20261008,8464,億豐,226161.0,284419.0,188400.0,114691.0,158244.0,188926.0,349317.0,525038.0,172907.0,232233.0,388945.0,769961.0,1092920.0,488463.0,317533.0,318653.0,327377.0,340665.0,376982.0,197353.0,262648.0,330177.0,173096.0,126478.0,344160.0,306415.0,325804.0,406604.0,273829.0,397989.0,232993.33,32.3559,0.001092,194383.0,23.2696,0.000585,244033.6,9.2676,0.000305,366543.87,4.1134,0.000199,352959.4,3.2038,0.000156,333546.27,2.2602,0.000101
20261008,8466,美吉吉-KY,18675.0,13000.0,17300.0,5010.0,16014.0,15000.0,31241.0,33002.0,43346.0,50000.0,220100.0,178745.0,18102.0,44004.0,9000.0,6307.0,23000.0,27064.0,34643.0,65000.0,5835.0,13020.0,14295.0,7453.0,5002.0,30256.0,16353.0,22546.0,17227.0,36154.0,16325.0,38.1317,9e-05,13999.8,26.679,4.8e-05,24258.8,7.6982,2.5e-05,47502.6,2.6209,1.6e-05,43427.65,2.1501,1.3e-05,34556.47,1.8014,8e-06
20261008,8467,波力-KY,5019.0,11780.0,19309.0,7152.0,14027.0,6320.0,7709.0,5340.0,3123.0,9427.0,4306.0,6372.0,6635.0,18886.0,23276.0,8260.0,14155.0,44569.0,3005.0,12167.0,9669.0,25021.0,24081.0,27157.0,13010.0,3053.0,10502.0,22132.0,9055.0,27129.0,12036.0,13.9,2.4e-05,11457.4,8.7611,1.3e-05,8920.6,5.6263,7e-06,9912.07,3.3757,4e-06,11541.85,2.1743,3e-06,13388.2,1.2496,2e-06
20261008,8473,山林水,256748.0,205850.0,420313.0,608140.0,419346.0,391226.0,393467.0,286371.0,270278.0,295576.0,235850.0,336478.0,867777.0,1097260.0,603863.0,461515.0,334535.0,892140.0,193739.0,450764.0,1689140.0,1147278.0,691431.0,591596.0,404197.0,550993.0,310164.0,325499.0,523271.0,426538.0,294303.67,29.0797,0.00124,382079.4,13.4395,0.000664,354731.5,7.2378,0.000346,445902.87,3.8386,0.000226,451061.8,2.846,0.000177,522711.43,1.6373,0.000115
20261008,8476,台境*,546159.0,676115.0,131678.0,307080.0,254033.0,256988.0,171300.0,247315.0,304998.0,89488.0,447248.0,214585.0,268321.0,256838.0,249048.0,232621.0,159610.0,174940.0,130365.0,190044.0,244094.0,522057.0,225236.0,183249.0,246544.0,253978.0,272033.0,232061.0,307817.0,288184.0,451317.33,40.3381,0.002637,383013.0,28.5191,0.001413,298515.4,18.2958,0.000737,294746.27,12.3532,0.00048,265438.7,10.2879,0.000376,269467.57,6.756,0.000245
20261008,8478,東哥遊艇,72091.0,50825.0,33751.0,60064.0,57550.0,46001.0,60602.0,48714.0,67019.0,54191.0,93792.0,84078.0,88369.0,129096.0,34260.0,41040.0,48980.0,44366.0,49137.0,37663.0,28677.0,98090.0,64405.0,91994.0,98061.0,97545.0,131235.0,118766.0,72528.0,169652.0,52222.33,46.0154,0.000348,54856.2,26.2836,0.000187,55080.8,13.0882,9.7e-05,65360.2,7.3532,6.3e-05,60079.45,5.9996,5e-05,72418.07,3.3183,3.2e-05
20261008,8481,政伸,4003.0,15000.0,16000.0,12096.0,22030.0,9000.0,9000.0,23000.0,4094.0,6050.0,26108.0,17184.0,9051.0,5098.0,1262.0,2003.0,13050.0,10000.0,1024.0,5128.0,9830.0,19150.0,20068.0,15000.0,9093.0,6062.0,5206.0,3000.0,14000.0,9010.0,11667.67,11.4362,1.9e-05,13825.8,5.7906,1e-05,12027.3,3.3283,5e-06,11931.73,2.2366,4e-06,10509.05,1.9045,3e-06,10686.67,1.2486,2e-06
20261008,8482,商億-KY,2002.0,5008.0,7005.0,8050.0,7056.0,1000.0,6000.0,1000.0,2050.0,3057.0,1000.0,6089.0,24050.0,32050.0,5050.0,1150.0,4050.0,6080.0,2000.0,4119.0,3976.0,5007.0,13181.0,3050.0,17000.0,1199.0,7580.0,11071.0,9221.0,7070.0,4671.67,14.2847,1e-05,5824.2,6.8748,5e-06,4222.8,4.7409,3e-06,7364.47,1.8123,2e-06,6393.3,1.5657,1e-06,6874.03,0.9708,1e-06
20261008,8487,愛爾達-創,4028.0,6658.0,14320.0,27192.0,7453.0,27430.0,11006.0,15023.0,4769.0,7720.0,9898.0,10854.0,3335.0,22298.0,1339.0,7216.0,10025.0,2762.0,3104.0,3747.0,6339.0,17916.0,2295.0,9643.0,20040.0,8735.0,30901.0,10090.0,30290.0,2330.0,8335.33,16.1081,1.9e-05,11930.2,6.7526,1e-05,12559.9,3.207,5e-06,11554.87,2.324,4e-06,10008.85,2.0122,3e-06,11291.87,1.1891,2e-06
20261008,8488,吉源-KY,0.0,28025.0,44570.0,89503.0,31000.0,13415.0,19078.0,8000.0,371009.0,354300.0,13011.0,29000.0,53000.0,59000.0,12180.0,21573.0,23270.0,33370.0,15107.0,28150.0,67869.0,366476.0,191213.0,341000.0,293000.0,6000.0,2000.0,14000.0,18000.0,6000.0,24198.33,0.0,0.0,38619.6,0.0,0.0,95890.0,0.0,0.0,75006.07,0.0,0.0,62328.05,0.0,0.0,85070.63,0.0,0.0
20261008,8499,鼎炫-KY,5903.0,13047.0,10681.0,31516.0,22201.0,8170.0,14215.0,17191.0,10354.0,12158.0,16786.0,14508.0,34572.0,38092.0,689.0,22406.0,27742.0,32565.0,5150.0,9101.0,18443.0,25100.0,5116.0,11092.0,19595.0,20224.0,68775.0,141400.0,104813.0,16644.0,9877.0,19.9217,2.8e-05,16669.6,7.0824,1.5e-05,14543.6,4.0588,8e-06,16672.2,2.3604,5e-06,17352.35,1.7009,4e-06,25941.63,0.7585,3e-06
20261008,8926,台汽電,2999066.0,3989167.0,1307550.0,1880273.0,1416775.0,1154934.0,1978422.0,1273804.0,1170114.0,1476603.0,2112213.0,3221140.0,4102406.0,1987497.0,2432315.0,1459609.0,1956528.0,3258492.0,8631847.0,5880983.0,1903278.0,3270402.0,1959811.0,2059074.0,1266847.0,1394325.0,3842449.0,2194920.0,1588121.0,1628595.0,2765261.0,36.1517,0.014479,2318566.2,25.87,0.007761,1864670.8,16.0836,0.004046,2166818.6,9.2272,0.002636,2684486.9,5.5859,0.002066,2493252.0,4.0096,0.001343
20261008,8940,新天地,7334.0,61267.0,31015.0,12979.0,11406.0,11029.0,42047.0,13923.0,15223.0,29231.0,22372.0,23319.0,26017.0,28918.0,23206.0,27563.0,70158.0,39807.0,15327.0,25257.0,23639.0,154485.0,46954.0,47625.0,29265.0,75617.0,161046.0,96150.0,62294.0,23330.0,33205.33,7.3623,3.5e-05,24800.2,5.9145,1.9e-05,23545.4,3.1148,1e-05,23952.4,2.0413,6e-06,26869.9,1.3647,5e-06,41926.77,0.5831,3e-06
20261008,8996,高力,1086148.0,1093594.0,695613.0,1594799.0,5868925.0,5416446.0,4880876.0,5083158.0,2887200.0,5776754.0,5780868.0,2063073.0,2477151.0,1360555.0,1197638.0,973745.0,6220878.0,5053896.0,4932329.0,6087009.0,4527634.0,8775069.0,5561008.0,4551450.0,4591240.0,2309421.0,3492957.0,4224888.0,6206231.0,3093732.0,958451.67,37.7744,0.005244,2067815.8,10.5053,0.002811,3438351.3,3.1589,0.001465,3150853.2,2.2981,0.000955,3526532.75,1.54,0.000748,3928809.5,0.9215,0.000487
20261008,9103,美德醫療-DR,7803349.0,4488428.0,3855045.0,820644.0,350330.0,433054.0,369795.0,524463.0,265091.0,548866.0,384959.0,498380.0,463884.0,329692.0,301424.0,460315.0,529998.0,388501.0,822175.0,469787.0,362153.0,615462.0,451388.0,531523.0,339068.0,429422.0,472066.0,416710.0,495655.0,511129.0,5382274.0,48.3275,0.037673,3463559.2,45.0597,0.020195,1945906.5,40.1014,0.010526,1429160.27,36.4006,0.006858,1205409.0,32.3681,0.005376,957758.53,27.1584,0.003496
20261008,910322,康師傅-DR,27711.0,3100.0,7532.0,54132.0,38859.0,204.0,7436.0,1291.0,3050.0,12747.0,55714.0,28718.0,8088.0,9647.0,1431.0,38498.0,1429.0,7740.0,13228.0,23630.0,105.0,10588.0,5472.0,2290.0,25888.0,19304.0,9067.0,5114.0,555.0,35857.0,12781.0,72.2713,0.000134,26266.8,21.0996,7.2e-05,15606.2,17.7564,3.7e-05,17310.67,10.672,2.4e-05,17209.25,8.0512,1.9e-05,15280.83,6.0448,1.2e-05
20261008,9105,泰金寶-DR,18344344.0,48793653.0,21971312.0,15204752.0,9479177.0,10908550.0,26440436.0,22593426.0,9537724.0,14360876.0,11697091.0,11038027.0,12668205.0,10456156.0,10939555.0,11512792.0,16196412.0,15246314.0,26344647.0,20965788.0,24981848.0,27003447.0,15263374.0,23859315.0,12542656.0,27454336.0,24519862.0,10340273.0,10748177.0,8703051.0,29703103.0,20.5863,0.088564,22758647.6,16.1208,0.047474,19763425.0,9.282,0.024745,16962218.93,7.2099,0.016122,17234961.85,5.3218,0.012637,17670519.2,3.4604,0.008218
20261008,910861,神州-DR,26249.0,38000.0,60060.0,108200.0,345987.0,85000.0,99420.0,137019.0,244817.0,88499.0,124001.0,108870.0,86005.0,302479.0,123180.0,23000.0,96251.0,166384.0,96000.0,31002.0,221145.0,29900.0,69000.0,241000.0,42000.0,18000.0,75019.0,29012.0,25024.0,39021.0,41436.33,21.1159,0.000127,115699.2,4.5375,6.8e-05,123325.1,2.1284,3.5e-05,131852.4,1.3272,2.3e-05,119521.15,1.0981,1.8e-05,105984.8,0.8256,1.2e-05
20261008,9110,越南控-DR,261000.0,220000.0,201005.0,13080.0,6000.0,7030.0,8005.0,13000.0,22000.0,34901.0,28042.0,83006.0,2495.0,2005.0,0.0,0.0,1005.0,6000.0,0.0,31001.0,5005.0,8000.0,41100.0,0.0,1100.0,7166.0,11001.0,9000.0,4000.0,23201.0,227335.0,38.2695,0.00126,140217.0,37.228,0.000675,78602.1,33.2052,0.000352,60104.6,28.9495,0.000229,46978.75,27.7785,0.00018,34971.6,24.8773,0.000117
20261008,911608,明輝-DR,20000.0,3000.0,11000.0,21338.0,19261.0,26233.0,55262.0,6178.0,1000.0,28000.0,122000.0,36000.0,16000.0,0.0,17000.0,1000.0,25000.0,15000.0,36000.0,42000.0,74000.0,38000.0,31066.0,37343.0,7396.0,15344.0,35177.0,26718.0,18000.0,9000.0,11333.33,58.8235,9.7e-05,14919.8,26.81,5.2e-05,19127.2,10.4563,2.7e-05,25484.8,5.2319,1.8e-05,25063.6,3.9898,1.4e-05,26443.87,2.5211,9e-06
20261008,911622,泰聚亨-DR,25000.0,26027.0,107000.0,3000.0,11300.0,0.0,10000.0,6000.0,6000.0,7000.0,22087.0,19000.0,8000.0,14000.0,5000.0,25000.0,7000.0,4000.0,0.0,7000.0,4000.0,1000.0,0.0,0.0,5000.0,7002.0,8000.0,1000.0,4000.0,2000.0,52675.67,15.8201,0.000121,34465.4,14.5073,6.5e-05,20132.7,12.4176,3.4e-05,17960.93,9.2794,2.2e-05,15620.7,8.0022,1.7e-05,11480.53,7.2587,1.1e-05
20261008,911868,同方友友-DR,49102.0,271551.0,249011.0,132012.0,103753.0,116311.0,680308.0,88521.0,53203.0,210750.0,222034.0,81913.0,60021.0,27500.0,98005.0,207115.0,136850.0,186015.0,156191.0,479401.0,112222.0,367834.0,224300.0,161642.0,205643.0,320597.0,237039.0,127680.0,157467.0,218970.0,189888.0,8.6195,0.000237,161085.8,6.0964,0.000127,195452.2,2.5122,6.6e-05,162933.0,2.0091,4.3e-05,180478.35,1.3603,3.4e-05,191432.03,0.855,2.2e-05
20261008,912000,晨訊科-DR,98000.0,335100.0,414380.0,1345771.0,278000.0,112401.0,273598.0,298000.0,80120.0,202150.0,167000.0,578000.0,486500.0,257509.0,2429592.0,205000.0,179000.0,101000.0,90000.0,215100.0,69020.0,131000.0,71400.0,229419.0,112320.0,675516.0,335000.0,967119.0,1991000.0,1429277.0,282493.33,11.5637,0.000473,494250.2,3.9656,0.000254,343752.0,2.8509,0.000132,490408.07,1.3322,8.6e-05,407311.05,1.203,6.8e-05,471909.73,0.6922,4.4e-05
20261008,9136,巨騰-DR,194700.0,59098.0,150437.0,130171.0,307857.0,135856.0,177001.0,331515.0,172100.0,432275.0,372754.0,306761.0,230000.0,93000.0,189750.0,269288.0,113495.0,1524531.0,153100.0,113119.0,174060.0,93100.0,49000.0,79110.0,65300.0,174680.0,69552.0,242012.0,655405.0,204415.0,134745.0,48.1651,0.00094,168452.6,23.1163,0.000504,209101.0,9.3113,0.000263,218885.0,5.9301,0.000171,272840.4,3.568,0.000134,242114.73,2.6805,8.7e-05
20261008,9802,鈺齊-KY,168231.0,425245.0,148968.0,299170.0,397916.0,565927.0,489032.0,372962.0,524913.0,294067.0,450390.0,587289.0,413805.0,375092.0,367752.0,450323.0,647825.0,1074213.0,1994740.0,703206.0,680120.0,424532.0,406124.0,673972.0,567785.0,530827.0,172324.0,300329.0,209516.0,479521.0,247481.33,22.6591,0.000812,287906.0,11.6865,0.000435,368643.1,4.5635,0.000227,392050.6,2.8607,0.000148,537553.3,1.5648,0.000116,506537.2,1.1071,7.5e-05
20261008,9902,台火,280002.0,89676.0,198247.0,142403.0,92177.0,158795.0,65224.0,106715.0,67252.0,54148.0,28681.0,63815.0,120147.0,164304.0,38749.0,59332.0,114844.0,99637.0,47249.0,244895.0,82107.0,160770.0,37564.0,89976.0,52065.0,70474.0,63405.0,94743.0,40000.0,45237.0,189308.33,49.3026,0.001352,160501.0,34.891,0.000725,125463.9,22.3173,0.000378,111355.67,16.7632,0.000246,111814.6,12.5208,0.000193,99087.77,9.4193,0.000125
20261008,9904,寶成,15263114.0,14390454.0,5458473.0,14875833.0,8170592.0,8975716.0,8192793.0,8331264.0,8323733.0,10884657.0,6702241.0,9552021.0,19788623.0,14262042.0,12968117.0,6567302.0,7377138.0,9628628.0,16925885.0,10430519.0,6406499.0,7781808.0,5728739.0,8277870.0,8118564.0,6985448.0,19189197.0,22854095.0,11903265.0,17060789.0,11704013.67,43.4697,0.073688,11631693.2,26.244,0.0395,10286662.9,14.8378,0.020589,11075978.2,9.1869,0.013414,10853457.25,7.0315,0.010515,11045847.3,4.606,0.006837
20261008,9905,大華,60184.0,65015.0,87885.0,72423.0,71310.0,43147.0,89183.0,62421.0,52579.0,61252.0,64258.0,143571.0,140262.0,138990.0,67732.0,203413.0,143130.0,121390.0,172194.0,97804.0,50251.0,89295.0,52824.0,75748.0,82114.0,213280.0,57050.0,65962.0,101483.0,93356.0,71028.0,28.2443,0.000291,71363.4,16.8669,0.000156,66539.9,9.0448,8.1e-05,81347.47,4.9323,5.3e-05,97907.15,3.0735,4.1e-05,94650.2,2.1195,2.7e-05
20261008,9906,欣巴巴,103039.0,87722.0,154794.0,94593.0,49406.0,37220.0,21351.0,54943.0,30191.0,48633.0,133941.0,341320.0,268632.0,73513.0,61558.0,93242.0,39757.0,40266.0,58953.0,51590.0,87948.0,99144.0,47379.0,107031.0,58755.0,34707.0,38972.0,6380.0,66361.0,58930.0,115185.0,29.8184,0.000497,97910.8,21.0475,0.000267,68189.2,15.1108,0.000139,104057.07,6.6014,9.1e-05,92233.2,5.5858,7.1e-05,81675.7,4.2052,4.6e-05
20261008,9907,統一實,666238.0,689296.0,1446996.0,1475663.0,951733.0,677777.0,1106791.0,2608962.0,448732.0,582088.0,1386501.0,730293.0,1743527.0,1698985.0,848159.0,1312596.0,851983.0,1302316.0,836397.0,645806.0,451893.0,1269621.0,1115761.0,2101800.0,741981.0,1561800.0,2810250.0,1589549.0,5142968.0,1395396.0,934176.67,23.7727,0.003216,1045985.2,12.739,0.001724,1065427.6,6.2532,0.000899,1137449.4,3.9049,0.000586,1100541.95,3.0269,0.000459,1339728.6,1.6576,0.000298
20261008,9908,大台北,134859.0,163087.0,341913.0,79685.0,96958.0,67493.0,99014.0,105882.0,69417.0,81856.0,77014.0,156831.0,125160.0,152106.0,76784.0,90067.0,155746.0,91094.0,113907.0,106402.0,66716.0,281504.0,159230.0,80146.0,270894.0,142408.0,69386.0,90003.0,96785.0,158679.0,213286.33,21.0764,0.000651,163300.4,16.5167,0.000349,124016.4,10.8743,0.000182,121870.6,7.3772,0.000119,119263.75,5.6538,9.3e-05,126700.87,3.548,6e-05
20261008,9910,豐泰,579470.0,1240889.0,881875.0,2538458.0,899806.0,875341.0,604415.0,691928.0,643314.0,1710442.0,757311.0,676005.0,1626837.0,1077673.0,1620541.0,821779.0,513843.0,1161483.0,448248.0,1984433.0,3761722.0,1038117.0,801231.0,594929.0,1206143.0,719242.0,1385425.0,567602.0,573604.0,2367751.0,900744.67,21.4441,0.002798,1228099.6,9.4369,0.0015,1066593.8,5.4329,0.000782,1094953.67,3.5281,0.000509,1067704.55,2.7136,0.000399,1145661.9,1.686,0.00026
20261008,9911,櫻花,155628.0,235297.0,178672.0,360655.0,164664.0,107539.0,180209.0,196240.0,152929.0,112947.0,217228.0,182722.0,221162.0,261066.0,157958.0,291881.0,153375.0,180485.0,131883.0,132988.0,142177.0,143886.0,623832.0,100452.0,406370.0,210994.0,195522.0,92417.0,140549.0,124486.0,189865.67,27.3225,0.000751,218983.2,14.2137,0.000403,184478.0,8.4361,0.00021,192327.73,5.3945,0.000137,188776.4,4.122,0.000107,198540.43,2.6129,7e-05
20261008,9912,偉聯,7981.0,17100.0,35560.0,41237.0,34375.0,12180.0,15869.0,12357.0,7731.0,33838.0,9079.0,35712.0,18988.0,14561.0,54131.0,23074.0,14318.0,54751.0,59539.0,80630.0,81330.0,61260.0,86338.0,75856.0,142007.0,205706.0,549941.0,1109845.0,484565.0,88226.0,20213.67,13.1611,3.9e-05,27250.6,5.8575,2.1e-05,21822.8,3.6572,1.1e-05,23379.93,2.2757,7e-06,29150.55,1.3689,5e-06,115602.83,0.2301,4e-06
20261008,9914,美利達,1344406.0,1102614.0,1254323.0,1860153.0,633839.0,789781.0,1937571.0,1913117.0,1734779.0,1635698.0,1356365.0,1000638.0,1808491.0,1187634.0,1374165.0,2615301.0,3490279.0,5894846.0,1165755.0,1270221.0,896379.0,1437081.0,916724.0,1505494.0,893896.0,1292370.0,1272068.0,1175841.0,1881597.0,2199108.0,1233781.0,36.3221,0.006491,1239067.0,21.7003,0.003479,1420628.1,9.4635,0.001814,1395571.6,6.4222,0.001182,1768498.8,3.801,0.000926,1628017.8,2.7526,0.000602
20261008,9917,中保科,346328.0,149645.0,245353.0,365930.0,305124.0,204764.0,321080.0,337338.0,96786.0,229677.0,349315.0,246930.0,727439.0,480653.0,391351.0,336597.0,287227.0,274676.0,267522.0,324933.0,260810.0,339043.0,277915.0,225552.0,318361.0,411541.0,858688.0,418212.0,313197.0,325272.0,247108.67,46.7174,0.001672,282476.0,24.5209,0.000896,260202.5,13.3099,0.000467,319847.53,7.2186,0.000304,314433.4,5.5072,0.000239,334575.3,3.4504,0.000155
20261008,9918,欣天然,3398.0,31261.0,35361.0,16353.0,23039.0,11928.0,12142.0,14677.0,9760.0,35054.0,19010.0,6363.0,11303.0,52429.0,17343.0,38153.0,16252.0,24165.0,11363.0,10139.0,9138.0,14176.0,41513.0,1386.0,6002.0,22147.0,26111.0,11786.0,7148.0,56945.0,23340.0,4.8529,1.6e-05,21882.4,3.1057,9e-06,19297.3,1.7609,5e-06,19961.4,1.1349,3e-06,19974.65,0.8506,2e-06,19861.5,0.5703,2e-06
20261008,9919,康那香,5225365.0,1875646.0,867399.0,208511.0,140080.0,124594.0,171604.0,725134.0,437689.0,165723.0,168329.0,135375.0,85508.0,147213.0,119708.0,94790.0,63973.0,106397.0,125183.0,287202.0,196207.0,855123.0,225472.0,102878.0,61402.0,100076.0,144826.0,192636.0,215680.0,157898.0,2656136.67,65.576,0.025227,1663400.2,62.8275,0.013523,994174.5,52.5598,0.007049,706525.2,49.3058,0.004592,563771.15,46.343,0.0036,450920.7,38.6274,0.002341
20261008,9921,巨大,1012670.0,1153145.0,1247781.0,1440346.0,1196095.0,1035498.0,1131060.0,1580527.0,646617.0,559589.0,796143.0,682782.0,5756054.0,1298284.0,1129238.0,1449432.0,2570098.0,5413165.0,1082790.0,1829124.0,1773467.0,1038267.0,1344515.0,904096.0,1047471.0,1286163.0,1628648.0,1963329.0,1583457.0,2256337.0,1137865.33,29.6658,0.004889,1210007.4,16.7382,0.002621,1100332.8,9.2033,0.001366,1377721.93,4.9002,0.00089,1650521.9,3.0677,0.000698,1594539.6,2.117,0.000454
20261008,9924,福興,44749.0,61375.0,106448.0,105592.0,34395.0,50617.0,111746.0,51682.0,39591.0,78871.0,158271.0,46508.0,126168.0,92108.0,66261.0,145334.0,111287.0,84985.0,72958.0,57221.0,120914.0,150650.0,74968.0,72535.0,131289.0,111553.0,98629.0,101965.0,55948.0,102127.0,70857.33,21.0512,0.000216,70511.8,12.6926,0.000116,68506.6,6.5321,6e-05,78292.13,3.8104,3.9e-05,82308.35,2.7184,3.1e-05,88891.5,1.678,2e-05
20261008,9925,新保,155595.0,302104.0,131980.0,840563.0,150998.0,319171.0,401737.0,581438.0,207382.0,295356.0,310576.0,362982.0,406383.0,366989.0,302737.0,274170.0,825476.0,384563.0,332518.0,289110.0,298228.0,766341.0,1248600.0,1318393.0,372130.0,1047958.0,10669918.0,1136450.0,1103928.0,569162.0,196559.67,26.3864,0.000751,316248.0,9.8401,0.000403,338632.4,4.5948,0.00021,342399.4,3.0295,0.000137,362091.4,2.1486,0.000107,859097.87,0.6037,7e-05
20261008,9926,新海,6026.0,2140.0,16095.0,10300.0,13769.0,9000.0,19672.0,12055.0,5536.0,3612.0,4942.0,8760.0,8154.0,10469.0,10243.0,7174.0,8338.0,9001.0,11023.0,10027.0,13000.0,34607.0,13120.0,9047.0,6183.0,30457.0,10056.0,7177.0,5024.0,35355.0,8087.0,24.8382,2.9e-05,9666.0,12.4684,1.6e-05,9820.5,6.1361,8e-06,9384.87,4.2807,5e-06,9316.8,3.2339,4e-06,11678.73,1.7199,3e-06
20261008,9927,泰銘,243985.0,114320.0,81861.0,209859.0,442219.0,748435.0,863826.0,448407.0,207769.0,94100.0,100273.0,132097.0,55516.0,53384.0,132614.0,79512.0,38347.0,65977.0,63795.0,117946.0,37426.0,76195.0,59528.0,105453.0,129016.0,88656.0,142173.0,54706.0,94761.0,50457.0,146722.0,55.4302,0.001178,218448.8,22.338,0.000631,345478.1,7.0622,0.000329,261911.0,6.2104,0.000214,214712.1,5.6817,0.000168,171087.1,4.7536,0.000109
20261008,9928,中視,22121.0,30747.0,37057.0,52442.0,14000.0,72144.0,31338.0,62990.0,40105.0,9177.0,19960.0,12159.0,67173.0,19502.0,80253.0,32000.0,53420.0,60036.0,56648.0,44516.0,59101.0,32166.0,39002.0,29516.0,64176.0,88976.0,33702.0,24462.0,46612.0,66193.0,29975.0,24.5994,0.000107,31273.4,14.1468,5.7e-05,37212.1,5.9446,3e-05,38077.87,3.8729,1.9e-05,40889.4,2.705,1.5e-05,43389.8,1.6994,1e-05
20261008,9929,秋雨,245358.0,341364.0,776152.0,1771600.0,3251.0,2503247.0,13001.0,6694.0,11145.0,4447.0,71307.0,33001.0,7000.0,4000.0,10100.0,10001.0,8000.0,1000.0,26401.0,17001.0,2183.0,13231.0,21050.0,61497.0,38162.0,17835.0,1805.0,11009.0,2413.0,7639.0,454291.33,18.003,0.001185,627545.0,7.8196,0.000635,567625.9,4.3225,0.000331,386777.8,4.2291,0.000216,293203.5,4.1841,0.000169,201363.13,4.0616,0.00011
20261008,9930,中聯資源,138579.0,122857.0,208161.0,111420.0,99015.0,64546.0,207014.0,99688.0,125755.0,91040.0,137742.0,151501.0,108604.0,158323.0,105470.0,139278.0,180932.0,104736.0,172237.0,124388.0,77273.0,122846.0,81176.0,100253.0,55557.0,73872.0,78700.0,67708.0,88920.0,92475.0,156532.33,29.5102,0.000669,136006.4,20.3783,0.000359,126807.5,10.9283,0.000187,128647.67,7.1813,0.000122,132564.3,5.2269,9.5e-05,116335.53,3.9707,6.2e-05
20261008,9931,欣高,19102.0,30801.0,20862.0,18626.0,14335.0,5120.0,14641.0,22798.0,12246.0,3192.0,22411.0,3008.0,29103.0,30239.0,18151.0,3006.0,16100.0,13217.0,13228.0,31393.0,24519.0,45000.0,8639.0,10313.0,24602.0,9475.0,22077.0,35150.0,5922.0,30985.0,23588.33,26.9936,9.2e-05,20745.2,18.4158,4.9e-05,16172.3,11.8116,2.6e-05,17642.33,7.2182,1.7e-05,17078.95,5.5923,1.3e-05,18608.7,3.4217,9e-06
20261008,9933,中鼎,4461467.0,6961563.0,7655725.0,23071356.0,21275998.0,3030280.0,1377637.0,1752598.0,1284584.0,942345.0,1235623.0,2115919.0,4724595.0,2251532.0,4281491.0,3421059.0,2058153.0,4303607.0,1603629.0,1720100.0,3250532.0,2634538.0,2456816.0,2016815.0,1346412.0,1977032.0,3317836.0,2924978.0,1413701.0,1221946.0,6359585.0,23.3845,0.021539,12685221.8,7.0341,0.011546,7181355.3,6.2126,0.006018,5761514.2,5.1624,0.003921,4976463.05,4.4826,0.003074,4069662.23,3.6542,0.001999
20261008,9934,成霖,218212.0,382970.0,494274.0,955114.0,338796.0,302566.0,418919.0,352758.0,176300.0,372731.0,523202.0,216811.0,885961.0,393847.0,441822.0,706017.0,778890.0,2192891.0,3035070.0,1278408.0,455589.0,945752.0,539581.0,492294.0,285903.0,500889.0,478867.0,1129752.0,440013.0,484191.0,365152.0,19.9197,0.001053,477873.2,9.1326,0.000565,401264.0,5.4381,0.000294,431618.87,3.3704,0.000192,723277.95,1.5085,0.00015,673946.33,1.0793,9.8e-05
20261008,9935,慶豐富,304695.0,120120.0,292985.0,139558.0,93268.0,140355.0,94453.0,209319.0,62149.0,210891.0,229109.0,117702.0,443513.0,160423.0,164539.0,261765.0,508673.0,1824504.0,193702.0,119514.0,75098.0,436363.0,159699.0,154494.0,135152.0,131792.0,377317.0,351560.0,698501.0,428338.0,239266.67,42.4485,0.001471,190125.2,32.052,0.000789,166779.3,18.2694,0.000411,185538.6,10.9481,0.000268,284561.85,5.3538,0.00021,287985.03,3.5267,0.000136
20261008,9937,全國,2121.0,6594.0,40803.0,21920.0,22201.0,14157.0,22000.0,30473.0,12004.0,11066.0,13428.0,20453.0,25017.0,21029.0,94210.0,138988.0,112149.0,90522.0,16192.0,17691.0,11923.0,54132.0,78151.0,19101.0,33902.0,31050.0,43053.0,13518.0,15767.0,27237.0,16506.0,4.2833,1e-05,18727.8,2.2651,5e-06,18333.9,1.1569,3e-06,23831.73,0.5933,2e-06,36650.9,0.2894,1e-06,35361.73,0.1999,1e-06
20261008,9938,百和,803084.0,1298397.0,1422318.0,789057.0,391812.0,533525.0,497792.0,511066.0,694238.0,969822.0,891796.0,1060321.0,1438252.0,815942.0,866776.0,875487.0,1421848.0,2501545.0,1520204.0,1765373.0,1332660.0,999181.0,753669.0,725298.0,759816.0,983508.0,692105.0,775908.0,545928.0,749849.0,1174599.67,22.7903,0.003877,940933.6,17.0699,0.002078,791111.1,10.1513,0.001083,865613.2,6.1851,0.000706,1053432.75,3.8117,0.000553,979552.57,2.7328,0.00036
20261008,9939,宏全,424614.0,722034.0,505468.0,891636.0,728621.0,798328.0,1079093.0,401073.0,312764.0,344698.0,779562.0,388371.0,638601.0,338344.0,268156.0,820511.0,779922.0,632517.0,723259.0,616599.0,699671.0,1255257.0,385249.0,334954.0,417291.0,600021.0,897195.0,844185.0,818500.0,505892.0,550705.33,25.7012,0.00205,654474.6,12.9757,0.001099,620832.9,6.8394,0.000573,574757.53,4.9251,0.000373,609708.55,3.4821,0.000293,631746.2,2.2404,0.00019
20261008,9940,信義,201424.0,188136.0,105064.0,270654.0,220102.0,150932.0,192092.0,417812.0,560778.0,413853.0,185883.0,542949.0,1282739.0,220290.0,176341.0,231983.0,479039.0,205197.0,139030.0,120414.0,209167.0,234786.0,254682.0,212712.0,226472.0,177523.0,518710.0,411371.0,176580.0,212345.0,164874.67,40.7226,0.000972,197076.0,20.4413,0.000521,272084.7,7.403,0.000272,341936.6,3.9271,0.000177,315235.6,3.1948,0.000139,297968.67,2.2533,9e-05
20261008,9941,裕融,498131.0,789975.0,1015644.0,1901757.0,1690865.0,1273517.0,838459.0,1151910.0,836717.0,886315.0,686487.0,571029.0,1385581.0,898461.0,1407033.0,428413.0,1560254.0,664359.0,600308.0,843177.0,657911.0,1199197.0,493562.0,880217.0,1895438.0,3991970.0,2276333.0,2751363.0,2195887.0,1425649.0,767916.67,21.6226,0.002405,1179274.4,8.4481,0.001289,1088329.0,4.577,0.000672,1055458.73,3.1464,0.000438,996419.6,2.4996,0.000343,1256530.63,1.3214,0.000223
20261008,9941A,裕融甲特,21027.0,6091.0,14387.0,5095.0,11030.0,12792.0,4001.0,3000.0,8765.0,9044.0,21221.0,1000.0,9170.0,744.0,82300.0,1010.0,2000.0,0.0,8000.0,1582.0,14533.0,43360.0,32805.0,28819.0,99286.0,124939.0,27329.0,22901.0,8000.0,20110.0,13835.0,50.6614,0.000102,11526.0,36.4862,5.4e-05,9523.2,22.0798,2.8e-05,13977.8,10.0288,1.8e-05,11112.95,9.4606,1.4e-05,21478.03,3.2633,9e-06
20261008,9942,茂順,39182.0,30263.0,167295.0,89782.0,29549.0,22539.0,39570.0,115960.0,43351.0,35407.0,30248.0,19997.0,90333.0,32099.0,41245.0,22482.0,45354.0,60403.0,66897.0,51435.0,61155.0,49298.0,45796.0,47840.0,25309.0,43598.0,79615.0,80288.0,174432.0,108069.0,78913.33,16.5506,0.000189,71214.2,11.004,0.000101,61289.8,6.3929,5.3e-05,55121.33,4.7389,3.4e-05,53669.55,3.6503,2.7e-05,59626.37,2.1904,1.8e-05
20261008,9943,好樂迪,37090.0,64698.0,75767.0,43838.0,49836.0,18138.0,68891.0,80614.0,36502.0,35754.0,72928.0,36021.0,110585.0,72051.0,10745.0,31152.0,36361.0,63972.0,28957.0,77061.0,62298.0,64146.0,34463.0,52965.0,75667.0,22706.0,66232.0,45487.0,16808.0,44330.0,59185.0,20.8893,0.000179,54245.8,13.6748,9.6e-05,51112.8,7.2565,5e-05,54230.53,4.5595,3.3e-05,52548.05,3.5292,2.6e-05,51202.1,2.4146,1.7e-05
20261008,9944,新麗,51133.0,19974.0,37498.0,35151.0,22193.0,26896.0,29624.0,32754.0,18641.0,29114.0,24168.0,23497.0,30634.0,41599.0,33513.0,28024.0,25136.0,41237.0,16569.0,24451.0,26418.0,39137.0,54895.0,52725.0,24769.0,36441.0,21215.0,25515.0,28860.0,23726.0,36201.67,47.0816,0.000247,33189.8,30.8125,0.000132,30297.8,16.8768,6.9e-05,30425.93,11.2038,4.5e-05,29590.3,8.6402,3.5e-05,30850.23,5.5249,2.3e-05
20261008,9945,潤泰新,9925625.0,3556108.0,2634303.0,5792753.0,3575449.0,3828692.0,4088023.0,7370448.0,13127733.0,8610289.0,5007814.0,4897359.0,11972321.0,10535444.0,4061805.0,3583516.0,2798187.0,5061036.0,2448901.0,3065040.0,2456877.0,5082933.0,3851767.0,4124099.0,3302368.0,4192254.0,4469745.0,10359933.0,5128610.0,4263893.0,5372012.0,61.5885,0.047919,5096847.6,38.9481,0.025687,6250942.3,15.8786,0.013389,6598944.4,10.0275,0.008723,5797042.3,8.5609,0.006838,5439110.83,6.0829,0.004446
20261008,9946,三發地產,245171.0,133965.0,128898.0,290019.0,96165.0,136072.0,181251.0,232370.0,233111.0,138121.0,197476.0,537279.0,1087958.0,127552.0,160443.0,224867.0,182523.0,140921.0,230857.0,117318.0,309837.0,256081.0,225215.0,108883.0,168416.0,256569.0,530796.0,449160.0,735792.0,964482.0,169344.67,48.2588,0.001184,178843.6,27.4174,0.000634,181514.3,13.507,0.000331,261723.4,6.245,0.000215,241116.85,5.0841,0.000169,294252.27,2.7773,0.00011
20261008,9955,佳龍,465092.0,272816.0,569156.0,164052.0,101426.0,115084.0,204353.0,378978.0,138353.0,147573.0,170629.0,131646.0,100816.0,94689.0,152169.0,107382.0,85646.0,211522.0,123055.0,153722.0,126904.0,229477.0,194070.0,210820.0,163192.0,133244.0,267178.0,154238.0,302934.0,299527.0,435688.0,35.583,0.002245,314508.4,29.5758,0.001204,255688.3,18.1898,0.000627,213788.8,14.5032,0.000409,194407.95,11.9618,0.00032,198991.43,7.7908,0.000208
20261008,9958,世紀鋼,551640.0,623593.0,706042.0,1235777.0,634075.0,871632.0,763092.0,596425.0,930936.0,1038289.0,908665.0,1117456.0,2733414.0,2073073.0,5815544.0,1329255.0,867635.0,791712.0,579900.0,1259423.0,1441757.0,4682375.0,1659464.0,1656324.0,1247578.0,1612960.0,2142011.0,2521392.0,2064876.0,1084081.0,627091.67,29.3227,0.002663,750225.4,14.706,0.001428,795150.1,6.9376,0.000744,1373310.2,2.6779,0.000485,1271378.9,2.1695,0.00038,1518013.2,1.2113,0.000247
