
██████████████████████████████████████████████████████████████████████████████████████████████████████████████
  📅 天數組合: 15 日  →  輸出檔: s13_15.txt
██████████████████████████████████████████████████████████████████████████████████████████████████████████████

🔁 共執行 15 次，每次區間長度 16 個交易日

══════════════════════════════════════════════════════════════════════════════════════════════════════════════
  🔄 第  1/15 次  2026/09/15 ～ 2026/10/08
══════════════════════════════════════════════════════════════════════════════════════════════════════════════

==========================================================================================================================================================================
📊 動能效率優先權分數排名 (2026/09/15 ~ 2026/10/08)
==========================================================================================================================================================================
    實資排名          累計天數排名  代號        名稱                 累計漲停(元)       累計跌停(元)       強度%  (09/15)開盤      最高      最低      收盤    (10/08)開盤      最高      最低      收盤      賺賠    賺賠率
--------------------------------------------------------------------------------------------------------------------------------------------------------------------------
       1               3  2466      冠西電                  81.00          0.00   100.00%    103.00   104.50   100.50   102.00      180.50   198.50   180.00   198.50    +96.50   +94.61%
       2               2  6957      裕慶-KY               223.00          0.00    91.58%    244.00   245.00   238.00   245.00      444.00   450.00   430.50   448.00   +203.00   +82.86%
       3               4  6533      晶心科                 157.00         30.50    78.47%    232.00   234.00   224.00   224.50      348.50   354.00   341.00   352.50   +128.00   +57.02%
       4               7  6672      騰輝電子-KY             254.50         10.50    63.13%    294.50   303.50   289.50   291.00      505.00   555.00   505.00   555.00   +264.00   +90.72%
       5               1  6715      嘉基                  147.00         47.50    61.29%    333.50   380.00   333.50   357.50      482.50   495.00   464.00   464.00   +106.50   +29.79%
       6              11  6944      兆聯實業                211.00         48.00    59.05%    689.00   699.00   689.00   691.00      908.00   918.00   858.00   860.00   +169.00   +24.46%
       7               6  3016      嘉晶                   64.50         11.50    56.15%    113.00   119.00   107.50   110.00      193.00   194.50   178.50   183.50    +73.50   +66.82%
       8              10  6213      聯茂                  331.00         55.00    53.51%    514.00   531.00   511.00   519.00      786.00   806.00   763.00   806.00   +287.00   +55.30%
       9               5  2404      漢唐                  405.00        110.00    52.17%   1015.00  1050.00  1015.00  1035.00     1315.00  1315.00  1285.00  1305.00   +270.00   +26.09%
      10              20  6278      台表科                  61.50          0.00    47.25%    186.00   187.00   180.50   180.50      247.50   256.00   240.50   248.00    +67.50   +37.40%
      11               9  3055      蔚華科                  55.00          0.00    43.66%    161.00   162.50   156.50   157.50      223.00   223.00   219.00   223.00    +65.50   +41.59%
      12              17  6196      帆宣                  189.00         37.00    42.63%    521.00   530.00   516.00   518.00      670.00   676.00   648.00   674.00   +156.00   +30.12%
      13              21  7788      松川精密                 96.50         60.50    42.61%    280.00   291.50   279.50   280.50      313.00   316.00   303.00   305.00    +24.50    +8.73%
      14              51  6449      鈺邦                   64.50          0.00    42.33%    214.00   219.50   208.50   209.50      260.00   278.50   251.00   271.00    +61.50   +29.36%
      15              13  6257      矽格                   78.00          0.00    42.06%    210.00   214.50   207.50   207.50      275.50   291.50   274.00   283.00    +75.50   +36.39%
      16               8  6526      達發                  252.00         93.00    41.51%    637.00   637.00   623.00   623.00      780.00   817.00   778.00   801.00   +178.00   +28.57%
      17              12  4919      新唐                   36.00          0.00    41.25%    112.00   114.00   110.00   111.00      157.00   162.00   152.00   155.50    +44.50   +40.09%
      18              34  6197      佳必琪                  65.50          0.00    37.99%    297.00   300.00   292.00   292.00      371.00   387.00   368.00   381.50    +89.50   +30.65%
      19              16  8150      南茂                   21.50          0.00    37.83%     86.00    88.10    84.40    84.40      126.00   129.50   124.00   128.00    +43.60   +51.66%
      20              26  3189      景碩                  360.00         65.00    37.35%    795.00   822.00   791.00   795.00     1080.00  1095.00  1040.00  1075.00   +280.00   +35.22%
      21              23  6691      洋基工程                227.00         42.00    36.03%    607.00   623.00   607.00   608.00      781.00   794.00   772.00   789.00   +181.00   +29.77%
      22              19  2424      隴華                    0.00          0.00    35.91%      7.70     7.98     7.70     7.97        9.68     9.79     9.41     9.79     +1.82   +22.84%
      23              24  8046      南電                  530.00        105.00    35.69%   1070.00  1110.00  1055.00  1085.00     1480.00  1490.00  1435.00  1475.00   +390.00   +35.94%
      24              22  8996      高力                  705.00        235.00    34.88%   1245.00  1260.00  1200.00  1220.00     1640.00  1710.00  1600.00  1710.00   +490.00   +40.16%
      25              15  3665      貿聯-KY               740.00        335.00    34.59%   1940.00  2020.00  1925.00  1980.00     2335.00  2400.00  2300.00  2360.00   +380.00   +19.19%
      26              53  1303      南亞                   69.50         12.50    33.87%    230.00   230.50   221.00   221.50      314.00   316.00   304.00   310.00    +88.50   +39.95%
      27              29  8028      昇陽半導體                55.00          0.00    32.90%    221.00   231.50   220.00   226.50      285.00   287.00   280.00   285.00    +58.50   +25.83%
      28              18  1727      中華化                  21.50         21.00    32.67%     88.00    92.80    87.60    90.10      105.50   113.00   105.50   107.00    +16.90   +18.76%
      29              32  2241      艾姆勒                   0.00          0.00    32.56%     33.65    34.00    33.25    33.35       53.40    57.20    50.40    50.50    +17.15   +51.42%
      30              55  2340      台亞                    0.00          0.00    32.39%     32.05    32.35    31.15    31.15       48.50    52.90    47.80    52.90    +21.75   +69.82%
      31              14  7799      禾榮科                 192.00         74.00    32.18%    410.00   424.00   408.00   415.50      516.00   518.00   503.00   518.00   +102.50   +24.67%
      32              25  3605      宏致                   41.50         12.00    32.05%    124.50   129.50   122.00   127.50      166.00   166.00   163.00   163.00    +35.50   +27.84%
      33              67  3532      台勝科                 106.50          0.00    31.87%    416.00   444.00   403.00   407.00      515.00   518.00   474.00   509.00   +102.00   +25.06%
      34              39  6225      天瀚                    0.00          0.00    31.52%     60.80    70.00    60.80    63.50       68.70    73.50    68.70    71.60     +8.10   +12.76%
      35              31  3031      佰鴻                    0.00          0.00    31.26%     23.35    23.55    23.00    23.00       33.00    35.00    33.00    33.20    +10.20   +44.35%
      36              30  1560      中砂                  302.00         63.00    31.15%    746.00   752.00   735.00   735.00     1030.00  1030.00  1000.00  1010.00   +275.00   +37.41%
      37              36  8021      尖點                   98.00         11.00    31.06%    442.50   445.00   428.00   431.50      553.00   568.00   544.00   557.00   +125.50   +29.08%
      38              45  6834      天二科技                 10.50          0.00    30.68%     98.20   102.00    97.00    97.10      125.50   137.00   123.00   132.00    +34.90   +35.94%
      39              27  6861      睿生光電                 86.50         60.50    30.18%    235.50   242.50   222.00   228.00      270.50   273.50   261.50   262.50    +34.50   +15.13%
      40              52  3094      聯傑                    0.00          0.00    29.82%     43.95    44.00    42.20    42.25       67.60    69.40    66.60    69.30    +27.05   +64.02%
==========================================================================================================================================================================
✅ 共 40 筆


══════════════════════════════════════════════════════════════════════════════════════════════════════════════
  🔄 第  2/15 次  2026/09/14 ～ 2026/10/07
══════════════════════════════════════════════════════════════════════════════════════════════════════════════

==========================================================================================================================================================================
📊 動能效率優先權分數排名 (2026/09/14 ~ 2026/10/07)
==========================================================================================================================================================================
    實資排名          累計天數排名  代號        名稱                 累計漲停(元)       累計跌停(元)       強度%  (09/14)開盤      最高      最低      收盤    (10/07)開盤      最高      最低      收盤      賺賠    賺賠率
--------------------------------------------------------------------------------------------------------------------------------------------------------------------------
       1               2  6957      裕慶-KY               223.00          0.00   100.00%    231.50   242.50   231.00   240.00      405.00   444.00   404.50   444.00   +204.00   +85.00%
       2               1  6715      嘉基                  171.50         26.50    94.29%    313.50   351.00   312.00   346.00      480.00   519.00   470.00   485.00   +139.00   +40.17%
       3               3  6533      晶心科                 157.00         30.50    86.92%    230.00   240.00   230.00   232.00      341.50   347.00   338.00   347.00   +115.00   +49.57%
       4               6  2466      冠西電                  63.00          0.00    81.67%    104.00   107.50   103.00   103.00      165.00   183.50   164.50   180.50    +77.50   +75.24%
       5               8  6944      兆聯實業                211.00          0.00    76.62%    681.00   694.00   676.00   694.00      835.00   908.00   835.00   908.00   +214.00   +30.84%
       6               4  3016      嘉晶                   64.50          0.00    72.10%    104.00   117.00   102.00   112.50      188.50   195.50   185.00   195.00    +82.50   +73.33%
       7               5  2404      漢唐                  415.00         85.00    69.33%    995.00  1040.00   992.00  1015.00     1335.00  1340.00  1305.00  1330.00   +315.00   +31.03%
       8              13  6213      聯茂                  321.00         55.00    55.09%    492.00   521.00   482.00   515.00      787.00   813.00   780.00   796.00   +281.00   +54.56%
       9              16  6278      台表科                  61.50          0.00    52.36%    182.00   187.00   179.50   185.50      229.50   250.50   227.00   250.50    +65.00   +35.04%
      10              11  6672      騰輝電子-KY             204.50         10.50    51.73%    288.50   297.50   285.00   294.50      505.00   505.00   497.50   505.00   +210.50   +71.48%
      11               7  3055      蔚華科                  55.00          0.00    50.76%    149.50   159.50   148.50   159.50      218.00   227.50   213.00   223.00    +63.50   +39.81%
      12              19  7788      松川精密                 96.50         36.50    49.98%    275.00   288.00   265.50   282.00      342.00   345.50   329.00   329.00    +47.00   +16.67%
      13               9  3665      貿聯-KY               775.00        335.00    47.44%   1825.00  2000.00  1810.00  1955.00     2325.00  2330.00  2285.00  2315.00   +360.00   +18.41%
      14              17  6196      帆宣                  189.00         37.00    47.28%    505.00   527.00   505.00   520.00      660.00   675.00   660.00   670.00   +150.00   +28.85%
      15              14  4919      新唐                   36.00          0.00    47.14%    112.00   115.00   109.00   113.00      151.50   164.00   150.00   159.50    +46.50   +41.15%
      16              10  6526      達發                  237.00         93.00    44.19%    618.00   637.00   607.00   630.00      833.00   833.00   772.00   786.00   +156.00   +24.76%
      17              20  6257      矽格                   78.00          0.00    40.97%    206.00   213.00   204.00   210.00      283.00   293.50   272.00   278.00    +68.00   +32.38%
      18              15  8021      尖點                  122.00         11.00    40.91%    414.00   444.50   410.50   442.50      562.00   574.00   549.00   556.00   +113.50   +25.65%
      19              23  2424      隴華                    0.00          0.00    40.07%      7.70     8.01     7.70     7.98        8.65     9.05     8.65     8.90     +0.92   +11.53%
      20              12  6861      睿生光電                107.50         60.50    40.03%    226.50   235.50   226.50   235.50      272.50   277.50   265.00   270.50    +35.00   +14.86%
      21              21  8150      南茂                   21.50          0.00    39.67%     85.50    88.20    84.30    86.60      126.00   129.00   125.00   128.50    +41.90   +48.38%
      22              24  3605      宏致                   41.50         12.00    38.48%    120.00   127.00   118.00   126.50      179.00   185.00   162.00   167.00    +40.50   +32.02%
      23              25  6691      洋基工程                214.00         42.00    38.42%    609.00   618.00   602.00   613.00      787.00   793.00   775.00   776.00   +163.00   +26.59%
      24              38  1303      南亞                   69.50         12.50    38.40%    232.00   236.50   220.50   234.00      293.00   322.00   293.00   314.00    +80.00   +34.19%
      25              28  2241      艾姆勒                   0.00          0.00    37.83%     33.20    33.85    32.85    33.45       47.60    52.00    47.40    52.00    +18.55   +55.46%
      26              59  3532      台勝科                 106.50          0.00    37.52%    410.00   419.00   400.00   416.00      468.00   513.00   467.00   513.00    +97.00   +23.32%
      27              99  6449      鈺邦                   55.00          0.00    37.28%    214.00   217.00   205.50   214.50      238.00   261.50   237.00   261.50    +47.00   +21.91%
      28              18  3443      創意                 3670.00       1330.00    36.27%   5995.00  6575.00  5850.00  6400.00     8485.00  8750.00  8350.00  8460.00  +2060.00   +32.19%
      29              30  8028      昇陽半導體                55.00          0.00    35.84%    220.00   224.50   216.50   221.50      281.50   294.00   280.50   285.00    +63.50   +28.67%
      30              22  7799      禾榮科                 192.00         74.00    34.85%    414.50   418.50   405.00   418.00      532.00   537.00   515.00   516.00    +98.00   +23.44%
      31              31  3094      聯傑                    0.00          0.00    34.74%     40.45    44.50    40.35    44.00       69.20    70.20    66.20    67.50    +23.50   +53.41%
      32              26  1727      中華化                  21.50         21.00    34.27%     89.00    89.70    86.20    88.20      105.50   109.50   105.00   106.00    +17.80   +20.18%
      33              55  6197      佳必琪                  55.00          0.00    33.87%    298.00   301.00   294.50   297.00      366.00   371.00   363.00   371.00    +74.00   +24.92%
      34              35  8046      南電                  530.00        130.00    33.56%   1040.00  1070.00  1025.00  1055.00     1505.00  1560.00  1470.00  1480.00   +425.00   +40.28%
      35              32  3031      佰鴻                    0.00          0.00    33.13%     23.50    23.75    23.05    23.35       33.50    33.70    32.80    33.50    +10.15   +43.47%
      36              74  2492      華新科                 134.00         20.00    33.08%    303.00   309.50   291.00   305.50      389.00   428.00   388.00   428.00   +122.50   +40.10%
      37              37  3189      景碩                  360.00         64.00    32.93%    795.00   810.00   784.00   798.00     1085.00  1145.00  1085.00  1100.00   +302.00   +37.84%
      38              29  2254      巨鎧精密-創                0.00         10.10    32.63%     65.80    70.80    65.80    70.80      102.00   106.00    91.40    91.40    +20.60   +29.10%
      39              27  2305      全友                    0.00          0.00    32.57%     40.45    45.15    39.50    45.15       58.20    60.20    57.10    58.90    +13.75   +30.45%
      40              53  2340      台亞                    0.00          0.00    32.35%     31.10    33.20    30.80    32.05       46.40    49.00    43.50    48.15    +16.10   +50.23%
==========================================================================================================================================================================
✅ 共 40 筆


══════════════════════════════════════════════════════════════════════════════════════════════════════════════
  🔄 第  3/15 次  2026/09/11 ～ 2026/10/06
══════════════════════════════════════════════════════════════════════════════════════════════════════════════

==========================================================================================================================================================================
📊 動能效率優先權分數排名 (2026/09/11 ~ 2026/10/06)
==========================================================================================================================================================================
    實資排名          累計天數排名  代號        名稱                 累計漲停(元)       累計跌停(元)       強度%  (09/11)開盤      最高      最低      收盤    (10/06)開盤      最高      最低      收盤      賺賠    賺賠率
--------------------------------------------------------------------------------------------------------------------------------------------------------------------------
       1               1  3016      嘉晶                   64.50          0.00   100.00%    106.50   109.50   101.00   109.50      186.00   189.50   181.50   188.00    +78.50   +71.69%
       2               4  2466      冠西電                  53.00          0.00    93.01%    100.00   109.50   100.00   106.00      160.00   170.50   157.50   170.50    +64.50   +60.85%
       3               2  6715      嘉基                  171.50         41.50    87.73%    323.50   334.50   316.50   321.50      485.50   492.50   450.00   482.50   +161.00   +50.08%
       4               3  6957      裕慶-KY               183.00          0.00    86.50%    223.50   234.00   222.50   231.50      417.50   417.50   391.00   404.00   +172.50   +74.51%
       5               8  6672      騰輝電子-KY             159.00         10.50    80.55%    291.50   303.00   291.00   292.00      456.00   459.50   435.00   459.50   +167.50   +57.36%
       6               7  6533      晶心科                 157.00         44.00    76.46%    239.00   239.50   231.00   232.50      336.00   348.00   326.00   345.00   +112.50   +48.39%
       7               5  6861      睿生光電                118.00         60.50    76.01%    205.00   221.50   188.50   214.50      295.50   295.50   270.50   270.50    +56.00   +26.11%
       8               9  6257      矽格                   78.00          0.00    69.53%    212.00   213.00   209.50   211.50      269.50   286.00   267.50   286.00    +74.50   +35.22%
       9              11  3055      蔚華科                  45.50          0.00    69.52%    158.50   162.00   148.00   154.50      222.50   222.50   213.00   213.50    +59.00   +38.19%
      10               6  2404      漢唐                  415.00        140.00    69.00%   1025.00  1040.00  1000.00  1005.00     1320.00  1355.00  1305.00  1335.00   +330.00   +32.84%
      11              10  3605      宏致                   41.50         12.00    67.56%    125.00   127.00   122.00   122.50      168.00   173.00   160.00   172.00    +49.50   +40.41%
      12              13  6706      惠特                   40.50         15.00    67.28%    123.50   137.50   122.50   137.50      151.50   155.50   148.00   148.00    +10.50    +7.64%
      13              17  8046      南電                  540.00        105.00    62.95%   1045.00  1100.00  1035.00  1080.00     1500.00  1520.00  1485.00  1505.00   +425.00   +39.35%
      14              29  6213      聯茂                  321.00         65.00    62.11%    503.00   537.00   501.00   509.00      797.00   818.00   762.00   787.00   +278.00   +54.62%
      15              15  2424      隴華                    0.00          0.00    60.32%      8.02     8.49     8.01     8.01        8.15     9.07     8.15     8.65     +0.64    +7.99%
      16              38  5434      崇越                  102.00          0.00    59.00%    520.00   533.00   518.00   527.00      620.00   633.00   613.00   619.00    +92.00   +17.46%
      17              14  4919      新唐                   36.00          0.00    57.67%    115.00   116.00   112.00   112.50      156.00   157.00   149.50   150.50    +38.00   +33.78%
      18              18  1560      中砂                  359.00         80.00    57.13%    747.00   794.00   744.00   790.00     1045.00  1045.00  1020.00  1030.00   +240.00   +30.38%
      19              20  8150      南茂                   21.50          0.00    56.60%     88.20    88.20    85.50    86.70      124.00   130.50   123.00   127.50    +40.80   +47.06%
      20              22  3094      聯傑                    0.00          0.00    55.49%     41.05    41.60    40.35    40.90       69.40    71.80    68.50    69.20    +28.30   +69.19%
      21              23  2254      巨鎧精密-創                0.00          0.00    54.52%     65.60    66.00    64.90    65.80       95.10   102.00    94.60   101.50    +35.70   +54.26%
      22              52  7788      松川精密                 96.50         21.50    54.28%    302.00   304.50   286.50   286.50      339.50   365.50   335.00   365.50    +79.00   +27.57%
      23              16  2305      全友                    0.00          0.00    54.09%     38.65    41.05    37.70    41.05       58.60    63.50    57.20    58.30    +17.25   +42.02%
      24              12  1727      中華化                  21.50         21.00    53.42%     89.10    92.30    89.00    89.60      115.50   115.50   106.00   106.00    +16.40   +18.30%
      25              25  8996      高力                  625.00        330.00    53.38%   1270.00  1365.00  1230.00  1330.00     1600.00  1600.00  1540.00  1600.00   +270.00   +20.30%
      26              39  6196      帆宣                  189.00         61.00    53.06%    520.00   529.00   506.00   511.00      684.00   684.00   649.00   663.00   +152.00   +29.75%
      27              19  8028      昇陽半導體                55.00          0.00    52.36%    223.00   226.50   221.50   225.50      285.00   285.00   278.00   280.00    +54.50   +24.17%
      28              30  8101      華冠                    0.00          0.00    51.97%     11.45    12.15    11.40    12.15       10.35    10.70    10.15    10.60     -1.55   -12.76%
      29              31  2241      艾姆勒                   0.00          0.00    51.89%     34.30    34.70    33.90    33.90       46.50    48.45    46.25    47.35    +13.45   +39.68%
      30              28  1709      和益                    0.00          0.00    51.39%     35.30    36.80    34.70    36.20       66.20    66.30    58.20    63.30    +27.10   +74.86%
      31              37  6278      台表科                  45.00          0.00    50.85%    186.00   189.00   183.50   186.50      230.00   237.50   217.50   234.00    +47.50   +25.47%
      32              26  3031      佰鴻                    0.00          0.00    50.62%     23.95    23.95    23.50    23.60       33.40    34.60    31.05    34.20    +10.60   +44.92%
      33              44  8021      尖點                  122.00         30.50    50.55%    430.00   430.00   418.00   418.50      566.00   584.00   557.00   561.00   +142.50   +34.05%
      34              50  3189      景碩                  330.00         64.00    49.87%    811.00   833.00   806.00   822.00     1095.00  1105.00  1055.00  1070.00   +248.00   +30.17%
      35              33  6691      洋基工程                214.00         44.00    49.87%    612.00   618.00   607.00   609.00      794.00   794.00   769.00   787.00   +178.00   +29.23%
      36              24  6526      達發                  237.00         55.00    49.19%    632.00   637.00   624.00   624.00      844.00   857.00   836.00   842.00   +218.00   +34.94%
      37              41  6197      佳必琪                  55.00          0.00    48.60%    298.00   304.50   298.00   300.00      351.00   371.00   351.00   365.00    +65.00   +21.67%
      38              47  2340      台亞                    0.00          0.00    48.39%     31.40    32.10    30.70    31.65       50.30    50.40    45.30    47.30    +15.65   +49.45%
      39              27  2444      兆勁                    0.00          0.00    47.35%     11.50    12.30    11.50    12.20       15.80    16.45    15.15    15.70     +3.50   +28.69%
      40              56  5292      華懋                   11.50          0.00    46.34%    216.00   219.00   216.00   217.00      248.50   252.50   245.00   249.00    +32.00   +14.75%
==========================================================================================================================================================================
✅ 共 40 筆


══════════════════════════════════════════════════════════════════════════════════════════════════════════════
  🔄 第  4/15 次  2026/09/10 ～ 2026/10/05
══════════════════════════════════════════════════════════════════════════════════════════════════════════════

==========================================================================================================================================================================
📊 動能效率優先權分數排名 (2026/09/10 ~ 2026/10/05)
==========================================================================================================================================================================
    實資排名          累計天數排名  代號        名稱                 累計漲停(元)       累計跌停(元)       強度%  (09/10)開盤      最高      最低      收盤    (10/05)開盤      最高      最低      收盤      賺賠    賺賠率
--------------------------------------------------------------------------------------------------------------------------------------------------------------------------
       1               1  3016      嘉晶                   74.50          0.00   100.00%     99.30   110.00    99.30   110.00      186.00   189.50   178.00   181.50    +71.50   +65.00%
       2               4  6957      裕慶-KY               183.00          0.00    80.43%    221.00   226.50   219.50   224.50      386.00   413.00   380.50   410.00   +185.50   +82.63%
       3               3  3055      蔚華科                  56.00          0.00    79.50%    147.50   164.00   145.00   160.00      221.00   222.00   213.00   216.50    +56.50   +35.31%
       4               2  6861      睿生光電                136.50         35.50    78.50%    190.50   204.00   188.50   204.00      295.00   311.00   294.00   295.50    +91.50   +44.85%
       5               7  6672      騰輝電子-KY             159.00         10.50    57.59%    296.00   306.00   294.00   299.00      444.00   457.50   435.00   451.00   +152.00   +50.84%
       6              10  6706      惠特                   40.50         15.00    51.94%    122.00   126.50   122.00   125.00      156.00   156.50   151.50   151.50    +26.50   +21.20%
       7               8  6533      晶心科                 157.00         44.00    51.39%    253.50   255.00   245.00   246.00      351.00   351.50   332.00   336.00    +90.00   +36.59%
       8              17  2466      冠西電                  37.50          0.00    50.62%    102.50   103.00    99.70   101.50      150.00   155.00   145.00   155.00    +53.50   +52.71%
       9               6  6715      嘉基                  171.50         59.50    48.59%    350.50   353.50   335.50   336.50      453.50   485.00   444.50   480.50   +144.00   +42.79%
      10               5  2404      漢唐                  390.00        140.00    48.26%   1055.00  1065.00  1040.00  1060.00     1300.00  1325.00  1280.00  1310.00   +250.00   +23.58%
      11               9  4919      新唐                   36.00          0.00    47.76%    117.50   118.00   116.00   116.50      162.50   162.50   154.00   155.50    +39.00   +33.48%
      12              26  6213      聯茂                  285.00         65.00    46.80%    516.00   520.00   507.00   519.00      690.00   751.00   682.00   751.00   +232.00   +44.70%
      13              12  3605      宏致                   41.50         12.00    46.07%    128.00   131.00   124.50   128.00      171.50   172.00   164.50   168.00    +40.00   +31.25%
      14              22  3189      景碩                  345.00         39.00    44.55%    800.00   835.00   792.00   827.00     1055.00  1150.00  1030.00  1095.00   +268.00   +32.41%
      15              14  3443      創意                 3885.00       1210.00    42.82%   5895.00  6275.00  5850.00  6225.00     8150.00  8690.00  8150.00  8600.00  +2375.00   +38.15%
      16              16  1560      中砂                  359.00         70.00    42.44%    727.00   735.00   718.00   733.00     1020.00  1060.00  1010.00  1040.00   +307.00   +41.88%
      17              45  5434      崇越                  102.00          0.00    42.26%    530.00   531.00   523.00   527.00      598.00   623.00   593.00   620.00    +93.00   +17.65%
      18              13  1727      中華化                  21.50          9.50    42.16%     90.00    92.40    89.90    90.40      128.00   130.00   116.00   117.50    +27.10   +29.98%
      19              11  2305      全友                    0.00          0.00    42.05%     36.00    38.50    35.80    38.50       59.80    60.70    56.60    57.80    +19.30   +50.13%
      20              20  3094      聯傑                    0.00          0.00    41.08%     40.60    42.80    40.30    41.90       70.40    73.50    68.70    69.00    +27.10   +64.68%
      21              38  6196      帆宣                  189.00         45.00    40.39%    537.00   538.00   519.00   535.00      628.00   679.00   622.00   679.00   +144.00   +26.92%
      22              21  8028      昇陽半導體                55.00          0.00    40.09%    235.50   235.50   228.00   229.50      288.50   290.50   280.50   281.50    +52.00   +22.66%
      23              18  2424      隴華                    0.00          0.00    40.02%      7.98     8.09     7.98     8.01        8.28     8.88     8.27     8.60     +0.59    +7.37%
      24              15  7799      禾榮科                 230.50         69.50    37.40%    400.00   425.00   392.00   425.00      546.00   550.00   531.00   537.00   +112.00   +26.35%
      25              34  8046      南電                  530.00        145.00    37.39%   1085.00  1105.00  1055.00  1070.00     1460.00  1550.00  1445.00  1495.00   +425.00   +39.72%
      26              33  1709      和益                    0.00          0.00    37.05%     36.25    37.55    34.95    35.30       63.80    64.30    63.60    64.30    +29.00   +82.15%
      27              32  2241      艾姆勒                   0.00          0.00    36.80%     34.00    35.50    34.00    34.80       43.55    46.50    43.10    46.05    +11.25   +32.33%
      28              46  2340      台亞                    0.00          0.00    36.20%     32.10    32.10    31.50    31.65       46.70    50.30    46.50    50.30    +18.65   +58.93%
      29              27  8150      南茂                   21.50          0.00    35.89%     90.70    91.50    90.00    90.90      133.00   133.00   123.00   124.00    +33.10   +36.41%
      30              56  8021      尖點                  122.00         30.50    35.70%    445.50   449.50   431.00   438.00      560.00   577.00   536.00   560.00   +122.00   +27.85%
      31              25  2254      巨鎧精密-創                0.00          0.00    35.48%     65.10    67.30    64.30    65.60       94.50    95.00    94.10    94.80    +29.20   +44.51%
      32              35  8101      華冠                    0.00          0.00    35.35%     11.60    11.60    11.60    11.60        9.63    11.20     9.63    11.20     -0.40    -3.45%
      33              40  6691      洋基工程                214.00         44.00    35.24%    630.00   631.00   616.00   622.00      752.00   794.00   747.00   794.00   +172.00   +27.65%
      34              23  6526      達發                  237.00         55.00    35.05%    637.00   647.00   632.00   642.00      855.00   885.00   828.00   841.00   +199.00   +31.00%
      35              19  6257      矽格                   52.00          0.00    34.77%    215.00   225.00   213.50   217.00      270.00   275.00   253.50   260.00    +43.00   +19.82%
      36              28  3031      佰鴻                    0.00          0.00    33.80%     24.35    25.05    24.10    24.10       32.80    34.70    32.10    32.90     +8.80   +36.51%
      37              24  4956      光鋐                    0.00          0.00    33.45%     33.80    34.50    33.60    33.80       46.10    49.00    45.05    45.55    +11.75   +34.76%
      38              31  2444      兆勁                    0.00          0.00    33.16%     11.25    11.30    11.10    11.20       17.40    17.80    16.00    16.20     +5.00   +44.64%
      39              62  3653      健策                 2245.00        800.00    32.61%   5735.00  5885.00  5705.00  5790.00     6800.00  7440.00  6760.00  7205.00  +1415.00   +24.44%
      40              30  6168      宏齊                    0.00          0.00    32.01%     29.40    30.75    29.25    29.80       47.15    50.60    44.70    47.10    +17.30   +58.05%
==========================================================================================================================================================================
✅ 共 40 筆


══════════════════════════════════════════════════════════════════════════════════════════════════════════════
  🔄 第  5/15 次  2026/09/09 ～ 2026/10/02
══════════════════════════════════════════════════════════════════════════════════════════════════════════════

==========================================================================================================================================================================
📊 動能效率優先權分數排名 (2026/09/09 ~ 2026/10/02)
==========================================================================================================================================================================
    實資排名          累計天數排名  代號        名稱                 累計漲停(元)       累計跌停(元)       強度%  (09/09)開盤      最高      最低      收盤    (10/02)開盤      最高      最低      收盤      賺賠    賺賠率
--------------------------------------------------------------------------------------------------------------------------------------------------------------------------
       1               1  3016      嘉晶                   74.50          0.00   100.00%    102.00   102.50    99.40   100.00      169.50   182.00   169.50   180.50    +80.50   +80.50%
       2               2  3055      蔚華科                  56.00          0.00    76.09%    155.00   159.00   143.00   149.50      216.00   217.00   212.50   216.00    +66.50   +44.48%
       3               3  6715      嘉基                  169.50         59.50    51.34%    330.00   357.50   330.00   354.50      442.50   468.00   436.00   449.00    +94.50   +26.66%
       4               5  4919      新唐                   36.00          0.00    50.93%    118.50   120.50   117.50   119.00      151.00   167.00   145.50   163.00    +44.00   +36.97%
       5              15  6672      騰輝電子-KY             147.00         10.50    48.92%    299.50   314.00   293.50   299.50      413.00   439.00   404.00   439.00   +139.50   +46.58%
       6              14  6706      惠特                   40.50         15.00    48.87%    124.50   127.50   121.50   124.00      155.50   160.00   153.00   154.50    +30.50   +24.60%
       7              10  6533      晶心科                 157.00         28.00    48.62%    257.50   258.00   253.00   253.50      366.50   366.50   350.50   352.00    +98.50   +38.86%
       8               4  2404      漢唐                  375.00        140.00    48.08%   1055.00  1080.00  1055.00  1065.00     1320.00  1355.00  1265.00  1285.00   +220.00   +20.66%
       9               9  6861      睿生光電                136.50         45.50    47.71%    198.00   200.00   182.00   185.50      293.00   298.50   290.00   296.00   +110.50   +59.57%
      10              11  3605      宏致                   41.50         12.00    45.19%    123.00   134.50   121.50   129.50      176.50   182.00   169.00   170.50    +41.00   +31.66%
      11              13  3042      晶技                   39.00          0.00    44.54%    180.00   188.50   178.00   184.50      219.00   232.50   217.50   230.50    +46.00   +24.93%
      12               6  6957      裕慶-KY               150.00          0.00    43.90%    216.00   221.50   214.00   220.50      375.00   389.00   366.00   377.00   +156.50   +70.98%
      13              12  1727      中華化                  21.50          9.50    43.20%     90.50    92.70    90.20    91.10      111.00   123.00   111.00   123.00    +31.90   +35.02%
      14               7  1560      中砂                  347.00         70.00    42.41%    717.00   733.00   717.00   730.00     1005.00  1030.00   993.00  1015.00   +285.00   +39.04%
      15              22  8150      南茂                   21.50          0.00    41.18%     90.80    95.40    90.70    91.50      116.00   127.00   114.50   127.00    +35.50   +38.80%
      16              20  2466      冠西電                  23.50          0.00    40.73%     98.70   104.00    98.70   103.50      130.50   141.00   130.50   141.00    +37.50   +36.23%
      17              18  8028      昇陽半導體                55.00          0.00    40.48%    237.50   240.50   235.00   236.00      280.00   287.00   277.50   283.50    +47.50   +20.13%
      18               8  2305      全友                    0.00          0.00    40.23%     33.70    35.00    32.55    35.00       59.70    61.60    55.80    60.20    +25.20   +72.00%
      19              16  6257      矽格                   52.00          0.00    37.70%    210.00   215.50   210.00   213.00      252.50   266.00   250.50   257.50    +44.50   +20.89%
      20              24  3189      景碩                  312.00         39.00    37.19%    812.00   835.00   805.00   812.00     1010.00  1070.00  1005.00  1050.00   +238.00   +29.31%
      21              25  3094      聯傑                    0.00          0.00    36.11%     41.30    41.90    40.70    40.80       69.20    73.00    67.90    70.30    +29.50   +72.30%
      22              30  7768      頌勝科技                 61.50          0.00    35.02%    272.00   278.50   271.50   276.50      303.00   324.50   303.00   313.00    +36.50   +13.20%
      23              28  1709      和益                    0.00          0.00    34.57%     33.50    36.00    33.50    35.60       55.50    58.50    54.70    58.50    +22.90   +64.33%
      24              27  8046      南電                  580.00        145.00    34.38%   1075.00  1125.00  1065.00  1110.00     1440.00  1480.00  1395.00  1460.00   +350.00   +31.53%
      25              21  2424      隴華                    0.00          0.00    34.27%      7.74     8.28     7.74     7.97        8.20     8.85     8.20     8.42     +0.45    +5.65%
      26              19  8996      高力                  660.00        375.00    34.24%   1255.00  1345.00  1240.00  1345.00     1595.00  1635.00  1490.00  1510.00   +165.00   +12.27%
      27              38  6213      聯茂                  230.00         65.00    33.86%    513.00   542.00   512.00   523.00      646.00   700.00   639.00   683.00   +160.00   +30.59%
      28              17  7799      禾榮科                 230.50         69.50    32.85%    391.50   395.00   383.50   386.50      558.00   561.00   535.00   543.00   +156.50   +40.49%
      29              29  2254      巨鎧精密-創                0.00          0.00    31.82%     63.10    65.20    63.00    65.20       94.30    95.00    92.60    94.30    +29.10   +44.63%
      30              32  6526      達發                  237.00         55.00    31.13%    643.00   652.00   641.00   643.00      838.00   838.00   821.00   835.00   +192.00   +29.86%
      31              33  6225      天瀚                    0.00          0.00    31.11%     61.40    67.60    61.40    67.60       73.50    73.50    64.90    68.30     +0.70    +1.04%
      32              34  6196      帆宣                  159.00         45.00    30.55%    512.00   538.00   512.00   534.00      609.00   619.00   602.00   618.00    +84.00   +15.73%
      33              23  3665      貿聯-KY               815.00        210.00    30.31%   1935.00  2015.00  1890.00  1975.00     2620.00  2670.00  2525.00  2540.00   +565.00   +28.61%
      34              31  2033      佳大                    0.00          0.00    30.25%     25.45    27.85    25.45    27.30       51.20    51.20    51.20    51.20    +23.90   +87.55%
      35              40  2444      兆勁                    0.00          0.00    30.22%     11.60    11.70    11.25    11.30       15.00    16.50    14.70    16.50     +5.20   +46.02%
      36              71  8021      尖點                  122.00         30.50    29.93%    448.00   451.50   439.50   442.50      503.00   553.00   501.00   553.00   +110.50   +24.97%
      37              70  4722      國精化                  39.50          0.00    29.75%    193.50   195.50   190.50   193.00      212.00   230.00   209.50   230.00    +37.00   +19.17%
      38              35  3031      佰鴻                    0.00          0.00    29.70%     23.80    24.70    23.80    24.35       31.40    33.50    30.25    32.80     +8.45   +34.70%
      39              51  3037      欣興                  434.00         77.00    29.47%    980.00  1005.00   980.00   993.00     1225.00  1305.00  1215.00  1305.00   +312.00   +31.42%
      40              26  4770      上品                   62.00         10.50    29.02%    232.00   250.00   229.00   249.50      275.00   280.50   274.50   278.00    +28.50   +11.42%
==========================================================================================================================================================================
✅ 共 40 筆


══════════════════════════════════════════════════════════════════════════════════════════════════════════════
  🔄 第  6/15 次  2026/09/08 ～ 2026/10/01
══════════════════════════════════════════════════════════════════════════════════════════════════════════════

==========================================================================================================================================================================
📊 動能效率優先權分數排名 (2026/09/08 ~ 2026/10/01)
==========================================================================================================================================================================
    實資排名          累計天數排名  代號        名稱                 累計漲停(元)       累計跌停(元)       強度%  (09/08)開盤      最高      最低      收盤    (10/01)開盤      最高      最低      收盤      賺賠    賺賠率
--------------------------------------------------------------------------------------------------------------------------------------------------------------------------
       1               1  3055      蔚華科                  67.50          0.00   100.00%    135.50   146.00   135.50   146.00      208.00   212.00   202.00   210.00    +64.00   +43.84%
       2               2  3016      嘉晶                   62.00          0.00    77.85%    102.00   108.50   101.00   101.50      169.00   169.00   162.50   168.00    +66.50   +65.52%
       3               3  6533      晶心科                 157.00         13.50    53.57%    256.50   261.50   252.50   256.00      346.00   366.50   337.00   366.50   +110.50   +43.16%
       4               5  3605      宏致                   41.50         12.00    49.81%    122.00   132.50   120.00   124.00      171.00   179.00   168.50   178.00    +54.00   +43.55%
       5               9  6706      惠特                   40.50         15.00    49.75%    123.50   126.50   122.50   123.00      152.00   160.50   152.00   154.50    +31.50   +25.61%
       6               4  6861      睿生光電                136.50         45.50    48.84%    189.00   205.00   186.00   195.50      317.50   324.50   288.00   292.00    +96.50   +49.36%
       7              10  6957      裕慶-KY               150.00          0.00    40.57%    222.00   222.00   216.00   216.00      400.00   400.00   364.00   384.00   +168.00   +77.78%
       8               8  2305      全友                    0.00          0.00    39.10%     33.95    36.20    32.75    33.20       65.30    65.30    61.90    61.90    +28.70   +86.45%
       9              14  6672      騰輝電子-KY             113.50         10.50    38.86%    300.50   317.50   290.00   294.00      376.50   405.50   369.50   405.50   +111.50   +37.93%
      10               6  6715      嘉基                  169.50         73.50    38.82%    333.00   340.00   322.00   325.00      445.00   453.00   430.00   453.00   +128.00   +39.38%
      11               7  2404      漢唐                  375.00        145.00    38.54%   1085.00  1085.00  1050.00  1055.00     1280.00  1315.00  1270.00  1305.00   +250.00   +23.70%
      12              18  6225      天瀚                    0.00          0.00    35.54%     60.80    62.10    60.80    61.50       66.90    66.90    66.90    66.90     +5.40    +8.78%
      13              11  1727      中華化                  10.50          9.50    35.02%     91.50    92.30    90.50    90.60      108.00   116.00   105.50   112.00    +21.40   +23.62%
      14              12  2424      隴華                    0.00          0.00    33.98%      7.85     8.39     7.85     7.96        8.02     8.43     8.02     8.16     +0.20    +2.51%
      15              20  4919      新唐                   25.00          0.00    32.92%    124.50   124.50   117.50   118.00      140.50   152.00   139.00   152.00    +34.00   +28.81%
      16              15  2254      巨鎧精密-創                0.00          0.00    32.79%     62.30    64.30    62.30    63.10       93.00    94.60    93.00    94.10    +31.00   +49.13%
      17              16  3042      晶技                   27.00          0.00    32.79%    178.00   181.00   171.50   172.00      210.00   224.00   207.50   218.50    +46.50   +27.03%
      18              13  6257      矽格                   52.00          0.00    32.17%    217.50   218.50   208.00   209.00      251.00   259.00   249.00   256.50    +47.50   +22.73%
      19              28  1709      和益                    0.00          0.00    32.00%     33.75    34.10    32.80    33.60       51.80    53.20    51.60    53.20    +19.60   +58.33%
      20              29  3094      聯傑                    0.00          0.00    31.78%     44.75    45.80    40.60    41.25       61.80    67.70    61.70    67.70    +26.45   +64.12%
      21              19  1560      中砂                  332.00         83.00    31.55%    730.00   736.00   713.00   717.00      963.00  1015.00   963.00  1000.00   +283.00   +39.47%
      22              17  6526      達發                  237.00         55.00    31.35%    648.00   653.00   636.00   643.00      834.00   843.00   818.00   829.00   +186.00   +28.93%
      23              33  8996      高力                  660.00        335.00    30.12%   1240.00  1285.00  1205.00  1225.00     1515.00  1600.00  1470.00  1565.00   +340.00   +27.76%
      24              23  2033      佳大                    0.00          0.00    30.09%     25.70    26.30    25.00    25.45       45.10    46.55    44.00    46.55    +21.10   +82.91%
      25              26  2030      彰源                    0.00          0.00    30.08%     22.65    23.95    22.65    23.80       37.20    40.00    36.05    37.65    +13.85   +58.19%
      26              36  2241      艾姆勒                   0.00          0.00    28.62%     34.35    34.60    34.10    34.20       46.00    46.20    44.00    44.05     +9.85   +28.80%
      27              31  4956      光鋐                    0.00          0.00    28.47%     35.10    35.45    34.10    34.10       46.50    49.60    46.20    47.25    +13.15   +38.56%
      28              43  2466      冠西電                  11.00          0.00    27.90%    101.00   102.00    98.60    98.60      128.00   136.00   127.00   128.50    +29.90   +30.32%
      29              34  6168      宏齊                    0.00          0.00    27.88%     29.75    30.10    28.50    28.55       45.70    47.00    45.70    47.00    +18.45   +64.62%
      30              39  6491      晶碩                   25.00          0.00    27.79%    379.50   381.00   375.00   376.00      413.00   421.50   409.00   421.50    +45.50   +12.10%
      31              30  3443      創意                 3210.00       1245.00    27.54%   5940.00  6100.00  5730.00  5960.00     8040.00  8100.00  7730.00  7900.00  +1940.00   +32.55%
      32              22  8101      華冠                    0.00          0.00    27.29%     11.25    11.95    11.25    11.95       11.00    11.05    11.00    11.05     -0.90    -7.53%
      33              21  4770      上品                   62.00         10.50    27.20%    239.00   240.00   233.00   234.00      278.50   281.50   273.50   275.00    +41.00   +17.52%
      34              38  8046      南電                  540.00        170.00    27.18%   1065.00  1075.00  1015.00  1025.00     1390.00  1450.00  1370.00  1420.00   +395.00   +38.54%
      35              24  3437      榮創                    0.00          0.00    26.80%     18.10    18.25    17.80    17.95       22.45    22.95    21.95    22.05     +4.10   +22.84%
      36              35  3031      佰鴻                    0.00          0.00    26.57%     24.40    24.50    23.80    23.80       30.60    31.50    30.10    30.50     +6.70   +28.15%
      37              32  7799      禾榮科                 230.50         70.00    26.37%    396.00   397.50   381.00   382.50      555.00   574.00   544.00   555.00   +172.50   +45.10%
      38              54  8150      南茂                   10.00          0.00    26.35%     92.20    93.50    89.70    90.30      113.00   116.00   109.50   115.50    +25.20   +27.91%
      39              27  3665      貿聯-KY               815.00        330.00    26.27%   2070.00  2070.00  1930.00  1935.00     2595.00  2625.00  2510.00  2555.00   +620.00   +32.04%
      40              44  7768      頌勝科技                 49.50          0.00    26.17%    281.00   281.00   275.50   275.50      299.50   304.00   289.00   301.00    +25.50    +9.26%
==========================================================================================================================================================================
✅ 共 40 筆


══════════════════════════════════════════════════════════════════════════════════════════════════════════════
  🔄 第  7/15 次  2026/09/07 ～ 2026/09/30
══════════════════════════════════════════════════════════════════════════════════════════════════════════════

==========================================================================================================================================================================
📊 動能效率優先權分數排名 (2026/09/07 ~ 2026/09/30)
==========================================================================================================================================================================
    實資排名          累計天數排名  代號        名稱                 累計漲停(元)       累計跌停(元)       強度%  (09/07)開盤      最高      最低      收盤    (09/30)開盤      最高      最低      收盤      賺賠    賺賠率
--------------------------------------------------------------------------------------------------------------------------------------------------------------------------
       1               1  3055      蔚華科                  67.50          0.00   100.00%    133.50   144.00   133.00   134.50      201.00   211.00   195.00   209.50    +75.00   +55.76%
       2               2  3016      嘉晶                   62.00          0.00    80.38%    103.00   103.50   100.00   100.50      170.00   172.50   165.00   169.00    +68.50   +68.16%
       3               4  6957      裕慶-KY               137.00          0.00    60.29%    219.50   222.50   218.50   221.00      365.00   371.00   356.00   371.00   +150.00   +67.87%
       4               5  6861      睿生光電                136.50         24.00    58.08%    187.00   187.50   181.00   186.50      294.00   313.50   294.00   313.50   +127.00   +68.10%
       5               3  6715      嘉基                  177.50         73.50    49.57%    321.50   351.00   315.50   339.00      452.00   453.50   441.00   442.00   +103.00   +30.38%
       6              12  6706      惠特                   40.50         15.00    47.82%    127.00   128.50   123.50   123.50      154.00   158.00   149.50   150.00    +26.50   +21.46%
       7               6  2305      全友                    0.00          0.00    46.43%     31.10    33.70    30.55    33.40       70.00    72.50    66.40    68.70    +35.30  +105.69%
       8              10  3605      宏致                   41.50         12.00    46.36%    121.50   128.00   117.00   120.50      183.00   183.50   168.50   170.50    +50.00   +41.49%
       9               8  6533      晶心科                 124.00         13.50    44.51%    255.50   262.00   255.00   257.00      316.00   333.50   301.00   333.50    +76.50   +29.77%
      10               7  2404      漢唐                  370.00        145.00    41.13%   1070.00  1085.00  1060.00  1080.00     1230.00  1300.00  1230.00  1290.00   +210.00   +19.44%
      11              17  6225      天瀚                    0.00          0.00    38.33%     58.60    61.20    58.50    60.90       60.10    60.90    60.10    60.90     +0.00    +0.00%
      12               9  4770      上品                   74.50         10.50    37.02%    232.00   246.50   231.50   239.00      288.00   288.50   277.50   282.00    +43.00   +17.99%
      13              15  6672      騰輝電子-KY              87.50         10.50    36.99%    293.00   309.50   287.00   299.50      337.50   369.00   335.50   369.00    +69.50   +23.21%
      14              11  1560      中砂                  330.00         83.00    36.18%    702.00   736.00   702.00   730.00      958.00   971.00   953.00   963.00   +233.00   +31.92%
      15              13  7799      禾榮科                 239.50         70.00    33.84%    380.00   403.00   370.50   395.00      509.00   539.00   503.00   539.00   +144.00   +36.46%
      16              14  2424      隴華                    0.00          0.00    33.81%      8.10     8.10     8.10     8.10        8.12     8.57     8.12     8.30     +0.20    +2.47%
      17              20  2254      巨鎧精密-創                0.00          0.00    33.12%     62.10    63.50    61.80    62.40       92.20    93.10    92.10    92.60    +30.20   +48.40%
      18              19  6526      達發                  237.00         44.00    32.62%    642.00   658.00   633.00   644.00      830.00   855.00   819.00   840.00   +196.00   +30.43%
      19              22  3443      創意                 3335.00       1105.00    32.28%   6000.00  6030.00  5705.00  5935.00     8090.00  8110.00  7860.00  8040.00  +2105.00   +35.47%
      20              16  1727      中華化                  10.50          9.50    31.88%     94.70    95.40    90.80    91.00      117.00   117.00   108.00   109.00    +18.00   +19.78%
      21              28  1709      和益                    0.00          0.00    30.84%     34.50    34.70    33.30    34.20       44.10    48.40    44.00    48.40    +14.20   +41.52%
      22              39  2241      艾姆勒                   0.00          0.00    29.78%     35.45    35.55    34.35    34.35       43.50    47.90    43.45    46.15    +11.80   +34.35%
      23              34  2030      彰源                    0.00          0.00    28.98%     23.35    23.50    22.55    22.85       36.60    36.70    36.00    36.70    +13.85   +60.61%
      24              37  2466      冠西電                  11.00          0.00    28.57%     99.50   103.50    98.00   100.50      115.00   124.50   115.00   124.50    +24.00   +23.88%
      25              27  2033      佳大                    0.00          0.00    28.27%     26.10    27.35    25.70    25.70       38.85    42.35    38.65    42.35    +16.65   +64.79%
      26              30  8028      昇陽半導體                65.50         13.00    28.16%    243.00   256.00   241.00   249.50      292.00   292.00   281.00   282.50    +33.00   +13.23%
      27              21  6257      矽格                   52.00          0.00    27.99%    214.50   217.00   212.50   213.00      239.00   260.00   238.50   254.00    +41.00   +19.25%
      28              18  6426      統新                  170.50         85.00    27.96%    285.00   296.00   285.00   296.00      351.50   360.50   342.00   345.00    +49.00   +16.55%
      29              26  6168      宏齊                    0.00          0.00    27.87%     28.90    30.25    28.40    29.40       46.55    47.00    44.50    45.25    +15.85   +53.91%
      30              23  3042      晶技                   27.00          0.00    27.69%    175.00   180.00   172.50   176.50      208.50   218.50   206.00   210.00    +33.50   +18.98%
      31              25  8101      華冠                    0.00          0.00    27.59%     12.00    12.00    12.00    12.00       10.55    11.05    10.50    11.05     -0.95    -7.92%
      32              49  2379      瑞昱                   97.00         22.00    26.66%    720.00   738.00   706.00   729.00      763.00   767.00   750.00   760.00    +31.00    +4.25%
      33              38  2444      兆勁                    0.00          0.00    26.48%     10.90    11.85    10.85    11.85       15.30    16.50    15.05    15.90     +4.05   +34.18%
      34              31  3437      榮創                    0.00          0.00    26.45%     18.60    18.60    17.95    17.95       22.20    23.00    22.20    22.45     +4.50   +25.07%
      35              35  3031      佰鴻                    0.00          0.00    26.33%     25.05    25.20    24.30    24.60       31.25    31.45    30.40    30.80     +6.20   +25.20%
      36              32  6133      金橋                    0.00          0.00    26.15%     24.00    25.00    23.55    24.80       29.40    30.45    28.20    29.60     +4.80   +19.35%
      37              42  4956      光鋐                    0.00          0.00    25.58%     37.00    37.00    35.05    35.10       46.25    49.80    45.50    46.50    +11.40   +32.48%
      38              48  2409      友達                    0.00          0.00    25.14%     26.95    29.45    26.70    28.70       36.00    38.55    35.65    38.55     +9.85   +34.32%
      39              33  6885      全福生技                  0.00          0.00    25.03%     24.35    25.90    24.00    25.15       30.80    32.00    30.40    32.00     +6.85   +27.24%
      40              24  3296      勝德                    0.00          0.00    25.02%     24.25    24.25    23.55    24.25       27.70    28.40    27.60    28.40     +4.15   +17.11%
==========================================================================================================================================================================
✅ 共 40 筆


══════════════════════════════════════════════════════════════════════════════════════════════════════════════
  🔄 第  8/15 次  2026/09/04 ～ 2026/09/29
══════════════════════════════════════════════════════════════════════════════════════════════════════════════

==========================================================================================================================================================================
📊 動能效率優先權分數排名 (2026/09/04 ~ 2026/09/29)
==========================================================================================================================================================================
    實資排名          累計天數排名  代號        名稱                 累計漲停(元)       累計跌停(元)       強度%  (09/04)開盤      最高      最低      收盤    (09/29)開盤      最高      最低      收盤      賺賠    賺賠率
--------------------------------------------------------------------------------------------------------------------------------------------------------------------------
       1               2  3055      蔚華科                  67.50          0.00   100.00%    133.00   136.00   128.00   132.50      196.00   207.50   191.50   203.50    +71.00   +53.58%
       2               1  3016      嘉晶                   62.00          0.00    95.46%    100.00   101.50    97.50   101.00      165.00   176.00   161.50   172.50    +71.50   +70.79%
       3               3  6715      嘉基                  190.00         63.50    70.73%    317.50   328.50   311.50   320.00      460.00   468.50   442.00   452.00   +132.00   +41.25%
       4               8  6957      裕慶-KY               103.50          0.00    63.53%    218.00   221.00   216.00   219.50      334.50   337.50   307.50   337.50   +118.00   +53.76%
       5               7  3605      宏致                   41.50          0.00    62.70%    118.50   124.50   113.50   118.00      182.00   190.50   179.00   182.50    +64.50   +54.66%
       6              10  6706      惠特                   40.50         15.00    61.12%    124.00   127.00   121.50   127.00      142.00   154.50   141.50   151.00    +24.00   +18.90%
       7               9  6861      睿生光電                108.00         24.00    58.90%    180.50   185.50   180.00   183.00      271.00   288.00   270.50   285.00   +102.00   +55.74%
       8               5  2305      全友                    0.00          0.00    57.15%     30.40    31.80    29.05    30.85       61.70    69.10    61.10    69.10    +38.25  +123.99%
       9               4  4770      上品                   84.00         10.50    56.52%    224.50   228.00   219.00   226.50      277.00   295.00   277.00   286.50    +60.00   +26.49%
      10               6  2404      漢唐                  335.00        145.00    49.20%   1040.00  1085.00  1010.00  1070.00     1250.00  1255.00  1180.00  1220.00   +150.00   +14.02%
      11              11  1727      中華化                  10.50          0.00    45.97%     90.00    95.20    88.20    94.70      113.00   122.00   104.00   118.50    +23.80   +25.13%
      12              12  7799      禾榮科                 209.00         70.00    45.53%    355.00   373.00   353.50   370.00      496.00   510.00   490.00   490.50   +120.50   +32.57%
      13              16  6225      天瀚                    0.00          0.00    45.51%     60.00    60.90    59.80    60.00       46.35    55.40    46.35    55.40     -4.60    -7.67%
      14              14  6533      晶心科                  94.00         13.50    42.41%    270.00   271.00   262.00   264.00      272.50   303.50   268.00   303.50    +39.50   +14.96%
      15              13  3443      創意                 3230.00       1105.00    41.23%   5945.00  6000.00  5680.00  5810.00     8410.00  8415.00  7925.00  7925.00  +2115.00   +36.40%
      16              19  2254      巨鎧精密-創                0.00          0.00    40.34%     62.00    62.70    61.40    62.10       89.20    92.10    89.20    91.80    +29.70   +47.83%
      17              15  3167      大量                  400.00        220.00    39.85%    752.00   803.00   719.00   803.00      936.00   946.00   895.00   903.00   +100.00   +12.45%
      18              20  8028      昇陽半導體                65.50         13.00    39.84%    242.00   244.00   234.50   239.00      270.50   295.50   269.50   289.00    +50.00   +20.92%
      19              25  2424      隴華                    0.00          0.00    38.88%      8.18     8.18     8.02     8.02        7.85     8.45     7.85     8.12     +0.10    +1.25%
      20              17  6168      宏齊                    0.00          0.00    38.39%     28.00    29.65    28.00    29.05       44.40    45.55    44.30    45.20    +16.15   +55.59%
      21              21  6526      達發                  211.00         44.00    37.60%    646.00   649.00   620.00   635.00      825.00   833.00   800.00   814.00   +179.00   +28.19%
      22              22  2492      華新科                  78.50         42.50    36.96%    282.50   298.50   282.50   298.50      313.00   321.00   299.00   302.00     +3.50    +1.17%
      23              18  6426      統新                  170.50         85.00    36.56%    270.00   274.00   251.00   269.50      381.50   388.50   350.50   354.00    +84.50   +31.35%
      24              24  4956      光鋐                    0.00          0.00    35.78%     35.20    38.10    35.00    37.65       43.55    46.20    43.50    46.00     +8.35   +22.18%
      25              33  2030      彰源                    0.00          0.00    35.62%     23.50    23.75    23.00    23.45       33.40    33.40    33.40    33.40     +9.95   +42.43%
      26              23  6805      富世達                 900.00        480.00    35.62%   2150.00  2200.00  2080.00  2200.00     2455.00  2550.00  2420.00  2515.00   +315.00   +14.32%
      27              42  6672      騰輝電子-KY              80.00         10.50    35.53%    289.00   289.00   278.00   289.00      330.50   335.50   321.00   335.50    +46.50   +16.09%
      28              32  7768      頌勝科技                 49.50          0.00    35.18%    280.00   288.50   280.00   282.50      304.50   307.50   297.00   304.00    +21.50    +7.61%
      29              43  2241      艾姆勒                   0.00          0.00    34.89%     34.40    36.10    34.20    35.35       43.00    44.50    41.20    44.00     +8.65   +24.47%
      30              28  1560      中砂                  330.00         99.00    34.73%    728.00   731.00   683.00   695.00      960.00   977.00   955.00   956.00   +261.00   +37.55%
      31              30  3031      佰鴻                    0.00          0.00    34.60%     24.40    25.10    24.00    24.75       30.35    31.65    30.30    31.25     +6.50   +26.26%
      32              26  3094      聯傑                    0.00          0.00    34.24%     43.20    46.50    43.15    46.50       53.00    59.70    52.70    59.70    +13.20   +28.39%
      33              27  3437      榮創                    0.00          0.00    34.21%     17.80    18.70    17.70    18.35       21.55    22.65    21.50    22.40     +4.05   +22.07%
      34              38  6278      台表科                  31.00          0.00    34.21%    196.00   202.00   194.00   200.00      209.00   221.50   209.00   216.00    +16.00    +8.00%
      35              61  6166      凌華                   11.00          0.00    34.18%    116.00   122.50   116.00   121.50      131.00   143.50   130.00   135.00    +13.50   +11.11%
      36              50  2379      瑞昱                   97.00         22.00    34.17%    710.00   725.00   706.00   713.00      715.00   778.00   715.00   760.00    +47.00    +6.59%
      37              34  6902      GOGOLOOK             41.00         14.00    33.39%    123.00   125.00   122.50   125.00      173.00   175.00   162.00   162.50    +37.50   +30.00%
      38              44  8996      高力                  755.00        355.00    32.72%   1255.00  1300.00  1170.00  1300.00     1505.00  1625.00  1480.00  1585.00   +285.00   +21.92%
      39              35  4551      智伸科                  26.50          0.00    32.58%    165.00   173.00   164.00   171.50      162.50   179.50   162.00   179.50     +8.00    +4.66%
      40              49  6405      悅城                    0.00          0.00    32.50%     39.25    41.40    39.25    40.10       41.10    45.55    40.95    45.55     +5.45   +13.59%
==========================================================================================================================================================================
✅ 共 40 筆


══════════════════════════════════════════════════════════════════════════════════════════════════════════════
  🔄 第  9/15 次  2026/09/03 ～ 2026/09/24
══════════════════════════════════════════════════════════════════════════════════════════════════════════════

==========================================================================================================================================================================
📊 動能效率優先權分數排名 (2026/09/03 ~ 2026/09/24)
==========================================================================================================================================================================
    實資排名          累計天數排名  代號        名稱                 累計漲停(元)       累計跌停(元)       強度%  (09/03)開盤      最高      最低      收盤    (09/24)開盤      最高      最低      收盤      賺賠    賺賠率
--------------------------------------------------------------------------------------------------------------------------------------------------------------------------
       1               1  3016      嘉晶                   49.50          0.00   100.00%    100.50   103.00    98.20    98.30      147.50   160.00   147.00   160.00    +61.70   +62.77%
       2               3  6957      裕慶-KY                73.00          0.00    75.76%    218.00   220.50   217.50   217.50      298.50   307.00   287.00   307.00    +89.50   +41.15%
       3               2  2404      漢唐                  345.00         80.00    74.21%   1030.00  1060.00  1025.00  1035.00     1255.00  1285.00  1205.00  1285.00   +250.00   +24.15%
       4               5  6715      嘉基                  190.00         81.00    69.80%    340.00   341.50   307.50   307.50      462.50   472.50   459.00   468.50   +161.00   +52.36%
       5               4  4770      上品                   84.00         10.50    64.51%    215.50   221.50   215.00   217.00      285.00   290.00   272.00   281.50    +64.50   +29.72%
       6              10  6706      惠特                   40.50         15.00    63.89%    128.00   138.00   120.50   120.50      143.50   146.00   142.50   143.00    +22.50   +18.67%
       7               8  3055      蔚華科                  67.50         11.00    63.42%    143.00   144.50   130.50   131.00      201.50   208.00   195.50   199.00    +68.00   +51.91%
       8               6  2305      全友                    0.00          0.00    63.21%     30.25    30.50    29.25    30.10       63.30    64.20    62.40    62.90    +32.80  +108.97%
       9               9  6426      統新                  170.50         50.00    56.76%    260.50   274.00   249.00   265.50      412.00   412.00   380.00   389.00   +123.50   +46.52%
      10               7  7799      禾榮科                 209.00         70.00    55.82%    366.50   366.50   352.00   352.00      523.00   525.00   480.00   498.00   +146.00   +41.48%
      11              11  3443      創意                 3230.00        600.00    53.89%   5895.00  6045.00  5725.00  5800.00     8300.00  8545.00  8205.00  8525.00  +2725.00   +46.98%
      12              15  6861      睿生光電                108.00         36.00    51.27%    190.50   190.50   178.50   178.50      266.50   290.00   266.00   279.50   +101.00   +56.58%
      13              13  6902      GOGOLOOK             41.00          0.00    50.68%    124.00   125.00   122.50   124.00      170.00   183.00   167.50   176.50    +52.50   +42.34%
      14              16  2254      巨鎧精密-創                0.00          0.00    48.62%     62.00    63.00    61.80    62.00       86.80    89.40    86.20    88.80    +26.80   +43.23%
      15              14  2030      彰源                    0.00          0.00    47.27%     22.60    23.40    22.60    23.40       28.10    30.40    27.90    30.40     +7.00   +29.91%
      16              12  1727      中華化                  10.50          0.00    47.06%     94.10    95.10    89.10    89.20      114.00   125.00   109.00   115.50    +26.30   +29.48%
      17              25  3605      宏致                   41.50         12.50    46.67%    128.00   129.50   114.50   114.50      179.50   186.50   178.50   183.50    +69.00   +60.26%
      18              19  2424      隴華                    0.00          0.00    46.55%      8.00     8.02     8.00     8.02        7.90     8.40     7.90     8.20     +0.18    +2.24%
      19              23  6225      天瀚                    0.00          0.00    46.15%     58.00    60.70    58.00    60.40       41.60    50.80    41.60    50.40    -10.00   -16.56%
      20              18  6168      宏齊                    0.00          0.00    45.75%     28.05    29.65    27.50    27.60       41.50    44.00    41.10    44.00    +16.40   +59.42%
      21              17  1560      中砂                  330.00         84.00    44.62%    705.00   727.00   702.00   711.00      950.00   975.00   945.00   971.00   +260.00   +36.57%
      22              27  3042      晶技                   27.00          0.00    43.30%    181.00   181.50   171.00   174.00      196.00   212.00   189.00   203.00    +29.00   +16.67%
      23              29  7768      頌勝科技                 49.50          0.00    42.30%    287.00   289.50   278.00   278.00      292.00   312.00   292.00   304.50    +26.50    +9.53%
      24              20  8101      華冠                    0.00          0.00    41.90%     11.65    11.65    11.65    11.65       10.95    10.95    10.90    10.95     -0.70    -6.01%
      25              24  2241      艾姆勒                   0.00          0.00    41.52%     34.50    34.50    33.85    34.25       41.85    44.90    41.85    43.60     +9.35   +27.30%
      26              43  2454      聯發科                1460.00        455.00    41.38%   4400.00  4420.00  4290.00  4340.00     5105.00  5360.00  5105.00  5285.00   +945.00   +21.77%
      27              26  3031      佰鴻                    0.00          0.00    40.33%     24.65    25.25    24.30    24.35       28.30    31.05    28.25    30.45     +6.10   +25.05%
      28              21  2033      佳大                    0.00          0.00    39.99%     24.45    25.55    24.45    25.55       37.65    38.30    35.50    36.80    +11.25   +44.03%
      29              48  3711      日月光投控               157.00         52.00    39.40%    595.00   605.00   585.00   589.00      685.00   699.00   680.00   699.00   +110.00   +18.68%
      30              28  6526      達發                  211.00         34.00    38.96%    652.00   655.00   630.00   630.00      845.00   862.00   818.00   840.00   +210.00   +33.33%
      31              67  6672      騰輝電子-KY              80.00         10.50    38.87%    274.00   276.00   261.50   263.00      315.00   337.50   315.00   337.50    +74.50   +28.33%
      32              40  2351      順德                   49.50         28.00    38.51%    234.00   235.00   222.00   223.00      224.00   227.00   217.00   219.50     -3.50    -1.57%
      33              22  3296      勝德                    0.00          0.00    37.65%     24.05    24.05    23.55    23.65       27.90    28.00    27.80    27.95     +4.30   +18.18%
      34              31  3437      榮創                    0.00          0.00    37.59%     18.20    18.85    17.60    17.60       21.10    22.70    21.10    22.00     +4.40   +25.00%
      35              37  7769      鴻勁                 1830.00       1865.00    37.44%   5810.00  6025.00  5620.00  5870.00     5905.00  5975.00  5650.00  5670.00   -200.00    -3.41%
      36              34  4956      光鋐                    0.00          0.00    37.38%     36.50    37.60    34.80    34.80       43.55    47.85    43.20    44.50     +9.70   +27.87%
      37              35  3167      大量                  400.00        218.00    36.69%    779.00   785.00   724.00   730.00      889.00   968.00   871.00   949.00   +219.00   +30.00%
      38              30  9110      越南控-DR                0.00          0.00    36.09%      0.00     0.00     0.00     0.00        2.80     2.89     2.66     2.82        --        --
      39              36  6805      富世達                 900.00        480.00    36.07%   2130.00  2170.00  2030.00  2095.00     2570.00  2615.00  2505.00  2530.00   +435.00   +20.76%
      40              39  1468      昶和                    0.00          0.00    36.00%     12.60    12.90    12.50    12.90       12.90    13.20    12.70    13.20     +0.30    +2.33%
==========================================================================================================================================================================
✅ 共 40 筆


══════════════════════════════════════════════════════════════════════════════════════════════════════════════
  🔄 第 10/15 次  2026/09/02 ～ 2026/09/23
══════════════════════════════════════════════════════════════════════════════════════════════════════════════

==========================================================================================================================================================================
📊 動能效率優先權分數排名 (2026/09/02 ~ 2026/09/23)
==========================================================================================================================================================================
    實資排名          累計天數排名  代號        名稱                 累計漲停(元)       累計跌停(元)       強度%  (09/02)開盤      最高      最低      收盤    (09/23)開盤      最高      最低      收盤      賺賠    賺賠率
--------------------------------------------------------------------------------------------------------------------------------------------------------------------------
       1               1  3055      蔚華科                  80.00         11.00   100.00%    127.00   142.00   127.00   142.00      206.50   226.00   200.50   203.50    +61.50   +43.31%
       2               3  6715      嘉基                  190.00         81.00    73.70%    343.00   369.00   337.50   341.50      451.00   479.50   440.50   459.50   +118.00   +34.55%
       3               5  3016      嘉晶                   35.00          0.00    72.41%    103.50   104.50    99.70   100.00      145.00   145.50   141.50   145.50    +45.50   +45.50%
       4               4  2305      全友                    0.00          0.00    71.95%     29.05    30.70    29.05    30.05       61.30    65.60    60.40    63.60    +33.55  +111.65%
       5               2  4770      上品                   84.00         10.50    71.44%    220.50   220.50   215.00   216.00      261.50   275.00   256.50   275.00    +59.00   +27.31%
       6               9  6706      惠特                   40.50         15.00    69.37%    127.00   132.00   126.00   126.00      150.00   150.50   144.00   144.00    +18.00   +14.29%
       7               8  6957      裕慶-KY                61.50          0.00    67.89%    220.50   222.00   218.00   218.00      300.00   305.00   295.00   295.50    +77.50   +35.55%
       8               7  6426      統新                  170.50         50.00    66.46%    275.00   285.00   257.00   257.00      359.00   391.50   357.00   391.50   +134.50   +52.33%
       9               6  2404      漢唐                  310.00        155.00    56.57%   1085.00  1085.00  1025.00  1025.00     1160.00  1250.00  1140.00  1250.00   +225.00   +21.95%
      10              12  2254      巨鎧精密-創                0.00          0.00    51.43%     61.60    62.50    61.40    62.00       82.30    87.10    82.10    86.60    +24.60   +39.68%
      11              11  7799      禾榮科                 209.00         47.00    51.38%    371.50   375.00   360.00   360.00      508.00   558.00   508.00   531.00   +171.00   +47.50%
      12              21  3605      宏致                   41.50         12.50    49.32%    123.50   134.00   120.00   127.00      174.50   188.50   174.50   180.00    +53.00   +41.73%
      13              10  1727      中華化                  10.50          0.00    48.36%     94.90    96.50    93.40    94.20      105.00   116.50   103.00   116.50    +22.30   +23.67%
      14              15  6861      睿生光電                108.00         36.00    48.21%    192.00   192.50   188.00   190.50      267.00   290.00   265.00   273.00    +82.50   +43.31%
      15              13  2033      佳大                    0.00          0.00    47.61%     23.90    24.90    23.85    24.65       39.70    40.25    36.20    37.30    +12.65   +51.32%
      16              14  3443      創意                 3090.00        700.00    47.41%   5955.00  6080.00  5860.00  5895.00     8325.00  8540.00  8200.00  8385.00  +2490.00   +42.24%
      17              20  2424      隴華                    0.00          0.00    47.05%      8.05     8.30     7.86     8.01        8.04     8.10     8.04     8.10     +0.09    +1.12%
      18              19  8996      高力                  790.00        425.00    46.32%   1165.00  1285.00  1155.00  1265.00     1640.00  1640.00  1515.00  1540.00   +275.00   +21.74%
      19              16  8101      華冠                    0.00          0.00    45.40%     12.35    12.35    12.35    12.35       11.45    11.45    11.45    11.45     -0.90    -7.29%
      20              36  2351      順德                   49.50         28.00    44.54%    227.00   236.00   222.00   229.00      240.00   240.00   225.00   226.00     -3.00    -1.31%
      21              18  2030      彰源                    0.00          0.00    44.39%     22.70    22.70    22.10    22.60       27.60    29.95    26.35    27.65     +5.05   +22.35%
      22              24  6168      宏齊                    0.00          0.00    43.95%     27.95    28.40    27.50    27.65       43.50    43.50    40.20    41.20    +13.55   +49.01%
      23              41  1709      和益                    0.00          0.00    43.60%     34.75    35.40    33.85    35.00       47.50    50.50    45.50    48.30    +13.30   +38.00%
      24              27  2241      艾姆勒                   0.00          0.00    42.95%     33.95    34.50    33.95    34.50       40.80    44.00    39.40    43.65     +9.15   +26.52%
      25              17  3296      勝德                    0.00          0.00    41.79%     23.70    24.05    23.55    24.05       27.75    28.15    27.40    28.15     +4.10   +17.05%
      26              23  6902      GOGOLOOK             41.00          0.00    40.60%    127.50   127.50   122.50   124.00      170.50   176.50   167.50   168.50    +44.50   +35.89%
      27              22  6885      全福生技                  0.00          0.00    40.44%     23.20    24.95    23.15    24.60       30.30    31.05    29.30    30.25     +5.65   +22.97%
      28              32  4956      光鋐                    0.00          0.00    40.29%     35.50    37.50    35.50    36.20       42.35    46.40    42.10    43.55     +7.35   +20.30%
      29              25  911608    明輝-DR                 0.00          0.00    39.42%      2.60     2.75     2.60     2.72        2.70     2.72     2.65     2.72     +0.00    +0.00%
      30              31  3031      佰鴻                    0.00          0.00    38.93%     24.25    24.95    24.25    24.65       27.95    29.30    27.35    28.30     +3.65   +14.81%
      31              29  1560      中砂                  314.00        124.00    38.80%    739.00   739.00   702.00   704.00      955.00   992.00   947.00   955.00   +251.00   +35.65%
      32              26  9110      越南控-DR                0.00          0.00    38.47%      3.07     3.07     3.07     3.07        2.52     2.92     2.52     2.92     -0.15    -4.89%
      33              30  3437      榮創                    0.00          0.00    37.73%     18.00    18.25    17.90    18.10       21.30    23.00    21.30    21.60     +3.50   +19.34%
      34              43  3042      晶技                   27.00          0.00    37.72%    181.50   186.00   178.00   180.00      186.50   201.50   179.00   198.00    +18.00   +10.00%
      35              39  3094      聯傑                    0.00          0.00    37.42%     40.60    42.60    40.30    41.20       53.00    57.80    51.60    54.30    +13.10   +31.80%
      36              34  1468      昶和                    0.00          0.00    37.40%     12.85    12.90    12.50    12.90       12.95    13.10    12.80    13.00     +0.10    +0.78%
      37              47  911622    泰聚亨-DR                0.00          0.00    36.95%      3.58     3.62     3.58     3.60        3.50     3.53     3.46     3.53     -0.07    -1.94%
      38              33  6834      天二科技                  0.00          9.80    36.51%     88.50    97.90    88.00    92.20      113.00   116.50   110.50   113.50    +21.30   +23.10%
      39              61  2444      兆勁                    0.00          0.00    36.25%     10.95    11.00    10.80    10.85       14.75    15.50    14.30    14.95     +4.10   +37.79%
      40              37  5876      上海商銀                  0.00          0.00    36.23%     44.80    45.35    43.95    45.35       49.70    49.90    48.90    49.25     +3.90    +8.60%
==========================================================================================================================================================================
✅ 共 40 筆


══════════════════════════════════════════════════════════════════════════════════════════════════════════════
  🔄 第 11/15 次  2026/09/01 ～ 2026/09/22
══════════════════════════════════════════════════════════════════════════════════════════════════════════════

==========================================================================================================================================================================
📊 動能效率優先權分數排名 (2026/09/01 ~ 2026/09/22)
==========================================================================================================================================================================
    實資排名          累計天數排名  代號        名稱                 累計漲停(元)       累計跌停(元)       強度%  (09/01)開盤      最高      最低      收盤    (09/22)開盤      最高      最低      收盤      賺賠    賺賠率
--------------------------------------------------------------------------------------------------------------------------------------------------------------------------
       1               1  3055      蔚華科                  80.00         11.00   100.00%    119.00   132.50   119.00   129.50      196.00   206.50   189.50   206.50    +77.00   +59.46%
       2               2  6715      嘉基                  207.00         81.00    78.54%    312.50   344.00   312.50   335.50      451.50   469.50   445.00   451.50   +116.00   +34.58%
       3               5  6706      惠特                   40.50         15.00    69.69%    123.50   131.00   123.50   127.00      165.50   168.00   148.00   149.00    +22.00   +17.32%
       4               3  6957      裕慶-KY                61.50          0.00    67.07%    217.00   229.00   217.00   220.50      297.50   312.00   292.00   303.00    +82.50   +37.41%
       5               4  3016      嘉晶                   22.00          0.00    64.97%    102.00   108.00   102.00   104.00      125.00   132.50   124.50   132.50    +28.50   +27.40%
       6               6  2305      全友                    0.00          0.00    61.01%     29.70    30.30    29.25    29.55       57.50    60.00    56.80    60.00    +30.45  +103.05%
       7               7  4770      上品                   59.00         10.50    55.79%    211.50   222.50   211.50   221.50      260.50   262.00   248.00   250.00    +28.50   +12.87%
       8               9  1560      中砂                  375.00        124.00    48.34%    681.00   748.00   681.00   744.00      935.00   960.00   929.00   950.00   +206.00   +27.69%
       9              16  6426      統新                  135.00         50.00    46.86%    260.50   272.50   257.00   270.00      378.00   379.50   350.50   356.00    +86.00   +31.85%
      10               8  7711      永擎                  273.00        269.00    46.66%    535.00   580.00   533.00   575.00      552.00   555.00   534.00   537.00    -38.00    -6.61%
      11              11  8996      高力                  790.00        310.00    45.65%   1175.00  1200.00  1150.00  1175.00     1520.00  1655.00  1490.00  1655.00   +480.00   +40.85%
      12              12  2033      佳大                    0.00          0.00    44.60%     24.45    25.45    23.40    23.90       35.00    37.30    34.60    37.30    +13.40   +56.07%
      13              18  2351      順德                   49.50         15.50    43.74%    229.00   231.00   221.00   226.00      238.50   243.50   233.00   238.50    +12.50    +5.53%
      14              17  1709      和益                    0.00          0.00    42.54%     33.80    36.75    33.55    36.40       43.10    47.40    41.35    45.95     +9.55   +26.24%
      15              10  2404      漢唐                  240.00        155.00    42.28%   1060.00  1105.00  1060.00  1100.00     1140.00  1175.00  1130.00  1140.00    +40.00    +3.64%
      16              14  6861      睿生光電                108.00         36.00    42.24%    186.50   198.00   186.50   193.50      247.00   270.50   242.50   267.00    +73.50   +37.98%
      17              13  6168      宏齊                    0.00          0.00    41.55%     28.25    28.55    27.60    27.95       45.00    45.60    42.10    44.00    +16.05   +57.42%
      18              23  2254      巨鎧精密-創                0.00          0.00    41.38%     61.60    62.50    61.30    61.50       79.10    82.10    79.10    82.10    +20.60   +33.50%
      19              24  2424      隴華                    0.00          0.00    40.31%      8.10     8.57     7.91     8.05        7.90     8.46     7.90     8.25     +0.20    +2.48%
      20              20  7799      禾榮科                 186.00         47.00    39.97%    370.00   371.00   365.50   370.00      522.00   534.00   503.00   508.00   +138.00   +37.30%
      21              15  8101      華冠                    0.00          0.00    39.79%     11.95    11.95    11.80    11.95       11.25    11.35    11.25    11.35     -0.60    -5.02%
      22              19  2030      彰源                    0.00          0.00    39.06%     22.65    22.95    22.50    22.75       24.30    27.25    24.30    27.25     +4.50   +19.78%
      23              21  6902      GOGOLOOK             41.00          0.00    38.54%    127.50   128.50   126.00   127.00      167.00   170.50   161.50   169.50    +42.50   +33.46%
      24              36  3711      日月光投控               183.00         73.00    36.56%    588.00   615.00   582.00   610.00      691.00   711.00   690.00   693.00    +83.00   +13.61%
      25              22  6885      全福生技                  0.00          0.00    36.32%     23.05    24.00    23.00    23.35       31.15    31.15    29.00    29.70     +6.35   +27.19%
      26              31  2303      聯電                   13.00          0.00    36.17%    127.50   136.50   127.00   132.50      161.00   168.50   160.00   160.00    +27.50   +20.75%
      27              30  5876      上海商銀                  0.00          0.00    35.31%     42.60    44.65    42.60    44.50       49.45    49.70    49.05    49.70     +5.20   +11.69%
      28              27  2449      京元電子                 85.00          9.50    34.84%    260.00   281.50   259.00   279.00      314.00   330.00   312.00   317.00    +38.00   +13.62%
      29              49  3443      創意                 3080.00        805.00    34.78%   6490.00  6490.00  5925.00  5995.00     8370.00  8375.00  8370.00  8375.00  +2380.00   +39.70%
      30              26  3296      勝德                    0.00          0.00    34.38%     24.40    24.40    23.75    24.05       28.55    28.80    27.75    28.10     +4.05   +16.84%
      31              43  4956      光鋐                    0.00          0.00    33.45%     36.00    37.25    35.80    36.20       47.00    47.10    42.20    42.20     +6.00   +16.57%
      32              44  5285      界霖                    0.00          0.00    33.12%     80.50    83.30    80.50    81.50       93.00    96.10    91.00    93.50    +12.00   +14.72%
      33              40  3031      佰鴻                    0.00          0.00    33.10%     24.45    25.05    24.45    24.50       28.10    28.75    27.30    28.70     +4.20   +17.14%
      34              29  6257      矽格                   47.50          0.00    33.10%    211.00   225.00   211.00   221.50      257.00   263.00   248.50   249.00    +27.50   +12.42%
      35              55  2455      全新                  175.00        102.00    33.07%    490.00   524.00   474.00   524.00      570.00   570.00   537.00   547.00    +23.00    +4.39%
      36              59  2409      友達                    0.00          0.00    33.00%     26.80    27.10    26.35    26.40       34.90    36.65    34.00    36.65    +10.25   +38.83%
      37              35  5284      jpp-KY               32.00         54.00    32.88%    325.00   338.50   325.00   337.00      305.00   308.50   298.00   302.00    -35.00   -10.39%
      38              32  2923      鼎固-KY                 0.00          0.00    32.66%     24.05    25.15    23.75    24.75       27.00    27.00    25.95    26.40     +1.65    +6.67%
      39              41  3665      貿聯-KY               655.00        580.00    32.59%   2190.00  2375.00  2165.00  2315.00     2335.00  2345.00  2215.00  2245.00    -70.00    -3.02%
      40              57  911622    泰聚亨-DR                0.00          0.00    32.46%      3.53     3.58     3.48     3.58        3.49     3.55     3.48     3.55     -0.03    -0.84%
==========================================================================================================================================================================
✅ 共 40 筆


══════════════════════════════════════════════════════════════════════════════════════════════════════════════
  🔄 第 12/15 次  2026/08/31 ～ 2026/09/21
══════════════════════════════════════════════════════════════════════════════════════════════════════════════

==========================================================================================================================================================================
📊 動能效率優先權分數排名 (2026/08/31 ~ 2026/09/21)
==========================================================================================================================================================================
    實資排名          累計天數排名  代號        名稱                 累計漲停(元)       累計跌停(元)       強度%  (08/31)開盤      最高      最低      收盤    (09/21)開盤      最高      最低      收盤      賺賠    賺賠率
--------------------------------------------------------------------------------------------------------------------------------------------------------------------------
       1               3  6706      惠特                   40.50          0.00   100.00%    121.00   124.50   119.00   123.00      150.00   164.00   150.00   164.00    +41.00   +33.33%
       2               2  3055      蔚華科                  61.50         11.00    96.15%    127.50   130.00   117.50   120.50      168.00   188.00   167.00   188.00    +67.50   +56.02%
       3               1  7711      永擎                  321.00        269.00    85.68%    486.00   535.00   483.00   535.00      576.00   576.00   535.00   544.00     +9.00    +1.68%
       4               5  4770      上品                   59.00         10.50    72.16%    215.00   215.00   209.50   212.50      254.00   263.50   246.00   257.50    +45.00   +21.18%
       5               4  6715      嘉基                  207.00        116.00    70.75%    353.00   353.00   318.50   318.50      433.00   475.00   433.00   451.50   +133.00   +41.76%
       6               6  2305      全友                    0.00          0.00    69.97%     29.00    31.90    28.75    30.05       59.10    61.90    55.50    58.80    +28.75   +95.67%
       7               7  2455      全新                  218.00         77.00    69.75%    428.00   477.00   428.00   477.00      571.00   590.00   545.00   572.00    +95.00   +19.92%
       8               8  8103      瀚荃                   22.50          0.00    67.08%    115.50   119.00   115.00   119.00      129.00   130.50   123.50   128.50     +9.50    +7.98%
       9              12  6426      統新                  135.00         32.00    64.00%    260.50   270.00   254.00   261.00      375.00   376.00   354.50   374.00   +113.00   +43.30%
      10               9  3016      嘉晶                   10.00          0.00    63.38%     98.70   104.00    97.60   103.00      118.00   123.00   115.50   120.50    +17.50   +16.99%
      11              11  3406      玉晶光                 410.00        382.00    55.52%    916.00  1005.00   915.00  1005.00      973.00  1005.00   925.00   952.00    -53.00    -5.27%
      12              14  6168      宏齊                    0.00          0.00    49.96%     28.20    28.95    28.05    28.45       41.45    42.70    41.40    42.70    +14.25   +50.09%
      13              22  2351      順德                   49.50         15.50    49.85%    232.50   239.50   222.50   232.50      243.00   243.50   236.00   236.50     +4.00    +1.72%
      14              10  7610      聯友金屬-創              945.00        555.00    47.59%   1460.00  1535.00  1450.00  1505.00     1945.00  1965.00  1890.00  1890.00   +385.00   +25.58%
      15              13  6885      全福生技                  0.00          0.00    46.79%     22.65    23.35    22.35    23.10       31.80    33.00    30.60    31.50     +8.40   +36.36%
      16              21  4956      光鋐                    0.00          0.00    46.11%     36.45    37.85    36.15    36.30       42.90    46.85    42.65    46.85    +10.55   +29.06%
      17              23  3605      宏致                   41.50         26.00    45.85%    128.50   141.00   127.50   139.00      154.00   169.00   151.00   169.00    +30.00   +21.58%
      18              32  6933      AMAX-KY             166.00        103.50    45.81%    284.00   286.00   283.00   286.00      345.00   348.00   316.00   317.50    +31.50   +11.01%
      19              17  3443      創意                 2405.00        805.00    44.84%   5850.00  6100.00  5680.00  6100.00     7395.00  7755.00  7030.00  7615.00  +1515.00   +24.84%
      20              19  8101      華冠                    0.00          0.00    44.33%     12.40    12.40    12.40    12.40       11.25    11.25    11.25    11.25     -1.15    -9.27%
      21              43  6957      裕慶-KY                48.50          9.50    44.25%    227.00   227.00   218.00   219.50      274.50   295.00   272.50   290.00    +70.50   +32.12%
      22              24  2303      聯電                   13.00          0.00    43.60%    126.50   129.00   124.00   129.00      156.50   159.00   153.00   157.00    +28.00   +21.71%
      23              25  2254      巨鎧精密-創                0.00          0.00    43.55%     61.60    62.70    61.00    61.50       76.80    78.80    76.80    78.80    +17.30   +28.13%
      24              20  1560      中砂                  339.00        136.00    43.01%    685.00   687.00   663.00   683.00      903.00   916.00   861.00   914.00   +231.00   +33.82%
      25              29  3094      聯傑                    0.00          0.00    42.20%     40.00    40.95    39.70    40.50       54.90    56.80    54.50    56.80    +16.30   +40.25%
      26              51  6491      晶碩                   47.50         13.50    41.47%    375.50   399.50   374.50   399.50      395.00   411.00   394.00   407.00     +7.50    +1.88%
      27              30  2424      隴華                    0.00          0.00    40.87%      8.10     8.29     7.68     8.01        7.93     8.05     7.93     8.01     +0.00    +0.00%
      28              50  7799      禾榮科                 186.00         44.50    40.52%    383.00   386.00   367.00   367.50      507.00   524.00   489.00   522.00   +154.50   +42.04%
      29              15  2404      漢唐                  230.00        170.00    40.30%   1065.00  1065.00  1035.00  1060.00     1125.00  1160.00  1090.00  1130.00    +70.00    +6.60%
      30              16  3296      勝德                    0.00          0.00    40.19%     23.85    24.20    23.70    23.90       29.20    29.25    28.35    28.50     +4.60   +19.25%
      31              31  6133      金橋                    0.00          0.00    39.71%     23.10    23.60    23.00    23.15       27.45    29.40    27.10    28.00     +4.85   +20.95%
      32              45  2033      佳大                    0.00          0.00    38.84%     28.00    28.20    25.95    26.00       33.05    35.25    32.00    33.95     +7.95   +30.58%
      33              38  5876      上海商銀                  0.00          0.00    38.78%     43.15    43.15    42.50    42.90       49.45    49.60    48.85    49.25     +6.35   +14.80%
      34              18  6902      GOGOLOOK             26.50          0.00    38.70%    127.00   129.00   125.50   127.50      155.00   155.00   155.00   155.00    +27.50   +21.57%
      35              41  2243      宏旭-KY                 0.00          0.00    38.68%     41.50    42.60    41.00    42.00       49.80    54.00    49.40    54.00    +12.00   +28.57%
      36              53  2883      凱基金                   0.00          0.00    38.64%     32.70    33.85    32.55    33.85       39.30    40.80    38.95    40.45     +6.60   +19.50%
      37              33  4576      大銀微系統                25.50         36.50    38.52%    211.00   219.50   208.50   216.50      240.00   241.50   233.00   233.50    +17.00    +7.85%
      38              48  5906      台南-KY                 0.00          0.00    38.19%     37.00    38.00    37.00    38.00       42.70    42.70    40.60    42.00     +4.00   +10.53%
      39              47  5284      jpp-KY               32.00         54.00    38.01%    321.00   330.00   316.50   323.00      294.00   302.00   294.00   300.00    -23.00    -7.12%
      40              61  2855      統一證                   0.00          0.00    38.00%     48.30    49.55    47.75    49.55       53.40    58.00    53.10    57.30     +7.75   +15.64%
==========================================================================================================================================================================
✅ 共 40 筆


══════════════════════════════════════════════════════════════════════════════════════════════════════════════
  🔄 第 13/15 次  2026/08/28 ～ 2026/09/18
══════════════════════════════════════════════════════════════════════════════════════════════════════════════

==========================================================================================================================================================================
📊 動能效率優先權分數排名 (2026/08/28 ~ 2026/09/18)
==========================================================================================================================================================================
    實資排名          累計天數排名  代號        名稱                 累計漲停(元)       累計跌停(元)       強度%  (08/28)開盤      最高      最低      收盤    (09/18)開盤      最高      最低      收盤      賺賠    賺賠率
--------------------------------------------------------------------------------------------------------------------------------------------------------------------------
       1               2  7711      永擎                  321.00        243.00   100.00%    498.00   503.00   472.00   487.00      566.00   584.00   561.00   570.00    +83.00   +17.04%
       2               1  3406      玉晶光                 493.00        362.00    97.62%    840.00   917.00   831.00   917.00      996.00   999.00   955.00   972.00    +55.00    +6.00%
       3               5  2305      全友                    0.00          0.00    78.14%     29.35    29.75    28.60    29.00       57.70    59.00    53.80    58.70    +29.70  +102.41%
       4              11  2455      全新                  202.00         77.00    77.34%    438.00   442.00   431.50   434.00      545.00   563.00   520.00   556.00   +122.00   +28.11%
       5               3  2303      聯電                   24.50          0.00    76.63%    120.50   130.00   120.00   130.00      155.00   160.50   153.50   156.00    +26.00   +20.00%
       6               8  4770      上品                   59.00         10.50    76.34%    218.50   222.50   214.00   215.00      242.00   255.50   242.00   251.00    +36.00   +16.74%
       7               6  6706      惠特                   26.00          0.00    74.98%    125.00   125.50   123.00   124.00      146.00   150.00   142.50   149.50    +25.50   +20.56%
       8               7  3055      蔚華科                  44.50         11.00    74.62%    125.50   130.00   123.50   127.50      166.00   173.50   163.50   171.00    +43.50   +34.12%
       9              13  6426      統新                  135.00         32.00    74.23%    260.00   273.00   256.00   263.50      381.50   385.00   365.00   373.50   +110.00   +41.75%
      10               4  6715      嘉基                  188.50        116.00    73.19%    352.00   355.00   343.50   353.50      398.00   433.00   394.00   433.00    +79.50   +22.49%
      11              18  6933      AMAX-KY             189.50         79.00    72.51%    260.00   260.00   256.00   260.00      355.00   360.50   332.00   342.00    +82.00   +31.54%
      12              10  8103      瀚荃                   22.50          0.00    70.89%    115.50   116.50   107.50   108.50      127.00   130.50   122.50   129.50    +21.00   +19.35%
      13               9  3605      宏致                   38.00         26.00    66.48%    121.00   131.00   118.00   131.00      149.50   154.00   142.00   154.00    +23.00   +17.56%
      14              12  3016      嘉晶                   10.00          0.00    65.65%    101.50   104.00    99.60    99.60      116.50   119.00   115.00   116.50    +16.90   +16.97%
      15              19  2351      順德                   49.50         15.50    61.64%    240.00   247.00   232.00   239.50      241.00   243.00   235.50   241.50     +2.00    +0.84%
      16              23  6885      全福生技                  0.00          0.00    53.36%     22.85    23.50    22.15    22.65       29.80    31.60    29.05    31.60     +8.95   +39.51%
      17              15  3665      貿聯-KY               770.00        615.00    52.95%   2075.00  2260.00  2070.00  2260.00     2060.00  2210.00  2045.00  2210.00    -50.00    -2.21%
      18              17  3094      聯傑                    0.00          0.00    51.89%     38.05    41.70    38.05    40.80       48.80    51.70    48.60    51.70    +10.90   +26.72%
      19              14  6257      矽格                   62.50         10.50    51.83%    206.00   222.50   206.00   219.00      231.00   244.50   227.50   244.50    +25.50   +11.64%
      20              27  6168      宏齊                    0.00          0.00    51.43%     29.60    29.65    28.70    28.85       37.15    38.85    35.85    38.85    +10.00   +34.66%
      21              16  3167      大量                  309.00        216.00    51.29%    745.00   797.00   740.00   783.00      833.00   855.00   810.00   834.00    +51.00    +6.51%
      22              28  5906      台南-KY                 0.00          0.00    50.84%     35.75    37.85    35.75    37.75       42.80    42.80    41.10    42.25     +4.50   +11.92%
      23              31  8101      華冠                    0.00          0.00    50.21%     12.45    12.45    12.40    12.40       11.80    11.80    11.80    11.80     -0.60    -4.84%
      24              26  2033      佳大                    0.00          0.00    49.88%     23.70    25.65    23.45    25.65       32.45    33.90    31.50    33.90     +8.25   +32.16%
      25              22  3443      創意                 2035.00        805.00    49.79%   5975.00  6245.00  5910.00  6015.00     6600.00  7150.00  6510.00  7150.00  +1135.00   +18.87%
      26              32  2254      巨鎧精密-創                0.00          0.00    49.46%     60.30    63.10    60.20    61.70       75.20    76.80    74.70    76.80    +15.10   +24.47%
      27              29  2424      隴華                    0.00          0.00    49.24%      7.89     8.17     7.89     8.17        7.90     8.30     7.88     8.26     +0.09    +1.10%
      28              20  3296      勝德                    0.00          0.00    47.56%     24.30    24.30    23.55    24.10       25.70    28.30    25.55    28.30     +4.20   +17.43%
      29              34  1560      中砂                  321.00        136.00    47.52%    697.00   707.00   694.00   695.00      855.00   896.00   813.00   896.00   +201.00   +28.92%
      30              92  6442      光聖                  425.00        450.00    46.97%   1615.00  1645.00  1600.00  1615.00     1545.00  1575.00  1510.00  1575.00    -40.00    -2.48%
      31              24  2449      京元電子                 82.00         22.50    46.33%    251.50   272.00   249.50   270.00      276.50   291.50   274.00   291.50    +21.50    +7.96%
      32              21  6902      GOGOLOOK             12.50          0.00    46.30%    127.00   129.50   126.00   129.50      131.50   141.00   131.50   141.00    +11.50    +8.88%
      33              36  4956      光鋐                    0.00          0.00    45.65%     36.20    38.45    35.80    36.95       40.25    42.60    39.40    42.60     +5.65   +15.29%
      34              39  9110      越南控-DR                0.00          0.00    45.37%      3.00     3.10     3.00     3.10        2.99     3.00     2.99     3.00     -0.10    -3.23%
      35              46  5876      上海商銀                  0.00          0.00    45.33%     42.95    43.65    42.90    43.15       49.80    49.80    48.65    49.45     +6.30   +14.60%
      36              25  2404      漢唐                  230.00        170.00    44.94%   1080.00  1095.00  1070.00  1075.00     1040.00  1130.00  1040.00  1125.00    +50.00    +4.65%
      37              47  2880      華南金                   0.00          0.00    44.58%     39.35    41.20    39.35    40.25       47.55    48.00    46.25    47.65     +7.40   +18.39%
      38              40  3008      大立光                2225.00       2710.00    44.45%   7005.00  7270.00  6865.00  7065.00     6280.00  6500.00  6150.00  6430.00   -635.00    -8.99%
      39              43  1468      昶和                    0.00          0.00    44.35%     13.15    13.30    12.95    13.30       13.00    13.30    12.90    13.25     -0.05    -0.38%
      40              67  4576      大銀微系統                25.50         36.50    44.20%    220.50   223.00   208.50   216.00      236.00   240.00   229.00   240.00    +24.00   +11.11%
==========================================================================================================================================================================
✅ 共 40 筆


══════════════════════════════════════════════════════════════════════════════════════════════════════════════
  🔄 第 14/15 次  2026/08/27 ～ 2026/09/17
══════════════════════════════════════════════════════════════════════════════════════════════════════════════

==========================================================================================================================================================================
📊 動能效率優先權分數排名 (2026/08/27 ~ 2026/09/17)
==========================================================================================================================================================================
    實資排名          累計天數排名  代號        名稱                 累計漲停(元)       累計跌停(元)       強度%  (08/27)開盤      最高      最低      收盤    (09/17)開盤      最高      最低      收盤      賺賠    賺賠率
--------------------------------------------------------------------------------------------------------------------------------------------------------------------------
       1               1  3406      玉晶光                 568.00        362.00   100.00%    793.00   834.00   792.00   834.00     1045.00  1045.00   947.00   965.00   +131.00   +15.71%
       2               3  7711      永擎                  321.00        243.00    75.07%    493.00   502.00   485.00   493.00      560.00   565.00   556.00   565.00    +72.00   +14.60%
       3               2  2351      順德                   70.50         15.50    69.31%    214.50   240.50   213.00   240.00      238.50   240.50   235.00   238.00     -2.00    -0.83%
       4               7  6933      AMAX-KY             211.00         79.00    68.36%    236.50   236.50   236.50   236.50      324.00   345.50   316.50   345.50   +109.00   +46.09%
       5               6  6426      統新                  124.50         32.00    58.67%    270.00   274.50   255.00   259.50      357.50   363.00   356.00   363.00   +103.50   +39.88%
       6              20  2455      全新                  180.00         77.00    57.86%    429.00   450.00   426.50   433.00      535.00   566.00   515.00   534.00   +101.00   +23.33%
       7               5  2305      全友                    0.00          0.00    55.68%     31.00    31.20    29.30    29.45       52.80    54.30    52.80    54.30    +24.85   +84.38%
       8               8  2303      聯電                   24.50          0.00    55.13%    123.50   123.50   117.00   118.50      144.50   149.50   142.50   147.50    +29.00   +24.47%
       9               9  3605      宏致                   24.00         26.00    54.20%    111.50   121.50   111.50   119.50      145.00   152.50   137.50   140.00    +20.50   +17.15%
      10              10  4770      上品                   59.00         10.50    53.63%    210.00   217.00   210.00   213.00      223.50   242.50   223.50   242.00    +29.00   +13.62%
      11              12  6706      惠特                   26.00          0.00    52.59%    125.00   129.00   123.50   124.00      148.00   160.00   140.50   145.00    +21.00   +16.94%
      12               4  3167      大量                  318.00        216.00    51.50%    722.00   761.00   710.00   742.00      830.00   843.00   795.00   817.00    +75.00   +10.11%
      13              13  8103      瀚荃                   22.50          0.00    50.53%    115.00   117.00   110.00   114.00      120.00   132.00   119.00   132.00    +18.00   +15.79%
      14              11  3016      嘉晶                   10.00          0.00    49.73%    102.50   104.00    99.10    99.90      116.00   122.00   113.50   115.50    +15.60   +15.62%
      15              17  3055      蔚華科                  34.50         11.00    49.27%    131.00   131.50   122.00   124.50      168.00   169.50   160.50   161.00    +36.50   +29.32%
      16              16  4576      大銀微系統                38.00         36.50    49.12%    204.00   220.50   204.00   215.50      234.00   237.50   230.50   231.50    +16.00    +7.42%
      17              18  3008      大立光                2440.00       2710.00    45.98%   6615.00  6915.00  6605.00  6915.00     6360.00  6370.00  6020.00  6020.00   -895.00   -12.94%
      18              15  5906      台南-KY                 0.00          0.00    43.03%     38.60    40.65    38.60    39.25       39.00    39.00    39.00    39.00     -0.25    -0.64%
      19              22  3665      貿聯-KY               620.00        615.00    43.03%   2040.00  2070.00  1980.00  2055.00     2035.00  2085.00  1985.00  2010.00    -45.00    -2.19%
      20              25  6715      嘉基                  149.50        127.50    42.32%    365.00   370.00   351.50   351.50      406.00   432.00   391.50   394.00    +42.50   +12.09%
      21              14  2492      華新科                 110.00         82.50    41.18%    274.50   290.00   264.50   285.00      309.00   314.50   295.00   297.00    +12.00    +4.21%
      22              19  8101      華冠                    0.00          0.00    40.57%     12.80    12.80    12.80    12.80       11.35    12.30    11.35    12.30     -0.50    -3.91%
      23              21  6168      宏齊                    0.00          0.00    40.56%     28.70    30.65    28.25    29.65       32.15    35.35    31.60    35.35     +5.70   +19.22%
      24              49  4958      臻鼎-KY               132.50        100.50    39.02%    457.50   480.00   454.00   477.00      496.00   504.00   475.00   476.00     -1.00    -0.21%
      25              26  2887Z1    台新新光己特                0.00          0.00    38.74%     19.00    20.45    19.00    20.30       22.70    23.30    22.65    23.30     +3.00   +14.78%
      26              24  2033      佳大                    0.00          0.00    38.47%     22.95    23.90    22.90    23.35       27.95    30.85    27.80    30.85     +7.50   +32.12%
      27              30  2801      彰銀                    0.00          0.00    37.87%     24.00    25.15    23.95    24.70       28.95    29.75    28.85    29.60     +4.90   +19.84%
      28              28  9110      越南控-DR                0.00          0.00    37.81%      3.10     3.14     3.10     3.14        2.96     2.96     2.96     2.96     -0.18    -5.73%
      29              35  2254      巨鎧精密-創                0.00          0.00    37.80%     61.00    62.00    59.40    60.30       74.20    75.20    72.80    75.20    +14.90   +24.71%
      30              23  7799      禾榮科                 185.50         44.50    37.80%    372.50   395.50   371.50   383.50      462.50   502.00   461.50   502.00   +118.50   +30.90%
      31              40  3094      聯傑                    0.00          0.00    37.61%     38.15    38.70    37.50    38.10       44.55    47.20    44.55    47.00     +8.90   +23.36%
      32              39  2892      第一金                   0.00          0.00    37.10%     33.50    33.75    33.30    33.35       40.00    40.95    39.85    40.75     +7.40   +22.19%
      33              34  5876      上海商銀                  0.00          0.00    36.59%     43.70    43.70    43.00    43.05       49.75    50.00    48.85    49.95     +6.90   +16.03%
      34              41  2424      隴華                    0.00          0.00    36.52%      8.05     8.15     7.95     8.02        8.14     8.48     7.88     7.88     -0.14    -1.75%
      35              37  3532      台勝科                 125.00         50.00    36.35%    382.50   400.00   375.50   394.00      449.00   474.00   432.00   441.50    +47.50   +12.06%
      36              31  1468      昶和                    0.00          0.00    36.16%     13.10    13.35    12.95    13.30       12.90    13.10    12.70    13.10     -0.20    -1.50%
      37              38  6957      裕慶-KY                29.00          9.50    36.10%    220.50   227.50   218.50   225.00      260.00   280.50   260.00   274.00    +49.00   +21.78%
      38              62  6491      晶碩                   36.50         13.50    36.02%    375.50   382.00   373.50   375.00      392.50   401.00   391.00   401.00    +26.00    +6.93%
      39              43  2880      華南金                   0.00          0.00    35.68%     39.80    40.05    39.35    39.35       47.25    48.30    46.95    47.90     +8.55   +21.73%
      40              44  1560      中砂                  240.00        136.00    35.40%    690.00   697.00   685.00   690.00      750.00   815.00   750.00   815.00   +125.00   +18.12%
==========================================================================================================================================================================
✅ 共 40 筆


══════════════════════════════════════════════════════════════════════════════════════════════════════════════
  🔄 第 15/15 次  2026/08/26 ～ 2026/09/16
══════════════════════════════════════════════════════════════════════════════════════════════════════════════

==========================================================================================================================================================================
📊 動能效率優先權分數排名 (2026/08/26 ~ 2026/09/16)
==========================================================================================================================================================================
    實資排名          累計天數排名  代號        名稱                 累計漲停(元)       累計跌停(元)       強度%  (08/26)開盤      最高      最低      收盤    (09/16)開盤      最高      最低      收盤      賺賠    賺賠率
--------------------------------------------------------------------------------------------------------------------------------------------------------------------------
       1               1  3406      玉晶光                 637.00        322.00   100.00%    690.00   759.00   690.00   759.00      950.00  1005.00   941.00  1005.00   +246.00   +32.41%
       2               2  2351      順德                   90.00         15.50    67.11%    202.00   219.00   201.50   219.00      254.00   256.00   231.00   236.00    +17.00    +7.76%
       3               8  6933      AMAX-KY             199.50         79.00    55.10%    199.00   215.00   197.50   215.00      286.00   314.50   282.50   314.50    +99.50   +46.28%
       4               4  3055      蔚華科                  46.00         11.00    54.21%    118.50   127.00   115.50   127.00      161.00   167.00   158.00   164.00    +37.00   +29.13%
       5               5  6426      統新                  104.50         32.00    51.17%    251.00   275.00   250.00   268.00      303.00   330.00   303.00   330.00    +62.00   +23.13%
       6               3  3167      大量                  360.00        216.00    50.39%    671.00   723.00   670.00   716.00      810.00   832.00   805.00   824.00   +108.00   +15.08%
       7               6  3008      大立光                3010.00       2505.00    47.83%   5920.00  6290.00  5875.00  6290.00     6160.00  6415.00  6150.00  6225.00    -65.00    -1.03%
       8               7  2305      全友                    0.00          0.00    43.96%     28.00    31.00    27.80    31.00       44.50    49.40    44.10    49.40    +18.40   +59.35%
       9              27  2455      全新                  161.00         77.00    42.89%    419.00   430.00   415.00   428.00      515.00   534.00   506.00   515.00    +87.00   +20.33%
      10              10  2481      強茂                   28.50          0.00    42.48%    135.00   150.50   134.50   150.50      154.50   168.50   154.00   168.50    +18.00   +11.96%
      11              13  6706      惠特                   26.00          0.00    40.94%    123.00   126.00   121.00   123.00      143.50   149.00   140.50   147.00    +24.00   +19.51%
      12              16  3605      宏致                   24.00         26.00    39.76%    114.50   115.00   111.00   112.00      130.00   140.00   129.00   140.00    +28.00   +25.00%
      13              12  3016      嘉晶                   10.00          0.00    38.59%     97.60   105.00    97.10   102.00      110.50   116.00   107.50   115.50    +13.50   +13.24%
      14               9  6805      富世達                 845.00        645.00    37.92%   1830.00  2025.00  1825.00  2025.00     2035.00  2070.00  2010.00  2045.00    +20.00    +0.99%
      15              26  4576      大銀微系統                38.00         36.50    37.07%    199.00   204.00   195.50   203.00      230.00   234.50   228.00   233.00    +30.00   +14.78%
      16              28  2303      聯電                   24.50          0.00    36.63%    124.00   124.50   122.00   123.50      139.50   142.50   138.00   142.00    +18.50   +14.98%
      17              11  7788      松川精密                129.50         89.00    36.53%    256.50   278.00   252.50   273.50      283.50   299.00   279.50   292.00    +18.50    +6.76%
      18              33  7711      永擎                  270.00        265.00    35.63%    510.00   510.00   489.00   493.00      472.00   514.00   472.00   514.00    +21.00    +4.26%
      19              14  3017      奇鋐                  980.00        755.00    34.42%   2880.00  3155.00  2850.00  3155.00     3115.00  3225.00  3100.00  3175.00    +20.00    +0.63%
      20              15  8103      瀚荃                   20.50          0.00    33.77%    102.00   113.50   102.00   113.50      114.50   124.00   113.50   120.00     +6.50    +5.73%
      21              19  2308      台達電                 365.00        365.00    33.41%   1680.00  1760.00  1670.00  1750.00     1680.00  1730.00  1655.00  1710.00    -40.00    -2.29%
      22              17  2492      華新科                 110.00         72.00    33.07%    263.00   270.00   259.50   269.50      304.00   307.50   295.50   307.50    +38.00   +14.10%
      23              25  6715      嘉基                  149.50        127.50    32.97%    359.00   374.50   352.00   363.00      354.00   393.00   339.50   393.00    +30.00    +8.26%
      24              23  3450      聯鈞                  183.50        177.50    32.68%    528.00   584.00   527.00   574.00      503.00   541.00   498.50   541.00    -33.00    -5.75%
      25              24  2357      華碩                  187.00        161.00    32.26%    923.00   980.00   919.00   971.00      928.00   947.00   925.00   939.00    -32.00    -3.30%
      26              84  4958      臻鼎-KY               132.50         83.00    31.79%    444.00   454.00   438.00   453.00      482.50   498.00   471.00   493.50    +40.50    +8.94%
      27              22  5906      台南-KY                 0.00          0.00    31.27%     40.50    40.50    40.45    40.45       39.00    39.00    39.00    39.00     -1.45    -3.58%
      28              21  9110      越南控-DR                0.00          0.00    30.48%      2.88     3.05     2.88     3.05        0.00     0.00     0.00     0.00     -3.05  -100.00%
      29              18  4764      雙鍵                   56.50         32.00    30.09%    212.00   233.00   210.50   233.00      204.00   215.00   203.50   209.00    -24.00   -10.30%
      30              20  6669      緯穎                 1620.00        705.00    29.50%   6325.00  6925.00  6300.00  6785.00     2305.00  2320.00  2085.00  2165.00  -4620.00   -68.09%
      31              42  4770      上品                   37.50         10.50    29.44%    206.50   210.00   206.50   209.00      220.00   225.50   220.00   220.50    +11.50    +5.50%
      32              29  3044      健鼎                   56.50         34.00    28.80%    458.00   489.00   458.00   481.00      492.50   511.00   487.50   504.00    +23.00    +4.78%
      33              82  8021      尖點                  127.00        107.00    28.75%    404.00   437.50   398.50   418.50      433.00   443.00   411.50   440.00    +21.50    +5.14%
      34              48  6924      榮惠-KY創               22.00          0.00    28.60%    112.00   112.00   109.00   110.00      128.00   135.00   128.00   135.00    +25.00   +22.73%
      35             111  6451      訊芯-KY               103.50        102.50    28.55%    423.00   463.50   420.00   454.50      400.50   427.00   399.50   421.00    -33.50    -7.37%
      36              47  3532      台勝科                 125.00         50.00    28.55%    378.00   386.00   370.50   382.00      409.00   447.00   409.00   440.00    +58.00   +15.18%
      37              44  2424      隴華                    0.00          0.00    27.94%      8.21     8.21     8.10     8.15        7.70     8.76     7.70     8.60     +0.45    +5.52%
      38              39  2887Z1    台新新光己特                0.00          0.00    27.68%     19.00    19.25    19.00    19.25       22.60    22.65    22.50    22.65     +3.40   +17.66%
      39              41  2254      巨鎧精密-創                0.00          0.00    27.57%     59.90    61.50    59.90    60.60       73.10    77.00    73.00    74.20    +13.60   +22.44%
      40              70  2377      微星                   21.00          0.00    27.04%    144.50   147.00   144.00   146.00      149.00   153.50   148.50   153.50     +7.50    +5.14%
==========================================================================================================================================================================
✅ 共 40 筆
