
██████████████████████████████████████████████████████████████████████████████████████████████████████████████
  📅 天數組合: 15 日  →  輸出檔: s14_15.txt
██████████████████████████████████████████████████████████████████████████████████████████████████████████████

🔁 共執行 15 次，每次區間長度 16 個交易日

══════════════════════════════════════════════════════════════════════════════════════════════════════════════
  🔄 第  1/15 次  2026/09/15 ～ 2026/10/08
══════════════════════════════════════════════════════════════════════════════════════════════════════════════

==========================================================================================================================================================================
📊 ROI 每日報酬率累計排名 (2026/09/15 ~ 2026/10/08)
==========================================================================================================================================================================
    實資排名          累計天數排名  代號        名稱                 累計漲停(元)       累計跌停(元)       強度%  (09/15)開盤      最高      最低      收盤    (10/08)開盤      最高      最低      收盤      賺賠    賺賠率
--------------------------------------------------------------------------------------------------------------------------------------------------------------------------
       1               9  2033      佳大                    0.00          0.00   100.00%     26.70    27.05    25.45    25.50       52.00    52.20    50.50    52.20    +26.70  +104.71%
       2               5  2466      冠西電                  81.00          0.00    99.05%    103.00   104.50   100.50   102.00      180.50   198.50   180.00   198.50    +96.50   +94.61%
       3               4  6672      騰輝電子-KY             254.50         10.50    98.69%    294.50   303.50   289.50   291.00      505.00   555.00   505.00   555.00   +264.00   +90.72%
       4              16  6957      裕慶-KY               223.00          0.00    97.89%    244.00   245.00   238.00   245.00      444.00   450.00   430.50   448.00   +203.00   +82.86%
       5              17  1709      和益                    0.00          0.00    97.17%     36.00    36.35    34.30    35.50       60.20    62.00    59.00    61.00    +25.50   +71.83%
       6               8  2340      台亞                    0.00          0.00    96.58%     32.05    32.35    31.15    31.15       48.50    52.90    47.80    52.90    +21.75   +69.82%
       7              23  3016      嘉晶                   64.50         11.50    96.27%    113.00   119.00   107.50   110.00      193.00   194.50   178.50   183.50    +73.50   +66.82%
       8              15  3518      柏騰                    0.00          0.00    96.20%     30.00    30.55    29.60    29.70       49.15    50.00    48.50    49.50    +19.80   +66.67%
       9              14  3094      聯傑                    0.00          0.00    96.01%     43.95    44.00    42.20    42.25       67.60    69.40    66.60    69.30    +27.05   +64.02%
      10              21  6456      GIS-KY                0.00          0.00    95.75%     62.50    63.40    61.40    61.60      101.50   104.50    99.40   100.00    +38.40   +62.34%
      11              24  3701      大眾控                   0.00          0.00    95.75%     39.85    40.00    38.80    38.80       61.50    63.20    60.60    63.00    +24.20   +62.37%
      12              20  2030      彰源                    0.00          0.00    95.53%     23.25    23.25    22.10    22.20       36.35    36.95    35.20    35.55    +13.35   +60.14%
      13              98  6533      晶心科                 157.00         30.50    95.30%    232.00   234.00   224.00   224.50      348.50   354.00   341.00   352.50   +128.00   +57.02%
      14               6  6213      聯茂                  331.00         55.00    95.01%    514.00   531.00   511.00   519.00      786.00   806.00   763.00   806.00   +287.00   +55.30%
      15              18  8150      南茂                   21.50          0.00    94.56%     86.00    88.10    84.40    84.40      126.00   129.50   124.00   128.00    +43.60   +51.66%
      16              37  2241      艾姆勒                   0.00          0.00    94.49%     33.65    34.00    33.25    33.35       53.40    57.20    50.40    50.50    +17.15   +51.42%
      17             221  8201      無敵                    0.00          0.00    93.86%     11.70    12.05    11.60    11.60       16.75    17.00    16.30    16.85     +5.25   +45.26%
      18             133  2305      全友                    0.00          0.00    93.79%     45.60    48.05    44.20    44.95       62.30    64.70    62.20    64.70    +19.75   +43.94%
      19             127  3031      佰鴻                    0.00          0.00    93.59%     23.35    23.55    23.00    23.00       33.00    35.00    33.00    33.20    +10.20   +44.35%
      20              93  4720      德淵                    0.00          0.00    93.54%     18.20    18.25    17.85    17.90       23.65    25.55    23.25    25.55     +7.65   +42.74%
      21              59  3055      蔚華科                  55.00          0.00    93.24%    161.00   162.50   156.50   157.50      223.00   223.00   219.00   223.00    +65.50   +41.59%
      22              73  8996      高力                  705.00        220.00    93.15%   1245.00  1260.00  1200.00  1220.00     1640.00  1710.00  1600.00  1710.00   +490.00   +40.16%
      23             126  4919      新唐                   36.00          0.00    93.13%    112.00   114.00   110.00   111.00      157.00   162.00   152.00   155.50    +44.50   +40.09%
      24             179  2492      華新科                 134.00         20.00    93.11%    305.50   315.50   300.00   300.00      431.00   431.50   400.00   420.00   +120.00   +40.00%
      25             167  6168      宏齊                    0.00          0.00    93.04%     29.65    30.20    29.20    29.25       40.90    42.40    39.90    40.35    +11.10   +37.95%
      26              40  1303      南亞                   69.50          0.00    93.00%    230.00   230.50   221.00   221.50      314.00   316.00   304.00   310.00    +88.50   +39.95%
      27              51  6152      百一                    0.00          0.00    92.99%     15.45    15.45    15.00    15.05       20.10    21.25    19.30    21.00     +5.95   +39.53%
      28              74  3443      創意                 3390.00       1065.00    92.96%   6400.00  6455.00  6035.00  6035.00     8550.00  8600.00  8325.00  8360.00  +2325.00   +38.53%
      29              43  1560      中砂                  302.00         45.00    92.67%    746.00   752.00   735.00   735.00     1030.00  1030.00  1000.00  1010.00   +275.00   +37.41%
      30              66  6278      台表科                  61.50          0.00    92.67%    186.00   187.00   180.50   180.50      247.50   256.00   240.50   248.00    +67.50   +37.40%
      31              31  1617      榮星                    0.00          0.00    92.64%     17.65    17.80    17.45    17.60       24.30    24.45    23.70    24.10     +6.50   +36.93%
      32             102  6257      矽格                   78.00          0.00    92.60%    210.00   214.50   207.50   207.50      275.50   291.50   274.00   283.00    +75.50   +36.39%
      33             100  6834      天二科技                 10.50          0.00    92.60%     98.20   102.00    97.00    97.10      125.50   137.00   123.00   132.00    +34.90   +35.94%
      34              88  7711      永擎                  203.00         40.00    92.54%    461.00   473.00   438.00   468.00      632.00   639.00   623.00   635.00   +167.00   +35.68%
      35              26  8046      南電                  500.00        105.00    92.49%   1070.00  1110.00  1055.00  1085.00     1480.00  1490.00  1435.00  1475.00   +390.00   +35.94%
      36              54  4927      泰鼎-KY                 0.00          0.00    92.45%     41.15    41.50    40.05    40.05       54.00    56.70    53.10    54.20    +14.15   +35.33%
      37             462  6933      AMAX-KY             160.50         49.50    92.41%    310.50   312.00   280.50   286.00      380.00   384.00   372.00   382.00    +96.00   +33.57%
      38             157  3653      健策                 2520.00        665.00    92.39%   5735.00  5765.00  5240.00  5310.00     6800.00  7245.00  6775.00  7165.00  +1855.00   +34.93%
      39              91  3189      景碩                  360.00         65.00    92.38%    795.00   822.00   791.00   795.00     1080.00  1095.00  1040.00  1075.00   +280.00   +35.22%
      40             196  2444      兆勁                    0.00          0.00    92.19%     11.55    11.80    11.50    11.65       15.60    15.75    15.00    15.50     +3.85   +33.05%
==========================================================================================================================================================================
✅ 共 40 筆


══════════════════════════════════════════════════════════════════════════════════════════════════════════════
  🔄 第  2/15 次  2026/09/14 ～ 2026/10/07
══════════════════════════════════════════════════════════════════════════════════════════════════════════════

==========================================================================================================================================================================
📊 ROI 每日報酬率累計排名 (2026/09/14 ~ 2026/10/07)
==========================================================================================================================================================================
    實資排名          累計天數排名  代號        名稱                 累計漲停(元)       累計跌停(元)       強度%  (09/14)開盤      最高      最低      收盤    (10/07)開盤      最高      最低      收盤      賺賠    賺賠率
--------------------------------------------------------------------------------------------------------------------------------------------------------------------------
       1               6  2033      佳大                    0.00          0.00   100.00%     28.15    29.90    26.00    26.65       55.90    55.90    52.80    53.20    +26.55   +99.62%
       2              11  6957      裕慶-KY               223.00          0.00    98.51%    231.50   242.50   231.00   240.00      405.00   444.00   404.50   444.00   +204.00   +85.00%
       3              10  2466      冠西電                  63.00          0.00    97.56%    104.00   107.50   103.00   103.00      165.00   183.50   164.50   180.50    +77.50   +75.24%
       4              15  3016      嘉晶                   64.50          0.00    97.32%    104.00   117.00   102.00   112.50      188.50   195.50   185.00   195.00    +82.50   +73.33%
       5               8  6672      騰輝電子-KY             204.50         10.50    97.17%    288.50   297.50   285.00   294.50      505.00   505.00   497.50   505.00   +210.50   +71.48%
       6              35  1709      和益                    0.00          0.00    97.08%     36.20    36.70    35.30    36.05       63.30    64.60    59.20    60.20    +24.15   +66.99%
       7               7  3518      柏騰                    0.00          0.00    96.71%     28.90    30.15    28.80    30.00       51.40    52.00    47.60    50.30    +20.30   +67.67%
       8              22  6456      GIS-KY                0.00          0.00    96.03%     63.10    65.10    61.60    63.30      101.00   108.00    96.30   102.00    +38.70   +61.14%
       9              18  2030      彰源                    0.00          0.00    95.75%     23.50    23.60    23.20    23.20       37.40    38.50    35.90    36.75    +13.55   +58.41%
      10              12  2241      艾姆勒                   0.00          0.00    95.34%     33.20    33.85    32.85    33.45       47.60    52.00    47.40    52.00    +18.55   +55.46%
      11               5  6213      聯茂                  321.00         55.00    95.32%    492.00   521.00   482.00   515.00      787.00   813.00   780.00   796.00   +281.00   +54.56%
      12              40  3094      聯傑                    0.00          0.00    95.26%     40.45    44.50    40.35    44.00       69.20    70.20    66.20    67.50    +23.50   +53.41%
      13              64  3701      大眾控                   0.00          0.00    95.17%     38.60    40.65    38.50    39.80       64.00    64.90    59.10    61.10    +21.30   +53.52%
      14             279  6533      晶心科                 157.00         30.50    94.86%    230.00   240.00   230.00   232.00      341.50   347.00   338.00   347.00   +115.00   +49.57%
      15              31  2340      台亞                    0.00          0.00    94.77%     31.10    33.20    30.80    32.05       46.40    49.00    43.50    48.15    +16.10   +50.23%
      16              29  8150      南茂                   21.50          0.00    94.58%     85.50    88.20    84.30    86.60      126.00   129.00   125.00   128.50    +41.90   +48.38%
      17             130  3031      佰鴻                    0.00          0.00    93.88%     23.50    23.75    23.05    23.35       33.50    33.70    32.80    33.50    +10.15   +43.47%
      18             388  8201      無敵                    0.00          0.00    93.71%     11.85    11.90    11.70    11.90       16.30    16.95    16.30    16.75     +4.85   +40.76%
      19              97  4919      新唐                   36.00          0.00    93.65%    112.00   115.00   109.00   113.00      151.50   164.00   150.00   159.50    +46.50   +41.15%
      20             157  2492      華新科                 134.00         20.00    93.51%    303.00   309.50   291.00   305.50      389.00   428.00   388.00   428.00   +122.50   +40.10%
      21             151  6168      宏齊                    0.00          0.00    93.49%     28.85    30.65    28.55    29.95       43.65    44.15    40.30    41.45    +11.50   +38.40%
      22              39  6715      嘉基                  147.00         26.50    93.46%    313.50   351.00   312.00   346.00      480.00   519.00   470.00   485.00   +139.00   +40.17%
      23               9  8046      南電                  530.00        105.00    93.43%   1040.00  1070.00  1025.00  1055.00     1505.00  1560.00  1470.00  1480.00   +425.00   +40.28%
      24              74  3055      蔚華科                  55.00          0.00    93.41%    149.50   159.50   148.50   159.50      218.00   227.50   213.00   223.00    +63.50   +39.81%
      25              45  3189      景碩                  360.00         40.00    93.10%    795.00   810.00   784.00   798.00     1085.00  1145.00  1085.00  1100.00   +302.00   +37.84%
      26             254  3311      閎暉                    0.00          0.00    92.88%     35.40    36.50    34.10    35.00       46.80    48.00    43.80    47.35    +12.35   +35.29%
      27              34  1617      榮星                    0.00          0.00    92.87%     17.55    17.90    17.30    17.65       23.05    24.50    23.05    23.95     +6.30   +35.69%
      28              51  1560      中砂                  302.00         53.00    92.81%    775.00   776.00   740.00   753.00     1030.00  1040.00  1015.00  1020.00   +267.00   +35.46%
      29              99  2444      兆勁                    0.00          0.00    92.78%     11.10    11.90    11.00    11.70       15.40    16.15    15.40    15.75     +4.05   +34.62%
      30              75  6278      台表科                  61.50          0.00    92.76%    182.00   187.00   179.50   185.50      229.50   250.50   227.00   250.50    +65.00   +35.04%
      31              47  1303      南亞                   69.50         12.50    92.68%    232.00   236.50   220.50   234.00      293.00   322.00   293.00   314.00    +80.00   +34.19%
      32              77  3037      欣興                  415.00         75.00    92.68%    947.00   979.00   932.00   970.00     1310.00  1345.00  1300.00  1305.00   +335.00   +34.54%
      33             174  8996      高力                  640.00        235.00    92.64%   1295.00  1295.00  1205.00  1235.00     1660.00  1660.00  1605.00  1645.00   +410.00   +33.20%
      34              92  3443      創意                 3390.00       1330.00    92.56%   5995.00  6575.00  5850.00  6400.00     8485.00  8750.00  8350.00  8460.00  +2060.00   +32.19%
      35             283  2409      友達                    0.00          0.00    92.55%     29.25    29.75    28.65    28.70       37.50    38.15    37.00    37.95     +9.25   +32.23%
      36             357  6226      光鼎                    0.00          0.00    92.51%     29.50    33.00    29.40    33.00       42.45    45.00    42.45    43.45    +10.45   +31.67%
      37              93  3605      宏致                   41.50         12.00    92.50%    120.00   127.00   118.00   126.50      179.00   185.00   162.00   167.00    +40.50   +32.02%
      38             213  7711      永擎                  203.00         50.00    92.48%    478.00   478.00   478.00   478.00      622.00   646.00   616.00   632.00   +154.00   +32.22%
      39              71  4927      泰鼎-KY                 0.00          0.00    92.47%     40.90    41.85    40.65    41.15       55.80    57.00    51.00    54.50    +13.35   +32.44%
      40             222  6257      矽格                   78.00          0.00    92.47%    206.00   213.00   204.00   210.00      283.00   293.50   272.00   278.00    +68.00   +32.38%
==========================================================================================================================================================================
✅ 共 40 筆


══════════════════════════════════════════════════════════════════════════════════════════════════════════════
  🔄 第  3/15 次  2026/09/11 ～ 2026/10/06
══════════════════════════════════════════════════════════════════════════════════════════════════════════════

==========================================================================================================================================================================
📊 ROI 每日報酬率累計排名 (2026/09/11 ~ 2026/10/06)
==========================================================================================================================================================================
    實資排名          累計天數排名  代號        名稱                 累計漲停(元)       累計跌停(元)       強度%  (09/11)開盤      最高      最低      收盤    (10/06)開盤      最高      最低      收盤      賺賠    賺賠率
--------------------------------------------------------------------------------------------------------------------------------------------------------------------------
       1              20  2033      佳大                    0.00          0.00   100.00%     29.50    29.50    27.70    28.40       51.60    53.50    48.80    52.80    +24.40   +85.92%
       2              16  1709      和益                    0.00          0.00    99.06%     35.30    36.80    34.70    36.20       66.20    66.30    58.20    63.30    +27.10   +74.86%
       3              11  6957      裕慶-KY               183.00          0.00    98.62%    223.50   234.00   222.50   231.50      417.50   417.50   391.00   404.00   +172.50   +74.51%
       4               5  3518      柏騰                    0.00          0.00    98.53%     29.15    30.10    28.90    28.95       49.90    52.00    45.65    50.30    +21.35   +73.75%
       5              13  3016      嘉晶                   64.50          0.00    98.34%    106.50   109.50   101.00   109.50      186.00   189.50   181.50   188.00    +78.50   +71.69%
       6               9  3094      聯傑                    0.00          0.00    98.20%     41.05    41.60    40.35    40.90       69.40    71.80    68.50    69.20    +28.30   +69.19%
       7              37  2466      冠西電                  53.00          0.00    97.22%    100.00   109.50   100.00   106.00      160.00   170.50   157.50   170.50    +64.50   +60.85%
       8              12  2030      彰源                    0.00          0.00    96.94%     22.50    23.50    22.50    23.50       37.65    37.65    36.05    37.25    +13.75   +58.51%
       9              10  6672      騰輝電子-KY             159.00         10.50    96.76%    291.50   303.00   291.00   292.00      456.00   459.50   435.00   459.50   +167.50   +57.36%
      10              32  6456      GIS-KY                0.00          0.00    96.75%     63.00    64.00    62.50    63.40       97.60    99.60    96.20    99.60    +36.20   +57.10%
      11               6  6213      聯茂                  321.00         55.00    96.50%    503.00   537.00   501.00   509.00      797.00   818.00   762.00   787.00   +278.00   +54.62%
      12               3  2254      巨鎧精密-創                0.00          0.00    96.21%     65.60    66.00    64.90    65.80       95.10   102.00    94.60   101.50    +35.70   +54.26%
      13              45  6168      宏齊                    0.00          0.00    95.89%     29.20    30.00    29.00    29.45       46.95    47.60    42.40    43.80    +14.35   +48.73%
      14             300  6533      晶心科                 157.00         30.50    95.88%    239.00   239.50   231.00   232.50      336.00   348.00   326.00   345.00   +112.50   +48.39%
      15              23  6715      嘉基                  171.50         26.50    95.86%    323.50   334.50   316.50   321.50      485.50   492.50   450.00   482.50   +161.00   +50.08%
      16              24  2340      台亞                    0.00          0.00    95.84%     31.40    32.10    30.70    31.65       50.30    50.40    45.30    47.30    +15.65   +49.45%
      17             114  3701      大眾控                   0.00          0.00    95.76%     40.00    40.55    39.65    39.90       60.80    65.40    58.40    59.30    +19.40   +48.62%
      18              29  8150      南茂                   21.50          0.00    95.58%     88.20    88.20    85.50    86.70      124.00   130.50   123.00   127.50    +40.80   +47.06%
      19             275  8201      無敵                    0.00          0.00    95.54%     11.75    11.95    11.70    11.95       17.80    17.80    16.70    17.50     +5.55   +46.44%
      20              94  3031      佰鴻                    0.00          0.00    95.21%     23.95    23.95    23.50    23.60       33.40    34.60    31.05    34.20    +10.60   +44.92%
      21             175  2305      全友                    0.00          0.00    95.11%     38.65    41.05    37.70    41.05       58.60    63.50    57.20    58.30    +17.25   +42.02%
      22             344  6226      光鼎                    0.00          0.00    94.89%     33.05    33.35    30.00    30.00       43.65    45.65    41.00    42.20    +12.20   +40.67%
      23              27  3605      宏致                   41.50         12.00    94.73%    125.00   127.00   122.00   122.50      168.00   173.00   160.00   172.00    +49.50   +40.41%
      24              49  2241      艾姆勒                   0.00          0.00    94.54%     34.30    34.70    33.90    33.90       46.50    48.45    46.25    47.35    +13.45   +39.68%
      25             115  3311      閎暉                    0.00          0.00    94.50%     34.75    35.00    34.70    35.00       50.20    51.20    46.80    48.65    +13.65   +39.00%
      26               8  8046      南電                  530.00        105.00    94.47%   1045.00  1100.00  1035.00  1080.00     1500.00  1520.00  1485.00  1505.00   +425.00   +39.35%
      27             122  4720      德淵                    0.00          0.00    94.43%     18.15    18.30    18.15    18.25       25.00    25.30    24.80    25.30     +7.05   +38.63%
      28              76  3055      蔚華科                  45.50          0.00    94.35%    158.50   162.00   148.00   154.50      222.50   222.50   213.00   213.50    +59.00   +38.19%
      29              67  3443      創意                 3585.00       1330.00    94.33%   6200.00  6200.00  5970.00  6120.00     8680.00  8710.00  8110.00  8375.00  +2255.00   +36.85%
      30             146  6257      矽格                   78.00          0.00    93.97%    212.00   213.00   209.50   211.50      269.50   286.00   267.50   286.00    +74.50   +35.22%
      31              93  3717      聯嘉投控                  0.00          0.00    93.95%     21.30    21.30    21.00    21.05       28.40    30.40    28.20    28.45     +7.40   +35.15%
      32              64  6526      達發                  237.00         37.00    93.91%    632.00   637.00   624.00   624.00      844.00   857.00   836.00   842.00   +218.00   +34.94%
      33              79  4956      光鋐                    0.00          0.00    93.83%     33.30    33.30    32.05    32.05       45.10    45.25    42.15    42.35    +10.30   +32.14%
      34             141  4919      新唐                   36.00          0.00    93.82%    115.00   116.00   112.00   112.50      156.00   157.00   149.50   150.50    +38.00   +33.78%
      35              70  3037      欣興                  415.00         75.00    93.76%    969.00   990.00   958.00   977.00     1335.00  1340.00  1285.00  1310.00   +333.00   +34.08%
      36               7  8021      尖點                  122.00         11.00    93.71%    430.00   430.00   418.00   418.50      566.00   584.00   557.00   561.00   +142.50   +34.05%
      37              30  2404      漢唐                  415.00         85.00    93.62%   1025.00  1040.00  1000.00  1005.00     1320.00  1355.00  1305.00  1335.00   +330.00   +32.84%
      38              39  1617      榮星                    0.00          0.00    93.48%     17.95    17.95    17.50    17.50       24.80    24.85    22.80    23.05     +5.55   +31.71%
      39             131  2342      茂矽                    0.00          0.00    93.41%     38.60    38.60    37.60    37.70       49.70    50.30    48.00    49.50    +11.80   +31.30%
      40              33  6668      中揚光                   0.00          0.00    93.37%     40.50    40.95    39.30    39.30       48.35    52.30    48.25    51.50    +12.20   +31.04%
==========================================================================================================================================================================
✅ 共 40 筆


══════════════════════════════════════════════════════════════════════════════════════════════════════════════
  🔄 第  4/15 次  2026/09/10 ～ 2026/10/05
══════════════════════════════════════════════════════════════════════════════════════════════════════════════

==========================================================================================================================================================================
📊 ROI 每日報酬率累計排名 (2026/09/10 ~ 2026/10/05)
==========================================================================================================================================================================
    實資排名          累計天數排名  代號        名稱                 累計漲停(元)       累計跌停(元)       強度%  (09/10)開盤      最高      最低      收盤    (10/05)開盤      最高      最低      收盤      賺賠    賺賠率
--------------------------------------------------------------------------------------------------------------------------------------------------------------------------
       1              20  2033      佳大                    0.00          0.00   100.00%     27.30    28.15    27.25    27.60       56.30    56.30    49.80    51.00    +23.40   +84.78%
       2               7  1709      和益                    0.00          0.00    99.88%     36.25    37.55    34.95    35.30       63.80    64.30    63.60    64.30    +29.00   +82.15%
       3               5  6957      裕慶-KY               183.00          0.00    99.44%    221.00   226.50   219.50   224.50      386.00   413.00   380.50   410.00   +185.50   +82.63%
       4              18  3094      聯傑                    0.00          0.00    97.38%     40.60    42.80    40.30    41.90       70.40    73.50    68.70    69.00    +27.10   +64.68%
       5              10  3518      柏騰                    0.00          0.00    97.28%     29.15    30.10    29.10    29.50       48.45    48.75    46.80    48.75    +19.25   +65.25%
       6              25  3016      嘉晶                   64.50          0.00    97.25%     99.30   110.00    99.30   110.00      186.00   189.50   178.00   181.50    +71.50   +65.00%
       7              24  6168      宏齊                    0.00          0.00    96.40%     29.40    30.75    29.25    29.80       47.15    50.60    44.70    47.10    +17.30   +58.05%
       8               9  2340      台亞                    0.00          0.00    96.37%     32.10    32.10    31.50    31.65       46.70    50.30    46.50    50.30    +18.65   +58.93%
       9              23  2030      彰源                    0.00          0.00    96.08%     23.70    24.20    23.50    23.65       39.75    39.75    36.70    36.90    +13.25   +56.03%
      10              29  3311      閎暉                    0.00          0.00    95.95%     32.00    32.05    31.70    31.85       52.20    52.20    49.00    49.50    +17.65   +55.42%
      11              32  2466      冠西電                  37.50          0.00    95.57%    102.50   103.00    99.70   101.50      150.00   155.00   145.00   155.00    +53.50   +52.71%
      12             104  2305      全友                    0.00          0.00    95.44%     36.00    38.50    35.80    38.50       59.80    60.70    56.60    57.80    +19.30   +50.13%
      13              26  6672      騰輝電子-KY             159.00         10.50    95.30%    296.00   306.00   294.00   299.00      444.00   457.50   435.00   451.00   +152.00   +50.84%
      14              86  3701      大眾控                   0.00          0.00    94.93%     42.00    42.00    40.75    41.10       60.90    60.90    60.90    60.90    +19.80   +48.18%
      15              31  6861      睿生光電                118.00         35.50    94.56%    190.50   204.00   188.50   204.00      295.00   311.00   294.00   295.50    +91.50   +44.85%
      16              11  6213      聯茂                  285.00         65.00    94.45%    516.00   520.00   507.00   519.00      690.00   751.00   682.00   751.00   +232.00   +44.70%
      17              43  2444      兆勁                    0.00          0.00    94.40%     11.25    11.30    11.10    11.20       17.40    17.80    16.00    16.20     +5.00   +44.64%
      18               3  2254      巨鎧精密-創                0.00          0.00    94.09%     65.10    67.30    64.30    65.60       94.50    95.00    94.10    94.80    +29.20   +44.51%
      19              41  6715      嘉基                  171.50         41.50    94.07%    350.50   353.50   335.50   336.50      453.50   485.00   444.50   480.50   +144.00   +42.79%
      20              22  1560      中砂                  359.00         70.00    93.88%    727.00   735.00   718.00   733.00     1020.00  1060.00  1010.00  1040.00   +307.00   +41.88%
      21              50  6456      GIS-KY                0.00          0.00    93.83%     66.80    66.90    63.50    64.10       92.90    93.60    87.10    90.60    +26.50   +41.34%
      22               8  8046      南電                  530.00        105.00    93.48%   1085.00  1105.00  1055.00  1070.00     1460.00  1550.00  1445.00  1495.00   +425.00   +39.72%
      23              36  3443      創意                 3585.00       1210.00    93.45%   5895.00  6275.00  5850.00  6225.00     8150.00  8690.00  8150.00  8600.00  +2375.00   +38.15%
      24             624  6533      晶心科                 157.00         44.00    93.39%    253.50   255.00   245.00   246.00      351.00   351.50   332.00   336.00    +90.00   +36.59%
      25              82  8150      南茂                   21.50          0.00    93.18%     90.70    91.50    90.00    90.90      133.00   133.00   123.00   124.00    +33.10   +36.41%
      26             373  8201      無敵                    0.00          0.00    93.13%     11.55    12.65    11.50    12.00       17.90    17.95    16.00    16.35     +4.35   +36.25%
      27              65  4956      光鋐                    0.00          0.00    93.05%     33.80    34.50    33.60    33.80       46.10    49.00    45.05    45.55    +11.75   +34.76%
      28             250  3031      佰鴻                    0.00          0.00    93.03%     24.35    25.05    24.10    24.10       32.80    34.70    32.10    32.90     +8.80   +36.51%
      29              73  3055      蔚華科                  45.50          0.00    92.84%    147.50   164.00   145.00   160.00      221.00   222.00   213.00   216.50    +56.50   +35.31%
      30             369  6226      光鼎                    0.00          0.00    92.62%     29.65    32.60    29.45    32.60       47.00    49.80    43.00    43.00    +10.40   +31.90%
      31             108  4919      新唐                   36.00          0.00    92.59%    117.50   118.00   116.00   116.50      162.50   162.50   154.00   155.50    +39.00   +33.48%
      32              28  1617      榮星                    0.00          0.00    92.50%     17.95    18.30    17.65    18.05       24.65    24.80    22.40    24.10     +6.05   +33.52%
      33              51  3037      欣興                  415.00         77.00    92.44%    993.00  1005.00   966.00   994.00     1325.00  1420.00  1310.00  1325.00   +331.00   +33.30%
      34             230  6133      金橋                    0.00          0.00    92.38%     22.50    22.80    22.00    22.10       29.35    30.25    28.55    29.25     +7.15   +32.35%
      35             122  2241      艾姆勒                   0.00          0.00    92.35%     34.00    35.50    34.00    34.80       43.55    46.50    43.10    46.05    +11.25   +32.33%
      36              76  3605      宏致                   41.50         12.00    92.32%    128.00   131.00   124.50   128.00      171.50   172.00   164.50   168.00    +40.00   +31.25%
      37              57  3189      景碩                  330.00         39.00    92.29%    800.00   835.00   792.00   827.00     1055.00  1150.00  1030.00  1095.00   +268.00   +32.41%
      38              17  1459      聯發                    0.00          0.00    92.25%     15.50    15.55    15.20    15.55       20.55    20.55    20.00    20.55     +5.00   +32.15%
      39             204  6742      澤米                    0.00          0.00    92.20%     45.05    46.35    44.15    45.75       58.90    63.20    57.90    60.20    +14.45   +31.58%
      40              44  2483      百容                    0.00          0.00    92.13%     32.25    32.25    30.75    31.00       38.00    40.70    37.40    40.70     +9.70   +31.29%
==========================================================================================================================================================================
✅ 共 40 筆


══════════════════════════════════════════════════════════════════════════════════════════════════════════════
  🔄 第  5/15 次  2026/09/09 ～ 2026/10/02
══════════════════════════════════════════════════════════════════════════════════════════════════════════════

==========================================================================================================================================================================
📊 ROI 每日報酬率累計排名 (2026/09/09 ~ 2026/10/02)
==========================================================================================================================================================================
    實資排名          累計天數排名  代號        名稱                 累計漲停(元)       累計跌停(元)       強度%  (09/09)開盤      最高      最低      收盤    (10/02)開盤      最高      最低      收盤      賺賠    賺賠率
--------------------------------------------------------------------------------------------------------------------------------------------------------------------------
       1              10  2033      佳大                    0.00          0.00   100.00%     25.45    27.85    25.45    27.30       51.20    51.20    51.20    51.20    +23.90   +87.55%
       2              19  3016      嘉晶                   74.50          0.00    99.14%    102.00   102.50    99.40   100.00      169.50   182.00   169.50   180.50    +80.50   +80.50%
       3              32  2305      全友                    0.00          0.00    98.45%     33.70    35.00    32.55    35.00       59.70    61.60    55.80    60.20    +25.20   +72.00%
       4               7  3094      聯傑                    0.00          0.00    98.38%     41.30    41.90    40.70    40.80       69.20    73.00    67.90    70.30    +29.50   +72.30%
       5               6  6957      裕慶-KY               150.00          0.00    98.05%    216.00   221.50   214.00   220.50      375.00   389.00   366.00   377.00   +156.50   +70.98%
       6              16  1709      和益                    0.00          0.00    97.74%     33.50    36.00    33.50    35.60       55.50    58.50    54.70    58.50    +22.90   +64.33%
       7               9  2030      彰源                    0.00          0.00    97.17%     23.95    23.95    23.20    23.70       38.15    39.20    37.95    38.40    +14.70   +62.03%
       8              20  6861      睿生光電                136.50         35.50    97.05%    198.00   200.00   182.00   185.50      293.00   298.50   290.00   296.00   +110.50   +59.57%
       9              89  6226      光鼎                    0.00          0.00    96.72%     30.05    31.80    29.55    29.65       50.00    51.70    45.05    46.40    +16.75   +56.49%
      10              26  6168      宏齊                    0.00          0.00    96.47%     29.00    30.20    28.90    29.60       47.45    48.00    46.00    46.00    +16.40   +55.41%
      11              37  3311      閎暉                    0.00          0.00    96.21%     31.75    32.40    31.60    32.30       48.25    49.65    48.15    49.65    +17.35   +53.72%
      12              13  3518      柏騰                    0.00          0.00    95.89%     29.10    29.50    29.05    29.25       41.00    44.35    40.15    44.35    +15.10   +51.62%
      13              35  6672      騰輝電子-KY             147.00         10.50    95.35%    299.50   314.00   293.50   299.50      413.00   439.00   404.00   439.00   +139.50   +46.58%
      14              95  8201      無敵                    0.00          0.00    95.31%     11.55    11.80    11.55    11.70       17.55    17.80    17.00    17.10     +5.40   +46.15%
      15              34  2444      兆勁                    0.00          0.00    95.29%     11.60    11.70    11.25    11.30       15.00    16.50    14.70    16.50     +5.20   +46.02%
      16              41  3055      蔚華科                  56.00          0.00    95.04%    155.00   159.00   143.00   149.50      216.00   217.00   212.50   216.00    +66.50   +44.48%
      17               2  2254      巨鎧精密-創                0.00          0.00    94.89%     63.10    65.20    63.00    65.20       94.30    95.00    92.60    94.30    +29.10   +44.63%
      18              27  2340      台亞                    0.00          0.00    94.69%     32.35    32.80    31.85    32.20       45.00    47.20    43.70    45.75    +13.55   +42.08%
      19             118  7799      禾榮科                 230.50         69.50    94.66%    391.50   395.00   383.50   386.50      558.00   561.00   535.00   543.00   +156.50   +40.49%
      20             630  6533      晶心科                 157.00         28.00    94.57%    257.50   258.00   253.00   253.50      366.50   366.50   350.50   352.00    +98.50   +38.86%
      21              68  2468      華經                    0.00          0.00    94.52%     32.80    32.80    32.40    32.45       44.55    46.10    44.50    45.35    +12.90   +39.75%
      22              44  8150      南茂                   21.50          0.00    94.43%     90.80    95.40    90.70    91.50      116.00   127.00   114.50   127.00    +35.50   +38.80%
      23              24  1560      中砂                  334.00         70.00    94.34%    717.00   733.00   717.00   730.00     1005.00  1030.00   993.00  1015.00   +285.00   +39.04%
      24              38  4956      光鋐                    0.00          0.00    94.24%     34.20    35.45    33.85    34.00       47.25    48.25    46.15    46.40    +12.40   +36.47%
      25              49  6456      GIS-KY                0.00          0.00    94.21%     66.40    68.70    66.40    67.50       89.10    94.00    87.00    92.90    +25.40   +37.63%
      26              76  4919      新唐                   36.00          0.00    94.08%    118.50   120.50   117.50   119.00      151.00   167.00   145.50   163.00    +44.00   +36.97%
      27              85  2466      冠西電                  23.50          0.00    93.99%     98.70   104.00    98.70   103.50      130.50   141.00   130.50   141.00    +37.50   +36.23%
      28              57  1727      中華化                  21.50          9.50    93.91%     90.50    92.70    90.20    91.10      111.00   123.00   111.00   123.00    +31.90   +35.02%
      29              22  1617      榮星                    0.00          0.00    93.81%     17.65    18.00    17.65    17.80       24.80    25.25    24.00    24.10     +6.30   +35.39%
      30             339  3031      佰鴻                    0.00          0.00    93.77%     23.80    24.70    23.80    24.35       31.40    33.50    30.25    32.80     +8.45   +34.70%
      31              39  3443      創意                 3185.00       1210.00    93.68%   5955.00  6075.00  5875.00  5925.00     7895.00  8005.00  7835.00  7900.00  +1975.00   +33.33%
      32             153  2409      友達                    0.00          0.00    93.60%     30.55    32.20    30.15    30.50       38.75    40.85    38.65    40.45     +9.95   +32.62%
      33              52  3605      宏致                   41.50         12.00    93.47%    123.00   134.50   121.50   129.50      176.50   182.00   169.00   170.50    +41.00   +31.66%
      34             271  3701      大眾控                   0.00          0.00    93.43%     40.85    42.80    40.80    42.00       53.00    55.40    51.20    55.40    +13.40   +31.90%
      35              28  8046      南電                  495.00        145.00    93.31%   1075.00  1125.00  1065.00  1110.00     1440.00  1480.00  1395.00  1460.00   +350.00   +31.53%
      36              58  2342      茂矽                    0.00          0.00    93.31%     39.20    39.80    38.65    39.00       49.35    52.50    48.50    51.30    +12.30   +31.54%
      37              25  6213      聯茂                  217.00         65.00    93.27%    513.00   542.00   512.00   523.00      646.00   700.00   639.00   683.00   +160.00   +30.59%
      38              50  3037      欣興                  395.00         77.00    93.26%    980.00  1005.00   980.00   993.00     1225.00  1305.00  1215.00  1305.00   +312.00   +31.42%
      39              42  6834      天二科技                 10.50          9.80    93.21%     99.20   107.00    98.50   101.00      118.00   131.00   118.00   131.00    +30.00   +29.70%
      40             251  3346      麗清                    0.00          0.00    93.11%     18.30    18.55    18.30    18.50       24.00    24.10    23.80    24.00     +5.50   +29.73%
==========================================================================================================================================================================
✅ 共 40 筆


══════════════════════════════════════════════════════════════════════════════════════════════════════════════
  🔄 第  6/15 次  2026/09/08 ～ 2026/10/01
══════════════════════════════════════════════════════════════════════════════════════════════════════════════

==========================================================================================================================================================================
📊 ROI 每日報酬率累計排名 (2026/09/08 ~ 2026/10/01)
==========================================================================================================================================================================
    實資排名          累計天數排名  代號        名稱                 累計漲停(元)       累計跌停(元)       強度%  (09/08)開盤      最高      最低      收盤    (10/01)開盤      最高      最低      收盤      賺賠    賺賠率
--------------------------------------------------------------------------------------------------------------------------------------------------------------------------
       1              10  2305      全友                    0.00          0.00   100.00%     33.95    36.20    32.75    33.20       65.30    65.30    61.90    61.90    +28.70   +86.45%
       2              12  2033      佳大                    0.00          0.00    99.62%     25.70    26.30    25.00    25.45       45.10    46.55    44.00    46.55    +21.10   +82.91%
       3               4  6957      裕慶-KY               150.00          0.00    98.85%    222.00   222.00   216.00   216.00      400.00   400.00   364.00   384.00   +168.00   +77.78%
       4              47  3016      嘉晶                   62.00          0.00    97.67%    102.00   108.50   101.00   101.50      169.00   169.00   162.50   168.00    +66.50   +65.52%
       5              19  3094      聯傑                    0.00          0.00    97.61%     44.75    45.80    40.60    41.25       61.80    67.70    61.70    67.70    +26.45   +64.12%
       6               9  6168      宏齊                    0.00          0.00    97.60%     29.75    30.10    28.50    28.55       45.70    47.00    45.70    47.00    +18.45   +64.62%
       7              48  6226      光鼎                    0.00          0.00    97.44%     31.60    32.70    29.60    29.60       44.55    48.00    44.55    48.00    +18.40   +62.16%
       8              16  1709      和益                    0.00          0.00    97.13%     33.75    34.10    32.80    33.60       51.80    53.20    51.60    53.20    +19.60   +58.33%
       9              25  2030      彰源                    0.00          0.00    96.84%     22.65    23.95    22.65    23.80       37.20    40.00    36.05    37.65    +13.85   +58.19%
      10              32  8201      無敵                    0.00          0.00    96.19%     11.60    11.60    11.55    11.55       17.60    17.65    16.10    17.65     +6.10   +52.81%
      11              39  6861      睿生光電                136.50         45.50    96.01%    189.00   205.00   186.00   195.50      317.50   324.50   288.00   292.00    +96.50   +49.36%
      12               1  2254      巨鎧精密-創                0.00          0.00    95.54%     62.30    64.30    62.30    63.10       93.00    94.60    93.00    94.10    +31.00   +49.13%
      13              46  7799      禾榮科                 230.50         57.50    95.33%    396.00   397.50   381.00   382.50      555.00   574.00   544.00   555.00   +172.50   +45.10%
      14             566  6533      晶心科                 157.00         13.50    95.20%    256.50   261.50   252.50   256.00      346.00   366.50   337.00   366.50   +110.50   +43.16%
      15              20  3605      宏致                   41.50         12.00    95.09%    122.00   132.50   120.00   124.00      171.00   179.00   168.50   178.00    +54.00   +43.55%
      16              40  3055      蔚華科                  56.00          0.00    95.06%    135.50   146.00   135.50   146.00      208.00   212.00   202.00   210.00    +64.00   +43.84%
      17              34  3311      閎暉                    0.00          0.00    94.97%     32.00    32.00    31.40    31.55       42.35    45.15    42.10    45.15    +13.60   +43.11%
      18               8  1617      榮星                    0.00          0.00    94.66%     17.85    17.85    17.50    17.55       24.90    26.45    24.40    24.80     +7.25   +41.31%
      19              29  4956      光鋐                    0.00          0.00    94.60%     35.10    35.45    34.10    34.10       46.50    49.60    46.20    47.25    +13.15   +38.56%
      20              50  6715      嘉基                  169.50         59.50    94.58%    333.00   340.00   322.00   325.00      445.00   453.00   430.00   453.00   +128.00   +39.38%
      21              21  1560      中砂                  332.00         70.00    94.49%    730.00   736.00   713.00   717.00      963.00  1015.00   963.00  1000.00   +283.00   +39.47%
      22              23  8046      南電                  540.00        145.00    94.37%   1065.00  1075.00  1015.00  1025.00     1390.00  1450.00  1370.00  1420.00   +395.00   +38.54%
      23              18  3518      柏騰                    0.00          0.00    94.33%     29.80    30.35    29.10    29.10       42.15    45.15    40.15    40.35    +11.25   +38.66%
      24              33  6672      騰輝電子-KY             113.50         10.50    94.32%    300.50   317.50   290.00   294.00      376.50   405.50   369.50   405.50   +111.50   +37.93%
      25             128  2468      華經                    0.00          0.00    94.27%     33.10    33.45    32.50    32.50       45.50    45.60    44.30    44.55    +12.05   +37.08%
      26              51  2340      台亞                    0.00          0.00    93.94%     33.05    33.90    32.20    32.35       40.80    44.70    40.25    43.85    +11.50   +35.55%
      27              59  3443      創意                 3185.00       1245.00    93.67%   5940.00  6100.00  5730.00  5960.00     8040.00  8100.00  7730.00  7900.00  +1940.00   +32.55%
      28              66  6456      GIS-KY                0.00          0.00    93.48%     68.80    69.40    66.10    66.80       91.90    92.00    86.10    87.90    +21.10   +31.59%
      29              44  3665      貿聯-KY               815.00        195.00    93.45%   2070.00  2070.00  1930.00  1935.00     2595.00  2625.00  2510.00  2555.00   +620.00   +32.04%
      30             179  3346      麗清                    0.00          0.00    93.30%     18.70    18.70    18.30    18.40       24.30    24.30    23.80    24.00     +5.60   +30.43%
      31              88  2466      冠西電                  11.00          0.00    93.25%    101.00   102.00    98.60    98.60      128.00   136.00   127.00   128.50    +29.90   +30.32%
      32             152  2409      友達                    0.00          0.00    93.25%     28.80    30.70    28.20    29.60       39.80    40.00    37.80    38.30     +8.70   +29.39%
      33             101  2444      兆勁                    0.00          0.00    93.24%     12.90    12.90    11.50    11.55       15.40    15.80    15.00    15.00     +3.45   +29.87%
      34             249  8996      高力                  660.00        320.00    93.09%   1240.00  1285.00  1205.00  1225.00     1515.00  1600.00  1470.00  1565.00   +340.00   +27.76%
      35             142  6526      達發                  237.00         55.00    93.06%    648.00   653.00   636.00   643.00      834.00   843.00   818.00   829.00   +186.00   +28.93%
      36             102  4919      新唐                   25.00          0.00    93.05%    124.50   124.50   117.50   118.00      140.50   152.00   139.00   152.00    +34.00   +28.81%
      37              68  2241      艾姆勒                   0.00          0.00    93.04%     34.35    34.60    34.10    34.20       46.00    46.20    44.00    44.05     +9.85   +28.80%
      38              57  8150      南茂                   10.00          0.00    93.00%     92.20    93.50    89.70    90.30      113.00   116.00   109.50   115.50    +25.20   +27.91%
      39             344  3031      佰鴻                    0.00          0.00    92.94%     24.40    24.50    23.80    23.80       30.60    31.50    30.10    30.50     +6.70   +28.15%
      40              42  910861    神州-DR                 0.00          0.00    92.90%      3.70     4.00     3.64     3.65        4.81     4.81     4.69     4.69     +1.04   +28.49%
==========================================================================================================================================================================
✅ 共 40 筆


══════════════════════════════════════════════════════════════════════════════════════════════════════════════
  🔄 第  7/15 次  2026/09/07 ～ 2026/09/30
══════════════════════════════════════════════════════════════════════════════════════════════════════════════

==========================================================================================================================================================================
📊 ROI 每日報酬率累計排名 (2026/09/07 ~ 2026/09/30)
==========================================================================================================================================================================
    實資排名          累計天數排名  代號        名稱                 累計漲停(元)       累計跌停(元)       強度%  (09/07)開盤      最高      最低      收盤    (09/30)開盤      最高      最低      收盤      賺賠    賺賠率
--------------------------------------------------------------------------------------------------------------------------------------------------------------------------
       1               8  2305      全友                    0.00          0.00   100.00%     31.10    33.70    30.55    33.40       70.00    72.50    66.40    68.70    +35.30  +105.69%
       2              14  6861      睿生光電                136.50         24.00    96.49%    187.00   187.50   181.00   186.50      294.00   313.50   294.00   313.50   +127.00   +68.10%
       3              25  3016      嘉晶                   62.00          0.00    96.36%    103.00   103.50   100.00   100.50      170.00   172.50   165.00   169.00    +68.50   +68.16%
       4               7  6957      裕慶-KY               137.00          0.00    96.24%    219.50   222.50   218.50   221.00      365.00   371.00   356.00   371.00   +150.00   +67.87%
       5              21  2033      佳大                    0.00          0.00    96.12%     26.10    27.35    25.70    25.70       38.85    42.35    38.65    42.35    +16.65   +64.79%
       6              18  2030      彰源                    0.00          0.00    95.55%     23.35    23.50    22.55    22.85       36.60    36.70    36.00    36.70    +13.85   +60.61%
       7              28  3055      蔚華科                  67.50          0.00    94.97%    133.50   144.00   133.00   134.50      201.00   211.00   195.00   209.50    +75.00   +55.76%
       8              19  6168      宏齊                    0.00          0.00    94.84%     28.90    30.25    28.40    29.40       46.55    47.00    44.50    45.25    +15.85   +53.91%
       9               1  2254      巨鎧精密-創                0.00          0.00    93.91%     62.10    63.50    61.80    62.40       92.20    93.10    92.10    92.60    +30.20   +48.40%
      10              30  1709      和益                    0.00          0.00    93.53%     34.50    34.70    33.30    34.20       44.10    48.40    44.00    48.40    +14.20   +41.52%
      11              17  3605      宏致                   41.50         12.00    93.29%    121.50   128.00   117.00   120.50      183.00   183.50   168.50   170.50    +50.00   +41.49%
      12             138  6226      光鼎                    0.00          0.00    93.24%     34.00    34.40    32.35    32.40       45.55    45.70    44.40    45.10    +12.70   +39.20%
      13              43  3094      聯傑                    0.00          0.00    92.93%     49.00    50.80    44.80    44.80       62.10    62.50    59.00    61.60    +16.80   +37.50%
      14              50  8201      無敵                    0.00          0.00    92.82%     11.75    11.75    11.55    11.60       15.50    16.05    15.50    16.05     +4.45   +38.36%
      15              15  3518      柏騰                    0.00          0.00    92.74%     30.55    30.65    29.75    29.75       40.50    41.10    40.05    41.10    +11.35   +38.15%
      16             108  7799      禾榮科                 214.50         70.00    92.72%    380.00   403.00   370.50   395.00      509.00   539.00   503.00   539.00   +144.00   +36.46%
      17             101  2468      華經                    0.00          0.00    92.59%     33.85    33.85    33.30    33.50       46.30    46.50    45.30    45.50    +12.00   +35.82%
      18             302  1528      恩德                    0.00          0.00    92.53%     19.25    19.30    18.85    19.15       25.50    26.50    25.30    25.85     +6.70   +34.99%
      19              27  3443      創意                 3210.00       1105.00    92.53%   6000.00  6030.00  5705.00  5935.00     8090.00  8110.00  7860.00  8040.00  +2105.00   +35.47%
      20              49  2409      友達                    0.00          0.00    92.40%     26.95    29.45    26.70    28.70       36.00    38.55    35.65    38.55     +9.85   +34.32%
      21              16  1617      榮星                    0.00          0.00    92.30%     18.70    18.70    17.85    17.85       22.75    24.05    22.40    24.05     +6.20   +34.73%
      22              56  4956      光鋐                    0.00          0.00    92.30%     37.00    37.00    35.05    35.10       46.25    49.80    45.50    46.50    +11.40   +32.48%
      23              70  2444      兆勁                    0.00          0.00    92.27%     10.90    11.85    10.85    11.85       15.30    16.50    15.05    15.90     +4.05   +34.18%
      24              31  2241      艾姆勒                   0.00          0.00    92.25%     35.45    35.55    34.35    34.35       43.50    47.90    43.45    46.15    +11.80   +34.35%
      25              46  6456      GIS-KY                0.00          0.00    92.24%     70.00    71.40    68.70    68.80       91.50    95.70    89.50    92.00    +23.20   +33.72%
      26              35  1560      中砂                  295.00         83.00    91.99%    702.00   736.00   702.00   730.00      958.00   971.00   953.00   963.00   +233.00   +31.92%
      27             124  6715      嘉基                  158.50         73.50    91.90%    321.50   351.00   315.50   339.00      452.00   453.50   441.00   442.00   +103.00   +30.38%
      28             865  6533      晶心科                 124.00         13.50    91.87%    255.50   262.00   255.00   257.00      316.00   333.50   301.00   333.50    +76.50   +29.77%
      29              62  2069      運錩                    0.00          0.00    91.82%     21.20    21.20    20.40    20.40       26.70    27.35    26.35    26.70     +6.30   +30.88%
      30             139  8996      高力                  660.00        295.00    91.81%   1390.00  1410.00  1205.00  1240.00     1600.00  1665.00  1565.00  1605.00   +365.00   +29.44%
      31              58  6526      達發                  237.00         44.00    91.76%    642.00   658.00   633.00   644.00      830.00   855.00   819.00   840.00   +196.00   +30.43%
      32             169  3346      麗清                    0.00          0.00    91.62%     18.90    19.35    18.70    18.70       23.85    24.25    23.85    24.15     +5.45   +29.14%
      33              61  3311      閎暉                    0.00          0.00    91.59%     32.10    32.10    31.60    31.75       38.00    41.95    38.00    41.05     +9.30   +29.29%
      34             187  6405      悅城                    0.00          0.00    91.44%     40.10    40.60    39.10    39.20       50.10    50.10    50.10    50.10    +10.90   +27.81%
      35              45  8046      南電                  460.00        170.00    91.40%   1080.00  1085.00  1045.00  1050.00     1285.00  1340.00  1250.00  1340.00   +290.00   +27.62%
      36              57  6742      澤米                    0.00          0.00    91.31%     46.50    46.60    44.10    44.20       54.30    58.60    54.20    56.30    +12.10   +27.38%
      37              24  6885      全福生技                  0.00          0.00    91.30%     24.35    25.90    24.00    25.15       30.80    32.00    30.40    32.00     +6.85   +27.24%
      38              53  6902      GOGOLOOK             41.00         14.00    91.29%    124.50   126.00   122.50   126.00      162.50   163.50   156.00   159.00    +33.00   +26.19%
      39             122  3717      聯嘉投控                  0.00          0.00    91.25%     22.35    22.40    21.75    21.85       28.60    28.85    27.30    27.70     +5.85   +26.77%
      40              71  2342      茂矽                    0.00          0.00    91.21%     40.30    41.20    39.55    39.75       49.15    51.40    49.10    50.30    +10.55   +26.54%
==========================================================================================================================================================================
✅ 共 40 筆


══════════════════════════════════════════════════════════════════════════════════════════════════════════════
  🔄 第  8/15 次  2026/09/04 ～ 2026/09/29
══════════════════════════════════════════════════════════════════════════════════════════════════════════════

==========================================================================================================================================================================
📊 ROI 每日報酬率累計排名 (2026/09/04 ~ 2026/09/29)
==========================================================================================================================================================================
    實資排名          累計天數排名  代號        名稱                 累計漲停(元)       累計跌停(元)       強度%  (09/04)開盤      最高      最低      收盤    (09/29)開盤      最高      最低      收盤      賺賠    賺賠率
--------------------------------------------------------------------------------------------------------------------------------------------------------------------------
       1               5  2305      全友                    0.00          0.00   100.00%     30.40    31.80    29.05    30.85       61.70    69.10    61.10    69.10    +38.25  +123.99%
       2              15  3016      嘉晶                   62.00          0.00    95.87%    100.00   101.50    97.50   101.00      165.00   176.00   161.50   172.50    +71.50   +70.79%
       3              16  6861      睿生光電                108.00         24.00    94.57%    180.50   185.50   180.00   183.00      271.00   288.00   270.50   285.00   +102.00   +55.74%
       4              13  6168      宏齊                    0.00          0.00    94.53%     28.00    29.65    28.00    29.05       44.40    45.55    44.30    45.20    +16.15   +55.59%
       5              10  3605      宏致                   41.50          0.00    94.34%    118.50   124.50   113.50   118.00      182.00   190.50   179.00   182.50    +64.50   +54.66%
       6              27  3055      蔚華科                  67.50          0.00    94.26%    133.00   136.00   128.00   132.50      196.00   207.50   191.50   203.50    +71.00   +53.58%
       7               8  6957      裕慶-KY               103.50          0.00    94.20%    218.00   221.00   216.00   219.50      334.50   337.50   307.50   337.50   +118.00   +53.76%
       8              40  2033      佳大                    0.00          0.00    93.78%     25.15    26.65    24.45    26.05       36.80    39.95    36.50    38.50    +12.45   +47.79%
       9               2  2254      巨鎧精密-創                0.00          0.00    93.53%     62.00    62.70    61.40    62.10       89.20    92.10    89.20    91.80    +29.70   +47.83%
      10              43  2030      彰源                    0.00          0.00    93.14%     23.50    23.75    23.00    23.45       33.40    33.40    33.40    33.40     +9.95   +42.43%
      11              33  6715      嘉基                  177.50         63.50    93.09%    317.50   328.50   311.50   320.00      460.00   468.50   442.00   452.00   +132.00   +41.25%
      12              78  2444      兆勁                    0.00          0.00    92.81%     10.80    11.05    10.80    10.80       14.60    15.20    14.45    15.05     +4.25   +39.35%
      13             153  6226      光鼎                    0.00          0.00    92.69%     33.00    33.50    30.70    33.50       44.25    45.55    43.45    45.55    +12.05   +35.97%
      14              24  1560      中砂                  330.00         83.00    92.60%    728.00   731.00   683.00   695.00      960.00   977.00   955.00   956.00   +261.00   +37.55%
      15              19  3443      創意                 3220.00       1105.00    92.53%   5945.00  6000.00  5680.00  5810.00     8410.00  8415.00  7925.00  7925.00  +2115.00   +36.40%
      16              87  2468      華經                    0.00          0.00    92.48%     33.05    33.90    32.80    33.90       46.85    46.85    45.25    46.05    +12.15   +35.84%
      17             370  1528      恩德                    0.00          0.00    92.23%     18.75    19.20    18.75    19.15       24.85    25.80    24.75    25.50     +6.35   +33.16%
      18             116  7799      禾榮科                 191.00         70.00    92.13%    355.00   373.00   353.50   370.00      496.00   510.00   490.00   490.50   +120.50   +32.57%
      19              49  6426      統新                  170.50         85.00    92.12%    270.00   274.00   251.00   269.50      381.50   388.50   350.50   354.00    +84.50   +31.35%
      20              31  1709      和益                    0.00          0.00    91.89%     34.10    34.90    33.80    34.00       43.50    44.95    43.20    44.00    +10.00   +29.41%
      21              48  2409      友達                    0.00          0.00    91.89%     27.35    27.65    26.35    26.80       34.40    35.80    33.80    35.05     +8.25   +30.78%
      22              25  6902      GOGOLOOK             41.00         14.00    91.82%    123.00   125.00   122.50   125.00      173.00   175.00   162.00   162.50    +37.50   +30.00%
      23             142  3094      聯傑                    0.00          0.00    91.76%     43.20    46.50    43.15    46.50       53.00    59.70    52.70    59.70    +13.20   +28.39%
      24              79  6456      GIS-KY                0.00          0.00    91.76%     68.40    69.50    67.60    68.80       85.00    89.40    84.10    89.40    +20.60   +29.94%
      25             468  1721      國慶科技                  0.00          0.00    91.59%     20.20    20.40    19.80    20.40       24.30    26.45    24.15    26.10     +5.70   +27.94%
      26              29  3037      欣興                  341.00         77.00    91.58%    930.00   940.00   873.00   902.00     1170.00  1185.00  1130.00  1165.00   +263.00   +29.16%
      27              20  6885      全福生技                  0.00          0.00    91.55%     23.25    24.40    23.25    24.10       31.00    32.30    30.70    31.00     +6.90   +28.63%
      28              72  6526      達發                  211.00         44.00    91.52%    646.00   649.00   620.00   635.00      825.00   833.00   800.00   814.00   +179.00   +28.19%
      29              23  910861    神州-DR                 0.00          0.00    91.46%      3.68     3.69     3.60     3.67        4.65     4.71     4.62     4.71     +1.04   +28.34%
      30             212  4770      上品                   74.50         10.50    91.38%    224.50   228.00   219.00   226.50      277.00   295.00   277.00   286.50    +60.00   +26.49%
      31             133  2069      運錩                    0.00          0.00    91.30%     21.15    21.30    20.80    21.00       25.95    27.20    25.90    26.50     +5.50   +26.19%
      32             257  3031      佰鴻                    0.00          0.00    91.29%     24.40    25.10    24.00    24.75       30.35    31.65    30.30    31.25     +6.50   +26.26%
      33              52  2342      茂矽                    0.00          0.00    91.27%     40.20    40.55    38.55    39.70       47.00    53.00    46.85    50.10    +10.40   +26.20%
      34             375  3346      麗清                    0.00          0.00    91.26%     18.80    19.00    18.70    18.95       23.85    24.15    23.25    23.80     +4.85   +25.59%
      35             123  1727      中華化                  10.50          0.00    91.17%     90.00    95.20    88.20    94.70      113.00   122.00   104.00   118.50    +23.80   +25.13%
      36             129  3717      聯嘉投控                  0.00          0.00    91.13%     22.60    22.60    22.05    22.30       26.00    27.85    25.85    27.85     +5.55   +24.89%
      37             154  4956      光鋐                    0.00          0.00    91.08%     35.20    38.10    35.00    37.65       43.55    46.20    43.50    46.00     +8.35   +22.18%
      38              96  2241      艾姆勒                   0.00          0.00    91.06%     34.40    36.10    34.20    35.35       43.00    44.50    41.20    44.00     +8.65   +24.47%
      39             180  8201      無敵                    0.00          0.00    90.97%     11.65    11.80    11.55    11.80       14.60    14.60    14.20    14.60     +2.80   +23.73%
      40             389  8996      高力                  640.00        355.00    90.96%   1255.00  1300.00  1170.00  1300.00     1505.00  1625.00  1480.00  1585.00   +285.00   +21.92%
==========================================================================================================================================================================
✅ 共 40 筆


══════════════════════════════════════════════════════════════════════════════════════════════════════════════
  🔄 第  9/15 次  2026/09/03 ～ 2026/09/24
══════════════════════════════════════════════════════════════════════════════════════════════════════════════

==========================================================================================================================================================================
📊 ROI 每日報酬率累計排名 (2026/09/03 ~ 2026/09/24)
==========================================================================================================================================================================
    實資排名          累計天數排名  代號        名稱                 累計漲停(元)       累計跌停(元)       強度%  (09/03)開盤      最高      最低      收盤    (09/24)開盤      最高      最低      收盤      賺賠    賺賠率
--------------------------------------------------------------------------------------------------------------------------------------------------------------------------
       1               5  2305      全友                    0.00          0.00   100.00%     30.25    30.50    29.25    30.10       63.30    64.20    62.40    62.90    +32.80  +108.97%
       2              20  3016      嘉晶                   49.50          0.00    95.50%    100.50   103.00    98.20    98.30      147.50   160.00   147.00   160.00    +61.70   +62.77%
       3              12  6168      宏齊                    0.00          0.00    95.23%     28.05    29.65    27.50    27.60       41.50    44.00    41.10    44.00    +16.40   +59.42%
       4               7  3605      宏致                   41.50          0.00    95.19%    128.00   129.50   114.50   114.50      179.50   186.50   178.50   183.50    +69.00   +60.26%
       5              19  6861      睿生光電                108.00         24.00    94.93%    190.50   190.50   178.50   178.50      266.50   290.00   266.00   279.50   +101.00   +56.58%
       6              18  6715      嘉基                  190.00         47.00    94.39%    340.00   341.50   307.50   307.50      462.50   472.50   459.00   468.50   +161.00   +52.36%
       7              32  3055      蔚華科                  67.50          0.00    94.28%    143.00   144.50   130.50   131.00      201.50   208.00   195.50   199.00    +68.00   +51.91%
       8              22  6426      統新                  170.50         50.00    93.75%    260.50   274.00   249.00   265.50      412.00   412.00   380.00   389.00   +123.50   +46.52%
       9              16  3443      創意                 3230.00        505.00    93.67%   5895.00  6045.00  5725.00  5800.00     8300.00  8545.00  8205.00  8525.00  +2725.00   +46.98%
      10              59  2033      佳大                    0.00          0.00    93.44%     24.45    25.55    24.45    25.55       37.65    38.30    35.50    36.80    +11.25   +44.03%
      11              41  7799      禾榮科                 209.00         70.00    93.09%    366.50   366.50   352.00   352.00      523.00   525.00   480.00   498.00   +146.00   +41.48%
      12              17  6902      GOGOLOOK             41.00          0.00    93.08%    124.00   125.00   122.50   124.00      170.00   183.00   167.50   176.50    +52.50   +42.34%
      13               4  2254      巨鎧精密-創                0.00          0.00    93.04%     62.00    63.00    61.80    62.00       86.80    89.40    86.20    88.80    +26.80   +43.23%
      14              53  2468      華經                    0.00          0.00    93.01%     33.85    34.20    32.75    32.80       46.50    47.70    45.80    46.25    +13.45   +41.01%
      15              11  6957      裕慶-KY                73.00          0.00    92.83%    218.00   220.50   217.50   217.50      298.50   307.00   287.00   307.00    +89.50   +41.15%
      16             192  6226      光鼎                    0.00          0.00    92.80%     35.10    35.55    32.00    32.00       42.95    44.00    42.30    44.00    +12.00   +37.50%
      17             222  2444      兆勁                    0.00          0.00    92.45%     10.90    11.10    10.80    10.80       14.50    15.15    14.40    14.80     +4.00   +37.04%
      18             301  1528      恩德                    0.00          0.00    92.44%     19.35    19.55    18.70    18.70       25.45    26.80    25.10    25.45     +6.75   +36.10%
      19              24  1560      中砂                  330.00         84.00    92.37%    705.00   727.00   702.00   711.00      950.00   975.00   945.00   971.00   +260.00   +36.57%
      20              14  6885      全福生技                  0.00          0.00    91.98%     24.55    24.55    23.25    23.25       30.15    31.70    29.90    31.15     +7.90   +33.98%
      21               9  6834      天二科技                  0.00          9.80    91.90%     92.10    95.00    87.00    87.20      112.00   117.50   112.00   116.00    +28.80   +33.03%
      22              36  6526      達發                  211.00         18.00    91.89%    652.00   655.00   630.00   630.00      845.00   862.00   818.00   840.00   +210.00   +33.33%
      23              40  1709      和益                    0.00          0.00    91.74%     35.15    35.90    33.20    33.45       45.85    46.45    43.50    43.50    +10.05   +30.04%
      24             362  8996      高力                  700.00        355.00    91.62%   1285.00  1310.00  1185.00  1185.00     1555.00  1560.00  1480.00  1530.00   +345.00   +29.11%
      25             333  3167      大量                  400.00        174.00    91.60%    779.00   785.00   724.00   730.00      889.00   968.00   871.00   949.00   +219.00   +30.00%
      26             181  4956      光鋐                    0.00          0.00    91.53%     36.50    37.60    34.80    34.80       43.55    47.85    43.20    44.50     +9.70   +27.87%
      27             179  3094      聯傑                    0.00          0.00    91.51%     41.85    43.80    40.10    42.30       53.60    57.80    53.50    54.30    +12.00   +28.37%
      28             230  4770      上品                   84.00         10.50    91.50%    215.50   221.50   215.00   217.00      285.00   290.00   272.00   281.50    +64.50   +29.72%
      29             148  2030      彰源                    0.00          0.00    91.47%     22.60    23.40    22.60    23.40       28.10    30.40    27.90    30.40     +7.00   +29.91%
      30             153  1727      中華化                  10.50          0.00    91.42%     94.10    95.10    89.10    89.20      114.00   125.00   109.00   115.50    +26.30   +29.48%
      31             264  6933      AMAX-KY             161.50         74.50    91.40%    316.00   322.00   301.50   302.00      367.50   385.00   355.00   385.00    +83.00   +27.48%
      32              97  2409      友達                    0.00          0.00    91.39%     26.90    28.85    26.55    26.55       34.75    35.95    33.75    34.20     +7.65   +28.81%
      33              38  6672      騰輝電子-KY              80.00         10.50    91.24%    274.00   276.00   261.50   263.00      315.00   337.50   315.00   337.50    +74.50   +28.33%
      34              33  3037      欣興                  341.00         78.00    91.19%    997.00  1005.00   923.00   923.00     1155.00  1190.00  1145.00  1185.00   +262.00   +28.39%
      35             414  3026      禾伸堂                 314.00        131.00    91.16%    691.00   699.00   632.00   638.00      768.00   820.00   765.00   810.00   +172.00   +26.96%
      36             102  2241      艾姆勒                   0.00          0.00    91.07%     34.50    34.50    33.85    34.25       41.85    44.90    41.85    43.60     +9.35   +27.30%
      37             510  3346      麗清                    0.00          0.00    90.90%     19.35    19.35    18.80    18.80       23.45    23.85    23.30    23.60     +4.80   +25.53%
      38             168  3437      榮創                    0.00          0.00    90.87%     18.20    18.85    17.60    17.60       21.10    22.70    21.10    22.00     +4.40   +25.00%
      39              73  2466      冠西電                   0.00          0.00    90.86%    104.00   105.00    94.70    94.70      113.50   120.50   113.00   119.50    +24.80   +26.19%
      40              47  8150      南茂                    0.00          0.00    90.85%     91.20    93.50    88.90    89.10      106.00   114.00   105.00   112.00    +22.90   +25.70%
==========================================================================================================================================================================
✅ 共 40 筆


══════════════════════════════════════════════════════════════════════════════════════════════════════════════
  🔄 第 10/15 次  2026/09/02 ～ 2026/09/23
══════════════════════════════════════════════════════════════════════════════════════════════════════════════

==========================================================================================================================================================================
📊 ROI 每日報酬率累計排名 (2026/09/02 ~ 2026/09/23)
==========================================================================================================================================================================
    實資排名          累計天數排名  代號        名稱                 累計漲停(元)       累計跌停(元)       強度%  (09/02)開盤      最高      最低      收盤    (09/23)開盤      最高      最低      收盤      賺賠    賺賠率
--------------------------------------------------------------------------------------------------------------------------------------------------------------------------
       1               2  2305      全友                    0.00          0.00   100.00%     29.05    30.70    29.05    30.05       61.30    65.60    60.40    63.60    +33.55  +111.65%
       2              11  6426      統新                  170.50         50.00    94.24%    275.00   285.00   257.00   257.00      359.00   391.50   357.00   391.50   +134.50   +52.33%
       3              21  2033      佳大                    0.00          0.00    94.11%     23.90    24.90    23.85    24.65       39.70    40.25    36.20    37.30    +12.65   +51.32%
       4              13  6168      宏齊                    0.00          0.00    93.82%     27.95    28.40    27.50    27.65       43.50    43.50    40.20    41.20    +13.55   +49.01%
       5              30  7799      禾榮科                 209.00         37.00    93.59%    371.50   375.00   360.00   360.00      508.00   558.00   508.00   531.00   +171.00   +47.50%
       6              31  3016      嘉晶                   35.00          0.00    93.29%    103.50   104.50    99.70   100.00      145.00   145.50   141.50   145.50    +45.50   +45.50%
       7              44  6861      睿生光電                108.00         36.00    93.24%    192.00   192.50   188.00   190.50      267.00   290.00   265.00   273.00    +82.50   +43.31%
       8              37  3055      蔚華科                  67.50         11.00    93.13%    127.00   142.00   127.00   142.00      206.50   226.00   200.50   203.50    +61.50   +43.31%
       9               9  3605      宏致                   41.50         12.50    92.96%    123.50   134.00   120.00   127.00      174.50   188.50   174.50   180.00    +53.00   +41.73%
      10              23  3443      創意                 3090.00        600.00    92.91%   5955.00  6080.00  5860.00  5895.00     8325.00  8540.00  8200.00  8385.00  +2490.00   +42.24%
      11              43  1709      和益                    0.00          0.00    92.51%     34.75    35.40    33.85    35.00       47.50    50.50    45.50    48.30    +13.30   +38.00%
      12               6  2254      巨鎧精密-創                0.00          0.00    92.41%     61.60    62.50    61.40    62.00       82.30    87.10    82.10    86.60    +24.60   +39.68%
      13             121  2444      兆勁                    0.00          0.00    92.36%     10.95    11.00    10.80    10.85       14.75    15.50    14.30    14.95     +4.10   +37.79%
      14              41  6715      嘉基                  190.00         81.00    92.14%    343.00   369.00   337.50   341.50      451.00   479.50   440.50   459.50   +118.00   +34.55%
      15             157  2468      華經                    0.00          0.00    92.11%     33.45    33.80    33.35    33.60       47.25    47.25    44.80    45.45    +11.85   +35.27%
      16              19  6902      GOGOLOOK             41.00          0.00    92.08%    127.50   127.50   122.50   124.00      170.50   176.50   167.50   168.50    +44.50   +35.89%
      17              26  1560      中砂                  314.00         84.00    92.07%    739.00   739.00   702.00   704.00      955.00   992.00   947.00   955.00   +251.00   +35.65%
      18              12  6957      裕慶-KY                61.50          0.00    91.93%    220.50   222.00   218.00   218.00      300.00   305.00   295.00   295.50    +77.50   +35.55%
      19             342  1528      恩德                    0.00          0.00    91.81%     19.00    19.60    19.00    19.35       26.20    26.40    25.50    25.65     +6.30   +32.56%
      20              93  3094      聯傑                    0.00          0.00    91.79%     40.60    42.60    40.30    41.20       53.00    57.80    51.60    54.30    +13.10   +31.80%
      21              32  2409      友達                    0.00          0.00    91.56%     26.20    27.15    26.05    26.40       36.65    36.65    33.40    34.70     +8.30   +31.44%
      22              65  6526      達發                  211.00         34.00    91.28%    687.00   710.00   641.00   646.00      777.00   840.00   761.00   840.00   +194.00   +30.03%
      23             532  6226      光鼎                    0.00          0.00    91.00%     33.30    34.60    33.00    34.15       45.30    45.30    42.30    42.70     +8.55   +25.04%
      24             237  4770      上品                   84.00         10.50    90.99%    220.50   220.50   215.00   216.00      261.50   275.00   256.50   275.00    +59.00   +27.31%
      25              16  2303      聯電                   13.00          0.00    90.83%    131.50   133.00   126.00   126.00      163.00   163.00   158.00   160.00    +34.00   +26.98%
      26             103  2241      艾姆勒                   0.00          0.00    90.79%     33.95    34.50    33.95    34.50       40.80    44.00    39.40    43.65     +9.15   +26.52%
      27             628  3346      麗清                    0.00          0.00    90.48%     19.50    19.50    19.00    19.10       23.50    24.70    23.20    23.65     +4.55   +23.82%
      28             191  1727      中華化                  10.50          0.00    90.47%     94.90    96.50    93.40    94.20      105.00   116.50   103.00   116.50    +22.30   +23.67%
      29             491  8996      高力                  700.00        425.00    90.46%   1165.00  1285.00  1155.00  1265.00     1640.00  1640.00  1515.00  1540.00   +275.00   +21.74%
      30              33  6805      富世達                 900.00        410.00    90.40%   2240.00  2240.00  2110.00  2110.00     2490.00  2750.00  2475.00  2600.00   +490.00   +23.22%
      31              14  6834      天二科技                  0.00          9.80    90.40%     88.50    97.90    88.00    92.20      113.00   116.50   110.50   113.50    +21.30   +23.10%
      32            1096  3021      鴻名                    0.00          0.00    90.35%     20.10    20.35    20.05    20.10       25.35    25.55    24.45    24.50     +4.40   +21.89%
      33              28  6885      全福生技                  0.00          0.00    90.33%     23.20    24.95    23.15    24.60       30.30    31.05    29.30    30.25     +5.65   +22.97%
      34             453  4956      光鋐                    0.00          0.00    90.31%     35.50    37.50    35.50    36.20       42.35    46.40    42.10    43.55     +7.35   +20.30%
      35             433  2413      環科                    0.00          0.00    90.22%     43.05    43.40    42.90    42.95       53.00    54.20    52.10    52.20     +9.25   +21.54%
      36             212  7610      聯友金屬-創              850.00        550.00    90.18%   1595.00  1595.00  1520.00  1520.00     1905.00  1905.00  1825.00  1825.00   +305.00   +20.07%
      37             142  2030      彰源                    0.00          0.00    90.18%     22.70    22.70    22.10    22.60       27.60    29.95    26.35    27.65     +5.05   +22.35%
      38              42  2404      漢唐                  310.00         80.00    90.14%   1085.00  1085.00  1025.00  1025.00     1160.00  1250.00  1140.00  1250.00   +225.00   +21.95%
      39             125  910861    神州-DR                 0.00          0.00    90.01%      3.76     3.84     3.73     3.73        4.44     4.53     4.43     4.53     +0.80   +21.45%
      40             105  2454      聯發科                1360.00        455.00    90.00%   4450.00  4565.00  4230.00  4275.00     5220.00  5265.00  5140.00  5185.00   +910.00   +21.29%
==========================================================================================================================================================================
✅ 共 40 筆


══════════════════════════════════════════════════════════════════════════════════════════════════════════════
  🔄 第 11/15 次  2026/09/01 ～ 2026/09/22
══════════════════════════════════════════════════════════════════════════════════════════════════════════════

==========================================================================================================================================================================
📊 ROI 每日報酬率累計排名 (2026/09/01 ~ 2026/09/22)
==========================================================================================================================================================================
    實資排名          累計天數排名  代號        名稱                 累計漲停(元)       累計跌停(元)       強度%  (09/01)開盤      最高      最低      收盤    (09/22)開盤      最高      最低      收盤      賺賠    賺賠率
--------------------------------------------------------------------------------------------------------------------------------------------------------------------------
       1               3  2305      全友                    0.00          0.00   100.00%     29.70    30.30    29.25    29.55       57.50    60.00    56.80    60.00    +30.45  +103.05%
       2              14  3055      蔚華科                  80.00         11.00    94.87%    119.00   132.50   119.00   129.50      196.00   206.50   189.50   206.50    +77.00   +59.46%
       3               9  6168      宏齊                    0.00          0.00    94.50%     28.25    28.55    27.60    27.95       45.00    45.60    42.10    44.00    +16.05   +57.42%
       4              12  2033      佳大                    0.00          0.00    94.40%     24.45    25.45    23.40    23.90       35.00    37.30    34.60    37.30    +13.40   +56.07%
       5             117  8996      高力                  790.00        310.00    92.36%   1175.00  1200.00  1150.00  1175.00     1520.00  1655.00  1490.00  1655.00   +480.00   +40.85%
       6              42  2468      華經                    0.00          0.00    92.02%     33.80    33.90    33.45    33.45       47.05    47.05    45.50    46.85    +13.40   +40.06%
       7              29  3443      創意                 3080.00        700.00    91.89%   6490.00  6490.00  5925.00  5995.00     8370.00  8375.00  8370.00  8375.00  +2380.00   +39.70%
       8              93  6861      睿生光電                108.00         36.00    91.87%    186.50   198.00   186.50   193.50      247.00   270.50   242.50   267.00    +73.50   +37.98%
       9              16  2409      友達                    0.00          0.00    91.74%     26.80    27.10    26.35    26.40       34.90    36.65    34.00    36.65    +10.25   +38.83%
      10              95  1528      恩德                    0.00          0.00    91.61%     19.20    19.35    19.10    19.10       27.35    27.90    26.00    26.15     +7.05   +36.91%
      11              90  7799      禾榮科                 186.00         47.00    91.58%    370.00   371.00   365.50   370.00      522.00   534.00   503.00   508.00   +138.00   +37.30%
      12              10  3605      宏致                   41.50         12.50    91.54%    128.50   132.00   125.50   125.50      177.00   177.00   165.00   171.50    +46.00   +36.65%
      13               8  6957      裕慶-KY                61.50          0.00    91.36%    217.00   229.00   217.00   220.50      297.50   312.00   292.00   303.00    +82.50   +37.41%
      14              32  6715      嘉基                  190.00         81.00    91.34%    312.50   344.00   312.50   335.50      451.50   469.50   445.00   451.50   +116.00   +34.58%
      15              17  6902      GOGOLOOK             41.00          0.00    90.89%    127.50   128.50   126.00   127.00      167.00   170.50   161.50   169.50    +42.50   +33.46%
      16              27  6426      統新                  135.00         50.00    90.78%    260.50   272.50   257.00   270.00      378.00   379.50   350.50   356.00    +86.00   +31.85%
      17             188  6226      光鼎                    0.00          0.00    90.76%     32.80    34.00    31.00    34.00       44.95    44.95    43.50    44.20    +10.20   +30.00%
      18             300  2444      兆勁                    0.00          0.00    90.74%     11.10    11.15    10.95    11.00       14.50    15.15    13.25    14.55     +3.55   +32.27%
      19               5  2254      巨鎧精密-創                0.00          0.00    90.69%     61.60    62.50    61.30    61.50       79.10    82.10    79.10    82.10    +20.60   +33.50%
      20             126  3094      聯傑                    0.00          0.00    90.22%     40.60    41.80    40.60    41.20       56.20    56.20    52.50    52.60    +11.40   +27.67%
      21              55  1560      中砂                  314.00        124.00    90.01%    681.00   748.00   681.00   744.00      935.00   960.00   929.00   950.00   +206.00   +27.69%
      22             133  1709      和益                    0.00          0.00    89.91%     33.80    36.75    33.55    36.40       43.10    47.40    41.35    45.95     +9.55   +26.24%
      23              23  6885      全福生技                  0.00          0.00    89.87%     23.05    24.00    23.00    23.35       31.15    31.15    29.00    29.70     +6.35   +27.19%
      24              97  3016      嘉晶                   22.00          0.00    89.87%    102.00   108.00   102.00   104.00      125.00   132.50   124.50   132.50    +28.50   +27.40%
      25            1054  3021      鴻名                    0.00          0.00    89.51%     19.95    20.45    19.95    20.40       26.50    26.50    25.30    25.30     +4.90   +24.02%
      26              13  6834      天二科技                  0.00          9.80    89.38%     90.10    93.30    89.40    89.90      120.00   121.00   110.00   111.50    +21.60   +24.03%
      27              75  00715L    期街口布蘭特正2              0.00          0.00    89.24%     52.15    52.45    51.65    52.25       63.60    64.55    63.40    64.55    +12.30   +23.54%
      28             306  2413      環科                    0.00          0.00    89.19%     43.00    44.05    43.00    43.20       54.00    54.10    51.60    53.00     +9.80   +22.69%
      29             641  3346      麗清                    0.00          0.00    89.13%     19.60    19.65    19.30    19.60       24.80    26.00    23.75    24.05     +4.45   +22.70%
      30             573  2338      光罩                    0.00          0.00    88.83%     38.85    40.05    38.85    39.25       49.05    49.25    47.30    47.35     +8.10   +20.64%
      31             290  2069      運錩                    0.00          0.00    88.78%     21.20    21.40    21.00    21.15       24.25    26.30    24.15    25.60     +4.45   +21.04%
      32             172  7610      聯友金屬-創              850.00        555.00    88.72%   1525.00  1630.00  1485.00  1605.00     1945.00  1945.00  1850.00  1905.00   +300.00   +18.69%
      33              24  2303      聯電                   13.00          0.00    88.70%    127.50   136.50   127.00   132.50      161.00   168.50   160.00   160.00    +27.50   +20.75%
      34             293  3437      榮創                    0.00          0.00    88.66%     18.30    18.45    18.05    18.05       22.30    22.40    21.50    21.60     +3.55   +19.67%
      35             123  2360      致茂                  725.00        310.00    88.66%   1975.00  2055.00  1965.00  2030.00     2395.00  2540.00  2350.00  2440.00   +410.00   +20.20%
      36              94  2241      艾姆勒                   0.00          0.00    88.63%     34.60    34.65    33.30    34.05       38.00    41.05    36.85    41.05     +7.00   +20.56%
      37             137  2454      聯發科                1360.00        495.00    88.51%   4315.00  4315.00  4315.00  4315.00     5280.00  5480.00  5150.00  5180.00   +865.00   +20.05%
      38             255  2030      彰源                    0.00          0.00    88.50%     22.65    22.95    22.50    22.75       24.30    27.25    24.30    27.25     +4.50   +19.78%
      39             718  4956      光鋐                    0.00          0.00    88.43%     36.00    37.25    35.80    36.20       47.00    47.10    42.20    42.20     +6.00   +16.57%
      40             257  6706      惠特                   40.50         15.00    88.34%    123.50   131.00   123.50   127.00      165.50   168.00   148.00   149.00    +22.00   +17.32%
==========================================================================================================================================================================
✅ 共 40 筆


══════════════════════════════════════════════════════════════════════════════════════════════════════════════
  🔄 第 12/15 次  2026/08/31 ～ 2026/09/21
══════════════════════════════════════════════════════════════════════════════════════════════════════════════

==========================================================================================================================================================================
📊 ROI 每日報酬率累計排名 (2026/08/31 ~ 2026/09/21)
==========================================================================================================================================================================
    實資排名          累計天數排名  代號        名稱                 累計漲停(元)       累計跌停(元)       強度%  (08/31)開盤      最高      最低      收盤    (09/21)開盤      最高      最低      收盤      賺賠    賺賠率
--------------------------------------------------------------------------------------------------------------------------------------------------------------------------
       1               4  2305      全友                    0.00          0.00   100.00%     29.00    31.90    28.75    30.05       59.10    61.90    55.50    58.80    +28.75   +95.67%
       2              14  3055      蔚華科                  61.50         11.00    95.12%    127.50   130.00   117.50   120.50      168.00   188.00   167.00   188.00    +67.50   +56.02%
       3              23  6168      宏齊                    0.00          0.00    94.22%     28.20    28.95    28.05    28.45       41.45    42.70    41.40    42.70    +14.25   +50.09%
       4              11  6426      統新                  135.00         32.00    93.24%    260.50   270.00   254.00   261.00      375.00   376.00   354.50   374.00   +113.00   +43.30%
       5              76  6226      光鼎                    0.00          0.00    93.22%     35.25    36.60    31.50    31.60       45.30    45.45    42.90    44.50    +12.90   +40.82%
       6              22  6715      嘉基                  207.00         81.00    93.19%    353.00   353.00   318.50   318.50      433.00   475.00   433.00   451.50   +133.00   +41.76%
       7              46  7799      禾榮科                 186.00         33.00    93.01%    383.00   386.00   367.00   367.50      507.00   524.00   489.00   522.00   +154.50   +42.04%
       8              48  3094      聯傑                    0.00          0.00    92.87%     40.00    40.95    39.70    40.50       54.90    56.80    54.50    56.80    +16.30   +40.25%
       9              85  1528      恩德                    0.00          0.00    92.82%     19.65    19.75    19.15    19.30       25.55    27.05    25.35    27.05     +7.75   +40.16%
      10              86  2468      華經                    0.00          0.00    92.51%     33.60    33.85    33.40    33.60       48.40    49.45    46.55    46.55    +12.95   +38.54%
      11              12  6885      全福生技                  0.00          0.00    92.01%     22.65    23.35    22.35    23.10       31.80    33.00    30.60    31.50     +8.40   +36.36%
      12              61  1560      中砂                  339.00        124.00    91.78%    685.00   687.00   663.00   683.00      903.00   916.00   861.00   914.00   +231.00   +33.82%
      13              70  6706      惠特                   40.50          0.00    91.66%    121.00   124.50   119.00   123.00      150.00   164.00   150.00   164.00    +41.00   +33.33%
      14             102  6861      睿生光電                 87.00         36.00    91.40%    190.50   191.50   183.00   188.00      235.00   252.00   234.00   246.00    +58.00   +30.85%
      15              36  2033      佳大                    0.00          0.00    91.34%     28.00    28.20    25.95    26.00       33.05    35.25    32.00    33.95     +7.95   +30.58%
      16              15  6957      裕慶-KY                48.50          0.00    91.23%    227.00   227.00   218.00   219.50      274.50   295.00   272.50   290.00    +70.50   +32.12%
      17             506  4956      光鋐                    0.00          0.00    91.17%     36.45    37.85    36.15    36.30       42.90    46.85    42.65    46.85    +10.55   +29.06%
      18             700  3021      鴻名                    0.00          0.00    91.14%     20.25    20.25    19.65    20.25       26.85    27.50    26.05    26.25     +6.00   +29.63%
      19             132  1709      和益                    0.00          0.00    91.08%     35.85    36.25    33.35    33.45       39.20    43.10    39.05    43.10     +9.65   +28.85%
      20             323  8996      高力                  640.00        310.00    90.97%   1240.00  1240.00  1140.00  1175.00     1430.00  1520.00  1405.00  1505.00   +330.00   +28.09%
      21              63  2243      宏旭-KY                 0.00          0.00    90.92%     41.50    42.60    41.00    42.00       49.80    54.00    49.40    54.00    +12.00   +28.57%
      22               9  6834      天二科技                  0.00          9.80    90.72%     92.40    96.40    88.50    89.90      113.00   119.50   109.50   115.00    +25.10   +27.92%
      23             127  7610      聯友金屬-創              935.00        555.00    90.66%   1460.00  1535.00  1450.00  1505.00     1945.00  1965.00  1890.00  1890.00   +385.00   +25.58%
      24             125  2454      聯發科                1580.00        495.00    90.59%   3885.00  3945.00  3820.00  3925.00     4800.00  5035.00  4780.00  5010.00  +1085.00   +27.64%
      25               8  2254      巨鎧精密-創                0.00          0.00    90.51%     61.60    62.70    61.00    61.50       76.80    78.80    76.80    78.80    +17.30   +28.13%
      26             614  2444      兆勁                    0.00          0.00    90.38%     10.90    11.10    10.90    11.00       13.60    13.85    13.60    13.85     +2.85   +25.91%
      27             272  2338      光罩                    0.00          0.00    90.37%     40.15    40.15    38.50    39.05       50.00    51.20    48.50    49.05    +10.00   +25.61%
      28             188  2413      環科                    0.00          0.00    90.28%     43.80    44.40    43.05    43.20       53.20    58.40    52.60    54.00    +10.80   +25.00%
      29              54  00715L    期街口布蘭特正2              0.00          0.00    90.26%     50.35    51.70    50.35    51.70       65.10    65.10    63.90    64.85    +13.15   +25.44%
      30             436  3346      麗清                    0.00          0.00    90.22%     19.70    19.85    19.25    19.60       22.30    24.50    22.30    24.50     +4.90   +25.00%
      31              44  2409      友達                    0.00          0.00    90.17%     25.75    26.65    25.40    26.65       31.85    33.35    31.80    33.35     +6.70   +25.14%
      32             114  3443      創意                 2320.00        805.00    90.14%   5850.00  6100.00  5680.00  6100.00     7395.00  7755.00  7030.00  7615.00  +1515.00   +24.84%
      33              25  3605      宏致                   41.50         26.00    89.88%    128.50   141.00   127.50   139.00      154.00   169.00   151.00   169.00    +30.00   +21.58%
      34              38  6742      澤米                    0.00          0.00    89.79%     44.20    44.35    43.05    43.90       53.50    56.10    52.00    54.00    +10.10   +23.01%
      35             284  3437      榮創                    0.00          0.00    89.68%     18.45    18.50    18.10    18.35       22.45    24.30    22.15    22.30     +3.95   +21.53%
      36             181  2419      仲琦                    0.00          0.00    89.61%     25.15    25.45    24.90    25.10       28.15    30.65    27.80    30.65     +5.55   +22.11%
      37              29  2303      聯電                   13.00          0.00    89.57%    126.50   129.00   124.00   129.00      156.50   159.00   153.00   157.00    +28.00   +21.71%
      38              50  6902      GOGOLOOK             26.50          0.00    89.53%    127.00   129.00   125.50   127.50      155.00   155.00   155.00   155.00    +27.50   +21.57%
      39             131  2360      致茂                  730.00        310.00    89.53%   1970.00  1990.00  1905.00  1960.00     2515.00  2515.00  2315.00  2375.00   +415.00   +21.17%
      40             217  4770      上品                   59.00         10.50    89.51%    215.00   215.00   209.50   212.50      254.00   263.50   246.00   257.50    +45.00   +21.18%
==========================================================================================================================================================================
✅ 共 40 筆


══════════════════════════════════════════════════════════════════════════════════════════════════════════════
  🔄 第 13/15 次  2026/08/28 ～ 2026/09/18
══════════════════════════════════════════════════════════════════════════════════════════════════════════════

==========================================================================================================================================================================
📊 ROI 每日報酬率累計排名 (2026/08/28 ~ 2026/09/18)
==========================================================================================================================================================================
    實資排名          累計天數排名  代號        名稱                 累計漲停(元)       累計跌停(元)       強度%  (08/28)開盤      最高      最低      收盤    (09/18)開盤      最高      最低      收盤      賺賠    賺賠率
--------------------------------------------------------------------------------------------------------------------------------------------------------------------------
       1               3  2305      全友                    0.00          0.00   100.00%     29.35    29.75    28.60    29.00       57.70    59.00    53.80    58.70    +29.70  +102.41%
       2              16  6426      統新                  135.00         32.00    93.64%    260.00   273.00   256.00   263.50      381.50   385.00   365.00   373.50   +110.00   +41.75%
       3               7  6885      全福生技                  0.00          0.00    93.22%     22.85    23.50    22.15    22.65       29.80    31.60    29.05    31.60     +8.95   +39.51%
       4              81  6226      光鼎                    0.00          0.00    93.04%     33.90    34.00    33.75    34.00       44.05    48.00    42.30    45.70    +11.70   +34.41%
       5              17  00715L    期街口布蘭特正2              0.00          0.00    92.89%     48.90    49.10    48.61    48.76       67.40    67.50    66.20    66.60    +17.84   +36.59%
       6             162  2468      華經                    0.00          0.00    92.81%     34.45    34.65    33.80    33.90       41.70    45.85    41.20    45.85    +11.95   +35.25%
       7              45  3055      蔚華科                  44.50         11.00    92.68%    125.50   130.00   123.50   127.50      166.00   173.50   163.50   171.00    +43.50   +34.12%
       8              61  6168      宏齊                    0.00          0.00    92.67%     29.60    29.65    28.70    28.85       37.15    38.85    35.85    38.85    +10.00   +34.66%
       9             148  6933      AMAX-KY             166.00         79.00    92.51%    260.00   260.00   256.00   260.00      355.00   360.50   332.00   342.00    +82.00   +31.54%
      10             128  7799      禾榮科                 168.00         44.50    92.48%    389.00   389.50   376.00   379.00      513.00   524.00   488.00   504.00   +125.00   +32.98%
      11              24  2033      佳大                    0.00          0.00    92.47%     23.70    25.65    23.45    25.65       32.45    33.90    31.50    33.90     +8.25   +32.16%
      12             395  3021      鴻名                    0.00          0.00    92.35%     20.65    20.70    20.30    20.30       26.50    27.50    26.40    26.70     +6.40   +31.53%
      13              52  7610      聯友金屬-創              945.00        500.00    92.31%   1625.00  1625.00  1445.00  1495.00     1820.00  1945.00  1765.00  1945.00   +450.00   +30.10%
      14             141  1560      中砂                  321.00        136.00    91.97%    697.00   707.00   694.00   695.00      855.00   896.00   813.00   896.00   +201.00   +28.92%
      15              80  2455      全新                  202.00         77.00    91.77%    438.00   442.00   431.50   434.00      545.00   563.00   520.00   556.00   +122.00   +28.11%
      16              99  3094      聯傑                    0.00          0.00    91.67%     38.05    41.70    38.05    40.80       48.80    51.70    48.60    51.70    +10.90   +26.72%
      17             248  1528      恩德                    0.00          0.00    91.52%     19.80    19.80    19.30    19.55       24.10    24.70    23.60    24.60     +5.05   +25.83%
      18             241  2338      光罩                    0.00          0.00    91.38%     39.35    43.00    39.05    40.00       49.10    50.40    48.40    50.00    +10.00   +25.00%
      19              75  6715      嘉基                  188.50        116.00    91.31%    352.00   355.00   343.50   353.50      398.00   433.00   394.00   433.00    +79.50   +22.49%
      20               8  2254      巨鎧精密-創                0.00          0.00    91.07%     60.30    63.10    60.20    61.70       75.20    76.80    74.70    76.80    +15.10   +24.47%
      21              39  6742      澤米                    0.00          0.00    90.95%     45.30    45.70    44.30    44.55       52.70    56.30    51.20    54.70    +10.15   +22.78%
      22             202  3437      榮創                    0.00          0.00    90.89%     18.50    18.80    18.40    18.40       20.95    22.35    20.40    22.35     +3.95   +21.47%
      23             436  2413      環科                    0.00          0.00    90.83%     44.15    45.25    43.80    43.85       53.70    55.00    52.40    53.10     +9.25   +21.09%
      24              85  6505      台塑化                   0.00          0.00    90.70%     72.80    74.00    71.40    71.40       85.20    86.50    84.10    86.50    +15.10   +21.15%
      25             144  6706      惠特                   26.00          0.00    90.69%    125.00   125.50   123.00   124.00      146.00   150.00   142.50   149.50    +25.50   +20.56%
      26             171  7711      永擎                  321.00        243.00    90.66%    498.00   503.00   472.00   487.00      566.00   584.00   561.00   570.00    +83.00   +17.04%
      27             210  6224      聚鼎                    0.00          0.00    90.58%     77.00    77.70    73.90    74.50       88.80    90.00    87.00    89.20    +14.70   +19.73%
      28             398  6861      睿生光電                 70.50         36.00    90.56%    198.00   201.00   192.00   193.50      216.00   229.50   216.00   229.50    +36.00   +18.60%
      29              47  2303      聯電                   13.00          0.00    90.56%    120.50   130.00   120.00   130.00      155.00   160.50   153.50   156.00    +26.00   +20.00%
      30             185  8103      瀚荃                   22.50          0.00    90.54%    115.50   116.50   107.50   108.50      127.00   130.50   122.50   129.50    +21.00   +19.35%
      31             122  6133      金橋                    0.00          0.00    90.49%     23.40    23.60    23.00    23.00       26.05    27.70    25.50    27.45     +4.45   +19.35%
      32              69  2243      宏旭-KY                 0.00          0.00    90.45%     42.90    44.10    41.25    41.35       48.80    49.95    48.80    49.10     +7.75   +18.74%
      33              25  3605      宏致                   26.50         26.00    90.43%    121.00   131.00   118.00   131.00      149.50   154.00   142.00   154.00    +23.00   +17.56%
      34              28  2884      玉山金                   0.00          0.00    90.41%     38.50    38.80    38.10    38.75       47.30    47.30    45.00    46.40     +7.65   +19.74%
      35              11  2883      凱基金                   0.00          0.00    90.40%     32.50    32.80    32.15    32.75       40.00    40.00    38.40    39.30     +6.55   +20.00%
      36              96  6416      瑞祺電通                  0.00          0.00    90.39%    101.50   103.00   100.50   100.50      119.50   121.00   117.50   120.00    +19.50   +19.40%
      37             123  3443      創意                 1940.00        805.00    90.38%   5975.00  6245.00  5910.00  6015.00     6600.00  7150.00  6510.00  7150.00  +1135.00   +18.87%
      38              15  00642U    期元大S&P石油              0.00          0.00    90.38%     27.67    27.73    27.56    27.65       33.14    33.20    33.00    33.10     +5.45   +19.71%
      39             155  3311      閎暉                    0.00          0.00    90.32%     32.90    32.90    32.45    32.60       37.00    38.80    36.75    38.70     +6.10   +18.71%
      40             177  3229      晟鈦                    0.00          0.00    90.28%     55.50    58.00    53.50    55.40       59.50    64.40    59.30    64.40     +9.00   +16.25%
==========================================================================================================================================================================
✅ 共 40 筆


══════════════════════════════════════════════════════════════════════════════════════════════════════════════
  🔄 第 14/15 次  2026/08/27 ～ 2026/09/17
══════════════════════════════════════════════════════════════════════════════════════════════════════════════

==========================================================================================================================================================================
📊 ROI 每日報酬率累計排名 (2026/08/27 ~ 2026/09/17)
==========================================================================================================================================================================
    實資排名          累計天數排名  代號        名稱                 累計漲停(元)       累計跌停(元)       強度%  (08/27)開盤      最高      最低      收盤    (09/17)開盤      最高      最低      收盤      賺賠    賺賠率
--------------------------------------------------------------------------------------------------------------------------------------------------------------------------
       1               7  2305      全友                    0.00          0.00   100.00%     31.00    31.20    29.30    29.45       52.80    54.30    52.80    54.30    +24.85   +84.38%
       2              63  6933      AMAX-KY             189.50         79.00    95.29%    236.50   236.50   236.50   236.50      324.00   345.50   316.50   345.50   +109.00   +46.09%
       3              13  00715L    期街口布蘭特正2              0.00          0.00    95.04%     47.26    47.38    46.60    46.83       67.70    69.65    67.70    69.00    +22.17   +47.34%
       4              85  6226      光鼎                    0.00          0.00    94.81%     30.95    30.95    29.45    30.95       43.85    43.85    42.15    43.85    +12.90   +41.68%
       5              22  6426      統新                  124.50         32.00    94.06%    270.00   274.50   255.00   259.50      357.50   363.00   356.00   363.00   +103.50   +39.88%
       6              34  2033      佳大                    0.00          0.00    92.93%     22.95    23.90    22.90    23.35       27.95    30.85    27.80    30.85     +7.50   +32.12%
       7             192  7799      禾榮科                 168.00         44.50    92.62%    372.50   395.50   371.50   383.50      462.50   502.00   461.50   502.00   +118.50   +30.90%
       8              56  3055      蔚華科                  34.50         11.00    92.39%    131.00   131.50   122.00   124.50      168.00   169.50   160.50   161.00    +36.50   +29.32%
       9              15  6885      全福生技                  0.00          0.00    92.34%     25.20    25.20    22.50    22.65       27.20    29.65    27.20    29.50     +6.85   +30.24%
      10             691  3021      鴻名                    0.00          0.00    92.21%     20.40    20.85    20.35    20.55       27.35    28.05    26.25    26.30     +5.75   +27.98%
      11             148  1709      和益                    0.00          0.00    91.83%     37.35    37.70    33.80    34.15       40.80    42.95    39.10    42.95     +8.80   +25.77%
      12             207  2338      光罩                    0.00          0.00    91.53%     39.95    40.05    39.15    39.20       52.90    54.50    48.30    48.80     +9.60   +24.49%
      13              53  2303      聯電                   24.50          0.00    91.46%    123.50   123.50   117.00   118.50      144.50   149.50   142.50   147.50    +29.00   +24.47%
      14             298  1528      恩德                    0.00          0.00    91.40%     19.40    19.75    19.35    19.50       25.75    25.75    24.00    24.10     +4.60   +23.59%
      15             110  3094      聯傑                    0.00          0.00    91.35%     38.15    38.70    37.50    38.10       44.55    47.20    44.55    47.00     +8.90   +23.36%
      16              10  2254      巨鎧精密-創                0.00          0.00    91.28%     61.00    62.00    59.40    60.30       74.20    75.20    72.80    75.20    +14.90   +24.71%
      17             117  2455      全新                  180.00         77.00    91.27%    429.00   450.00   426.50   433.00      535.00   566.00   515.00   534.00   +101.00   +23.33%
      18             508  2468      華經                    0.00          0.00    91.03%     34.35    35.00    34.00    34.25       43.45    44.50    41.50    41.70     +7.45   +21.75%
      19               6  2883      凱基金                   0.00          0.00    91.01%     32.75    33.00    32.15    32.15       39.45    40.15    39.20    39.65     +7.50   +23.33%
      20             265  2413      環科                    0.00          0.00    91.01%     44.40    45.20    43.75    43.75       54.20    55.70    51.30    53.10     +9.35   +21.37%
      21              11  00642U    期元大S&P石油              0.00          0.00    91.00%     27.26    27.28    27.07    27.16       33.16    33.55    33.16    33.44     +6.28   +23.12%
      22              21  2884      玉山金                   0.00          0.00    90.95%     39.30    39.30    38.35    38.55       46.10    47.35    45.90    47.30     +8.75   +22.70%
      23              25  6957      裕慶-KY                29.00          9.50    90.82%    220.50   227.50   218.50   225.00      260.00   280.50   260.00   274.00    +49.00   +21.78%
      24               8  2892      第一金                   0.00          0.00    90.80%     33.50    33.75    33.30    33.35       40.00    40.95    39.85    40.75     +7.40   +22.19%
      25               5  2880      華南金                   0.00          0.00    90.72%     39.80    40.05    39.35    39.35       47.25    48.30    46.95    47.90     +8.55   +21.73%
      26             235  6168      宏齊                    0.00          0.00    90.51%     28.70    30.65    28.25    29.65       32.15    35.35    31.60    35.35     +5.70   +19.22%
      27              29  2801      彰銀                    0.00          0.00    90.42%     24.00    25.15    23.95    24.70       28.95    29.75    28.85    29.60     +4.90   +19.84%
      28              41  3605      宏致                   24.00         26.00    90.39%    111.50   121.50   111.50   119.50      145.00   152.50   137.50   140.00    +20.50   +17.15%
      29             204  1560      中砂                  240.00        136.00    90.39%    690.00   697.00   685.00   690.00      750.00   815.00   750.00   815.00   +125.00   +18.12%
      30             127  6505      台塑化                   0.00          0.00    90.35%     70.50    74.30    70.20    72.70       81.10    87.40    80.60    86.20    +13.50   +18.57%
      31              44  2409      友達                    0.00          0.00    90.34%     25.80    25.90    25.25    25.25       29.75    31.05    29.50    30.00     +4.75   +18.81%
      32             299  7711      永擎                  321.00        243.00    90.31%    493.00   502.00   485.00   493.00      560.00   565.00   556.00   565.00    +72.00   +14.60%
      33             513  3406      玉晶光                 493.00        362.00    90.30%    793.00   834.00   792.00   834.00     1045.00  1045.00   947.00   965.00   +131.00   +15.71%
      34             695  2434      統懋                    0.00          0.00    90.26%     52.80    52.80    51.30    51.30       61.80    62.90    59.60    60.00     +8.70   +16.96%
      35             240  6706      惠特                   26.00          0.00    90.13%    125.00   129.00   123.50   124.00      148.00   160.00   140.50   145.00    +21.00   +16.94%
      36              40  2887      台新新光金                 0.00          0.00    90.11%     37.70    38.25    37.20    37.30       44.45    44.80    43.70    44.05     +6.75   +18.10%
      37             146  6416      瑞祺電通                  0.00          0.00    90.03%    101.00   101.50    99.90   101.50      120.00   124.00   117.50   119.00    +17.50   +17.24%
      38             203  8103      瀚荃                   22.50          0.00    89.98%    115.00   117.00   110.00   114.00      120.00   132.00   119.00   132.00    +18.00   +15.79%
      39             389  2454      聯發科                1190.00        555.00    89.95%   4005.00  4005.00  3865.00  3865.00     4565.00  4700.00  4500.00  4500.00   +635.00   +16.43%
      40              20  2890      永豐金                   0.00          0.00    89.84%     39.05    39.90    39.05    39.35       45.50    46.30    44.80    45.95     +6.60   +16.77%
==========================================================================================================================================================================
✅ 共 40 筆


══════════════════════════════════════════════════════════════════════════════════════════════════════════════
  🔄 第 15/15 次  2026/08/26 ～ 2026/09/16
══════════════════════════════════════════════════════════════════════════════════════════════════════════════

==========================================================================================================================================================================
📊 ROI 每日報酬率累計排名 (2026/08/26 ~ 2026/09/16)
==========================================================================================================================================================================
    實資排名          累計天數排名  代號        名稱                 累計漲停(元)       累計跌停(元)       強度%  (08/26)開盤      最高      最低      收盤    (09/16)開盤      最高      最低      收盤      賺賠    賺賠率
--------------------------------------------------------------------------------------------------------------------------------------------------------------------------
       1              17  2305      全友                    0.00          0.00   100.00%     28.00    31.00    27.80    31.00       44.50    49.40    44.10    49.40    +18.40   +59.35%
       2               4  00715L    期街口布蘭特正2              0.00          0.00    99.15%     45.81    46.36    45.59    46.36       71.95    72.50    70.90    71.60    +25.24   +54.44%
       3              64  6933      AMAX-KY             180.00         79.00    98.43%    199.00   215.00   197.50   215.00      286.00   314.50   282.50   314.50    +99.50   +46.28%
       4              81  6226      光鼎                    0.00          0.00    97.92%     27.80    28.15    27.70    28.15       39.85    39.90    39.60    39.90    +11.75   +41.74%
       5             125  3406      玉晶光                 568.00        322.00    96.28%    690.00   759.00   690.00   759.00      950.00  1005.00   941.00  1005.00   +246.00   +32.41%
       6             265  3021      鴻名                    0.00          0.00    96.14%     20.05    20.70    19.85    20.30       25.85    27.10    25.50    27.10     +6.80   +33.50%
       7              97  1528      恩德                    0.00          0.00    95.60%     18.50    19.15    18.50    19.10       24.80    26.30    24.60    24.95     +5.85   +30.63%
       8              57  3055      蔚華科                  34.50         11.00    95.39%    118.50   127.00   115.50   127.00      161.00   167.00   158.00   164.00    +37.00   +29.13%
       9             167  2338      光罩                    0.00          0.00    95.10%     38.55    39.75    38.50    39.65       46.10    50.70    45.35    50.70    +11.05   +27.87%
      10             308  3026      禾伸堂                 363.00        200.00    95.02%    627.00   630.00   591.00   614.00      740.00   786.00   720.00   772.00   +158.00   +25.73%
      11             336  2468      華經                    0.00          0.00    94.93%     33.55    34.35    33.55    34.35       43.25    45.00    42.00    43.65     +9.30   +27.07%
      12              16  3605      宏致                   24.00         26.00    94.82%    114.50   115.00   111.00   112.00      130.00   140.00   129.00   140.00    +28.00   +25.00%
      13               3  00642U    期元大S&P石油              0.00          0.00    94.74%     26.81    26.88    26.66    26.86       34.40    34.48    34.10    34.24     +7.38   +27.48%
      14             184  7799      禾榮科                 140.50         44.50    94.56%    356.50   373.50   356.50   366.00      430.00   457.00   424.00   457.00    +91.00   +24.86%
      15              55  6426      統新                   91.50         32.00    94.29%    251.00   275.00   250.00   268.00      303.00   330.00   303.00   330.00    +62.00   +23.13%
      16              21  6924      榮惠-KY創               22.00          0.00    94.23%    112.00   112.00   109.00   110.00      128.00   135.00   128.00   135.00    +25.00   +22.73%
      17              42  2033      佳大                    0.00          0.00    94.14%     23.70    24.25    22.75    23.00       26.00    28.05    25.80    28.05     +5.05   +21.96%
      18              13  2254      巨鎧精密-創                0.00          0.00    93.89%     59.90    61.50    59.90    60.60       73.10    77.00    73.00    74.20    +13.60   +22.44%
      19             327  2413      環科                    0.00          0.00    93.81%     43.40    44.50    43.25    44.05       50.40    53.00    50.40    53.00     +8.95   +20.32%
      20             129  2455      全新                  161.00         77.00    93.73%    419.00   430.00   415.00   428.00      515.00   534.00   506.00   515.00    +87.00   +20.33%
      21               9  2883      凱基金                   0.00          0.00    93.67%     31.65    33.10    31.60    32.25       38.30    39.20    38.05    39.15     +6.90   +21.40%
      22              26  2801      彰銀                    0.00          0.00    93.60%     23.80    24.00    23.75    23.90       28.05    28.90    27.80    28.90     +5.00   +20.92%
      23             100  6706      惠特                   26.00          0.00    93.58%    123.00   126.00   121.00   123.00      143.50   149.00   140.50   147.00    +24.00   +19.51%
      24             172  6272      驊陞                    0.00          0.00    93.57%     23.25    23.75    23.25    23.30       26.45    28.90    26.45    27.75     +4.45   +19.10%
      25              33  2884      玉山金                   0.00          0.00    93.47%     38.90    39.40    38.40    38.70       45.80    46.45    45.35    46.45     +7.75   +20.03%
      26              10  2892      第一金                   0.00          0.00    93.36%     33.50    34.00    33.25    33.40       39.70    40.00    39.25    40.00     +6.60   +19.76%
      27               8  2880      華南金                   0.00          0.00    93.32%     39.60    40.10    39.25    39.60       46.95    47.70    46.50    47.35     +7.75   +19.57%
      28              38  6885      全福生技                  0.00          0.00    93.26%     22.05    22.95    21.95    22.95       26.60    27.50    26.00    27.20     +4.25   +18.52%
      29              23  6957      裕慶-KY                13.50          9.50    93.16%    221.00   222.00   217.00   218.50      246.00   260.00   246.00   258.50    +40.00   +18.31%
      30             705  2434      統懋                    0.00          0.00    93.15%     51.50    53.20    50.90    52.80       59.60    64.50    59.10    61.50     +8.70   +16.48%
      31             219  3094      聯傑                    0.00          0.00    93.14%     38.35    39.00    37.65    38.15       42.25    45.00    42.25    44.55     +6.40   +16.78%
      32              32  2887      台新新光金                 0.00          0.00    93.13%     37.10    38.00    36.95    37.50       43.60    44.75    43.05    44.40     +6.90   +18.40%
      33             109  6416      瑞祺電通                  0.00          0.00    93.04%    100.00   101.50    98.70   100.50      118.00   123.00   117.00   118.00    +17.50   +17.41%
      34              22  2887Z1    台新新光己特                0.00          0.00    92.99%     19.00    19.25    19.00    19.25       22.60    22.65    22.50    22.65     +3.40   +17.66%
      35             102  2243      宏旭-KY                 0.00          0.00    92.90%     40.25    41.85    40.10    41.40       47.95    48.25    47.60    47.85     +6.45   +15.58%
      36             506  3167      大量                  318.00        216.00    92.88%    671.00   723.00   670.00   716.00      810.00   832.00   805.00   824.00   +108.00   +15.08%
      37             390  6861      睿生光電                 50.00         22.00    92.85%    188.00   198.00   188.00   193.50      227.50   233.50   219.00   223.00    +29.50   +15.25%
      38             190  3311      閎暉                    0.00          0.00    92.81%     32.10    32.90    32.10    32.80       36.80    38.40    36.05    38.10     +5.30   +16.16%
      39             473  2492      華新科                 110.00         72.00    92.78%    263.00   270.00   259.50   269.50      304.00   307.50   295.50   307.50    +38.00   +14.10%
      40             134  2303      聯電                   24.50          0.00    92.75%    124.00   124.50   122.00   123.50      139.50   142.50   138.00   142.00    +18.50   +14.98%
==========================================================================================================================================================================
✅ 共 40 筆
